word,phonetic,pos,definition,source
abandon,əˈbændən,,vt.丢弃；放弃，抛弃,CET4_edited
ability,əˈbiliti,,n.能力；能耐，本领,CET4_edited
able,ˈeibl,,a.有能力的；出色的,CET4_edited
abnormal,æbˈnɔːməl,,a.不正常的；变态的,CET4_edited
aboard,əˈbɔːd,,ad.在船(车)上；上船,CET4_edited
about,ˈəbaut,,prep.关于；在…周围,CET4_edited
above,əˈbʌv,,prep.在…上面；高于,CET4_edited
abroad,əˈbrɔːd,,ad.(在)国外；到处,CET4_edited
absence,ˈæbsəns,,n.缺席，不在场；缺乏,CET4_edited
absent,ˈæbsənt,,a.不在场的；缺乏的,CET4_edited
absolute,ˈæbsəluːt,,a.绝对的；纯粹的,CET4_edited
absolutely,ˈæbsəluːtli,,ad.完全地；绝对地,CET4_edited
absorb,əbˈsɔːb,,vt.吸收；使专心,CET4_edited
abstract,ˈæbstrækt,,a.抽象的 n.摘要,CET4_edited
abundant,əˈbʌndənt,,a.丰富的；大量的,CET4_edited
abuse,əˈbjuːz,,vt.滥用；虐待 n.滥用,CET4_edited
academic,ˌækəˈdemik,,a.学院的；学术的,CET4_edited
academy,əˈkædəmi,,n.私立中学；专科院校,CET4_edited
accelerate,ækˈseləreit,,vt.(使)加快；促进,CET4_edited
acceleration,ækˌseləˈrei∫ən,,n.加速(度),CET4_edited
accent,ˈæksənt,,n.口音，腔调；重音,CET4_edited
accept,əkˈsept,,vt.vi.接受；同意,CET4_edited
acceptable,əkˈseptəbl,,a.可接受/合意的,CET4_edited
acceptance,əkˈseptəns,,n.接受，验收；承认,CET4_edited
access,ˈækses,,n.接近；通道，入口,CET4_edited
accessory,ækˈsesəri,,n.同谋，从犯；附件,CET4_edited
accident,ˈæksidənt,,n.意外的；事故,CET4_edited
accidental,ˌæksiˈdentl,,a.偶然的；非本质的,CET4_edited
accommodate,əˈkɔmədeit,,"vt.容纳;供应,供给",CET4_edited
accommodation,əˌkɔməˈdei∫ən,,n.招待设备；预定铺位,CET4_edited
accompany,əˈkʌmpəni,,vt.陪伴，陪同；伴随,CET4_edited
accomplish,əˈkɔmpli∫,,vt.达到(目的)；完成,CET4_edited
accord,əˈkɔːd,,vt.使一致；给予,CET4_edited
accordance,əˈkɔːdəns,,n.一致；和谐；授予,CET4_edited
accordingly,əˈkɔːdiŋli,,ad.因此，所以；照着,CET4_edited
account,əˈkaunt,,n.记述；解释；帐目,CET4_edited
accumulate,əˈkjuːmjuleit,,vt.积累 vi.堆积,CET4_edited
accuracy,ˈækjurəsi,,n.准确(性)；准确度,CET4_edited
accurate,ˈækjurit,,a.准确的，正确无误的,CET4_edited
accuse,əˈkjuːz,,vt.指责；归咎于,CET4_edited
accustom,əˈkʌstəm,,vt.使习惯,CET4_edited
accustomed,əˈkʌstəmd,,a.惯常的；习惯的,CET4_edited
ache,eik,,vi.痛；想念 n.疼痛,CET4_edited
achieve,əˈt∫iːv,,vt.完成，实现；达到,CET4_edited
achievement,əˈt∫iːvmənt,,n.完成；成就/绩,CET4_edited
acid,ˈæsid,,n.酸；酸的，酸性的,CET4_edited
acquaintance,əˈkweintəns,,n.认识;了解;熟人,CET4_edited
acquire,əˈkwaiə,,vt.取得；获得；学到,CET4_edited
acre,ˈeikə,,n.英亩(=6.07 亩),CET4_edited
across,əˈkrɔs,,prep.横过；在…对面,CET4_edited
act,ækt,,vi.行动；见效 n.行为,CET4_edited
action,ˈæk∫ən,,n.行动；作用；功能,CET4_edited
active,ˈæktiv,,a.活跃的；积极的,CET4_edited
activity,ækˈtiviti,,n.活动；活力；行动,CET4_edited
actor,ˈæktə,,n.男演员；演剧的人,CET4_edited
actress,ˈæktris,,n.女演员,CET4_edited
actual,ˈæktjuəl,,a.实际的；现行的,CET4_edited
actually,ˈækt∫uəli,,ad.实际上；竟然,CET4_edited
acute,əˈkjuːt,,a.尖的，锐的；敏锐的,CET4_edited
ad,æd,,n.广告,CET4_edited
adapt,əˈdæpt,,vt.使适应；改编,CET4_edited
add,æd,,vt.添加，附加，掺加,CET4_edited
addition,əˈdi∫ən,,n.加，加法；附加物,CET4_edited
additional,əˈdi∫ənl,,a.附加的，追加的,CET4_edited
address,əˈdres,,n.地址；演说；谈吐,CET4_edited
adequate,ˈædikwit,,a.足够的；可以胜任的,CET4_edited
adjective,ˈædʒiktiv,,n.形容词 a.形容词的,CET4_edited
adjust,əˈdʒʌst,,vt.调整，调节；校正,CET4_edited
administration,ədminisˈtrei∫ən,,n.管理；管理部门,CET4_edited
admire,ədˈmaiə,,vt.钦佩，羡慕，赞赏,CET4_edited
admission,ədˈmi∫ən,,n.允许进入；承认,CET4_edited
admit,ədˈmit,,vt.承认；准许…进入,CET4_edited
adopt,əˈdɔpt,,vt.收养；采用；采取,CET4_edited
adult,ˈædʌlt,,n.成年人 a.成年的,CET4_edited
advance,ədˈvɑːns,,vi.前进；提高 n.进展,CET4_edited
advanced,ədˈvɑːnst,,a.先进的；高级的,CET4_edited
advantage,ədˈvɑːntidʒ,,n.优点，优势；好处,CET4_edited
adventure,ədˈvent∫ə,,n.冒险；惊险活动,CET4_edited
adverb,ˈædvəːb,,n.副词,CET4_edited
advertisement,ədˈvəːtismənt,,n.广告；公告；登广告,CET4_edited
advice,ədˈvais,,n.劝告；忠告；意见,CET4_edited
advisable,ədˈvaizəbl,,n.明智的；可取的,CET4_edited
advise,ədˈvaiz,,vt.劝告；建议；通知,CET4_edited
aeroplane,ˈeərəplein,,n.飞机,CET4_edited
affair,əˈfeə,,n.事情，事件；事务,CET4_edited
affect,əˈfekt,,vt.影响；感动,CET4_edited
affection,əˈfek∫ən,,n.慈爱，爱；爱慕,CET4_edited
afford,əˈfɔːd,,vt.担负得起…；提供,CET4_edited
afraid,əˈfreid,,a.害怕的；担心的,CET4_edited
africa,ˈæfrikə,,n.非洲,CET4_edited
african,ˈæfrikən,,a.非洲的 n.非洲人,CET4_edited
after,ˈɑːftə,,prep.在…以后；次于,CET4_edited
afternoon,ˈɑːftəˈnuːn,,n.下午，午后,CET4_edited
afterward,ˈɑːftəwəd,,ad.后来，以后,CET4_edited
again,əˈgein,,ad.又一次；而且,CET4_edited
against,əˈgeinst,,prep.倚在；逆，对着,CET4_edited
age,eidʒ,,n.年龄；时代 vt.变老,CET4_edited
agency,ˈeidʒənsi,,n.经办；代理；代理处,CET4_edited
agent,ˈeidʒənt,,n.代理人，代理商,CET4_edited
aggressive,əˈgresiv,,a.侵略的；好斗的,CET4_edited
ago,əˈgəu,,ad.以前,CET4_edited
agony,ˈægəni,,n.极度痛苦,CET4_edited
agree,əˈgriː,,vi.同意；持相同意见,CET4_edited
agreement,əˈgriːmənt,,n.协定，协议；同意,CET4_edited
agriculture,ˈægrikʌlt∫ə,,n.农业，农艺；农学,CET4_edited
ahead,əˈhed,,ad.在前；向前；提前,CET4_edited
aid,eid,,n.帮助，救护；助手,CET4_edited
aim,eim,,vi.瞄准，针对；致力,CET4_edited
air,eə,,n.空气；空中；外观,CET4_edited
aircraft,ˈeəkrɑːft,,n.飞机，飞行器,CET4_edited
airline,ˈeəlain,,n.航空公司；航线,CET4_edited
airplane,ˈeəˌplein,,n.飞机,CET4_edited
airport,ˈeəpɔːt,,n.机场，航空站,CET4_edited
alarm,əˈlɑːm,,n.惊恐，忧虑；警报,CET4_edited
alcohol,ˈælkəhɔl,,n.酒精，乙醇,CET4_edited
alike,əˈlaik,,a.同样的，相同的,CET4_edited
alive,əˈlaiv,,a.活着的；活跃的,CET4_edited
all,ɔːl,,a.全部的 prep.全部,CET4_edited
allow,əˈlau,,vt.允许，准许；任,CET4_edited
alloy,ˈælɔi,,n.合金；(金属的)成色,CET4_edited
almost,ˈɔːlməust,,ad.几乎，差不多,CET4_edited
alone,əˈləun,,a.单独的 ad.单独地,CET4_edited
along,əˈlɔŋ,,prep.沿着 ad.向前,CET4_edited
aloud,əˈlaud,,ad.出声地，大声地,CET4_edited
alphabet,ˈælfəbit,,n.字母表，字母系统,CET4_edited
already,ɔːlˈredi,,ad.早已，已经,CET4_edited
also,ˈɔːlsəu,,ad.亦，也；而且，还,CET4_edited
alter,ˈɔːltə,,vt.改变，变更；改做,CET4_edited
alternative,ɔːlˈtəːnətiv,,n.替换物；取舍，抉择,CET4_edited
although,ɔːlˈðəu,,conj.尽管，虽然,CET4_edited
altitude,ˈæltitjuːd,,n.高，高度；高处,CET4_edited
altogether,ˌɔːltəˈgeðə,,ad.完全；总而言之,CET4_edited
aluminium,ˌæljuːˈminjəm,,n.铝,CET4_edited
always,ˈɔːlweiz,,ad.总是，一直；永远,CET4_edited
amaze,əˈmeiz,,vt.使惊奇，使惊愕,CET4_edited
ambition,æmˈbi∫ən,,n.雄心，抱负，野心,CET4_edited
ambulance,ˈæmbjuləns,,n.救护车；野战医院,CET4_edited
america,əˈmerikə,,n.美洲；美国,CET4_edited
american,əˈmerikən,,a.美洲的 n.美国人,CET4_edited
among,əˈmʌŋ,,prep.在…之中,CET4_edited
amongst,əˈmʌŋst,prep,在…之中(=among),CET4_edited
amount,əˈmaunt,,n.总数；数量；和,CET4_edited
ampere,ˈæmpiər,,n.安培,CET4_edited
amplify,ˈæmplifai,,vt.放大，增强；扩大,CET4_edited
amuse,əˈmjuːz,,vt.逗…乐；给…娱乐,CET4_edited
analyse,ˈænəlaiz,,vt.分析，分解，解析,CET4_edited
analysis,əˈnælisis,,n.分析，分解，解析,CET4_edited
ancestor,ˈænsistə,,n.祖宗，祖先,CET4_edited
anchor,ˈæŋkə,,n.锚 vi.抛锚，停泊,CET4_edited
ancient,ˈein∫ənt,,a.古代的，古老的,CET4_edited
and,ænd,,conj.和，又，并，则,CET4_edited
angel,ˈeindʒəl,,n.天使，神差，安琪儿,CET4_edited
anger,ˈæŋgə,,n.怒，愤怒 vt.使发怒,CET4_edited
angle,ˈæŋgl,,n.角，角度,CET4_edited
angry,ˈæŋgri,,a.愤怒的，生气的,CET4_edited
animal,ˈæniməl,,n.动物，兽 a.动物的,CET4_edited
ankle,ˈæŋkl,,n.踝，踝节部,CET4_edited
announce,əˈnauns,,vt.宣布，宣告，发表,CET4_edited
announcer,əˈnaunsə,,n.宣告者；播音员,CET4_edited
annoy,əˈnɔi,,vt.使恼怒；打搅,CET4_edited
annual,ˈænjuəl,,a.每年的 n.年报,CET4_edited
another,əˈnʌðə,,a.再一个的；别的,CET4_edited
answer,ˈɑːnsə,,vt.回答；响应；适应,CET4_edited
ant,ænt,,n.蚂蚁,CET4_edited
anticipate,ænˈtisipeit,,vt.预料，预期，期望,CET4_edited
anxiety,æŋˈzaiəti,,n.焦虑，忧虑；渴望,CET4_edited
anxious,ˈæŋk∫əs,,a.忧虑的；渴望的,CET4_edited
any,ˈeni,,a.什么，一些；任何的,CET4_edited
anybody,ˈeniˌbɔdi,,prep.任何人,CET4_edited
anyhow,ˈenihau,,ad.无论如何,CET4_edited
anyone,ˈeniwʌn,,pron.任何人,CET4_edited
anything,ˈeniθiŋ,,pron.任何事物；一切,CET4_edited
anyway,ˈeniwei,,ad.无论如何,CET4_edited
anywhere,ˈeniweə,,ad.在什么地方,CET4_edited
apart,əˈpɑːt,,ad.相隔；分开；除去,CET4_edited
apartment,əˈpɑːtmənt,,n.一套公寓房间,CET4_edited
apologize,əˈpɔlədʒaiz,,vi.道歉，谢罪，认错,CET4_edited
apology,əˈpɔlədʒi,,n.道歉，认错，谢罪,CET4_edited
apparatus,ˌæpəˈreitəs,,n.器械，仪器；器官,CET4_edited
apparent,əˈpærənt,,a.表面上的；明显的,CET4_edited
appeal,əˈpiːl,,vi.&n.呼吁；申述,CET4_edited
appear,əˈpiə,,vi.出现；来到；似乎,CET4_edited
appearance,əˈpiərəns,,n.出现，来到；外观,CET4_edited
appetite,ˈæpitait,,n.食欲，胃口；欲望,CET4_edited
apple,ˈæpl,,n.苹果，苹果树,CET4_edited
appliance,əˈplaiəns,,n.用具，器具，器械,CET4_edited
applicable,ˈæplikəbl,,a.能应用的；适当的,CET4_edited
application,ˌæpliˈkei∫ən,,n.请求，申请；施用,CET4_edited
apply,əˈplai,,vt.应用，实施，使用,CET4_edited
appoint,əˈpɔint,,vt.任命，委任；约定,CET4_edited
appointment,əˈpɔintmənt,,"n.任命;约定,约会",CET4_edited
appreciate,əˈpriː∫ieit,,vt.欣赏；领会；感谢,CET4_edited
approach,əˈprəut∫,,vt.向…靠近 n.靠近,CET4_edited
appropriate,əˈprəupriit,,a.适当的，恰当的,CET4_edited
approval,əˈpruːvəl,,n.赞成，同意；批准,CET4_edited
approve,əˈpruːv,,vt.赞成，称许；批准,CET4_edited
approximate,əˈprɔksimeit,,a.近似的 vt.近似,CET4_edited
approximately,əprɔksiˈmətli,,ad.近似地，大约,CET4_edited
april,ˈeiprəl,,n.四月,CET4_edited
arabian,əˈreibjən,,a.阿拉伯的,CET4_edited
arbitrary,ˈɑːbitrəri,,a.随心所欲的；专断的,CET4_edited
architecture,ˈɑːkitekt∫ə,,n.建筑学；建筑式样,CET4_edited
area,ˈeəriə,,n.面积；地区；领域,CET4_edited
argue,ˈɑːgjuː,,vi.争论，争辩，辩论,CET4_edited
argument,ˈɑːgjumənt,,n.争论，辩论；理由,CET4_edited
arise,əˈraiz,,vi.出现；由…引起,CET4_edited
arithmetic,əˈriθmətik,,n.算术，四则运算,CET4_edited
arm,ɑːm,,n.臂；臂状物；武器,CET4_edited
army,ˈɑːmi,,n.军队；陆军,CET4_edited
around,əˈraund,,prep.在…周围,CET4_edited
arouse,əˈrauz,,vt.引起，唤起；唤醒,CET4_edited
arrange,əˈreindʒ,,vt.筹备；整理；调解,CET4_edited
arrangement,əˈreindʒmənt,,"n.整理,排列;安排",CET4_edited
arrest,əˈrest,,vt.逮捕，拘留；阻止,CET4_edited
arrival,əˈraivəl,,n.到达；到来；到达者,CET4_edited
arrive,əˈraiv,,vi.到达；来临；达到,CET4_edited
arrow,ˈærəu,,n.箭；箭状物,CET4_edited
art,ɑːt,,n.艺术，美术；技术,CET4_edited
article,ˈɑːtikl,,n.文章；条款；物品,CET4_edited
artificial,ˌɑːtiˈfi∫əl,,a.人工的；娇揉造作的,CET4_edited
artist,ˈɑːtist,,n.艺术家，美术家,CET4_edited
artistic,ɑːˈtistik,,a.艺术的；艺术家的,CET4_edited
as,æz,,conj.当…的时候,CET4_edited
ash,æ∫,,n.灰，灰末；骨灰,CET4_edited
ashamed,əˈ∫eimd,,a.惭愧(的)；羞耻(的),CET4_edited
asia,ˈei∫ə,,n.亚洲,CET4_edited
asian,ˈei∫ən,,a.亚洲的 n.亚洲人,CET4_edited
aside,əˈsaid,,ad.在旁边，到旁边,CET4_edited
ask,ɑːsk,,vt.问；要求；邀请,CET4_edited
asleep,əˈsliːp,,a.睡着的，睡熟的,CET4_edited
aspect,ˈæspekt,,n.方面；样子，外表,CET4_edited
assemble,əˈsembl,,vt.集合，召集；装配,CET4_edited
assembly,əˈsembli,,n.集合；集会；装配,CET4_edited
assess,əˈses,,vt.对(财产等)估价,CET4_edited
assign,əˈsain,,vt.指派；分配；指定,CET4_edited
assignment,əˈsainmənt,,n.任务，指定的作业,CET4_edited
assist,əˈsist,,vt.援助，帮助；搀扶,CET4_edited
assistant,əˈsistənt,,n.助手，助理；助教,CET4_edited
associate,əˈsəu∫ieit,,vi.交往 n.伙伴，同事,CET4_edited
association,əˌsəusiˈei∫ən,,"n.协会,团体；联合",CET4_edited
assume,əˈsjuːm,,vt.假定；承担；呈现,CET4_edited
assure,əˈ∫uə,,vt.使确信；向…保证,CET4_edited
astonish,əsˈtɔni∫,,vt.使惊讶，使吃惊,CET4_edited
astronaut,ˈæstrənɔːt,,n.宇宙航行员，宇航员,CET4_edited
at,æt,,prep.在…里；在…时,CET4_edited
athlete,ˈæθliːt,,n.运动员；田径运动员,CET4_edited
atlantic,ətˈlæntik,,a.大西洋的 n.大西洋,CET4_edited
atmosphere,ˈætməsfiə,,n.大气；空气；气氛,CET4_edited
atmospheric,ˌætməsˈferik,,a.大气的;大气层的,CET4_edited
atom,ˈætəm,,n.原子；微粒；微量,CET4_edited
atomic,əˈtɔmik,,a.原子的；原子能的,CET4_edited
attach,əˈtæt∫,,vt.缚，系，贴；附加,CET4_edited
attack,əˈtæk,,vt.&vi.&n.攻击，进攻,CET4_edited
attain,əˈtein,,vt.达到，获得，完成,CET4_edited
attempt,əˈtempt,,vt.尝试，试图 n.企图,CET4_edited
attend,əˈtend,,vt.出席；照顾，护理,CET4_edited
attention,əˈten∫ən,,n.注意，留心；注意力,CET4_edited
attentive,əˈtentiv,,a.注意的；有礼貌的,CET4_edited
attitude,ˈætitjuːd,,n.态度，看法；姿势,CET4_edited
attract,əˈtrækt,,vt.吸引；引起，诱惑,CET4_edited
attraction,əˈtræk∫ən,,n.吸引；吸引力；引力,CET4_edited
attractive,əˈtræktiv,,a.有吸引力的,CET4_edited
attribute,əˈtribju(ː)t,,vt.把…归因于 n.属性,CET4_edited
audience,ˈɔːdjəns,,n.听众，观众，读者,CET4_edited
august,ˈɔːgəst,,n.八月,CET4_edited
aunt,ɑːnt,,n.伯母，婶母，姑母,CET4_edited
aural,ˈɔːrəl,,a.耳的，听觉的,CET4_edited
australia,ɔsˈtreiljə,,n.澳大利亚,CET4_edited
australian,ɔsˈtreiliən,,a.澳大利亚的,CET4_edited
author,ˈɔːθə,,n.作者，作家,CET4_edited
authority,ɔːˈθɔriti,,n.当局，官方；权力,CET4_edited
auto,ˈɔːtəu,,n.(口语)汽车,CET4_edited
automatic,ˌɔːtəˈmætik,,a.自动的；机械的,CET4_edited
automation,ɔːtəˈmei∫ən,,n.自动，自动化,CET4_edited
automobile,ˌɔːtəˈməubil,,n.汽车，机动车,CET4_edited
autumn,ˈɔːtəm,,n.秋，秋季,CET4_edited
auxiliary,ɔːgˈziljəri,,a.辅助的；附属的,CET4_edited
available,əˈveiləbl,,a.可利用的；通用的,CET4_edited
avenue,ˈævinjuː,,n.林荫道，道路；大街,CET4_edited
average,ˈævəridʒ,,n.平均数 a.平均的,CET4_edited
aviation,ˌeiviˈei∫ən,,n.航空，航空学,CET4_edited
avoid,əˈvɔid,,vt.避免，躲开；撤消,CET4_edited
await,əˈweit,,vt.等候，期待,CET4_edited
awake,əˈweik,,a.醒着的 vt.唤醒,CET4_edited
award,əˈwɔːd,,n.奖，奖品；判定,CET4_edited
aware,əˈweə,,a.知道的，意识到的,CET4_edited
away,əˈwei,,ad.离开，远离；…去,CET4_edited
awful,ˈɔːful,,a.令人不愉快的,CET4_edited
awfully,ˈɔːfuli,,ad.令人畏惧的；很,CET4_edited
awkward,ˈɔːkwəd,,a.笨拙的；尴尬的,CET4_edited
ax,æks,,n.斧子,CET4_edited
axis,ˈæksis,,n.轴，轴线；中心线,CET4_edited
baby,ˈbeibi,,n.婴儿；孩子气的人,CET4_edited
back,bæk,,ad.在后；回原处；回,CET4_edited
background,ˈbækgraund,,n.背景，后景，经历,CET4_edited
backward,ˈbækwəd,,a.向后的；倒的 ad.倒,CET4_edited
bacteria,bækˈtiəriə,,n.细菌,CET4_edited
bad,bæd,,a.坏的，恶的；严重的,CET4_edited
badly,ˈbædli,,ad.坏，差；严重地,CET4_edited
badminton,ˈbædmintən,,n.羽毛球,CET4_edited
bag,bæg,,n.袋，包，钱包，背包,CET4_edited
baggage,ˈbægidʒ,,n.行李,CET4_edited
bake,beik,,vt.烤，烘，焙；烧硬,CET4_edited
balance,ˈbæləns,,vt.使平衡；称 n.天平,CET4_edited
ball,bɔːl,,n.球，球状物；舞会,CET4_edited
balloon,bəˈluːn,,n.气球，玩具气球,CET4_edited
banana,bəˈnɑːnə,,n.香蕉；芭蕉属植物,CET4_edited
band,bænd,,n.乐队；带；波段,CET4_edited
bang,bæŋ,,n.巨响，枪声；猛击,CET4_edited
bank,bæŋk,,n.银行；库；岩，堤,CET4_edited
banner,ˈbænə,,n.旗，旗帜，横幅,CET4_edited
bar,bɑː(r),,n.酒吧间；条，杆；栅,CET4_edited
barber,ˈbɑːbə,,n.理发师,CET4_edited
bare,beə,,a.赤裸的；仅仅的,CET4_edited
bargain,ˈbɑːgin,,n.交易 vi.议价；成交,CET4_edited
bark,bɑːk,,n.吠叫声 vi.吠，叫,CET4_edited
barn,bɑːn,,n.谷仓；牲口棚,CET4_edited
barrel,ˈbærəl,,n.桶；圆筒；枪管,CET4_edited
barrier,ˈbæriə,,n.栅栏，屏障；障碍,CET4_edited
base,beis,,n.基础，底层；基地,CET4_edited
basic,ˈbeisik,,a.基本的，基础的,CET4_edited
basically,ˈbeisikəli,,ad.基本上,CET4_edited
basin,ˈbeisn,,n.盆，洗脸盆；盆地,CET4_edited
basis,ˈbeisis,,n.基础，根据,CET4_edited
basket,bɑːskit,,n.篮，篓，筐,CET4_edited
basketball,ˈbɑːskitbɔːl,,n.篮球；篮球运动,CET4_edited
bat,bæt,,n.球拍；短棍；蝙蝠,CET4_edited
bath,bɑːθ,,n.浴，洗澡；浴缸,CET4_edited
bathe,beið,,vt.给…洗澡；弄湿,CET4_edited
bathroom,ˈbɑːθruːm,,n.浴室；盥洗室,CET4_edited
battery,ˈbætəri,,n.电池；一套，一组,CET4_edited
battle,ˈbætl,,n.战役；斗争 vi.作战,CET4_edited
bay,bei,,n.湾；山脉中的凹处,CET4_edited
be,biː,,aux.v.&vi.是，在，做,CET4_edited
beach,biːt∫,,n.海滩，湖滩，河滩,CET4_edited
beam,biːm,,n.梁；横梁；束，柱,CET4_edited
bean,biːn,,n.豆，蚕豆,CET4_edited
bear,beə,,n.熊；粗鲁的人,CET4_edited
bear,beə,,vt.容忍；负担；生育,CET4_edited
beard,biəd,,n.胡须，络腮胡子,CET4_edited
beast,biːst,,n.兽，野兽；牲畜,CET4_edited
beat,biːt,,vt.&vi.打，敲；打败,CET4_edited
beautiful,ˈbjuːtəful,,a.美的，美丽的,CET4_edited
beauty,ˈbjuːti,,n.美，美丽；美人,CET4_edited
because,biˈkɔz,,conj.由于，因为,CET4_edited
become,biˈkʌm,,vi.变成；成为，变得,CET4_edited
bed,bed,,n.床，床位；圃；河床,CET4_edited
bee,biː,,n.蜂，密蜂；忙碌的人,CET4_edited
beef,biːf,,n.牛肉；菜牛,CET4_edited
beer,biə,,n.啤酒,CET4_edited
before,biˈfɔː,,prep.在…以前；向…,CET4_edited
beg,beg,,vt.&vi.乞求；请求,CET4_edited
beggar,ˈbegə,,n.乞丐，穷人,CET4_edited
begin,biˈgin,,vi.开始 vt.开始,CET4_edited
beginner,biˈginə,,n.初学者，生手,CET4_edited
beginning,biˈginiŋ,,n.开始，开端；起源,CET4_edited
behalf,biˈhɑːf,,n.利益，维护，支持,CET4_edited
behave,biˈheiv,,vi.表现，举止；运转,CET4_edited
behavior,biˈheivjə,,n.行为，举止，态度,CET4_edited
behind,biˈhaind,,prep.在…后面,CET4_edited
being,ˈbiːiŋ,,n.存在；生物；生命,CET4_edited
belief,biˈliːf,,n.信任，相信；信念,CET4_edited
believe,biˈliːv,,vt.相信；认为,CET4_edited
bell,bel,,n.钟，铃，门铃；钟声,CET4_edited
belong,biˈlɔŋ,,vi.属于，附属,CET4_edited
beloved,biˈlʌvid,,a.为…的爱的 n.爱人,CET4_edited
below,biˈləu,,prep.在…下面(以下),CET4_edited
belt,belt,,n.带，腰带；皮带；区,CET4_edited
bench,bent∫,,n.长凳，条凳；工作台,CET4_edited
bend,bend,,vt.使弯曲 vi.弯曲,CET4_edited
beneath,biˈniːθ,,prep.在…下方,CET4_edited
beneficial,beniˈfi∫əl,,a.有利的，有益的,CET4_edited
benefit,ˈbenifit,,n.利益；恩惠；津贴,CET4_edited
berry,ˈberi,,n.浆果(如草莓等),CET4_edited
beside,biˈsaid,,prep.在…旁边,CET4_edited
besides,biˈsaidz,,ad.而且 prep.除…之外,CET4_edited
best,best,,a.最好的；最大的,CET4_edited
bet,bet,,vt.&vi.&n.打赌,CET4_edited
betray,biˈtrei,,vt.背叛；辜负；泄漏,CET4_edited
better,ˈbetə,,a.较好的 ad.更好地,CET4_edited
between,biˈtwiːn,,prep.在…中间,CET4_edited
beyond,biˈjɔnd,,prep.在…的那边,CET4_edited
Bible,ˈbaibl,,n.基督教《圣经》,CET4_edited
bicycle,ˈbaisikl,,n.自行车，脚踏车,CET4_edited
big,big,,a.大的，巨大的,CET4_edited
bike,baik,,n.自行车 vi.骑自行车,CET4_edited
bill,bil,,n.账单；招贴；票据,CET4_edited
billion,ˈbiljən,,num.万亿(英),CET4_edited
bind,baind,,vt.捆绑；包扎；装钉,CET4_edited
biology,baiˈɔlədʒi,,n.生物学；生态学,CET4_edited
bird,bəːd,,n.鸟，禽,CET4_edited
birth,bəːθ,,n.分娩，出生；出身,CET4_edited
birthday,ˈbəːθdei,,n.生日，诞生的日期,CET4_edited
biscuit,ˈbiskit,,n.(英)饼干；(美)软饼,CET4_edited
bit,bit,,n.一点，一些，小片,CET4_edited
bite,bait,,vt.咬，叮，螫；剌穿,CET4_edited
bitter,ˈbitə,,a.痛苦的；严寒的,CET4_edited
bitterly,ˈbitəli,,ad.苦苦地；悲痛地,CET4_edited
black,blæk,,a.黑色的；黑暗的,CET4_edited
blackboard,ˈblækbɔːd,,n.黑板,CET4_edited
blade,bleid,,n.刀刃，刀片；叶片,CET4_edited
blame,bleim,,vt.责备，把…归咎于,CET4_edited
blank,blæŋk,,a.空白的 n.空白,CET4_edited
blanket,ˈblæŋkit,,n.毛毯，毯子，羊毛毯,CET4_edited
blast,blɑːst,,n.爆炸，冲击波 vt.炸,CET4_edited
blaze,bleiz,,n.火；闪光 vi.燃烧,CET4_edited
bleed,bliːd,,vi.出血，流血；泌脂,CET4_edited
blend,blend,,vt.&vi.&n.混和,CET4_edited
bless,bles,,vt.为…祝福,CET4_edited
blind,blaind,,a.瞎的；盲目的,CET4_edited
block,blɔk,,n.街区 vt.堵塞，拦阻,CET4_edited
blood,blʌd,,n.血，血液；血统,CET4_edited
bloom,bluːm,,n.花；开花，开花期,CET4_edited
blossom,ˈblɔsəm,,n.花，开花 vi.开花,CET4_edited
blow,bləu,,vi.吹，吹动；吹响,CET4_edited
blue,bluː,,a.蓝色的 n.蓝色,CET4_edited
board,bɔːd,,n.板 vt.上(船、车等),CET4_edited
boast,bəust,,vi.自夸 vt.吹嘘,CET4_edited
boat,bəut,,n.小船，艇；渔船,CET4_edited
body,ˈbɔdi,,n.身体；主体；尸体,CET4_edited
boil,bɔil,,vi.沸腾；汽化 vt.煮沸,CET4_edited
bold,bəuld,,a.大胆的；冒失的,CET4_edited
bolt,bəult,,n.螺栓；插销 vt.闩门,CET4_edited
bomb,bɔm,,n.炸弹 vt.轰炸,CET4_edited
bond,bɔnd,,n.联结，联系；公债,CET4_edited
bone,bəun,,n.骨，骨骼,CET4_edited
book,buk,,n.书，书籍 vt.预定,CET4_edited
boot,buːt,,n.靴子，长统靴,CET4_edited
booth,buːθ,,n.货摊；公用电话亭,CET4_edited
border,ˈbɔːdə,,n.边，边缘；边界,CET4_edited
bore,bɔː,,vt.使厌烦；钻，挖,CET4_edited
born,bɔːn,,a.天生的；出生的,CET4_edited
borrow,ˈbɔrəu,,vt.借，借用，借人,CET4_edited
bosom,ˈbuzəm,,n.胸，胸部；内心,CET4_edited
boss,bɔs,,n.老板，上司 vt.指挥,CET4_edited
both,bəuθ,,pron.两者(都),CET4_edited
bother,ˈbɔðə,,vt.烦扰，迷惑 n.麻烦,CET4_edited
bottle,ˈbɔtl,,n.瓶，酒瓶；一瓶,CET4_edited
bottom,ˈbɔtəm,,n.底，底部，根基,CET4_edited
bough,bau,,n.树枝,CET4_edited
bounce,bauns,,vi.反跳，弹起；跳起,CET4_edited
bound,baund,,a.一定的；有义务的,CET4_edited
boundary,ˈbaundəri,,n.分界线，办界,CET4_edited
bow,bau,,n.弓；蝴蝶结；鞠躬,CET4_edited
bowl,bəul,,n.碗，钵；碗状物,CET4_edited
box,bɔks,,n.箱，盒；包箱,CET4_edited
box,bɔks,,vi.拳击，打拳,CET4_edited
boy,bɔi,,n.男孩，少年；家伙,CET4_edited
brain,brein,,n.脑，脑髓；脑力,CET4_edited
brake,breik,,n.闸，刹车 vi.制动,CET4_edited
branch,brɑːnt∫,,n.树枝；分部；分科,CET4_edited
brand,brænd,,n.商品；烙印 vt.铭刻,CET4_edited
brandy,ˈbrændi,,n.白兰地酒,CET4_edited
brass,brɑːs,,n.黄铜；黄铜器,CET4_edited
brave,breiv,,a.勇敢的，华丽的,CET4_edited
bread,bred,,n.面包；食物，粮食,CET4_edited
breadth,bredθ,,n.宽度，幅度；幅面,CET4_edited
break,breik,,vt.打破；损坏；破坏,CET4_edited
breakfast,ˈbrekfəst,,n.早饭，早餐,CET4_edited
breast,brest,,n.乳房；胸脯，胸膛,CET4_edited
breath,breθ,,n.气息，呼吸；气味,CET4_edited
breathe,briːð,,vi.呼吸 vt.呼吸,CET4_edited
breed,briːd,,n.品种 vt.使繁殖,CET4_edited
breeze,briːz,,n.微风，和风,CET4_edited
brick,brik,,n.砖，砖块；砖状物,CET4_edited
bridge,bridʒ,,n.桥，桥梁；桥牌,CET4_edited
brief,briːf,,a.简短的；短暂的,CET4_edited
bright,brait,,a.明亮的；聪明的,CET4_edited
brighten,ˈbraitn,,vt.使发光；使快活,CET4_edited
brilliant,ˈbriljənt,,a.光辉的；卓越的,CET4_edited
brim,brim,,n.边，边缘；帽沿,CET4_edited
bring,briŋ,,vt.带来；引出；促使,CET4_edited
brisk,brisk,,a.活泼的；清新的,CET4_edited
bristle,ˈbrisl,,n.短而硬的毛；鬃毛,CET4_edited
Britain,ˈbritən,,n.不列颠，英国,CET4_edited
British,ˈbriti∫,,a.不列颠的，英联邦的,CET4_edited
brittle,ˈbritl,,a.脆的；易损坏的,CET4_edited
broad,brɔːd,,a.宽的，阔的；广泛的,CET4_edited
broadcast,ˈbrɔːdkɑːst,,n.广播，播音,CET4_edited
broken,ˈbrəukən,,a.被打碎的，骨折的,CET4_edited
bronze,brɔnz,,n.青铜；青铜制品,CET4_edited
brood,bruːd,,n.同窝幼鸟 vt.孵(蛋),CET4_edited
brook,bruk,,n.小河，溪流,CET4_edited
broom,bruːm,,n.扫帚,CET4_edited
brother,ˈbrʌðə,,n.兄弟；同事，同胞,CET4_edited
brow,brau,,n.额；眉，眉毛,CET4_edited
brown,braun,,n.褐色，棕色,CET4_edited
bruise,bruːz,,n.青肿，伤痕；擦伤,CET4_edited
brush,brʌ∫,,n.刷子，毛刷；画笔,CET4_edited
brute,bruːt,,n.禽兽，畜生,CET4_edited
bubble,ˈbʌbl,,n.泡 vi.冒泡，沸腾,CET4_edited
bucket,ˈbʌkit,,n.水桶；吊桶；铲斗,CET4_edited
bud,bʌd,,n.芽，萌芽；蓓蕾,CET4_edited
build,bild,,vt.建筑；建立；创立,CET4_edited
building,ˈbildiŋ,,n.建筑物，大楼；建筑,CET4_edited
bulb,bʌlb,,n.电灯泡；球状物,CET4_edited
bulk,bʌlk,,n.物体，容积，大批,CET4_edited
bull,bul,,n.公牛；雄的象,CET4_edited
bullet,ˈbulit,,n.枪弹，子弹，弹丸,CET4_edited
bunch,bʌnt∫,,n.束，球，串；一群,CET4_edited
bundle,ˈbʌndl,,n.捆，包，束；包袱,CET4_edited
burden,ˈbəːdn,,n.担子，重担；装载量,CET4_edited
bureau,bjuəˈrəu,,n.局，司，处；社，所,CET4_edited
burn,bəːn,,vi.烧，燃烧 n.烧伤,CET4_edited
burst,bəːst,,vt.使爆裂 vi.&n.爆炸,CET4_edited
bury,ˈberi,,vt.埋葬，葬；埋藏,CET4_edited
bus,bʌs,,n.公共汽车,CET4_edited
bush,bu∫,,n.灌木，灌木丛，矮树,CET4_edited
business,ˈbiznis,,n.商业，生意；事务,CET4_edited
busy,ˈbizi,,a.忙的，繁忙的,CET4_edited
but,bʌt,,conj.但是，可是,CET4_edited
butcher,ˈbut∫ə,,n.屠夫；屠杀者,CET4_edited
butter,ˈbʌtə,,n.黄油；奶油,CET4_edited
butterfly,ˈbʌtəflai,,n.蝴蝶,CET4_edited
button,ˈbʌtn,,n.扣子；按钮 vt.扣紧,CET4_edited
buy,bai,,vt.买，购买 vi.买,CET4_edited
by,bai,,prep.在…旁；被，由,CET4_edited
cabbage,ˈkæbidʒ,,n.洋白菜，卷心菜,CET4_edited
cabin,ˈkæbin,,n.小屋；船舱，机舱,CET4_edited
cabinet,ˈkæbinit,,n.橱，柜；内阁,CET4_edited
cable,ˈkeibl,,n.缆，索；电缆；电报,CET4_edited
cafe,ˈkæfei,,n.咖啡馆；小餐厅,CET4_edited
cafeteria,ˈkæfiˈtiəriə,,n.自助食堂,CET4_edited
cage,keidʒ,,n.笼；鸟笼，囚笼,CET4_edited
cake,keik,,n.饼，糕，蛋糕,CET4_edited
calculate,ˈkælkjuleit,,vt.计算；估计；计划,CET4_edited
calculation,ˌkælkjuˈlei∫ən,,n.计算，计算结果,CET4_edited
calculator,ˈkælkjuleitə,,n.计算器，计算者,CET4_edited
calendar,ˈkælində,,n.日历，历书；历法,CET4_edited
call,kɔːl,,vt.把…叫做；叫，喊,CET4_edited
calm,kɑːm,,a.静的，平静的,CET4_edited
camel,ˈkæməl,,n.骆驼,CET4_edited
camera,ˈkæmərə,,n.照相机，摄影机,CET4_edited
camp,kæmp,,n.野营，营地，兵营,CET4_edited
campaign,kæmˈpein,,n.战役；运动,CET4_edited
campus,ˈkæmpəs,,n.校园，学校场地,CET4_edited
can,kæn,,aux.v.能，会，可能,CET4_edited
can,kæn,,n.罐头，听头；容器,CET4_edited
Canada,ˈkænədə,,n.加拿大,CET4_edited
Canadian,kəˈneidjən,,a.加拿大的,CET4_edited
canal,kəˈnæl,,n.运河；沟渠；管,CET4_edited
cancel,ˈkænsəl,,vt.取消，撤消；删去,CET4_edited
cancer,ˈkænsə,,n.癌，癌症，肿瘤,CET4_edited
candidate,ˈkændidit,,n.候选人；投考者,CET4_edited
candle,ˈkændl,,n.蜡烛；烛形物；烛光,CET4_edited
candy,ˈkændi,,n.糖果；砂糖结晶,CET4_edited
cannon,ˈkænən,,n.大炮，火炮；榴弹炮,CET4_edited
canoe,kəˈnuː,,n.独木舟，皮艇，划子,CET4_edited
canteen,kænˈtiːn,,n.小卖部；临时餐室,CET4_edited
canvas,ˈkænvəs,,n.粗帆布；一块油画布,CET4_edited
cap,kæp,,n.帽子，便帽；帽状物,CET4_edited
capable,ˈkeipəbl,,a.有能力的，有才能的,CET4_edited
capacity,kəˈpæsiti,,n.容量；能力；能量,CET4_edited
capital,ˈkæpitəl,,n.资本，资金；首都,CET4_edited
captain,ˈkæptin,,n.陆军上尉；队长,CET4_edited
captive,ˈkæptiv,,n.俘虏，被监禁的人,CET4_edited
capture,ˈkæpt∫ə,,vt.捕获，俘获；夺得,CET4_edited
car,kɑː,,n.汽车，小汽车，轿车,CET4_edited
carbon,ˈkɑːbən,,n.碳,CET4_edited
card,kɑːd,,n.卡，卡片，名片,CET4_edited
care,keə,,vi.关心，介意 n.小心,CET4_edited
career,kəˈriə,,n.生涯，职业，经历,CET4_edited
careful,ˈkeəful,,a.仔细的；细致的,CET4_edited
careless,ˈkeəlis,,a.粗心的，漫不经心的,CET4_edited
cargo,ˈkɑːgəu,,n.船货，货物,CET4_edited
carpenter,ˈkɑːpintə,,n.木工，木匠,CET4_edited
carpet,ˈkɑːpit,,n.地毯，毡毯，毛毯,CET4_edited
carriage,ˈkæridʒ,,n.客车厢；四轮马车,CET4_edited
carrier,ˈkæriə,,n.运输工具；运载工具,CET4_edited
carrot,ˈkærət,,n.胡罗卜,CET4_edited
carry,ˈkæri,,vt.携带；运载；传送,CET4_edited
cart,kɑːt,,n.二轮运货马车,CET4_edited
carve,kɑːv,,vt.刻，雕刻；切开,CET4_edited
case,keis,,n.情况；事实；病例,CET4_edited
cash,kæ∫,,n.现金，现款,CET4_edited
cassette,kɑːˈset,,n.盒式录音带；盒子,CET4_edited
cast,kɑːst,,vt.投，扔，抛；浇铸,CET4_edited
castle,ˈkæsl,,n.城堡；巨大建筑物,CET4_edited
casual,ˈkæʒuəl,,a.偶然的；随便的,CET4_edited
cat,kæt,,n.猫，猫科，猫皮,CET4_edited
catalog,ˈkætəlɔg,,n.目录，目录册,CET4_edited
catch,kæt∫,,vt.捉住；赶上；领会,CET4_edited
cathedral,kəˈθiːdrəl,,n.总教堂；大教堂,CET4_edited
cattle,ˈkætl,,n.牛；牲口，家畜,CET4_edited
cause,kɔːz,,n.原因，理由；事业,CET4_edited
cave,keiv,,n.山洞，洞穴，窑洞,CET4_edited
cease,siːs,,vi.&vi.&n.停止，停息,CET4_edited
ceiling,ˈsiːliŋ,,n.天花板，顶蓬,CET4_edited
celebrate,ˈselibreit,,vt.庆祝；歌颂，赞美,CET4_edited
cell,sel,,n.细胞；小房间,CET4_edited
cellar,ˈselə,,n.地窑，地下室,CET4_edited
cement,siˈment,,n.水泥；胶泥 vt.粘结,CET4_edited
cent,sent,,n.分；分币；百,CET4_edited
centigrade,ˈsentigreid,,a.百分度的,CET4_edited
centimetre,ˈsentiˌmiːtə,,n.公分，厘米,CET4_edited
central,ˈsentr(ə)l,,a.中心的；主要的,CET4_edited
centre,ˈsentə,,n.中心；中枢 vt.集中,CET4_edited
century,ˈsent∫uri,,n.世纪，百年,CET4_edited
ceremony,ˈseriməni,,n.典礼，仪式；礼节,CET4_edited
certain,ˈsəːtən,,a.确实的；肯定的,CET4_edited
certainly,ˈsəːtənli,,ad.一定，必定；当然,CET4_edited
certainty,ˈsəːtənti,,n.必然；肯定,CET4_edited
certificate,səˈtifikit,,n.证书，证件，执照,CET4_edited
chain,t∫ein,,n.链，链条，项圈,CET4_edited
chair,t∫eə,,n.椅子；主席,CET4_edited
chairman,ˈt∫eəmən,,n.主席；议长，会长,CET4_edited
chalk,t∫ɔːk,,n.白垩；粉笔,CET4_edited
challenge,ˈt∫ælindʒ,,n.挑战；要求，需要,CET4_edited
chamber,ˈt∫eimbə,,n.会议室；房间；腔,CET4_edited
champion,ˈt∫æmpjən,,n.冠军，得胜者,CET4_edited
chance,t∫ɑːns,,n.机会，机遇；可能性,CET4_edited
change,t∫eindʒ,,n.改变，变化；零钱,CET4_edited
channel,ˈt∫ænl,,n.海峡；渠道；频道,CET4_edited
chapter,ˈt∫æptə,,n.章，回，篇,CET4_edited
character,ˈkæriktə,,n.性格；特性；角色,CET4_edited
characteristic,ˌkæriktəˈristik,,a.特有的 n.特性,CET4_edited
charge,t∫ɑːdʒ,,vt.索价；控告 n.费用,CET4_edited
charity,ˈt∫æriti,,n.施舍；慈善事业,CET4_edited
charming,ˈt∫ɑːmiŋ,,a.迷人的，可爱的,CET4_edited
chart,t∫ɑːt,,n.图，图表；海图,CET4_edited
chase,t∫eis,,n.追逐，追赶，追求,CET4_edited
cheap,t∫iːp,,a.廉价的；劣质的,CET4_edited
cheat,t∫iːt,,vt.骗取；哄 vi.行骗,CET4_edited
check,t∫ek,,vt.检查；制止 n.检查,CET4_edited
cheek,t∫iːk,,n.面颊，脸蛋,CET4_edited
cheer,t∫iə,,vt.使振作；欢呼,CET4_edited
cheerful,ˈt∫iəful,,a.快乐的，愉快的,CET4_edited
cheese,t∫iːz,,n.乳酪，干酪,CET4_edited
chemical,ˈkemikəl,,a.化学的 n.化学制品,CET4_edited
chemist,ˈkemist,,n.化学家；药剂师,CET4_edited
chemistry,ˈkemistri,,n.化学,CET4_edited
cheque,t∫ek,,n.支票,CET4_edited
cherry,ˈt∫eri,,n.樱桃；樱桃树,CET4_edited
chess,t∫es,,n.棋；国际象棋,CET4_edited
chest,t∫est,,n.胸腔，胸膛；箱子,CET4_edited
chew,t∫uː,,vt.咀嚼，嚼碎,CET4_edited
chicken,ˈt∫ikin,,n.小鸡，小鸟；鸡肉,CET4_edited
chief,t∫iːf,,a.主要的；首席的,CET4_edited
child,t∫aild,,n.小孩，儿童；儿子,CET4_edited
childhood,ˈt∫aildhud,,n.童年，幼年；早期,CET4_edited
childish,ˈt∫aildi∫,,a.孩子的；幼稚的,CET4_edited
chill,t∫il,,vt.使变冷 n.寒冷,CET4_edited
chimney,ˈt∫imni,,n.烟囱，烟筒；玻璃罩,CET4_edited
chin,t∫in,,n.颏，下巴,CET4_edited
China,ˈt∫ainə,,n.中国,CET4_edited
Chinese,ˈt∫aiˈniːz,,a.中国的 n.中国人,CET4_edited
chocolate,ˈt∫ɔkəlit,,n.巧克力；巧克力糖,CET4_edited
choice,t∫ɔis,,n.选择，抉择,CET4_edited
choke,t∫əuk,,vt.使窒息；塞满,CET4_edited
choose,t∫uːz,,vt.选择，挑选；情愿,CET4_edited
chop,t∫ɔp,,vt.砍，劈；切细 vi.砍,CET4_edited
Christian,ˈkristjən,,n.基督教徒；信徒,CET4_edited
Christmas,ˈkrisməs,,n.圣诞节,CET4_edited
church,t∫əːt∫,,n.教堂，礼拜堂；教会,CET4_edited
cigarette,sigəˈret,,n.香烟，纸烟，卷烟,CET4_edited
cinema,ˈsinimə,,n.电影院；电影，影片,CET4_edited
circle,ˈsəːkl,,n.圆，圆周；圈子,CET4_edited
circuit,ˈsəːkit,,n.电路；环行；巡行,CET4_edited
circular,ˈsəːkjulə,,a.圆的；循环的,CET4_edited
circulate,ˈsəːkjuleit,,vt.使循环 vi.循环,CET4_edited
circumference,səˈkʌmfərəns,,n.圆周，周长，圆周线,CET4_edited
circumstance,ˈsəːkəmstəns,,n.情况，条件；境遇,CET4_edited
citizen,ˈsitizn,,n.公民；市民，居民,CET4_edited
city,ˈsiti,,n.城市，都市,CET4_edited
civil,ˈsivl,,a.公民的；文职的,CET4_edited
civilization,sivəliˈzei∫ən,,n.文明，文化；开化,CET4_edited
civilize,ˈsivilaiz,,vt.使文明；教育,CET4_edited
claim,kleim,,vt.声称，主张；索取,CET4_edited
clap,klæp,,vi.拍手 vt.拍，轻拍,CET4_edited
clarify,ˈklærifai,,vt.澄清，阐明,CET4_edited
clasp,klɑːsp,,n.扣子，钩子；别针,CET4_edited
class,klɑːs,,n.班，班级；阶级,CET4_edited
classical,ˈklæsikəl,,a.古典的；经典的,CET4_edited
classification,ˌklæsifiˈkei∫ən,,n.分类/级;分类法,CET4_edited
classify,ˈklæsifai,,vt.把…分类,CET4_edited
classmate,ˈklɑːsmeit,,n.同班同学,CET4_edited
classroom,ˈklɑːsrum,,n.教室，课堂,CET4_edited
claw,klɔː,,n.爪，脚爪，螯,CET4_edited
clay,klei,,n.粘土，泥土；肉体,CET4_edited
clean,kliːn,,a.清洁的；纯洁的,CET4_edited
clear,kliə,,a.清晰的 vt.清除,CET4_edited
clearly,ˈkliəli,,ad.明白地，清晰地,CET4_edited
clerk,klərk,,n.店员；办事员，职员,CET4_edited
clever,ˈklevə,,a.聪明的；机敏的,CET4_edited
cliff,klif,,n.悬崖，峭壁,CET4_edited
climate,ˈklaimit,,n.气候；风土，地带,CET4_edited
climb,klaim,,vi.攀登，爬 vt.爬,CET4_edited
cloak,kləuk,,n.斗篷；覆盖(物),CET4_edited
clock,klɔk,,n.钟，仪表,CET4_edited
close,kləuz,,vt.关，闭；结束,CET4_edited
closely,ˈkləuzli,,ad.紧密地，接近地,CET4_edited
cloth,klɔ(ː)θ,,n.布；衣料；桌布,CET4_edited
clothe,kləuð,,vt.给…穿衣服,CET4_edited
clothes,kləuðz,,n.衣服，服装；被褥,CET4_edited
clothing,ˈkləuðiŋ,,n.衣服，被褥,CET4_edited
cloud,klaud,,n.云；云状物；阴影,CET4_edited
cloudy,ˈklaudi,,a.多云的；云一般的,CET4_edited
club,klʌb,,n.俱乐部，夜总会,CET4_edited
clue,kluː,,n.线索，暗示，提示,CET4_edited
clumsy,ˈklʌmzi,,a.笨拙的；愚笨的,CET4_edited
coach,kəut∫,,n.长途公共汽车,CET4_edited
coal,kəul,,n.煤，煤块,CET4_edited
coarse,kɔːs,,a.粗的，粗糙的,CET4_edited
coast,kəust,,n.海岸，海滨(地区),CET4_edited
coat,kəut,,n.外套，上衣；表皮,CET4_edited
cock,kɔk,,n.公鸡；雄禽；旋塞,CET4_edited
code,kəud,,n.准则；法典；代码,CET4_edited
coffee,ˈkɔfi,,n.咖啡，咖啡茶,CET4_edited
coil,kɔil,,n.(一)卷；线圈 vt.卷,CET4_edited
coin,kɔin,,n.硬币；铸造(硬币),CET4_edited
cold,kəuld,,a.冷的；冷淡的 n.冷,CET4_edited
collapse,kəˈlæps,,vi.倒坍；崩溃，瓦解,CET4_edited
collar,ˈkɔlə,,n.衣领，项圈,CET4_edited
colleague,ˈkɔliːg,,n.同事，同僚,CET4_edited
collect,kəˈlekt,,vt.收集 vi.收款,CET4_edited
collection,kəˈlek∫ən,,n.搜集，收集；收藏品,CET4_edited
collective,kəˈlektiv,,a.集体的；集合性的,CET4_edited
college,ˈkɔlidʒ,,n.学院；大学,CET4_edited
collision,kəˈliʒən,,n.碰撞；冲突,CET4_edited
colonel,ˈkəːnl,,n.陆军上校；中校,CET4_edited
colony,ˈkɔləni,,n.殖民地；侨居地,CET4_edited
color,ˈkʌlə,,n.颜色，彩色；颜料,CET4_edited
column,ˈkɔləm,,n.柱，支柱，圆柱,CET4_edited
comb,kəum,,n.梳子 vt.梳理,CET4_edited
combination,ˌkɔmbiˈnei∫ən,,"n.结合,联合;化合",CET4_edited
combine,kəmˈbain,,vt.使结合；兼有,CET4_edited
come,kʌm,,vi.来，来到；出现,CET4_edited
comfort,ˈkʌmfət,,n.舒适；安慰 vt.安慰,CET4_edited
comfortable,ˈkʌmfətəbl,,a.舒适的，安慰的,CET4_edited
command,kəˈmɑːnd,,vt.命令，指挥；控制,CET4_edited
commander,kəˈmɑːndə,,n.司令官，指挥员,CET4_edited
comment,ˈkɔment,,n.评论，意见；注释,CET4_edited
commerce,ˈkɔmə(ː)s,,n.商业，贸易；社交,CET4_edited
commercial,kəˈməː∫əl,,a.商业的；商品化的,CET4_edited
commission,kəˈmi∫ən,,n.委任状；委员会,CET4_edited
commit,kəˈmit,,vt.犯(错误);干(坏事),CET4_edited
committee,kəˈmiti,,n.委员会；全体委员,CET4_edited
common,ˈkɔmən,,a.普通的；共同的,CET4_edited
commonly,ˈkɔmənli,,ad.普通地，一般地,CET4_edited
communicate,kəˈmjuːnikeit,,vi.通讯;传达;传播,CET4_edited
communication,kəˌmjuːniˈkei∫n,,n.通讯;传达；交通,CET4_edited
communism,ˈkɔmjunizəm,,n.共产主义,CET4_edited
communist,ˈkɔmjunist,,n.共产党员,CET4_edited
community,kəˈmjuːniti,,n.社区；社会；公社,CET4_edited
companion,kəmˈpænjən,,n.同伴;共事者;伴侣,CET4_edited
company,ˈkʌmpəni,,n.公司，商号；同伴,CET4_edited
comparative,kəmˈpærətiv,,a.比较的，相对的,CET4_edited
compare,kəmˈpeə,,vt.比较，对照；比作,CET4_edited
comparison,kəmˈpærisn,,n.比较，对照；比似,CET4_edited
compass,ˈkʌmpəs,,n.罗盘，指南针；圆规,CET4_edited
compel,kəmˈpel,,vt.强迫，迫使屈服,CET4_edited
compete,kəmˈpiːt,,vi.比赛；竞争；对抗,CET4_edited
competent,ˈkɔmpitənt,,a.有能力的；应该做的,CET4_edited
competition,kɔmpiˈti∫ən,,n.竞争，比赛,CET4_edited
compile,kəmˈpail,,vt.编辑，编制，搜集,CET4_edited
complain,kəmˈplein,,vi.抱怨，拆苦；控告,CET4_edited
complaint,kəmˈpleint,,n.抱怨；怨言；控告,CET4_edited
complete,kəmˈpliːt,,a.完整的；完成的,CET4_edited
completely,kəmˈpliːtli,,ad.十分，完全地,CET4_edited
complex,ˈkɔmpleks,,a.结合的；复杂的,CET4_edited
complicate,ˈkɔmplikeit,,vt.使复杂；使陷入,CET4_edited
complicated,ˈkɔmplikeitid,,a.复杂的，难懂的,CET4_edited
component,kəmˈpəunənt,,n.组成部分；分；组件,CET4_edited
compose,kəmˈpəuz,,vt.组成，构成；创作,CET4_edited
composition,kɔmpəˈzi∫ən,,n.构成；作品；写作,CET4_edited
compound,ˈkɔmpaund,,n.化合物；复合词,CET4_edited
comprehension,ˌkɔmpriˈhen∫ən,,n.理解，理解力；领悟,CET4_edited
comprehensive,ˌkɔmpriˈhensiv,,a.广泛的；理解的,CET4_edited
compress,kəmˈpres,,vt.压紧，压缩,CET4_edited
comprise,kəmˈpraiz,,vt.包含，包括；构成,CET4_edited
compromise,ˈkɔmprəmaiz,,n.妥协，和解,CET4_edited
compute,kəmˈpjuːt,,vt.计算，估计，估算,CET4_edited
computer,kəmˈpjuːtə,,n.计算机，电脑,CET4_edited
comrade,ˈkɔmrid,,n.同志，亲密的同伴,CET4_edited
conceal,kənˈsiːl,,vt.把…隐藏起来,CET4_edited
concentrate,ˈkɔnsentreit,,vt.集中；聚集；浓缩,CET4_edited
concentration,ˌkɔnsenˈtrei∫ən,,n.集中;专注;浓缩,CET4_edited
concept,ˈkɔnsept,,n.概念，观念，设想,CET4_edited
concern,kənˈsəːn,,n.关心，挂念；关系,CET4_edited
concerning,kənˈsəːniŋ,,prep.关于,CET4_edited
concert,ˈkɔnsət,,n.音乐会，演奏会,CET4_edited
conclude,kənˈkluːd,,vt.推断出；结束,CET4_edited
conclusion,kənˈkluːʒən,,n.结论，推论；结尾,CET4_edited
concrete,ˈkɔnkriːt,,n.混凝土；具体物,CET4_edited
condemn,kənˈdem,,vt.谴责，指责；判刑,CET4_edited
condense,kənˈdens,,vt.压缩，使缩短,CET4_edited
condition,kənˈdi∫ən,,n.状况，状态；环境,CET4_edited
conduct,"ˈkɔndʌkt,-dəkt",,n.举止，行为；指导,CET4_edited
conductor,kənˈdʌktə,,n.售票员；(乐队)指挥,CET4_edited
conference,ˈkɔnfərəns,,n.会议，讨论会,CET4_edited
confess,kənˈfes,,vt.供认，承认；坦白,CET4_edited
confidence,ˈkɔnfidəns,,n.信任；信赖；信心,CET4_edited
confident,ˈkɔnfidənt,,n.确信的，自信的,CET4_edited
confine,ˈkɔnfain,,vt.限制；禁闭,CET4_edited
confirm,kənˈfəːm,,vt.证实，肯定；批准,CET4_edited
conflict,ˈkɔnflikt,,n.争论；冲突；斗争,CET4_edited
confuse,kənˈfjuːz,,vt.使混乱，混淆,CET4_edited
confusion,kənˈfjuːʒən,,n.混乱；骚乱；混淆,CET4_edited
congratulate,kənˈgrætjuleit,,"vt.祝贺,向…道喜",CET4_edited
congratulation,kənˌgrætjuˈlei∫ən,,n.祝贺(词),CET4_edited
congress,ˈkɔŋgres,,n.大会；国会，议会,CET4_edited
conjunction,kənˈdʒʌŋk∫ən,,"n.接合,连接(词)",CET4_edited
connect,kəˈnekt,,vt.连接，连结；联系,CET4_edited
connection,kəˈnek∫ən,,n.连接，联系；连贯性,CET4_edited
conquer,ˈkɔŋkə,,vt.征服，战胜；破除,CET4_edited
conquest,ˈkɔŋkwest,,n.攻取，征服；克服,CET4_edited
conscience,ˈkɔn∫əns,,n.良心，道德心,CET4_edited
conscious,ˈkɔn∫əs,,a.意识到的；有意的,CET4_edited
consciousness,ˈkɔn∫əsnis,,"n.意识,觉悟;知觉",CET4_edited
consent,kənˈsent,,n.同意，赞成 vi.同意,CET4_edited
consequence,ˈkɔnsikwəns,,n.结果，后果,CET4_edited
consequently,ˈkɔnsikwəntli,,"ad.因此/而,所以",CET4_edited
conservation,ˌkɔnsə(ː)ˈvei∫ən,,n.保存，保护；守恒,CET4_edited
conservative,kənˈsəːvətiv,,a.保守的 n.保守的人,CET4_edited
consider,kənˈsidə,,vt.认为；考虑；关心,CET4_edited
considerable,kənˈsidərəbl,,a.相当大的;重要的,CET4_edited
considerate,kənˈsidərit,,a.考虑周到的；体谅的,CET4_edited
consideration,kənsidəˈrei∫ən,,n.考虑，思考；体贴,CET4_edited
consist,kənˈsist,,vi.由…组成；在于,CET4_edited
consistent,kənˈsistənt,,a.坚持的，一贯的,CET4_edited
constant,ˈkɔnstənt,,a.经常的；永恒的,CET4_edited
constitution,ˌkɔnstiˈtjuː∫ən,,n.章程;体质;构造,CET4_edited
construct,kənˈstrʌkt,,vt.建造；建设；构筑,CET4_edited
construction,kənˈstrʌk∫ən,,n.建造;建筑(物),CET4_edited
consult,kənˈsʌlt,,vt.请教，查阅,CET4_edited
consume,kənˈsjuːm,,vt.消耗，消费；消灭,CET4_edited
consumption,kənˈsʌmp∫ən,,n.消耗量；消耗,CET4_edited
contact,ˈkɔntækt,,vt.使接触；与…联系,CET4_edited
contain,kənˈtein,,vt.包含，容纳；等于,CET4_edited
container,kənˈteinə,,n.容器；集装箱,CET4_edited
contemporary,kənˈtempərəri,,a.当代的，同时代的,CET4_edited
contempt,kənˈtempt,,n.轻蔑；藐视；受辱,CET4_edited
content,kənˈtent,,n.内容，目录；容量,CET4_edited
content,kənˈtent,,a.满意的，满足的,CET4_edited
contest,ˈkɔntest,,vt.争夺，争取；辩驳,CET4_edited
continent,ˈkɔntinənt,,n.大陆；陆地；洲,CET4_edited
continual,kənˈtinjuəl,,a.不断的；连续的,CET4_edited
continue,kənˈtinjuː,,vt.继续，连续；延伸,CET4_edited
continuous,kənˈtinjuəs,,a.连续不断的，持续的,CET4_edited
contract,ˈkɔntrækt,,n.契约，合同；婚约,CET4_edited
contradiction,ˌkɔntrəˈdik∫ən,,n.矛盾，不一致；否认,CET4_edited
contrary,ˈkɔntrəri,,a.相反的 n.相反,CET4_edited
contrast,ˈkɔntræst,,n.对比，对照，悬殊,CET4_edited
contribute,kənˈtribjuːt,,vt.捐献，捐助；投稿,CET4_edited
control,kənˈtrəul,,vt.控制，克制 n.控制,CET4_edited
convenience,kənˈviːnjəns,,"n.便利,方便；厕所",CET4_edited
convenient,kənˈviːnjənt,,a.便利的；近便的,CET4_edited
convention,kənˈven∫ən,,n.习俗，惯例；公约,CET4_edited
conventional,kənˈven∫ənl,,a.普通的；习惯的,CET4_edited
conversation,ˌkɔnvəˈsei∫ən,,"n.会话,非正式会谈",CET4_edited
conversely,ˈkɔnvəːsli,,ad.相反地,CET4_edited
conversion,kənˈvəː∫ən,,n.转变，转化；改变,CET4_edited
convert,kənˈvəːt,,vt.使转变；使改变,CET4_edited
convey,kənˈvei,,vt.传送；运送；传播,CET4_edited
convince,kənˈvins,,vt.使确信，使信服,CET4_edited
cook,kuk,,vt.烹调，煮 vt.烧菜,CET4_edited
cool,kuːl,,a.凉的，冷静的,CET4_edited
cooperate,kəuˈɔpəreit,,vi.合作，协作；配合,CET4_edited
coordinate,kəuˈɔːdinit,,vt.使协调，调节,CET4_edited
cope,kəup,,vi.对付，应付,CET4_edited
copper,ˈkɔpə,,n.铜；铜币，铜制器,CET4_edited
copy,ˈkɔpi,,n.抄件 vt.抄写，复制,CET4_edited
cord,kɔːd,,n.细绳，粗线，索,CET4_edited
cordial,ˈkɔːrdʒəl,,a.真诚的，诚恳的,CET4_edited
core,kɔː,,n.果实的心，核心,CET4_edited
corn,kɔːn,,n.谷物；(英)小麦,CET4_edited
corner,ˈkɔːnə,,n.角；犄角；边远地区,CET4_edited
corporation,ˌkɔːpəˈrei∫ən,,n.公司，企业；社团,CET4_edited
correct,kəˈrekt,,a.正确的 vt.纠正,CET4_edited
correction,kəˈrek∫ən,,n.改正，纠正，修改,CET4_edited
correspond,kɔːrəˈspɔnd,,vi.相符合；相当,CET4_edited
correspondent,ˌkɔrisˈpɔndənt,,n.通信者;通讯员,CET4_edited
corresponding,ˌkɔrisˈpɔndiŋ,,a.相应的;符合的,CET4_edited
corridor,ˈkɔridɔː,,n.走廊，回廊，通路,CET4_edited
cost,kɔst,,n.价格，代价；成本,CET4_edited
costly,ˈkɔstli,,a.昂贵的；价值高的,CET4_edited
cottage,ˈkɔtidʒ,,n.村舍，小屋,CET4_edited
cotton,ˈkɔtn,,n.棉；棉线；棉布,CET4_edited
cough,kɔːf,,vi.咳，咳嗽 n.咳嗽,CET4_edited
could,kud,,aux.v.(can 的过去式),CET4_edited
council,ˈkaunsil,,n.理事会，委员会,CET4_edited
count,kaunt,,vt.计算 vi.数，计数,CET4_edited
counter,ˈkauntə,,n.柜台；计数器,CET4_edited
country,ˈkʌntri,,n.国家，国土；农村,CET4_edited
countryside,ˈkʌntrisaid,,n.乡下，农村,CET4_edited
county,ˈkaunti,,n.英国的郡，美国的县,CET4_edited
couple,ˈkʌpl,,n.夫妇；(一)对；几个,CET4_edited
courage,ˈkʌridʒ,,n.勇气，胆量，胆识,CET4_edited
course,kɔːs,,n.课程；过程；一道菜,CET4_edited
court,kɔːt,,n.法院，法庭；庭院,CET4_edited
cousin,ˈkʌzn,,n.堂(或表)兄弟(姐妹),CET4_edited
cover,ˈkʌvə,,vt.盖，包括 n.盖子,CET4_edited
cow,kau,,n.母牛，奶牛；母兽,CET4_edited
coward,ˈkauəd,,n.懦夫；胆怯者,CET4_edited
crack,kræk,,n.裂缝，裂纹 vi.爆裂,CET4_edited
craft,krɑːft,,n.工艺；手艺，行业,CET4_edited
crane,krein,,n.起重机，摄影升降机,CET4_edited
crash,kræ∫,,vi.碰撞，坠落 n.碰撞,CET4_edited
crawl,krɔːl,,vi.爬，爬行,CET4_edited
crazy,ˈkreizi,,a.疯狂的，荒唐的,CET4_edited
cream,kriːm,,n.奶油，乳脂；奶油色,CET4_edited
create,kriˈeit,,vt.创造；引起，产生,CET4_edited
creative,kri(ː)ˈeitiv,,a.创造性的，创作的,CET4_edited
creature,ˈkriːt∫ə,,n.生物，动物，家畜,CET4_edited
credit,ˈkredit,,n.信用贷款；信用,CET4_edited
creep,kriːp,,vi.爬行；缓慢地行进,CET4_edited
crew,kruː,,n.全体船员,CET4_edited
cricket,ˈkrikit,,n.板球；蟋蟀,CET4_edited
crime,kraim,,n.罪，罪行；犯罪,CET4_edited
criminal,ˈkriminl,,n.犯人，罪犯，刑事犯,CET4_edited
cripple,ˈkripl,,n.跛子；残废的人,CET4_edited
crisis,ˈkraisis,,n.危机；存亡之际,CET4_edited
critic,ˈkritik,,n.批评家，爱挑剔的人,CET4_edited
critical,ˈkritikəl,,a.决定性的；批评的,CET4_edited
criticism,ˈkritisiz(ə)m,,n.批评；批判；评论,CET4_edited
criticize,ˈkritisaiz,,vt.批评；评论；非难,CET4_edited
crop,krɔp,,n.农作物，庄稼；一熟,CET4_edited
cross,krɔs,,vt.穿过；使交叉,CET4_edited
crow,krəu,,n.鸦，乌鸦 vi.啼,CET4_edited
crowd,kraud,,n.群；大众；一伙人,CET4_edited
crown,kraun,,n.王冠，冕；花冠,CET4_edited
crude,kruːd,,a.简陋的；天然的,CET4_edited
cruel,ˈkruəl,,a.残忍的，残酷的,CET4_edited
crush,krʌ∫,,vt.压碎，碾碎；镇压,CET4_edited
crust,krʌst,,n.面包皮；硬外皮,CET4_edited
cry,krai,,vi.哭，哭泣；叫喊,CET4_edited
crystal,ˈkristl,,n.水晶，结晶体；晶粒,CET4_edited
cube,kjuːb,,n.立方形；立方,CET4_edited
cubic,ˈkjuːbik,,a.立方形的；立方的,CET4_edited
cucumber,ˈkjuːkʌmbə,,n.黄瓜,CET4_edited
cultivate,ˈkʌltiveit,,vt.耕；种植；培养,CET4_edited
culture,ˈkʌlt∫ə,,n.文化，文明；教养,CET4_edited
cunning,ˈkʌniŋ,,a.狡猾的，狡诈的,CET4_edited
cup,kʌp,,n.杯子；(一)杯；奖杯,CET4_edited
cupboard,ˈkʌbəd,,n.碗柜，碗碟橱；食橱,CET4_edited
cure,kjuə,,vt.医治；消除 n.治愈,CET4_edited
curiosity,ˌkjuəriˈɔsiti,,n.好奇，好奇心；珍品,CET4_edited
curious,ˈkjuəriəs,,a.好奇的；稀奇古怪的,CET4_edited
curl,kəːl,,n.卷毛；螺旋 vi.卷曲,CET4_edited
current,ˈkʌrənt,,a.当前的；通用的,CET4_edited
curse,kəːs,,n.诅咒，咒骂；天谴,CET4_edited
curtain,ˈkəːtən,,n.帘，窗帘；幕(布),CET4_edited
curve,kəːv,,n.曲线；弯 vt.弄弯,CET4_edited
cushion,ˈku∫ən,,n.垫子，坐垫，靠垫,CET4_edited
custom,ˈkʌstəm,,n.习惯，风俗；海关,CET4_edited
customer,ˈkʌstəmə,,n.顾客，主顾,CET4_edited
cut,kʌt,,vt.切，割，剪；减少,CET4_edited
cycle,ˈsaikl,n,自行车，循环,CET4_edited
daily,ˈdeili,,a.每日的 n.日报,CET4_edited
dairy,ˈdeəri,,n.牛奶场；乳制品,CET4_edited
dam,dæm,,n.水坝，水堤；障碍物,CET4_edited
damage,ˈdæmidʒ,,vt.损害，毁坏 n.损害,CET4_edited
damp,dæmp,,a.潮湿的，有湿气的,CET4_edited
dance,ˈdɑːns,,vi.跳舞；摇晃 n.舞,CET4_edited
danger,ˈdeindʒə,,n.危险；危险事物,CET4_edited
dangerous,ˈdeindʒrəs,,a.危险的，不安全的,CET4_edited
dare,deə,,vt.&aux.v.敢；竟敢,CET4_edited
daring,ˈdeəriŋ,,a.大胆的，勇敢的,CET4_edited
dark,dɑːk,,a.暗的；黑色的,CET4_edited
darling,ˈdɑːliŋ,,n.亲爱的人；宠儿,CET4_edited
dash,dæ∫,,vt.使猛撞；溅 n.猛冲,CET4_edited
data,ˈdeitə,,n.数据; 资料,CET4_edited
date,deit,,n.日期 vt.注…日期,CET4_edited
daughter,ˈdɔːtə,,n.女儿,CET4_edited
dawn,dɔːn,,n.黎明；开端 vi.破晓,CET4_edited
day,dei,,n.(一)天，白昼，白天,CET4_edited
daylight,ˈdeilait,,n.白昼，日光；黎明,CET4_edited
dead,ded,,a.死的，无生命的,CET4_edited
deadly,ˈdedli,,a.致命的，死一般的,CET4_edited
deaf,def,,a.聋的；不愿听的,CET4_edited
deal,diːl,,n.买卖；待遇 vt.给予,CET4_edited
dear,diə,,a.亲爱的 int.啊,CET4_edited
death,deθ,,n.死，死亡；灭亡,CET4_edited
debate,diˈbeit,,n.&vi.争论，辩论,CET4_edited
debt,det,,n.债，债务，欠债,CET4_edited
decade,ˈdekeid,,n.十年，十年期,CET4_edited
decay,diˈkei,,vi.腐烂；衰败 n.腐烂,CET4_edited
deceit,diˈsiːt,,n.欺骗，欺诈,CET4_edited
deceive,diˈsiːv,,vt.欺骗，蒙蔽，行骗,CET4_edited
December,diˈsembə,,n.十二月,CET4_edited
decent,ˈdiːsnt,,a.正派的；体面的,CET4_edited
decide,diˈsaid,,vt.决定，决心；解决,CET4_edited
decision,diˈsiʒən,,n.决定，决心；果断,CET4_edited
deck,dek,,n.甲板；舱面；层面,CET4_edited
declare,diˈkleə,,vt.断言；声明；表明,CET4_edited
decorate,ˈdekəreit,,vt.装饰，装璜，修饰,CET4_edited
decrease,diːˈkriːs,,vi.&n.减少，减少,CET4_edited
deduce,diˈdjuːs,,vt.演绎，推论，推断,CET4_edited
deed,diːd,,n.行为；功绩；契约,CET4_edited
deep,diːp,,a.深的；纵深的,CET4_edited
deepen,ˈdiːpən,,vt.加深 vi.深化,CET4_edited
deer,diə,,n.鹿,CET4_edited
defeat,diˈfiːt,,vt.战胜，击败；挫败,CET4_edited
defect,diˈfekt,,n.缺点，缺陷，欠缺,CET4_edited
defence,diˈfens,,n.防御；防务；辩护,CET4_edited
defend,diˈfend,,vt.保卫，防守,CET4_edited
define,diˈfain,,vt.给…下定义；限定,CET4_edited
definite,ˈdefinit,,a.明确的；肯定的,CET4_edited
definitely,ˈdefinitli,,ad.一定地，明确地,CET4_edited
definition,ˌdefiˈni∫ən,,n.定义，释义；定界,CET4_edited
degree,diˈgriː,,n.程度；度；学位,CET4_edited
delay,diˈlei,,vt.推迟；耽搁；延误,CET4_edited
delete,diˈliːt,,vt.删除；擦掉,CET4_edited
delegation,ˌdeliˈgei∫ən,,n.代表团,CET4_edited
delicate,ˈdelikit,,a.纤细的；易碎的,CET4_edited
delicious,diˈli∫əs,,a.美味的，怡人的,CET4_edited
delight,diˈlait,,n.快乐 vt.使高兴,CET4_edited
deliver,diˈlivə,,vt.投递，送交；发表,CET4_edited
delivery,diˈlivəri,,n.投递；交付；分娩,CET4_edited
demand,diˈmɑːnd,,vt.要求；需要；询问,CET4_edited
democracy,diˈmɔkrəsi,,n.民主，民主制,CET4_edited
democratic,ˌdeməˈkrætik,,a.民主的，民主政体的,CET4_edited
demonstrate,ˈdemənstreit,,vt.说明;论证;表露,CET4_edited
dense,dens,,a.密集的；浓厚的,CET4_edited
density,ˈdensiti,,n.密集，稠密；密度,CET4_edited
deny,diˈnai,,vt.否定；拒绝相信,CET4_edited
depart,diˈpɑːt,,vi.离开，起程；出发,CET4_edited
department,diˈpɑːtmənt,,"n.部,司,局,处,系",CET4_edited
departure,diˈpɑːt∫ə,,n.离开，出发，起程,CET4_edited
depend,diˈpend,,vi.依靠，依赖；相信,CET4_edited
dependent,diˈpendənt,,a.依靠的，依赖的,CET4_edited
deposit,diˈpɔzit,,vt.使沉淀；存放,CET4_edited
depress,diˈpres,,vt.使沮丧；按下,CET4_edited
depth,depθ,,n.深度；深厚；深处,CET4_edited
derive,diˈraiv,,vt.取得 vi.起源,CET4_edited
descend,diˈsend,,vi.下来，下降；下倾,CET4_edited
describe,disˈkraib,,vt.形容；描写，描绘,CET4_edited
description,disˈkrip∫ən,,n.描写，形容；种类,CET4_edited
desert,diˈzəːt,,n.沙漠 vt.离弃；擅离,CET4_edited
deserve,diˈzəːv,,vt.应受，值得,CET4_edited
design,diˈzain,,vt.设计 n.设计；图样,CET4_edited
desirable,diˈzaiərəbl,,a.值得相望的；可取的,CET4_edited
desire,diˈzaiə,,vt.相望；要求 n.愿望,CET4_edited
desk,desk,,n.书桌，办公桌,CET4_edited
despair,disˈpeə,,n.绝望 vi.绝望,CET4_edited
desperate,ˈdespərit,,a.拼死的；绝望的,CET4_edited
despise,disˈpaiz,,vt.鄙视，蔑视,CET4_edited
despite,disˈpait,,prep.不管，不顾,CET4_edited
destination,ˌdestiˈnei∫ən,,"n.目的地,终点；目标",CET4_edited
destroy,disˈtrɔi,,vt.破坏；消灭；打破,CET4_edited
destruction,disˈtrʌk∫ən,,n.破坏，毁灭，消灭,CET4_edited
detail,diˈteil,,n.细节；枝节；零件,CET4_edited
detect,diˈtekt,,vt.察觉，发觉；侦察,CET4_edited
detection,diˈtek∫ən,,n.察觉，发觉；侦察,CET4_edited
determination,ditəːmiˈnei∫(ə)n,,n.决心/定;确定,CET4_edited
determine,diˈtəːmin,,vt.决定；查明；决心,CET4_edited
develop,diˈveləp,,vt.发展；形成；开发,CET4_edited
development,diˈveləpmənt,,n.发展;开发；生长,CET4_edited
device,diˈvais,,n.器械，装置；设计,CET4_edited
devil,ˈdevl,,n.魔鬼，恶魔,CET4_edited
devise,diˈvaiz,,vt.设计，发明,CET4_edited
devote,diˈvəut,,vt.将…奉献，致力于,CET4_edited
dew,djuː,,n.露，露水,CET4_edited
diagram,ˈdaiəgræm,,n.图解，图表，简图,CET4_edited
dial,ˈdaiəl,,n.钟面；拨号盘 vt.拨,CET4_edited
dialect,ˈdaiəlekt,,n.方言，土语，地方话,CET4_edited
dialog,ˈdaiəlɔg,,n.对话，对白,CET4_edited
diameter,daiˈæmitə,,n.直径,CET4_edited
diamond,ˈdaiəmənd,,n.金钢石，钻石；菱形,CET4_edited
diary,ˈdaiəri,,n.日记，日记簿,CET4_edited
dictate,dikˈteit,,vt.&vi.口授；命令,CET4_edited
dictation,dikˈtei∫ən,,n.口授笔录，听写,CET4_edited
dictionary,ˈdik∫ənəri,,n.词典，字典,CET4_edited
die,dai,,vi.死，死亡；灭亡,CET4_edited
differ,ˈdifə,,vi.不同，相异,CET4_edited
difference,ˈdifərəns,,n.差别；差；分歧,CET4_edited
different,ˈdifrənt,,a.差异的；各种的,CET4_edited
difficult,ˈdifikəlt,,a.困难的；难对付的,CET4_edited
difficulty,ˈdifikəlti,,a.困难；难事；困境,CET4_edited
dig,dig,,vt.掘，挖；采掘,CET4_edited
digest,daiˈdʒest,,vt.消化；领会 n.文摘,CET4_edited
digital,ˈdidʒitl,,a.数字的，计数的,CET4_edited
diligent,ˈdilidʒənt,,a.勤勉的，勤奋的,CET4_edited
dim,dim,,a.昏暗的；朦胧的,CET4_edited
dimension,diˈmen∫ən,,n.尺寸，尺度；面积,CET4_edited
dinner,ˈdinə,,n.正餐，主餐；宴会,CET4_edited
dip,dip,,vt.浸，蘸 vi.浸一浸,CET4_edited
direct,diˈrekt,,a.直接的；直率的,CET4_edited
direction,diˈrek∫ən,,n.方向，方位；指导,CET4_edited
directly,diˈrektli,,ad.直接地；立即,CET4_edited
director,diˈrektə,,n.指导者；理事；导演,CET4_edited
dirt,dəːt,,n.尘，土；污物，污垢,CET4_edited
dirty,ˈdəːti,,a.脏的；下流的,CET4_edited
disable,disˈeibl,,vt.使无能，使伤残,CET4_edited
disadvantage,ˌdisədˈvɑːntidʒ,,n.不利(地位),CET4_edited
disagree,ˌdisəˈgriː,,vi.有分歧；不一致,CET4_edited
disappear,ˌdisəˈpiə,,vi.不见，失踪；消失,CET4_edited
disappoint,ˌdisəˈpɔint,,vt.使失望，使受挫折,CET4_edited
disaster,diˈzɑːstə,,n.灾难，灾祸；天灾,CET4_edited
disk,disk,,n.圆盘，唱片；磁盘,CET4_edited
discard,disˈkɑːd,,vt.丢弃，抛弃，遗弃,CET4_edited
discharge,disˈt∫ɑːdʒ,,vt.释放；排出 n.释放,CET4_edited
discipline,ˈdisiplin,,n.纪律；训练 vt.训练,CET4_edited
disclose,disˈkləuz,,vt.揭开，揭发；透露,CET4_edited
discourage,disˈkʌridʒ,,vt.使泄气，使灰心,CET4_edited
discover,disˈkʌvə,,vt.发现；暴露，显示,CET4_edited
discovery,disˈkʌvəri,,n.发现；被发现的事物,CET4_edited
discuss,disˈkʌs,,vt.讨论，谈论；论述,CET4_edited
discussion,disˈkʌ∫ən,,n.讨论，谈论；论述,CET4_edited
disease,diˈziːz,,n.病，疾病；病害,CET4_edited
disguise,disˈgaiz,,vi.隐瞒，掩埋 n.假装,CET4_edited
disgust,disˈgʌst,,n.厌恶，憎恶,CET4_edited
dish,di∫,,n.碟，盘子；菜肴,CET4_edited
dishonor,disˈɔnə,,n.不光彩；丢脸的人,CET4_edited
dislike,disˈlaik,,vt.&n.不喜爱，厌恶,CET4_edited
dismiss,disˈmis,,vt.不再考虑；解雇,CET4_edited
disorder,disˈɔːdə,,n.混乱，杂乱；骚乱,CET4_edited
display,diˈsplei,,vt.陈列，展览；显示,CET4_edited
disposal,disˈpəuzəl,,n.丢掉，处理，销毁,CET4_edited
dispose,disˈpəuz,,vi.去掉，丢掉；销毁,CET4_edited
displease,disˈpliːz,,vt.使不愉快，使生气,CET4_edited
dispute,disˈpjuːt,,vi.争论，争执 n.争论,CET4_edited
dissatisfy,ˈdisˈsætisfai,,vi.使不满，使不平,CET4_edited
dissolve,diˈzɔlv,,vt.使溶解；解散,CET4_edited
distance,ˈdistəns,,n.距离，间距；远处,CET4_edited
distant,ˈdistənt,,a.在远处的，疏远的,CET4_edited
distinct,disˈtiŋkt,,a.与其他不同的,CET4_edited
distinction,disˈtiŋk∫ən,,n.差别，不同，区分,CET4_edited
distinguish,disˈtiŋgwi∫,,vt.区别，辨别，认别,CET4_edited
distress,disˈtres,,n.忧虑，悲伤；不幸,CET4_edited
distribute,disˈtribju(ː)t,,vt.分发，分送；分布,CET4_edited
distribution,ˌdistriˈbjuː∫ən,,n.分发/配；分布,CET4_edited
district,ˈdistrikt,,n.区；地区，区域,CET4_edited
disturb,disˈtəːb,,vt.打扰，扰乱；弄乱,CET4_edited
ditch,dit∫,,n.沟，沟渠，渠道,CET4_edited
dive,daiv,,vi.跳水；潜水；俯冲,CET4_edited
diverse,daiˈvəːs,,a.不一样的，相异的,CET4_edited
divide,diˈvaid,,vt.分；分配；分开,CET4_edited
division,diˈviʒən,,n.分，分配；除法,CET4_edited
divorce,diˈvɔːs,,n.离婚，离异 vi.离婚,CET4_edited
do,duː,,aux.v.,CET4_edited
do,duː,,vt.做，干，办,CET4_edited
dock,dɔk,,n.船坞；码头；船厂,CET4_edited
doctor,ˈdɔktə,,n.医生，医师；博士,CET4_edited
document,ˈdɔkjumənt,,n.公文，文件；证件,CET4_edited
dog,dɔg,,n.狗，犬，犬科动物,CET4_edited
dollar,ˈdɔlə,,n.元(货币单位),CET4_edited
domestic,dəˈmestik,,a.本国的；家庭的,CET4_edited
donkey,ˈdɔŋki,,n.驴；笨蛋,CET4_edited
door,dɔː,,n.门，通道；一家,CET4_edited
dorm,dɔːm,,n.宿舍,CET4_edited
dormitory,ˈdɔːmitri,,n.集体寝室；宿舍,CET4_edited
dose,dəus,,n.剂量，用量；一剂,CET4_edited
dot,dɔt,,n.点，圆点 vt.打点于,CET4_edited
double,ˈdʌbl,,a.两倍的；双的,CET4_edited
doubt,daut,,n.怀疑；疑虑 vt.怀疑,CET4_edited
doubtful,ˈdautful,,a.难以预测的；怀疑的,CET4_edited
doubtless,ˈdautlis,,ad.无疑地；很可能,CET4_edited
down,daun,,ad.向下，在下面,CET4_edited
downstairs,daunˈsteəz,,ad.在楼下 a.楼下的,CET4_edited
downward,ˈdaunwəd,,a.向下的 ad.向下地,CET4_edited
dozen,ˈdʌzn,,n.一打，十二个,CET4_edited
draft,drɑːft,,n.草稿；汇票 vt.起草,CET4_edited
drag,dræg,,vt.拖，拉；拖曳,CET4_edited
dragon,ˈdrægən,,n.龙；凶暴的人,CET4_edited
drain,drein,,vt.排去；放水 n.耗竭,CET4_edited
drama,ˈdrɑːmə,,n.一出戏剧，剧本,CET4_edited
dramatic,drəˈmætik,,a.引人注目的，戏剧的,CET4_edited
draw,drɔː,,vt.画，划；拖；拨出,CET4_edited
drawer,ˈdrɔːə,,n.抽屉,CET4_edited
drawing,ˈdrɔːiŋ,,n.图画，素描；绘图,CET4_edited
dread,dred,,n.畏惧；恐怖 vt.惧怕,CET4_edited
dream,driːm,,n.梦；梦想 vi.做梦,CET4_edited
dress,dres,,n.女服，童装；服装,CET4_edited
drift,drift,,vi.漂流，漂泊 n.漂流,CET4_edited
drill,dril,,n.钻头；操练 vi.钻孔,CET4_edited
drink,driŋk,,vt.饮 vi.喝 n.饮料,CET4_edited
drip,drip,,vi.滴下；漏水 n.水滴,CET4_edited
drive,draiv,,vt.驾驶；打入；驱,CET4_edited
driver,ˈdraivə,,n.驾驶员，司机,CET4_edited
drop,drɔp,,vt.使落下；降低,CET4_edited
drought,draut,,n.旱灾，干旱,CET4_edited
drown,draun,,vi.淹死，溺死,CET4_edited
drug,drʌg,,n.药，药物，药材,CET4_edited
drum,drʌm,,n.鼓；鼓状物，圆桶,CET4_edited
drunk,drʌŋk,,a.醉的；陶醉的,CET4_edited
dry,drai,,a.干的，干燥的,CET4_edited
duck,dʌk,,n.鸭，雌鸭；鸭肉,CET4_edited
due,djuː,,a.预期的；应给的,CET4_edited
dull,dʌl,,a.枯燥的；不鲜明的,CET4_edited
dumb,dʌm,,a.哑的；无言的,CET4_edited
dump,dʌmp,,vt.倾卸，倾倒；倾销,CET4_edited
durable,ˈdjuərəbl,,a.耐久的，耐用的,CET4_edited
duration,djuəˈrei∫ən,,n.持续，持久,CET4_edited
during,ˈdjuəriŋ,,prep.在…期间,CET4_edited
dusk,dʌsk,,n.薄暮，黄昏，幽暗,CET4_edited
dust,dʌst,,n.尘土，灰尘,CET4_edited
duty,ˈdjuːti,,n.职责；责任；税,CET4_edited
dwelling,ˈdweliŋ,,n.住处，寓所,CET4_edited
dye,dai,,vt.染 n.染料；染色,CET4_edited
dying,ˈdaiiŋ,,a.垂死的；临终的,CET4_edited
dynamic,daiˈnæmik,,a.有活力的；动力的,CET4_edited
each,iːt∫,,pron.各，各自 a.各,CET4_edited
eager,ˈiːgə,,a.渴望的，热切的,CET4_edited
eagle,ˈiːgl,,n.鹰,CET4_edited
ear,iə,,n.耳朵；听力，听觉,CET4_edited
early,ˈəːli,,ad.早 a.早的，早期的,CET4_edited
earn,əːn,,vt.赚得，挣得；获得,CET4_edited
earnest,ˈəːnist,,a.认真的，诚恳的,CET4_edited
earth,əːθ,,n.地球；陆地，地面,CET4_edited
earthquake,ˈəːθkweik,,n.地震；大震荡,CET4_edited
ease,iːz,,n.容易，舒适 vt.缓和,CET4_edited
easily,ˈiːzili,,ad.容易地；舒适的,CET4_edited
east,iːst,,n.东；东部 ad.在东方,CET4_edited
eastern,ˈiːstən,,a.东方的；朝东的,CET4_edited
easy,ˈiːzi,,a.容易的；安逸的,CET4_edited
eat,iːt,,vt.吃，喝 vi.吃饭,CET4_edited
echo,ˈekəu,,n.回声，反响 vi.重复,CET4_edited
economic,ˌiːkəˈnɔmik,,a.经济的，经济学的,CET4_edited
economical,ˌiːkəˈnɔmikəl,,a.节约的;经济学的,CET4_edited
economy,i(ː)ˈkɔnəmi,,n.经济；节约，节省,CET4_edited
edge,edʒ,,n.边缘，边；刀口,CET4_edited
edition,iˈdi∫ən,,n.版，版本，版次,CET4_edited
editor,ˈeditə,,n.编辑，编者，校订者,CET4_edited
educate,ˈedju(ː)keit,,vt.教育；培养；训练,CET4_edited
education,ˌedju(ː)ˈkei∫ən,,n.教育;训导;教育学,CET4_edited
effect,iˈfekt,,n.结果；效果，效力,CET4_edited
effective,iˈfektiv,,a.有效的；有影响的,CET4_edited
efficiency,iˈfi∫ənsi,,n.效率；功效，效能,CET4_edited
efficient,iˈfi∫ənt,,a.效率高的，有能力的,CET4_edited
effort,ˈefət,,n.努力；努力的成果,CET4_edited
egg,eg,,n.蛋，鸡蛋，卵,CET4_edited
eight,eit,,num.八，八个，第八,CET4_edited
eighteen,ˈeiˈtiːn,,num.十八，十八个,CET4_edited
eighth,eitθ,,num.第八 n.八分之一,CET4_edited
eighty,ˈeiti,,num.八十，八十个,CET4_edited
either,ˈaiðə(r),,pron.(两者)任何一个,CET4_edited
elaborate,iˈlæbərət,,a.复杂的；精心制作的,CET4_edited
elastic,iˈlæstik,,n.松紧带 a.有弹性的,CET4_edited
elbow,ˈelbəu,,n.肘，肘部；弯管,CET4_edited
elder,ˈeldə(r),,a.年龄较大的 n.长者,CET4_edited
elect,iˈlekt,,vt.选举，推选；选择,CET4_edited
election,iˈlek∫(ə)n,,n.选举，选择权；当选,CET4_edited
electric,iˈlektrik,,a.电的，电动的,CET4_edited
electrical,iˈlektrik(ə)l,,a.电的，电气科学的,CET4_edited
electricity,ilekˈtrisiti,,n.电，电学；电流,CET4_edited
electron,iˈlektrɔn,,n.电子,CET4_edited
electronic,ilekˈtrɔnik,,a.电子的,CET4_edited
electronics,ilekˈtrɔniks,,n.电子学,CET4_edited
element,ˈelimənt,,n.成分；要素；元素,CET4_edited
elementary,ˌeliˈmentəri,,a.基本的；初级的,CET4_edited
elephant,ˈelifənt,,n.象,CET4_edited
elevator,ˈeliveitə,,n.电梯；升降机,CET4_edited
eleven,iˈlevən,,num.十一，十一个,CET4_edited
eleventh,iˈlevnθ,,num.第十一(个),CET4_edited
eliminate,iˈlimineit,,vt.消灭，消除，排除,CET4_edited
elimination,iˌlimiˈnei∫ən,,n.消灭，排除，消除,CET4_edited
else,els,,ad.其它，另外 a.别的,CET4_edited
elsewhere,ˈelsˈweə,,ad.在别处，向别处,CET4_edited
embarrass,imˈbærəs,,vt.使窘迫，使为难,CET4_edited
embrace,imˈbreis,,vt.拥抱；包括；包围,CET4_edited
emerge,iˈməːdʒ,,vi.出现，涌现；冒出,CET4_edited
emergency,iˈməːdʒnsi,,n.紧急情况，突然事件,CET4_edited
emit,iˈmit,,vt.散发；发射；发表,CET4_edited
emotion,iˈməu∫ən,,n.情感，感情；激动,CET4_edited
emotional,iˈməu∫ənl,,a.感情的，情绪的,CET4_edited
emperor,ˈempərə,,n.皇帝,CET4_edited
emphasis,ˈemfəsis,,n.强调，重点，重要性,CET4_edited
emphasize,ˈemfəsaiz,,vt.强调，着重,CET4_edited
empire,ˈempaiə,,n.帝国,CET4_edited
employ,imˈplɔi,,vi.雇用；用；使忙于,CET4_edited
employee,ˌemplɔiˈiː,,n.受雇者，雇员，雇工,CET4_edited
employer,imˈplɔiə,,n.雇佣者，雇主,CET4_edited
employment,imˈplɔimənt,,n.工业；雇/使用,CET4_edited
empty,ˈempti,,a.空的；空洞的,CET4_edited
enable,iˈneibl,,vt.使能够，使可能,CET4_edited
enclose,inˈkləuz,,vt.围住，圈起；附上,CET4_edited
encounter,inˈkauntə,,vt.遭遇，遇到 n.遭遇,CET4_edited
encourage,inˈkʌridʒ,,vt.鼓励，支持，助长,CET4_edited
end,end,,n.末端；目标 vt.结束,CET4_edited
ending,ˈendiŋ,,n.结尾，结局；死亡,CET4_edited
endless,ˈendlis,,a.无止境的,CET4_edited
endure,inˈdjuə,,vt.忍受；容忍,CET4_edited
enemy,ˈenimi,,n.敌人；仇敌；敌兵,CET4_edited
energy,ˈenədʒi,,n.活力；精力；能,CET4_edited
enforce,inˈfɔːs,,vt.实施，执行；强制,CET4_edited
engage,inˈgeidʒ,,vt.使从事于；聘用,CET4_edited
engine,ˈendʒin,,n.发动机，引擎；机车,CET4_edited
engineer,ˌendʒiˈniə,,n.工程师，技师,CET4_edited
engineering,ˌendʒiˈniəriŋ,,n.工程，工程学,CET4_edited
England,ˈinglənd,,n.英格兰；英国,CET4_edited
English,ˈiŋgli∫,,n.英语 a.英国人的,CET4_edited
Englishman,ˈiŋgli∫mən,,n.英国男子,CET4_edited
enjoy,inˈdʒɔi,,vt.享受；欣赏，喜爱,CET4_edited
enlarge,inˈlɑːdʒ,,vt.扩大，扩展；放大,CET4_edited
enormous,iˈnɔːməs,,a.巨大的，庞大的,CET4_edited
enough,iˈnʌf,,a.足够的 ad.足够地,CET4_edited
ensure,inˈ∫uər,,vt.保证；保护；赋予,CET4_edited
enter,ˈentə,,vt.走进，进入；参加,CET4_edited
entertain,ˌentəˈtein,,vt.使欢乐；招待,CET4_edited
enthusiasm,inˈθjuːziæzəm,,n.热情/心，热忱,CET4_edited
enthusiastic,inθjuːziˈæstik,,a.热情的，热心的,CET4_edited
entire,inˈtaiə,,a.全部的，整个的,CET4_edited
entitle,inˈtaitl,,vt.给…权利(或资格),CET4_edited
entrance,inˈtrɑːns,,n.入口，门口；进入,CET4_edited
entry,ˈentri,,n.入口处；登记；进入,CET4_edited
envelope,ˈenviləup,,n.信封；封套；封皮,CET4_edited
environment,inˈvaiərənmənt,,n.环境，外界；围绕,CET4_edited
envy,ˈenvi,,vt.&n.妒忌；羡慕,CET4_edited
equal,ˈiːkwəl,,a.相等的；平等的,CET4_edited
equality,i(ː)ˈkwɔliti,,n.等同，平等；相等,CET4_edited
equation,iˈkwei∫ən,,n.方程(式)；等式,CET4_edited
equip,iˈkwip,,vt.装备，配备,CET4_edited
equipment,iˈkwipmənt,,n.装备，设备，配备,CET4_edited
equivalent,iˈkwivələnt,,a.相等的；等量的,CET4_edited
era,ˈiərə,,n.时代，年代；纪元,CET4_edited
erect,iˈrekt,,vt.建造；使竖立,CET4_edited
error,ˈerə,,n.错误，谬误；差错,CET4_edited
escape,isˈkeip,,vi.逃跑；逸出 n.逃跑,CET4_edited
especially,isˈpe∫əli,,ad.特别，尤其，格外,CET4_edited
essay,ˈesei,,n.短文，散文，小品文,CET4_edited
essential,iˈsen∫əl,,a.必要的，本质的,CET4_edited
establish,isˈtæbli∫,,vt.建立，设立；确立,CET4_edited
establishment,isˈtæbli∫mənt,,"n.建立,设/确立",CET4_edited
estimate,ˈestimeit,,vt.估计，评价 n.估计,CET4_edited
Europe,ˈjuərəp,,n.欧洲,CET4_edited
European,ˌjuərəˈpi(ː)ən,,a.欧洲的 n.欧洲人,CET4_edited
evaluate,iˈvæljueit,,vt.评价，估…的价,CET4_edited
evaporate,iˈvæpəreit,,vt.使蒸发 vi.蒸发,CET4_edited
eve,iːv,,n.前夜，前夕，前一刻,CET4_edited
even,ˈiːvən,,ad.甚至；甚至更，还,CET4_edited
evening,ˈiːvniŋ,,n.傍晚，黄昏，晚上,CET4_edited
event,iˈvent,,n.事件，大事；事变,CET4_edited
eventually,iˈventjuəli,,ad.终于；最后,CET4_edited
ever,ˈevə,,ad.在任何时候；曾经,CET4_edited
every,ˈevri,,a.每一的；每隔…的,CET4_edited
everybody,ˈevribɔdi,,pron.每人，人人,CET4_edited
everyday,ˈevridei,,a.每天的，日常的,CET4_edited
everyone,ˈevriwʌn,,pron.每人，人人,CET4_edited
everything,ˈevriθiŋ,,pron.每件事，事事,CET4_edited
everywhere,ˈevriweə(r),,ad.到处，处处,CET4_edited
evidence,ˈevidəns,,n.根据；证据，证人,CET4_edited
evident,ˈevidənt,,a.明显的，明白的,CET4_edited
evil,ˈiːvl,,n.邪恶；祸害 a.坏的,CET4_edited
evolution,evəˈluː∫ən,,n.进化，演化；发展,CET4_edited
evolve,iˈvɔlv,,vt.使进化；使发展,CET4_edited
exact,igˈzækt,,a.确切的；精确的,CET4_edited
exactly,igˈzæktli,,ad.确切地；恰恰正是,CET4_edited
exaggerate,igˈzædʒəreit,,vt.&vi.夸大，夸张,CET4_edited
exam,igˈzæm,,n.考试；检查，细查,CET4_edited
examination,igˌzæmiˈnei∫ən,,n.考试；检/细查,CET4_edited
examine,igˈzæmin,,vt.检查，仔细观察,CET4_edited
example,igˈzɑːmpl,,n.例子，实例；模范,CET4_edited
exceed,ikˈsiːd,,vt.超过，胜过；超出,CET4_edited
exceedingly,ikˈsiːdiŋli,,ad.极端地，非常,CET4_edited
excellent,ˈeksələnt,,a.优秀的，杰出的,CET4_edited
except,ikˈsept,,prep.除…之外,CET4_edited
exception,ikˈsep∫ən,,n.例外，除外,CET4_edited
excess,ˈekses,,n.超越；过量；过度,CET4_edited
excessive,ikˈsesiv,,a.过多的，极度的,CET4_edited
exchange,iksˈt∫eindʒ,,vt.交换；交流 n.交换,CET4_edited
excite,ikˈsait,,vt.使激动；引起,CET4_edited
exciting,ikˈsaitiŋ,,a.令人兴奋的,CET4_edited
exclaim,iksˈkleim,,vi.呼喊；惊叫,CET4_edited
exclude,iksˈkluːd,,vt.把…排除在外,CET4_edited
exclusively,ikˈskluːsivli,,ad.专门地,CET4_edited
excursion,iksˈkəː∫ən,,n.远足；短途旅行,CET4_edited
excuse,iksˈkjuːz,,vt.原谅；免除 n.借口,CET4_edited
execute,ˈeksikjuːt,,vt.将…处死；实施,CET4_edited
executive,igˈzekjutiv,,a.执行的 n.执行者,CET4_edited
exercise,ˈeksəsaiz,,n.锻炼，训练 vi.练习,CET4_edited
exert,igˈzəːt,,vt.尽(力)，运用,CET4_edited
exhaust,igˈzɔːst,,vt.使筋疲力尽；用尽,CET4_edited
exhibit,igˈzibit,,vt.显示；陈列，展览,CET4_edited
exhibition,ˌeksiˈbi∫ən,,n.展览，陈列；展览会,CET4_edited
exist,igˈzist,,vi.存在；生存，生活,CET4_edited
existence,igˈzistəns,,n.存在，实在；生存,CET4_edited
exit,ˈeksit,,n.出口；退场 vi.退出,CET4_edited
expand,iksˈpænd,,vt.扩大；使膨胀,CET4_edited
expansion,iksˈpæn∫ən,,n.扩大，扩充；扩张,CET4_edited
expect,iksˈpekt,,vt.预料，预期；等待,CET4_edited
expectation,ˌekspekˈtei∫ən,,n.期待/望，预期,CET4_edited
expense,ikˈspens,,n.花费，消费；费用,CET4_edited
expensive,iksˈpensiv,,a.昂贵的，花钱多的,CET4_edited
experience,iksˈpiəriəns,,n.经验，感受；经历,CET4_edited
experiment,iksˈperimənt,,n.实验；试验,CET4_edited
experimental,ikˈsperiment(ə)l,,a.实/试验的,CET4_edited
expert,ˈekspəːt,,n.专家 a.熟练的,CET4_edited
explain,iksˈplein,,vt.解释；为…辩解,CET4_edited
explanation,ˌekspləˈnei∫ən,,"n.解释,说明;辩解",CET4_edited
explode,iksˈpləud,,vt.使爆炸 vi.爆炸,CET4_edited
exploit,iksˈplɔit,,vt.剥削；利用；开拓,CET4_edited
explore,iksˈplɔː,,vt.&vi.探险，探索,CET4_edited
explosion,iksˈpləuʒən,,n.爆炸，爆发，炸裂,CET4_edited
explosive,iksˈpləusiv,,n.炸药 a.爆炸的,CET4_edited
export,ˈekspɔːt,,vt.输出，出口；运走,CET4_edited
expose,iksˈpəuz,,vt.使暴露；揭露,CET4_edited
exposure,iksˈpəuʒə,,n.暴露；揭露；曝光,CET4_edited
express,iksˈpres,,vt.表示 n.快车，快递,CET4_edited
expression,iksˈpre∫ən,,n.词句；表达；表情,CET4_edited
extend,iksˈtend,,vt.延长；扩大；致,CET4_edited
extension,iksˈten∫ən,,n.延长部分；伸展,CET4_edited
extensive,iksˈtensiv,,a.广阔的；广泛的,CET4_edited
extent,iksˈtent,,n.广度；范围；程度,CET4_edited
exterior,eksˈtiəriə,,a.外部的；对外的,CET4_edited
external,eksˈtəːnl,,a.外部的，外面的,CET4_edited
extra,ˈekstrə,,a.额外的 ad.特别地,CET4_edited
extraordinary,ikˈstrɔːdəneri,,a.非同寻常的，特别的,CET4_edited
extreme,ikˈstriːm,,a.极度的；尽头的,CET4_edited
extremely,iksˈtriːmli,,ad.极端，极其，非常,CET4_edited
eye,ai,,n.眼睛；眼力；鉴赏力,CET4_edited
eyesight,ˈaisait,,n.视力，目力,CET4_edited
fable,ˈfeibl,,n.寓言；虚构的故事,CET4_edited
fabric,ˈfæbrik,,n.织物，纺织品；结构,CET4_edited
face,feis,,n.脸；表面；外表,CET4_edited
facility,fəˈsiliti,,n.设备；容易；便利,CET4_edited
fact,fækt,,n.事实；实际，实情,CET4_edited
factor,ˈfæktə,,n.因素；因子，系数,CET4_edited
factory,ˈfæktəri,,n.工厂，制造厂,CET4_edited
faculty,ˈfækəlti,,n.才能，能力；系，科,CET4_edited
fade,feid,,vi.褪色；逐渐消失,CET4_edited
Fahrenheit,ˈfærənhait,,n.华氏温度计,CET4_edited
fail,feil,,vi.失败；失灵；不能,CET4_edited
failure,ˈfeiljə,,n.失败；失败的人,CET4_edited
faint,feint,,a.微弱的；虚弱的,CET4_edited
fair,feə,,a.公平的；相当的,CET4_edited
fair,ˈfeə,,n.定期集市；博览会,CET4_edited
fairly,ˈfeəli,,ad.相当；公平地,CET4_edited
faith,feiθ,,n.信任，信心；信仰,CET4_edited
faithful,ˈfeiθful,,a.忠诚的；如实的,CET4_edited
fall,fɔːl,,vi.落下；跌倒；陷落,CET4_edited
false,fɔːls,,a.不真实的；伪造的,CET4_edited
fame,feim,,n.名声，名望,CET4_edited
familiar,fəˈmiljə,,a.熟悉的；冒昧的,CET4_edited
family,ˈfæmili,,n.家，家庭；家族,CET4_edited
famine,ˈfæmin,,n.饥荒；严重的缺乏,CET4_edited
famous,ˈfeiməs,,a.著名的，出名的,CET4_edited
fan,fæn,,n.(运动等)狂热爱好者,CET4_edited
fancy,ˈfænsi,,n.想象力；设想；爱好,CET4_edited
far,fɑː,,a.远的 ad.远，遥远,CET4_edited
fare,feə,,n.车费，船费，票价,CET4_edited
farewell,ˈfeəˈwel,,int.再会 n.告别,CET4_edited
farm,fɑːm,,n.农场，农庄；饲养场,CET4_edited
farmer,ˈfɑːmə,,n.农民，农夫；农场主,CET4_edited
farther,ˈfɑːðə,,ad.更远地 a.更远的,CET4_edited
fashion,ˈfæ∫ən,,n.样子，方式；风尚,CET4_edited
fashionable,ˈfæ∫ənəbl,,a.流行的，时髦的,CET4_edited
fast,fɑːst,,a.快的；偏快的 ad.快,CET4_edited
fasten,fæ sn,,vt.扎牢，扣住,CET4_edited
fatal,ˈfeitl,,a.致命的；命运的,CET4_edited
fate,feit,,n.命运，天数,CET4_edited
father,ˈfɑːðə,,n.父亲；神父；创始人,CET4_edited
father-in-law,ˈfɑːðərinlɔː,,n.岳父；公公,CET4_edited
fatigue,fəˈtiːg,,n.疲劳，劳累,CET4_edited
fault,fɔːlt,,n.缺点；过失；故障,CET4_edited
faulty,ˈfɔːlti,,a.有错误的，有缺点的,CET4_edited
favour,ˈfeivə,,n.好感；赞同；恩惠,CET4_edited
favourable,ˈfeiərəbl,,a.有利的；赞成的,CET4_edited
favourite,ˈfeivərit,,a.特别受喜爱的,CET4_edited
fear,fiə,,n.害怕；担心 vt.害怕,CET4_edited
fearful,ˈfiəful,,a.害怕的，可怕的,CET4_edited
feasible,ˈfiːzəbl,,a.可行的；可能的,CET4_edited
feast,fiːst,,n.盛宴，筵席；节日,CET4_edited
feather,ˈfeðə,,n.羽毛；翎毛；羽状物,CET4_edited
feature,ˈfiːt∫ə,,n.特征，特色；面貌,CET4_edited
February,ˈfebruəri,,n.二月,CET4_edited
federal,ˈfedərəl,,a.联邦的；联盟的,CET4_edited
fee,fiː,,n.费，酬金；赏金,CET4_edited
feeble,ˈfiːbl,,a.虚弱的；微弱的,CET4_edited
feed,fiːd,,vt.喂(养) vi.吃饲料,CET4_edited
feedback,ˈfiːdbæk,,n.回授，反馈，反应,CET4_edited
feel,fiːl,,vi.有知觉 vt.触，摸,CET4_edited
feeling,ˈfiːliŋ,,n.感情；感觉，知觉,CET4_edited
fellow,ˈfeləu,,n.人，家伙；伙伴,CET4_edited
female,ˈfiːmeil,,n.雌性的动物；女子,CET4_edited
fence,fens,,n.栅栏,CET4_edited
fertile,ˈfəːtail,,a.肥沃的；多产的,CET4_edited
fertilizer,ˈfəːtiˌlaizə,,n.肥料,CET4_edited
festival,ˈfestəvəl,,n.节日；音乐节,CET4_edited
fetch,fet∫,,vt.拿来；请来，接去,CET4_edited
fever,ˈfiːvə,,n.发热，发烧；狂热,CET4_edited
few,fjuː,,a.很少的；少数的,CET4_edited
fibre,ˈfaibə,,n.纤维，纤维质,CET4_edited
fiction,ˈfik∫ən,,n.小说；虚构，杜撰,CET4_edited
field,fiːld,,n.田野；田；运动场,CET4_edited
fierce,fiəs,,a.凶猛的，狂热的,CET4_edited
fifteen,ˈfifˈtiːn,,num.十五；十五个,CET4_edited
fifth,fifθ,,num.第五 n.五分之一,CET4_edited
fifty,ˈfifti,,num.五十，五十个,CET4_edited
fight,fait,,vi.打(仗)；斗争,CET4_edited
figure,ˈfigə,,n.数字；外形；人物,CET4_edited
file,fail,,n.档案 vt.把…归档,CET4_edited
fill,fil,,vt.装满，盛满；占满,CET4_edited
film,film,,n.影片；胶卷；薄层,CET4_edited
filter,ˈfiltə,,vt.过滤 n.滤纸,CET4_edited
final,ˈfainəl,,a.最后的；决定性的,CET4_edited
finally,ˈfainəli,,ad.最后；不可更改的,CET4_edited
finance,faiˈnæns,,n.财政，金融；财源,CET4_edited
financial,faiˈnæn∫əl,,a.财政的，金融的,CET4_edited
find,faind,,vt.找到；发觉；找出,CET4_edited
finding,ˈfaindiŋ,,n.发现；调查的结果,CET4_edited
fine,fain,,a.美好的；纤细的,CET4_edited
fine,fain,,n.罚金，罚款,CET4_edited
finger,ˈfiŋgə,,n.手指；指状物,CET4_edited
finish,ˈfini∫,,vt.完成，结束 n.结束,CET4_edited
fire,ˈfaiə,,n.火；火灾 vi.开火,CET4_edited
fireman,ˈfaiəmən,,n.消防队员；司炉工,CET4_edited
firm,fəːm,,n.商行，商号，公司,CET4_edited
first,fəːst,,num.第一 ad.最初,CET4_edited
fish,fi∫,,n.鱼，鱼肉 vi.钓鱼,CET4_edited
fisherman,ˈfi∫əmən,,n.渔民，渔夫，打鱼人,CET4_edited
fist,fist,,n.拳(头),CET4_edited
fit,fit,,vt.适合；安装 vi.适合,CET4_edited
five,faiv,,num.五，五个，第五,CET4_edited
fix,fiks,,vt.使固定；决定,CET4_edited
flag,flæg,,n.旗，旗帜；旗舰旗,CET4_edited
flame,fleim,,n.火焰；光辉；热情,CET4_edited
flare,fleə,,vi.闪耀 vt.使闪亮,CET4_edited
flash,flæ∫,,n.闪光 vi.闪，闪烁,CET4_edited
flat,flæt,,a.平的，扁平的,CET4_edited
flavour,ˈfleivə,,n.味，味道；风味,CET4_edited
fleet,fliːt,,n.舰队；船队，机群,CET4_edited
flesh,fle∫,,n.肉，肌肉；肉体,CET4_edited
flexible,ˈfleksəbl,,a.易弯曲的；灵活的,CET4_edited
flight,flait,,n.航班；飞行；逃跑,CET4_edited
float,fləut,,vi.漂浮 vt.使漂浮,CET4_edited
flock,flɔk,,n.羊群，群；大量,CET4_edited
flood,flʌd,,n.洪水 vt.淹没,CET4_edited
floor,flɔə,,n.地板；楼层,CET4_edited
flour,ˈflauə,,n.面粉，粉；粉状物质,CET4_edited
flourish,ˈflʌri∫,,vi.繁荣，茂盛，兴旺,CET4_edited
flow,fləu,,vi.流动；飘垂；涨潮,CET4_edited
flower,ˈflauə,,n.花，花卉；开花,CET4_edited
flu,fluː,,n.流行性感冒,CET4_edited
fluent,ˈflu(ː)ənt,,a.流利的，流畅的,CET4_edited
fluid,ˈflu(ː)id,,n.流体，液体,CET4_edited
flush,flʌ∫,,vi.奔流；(脸)发红,CET4_edited
fly,flai,,n.蝇，苍蝇 vi.飞行,CET4_edited
focus,ˈfəukəs,,vi.聚焦，注视 n.焦点,CET4_edited
fog,fɔg,,n.雾；烟雾，尘雾,CET4_edited
fold,fəuld,,vt.折叠；合拢 n.褶,CET4_edited
folk,fəuk,,n.人们，家属，亲属,CET4_edited
follow,ˈfɔləu,,vt.跟随；结果是,CET4_edited
following,ˈfɔləuiŋ,,a.接着的；下列的,CET4_edited
fond,fɔnd,,a.喜爱的；溺爱的,CET4_edited
food,fuːd,,n.食物，食品，养料,CET4_edited
fool,fuːl,,n.蠢人，傻子 vt.欺骗,CET4_edited
foolish,ˈfuːli∫,,a.愚蠢的；鲁莽的,CET4_edited
foot,fut,,n.脚；最下部；英尺,CET4_edited
football,ˈfutbɔːl,,n.足球比赛；足球,CET4_edited
footstep,ˈfutstep,,n.脚步；脚步声；足迹,CET4_edited
for,fɔː,,prep.为；给；因为,CET4_edited
forbid,fəˈbid,,vt.禁止，不许；阻止,CET4_edited
force,fɔːs,,vt.强迫 n.力，力量,CET4_edited
forecast,ˈfɔːkɑːst,,n.预测，预报 vt.预示,CET4_edited
forehead,ˈfɔːhed,,n.额头，前部,CET4_edited
foreign,ˈfɔrin,,a.外国的；外来的,CET4_edited
foreigner,ˈfɔrinə,,n.外国人,CET4_edited
foremost,ˈfɔːməust,,a.最初的；第一流的,CET4_edited
forest,ˈfɔrist,,n.森林；森林地带,CET4_edited
forever,fəˈrevə,,ad.永远，总是，老是,CET4_edited
forget,fəˈget,,vt.忘记，遗忘,CET4_edited
forgive,fəˈgiv,,vt.原谅，饶恕，宽恕,CET4_edited
fork,fɔːk,,n.餐叉；叉；分叉,CET4_edited
form,fɔːm,,n.形式；形状 vt.形成,CET4_edited
formal,ˈfɔːməl,,a.正式的；礼仪上的,CET4_edited
formation,fɔːˈmei∫ən,,n.形成；构成；形成物,CET4_edited
former,ˈfɔːmə,,a.在前的 n.前者,CET4_edited
formula,ˈfɔːmjulə,,n.公式，式,CET4_edited
forth,fɔːθ,,ad.向前；向外，往外,CET4_edited
fortnight,ˈfɔːtnait,,n.两星期，十四天,CET4_edited
fortunate,ˈfɔːt∫ənit,,a.幸运的，侥幸的,CET4_edited
fortunately,ˈfɔːt∫ənətli,,ad.幸运地，幸亏,CET4_edited
fortune,ˈfɔːt∫ən,,n.命运，运气；财产,CET4_edited
forty,ˈfɔːti,,num.四十，第四十,CET4_edited
forward,ˈfɔːwəd,,ad.向前；今后，往后,CET4_edited
found,faund,,vt.创立，创办；建立,CET4_edited
foundation,faunˈdei∫ən,,n.基础；地基；基金,CET4_edited
fountain,ˈfauntin,,n.泉水，喷泉；源泉,CET4_edited
four,fɔː,,num.四，四个，第四,CET4_edited
fourteen,ˈfɔːˈtiːn,,num.十四，第十四,CET4_edited
fourth,fɔːθ,,num.第四，四分之一,CET4_edited
fox,fɔːks,,n.狐狸；狡猾的人,CET4_edited
fraction,ˈfræk∫ən,,n.小部分；片断；分数,CET4_edited
fragment,ˈfrægmənt,,n.碎片，破片，碎块,CET4_edited
frame,freim,,n.框架，框子；构架,CET4_edited
framework,ˈfreimwəːk,,n.框架，构架，结构,CET4_edited
France,frɑːns,,n.法国，法兰西,CET4_edited
frank,fræŋk,,a.坦白的，直率的,CET4_edited
free,friː,,a.自由的；空闲的,CET4_edited
freedom,ˈfriːdəm,,n.自由；自主,CET4_edited
freely,ˈfriːli,,ad.自由地；直率地,CET4_edited
freeze,friːz,,vi.冻；结冻 vt.使结冰,CET4_edited
freight,freit,,n.货运；货物；运费,CET4_edited
French,frent∫,,a.法国的 n.法国人,CET4_edited
frequency,ˈfriːkwənsi,,n.屡次；次数；频率,CET4_edited
frequent,ˈfriːkwənt,,a.时常发生的；经常的,CET4_edited
frequently,ˈfriːkwənt,,ad.时常，常常,CET4_edited
fresh,fre∫,,a.新的；新鲜的,CET4_edited
friction,ˈfrik∫ən,,n.摩擦，摩擦力,CET4_edited
Friday,ˈfraidi,,n.星期五,CET4_edited
fridge,fridʒ,,n.电冰箱,CET4_edited
friend,frend,,n.朋友，友人,CET4_edited
friendly,ˈfrendli,,a.友好的，友谊的,CET4_edited
friendship,ˈfrend∫ip,,n.友谊，友好,CET4_edited
frighten,ˈfraitn,,vt.使惊恐，吓唬,CET4_edited
frog,frɔg,,n.蛙,CET4_edited
from,frɔm,,prep.从…来；离开,CET4_edited
front,frʌnt,,a.前面的 n.前部,CET4_edited
frontier,ˈfrʌntjə,,n.边境；边疆；新领域,CET4_edited
frost,frɔst,,n.冰冻，严寒；霜,CET4_edited
frown,fraun,,vi.皱眉，蹙额,CET4_edited
fruit,fruːt,,n.水果；果实；成果,CET4_edited
fruitful,ˈfruːtful,,a.多产的；肥沃的,CET4_edited
fry,frai,,vt.油煎，油炸，油炒,CET4_edited
fuel,fjuəl,,n.燃料 vt.给…加燃料,CET4_edited
fulfil,fulˈfil,,vt.履行；满足；完成,CET4_edited
full,ful,,a.满的；完全的,CET4_edited
fun,fʌn,,n.乐趣，娱乐；玩笑,CET4_edited
function,ˈfʌŋk∫ən,,n.功能；职务；函数,CET4_edited
fund,fʌnd,,n.资金；基金；存款,CET4_edited
fundamental,ˌfʌndəˈmentl,,a.基础的，基本的,CET4_edited
funeral,ˈfjuːnərəl,,n.葬礼，丧礼，丧葬,CET4_edited
funny,ˈfʌni,,a.古怪的；滑稽的,CET4_edited
fur,fəː,,n.软毛；毛皮，裘皮,CET4_edited
furious,ˈfjuəriəs,,a.狂怒的；狂暴的,CET4_edited
furnace,ˈfəːnis,,n.炉子，熔炉；鼓风炉,CET4_edited
furnish,ˈfəːni∫,,vt.供应，提供；装备,CET4_edited
furniture,ˈfəːnit∫ə,,n.家具；装置，设备,CET4_edited
further,ˈfəːðə,,ad.更远地 a.更远的,CET4_edited
furthermore,fəːðəˈmɔː(r),,ad.而且，此外,CET4_edited
future,ˈfjuːt∫ə,,n.将来，未来；前途,CET4_edited
gain,gein,,vt.获得；增加 n.增进,CET4_edited
gallery,ˈgæləri,,n.长廊，游廊；画廊,CET4_edited
gallon,ˈgælən,,n.加仑,CET4_edited
game,geim,,n.游戏；比赛；猎物,CET4_edited
gang,gæŋ,,n.一帮，一伙,CET4_edited
gap,gæp,,n.缺口；间隔；差距,CET4_edited
garage,gə rɑː(d)ʒ,,n.车库；加油站,CET4_edited
garbage,ˈgɑːbidʒ,,n.垃圾，污物，废料,CET4_edited
garden,ˈgɑːdn,,n.花园，菜园；公园,CET4_edited
gardener,ˈgɑːdnə(r),,n.园丁，花匠,CET4_edited
gas,gæs,,n.煤气；气体；汽油,CET4_edited
gaseous,ˈgæsiəs,,a.气体的，气态的,CET4_edited
gasoline,ˈgæsəliːn,,n.(美)汽油,CET4_edited
gasp,gɑːsp,,vi.气喘，喘息,CET4_edited
gate,geit,,n.大门；篱笆门,CET4_edited
gather,ˈgæðə,,vi.聚集；集合 vt.收集,CET4_edited
gauge,gedʒ,,vt.量，测量 n.量器,CET4_edited
gay,gei,,a.快乐的；鲜明的,CET4_edited
gaze,geiz,,vi.凝视，盯，注视,CET4_edited
general,ˈdʒenərəl,,a.总的；一般的 n.将军,CET4_edited
generally,ˈdʒenərəli,,ad.一般地；通常地,CET4_edited
generate,ˈdʒenəˌreit,,vt.发生；引起；生殖,CET4_edited
generation,ˌdʒenəˈrei∫ən,,n.一代(人)；产生,CET4_edited
generator,ˈdʒenəreitə,,n.发电机；发生者,CET4_edited
generous,ˈdʒenərəs,,a.慷慨的；宽厚的,CET4_edited
genius,ˈdʒiːnjəs,,n.天才，天赋，天资,CET4_edited
gentle,ˈdʒentl,,a.和蔼的；轻柔的,CET4_edited
gentleman,ˈdʒentlmən,,n.绅士；有教养的人,CET4_edited
gently,ˈdʒentli,,ad.有礼貌地；柔和地,CET4_edited
genuine,ˈdʒenjuin,,a.真的；真正的,CET4_edited
geography,dʒiˈɔgrəfi,,n.地理，地理学,CET4_edited
geometry,dʒiˈɔmitri,,n.几何，几何学,CET4_edited
germ,dʒəːm,,n.微生物，细菌，幼芽,CET4_edited
German,ˈdʒəːmən,,a.德国的 n.德国人,CET4_edited
Germany,ˈdʒəːməni,,n.德意志，德国,CET4_edited
gesture,ˈdʒest∫ə,,n.姿势，手势；姿态,CET4_edited
get,get,,vi.变得，成为；到达,CET4_edited
ghost,gəust,,n.鬼，灵魂；鬼魂,CET4_edited
giant,ˈdʒaiənt,,n.巨人；巨物,CET4_edited
gift,gift,,n.礼物，赠品；天赋,CET4_edited
girl,gəːl,,n.女孩子，姑娘；女儿,CET4_edited
give,giv,,vt.做，作；送给,CET4_edited
glad,glæd,,a.高兴的；乐意的,CET4_edited
glance,glɑːns,,vi.看一下 n.一瞥,CET4_edited
glare,gleə,,vi.瞪眼 n.瞪眼,CET4_edited
glass,glɑːs,,n.玻璃；玻璃杯,CET4_edited
glide,glaid,,vi.滑动；消逝 n.滑行,CET4_edited
glimpse,glimps,,vt.瞥见 n.一瞥，一看,CET4_edited
glitter,ˈglitə,,vi.闪闪发光 n.闪光,CET4_edited
globe,gləub,,n.地球，世界；地界仪,CET4_edited
gloomy,ˈgluːmi,,a.黑暗的；令人沮丧的,CET4_edited
glorious,ˈglɔːriəs,,a.光荣的；壮丽的,CET4_edited
glory,ˈglɔːri,,n.光荣；荣誉的事,CET4_edited
glove,glʌv,,n.手套,CET4_edited
glow,gləu,,n.白热光 vi.发白热光,CET4_edited
glue,gluː,,n.胶，胶水 vt.胶合,CET4_edited
go,gəu,,vi.去；走；变为,CET4_edited
goal,gəul,,n.球门；得分；目的,CET4_edited
goat,gəut,,n.山羊,CET4_edited
God,gɔd,,n.神，神像；上帝,CET4_edited
gold,gəuld,,n.金；钱财 a.金制的,CET4_edited
golden,ˈgəuldən,,a.金色的；极好的,CET4_edited
golf,gɔlf,,n.高尔夫球,CET4_edited
good,gud,,a.好的；有本事的,CET4_edited
goodbye,ˌgudˈbai,,int.再见，再会,CET4_edited
goodness,ˈgudnis,,n.优良，德性，仁慈,CET4_edited
goods,gudz,,n.货物，商品,CET4_edited
goose,guːs,,n.鹅，雌鹅,CET4_edited
govern,ˈgʌvən,,vt.统治，治理；支配,CET4_edited
government,ˈgʌvənmənt,,n.政府；治理；政治,CET4_edited
governor,ˈgʌvənə,,n.州长；主管人员,CET4_edited
gown,gaun,,n.长袍，长外衣,CET4_edited
grace,greis,,n.优美，文雅；雅致,CET4_edited
graceful,ˈgreisful,,a.优美的，优雅的,CET4_edited
gracious,ˈgrei∫əs,,a.有礼貌的；仁慈的,CET4_edited
grade,greid,,vt.给…分等级 n.等级,CET4_edited
gradual,ˈgrædjuəl,,a.逐渐的；渐进的,CET4_edited
gradually,ˈgrædjuəli,,ad.逐渐地，逐步地,CET4_edited
graduate,ˈgrædjueit,,n.毕业生 vi.大学毕业,CET4_edited
grain,grein,,n.谷物，谷粒；颗粒,CET4_edited
gramme,græm,,n.克(重量单位),CET4_edited
grammar,ˈgræmə,,n.语法；语法书,CET4_edited
grammatical,grəˈmætikəl,,a.语法上的,CET4_edited
grand,grænd,,a.宏伟的；重大的,CET4_edited
granddaughter,ˈgrændɔːtə(r),,n.孙女，外孙女,CET4_edited
grandfather,ˈgrændˌfɑːðə,,n.祖父；外祖父,CET4_edited
grandmother,ˈgrændˌmʌðə,,n.祖母，外祖母,CET4_edited
grandson,ˈgrændsʌn,,n.孙子，外孙子,CET4_edited
grant,grɑːnt,,n.授给物 vt.授予,CET4_edited
grape,greip,,n.葡萄；葡萄藤,CET4_edited
graph,grɑːf,,n.(曲线)图，图表,CET4_edited
grasp,grɑːsp,,vt.抓紧；掌握 n.抓,CET4_edited
grass,grɑːs,,n.草；牧草；草地,CET4_edited
grateful,ˈgreitful,,a.感激的；令人愉快的,CET4_edited
gratitude,ˈgrætitjuːd,,a.感激，感谢，感恩,CET4_edited
grave,greiv,,n.坟墓 a.严重的,CET4_edited
gravity,ˈgræviti,,n.重力，引力；严重性,CET4_edited
gray,grei,,a.灰色的 n.灰色,CET4_edited
great,greit,,a.大的；伟大的,CET4_edited
greatly,ˈgreitli,,ad.大大地，非常,CET4_edited
greedy,ˈgriːdi,,a.贪吃的；贪婪的,CET4_edited
Greek,griːk,,a.希腊的 n.希腊人,CET4_edited
green,griːn,,a.绿色的 n.绿色,CET4_edited
greenhouse,ˈgriːnhaus,,n.温室，玻璃暖房,CET4_edited
greet,griːt,,vt.问候，招呼；反应,CET4_edited
greeting,ˈgriːtiŋ,,n.问候，招呼，致敬,CET4_edited
grey,grei,,a.灰色的 n.灰色,CET4_edited
grieve,griːv,,vt.使悲痛 vi.悲痛,CET4_edited
grind,graind,,vt.磨(碎)；磨快,CET4_edited
grip,grip,,vt.握紧，抓牢 n.紧握,CET4_edited
groan,grəun,,vi.哼，呻吟 n.呻吟,CET4_edited
grocer,ˈgrəusə,,n.食品商；杂货商,CET4_edited
grocery,ˈgrəusəri,,n.食品杂货店,CET4_edited
gross,grəus,,a.总的；严重的,CET4_edited
ground,graund,,n.地；场地；根据,CET4_edited
group,gruːp,,n.小组，群 vi.聚集,CET4_edited
grow,grəu,,vi.生长；变得；增长,CET4_edited
growth,grəuθ,,n.增长；增长量；生长,CET4_edited
guarantee,ˌgærənˈtiː,,n.保证；担保物,CET4_edited
guard,gɑːd,,vt.守卫；看守 n.卫兵,CET4_edited
guess,ges,,vt.&vi.&n.猜测，推测,CET4_edited
guest,gest,,n.客人，宾客；旅客,CET4_edited
guidance,ˈgaidəns,,n.引导，指导，领导,CET4_edited
guide,gaid,,n.导游者 vt.给…导游,CET4_edited
guilty,ˈgilti,,a.内疚的；有罪的,CET4_edited
gulf,gʌlf,,n.海湾,CET4_edited
gum,gʌm,,n.口香糖；树胶,CET4_edited
gun,gʌn,,n.枪，炮，手枪,CET4_edited
gunpowder,ˈgʌnpaudə(r),,n.黑色火药；有烟火药,CET4_edited
gymnasium,dʒimˈneiziəm,,n.体育馆，健身房,CET4_edited
habit,ˈhæbit,,n.习惯；习性,CET4_edited
habitual,həˈbitjuəl,,a.习惯性的，惯常的,CET4_edited
hair,heə,,n.头发，毛发；毛,CET4_edited
haircut,ˈheəkʌt,,n.理发,CET4_edited
half,hɑːf,,n.半，一半 a.一半的,CET4_edited
hall,hɔːl,,n.门厅；过道；会堂,CET4_edited
halt,hɔːlt,,vi.停止；立定 n.停住,CET4_edited
hamburger,ˈhæmbəːgə,,n.汉堡包，牛肉饼,CET4_edited
hammer,ˈhæmə,,n.锤，榔头 vt.锤击,CET4_edited
hand,hænd,,n.手；人手；指针,CET4_edited
handful,ˈhændful,,n.一把；少数，一小撮,CET4_edited
handkerchief,ˈhæŋkət∫iːf,,n.手帕,CET4_edited
handle,ˈhændl,,n.柄，把手 vt.拿，触,CET4_edited
handsome,ˈhænsəm,,a.英俊的；相当大的,CET4_edited
handwriting,ˈhændˌraitiŋ,,n.笔迹，手迹，书法,CET4_edited
handy,ˈhændi,,a.手边的；便于使用的,CET4_edited
hang,hæŋ,,vt.挂，悬；吊死,CET4_edited
happen,ˈhæpən,,vi.发生；碰巧，恰好,CET4_edited
happiness,ˈhæpinis,,n.幸福，幸运；快乐,CET4_edited
happy,ˈhæpi,,a.快乐的；幸福的,CET4_edited
harbour,ˈhɑːbə,,n.海港，港口 vt.庇护,CET4_edited
hard,hɑːd,,a.硬的；困难的,CET4_edited
harden,ˈhɑːdn,,vt.使变硬 vi.变硬,CET4_edited
hardly,ˈhɑːdli,,ad.几乎不，简直不,CET4_edited
hardship,ˈhɑːdˌ∫ip,,n.艰难，困苦,CET4_edited
hardware,ˈhɑːdweə,,n.五金器具；硬件,CET4_edited
hare,heə,,n.野兔,CET4_edited
harm,hɑːm,,n.伤害，损害 vt.损害,CET4_edited
harmful,ˈhɑːmful,,a.有害的,CET4_edited
harmony,ˈhɑːməni,,n.调合，协调，和谐,CET4_edited
harness,ˈhɑːnis,,vt.治理 n.马具，挽具,CET4_edited
harsh,hɑː∫,,a.严厉的；刺耳的,CET4_edited
harvest,ˈhɑːvist,,n.收获，收成 vt.收割,CET4_edited
haste,heist,,n.急速，急忙；草率,CET4_edited
hasten,ˈheisn,,vt.催促 vi.赶紧,CET4_edited
hasty,ˈheisti,,a.急速的；仓促的,CET4_edited
hat,hæt,,n.帽子(一般指有边的),CET4_edited
hatch,hæt∫,,vt.孵出 vi.(蛋)孵化,CET4_edited
hate,heit,,vt.恨，憎恨；不喜欢,CET4_edited
hateful,ˈheitful,,a.可恨的，可恶的,CET4_edited
hatred,ˈheitrid,,n.憎恶，憎恨，仇恨,CET4_edited
have,hæv,,v.aux.已经 vt.有；吃,CET4_edited
hawk,hɔːk,,n.鹰，隼,CET4_edited
hay,hei,,n.干草,CET4_edited
hazard,ˈhæzəd,,n.危险；公害,CET4_edited
he,hiː,,pron.(主格)他,CET4_edited
head,hed,,n.头；上端 vt.率领,CET4_edited
headache,ˈhedeik,,n.头痛；头痛的事,CET4_edited
heading,ˈhediŋ,,n.标题，题词，题名,CET4_edited
headline,ˈhedlain,,n.大字标题；新闻提要,CET4_edited
headmaster,hedˈmɑːstə(r),,n.校长,CET4_edited
headquarters,ˈhedˌkwɔːtəz,,n.司令部；总部,CET4_edited
heal,hiːl,,vt.治愈；使和解,CET4_edited
health,helθ,,n.健康，健康状况,CET4_edited
healthy,ˈhelθi,,a.健康的；有益健康的,CET4_edited
heap,hiːp,,n.(一)堆；大量,CET4_edited
hear,hiə,,vt.听见；审讯；听说,CET4_edited
heart,hɑːt,,n.心，内心；勇气,CET4_edited
heat,hiːt,,n.热，炎热 vi.变热,CET4_edited
heating,ˈhiːtiŋ,,n.加热，供暖,CET4_edited
heaven,ˈhevn,,n.天堂；天，天空,CET4_edited
heavily,ˈhevili,,ad.重重地；大量地,CET4_edited
heavy,ˈhiːvi,,a.重的；大的；充满的,CET4_edited
hedge,hedʒ,,n.篱笆，树篱；障碍物,CET4_edited
heel,hiːl,,n.脚后跟，踵，后跟,CET4_edited
height,hait,,n.高，高度；高处,CET4_edited
heir,eə,,n.后嗣，继承人,CET4_edited
helicopter,ˈhelikɔptə,,n.直升机,CET4_edited
hell,hel,,n.地狱；极大的痛苦,CET4_edited
hello,ˈheləu,,int.喂,CET4_edited
helmet,ˈhelmit,,n.头盔，钢盔,CET4_edited
help,help,,vt.帮助；援助 n.帮手,CET4_edited
helpful,ˈhelpful,,a.给予帮助的；有用的,CET4_edited
helpless,ˈhelplis,,a.无助的；无能的,CET4_edited
hen,hen,,n.母鸡，雌禽,CET4_edited
hence,hens,,ad.因此，所以；今后,CET4_edited
her,həː,,pron.(宾格)她；她的,CET4_edited
herd,həːd,,n.兽群，牧群 vt.放牧,CET4_edited
here,hiə,,ad.这里；向这里,CET4_edited
hero,ˈhiərəu,,n.男主角；英雄；勇士,CET4_edited
heroic,hiˈrəuik,,a.英雄的；英勇的,CET4_edited
heroine,ˈherəuin,,n.女主角；女英雄,CET4_edited
hers,həːz,,pron.她的(所有物),CET4_edited
herself,həːˈself,,pron.她自己；她亲自,CET4_edited
hesitate,ˈheziteit,,vi.犹豫，踌躇；含糊,CET4_edited
hi,hai,,ini.嗨(表示问候等),CET4_edited
hide,haid,,vt.把…藏起来；隐瞒,CET4_edited
high,hai,,a.高的；高级的 ad.高,CET4_edited
highly,ˈhaili,,ad.高度地，很，非常,CET4_edited
highway,ˈhaiwei,,n.公路；大路,CET4_edited
hill,hil,,n.小山，山岗；丘陵,CET4_edited
hillside,ˈhilsaid,,n.(小山)山腰，山坡,CET4_edited
him,him,,pron.(宾格)他,CET4_edited
himself,himˈself,,pron.他自己；他亲自,CET4_edited
hint,hint,,n.暗示，示意；建议,CET4_edited
hire,ˈhaiə,,vt.租借 n.租用，雇用,CET4_edited
his,hiz,,pron.他的，他的东西,CET4_edited
historical,hisˈtɔrikəl,,a.历史的，有关历史的,CET4_edited
history,ˈhistəri,,n.历史；个人经历,CET4_edited
hit,hit,,vt.打；碰撞 n.击,CET4_edited
hobby,ˈhɔbi,,n.业余爱好，癖好,CET4_edited
hold,həuld,,vt.拿住；掌握；拥有,CET4_edited
hole,həul,,n.洞；孔眼，裂开处,CET4_edited
holiday,ˈhɔlidei,,n.假日，节日；假期,CET4_edited
hollow,ˈhɔləu,,a.空的；空洞的,CET4_edited
holy,ˈhəuli,,a.神圣的；圣洁的,CET4_edited
home,həum,,n.家；家乡 a.家庭的,CET4_edited
honest,ˈɔnist,,a.诚实的；可敬的,CET4_edited
honesty,ˈɔnisti,,n.诚实，正直,CET4_edited
honey,ˈhʌni,,n.蜜，蜂蜜；甜，甜蜜,CET4_edited
honeymoon,ˈhʌnimuːn,,n.蜜月,CET4_edited
honour,ˈɔnə,,n.光荣；尊敬，敬意,CET4_edited
honourable,ˈɔnərəbl,,a.诚实的；光荣的,CET4_edited
hook,huk,,n.钩，挂钩 vt.钩住,CET4_edited
hope,həup,,n.&vt.&vi.希望,CET4_edited
hopeful,ˈhəupful,,a.有希望的,CET4_edited
hopeless,ˈhəuplis,,a.没有希望的，绝望的,CET4_edited
horizon,həˈraizn,,n.地平线；眼界，见识,CET4_edited
horizontal,ˌhɔriˈzɔntl,,a.地平的；水平的,CET4_edited
horn,hɔːn,,n.号角；警报器；角,CET4_edited
horror,ˈhɔrə,,n.恐怖；战栗；憎恶,CET4_edited
horse,hɔːs,,n.马；马科动物,CET4_edited
horsepower,ˈhɔːsˌpauə,,n.马力,CET4_edited
hospital,ˈhɔspitl,,n.医院,CET4_edited
host,həust,,n.主人；东道主,CET4_edited
hostess,ˈhəustis,,n.女主人；空姐,CET4_edited
hostile,ˈhɔstail,,a.敌方的；不友善的,CET4_edited
hot,hɔt,,a.热的；刺激的；辣的,CET4_edited
hotel,həuˈtel,,n.旅馆,CET4_edited
hour,ˈauə,,n.小时；时间，时刻,CET4_edited
house,haus,,n.房屋，住宅；商号,CET4_edited
household,ˈhaushəuld,,n.家庭，户；家务,CET4_edited
housewife,ˈhauswaif,,n.家庭主妇,CET4_edited
how,hau,,ad.怎么；怎样；多少,CET4_edited
however,hauˈevə,,ad.然而；不管怎样,CET4_edited
huge,hjuːdʒ,,a.巨大的，庞大的,CET4_edited
human,ˈhjuːmən,,a.人的，人类的 n.人,CET4_edited
humble,ˈhʌmbl,,a.谦逊的；地位低下的,CET4_edited
humid,ˈhjuːmid,,a.湿的，湿气重的,CET4_edited
humorous,ˈhjuːmərəs,,a.富于幽默的，诙谐的,CET4_edited
humour,ˈhjuːmə,,n.幽默，诙谐，幽默感,CET4_edited
hundred,ˈhʌndrid,,",",CET4_edited
hundred,ˈhʌndrid,,num.百，百个 n.许多,CET4_edited
hunger,ˈhʌŋgə,,n.饿，饥饿；渴望,CET4_edited
hungry,ˈhʌŋgri,,a.饥饿的；渴望的,CET4_edited
hunt,hʌnt,,n.打猎；搜寻 vt.追猎,CET4_edited
hurry,ˈhʌri,,vi.赶紧 vt.催促,CET4_edited
hurt,həːt,,vt.使受伤；使痛心,CET4_edited
husband,ˈhʌzbənd,,n.丈夫,CET4_edited
hut,hʌt,,n.小屋，棚屋,CET4_edited
hydrogen,ˈhaidrəudʒən,,n.氢,CET4_edited
ice,ais,,n.冰，冰块 vt.冰镇,CET4_edited
ice-cream,ˈaiskriːm,,n.冰淇淋,CET4_edited
idea,aiˈdiə,,n.想法；思想；意见,CET4_edited
ideal,aiˈdiəl,,a.理想的；观念的,CET4_edited
identical,aiˈdentikəl,,a.完全相同的；同一的,CET4_edited
identify,aiˈdentifai,,vt.认出，识别，鉴定,CET4_edited
idiom,ˈidiəm,,n.习语，成语,CET4_edited
idle,ˈaidl,,a.空闲的；懒散的,CET4_edited
i.e.,ˈaiˈiː,,(=that is)那就是，即,CET4_edited
if,if,,conj.假如，如果,CET4_edited
ignorant,ˈignərənt,,a.不知道的；无知的,CET4_edited
ignore,igˈnɔː,,vt.不顾，不理，忽视,CET4_edited
ill,il,,a.有病的；坏的 ad.坏,CET4_edited
illegal,iˈliːgəl,,a.不合法的，非法的,CET4_edited
illness,ˈilnis,,n.病，疾病,CET4_edited
illustrate,ˈiləstreit,,vt.(用图等)说明,CET4_edited
illustration,ˌiləsˈtrei∫ən,,n.说明，图解；例证,CET4_edited
image,ˈimidʒ,,n.像；形象；映象,CET4_edited
imaginary,iˈmædʒinəri,,a.想象中的，假想的,CET4_edited
imagination,iˌmædʒiˈnei∫ən,,n.想象(力)；空想,CET4_edited
imagine,iˈmædʒin,,vt.想象，设想；料想,CET4_edited
imitate,ˈimiteit,,vt.模仿，仿效；仿制,CET4_edited
immediate,iˈmiːdjət,,a.立即的；直接的,CET4_edited
immediately,iˈmiːdjətli,,ad.立即；直接地,CET4_edited
immense,iˈmens,,a.巨大的；极好的,CET4_edited
immigrant,ˈimigrənt,,n.移民 a.移民的,CET4_edited
impact,ˈimpækt,,n.影响，作用；冲击,CET4_edited
impatient,imˈpei∫ənt,,a.不耐烦的，急躁的,CET4_edited
implication,ˌimpliˈkei∫ən,,n.含义，暗示，暗指,CET4_edited
imply,imˈplai,,vt.暗示，意指,CET4_edited
import,imˈpɔːt,,vt.&n.输入，进口,CET4_edited
importance,imˈpɔːtəns,,n.重要；重要性,CET4_edited
important,imˈpɔːtənt,,a.重要的；有势力的,CET4_edited
impose,imˈpəuz,,vt.把…强加；征(税),CET4_edited
impossible,imˈpɔsəbl,,a.不可能的，办不到的,CET4_edited
impress,imˈpres,,vt.给…深刻印象,CET4_edited
impression,imˈpre∫ən,,n.印；印象；印记,CET4_edited
impressive,imˈpresiv,,a.给人印象深刻的,CET4_edited
imprison,imˈprizn,,vt.关押，监禁；限制,CET4_edited
improve,imˈpruːv,,vt.使更好 vi.改善,CET4_edited
improvement,imˈpruːvmənt,,n.改进，改善；改进处,CET4_edited
in,in,,prep.在…里 ad.进，入,CET4_edited
inch,int∫,,n.英寸,CET4_edited
incident,ˈinsidənt,,n.发生的事；事件,CET4_edited
incline,inˈklain,,n.斜坡 vt.使倾斜,CET4_edited
include,inˈ kluːd,,vt.包括，包含,CET4_edited
income,ˈinkəm,,n.收入；收益；进款,CET4_edited
incorrect,ˌinkəˈrekt,,a.不正确的，错误的,CET4_edited
increase,inˈkriːs,,vt.&vi.&n.增加,CET4_edited
increasingly,inˈkriːsiŋli,,ad.日益，越来越多地,CET4_edited
indeed,inˈdiːd,,ad.真正地；确实,CET4_edited
indefinite,inˈdefinit,,a.不明确的；不定的,CET4_edited
independence,ˌindiˈpendəns,,"n.独立,自主/立",CET4_edited
independent,indiˈpendənt,,a.独立的;自主的,CET4_edited
index,ˈindeks,,n.索引；指数；指标,CET4_edited
India,ˈindjə,,n.印度,CET4_edited
Indian,ˈindjən,,a.印度的 n.印度人,CET4_edited
indicate,ˈindikeit,,vt.标示，表示；表明,CET4_edited
indication,ˌindiˈkei∫ən,,n.指示;表示；表明,CET4_edited
indifferent,inˈdifərənt,,a.冷漠的；不积极的,CET4_edited
indignant,inˈdignənt,,a.愤慨的，义愤的,CET4_edited
indirect,ˌindiˈrekt,,a.间接的；不坦率的,CET4_edited
indispensable,ˌindisˈpensəbl,,a.必不可少的，必需的,CET4_edited
individual,ˌindiˈvidjuəl,,a.个别的；独特的,CET4_edited
indoors,ˈinˈdɔːz,,ad.在室内，在屋里,CET4_edited
industrial,inˈdʌstriəl,,a.工业的；产业的,CET4_edited
industrialize,inˈdʌstriəlaiz,,vt.使工业化,CET4_edited
industry,ˈindəstri,,n.工业，产业；勤劳,CET4_edited
inefficient,ˌiniˈfi∫ənt,,a.效率低的，无能的,CET4_edited
inevitable,inˈevitəbl,,a.不可避免的，必然的,CET4_edited
inexpensive,ˌiniksˈpensiv,,"a.花费不多的,廉价的",CET4_edited
infant,ˈinfənt,,n.婴儿 a.婴儿的,CET4_edited
infect,inˈfekt,,vt.传染；感染,CET4_edited
infer,inˈfəː,,vt.推论，推断；猜想,CET4_edited
inferior,inˈfiəriə,,a.下等的；劣等的,CET4_edited
infinite,ˈinfinit,,a.无限的；无数的,CET4_edited
influence,ˈinfluəns,,n.影响；势力 vt.影响,CET4_edited
influential,ˌinfluˈen∫əl,,a.有影响的；有权势的,CET4_edited
inform,inˈfɔːm,,vt.通知，向…报告,CET4_edited
information,ˌinfəˈmei∫ən,,n.消息，信息；通知,CET4_edited
inhabit,inˈhæbit,,vt.居住于，栖息于,CET4_edited
inhabitant,inˈhæbitənt,,n.居民，住户,CET4_edited
inherit,inˈherit,,vt.继承(传统等),CET4_edited
initial,iˈni∫əl,,a.最初的；词首的,CET4_edited
injection,inˈdʒek∫ən,,n.注射，注入；充满,CET4_edited
injure,ˈindʒə,,vt.伤害，损害，损伤,CET4_edited
injury,ˈindʒəri,,n.损害，伤害；受伤处,CET4_edited
ink,iŋk,,n.墨水，油墨,CET4_edited
inn,in,,n.小旅店；小酒店,CET4_edited
inner,ˈinə,,a.内部的；内心的,CET4_edited
innocent,ˈinəsnt,,a.清白的，幼稚的,CET4_edited
input,ˈinput,,n.输入；投入的资金,CET4_edited
inquire,inˈkwaiə,,vt.打听，询问；调查,CET4_edited
inquiry,inˈkwaiəri,,n.询问，打听；调查,CET4_edited
insect,ˈinsekt,,n.昆虫，虫,CET4_edited
insert,inˈsəːt,,vt.插入; 嵌入; 登载,CET4_edited
inside,ˈinˈsaid,,prep.在…里面 n.内部,CET4_edited
insist,inˈsist,,vi.坚持；坚持要求,CET4_edited
inspect,inˈspekt,,vt.检查，审查；检阅,CET4_edited
inspection,inˈspek∫ən,,n.检查，审查；检阅,CET4_edited
inspire,inˈspaiə,,vt.鼓舞；给…以灵感,CET4_edited
install,inˈstɔːl,,vt.安装，设置,CET4_edited
installation,ˌinstəˈlei∫ən,,n.安装；装置；设施,CET4_edited
instance,ˈinstəns,,n.例子，实例，事例,CET4_edited
instant,ˈinstənt,,n.瞬间 a.立即的,CET4_edited
instantly,ˈinstəntli,,ad.立即，即刻,CET4_edited
instead,inˈsted,,ad.代替，顶替；反而,CET4_edited
instinct,ˈinstiŋkt,,n.本能；直觉；生性,CET4_edited
institute,ˈinstitjuːt,,n.研究所；学院,CET4_edited
institution,ˌinstiˈtjuː∫ən,,n.协会;制度，习俗,CET4_edited
instruction,inˈstrʌk∫ən,,n.命令;教学；教训,CET4_edited
instrument,ˈinstrumənt,,n.仪器;工具；乐器,CET4_edited
insufficient,ˌinsəˈfi∫ənt,,a.不足的;不适当的,CET4_edited
insult,ˈinsʌlt,,vt.&n.侮辱，凌辱,CET4_edited
insurance,inˈ∫uərəns,,n.保险；保险费,CET4_edited
insure,inˈ∫uə,,vt.给…保险；确保,CET4_edited
intellectual,ˌintiˈlektjuəl,,n.知识分子 a.智力的,CET4_edited
intelligence,inˈtelidʒəns,,n.智力；理解力；情报,CET4_edited
intelligent,inˈtelidʒənt,,a.聪明的；理智的,CET4_edited
intend,inˈtend,,vt.想要，打算；意指,CET4_edited
intense,inˈtens,,a.强烈的；紧张的,CET4_edited
intensity,inˈtensiti,,n.强烈，剧烈；强度,CET4_edited
intensive,inˈtensiv,,a.加强的；精耕细作的,CET4_edited
intention,inˈten∫ən,,n.意图，意向，目的,CET4_edited
intentional,inˈten∫ənəl,,a.故意的，有意识的,CET4_edited
interaction,ˌintərˈæk∫ən,,n.相互作用；干扰,CET4_edited
interest,ˈintrist,,n.兴趣；利益；利息,CET4_edited
interesting,ˈintristiŋ,,a.有趣的，引人入胜的,CET4_edited
interfere,ˌintəˈfiə,,vi.干涉，干预；妨碍,CET4_edited
interference,ˌintəˈfiərəns,,"n.干涉,干预;阻碍",CET4_edited
interior,inˈtiəriə,,a.内的；内地的 n.内部,CET4_edited
intermediate,ˌintəˈmiːdjət,,a.中间/级的,CET4_edited
internal,inˈtəːnl,,a.内的；国内的,CET4_edited
international,ˌintə(ː)ˈnæ∫ənəl,,a.国际的，世界(性)的,CET4_edited
interpret,inˈtəːprit,,vt.解释，说明；口译,CET4_edited
interpretation,inˌtəːpriˈtei∫ən,,n.解释；口译,CET4_edited
interpreter,inˈtəːpritə,,n.译员，口译者,CET4_edited
interrupt,ˌintəˈrʌpt,,vt.打断，打扰；中止,CET4_edited
interruption,ˌintəˈrʌp∫ən,,n.中断，打断；障碍物,CET4_edited
interval,ˈintəvəl,,n.间隔；休息；间距,CET4_edited
interview,ˈintəvjuː,,n.接见；会见；面谈,CET4_edited
intimate,ˈintimit,,a.亲密的；个人的,CET4_edited
into,ˈintu,,prep.进，入；进入到,CET4_edited
introduce,ˌintrəˈdjuːs,,vt.介绍；引进，传入,CET4_edited
introduction,ˌintrəˈdʌk∫ən,,n.介绍；引进；引言,CET4_edited
invade,inˈveid,,vt.入侵，侵略；侵袭,CET4_edited
invasion,inˈveiʒən,,n.入侵，侵略；侵犯,CET4_edited
invent,inˈvent,,vt.发明，创造；捏造,CET4_edited
invention,inˈven∫ən,,n.发明，创造；捏造,CET4_edited
inventor,inˈventə(r),,n.发明者；发明家,CET4_edited
invest,inˈvest,,vt.投资；投入,CET4_edited
investigate,inˈvestigeit,,vt.&vi.调查,CET4_edited
investigation,inˌvestiˈgei∫ən,,n.调查，调查研究,CET4_edited
investment,inˈvestmənt,,n.投资(额)，投入,CET4_edited
invisible,inˈvizəbl,,a.看不见的，无形的,CET4_edited
invitation,ˌinviˈtei∫ən,,n.邀请，招待；请柬,CET4_edited
invite,inˈvait,,vt.邀请，聘请；招待,CET4_edited
involve,inˈvɔlv,,vt.使卷入；牵涉,CET4_edited
inward,ˈinwəd,,a.里面的 ad.向内,CET4_edited
iron,ˈaiən,,n.铁；烙铁 vt.烫(衣),CET4_edited
irregular,iˈregjulə,,a.不规则的；不整齐的,CET4_edited
island,ˈailənd,,n.岛，岛屿,CET4_edited
isolate,ˈaisəleit,,vt.使隔离，使孤立,CET4_edited
issue,ˈisjuː,,n.问题；发行 vt.发行,CET4_edited
it,it,,pron.这，那，它,CET4_edited
Italian,iˈtæljən,,a.意大利的 n.意大利人,CET4_edited
item,ˈaitəm,,n.条，条款；一条,CET4_edited
its,its,,pron.它的,CET4_edited
itself,itˈself,,pron.它自己；自身,CET4_edited
jacket,ˈdʒækit,,n.短上衣，茄克衫,CET4_edited
jail,dʒeil,,n.监狱 vi.监禁,CET4_edited
jam,dʒæm,,n.果酱,CET4_edited
January,ˈdʒænjuəri,,n.一月,CET4_edited
Japan,dʒəˈpæn,,n.日本，日本国,CET4_edited
Japanese,dʒæpəˈniːz,,a.日本的 n.日本人,CET4_edited
jar,dʒɑː,,n.罐子，坛子，广口瓶,CET4_edited
jaw,dʒɔː,,n.颌，颚,CET4_edited
jazz,dʒæz,,n.爵士音乐，爵士舞曲,CET4_edited
jealous,ˈdʒeləs,,a.妒忌的；猜疑的,CET4_edited
jet,dʒet,,n.喷气式飞机；喷嘴,CET4_edited
jewel,ˈdʒuːəl,,n.宝石；宝石饰物,CET4_edited
jewish,ˈdʒu(ː)i∫,,a.犹太人的,CET4_edited
job,dʒɔb,,n.职业；工作；零活,CET4_edited
join,dʒɔin,,vt.参加；连接,CET4_edited
joint,dʒɔint,,n.接头，接缝；关节,CET4_edited
joke,dʒəuk,,n.笑话 vi.说笑话,CET4_edited
jolly,ˈdʒɔli,,a.快活的；令人高兴的,CET4_edited
journal,ˈdʒəːnl,,n.日报，杂志；日志,CET4_edited
journalist,ˈdʒəːnəlist,,n.记者，新闻工作者,CET4_edited
journey,ˈdʒəːni,,n.旅行，旅程 n.旅行,CET4_edited
joy,dʒɔi,,n.欢乐，喜悦；乐事,CET4_edited
joyful,ˈdʒɔiful,,a.十分喜悦的，快乐的,CET4_edited
judge,dʒʌdʒ,,n.法官；裁判员,CET4_edited
judgement,ˈdʒʌdʒmənt,,n.意见；审判；判断,CET4_edited
juice,dʒuːs,,n.(水果等)汁，液,CET4_edited
July,dʒu(ː)ˈlai,,n.七月,CET4_edited
jump,dʒʌmp,,vi.跳；暴涨 vt.跳过,CET4_edited
June,dʒuːn,,n.六月,CET4_edited
jungle,ˈdʒʌŋgl,,n.丛林，密林，莽丛,CET4_edited
junior,ˈdʒuːnjə,,a.年少的 n.晚辈,CET4_edited
jury,ˈdʒuəri,,n.陪审团；评奖团,CET4_edited
just,dʒʌst,,ad.刚才；只是；正好,CET4_edited
justice,ˈdʒʌstis,,n.正义，公正；司法,CET4_edited
justify,ˈdʒʌstifai,,vt.证明…是正当的,CET4_edited
keen,kiːn,,a.热心的；激烈的,CET4_edited
keep,kiːp,,vi.保持；坚持,CET4_edited
keeper,ˈkiːpə,,n.看护人；饲养员,CET4_edited
kettle,ˈketl,,n.水壶，水锅,CET4_edited
key,kiː,,n.钥匙；键；答案,CET4_edited
keyboard,ˈkiːbɔːd,,n.键盘,CET4_edited
kick,kik,,vi.&vt.&n.踢,CET4_edited
kid,kid,,n.小孩，儿童，少年,CET4_edited
kill,kil,,vi.杀死；扼杀；消磨,CET4_edited
kilogram,ˈkiləgræm,,n.千克，公斤,CET4_edited
kilometer,ˈkiləmiːtə,,n.千米，公里,CET4_edited
kind,kaind,,n.种类,CET4_edited
kind,kaind,,a.友好的；和蔼的,CET4_edited
kindness,ˈkaindnis,,n.仁慈，好意,CET4_edited
king,kiŋ,,n.国王，君主,CET4_edited
kingdom,ˈkiŋdəm,,n.王国；领域，界,CET4_edited
kiss,kis,,vt.吻 vi.接吻 n.吻,CET4_edited
kitchen,ˈkit∫in,,n.厨房，灶间,CET4_edited
kite,kait,,n.风筝,CET4_edited
knee,niː,,n.膝，膝盖，膝关节,CET4_edited
kneel,niːl,,vi.跪，跪下，跪着,CET4_edited
knife,naif,,n.小刀，刀，餐刀,CET4_edited
knit,nit,,vt.把…编结 vi.编织,CET4_edited
knob,nɔb,,n.门把，拉手；旋纽,CET4_edited
knock,nɔk,,vi.&vt.&n.敲，击，打,CET4_edited
knot,nɔt,,n.(绳的)结，(树的)节,CET4_edited
know,nəu,,vt.知道；认识；通晓,CET4_edited
knowledge,ˈnɔlidʒ,,n.知识，学识；知道,CET4_edited
lab,læb,,n.实验室，研究室,CET4_edited
label,ˈleibl,,n.标签；标记，符号,CET4_edited
laboratory,ˈlæbərətəri,,n.实验室，研究室,CET4_edited
labour,ˈleibə(r),,n.劳动；工作；劳工,CET4_edited
lace,leis,,n.鞋带，系带；花边,CET4_edited
lack,læk,,vi.&vi.&n.缺乏，不足,CET4_edited
ladder,ˈlædə,,n.梯子，梯状物,CET4_edited
lady,ˈleidi,,n.女士，夫人；贵妇人,CET4_edited
lag,læg,,vi.走得慢 n.落后,CET4_edited
lake,leik,,n.湖,CET4_edited
lamb,læm,,n.羔羊，小羊；羔羊肉,CET4_edited
lame,leim,,a.跛的；瘸的，残废的,CET4_edited
lamp,læmp,,n.灯,CET4_edited
land,lænd,,n.陆地；土地 vi.上岸,CET4_edited
landing,ˈlændiŋ,,n.上岸，登陆，着陆,CET4_edited
landlady,ˈlændleidi,,n.女房东；女地主,CET4_edited
landlord,ˈlændlɔːd,,n.地主；房东，店主,CET4_edited
lane,lein,,n.(乡间)小路；跑道,CET4_edited
language,ˈlæŋgwidʒ,,n.语言，语言课程,CET4_edited
lantern,ˈlæntən,,n.提灯，灯笼,CET4_edited
lap,læp,,n.膝部；一圈,CET4_edited
large,lɑːdʒ,,a.大的；巨大的,CET4_edited
largely,ˈlɑːdʒli,,ad.大部分；大量地,CET4_edited
laser,ˈleizə,,n.激光,CET4_edited
last,lɑːst,,a.最后的 ad.最后,CET4_edited
last,lɑːst,,vi.持续，持久；耐久,CET4_edited
late,leit,,a.迟的 ad.迟，晚,CET4_edited
lately,ˈleitli,,ad.最近，不久前,CET4_edited
later,ˈleitə,,ad.后来；过一会儿,CET4_edited
Latin,ˈlætin,,a.拉丁的 n.拉丁语,CET4_edited
latter,ˈlætə,,a.(两者中)后者的,CET4_edited
laugh,lɑːf,,vi.笑，发笑 n.笑,CET4_edited
laughter,ˈlɑːftə,,n.笑，笑声,CET4_edited
launch,lɔːnt∫,,vt.发射，投射；发动,CET4_edited
laundry,ˈlɔːndri,,n.洗衣房，洗衣店,CET4_edited
lavatory,ˈlævəˌtəri,,n.盥洗室，厕所,CET4_edited
law,lɔː,,n.法律，法令；法则,CET4_edited
lawn,lɔːn,,n.草地，草坪，草场,CET4_edited
lawyer,ˈlɔːjə,,n.律师；法学家,CET4_edited
lay,lei,,vt.置放；铺设；设置,CET4_edited
layer,ˈleiə,,n.层，层次；铺设者,CET4_edited
layout,ˈleiˌaut,,n.布局，安排，设计,CET4_edited
lazy,ˈleizi,,a.懒惰的，懒散的,CET4_edited
lead,liːd,,vt.为…带路；领导,CET4_edited
lead,liːd,,n.铅，铅制品,CET4_edited
leader,ˈliːdə,,n.领袖，领导人；首领,CET4_edited
leadership,ˈliːdə∫ip,,n.领导,CET4_edited
leading,ˈliːdiŋ,,a.指导的；最主要的,CET4_edited
leaf,liːf,,n.叶，叶子,CET4_edited
league,liːg,,n.同盟，联盟；联合会,CET4_edited
leak,liːk,,vi.漏；泄露 n.漏洞,CET4_edited
lean,liːn,,vi.倾斜，屈身；靠,CET4_edited
leap,liːp,,vi.跳，跃 n.跳跃,CET4_edited
learn,ləːn,,vi.&vt.学，学习,CET4_edited
learned,ˈləːnid,,a.有学问的；学术上的,CET4_edited
learning,ˈləːniŋ,,n.学习；学问，知识,CET4_edited
least,liːst,,a.最少的 ad.最少,CET4_edited
leather,ˈleðə,,n.皮革；皮革制品,CET4_edited
leave,liːv,,vi.离去 vt.离开,CET4_edited
lecture,ˈlekt∫ə,,n.&vi.演讲，讲课,CET4_edited
left,left,,a.左边的 ad.在左边,CET4_edited
leg,leg,,n.腿，腿部,CET4_edited
legal,ˈliːgəl,,a.法律的；合法的,CET4_edited
legend,ˈledʒənd,,n.传说，传奇,CET4_edited
leisure,ˈliːʒə,,n.空闲时间；悠闲,CET4_edited
lemon,ˈlemən,,n.柠檬，柠檬树,CET4_edited
lend,lend,,vt.把…借给，贷(款),CET4_edited
length,leŋθ,,n.长，长度；一段,CET4_edited
lens,lenz,,n.透镜，镜片；镜头,CET4_edited
less,les,,a.更少的 ad.更少地,CET4_edited
lessen,ˈlesn,,vt.减少，减轻；缩小,CET4_edited
lesson,ˈlesn,,n.功课，课；课程,CET4_edited
lest,lest,,conj.惟恐，以免,CET4_edited
let,let,,vt.允许，让；使,CET4_edited
letter,ˈletə,,n.信；证书；字母,CET4_edited
level,ˈlev(ə)l,,n.水平面 a.水平的,CET4_edited
lever,ˈliːvə,,n.杆，杠杆；控制杆,CET4_edited
liable,ˈlaiəbl,,a.易于…的；可能的,CET4_edited
liar,ˈlaiə,,n.说谎的人,CET4_edited
liberal,ˈlibərəl,,a.心胸宽大的；慷慨的,CET4_edited
liberate,ˈlibəreit,,vt.解放；释放,CET4_edited
liberation,ˌlibəˈrei∫ən,,n.解放,CET4_edited
liberty,ˈlibəti,,n.自由；释放；许可,CET4_edited
librarian,laiˈbreəriən,,n.图书馆馆长,CET4_edited
library,ˈlaibrəri,,n.图书馆；藏书,CET4_edited
license,ˈlaisəns,,n.许可；执照 vt.准许,CET4_edited
lick,lik,,vt.舔；舔吃,CET4_edited
lid,lid,,n.盖子，盖，囊盖,CET4_edited
lie,lai,,vi.躺，平放；位于,CET4_edited
lieutenant,ljuːˈtenənt,,n.陆军中尉；副职官员,CET4_edited
life,laif,,n.生命；一生；寿命,CET4_edited
lifetime,ˈlaiftaim,,n.一生，终身,CET4_edited
lift,lift,,vt.提起，提高 n.电梯,CET4_edited
light,lait,,n.光，光线；灯，光源,CET4_edited
light,lait,,a.轻的，少量的,CET4_edited
lighten,ˈlaitn,,vt.照亮，使明亮,CET4_edited
lightly,ˈlaitli,,ad.轻轻地，轻松地,CET4_edited
lightning,ˈlaitniŋ,,n.闪电，闪电放电,CET4_edited
like,laik,,vt.喜欢；喜爱；希望,CET4_edited
likely,ˈlaikli,,a.可能的 ad.很可能,CET4_edited
likewise,ˈlaikˌwaiz,,ad.同样地；也，又,CET4_edited
limb,lim,,n.肢，臂，翼；树枝,CET4_edited
lime,laim,,n.石灰,CET4_edited
limit,ˈlimit,,n.限度；限制；范围,CET4_edited
limitation,ˌlimiˈtei∫ən,,n.限制；限度，局限,CET4_edited
limited,ˈlimitid,,a.有限的,CET4_edited
line,lain,,n.线；排；路线；线条,CET4_edited
linen,ˈlinin,,n.亚麻布；亚麻织物,CET4_edited
liner,ˈlainə(r),,n.班船，班机,CET4_edited
link,liŋk,,vt.有环连接 n.环,CET4_edited
lion,ˈlaiən,,n.狮子；勇猛的人,CET4_edited
lip,lip,,n.嘴唇,CET4_edited
liquid,ˈlikwid,,n.液体 a.液体的,CET4_edited
liquor,ˈlikə,,n.酒；溶液，液剂,CET4_edited
list,list,,n.表，目录 n.列举,CET4_edited
listen,ˈlisn,,vi.听，留神听；听从,CET4_edited
listener,ˈlisnə,,n.听者，听众之一,CET4_edited
liter,ˈliːtə,,n.升(容量单位),CET4_edited
literary,ˈlitərəri,,a.文学(上)的,CET4_edited
literature,ˈlitərit∫ə,,n.文学；文献,CET4_edited
little,ˈlitl,,a.小的；少；幼小的,CET4_edited
live,liv,,vi.居住；活 a.活的,CET4_edited
lively,ˈlaivli,,a.活泼的；逼真的,CET4_edited
liver,ˈlivə,,n.肝；肝脏,CET4_edited
living,ˈliviŋ,,a.活的 n.生活，生计,CET4_edited
load,ləud,,vt.装；装满 n.负载,CET4_edited
loaf,ləuf,,n.一条面包，一个面包,CET4_edited
loan,ləun,,n.贷款；暂借 vt.借出,CET4_edited
local,ˈləukəl,,a.地方的；局部的,CET4_edited
locate,ləuˈkeit,,vt.探明，找出，查出,CET4_edited
location,ləuˈkei∫ən,,n.位置，场所,CET4_edited
lock,lɔk,,n.锁 vt.锁上，锁住,CET4_edited
locomotive,ˌləukəˈməutiv,,n.火车头，机车,CET4_edited
lodge,lɔdʒ,,vi.暂住，借宿，投宿,CET4_edited
log,lɔg,,n.原木，木料,CET4_edited
logic,ˈlɔdʒik,,n.逻辑，推理；逻辑性,CET4_edited
logical,ˈlɔdʒikəl,,a.逻辑的；符合逻辑的,CET4_edited
lonely,ˈləunli,,a.孤独的；荒凉的,CET4_edited
long,lɔŋ,,a.长的；远的 ad.长久,CET4_edited
look,luk,,vi.看，显得 n.看,CET4_edited
loop,luːp,,n.圈，环，环孔,CET4_edited
loose,luːs,,a.松的；宽松的,CET4_edited
loosen,ˈluːsn,,vt.解开；使松驰,CET4_edited
lord,lɔːd,,n.贵族；上帝，基督,CET4_edited
lorry,ˈlɔri,,n.运货汽车，卡车,CET4_edited
lose,luːz,,vt.失去；迷失；输掉,CET4_edited
loss,lɔs,,n.遗失；损失；失败,CET4_edited
lot,lɔt,,n.许多，大量；签，阄,CET4_edited
loud,laud,,a.响亮的；吵闹的,CET4_edited
loudspeaker,ˈlaudˈspiːkə,,n.扬声器，喇叭,CET4_edited
love,lʌv,,vt.爱，喜欢 n.爱,CET4_edited
lovely,ˈlʌvli,,a.可爱的；令人愉快的,CET4_edited
lover,ˈlʌvə,,n.爱好者；情人；情侣,CET4_edited
low,ləu,,a.低的，矮的；低下的,CET4_edited
lower,ˈləuə,,a.较低的 vt.放下,CET4_edited
loyal,ˈlɔiəl,,a.忠诚的，忠心的,CET4_edited
loyalty,ˈlɔiəlti,,n.忠诚，忠心,CET4_edited
luck,lʌk,,n.运气；好运，幸运,CET4_edited
lucky,ˈlʌki,,a.幸运的；吉祥的,CET4_edited
luggage,ˈlʌgidʒ,,n.行李；皮箱，皮包,CET4_edited
lumber,ˈlʌmbə,,n.木材；木料；制材,CET4_edited
lump,lʌmp,,n.团，块；肿块,CET4_edited
lunch,lʌnt∫,,n.午餐，(美)便餐,CET4_edited
lung,lʌŋ,,n.肺脏，肺,CET4_edited
luxury,ˈlʌk∫əri,,n.奢侈，奢华；奢侈品,CET4_edited
machine,məˈ∫iːn,,n.机器；机械,CET4_edited
mad,mæd,,a.发疯的；恼火的,CET4_edited
madam,ˈmædəm,,n.夫人，女士，太太,CET4_edited
magazine,ˌmægəˈziːn,,n.杂志，期刊,CET4_edited
magic,ˈmædʒik,,n.魔法，巫术；戏法,CET4_edited
magnet,ˈmægnit,,n.磁铁，磁石，磁体,CET4_edited
magnetic,mægˈnetik,,a.磁的，有吸引力的,CET4_edited
magnificent,mægˈnifisnt,,n.壮丽的；华丽的,CET4_edited
maid,meid,,n.女佣，女仆；少女,CET4_edited
mail,meil,,n.邮件 vt.邮寄,CET4_edited
main,mein,,a.主要的，最重要的,CET4_edited
mainly,ˈmeinli,,ad.主要地，大体上,CET4_edited
mainland,"ˈmeinlənd,-lænd",,n.大陆,CET4_edited
maintain,meinˈtein,,vt.维持；赡养；维修,CET4_edited
maintenance,ˈmeintinəns,,n.维持，保持；维修,CET4_edited
major,ˈmeidʒə,,a.较大的 n.专业,CET4_edited
majority,məˈdʒɔriti,,n.多数，大多数,CET4_edited
make,meik,,vt.使；做，制造,CET4_edited
male,meil,,a.男的，雄的 n.男子,CET4_edited
man,mæn,,n.男人；人；人类,CET4_edited
manage,ˈmænidʒ,,vt.管理；设法；对付,CET4_edited
management,ˈmænidʒmənt,,n.管理；经营，处理,CET4_edited
mankind,mænˈkaind,,n.人类,CET4_edited
manly,ˈmænli,,a.男子气概的，果断的,CET4_edited
manner,ˈmænə,,n.方式；态度；礼貌,CET4_edited
manual,ˈmænjuəl,,a.体力的 n.手册,CET4_edited
manufacture,ˌmænjuˈfækt∫ə,,vt.制造 n.制造；产品,CET4_edited
manufacturer,ˌmænjuˈfækt∫ərə,,n.制造商/厂,CET4_edited
many,ˈmeni,,a.许多的 pron.许多人,CET4_edited
map,mæp,,n.地图；图；天体图,CET4_edited
marble,ˈmɑːbl,,n.大理石,CET4_edited
March,mɑːt∫,,n.三月,CET4_edited
margin,ˈmɑːdʒin,,n.页边的空白；边缘,CET4_edited
marine,məˈriːn,,a.海的；海上的,CET4_edited
mark,mɑːk,,n.斑点；记号 vt.标明,CET4_edited
market,ˈmɑːkit,,n.市场；集市；销路,CET4_edited
marriage,ˈmæridʒ,,n.结婚，婚姻；婚礼,CET4_edited
married,ˈmærid,,a.已婚的；婚姻的,CET4_edited
marry,ˈmæri,,vt.娶，嫁 vi.结婚,CET4_edited
marvelous,ˈmɑːvəl,,a.奇迹般的；了不起的,CET4_edited
Marxism,ˈmɑːksiz(ə)m,,n.马克思主义,CET4_edited
Marxist,ˈmɑːksist,,a.马克思主义的,CET4_edited
mask,mɑːsk,,n.面具；伪装 vt.掩饰,CET4_edited
mass,mæs,,n.众多；团；群众,CET4_edited
master,ˈmɑːstə,,n.主人；能手；硕士,CET4_edited
masterpiece,ˈmɑːstəpiːs,,n.杰作，名著,CET4_edited
mat,mæt,,n.席子；草席；垫子,CET4_edited
match,mæt∫,,n.比赛，竞赛；对手,CET4_edited
mate,meit,,n.伙伴，同事；配偶,CET4_edited
material,məˈtiəriəl,,n.材料；素材 a.物质的,CET4_edited
materialism,məˈtiəriəlizəm,,n.唯物主义,CET4_edited
mathematical,ˌmæθiˈmætikəl,,a.数学(上)的,CET4_edited
mathematics,ˌmæθiˈmætiks,,n.数学,CET4_edited
maths,mæθs,,n.(英)数学,CET4_edited
matter,ˈmætə,,n.事情；物质 vi.要紧,CET4_edited
mature,məˈtjuə,,a.成熟的 vt.使成熟,CET4_edited
maximum,ˈmæksiməm,,n.最大量 a.最大的,CET4_edited
May,mei,,n.五月,CET4_edited
maybe,ˈmeibi,,ad.大概，或许；也许,CET4_edited
mayor,meə,,n.市长,CET4_edited
me,miː,,pron.(宾格)我,CET4_edited
meadow,ˈmedəu,,n.草地，牧草地,CET4_edited
meal,miːl,,n.膳食，一餐,CET4_edited
mean,miːn,,vt.作…解释；意指,CET4_edited
meaning,ˈmiːniŋ,,n.意义，意思；意图,CET4_edited
means,miːnz,,n.方法，手段，工具,CET4_edited
meantime,ˈmiːnˈtaim,,n.其时/间 ad.当时,CET4_edited
meanwhile,ˈminhwail,,ad.同时，当时,CET4_edited
measurable,ˈmeʒərəbl,,a.可测量的,CET4_edited
measure,ˈmeʒə,,vt.量，测量 n.分量,CET4_edited
measurement,ˈmeʒəmənt,,"n.衡量,测量；尺寸",CET4_edited
meat,miːt,,n.肉,CET4_edited
mechanic,miˈkænik,,n.技工，机械，机修工,CET4_edited
mechanical,miˈkænikl,,a.机械的；力学的,CET4_edited
mechanically,miˈkænikəli,,ad.机械地,CET4_edited
mechanics,miˈkæniks,,n.力学；技术性细节,CET4_edited
medal,ˈmedl,,n.奖章，勋章，纪念章,CET4_edited
medical,ˈmedikəl,,a.医学的；内科的,CET4_edited
medicine,ˈmedisn,,n.内服药；医学,CET4_edited
Mediterranean,meditəˈreiniən,,n.地中海 a.地中海的,CET4_edited
medium,ˈmiːdjəm,,n.媒质；中间 a.中等的,CET4_edited
meet,miːt,,vt.遇见 vi.相遇,CET4_edited
meeting,ˈmiːtiŋ,,n.聚集，会合，会见,CET4_edited
melon,ˈmelən,,n.瓜，甜瓜,CET4_edited
melt,melt,,vi.融化 vt.使融化,CET4_edited
member,ˈmembə,,n.成员，会员,CET4_edited
memorial,miˈmɔːriəl,,a.纪念的；记忆的,CET4_edited
memory,ˈmeməri,,n.记忆；回忆；存储,CET4_edited
mend,mend,,vt.修理，修补，缝补,CET4_edited
mental,ˈmentl,,a.智力的；精神的,CET4_edited
mention,ˈmen∫ən,,vt.&n.提及，说起,CET4_edited
menu,ˈmenjuː,,n.菜单；饭菜，菜肴,CET4_edited
merchant,ˈməːt∫ənt,,n.商人；零售商,CET4_edited
mercury,ˈməːkjuri,,n.水银，汞,CET4_edited
mercy,ˈməːsi,,n.仁慈，慈悲，恩惠,CET4_edited
mere,miə,,a.仅仅的；纯粹的,CET4_edited
merely,ˈmiəli,,ad.仅仅，只不过,CET4_edited
merit,ˈmerit,,n.长处，优点；功过,CET4_edited
merry,ˈmeri,,a.欢乐的，愉快的,CET4_edited
mess,mes,,n.混乱，混杂，肮脏,CET4_edited
message,ˈmesidʒ,,n.信息，消息；启示,CET4_edited
messenger,ˈmesindʒə,,n.送信者，信使,CET4_edited
metal,ˈmetl,,n.金属，金属制品,CET4_edited
meter,ˈmiːtə,,n.计量器，计，表,CET4_edited
method,ˈmeθəd,,n.方法，办法；教学法,CET4_edited
metre,ˈmiːtə,,n.米，公尺,CET4_edited
metric,ˈmetrik,,a.公制的，米制的,CET4_edited
microcomputer,ˈmaikrəukəmpjuːtə(r),,n.微型计算机，微机,CET4_edited
microphone,ˈmaikrəfəun,,n.话筒，麦克风,CET4_edited
microscope,ˈmaikrəskəup,,n.显微镜,CET4_edited
midday,ˈmiddei,,n.正午，中午,CET4_edited
middle,ˈmidl,,n.中部 a.中部的,CET4_edited
midnight,ˈmidˌnait,,n.午夜，子夜，夜半,CET4_edited
midst,ˈmidst,,n.中部，中间，当中,CET4_edited
might,mait,,v.aux.可能，会，也许,CET4_edited
might,mait,,n.力量，威力，能力,CET4_edited
mild,maild,,a.和缓的；温柔的,CET4_edited
mile,mail,,n.英里,CET4_edited
military,ˈmilitəri,,a.军事的；军人的,CET4_edited
milk,milk,,n.乳，牛奶 vt.挤(奶),CET4_edited
mill,mil,,n.磨坊；制造厂,CET4_edited
millimetre,ˈmiliˌmiːtə(r),,n.毫米,CET4_edited
million,ˈmiljən,,num.百万 n.许多,CET4_edited
mind,maind,,n.头脑；理智；记忆,CET4_edited
mine,main,,pron.我的,CET4_edited
mine,main,,n.矿，矿山；地雷,CET4_edited
miner,ˈmainə,,n.矿工,CET4_edited
mineral,ˈminərəl,,n.矿物 a.矿物的,CET4_edited
minimum,ˈminiməm,,n.最小量 a.最小的,CET4_edited
minister,ˈministə,,n.部长，大臣；公使,CET4_edited
ministry,ˈministri,,n.(政府的)部,CET4_edited
minor,ˈmainə,,a.较小的；较次要的,CET4_edited
minority,maiˈnɔriti,,n.少数；少数民族,CET4_edited
minus,ˈmainəs,,a.负的 prep.减(去),CET4_edited
minute,ˈminit,,n.分，分钟；一会儿,CET4_edited
miracle,ˈmirəkl,,n.奇迹，令人惊奇的人,CET4_edited
mirror,ˈmirə,,n.镜子 vt.反映，反射,CET4_edited
miserable,ˈmizərəbl,,a.痛苦的，悲惨的,CET4_edited
mislead,misˈliːd,,vt.使误入岐途,CET4_edited
miss,mis,,n.小姐,CET4_edited
missile,ˈmisail,,n.发射物；导弹,CET4_edited
missing,ˈmisiŋ,,a.缺掉的，失去的,CET4_edited
mission,ˈmi∫ən,,n.使命，任务；使团,CET4_edited
mist,mist,,n.薄雾,CET4_edited
mistake,misˈteik,,n.错误 vi.误解，弄错,CET4_edited
Mister,ˈmistə,,n.先生,CET4_edited
mistress,ˈmistris,,n.女主人；夫人,CET4_edited
misunderstand,ˈmisʌndəˈstænd,,"vt.误解/会,曲解",CET4_edited
mix,miks,,vt.使混合，混淆,CET4_edited
mixture,ˈmikst∫ə,,n.混合；混合物,CET4_edited
moan,məun,,n.呻吟声 vi.呻吟,CET4_edited
mobile,ˈməubail,,a.运动的；流动的,CET4_edited
mode,məud,,n.方式，样式,CET4_edited
model,ˈmɔdl,,n.模型；模式；模特儿,CET4_edited
moderate,ˈmɔdərit,,a.温和的；有节制的,CET4_edited
modern,ˈmɔdən,,a.现代的，近代的,CET4_edited
modest,ˈmɔdist,,a.有节制的；谦虚的,CET4_edited
modify,ˈmɔdifai,,vt.更改，修改；修饰,CET4_edited
moist,mɔist,,a.湿润的；多雨的,CET4_edited
moisture,ˈmɔist∫ə,,n.潮湿，湿气；温度,CET4_edited
molecule,ˈmɔlikjuːl,,n.分子，克分子,CET4_edited
moment,ˈməumənt,,n.片刻，瞬间，时刻,CET4_edited
Monday,ˈmʌndei,,n.星期一,CET4_edited
money,ˈmʌni,,n.货币；金钱，财富,CET4_edited
monitor,ˈmɔnitə,,n.班长；监视器,CET4_edited
monkey,mʌŋki,,n.猴子，猿,CET4_edited
month,mʌnθ,,n.月，月份,CET4_edited
monthly,ˈmʌnθli,,a.每月的 ad.每月,CET4_edited
monument,ˈmɔnjumənt,,n.纪念碑；纪念馆,CET4_edited
mood,muːd,,n.心情，情绪；语气,CET4_edited
moon,muːn,,n.月球，月亮；卫星,CET4_edited
moral,ˈmɔrəl,,a.道德的；合乎道德的,CET4_edited
more,mɔː(r),,a.更多的 ad.更,CET4_edited
moreover,mɔːˈrəuvə,,ad.再者，加之，此外,CET4_edited
morning,ˈmɔːniŋ,,n.早晨，上午,CET4_edited
mortal,ˈmɔːtl,,a.终有一死的；致死的,CET4_edited
mosquito,məsˈkiːtəu,,n.蚊子,CET4_edited
most,məust,,a.最多的 ad.最，很,CET4_edited
mostly,ˈməustli,,ad.主要的，大部分,CET4_edited
mother,ˈmʌðə,,n.母亲，妈妈,CET4_edited
motion,ˈməu∫ən,,n.运动；手势；提议,CET4_edited
motivate,ˈməutiveit,,vt.促动；激励，激发,CET4_edited
motive,ˈməutiv,,n.动机，目的,CET4_edited
motor,ˈməutə,,n.发动机；机动车,CET4_edited
mould,məuld,,n.模子，模型 vt.浇铸,CET4_edited
mount,maunt,,vt.登上，爬上 n.…山,CET4_edited
mountain,ˈmauntin,,n.山，山岳；山脉,CET4_edited
mourn,mɔːn,,vi.哀痛，哀悼,CET4_edited
mouse,maus,,n.鼠，耗子,CET4_edited
mouth,mauθ,,n.嘴，口，口腔,CET4_edited
mouthful,ˈmauθˌful,,n.满口，一口，少量,CET4_edited
move,muːv,,vt.移动；感动 n.动,CET4_edited
movement,ˈmuːvmənt,,"n.动作,活动;移动",CET4_edited
movie,ˈmuːvi,,n.电影；电影院,CET4_edited
much,mʌt∫,,ad.非常，很 a.许多的,CET4_edited
mud,mʌd,,n.软泥，泥浆,CET4_edited
muddy,ˈmʌdi,,a.多泥的，泥泞的,CET4_edited
mug,mʌg,,n.大杯,CET4_edited
multiple,ˈmʌltipl,,a.复合的；并联的,CET4_edited
multiply,ˈmʌltipli,,vt.使增加；乘,CET4_edited
murder,ˈməːdə,,n.&vi.谋杀，凶杀,CET4_edited
murderer,ˈməːdərə(r),,n.杀人犯，凶手,CET4_edited
muscle,ˈmʌsl,,n.肌肉，肌；体力,CET4_edited
museum,mju(ː)ˈziəm,,n.博物馆；展览馆,CET4_edited
mushroom,ˈmʌ∫rum,,n.蘑菇，菌类植物,CET4_edited
music,ˈmjuːzik,,n.音乐，乐曲，乐谱,CET4_edited
musical,ˈmjuːzikəl,,a.音乐的；和谐的,CET4_edited
musician,mjuːˈzi∫ən,,n.音乐家；作曲家,CET4_edited
must,mʌst,,v.aux.必须；必然要,CET4_edited
mute,mjuːt,,a.缄默的 n.哑巴,CET4_edited
mutter,ˈmʌtə,,vi.轻声低语；抱怨,CET4_edited
mutton,ˈmʌtn,,n.羊肉,CET4_edited
mutual,ˈmjuːtjuəl,,a.相互的；共同的,CET4_edited
my,mai,,pron.我的,CET4_edited
myself,maiˈself,,pron.我自己；我亲自,CET4_edited
mysterious,misˈtiəriəs,,a.神秘的；难以理解的,CET4_edited
mystery,ˈmistəri,,n.神秘；神秘的事物,CET4_edited
nail,neil,,n.钉；指甲 vt.钉,CET4_edited
naked,ˈneikid,,a.裸体的；无遮敝的,CET4_edited
name,neim,,n.名字；名誉 vt.说出,CET4_edited
namely,ˈneimli,,ad.即，也就是,CET4_edited
nap,næp,,n.小睡，打盹，瞌睡,CET4_edited
narrow,ˈnærəu,,a.狭的，狭窄的,CET4_edited
nasty,ˈnæsti,,a.龌龊的；淫猥的,CET4_edited
nation,ˈnei∫(ə)n,,n.民族；国家,CET4_edited
national,ˈnæ∫ənəl,,a.民族的；国家的,CET4_edited
nationality,ˌnæ∫əˈnæliti,,n.国籍；民族，族,CET4_edited
native,ˈneitiv,,a.本土的 n.本地人,CET4_edited
natural,ˈnæt∫ərəl,,a.自然界的；天然的,CET4_edited
naturally,ˈnæt∫ərəli,,ad.自然地；天然地,CET4_edited
nature,ˈneit∫ə,,n.大自然；本性；性质,CET4_edited
naughty,ˈnɔːti,,a.顽皮的，淘气的,CET4_edited
naval,ˈneivəl,,n.海军的，军舰的,CET4_edited
navigation,ˌnæviˈgei∫ən,,n.航行;航海术;导航,CET4_edited
navy,ˈneivi,,n.海军,CET4_edited
near,niə,,ad.近，接近 a.近的,CET4_edited
nearby,ˈniəbai,,a.附近的 ad.在附近,CET4_edited
nearly,ˈniəli,,ad.差不多；密切地,CET4_edited
neat,niːt,,a.整洁的；熟练的,CET4_edited
necessarily,nesiˈserili,,ad.必然，必定,CET4_edited
necessary,ˈnesəseri,,a.必要的；必然的,CET4_edited
necessity,niˈsesiti,,n.必要性；必然性,CET4_edited
neck,nek,,n.颈，脖子,CET4_edited
necklace,ˈneklis,,n.项链，项圈,CET4_edited
need,niːd,,vt.需要 v.aux.需要,CET4_edited
needle,ˈniːdl,,n.针，缝补，编织针,CET4_edited
needless,ˈniːdlis,,a.不需要的,CET4_edited
negative,ˈnegətiv,,a.否定的；消极的,CET4_edited
neglect,niˈglekt,,vt.忽视，忽略；疏忽,CET4_edited
Negro,ˈniːgrəu,,n.黑人,CET4_edited
neighbour,ˈneibə,,n.邻居，邻国，邻人,CET4_edited
neighbourhood,ˈneibəhud,,n.邻居关系；邻近,CET4_edited
neither,ˈniːðə,,a.(两者)都不的,CET4_edited
nephew,ˈnevjuː,,n.侄子，外甥,CET4_edited
nerve,nəːv,,n.神经；勇敢，胆量,CET4_edited
nervous,ˈnəːvəs,,a.神经的；易激动的,CET4_edited
nest,nest,,n.巢，窝，穴,CET4_edited
net,net,,n.网，网状物；通信网,CET4_edited
network,ˈnetwəːk,,n.网状物；网络,CET4_edited
neutral,ˈnjuːtrəl,,a.中立的；中性的,CET4_edited
never,ˈnevə,,ad.永不，决不；不,CET4_edited
nevertheless,ˌnevəðəˈles,,conj.然而 ad.仍然,CET4_edited
new,njuː,,a.新的；新近出现的,CET4_edited
newly,ˈnjuːli,,ad.新近，最近,CET4_edited
news,njuːz,,n.新闻，消息,CET4_edited
newspaper,ˈnjuːspeipə,,n.报纸，报,CET4_edited
next,nekst,,a.紧接的；贴近的,CET4_edited
nice,nais,,a.美好的，令人愉快的,CET4_edited
niece,niːs,,n.侄女，外甥女,CET4_edited
night,nait,,n.夜，夜间,CET4_edited
nine,nain,,num.九，九个,CET4_edited
nineteen,ˈnainˈtiːn,,num.十九，十九个,CET4_edited
ninety,ˈnainti,,num.九十，九十个,CET4_edited
ninth,nainθ,,num.第九；九分之一,CET4_edited
nitrogen,ˈnaitrədʒən,,n.氮,CET4_edited
no,nəu,,ad.不；并不 a.没有,CET4_edited
noble,ˈnəub(ə)l,,a.贵族的；高尚的,CET4_edited
nobody,ˈnəubədi,,pron.谁也不；无人,CET4_edited
nod,nɔd,,vt.点(头)；点头表示,CET4_edited
noise,nɔiz,,n.喧闹声；响声；噪声,CET4_edited
noisy,ˈnɔizi,,a.嘈杂的；喧闹的,CET4_edited
none,nʌn,,pron.没有人 ad.毫不,CET4_edited
nonsense,ˈnɔnsəns,,n.胡说，废话,CET4_edited
noon,nuːn,,n.正午，中午,CET4_edited
nor,nɔː,,conj.也不；不,CET4_edited
normal,ˈnɔːməl,,a.正常的，普通的,CET4_edited
normally,ˈnɔːməli,,ad.通常，正常地,CET4_edited
north,nɔːθ,,n.北，北方 a.北方的,CET4_edited
northeast,ˈnɔːθˈiːst,,n.东北 a.位于东北的,CET4_edited
northern,ˈnɔːðən,,a.北方的，北部的,CET4_edited
northwest,ˈnɔːθˈwest,,n.西北 a.位于西北的,CET4_edited
nose,nəuz,,n.鼻子；突出部分,CET4_edited
not,nɔt,,ad.不，没有,CET4_edited
note,nəut,,n.笔记；便条；注释,CET4_edited
notebook,ˈnəutbuk,,n.笔记本，期票簿,CET4_edited
nothing,ˈnʌθiŋ,,n.没有东西 ad.毫不,CET4_edited
notice,ˈnəutis,,vt.注意 n.通知；注意,CET4_edited
noticeable,ˈnəutisəbl,,a.显而易见/重要的,CET4_edited
noun,naun,,n.名词,CET4_edited
novel,ˈnɔvəl,,n.小说 a.新的,CET4_edited
November,nəuˈvembə,,n.十一月,CET4_edited
now,nau,,ad.现在；立刻；于是,CET4_edited
nowadays,ˈnauədeiz,,ad.现今，现在,CET4_edited
nowhere,ˈnəuhweə,,ad.任何地方都不,CET4_edited
nuclear,ˈnjuːkliə,,a.原子核的；核心的,CET4_edited
nucleus,ˈnjuːkliəs,,n.核，核心；(原子)核,CET4_edited
nuisance,ˈnjuːsns,,n.讨厌的东西,CET4_edited
number,ˈnʌmbə,,n.数，数字；号码,CET4_edited
numerous,ˈnjuːmərəs,,a.为数众多的；许多,CET4_edited
nurse,nəːs,,n.保姆；护士 vt.看护,CET4_edited
nursery,ˈnəːsəri,,n.托儿所；苗圃,CET4_edited
nut,nʌt,,n.坚果，干果；螺母,CET4_edited
nylon,ˈnailən,,n.尼龙，耐纶,CET4_edited
oak,əuk,,n.栎属植物；栎木,CET4_edited
oar,ɔə,,n.浆，橹,CET4_edited
obey,əuˈbei,,vt.顺从 vi.服从,CET4_edited
object,ˈɔbdʒikt,,n.物，物体；目的,CET4_edited
object,ˈɔbdʒikt,,vi.反对；抱反感,CET4_edited
objection,əbˈdʒek∫ən,,"n.反对,异议;不喜欢",CET4_edited
objective,əbˈdʒektiv,,a.客观的；无偏见的,CET4_edited
oblige,əˈblaidʒ,,vt.迫使；施恩惠于,CET4_edited
observation,ˌəbzəːˈvei∫ən,,n.注意；观察(力),CET4_edited
observe,əbˈzəːv,,vt.遵守；看到；说,CET4_edited
observer,əbˈzəːvə,,n.观察员，观测者,CET4_edited
obstacle,ˈɔbstəkl,,n.障碍，障碍物，妨害,CET4_edited
obtain,əbˈtein,,vt.获得，得到，买到,CET4_edited
obvious,ˈɔbviəs,,a.明显的，显而易见的,CET4_edited
obviously,ˈɔbviəsli,,ad.明显地，显然地,CET4_edited
occasion,əˈkeiʒən,,n.场合，时刻；时机,CET4_edited
occasional,əˈkeiʒənəl,,a.偶然的；临时的,CET4_edited
occasionally,əˈkeiʒənəli,,ad.偶然;非经常地,CET4_edited
occupation,ˌɔkjuˈpei∫ən,,n.占领/据；职业,CET4_edited
occupy,ˈɔkjupai,,vt.占领；占，占有,CET4_edited
occur,əˈkəː,,vi.发生；出现，存在,CET4_edited
occurrence,əˈkʌrəns,,n.发生，出现；事件,CET4_edited
ocean,ˈəu∫ən,,n.海洋；洋,CET4_edited
Oceania,ˌəu∫iˈeiniə,,n.大洋洲,CET4_edited
oˈclock,əˈklɔk,,ad.…点钟,CET4_edited
October,ɔkˈtəubə,,n.十月,CET4_edited
odd,ɔd,,a.奇数的；单只的,CET4_edited
odour,ˈəudə,,n.气味，香气；味道,CET4_edited
of,ɔːf,,prep.…的；由于,CET4_edited
off,ɔːf,,ad.(离)开；(停)止,CET4_edited
offend,əˈfend,,vt.冒犯 vi.犯过错,CET4_edited
offer,ˈɔfə,,vt.提供；提出 n.提供,CET4_edited
office,ˈɔfis,,n.办公室；处，局，社,CET4_edited
officer,ˈɔfisə,,n.官员；干事；军官,CET4_edited
official,əˈfi∫əl,,a.官员的；官方的,CET4_edited
often,ˈɔːfn,,ad.经常，常常,CET4_edited
oh,əu,,int.嗬，哦，唉呀,CET4_edited
oil,ɔil,,n.油；石油 vt.加油于,CET4_edited
okay,əuˈkei,,(缩作 OK)a.&ad.对，好,CET4_edited
old,əuld,,a.老的；…岁的,CET4_edited
omit,əuˈmit,,vt.省略，省去；遗漏,CET4_edited
on,ɔn,,prep.在…上；在…旁,CET4_edited
once,wʌns,,ad.一次；曾经 n.一次,CET4_edited
one,wʌn,,num.一 pron.一个人,CET4_edited
oneself,wʌnˈself,,pron.自己；亲自,CET4_edited
onion,ˈʌnjən,,n.洋葱，洋葱头,CET4_edited
only,ˈəunli,,ad.只，仅仅 a.唯一的,CET4_edited
onto,ˈɔntu,,prep.到…上,CET4_edited
open,ˈəupən,,a.开的；开放的 vt.开,CET4_edited
opening,ˈəupniŋ,,a.开始的 n.开始,CET4_edited
opera,ˈɔpərə,,n.歌剧,CET4_edited
operate,ˈɔpəreit,,vi.操作；施行手术,CET4_edited
operation,ˌɔpəˈrei∫ən,,n.操作；手术；运算,CET4_edited
operational,ˌɔpəˈrei∫ənl,,a.操作上的；可使用的,CET4_edited
operator,ˈɔpəreitə,,n.操作人员，接线员,CET4_edited
opinion,əˈpinjən,,n.意见，看法，主张,CET4_edited
opponent,əˈpəunənt,,"n.对手,敌手;对抗者",CET4_edited
opportunity,ˌɔpəˈtjuːniti,,n.机会，良机,CET4_edited
oppose,əˈpəuz,,vt.反对；反抗,CET4_edited
opposite,ˈɔpəzit,,a.对面的 n.对立物,CET4_edited
oppress,əˈpres,,vt.压迫，压制；压抑,CET4_edited
optical,ˈɔptikəl,,a.眼的；光学的,CET4_edited
optimistic,ˌɔptiˈmistik,,a.乐观/乐观主义的,CET4_edited
option,ˈɔp∫ən,,n.选择，选择权,CET4_edited
optional,ˈɔp∫ənəl,,a.可以任意选择的,CET4_edited
or,ɔː(r),,conj.或，或者；即,CET4_edited
oral,ˈɔːrəl,,a.口头的；口的,CET4_edited
orange,ˈɔrindʒ,,n.橙(树)；柑(树),CET4_edited
orbit,ˈɔːbit,,n.运行轨道 vt.环绕,CET4_edited
orchestra,ˈɔːkistrə,,n.管弦乐队,CET4_edited
order,ˈɔːdə(r),,n.次序；整齐 vt.命令,CET4_edited
orderly,ˈɔːdəli,,a.整洁的；有秩序的,CET4_edited
ordinary,ˈɔːdinəri,,a.平常的；平凡的,CET4_edited
ore,ɔː(r),,n.矿，矿石，矿砂,CET4_edited
organ,ˈɔːgən,,n.器官；机构；管风琴,CET4_edited
organic,ɔːˈgænik,,a.有机体的；器官的,CET4_edited
organism,ˈɔːgənizəm,,n.生物体；有机体,CET4_edited
organization,ˌɔːgənaiˈzei∫ən,,"n.组织;团体,机构",CET4_edited
organize,ˈɔːgənaiz,,vt.组织，编组,CET4_edited
oriental,ˌɔ(ː)riˈentl,,a.东方的；东方国家的,CET4_edited
origin,ˈɔridʒin,,n.起源，由来；出身,CET4_edited
original,əˈridʒənəl,,a.最初的；新颖的,CET4_edited
ornament,ˈɔːnəmənt,,n.装饰物；装饰,CET4_edited
orphan,ˈɔːfən,,n.孤儿,CET4_edited
other,ˈʌðə,,a.另外的；其余的,CET4_edited
otherwise,ˈʌðəwaiz,,ad.另外；要不然,CET4_edited
ought,ɔːt,,v.aux.应当，应该,CET4_edited
ounce,auns,,n.盎司，英两,CET4_edited
our,ˈauə,,pron.我们的,CET4_edited
ours,ˈauəz,,pron.我们的,CET4_edited
ourselves,ˌauəˈselvz,,pron.我们自己,CET4_edited
out,aut,,ad.出，在外；现出来,CET4_edited
outcome,ˈautkʌm,,n.结果，后果，成果,CET4_edited
outdoor,ˈautdɔː,,a.户外的，室外的,CET4_edited
outdoors,autˈdɔːz,,ad.在户外，在野外,CET4_edited
outer,ˈautə,,a.外部的，外面的,CET4_edited
outlet,ˈautlet,,n.出口，出路；排遣,CET4_edited
outline,ˈautlain,,n.轮廓；略图；大纲,CET4_edited
outlook,ˈautluk,,n.观点，看法；展望,CET4_edited
output,ˈautput,,n.产量；输出量；输出,CET4_edited
outset,ˈautset,,n.开始，开端,CET4_edited
outside,ˈautˈsaid,,n.外部；外表 a.外部的,CET4_edited
outskirt,ˈautskəːt,,n.外边，郊区,CET4_edited
outstanding,autˈstændiŋ,,a.突出的，杰出的,CET4_edited
outward,ˈautwəd,,a.外面的；向外的,CET4_edited
outwards,ˈautwədz,,ad.向外，往海外,CET4_edited
oven,ˈʌvən,,n.炉，灶；烘箱,CET4_edited
over,ˈəuvə,,prep.在…上方；超过,CET4_edited
overall,ˈəuvərɔːl,,n.工装裤 a.全面的,CET4_edited
overcoat,ˈəuvəkəut,,n.外衣，大衣,CET4_edited
overcome,ˌəuvəˈkʌm,,vt.战胜，克服,CET4_edited
overhead,ˈəuvəhed,,a.在头顶上的；架空的,CET4_edited
overlook,ˌəuvəˈluk,,vt.眺望；看漏；放任,CET4_edited
overnight,ˈəuvəˈnait,,ad.一夜；突然,CET4_edited
overseas,ˈəuvəˈsiːz,,ad.海外 a.在海外的,CET4_edited
overtake,ˈəuvəˈteik,,vt.追上，赶上；压倒,CET4_edited
overtime,ˈəuvətaim,,a.超时的，加班的,CET4_edited
owe,əu,,vt.欠；应把…归功于,CET4_edited
owl,aul,,n.猫头鹰，枭,CET4_edited
own,əun,,a.自己的 vt.有，拥有,CET4_edited
owner,ˈəunə,,n.物主，所有人,CET4_edited
ownership,ˈəunə∫ip,,n.所有(权)，所有制,CET4_edited
ox,ɔks,,n.牛；公牛，阉牛,CET4_edited
pace,peis,,n.步，步速 vi.踱步,CET4_edited
pacific,pəˈsifik,,a.和平的 n.太平洋,CET4_edited
pack,pæk,,vt.捆扎；挤满 n.包,CET4_edited
package,ˈpækidʒ,,n.包裹，包，捆,CET4_edited
packet,ˈpækit,,n.小包(裹)，小捆,CET4_edited
pad,pæd,,n.垫；本子 vt.填塞,CET4_edited
page,peidʒ,,n.页,CET4_edited
pail,peil,,n.桶，提桶,CET4_edited
pain,pein,,n.痛，疼痛；辛苦,CET4_edited
painful,ˈpeinful,,a.使痛的；费力的,CET4_edited
paint,peint,,vt.画；油漆 vi.绘画,CET4_edited
painter,ˈpeintə,,n.漆工，画家，绘画者,CET4_edited
painting,ˈpeintiŋ,,n.油画；绘画；着色,CET4_edited
pair,peə,,n.一对 vi.成对，配对,CET4_edited
palace,ˈpælis,,n.宫，宫殿,CET4_edited
pale,peil,,a.苍白的；浅的,CET4_edited
palm,pɑːm,,n.手掌，手心；掌状物,CET4_edited
pan,pæn,,n.平底锅，盘子,CET4_edited
panda,ˈpændə,,n.小猫熊；猫熊,CET4_edited
pane,pein,,n.窗格玻璃,CET4_edited
panel,ˈpænl,,n.专门小组；面，板,CET4_edited
pant,pænt,,n.气喘；心跳,CET4_edited
paper,ˈpeipə,,n.纸；官方文件；文章,CET4_edited
parade,pəˈreid,,n.游行；检阅 vi.游行,CET4_edited
paradise,ˈpærədaiz,,n.伊甸乐园；天堂,CET4_edited
paragraph,ˈpærəgrɑːf,,n.(文章的)段，节,CET4_edited
parallel,ˈpærəlel,,a.平行的；相同的,CET4_edited
parcel,ˈpɑːsl,,n.包裹，小包，邮包,CET4_edited
pardon,ˈpɑːdn,,n.原谅；赦免 vt.原谅,CET4_edited
parent,ˈpeərənt,,n.父亲，母亲，双亲,CET4_edited
park,pɑːk,,n.公园；停车场,CET4_edited
parliament,ˈpɑːləmənt,,n.议会，国会,CET4_edited
part,pɑːt,,n.一部分；零件；本份,CET4_edited
partial,ˈpɑː∫əl,,a.部分的；不公平的,CET4_edited
partially,ˈpɑː∫əli,,ad.部分地,CET4_edited
participate,pɑːˈtisipeit,,vi.参与/加；分享,CET4_edited
particle,ˈpɑːtikl,,n.粒子，微粒,CET4_edited
particular,pəˈtikjulə,,a.特殊的；特定的,CET4_edited
particularly,pəˈtikjuləli,,"ad.特别,尤其,格外",CET4_edited
partly,ˈpɑːtli,,ad.部分地，不完全地,CET4_edited
partner,ˈpɑːtnə,,n.伙伴；搭挡；配偶,CET4_edited
party,ˈpɑːti,,n.党，党派；聚会,CET4_edited
pass,pɑːs,,vt.经过；通过；度过,CET4_edited
passage,ˈpæsidʒ,,n.通过；通路，通道,CET4_edited
passenger,ˈpæsindʒə,,"n.乘客,旅客,过路人",CET4_edited
passion,ˈpæ∫ən,,n.激情，热情；爱好,CET4_edited
passive,ˈpæsiv,,a.被动的；消极的,CET4_edited
passport,ˈpɑːspɔːt,,n.护照,CET4_edited
past,pɑːst,,a.过去的 n.过去,CET4_edited
paste,peist,,n.糊，酱；浆湖,CET4_edited
pastime,ˈpɑːstaim,,n.消遣，娱乐,CET4_edited
pat,pæt,,n.&vt.&n.轻拍,CET4_edited
patch,pæt∫,,n.补钉；碎片 vt.补缀,CET4_edited
path,pɑːθ,,n.路，小道；道路,CET4_edited
patience,ˈpei∫əns,,n.忍耐，容忍，耐心,CET4_edited
patient,ˈpei∫ənt,,a.忍耐的 n.病人,CET4_edited
pattern,ˈpætən,,n.型，式样，模，模型,CET4_edited
pause,pɔːz,,n.&vi.中止，暂停,CET4_edited
pave,peiv,,vt.铺，筑(路等),CET4_edited
pavement,ˈpeivmənt,,n.(英)人行道,CET4_edited
paw,pɔː,,n.脚爪，爪子,CET4_edited
pay,pei,,vt.支付；付给；给予,CET4_edited
payment,ˈpeimənt,,n.支付，支付的款项,CET4_edited
pea,piː,,n.豌豆；豌豆属植物,CET4_edited
peace,piːs,,n.和平；和睦；平静,CET4_edited
peaceful,ˈpiːsful,,a.和平的；安静的,CET4_edited
peach,piːt∫,,n.桃子，桃树,CET4_edited
peak,piːk,,n.山顶，巅 a.最高的,CET4_edited
pear,peə,,n.梨子，梨树,CET4_edited
pearl,pəːl,,n.珍珠；珍珠母,CET4_edited
peasant,ˈpezənt,,n.农民,CET4_edited
pebble,ˈpebl,,n.卵石，细砾,CET4_edited
peculiar,piˈkjuːljə,,a.特有的；特别的,CET4_edited
peel,piːl,,vt.剥(皮)，削(皮),CET4_edited
peep,piːp,,vi.(从缝隙中)偷看,CET4_edited
pen,pen,,n.钢笔，自来水笔,CET4_edited
pencil,ˈpensl,,n.铅笔,CET4_edited
penetrate,ˈpenitreit,,vt.穿过 vi.穿入,CET4_edited
peninsula,piˈninsjulə,,n.半岛,CET4_edited
penny,ˈpeni,,n.(英)便士；(美)分,CET4_edited
pension,ˈpen∫ən,,n.抚恤金，年金,CET4_edited
people,ˈpiːpl,,n.人民，民族；人,CET4_edited
pepper,ˈpepə,,n.胡椒，胡椒粉,CET4_edited
per,pəː,,prep.每,CET4_edited
perceive,pəˈsiːv,,vt.察觉，发觉；理解,CET4_edited
percent,pəˈsent,,n.百分之…,CET4_edited
percentage,pəˈsentidʒ,,n.百分比，百分率,CET4_edited
perfect,ˈpəːfikt,,a.完美的；完全的,CET4_edited
perfectly,ˈpəːfiktli,,ad.很，完全,CET4_edited
perform,pəˈfɔːm,,vt.履行，执行；演出,CET4_edited
performance,pəˈfɔːməns,,n.履行；演出；行为,CET4_edited
perfume,ˈpəːfjuːm,,n.香味，芳香；香料,CET4_edited
perhaps,pəˈhæps,,ad.也许，可能，多半,CET4_edited
period,ˈpiəriəd,,n.时期；学时；句号,CET4_edited
permanent,ˈpəːmənənt,,a.永久的，持久的,CET4_edited
permanently,ˈpəːməntli,,ad.永久/持久地,CET4_edited
permission,pə(ː)ˈmi∫ən,,n.允许，许可，同意,CET4_edited
permit,pə(ː)ˈmit,,vt.允许 n.执照,CET4_edited
persist,pə(ː)ˈsist,,vi.坚持，固执；持续,CET4_edited
person,ˈpəːsn,,n.人；人身；本人,CET4_edited
personal,ˈpəːsənl,,a.个人的；本人的,CET4_edited
personnel,ˌpəːsəˈnel,,n.全体人员，全体职员,CET4_edited
perspective,pəˈspektiv,,n.透视;远景;观点,CET4_edited
persuade,pəˈsweid,,vt.说服 vi.被说服,CET4_edited
pessimistic,ˌpesiˈmistik,,a.悲观的；厌世的,CET4_edited
pet,pet,,n.爱畜；宠儿 a.宠爱的,CET4_edited
petrol,ˈpetrəl,,n.(英)汽油,CET4_edited
petroleum,piˈtrəuliəm,,n.石油,CET4_edited
phase,feiz,,n.阶段；方面；相位,CET4_edited
phenomenon,fiˈnɔminən,,n.现象,CET4_edited
philosopher,fiˈlɔsəfə,,n.哲学家,CET4_edited
philosophy,fiˈlɔsəfi,,n.哲学；哲理；人生观,CET4_edited
phone,fəun,,n.电话，电话机；耳机,CET4_edited
photograph,ˈfəutəgrɑːf;(US)-græf,,n.照/相片,CET4_edited
photographic,fəutəˈgræfik,,a.摄影的，摄影用的,CET4_edited
phrase,freiz,,n.短语；习惯用语,CET4_edited
physical,ˈfizikəl,,a.物质的；物理的,CET4_edited
physician,fiˈzi∫ən,,n.医生，内科医生,CET4_edited
physicist,ˈfizisist,,n.物理学家,CET4_edited
physics,ˈfiziks,,n.物理学,CET4_edited
piano,piˈænəu,,n.钢琴,CET4_edited
pick,pik,,n.镐，鹤嘴锄,CET4_edited
picnic,ˈpiknik,,n.郊游，野餐 vi.野餐,CET4_edited
picture,ˈpikt∫ə,,n.画，图片 vt.画,CET4_edited
pie,pai,,n.(西点)馅饼,CET4_edited
piece,piːs,,n.碎片，块 vt.拼合,CET4_edited
pierce,piəs,,vt.剌穿 vi.穿入,CET4_edited
pig,pig,,n.猪，小猪，野猪,CET4_edited
pigeon,ˈpidʒin,,n.鸽子,CET4_edited
pile,pail,,n.堆 vt.堆叠，累积,CET4_edited
pill,pil,,n.药丸，丸剂,CET4_edited
pillar,ˈpilə,,n.柱，柱子；栋梁,CET4_edited
pillow,ˈpiləu,,n.枕头,CET4_edited
pilot,ˈpailət,,n.领航员；飞行员,CET4_edited
pin,pin,,n.针，饰针 n.别住,CET4_edited
pinch,pint∫,,vt.捏，拧，掐掉,CET4_edited
pine,pain,,n.松树，松木,CET4_edited
pink,piŋk,,n.粉红色 a.粉红色的,CET4_edited
pint,paint,,n.品脱,CET4_edited
pioneer,ˌpaiəˈniə,,n.拓荒者；先驱者,CET4_edited
pipe,paip,,n.管子，导管；烟斗,CET4_edited
pipeline,ˈpaipˌlain,,n.管道，管线,CET4_edited
pistol,ˈpistl,,n.手枪,CET4_edited
pit,pit,,n.坑，地坑；煤矿,CET4_edited
pitch,pit∫,,n.沥青,CET4_edited
pitch,pit∫,,vt.投，掷 vi.投掷,CET4_edited
pity,ˈpiti,,n.怜悯；遗憾 vt.同情,CET4_edited
place,pleis,,n.地方，地点；住所,CET4_edited
plain,plein,,n.平原 a.清楚的,CET4_edited
plan,plæn,,n.&vt.计划，打算,CET4_edited
plane,plein,,n.平面；飞机,CET4_edited
planet,ˈplænit,,n.行星,CET4_edited
plant,plɑːnt,,n.植物；工厂 vt.栽种,CET4_edited
plantation,plænˈtei∫ən,,n.种植园；栽植,CET4_edited
plaster,ˈplɑːstə,,n.灰泥；硬膏；熟石膏,CET4_edited
plastic,plɑːstik,,a.可塑的 n.塑料,CET4_edited
plate,pleit,,n.板，片，盘 vt.电镀,CET4_edited
platform,ˈplætfɔːm,,n.平台；站台；讲台,CET4_edited
play,plei,,vi.玩，游戏；演奏,CET4_edited
player,ˈpleiə,,n.游戏的人；比赛者,CET4_edited
playground,ˈpleiraund,,n.操场，运动场,CET4_edited
pleasant,ˈplezənt,,a.令人愉快的，舒适的,CET4_edited
please,pliːz,,vt.使高兴，请 vi.满意,CET4_edited
pleasure,ˈpleʒə,,n.愉快，快乐；乐事,CET4_edited
plentiful,ˈplentiful,,a.丰富的，富裕的,CET4_edited
plenty,ˈplenti,,n.丰富，充足，大量,CET4_edited
plot,plɔt,,n.小块土地 vt.密谋,CET4_edited
plough,plau,,n.犁 vt.&vi.犁，耕,CET4_edited
pluck,plʌk,,vt.采，摘；拉下 n.拉,CET4_edited
plug,plʌg,,n.塞子；插头 vt.塞,CET4_edited
plunge,plʌndʒ,,vt.使投入；使陷入,CET4_edited
plural,ˈpluərəl,,a.复数的 n.复数,CET4_edited
plus,plʌs,,prep.加，加上 a.正的,CET4_edited
pocket,ˈpɔkit,,n.衣袋 n.袖珍的,CET4_edited
poem,ˈpəuim,,n.诗，韵文，诗体文,CET4_edited
poet,ˈpəuit,,n.诗人,CET4_edited
poetry,ˈpəuitri,,n.诗，诗歌，诗作,CET4_edited
point,pɔint,,n.点；要点；细目；分,CET4_edited
poison,ˈpɔizn,,n.毒，毒药 vt.毒害,CET4_edited
poisonous,ˈpɔiznəs,,a.有毒的，有害的,CET4_edited
pole,pəul,,n.杆，柱,CET4_edited
police,pəˈliːs,,n.警察；警察当局,CET4_edited
policeman,pəˈliːsmən,,n.警察,CET4_edited
policy,ˈpɔlisi,,n.政策，方针,CET4_edited
polish,ˈpɔli∫,,vt.磨光；使优美,CET4_edited
polite,pəˈlait,,a.有礼貌的；有教养的,CET4_edited
political,pəˈlitikəl,,a.政治的，政治上的,CET4_edited
politician,pɔliˈti∫ən,,n.政治家；政客,CET4_edited
politics,ˈpɔlitiks,,n.政治，政治学；政纲,CET4_edited
pollute,pəˈluːt,,vt.弄脏，污染，沾污,CET4_edited
pollution,pəˈluː∫(ə)n,,n.污染,CET4_edited
pond,pɔnd,,n.池塘,CET4_edited
pool,puːl,,n.水塘，游泳池，水池,CET4_edited
poor,puə,,a.贫穷的；贫乏的,CET4_edited
pop,pɔp,,n.流行音乐，流行歌曲,CET4_edited
popular,ˈpɔpjulə(r),,a.民众的；流行的,CET4_edited
population,ˌpɔpjuˈlei∫ən,,n.人口；全体居民,CET4_edited
porch,pɔːt∫,,n.门廊，入口处,CET4_edited
pork,pɔːk,,n.猪肉,CET4_edited
porridge,ˈpɔridʒ,,n.粥，麦片粥,CET4_edited
port,pɔːt,,n.港，港口,CET4_edited
portable,ˈpɔːtəbl,,a.轻便的；手提的,CET4_edited
porter,ˈpɔːtə,,n.搬运工人,CET4_edited
portion,ˈpɔː∫ən,,n.一部分；一分,CET4_edited
portrait,ˈpɔːtrit,,n.消像，画像,CET4_edited
Portuguese,ˌpɔːtjuˈgiːz,,n.葡萄牙人/语,CET4_edited
position,pəˈzi∫ən,,n.位置；职位；姿势,CET4_edited
positive,ˈpɔzətiv,,a.确定的；积极的,CET4_edited
possess,pəˈzes,,vt.占用，拥有(财产),CET4_edited
possession,pəˈze∫ən,,n.有，所有；占有物,CET4_edited
possibility,ˌpɔsiˈbiliti,,n.可能；可能的事,CET4_edited
possible,ˈpɔsəbl,,a.可能的；可能存在的,CET4_edited
possibly,ˈpɔsəbli,,ad.可能地；也许,CET4_edited
post,pəust,,n.柱，桩，杆 vt.贴出,CET4_edited
postage,ˈpəustidʒ,,n.邮费，邮资,CET4_edited
postman,ˈpəustmən,,n.邮递员,CET4_edited
postpone,pəustˈpəun,,vt.延迟，推迟，延缓,CET4_edited
pot,pɔt,,n.锅，壶，罐，盆,CET4_edited
potato,pəˈteitəu,,n.马铃薯，土豆,CET4_edited
potential,pəˈten∫(ə)l,,a.潜在的 n.潜力,CET4_edited
pound,paund,,n.磅；英磅,CET4_edited
pour,pɔː(r),,vt.灌，倒 vi.倾泻,CET4_edited
poverty,ˈpɔvəti,,n.贫穷，贫困,CET4_edited
powder,ˈpaudə,,n.粉末；药粉；火药,CET4_edited
power,ˈpauə,,n.能力；力；权；幂,CET4_edited
powerful,ˈpauəful,,a.强有力的；有权威的,CET4_edited
practical,ˈpræktikəl,,a.实践的；实用的,CET4_edited
practically,ˈpræktikəli,,ad.实际上；几乎,CET4_edited
practice,ˈpræktis,,n.实践；练习；业务,CET4_edited
practise,ˈpræktis,,vt.练习，实习，训练,CET4_edited
praise,preiz,,n.赞扬，赞美 vi.赞扬,CET4_edited
pray,prei,,vt.&vi.请求；祈祷,CET4_edited
prayer,preə,,n.祈祷，祈求,CET4_edited
precaution,priˈkɔː∫ən,,n.预防；警惕,CET4_edited
preceding,pri(ː)ˈsiːdiŋ,,a.在前的；在先的,CET4_edited
precious,ˈpre∫əs,,a.珍贵的，宝贵的,CET4_edited
precise,priˈsais,,a.精确的，准确的,CET4_edited
precision,priˈsiʒən,,n.精确，精密，精密度,CET4_edited
predict,priˈdikt,,v.预言，预告，预测,CET4_edited
preface,ˈprefis,,n.序言，前言，引语,CET4_edited
prefer,priˈfəː,,vt.宁可，宁愿,CET4_edited
preferable,ˈprefərəbl,,a.更可取的，更好的,CET4_edited
preference,ˈprefərəns,,n.偏爱，优先(权),CET4_edited
prejudice,ˈpredʒudis,,n.偏见，成见,CET4_edited
preliminary,priˈliminəri,,a.预备的，初步的,CET4_edited
premier,priːˈmiər,,n.总理，首相,CET4_edited
preparation,ˌprepəˈrei∫ən,,n.准/预备；制备,CET4_edited
prepare,priˈpeə,,vt.&vi.准备，预备,CET4_edited
preposition,ˌprepəˈzi∫ən,,n.前置词，介词,CET4_edited
prescribe,prisˈkraib,,vt.命令；处(方),CET4_edited
presence,ˈprezns,,n.出席，到场；在,CET4_edited
present,priˈzent,,a.现在的 n.目前,CET4_edited
presently,ˈprezəntli,,ad.一会儿；目前,CET4_edited
preserve,priˈzəːv,,vt.保护；保存；腌渍,CET4_edited
president,ˈprezidənt,,n.总统；校长；会长,CET4_edited
press,pres,,vt.压，按，揿；催促,CET4_edited
pressure,ˈpre∫ə(r),,n.压力；压力；压，按,CET4_edited
pretend,priˈtend,,vt.假托，借口 vi.假装,CET4_edited
pretty,ˈpriti,,a.漂亮的，标致的,CET4_edited
prevail,priˈveil,,vi.胜，优胜；流行,CET4_edited
prevent,priˈvent,,vt.预防，防止；阻止,CET4_edited
previous,ˈpriːviəs,,a.先的；前的 ad.在前,CET4_edited
previously,ˈpriːvjuːsli,,ad.先前，预先,CET4_edited
price,prais,,n.价格，价钱；代价,CET4_edited
pride,praid,,n.骄傲；自豪 vt.自夸,CET4_edited
priest,priːst,,n.教士，牧师，神父,CET4_edited
primarily,ˈpraimərili,,ad.首先；主要地,CET4_edited
primary,ˈpraiməri,,a.最初的；基本的,CET4_edited
prime,praim,,a.首要的 n.春，青春,CET4_edited
primitive,ˈprimitiv,,a.原始的；粗糙的,CET4_edited
prince,prins,,n.王子，亲王,CET4_edited
princess,prinˈses,,n.公主，王妃,CET4_edited
principal,ˈprinsip(ə)l,,a.主要的 n.负责人,CET4_edited
principle,ˈprinsəpl,,n.原则，原理；主义,CET4_edited
print,print,,vt.印刷 n.印刷；正片,CET4_edited
prior,ˈpraiə,,a.在先的；优先的,CET4_edited
prison,ˈprizn,,n.监狱，监禁,CET4_edited
prisoner,ˈpriznə,,n.囚犯,CET4_edited
private,ˈpraivit,,a.私人的；私下的,CET4_edited
privilege,ˈprivilidʒ,,n.特权，优惠,CET4_edited
prize,praiz,,n.奖赏，奖金 vt.珍视,CET4_edited
probability,ˌprɔbəˈbiliti,,n.可能性；概率,CET4_edited
probable,ˈprɔbəbl,,a.或有的；大概的,CET4_edited
probably,ˈprɔbəb(ə)li,,ad.或许，大概,CET4_edited
problem,ˈprɔbləm,,n.问题；习题，问题,CET4_edited
procedure,prəˈsiːdʒə,,n.程序；手续；过程,CET4_edited
proceed,prəˈsiːd,,vi.进行；继续进行,CET4_edited
process,prəˈses,,n.过程；工序 vt.加工,CET4_edited
procession,prəˈse∫(ə)n,,n.队伍，行列,CET4_edited
proclaim,prəˈkleim,,vt.宣告，宣布；表明,CET4_edited
produce,prəˈdjuːs,,vt.生产；产生；展现,CET4_edited
product,ˈprɔdəkt,,n.产品，产物；(乘)积,CET4_edited
production,prəˈdʌk∫ən,,n.生产；产品；总产量,CET4_edited
productive,prəˈdʌktiv,,a.生产的；丰饶的,CET4_edited
profession,prəˈfe∫ən,,n.职业,CET4_edited
professional,prəˈfe∫ənl,,a.职业的 n.专业人员,CET4_edited
professor,prəˈfesə,,n.教授,CET4_edited
profit,ˈprɔfit,,n.益处；利润 vi.得益,CET4_edited
program,ˈprəugræm,,n.节目单；大纲；程序,CET4_edited
progress,ˈprəugres,,n.前进，进展；进步,CET4_edited
progressive,prəˈgresiv,,a.进步/向前进的,CET4_edited
prohibit,prəˈhibit,,vt.禁止，阻止,CET4_edited
project,ˈprɔdʒekt,,n.方案，工程 vi.伸出,CET4_edited
prominent,ˈprɔminənt,,a.实起的；突出的,CET4_edited
promise,ˈprɔmis,,n.诺言；指望 vt.允诺,CET4_edited
promising,ˈprɔmisiŋ,,a.有希望的；有前途的,CET4_edited
promote,prəˈməut,,vt.促进，发扬；提升,CET4_edited
prompt,prɔmpt,,a.及时的 vt.敦促,CET4_edited
pronoun,ˈprəunaun,,n.代名词,CET4_edited
pronounce,prəˈnauns,,vt.发…的音；宣布,CET4_edited
pronunciation,prəˌnʌnsiˈei∫ən,,n.发音(法),CET4_edited
proof,pruːf,,n.证据；证明；校样,CET4_edited
proper,ˈprɔpə,,a.适合的；合乎体统的,CET4_edited
properly,ˈprɔpəli,,ad.适当地；彻底地,CET4_edited
property,ˈprɔpəti,,n.财产，资产；性质,CET4_edited
proportion,prəˈpɔː∫ən,,n.比，比率，部分,CET4_edited
proportional,prəˈpɔː∫ənl,,a.比例/相称的,CET4_edited
proposal,prəˈpəuzəl,,n.提议，建议；求婚,CET4_edited
propose,prəˈpəuz,,vt.提议 vi.求婚,CET4_edited
prospect,ˈprɔspekt,,n.展望；前景，前程,CET4_edited
prosperity,prɔsˈperiti,,n.繁荣；昌盛，兴旺,CET4_edited
prosperous,ˈprɔspərəs,,a.繁荣的，昌盛的,CET4_edited
protect,prəˈtekt,,vt.保护，保卫，警戒,CET4_edited
protection,prəˈtek∫ən,,n.保护，警戒,CET4_edited
protective,prəˈtektiv,,a.保护的，防护的,CET4_edited
protein,ˈprəutiːn,,n.蛋白质，朊,CET4_edited
protest,prəˈtest,,vt.&vi.&n.抗议,CET4_edited
proud,praud,,a.骄傲的；自豪的,CET4_edited
prove,pruːv,,vt.证明 vi.结果是,CET4_edited
provide,prəˈvaid,,vt.提供；装备，供给,CET4_edited
provided,prəːˈvaidid,,conj.以…为条件,CET4_edited
province,ˈprɔvins,,n.省；领域，部门,CET4_edited
provision,prəˈviʒən,,n.供应；预备；存粮,CET4_edited
psychological,ˌsaikəˈlɔdʒikəl,,a.心理(学)的,CET4_edited
public,ˈpʌblik,,a.公众的 n.公众,CET4_edited
publication,ˌpʌbliˈkei∫ən,,n.公布；出版(物),CET4_edited
publish,ˈpʌbli∫,,vt.公布；发表；出版,CET4_edited
pudding,ˈpudiŋ,,n.布丁,CET4_edited
puff,pʌf,,n.(一)喷，(一)吹,CET4_edited
pull,pul,,vt.拉，拖；拉，拉力,CET4_edited
pulse,pʌls,,n.脉搏；脉冲，脉动,CET4_edited
pump,pʌmp,,n.泵 vt.用抽机抽,CET4_edited
punch,pʌnt∫,,vt.冲出 n.冲压机,CET4_edited
punctual,ˈpʌŋktjuəl,,a.严守时刻的；准时的,CET4_edited
punish,ˈpʌni∫,,vt.罚，惩罚，处罚,CET4_edited
punishment,ˈpʌni∫mənt,,n.罚，惩罚，处罚,CET4_edited
pupil,ˈpjuːpil,,n.学生，小学生,CET4_edited
puppet,ˈpʌpit,,n.木偶，玩偶；傀儡,CET4_edited
purchase,ˈpəːt∫əs,,n.买，购买 vt.买,CET4_edited
pure,pjuə,,a.纯粹的；纯洁的,CET4_edited
purely,ˈpjuəli,,ad.纯粹地，完全地,CET4_edited
purify,ˈpjuərifai,,vt.使纯净，使洁净,CET4_edited
purity,ˈpjuəriti,,n.纯净；纯洁；纯度,CET4_edited
purple,ˈpəːpl,,n.紫色 a.紫的,CET4_edited
purpose,ˈpəːpəs,,n.目的；意图；效果,CET4_edited
purse,pəːs,,n.钱包，小钱袋，手袋,CET4_edited
pursue,pəˈsjuː,,vt.追赶，追踪；进行,CET4_edited
pursuit,pəˈsjuːt,,n.追赶；追求；事务,CET4_edited
push,pu∫,,vt.推，逼迫 vi.推,CET4_edited
put,put,,vt.放，摆；使处于,CET4_edited
puzzle,ˈpʌzl,,n.难题；谜 vi.使迷惑,CET4_edited
qualify,ˈkwɔlifai,,vt.使具有资格,CET4_edited
quality,ˈkwɔliti,,n.质量；品质，特性,CET4_edited
quantity,ˈkwɔntiti,,n.量，数量，分量,CET4_edited
quarrel,ˈkwɔrəl,,n.争吵，吵架，口角,CET4_edited
quart,kɔːt,,n.夸脱(=2 品脱),CET4_edited
quarter,ˈkwɔːtə,,n.四分之一；一刻钟,CET4_edited
quarterly,ˈkwɔːtəli,,a.季度的 ad.季度地,CET4_edited
queen,kwiːn,,n.王后；女王,CET4_edited
queer,kwiə,,a.奇怪的，古怪的,CET4_edited
question,ˈkwest∫ən,,n.发问；问题；疑问,CET4_edited
queue,kjuː,,n.行列 vi.排队等候,CET4_edited
quick,kwik,,a.快的；敏捷的,CET4_edited
quicken,ˈkwikən,,vt.加快 vi.加快,CET4_edited
quickly,ˈkwikli,,ad.快，迅速,CET4_edited
quiet,ˈkwaiət,,a.寂静的；安静的,CET4_edited
quilt,kwilt,,n.被(子),CET4_edited
quit,kwit,,vt.离开，退出；停止,CET4_edited
quite,kwait,,ad.完全；相当；的确,CET4_edited
quiz,kwiz,,n.小型考试，测验,CET4_edited
quotation,kwəuˈtei∫ən,,n.引用；引文；报价单,CET4_edited
quote,kwəut,,vt.引用，引证；报价,CET4_edited
rabbit,ˈræbit,,n.兔子，野兔,CET4_edited
race,reis,,n.比赛，竞赛，竞争,CET4_edited
racial,ˈrei∫əl,,a.种族的，人种的,CET4_edited
rack,ræk,,n.搁物架；行李架,CET4_edited
racket,ˈrækit,,n.球拍,CET4_edited
radar,ˈreidə,,n.雷达，无线电探测器,CET4_edited
radiate,ˈreidieit,,vi.发射光线；辐射,CET4_edited
radiation,ˌreidiˈei∫ən,,n.放/发射；辐射能,CET4_edited
radio,ˈreidiəu,,n.无线电；收音机,CET4_edited
radioactive,ˈreidiəuˈæktiv,,a.放射性的,CET4_edited
radioactivity,ˈreidiəuækˈtiviti,,n.放射性，放射(现象),CET4_edited
radish,ˈrædi∫,,n.小萝卜,CET4_edited
radium,ˈreidjəm,,n.镭,CET4_edited
radius,ˈreidjəs,,n.半径,CET4_edited
rag,ræg,,n.破布，碎布，抹布,CET4_edited
rage,reidʒ,,n.(一阵)狂怒，盛怒,CET4_edited
raid,reid,,n.袭击；突然搜查,CET4_edited
rail,reil,,n.横条，横杆；铁轨,CET4_edited
railroad,ˈreilrəud,,n.铁路 vi.由铁路运输,CET4_edited
railway,ˈreilwei,,n.铁路，铁道,CET4_edited
rain,rein,,n.雨，雨水 vi.下雨,CET4_edited
rainbow,ˈreinbəu,,n.虹，彩虹,CET4_edited
rainy,ˈreini,,a.下雨的，多雨的,CET4_edited
raise,reiz,,vt.举起；引起；提高,CET4_edited
rake,reik,,n.耙子 vi.耙；搜索,CET4_edited
range,reindʒ,,n.排，行；山脉；范围,CET4_edited
rank,ræŋk,,n.排，横行；社会阶层,CET4_edited
rapid,ˈræpid,,a.快的 n.急流,CET4_edited
rapidly,ˈræpidli,,ad.迅速地,CET4_edited
rare,reə,,a.稀薄的；稀有的,CET4_edited
rarely,ˈreəli,,ad.很少，难得,CET4_edited
rat,ræt,,n.老鼠，耗子,CET4_edited
rate,reit,,n.比率；速度；价格,CET4_edited
rather,ˈrɑːðə,,ad.宁可，宁愿；相当,CET4_edited
ratio,ˈrei∫iəu,,n.比，比率,CET4_edited
rational,ˈræ∫ənl,,a.理性的；出于理性的,CET4_edited
raw,rɔː,,a.未煮过的；未加工的,CET4_edited
ray,rei,,n.光线，射线，辐射线,CET4_edited
razor,ˈreizə,,n.剃刀,CET4_edited
reach,riːt∫,,vt.抵达；伸出 vi.达到,CET4_edited
react,riˈækt,,vi.起反应；有影响,CET4_edited
reaction,ri(ː)ˈæk∫ən,,n.反应；反作用,CET4_edited
read,riːd,,vt.读，看懂 vi.读,CET4_edited
reader,ˈriːdə,,n.读者；读物，读本,CET4_edited
readily,ˈredili,,ad.乐意地；无困难地,CET4_edited
reading,ˈriːdiŋ,,n.读，阅读；读书,CET4_edited
ready,ˈredi,,a.准备好的；愿意的,CET4_edited
real,ˈriːəl,,a.真的；现实的,CET4_edited
reality,ri(ː)ˈæliti,,n.现实；真实,CET4_edited
realize,ˈriəlaiz,,vt.实现；认识到,CET4_edited
really,ˈriəli,,ad.真正地；实在,CET4_edited
realm,relm,,n.王国，国土；领域,CET4_edited
reap,riːp,,vt.&vi.收割，收获,CET4_edited
rear,riə,,n.后部，后面；背面,CET4_edited
reason,ˈriːzn,,n.理由；理性 vi.推理,CET4_edited
reasonable,ˈriːznəbl,,a.合情合理的；公道的,CET4_edited
rebel,ˈrebəl,,vi.造反 n.造反者,CET4_edited
rebellion,riˈbeljən,,n.造反；叛乱；反抗,CET4_edited
recall,riˈkɔːl,,vt.回想；叫回；收回,CET4_edited
receipt,riˈsiːt,,n.收到；收条，收据,CET4_edited
receive,riˈsiːv,,vt.收到；得到；接待,CET4_edited
receiver,riˈsiːvə,,n.收受者，收件人,CET4_edited
recent,ˈriːsnt,,a.新近的，最近的,CET4_edited
recently,ˈriːsəntli,,ad.最近，新近,CET4_edited
reception,riˈsep∫ən,,a.接待；招待会；接受,CET4_edited
recite,riˈsait,,vt.&vi.背诵，朗诵,CET4_edited
recognition,ˌrekəgˈni∫ən,,n.认出，识别；承认,CET4_edited
recognize,ˈrekəgnaiz,,vt.认识，认出；承认,CET4_edited
recollect,ˌrekəˈlekt,,vt.回忆，追忆，想起,CET4_edited
recommend,rekəˈmend,,vt.推荐，介绍；劝告,CET4_edited
recommendation,ˌrekəmenˈdei∫ən,,n.推荐，介绍；劝告,CET4_edited
record,ˈrekərd,,n.记录；履历 vt.记录,CET4_edited
recorder,riˈkɔːdə,,n.记录者；录音机,CET4_edited
recover,riˈkʌvə,,vt.重新获得；挽回,CET4_edited
recovery,riˈkʌvəri,,n.重获；痊愈，恢复,CET4_edited
red,red,,a.红色的 n.红色,CET4_edited
reduce,riˈdjuːs,,vt.减少，减小；简化,CET4_edited
reduction,riˈdʌk∫ən,,n.减少，减小，缩减,CET4_edited
reed,riːd,,n.芦苇，芦杆，芦丛,CET4_edited
reel,riːl,,n.卷轴，卷筒,CET4_edited
refer,riˈfəː,,vt.使求助于 vi.谈到,CET4_edited
reference,ˈrefrəns,,n.参考；出处；提及,CET4_edited
refine,riˈfain,,vt.&vi.精炼，提纯,CET4_edited
reflect,riˈflekt,,vt.反射；反映；思考,CET4_edited
reflection,riˈflek∫ən,,n.反射；映象；反映,CET4_edited
reflexion,riˈflek∫ən,,n.反射；映象；反映,CET4_edited
reform,riˈfɔːm,,vt.&n.改革，改良,CET4_edited
refresh,riˈfre∫,,vt.使清新 vi.恢复精神,CET4_edited
refreshment,riˈfre∫mənt,,n.茶点，点心，便餐,CET4_edited
refrigerator,riˈfridʒəreitə,,n.冰箱，冷藏库,CET4_edited
refuge,ˈrefjuːdʒ,,n.避难，庇护；庇护者,CET4_edited
refusal,riˈfjuːzəl,,n.拒绝,CET4_edited
refuse,riˈfjuːz,,vt.拒绝 vt.拒绝,CET4_edited
refute,riˈfjuːt,,vt.驳斥，反驳，驳倒,CET4_edited
regard,riˈgɑːd,,vt.把…看作；尊敬,CET4_edited
regarding,riˈgɑːdiŋ,,prep.关于,CET4_edited
regardless,riˈgɑːdlis,,ad.不顾一切地,CET4_edited
region,ˈriːdʒən,,n.地区，地带；领域,CET4_edited
register,ˈredʒistə,,n.&vt.登记，注册,CET4_edited
regret,riˈgret,,vt.懊悔；抱歉 n.懊悔,CET4_edited
regular,ˈregjulə,,a.规则的；整齐的,CET4_edited
regularly,ˈregjuləli,,ad.有规律地,CET4_edited
regulate,ˈregjuleit,,vt.管理，控制；调整,CET4_edited
regulation,regjuˈlei∫ən,,n.规则/章；管理,CET4_edited
rehearsal,riˈhəːsəl,,n.排练，排演；练习,CET4_edited
reign,rein,,n.君主统治；支配,CET4_edited
rein,rein,,n.缰绳 vi.驾驭，控制,CET4_edited
reinforce,ˌriːinˈfɔːs,,vt.增援，支援；加强,CET4_edited
reject,riˈdʒekt,,vt.拒绝；丢掉；驳回,CET4_edited
rejoice,riˈdʒɔis,,vi.欣喜，高兴,CET4_edited
relate,riˈleit,,vt.叙述；使联系,CET4_edited
relation,riˈlei∫ən,,n.关系，联系；家属,CET4_edited
relationship,riˈlei∫ən∫ip,,n.关系，联系,CET4_edited
relative,ˈrelətiv,,a.有关系的；相对的,CET4_edited
relatively,ˈrelətivli,,ad.相对地，比较地,CET4_edited
relativity,ˌreləˈtiviti,,n.相关性；相对性,CET4_edited
relax,riˈlæks,,vt.使松弛 vi.松弛,CET4_edited
release,riˈliːs,,vt.释放；放松；发表,CET4_edited
relevant,ˈrelivənt,,a.有关的，贴切的,CET4_edited
reliability,riˌlaiəˈbiliti,,n.可靠性,CET4_edited
reliable,riˈlaiəbl,,a.可靠的，可信赖的,CET4_edited
reliance,riˈlaiəns,,n.信任，信赖，信心,CET4_edited
relief,riˈliːf,,n.减轻；救济；援救,CET4_edited
relieve,riˈliːv,,vt.减轻，解除；救济,CET4_edited
religion,riˈlidʒən,,n.宗教；宗教信仰,CET4_edited
religious,riˈlidʒəs,,a.宗教的；虔诚的,CET4_edited
reluctant,riˈlʌktənt,,a.不愿的，勉强的,CET4_edited
rely,riˈlai,,vi.依赖，依靠；信赖,CET4_edited
remain,riˈmein,,vi.剩下，余留；保持,CET4_edited
remains,riˈmeins,,n.残余，余额；废墟,CET4_edited
remark,riˈmɑːk,,vt.&vi.&n.评论，谈论,CET4_edited
remarkable,riˈmɑːkəbl,,a.异常的，非凡的,CET4_edited
remedy,ˈremidi,,n.&vt.治疗；补救,CET4_edited
remember,riˈmembə,,vt.记得，想起；记住,CET4_edited
remind,riˈmaind,,vt.提醒，使想起,CET4_edited
remote,riˈməut,,a.相隔很远的；冷淡的,CET4_edited
removal,riˈmuːvəl,,n.移动；迁移；除掉,CET4_edited
remove,riˈmuːv,,vt.移动，搬开；脱掉,CET4_edited
render,ˈrendə,,vt.表示，给予；使得,CET4_edited
renew,riˈnjuː,,vt.使更新 vi.更新,CET4_edited
rent,rent,,n.租金，租 vi.出租,CET4_edited
repair,riˈpeə,,vt.&n.修理，修补,CET4_edited
repeat,riˈpiːt,,vt.重说，重做 n.重复,CET4_edited
repeatedly,riˈpiːtidli,,ad.重复地；一再,CET4_edited
repent,riˈpent,,vi.悔悟，悔改 vt.后悔,CET4_edited
repetition,ˌrepiˈti∫ən,,n.重复，反复,CET4_edited
replace,ri(ː)ˈpleis,,vt.把…放回；取代,CET4_edited
reply,riˈplai,,vi.&n.回答，答复,CET4_edited
report,riˈpɔːt,,vt.&vi.报告；汇报,CET4_edited
reporter,riˈpɔːtə,,n.记者，通讯员,CET4_edited
represent,ˌriːpriˈzent,,vt.描绘；代表；象征,CET4_edited
representative,ˌrepriˈzentətiv,,a.代表性的 n.代表,CET4_edited
reproach,riˈprəut∫,,vt.&n.责备，指责,CET4_edited
reproduce,ˌriːprəˈdjuːs,,vt.&vi.繁殖，生殖,CET4_edited
republic,riˈpʌblik,,n.共和国，共和政体,CET4_edited
republican,riˈpʌblikən,,a.共和国的,CET4_edited
reputation,ˌrepju(ː)ˈtei∫ən,,n.名誉/声；好名声,CET4_edited
request,riˈkwest,,n.&v.请求，要求,CET4_edited
require,riˈkwaiə,,vt.需要；要求，命令,CET4_edited
requirement,riˈkwaiəmənt,,n.需要；要求,CET4_edited
rescue,ˈreskjuː,,vt.&n.援救，营救,CET4_edited
research,riˈsəːt∫,,n.&vi.调查，探究,CET4_edited
researcher,riˈsəːt∫ə(r),,n.调查者；探究者,CET4_edited
resemble,riˈzembl,,vt.像，类似,CET4_edited
reserve,riˈzəːv,,vt.储备，保留；预定,CET4_edited
reservoir,ˈrezəvwɑː(r),,n.水库；蓄水池,CET4_edited
residence,ˈrezidəns,,n.居住；驻扎；住处,CET4_edited
resident,ˈrezidənt,,a.居住的 n.居民,CET4_edited
resign,riˈzain,,vt.放弃 vi.辞职,CET4_edited
resignation,ˌrezigˈnei∫ən,,n.放弃，辞职，反抗,CET4_edited
resist,riˈzist,,vt.&vi.抵抗，抵制,CET4_edited
resistance,riˈzistəns,,n.抵抗/制；抵抗力,CET4_edited
resistant,riˈzistənt,,a.抵抗的，反抗的,CET4_edited
resolution,ˌrezəˈljuː∫ən,,n.坚决/定；决定,CET4_edited
resolve,riˈzɔlv,,vt.解决；决心 n.决心,CET4_edited
resort,riˈzɔːt,,vi.&n.求助，凭借,CET4_edited
resource,riˈsɔːs,,n.资源，物力；办法,CET4_edited
respect,risˈpekt,,n.&vt.尊敬，尊重,CET4_edited
respectful,risˈpektful,,a.恭敬的，尊重的,CET4_edited
respective,risˈpektiv,ad.,各自的，各个的,CET4_edited
respectively,riˈspektivli,,ad.各自/分别地,CET4_edited
respond,risˈpɔnd,,vi.作答；响应,CET4_edited
response,risˈpɔns,,n.作答，回答；响应,CET4_edited
responsibility,risˌpɔnsəˈbiliti,,n.责任(心)；职责,CET4_edited
responsible,risˈpɔnsəbl,,a.有责任的；尽责的,CET4_edited
rest,rest,,n.休息；安静；静止,CET4_edited
restaurant,ˈrestərənt,,n.餐馆，饭店，菜馆,CET4_edited
restless,ˈrestlis,,a.不安定的，焦虑的,CET4_edited
restore,risˈtɔː,,vt.恢复；归还；修补,CET4_edited
restrain,risˈtrein,,vt.抑制，遏制；限制,CET4_edited
restraint,risˈtreint,,n.抑制；遏制；克制,CET4_edited
restrict,risˈtrikt,vt,限制，限定，约束,CET4_edited
restriction,risˈtrik∫ən,,n.限制，限定，约束,CET4_edited
result,riˈzʌlt,,n.成果 vi.发生，结果,CET4_edited
resume,riˈzjuːm,,vt.恢复；重新开始,CET4_edited
retain,riˈtein,,vt.保持，保留，保有,CET4_edited
retell,ˈriːˈtel,,vt.再讲，重述，复述,CET4_edited
retire,riˈtaiə,,vi.退下；引退；就寝,CET4_edited
retreat,riˈtriːt,,vi.(被迫)退却，后退,CET4_edited
return,riˈtəːn,,vi.&n.回来，返回,CET4_edited
reveal,riˈviːl,,vt.展现；揭示，揭露,CET4_edited
revenge,riˈvendʒ,,vt.替…报仇 n.报仇,CET4_edited
reverse,riˈvəːs,,vt.颠倒，翻转 n.背面,CET4_edited
review,riˈvjuː,,vt.再检查 n.复习,CET4_edited
revise,riˈvaiz,,vt.修订，校订；修改,CET4_edited
revolt,riˈvəult,,vi.&n.反抗，造反,CET4_edited
revolution,ˌrevəˈluː∫ən,,n.革命；旋转，绕转,CET4_edited
revolutionary,ˈrevəˈluː∫ənəri,,a.革命的 n.革命者,CET4_edited
reward,riˈwɔːd,,n.报答；报酬 vt.报答,CET4_edited
rhythm,ˈrið(ə)m,,n.韵律，格律；节奏,CET4_edited
rib,rib,,n.肋，肋骨,CET4_edited
ribbon,ˈribən,,n.缎带，丝带；带,CET4_edited
rice,rais,,n.稻，米，饭,CET4_edited
rich,rit∫,,a.富的，丰富的,CET4_edited
rid,rid,,vt.使摆脱，使去掉,CET4_edited
riddle,ˈridl,,n.谜，谜语,CET4_edited
ride,raid,,vi.&n.骑马，乘车,CET4_edited
rider,ˈraidə,,n.骑马的人；乘车的人,CET4_edited
ridge,ridʒ,,n.脊；岭，山脉；垄,CET4_edited
ridiculous,riˈdikjuləs,,a.荒谬的，可笑的,CET4_edited
rifle,ˈraifl,,n.步枪，来复枪,CET4_edited
right,rait,,a.正确的 ad.对，正好,CET4_edited
rigid,ˈridʒid,,a.刚硬的；僵硬的,CET4_edited
ring,riŋ,,n.环形物(如圈、环等),CET4_edited
ripe,raip,,a.熟的；时机成熟的,CET4_edited
ripen,ˈraipən,,vt.使熟 vi.成熟,CET4_edited
rise,raiz,,vi.起立；升起；上涨,CET4_edited
risk,risk,,n.风险，危险，冒险,CET4_edited
rival,ˈraivəl,,n.竞争者 a.竞争的,CET4_edited
river,ˈrivə,,n.江，河，水道,CET4_edited
road,rəud,,n.路，道路，公路,CET4_edited
roar,rɔː,,vi.吼叫；呼喊 n.吼,CET4_edited
roast,rəust,,vt.&vi.烤，炙，烘,CET4_edited
rob,rɔb,,vt.&vi.抢劫；劫掠,CET4_edited
robber,ˈrɔbə,,n.强盗，盗贼,CET4_edited
robbery,ˈrɔbəri,,n.抢劫，劫掠，盗取,CET4_edited
robe,rəub,,n.长袍，长衣，浴衣,CET4_edited
robot,ˈrəubɔt,,n.机器人；自动机,CET4_edited
rock,rɔk,,vt.摇，使动摇 vi.摇,CET4_edited
rocket,ˈrɔkit,,n.火箭，火箭发动机,CET4_edited
rod,rɔd,,n.杆，竿，棒,CET4_edited
role,rəul,,n.角色，作用，任务,CET4_edited
roll,rəul,,vi.&vt.滚动；转动,CET4_edited
roller,ˈrəulə,,n.滚柱，滚筒，滚轴,CET4_edited
Roman,ˈrəumən,,n.古罗马人 a.罗马的,CET4_edited
romantic,rəˈmæntik,,a.浪漫的；传奇的,CET4_edited
roof,ruːf,,n.屋顶，车顶；顶,CET4_edited
room,rum,,n.房间；地位；余地,CET4_edited
root,ruːt,,n.根，根子 vi.生根,CET4_edited
rope,rəup,,n.绳，索,CET4_edited
rose,rəuz,,n.蔷薇花，蔷薇科植物,CET4_edited
rot,rɔt,,vt.烂，腐坏 n.腐烂,CET4_edited
rotary,ˈrəutəri,,a.旋转的，转动的,CET4_edited
rotate,rəuˈteit,,vi.旋转 vt.使旋转,CET4_edited
rotation,rəuˈtei∫ən,,n.旋转，转动；循环,CET4_edited
rotten,ˈrɔtn,,a.腐烂的，发臭的,CET4_edited
rough,rʌf,,a.表面不平的；粗略的,CET4_edited
roughly,ˈrʌfli,,ad.粗糙地，粗略地,CET4_edited
round,raund,,a.圆的 n.兜圈；一轮,CET4_edited
rouse,rauz,,vt.唤醒，唤起；惊起,CET4_edited
route,ruːt,,n.路，路线，路程,CET4_edited
routine,ruːˈtiːn,,n.例行公事 a.日常的,CET4_edited
row,rau,,n.(一)排，(一)行,CET4_edited
royal,ˈrɔiəl,,a.王的；皇家的,CET4_edited
rub,rʌb,,vt.摩擦，擦 vi.摩擦,CET4_edited
rubber,ˈrʌbə,,n.橡皮(擦子)；橡胶,CET4_edited
rubbish,ˈrʌbi∫,,n.垃圾，废物；废话,CET4_edited
rude,ruːd,,a.加工粗糙的；粗野的,CET4_edited
rug,rʌg,,n.小地毯；毛毯,CET4_edited
ruin,ˈruːin,,n.毁灭；废墟 vt.毁坏,CET4_edited
rule,ruːl,,n.统治；规定；习惯,CET4_edited
ruler,ˈruːlə,,n.统治者；尺，直尺,CET4_edited
rumour,ˈruːmə,,n.谣言，谣传，传闻,CET4_edited
run,rʌn,,vi.跑，奔；行驶；流,CET4_edited
runner,ˈrʌnə(r),,n.赛跑的人,CET4_edited
rural,ˈruər(ə)l,,a.农村的，田园的,CET4_edited
rush,rʌ∫,,vi.冲，奔 vt.催促,CET4_edited
Russian,ˈrʌ∫ən,,a.俄罗斯的 n.俄国人,CET4_edited
rust,rʌst,,n.锈 vi.生锈，氧化,CET4_edited
rusty,ˈrʌsti,,a.生锈的；变迟钝的,CET4_edited
sack,sæk,,n.袋，麻袋；开除,CET4_edited
sacred,ˈseikrid,,a.上帝的；神圣的,CET4_edited
sacrifice,ˈsækrifais,,n.&vt.牺牲；南祭,CET4_edited
sad,sæd,,a.悲哀的，令人悲痛的,CET4_edited
saddle,ˈsædl,,n.鞍子，马鞍,CET4_edited
sadly,ˈsædli,,ad.悲痛地，悲哀地,CET4_edited
sadness,ˈsædnis,,n.悲痛，悲哀,CET4_edited
safe,seif,,a.安全的；谨慎的,CET4_edited
safe,seif,,n.保险箱,CET4_edited
safely,ˈseifli,,ad.安全地；可靠地,CET4_edited
safety,ˈseifti,,n.安全，保险,CET4_edited
sail,seil,,n.帆；船 vi.航行,CET4_edited
sailor,ˈseilə,,n.水手，海员，水兵,CET4_edited
saint,seint,,n.圣徒；基督教徒,CET4_edited
sake,seik,,n.缘故，理由,CET4_edited
salad,ˈsæləd,,n.色拉；莴苣，生菜,CET4_edited
salary,ˈsæləri,,n.薪金，薪水,CET4_edited
sale,seil,,n.卖；拍卖；销售额,CET4_edited
salesman,ˈseilzmən,,n.售货员，推销员,CET4_edited
salt,sɔːlt,,n.盐；盐类 vt.加盐于,CET4_edited
salute,səˈluːt,,n.招呼，行礼 vi.行礼,CET4_edited
same,seim,,a.同一的，相同的,CET4_edited
sample,ˈsæmpl,,n.样品；实例，标本,CET4_edited
sand,sænd,,n.沙，沙子；沙滩,CET4_edited
sandwich,ˈsænwidʒ,,n.三明治 vt.夹入,CET4_edited
sandy,ˈsændi,,n.沙的，含沙的,CET4_edited
satellite,ˈsætəlait,,n.卫星；人造卫星,CET4_edited
satisfaction,ˌsætisˈfæk∫ən,,n.满意；快事；赔偿,CET4_edited
satisfactory,ˌsætisˈfæktəri,,"a.令人满意的,良好的",CET4_edited
satisfy,ˈsætisfai,,vt.满足；使满意,CET4_edited
Saturday,ˈsætədi,,n.星期六,CET4_edited
sauce,sɔːs,,n.调味汁，酱汁,CET4_edited
saucer,ˈsɔːsə,,n.茶托，浅碟,CET4_edited
sausage,ˈsɔsidʒ,,n.香肠，腊肠,CET4_edited
save,seiv,,vt.救；节省；储蓄,CET4_edited
saving,ˈseiviŋ,,n.搭救；节约；存款,CET4_edited
saw,sɔː,,n.锯子 vt.锯，锯开,CET4_edited
say,sei,,vt.说；说明；比如说,CET4_edited
scale,skeil,,n.天平，磅秤，秤,CET4_edited
scan,skæn,,vt.细看；浏览；扫描,CET4_edited
scar,skɑː,,n.伤疤，伤痕；创伤,CET4_edited
scarce,skeəs,,a.缺乏的；希有的,CET4_edited
scarcely,ˈskeəsli,,ad.仅仅；几乎不,CET4_edited
scare,skeə,,vt.惊吓 vi.受惊,CET4_edited
scarf,skɑːf,,n.围巾，头巾；领带,CET4_edited
scatter,ˈskætə,,vt.使消散；撒；散播,CET4_edited
scene,siːn,,n.发生地点；道具,CET4_edited
scenery,ˈsiːnəri,,n.舞台布景；风景,CET4_edited
scent,sent,,n.气味，香味；香水,CET4_edited
schedule,ˈskedʒjul,,n.时间表；计划表,CET4_edited
scheme,skiːm,,n.计划，规划；诡计,CET4_edited
scholar,ˈskɔlə,,n.学者(尤指文学方面),CET4_edited
scholarship,ˈskɔlə∫ip,,n.学业成绩；奖学金,CET4_edited
school,skuːl,,n.学校；学院；学派,CET4_edited
science,ˈsaiəns,,n.科学，科学研究,CET4_edited
scientific,saiənˈtifik,,a.科学(上)的,CET4_edited
scientist,ˈsaiəntist,,n.(自然)科学家,CET4_edited
scissors,ˈsizəz,,n.剪刀，剪子,CET4_edited
scold,skəuld,,vi.责骂 vt.申斥,CET4_edited
scope,skəup,,n.范围；余地，机会,CET4_edited
score,skɔː,,n.得分，比数，成绩,CET4_edited
scorn,skɔːn,,n.轻蔑；嘲笑 vt.轻蔑,CET4_edited
scout,skaut,,n.侦察员，侦察机,CET4_edited
scrape,skreip,,vt.&vi.&n.刮，擦,CET4_edited
scratch,skræt∫,,vt.&vi.&n.搔；抓,CET4_edited
scream,skriːm,,vi.尖叫；呼啸,CET4_edited
screen,skriːn,,n.屏；屏幕 vt.掩蔽,CET4_edited
screw,skruː,,n.螺旋，螺丝 vt.拧紧,CET4_edited
sea,siː,,n.海，海洋,CET4_edited
seal,siːl,,n.封蜡；印记 vt.封,CET4_edited
seaman,ˈsiːmən,,n.海员，水手；水兵,CET4_edited
seaport,ˈsiːpɔːt,,n.海港，港市,CET4_edited
search,səːt∫,,vt.在…中搜寻，搜查,CET4_edited
season,ˈsiːzn,,n.季，季节，时节,CET4_edited
seat,siːt,,n.座；座部 vt.使坐下,CET4_edited
second,ˈsekənd,,num.第二 a.二等的,CET4_edited
secondary,ˈsekəndəri,,a.第二的；次要的,CET4_edited
secret,ˈsiːkrit,,a.秘密的；隐蔽的,CET4_edited
secretary,ˈsekrəteri,,n.秘书；书记；大臣,CET4_edited
section,ˈsek∫ən,,n.切片；一段；部门,CET4_edited
secure,siˈkjuə,,a.安心的；安全的,CET4_edited
security,siˈkjuəriti,,n.安全，安全感,CET4_edited
see,siː,,vt.看见；遇见；看出,CET4_edited
seed,siːd,,n.种(子)，籽，萌芽,CET4_edited
seek,siːk,,vt.寻找，探索；试图,CET4_edited
seem,siːm,,vi.好像，似乎,CET4_edited
seize,siːz,,vt.抓住，逮捕；夺取,CET4_edited
seldom,ˈseldəm,,ad.很少，不常，难得,CET4_edited
select,siˈlekt,,vt.&vi.选择，挑选,CET4_edited
selection,siˈlek∫ən,,n.选择，挑选；精选物,CET4_edited
self,self,,n.自我，自己,CET4_edited
selfish,ˈselfi∫,,a.自私的，利己的,CET4_edited
sell,sel,,vt.&vi.卖，销售,CET4_edited
seller,ˈselə,,n.卖者；行销货,CET4_edited
semester,siˈmestə,,n.半年；学期，半学年,CET4_edited
semiconductor,ˈsemikənˈdʌktə,,n.半导体,CET4_edited
senate,ˈsenit,,n.参议院，上院,CET4_edited
send,send,,vt.送，寄发；派遣,CET4_edited
senior,ˈsiːnjə,,a.年少的；地位较高的,CET4_edited
sense,sens,,n.感官；感觉；见识,CET4_edited
sensible,ˈsensəbl,,a.感觉得到的；明智的,CET4_edited
sensitive,ˈsensitiv,,a.敏感的；灵敏的,CET4_edited
sentence,ˈsentəns,,n.判决；句子 vt.宣判,CET4_edited
separate,ˈsepəreit,,a.分离的；个别的,CET4_edited
separately,ˈsepərətli,,ad.分离地,CET4_edited
separation,sepəˈrei∫ən,,n.分离，分开/居,CET4_edited
September,səpˈtembə,,n.九月,CET4_edited
sequence,ˈsiːkwəns,,n.连续，继续；次序,CET4_edited
series,ˈsiəriːz,,n.连续，系列；丛书,CET4_edited
serious,ˈsiəriəs,,a.严肃的；认真的,CET4_edited
seriously,ˈsiəriəsli,,ad.严肃地，认真地,CET4_edited
servant,ˈsəːvənt,,n.仆人，佣人，雇工,CET4_edited
serve,səːv,,vt.为…服务；招待,CET4_edited
service,ˈsəːvis,,n.服务；行政部门,CET4_edited
session,ˈse∫ən,,n.会议，一段时间,CET4_edited
set,set,,vt.放；安置 vi.落,CET4_edited
setting,ˈsetiŋ,,n.安装，调整；环境,CET4_edited
settle,ˈsetl,,vt.安排；安放；调停,CET4_edited
settlement,ˈsetlmənt,,n.解决；殖民(地),CET4_edited
seven,ˈsevən,,num.七，七个(人或物),CET4_edited
seventeen,ˈsevənˈtiːn,,num.十七，十七个,CET4_edited
seventh,ˈsevənθ,,num.第七；七分之一,CET4_edited
seventy,ˈsevənti,,num.七十，七十个,CET4_edited
several,ˈsevərəl,,a.几个，数个,CET4_edited
severe,siˈviə,,a.严格的；严厉的,CET4_edited
severely,siˈviəli,,ad.严厉地，严格地,CET4_edited
sew,sjuː,,vt.缝制 vi.缝纫,CET4_edited
sex,seks,,n.性别，性,CET4_edited
shade,∫eid,,n.荫；遮光物 vi.荫蔽,CET4_edited
shadow,ˈ∫ædəu,,n.阴影，阴，影子,CET4_edited
shady,ˈ∫eidi,,a.成荫的，阴凉的,CET4_edited
shake,∫eik,,vt.摇，使震动 n.摇动,CET4_edited
shall,∫æl,,aux.v.将要；必须；应,CET4_edited
shallow,ˈ∫æləu,,a.浅的；浅薄的,CET4_edited
shame,∫eim,,n.羞耻，羞愧；羞辱,CET4_edited
shampoo,∫æmˈpuː,,vt.用洗发剂洗 n.洗头,CET4_edited
shape,∫eip,,n.形状；情况 vt.形成,CET4_edited
share,∫eə,,n.份；份额；股份,CET4_edited
sharp,∫ɑːp,,a.锋利的；敏锐的,CET4_edited
sharpen,ˈ∫ɑːpən,,vt.削尖，使敏锐,CET4_edited
sharply,ˈ∫ɑːpli,,ad.锐利地，敏锐地,CET4_edited
shave,∫eiv,,vt.剃，刮 vi.修面,CET4_edited
she,∫iː,,pron.(主格)她,CET4_edited
shear,∫iə,,vt.剪；剥夺 vi.剪,CET4_edited
shed,∫ed,,vt.流出；散发；脱落,CET4_edited
sheep,∫iːp,,n.羊，绵羊,CET4_edited
sheet,∫iːt,,n.被单；纸张；薄板,CET4_edited
shelf,∫elf,,n.搁板，架子,CET4_edited
shell,∫el,,n.壳；贝壳；炮弹,CET4_edited
shelter,ˈ∫eltə,,n.隐蔽处；掩蔽，庇护,CET4_edited
shepherd,ˈ∫epəd,,n.牧羊人，羊倌,CET4_edited
shield,∫iːld,,n.盾；防护物 vt.保护,CET4_edited
shift,∫ift,,vt.替换，转移 n.转换,CET4_edited
shilling,ˈ∫iliŋ,,n.先令,CET4_edited
shine,∫ain,,vi.照耀，发光 n.光,CET4_edited
ship,∫ip,,n.(大)船，海船，舰,CET4_edited
shirt,∫əːt,,n.(男式)衬衫,CET4_edited
shiver,ˈ∫ivə,,vi.颤抖，哆嗦 n.冷颤,CET4_edited
shock,∫ɔk,,n.冲击；震惊 vi.震动,CET4_edited
shoe,∫uː,,n.鞋,CET4_edited
shoot,∫uːt,,vt.发射；射中 n.发芽,CET4_edited
shop,∫ɔp,,n.商店，店铺；车间,CET4_edited
shopkeeper,ˈ∫ɔpkiːpə(r),,n.店主,CET4_edited
shopping,ˈ∫ɔpiŋ,,n.买东西，购物,CET4_edited
shore,∫ɔː,,n.滨，岸,CET4_edited
short,∫ɔːt,,a.短的；短期的,CET4_edited
shortage,ˈ∫ɔːtidʒ,,n.不足，缺少，不足额,CET4_edited
shortcoming,ˈ∫ɔːtkʌmiŋ,,n.短处，缺点,CET4_edited
shortly,ˈ∫ɔːtli,,ad.立刻；简短地,CET4_edited
shot,∫ɔt,,n.发射；弹丸；射门,CET4_edited
should,∫ud,,aux.v.将；万一；就,CET4_edited
shoulder,ˈ∫əuldə,,n.肩，肩膀；挑起,CET4_edited
shout,∫aut,,n.&vi.呼喊，喊叫,CET4_edited
show,∫əu,,vt.给…看；表明,CET4_edited
shower,ˈ∫auə,,n.阵雨；(一)阵；淋浴,CET4_edited
shriek,∫riːk,,vi.尖声喊叫 n.尖叫声,CET4_edited
shrink,∫riŋk,,vi.收缩；缩小；退缩,CET4_edited
shut,∫ʌt,,vt.关上，闭上，关闭,CET4_edited
shy,∫ai,,a.易受惊的；害羞的,CET4_edited
sick,sik,,a.有病的；恶心的,CET4_edited
sickness,ˈsiknis,,n.疾病,CET4_edited
side,said,,n.边，旁边；一方,CET4_edited
sideways,ˈsaidweiz,,ad.斜着，斜向一边地,CET4_edited
sigh,sai,,n.&vi.叹气，叹息,CET4_edited
sight,sait,,n.视力；见；情景,CET4_edited
sightseeing,ˈsaitsiːiŋ,,n.观光，游览,CET4_edited
sign,sain,,n.符号；招牌 n.签名,CET4_edited
signal,ˈsignl,,n.信号 vi.发信号,CET4_edited
signature,ˈsignit∫ə,,n.署名，签字，签名,CET4_edited
significance,sigˈnifikəns,,n.意义，意味；重要性,CET4_edited
significant,sigˈnifikənt,,n.有意义/重要的,CET4_edited
silence,ˈsailəns,,n.沉默 vt.使沉默,CET4_edited
silent,ˈsailənt,,a.沉默的；寂静无声的,CET4_edited
silk,silk,,n.蚕丝，丝，丝织品,CET4_edited
silly,ˈsili,,a.傻的，愚蠢的,CET4_edited
silver,ˈsilvə,,n.银；银子；银器,CET4_edited
similar,ˈsimilə,,a.相似的，类似的,CET4_edited
similarly,ˈsimiləli,,ad.类似地，相似地,CET4_edited
simple,ˈsimpl,,a.简单的；朴素的,CET4_edited
simplicity,simˈplisiti,,n.简单，简易；朴素,CET4_edited
simplify,ˈsimplifai,,vt.简化，使单纯,CET4_edited
simply,ˈsimpli,,ad.简单地；朴素地,CET4_edited
sin,sin,,n.罪，罪孽 vi.犯罪,CET4_edited
since,sins,,conj.从…以来；因为,CET4_edited
sincere,sinˈsiə,,a.真诚的；真挚的,CET4_edited
sing,siŋ,,vi.&vt.唱，演唱,CET4_edited
singer,ˈsiŋə(r),,n.歌唱家，歌手,CET4_edited
single,ˈsiŋgl,,a.单一的；独身的,CET4_edited
singular,ˈsiŋgjulə,,a.单一的；非凡的,CET4_edited
sink,siŋk,,vi.下沉；下垂；降低,CET4_edited
sir,səː(r),,n.先生，阁下；…爵士,CET4_edited
sister,ˈsistə,,n.姐妹，姐，妹,CET4_edited
sit,sit,,vi.坐，就坐 vt.使坐,CET4_edited
site,sait,,n.地点，地基；场所,CET4_edited
situation,ˌsitjuˈei∫ən,,n.位置；处境；形势,CET4_edited
six,siks,,num.六，六个,CET4_edited
sixteen,ˈsiksˈtiːn,,num.十六，十六个,CET4_edited
sixth,siksθ,,num.第六；六分之一,CET4_edited
sixty,ˈsiksti,,num.六十，六十个,CET4_edited
size,saiz,,n.大小；体积；尺码,CET4_edited
skate,skeit,,n.冰鞋；滑冰 vi.滑冰,CET4_edited
sketch,sket∫,,n.略图；速写；概略,CET4_edited
ski,skiː,,n.滑橇 vi.滑雪,CET4_edited
skill,skil,,n.技能，技巧；熟练,CET4_edited
skilled,skild,,a.有技能的，熟练的,CET4_edited
skillful,ˈskilful,,a.灵巧的，娴熟的,CET4_edited
skim,skim,,vt.掠过，擦过；略读,CET4_edited
skin,skin,,n.皮；兽皮；外皮,CET4_edited
skirt,skəːt,,n.女裙；边缘；郊区,CET4_edited
sky,skai,,n.天，天空,CET4_edited
slam,slæm,,vt.使劲关，砰地放下,CET4_edited
slave,sleiv,,n.奴隶；苦工,CET4_edited
slavery,ˈsleivəri,,n.奴隶制度；苦役,CET4_edited
sleep,sliːp,,n.睡眠 vi.睡 vt.睡,CET4_edited
sleepy,ˈsliːpi,,a.想睡的；寂静的,CET4_edited
sleeve,sliːv,,n.袖子，袖套,CET4_edited
slender,ˈslendə,,a.细长的；微薄的,CET4_edited
slice,slais,,n.薄片，切片；部分,CET4_edited
slide,slaid,,vi.滑 vt.使滑动 n.滑,CET4_edited
slight,slait,,a.细长的；轻微的,CET4_edited
slightly,ˈslaitli,,ad.稍微，有点,CET4_edited
slip,slip,,vi.滑跤；滑落；溜,CET4_edited
slipper,ˈslipə,,n.拖鞋，便鞋,CET4_edited
slippery,ˈslipəri,,a.滑的，使人滑跤的,CET4_edited
slit,slit,,n.裂缝 vt.切开，撕开,CET4_edited
slogan,ˈsləugən,,n.标语，口号,CET4_edited
slope,sləup,,n.倾斜；斜面 vi.倾斜,CET4_edited
slow,sləu,,a.慢的；迟钝的,CET4_edited
slowly,ˈsləuli,,ad.慢慢地,CET4_edited
slum,slʌm,,n.贫民窟，贫民区,CET4_edited
sly,slai,,a.狡猾的；躲躲闪闪的,CET4_edited
small,smɔːl,,a.小的，少的；小型的,CET4_edited
smart,smɑːt,,a.巧妙的；洒脱的,CET4_edited
smell,smel,,n.嗅觉；气味 vt.嗅,CET4_edited
smile,smail,,vi.微笑 n.微笑，笑容,CET4_edited
smog,smɔg,,n.烟雾,CET4_edited
smoke,sməuk,,n.烟；抽烟 vi.冒烟,CET4_edited
smooth,smuːð,,a.平滑的；平静的,CET4_edited
smoothly,ˈsmuːðli,,ad.光滑地；平稳地,CET4_edited
snake,sneik,,n.蛇,CET4_edited
snow,snəu,,n.雪 vi.下雪,CET4_edited
snowstorm,ˈsnəustɔːm,,n.雪暴，暴风雪,CET4_edited
snowy,ˈsnəui,,a.雪的，下雪的,CET4_edited
so,səu,,ad.这样；这么；非常,CET4_edited
soak,səuk,,vt.浸，泡 vi.浸泡,CET4_edited
soap,səup,,n.肥皂,CET4_edited
sob,sɔb,,vi.&n.啜泣，呜咽,CET4_edited
sober,ˈsəubə,,a.清醒的；适度的,CET4_edited
soccer,ˈsɔkə,,n.英式足球,CET4_edited
social,ˈsəu∫əl,,a.社会的；社交的,CET4_edited
socialism,ˈsəu∫əlizəm,,n.社会主义,CET4_edited
socialist,ˈsəu∫əlist,,a.社会主义的,CET4_edited
society,səˈsaiəti,,n.社会；团体；社交界,CET4_edited
sock,sɔk,,n.短袜,CET4_edited
soda,ˈsəudə,,n.碳酸钠，纯碱；汽水,CET4_edited
soft,sɔft,,a.软的；柔和的,CET4_edited
softly,ˈsɔftli,,ad.柔软地；温柔地,CET4_edited
soil,sɔil,,n.泥土，土壤，土地,CET4_edited
soil,sɔil,,vt.弄脏 vi.变脏,CET4_edited
solar,ˈsəulə,,a.太阳的，日光的,CET4_edited
soldier,ˈsəuldʒə,,n.(陆军)士兵，军人,CET4_edited
sole,səul,,n.脚底，鞋底，袜底,CET4_edited
sole,səul,,a.单独的，唯一的,CET4_edited
solely,ˈsəu(l)li,,ad.单独地，唯一地,CET4_edited
solemn,ˈsɔləm,,a.庄严的；隆重的,CET4_edited
solid,ˈsɔlid,,a.固体的 n.固体,CET4_edited
soluble,ˈsɔljubl,,a.可溶的；可以解决的,CET4_edited
solution,səˈljuː∫ən,,n.解决，解答；溶解,CET4_edited
solve,sɔlv,,vt.解答，解释，解决,CET4_edited
some,sʌm,,a.&pron.一些，若干,CET4_edited
somebody,ˈsʌmbədi,,pron.某人，有人,CET4_edited
somehow,ˈsʌmhau,,ad.由于某种原因,CET4_edited
someone,ˈsʌmwʌn,,pron.某人，有人,CET4_edited
something,ˈsʌmθiŋ,,pron.某事，某物,CET4_edited
sometime,ˈsʌmtaim,,ad.在某一时候；从前,CET4_edited
sometimes,ˈsʌmtaimz,,ad.不时，有时,CET4_edited
somewhat,ˈsʌm(h)wɔt,,pron.一点儿 ad.有点,CET4_edited
somewhere,ˈsʌm(h)weə,,ad.在某处 n.某地,CET4_edited
son,sʌn,,n.儿子,CET4_edited
song,sɔŋ,,n.歌唱；歌曲，歌词,CET4_edited
soon,suːn,,ad.不久；早，快,CET4_edited
sophisticated,səˈfistikeitid,,a.老于世故的;高级的,CET4_edited
sore,sɔ,,a.痛的；恼火的 n.疮,CET4_edited
sorrow,ˈsɔrəu,,n.悲痛，悲哀，悲伤,CET4_edited
sorry,ˈsɔri,,a.难过的；对不起的,CET4_edited
sort,sɔːt,,n.种类；类别 vt.整理,CET4_edited
soul,səul,,n.灵魂；精神；人,CET4_edited
sound,saund,,a.健康的；完好的,CET4_edited
soup,suːp,,n.汤,CET4_edited
sour,ˈsauə,,a.酸的；脾气坏的,CET4_edited
source,sɔːs,,n.河的源头；根源,CET4_edited
south,sauθ,,n.南，南方 a.南方的,CET4_edited
southeast,ˈsauθˈiːst,,n.东南 a.位于东南的,CET4_edited
southern,ˈsʌðən,,a.南方的，南部的,CET4_edited
southwest,ˈsauθˈwest,,n.西南 a.西南的,CET4_edited
Soviet,ˈsəuviet,,n.苏维埃 a.苏维埃的,CET4_edited
sow,sau,,vt.播(种) vi.播种,CET4_edited
space,speis,,n.空间；场地；空白,CET4_edited
spacecraft,ˈspeiskrɑːft,,n.航天器，宇宙飞船,CET4_edited
spaceship,ˈspeis∫ip,,n.航天飞船,CET4_edited
spade,speid,,n.铲，铁锹,CET4_edited
span,spæn,,n.跨距；一段时间,CET4_edited
Spanish,ˈspæni∫,,a.西班牙的 n.西班牙人,CET4_edited
spare,speə,,vt.节约 a.多余的,CET4_edited
spark,spɑːk,,n.火花，火星,CET4_edited
sparkle,ˈspɑːkl,,vi.发火花 vt.使闪耀,CET4_edited
sparrow,ˈspærəu,,n.麻雀,CET4_edited
speak,spiːk,,vi.说话；发言 vt.说,CET4_edited
speaker,ˈspiːkə,,n.说话者；扬声器,CET4_edited
spear,spiə,,n.矛，枪,CET4_edited
special,ˈspe∫əl,,a.特殊的；专门的,CET4_edited
specialist,ˈspe∫əlist,,n.专家,CET4_edited
speciality,ˌspe∫iˈæliti,,n.专业，特长；特产,CET4_edited
specialize,ˈspe∫əlaiz,,vi.成为…专家；专攻,CET4_edited
specially,ˈspe∫əli,,ad.专门地，特别地,CET4_edited
specific,spiˈsifik,,a.特有的；具体的,CET4_edited
specify,ˈspesifai,,vi.指定，详细说明,CET4_edited
specimen,ˈspesimin,,n.样本，标本，样品,CET4_edited
spectacle,ˈspektəkl,,n.光景，景象；眼镜,CET4_edited
speech,spiːt∫,,n.言语；演说；方言,CET4_edited
speed,spiːd,,n.快；速率 vi.快行,CET4_edited
spell,spel,,vt.拼写 vi.拼字,CET4_edited
spelling,ˈspeliŋ,,n.拼字，拼法，拼写法,CET4_edited
spend,spend,,vt.用钱，花费；度过,CET4_edited
sphere,sfiə,,n.球，圆体；范围,CET4_edited
spider,ˈspaidə,,n.蜘蛛,CET4_edited
spill,spil,,vt.使溢出 vi.溢出,CET4_edited
spin,spin,,vt.纺；使旋转 n.旋转,CET4_edited
spirit,ˈspirit,,n.精神；气魄；情绪,CET4_edited
spiritual,ˈspiritjuəl,,a.精神的，心灵的,CET4_edited
spit,spit,,vi.吐 vi.吐唾沫,CET4_edited
splash,splæ∫,,vt.&n.溅，泼，飞溅,CET4_edited
splendid,ˈsplendid,,a.壮丽的；显著的,CET4_edited
split,split,,vt.劈开 vi.被劈开,CET4_edited
spoil,spɔil,,vt.损坏，糟蹋；宠坏,CET4_edited
sponge,spʌndʒ,,n.海绵,CET4_edited
sponsor,ˈspɔnsə,,n.发起者 vt.发起,CET4_edited
spontaneous,spɔnˈteiniəs,,a.自发/本能的,CET4_edited
spoon,spuːn,,n.匙，调羹,CET4_edited
sport,spɔːt,,n.运动；运动会,CET4_edited
sportsman,ˈspɔːtsmən,,n.运动员,CET4_edited
spot,spɔt,,n.点，斑点；地点,CET4_edited
spray,sprei,,n.浪花；喷雾 vt.喷,CET4_edited
spread,spred,,vt.伸开；传播 n.传播,CET4_edited
spring,spriŋ,,vi.跳，跃 n.跳跃；泉,CET4_edited
springtime,ˈspriŋtaim,,n.春季，春天,CET4_edited
sprinkle,ˈspriŋkl,,n.洒，撒；小雨,CET4_edited
spur,spəː,,n.刺激物 vt.刺激,CET4_edited
spy,spai,,n.间谍，特务 vt.侦察,CET4_edited
square,skweə,,n.正方形；广场,CET4_edited
squeeze,skwiːz,,vt.&vi.榨，挤；压榨,CET4_edited
squirrel,ˈskwirəl,,n.松鼠,CET4_edited
stab,stæb,,vt.&vi.&n.刺，戳,CET4_edited
stability,stəˈbiliti,,n.稳定，稳定性，巩固,CET4_edited
stable,ˈsteibl,,a.稳定的，不变的,CET4_edited
stack,stæk,,n.堆，垛 vt.堆积,CET4_edited
stadium,ˈsteidiəm,,n.露天大型运动场,CET4_edited
staff,stɑːf,,n.工作人员；参谋,CET4_edited
stage,steidʒ,,n.舞台；戏剧；阶段,CET4_edited
stain,stein,,vt.沾污；给…着色,CET4_edited
stair,steə,,n.楼梯,CET4_edited
staircase,ˈsteəkeis,,n.楼梯，楼梯间,CET4_edited
stake,steik,,n.桩；赌金；奖品,CET4_edited
stale,steil,,n.陈腐的；走了气的,CET4_edited
stamp,stæmp,,n.戳子；邮票；标志,CET4_edited
stand,stænd,,vi.站；坐落 n.架，台,CET4_edited
standard,ˈstændəd,,n.标准 a.标准的,CET4_edited
standpoint,ˈstændpɔint,,n.立场，观点,CET4_edited
star,stɑː,,n.星；恒星；明星,CET4_edited
stare,steə(r),,vi.盯，凝视,CET4_edited
start,stɑːt,,vi.跳起；出发；开始,CET4_edited
startle,ˈstɑːtl,,vt.使大吃一惊 n.吃惊,CET4_edited
starve,stɑːv,,vi.饿死 vt.使饿死,CET4_edited
state,steit,,n.状态；国家；州,CET4_edited
statement,ˈsteitmənt,,n.陈述，声明,CET4_edited
statesman,ˈsteitsmən,,n.政治家，国务活动家,CET4_edited
static,ˈstætik,,a.静的；静态的,CET4_edited
station,ˈstei∫ən,,n.站，台，所，局,CET4_edited
statistical,stəˈtistikəl,,a.统计的，统计学的,CET4_edited
statue,ˈstæt∫uː,,n.塑像，雕像，铸像,CET4_edited
status,ˈsteitəs,,n.地位，身分,CET4_edited
stay,stei,,vi.停留；住 n.逗留,CET4_edited
steadily,ˈstedili,,ad.稳定地，不变地,CET4_edited
steady,ˈstedi,,a.稳固的 vt.使稳定,CET4_edited
steal,stiːl,,vt.偷，窍取,CET4_edited
steam,stiːm,,n.蒸汽 vi.蒸发 vt.蒸,CET4_edited
steamer,ˈstiːmə,,n.轮船，汽船,CET4_edited
steel,stiːl,,n.钢，钢铁,CET4_edited
steep,stiːp,,a.险峻的，陡峭的,CET4_edited
steer,stiə,,vt.&vi.驾驶,CET4_edited
stem,stem,,n.茎，(树)干 vi.起源,CET4_edited
step,step,,n.(脚)步；步骤 vi.走,CET4_edited
stern,stəːn,,a.严厉的；坚定的,CET4_edited
steward,ˈstjuəd,,n.乘务员，服务员,CET4_edited
stewardess,ˈstjuːədis,,n.空中小姐，女乘务员,CET4_edited
stick,stik,,n.棍，棒 vt.刺；粘贴,CET4_edited
sticky,ˈstiki,,a.粘性的；胶粘的,CET4_edited
stiff,stif,,a.硬的；僵直的,CET4_edited
stiffen,ˈstifn,,vt.使硬；使僵硬,CET4_edited
still,stil,,a.静止的 n.寂静,CET4_edited
stimulate,ˈstimjuleit,,vt.刺激，激励，激发,CET4_edited
sting,stiŋ,,vt.刺；刺痛 vi.&n.刺,CET4_edited
stir,stəː,,vt.动；拨动；激动,CET4_edited
stitch,stit∫,,n.一针；针脚 vt.缝,CET4_edited
stock,stɔk,,n.原料；库存品；股本,CET4_edited
stocking,ˈstɔkiŋ,,n.长(统)袜,CET4_edited
stomach,ˈstʌmək,,n.胃；肚子；食欲,CET4_edited
stone,stəun,,n.石，石头；宝石,CET4_edited
stony,ˈstəuni,,a.多石的；冷酷的,CET4_edited
stool,stuːl,,n.凳子,CET4_edited
stoop,stuːp,,vi.俯身；弯身 n.弯腰,CET4_edited
stop,stɔp,,vt.塞住；阻止；停止,CET4_edited
storage,ˈstɔridʒ,,n.贮藏；贮藏量,CET4_edited
store,stɔː,,n.贮藏；贮存品；商店,CET4_edited
storey,ˈstɔːri,,n.(层)楼,CET4_edited
storm,stɔːm,,n.风暴；暴(风)雨,CET4_edited
stormy,ˈstɔːmi,,a.有暴风雨的；激烈的,CET4_edited
story,ˈstɔːri,,n.故事，小说，传说,CET4_edited
stove,stəuv,,n.炉，火炉，电炉,CET4_edited
straight,streit,,a.直的；正直的 ad.直,CET4_edited
strain,strein,,vt.拉紧 vi.尽力,CET4_edited
strange,streindʒ,,a.陌生的；奇怪的,CET4_edited
stranger,ˈstreindʒə,,n.陌生人；新来者,CET4_edited
strap,stræp,,n.带子 vt.捆扎,CET4_edited
strategy,ˈstrætidʒi,,n.战略；策略,CET4_edited
straw,strɔː,,n.稻草，麦杆吸管,CET4_edited
strawberry,ˈstrɔːbəri,,n.草莓,CET4_edited
stream,striːm,,n.河；流 vi.&vt.流,CET4_edited
street,striːt,,n.街，街道；行车道,CET4_edited
strength,streŋθ,,n.力，力量，力气,CET4_edited
strengthen,ˈstreŋθən,,vt.加强，巩固,CET4_edited
stress,stres,,n.压力；重音 vt.着重,CET4_edited
stretch,stret∫,,vt.伸展 vi.伸 n.伸展,CET4_edited
strict,strikt,,a.严格的；严谨的,CET4_edited
strictly,ˈstriktli,,ad.严格地，严谨地,CET4_edited
strike,straik,,vt.&vi.打，击 n.罢工,CET4_edited
string,striŋ,,n.线，细绳；一串,CET4_edited
strip,strip,,vt.剥；夺去 n.条带,CET4_edited
stripe,straip,,n.条纹，条子,CET4_edited
stroke,strəuk,,n.打，击；鸣声；中风,CET4_edited
strong,strɔŋ,,a.强壮的；擅长的,CET4_edited
strongly,ˈstrɔŋli,,ad.强壮地，强烈地,CET4_edited
structural,ˈstrʌkt∫ərəl,,a.结构的，构造的,CET4_edited
structure,ˈstrʌkt∫ə,,n.结构；构造 vt.建造,CET4_edited
struggle,ˈstrʌgl,,n.&vi.斗争，奋斗,CET4_edited
student,ˈstjuːdənt,,n.学生；研究生，学者,CET4_edited
study,ˈstʌdi,,n.学习，研究 vt.学,CET4_edited
stuff,stʌf,,n.材料 vt.装，填，塞,CET4_edited
stumble,ˈstʌmbl,,vi.绊倒；犯错误,CET4_edited
stupid,ˈstjuːpid,,a.愚蠢的；感觉迟钝的,CET4_edited
style,stail,,n.风格；文体；式样,CET4_edited
subject,ˈsʌbdʒikt,,n.题目；学科；主语,CET4_edited
submarine,sʌbməˈriːn,,a.水下的 n.潜水艇,CET4_edited
submerge,səbˈməːdʒ,,vt.浸没 vi.潜入水中,CET4_edited
submit,səbˈmit,,vt.使服从 vi.服从,CET4_edited
subsequent,ˈsʌbsikwənt,,a.随后的，后来的,CET4_edited
substance,ˈsʌbstəns,,n.物质；实质；本旨,CET4_edited
substantial,səbˈstæn∫əl,,a.物质的；坚固的,CET4_edited
substitute,ˈsʌbstitjuːt,,n.代替人 vt.用…代替,CET4_edited
subtract,səbˈtrækt,,vt.减，减去，去掉,CET4_edited
suburb,ˈsʌbəːb,,n.郊区，郊外，近郊,CET4_edited
succeed,səkˈsiːd,,vt.继…之后 vi.成功,CET4_edited
success,səkˈses,,n.成功，成就，胜利,CET4_edited
successful,səkˈsesful,,a.成功的，结果良好的,CET4_edited
successfully,səkˈsesfuli,,ad.成功地,CET4_edited
succession,səkˈse∫ən,,n.连续；继任，继承,CET4_edited
successive,səkˈsesiv,,a.连续的；接连的,CET4_edited
such,sʌt∫,,a.这样的；如此的…,CET4_edited
suck,sʌk,,vt.吸，吮，啜；吸收,CET4_edited
sudden,ˈsʌdn,,a.突然的，意外的,CET4_edited
suddenly,ˈsʌdənli,,ad.突然地,CET4_edited
suffer,ˈsʌfə,,vt.遭受；忍受；容许,CET4_edited
sufficient,səˈfi∫ənt,,a.足够的，充分的,CET4_edited
sufficiently,səˈfi∫əntli,,ad.足够地，充分地,CET4_edited
sugar,ˈ∫ugə,,n.糖,CET4_edited
suggest,səˈdʒest,,vt.建议；暗示，启发,CET4_edited
suggestion,səˈdʒest∫ən,,n.建议，意见；暗示,CET4_edited
suit,sjuːt,,n.起拆，诉讼 vt.适合,CET4_edited
suitable,ˈsjuːtəbl,,a.合适的；适宜的,CET4_edited
sulphur,ˈsʌlfə,,n.硫(磺)，硫黄,CET4_edited
sum,sʌm,,n.总数；金额 vi.共计,CET4_edited
summarize,ˈsʌməraiz,,vt.概括/述，总结,CET4_edited
summary,ˈsʌməri,,n.摘要，概要，一览,CET4_edited
summer,ˈsʌmə,,n.夏，夏季,CET4_edited
sun,sʌn,,n.太阳，日,CET4_edited
Sunday,ˈsʌndi,,n.星期日，礼拜日,CET4_edited
sunlight,ˈsʌnlait,,n.日光，阳光,CET4_edited
sunny,ˈsʌni,,a.阳光充足的；快活的,CET4_edited
sunrise,ˈsʌnraiz,,n.日出(时分),CET4_edited
sunset,ˈsʌnset,,n.日落(时分),CET4_edited
sunshine,ˈsʌn∫ain,,n.(直射)日光，阳光,CET4_edited
super,ˈsjuːpə,,a.极好的，超级的,CET4_edited
superficial,sjuːpəˈfi∫əl,,a.表面的；肤浅的,CET4_edited
superior,sjuːˈpiəriə,,a.较高的；优越的,CET4_edited
supermarket,ˈsjuːpəˌmɑːkit,,n.超级市场,CET4_edited
supper,ˈsʌpə,,n.晚饭，晚餐,CET4_edited
supplement,ˈsʌplimənt,,n.&vt.增补，补充,CET4_edited
supply,səˈplai,,vt.&n.供给，供应,CET4_edited
support,səˈpɔːt,,vt.支撑；支持；供养,CET4_edited
suppose,səˈpəuz,,vt.猜想；假定；让,CET4_edited
supreme,sjuːˈpriːm,,a.最高的；最大的,CET4_edited
sure,∫uə,,a.确信的；确实的,CET4_edited
surely,ˈ∫uəli,,a.确实；稳当地,CET4_edited
surface,ˈsəːfis,,n.地面，表面；外表,CET4_edited
surgeon,ˈsəːdʒən,,n.外科医师；军医,CET4_edited
surgery,ˈsəːdʒəri,,n.外科，外科手术,CET4_edited
surname,ˈsəːneim,,n.姓,CET4_edited
surprise,səˈpraiz,,vt.使惊奇；突然袭击,CET4_edited
surprising,səˈpraiziŋ,,a.惊人/出人意外的,CET4_edited
surrender,səˈrendə,,vt.交出 vi.投降,CET4_edited
surround,səˈraund,,vt.围，围绕，圈住,CET4_edited
surroundings,səˈraundiŋz,,"n.周围的事物,环境",CET4_edited
survey,səːˈvei,,vt.俯瞰；检查；测量,CET4_edited
survive,səˈvaiv,,vt.幸免于 vi.活下来,CET4_edited
suspect,səsˈpekt,,vt.怀疑 vi.疑心,CET4_edited
suspend,səsˈpend,,vt.吊，悬；推迟,CET4_edited
suspicion,səsˈpi∫ən,,n.怀疑，疑心，猜疑,CET4_edited
sustain,səsˈtein,,vt.支撑；供养；忍受,CET4_edited
swallow,ˈswɔləu,,n.燕子,CET4_edited
swamp,swɔmp,,n.沼泽，沼泽地,CET4_edited
swan,swɔn,,n.天鹅,CET4_edited
swarm,swɔːm,,n.一大群 vi.密集,CET4_edited
sway,swei,,vi.摇动 vt.摇；摇动,CET4_edited
swear,sweə,,vt.宣(誓) vi.诅咒,CET4_edited
sweat,swet,,n.汗 vi.出汗,CET4_edited
sweater,ˈswetə,,n.厚运动衫，毛线衫,CET4_edited
sweep,swiːp,,vt.扫；刮起；扫过,CET4_edited
sweet,swiːt,,a.甜的；愉快的,CET4_edited
swell,swel,,vi.膨胀；隆起；增长,CET4_edited
swift,swift,,a.快的；反应快的,CET4_edited
swim,swim,,vi.游，游泳；眼花,CET4_edited
swing,swiŋ,,vi.摇摆；回转 n.摇摆,CET4_edited
Swiss,swis,,a.瑞士的 n.瑞士人,CET4_edited
switch,swit∫,,n.开关；转换 vt.转换,CET4_edited
sword,sɔːd,,n.剑，刀,CET4_edited
symbol,ˈsimbəl,,n.象征；符号，记号,CET4_edited
sympathetic,ˌsimpəˈθetik,,a.同情的；和谐的,CET4_edited
sympathize,ˈsimpəθaiz,,vi.同情/感，共鸣,CET4_edited
sympathy,ˈsimpəθi,,n.同情；一致，同感,CET4_edited
synthetic,sinˈθeti,,a.综合的；合成的,CET4_edited
system,ˈsistəm,,n.系统，体系；制度,CET4_edited
systematic(al),ˌsistiˈmætik,,a.有系统/计划的,CET4_edited
table,ˈteibl,,n.桌子；餐桌；项目表,CET4_edited
tablet,ˈtæblit,,n.碑，匾；药片,CET4_edited
tag,tæg,,n.附加语；标签,CET4_edited
tail,teil,,n.尾巴；末尾部分,CET4_edited
tailor,ˈteilə,,n.裁缝 vt.裁制衣服,CET4_edited
take,teik,,vt.拿；抓；拿走；吃,CET4_edited
tale,teil,,n.故事，传说,CET4_edited
talent,ˈtælənt,,n.天才；才能；人才,CET4_edited
talk,tɔːk,,vi.讲话 vt.谈论,CET4_edited
tall,tɔːl,,n.高的，身材高的,CET4_edited
tame,teim,,a.驯服的；顺从的,CET4_edited
tan,tæn,,n.棕褐色 a.棕黄色的,CET4_edited
tank,tæŋk,,n.坦克；大容器，槽,CET4_edited
tap,tæp,,vt.&vi.&n.轻叩,CET4_edited
tape,teip,,n.线带；磁带，录音带,CET4_edited
target,ˈtɑːgit,,n.靶，标的；目标,CET4_edited
task,tɑːsk,,n.任务，工作，作业,CET4_edited
taste,teist,,vt.尝；尝到 n.味觉,CET4_edited
tax,tæks,,n.税，税款；负担,CET4_edited
taxi,ˈtæksi,,n.出租汽车,CET4_edited
tea,tiː,,n.茶；茶叶；茶树,CET4_edited
teach,tiːt∫,,vt.讲；教育 vt.教书,CET4_edited
teacher,ˈtiːt∫ə,,n.教师，老师，先生,CET4_edited
teaching,ˈtiːt∫iŋ,,n.教学，讲授；教导,CET4_edited
team,tiːm,,n.队，组,CET4_edited
tear,tiə,,n.眼泪，泪珠,CET4_edited
technical,ˈteknikəl,,a.技术的，工艺的,CET4_edited
technician,tekˈni∫(ə)n,,n.技术员，技师,CET4_edited
technique,tekˈniːk,,n.技术，技巧；技能,CET4_edited
technology,tekˈnɔlədʒi,,n.工艺学，工艺，技术,CET4_edited
tedious,ˈtiːdiəs,,a.冗长乏味的，沉闷的,CET4_edited
teenager,ˈtiːnˌeidʒə,,n.青少年,CET4_edited
telegram,ˈteligræm,,n.电报,CET4_edited
telegraph,ˈteligrɑːf,,n.电报机；电报,CET4_edited
telephone,ˈtelifəun,,n.电话 vi.打电话,CET4_edited
telescope,ˈteliskəup,,n.望远镜,CET4_edited
television,ˈteliviʒən,,n.电视；电视机,CET4_edited
tell,tel,,vt.讲述；吩咐；辨别,CET4_edited
temper,ˈtempə,,n.韧度；心情，情绪,CET4_edited
temperature,ˈtemprit∫ə(r),,n.温度；体温,CET4_edited
temple,ˈtempl,,n.圣堂，神殿，庙宇,CET4_edited
temporary,ˈtempərəri,,a.暂时的，临时的,CET4_edited
tempt,tempt,,vt.引诱，诱惑；吸引,CET4_edited
temptation,tempˈtei∫ən,,n.诱惑，引诱,CET4_edited
ten,ten,,num.十，十个,CET4_edited
tenant,ˈtenənt,,n.承担人，房客，佃户,CET4_edited
tend,tend,,vt.照管，照料，护理,CET4_edited
tendency,ˈtendənsi,,n.趋向，趋势，倾向,CET4_edited
tender,ˈtendə,,a.嫩的；脆弱的,CET4_edited
tennis,ˈtenis,,n.网球，网球运动,CET4_edited
tense,tens,,n.时态，时,CET4_edited
tent,tent,,n.帐篷,CET4_edited
tenth,tenθ,,num.第十；十分之一,CET4_edited
term,təːm,,n.期；学期；条件；词,CET4_edited
terminal,ˈtəːminl,,a.末端的 n.末端,CET4_edited
terrible,ˈterəbl,,a.可怕的；极度的,CET4_edited
terrific,təˈrifik,,a.可怕的；极大的,CET4_edited
territory,ˈteritəri,,n.领土，版图；领域,CET4_edited
terror,ˈterə,,n.恐怖，惊骇,CET4_edited
test,test,,n.&vt.试验；检验,CET4_edited
text,tekst,,n.原文，本文；课文,CET4_edited
textbook,ˈtekstbuk,,n.课本，教科书,CET4_edited
textile,ˈtekstail,,n.纺织品 a.纺织的,CET4_edited
than,ðæn,,conj.(比较级)比,CET4_edited
thank,θæŋk,,vt.谢谢，感谢 n.感谢,CET4_edited
that,ðæt,,a.那 pron.那 ad.那样,CET4_edited
the,ðə,,art.(定冠词)这，那,CET4_edited
theatre,ˈθiətə(r),,n.戏院；戏剧；教室,CET4_edited
their,ðeə,,pron.他(她、它)们的,CET4_edited
theirs,ðeəz,,pron.他(她)们的东西,CET4_edited
them,θem,,pron.(宾格)他们,CET4_edited
themselves,ðəmˈselvz,,pron.他们自己,CET4_edited
then,ðen,,ad.当时；然后；那么,CET4_edited
theoretical,θiəˈretikəl,,a.理论(上)的,CET4_edited
theory,ˈθiəri,,n.理论；学说；意见,CET4_edited
there,ðeə,,ad.在那里；在那点上,CET4_edited
thereby,ˈðeəˈbai,,ad.因此，从而，由此,CET4_edited
therefore,ˈðeəfɔː,,ad.因此，所以,CET4_edited
thermometer,θəˈmɔmitə(r),,n.温度计，寒暑表,CET4_edited
these,ðiːz,,a.&pron.这些,CET4_edited
they,ðei,,pron.(主格)他(她)们,CET4_edited
thick,θik,,a.厚的；密的；浓,CET4_edited
thickness,ˈθiknis,,n.厚(度)；密(度),CET4_edited
thief,θiːf,,n.窃贼，偷窃犯,CET4_edited
thin,θin,,a.薄的；淡的 vi.变薄,CET4_edited
thing,θiŋ,,n.物；用品；事；情况,CET4_edited
think,θiŋk,,vt.想；想要；认为,CET4_edited
third,θəːd,,num.第三；三分之一,CET4_edited
thirdly,ˈθəːdli,,ad.第三,CET4_edited
thirst,θəːst,,n.渴，口渴；渴望,CET4_edited
thirsty,ˈθəːsti,,a.渴的；渴望的,CET4_edited
thirteen,ˈθəːˈtiːn,,num.十三，十三个,CET4_edited
thirty,ˈθəːti,,num.三十，三十个,CET4_edited
this,ðis,,a.这；今 pron.这,CET4_edited
thorn,θɔːn,,n.刺，棘；荆棘；蒺藜,CET4_edited
thorough,ˈθʌrə,,a.彻底的；详尽的,CET4_edited
those,ðəuz,,pron.那些,CET4_edited
though,ðəu,,conj.虽然 ad.可是,CET4_edited
thought,θɔːt,,n.思想；思维；想法,CET4_edited
thoughtful,ˈθɔːtful,,a.沉思的；体贴的,CET4_edited
thousand,ˈθauzənd,,num.千，千个 n.无数,CET4_edited
thread,θred,,n.线；丝；螺纹；头绪,CET4_edited
threat,θret,,n.威胁，恐吓，凶兆,CET4_edited
threaten,ˈθretn,,vt.&vi.威胁，恐吓,CET4_edited
three,θriː,,num.三，三个,CET4_edited
thrill,θril,,n.一阵激动,CET4_edited
thrive,θraiv,,vi.兴旺，繁荣，旺盛,CET4_edited
throat,θrəut,,n.咽喉，喉咙；嗓音,CET4_edited
throne,θrəun,,n.宝座，御座；王位,CET4_edited
throng,θrɔŋ,,n.群，人群 vt.挤满,CET4_edited
through,θruː,,prep.穿过 ad.从头到尾,CET4_edited
throughout,θru(ː)ˈaut,,prep.遍及 ad.到处,CET4_edited
throw,θrəu,,vt.投，掷，抛，扔,CET4_edited
thrust,θrʌst,,vt.插，刺 n.插；讽刺,CET4_edited
thumb,θʌm,,n.(大)拇指,CET4_edited
thunder,ˈθʌndə,,n.雷 vi.打雷 vt.吼出,CET4_edited
Thursday,ˈθəːzdi,,n.星期四,CET4_edited
thus,ðʌs,,ad.如此，这样；因而,CET4_edited
tick,tik,,n.滴答声；记号,CET4_edited
ticket,ˈtikit,,n.票，券；纲领；传票,CET4_edited
tide,taid,,n.潮，潮汐；潮流,CET4_edited
tidy,ˈtaidi,,a.整洁的；整齐的,CET4_edited
tie,tai,,n.领带；联系 vt.系,CET4_edited
tiger,ˈtaigə,,n.虎,CET4_edited
tight,tait,,a.紧的；紧身的,CET4_edited
till,til,,prep.conj.直到…为止,CET4_edited
timber,ˈtimbə,,n.木材，木料,CET4_edited
time,taim,,n.时间；时机；次，回,CET4_edited
timetable,ˈtaimteib(ə)l,,n.时间表，时刻表,CET4_edited
timid,ˈtimid,,a.胆怯的；羞怯的,CET4_edited
tin,tin,,n.锡；罐头,CET4_edited
tiny,ˈtaini,,a.微小的，极小的,CET4_edited
tip,tip,,n.梢，末端，尖，尖端,CET4_edited
tire,ˈtaiə,,vi.疲劳，累；厌倦,CET4_edited
tired,ˈtaiəd,,a.疲劳的；厌倦的,CET4_edited
tissue,ˈtisjuː,,n.薄绢；薄纸；组织,CET4_edited
title,ˈtaitl,,n.标题，题目；称号,CET4_edited
to,tuː,,prep.到，向，达到,CET4_edited
toast,təust,,n.烤面包 vt.烘，烤,CET4_edited
tobacco,təˈbækəu,,n.烟草，烟叶,CET4_edited
today,təˈdei,,ad.在今天；现在,CET4_edited
toe,təu,,n.脚趾，足尖,CET4_edited
together,təˈgeðə,,ad.共同，一起,CET4_edited
toilet,ˈtɔilit,,n.厕所，盥洗室，浴室,CET4_edited
tolerance,ˈtɔlərəns,,n.忍受，容忍；公差,CET4_edited
tolerate,ˈtɔləreit,,vt.忍受，容忍，宽恕,CET4_edited
tomato,təˈmɑːtəu,,n.番茄，西红柿,CET4_edited
tomb,tuːm,,n.坟，冢,CET4_edited
tomorrow,təˈmɔrəu,,ad.在明天 n.明天,CET4_edited
ton,tʌn,,n.吨；大量,CET4_edited
tone,təun,,n.音；腔调；声调,CET4_edited
tongue,tʌŋ,,n.舌，舌头；语言,CET4_edited
tonight,təˈnait,,ad.在今夜 n.今夜,CET4_edited
too,tuː,,ad.也，还；太，过分,CET4_edited
tool,tuːl,,n.工具，器具，用具,CET4_edited
tooth,tuːθ,,n.牙齿,CET4_edited
top,tɔp,,n.顶；首位 a.顶的,CET4_edited
topic,ˈtɔpik,,n.题目，论题，话题,CET4_edited
torch,tɔːt∫,,n.火炬，火把；手电筒,CET4_edited
torrent,ˈtɔrənt,,n.奔流，激流，洪流,CET4_edited
tortoise,ˈtɔːtəs,,n.龟，乌龟,CET4_edited
torture,ˈtɔːt∫ə,,n.拷问；折磨 vt.拷打,CET4_edited
toss,tɔːs,,vt.&vi.扔，抛，掷,CET4_edited
total,ˈtəutl,,a.总的 vi.合计，总共,CET4_edited
touch,tʌt∫,,vt.触摸；触动 n.触,CET4_edited
tough,tʌf,,a.坚韧的；健壮的,CET4_edited
tour,tuə,,n.&vi.旅行，游历,CET4_edited
tourist,ˈtuərist,,n.旅游者，观光者,CET4_edited
toward(s),təˈwɔːd,,prep.向；对于；接近,CET4_edited
towel,ˈtauəl,,n.毛巾，手巾,CET4_edited
tower,ˈtauə,,n.塔 vi.屹立，高耸,CET4_edited
town,taun,,n.镇，市镇，城镇,CET4_edited
toy,tɔi,,n.玩具，玩物,CET4_edited
trace,treis,,n.痕迹；丝毫 vt.跟踪,CET4_edited
track,træk,,n.行踪；路径；轨道,CET4_edited
tractor,ˈtræktə,,n.拖拉机；牵引车,CET4_edited
trade,treid,,n.贸易；职业 vi.交易,CET4_edited
tradition,trəˈdi∫ən,,n.传统，惯例,CET4_edited
traditional,trəˈdi∫ən(ə)l,,a.传统的，惯例的,CET4_edited
traffic,ˈtræfik,,n.交通，通行；交通量,CET4_edited
tragedy,ˈtrædʒidi,,n.悲剧；惨事，惨案,CET4_edited
trail,treil,,n.痕迹；小径 vt.跟踪,CET4_edited
train,trein,,vt.培养 n.列车；队列,CET4_edited
training,ˈtreiniŋ,,n.训练，锻炼，培养,CET4_edited
traitor,ˈtreitə,,n.叛徒，卖国贼,CET4_edited
tram,træm,,n.(有轨)电车,CET4_edited
tramp,træmp,,n.流浪者，游民,CET4_edited
transfer,trænsˈfəː,,vt.转移；调动 vi.转移,CET4_edited
transform,trænsˈfɔːm,,vt.改变/造；变换,CET4_edited
transformation,ˌtrænsfəˈmei∫ən,,n.变化；改造；转变,CET4_edited
transformer,trænsˈfɔːmə(r),,n.变压/转换器,CET4_edited
transistor,trænˈsistə,,n.晶体管,CET4_edited
translate,trænsˈleit,,vt.翻译，译 vt.翻译,CET4_edited
translation,trænsˈlei∫ən,,n.翻译；译文/本,CET4_edited
transmission,trænzˈmi∫ən,,n.传送;传动;发射,CET4_edited
transmit,trænzˈmit,,vt.传送，传达；发射,CET4_edited
transparent,trænsˈpeərənt,,a.透明的;易识破的,CET4_edited
transport,trænsˈpɔːt,,vt.运输 n.运输,CET4_edited
transportation,ˌtrænspɔːˈtei∫ən,,n.运输，运送，客运,CET4_edited
trap,træp,,n.陷阱；诡计 vt.诱骗,CET4_edited
travel,ˈtrævl,,vi.&vi.&n.旅行,CET4_edited
tray,trei,,n.(浅)盘，托盘，碟,CET4_edited
treason,ˈtriːzn,,n.谋反，通敌，叛国罪,CET4_edited
treasure,ˈtreʒə,,n.财富；珍宝 vt.珍视,CET4_edited
treat,triːt,,vt.对待；处理 n.款待,CET4_edited
treatment,ˈtriːtmənt,,n.待遇；治疗，疗法,CET4_edited
treaty,ˈtriːti,,n.条约；协议，协定,CET4_edited
tree,triː,,n.树,CET4_edited
tremble,ˈtrembl,,vi.发抖，哆嗦；摇动,CET4_edited
tremendous,triˈmendəs,,a.极大的，非常的,CET4_edited
trend,trend,,vi.伸向；倾向 n.倾向,CET4_edited
trial,ˈtraiəl,,n.试，试验；审判,CET4_edited
triangle,ˈtraiæŋgl,,n.三角(形),CET4_edited
tribe,traib,,n.部落，宗族,CET4_edited
trick,trik,,n.诡计；窍门 vt.哄骗,CET4_edited
trifle,ˈtraifl,,n.小事，琐事；少许,CET4_edited
trim,trim,,a.整齐的 vt.使整齐,CET4_edited
trip,trip,,vi.绊；失足 vt .绊倒,CET4_edited
triumph,ˈtraiəmf,,n.凯旋；胜利 vi.成功,CET4_edited
troop,truːp,,n.军队；一群，大量,CET4_edited
tropical,ˈtrɔpikl,,a.热带的,CET4_edited
trouble,ˈtrʌbl,,n.烦恼；困难 vi.烦恼,CET4_edited
troublesome,ˈtrʌblsəm,,a.令人烦恼的；麻烦的,CET4_edited
trousers,ˈtrauzəz,,n.裤子，长裤,CET4_edited
truck,trʌk,,n.卡车，载重汽车,CET4_edited
true,truː,,a.真的；忠实的,CET4_edited
truly,truːli,,ad.真正地；忠实地,CET4_edited
trumpet,ˈtrʌmpit,,n.喇叭，小号,CET4_edited
trunk,trʌŋk,,n.树干；大衣箱，皮箱,CET4_edited
trust,trʌst,,n.信任 vt.相信；委托,CET4_edited
truth,truːθ,,n.真理；真实；真实性,CET4_edited
try,trai,,vt.试；审问 vi.尝试,CET4_edited
tub,tʌb,,n.桶，盆，浴缸，浴盆,CET4_edited
tube,ˈtjuːb,,n.管；电子管，显像管,CET4_edited
tuck,tʌk,,vt.折短，卷起；塞,CET4_edited
Tuesday,ˈtjuːzdi,,n.星期二,CET4_edited
tuition,tjuːˈi∫ən,,n.教，教诲；学费,CET4_edited
tumble,ˈtʌmbl,,vi.摔倒，跌倒；打滚,CET4_edited
tune,tjuːn,,n.调子；和谐 vt.调谐,CET4_edited
tunnel,ˈtʌnl,,n.隧道，坑道，地道,CET4_edited
turbine,ˈtəːbain,,n.叶轮机，汽轮机,CET4_edited
turbulent,ˈtəːbjulənt,,a.骚动的，骚乱的,CET4_edited
turkey,ˈtəːki,,n.火鸡；火鸡肉,CET4_edited
turn,təːn,,vt.转；翻 vi.转动,CET4_edited
turning,ˈtəːniŋ,,n.旋转；变向；转弯处,CET4_edited
turnip,ˈtəːnip,,n.萝卜，芜菁,CET4_edited
tutor,ˈtjuːtə,,n.家庭教师；导师,CET4_edited
twelfth,twelfθ,,num.第十二,CET4_edited
twelve,twelv,,num.十二，十二个,CET4_edited
twentieth,ˈtwentiiθ,,num.第二十,CET4_edited
twenty,ˈtwenti,,num.二十，二十个,CET4_edited
twice,twais,,ad.两次，两倍,CET4_edited
twin,twin,,a.孪生的 n.孪生儿,CET4_edited
twinkle,ˈtwiŋkl,,vi.闪烁，闪耀,CET4_edited
twist,twist,,vt.捻；拧 vi.&n.扭弯,CET4_edited
two,tuː,,num.二，两个,CET4_edited
type,taip,,n.型，类型 vi.打字,CET4_edited
typewriter,ˈtaipraitə,,n.打字机,CET4_edited
typhoon,taiˈfuːn,,n.台风,CET4_edited
typical,ˈtipikəl,,a.典型的，代表性的,CET4_edited
typist,ˈtaipist,,n.打字员,CET4_edited
tyre,ˈtaiə,,n.轮胎，车胎,CET4_edited
ugly,ˈʌgli,,a.丑陋的；可怕的,CET4_edited
ultimate,ˈʌltimit,,a.最后的，最终的,CET4_edited
ultimately,ˈʌltimətli,,ad.最终，最后,CET4_edited
umbrella,ʌmˈbrelə,,n.伞，雨伞,CET4_edited
unable,ˈʌnˈeibl,,a.不能的，不会的,CET4_edited
unbearable,ʌnˈbeərəbl,,a.难堪的，忍受不了的,CET4_edited
uncertain,ʌnˈsəːtn,,a.无常的；不确定的,CET4_edited
uncle,ˈʌŋkl,,n.伯父，叔父，舅父,CET4_edited
uncomfortable,ʌnˈkʌmfətəbl,,a.不舒服的；不自在的,CET4_edited
unconscious,ʌnˈkɔn∫əs,,a.不省人事的,CET4_edited
uncover,ʌnˈkʌvə,,vt.揭开…的盖子,CET4_edited
under,ˈʌndə,,prep.在…下面；低于.,CET4_edited
undergo,ˌʌndəˈgəu,,vt.经历，经受，忍受,CET4_edited
undergraduate,ˌʌndəˈgrædjuit,,n.大学肆业生,CET4_edited
underground,ˈʌndəgraund,,a.地下的；秘密的,CET4_edited
underline,ˌʌndəˈlain,,vt.划线于…之下,CET4_edited
underneath,ˌʌndəˈniːθ,,ad.在下面，在底下,CET4_edited
understand,ˌʌndəˈstænd,,vt.懂；获悉 vi.懂得,CET4_edited
understanding,ˌʌndəˈstændiŋ,,n.理解；理解力；协定,CET4_edited
undertake,ˌʌndəˈteik,,vt.从事；承担；保证,CET4_edited
undertaking,ˌʌndəˈteikiŋ,,n.任务，事业；许诺,CET4_edited
undo,ˈʌnˈduː,,vt.解开，打开；取消,CET4_edited
undoubtedly,ʌnˈdautidli,,ad.无容置疑，肯定地,CET4_edited
uneasy,ʌnˈiːzi,,a.心神不安的，忧虑的,CET4_edited
unexpected,ˈʌniksˈpektid,,a.想不到的，意外的,CET4_edited
unfair,ˈʌnˈfeə,,a.不公平的，不公正的,CET4_edited
unfortunate,ʌnˈfɔːt∫ənit,,a.不幸的；可取的,CET4_edited
unfortunately,ʌnˈfɔːtjunətli,,ad.不幸地,CET4_edited
unhappy,ʌnˈhæpi,,a.不幸福的，不快乐的,CET4_edited
uniform,ˈjuːnifɔːm,,a.一样的 n.制服,CET4_edited
union,ˈjuːnjən,,n.联合；团结；协会,CET4_edited
unique,juːˈniːk,,a.唯一的，独一无二的,CET4_edited
unit,ˈjuːnit,,n.单位；单元；部件,CET4_edited
unite,ju(ː)ˈnait,,vi.联合 vt.使联合,CET4_edited
unity,ˈjuːniti,,n.单一；统一；团结,CET4_edited
universal,ˌjuːniˈvəːsəl,,a.宇宙的；普遍的,CET4_edited
universe,ˈjuːnivəːs,,n.宇宙，世界,CET4_edited
university,ˌjuːniˈvəːsiti,,n.大学，综合性大学,CET4_edited
unjust,ˈʌnˈdʒʌst,,a.非正义的；不公平的,CET4_edited
unkind,ʌnˈkaind,,a.不仁慈的，不和善的,CET4_edited
unknown,ˈʌnˈnəun,,a.不知道的；未知的,CET4_edited
unless,ʌnˈles,,conj.除非，如果不,CET4_edited
unlike,ˈʌnˈlaik,,a.不同的 prep.不象…,CET4_edited
unlikely,ʌnˈlaikli,,a.未必的，未必可能的,CET4_edited
unload,ˈʌnˈləud,,vt.卸(货) vi.卸货,CET4_edited
unlucky,ʌnˈlʌki,,a.不幸的；不吉的,CET4_edited
unnecessary,ʌnˈnesisəri,,a.不必要的，多余的,CET4_edited
unpleasant,ʌnˈpleznt,,a.令人不快的，讨厌的,CET4_edited
unsatisfactory,ˈʌnsætisˈfæktəri,,a.不能令人满意的,CET4_edited
unstable,ˈʌnˈsteibl,,a.不稳固的；不稳定的,CET4_edited
unsuitable,ʌnˈsuːtəb(ə)l,,"a.不合适的,不适宜的",CET4_edited
until,ʌnˈtil,,prep&conj.直到…为止,CET4_edited
unusual,ʌnˈjuːʒuəl,,a.不平常的；独特的,CET4_edited
unusually,ʌnˈjuːʒəli,,a.不平常地，非常,CET4_edited
unwilling,ˈʌnˈwiliŋ,,a.不愿意的,CET4_edited
up,ʌp,,ad.向上；起床，起来,CET4_edited
upon,əˈpɔn,,prep.在…上；在…旁,CET4_edited
upper,ˈʌpə,,a.上面的；地位较高的,CET4_edited
upright,ˈʌpˈrait,,a.垂直的；正直的,CET4_edited
upset,ʌpˈset,,vt.弄翻，打翻，倾覆,CET4_edited
upside-down,ˈʌpsaidˈdaun,,a.颠倒的，乱七八糟的,CET4_edited
upstairs,ˈʌpˈsteəz,,ad.在楼上 a.楼上的,CET4_edited
up-to-date,ˈʌptəˈdeit,,a.直到最近/现代的,CET4_edited
upward,ˈʌpwəd,,a.向上的，上升的,CET4_edited
upwards,ˈʌpwədz,,ad.趋向上升；以上,CET4_edited
urge,əːdʒ,,vt.推进；催促 n.冲动,CET4_edited
urgent,ˈəːdʒənt,,a.紧急的；强求的,CET4_edited
us,ʌs,,pron.(宾格)我们,CET4_edited
usage,ˈjuːsidʒ,,n.使用，对待；惯用法,CET4_edited
use,juːs,,vt.用；耗费 n.用,CET4_edited
used,juːst,,vi.过去常常,CET4_edited
useful,ˈjuːsful,,a.有用的，有益的,CET4_edited
useless,ˈjuːslis,,a.无用的，无价值的,CET4_edited
user,ˈjuːzə,,n.用户，使用者,CET4_edited
usual,ˈjuːʒuəl,,a.通常的；平常的,CET4_edited
usually,ˈjuːʒuəli,,ad.通常,CET4_edited
utility,juːˈtiliti,,n.效用，有用，实用,CET4_edited
utilize,juːˈtilaiz,,vt.利用,CET4_edited
utmost,ˈʌtməust,,a.最远的 n.极限,CET4_edited
utter,ˈʌtə,,a.完全的，彻底的,CET4_edited
vacant,ˈveikənt,,a.空的；未被占用的,CET4_edited
vacation,veiˈkei∫ən,,n.假期，休假,CET4_edited
vacuum,ˈvækjuəm,,n.真空；真空吸尘器,CET4_edited
vague,veig,,a.模糊的，含糊的,CET4_edited
vain,vein,,a.徒劳的；自负的,CET4_edited
valid,ˈvælid,,a.有效的；正当的,CET4_edited
valley,ˈvæli,,n.(山)谷，溪谷；流域,CET4_edited
valuable,ˈvæljuəbl,,a.值钱的；有价值的,CET4_edited
value,ˈvæljuː,,n.价值；价格 vt.评价,CET4_edited
van,væn,,n.大篷车，运货车,CET4_edited
vanish,ˈvæni∫,,vi.突然不见，消失,CET4_edited
vanity,ˈvæniti,,n.虚荣心，虚夸,CET4_edited
vapour,ˈveipə,,n.汽，蒸气,CET4_edited
variable,ˈveəriəbl,,a.易变的 n.变量,CET4_edited
variation,ˌveəriˈei∫ən,,n.变化，变动；变异,CET4_edited
variety,vəˈraiəti,,n.多样化；种类；变种,CET4_edited
various,ˈveəriəs,,a.各种各样的，不同的,CET4_edited
vary,ˈveəri,,vt.改变；使多样化,CET4_edited
vase,veis,,n.瓶，花瓶,CET4_edited
vast,vɑːst,,a.巨大的；大量的,CET4_edited
vegetable,ˈvedʒitəbl,,n.植物；蔬菜,CET4_edited
vehicle,ˈviːikl,,n.车辆，机动车,CET4_edited
veil,veil,,n.面纱，面罩；遮蔽物,CET4_edited
velocity,viˈlɔsiti,,n.速度，速率,CET4_edited
velvet,ˈvelvit,,n.丝绒，天鹅绒,CET4_edited
venture,ˈvent∫ə,,n.&vi.冒险 vt.敢于,CET4_edited
verb,vəːb,,n.动词,CET4_edited
verify,ˈverifai,,vt.证实，查证；证明,CET4_edited
version,ˈvəː∫(ə)n; (US) ˈvərʒn,,n.译文；说法；改写本,CET4_edited
vertical,ˈvəːtik(ə)l,,a.垂直的，竖式的,CET4_edited
very,ˈveri,,ad.很；完全 a.真的,CET4_edited
vessel,ˈvesl,,n.容器；船，飞船；管,CET4_edited
vest,vest,,n.汗衫；背心；内衣,CET4_edited
veteran,ˈvetərən,,n.老兵，老手,CET4_edited
vex,veks,,vt.使烦恼，使恼火,CET4_edited
via,ˈvaiə,,prep.经过；通过,CET4_edited
vibrate,vaiˈbreit,,vt.使颤动 vi.颤动,CET4_edited
vibration,vaiˈbrei∫ən,,n.颤动，振动；摆动,CET4_edited
vice,vais,,n.罪恶；恶习；缺点,CET4_edited
victim,ˈviktim,,n.牺牲者，受害者,CET4_edited
victorious,vikˈtɔːriəs,,a.胜利的，得胜的,CET4_edited
victory,ˈviktəri,,n.胜利，战胜,CET4_edited
video,ˈvidiəu,,a.电视的 n.电视,CET4_edited
view,vjuː,,n.看；视力；风景,CET4_edited
viewpoint,ˈvjuːˌpɔint,,n.观点，看法，见解,CET4_edited
vigorous,ˈvigərəs,,a.朝气蓬勃的,CET4_edited
village,ˈvilidʒ,,n.乡村，村庄,CET4_edited
vine,vain,,n.葡萄树,CET4_edited
vinegar,ˈvinigə,,n.醋,CET4_edited
violence,ˈvaiələns,,n.猛烈，激烈；暴力,CET4_edited
violent,ˈvaiələnt,,a.猛烈的；狂暴的,CET4_edited
violet,ˈvaiəlit,,n.紫罗兰,CET4_edited
violin,ˌvaiəˈlin,,n.小提琴,CET4_edited
virtually,ˈvəːtjuəli,,ad.实际上，事实上,CET4_edited
virtue,ˈvəːtjuː,,n.善；美德；优点,CET4_edited
visible,ˈvizəbl,,a.可见的，看得见的,CET4_edited
vision,ˈviʒən,,n.视；想象力；梦幻,CET4_edited
visit,ˈvizit,,vt.&n.访问，参观,CET4_edited
visitor,ˈvizitə,,n.访问者；游客,CET4_edited
visual,ˈvizjuəl,,a.看的；看得见的,CET4_edited
vital,ˈvaitl,,a.生命的；有生命力的,CET4_edited
vitamin,ˈvaitəmin,,n.维生素，维他命,CET4_edited
vivid,ˈvivid,,a.鲜艳的；生动的,CET4_edited
vocabulary,vəˈkæbjuləri,,n.词汇表;词汇，语汇,CET4_edited
voice,vɔis,,n.说话声；意见；语态,CET4_edited
volcano,vɔlˈkeinəu,,n.火山,CET4_edited
volleyball,ˈvɔlibɔːl,,n.排球，排球运动,CET4_edited
volt,vəult,,n.伏特，伏,CET4_edited
voltage,ˈvəultidʒ,,n.电压,CET4_edited
volume,ˈvɔljuːm,,n.卷，册；容积；音量,CET4_edited
voluntary,ˈvɔləntəri; (US) -teri,,a.自/志愿的,CET4_edited
vote,vəut,,n.选举，投票，表决,CET4_edited
voyage,ˈvɔiidʒ,,n.&vi.航海，航空,CET4_edited
wage,weidʒ,,n.工资，报酬,CET4_edited
waggon,ˈwægən,,n.四轮运货马车,CET4_edited
waist,weist,,n.腰，腰部,CET4_edited
wait,weit,,vi.等，等候 n.等待,CET4_edited
waiter,ˈweitə,,n.侍者，服务员,CET4_edited
wake,weik,,vi.醒，醒来 vt.唤醒,CET4_edited
waken,ˈweikən,,vi.醒来 vt.弄醒,CET4_edited
walk,wɔːk,,vi.&n.走，步行,CET4_edited
wall,wɔːl,,n.墙，壁，围墙，城墙,CET4_edited
wallet,ˈwɔlit,,n.钱包，皮夹子,CET4_edited
wander,ˈwɔndə,,vi.漫游；迷路；离题,CET4_edited
want,wɔnt,,vt.要 n.需要；缺乏,CET4_edited
war,wɔː,,n.战争；冲突，斗争,CET4_edited
warm,wɔːm,,a.温暖的；热烈的,CET4_edited
warmth,wɔːmθ,,n.暖和，温暖；热烈,CET4_edited
warn,wɔːn,,vt.警告 vi.发生警告,CET4_edited
wash,wɔ∫,,vt.洗；冲出 vi.洗涤,CET4_edited
waste,weist,,n.浪费；废物；垃圾,CET4_edited
watch,wɔt∫,,vt.&vi.观看 n.手表,CET4_edited
water,ˈwɔːtə,,n.水 vt.使湿，灌溉,CET4_edited
waterfall,ˈwɔːtəfɔːl,,n.瀑布,CET4_edited
waterproof,ˈwɔːtəpruːf,,a.不透水/防水的,CET4_edited
wave,weiv,,n.波；波涛 vi.波动,CET4_edited
wavelength,ˈweivleŋθ,,n.波长,CET4_edited
wax,wæks,,n.蜡，蜂蜡,CET4_edited
way,wei,,n.路；路线；方向,CET4_edited
we,wiː,,pron.(主格)我们,CET4_edited
weak,wiːk,,a.弱的；软弱的,CET4_edited
weaken,ˈwiːkən,,vt.削弱 vi.变弱,CET4_edited
weakness,ˈwiːknis,,n.虚弱，软弱；弱点,CET4_edited
wealth,welθ,,n.财富，财产；丰富,CET4_edited
wealthy,ˈwelθi,,a.富的，富裕的,CET4_edited
weapon,ˈwepən,,n.武器，兵器,CET4_edited
wear,wiə,,vt.穿着，戴；磨损,CET4_edited
weary,ˈwiəri,,a.疲倦的 vt.使疲乏,CET4_edited
weather,ˈweðə,,n.天气,CET4_edited
weave,wiːv,,vt.织，编 vi.纺织,CET4_edited
wedding,ˈwediŋ,,n.婚礼,CET4_edited
Wednesday,ˈwenzdei,,n.星期三,CET4_edited
weed,wiːd,,n.杂草，野草 vi.除草,CET4_edited
week,wiːk,,n.星期，周,CET4_edited
weekday,ˈwiːkdei,,n.周日，工作日,CET4_edited
weekend,wiːkˈend,,n.周末，周末假期,CET4_edited
weekly,ˈwiːkli,,a.每周的 ad.每周,CET4_edited
weep,wiːp,,vi.哭泣，流泪,CET4_edited
weigh,wei,,vt.称…的重量；掂量,CET4_edited
weight,weit,,n.重；砝码；重担,CET4_edited
welcome,ˈwelkəm,,int.&n.&vt.欢迎,CET4_edited
weld,weld,,vt.&n.焊接，熔接,CET4_edited
welfare,ˈwelfeə,,n.幸福，福利,CET4_edited
well,wel,,n.井,CET4_edited
west,west,,n.西；西洋 a.西方的,CET4_edited
western,ˈwestən,,a.西方的，西部的,CET4_edited
westward,ˈwestwəd,,a.向西的 ad.向西,CET4_edited
wet,wet,,a.湿的；下雨的,CET4_edited
what,(h)wɔt,,pron.什么 a.什么,CET4_edited
whatever,wɔtˈevə,,pron.无论什么,CET4_edited
wheat,wiːt,,n.小麦,CET4_edited
wheel,wiːl,,n.轮，车轮,CET4_edited
when,(h)wen,,ad.什么时候；当…时,CET4_edited
whenever,(h)wenˈevə,,conj.无论何时，每当,CET4_edited
where,(h)weə,,ad.在哪里 pron.哪里,CET4_edited
wherever,(h)weərˈevə,,ad.究竟在哪里,CET4_edited
whether,ˈ(h)weðə,,conj.是否,CET4_edited
which,(h)wit∫,,pron.哪一个 a.哪一个,CET4_edited
whichever,(h)wit∫ˈevə,,a.无论哪个/些,CET4_edited
while,(h)wail,,conj.当…的时候；而,CET4_edited
whilst,wailst,,conj.&n.当…的时候,CET4_edited
whip,(h)wip,,vt.鞭笞；搅打 n.鞭子,CET4_edited
whirl,(h)wəːl,,vt.使回旋 vi.&n.回旋,CET4_edited
whisky,ˈ(h)wiski,,n.威士忌酒,CET4_edited
whisper,ˈ(h)wispə,,vt.低声地讲 vi.低语,CET4_edited
whistle,(h)wisl,,n.口哨 vi.吹口哨,CET4_edited
white,(h)wait,,a.白的 n.白色,CET4_edited
whitewash,ˈ(h)waitwɔ∫,,vt.粉刷，涂白,CET4_edited
who,huː,,pron.谁；…的人,CET4_edited
whoever,huːˈevə(r),,pron.谁；无论谁,CET4_edited
whole,həul,,a.完整的 n.全部,CET4_edited
wholly,ˈhəuli,,ad.完全地，全部,CET4_edited
whom,huːm,,pron.(宾格)谁,CET4_edited
whose,huːz,,pron.谁的；哪个人的,CET4_edited
why,(h)wai,,ad.为什么,CET4_edited
wicked,ˈwikid,,a.坏的；令人厌恶的,CET4_edited
wide,waid,,a.宽阔的 ad.全部地,CET4_edited
widely,ˈwaidli,,ad.广，广泛,CET4_edited
widen,ˈwaidn,,vt.加宽 vi.变宽,CET4_edited
widespread,ˈwaidspred,,a.分布广/普遍的,CET4_edited
widow,ˈwidəu,,n.寡妇,CET4_edited
width,widθ,,n.宽阔，广阔；宽度,CET4_edited
wife,waif,,n.妻子,CET4_edited
wild,waild,,a.野生的；野蛮的,CET4_edited
will,wil,,aux.v.将要，会；愿,CET4_edited
willing,ˈwiliŋ,,a.愿意的，心甘情愿的,CET4_edited
win,win,,vi.获胜，赢 vt.赢得,CET4_edited
wind,waind,,n.风；气息，呼吸,CET4_edited
window,ˈwindəu,,n.窗子，窗户，窗口,CET4_edited
wine,wain,,n.葡萄酒，果酒,CET4_edited
wing,wiŋ,,n.翼，翅膀，翅,CET4_edited
winner,ˈwinə,,n.获胜者，优胜者,CET4_edited
winter,ˈwintə,,n.冬天，冬季,CET4_edited
wipe,waip,,vt.&n.揩，擦,CET4_edited
wire,ˈwaiə,,n.金属线；电缆；电信,CET4_edited
wireless,ˈwaiəlis,,a.不用电线的，无线的,CET4_edited
wisdom,ˈwizdəm,,n.智慧，才智；名言,CET4_edited
wise,waiz,,a.有智慧的，聪明的,CET4_edited
wish,wi∫,,vt.祝；想要 n.希望,CET4_edited
wit,wit,,n.智力，才智，智能,CET4_edited
with,wið,,prep.和…一起；具有,CET4_edited
withdraw,wiðˈdrɔː,,vt.收回；撤回 vi.撤退,CET4_edited
within,wiˈðin,,prep.在…里面,CET4_edited
without,wiðˈaut,,prep.无，没有，不,CET4_edited
withstand,wiðˈstænd,,vt.抵挡，反抗,CET4_edited
witness,ˈwitnis,,n.证据；证人 vt.目击,CET4_edited
wolf,wulf,,n.狼,CET4_edited
woman,ˈwumən,,n.妇女，女人，女性,CET4_edited
wonder,ˈwʌndə,,n.惊异，惊奇；奇迹,CET4_edited
wonderful,ˈwʌndəful,,a.惊人的；极好的,CET4_edited
wood,wud,,n.树林，森林；木头,CET4_edited
wooden,ˈwudn,,a.木制的；呆板的,CET4_edited
wool,wul,,n.羊毛；毛线，绒线,CET4_edited
woollen,ˈwulin,,a.羊毛制的，毛线的,CET4_edited
word,wəːd,,n.词；话；消息；语言,CET4_edited
work,wəːk,,n.工作；职业 vi.工作,CET4_edited
worker,ˈwəːkə,,n.工人；工作者，人员,CET4_edited
workman,ˈwəːkmən,,n.工人/匠，劳动者,CET4_edited
workshop,ˈwəːk∫ɔp,,n.车间，工场；创作室,CET4_edited
world,wəːld,,n.世界；世人；世间,CET4_edited
world-wide,ˈwəːldwaid,,a.遍及全球的,CET4_edited
worm,wəːm,,n.虫，蠕虫,CET4_edited
worry,ˈwʌri,,vt.使烦恼 vi.发愁,CET4_edited
worse,wəːs,,a.更坏的 ad.更坏,CET4_edited
worship,ˈwəː∫ip,,n.礼拜；崇拜 vt.崇拜,CET4_edited
worst,wəːst,,a.最坏的 ad.最坏地,CET4_edited
worth,wəːθ,,a.值…的 n.价值,CET4_edited
worthless,ˈwəːθlis,,a.无价值的，无用的,CET4_edited
worthwhile,ˈwəːðˈ(h)wail,,a.值得花时间的,CET4_edited
worthy,ˈwəːði,,a.有价值的；值得的,CET4_edited
would,wud,,aux.v.将；愿；总是,CET4_edited
wound,wuːnd,,n.创伤，伤 vt.使受伤,CET4_edited
wrap,ræp,,vt.裹，包，捆 n.披肩,CET4_edited
wreath,riːθ,,n.花环，花圈，花冠,CET4_edited
wreck,rek,,n.失事；残骸 vt.破坏,CET4_edited
wrist,rist,,n.腕，腕关节,CET4_edited
write,rait,,vt.书写；写 vi.写,CET4_edited
writer,ˈraitə,,n.作者，作家，文学家,CET4_edited
writing,ˈraitiŋ,,n.书写，写；著作,CET4_edited
wrong,rɔŋ,,a.错误的 ad.错，不对,CET4_edited
X-ray,ˈeksˈrei,,n.X 射线，X 光,CET4_edited
yard,jɑːd,,n.码,CET4_edited
yawn,jɔːn,,vi.打呵欠 n.呵欠,CET4_edited
year,jəː,,n.年；年年,CET4_edited
yearly,ˈjəːli,,a.每年的 ad.一年一度,CET4_edited
yell,jel,,vi.叫喊,CET4_edited
yellow,ˈjeləu,,a.黄(色)的 n.黄(色),CET4_edited
yes,jes,,ad.是，是的,CET4_edited
yesterday,ˈjestədi,,n.&ad.昨天，昨日,CET4_edited
yet,jet,,ad.还；已经 conj.而,CET4_edited
yield,jiːld,,vt.&vi.出产 n.产量,CET4_edited
you,juː,,pron.你，你们,CET4_edited
young,jʌŋ,,a.年轻的 n.青年们,CET4_edited
your,jɔː,,pron.你的，你们的,CET4_edited
yours,jɔːz,,pron.你们的(东西),CET4_edited
yourself,jɔːˈself,,pron.你自己；你亲自,CET4_edited
youth,juːθ,,n.青春；青年们；青年,CET4_edited
youthful,ˈjuːθful,,a.年轻的，青年的,CET4_edited
zeal,ziːl,,n.热心，热情，热忱,CET4_edited
zealous,ˈzeləs,,a.热心的，热情的,CET4_edited
zebra,ˈziːbrə,,n.斑马,CET4_edited
zero,ˈziərəu,,n.零；零点，零度,CET4_edited
zone,zəun,,n.地区，区域，范围,CET4_edited
zoo,zuː,,n.动物园,CET4_edited
