word,phonetic,pos,definition,source
abandon,əˈbændən,v.,1. 抛弃，放弃 2. 离弃(家园、船只、飞机等) 3. 遗弃(妻、子女等),CET6_edited
abnormal,æbˈnɔːməl,adj.,不正常的,CET6_edited
abolish,əˈbɒlɪʃ,n.,废除，消除 v. 废除，取消,CET6_edited
abortion,әˈbɒːʃәn,n.,1. 流产，小产，堕胎 2.,CET6_edited
abortion,әˈbɒːʃәn,,(计划、工程等的)中途失败;中止，中辍的计划,CET6_edited
abrupt,əˈbrʌpt,adj.,1. 突然的，出其 不意的 2. 陡峭的  3. 粗鲁的，无礼的,CET6_edited
absence,ˈæbsəns,n.,1. 缺席 2. 缺乏，不存在,CET6_edited
absorb,əbˈsɔːb,v.,1. 吸收(水、热、光等) 2. 吸引(注意)，使专心，使全神贯注,CET6_edited
abstract,ˈæbstrækt,adj.,抽象的 n. 摘要，概括 v. 1. 提取，抽取 2. 摘录…的要点 3. 转移…(注意等),CET6_edited
absurd,əbˈsɜːd,adj.,不合理的，荒谬的，可笑的,CET6_edited
abundance,əˈbʌndəns,n.,丰富，充裕，大量,CET6_edited
abundant,əˈbʌndənt,adj.,"大量的，充裕的，丰富的 || be abundant in,",CET6_edited
abundant,əˈbʌndənt,be,abundant with 有丰富的，有大量的,CET6_edited
abuse,əˈbjuːz,v.,1. 辱骂，咒骂 2. 滥用，妄用 3. 虐待  [əˈbjuːs] n. 1. 辱骂，咒骂 2. 滥用，妄用 3. 虐待 4. 弊病，恶习,CET6_edited
academic,ˌækəˈdemɪk,adj.,1. 学校的，学院的 2. 学者式的，非实用的 3. 学术的,CET6_edited
accelerate,əkˈseləreɪt,,v.,CET6_edited
accelerate,əkˈseləreɪt,,(使)加速,CET6_edited
acceptance,əkˈseptəns,n.,接受，领受,CET6_edited
access,ˈækses,n.,1.,CET6_edited
access,ˈækses,,(接近或进入某地的)方法，通路  2.,CET6_edited
access,ˈækses,,(使用某物或接近某人的)机会或权利  v. 存取(计算机文件),CET6_edited
accessory,əkˈsesərɪ,n.,附属品，附件,CET6_edited
accident,ˈæksɪdənt,n.,意外事件 || by accident偶然地  /without accident平安无事地,CET6_edited
accommodate,əˈkɒmədeɪt,v.,1. 容纳，接纳，提供…住宿  2. 使适应，使适合，调节 3. 帮助解决(困难),CET6_edited
accommodation,əˌkɒməˈdeɪʃən,,n.,CET6_edited
accommodation,əˌkɒməˈdeɪʃən,,(usu pl) 住宿等条件，设施,CET6_edited
accomplish,əˈkʌmplɪʃ,v.,完成，实现，达到(目的),CET6_edited
accord,əˈkɔːd,v.,符合，一致 n. 协调，一致  || of one’s own accord自愿地，自动地,CET6_edited
accordance,əˈkɔːdəns,n.,符合，一致  || in accordance with根据,CET6_edited
account,əˈkaʊnt,n.,1. 账，账目，账户 2. 报道，记载，叙述  3. 原因，理由 || on account of 因为 /take into account考虑，重视,CET6_edited
accumulate,əˈkjʊːmjʊleɪt,v.,积蓄，积累,CET6_edited
accurate,ˈækjʊrət,adj.,准确的，精确的,CET6_edited
accuse,əˈkjuːz,v.,1. 指责，谴责 2. 控诉，控告,CET6_edited
accustomed,әˈkʌstәmd,a.,惯常的，习惯了的,CET6_edited
achievement,əˈtʃiːvmənt,n.,1. 完成，达到 2. 成就，成绩,CET6_edited
acid,ˈæsɪd,adj.,1. 酸味的，苦味的 2. 尖刻的 n. 1. 酸(含氢的化学物质) 2. 迷幻药,CET6_edited
acknowledge,əkˈnɒlɪdʒ,v.,1. 承认 2. 告知收到(信件、礼物等) 3. 表示感谢,CET6_edited
acquaint,əˈkweɪnt,v.,使认识，使了解,CET6_edited
acquaintance,əˈkweɪntəns,n.,1. 相识，了解 2. 相识的人，熟人,CET6_edited
acquire,əˈkwaɪə,v.,1. 取得，获得，习得 2. 学到(知识等),CET6_edited
activate,ˈæktɪveɪt,v.,1. 使活动，使活跃，使积极 2. 刺激，激化,CET6_edited
acute,əˈkjuːt,adj.,1. 尖锐的，锐角的 2. 激烈的，严重的 3. 敏锐的 4.,CET6_edited
acute,əˈkjuːt,,(疾病)急性的，(疼痛)剧烈的,CET6_edited
adapt,əˈdæpt,v.,1. 使适应，适合 2. 改编，改写,CET6_edited
addict,ˈædɪkt; əˈdɪkt,n.,1. 有瘾的人 2. 对某事有强烈兴趣的人,CET6_edited
addition,əˈdɪʃən,n.,加，加法 || in addition (to)另外，除…之外,CET6_edited
additional,əˈdɪʃənəl,adj.,附加的，追加的，另外的,CET6_edited
adequate,ˈædɪkwɪt,adj.,适当的，充分的，足够的,CET6_edited
adhere,ədˈhɪə,v.,1. 粘附， 粘着 2. 坚持，遵循,CET6_edited
adjacent,əˈdʒeɪsənt,adj.,邻近的,CET6_edited
adjoin,əˈdʒɔɪn,v.,贴近，相接,CET6_edited
adjust,əˈdʒʌst,v.,1. 整顿，整理，安排 2. 使适应于(新环境等),CET6_edited
administration,ədˌmɪnɪˈstreɪʃən,n.,1.,CET6_edited
administration,ədˌmɪnɪˈstreɪʃən,,(行政)管理 2.,CET6_edited
administration,ədˌmɪnɪˈstreɪʃən,,(AmE)政府,CET6_edited
admit,ədˈmɪt,v.,1. 允许(人或物)进入 2. 承认，供认，招认 3.,CET6_edited
admit,ədˈmɪt,,(指在一范围内)可容纳(某人或某事) || admit of  …容纳得下，有…的余地,CET6_edited
adolescent,ˌædəˈlesənt,adj.,青少年期的 n. 青少年,CET6_edited
adopt,əˈdɒpt,v.,1. 采用，采纳，采取(态度等) 2. 收养 3. 接受某种习俗 4. 正式通过,CET6_edited
adore,əˈdɔː,v.,1. 敬慕，钟爱，崇拜 2.,CET6_edited
adore,əˈdɔː,,(infml)很喜欢,CET6_edited
advantage,ədˈvɑːntɪdʒ,n.,优势，益处，利益 || take advantage of利用，乘…机 /to one’s advantage对某人有利,CET6_edited
adverse,ˈædvɜːs,adj.,不利的，相反的，敌对的,CET6_edited
advocate,ˈædvəkeɪt,v.,拥护，提倡 [ˈædvəkɪt] n. 提倡者，拥护者,CET6_edited
aerial,ˈeərɪəl,adj.,1. 空气的，大气的 2. 航空的,CET6_edited
aesthetic,iːsˈθetik,a.,美学的，审美的，有美感的,CET6_edited
affection,əˈfekʃən,n.,慈爱，友爱,CET6_edited
affiliate,əˈfɪlɪeɪt,,v.,CET6_edited
affiliate,əˈfɪlɪeɪt,,"(指团体)加入(联合),使隶属，附属于",CET6_edited
affirm,əˈfɜːm,v.,坚称，断言，肯定地说,CET6_edited
afflict,əˈflɪkt,v.,使身体(精神)痛苦，折磨,CET6_edited
aggregate,ˈæɡrɪɡeɪt,n.,总数，合计,CET6_edited
aggressive,əˈɡresɪv,adj.,1. 侵略性的， 攻击性的，爱寻衅的 2. 有进取心的,CET6_edited
agony,ˈæɡənɪ,n.,1. 极度的痛苦 2. 痛苦的挣扎,CET6_edited
agreeable,əˈɡriːəbl,adj.,1. 惬意的，爽快的 2. 易相处的  3. 适宜的，适合的,CET6_edited
aid,eɪd,v.,援助，帮助 n. 1. 援助，帮助，救护 2. 助手，辅助物,CET6_edited
air-condition,ˈeәkәnˌdiʃən,v.,设以空调设备，用空调调节,CET6_edited
aisle,aɪl,,n.,CET6_edited
aisle,aɪl,,(教堂、戏院等的)通道，走廊,CET6_edited
alarm,əˈlɑːm,n.,1. 警报 2. 惊恐 v. 1. 向…报警，使警觉  2. 使惊恐,CET6_edited
album,ˈælbəm,n.,照相簿，邮票册,CET6_edited
alcohol,ˈælkəhɒl,n.,乙醇，酒精,CET6_edited
alert,əˈlɜːt,adj.,1. 警惕的，警觉的 2. 敏捷的，灵活的  n. 警报 ||on the alert (for)警惕着，对…保持戒备(状态)  v. 向…发出警报,CET6_edited
alien,ˈeɪlɪən,n.,外侨，外国人 adj. 1. 外国的，异邦的 2. 敌对的,CET6_edited
alienate,ˈeɪlɪəneɪt,v.,使疏远，离间,CET6_edited
allege,əˈledʒ,,v.,CET6_edited
allege,əˈledʒ,,(在提不出证明的情况下)断言，声称,CET6_edited
alleviate,əˈliːvɪeɪt,v.,缓和，减轻(痛苦等),CET6_edited
alliance,əˈlaɪəns,n.,同盟，联盟,CET6_edited
allocate,ˈæləkeɪt,v.,分配，配给,CET6_edited
alloy,ˈælɔɪ,n.,合金,CET6_edited
alter,ˈɔːltə,v.,变动,CET6_edited
alternate,ɔːlˈtɜːnət,adj.,交替的，轮流的，交错的  [ˈɔːltəneɪt] v.,CET6_edited
alternate,ɔːlˈtɜːnət,,(使)交替，(使)轮流,CET6_edited
alternative,ɔːlˈtɜːnətɪv,adj.,1. 两者(或两者以上)选一的，另一可供选择的 2. 选择性的 n. 1. 取舍，抉择 2. 替换物，可供选择的方法,CET6_edited
ambiguous,æmˈbɪɡjʊəs,adj.,模棱两可的，意义不明确的,CET6_edited
ambition,æmˈbɪʃən,n.,1. 志向，抱负，雄心 2. 野心，奢望,CET6_edited
ambitious,æmˈbɪʃəs,adj.,1. 有雄心的，野心勃勃的 2. 劲头十足的,CET6_edited
amend,əˈmend,v.,修改，修正，改进,CET6_edited
ammunition,ˌæmjʊˈnɪʃən,n.,弹药,CET6_edited
amplify,ˈæmplɪfaɪ,v.,1. 详述，详加解说 2. 放大(声音等)，增强(音量),CET6_edited
analogy,əˈnælədʒɪ,n.,1. 相似，类似 2. 类推，类比，比拟,CET6_edited
analyse,ˈænәlaiz,v.,分析，细察，分解,CET6_edited
analysis,əˈnæləsɪs,,(pl analyses) n. 分析，分解 || in the last (final) analysis归根结底，总而言之,CET6_edited
ancestor,ˈænsestə,n.,祖先，祖宗,CET6_edited
ancient,ˈeɪnʃənt,adj.,古代的，古老的，古式的,CET6_edited
annoy,əˈnɔɪ,v.,1. 使烦恼，使生气 2. 打搅,CET6_edited
annual,ˈænjʊəl,adj.,每年的，年度的,CET6_edited
anonymous,əˈnɒnɪməs,adj.,无名的，不具名的,CET6_edited
anticipate,ænˈtɪsɪpeɪt,v.,1. 预期，预料，期待 2. 抢先行动，先发制人 3. 预先考虑到，料到…并采取行动,CET6_edited
anxiety,æŋˈzaɪətɪ,n.,1. 忧虑，担心，焦虑 2. 渴望，热望,CET6_edited
apartment,əˈpɑːtmənt,n.,1. 一套房间 2. 一套公寓房间,CET6_edited
apology,əˈpɒlədʒɪ,n.,1. 道歉，认错，谢罪 2.,CET6_edited
apology,əˈpɒlədʒɪ,,(为信仰等的)辩解,CET6_edited
apparatus,ˌæpəˈreɪtəs,,"(pl apparatus,",CET6_edited
apparatus,ˌæpəˈreɪtəs,,apparatuses) n. 器械，设备,CET6_edited
appeal,əˈpiːl,n.,1. 感染力，吸引力 2. 恳求，呼吁 3. 上诉,CET6_edited
appearance,əˈpɪərəns,n.,1. 出现，出场，露面 2. 外貌，外观，外表,CET6_edited
appease,əˈpiːz,v.,使满足，平息，抚慰,CET6_edited
appendix,əˈpendɪks,,(pl appendixes appendices)  n. 1. 附录 2. 末尾 3. 阑尾,CET6_edited
applaud,əˈplɔːd,v.,1. 鼓掌，欢迎，欢呼 2. 赞成，称赞,CET6_edited
appliance,əˈplaɪəns,n.,器具，机械，装置,CET6_edited
application,ˌæplɪˈkeɪʃən,n.,1. 请求，申请，申请表  2. 应用，适用，运用  3. 施用，敷用药等,CET6_edited
apply,əˈplaɪ,v.,1. 申请，请求 2. 应用，施用，运用 3. 适用,CET6_edited
appraisal,əˈpreɪzəl,n.,评定，鉴定，评价,CET6_edited
approach,əˈprəʊtʃ,v.,1. 靠近，接近 2. 与…打交道  3. 探讨，看待，处理 n. 1. 靠近，接近 2. 探讨，态度，方法,CET6_edited
appropriate,əˈprəʊprɪɪt,adj.,适合的，适宜的,CET6_edited
approve,əˈpruːv,v.,1. 批准，通过 2. 赞成，称许,CET6_edited
apt,æpt,adj.,1. 恰当的，贴切的 2. 易于…的,CET6_edited
arc,ɑːk,n.,弧线，弧形,CET6_edited
arena,əˈriːnə,n.,1.,CET6_edited
arena,əˈriːnə,,(古罗马圆形剧场中央的)竞技场地，竞技场 2. 活动场所，竞争场所,CET6_edited
argue,ˈɑːɡjuː,v.,辩论，争论,CET6_edited
armor,ˈɑːmә,n.,盔甲，潜水服，装甲 v. 为……装甲,CET6_edited
arouse,əˈraʊz,v.,1. 唤醒  2. 唤起，激起，引起(注意、同情、嫉妒、怀疑等),CET6_edited
arrange,əˈreɪndʒ,v.,1. 整理，分类，排列 2. 筹备，安排  3. 商妥，商定,CET6_edited
arrangement,əˈreɪndʒmənt,n.,1. 整理，排列，布置 2. 安排，准备，筹备 3. 商定,CET6_edited
array,əˈreɪ,n.,1. 展示，陈列 2. 排列整齐的一队人，一长列(物品) 3.,CET6_edited
array,əˈreɪ,,(特殊场合穿的)盛装,CET6_edited
arrest,əˈrest,v.,1. 逮捕，拘留，扣留 2. 抓住，吸引 3. 阻止，阻碍，抑制,CET6_edited
arrogant,ˈærəɡənt,,adj·傲慢无礼的，骄傲自大的,CET6_edited
artery,ˈɑːtərɪ,n.,1. 动脉 2. 干线，要道(道路、铁路等),CET6_edited
articulate,ɑːˈtɪkjʊlɪt,v.,1. 清楚明白地表 2. 用关节连接,CET6_edited
artificial,ˌɑːtɪˈfɪʃəl,adj.,1. 人造的，人工的 2. 假装的，不自然的,CET6_edited
artillery,ɑːˈtɪlərɪ,n.,大炮，炮兵部队,CET6_edited
ascend,əˈsend,v.,登高，上升，升高,CET6_edited
ascertain,ˌæsəˈteɪn,v.,发现，查明，确定,CET6_edited
ascribe,əˈskraɪb,v.,把…归因于，认为…是某人所做,CET6_edited
aspect,ˈæspekt,n.,1. 方面 2. 面貌，外表,CET6_edited
aspiration,ˌæspɪˈreɪʃən,n.,渴望，志向，抱负,CET6_edited
assassination,әˌsæsiˈneiʃәn,n.,暗杀，行刺,CET6_edited
assault,əˈsɔːlt,n.,猛烈地攻击，突击，突袭 v. 1. 突击，袭击 2. 殴打 3. 强奸,CET6_edited
assemble,əˈsembl,v.,1. 聚集，集合 2. 装配(机器等),CET6_edited
assert,əˈsɜːt,v.,1. 宣称，断言 2. 维护，坚持(权利等),CET6_edited
assess,əˈses,v.,评估(价值或数额)，评定，核定,CET6_edited
asset,ˈæset,n.,1. 资产，财产 2. 有价值的特性(技能),CET6_edited
assign,əˈsaɪn,v.,1. 分配  (房屋、土地、工作、任务等) 2. 指定(时间、地点等) 3. 委派，指派,CET6_edited
assignment,əˈsaɪnmənt,n.,1. 分配，委派 2.,CET6_edited
assignment,əˈsaɪnmənt,,(分派)的任务，指定的(课外)作业,CET6_edited
assimilate,əˈsɪməleɪt,v.,1. 消化，吸收(食物、思想等)  2. 使…同化,CET6_edited
assistance,əˈsɪstəns,n.,援助，帮助,CET6_edited
associate,əˈsəʊʃɪeɪt,v.,1. 结交，交往 2. 使联合 3. 联想  [əˈsəʊʃɪət] n. 同事，同伴,CET6_edited
association,əˌsəʊsiˈeɪʃən,n.,1. 联合，联盟 2. 联想 3. 协会，社团,CET6_edited
assume,əˈsjuːm,v.,1. 假定，设想 2. 承担，接受 3. 装出，佯作 || assuming that…  假定…,CET6_edited
assumption,əˈsʌmpʃən,n.,1. 假定，假设 2. 假装,CET6_edited
assurance,əˈʃʊərəns,n.,1. 担保，保证 2. 肯定，确信 3. 自信,CET6_edited
assure,əˈʃʊə,v.,1. 使确信，使放心，向…保证 2. 保障,CET6_edited
athlete,ˈæθliːt,n.,运动员,CET6_edited
atlas,ˈætləs,n.,地图册,CET6_edited
atmosphere,ˈætməsfɪə,n.,1. 空气 2. 大气，大气层 3. 气氛，环境,CET6_edited
attach,əˈtætʃ,v.,1. 缚，系，贴 2. 参加(党派) 3. 把(重点等)放在,CET6_edited
attack,əˈtæk,n.,攻击，进攻，攻打 v. 攻击，进攻，侵袭,CET6_edited
attain,əˈteɪn,v.,1. 达到，完成，获得，实现 2. 到达，至,CET6_edited
attempt,əˈtempt,v.,试做，尝试，企图  n. 1. 尝试，企图 2. 试做的事，未成功的事 3. 攻击，侵害,CET6_edited
attendant,əˈtendənt,n.,1. 侍者，服务员 2. 护理员,CET6_edited
attitude,ˈætɪtjuːd,n.,1. 态度，看法 2. 姿势,CET6_edited
attract,əˈtrækt,v.,1. 引起…的注意(兴趣)  2. 吸引,CET6_edited
attractive,əˈtræktɪv,adj.,有吸引力的，诱人的，令人愉快的,CET6_edited
auction,ˈɔːkʃən,n.,拍卖  v. 以拍卖方式出售，拍卖,CET6_edited
audience,ˈɔːdɪəns,n.,1. 听众，观众 2. 接见，会见,CET6_edited
authentic,ɔːˈθentɪk,adj.,真正的，真迹的，原作的，正宗的,CET6_edited
author,ˈɔːθə,n.,1. 著者，作家 2. 创造者，创始人，发起人,CET6_edited
authoritative,ɔːˈθɒrətətɪv,adj.,具权威性的，可信赖的,CET6_edited
authority,ɔːˈθɒrətɪ;,n.,1. 权，权力 2. 权威 3.,CET6_edited
authority,ɔːˈθɒrətɪ;,,(pl art)当局，官方 4. 职权，权限,CET6_edited
authorize,ˈɒːθәraiz,v.,授权，批准，委托,CET6_edited
autonomous,ɔːˈtɒnəməs,adj.,自治的，自主的，有自治权的,CET6_edited
autonomy,ɔːˈtɒnəmɪ,n.,自治，自治权,CET6_edited
avail,əˈveɪl,v.,利用,CET6_edited
available,əˈveɪləbl,adj.,可用的，可得到的,CET6_edited
avert,əˈvɜːt,v.,1. 防止，避免 2. 移开(目光)，避开不看,CET6_edited
aviation,ˌeɪvɪˈeɪʃən,n.,航空，航空学,CET6_edited
avoid,əˈvɔɪd,v.,避免，回避，躲开,CET6_edited
award,əˈwɔːd,v.,授予，给以奖励 n. 奖品,CET6_edited
aware,əˈweə,adj.,知晓，察觉，意识到,CET6_edited
awkward,ˈɔːkwəd,adj.,1. 笨拙的，不熟练的 2. 使用不便的 3. 尴尬的 4. 难应付的，难  处理的,CET6_edited
axis,ˈæksɪs,n.,1. 轴，轴心  2. 轴线,CET6_edited
background,ˈbækɡraʊnd,n.,1. 背景 2. 个人的背景资料,CET6_edited
bacteria,bækˈtɪərɪə,n.,细菌,CET6_edited
ballet,ˈbæleɪ,n.,芭蕾舞(曲、剧、团),CET6_edited
bamboo,bæmˈbuː,n.,竹子，竹竿,CET6_edited
band,bænd,n.,1. 一帮，一伙(人)  2. 乐队 3. 带，带形物，箍  4. 镶边，嵌条 5.,CET6_edited
band,bænd,,(收音机)波段，频带 v. 1. 用带绑扎 2. 联合,CET6_edited
bandage,ˈbændɪdʒ,n.,绷带  v. 用绷带包扎,CET6_edited
bang,bæŋ,v.,1. 猛撞，猛敲 2. 砰的关上(门等) 3. 发出砰的一声 n. 1. 猛击 2. 砰的一响,CET6_edited
banquet,ˈbæŋkwɪt,n.,宴会 v. 宴请，参加宴会,CET6_edited
barely,ˈbeəlɪ,adv.,勉强，好容易才,CET6_edited
bargain,ˈbɑːɡɪn,v.,议价，讨价还价  n. 1. 廉价货 2. 合同，协议 3. 交易 || drive a bargain讨价还价,CET6_edited
barren,ˈbærən,adj.,1.,CET6_edited
barren,ˈbærən,,(土地)贫瘠的 2. 不孕的，不育的，不结果实的 3. 无用的，无效果的，无实际内容的,CET6_edited
barricade,ˌbærɪˈkeɪd,n.,路障，街垒 v. 设路障，封闭，拦阻,CET6_edited
barrier,ˈbærɪə,n.,1. 栅栏，篱笆 2. 障碍，障碍物,CET6_edited
basis,ˈbeɪsɪs,,(pl bases) n. 基础，根据  || on the basis of  根据,CET6_edited
batch,bætʃ,n.,一批，一组，一群,CET6_edited
batter,ˈbætə,v.,1. 连续猛击，炮击 2. 打烂，用旧,CET6_edited
beam,biːm,n.,1. 梁 2.,CET6_edited
beam,biːm,,(日光、灯光等)(一)道，(一)束 v. 1. 微笑 2. 发光,CET6_edited
beforehand,bɪˈfɔːhænd,adv.,预先，事先,CET6_edited
behave,bɪˈheɪv,v.,举动，表现，检点(自己的行为) || Behave yourself! 放规矩点!,CET6_edited
behavior,biˈheivjә,n.,行为，举止,CET6_edited
belly,ˈbelɪ,n.,1. 腹部 2. 胃部,CET6_edited
beneficial,ˌbenɪˈfɪʃəl,adj.,有益的，有好处的,CET6_edited
benefit,ˈbenɪfɪt,n.,1. 利益，好处 2. 恩惠 3. 津贴，救济金，保险赔偿费 v. .有益于,CET6_edited
betray,bɪˈtreɪ,v.,1. 背叛，出卖 2. 辜负，不忠于 3. 泄露(秘密等),CET6_edited
bewilder,bɪˈwɪldə,v.,迷惑，把…弄糊涂,CET6_edited
beyond,bɪˈjɒnd,prep.,1. 在…之外，在…的更远处 2. 到…以后，晚于 3. 超出(能力，范围等) 4. 除了…之外,CET6_edited
bibliography,ˌbɪblɪˈɒɡrəfɪ,n.,书目，目录，参考书目,CET6_edited
biography,baɪˈɒɡrəfɪ,n.,1. 传记 2. 传记文学,CET6_edited
bizarre,bɪˈzɑː,adj.,古怪的，怪诞的,CET6_edited
blank,blæŋk,adj.,1. 空白的 2. 空虚的，单调的 3. 茫然的 4. 失色的，没有表情的 5. 无韵脚的 n. 空白，空格，空页,CET6_edited
blaze,bleɪz,n.,1. 火，火焰 2. 光辉，灿烂 3. 迸发，爆发 v. 1. 燃烧，冒火焰 2. 发光，放光彩 3. 发怒,CET6_edited
bleed,bliːd,v.,1. 出血，流血 2. 悲痛，同情,CET6_edited
blink,blɪŋk,v.,1.,CET6_edited
blink,blɪŋk,,(星星)闪烁 2.,CET6_edited
blink,blɪŋk,,(眼睛)眨眼,CET6_edited
blossom,ˈblɒsəm,n.,花，开花的状态 v. 1. 开花 2. 发展，繁荣，成长,CET6_edited
blunder,ˈblʌndə,n.,错误 v. 弄错，犯大错,CET6_edited
blunt,blʌnt,adj.,1. 钝的，不锋利的 2.,CET6_edited
blunt,blʌnt,,(举止言谈等)生硬的，直率的，不拐弯抹角的 3.,CET6_edited
blunt,blʌnt,,(感觉、理解方面)迟钝的 v. 把…弄钝，把…弄迟钝,CET6_edited
blur,blɜː,n.,模糊不清的事物 v. 使模糊，使看不清楚,CET6_edited
blush,blʌʃ,n.,脸红 v. 感到羞愧,CET6_edited
bonus,ˈbəʊnəs,n.,额外给予的东西，奖金，红利,CET6_edited
booklet,ˈbʊklɪt,n.,小册子,CET6_edited
booth,buːð,n.,1.,CET6_edited
booth,buːð,,(有篷的)货摊 2.,CET6_edited
booth,buːð,,(AmE)公用电话亭 3.,CET6_edited
booth,buːð,,(隔开的)小间,CET6_edited
border,ˈbɔːdə,n.,1. 边界，国境，边境地区 2. 边，缘，边沿  3. 滚边  v. 接界,CET6_edited
bounce,ˈbaʊns,v.,1.,CET6_edited
bounce,ˈbaʊns,,(球)反跳，弹起 2.,CET6_edited
bounce,ˈbaʊns,,(人)跳(起) 3. 拍(球)，使跳回 4. 使撞击  n. 1. 弹(力)  2. 跳跃，跳动,CET6_edited
bowel,ˈbauәl,n.,1. 肠，内脏 2. 内部，深处 v. 挖……的内脏,CET6_edited
boycott,ˈbɔɪkɒt,v.,&n.,CET6_edited
boycott,ˈbɔɪkɒt,,(联合)抵制,CET6_edited
brace,breɪs,n.,1. 支柱，支架 2. 一双，一对 3. 大括号{}的前半或后 4.,CET6_edited
brace,breɪs,,(pl BrE)(裤子)背带=(AmE) suspenders v. 1. 拉紧，系紧 2. 支住，撑牢  3. 激励，振奋  4. 打起精神，下定决心,CET6_edited
bracket,ˈbrækɪt,n.,1. 架子  2.,CET6_edited
bracket,ˈbrækɪt,,(pl)括号,CET6_edited
brand,brænd,n.,1. 商标，牌子 2. 烙印， 标记 v. 在…上打烙印，在…上打印记,CET6_edited
breach,briːtʃ,n.,1. 违反， 不履行 2. 绝交， 不和 3. 破洞，裂缝 v. 冲破，攻破,CET6_edited
breakdown,ˈbreikdaun,n.,崩溃，故障,CET6_edited
breakthrough,ˈbreɪkθruː,n.,1.,CET6_edited
breakthrough,ˈbreɪkθruː,,(敌方防卫线的)突破 2. 重大发现,CET6_edited
breed,briːd,n.,品种，种类 v. 1. 繁殖， 育种 2. 饲养 3. 养育，培养，教养,CET6_edited
brew,bruː,v.,1. 酿造(啤酒) 2. 泡(茶)，煮(咖啡) 3. 酝酿 n. 1. 酿造物 2.,CET6_edited
brew,bruː,,(酿造饮料的)质量，品味,CET6_edited
bribe,braɪb,n.,贿赂 v. 贿赂，收买,CET6_edited
brief,briːf,adj.,1. 简短的，简洁的 2. 短暂的 n. 概要，摘要，短文 || in brief简而言之,CET6_edited
brilliant,ˈbrɪlɪənt,adj.,1. 光辉的，辉煌的 2. 卓越的，聪颖的,CET6_edited
brink,brɪŋk,n.,1.,CET6_edited
brink,brɪŋk,,(峭壁顶上的)边缘，(河流等的)边沿，边 2. 边缘 || on the brink of …濒临，正要…之际,CET6_edited
brisk,brɪsk,adj.,1. 活跃的，轻快的 2.,CET6_edited
brisk,brɪsk,,(天气等)清新的，令人爽快的 3. 兴旺的，生气勃勃的 v. 1. 使活泼，使活跃，兴旺 2. 活泼起来，兴旺起来,CET6_edited
bronze,brɒnz,n.,1. 青铜，古铜 2. 青铜制(艺术)品 3. 青铜色  v.,CET6_edited
bronze,brɒnz,,(使)变成青铜色,CET6_edited
brood,bruːd,n.,1.,CET6_edited
brood,bruːd,,(鸡等)一窝，同窝幼鸟 2.,CET6_edited
brood,bruːd,,"(同类或同种的)一伙，一组(事物) v. 1. 孵(蛋),孵出 2. 盘算，细想，沉思",CET6_edited
bruise,bruːz,n.,1.,CET6_edited
bruise,bruːz,,(人体、水果或植物等碰撞后产生的)青肿或伤痕 2.,CET6_edited
bruise,bruːz,,(感情等方面)挫伤 v. 1. 使(皮肉)青肿，碰伤(水果、植物等) 2. 碾碎，捣烂(水果等)  3. 挫伤(感情等),CET6_edited
brutal,ˈbruːtəl,adj.,残忍的，兽性的,CET6_edited
buck,bʌk,n.,雄鹿，雄兔  adj. 雄的,CET6_edited
bud,bʌd,n.,1. 芽，萌芽状态 2. 蓓蕾,CET6_edited
budget,ˈbʌdʒɪt,n.,1. 预算 2. 金额，预算拨款 v. 编制预算，安排开支,CET6_edited
bug,bʌɡ,n.,1. 小虫 2. 病菌 3. 窃听器 4.,CET6_edited
bug,bʌɡ,,(电脑等的)故障 v. 1. 装窃听器 2. 不断地烦扰，纠缠,CET6_edited
bulk,bʌlk,n.,容量，体积，数量,CET6_edited
bull,bʊl,n.,公牛 adj. 1. 公的，雄的 2. 哄抬价格的，行情上涨的  v. 1. 强行(使) …通过 2. 从事投机使(证券等)价格上涨,CET6_edited
bulletin,ˈbʊlətɪn,n.,公报，公告,CET6_edited
bully,ˈbʊlɪ,v.,欺侮，强迫… (做某事) n. 恃强凌弱的人,CET6_edited
bump,bʌmp,v.,1. 碰撞 2. 撞击 3. 颠簸地行驶 n. 1. 碰撞 2. 肿块,CET6_edited
burden,ˈbɜːdən,n.,担子，负担,CET6_edited
bureaucracy,bjʊəˈrɒkrəsɪ,n.,1. 官僚制度，官僚体制 2. 官僚作风,CET6_edited
burial,ˈberɪəl,n.,埋葬，葬礼,CET6_edited
buzz,bʌz,n.,1. 嗡嗡声 2. 嘈杂声 v. 1. 发出嗡嗡声 2. 发出嘈杂声,CET6_edited
bypass,ˈbaɪpɑːs,,n.,CET6_edited
bypass,ˈbaɪpɑːs,,(绕过市镇的)旁道，迂回道  v. 绕过，回避,CET6_edited
cabin,ˈkæbɪn,n.,1.,CET6_edited
cabin,ˈkæbɪn,,(简陋的)小屋 2. 船舱，机舱,CET6_edited
cabinet,ˈkæbɪnɪt,n.,1. 橱柜  2. 内阁,CET6_edited
cable,ˈkeɪbl,n.,1. 缆，索，钢丝绳 2. 电缆，海底电缆，海底电报 v. .拍(海底)电报,CET6_edited
cafeteria,ˌkæfəˈtɪərɪə,n.,自助餐厅,CET6_edited
calcium,ˈkælsɪəm,n.,钙,CET6_edited
calorie,ˈkælərɪ,,n.,CET6_edited
calorie,ˈkælərɪ,,(热量单位)卡路里,CET6_edited
cancel,ˈkænsəl,v.,1. 取消 2. 删去，省略，划掉,CET6_edited
cancer,ˈkænsə,n.,癌，癌症,CET6_edited
candidate,ˈkændɪdət,n.,1. 候选人 2. 应试者，应考者,CET6_edited
cane,keɪn,n.,1. 细长而有节的茎 2. 手杖,CET6_edited
cannon,ˈkænən,n.,大炮,CET6_edited
canon,ˈkænən,n.,1. 教会法规 2.,CET6_edited
canon,ˈkænən,,(行为或思想的)规范; 准则 3.,CET6_edited
canon,ˈkænən,,(任职大教堂的)教士,CET6_edited
canvas,ˈkænvəs,n.,1. 帆布 2. 画布，油画,CET6_edited
capable,ˈkeɪpəbl,adj.,有能力的，有才能的,CET6_edited
capacity,kəˈpæsətɪ,n.,1. 容量 2. 能力 3. 资格，地位,CET6_edited
capsule,ˈkæpsjuːl,n.,1. 药丸，胶囊 2. 太空舱,CET6_edited
caption,ˈkæpʃən,n.,图片上的说明文字，(报刊文章的)标题,CET6_edited
captive,ˈkæptɪv,n.,俘虏 adj. 被捕的，被监禁的,CET6_edited
carve,kɑːv,v.,1. 雕刻 2. 切(熟肉)，切开,CET6_edited
cast,kɑːst,v.,1. 投，掷，抛 2. 投射(光、影等) 3. 投(票) n. 1. 演员的阵容，演员表 2. 铸造，铸型,CET6_edited
casual,ˈkæʒjʊəl,adj.,1. 偶然的，碰巧的 2. 随便的 3. 临时的,CET6_edited
casualty,ˈkæʒjʊəltɪ,n.,意外或战争中的伤亡者,CET6_edited
catastrophe,kəˈtæstrəfɪ,,n.,CET6_edited
catastrophe,kəˈtæstrəfɪ,,(突然的)大灾祸，大灾害,CET6_edited
cater,ˈkeɪtə,v.,1. 供应伙食，提供娱乐节目，为(宴会等)供应酒菜 2. 迎合，投合,CET6_edited
cathedral,kəˈθiːdrəl,n.,大寺院，大教堂,CET6_edited
catholic,ˈkæθәlik,n.,天主教徒 a. 1. 天主教的 2. 普遍的，广泛的，宽宏大量的,CET6_edited
caution,ˈkɔːʃən,n.,1. 当心，谨慎 2. 告诫，警告  v. 警告，告诫,CET6_edited
cautious,ˈkɔːʃəs,adj.,细心的，谨慎的,CET6_edited
cavity,ˈkævətɪ,n.,洞，穴,CET6_edited
cellar,ˈselə,n.,地窖,CET6_edited
cemetery,ˈsemɪtrɪ,n.,墓地，公墓,CET6_edited
census,ˈsensəs,n.,人口调查，人口普查,CET6_edited
ceramic,sɪˈræmɪk,n.,制陶业，陶器，陶瓷工艺,CET6_edited
cereal,ˈsɪərɪəl,n.,谷类食物，谷物,CET6_edited
certainty,ˈsɜːtəntɪ,n.,1. 确实性 2. 确实的事,CET6_edited
certify,ˈsɜːtɪfaɪ,v.,证明，证实,CET6_edited
challenge,ˈtʃælɪndʒ,n.,1. 挑战，要求决斗，邀请比赛 2. 异议，质问怀疑 v. 1. 向…挑战 2. 对…表示异议， 非难， 怀疑,CET6_edited
champagne,ʃæmˈpeɪn,n.,香槟酒,CET6_edited
champion,ˈtʃæmpɪən,n.,1. 冠军，优胜者 2. 拥护者，战士，斗士  v. 拥护，支持,CET6_edited
chant,tʃɑːnt,n.,1. 吟唱 2. 反复的大声说 3. 吟唱的曲调 v. 吟唱，反复说,CET6_edited
chapel,ˈtʃæpəl,,n.,CET6_edited
chapel,ˈtʃæpəl,,(基督教)小教堂,CET6_edited
character,ˈkærəktə,n.,1. 特性，性质，特征 2.,CET6_edited
character,ˈkærəktə,,(小说，戏剧等)人物，角色 3. 字，书写符号，印刷符号,CET6_edited
characteristic,ˌkærəktəˈrɪstɪk,adj.,特有的，独特的，表示特性的  n.,CET6_edited
characteristic,ˌkærəktəˈrɪstɪk,,(pl)特性， 特征，特色,CET6_edited
characterize,ˈkærәktәraiz,v.,描绘……的特性，刻划……的性格,CET6_edited
charge,tʃɑːdʒ,v.,1. 要(价)，收(费)，要(人)支付 2. 冲锋 3. 以某事指控某人，(指在法庭上)控告某人 n. 1. 费用，价钱，应付项目 2. 掌管，照管，监护 3. 负荷，电荷 4. 指控，控告，指责,CET6_edited
chase,tʃeɪs,v.,追逐追赶，追击 n. 追逐，追赶，追击,CET6_edited
cherish,ˈtʃerɪʃ,v.,1. 珍爱 2. 抱有(希望)，怀有(感情),CET6_edited
chief,tʃiːf,adj.,1. 主要的，首要的 2. 首席的，主任的  n. 1. 首领，领袖  2. 主任，首长 3. 头目，头子,CET6_edited
chip,tʃɪp,n.,碎片，薄片,CET6_edited
cholesterol,kəˈlestərɒl,n.,胆固醇,CET6_edited
chord,kɔːd,n.,1. 和弦，和音 2.,CET6_edited
chord,kɔːd,,(几何的)弦,CET6_edited
chorus,ˈkɔːrəs,n.,合唱，合唱队，歌舞团 || in chorus齐声，一齐 v. 合唱，异口同声地说,CET6_edited
chronic,ˈkrɒnɪk,adj.,1.,CET6_edited
chronic,ˈkrɒnɪk,,(病症)长期未愈的，慢性的 2. 极坏的，极差的,CET6_edited
chunk,tʃʌŋk,n.,厚厚一片，大块,CET6_edited
circulation,ˌsɜːkjʊˈleɪʃən,n.,1. 循环 2. 流通，流传 3.,CET6_edited
circulation,ˌsɜːkjʊˈleɪʃən,,(报纸、书刊的)销售量,CET6_edited
circumstance,ˈsɜːkəmstəns,n.,1.,CET6_edited
circumstance,ˈsɜːkəmstəns,,(pl)情况，情形，环境  2.,CET6_edited
circumstance,ˈsɜːkəmstəns,,(pl)境况，境遇 || under the circumstances在那种情况下 /,CET6_edited
circumstance,ˈsɜːkəmstəns,under,no circumstance无论如何,CET6_edited
circus,ˈsɜːkəs,n.,1.,CET6_edited
circus,ˈsɜːkəs,,(圆形的)马戏场，杂技团 2. 马戏(杂技)的表演 3. 马戏团,CET6_edited
cite,saɪt,v.,引用，引证，举(例),CET6_edited
claim,kleɪm,v.,1.,CET6_edited
claim,kleɪm,,(根据权利)要求，认领，索取 2. 声称，主张 n. 1.,CET6_edited
claim,kleɪm,,(根据权利而提出的)要求 2.,CET6_edited
claim,kleɪm,,(对某事物的)权利，所有权,CET6_edited
clamp,klæmp,n.,钳，夹子 v. 钳紧，夹住,CET6_edited
clan,klæn,n.,氏族，家族，宗派,CET6_edited
clarity,ˈklærətɪ,n.,清晰，明晰,CET6_edited
clash,klæʃ,v.,1. 冲突，交锋，产生矛盾 2. 发出金属的撞击声  n. 冲突，不一致,CET6_edited
clasp,klɑːsp,v.,1. 扣住，扣紧，钩住 2. 拥抱，抱紧 3. 紧握  n. 1. 扣子，钩子 2. 拥抱，紧握,CET6_edited
classic,ˈklæsɪk,adj.,1.,CET6_edited
classic,ˈklæsɪk,,(文学、艺术等)第一流的，最优秀的，规范的 2. 古典(指古罗马  或古希腊文艺)的，古典派的 3. 在文学史(历史上)著名的 n. 1. 文豪，大艺术家 2. 杰作，名著 3.,CET6_edited
classic,ˈklæsɪk,,(pl)经典(著作)，(古罗马或古希腊的)经典著作,CET6_edited
classical,ˈklæsɪkəl,adj.,1. 古典的 2. 传统的，正统的，经典的,CET6_edited
classification,ˌklæsɪfɪˈkeɪʃən,n.,1. 分类，分级 2. 分类法 3. 类别，等级,CET6_edited
clearance,ˈklɪərəns,n.,1. 清除，清理 2. 许可(证)，批准 || a clearance sale (商店)清仓大贱卖,CET6_edited
clerk,klɑːk,n.,1. 职员，办事员，书记员  2. 管理员 3.,CET6_edited
clerk,klɑːk,,(AmE)店员,CET6_edited
client,ˈklaɪənt,n.,1. 委托人，(律师的)当事人，(私人医生的)病人 2.,CET6_edited
client,ˈklaɪənt,,(商店等)顾客,CET6_edited
cliff,klɪf,n.,悬崖绝壁,CET6_edited
climate,ˈklaɪmɪt,n.,1. 气候  2. 一般(社会)趋势，(社会)风气,CET6_edited
climax,ˈklaimæks,n.,1. 顶点，极点 2.,CET6_edited
climax,ˈklaimæks,,(小说、戏剧等的)高潮 3. 性交的高潮 v.,CET6_edited
climax,ˈklaimæks,,(使)达到顶点，达到高潮,CET6_edited
cling,klɪŋ,v.,1. 粘住，缠住  2. 依附，依靠 3. 紧紧握住，紧紧抱住,CET6_edited
clockwise,ˈklɒkwaɪz,adv.,顺时针方向地,CET6_edited
clone,kləʊn,,n.,CET6_edited
clone,kləʊn,,(动植物)无性繁殖系，纯种细胞 v.,CET6_edited
clone,kləʊn,,(使某物)无性繁殖，克隆,CET6_edited
closet,ˈklɒzɪt,n.,1. 橱柜  2. 私室，小房间 3. 盥洗室，厕所,CET6_edited
clue,kluː,n.,线索,CET6_edited
cluster,ˈklʌstə,n.,一串，一束，一簇，一群，一组  v. 使成群，把…集成一束(一组)，群集，丛生,CET6_edited
clutch,klʌtʃ,v.,抓住，攫住  n. 1.,CET6_edited
clutch,klʌtʃ,,(pl)爪子，毒手，控制 2.,CET6_edited
clutch,klʌtʃ,,(一把)抓住，攫住,CET6_edited
coalition,ˌkəʊəˈlɪʃən,n.,政党的联盟，联合,CET6_edited
coarse,kɔːs,adj.,1. 粗的，粗糙的，粗劣的 2.,CET6_edited
coarse,kɔːs,,(举动等)粗鲁的，粗暴的，粗俗的,CET6_edited
cocaine,kəʊˈkeɪn,n.,可卡因,CET6_edited
cocktail,ˈkɒkteɪl,n.,1. 鸡尾酒 2. 开胃食品 adj. 鸡尾酒的 || cocktail party鸡尾酒会,CET6_edited
cognitive,ˈkɒɡnɪtɪv,adj.,认识(力)的，认知的,CET6_edited
coherent,kəʊˈhɪərənt,,adj.,CET6_edited
coherent,kəʊˈhɪərənt,,(言语、思想等)有条理的，连贯的,CET6_edited
coincide,ˌkəʊɪnˈsaɪd,v.,1. 同时发生 2. 一致，不谋而合,CET6_edited
coincidence,kəʊˈɪnsɪdəns,n.,巧合，巧事,CET6_edited
collaboration,kəˌlæbəˈreɪʃən,n.,1. 合作，协作 2. 勾结,CET6_edited
collapse,kəˈlæps,v.,1. 崩溃，倒塌 2. 病倒，衰败 n. 1. 崩溃 2. 衰败,CET6_edited
colleague,ˈkɒliːɡ,n.,同事，同僚,CET6_edited
collide,kəˈlaɪd,v.,1.,CET6_edited
collide,kəˈlaɪd,,(车、船等)猛撞 2. 冲突,CET6_edited
collision,kəˈlɪʒən,n.,碰撞，冲突,CET6_edited
colonial,kəˈləʊnɪəl,adj.,1. 殖民地的，关于殖民地的 2.,CET6_edited
colonial,kəˈləʊnɪəl,,(cap)(美国独立前)十三州时代的，美国初期的 3. 拥有殖民地的,CET6_edited
combat,ˈkɒmbæt,n.,1. 战斗，格斗，反对 2. 竞争 v. 跟…战斗，反对,CET6_edited
combination,ˌkɒmbɪˈneɪʃən,n.,1. 结合，联合，混合，组合 2. 团体，结合体，混合体 3.,CET6_edited
combination,ˌkɒmbɪˈneɪʃən,,(开暗码锁的)组合数码(字码)，暗码,CET6_edited
combine,kəmˈbaɪn,v.,1. 使结合，使联合 2. 合并 3. 使化合 n. 1. 联合企业 2. 联合收割机(=combine harvester),CET6_edited
comet,ˈkɒmɪt,n.,彗星,CET6_edited
comic,ˈkɒmɪk,adj.,滑稽的，喜剧化的  || comic strip连环漫画,CET6_edited
command,kəˈmɑːnd,v.,1. 指挥，统帅 2. 命令 3. 控制，对…有支配权，拥有…(可供使用) 4. 俯瞰 n. 1. 统帅(地位)，指挥(权) 2. 命令 3. 运用能力 || in command (of)指挥，控制 /take command of (开始)指挥,CET6_edited
commemorate,kəˈmeməreɪt,v.,庆祝，纪念,CET6_edited
commence,kəˈmens,v.,开始,CET6_edited
commend,kəˈmend,v.,1称赞，赞扬 2. 委托，托付,CET6_edited
commentary,ˈkɒməntrɪ,n.,1.,CET6_edited
commentary,ˈkɒməntrɪ,,(对书籍等的)评语，评注，评论 2. 实况报道,CET6_edited
commercial,kəˈmɜː ʃəl,adj.,商业(上)的，商务的 n. 电台(电视)中的广告节目,CET6_edited
commission,kəˈmɪʃən,n.,1. 委任，代办(权) 2. 委任状，委任职权 3. 委员会 4. 佣金  v. 委任，委托,CET6_edited
commit,kəˈmɪt,v.,1. 犯(罪)  2. 委托,CET6_edited
commitment,kəˈmɪtmənt,n.,1. 信奉，献身 2. 承担的义务 3. 承诺，许诺，保证,CET6_edited
committee,kəˈmɪtɪ,n.,委员会,CET6_edited
commodity,kəˈmɒdətɪ,n.,商品，日用品,CET6_edited
commonplace,ˈkɒmənpleɪs,adj.,平凡的，常见的,CET6_edited
commonwealth,ˈkɒmənwelθ,n.,1. 全体国民 2. 国家，共和国 3. 联邦,CET6_edited
communicate,kəˈmjuːnɪkeɪt,v.,1. 传达(意见、消息等)，传播，传送 2. 传染(疾病) 3.,CET6_edited
communicate,kəˈmjuːnɪkeɪt,,(房间)相连，相通,CET6_edited
communication,kəˌmjuːnɪˈkeɪʃən,n.,1. 通信，通讯 2. 传达的信息 3.,CET6_edited
communication,kəˌmjuːnɪˈkeɪʃən,,(pl)通讯系统 4. 交通，交通工具,CET6_edited
community,kəˈmjuːnətɪ,n.,1. 团体，社区，(政治)共同体 2. 同一地区的全体居民，公众,CET6_edited
commute,kəˈmjuːt,v.,1. 定时往返两地 2. 减轻(刑罚) 3. 用…交换，改变(付款)方式,CET6_edited
compact,kəmˈpækt,adj.,1. 紧密的，结实的 2.,CET6_edited
compact,kəmˈpækt,,(文体)简洁的，紧凑的,CET6_edited
companion,kəmˈpænjən,n.,1. 同伴，同事 2. 志趣相同的人,CET6_edited
comparable,ˈkɒmpərəbl,adj.,类似的，可相比的,CET6_edited
compare,kəmˈpeə,v.,1. 比较，对照 2. 比喻，比作 3. 比得上，相比 || compare to 把…比作 /compare with和…比较,CET6_edited
comparison,kəmˈpærɪsən,n.,1. 比较，对照 2. 比喻  || beyond comparison无法相比 /,CET6_edited
comparison,kəmˈpærɪsən,in,comparison with和…相比较,CET6_edited
compartment,kəmˈpɑːtmənt,n.,间隔(如火车车厢里的小房间),CET6_edited
compatible,kəmˈpætəbl,adj.,可和谐共处的，相容的，兼容的,CET6_edited
compel,kəmˈpel,v.,强迫，强求,CET6_edited
compensate,ˈkɒmpenseɪt,v.,补偿，酬报,CET6_edited
compete,kəmˈpiːt,v.,1. 比赛 2. 竞争，对抗,CET6_edited
competence,ˈkɒmpɪtəns,n.,能力，胜任某种工作的资格,CET6_edited
competitive,kəmˈpetətɪv,adj.,1. 竞争性的，  竞争的，有竞争力的 2. 比赛的,CET6_edited
compile,kəmˈpaɪl,v.,编辑，汇编，编纂,CET6_edited
complain,kəmˈpleɪn,v.,抱怨，叫屈，控诉,CET6_edited
complaint,kəmˈpleɪnt,n.,1. 怨言，不满，牢骚 2. 投诉，抱怨，诉苦 3. 疾病,CET6_edited
complement,ˈkɒmplɪmənt,n.,1. 补充物，配给物 2. 足量，足额 3. 补助语 v. 补充，补足，使完备,CET6_edited
complex,ˈkɒmpleks,adj.,复杂的，综合的 n. 1. 综合企业 2. 一组建筑群,CET6_edited
complexion,kəmˈplekʃən,n.,1. 肤色，气色，面色 2. 外观，形势,CET6_edited
complicated,ˈkɒmplɪkeɪtɪd,adj.,结构复杂的，难懂的，难解的,CET6_edited
complication,ˌkɒmpliˈkeiʃәn,n.,1. 复杂情况 2. 并发症,CET6_edited
compliment,ˈkɒmplɪmənt,n.,恭维，称赞 v. 称赞,CET6_edited
comply,kəmˈplaɪ,v.,同意，遵从，依从，应允,CET6_edited
component,kəmˈpəʊnənt,adj.,组成的，合成的 n. 组成部分，成分，元件,CET6_edited
compose,kəmˈpəʊz,v.,1. 组成，构成 2. 创作，作曲 3. 使安定，使平静,CET6_edited
composite,ˈkɒmpəzɪt,adj.,混合成的，综合成的 n. 合成物，复合材料,CET6_edited
compound,ˈkɒmpaʊnd,n.,1. 混合物，复合词 2. 用围墙圈起的建筑物(场地)adj. 混合的，复合的,CET6_edited
comprehension,ˌkɒmprɪˈhenʃən,n.,理解,CET6_edited
comprehensive,ˌkɒmprɪˈhensɪv,adj.,1. 综合的，全面的 2. 理解的，有理解力的,CET6_edited
compromise,ˈkɒmprəmaɪz,n.,妥协，折衷办法，和解  v. 1. 妥协，互让解决，折衷处理 2. 危及，连累，遭到损害,CET6_edited
compulsory,kəmˈpʌlsərɪ,adj.,强迫的，强制的，义务的,CET6_edited
compute,kəmˈpjuːt,v.,计算，估算,CET6_edited
concede,kənˈsiːd,v.,1.,CET6_edited
concede,kənˈsiːd,,(常指勉强地)承认 2. 容许，让与,CET6_edited
conceive,kənˈsiːv,v.,1. 设想，想出，想象 2. 怀(胎)，怀孕,CET6_edited
concentrate,ˈkɒnsntreɪt,v.,1. 集中，使集中于一点 2. 聚集 3. 聚精会神，集中思想,CET6_edited
concentration,ˌkɒnsnˈtreɪʃən,n.,集中，注意力,CET6_edited
concept,ˈkɒnsept,n.,概念，观念，思想,CET6_edited
conception,kənˈsepʃən,n.,1. 概念，观念，理解 2. 构想，看法 3. 受孕，妊娠,CET6_edited
concern,kənˈsɜːn,v.,1. 涉及，影响 2. 使关心，使挂念，使担心 || as far as…be concerned关于…，至于…  n. 1.,CET6_edited
concern,kənˈsɜːn,,(利害)关系，所关切的事 2. 关心，担心，挂念 3. 商行，企业 || show concern for关心,CET6_edited
concise,kənˈsaɪs,adj.,简洁的，简明的,CET6_edited
conclude,kənˈkluːd,v.,1. 结束 2. 推断出，断定,CET6_edited
condemn,kənˈdem,v.,1. 谴责 2. 定罪，判处,CET6_edited
condense,kənˈdens,v.,1.,CET6_edited
condense,kənˈdens,,(使气体)冷凝，(使)凝结 2. 使浓缩 3. 压缩，缩写(文章等),CET6_edited
conduct,ˈkɒndʌkt,n.,1. 行为，品行，举动 2. 指导，引导 3. 实行，处理，经营 v. 1. 引导，带领，陪伴(游客等)，指导 2. 实施，处理，经营 3. 指挥(乐队等) 4. 传导，传(热、电等),CET6_edited
confer,kənˈfɜː,v.,1. 商讨 2. 授予，颁赠(勋衔、学位等),CET6_edited
conference,ˈkɒnfərəns,n.,1. 讨论，会谈 2.,CET6_edited
conference,ˈkɒnfərəns,,(正式的)会议，讨论会,CET6_edited
confidence,ˈkɒnfɪdəns,n.,1. 信任 2. 信心，自信，把握 3.,CET6_edited
confidence,ˈkɒnfɪdəns,,(向知心人)吐露的秘密，说私房话,CET6_edited
confident,ˈkɒnfɪdənt,adj.,确信的，肯定的，自信的,CET6_edited
confidential,ˌkɒnfɪˈdenʃəl,adj.,1. 秘密的，机密的，保密的 2. 极受信任的，负责机密工作的,CET6_edited
configuration,kənˌfɪɡəˈreɪʃə,n.,构造，外形，布置，结构,CET6_edited
confine,kənˈfaɪn,v.,1. 幽禁，监禁 2. 限制，把…局限于,CET6_edited
confirm,kənˈfɜːm,v.,1. 证实，认可 2. 使坚定，加强,CET6_edited
conflict,ˈkɒnflɪkt,n.,1. 斗争，战斗 2. 抵触，冲突,CET6_edited
conform,kənˈfɔːm,,v.,CET6_edited
conform,kənˈfɔːm,,(使)一致，(使)符合，(使)遵照，(使)适应,CET6_edited
confront,kənˈfrʌnt,v.,1.,CET6_edited
confront,kənˈfrʌnt,,(困难等)临头 2.,CET6_edited
confront,kənˈfrʌnt,,(使)面对，使)面临 3. 勇敢地面对(危险等)，正视，对抗,CET6_edited
confusion,kənˈfjuːʒn,n.,混乱，混乱状态，骚乱,CET6_edited
congress,ˈkɒŋɡres,n.,1.,CET6_edited
congress,ˈkɒŋɡres,,(代表)大会 2.,CET6_edited
congress,ˈkɒŋɡres,,(cap)国会，议会 3. 聚会，会议,CET6_edited
conscientious,ˌkɒnʃɪˈenʃəs,adj.,审慎正直的，认真的，本着良心的,CET6_edited
conscious,ˈkɒnʃəs,adj.,1. 有意识的，意识到的，自觉的 2. 神志清醒的,CET6_edited
consecutive,kənˈsekjʊtɪv,adj.,连续的，接续的,CET6_edited
consensus,kənˈsensəs,,n.,CET6_edited
consensus,kənˈsensəs,,(意见等的)一致，一致同意，共识,CET6_edited
consent,kənˈsent,v.,同意，答应，承诺,CET6_edited
consequence,ˈkɒnsɪkwəns,n.,1. 结果，后果 2. 重要(性),CET6_edited
consequent,ˈkɒnsɪkwənt,adj.,随之而来的，由…所导致的,CET6_edited
consequently,ˈkɒnsɪkwəntlɪ,adv.,因而，所以,CET6_edited
conservation,ˌkɒnsəˈveɪʃən,n.,1. 保存 2.,CET6_edited
conservation,ˌkɒnsəˈveɪʃən,,(森林等自然资源的)保护，资源保护区,CET6_edited
conservative,kənˈsɜːvətɪv,adj.,1. 保守的 2. 拘谨的，谨慎的 n. 1. 因循守旧者，保守者  2. 保守党党员,CET6_edited
conserve,kənˈsɜːv,v.,节约使用，保存,CET6_edited
considerable,kənˈsɪdərəbl,adj.,1. 值得考虑的 2. 值得重视的，重要的 3. 相当大(或多)的,CET6_edited
considerate,kәnˈsidәrit,a.,体贴的，体谅的，考虑周到的,CET6_edited
consist,kənˈsɪst,v.,1. 由…组成，由…构成 2. 在于，存在于,CET6_edited
consistent,kənˈsɪstənt,adj.,1. 坚固的，坚实的 2. 一致的，连贯的，始终如一的,CET6_edited
console,kənˈsəʊl,v.,安慰，慰问 n. 仪表板，控制台，键盘之入口,CET6_edited
consolidate,kənˈsɒlɪdeɪt,v.,1. 巩固，加强 2. 综合，统一，合并,CET6_edited
conspicuous,kənˈspɪkjʊəs,adj.,显著的，引人注目的,CET6_edited
constant,ˈkɒnstənt,n.,1. 坚定的，坚贞的，永恒的 2. 经常的，不断的,CET6_edited
constituent,kənˈstɪtjʊənt,n.,1. 选民，选举人 2. 成分，要素 adj. 组成的，形成的,CET6_edited
constitute,ˈkɒnstɪtjuːt,v.,构成，组成,CET6_edited
constitution,ˌkɒnstɪˈtjuːʃən,n.,1. 宪法 2. 体质，体格 3. 构造，结构,CET6_edited
constrain,kənˈstreɪn,v.,强迫，强制,CET6_edited
construct,kәnˈstrʌkt,v.,1. 构造，建造 2. 对……进行构思 n. 1. 构想，概念 2. 建造物，构成物；构思的产物,CET6_edited
consult,kənˈsʌlt,v.,1. 找…商议 2. 找(医生)诊治 3. 翻阅，查考(书籍，地图等) || consult with和…商议,CET6_edited
consultant,kənˈsʌltənt,n.,1. 顾问，专家 2.,CET6_edited
consultant,kənˈsʌltənt,,(BrE)医院的高级顾问医师,CET6_edited
consume,kənˈsjuːm,v.,1. 消费，耗尽 2. 烧毁，吃光，饮尽,CET6_edited
consumer,kənˈsjuːmə,n.,消费者,CET6_edited
consumption,kənˈsʌmpʃən,n.,消费(量)，消耗,CET6_edited
contact,ˈkɒntækt,v.,使接触，与…接触(或联系) n. 1. 接触，联系 2. 交往，交际 || make contact with sb(sth)与某人(事)交谈、会晤、取得联系,CET6_edited
contaminate,kənˈtæmɪneɪt,v.,污染，玷污，弄脏,CET6_edited
contemplate,ˈkɒntempleɪt,v.,1. 沉思，仔细考虑，意欲 2. 注视，凝视,CET6_edited
contempt,kənˈtempt,n.,轻视，轻蔑,CET6_edited
contend,kənˈtend,v.,1. 搏斗，争斗 2. 争，竞争 3. 声称，主张,CET6_edited
contention,kənˈtenʃən,n.,1. 争论，争辩，论战 2. 论点，主张,CET6_edited
contest,kənˈtest,v.,争夺，竞争,CET6_edited
continuity,kɒntɪˈnjuːətɪ,n.,连贯性，连续性，持续性,CET6_edited
contract,ˈkɒntrækt,n.,契约，合同 v. 1. 订立合约，签订合同 2. 使缩小，(使)收缩 3. 得病，感染疾病,CET6_edited
contradict,ˌkɒntrəˈdɪkt,v.,1. 否定 2. 与…矛盾,CET6_edited
contradiction,ˌkɒntrəˈdɪkʃən,n.,矛盾,CET6_edited
contrast,ˈkɒntrɑːst,n.,对比，比照 [kənˈtrɑːst] v. 使对比，形成对照,CET6_edited
contribute,kənˈtrɪbjuːt,v.,1. 捐助，捐赠 2. 投稿  3. 贡献，对…作出贡献,CET6_edited
contribution,ˌkɒntrɪˈbjuːʃən,n.,1. 捐款 2. 投稿 3. 贡献,CET6_edited
contrive,kənˈtraɪv,v.,发明， 设计，设法做到,CET6_edited
controversial,ˌkɒntrəˈvɜːʃəl,adj.,引起争论的，有争议的,CET6_edited
controversy,"ˈkɒntrəvɜːsɪ, kənˈtrɒvəsɪ",n.,争论，辩论,CET6_edited
convene,kənˈviːn,v.,召集会议,CET6_edited
convenience,kənˈviːnjəns,n.,1. 便利，方便 2. 方便的时候，适当的机会 3. 便利设施,CET6_edited
convention,kənˈvenʃən,n.,1.,CET6_edited
convention,kənˈvenʃən,,(传统性的)习惯  2. 代表大会，定期大会,CET6_edited
conventional,kənˈvenʃənəl,adj.,习惯的，常规的,CET6_edited
converge,kənˈvɜːdʒ,v.,聚集， 集中一点，汇合,CET6_edited
conversion,kənˈvɜːʃən,n.,1. 转变，变换 2. 信仰的改变 3. 兑换,CET6_edited
convert,kənˈvɜːt,v.,1. 改变，转变 2. 改变…的信仰 3. 兑换 n. 改变信仰的人，皈依者,CET6_edited
convey,kənˈveɪ,v.,1. 运输，运送 2. 传达，传递,CET6_edited
convict,kənˈvɪkt,v.,证明、宣判…有罪，定罪 n. 被判入狱的罪犯,CET6_edited
convince,kənˈvɪns,v.,1. 使确信，使信服 2. 说服,CET6_edited
cooperative,kəʊˈɒpərətɪv,n.,合作社，合作商店(企业等) adj. 1. 合作的，协作的 2. 有合作意向的，乐意合作的,CET6_edited
cope,kəʊp,,v.,CET6_edited
cope,kəʊp,,(成功地)对付，应付,CET6_edited
cord,kɔːd,n.,1. 绳索，带子 2. 小电线 3. 键 4. 灯芯绒,CET6_edited
cordial,ˈkɔːdɪəl,adj.,热情友好的，热诚的,CET6_edited
cork,kɔːk,n.,软木，软木塞,CET6_edited
corporate,ˈkɔːpərət,adj.,1. 团体的，全体的 2. 公司的,CET6_edited
corps,kɔː,n.,1. 特种部队，军团 2. 共同工作、活动的一群人,CET6_edited
corpse,kɔːps,n.,尸体,CET6_edited
correlate,ˈkɒrəleɪt,n.,有相互关系的东西，相关物 v. 使有相互关系，互相有关系,CET6_edited
correspondent,ˌkɒrɪˈspɒndənt,n.,通信者，(新闻)通讯员，记者,CET6_edited
corresponding,ˌkɒriˈspɒndiŋ,a.,1. 相当的，一致的 2. 通信的,CET6_edited
corrode,kəˈrəʊd,,v.,CET6_edited
corrode,kəˈrəʊd,,(使)腐蚀，侵蚀,CET6_edited
corrupt,kəˈrʌpt,adj.,1. 腐败的，贪污的 2. 腐烂的，污浊的 v. 1. 使败坏，腐蚀，使腐坏  2. 贿赂,CET6_edited
costume,ˈkɒstjuːm,n.,服装，剧装，戏服,CET6_edited
council,ˈkaʊnsəl,n.,1. 理事会，委员会 2. 地方议会,CET6_edited
counsel,ˈkaʊnsəl,n.,1. 辩护律师 2.,CET6_edited
counsel,ˈkaʊnsəl,,(专业)意见，忠告，劝告 v. 劝告，提供意见,CET6_edited
counter,ˈkaʊntə,n.,1. 柜台 2. 筹码 adj. 1. 相反的，对立的 2. 反对的，敌意的,CET6_edited
counterpart,ˈkaʊntəpɑːt,n.,相对应的人(物),CET6_edited
coupon,ˈkuːpɒn,n.,优惠券，赠券，票证,CET6_edited
court,kɔːt,n.,1. 法院，法庭 2.,CET6_edited
court,kɔːt,,(网球等)球场 v. 求爱,CET6_edited
coverage,ˈkʌvərɪdʒ,n.,1. 报道 2. 赔偿范围，保险额 3. 范围,CET6_edited
coward,ˈkaʊəd,n.,怯懦，胆怯者,CET6_edited
cozy,ˈkәuzi,a.,舒适的，安逸的，惬意的 v. 取悦，献殷勤,CET6_edited
cradle,ˈkreɪdl,n.,1. 摇篮  2. 策源地，发源地,CET6_edited
crash,kræʃ,v.,1. 碰撞，坠落 2. 发出撞击(或爆裂)声 3. 失败，垮台，崩溃 n. 1. 碰撞， 坠落 2. 撞击声，爆裂声 3. 失败，垮台，崩溃,CET6_edited
creation,kriːˈeɪʃən,n.,1. 创造，创作 2. 作品,CET6_edited
credible,ˈkredəbl,adj.,可信的，可靠的,CET6_edited
credit,ˈkredɪt,n.,1. 信任 2. 信用，信用往来，赊欠 3. 信誉，声望，威信 4. 荣誉，光荣 5. 学分 6.,CET6_edited
credit,ˈkredɪt,,(银行)存款，债权  || be a credit to 为…增光 v. 相信，信任,CET6_edited
crew,kruː,n.,全体船员，全体乘务员,CET6_edited
crime,kraɪm,n.,罪行，罪恶,CET6_edited
criminal,ˈkrɪmɪnl,adj.,犯罪的，刑事的 n. 罪犯，犯人,CET6_edited
cripple,ˈkrɪpl,n.,跛足的人，残废人 v. 1. 使…残废 2. 使…受损害，使…丧失活动能力,CET6_edited
crisis,ˈkraɪsɪs,n.,1. 危机 2. 危急存亡之际，决定性时刻，转折点,CET6_edited
crisp,krɪsp,adj.,1. 脆的，硬而易碎的 2. 清新的，爽快的 3. 干脆明确的(态度等),CET6_edited
criterion,kraɪˈtɪərɪən,,（pl criteria) n. 标准，准则,CET6_edited
critic,ˈkrɪtɪk,n.,批评家，评论家,CET6_edited
critical,ˈkrɪtɪkəl,adj.,1. 批评(性)的，评论(性)的 2. 对…表示谴责的，对…感到不满的 3. 紧要的，关键性的，危害的,CET6_edited
criticism,ˈkrɪtɪsɪzəm,n.,1. 评论文章，评论 2. 批评，指责，非难,CET6_edited
criticize,ˈkritisaiz,v.,1. 批评，非难，吹毛求疵 2. 评论，评价,CET6_edited
crowd,kraʊd,n.,群，人群 v. 聚集，群集,CET6_edited
crucial,ˈkruːʃəl,adj.,极重要的，决定性的，关键性的,CET6_edited
crumble,ˈkrʌmbl,v.,1. 弄碎，粉碎 2. 崩溃，瓦解,CET6_edited
crush,krʌʃ,v.,1. 压碎 2. 压服，压倒 n. 1. 压碎 2.,CET6_edited
crush,krʌʃ,,(水果的)汁,CET6_edited
cucumber,ˈkjuːkʌmbə,n.,黄瓜,CET6_edited
culminate,ˈkʌlmɪneɪt,v.,达到顶点(高潮)，以…告终 || culminate in达到…高峰，终于,CET6_edited
culture,ˈkʌltʃə,n.,1. 文化，精神文明 2. 教养，陶冶，修养 3. 栽培，养殖，培养,CET6_edited
cumulative,ˈkjuːmjʊlətɪv,adj.,累积的，渐增的,CET6_edited
curb,kɜːb,n.,1. 勒马的链条(皮带) 2. 控制，约束，抑制  v. 1. 给(马)装上勒马链，勒住(马) 2. 控制，约束，抑制,CET6_edited
current,ˈkʌrənt,adj.,1. 目前运用的，广泛流通的 2. 现在的，目前的 n. 1. 水流，气流 2. 思潮，倾向,CET6_edited
curse,kɜːs,n.,诅咒，咒骂，骂人话  v. 诅咒，咒骂,CET6_edited
customary,ˈkʌstəmərɪ,adj.,习惯的，惯例的，通常的,CET6_edited
cute,kjuːt,adj.,娇小可爱的,CET6_edited
cycle,ˈsaɪkl,n.,1. 周期，循环 2.,CET6_edited
cycle,ˈsaɪkl,,(无线电)周(波)  v. 1. 循环，轮转 2. 骑自行车(三轮脚踏车，机器脚踏车),CET6_edited
cylinder,ˈsɪlɪndə,n.,1. 圆筒，圆柱体 2. 汽缸 3.,CET6_edited
cylinder,ˈsɪlɪndə,,(印刷机)滚筒 4.,CET6_edited
cylinder,ˈsɪlɪndə,,(左轮手枪的)旋转枪膛 5. 圆柱体体积,CET6_edited
cynical,ˈsɪnɪkəl,adj.,愤世嫉俗的，(对人性或动机)怀疑的,CET6_edited
dart,dɑːt,n.,飞镖 v. 猛冲，投掷，发射,CET6_edited
database,ˈdeɪtəˌbeɪs,n.,资料库，数据库,CET6_edited
dazzle,ˈdæzl,v.,1. 使眼花，耀眼 2. 使惊奇，使倾倒 n. 闪耀，耀眼,CET6_edited
deadline,ˈdedlaɪn,n.,截止时间(期限),CET6_edited
deadly,ˈdedlɪ,adj.,致命的，势不两立的，死气沉沉的 adv. 死一般地，非常，极度,CET6_edited
dean,diːn,n.,1. 教务长 2.,CET6_edited
dean,diːn,,(大学的)学院院长，系主任 v. 担任教务长(院长、系主任等),CET6_edited
debate,dɪˈbeɪt,v.,1. 辩论，讨论 2. 考虑，盘算 n. 辩论，争论，辩论比赛,CET6_edited
decade,ˈdekeɪd,n.,十年，十,CET6_edited
decay,dɪˈkeɪ,v.,1. 使腐败，使腐烂 2. 使衰弱，使衰退  n. 1. 腐烂，腐朽 2. 衰退，衰败,CET6_edited
deceive,dɪˈsiːv,v.,欺骗，欺诈,CET6_edited
decent,ˈdiːsənt,adj.,1. 体面的，得体的，正当的 2. 严肃的，高雅的，正派的 3. 和气的，过得去的，宽容的,CET6_edited
decimal,ˈdesɪml,n.,小数，十进小数 adj. 小数的，十进位的,CET6_edited
decisive,dɪˈsaɪsɪv,adj.,1. 坚决的，果断的，有决定作用的 2. 确定的，明确的,CET6_edited
decorate,ˈdekəreɪt,v.,装饰，装修，粉刷 decorator,CET6_edited
decrease,dɪˈkriːs,,v.,CET6_edited
decrease,dɪˈkriːs,,(使)减少，减弱，减轻 n. 减少，减少额,CET6_edited
decree,dɪˈkriː,n.,命令，法令，判决 v. 命令，颁布命令，判定,CET6_edited
dedicate,ˈdedɪkeɪt,v.,1. 以…奉献 2. 为…举行落成仪式  3. 把(一生等)献给，把(时间、精力等)用于,CET6_edited
deduce,dɪˈdjuːs,v.,推论，演绎,CET6_edited
deduct,dɪˈdʌkt,v.,扣除，减去,CET6_edited
deem,diːm,v.,认为，相信，视为,CET6_edited
default,dɪˈfɔːlt,n.,1. 违约，缺席，拖欠 2.,CET6_edited
default,dɪˈfɔːlt,,(电脑的)预设，预置(值) v. 不履行，不到场，未付(债等),CET6_edited
defeat,dɪˈfiːt,v.,击败，战胜，挫败 n. 击败，败北,CET6_edited
defendant,dɪˈfendənt,n.,被告,CET6_edited
defiance,dɪˈfaɪəns,n.,违抗，蔑视，挑战,CET6_edited
deficiency,dɪˈfɪʃənsɪ,n.,1. 缺乏，短缺 2. 缺点，毛病,CET6_edited
deficit,ˈdefɪsɪt,n.,赤字，亏损,CET6_edited
define,dɪˈfaɪn,v.,解释，给…下定义，确定…的范围(界限),CET6_edited
definitely,ˈdefɪnɪtlɪ,adv.,1. 当然，一定，确定 2.,CET6_edited
definitely,ˈdefɪnɪtlɪ,,(和否定词连用)对，绝对,CET6_edited
definition,ˌdefɪˈnɪʃən,n.,定义，限定，清晰,CET6_edited
definitive,dɪˈfɪnətɪv,adj.,1. 确定的，有权威的，不能(不必)改变的 2. 决定性的,CET6_edited
defy,dɪˈfaɪ,v.,1. 违抗，蔑视 2. 激(某人)做,CET6_edited
degenerate,dɪˈdʒenərət,adj.,退步的，退化的，堕落的 n. 堕落者，腐化者 [dɪˈdʒenəreɪt] v. 退化，衰败，堕落,CET6_edited
degrade,dɪˈɡreɪd,v.,1. 使降级，降低，2. 有辱…的人格，使丢脸,CET6_edited
delicate,ˈdelɪkət,adj.,1. 易碎的，娇弱的 2. 精密的，精致的 3. 微妙的 4. 清香的，清淡的,CET6_edited
demand,dɪˈmɑːnd,v.,&n. 要求，请求，需求,CET6_edited
demonstrate,ˈdemənstreɪt,v.,证明，示范，参加示威游行,CET6_edited
denial,dɪˈnaɪəl,n.,否认，拒绝，抛弃,CET6_edited
denote,dɪˈnəʊt,v.,指示，表示，意思是,CET6_edited
denounce,dɪˈnaʊns,v.,指责，痛斥，告发,CET6_edited
dentist,ˈdentɪst,n.,牙科医生,CET6_edited
deny,dɪˈnaɪ,v.,否认，拒绝承认，不准,CET6_edited
depict,dɪˈpɪkt,,v.,CET6_edited
depict,dɪˈpɪkt,,(用图画、文字)表示，描述，描绘,CET6_edited
deport,dɪˈpɔːt,v.,把(外国人)驱逐出境,CET6_edited
depress,dɪˈpres,v.,1. 使消沉，使抑郁，使萧条 2. 压下，按下 3. 削弱，降低,CET6_edited
depression,dɪˈpreʃən,n.,1. 沮丧，抑郁，萧条(期)  2. 凹地，洼地，低压(地区),CET6_edited
deprive,dɪˈpraɪv,v.,剥夺，使丧失，使不能做 deprivation,CET6_edited
derive,dɪˈraɪv,v.,1. 取得，得到 2. 追溯…的起源(由来)，衍生 3. 推论出，引申出,CET6_edited
descend,dɪˈsend,v.,1. 下降，下跌，落下 2. 递减 3. 袭击，突然访问 4. 祖传，起源于，是…的后裔,CET6_edited
descendant,dɪˈsendənt,n.,后裔，子孙 adj. 下降的，派生的，(从祖先)传下的,CET6_edited
descent,dɪˈsent,n.,1. 下降，下来 2. 下倾，斜坡 3. 血统，世袭，遗传 4. 袭击，突然的访问,CET6_edited
describe,dɪˈskraɪb,v.,1. 叙述，描写，形容 2. 描绘，画，把…说成,CET6_edited
deserve,dɪˈzɜːv,v.,应得，应受，值得,CET6_edited
design,dɪˈzaɪn,n.,& v. 1. 设计，图样，图案 2. 计划，图谋，打算 3. 构思，方案,CET6_edited
designate,ˈdezɪɡneɪt,v.,1·标出，指明，称呼 2. 指派，任命  adj. 已受委派(当选)而尚未就职的，候任的,CET6_edited
desirable,dɪˈzaɪərəbl,adj.,理想的，值得拥有的，可取的,CET6_edited
desire,dɪˈzaɪə,n.,& v. 1. 意欲，渴望，愿望 2. 要求，请求,CET6_edited
despise,dɪˈspaɪz,v.,鄙视，蔑视，轻视,CET6_edited
despite,dɪˈspaɪt,n.,1. 侮辱，伤害 2. 恶意，怨恨 prep. 尽管，不顾，虽然,CET6_edited
destination,ˌdestɪˈneɪʃən,n.,终点，目的地，目标,CET6_edited
destined,ˈdestɪnd,adj.,命中注定的，预定的,CET6_edited
destiny,ˈdestɪnɪ,n.,命运，天命,CET6_edited
destruction,dɪˈstrʌkʃən,n.,毁坏， 毁灭，消灭,CET6_edited
destructive,dɪˈstrʌktɪv,adj.,破坏(性)的，毁灭(性)的，非建设性的,CET6_edited
detach,dɪˈtætʃ,v.,拆卸，使分离，派遣,CET6_edited
detail,ˈdiːteɪl,n.,1. 细节，琐事，详述 2. 分配，(人员的)选派 3. 选派的人(小组、分队等)  || go into detail(s)详细叙述，逐一说明 /in detail①详细地②逐渐地 v. 详细说明，派遣,CET6_edited
detain,dɪˈteɪn,v.,拘留，扣押，耽搁,CET6_edited
detect,dɪˈtekt,v.,发现，查明，测出,CET6_edited
detection,diˈtekʃәn,n.,发现，察觉，探测,CET6_edited
detective,dɪˈtektɪv,n.,1. 侦探 2. 发现者，探测者 adj.,CET6_edited
detective,dɪˈtektɪv,,(关于)侦探的，探测(用)的,CET6_edited
deteriorate,dɪˈtɪərɪəreɪt,v.,恶化，(使)变坏，退化,CET6_edited
deviate,ˈdiːvɪeɪt,v.,背离，偏离，越(轨),CET6_edited
device,dɪˈvaɪs,n.,1. 装置，器具，仪器 2. 手段，策略，诡计 3. 手法，技巧，图案 || leave to one’s own devices听任…自便，让…自行发展,CET6_edited
devise,dɪˈvaɪz,v.,计划，发明，设计,CET6_edited
devote,dɪˈvəʊt,v.,奉献，把…专用于  || devote oneself to 献身于，致力于， 沉溺于,CET6_edited
diagnose,ˈdaɪəɡnəʊz,v.,诊断(疾病)，判断，调查分析(问题等的)原因(性质),CET6_edited
dictate,dɪkˈteɪt,v.,1. 口述，(使)听写 2. 命令，强行规定  3. 支配，驱使,CET6_edited
differentiate,ˌdɪfəˈrenʃɪeɪt,v.,区分，(使)不同，构成…间的差别,CET6_edited
diffuse,dɪˈfjuːz,v.,1. 扩散，(使)四散，弥漫 2. 传播，散步 adj. 1. 弥漫的，四散的 2.,CET6_edited
diffuse,dɪˈfjuːz,,(文章等)冗长的,CET6_edited
digest,"daɪˈdʒest, dɪˈdʒest",v.,1. 消化(食物) 2.,CET6_edited
digest,"daɪˈdʒest, dɪˈdʒest",,(经反复思考)吸收，领悟，理解 3. 整理，压缩，节略 n. 摘要，文摘，汇编,CET6_edited
dignity,ˈdɪɡnətɪ,n.,1. 尊严，高贵，体面 2. 庄严，端庄 3. 官阶，职位 || beneath one's dignity有失某人身份(体面) /stand on one's dignity坚持受到应有的礼遇，保持尊严,CET6_edited
dilemma,dɪˈlemə,,n.,CET6_edited
dilemma,dɪˈlemə,,(进退两难的)窘境，困境，进退维谷,CET6_edited
diligent,ˈdɪlɪdʒənt,adj.,勤勉的，勤奋的，坚持不懈的,CET6_edited
dilute,daɪˈljuːt,v.,1. 稀释，冲淡 2. 削弱，减轻 adj. 经稀释的，淡的，减弱了的,CET6_edited
dim,dɪm,adj.,1. 暗淡的，昏暗的 2. 模糊不清的，朦胧的  3. 迟钝的，愚蠢的 v. 使暗淡，(使)变模糊，(使)失去光泽,CET6_edited
dimension,daiˈmenʃәn,n.,维数，尺寸，面积 v. 标出尺寸,CET6_edited
diminish,dɪˈmɪnɪʃ,v.,1. 减少，(使)减小，降低 2. 贬低，使降级，削弱,CET6_edited
dine,daɪn,v.,进正餐，用膳，宴请,CET6_edited
diploma,dɪˈpləʊmə,n.,毕业文凭，学位证书,CET6_edited
diplomat,ˈdɪpləmæt,n.,外交家，外交官,CET6_edited
directory,dɪˈrektərɪ,n.,1. 人名地址录，工商行名录，电话号码簿 2. 董事会 3. 指南,CET6_edited
disable,dɪsˈeɪbl,v.,使丧失能力，(常用被动语态)使伤残,CET6_edited
disaster,dɪˈzɑːstə,n.,1. 灾难，大祸，大不幸 2. 彻底的失败 3. 祸患,CET6_edited
disastrous,dɪˈzɑːstrəs,adj.,灾难性的，极不幸的，极坏的,CET6_edited
discard,dɪˈskɑːd,v.,丢掉，舍弃,CET6_edited
discern,dɪˈsɜːn,v.,看出，了解，识别,CET6_edited
discharge,dɪsˈtʃɑːdʒ,v.,&n. 1. 允许…离开，释放，开除 2. 发射，击发(枪、炮等) 3. 派出，放出，发泄 4. 卸(货)，下(客) 5. 完成，履行,CET6_edited
discipline,ˈdɪsɪplɪn,n.,1. 训练，纪律，行为准则 2. 克制，规章制度，管教 3. 处罚，惩罚 4. 学科，科目 v. 训练，控制，惩罚,CET6_edited
disclose,dɪsˈkləʊz,v.,1.,CET6_edited
disclose,dɪsˈkləʊz,,(使)显露，揭露，泄露 2. 公开，表明，说出,CET6_edited
discount,dɪsˈkaʊnt,v.,怀疑地看待，漠视，低估 [ˈdɪskaʊnt] n.,CET6_edited
discount,dɪsˈkaʊnt,,(打)折扣 || at a discount打折扣,CET6_edited
discreet,dɪˈskriːt,,adj.,CET6_edited
discreet,dɪˈskriːt,,(言行)谨慎的，慎重的，不显眼的,CET6_edited
discrepancy,dɪˈskrepənsɪ,n.,差异，不符合,CET6_edited
discrete,dɪˈskriːt,adj.,个别的，分离的，不连续的,CET6_edited
discriminate,dɪˈskrɪmɪneɪt,v.,区别，辨别，有差别的对待  adj. 有区别的，有差别的，有识别力的,CET6_edited
disease,dɪˈziːz,n.,疾病，弊病，病害  v. 使有病，使不健全,CET6_edited
disguise,dɪsˈɡaɪz,v.,&n. 假扮，伪装，掩盖,CET6_edited
disgust,dɪsˈɡʌst,n.,厌恶，恶心，作呕 v. 使讨厌，使厌恶，使作呕,CET6_edited
dismay,dɪsˈmeɪ,,v.,CET6_edited
dismay,dɪsˈmeɪ,,(使)惊恐，使沮丧，使绝望,CET6_edited
dismiss,dɪsˈmɪs,v.,1. 免…之职，解雇 2. 让…离开，遣散 3. 不理会，抛弃，不认真考虑,CET6_edited
disorder,dɪsˈɔːdə,n.,1. 杂乱，混乱 2. 散乱，骚动 3. 失调，不适 v. 1. 使零乱，扰乱 2. 使失调，使不适,CET6_edited
dispatch,disˈpætʃ,v.,派遣 n. 派遣，急件,CET6_edited
disperse,dɪˈspɜːs,,v.,CET6_edited
disperse,dɪˈspɜːs,,(使)分散，驱散，疏散,CET6_edited
displace,dɪsˈpleɪs,v.,1. 移置，使脱离正常位置 2. 替代,CET6_edited
display,dɪˈspleɪ,v.,陈列，展示，展览,CET6_edited
disposal,dɪˈspəʊzl,n.,1. 清除，销毁，丢掉 2. 处置，处理，布置 || at sb’s disposal; in sb’s disposal任某人处理，任某人支配,CET6_edited
dispose,dɪˈspəʊz,v.,1. 排列，配置 2. 清除，销毁 3. 安排，处理 4. 使倾向于 ||dispose of①丢掉，清除②赠送，卖掉③处理，解决,CET6_edited
disposition,ˌdɪspəˈzɪʃən,n.,性格，性情,CET6_edited
disregard,ˌdɪsrɪˈɡɑːd,v.,&n. 不理会，不顾，忽视,CET6_edited
disrupt,dɪsˈrʌpt,v.,扰乱，破坏,CET6_edited
dissipate,ˈdisipeit,v.,1. 散失，驱散 2. 浪费 3. 放荡,CET6_edited
distill,disˈtil,v.,1. 蒸馏 2. 提炼,CET6_edited
distinct,dɪˈstɪŋkt,adj.,1. 不同的，个别的，单独的 2. 清晰的，分明的，确实的,CET6_edited
distinguish,dɪˈstɪŋɡwɪʃ,v.,1. 区分，辨别，认明 2. 看清，发现，听出 3. 使有区别，使具有特色 || distinguish oneself表现杰出，使受人注意,CET6_edited
distort,dɪˈstɔːt,v.,1. 扭曲，使变形 2. 歪曲，曲解 3. 使(声音、信号等)失真,CET6_edited
distract,dɪˈstrækt,v.,1. 转移(注意力)，使分心 2. 使转变，使转向 3. 使困惑，使混乱,CET6_edited
distribution,ˌdɪstrɪˈbjuːʃən,n.,1. 分发，分配，配给物 2. 散布，分布 3. 销售(量),CET6_edited
disturbance,dɪˈstɜːbəns,n.,1. 打扰，妨碍 2. 心神不安，烦恼 3. 混乱，骚乱,CET6_edited
diverse,daɪˈvɜːs,adj.,不同的，多种多样的，多变化的,CET6_edited
diversion,daɪˈvɜːʃən,n.,1. 转移，转向，偏离 2. 消遣，娱乐,CET6_edited
divert,daɪˈvɜːt,v.,1. 使转向，使(河流等)改道，转移…的注意力 2. 使得到消遣，给…娱乐 3. 盗用，贪污,CET6_edited
divine,dɪˈvaɪn,adj.,1. 神的，上帝的，神圣的 2. 非凡的，极好的,CET6_edited
divorce,dɪˈvɔːs,n.,&v. 1. 离婚 2.,CET6_edited
divorce,dɪˈvɔːs,,(使)分离，脱离,CET6_edited
dizzy,ˈdɪzɪ,adj.,1. 头晕目眩的，头昏眼花的，使人晕眩的 2. 不知所措的，使人困惑的 3. 愚蠢的，笨的,CET6_edited
dock,dɒk,n.,1. 码头，船坞 2.,CET6_edited
dock,dɒk,,(法庭中的)被告席，犯人栏  v. 1. 使(船)靠码头，领(船)进港 2.,CET6_edited
dock,dɒk,,(宇宙飞行器)在外层空间对接,CET6_edited
doctrine,ˈdɒktrɪn,n.,1. 信条，教条，主义 2. 学说，原理，教诲,CET6_edited
dodge,dɒdʒ,v.,1. 躲开，闪开 2. 躲避，施计逃避义务(责任等) n. 1. 躲闪，躲避 2. 妙计，伎俩,CET6_edited
dolphin,ˈdɒlfɪn,n.,海豚,CET6_edited
domain,dəʊˈmeɪn,n.,1. 领域，范围，范畴 2. 领土，领地，势力范围,CET6_edited
dome,dəʊm,n.,圆屋顶，苍弯，半球形物,CET6_edited
domestic,dəˈmestɪk,adj.,1. 家的，家庭的，家用的 2.,CET6_edited
domestic,dəˈmestɪk,,(动物)非野生的，驯养的 3. 国内的，国产的，自制的,CET6_edited
dominant,ˈdɒmɪnənt,adj.,1. 占优势的，支配的，显著的 2. 占首位的，主要的 3. 居高临下的，高耸的,CET6_edited
dominate,ˈdɒmɪneɪt,v.,1. 支配，统治，控制 2. 占首要地位 3. 俯视，耸立于,CET6_edited
donate,dəʊˈneɪt,v.,捐赠，赠送,CET6_edited
donation,dəʊˈneɪʃən,n.,捐赠，赠品，捐款,CET6_edited
doom,duːm,n.,1. 命运，厄运，毁灭 2. 判决，定罪 v. 1. 注定，命定，使…的失败(毁灭等)成为必然 2. 判定，判决,CET6_edited
doubtless,ˈdaʊtlɪs,adv.,1. 无疑地，肯定地 2. 很可能地，公认地,CET6_edited
drag,dræɡ,v.,1. 拖，拉，曳 2. 缓慢地移动，拖着脚步走 3. 把…硬拖去,CET6_edited
drain,dreɪn,v.,1.,CET6_edited
drain,dreɪn,,(使)慢慢流走，排出，把…弄干 2. 喝干 3. 使精疲力竭 n. 1. 排水沟(管) 2. 消耗，(人才等)外流 || down the drain被浪费掉，化为乌有,CET6_edited
drainage,ˈdreɪnɪdʒ,n.,排水系统,CET6_edited
dramatic,drəˈmætɪk,adj.,1. 戏剧(性)的，刺激的，激动人心的 2. 引人注目的，印象深刻的，突然的,CET6_edited
drastic,ˈdræstɪk,adj.,激烈的，猛烈的,CET6_edited
drawback,ˈdrɔːbæk,n.,缺点，不利条件，短处,CET6_edited
dread,dred,v.,&n. 畏惧，厌恶，担忧,CET6_edited
dreadful,ˈdredfʊl,adj.,1. 可怕的，令人敬畏的 2. 厉害的，讨厌的，极端的,CET6_edited
drill,drɪl,n.,1. 钻孔机，钻头  2. 操练，训练  v. 1. 打眼，钻孔 2. 操练，训练,CET6_edited
drought,draʊt,n.,旱灾，干旱,CET6_edited
dual,ˈdjuːəl,adj.,双的，双重的,CET6_edited
dub,dʌb,v.,1. 起绰号 2.,CET6_edited
dub,dʌb,,(为影片)配音,CET6_edited
dubious,ˈdjuːbɪəs,adj.,怀疑的，可疑的，令人怀疑的,CET6_edited
dwarf,dwɔːf,n.,矮子，矮小的人(动物、植物) v. 使矮小(显得渺小)，使相形见续出,CET6_edited
dwell,dwel,v.,居住，生活于，栖息 || dwell on ①老想着，详述，长谈②凝视，持续,CET6_edited
eagle,ˈiːɡl,n.,鹰，雕,CET6_edited
Easter,ˈiːstə,n.,复活节,CET6_edited
eccentric,ɪkˈsentrɪk,adj.,古怪的，异常的 n. 古怪的人,CET6_edited
eclipse,ɪˈklɪps,n.,日蚀，月蚀 v. 1. 遮住(天体)的光 2. 使黯然失色，使相形见绌,CET6_edited
ecology,iːˈkɒlədʒɪ,n.,生态(学),CET6_edited
economic,ˌiːkəˈnɒmɪk,adj.,1. 经济(上)的，经济学的 2. 合算的，有利可图的,CET6_edited
economical,ˌiːkəˈnɒmɪkəl,adj.,节俭的，经济的，精打细算的,CET6_edited
economy,ɪˈkɒnəmɪ,n.,1. 经济(体系) 2. 节约，节省，简练 adj. 便宜的，经济的，二等的,CET6_edited
edible,ˈedɪbl,adj.,可以吃的，适合吃的,CET6_edited
effective,ɪˈfektɪv,adj.,1. 有效的，生效的 2. 给人深刻印象的，显著的 3. 真正的，实际的,CET6_edited
efficiency,ɪˈfɪʃənsɪ,n.,效率，功效,CET6_edited
efficient,ɪˈfɪʃənt,adj.,1. 效率高的，有能力的，能胜任的 2. 有效的，直接产生结果的,CET6_edited
ego,ˈiːɡəʊ,n.,自我，自负,CET6_edited
eject,ɪˈdʒekt,v.,1. 驱逐，逐出 2. 喷出，投出，弹出,CET6_edited
elapse,ɪˈlæps,n.,& v.,CET6_edited
elapse,ɪˈlæps,,(时间)过去，消逝,CET6_edited
elastic,ɪˈlæstɪk,adj.,1. 弹 性的，有弹力的 2. 灵活的，可伸缩的 n. 橡皮带，松紧带，橡皮圈,CET6_edited
electric,ɪˈlektrɪk,adj.,1. 电的，导电的，发电的 2. 令人兴奋的，刺激的,CET6_edited
electrical,ɪˈlektrɪkəl,adj.,与电有关的，用电的,CET6_edited
electrician,ɪˌlekˈtrɪʃən,n.,电器技师，电工，电气专家,CET6_edited
electricity,ɪˌlekˈtrɪsətɪ,n.,1. 电，电气，电学 2. 电流，电力,CET6_edited
electron,ɪˈlektrɒn,n.,电子,CET6_edited
electronic,ˌɪlekˈtrɒnɪk,adj.,电子的，电子仪器的,CET6_edited
elegant,ˈelɪɡənt,adj.,优雅的，精美的，雅致的,CET6_edited
element,ˈelɪmənt,n.,1. 要素，成分，元素 2. 自然环境，适宜的环境 3.,CET6_edited
element,ˈelɪmənt,,(pl)(学科的)基本原则，原理，基础  || in one’s element很适应，得其所 /out of one’s element不适应，不得其所,CET6_edited
elementary,ˌelɪˈmentrɪ,adj.,1. 基本的，基础的，初级的  2. 容易的，简易的,CET6_edited
elevate,ˈelɪveɪt,v.,1. 抬起，升高，提高 2. 提高(嗓门等)，振奋(情绪)，提升(职位),CET6_edited
elicit,ɪˈlɪsɪt,v.,诱出，探出(事实、反应等),CET6_edited
eligible,ˈelɪdʒəbl,adj.,有资格的，合适的，合格的,CET6_edited
eliminate,ɪˈlɪmɪneɪt,v.,消除，去除，淘汰,CET6_edited
elite,eɪˈliːt,n.,精华，精英，中坚,CET6_edited
eloquent,ˈeləkwənt,adj.,1. 雄辩的，有说服力的，口才好的 2. 意味深长的，明白显示出的,CET6_edited
embark,ɪmˈbɑːk,v.,1.,CET6_edited
embark,ɪmˈbɑːk,,(使)上船(飞机等) 2. 从事，着手，发动,CET6_edited
embarrass,ɪmˈbærəs,v.,1. 使窘迫，使困扰，使为难 2. 妨碍，牵累,CET6_edited
embed,ɪmˈbed,v.,把…嵌入，埋入，埋置,CET6_edited
embody,ɪmˈbɒdɪ,v.,体现，使具体化,CET6_edited
emerge,ɪˈmɜːdʒ,v.,出现，露出，暴露,CET6_edited
emergency,ɪˈmɜːdʒənsɪ,n.,紧急情况，突然事件，非常时刻,CET6_edited
emotion,ɪˈməʊʃən,n.,1. 感情，情绪，情感 2. 激动,CET6_edited
emphasis,ˈemfəsɪs,n.,强调，重点，重要性 || lay emphasis on sth; put emphasis on sth; place emphasis on sth把重点放在…,CET6_edited
emphasize,ˈemfəsaɪz,v.,强调，着重，加强,CET6_edited
empirical,ɪmˈpɪrɪkəl,adj.,以实验为根据的，非理论的,CET6_edited
employment,ɪmˈplɔɪmənt,n.,1. 雇用 2. 职业，工作,CET6_edited
enclosure,ɪnˈkləʊʒə,n.,1. 围栏，围墙，圈占地 2.,CET6_edited
enclosure,ɪnˈkləʊʒə,,(信函内的)附件，装入物 3. 包围，围住,CET6_edited
encounter,ɪnˈkaaʊntə,v.,1. 偶遇，邂逅 2. 遭到，突遇 n. 1. 遭遇，会战 2. 意外的相见,CET6_edited
encourage,ɪnˈkʌrɪdʒ,v.,1. 鼓励，激励，怂恿 2. 赞助，支持，促进,CET6_edited
endeavor,inˈdevә,n.,努力，尝试 v. 努力，尽力,CET6_edited
endow,ɪnˈdaʊ,v.,1. 赋予，授予 2. 资助，捐赠  || be endowed with天生具有…，有…的天赋,CET6_edited
endurance,ɪnˈdjʊərəns,n.,忍耐，耐力，持久力,CET6_edited
endure,ɪnˈdjʊə,v.,1. 忍受，忍耐，(常与否定词连用)容忍 2. 持续，持久,CET6_edited
energetic,ˌenəˈdʒetɪk,adj.,有力的，精力旺盛的，精神饱满的,CET6_edited
enforce,ɪnˈfɔːs,v.,1. 实施，执行 2. 强制，强迫 3. 加强，坚持(要求、主张等),CET6_edited
engage,ɪnˈɡeɪdʒ,v.,1.,CET6_edited
engage,ɪnˈɡeɪdʒ,,(使)从事，(使)参加，使卷入  2. 约束，保证，使订婚 3. 雇佣，聘，预订 4. 吸引，占用 5. 与…交战，啮合 || engage in从事于，使忙于,CET6_edited
engagement,ɪnˈɡeɪdʒmənt,n.,1. 约会，约定 2. 订婚，婚约,CET6_edited
engine,ˈendʒɪn,n.,1. 引擎，发动机 2. 机车，火车头,CET6_edited
enhance,ɪnˈhɑːns,v.,增加，提高，增强,CET6_edited
enlighten,ɪnˈlaɪtən,v.,1. 启发，开导，使摆脱偏见(迷信) 2. 指导，教育,CET6_edited
enormous,ɪˈnɔːməs,adj.,巨大的，庞大的,CET6_edited
enrich,ɪnˈrɪtʃ,v.,使富足，使丰富，充实,CET6_edited
enroll,inˈrәul,v.,登记，使加入，注册,CET6_edited
ensue,ɪnˈsjuː,v.,接着发生，随之而来,CET6_edited
entail,ɪnˈteɪl,v.,使成为必要，需要,CET6_edited
entertainment,ˌentəˈteɪnmənt,n.,1. 招待，款待 2. 娱乐，乐趣，文娱节目,CET6_edited
enthusiasm,ɪnˈθjuːzɪæzəm,n.,热情，热心，热诚,CET6_edited
enthusiastic,ɪnˌθjuːziˈæstɪk,adj.,热情的，热心的，热烈的,CET6_edited
entitle,ɪnˈtaɪtl,v.,1. 定标题，定名称，称呼 2. 给权利，给…资格,CET6_edited
entity,ˈentɪtɪ,n.,独立存在体，实体,CET6_edited
entrepreneur,ˌɒntrəprəˈnɜː,n.,企业家，创业者,CET6_edited
environment,ɪnˈvaɪərənmənt,n.,环境，周围状况,CET6_edited
envisage,ɪnˈvɪzɪdʒ,v.,1. 想象，设想 2. 正视，面对,CET6_edited
epoch,ˈiːpɒk,n.,时代，纪元，重要时期,CET6_edited
equality,ɪˈkwɒlɪtɪ,n.,平等，同等，相同,CET6_edited
equator,ɪˈkweɪtə,n.,赤道  equatorial,CET6_edited
equip,ɪˈkwɪp,v.,配备，装备，使有准备,CET6_edited
equivalent,ɪˈkwɪvələnt,adj.,相等的，相当的，等价的  n. 相等物，等价物,CET6_edited
erect,ɪˈrekt,adj.,直立的，竖起的 v. 建造，竖立，使直起,CET6_edited
erosion,ɪˈrəʊʒən,n.,侵蚀，腐蚀,CET6_edited
erroneous,ɪˈrəʊnɪəs,adj.,错误的,CET6_edited
erupt,ɪˈrʌpt,v.,1.,CET6_edited
erupt,ɪˈrʌpt,,(火山、喷泉等)喷发，喷出，迸发 2. 爆发，突然发生,CET6_edited
escort,ˈeskɔːt,n.,护卫队，护送者，陪伴 v. 护送，护卫，护航,CET6_edited
essence,ˈesəns,n.,1. 本质，实质，要素 2. 精髓，精华 3. 香精，香料,CET6_edited
essential,ɪˈsenʃəl,adj.,1. 必要的，必不可少的 2. 本质的，实质的，基本的 n. 1.,CET6_edited
essential,ɪˈsenʃəl,,(pl) 必需品，必要的东西 2. 本质，要素,CET6_edited
establish,ɪˈstæblɪʃ,v.,1. 建立，设立，制订 2. 安置，安顿，确立 3. 确定，证实，规定 4. 使开业，使处于(某种位置、状况等),CET6_edited
esthetic,esˈθetik,a.,审美的，感觉的,CET6_edited
estimate,ˈestɪmeɪt,v.,"估计，估计…的意义(价值),评价  [ˈestɪmɪt] n. 估计，估算，评价，评估",CET6_edited
eternal,ɪˈtɜːnəl,adj.,永远(不变)的，永恒的,CET6_edited
ethnic,ˈeθnɪk,adj.,种族的，部族的，少数民族的,CET6_edited
evaluate,ɪˈvæljʊeɪt,v.,评价，估计,CET6_edited
evidence,ˈevɪdəns,n.,1. 根据，证据，证明 2. 证词,CET6_edited
evident,ˈevɪdənt,adj.,明显的，明白的,CET6_edited
evil,ˈiːvl,n.,1. 邪恶，罪恶，恶行 2. 不幸，不吉，灾难 adj. 1. 坏的，邪恶的，罪恶的 2. 有 害的，中伤的，恶毒的 3. 不幸的，不吉的，不祥的,CET6_edited
evoke,ɪˈvəʊk,v.,引起，唤起，引发,CET6_edited
evolution,ˌiːvəˈluːʃən,n.,1. 进展，发展，演变 2. 进化，演化,CET6_edited
exaggerate,ɪɡˈzædʒəreɪt,v.,夸张，夸大其词,CET6_edited
exceed,ɪkˈsiːd,v.,1. 超越，超出，比…大 2. 凌驾，优于，胜过,CET6_edited
exception,ɪkˈsepʃən,n.,1. 例外，除外 2. 反对，异议,CET6_edited
exceptional,ɪkˈsepʃənəl,adj.,1. 异常的，独特的，例外的 2. 优越的，杰出的,CET6_edited
excess,ɪkˈses,n.,1. 过多，过剩，过度 2. 过分，无节制 3. 超过，超越，超额量 adj. 过量的，过多的，额外的,CET6_edited
excessive,ɪkˈsesɪv,adj.,过多的，过分的，过度的,CET6_edited
exchange,ɪksˈtʃeɪndʒ,v.,1. 交换，调换，把…换成 2. 互换，兑换 n. 1. 交换，互换，交 流 2. 交火，争吵 3. 交换所，交易所,CET6_edited
exclaim,ɪkˈskleɪm,,v.,CET6_edited
exclaim,ɪkˈskleɪm,,(由于惊讶、痛苦、愤怒、高兴等)呼喊，惊叫，大声说,CET6_edited
exclude,ɪkˈskluːd,v.,排除，对…不予考虑，把…拒之门外,CET6_edited
exclusive,ɪkˈskluːsɪv,adj.,1. 除外的，排外的 2. 专有的，独占的，惟一的,CET6_edited
excursion,ɪkˈskɜːʃən,n.,郊游，远足，游览,CET6_edited
execute,ˈeksɪkjuːt,v.,1. 实行，实施，执行 2. 处死,CET6_edited
execution,ˌeksɪˈkjuːʃən,n.,1. 实行，实施，执行 2. 死刑，处死刑,CET6_edited
executive,ɪɡˈzekjʊtɪv,adj.,1. 执行的，实施的 2. 行政的，经营管理的 n. 1. 行政部门，(工会、党派等的)执行委员会 2. 执行者，行政人员，经理,CET6_edited
exemplify,ɪɡˈzemplɪfaɪ,v.,是…的榜样，举例说明,CET6_edited
exempt,ɪɡˈzempt,adj.,被免除义务(责任)的，被赦免的  v. 免除，赦免,CET6_edited
exert,ɪɡˈzɜːt,v.,1. 运用，行使，发挥(影响等) 2. 用力，尽力 ||exert oneself努力，尽力,CET6_edited
exhaust,ɪɡˈzɔːst,v.,1. 用完，耗尽，花光 2. 排空，抽完 3. 使筋疲力尽 4. 详尽论述 n. 1. 排气管，排气装置 2. 排出，放出 3. 废气，废液,CET6_edited
exhibit,ɪɡˈzɪbɪt,v.,1. 展览，展出，陈列 2. 表现，显出，显示 n. 陈列品，展览，展览品,CET6_edited
exile,"ˈeksaɪl, ˈeɡzaɪl",v.,流放，放逐，流亡 n. 1. 流放，放逐 2. 亡命者，流放者,CET6_edited
existence,ɪɡˈzɪstəns,n.,1. 存在，生存，生活方式 2. 发生  || come into existence出现，成立，产生,CET6_edited
exotic,ɪɡˈzɒtɪk,adj.,珍奇的，奇异的，外国产的,CET6_edited
expand,ɪkˈspænd,v.,1. 扩大，发展，增长 2. 张开，展开,CET6_edited
expansion,ɪkˈspænʃən,n.,1. 扩张，膨胀 2. 张开，伸展 3. 扩大，扩充，发展,CET6_edited
expedition,ˌekspɪˈdɪʃən,n.,1. 探险，远征 2. 远征军，探险队,CET6_edited
expel,ɪkˈspel,v.,驱逐，开除，排出(气等),CET6_edited
expend,ɪkˈspend,v.,花费，用光,CET6_edited
expenditure,ɪkˈspendɪtʃə,n.,1. 经费，费用 2. 支出，消耗，花费,CET6_edited
expense,ɪkˈspens,n.,1. 费用，消费，支出 2.,CET6_edited
expense,ɪkˈspens,,(精力、时间等的)消耗，耗费 3.,CET6_edited
expense,ɪkˈspens,,(pl)开支，花费 || at the expense of以…为代价，由…付费,CET6_edited
expert,ˈekspɜːt,n.,专家，能手 adj. 熟练的，内行的，专家的,CET6_edited
expertise,ˌekspɜːˈtiːz,n.,专门技能(知识),CET6_edited
expire,ɪkˈspaɪə,v.,1. 期满，终止 2. 死亡 3. 呼出，吐气,CET6_edited
explicit,ikˈsplisit,a.,详述的，清楚的，直言的,CET6_edited
explore,ɪkˈsplɔː,v.,1. 探究，探索 2. 勘探，探险，探测,CET6_edited
expose,ɪkˈspəʊz,v.,1. 揭露，暴露，曝光 2. 使无遮蔽，使遭受，使处于…作用(影响)下 3. 陈列，使被看到,CET6_edited
exposition,ˌekspəˈzɪʃən,n.,1. 解释，讲解，说明 2. 展出，展览会,CET6_edited
expression,ɪkˈspreʃən,n.,1. 表示，表达(方式)，词语 2. 表情，神色 3. 表露，体现,CET6_edited
exquisite,ˈekskwɪzɪt,adj.,精美的，精致的，精湛的,CET6_edited
extensive,ɪkˈstensɪv,adj.,1. 广阔的，广泛的，广大的 2. 全面的，彻底的，大量的,CET6_edited
extent,ɪkˈstent,n.,1. 范围，广度，长度 2. 程度，限度 || to some extent在某种程度上,CET6_edited
external,ɪkˈstɜːnəl,adj.,1. 外部的，外面的，外表的 2. 外来的，外界的，对外的,CET6_edited
extinct,ɪkˈstɪŋkt,adj.,1. 灭绝的，绝种的 2.,CET6_edited
extinct,ɪkˈstɪŋkt,,(火山)死的，熄灭的 3. 消亡的，破灭的,CET6_edited
extinguish,ɪkˈstɪŋɡwɪʃ,v.,1. 熄灭，扑灭 2. 破灭，幻灭，使消亡 3. 压制，压抑,CET6_edited
extraordinary,ɪkˈstrɔːdənəri,adj.,1. 非常的，特别的，破例的 2. 离奇的，使人惊奇的，非凡的,CET6_edited
extravagant,ɪkˈstrævəɡənt,adj.,1. 浪费的，奢侈的 2. 过度的，放肆的,CET6_edited
extreme,ɪkˈstriːm,adj.,1. 末端的，极端的，尽头的 2. 极度的，偏激的，过分的  n. 极端，极度(状态)，过分,CET6_edited
fabric,ˈfæbrɪk,n.,1. 织物，织品 2. 质地，构造，结构,CET6_edited
fabricate,ˈfæbrɪkeɪt,v.,捏造，编造，虚构,CET6_edited
facet,ˈfæsɪt,n.,1.,CET6_edited
facet,ˈfæsɪt,,(宝石等的)琢面 2.,CET6_edited
facet,ˈfæsɪt,,(事物等的)一面，方面,CET6_edited
facilitate,fəˈsɪlɪteɪt,v.,使容易，使便利，促进,CET6_edited
factor,ˈfæktə,n.,因素，要素,CET6_edited
faculty,ˈfækəltɪ,n.,1. 天赋，才能，官能 2.,CET6_edited
faculty,ˈfækəltɪ,,(大学的)系、科，学院 3.,CET6_edited
faculty,ˈfækəltɪ,,(院系的)全体教师，(某一职业的)全体从业人员,CET6_edited
faith,feɪθ,n.,1. 信任，信念 2. 信仰，信条 3. 信义，诚意，忠诚 4. 保证，诺言，约定 || have faith in信任,CET6_edited
fake,feɪk,n.,假货，赝品，骗人诡计 adj. 假的，冒充的 v. 伪造，假装，捏造,CET6_edited
famine,ˈfæmɪn,n.,饥荒,CET6_edited
fantastic,fænˈtæstɪk,adj.,1. 极好的，美妙的 2. 不切实际的，异想天开的，古怪的,CET6_edited
fantasy,ˈfæntəsɪ,n.,想象，幻想,CET6_edited
fascinate,ˈfæsɪneɪt,v.,迷住，使神魂颠倒，强烈地吸引,CET6_edited
fatal,ˈfeɪtəl,adj.,致命的，毁灭性的,CET6_edited
fatigue,fəˈtiːɡ,n.,疲劳，劳累,CET6_edited
feasible,ˈfiːzəbl,adj.,可行的，可能的，行得通的,CET6_edited
feast,fiːst,n.,盛宴，宴会  v. 大吃大喝，尽情地吃 ||  feast one’s eyes on尽情地欣赏，饱眼福,CET6_edited
feature,ˈfiːtʃə,n.,1. 面貌的一部分，脸形 2.,CET6_edited
feature,ˈfiːtʃə,,(pl)面貌，相貌 3. 特征，特点，特色 4.,CET6_edited
feature,ˈfiːtʃə,,(电  影)正片，故事片(报纸等的)特写 v. 是…的特色，以…为特色,CET6_edited
federal,ˈfedərəl,adj.,联邦的，联盟的，联合的,CET6_edited
federation,ˌfedəˈreɪʃən,n.,联盟，联邦，同盟,CET6_edited
feeble,ˈfiːbl,adj.,虚弱的，软弱的，微弱的,CET6_edited
fellowship,ˈfeləʊʃɪp,n.,1. 团体，协会 2. 友谊，交情 3. 学院董事(研究员)的职位,CET6_edited
feminine,ˈfemənɪn,adj.,女性的，适于女子的，阴性的,CET6_edited
ferry,ˈferɪ,n.,渡船，渡口，摆渡 v. 渡运，运送，摆渡,CET6_edited
fertilizer,ˈfɜːtɪlaɪzə,n.,化肥，肥料,CET6_edited
fiction,ˈfɪkʃən,n.,小说，虚构的事，杜撰的故事,CET6_edited
figure,ˈfɪɡə,n.,1. 外形，体形，轮廓 2. 数字，位数，符号 3. 图形，图表 4. 人物，身份，地 位 5. 价格，估价 v. 1. 扮演角色，塑造，描述 2. 计算 3. 估计，以为，想象 || figure out ①想出，理解，明白②计算出，解决,CET6_edited
finance,ˈfaɪnæns,n.,1. 财政，财务 2. 资金，经费 3.,CET6_edited
finance,ˈfaɪnæns,,(pl)财源，岁入，基金 v. 为…提供资金(经费),CET6_edited
financial,faɪˈnænʃəl,adj.,财政的，金融的 financially,CET6_edited
finite,ˈfaɪnaɪt,adj.,1. 限定的，有限的 2.,CET6_edited
finite,ˈfaɪnaɪt,,(动词)限定式的,CET6_edited
fitting,ˈfɪtɪŋ,adj.,适合的，恰当的，相称的 n. 1. 试穿 2. 装配，修整 3.,CET6_edited
fitting,ˈfɪtɪŋ,,(pl)(房屋内的)固定装置，设备，配件,CET6_edited
fixture,ˈfɪkstʃə,n.,1. 固定装置 2. 预定举行的体育比赛,CET6_edited
flank,flæŋk,n.,腰窝，侧翼 v. 位于…的侧面,CET6_edited
flap,flæp,v.,1. 拍打，拍动，摆动 2.,CET6_edited
flap,flæp,,(鸟)振(翅) 3. 平卧，垂下 n. 1. 拍打，拍动，(鸟的)振翅 2. 下垂物，覆盖物 3.,CET6_edited
flap,flæp,,(袋)盖，(帽)边，信封口盖,CET6_edited
flask,flɑːsk,,n.,CET6_edited
flask,flɑːsk,,(实验用的)烧瓶，长颈瓶，冷(热)水瓶，保温瓶,CET6_edited
flatter,ˈflætə,v.,1. 奉承，恭维 2. 使高兴，使满意,CET6_edited
flaw,flɔː,n.,缺点，缺陷，瑕疵 v. 使有缺陷，损害,CET6_edited
flexible,ˈfleksəbl,adj.,1. 柔韧的，易弯曲的 2. 可变通的，灵活的，易适应的,CET6_edited
fling,flɪŋ,v.,投，抛，摔  n. 悠情放纵，尽情欢乐， 一时的(常为放纵的)行乐,CET6_edited
flip,flɪp,v.,1. 把…抛向空中，捻，快速地翻转(猛然移动) 2. 大怒，强烈地反应 n. 轻弹(打、抛),CET6_edited
float,fləʊt,v.,1. 漂浮，浮动，漂 2. 成立 3. 建议 n. 1. 漂浮，漂浮物，浮标 2. 游行花车,CET6_edited
fluctuate,ˈflʌktʃʊeɪt,v.,波动，变动，涨落,CET6_edited
flutter,ˈflʌtə,v.,&n. 1. 振翅，拍翼 2. 飘动，摆动 3. 激动，紧张，兴奋,CET6_edited
foam,fəʊm,n.,1. 泡沫，(马等的)涎沫(大汗)，白沫 2. 泡沫材料 v. 1. 起泡沫，冒汗 2. 吐白沫，唾沫四溅,CET6_edited
focus,ˈfəʊkəs,n.,1. 焦点，焦距，聚焦 2. 中心，集中点 v. 1. 聚焦，集中 2. 调节…的焦距,CET6_edited
force,fɔːs,n.,1. 力，力量，力气 2. 势力，威力，影响力 3. 军队，兵力，队伍 4. 武力，暴力，压力 5. 效力，约束力，控制力 6.,CET6_edited
force,fɔːs,,(pl)三军，军队 || by force凭借暴力，强迫地  v. 1. 强迫，强加，逼 2. 用强暴手段得到，促使,CET6_edited
foremost,ˈfɔːməʊst,adj.,最著名的，最重要的，最好的,CET6_edited
foresee,fɔːˈsiː,v.,预见，预矢口,CET6_edited
formal,ˈfɔːməl,adj.,1. 正式的，正规的，适于正式场合的 2. 匀称的，有条理的，整齐的 3. 外形的，表面的，形式上的 4. 拘谨的，拘泥于形式的 5. 礼节的，例行的,CET6_edited
format,ˈfɔːmæt,n.,样式，格式，板式 v. 编排格式，使(电脑硬、磁盘)格式化,CET6_edited
formidable,ˈfɔːmɪdəbl,adj.,1. 大而可怕的，令人畏惧的 2. 难以应付的，难以战胜的,CET6_edited
formula,ˈfɔːmjʊlə,n.,1. 公式，程式 2. 处方，配方 3. 准则，方案 4. 惯例，常规 5. 惯用语，俗套话,CET6_edited
formulate,ˈfɔːmjʊleɪt,v.,1. 使公式化 2. 确切地表述，构想，制订,CET6_edited
fort,fɔːt,n.,要塞，堡垒,CET6_edited
forthcoming,ˌfɔːθˈkʌmɪŋ,adj.,1. 即将发生的，即将来到的 2. 现成的，随要随有的 3. 乐于助人的,CET6_edited
forum,ˈfɔːrəm,n.,讲坛，讨论会场，论坛,CET6_edited
fossil,ˈfɒsəl,n.,化石,CET6_edited
foster,ˈfɒstə,v.,1. 鼓励，促进，培育 2. 收养(小孩)，养育，抚养,CET6_edited
fraction,ˈfrækʃən,n.,1. 分数 2. 小部分，片断，碎片 3. 一点,CET6_edited
fracture,ˈfræktʃə,n.,骨折，折断，破裂 v.,CET6_edited
fracture,ˈfræktʃə,,(使)破裂，(使)折断，破碎,CET6_edited
fragile,ˈfrædʒaɪl,adj.,1. 易碎的，脆的，易坏的 2. 脆弱的，虚弱的,CET6_edited
fragrance,ˈfreɪɡrəns,n.,1. 芳香，香味 2. 香料，香水,CET6_edited
frantic,ˈfræntɪk,adj.,1.,CET6_edited
frantic,ˈfræntɪk,,(因恐惧、焦急、喜悦等)发狂(似)的，发疯的 2. 狂乱的，令人绝望的，不顾一切的,CET6_edited
fraud,frɔːd,n.,1. 欺骗(行为)，诈骗(罪) 2. 骗子，冒名顶替者,CET6_edited
frequency,ˈfriːkwənsɪ,n.,1. 次数，重复发生率 2. 频繁，频率，周率,CET6_edited
frequent,ˈfriːkwənt,adj.,1. 时常发生的，频繁的 2. 经常的，常见的,CET6_edited
friction,ˈfrɪkʃən,n.,摩擦(力)，冲突，不和,CET6_edited
fringe,frɪndʒ,n.,1. 刘海，额前短发 2. 饰边，流苏，穗子 3. 边缘，外围 v. 饰…的边，以…为界，围绕,CET6_edited
fuel,ˈfjuːəl,n.,燃料，养料  v. 给…加燃料，加油,CET6_edited
fulfill,fulˈfil,v.,1. 实行，完成 2. 实践，履行,CET6_edited
function,ˈfʌŋkʃən,n.,1. 功能，用途，职责 2. 官能，机能 3. 重大聚会，盛大的社交集会 v. 1. 活动，运转，工作 2. 行使职责，起作用 functional,CET6_edited
fund,fʌnd,n.,1.,CET6_edited
fund,fʌnd,,(pl)资金，存款，公债 2. 基金，专款，储备  v. 为…提供资金，资助，积累,CET6_edited
fundamental,ˌfʌndəˈmentəl,adj.,1. 基础的，基本的，重要的 2. 起始的，主要的，固有的  n.,CET6_edited
fundamental,ˌfʌndəˈmentəl,,(pl)基本原则(原理)，根本法则(规律)，纲要,CET6_edited
furious,ˈfjʊərɪəs,adj.,1. 狂怒的，暴怒的 2. 狂暴的，猛烈的，强烈的,CET6_edited
furnish,ˈfɜːnɪʃ,v.,供应，提供，为…配备家具,CET6_edited
furniture,ˈfɜːnɪtʃə,n.,家具,CET6_edited
furthermore,ˌfəːðəˈmɔː,adv.,再者，此外，并且,CET6_edited
fury,ˈfjʊərɪ,n.,1. 愤怒，狂怒 2. 狂暴，猛烈,CET6_edited
fusion,ˈfjuːʒən,n.,融合，熔合，聚变,CET6_edited
galaxy,ˈɡæləksɪ,n.,1. 星系  2.,CET6_edited
galaxy,ˈɡæləksɪ,,(cap)银河系 3. 一群(杰出或著名的人物),CET6_edited
gamble,ˈɡæmbl,v.,赌博，打赌 n. 赌博，投机，冒险,CET6_edited
garbage,ˈɡɑːbɪdʒ,n.,垃圾,CET6_edited
garment,ˈɡɑːmənt,n.,1.,CET6_edited
garment,ˈɡɑːmənt,,(一件)衣服(指长袍，外套)  2.,CET6_edited
garment,ˈɡɑːmənt,,(pl)服装，衣着 3. 外衣,CET6_edited
gasp,ɡɑːsp,v.,1. 喘气，喘息，透不过气 2. 气吁吁地说  n. 喘气，喘息,CET6_edited
gauge,ɡeɪdʒ,n.,1. 量具，量器 2. 规格，标准，尺度 v. 1. 量，测量 2. 估计，判定,CET6_edited
gaze,ɡeɪz,v.,凝视，注视，盯 n. 凝视，注视,CET6_edited
gear,ɡɪə,n.,1. 齿轮 2. 一套用具,CET6_edited
generalize,ˈdʒenәrәlaiz,v.,1. 一般化，概括，推广 2. 形成概念，笼统讲,CET6_edited
generate,ˈdʒenəreɪt,v.,使发生，引起，生成,CET6_edited
generous,ˈdʒenərəs,adj.,1. 宽宏大量的，慷慨的 2. 丰富的，丰盛的,CET6_edited
genetic,dʒɪˈnetɪk,adj.,遗传(学)的,CET6_edited
genuine,ˈdʒenjʊɪn,adj.,1. 真正的，名副其实的 2. 真诚的，坦率的 3. 纯血统的,CET6_edited
geology,dʒɪˈɒlədʒɪ,n.,地质学,CET6_edited
gigantic,dʒaɪˈɡæntɪk,adj.,巨大的，似巨人的,CET6_edited
giggle,ˈɡɪɡl,v.,吃吃地笑，咯咯地笑，傻笑,CET6_edited
given,ˈɡɪvən,prep.,考虑到 adj. 特定的，规定的,CET6_edited
glamour,ˈglæmә,n.,魅力，迷人的美，魔法 v. 迷惑,CET6_edited
glance,ɡlɑːns,v.,1. 一瞥，扫视 2. 闪光，闪耀 n. 一瞥，眼光,CET6_edited
gland,ɡlænd,n.,腺,CET6_edited
glare,ɡleə,v.,1. 瞪眼，怒视 2. 令人眩目地照射，闪耀  n. 1. 令人目眩的光，强烈的阳光 2. 瞪眼，怒视,CET6_edited
gleam,ɡliːm,n.,1. 微光，闪光，一线光明 2.,CET6_edited
gleam,ɡliːm,,(希望、机智等的)闪现 v. 闪烁，隐约闪光,CET6_edited
glide,ɡlaɪd,v.,&n. 1. 滑动，滑行 2. 滑翔,CET6_edited
glitter,ˈɡlɪtə,v.,&n. 闪光，反光,CET6_edited
gloom,ɡluːm,n.,1. 黑暗，幽暗 2. 忧郁，阴沉,CET6_edited
gloomy,ˈɡluːmɪ,adj.,1. 黑暗的，阴暗的，朦胧的 2. 令人沮丧的 3. 阴郁的，忧闷的，悲观的,CET6_edited
glow,ɡləʊ,v.,1. 发白热光，发光 2. 容光焕发，发热 n. 1. 白热光，光辉 2. 激情，热烈，兴高采烈,CET6_edited
gorgeous,ˈɡɔːdʒəs,adj.,1. 异常漂亮的，壮丽的 2. 令人愉快的,CET6_edited
gossip,ˈɡɒsɪp,v.,闲聊 n. 1. 闲谈，聊天，流言蜚语 2. 喜欢拨弄是非的人,CET6_edited
gown,ɡaʊn,n.,长袍，长外衣 v. 使穿长袍，使穿礼服,CET6_edited
gracious,ˈɡreɪʃəs,adj.,1. 宽厚的，仁慈的，和蔼的 2. 优美的，雅致的,CET6_edited
graduate,ˈɡrædʒʊeɪt,v.,1. 毕业 2. 取得资格  [ˈɡrædʒʊət] n. 毕业生  adj. 1. 毕了业的 2. 研究生的,CET6_edited
grain,ɡreɪn,n.,1. 谷物，谷类，粮食 2. 谷粒 3. 粒，细粒,CET6_edited
grant,ɡrɑːnt,v.,"同意，准予(补助等),授予(权利等) || take sth for granted认为某事当然  n. 同意，准许，授予",CET6_edited
graphic,ˈɡræfɪk,adj.,1. 生动的，详细的 2. 图的，图解的 3. 书写的,CET6_edited
graze,ɡreɪz,,v.,CET6_edited
graze,ɡreɪz,,(动物)吃草，放牧,CET6_edited
grease,ɡriːs,n.,动物脂，脂肪，润滑脂 v. 涂油脂于，用油脂润滑，使润滑,CET6_edited
grief,ɡriːf,n.,1. 悲痛，悲伤 2. 不幸，灾难，伤心事,CET6_edited
grieve,ɡriːv,v.,1. 感到悲痛，伤心 2. 使伤心，使悲痛,CET6_edited
grim,ɡrɪm,adj.,1. 严肃的，严厉的，可怕的 2. 严峻的，严酷的，冷酷的,CET6_edited
grin,ɡrɪn,v.,&n. 露齿笑，咧着嘴笑,CET6_edited
grip,ɡrɪp,n.,1. 紧握，紧咬，紧夹 2. 掌握，支配，控制 v. 1. 握(咬、夹)牢 2. 掌握，支配，控制,CET6_edited
groan,ɡrəʊn,v.,哼，呻吟 n. 呻吟声，哼声,CET6_edited
groove,ɡruːv,n.,沟，槽,CET6_edited
grope,ɡrəʊp,v.,1.,CET6_edited
grope,ɡrəʊp,,(暗中) 摸索 2. 探索 n. 摸索,CET6_edited
guarantee,ˌɡærənˈtiː,n.,保证，保证书 v. 保证，担保,CET6_edited
guardian,ˈɡɑːdɪən,n.,1. 保护人，监护人 2. 守卫者，保护者,CET6_edited
hamper,ˈhæmpə,v.,阻碍，妨碍,CET6_edited
handbook,ˈhændbʊk,n.,手册，指南,CET6_edited
handicap,ˈhændɪkæp,n.,1. 不利因素，障碍 2. 缺陷，残疾 v. . 1. 给…设置不利条件，妨碍 2. 使身心残障而不能正常活动(生活),CET6_edited
hardy,ˈhɑːdɪ,adj.,能吃苦耐劳的，强壮的，耐寒的,CET6_edited
harmony,ˈhɑːmənɪ,n.,1. 调和，一致，和谐 2. 和睦，友好,CET6_edited
hasty,ˈheɪstɪ,adj.,1. 仓促的，匆忙的 2. 轻率的，鲁莽的，性急的,CET6_edited
hatred,ˈheɪtrɪd,n.,仇恨，憎恶，敌意,CET6_edited
haul,hɔːl,v.,用力拖(拉) n. 1. 一网渔获量，一次得到的数量 2. 拖运的距离(路程),CET6_edited
haunt,hɔːnt,v.,出没，常去，萦绕 n.,CET6_edited
haunt,hɔːnt,,(usu pl)常去之处,CET6_edited
hazard,ˈhæzəd,n.,危险，冒险，危害物 v. 冒险提出，尝试，使担风险  hazardous,CET6_edited
heap,hiːp,n.,1.,CET6_edited
heap,hiːp,,(一)堆 2. 大量，许多 v. 堆积，堆起，积累,CET6_edited
heave,hiːv,v.,1. 举起，拉，拖 2. 投掷 3.,CET6_edited
heave,hiːv,,(有节奏地)起伏,CET6_edited
heel,hiːl,n.,1.,CET6_edited
heel,hiːl,,(足)跟，(鞋、袜等)后跟 2. 后部 || at sb’s heels; on sb’s heels紧跟在某人后面 v. 给(鞋)装跟，紧跟,CET6_edited
heighten,ˈhaɪtən,v.,1. 加高，提高 2. 增加，增大,CET6_edited
heir,eə,n.,后嗣，继承人,CET6_edited
hemisphere,ˈhemɪˌsfɪə,n.,1.,CET6_edited
hemisphere,ˈhemɪˌsfɪə,,(地球、天体的)半球，半球上所有的国家(居民) 2.,CET6_edited
hemisphere,ˈhemɪˌsfɪə,,(活动、知识等的)范围(领域),CET6_edited
henceforth,ˌhensˈfɔːθ,adv.,从今以后，今后,CET6_edited
herb,hɜːb,n.,草本植物，药草，香草,CET6_edited
heritage,ˈherɪtɪdʒ,n.,文化遗产，继承物,CET6_edited
hesitate,ˈhezɪteɪt,v.,1. 踌躇，犹豫，不愿意 2. 稍停，言语支吾,CET6_edited
hierarchy,ˈhaɪərɑːkɪ,n.,等级制度,CET6_edited
highlight,ˈhaɪlaɪt,n.,1. 最有意思(最精彩)的部分 2.,CET6_edited
highlight,ˈhaɪlaɪt,,(绘画、摄影等上的)亮部 v. 对…以特别的注意，强调,CET6_edited
hike,haɪk,n.,& v. 1. 远足，(作)徒步旅行 2. 提高，增加,CET6_edited
hinder,ˈhɪndə,v.,阻止，阻碍,CET6_edited
hinge,hɪndʒ,n.,1. 铰链，枢纽 2. 关键，转折点 v. 装上铰链，用铰链接合 || hinge on; hinge upon①靠铰链转动，附于②随…而定，取决于,CET6_edited
historian,hiˈstɒːriәn,n.,历史学家，记事者,CET6_edited
hitherto,hɪðəˈtuː,adv.,迄今，至此时,CET6_edited
hoist,hɔɪst,v.,&n. 提升，举起,CET6_edited
homogeneous,ˌhɒməˈdʒiːnɪəs,adj.,同种类的，同性质的，相似的,CET6_edited
hop,hɒp,,v.,CET6_edited
hop,hɒp,,(人)单脚跳，(鸟、蛙等)跳跃，跳上 n. 1. 跳(跃) 2.,CET6_edited
hop,hɒp,,(飞机)一次的航程,CET6_edited
hose,həʊz,n.,1. 软管，水龙带 2. 长筒袜，短筒袜，绑腿,CET6_edited
hospitality,ˌhɒspɪˈtælətɪ,n.,好客，殷勤的款待,CET6_edited
hostage,ˈhɒstɪdʒ,n.,人质，抵押品,CET6_edited
hostile,ˈhɒstaɪl,adj.,敌方的，敌意的，不友善的,CET6_edited
hound,haʊnd,n.,猎犬，猎狐狗 v. 烦扰，纠缠，追逼,CET6_edited
household,ˈhaʊshəʊld,n.,家庭，户 adj. 家庭的，家常的，普通的,CET6_edited
hover,ˈhɒvə,v.,飞翔，盘旋，徘徊,CET6_edited
howl,haʊl,v.,1. 吠，嚎叫，咆哮 2. 高叫，欢闹 3.,CET6_edited
howl,haʊl,,(风)呼啸,CET6_edited
huddle,ˈhʌdl,v.,聚在一起，挤作一团 n. 杂乱的一群,CET6_edited
hug,hʌɡ,v.,1. 拥抱，紧抱 2. 抱有，坚持(信仰、偏见等)  n. 热烈拥抱，紧抱，搂抱,CET6_edited
hum,hʌm,v.,发嗡嗡声，发哼哼声，哼(曲子) n. 嗡嗡声，哼哼声，嘈杂声,CET6_edited
humble,ˈhʌmbl,adj.,1. 谦卑的，恭顺的，谦逊的 2. 地位低下的，不显要的 v. 压低(地位、身份等)，使谦卑，使谦逊,CET6_edited
humidity,hjuːˈmɪdətɪ,n.,湿度，湿气,CET6_edited
hurl,hɜːl,v.,1. 丢，投，猛掷 2. 发射 3. 推翻，压倒 4. 叫嚷,CET6_edited
hurricane,ˈhʌrɪkən,n.,飓风，旋风,CET6_edited
hypothesis,haɪˈpɒθəsɪs,n.,假设，假定，假说,CET6_edited
hysterical,hɪˈsterɪkəl,adj.,歇斯底里的，有癔病的,CET6_edited
ideal,aɪˈdɪəl,adj.,1. 理想的，完美的 2. 空想的，不切实际的,CET6_edited
identical,aɪˈdentɪkəl,adj.,完全相同的，同一的,CET6_edited
identification,aɪˌdentɪfɪˈkeɪʃən,n.,1. 认明，确认，识别 2. 身份证明,CET6_edited
identify,aɪˈdentɪfaɪ,v.,认明，识别，认同，鉴定,CET6_edited
ideology,ˌaɪdɪˈɒlədʒɪ,n.,意识形态，思想意识,CET6_edited
idiom,ɪdɪəm,n.,成语，惯用语,CET6_edited
idiot,ˈɪdɪət,n.,傻子，白痴，低能的人 idiotic,CET6_edited
ignite,ɪɡˈnaɪt,,v.,CET6_edited
ignite,ɪɡˈnaɪt,,(使)燃烧，点燃,CET6_edited
ignore,ɪɡˈnɔː,v.,不理，漠视，忽视,CET6_edited
illegal,ɪˈliːɡəl,adj.,不合法的，非法的,CET6_edited
illuminate,ɪˈljuːmɪneɪt,v.,1. 照明，照射 2. 用灯装饰 3. 阐明，启发,CET6_edited
illusion,ɪˈluːʒən,n.,错觉，幻觉，幻想 illusive,CET6_edited
illustrate,ˈɪləstreɪt,v.,1.,CET6_edited
illustrate,ˈɪləstreɪt,,(举例)说明，表明 2. 以图作解，加入插图,CET6_edited
imaginary,ɪˈmædʒɪnərɪ,adj.,想像中的，假想的，虚构的,CET6_edited
imaginative,ɪˈmædʒɪnətɪv,adj.,富于想像力的，想像的,CET6_edited
imitate,ˈɪmɪteɪt,v.,1. 模仿，仿效 2. 效法，模拟，仿制,CET6_edited
imitation,ˌɪmɪˈteɪʃən,n.,1. 模仿，仿效，仿造 2. 仿制品，赝品,CET6_edited
immerse,ɪˈmɜːs,v.,浸入，沉浸于,CET6_edited
immigrant,ˈɪmɪɡrənt,,n.,CET6_edited
immigrant,ˈɪmɪɡrənt,,(外来的)移民，侨民 adj.,CET6_edited
immigrant,ˈɪmɪɡrənt,,(从国外)移来的，移民的，侨民的,CET6_edited
immune,ɪˈmjuːn,adj.,有免疫力的，不受影响的，获豁免的  immunity,CET6_edited
impact,ˈɪmpækt,n.,1. 冲击(力)，撞击 2. 影响，效果,CET6_edited
impair,ɪmˈpeə,v.,损害，削弱,CET6_edited
impart,ɪmˈpɑːt,v.,1. 传授，灌输，给予 2. 告知，通知,CET6_edited
impatient,ɪmˈpeɪʃənt,adj.,不耐烦的，焦急的，渴望的,CET6_edited
imperative,ɪmˈperətɪv,adj.,1. 急需的，绝对必要的 2. 命令(式)的，祈使的，强制的,CET6_edited
imperial,ɪmˈpɪərɪəl,adj.,王室的，帝国的，帝皇的,CET6_edited
impetus,ˈɪmpɪtəs,n.,推动(力)，刺激，促进,CET6_edited
implement,ˈɪmplɪmənt,v.,1. 实行，实施，执行 2. 完成，实现   n. 1. 工具，器具 2.,CET6_edited
implement,ˈɪmplɪmənt,,(pl)装备，家具，服装,CET6_edited
implication,ˌɪmplɪˈkeɪʃən,n.,1. 牵连，涉及，卷入 2. 暗示，暗指，含意,CET6_edited
implicit,ɪmˈplɪsɪt,adj.,1. 含蓄的，不明确的，不直接表明的 2. 绝对的，无疑问的,CET6_edited
imply,ɪmˈplaɪ,v.,1. 暗指，暗示 2. 意味要，必然包含,CET6_edited
impose,ɪmˈpəʊz,v.,1. 征(税)  2. 把…强加于 3. 利用，占便宜,CET6_edited
impulse,ˈɪmpʌls,n.,"1. 推动(力),驱使 2. 冲动，心血来潮",CET6_edited
inaugurate,ɪˈnɔːɡjʊreɪt,v.,1. 为…举行就职典礼，使正式就任，为…举行开幕式(落成典礼) 2. 开创，开展,CET6_edited
incentive,ɪnˈsentɪv,n.,刺激，鼓励，推动力,CET6_edited
incidence,ˈɪnsɪdəns,n.,发生率，影响范围,CET6_edited
incident,ˈɪnsɪdənt,n.,1. 事情，事件 2. 事故，事变,CET6_edited
incidentally,ˌɪnsɪˈdentəlɪ,adv.,1. 顺便提一句 2. 偶然地，不经意地,CET6_edited
incline,ɪnˈklaɪn,v.,1.,CET6_edited
incline,ɪnˈklaɪn,,(使)倾向(于)，意欲 2. 赞同，爱好 3. 趋向，趋势 4. 倾斜，弯腰 n. 斜坡，斜面,CET6_edited
inclusive,ɪnˈkluːsɪv,adj.,一切包括在内的，包含的,CET6_edited
incorporate,ɪnˈkɔːpəreɪt,v.,把…合并，并入，收编,CET6_edited
incredible,ɪnˈkredəbl,adj.,1. 难以置信的，不可思议的，精彩的 2. 不能相信的，不可信的,CET6_edited
incur,ɪnˈkɜː,v.,遭受，蒙受，招致,CET6_edited
indefinite,ɪnˈdefɪnɪt,adj.,1. 不明确的，模糊的，2. 不确定的，未定的，无限期的,CET6_edited
independence,ˌɪndɪˈpendəns,n.,独立，自主，自立,CET6_edited
indicative,ɪnˈdɪkətɪv,adj.,标示的，指示的，陈述的,CET6_edited
indifferent,ɪnˈdɪfrənt,adj.,1. 不感兴趣的，漠不关心的，冷淡的 2. 平常的，无关紧要的，不偏不倚的,CET6_edited
indignant,ɪnˈdɪɡnənt,adj.,愤慨的，愤愤不平的,CET6_edited
indignation,ˌɪndɪɡˈneɪʃən,n.,愤怒，愤慨，义愤,CET6_edited
indispensable,ˌɪndɪˈspensəbl,adj.,绝对需要的，不可或缺的,CET6_edited
individual,ˌɪndɪˈvɪdʒʊəl,n.,个人，个体 adj. 1. 单独的，个别的，个人的 2. 特有的，独特的,CET6_edited
induce,ɪnˈdjuːs,v.,1. 引诱，诱导，劝 2. 引起，导致,CET6_edited
indulge,ɪnˈdʌldʒ,v.,1. 纵容，放任 2. 沉迷，沉溺于,CET6_edited
industrial,ɪnˈdʌstrɪəl,adj.,工业的，产业的，实业的,CET6_edited
inertia,ɪˈnɜːʃə,n.,1. 无活力，迟钝，懒惰 2. 惰性，保守，惯性,CET6_edited
inevitable,ɪnˈevɪtəbl,adj.,不可避免的，预期的,CET6_edited
infant,ˈɪnfənt,n.,婴儿，幼儿,CET6_edited
infectious,ɪnˈfekʃəs,adj.,传染性的，有感染力的,CET6_edited
inferior,ɪnˈfɪərɪə,adj.,1.,CET6_edited
inferior,ɪnˈfɪərɪə,,(质量等)较劣的，次等的 2.,CET6_edited
inferior,ɪnˈfɪərɪə,,(地位等)下级的，低等的，低于,CET6_edited
infinite,ˈɪnfɪnət,adj.,1. 无限的，无穷的，无际的 2. 巨大的，无数的,CET6_edited
inflict,ɪnˈflɪkt,v.,1. 予以(打击)，使遭受，强加于 2. 施(刑)，处(罚),CET6_edited
ingenious,ɪnˈdʒiːnɪəs,adj.,1. 心灵手巧的，精巧的 2. 有创造性的,CET6_edited
ingredient,ɪnˈɡriːdɪənt,n.,1.,CET6_edited
ingredient,ɪnˈɡriːdɪənt,,(混合物的)组成成分，(烹调的)原料，配料 2. 要素,CET6_edited
inhabit,ɪnˈhæbɪt,v.,居住于，栖息于,CET6_edited
inhabitant,ɪnˈhæbɪtənt,n.,居民，栖居的动物,CET6_edited
inherent,ɪnˈhɪərənt,adj.,固有的，内在的，天生的,CET6_edited
inherit,ɪnˈherɪt,v.,"继承(财产等),从(前人等)接过，得到",CET6_edited
inhibit,ɪnˈhɪbɪt,v.,抑制，阻碍，约束,CET6_edited
initial,ɪˈnɪʃəl,adj.,开始的，最初的，词首的 n. 1. 首字母 2.,CET6_edited
initial,ɪˈnɪʃəl,,(pl)姓名(组织机构)的开头字母,CET6_edited
initiate,ɪˈnɪʃɪeɪt,v.,1. 开始实施，创始，发起 2. 介绍(接纳)某人加入(某团体)，传授基  本要领(秘密知识),CET6_edited
initiative,ɪˈnɪʃətɪv,adj.,起始的，初步的，创始的 n. 1. 进取心，首创精神，倡议 2. 主动性，主动权 || on one’s own initiative主动地 /take the initiative采取主动，首先采取行动,CET6_edited
inject,ɪnˈdʒekt,v.,1. 注射，注入 2. 插(话) 3. 引入,CET6_edited
inland,ˈɪnlənd,adj.,内地的，内陆的 adv. 在内地，在内陆，向内地，向内陆  n. 内地，内陆,CET6_edited
inlet,ˈɪnlet,n.,1. 湾，水湾 2. 入口，进口,CET6_edited
innovation,ˌɪnəˈveɪʃən,n.,1. 革新，创新 2. 新方法，新发明,CET6_edited
innumerable,ɪˈnjuːmərəbl,adj.,无数的，数不清的,CET6_edited
input,ˈɪnpʊt,n.,输入(信息、程序等)，投入  v. 输入,CET6_edited
insane,ɪnˈseɪn,adj.,疯狂的，精神失常的，荒唐的,CET6_edited
insect,ˈɪnsekt,n.,昆虫,CET6_edited
insert,ɪnˈsɜːt,v.,插入，嵌入，添加 n. 插页，插入物,CET6_edited
insight,ˈɪnsaɪt,n.,洞察力，深入了解，洞悉,CET6_edited
insist,ɪnˈsɪst,v.,1. 坚持，坚决认为 2. 坚决要求，强调,CET6_edited
inspiration,ˌɪnspəˈreɪʃən,n.,1. 鼓舞人心的人(物)，激发 2. 灵感，启示，妙计,CET6_edited
inspire,ɪnˈspaɪə,v.,1. 鼓舞，激发，激励 2. 鼓动，驱使，激起灵感,CET6_edited
install,ɪnˈstɔːl,v.,1. 安装，设置 2. 安顿，安置 3. 正式任命，任用,CET6_edited
installment,inˈstɒːlmәnt,n.,1. 就职，装设 2. 分期付款,CET6_edited
instance,ˈɪnstəns,n.,例子，实例 || for instance例如，比如 /,CET6_edited
instance,ˈɪnstəns,in,the first instance首先，第一，最初,CET6_edited
instantaneous,ˌɪnstənˈteɪnɪəs,adj.,瞬间发生的，立即的，即时的,CET6_edited
instinct,ˈɪnstɪŋkt,n.,1. 本能，天性，直觉 2. 天资，天赋,CET6_edited
institute,ˈɪnstɪtjuːt,n.,1. 协会，学会，机构 2. 科研所，学院，研究院  v. 建立，设立，制定,CET6_edited
institution,ˌɪnstɪˈtjuːʃən,n.,1.,CET6_edited
institution,ˌɪnstɪˈtjuːʃən,,(教育、慈善、医院等)社会公共机构 2. 建立，设立，制定 3. 制度，惯例，习俗,CET6_edited
instruct,ɪnˈstrʌkt,v.,1. 教育，指导，讲授 2. 通知 3. 指示，命令,CET6_edited
instrument,ˈɪnstrʊmənt,n.,1. 乐器 2. 仪器，器械，器具 3. 手段,CET6_edited
instrumental,ˌɪnstrʊˈmentəl,adj.,1. 有助的，起作用的 2. 仪器的，用乐器演奏的,CET6_edited
insulate,ˈɪnsjʊleɪt,v.,1. 隔离，使孤立 2. 使绝缘，使隔绝(热、声音等),CET6_edited
insurance,ɪnˈʃʊrəns,n.,1. 安全保障 2. 保险，保险业，保险费,CET6_edited
intact,ɪnˈtækt,adj.,无损伤的，完整的，完好无缺的,CET6_edited
integral,ˈɪntɪɡrəl,adj.,不可或缺的，构成整体所必需的，完整的,CET6_edited
integrity,ɪnˈteɡrətɪ,n.,1. 完整，完全，完善 2. 正直，诚实，廉正,CET6_edited
intellect,ˈɪntəlekt,n.,智力，思考能力,CET6_edited
intellectual,ˌɪntɪˈlektʃʊəl,n.,知识分子，有理智的人 adj. 智力(发达)的，理智方面的，有知识的,CET6_edited
intelligent,ɪnˈtelɪdʒənt,adj.,聪明的，理智的，明智的,CET6_edited
intelligible,ɪnˈtelɪdʒəbl,adj.,可理解的，易于明白的,CET6_edited
intense,ɪnˈtens,adj.,1. 强烈的，剧烈的 2. 热切的，热情的 3. 认真的，紧张的,CET6_edited
intensify,ɪnˈtensɪfaɪ,v.,加强，增强，加剧,CET6_edited
intensive,ɪnˈtensɪv,adj.,1. 加强的，集中的，深入细致的 2. 精耕细作的,CET6_edited
intent,ɪnˈtent,n.,1. 意图，目的 2. 意义，含义 || to all intents and purposes在任何一方面，实际上 adj. 1.,CET6_edited
intent,ɪnˈtent,,(目光等)不转移的，集中的，热切的 2. 专心致志的，坚决的,CET6_edited
interact,ˌɪntərˈækt,v.,相互作用，相互影响,CET6_edited
interaction,ˌɪntərˈækʃən,n.,相互作用，相互影响,CET6_edited
intercourse,ˈɪntəkɔːs,n.,交往，交际，交流,CET6_edited
interfere,ˌɪntəˈfɪə,v.,1. 干涉，干预，介入 2. 妨碍，阻挠，打扰,CET6_edited
interim,ˈɪntərɪm,adj.,暂时的，临时的，中期的，过渡时期的,CET6_edited
intermittent,ˌɪntəˈmɪtənt,adj.,断续的，间歇的,CET6_edited
internal,ɪnˈtɜːnəl,adj.,1. 内部的，内政的，国内的 2. 内在的，本质的,CET6_edited
interpret,ɪnˈtɜːprɪt,v.,1. 解释，说明 2. 了解，理解，体现 3. 传译，担任口译,CET6_edited
interrupt,ˌɪntəˈrʌpt,v.,1. 打断，中止，打扰 2. 中断，阻碍,CET6_edited
intersection,ˌɪntəˈsekʃən,n.,1. 横断，交叉，相交 2. 交叉路口，十字路口 3. 交点,CET6_edited
intervene,ˌɪntəˈviːn,v.,1. 进入，介入，在其间 2. 干涉，干预,CET6_edited
intimidate,ɪnˈtɪmɪdeɪt,v.,恫吓，恐吓，威胁,CET6_edited
intricate,ˈɪntrɪkət,adj.,细节繁多的，错综复杂的,CET6_edited
intrigue,ɪnˈtriːɡ,v.,1. 耍阴谋诡计，密谋 2. 激起…的兴趣(好奇心)  n. 密谋，诡计,CET6_edited
intrinsic,ɪnˈtrɪnsɪk,adj.,固有的，内在的，本质的,CET6_edited
intuition,ˌɪntjuːˈɪʃən,,h·直觉，直观,CET6_edited
invaluable,ɪnˈvæljʊəbl,adj.,无价的，非常宝贵的，极贵重的,CET6_edited
invariably,inˈvєәriәbli,adv.,不变化地，恒定地，始终如一地,CET6_edited
inventory,ˈɪnvəntərɪ,,n.,CET6_edited
inventory,ˈɪnvəntərɪ,,(商品的)目录，清单，盘存,CET6_edited
invert,ɪnˈvɜːt,v.,倒置，颠倒,CET6_edited
invest,ɪnˈvest,v.,1. 投资，投入(时间、精力等)，耗费 2. 授予(权利、权力等),CET6_edited
investigate,ɪnˈvestɪɡeɪt,v.,调查，调查研究，审查,CET6_edited
invisible,ɪnˈvɪzəbl,adj.,看不见的，无形的，隐匿的,CET6_edited
involve,ɪnˈvɒlv,v.,1. 涉及，使卷入，连累 2. 包括，包围，需要,CET6_edited
irony,ˈaɪərənɪ,n.,1. 反语(法)，冷嘲，讥讽 2. 有讽刺意味的情况、事情等,CET6_edited
irrespective,ˌɪrɪˈspektɪv,adv.,不考虑，不顾及  || irrespective of不顾，不论,CET6_edited
irrigation,ˌɪrɪˈɡeɪʃən,n.,1. 灌溉，水利 2. 冲洗法,CET6_edited
irritate,ˈɪrɪteɪt,v.,1. 激怒，使烦躁 2. 使不舒服，刺激,CET6_edited
isle,aɪl,n.,岛,CET6_edited
isolate,ˈaɪsəleɪt,v.,隔离，孤立，使脱离,CET6_edited
issue,ˈɪʃuː,v.,1.,CET6_edited
issue,ˈɪʃuː,,(报刊等)发行，发布，颁布 2. 排出，(使)流出 3. 分配 n. 1. 发行物，(报刊)期号 2. 问题，议题，争论点 3.,CET6_edited
issue,ˈɪʃuː,,(水、血等)流出，放出 4. 河口，出口,CET6_edited
item,ˈaɪtəm,n.,1. 条，项目，条款 2.,CET6_edited
item,ˈaɪtəm,,(新闻等的)一条，一则,CET6_edited
ivory,ˈaɪvərɪ,n.,1. 象牙，牙质 2. 象牙色，乳白色 adj. 象牙制的，象牙色的，乳白色的,CET6_edited
jeopardize,ˈdʒepәdaiz,v.,危害，使受危困，使陷危地,CET6_edited
jerk,dʒɜːk,n.,& v. 猛地摇晃，急拉，急抽,CET6_edited
jog,dʒɒɡ,v.,1. 慢跑，缓步跑 2. 轻撞，轻推,CET6_edited
junction,ˈdʒʌŋkʃən,n.,交汇处，回合点,CET6_edited
junk,dʒʌŋk,n.,1. 无用的或无价值的东西 2. 废旧杂物,CET6_edited
jury,ˈdʒʊərɪ,n.,1. 陪审团  2.,CET6_edited
jury,ˈdʒʊərɪ,,(竞赛时的)评委会,CET6_edited
keen,kiːn,adj.,1. 激烈的，强烈的 2. 热心的，渴望的 3. 敏锐的，敏捷的 4. 锋利的，刺人的,CET6_edited
kidnap,ˈkɪdnæp,v.,诱拐(小孩等)，绑架,CET6_edited
kidney,ˈkɪdnɪ,n.,1. 肾脏  2. 性格，脾气,CET6_edited
kit,kɪt,n.,1. 随身携带物(如衣服、工具等) 2. 配套元件，成套用品(工具),CET6_edited
knit,nɪt,v.,1. 编结，针织 2. 使密接，结合,CET6_edited
knob,nɒb,,n.,CET6_edited
knob,nɒb,,(门、抽屉等的)球形捏手,CET6_edited
label,ˈleɪbl,n.,1. 标签，标贴 2. 标记，符号 v. 1. 贴标签于 2. 把…称为，把…列为,CET6_edited
lace,leɪs,n.,1. 花边 2. 鞋带，带子 v. 1. 用带子绑紧 2. 镶花边于,CET6_edited
lame,leɪm,adj.,1. 跛的，残废的 2. 站不住脚的，理由不足的  v. 1. 使跛 2. 使变得无用,CET6_edited
lane,leɪn,n.,1. 小巷，小径 2. 车道，行车线 3.,CET6_edited
lane,leɪn,,(船或飞机的)航道 4.,CET6_edited
lane,leɪn,,(田径赛的)跑道,CET6_edited
lash,læʃ,v.,1. 鞭打 2. 急速挥动，急速扭动 n. 1. 鞭打 2. 眼睫毛,CET6_edited
latent,ˈleɪtənt,adj.,潜伏的，隐藏的,CET6_edited
latitude,ˈlætɪtjuːd,n.,纬度，纬线,CET6_edited
layer,ˈleɪə,n.,层，地层，阶层,CET6_edited
layman,ˈleɪmən,n.,门外汉,CET6_edited
leaflet,ˈliːflɪt,n.,1. 小册子 2. 散页印刷品，传单,CET6_edited
lease,liːs,n.,租赁，租约 v. 出租，租得,CET6_edited
leather,ˈleðə,n.,皮革，皮革制品 adj. 皮革的，皮革制的,CET6_edited
legal,ˈliːɡəl,adj.,1. 法律上的 2. 合法的 3. 法定的,CET6_edited
legend,ˈledʒənd,n.,1. 传奇(故事)，传说 2. 传说中的人 (或事),CET6_edited
legislation,ˌledʒɪsˈleɪʃən,n.,立法，制定法律,CET6_edited
legitimate,lɪˈdʒɪtɪmɪt,adj.,1. 合法的，法律认可的 2. 合乎逻辑的  v. 使合法,CET6_edited
leisure,ˈleʒə,n.,空闲，悠闲  || at leisure①空闲的②悠闲的 /at one's leisure当…有空的时候,CET6_edited
lens,lenz,n.,1. 透镜 2.,CET6_edited
lens,lenz,,(眼球的)晶状体 3. 隐形眼镜,CET6_edited
lever,ˈliːvə,n.,1. 杠杆 2. 手段  v. 用杠杆撬动,CET6_edited
levy,ˈlevɪ,v.,征收(税等),CET6_edited
liability,laiәˈbiliti,n.,责任，义务，负债,CET6_edited
liable,ˈlaɪəbl,adj.,1. 有法律责任的，有义务的 2. 易于…的，有…倾向的  liability,CET6_edited
liberal,ˈlɪbərəl,adj.,1. 宽容大度的 2. 慷慨的，大量的 3. 自由的，随便的 4. 开朗的,CET6_edited
lieutenant,lefˈtenənt,n.,1. 尉级军官 2. 副官,CET6_edited
likelihood,'laɪklɪhʊd,n.,可能，可能性,CET6_edited
limb,lɪm,n.,1. 肢，腿，臂 2. 树枝,CET6_edited
limitation,ˌlimiˈteiʃәn,n.,限制，缺陷，限额,CET6_edited
linear,ˈlɪnɪə,adj.,1. 线的，直线的，线状的 2. 长度的,CET6_edited
linen,ˈlɪnɪn,n.,1. 亚麻布 2. 床单，被单，桌布等,CET6_edited
linger,ˈlɪŋɡə,v.,逗留，徘徊,CET6_edited
literacy,ˈlɪtərəsɪ,n.,识字，会读会写，有学识,CET6_edited
literal,ˈlɪtərəl,adj.,1. 逐字的 2. 字面的，原义的,CET6_edited
literary,ˈlɪtərərɪ,adj.,文学(上)的,CET6_edited
literature,ˈlɪtrətʃə,n.,1. 文学(作品) 2. 文献,CET6_edited
litter,ˈlɪtə,n.,1. 乱丢的废弃物 2. 一胎所生的小动物 v. 在…上乱丢东西，乱丢,CET6_edited
locality,ləʊˈkælətɪ,n.,位置，地点，现场,CET6_edited
locomotive,ˌləʊkəˈməʊtɪv,adj.,移动的，机动的 n. 火车头,CET6_edited
lofty,ˈlɒftɪ,adj.,1.,CET6_edited
lofty,ˈlɒftɪ,,(思想等)崇高的 2. 高耸的 3. 高傲的 loftily，loftiness,CET6_edited
logical,ˈlɒdʒɪkəl,adj.,符合逻辑的，逻辑上的,CET6_edited
longevity,lɒnˈdʒevətɪ,n.,长寿，长命,CET6_edited
lounge,laʊndʒ,n.,休息室 v. 1. 懒洋洋地靠坐着 2. 闲逛，混时间,CET6_edited
loyal,ˈlɔɪəl,adj.,忠诚的，忠实的,CET6_edited
loyalty,ˈlɔɪəltɪ,n.,忠实，忠贞,CET6_edited
lubricate,ˈluːbrɪkeɪt,v.,1. 使润滑，给…上油 2. 起润滑作用,CET6_edited
luggage,ˈlʌɡɪdʒ,n.,行李,CET6_edited
luminous,ˈluːmɪnəs,adj.,发光的，光亮的,CET6_edited
lunar,ˈluːnə,adj.,月的，月球的，阴历的,CET6_edited
lure,ljʊə,n.,引诱物，诱惑力 v. 引诱，诱惑,CET6_edited
luxury,ˈlʌkʃərɪ,n.,1. 奢侈 2. 奢侈品 3. 豪华,CET6_edited
machinery,məˈʃiːnərɪ,n.,1.,CET6_edited
machinery,məˈʃiːnərɪ,,(总称)机器，机械 2.,CET6_edited
machinery,məˈʃiːnərɪ,,(政府、政党等)机构,CET6_edited
magistrate,ˈmædʒistreit,n.,地方法官，治安法庭法官,CET6_edited
magnet,ˈmæɡnɪt,n.,1. 磁铁，磁石 2. 有吸引力的人(物),CET6_edited
magnetic,mæɡˈnetɪk,adj.,1. 磁的，有磁性的 2. 有吸引力的，有魅力的,CET6_edited
magnificent,mæɡˈnɪfɪsənt,adj.,富丽堂皇的，宏伟的，极好的,CET6_edited
magnify,ˈmæɡnɪfaɪ,v.,1. 放大，扩大 2. 夸大,CET6_edited
magnitude,ˈmæɡnɪtjuːd,n.,1. 巨大，庞大 2. 重要性，重大 3. 大小，量，亮度,CET6_edited
maintain,meɪnˈteɪn,v.,1. 维修，保养 2. 赡养，供养 3. 保持 4. 坚持认为，主张,CET6_edited
majesty,ˈmædʒəstɪ,n.,1.,CET6_edited
majesty,ˈmædʒəstɪ,,(cap)陛下(对国王或王后的称呼) 2. 宏伟，庄严,CET6_edited
majority,məˈdʒɒrətɪ,n.,大部分，大多数,CET6_edited
mall,mɔːl,n.,购物中心,CET6_edited
management,ˈmænɪdʒmənt,n.,1. 管理，经营 2. 主管人员，管理部门,CET6_edited
maneuver,mәˈnuːvә,n.,演习，调遣，策略 v. 调遣，演习，用计,CET6_edited
manifest,ˈmænɪfest,adj.,明显的，易明白的 v. 表明，显示,CET6_edited
manipulate,məˈnɪpjʊleɪt,v.,1. 熟练地使用，巧妙地处理 2. 操纵，摆布,CET6_edited
mansion,ˈmænʃən,n.,1. 大厦 2. 宅第，公馆,CET6_edited
manual,ˈmænjʊəl,adj.,1. 手工的，用手的 2. 体力的 n. 手册，指南,CET6_edited
manufacture,ˌmænjʊˈfktʃə,,v.,CET6_edited
manufacture,ˌmænjʊˈfktʃə,,(用机器大量)生产，制造  n. 制造，制造业，(pl)产品,CET6_edited
manufacturer,ˌmænjuˈfæktʃәrә,n.,制造业者，厂商，制造商,CET6_edited
manuscript,ˈmænjʊskrɪpt,n.,手稿，原稿,CET6_edited
marble,ˈmɑːbl,n.,大理石 adj. 大理石的，大理石般的,CET6_edited
margin,ˈmɑːdʒɪn,n.,1. 页边的空白处 2. 余额，富裕 3. 边界，边缘地区,CET6_edited
marginal,ˈmɑːdʒɪnəl,adj.,1. 空白边缘的，栏外的 2. 微小的，少量的，微不足道的 3. 边缘的,CET6_edited
marsh,mɑːʃ,n.,沼泽，沼泽地区,CET6_edited
marshal,ˈmɑːʃəl,n.,元帅  v. 整理，排列,CET6_edited
masculine,ˈmæskjʊlɪn,adj.,1. 男性的，有男子气的 2. 阳性的,CET6_edited
mask,mɑːsk,n.,面罩，假面具 v. 掩饰，伪装,CET6_edited
mass,mæs,n.,1. 一大块，大堆 2. 许多，大量 3. 群众，民众 adj. 群众的，大规模的 || mass media(电视、报纸等)大众传播媒体,CET6_edited
massacre,ˈmæsəkə,n.,& v. 大屠杀,CET6_edited
massive,ˈmæsɪv,adj.,1. 巨大的，大而结实的 2. 大量的，大规模的，强大的,CET6_edited
masterpiece,ˈmɑːstəpiːs,n.,杰作，代表作,CET6_edited
mature,məˈtjʊə,adj.,成熟的，理智的  v.,CET6_edited
mature,məˈtjʊə,,(使)成熟 maturity,CET6_edited
maximum,ˈmæksɪməm,n.,最大值，顶点 adj. 最大的，最高的，最多的,CET6_edited
meadow,ˈmedəʊ,n.,草地，牧地,CET6_edited
mechanical,mɪˈkænɪkəl,adj.,1. 机械的，靠机械的，机械制造的 2. 机械的，呆板的,CET6_edited
mediate,ˈmiːdɪeɪt,v.,调停，斡旋,CET6_edited
medieval,ˌmedɪˈiːvəl,adj.,中世纪的,CET6_edited
medium,ˈmiːdɪəm,adj.,中等的，适中的 n. 1. 媒介，方法，手段 2. 中间，中庸,CET6_edited
melody,ˈmelədɪ,n.,旋律，曲调，美妙的音乐,CET6_edited
melt,melt,v.,1.,CET6_edited
melt,melt,,(使)融化，(使)熔化 2.,CET6_edited
melt,melt,,(使)消散，(使)消失 3.,CET6_edited
melt,melt,,(态度等)软化,CET6_edited
memorize,ˈmemәraiz,v.,记住，熟记,CET6_edited
menace,ˈmenəs,n.,1. 威胁，危险 2. 讨厌的人(或物)  v. 威胁,CET6_edited
mental,ˈmentəl,adj.,1. 心智的，思想的 2. 精神病的,CET6_edited
mercury,ˈmɜːkjʊrɪ,n.,1. 水银(柱) 2.,CET6_edited
mercury,ˈmɜːkjʊrɪ,,(cap)水星,CET6_edited
mere,mɪə,adj.,1. 仅仅，只不过 2. 纯粹的,CET6_edited
merely,ˈmɪəlɪ,adv.,仅，只不过,CET6_edited
merge,mɜːdʒ,,v.,CET6_edited
merge,mɜːdʒ,,(使)合并，(使)并入,CET6_edited
merit,ˈmerɪt,n.,优点，长处，功绩，功劳 v. 应得到，值得,CET6_edited
messenger,ˈmesɪndʒə,n.,1. 信使，使者 2. 通信员，传令兵,CET6_edited
metallic,mɪˈtælɪk,adj.,金属(性)的，金属制的,CET6_edited
metropolitan,ˌmetrəˈpɒlɪtən,adj.,大都市的，首都的,CET6_edited
midst,mɪdst,n.,中部，中间 || in the midst of在…之中,CET6_edited
migrant,ˈmaɪɡrənt,n.,移民，候鸟,CET6_edited
migrate,maɪˈɡreɪt,,v.,CET6_edited
migrate,maɪˈɡreɪt,,(鸟等)定期迁徙，移居，迁移,CET6_edited
mild,maɪld,adj.,1. 温和的 2. 温暖的 3. 味淡的 4. 轻微的,CET6_edited
militant,ˈmɪlɪtənt,adj.,好斗的，富有战斗精神的 n. 好斗的人，富有战斗精神的人,CET6_edited
military,ˈmɪlɪtərɪ,adj.,军事的，军用的，军人的 n. 军人，军方,CET6_edited
millionaire,ˌmɪljəˈneə,n.,百万富翁，巨富,CET6_edited
mingle,ˈmɪŋɡl,v.,使混合，混入,CET6_edited
miniature,ˈmɪnətʃə,n.,缩样，缩影 adj. 小型的，微小的,CET6_edited
minibus,ˈmɪnɪbʌs,n.,小型公共汽车，小巴,CET6_edited
minimal,ˈminiml,a.,最小的，最低限度的,CET6_edited
minimize,ˈminimaiz,v.,将……减到最少，最小化,CET6_edited
minimum,ˈmɪnɪməm,n.,"&adj. 最小量(的),最低限度(的)",CET6_edited
minority,maɪˈnɒrətɪ,n.,少数，少数派，少数民族,CET6_edited
misery,ˈmɪzərɪ,n.,痛苦，悲惨,CET6_edited
misfortune,ˌmɪsˈfɔːtʃən,n.,厄运，不幸,CET6_edited
mission,ˈmɪʃən,n.,1. 使命，任务 2. 代表团，特使团,CET6_edited
missionary,ˈmɪʃənrɪ,n.,传教士,CET6_edited
mistress,ˈmɪstrɪs,n.,1. 女主人，老板娘 2. 情妇,CET6_edited
moan,məʊn,v.,1. 呻吟 2. 抱怨 n. 1. 呻吟(声)，呜咽(声) 2. 抱怨,CET6_edited
mob,mɒb,n.,1. 喧嚷的群众 2. 暴民，暴徒,CET6_edited
mobile,ˈməʊbaɪl,adj.,可移动的，机动的 || mobile phone 移动电话,CET6_edited
mobilize,ˈmәubilaiz,v.,动员，调动，使流通,CET6_edited
mock,mɒk,v.,&n. 嘲笑，嘲弄,CET6_edited
modest,ˈmɒdɪst,adj.,1. 谦虚的 2. 适度的，不过分的 3. 端庄的 4. 朴素的,CET6_edited
modify,ˈmɒdɪfaɪ,v.,1.,CET6_edited
modify,ˈmɒdɪfaɪ,,(略微)修改，变更 2. 调节，缓和 3.,CET6_edited
modify,ˈmɒdɪfaɪ,,(形容词或副词的)修饰,CET6_edited
module,ˈmɒdjuːl,,n.,CET6_edited
module,ˈmɒdjuːl,,(太空船上的)舱,CET6_edited
molecule,ˈmɒlɪkjuːl,n.,分子，微粒,CET6_edited
momentum,məʊˈmentəm,n.,1. 动力，冲力，势头 2. 动量,CET6_edited
monetary,ˈmʌnɪtərɪ,adj.,货币的，金钱的，金融的,CET6_edited
monitor,ˈmɒnɪtə,v.,监听，监视 n. 1. 显示屏，监护仪 2. 监听员 3. 班长,CET6_edited
monopoly,məˈnɒpəlɪ,n.,垄断，独占，专卖(权),CET6_edited
monster,ˈmɒnstə,n.,1. 怪物，怪兽，庞然大物 2. 凶残的人  adj. 巨大的，像怪物的,CET6_edited
moral,ˈmɒrəl,adj.,道德上的，有道德的 n.,CET6_edited
moral,ˈmɒrəl,,(故事等的)教训，寓意,CET6_edited
morality,məˈrælətɪ,n.,道德，教训，寓意,CET6_edited
moreover,mɔːˈrəʊvə,adv.,此外，而且,CET6_edited
mortal,ˈmɔːtəl,adj.,1. 终有一死的 2. 人类的，凡人的 3. 致命的  n. 凡人,CET6_edited
mortgage,ˈmɔːɡɪdʒ,n.,1. 抵押，抵押借款 2. 抵押契据，按揭,CET6_edited
motel,məʊˈtel,n.,汽车旅馆,CET6_edited
motivate,ˈməʊtɪveɪt,v.,促动，激发，作为…的动机,CET6_edited
motive,ˈməʊtɪv,n.,动机，目的,CET6_edited
mourn,mɔːn,v.,为…哀痛，哀悼,CET6_edited
muddy,ˈmʌdɪ,adj.,1. 泥泞的，多泥的 2. 浑浊的，模糊的 3. 糊涂的,CET6_edited
multiple,ˈmʌltɪpl,adj.,多重的，复合的，多倍的 n. 倍数,CET6_edited
multiply,ˈmʌltɪplaɪ,v.,1. 使相乘 2. 增多 3. 繁殖，增殖,CET6_edited
multitude,ˈmʌltɪtjuːd,n.,1. 众多，量 2. 大群(人)，大众,CET6_edited
municipal,mjuːˈnɪsɪpl,adj.,都市的，市政的,CET6_edited
murmur,ˈmɜːmə,n.,1. 沙沙声，潺潺声 2. 怨言，咕哝 3. 低语声  v. 1. 低声说 2. 发低沉连续的声音 3. 咕哝，抱怨,CET6_edited
muscular,ˈmʌskjʊlə,adj.,1. 肌肉的 2. 肌肉发达的，强而有力的,CET6_edited
mute,mjuːt,adj.,沉默的，不说话的 n. 哑巴,CET6_edited
mutter,ˈmʌtə,v.,喃喃低语，抱怨,CET6_edited
mutual,ˈmjuːtʃʊəl,adj.,1. 相互的 2. 共同的，共有的,CET6_edited
myth,mɪθ,n.,1. 神话 2. 神话式的人(或物) 3. 虚构的故事，荒诞的说法,CET6_edited
naive,nɑːˈiːv,adj.,幼稚的，无知的，天真的,CET6_edited
napkin,ˈnæpkɪn,n.,餐巾,CET6_edited
narrative,ˈnærətɪv,adj.,叙述的，叙事体的 n. 1. 叙述， 记事 2. 叙述手法,CET6_edited
nasty,ˈnɑːstɪ,adj.,1. 令人讨厌的 2.,CET6_edited
nasty,ˈnɑːstɪ,,(气味等)令人作呕的 3. 卑鄙的 nastily,CET6_edited
navigation,ˌnævɪˈɡeɪʃən,n.,1. 航行 2. 航海，航空,CET6_edited
necessitate,nɪˈsesɪteɪt,v.,使成为需要，使成为必须,CET6_edited
negative,ˈneɡətɪv,adj.,1. 否定的 2. 消极的 3.,CET6_edited
negative,ˈneɡətɪv,,(电)负极的 n. 1. 否定词，否定语 2. 底片,CET6_edited
neglect,nɪˈɡlekt,v.,1. 忽略，忽视 2. 遗忘(做某事),CET6_edited
negligible,ˈneɡlɪdʒəbl,adj.,微不足道的，可以忽略的,CET6_edited
negotiate,nɪˈɡəʊʃɪeɪt,v.,谈判，协商,CET6_edited
neutral,ˈnjuːtrəl,adj.,中立的，中性的,CET6_edited
nickel,ˈnɪkəl,n.,1. 镍 2.,CET6_edited
nickel,ˈnɪkəl,,(AmE)五分硬币,CET6_edited
nickname,ˈnɪkneɪm,n.,绰号，爱称,CET6_edited
nil,nil,n.,无，全无，零,CET6_edited
nominal,ˈnɒmɪnəl,adj.,1. 名义上的 2. 极小的，微薄的  3. 名词(性)的,CET6_edited
nominate,ˈnɒmɪneɪt,v.,1. 提名 2. 任命 3. 命名,CET6_edited
nonetheless,ˌnʌnðəˈles,adv.,尽管如此，然而,CET6_edited
norm,nɔːm,n.,1. 标准，规范，准则 2.,CET6_edited
norm,nɔːm,,(工作量)定额,CET6_edited
notable,ˈnəʊtəbl,adj.,值得注意的，显著的 notably,CET6_edited
notation,nəʊˈteɪʃən,n.,1. 记号，标记法 2. 记录,CET6_edited
notify,ˈnəʊtɪfaɪ,,v.,CET6_edited
notify,ˈnəʊtɪfaɪ,,(正式)通知(某人)，告知,CET6_edited
notion,ˈnəʊʃən,n.,1. 概念，观念 2. 想法，见解 3. 打算，意图,CET6_edited
notorious,nəʊˈtɔːrɪəs,adj.,臭名昭著的，声名狼藉的,CET6_edited
notwithstanding,ˌnɒtwɪθˈstændɪŋ,adv.,&prep. 尽管，还是,CET6_edited
nourish,ˈnʌrɪʃ,v.,1. 滋养，养育 2. 怀有(希望，怨恨等),CET6_edited
novelty,ˈnɒvəltɪ,n.,1. 新颖 2. 新颖的事物  3. 新颖而价廉的小物件,CET6_edited
numerical,njuːˈmerɪkəl,adj.,数字(上)的，用数字表示的,CET6_edited
numerous,ˈnjuːmərəs,adj.,大量的，为数众多的,CET6_edited
nurture,ˈnɜːtʃə,v.,1. 养育，教育 2. 培育，扶植,CET6_edited
nutrition,njuːˈtrɪʃən,n.,1. 营养，滋养 2. 营养物，食物,CET6_edited
oak,əʊk,n.,橡树,CET6_edited
oath,əʊθ,n.,1. 誓言 2. 辱骂 || on oath; under oath发誓说真话,CET6_edited
obedient,əˈbiːdɪənt,adj.,顺从的，顺从的，听话的,CET6_edited
objection,əbˈdʒekʃən,n.,1. 反对，异议 2. 反对的理由,CET6_edited
obligation,ˌɒblɪˈɡeɪʃən,n.,责任，义务,CET6_edited
obscene,əbˈsiːn,adj.,猥亵的，淫乱的,CET6_edited
obscure,əbˈskjʊə,adj.,1. 模糊的，不清楚的 2. 费解的 3. 不出名 v. 使朦胧，遮掩，使难理解,CET6_edited
obstacle,ˈɒbstəkl,n.,障碍(物)，干扰,CET6_edited
obtain,əbˈteɪn,v.,得到，获得,CET6_edited
occasional,əˈkeɪʒənəl,adj.,偶尔的，不经常的,CET6_edited
occupation,ˌɒkjʊˈpeɪʃən,n.,1. 职业 2. 消遣 3. 占有，占用，占领,CET6_edited
occupy,ˈɒkjʊpaɪ,v.,1. 占，占用 2. 占领，占据 3. 使忙碌，从事,CET6_edited
occur,əˈkɜː,v.,发生，出现 || occur to(念头)出现(在某人的脑子里)，想到,CET6_edited
odor,ˈәudә,n.,1. 气味，香味 2. 名声 3. 意味,CET6_edited
offense,әˈfens,n.,1. 犯罪 2 冒犯，伤感情 3. 攻击,CET6_edited
offensive,əˈfensɪv,adj.,1. 冒犯的 2. 进攻性的 3. 极讨厌的,CET6_edited
offset,ˈɒfset,v.,补偿，抵消 n. 1. 分支，旁支 2. 补偿，抵消,CET6_edited
offspring,ˈɒfsprɪŋ,n.,1. 子孙，后代 2. 结果，产物,CET6_edited
olive,ˈɒlɪv,n.,1. 橄榄 2. 橄榄绿,CET6_edited
opaque,əʊˈpeɪk,adj.,不透明的，意义不明确，晦涩的,CET6_edited
opponent,əˈpəʊnənt,n.,1. 对手，敌手 2. 反对者,CET6_edited
oppose,əˈpəʊz,v.,反对，反抗,CET6_edited
oppress,əˈpres,v.,1. 压迫，压制 2. 压抑，使烦恼,CET6_edited
optical,ˈɒptɪkəl,adj.,1. 视力的，视觉的 2. 光学的,CET6_edited
optimism,ˈɒptɪmɪzəm,n.,乐观，乐观主义,CET6_edited
optimistic,ˌɒptɪmɪstɪk,adj.,乐观的，乐观主义的,CET6_edited
optimum,ˈɒptɪməm,adj.,最适宜的，最佳的,CET6_edited
option,ˈɒpʃən,n.,选择，选择权,CET6_edited
orbit,ˈɔːbɪt,n.,1. 轨道 2.,CET6_edited
orbit,ˈɔːbɪt,,(活动)范围 v. 环绕…作轨道运行，沿轨道运行,CET6_edited
orchestra,ˈɔːkɪstrə,n.,交响乐团，管弦乐团,CET6_edited
ore,ɔː,n.,矿石，矿砂,CET6_edited
orient,ˈɔːrɪent,v.,1. 使适应 2. 确定位置,CET6_edited
oriental,ˌɔːrɪˈentəl,adj.,东方的，来自东方的 n. 东方人,CET6_edited
orientation,ˌɔːriənˈteɪʃən,n.,1. 倾向性 2. 确定方位(方向)，熟悉，适应,CET6_edited
origin,ˈɒrɪdʒɪn,n.,1. 起源，开端 2. 血统，出身,CET6_edited
original,əˈrɪdʒənəl,adj.,1. 最初的，最早的 2. 独特的，有创造性的 3. 非抄袭的，原作 n. 原版，原样,CET6_edited
originate,əˈrɪdʒɪneɪt,v.,发源，创始，开始,CET6_edited
ornament,ˈɔːnəmənt,n.,装饰品，饰物，装饰 v. 装饰，美化,CET6_edited
orthodox,ˈɔːθədɒks,adj.,正统的，传统的,CET6_edited
outbreak,ˈaʊtbreɪk,,n.,CET6_edited
outbreak,ˈaʊtbreɪk,,(指坏事)突然发生，爆发,CET6_edited
outfit,ˈaʊtfɪt,n.,1. 全套设 备或用具 2. 全套衣装 v. 为…提供设备,CET6_edited
outline,ˈaʊtlaɪn,n.,1. 轮廓 2. 提纲，要点概括 v. 画出…的轮廓，打出…的草图,CET6_edited
output,ˈaʊtpʊt,n.,1. 产量， 产品 2. 输出，输出量,CET6_edited
outrage,ˈaʊtreɪdʒ,n.,1. 暴行，残暴 2.,CET6_edited
outrage,ˈaʊtreɪdʒ,,(暴行激起的)义愤  v. 1. 激起…的义愤 2. 违背,CET6_edited
outset,ˈaʊtset,n.,开始，开端,CET6_edited
outward,ˈaʊtwəd,adj.,1. 向外的，外出的 2. 表面上的，外表上的 3. 向海外的 adv. 向外，在外,CET6_edited
overcome,ˌəʊvəˈkʌm,v.,1. 战胜，克服 2. 制服，压倒,CET6_edited
overflow,ˌəʊvəˈfləʊ,,v.,CET6_edited
overflow,ˌəʊvəˈfləʊ,,(使)溢出，(使)泛滥，涌出,CET6_edited
overhead,ˈəʊvəhed,adj.,&adv. 在头顶上(的)，在上面(的),CET6_edited
overhear,ˌəʊvəˈhɪə,v.,1. 无意中听到，偶然听到 2. 偷听，窃听,CET6_edited
overlap,ˌəʊvəˈlæp,v.,部分重叠，交搭  n. 重叠(部分),CET6_edited
overlook,ˌəʊvəˈlʊk,v.,1. 眺望，俯瞰 2. 忽略，没注意到 3. 宽容，不追究,CET6_edited
overpass,ˈәuvәpɑːs,n.,天桥，立交桥 v. 超越，胜过,CET6_edited
overt,ˈəʊvɜːt,adj.,公开的，明显的,CET6_edited
overthrow,ˌəʊvəˈθrəʊ,v.,&n. 推倒，颠覆,CET6_edited
overturn,ˌəʊvəˈtɜːn,v.,1. 翻倒，打翻 2. 推翻，颠覆,CET6_edited
overwhelm,ˌəʊvəˈwelm,v.,1. 战胜，压倒，克服 2.,CET6_edited
overwhelm,ˌəʊvəˈwelm,,(指感情)压倒，控制,CET6_edited
overwhelming,ˌəʊvəˈwelmɪŋ,adj.,压倒一切的，无法抗拒的,CET6_edited
owe,əʊ,v.,1. 欠 2. 把…归功于,CET6_edited
owl,aʊl,n.,猫头鹰,CET6_edited
oxide,ˈɒksaɪd,n.,氧化物,CET6_edited
oxygen,ˈɒksɪdʒən,n.,氧气,CET6_edited
ozone,ˈəʊzəʊn,n.,臭氧,CET6_edited
package,ˈpækɪdʒ,n.,1. 包，包裹 2. 一整套,CET6_edited
pact,pækt,n.,契约，公约，条约,CET6_edited
pamphlet,ˌpænəˈsɪə,n.,小册子,CET6_edited
panic,ˈpænɪk,n.,恐慌，惊惶  v.,CET6_edited
panic,ˈpænɪk,,(使)恐慌，(使)惊惶 adj. 恐慌的，惊慌的,CET6_edited
paperback,ˈpeipәbæk,n.,平装本，纸面本,CET6_edited
paradise,ˈpærədaɪs,n.,天堂，乐园,CET6_edited
paradox,ˈpærədɒks,n.,自相矛盾的事物(思想、言论等),CET6_edited
paragraph,pærəɡræɑːf,n.,段，段落,CET6_edited
parallel,ˈpærəlel,adj.,1. 平行的 2. 同类的，相似的 n. 1. 平行线 2. 纬线，纬度圈 3. 极相似且可相比的事物,CET6_edited
paralyze,ˈpærәlaiz,vt.,瘫痪，使麻痹,CET6_edited
parameter,pəˈræmɪtə,,n.,CET6_edited
parameter,pəˈræmɪtə,,(数学)参数，(事物的)限定性因素,CET6_edited
parasite,ˈpærəsaɪt,n.,1. 寄生虫，寄生植物 2. 食客，靠他人供养的人,CET6_edited
partial,ˈpɑːʃəl,adj.,1. 部分的，局部的 2. 偏袒的，不公正的,CET6_edited
participant,pɑːˈtɪsɪpənt,n.,参与者，参加者,CET6_edited
partition,pɑːˈtɪʃən,v.,1. 分裂，分割 2. 分隔，隔开 n. 1. 分割，隔开,CET6_edited
passion,ˈpæʃən,n.,1. 激情，热情 2. 强烈爱好,CET6_edited
passive,ˈpæsɪv,adj.,1. 被动的，消极的 2. 被动语态的  n. 被动语态,CET6_edited
pastime,ˈpɑːstaɪm,n.,消遣，娱乐,CET6_edited
pastry,ˈpeɪstrɪ,n.,糕点，酥皮点心,CET6_edited
pasture,ˈpɑːstʃə,n.,牧场，牧草，放牧,CET6_edited
patent,ˈpeɪtənt,n.,专利;专利权，专利证书 adj. 1. 专利的，专卖的 2. 公开的，显然的,CET6_edited
pathetic,pəˈθetɪk,adj.,1. 招人怜悯的，悲惨的 2. 感伤的，感情(上)的 3. 令人生厌的,CET6_edited
patriot,ˈpætrɪət,n.,爱国者，爱国主义者,CET6_edited
patriotic,ˌpætrɪˈɒtɪk,adj.,爱国的，有爱国热忱的,CET6_edited
patrol,pəˈtrəʊl,n.,1. 巡逻 2. 巡逻队，巡逻兵 v. 巡逻，巡查,CET6_edited
patron,ˈpeɪtrən,n.,1. 赞助人，资助人 2. 老顾客，主顾,CET6_edited
pattern,ˈpætn,n.,1. 图案，花样 2. 方式，模式,CET6_edited
pave,peɪv,v.,筑(路)，铺(路) || pave the way for为…铺平道路,CET6_edited
peak,piːk,n.,1. 巅峰，最高点 2. 山顶 adj. 最高的，高峰的,CET6_edited
pearl,pɜːl,n.,1. 珍珠 2. 珍珠色 3. 珍品,CET6_edited
peculiar,pɪˈkjuːlɪə,adj.,1. 奇怪的，怪癖的 2. 独特的，特有的,CET6_edited
pedal,ˈpedəl,n.,踏板  v. 踩踏板，骑(车),CET6_edited
pedestrian,pɪˈdestrɪən,n.,行人,CET6_edited
peel,piːl,v.,去掉…的皮，剥落  n. 果皮，蔬菜皮,CET6_edited
peg,peɡ,n.,木栓，楔子，桩钉,CET6_edited
penalty,ˈpenəltɪ,n.,惩罚，刑罚，罚款,CET6_edited
pendulum,ˈpendjʊləm,n.,1. 摆，钟摆 2. 摇摆不定的事态,CET6_edited
penguin,ˈpeŋɡwɪn,n.,企鹅,CET6_edited
peninsula,pɪˈnɪnsjʊlə,n.,半岛,CET6_edited
perception,pəˈsepʃən,n.,1. 感觉，知觉 2. 观念，看法 3. 洞察力，理解力,CET6_edited
perfection,pəˈfekʃən,n.,1. 尽善尽美 2. 完美的典型,CET6_edited
performance,pəˈfɔːməns,n.,1. 履行，执行 2. 演出,CET6_edited
perfume,ˈpɜːfjuːm,n.,香味，香水，香料,CET6_edited
periodic,ˌpɪərɪˈɒdɪk,adj.,周期的，定期的,CET6_edited
periodical,ˌpɪərɪˈɒdɪkəl,adj.,定期的，周期的 n. 期刊，杂志,CET6_edited
perish,ˈperɪʃ,,v.,CET6_edited
perish,ˈperɪʃ,,(使)枯萎，(使)腐烂，夭折,CET6_edited
permanent,ˈpɜːmənənt,adj.,永久的，持久的,CET6_edited
permeate,ˈpɜːmɪeɪt,v.,1. 渗入，透过 2. 弥漫，充满,CET6_edited
permissible,pəˈmɪsəbl,adj.,容许的，可准许的,CET6_edited
perpetual,pəˈpetʃʊəl,adj.,1. 永远的，永恒的，不断的 2. 四季开花的,CET6_edited
perplex,pəˈpleks,v.,1. 使困惑，难住 2. 使复杂化,CET6_edited
persist,pəˈsɪst,v.,1. 坚持 2. 持续,CET6_edited
persistent,pəˈsɪstənt,adj.,1. 坚持的，不屈不挠的 2. 持续不断的，反复出现的,CET6_edited
perspective,pəˈspektɪv,n.,1. 观点，看法 2. 前景，展望 3.,CET6_edited
perspective,pəˈspektɪv,,(对事物的)正确判断，洞察力，视角 4. 透视画法，透视图,CET6_edited
persuasion,pəˈsweɪʒən,n.,1. 说服，劝服，说服力 2. 信念，信仰,CET6_edited
pessimistic,ˌpesɪˈmɪstɪk,adj.,悲观的，悲观主义者的，厌世的,CET6_edited
pest,pest,n.,1. 害虫 2. 讨厌的人,CET6_edited
petition,pəˈtɪʃən,n.,1. 请愿 2. 请愿书，. 向…请愿(祈求),CET6_edited
petty,ˈpetɪ,adj.,1. 不重要的，次要的 2. 偏狭的，气量小的 3. 微小的，小规模的,CET6_edited
phase,feɪz,n.,1. 阶段，状态 2. 方面 3.,CET6_edited
phase,feɪz,,(月相)盈亏 v. 使分阶段进行,CET6_edited
phenomenon,fɪˈnɒmɪnən,,(pl phenomena) n. 现象,CET6_edited
physiological,‚fɪzɪə'lɒdʒɪkl,adj.,生理学的，生理的，生理机能的,CET6_edited
pilgrim,ˈpɪlɡrɪm,n.,朝圣者，香客,CET6_edited
pirate,ˈpaɪərət,n.,1. 海盗，海盗船 2. 盗版者，非法复制者 3. 无执照广播者,CET6_edited
pistol,ˈpɪstəl,n.,手枪,CET6_edited
pitch,pitʃ,n.,1. 沥青 2. 掷 3. 音高 v. 投掷，扔,CET6_edited
plague,pleɪɡ,n.,瘟疫，祸患,CET6_edited
planet,ˈplænɪt,n.,行星,CET6_edited
plaster,ˈplɑːstə,n.,1. 灰泥 2. 石膏 v. 1. 用灰泥涂抹(墙壁) 2. 给(受伤处)打石膏,CET6_edited
plausible,ˈplɔːzəbl,adj.,1.,CET6_edited
plausible,ˈplɔːzəbl,,(声明、争论等)似乎正确的 2. 能说会道的,CET6_edited
plea,pliː,n.,1. 恳求，请求  2.,CET6_edited
plea,pliː,,(法庭上)辩解,CET6_edited
plead,pliːd,v.,1. 恳求，祈求 2.,CET6_edited
plead,pliːd,,(法庭上)辩护 3. 以…为理由(或借口),CET6_edited
pledge,pledʒ,n.,1. 誓言，誓约 2. 保证物，信物 v. 1. 保证 2. 抵押,CET6_edited
plunge,plʌndʒ,v.,1. 跳进，陷入 2. 投入，投身于 n. 1. 跳进，跳水 2. 猛跌，落下,CET6_edited
poetry,ˈpəʊɪtrɪ,n.,诗，诗学,CET6_edited
poisonous,ˈpɔɪzənəs,adj.,有毒的，有害的,CET6_edited
poke,pəʊk,v.,1. 伸出 2. 刺，戳，捅，触 n. 刺，触,CET6_edited
polar,ˈpəʊlə,adj.,1. 南极的，北极的，近极地的 2. 正好相反的 || polar bear北极熊,CET6_edited
polish,ˈpɒlɪʃ,v.,1. 磨光，擦亮 2. 使完善， n. 1. 上光剂 2.,CET6_edited
polish,ˈpɒlɪʃ,,(磨后的)光泽,CET6_edited
ponder,ˈpɒndə,v.,仔细考虑，沉思,CET6_edited
pope,pəʊp,n.,教皇,CET6_edited
porch,pɔːtʃ,n.,门廊，入口处,CET6_edited
portray,pɔːˈtreɪ,v.,1. 描绘，描写 2. 扮演,CET6_edited
pose,pəʊz,v.,1. 摆姿势 2. 装腔作势 3. 提出(问题) || pose as假装，摆出…的样子,CET6_edited
positive,ˈpɒzətɪv,adj.,1. 确定的，明确的 2. 确信的 3. 积极的，有效的 4. 正极的，阳性的,CET6_edited
possess,pəˈzes,v.,1. 拥有 2.,CET6_edited
possess,pəˈzes,,(感情或思想等)控制(某人) 3. 掌握(技能),CET6_edited
posture,ˈpɒstʃə,n.,1. 姿势 2. 态度  v. 1. 故作姿态 2. 摆出…样子,CET6_edited
potential,pəˈtenʃəl,adj.,潜在的，可能的 n. 潜在的可能，潜力,CET6_edited
poverty,ˈpɒvətɪ,n.,1. 贫困 2. 缺乏,CET6_edited
practicable,ˈpræktɪkəbl,adj.,1. 行得通的，可以实施的  2. 可通行的,CET6_edited
preach,priːtʃ,v.,1. 讲道，布道 2. 说教，宣扬,CET6_edited
precede,prɪˈsiːd,v.,先于…，位于…之前,CET6_edited
precedent,ˈpresɪdənt,n.,1.,CET6_edited
precedent,ˈpresɪdənt,,(过去的)惯例 2. 先例，前例,CET6_edited
precious,ˈpreʃəs,adj.,珍贵的，宝贵的,CET6_edited
precise,prɪˈsaɪs,adj.,1. 精确的 2. 恰好的,CET6_edited
preclude,prɪˈkluːd,v.,阻止，排除,CET6_edited
predecessor,ˈpriːdɪsesə,n.,1. 前任者 2. 被取代的事物,CET6_edited
predict,prɪˈdɪkt,v.,预言，预测,CET6_edited
predominant,prɪˈdɒmɪnənt,adj.,占优势的，占主导地位的，最显著的,CET6_edited
preferable,ˈprefrəbl,adj.,更适合的，更好的，更可取的 preferably,CET6_edited
preference,ˈprefrəns,n.,1. 优先，偏爱 2. 优先权，特惠,CET6_edited
prejudice,ˈpredʒʊdɪs,n.,偏见，成见 v. 1. 使抱偏见 2. 损害,CET6_edited
preliminary,prɪˈlɪmɪnərɪ,adj.,预备的，初步的 n. 预备步骤 preliminarily,CET6_edited
premature,ˈpremətjʊə,adj.,1. 过早的，提前的 2. 不成熟的，早熟的 3. 仓促的,CET6_edited
premier,ˈpremɪə,n.,首相，总理 adj. 首位的，首要的,CET6_edited
premise,ˈpremɪs,n.,1. 前提 2.,CET6_edited
premise,ˈpremɪs,,(pl)房屋(及其附属建筑、基地等),CET6_edited
premium,ˈpriːmɪəm,n.,"1. 保险费 2. 额外费用 || put (set,",CET6_edited
premium,ˈpriːmɪəm,,place) a premium on诱发，鼓励,CET6_edited
prescription,prɪˈskrɪpʃən,n.,1. 处方 2. 指示，规定,CET6_edited
presentation,ˌpreznˈteɪʃən,n.,1. 赠送，授予 2. 介绍，引见 3. 呈现，展示，提出 4. 演出,CET6_edited
preserve,prɪˈzɜːv,v.,保存，保护，维护，维持,CET6_edited
preside,prɪˈzaɪd,v.,主持(会议等)，负责指挥,CET6_edited
pressure,ˈpreʃə,n.,1. 压力，气压 2.,CET6_edited
pressure,ˈpreʃə,,(精神上的)压力，压迫感,CET6_edited
prestige,preˈstiːʒ,n.,威望，威信,CET6_edited
presumably,prɪˈzjuːməblɪ,adv.,假定，可能，大概,CET6_edited
presume,prɪˈzjuːm,v.,1.,CET6_edited
presume,prɪˈzjuːm,,(没有根据地)相信，假设 2. 擅自，敢于,CET6_edited
pretext,ˈpriːtekst,n.,借口，托词,CET6_edited
prevail,prɪˈveɪl,v.,1. 战胜 2. 盛行，流行,CET6_edited
prevalent,ˈprevələnt,adj.,普遍的，流行的，盛行的,CET6_edited
previous,ˈpriːvɪəs,adj.,前一个，以前的,CET6_edited
preview,ˈpriːvjuː,n.,预演，事先查看,CET6_edited
prey,preɪ,n.,1. 猎物，牺牲品 2. 捕食 v. 1. 捕食 2.,CET6_edited
prey,preɪ,,(疾病等)折磨，困扰,CET6_edited
priest,priːst,n.,牧师，神父，教士,CET6_edited
primarily,ˈpraimәrili,adv.,主要地，首先地,CET6_edited
primary,ˈpraɪmərɪ,adj.,1. 主要的，首要的 2. 最初的，基本的,CET6_edited
prime,praɪm,adj.,1. 主要的 2. 最佳的 3. 最初的 n.,CET6_edited
prime,praɪm,,(某人的)鼎盛期,CET6_edited
primitive,ˈprɪmɪtɪv,adj.,1. 原始的 2. 粗糙的  3. 纯朴的  n. 原始人,CET6_edited
principal,ˈprɪnsəpəl,adj.,主要的，首要的 n. 校长,CET6_edited
principle,ˈprɪnsəpl,n.,1. 原则，主义 2. 行动准则，道义 3. 原理 || in principle原则上,CET6_edited
priority,praɪˈɒrətɪ,n.,1. 优先，优先权 2. 优先考虑的事,CET6_edited
privacy,ˈpraɪvəsɪ,n.,1. 独处，隐私 2. 秘密，私下,CET6_edited
privilege,ˈprɪvɪlɪdʒ,n.,特权，特殊权益，特殊荣幸,CET6_edited
probability,ˌprɒbəˈbɪlətɪ,n.,1. 可能性 2. 可能发生的事，可能的结果 3. 概率,CET6_edited
probe,prəʊb,n.,1. 探针 2 探测飞船 3. 探查，彻底调查 v. 探查，查究,CET6_edited
procedure,prəˈsiːdʒə,n.,1. 程序 2. 手续，步骤，工序,CET6_edited
proceedings,prəˈsiːdɪŋz,n.,1. 事项，行径，事件 2. 诉讼 3. 会议录，记录汇编,CET6_edited
process,ˈprəʊses,n.,1. 步骤，过程 2. 工序，制作法 || in the process of在…过程中  v. 加工，处理,CET6_edited
proclaim,prəˈkleɪm,v.,宣布，宣告,CET6_edited
productive,prəˈdʌktɪv,adj.,1. 多产的 2. 出产…的， 产生…的,CET6_edited
productivity,ˌprɒdʌkˈtɪvətɪ,n.,生产能力，生产率,CET6_edited
profess,prəˈfes,v.,1. 公开表示，声称 2. 自称 3. 表明信仰,CET6_edited
profession,prəˈfeʃən,n.,1.,CET6_edited
profession,prəˈfeʃən,,(尤指从事脑力劳动或受过专门训练的)职业 2. 专业人员 3. 表白，声明,CET6_edited
professional,prəˈfeʃənəl,adj.,1. 专业的，职业的 2. 高水准的，内行的 n. 专业人员,CET6_edited
proficiency,prəˈfɪʃənsɪ,n.,精通，熟练,CET6_edited
profitable,ˈprɒfitәbl,a.,有利润的，赚钱的,CET6_edited
profound,prəˈfaʊnd,adj.,1. 深厚的，深刻的，深奥的 2. 知识渊博的,CET6_edited
progressive,prəˈɡresɪv,adj.,1. 不断前进的，渐进的 2. 进步的，先进的 3.,CET6_edited
progressive,prəˈɡresɪv,,(动词)进行式的  n. 进步人士,CET6_edited
prohibit,prəˈhɪbɪt,v.,1. 禁止 2. 阻止，妨碍,CET6_edited
project,ˈprɒdʒekt,n.,方案，规划，工程，项目 [prəˈdʒekt] v. 1. 发射，投掷，投(影) 2. 使凸出，突出 3. 规划，设计,CET6_edited
prolong,prəˈlɒŋ,v.,延长，拖延,CET6_edited
prominent,ˈprɒmɪnənt,adj.,1. 著名的，杰出的，显著的 2. 凸出的,CET6_edited
promising,ˈprɒmɪsɪŋ,adj.,有希望的，有前途的，有出息的,CET6_edited
promote,prəˈməʊt,v.,1. 提升 2. 促成，促进 3. 宣传，促销 4. 发起，创立,CET6_edited
prone,prəʊn,adj.,1. 易于…的，有…倾向的 2. 俯卧的,CET6_edited
propaganda,ˌprɒpəˈɡændə,n.,宣传,CET6_edited
propagate,ˈprɒpəɡeɪt,v.,1. 传播，宣传 2.,CET6_edited
propagate,ˈprɒpəɡeɪt,,(使)繁殖,CET6_edited
propel,prəˈpel,v.,推进,CET6_edited
property,ˈprɒpətɪ,n.,1. 财产，所有物 2. 不动产，房地产 3. 性质，属性,CET6_edited
prophet,ˈprɒfɪt,n.,预言家，先知,CET6_edited
proposition,ˌprɒpəˈzɪʃən,n.,1. 提议，建议 2. 主张 3. 命题,CET6_edited
prose,prəʊz,n.,散文,CET6_edited
prosecute,ˈprɒsɪkjuːt,v.,1. 对…起诉，告发 2. 彻底进行，执行,CET6_edited
prospect,ˈprɒspekt,n.,1. 前途，前景 2. 情景，景色 3. 指望，预期,CET6_edited
prospective,prəˈspektɪv,adj.,预期的，可能的，未来的,CET6_edited
prosperous,ˈprɒspərəs,adj.,繁荣的，昌盛的,CET6_edited
protein,ˈprəʊtiːn,n.,蛋白质,CET6_edited
protest,ˈprəʊtest,n.,& v. 抗议，反对,CET6_edited
prototype,ˈprəʊtətaɪp,n.,原型，典型,CET6_edited
provided,prəˈvaɪdɪd,conj.,以…为条件，假如,CET6_edited
provision,prəˈvɪʒən,n.,1. 供应 2. 准备，预备 3. 规定，条款 4.,CET6_edited
provision,prəˈvɪʒən,,(pl)粮食，食品,CET6_edited
provocative,prəˈvɒkətɪv,adj.,1. 刺激的，挑衅的 2. 挑逗的,CET6_edited
provoke,prəˈvəʊk,v.,激怒，煽动，挑起,CET6_edited
proximity,prɒkˈsɪmətɪ,n.,接近，邻近,CET6_edited
prune,pruːn,n.,梅干，李脯 v. 修剪，删除,CET6_edited
psychiatrist,saɪˈkaɪətrɪst,n.,精神病医生，精神病学者,CET6_edited
psychological,ˌsaɪkəˈlɒdʒɪkəl,adj.,1. 心理的，精神的 2. 心理学的,CET6_edited
pudding,ˈpʊdɪŋ,n.,布丁(甜点心),CET6_edited
pumpkin,ˈpʌmpkɪn,n.,南瓜,CET6_edited
purchase,ˈpɜːtʃəs,v.,购买 n. 1. 购买 2. 购得之物,CET6_edited
purify,ˈpjʊərɪfaɪ,v.,使纯净，净化,CET6_edited
purity,ˈpjʊrətɪ,n.,纯洁，纯净，纯粹,CET6_edited
pursuit,pəˈsjuːt,n.,1. 追捕 2. 追求，寻求,CET6_edited
pursue,pәˈsjuː,v.,1. 追赶，追踪，追随 2. 实行，继续，从事,CET6_edited
qualitative,ˈkwɒlɪtətɪv,adj.,质量上的，性质上的，(化学)定性的,CET6_edited
quantify,ˈkwɒntɪfaɪ,v.,量度，确定数量，量化,CET6_edited
quantitative,ˈkwɒntɪtətɪv,adj.,量的，数量的，定量的,CET6_edited
quart,kwɔːt,n.,夸脱,CET6_edited
quarterly,ˈkwɔːtəlɪ,adj.,& adv. 每季的(地)，每季一次的(地)  n. 季刊,CET6_edited
quartz,kwɔːts,n.,石英,CET6_edited
queer,kwɪə,adj.,1. 古怪的，异常的，可疑的 2. 稍感不适的，想呕吐的,CET6_edited
quench,kwentʃ,v.,扑灭，解(渴)，终止,CET6_edited
quest,kwest,,n.,CET6_edited
quest,kwest,,(长时间的)搜寻，探求,CET6_edited
questionnaire,kwestʃәˈnєә,n.,调查表，问卷,CET6_edited
quiver,ˈkwɪvə,v.,&n. 颤抖，抖动,CET6_edited
quota,ˈkwəʊtə,n.,定量，限额，配额,CET6_edited
racial,ˈreɪʃəl,adj.,种族的，人种的，种族间的,CET6_edited
racket,ˈrækɪt,n.,1.,CET6_edited
racket,ˈrækɪt,,(网球等的)球拍 2. 喧哗，吵闹 3. 讹诈，欺骗，勒索,CET6_edited
radiant,ˈreɪdɪənt,adj.,1. 光芒四射的，光辉灿烂的 2. 容光焕发的，喜形于色的 3. 发出辐射热或能的,CET6_edited
radiate,ˈreɪdɪeɪt,v.,1. 发光，放热 2. 辐射，散发,CET6_edited
radical,ˈrædɪkəl,adj.,1. 根本的，基本的 2. 彻底的，完全的 3.,CET6_edited
radical,ˈrædɪkəl,,(对政治)激进的,CET6_edited
radioactive,ˌreɪdɪəʊˈæktɪv,adj.,放射性的，有放射能的,CET6_edited
radius,ˈreɪdɪəs,n.,1. 半径  2. 半径范围,CET6_edited
random,ˈrændəm,adj.,任意的，随便的 || at random随便地，任意地,CET6_edited
rank,ræŋk,n.,1. 排，列，行  2. 军衔，地位 3. 显贵，高地位 4.,CET6_edited
rank,ræŋk,,(pl)士兵 5. 队形 v. 1. 把…分等级，列为 2. 把…排列整齐,CET6_edited
rap,ræp,n.,1.,CET6_edited
rap,ræp,,(轻快的)敲击声 2. 唠叨 || beat the rap 责备某人 /take the rap受罚，背黑锅 v. 1.,CET6_edited
rap,ræp,,(轻而快地)敲击(某物) 2. 责备或训斥(某人) 3. 唠叨,CET6_edited
rape,reɪp,v.,强奸 n. 1. 强奸 2. 蹂躏,CET6_edited
rarely,ˈreəlɪ,adv.,1. 很少，难得 2. 稀奇地，非常地,CET6_edited
rash,ræʃ,adj.,鲁莽的，轻率的，匆忙的,CET6_edited
rating,ˈreɪtɪŋ,n.,1. 等级，级别，评定结果 2.,CET6_edited
rating,ˈreɪtɪŋ,,(pl) (电视节目、广播节目的)收视率，收听率,CET6_edited
rational,ˈræʃənəl,adj.,1. 合理的 2. 理性的，推理的,CET6_edited
reaction,rɪˈækʃən,n.,1. 反应，回应 2. 反动，复古 3.,CET6_edited
reaction,rɪˈækʃən,,(化学、物理)反应 4. 反作用,CET6_edited
readily,ˈredɪlɪ,adv.,1. 简单地，容易地 2. 很快地，立即 3. 欣然，乐意地,CET6_edited
realistic,‚rɪə'lɪstɪk,adj.,1. 现实主义的，现实主义者的 2. 现实的，实际的，逼真的,CET6_edited
reap,riːp,v.,"1. 收割(谷物),收获 2. 得到，获得",CET6_edited
reassure,ˌriːəˈʃɔː,v.,使放心，使消除疑虑,CET6_edited
rebel,ˈrebəl,n.,反叛者 v. 反叛，反抗，造反,CET6_edited
rebellion,rɪˈbeljən,n.,反叛，反抗，造反,CET6_edited
recall,rɪˈkɔːl,v.,1. 忆起，想起 2. 召回，收回 n. 1. 回忆，回想 2. 召回，收回,CET6_edited
recede,rɪˈsiːd,v.,后退，退去,CET6_edited
receipt,rɪˈsiːt,n.,1. 收到 2. 收据，收条 3.,CET6_edited
receipt,rɪˈsiːt,,(pl)进款，收入,CET6_edited
reception,rɪˈsepʃən,n.,1. 接待，欢迎，招待 2. 招待会，欢迎会 3. 接受，承认,CET6_edited
recession,rɪˈseʃən,n.,1.,CET6_edited
recession,rɪˈseʃən,,(经济)衰退，不景气 2. 后退，撤退,CET6_edited
recipe,ˈresɪpɪ,n.,烹饪法，食谱,CET6_edited
recipient,rɪˈsɪpɪənt,n.,接受者，领受者,CET6_edited
reciprocal,rɪˈsɪprəkəl,adj.,互惠的，相互的,CET6_edited
recite,rɪˈsaɪt,v.,1. 朗诵，背诵 2. 评述，列举,CET6_edited
reckless,ˈreklɪs,adj.,轻率的，鲁莽的，不计后果的,CET6_edited
reckon,ˈrekən,v.,1. 计算，算出 2. 考虑，认为 3. 料想，估计 || reckon on期待，指望,CET6_edited
reclaim,rɪˈkleɪm,v.,1. 要回，回收 2. 开垦(荒地) 3. 改造，感化(罪犯等),CET6_edited
recognition,ˌrekəɡˈnɪʃən,n.,1. 认出，识别 2. 承认，认可,CET6_edited
recognize,ˈrekəɡnaɪz,v.,1. 认出，辨认 2. 承认，认可，公认,CET6_edited
reconcile,ˈrekənsaɪl,v.,1. 使和解，使和好 2. 调和，使一致,CET6_edited
reconciliation,ˌrekənˌsɪlɪˈeɪʃən,n.,1. 和解，调和 2.,CET6_edited
reconciliation,ˌrekənˌsɪlɪˈeɪʃən,,(争吵等的)止息，复交,CET6_edited
recover,rɪˈkʌvə,n.,1. 取回，复得 2. 恢复，使(身体)复原 3. 挽回，弥补,CET6_edited
recovery,rɪˈkʌvərɪ,n.,1. 复得，寻回 2. 痊愈，恢复,CET6_edited
recreation,ˌrekrɪˈeɪʃən,n.,娱乐，消遣,CET6_edited
recruit,rɪˈkruːt,n.,新兵，新成员，新手 v. 征募(新兵)，吸收(新成员),CET6_edited
rectangular,rekˈtæŋɡjʊlə,adj.,长方形的，矩形的,CET6_edited
rectify,ˈrektɪfaɪ,v.,改正，纠正，核正,CET6_edited
recur,rɪˈkɜː,v.,1. 再发生，复发 2. 重现，回想,CET6_edited
recycle,ˌriːˈsaɪkl,v.,再循环，再生利用,CET6_edited
redundant,rɪˈdʌndənt,adj.,1.,CET6_edited
redundant,rɪˈdʌndənt,,(通常指语言或艺术)冗赘的，多余的 2.,CET6_edited
redundant,rɪˈdʌndənt,,(因人员过剩)被解雇的，失业的,CET6_edited
reel,riːl,n.,线轴，卷盘 v. 卷，绕,CET6_edited
referee,ˌrefəˈriː,n.,1.,CET6_edited
referee,ˌrefəˈriː,,(足球、拳击等的)裁判员 2. 仲裁者，调解者 3.,CET6_edited
referee,ˌrefəˈriː,,(愿为求职者提供证明的)证明人，介绍人,CET6_edited
reference,ˈrefərəns,n.,1. 谈到，提及 2. 参照，参考 3. 附注，旁注 4. 证明书，推荐人,CET6_edited
reflect,rɪˈflekt,v.,1. 反射，反映 2. 表达，表现 3. 考虑，思考,CET6_edited
reform,rɪˈfɔːm,v.,&n. 改造，改革，改良,CET6_edited
refrain,rɪˈfreɪn,v.,抑制，克制，避免,CET6_edited
refresh,rɪˈfreʃ,v.,使精神振作，使神清气爽，给予新力量,CET6_edited
refreshment,rɪˈfreʃmənt,n.,1. 精神爽快，心旷神怡 2.,CET6_edited
refreshment,rɪˈfreʃmənt,,(pl)点心，便餐,CET6_edited
refuge,ˈrefjuːdʒ,n.,庇护，避难，避难所,CET6_edited
refund,ˈriːfʌnd,n.,退款，偿还 v. 付还，偿还借款,CET6_edited
refusal,rɪˈfjuːzəl,n.,拒绝，不允,CET6_edited
refute,rɪˈfjuːt,v.,反驳，驳斥,CET6_edited
regime,reɪˈʒiːm,n.,政权，政府，政治制度,CET6_edited
regiment,ˈredʒɪmənt,n.,1.,CET6_edited
regiment,ˈredʒɪmənt,,(军队的)团 2. 一大群,CET6_edited
region,ˈriːdʒən,n.,1. 地区，区域 2. 领域，范围,CET6_edited
register,ˈredʒɪstə,n.,1. 记录，注册 2. 登记簿，名簿 v. 1. 登记，注册 2.,CET6_edited
register,ˈredʒɪstə,,(邮件)挂号,CET6_edited
regulation,ˌreɡjʊˈleɪʃən,v.,1. 规则，条例，规定，法令 2. 控制，管制,CET6_edited
rehearsal,rɪˈhɜːsəl,n.,1. 演习，复述 2. 排演，试演 || dress rehearsal彩排,CET6_edited
reign,reɪn,n.,1. 统治，支配，势力范围 2. 朝代，在位期间,CET6_edited
rein,reɪn,,n.,CET6_edited
rein,reɪn,,(常作复数)疆绳 || give free rein to对(感情或情欲)放任，放纵，使…自由发挥/keep a tight rein on对…严加控制、约束 v.,CET6_edited
rein,reɪn,,(用疆绳)勒住(马)(使之放慢或止住脚步),CET6_edited
reinforce,ˌriːɪnˈfɔːs,v.,1. 增强，加强，加固 2. 增兵，增援,CET6_edited
reject,rɪˈdʒekt,v.,1. 抛弃，丢弃 2. 拒绝，不接受 n. 1. 被抛弃的东西，次品，废品 2. 被弃者,CET6_edited
rejoice,rɪˈdʒɔɪs,v.,1. 使喜悦，使欢乐 2. 欣喜，高兴,CET6_edited
relative,ˈrelətɪv,n.,家人，亲人，亲戚 adj. 1. 比较的，相对的 2. 与…有关的,CET6_edited
relay,ˈriːleɪ,n.,1. 补充物资，接替人员，替班 2. 中继器，继电器 3. 中继，转播 4. 接力赛，转播的无线电节目(= relay race) v. 重新放置，再铺设,CET6_edited
release,rɪˈliːs,v.,1. 释放，免除 2. 放出，发射 3. 发行，发表，发售 n. 1. 释放，免除 2. 放出，发射,CET6_edited
relevant,ˈrelɪvənt,adj.,有关的，适宜的，切题的,CET6_edited
reliable,rɪˈlaɪəbl,adj.,可靠的，可信赖的,CET6_edited
reliance,rɪˈlaɪəns,n.,1. 依靠，依赖 2. 信任，信赖,CET6_edited
relief,rɪˈliːf,n.,1.,CET6_edited
relief,rɪˈliːf,,(痛苦、困苦、忧虑等的)减轻，解除 2. 救济，救援，救济物,CET6_edited
relieve,rɪˈliːv,v.,1. 减轻，解除(痛苦或困难)  2. 救助，救济 3. 换班，接替,CET6_edited
religion,rɪˈlɪdʒən,n.,1. 宗教信仰 2. 宗教,CET6_edited
religious,rɪˈlɪdʒəs,adj.,1. 宗教的，信仰宗教的 2. 虔诚的，敬畏神的,CET6_edited
relish,ˈrelɪʃ,n.,1. 风味，美味，开胃小菜，佐餐品 2. 喜好，兴趣,CET6_edited
reluctant,rɪˈlʌktənt,adj.,勉强的，不愿的,CET6_edited
rely,rɪˈlaɪ,v.,1. 信任，信赖 2. 依赖，依靠 || rely on依赖，指望,CET6_edited
remain,rɪˈmeɪn,v.,1. 停留，留下 2. 仍然是，保持,CET6_edited
remainder,rɪˈmeɪndə,n.,剩余物，剩下的人或物,CET6_edited
remedy,ˈremɪdɪ,n.,1. 治疗，治疗法 2. 药物，补救物,CET6_edited
remnant,ˈremnənt,n.,1. 剩余，残余 2. 零头布,CET6_edited
remote,rɪˈməʊt,adj.,1. 遥远的，时间久远的 2. 距离很大的，关系很远的 3. 疏远的，冷淡的,CET6_edited
renaissance,rɪˈneɪsəns,n.,1.,CET6_edited
renaissance,rɪˈneɪsəns,,(cap)(欧洲 14至 16世纪的)文艺复兴，文艺复兴时期 2. 任何类似的复兴，再生,CET6_edited
render,ˈrendə,v.,1. 致使，使成 2. 给予，提供,CET6_edited
repay,rɪˈpeɪ,v.,1. 付还，偿还 2. 报答，回报,CET6_edited
repel,rɪˈpel,v.,1. 逐退，驱逐 2. 使厌恶，使反感,CET6_edited
repertoire,ˈrepətwɑː,,n.,CET6_edited
repertoire,ˈrepətwɑː,,(某一艺术团体、演员、音乐家等可随时演出的)全部节目，剧目,CET6_edited
represent,ˌreprɪˈzent,v.,1. 代表 2. 描绘，表现 3. 象征，表示 4. 意味着，相当于…,CET6_edited
repression,rɪˈpreʃən,n.,1. 约束，抑制 2. 压抑，被压抑的欲望或冲动,CET6_edited
reproach,rɪˈprəʊtʃ,v.,&n. 谴责，责备，责骂,CET6_edited
reputation,ˌrepjʊˈteɪʃən,n.,名誉，名声,CET6_edited
resemblance,rɪˈzembləns,n.,1. 相似，类似 2. 相似程度，相似点,CET6_edited
resent,rɪˈzent,v.,怨恨，憎恶,CET6_edited
reservation,ˌrezəˈveɪʃən,n.,1. 保留的座位、住处等，(座位、住处等的)预订 2. 保留意见，保留态度 3. 道路中央双向交通的分隔带 4.,CET6_edited
reservation,ˌrezəˈveɪʃən,,(美国印第安部落的)居留地,CET6_edited
reserve,rɪˈzɜːv,n.,1. 储备物，保存物 2. 储藏，保留 || in reserve储存备用 3. 缄默，含蓄 v. 1. 储备，保存 2. 保留，留作专用 3. 预定,CET6_edited
reside,rɪˈzaɪd,v.,居住，定居 || reside in(指权利等)归属于某人,CET6_edited
resident,ˈrezɪdənt,adj.,居住的，居留的  n. 居民，居住者,CET6_edited
residential,ˌrezɪˈdenʃəl,adj.,1. 住宅的，适于作住宅的  2. 与居住有关的,CET6_edited
resign,rɪˈzaɪn,v.,1. 放弃，辞去 2. 使听任，使顺从 || resign oneself to sth听任，顺从,CET6_edited
resistant,rɪˈzɪstənt,adj.,反抗的，有抵抗力的,CET6_edited
resolve,rɪˈzɒlv,v.,1. 决定，下决心 2. 解决 n. 决心，决定,CET6_edited
resort,rɪˈzɔːt,v.,1. 凭借，求助，诉诸 2. 常去 n. 1. 凭借，手段 2. 常去之处，度假胜地,CET6_edited
respective,rɪˈspektɪv,adj.,各自的，各个的，个别的,CET6_edited
respond,rɪˈspɒnd,v.,1. 作答，回答 2. 反应，回应,CET6_edited
response,rɪˈspɒns,n.,1. 回答 2. 反应,CET6_edited
responsible,rɪˈspɒnsɪbl,adj.,1. 责任的，应负责的 2. 可靠的，可信赖的 3.,CET6_edited
responsible,rɪˈspɒnsɪbl,,(指职位)责任重大的,CET6_edited
restore,rɪˈstɔː,v.,1. 归还，交还 2. 恢复，复兴 3. 修复，重建 4. 使复职或复位,CET6_edited
restrain,rɪˈstreɪ,v.,克制，抑制，约束，制止,CET6_edited
restraint,rɪˈstreɪnt,n.,1. 抑制，克制 2. 自制，拘泥,CET6_edited
restrict,rɪˈstrɪkt,v.,限制，限定,CET6_edited
resultant,rɪˈzʌltənt,adj.,因而发生的，必然发生的,CET6_edited
resume,rɪˈzjuːm,v.,1. 重新开始，恢复 2. 重新占有，取回，收回,CET6_edited
resume,rɪˈzjuːm,n.,1. 摘要，概要 2. 履历，简历,CET6_edited
retain,rɪˈteɪn,v.,1. 保存，保留，保持 2. 挡住，留住,CET6_edited
retention,rɪˈtenʃən,n.,1. 具有，享用 2. 记忆力，记性 3. 挡住，保留，容纳,CET6_edited
retort,rɪˈtɔːt,n.,& v. 反 驳，反唇相讥,CET6_edited
retrieve,rɪˈtriːv,v.,1. 寻回，收回 2. 纠正，挽回,CET6_edited
retrospect,ˈretrəspekt,n.,回顾，追溯,CET6_edited
reunion,ˌriːˈjuːnɪən,n.,1. 聚会，联欢会 2. 重聚，团圆,CET6_edited
reveal,rɪˈviːl,v.,展现，显露，揭露,CET6_edited
revelation,ˌrevəˈleɪʃən,n.,1. 揭露，透露 2. 揭露出来(而始料未及)的事物,CET6_edited
revenge,rɪˈvendʒ,n.,& v. 报仇，报复，雪耻,CET6_edited
revenue,ˈrevənjuː,n.,1. 国家的税收，岁入 2.,CET6_edited
revenue,ˈrevənjuː,,(pl)收入总额 3.,CET6_edited
revenue,ˈrevənjuː,,(个人或国家的)税务所，税务局,CET6_edited
reverse,rɪˈvɜːs,v.,反转，颠倒，翻转 n. 1. 相反，相对 2.,CET6_edited
reverse,rɪˈvɜːs,,(硬币等的)反面，背面 adj. 颠倒的，相反的，背面的，反面的,CET6_edited
revive,rɪˈvaɪv,v.,1.,CET6_edited
revive,rɪˈvaɪv,,(使)苏 醒，(使)恢复知觉 2.,CET6_edited
revive,rɪˈvaɪv,,(使)复用，(使)复兴,CET6_edited
revolutionary,ˌrevəˈluːʃənərɪ,adj.,革命的，带来变革的,CET6_edited
revolve,rɪˈvɒlv,v.,1.,CET6_edited
revolve,rɪˈvɒlv,,(使)旋转，(使)绕转 2. 考虑，深思,CET6_edited
reward,rɪˈwɔːd,n.,1. 报酬，报答 2. 赏金，酬金 v. 给(某人)报酬或奖赏,CET6_edited
rhythm,ˈrɪðəm,n.,1. 节奏，韵律 2. 有规律的重复,CET6_edited
ridiculous,rɪˈdɪkjʊləs,adj.,可笑的，荒谬的,CET6_edited
rigorous,ˈrɪɡərəs,adj.,1. 严厉的，严格的 2. 精确的，严密的 3.,CET6_edited
rigorous,ˈrɪɡərəs,,(指天气等)严酷的,CET6_edited
rim,rɪm,,n.,CET6_edited
rim,rɪm,,(圆形物的)外 缘，边缘,CET6_edited
rip,rɪp,v.,撕，扯，撕开 n. 长裂痕，裂口,CET6_edited
ritual,ˈrɪtʃʊəl,adj.,仪式的，祭典的 n. 1. 仪式，祭典 2. 惯例,CET6_edited
rivalry,ˈraɪvəlrɪ,n.,竞赛，较量,CET6_edited
robust,rəʊˈbɒst,adj.,强健的，健康的，充满活力的,CET6_edited
romance,rəʊˈmæns,n.,1. 恋情，浪漫史 2. 冒险故事，爱情故事 3. 传奇性，浪漫情调,CET6_edited
rot,rɒt,v.,1. 腐烂，枯朽 2. 使腐烂，使无用  || rot away腐烂,CET6_edited
rotary,ˈrəʊtərɪ,adj.,1.,CET6_edited
rotary,ˈrəʊtərɪ,,(指运动)旋转的 2.,CET6_edited
rotary,ˈrəʊtərɪ,,(指机器、发动机等)转动的,CET6_edited
routine,ruːˈtiːn,n.,1. 常规，惯例 2. 例行公事，刻板的工作  adj. 1. 例行的，惯常的 2. 枯燥的，平淡的,CET6_edited
royalty,ˈrɔɪəltɪ,n.,1. 皇室，王族 2. 版税,CET6_edited
ruin,ˈruːɪn,n.,1. 毁灭，破坏  2. 切 l)废墟 3. 毁灭、败坏的原因 v. 1. 使毁灭，使败坏 2. 使破产,CET6_edited
rupture,ˈrʌptʃə,n.,1. 破裂，断裂 2.,CET6_edited
rupture,ˈrʌptʃə,,(友好关系的)决裂，绝交 3. 疝 v. 1.,CET6_edited
rupture,ˈrʌptʃə,,(使身体组织、器官等)破裂，裂开 2. 发生疝 3.,CET6_edited
rupture,ˈrʌptʃə,,(使关系等)破裂，断绝,CET6_edited
sacred,ˈseɪkrɪd,adj.,1. 神圣的，宗教上的 2. 郑重的，庄严的 3. 受崇敬的，不可冒犯的,CET6_edited
sacrifice,ˈsækrɪfaɪs,n.,1. 供奉，祭祀，祭品 2. 牺牲(品) v. 1. 供奉，祭祀 2. 牺牲,CET6_edited
safeguard,ˈseɪfɡɑːd,n.,安全措施，保护性措施 v. 保护或保卫某人(某事物),CET6_edited
sake,seɪk,n.,缘故 || for the sake of为了…的利益或好处，为了…起见,CET6_edited
salute,səˈluːt,v.,1. 行军礼 2. 向…打招呼，致意，迎接 n. 军礼，敬礼,CET6_edited
salvation,sælˈveɪʃən,n.,1.,CET6_edited
salvation,sælˈveɪʃən,,(对人的灵魂的)拯救，超度 2. 拯救，解困,CET6_edited
sample,ˈsæmpl,n.,样品，样本，货样 v. 取…的样品，尝试,CET6_edited
sanction,ˈsæŋkʃən,n.,1. 批准，认可 2. 制裁 3. 约束力 v. 1. 同意，认可 2. 承认，接纳,CET6_edited
saturate,ˈsætʃəreɪt,v.,1. 浸透，浸湿 2. 使饱和,CET6_edited
savage,ˈsævɪdʒ,adj.,1. 野蛮的，未开化的 2. 凶猛的，残酷的 n. 野人，野蛮人,CET6_edited
scan,skæn,v.,1. 审视，扫描 2. 浏览 3.,CET6_edited
scan,skæn,,(指诗句)符合韵律 n. 审视，扫描,CET6_edited
scandal,ˈskændl,n.,1. 丑事，丑闻 2. 流言蜚语，诽谤,CET6_edited
scar,skɑː,n.,伤痕，疤痕,CET6_edited
scatter,ˈskætə,v.,1. 使分散，使消散 2. 散播，撒播,CET6_edited
scent,sent,n.,1. 气味，香味 2.,CET6_edited
scent,sent,,(猎物的)臭迹 3. 嗅觉,CET6_edited
schedule,ˈʃedjuːl,n.,1. 进度表，计划 2. 时刻表，班次表 v. 预定，排定，安排,CET6_edited
scheme,skiːm,n.,1. 安排，配置，系统 2. 计划，方案 3. 诡计，阴谋 v. 1. 设计，策划 2. 图谋，密谋,CET6_edited
scope,skəʊp,n.,1.,CET6_edited
scope,skəʊp,,(问题、学科等的)范围，领域 2.,CET6_edited
scope,skəʊp,,(行动或思考的)余地，机会,CET6_edited
score,skɔː,n.,1. 得分，得点，得分记录 2. 乐谱 3. 二十 || scores of很多 v. 1. 得分，获分 2. 记下，记住，计算 3. 记入总谱，作成管弦乐,CET6_edited
scorn,ˈskɔːn,n.,1. 轻蔑，蔑视 2. 轻蔑、嘲笑的对象 v. 轻蔑，蔑视,CET6_edited
scramble,ˈskræmbl,v.,1. 爬行，攀爬 2. 杂乱蔓延 3. 争夺，抢夺 n. 1. 攀缘，爬行 2. 争夺，抢夺,CET6_edited
scrap,skræp,n.,1. 小片，碎屑 2. 废料，废物 3.,CET6_edited
scrap,skræp,,(从刊物等剪下以供收集的)图片，文章，残篇,CET6_edited
scrape,skreɪp,v.,1. 刮，削，擦，刮落，擦去 2. 刮坏，擦伤 3. 擦过，勉强通过 n. 擦伤，擦痕,CET6_edited
scratch,skrætʃ,v.,1. 抓，搔 2. 勾掉，划去 n. 1. 抓，搔 2. 抓痕，搔痕,CET6_edited
screw,skruː,n.,1. 螺丝钉，螺旋 2. 螺旋式的转动，螺旋的拧动 v. 1.,CET6_edited
screw,skruː,,(用螺丝)固定，(用螺钉)钉住 2. 扭紧，旋紧,CET6_edited
scrutiny,ˈskruːtɪnɪ,n.,细察，详审,CET6_edited
sculpture,ˈskʌlptʃə,n.,1. 雕刻术，雕刻，雕塑 2. 雕刻品，雕塑品,CET6_edited
seam,siːm,n.,缝，接缝,CET6_edited
security,sɪˈkjʊərətɪ,n.,1. 安全，平安 2. 治安防卫(部门) 3. 债券，股票,CET6_edited
seemingly,ˈsiːmɪŋlɪ,adv.,看上去，表面上,CET6_edited
segment,ˈseɡmənt,n.,部分，片，片段 v. 分割,CET6_edited
segregate,ˈseɡrɪɡeɪt,v.,1. 将…隔离、分开 2. 歧视，不公平对待,CET6_edited
semester,sɪˈmestə,n.,一学期,CET6_edited
senator,ˈsenətə,n.,参议员,CET6_edited
sensation,senˈseɪʃən,n.,1. 感觉，知觉 2. 轰动，激动,CET6_edited
sensible,ˈsensəbl,adj.,1. 明智的，明理的 2. 知道的，察觉的 3. 感觉得到的，显著的,CET6_edited
sensitive,ˈsensətɪv,adj.,1. 敏感的，感觉灵敏的 2. 易受伤害的，易被冒犯的 3. 过敏的，神经过敏的,CET6_edited
sentiment,ˈsentɪmənt,n.,1. 柔情，伤感，多愁善感 2. 思想感情，情绪，情操,CET6_edited
sequence,ˈsiːkwəns,n.,1. 连续，一连串，系列 2.,CET6_edited
sequence,ˈsiːkwəns,,(事情发生的先后)次序，顺序,CET6_edited
sergeant,ˈsɑːdʒənt,n.,1. 士官，中士 2. 警官，巡佐,CET6_edited
serial,ˈsɪərɪəl,adj.,1. 连续的 2.,CET6_edited
serial,ˈsɪərɪəl,,(指故事等)连续刊登或播出的 n. 连续剧，连载故事,CET6_edited
series,ˈsɪəriːz,n.,一连串，一系列，连续,CET6_edited
setback,ˈsetbæk,n.,挫折，挫败,CET6_edited
settle,ˈsetl,v.,1. 安家，定居 2. 使镇定，使稳定 3. 了结，决定 4. 安身，安放 5. 停留，栖息 6. 偿付，结算 || settle down定居，过安定的生活 [settle on (upon)决定] settle up付清，了结 /settle with…和…取得谅解,CET6_edited
settlement,ˈsetlmənt,n.,1. 移民，殖民 2.,CET6_edited
settlement,ˈsetlmənt,,(新的)定居点 3. 解决，和解,CET6_edited
severe,sɪˈvɪə,adj.,1. 严厉的，严格的 2.,CET6_edited
severe,sɪˈvɪə,,(气候等)严酷的，(痛苦等)剧烈的 3.,CET6_edited
severe,sɪˈvɪə,,(状况等)严重的，艰难的 4.,CET6_edited
severe,sɪˈvɪə,,(批评等)苛刻的，严厉的,CET6_edited
shabby,ˈʃæbɪ,adj.,破旧的，褴褛的,CET6_edited
shaft,ʃɑːft,n.,1. 杆状物 2. 竖井，坑道 3. 车辕，车杠,CET6_edited
shark,ʃɑːk,n.,鲨鱼,CET6_edited
shatter,ˈʃætə,v.,粉碎，损毁,CET6_edited
sheer,ʃiːə,adj.,1. 纯粹的，全然的，地道的 2. 陡峭的，峻峭的,CET6_edited
shepherd,ˈʃepəd,n.,牧羊人，牧人,CET6_edited
shield,ʃiːld,n.,1. 盾 2. 防护物，挡板 v. 保护，防御，掩护,CET6_edited
shipment,ˈʃɪpmənt,n.,1. 装船，装运 2. 装运的货物量,CET6_edited
shove,ʃʌv,v.,& n. 推挤，推撞,CET6_edited
shrewd,ʃruːd,adj.,1. 明智的，精明的 2. 狡狯的，明辨的,CET6_edited
shrink,ʃrɪŋk,v.,1.,CET6_edited
shrink,ʃrɪŋk,,(使)收缩，(使)皱缩 2. 退缩，畏缩  n. 1. 收缩 2. 退缩，畏缩,CET6_edited
shrub,ʃrʌb,n.,灌木,CET6_edited
shrug,ʃrʌɡ,,v.,CET6_edited
shrug,ʃrʌɡ,,(表示冷淡·怀疑等)耸(肩),CET6_edited
shutter,ˈʃʌtə,n.,1.,CET6_edited
shutter,ˈʃʌtə,,(照相机的)快门 2. 百叶窗，窗板,CET6_edited
shuttle,ʃʌtl,n.,1.,CET6_edited
shuttle,ʃʌtl,,(织布机的)梭 2. 定期的短程往返班机(车) || shuttle diplomacy穿梭外交 /shuttle service穿梭营运(飞机、公共汽车的定期班次)  v. 穿梭般往返,CET6_edited
siege,siːdʒ,n.,围困，围攻,CET6_edited
sieve,sɪv,n.,漏勺，筛子 v. 筛，筛分,CET6_edited
signal,ˈsɪɡnəl,n.,1. 信号，暗号 2. 讯号，讯息 v. 发信号，打信号,CET6_edited
significant,sɪɡˈnɪfɪkənt,adj.,1. 重要的，重大的 2. 有特殊意义的,CET6_edited
signify,ˈsɪɡnɪfaɪ,v.,1. 意味，表明，表示 2.,CET6_edited
signify,ˈsɪɡnɪfaɪ,,(以动作)表示,CET6_edited
silicon,ˈsɪlɪkən,n.,硅,CET6_edited
similar,ˈsɪmɪlə,adj.,相似的，近似的,CET6_edited
simulate,ˈsɪmjʊleɪt,v.,1. 假装，冒充 2. 模拟，模仿,CET6_edited
simultaneous,ˌsɪməlˈteɪnɪəs,adj.,同时发生的，同时做出的，同时的,CET6_edited
sip,sɪp,v.,小口喝，抿 n. 小口喝，一小口的量,CET6_edited
situated,ˈsitjueitid,a.,位于……的，坐落在……的，处于某种境地的,CET6_edited
skeleton,ˈskelɪtən,n.,1. 骨骼，骨架 2. 纲要，轮廓，基干,CET6_edited
skeptical,ˈskeptɪkəl,adj.,怀疑的，多疑的,CET6_edited
skip,skɪp,v.,1. 轻快地跳，跳跃 2. 跳绳 3. 跳过，略去,CET6_edited
skull,skʌl,n.,脑壳，头盖骨,CET6_edited
slack,slæk,adj.,1. 松弛的，没拉紧的 2. 萧条的，清淡的,CET6_edited
slap,slæp,n.,掴，拍，掌声 v. 掴，拍打，掌击,CET6_edited
slash,slæʃ,v.,1. 挥砍，劈刺 2. 大幅度裁减或削减(某物) 3. 在(衣服)上开长缝作装饰 4. 严厉批评 n. 1. 砍，抽 2. 长的切口或裂口 3. 衣服的叉,CET6_edited
slaughter,ˈslɔːtə,n.,& v. 屠宰，屠杀,CET6_edited
slice,slaɪs,n.,薄片，切片，一片  v. 把…切成薄片,CET6_edited
slick,slɪk,adj.,1. 顺利而有效的，不费力的 2.,CET6_edited
slick,slɪk,,(指人)圆滑的，油滑的 3. 光滑的 n. 海面浮油,CET6_edited
slide,slaɪd,v.,1. 滑动，滑行 2. 溜进，潜行 n. 1. 滑，滑行 2. 滑道，滑坡，滑梯 3. 幻灯片,CET6_edited
slight,slaɪt,adj.,1. 轻微的，少量的 2. 纤弱的，脆弱的 v. 轻视，藐视，怠慢,CET6_edited
slippery,ˈslɪpərɪ,adj.,1. 光滑的，湿滑的 2. 滑头的，无耻的,CET6_edited
slogan,ˈsləʊɡən,n.,标语，口号,CET6_edited
slope,sləʊp,n.,1. 倾斜，坡度 2. 倾斜面，斜坡,CET6_edited
slot,slɒt,n.,1.,CET6_edited
slot,slɒt,,(可投入东西的)孔 2. 沟，槽，滑道 3. 在名单、系统、组织等中的位置、空位 v. 1. 在(某物)中开缺口、狭缝、沟槽等 2. 把…安插在空位中，安置,CET6_edited
slum,slʌm,n.,贫民区，贫民窟,CET6_edited
slump,slʌmp,v.,1. 沉重地倒下或落下 2. 暴跌，剧降,CET6_edited
smash,smæʃ,v.,1.,CET6_edited
smash,smæʃ,,(使)破碎，粉碎，打碎 2. 猛撞，猛冲，猛击 3. 痛击，打败，打破(记录等),CET6_edited
smuggle,ˈsmʌɡl,v.,走私，偷运,CET6_edited
snack,snæk,n.,小吃，快餐 || snack bar小吃店，快餐店,CET6_edited
snatch,snætʃ,v.,&n. 抢夺，攫取,CET6_edited
sneak,sniːk,v.,潜行，溜走 n. 怯懦鬼祟的人,CET6_edited
sniff,snɪf,v.,1. 以鼻吸气 2. 嗅，闻,CET6_edited
soar,sɔː,v.,1. 高飞，翱翔 2. 骤升，腾越,CET6_edited
sober,ˈsəʊbə,adj.,1. 未醉的，清醒的 2. 审慎的，镇定的，严肃的,CET6_edited
sociology,ˌsəʊsɪˈɒlədʒɪ,n.,社会学,CET6_edited
solemn,ˈsɒləm,adj.,1. 庄严的，肃穆的 2. 真诚的，正式的 3. 隆重的，庄重的,CET6_edited
solicitor,səˈlɪsɪtə,,n.,CET6_edited
solicitor,səˈlɪsɪtə,,(BrE)律师,CET6_edited
solidarity,ˌsɒlɪˈdærətɪ,n.,团结，一致,CET6_edited
solitary,ˈsɒlɪtərɪ,adj.,1. 独居的，孤独的 2. 单个的，惟一的 3. 偏僻的，人迹罕至的,CET6_edited
solo,ˈsəʊləʊ,n.,1. 独奏(曲)，独唱(曲) 2. 单独表演 adj. 1. 独奏(曲)的，独唱(曲)的 2. 单独的，单独表演的,CET6_edited
soluble,ˈsɒljʊbl,adj.,1. 可溶的 2. 可解决的，可解答的,CET6_edited
solution,səˈluːʃən,n.,1. 解答，解决方法 2. 溶解，溶解过程 3. 溶液,CET6_edited
sophisticated,səˈfɪstɪkeɪtɪd,adj.,1. 老练的，高雅时髦的  2. 复杂的，精细的，尖端的,CET6_edited
sour,ˈsaʊə,adj.,1. 酸的，酸味的 2. 酸腐的，酸臭的 3. 乖庆的，不友好的  v.,CET6_edited
sour,ˈsaʊə,,(使)变酸,CET6_edited
sovereign,ˈsɒvrɪn,adj.,1. 最高的，无上的 2. 独立的，有主权的  n. 君主，统治者,CET6_edited
spacious,ˈspeɪʃəs,adj.,广大的，宽敞的,CET6_edited
span,spæn,n.,跨度 v. 横跨，架桥于…,CET6_edited
sparkle,ˈspɑːkl,v.,闪闪发光，闪烁，闪耀 n. 闪光，闪耀，火花,CET6_edited
specialist,ˈspeʃəlɪst,n.,专家,CET6_edited
specialty,ˈspeʃәlti,n.,1. 专业，专长 2. 特产，特制品 a. 专门的，独立的,CET6_edited
species,ˈspiːʃiːz,,n.,CET6_edited
species,ˈspiːʃiːz,,(sing &pl) 1.,CET6_edited
species,ˈspiːʃiːz,,(生物)种 2. 种类,CET6_edited
specific,spɪˈsɪfɪk,adj.,1. 明确的，详尽的 2. 特定的，特指的,CET6_edited
specification,ˌspesifiˈkeiʃәn,n.,规格，详述，详细说明书,CET6_edited
spectacle,ˈspektəkl,n.,1. 公开展示 2. 景象，光景，壮观 3.,CET6_edited
spectacle,ˈspektəkl,,(pl)眼镜,CET6_edited
spectator,spekˈteɪtə,n.,观众，旁观者,CET6_edited
spectrum,ˈspektrəm,n.,1. 光谱 2. 波长，范围,CET6_edited
speculate,ˈspekjʊleɪt,v.,1. 思索，推测 2. 投机，做投机生意,CET6_edited
spice,spaɪs,n.,1. 香料，调味品 2. 意味，风味 v. 1. 加香料于 2. 为…增添趣味,CET6_edited
spine,spaɪn,n.,1. 脊柱，脊椎 2.,CET6_edited
spine,spaɪn,,(动植物体上的)刺，棘刺 3. 书脊,CET6_edited
spiral,ˈspaɪərəl,n.,1. 螺线，螺旋状的物体 2. 不断加强的上升或下降 adj. 螺旋形的，盘旋的 v. 1. 螺旋形移动，盘旋移动 2. 连续增长或减少,CET6_edited
spite,spaɪt,n.,怨恨，恶意 || in spite of不管，不顾 v. 刁难，使恼怒,CET6_edited
splash,splæʃ,v.,1. 溅，泼 2.,CET6_edited
splash,splæʃ,,(指液体)飞溅，激溅 n. 1. 飞溅，飞溅声，溅污的斑点 2. 有颜色的斑点,CET6_edited
spoil,spɔɪl,v.,1. 损坏，糟蹋 2. 宠坏，溺爱 n. 掠夺物，赃物,CET6_edited
sponge,spʌndʒ,n.,海绵， v. 1. 用海绵等擦拭、洗涤或清除 2. 用海绵吸收(液体),CET6_edited
spontaneous,spɒnˈteɪnɪəs,adj.,自发的，自然的，自动的,CET6_edited
spouse,spaʊz,n.,配偶,CET6_edited
sprinkle,ˈsprɪŋkl,v.,洒，喷，淋  n. 少量，少数,CET6_edited
spy,spaɪ,n.,1. 间谍，密探，侦探 2. 窥视者，秘密监视者 v. 1. 侦察，窥探，秘密监视 2. 观察，发现,CET6_edited
squad,skwɒd,n.,班，小组，小队,CET6_edited
stab,stæb,v.,1. 刺，戳，刺入 2. 产生刺痛 n. 刺，戳，刺痛，伤痛,CET6_edited
stability,stəˈbɪlətɪ,n.,坚固性，稳定性，安定,CET6_edited
stabilize,ˈsteɪbɪlaɪz,v.,使稳定，使沉稳,CET6_edited
stack,stæk,n.,1. 整齐叠起的一堆 2. 干草垛,CET6_edited
stagger,ˈstæɡə,v.,1.,CET6_edited
stagger,ˈstæɡə,,(使)摇晃，蹒跚而行 2. 使摇摆，使震惊 3. 间隔，错开,CET6_edited
staircase,ˈsteəkeɪs,n.,楼梯，楼梯间(= stairway),CET6_edited
standpoint,ˈstændpɔɪnt,n.,立场，立脚点，观点,CET6_edited
startle,ˈstɑːtl,v.,使惊愕，使吃惊,CET6_edited
statement,ˈsteɪtmənt,n.,1. 陈述，声明 2. 财务报表 /报告书，结算表,CET6_edited
statesman,ˈsteɪtsmən,n.,政治家，政治领导人,CET6_edited
stationary,ˈsteɪʃənərɪ,adj.,不动的，静止的,CET6_edited
status,ˈsteɪtəs,n.,1. 身份，地位 2. 威望，名望 3. 情形，状况,CET6_edited
stereo,ˈsterɪəʊ,n.,立体声，立体声系统 adj. 立体声的,CET6_edited
stereotype,ˈsterɪətaɪp,n.,1. 模式化的形象、思想、人物等，老一套 2. 铅版 v. 使定型，使固定,CET6_edited
sticky,ˈstɪkɪ,adj.,1. 粘的，粘性的 2. 棘手的，尴尬的,CET6_edited
stimulus,ˈstɪmjʊləs,,(pl stimuli) n. 刺激(物)，激励,CET6_edited
stock,stɒk,n.,1. 贮存，储备 2. 存货，现货 3. 股票 || stock certificate股票，证券 [stock dividend红利，股息] stock exchange证券交易所 /stock market股票市场,CET6_edited
straightforward,ˌstreɪtˈfɔːwəd,adj.,1. 诚实的，坦白的 2. 易懂的，易做的,CET6_edited
strain,streɪn,n.,1. 拉紧，扯紧 2. 需费神之事物 3. 劳累，疲惫，竭尽 4. 扭筋，脱臼 v. 1. 拉紧，扯紧，张紧 2. 尽量利用，尽全力 3. 损伤，耗损,CET6_edited
strand,strænd,,n.,CET6_edited
strand,strænd,,(绳索、缆线等的)一股，一缕,CET6_edited
strategy,ˈstrætədʒɪ,n.,1. 战略(学)，策略(学)，兵法 2. 策略，谋略，妙计,CET6_edited
stray,streɪ,v.,走失，迷路，离题 adj. 1. 流浪的，迷路的 2. 孤零的，离群的,CET6_edited
streak,striːk,n.,1. 条纹，纹理 2.,CET6_edited
streak,striːk,,(性格上不太好的)特质，性情，癖性 v. 在…上加条纹,CET6_edited
stream,striːm,n.,1.,CET6_edited
stream,striːm,,(小)河，川，溪流 2.,CET6_edited
stream,striːm,,(液体、人、物等的)不断流出 v. 1. 倾注，流出 2. 飘扬，招展,CET6_edited
streamline,ˈstriːmlaɪn,v.,1. 把…设计或制成流线型 2. 使精简,CET6_edited
stride,straɪd,v.,1. 大步行走 2. 跨过，跨越 n. 大步，阔步，跨幅,CET6_edited
string,strɪŋ,n.,1. 细绳，带子 2. 乐器的弦 3. 以线串成之物，一串，一列 v. 1. 缚，扎，穿 2. 上弦,CET6_edited
strive,straɪv,v.,1. 抗争，搏斗 2. 奋勉，努力,CET6_edited
stroke,strəʊk,n.,1. 打击，一击 2. 身体上部及手臂的活动，一击，一挥，一划，一动 3. 一笔，笔画 4. 钟声，敲击声 5. 中风  v. 抚摸,CET6_edited
stroll,strəʊl,n.,& v. 漫步，闲逛，遨游,CET6_edited
stubborn,ˈstʌbən,adj.,1. 顽固的，执拗的 2. 棘手的，难对付的,CET6_edited
stumble,ˈstʌmbl,v.,1. 绊脚，绊跌 2. 蹒跚而行，行动不稳 3. 结结巴巴地说 || stumble across [on] upon偶然碰见，偶尔发现,CET6_edited
stump,stʌmp,n.,1. 树桩，残株 2. 残余部分,CET6_edited
stun,stʌn,v.,1. 将(人或动物)打昏(尤指击打头部) 2. 使目瞪口呆，使吃惊 3. 令人喜悦,CET6_edited
sturdy,ˈstɜːdɪ,adj.,1. 强健的，结实的 2. 坚定的，不屈不挠的,CET6_edited
subjective,səbˈdʒektɪv,adj.,1.,CET6_edited
subjective,səbˈdʒektɪv,,(指思想、感情等)主观的(属于自我意识方面的) 2. 主观的(以个人的好恶、观点等为依据的,CET6_edited
submarine,ˌsʌbməˈriːn,n.,潜水艇，潜水舰 adj. 海下的，海底的,CET6_edited
submit,səbˈmɪt,v.,1. 服从，屈从 2. 呈送，提交，提出,CET6_edited
subordinate,səˈbɔːdɪnət,adj.,下级的，次要的，附属的 n. 属下，部属，属僚 [səˈbɔːdɪneɪt] v. 使居次要地位，使隶属,CET6_edited
subscribe,səbˈskraɪb,v.,1. 认捐，捐助，应募 2. 订阅(to)，预约(for) 3. 签署,CET6_edited
subsequent,ˈsʌbsɪkwənt,adj.,后来的，随后的，继起的,CET6_edited
subsidiary,səbˈsɪdɪərɪ,adj.,1. 附属的，次要的 2.,CET6_edited
subsidiary,səbˈsɪdɪərɪ,,(指业务机构)附属的，附设的,CET6_edited
subsidy,ˈsʌbsɪdɪ,n.,补助金，津贴,CET6_edited
substance,ˈsʌbstəns,n.,1. 物质，物 2. 实质，本旨,CET6_edited
substantial,səbˈstænʃəl,adj.,1. 牢固的，坚实的 2. 充裕的，丰足的 3. 主要的，实质性的，实体的,CET6_edited
substitute,ˈsʌbstɪtjuːt,n.,代理人，代替者，代用品，代替物 v. 代替，替换，代用,CET6_edited
subtle,ˈsʌtl,adj.,1. 微细的，微妙的，难以察觉的 2. 精巧的，精妙的 3. 敏感的，敏锐的,CET6_edited
subtract,səbˈtrækt,v.,减去，扣除,CET6_edited
suburb,ˈsʌbɜːb,n.,郊区，市郊,CET6_edited
successive,səkˈsesɪv,adj.,继续的，连续的，接连的,CET6_edited
successor,səkˈsesə,n.,继承人，继任者，接班人,CET6_edited
sue,sjuː,v.,1. 控告(某人) 2. 请求(常于法庭上),CET6_edited
suffice,səˈfaɪs,v.,1. 足够 2. 足够…之需，使满足,CET6_edited
sufficient,səˈfɪʃənt,adj.,足够的，充分的,CET6_edited
suite,swiːt,n.,1. 一套家具 2. 一套房间，套间 3. 一套物件 4.,CET6_edited
suite,swiːt,,(音乐)组曲,CET6_edited
sulfur,ˈsʌlfә,n.,硫，硫磺 v. 用硫磺处理,CET6_edited
summit,ˈsʌmɪt,n.,1. 顶点，极点 2.,CET6_edited
summit,ˈsʌmɪt,,(山的)尖峰，巅峰，高峰 3. 政府首脑会议，高峰会议,CET6_edited
summon,ˈsʌmən,v.,1. 召唤，传唤，召集 2. 鼓起(勇气、力量等),CET6_edited
superficial,ˌsjuːpəˈfɪʃəl,adj.,1. 表面的，表面性的 2. 肤浅的，浅薄的,CET6_edited
superintendent,ˌsjuːpərɪnˈtendənt,n.,1. 督导，总监，总管 2. 英国警察局长,CET6_edited
superior,sjuːˈpɪərɪə,adj.,1. 优良的，卓越的 2. 数目较大的，较多的 3.,CET6_edited
superior,sjuːˈpɪərɪə,,(职位等)较高的，上级的 4. 傲慢的，自大的 n. 上司，上级，长辈,CET6_edited
superiority,sjuːˌpɪərɪˈɒrətɪ,n.,优秀，优越，优胜,CET6_edited
supersonic,ˌsjuːpəˈsɒnɪk,adj.,超声(频)的，超音速的,CET6_edited
supervise,ˈsjuːpəvaɪz,v.,监督，管理，指导,CET6_edited
supplement,ˈsʌplɪmənt,n.,1. 增补，补充 2. 增刊，副刊，补编，附录  v. 增补，补充,CET6_edited
supplementary,ˌsʌplɪˈmentərɪ,adj.,1. 补充的，附加的 2.,CET6_edited
supplementary,ˌsʌplɪˈmentərɪ,,(指角)补角的,CET6_edited
suppress,səˈpres,v.,1. 镇压，平定，制止 2. 抑制，隐瞒，扣留,CET6_edited
supreme,sjuːˈpriːm,adj.,1. 最高的，至高无上的 2. 最重要的，最大的,CET6_edited
surge,sɜːdʒ,v.,1. 在浪涛中或如同波浪般前进 2. 急剧上升 n. 1. 向前或向上的运动 2. 突然发生，激增,CET6_edited
surgeon,ˈsɜːdʒən,n.,外科医生,CET6_edited
surgery,ˈsɜːdʒərɪ,n.,外科，外科手术,CET6_edited
surpass,səˈpɑːs,v.,超越，凌驾，胜过,CET6_edited
surplus,ˈsɜːpləs,n.,1. 剩余，过剩 2. 余款，余额 adj. 多余的，盈余的,CET6_edited
survival,səˈvaɪvəl,n.,1. 生存，残存 2. 残存者，遗物，遗风,CET6_edited
survive,səˈvaɪv,v.,1. 残存，幸存，生还 2. 比…长寿,CET6_edited
susceptible,səˈseptəbl,adj.,1. 易受影响的 2. 易受…之苦的，易得…病的,CET6_edited
suspension,səˈspenʃən,n.,1. 悬浮，暂停，停职 2.,CET6_edited
suspension,səˈspenʃən,,(车辆的)悬挂装置 3. 悬浮(液),CET6_edited
suspicion,səˈspɪʃən,n.,怀疑，猜疑，嫌疑，疑心,CET6_edited
suspicious,səˈspɪʃəs,adj.,1. 怀疑的，疑心的，多疑的 2. 可疑的,CET6_edited
sustain,səˈsteɪn,v.,1. 支撑，承受 2. 维持，支持 3. 蒙受，遭受,CET6_edited
swamp,swɒmp,n.,沼泽，沼泽地,CET6_edited
swap,swɒp,v.,交换(物品·位置)n. 1. 交换 2. 交换物,CET6_edited
symbol,ˈsɪmbəl,n.,象征，符号,CET6_edited
symmetry,ˈsɪmətrɪ,n.,对称，匀称,CET6_edited
sympathetic,ˌsɪmpəˈθetɪk,adj.,有同情心的，表示同情的,CET6_edited
sympathy,ˈsɪmpəθɪ,n.,同情，怜悯,CET6_edited
symphony,ˈsɪmfənɪ,n.,交响乐，交响曲,CET6_edited
symposium,sɪmˈpəʊzɪəm,,n.,CET6_edited
symposium,sɪmˈpəʊzɪəm,,(专题)研讨会，讨论会,CET6_edited
syndrome,ˈsɪndrəʊm,n.,综合征,CET6_edited
synthesis,ˈsɪnθəsɪs,n.,1. 综合，合成 2. 综合物 3.,CET6_edited
synthesis,ˈsɪnθəsɪs,,(化学)合成法,CET6_edited
tack,tæk,n.,1. 平头钉，大头钉 2. 思路，行动方针 v. 1. 以大头针钉住 2. 附加,CET6_edited
tackle,ˈtækl,n.,1.,CET6_edited
tackle,ˈtækl,,(橄榄球赛中)阻挡并绊倒 对手，抢球 2. 用具，器械 3. 滑车，滑车索具 v. 1. 着手处理，对付 2. 向某人提起(尴尬之事) 3.,CET6_edited
tackle,ˈtækl,,(橄榄球赛中)抱住并摔倒或挡住(对方球员)，(球赛中向对方球员)抢球,CET6_edited
tame,teɪm,adj.,1. 驯良的，驯服的 2. 顺从的，温顺的 v. 驯服，制服,CET6_edited
tan,tæn,v.,1. 硝(皮)，靴(革) 2.,CET6_edited
tan,tæn,,(使某物)晒成褐色，晒黑 3. 痛打 || tan sb’s hide 痛打某人 n. 1. 黄褐色 2. 晒黑的肤色,CET6_edited
tangle,ˈtæŋɡl,v.,1.,CET6_edited
tangle,ˈtæŋɡl,,(使某物)乱作一团 2.,CET6_edited
tangle,ˈtæŋɡl,,(使)纠缠，(使)混乱  n. 1. 乱七八糟的一堆 2. 混乱,CET6_edited
tanker,ˈtæŋkə,n.,油轮，运油车,CET6_edited
target,ˈtɑːɡɪt,n.,1. 靶子，标的 2. 攻击(批评、嘲笑)的对象，目标 3. 拟达到的总数或指标 v. 把…作为目标或对象,CET6_edited
tariff,ˈtærɪf,n.,1. 关税 2.,CET6_edited
tariff,ˈtærɪf,,(酒店、餐馆等的)价目表,CET6_edited
tease,tiːz,v.,取笑，揶揄，嘲弄,CET6_edited
tedious,ˈtiːdɪəs,adj.,沉闷的，厌烦的，乏味的,CET6_edited
telecommunication,ˈtelikәmjuːniˈkeiʃәn,n.,电讯，远距离通讯，无线电通讯,CET6_edited
temper,ˈtempə,n.,1. 心情，脾气，性情，气质 2.,CET6_edited
temper,ˈtempə,,(钢等物质的)硬度、韧度，回火度 || be in a (bad) temper在生气，在发怒 [be in a good temper心情好] get into a temper发怒 /,CET6_edited
temper,ˈtempə,lose,one’s temper发脾气 v. 1. 回火，锻炼 2. 使软化，调剂，缓和,CET6_edited
temperament,ˈtemprəmənt,n.,气质，性情，禀性,CET6_edited
tempo,ˈtempəʊ,n.,1.,CET6_edited
tempo,ˈtempəʊ,,(乐曲的)速度节拍 2.,CET6_edited
tempo,ˈtempəʊ,,(运动或活动的)速度，进度,CET6_edited
tempt,tempt,v.,1. 引诱，勾引 2. 诱导，导致,CET6_edited
tenant,ˈtenənt,n.,房客，佃户，承租人,CET6_edited
tendency,ˈtendənsɪ,n.,倾向，趋势,CET6_edited
tentative,ˈtentətɪv,adj.,1. 试探性的，临时性的 2. 踌躇的，无把握的,CET6_edited
terminate,ˈtɜːmɪneɪt,,v.,CET6_edited
terminate,ˈtɜːmɪneɪt,,(使)终止，结束,CET6_edited
terrace,ˈterəs,n.,1. 梯田，台地 2.,CET6_edited
terrace,ˈterəs,,(梯级宽且矮的)台阶(如看台) 3. 排房(设计相同的一排房屋),CET6_edited
terrain,təˈreɪn,n.,地形，地势,CET6_edited
terrific,təˈrɪfɪk,adj.,1. 可怕的，令人恐怖的 2. 极大的，极端的 3. 极妙的;了不起的,CET6_edited
terrify,ˈterɪfaɪ,v.,使恐怖，惊吓 || be terrified at对…感到恐惧,CET6_edited
territory,ˈterɪtərɪ,n.,1. 领土 2. 土地，区域 3.,CET6_edited
territory,ˈterɪtərɪ,,(AmE)属地,CET6_edited
testify,ˈtestɪfaɪ,v.,1. 作证，证实 2. 表明，证明,CET6_edited
testimony,ˈtestɪmənɪ,n.,1.,CET6_edited
testimony,ˈtestɪmənɪ,,(书面或口头的)证词(尤指发誓后作出的) 2.,CET6_edited
testimony,ˈtestɪmənɪ,,(对事物的)见证或证明,CET6_edited
texture,ˈtekstʃə,n.,质地，纹理，织法,CET6_edited
thanksgiving,ˈθæŋksˌgiviŋ,n.,感谢，感恩,CET6_edited
theft,θeft,n.,偷窃，盗窃,CET6_edited
theme,θiːm,n.,1. 话题，主题 2. 主旋律，基调,CET6_edited
thereafter,ðeərˈɑːftə,adv.,此后，其后,CET6_edited
therefore,ˈðeəfɔː,adv.,&conj. 因此，所以,CET6_edited
thermal,ˈθɜːməl,adj.,1. 热的，热量的 2. 温暖的，热的 3.,CET6_edited
thermal,ˈθɜːməl,,(指衣物)保暖的，防寒的 n. 热气流,CET6_edited
thesis,ˈθiːsɪs,n.,1. 学位论文，论文 2. 论点，论题,CET6_edited
thigh,θaɪ,n.,股，大腿,CET6_edited
thorn,θɔːn,n.,1. 刺，棘 2. 荆棘,CET6_edited
threaten,ˈθretən,v.,1. 恐吓，威胁 2. 预示，有…的征兆,CET6_edited
threshold,ˈθreʃhəʊld,n.,1. 门槛，门口 2. 开端，开始,CET6_edited
thrill,θrɪl,n.,1.,CET6_edited
thrill,θrɪl,,(一阵)激动，战栗，震颤 2. 使(人)心情激荡的书(影剧等) v. 使震颤，使激动,CET6_edited
thrive,θraɪv,v.,兴盛，成功，繁荣,CET6_edited
throne,θrəʊn,n.,1. 宝座，御座 2. 王权，王位,CET6_edited
tick,tɪk,n.,1. 滴答声(尤指钟表的) 2. 核对记号，勾号 v. 1.,CET6_edited
tick,tɪk,,(指钟等)作滴答声 2. 用记号标出,CET6_edited
tickle,ˈtɪkl,v.,1. 胳肢，呵痒 2. 使愉悦，满足,CET6_edited
tile,taɪl,n.,瓦，瓷砖,CET6_edited
tilt,tɪlt,,v.,CET6_edited
tilt,tɪlt,,(使)倾斜，(使) 翘起 n. 倾斜，斜坡 || at full tilt全速地,CET6_edited
timely,ˈtaɪmlɪ,adj.,及时的，适时的，合时宜的,CET6_edited
timid,ˈtɪmɪd,adj.,胆小的，羞怯的,CET6_edited
tissue,ˈtɪʃuː,n.,1.,CET6_edited
tissue,ˈtɪʃuː,,(任何种类的)织物 2.,CET6_edited
tissue,ˈtɪʃuː,,(动植物的)组织 3. 薄纸，面纸,CET6_edited
token,ˈtəʊkən,n.,1. 标记，象征 2. 代币，辅币 3. 代价券，礼券,CET6_edited
tolerant,ˈtɒlərənt,adj.,容忍的，宽容的,CET6_edited
toss,tɒs,v.,1. 投，扔，抛 2.,CET6_edited
toss,tɒs,,(使)颠簸，(使)摇摆 3.,CET6_edited
toss,tɒs,,(指身体部分)突然举起，突然抬起 4. 轻拌 5. 掷(钱币)(看其正反)以决定某事  n. 1. 投，扔，抛 2. 一点点，丝毫,CET6_edited
tow,təʊ,v.,& n. 拖，拉，牵引,CET6_edited
toxic,ˈtɒksɪk,adj.,有毒(性)的,CET6_edited
tract,trækt,n.,1. 一大片土地，地带 2.,CET6_edited
tract,trækt,,(人体、动物的)系统，道，束,CET6_edited
trademark,ˈtreɪdmɑːk,n.,商标,CET6_edited
tragic,ˈtrædʒɪk,adj.,1. 悲 J渗的，不幸的 2. 悲剧的,CET6_edited
trait,treɪt,,n.,CET6_edited
trait,treɪt,,(人的)个性，显著的特点,CET6_edited
transaction,trænˈzækʃən,n.,1. 办理，处理 2. 业务，交易 3.,CET6_edited
transaction,trænˈzækʃən,,(pl)(学术团体会议的)议事录，公报,CET6_edited
transcend,trænˈsend,v.,1. 超出(超越) …的范围 2. 优于(胜过)某人(事物),CET6_edited
transform,trænsˈfɔːm,v.,使完全改变，使改观,CET6_edited
transient,ˈtrænzɪənt,adj.,短暂的，转瞬即逝的 n. 仅短暂在某地停留或工作的人,CET6_edited
transistor,tærnˈzɪstə,n.,1. 晶体管 2. 晶体管收音机,CET6_edited
transit,ˈtrænsɪt,n.,1. 通过，经过 2. 运输，运送，载运,CET6_edited
transition,trænˈsɪʃən,n.,转变，过渡，变迁,CET6_edited
transmission,trænzˈmɪʃən,n.,1. 传送，中转 2. 电视或无线电播送,CET6_edited
transmit,trænzˈmɪt,v.,1. 播送，传送 2. 转送，传达 3. 传染，传播 4. 传导，传动,CET6_edited
transplant,trænsˈplɑːnt,v.,1. 移植(植物) 2. 移植(器官、皮肤、头发等),CET6_edited
transport,trænˈspɔːt,v.,1. 运输，输送 2. 放逐，流放 n. 1. 运输 2. 运输工具,CET6_edited
traverse,trəˈvɜːs,v.,横越，穿过 n. 1. 横越，贯穿 2. 横断物，横杆，横线,CET6_edited
treaty,ˈtriːtɪ,n.,1.,CET6_edited
treaty,ˈtriːtɪ,,(国与国间缔结的)条约 2.,CET6_edited
treaty,ˈtriːtɪ,,(人与人之间的)协商，协议，谈判,CET6_edited
tremendous,trɪˈmendəs,adj.,1. 惊人的，巨大的 2. 绝好的，极棒的,CET6_edited
trench,trentʃ,n.,1. 沟渠，壕沟 2. 战壕,CET6_edited
trend,trend,n.,趋势，趋向 v. 向，倾向,CET6_edited
trial,ˈtraɪəl,n.,1. 尝试，试验 2. 审讯，审判 3. 考验，磨难,CET6_edited
tribe,traɪb,n.,种族，部落,CET6_edited
tribute,ˈtrɪbjuːt,n.,1. 表示敬意或称赞的行动(言语或礼物) 2. 贡品，贡金,CET6_edited
trifle,ˈtraɪfl,n.,1. 小事，琐碎之物 2. 少量的钱 3. 稍微，有点,CET6_edited
trigger,ˈtrɪɡə,,n.,CET6_edited
trigger,ˈtrɪɡə,,(枪的)扳机，触发器 v. 激发起，引起,CET6_edited
triple,ˈtrɪpl,adj.,三倍的，三重的 v. 增至三倍,CET6_edited
triumph,ˈtraɪəmf,n.,凯旋，胜利，成功,CET6_edited
trivial,ˈtrɪvɪəl,adj.,不重要的，琐屑的，无价值的,CET6_edited
tub,tʌb,n.,1. 桶，盆 2. 浴盆，浴缸,CET6_edited
tuck,tʌk,v.,1. 塞进，插进 2. 卷起，折起 3. 打褶桐,CET6_edited
tug,tʌɡ,v.,用力拖，使劲拉 n. 1. 猛拉，拖 2. 拖船(=tugboat),CET6_edited
tuition,tjuːˈɪʃən,n.,学费,CET6_edited
tumble,ˈtʌmbl,n.,1. 滚动，翻滚 2. 体操技巧动作表演 3. 跌倒，跌落，下台 v. 1. 跌倒，滚落 2. 忽然下台，垮台 3. 领会，顿悟,CET6_edited
tunnel,ˈtʌnəl,n.,隧道，坑道 v. 开隧道，开隧道穿过,CET6_edited
turbulent,ˈtɜːbjʊlənt,adj.,1.,CET6_edited
turbulent,ˈtɜːbjʊlənt,,(空气或水)流动猛烈而不稳定的 2. 混乱的，不安的,CET6_edited
turnover,ˈtɜːnˌəʊvə,n.,1.,CET6_edited
turnover,ˈtɜːnˌəʊvə,,(一定时期的)营业额 2.,CET6_edited
turnover,ˈtɜːnˌəʊvə,,(商店的)货物周转率 3. 人事变动率,CET6_edited
tutor,ˈtjuːtə,n.,家庭教师，私人教师,CET6_edited
twist,twɪst,v.,1. 搓，捻，绞 2. 转动，拧，扭 3. 曲解 4. 盘旋，迂回 n. 1. 搓，捻，绞 2. 弯曲，曲折,CET6_edited
ultimate,ˈʌltɪmət,adj.,1. 最后的，最终的 2. 极点的，绝顶的 3. 基本的，首要的,CET6_edited
ultraviolet,ˌʌltrəˈvaɪələt,adj.,1. 紫外的 2. 紫外线的,CET6_edited
unanimous,juːˈnænɪməs,adj.,一致同意的，一致通过的,CET6_edited
underestimate,ˌʌndərˈestɪmeɪt,v.,低估，看轻,CET6_edited
undergo,ˌʌndəˈɡəʊ,v.,经历，经受,CET6_edited
underlying,ˌʌndәˈlaiiŋ,a.,1. 在下面的 2. 优先的，基础的,CET6_edited
undermine,ˌʌndəˈmaɪn,v.,1. 损毁…的地基 2. 削弱 3. 逐渐摧毁,CET6_edited
unemployment,ˌʌnɪmˈplɔɪmənt,n.,1. 失业 2. 失业人数,CET6_edited
unfold,ʌnˈfəʊld,v.,1. 展开，打开，摊开 2. 展现，披露，挑明,CET6_edited
unity,ˈjuːniti,n.,1. 一致，联合 2. 单一(性)，唯一(性),CET6_edited
unique,juːˈniːk,adj.,1. 独特的，无可匹敌的 2. 惟一的，(书籍)孤本的 3. 稀罕的，不寻常的,CET6_edited
unity,ˈjuːnətɪ,n.,1. 单一，J准一，统一，一体 2. 统一的事物，统一体，整体 3.,CET6_edited
unity,ˈjuːnətɪ,,(目标、思想、情感等)和谐，协调，和睦，团结，一致,CET6_edited
universe,ˈjuːnɪvɜːs,n.,1. 宇宙，天地万物 2. 星河，银河系,CET6_edited
update,ˌʌpˈdeɪt,v.,更新，使现代化  || update sb (on sth)向…提供最新信息 n. 更新，提供最新信息,CET6_edited
upgrade,ˌʌpˈɡreɪd,v.,提高某人(某事物)的级别或等级，提高…档次 || upgrade sb (sth) to sb (sth)提升,CET6_edited
uphold,ˌʌpˈhəʊd,v.,1. 举起 2. 支持,CET6_edited
upright,ˈʌpraɪt,adj.,1. 直立的，垂直的 2. 正直的，诚实的,CET6_edited
urban,ˈɜːbən,adj.,城市的，都市的,CET6_edited
urge,ɜːdʒ,v.,催促，力劝，激励 n. 1. 驱策力，推动力 2. 强烈的欲望，迫切的要求,CET6_edited
utilize,ˈjuːtɪlaɪz,v.,利用，应用,CET6_edited
utmost,ˈʌtməʊst,adj.,最大的，极度的 n. 极限， || do (try)one's utmost(to do sth)竭力，竭尽所能,CET6_edited
vacant,Iveikant,adj.,1. 空的 2. 空缺的，悬空的 3. 空虚的，茫然的,CET6_edited
vain,veɪn,adj.,1. 自负的，得意的 2. 徒劳的，徒然的 3. 空虚的，枉然的 || in vain徒  然，徒劳无功,CET6_edited
valid,ˈvælɪd,adj.,1. 正确的，有根据的 2. 有效的,CET6_edited
valve,vælv,n.,1. 活门，阀 2.,CET6_edited
valve,vælv,,(心脏或血管的)瓣膜,CET6_edited
van,væn,n.,1. 大篷货车 2.,CET6_edited
van,væn,,(AmE)有篷盖的铁路货车,CET6_edited
variation,ˌveərɪˈeɪʃən,n.,变化，变动,CET6_edited
various,ˈveərɪəs,adj.,1. 不同的，各种各样的 2. 多个的,CET6_edited
vary,ˈveərɪ,v.,1. 有变化，相异 2. 改变，变更,CET6_edited
vast,vɑːst,adj.,1. 巨大的，广袤的 2. 庞大的，众多的，无数的,CET6_edited
vegetation,ˌvedʒɪˈteɪʃən,n.,植物，草木,CET6_edited
vehicle,ˈviːɪkl,n.,1. 运载工具，车辆 2. 媒介物，手段,CET6_edited
veil,veɪl,n.,1. 面纱，面罩 2. 遮蔽物,CET6_edited
vein,veɪn,n.,1. 静脉 2. 叶脉，矿脉，纹理，纹路 3. 气质，风格,CET6_edited
velocity,vɪˈlɒsətɪ,n.,1.,CET6_edited
velocity,vɪˈlɒsətɪ,,(物理学中的)速度 2. 迅速，快速,CET6_edited
velvet,ˈvelvɪt,n.,天鹅绒 adj. 天鹅绒的，如天鹅绒的，柔软的，光滑的,CET6_edited
vent,vent,n.,1. 通风孔，排气管 2. 排放，发泄 || give vent to sth发泄  v. 发泄(情感),CET6_edited
ventilate,ˈventɪleɪt,v.,使通风,CET6_edited
venture,ˈventʃə,n.,冒险，冒险事业 v. 1. 冒险 2. 敢于，胆敢,CET6_edited
verbal,ˈvɜːbl,adj.,1. 口头的 2. 词语的，用词的 3. 动词的,CET6_edited
verdict,ˈvɜːdɪkt,n.,1.,CET6_edited
verdict,ˈvɜːdɪkt,,(陪审团的)裁决，裁定 2. 判断，意见,CET6_edited
verge,vɜːdʒ,n.,边缘，边际 || be on the verge of濒于，濒临  v. 接近，濒临,CET6_edited
verify,ˈverɪfaɪ,v.,核实，查证,CET6_edited
versatile,ˈvɜːsətaɪl,adj.,1. 多才多艺的 2. 用途广泛的,CET6_edited
verse,vɜːs,n.,1. 韵文 2. 诗歌，诗,CET6_edited
version,ˈvɜːʃən,n.,1. 说法，看法 2. 译文，译本 3. 版本，变形，变体,CET6_edited
versus,ˈvɜːsəs,,prep.,CET6_edited
versus,ˈvɜːsəs,,(比赛等中)对，与…相对,CET6_edited
vertical,ˈvɜːtɪkl,adj.,垂直的，直立的 n. 垂直线，垂直面,CET6_edited
veto,ˈviːtəʊ,n.,1.,CET6_edited
veto,ˈviːtəʊ,,(pl)否决权 2. 否决或禁止某事物的声明 v. 否决或禁止(某事物),CET6_edited
vice,vaɪs,n.,1. 罪恶，堕落 2. 缺点，毛病,CET6_edited
vicinity,vɪˈsɪnətɪ,n.,1. 附近，邻近 2. 附近地区,CET6_edited
vicious,ˈvɪʃəs,adj.,1. 恶毒的，残忍的 2. 邪恶的，罪恶的 3. 危险的，险恶的 4. 谬误的,CET6_edited
victim,ˈvɪktɪm,n.,1.,CET6_edited
victim,ˈvɪktɪm,,(祭神的)牺牲品，祭品 2. 牺牲者，受害者，受灾者,CET6_edited
vigorous,ˈvɪɡərəs,adj.,强壮的，精力充沛的,CET6_edited
violate,ˈvaɪəleɪt,v.,1. 违犯，违反 2. 侵犯，妨碍,CET6_edited
violent,ˈvaɪələnt,adj.,1. 剧烈的，猛烈的 2. 厉害的，极端的 3(人)暴戾的 4.,CET6_edited
violent,ˈvaɪələnt,,(死伤等)暴力造成的 5.,CET6_edited
violent,ˈvaɪələnt,,(感情、言语等)激昂的，激烈的,CET6_edited
virgin,ˈvɜːdʒɪn,n.,处女 adj. 1. 处女的 2. 未开发的 3. 首次的,CET6_edited
virtual,ˈvәːtʃuәl,a.,1. 实质上的；事实上的 2.,CET6_edited
virtual,ˈvәːtʃuәl,,(计算机)虚拟的,CET6_edited
virtue,ˈvɜːtʃuː,n.,1. 德行，美德 2. 优良品德 3. 优点，好处 || by virtue of由于…,CET6_edited
visa,ˈviːzə,,n.,CET6_edited
visa,ˈviːzə,,(护照等的)签证 || an entry visa入境签证 /an exit visa出境签证,CET6_edited
vision,ˈvɪʒən,n.,1. 视力，视觉 2. 远见，眼光 3. 想象，幻想,CET6_edited
visualize,ˈvɪʒʊəlaɪz,v.,想象，设想,CET6_edited
vital,ˈvaɪtl,adj.,1. 生命的，与生命有关的 2. 紧要的，关系重大的 3. 致命的 4. 生气勃勃的,CET6_edited
vivid,ˈvɪvɪd,adj.,1.,CET6_edited
vivid,ˈvɪvɪd,,(指颜色等)强烈的，鲜明的 2. 有生气的，活泼的 3. 逼真的，生动的,CET6_edited
vocal,ˈvəʊkəl,adj.,1. 声音的，发声的，口头的 2. 畅所欲言的，直言的 n.,CET6_edited
vocal,ˈvəʊkəl,,(爵士乐或流行音乐的)歌唱部分,CET6_edited
vocational,vәuˈkeiʃәnl,a.,职业的，行业的，业务的,CET6_edited
void,vɔɪd,n.,空间，真空 adj. 1. 空的，空虚的 2. 无效的，作废的,CET6_edited
volume,ˈvɒljuːm,n.,1. 音量，响度 2. 体积，容积 3. 卷，册 4. 大量，许多,CET6_edited
voluntary,ˈvɒləntərɪ,adj.,自愿的，自动的，自发的,CET6_edited
volunteer,ˌvɒlənˈtɪə,n.,1. 志愿者 2. 志愿兵  v. 1. 自愿效劳，自告奋勇 2. 自动说出,CET6_edited
vulgar,ˈvʌlɡə,adj.,1. 粗鲁的，卑下的 2. 庸俗的，低级的,CET6_edited
vulnerable,ˈvʌlnərəbl,adj.,1. 易受攻击的，有弱点的 2.,CET6_edited
vulnerable,ˈvʌlnərəbl,,(指人)易受伤害的，脆弱的，敏感的,CET6_edited
wallet,ˈwɒlɪt,n.,皮夹，钱包,CET6_edited
ward,wɔːd,n.,病房，牢房,CET6_edited
wardrobe,ˈwɔːdrəʊb,n.,衣橱，衣柜,CET6_edited
warehouse,ˈweəhaʊs,n.,仓库，货栈,CET6_edited
warfare,ˈwɔːfeə,n.,战争，交战,CET6_edited
warrant,ˈwɒrənt,n.,1. 授权(证)，许可证，逮捕状，搜查令 2.,CET6_edited
warrant,ˈwɒrənt,,(正当)理由，证明，保证 v. 使有正当理由，向…保证,CET6_edited
watertight,ˈwɔːtətaɪt,adj.,1. 水密的 2. 无懈可击的，严密的,CET6_edited
watt,wɒt,n.,瓦(电力单位),CET6_edited
wax,wæks,n.,蜡，火漆，封蜡 v. 给…上蜡,CET6_edited
wealth,welθ,n.,1. 财富，(巨额的)财产 2. 大量，丰富 || a wealth of大量的,CET6_edited
wealthy,ˈwelθɪ,adj.,富有的,CET6_edited
weapon,ˈwepən,n.,武器，兵器,CET6_edited
weary,ˈwɪərɪ,adj.,非常疲倦的 wearily，weariness,CET6_edited
web,web,n.,蜘蛛网，网状物,CET6_edited
wedge,wedʒ,n.,楔子 v. 用楔子把…固定住,CET6_edited
weird,wɪəd,adj.,古怪的，奇异的，荒谬的,CET6_edited
whereas,hweərˈæz,conj.,而，却，反之,CET6_edited
whereby,hweəˈbaɪ,adv.,借以，凭那个,CET6_edited
whirl,hwɜːl,v.,1. 使旋转，使急转 2. 卷走 n. 1. 旋转，晕眩 2. 急速而混乱的动作或活动,CET6_edited
withdraw,wɪðˈdrɔː,v.,1. 收回，取回 2.,CET6_edited
withdraw,wɪðˈdrɔː,,(使)撤退，(使)退出,CET6_edited
withhold,wɪðˈhəʊld,v.,不给，拒绝,CET6_edited
witness,ˈwɪtnɪs,n.,目击者，证人 v. 1. 目睹，目击 2. 表明，证明，显示,CET6_edited
worthwhile,wɜːθˈwaɪl,adj.,值得一试的，值得干的,CET6_edited
worthy,ˈwɜːðɪ,adj.,1. 值得…的，足以…的 2. 值得尊敬的，值得注意的,CET6_edited
wreck,rek,n.,1. 失事的船只，残骸 2. 破灭，毁坏 v. 摧毁，破坏,CET6_edited
wrench,rentʃ,n.,& v. 猛拧，一扭,CET6_edited
wretched,ˈretʃɪd,adj.,1. 可怜的，悲惨的 2. 恶劣的，令人讨厌的,CET6_edited
wrinkle,ˈrɪŋkl,n.,皱纹 v.,CET6_edited
wrinkle,ˈrɪŋkl,,(使)起皱纹,CET6_edited
yacht,jɒt,n.,快艇，游艇,CET6_edited
yell,jel,v.,叫喊，叫嚷 n. 叫喊声，呐喊,CET6_edited
yield,jiːld,v.,1. 结出(果实)，产生(效果，效益等) 2. 给与，让出 3. 使屈服，使顺从  n. 产量，收益,CET6_edited
yoke,jәuk,n.,1. 轭，牛轭 2. 束缚 v. 1. 给……上轭 2. 连接，结合，使匹配,CET6_edited
zinc,zɪŋk,n.,锌,CET6_edited
