word,phonetic,pos,definition,source
others,,pron.,其他人,COCA_abridged
oh,әu,,interj.,COCA_abridged
oh,әu,,(表示惊讶、恐怖、赞叹)哦,COCA_abridged
according,әˈkɒːdiŋ,a.,"相符的, 根据...而定的 adv. 相应地",COCA_abridged
true,truː,a.,"真实的, 正确的, 忠诚的, 可靠的, 纯粹的, 正式的 n. 真实, 准确 adv. 真实地, 准确地",COCA_abridged
republican,riˈpʌblikәn,n.,"共和主义者, 共和党员 a. 共和政体的, 共和国的, 共和主义的",COCA_abridged
congress,ˈkɒŋgres,n.,"国会, 会议, 讨论会",COCA_abridged
exactly,igˈzæktli,adv.,"确切地, 精确地, 恰好, 完全地, 确实, 恰恰正是, 确实如此",COCA_abridged
OK,ˈәuˈkei,a.,"好, 不错, 可以 adv. 好, 不错, 可以 n. 批准, 认可",COCA_abridged
democrat,ˈdemәkræt,n.,"民主人士, 民主主义者, 民主党党员",COCA_abridged
senate,ˈsenit,n.,"参议院, 立法机构, 评议会",COCA_abridged
directly,"diˈrektli, daiˈrektli",adv.,"径直地, 直率地, 正好地,(非正式)立即, 马上 conj. 一...(就...), 一当...就...",COCA_abridged
completely,kәmˈpliːtli,adv.,"完全地, 十分地, 圆满地",COCA_abridged
African,ˈæfrikәn,n.,"非洲人 a. 非洲的, 非洲人的",COCA_abridged
slowly,ˈslәuli,adv.,"慢慢地, 迟缓地",COCA_abridged
supposed,sәˈpәuzd,a.,"推测的, 想像的, 被信以为真的",COCA_abridged
Soviet,ˈsәuviәt,n.,"代表会议, 苏维埃, 苏联 a. 苏维埃的, 苏联的",COCA_abridged
European,ˌjuәrәˈpiːәn,n.,"欧洲人 a. 欧洲的, 欧洲人的",COCA_abridged
Christian,ˈkristʃәn,n.,"基督徒, 正派人 a. 基督的, 基督教的",COCA_abridged
Christmas,ˈkrismәs,n.,圣诞节,COCA_abridged
hey,hei,,interj. 嗨,COCA_abridged
Indian,ˈindiәn,n.,"印度人, 印第安人, 印第安语 a. 印度的, 印度群岛的, 印第安语的",COCA_abridged
internet,ˈintәnet,n.,"因特网, 国际互连网, 网际网络, 互连网络, 广域网",COCA_abridged
fully,ˈfuli,adv.,"十分地, 完全地, 充分地",COCA_abridged
lots,lɔts,n.,"大量, 许多; 一堆; 命运（lot的复数）",COCA_abridged
Russian,ˈrʌʃәn,n.,"俄国人, 俄语 a. 俄国的, 俄语的",COCA_abridged
carefully,ˈkєәfuli,adv.,"小心地, 谨慎地",COCA_abridged
married,ˈmærid,a.,"已婚的, 婚姻的, 夫妇的",COCA_abridged
supreme,sjuˈpriːm,n.,"至高, 霸权 a. 至高的, 终极的, 极端的, 最大的",COCA_abridged
Iraqi,iˈrɑːki,n.,"伊拉克人, 伊拉克阿拉伯语 a. 伊拉克的, 伊拉克人的",COCA_abridged
thanks,,n.,"感谢, 谢意, 谢忱 interj. 谢谢, 谢谢你",COCA_abridged
anymore,ˈeniˈmɔː,adv.,"再也不, 不再",COCA_abridged
Japanese,ˌdʒæpәˈniːz,n.,"日本人, 日语 a. 日本的, 日语的",COCA_abridged
ought,ɒːt,aux.,"应该, 大概 n. 责任",COCA_abridged
catholic,ˈkæθәlik,n.,"天主教徒 a. 天主教的, 普遍的, 广泛的, 宽宏大量的",COCA_abridged
extremely,ikˈstriːmli,adv.,"极端地, 非常地",COCA_abridged
long-term,,a.,长期的(通常指一年以上),COCA_abridged
English,ˈiŋgliʃ,n.,"英语 a. 英文的, 英国人的",COCA_abridged
Jewish,ˈdʒuːiʃ,a.,"犹太人的, 犹太族的",COCA_abridged
frequently,ˈfriːkwәntli,adv.,"频繁, 经常地",COCA_abridged
producer,prәˈdjuːsә,n.,"生产者, 制作者, 制作人; 发生器; (炉煤气)发生炉; 制气炉; 生产者",COCA_abridged
entirely,inˈtaiәli,adv.,"完全, 全然, 一概",COCA_abridged
bedroom,ˈbedrum,n.,卧室,COCA_abridged
seriously,ˈsiәriәsli,adv.,"严肃地, 认真地, 严重地",COCA_abridged
totally,ˈtәutli,adv.,完全地,COCA_abridged
surprised,sәˈpraizd,a.,感到惊讶的,COCA_abridged
fewer,ˈfjuːә,a.,较少的,COCA_abridged
AIDS,eidz,n.,爱滋病(获得性免疫缺陷综合征),COCA_abridged
Jew,dʒuː,n.,"犹太人, 守财奴, 犹太教信徒 vt. 欺骗, 杀价",COCA_abridged
typically,ˈtipikәli,adv.,代表性地; 作为特色地,COCA_abridged
unusual,ˌʌnˈjuːʒuːl,a.,"不寻常的, 罕见的, 与众不同的",COCA_abridged
closely,ˈklәusli,adv.,接近地,COCA_abridged
Israeli,izˈreili,a.,"以色列的, 以色列人(语)的 n. 以色列人",COCA_abridged
childhood,ˈtʃaildhud,n.,孩童时期,COCA_abridged
prosecutor,ˈprɒsikjuːtә,n.,"原告, 起诉人, 公诉人",COCA_abridged
unable,ʌnˈeibl,a.,"不能的, 不会的, 无资格的, 没有办法的",COCA_abridged
widely,ˈwaidli,adv.,广泛地,COCA_abridged
Spanish,ˈspæniʃ,n.,"西班牙人, 西班牙语 a. 西班牙的",COCA_abridged
essentially,iˈsenʃәli,adv.,"本质上, 本来",COCA_abridged
previously,ˈpriːvjuːsli,adv.,"先, 先前, 以前, 前,",COCA_abridged
previously,ˈpriːvjuːsli,,"(非正式)过早, 过急, 在前, 在...以前, 在先",COCA_abridged
maker,ˈmeikә,n.,"制造者, 上帝, 出票人",COCA_abridged
Asian,ˈeiʃәn,n.,"亚洲人 a. 亚洲的, 亚洲人的",COCA_abridged
heavily,ˈhevili,adv.,"很重地, 严重地, 难以忍受地",COCA_abridged
strongly,ˈstrɒŋli,adv.,"强有力地, 坚强地, 激烈地",COCA_abridged
tablespoon,ˈteiblspuːn,n.,大汤匙,COCA_abridged
surely,ˈʃuәli,adv.,"的确地, 安全地",COCA_abridged
teaspoon,ˈtiːspuːn,n.,茶匙,COCA_abridged
perfectly,ˈpәːfiktli,adv.,"完全地, 无瑕疵地, 完整地",COCA_abridged
unlike,ˌʌnˈlaik,a.,"不像的, 不同的 prep. 不像, 和...不同",COCA_abridged
viewer,ˈvjuːә,n.,"观察者, 看电视者, 视察员, 观察器, 指示器",COCA_abridged
administrator,әdˈministreitә,n.,"管理人, 行政官 [经] 遗产管理人员",COCA_abridged
false,fɒːls,a.,"错误的, 虚伪的, 假的, 不老实的 adv. 不准确地, 欺诈地",COCA_abridged
Latin,ˈlætin,n.,"拉丁人, 拉丁语 a. 拉丁人的, 拉丁语的",COCA_abridged
rapidly,ˈræpidli,adv.,"飞快地, 迅速地, 赶紧地",COCA_abridged
quietly,ˈkwaiәtli,adv.,"安静地, 沉着地, 秘密地",COCA_abridged
effectively,iˈfektivli,adv.,"有效地, 有力地, 实际上",COCA_abridged
armed,ɑːmd,a.,"有扶手的, 武装的, 有防卫器官的",COCA_abridged
Muslim,ˈmjzlim; (?@) ˈmʌzlem,n.,"伊斯兰教, 伊斯兰教教徒",COCA_abridged
Islamic,izˈlæmik,a.,"伊斯兰教的, 穆斯林的",COCA_abridged
killer,ˈkilә,,n.,COCA_abridged
killer,ˈkilә,,"(非正式)杀人者, 屠杀者, 猛兽, 致死(疾病), 杀手, 止痛药, 限制器, 瞄准器 [计] 删除程序; 断路器",COCA_abridged
Italian,iˈtæljәn,n.,"意大利人, 意大利语 a. 意大利的, 意大利语的",COCA_abridged
Canadian,kәˈneidiәn,a.,加拿大的,COCA_abridged
lost,lɒst,a.,"失去的, 遗失的, 迷惑的 lose的过去式和过去分词",COCA_abridged
unlikely,ˌʌnˈlaikli,a.,不太可能的,COCA_abridged
broken,ˈbrәukәn,a.,"坏掉的, 打破的, 断掉的 break的过去分词",COCA_abridged
Olympic,әuˈlimpik,a.,"奥林匹亚的, 奥林匹斯山的, 强有力的, 巨大的",COCA_abridged
bible,ˈbaibl,n.,圣经,COCA_abridged
gently,ˈdʒentli,adv.,"温和地, 温柔地, 轻轻地, 逐渐地",COCA_abridged
lifetime,ˈlaiftaim,n.,"一生, 终生 a. 一生的, 终生的",COCA_abridged
similarly,ˈsimilәli,adv.,"相像地, 类似于",COCA_abridged
newly,ˈnjuːli,adv.,"重新, 最近",COCA_abridged
mainly,ˈmeinli,adv.,"主要地, 大抵",COCA_abridged
regularly,ˈregjulәli,adv.,"有规则地, 一丝不苟地, 正式地",COCA_abridged
shooting,ˈʃuːtiŋ,n.,"发射, 猎场, 射击",COCA_abridged
unknown,ˌʌnˈnәun,a.,"不知道的, 未知的, 陌生的 n. 未知物, 未知数",COCA_abridged
potentially,pәˈtenʃәli,adv.,"可能地, 潜在地",COCA_abridged
politically,,adv.,政治上,COCA_abridged
properly,ˈprɒpәli,adv.,"适当地, 相当地",COCA_abridged
Irish,ˈairiʃ,n.,"爱尔兰人, 爱尔兰语 a. 爱尔兰的",COCA_abridged
scared,skeәd,a.,"害怕的, 担惊受怕的, 惊慌的, 吓坏了的",COCA_abridged
briefly,ˈbrifli,adv.,"简短地, 扼要地, 简明地, 简单地",COCA_abridged
closer,ˈklәuzә,n.,"关闭者, 闭合器, 关闭器",COCA_abridged
OK,ˈәuˈkei,a.,"好, 不错, 可以 adv. 好, 不错, 可以 n. 批准, 认可",COCA_abridged
fighter,ˈfaitә,n.,"斗士, 战士, 好战者, 战斗机",COCA_abridged
publisher,ˈpʌbliʃә,n.,"发行人, 出版者, 报刊发行者",COCA_abridged
French,frentʃ,n.,"法国人, 法文, 法式 a. 法国的, 法国人的, 法语的",COCA_abridged
proposed,,a.,被提议的; 所推荐的,COCA_abridged
etc,,,"及其他, 等等",COCA_abridged
bombing,ˈbɔmiŋ,n.,"轰炸, 投弹",COCA_abridged
lifestyle,ˈlaifstail,n.,生活方式,COCA_abridged
catholic,ˈkæθәlik,n.,"天主教徒 a. 天主教的, 普遍的, 广泛的, 宽宏大量的",COCA_abridged
provider,prәˈvaidә,n.,"供应者, 供养人, 伙食承办人 [计] 提供器",COCA_abridged
girlfriend,,n.,女朋友,COCA_abridged
taxpayer,ˈtækspeiә,n.,"纳税人, 纳税义务人",COCA_abridged
differently,ˈdifrentli,adv.,"差异, 不同, 各别, 各种",COCA_abridged
manufacturing,ˌmænjuˈfæktʃәriŋ,n.,制造业 a. 制造业的,COCA_abridged
Christian,ˈkristʃәn,n.,"基督徒, 正派人 a. 基督的, 基督教的",COCA_abridged
German,ˈdʒәːmәn,n.,"德国人, 德语 a. 德国的, 德国人的, 德国语的, 同父母的",COCA_abridged
God,gɔd,n.,"上帝, 神像, 偶像 vt. 使神化",COCA_abridged
successfully,sәkˈsesfjli,adv.,"成功, 结果良好, 有成就",COCA_abridged
physically,ˈfizikli,adv.,"按自然规律, 完全地, 实际上, 真正地, 身体上地",COCA_abridged
ah,ɑː,,"interj. 啊, 哈",COCA_abridged
continued,kәnˈtinjuːd,a.,"继续的, 延续的",COCA_abridged
cooking,ˈkukiŋ,n.,烹饪; 熬炼; 热炼; 蒸煮,COCA_abridged
killing,ˈkiliŋ,n.,"谋杀, 杀戮 a. 杀害的, 疲惫的, 迷人的",COCA_abridged
quarterback,ˈkwɒːtәbæk,n.,四分卫 vi. 担任四分卫,COCA_abridged
african-american,ˈæfrɪkən əˈmerɪkən,n.,非裔美国人; 美国黑人,COCA_abridged
surprisingly,,adv.,"使人惊奇, 出人意外, 惊人, 令人惊讶",COCA_abridged
boyfriend,ˈbɔifrend,n.,男朋友,COCA_abridged
related,riˈleitid,a.,"讲述的, 叙述的; 有关系的, 有关联的",COCA_abridged
lightly,ˈlaitli,adv.,"轻轻地, 少许, 不费力地",COCA_abridged
excited,ikˈsaitid,a.,"兴奋的, 已励磁的, 已激发的, 激昂的, 激动的",COCA_abridged
greatly,ˈgreitli,adv.,"很, 非常",COCA_abridged
drinking,ˈdriŋkiŋ,n.,"喝, 喝酒",COCA_abridged
pleased,pliːzd,a.,"高兴的, 喜欢的, 满足的",COCA_abridged
ethical,ˈeθikәl,a.,"伦理的, 民族的, 民族特有的",COCA_abridged
T-shirt,"ˈtiː,ʃәːt",n.,"圆领汗衫,",COCA_abridged
T-shirt,"ˈtiː,ʃәːt",,T恤,COCA_abridged
Islam,ˈizlɑːm,n.,伊斯兰教,COCA_abridged
Roman,ˈrәumәn,n.,"罗马人 a. 罗马人的, 罗马的",COCA_abridged
Muslim,ˈmjzlim; (?@) ˈmʌzlem,n.,"伊斯兰教, 伊斯兰教教徒",COCA_abridged
Korean,kәˈriәn,n.,"朝鲜人, 朝鲜语 a. 朝鲜人的, 朝鲜语的",COCA_abridged
unlike,ˌʌnˈlaik,a.,"不像的, 不同的 prep. 不像, 和...不同",COCA_abridged
longtime,ˈlɔŋtaim;ˈlɔːŋ-,,a.,COCA_abridged
longtime,ˈlɔŋtaim;ˈlɔːŋ-,,"(已持续)长时间的,为时甚久的 adv. 长久",COCA_abridged
effectiveness,iˈfektivnis,n.,"效力, 有效性, 能行性",COCA_abridged
frankly,ˈfræŋkli,adv.,坦白地,COCA_abridged
hallway,ˈhɔːlwei,n.,门厅; 玄关; 走廊,COCA_abridged
unexpected,ˌʌnikˈspektid,a.,"料想不到的, 突然的, 意外的",COCA_abridged
written,ˈritn,a.,"书面的, 写成文字的 write的过去分词",COCA_abridged
and/or,ˈænˈdɔː,conj.,及（或）,COCA_abridged
playoff,ˈpleiɔːf,n.,双方得分相等时的最后决赛; 复赛; 季后赛,COCA_abridged
uncomfortable,ˌʌnˈkʌmfәtәbl,a.,"不舒服的, 不自在的, 不安的",COCA_abridged
dancer,ˈdɑːnsә,n.,"舞蹈演员, 跳舞者",COCA_abridged
closed,klәuzd,a.,"关闭的, 限于少数人的",COCA_abridged
European,ˌjuәrәˈpiːәn,n.,"欧洲人 a. 欧洲的, 欧洲人的",COCA_abridged
traditionally,,adv.,传统上; 传说上; 习惯上,COCA_abridged
convinced,kәnˈvinst,a.,"确信的, 深信的",COCA_abridged
driving,ˈdraiviŋ,n.,"赶, 操纵, 驾驶 a. 推进的, 强劲的, 精力旺盛的",COCA_abridged
commonly,ˈkɒmәnli,adv.,"一般, 普通, 通常",COCA_abridged
sidewalk,ˈsaidwɒːk,n.,人行道,COCA_abridged
olympics,әuˈlimpiks,n.,奥林匹克运动会,COCA_abridged
wow,wau,,interj.,COCA_abridged
wow,wau,,"(非正式)哇 n. 巨大的成功, 轰动一时的成功, 十分有趣的事物",COCA_abridged
frozen,ˈfrәuzn,a.,"冻结的, 冰冷的, 严寒的, 冻伤的, 冷酷的",COCA_abridged
rebuild,riˈbild,vt.,"改建, 重建, 改造 vi. 重建",COCA_abridged
traveler,ˈtrævlә,n.,"旅行者, 游客, 旅客, 旅行推销员, 活动起重架, 行车, 临时记帐单",COCA_abridged
pickup,ˈpikʌp,n.,"收集, 整理; 小卡车; 拾起; 搭车者; 偶然结识者",COCA_abridged
historically,hisˈtɔrikәli,adv.,历史上地; 从历史观点上说,COCA_abridged
firmly,ˈfәːmli,adv.,"坚固, 坚定, 断然",COCA_abridged
theology,θiˈɒlәdʒi,n.,神学,COCA_abridged
nonprofit,nɒnˈprɒfit,a.,"非赢利的, 无利可图的",COCA_abridged
Japanese,ˌdʒæpәˈniːz,n.,"日本人, 日语 a. 日本的, 日语的",COCA_abridged
doorway,ˈdɒːwei,n.,"门口, 途径",COCA_abridged
teenage,ˈtiːnidʒ,a.,十三岁到十九岁的,COCA_abridged
huh,hʌ,,"interj. 哼, 哈",COCA_abridged
full-time,,a.,"全部时间的, 专任的",COCA_abridged
Arab,ˈærәb,n.,"阿拉伯人, 阿拉伯马 a. 阿拉伯人的, 阿拉伯的",COCA_abridged
collector,kәˈlektә,n.,"收集家, 收取款项的人; 集电极; 捕收剂",COCA_abridged
disappointed,ˌdisәˈpɒintid,a.,失望的,COCA_abridged
Russian,ˈrʌʃәn,n.,"俄国人, 俄语 a. 俄国的, 俄语的",COCA_abridged
hidden,ˈhidn,a.,隐藏的,COCA_abridged
hopefully,ˈhәjpfjli,adv.,"有希望地, 如果希望能实现的话",COCA_abridged
softly,ˈsɒftli,adv.,"柔和地, 静静地, 温柔地",COCA_abridged
sexually,,adv.,性别地; 两性之间地,COCA_abridged
pro,prәu,adv.,正面地,COCA_abridged
Dutch,dʌtʃ,n.,"荷兰人, 荷兰语 a. 荷兰的",COCA_abridged
Greek,griːk,n.,"希腊人, 希腊语 a. 希腊的, 希腊人的",COCA_abridged
officially,әˈfiʃәli,adv.,"作为公务员, 职务上, 官方地",COCA_abridged
tightly,ˈtaitli,adv.,"紧紧地, 坚固地",COCA_abridged
associated,,a.,"联合的, 关联的; 结合的",COCA_abridged
thoroughly,ˈθʌrәli,adv.,"彻底地, 绝对地, 透彻地, 详尽地, 周到地, 完全地, 完善地, 全面地",COCA_abridged
courtroom,ˈkɒːtrum,n.,"法庭, 审判室",COCA_abridged
combined,kәmˈbaind,a.,结合的; 组合的,COCA_abridged
instantly,ˈinstәntli,adv.,"立即地, 即刻地",COCA_abridged
mixed,mikst,a.,"混合的, 形形色色的, 弄糊涂的",COCA_abridged
voting,ˈvәutiŋ,n.,"投票, 选举 a. 投票的, 选举的",COCA_abridged
Cuban,ˈkjuːbәn,a.,"古巴的, 古巴人的 n. 古巴人",COCA_abridged
reliability,ri.laiәˈbiliti,n.,"信度, 可靠性",COCA_abridged
teammate,ˈtiːmmeit,n.,队友,COCA_abridged
self-esteem,ˈselfisˈtiːm,n.,"自尊, 自负, 自大",COCA_abridged
safely,ˈseifli,adv.,"安全地, 确实地",COCA_abridged
workplace,,n.,"工作场所, 工厂, 车间",COCA_abridged
touchdown,ˈtʌtʃdaun,n.,"触地, 触地得分, 着地",COCA_abridged
Christianity,ˌkristʃiˈæniti,n.,"基督教, 基督教精神",COCA_abridged
rolling,ˈrәuliŋ,a.,"旋转的, 波动的, 起伏的 n. 旋转, 轰响, 动摇",COCA_abridged
fortunately,ˈfɒitʃәnitli,adv.,"幸运地, 幸亏",COCA_abridged
commissioner,kәˈmiʃәnә,n.,"委员, 理事, 行政长官, 地方地官",COCA_abridged
instructional,inˈstrʌkʃәnәl,a.,"教学的, 教育的",COCA_abridged
short-term,,a.,短期的,COCA_abridged
passing,ˈpæsiŋ,n.,"通过, 逝去, 死, 流逝 a. 经过的, 流逝的, 目前的, 短暂的, 及格的, 仓促的",COCA_abridged
known,nәun,a.,"已知的, 有名的",COCA_abridged
correctly,kәˈrektli,adv.,"对, 正确, 恰当, 符合一般性准则, 符合行为准则, 端正, 符合",COCA_abridged
mentally,ˈmentli,adv.,"心理上, 精神上, 智力上",COCA_abridged
reportedly,riˈpɒːtidli,adv.,"根据传说, 根据传闻, 据报道",COCA_abridged
surrounding,sәˈraundiŋ,n.,环境 a. 周围的,COCA_abridged
desperately,ˈdespәrәtli,adv.,拼命地; 绝望地; 极度地,COCA_abridged
someday,ˈsʌmdei,adv.,有一天,COCA_abridged
thanksgiving,ˈθæŋks.giviŋ,n.,感谢,COCA_abridged
uh,ʌn. әn,int.,嗯啊,COCA_abridged
exclusively,ikˈskluːsivli,adv.,"排他地, 仅仅, 专门, 只, 仅, 唯一地, 专有地",COCA_abridged
marketplace,ˈmɑːkitˈpleis,n.,市场,COCA_abridged
breathing,ˈbriːðiŋ,n.,"呼吸, 瞬间, 微风 a. 呼吸的, 逼真的",COCA_abridged
Persian,ˈpәːʃәn,n.,"波斯人, 波斯语",COCA_abridged
strictly,ˈstriktli,adv.,"严格地, 确实地",COCA_abridged
added,ˈædid,a.,额外的; 更多的,COCA_abridged
builder,ˈbildә,n.,建立者 [机] 组份,COCA_abridged
two-thirds,ˌtuːˈθɜːdz,quant.,三分之二,COCA_abridged
legally,ˈliːgәli,adv.,"法律上, 合法地, 法定地",COCA_abridged
socially,ˈsәuʃәli,adv.,"在社会上, 在社交上, 以社会生活方式",COCA_abridged
embarrassed,imˈbærәst,a.,尴尬的; 窘迫的,COCA_abridged
fucking,ˈfʌkiŋ,a.,"该死的, 难完成的, 难做的, 低劣的, 讨厌的, 丑恶的, 混乱的, 乱糟糟的",COCA_abridged
wheelchair,ˈhwiːl.tʃєә,n.,轮椅,COCA_abridged
programming,ˈprәugræmiŋ,n.,"节目的计划, 编制程序 , 程序设计",COCA_abridged
shareholder,ˈʃєә.hәuldә,n.,"股东, 股票持有人",COCA_abridged
considerably,kәnˈsidәrәbli,adv.,"非常地, 很, 颇",COCA_abridged
emotionally,iˈmәuʃәnәli,adv.,在情绪上,COCA_abridged
formerly,ˈfɒːmәli,adv.,"从前, 以前",COCA_abridged
lawmaker,lɒːˈmeikә,n.,立法者,COCA_abridged
screening,ˈskriːniŋ,,n.,COCA_abridged
screening,ˈskriːniŋ,,"[医] 筛选, 筛分(如普查癌、结核等病), 萤光屏检查",COCA_abridged
unhappy,ˌʌnˈhæpi,a.,"不快乐的, 不幸的, 不适当的",COCA_abridged
coming,ˈkʌmiŋ,n.,"来临 a. 就要来的, 接着的",COCA_abridged
privately,,adv.,秘密地; 私下地,COCA_abridged
routinely,,adv.,"日常, 乏味, 常规, 例行",COCA_abridged
theological,θiәˈlɔdʒikәl,a.,神学上的,COCA_abridged
driveway,ˈdraivwei,n.,车道,COCA_abridged
sexuality,ˌsekʃuˈæliti,n.,"性征, 性行为, 性欲",COCA_abridged
regain,riˈgein,vt.,"取回, 恢复, 重回, 复得",COCA_abridged
freely,ˈfriːli,adv.,"自由地, 随意地, 无拘束地, 直率地, 坦白地, 慷慨地, 免费地, 大量地",COCA_abridged
integrated,ˈintәgreitid,a.,"综合的, 完整的, 互相协调的",COCA_abridged
ha,hɑː,,"interj. 嘿, 哈, 哈哈",COCA_abridged
marker,ˈmɑːkә,n.,"作记号的人, 记分员, 书签, 纪念碑, 里程碑, 标识物, 标记",COCA_abridged
substantially,sәbˈstænʃәli,adv.,"实质上, 本质上, 大体上",COCA_abridged
defender,diˈfendә,n.,"防卫者, 防护者, 辩护者; 辩护人, 保护人",COCA_abridged
disturbing,disˈtәːbiŋ,a.,"引起烦恼的, 令人不安的",COCA_abridged
neighboring,ˈneibәriŋ,a.,"附近的, 邻近的, 邻接的",COCA_abridged
severely,siˈviәli,adv.,"严格, 尖锐, 严肃, 严重, 严厉, 朴素",COCA_abridged
importantly,,adv.,重要地; 大量地; 有名望地; 自命不凡地,COCA_abridged
economically,iːkәˈnɔmikәli,adv.,"节约地, 不浪费地, 节省地, 节俭地, 在经济上, 在经济学上",COCA_abridged
honestly,ˈɒnistli,adv.,"真诚地, 公正地",COCA_abridged
troubled,ˈtrʌbld,a.,"烦恼的, 混乱的, 不安的",COCA_abridged
balanced,ˈbælәnst,a.,"公平的, 平衡的, 对称的, 均衡的",COCA_abridged
accurately,ˈækjurәtli,adv.,"正确地, 精确地",COCA_abridged
flying,ˈflaiiŋ,a.,"飞的, 飘扬的, 飞速的 n. 飞行, 飞花",COCA_abridged
seller,ˈselә,n.,"销售者, 卖方",COCA_abridged
organized,ˈɔːgәnaizd,a.,"有组织的, 组织起来的",COCA_abridged
smoking,ˈsmәukiŋ,n.,"抽烟, 冒烟",COCA_abridged
bomber,ˈbɒmә,n.,"轰炸机, 投弹手",COCA_abridged
unfortunate,ˌʌnˈfɒːtʃәnit,a.,"不幸的, 不合适的, 不吉利的",COCA_abridged
videotape,,n.,录相磁带 vt. 把电视节目录在录像磁带上,COCA_abridged
developed,diˈvelәpid,a.,发达的（国家或地区）; 成熟的,COCA_abridged
loser,ˈluːzә,n.,"失败者, 失物者, 遗失者",COCA_abridged
Iranian,iˈreiniәn,a.,"伊朗的, 伊朗语系的 n. 伊朗人, 伊朗语",COCA_abridged
marijuana,ˌmærijuˈɑːnә,n.,大麻,COCA_abridged
inadequate,inˈædikwәt,a.,"不充分的, 不适当的",COCA_abridged
subsequently,ˈsʌbsikwәntli,adv.,"后来, 随后",COCA_abridged
trader,ˈtreidә,n.,"商人, 商船",COCA_abridged
pal,pæl,n.,"朋友, 伙伴, 同志, 同谋 vi. 交友, 结伴",COCA_abridged
follower,ˈfɒlәuә,n.,"从者, 属下, 追补者 [电] 随动机",COCA_abridged
caller,ˈkɒːlә,n.,"访客, 召集员, 传唤员 a. 新鲜的 [计] 呼叫方标识",COCA_abridged
ranking,ˈræŋkiŋ,n.,"等级, 地位 a. 上级的, 头等的, 超群的",COCA_abridged
making,ˈmeikiŋ,n.,"制造,",COCA_abridged
making,ˈmeikiŋ,,"(手工)制造业, 制作, 形成, 发展, 要素, 内在因素, 赚头, 制造物",COCA_abridged
trout,traut,n.,鲑鱼,COCA_abridged
inappropriate,ˌinәˈprәupriәt,a.,"不适当的, 不相称的",COCA_abridged
upcoming,ˈʌp.kʌmiŋ,a.,"即将来临的, 即将出现的",COCA_abridged
gambling,ˈgæmbliŋ,n.,赌博,COCA_abridged
mound,maund,n.,"土墩, 堤, 小山 vt. 筑堤, 用土堆防卫 vi. 积成堆",COCA_abridged
reasonably,ˈriːznәbli,adv.,"适度地, 相当地",COCA_abridged
satisfied,ˈsætisfaiәd,a.,感到满意的,COCA_abridged
organizer,ˈɒːgәnaizә,n.,"组织者, 编制者, 创立者, 组织导体, 机化中心(胚)",COCA_abridged
inability,ˌinәˈbiliti,n.,"无能, 无力",COCA_abridged
purely,ˈpjuәli,adv.,"纯粹地, 清白地, 贞洁地",COCA_abridged
lesser,ˈlesә,a.,"较少的, 较小的, 次要的",COCA_abridged
poorly,ˈpuәli,adv.,"贫穷地, 不充分地, 贫乏地 a. 身体不舒服的",COCA_abridged
silently,ˈsailәntli,adv.,"默默地, 静静地",COCA_abridged
warming,ˈwɔːmiŋ,n.,"暖和, 加温, 暖热, 温暖,",COCA_abridged
warming,ˈwɔːmiŋ,,"(非正式)打, 鞭打",COCA_abridged
remarkably,riˈmɑːkәbli,adv.,"显著地, 引人注目地, 非常地",COCA_abridged
Australian,ɒˈstreiljәn,n.,"澳大利亚人 a. 澳大利亚的, 澳洲的, 澳洲人的",COCA_abridged
loving,ˈlʌviŋ,a.,"亲爱的, 钟情的, 忠诚的",COCA_abridged
pipeline,ˈpaiplain,n.,"管道, 管线, 传递途径",COCA_abridged
hood,hud,n.,"头巾, 兜帽, 覆盖, 强盗 vt. 罩上, 覆盖",COCA_abridged
positively,,adv.,"明确地, 肯定地, 无疑地,",COCA_abridged
positively,,,"(非正式)确实地, 真正地",COCA_abridged
baking,ˈbeikiŋ,n.,"烘焙, 一次烘焙的量",COCA_abridged
Oscar,ˈɔskә,n.,"奥斯卡金像奖, 钱, 现金",COCA_abridged
imagery,ˈimidʒәri,n.,"肖像, 比喻, 雕刻",COCA_abridged
homeowner,ˈhәum.әunә,n.,私房屋主; 自己拥有住房者,COCA_abridged
reconstruction,ˌriːkәnˈstrʌkʃәn,n.,"改造, 再建",COCA_abridged
condom,ˈkɒndәm,n.,避孕套,COCA_abridged
explicitly,,adv.,明确地; 明白地,COCA_abridged
part-time,,a.,"兼任的, 半工半读的, 部分时间的",COCA_abridged
Italian,iˈtæljәn,n.,"意大利人, 意大利语 a. 意大利的, 意大利语的",COCA_abridged
abruptly,әˈbrʌptli,adv.,"突然地, 唐突地",COCA_abridged
notably,ˈnәjtbәli,adv.,"显著地, 著名地, 尤其, 特别",COCA_abridged
unclear,ˌʌnˈkliә,a.,"不易了解的, 不清楚的, 含混的",COCA_abridged
nationally,ˈnæʃәnәli,adv.,"作为整个民族, 举国一致地, 全国性地",COCA_abridged
established,isˈtæbliʃt,adj.,"已确立的, 确定的; 成为国教的; （植物）已生根的; 长势良好的; 资深的, 老牌的",COCA_abridged
holding,ˈhәuldiŋ,n.,"租借地, 占有物, 拥有的财产",COCA_abridged
rising,ˈraiziŋ,n.,"上升, 造反, 叛乱",COCA_abridged
freshly,ˈfreʃli,adv.,"新, 新近, 精神饱满地",COCA_abridged
lone,lәun,a.,"孤单的, 孤立的, 单身的, 寂寞的",COCA_abridged
wounded,,a.,"受伤的, 受了损害的",COCA_abridged
shotgun,ˈʃɒtgʌn,n.,"散弹猎枪, 火枪",COCA_abridged
Nazi,ˈnɑːtsi,n.,纳粹党人 a. 纳粹党的,COCA_abridged
unnecessary,ˌʌnˈnesәsәri,a.,不必要的,COCA_abridged
regression,riˈgreʃәn,n.,"退步, 回归",COCA_abridged
demon,ˈdiːmәn,n.,魔鬼,COCA_abridged
murderer,ˈmәːdәrә,n.,"凶手, 杀人者, 谋害者",COCA_abridged
ethnicity,eθˈnisәti,n.,种族特点; 种族渊源,COCA_abridged
crying,ˈkraiiŋ,a.,"叫喊的, 嚎哭的, 迫切的, 臭名昭著的",COCA_abridged
strawberry,ˈstrɒːbәri,n.,草莓,COCA_abridged
holder,ˈhәuldә,n.,"持有人, 所有人, 支持物",COCA_abridged
guerrilla,gәˈrilә,n.,游击队,COCA_abridged
co-worker,ˈkәuˈwәːkә,n.,同事,COCA_abridged
separately,ˈsepәrәtli,adv.,分开地; 独自地,COCA_abridged
hometown,hәumˈtaun,n.,"故乡, 家乡",COCA_abridged
statistically,,adv.,"用统计的方法, 统计学上",COCA_abridged
detector,diˈtektә,n.,"发现者, 检验器, 检波器",COCA_abridged
recount,riˈkaunt,vt.,"详述, 叙述, 重新计算",COCA_abridged
settler,ˈsetlә,n.,移民; 殖民者; 拓居者,COCA_abridged
supporting,sәˈpɔːtiŋ,a.,次要的; 支持的; 辅助性的,COCA_abridged
firefighter,ˈfaɪəfaɪtə(r),n.,<美>消防队员,COCA_abridged
Egyptian,iˈdʒipʃәn,n.,"埃及人 a. 埃及的, 埃及人的",COCA_abridged
injured,ˈindʒәd,a.,"受伤的, 受损害的, 被触怒的",COCA_abridged
Caribbean,ˌkæriˈbiːәn,n.,"加勒比海 a. 加勒比海的, 加勒比人的",COCA_abridged
formally,ˈfɒːmәli,adv.,"正式地, 形式上",COCA_abridged
frightening,ˈfraitәniŋ,a.,令人恐惧的; 引起突然惊恐的,COCA_abridged
repeated,riˈpiːtid,a.,"反复的, 再三的, 屡次的",COCA_abridged
Turkish,ˈtәːkiʃ,n.,"土耳其语 a. 土耳其的, 土耳其人的, 土耳其语的",COCA_abridged
unidentified,ˌʌnaiˈdentifaid,a.,"未被认出的, 未经确认的",COCA_abridged
cherry,ˈtʃeri,n.,"樱桃, 樱桃树, 樱桃色",COCA_abridged
fundamentally,fʌndәˈmentәli,adv.,"根本地, 从根本上; 基础地",COCA_abridged
wildly,,adv.,"狂暴地, 激动地, 鲁莽地, 轻率地",COCA_abridged
nursing,ˈnәːsiŋ,n.,"看护, 养育",COCA_abridged
newcomer,njuːˈkʌmә,n.,新来者,COCA_abridged
fried,fraid,a.,油炸的,COCA_abridged
planned,plænd,a.,"计划了的, 预定的, 根据计划的, 有组织的",COCA_abridged
confused,kәnˈfjuːzd,a.,"困惑的, 混乱的",COCA_abridged
african-american,ˈæfrɪkən əˈmerɪkən,n.,非裔美国人; 美国黑人,COCA_abridged
independently,ˌindiˈpendәntli,adv.,"独立地, 自立地",COCA_abridged
embarrassing,imˈbærәsiŋ,a.,"令人为难的, 麻烦的",COCA_abridged
altar,ˈɒːltә,n.,"圣坛, 祭坛",COCA_abridged
listing,ˈlistiŋ,n.,"列表, 清单, 编目, 挂牌, 上市",COCA_abridged
vine,vain,n.,"藤本植物, 葡萄, 藤, 蔓",COCA_abridged
shocked,ʃɔkt,a.,震撼的; 震惊的,COCA_abridged
permanently,ˈpәːmәntli,adv.,"永久地, 长期不变地",COCA_abridged
awaken,әˈweikәn,vt.,"唤醒, 唤起, 使意识到 vi. 觉醒, 意识到",COCA_abridged
nun,nʌn,n.,"修女, 尼姑",COCA_abridged
miner,ˈmainә,n.,"矿工, 开矿机, 坑道工兵",COCA_abridged
broth,brɒθ,n.,"原汁清汤, 肉汤",COCA_abridged
mob,mɒb,n.,"暴民, 民众, 暴徒 vt. 大举包围, 蜂拥进入, 围攻 vi. 聚众生事",COCA_abridged
sadly,ˈsædli,adv.,"悲痛地, 悲惨地, 悲伤地, 说来遗憾",COCA_abridged
lifelong,ˈlaiflɒŋ,a.,"终身的, 毕生的",COCA_abridged
Swiss,swis,n.,"瑞士人, 瑞士腔调 a. 瑞士的, 瑞士风格的",COCA_abridged
vietnamese,ˈvjetnәˈmiːz,n.,越南人; 越南语,COCA_abridged
Polish,ˈpɒliʃ,n.,"波兰人, 上光剂, 光泽, 优雅 a. 波兰的 vt. 擦亮, 擦去, 使完美 vi. 擦亮, 变得光亮",COCA_abridged
impairment,imˈpeәmәnt,n.,"削弱, 减少, 损害, 损伤, 危害",COCA_abridged
Latino,"læˈtiːnәu, lә-",n.,拉丁美洲人,COCA_abridged
culturally,,adv.,"从文化角度, 文化意义上; 在人文学方面",COCA_abridged
frightened,ˈfrait(ә)nd,a.,"受惊吓的, 受惊的,",COCA_abridged
frightened,ˈfrait(ә)nd,,(非正式)害怕...的,COCA_abridged
reverend,ˈrevәrәnd,n.,"教士, 大人(对教士的尊称) a. 应受尊敬的, 教士的",COCA_abridged
neatly,ˈniːtli,adv.,"整洁地, 干净地, 匀称地",COCA_abridged
smoking,ˈsmәukiŋ,n.,"抽烟, 冒烟",COCA_abridged
skier,ˈskiːә,n.,滑雪的人,COCA_abridged
wetland,ˈwetlænd,n.,"湿地, 沼泽地",COCA_abridged
cellular,ˈseljulә,a.,细胞的,COCA_abridged
reasoning,ˈriːzniŋ,n.,"推论, 推理, 论证",COCA_abridged
par,pɑː,n.,"标准, 票面价值, 平均数量, 同等水平",COCA_abridged
re-election,,n.,再次竞选,COCA_abridged
inexpensive,ˌinikˈspensiv,a.,"便宜的, 不贵重的",COCA_abridged
governmental,ˌgʌvәnˈmentl,a.,"政府的, 统治的, 政治上的",COCA_abridged
technically,ˈteknikli,adv.,"技术上, 学术上, 专门地",COCA_abridged
monk,mʌŋk,n.,"修道士, 僧侣, 和尚",COCA_abridged
setup,ˈsetʌp,n.,"装备, 组织, 计划, 机构, 调整, 设置",COCA_abridged
bored,,a.,无聊的; 烦人的; 无趣的,COCA_abridged
cleanup,ˈkliːnʌp,n.,清洁; 打扫; 收拾,COCA_abridged
uh-huh,ˈʌhʌ,int.,啊哈(表示肯定答复的惊叹词),COCA_abridged
lineup,ˈlainʌp,n.,"阵容, 阵形, 布阵, 一组人",COCA_abridged
rebound,riˈbaund,vi.,"弹回, 返回, 产生事与愿违的结果 vt. 使弹回, 使返回 n. 反弹, 返回, 篮板球, 振作 rebind的过去式和过去分词",COCA_abridged
Easter,ˈiːstә,n.,复活节,COCA_abridged
breeding,ˈbriːdiŋ,n.,"生育, 繁殖, 育种, 饲养",COCA_abridged
allied,әˈlaid,a.,"联盟的, 联姻的, 联系起来的",COCA_abridged
footage,ˈfutidʒ,n.,"英尺长度,",COCA_abridged
footage,ˈfutidʒ,,(影片的)连续镜头,COCA_abridged
unfamiliar,ˌʌnfәˈmiljә,a.,不熟悉的,COCA_abridged
toddler,ˈtɔdlә,n.,"蹒跚行走的人, 学步的小孩",COCA_abridged
sophomore,ˈsɒfәmɒː,,n.,COCA_abridged
sophomore,ˈsɒfәmɒː,,"(大学,高中)二年级学生",COCA_abridged
educated,ˈedjukeitid,a.,"受过教育的, 有教养的",COCA_abridged
unaware,ˌʌnәˈwєә,a.,"未认识到的, 未察觉到的, 未意识到的",COCA_abridged
courthouse,ˈkɒːthaus,n.,"法院, 郡政府所在地",COCA_abridged
fairness,ˈfєәnis,n.,"公正, 适当, 美丽",COCA_abridged
additionally,,adv.,"另外, 此外",COCA_abridged
finely,ˈfainli,adv.,"雅致地, 仔细地, 敏锐地, 微细地",COCA_abridged
baseline,ˈbeislain,n.,"基线, 基准",COCA_abridged
coefficient,kәuiˈfiʃәnt,n.,系数,COCA_abridged
prepared,priˈpєәd,a.,"准备好的, 特制的",COCA_abridged
tuna,ˈtjuːnә,n.,"金枪鱼, 金枪鱼肉",COCA_abridged
staffer,ˈstɑːfә,,n.,COCA_abridged
staffer,ˈstɑːfә,,(一名)职员(尤指编辑或记者),COCA_abridged
memorable,ˈmemәrәbl,a.,"值得纪念的, 难忘的",COCA_abridged
footstep,ˈfutstep,n.,"脚步, 脚步声, 足迹",COCA_abridged
prostitute,ˈprɒstitjuːt,n.,"妓女, 男娼 vt. 使沦为妓女 a. 卖淫的, 堕落的",COCA_abridged
battlefield,ˈbætlfiːld,n.,"战场, 沙场",COCA_abridged
nicely,ˈnaisli,adv.,"漂亮地, 谨慎地, 恰好地",COCA_abridged
shocking,ˈʃɒkiŋ,a.,"令人震惊的, 极坏的, 不正当的",COCA_abridged
predictor,priˈdiktә,n.,先兆; 征兆; 预示物,COCA_abridged
forced,fɒːst,a.,"被迫的, 强迫的, 法定的",COCA_abridged
reduced,riˈdjuːst,a.,减少的; 简化的; 缩减的,COCA_abridged
tattoo,tәˈtuː,n.,文身; （在皮肤上刺的）花纹,COCA_abridged
shopper,ˈʃɒpә,n.,"顾客, 购物者",COCA_abridged
rationale,ˌræʃәˈnɑːli,n.,理由; 原因; 理由说明,COCA_abridged
injustice,inˈdʒʌstis,n.,"不公平, 非正义的行为, 权利侵害",COCA_abridged
soy,sɒi,n.,"酱油, 大豆",COCA_abridged
Soviet,ˈsәuviәt,n.,"苏维埃, 苏联政府; 苏联人 adj. 苏维埃的; 苏联的; 苏联人的",COCA_abridged
motorcycle,ˈmәutәsaikl,n.,摩托车,COCA_abridged
insurer,inˈʃuәrә,n.,"保险人, 承保人, 保险公司",COCA_abridged
unbelievable,ˌʌnbiˈliːvәbl,a.,难以置信的,COCA_abridged
large-scale,,a.,"大规模的, 大范围的, 大比例尺的",COCA_abridged
overly,ˈәuvәli,adv.,"过度地, 极度地",COCA_abridged
all-star,ˈɔːlstɑː(r),a.,全明星的,COCA_abridged
individually,ˌindiˈvidʒuәli,adv.,"以个人身分, 各个地, 独特地",COCA_abridged
mustard,ˈmʌstәd,n.,"芥末, 芥菜, 强烈的兴趣",COCA_abridged
cleaning,ˈkliːniŋ,n.,"清洁, 扫除, 大败, 输得精光, 除伐, 巨额利润",COCA_abridged
controller,kәnˈtrәulә,n.,"控制器, 管理者",COCA_abridged
relaxed,riˈlækst,a.,"松懈的, 放松的, 得到休息的, 随意的, 不拘束的, 自在的",COCA_abridged
watercolor,,n.,"水彩颜料, 水彩画",COCA_abridged
secretly,ˈsiːkritli,adv.,"秘密地, 背地里",COCA_abridged
caregiver,ˈkeəgɪvə(r),n.,"照料者, 护理者",COCA_abridged
arctic,ˈɑːktik,a.,"北极的, 极寒的; 严寒的, 冰冷的",COCA_abridged
African,ˈæfrikәn,n.,"非洲人 a. 非洲的, 非洲人的",COCA_abridged
moving,ˈmuːviŋ,a.,"动人的, 令人感动的, 鼓动的, 原动的",COCA_abridged
Protestant,ˈprɒtistәnt,n.,"新教徒 a. 新教的, 新教徒的",COCA_abridged
proudly,ˈpraudli,adv.,"傲慢地, 自大地, 得意洋洋地",COCA_abridged
sampling,ˈsɑːmpliŋ,n.,"样本, 取样",COCA_abridged
broadly,ˈbrɒːdli,adv.,"宽广地, 明白地, 粗鄙地",COCA_abridged
filmmaker,"ˈfilm,meikә(r)",n.,电影制作人,COCA_abridged
tomb,tuːm,n.,"坟墓, 死亡 vt. 埋葬",COCA_abridged
abandoned,әˈbændәnd,a.,"被抛弃的, 无约束的, 恣意放荡的",COCA_abridged
viking,ˈvaikiŋ,n.,海盗,COCA_abridged
interface,ˈintәfeis,n.,"分界面, 接触面, 界面",COCA_abridged
bookstore,ˈbukstɒː,n.,书店,COCA_abridged
pope,pәup,n.,"罗马教皇, 主教",COCA_abridged
protester,,n.,"抗议者, 持异议者, 拒付者",COCA_abridged
Sunni,ˈsuniː,n.,〈伊斯兰〉逊尼派教徒,COCA_abridged
don,dɒn,n.,"西班牙贵族(或绅士), 先生, 阁下 vt. 穿上",COCA_abridged
beautifully,ˈbjuːtifuli,adv.,"美好地, 漂亮地",COCA_abridged
lobster,ˈlɒbstә,n.,龙虾,COCA_abridged
artwork,ˈɑːtwәːk,n.,"插图, 艺术作品",COCA_abridged
confusing,,a.,令人困惑的; 混淆的; 混乱的,COCA_abridged
renewed,riˈnjuːd,a.,复兴的; 更新的; 重建的,COCA_abridged
aggressively,,adv.,侵略地; 攻击地; 有闯劲地,COCA_abridged
unwilling,ˌʌnˈwiliŋ,a.,"不愿意的, 勉强的, 不服从的",COCA_abridged
Greek,griːk,n.,"希腊人, 希腊语 a. 希腊的, 希腊人的",COCA_abridged
questionable,ˈkwestʃәnәbl,a.,"可疑的, 有问题的, 不可靠的",COCA_abridged
homemade,ˈhәumˈmeid,a.,"自制的, 国产的",COCA_abridged
drape,dreip,n.,"布帘, 褶皱 vt. 用布帘覆盖, 披上 vi. 成褶皱状",COCA_abridged
archaeologist,ˌɑːkiˈɒlәdʒist,n.,考古学家,COCA_abridged
Victorian,vikˈtɔːriәn,a.,"英国维多利亚女王时代的, 笃信宗教的, 讲究体面的",COCA_abridged
sandy,ˈsændi,a.,"沙的, 沙地的, 多沙的",COCA_abridged
evangelical,ˌiːvænˈdʒelikәl,a.,福音派教会的 n. 福音派信徒,COCA_abridged
coffin,ˈkɒfin,n.,"棺材, 灵柩",COCA_abridged
server,ˈsәːvә,n.,"服伺者, 上菜用具, 发球员 [计] 服务器, 服务器启动程序, 服务台程序",COCA_abridged
unusually,ʌnˈjuːʒәli,adv.,"不寻常地, 异乎寻常地,",COCA_abridged
unusually,ʌnˈjuːʒәli,,(非正式)非常,COCA_abridged
lender,ˈlendә,n.,"出借者, 贷方, 贷款人",COCA_abridged
bastard,ˈbæstәd,n.,"私生子, 劣货 a. 私生的, 杂种的, 不合标准的",COCA_abridged
module,ˈmɒdjuːl,n.,"组件, 模数, 模块",COCA_abridged
theorist,ˈθiːәrist,n.,"理论家, 理论工作者",COCA_abridged
tee,tiː,,n.,COCA_abridged
tee,tiː,,"T字形,",COCA_abridged
tee,tiː,,"T字形之物, 发球区, 球座, 目标 vt. 搁在球座上 a.",COCA_abridged
tee,tiː,,T字形的,COCA_abridged
reported,riˈpɔːtid,a.,报告的; 据报道的,COCA_abridged
conditioning,kәnˈdiʃәniŋ,n.,"调节, 条件作用, 整修",COCA_abridged
whisk,wisk,n.,"掸, 扫帚, 毛掸子, 搅拌器, 拂 vt. 扫, 拂, 挥动, 迅速移动, 搅拌 vi. 飞奔",COCA_abridged
reactor,riˈæktә,n.,"反应者, 反应器, 反应堆, 电抗器",COCA_abridged
satisfying,ˈsætisfaiiŋ,a.,"令人满意的, 使人满足的",COCA_abridged
visually,ˈvizjjәli,adv.,形象化地; 外表上; 看得见地,COCA_abridged
steering,ˈstiәriŋ,n.,"掌舵, 操纵, 指导",COCA_abridged
coming,ˈkʌmiŋ,n.,"来临 a. 就要来的, 接着的",COCA_abridged
evidently,ˈevidәntli,adv.,"明显地, 根据现有证据来看",COCA_abridged
registered,ˈredʒistәd,a.,"注册的, 登记过的, 记名的, 挂号的",COCA_abridged
efficiently,iˈfiʃәntli,adv.,有效地; 效率高地,COCA_abridged
middle-aged,ˈmidlˈeidʒd,a.,中年的,COCA_abridged
freezing,ˈfriːziŋ,a.,"冰冻的, 冷冻用的, 严寒的",COCA_abridged
oddly,ˈɒdli,adv.,奇怪地,COCA_abridged
flashlight,ˈflæʃlait,n.,"手电筒, 闪光信号灯",COCA_abridged
elk,elk,n.,麋鹿,COCA_abridged
morally,ˈmɒrәli,adv.,"道德上, 德性上, 有道德地",COCA_abridged
Brazilian,brәˈziljәn,n.,"巴西人 a. 巴西的, 巴西人的",COCA_abridged
thinker,ˈθiŋkә,n.,"思想者, 思想家",COCA_abridged
grass-roots,ˈgrɑːsruːts,a.,"一般民众的, 基层的, 基层群众, 农业区(企业的)",COCA_abridged
genuinely,,adv.,真诚地; 诚实地,COCA_abridged
indirect,ˌindiˈrekt,a.,"间接的, 非直截了当的, 不坦率的",COCA_abridged
ya,ˈjә,abbr.,年轻人（young adult）,COCA_abridged
long-standing,ˈlɔŋstædiŋ,a.,长期存在的,COCA_abridged
globalization,ˌglәjbәlaiˈzeiʃәn,n.,"全球化, 普及到世界范围",COCA_abridged
discomfort,disˈkʌmfәt,n.,"困苦, 不适, 烦闷, 不快活",COCA_abridged
backpack,ˈbækpæk,n.,"远足用的背包; 双肩背包, 背包",COCA_abridged
spirituality,ˌspiritjuˈæliti,n.,宗教性; 精神性; 灵性,COCA_abridged
cinnamon,ˈsinәmәn,n.,"肉桂, 肉桂树皮, 肉桂色",COCA_abridged
appropriately,,adv.,"适当的, 恰如其分的, 恰当的, 合适的",COCA_abridged
unpleasant,ˌʌnˈpleznt,a.,"使人不愉快的, 使人厌恶的, 煞风景的",COCA_abridged
two-year,,,两年制的 两年的,COCA_abridged
comeback,ˈkʌmbæk,n.,"复原, 复辟, 复位; （迅速的）回答, 回应",COCA_abridged
thereafter,ˌðєәrˈæftә,adv.,"其后, 从那时以后",COCA_abridged
painted,ˈpeintid,a.,"描画的, 着色的, 刷上油漆的, 涂脂抹粉的, 矫揉造作的",COCA_abridged
astonishing,әˈstɒniʃiŋ,a.,令人惊讶的,COCA_abridged
randomly,,adv.,"随便地, 任意地; 无目的地, 胡乱地; 未加计划地",COCA_abridged
referral,riˈfәːrәl,n.,"参照, 介绍, 被介绍人, 转诊病人",COCA_abridged
radically,ˈrædikәli,adv.,"根本地, 完全地",COCA_abridged
re-create,ˌriːkriˈeit,vt.,重新创作,COCA_abridged
parlor,ˈpɑːlә,n.,"客厅, 会客室, 小店",COCA_abridged
unacceptable,ˌʌnәkˈseptәbl,a.,"无法接受的, 不受欢迎的, 难以承认的",COCA_abridged
sporting,ˈspɒːtiŋ,a.,"喜好运动的, 运动用的, 冒险性的",COCA_abridged
Canadian,kәˈneidiәn,a.,加拿大的,COCA_abridged
statewide,ˈsteitwaid,a.,"全州的, 遍及全州的",COCA_abridged
hitter,ˈhitә,n.,"打手, 打击的人",COCA_abridged
Swedish,ˈswiːdiʃ,n.,"瑞典人, 瑞典语 a. 瑞典的, 瑞典人的, 瑞典语的",COCA_abridged
Bosnian,bɔzniːən,n.,波斯尼亚人 a. 波斯尼亚的,COCA_abridged
policymaker,ˈpɔlisi.meikә,n.,政策制定者; 决策人,COCA_abridged
critically,ˈkritikәli,adv.,"批评性地, 审慎地, 精密地",COCA_abridged
pathway,ˈpɑːθwei,n.,"路径, 途径",COCA_abridged
opposing,әˈpәuziŋ,a.,"对面的, 反对的, 相反的, 相对的",COCA_abridged
madness,ˈmædnis,n.,"疯狂, 愚蠢的行为",COCA_abridged
cleaner,ˈkliːnә,n.,"清洁工人, 清洁剂, 干洗商",COCA_abridged
respected,,a.,受尊敬的,COCA_abridged
usher,ˈʌʃә,n.,"引座员, 招待员 vt. 引导, 招待 vi. 作招待员",COCA_abridged
golfer,ˈgɒlfә,n.,打高尔夫球的人,COCA_abridged
proliferation,ˌprәulifәˈreiʃәn,n.,"增殖, 增生, 激增",COCA_abridged
firing,ˈfaiәriŋ,n.,"烧毁, 焚烧, 加热, 添煤",COCA_abridged
symbolize,ˈsimblaiz,vt.,"符号化, 用符号表现 vi. 采用象征, 使用符号",COCA_abridged
delighted,diˈlaitid,a.,"高兴的, 快乐的",COCA_abridged
turf,tәːf,n.,"草皮, 泥炭, 跑马场 vt. 覆草皮于",COCA_abridged
parsley,ˈpɑːsli,n.,"皱叶欧芹, 荷兰芹",COCA_abridged
overweight,ˈәuvәˈweit,n.,"超过重量, 过重, 优势 a. 超过重量的, 超重的 vt. 使超重, 重于, 过于重视",COCA_abridged
tab,tæb,n.,"制表(键), 搭襻, 标号, 调整片,",COCA_abridged
tab,tæb,,"(易拉罐)拉环, 帐单 [计] 标签, 制表符,",COCA_abridged
tab,tæb,,TAB键,COCA_abridged
linebacker,ˈlainbækә,n.,中后卫球员,COCA_abridged
basics,,n.,"最简单但最重要的部分, 基本, 基础训练",COCA_abridged
goddess,ˈgɒdis,n.,"女神, 美女, 受崇拜的女性",COCA_abridged
bipartisan,"bai,pɑːtiˈzæn",a.,两党连立的,COCA_abridged
passing,ˈpæsiŋ,n.,"通过, 逝去, 死, 流逝 a. 经过的, 流逝的, 目前的, 短暂的, 及格的, 仓促的",COCA_abridged
smoker,ˈsmәukә,n.,"吸烟者, 吸烟的人, 吸烟车厢,",COCA_abridged
smoker,ˈsmәukә,,(美)(非正式)蒸汽火车头,COCA_abridged
diagnostic,daiәgˈnɒstik,a.,"诊断的, 有助于诊断的, 特征的 n. 诊断, 病的征候, 诊断法",COCA_abridged
promptly,ˈprɒmptli,adv.,"敏捷地, 迅速地",COCA_abridged
reopen,ˌriːˈәupәn,v.,"重开, 再开始, 再开",COCA_abridged
expanded,ikˈspendid,a.,扩充的; 展开的,COCA_abridged
dedicated,ˈdedikeitid,a.,"专注的, 献身的",COCA_abridged
homosexuality,-ˈæliti,n.,"同性恋, 同性性欲",COCA_abridged
contender,kәnˈtendә(r),n.,"参赛者, 争论者, 斗争者, 竞争者",COCA_abridged
happening,ˈhæpәniŋ,n.,"事件, 意外发生的事",COCA_abridged
sensibility,ˌsensiˈbiliti,n.,"感性, 感觉, 情感, 感觉能力",COCA_abridged
reformer,riˈfɒːmә,n.,"改革家, 改革运动者 [化] 转化炉; 转化器; 重整器; 重整炉",COCA_abridged
sticker,ˈstikә,n.,"粘贴标签, 张贴物; 坚持不懈的人; 尖刀; 难题",COCA_abridged
shooter,ˈʃuːtә,n.,"射手, 狩猎者, 手枪",COCA_abridged
geographical,dʒiәˈgræfikl,a.,"地理学的, 地理的",COCA_abridged
publishing,ˈpʌbliʃiŋ,n.,"出版, 刊印, 发行",COCA_abridged
flawed,,a.,有缺陷的; 有裂纹的; 有瑕疵的,COCA_abridged
alpha,ˈælfә,n.,"希腊字母表的第一个字母, 最初, 开端",COCA_abridged
uncommon,ˌʌnˈkɒmәn,a.,"不寻常的, 非凡的, 罕有的 adv. 不平常地",COCA_abridged
bunker,ˈbʌŋkә,n.,"煤仓, 沙坑, 暗堡 vt. 击入沙坑, 使陷入困境",COCA_abridged
frustrated,frʌˈstreitid,a.,"失意的, 挫败的; 泄气的",COCA_abridged
deepen,ˈdipәn,vi.,"深化 vt. 使加深, 使强烈",COCA_abridged
unlimited,ˌʌnˈlimitid,a.,"无限的, 不受限制的, 无条件的",COCA_abridged
interestingly,ˈintristiŋli,adv.,有趣地,COCA_abridged
environmentally,,adv.,有关环境方面,COCA_abridged
incoming,ˈinkʌmiŋ,a.,"进来的, 刚开始的, 新来的",COCA_abridged
hillside,ˈhilsaid,n.,"山坡, 山腹",COCA_abridged
four-year,,,四年的 四年制的,COCA_abridged
arguably,ˈɑːɡjuәbli,adv.,可论证地; 可争辩地; 正如可提出证据加以证明的那样地,COCA_abridged
strangely,ˈstreindʒli,adv.,"奇妙地, 奇怪地, 不可思议地",COCA_abridged
strategist,ˈstrætidʒist,n.,战略家,COCA_abridged
multicultural,ˌmʌltiˈkʌltʃәrәl,a.,融合或具有多种文化的; 多种文化的,COCA_abridged
casually,ˈkæʒjuәli,adv.,"偶然地, 临时地, 随便地",COCA_abridged
puppy,ˈpʌpi,n.,"小狗, 小动物, 自负的年轻人",COCA_abridged
median,ˈmiːdiәn,a.,"中央的, 中间的, 正中的 n. 正中动脉, 中位数, 中线",COCA_abridged
angler,ˈæŋglә,n.,垂钓者,COCA_abridged
seafood,ˈsiːfuːd,n.,"海味, 海鲜, 鱼类",COCA_abridged
theologian,ˌθiːәˈlәudʒәn,n.,神学家,COCA_abridged
inaudible,inˈɒːdәbl,a.,听不见的,COCA_abridged
battered,ˈbætәd,a.,磨损的; 弄垮的; 破旧的; 受到虐待的,COCA_abridged
broadway,ˈbrɒːdwei,n.,百老汇大街,COCA_abridged
paperwork,ˈpeipәwәːk,n.,文书工作,COCA_abridged
illegally,,adv.,"非法地, 不合法地, 违法地",COCA_abridged
suspected,sәˈspektid,a.,有嫌疑的,COCA_abridged
steroids,ˈstɪərɔɪdz,n.,类固醇( steroid的名词复数 ),COCA_abridged
investigative,inˈvestigeitiv,a.,"审查的, 调查的, 好研究的",COCA_abridged
boomer,ˈbuːmә,n.,往来无定的临时工,COCA_abridged
finished,ˈfiniʃt,a.,"完成的, 完结的; 彻底被毁灭; 彻底失败",COCA_abridged
fund-raiser,ˈfʌndˌreɪzə,n.,募捐者,COCA_abridged
day-to-day,,adv.,"天天, 日常, 暂时的",COCA_abridged
dice,dais,n.,骰子 vt. 切成方块 vi. 掷骰子,COCA_abridged
patio,ˈpɑːtiәu,n.,"露台, 平台, 屋子与花园之间的一片供晴天休息用的石砌空地",COCA_abridged
roommate,,n.,住在同室的人,COCA_abridged
comfortably,ˈkʌmfәtәbli,adv.,"安乐地, 舒服地, 宽裕地",COCA_abridged
twilight,ˈtwailait,n.,"暮光, 曙光, 黎明, 黄昏, 微光, 朦胧状态 a. 微明的",COCA_abridged
secondly,ˈsekәndli,adv.,"第二, 其次",COCA_abridged
vaguely,ˈveigli,adv.,"含糊地, 暧昧地",COCA_abridged
one-time,,a.,"以前的, 古时的, 一度的",COCA_abridged
unlock,ˌʌnˈlɒk,vt.,"开...的锁, 开启, 表露, 放出 vi. 被开启, 揭开, 解放 [计] 解除锁定",COCA_abridged
bleeding,ˈbliːdiŋ,n.,"出血, 流血; 该死的, 可恶的",COCA_abridged
loosely,ˈluːsli,adv.,"松弛地, 宽松地, 不紧",COCA_abridged
understandable,ˌʌndәˈstændәbl,a.,可以理解的,COCA_abridged
relocate,riːˈlәukeit,vt.,"搬迁, 重新安置, 放在新地方",COCA_abridged
incomplete,ˌinkәmˈpliːt,a.,"不完全的, 未完成的, 不完善的",COCA_abridged
instability,ˌinstәˈbiliti,n.,"不安定, 不稳定",COCA_abridged
unwanted,ˌʌnˈwɒntid,a.,"没人要的, 不需要的, 多余的",COCA_abridged
laborer,ˈleibәrә,n.,"体力劳动者, 辅助工 [机] 劳动者",COCA_abridged
continuously,kәnˈtinjuәsli,adv.,"不断地, 连续地",COCA_abridged
filing,ˈfailiŋ,n.,提起诉讼; 锉屑; 文件编排,COCA_abridged
Halloween,ˌhælәuˈiːn,,n.,COCA_abridged
Halloween,ˌhælәuˈiːn,,(基督教)万圣节前夕,COCA_abridged
heck,hek,int.,真见鬼（hell的委婉说法）,COCA_abridged
Taliban,,n.,塔利班,COCA_abridged
sperm,spәːm,n.,"精液, 精虫; 鲸油",COCA_abridged
sedan,siˈdæn,n.,"轿车, 轿子",COCA_abridged
certified,ˈsәːtifaid,a.,证明合格的,COCA_abridged
apartheid,әˈpɑːtheit,n.,种族隔离,COCA_abridged
archaeological,ˌɑːkiәˈlɒdʒikl,a.,"考古学的, 考古学上的",COCA_abridged
overview,ˈәuvәvjuː,n.,"概述, 概观, 总的看法",COCA_abridged
forgiveness,fәˈgivnis,n.,"宽恕, 宽仁之心",COCA_abridged
societal,sәˈsaiәtl,a.,社会的,COCA_abridged
extensively,,adv.,"广阔地, 广大地, 全面的",COCA_abridged
calmly,ˈkɑːmli,adv.,"平静地, 安静地, 冷静地",COCA_abridged
follow-up,,a.,后续行动; 紧接的活动,COCA_abridged
inequality,ˌiniˈkwɒliti,n.,"不平等, 不同, 不平坦, 不平均",COCA_abridged
canned,kænd,a.,"罐装的, 录音的, 一稿数用的, 刻板的, 被囚的",COCA_abridged
closing,ˈklәuziŋ,n.,结束 a. 结束的,COCA_abridged
preschool,ˈpriːˈskuːl,a.,"就学前的 n. 育幼院, 幼稚园",COCA_abridged
superstar,ˈsjuːpәstɑː,n.,超级明星,COCA_abridged
intensely,ɪnˈtenslɪ,adv.,强烈地; 极度; 剧烈地,COCA_abridged
sleek,sliːk,a.,"光滑的, 线条明快的, 时髦的 vt. 使光滑, 掩盖 vi. 打扮漂亮, 滑动",COCA_abridged
windshield,ˈwindʃiːld,n.,挡风玻璃,COCA_abridged
whiskey,ˈhwiski,n.,威士忌酒,COCA_abridged
tester,ˈtestә,n.,"试验员, 试用品",COCA_abridged
sunglasses,,n.,"太阳镜, 墨镜",COCA_abridged
inconsistent,ˌinkәnˈsistәnt,a.,"矛盾的, 不一致的, 不协调的",COCA_abridged
interpersonal,ˌintәˈpәːsәnәl,a.,"人与人之间的, 人际(关系)的",COCA_abridged
vase,veis,n.,"花瓶, 装饰瓶",COCA_abridged
negotiator,niˈgәuʃieitә,n.,"磋商者, 交涉者, 议定者",COCA_abridged
periodically,ˌpiәriˈɔdikəli,adv.,周期性地; 定期地,COCA_abridged
accidentally,ˌæksiˈdentli,adv.,"偶然地, 意外地",COCA_abridged
outraged,,a.,"义愤填膺的; 愤慨的, 气愤的",COCA_abridged
postal,ˈpәustl,a.,"邮政的, 邮局的",COCA_abridged
cease-fire,,n.,停火,COCA_abridged
high-speed,,a.,高速的,COCA_abridged
high-profile,haiˈprəufai,a.,高姿态的; 高调的; 备受瞩目的; 知名度高的,COCA_abridged
saucepan,ˈsɒːspәn,,n.,COCA_abridged
saucepan,ˈsɒːspәn,,"(长柄有盖)深平底锅, 炖锅",COCA_abridged
activism,ˈæktivizm,n.,"激进主义, 行动主义, 能动论",COCA_abridged
unstable,ˌʌnˈsteibl,a.,不稳定的,COCA_abridged
internationally,ˌintәˈnæʃәnәli,adv.,"国际性地, 在国际间",COCA_abridged
nervously,,adv.,焦急地; 神经质地; 提心吊胆地,COCA_abridged
freeman,ˈfriːmәn,n.,"自由民, 公民, 有公民权的人",COCA_abridged
reluctantly,rɪˈlʌktəntlɪ,adv.,"不情愿地, 勉强地",COCA_abridged
exposed,ikˈspәuzd,a.,"暴露的, 无掩蔽的, 易受攻击的",COCA_abridged
subcommittee,ˈsʌbkә.miti,n.,（委员会下的）专门小组,COCA_abridged
co-author,,n.,合著者 vt. 合著,COCA_abridged
sneakers,,n.,胶底运动鞋（sneaker的复数形式）,COCA_abridged
someplace,ˈsʌmpleis,adv.,在某处 n. 某处,COCA_abridged
Nazi,ˈnɑːtsi,n.,纳粹党人 a. 纳粹党的,COCA_abridged
billboard,ˈbilbɒːd,n.,"广告牌, 布告板",COCA_abridged
precinct,ˈpriːsiŋkt,n.,"区域, 管理区, 管辖区域",COCA_abridged
daytime,ˈdeitaim,n.,"白天, 日间",COCA_abridged
underway,ˈʌndәˈwei,a.,航行中的; 进行中的; 起步的,COCA_abridged
grader,ˈgreidә,n.,"把东西分类别的人/机器, 平路机, 推土机",COCA_abridged
unload,ˌʌnˈlәud,vi.,"卸货 vt. 从...卸下, 摆脱...之负担, 倾销, 卸(货) [计] 卸载",COCA_abridged
pornography,pɔːˈnɔgrәfi,n.,色情作品; 淫秽作品,COCA_abridged
innings,,n.,"局, 回合, 盘, 一局, 当权期间",COCA_abridged
takeover,,n.,"接管, 接收",COCA_abridged
swiftly,ˈswiftli,adv.,"很快地, 即刻",COCA_abridged
spinach,ˈspinitʃ,n.,"菠菜, 货币, 胡说八道",COCA_abridged
tactical,ˈtæktikl,a.,"战术的, 用兵上的, 策略的",COCA_abridged
probation,prәuˈbeiʃәn,n.,"缓刑, 试用, 见习, 察看",COCA_abridged
Baptist,ˈbæptist,n.,"施洗礼者, 浸礼会教友",COCA_abridged
civilized,ˈsivilaizd,a.,"文明的, 有礼的",COCA_abridged
smack,smæk,n.,"风味, 滋味, 少量, 拍击声, 咂嘴声, 小渔船, 海洛因 vi. 有味道, 咂嘴, 发出拍击声 vt. 拍, 打, 掴, 咂, 出声地吻 adv. 啪地一声, 猛然",COCA_abridged
would-be,ˈwudbiː,a.,"将要成为的, 自称的, 冒充的",COCA_abridged
platter,ˈplætә,n.,"大浅盘, 主菜盘",COCA_abridged
all-time,,a.,"全部时间的, 空前的, 创记录的",COCA_abridged
gee,ˈdʒiː,,"interj. 向右, 前进, 哎呀(惊讶时所发声音) v.",COCA_abridged
gee,ˈdʒiː,,(使)向右转,COCA_abridged
sweetheart,ˈswiːthɑːt,n.,"心上人, 爱人 vi. 爱慕 vt. 向...求爱",COCA_abridged
retiree,ri.taiәˈriː,n.,"退休人员, 退休者",COCA_abridged
fingertip,ˈfiŋgәtip,n.,"指尖, 指套",COCA_abridged
crap,kræp,n.,"垃圾, 废话 vi. 掷骰子",COCA_abridged
freezer,friːzә,n.,"冰库, 冰箱, 冷冻库",COCA_abridged
floating,ˈflәutiŋ,a.,"漂浮的, 浮动的, 移动的",COCA_abridged
chick,tʃik,n.,"小鸡, 小鸟; 少妇, 少女",COCA_abridged
diaper,ˈdaiәpә,n.,尿布,COCA_abridged
gunman,ˈgʌnmәn,n.,"枪手, 持枪歹徒, 持枪抢劫或杀人者, 枪炮工人",COCA_abridged
right-wing,ˈraitwiŋ,a.,"右翼的, 右派的",COCA_abridged
shining,ˈʃainiŋ,a.,"光亮的, 华丽的",COCA_abridged
sideline,ˈsaidlain,n.,"副业, 旁线, 界线, 兼职, 旁观者看法 vt. 使退出比赛场地",COCA_abridged
incorrect,ˌinkәˈrekt,a.,"不正确的, 错误的, 不适当的",COCA_abridged
serbian,ˈsәːbjәn,a.,塞尔维亚人（语）的; 塞尔维亚的,COCA_abridged
turbine,ˈtәːbain,n.,涡轮机,COCA_abridged
condo,kәnˈdәu,n.,"共管, 多层公寓大楼, 由个人占用的一套公寓房间",COCA_abridged
focal,ˈfәukl,a.,"焦点的, 在焦点上的; 病灶的, 灶的",COCA_abridged
pounding,ˈpәundiŋ,n.,重击; 重击声,COCA_abridged
competency,ˈkɔmpit(ә)nsi,n.,能力（等于competence）; 资格,COCA_abridged
entitlement,,n.,权利,COCA_abridged
Pakistani,ˌpɑːkiˈstɑːni,a.,巴基斯坦的 n. 巴基斯坦人,COCA_abridged
extraordinarily,ikˈstrɔːdθnәrili,adv.,"非凡, 破例, 特别, 非常, 离奇, 使人惊奇, 惊人, 特命, 特派",COCA_abridged
puzzled,ˈpʌzld,a.,"困惑的, 迷惑的",COCA_abridged
um,әm,int.,嗯（表示迟疑）,COCA_abridged
reconstruct,ˌriːkәnsˈtrʌkt,vt.,"重建, 改造, 按原样修复",COCA_abridged
openness,ˈәupәnnis,n.,公开; 宽阔; 率真,COCA_abridged
pancake,ˈpænkeik,n.,"薄烤饼, 薄煎饼, 烙饼",COCA_abridged
whoa,wәu,int.,"惊叹声, 停止",COCA_abridged
voluntarily,ˌvɒlәnˈterili,adv.,"自愿地, 以自由意志",COCA_abridged
mid,mid,a.,"中间的, 中央的, 中部的 prep. 在...之中",COCA_abridged
mama,ˈmɑːmә,n.,妈妈,COCA_abridged
controlled,kәnˈtrәuld,a.,"受约束的, 克制的, 受管辖的",COCA_abridged
prostate,ˈprɒsteit,n.,前列腺,COCA_abridged
raised,reizd,a.,"凸起的, 浮雕的, 发酵的",COCA_abridged
multimedia,ˌmʌltiˈmiːdiә,n.,多媒体,COCA_abridged
cohort,ˈkәuhɒːt,n.,一群; 步兵大队; 支持者; 共同特点的一群人,COCA_abridged
worrying,ˈwʌriiŋ,a.,"使人烦恼的, 忧虑重重的",COCA_abridged
keeper,ˈkiːpә,n.,"监护人, 管理人, 看守人",COCA_abridged
spa,spɑː,n.,"矿泉, 温泉浴场, 矿泉治疗地",COCA_abridged
basil,ˈbæzil,n.,罗勒属植物,COCA_abridged
built-in,ˈbiltˈin,a.,"内在的, 固定的, 嵌入的 n. 固定于建筑物的用具 [计] 内置",COCA_abridged
disbelief,ˌdisbiˈliːf,n.,"不信, 怀疑",COCA_abridged
enormously,iˈnɒːmәsli,adv.,"非常地, 巨大地",COCA_abridged
Czech,tʃek,n.,"捷克人, 捷克语 a. 捷克的, 捷克语的, 捷克人的",COCA_abridged
sickness,ˈsiknis,n.,"疾病, 不健康, 呕吐",COCA_abridged
saw,sɒː,n.,"锯子, 谚语 vt. 锯, 锯开, 来回移动 vi. 拉锯, 移动",COCA_abridged
camping,ˈkæmpiŋ,n.,"野营, 露营",COCA_abridged
awhile,әˈhwail,adv.,"片刻, 一会儿",COCA_abridged
madame,ˈmædәm,n.,"夫人, 小姐, 太太, 女士, 主妇,",COCA_abridged
madame,ˈmædәm,,"(非正式)喜欢差使/指使别人的女子, 鸨母",COCA_abridged
roadside,ˈrәudsaid,n.,"路旁, 路边 a. 路边的",COCA_abridged
high-quality,ˈhaɪkwˈɒlɪtɪ,,高级的,COCA_abridged
distributor,disˈtribjutә,n.,"分发者, 散布者, 分配者, 销售者, 分配器, 配电盘, 自动拆版机",COCA_abridged
half-hour,ˈhɑːfˈauә,n.,"半小时, 三十分钟",COCA_abridged
constructive,kәnˈstrʌktiv,a.,"建设性的, 构造上的",COCA_abridged
daunting,ˈdɒːntiŋ,a.,使人畏惧的,COCA_abridged
eagerly,,adv.,"渴望, 热衷于, 热切",COCA_abridged
catcher,ˈkætʃә,n.,"捕手, 捕捉器, 受器",COCA_abridged
rancher,ˈræntʃә,n.,"大农场经营者, 牧场工人",COCA_abridged
readiness,ˈredinis,n.,"预备, 准备, 敏捷",COCA_abridged
respiratory,riˈspaiәrәtәri,a.,呼吸的,COCA_abridged
year-round,"ˈjəːˈrajnd,ˈjiә-",a.,"一年到头的, 整年的",COCA_abridged
desperation,ˌdespәˈreiʃәn,n.,绝望,COCA_abridged
hands-on,,adj.,"动手的, 实际操作的",COCA_abridged
interstate,ˌintәˈsteit,a.,"国与国之间的, 州际的, 州与州之间的",COCA_abridged
vastly,ˈvɑːstli,adv.,"广大地, 许多, 巨大",COCA_abridged
Roman,ˈrәumәn,n.,"罗马人 a. 罗马人的, 罗马的",COCA_abridged
comedian,kәˈmiːdjәn,n.,喜剧演员,COCA_abridged
persona,pәːˈsәunә,n.,"人, 人物, 角色, 外表印象, 人格面具",COCA_abridged
undercover,ˌʌndәˈkʌvә,a.,"秘密从事的, 秘密的, 从事间谍活动的",COCA_abridged
real-life,"ˈriәlˈlaif,ˈriːl-",a.,"实在的, 现实的",COCA_abridged
polished,ˈpɒliʃt,a.,"擦亮的, 优雅的, 精良的",COCA_abridged
genocide,"ˈdʒenәu,said",n.,"种族灭绝, 灭绝整个种族的大屠杀",COCA_abridged
redefine,ˌriːdiˈfain,vt.,重新定义,COCA_abridged
black-and-white,ˈblækәnˈhwait,a.,"白纸黑字的, 黑白混合的",COCA_abridged
runoff,ˈrʌnɒf,n.,"径流(量), 决赛, 决定性竞选",COCA_abridged
shorten,ˈʃɒːtn,vt.,"弄短, 缩短, 减少 vi. 缩小, 变短",COCA_abridged
professionally,,adv.,专业地; 内行地,COCA_abridged
bargaining,ˈbɑːginiŋ,n.,"讨价还价, 谈判, 交涉",COCA_abridged
impeachment,imˈpiːtʃmәnt,n.,"控告, 检举, 弹劾",COCA_abridged
directive,diˈrektiv,a.,"指导的, 指挥的, 方向的 n. 指令",COCA_abridged
enhanced,inˈhɑːnst. -ˈhænst,a.,增大的; 加强的,COCA_abridged
bra,brɑː,n.,奶罩,COCA_abridged
Mediterranean,ˌmeditәˈreiniәn,n.,"地中海, 地中海民族 a. 地中海的, 地中海民族的",COCA_abridged
rightly,ˈraitli,adv.,"合适地, 正当地, 正确地",COCA_abridged
advertiser,ˈædvәtaizә,n.,"广告商, 做广告者, 广告客户",COCA_abridged
heterosexual,ˌhetәrәˈsekʃuәl,a.,"异性的, 异性爱的 n. 异性恋的人",COCA_abridged
rewrite,riːˈrait,vt.,"重写, 改写, 改写新闻, 书面答复 vi. 修改旧作 n. 改写的作品",COCA_abridged
Protestant,ˈprɒtistәnt,n.,"新教徒 a. 新教的, 新教徒的",COCA_abridged
dictatorship,dikˈteitәʃip,n.,"独裁者之职位, 独裁, 独裁政权",COCA_abridged
automaker,"ˈɔːtәu,meikә",n.,<美>汽车制造商,COCA_abridged
sitcom,ˈsitkɔm,abbr.,情景喜剧（situation comedy）,COCA_abridged
lessen,ˈlesn,vt.,"减少, 缩小, 减轻 vi. 变小",COCA_abridged
gosh,gɒʃ,,"interj. 唉, 天啊, 天哪",COCA_abridged
payoff,ˈpeiɒf,n.,"发工资, 分赃, 贿赂, 盈利, 报酬, 报应, 结果, 高潮, 决定因素 a. 决定性的, 产生结果的, 支付的",COCA_abridged
lebanese,ˌlebәˈniːz,a.,黎巴嫩的,COCA_abridged
methodist,ˈmeθәdist,n.,墨守成规者,COCA_abridged
packaging,ˈpækidʒiŋ,n.,"包装, 包装业, 包装术",COCA_abridged
railing,ˈreiliŋ,n.,"扶手, 栏杆, 抱怨",COCA_abridged
paycheck,ˈpeiˈtʃek,n.,"付薪水的支票, 薪水",COCA_abridged
plum,plʌm,n.,李子,COCA_abridged
elevated,ˈeliveitid,a.,提高的,COCA_abridged
inherently,inˈhiәrәntli,adv.,"内在地, 生来地, 固有地",COCA_abridged
boiling,ˈbɒiliŋ,a.,"沸腾的, 激昂的 adv. 沸腾",COCA_abridged
breakup,ˈbreikʌp,n.,"分裂, 崩溃, 解散, 解体",COCA_abridged
low-fat,ləu fæt,a.,低脂肪的,COCA_abridged
wartime,ˈwɒːtaim,n.,战时,COCA_abridged
multinational,ˌmʌltiˈnæʃәnl,a.,"多国的, 跨国公司的 n. 跨国公司",COCA_abridged
snapshot,ˈsnæpʃɒt,n.,"快照, 抽点打印",COCA_abridged
inning,ˈiniŋ,n.,"一局, 挨次轮换, 执政期, 围垦",COCA_abridged
long-distance,,a.,"长途的, 长途电话的",COCA_abridged
alarming,әˈlɑːmiŋ,a.,"使人惊恐的, 引起惊恐的",COCA_abridged
homer,ˈhәumә,n.,"本垒打, 传信鸽",COCA_abridged
politely,pәˈlaitli,adv.,"有礼貌地, 文雅地, 客气地",COCA_abridged
thinly,ˈθinli,adv.,"薄, 细, 瘦",COCA_abridged
unsuccessful,ˌʌnsәkˈsesful,a.,不成功的,COCA_abridged
intentionally,,adv.,"故意地, 有意地",COCA_abridged
reconsider,ˌriːkәnˈsidә,v.,"再考虑, 重新考虑",COCA_abridged
offshore,ɒːfˈʃɒː,a.,"海面的, 吹向海面的, 近海的 adv. 向海面",COCA_abridged
newborn,ˈnjuːbɒːn,n.,婴儿 a. 新生的,COCA_abridged
biodiversity,,n.,生物多样性,COCA_abridged
explorer,ikˈsplɒːrә,n.,"探险家, 探测者, 勘探器",COCA_abridged
autopsy,ˈɒːtәpsi,n.,"验尸, 尸体解剖, 尸体剖检",COCA_abridged
incapable,inˈkeipәbl,a.,"无能力的, 不能的",COCA_abridged
fingernail,ˈfiŋgәneil,n.,手指甲,COCA_abridged
bum,bʌm,n.,"游荡者, 懒鬼, 闹饮 a. 没有价值的 vi. 过游民生活, 乞讨, 流浪 vt. 乞讨",COCA_abridged
rethink,riːˈθiŋk,v.,"再想, 重想",COCA_abridged
fiercely,ˈfiәsli,adv.,"猛烈地, 厉害地",COCA_abridged
penis,ˈpiːnis,n.,"阳物, 阴茎",COCA_abridged
Kurdish,ˈkәːdiʃ,a.,库尔德人的 n. 库尔德语,COCA_abridged
scattered,ˈskætәd,a.,"分散的, 散乱的",COCA_abridged
psychic,ˈsaikik,a.,"灵魂的, 精神的, 心灵的 n. 巫师, 灵物, 心灵现象",COCA_abridged
landowner,ˈlændәunә,n.,"地主, 土地所有人",COCA_abridged
Scottish,ˈskɒtiʃ,a.,"苏格兰的, 苏格兰人的",COCA_abridged
fiery,ˈfaiәri,a.,"炽热的, 热烈的, 暴躁的",COCA_abridged
Hawaiian,hәˈwaiiәn,n.,"夏威夷人, 夏威夷语 a. 夏威夷的, 夏威夷语的",COCA_abridged
Texan,ˈteksәn,a.,"得克萨斯州的 n. 得克萨斯州的人, 得克萨斯人",COCA_abridged
walnut,ˈwɒːlnәt,n.,胡桃,COCA_abridged
rebound,riˈbaund,vi.,"弹回, 返回, 产生事与愿违的结果 vt. 使弹回, 使返回 n. 反弹, 返回, 篮板球, 振作",COCA_abridged
aspirin,ˈæspәrin,n.,"阿斯匹林, 乙酰水杨酸",COCA_abridged
onstage,ˈɔnˈsteidʒ,adv.,在前台 a. 在前台的,COCA_abridged
hog,hɒg,n.,"猪, 贪婪者, 象猪般的人 v.",COCA_abridged
hog,hɒg,,(使)拱起,COCA_abridged
ideally,aiˈdiәli,adv.,"完美地, 理想地",COCA_abridged
dependency,diˈpendәnsi,n.,"属国, 保护地, 从属物",COCA_abridged
broccoli,ˈbrɒkәli,n.,花椰菜,COCA_abridged
resonate,ˈrezәneit,,v.,COCA_abridged
resonate,ˈrezәneit,,"(使)共鸣,",COCA_abridged
resonate,ˈrezәneit,,(使)共振,COCA_abridged
Korean,kәˈriәn,n.,"朝鲜人, 朝鲜语 a. 朝鲜人的, 朝鲜语的",COCA_abridged
chemotherapy,ˌkemәuˈθerәpi,n.,化学疗法,COCA_abridged
erotic,iˈrɒtik,a.,"性爱的, 性欲的, 色情的 n. 好色之徒, 色情诗",COCA_abridged
helping,ˈhelpiŋ,n.,"帮助, 协助, 一份",COCA_abridged
estrogen,ˈestrәdʒәn,n.,雌激素,COCA_abridged
ineffective,ˌiniˈfektiv,a.,"失效的, 无效的, 效率低的",COCA_abridged
polling,,n.,"民意调查, 投票",COCA_abridged
jersey,ˈdʒәːzi,n.,运动衫,COCA_abridged
working-class,,a.,工人阶级的,COCA_abridged
attribution,әtriˈbjuːʃәn,n.,"归因, 归属, 属性",COCA_abridged
bartender,ˈbɑː.tendә,n.,"酒保, 酒吧侍者",COCA_abridged
forearm,ˈfɒːrɑːm,n.,"前臂 vt. 预先武装, 准备",COCA_abridged
goddamn,ˈgɔddæm,a.,"该死的, 完全的, 十足的, 讨厌的",COCA_abridged
outreach,autˈriːtʃ,vt.,"超出...的范围, 作超出能力所及的事而害及自己, 占...的上风, 胜过 vi. 走得太远, 伸出, 展开",COCA_abridged
perpetrator,,n.,"作恶者, 行凶者, 犯罪者",COCA_abridged
episcopal,iˈpiskәpәl,a.,"主教的, 主教制度的, 英国国教的",COCA_abridged
silhouette,ˌsiluːˈet,n.,"黑色半身侧面影, 影子, 轮廓, 剪影 vt. 描绘...成侧面影, 使照出影子来, 使仅仅显出轮廓",COCA_abridged
revisit,riːˈvizit,vt.,"再访, 重游, 重临 n. 再访问",COCA_abridged
node,nәud,n.,"节, 结节, 瘤",COCA_abridged
moonlight,ˈmuːnlait,n.,"月光 a. 有月光的, 月夜的",COCA_abridged
villain,ˈvilәn,n.,"坏人, 恶棍, 歹徒",COCA_abridged
specially,ˈspeʃәli,adv.,"特别地, 专门地",COCA_abridged
casting,ˈkɑːstiŋ,n.,"投掷, 铸成品, 角色分配",COCA_abridged
bowling,ˈbәuliŋ,n.,保龄球戏,COCA_abridged
revised,,a.,改进的,COCA_abridged
industrialized,inˈdʌstriәlaizd,a.,工业化的,COCA_abridged
brightness,ˈbraitnis,n.,"光亮, 明亮, 聪明",COCA_abridged
irresponsible,ˌiriˈspɔnsәbl,a.,不负责任的; 不可靠的,COCA_abridged
chili,ˈtʃili,n.,"干辣椒, 辣椒粉",COCA_abridged
cardiovascular,kɑːdiәuˈvæskjulә,a.,心血管的,COCA_abridged
moose,muːs,n.,"麋, 驼鹿",COCA_abridged
gig,gig,n.,"旋转物, 轻便双轮马车, 赛艇, 鱼叉, 记过, 爵士乐演奏会 vi. 乘轻便双轮马车, 乘快艇,",COCA_abridged
gig,gig,,(用鱼叉)叉鱼 vt.,COCA_abridged
gig,gig,,"(用鱼叉)叉, 刺激, 记过",COCA_abridged
mutually,ˈmjuːtʃuәli,adv.,"互相地, 互助",COCA_abridged
unsure,ˌʌnˈʃuә,a.,"不肯定的, 不确定的, 没有自信的",COCA_abridged
prostitution,ˌprɔstiˈtjuːʃәn,n.,"卖淫, 糟蹋, 滥用",COCA_abridged
meaningless,ˈmiːniŋlis,a.,无意义的,COCA_abridged
detainee,ˌdiːteiˈniː,n.,"被拘留者, 被扣押者",COCA_abridged
rabbi,ˈræbai,n.,"拉比(犹太教圣职人员), 大师(对犹太学者的尊称)",COCA_abridged
unseen,ˌʌnˈsiːn,a.,"未被看见的, 看不见的",COCA_abridged
Asian,ˈeiʃәn,n.,"亚洲人 a. 亚洲的, 亚洲人的",COCA_abridged
shiite,ˈʃiːait,n.,什叶派教徒,COCA_abridged
Hindu,ˈhinduː,a.,印度教教徒的 n. 印度教教徒,COCA_abridged
theoretically,ˌθiːәˈretikli,adv.,"理论上, 理论地",COCA_abridged
twisted,ˈtwistid,a.,扭曲的,COCA_abridged
contingency,kәnˈtindʒәnsi,n.,"偶然性, 可能性, 意外事故",COCA_abridged
wavelength,ˈweivleŋθ,n.,波长,COCA_abridged
categorize,ˈkætigәraiz,vt.,"分类, 归类",COCA_abridged
punk,pʌnk,n.,"废物, 小阿飞",COCA_abridged
postmodern,pәustˈmɔdәn,a.,后现代的,COCA_abridged
cooler,ˈkuːlә,n.,冷却器,COCA_abridged
benchmark,,n.,基准,COCA_abridged
exhausted,iɡˈzɔːstid,a.,耗尽的; 疲惫的,COCA_abridged
lousy,ˈlauzi,a.,"污秽的, 恶心的, 生虱的",COCA_abridged
conversely,ˈkɔnvәːsli,adv.,相反地,COCA_abridged
tortilla,tɔːˈtilә,n.,玉米饼,COCA_abridged
vet,vet,n.,"兽医 vi. 当兽医 vt. 诊断, 检审",COCA_abridged
backlash,ˈbæklæʃ,n.,"后冲, 强烈反对",COCA_abridged
headlight,ˈhedlait,n.,"前灯, 桅灯",COCA_abridged
consortium,kәnˈsɒːtjәm,n.,"协会, 联合, 财团",COCA_abridged
waterfall,ˈwɒtәfɒːl,n.,瀑布,COCA_abridged
sniper,ˈsnaipә,n.,狙击兵,COCA_abridged
infected,inˈfektid,a.,被感染的,COCA_abridged
sic,sik,adv.,原文如此,COCA_abridged
coyote,ˈkɒiәut,n.,"丛林狼, 讨厌的家伙",COCA_abridged
mustache,ˈmʌstæʃ,n.,"髭, 胡子",COCA_abridged
thug,θʌg,n.,"凶手, 刺客, 暴徒",COCA_abridged
face-to-face,,adv.,面对面,COCA_abridged
preheat,priːˈhiːt,vt.,预热,COCA_abridged
striped,straipt,a.,有斑纹的,COCA_abridged
imbalance,imˈbælәns,n.,"不平衡, 不均衡, 失调",COCA_abridged
moderately,ˈmɒdәrәtli,adv.,"适当地, 适度地, 中庸地",COCA_abridged
poker,ˈpәukә,n.,"戳的人, 拨火棍, 纸牌戏 vt. 烙制",COCA_abridged
restructure,riːˈstrʌktʃә,vt.,"更改结构, 重建, 调整",COCA_abridged
cookbook,ˈkukbuk,n.,食谱,COCA_abridged
booster,ˈbuːstә,n.,"向前推的人, 后援者, 升压器; 扩爆药; 升压机; 增压装置; 助促进剂",COCA_abridged
broadcaster,ˈbrɒːdkæstә,n.,电台/电视播音员,COCA_abridged
softball,ˈsɒftbɒːl,n.,"垒球运动, 垒球",COCA_abridged
liberalism,ˈlibәrәlizm,n.,自由主义,COCA_abridged
lavender,ˈlævindә,n.,"熏衣草, 淡紫色 a. 淡紫色的 vt. 用熏衣草熏",COCA_abridged
Kurd,kuәd,n.,库尔德人,COCA_abridged
disconnect,ˌdiskәˈnekt,vt.,"使分离, 使不相连, 拆开 vi. 断开",COCA_abridged
luckily,ˈlʌkili,adv.,"幸运地, 幸亏, 侥幸",COCA_abridged
Syrian,ˈsiriәn,n.,"叙利亚人, 叙利亚语 a. 叙利亚语的, 叙利亚人的",COCA_abridged
celery,ˈselәri,n.,芹菜,COCA_abridged
systemic,siˈstemik,a.,"系统的, 体系的, 全身的",COCA_abridged
gleaming,ˈgliːmɪŋ,a.,"闪闪发光的 v. （使）闪烁, （使）闪亮( gleam的现在分词 )",COCA_abridged
reinvent,ˌriːinˈvent,vt.,重新使用; 彻底改造; 重复发明（在不知他人已发明的情况下）,COCA_abridged
fines,fainz,n.,细骨料; 粉末; 罚款（fine的复数）,COCA_abridged
expanse,ikˈspæns,n.,"宽阔区域, 宽阔, 天空",COCA_abridged
boxer,ˈbɒksә,n.,拳师,COCA_abridged
start-up,,n.,启动,COCA_abridged
subdivision,ˌsʌbdiˈviʒәn,n.,"细分, 分部; 亚门",COCA_abridged
lighter,ˈlaitә,n.,"点火者, 点灯工人, 打火机, 驳船 vt. 以驳船搬运",COCA_abridged
algorithm,ˈælgәriðm,n.,算法,COCA_abridged
dominican,dәˈminikәn,a.,多明尼加共和国的,COCA_abridged
Turk,tәːk,n.,"土耳其人, 土耳其马",COCA_abridged
burner,ˈbәːnә,n.,灯头; 烧嘴炉; 燃烧器; 燃烧炉,COCA_abridged
patiently,ˈpeiʃәntli,adv.,耐心地; 有毅力地,COCA_abridged
armored,ˈɑːmәd,a.,装甲的,COCA_abridged
trooper,ˈtruːpә,n.,"骑兵, 骑警, 伞兵",COCA_abridged
boutique,buːˈtiːk,n.,专卖流行衣服的小商店,COCA_abridged
creditor,ˈkreditә,n.,"债权人, 债主, 贷方",COCA_abridged
redemption,riˈdempʃәn,n.,"赎回, 赎身, 偿还, 拯救",COCA_abridged
alpine,ˈælpain,a.,"高山的, 高山生长的",COCA_abridged
improper,imˈprɒpә,a.,"不合适的, 错误的, 不成体统的, 不道德的",COCA_abridged
co-founder,,,n.,COCA_abridged
co-founder,,,(学说、组织学的)共同创立者,COCA_abridged
plasma,ˈplæzmә,n.,"血浆, 淋巴液, 原生质, 等离子体",COCA_abridged
interception,ˌintә(ː)ˈsepʃәn,n.,"拦截, 截取, 截击, 窃听, 侦听, 雷达侦察",COCA_abridged
divided,dәˈvaidid,a.,分开的,COCA_abridged
Danish,ˈdeiniʃ,n.,"丹麦文 a. 丹麦的, 丹麦人的, 丹麦文的",COCA_abridged
insecurity,ˌinsiˈkjuәrәti,n.,"不安全, 不安全感",COCA_abridged
boarding,ˈbɒːdiŋ,n.,"寄膳, 木板",COCA_abridged
heartbeat,ˈhɑːtbiːt,n.,心跳,COCA_abridged
recognizable,ˈrekәgnaizәbl,a.,"可认出的, 可辩认的, 可被承认的",COCA_abridged
upscale,ˈʌpskeil,a.,迎合高层次消费者的; 质优价高的,COCA_abridged
snort,snɒːt,vi.,"喷着气弄响鼻子, 轻蔑地哼, 嘶嘶响着排气 vt. 哼着鼻子说, 喷出, 吸入(毒品) n. 喷鼻息,",COCA_abridged
snort,snɒːt,,(潜艇的)水下通气管,COCA_abridged
annoying,әˈnɒiiŋ,a.,"恼人的, 讨厌的",COCA_abridged
turnaround,ˈtәːnә.raund,n.,"转向, 回车道, 转变",COCA_abridged
puff,pʌf,n.,"一阵喷烟, 肿块, 喘息 v. 喷出, 张开, 吹捧,",COCA_abridged
puff,pʌf,,"(使)充气, 喘气,",COCA_abridged
puff,pʌf,,"(使)骄傲,",COCA_abridged
puff,pʌf,,(使)膨胀,COCA_abridged
playing,,n.,"游戏, 玩耍, 竞技, 比赛, 扮演, 演奏, 赌博",COCA_abridged
nightclub,ˈnaitklʌb,n.,夜总会,COCA_abridged
thyme,taim,n.,"百里香, 麝香草",COCA_abridged
backing,ˈbækiŋ,n.,"后退, 衬背, 后援, 支持者",COCA_abridged
demonstrator,ˈdemәnstreitә,n.,"论证者, 证明者, 指示者, 示威者",COCA_abridged
superpower,ˌsjuːpәˈpauә,n.,"超级强权, 超级大国",COCA_abridged
modernity,mɒˈdәːnәti,n.,"现代性, 现代状态, 现代东西",COCA_abridged
broadcasting,ˈbrɒːdkæstiŋ,n.,广播,COCA_abridged
bitterness,ˈbitәnis,n.,"苦味, 悲痛, 怨恨",COCA_abridged
lantern,ˈlæntәn,n.,"灯笼, 提灯, 航标灯 vt. 装上提灯",COCA_abridged
ye,jiː,abbr.,"亚萨卡, 乒乓底板（Yasaka Extra）; 酵母抽提物（Yeast Extracts）",COCA_abridged
curved,,a.,弯曲的; 弄弯的,COCA_abridged
awfully,ˈɒːfuli,adv.,"恶劣地, 非常地, 极端地",COCA_abridged
clubhouse,ˈklʌbhaus,n.,俱乐部会所,COCA_abridged
grapple,græpl,v.,"抓住, 掌握 n. 抓住, 系紧, 掌握, 与...扭打",COCA_abridged
floral,ˈflɒːrәl,a.,"花似的, 花的, 植物的",COCA_abridged
damaging,ˈdæmidʒiŋ,a.,"破坏性的, 损害的",COCA_abridged
recommended,,a.,被推荐的,COCA_abridged
heightened,ˈhaitənd,v.,"（使）变高, （使）增大( heighten的过去式和过去分词 ); （使）提高; （使）加强[重]",COCA_abridged
centerpiece,ˈsentәpiːs,n.,中心装饰品; 放在餐桌中央的摆饰,COCA_abridged
seriousness,ˈsiәriәsnis,n.,"严肃, 认真, 严重性",COCA_abridged
dude,djuːd,,"n.<美国、加拿大>纨绔子弟, 花花公子;  <俚>男人, 家伙;  vt.<俚>打扮得讲究或花哨",COCA_abridged
impoverished,imˈpɔvәriʃt,a.,"穷困的, 无力的,用尽了的",COCA_abridged
synagogue,ˈsinәgɒg,n.,"犹太人集会, 犹太教会堂, 犹太教",COCA_abridged
ethanol,ˈeθәnәul,n.,"乙醇, 酒精",COCA_abridged
lightweight,ˈlaitweit,n.,"不到平均重量的人/物, 轻量级, 无足轻重的人, 性格不够强的人 a. 平均重量以下的, 重量轻的 [计] 轻便的, 轻量的",COCA_abridged
farmhouse,ˈfɑːmhaus,n.,农舍,COCA_abridged
hype,haip,n.,大肆宣传; 皮下注射,COCA_abridged
vodka,ˈvɒdkә,n.,伏特加酒,COCA_abridged
programmer,ˈprәugræmә,n.,程序设计员; 程序员,COCA_abridged
downturn,ˈdauntәːn,,n.,COCA_abridged
downturn,ˈdauntәːn,,"(尤指经济方面的)衰退, 下降趋势",COCA_abridged
coating,ˈkәutiŋ,n.,"涂层, 上衣衣料",COCA_abridged
democratization,,n.,民主化,COCA_abridged
commanding,kәˈmɑːndiŋ,a.,"指挥的, 威风凛凛的, 居高临下的",COCA_abridged
churn,tʃәːn,n.,"搅乳器 v. 搅拌, 搅动",COCA_abridged
variability,ˌvєәriәˈbiliti,n.,"易变, 变化性, 变异性",COCA_abridged
promoter,prәˈmәutә,n.,"促进者, 助长者",COCA_abridged
indefinitely,,adv.,无期限地,COCA_abridged
empowerment,ɪmˈpaʊəmənt,n.,授权; 许可,COCA_abridged
faded,ˈfeidid,a.,"已褪色的, 已凋谢的",COCA_abridged
drummer,ˈdrʌmә,n.,"鼓手, 旅行推销员",COCA_abridged
playful,ˈpleiful,a.,"爱打趣的, 多趣的, 开玩笑的, 嬉戏的",COCA_abridged
mildly,ˈmaildli,adv.,"柔和地, 和善地, 适度地",COCA_abridged
nylon,ˈnailɒn,n.,尼龙; 聚酰胺纤维,COCA_abridged
low-cost,ˈlәjkɔst,a.,"价格便宜的, 廉价的",COCA_abridged
Thai,tai,n.,"泰国人, 泰语",COCA_abridged
mixing,ˈmiksiŋ,n.,"混合, 混频",COCA_abridged
unconstitutional,ˈʌnkɔnstiˈtjuːʃәnәl,a.,"违反宪法的, 违宪的, 不合宪法规定的",COCA_abridged
high-level,,a.,"在高空的, 高级的, 高阶层的",COCA_abridged
unpopular,ˈʌnˈpɔpjulә,a.,"不得人心的, 不受欢迎的, 不流行的",COCA_abridged
worsen,ˈwәːsn,vt.,"使更坏, 使恶化 vi. 变得更坏, 恶化",COCA_abridged
haircut,ˈhєәkʌt,n.,"理发,",COCA_abridged
haircut,ˈhєәkʌt,,(男子的)发式,COCA_abridged
hefty,ˈhefti,a.,"重的, 肌肉发达的",COCA_abridged
crushed,,a.,"压碎的, 倒碎的",COCA_abridged
yep,jep,adv.,是（美国俚语=yes）,COCA_abridged
handkerchief,ˈhæŋkәtʃif,n.,"手帕, 头巾, 围巾",COCA_abridged
thicken,ˈθikәn,vi.,"变浓, 变厚, 变得模糊, 变为复杂 vt. 使变厚, 加强, 使模糊",COCA_abridged
bitterly,ˈbitәli,adv.,"怨恨地, 悲痛地, 残酷地",COCA_abridged
dresser,ˈdresә,n.,"梳妆台, 化妆师; 裹伤员",COCA_abridged
alas,әˈlæs,,interj. 唉,COCA_abridged
mystical,ˈmistikl,a.,"神秘的, 奥秘的",COCA_abridged
deceased,diˈsiːst,a.,已故的 n. 死者,COCA_abridged
Hispanic,hisˈpænik,a.,西班牙的,COCA_abridged
dissatisfaction,ˈdis.sætisˈfækʃәn,n.,"不满, 不平",COCA_abridged
charismatic,ˌkærizˈmætik,a.,"魅力, 神授的能力, 领袖人物感人的超凡魅力",COCA_abridged
damaged,ˈdæmidʒid,a.,被损坏的,COCA_abridged
entertainer,ˌentәˈteinә,n.,"表演娱乐节目的人, 演艺人员",COCA_abridged
nebula,ˈnebjulә,n.,"星云, 角膜云翳",COCA_abridged
guided,ˈɡaidid,a.,有指导的; 有向导的,COCA_abridged
muffin,ˈmʌfin,n.,松饼,COCA_abridged
stink,stiŋk,n.,"臭味, 臭气 vi. 发臭味, 名声臭 vt. 用臭味赶",COCA_abridged
demeanor,diˈmiːnә,n.,"行为, 品行, 举止",COCA_abridged
trade-off,,n.,"交换, 交易, 平衡",COCA_abridged
insurgency,inˈsәːdʒәnsi,n.,"暴动, 起义, 叛乱",COCA_abridged
tempting,ˈtemptiŋ,a.,"诱惑人的, 吸引人的",COCA_abridged
foreground,ˈfɒːgraund,n.,"前景, 最显著的位置",COCA_abridged
announcer,әˈnaunsә,n.,"节目报告员, 宣告者",COCA_abridged
thickness,ˈθiknis,n.,"厚度, 密度, 愚钝, 含混不清",COCA_abridged
salsa,ˈsɑːlsә,n.,辣调味汁; 萨尔萨舞曲,COCA_abridged
bacterial,bækˈtiәriәl,a.,细菌的,COCA_abridged
ghetto,ˈgetәu,n.,犹太人区,COCA_abridged
heavyweight,ˈheviweit,n.,"重量级拳击运动员,",COCA_abridged
heavyweight,ˈheviweit,,(非正式)有影响的要人 a. 最重量级的,COCA_abridged
terrifying,ˈtәrifaiiŋ,a.,令人恐惧的; 骇人的; 极大的,COCA_abridged
rooftop,ˈruːftɒp,n.,屋顶,COCA_abridged
lighten,ˈlaitn,vt.,"照亮, 点亮, 减轻, 使轻松, 闪出 vi. 发亮, 打闪, 变轻",COCA_abridged
decision-making,,n.,决策 a. 决策的,COCA_abridged
normative,ˈnɒːmәtiv,a.,"标准的, 规范的, 合乎规范的",COCA_abridged
furnishings,ˈfәːniʃiŋz,n.,家具陈设,COCA_abridged
catfish,ˈkætfiʃ,n.,鲶鱼,COCA_abridged
cleric,ˈklerik,a.,"牧师的, 教士的",COCA_abridged
affective,әˈfektiv,a.,"情感的, 表达感情的",COCA_abridged
hand-held,ˈhændˌheld,a.,"手提式的, 便携式的; 掌上型的 n. 手提式的报话机; 手提的",COCA_abridged
rogue,rәug,n.,"恶棍, 流氓, 小淘气 vt. 欺骗 vi. 游手好闲",COCA_abridged
piss,pis,vi.,"小便, 下大雨, 抱怨 vt. 撒尿弄脏, 尿在...上 n. 小便",COCA_abridged
starving,,a.,挨饿的; 饥饿的,COCA_abridged
supernatural,ˌsjuːpәˈnætʃәrәl,a.,"超自然的, 神奇的",COCA_abridged
seating,ˈsiːtiŋ,n.,"使就座, 就座, 座位",COCA_abridged
amenities,,n.,令人愉快之事物（amenity的复数）,COCA_abridged
eh,ei,,interj. 啊!嗯!是吗?好吗?,COCA_abridged
climber,ˈklaimә,n.,登山者,COCA_abridged
commercially,,adv.,商业上; 通商上,COCA_abridged
decision-making,,n.,决策 a. 决策的,COCA_abridged
pneumonia,njuːˈmәunjә,n.,肺炎,COCA_abridged
three-quarters,,a.,"四分之三的, 大半身的",COCA_abridged
stuffed,,,已经喂饱了的; 塞满了的,COCA_abridged
grown-up,,a.,"成熟的, 已经成人的 n. 成人, 大人",COCA_abridged
nostril,ˈnɒstril,n.,鼻孔,COCA_abridged
eyelid,ˈailid,n.,"眼皮, 眼睑",COCA_abridged
lending,ˈlendiŋ,n.,"出借, 出借物",COCA_abridged
uniquely,,adv.,独特地; 珍奇地,COCA_abridged
curry,ˈkʌri. ˈkәːri,n.,"咖哩粉, 咖哩饭菜 vt. 用咖哩粉调味, 用马梳梳, 制革",COCA_abridged
stomp,stɒmp,n.,"跺脚 vt. 跺, 践踏 vi. 跺脚, 践踏",COCA_abridged
scalp,skælp,v.,"剥头皮 n. 头皮, 战利品",COCA_abridged
thou,θau,pron.,"汝, 你, 尔",COCA_abridged
crank,kræŋk,a.,"不稳的, 脾气暴燥的, 易怒的 n. 曲柄, 奇想 vt. 装曲柄 vi. 转动曲柄",COCA_abridged
soothing,ˈsuːðiŋ,a.,"抚慰的, 使人宽心的",COCA_abridged
generalization,ˌdʒenәrәlaiˈzeiʃәn,n.,"一般化, 普遍化, 概括",COCA_abridged
farmland,ˈfɑːmlænd,n.,农田,COCA_abridged
unrealistic,ˌʌnriәˈlistik,a.,"不切实际的, 幻想的",COCA_abridged
Latin,ˈlætin,n.,"拉丁人, 拉丁语 a. 拉丁人的, 拉丁语的",COCA_abridged
inaccurate,inˈækjurit,a.,"错误的, 不准确的",COCA_abridged
exceptionally,,adv.,特殊地; 异常地; 例外地,COCA_abridged
Chile,ˈtʃili,n.,智利,COCA_abridged
outweigh,ˌautˈwei,vt.,"比...重, 比...重要, 比...有价值",COCA_abridged
nanny,ˈnæni,n.,保姆; 母山羊,COCA_abridged
demographics,ˌdemәˈɡræfiks,n.,人口统计资料,COCA_abridged
tabloid,ˈtæblɒid,n.,"小报, 小型画报, 药片, 文摘 a. 轰动性的, 扼要的, 缩略的, 小报式的",COCA_abridged
Baptist,ˈbæptist,n.,"施洗礼者, 浸礼会教友",COCA_abridged
nonexistent,ˌnɒnigˈzistәnt,a.,不存在的,COCA_abridged
attacker,әˈtækә,n.,攻击者,COCA_abridged
downside,ˈdaunsaid,n.,底侧; 下降趋势,COCA_abridged
Cuban,ˈkjuːbәn,a.,"古巴的, 古巴人的 n. 古巴人",COCA_abridged
automotive,ˌɒːtәuˈmәutiv,a.,汽车的,COCA_abridged
amazingly,,adv.,令人惊讶地; 惊奇地,COCA_abridged
gunfire,ˈgʌnfaiә,n.,"炮火, 号炮报时, 炮击",COCA_abridged
tier,tiә,n.,"排, 层, 等级",COCA_abridged
heater,ˈhiːtә,n.,"加热器, 灯丝, 加热工",COCA_abridged
fugitive,ˈfjuːdʒitiv,a.,"逃亡的, 短暂的, 难捉摸的 n. 逃亡者, 亡命者, 难捕捉之物",COCA_abridged
whore,hɒː,n.,娼妓 vi. 卖淫,COCA_abridged
Lutheran,ˈluːθәrәn,a.,路德教会的 n. 路德教会,COCA_abridged
unchanged,ˌʌnˈtʃeindʒd,a.,无变化的,COCA_abridged
president-elect,ˈprezidəntiˈlekt,n.,新当选的总统,COCA_abridged
semiconductor,ˌsemikәnˈdʌktә,n.,半导体,COCA_abridged
putt,pʌt,vt.,击球入洞 vi. 轻击高尔夫球 n. 轻轻一击(入洞),COCA_abridged
Catholicism,kәˈθɒlisizm,n.,天主教的信仰,COCA_abridged
gel,dʒel,n.,"胶化体, 凝胶 vi. 胶化, 成凝胶状",COCA_abridged
brokerage,ˈbrәukәridʒ,n.,"经纪人, 回扣, 佣金, 中间人业务",COCA_abridged
endlessly,ˈendlisli,adv.,"不断地, 无穷尽地",COCA_abridged
handgun,ˈhændɡʌn,n.,手枪,COCA_abridged
wrongdoing,ˈrɒŋˈduːiŋ,n.,"干坏事, 坏事",COCA_abridged
same-sex,,,同性别的,COCA_abridged
baseman,ˈbeismәn,n.,守垒员,COCA_abridged
collegiate,kәˈliːdʒiәt,a.,"大学的, 学院的, 集体组织的",COCA_abridged
navajo,ˈnævәhәj,n.,纳瓦霍人（美国最大的印第安部落）,COCA_abridged
Buddhist,ˈbudist,n.,佛教徒 a. 佛教的,COCA_abridged
three-dimensional,θriːˈdimenʃәnәl,a.,"三维的, 立体的, 真实的",COCA_abridged
challenger,ˈtʃælindʒә,n.,挑战者,COCA_abridged
freelance,,n.,"自由作家, 自由投稿, 自由职业者 a. 自由投稿的",COCA_abridged
aerospace,ˈєәrәuspeis,n.,"航天空间, 航天技术",COCA_abridged
mole,mәul,n.,"痣, 鼹鼠, 防波堤, 摩尔, 克分子",COCA_abridged
graffiti,,n.,墙上乱写乱画的东西,COCA_abridged
billing,ˈbiliŋ,n.,"节目次序, 广告 [经] 开票(发票,帐单)",COCA_abridged
bob,bɒb,vt.,"剪短, 敲击 vi. 振动, 上下跳动 n. 短发, 悬挂的饰品, 浮子, 摆动, 轻敲, 5便士",COCA_abridged
timetable,ˈtaimteibl,n.,时间表,COCA_abridged
hard-working,,n.,努力工作,COCA_abridged
cliche,ˈkliːʃei,n.,"陈腔滥调, 凸印版 a. 陈腐的",COCA_abridged
presbyterian,ˌprezbiˈtiәriәn,a.,"长老派的, 长老宗的 n. 长老教教友, 长老制支持者",COCA_abridged
differential,difәˈrenʃәl,a.,"差别的, 特异的, 微分的 n. 差别, 两路线运费差额, 工资差额",COCA_abridged
liberalization,ˌlibәrәlaiˈzeiʃәn,n.,"自由主义化, 宽大",COCA_abridged
raspberry,ˈræzbәri,n.,"悬钩子, 呸声",COCA_abridged
Taliban,,,塔利班,COCA_abridged
flute,fluːt,n.,"笛, 横笛, 凹槽 vi. 吹笛子 vt. 用长笛奏, 刻凹槽于",COCA_abridged
inner-city,ˈinəsiti,n.,"（居民拥挤, 住屋破旧的）市中心平民区 a. 市中心的",COCA_abridged
tavern,ˈtævәn,n.,"酒馆, 客栈",COCA_abridged
nipple,ˈnipl,n.,"乳头, 奶头, 奶嘴; 螺纹接口",COCA_abridged
cedar,ˈsiːdә,n.,"雪松, 香椿",COCA_abridged
all-purpose,,a.,"通用的, 多用途的",COCA_abridged
popcorn,ˈpɒpkɒːn,n.,爆米花,COCA_abridged
beginner,biˈginә,n.,初学者,COCA_abridged
flex,ˈfleks,vt.,"弯曲, 伸缩, 折曲 vi. 弯曲 n. 屈曲, 折曲",COCA_abridged
first-time,ˈfəːsttaim,a.,初次的,COCA_abridged
outright,ˈautrait,a.,"率直的, 完全的, 总共的, 直率的 adv. 完全地, 率直地, 立刻地, 一直向前",COCA_abridged
chestnut,ˈtʃesnʌt,n.,"栗子, 栗树, 栗色 a. 栗色的",COCA_abridged
cilantro,siˈlɑːntrәj,n.,芫荽叶,COCA_abridged
tremendously,trəˈmendəslɪ,adv.,极大地; 极端地; 极其; 非常,COCA_abridged
stunned,,a.,受惊的,COCA_abridged
kinship,ˈkinʃip,n.,"亲属关系, 家族关系",COCA_abridged
intellectually,,adv.,智力上; 知性上; 理智地,COCA_abridged
handler,ˈhændlә,n.,"处理者, 操作者, 拳击教练",COCA_abridged
greatness,ˈgreitnis,n.,"大, 巨大, 广大",COCA_abridged
in-depth,ˈinˈdepθ,a.,"深入的, 彻底的",COCA_abridged
insignificant,ˌinsigˈnifikәnt,a.,"无关紧要的, 无意义的, 琐碎的",COCA_abridged
high-risk,ˈhaɪˈrɪsk,a.,"高危险度的, 充满危险的",COCA_abridged
jointly,ˈdʒɒintli,adv.,"共同地, 连带地",COCA_abridged
wonderfully,,adv.,惊人地; 极好地; 精彩地,COCA_abridged
watcher,ˈwɒtʃә,n.,"看守人, 守望者, 哨兵",COCA_abridged
cross-country,krɔsˈkʌntri; (?@) ˈkrɔːs-,a.,"越野的, 横越全国的",COCA_abridged
bunk,bʌŋk,n.,"铺位, 废话, 逃走 vi. 逃跑, 睡在铺上 vt. 提供铺位",COCA_abridged
sweaty,ˈsweti,a.,"出汗的, 吃力的",COCA_abridged
bedside,ˈbedsaid,n.,"床边 a. 床边的, 临床的",COCA_abridged
excavation,ˌekskәˈveiʃәn,n.,"挖掘, 发掘, 挖掘的洞",COCA_abridged
sequel,ˈsiːkwәl,n.,"继续, 续集, 后果",COCA_abridged
disadvantaged,disәdˈvɑːntidʒ,a.,"社会地位低下的, 生活条件差的, 被剥夺了基本权利的",COCA_abridged
punitive,ˈpjuːnitiv,a.,"刑罚的, 惩罚性的, 结予惩处的",COCA_abridged
storytelling,ˈstɒːriteliŋ,n.,"说故事, 说谎话",COCA_abridged
blender,ˈblendә,n.,"混合者, 混合器, 搅拌器",COCA_abridged
helper,ˈhelpә,n.,"帮忙者, 助手, 有益的东西",COCA_abridged
misconduct,ˌmisˈkɒndʌkt,vt.,"办错, 使行为不端 n. 办错, 渎职, 通奸",COCA_abridged
negotiating,,n.,谈判,COCA_abridged
autograph,ˈɒːtәugrɑːf,n.,"亲笔, 亲笔签名, 手稿 vt. 亲笔签名于, 亲笔写",COCA_abridged
plywood,ˈplaiwud,n.,"夹板, 胶合板",COCA_abridged
entree,ˈɒntrei,n.,"入场许可, 主菜",COCA_abridged
high-end,,a.,"高端的, 高质量的",COCA_abridged
orchestrate,ˈɒːkistreit,v.,编管弦乐曲,COCA_abridged
fucking,ˈfʌkiŋ,a.,"该死的, 难完成的, 难做的, 低劣的, 讨厌的, 丑恶的, 混乱的, 乱糟糟的",COCA_abridged
gunshot,ˈgʌnʃɒt,n.,"枪弹,",COCA_abridged
gunshot,ˈgʌnʃɒt,,"(枪炮)射击, 炮击, 射程 a. 射击的",COCA_abridged
cocoa,ˈkәukәu,n.,"可可粉, 可可茶, 可可色",COCA_abridged
ancestral,ænˈsestrәl,a.,"祖先的, 祖传的",COCA_abridged
intently,inˈtentli,adv.,"一心一意地, 心无旁物地, 专心地",COCA_abridged
procedural,prәˈsiːdʒәrәl,a.,程序上的,COCA_abridged
pajamas,pәˈdʒɑːmәs,n.,"睡衣, 宽松裤, 喇叭裤",COCA_abridged
long-range,,a.,"远程的, 远大的, 长期的",COCA_abridged
bun,bʌn,n.,"小圆面包, 圆髻, 屁股",COCA_abridged
ooh,uː,int.,（表示惊异、热心、高兴或不悦的叫声）哦！,COCA_abridged
Judaism,ˈdʒuːdiizm,n.,"犹太教, 犹太文明, 犹太教信仰",COCA_abridged
waiting,ˈweitiŋ,n.,"等候 a. 等候的, 服侍的",COCA_abridged
stepfather,"ˈstep,fɑːðә",n.,继父,COCA_abridged
hardwood,ˈhɑːdwud,n.,"硬木, 硬木材, 阔叶材, 落叶树",COCA_abridged
asbestos,æsˈbestɒs,n.,石棉,COCA_abridged
citrus,ˈsitrәs,n.,柑橘属果树,COCA_abridged
groundwater,ˈgraundwɒːtә,n.,地下水,COCA_abridged
blockbuster,ˈblɒkbʌstә,n.,巨型炸弹,COCA_abridged
intended,inˈtendid,a.,"有意的, 故意的 n. 未婚夫(妻)",COCA_abridged
unrest,ˌʌnˈrest,n.,"动荡, 动乱, 骚动",COCA_abridged
experimentation,"eks,perimenˈteiʃәn",n.,"实验, 试验, 实验法",COCA_abridged
duo,ˈdjuːәu,n.,二重唱,COCA_abridged
mailbox,ˈmeilbɒks,n.,"邮筒, 邮箱, 电子邮箱",COCA_abridged
by-product,ˈbaiprɔdʌkt,n.,"副产品, 额外收获, 意外收获",COCA_abridged
fend,fend,vt.,"击退, 保护, 供养",COCA_abridged
untouched,ˌʌnˈtʌtʃt,a.,"未触摸过的, 未改变的, 未受影响的",COCA_abridged
shutter,ˈʃʌtә,n.,"百叶窗, 关闭物, 照相机快门, 关闭者 vt. 为...装百叶窗, 以百叶窗遮闭",COCA_abridged
symbolism,ˈsimbәlizm,n.,"象征主义, 符号论",COCA_abridged
checklist,,n.,"清单,",COCA_abridged
checklist,,,"(美)选举人名单, 名册, 目录册",COCA_abridged
midwestern,ˈmidˈwestәn,a.,美国中西部的,COCA_abridged
ballroom,ˈbɒːlrum,n.,"舞厅, 跳舞场",COCA_abridged
logging,ˈlɒgiŋ,,n.,COCA_abridged
logging,ˈlɒgiŋ,,"(木材)采运作业,",COCA_abridged
logging,ˈlɒgiŋ,,(事物状况的)记录,COCA_abridged
knuckle,ˈnʌkl,n.,"指节, 蹄爪, 膝关节 v. 以指节打, 以手指射",COCA_abridged
bladder,ˈblædә,n.,"膀胱, 囊",COCA_abridged
confidentiality,,n.,"保密性, 机密性",COCA_abridged
reappear,ˌriːәˈpiә,vi.,再出现,COCA_abridged
booming,ˈbuːmiŋ,a.,急速发展的,COCA_abridged
on-site,,a.,"现场的, 就地的",COCA_abridged
gravy,ˈgreivi,n.,"肉汁, 外快",COCA_abridged
guaranteed,,a.,有保证的; 有人担保的,COCA_abridged
walker,ˈwɒːkә,n.,"徒步者, 轻便鞋",COCA_abridged
ballpark,ˈbɔl.pɑːk,n.,（美）棒球场; 活动领域; 可变通范围,COCA_abridged
damned,dæmd,a.,"可恶的, 该死的 adv. 非常",COCA_abridged
tuberculosis,"tju,bәːkjuˈlәusis",n.,肺结核,COCA_abridged
sparkling,ˈspɑːliŋ,a.,"闪闪发光的, 闪烁的, 闪烁着才华的",COCA_abridged
womb,wuːm,n.,"子宫, 发源地",COCA_abridged
sighting,saitiŋ,n.,看见; 瞄准; 视线,COCA_abridged
enclave,enˈcleiv,n.,"飞地, 被包围的领土",COCA_abridged
psychologically,ˌpsaikәˈlɔdʒikәli,adv.,"心理上, 从心理学角度",COCA_abridged
pineapple,ˈpain.æpl,n.,"凤梨, 菠萝, 失业救济金",COCA_abridged
depressing,diˈpresiŋ,a.,"抑压的, 沉闷的, 阴沉的",COCA_abridged
anthrax,ˈænθræks,n.,炭疽,COCA_abridged
alcoholism,ˈælkәhɒlizәm,n.,"酗酒, 酒精中毒",COCA_abridged
racer,ˈreisә,n.,"比赛者, 游蛇属黑蛇",COCA_abridged
underwater,ˈʌndәˈwɒːtә,a.,在水中的 adv. 在水下,COCA_abridged
malaria,mәˈlєәriә,n.,"疟疾, 瘴气",COCA_abridged
scam,skæm,n.,"骗局, 诡计; 故事",COCA_abridged
crossroads,,n.,"十字路口, 交叉路口, 聚会的中心地点,",COCA_abridged
crossroads,,,"(喻)需作抉择的重要关头, 紧要关头",COCA_abridged
fallout,ˈfɒːlaut,n.,"原子尘的降下,  附带结果",COCA_abridged
rapper,ˈræpә,n.,"敲门人,",COCA_abridged
rapper,ˈræpә,,"(美)(非正式)控告人, 证人, 检举人, 说唱歌手",COCA_abridged
cartridge,ˈkɑːtridʒ,n.,"弹药筒, 弹药, 一卷软片, 墨粉鼓, 盒式磁带机",COCA_abridged
one-year,,,一年,COCA_abridged
unsafe,ˌʌnˈseif,a.,"不安全的, 不安稳的, 危险的",COCA_abridged
last-minute,ˈlɑːstˈminit;ˈlæst-,a.,"最后的, 紧急关头的",COCA_abridged
Indonesian,ˌindәuˈniːʒәn,a.,"印尼的 n. 印尼人, 印尼语群",COCA_abridged
rocker,ˈrɒkә,n.,"摇的人, 摇杆, 摇滚乐",COCA_abridged
Arabic,ˈærәbik,n.,"阿拉伯语 a. 阿拉伯语的, 阿拉伯人的, 阿拉伯式的",COCA_abridged
reaffirm,ˌriːәˈfәːm,vt.,"重申, 再确认",COCA_abridged
flea,fliː,n.,跳蚤,COCA_abridged
jumper,ˈdʒʌmpә,n.,"跳跃者, 无袖连衣裙",COCA_abridged
bounty,ˈbaunti,n.,"慷慨, 宽大, 礼物; 奖励金, 补贴",COCA_abridged
fatty,ˈfæti,a.,"肥胖的, 脂肪的, 含脂肪的",COCA_abridged
open-ended,,a.,"可修订的, 可调整的, 无确定答案的, 末端开口的, 自由回答的",COCA_abridged
Finn,fin,n.,芬兰人,COCA_abridged
ostensibly,,adv.,"可公开, 显然, 表面, 外表, 诡称, 假装",COCA_abridged
blindness,ˈblaindnis,n.,"盲目, 失明, 愚昧",COCA_abridged
camper,ˈkæmpә,n.,露营者,COCA_abridged
cranberry,ˈkrænbәri,n.,越橘,COCA_abridged
gala,ˈgeilә,n.,"节日, 祝贺",COCA_abridged
outnumber,ˌautˈnʌmbә,vt.,"数目超过, 比...多",COCA_abridged
award-winning,əˈwɔːd ˈwɪnɪŋ,a.,"成功的, 优等的, 一流的",COCA_abridged
punctuate,ˈpʌŋktjueit,,"vt.vi. 给文章加标点, 加标点符号 vt. 强调, 加强,",COCA_abridged
punctuate,ˈpʌŋktjueit,,(常用被动)不时打断,COCA_abridged
sliding,ˈslaidiŋ,a.,"滑行的, 变化的",COCA_abridged
portal,ˈpɒːtl,n.,"入口, 大门 a. 肝门的",COCA_abridged
motivational,ˌmәutiˈveiʃәnәl,a.,"动机的, 激发性的",COCA_abridged
motherhood,ˈmʌðәhud,n.,"母道, 母性, 母亲们",COCA_abridged
amused,әˈmjuːzd,a.,"愉快的, 被逗乐的",COCA_abridged
autism,ˈɒːtizm,n.,"孤独症, 自我中心主义",COCA_abridged
covered,ˈkʌvәd,a.,"隐蔽着的, 掩藏着的, 有屋顶的",COCA_abridged
Iranian,iˈreiniәn,a.,"伊朗的, 伊朗语系的 n. 伊朗人, 伊朗语",COCA_abridged
backer,ˈbækә,n.,"援助者, 支持者, 背书人",COCA_abridged
outpost,ˈautpәust,n.,"前哨, 前哨部队, 前哨基地",COCA_abridged
textual,ˈtekstʃuәl,a.,"文本的, 原文的, 文字上的",COCA_abridged
cartel,kɑːˈtel,n.,"卡特尔, 企业联合, 俘虏交换条约, 决斗挑战书",COCA_abridged
curly,ˈkәːli,a.,"拳曲的, 卷毛的, 弯曲的",COCA_abridged
Martian,ˈmɑːʃiәn,n.,火星人 a. 火星的,COCA_abridged
bedtime,ˈbedtaim,n.,就寝时间,COCA_abridged
unreasonable,ˌʌnˈriːznәbl,a.,"不合理的, 过度的, 不切实际的",COCA_abridged
conservatism,kәnˈsәːvәtizәm,n.,"保守, 守旧性, 保守主义,保守党",COCA_abridged
reprint,ˈriːprint,n.,"再版, 翻版, 重印 vt. 再版, 翻版",COCA_abridged
rename,ˌriːˈneim,vt.,"重新命名, 再命名, 给...改名 [计] 重命名; DOS内部命令ː更改文件名",COCA_abridged
gaming,ˈgeimiŋ,n.,"赌博, 赌赛",COCA_abridged
fundamentalist,ˌfʌndәˈmentәlist,n.,基要主义者,COCA_abridged
lineman,ˈlainmәn,n.,"线务员, 线路工人, 护路工, 养路工",COCA_abridged
richness,ˈritʃnis,n.,"富裕, 丰富, 肥沃",COCA_abridged
listening,ˈlisniŋ,n.,"听, 监听 a. 助听用的",COCA_abridged
unofficial,ˌʌnәˈfiʃәl,a.,"非正式的, 非官方的",COCA_abridged
drugstore,ˈdrʌgstɒː,n.,"药房, 杂货店",COCA_abridged
Haitian,ˈheitiәn,a.,"海地的 n. 海地人, 海地语",COCA_abridged
firsthand,ˈfәːstˈhænd,a.,"直接的, 直接得来的, 直接采购的 adv. 直接地",COCA_abridged
twitch,twitʃ,vi.,"急拉, 抽搐, 阵痛 vt. 急拉, 攫取, 抽动 n. 急拉, 抽搐, 阵痛",COCA_abridged
pup,pʌp,n.,"小狗, 幼畜, 令人讨厌的年轻人 v. 生小狗",COCA_abridged
ex-wife,ˈekswaɪf,n.,前妻,COCA_abridged
shoreline,ˈʃɒːlain,n.,海岸线,COCA_abridged
powerless,ˈpauәlis,a.,"无力的, 无权的, 无效能的",COCA_abridged
limo,ˈlimәu,n.,豪华轿车,COCA_abridged
preferably,ˈprefәrәbli,adv.,"更可取地, 更好地, 更合意地",COCA_abridged
needless,ˈniːdlis,a.,"不需要的, 不必要的",COCA_abridged
inconsistency,ˌinkәnˈsistәnsi,n.,"不一致, 易变, 前后矛盾",COCA_abridged
optics,ˈɒptiks,n.,光学,COCA_abridged
horseback,ˈhɒːsbæk,n.,"马背 adv. 在马背上, 骑在马上",COCA_abridged
world-class,,a.,世界级的,COCA_abridged
cracked,krækt,a.,"破碎的, 破裂的, 声音嘶哑的, 有裂缝的",COCA_abridged
hastily,ˈheistili,adv.,"匆忙地, 急速地, 急躁地",COCA_abridged
pluralism,ˈpluәrәlizm,n.,"多数状态, 多重性, 多元论, 兼任",COCA_abridged
Hebrew,ˈhiːbruː,n.,"希伯来人, 希伯来语, 犹太人 a. 希伯来人的, 希伯来语的",COCA_abridged
famously,ˈfeimәsli,adv.,"极好地, 非常令人满意地",COCA_abridged
socialization,ˌsәuʃәlaiˈzeiʃәn,n.,"社会化, 社会主义化",COCA_abridged
heavenly,ˈhevnli,a.,"天上的, 神圣的, 天国似的",COCA_abridged
pouch,pautʃ,n.,"小袋, 小包, 眼袋, 邮袋, 育儿袋 vt. 装...入袋中, 使成袋状 vi. 成袋状",COCA_abridged
saudi,ˈsajdi,a.,沙乌地阿拉伯（人或语）的,COCA_abridged
twenty-one,,num.,"二十一, 二十一个 n. 二十一, 二十一个, 二十一点牌戏",COCA_abridged
cherokee,ˌtʃerәˈkiː,n.,彻罗基族人（北美印第安人之一族）,COCA_abridged
caring,ˈkεәriŋ,a.,有同情心的; 表示或感到关怀或关心的,COCA_abridged
residency,ˈrezidәnsi,n.,住处; 住院医生实习期,COCA_abridged
self-determination,"ˈselfdi,tәːmiˈneiʃәn",n.,"自主, 自决, 民族自决",COCA_abridged
cutter,ˈkʌtә,n.,"裁剪者, 切割者, 切割器, 剪切机",COCA_abridged
hanging,ˈhæŋiŋ,n.,"绞死, 绞杀, 悬挂",COCA_abridged
one-half,ˈwʌnhˈɑːf,,二分之一,COCA_abridged
accused,әˈkjuːzd,n.,被告,COCA_abridged
satin,ˈsætin,n.,"缎子 a. 绸缎做的, 缎子一般的, 光滑的",COCA_abridged
asshole,ˈæshәul,n.,"屁眼儿, 肛门; 令人讨厌的人",COCA_abridged
dice,dais,n.,骰子 vt. 切成方块 vi. 掷骰子,COCA_abridged
one-way,,a.,"单行道的, 单程的, 单方面的",COCA_abridged
reshape,riːˈʃeip,vt.,"改造, 使成新的形状, 打开新局面 vt. 整形 vi. 整形",COCA_abridged
stud,stʌd,n.,"装饰钮扣, 大头钉, 领扣, 种马 vt. 镶嵌, 点缀, 散布",COCA_abridged
barefoot,ˈbєәfut,a.,赤脚的,COCA_abridged
ordinarily,ˈɒːdinәrili,adv.,"通常地, 一般地",COCA_abridged
platoon,plәˈtuːn,n.,"排, 一组, 一群人",COCA_abridged
losing,ˈluːziŋ,a.,"损失的, 输的 n. 失败, 损失",COCA_abridged
magician,mәˈdʒiʃәn,n.,"魔术家, 幻术家, 术士",COCA_abridged
Egyptian,iˈdʒipʃәn,n.,"埃及人 a. 埃及的, 埃及人的",COCA_abridged
puff,pʌf,n.,"一阵喷烟, 肿块, 喘息 v. 喷出, 张开, 吹捧,",COCA_abridged
puff,pʌf,,"(使)充气, 喘气,",COCA_abridged
puff,pʌf,,"(使)骄傲,",COCA_abridged
puff,pʌf,,(使)膨胀,COCA_abridged
carcass,ˈkɑːkәs,n.,"尸体, 残骸",COCA_abridged
state-of-the-art,,a.,"已经发展的, 最新型的",COCA_abridged
footing,ˈfutiŋ,n.,"站稳, 立足点, 立场, 关系",COCA_abridged
trendy,ˈtrendi,a.,"随潮流的, 时髦的, 赶潮流的",COCA_abridged
man-made,,a.,人造的,COCA_abridged
screenplay,ˈskriːnplei,n.,电影剧本,COCA_abridged
motorist,ˈmәutәrist,n.,"开汽车者, 驾车旅行的人",COCA_abridged
unthinkable,ˌʌnˈθiŋkәbl,a.,"不能考虑的, 不能想像的, 想像不到的, 不合理的",COCA_abridged
lining,ˈlainiŋ,n.,"衬里, 内层, 衬垫",COCA_abridged
upbeat,ˈʌpbiːt,n.,"弱拍, 上升, 兴旺 a. 上升的, 乐观的",COCA_abridged
flier,ˈflaiә,n.,"飞行者, 快船, 快车, 投机买卖, 孤注一掷",COCA_abridged
counting,ˈkauntiŋ,n.,"计算, 计数",COCA_abridged
misconception,ˌmiskәnˈsepʃәn,n.,误解,COCA_abridged
fundamentalist,ˌfʌndәˈmentәlist,n.,基要主义者,COCA_abridged
fairway,ˈfєәwei,n.,航路,COCA_abridged
dysfunction,disˈfʌŋkʃәn,n.,"机能不良, 机能障碍",COCA_abridged
rearrange,ˌriːәˈreindʒ,vt.,"再排列, 重新整理",COCA_abridged
doughnut,ˈdәunʌt,n.,"油炸圈饼, 环状物",COCA_abridged
flurry,ˈflәːri,n.,"疾风, 飓风, 慌张 vt. 使恐慌, 使激动 vi. 慌张",COCA_abridged
forty-five,,n.,"四十五口径的手枪, 每分钟四十五次转速的唱片",COCA_abridged
tangled,,a.,"纠缠的, 紊乱的",COCA_abridged
algae,ˈælgiː,pl.,"藻类, 海藻",COCA_abridged
unmarried,ˌʌnˈmærid,a.,"未婚的, 单身的",COCA_abridged
sweetness,ˈswiːtnis,n.,"甜蜜, 芳香, 美妙",COCA_abridged
healer,ˈhiːlә,n.,"医治者, 治疗物",COCA_abridged
one-on-one,wʌn ɔn wʌn,a.,面对面的; 一对一的; 仅限两人之间的,COCA_abridged
dealership,ˈdiːlәʃip,n.,"代理权, 商品经销特许权",COCA_abridged
blueberry,ˈbluːbәri,n.,乌饭树,COCA_abridged
motionless,ˈmәuʃәnlis,a.,"不动的, 静止的",COCA_abridged
mango,ˈmæŋgәu,n.,芒果,COCA_abridged
traveling,ˈtrævliŋ,a.,"旅行的, 旅行用的, 移动的",COCA_abridged
caffeine,ˈkæfiːn,n.,"咖啡因, 咖啡碱",COCA_abridged
freshwater,ˈfreʃwɔːtә(r),a.,"江河湖泊的, 淡水的",COCA_abridged
cherokee,ˌtʃerәˈkiː,n.,彻罗基族人（北美印第安人之一族）,COCA_abridged
waterway,ˈwɒtәwei,n.,"航道, 水路",COCA_abridged
wizard,ˈwizәd,n.,"男巫, 术士, 奇才 a. 男巫的, 巫术的",COCA_abridged
borrower,ˈbɒrәuә,n.,"借用人, 剽窃者",COCA_abridged
downhill,ˈdaunˈhil,a.,"下坡的 adv. 下坡, 向下",COCA_abridged
eldest,ˈeldist,a.,"最年长的, 排行中第一的 n. 最年长者, 排行中第一者",COCA_abridged
rectangular,rekˈtæŋgjulә,a.,"成直角的, 矩形的",COCA_abridged
best-known,ˈbestnˈəʊn,a.,"众所周知的, 著名的",COCA_abridged
lunge,lʌndʒ,n.,"刺, 刺进, 跃进, 套马索 v. 突进, 刺",COCA_abridged
unhealthy,ˌʌnˈhelθi,a.,不健康的,COCA_abridged
alligator,ˈæligeitә,n.,短吻鳄,COCA_abridged
rum,rʌm,n.,"朗姆酒 a. 古怪的, 奇特的",COCA_abridged
intimately,ˈintimitli,adv.,"亲切地, 亲密地, 个人性地",COCA_abridged
terrified,ˈterifaid,a.,受惊吓的; 感到恐惧的,COCA_abridged
two-way,ˈtuːˈwei,a.,"双行道的, 两路的, 相互的",COCA_abridged
riches,ˈritʃiz,pl.,"财富, 财产, 富有",COCA_abridged
promotional,prәuˈmәuʃәnl,a.,增进的,COCA_abridged
colonist,ˈkɒlәnist,n.,"殖民地居民, 移民",COCA_abridged
robber,ˈrɒbә,n.,"强盗, 盗贼",COCA_abridged
generating,"ˈdʒenә,reitiŋ",a.,"产生的, 生成的",COCA_abridged
admirer,әdˈmaiәrә,n.,"钦佩者, 仰慕者, 求爱者",COCA_abridged
misguided,misˈgaidid,a.,被误导的,COCA_abridged
mailing,ˈmeiliŋ,n.,"邮寄, 投递, 邮件, 农场租金",COCA_abridged
outburst,ˈautbәːst,n.,"爆发, 突发, 破裂, 暴乱",COCA_abridged
juggle,dʒʌgl,vi.,"玩戏法, 行骗, 篡改 vt. 耍弄, 歪曲, 篡改 n. 玩戏法, 魔术, 欺骗",COCA_abridged
plainly,ˈpleinli,adv.,"清楚地, 明白地, 简单地, 朴素地, 直率地, 坦白地",COCA_abridged
casket,ˈkɑːskit,n.,"首饰盒, 小箱, 匣子, 棺材",COCA_abridged
poisoning,ˈpɒizәniŋ,n.,中毒,COCA_abridged
caretaker,ˈkєәteikә,n.,"照顾者, 看管者, 看守人",COCA_abridged
mower,ˈmәuә,n.,"刈草的人, 刈草机",COCA_abridged
incarnation,ˌinkɑːˈneiʃәn,n.,"典型, 特殊阶段, 化身, 体现",COCA_abridged
grunt,grʌnt,vi.,"作呼噜声 vt. 咕哝 n. 呼噜声, 咕哝",COCA_abridged
self-confidence,selfˈkɔnfid(ә)ns,n.,自信,COCA_abridged
seeker,ˈsiːkә,n.,"搜索者, 探求者",COCA_abridged
modernist,ˈmɒdәnist,n.,"现代主义者, 现代人, 现代主义作家",COCA_abridged
remotely,,adv.,"极小地, 极细微地",COCA_abridged
late-night,ˈleitnait,a.,"深夜的,午夜的",COCA_abridged
bash,bæʃ,v.,"猛击, 打坏 n. 猛撞, 猛击",COCA_abridged
jug,dʒʌg,n.,"水壶, 监牢, 模仿夜莺的叫声 vt. 放入壶中, 炖, 关押 vi. 模仿夜莺叫",COCA_abridged
pro,prәu,adv.,正面地,COCA_abridged
skater,ˈskeitә,n.,溜冰者,COCA_abridged
apiece,әˈpiːs,adv.,"就每个而论, 各",COCA_abridged
soaring,ˈsɔːriŋ ˈsɔәr-,a.,"高飞的, 翱翔的, 高耸入云的, 崇高的, 高涨的",COCA_abridged
swollen,ˈswәulәn,a.,"肿大的, 涨水的, 夸张的, 骄傲的",COCA_abridged
protector,prәˈtektә,n.,"保护者, 保护物, 保护装置",COCA_abridged
inefficient,ˌiniˈfiʃәnt,a.,"无效率的, 无能的",COCA_abridged
implicitly,,adv.,"含蓄地, 暗示地; 无疑问地, 无保留地",COCA_abridged
unto,ˈʌntu,prep.,"到, 对, 直到",COCA_abridged
unnatural,ˌʌnˈnæʃәrәl,a.,"不自然的, 反常的, 不近人情的",COCA_abridged
grunt,grʌnt,vi.,"作呼噜声 vt. 咕哝 n. 呼噜声, 咕哝",COCA_abridged
Arabic,ˈærәbik,n.,"阿拉伯语 a. 阿拉伯语的, 阿拉伯人的, 阿拉伯式的",COCA_abridged
comer,ˈkʌmә,n.,"来的人, 新来者, 有成功希望的人",COCA_abridged
discontent,ˌdiskәnˈtent,n.,不满,COCA_abridged
marketer,ˈmɑːkitә,n.,"赶集者, 市场商人",COCA_abridged
hippie,ˈhipiː,n.,嬉皮士,COCA_abridged
vinyl,ˈvainil,n.,乙烯基,COCA_abridged
hiker,ˈhaikә,n.,徒步旅行者,COCA_abridged
close-up,ˈklәuzʌp,n.,"特写镜头, 仔细的观察, 小传",COCA_abridged
coaster,ˈkәustә,n.,"沿海航行者/贸易者, 沿海航船, 带轮银盘, 杯托,",COCA_abridged
coaster,ˈkәustә,,(酒瓶)垫子,COCA_abridged
treadmill,ˈtredmil,n.,"踏车, 令人厌倦的工作",COCA_abridged
centralized,ˈsentrәlaizd,a.,集中的; 中央集权的,COCA_abridged
geologist,dʒiˈɔlәdʒist,n.,"地质学家, 地质学者",COCA_abridged
stained,steind,a.,"沾污的, 褪色的, 着色的, 染色的",COCA_abridged
newfound,ˈnjuːfajnd,a.,新发现的,COCA_abridged
abdomen,ˈæbdәmen,n.,腹部,COCA_abridged
prescribed,,a.,规定的,COCA_abridged
bearded,ˈbiәdid,a.,"有须的, 有胡子的",COCA_abridged
uniformed,ˈjuːnifɔːmd,a.,"使成一样, 使一律化, 使一致",COCA_abridged
shadowy,ˈʃædәui,a.,"有影的, 暗黑的, 朦胧的, 虚幻的",COCA_abridged
swelling,ˈsweliŋ,n.,"肿胀, 肿大, 隆起部, 身上的肿胀处, 膨胀, 增大 a. 肿大的, 突起的",COCA_abridged
pioneering,,a.,首创的; 先驱的,COCA_abridged
squarely,ˈskwєәli,adv.,"干脆地, 正好, 直角地",COCA_abridged
postseason,pəʊstˈsiːzn,n.,赛季后,COCA_abridged
Communion,kәˈmjuːnjәn,n.,"共享, 交流, 恳谈, 宗教教派",COCA_abridged
interpretive,inˈtәːpritiv,a.,"说明的, 解释的, 翻译的",COCA_abridged
prom,prɔm,,n.,COCA_abridged
prom,prɔm,,"(英)音乐会,",COCA_abridged
prom,prɔm,,"(美)舞会, 散步道 [计] 可编程序只读存储器",COCA_abridged
occupied,,a.,已占用的; 使用中的; 无空闲的,COCA_abridged
platinum,ˈplætinәm,n.,"白金, 铂, 银灰色",COCA_abridged
self-conscious,ˈselfˈkɔnʃәs,a.,"自觉的, 怕难为情的",COCA_abridged
timeless,ˈtaimlis,a.,"无时间限制的, 不受时间影响的, 永恒的",COCA_abridged
storyteller,ˈstɒːritelә,n.,"说故事的人, 故事作者",COCA_abridged
backbone,ˈbækbәun,n.,"脊椎, 志气, 骨干, 支柱",COCA_abridged
nope,nәup,adv.,"不, 不是",COCA_abridged
berth,bәːθ,n.,"船岸之间的水区, 锚地, 卧铺 vi. 停泊 vt. 使停泊",COCA_abridged
semifinal,ˌsemiˈfainl,n.,半决赛,COCA_abridged
transnational,trænsˈnæʃәnl,a.,"跨国的, 超越国界的",COCA_abridged
loaded,ˈlәudid,a.,"有负载的, 加重的, 有含蓄的, 不公正的, 偏袒的, 喝醉了的, 富有的",COCA_abridged
checkpoint,ˈtʃekpɒint,n.,检查站,COCA_abridged
furiously,,adv.,狂暴地; 猛烈地,COCA_abridged
bonding,ˈbɔndiŋ,n.,"结合, 屏蔽接地, 搭接",COCA_abridged
Populist,ˈpɔpjulist,n.,民粹派的成员,COCA_abridged
chaplain,ˈtʃæplin,n.,牧师,COCA_abridged
armchair,ˌɑːmˈtʃєә,n.,扶手椅,COCA_abridged
immoral,iˈmɒrәl,a.,"不道德的, 邪恶的, 放荡的",COCA_abridged
bathtub,ˈbɑːθtʌb,n.,浴缸,COCA_abridged
walkway,ˈwɒːkwei,n.,"走道, 人行道",COCA_abridged
darkened,ˈdaːkənd,v.,"变暗, 转黑",COCA_abridged
pediatrician,ˌpiːdiәˈtriʃәn,n.,"儿科医生, 儿科专家",COCA_abridged
uninsured,ˈʌninˈʃuәd,a.,"未保险的, 未经保险的",COCA_abridged
mahogany,mәˈhɑːgәni,n.,"桃花心木, 红褐色 [机] 桃花心木",COCA_abridged
wallpaper,ˈwɒːlpeipә,n.,"壁纸, 墙纸 v. 贴墙纸",COCA_abridged
visibly,ˈvizәbli,adv.,"看得见地, 明显地, 明白地",COCA_abridged
reimbursement,ˌriːimˈbәːsmәnt,n.,"付还, 退还, 偿付",COCA_abridged
diocese,ˈdaiәsis,n.,主教教区,COCA_abridged
tracking,ˈtrækiŋ,,n.,COCA_abridged
tracking,ˈtrækiŋ,,"[计] 跟踪, 追踪",COCA_abridged
ensuing,,a.,接著发生的,COCA_abridged
ethnographic,ˌeθnəˈɡræfɪk,a.,人种志的,COCA_abridged
good-looking,,a.,"相貌好看的, 吸引人的",COCA_abridged
combustion,kәmˈbʌstʃәn,n.,"燃烧, 骚动",COCA_abridged
holistic,hәjˈlistik,a.,"整体的, 全盘的",COCA_abridged
light-year,,n.,光年,COCA_abridged
straddle,ˈstrædl,n.,"跨坐, 观望 v. 跨坐, 两腿叉开坐, 观望",COCA_abridged
Norwegian,nɒːˈwiːdʒәn,n.,"挪威人, 挪威语 a. 挪威的, 挪威人的, 挪威语的",COCA_abridged
consulting,kәnˈsʌltiŋ,a.,"商议的, 咨询的, 任专职顾问的",COCA_abridged
exaggerated,igˈzædʒәreitid,a.,"夸大的, 夸张的, 言过其实的",COCA_abridged
called,,a.,被呼叫的,COCA_abridged
problem-solving,,,问题解决,COCA_abridged
wreath,riːθ,n.,"花圈, 花环, 圈状物",COCA_abridged
warhead,ˈwɒːhed,n.,弹头,COCA_abridged
kinda,ˈkaindә,adv.,有几分; 有一点,COCA_abridged
wooded,ˈwudid,a.,树木繁茂的,COCA_abridged
flop,flɒp,n.,"砰然落下, 拍击声, 失败 vi. 笨重地摔, 猛落 vt. 笨拙地抛下 adv. 噗通",COCA_abridged
nighttime,,n.,夜间,COCA_abridged
arm-up,,n.,"准备动作, 热身, 预热, 热身赛",COCA_abridged
hard-core,,a.,"顽固不化的, 赤裸裸描写的, 不愿改变的",COCA_abridged
revel,ˈrevl,n.,"作乐, 狂欢 vi. 狂欢作乐, 陶醉, 着迷 vt. 耗费",COCA_abridged
blackness,ˈblæknis,n.,"黑, 黑色, 邪恶",COCA_abridged
impaired,imˈpεәd,a.,受损的,COCA_abridged
lagoon,lәˈguːn,n.,"环礁湖, 近海岸的浅水区, 泻湖, 咸水湖",COCA_abridged
worn,wɒːn,a.,"用旧的, 穿旧的",COCA_abridged
unavailable,ˌʌnәˈveilәbl,a.,"得不到的, 不能利用的, 无用的",COCA_abridged
buyout,ˈbaɪaʊt,n.,全部买下; 买下（公司或产业）,COCA_abridged
scorer,ˈskɒːrә,n.,"记录员, 刻痕者",COCA_abridged
unmistakable,ˈʌnmisˈteikәbl,a.,"不会弄错的, 不会被误解的, 明白无误的",COCA_abridged
soundtrack,,n.,"声迹, 声槽, 声带",COCA_abridged
condominium,ˌkɒndәˈminiәm,n.,共同统治; 财产共有权; 公寓,COCA_abridged
decor,ˈdeikɔː(r) ,n.,"装饰, 布置",COCA_abridged
wiring,ˈwaiәriŋ,n.,"线路, 接线",COCA_abridged
insofar,ˌinsәuˈfɑː,adv.,在...的范围,COCA_abridged
usefulness,ˈjuːsfjlnis,n.,"有用, 有益",COCA_abridged
videotape,,n.,录相磁带 vt. 把电视节目录在录像磁带上,COCA_abridged
unanswered,ˌʌnˈɑːnsәd,a.,"未答复的, 无反应的",COCA_abridged
bullshit,ˈbulʃit,n.,胡说,COCA_abridged
vineyard,ˈvinjәd,n.,葡萄园,COCA_abridged
worldview,ˈwɜːldvjuː,n.,世界观,COCA_abridged
connected,kәˈnektid,a.,"连接的, 连贯的, 有联系的, 有关系的",COCA_abridged
photon,ˈfәutɒn,n.,"光子, 光量子",COCA_abridged
acknowledgment,әkˈnɔlidʒmәnt,n.,"承认, 认可, 答谢, 谢礼, 收到的通知, 收到的回音 [计] 肯定, 确认认可",COCA_abridged
rounded,ˈraundid,a.,"圆形的, 滚圆的, 完整的, 圆润的",COCA_abridged
waterfront,ˈwɔːtәfrʌnt,n.,"水边, 滨水区, 滩, 海滨, 江边",COCA_abridged
moss,mɒs,n.,"苔藓, 泥沼 vt. 使长满苔藓",COCA_abridged
rapist,ˈreipist,n.,强奸犯,COCA_abridged
abandonment,әˈbændәmәnt,n.,"放弃, 抛弃, 放纵",COCA_abridged
marking,ˈmɑːkiŋ,n.,"标记, 记号; （支票的）认付;  斑纹;  批改, 打分",COCA_abridged
suspended,,a.,"悬浮的; 暂停的, 缓期的（宣判）",COCA_abridged
finishing,ˈfiniʃiŋ,a.,"最后的, 终点的",COCA_abridged
showing,ˈʃәuiŋ,n.,放映; 表演; 陈列,COCA_abridged
serum,ˈsiәrәm,n.,"浆液, 血清, 乳清",COCA_abridged
fetal,ˈfiːtәl,a.,"胎的, 胎儿的",COCA_abridged
runaway,ˈrʌnә.wei,n.,"逃跑, 逃走的人, 逃亡, 压倒性的优胜 a. 逃亡的, 逃走的",COCA_abridged
ballistic,bәˈlistik,a.,弹道的,COCA_abridged
sucker,ˈsʌkә,n.,"乳儿, 吸管, 易受骗的人",COCA_abridged
frying,ˈfraɪɪŋ,n.,"油炸, 油煎",COCA_abridged
short-lived,,a.,"短命的, 短暂的",COCA_abridged
kitten,ˈkitn,n.,"小猫, 淘气姑娘 vt. 产仔, 卖弄风情",COCA_abridged
driven,ˈdrivn,a.,有紧迫感的,COCA_abridged
realist,ˈriәlist,n.,"现实主义者, 写实主义者, 实在论者",COCA_abridged
chopper,ˈtʃɒpә,n.,"切物之人, 斧头, 切肉大刀; 断路器; 斩波器; 断续器 [化] 切碎机; 切...机; 断裂剂(热原子化学)",COCA_abridged
rehab,ˈriːhæb,n.,修复（等于rehabilitation）,COCA_abridged
analog,ˈænәlɔg,n.,模拟,COCA_abridged
showdown,ˈʃәudaun,n.,"摊牌, 暴露, 紧要关头",COCA_abridged
scientifically,ˌsaiәnˈtifikәli,adv.,"合乎科学地, 学问上, 系统地",COCA_abridged
graveyard,ˈgreivjɑːd,n.,墓地,COCA_abridged
midtown,ˈmidtajn,n.,商业区与住宅区之间的地区,COCA_abridged
journalistic,ˌdʒəː nәˈlistik,a.,"新闻业的, 新闻工作者的, 报刊特有的, 新闻工作的",COCA_abridged
improvisation,ˌimprәvaiˈzeiʃәn,n.,"即兴而作, 即席演奏, 即席作品",COCA_abridged
markedly,ˈmɑːkidli,adv.,"显著地, 醒目地, 明显地",COCA_abridged
mike,maik,vi.,"偷懒, 游手好闲 n. 休息, 游手好闲, 扩音器, 话筒",COCA_abridged
powdered,ˈpaudәd,a.,"弄成粉末的, 粉状的",COCA_abridged
thy,ðai,pron.,你的,COCA_abridged
divinity,diˈviniti,n.,"神, 神性",COCA_abridged
traction,ˈtrækʃәn,n.,"曳, 牵引, 牵引力",COCA_abridged
enrichment,inˈritʃmәnt,n.,"丰富, 肥沃, 富集",COCA_abridged
flowing,flәuiŋ,a.,"流动的, 如流的, 平滑的",COCA_abridged
unfairly,,adv.,不正当地; 不公平地,COCA_abridged
pediatric,ˌpiːdiˈætrik,a.,小儿科的,COCA_abridged
gateway,ˈgeitwei,n.,"门, 通路 [计] 网关",COCA_abridged
template,ˈtemplit,n.,"样板, 模板, 垫木",COCA_abridged
congratulations,,n.,"祝贺词, 祝贺语",COCA_abridged
thriving,,a.,"兴旺的, 旺盛的, 繁荣的",COCA_abridged
adjustable,әˈdʒʌstәbl,a.,可调节的,COCA_abridged
stakeholder,ˈsteikhәuldә,n.,"赌金保管者, 股东",COCA_abridged
clipping,ˈklipiŋ,n.,"剪断, 剪裁, 剪下物, 剪报 a. 第一流的, 头等的, 极好的, 快速的",COCA_abridged
mashed,,a.,捣烂的; 被捣成糊状的; 捣碎的,COCA_abridged
clinician,kliˈniʃәn,n.,"临床医师, 临证医师",COCA_abridged
styling,ˈstailiŋ,n.,"款式, 式样",COCA_abridged
mantra,"ˈmʌntrә, ˈmæn-",n.,"颂歌, 咒语(尤指四吠陀经典内作为咒文或祷告唱念的)",COCA_abridged
pickle,ˈpikl,n.,"盐卤, 腌汁, 泡菜, 困境, 讨厌鬼 vt. 腌制, 酸洗, 葬送(机会等), 泡",COCA_abridged
watchdog,ˈwɒtʃdɒg,n.,"看门狗, 监察人",COCA_abridged
cosmetics,,n.,化妆品（cosmetic的复数）; 装饰品,COCA_abridged
pitching,ˈpitʃiŋ,n.,"护坡(石), 铺地石, 俯仰,",COCA_abridged
pitching,ˈpitʃiŋ,,(船的)上下颠簸,COCA_abridged
imperfect,imˈpәːfikt,a.,"不完美的, 不完整的, 减弱的, 未完成过去时的 n. 未完成体",COCA_abridged
mobilization,ˌmәubilaiˈzeiʃәn,n.,"动员, 调动, 活动化",COCA_abridged
Marxist,ˈmɑːksist,n.,马克思主义者 a. 马克思主义的,COCA_abridged
comparatively,kәmˈpærәtivli,adv.,"比较地, 相对地",COCA_abridged
villa,ˈvilә,n.,别墅,COCA_abridged
proactive,ˌprәuˈæktiv,a.,积极主动的〈心理〉前摄的,COCA_abridged
stimulating,ˈstimjuleitiŋ,a.,"刺激的, 有刺激性的",COCA_abridged
spotted,ˈspɒtid,a.,"有斑点的, 斑纹的, 弄污了的",COCA_abridged
ringing,ˈriŋiŋ,a.,"响亮的, 明白的, 清脆的, 干脆的",COCA_abridged
bikini,biˈkiːni,n.,"大爆炸, 比基尼泳装",COCA_abridged
infusion,inˈfjuːʒәn,n.,"注入, 泡制, 注入物",COCA_abridged
appointee,ә.pɒinˈtiː,n.,"被指定的人, 被任命者",COCA_abridged
halve,hɑːv,vt.,"二等分, 对半分享, 把...减半",COCA_abridged
psychosocial,ˌsaikәuˈsәuʃәl,,社会心理的(指社会环境影响下的个人心理变化),COCA_abridged
coordinated,,vt.,调节; 调整; 整理; 使调和（coordinate的过去分词）,COCA_abridged
brutally,,adv.,"残忍地, 蛮横地",COCA_abridged
approved,әˈpruːvd,a.,被认可的; 经过检验的,COCA_abridged
contaminated,kәnˈtæmineitid,a.,受污染的; 弄脏的,COCA_abridged
shampoo,ʃæmˈpuː,n.,"洗头, 洗发剂 vt. 洗头, 洗发",COCA_abridged
self-defense,selfdiˈfens,n.,"自卫, 自卫术, 自卫权",COCA_abridged
in-house,inˈhaus,a.,内部的 adv. 内部地,COCA_abridged
self-interest,ˈselfˈintәrist,n.,"利己主义, 私利",COCA_abridged
concentrated,ˈkɒnsәntreitid,a.,"集中的, 浓缩的 [建] 浓的",COCA_abridged
biker,ˈbaikә(r),n.,骑自行车/摩托车的人,COCA_abridged
squadron,ˈskwɒdrәn,n.,"骑兵营, 分遣队, 小舰队",COCA_abridged
unpaid,ˌʌnˈpeid,a.,"未付款的, 不支薪水的",COCA_abridged
baker,ˈbeikә,n.,面包师,COCA_abridged
footnote,ˈfutnәut,n.,脚注,COCA_abridged
downstream,ˈdaunˈstriːm,adv.,下游地 a. 下游的,COCA_abridged
breathtaking,ˈbreθ.teikiŋ,a.,"惊人的, 惊险的",COCA_abridged
folding,ˈfәuldiŋ,a.,可折叠的,COCA_abridged
vector,ˈvektә,n.,"矢量, 传病媒介 vt.",COCA_abridged
vector,ˈvektә,,"(用无线电)导引, 给...导航",COCA_abridged
ramification,ˌræmifiˈkeiʃәn,n.,"分枝, 分叉, 枝状物, 支脉, 支流, 衍生物",COCA_abridged
venerable,ˈvenәrәbl,a.,"庄严的, 值得尊敬的",COCA_abridged
seventeenth,sevnˈtiːnθ,num.,"第十七, 十七分之一",COCA_abridged
Hungarian,hʌŋˈgєәriәn,a.,"匈牙利的, 匈牙利人的, 匈牙利语的 n. 匈牙利人, 匈牙利语",COCA_abridged
fir,fәː,n.,"枞树, 杉木 [机] 枞木",COCA_abridged
cider,ˈsaidә,n.,"苹果汁, 苹果酒",COCA_abridged
holler,ˈhɒlә,vi.,"叫喊, 发牢骚, 抱怨 vt. 大声叫喊 n. 叫喊",COCA_abridged
vigil,ˈvidʒil,n.,"警戒, 监视, 守夜",COCA_abridged
re-elect,ˈriːiˈlekt,vt,"重选, 重新推选",COCA_abridged
modernism,ˈmɒdәnizm,n.,"现代作风, 现代主义, 现代思想",COCA_abridged
stairway,ˈstєәwei,n.,"楼梯, 阶梯",COCA_abridged
orthodoxy,ˈɒːθәdɒksi,n.,"正统说法, 正教, 信奉正教",COCA_abridged
dope,dәup,n.,"吸毒者, 笨蛋, 麻醉药物, 粘稠物 vt. 麻痹, 上涂料, 预测出 vi. 吸毒",COCA_abridged
hip-hop,ˈhɪphˈɒp,n.,嬉蹦舞乐曲; 街舞; 嘻哈,COCA_abridged
parishioner,pәˈriʃәnә,n.,教民,COCA_abridged
cornerback,ˈkɔːnәbæk,,n.,COCA_abridged
cornerback,ˈkɔːnәbæk,,(美式橄榄球)侧卫,COCA_abridged
osteoporosis,ˌɒstiәupәˈrәusis,n.,骨质疏松; 骨质疏松症,COCA_abridged
cost-effective,kɒst ɪˈfektɪv,a.,"有成本效益的, 划算的; 合算的",COCA_abridged
dearly,ˈdiәli,adv.,"深深地, 昂贵地",COCA_abridged
mapping,ˈmæpiŋ,n.,测绘; 绘图 [计] 映射; 变换; 映象,COCA_abridged
favorably,ˈfeivәrәbli,adv.,"顺利地, 亲切地, 好意地",COCA_abridged
Colombian,kәˈlæmbiәn,n.,哥伦比亚人 a. 哥伦比亚的,COCA_abridged
locked,lɔkt,a.,上锁的; 不灵活的; 下定决心的,COCA_abridged
resurrection,ˌrezәˈrekʃәn,n.,"复活, 复兴, 恢复, 掘墓盗尸",COCA_abridged
finalist,ˈfainәlist,n.,"决赛选手, 决赛队",COCA_abridged
sincerely,sinˈsiәli,adv.,真诚地,COCA_abridged
handmade,ˈhændmeid,a.,"手工的, 手制的",COCA_abridged
fragmented,ˈfræɡmentid,a.,成碎片的; 片断的,COCA_abridged
babe,beib,n.,"小孩, 天真幼稚的人",COCA_abridged
coronary,ˈkɒrәnәri,a.,"冠的, 花冠的, 冠状的",COCA_abridged
evangelical,ˌiːvænˈdʒelikәl,a.,福音派教会的 n. 福音派信徒,COCA_abridged
offshore,ɒːfˈʃɒː,a.,"海面的, 吹向海面的, 近海的 adv. 向海面",COCA_abridged
martini,mɑːˈtiːni,n.,"马提尼（一种鸡尾酒, 等于Martini）",COCA_abridged
unresolved,ˈʌnriˈzɔlvd,a.,"未解决的, 未澄清的, 未议决的, 未分解的",COCA_abridged
gambler,ˈgæmblә,n.,"赌博者, 赌徒, 投机商人",COCA_abridged
patriarchal,ˌpeitriˈɑːkәl,a.,"家长的, 族长的, 由族长统治的",COCA_abridged
kosher,ˈkәuʃә,a.,"合犹太人戒律的, 清净的, 合适的",COCA_abridged
coastline,ˈkәustlain,n.,海岸线,COCA_abridged
accreditation,ә.krediˈteiʃәn,n.,"委派, 信托, 鉴定合格",COCA_abridged
HO,hәu,,interj. 嗬(表示惊讶或引人注意) n. 钬(67号元素),COCA_abridged
rebuilding,,n.,重建,COCA_abridged
curricular,kәˈrikjulә,a.,课程的,COCA_abridged
slowdown,ˈslәudaun,n.,"降低速度, 减速",COCA_abridged
sectarian,sekˈtєәriәn,a.,"宗派的, 党派的, 偏狭的 n. 宗派成员, 闹宗派的人",COCA_abridged
upbringing,ˈʌp.briŋiŋ,n.,教养,COCA_abridged
sixteenth,ˈsiksˈtiːnθ,num.,"第十六, 十六分之一",COCA_abridged
strategically,strәˈtiːdʒikәli,adv.,"在战略上, 颇策略地",COCA_abridged
minivan,ˈminivæn,n.,小型货车,COCA_abridged
festivity,fesˈtiviti,n.,"节日, 喜庆日, 欢宴, 欢庆",COCA_abridged
likeness,ˈlaiknis,n.,"相象, 相似物, 样子",COCA_abridged
drinker,ˈdriŋkә,n.,"饮者, 酒徒",COCA_abridged
inspiring,inˈspaiәriŋ,a.,鼓舞人心的,COCA_abridged
savior,ˈseivjә,n.,"救助者, 救世主, 救星",COCA_abridged
polymer,ˈpɒlimә,n.,"聚合物, 聚合体, 高分子, 大分子",COCA_abridged
subgroup,ˈsʌbgruːp,n.,"小群, 隶属的小组织, 子群 [化] 族; 族周期表; 副族(指周期表中B族)",COCA_abridged
reflex,ˈriːfleks,n.,"反射, 反射光, 映像 a. 反射的, 折转的 vt. 使折转, 使折回",COCA_abridged
Spaniard,ˈspænjәd,n.,西班牙人,COCA_abridged
intolerance,inˈtɒlәrәns,n.,"不宽容, 偏狭, 不容许相反的言论 [医] 不耐[性]",COCA_abridged
ivy,ˈaivi,n.,"常春藤 a. 学院的, 抽象的",COCA_abridged
cheerleader,ˈtʃiәliːdә,n.,啦啦队长,COCA_abridged
sealed,siːld,a.,"未知的, 密封的, 盖印的, 经盖章批准或证实的",COCA_abridged
disproportionate,ˌdisprәˈpɒːʃәnit,a.,不成比例的,COCA_abridged
bailout,ˈbeilaut,n.,跳伞,COCA_abridged
Portuguese,ˌpɒːtjuˈgiːz,n.,"葡萄牙人, 葡萄牙语 a. 葡萄牙的, 葡萄牙人的, 葡萄牙语的",COCA_abridged
anti-war,ˈæntiˈwɔː,adj.,反战的,COCA_abridged
dissatisfied,,a.,"不满的, 显出不满的",COCA_abridged
herring,ˈheriŋ,n.,"青鱼, 鲱",COCA_abridged
unbearable,ˌʌnˈbєәrәbl,a.,"无法忍受的, 承受不住的",COCA_abridged
supplemental,ˌsʌpliˈmentl,a.,"补足的, 追加的",COCA_abridged
packing,ˈpækiŋ,n.,"包装, 填垫材料, 封函, 行李",COCA_abridged
ion,ˈaiәn,n.,离子,COCA_abridged
wares,,n.,"货物, 商品",COCA_abridged
nigger,ˈnigә,n.,"黑人, 社会地位低下的人, 深棕色",COCA_abridged
time-consuming,"ˈtaimkәn,sjuːmiŋ",a.,耗时的,COCA_abridged
skid,skid,vt.,"刹住, 滚滑 vi. 打滑 n. 刹车, 滑动垫木",COCA_abridged
two-story,tuː ˈstɔːri,,两层的,COCA_abridged
tofu,ˈtәufuː,n.,豆腐,COCA_abridged
abuser,,n.,滥用者,COCA_abridged
hospice,ˈhɒspis,n.,"旅客住宿处, 收容所",COCA_abridged
beta,ˈbeitә,n.,希腊字母表的第二个字母,COCA_abridged
underwater,ˈʌndәˈwɒːtә,a.,在水中的 adv. 在水下,COCA_abridged
smoked,smәukt,a.,熏制的,COCA_abridged
clad,klæd,vt.,在金属外包上另一种金属 a. 包层金属的,COCA_abridged
scarlet,ˈskɑːlit,n.,"猩红色, 绯红色, 红衣 a. 绯红色的, 鲜红色的",COCA_abridged
jihad,dʒiˈhɑːd,n.,"讨伐异教徒, 拥护运动",COCA_abridged
brother-in-law,,n.,姊妹的丈夫,COCA_abridged
rosemary,ˈrәuzmәri,n.,迷迭香,COCA_abridged
unintended,ˈʌninˈtendid,a.,"不是存心的, 无心的, 非故意的",COCA_abridged
squirm,skәːm,vi.,"蠕动, 辗转不安 n. 蠕动",COCA_abridged
beaten,ˈbiːtn,a.,"被打败了的, 筋疲力竭的, 敲平的, 踏平的",COCA_abridged
contaminant,kәnˈtæminәnt,n.,"污染物, 沾染物",COCA_abridged
grad,ɡræd,n.,毕业生; 校友,COCA_abridged
pharmacist,ˈfɑːmәsist,n.,"药师, 药品商, 药商, 药剂师",COCA_abridged
avocado,ˌævәuˈkɑːdou,n.,"鳄梨, 鳄梨树",COCA_abridged
getaway,"ˈgetә,wei",n.,"逃走, 起步",COCA_abridged
unused,ˌʌnˈjuːzd,a.,"不用的, 不在使用的, 从未用过的",COCA_abridged
casserole,ˈkæsәrәul,n.,"焙盘, 砂锅菜",COCA_abridged
predictive,priˈdiktiv,a.,"预言性的, 成为前兆的",COCA_abridged
plaid,plæd,n.,"格子花呢披风, 格子花呢, 格子图案",COCA_abridged
testosterone,teˈstɒstәrәun,n.,"睾酮, 睾丸激素",COCA_abridged
paramedic,ˈpærәmedik,n.,"伞兵军医, 伞降急救人员",COCA_abridged
accessibility,әk.sesәˈbiliti,n.,"易接近, 可进入; 可达性; 可接近性",COCA_abridged
pixel,ˈpiksәl,n.,像素,COCA_abridged
enlightened,inˈlaitnd,a.,"有知识的, 进步的, 文明的",COCA_abridged
zucchini,zuːˈkiːni,n.,绿皮密生西葫芦,COCA_abridged
chatter,ˈtʃætә,n.,"饶舌, 啁啾, 喋喋不休 vi. 喋喋不休地谈,",COCA_abridged
chatter,ˈtʃætә,,(鸟)啭鸣,COCA_abridged
headnote,ˈhednәut,n.,"前言, 眉注,",COCA_abridged
headnote,ˈhednәut,,(写在判决书或报告前面的)提要,COCA_abridged
conceivable,kәnˈsiːvәbl,a.,"想得到的, 可想象的, 可理解的",COCA_abridged
visitation,ˌviziˈteiʃәn,n.,"访问, 探望, 视察",COCA_abridged
rover,ˈrәuvә,n.,"漂泊者, 流浪者, 海盗",COCA_abridged
biopsy,ˈbai.ɒpsi,n.,活组织检查,COCA_abridged
Belgian,ˈbeldʒәn,n.,比利时人 a. 比利时的,COCA_abridged
exploratory,iksˈplɔːrәtәri,a.,勘探的; 探究的; 考察的,COCA_abridged
snore,snɒː,n.,"鼾声, 打鼾 vi. 打鼾 vt. 打鼾度过",COCA_abridged
heartland,ˈhɑːtlænd,n.,"心脏地区, 中心地带",COCA_abridged
adrenaline,,n.,肾上腺素,COCA_abridged
cutback,ˈkʌtbæk,n.,"减少, 情节倒叙, 短截植物",COCA_abridged
present-day,,a.,"现代的, 当今的, 现时的",COCA_abridged
reorganization,"ˈriː,ɔːgәnaiˈzeiʃәn",n.,改组; 改编; 重新制定,COCA_abridged
aye,ai,n.,"赞成票, 投赞成票者 adv. 永远 interj.",COCA_abridged
aye,ai,,(表决时说)赞成,COCA_abridged
incremental,ˌinkriˈmentl,a.,"增加的, 增值的",COCA_abridged
inflammatory,inˈflæmәtәri,a.,"激动的, 煽动的, 炎症性的",COCA_abridged
outright,ˈautrait,a.,"率直的, 完全的, 总共的, 直率的 adv. 完全地, 率直地, 立刻地, 一直向前",COCA_abridged
unanimously,,adv.,"全体一致, 无异议, 一致同意",COCA_abridged
gymnastics,dʒimˈnæstiks,n.,"体操, 体育",COCA_abridged
gritty,ˈgriti,a.,"有砂砾的, 坚韧不拔的",COCA_abridged
saloon,sәˈluːn,n.,"大厅, 沙龙, 酒吧, 会客室",COCA_abridged
courtship,ˈkɒːtʃip,n.,"求爱, 求婚, 求爱时期",COCA_abridged
orgasm,ˈɒːgæzm,n.,"极度兴奋, 兴奋的高潮,",COCA_abridged
orgasm,ˈɒːgæzm,,"(感情等的)爆发, 性欲高潮",COCA_abridged
objectivity,ˌɔbdʒekˈtivәti,n.,"客观, 客观现实, 客观性",COCA_abridged
undecided,ˌʌndiˈsaidid,a.,"未定的, 不明确的",COCA_abridged
Kuwaiti,"kuˈweiti, kәˈwaiti",a.,"科威特的, 科威特人的 n. 科威特人",COCA_abridged
preseason,ˈpriːˈsiːzn,a.,"活跃季节前的,旺季前的",COCA_abridged
shortfall,ˈʃɒːtfɒːl,n.,"缺少, 不足",COCA_abridged
pentagon,ˈpentәgәn,n.,"五角形, 五边形, 五角大楼",COCA_abridged
cellphone,ˈselfәun,n.,蜂窝式便携无线电话; 大哥大,COCA_abridged
biomass,ˈbaiәumæs,n.,"生物量, 生物质",COCA_abridged
victimization,ˌviktimaiˈzeiʃәn,n.,"牺牲, 欺骗",COCA_abridged
principally,ˈprinsәpәli,adv.,"主要地, 大部分",COCA_abridged
lookout,ˈlukaut,n.,"注意, 前途, 了望台, 景色",COCA_abridged
pew,pjuː,n.,"教堂长椅, 会众, 座位 vt. 为(教堂)安装座位, 把...围在一起",COCA_abridged
neural,ˈnjuәrәl,a.,"神经的, 神经系统的, 神经中枢的, 背侧的",COCA_abridged
Austrian,ˈɒstriәn,n.,"奥地利人 a. 奥地利的, 奥地利人的",COCA_abridged
sewing,ˈsәuiŋ,n.,"缝制品, 缝纫",COCA_abridged
batting,ˈbætiŋ,n.,"击球, 球棒的使用, 棉絮",COCA_abridged
cot,kɒt,n.,"行军床, 小屋,",COCA_abridged
cot,kɒt,,"(家畜等的)棚,",COCA_abridged
cot,kɒt,,(家畜等的)栏,COCA_abridged
nostalgic,nɒsˈtældʒik,a.,"乡愁的, 怀旧的",COCA_abridged
makeover,,n.,化妆美容; 大转变,COCA_abridged
humanities,,n.,人文学科,COCA_abridged
emeritus,iˈmeritәs,a.,"名誉退休的, 退休后保留头衔的",COCA_abridged
nation-state,,n.,单一民族的独立国家,COCA_abridged
alternatively,ɒːlˈtәːnәtivli,adv.,"要不, 或者; 非此即彼; 作为一种选择",COCA_abridged
holding,ˈhәuldiŋ,n.,"把持, 保持; 租借地, 占有物, 拥有的财产",COCA_abridged
mathematician,ˌmæθәmәˈtiʃәn,n.,数学家,COCA_abridged
Ethiopian,ˌiːθiˈәupiәn,a.,埃塞俄比亚的 n. 埃塞俄比亚人,COCA_abridged
diarrhea,ˌdaiәˈriә,n.,腹泻,COCA_abridged
cadre,ˈkædri.ˈkɑːdә,n.,"干部, 框架",COCA_abridged
abdominal,æbˈdɒminәl,a.,"腹部的, 有腹鳍的",COCA_abridged
insecure,ˌinsiˈkjuә,a.,"不安全的, 不牢靠的, 不坚固的, 不稳定的",COCA_abridged
modern-day,ˈmɔdən dei,a.,现代的; 当代的,COCA_abridged
surreal,sәˈriәl,a.,超现实主义的; 离奇的; 不真实的,COCA_abridged
identifiable,aiˈdentifaiәbl,a.,"可辨认的, 可证明为同一的",COCA_abridged
blue-collar,,a.,蓝领阶级的,COCA_abridged
disgusted,disˈɡʌstid,a.,厌恶的; 厌烦的,COCA_abridged
rink,riŋk,n.,"溜冰场, 室内溜冰场 vi. 溜冰",COCA_abridged
neuron,ˈnjuәrɔn,n.,"神经元, 轴索, 神经细胞",COCA_abridged
deli,ˈdeli,n.,熟食店; 熟食品（等于delicatessen）,COCA_abridged
encircle,inˈsәːkl,vt.,"环绕, 围绕, 包围",COCA_abridged
hydraulic,haiˈdrɒːlik,a.,"与水有关的, 水力的, 水压的",COCA_abridged
coroner,ˈkɒrәnә,n.,验尸官,COCA_abridged
boldly,ˈbәuldli,adv.,"大胆地, 显眼地",COCA_abridged
rediscover,ˌriːdisˈkʌvә,vt.,重新发现,COCA_abridged
watery,ˈwɒːtәri,a.,"水的, 湿的, 平淡的, 稀薄的, 水淋淋的",COCA_abridged
downsize,daunˈsaiz,vt.,以较小尺寸设计; 缩小尺寸; 裁减人数,COCA_abridged
buttocks,,n.,臀部,COCA_abridged
bewildered,bɪˈwɪldəd,a.,困惑的; 晕眩的; 混乱的; 不知所措的 v. 使困惑,COCA_abridged
thee,ðiː,pron.,你,COCA_abridged
electromagnetic,ilektrәjˈmægnitik,a.,"电磁的, 由电磁石产生的",COCA_abridged
foreclosure,fɔːˈklәjʒә(r),n.,取消抵押品赎回权,COCA_abridged
backfire,ˌbækˈfaiә,n.,"逆火, 回火, 放火 vi. 放逆火, 预先放火, 发生意外",COCA_abridged
anti-Semitism,æntiˈsemitiz(ә)m,n.,反犹主义,COCA_abridged
individuality,ˈindi.vidʒuˈæliti,n.,"个性, 个人, 特征",COCA_abridged
downright,ˈdaunrait,a.,"明白的, 率直的, 十足的 adv. 全然, 彻底, 完全",COCA_abridged
remake,riˈmeik,vt.,"再作, 再制, 重作 n. 再制, 改作, 重制物",COCA_abridged
manageable,ˈmænidʒәbl,a.,"易办的, 易管理的, 易控制的",COCA_abridged
kayak,ˈkaiæk,n.,"单人划子, 皮划艇",COCA_abridged
cover-up,,n.,"掩饰, 隐蔽",COCA_abridged
storefront,ˈstɒːfrʌnt,n.,店面,COCA_abridged
bipolar,baiˈpәulә,a.,"有两极的, 双极的",COCA_abridged
menopause,ˈmenәupɒːz,n.,"绝经, 绝经期",COCA_abridged
electrode,iˈlektrәud,n.,电极; 焊条; 电焊条,COCA_abridged
neurological,ˌnjurәˈlɒdʒikl,a.,神经病学上的,COCA_abridged
outpatient,ˈautpeiʃәnt,n.,门诊病人,COCA_abridged
awkwardly,,adv.,笨拙地; 无技巧地,COCA_abridged
thrilling,ˈθriliŋ,a.,"毛骨悚然的, 令人兴奋的, 令人发抖的",COCA_abridged
chute,ʃuːt,n.,"瀑布, 斜槽; 滑槽; 滑运道",COCA_abridged
focused,ˈfәukәst,a.,聚焦的; 专心的,COCA_abridged
thunderstorm,ˈθʌndәstɒːm,n.,雷暴雨,COCA_abridged
booklet,ˈbuklit,n.,小册子,COCA_abridged
inexperienced,ˌinikˈspiәriәnst,a.,"无经验的, 不熟练的",COCA_abridged
schoolteacher,ˈskuːltiːtʃә,n.,教师,COCA_abridged
pronouncement,prәˈnaunsmәnt,n.,"声明, 公告, 宣言, 看法, 决定",COCA_abridged
yugoslav,ˈjuːɡәuslɑːv,a.,南斯拉夫的; 南斯拉夫人的,COCA_abridged
theorize,ˈθiәraiz,vi.,"建立理论, 讲理论, 推理",COCA_abridged
stronghold,ˈstrɒŋhәuld,n.,"要塞, 堡垒, 大本营",COCA_abridged
Mormon,ˈmɒːmәn,n.,摩门教徒,COCA_abridged
mother-in-law,,n.,"婆母, 岳母",COCA_abridged
airy,ˈєәri,a.,"空气的, 空中的, 通风的, 幻想的, 轻快的",COCA_abridged
small-town,ˈsmɔːlˈtajn,a.,"小都市的, 偏狭的, 质朴的",COCA_abridged
handshake,ˈhændʃeik,n.,握手,COCA_abridged
pointer,ˈpɒintә,n.,"指示物, 教鞭, 暗示, 指针",COCA_abridged
distrust,disˈtrʌst,n.,不信任 vt. 不信任,COCA_abridged
shiite,ˈʃiːait,n.,什叶派教徒,COCA_abridged
swath,swɔːθ,n.,"刈幅, 刈下的一行草, 刈下的一行麦, 行, 一条, 条, 一行",COCA_abridged
kindly,ˈkaindli,a.,"和蔼的, 温和的, 爽快的 adv. 温和地, 亲切地",COCA_abridged
hearth,hɑːθ,n.,"炉床, 灶台, 炉边, 锻造炉",COCA_abridged
emphatically,imˈfætikәli,adv.,"强调地, 着重地",COCA_abridged
simplistic,simˈplistik,a.,过分简单化的,COCA_abridged
improbable,imˈprɒbәbl,a.,"不大可能的, 未必会的",COCA_abridged
czar,zɑː,n.,沙皇,COCA_abridged
breeder,ˈbriːdә,n.,"饲养员, 养育员, 起因, 起源者",COCA_abridged
roadway,ˈrәudwei,n.,"道路, 路面, 车行道",COCA_abridged
memorabilia,ˌmemәrәˈbiliә,n.,"值得纪念的事物, 大事记",COCA_abridged
updated,ʌpˈdeitid,a.,更新的; 现代化的,COCA_abridged
varsity,ˈvɑːsәti,n.,大学运动代表队; 大学,COCA_abridged
humiliating,hjuːˈmilieitiŋ,a.,"丢脸的, 耻辱的, 羞愧的",COCA_abridged
choral,ˈkɒːrәl,a.,合唱队的,COCA_abridged
anthropological,ˌænθrәpәˈlɒdʒikl,a.,"人类学的, 人类学上的",COCA_abridged
wrapper,ˈræpә,n.,"包装者, 包裹者, 包装物, 覆盖物, 外包烟叶, 包纸, 书的封皮, 妇女晨衣",COCA_abridged
unreliable,ˌʌnriˈlaiәbl,a.,"不可靠的, 靠不住的",COCA_abridged
life-threatening,laɪf ˈθretnɪŋ,a.,威胁生命的,COCA_abridged
feeding,ˈfiːdiŋ,n.,"饲养, 进料, 加料 a. 供给饲料的, 摄取食物的",COCA_abridged
shortstop,ˈʃɒːtstɒp,n.,"游击手, 停显液",COCA_abridged
unequal,ˌʌnˈiːkwәl,a.,"不相等的, 不规则的, 不能胜任的",COCA_abridged
doorstep,ˈdɒːstep,n.,门阶,COCA_abridged
biased,ˈbaiәst,a.,有偏见的,COCA_abridged
ukrainian,ju(ː)ˈkreinjәn,a.,乌克兰的; 乌克兰人的,COCA_abridged
flyer,ˈflaiә,n.,"飞鸟, 飞行物, 飞行员, 快车, 传单, 飞跳, 投机买卖, 孤注一掷",COCA_abridged
caring,ˈkεәriŋ,a.,有同情心的; 表示或感到关怀或关心的,COCA_abridged
Peruvian,pәˈruːviәn,a.,"秘鲁的, 秘鲁人的, 秘鲁文化的 n. 秘鲁人",COCA_abridged
bungalow,ˈbʌŋgәlәu,n.,平房,COCA_abridged
evergreen,ˈevәgriːn,n.,"常绿树, 常绿植物 a. 常绿的",COCA_abridged
welcoming,ˈwelkəmɪŋ,a.,热情的; 友好的,COCA_abridged
recruiter,riˈkruːtә,n.,"招聘人员, 征兵人员",COCA_abridged
inconvenience,ˌinkәnˈviːnjәns,n.,"不便, 困难 vt. 使感不便, 使感困难",COCA_abridged
misdemeanor,ˌmisdiˈmiːnә,n.,"行为不检, 品行不良, 轻罪, 不端行为",COCA_abridged
patriarch,ˈpeitriɑːk,n.,"创办人, 家长, 元老, 教长,",COCA_abridged
patriarch,ˈpeitriɑːk,,(天主教)教皇,COCA_abridged
saucer,ˈsɒːsә,n.,"茶碟, 茶托",COCA_abridged
sleeper,ˈsliːpә,n.,"睡眠者, 枕木, 卧铺",COCA_abridged
foothill,ˈfuthil,n.,山麓小丘,COCA_abridged
adoptive,әˈdɒptiv,a.,"有收养关系的, 采用的",COCA_abridged
info,ˈinfәu,n.,信息,COCA_abridged
macho,ˈmɑːtʃәu,a.,男子的; 大男子气的; 勇敢的,COCA_abridged
frontal,ˈfrʌntәl,a.,"前面的, 正面的, 额的 n. 额骨, 祭坛(前面的)帏帘,",COCA_abridged
frontal,ˈfrʌntәl,,(建筑物的)正面,COCA_abridged
strained,ˈstreind,a.,"紧张的, 滤过的, 矫饰的",COCA_abridged
synonymous,siˈnɒnimәs,a.,"同义词的, 同义的",COCA_abridged
twirl,twәːl,,vt.,COCA_abridged
twirl,twәːl,,"(使)快速转动, 捻弄 n. 转动, 万能钥匙, 旋转的东西",COCA_abridged
picket,ˈpikit,n.,"桩, 尖桩, 警戒哨, 巡逻艇, 纠察队 vt. 围住, 警戒, 派...担任纠察 vi. 担任纠察",COCA_abridged
backcountry,ˈbækkʌntri,n.,偏僻地区; 边远地区; 穷乡僻壤 a. 偏僻地区的,COCA_abridged
sub,sʌb,n.,"补充人员, 部下, 潜水艇, 胶层, 订户, 傻子 a. 附属的, 次级的 vt. 替代, 转包 vi. 替代 [计] 子程式, 用户, 代替, 减法器",COCA_abridged
overboard,ˈәuvәbɒːd,adv.,"自船上落下, 在船外",COCA_abridged
funnel,ˈfʌnl,n.,"漏斗, 漏斗状的东西, 烟囱",COCA_abridged
Emmy,ˈemi,n.,埃米奖(美国电视艺术奖),COCA_abridged
stated,ˈsteitid,a.,"固定的, 规定的, 定期的",COCA_abridged
combatant,ˈkɒmbәtәnt,n.,"争斗者, 战斗者, 参战者",COCA_abridged
outfielder,ˈajtfiːldә(r),n.,外野手,COCA_abridged
familial,fәˈmiljәl,a.,"家族的, 家庭的",COCA_abridged
hopelessly,,adv.,"绝望地, 无可奈何地",COCA_abridged
recapture,ˌriːˈkæptʃә,n.,"取回, 夺回 vt. 再捕获, 夺回, 重温",COCA_abridged
porn,pɔːn,n.,"色情描写, 黄色书刊, 色情画, 色情照片, 色情文学",COCA_abridged
upstate,ˈʌpˈsteit,a.,"偏僻的, 州的北部的 n. 州的北部 adv. 在州的北部",COCA_abridged
going,ˈgәuiŋ,n.,"去, 离去, 工作情况, 地面状况, 行为 a. 进行中的, 流行的, 成功的, 现存的",COCA_abridged
mussels,,n.,淡菜; 贻贝（mussel的复数）; 双壳类,COCA_abridged
wrinkled,ˈriŋkld,a.,"具皱的, 有皱纹的",COCA_abridged
mindful,ˈmaidful,a.,"深切注意的, 留神的, 留心的",COCA_abridged
flashy,ˈflæʃi,a.,"闪光的, 一瞬间的, 浮华的",COCA_abridged
vial,ˈvaiәl,n.,小瓶 vt. 装入小瓶,COCA_abridged
at-risk,æt risk,a.,处于危险中的,COCA_abridged
relive,riːˈliv,vi.,"再生, 复活 vt. 再体验",COCA_abridged
amen,ˌɑːˈmen,,interj. 阿门,COCA_abridged
oversized,ˈәuvәˈsaizd,a.,"过大的, 极大的",COCA_abridged
righteous,ˈraitʃәs,a.,"公正的, 正义的, 正直的",COCA_abridged
internalize,inˈtәːnәlaiz,vt.,使内在化,COCA_abridged
unprepared,ˌʌnpriˈpєәd,a.,"无准备的, 即席的, 不期而遇的",COCA_abridged
valuation,ˌvæljuˈeiʃәn,n.,"评价, 估价, 价值判断",COCA_abridged
reorganize,ˌriːˈɒːgәnaiz,v.,"改组, 再编制, 改造",COCA_abridged
leafy,ˈliːfi,a.,"叶茂盛的, 多叶的, 叶状的",COCA_abridged
ponytail,ˈpәuniteil,n.,马尾辫,COCA_abridged
proprietor,prәˈpraiәtә,n.,"所有人, 资本主, 业主",COCA_abridged
ailing,ˈeiliŋ,a.,"生病的, 病痛的",COCA_abridged
unjust,ˌʌnˈdʒʌst,a.,"不公正的, 不公平的, 不合理的",COCA_abridged
fielder,ˈfiːldә(r),n.,"外场员, 守队队员",COCA_abridged
baggy,ˈbægi,a.,"袋状的, 松垂的",COCA_abridged
validation,ˌvæliˈdeiʃәn,n.,"批准, 确认, 证实, 检验",COCA_abridged
primer,ˈpraimә,n.,"入门书, 初级读本, 雷管, 导火线, 底漆",COCA_abridged
Hebrew,ˈhiːbruː,n.,"希伯来人, 希伯来语, 犹太人 a. 希伯来人的, 希伯来语的",COCA_abridged
baby-sitter,,n.,看顾小孩的人,COCA_abridged
colonization,ˌkɔlәnaiˈzeiʃәn,n.,殖民; 殖民地化,COCA_abridged
Jordanian,dʒɒːˈdeiniәn,a.,约旦的 n. 约旦人,COCA_abridged
exporter,ikˈspɒːtә,n.,"出口商, 输出者, 出口公司",COCA_abridged
bottled,ˈbɒtld,a.,瓶装的,COCA_abridged
specified,,a.,规定的; 详细说明的,COCA_abridged
stabilization,ˌsteibilaiˈzeiʃәn,n.,"安定, 稳定, 平抑, 安定化, 稳定化",COCA_abridged
feeder,ˈfiːdә,n.,"饲养者, 供给者, 奶瓶, 给料器",COCA_abridged
co-star,ˈkəʊstɑː,n.,"联合主演 vt. （指电影等）由（某明星）与其他明星联合主演 vi. （与某人）联合主演, 合演",COCA_abridged
standoff,ˈstændɒf,a.,"冷淡的, 有支架的 n. 冷淡, 平衡, 和局",COCA_abridged
childbirth,ˈtʃaildbәːθ,n.,"分娩, 生产",COCA_abridged
Islamist,izˈlɑːmist,n.,伊斯兰教主义者; 回教教徒,COCA_abridged
backstage,ˈbæksteidʒ,adv.,"在后台, 向后台",COCA_abridged
stairwell,,n.,楼梯井,COCA_abridged
horde,hɒːd,,n.,COCA_abridged
horde,hɒːd,,"(一)群, 游牧部落, 移动群 vi. 成群结队",COCA_abridged
auditory,ˈɒːditәri,a.,"听觉的, 听觉器官的",COCA_abridged
breathless,ˈbreθlis,a.,"喘不过气来的, 屏气的, 气喘吁吁的, 无风的, 死的",COCA_abridged
eyeball,ˈaibɒːl,n.,眼球,COCA_abridged
craftsman,ˈkræftsmәn,n.,"工匠, 技工, 手艺人",COCA_abridged
methodological,ˌmeθәdәˈlɒdʒikl,a.,方法的,COCA_abridged
aspiring,әˈspaiәriŋ,a.,"有抱负的, 有志气的",COCA_abridged
trafficker,ˈtræfikә,n.,"商人, 贩子, 买卖者",COCA_abridged
quirky,ˈkwəːki,a.,"诡诈的, 突兀的, 古怪的, 离奇的",COCA_abridged
plutonium,pluːˈtәuniәm,n.,钚,COCA_abridged
professionalism,"prәˈfeʃәnә,lizәm",n.,"职业特性, 专业技巧, 职业行为, 职业作风,",COCA_abridged
professionalism,"prәˈfeʃәnә,lizәm",,"(褒)专业人员的特质, 职业化",COCA_abridged
unauthorized,ˌʌnˈɒːθәraizd,a.,"无权的, 未经授权的, 未经许可的",COCA_abridged
flatly,ˈflætli,adv.,"枯燥无味地, 完全地, 直截了当地, 毅然地, 断然地",COCA_abridged
remarry,ˌriːˈmæri,,v.,COCA_abridged
remarry,ˌriːˈmæri,,(使)再婚,COCA_abridged
watermelon,ˈwɒtә.melәn,n.,西瓜,COCA_abridged
adultery,әˈdʌltәri,n.,通奸,COCA_abridged
first-class,,a.,"最好的, 第一流的, 优秀的 adv. 最好地, 第一流地, 优秀地",COCA_abridged
escalating,ˈeskəleitɪŋ,v.,（使）逐步升级( escalate的现在分词 ); （使）逐步扩大; （使）更高; （使）更大,COCA_abridged
foreman,ˈfɒːmәn,n.,"领班, 工头, 陪审长",COCA_abridged
outstretched,ˌautˈstretʃt,a.,"伸开的, 扩张的, 延伸的",COCA_abridged
mulch,mʌltʃ,n.,"覆盖物, 护根, 根篱 vt. 铺护盖物, 做护根",COCA_abridged
mover,ˈmuːvә,n.,"移动的人, 原动力, 鼓动者",COCA_abridged
leukemia,ljuːˈkiːmiә,n.,"白血病, 白血球过多症",COCA_abridged
intrusive,inˈtruːsiv,a.,"闯入的, 侵入的, 干涉的",COCA_abridged
infinitely,ˈinfinitli,adv.,"无限地, 无数地, 庞大地",COCA_abridged
powerhouse,ˈpauәhaus,n.,"发电所, 动力室, 精力旺盛的人, 办事效率高的机构",COCA_abridged
front-runner,,,n.,COCA_abridged
front-runner,,,"(赛跑中)领先的人, 竞争领先着",COCA_abridged
warmly,ˈwɒːmli,adv.,"亲切地, 温暖地, 热心地",COCA_abridged
unnamed,ˈʌnˈneimd,a.,"未命名的, 没有名字的, 未提及的",COCA_abridged
trough,trɒːf,n.,"槽, 水槽, 饲料槽",COCA_abridged
gladly,ˈglædli,adv.,"高兴地, 乐意地, 欢喜地",COCA_abridged
generalized,ˈdʒenәrәlaizd,a.,"广义的, 普遍的; 无显著特点的",COCA_abridged
marginalize,ˈmɑːdʒinəlaiz,,"vt.忽视,排斥, 使处于社会边缘,使脱离社会发展进程",COCA_abridged
tenderness,ˈtendәnis,n.,"柔软, 亲切, 柔和, 敏感, 易触痛",COCA_abridged
beige,beiʒ,a.,"淡棕色的 n. 薄斜纹呢, 米色",COCA_abridged
Nigerian,naiˈdʒiriәn,n.,尼日利亚人,COCA_abridged
sidebar,ˈsaidbɑː(r),n.,"其他选项,工具条",COCA_abridged
trappings,ˈtræpiŋz,n.,"马饰, 服饰, 礼服, 装饰品, 外部标志",COCA_abridged
conceptualize,kәnˈseptjuәlaiz,vt.,使概念化,COCA_abridged
revolver,riˈvɒlvә,n.,"左轮手枪, 旋转炉",COCA_abridged
sweatshirt,,n.,园领长袖运动衫,COCA_abridged
prep,prep,,n.,COCA_abridged
prep,prep,,"(英)(非正式)准备功课, 预备学校, 预料 a.",COCA_abridged
prep,prep,,"(美)(非正式)预备的, 准备的 vi. 进预备学校, 进行预备训练, 自修, 自我训练 vt. 预备, 给病人作手术前的准备, 准备",COCA_abridged
specificity,ˌspesiˈfisiti,n.,"特征, 特殊性, 特异性, 专一性",COCA_abridged
booze,buːz,vi.,"豪饮 n. 酒, 酒宴",COCA_abridged
campfire,ˈkæmpfaiә,n.,"营火, 营火会",COCA_abridged
taiwanese,"ˌtaiwɑːˈniːz, -ˈniːs",a.,台湾人的; 台湾的,COCA_abridged
veggie,ˈvedʒi,n.,素食者,COCA_abridged
abduction,æbˈdʌkʃәn,n.,"诱拐, 绑架, 外展",COCA_abridged
revolutionize,ˌrevәˈluːʃәnaiz,vt.,"向...鼓吹革命, 使发生革命性剧变",COCA_abridged
dugout,ˈdʌgaut,n.,"防空壕, 独木舟",COCA_abridged
steaming,ˈstiːmiŋ,a.,"非常热的, 热气腾腾的; （非正式）愤怒的, 烂醉的",COCA_abridged
antisocial,ˌæntiˈsәuʃәl,,"不爱社交的, 反社会的, 有害于公众利益的",COCA_abridged
spearhead,ˈspiәhed,n.,"矛尖, 先锋队, 先头部队 vt. 做先锋, 带头",COCA_abridged
padded,,a.,有装填垫料的; 脚底有厚肉的,COCA_abridged
argentine,ˈɑːdʒәntain,n.,"银, 银白色金属, 银白色鱼鳞, 阿根廷人 a. 银的, 银色的, 阿根廷的",COCA_abridged
multiculturalism,ˌmʌltiˈkʌltʃərəlɪzəm,n.,多元文化,COCA_abridged
shortcut,ˈʃɒːtkʌt,n.,"捷径, 最短路线, 快捷方式",COCA_abridged
quad,kwɔd,n.,"铅块, 监狱, 四方院子, 四胞胎, 四胞胎中的一个孩子, 成套的四件东西",COCA_abridged
simulated,,a.,"假装的, 模仿的, 模拟的",COCA_abridged
threatening,ˈθretniŋ,a.,"威胁的, 恐吓的, 危险的",COCA_abridged
timer,ˈtaimә,n.,"计时员, 计时器",COCA_abridged
shallot,ʃәˈlɒt,n.,葱,COCA_abridged
wake-up,,n.,唤醒; 弄醒,COCA_abridged
sweetie,ˈswiːti,n.,"情人, 爱人, 甜食",COCA_abridged
chatter,ˈtʃætә,n.,"饶舌, 啁啾, 喋喋不休 vi. 喋喋不休地谈,",COCA_abridged
chatter,ˈtʃætә,,(鸟)啭鸣,COCA_abridged
underside,ˈʌndәsaid,n.,"下面, 下侧, 底面",COCA_abridged
falling,ˈfɒːliŋ,a.,"落下的, 坠落的, 下降的",COCA_abridged
relational,riˈleiʃәnәl,a.,"有关系的, 有联系的, 亲属的, 有亲属关系的",COCA_abridged
hanger,ˈhæŋә,n.,"挂钩, 吊架, 衣架, 挂衣钩",COCA_abridged
knowingly,ˈnәjiŋli,adv.,"会意地, 心照不宣地, 故意地, 有意地, 老练地",COCA_abridged
canister,ˈkænistә,n.,"罐, 筒, 霰弹",COCA_abridged
reassuring,ˌriːәˈʃuriŋ,a.,"安心的, 可靠的, 鼓励的",COCA_abridged
pedagogical,pedәˈgɔdʒikәl,a.,"教师的, 教学法的, 适宜于教师的",COCA_abridged
spontaneously,,adv.,自发地; 自然地; 不由自主地,COCA_abridged
crank,kræŋk,a.,"不稳的, 脾气暴燥的, 易怒的 n. 曲柄, 奇想 vt. 装曲柄 vi. 转动曲柄",COCA_abridged
pee,piː,,n.,COCA_abridged
pee,piː,,"(英)便士, 小便 vi. 小便",COCA_abridged
iris,ˈairis,n.,"虹膜, 鸢尾属植物, 虹, 虹彩",COCA_abridged
showroom,ˈʃәuruːm,n.,"样品间, 陈列室",COCA_abridged
stillness,ˈstilnis,n.,"静止, 沉静",COCA_abridged
schoolchild,ˈskuːltʃaild,n.,学童,COCA_abridged
militarily,"ˈmilitərili; ,miliˈteәrili",adv.,在军事上,COCA_abridged
blah,blɑː,n.,废话,COCA_abridged
richly,ˈritʃli,adv.,"富裕地, 丰富地, 充分地",COCA_abridged
decorated,ˈdekәreitid,a.,"装饰的, 修饰的",COCA_abridged
backseat,ˈbæksiːt,n.,"后座, 次要位置",COCA_abridged
third-party,ˈθɜːdpaːtɪ,,第三方的,COCA_abridged
sinner,ˈsinә,n.,"罪人, 不知礼仪的人, 无赖",COCA_abridged
housekeeper,ˈhauskiːpә,n.,"主妇, 女管家",COCA_abridged
blister,ˈblistә,n.,水疱; 砂眼,COCA_abridged
institutionalize,ˌinstiˈtjuːʃәnәlaiz,vt.,"使制度化, 使成为惯常的行为, 使一成不变, 把...送进疯人院",COCA_abridged
hindsight,ˈhaindsait,n.,"枪的表尺, 事后聪明",COCA_abridged
sputter,ˈspʌtә,n.,"喷溅声, 劈啪声, 语无伦次 vi. 唾沫飞溅, 结结巴巴地讲, 发劈啪声 vt. 喷出, 飞溅出, 气急败坏地说",COCA_abridged
jut,dʒʌt,n.,"尖端, 突出部分 v.",COCA_abridged
jut,dʒʌt,,"(使)突出, 伸出",COCA_abridged
incorrectly,,adv.,错误地; 不适当地,COCA_abridged
usable,ˈjuːzәbl,a.,"可用的, 方便使用的, 能用的",COCA_abridged
biotech,ˈbaɪəʊtek,n.,生物技术,COCA_abridged
peacekeeper,"ˈpiːs,kiːpә(r)",,n.,COCA_abridged
peacekeeper,"ˈpiːs,kiːpә(r)",,(交战国间的)停火执行者(或小组),COCA_abridged
uniformly,ˈjuːnifɔːmli,adv.,"一样, 一致, 相同, 一直不变, 一贯, 始终如一, 均质, 一律, 均匀",COCA_abridged
newsroom,ˈnjuːzruːm,n.,"新闻编辑部, 报刊阅览室, 售报处",COCA_abridged
swivel,ˈswivl,n.,"转环, 旋转轴承, 转椅座架 v.",COCA_abridged
swivel,ˈswivl,,(使)旋转,COCA_abridged
binary,ˈbainәri,a.,"由两部分组成的, 二进位的, 二元的, 二态的",COCA_abridged
Dane,dein,n.,丹麦人,COCA_abridged
antioxidant,ˌæntiˈɒksidәnt,n.,"抗氧化剂, 防老化剂",COCA_abridged
blackout,ˈblækaut,n.,"灯火管制, 暂时的意识丧失, 灯火熄灭, 删除, 电网掉电",COCA_abridged
topping,ˈtɒpiŋ,a.,"极好的, 主要的, 一流的 n. 除顶部, 修剪树稍, 剪落之小树枝",COCA_abridged
pricey,ˈpraisi,a.,"昂贵的, 价格高的",COCA_abridged
grandma,ˈgrændmɑː,n.,"奶奶, 外婆",COCA_abridged
Arabian,әˈreibiәn,a.,"阿拉伯的, 阿拉伯人的",COCA_abridged
bookshelf,ˈbukʃelf,n.,书架,COCA_abridged
prenatal,ˌpriːˈneitl,a.,"产前的, 孕期的, 出生前的",COCA_abridged
censored,ˈsensəd,a.,"受审查的, 被删剪的",COCA_abridged
bulldozer,ˈbuldәuzә,n.,推土机,COCA_abridged
hitch,hitʃ,n.,"猛拉, 急推, 蹒跚, 故障 vt. 猛拉, 系住 vi. 蹒跚, 被钩住",COCA_abridged
homecoming,ˈhәumkʌmiŋ,n.,"归国, 省亲回家, 同学会",COCA_abridged
gaping,ˈgæpiŋ,a.,"豁开的, 裂开的",COCA_abridged
rationality,ˌræʃәˈnæliti,n.,"合理性, 纯理性",COCA_abridged
woodland,ˈwudlænd,n.,"林区, 林地",COCA_abridged
headset,ˈhedset,,n.,COCA_abridged
headset,ˈhedset,,(一副)耳机 [电] 头载机组,COCA_abridged
profitability,ˌprɒfitәˈbiliti,n.,"收益性, 可获利润率",COCA_abridged
dementia,diˈmenʃiә,n.,痴呆,COCA_abridged
sociological,ˌsәusiәˈlɒdʒikl,a.,"社会的, 社会学的",COCA_abridged
speaking,ˈspiːkiŋ,n.,"谈话, 演说 a. 讲话的, 适于说的, 讲某种语言的",COCA_abridged
iced,aist,a.,冰冷的; 装冰的; 冰冻的,COCA_abridged
titanium,taiˈteiniәm,n.,钛,COCA_abridged
spree,spriː,n.,"戏耍, 喧闹, 宴会, 狂饮 vi. 狂欢, 狂饮",COCA_abridged
handcuff,ˈhændkʌf,vt.,给...戴上手铐 n. 手铐,COCA_abridged
unpublished,ˌʌnˈpʌbliʃt,a.,未公开出版的; 未发表过的,COCA_abridged
puree,ˈpjuәrei,n.,"菜泥, 果泥, 酱, 浓汤 vt. 把...制成浓汤/酱",COCA_abridged
fella,felә,n.,"小伙子; [俚]伙伴, 伙计",COCA_abridged
overrun,ˌәuvәˈrʌn,n.,"蔓延, 风行一时, 超过限度 vt. 蔓延, 蹂躏, 超过, 泛滥 vi. 泛滥, 超载限度",COCA_abridged
jig,dʒig,n.,"吉格快步舞, 快步舞曲, 带锤子的钓钩, 夹具 v. 乱跳, 加工用钩钓鱼, 选筛",COCA_abridged
disturbed,diˈstәːbd,a.,混乱的,COCA_abridged
imaginable,iˈmædʒinәbl,a.,"可想像的, 可能的",COCA_abridged
wildflower,"ˈwaild,flajә(r)",n.,野花,COCA_abridged
flipping,ˈflipiŋ,adj,.讨厌之极的,COCA_abridged
full-scale,,a.,"原尺寸的, 全面的, 完全的",COCA_abridged
dichotomy,daiˈkɒtәmi,n.,"两分, 分裂, 二分法; 二叉, 二歧",COCA_abridged
high-rise,,a.,"有多层的, 高楼的 n. 高楼, 大厦",COCA_abridged
convent,ˈkɒnvәnt,n.,女修道会,COCA_abridged
ghostly,ˈgәustli,a.,"幽灵的, 影子似的, 精神的",COCA_abridged
stylist,ˈstailist,n.,"文体学家, 时装设计师",COCA_abridged
mini,ˈmini,n.,"同类中的极小者, 微型汽车, 超短裙 a. 微型的",COCA_abridged
undocumented,ˌʌnˈdɔkjjmentid,a.,"无正式文件的, 无事实证明的",COCA_abridged
taint,teint,n.,"污点, 耻辱, 感染 vt. 污染, 使腐败, 沾染, 腐蚀",COCA_abridged
rut,rʌt,n.,"辙迹, 凹槽, 常规, 惯例, 发情期 vi. 交尾, 发情 vt. 挖槽于",COCA_abridged
riding,ˈraidiŋ,n.,"骑, 乘车, 骑术, 骑马",COCA_abridged
fieldwork,ˈfiːldwәːk,n.,"野战工事, 野外工作",COCA_abridged
rummage,ˈrʌmidʒ,v.,"仔细翻寻, 仔细搜查, 检查出 n. 仔细翻找, 查出的物件",COCA_abridged
academia,ˌækәˈdiːmiә,n.,"学术界, 学术生涯",COCA_abridged
tandem,ˈtændәm,adv.,"一前一后地, 纵排地 a. 纵排的, 串联的 n. 纵列两匹马拉的马车, 串座双人自行车",COCA_abridged
urgently,,adv.,急切地; 迫切地; 紧急地,COCA_abridged
destabilize,diːˈsteibilaiz,vt.,使动摇,COCA_abridged
wrongly,,adv.,"错误地, 不恰当地, 不正确地, 不正直地, 不公正地",COCA_abridged
semantic,siˈmæntik,a.,语义的,COCA_abridged
wrestler,ˈreslә,n.,摔跤选手,COCA_abridged
upstream,ˈʌpˈstriːm,adv.,"向上游, 逆流地 a. 向上游的, 逆流而上的",COCA_abridged
borrowing,ˈbɔrәuiŋ,n.,借用; 采用; 借用物; 借用词语,COCA_abridged
cross-cultural,ˈkrɔsˈkʌltʃərəl,a.,"交叉文化的, 涉及多种文化的",COCA_abridged
re-examine,ˌriːɪgˈzæmɪn,vt.,再检查; 再审问; 再考试,COCA_abridged
accompaniment,әˈkʌmpәnimәnt,n.,"伴随物, 附加物, 伴奏",COCA_abridged
obligate,ˈɒbligeit,vt.,"使负义务, 强使, 使感激, 施恩惠于 a. 有责任的, 必须的",COCA_abridged
creepy,ˈkriːpi,a.,"爬行的, 令人毛骨悚然的",COCA_abridged
Croatian,krejˈәiʃ(ә)n,a.,"克罗地亚的, 克罗地亚语的, 克罗地亚人的 n. 克罗地亚人, 克罗地亚语",COCA_abridged
anglo,ˈæŋglәj,n.,英国人,COCA_abridged
neutrino,njuːˈtriːnәu,n.,中微子,COCA_abridged
birdie,ˈbәːdi,n.,小鸟,COCA_abridged
pro-life,prəuˈlaif,a.,"反对人工流产合法化的, 反堕胎的; 反堕胎的",COCA_abridged
sunscreen,ˈsʌnskriːn,,n.,COCA_abridged
sunscreen,ˈsʌnskriːn,,(防晒油中的)遮光剂,COCA_abridged
janitor,ˈdʒænitә,n.,"守卫, 门警, 管理人",COCA_abridged
deserving,diˈzәːviŋ,a.,"该受的, 有功的, 值得...的 n. 功过, 赏罚",COCA_abridged
hamlet,ˈhæmlit,n.,"小村, 部落",COCA_abridged
artificially,ˌɑːtiˈfiʃәli,adv.,"人工地, 人为地, 不自然地",COCA_abridged
ex-husband,ˈekshˈʌzbənd,n.,前夫,COCA_abridged
roadblock,ˈrәudblɒk,n.,"障碍, 障碍物",COCA_abridged
eyepiece,ˈaipiːs,n.,目镜,COCA_abridged
cumin,ˈkʌmin,n.,"莳萝, 土茴香子",COCA_abridged
yolk,jәuk,n.,"蛋黄, 卵黄",COCA_abridged
parchment,ˈpɑːtʃmәnt,n.,"羊皮纸, 毕业文凭, 学位证书",COCA_abridged
oats,,n.,"燕麦, 燕麦属植物, 燕麦粥, 麦片粥",COCA_abridged
terrorize,ˈterәraiz,vt.,"使惊恐, 恐吓 vi. 实施恐怖统治",COCA_abridged
flagship,ˈflægʃip,n.,旗舰,COCA_abridged
recurrent,riˈkʌrәnt,a.,"再发生的, 定期重复的, 循环的, 回归的",COCA_abridged
acutely,әˈkjuːtli,adv.,"尖锐地, 剧烈地",COCA_abridged
tabloid,ˈtæblɒid,n.,"小报, 小型画报, 药片, 文摘 a. 轰动性的, 扼要的, 缩略的, 小报式的",COCA_abridged
campsite,kæmpˈsait,n.,营地,COCA_abridged
depressive,diˈpresiv,a.,"抑郁的, 阻抑的, 压低的",COCA_abridged
whack,hwæk,vt.,"猛击, 重打, 削减 vi. 重击 n. 重击, 重打",COCA_abridged
washer,ˈwɒʃә,n.,"洗衣人, 垫圈, 洗衣机, 洗涤器",COCA_abridged
bidder,ˈbidә,n.,"投标人, 出价人, 投标商",COCA_abridged
after-school,ˈɑːftərskˈuːl,a.,课外的,COCA_abridged
menacing,ˈmenәsiŋ,a.,"威胁的, 恐吓的, 险恶的",COCA_abridged
rainforest,ˈreinˈfɔrist,,n.,COCA_abridged
rainforest,ˈreinˈfɔrist,,[生态]雨林,COCA_abridged
customize,kʌstәmaiz,vt.,"定制, 按规格改制, 定做",COCA_abridged
spore,spɒː,n.,孢子 vi. 长孢子,COCA_abridged
patterned,,a.,被组成图案的,COCA_abridged
bustling,ˈbʌsliŋ,a.,"熙熙攘攘的, 忙乱的",COCA_abridged
publicist,ˈpʌblisist,n.,"广告员, 公关人员; 公法学家, 国际法学家; 政治评论家, 政治作家",COCA_abridged
Chinese,tʃaiˈniːz,n.,"中文, 中国话, 中国人 a. 中国的, 中国话的",COCA_abridged
aw,ɔː,int.,"哦！噢！（表示抗议, 厌恶, 讨厌等）",COCA_abridged
hospitalization,ˌhɔspitәlaiˈzeiʃәn,n.,"入院, 住院治疗",COCA_abridged
wad,wɒd,n.,"小软团, 小软块, 一卷, 填料, 大量 vt. 揉成一团, 填塞",COCA_abridged
quicken,ˈkwikәn,vt.,"加快, 激发, 使有生气, 鼓舞, 使复活 vi. 加快, 变活跃, 进入胎动期",COCA_abridged
abnormality,ˌæbnɒːˈmæliti,n.,"反常, 畸形, 变态",COCA_abridged
unpack,ˌʌnˈpæk,vt.,"从包裹中取出, 卸下, 打开 vi. 打开包裹",COCA_abridged
lengthen,ˈleŋθәn,vt.,"加长, 使延长 vi. 变长",COCA_abridged
sitter,ˈsitә,n.,"坐着的人, 坐着被画像的人",COCA_abridged
separated,ˈsepәreitid,a.,分居; 分开的; 不在一起生活的,COCA_abridged
songwriter,,n.,流行歌曲的作者,COCA_abridged
tablecloth,ˈteiblklɒθ,n.,台布,COCA_abridged
accelerator,әkˈselәreitә,n.,"加速剂, 加速器, 油门",COCA_abridged
waking,,a.,醒着的,COCA_abridged
seated,,a.,就座的; 固定的; 根深蒂固的,COCA_abridged
liturgy,ˈlitәdʒi,n.,"礼拜仪式, 祷告文, 圣餐仪式",COCA_abridged
horrifying,,a.,令人恐惧的; 使人惊骇的,COCA_abridged
stroller,ˈstrәulә,n.,"散步者, 流浪者",COCA_abridged
modestly,,adv.,适当地; 谨慎地,COCA_abridged
crackle,ˈkrækl,n.,"劈啪响, 裂纹 vi.",COCA_abridged
crackle,ˈkrækl,,(使)发劈啪声,COCA_abridged
shaped,ʃeipt,a.,"成某种形状的, 制成一定形状的, 有某种形状的, 合适的, 计划好的, 有目标的",COCA_abridged
stirring,ˈstәːriŋ,a.,"活跃的, 忙碌的, 激动人心的",COCA_abridged
vertically,ˈvetikli,adv.,垂直地,COCA_abridged
big-time,ˈbigtaim,a.,"成功的歌舞杂耍表演, 第一流的",COCA_abridged
acclaimed,əˈkleɪmd,a.,受到赞扬的,COCA_abridged
destroyer,diˈstrɒiә,n.,"破坏者, 消灭者, 起破坏作用的东西, 驱逐舰",COCA_abridged
unborn,ˌʌnˈbɒːn,a.,"未诞生的, 未来的, 在胎内的",COCA_abridged
glittering,,a.,"闪闪发光的, 光辉灿烂的, 华丽的, 极好的, 炫耀的",COCA_abridged
barley,ˈbɑːli,n.,大麦,COCA_abridged
reactive,riˈæktiv,a.,"反动的, 反应的",COCA_abridged
briskly,ˈbriskli,adv.,"活泼地, 精神勃勃地",COCA_abridged
fearless,ˈfiәlis,a.,"大胆的, 勇敢的, 无畏的",COCA_abridged
manufactured,ˌmænjuˈfæktʃәd,a.,"制造的, 已制成的",COCA_abridged
barbed,bɑːbd,a.,有倒刺的,COCA_abridged
Californian,ˌkæliˈfɒːnjәn,n.,加利福尼亚州人 a. 加利福尼亚的,COCA_abridged
birch,bәːtʃ,n.,"桦树, 桦木, 桦条",COCA_abridged
manpower,ˈmænpauә,n.,人力,COCA_abridged
stiffness,ˈstifnis,n.,"坚硬, 刻板; 强直, 僵硬",COCA_abridged
Georgian,ˈdʒɒːdʒjәn,n.,"乔治亚州人, 乔治亚人 a. 乔治王时代的, 乔治王时代艺术风格的, 乔治亚的",COCA_abridged
counterproductive,ˌkauntәprәˈdʌktiv,a.,反生产的; 使达不到预期目标的,COCA_abridged
legitimize,liˈdʒitimaiz,vt.,使…合法; 立为嫡嗣,COCA_abridged
antelope,ˈæntilәup,n.,羚羊,COCA_abridged
commando,kәˈmɑːndәu,n.,"突击队, 突击队员,",COCA_abridged
commando,kәˈmɑːndәu,,(南非)布尔人部队,COCA_abridged
smallpox,ˈsmɒːlpɒks,n.,"天花, 痘疮",COCA_abridged
lunchtime,ˈlʌntʃtaim,n.,午餐时间,COCA_abridged
veterinarian,ˌvetәriˈnєәriәn,n.,兽医,COCA_abridged
headphone,ˈhedfәun,n.,"戴在头上的收话器, 耳机",COCA_abridged
sufferer,ˈsʌfәrә,n.,"受难者, 被害者, 患者",COCA_abridged
sushi,ˈsuːʃi,n.,寿司（生鱼片冷饭团）,COCA_abridged
Baltic,ˈbɒːltik,a.,波罗的海的,COCA_abridged
replay,ˌriːˈplei,vt.,"重新比赛, 重演 n. 重赛",COCA_abridged
surfer,ˈsәːfә,n.,冲浪运动员,COCA_abridged
birthplace,ˈbәːθpleis,n.,诞生地,COCA_abridged
stewardship,ˈstjuːwәdʃip,,n.,COCA_abridged
stewardship,ˈstjuːwәdʃip,,"steward的职务, 管理工作",COCA_abridged
unconditional,ˌʌnkәnˈdiʃәnl,a.,"无条件的, 无限制的, 绝对的",COCA_abridged
outcry,ˈautkrai,n.,"尖叫, 倒彩, 强烈抗议, 喊价 vi. 喊叫 vt. 叫得比...响",COCA_abridged
rebirth,ˌriːˈbәːθ,n.,"再生, 复活, 新生",COCA_abridged
rooster,ˈruːstә,n.,"公鸡, 栖息的鸟",COCA_abridged
plop,plɒp,n.,"扑通声, 掉下 adv. 扑通一声地 vt. 把...沉重地放下 vi. 扑通落下",COCA_abridged
ligament,ˈligәmәnt,n.,"结带, 纽带, 韧带",COCA_abridged
dashboard,ˈdæʃbɒːd,n.,"仪表板, 挡泥板",COCA_abridged
puffy,ˈpʌfi,a.,"胀大的, 肥胖的, 喘气的, 一阵阵吹的",COCA_abridged
unavoidable,ˌʌnәˈvɒidәbl,a.,"不可避免的, 不得已的, 不能作废的",COCA_abridged
Caucasian,kɒːˈkeiziәn,n.,"高加索人, 白种人 a. 高加索的, 白种人的",COCA_abridged
rescuer,ˈreskjuә,n.,救助者,COCA_abridged
subtitle,ˈsʌb.taitl,n.,副标题,COCA_abridged
shin,ʃin,n.,"胫骨 v. 攀, 爬",COCA_abridged
milieu,ˈmiːljәː,n.,"周围, 社会环境, 环境, 表达的手法",COCA_abridged
baptism,ˈbæptizm,n.,"浸礼, 洗礼",COCA_abridged
shaman,ˈʃæmәn,n.,萨满教巫医,COCA_abridged
hugely,ˈhjuːdʒli,adv.,"巨大地, 非常地",COCA_abridged
insensitive,inˈsensitiv,a.,"对...没有感觉的, 感觉迟钝的",COCA_abridged
prosthesis,ˈprɔsθiːsis,n.,"添字首音; 修复术; 修补物, 假体",COCA_abridged
Diaspora,daiˈæspәrә,n.,"犹太人的离散, 离散的犹太人",COCA_abridged
oregano,"ɔːˈregәnәu, ә-",n.,〈植〉牛至,COCA_abridged
boulevard,ˈbuːlәvɑːd,n.,林荫大道,COCA_abridged
touring,ˈtuәriŋ,n.,游览 a. 游览的,COCA_abridged
encode,inˈkәud,vt.,把(电文、情报等)译成密码; 编码,COCA_abridged
groin,grɔin,n.,"腹股沟, 交叉拱",COCA_abridged
totality,ˈtәutæliti,n.,"全体, 总数, 全食",COCA_abridged
planter,ˈplæntә,n.,"种植者, 耕作者, 种植机, 花盆",COCA_abridged
braille,breil,n.,布莱叶点字法(盲人用点字法) vt. 用布莱叶点字法印刷,COCA_abridged
budding,ˈbʌdiŋ,a.,"萌芽的, 发育期的, 初露头角的 n. 发芽",COCA_abridged
secretary-general,ˈsekrәtәriˈdʒenәrәl,n.,"秘书长, 总书记",COCA_abridged
optimize,ˈɒptimaiz,vt.,"使完美, 使完善, 充分利用, 乐观地对待, 优化 vi. 持乐观态度",COCA_abridged
fiddle,ˈfidl,n.,"小提琴, 提琴类乐器 vt. 虚度时光, 拉小提琴 vi. 拉小提琴,",COCA_abridged
fiddle,ˈfidl,,"(无目的地)拨弄, 瞎搞",COCA_abridged
unheard,ˌʌnˈhәːd,a.,"没有被听到的, 未予倾听的, 未予考虑的",COCA_abridged
worrisome,ˈwʌrisәm,a.,"令人烦恼的, 麻烦的, 劳碌命的",COCA_abridged
fennel,ˈfenәl,n.,茴香,COCA_abridged
subjectivity,ˌsʌbdʒekˈtivәti,n.,"主观, 主观性",COCA_abridged
low-level,,a.,低水平的,COCA_abridged
left-wing,ˈleftwiŋ,a.,"左派的, 左翼的",COCA_abridged
fastball,ˈfɑːstbɔːl,,n.,COCA_abridged
fastball,ˈfɑːstbɔːl,,[棒](投手投出的)快球,COCA_abridged
highland,ˈhailәnd,n.,"高地, 苏格兰高地",COCA_abridged
spoken,ˈspәukәn,a.,"口头讲的, 口语的",COCA_abridged
stretcher,ˈstretʃә,n.,"担架, 延伸器",COCA_abridged
bloodshed,ˈblʌdʃed,n.,流血,COCA_abridged
coupling,ˈkʌpliŋ,n.,"联结, 结合, 耦合",COCA_abridged
reliably,riˈlaiәbli,adv.,"可靠地, 可信赖地",COCA_abridged
medic,ˈmedik,n.,"苜蓿属植物, 医师, 医科学生",COCA_abridged
predictably,,adv.,可预言地,COCA_abridged
incomprehensible,in.kɒmpriˈhensәbl,a.,"不能理解的, 费解的, 无限的",COCA_abridged
airwaves,ˈeәweivz,,电视广播,COCA_abridged
Frenchman,ˈfrentʃmәn,n.,法国人,COCA_abridged
serpent,ˈsәːpәnt,n.,"巨蛇座, 蛇, 蛇形管, 狡猾的人",COCA_abridged
petite,pәˈtit,a.,"小的, 次要的, 小个子的, 娇小玲珑的",COCA_abridged
prematurely,ˈpremətʃə(r)lɪ,adv.,"过早地, 贸然地",COCA_abridged
spasm,ˈspæzm,n.,"痉挛, 抽搐, 发作",COCA_abridged
matchup,"ˈmætʃ,ʌp",n.,"匹配, 相称; 比赛, 竞赛",COCA_abridged
real-world,,,存在于现实世界的; 真实的,COCA_abridged
staging,ˈsteidʒiŋ,n.,"脚手架, 上演, 公共马车业",COCA_abridged
discontinue,ˌdiskәnˈtinjuː,vi.,"中断, 终止, 停止 vt. 使中止",COCA_abridged
small-scale,,a.,"小比例尺的, 小规模的",COCA_abridged
segregated,,a.,"被分离的, 被隔离的, 实行种族隔离政策的, 偏析的",COCA_abridged
Bourbon,ˈbuәbәn,n.,法国波旁家族; 反动分子; 巧克力夹心饼干; 波旁蔷薇,COCA_abridged
galactic,gәˈlæktik,a.,"乳汁的, 银河的, 极大的",COCA_abridged
crushing,ˈkrʌʃiŋ,a.,"碾碎的, 压倒的, 非常严重的",COCA_abridged
inadequacy,inˈædikwәsi,n.,"不适当, 不足之处, 不充分; 机能不全, 闭锁不全, 关闭不全",COCA_abridged
sinus,ˈsainәs,n.,"窦, 静脉窦, 凹陷处",COCA_abridged
shutdown,ˈʃʌtdaun,n.,"关门, 停工, 停机",COCA_abridged
weakly,ˈwiːkli,a.,"弱的, 虚弱的 adv. 微弱地, 虚弱地",COCA_abridged
dimly,ˈdimli,adv.,"微暗, 朦胧",COCA_abridged
perceptual,pәˈseptʃuәl,a.,"知觉的, 有知觉的",COCA_abridged
humankind,ˈhjuːmәnkaind,n.,人类,COCA_abridged
Englishman,ˈiŋgliʃmәn,n.,英国人,COCA_abridged
low-key,,a.,"抑制的, 低调的",COCA_abridged
wicker,ˈwikә,n.,柳条 a. 柳条编的,COCA_abridged
restroom,ˈrestruːm,n.,洗手间; 休息室; 更衣室; 厕所,COCA_abridged
ketchup,ˈketʃәp,n.,蕃茄酱,COCA_abridged
squeal,skwiːl,n.,"尖叫, 抱怨 vi. 发出尖叫声, 高声埋怨 vt. 用尖声说",COCA_abridged
mayonnaise,meiәˈneiz,n.,蛋黄酱,COCA_abridged
cheekbone,ˈtʃiːkbәun,n.,颧骨,COCA_abridged
junkie,ˈdʒʌŋki,n.,"有毒瘾者, 废旧品商人",COCA_abridged
dishwasher,ˈdiʃwɒʃә,n.,"洗碗机, 洗碗工",COCA_abridged
pathologist,pæˈθɒlәdʒist,n.,病理学家,COCA_abridged
interracial,ˌintәˈreiʃjәl,a.,"人种间的, 人种混合的",COCA_abridged
tort,tɒːt,n.,"侵犯行为(不包括违约), 非法行为",COCA_abridged
bruised,,a.,青肿的; 瘀紫的,COCA_abridged
unconsciously,ˌʌnˈkɒnʃәsli,adv.,"无意识地, 无意中, 不知不觉地",COCA_abridged
appellate,әˈpelit,a.,"上诉的, 有权受理上诉的",COCA_abridged
Chilean,ˈtʃiliәn,n.,"智利人, 智利讲的西班牙语 a. 智利文化的, 智利人的, 智利的",COCA_abridged
nitrate,ˈnaitreit,n.,硝酸盐(或酯),COCA_abridged
fiance,fiˈɒnsei,n.,未婚夫,COCA_abridged
fundamentalism,ˌfʌndәˈmentәlizm,n.,基要主义,COCA_abridged
peacekeeping,"ˈpiːs,kiːpiŋ",a.,"维护和平的, 执行停火协定的",COCA_abridged
unmarked,ˌʌnˈmɑːkt,a.,"未被注意的, 无记号的, 无标志的",COCA_abridged
groundwork,ˈgraundwәːk,n.,"地基, 基础, 根据",COCA_abridged
candlelight,ˈkændllait,n.,"烛光, 黄昏",COCA_abridged
situational,sitjuˈeiʃәnәl. -tʃu-,a.,环境形成的; 情形的,COCA_abridged
preschooler,,n.,学龄前儿童,COCA_abridged
hard-line,,a.,"强硬路线的; 立场强硬的, 不妥协的",COCA_abridged
protracted,prәuˈtræktid,a.,拖延的,COCA_abridged
dreamer,ˈdriːmә,n.,"做梦的人, 梦想者",COCA_abridged
acculturation,ә.kʌltʃәˈreiʃәn,n.,"文化互渗, 文化适应",COCA_abridged
bye-bye,ˈbaibai,,interj. 再见,COCA_abridged
breaker,ˈbreikә,n.,"打破者, 破坏者, 违反…的人; 断路器; 破碎机",COCA_abridged
policy-making,ˈpɒləsiːmˈeɪkɪŋ,n.,政策制定; 决策,COCA_abridged
coarsely,ˈkɒːsli,adv.,"粗糙地, 粗俗地, 鄙俗地",COCA_abridged
befriend,biˈfrend,vt.,"待人如友, 扶助",COCA_abridged
pavilion,pәˈviljәn,n.,"楼阁, 亭子, 大帐篷, 观众席 vt. 置...于亭中, 搭帐篷, 笼罩",COCA_abridged
nutmeg,ˈnʌtmeg,n.,肉豆蔻,COCA_abridged
breast-feeding,,,n.,COCA_abridged
breast-feeding,,,(用)母奶喂养,COCA_abridged
ruined,ˈruind,a.,"毁灭的, 没落的, 荒废的",COCA_abridged
doorbell,ˈdɒːbel,n.,门铃,COCA_abridged
teamwork,ˈtiːmwәːk,n.,"合作, 协同工作, 联合行动",COCA_abridged
handbag,ˈhændbæg,n.,手提包,COCA_abridged
turning,ˈtәːniŋ,n.,"旋转, 转弯处, 车削工作",COCA_abridged
guidebook,ˈgaidbuk,n.,"指南, 手册, 要览",COCA_abridged
mischief,ˈmistʃif,n.,"损害, 伤害, 灾祸, 恶作剧, 淘气",COCA_abridged
wanted,ˈwɔntid. ˈwɔːn-,a.,被通缉的,COCA_abridged
generational,,a.,"生殖的, 世代的, 代与代之间的, 一代的, 生育的",COCA_abridged
workload,ˈwәːklәud,n.,工作量,COCA_abridged
taker,ˈteikә,n.,"取者, 接受者, 收取者, 收票人, 接受打赌的人",COCA_abridged
unprotected,ˈʌnprәˈtektid,a.,"没有防卫的, 无掩护的, 未设防的, 没有保护人的, 不受关税保护的",COCA_abridged
pellet,ˈpelit,n.,"颗粒状物, 小子弹, 小药丸 vt. 使成颗粒, 使成团, 用子弹打",COCA_abridged
forbidden,fәˈbidn,a.,"被禁止的, 严禁的",COCA_abridged
helium,ˈhiːliәm,n.,氦,COCA_abridged
cosmology,kɒzˈmɒlәdʒi,n.,"宇宙哲学, 宇宙论",COCA_abridged
verbally,ˈvəːbәli,adv.,"口头地, 非书面地",COCA_abridged
abyss,әˈbis,n.,"深渊, 深邃, 地狱",COCA_abridged
enclosed,inˈklәuzd,a.,"被附上的; 围住的, 封闭的",COCA_abridged
redwood,ˈredwud,,n.,COCA_abridged
redwood,ˈredwud,,"(美国)红杉, 红树",COCA_abridged
fantasize,ˈfæntәsaiz,,"vt.vi. 想象, 出现幻想, 产生幻想, 使幻想化, 幻想",COCA_abridged
weaponry,ˈwepәnri,n.,"武器, 军备, 武器设计研制学",COCA_abridged
re-enter,riːˈentə,v.,重新进入,COCA_abridged
medalist,ˈmædәlist,n.,"奖章获得者, 勋章制作者, 奖章搜集者",COCA_abridged
median,ˈmiːdiәn,a.,"中央的, 中间的, 正中的 n. 正中动脉, 中位数, 中线",COCA_abridged
alaskan,әˈlæskәn,a.,阿拉斯加的,COCA_abridged
grassland,ˈgræslænd,n.,"牧草地, 草原",COCA_abridged
bagel,ˈbeiɡәl,n.,百吉饼（先蒸后烤的发面圈）; [俚]（体育比赛中）零蛋,COCA_abridged
thankfully,ˈθæŋkfulli,adv.,"感激地, 感谢地; 幸运地",COCA_abridged
looming,ˈluːmiŋ,n.,上现蜃景; 庞视; 幽影,COCA_abridged
borough,ˈbәːrәu,n.,"自治的市镇, 区",COCA_abridged
Tibetan,tiˈbetn,a.,"西藏的 n. 藏语, 西藏人",COCA_abridged
grossly,ˈgrәusli,adv.,"非常, 很, 粗",COCA_abridged
coding,ˈkәudiŋ,n.,编码,COCA_abridged
screech,skriːtʃ,n.,"尖声喊叫, 尖叫声, 煞车声 vt. 尖声讲 vi. 发出尖声",COCA_abridged
piety,ˈpaiәti,n.,"虔诚, 孝敬, 虔诚的行为",COCA_abridged
opium,ˈәupjәm,n.,阿片; 鸦片,COCA_abridged
meticulously,,adv.,"过细地, 细致地",COCA_abridged
perpetrate,ˈpәːpitreit,vt.,"做(恶), 犯(罪), 胡说, 恶劣地做",COCA_abridged
trimming,ˈtrimiŋ,n.,"整理, 修剪, 装饰, 点缀物, 装饰物, 修剪下来的东西, 诈骗, 击败, 殴打",COCA_abridged
tar,tɑː,n.,"焦油, 柏油, 水手 vt. 涂以焦油, 玷污, 怂恿 a. 焦油的",COCA_abridged
schizophrenia,ˌskitsəˈfriːniә,n.,精神分裂症,COCA_abridged
airliner,ˈєәlainә,n.,"班机, 大型客机",COCA_abridged
mitigation,ˌmitiˈgeiʃәn,n.,"缓和, 减轻",COCA_abridged
bittersweet,ˈbitәswiːt,a.,"又苦又甜的, 苦乐参半的; 白英, 蜀羊泉",COCA_abridged
rationalize,ˈræʃәnәlaiz,vt.,"使合理, 合理地处理, 使有理化 vi. 合理地思考",COCA_abridged
subset,ˈsʌbset,n.,子集; 子设备,COCA_abridged
sludge,slʌdʒ,n.,"软泥, 泥泞, 沉淀物",COCA_abridged
uphill,ˈʌpˈhil,a.,"上坡的, 向上的 adv. 往上坡, 向上地",COCA_abridged
leopard,ˈlepәd,n.,"豹, 美洲豹",COCA_abridged
bunny,ˈbʌni,n.,兔子,COCA_abridged
vinaigrette,ˌvineiˈgret,n.,一种油、醋、盐、香料等合成的浓烈调味品,COCA_abridged
shuffling,,n.,"支唔的, 含混的, 可疑的; 躲躲闪闪的",COCA_abridged
Buddhism,ˈbudizm,n.,佛教,COCA_abridged
midway,ˈmidˈwei,n.,"中途, 中间, 娱乐场 a. 中途的, 中间的 adv. 中途",COCA_abridged
attendee,ætenˈdiː,n.,"出席人, 参加者",COCA_abridged
Venetian,vәˈniːʃәn,a.,威尼斯的 n. 威尼斯人,COCA_abridged
bullpen,ˈbjlpen,n.,"<美>牛栏,<口>大房间(尤指候审犯人用的),[棒球]候补队员区",COCA_abridged
untrue,ˌʌnˈtruː,a.,"虚伪的, 不真实的, 不正确的",COCA_abridged
paramilitary,ˌpærәˈmilitәri,a.,辅助军事的,COCA_abridged
blinding,ˈblaindiŋ,a.,"使人眩目的, 使人失去判断力的 n. 碎石子",COCA_abridged
infertility,ˌinfәˈtiliti,n.,"不肥沃, 不毛; 不育症, 不孕症",COCA_abridged
warship,ˈwɒːʃip,n.,"军舰, 战船",COCA_abridged
tunic,ˈtjuːnik,n.,束腰外衣,COCA_abridged
rushing,ˈrʌʃiŋ,a.,急流的; 旺盛的,COCA_abridged
infidelity,ˌinfiˈdeliti,n.,"不信神, 无信仰, 背信",COCA_abridged
bearer,ˈbєәrә,n.,"带信人, 票据持有人, 搬运者",COCA_abridged
vice-president,ˈvaisˈprezidәnt,n.,"副总裁, 副校长, 副总统, 副主席",COCA_abridged
aha,ɑːˈhɑː,,interj. 啊哈,COCA_abridged
conceivably,kәnˈsiːvәbli,adv.,"想得到地, 想象上, 以为",COCA_abridged
disqualify,disˈkwɒlifai,vt.,"使不适合, 取消...资格",COCA_abridged
serviceman,ˈsəːvismәn,n.,"军人, 维修人员",COCA_abridged
nonstick,,a.,锅底不粘的,COCA_abridged
conservationist,ˌkәnsәˈveiʃәnist,n.,自然资源保护论者,COCA_abridged
jesuit,ˈdʒezjuit,n.,"耶稣会信徒, 阴险的人, 阴谋家",COCA_abridged
postoperative,pәustˈɒpәrәtiv,a.,手术后的,COCA_abridged
itch,itʃ,n.,"痒, 渴望, 疥疮 vi. 发痒, 渴望",COCA_abridged
undeniable,ˌʌndiˈnaiәbl,a.,不可否认的,COCA_abridged
chrome,krәum,n.,"铬, 铬合金",COCA_abridged
assemblage,әˈsemblidʒ,n.,"集合, 装配, 一群人",COCA_abridged
right-hand,,a.,"用右手的, 右侧的",COCA_abridged
polity,ˈpɒliti,n.,"政体, 国体, 政治组织",COCA_abridged
tsunami,tsuˈnɑːmi,n.,海啸,COCA_abridged
incompetence,inˈkɔmpitәns,n.,"不胜任, 不够格, 不适合, 无能力, 不熟练, 无资格",COCA_abridged
Koran,kɒˈrɑːn,n.,《古兰经》,COCA_abridged
pumping,ˈpʌmpiŋ,n.,"抽水, 泵送",COCA_abridged
spreadsheet,ˈspredʃiːt,n.,"空白表格程序, 电子制表软件, 电子数据表",COCA_abridged
summertime,ˈsʌmәtaim,n.,"全盛时期, 夏季",COCA_abridged
wherein,hwєәrˈin,adv.,"在哪方面, 在那方面",COCA_abridged
wee,wiː,a.,"很小的, 微小的 n. 一点点",COCA_abridged
Welsh,welʃ,a.,"威尔士的 n. 威尔士人 vi. 赖赌帐, 逃避责任",COCA_abridged
workstation,ˈwәːk.steiʃәn,n.,工作站,COCA_abridged
artichoke,ˈɑːtitʃәuk,n.,朝鲜蓟,COCA_abridged
relaxing,,a.,令人轻松的,COCA_abridged
pow,pau,n.,"砰, 啪（爆炸声、枪响或打人声）",COCA_abridged
unwelcome,ʌnˈwelkәm,a.,"不受欢迎的, 讨厌的 n. 冷淡 vt. 冷淡地对待, 冷淡地接受",COCA_abridged
seamless,ˈsiːmlis,a.,"无缝的, 无缝合线的",COCA_abridged
shrill,ʃril,n.,"尖声 a. 尖锐的, 刺耳的 vt. 尖声说出 vi. 发出刺耳声",COCA_abridged
poppy,ˈpɒpi,n.,罂粟,COCA_abridged
misuse,ˌmisˈjuːz,n.,"误用, 滥用 vt. 误用, 滥用, 虐待",COCA_abridged
mythic,ˈmiθik,a.,"神话的, 不真实的, 虚构的, 幻想出来的",COCA_abridged
facilitator,fәˈsiliteitә,n.,服务商; 促进者,COCA_abridged
grapefruit,ˈgreipfruːt,n.,葡萄柚,COCA_abridged
lapel,lәˈpel,n.,翻领,COCA_abridged
unimaginable,ˌʌniˈmædʒinәbl,a.,"不能想象的, 不可思议的",COCA_abridged
gilded,ˈgildid,a.,"镀金的, 有钱的, 装饰的",COCA_abridged
papal,ˈpeipl,a.,"罗马教皇的, 教皇制度的",COCA_abridged
dissolution,ˌdisәˈluːʃәn,n.,"分解, 溶解, 解散, 结束",COCA_abridged
anesthesia,ˌænisˈθiːziә,n.,麻醉; 失去知觉,COCA_abridged
battleground,ˈbætlgraund,n.,"战场, 战地",COCA_abridged
religiously,,adv.,"笃诚地, 与宗教有关地",COCA_abridged
teddy,ˈtedi,n.,"内衣, 连衫衬裤; 泰迪玩具熊",COCA_abridged
mammogram,"ˈmæmә,græm",n.,乳房X线照片,COCA_abridged
ashtray,ˈæʃtrei,n.,烟灰缸,COCA_abridged
sexism,ˈseksizm,n.,"性别歧视, 歧视女性",COCA_abridged
spirited,ˈspiritid,a.,"有精神的, 活泼的, 生气勃勃的",COCA_abridged
sexist,ˈseksist,n.,性别歧视者,COCA_abridged
handout,ˈhændaut,n.,"施舍物, 救济品, 分发的印刷品资料, 广告物品",COCA_abridged
awakening,әˈweikәniŋ,n.,"唤醒, 觉醒, 被唤起 a. 觉醒中的",COCA_abridged
arcade,ɑːˈkeid,n.,"拱廊, 拱形建筑物, 有拱廊的街道",COCA_abridged
masked,mæskt,a.,"戴假面具的, 隐现的, 伪装的, 掩蔽的",COCA_abridged
morgue,mɔːg,n.,陈尸所,COCA_abridged
deterrence,diˈtәːrәns,n.,"威慑, 威慑力量",COCA_abridged
biomedical,ˌbaiәuˈmedikәl,a.,生物医学,COCA_abridged
interdependence,ˌintәdiˈpendәns.-dәnsi,n.,互相依赖,COCA_abridged
biceps,ˈbaiseps,n.,"二头肌, 臂部肌肉",COCA_abridged
instrumentation,ˌinstrumenˈteiʃәn,n.,"乐器法, 仪器制造学, 仪表化, 器械操作法",COCA_abridged
incarceration,in.kɑːsәˈreiʃәn,n.,"下狱, 监禁, 禁闭",COCA_abridged
antler,ˈæntlә,n.,鹿角,COCA_abridged
hardened,ˈhɑːdәnd,a.,变硬的; 坚定的,COCA_abridged
evangelist,iˈvændʒilist,n.,"福音传道者, 圣经新约福音书的作者",COCA_abridged
sesame,ˈsesәmi,n.,"芝麻, 脂麻, 胡麻",COCA_abridged
campground,ˈkæmpɡrәund,n.,露营场所; 野营地,COCA_abridged
state-owned,,a.,国营,COCA_abridged
crimson,ˈkrimzәn,n.,深红色 a. 深红色的 v.,COCA_abridged
crimson,ˈkrimzәn,,"(使)变为深红色, 脸红",COCA_abridged
aforementioned,әˈfɒː.menʃәnd,a.,"上述的, 前述的",COCA_abridged
utterance,ˈʌtәrәns,n.,"发声, 言辞, 表达, 说话的方式",COCA_abridged
vignette,viˈnjet,n.,装饰图案; 小插图,COCA_abridged
anti-American,ˌæntiәˈmerikәn,a.,反美的,COCA_abridged
tubing,ˈtjuːbiŋ,n.,管材; 管线; 管道系统,COCA_abridged
litany,ˈlitәni,n.,"连祷, 连续",COCA_abridged
dynamite,ˈdainәmait,n.,"炸药 vt. 炸毁, 破坏",COCA_abridged
illustrator,ˈilәstreitә,n.,"插画家, 图解者, 说明者",COCA_abridged
for-profit,ˈfɔːrprˈɒfɪt,a.,以盈利为目的的,COCA_abridged
nonstop,nɒnˈstɒp,a.,"直达的, 不着陆的, 不休息的 adv. 不休息地 n. 直达车, 直达行驶",COCA_abridged
albanian,ælˈbeinjәn,n.,阿尔巴尼亚人,COCA_abridged
undress,ˌʌnˈdres,vt.,"使脱衣服, 暴露, 使卸去装饰 vi. 脱衣服",COCA_abridged
lovingly,ˈlʌviŋli,adv.,"钟爱地, 亲切地",COCA_abridged
self-control,ˈselfkәnˈtrәul,n.,"克己, 自制",COCA_abridged
citizenry,ˈsitizәnri,n.,市民,COCA_abridged
lifeless,ˈlaiflis,a.,"无生命的, 无趣味的, 死气沉沉的",COCA_abridged
polio,,n.,"脊髓灰质炎, 小儿麻痹症",COCA_abridged
proton,ˈprәutɒn,n.,质子,COCA_abridged
incest,ˈinsest,n.,"乱伦, 近亲通婚",COCA_abridged
eater,ˈiːtә,n.,"吃...的人, 生吃的水果, 美味的水果",COCA_abridged
ultrasound,"ˈʌltrә,saund",n.,超声,COCA_abridged
meltdown,ˈmeltdaun,n.,"熔化, 崩盘, 彻底垮台, 情绪失控",COCA_abridged
unfavorable,ˌʌnˈfeivәrәbl,a.,"不宜的, 不顺利的, 反对的, 不利的, 有害的",COCA_abridged
warlord,ˈwɒːlɒːd,n.,"军阀, 军阀式领袖",COCA_abridged
earmark,ˈiәmɑːk,n.,"耳上记号, 特征, 记号, 标记 vt. 在耳朵上做记号, 标记, 指定...作特定用途",COCA_abridged
aerobics,ˌeiәˈrәubiks,n.,有氧运动法; 增氧健身法,COCA_abridged
decisively,,adv.,果断地; 决然地,COCA_abridged
burnout,ˈbәːnaut,n.,"烧尽, 烧坏, 熄火",COCA_abridged
disgruntled,disˈgrʌnt(ә)ld,a.,"不满意的, 满腹牢骚的, 不高兴的",COCA_abridged
anti-depressant,ˈæntiːdɪprˈesænt,n.,抗抑郁药; 使人放松（或快乐）的事物; 解忧良药,COCA_abridged
drilling,ˈdriliŋ,n.,演练,COCA_abridged
fourteenth,ˈfɒːˈtiːnθ,num.,"第十四, 十四分之一",COCA_abridged
quintessential,ˌkwintiˈsenʃәl,a.,"精萃的, 精髓的, 典范的",COCA_abridged
hijacker,ˈhaidʒækә,n.,"强盗, 劫持者, 绑架者",COCA_abridged
Finnish,ˈfiniʃ,n.,"芬兰语 a. 芬兰的, 芬兰人的, 芬兰语的",COCA_abridged
untreated,ˈʌnˈtriːtid,a.,未经治疗的; 未作处理的,COCA_abridged
wasted,ˈweistid,a.,"浪费的, 瘦弱的",COCA_abridged
flowering,ˈflauәriŋ,a.,"开花的 n. 开花, 饰以花",COCA_abridged
high-ranking,,a.,"阶级高的, 职位高的, 高级官员的",COCA_abridged
telegram,ˈteligræm,n.,"电报, 一封电报",COCA_abridged
week-long,,,持续一星期的; 为期一周的,COCA_abridged
particulars,,n.,"细节, 详细情况, 详情",COCA_abridged
owing,ˈәuiŋ,a.,"未付的, 亏欠的, 受惠的, 归因于...的",COCA_abridged
freestyle,ˈfriːstail,n.,自由式,COCA_abridged
alright,ɔːlˈrait,a.,没问题的,COCA_abridged
kickoff,ˈkikɒf,n.,"开球, 开始, 肇始",COCA_abridged
haunted,ˈhɔːntid,a.,"常出现鬼的, 闹鬼的",COCA_abridged
seaside,ˈsiːsaid,a.,"海边的, 海滨的 n. 海滨",COCA_abridged
tulip,ˈtjuːlip,n.,郁金香,COCA_abridged
camaraderie,ˌkæmәˈrɑːdәriː,n.,友情; 同志之爱,COCA_abridged
inventive,inˈventiv,a.,"善于创造的, 发明的",COCA_abridged
anti-abortion,ˌæntiːəˈbɔːʃən,adj.,反对堕胎的,COCA_abridged
UFO,"ˈjuːfәu, ,juːefˈәu",,"不明飞行物, 飞碟",COCA_abridged
Islamist,izˈlɑːmist,n.,伊斯兰教主义者; 回教教徒,COCA_abridged
panelist,ˈpænәlist,n.,"专门小组成员, 演出小组成员, 参加电视公开讨论会的成员, 答问小组的成员",COCA_abridged
buff,bʌf,n.,"暗黄色, 暗黄色皮革, 人的皮肤 vt. 擦亮, 使柔软 a. 暗黄色的",COCA_abridged
bellow,ˈbelәu,v.,怒吼,COCA_abridged
stow,stәu,vt.,"收藏, 装填, 贮藏, 装满, 使暂留, 堆垛",COCA_abridged
reliever,riˈliːvә,n.,"解除痛苦的人, 接替者, 救济者",COCA_abridged
sunken,ˈsʌŋkәn,a.,"沉没的, 下凹的",COCA_abridged
dick,dik,n.,"家伙, 词典, 阴茎, 誓言(书)",COCA_abridged
prickly,ˈprikli,a.,"多刺的, 满是针刺的, 针刺般痛的",COCA_abridged
casing,ˈkeisiŋ,n.,"箱, 盒, 包装, 框, 套管",COCA_abridged
sandstone,ˈsændstәun,n.,"沙岩, 砂岩",COCA_abridged
overpower,ˌәuvәˈpauә,vt.,"击败, 打胜, 克服",COCA_abridged
disproportionately,,adv.,"不匀称, 不相称",COCA_abridged
timeline,ˈtaɪmlaɪn,n.,"时间轴, 时间表",COCA_abridged
coercive,kәuˈәːsiv,a.,"强制的, 强迫的, 强行的",COCA_abridged
coveted,ˈkʌvɪtid,a.,"令人垂涎的; 垂涎的, 梦寐以求的",COCA_abridged
dumbbell,ˈdʌmbel,n.,哑铃,COCA_abridged
cervical,ˈsәːvikәl,a.,"颈的, 子宫颈的",COCA_abridged
countryman,ˈkʌntrimәn,n.,"同胞, 乡下人, 国民",COCA_abridged
toxicity,tɒkˈsisiti,n.,"毒力, 毒性",COCA_abridged
faraway,ˈfɑːrәwei,a.,"遥远的, 恍惚的, 出神的",COCA_abridged
darn,dɑːn,n.,织补 v. 织补,COCA_abridged
Crescent,ˈkresәnt,n.,"新月, 新月形(物) a. 新月形的, 逐渐增加的",COCA_abridged
airway,ˈєәwei,n.,"空中航线, 风道, 导气管",COCA_abridged
soaked,,a.,湿透的,COCA_abridged
antarctic,æntˈɑːktik,a.,"南极的, 南极地带的 n. 南极地区",COCA_abridged
iconic,aiˈkɔnik,a.,"偶像的, 似圣像的; 与图像有关的, 图像性的; 以传统风格刻画的",COCA_abridged
dishonest,disˈɒnist,a.,"不忠实的, 不诚实的, 欺诈的",COCA_abridged
boyhood,ˈbɒihud,n.,少年时代,COCA_abridged
panties,ˈpænti,n.,女式短裤,COCA_abridged
admiral,ˈædmәrәl,n.,"舰队司令, 海军上将, 旗舰",COCA_abridged
self-help,ˈselfˈhelp,n.,"自助, 自立",COCA_abridged
raccoon,ræˈkuːn,n.,"浣熊, 浣熊毛皮",COCA_abridged
white-collar,ˈwaitˈkɔlә,a.,白领阶层的,COCA_abridged
correctional,kәˈrekʃәnәl,a.,"改正的, 修正的, 矫正的",COCA_abridged
rotor,ˈrәutә,n.,"转子, 旋筒, 转动体",COCA_abridged
handlebar,ˈhændlbɑː,n.,手把,COCA_abridged
fiddle,ˈfidl,n.,"小提琴, 提琴类乐器 vt. 虚度时光, 拉小提琴 vi. 拉小提琴,",COCA_abridged
fiddle,ˈfidl,,"(无目的地)拨弄, 瞎搞",COCA_abridged
versatility,ˌvәːsәˈtiliti,n.,"多用途, 多才多艺, 易变",COCA_abridged
unarmed,ˈʌnˈɑːmd,a.,"没有武装的, 非武装的, 徒手的, 手无寸铁的, 无突的, 无刺的",COCA_abridged
indistinguishable,ˌindisˈtiŋgwiʃәbl,a.,"不能辨别的, 不能区别的",COCA_abridged
thyroid,ˈθairɒid,a.,"甲状腺的, 甲状的, 甲状软骨的 n. 甲状腺, 甲状软骨, 甲状腺剂",COCA_abridged
flex,ˈfleks,vt.,"弯曲, 伸缩, 折曲 vi. 弯曲 n. 屈曲, 折曲",COCA_abridged
runner-up,,n.,"亚军, 亚军队; (拍卖时)高喊货价的人",COCA_abridged
horseman,ˈhɒːsmәn,n.,"骑马者, 马术师, 养马者",COCA_abridged
swinging,ˈswiŋiŋ,a.,"摆动的, 摇摆的; 大量的, 极好的; 大力的, 极有力的; 活跃的, 时髦的",COCA_abridged
mounted,ˈmauntid,a.,"安在马上的, 裱好的",COCA_abridged
falsely,ˈfɒːlsli,adv.,"虚伪地, 错误地, 不实地",COCA_abridged
cutting-edge,ˈkʌtɪŋˈedʒ,a.,"前沿的, 最前沿的",COCA_abridged
contraception,ˌkɒntrәˈsepʃәn,n.,"避孕, 节育法",COCA_abridged
exec,igˈzek,n.,"主任参谋, 副舰长 [计] 执行, 执行程序",COCA_abridged
ambient,ˈæmbiәnt,a.,周围的 n. 周围环境,COCA_abridged
juxtaposition,ˌdʒʌkstәpәˈziʃәn,n.,"并排, 并置, 并列",COCA_abridged
industrialization,"in,dʌstriәlaiˈzeiʃn",n.,"工业化, 产业化",COCA_abridged
Appalachian,ˌæpəˈleitʃjən,n.,阿巴拉契亚山脉 a. 阿帕拉契山脉的,COCA_abridged
marginally,,adv.,"轻微地, 很少地, 微不足道地",COCA_abridged
scallop,ˈskɒlәp,n.,扇贝 vt. 用扇贝状碟烘烤 vi. 拾扇贝,COCA_abridged
agonizing,ˈægәnaiziŋ,a.,"折磨人的, 痛苦难忍的",COCA_abridged
speaking,ˈspiːkiŋ,n.,"谈话, 演说 a. 讲话的, 适于说的, 讲某种语言的",COCA_abridged
taco,ˈtɑːkәu,n.,墨西哥煎玉米卷; [美俚]墨西哥人,COCA_abridged
blitz,blits,n.,闪电战 vt. 以闪电战攻击,COCA_abridged
sunflower,ˈsʌnflauә,n.,向日葵,COCA_abridged
passageway,ˈpæsidʒwei,n.,"通道, 走廊",COCA_abridged
hard-liner,ˈhɑːdˈlainә(r),n.,不妥协者,COCA_abridged
daisy,ˈdeizi,n.,"雏菊, 一流人物 a. 第一流的",COCA_abridged
marinade,ˌmæriˈneid,n.,腌泡汁 vt. 腌泡,COCA_abridged
senseless,ˈsenslis,a.,"无感觉的, 无意识的, 不省人事的",COCA_abridged
sub-saharan,ˌsʌb səˈhɑːrən,a.,撒哈拉沙漠以南的非洲（大陆）的,COCA_abridged
unforgettable,ˌʌnfәˈgetәbl,a.,"忘不了的, 令人难忘的",COCA_abridged
cinematic,ˌsiniˈmætik,a.,"电影的, 影片的",COCA_abridged
detractor,diˈtræktә(r),n.,"毁损者, 贬低者",COCA_abridged
firewood,ˈfaiәwud,n.,木柴,COCA_abridged
polo,ˈpәulәu,n.,"马球, 水球",COCA_abridged
toad,tәud,n.,"蟾蜍, 癞蛤蟆, 讨厌的家伙",COCA_abridged
securely,siˈkjuәli,adv.,安全地; 安心地; 牢固地; 有把握地,COCA_abridged
blindly,ˈblaindli,adv.,"轻率地, 盲目地",COCA_abridged
whirlwind,ˈhwәːlwind,n.,旋风,COCA_abridged
crotch,krɒtʃ,n.,"分叉处, 丫叉, 胯部",COCA_abridged
psychotherapy,ˌsaikәuˈθerәpi,n.,"精神疗法, 心理疗法",COCA_abridged
front-page,,a.,"适合第一版的, 重要的",COCA_abridged
two-time,ˈtuːtaim,vt.,"爱情上对...不忠, 骗 a. 有过两次的",COCA_abridged
crossover,ˈkrɒsәuvә,n.,"转到另一方, 天桥, 交叉",COCA_abridged
bedrock,bedˈrɒk,n.,"基岩, 基本原理, 基础",COCA_abridged
chi,"kai, kiː",n.,"卡, χ(希腊文的第二十二个字母)",COCA_abridged
fungal,ˈfʌŋgәl,a.,"真菌, 突然发生而迅速生长的东西, 真菌类植物, 海绵肿, 真菌类病害",COCA_abridged
bisexual,ˌbaiˈseksjuәl,a.,"两性的, 雌雄同体的",COCA_abridged
differential,difәˈrenʃәl,a.,"差别的, 特异的, 微分的 n. 差别, 两路线运费差额, 工资差额",COCA_abridged
Byzantine,biˈzæntain,a.,"拜占庭帝国的, 拜占庭式的",COCA_abridged
workable,ˈwәːkәbl,a.,"可经营的, 可使用的, 能工作的, 机械等能使用的, 材料等可加工的",COCA_abridged
tarp,tɑːp,,n.,COCA_abridged
tarp,tɑːp,,"(=tarpaulin)防水布, 油布",COCA_abridged
creak,kriːk,n.,"辗轧声, 嘎吱嘎吱声 vi. 作辗轧声, 发出辗轧声",COCA_abridged
pounce,pauns,n.,"猛扑, 爪 vi. 猛扑, 突袭 vt. 扑住",COCA_abridged
muzzle,ˈmʌzl,n.,"动物之鼻口, 口套, 枪口 vt. 戴口套于, 使缄默",COCA_abridged
goodies,,n.,"特别吸引人的东西, 糖果, 好吃的东西, 美味的食品, 令人愉快的东西",COCA_abridged
carnival,ˈkɑːnivәl,n.,"嘉年华会, 狂欢节, 饮宴狂欢",COCA_abridged
revolving,riˈvɒlviŋ,a.,"回转的, 旋转的, 旋转式的",COCA_abridged
high-powered,ˈhaiˈpajәd,a.,"马力大的, 高性能的, 精力充沛的",COCA_abridged
punt,pʌnt,n.,"方头平底船, 踢悬空球, 赌博者 v. 踢悬空球, 用篙撑船, 赌博",COCA_abridged
intolerable,inˈtɒlәrәbl,a.,"无法忍受的, 难耐的",COCA_abridged
heartbreaking,ˈhɑːtbreikiŋ,a.,"令人悲伤的, 极其累人的, 令人动情的",COCA_abridged
connector,kәˈnektә,n.,"连结者, 联系者, 连结物",COCA_abridged
Mormon,ˈmɒːmәn,n.,摩门教徒,COCA_abridged
taxable,ˈtæksәbl,a.,"可征税的, 应征税的",COCA_abridged
authorized,ˈɒːθәraizd,a.,"经认可的, 经授权的",COCA_abridged
stepmother,ˈstep.mʌðә,n.,继母,COCA_abridged
thereof,ˌðєәrˈɒv,adv.,"在其中, 关于..., 由此, 由是",COCA_abridged
suitor,ˈsjuːtә,n.,"起诉人, 原告, 求婚者",COCA_abridged
excessively,ikˈsesivli,adv.,"过多, 极度, 过度, 过分",COCA_abridged
Philippine,ˈfilipiːn,a.,"菲律宾(群岛)的, 菲律宾人的",COCA_abridged
flickering,ˈflikәriŋ,a.,"闪烁的, 摇曳的, 微弱的",COCA_abridged
captor,ˈkæptә,n.,"捕获者, 夺得者, 攻夺者",COCA_abridged
irregularity,i.regjuˈlæriti,n.,"不规则, 例外, 违反规则的行为",COCA_abridged
goofy,ˈguːfi,a.,"愚笨的, 傻瓜的",COCA_abridged
irreversible,"ˌiriˈvәːsәbl,-sib-",a.,"不可逆的, 不可改变的, 不能倒置的, 不能翻转的, 不能倒转的, 不可撤销的",COCA_abridged
unreal,ˈʌnˈri(ː)әl,a.,"假的, 虚构的, 不真实的, 幻想的",COCA_abridged
lighthouse,ˈlaithaus,n.,灯塔,COCA_abridged
insulting,inˈsʌltiŋ,a.,"侮辱的, 损害人体的",COCA_abridged
westward,ˈwestwәd,n.,朝西的方向 a. 向西的 adv. 向西的,COCA_abridged
wildfire,ˈwaildfaiә,,n.,COCA_abridged
wildfire,ˈwaildfaiә,,"(古时战争时所用的)燃料剂, 磷火, 鬼火, 野火",COCA_abridged
bookcase,ˈbukkeis,n.,"书架, 书柜",COCA_abridged
sailboat,ˈseilbәut,n.,帆船,COCA_abridged
splinter,ˈsplintә,n.,"碎片, 尖片, 分裂出来的小派别, 微小的东西 v. 使分裂,",COCA_abridged
splinter,ˈsplintә,,(使)破裂,COCA_abridged
son-in-law,,n.,女婿,COCA_abridged
accuser,әˈkjuːzә,n.,"原告, 指控人, 控告者",COCA_abridged
dizzying,ˈdiziːiŋ,a.,使人头晕的; 使人糊涂的,COCA_abridged
transatlantic,ˌtrænsәtˈlæntik,a.,"横渡大西洋的, 大西洋彼岸的, 美国的",COCA_abridged
diving,ˈdaiviŋ,n.,"潜水, 跳水",COCA_abridged
silicone,ˈsilikәun,n.,"硅树脂, 聚硅氧烷",COCA_abridged
bumpy,ˈbʌmpi,a.,"颠簸的, 崎岖不平的",COCA_abridged
rotary,ˈrәutәri,a.,"旋转的, 轮流的 n. 旋转式机器",COCA_abridged
downfall,ˈdaunfɒːl,n.,"衰败, 大雨",COCA_abridged
laden,ˈleidn,a.,"装满的, 负载的, 苦恼的",COCA_abridged
reintroduce,riːintrәˈdjuːs,vt.,"再引进, 再介绍",COCA_abridged
shank,ʃæŋk,n.,"胫, 腿骨, 杆, 柄 vt. 用铁球棒末端击球 vi. 花从病梗上枯萎脱落",COCA_abridged
unnerve,ˌʌnˈnәːv,vt.,"使失去勇气, 使胆怯, 使不能自制",COCA_abridged
undue,ˌʌnˈdjuː,a.,"不适当的, 过度的, 未到期的",COCA_abridged
ta,tɑː,,interj. 谢谢,COCA_abridged
sweetly,ˈswiːtli,adv.,"甜美地, 惬意地, 讨人喜欢地",COCA_abridged
tumultuous,tjuːˈmʌltʃuәs,a.,"吵闹的, 纷乱的, 骚乱的, 凶猛的",COCA_abridged
medicaid,ˈmedikeid,n.,"公费医疗补助制, 医疗保健业, 医疗补助方案",COCA_abridged
handwritten,ˈhænd.ritәn,a.,手写的,COCA_abridged
wide-eyed,,a.,"睁大眼睛的, 非常吃惊的, 天真的",COCA_abridged
trump,trʌmp,n.,"王牌, 法宝, 喇叭 vt. 打出王牌赢, 胜过 vi. 出王牌, 吹喇叭",COCA_abridged
gridlock,ˈgrɪdlɒk,n.,交通全面大堵塞; 僵局 v. （交通等）堵塞,COCA_abridged
atheist,ˈeiθiist,n.,无神论者,COCA_abridged
femininity,ˌfemiˈniniti,n.,"妇女特质, 温柔, 柔弱性",COCA_abridged
pocketbook,ˈpɒkitbuk,n.,"笔记本, 钱袋, 皮夹, 经济来源",COCA_abridged
knowing,ˈnәuiŋ,a.,"博学的, 聪颖的, 精明的",COCA_abridged
veal,viːl,n.,小牛肉 vt. 宰小牛,COCA_abridged
refinance,ˌriːfaiˈnæns,vt.,"再为...筹钱, 再供...资金",COCA_abridged
inseparable,inˈsepәrәbl,a.,不可分的,COCA_abridged
nook,nuk,n.,"角落, 躲蔽处, 隐匿处, 凹处",COCA_abridged
replay,ˌriːˈplei,vt.,"重新比赛, 重演 n. 重赛",COCA_abridged
logger,ˈlɒgә,n.,"伐木工人, 圆木装车机 [计] 记录器; 注册器; 登记器",COCA_abridged
jesuit,ˈdʒezjuit,n.,"耶稣会信徒, 阴险的人, 阴谋家",COCA_abridged
honk,hɒŋk,n.,"雁鸣, 汽车的喇叭声 vi. 雁鸣叫, 按汽车喇叭 vt. 揿(喇叭)",COCA_abridged
flaming,ˈfleimiŋ,a.,"燃烧的, 热烈的, 色彩鲜明的",COCA_abridged
countertop,ˈkajntәtɔp,,n.,COCA_abridged
countertop,ˈkajntәtɔp,,(厨房的)工作台面,COCA_abridged
overtly,ˈәuvәːtly. әuˈvәːtly,adv.,"明显地; 公开地, 公然地",COCA_abridged
bosom,ˈbuzәm,n.,"胸部, 胸, 胸怀, 内部, 中间 vt. 怀抱",COCA_abridged
selectively,,adv.,有选择地,COCA_abridged
bathing,ˈbeiðiŋ,n.,"游泳, 洗海水澡",COCA_abridged
vibe,vaɪb,n.,"感应, 共鸣",COCA_abridged
start-up,,n.,启动; 开始工作,COCA_abridged
binge,bindʒ,n.,"狂闹, 狂欢",COCA_abridged
stucco,ˈstʌkәu,n.,"粉饰灰泥 vt. 涂以灰泥, 粉刷",COCA_abridged
apprenticeship,әˈprentisʃip,n.,"学徒身分, 见习(期)",COCA_abridged
spam,,n.,"罐头猪肉, 垃圾邮件 v. 发送垃圾邮件",COCA_abridged
checkup,ˈtʃekʌp,n.,"审查, 鉴定, 健康检查",COCA_abridged
unnecessarily,ʌnˈnesisәrili,adv.,"不必要地, 多余地",COCA_abridged
paternal,pәˈtәːnl,a.,"父亲的, 父系的, 似父亲的, 得自父亲的, 家长式统治的",COCA_abridged
registry,ˈredʒistri,n.,"登记处, 登记名册 [计] 登录库",COCA_abridged
pimp,pimp,n.,"皮条客, 男妓, 恶棍, 窥探情人者, 告密者 vi. 拉皮条, 告密",COCA_abridged
experimenter,,n.,"实验者, 试验者",COCA_abridged
antics,ˈæntiks,n.,"滑稽动作, 古怪姿态",COCA_abridged
victor,ˈviktә,n.,胜利者 a. 胜利的,COCA_abridged
amputation,ˌæmpjuˈteiʃәn,n.,"切断, 截肢术",COCA_abridged
binder,ˈbaindә,n.,"捆缚者, 用以绑缚之物; 活页夹; 粘结剂",COCA_abridged
chronology,krәˈnɔlәdʒi,n.,"年代学, 资料按年月次序的排列, 按时间顺序编制的表格, 年表",COCA_abridged
sobering,ˈsəʊbərɪŋ,a.,使人清醒的; 令人冷静的; 严重的,COCA_abridged
drape,dreip,n.,"布帘, 褶皱 vt. 用布帘覆盖, 披上 vi. 成褶皱状",COCA_abridged
Epiphany,iˈpifәni,n.,"主显节, 出现",COCA_abridged
cameraman,ˈkæmәrәmæn,n.,"照相师, 摄影师",COCA_abridged
butler,ˈbʌtlә,n.,"男管家, 司膳总管",COCA_abridged
Parmesan,ˈpɑːmizæn,n.,帕尔马干酪(意大利产),COCA_abridged
uncomfortably,ʌnˈkʌmftəbli,adv.,"不舒适地, 不自在地, 令人不快地",COCA_abridged
flashback,ˈflæʃbæk,n.,"倒叙, 火舌回闪",COCA_abridged
beleaguered,bɪˈliɡɚd,a.,围困的; 包围的,COCA_abridged
airfield,ˈєәfiːld,n.,飞机场,COCA_abridged
mourner,ˈmɒːnә,n.,"悲伤者, 哀悼者, 送葬者",COCA_abridged
inflated,inˈfleitid,a.,"膨胀的, 充了气的, 夸张的, 通货膨胀的",COCA_abridged
espresso,eˈspresәu,n.,（用汽加压煮出的）浓咖啡,COCA_abridged
whipped,hwipt,a.,受到鞭打的,COCA_abridged
polarization,ˌpәjlәraiˈzeiʃәn; -riˈz-,n.,"极化, 极化强度, 偏振, 两极分化",COCA_abridged
outperform,ˌautpәˈfɔːm,vt.,胜过; 做得比……好,COCA_abridged
self-sufficient,ˈselfsәˈfiʃәnt,a.,"自给自足的, 极为自负的",COCA_abridged
workman,ˈwәːkmәn,n.,"工人, 工匠, 男工",COCA_abridged
vaginal,vәˈdʒainl,a.,"鞘的, 似叶鞘的, 阴道的",COCA_abridged
uterus,ˈjuːtәrәs,n.,子宫,COCA_abridged
whopping,ˈhwɒpiŋ,a.,"巨大的, 天大的 adv. 非常地",COCA_abridged
sneeze,sniːz,n.,喷嚏 vi. 打喷嚏,COCA_abridged
acreage,ˈeikәridʒ,n.,"英亩数, 土地面积",COCA_abridged
launcher,ˈlɒːntʃә,n.,"发射者, 发射台",COCA_abridged
combo,ˈkɒmbәu,n.,小型爵士乐团,COCA_abridged
acrylic,әˈkrilik,a.,丙烯酸的,COCA_abridged
arsenic,ˈɑːsәnik,n.,"砷, 砒霜",COCA_abridged
unethical,,a.,不道德的,COCA_abridged
shopkeeper,ˈʃɒp.kiːpә,n.,"零售商, 店主, 老板",COCA_abridged
in-law,ˈinlɔː,n.,姻亲,COCA_abridged
dramatize,ˈdræmәtaiz,vt.,"改编成戏剧, 编写剧本 vi. 戏剧化",COCA_abridged
assailant,әˈseilәnt,n.,"攻击者, 行凶者",COCA_abridged
mating,ˈmeitiŋ,n.,配套; 交配,COCA_abridged
mutant,ˈmjuːtәnt,n.,突变体,COCA_abridged
twinkle,ˈtwiŋkl,n.,"闪烁, 闪耀, 瞬息 vi. 闪烁 vt. 使闪耀",COCA_abridged
appalled,əˈpɔːld,a.,惊骇的; 丧胆的,COCA_abridged
modality,mәuˈdæliti,n.,"样式, 形式, 形态 [医] 药征, 用药程式(顺势疗法派所用的名词)",COCA_abridged
unimportant,ˌʌnimˈpɒːtnt,a.,不重要的,COCA_abridged
aback,әˈbæk,adv.,"向后, 朝后, 突然, 船顶风地",COCA_abridged
leek,liːk,n.,韭,COCA_abridged
one-sided,ˌwʌnˈsaidid,a.,"只有一边的, 不公正的, 单方面的, 片面的, 一边倒的, 一边占优势的",COCA_abridged
waxed,ˈwæksid,a.,上过蜡的; 防水的,COCA_abridged
priesthood,ˈpriːsthud,n.,"神职人员, 祭司职",COCA_abridged
whiteness,ˈhwaitnis,n.,"白, 苍白, 洁白",COCA_abridged
patchwork,ˈpætʃwәːk,n.,"拼缝物, 拼凑物",COCA_abridged
thud,θʌd,n.,"砰的一声, 重击 vi. 砰的一声掉下, 嘭的一声",COCA_abridged
spec,spek,n.,"投机, 投机事业, 规格, 说明书, 专业人员",COCA_abridged
tabletop,ˈteibltɒp,n.,桌面,COCA_abridged
coupe,ˈkuːpei,n.,"双座四轮轿式马车, 小轿车, 双门轿式小汽车,",COCA_abridged
coupe,ˈkuːpei,,(英)铁路客车尾部的分隔车厢,COCA_abridged
windmill,ˈwindmil,n.,风车,COCA_abridged
bonfire,ˈbɒnfaiә,n.,"大篝火, 营火",COCA_abridged
geographer,dʒiˈɒgrәfә,n.,地理学者,COCA_abridged
anti-Semitic,æntiˈsemitik,n.,"反犹的, 反犹主义的",COCA_abridged
helplessness,ˈhelpləsnəs,n.,"无可奈何状态, 无能为力; 无助的状态",COCA_abridged
cavernous,ˈkævәnәs,a.,"似巨穴的, 空洞的",COCA_abridged
mail-order,ˌmeɪlˈɔːdə,a.,邮购的,COCA_abridged
subculture,"ˈsʌb,kʌltʃә",n.,"亚文化群, 次代培养物",COCA_abridged
marina,mәˈrinә,n.,码头,COCA_abridged
classy,ˈklɑːsi,a.,"上等的, 优等的, 漂亮的",COCA_abridged
intravenous,ˌintrәˈviːnәs,a.,静脉内的,COCA_abridged
primacy,ˈpraimәsi,n.,"第一, 首位, 卓越",COCA_abridged
credit-card,,,信用卡; 记帐卡,COCA_abridged
pre-emptive,priˈemptɪv,a.,先发制人的; 抢先的,COCA_abridged
unwittingly,,adv.,不知情地; 不知不觉地; 不经意地,COCA_abridged
fondly,ˈfɒndli,adv.,"溺爱地, 怜爱地, 情柔地",COCA_abridged
lowland,ˈlәulәnd,n.,"低地, 苏格兰低地 a. 低地的",COCA_abridged
rocking,ˈrɒkiŋ,a.,"摇摆的, 摇动的",COCA_abridged
microbial,maiˈkrәubiәl,a.,"微生物的, 由细菌引起的",COCA_abridged
reset,ˌriːˈset,n.,"重新设定, 重新组合, 重排版 vt. 重新设定, 重置, 重新组合 vi. 重置, 清零",COCA_abridged
scoot,skuːt,vi.,"快跑, 奔跑",COCA_abridged
wondrous,ˈwʌndrәs,a.,令人惊奇的,COCA_abridged
appointed,әˈpɔintid,a.,"派任的, 任命的, 指定的",COCA_abridged
mid-air,mɪd eə(r),n.,空中; 半空中,COCA_abridged
localized,,a.,小范围的; 局部的; 地区的,COCA_abridged
schema,ˈskiːmә,n.,"概要, 图解, 略图 [计] 模式",COCA_abridged
teapot,ˈtiːpɒt,n.,茶壶,COCA_abridged
baptize,bæpˈtaiz,vt.,"施洗礼, 使经受考验, 命名",COCA_abridged
preparedness,priˈpєәdnis,n.,"准备状态, 战备状态",COCA_abridged
reflector,riˈflektә,n.,"反射镜, 反射物",COCA_abridged
magnification,ˌmægnifiˈkeiʃәn,n.,"扩大, 放大率, 放大的复制品",COCA_abridged
chap,tʃæp,n.,"小伙子, 颌, 龟裂 v. 皲裂",COCA_abridged
steamed,,a.,"蒸熟的, 蒸的",COCA_abridged
cayenne,keiˈen,n.,辣椒,COCA_abridged
salted,ˈsɒːltid,a.,"盐腌的, 盐味的, 有经验的, 虚报的",COCA_abridged
idiosyncratic,ˌidiәsiŋˈkrætik,a.,"特质的, 异质的, 特殊的",COCA_abridged
high-pitched,,a.,"调子高的, 紧张的",COCA_abridged
refill,riːˈfil,n.,"再注满, 替换物 vt. 再将...注满 vi. 被再注满",COCA_abridged
booty,ˈbuːti,n.,"赃物, 掳获物, 战利品",COCA_abridged
wellness,ˈwelnis,n.,健康,COCA_abridged
camcorder,kæmˈkɔːdә,n.,摄录像机; 便携式摄像机,COCA_abridged
eagerness,ˈiːgәnis,n.,热心,COCA_abridged
macaroni,ˌmækәˈrәuni,n.,"通心面, 纨绔子弟",COCA_abridged
acrylic,әˈkrilik,a.,丙烯酸的,COCA_abridged
gamma,ˈgæmә,n.,"希腊语的第三个字母(Γ,γ)",COCA_abridged
elegantly,,adv.,优美地,COCA_abridged
upside,ˈʌpsaid,n.,"上侧, 上段, 上部",COCA_abridged
weathered,,a.,受日晒雨淋的; 受风雨侵蚀的,COCA_abridged
trucker,ˈtrʌkә(r),n.,"卡车驾驶员, 从事货车运输业者, 以物易物者, 小贩",COCA_abridged
cornmeal,ˈkɒːnmiːl,n.,"玉蜀黍粉, 玉米片, 麦片",COCA_abridged
gunner,ˈgʌnә,n.,"炮手, 炮长, 机关枪手, 带枪猎人",COCA_abridged
inescapable,ˌiniˈskeipәbl,a.,"逃不掉的, 不可避免的",COCA_abridged
onlooker,ˈɔnljkә(r),n.,"旁观者, 袖手旁观者",COCA_abridged
immortality,ˌimɒːˈtæliti,n.,"永存, 不死; 流芳百世",COCA_abridged
loudspeaker,ˈlaudˈspiːkә,n.,"扩音器, 喇叭",COCA_abridged
childlike,ˈtʃaillaik,a.,"孩子似的, 天真烂漫的",COCA_abridged
apricot,ˈeiprikɒt,n.,"杏子, 杏树, 杏黄色 a. 杏黄色的",COCA_abridged
layered,ˈleiәd,a.,层状的; 分层的,COCA_abridged
hooded,ˈhudid,a.,"有罩盖的, 戴头巾的",COCA_abridged
borderline,ˈbɒːdәlain,n.,"边界, 界线 a. 边界的",COCA_abridged
re-evaluate,ˈriːɪˈvæljʊeɪt,vt.,再估价,COCA_abridged
simulator,ˈsimjuleitә,n.,"模拟器, 假装者 [计] 模拟器",COCA_abridged
spook,spuːk,n.,"幽灵, 鬼 vt. 惊吓, 鬼怪般地出没 vi. 惊吓而逃窜, 受惊",COCA_abridged
driving,ˈdraiviŋ,n.,"赶, 操纵, 驾驶 a. 推进的, 强劲的, 精力旺盛的",COCA_abridged
coloring,ˈkʌlәriŋ,n.,着色; 着色剂; 配色; 天然色; 外貌,COCA_abridged
kicker,ˈkikә,n.,"踢者, 善踢的人, 爱踢的马",COCA_abridged
damned,dæmd,a.,"可恶的, 该死的 adv. 非常",COCA_abridged
blazer,ˈbleizә,n.,"燃烧体, 颜色鲜明的上装, 宣布者",COCA_abridged
reindeer,ˈrein.diә,n.,驯鹿,COCA_abridged
therein,ˌðєәrˈin,adv.,"在其中, 在那里, 在那一点上",COCA_abridged
annuity,әˈnjuːiti,n.,"年金, 年金保险, 年金领受权",COCA_abridged
scallions,ˈskæljənz,n.,青葱( scallion的名词复数 ); 冬葱; 大葱; 韭菜,COCA_abridged
replication,ˌrepliˈkeiʃәn,n.,"回答, 反响, 复制, 第二次答辩, 折转, 弯回",COCA_abridged
nonverbal,nɔnˈvәːbәl,a.,不用语言的; 不用动词的,COCA_abridged
poorly,ˈpuәli,adv.,"贫穷地, 不充分地, 贫乏地 a. 身体不舒服的",COCA_abridged
all-out,,a.,"竭力的, 全部的",COCA_abridged
co-owner,,n.,"共有人, 共同所有人",COCA_abridged
mystique,misˈtiːk,n.,"神秘的气氛, 奥秘, 秘诀",COCA_abridged
self-concept,ˌselfˈkɒnsept,n.,自我概念,COCA_abridged
guinea,ˈgini,n.,几内亚,COCA_abridged
imperfection,ˌimpәˈfekʃәn,n.,"不完美, 缺点, 疵点, 毛病",COCA_abridged
contraceptive,ˌkɒntrәˈseptiv,a.,"避孕的 n. 避孕剂, 避孕用具",COCA_abridged
inaccessible,ˌinækˈsesәbl,a.,"难得到的, 难接近的, 难达成的",COCA_abridged
redevelopment,,n.,再开发; 重点恢复,COCA_abridged
overestimate,ˌәuvәrˈestimeit,vt.,"评价过高, 过高估价 n. 估计过高, 评价过高",COCA_abridged
precedence,priˈsiːdns,n.,"优先, 居先",COCA_abridged
amish,ˈɑːmiʃ,n.,孟诺教派; 孟诺教派之教徒,COCA_abridged
vagina,vәˈdʒainә,n.,"阴道, 鞘, 叶鞘",COCA_abridged
unhappiness,,n.,苦恼; 忧愁,COCA_abridged
underworld,ˈʌndәwәːld,n.,"下层社会, 地狱, 下流社会",COCA_abridged
nightgown,,n.,"女式睡衣, 孩子穿的睡衣, 妇女穿的睡衣",COCA_abridged
Haitian,ˈheitiәn,a.,"海地的 n. 海地人, 海地语",COCA_abridged
reuse,riːˈjuːz,vt.,再使用 n. 重新使用,COCA_abridged
full-length,,a.,"全长的, 等身的, 全身长的",COCA_abridged
cobalt,ˈkәubɒːlt,n.,"钴, 钴类颜料",COCA_abridged
herein,ˌhiәrˈin,adv.,"在此处, 如此",COCA_abridged
nagging,ˈnægiŋ,a.,"唠叨的, 责备挑剔的",COCA_abridged
brothel,ˈbrɒθәl,n.,妓院,COCA_abridged
digging,ˈdigiŋ,n.,挖掘,COCA_abridged
self-contained,ˈselfkәnˈteind,a.,"沉默寡言的, 自足的, 完备的",COCA_abridged
bandwidth,ˈbændwidθ,n.,"带宽, 频宽",COCA_abridged
fractured,,a.,断裂的; 挫伤的; 折裂的,COCA_abridged
bloodstream,,n.,血流,COCA_abridged
uphill,ˈʌpˈhil,a.,"上坡的, 向上的 adv. 往上坡, 向上地",COCA_abridged
lax,læks,a.,"松的, 不严格的, 腹泻的, 松弛的 n. 腹泻, 松元音",COCA_abridged
plurality,ˌpluәˈrælәti,n.,"复数, 较大的数, 多数状态, 兼职",COCA_abridged
warring,ˈwɔːriŋ,a.,"交战的, 敌对的, 冲突的",COCA_abridged
restart,ˌriːˈstɑːt,v.,"重新开始, 重新启动",COCA_abridged
participatory,pɑːˈtisipeitәri,a.,"吸引参与的, 供人分享的",COCA_abridged
dissemination,di.semiˈneiʃә,n.,"散播, 传播, 普及",COCA_abridged
fast-growing,ˈfɑːstɡrˈəʊɪŋ,,快速增长的,COCA_abridged
stockholder,ˈstɒkhәuldә,n.,"股东, 股票持有者, 股票所有人",COCA_abridged
zombie,ˈzɔmbi,n.,"蛇神, 起死回生的魔力, 僵尸, 回魂尸,",COCA_abridged
zombie,ˈzɔmbi,,"(美)鸡尾酒, 木鸡, 讨厌的家伙",COCA_abridged
prism,ˈprizm,n.,"棱镜, 棱柱",COCA_abridged
bigotry,ˈbigәtri,n.,"盲从, 偏见, 偏执的行为(或态度)",COCA_abridged
sync,siŋk,n.,"同步, 同时",COCA_abridged
boiled,bɔild,a.,"煮沸的,",COCA_abridged
boiled,bɔild,,"(非正式)喝醉的, 烧滚的",COCA_abridged
predispose,ˌpriːdiˈspәuz,vt.,"预先处置, 使预先有倾向",COCA_abridged
mane,mein,n.,鬃毛,COCA_abridged
furry,ˈfәːri,a.,"毛皮的, 盖着毛皮的, 似毛皮的",COCA_abridged
roomy,ˈruːmi,a.,"广阔的, 宽敞的, 宽大的",COCA_abridged
hangover,ˈhæŋәuvә,n.,"宿醉, 残留物, 遗物",COCA_abridged
policing,pəˈliːsɪŋ,n.,（警察、军队等）巡查; 维护治安; （委员会等）监督; 管制,COCA_abridged
tableau,ˈtæblәu,n.,"生动场面, 戏剧性局面",COCA_abridged
bombard,bɒmˈbɑːd,vt.,"炮击, 攻击, 轰击 n. 射石炮",COCA_abridged
centrality,senˈtræliti,n.,"中心, 中央, 向心性",COCA_abridged
stardom,ˈstɑːdәm,n.,"明星身分, 明星们",COCA_abridged
miscarriage,misˈkæridʒ,n.,"失败, 误送, 流产",COCA_abridged
scapegoat,ˈskeipgәut,n.,"替罪羔羊, 替人顶罪者, 替身",COCA_abridged
telltale,ˈtelteil,n.,"搬弄是非者, 迹象, 指示器 a. 搬弄是非的, 泄露秘密的, 报警的",COCA_abridged
mindless,ˈmaindlis,a.,"没头脑的, 不小心的, 不留神的",COCA_abridged
rightful,ˈraitful,a.,"合法的, 正直的, 恰当的",COCA_abridged
pulmonary,ˈpʌlmәnәri,a.,"肺的, 与肺有关的, 有肺的",COCA_abridged
burly,ˈbәːli,a.,"结实的, 粗壮的, 率直的",COCA_abridged
first-rate,,a.,"第一流的, 最上等的, 非常好的 adv. 非常好地, 一流地",COCA_abridged
wide-ranging,ˈwaɪdˈreɪndʒɪŋ,a.,范围或内容广泛的,COCA_abridged
hiking,ˈhaikiŋ,n.,徒步旅行,COCA_abridged
variously,ˈveәriәsli,adv.,"以各种方式地, 不同地, 个别地, 多彩地",COCA_abridged
marquee,mɑːˈkiː,n.,"大帐篷, 遮篷, 选取框",COCA_abridged
finder,ˈfaindә,a.,"发现者, 寻星镜, 寻觅器, 探示器",COCA_abridged
medium-size,,,"中号, 中码; 中号尺码",COCA_abridged
croat,ˈkrәuәt,n.,克罗地亚人; 克罗地亚语,COCA_abridged
grinder,ˈgraindә,n.,"推磨的人, 研磨者; 磨床, 研磨机",COCA_abridged
effortlessly,ˈefətləslɪ,adv.,"不作努力地, 不费力地",COCA_abridged
Somali,sәuˈmɑːli,n.,索马里人,COCA_abridged
activation,æktiˈveiʃәn,n.,"活化, 激活",COCA_abridged
fondness,ˈfɔndnis,n.,溺爱; 爱好,COCA_abridged
shellfish,ˈʃelfiʃ,n.,"贝, 甲壳类水生物",COCA_abridged
absentee,ˌæbsәnˈtiː,n.,"不在者, 缺席者, 未到工者",COCA_abridged
fifteenth,ˈfifˈtiːnθ,num.,"第十五, 十五分之一",COCA_abridged
push-up,,n.,俯伏撑,COCA_abridged
undisturbed,ˌʌndiˈstәːbd,a.,"未被扰乱的, 安静的, 镇定的",COCA_abridged
jamaican,dʒәˈmeikәn,a.,牙买加的; 牙买加人的,COCA_abridged
transfusion,trænsˈfjuːʃәn,n.,"倾注, 输血, 输液",COCA_abridged
courier,ˈkuriә,n.,"信使, 送急件者, 伴游服务员",COCA_abridged
extremism,ikˈstriːmizm,n.,"极端倾向, 极端论, 过激主义",COCA_abridged
duke,djuːk,n.,公爵,COCA_abridged
pep,pep,n.,"活力, 气力, 劲头, 锐气 vt. 鼓起精神, 激励, 使充满活力",COCA_abridged
checkbook,ˈtʃekbuk,n.,支票簿,COCA_abridged
feeding,ˈfiːdiŋ,n.,"饲养, 进料, 加料 a. 供给饲料的, 摄取食物的",COCA_abridged
khaki,ˈkɑːki,a.,"卡其色的, 土黄色的 n. 卡其色, 卡其色军服",COCA_abridged
afar,әˈfɑː,adv.,"由远处, 遥远地",COCA_abridged
prosthetic,prɔsˈθetik,a.,"修复术的, 假体的",COCA_abridged
writhe,raið,n.,"扭动, 盘绕, 苦恼 vt. 扭曲, 缠绕 vi. 蠕动, 扭动身体, 盘绕, 遭受苦难",COCA_abridged
overcrowded,ˌəʊvəˈkraʊdɪd,a.,挤满的; 过度拥挤的,COCA_abridged
manic,ˈmeinik,a.,躁狂的 n. 躁狂者,COCA_abridged
financier,faiˈnænsiә,n.,"财政家, 金融家 vi. 从事欺骗性金融活动, 欺骗",COCA_abridged
armpit,ˈɑːmpit,n.,"腋, 腋窝",COCA_abridged
excruciating,iksˈkruːʃieitiŋ,a.,"极痛苦的, 折磨人的, 精心制作的",COCA_abridged
impractical,imˈpræktikәl,a.,"不切实际的, 不能实行的, 不现实的, 不合情理的",COCA_abridged
revamp,riːˈvæmp,vt.,"换新鞋面, 修理, 修补, 修改",COCA_abridged
embedded,imˈbedid,a.,"植入的, 内含的, 深入的",COCA_abridged
year-long,jəː lɔŋ,a.,"长达一年的, 一年之久的",COCA_abridged
consensual,kәnˈsensjuәl,a.,"一致同意的, 各方同意的; 交感的, 同感的",COCA_abridged
hormonal,hɒːˈmәunәl,a.,荷尔蒙的,COCA_abridged
fertilization,ˌfәːtilaiˈzeiʃәn,n.,"使肥沃,  施肥; 受精, 授精",COCA_abridged
uncontrollable,ˌʌnkәnˈtrәulәbl,a.,无法控制的,COCA_abridged
migraine,"ˈmiːgrein, ˈmai-",n.,偏头痛,COCA_abridged
ply,plai,n.,"厚度, 板层 vt. 使用, 使劲挥舞, 从事, 折, 弯 vi. 辛勤工作, 定期航行",COCA_abridged
cadmium,ˈkædmiәm,n.,镉,COCA_abridged
precondition,ˌpriːkәnˈdiʃәn,vt.,"事先准备, 事先处理 n. 先决条件, 前提",COCA_abridged
extracurricular,ˌekstrәkәˈrikjulә,a.,"课外的, 业余的",COCA_abridged
sister-in-law,,n.,"夫(或妻)的姊妹, 嫂子, 弟媳",COCA_abridged
medium-sized,ˈmiːdiәmˈsaizd,a.,"中型的, 中等大小的",COCA_abridged
observational,ˌɔbzәˈveiʃәnәl,a.,"观察的, 观测的",COCA_abridged
covering,ˈkʌvәriŋ,n.,"覆盖物, 掩蔽物 a. 掩护的, 掩盖的",COCA_abridged
standout,ˈstændaut,n.,"杰出的人 a. 杰出的, 出色的",COCA_abridged
dredge,dredʒ,n.,"挖泥机, 拖网 vt. 用挖泥机疏浚,",COCA_abridged
dredge,dredʒ,,(用船)采捞,COCA_abridged
instil,inˈstil,vt.,"滴注, 逐渐灌输, 不断灌输",COCA_abridged
chime,tʃaim,n.,"钟声, 钟, 和谐 vi. 鸣, 奏出谐和的乐声, 和谐 vt. 敲出和谐的声音, 打钟报时, 重复说",COCA_abridged
winged,wiŋd,a.,"有翼的, 高速的, 迅速的, 飞行的, 翼受伤的",COCA_abridged
posh,pɒʃ,a.,"豪华的, 漂亮的, 优雅的, 极好的 interj. 呸",COCA_abridged
stand-up,,a.,"站立的, 直立的",COCA_abridged
seaweed,ˈsiːwiːd,n.,"海草, 海藻",COCA_abridged
eel,iːl,n.,鳗鱼,COCA_abridged
primordial,praiˈmɒːdiәl,a.,"原生的, 原始的, 自原始时代的",COCA_abridged
urn,әːn,n.,"瓮, 缸; 骨灰瓮, 坟墓",COCA_abridged
manslaughter,ˈmænslɒːtә,n.,"杀人, 过失杀人罪",COCA_abridged
stripper,ˈstripә,n.,"脱衣舞演员; 剥...的人, 刮毛器, 折卸器, 剥皮器; 低产井, 枯竭井",COCA_abridged
newscast,ˈnjuːzkɑːst,n.,新闻广播,COCA_abridged
angst,æŋst,n.,"焦虑, 疑惧",COCA_abridged
nonstop,nɒnˈstɒp,a.,"直达的, 不着陆的, 不休息的 adv. 不休息地 n. 直达车, 直达行驶",COCA_abridged
custard,ˈkʌstәd,n.,蛋奶糕,COCA_abridged
configure,kәnˈfigә,vt.,"装配, 使成形",COCA_abridged
pornographic,ˌpɒːnәˈgræfik,a.,"淫秽的, 色情的, 色情画的, 色情文字的",COCA_abridged
secluded,siˈkluːdid,a.,"隐退的, 隐蔽的",COCA_abridged
handcuff,ˈhændkʌf,vt.,给...戴上手铐 n. 手铐,COCA_abridged
eyelash,ˈailæʃ,n.,睫毛,COCA_abridged
behemoth,biˈhiːmɔθ,n.,庞然大物,COCA_abridged
wisp,wisp,n.,"小把, 小物体, 纤细的东西 vt. 把...卷成小把",COCA_abridged
sheltered,,a.,"受庇护的, 受保护的",COCA_abridged
elitist,eiˈlitist,n.,"优秀人材, 杰出人材 a. 优秀人材的, 杰出人材的",COCA_abridged
one-man,,a.,"只需要一个人的, 由一个人经营的, 由一个人做的, 由一个人组成的",COCA_abridged
marinate,ˈmærineit,vt.,用腌泡汁腌/泡(肉/鱼),COCA_abridged
geneticist,dʒiˈnetisist,n.,遗传学家,COCA_abridged
father-in-law,ˈfɑːðәrinlɔː,n.,"公公, 岳父",COCA_abridged
glint,glint,n.,"闪光, 一闪 vi. 闪耀, 闪闪发光, 反射, 迅速移动 vt. 使发光, 使闪光",COCA_abridged
crazed,kreizd,a.,癫狂的; 疯狂的,COCA_abridged
two-dimensional,,a.,两维的,COCA_abridged
psychotic,saiˈkɒtik,a.,精神病的 n. 精神病患者,COCA_abridged
mainstay,ˈmeinstei,n.,"主桅支索, 支柱, 中流砥柱",COCA_abridged
sprinkler,ˈspriŋklә,n.,"洒水车, 洒水器",COCA_abridged
wiry,ˈwaiәri,a.,"金属线制的, 瘦长结实的",COCA_abridged
nutritious,njuːˈtriʃәs,a.,"滋养的, 有营养的",COCA_abridged
nutritionist,njuːˈtriʃәnist,n.,营养学家,COCA_abridged
Filipino,ˌfiliˈpiːnәu,n.,菲律宾人,COCA_abridged
nah,nɑː,a.,"没有; 很少, 很小",COCA_abridged
unquestionably,,adv.,"毫无疑问, 不成问题, 无可非议, 确实",COCA_abridged
little-known,ˈlɪtlnˈəʊn,a.,鲜为人知的,COCA_abridged
deafening,ˈdefәniŋ,a.,震耳欲聋的,COCA_abridged
borrowed,ˈbɒrәud,a.,"借来的, 伪造的, 虚构的",COCA_abridged
polyester,ˌpɒliˈestә,n.,聚酯,COCA_abridged
hooker,ˈhukә,n.,用钩子的人; 妓女; 小渔船,COCA_abridged
evolving,,a.,展开的; 进化的,COCA_abridged
well-established,ˈweliˈstæbliʃt,a.,建立起地位的; 得到确认的,COCA_abridged
stereotypical,ˌsteriəˈtipikl,a.,典型的; 带有成见的,COCA_abridged
politicize,pәˈlitisaiz,vi.,搞政治 vt. 使具有政治性,COCA_abridged
forcibly,ˈfɒːsәbli,adv.,"强制地, 用力地",COCA_abridged
unrestricted,ˌʌnriˈstriktid,a.,无限制的,COCA_abridged
sonic,ˈsɒnik,a.,"音波的, 音速的, 声音的",COCA_abridged
brooding,ˈbruːdiŋ,a.,"沉思的; 低覆的, 笼罩的; 森森然逼压的",COCA_abridged
inherited,inˈheritid,a.,遗传的; 继承权的; 通过继承得到的,COCA_abridged
beep,biːp,n.,"短而尖的声音, 嘟 v. 嘟嘟响",COCA_abridged
constitutionally,ˌkɔnstiˈtjuːʃәnәli,adv.,"本质地, 天生, 体质上",COCA_abridged
implied,ˈimplaid,a.,"暗指的, 含蓄的",COCA_abridged
intercom,ˈintәkɔm,n.,"内部通信, 内部通话系统",COCA_abridged
inefficiency,ˌiniˈfiʃәnsi,n.,"无效率, 无能",COCA_abridged
tote,tәut,vt.,"提, 负, 携带, 加, 合计 n. 负担, 携带",COCA_abridged
doubly,ˈdʌbli,adv.,"加倍地, 双重地",COCA_abridged
geek,giːk,n.,"反常的人; 畸形人; （俚）极客, 即智力超群, 善于钻研但不懂与人交往的怪才",COCA_abridged
Syrian,ˈsiriәn,n.,"叙利亚人, 叙利亚语 a. 叙利亚语的, 叙利亚人的",COCA_abridged
battleship,ˈbætlʃip,n.,"战列舰, 主力舰",COCA_abridged
dripping,ˈdripiŋ,n.,"滴, 滴下物, 水滴",COCA_abridged
funk,fʌŋk,n.,"怯懦, 恐惧, 臭味 vt. 畏缩, 害怕, 使闻到臭味 vi. 惊恐, 发出臭味",COCA_abridged
consolidated,kәnˈsɔlideitid,a.,整理过的; 巩固的; 统一的,COCA_abridged
monoxide,mɒˈnɒksaid,n.,一氧化物,COCA_abridged
skylight,ˈskailait,n.,天窗,COCA_abridged
archival,ɑː ˈkaivәl,a.,"档案的, 档案中的",COCA_abridged
retardation,ˌriːtɑːˈdeiʃәn,n.,"迟延, 妨碍, 阻止; 智力迟钝",COCA_abridged
methodist,ˈmeθәdist,n.,墨守成规者,COCA_abridged
musically,ˈmjuːzikli,adv.,音乐上,COCA_abridged
downhill,ˈdaunˈhil,a.,"下坡的 adv. 下坡, 向下",COCA_abridged
mater,ˈmeitә,n.,母亲,COCA_abridged
uncontrolled,ˌʌnkәnˈtrәuld,a.,"不受抑制的, 不受控制的, 自由的",COCA_abridged
nozzle,ˈnɒzl,n.,"管口, 喷嘴, 喷口",COCA_abridged
banned,,a.,被禁的,COCA_abridged
cashmere,ˈkæʃmiә,n.,"开士米, 山羊绒",COCA_abridged
tortoise,ˈtɒːtәs,n.,龟; 行动迟缓的人,COCA_abridged
payout,ˈpeiˈaut,n.,"支出, 花费, 付出款项",COCA_abridged
dispatcher,disˈpætʃә,n.,"发送者, 配车员, 调度员 [计] 调度程序; 调度器",COCA_abridged
dislocation,dislouˈkeiʃәn,n.,"脱臼, 转位, 混乱",COCA_abridged
popularize,ˈpɒpjulәraiz,vt.,"使成通俗性, 使平易, 使普及 vi. 通俗化",COCA_abridged
philharmonic,ˌfilɑːˈmɒnik,a.,"爱好音乐的, 交响乐团的, 爱乐团体的 n. 音乐爱好者, 音乐协会, 音乐会, 交响乐团",COCA_abridged
juniper,ˈdʒuːnipә,n.,刺柏; 桧柏,COCA_abridged
skid,skid,vt.,"刹住, 滚滑 vi. 打滑 n. 刹车, 滑动垫木",COCA_abridged
guarded,ˈgɑːdid,a.,"被防护着的, 被监视着的, 警戒着的",COCA_abridged
Lithuanian,ˌliθjuːˈeiniәn,n.,"立陶宛人 a. 立陶宛的, 立陶宛人的, 立陶宛语的",COCA_abridged
fiberglass,ˈfaibәglɑːs,n.,"玻璃纤维, 玻璃丝",COCA_abridged
chronological,ˌ krɔnәˈlɔdʒikәl,a.,"编年的, 按时间顺序的, 按年月日顺序的",COCA_abridged
wastewater,ˈweistwɔːtә,n.,废水,COCA_abridged
hotline,ˈhɔtlain,n.,"热线电话, 咨询电话; 热线",COCA_abridged
eleventh,iˈlevnθ,num.,"第十一, 十一分之一",COCA_abridged
Parisian,pәˈrizjәn,n.,"巴黎人 a. 巴黎的, 巴黎人的",COCA_abridged
siding,ˈsaidiŋ,n.,"侧线, 旁轨, 边宽",COCA_abridged
Pakistani,ˌpɑːkiˈstɑːni,a.,巴基斯坦的 n. 巴基斯坦人,COCA_abridged
chassis,ˈʃæsi,n.,底盘,COCA_abridged
miniseries,ˈmɪnisɪəriːz,n.,电视连续短剧,COCA_abridged
landscaping,ˈlænd.skeipiŋ,n.,景观美化,COCA_abridged
cod,kɒd,n.,"鳕; 欺骗, 愚弄 v. 欺骗, 愚弄",COCA_abridged
fore,fɒː,a.,"在前的, 以前的 adv. 在前面, 在船头 prep. 在...前",COCA_abridged
centrist,ˈsentrist,n.,"中间派议员, 中立派议员, 温和主义者",COCA_abridged
crepe,kreip,n.,"绉丝, 绉呢, 绉绸; 小而极薄的烤饼",COCA_abridged
Celtic,ˈkeltik; ˈseltik,a.,"凯尔特族的, 凯尔特语的 n. 凯尔特语",COCA_abridged
eerily,,a.,怪诞的; 奇异的; 可怕的,COCA_abridged
valet,ˈvælit,n.,贴身男仆 vt. 伺候,COCA_abridged
age-old,ˈeidʒәjld,a.,古老的,COCA_abridged
elf,elf,n.,"小精灵, 矮人, 淘气鬼",COCA_abridged
liturgical,liˈtәːdʒikl,a.,礼拜仪式的,COCA_abridged
prioritize,ˈpraiәritaiz,vt.,"按优先次序列出, 优先考虑",COCA_abridged
ya,ˈjә,abbr.,年轻人（young adult）; 偏航轴（yaw axis）,COCA_abridged
gubernatorial,ˌgjuːbәnәˈtɒːriәl,a.,"州长的, 统治者的",COCA_abridged
binding,ˈbaindiŋ,n.,"装订; 汇集; 绑定, 捆绑",COCA_abridged
snowstorm,ˈsnәustɒːm,n.,暴风雪,COCA_abridged
sioux,suː,a.,苏人的; 苏语的,COCA_abridged
postmodernism,ˌpəʊstˈmɒdənɪzəm,n.,后现代主义,COCA_abridged
Australian,ɒˈstreiljәn,n.,"澳大利亚人 a. 澳大利亚的, 澳洲的, 澳洲人的",COCA_abridged
mummy,ˈmʌmi,n.,"干尸, 木乃伊, 瘦而干瘪之人, 妈咪",COCA_abridged
Armenian,ɑːˈmiːnjәn,a.,"亚美尼亚的, 亚美尼亚人的 n. 亚美尼亚人, 亚美尼亚语",COCA_abridged
reconnect,ˌriːkәˈnekt,vt.,使再接合,COCA_abridged
major-league,ˈmeidʒəˈliːɡ,a.,"第一流的, 成功的; 职业体育总会的; 非常重要的, 有影响力的",COCA_abridged
believable,biˈliːvәbl,a.,可信的,COCA_abridged
potency,ˈpәutәnsi,n.,"力量, 权力, 效力",COCA_abridged
workday,,n.,"工作日,",COCA_abridged
workday,,,(一天的)工作时数,COCA_abridged
unfit,ˌʌnˈfit,a.,"不适当的, 不胜任的, 不健康的 vt. 使不相宜, 使不合格",COCA_abridged
veranda,vәˈrændә,n.,"阳台, 走廊",COCA_abridged
personalize,ˈpәːsәnәlaiz,,vt.,COCA_abridged
personalize,ˈpәːsәnәlaiz,,"(贬)使个人化, 体现, 使人格化, 在(物品)上标明姓名/标出地址/标出记号",COCA_abridged
mantel,ˈmæntәl,n.,壁炉架,COCA_abridged
archbishop,ˈɑːtʃˈbiʃәp,n.,大主教,COCA_abridged
full-size,ˈfjlˈsaiz,,"完全长大的, 全身的, 全尺寸的",COCA_abridged
communicator,kәˈmjuːnikeitә,n.,"传播者, 通信装置, 列车内通话装置",COCA_abridged
run-down,,a.,"荒芜的, 疲惫的",COCA_abridged
intestinal,inˈtestinәl,a.,"肠的, 肠内的",COCA_abridged
drop-off,ˈdrɔpɔf,n.,"下降, 减少",COCA_abridged
Romanian,ruːˈmeiniәn,n.,"罗马尼亚人, 罗马尼亚语 a. 罗马尼亚的",COCA_abridged
dreaded,,a.,"令人畏惧的, 可怕的",COCA_abridged
decentralized,,a.,"分散化, 分散式; 分散管理的; 分散的; 去中心化",COCA_abridged
clipboard,ˈklipbɒːd,n.,"有纸夹的写字板, 剪贴板",COCA_abridged
gypsy,ˈdʒipsi,n.,"吉卜赛人, 吉卜赛语 a. 象吉卜赛人的 vi. 流浪",COCA_abridged
Eucharist,ˈjuːkәrist,n.,圣餐,COCA_abridged
swimsuit,ˈswimsjuːt,n.,游泳衣,COCA_abridged
upland,ˈʌplәnd,n.,"山地, 高地, 高原 a. 高地的, 山地的",COCA_abridged
conversational,ˌkɒnvәˈseiʃәnl,a.,"会话的, 对话的, 健谈的",COCA_abridged
jeweler,ˈdʒuːәlә(r),n.,"宝石商, 宝石匠, 珠宝商",COCA_abridged
backside,ˌbækˈsaid,n.,"背部, 背后, 后方",COCA_abridged
vigilance,ˈvidʒilәns,n.,"警戒, 警觉, 失眠症",COCA_abridged
confrontational,ˌkɒnfrʌnˈteɪʃnl,a.,挑衅的; 对抗的,COCA_abridged
rubric,ˈruːbrik,n.,"类目; （书本、试卷等上的）按语, 说明, 提示",COCA_abridged
rework,riːˈwәːk,vt.,"重做, 修订, 修改, 再制, 再加工",COCA_abridged
self-image,ˈselfˈimidʒ,n.,自我形象,COCA_abridged
distrust,disˈtrʌst,n.,不信任 vt. 不信任,COCA_abridged
exhibitor,igˈzibitә(r),,n.,COCA_abridged
exhibitor,igˈzibitә(r),,"(展览会的)参加者, 展出者; 电影院经理, 电影院老板, 电影放映者",COCA_abridged
observable,әbˈzәːvәbl,a.,显著的; 觉察得到的; 看得见的 n. 可观察量; 感觉到的事物,COCA_abridged
philanthropy,fiˈlænθrәpi,n.,"慈善, 仁慈, 博爱, 慈善事业, 慈善机构(团体)",COCA_abridged
recount,riˈkaunt,vt.,"详述, 叙述, 重新计算 n. 重新计算",COCA_abridged
hotly,ˈhɒtli,adv.,"暑热地, 激烈地, 热心地",COCA_abridged
chimp,tʃimp,n.,黑猩猩,COCA_abridged
heavy-duty,,a.,"重型的, 关税重的",COCA_abridged
hilltop,ˈhiltɒp,n.,小山顶,COCA_abridged
albanian,ælˈbeinjәn,n.,阿尔巴尼亚人,COCA_abridged
unbroken,ˈʌnˈbrәukәn,a.,"未破损的, 未被征服的, 未打垮的, 不屈服的, 不涣散的, 整齐的, 未中断的",COCA_abridged
confluence,ˈkɒnfluәns,n.,"合流, 合流点, 集合, 人群",COCA_abridged
stockpile,ˈstɒkpail,n.,"储蓄, 积蓄, 库存 vt. 储蓄, 贮存",COCA_abridged
saxophone,ˈsæksәfәun,n.,萨克斯管,COCA_abridged
crusty,ˈkrʌsti,a.,"有硬皮的, 易怒的; 硬的, 有壳的, 似外皮的",COCA_abridged
innovator,ˈinәuveitә,n.,"改革者, 创新者",COCA_abridged
limitless,ˈlimitlis,a.,"无限的, 无界限的",COCA_abridged
striker,ˈstraikә,n.,"打击者, 罢工者",COCA_abridged
Creole,ˈkriːәul,n.,"克里奥耳人, 克里奥耳语, 克里奥耳人所讲的法语 a. 克里奥耳人的, 克里奥耳式法语的",COCA_abridged
kidnapper,,n.,"诱拐者, 拐骗犯, 绑架者",COCA_abridged
pre-existing,ˌpriːɪgˈzɪstɪŋ,a.,"先已存在的, 早已存在的, 业已存在的",COCA_abridged
rowing,ˈrәuiŋ,n.,划船,COCA_abridged
hegemonic,ˌhedʒiˈmɒnik,a.,"支配的, 霸权的",COCA_abridged
forecaster,ˈfɔːkɑːstә,n.,预报员,COCA_abridged
puzzling,ˈpʌzliŋ,a.,"使迷惑的, 把人难住的",COCA_abridged
immunization,ˌimjuːnaiˈzeiʃәn,n.,免疫,COCA_abridged
wafer,ˈweifә,n.,"薄酥饼, 圣饼, 晶片, 圆片, 干胶片 vt. 用干胶片封",COCA_abridged
fiancee,fiˈɒnsei,n.,未婚妻,COCA_abridged
mellow,ˈmelәu,a.,"成熟的, 醇的, 熟练的",COCA_abridged
vowel,ˈvauәl,n.,元音 a. 元音的,COCA_abridged
chunky,ˈtʃʌŋki,a.,矮矮胖胖的,COCA_abridged
Swede,swiːd,n.,瑞典人,COCA_abridged
lite,lait,a.,"低糖的, 低脂的, 低酒精的; 清淡的; 简化的",COCA_abridged
fanciful,ˈfænsiful,a.,"奇怪的, 稀奇的, 想像的",COCA_abridged
aching,ˈeikiŋ,a.,"疼痛的, 使人痛苦的",COCA_abridged
tax-free,,a.,"免税的, 无税的, 上过税的",COCA_abridged
weaver,ˈwiːvә,n.,"织布者, 织工",COCA_abridged
old-time,,a.,"从前的, 旧式的, 老练的",COCA_abridged
bathrobe,ˈbɑːθrәub,n.,浴衣,COCA_abridged
blackberry,ˈbrækbәri,n.,黑莓,COCA_abridged
partisanship,ˈpɑːtәznʃip,n.,"党派性, 党派偏见, 对党派的忠诚",COCA_abridged
vested,ˈvestid,a.,"穿衣服的, 既得的, 既定的, 法定的",COCA_abridged
hydrocarbon,ˌhaidrәuˈkɑːbәn,n.,烃; 碳氢化合物,COCA_abridged
crony,ˈkrәuni,n.,"密友, 亲密伙伴, 好朋友",COCA_abridged
cheesecake,ˈtʃiːzkeik,n.,"干酪饼, 半裸体的女人照片",COCA_abridged
pelvis,ˈpelvis,n.,"骨盆; 盂, 肾盂",COCA_abridged
screenwriter,ˈskriːnraitә,n.,"电影剧本作家, 编剧家",COCA_abridged
balsamic,bɒːlˈsæmik,a.,香膏或香脂的; 如香油的; 有镇静作用的,COCA_abridged
sinful,ˈsinful,a.,"有罪的, 罪孽深重的",COCA_abridged
doctrinal,ˈdɒktrinәl,a.,"教义的, 教诲的, 学说的",COCA_abridged
lowly,ˈlәuli,a.,"地位低的, 卑下的, 谦卑的 adv. 位置低下的, 低声地, 谦逊地",COCA_abridged
decorator,ˈdekәreitә,n.,"装饰家, 裱糊工, 室内外墙壁油漆工, 制景人员",COCA_abridged
unease,ˌʌnˈiːz,n.,心神不安; 担心; 忧虑,COCA_abridged
adapter,әˈdæptә,n.,"适应者, 改编者; 适配器, 适配卡",COCA_abridged
cornfield,ˈkɒːnfiːld,n.,玉米田,COCA_abridged
deflate,diˈfleit,vt.,"放气, 抽出空气, 使缩小 vi. 缩小",COCA_abridged
newlywed,ˈnjuːliwed,n.,"新(婚的)人, 新婚夫妇",COCA_abridged
fullness,ˈfulnis,n.,"满, 充满, 丰富",COCA_abridged
snowball,ˈsnәubɒːl,n.,"雪球, 果味冰霜卷, 滚雪球式的募捐法 vt. 向...丢雪球, 使滚雪球般增长 vi. 打雪仗, 滚雪球般增长",COCA_abridged
polluted,pәˈluːtid,a.,"被污染的, 被玷污的,",COCA_abridged
polluted,pәˈluːtid,,(美)(非正式)喝得烂醉的,COCA_abridged
Apache,әˈpætʃi,n.,阿帕切族(美洲印第安部族),COCA_abridged
forested,,a.,草木丛生的,COCA_abridged
equatorial,ˌekwәˈtɒːriәl,a.,"近赤道的, 赤道的",COCA_abridged
lymph,limf,n.,"淋巴, 浆, 苗",COCA_abridged
percentile,pәˈsentail,n.,百分位数,COCA_abridged
piping,ˈpaipiŋ,n.,"吹笛, 笛声, 管道, 尖锐声音, 衣服滚边 a. 吹笛的, 高音的, 平静的, 乐声优雅的",COCA_abridged
clatter,ˈklætә,n.,"咔嗒声, 哗啦声, 嘈杂的谈笑声 vi. 发出哗啦声, 喧闹的谈笑 vt. 使咔嗒咔嗒地响",COCA_abridged
pragmatism,ˈprægmәtizm,n.,"实用主义, 干涉主义, 独断",COCA_abridged
predicate,ˈpredikәt,n.,"谓语, 谓项 a. 谓语的 vt. 断定为, 使基于, 意味着, 预言 vi. 断言",COCA_abridged
substrate,ˈsʌbstreit,n.,基质; 基片; 底层（等于substratum）; 酶作用物,COCA_abridged
forefinger,ˈfɒːfiŋgә,n.,食指,COCA_abridged
morphine,ˈmɒːfiːn,n.,吗啡,COCA_abridged
questioning,ˈkwestʃәniŋ,n.,"审问, 讯问, 质问",COCA_abridged
inlet,ˈinlet,n.,"水湾, 小湾, 小港; 入口, 进口; 投料口, 供料口",COCA_abridged
enlargement,inˈlɑːdʒmәnt,n.,"扩大, 肿大, 肥大, 增大, 放大的照片, 放大, 扩建部分, 增补物, 扩展",COCA_abridged
homemaker,ˈhәummeikә,n.,"主妇, 操持家务者",COCA_abridged
outgrow,ˌautˈgrәu,vt.,"过大而不适于, 长得比...高(或大、快), 成长得不再具有...",COCA_abridged
Buddhist,ˈbudist,n.,佛教徒 a. 佛教的,COCA_abridged
brownie,ˈbrauni,n.,界仁巧克力饼,COCA_abridged
stave,steiv,n.,"狭板, 梯级, 棍棒, 诗句 vt. 击穿, 弄破, 敲打, 赶走 vi. 穿孔, 破碎",COCA_abridged
inverted,inˈvәːtid,a.,"倒转的, 反向的",COCA_abridged
interchange,ˌintәˈtʃeindʒ,n.,"立体交叉道, 互换 vt. 交换, 互换 vi. 交替发生",COCA_abridged
unlucky,ˌʌnˈlʌki,a.,"不吉利的, 不祥的, 不幸的",COCA_abridged
madly,ˈmædli,adv.,"发狂地, 精神失常地, 愚蠢地",COCA_abridged
unsolved,ˈʌnˈsɔlvd,a.,"未解释的, 未解决的",COCA_abridged
penetrating,ˈpenitreitiŋ,a.,"敏锐的, 尖锐的, 伸入很深的, 了解透彻的",COCA_abridged
wriggle,ˈrigl,n.,"蠕动, 蜿蜒 vi. 蠕动, 蜿蜒前进, 摆脱 vt. 使扭动, 扭动着爬",COCA_abridged
parting,ˈpɑːtiŋ,n.,"告别, 分歧处, 分界点 a. 离别的, 逝去的, 分隔的",COCA_abridged
snowmobile,ˈsnәumәubiːl,n.,雪上机动车,COCA_abridged
amber,ˈæmbә,n.,"琥珀, 琥珀色 a. 琥珀色的, 琥珀似的",COCA_abridged
outsource,autˈsɔːs,vt.,把…外包,COCA_abridged
spooky,ˈspuːki,a.,"幽灵一般的, 吓人的, 令人毛骨悚然的",COCA_abridged
giver,ˈgivә,n.,"给予者, 赠予人",COCA_abridged
critter,ˈkritә,n.,小动物; 小生物,COCA_abridged
Portuguese,ˌpɒːtjuˈgiːz,n.,"葡萄牙人, 葡萄牙语 a. 葡萄牙的, 葡萄牙人的, 葡萄牙语的",COCA_abridged
oops,uːps,,interj.,COCA_abridged
oops,uːps,,(表示惊讶、沮丧、谢罪等)哎哟,COCA_abridged
reciprocity,ˌresiˈprɒsiti,n.,"相互性, 互惠性, 相关性, 相互作用",COCA_abridged
knockout,ˈnɔˈkaut,,n.,COCA_abridged
knockout,ˈnɔˈkaut,,"(拳击)击倒对方, 被击倒, 击倒,",COCA_abridged
knockout,ˈnɔˈkaut,,"(非正式)令人倾慕的人/物, 轰动的事物 a. 击倒的, 引人注目的, 轰动的, 使昏迷的",COCA_abridged
payback,,n.,偿付; 投资的回报; 报复,COCA_abridged
transcendence,trænˈsendәns,n.,"超越, 卓越, 卓绝",COCA_abridged
informally,,adv.,非正式地; 不拘礼节地,COCA_abridged
slang,slæŋ,n.,"俚语 v. 辱骂, 用俚语说",COCA_abridged
latex,ˈleiteks,n.,"乳液, 胶乳",COCA_abridged
vis-a-vis,viːzɑːˈviː,n.,"面对面的人, 相向的座位 a. 面对面的 adv. 面对面地, 相向着, 相对着",COCA_abridged
pluralistic,ˌpluәrәˈlistik,a.,"兼职的, 多元论的",COCA_abridged
brotherhood,ˈbrʌðәhud,n.,"手足情谊, 兄弟关系",COCA_abridged
neurologist,njuˈrɒlәdʒist,n.,"神经病学者, 神经科医师",COCA_abridged
toothpick,ˈtuːθpik,n.,牙签,COCA_abridged
distaste,ˌdisˈteist,n.,"讨厌, 嫌恶",COCA_abridged
inpatient,ˈinpeiʃәnt,n.,住院病人,COCA_abridged
whisker,ˈhwiskә,n.,"腮须, 胡须, 一丝儿",COCA_abridged
mascara,mæˈskɑːrә,n.,染眉毛油 vt. 在...上涂染眉毛油,COCA_abridged
rerun,riːˈrʌn,n.,"重新开动, 再度上演 vt. 重新开动, 再度上演",COCA_abridged
sanctity,ˈsæŋktiti,n.,"神圣, 尊严, 不可侵犯性, 神圣的义务",COCA_abridged
apathy,ˈæpәθi,n.,"无感情, 无兴趣, 冷漠",COCA_abridged
typing,ˈtaipiŋ,n.,"打字, 键入",COCA_abridged
misuse,ˌmisˈjuːz,n.,"误用, 滥用 vt. 误用, 滥用, 虐待",COCA_abridged
experiential,ik.spiәriˈenʃәl,a.,"经验的, 根据经验的, 经验上的",COCA_abridged
confessional,kәnˈfeʃәnl,a.,"自白的, 忏悔的 n. 告解室",COCA_abridged
yearbook,ˈjiәbuk,n.,年鉴,COCA_abridged
bran,bræn,n.,"糠, 麸",COCA_abridged
desegregation,ˌdiːsegriˈgeiʃәn,n.,废止种族隔离,COCA_abridged
recoup,riˈkuːp,vt.,"偿还, 赔偿, 补偿, 扣除 vi. 补偿损失",COCA_abridged
predate,ˈpriːˈdeit,vt.,"倒填...的日期, 把...的日期填早, 在日期上早于, 在日期上先于",COCA_abridged
vet,vet,n.,"兽医 vi. 当兽医 vt. 诊断, 检审",COCA_abridged
decision-maker,,n.,决策人,COCA_abridged
flip-flop,ˈflipflɔp,n.,"啪嗒啪嗒的响声, 向后翻的筋斗, 突然改变, 触发器",COCA_abridged
Sudanese,suːdәˈniːz,a.,"苏丹的, 苏丹人的 n. 苏丹人",COCA_abridged
pheasant,ˈfeznt,n.,"雉鸡, 野鸡, 雉科鸟",COCA_abridged
tweed,twiːd,,n.,COCA_abridged
tweed,twiːd,,"(粗)花呢, 花呢服装",COCA_abridged
grizzly,ˈgrizli,a.,"略为灰色的, 呈灰色的 n. 灰熊",COCA_abridged
font,fɒnt,n.,"字体, 字形, 洗礼盘, 泉",COCA_abridged
Apache,әˈpætʃi,n.,阿帕切族(美洲印第安部族),COCA_abridged
time-out,ˈtaimˈajt,n.,暂停; 超时,COCA_abridged
teeming,ˈtiːmiŋ,a.,"充满的, 群集的, 多产的",COCA_abridged
dialectic,daiәˈlektik,a.,"辩证的, 辩证法的 n. 辩证法, 逻辑论证",COCA_abridged
andean,"ˈændiәn, ænˈdiːәn",a.,安第斯山脉的,COCA_abridged
traditionalist,,n.,"传统主义者, 因循守旧者",COCA_abridged
reservist,riˈzәːvist,n.,后备军人,COCA_abridged
buttermilk,ˈbʌtәmilk,n.,"脱脂乳, 酪乳",COCA_abridged
never-ending,"ˈnevәr,endiŋ",a.,"不停的, 无限的",COCA_abridged
awash,әˈwɒʃ,a.,"与水面齐平的, 被浪冲打的",COCA_abridged
norman,ˈnɔːmәn,a.,诺曼第语的; 诺曼第人的,COCA_abridged
oncoming,ˈɒnkʌmiŋ,a.,"接近的, 即将到来的, 新兴的 n. 来临",COCA_abridged
revisionist,riˈviʒәnist,n.,修正主义者 a. 修正主义的,COCA_abridged
grinding,ˈgraindiŋ,a.,"刺耳的, 沉重的, 剧烈的 [化] 研磨; 磨碎",COCA_abridged
unspecified,ˈʌnˈspesifaid,a.,"未特别指出的, 未特别提到的",COCA_abridged
cove,kәuv,n.,"山凹, 小湾 v.",COCA_abridged
cove,kәuv,,"(使)内凹,",COCA_abridged
cove,kәuv,,(使)成拱形,COCA_abridged
nonlinear,nɒnˈliniә,a.,非线性的,COCA_abridged
snowfall,ˈsnәufɒːl,n.,"降雪, 降雪量",COCA_abridged
crunchy,ˈkrʌntʃi,a.,发嘎吱嘎吱声的,COCA_abridged
townhouse,ˈtaʊnhaʊz,n.,连栋房屋; 城市住房,COCA_abridged
namesake,ˈneimseik,n.,"同名人, 同名物",COCA_abridged
safari,sәˈfɑːri,n.,"旅行, 旅行队, 科学考察",COCA_abridged
sickly,ˈsikli,a.,"病弱的, 令人不快的, 无精打采的 adv. 病态地 vt. 使现病容",COCA_abridged
importer,imˈpɒːtә,n.,"进口商, 输入者",COCA_abridged
saw,sɒː,n.,"锯子, 谚语 vt. 锯, 锯开, 来回移动 vi. 拉锯, 移动",COCA_abridged
blurry,ˈblәːri,a.,"模糊的, 不清楚的, 污脏的",COCA_abridged
tequila,tәˈkiːlә,n.,"蒸馏酒, 龙舌兰酒",COCA_abridged
acne,ˈækni,n.,"痤疮, 粉刺",COCA_abridged
gratifying,ˈgrætifaiiŋ,a.,"悦人的, 令人满足的",COCA_abridged
unattractive,ˌʌnәˈtræktiv,a.,"无吸引力的, 无魅力的, 乏味的, 不美的",COCA_abridged
sclerosis,skliәˈrәusis,n.,"硬化症, 硬化, 僵化",COCA_abridged
cockroach,ˈkɒkrәutʃ,n.,蟑螂,COCA_abridged
cortex,ˈkɒːteks,,n.,COCA_abridged
cortex,ˈkɒːteks,,"(树)皮; 皮质, 皮层",COCA_abridged
bellow,ˈbelәu,v.,怒吼,COCA_abridged
mistrust,ˌmisˈtrʌst,n.,"不信任, 疑惑 v. 不信任, 疑惑",COCA_abridged
keynote,ˈkiːnәut,n.,"主调音, 基音, 基调 vt. 说明基本政策, 定基调",COCA_abridged
Moroccan,mәˈrɒkәn,a.,摩洛哥的 n. 摩洛哥人,COCA_abridged
physique,fiˈziːk,n.,"体格, 体形",COCA_abridged
lieu,luː,n.,场所,COCA_abridged
emergent,iˈmәːdʒәnt,a.,"紧急的, 浮现的, 出现的, 自然发生的",COCA_abridged
lifeline,ˈlaiflain,n.,"救生索, 生命线",COCA_abridged
recharge,riːˈtʃɑːdʒ,vt.,"再充电, 再装填, 再控告, 再袭击 vi. 再袭击 n. 再袭击, 再装填",COCA_abridged
wanting,ˈwɒntiŋ,a.,"欠缺的, 不足的, 不够格的 prep. 没有, 缺少",COCA_abridged
broad-based,ˈbrɔːdbeist,a.,"无限的, 包含广泛的",COCA_abridged
malnutrition,ˌmælnjuːˈtriʃәn,n.,"营养失调, 营养不良",COCA_abridged
immediacy,iˈmiːdiәsi,n.,"直接, 目前, 迫切需要的事物",COCA_abridged
signed,saind,a.,有符号的; 有正负之分的; 已签字的,COCA_abridged
softness,ˈsɒftnis,n.,"柔和, 温柔",COCA_abridged
unsuspecting,ˌʌnsәˈspektiŋ,a.,"不怀疑的, 无疑虑的, 信任的",COCA_abridged
mockery,ˈmɒkәri,n.,"嘲弄, 笑柄, 歪曲",COCA_abridged
unexplained,,adj.,原因不明的; 未做解释的,COCA_abridged
typify,ˈtipifai,vt.,"代表, 象征, 为...之典型",COCA_abridged
remake,riˈmeik,vt.,"再作, 再制, 重作 n. 再制, 改作, 重制物",COCA_abridged
devalue,diːˈvæljuː,,"vt.vi. 降低...的价值, 贬值, 降低价值, 使(货币)贬值",COCA_abridged
townspeople,ˈtajnzpiːp(ә)l,n.,"镇民, 市民, 城里生长的人, 城镇居民",COCA_abridged
renal,ˈriːnl,a.,"肾脏的, 肾的",COCA_abridged
unrelenting,ˌʌnriˈlentiŋ,a.,无情的; 不屈不挠的; 不松懈的,COCA_abridged
shrapnel,ˈʃræpnәl,n.,"零钱, 榴霰弹, 弹片",COCA_abridged
tattoo,tәˈtuː,n.,"归营号, 有节奏的敲击, 文身, 矮种马 vt. 连续有节奏地敲, 刺花纹于 vi. 作连续有节奏的敲击",COCA_abridged
legality,liːˈgæliti,n.,"正当, 合法性",COCA_abridged
toothbrush,ˈtuːθbrʌʃ,n.,牙刷,COCA_abridged
offending,әˈfendiŋ,a.,不愉快的; 厌恶的,COCA_abridged
weighty,ˈweiti,a.,"重的, 有份量的, 沉重的, 重大的, 严肃的, 有影响力的",COCA_abridged
mouthpiece,ˈmauθpiːs,n.,"发话筒, 代言人,",COCA_abridged
mouthpiece,ˈmauθpiːs,,(电话)送话口 [机] 钳口垫片,COCA_abridged
Hindu,ˈhinduː,a.,印度教教徒的 n. 印度教教徒,COCA_abridged
fabled,ˈfeibld,a.,"寓言(或传说、神话)中的, 虚构的",COCA_abridged
pothole,ˈpɒthәul,n.,壶穴,COCA_abridged
purchaser,ˈpәːtʃәsә,n.,"买方, 买主, 购买人",COCA_abridged
stairs,,n.,楼梯,COCA_abridged
distressing,diˈstresiŋ,a.,"使痛苦的, 使烦恼的",COCA_abridged
counterpoint,ˈkauntәpɒint,n.,"对位法, 旋律配合, 复调",COCA_abridged
triad,ˈtraiәd,n.,"三个一组, 三件一组, 三和音, 三元组",COCA_abridged
madman,ˈmædmәn,n.,"疯子, 精神病患者",COCA_abridged
earner,ˈәːnә,n.,赚钱的人,COCA_abridged
glint,glint,n.,"闪光, 一闪 vi. 闪耀, 闪闪发光, 反射, 迅速移动 vt. 使发光, 使闪光",COCA_abridged
navel,ˈneivl,n.,"脐, 肚脐, 中央, 中心",COCA_abridged
cocky,ˈkɒki,a.,"骄傲的, 自大的, 太过自信的",COCA_abridged
boardwalk,ˈbɒːdwɒːk,n.,"木板路, 木板铺成的散步道",COCA_abridged
rake,reik,n.,"耙子, 钱耙, 斜度, 浪子 v. 搜索, 掠过,",COCA_abridged
rake,reik,,"(用耙子)耙,",COCA_abridged
rake,reik,,(使)倾斜,COCA_abridged
visualization,ˌviʒuәlaiˈzeiʃәn,n.,"可见性, 形象化, 造影, 想象",COCA_abridged
unchecked,ˌʌnˈtʃekt,a.,"未加抑制的, 未经检查的",COCA_abridged
paternity,pәˈtәːniti,n.,"父亲身份, 父系血统, 创始人(身份), 来源, 出处",COCA_abridged
unwind,ˌʌnˈwaind,vt.,展开; 拆卷; 开卷,COCA_abridged
menstrual,ˈmenstruәl,a.,"月经的, 一月一次的, 每月的",COCA_abridged
regeneration,ri.dʒenәˈreiʃәn,n.,"再生, 重建",COCA_abridged
Scandinavian,ˌskændiˈneivjәn,n.,"斯堪的纳维亚人, 斯堪的纳维亚语, 北欧日耳曼语系",COCA_abridged
painless,ˈpeinlis,a.,"无痛的, 不痛的",COCA_abridged
visor,ˈvaizә,n.,"面甲, 帽舌, 面罩",COCA_abridged
tummy,ˈtʌmi,n.,"胃, 肚子",COCA_abridged
cholera,ˈkɒlәrә,n.,霍乱,COCA_abridged
conveyor,,n.,"搬运者, 传达者; 传送机, 传送带; 输送机, 输送设备",COCA_abridged
mainline,,adj.,主流的; 传统的 vt.vi.,COCA_abridged
mainline,,,(美)(非正式)把(毒品)直接注射入静脉,COCA_abridged
zebra,ˈziːbrә,n.,斑马,COCA_abridged
hammock,ˈhæmәk,n.,"吊床, 吊带",COCA_abridged
open-air,ˈәjpənˈeә(r),a.,"户外的, 野外的, 露天的",COCA_abridged
presuppose,ˌpriːsәˈpәuz,vt.,"预先假定, 预料, 以...为先决条件",COCA_abridged
coke,kәuk,n.,"可口可乐, 焦炭 v.",COCA_abridged
coke,kәuk,,(使)成焦炭,COCA_abridged
diseased,diˈziːzd,a.,"害病的, 病态的, 不健全的",COCA_abridged
outlive,autˈliv,vt.,"比...经久, 比...活得长, 度过(风暴)而健在",COCA_abridged
spent,spent,a.,"用尽的, 精疲力竭的",COCA_abridged
horseshoe,ˈhɒːsʃuː,n.,马蹄铁 vt. 装蹄铁于,COCA_abridged
orthopedic,ˌɔːθәuˈpiːdik,a.,"矫形的, 矫正的, 矫形外科的",COCA_abridged
witchcraft,ˈwitʃkræft,n.,"巫术, 魔法, 魔力",COCA_abridged
scaffolding,ˈskæfәldiŋ,n.,"脚手架, 台架,",COCA_abridged
scaffolding,ˈskæfәldiŋ,,"(搭脚手架用的)支杆和木板,",COCA_abridged
scaffolding,ˈskæfәldiŋ,,(喻)(论点等的)支柱,COCA_abridged
overtone,ˈәuvәtәun,n.,"泛音, 暗示, 弦外之音, 折光的色彩",COCA_abridged
resurface,riːˈsәːfis,vi.,重铺路面 vi. 重新露面,COCA_abridged
futuristic,ˌfjuːtʃәˈristik,a.,未来派的,COCA_abridged
wholesaler,ˈhәulseilә,n.,批发商,COCA_abridged
biting,ˈbaitiŋ,a.,"刺痛的, 辛辣的",COCA_abridged
ruby,ˈruːbi,n.,"红宝石, 深红色 a. 红宝石色的, 深红色的 vt. 使带红宝石色",COCA_abridged
giveaway,ˈgivә.wei,n.,"泄漏, 免费赠品",COCA_abridged
afterthought,ˈɑːftәθɒːt,n.,事后的想法,COCA_abridged
upholstery,ʌpˈhәulstәri,n.,"家具被覆材料, 家具装饰用品业",COCA_abridged
nightfall,ˈnaitfɒːl,n.,"傍晚, 黄昏, 日暮",COCA_abridged
grainy,ˈgreini,a.,"有纹理的, 粒状的, 多粒的, 木纹状的",COCA_abridged
carefree,ˈkєәfriː,a.,"无忧无虑的, 不负责的",COCA_abridged
guild,gild,n.,"团体, 协会, 行业协会, 同业公会",COCA_abridged
miserably,ˈmizәrәbli,adv.,"非常不幸地, 可悲地, 贫困地",COCA_abridged
garrison,ˈgærisn,n.,"守备队, 驻军, 要塞 vt. 守备, 派兵驻守",COCA_abridged
unspeakable,ʌnˈspiːkәbl,a.,"说不出的, 无法形容的, 不能以言语表达的, 坏得无话可说的, 说不出口的",COCA_abridged
patty,ˈpæti,n.,小馅饼,COCA_abridged
reckoning,ˈrekәniŋ,n.,"计算, 算帐, 估计",COCA_abridged
loyalist,ˈlɒiәlist,n.,"忠诚的人, 反对独立者, 反佛朗哥派的人",COCA_abridged
half-century,,,半个世纪; 50年,COCA_abridged
far-flung,,a.,"广布的, 遥远的",COCA_abridged
bastion,ˈbæstʃәn,n.,"棱堡, 阵地工事",COCA_abridged
perspiration,ˌpәːspәˈreiʃәn,n.,"汗, 流汗, 努力",COCA_abridged
self-employed,ˈselfimˈplɔid,a.,"自己经营的, 不受雇于他人的, 个体经营者, 自我雇佣者",COCA_abridged
lanky,ˈlæŋki,a.,瘦长的,COCA_abridged
afterlife,ˈɑːftәlaif,n.,"来世, 下半生",COCA_abridged
inconclusive,ˌinkәnˈkluːsiv,a.,"非决定性的, 不确定的, 无结果的",COCA_abridged
back-to-back,,a.,"紧接的, 背靠着背的",COCA_abridged
morph,mɔf,n.,"形素, 语素; 形态; 图像变换",COCA_abridged
outcast,ˈautkæst,a.,"被逐出的, 被遗弃的, 无家可归的 n. 被驱逐的人, 流浪者",COCA_abridged
disobedience,ˌdisәˈbiːdjәns,n.,"不服从, 不孝, 违反",COCA_abridged
regroup,ˈriːˈgruːp,vt.,重新聚集 vt.vi. 重新组合 vi. 变更部署,COCA_abridged
elemental,ˌeliˈmentәl,a.,"元素的, 基本的",COCA_abridged
blot,blɒt,n.,"污点, 墨水渍 vt. 乱涂, 使模糊, 吸干 vi. 弄上墨渍, 吸墨水",COCA_abridged
tailored,ˈteilәd,a.,"裁缝做的, 似裁缝做的, 特制的, 定做的, 穿着考究的, 时髦的, 干净利索的",COCA_abridged
libertarian,ˌlibәˈtєәriәn,n.,"自由意志主义支持者, 行动自由者 a. 自由意志主义支持者的, 主张个人思想的",COCA_abridged
itch,itʃ,n.,"痒, 渴望, 疥疮 vi. 发痒, 渴望",COCA_abridged
florist,ˈflɒrist,n.,"花匠, 花商, 花卉研究者",COCA_abridged
left-hand,,a.,"左侧的, 左手的",COCA_abridged
boyish,ˈbɒiiʃ,a.,"男孩的, 像男孩的",COCA_abridged
sherry,ˈʃeri,n.,"雪利酒, 葡萄酒",COCA_abridged
Algerian,ælˈdʒiәriәn,a.,阿尔及利亚的 n. 阿尔及利亚人,COCA_abridged
screech,skriːtʃ,n.,"尖声喊叫, 尖叫声, 煞车声 vt. 尖声讲 vi. 发出尖声",COCA_abridged
issuer,ˈiʃjuә,n.,"发行者, 发布人",COCA_abridged
Guatemalan,ˌɡwætiˈmɑːlən,n.,危地马拉人 a. 危地马拉的（中美洲的一个国家）,COCA_abridged
mascot,ˈmæskәt,n.,"福神, 吉祥的东西",COCA_abridged
mum,mʌm,n.,"菊花, 沉默 a. 沉默的 vi. 演哑剧 interj. 别说话",COCA_abridged
remediation,"ˌri,midiˈeiʃәn",n.,"补习, 辅导, 补救, 纠正",COCA_abridged
lumpy,ˈlʌmpi,a.,"多瘤的, 波浪起伏的, 粗笨的",COCA_abridged
genital,ˈdʒenitl,a.,"生殖的, 生殖器的",COCA_abridged
buzzer,ˈbʌzә,n.,"嗡嗡作声的东西, 蜂鸣器; 磨轮; 砂轮",COCA_abridged
inevitability,in.evitәˈbiliti,n.,"无法逃避之事, 不可逃避, 必然性",COCA_abridged
omen,ˈәumәn,n.,"预兆, 前兆, 征兆 vt. 预示, 有...的前兆, 显出...的预兆",COCA_abridged
acknowledged,әkˈnɒlidʒid,a.,公认的,COCA_abridged
mountaintop,ˈmauntintɒp,n.,山顶,COCA_abridged
Marxism,ˈmɑːksizm,n.,马克思主义,COCA_abridged
tit,tit,n.,"山雀, 打击, 轻佻女人, 奶头, 按钮",COCA_abridged
supervisory,ˌsjuːpәˈvaizәri,a.,"管理的, 监督的, 管理人的",COCA_abridged
outlay,ˈautlei,n.,"费用, 经费, 支出 vt. 花费",COCA_abridged
sorely,ˈsɒːli,adv.,"疼痛地, 强烈地, 非常",COCA_abridged
glazed,ɡleizd,a.,像玻璃的; 光滑的; 上过釉的; 呆滞无神的,COCA_abridged
goddamned,ˈgɔddæmd,a.,"该死的, 完全的, 十足的, 讨厌的",COCA_abridged
reassess,ˌriːәˈses,vt.,"再评价, 再摊派, 再课税",COCA_abridged
underfoot,ˌʌndәˈfut,adv.,"在脚下, 碍事地",COCA_abridged
double-digit,ˈdʌblˈdidʒit,a.,两位数的,COCA_abridged
wishful,ˈwiʃful,a.,"愿望的, 渴望的, 一厢情愿的",COCA_abridged
personify,pәˈsɒnifai,vt.,"看做人, 赋与人性, 使人格化, 体现, 是...的化身",COCA_abridged
entrant,ˈentrәnt,n.,"新会员, 新成员, 进入者",COCA_abridged
overdo,ˌәuvәˈduː,vt.,"做得过分, 过度, 夸张, 使过分劳累 vi. 过火",COCA_abridged
extortion,ikˈstɒːʃәn,n.,"勒索, 敲诈, 强取",COCA_abridged
lacrosse,lәˈkrɒs,n.,长曲棍球,COCA_abridged
incredulous,inˈkredjulәs,a.,"怀疑的, 不轻信的",COCA_abridged
protege,ˈprәutәʒei,n.,"被保护者, 门徒",COCA_abridged
wastewater,ˈweistwɔːtә,n.,废水,COCA_abridged
behind-the-scenes,biˈhaindðәˈsiːnz,a.,幕后的,COCA_abridged
northward,ˈnɒːθwәd,n.,"北方, 北 a. 向北的 adv. 向北",COCA_abridged
transcription,trænˈskripʃәn,n.,"誊写, 记录, 打印; 抄写, 抄本",COCA_abridged
unmanned,ˌʌnˈmænd,a.,"无人的, 无人操纵的",COCA_abridged
domino,ˈdɒminәu,n.,"化装外衣, 面具, 骨牌, 多米诺骨牌",COCA_abridged
rainwater,ˈreinwɒːtә,n.,雨水,COCA_abridged
sparrow,ˈspærәu,n.,麻雀,COCA_abridged
beaded,biːdid,a.,珠状的; 饰以珠的,COCA_abridged
apostle,әˈpɒsl,n.,"使徒, 早期基督教传士",COCA_abridged
printout,ˈprintaut,n.,打印件; 打印资料,COCA_abridged
baritone,ˈbæritәun,n.,"男中音, 男中音歌手, 低音铜管乐器",COCA_abridged
frosting,ˈfrɒstiŋ,n.,"霜状白糖, 无光泽面, 装饰玻璃粉; 毛面蚀刻",COCA_abridged
felt,felt,n.,"毛毯, 毡 vt. 制毡, 使粘结",COCA_abridged
gill,gil,n.,"鳃, 菌褶, 沟壑, 少女 vt. 用刺网捕, 去除内脏 vi. 被刺网捕住",COCA_abridged
toothpaste,ˈtuːθpeist,n.,牙膏,COCA_abridged
widowed,,a.,"丧偶的, 寡居的, 鳏居的",COCA_abridged
high-performance,hai pəˈfɔːməns,,"高效能, 高性能的, 高指标",COCA_abridged
carcinoma,ˌkɑːsiˈnәumә,n.,癌,COCA_abridged
untie,ˌʌnˈtai,vt.,解开 vi. 松开,COCA_abridged
Filipino,ˌfiliˈpiːnәu,n.,菲律宾人,COCA_abridged
manned,mænd,a.,"有人驾驶的, 有人操纵的",COCA_abridged
reassert,ˌriːәˈsәːt,vt.,"再断言, 重复主张",COCA_abridged
unlawful,ˌʌnˈlɒːful,a.,"不法的, 非法的, 不正当的",COCA_abridged
sideline,ˈsaidlain,n.,"副业, 旁线, 界线, 兼职, 旁观者看法 vt. 使退出比赛场地",COCA_abridged
weighted,ˈweitid,a.,加重的; 负重的 [计] 加权的,COCA_abridged
pail,peil,n.,"桶, 提桶",COCA_abridged
glistening,ˈgliːsniŋ,a.,白花花的; 闪亮的; 闪耀的,COCA_abridged
self-described,ˈselfdɪskrˈaɪbd,n.,自我描述; 自描述,COCA_abridged
multi-ethnic,,,多种族的 多民族的,COCA_abridged
boar,bɒː,n.,"公猪, 野猪",COCA_abridged
lying,ˈlaiiŋ,n.,"说谎 a. 横躺的, 说谎的",COCA_abridged
gastrointestinal,ˌgæstrәuinˈtestәnl,a.,"胃肠的, 肠胃的",COCA_abridged
dazed,ˈdeizd,a.,"头昏的, 茫然的, 迷乱的",COCA_abridged
nameless,ˈneimlis,a.,"无名的, 匿名的, 不可名状的",COCA_abridged
Anglican,ˈæŋglikәn,n.,"盎格鲁人 a. 英语的, 英国的, 盎格鲁人方言的",COCA_abridged
blob,blɒb,n.,"一滴, 小斑点 vt. 溅污",COCA_abridged
retro,ˈretrәu,n.,"制动火箭, 减速火箭; （服装式样等）重新流行",COCA_abridged
entrepreneurship,ˌɑntrəprəˈnɝʃɪp,,企业家能力/职能; 企业家[主办人等]的身份[地位、职权、能力],COCA_abridged
eastward,ˈiːstwәd,n.,朝东方向 a. 向东方的 adv. 向东,COCA_abridged
snapper,ˈsnæpә,n.,"咬人的狗, 厉声说话的人, 揿钮",COCA_abridged
floorboard,ˈflɔːbɔːd,n.,"一块地板, 汽车底部板",COCA_abridged
windowsill,ˈwindәusil,n.,窗台,COCA_abridged
barring,ˈbɑːriŋ,prep.,"不包括, 除非",COCA_abridged
loin,lɒin,n.,"腰部, 腰肉",COCA_abridged
state-run,ˈsteɪtrʌn,adj.,"国有, 公办; 国立; 国营",COCA_abridged
haunting,ˈhɒːntiŋ,a.,"常浮现于脑海中的, 不易忘怀的",COCA_abridged
caviar,ˈkæviɑː,n.,鱼子酱,COCA_abridged
boardroom,ˈbɒːdrum,n.,"会议室, 证券交换场所",COCA_abridged
headdress,ˈheddres,a.,头饰; 头巾,COCA_abridged
hapless,ˈhæplis,a.,"倒霉的, 不幸的",COCA_abridged
rosary,ˈrәuzәri,n.,"玫瑰园, 玫瑰花坛; 数珠, 念珠",COCA_abridged
mocking,ˈmɔkiŋ,a.,嘲弄的,COCA_abridged
taxonomy,tækˈsɒnәmi,n.,"分类学, 分类系统",COCA_abridged
lightweight,ˈlaitweit,n.,"不到平均重量的人/物, 轻量级, 无足轻重的人, 性格不够强的人 a. 平均重量以下的, 重量轻的",COCA_abridged
symptomatic,ˌsimptәˈmætik,a.,"作为征候的, 症状的, 根据征候的",COCA_abridged
stink,stiŋk,n.,"臭味, 臭气 vi. 发臭味, 名声臭 vt. 用臭味赶",COCA_abridged
wayward,ˈweiwәd,a.,"任性的, 刚愎的, 不稳定的, 难以捉摸的",COCA_abridged
long-lasting,lɒŋ ˈlɑːstɪŋ,a.,持久的; 持续的; 长期的,COCA_abridged
scattering,ˈskætәriŋ,n.,"分散, 散射, 稀疏的少量 a. 四散开的, 分散的",COCA_abridged
dumplings,ˈdʌmplɪŋz,n.,汤团( dumpling的名词复数 ); 饺子; 水果布丁; 矮胖的人,COCA_abridged
vertebra,ˈvәːtibrә,n.,"脊椎, 椎骨",COCA_abridged
mountainside,ˈmauntinsaid,n.,"山腹, 山腰",COCA_abridged
cheers,tʃiәz,,"interj. 干杯, 再见",COCA_abridged
springtime,ˈspriŋtaim,n.,"春天, 春季, 初期",COCA_abridged
pallet,ˈpælit,n.,"草铺, 简陋小床, 调色板, 棘爪",COCA_abridged
underpinning,ˌʌndәˈpiniŋ,n.,"基础材料, 支承结构",COCA_abridged
tights,taits,n.,"连裤袜, 紧身裤; 紧身衣裤",COCA_abridged
resentful,riˈzentful,a.,"岔恨的, 易怨恨的, 不满的, 显然不满的",COCA_abridged
diabetic,daiәˈbetik,a.,糖尿病的 n. 糖尿病患者,COCA_abridged
outfield,ˈautfiːld,n.,"外场,",COCA_abridged
outfield,ˈautfiːld,,"(思想中的)未知世界, 边境",COCA_abridged
walk-in,"ˈwɔːk,in",n.,"可供人走进之物, 轻易获得的竞选胜利 a. 未经预约而来的",COCA_abridged
firepower,ˈfaiәpauә,n.,火力,COCA_abridged
acidic,әˈsidik,a.,"成酸的, 尖刻的, 酸性的",COCA_abridged
outpouring,ˌautˈpɒːriŋ,n.,"注出, 流出, 流露",COCA_abridged
charred,ˈtʃɑːd,v.,烧焦的; 烧黑的,COCA_abridged
aficionado,ә.fisjәˈnɑːdәu,n.,"狂热爱好者, 迷",COCA_abridged
admonition,ˌædmәuˈniʃәn,n.,"警告, 劝告, 训诫",COCA_abridged
airlock,,n.,"气塞, 气闸, 气密舱",COCA_abridged
nerd,nәːd,n.,讨厌的人; 呆子,COCA_abridged
sporty,ˈspɔːti,a.,"象运动员的, 有体育道德精神的, 炫耀的, 华而不实的, 花哨的, 供娱乐的",COCA_abridged
renter,ˈrentә,n.,"承租人, 佃户, 出租人",COCA_abridged
peat,piːt,n.,"泥煤, 泥炭色",COCA_abridged
sculptural,ˈskʌlptʃәrәl,a.,"雕刻的, 雕刻般的",COCA_abridged
crusader,kruːˈseidә,n.,"十字军战士, 改革者",COCA_abridged
searing,ˈsiәriŋ,a.,灼热的,COCA_abridged
payload,ˈpeilәud,n.,"商务载重, 工资负担, 净载重量, 有效负荷, 弹头",COCA_abridged
streetlight,ˈstriːtlait,n.,"街灯, 路灯",COCA_abridged
phosphorus,ˈfɒsfәrәs,n.,"启明星, 金星; 磷, 磷光体",COCA_abridged
overreact,ˌәuvәriˈækt,vi.,"反应过度, 反作用过强",COCA_abridged
squatter,ˈskwɒtә,n.,"蹲着的人, 擅自占用土地或房屋者 vi. 涉水而过",COCA_abridged
denominator,diˈnɒmineitә,n.,"分母, 命名者, 共同特性, 标准",COCA_abridged
relativism,ˈrelәtivizm,n.,"相对论, 相对主义",COCA_abridged
effluent,ˈefluәnt,a.,"流出的, 射出的 n. 流出物, 由河湖等流出之水流",COCA_abridged
heartbreak,ˈhɑːtbreik,n.,"心碎, 伤心事",COCA_abridged
caramel,ˈkærәmel,n.,"焦糖, 卡拉梅尔糖; (俗称)糖色",COCA_abridged
contractual,kәnˈtræktʃuәl,a.,"契约的, 契约性的",COCA_abridged
footwear,ˈfjtweә(r),n.,"鞋类, 靴类",COCA_abridged
ovarian,әuˈvєәriәn,a.,"子房的, 卵巢的, 果核的",COCA_abridged
head-on,,a.,正面的,COCA_abridged
uninterrupted,ˈʌn.intәˈrʌptid,a.,"不间断的, 连续的, 不断的",COCA_abridged
funnel,ˈfʌnl,n.,"漏斗, 漏斗状的东西, 烟囱",COCA_abridged
shaggy,ˈʃægi,a.,"毛发蓬乱的, 粗浓的, 草木丛生的",COCA_abridged
liking,ˈlaikiŋ,n.,"爱好, 嗜好",COCA_abridged
diaphragm,ˈdaiәfræm,n.,横隔膜; (摄影机的)光圈; （避孕用的）子宫帽,COCA_abridged
op-ed,,a.,"专栏文章, 特写文章",COCA_abridged
ecclesiastical,i.kliːziˈæstikәl,a.,"教会的, 神职的, 牧师的",COCA_abridged
choreograph,ˈkɒriәgrɑːf,v.,设计舞蹈动作,COCA_abridged
off-limits,,a.,"禁止进入的, 禁止使用的",COCA_abridged
munitions,,n.,"军火, 军需品",COCA_abridged
philanthropist,fiˈlænθrәpist,n.,"慈善家, 博爱主义者, 乐善好施的人",COCA_abridged
descending,diˈsendiŋ,a.,"下降的, 下行的",COCA_abridged
metamorphosis,ˌmetәˈmɒːfәsis,n.,"蜕变, 变质, 变形",COCA_abridged
saline,ˈseilain,a.,"盐的, 苦涩的, 由碱金属(或含镁之盐类)组成的 n. 盐湖, 盐田, 碱盐泻药, 生理盐水",COCA_abridged
ranching,ˈrɑːntʃɪŋ,n.,经营大牧场,COCA_abridged
balding,ˈbɔːldiŋ,a.,变秃的,COCA_abridged
Brazilian,brәˈziljәn,n.,"巴西人 a. 巴西的, 巴西人的",COCA_abridged
textured,,a.,质地不平滑的; 有纹理的,COCA_abridged
vortex,ˈvɒːteks,n.,"旋涡, 旋风, 涡流",COCA_abridged
interrelated,ˌintәriˈleitid,a.,"相互联系的, 相互关联的",COCA_abridged
stubble,ˈstʌbl,n.,"残株, 茬",COCA_abridged
crispy,ˈkrispi,a.,"卷曲的, 松脆的, 易碎的, 干脆的, 干净利落的, 生气勃勃的",COCA_abridged
diabetic,daiәˈbetik,a.,糖尿病的 n. 糖尿病患者,COCA_abridged
bandwagon,ˈbænd.wægәn,n.,乐队彩车; 流行时尚,COCA_abridged
undeveloped,ˌʌndiˈvelәpt,a.,"未充分发育的, 未开发的",COCA_abridged
commonality,ˌkɒmәˈnæliti,n.,"共同特性, 平民百姓",COCA_abridged
pleasurable,ˈpleʒәrәbl,a.,"快乐的, 愉快的, 舒适的, 心情舒畅的",COCA_abridged
doe,dәu,n.,"母鹿, 雌兔",COCA_abridged
misinterpret,ˌmisinˈtәːprit,vt.,曲解,COCA_abridged
pedigree,ˈpedigriː,n.,"血统, 家谱, 名门世系",COCA_abridged
polluter,,n.,"污染者, 污染物质",COCA_abridged
tacky,ˈtæki,a.,"发粘的, 破烂的, 俗丽的",COCA_abridged
inaction,inˈækʃәn,n.,"不活动, 无为, 怠惰, 迟钝",COCA_abridged
iconography,ˌaikәˈnɒgrәfi,n.,"图像材料, 图示法, 肖像研究",COCA_abridged
oscillation,ɒsiˈleiʃәn,n.,"振动, 动摇, 变动, 电波",COCA_abridged
mayoral,ˈmєәrәl,a.,市长的,COCA_abridged
pussy,ˈpusi,,n.〈非正式〉猫咪; 〈侮辱〉女阴; 〈侮辱〉娘娘腔 a. 多脓的,COCA_abridged
going,ˈgәuiŋ,n.,"去, 离去, 工作情况, 地面状况, 行为 a. 进行中的, 流行的, 成功的, 现存的",COCA_abridged
stockpile,ˈstɒkpail,n.,"储蓄, 积蓄, 库存 vt. 储蓄, 贮存",COCA_abridged
bushel,ˈbuʃәl,n.,蒲式耳(容量单位) v. 修整(衣物),COCA_abridged
unskilled,ˌʌnˈskild,a.,"无(特殊)技能的, 不熟练的, 拙劣的",COCA_abridged
venezuelan,ˌvenәˈzweilәŋ,a.,委内瑞拉的; 委内瑞拉人的,COCA_abridged
failing,ˈfeiliŋ,n.,"失败, 缺点 prep. 如果没有...",COCA_abridged
failing,ˈfeiliŋ,a.,失败的,COCA_abridged
splatter,ˈsplætә,vt.,"使水等飞溅, 结结巴巴地讲 vi. 发溅泼声, 说话结巴 n. 飞溅",COCA_abridged
jukebox,ˈdʒuːkbɒks,n.,自动唱机,COCA_abridged
doorknob,ˈdɒːnɒb,n.,球形门拉手,COCA_abridged
microcosm,ˈmaikrәukɒzm,n.,"小宇宙, 小世界, 人类",COCA_abridged
integrative,ˈintigreitiv,a.,"综合的, 一体化的",COCA_abridged
concoction,kәnˈkɒkʃәn,n.,"调制, 调合, 调合物",COCA_abridged
midterm,ˈmidtәːm,a.,中期的 n. 期中考试,COCA_abridged
representational,ˌreprizenˈteiʃәnl,a.,代表的; 具象派的,COCA_abridged
yup,jʌp,,int.,COCA_abridged
yup,jʌp,,[俚]是的（等于yes）,COCA_abridged
shaker,ˈʃeikә,n.,"摇动者, 摇动器, 混和器",COCA_abridged
psychotherapist,ˌsaikәuˈθerәpist,n.,精神治疗医生,COCA_abridged
hare,hєә,n.,野兔 vi. 飞跑,COCA_abridged
infield,ˈinfiːld,n.,"农宅周围的田园, 耕地; 内野",COCA_abridged
flooring,ˈflɒːriŋ,n.,"地板, 地板材料",COCA_abridged
fatherhood,ˈfɑːðәhud,n.,"父亲的身分, 父性, 父权, 父道",COCA_abridged
flattering,ˈflætәriŋ,a.,"谄媚的, 讨人欢喜的",COCA_abridged
quadruple,ˈkwɒdrupl,a.,"四倍的, 四重的, 四部分组成的 n. 四倍 vt. 使成四倍 vi. 成为四倍",COCA_abridged
neurotic,njuˈrɒtik,n.,"神经症患者 a. 神经质的, 神经症的",COCA_abridged
snout,snaut,n.,"鼻口部, 鼻子, 口吻状物, 烟草",COCA_abridged
well-meaning,,a.,"善意的, 出自好意的, 好心的",COCA_abridged
nutty,ˈnʌti,a.,产坚果的; 有坚果味的; 古怪的,COCA_abridged
looter,,n.,"掠夺者, 抢劫者",COCA_abridged
veiled,veild,a.,"蒙上面纱的, 用幕遮盖的,",COCA_abridged
veiled,veild,,"(声音)不清楚的, 掩饰的, 遮遮盖盖的, 隐蔽的",COCA_abridged
tad,tæd,,n.,COCA_abridged
tad,tæd,,"(美)(非正式)男孩, 小孩子; 少量",COCA_abridged
parenthood,ˈperәnthud,n.,父母身分,COCA_abridged
scribe,skraib,n.,"文书, 抄写员, 划线器 vi. 担任抄写员 vt. 用划线器划",COCA_abridged
chauffeur,ˈʃәufә,n.,专车司机,COCA_abridged
federalist,,n.,"联邦党, 联邦派, 联邦制拥护者",COCA_abridged
booking,ˈbukiŋ,n.,预订; 预约; 演出契约,COCA_abridged
reigning,ˈreiniŋ,a.,统治的; 在位的; 本届的; 起支配作用的,COCA_abridged
adrift,әˈdrift,adv.,"漂流地, 漂浮着, 随波逐流地 a. 漂浮着的",COCA_abridged
passer,ˈpæsә,n.,"过路人, 旅客, 考试合格者, 检查合格证",COCA_abridged
backlog,ˈbæklɔg,n.,"积压待办的事务, 积压而未交付的订货, 积压的工作 vt. 储备, 把...积压起来",COCA_abridged
self-portrait,ˈselfˈpɔːtreit,n.,自画像,COCA_abridged
nationalistic,ˌnæʃәnәˈlistik,a.,国家主义的,COCA_abridged
trailing,ˈtreiliŋ,a.,牵引的; 后面的; 被拖动的; 蔓延的; 拖尾的,COCA_abridged
daycare,ˈdeikεә,n.,日托; 日间照管儿童,COCA_abridged
revitalization,"riː,vaitəlaiˈzeiʃən;-liˈz-",n.,"复苏, 回生, 复新",COCA_abridged
dung,dʌŋ,n.,粪 vt. 施粪肥于,COCA_abridged
mozzarella,ˌmɒtsәˈrelә,n.,莫泽雷勒干酪(意大利产),COCA_abridged
harmonic,hɑːˈmɒnik,a.,"和谐的, 音乐般的, 和声的 n. 泛音, 谐波",COCA_abridged
punishing,,a.,"令人精疲力竭的, 消耗体力的",COCA_abridged
parched,pɑːtʃt,a.,"炒过的, 焦的, 干透的",COCA_abridged
causality,kɒːˈzæliti,n.,"因果关系, 起因",COCA_abridged
woody,ˈwudi,a.,"多树木的, 木质的",COCA_abridged
eyeglass,ˈaiglæs,n.,镜片; 单片眼镜,COCA_abridged
displeasure,disˈpleʒә,n.,"不愉快, 生气, 不满",COCA_abridged
unorthodox,ˌʌnˈɒːθәdɒks,a.,"非正统的, 异教的",COCA_abridged
unwise,ˈʌnˈwaiz,a.,"愚蠢的, 欠考虑的, 不明智的, 轻率的",COCA_abridged
playmate,ˈpleimeit,n.,"玩伴, 游伴",COCA_abridged
tarmac,ˈtɑːmæk,n.,"柏油碎石, 柏油碎石路",COCA_abridged
readership,ˈriːdәʃip,n.,"读者, 读者人数",COCA_abridged
caseload,ˈkeislәjd,n.,"工作量, 承办案件数",COCA_abridged
like-minded,,a.,"同心的, 同志的, 志趣相投的",COCA_abridged
statehood,ˈsteithud,n.,"国家地位, 州的地位",COCA_abridged
roaring,ˈrɒːriŋ,n.,"吼声, 咆哮, 怒吼 a. 风哮雨嚎的, 咆哮的, 轰鸣的, 喧哗的, 狂暴的",COCA_abridged
respecting,riˈspektiŋ,prep.,"关于, 鉴于",COCA_abridged
atypical,ˌeiˈtipikl,a.,"非典型的, 不标准的",COCA_abridged
duffel,ˈdʌfәl,n.,"粗呢, 露营用具",COCA_abridged
whitetail,ˈwaitteil,n.,白尾鹿,COCA_abridged
contraption,kәnˈtræpʃәn,n.,"奇妙的装置, 稀奇古怪的玩意儿, 外形奇怪的机器/装置",COCA_abridged
starboard,ˈstɑːbɒːd,n.,"右舷, 右侧 adv. 向右舷 vt. 转向右方, 向右转舵",COCA_abridged
mistreat,ˌmisˈtriːt,vt.,"虐待, 苛待",COCA_abridged
undisclosed,ˈʌndisˈklәuzd,a.,"未泄露的, 保持秘密的, 不露真名的, 身分不明的",COCA_abridged
freighter,ˈfreitә,n.,"租船人, 承运人, 托运人, 货船, 运输机",COCA_abridged
vestibule,ˈvestibjuːl,n.,"前庭, 门廊, 前厅 vt. 为...设门廊",COCA_abridged
penthouse,ˈpenthaus,n.,"屋顶房间, 顶层公寓; 电梯机器房, 耳房",COCA_abridged
bistro,ˈbistrәu,n.,"小酒馆, 夜总会",COCA_abridged
zap,zæp,vt.,"杀死, 快速推动, 闪电般击中 vi. 快速移动 n. 活力, 精力, 震击 interj.",COCA_abridged
zap,zæp,,(表示快速)嚓,COCA_abridged
avian,ˈeiviәn,a.,鸟的; 关于鸟类的,COCA_abridged
ethnography,eθˈnɒgrәfi,n.,"人种论, 人种学",COCA_abridged
netting,ˈnetiŋ,n.,"网, 结网, 网鱼",COCA_abridged
swat,swɒt,vt.,"用力打下去, 重拍 n. 用劲打击, 长打, 全垒打",COCA_abridged
lengthwise,ˈleŋθwaiz,a.,纵长的 adv. 纵长地,COCA_abridged
lander,ˈlændә,n.,着陆器; 出铁槽; 把钩工人,COCA_abridged
seawater,ˈsiː.wɒtә,n.,海水,COCA_abridged
streamlined,ˈstriːmlaind,a.,"流线的, 流线型的, 集成一个整体的, 现代化了的, 精简了的, 合理化了的",COCA_abridged
jokingly,ˈdʒәukiŋli,adv.,"开玩笑地, 打趣地",COCA_abridged
sleepless,ˈsliːplis,a.,"不睡眠的, 睡不着的, 不休息的",COCA_abridged
coldly,ˈkәuldli,adv.,冷淡地,COCA_abridged
yam,jæm,n.,"山药, 薯蓣",COCA_abridged
modular,ˈmɒdjulә,a.,"模数的, 有标准组件的 [计] 积木式的; 模块化的",COCA_abridged
inextricably,,adv.,"无法摆脱地, 解不开地, 不能解决地",COCA_abridged
secession,siˈseʃәn,n.,"脱离, 分离",COCA_abridged
dehydration,ˌdiːhaiˈdreiʃәn,n.,脱水; 脱水作用,COCA_abridged
religiosity,ri.lidʒiˈɒsiti,n.,"笃信, 虔诚, 宗教狂",COCA_abridged
soloist,ˈsәulәuist,n.,"独奏者, 独唱者",COCA_abridged
uplifting,ˌʌpˈlɪftɪŋ,a.,令人振奋的; 使人开心的,COCA_abridged
divergence,daiˈvәːdʒәns,n.,"分歧, 背离",COCA_abridged
karate,kәˈrɑːti,n.,空手道,COCA_abridged
accordion,әˈkɒːdjәn,n.,手风琴 a. 可折叠的,COCA_abridged
misplace,misˈpleis,vt.,放错地方,COCA_abridged
checker,ˈtʃekә,n.,检验员; 收银员; 棋子; 方格图案; 制止者,COCA_abridged
freshness,ˈfreʃnis,n.,"新, 新鲜, 精神饱满",COCA_abridged
befall,biˈfɒːl,v.,降临(于),COCA_abridged
likable,ˈlaikәbl,a.,可爱的,COCA_abridged
couture,kuˈtyːr,n.,女士时装业; 女士服装,COCA_abridged
dumping,ˈdʌmpiŋ,n.,"倾销, 倾倒, 倾泻, 填埋(处理垃圾的一种方法)",COCA_abridged
newsstand,ˈnjuːzstænd,n.,"报摊, 报刊出售处",COCA_abridged
crucifix,ˈkruːsifiks,n.,十字架,COCA_abridged
federalism,ˈfedәrәliz(ә)m,n.,"联邦制, 联邦主义",COCA_abridged
nondescript,ˈnɒndiskript,a.,"无特色的, 平常的; 莫可名状的, 难以区别的 n. 难以名状的事物, 不属任何类型的人",COCA_abridged
disrespect,ˌdisriˈspekt,n.,"不敬, 失礼, 无礼",COCA_abridged
commandment,kәˈmɑːndmәnt,n.,戒律,COCA_abridged
fireball,ˈfaiәbɒːl,n.,"火球, 大流星",COCA_abridged
turban,ˈtәːbәn,,n.,COCA_abridged
turban,ˈtәːbәn,,(穆斯林的)头巾,COCA_abridged
attached,әˈtætʃt,a.,"附加的; 依恋的, 充满爱心的",COCA_abridged
anal,ˈeinәl,a.,"肛门的, 肛门附近的",COCA_abridged
jobless,ˈdʒɔblis,a.,"失职的, 无职业的",COCA_abridged
doorman,ˈdɒːmæn,n.,看门人,COCA_abridged
trusting,ˈtrʌstiŋ,a.,"轻信的, 信任他人的, 深信不疑的",COCA_abridged
laid-back,ˌleidˈbæk,a.,懒散的; 悠闲的,COCA_abridged
undefeated,ˌʌndɪˈfiːtɪd,a.,"（选手或运动队）未被打败过的, 未输过的; 不败",COCA_abridged
deformed,diˈfɒːmd,a.,"畸形的, 残废的, 丑陋的",COCA_abridged
fudge,fʌdʒ,n.,"虚构的故事, 谎言, 胡说 interj. 胡说八道 vi. 蒙混, 做傻事 vt. 粗制滥造, 捏造, 逃避职责",COCA_abridged
co-author,,n.,合著者 vt. 合著,COCA_abridged
snuff,snʌf,n.,"烛花, 用鼻吸气, 嗅, 闻, 鼻烟, 气味 vt. 剪烛花, 掐灭, 扼杀, 消灭, 用鼻吸, 嗅出, 闻出 vi. 嗅, 闻",COCA_abridged
unworthy,ˌʌnˈwәːði,a.,"不值得的, 不相称的",COCA_abridged
infrequent,inˈfriːkwәnt,a.,"稀少的, 珍贵的, 罕见的",COCA_abridged
comical,ˈkɒmikәl,a.,"好笑的, 滑稽的",COCA_abridged
sweeten,ˈswiːtn,vt.,"使变甜, 加糖于, 使悦耳, 使温和, 减轻 vi. 变甜",COCA_abridged
removable,riˈmuːvәbl,a.,"可移去的, 可免职的, 可移动的",COCA_abridged
wasteland,ˈweistlænd,n.,"荒地, 未开垦地; 遭破坏地区, 废墟",COCA_abridged
outfitter,ˈautfitә,n.,户外用品商店,COCA_abridged
compressor,kәmˈpresә,n.,"压缩物, 压缩机, 压肌",COCA_abridged
naturalistic,ˌnætʃәrәˈlistik,a.,"自然的, 自然主义的",COCA_abridged
filler,ˈfilә,n.,"装填者, 补白, 装填物 [计] 填充符",COCA_abridged
sympathizer,ˈsimpәθaizә,n.,"同情者, 怜悯者, 同意者, 支持者",COCA_abridged
hairstyle,ˈhєәstail,n.,发型,COCA_abridged
intone,inˈtәun,v.,吟咏,COCA_abridged
throb,θrɒb,n.,"跳动, 搏动 vi. 博动, 抽动, 颤动",COCA_abridged
loner,ˈlәunә,n.,"喜孤独的人, 不合群的动物",COCA_abridged
fat-free,fæt friː,a.,无脂的,COCA_abridged
cheery,ˈtʃiәri,a.,愉快的,COCA_abridged
overlay,ˌәuvәˈlei,n.,"覆盖, 覆盖图, 使负担过重",COCA_abridged
schoolhouse,ˈskuːlhaus,n.,校舍,COCA_abridged
anyplace,ˈenipleis,adv.,在任何地方,COCA_abridged
restrained,riˈstreind,a.,"限制的, 拘谨的, 克制的",COCA_abridged
blacksmith,ˈblæksmiθ,n.,铁匠,COCA_abridged
interdependent,ˌintәdiˈpendәnt,a.,"相互依赖的, 相互依存的",COCA_abridged
old-timer,,n.,"老前辈, 老手, 旧式的人",COCA_abridged
bridal,ˈbraidl,a.,"新娘的, 婚礼的",COCA_abridged
riverbank,ˈrivәbæŋk,n.,"河堤, 河岸",COCA_abridged
audiotape,ˈɔːdiәuteip,n.,录音磁带,COCA_abridged
fearsome,ˈfiәsәm,a.,"吓人的, 可怕的, 害怕的",COCA_abridged
discouraging,disˈkʌridʒiŋ,a.,令人气馁的,COCA_abridged
crimson,ˈkrimzәn,n.,深红色 a. 深红色的 v.,COCA_abridged
crimson,ˈkrimzәn,,"(使)变为深红色, 脸红",COCA_abridged
kenyan,ˈkenjәn,n.,肯尼亚人,COCA_abridged
throbbing,,a.,"跳动的, 悸动的, 抽动的, 震动的, 颤动的",COCA_abridged
Nordic,ˈnɒːdik,n.,"北欧人, 日耳曼民族, 北欧两项滑雪 a. 北欧人的, 日耳曼民族的, 北欧两项滑雪的",COCA_abridged
blower,ˈblәuә,n.,"吹制工, 鼓风机, 吹风机",COCA_abridged
evergreen,ˈevәgriːn,n.,"常绿树, 常绿植物 a. 常绿的",COCA_abridged
huff,hʌf,vt.,"激怒, 发怒, 提高价格, 吹胀 vi. 吹气, 恫吓, 发怒 n. 发怒",COCA_abridged
molasses,mәˈlæsiz,n.,糖蜜; 糖浆,COCA_abridged
wobbly,ˈwɒbli,a.,"摆动的, 不稳定的",COCA_abridged
greenery,ˈgriːnәri,n.,"绿叶, 绿树, 装饰用的绿树枝或叶",COCA_abridged
smolder,ˈsmәuldә,vi.,"闷烧, 郁积 n. 闷烧",COCA_abridged
gauze,gɒːz,n.,"薄纱, 纱布, 金属网",COCA_abridged
soft-spoken,,a.,"说话温和的, 劝诱的",COCA_abridged
nuts,nʌts,a.,"狂热的, 发狂的, 疯的 interj. 呸, 胡说",COCA_abridged
Basque,bæsk,n.,"巴斯克衫(女子紧身上衣), 巴斯克人, 巴斯克语 a. 巴斯克人的",COCA_abridged
howling,ˈhauliŋ,a.,"咆哮的, 极大的, 荒凉的 n. 啸声",COCA_abridged
medallion,miˈdæljәn,n.,"大奖章, 圆形浮雕, 圆形装饰",COCA_abridged
speculator,ˈspekjuleitә,n.,"投机者, 投机商人, 思索者",COCA_abridged
undeniably,,adv.,确凿无疑地; 不可否认地,COCA_abridged
retina,ˈretinә,n.,视网膜,COCA_abridged
botanist,ˈbɒtәnist,n.,植物学家,COCA_abridged
trailhead,ˈtreilhed,n.,小道的起点,COCA_abridged
Trojan,ˈtrәudʒәn,a.,"特洛伊的, 特洛伊人的 n. 特洛伊人, 勤勉的人, 勇士",COCA_abridged
cosmological,ˌkɒzmәˈlɒdʒikl,a.,"宇宙哲学的, 宇宙论的",COCA_abridged
hairdresser,ˈhєәdresә,n.,"美发师, 理发师",COCA_abridged
misinformation,ˈmisinfәˈmeiʃәn,n.,"错误的消息, 误传",COCA_abridged
sickening,ˈsikniŋ,a.,"引起疾病的, 引起呕吐的, 令人厌恶的",COCA_abridged
worst-case,,adj.,最坏情况的,COCA_abridged
up-front,ˈʌpfrˈʌnt,a.,在前面的; 坦率的; 预付的,COCA_abridged
outage,ˈautidʒ,,n.,COCA_abridged
outage,ˈautidʒ,,(电、煤气、水等的)断供;停机;断供期,COCA_abridged
walleye,ˈwɔːlai,n.,"角膜白斑, 散开性斜视, 外斜视",COCA_abridged
mainframe,ˈmeinfreim,n.,主机,COCA_abridged
unduly,ˌʌnˈdjuːli,adv.,"不适当地, 过分的, 过度的, 不正当的",COCA_abridged
ballplayer,"ˈbɔːl,pleiә(r)",n.,棒球手,COCA_abridged
caseworker,ˈkeɪswɜːkə(r),n.,社会工作者,COCA_abridged
overworked,,a.,工作过度的; 劳累过度的,COCA_abridged
frenzied,ˈfrenzid,a.,"狂热的, 狂乱的, 激怒的",COCA_abridged
individualistic,"ˌindi,vidjuәˈlistik",a.,"个人主义的, 独特的",COCA_abridged
carpeting,,n.,"地毯料, 地毯",COCA_abridged
marketable,ˈmɑːkitәbl,a.,"可销售的, 销路好的, 市场的",COCA_abridged
eureka,juәˈriːkә,,"interj. 找到了, 有了",COCA_abridged
well-educated,ˈwelˈedjuːkeitid,a.,受过良好教育的,COCA_abridged
synergy,ˈsinәdʒi,n.,"协同作用, 协合作用, 增效作用",COCA_abridged
Pentecostal,ˌpentiˈkɒːstl,a.,"五旬节的, 五旬节派教会的",COCA_abridged
single-handedly,,adv.,"独力地, 单独地",COCA_abridged
extravaganza,"eks,trævәˈgænzә",n.,"狂文, 狂诗, 狂曲, 狂剧; 狂言, 狂行, 异想天开的事情; 铺张华丽的演出",COCA_abridged
collagen,ˈkɒlәdʒin,n.,骨胶原; 胶原,COCA_abridged
Zionist,,n.,犹太复国主义者 a. 犹太复国主义者的,COCA_abridged
unsatisfactory,ˈʌn.sætisˈfæktәri,a.,不令人满意的,COCA_abridged
repeating,riˈpiːtiŋ,a.,重复的; 循环的; 反复的,COCA_abridged
Spanish,ˈspæniʃ,n.,"西班牙人, 西班牙语 a. 西班牙的",COCA_abridged
fleshy,ˈfleʃi,a.,"肉的, 肉体的",COCA_abridged
Capitol,ˈkæpitl,n.,"国会大厦, 州议会大厦, 朱比特神庙",COCA_abridged
flavorful,ˈfleivәfjl,a.,"充满...味道的, 可口的",COCA_abridged
housekeeping,ˈhauskiːpiŋ,n.,"家事, 家政, 持家",COCA_abridged
beep,biːp,n.,"短而尖的声音, 嘟 v. 嘟嘟响",COCA_abridged
normalcy,ˈnɒːmlsi,n.,常态,COCA_abridged
heron,ˈherәn,n.,鹭,COCA_abridged
cataract,ˈkætәrækt,n.,"大瀑布, 奔流, 暴雨, 白内障",COCA_abridged
screaming,ˈskriːmiŋ,a.,尖叫的; 使人惊叹的; 使人捧腹大笑的,COCA_abridged
leaky,ˈliːki,a.,"有漏洞的, 易泄漏秘密的, 爱哭的",COCA_abridged
opportunistic,ˌɒpәtjuːˈnistik,a.,"机会主义的, 投机取巧的",COCA_abridged
crystalline,ˈkristәlain,a.,透明的; 水晶般的; 水晶制的,COCA_abridged
cylindrical,siˈlindrik(ә)l,a.,"圆柱体的, 圆筒形的",COCA_abridged
masonry,ˈmeisnri,n.,"（用于建造的）砖石, 混凝土",COCA_abridged
pelvic,ˈpelvik,a.,骨盆的,COCA_abridged
sonar,ˈsәunɑː,n.,声纳,COCA_abridged
epidemiology,"ˌepi,diːmiˈɔlәdʒi",n.,"传染病学, 流行病学",COCA_abridged
propane,ˈprәupein,n.,丙烷,COCA_abridged
succeeding,sәkˈsiːdiŋ,a.,"随后的, 以后的",COCA_abridged
roundup,ˈraundʌp,n.,"驱集, 集拢, 综述",COCA_abridged
thickly,,adv.,厚地; 浓地,COCA_abridged
toll-free,təul friː,a.,"<美>（打电话）由接电话的机构付费的, 受付",COCA_abridged
rekindle,ˌriːˈkindl,vt.,"再点火, 重新激起 vi. 重新燃烧",COCA_abridged
dunk,dʌŋk,vt.,"浸一浸, 泡一泡",COCA_abridged
plunk,plʌŋk,vt.,"使发扑通声, 沉重地坠落 vi. 发扑通声, 支持 n. 使劲投掷, 扑通声, 扑通落下, 一美元 adv. 发出扑通声, 恰好",COCA_abridged
crystallize,ˈkristәlaiz,vt.,"使结晶, 使具体化 vi. 结晶, 具体化",COCA_abridged
jogging,ˈdʒɒgiŋ,n.,慢跑,COCA_abridged
harmonize,ˈhɑːmәnaiz,vi.,"协调, 以和声唱 vt. 使一致, 使和谐",COCA_abridged
daughter-in-law,,n.,媳妇,COCA_abridged
anti,ˈænti,n.,"反对者, 反对论者 a. 反对的",COCA_abridged
industrialist,inˈdʌstriәlist,n.,"企业家, 实业家, 工业主义者",COCA_abridged
severance,ˈsevәrәns,n.,"切断, 分离, 断绝; 解雇",COCA_abridged
mannequin,ˈmænikin,n.,"人体模型, 服装模特儿",COCA_abridged
cultivar,"ˈkʌltivɑː, -ˈvә",n.,"栽培品种, 培育植物",COCA_abridged
invincible,inˈvinsәbl,a.,"不能征服的, 无敌的",COCA_abridged
corollary,kәˈrɒlәri,n.,"必然的结果, 推论",COCA_abridged
zealot,ˈzelәt,n.,"热心者, 狂热者, 犹太教狂热信徒",COCA_abridged
semen,ˈsiːmәn,n.,"精液, 精子",COCA_abridged
cambodian,kæmˈbәjdiәn,n.,柬埔寨人（高棉人）; 柬埔寨语,COCA_abridged
ember,ˈembә,n.,"灰烬, 余烬",COCA_abridged
jingle,ˈdʒiŋgl,n.,叮当声 v.,COCA_abridged
jingle,ˈdʒiŋgl,,"(使)作叮当声,",COCA_abridged
jingle,ˈdʒiŋgl,,(使)押韵,COCA_abridged
eatery,ˈiːtәri,n.,"小餐馆, 简便饮食店",COCA_abridged
selfishness,ˈselfiʃnis,n.,"自我中心, 利己主义, 任性",COCA_abridged
rattlesnake,ˈrætlsneik,n.,响尾蛇,COCA_abridged
radish,ˈrædiʃ,n.,小萝卜,COCA_abridged
dialysis,daiˈælisis,n.,"透析, 渗析",COCA_abridged
dismissive,disˈmisiv,a.,轻视的; 拒绝考虑的,COCA_abridged
bayonet,ˈbeiәnit,n.,刺刀,COCA_abridged
poplar,ˈpɒplә,n.,"杨树, 杨木",COCA_abridged
celibacy,ˈselibәsi,n.,"独身, 独身生活",COCA_abridged
unremarkable,ˈʌnriˈmɑːkәbl,a.,"不显著的, 平凡的, 不值得注意的",COCA_abridged
blistering,ˈblistәriŋ,n.,"猛烈的; 极热的; 极快的 [医] 发疱, 发疱的",COCA_abridged
toaster,ˈtәjstә(r),n.,"烤面包器, 烤面包炉, 祝酒人",COCA_abridged
frosted,ˈfrɔstid,a.,"结霜的, 冻伤的, 无光泽的, 磨砂的, 因年老而变白的, 冷淡的",COCA_abridged
asymmetry,æˈsimitri,n.,"不匀称, 不对称",COCA_abridged
stallion,ˈstæljәn,n.,种马,COCA_abridged
steely,ˈstiːli,a.,"钢的, 钢制的, 钢铁般的; 强硬的, 冷冰冰的",COCA_abridged
unfriendly,ˌʌnˈfrendli,adv.,不友善地,COCA_abridged
jalapeno,ˌhɑːlәˈpeijәu,,墨西哥胡椒,COCA_abridged
respectability,rispektәˈbilәti,n.,"可敬, 有社会地位, 高尚, 体面, 习俗",COCA_abridged
drapery,ˈdreipәri,n.,"帏帐, 布料",COCA_abridged
incinerator,inˈsinәreitә,n.,"焚烧装置, 焚烧炉, 焚尸炉",COCA_abridged
uh-oh,ˈʌˈəu,int.,呃喔,COCA_abridged
outpace,ˌautˈpeis,vt.,"超过...速度, 赶过",COCA_abridged
overload,ˌәuvәˈlәud,vt.,"超载, 过载, 超过负荷 n. 超载, 负荷过多",COCA_abridged
traumatize,ˈtrɒːmәtaiz,vt.,"使受损伤, 使受精神创伤",COCA_abridged
excluding,,prep.,"把...排除在外, 不包括..., 不计...",COCA_abridged
cobblestone,ˈkɔblәstәjn,n.,"圆石, 鹅卵石",COCA_abridged
potted,ˈpɒtid,a.,"盆栽的, 罐装的",COCA_abridged
slalom,ˈslælәm,n.,障碍滑雪赛,COCA_abridged
first-ever,fəːst ˈevə,a.,破天荒第一次（或第一个）的,COCA_abridged
condemned,kәnˈdemd,a.,"已被定罪的, 受谴责的",COCA_abridged
enchanted,ɪnˈtʃɑːntɪd,a.,"中魔法的; 着了魔的; 狂喜的; 极乐的 v. 使欣喜, 使心醉; 用魔法迷惑",COCA_abridged
hemp,hemp,n.,"大麻烟卷, 大麻, 麻类植物",COCA_abridged
ovary,ˈәuvәri,n.,"卵巢, 子房, 果核",COCA_abridged
petrified,ˈpetrɪfaɪd,a.,"惊呆的; 目瞪口呆的 v. 使吓呆, 使惊呆; 变僵硬; 使石化",COCA_abridged
submerged,sәbˈmәːdʒd,a.,"水下的, 在水中的",COCA_abridged
exasperation,ig.zæspәˈreiʃәn,n.,"恼怒, 恼怒的原因",COCA_abridged
non-native,,,非原生; 非本地,COCA_abridged
hustler,ˈhʌslә,n.,"催促者, 拉客的人, 骗子",COCA_abridged
well-defined,ˈweldiˈfaind,a.,"定义明确的, 明确的",COCA_abridged
pained,peind,a.,"痛的, 苦恼的, 伤感情的, 表示怨恨的",COCA_abridged
salespeople,"ˈseilz,piːpl",n.,"售货员,店员",COCA_abridged
patriarchy,ˈpeitriɑːki,n.,"家长统治, 父权制, 男性政体",COCA_abridged
loafer,ˈlәufә,n.,"游手好闲的人, 懒人, 懒汉鞋",COCA_abridged
misstep,ˌmisˈstep,n.,"踏错, 错误, 过失, 失足, 失策",COCA_abridged
chug,tʃʌg,n.,"嘎嚓声 vi. 发出嘎嚓声, 嘎嚓响着前进",COCA_abridged
crackle,ˈkrækl,n.,"劈啪响, 裂纹 vi.",COCA_abridged
crackle,ˈkrækl,,(使)发劈啪声,COCA_abridged
self-serving,ˈselfˈsәːviŋ,a.,"求私利的, 自私的, 无人售货的",COCA_abridged
genitals,ˈdʒenit(ә)lz,n.,"生殖器, 外阴部",COCA_abridged
cleanliness,ˈklenlinis,n.,"清洁, 干净",COCA_abridged
befit,biˈfit,vt.,适合于; 与…相称,COCA_abridged
diversified,daiˈvәːsifaid,a.,"多样化的, 各种的",COCA_abridged
payer,ˈpeiә,n.,"支付者, 付款人",COCA_abridged
maniac,ˈmeiniæk,a.,"发狂的, 癫狂的, 疯狂的 n. 狂人, 疯子",COCA_abridged
ontological,ˌɒntәˈlɒdʒikl,a.,"存在论的, 本体论的, 实体论的",COCA_abridged
ouch,autʃ,,"interj. 哎唷(表剧痛) n. 扣环, 胸针, 珠宝饰物",COCA_abridged
suede,sweid,n.,"绒面革,仿麂皮; 小山羊皮, 表面粗糙的软皮革",COCA_abridged
justified,,a.,"正当的, 合乎情理的",COCA_abridged
dismount,disˈmaunt,,v.,COCA_abridged
dismount,disˈmaunt,,(使)下马 [计] 卸载卷,COCA_abridged
stipend,ˈstaipend,n.,"薪金, 定期生活津贴",COCA_abridged
polygraph,ˈpɒligrɑːf,n.,"多种波动记录仪, 复写器, 多产作家, 测谎器",COCA_abridged
peacetime,ˈpiːstaim,n.,"平时时期, 和平",COCA_abridged
mid-size,ˈmɪdsaɪz,adj.,中型的; 中等大小的,COCA_abridged
band-aid,ˈbændeid,a.,"补缀的, 权宜的",COCA_abridged
runaway,ˈrʌnә.wei,n.,"逃跑, 逃走的人, 逃亡, 压倒性的优胜 a. 逃亡的, 逃走的",COCA_abridged
masterful,ˈmɑːstәful,a.,"傲慢的, 主人派头的, 熟练的",COCA_abridged
practiced,ˈpræktist,a.,"有经验的, 熟练的, 精通的",COCA_abridged
ticking,ˈtikiŋ,n.,坚质条纹棉布,COCA_abridged
truffle,ˈtrʌfl,n.,"块菌, 松露",COCA_abridged
gatekeeper,ˈgeitkiːpә,n.,看门人,COCA_abridged
Mecca,ˈmekә,n.,麦加,COCA_abridged
crippled,ˈkrɪpld,a.,"跛腿的, 残废的",COCA_abridged
thoroughfare,ˈθʌrәfєә,n.,"通路, 大道",COCA_abridged
errant,ˈerәnt,a.,"周游的, 离开正道的, 不定的",COCA_abridged
far-fetched,ˈfɑːˈfetʃt,a.,"牵强的, 未必会的; 不着边际",COCA_abridged
ever-changing,ˈevərtʃˈeɪndʒɪŋ,a.,"千变万化的, 变幻无穷的, 日新月异的",COCA_abridged
concluding,kәnˈkluːdiŋ,a.,"结束的, 最后的",COCA_abridged
stub,stʌb,n.,"断肢, 烟蒂, 树桩, 残余, 存根 vt. 连根拔除, 踩熄",COCA_abridged
left-handed,ˈleftˈhændid,a.,"左撇的, 用左手的, 笨拙的",COCA_abridged
shattering,ˈʃætәriŋ,a.,破碎的; 令人震惊的; 令人极度疲劳的; 非常响亮的,COCA_abridged
thumbnail,ˈθʌmneil,n.,"大拇指指甲, 极小之物; 缩略图 a. 极小的, 极短的",COCA_abridged
warped,wɔːpt,a.,"反常的; 乖戾的; 弯曲的; 变形的 v. 弄弯, 变歪; 使（行为等）不合情理, 使乖戾",COCA_abridged
actuality,ˌæktʃuˈæliti,n.,"事实, 现实, 现状",COCA_abridged
redhead,ˈredhed,n.,红发的人,COCA_abridged
contentment,kәnˈtentmәnt,n.,"满足, 使人满意的事物, 满意",COCA_abridged
trope,trәup,n.,"转义, 比喻",COCA_abridged
manicured,ˈmænɪkjʊəd,a.,（草坪、花园）修剪整齐的,COCA_abridged
boating,ˈbәutiŋ,n.,划船,COCA_abridged
effortless,ˈefәtlis,a.,"容易的, 不费力气的",COCA_abridged
paleontologist,ˌpæliɒnˈtɒlәdʒist,n.,古生物学者,COCA_abridged
whack,hwæk,vt.,"猛击, 重打, 削减 vi. 重击 n. 重击, 重打",COCA_abridged
bemoan,biˈmәun,vt.,"哀悼, 惋惜, 认为遗憾, 哀叹",COCA_abridged
pedophile,ˈpiːdəʊfaɪl,n.,恋童癖者,COCA_abridged
adversarial,ˌædvәˈseәriәl,a.,"敌手的,对手的,对抗(性)的",COCA_abridged
lingerie,ˌlænʒәˈriː,n.,女式内衣,COCA_abridged
spinner,ˈspinә,n.,"纺纱工, 旋床工人, 纺纱机, 机头罩, 旋转动作; (美)(非正式)卡车司机",COCA_abridged
savory,ˈseivәri,a.,"风味极佳的, 可口的, 味香的 n. 开胃菜",COCA_abridged
piston,ˈpistәn,n.,"活塞, 活塞阀键)",COCA_abridged
palsy,ˈpɒːlzi,n.,"中风, 麻痹,",COCA_abridged
palsy,ˈpɒːlzi,,"(不由自主的)颤动, 麻痹状态 vt. 麻痹, 使瘫痪",COCA_abridged
meatball,ˈmiːtbɒːl,n.,"肉团, 愚蠢, 飞机降落目标",COCA_abridged
barbaric,bɑːˈbærik,a.,"野蛮的, 粗野的",COCA_abridged
racetrack,ˈreistræk,n.,跑道,COCA_abridged
wiper,ˈwaipә,n.,"揩擦的人, 刮水器, 接触电刷",COCA_abridged
paprika,pæˈpriːkә,n.,"红灯笼辣椒, 红椒色",COCA_abridged
marshmallow,ˈmɑːʃ.mælәu,n.,"棉花软糖, 蜀葵糖剂",COCA_abridged
valued,ˈvæljuːd,a.,"经估价的, 贵重的, 受尊重的",COCA_abridged
bubbly,ˈbʌbli,a.,"多泡的, 起泡的 n. 香槟酒",COCA_abridged
self-evident,ˈselfˈevidәnt,a.,"不证自明, 不言而喻的",COCA_abridged
puck,pʌk,n.,"好恶作剧的小妖精, 淘气小孩, 冰球",COCA_abridged
cleat,kliːt,n.,"楔子, 栓, 系缆墩 vt. 装上栓, 把索系在栓上",COCA_abridged
woodwork,ˈwjdwəːk,n.,"木制品, 木制家具, 木工手艺, 木工活, 房屋内的木建部分",COCA_abridged
disservice,disˈsәːvis,n.,"伤害, 帮倒忙的行为",COCA_abridged
peppermint,ˈpepәmint,n.,"薄荷, 薄荷油, 胡椒薄荷, 薄荷糖",COCA_abridged
unzip,ˌʌnˈzip,vi.,拉开拉链 vt. 拉开,COCA_abridged
goalie,ˈgәjli,n.,守门员,COCA_abridged
middle-income,ˈmidlˈiŋkʌm,a.,中等收入的,COCA_abridged
tome,tәum,n.,"册, 卷, 大本书",COCA_abridged
side-by-side,,a.,"并肩的, 并行的",COCA_abridged
coed,ˈkәuˈed,,n.,COCA_abridged
coed,ˈkәuˈed,,(男女同学学校、尤指大学的)女生,COCA_abridged
craftsmanship,,n.,"技术, 技艺",COCA_abridged
objectionable,әbˈdʒekʃәnәbl,a.,"会引起反对的, 令人讨厌的",COCA_abridged
blazing,ˈbleiziŋ,a.,"炽燃的, 强烈的",COCA_abridged
skipper,ˈskipә,n.,"船长, 机长, 队长",COCA_abridged
Caucasian,kɒːˈkeiziәn,n.,"高加索人, 白种人 a. 高加索的, 白种人的",COCA_abridged
paraphernalia,ˌpærәfәˈneiliә,n.,"（某活动所需的）装备, 设备, 物件",COCA_abridged
underclass,ˈʌndәklæs,n.,"社会底层, 贫困阶层; 低年级学生",COCA_abridged
blacken,ˈblækәn,vt.,"使变黑, 诽谤 vi. 变黑",COCA_abridged
sterling,ˈstәːliŋ,n.,"英国货币, 标准纯银 a. 英国货币的, 标准纯银的, 含标准成分的",COCA_abridged
rye,rai,n.,"黑麦, 吉卜赛绅士",COCA_abridged
bogey,ˈbәugi,n.,"妖怪, 可怕的人(物)",COCA_abridged
hushed,hʌʃt,a.,"（地方）异常安静的, 寂静的; （声音、谈话）小声的, 低声的",COCA_abridged
poodle,ˈpuːdl,n.,"鬈毛狗, 追随者 vt. 把(狗)的毛修剪成拳曲状",COCA_abridged
potion,ˈpәuʃәn,n.,"饮剂, 饮料, 一次饮用量, 一服, 一剂",COCA_abridged
hoot,huːt,n.,"叫嚣, 嘲骂声, 鸣响 vi. 大声叫嚣, 鸣响, 猫头鹰叫 vt. 呵斥, 轰赶",COCA_abridged
poacher,ˈpәutʃә,n.,"偷猎者, 侵入者, 炖蛋锅",COCA_abridged
airman,ˈєәmәn,n.,"飞行员, 空军士兵",COCA_abridged
meteorologist,ˌmiːtiәˈrɒlәdʒist,n.,气象学者,COCA_abridged
tic,tik,n.,"痉挛; 口头禅,下意识动作",COCA_abridged
sorority,sәˈrɒːriti,n.,"妇女联谊会, 女学生联谊会",COCA_abridged
louse,laus,n.,"虱子, 寄生虫",COCA_abridged
refuel,riːˈfjuːәl,v.,补给燃料,COCA_abridged
underage,ˈʌndәridʒ,a.,"未成年的, 未及法定年龄的 n. 缺乏, 不足",COCA_abridged
scrapbook,ˈskræpbuk,n.,剪贴簿,COCA_abridged
retrain,riːˈtrein,vt.,"重新训练, 再训练",COCA_abridged
consumerism,kәnˈsjuːmәrizm,n.,保护消费者利益运动,COCA_abridged
outlying,ˈaut.laiiŋ,a.,"在外的, 边远的, 偏僻的, 题外的",COCA_abridged
wart,wɒːt,n.,"疣, 肉赘",COCA_abridged
bingo,ˈbiŋgәu,n.,"宾戈(一种赌博游戏), 烈酒",COCA_abridged
wryly,raɪlɪ,adv.,"（面部表情）做鬼脸地, 苦笑地, 嘲讽地",COCA_abridged
devaluation,ˌdiːvæljuˈeiʃәn,n.,"降低价值, 贬值",COCA_abridged
homophobia,ˌhәumәˈfәubiә,n.,对同性恋的憎恶（或恐惧）,COCA_abridged
directional,diˈrekʃәnәl,a.,方向的,COCA_abridged
scum,skʌm,n.,"浮渣, 糟粕, 浮藻, 熔渣, 不起好作用的人 vt. 撇去(浮沫) vi. 产生泡沫",COCA_abridged
moisturizer,ˈmɔɪstʃəraɪzə(r),n.,润肤霜; 保湿霜,COCA_abridged
uptown,ˈʌpˈtaun,n.,"非中心区, 住宅区 a. 住宅区的",COCA_abridged
charged,tʃɑːdʒd,a.,"充满强烈感情的, 带电的, 气氛紧张的",COCA_abridged
roach,rәutʃ,n.,斜齿鳊 vt. 使成凹状,COCA_abridged
slider,ˈslaidә,n.,滑行者; 滑动物; 滑动部分,COCA_abridged
saver,ˈseivә,n.,"储户, 存款人; 救助者; 起节约作用的物品; 节约装置",COCA_abridged
jerky,ˈdʒәːki,a.,"急动的, 抽筋的, 不平稳的 n. 牛肉干",COCA_abridged
cast-iron,ˈkɑːstˈaiәn,a.,"铸铁的, 铸铁制成的, 坚固的, 不妥协的",COCA_abridged
scot,skɒt,n.,"苏格兰人, 苏格兰人后裔; 摊派的款项, 税赋",COCA_abridged
transformative,trænsˈfɔːmәtiv,a.,"有改革能力的, 起改造作用的",COCA_abridged
motivator,ˈmәjtiveitә(r),n.,"激起行为(或行动)的人(或事物),促进因素, 激发因素",COCA_abridged
turnip,ˈtәːnip,n.,"芜菁, 芜菁甘蓝",COCA_abridged
entomologist,ˌentәmәˈlɒdʒist,n.,昆虫学家,COCA_abridged
boater,ˈbәutә,n.,"船工, 硬草帽",COCA_abridged
unfurl,ˌʌnˈfәːl,vt.,"展开, 展示, 公开, 使临风招展 vi. 打开, 展开, 显露",COCA_abridged
autistic,ɔːˈtistik,n.,"孤独的, 自我中心的",COCA_abridged
slimy,ˈslaimi,a.,"泥的, 泥泞的, 粘糊糊的, 讨厌的",COCA_abridged
slat,slæt,n.,条板 vi. 劈啪劈啪地碰撞 vt. 用条板制造,COCA_abridged
pulsar,ˈpʌlsɑː,n.,脉冲星,COCA_abridged
pissed,pist,a.,"非常生气的, 恼怒的; 喝醉的",COCA_abridged
retriever,riˈtriːvә,n.,"寻回犬; 取回的人, 挽救者",COCA_abridged
interrogator,inˈterәugeitә,n.,"讯问者, 质问者 [电] 询问机",COCA_abridged
strikeout,ˈstraikaut,n.,"三击未中出局, 失败",COCA_abridged
breakout,ˈbreikajt,n.,"爆发, 越狱, 突围",COCA_abridged
tonal,ˈtәunl,a.,"音调的, 色调的",COCA_abridged
sacramental,sækrәˈmentl,a.,"圣礼的, 圣餐的, 受圣礼约束的, 受誓言约束的, 神圣的",COCA_abridged
mousse,muːs,n.,奶油冻; 摩丝(日化),COCA_abridged
perfectionism,pәˈfekʃәniz(ә)m,n.,"至善论, 过度追求尽善尽美, 圆满论",COCA_abridged
kindly,ˈkaindli,a.,"和蔼的, 温和的, 爽快的 adv. 温和地, 亲切地",COCA_abridged
unforeseen,ˌʌnfɒːˈsiːn,a.,未预料的,COCA_abridged
redistribute,ˌriːdiˈstribjut,vt.,"再分配, 重新分配",COCA_abridged
suction,ˈsʌkʃәn,n.,"吸, 吸入, 吸引, 吸力",COCA_abridged
overarching,ˌəʊvərˈɑːtʃɪŋ,a.,包罗万象的; 支配一切的; 首要的,COCA_abridged
ordination,ˌɒːdiˈneiʃәn,n.,"任命, 授神职(礼), 颁布法令, 排列",COCA_abridged
masturbation,ˌmæstәˈbeiʃәn,n.,手淫; 自淫,COCA_abridged
serotonin,ˌsiәrәuˈtәunin,n.,"血清素,  5-羟色胺",COCA_abridged
newborn,ˈnjuːbɒːn,n.,婴儿 a. 新生的,COCA_abridged
hard-pressed,ˌhɑːdˈprest,a.,"处于困境的, 遭受强大压力的; 经济困难的",COCA_abridged
winnings,,n.,赢得的钱,COCA_abridged
treetop,ˈtriːtɒp,n.,树稍,COCA_abridged
enticing,inˈtaisiŋ,a.,"引诱的, 迷人的",COCA_abridged
clergyman,ˈklәːdʒimәn,n.,"（尤指基督教的）男神职人员, 男牧师",COCA_abridged
molestation,ˌmәuleˈsteiʃәn,n.,"调戏, 干扰, 妨碍",COCA_abridged
bluegrass,ˈbluːgræs,n.,"六月禾, 早熟禾熟植物",COCA_abridged
gurney,ˈgɜːni,n.,（医院中推送病人用的）轮床;  邮件车,COCA_abridged
grounding,ˈgraundiŋ,n.,"基础教学, 基础训练",COCA_abridged
picker,ˈpikә,n.,"采摘者, 采摘机, 挖掘者, 古董收集者",COCA_abridged
alfalfa,ælˈfælfә,n.,"苜蓿, 紫苜蓿",COCA_abridged
converter,kәnˈvəːtә(r),n.,"使改变信仰的人, 换流器, 变压器, 变换器, 变频器, 密码机",COCA_abridged
deferred,diˈfəːd,a.,"推迟的, 迟延的",COCA_abridged
lovable,ˈlʌvәbl,a.,"可爱的, 惹人爱的",COCA_abridged
expertly,,adv.,熟练地; 巧妙地,COCA_abridged
whomever,ˌhuːmˈevə(r),pron.,"（作动词或介词的宾语时, 有时候用来替代whoever）",COCA_abridged
catering,ˈkeitәriŋ,n.,给养; 承办酒席; 提供饮食及服务,COCA_abridged
terra-cotta,ˌterәˈkɒtә,n.,"赤陶土, 赤土陶器, 赤土色",COCA_abridged
underpin,ˌʌndәˈpin,vt.,"从下面支承, 支撑, 支持",COCA_abridged
Cologne,kәˈlәun,n.,"科隆, 科隆香水",COCA_abridged
deformity,diˈfɒːmәti,n.,"残缺, 畸形, 残缺者",COCA_abridged
quaker,ˈkweikә,n.,贵格会教徒,COCA_abridged
perfectionist,pәˈfekʃәnist,n.,"至善论者, 过分挑剔者, 追求尽善尽美者, 圆满论者",COCA_abridged
dispersal,disˈpәːsl,n.,"散布, 传播, 分散",COCA_abridged
siberian,saiˈbiәriәn,a.,西伯利亚（人）的; 来自西伯利亚的,COCA_abridged
aerosol,ˈєәrәusɒl,n.,"烟, 雾 [化] 气溶胶; 烟雾剂",COCA_abridged
morbidity,mɒːˈbiditi,n.,"病态, 发病, 罹病率",COCA_abridged
pursuant,pәˈsjuːәnt,a.,"依据的, 按照的, 追赶的 adv. 相符地, 一致地",COCA_abridged
atrium,ˈɑːtriәm,n.,"中庭, 心房",COCA_abridged
in-service,ˈinˈsәːvis,a.,"在职期间进行的, 在职的",COCA_abridged
legalization,ˌliːgәlaiˈzeiʃәn,n.,"合法化, 法律认可, 立法",COCA_abridged
cyst,sist,n.,"包囊, 囊肿",COCA_abridged
detectable,diˈtektәbl,a.,"可察觉的, 易发现的, 可检测的",COCA_abridged
righteousness,ˈraitʃәsnis,n.,"正义, 公正, 正直",COCA_abridged
peacock,ˈpiːkɒk,n.,"孔雀, 好炫耀的人 vi. 炫耀, 神气活现地行走",COCA_abridged
phrasing,ˈfreiziŋ,n.,"说法, 措辞; 抑扬顿挫; 分节法",COCA_abridged
intolerant,inˈtɔlәrәnt,a.,"不容忍的, 不容异说的, 偏执的, 偏狭的; （身体）不耐的, 过敏的",COCA_abridged
pomegranate,ˈpɒmgrænit,n.,石榴,COCA_abridged
skyward,ˈskaiwәd,adv.,"向着天空, 向上 a. 向着天空的, 向上的",COCA_abridged
blatantly,,adv.,喧闹地; 公然地; 看穿了地,COCA_abridged
mid-afternoon,mid ˈaftəˈnuːn,a.,下午三点左右的,COCA_abridged
warplane,ˈwɒːplein,n.,军用飞机,COCA_abridged
swish,swiʃ,n.,"嗖嗖声 vi. 发嗖嗖声, 嗖地挥动 vt. 嗖地挥动 a. 漂亮的, 时髦的",COCA_abridged
entanglement,inˈtæŋglmәnt,n.,"纠缠, 卷入, 缠绕物",COCA_abridged
cottonwood,ˈkɔtәnwjd,n.,三角叶杨,COCA_abridged
childless,ˈtʃaildlis,a.,无儿女的,COCA_abridged
run-up,,n.,"前夕, 酝酿期, 准备活动, 涨价",COCA_abridged
paparazzi,ˌpɑːpәˈrɑːtsiː,n.,"狗仔队（专门追逐名人偷拍照片的摄影者或记者,",COCA_abridged
paparazzi,ˌpɑːpәˈrɑːtsiː,,paparazzo的复数）,COCA_abridged
stockbroker,ˈstɒk.brәukә,n.,股票经纪人,COCA_abridged
gingerbread,ˈdʒindʒәbred,n.,"姜饼, 俗艳的装饰 a. 俗艳的, 华而不实的",COCA_abridged
hypnosis,hipˈnәusis,n.,"催眠, 催眠术, 催眠状态",COCA_abridged
dropping,ˈdrɒpiŋ,n.,"点滴, 滴下, 落下",COCA_abridged
lentils,ˈlentəlz,n.,小扁豆( lentil的名词复数 ); 小扁豆植株,COCA_abridged
Briton,ˈbritәn,n.,"大不列颠人, 英国人",COCA_abridged
braided,ˈbreidid,a.,编辫子的; 有饰带镶缀的,COCA_abridged
cultured,ˈkʌltʃәd,a.,"有教养的, 有修养的, 有知识的",COCA_abridged
predation,priˈdeiʃәn,n.,掠夺行为,COCA_abridged
neoliberal,ˌniːəʊˈlɪbərəl,n.,新自由主义者,COCA_abridged
hopper,ˈhɒpә,n.,"跳跃的东西, 单足跳者, 跳虫 [化] 漏斗; 料斗; 集尘箱",COCA_abridged
starship,ˈstɑːʃɪp,,n.,COCA_abridged
starship,ˈstɑːʃɪp,,"(科幻小说中的)星际飞船, 星际火箭",COCA_abridged
Yoruba,"ˈjɑːrubә, ˈjɔruˈbɑː",,n.,COCA_abridged
Yoruba,"ˈjɑːrubә, ˈjɔruˈbɑː",,(非洲)约鲁巴人[语],COCA_abridged
melanoma,ˌmelәˈnәumә,n.,"黑瘤, 黑素瘤",COCA_abridged
grimy,ˈgraimi,a.,"污秽的, 肮脏的",COCA_abridged
toenail,ˈtәuneil,n.,"脚趾甲, 斜钉",COCA_abridged
astonishingly,əˈstɔniʃiŋli,adv.,令人惊讶地,COCA_abridged
oversize,ˈәuvәˈsaiz,a.,"太大的, 超大型的 n. 特大型",COCA_abridged
sardine,sɑːˈdiːn,n.,沙丁鱼,COCA_abridged
dissenter,diˈsentә,n.,"持异议者, 不同意者, 不顺从国教者",COCA_abridged
parenthesis,pәˈrenθisis,n.,"圆括号, 插入语, 附带, 插曲",COCA_abridged
lonesome,ˈlәunsәm,a.,寂寞的,COCA_abridged
crossword,ˈkrɔswәːd,n.,"纵横填字游戏, 纵横填字字谜",COCA_abridged
fisher,ˈfiʃә,n.,"渔夫, 食鱼动物, 渔船",COCA_abridged
ill-fated,,a.,"恶运的, 不幸的, 不吉的",COCA_abridged
nab,næb,vt.,"捉住, 逮捕, 抢夺 [电] 国际广播协会的简写",COCA_abridged
conventionally,kәnˈvenʃәnәli,adv.,"照惯例, 照常套, 照老例",COCA_abridged
libertarian,ˌlibәˈtєәriәn,n.,"自由意志主义支持者, 行动自由者 a. 自由意志主义支持者的, 主张个人思想的",COCA_abridged
flourishing,ˈflʌriʃiŋ,a.,"繁茂的, 隆盛的, 繁荣的",COCA_abridged
good-natured,gjdˈneitʃәd,a.,"脾气好的, 和蔼的, 温厚的",COCA_abridged
spacing,ˈspeisiŋ,n.,"留间隔, 空隙, 空白, 间隔",COCA_abridged
rugby,ˈrʌgbi,n.,"橄榄球, 橄榄球赛",COCA_abridged
received,riˈsiːvd,a.,"被一般承认的, 公认的",COCA_abridged
astounding,әˈstaundiŋ,a.,令人惊骇的,COCA_abridged
boneless,ˈbәjnlis,a.,无骨的,COCA_abridged
infiltration,ˌinfilˈtreiʃәn,n.,"渗入, 渗透, 渗透物",COCA_abridged
vigilante,ˌvidʒiˈlænti,n.,警戒会会员,COCA_abridged
eternally,iˈtəːnәli,adv.,"永恒地, 常常",COCA_abridged
violator,ˈvaiәleitә,n.,"侵犯者, 违犯者, 妨碍者",COCA_abridged
airing,ˈєәriŋ,n.,"晾, 通风, 兜风",COCA_abridged
ammo,ˈæmәu,n.,"军火, 弹药",COCA_abridged
illustrated,ˈilәstreitid,n.,有插画的报章杂志,COCA_abridged
interagency,ˌɪntərˈeɪdʒənsɪ,,跨部门的,COCA_abridged
purification,ˌpjurifiˈkeiʃәn,n.,"纯化, 提纯, 涤罪",COCA_abridged
no-nonsense,ˈnәjˈnɔnsәns,a.,"不胡闹的, 严肃的, 讲究实际的",COCA_abridged
reconfigure,ˌriːkәnˈfiɡә. -ɡjuә,vt.,重新配置,COCA_abridged
dumpster,ˈdʌmpstə(r),n.,废料箱,COCA_abridged
chloride,ˈklɒːraid,n.,氯化物; 盐酸盐,COCA_abridged
demonize,ˈdiːmәnaiz,vt.,使成为魔鬼,COCA_abridged
amplifier,ˈæmplifaiә,n.,"扩大的人(物), 放大器, 扩音器",COCA_abridged
rambling,ˈræmbliŋ,a.,"漫步的, 布局零乱的, 散漫的",COCA_abridged
purr,pәː,v.,"呼噜呼噜叫, 发出喉音 n. 呼噜呼噜声",COCA_abridged
celebratory,ˌseləˈbreɪtəri,a.,"快乐的, 兴高采烈的",COCA_abridged
azalea,әˈzeiljә,n.,杜鹃花,COCA_abridged
psychometric,ˌpsaikәjˈmetrik,a.,"心理测量的,心理测量学的",COCA_abridged
purveyor,pәˈveiә,n.,"承办伙食者, 承办商人, 征发官员",COCA_abridged
predictability,pri.diktәˈbiliti,n.,可预测性,COCA_abridged
mangrove,ˈmæŋgrәuv,n.,红树属树木,COCA_abridged
well-to-do,,a.,"富有的, 小康的, 富裕的",COCA_abridged
disobey,ˌdisәˈbei,v.,"违反, 不服从",COCA_abridged
uncompromising,ˌʌnˈkɒmprәmaiziŋ,a.,"坚定的, 不受协的, 不能通融的",COCA_abridged
life-size,ˈlaifsaiz,a.,与原物一般大小的,COCA_abridged
busily,ˈbizili,adv.,忙碌地,COCA_abridged
broiler,ˈbrɔilә(r),n.,"小鸡, 适合于烤焙的小鸡, 烤肉师傅, 烤焙用具, 大热天",COCA_abridged
megawatt,ˈmegәwɒt,n.,百万瓦,COCA_abridged
pike,paik,n.,"长矛, 尖头,",COCA_abridged
pike,paik,,"(体操)屈体, 流浪者, 狗鱼, 通行费 vi. 用矛刺杀, 刺, 离开, 谨慎办事, 采用屈体姿势",COCA_abridged
inexorably,,adv.,冷酷地; 无情地,COCA_abridged
toughen,ˈtʌfn,,v.,COCA_abridged
toughen,ˈtʌfn,,"(使)变坚韧,",COCA_abridged
toughen,ˈtʌfn,,(使)变顽强,COCA_abridged
reliant,riˈlaiәnt,a.,"依赖的, 信赖的",COCA_abridged
breezy,ˈbriːzi,a.,"有微风的, 通风好的, 活泼的",COCA_abridged
placard,ˈplækɑːd,n.,"公告, 布告, 小牌, 海报 vt. 公布, 布告, 张帖, 贴海报于",COCA_abridged
particulate,pәˈtikjulit,n.,微粒 a. 微粒的,COCA_abridged
artful,ˈɑːtful,a.,"巧妙的, 狡猾的",COCA_abridged
fruitless,ˈfruːtlis,a.,"不结果的, 不长果实的, 无子的",COCA_abridged
reborn,ˌriːˈbɒːn,a.,"再生的, 更新的",COCA_abridged
overgrown,ˌәuvәˈgrәun,a.,"发育过度的, 生长过大的, 不合身的, 植被蔓生的",COCA_abridged
hoot,huːt,n.,"叫嚣, 嘲骂声, 鸣响 vi. 大声叫嚣, 鸣响, 猫头鹰叫 vt. 呵斥, 轰赶",COCA_abridged
re-emerge,reɪ iˈməːdʒ,vi.,重新浮现,COCA_abridged
stubby,ˈstʌbi,a.,"又短又秃的(铅笔), 粗而短的(身材), 浓密短硬的(毛发)",COCA_abridged
twitch,twitʃ,vi.,"急拉, 抽搐, 阵痛 vt. 急拉, 攫取, 抽动 n. 急拉, 抽搐, 阵痛",COCA_abridged
impotent,ˈimpәtәnt,a.,"无力的, 虚弱的, 无效的, 阳萎的",COCA_abridged
inhuman,inˈhjuːmәn,a.,"残忍的, 无人性的, 非人类的, 非人道的",COCA_abridged
anoint,әˈnɒint,vt.,"涂油, 施以涂油礼",COCA_abridged
launder,ˈlɒːndә,n.,"流水槽 v. 洗衣, 烫衣",COCA_abridged
jumbo,ˈdʒʌmbәu,n.,庞然大物 a. 巨大的,COCA_abridged
perestroika,ˌperəsˈtrɔɪkə,n.,（苏联经济与政治体制的）改革; 调整; 政治经济重建的,COCA_abridged
departmental,ˌdiːpɑːtˈmentәl,a.,"部门的, 各部的, 分科的",COCA_abridged
thermostat,ˈθәːmәustæt,n.,"自动调温器, 恒温箱",COCA_abridged
ready-made,,a.,"现成的, 做好的",COCA_abridged
partake,pɑːˈteik,vt.,"参与, 分担, 分享 vi. 分享, 参与, 带有",COCA_abridged
commons,ˈkɒmәns,n.,"平民, 下议院, 公共食堂",COCA_abridged
bulkhead,ˈbʌlkhed,n.,"隔壁, 防水壁",COCA_abridged
concierge,ˌkɔːnsiˈeәʒ,n.,"看门人, 门房",COCA_abridged
qualifier,ˈkwɒlifaiә,n.,"取得资格的人, 限定语 [计] 限定词",COCA_abridged
siphon,ˈsaifәn,n.,"虹吸管 vt. 用虹吸管吸出, 抽取 vi. 通过虹吸管",COCA_abridged
scoreboard,ˈskɒːbɒːd,n.,记分板,COCA_abridged
tendril,ˈtendril,n.,"卷须, 卷须状物",COCA_abridged
rigorously,,adv.,严厉地; 残酷地,COCA_abridged
subcontractor,ˌsʌbkәnˈtræktә(r),n.,"转包工作的承包者, 分包者, 转包人",COCA_abridged
carver,ˈkɑːvә,n.,"雕刻匠, 雕工, 切肉刀",COCA_abridged
terrier,ˈteriә,n.,"缉捕罪犯的人, 地籍册",COCA_abridged
close-up,ˈklәuzʌp,n.,"特写镜头, 仔细的观察, 小传",COCA_abridged
unforgiving,ˌʌnfәˈgiviŋ,a.,"不宽恕人的, 不原谅人的",COCA_abridged
euthanasia,ˌjuːθәˈneizjә,n.,安乐死,COCA_abridged
cracking,ˈkrækiŋ,n.,"裂解, 分解 a. 敏捷的, 很好的 adv. 非常, 极其",COCA_abridged
solicitation,sә.lisiˈteiʃәn,n.,"恳求, 恳请, 教唆, 诱惑",COCA_abridged
roofing,ˈruːfiŋ,n.,盖屋顶,COCA_abridged
glassy,ˈglɑːsi,a.,"玻璃质的, 玻璃状的, 如镜的",COCA_abridged
mightily,ˈmaitili,adv.,"强烈地, 非常地",COCA_abridged
jiggle,ˈdʒigl,,v.,COCA_abridged
jiggle,ˈdʒigl,,"(使)轻摇,",COCA_abridged
jiggle,ˈdʒigl,,"(使)微动 n. 轻摇, 微动",COCA_abridged
syntax,ˈsintæks,n.,"句法, 语法, 句子构造",COCA_abridged
maturation,ˌmætʃuˈreiʃәn,n.,"成熟, 化脓",COCA_abridged
epidemiologist,"ˈepi,diːmiˈɔlәdʒist",n.,流行病学家,COCA_abridged
abiding,әˈbaidiŋ,a.,"永久的, 持久的, 不变的",COCA_abridged
cajun,ˈkeidʒәn,n.,法人后裔（移居美国路易斯安纳州的）,COCA_abridged
conspirator,kәnˈspirәtә,n.,"同谋者, 阴谋者, 反叛者",COCA_abridged
handsomely,ˈhænsәmli,adv.,"漂亮地, 整齐地, 当心地, 慢慢地, 优厚地, 慷慨地, 美观地",COCA_abridged
clatter,ˈklætә,n.,"咔嗒声, 哗啦声, 嘈杂的谈笑声 vi. 发出哗啦声, 喧闹的谈笑 vt. 使咔嗒咔嗒地响",COCA_abridged
inflow,ˈinflәu,n.,"流入, 流入物",COCA_abridged
profanity,prәˈfæniti,n.,"玷污神圣, 不敬, 亵渎",COCA_abridged
talker,ˈtɒːkә,n.,"说话的人, 饶舌者, 空谈者",COCA_abridged
grown,grәun,a.,"长大的, 成年的, 长满某物的",COCA_abridged
mid-morning,ˈmɪdˈmɔːnɪŋ,n.,上午中段时间; 上午十点左右 adj. 上午10时左右的; 与上午中段时间有关的,COCA_abridged
self-proclaimed,ˈselfprәˈkleimd,a.,自称的,COCA_abridged
miscellaneous,ˌmisәˈleinjәs,a.,"各种的, 多方面的",COCA_abridged
whaling,ˈ(h)weiliŋ,n.,捕鲸,COCA_abridged
clarinet,klæriˈnet,n.,"竖笛, 单簧管, 黑管",COCA_abridged
categorization,,n.,"归类, 分类",COCA_abridged
minimalist,ˈminimәlist,n.,极简抽象派艺术家,COCA_abridged
sickle,sikl,n.,镰刀,COCA_abridged
undetected,ˌʌndiˈtektid,a.,未被发现的,COCA_abridged
chairwoman,ˈtʃєәwumәn,n.,"女主席, 女议长",COCA_abridged
brunette,bruːˈnet,n.,浅黑肤色的女人 a. 深褐色的,COCA_abridged
Nicaraguan,,n.,尼加拉瓜人 a. 尼加拉瓜的,COCA_abridged
severed,,a.,隔断的; 切断的,COCA_abridged
resell,riːˈsel,vt.,"再卖, 转售",COCA_abridged
he/she,ˈhiːˈʃiː,,pron.,COCA_abridged
he/she,ˈhiːˈʃiː,,[主格]他／她,COCA_abridged
intermittently,,adv.,间歇地,COCA_abridged
circuitry,ˈsәːkitri,n.,"电路学, 电路系统",COCA_abridged
quadrant,ˈkwɒdrәnt,n.,"四分之一圆, 象限, 象限仪",COCA_abridged
renegotiate,ˌriːniˈgәuʃieit,vt.,重新谈判,COCA_abridged
extraterrestrial,ˌekstrәtәˈrestriәl,a.,"地球外的, 地球大气圈外的",COCA_abridged
re-entry,riːˈentrɪ,n.,再进入,COCA_abridged
adamantly,,adv.,坚硬无比地; 坚强地; 固执地; 不动摇地,COCA_abridged
slut,slʌt,n.,"懒妇, 荡妇",COCA_abridged
gondola,ˈgɒndәlә,n.,"狭长小船, 两头尖的平底船, 吊监, 吊舱, 无盖货车",COCA_abridged
fecal,ˈfiːkәl,a.,"排泄物的, 渣滓的",COCA_abridged
unequivocal,ˌʌniˈkwivәkl,a.,"不含糊的, 不模棱两可的, 明确的",COCA_abridged
decentralization,"diː,sentrәlaiˈzeiʃәn",n.,"分散, 权力分散, 权力下放",COCA_abridged
self-worth,selfˈwəːθ,n.,自尊,COCA_abridged
wistfully,ˈwɪstfəlɪ,adv.,"惆怅地, 渴望地",COCA_abridged
nugget,ˈnʌgit,n.,"金块, 贵金属块, 小块 [化] 熔核",COCA_abridged
ever-present,"ˈevә,prezәnt",a.,始终存在的,COCA_abridged
headstone,ˈhedstәun,n.,"墓碑, 基石",COCA_abridged
testimonial,ˌtestiˈmәunjәl,n.,"证明书, 介绍信, 奖品, 奖金, 奖状, 感谢信, 表扬信 a.",COCA_abridged
testimonial,ˌtestiˈmәunjәl,,"(有关)证明书的, 鉴定书的, 表扬的, 褒奖的",COCA_abridged
speckled,ˈspekld,a.,有斑点的,COCA_abridged
cordless,ˈkɒːdlis,a.,"无绳索的, 交直流两用的",COCA_abridged
stamped,stæmpt,a.,盖上邮戳的; 铭刻的; 顿足的,COCA_abridged
reggae,"ˈre,gei",n.,雷盖音乐,COCA_abridged
disordered,disˈɒːdәd,a.,"混乱的, 发狂的, 害了病的",COCA_abridged
hairline,ˈheәlain,n.,"发际线, 细缝, 细微的区别",COCA_abridged
grille,gril,n.,"格子, 铁格子, 格子窗",COCA_abridged
reasoned,ˈriːz(ә)nd,a.,"思路清晰的, 言之有据的",COCA_abridged
enquirer,,n.,寻问者; 追究者,COCA_abridged
globular,ˈglɒbjulә,a.,"球状的, 小球状的, 由小球形成的",COCA_abridged
stacked,,a.,"放有大量……的, 成堆的; （扑克）有诈的; （非正式）胸部丰满的",COCA_abridged
riff,rif,n.,连复段,COCA_abridged
attitudinal,ˌætiˈtjuːdinәl,a.,"态度的, 根据(或表示)个人态度的",COCA_abridged
illuminated,,a.,"被照明的, 受启发的, 加了灯饰的, 加了彩饰的",COCA_abridged
redesign,ˌriːdiˈzain,vt.,重新设计; 重新制订,COCA_abridged
cheesy,ˈtʃiːzi,a.,"干酪质的; 俊俏的, 优秀的",COCA_abridged
labor-intensive,ˈlæbərɪntˈensɪv,a.,劳动密集型的,COCA_abridged
commemorative,kәˈmemәrәtiv,a.,纪念的,COCA_abridged
buzzing,,a.,"嗡嗡响的, 营营响的 [电] 发蜂音",COCA_abridged
purist,ˈpjuәrist,n.,纯粹主义者,COCA_abridged
great-grandfather,"ˌgreitˈgrænd,fɑːðә(r)",n.,曾祖父,COCA_abridged
uneducated,ˌʌnˈedjukeitid,a.,"未受教育的, 无知的",COCA_abridged
wholeheartedly,,adv.,"全心全意地, 全神贯注地",COCA_abridged
triplet,ˈtriplit,n.,"三个一组, 三件一套, 三胞胎中的一个 [计] 三位字节",COCA_abridged
dogwood,ˈdɒgwud,n.,山茱萸科植物,COCA_abridged
undisputed,ˌʌndisˈpjuːtid,a.,无可争辩的; 毋庸置疑的; 没有争议的,COCA_abridged
troublemaker,ˈtrʌbl.meikә,n.,惹麻烦的人,COCA_abridged
quickness,ˈkwiknis,n.,"急速, 迅速, 速度",COCA_abridged
well-trained,ˌwelˈtreɪnd,adj.,"训练有素的, 受过良好训练的",COCA_abridged
horrified,ˈhɒrifaid,a.,"惊骇的, 带有恐怖感的",COCA_abridged
die-hard,,a.,"顽固的, 死硬的",COCA_abridged
inflationary,inˈfleiʃәnәri,a.,"通货膨胀的, 通货膨胀倾向的",COCA_abridged
saber,ˈseibә,n.,"军刀, 骑兵 vt. 用马刀砍",COCA_abridged
Balkan,ˈbɒːlkәn,a.,巴尔干的,COCA_abridged
repatriation,ˌriːpætriˈeiʃәn,n.,"遣送回国, 汇回本国",COCA_abridged
energy-efficient,ˈenədʒiːɪfˈɪʃnt,adj.,能效高的; 高能效的,COCA_abridged
slime,slaim,n.,"烂泥, 粘液 vt. 涂上泥 vi. 变粘滑",COCA_abridged
streetcar,ˈstriːtkɑː,n.,有轨电车,COCA_abridged
Tamil,ˈtæmil,n.,"泰米尔人, 泰米尔语",COCA_abridged
psychoanalytic,"ˈpsaikәj,ænәˈlitik",a.,精神分析的,COCA_abridged
Protestantism,ˈprɒtistәntizm,n.,"新教, 新教教义, 新教徒",COCA_abridged
top-notch,,a.,最高质量的,COCA_abridged
trapper,ˈtræpә,n.,"设陷阱捕兽者, 设陷阱猎兽者, 看门工",COCA_abridged
sabbatical,sәˈbætikl,a.,"安息日的, 休假的",COCA_abridged
airfare,ˈεә.fεә,n.,飞机票价,COCA_abridged
law-abiding,,a.,"守法的, 安分守已的, 守秩序的",COCA_abridged
cross-sectional,ˈkrɔsˈsekʃənәl,a.,代表性的,COCA_abridged
demonic,diˈmɒnik,a.,"恶魔的, 有魔力的",COCA_abridged
lithium,ˈliθiәm,n.,锂,COCA_abridged
sh,ʃ,,interj. 嘘,COCA_abridged
pruning,ˈpruːniŋ,n.,"修剪, 修枝, 剪枝",COCA_abridged
pretzel,ˈpretsәl,n.,"椒盐卷饼,",COCA_abridged
pretzel,ˈpretsәl,,(美)(非正式)法国号,COCA_abridged
annihilation,ә.naiәˈleiʃәn,n.,"歼灭, 湮灭",COCA_abridged
testicle,ˈtestikl,n.,睾丸,COCA_abridged
hatchery,ˈhætʃәri,n.,孵卵处,COCA_abridged
unending,ˌʌnˈendiŋ,a.,"无穷尽的, 无止境的, 不停的",COCA_abridged
misread,misˈriːd,vt.,"读错, 看错",COCA_abridged
baboon,bәˈbuːn,n.,狒狒,COCA_abridged
authoritarianism,"ə,θɔrəˈtɛrɪənɪzəm",n.,独裁主义; 权力主义,COCA_abridged
reassemble,ˌriːәˈsembl,vt.,"重新召集, 重新装配 vi. 重新集合",COCA_abridged
giving,ˈgiviŋ,n.,"礼物, 给予物",COCA_abridged
springboard,ˈspriŋbɒːd,n.,"跳板, 出发点",COCA_abridged
ref,ref,n.,"裁判员, 参考, 外部文件报告",COCA_abridged
ideologue,ˈaidiːәulɔg,n.,"理论家, 思想家,空想家",COCA_abridged
self-consciousness,,n.,"忸怩, 害羞; 自我意识",COCA_abridged
unannounced,ˌʌnәˈnaunst,a.,未经宣布的,COCA_abridged
encampment,inˈkæmpmәnt,n.,"露营, 宿营",COCA_abridged
unchallenged,ˌʌnˈtʃæliŋdʒd,a.,"未引起争论的, 未受到挑战的, 毫无疑问的",COCA_abridged
reheat,riːˈhiːt,vt.,再热; 再热炉,COCA_abridged
faceless,ˈfeislis,a.,"无面的, 无个性的, 匿名的, 无名的",COCA_abridged
deconstruct,ˌdiːkənˈstrʌkt,vt.,解构（文学作品等）; 拆析,COCA_abridged
self-destructive,self disˈtrʌktiv,a.,自毁的,COCA_abridged
soundly,ˈsaundli,adv.,"完全地, 健全地, 坚牢地",COCA_abridged
insurmountable,ˌinsәˈmauntәbl,a.,"难以克服的, 不能超越的",COCA_abridged
catheter,ˈkæθitә,n.,导管,COCA_abridged
seedy,ˈsiːdi,a.,"多种子的, 结籽的, 破烂的, 肮脏的",COCA_abridged
outdo,ˌautˈduː,vt.,"超越, 胜过, 战胜",COCA_abridged
finality,faiˈnæliti,n.,"终结, 定局, 终结性言行",COCA_abridged
machete,mәˈtʃeiti,n.,大砍刀,COCA_abridged
chariot,ˈtʃæriәt,n.,二轮战车,COCA_abridged
nightstand,ˈnaitstænd,n.,<美>床头几,COCA_abridged
defector,diˈfektә,n.,"背叛者, 叛离者, 变节分子, 开小差者",COCA_abridged
payday,,n.,"发薪日, 发工资日, 交割日, 过户结帐日",COCA_abridged
orgy,ˈɔːdʒi,n.,"无节制, 狂欢, 纵酒宴乐, 放荡",COCA_abridged
wrongful,ˈrɒŋful,a.,"不正当的, 不法的, 不讲道理的",COCA_abridged
evaluator,iˈvæljjeitә(r),n.,估价者; 评价者; 评估物,COCA_abridged
jumpsuit,ˈdʒʌmpsuːt,n.,"连衣裤, （尤指女式）连衣裤",COCA_abridged
well-dressed,,a.,穿得很体面的,COCA_abridged
secularism,ˈsekjulәrizm,n.,"现世主义, 宗教与教育分离论",COCA_abridged
realignment,ˌriːәˈlainmәnt,n.,"重新排列, 改组, 重新组合",COCA_abridged
overseer,ˌәuvәˈsiːә,n.,"监督, 工头, 管理人",COCA_abridged
sidekick,ˈsaidkik,n.,"伙伴, 插袋",COCA_abridged
sterilization,ˌsterәlaiˈzeiʃәn,n.,"使成不毛, 无用状态, 绝育, 杀菌,消毒",COCA_abridged
dill,dil,n.,"莳萝, 莳萝叶",COCA_abridged
liquidity,liˈkwiditi,n.,"流动性, 流畅",COCA_abridged
tenderloin,ˈtendәlɒin,n.,"腰部嫩肉, 里脊肉",COCA_abridged
punctuation,ˌpʌŋktʃuˈeiʃәn,n.,"标点, 标点符号",COCA_abridged
admiring,әdˈmaiәriŋ,a.,"赞赏的, 钦佩的, 羡慕的",COCA_abridged
Somali,sәuˈmɑːli,n.,索马里人,COCA_abridged
restaurateur,restәrәˈtә(r),n.,餐馆老板,COCA_abridged
defenseless,diˈfenslis,a.,无防备的,COCA_abridged
dispenser,disˈpensә,n.,"分配者, 药剂师, 配药员, 分配器",COCA_abridged
unfettered,ˈʌnˈfetәd,a.,"自由自在的, 无拘无束的",COCA_abridged
alleyway,ˈæliwei,n.,"小巷, 窄街, 走廊",COCA_abridged
schoolgirl,ˈskuːlgәːl,n.,女学生,COCA_abridged
coursework,ˈkɔːswɜːk,n.,"课程作业(指学生修完某一课程所做的全部作业, 通常作成绩评估用)",COCA_abridged
top-down,ˈtɔpdajn,a.,自顶向下,COCA_abridged
lifeboat,ˈlaifbәjt,n.,救生艇,COCA_abridged
Kuwaiti,"kuˈweiti, kәˈwaiti",a.,"科威特的, 科威特人的 n. 科威特人",COCA_abridged
irritated,ˈiriteitid,a.,"被激怒的, 生了气的, 变粗的, 因刺激而发炎的, 发红的",COCA_abridged
environmentalism,"in,vaiәrәnˈmentlizm",n.,"环境保护论, 环境论",COCA_abridged
burrito,bәˈritәu,n.,墨西哥玉米煎饼,COCA_abridged
oriented,ˈɒːrientid,a.,关注的; 有兴趣倾向的,COCA_abridged
anchovy,ˈæntʃәvi,n.,凤尾鱼; 鳀鱼,COCA_abridged
router,"ˈruːtә(r), ˈraj-",,n.,COCA_abridged
router,"ˈruːtә(r), ˈraj-",,[计] 路由器,COCA_abridged
eccentricity,ˌeksenˈtrisiti,n.,"古怪, 古怪行为, 怪癖; 偏心度, 偏心距, 偏心率",COCA_abridged
coolness,ˈkuːlnis,n.,"冷, 凉爽, 冷静",COCA_abridged
dammit,ˈdæmit,int.,"该死, 真他妈的",COCA_abridged
hangout,,n.,"常去的地方, 聚集处",COCA_abridged
time-honored,ˈtaɪmˈɔːnəd,a.,"因古老而受到尊重的, 确立已久的",COCA_abridged
weeping,ˈwiːpiŋ,n.,"哭泣, 流泪 a. 哭泣的, 滴水的, 泪汪汪的, 下雨的, 多雨的, 垂枝的",COCA_abridged
sizzle,ˈsizl,vi.,发出嘶嘶声 vt. 烧灼 n. 咝咝声,COCA_abridged
Panamanian,ˌpænәˈmeiniәn,a.,巴拿马的 n. 巴拿马人,COCA_abridged
responder,riˈspɔndә(r),n.,"回答者, 响应者, 响应器, 应答机",COCA_abridged
profusion,prәˈfjuːʒәn,n.,"大量, 慷慨, 挥霍, 充沛, 浪费",COCA_abridged
waterfowl,ˈwɒtәfәul,n.,水鸟,COCA_abridged
Mayan,ˈmɑːjәn,a.,"马雅人的, 马雅语的 n. 马雅人, 马雅语",COCA_abridged
unambiguous,ˌʌnæmˈbigjuәs,a.,"清晰的, 明白的, 不模糊的",COCA_abridged
epidemiological,,a.,流行病学,COCA_abridged
stand-alone,"ˈstændә,lәjn",n.,独立,COCA_abridged
mellow,ˈmelәu,a.,"成熟的, 醇的, 熟练的",COCA_abridged
misplaced,ˌmɪsˈpleɪst,a.,错位的; 寄托错的 v. 错放(misplace的过去式),COCA_abridged
nanotechnology,ˌnænəʊtekˈnɒlədʒi,n.,"纳米技术, 毫微技术; 纤技术",COCA_abridged
mismatch,misˈmætʃ,n.,"错配 vt. 错配, 使...成不相配的婚姻",COCA_abridged
Ramadan,ˌræmәˈdɑːn,n.,斋戒月,COCA_abridged
dispersion,disˈpәːʃәn,n.,分散; 分散作用; 分散体; 色散; 离差,COCA_abridged
ferocity,fәˈrɒsiti,n.,"凶猛, 残忍, 狂暴的行为",COCA_abridged
lifeguard,ˈlaifgɑːd,n.,"卫兵, 禁卫军, 救生员",COCA_abridged
caterer,ˈkeitәrә,n.,"备办食物者, 备办宴席者",COCA_abridged
cross-section,,n.,"横截面, 剖视图, 断面图, 横断面, 截面",COCA_abridged
nave,neiv,,n.,COCA_abridged
nave,neiv,,"(教堂)中殿, 中央广场, 轮毂 [机] 轮毂",COCA_abridged
homey,ˈhәumi,a.,"家庭似的, 自在的, 舒适的",COCA_abridged
sundown,ˈsʌndaun,n.,"日落, 阔边女帽",COCA_abridged
e-commerce,ˈiːkɒmɜːs,n.,电子商务,COCA_abridged
inset,ˈinset,vt.,"嵌入 n. 插入物, 插页, 插图",COCA_abridged
assumed,әˈsjuːmd,a.,"假装的, 设想的, 假定的, 被承担的",COCA_abridged
disillusionment,ˌdisiˈljuːʒәnmәnt,n.,"幻灭,觉醒",COCA_abridged
manor,ˈmænә,n.,"采邑, 庄园, 采地",COCA_abridged
lynching,ˈlintʃiŋ,n.,"私刑, 私刑处死",COCA_abridged
overhang,ˌәuvәˈhæŋ,n.,"突出部份, 悬垂部份 vt. 悬于...之上,",COCA_abridged
overhang,ˌәuvәˈhæŋ,,"(危险等)逼近 vi. 悬垂, 逼近",COCA_abridged
gynecologist,ˌgainiˈkɒlәdʒist,n.,妇科医生,COCA_abridged
aural,ˈɒːrәl,a.,"耳的, 听觉的, 气氛的, 气味的, 光环的",COCA_abridged
gauntlet,ˈgɒːntlit,n.,"铁手套, 长手套, 夹击",COCA_abridged
feathered,ˈfeðәd,a.,"有羽毛的, 羽状的, 用羽毛覆盖的",COCA_abridged
autocratic,ˌɒːtәˈkrætik,a.,"独裁的, 专制的",COCA_abridged
subsystem,ˈsʌb.sistәm,n.,"辅助系统, 子系统",COCA_abridged
handiwork,ˈhændiwәːk,n.,"手工, 手工艺, 手工",COCA_abridged
flashing,ˈflæʃiŋ,n.,"闪光, 遮雨板, 防水板",COCA_abridged
untrained,ˌʌnˈtreind,a.,未经训练的,COCA_abridged
first-degree,,a.,"最低级的, 第一度的, 最轻度的",COCA_abridged
abundantly,әˈbʌndәntli,adv.,"大量地, 丰富地",COCA_abridged
al-qaeda,,n.,基地组织,COCA_abridged
confirmed,kәnˈfәːmd,a.,"被证实的, 根深蒂固的, 坚定的",COCA_abridged
crashing,ˈkræʃiŋ,a.,"猛撞的, 彻底的, 非凡的",COCA_abridged
unsolicited,ˈʌnsәˈlisitid,a.,"未经请求的, 主动提供的",COCA_abridged
class-action,klɑːs ˈækʃən,n.,集体诉讼,COCA_abridged
sassy,ˈsæsi,a.,"无礼的, 充满生气的, 时髦的",COCA_abridged
unstoppable,ʌnˈstɒpəbl,a.,"无法停止的, 不可阻碍的",COCA_abridged
psycho,ˈsaikәu,n.,"心理分析, 精神神经病患者 a. 精神变态的, 精神神经病的",COCA_abridged
jogger,ˈdʒɔɡә(r),n.,慢跑者; [印刷]撞纸机,COCA_abridged
bassist,ˈbeisist,n.,低音提琴手,COCA_abridged
matter-of-factly,ˌmætərəfˈfæktlɪ,adv.,"实事求是地, 切合实际地, 就事论事地",COCA_abridged
hostel,ˈhɒstәl,n.,"青年招待所, 宿舍, 旅店",COCA_abridged
subtext,sʌbˈtekst,n.,"潜在的意思, 潜台词",COCA_abridged
extradition,ˌekstrәˈdiʃәn,n.,"引渡逃犯, 亡命者送还本国",COCA_abridged
bourgeoisie,ˌbuәʒwɑːˈziː,n.,"中产阶级, 资产阶级",COCA_abridged
dryly,ˈdraili,adv.,"冷淡地, 枯躁无味地",COCA_abridged
jasmine,ˈdʒæsmin,n.,"茉莉, 淡黄色",COCA_abridged
persistently,pəˈsɪstəntlɪ,adv.,坚持地; 固执地; 一个劲儿,COCA_abridged
comfy,ˈkʌmfi,a.,"舒服的,轻松的",COCA_abridged
Passover,ˈpæs.әuvә,n.,逾越节,COCA_abridged
mitt,mit,n.,"棒球手套, 拳击手套, 连指手套 vt. 铐住, 握手",COCA_abridged
blogger,,n.,写博客的人; 博客使用者,COCA_abridged
poetics,pәuˈetiks,n.,"诗学, 诗学论文, 诗情",COCA_abridged
rigidly,,adv.,严格地; 坚硬地; 严厉地; 牢牢地,COCA_abridged
junta,ˈdʒʌntә,n.,"以武力政变上台的(军)政府, 私党, 阴谋小集团, 政务会",COCA_abridged
passivity,pæˈsiviti,n.,"被动, 被动性, 无抵抗, 钝性, 被动结构",COCA_abridged
antioxidant,ˌæntiˈɒksidәnt,n.,抗氧剂; 抗氧化剂; 防老剂; 防老化剂,COCA_abridged
off-road,ˈɔfrәud. ˈɔː-,a.,越野的,COCA_abridged
incandescent,ˌinkænˈdesnt,a.,"白热的, 闪闪发光的, 辉耀的, 灿烂的",COCA_abridged
re-enact,ˈriːiˈnækt,vt,1.再次扮演 2.再次展现,COCA_abridged
nothingness,ˈnʌθiŋnis,n.,"无, 微不足道, 无价值, 不存在, 虚无",COCA_abridged
messaging,,n.,消息传送; 信息传送; 通知,COCA_abridged
look-alike,"ˈljkә,laik",n.,面貌酷似的人,COCA_abridged
leaguer,ˈliːgә,n.,"围攻, 盟员",COCA_abridged
cardigan,ˈkɑːdigәn,n.,卡迪根式开襟羊毛衫,COCA_abridged
tanned,tænd,n.,（皮肤被晒成）棕褐色的,COCA_abridged
tainted,,a.,"腐坏的, 污染的, 沾污的, 感染的",COCA_abridged
sweatshop,"ˈswet,ʃɔp",n.,血汗工厂,COCA_abridged
moot,muːt,n.,"大会, 模拟案件, 辩论会 a. 未决议的, 无实际意义的 vt. 讨论, 争论",COCA_abridged
silverware,ˈsilvәwєә,n.,银器,COCA_abridged
expletive,eksˈpliːtiv,a.,"填补的,  附加的, 补足的 n. 语助词, 虚词, 感叹词, 诅咒语,惊叹语, 附加物",COCA_abridged
lettering,ˈletәriŋ,n.,"写字, 印字, 刻字",COCA_abridged
judgmental,dʒʌdʒˈmentl,a.,审判的,COCA_abridged
mythological,ˌmiθәˈlɒdʒikәl,a.,"神话的, 神话学的, 虚构的",COCA_abridged
allegorical,ˌæliˈgɒrikl,a.,"寓言的, 讽喻的",COCA_abridged
self-respect,ˈselfrisˈpekt,n.,"自尊, 自重",COCA_abridged
tax-exempt,ˈtæksigˈzempt,a.,"免税的,",COCA_abridged
tax-exempt,ˈtæksigˈzempt,,(债券)利息免税的,COCA_abridged
multiracial,ˌmʌltiˈreiʃәl,a.,多民族的,COCA_abridged
cross-examination,,n.,盘问,COCA_abridged
tracker,ˈtrækә,n.,"追踪者, 跟踪雷达, 拉纤者, 探索者, 追踪空中移动物体的仪器",COCA_abridged
long-awaited,,a.,被期待已久的,COCA_abridged
disingenuous,ˌdisinˈdʒenjuәs,a.,"不老实的, 不诚实的, 狡猾的",COCA_abridged
womanhood,ˈwjmәnhjd,n.,"女子成年期, 女子成年资格, 女子气质, 女子特性",COCA_abridged
filtration,filˈtreiʃәn,n.,过滤,COCA_abridged
retailing,ˈriːteiliŋ,n.,零售业,COCA_abridged
midpoint,ˈmidpɒint,n.,"中点, 一半",COCA_abridged
hydroelectric,ˌhaidrәuiˈlektrik,a.,"水电的, 水电治疗的",COCA_abridged
Chechen,tʃəˈtʃen,n.,车臣,COCA_abridged
heretofore,ˌhiәtuˈfɒː,adv.,"直到此时, 此时以前, 迄今",COCA_abridged
ventilator,ˈventileitә,n.,"通风设备, 送风机, 换气扇",COCA_abridged
colorless,ˈkʌlәrlis,a.,无色的,COCA_abridged
vagaries,ˈveɪgəriz,n.,奇想( vagary的名词复数 ); 异想天开; 难以预测的情况,COCA_abridged
kimono,kiˈmәunәu,n.,"和服,",COCA_abridged
kimono,kiˈmәunәu,,(妇女穿着的)宽大晨衣,COCA_abridged
unmistakably,ˌʌnmɪˈsteɪkəblɪ,adv.,显而易见地; 不会弄错地; 不会误解地; 明白地,COCA_abridged
astrophysicist,ˌæstrәuˈfizisist,n.,天体物理学家,COCA_abridged
banjo,ˈbændʒәu,n.,班卓琴,COCA_abridged
fanatical,fәˈnætikәl,a.,"狂热的, 盲信的",COCA_abridged
asymmetrical,,a.,"不对称的, 偏位的",COCA_abridged
papaya,pәˈpaiә,n.,"番木瓜树, 番木瓜",COCA_abridged
starkly,,adv.,"完全, 分明地, 赤裸裸地",COCA_abridged
motherfucker,ˈmʌðəfʌkə(r),n.,"（通常指男性）不要脸的家伙, 混账东西",COCA_abridged
nutshell,ˈnʌtʃel,n.,"坚果壳, 极小的东西",COCA_abridged
slaughterhouse,ˈslɒːtәhaus,n.,屠杀场,COCA_abridged
starlight,ˈstɑːlait,n.,星光,COCA_abridged
derby,ˈdɑːbi,n.,"德比(英国中部都市), 德比赛马, 大赛马",COCA_abridged
undercurrent,ˈʌndә.kʌrәnt,n.,"暗流, 潜流, 电流不足",COCA_abridged
catwalk,ˈkætwɒːk,n.,狭小通道,COCA_abridged
monastic,mәˈnæstik,a.,"修道院的, 僧尼的, 寺院的, 庙宇的, 禁欲生活的 n. 修道士",COCA_abridged
purportedly,pəːˈpɔːtidli,adv.,据称,COCA_abridged
brine,brain,n.,"盐水, 海水, 海 vt. 用浓盐水处理",COCA_abridged
meringue,mәˈræŋ,n.,"糕饼, 蛋白甜饼, 蛋白酥皮筒/酥皮卷, 蛋白酥皮",COCA_abridged
barbershop,,n.,理发店,COCA_abridged
lazily,ˈleizili,adv.,懒洋洋地,COCA_abridged
Salvadoran,ˌsælvəˈdɔːrən,n.,萨尔瓦多人 a. 萨尔瓦多的; 萨尔瓦多人的,COCA_abridged
tryout,ˈtraiaut,n.,"试验, 试用, 选拔赛",COCA_abridged
at-large,,,"详尽的; 未被捕的, 整个的",COCA_abridged
reposition,ˌripәˈziʃәn,n.,"复位, 储藏 vt. 改变...的位置, 使...复位",COCA_abridged
eminently,,adv.,"很, 突出地, 非常",COCA_abridged
sweetener,ˈswiːtnә,n.,"代糖, 甜料 [化] 脱硫设备",COCA_abridged
gymnast,ˈdʒimnæst,n.,体操运动员,COCA_abridged
adoration,ˌædәˈreiʃәn,n.,"崇拜, 爱慕",COCA_abridged
uncharted,ˌʌnˈtʃɑːtid,a.,"无人探险过的, 未知的, 海图上未载明的",COCA_abridged
worshiper,ˈwәːʃipә,n.,"参加礼拜者, 崇拜者",COCA_abridged
encroachment,inˈkrәutʃmәnt,n.,"侵犯, 侵占, 侵入",COCA_abridged
mutt,mʌt,n.,"傻子, 笨蛋, 狗",COCA_abridged
principled,ˈprinsәpld,a.,"原则的, 有原则的, 原则性的",COCA_abridged
fullback,ˈfulbæk,n.,后卫,COCA_abridged
okra,ˈәukrә,n.,"秋葵, 秋葵荚, 羊角豆",COCA_abridged
corduroy,ˈkɒːdәrɒi,n.,"灯芯绒, 用灯芯绒布制的衣服, 灯芯绒裤子 a. 灯芯绒做的,",COCA_abridged
corduroy,ˈkɒːdәrɒi,,(路、桥)用木头铺排成的,COCA_abridged
authorship,ˈɔːθәʃip,n.,"原作者, 根源, 原创造者",COCA_abridged
cheeseburger,ˈtʃiːzbәːgә,n.,干酪汉堡包,COCA_abridged
curbside,ˈkəːbsaid,n.,"靠近路缘的人行道部分,路边",COCA_abridged
abatement,әˈbeitmәnt,n.,"减少, 减轻, 缓和, 折扣, 撤消, 中止",COCA_abridged
how-to,ˈhauˈtuː,a.,"提供入门知识的, 指引的",COCA_abridged
heartache,ˈhɑːteik,n.,"心痛, 悲叹",COCA_abridged
airspace,ˈєәspeis,n.,"空域, 空间",COCA_abridged
manicure,ˈmænikjuә,n.,"修指甲术, 修指甲, 修指甲师 vt. 修指甲, 修剪",COCA_abridged
raven,ˈreivn,n.,"渡鸦, 掠夺 a. 乌黑的 v. 掠夺, 狼吞虎咽",COCA_abridged
storybook,ˈstɒːribuk,n.,"故事书, 小说",COCA_abridged
cleanly,ˈklenli,a.,"爱清洁的, 干净的, 清洁的 adv. 干净地, 利索地, 熟练地",COCA_abridged
deconstruction,ˌdiːkәnˈstrʌkʃən,n.,"解构,拆析",COCA_abridged
dandelion,ˈdændilaiәn,n.,蒲公英,COCA_abridged
shuttered,ˈʃʌtəd,a.,关上百叶窗的; 装有百叶窗的,COCA_abridged
ground-based,ɡˈraʊndbˈeɪst,adj.,陆基的; 以地面为基础的,COCA_abridged
long-running,lɔŋ ˈrʌnɪŋ,a.,长期上演的; 连续上演很长时间的,COCA_abridged
wager,ˈweidʒә,n.,"赌注, 赌博, 赌物 vt. 下赌注, 向...保证 vi. 打赌",COCA_abridged
woolly,ˈwuli,a.,"羊毛制的, 模糊的, 似羊毛的, 蓬乱的",COCA_abridged
roost,ruːst,n.,"栖木, 休息所, 群栖的禽鸟 vi. 栖息, 安歇 vt. 使栖息",COCA_abridged
subversion,sәbˈvәːʃәn,n.,"颠覆, 打倒, 破坏",COCA_abridged
all-night,,a.,通宵的,COCA_abridged
burdensome,ˈbәːdnsәm,a.,"累赘的, 恼人的, 繁重的",COCA_abridged
sauna,ˈsaunә,n.,桑拿浴,COCA_abridged
unattended,ˌʌnәˈtendid,a.,"无人出席的, 无随员的, 无侍从的, 无伴的, 未被注意的",COCA_abridged
lightness,ˈlaitnis,n.,"光亮度,",COCA_abridged
lightness,ˈlaitnis,,"(颜色的)浅淡, 轻率, 轻佻, 轻盈, 轻松, 轻巧, 精巧, 优美",COCA_abridged
spotless,ˈspɒtlis,a.,"无脏污的, 无缺点的, 无可挑剔的",COCA_abridged
rousing,ˈrauziŋ,a.,"使觉醒的, 使奋起的, 使感动的",COCA_abridged
tote,tәut,vt.,"提, 负, 携带, 加, 合计 n. 负担, 携带",COCA_abridged
diagonally,daiˈægәnәli,adv.,对角地,COCA_abridged
gelatin,ˈdʒelәtin,n.,"明胶, 凝胶体, 动物胶, 果子冻, 彩色透明滤光板",COCA_abridged
urinary,ˈjuәrinәri,a.,"尿的, 泌尿的 n. 小便处",COCA_abridged
duality,djuːˈæliti,n.,二元性; 二象性; 双偶性,COCA_abridged
wandering,ˈwɒndәriŋ,a.,"漫游的, 徘徊的, 流浪的, 蜿蜒的 n. 闲逛, 流浪, 离题, 胡言乱语",COCA_abridged
bash,bæʃ,v.,"猛击, 打坏 n. 猛撞, 猛击",COCA_abridged
schoolyard,ˈskuːljɑːd,n.,"校园, 运动场",COCA_abridged
interfaith,"ˈintә(ː),feiθ",a.,"不同宗教信仰者(间)的,不同宗教团体(间)的",COCA_abridged
citywide,ˈsiti.waid,a.,"全市的, 全市性的",COCA_abridged
redden,ˈredn,vi.,"变红, 脸红 vt. 使变红",COCA_abridged
Darwinian,dɑːˈwiniәn,a.,"达尔文的, 达尔文学说的 n. 达尔文主义者, 进化论者",COCA_abridged
indiscriminate,ˌindisˈkriminit,a.,"无差别的, 任意的, 杂乱的",COCA_abridged
co-chair,,n.,共同主席; 联合组长,COCA_abridged
ordered,,a.,"安排好的, 有规律的, 有条理的, 整齐的",COCA_abridged
squawk,skwɒːk,n.,"响而粗的叫声, 夜鹭 vi. 发出响而粗的叫声, 发牢骚, 诉苦",COCA_abridged
goldfish,ˈgәuldfiʃ,n.,金鱼,COCA_abridged
exasperated,ɪgˈzæspəreɪtɪd,a.,"愤怒的, 恼火的",COCA_abridged
crewman,ˈkruːmәn,n.,机组乘员,COCA_abridged
respirator,ˈrespәreitә,n.,"口罩, 防毒面具, 人工呼吸装置",COCA_abridged
geothermal,ˌdʒi(ː)әuˈθәmәl,a.,"地温的, 地热的",COCA_abridged
aggravated,ˈæɡrә.veitid,a.,加重的; 恶化的,COCA_abridged
sprinter,ˈsprintә,n.,短跑选手,COCA_abridged
preventable,priˈventәb(ә)l,a.,"可防止的, 可阻止的, 可预防的",COCA_abridged
chum,tʃʌm,n.,"密友, 室友 vi. 结为密友",COCA_abridged
canola,kəˈnəʊlə,n.,加拿大油菜,COCA_abridged
dietitian,ˌdaiәˈtiʃәn,n.,"饮食学家, 营养学家",COCA_abridged
inflection,inˈflekʃәn,n.,"屈曲, 变调, 音调变化",COCA_abridged
snippet,ˈsnipit,n.,"小片, 片断, 摘录",COCA_abridged
litmus,ˈlitmәs,n.,石蕊,COCA_abridged
screaming,ˈskriːmiŋ,a.,"发出尖叫声的, 极滑稽的, 惊人的",COCA_abridged
beeper,,n.,"报警器, 声信号装置",COCA_abridged
heartily,ˈhɑːtili,adv.,"衷心地, 真实地, 热心地",COCA_abridged
self-government,ˈselfˈgavәnmәnt,n.,"自治, 自制, 克己",COCA_abridged
daydream,ˈdeidriːm,n.,白日梦 vi. 做白日梦,COCA_abridged
clueless,ˈkluːləs,a.,"无能的, 笨的",COCA_abridged
moustache,ˈmʌstæʃ,n.,"髭, 小胡子, 触须",COCA_abridged
wimp,wimp,n.,懦弱的人; 胆小鬼,COCA_abridged
dissonance,ˈdisәnәns,n.,"不和谐音, 刺耳的声音, 不一致, 不调和",COCA_abridged
refractor,riˈfræktә,n.,"折射器, 折射望远镜",COCA_abridged
geologic,dʒiәˈlɔdʒik,a.,"地质的, 地质学的",COCA_abridged
fuselage,ˈfjuːzilɑːdʒ,n.,机身,COCA_abridged
single-parent,,n.,单亲; 单身母亲; 单身父亲,COCA_abridged
stir-fry,ˈstɜːˌfraɪ,v.,"用旺火煸, 用旺火炒 n. 炒出来的菜, 炒菜",COCA_abridged
accession,ækˈseʃәn,n.,"到达, 即位, 增加, 同意, 发作, 正式接受 vt. 登记入册",COCA_abridged
universality,ˌjuːniˈsæliti,n.,"普遍性, 一般性, 广泛性",COCA_abridged
topless,ˈtɒplis,a.,"无顶的, 袒胸的",COCA_abridged
stratosphere,ˈstrætәsfiә,n.,"同温层, 最上层, 尖端的学科领域",COCA_abridged
backstage,ˈbæksteidʒ,adv.,"在后台, 向后台",COCA_abridged
epistemology,i.pistiːˈmɒlәdʒi,n.,认识论,COCA_abridged
derailleur,diːˈreiljuә,n.,"<法>(自行车)变速器, 装有变速器的自行车",COCA_abridged
astounded,əˈstaundid,a.,受惊骇的; 被震惊的,COCA_abridged
numbness,ˈnʌmnis,n.,"麻木, 麻痹",COCA_abridged
interface,ˈintәfeis,n.,"分界面, 接触面, 界面 [计] 接口, 界面",COCA_abridged
reload,riːˈlәud,vt.,再装 vi. 再装填弹药,COCA_abridged
liberalize,ˈlibәrәlaiz,vt.,"宽大, 使自由主义化 vi. 自由主义化",COCA_abridged
sultan,ˈsʌltn,n.,苏丹(某些伊斯兰国家统治者的称号),COCA_abridged
mutiny,ˈmjuːtini,n.,"叛变, 兵变 vi. 叛变, 反抗, 暴动",COCA_abridged
confectioner,kәnˈfekʃәnә,n.,"糖果制造人, 甜食商, 糖果店",COCA_abridged
dead-end,ˈdedˈend,a.,"尽头的, 没有发展前景的, 无出路的 vi. 到达尽头",COCA_abridged
gunpoint,ˈgʌnpɔint,n.,枪口,COCA_abridged
greenish,ˈgriːniʃ,a.,呈绿色的,COCA_abridged
self-reliance,ˈselfriˈlains,n.,"依靠自己, 自力更生",COCA_abridged
patently,ˈpeitntli,adv.,"明显地, 公然地",COCA_abridged
comforter,ˈkʌmfәtә,n.,"安慰的人, 安慰者, 圣灵",COCA_abridged
labour,ˈleibә,n.,"劳动, 努力, 工作, 劳工, 分娩 vi. 劳动, 努力, 苦干 vt. 详细分析, 使厌烦",COCA_abridged
squeal,skwiːl,n.,"尖叫, 抱怨 vi. 发出尖叫声, 高声埋怨 vt. 用尖声说",COCA_abridged
macro,ˈmækrәu,pref.,"宏 a. 巨大的, 大量的 [计] 宏",COCA_abridged
popularly,ˈpɒpjulәli,adv.,"通俗地, 平易地, 通过民众",COCA_abridged
radial,ˈreidiәl,a.,"光线的, 光线状的, 放射状的, 半径的, 径向的 n. 光线, 射线",COCA_abridged
foreboding,fɒːˈbәudiŋ,n.,"预感, 先兆, 预兆",COCA_abridged
risotto,riˈsɒtәu,n.,意大利调味饭,COCA_abridged
rationalization,ˌræʃәnәlaiˈzeiʃәn,n.,合理化,COCA_abridged
anti-inflammatory,,a.,抗炎的,COCA_abridged
mobster,ˈmɒbstә,n.,"犯罪集团成员, 暴徒, 盗匪",COCA_abridged
sounding,ˈsaundiŋ,a.,"发出声音的, 响亮的, 夸大的, 听上去堂皇的 n. 测深, 水深测量, 探空, 试探, 调查, 搜集意见",COCA_abridged
oncologist,,n.,肿瘤学家; 肿瘤医师,COCA_abridged
mink,miŋk,n.,"貂, 貂皮衣",COCA_abridged
collusion,kәˈluːʃәn,n.,"共谋, 勾结, 串通, 串通舞弊",COCA_abridged
schoolboy,ˈskuːlbɒi,n.,男学生,COCA_abridged
bombshell,ˈbɒmʃel,n.,"炸弹, 突发而惊人的事物",COCA_abridged
alienated,,a.,疏远的; 被疏远的,COCA_abridged
tidbit,ˈtidbit,n.,"少量的美食, 珍馐, 珍品, 珍闻",COCA_abridged
imam,iˈmɑːm,n.,"阿訇, 伊玛目",COCA_abridged
Norwegian,nɒːˈwiːdʒәn,n.,"挪威人, 挪威语 a. 挪威的, 挪威人的, 挪威语的",COCA_abridged
grandpa,"ˈgrænpɑː, ˈgrændpɑː",n.,"爷爷, 老太爷, 外公",COCA_abridged
reprint,ˈriːprint,n.,"再版, 翻版, 重印 vt. 再版, 翻版",COCA_abridged
aesthetically,iːsˈθetikәli,adv.,美学观点上地; 审美地,COCA_abridged
navigator,ˈnævigeitә,n.,"领航员, 驾驶员, 航海者",COCA_abridged
landed,ˈlændid,a.,"不动产的, 拥有土地的, 地皮的",COCA_abridged
metaphorically,ˌmetəˈfɒrɪklɪ,adv.,"比喻地, 隐喻地",COCA_abridged
rump,rʌmp,n.,"尾部, 臀部",COCA_abridged
shh,ʃ,int.,"嘘, 安静一点,",COCA_abridged
shh,ʃ,shew,[古]show,COCA_abridged
lymphoma,limˈfәumә,n.,"淋巴瘤, 淋巴组织瘤, 淋巴腺瘤",COCA_abridged
raider,ˈreidә,n.,"袭击者, 侵入者, 劫掠商船的武装快船",COCA_abridged
thong,θɒːŋ,vt.,"装皮带, 用皮鞭打 n. 皮带, 皮鞭",COCA_abridged
ethicist,ˈeθisist,n.,伦理学家,COCA_abridged
outflow,ˈautflәu,n.,"流出, 传出, 流出物",COCA_abridged
coca,ˈkәukә,n.,"古柯, 古柯叶",COCA_abridged
wearer,ˈwєәrә,n.,穿用者,COCA_abridged
silo,ˈsailәu,n.,"筒仓, 青贮窖",COCA_abridged
saffron,ˈsæfrәn,n.,"藏红花, 藏红花柱头, 藏红花色 a. 藏红花色的",COCA_abridged
slugger,ˈslʌgә,n.,"打击力强的选手, 重击者",COCA_abridged
matron,ˈmeitrәn,n.,"妇女, 主妇, 女总管, 管理员, 保姆",COCA_abridged
accredit,әˈkredit,vt.,"信托, 确认, 归结于, 委派 [经] 发行信用证, 委托",COCA_abridged
zulu,ˈzuːluː,n.,祖鲁语; 祖鲁人,COCA_abridged
intercollegiate,ˌintәkәˈliːdʒiәt,a.,"大学间的, 校际的",COCA_abridged
beret,ˈberei,n.,贝雷帽,COCA_abridged
orally,,adv.,"口头, 口语, 口述, 口, 用口发声, 口部",COCA_abridged
electrify,iˈlektrifai,vt.,"通电, 上电, 使带电, 使电气化",COCA_abridged
storied,ˈstɒːrid,a.,"传说上有名的, 以历史画装饰的, 分层的",COCA_abridged
trove,trәuv,n.,"发现物, 收藏品",COCA_abridged
mackerel,ˈmækәrәl,n.,鲭,COCA_abridged
methamphetamine,ˌmeθæˈfetәmin,n.,"甲基苯丙胺, 脱氧麻黄碱 (中枢兴奋药)",COCA_abridged
figuratively,,adv.,象征性地; 比喻地,COCA_abridged
cappuccino,kæpjˈtʃiːnәj,n.,热牛奶咖啡,COCA_abridged
beefy,ˈbiːfi,,a.,COCA_abridged
beefy,ˈbiːfi,,"(牛)多肉的, 象牛肉的, 粗壮的, 结实的",COCA_abridged
whiz,hwiz,n.,"飕飕声, 精明的人, 专家 v.",COCA_abridged
whiz,hwiz,,(使)飕飕作声,COCA_abridged
umbilical,ʌmˈbilikl,a.,"脐带的, 脐的, 近脐的, 关系密切的",COCA_abridged
Libyan,ˈlibiәn,a.,"利比亚的 n. 利比亚人, 古代利比亚语",COCA_abridged
clover,ˈklәuvә,n.,"红花草, 三叶草",COCA_abridged
avatar,ˌævәˈtɑː,n.,"天神下凡化作人形, 化身",COCA_abridged
obstetrician,ˌɒbsteˈtriʃәn,n.,产科医师,COCA_abridged
entryway,"ˈentri,wei",n.,入口通道,COCA_abridged
scrimmage,ˈskrimidʒ,n.,"混战, 并列争球",COCA_abridged
geranium,dʒiˈreiniәm,n.,"老鹳草属植物, 天竺葵",COCA_abridged
misrepresentation,"ˈmis,reprizenˈteiʃәn",n.,"错误的叙述, 失实的陈述, 歪曲",COCA_abridged
pubic,ˈpjuːbik,a.,"阴部的, 耻骨的",COCA_abridged
twinkle,ˈtwiŋkl,n.,"闪烁, 闪耀, 瞬息 vi. 闪烁 vt. 使闪耀",COCA_abridged
snort,snɒːt,vi.,"喷着气弄响鼻子, 嘶嘶响着排气 vt. 哼着鼻子说, 喷出, 吸入(毒品) n. 喷鼻息, 水下通气管",COCA_abridged
wannabe,ˈwɒnəbi,n.,"赶超崇拜者, 赶超崇拜者的人",COCA_abridged
user-friendly,ˈjuːzə ˈfrendlɪ,a.,"用户界面友好的, 用户容易掌握使用的",COCA_abridged
syphilis,ˈsifilis,n.,梅毒,COCA_abridged
unsteady,ˈʌnˈstedi,a.,"不稳固的, 摇摆的, 易变的, 不规则的, 古怪的, 无常的 vt. 使不稳定, 使不安定, 动摇",COCA_abridged
cornstarch,ˈkɒːnstɑːtʃ,n.,玉米淀粉,COCA_abridged
grub,grʌb,n.,"幼虫, 乏味之人 v. 寻找, 翻掘",COCA_abridged
firestorm,ˈfaiәstɔːm,n.,风暴性大火,COCA_abridged
able-bodied,,a.,"强壮的, 强健的, 熟练的",COCA_abridged
radicalism,ˈrædikәlizm,n.,激进主义,COCA_abridged
aft,ɑːft,adv.,在船尾,COCA_abridged
rhino,ˈrainәu,n.,"钱, 现金, 犀牛",COCA_abridged
applicability,ˌæplikәˈbiliti,n.,"适用性, 应用性",COCA_abridged
calibration,ˌkæliˈbreiʃәn,n.,"口径测定, 刻度, 校准",COCA_abridged
roving,ˈrәuviŋ,a.,"徘徊的, 流动的 n. 流浪, 漫游, 粗纱",COCA_abridged
moviegoer,ˈmuːvi.gәuә,n.,常看电影的人,COCA_abridged
skinhead,ˈskinhed,n.,理光头的男人,COCA_abridged
turtleneck,ˈtәːtlnek,n.,"圆翻领, 高翻领毛衣",COCA_abridged
skitter,ˈskitә,vi.,"飞掠而过, 蹦跳 vt. 使掠过水面",COCA_abridged
untested,ʌnˈtestid,a.,"未经试验的, 未经考验的",COCA_abridged
jackpot,ˈdʒækpɔt,n.,"最大赌注,",COCA_abridged
jackpot,ˈdʒækpɔt,,"(彩票的)头奖, 最大成功, 意外的成功/奖赏, 困境",COCA_abridged
cupcake,ˈkʌpkeik,n.,杯形蛋糕,COCA_abridged
jock,dʒɔk,n.,苏格兰高原地方的士兵; [美俚]（大学）运动员）,COCA_abridged
downstream,ˈdaunˈstriːm,adv.,下游地 a. 下游的,COCA_abridged
chastity,ˈtʃæstiti,n.,"贞操, 纯洁",COCA_abridged
amends,әˈmendz,n.,赔偿,COCA_abridged
decadent,ˈdekәdәnt,a.,"衰微的, 颓废的 n. 颓废派",COCA_abridged
Aztec,ˈæztek,n.,"阿兹特克人, 阿兹特克语 a. 阿兹特克人的",COCA_abridged
leasing,ˈliːsiŋ,n.,说谎,COCA_abridged
motorcade,ˈmәutәkeid,n.,汽车行列,COCA_abridged
executioner,ˌeksiˈkjuːʃәnә,n.,"死刑执行人, 刽子手, 行刑者",COCA_abridged
televise,ˈtelivaiz,v.,"用电视播放, 播映",COCA_abridged
rumbling,ˈrʌmb(ә)liŋ,n.,"隆隆声, 辘辘声",COCA_abridged
peddler,ˈpedlә,,n.,COCA_abridged
peddler,ˈpedlә,,"(毒品)小贩, 传播者, 沿街叫卖的小贩",COCA_abridged
feces,ˈfiːˈsiːz,pl.,"粪, 屎",COCA_abridged
keg,keg,n.,小桶,COCA_abridged
synthesizer,ˈsinθisaizә,n.,"合成器, 综合者",COCA_abridged
grandkid,grændkid,n.,（外）孙; （外）孙女,COCA_abridged
bottomless,ˈbɔtәmlis,a.,"无底的, 无限的, 深不可测的, 没有根据的",COCA_abridged
lacy,ˈleisi,a.,"丝带的, 花边的, 花边状的",COCA_abridged
pop-up,,a.,有自动起跳装置的 n. 自动起跳式装置 [计] 弹出式,COCA_abridged
do-it-yourself,ˈduːitjɔːˈself,n.,自己动手 a. 自己动手的,COCA_abridged
laughable,ˈlɑːfәbl,a.,"可笑的, 有趣的",COCA_abridged
woodpecker,ˈwudpekә,n.,啄木鸟,COCA_abridged
tearful,ˈtiәful,a.,"含泪的, 使人流泪的, 流泪的",COCA_abridged
intergovernmental,ˌintәgʌvәnˈmentәl,a.,政府间的,COCA_abridged
identified,,a.,被认同者; 经鉴定的; 被识别的,COCA_abridged
well-intentioned,welinˈtenʃәnd,a.,"好意的, 出于善意的",COCA_abridged
amphitheater,ˈæmfi.θiәtә,n.,"圆形剧场, 竞技场, 梯形看台",COCA_abridged
achievable,әˈtʃiːvәbl,a.,"做得成的, 可完成的, 可有成就的",COCA_abridged
amber,ˈæmbә,n.,"琥珀, 琥珀色 a. 琥珀色的, 琥珀似的",COCA_abridged
karaoke,ˈkærә.әuki. kærәˈәuki,n.,"卡拉OK; 卡拉OK录音, 自动伴奏录音",COCA_abridged
Slavic,"ˈslævik, ˈslɑːv-",a.,"斯拉夫的, 斯拉夫人的",COCA_abridged
raindrop,ˈreindrɒp,n.,"雨滴, 雨点",COCA_abridged
stateroom,ˈsteitruːm,n.,"政府公寓, 特等舱",COCA_abridged
earmark,ˈiәmɑːk,n.,"耳上记号, 特征, 标记 vt. 在耳朵上做记号, 标记, 指定...作特定用途",COCA_abridged
mysticism,ˈmistisizm,n.,"神秘, 神秘教, 模糊思想",COCA_abridged
oppositional,ˌɔpәˈziʃənәl,a.,"反对的, 对抗的",COCA_abridged
lilac,ˈlailәk,n.,"丁香, 丁香花, 淡紫色 a. 淡紫色的",COCA_abridged
bookseller,ˈbukselә,n.,书商,COCA_abridged
newsprint,ˈnjuːzprint,n.,新闻纸,COCA_abridged
outrun,ˌautˈrʌn,vt.,"超过, 逃脱",COCA_abridged
expectant,iksˈpektәnt,n.,"预期者, 期待者, 候选人 a. 预期的, 期待的",COCA_abridged
allowable,әˈlauәbl,a.,"允许的, 许可的, 容许的",COCA_abridged
crossfire,ˈkrɔsfaiә,n.,"交叉火力, 串报, 串扰电流 [电] 交火",COCA_abridged
songbird,ˈsɒŋbәːd,n.,"燕雀, 歌鸟, 女歌手",COCA_abridged
drive-in,ˈdraivˈin,n.,"免下车餐馆, 免下车电影院 a. 免下车服务的",COCA_abridged
lowering,ˈlәuәriŋ,a.,"皱眉的, 愠怒的, 昏暗的",COCA_abridged
boob,buːb,n.,"笨蛋, 蠢材; （女人的）胸脯, 乳房",COCA_abridged
round-trip,ˈrajndˈtrip,a.,往返旅程的,COCA_abridged
infestation,ˌinfeˈsteiʃәn,n.,"骚扰, 大批出没, 横行 [医] 侵染, 感染",COCA_abridged
contraceptive,ˌkɒntrәˈseptiv,a.,"避孕的 n. 避孕剂, 避孕用具",COCA_abridged
sportswriter,"ˈspɔːts,raitә(r)",n.,体育专栏作家,COCA_abridged
amish,ˈɑːmiʃ,n.,孟诺教派; 孟诺教派之教徒,COCA_abridged
immobilize,iˈmәubilaiz,vt.,"使不动, 使固定, 使不能移动",COCA_abridged
southward,ˈsauθwәd,n.,"朝南的方向(或地点、地区) a. 在南方的, 往南方的 adv. 往南",COCA_abridged
spotty,ˈspɒti,a.,"有斑点的, 有污点的, 质量不一的, 发疹的",COCA_abridged
hardball,ˈhɑːdbɔːl,n.,硬式棒球（等于baseball）; （为达到某种目的而采取的）强硬手段; [俚]刀剑搏杀,COCA_abridged
box-office,,a.,票房的,COCA_abridged
truckload,ˈtrʌklәjd,n.,"货车荷载, 最低起运量",COCA_abridged
autoimmune,,a.,自体/自身免疫的,COCA_abridged
vegetative,ˈvedʒitәtiv,a.,"植物的, 蔬菜的, 生长的, 生活呆板单调的, 生长性的",COCA_abridged
break-in,,n.,"闯入, 突破 [计] 截断, 打断, 插入",COCA_abridged
nuanced,"ˈnjuːɔnst, ˈnuː-ˈ;njuːˈɔnst",,(色彩、音调、措词、意味、香韵、感情等)有细微差别的,COCA_abridged
resale,riːˈseil,n.,"再贩卖, 转售",COCA_abridged
summons,ˈsʌmәnz,n.,"召唤, 传唤, 召集, 传票",COCA_abridged
hash,hæʃ,n.,"剁碎的食物, 杂乱无章的的一大堆, 杂烩, 复述 vt. 切碎, 搞糟",COCA_abridged
disengagement,ˌdisinˈgeidʒmәnt,n.,"分开, 空闲, 解脱",COCA_abridged
hairdo,ˈhєәduː,n.,"束发, 发式, 作头发",COCA_abridged
Californian,ˌkæliˈfɒːnjәn,n.,加利福尼亚州人 a. 加利福尼亚的,COCA_abridged
deacon,ˈdiːkәn,n.,"副主祭, 执事, 行会会长 vt. 朗读, 摆得好看些",COCA_abridged
silhouette,ˌsiluːˈet,n.,"黑色半身侧面影, 影子, 轮廓, 剪影 vt. 描绘...成侧面影, 使照出影子来, 使仅仅显出轮廓",COCA_abridged
micron,ˈmaikrɒn,n.,微米,COCA_abridged
bouncer,ˈbaunsә,n.,"巨大的东西, 巨人, 跳跃的人, 同类中最大者",COCA_abridged
dud,dʌd,n.,"衣服, 哑弹, 无用物 a. 无用的",COCA_abridged
flowered,ˈflauәd,a.,"花开着的, 用花装饰的",COCA_abridged
heterogeneity,ˌhetәrәudʒiˈniːiti,n.,"异种, 异质, 不同成分",COCA_abridged
tar,tɑː,n.,"焦油, 柏油, 水手 vt. 涂以焦油, 玷污, 怂恿 a. 焦油的",COCA_abridged
shelling,ˈʃeliŋ,n.,"去壳, 谷壳, 贝壳的采集, 炮轰",COCA_abridged
voodoo,ˈvuːduː,n.,"伏都教, 巫术, 巫术信仰",COCA_abridged
totalitarianism,ˌtәjtæliˈteәriәnizəm,n.,极权主义,COCA_abridged
east-west,ˈiːstwˈest,n.,东西部（杂志名称）; 东方西方（电影名称）,COCA_abridged
liberated,,a.,"解放的, 自由的",COCA_abridged
typology,taiˈpɒlәdʒi,n.,"类型学, 象征论, 象征主义",COCA_abridged
legume,ˈlegjuːm,n.,"豆类, 豆荚",COCA_abridged
audacity,ɒːˈdæsiti,n.,"大胆, 厚颜无耻",COCA_abridged
arterial,ɑːˈtiәriәl,a.,"动脉的, 脉络状的, 干线的",COCA_abridged
ajar,әˈdʒɑː,a.,"微开的, 半开的, 不和谐的 adv. 微开, 半开, 不协调地",COCA_abridged
perplexing,pәˈpleksiŋ,a.,"令人费解的, 令人困惑的",COCA_abridged
geriatric,ˌdʒeriˈætrik,a.,"老年病学的, 衰老的, 老年的",COCA_abridged
lasagna,lәˈzɑːnjә,n.,"意大利千层面（以多层宽面条, 浇上番茄、乳酪和肉末做的酱汁, 烘烤制成）",COCA_abridged
movable,ˈmuːvәbl,n.,"活动的东西, 动产 a. 可动的, 可移动的, 不定的",COCA_abridged
smashing,ˈsmæʃiŋ,a.,"猛烈的, 发出撞击声的, 了不起的, 轰动的",COCA_abridged
ether,ˈiːθә,n.,"醚, 苍天, 以太",COCA_abridged
seamlessly,ˈsiːmlisli,adv.,无空隙地; 无停顿地,COCA_abridged
catechism,ˈkætikizm,,n.,COCA_abridged
catechism,ˈkætikizm,,"(基督教的)教理问答, 一套问答",COCA_abridged
thank-you,"ˈθ,kjʊ",n.,"谢谢, 感谢[亦作 thanks] a. 感谢的",COCA_abridged
heft,heft,n.,"重量, 影响, 重要性 vt. 举起试重量, 举起 vi. 称重量",COCA_abridged
meth,meθ,n.,甲安菲他明（一种兴奋剂）,COCA_abridged
scrawny,ˈskrɒːni,a.,"瘦的, 骨瘦如柴的",COCA_abridged
distasteful,disˈteistful,a.,"味道差的, 使人不愉快的, 讨厌的",COCA_abridged
artfully,,adv.,狡诈地; 巧妙地,COCA_abridged
campaigner,kæmˈpeinә,n.,"从军者, 老兵, 竞选者",COCA_abridged
supercomputer,ˌsjuːpәkәmˈpjuːtә,n.,"巨型计算机, 巨型机, 超级计算机",COCA_abridged
dialectical,ˌdaiәˈlektikәl,a.,"辩证的, 辩证法的",COCA_abridged
humanistic,ˌhjuːmәˈnistik,a.,"人道主义的, 人文主义的, 人本主义的",COCA_abridged
wheelbarrow,ˈhwiːl.bærәu,n.,"手推车, 独轮车",COCA_abridged
impressionist,imˈpreʃәnist,n.,"印象主义者, 印象派作家",COCA_abridged
sporadically,,adv.,偶发地; 零星地,COCA_abridged
dollop,ˈdɒlәp,n.,"块, 团",COCA_abridged
echelon,ˈeʃәlɒn,n.,"梯形, 梯阵, 梯次编队 vt. 排成梯队 vi. 形成梯队",COCA_abridged
adoring,әˈdɒːriŋ,a.,"崇拜的, 敬慕的",COCA_abridged
empathize,ˈempәθaiz,v.,有同感; 表同情; 产生共鸣,COCA_abridged
robotics,rәuˈbɔtiks,n.,机器人学;机器人技术,COCA_abridged
re-enactment,reɪ enˈæktmənt,n.,再次展现; 再现; 重现,COCA_abridged
withering,ˈwiðәriŋ,a.,"使干枯的, 使萎缩的",COCA_abridged
etiology,ˌiːtiˈɔlәdʒi,n.,"病原学, 病因学",COCA_abridged
restate,ˌriːˈsteit,vt.,"重新陈述, 再申明, 重申",COCA_abridged
capitalization,ˌkæpitәlaiˈzeiʃәn,n.,"资本化, 资本总额, 本金化, 大写",COCA_abridged
Malaysian,mәˈleiziәn,a.,马来西亚的 n. 马来西亚人,COCA_abridged
atonement,әˈtәunmәnt,n.,"补偿, 赎回, 赎罪",COCA_abridged
latte,ˈlɑːteɪ,n.,拿铁咖啡; （意大利语）牛奶,COCA_abridged
orbiter,ˈɒːbitә,n.,"轨道飞行器, 人造卫星",COCA_abridged
unsuitable,ˌʌnˈsjuːtәbl,a.,"不适合的, 不适当的",COCA_abridged
flooded,,a.,"洪水浸没的; 浸没的, 淹没的; 灌溉; 充斥",COCA_abridged
clothesline,ˈklәuðzlain,n.,晒衣绳,COCA_abridged
mercifully,,adv.,仁慈地,COCA_abridged
bedspread,ˈbedspred,n.,"床单, 床罩",COCA_abridged
kale,keil,n.,"无头甘蓝类, 甘蓝菜, 羽衣甘蓝",COCA_abridged
stalker,,n.,跟踪者; 盯梢者,COCA_abridged
unitary,ˈjuːnitәri,a.,"单位的, 单一的, 归一的, 整体的",COCA_abridged
walled,wɔːld,a.,有城墙的,COCA_abridged
unfulfilled,,a.,未履行的; 未实现的; 未完成的; 未得到满足的,COCA_abridged
sunburn,ˈsʌnbәːn,n.,"日炙, 晒斑, 晒焦, 晒黑 vt.vi.",COCA_abridged
sunburn,ˈsʌnbәːn,,"(使)晒黑,",COCA_abridged
sunburn,ˈsʌnbәːn,,"(使)晒得退色,",COCA_abridged
sunburn,ˈsʌnbәːn,,(使)晒焦,COCA_abridged
gobbler,ˈgɒblә,n.,雄火鸡,COCA_abridged
craggy,ˈkrægi,a.,"多岩的, 崎岖的, 峻峭的, 多峭壁的",COCA_abridged
lefty,ˈlefti,n.,"左撇子, 左翼分子",COCA_abridged
step-by-step,,a.,按部就班的,COCA_abridged
godfather,ˈgɒdfɑːðә,n.,教父 vt. 当教父,COCA_abridged
intergenerational,"ˌintә(ː),dʒenәˈreiʃәnl",a.,两代人之间的,COCA_abridged
squeaky,ˈskwiːki,a.,"吱吱响的, 发轧声的",COCA_abridged
halter,ˈhɒːltә,n.,"缰绳, 笼头; 绞刑, 绞索",COCA_abridged
outlast,ˌautˈlɑːst,vt.,"比...长久, 从...中逃生",COCA_abridged
constitutionality,"ˈkɔnsti,tjuːʃәˈnælәti",n.,"符合宪法, 合宪性, 立宪",COCA_abridged
overblown,ˌәuvәˈblәun,a.,"停息的, 盛开过的, 浮夸的",COCA_abridged
satchel,ˈsætʃәl,n.,"书包, 小背包",COCA_abridged
resettle,riːˈsetl,,v.,COCA_abridged
resettle,riːˈsetl,,(使)重新定居,COCA_abridged
transducer,trænzˈdjuːzә,n.,"换能器, 变换器",COCA_abridged
splay,splei,vt.,"展开, 张开, 使成八字形 vi. 伸展开 n. 展开 a. 八字形的, 倾斜的",COCA_abridged
naivete,nɑːˈiːvtei,n.,"天真烂漫, 无邪, 纯真",COCA_abridged
slow-moving,ˈslәjˈmuːviŋ,a.,"动作缓慢的, 滞销的",COCA_abridged
pita,ˈpiːtə,n.,（希腊和中东地区的）皮塔饼,COCA_abridged
unwritten,ˌʌnˈritn,a.,"非书面的, 没有写的, 没有记录的, 口头的",COCA_abridged
tried,traid,a.,"试验过的, 可靠的, 已经审讯的",COCA_abridged
ethnographer,eθˈnɒgrәfә,n.,"人种志学者, 人种学者",COCA_abridged
door-to-door,,a.,"挨家挨户的, 送货上门的 adv. 挨户地, 送货上门地",COCA_abridged
Freudian,ˈfrɒidiәn,a.,"弗洛伊德的, 弗洛伊德学说的 n. 相信弗洛伊德学说的人",COCA_abridged
succulent,ˈsʌkjulәnt,a.,"多汁的, 多水分的",COCA_abridged
olympian,әuˈlimpiәn,a.,威严的; 奥林匹克竞赛的; 奥林匹斯山的,COCA_abridged
venison,ˈvenizn,n.,"鹿肉, 野味",COCA_abridged
graphical,ˈgræfikәl,a.,"图的, 记录的, 图示的",COCA_abridged
clapboard,ˈklæpbɒːd,n.,"护墙板, 护壁板, 桶板 vt. 给...覆盖护墙板",COCA_abridged
counterattack,ˈkauntәrә.tæk,n.,"反攻, 反击 v. 反攻, 反击",COCA_abridged
dismayed,dɪsˈmeɪd,a.,惊愕的; 惊慌的; 沮丧的; 失望的,COCA_abridged
fastener,ˈfɑːsәnә,n.,"结扎工, 使系牢之物",COCA_abridged
six-pack,ˈsikspæk,n.,六瓶(或罐)装食品盒,COCA_abridged
rhetorically,rɪˈtɒrɪklɪ,adv.,"在修辞学上, 讲究修辞地",COCA_abridged
meningitis,ˌmeninˈdʒaitis,n.,脑膜炎,COCA_abridged
mastectomy,mæˈstektәmi,n.,乳房切除术,COCA_abridged
fast-moving,ˈfɑːstmˈuːvɪŋ,adj.,"移动迅速的, 情节紧凑动人的",COCA_abridged
harmonica,hɑːˈmɒnikә,n.,"口琴, 玻璃钟琴",COCA_abridged
next-door,ˈnekstdɔː(r),a.,隔壁的,COCA_abridged
jittery,ˈdʒitәri,a.,极度紧张不安的,COCA_abridged
thrilled,θrɪld,a.,非常兴奋的; 极为激动的,COCA_abridged
Franciscan,frænˈsiskәn,a.,圣方济修会的 n. 圣方济会的修道士,COCA_abridged
sender,ˈsendә,n.,"寄件人, 发报机",COCA_abridged
scented,ˈsentid,a.,"有香味的, 洒了香水的, 有嗅觉的",COCA_abridged
self-imposed,ˈselfimˈpәuzd,a.,"自愿接受的, 自愿承担的",COCA_abridged
upper-class,ˈʌpәˈklɑːs,a.,"上层阶级的, 上流社会的",COCA_abridged
stunted,ˈstʌntid,a.,"成长受妨碍的, 发育不良的",COCA_abridged
postpartum,pәustˈpɑːtәm,a.,产后的,COCA_abridged
candidly,ˈkændidli,adv.,"率直地, 坦白地",COCA_abridged
lined,laind,a.,有内衬的; 具线纹的,COCA_abridged
antigen,ˈæntidʒәn,n.,抗原,COCA_abridged
affiliated,әˈfilieitid,a.,有关连的; 附属的,COCA_abridged
evocation,ˌevәˈkeiʃәn,n.,"唤出, 招魂, 唤起; 启发作用(唤起形态形成的潜势力)",COCA_abridged
choppy,ˈtʃɒpi,a.,"猛地一动一停的, 突变的, 震荡的",COCA_abridged
precipitous,priˈsipitәs,a.,"陡峭的, 轻率的",COCA_abridged
merciless,ˈmәːsilis,a.,"无慈悲心的, 残忍的",COCA_abridged
orchestral,ɒːˈkestrәl,a.,管弦乐队的,COCA_abridged
absurdly,әbˈsәːdli,adv.,"荒谬地, 荒唐地, 愚蠢地",COCA_abridged
depositor,diˈpɒzitә,n.,"存款人, 储户, 委托人",COCA_abridged
apostolic,ˌæpәsˈtɔlik,a.,使徒的,COCA_abridged
amputee,ˌæmpjuˈtiː,n.,被截肢者,COCA_abridged
distributed,diˈstribjuːtid,a.,"分布式的 [计] 分散对齐, 分布式处理",COCA_abridged
latter-day,,a.,"近代的, 现代的",COCA_abridged
deprived,,a.,"穷困的, 丧失了受良好教育权利的, 贫穷的",COCA_abridged
schoolwork,ˈskuːlwәːk,n.,"学校作业, 家庭作业",COCA_abridged
lingo,ˈliŋgәu,n.,"外国话, 隐语, 行话",COCA_abridged
retake,riːˈteik,vt.,"再取, 取回, 重摄 n. 重拍, 取回",COCA_abridged
unbutton,ˌʌnˈbʌtn,vt.,解开...的钮扣 vi. 解开钮扣,COCA_abridged
lavishly,ˈlæviʃli,adv.,"浪费地, 丰富地",COCA_abridged
blowout,ˈblәuaut,n.,"爆裂, 喷出",COCA_abridged
unbalanced,ˌʌnˈbælәnt,a.,"不平衡的, 错乱的, 不稳定的, 收支不平衡的",COCA_abridged
programmatic,ˌprәugrәˈmætik,a.,"标题音乐的, 计划性的, 纲领性的",COCA_abridged
ordained,ɔːˈdeɪnd,v.,任命（某人）为牧师; 授予（某人）圣职; （上帝、法律等）命令; 判定,COCA_abridged
uterine,ˈjuːtәrin,a.,"子宫的, 同母异父的",COCA_abridged
caddie,ˈkædi,n.,球童 vi. 当球童,COCA_abridged
yardstick,ˈjɑːdstik,n.,"码尺, 尺度, 衡量标准, 任何评判或比较的标准",COCA_abridged
substandard,ˌsʌbˈstændәd,a.,"标准以下的, 不合规格的",COCA_abridged
epicenter,ˈepisentә,n.,"震中, 中心",COCA_abridged
militiaman,miˈliʃәmәn,n.,"国民兵, 民兵",COCA_abridged
sneaky,ˈsniːki,a.,"鬼祟的, 卑微的",COCA_abridged
co-host,"kəuˈhəust, ˈkəu,həust",n.,搭档主持; 联合主办 vt. 共同主持,COCA_abridged
nape,neip,n.,"项, 颈背",COCA_abridged
mid-century,mɪd ˈsentʃuri,,中世纪,COCA_abridged
tailback,ˈteɪlbæk,n.,<英>交通堵塞,COCA_abridged
streamer,ˈstriːmә,n.,"横幅, 饰带, 流光, 通栏标题",COCA_abridged
snowshoe,ˈsnәuʃuː,n.,雪鞋 vi. 穿雪鞋走路,COCA_abridged
symbiotic,ˌsimbaiˈɒtik,a.,"共栖的, 共生的",COCA_abridged
headboard,ˈhedbɒːd,n.,床头板,COCA_abridged
rationing,ˈræʃәniŋ,n.,定量配给,COCA_abridged
axial,ˈæksiәl,a.,"轴的, 成轴的, 轴向的",COCA_abridged
phosphate,ˈfɔsfeit,n.,"磷酸盐, 磷酸酯",COCA_abridged
unsavory,ʌnˈseivәri,a.,"没有味道的, 没有香味的, 难吃的, 难闻的, 令人不快的, 不可接受的",COCA_abridged
hah,hɑː,int.,"哈, 嘿",COCA_abridged
Austrian,ˈɒstriәn,n.,"奥地利人 a. 奥地利的, 奥地利人的",COCA_abridged
councilman,ˈkaunslmәn,n.,"委员, 市议会议员",COCA_abridged
gunpowder,ˈgʌnpaudә,n.,有烟火药; 火药,COCA_abridged
first-generation,"ˈfәːst,dʒenәˈreiʃәn",a.,出生在美国的,COCA_abridged
snowboard,ˈsnәubɔːd,n.,滑雪板,COCA_abridged
zulu,ˈzuːluː,n.,祖鲁语; 祖鲁人,COCA_abridged
khakis,ˈkaːkiz,n.,卡其裤; 卡其服装; 卡其黄（khaki的复数）,COCA_abridged
swordfish,ˈsɒːdfiʃ,n.,箭鱼,COCA_abridged
white-haired,"ˈwait,heәd",a.,"白发的, 浅色头发的, 受宠爱的",COCA_abridged
operatic,ˌɒpәˈrætik,a.,"歌剧的, 歌剧风格的",COCA_abridged
Irishman,ˈairiʃmәn,n.,爱尔兰人,COCA_abridged
evaluative,iˈvæljueitiv,a.,可估价的,COCA_abridged
uninterested,ˌʌnˈintәristid,a.,"不感兴趣的, 无利害关系的",COCA_abridged
reschedule,riːʃedjuːl,v.,将…改期; 修改…的时间表; 重新安排…的时间,COCA_abridged
thermos,ˈθәːmәs,n.,热水瓶,COCA_abridged
commander-in-chief,,n.,总司令,COCA_abridged
skateboard,ˈskeitbɔːd,n.,溜冰板,COCA_abridged
quid,kwid,n.,"一镑金币, 一镑, 咀嚼物",COCA_abridged
disaffected,ˌdisәˈfektid,a.,"不满的, 不忠的, 疏远的",COCA_abridged
blinking,ˈbliŋkiŋ,a.,"闪烁的, 一明一灭的",COCA_abridged
close-knit,,a.,"紧紧结合在一起的, 论据严谨的",COCA_abridged
firewall,,n.,防火墙; 挡火墙,COCA_abridged
crosswise,ˈkrɒswaiz,adv.,"斜地, 成十字状地, 交叉地",COCA_abridged
surreptitiously,,adv.,秘密地; 偷偷地; 不正当地,COCA_abridged
sensuality,ˌsensjuˈæliti,n.,"耽于声色, 淫荡, 好色",COCA_abridged
red-hot,,a.,"炽热的, 热烈的, 激烈的",COCA_abridged
stilt,stilt,n.,"高跷, 支柱, 脚柱",COCA_abridged
whereupon,ˌ(h)weәrәˈpɔn,conj.,"因此, 于是",COCA_abridged
chromium,ˈkrәumiәm,n.,铬,COCA_abridged
drive-by,ˈdraɪvˌbaɪ,a.,（谋杀事件）从行使的汽车上射击作案的,COCA_abridged
overheated,ˌəʊvəˈhiːtɪd,a.,过热的,COCA_abridged
beau,bәu,n.,"花花公子, 情郎, 求爱者",COCA_abridged
psychedelic,ˌsaikәˈdelik,a.,"引起幻觉的, 荧光的 n. 迷幻剂",COCA_abridged
crucify,ˈkruːsifai,vt.,十字架上钉死,COCA_abridged
malt,mɒːlt,n.,"麦芽 a. 麦芽的, 含麦芽的, 用麦芽作的 vt. 使成麦芽, 用麦芽处理 vi. 发麦芽",COCA_abridged
regrettably,riˈgretәbli,adv.,"抱歉地, 遗憾地,可悲地",COCA_abridged
materialistic,mә.tiәriәˈlistik,a.,"唯物论的, 唯物主义的",COCA_abridged
freelance,,n.,"自由作家, 自由投稿, 自由职业者 a. 自由投稿的",COCA_abridged
splitting,ˈsplitiŋ,a.,"爆裂似的, 极快的",COCA_abridged
tubular,ˈtjuːbjulә,a.,"小管的, 管状的",COCA_abridged
profusely,prәjˈfjuːsli,adv.,"极其丰富地, 大量地",COCA_abridged
digger,ˈdigә,n.,挖掘者,COCA_abridged
riverboat,ˈrivәbәjt,n.,内河船,COCA_abridged
necktie,ˈnektai,n.,领带,COCA_abridged
kink,kiŋk,n.,"扭结, 蜷缩 v.",COCA_abridged
kink,kiŋk,,"(使)扭结,",COCA_abridged
kink,kiŋk,,(使)绞缠,COCA_abridged
halibut,ˈhælibәt,n.,大比目鱼,COCA_abridged
scriptural,ˈskriptʃәrәl,a.,"圣经的, 依据圣经的",COCA_abridged
millisecond,"ˈmili,sekәnd",n.,毫秒,COCA_abridged
quaker,ˈkweikә,n.,贵格会教徒,COCA_abridged
officiate,әˈfiʃieit,vt.,"执行, 司仪, 担任(体育比赛)裁判 vi. 主持宗教仪式, 行使职务",COCA_abridged
jeez,dʒiːz,int.,呀,COCA_abridged
matinee,ˈmætinei,n.,"白天音乐会, 日场, 女式晨衣",COCA_abridged
wedlock,ˈwedlɒk,n.,"结婚生活, 婚姻",COCA_abridged
inasmuch,ˌinәzˈmʌtʃ,adv.,"因...之故, 在...范围内",COCA_abridged
co-chairman,ˈkəʊtʃˈeəmən,n.,"联合主席, 共同主席",COCA_abridged
unmatched,ˌʌnˈmætʃt,a.,"无比的, 无匹敌的, 不相配的",COCA_abridged
weeping,ˈwiːpiŋ,n.,"哭泣, 流泪 a. 哭泣的, 滴水的, 下雨的, 多雨的, 垂枝的",COCA_abridged
eon,ˈiːәn,n.,"永世, 万古",COCA_abridged
lawless,ˈlɒːlis,a.,"非法的, 违法的",COCA_abridged
aquaculture,ˈækwә.kʌltʃә,n.,水产养殖,COCA_abridged
signifier,ˈsɪgnɪfaɪə(r),n.,示意的人(或物); 符号; 标记; 示意动作,COCA_abridged
unconcerned,ˌʌnkәnˈsәːnd,a.,"漠不关心的, 不相关的, 不关心的",COCA_abridged
theorem,ˈθiәrәm,n.,"定理, 原理",COCA_abridged
gawk,gɒːk,n.,"笨人, 呆子, 笨拙的人 vi. 痴呆着看",COCA_abridged
bowler,ˈbәulә,n.,"玩滚球的人, 玩球戏的人, 投球手",COCA_abridged
lockout,ˈlɔkajt,n.,封闭工厂 [计] 封锁,COCA_abridged
docking,ˈdɒkiŋ,n.,入坞,COCA_abridged
nominally,ˈnɒminәli,adv.,"有名无实地, 名义上地, 名称上",COCA_abridged
goddamn,ˈgɔddæm,a.,"该死的, 完全的, 十足的, 讨厌的",COCA_abridged
unsustainable,ˌʌnsәsˈteinәbl,a.,"无法支撑的, 不能忍受的, 不可证实的",COCA_abridged
uptown,ˈʌpˈtaun,n.,"非中心区, 住宅区 a. 住宅区的",COCA_abridged
uplift,ʌpˈlift,n.,"抬起, 道德的向上, 精神的高涨 vt. 提高, 抬起 vi. 上升",COCA_abridged
knitting,ˈnitiŋ,n.,"编结, 针织法, 编结法, 编结物, 针织品 [医] 骨愈合",COCA_abridged
frailty,ˈfreilti,n.,"弱点, 虚弱, 意志薄弱, 因意志薄弱而犯的错误",COCA_abridged
inaccuracy,inˈækjurәsi,n.,"错误, 不精确",COCA_abridged
peptide,ˈpeptaid,n.,"肽, 缩氨酸",COCA_abridged
rafting,ˈrɑːftiŋ,n.,漂流运动,COCA_abridged
paratrooper,ˈpærәtruːpә,n.,伞兵,COCA_abridged
dopamine,"ˈdәupә,miːn",,n.,COCA_abridged
dopamine,"ˈdәupә,miːn",,[化] 多巴胺,COCA_abridged
physiologist,ˌfiziˈɒlәdʒist,n.,生理学家,COCA_abridged
sturgeon,ˈstәːdʒәn,n.,鲟鱼,COCA_abridged
constructivist,kәnˈstrʌktivist,n.,构成派造型艺术家,COCA_abridged
futurist,ˈfjuːtʃәrist,n.,"未来派画家, 未来主义者",COCA_abridged
mutilation,ˌmjuːtiˈleiʃәn,n.,"切断, 毁损",COCA_abridged
brownstone,ˈbraunstәun,n.,"褐砂石, 褐砂石建筑 a. 有钱人的",COCA_abridged
desolation,desәˈleiʃәn,n.,"荒芜, 荒废, 荒凉",COCA_abridged
radiance,ˈreidiәns,n.,"光辉, 发光, 容光焕发",COCA_abridged
wow,wau,,interj.,COCA_abridged
wow,wau,,"(非正式)哇 n. 巨大的成功, 轰动一时的成功, 十分有趣的事物",COCA_abridged
repentance,riˈpentәns,n.,"悔改, 悔悟, 后悔",COCA_abridged
unrecognized,ˌʌnˈrekәgnaizd,a.,"未被认出的, 未被认定的, 未被承认的",COCA_abridged
busted,,a.,"破产了的, 失败了的, 被降级的, 被逮捕的",COCA_abridged
aggregation,ægriˈgeiʃәn,n.,"集合, 聚合, 集合体",COCA_abridged
sheepishly,ˈʃiːpɪʃlɪ,adv.,"怯懦地, 羞怯地; 愚蠢地",COCA_abridged
undiscovered,ˌʌndiˈskʌvәd,a.,"未发现的, 未被发觉的, 尚不为人所知的",COCA_abridged
cicada,siˈkɑːdә,n.,蝉,COCA_abridged
outwardly,ˈajtwәdli,adv.,"表面上, 在外, 外表上",COCA_abridged
tuft,tʌft,n.,"一簇, 矮树丛 vi. 丛生 vt. 用丛毛装饰",COCA_abridged
liqueur,liˈkjuә,n.,"（餐后）烈性甜酒, 利口酒",COCA_abridged
pursuer,pәˈsjuːә,n.,"追赶者, 追求者, 研究者; 原告, 起诉人",COCA_abridged
ebony,ˈebәni,n.,乌木 a. 乌木制的,COCA_abridged
dynamism,ˈdainәmizm,n.,"物力论, 力本说",COCA_abridged
firecracker,ˈfaiәkrækә,n.,"爆竹, 鞭炮",COCA_abridged
subdivide,ˈsʌbdiˈvaid,,vt.vi.,COCA_abridged
subdivide,ˈsʌbdiˈvaid,,"(把...)再分,",COCA_abridged
subdivide,ˈsʌbdiˈvaid,,(把...)细分,COCA_abridged
spousal,ˈspauzl,n.,"结婚, 结亲, 婚礼 a. 结婚的",COCA_abridged
cancerous,ˈkænsәrәs,a.,"癌的, 似癌的, 生癌的",COCA_abridged
hulking,ˈhʌlkiŋ,a.,"笨重的, 粗陋的",COCA_abridged
islander,ˈailәndә,n.,岛民,COCA_abridged
supremacist,"sәˈpremәsist, sju-",n.,至上主义者,COCA_abridged
fiesta,fiˈestә,n.,"祭典日, 喜庆日, 假日",COCA_abridged
abolitionist,ˌæbәuˈliʃәnist,n.,"废除主义者, 废奴主义者",COCA_abridged
extra-virgin,,n.,特级初榨,COCA_abridged
overcast,ˈәuvәkɑːst,a.,"阴天的, 阴暗的, 愁闷的",COCA_abridged
carmaker,"ˈkɑː,meikә(r)",n.,汽车制造商,COCA_abridged
low-wage,,,低工资,COCA_abridged
incurable,inˈkjurәbl,a.,"不能医治的, 不能矫正的, 无救的 n. 不治的病人, 无救的人",COCA_abridged
tumbler,ˈtʌmblә,n.,"平底玻璃杯, 一杯的容量, 杂技演员, 翻斤斗者 [机] 滚光机, 滚筒, 齿轮换向器",COCA_abridged
wristwatch,ˈristwɒtʃ,n.,手表,COCA_abridged
ouster,ˈajstә(r),n.,"驱逐, 撵走, 剥夺",COCA_abridged
open-minded,,a.,"思想开阔的, 无偏见的",COCA_abridged
cognac,ˈkәunjæk,n.,法国白兰地,COCA_abridged
behest,biˈhest,n.,命令,COCA_abridged
unyielding,ˌʌnˈjiːldiŋ,a.,"不易弯曲的, 不屈的",COCA_abridged
cabaret,ˈkæbәrei,n.,"卡巴莱(有歌舞表演的餐馆或夜总会), 卡巴莱歌舞表演",COCA_abridged
herpes,ˈhәːpiːz,n.,疱疹,COCA_abridged
trivialize,ˈtriviәlaiz,vt.,"使平凡, 使琐碎",COCA_abridged
school-age,ˈskuːleidʒ,a.,学龄的,COCA_abridged
inwardly,ˈinwәdli,adv.,"在内部, 向中心, 内里, 在心灵深处, 精神上, 思想上, 暗自地 [机] 向内的, 向内里",COCA_abridged
articulated,ɑːˈtikjuːleitid,a.,铰接式的; 清晰的; 组织缜密的; 有关节的,COCA_abridged
cystic,ˈsistik,a.,囊的; 胆囊的; 膀胱的,COCA_abridged
jurist,ˈdʒuәrist,n.,"法学家, 法律学者, 法律著作家; 律师, 法官",COCA_abridged
co-pilot,,n.,"副驾驶员, 自动驾驶仪",COCA_abridged
courtly,ˈkɒːtli,a.,"谦恭的, 礼让的, 有教养的",COCA_abridged
all-day,ˈɔːlˈdei,a.,全天的,COCA_abridged
claimant,ˈkleimәnt,n.,"提出要求者, 原告, 索赔人, 债权人",COCA_abridged
promiscuous,prәˈmiskjuәs,a.,"杂乱的, 混杂的, 混淆的",COCA_abridged
centuries-old,,a.,历史悠久的,COCA_abridged
historiography,ˌhistɒːriˈɒgrәfi,n.,"编史, 历史之编纂",COCA_abridged
ricotta,rɪˈkɒtə,n.,意大利乳清干酪,COCA_abridged
seeing,ˈsiːiŋ,conj.,鉴于,COCA_abridged
readable,ˈriːdәbl,a.,"值得一读的, 易读的, 读起来津津有味的",COCA_abridged
hyena,haiˈiːnә,n.,"袋狼, 残酷的人, 贪婪的人",COCA_abridged
afield,әˈfiːld,adv.,"离开着, 偏离着, 在战场上",COCA_abridged
daffodil,ˈdæfәdil,n.,水仙花 a. 水仙花色的,COCA_abridged
technicality,ˌtekniˈkælәti,n.,"专门性, 学术性, 技术的使用",COCA_abridged
memorialize,miˈmɒːriәlaiz,vt.,"提出请愿书, 纪念",COCA_abridged
reverend,ˈrevәrәnd,n.,"教士, 大人(对教士的尊称) a. 应受尊敬的, 教士的",COCA_abridged
outhouse,ˈauthaus,n.,"外屋, 户外厕所",COCA_abridged
carousel,kәˈrauzәl,n.,竞技比武大会,COCA_abridged
basal,ˈbeisl,a.,"基础的, 基本的",COCA_abridged
alight,әˈlait,vi.,"落下, 偶然发现 a. 点着的",COCA_abridged
spiky,ˈspaiki,a.,"大钉一般的, 长而尖的, 钉满钉子的, 有穗的",COCA_abridged
cheddar,ˈtʃedә,n.,切达干酪,COCA_abridged
fruity,ˈfruːti,a.,"水果的, 有果味的, 有(低级)趣味的, 圆润的",COCA_abridged
untenable,ˌʌnˈtenәbl,a.,"不能防守的, 不能维持的, 支持不住的,",COCA_abridged
untenable,ˌʌnˈtenәbl,,(主张等)站不住脚的,COCA_abridged
corset,ˈkɒːsit,n.,"紧身褡, 妇女的胸衣",COCA_abridged
assessor,әˈsesә,n.,"辅佐人, 顾问, 估税员; 财产估价人, 财产损失估价人员",COCA_abridged
referent,ˈrefәrәnt,n.,指示物,COCA_abridged
disorderly,disˈɒːdәli,a.,"无秩序的, 乱的, 骚乱的",COCA_abridged
loathing,ˈlәuðiŋ,n.,"非常讨厌, 嫌恶, 极不情愿",COCA_abridged
mean-spirited,ˈmiːnspˈɪrɪtɪd,a.,"小气的, 自私的",COCA_abridged
christen,ˈkrisәn,vt.,"为...施洗礼, 命名",COCA_abridged
actuator,ˈæktʃueitә,n.,"开动者, 激励者, 传动装置, 驱动器",COCA_abridged
grapevine,ˈgreipvain,n.,"葡萄藤, 葡萄树; 传闻, 小道消息",COCA_abridged
cog,kɒg,n.,"嵌齿, 小船 vt. 给...装配齿轮, 欺骗",COCA_abridged
innermost,ˈinәmәust,a.,"内心的, 秘密的, 最深处的",COCA_abridged
aerodynamic,ˌeәrәudaiˈnæmik,a.,空气动力学的,COCA_abridged
rippling,ˈripliŋ,a.,"起涟漪的, 潺潺流水般声音的",COCA_abridged
horny,ˈhɒːni,a.,"角的, 似角一样坚硬的, 角质的, 老茧的",COCA_abridged
waistband,ˈweistbænd,n.,"腰带, 束腰带",COCA_abridged
politicization,"pə,litisaiˈzeiʃən",n.,政治化,COCA_abridged
well-worn,,a.,"穿戴破旧的, 用旧了的, 陈腐的",COCA_abridged
musing,ˈmjuːziŋ,a.,"沉思的, 冥想的",COCA_abridged
shaping,ˈʃeipiŋ,n.,"成形, 塑造 a. 成形的, 塑造的",COCA_abridged
world-famous,,a.,举世闻名的,COCA_abridged
melodramatic,ˌmelәdrәˈmætik,a.,"传奇剧风格的, 戏剧似的, 夸张的",COCA_abridged
ponce,ˈpɔns,n.,"男妓; 靠妓女为生的人, 为妓女拉客的人",COCA_abridged
hotbed,ˈhɒtbed,n.,温床,COCA_abridged
exhortation,ˌegzɒːˈteiʃәn,n.,"劝告, 训词, 讲道词",COCA_abridged
rev,rev,n.,"一次回转 v. 加快转速 [计] 反转, 周, 转数",COCA_abridged
peacemaker,ˈpiːsmeikә,n.,"调解者, 和事佬",COCA_abridged
moniker,ˈmɔnikә(r),n.,"名字, 绰号",COCA_abridged
allergen,ˈælәdʒәn,n.,变(态反)应原; 过敏素,COCA_abridged
congregational,ˌkɒŋgriˈgeiʃәnl,a.,"会众的, 公理教会的",COCA_abridged
misbehavior,ˈmisbiˈheivjә,n.,"行为不端, 品行不良, 不正当的举止",COCA_abridged
inca,ˈiŋkә,n.,印加; 印加人,COCA_abridged
magnolia,mægˈnәuliә,n.,"木兰, 浅桃红色",COCA_abridged
inhalation,ˌinhәˈleiʃәn,n.,吸入; 吸入剂,COCA_abridged
afoot,әˈfut,a.,"徒步的, 在进行中的, 活动中的 adv. 徒步, 在进行中",COCA_abridged
toolbox,ˈtuːlbɒks,n.,工具箱,COCA_abridged
horrid,ˈhɒrid,a.,"可怕的, 极讨厌的, 毛骨悚然的",COCA_abridged
forego,fɒːˈgәu,vt.,"放弃, 在...之前, 居先",COCA_abridged
miscalculation,,n.,"算错, 失算, 估计错误",COCA_abridged
extramarital,ˌekstrәˈmæritl,a.,婚外的,COCA_abridged
blindfold,ˈblaindfәuld,n.,"眼罩, 障眼物 vt. 遮眼, 蒙骗 a. 看不清的, 盲目的",COCA_abridged
enamor,iˈnæmә,vt.,"迷住, 使迷恋",COCA_abridged
Icelandic,ˌaisˈlændik,a.,"冰岛的, 冰岛人的, 冰岛语的 n. 冰岛语",COCA_abridged
overpriced,ˌəʊvəˈpraɪst,a.,价格过高的; 定价太高的,COCA_abridged
perversion,pә(ː)ˈvәːʃәn,n.,"败坏, 堕落, 违反常情, 变态, 倒错, 乖常, 颠倒",COCA_abridged
chemo,ˈkiːməʊ,n.,化疗,COCA_abridged
brainwash,ˈbreinwɒʃ,n.,洗脑 vt. 对人洗脑,COCA_abridged
catchy,ˈkætʃi,a.,"易记住的, 欺骗性的, 不规则发生的",COCA_abridged
unplanned,ˈʌnˈplænd,a.,"无计划的, 未经筹划的, 意外的, 在计划外的",COCA_abridged
underwriter,ˈʌndә.raitә,n.,"保险业者, 证券包销者; 承保人, 保险人, 保险商",COCA_abridged
retool,ˈriːˈtuːl,n.,"更换, 重新装备（工具、机器等）",COCA_abridged
indie,ˈindi,n.,"独立制片人, 独立制作的影(唱)片",COCA_abridged
sameness,ˈseimnis,n.,"相同, 同样, 千篇一律",COCA_abridged
reassign,ˌriːәˈsain,vt.,"再分配, 再指定",COCA_abridged
materially,mәˈtiәriәli,adv.,"实质上, 重大, 物质上",COCA_abridged
space-time,ˈspeisˈtaim,a.,时空,COCA_abridged
redneck,ˈrednek,n.,红脖子（指美国南方保守的露天劳动者）; 乡下人,COCA_abridged
rater,ˈreitә,n.,定价人,COCA_abridged
upshot,ˈʌpʃɒt,n.,"结果, 结局,",COCA_abridged
upshot,ˈʌpʃɒt,,(论证的)要点,COCA_abridged
adaptability,ә.dæptәˈbiliti,n.,适应性,COCA_abridged
penitentiary,ˌpeniˈtenʃәri,n.,"监狱, 收容所, 教养所, 宗教裁判所 a. 用作感化的, 应处监禁的, 教养所的, 收容所的",COCA_abridged
tantalizing,ˈtæntәlaiziŋ,a.,"逗引性的, 干着急的",COCA_abridged
mating,ˈmeitiŋ,n.,配套; 交配,COCA_abridged
molester,məˈlestə,n.,猥亵者; 性骚扰者,COCA_abridged
oeuvre,ˈәːvr,n.,全部作品,COCA_abridged
backtrack,ˈbæktræk,vi.,"返回, 退走, 撤退, 放弃",COCA_abridged
enchanting,inˈtʃæntiŋ,a.,"迷人的, 妩媚的, 迷惑人的",COCA_abridged
self-awareness,ˌselfәˈweәnis,n.,自我意识,COCA_abridged
cusp,kʌsp,n.,"尖头, 尖端",COCA_abridged
diplomatically,ˌdiplәˈmætikәli,adv.,"在外交上, 靠外交途径, 凭外交手腕",COCA_abridged
knapsack,ˈnæpsæk,n.,背包,COCA_abridged
unwrap,ˌʌnˈræp,vt.,打开,COCA_abridged
head-to-head,ˈhedtәˈhed,n.,"肉搏战, 白刃战; 正面交锋地; 面对面地",COCA_abridged
celeb,siˈleb,n.,著名人士,COCA_abridged
untitled,ˌʌnˈtaitld,a.,"无称号的, 无标题的, 无合法权利的",COCA_abridged
alderman,ˈɒːldәmәn,n.,"市议员, 市长助理, 地方官",COCA_abridged
flowering,ˈflauәriŋ,a.,"开花的 n. 开花, 饰以花",COCA_abridged
meteorological,,a.,"气象的, 气象学的",COCA_abridged
ingrain,inˈgrein,vt.,"给原纱染色, 使根深蒂固 a. 原纱染色的, 根深蒂固的 n. 原纱染色, 固有品质",COCA_abridged
inexperience,ˌinikˈspiәriәns,n.,"无经验, 不熟练",COCA_abridged
fluff,flʌf,n.,"软毛, 柔毛, 绒毛, 错误, 无价值的东西 vi. 起毛, 变松, 出错 vt. 使起毛, 抖松, 念错",COCA_abridged
boxed,bɔkst,a.,醉酒的,COCA_abridged
collarbone,ˈkɒlәbәun,n.,锁骨,COCA_abridged
hazelnut,ˈheizlnʌt,n.,榛实,COCA_abridged
offshoot,ˈɒːfʃuːt,n.,"分支, 旁系, 衍生事物",COCA_abridged
wayside,ˈweisaid,n.,路旁 a. 路旁的,COCA_abridged
smashed,smæʃt,a.,喝醉酒的,COCA_abridged
rainstorm,ˈreinstɒːm,n.,雨暴,COCA_abridged
uncooked,ˌʌnˈkukt,a.,未煮过的,COCA_abridged
tasteful,ˈteistful,a.,"有鉴赏力的, 趣味高雅的, 雅观的",COCA_abridged
seaman,ˈsiːmәn,n.,"海员, 水手, 精通海事者",COCA_abridged
inactivity,ˌinækˈtiviti,n.,"不活动, 不活泼, 休止状态 [经] 商业呆滞",COCA_abridged
supersonic,ˌsjuːpәˈsɒnik,a.,超声波的,COCA_abridged
warming,ˈwɔːmiŋ,n.,"暖和, 加温, 暖热, 温暖,",COCA_abridged
warming,ˈwɔːmiŋ,,"(非正式)打, 鞭打",COCA_abridged
inlaid,ˈinleid,a.,"嵌入的, 镶嵌的, 镶饰的",COCA_abridged
racketeering,ˌrækiˈtiәriŋ,n.,"诈骗, 敲诈勒索",COCA_abridged
chartered,ˈtʃɑːtәd,a.,特许的,COCA_abridged
chiropractor,ˈkaiәrә.præktә,n.,"按摩技士, 手治疗者",COCA_abridged
insensitivity,,n.,感觉迟钝; 不灵敏性; 昏迷,COCA_abridged
keyword,ˈkiːwәd,,n.,COCA_abridged
keyword,ˈkiːwәd,,[计] 关键字,COCA_abridged
misbehave,ˌmisbiˈheiv,v.,"行为无礼貌,",COCA_abridged
misbehave,ˌmisbiˈheiv,,(使)行为不端,COCA_abridged
teak,tiːk,n.,柚木,COCA_abridged
salesperson,ˈseilzpәːsәn,n.,售货员,COCA_abridged
practicum,ˈpræktikәm,n.,"实习科目, 实习课",COCA_abridged
archdiocese,ˌɑːtʃˈdaiәsis,n.,大主教之管区,COCA_abridged
bygone,ˈbaigɒn,n.,"过去的事, 往事 a. 过去的",COCA_abridged
snoop,snuːp,vi.,"调查, 窥探 n. 窥视行为, 爱管闲事的人, 私家侦探",COCA_abridged
protectionist,prәˈtekʃәnist,n.,贸易保护主义者; 野生动、植物保护论者,COCA_abridged
enthuse,inˈθjuːz,vt.,"使充满热情, 使感兴趣, 使热心 vi. 热心",COCA_abridged
formalize,ˈfɒːmәlaiz,vt.,"使正式, 使整形, 形式化 vi. 拘泥于形式",COCA_abridged
roulette,ruːˈlet,n.,"轮盘赌, 点线机, 骑缝线",COCA_abridged
enviable,ˈenviәbl,a.,"令人羡慕的, 可羡慕的",COCA_abridged
shipwreck,ˈʃiprek,n.,"遇难船, 海难 vt. 遇海难, 毁灭, 使失事",COCA_abridged
patented,ˈpeitәntid,a.,专利的,COCA_abridged
chieftain,ˈtʃiːftәn,n.,"酋长, 首领",COCA_abridged
thistle,ˈθisl,n.,蓟; 大鳍蓟,COCA_abridged
redraw,ˌriːˈdrɒː,vt.,重画 [计] 刷新屏幕,COCA_abridged
belle,bel,n.,美女,COCA_abridged
welder,ˈweldә,n.,"焊接工, 焊机",COCA_abridged
unaccustomed,ˌʌnәˈkʌstәmd,a.,"不习惯的, 不惯的, 异乎惯例的, 不寻常的",COCA_abridged
wired,ˈwaiәd,a.,"以金属丝加强的, 接有电线的, 以铁丝围起的",COCA_abridged
minefield,,n.,"布雷区, 布雷水域, 布雷场",COCA_abridged
defensible,diˈfensәbl,a.,"可防卫的, 可防护的, 可辩护的",COCA_abridged
Populism,ˈpɒpjulizm,n.,"平民主义, 民粹主义",COCA_abridged
tiptoe,ˈtiptәu,n.,"脚尖 vi. 用脚尖走 adv. 踮着脚 a. 踮着脚走的, 偷偷摸摸的",COCA_abridged
octave,"ˈɔkteiv, -tiv",n.,"八音度, 低八度音, 高八度音",COCA_abridged
deathbed,ˈdeθbed,n.,"临死所卧之床, 临终之时",COCA_abridged
value-added,ˈvæljuː ˈædɪd,n.,增值,COCA_abridged
microchip,ˈmaikrәjtʃip,n.,"微型集成电路片, 微片, 芯片",COCA_abridged
internist,inˈtәːnist,n.,内科医师,COCA_abridged
holdout,ˈhәuldaut,n.,"抵抗, 坚持, 支持",COCA_abridged
chiffon,ˈʃifɔn,n.,"雪纺绸, 薄绸, 女子服装装饰品 a. 用薄绸制成的, 象薄绸般透明的, 因加入起沫蛋白而松软的",COCA_abridged
sorcerer,ˈsɒːsәrә,n.,"男巫; 术士, 魔法师",COCA_abridged
marcher,,n.,"边界地区居民, 行进者, 游行者, 行军者",COCA_abridged
constitutive,ˈkɔnstitjuːtiv,a.,"有设立权的, 有制定权的, 组成的, 基本的",COCA_abridged
savanna,sәˈvænә,n.,热带草原,COCA_abridged
shifter,ˈʃiftә,n.,"搬移东西者, 回避论点者, 领班, 辅助工, 移动装置, 开关",COCA_abridged
purview,ˈpәːvjuː,n.,"权限, 职权范围, 范围",COCA_abridged
masturbate,ˈmæstәbeit,v.,手淫,COCA_abridged
scavenge,ˈskævindʒ,vt.,"打扫, 排除废气, 在...中找有用之物, 以...为食, 清除 vi. 清扫",COCA_abridged
maggot,ˈmægәt,n.,"狂想, 空想, 蛆",COCA_abridged
sizzle,ˈsizl,vi.,发出嘶嘶声 vt. 烧灼 n. 咝咝声,COCA_abridged
orb,ɒːb,n.,"球, 天体, 球状物 vt. 成圆形, 成球形",COCA_abridged
reclusive,riˈkluːsiv,a.,"隐遁的, 隐居的",COCA_abridged
hard-boiled,ˈhɑːdˈbɔild,a.,"煮过熟了的, 不动感情的",COCA_abridged
Aryan,ˈєәriәn,n.,"印欧语系的人, 雅利安人 a. 雅利安人的, 印欧语系语言的",COCA_abridged
hyperactive,ˌhaipә(ː)ˈræktiv,a.,活动过度的,COCA_abridged
slather,ˈslæðә,vt.,"厚厚地涂, 大量使用 n. 大量",COCA_abridged
hemlock,ˈhemlɒk,n.,"毒茴类毒草(如毒茴、毒芹), 铁杉属植物, 铁杉",COCA_abridged
lacquer,ˈlækә,n.,"漆, 漆器 vt. 涂漆",COCA_abridged
high-pressure,,a.,"高压的, 高气压的, 强行的 vt. 施以高压, 强迫",COCA_abridged
matter-of-fact,ˌmætәrәvˈfækt,a.,"事实的, 实际的, 平淡的",COCA_abridged
pickled,ˈpikld,a.,"烂醉如泥的, 盐渍的",COCA_abridged
luminosity,ˌluːmiˈnɒsiti,n.,"光明, 光辉, 光度, 亮度",COCA_abridged
self-pity,ˈselfˈpiti,n.,自怜,COCA_abridged
cropland,ˈkrɔplænd,n.,"耕地, 农田",COCA_abridged
lob,lɒb,vt.,"把球挑高 vi. 蹒跚地走 n. 笨人, 高球",COCA_abridged
unexplored,ˈʌniksˈplɔːd,a.,未勘查过的,COCA_abridged
finisher,ˈfiniʃә,n.,"完工者, 精整工, 整理工; 精轧机, 末道清棉机; 决定性的事件",COCA_abridged
misdeed,ˈmisˈdiːd,n.,"不端行为, 犯罪, 恶性",COCA_abridged
buttery,ˈbʌtәri,n.,"配膳室 a. 涂用黄油的, 谄媚的",COCA_abridged
unwed,ˌʌnˈwed,a.,没有结婚的; 未婚的,COCA_abridged
hideaway,ˈhaidә.wei,n.,"隐匿处, 潜伏处, 退隐处",COCA_abridged
black-eyed,ˈblækaid,a.,"黑眼珠的, 黑眼圈的",COCA_abridged
transformer,trænsˈfɒːmә,n.,"变压器, 促使变化的人",COCA_abridged
transom,ˈtrænsәm,n.,"横档, 横楣, 横梁",COCA_abridged
teacup,ˈtiːkʌp,n.,"茶杯, 满茶杯",COCA_abridged
screener,ˈskriːnә,n.,检测设备; 检查人员; （尤指）机场安检人员,COCA_abridged
twofold,ˈtuːˈfәuld,a.,"两倍的, 两重的 adv. 两倍地, 两重地",COCA_abridged
indentation,ˌindenˈteiʃәn,n.,"呈锯齿状, 缩排, 缺口, 印凹痕 [计] 缩进",COCA_abridged
quark,kwɑːk,n.,夸克,COCA_abridged
illuminating,"iˈljuːmi,neitiŋ",a.,有启发性的,COCA_abridged
goo,guː,n.,"粘性物, 过分多情",COCA_abridged
jihadist,,n.,伊斯兰圣战士,COCA_abridged
Hungarian,hʌŋˈgєәriәn,a.,"匈牙利的, 匈牙利人的, 匈牙利语的 n. 匈牙利人, 匈牙利语",COCA_abridged
indecision,ˌindiˈsiʒәn,n.,优柔寡断,COCA_abridged
multimillionaire,ˌmʌltimiljәˈnєә,n.,"大富豪, 千万富翁",COCA_abridged
providing,,conj.,"以...为条件, 假如",COCA_abridged
unionized,ʌnˈaiәnaizd,a.,组织成工会的; 未电离的,COCA_abridged
mushy,ˈmʌʃi,a.,"浓粥状的, 含糊不清, 感伤的",COCA_abridged
sandbag,ˈsændbæg,n.,"沙袋 vt. 堆沙袋于, 用沙袋打",COCA_abridged
custom-made,,a.,"定做的, 按用户要求制造",COCA_abridged
hardcover,ˈhɑːdkʌvә,a.,"硬书皮的 n. 硬封面的书, 精装书",COCA_abridged
reinvigorate,ˌriːinˈvigәreit,vt.,"使再振作, 使复兴",COCA_abridged
bandanna,bænˈdænә,n.,一各印花大手帕,COCA_abridged
unwavering,ˌʌnˈweivәriŋ,a.,"不动摇的, 坚定的",COCA_abridged
deplorable,diˈplɒːrәbl,a.,"可叹的, 悲惨的, 凄惨的",COCA_abridged
broadside,ˈbrɔːdsaid,n.,"猛烈的攻击/谴责, 连珠炮似的攻讦/谴责; 舷侧 adv. 无目标地, 胡乱地",COCA_abridged
baguette,bæˈget,n.,法国棍子面包,COCA_abridged
dryness,ˈdrainis,n.,"干燥, 干燥无味, 冷淡",COCA_abridged
inorganic,ˌinɒːˈgænik,a.,"无机的, 无生物的, 非自然形成的",COCA_abridged
justifiably,dʒʌstɪˈfaɪəblɪ,adv.,无可非议地,COCA_abridged
travail,ˈtræveil,n.,"分娩的痛苦, 阵痛, 辛劳 vi. 发生阵痛, 辛劳",COCA_abridged
claustrophobic,ˌklɔːstrәˈfәjbik,,a.,COCA_abridged
claustrophobic,ˌklɔːstrәˈfәjbik,,"(患)幽闭恐怖症的,导致幽闭恐怖症的",COCA_abridged
acquiescence,ˌækwiˈesәns,n.,"默许, 默认",COCA_abridged
pragmatist,ˈprægmәtist,n.,"实用主义者, 爱管闲事的人",COCA_abridged
angelic,ænˈdʒelik,a.,"天使的, 天使般的",COCA_abridged
uninformed,ˈʌninˈfɔːmd,a.,无知的; 未被通知的; 未受教育的; 不学无术的,COCA_abridged
chaser,ˈtʃeisә,n.,驱逐舰; 猎人; 饮烈酒后喝的饮料,COCA_abridged
flaky,ˈfleiki,a.,"薄片的, 成片的, 薄而易剥落的",COCA_abridged
cantaloupe,ˈkæntәluːp,n.,罗马甜瓜,COCA_abridged
antebellum,ˌæntiˈbelәm,a.,"战前的, 南北战争前的",COCA_abridged
fibrosis,faiˈbrәusis,n.,"纤维变性, 纤维化",COCA_abridged
favoritism,ˈfeivәritizm,n.,"偏爱, 偏袒",COCA_abridged
daydream,ˈdeidriːm,n.,白日梦 vi. 做白日梦,COCA_abridged
unseat,ˈʌnˈsiːt,vt.,"剥夺...的席位, 使失去资格, 使退位, 罢免, 使去职, 使退职",COCA_abridged
tranquilizer,ˈtræŋkwilaizә,n.,"安定药, 镇定药",COCA_abridged
gizmo,ˈgizmәu,n.,"小发明, 小玩意儿",COCA_abridged
dishonesty,disˈɒnisti,n.,"不诚实, 诈欺, 不正",COCA_abridged
unkind,ˌʌnˈkaind,a.,"不仁慈的, 不亲切的",COCA_abridged
superhero,"ˈsjuːpә,hiәrәj",n.,超级英雄,COCA_abridged
connote,kɔˈnәut,vt.,"包含, 内涵着, 意味着",COCA_abridged
chronicler,ˈkrɔniklә(r),n.,"年代史编者, 记录者",COCA_abridged
chopsticks,ˈtʃɒpstiks,n.,筷子,COCA_abridged
festoon,fesˈtuːn,n.,花彩 vt. 结彩于,COCA_abridged
attainable,әˈteinәbl,a.,"可到达的, 可得到的",COCA_abridged
horticultural,ˌhɒːtiˈkʌltʃәrәl,a.,园艺的,COCA_abridged
big-name,,a.,大名鼎鼎的,COCA_abridged
whoop,hwuːp,n.,"大叫, 呐喊, 一点点 vi. 叫喊, 鸣叫 vt. 高声说, 唤起",COCA_abridged
papa,pәˈpɑː,n.,爸爸,COCA_abridged
dotted,ˈdɒtid,a.,"有点的, 星罗棋布的",COCA_abridged
reincarnation,ˌriːinkɑːˈneiʃәn,n.,"转世化身, 再生",COCA_abridged
sit-up,,n.,仰卧起坐,COCA_abridged
peppercorn,ˈpepәkɔːn,n.,干胡椒; 象征性租金; 空有其名的象征性房租,COCA_abridged
hardness,ˈhɑːdnis,n.,"坚硬, 硬度",COCA_abridged
to-do,"tәˈduː, tuˈduː",n.,"嚷闹, 骚扰",COCA_abridged
cola,ˈkәulә,n.,可乐饮料,COCA_abridged
john,dʒɔn,n.,"盥洗室, 厕所, 嫖客",COCA_abridged
light-hearted,,a.,"轻松的, 无忧无虑的",COCA_abridged
bluish,ˈbluiʃ,a.,带蓝色的,COCA_abridged
sectional,ˈsekʃәnl,a.,"部分的, 部门的, 节的, 截面的 n. 组合式家具",COCA_abridged
sup,sʌp,n.,"一口 vt. 啜, 呷 vi. 啜饮, 进晚餐",COCA_abridged
enchantment,inˈtʃæntmәnt,n.,"魔法, 妖术, 魅力",COCA_abridged
stopper,ˈstɒpә,n.,"阻止的人, 木塞, 制止器 vt. 用塞子塞住, 闭嘴",COCA_abridged
shoplifting,ˈʃɒp.liftiŋ,n.,入店行窃,COCA_abridged
nuke,njuːk,n.,"核武器, 核电厂, 原子核 vt. 以核武器攻击, 把...打垮",COCA_abridged
breech,briːtʃ,n.,"后膛, 臀部 vt. 给...装上炮尾, 给...穿上裤子",COCA_abridged
deep-seated,,a.,"根深蒂固的, 深层的 [医] 深位的",COCA_abridged
snugly,ˈsnʌgli,adv.,"舒适地, 整洁干净地, 紧密地",COCA_abridged
self-made,ˈselfˈmeid,a.,"自制的, 自力更生的, 白手起家的",COCA_abridged
tasteless,ˈteistlis,a.,"没味道的, 无鉴赏力的",COCA_abridged
underfunded,ˌʌndəˈfʌndɪd,a.,资金不足的,COCA_abridged
clink,kliŋk,n.,叮当声 v.,COCA_abridged
clink,kliŋk,,(使)发叮当声,COCA_abridged
equalize,ˈiːkwәlaiz,vt.,"使相等, 补偿 vi. 相等",COCA_abridged
achiever,әˈtʃiːvә,n.,获得成功的人,COCA_abridged
outreach,autˈriːtʃ,vt.,"超出...的范围, 作超出能力所及的事而害及自己, 占...的上风, 胜过 vi. 走得太远, 伸出, 展开",COCA_abridged
feathery,ˈfeðәri,a.,"生有羽毛的, 柔软如羽毛的",COCA_abridged
catalytic,ˌkætәˈlitik,a.,催化的,COCA_abridged
cul-de-sac,ˌkuldәˈsæk,n.,"死巷, 死胡同,",COCA_abridged
cul-de-sac,ˌkuldәˈsæk,,"(喻)困境, 死路, 盲管",COCA_abridged
overgrow,ˌәuvәˈgrәu,vt.,"在...上长满, 长得太大使...不适用 vi. 长满, 长得过大",COCA_abridged
candlestick,ˈkændlstik,n.,"蜡杆, 蜡烛架",COCA_abridged
uncomplicated,ˈʌnˈkɔmplikeitid,a.,简单的; 不复杂的,COCA_abridged
whence,(h)wens,adv.,"从何处, 出于什么原因, 从哪个 n. 来处, 根源",COCA_abridged
semantics,siˈmæntiks,,n.,COCA_abridged
semantics,siˈmæntiks,,[语]语义学; 语义论,COCA_abridged
notepad,,n.,记事本,COCA_abridged
saltwater,ˈsɒːltwɒːtә,a.,"盐水的, 海产的, 海上的",COCA_abridged
swoon,swuːn,v.,"昏晕, 晕厥; （对…）痴迷, 神魂颠倒",COCA_abridged
fab,fæb,a.,"绝好的, 极妙的",COCA_abridged
antithetical,ˌæntiˈθetik.-kәl,a.,"对立的, 正相反的",COCA_abridged
underpants,ˈʌndәpænts,n.,"衬裤, 短衬裤",COCA_abridged
mildew,ˈmildjuː,n.,"霉 vi. 发霉, 生霉 vt. 使发霉",COCA_abridged
unpredictability,ˌʌnprɪˌdɪktəˈbɪlətɪ,,"不可预测性, 不可预知性",COCA_abridged
planetarium,ˌplæniˈtєәriәm,n.,"行星仪, 天文馆, 天象图",COCA_abridged
vend,vend,v.,"出售, 从事贩卖",COCA_abridged
silken,ˈsilkәn,a.,"丝的, 绸制的, 柔软的, 圆滑的",COCA_abridged
kickback,ˈkikbæk,n.,"（不合法的）回扣, 酬金, 佣金",COCA_abridged
neurotransmitter,ˌnjuәrәtrænsˈmitә,n.,神经递质,COCA_abridged
mystify,ˈmistifai,vt.,"使神秘化, 使难解, 迷惑 [计] 变幻线",COCA_abridged
mega,ˈmegә,,[计] 兆; 百万,COCA_abridged
exponential,ˌekspәuˈnenʃәl,a.,指数的 n. 指数,COCA_abridged
Titan,ˈtaitn,n.,"提坦, 太阳神, 巨人",COCA_abridged
hypothermia,ˌhaipәˈθәːmiә,n.,低体温,COCA_abridged
mafia,ˈmæfiә,n.,"黑手党, 秘密政党",COCA_abridged
pistachio,piˈstɑːʃiәu,n.,"开心果, 淡草绿色",COCA_abridged
bountiful,ˈbauntiful,a.,"慷慨的, 宽大的",COCA_abridged
gilt,gilt,n.,"镀金, 眩目的外表, 小母猪",COCA_abridged
whistle-blower,,,n.,COCA_abridged
whistle-blower,,,"[法] 告密者, 揭发者",COCA_abridged
riser,ˈraizә,n.,"起床者, 叛徒, 起义者, 竖板",COCA_abridged
whizz,wiz,n.,"飕飕声, 精明的人, 专家 v.",COCA_abridged
whizz,wiz,,(使)飕飕作声,COCA_abridged
macro,ˈmækrәu,pref.,"宏 a. 巨大的, 大量的 [计] 宏",COCA_abridged
questioner,ˈkwestʃәnә,n.,"质问者, 发问者",COCA_abridged
magnetism,ˈmægnitizm,n.,"磁性, 吸引力, 催眠术",COCA_abridged
quotient,ˈkwәuʃәnt,n.,"商, 份额",COCA_abridged
airstrip,ˈєәstrip,n.,飞机跑道,COCA_abridged
socialite,ˈsәuʃәlait,n.,社交名流,COCA_abridged
chairmanship,ˈtʃєәmәnʃip,n.,主席的身份或资格,COCA_abridged
steadfastly,ˈstedfɑːstlɪ,adv.,"踏实地, 不变地; 岿然; 坚定不渝",COCA_abridged
ascension,әˈsenʃәn,n.,"上升, 耶稣升天",COCA_abridged
supermodel,ˈsuːpəmɒdl,n.,超级名模,COCA_abridged
amply,ˈæmpli,adv.,"充足地, 充裕地",COCA_abridged
interrelationship,,n.,相互关系,COCA_abridged
darkroom,ˈdɑːkrum,n.,暗房,COCA_abridged
schooner,ˈskuːnә,n.,"纵帆船, 大酒杯",COCA_abridged
grime,graim,n.,"尘垢, 煤尘, 污点 vt. 使污秽, 使...弄脏",COCA_abridged
overlay,ˌәuvәˈlei,n.,"覆盖, 覆盖图, 使负担过重",COCA_abridged
infertile,inˈfәːtail,a.,"不肥沃的, 不毛的, 不结果实的",COCA_abridged
cyanide,ˈsaiәnaid,n.,氰化物 vt. 用氰化物处理,COCA_abridged
cauldron,ˈkɒːldrәn,n.,大锅,COCA_abridged
sought-after,ˈsɔːtɑːftə,a.,"很吃香的, 广受欢迎的",COCA_abridged
radiologist,ˌreidiˈɒlәdʒist,n.,放射学家,COCA_abridged
infidel,ˈinfidl,n.,"无信仰者, 异教徒, 异端",COCA_abridged
harem,ˈherәm,n.,"闺房,",COCA_abridged
harem,ˈherәm,,(闺房里的)妻妾,COCA_abridged
nuzzle,ˈnʌzl,v.,"（为表达爱意, 用鼻子或脸）摩擦, 触, 蹭",COCA_abridged
homesick,ˈhәumsik,a.,"思家的, 思乡病的",COCA_abridged
beehive,ˈbiːhaiv,n.,"蜂窝, 蜂箱 [机] 集气架, 蜂巢",COCA_abridged
fizzle,ˈfizl,n.,"嘶嘶声, 失败 vi. 发嘶嘶声, 失败",COCA_abridged
currant,ˈkʌrәnt,n.,葡萄干; 醋栗,COCA_abridged
apolitical,ˌeipәˈlitikl,a.,非政治的; 对政治不感兴趣的,COCA_abridged
overeat,ˌәuvәrˈiːt,,vt.,COCA_abridged
overeat,ˌәuvәrˈiːt,,(使)吃过量,COCA_abridged
legging,ˈlegiŋ,n.,"绑腿, 裹腿",COCA_abridged
emphysema,ˌemfiˈsiːmә,n.,肺气肿,COCA_abridged
habitation,ˌhæbiˈteiʃәn,n.,"居住, 住所",COCA_abridged
gentleness,ˈdʒentlnis,n.,"温顺, 柔和, 亲切",COCA_abridged
excision,ekˈsiʒәn,n.,"切除, 删除, 切除之物",COCA_abridged
Aztec,ˈæztek,n.,"阿兹特克人, 阿兹特克语 a. 阿兹特克人的",COCA_abridged
custodial,kʌˈstәudjәl,a.,有监护责任的; 有监护权的,COCA_abridged
mucus,ˈmjuːkәs,n.,粘液,COCA_abridged
piss,pis,vi.,"小便, 下大雨, 抱怨 vt. 撒尿弄脏, 尿在...上 n. 小便",COCA_abridged
shutout,ˈʃʌtaut,n.,"关厂, 停业, 被关在外面的人, 不让对方得分",COCA_abridged
narcissistic,ˌnɑːsiˈsistik,a.,"自我陶醉的, 自恋的",COCA_abridged
amphibious,æmˈfibiәs,a.,"水陆两栖的, 能两栖作战的, 陆海空军协同作战的",COCA_abridged
repaint,riːˈpeint,v.,"重漆, 重画 [计] 重新绘制",COCA_abridged
trickster,ˈtrikstә,n.,"骗子, 魔术师",COCA_abridged
cannibal,ˈkænibәl,n.,"食人者, 吃同类的动物 a. 食同类的, 吃人肉的",COCA_abridged
democratize,diˈmɒkrәtaiz,,v.,COCA_abridged
democratize,diˈmɒkrәtaiz,,(使)民主化,COCA_abridged
rollover,"ˈrәul,әuvә",n.,"转期, 债务的延期偿还; 翻车",COCA_abridged
alum,ˈælәm,n.,"明矾, 矾; 校友",COCA_abridged
upturned,ʌpˈtәːnd,a.,"朝上的, 翻过来的, 翻转的",COCA_abridged
retrofit,"ˈretrә,fit",,"vt.vi. 式样翻新, 更新; 改进",COCA_abridged
one-dimensional,ˈwʌndəˈmenʃənəl,a.,一维的; 单向度的; 没有深度的,COCA_abridged
heartless,ˈhɑːtlis,a.,"无情的, 无勇气的",COCA_abridged
romanticize,rәuˈmæntisaiz,vi.,"以浪漫方式行事, 以浪漫风格描写 vt. 使浪漫化",COCA_abridged
swab,swɒb,n.,"拖把, 药签 vt. 擦洗, 拭抹",COCA_abridged
low-tech,ləu tek,a.,低技术的; 技术含量低的,COCA_abridged
vacationer,"vәˈkeiʃənә(r),vei-",n.,休假者; 度假者,COCA_abridged
ravioli,rɑviˈәjli,n.,肉馅小方包子,COCA_abridged
paving,ˈpeiviŋ,n.,"铺筑过的地面, 修筑路面/地面的材料",COCA_abridged
measles,ˈmiːzlz,n.,"麻疹, 风疹, （家畜）囊尾蚴病",COCA_abridged
introspection,ˌintrәuˈspekʃәn,n.,"内省, 反省",COCA_abridged
beater,ˈbiːtә,n.,"打的人, 拍打树丛惊起猎物的人, 搅拌器",COCA_abridged
lumbering,ˈlʌmbәriŋ,n.,"伐木, 伐木业 a. 外形笨重的, 笨拙的, 动作迟缓的, 表达不流畅的",COCA_abridged
off-duty,"ˈɔfˈdjuːti,ˈɔː-",,a.,COCA_abridged
off-duty,"ˈɔfˈdjuːti,ˈɔː-",,"[计] 备用的, 未运行的",COCA_abridged
undervalue,ˌʌndәˈvæljuː,vt.,"低估...之价值, 低估, 看轻",COCA_abridged
worn-out,wɔːn-ˈaut,a.,"磨破的, 磨损的, 穿旧的, 疲惫不堪的",COCA_abridged
outscore,autˈskɔː,,vt.得分超过,COCA_abridged
intoxicating,inˈtɔksikeitiŋ,a.,"醉人的,使人兴奋的",COCA_abridged
indigo,ˈindigәu,n.,"靛青, 靛蓝色 a. 靛蓝色的",COCA_abridged
leper,ˈlepә,n.,"麻疯病患者, 受蔑视的人",COCA_abridged
subprime,ˌsʌbˈpraɪm,a.,"准一流的, 近乎头等的; 准最低贷款利率的",COCA_abridged
ricochet,ˌrikәˈʃei,n.,"跳飞, 跳弹 v.",COCA_abridged
ricochet,ˌrikәˈʃei,,(使)跳飞,COCA_abridged
all-star,ˈɔːlstɑː(r),a.,全明星的,COCA_abridged
yuppie,ˈjʌpi,n.,（美）雅皮士（属于中上阶层的年轻专业人士）,COCA_abridged
rebut,riˈbʌt,vi.,"反驳 vt. 辩驳, 反驳, 揭露",COCA_abridged
karma,ˈkɑːmә,n.,"因果报应, 命运",COCA_abridged
vandal,ˈvændәl,n.,蓄意破坏者,COCA_abridged
groupie,,n.,"追随歌星的年轻女子, 歌星倾慕者",COCA_abridged
infighting,ˈinfaitiŋ,n.,"近战, 混战, 暗斗",COCA_abridged
smock,smɒk,n.,"工作服, 罩衫, 长罩衣 vt. 使穿上工作服, 缝制装饰用衣褶",COCA_abridged
oppressor,әˈpresә,n.,"压迫者, 压制者, 强迫者",COCA_abridged
demographer,diːˈmɒgrәfә,n.,人口统计学家,COCA_abridged
rhododendron,ˌrәudәˈdendrәn,n.,杜鹃,COCA_abridged
riparian,riˈpєәriәn,a.,"河岸的, 生于河岸的 n. 河岸土地所有人",COCA_abridged
preoperative,priːˈɒpәrәtiv,a.,手术前的,COCA_abridged
sentimentality,ˌsentimenˈtæliti,n.,多愁善感,COCA_abridged
far-off,ˈfɑːrˈɔf,a.,"遥远的, 心不在焉的",COCA_abridged
tarragon,ˈtærәgәn,n.,龙蒿,COCA_abridged
carry-on,ˈkærɪ ɒn,n.,手提行李 a. 手提的,COCA_abridged
scorecard,ˈskɒːkɑːd,n.,记分卡,COCA_abridged
sizeable,ˈsaizәbl,a.,"相当大的, 可观的",COCA_abridged
filet,"fiˈlei, ˈfiːlei",n.,"肉片, 鱼片, 襻, 嵌条, 丘带,",COCA_abridged
filet,"fiˈlei, ˈfiːlei",,"(内)圆角 vt. 用带缚, 把(肉/鱼)切成片, 用饰带装饰",COCA_abridged
salmonella,ˌsælmәˈnelә,n.,沙门氏菌,COCA_abridged
tomography,tәˈmɒgrәfi,,n.,COCA_abridged
tomography,tәˈmɒgrәfi,,X线断层照相术,COCA_abridged
trimester,traiˈmestә,n.,"三个月, 一学期",COCA_abridged
radon,ˈreidɒn,n.,氡(Rn),COCA_abridged
indistinct,ˌindisˈtiŋkt,a.,"不清楚的, 朦胧的",COCA_abridged
cinch,sintʃ,n.,"肚带, 紧握, 必然(发生)的事情 vt. 给...系肚带, 紧握住, 抓牢",COCA_abridged
upriver,ˈʌpˈrivә,a.,"上游的, 向水源的",COCA_abridged
heh,hei,n.,嗨！（表示惊异质问）,COCA_abridged
recliner,riˈklainә,n.,躺椅,COCA_abridged
bob,bɒb,vt.,"剪短, 敲击 vi. 振动, 上下跳动 n. 短发, 悬挂的饰品, 浮子, 摆动, 轻敲, 5便士",COCA_abridged
criminality,ˌkrimiˈnæliti,n.,"犯罪, 有罪, 犯罪行为",COCA_abridged
prospector,ˈprɒspektә,n.,"勘探者, 采矿者",COCA_abridged
recollect,ˌrekәˈlekt,vt.,"回忆, 回想, 忆起 vi. 回忆",COCA_abridged
statistician,ˌstætiˈstiʃәn,n.,"统计员, 统计学家",COCA_abridged
particularity,pә.tikjuˈlæriti,n.,"特殊性, 特质, 个性, 细致, 苛求",COCA_abridged
tribesman,ˈtraibzmәn,n.,部落男子,COCA_abridged
headband,ˈhedbænd,n.,"头巾, 头饰带 [医] 额镜带",COCA_abridged
idealist,aiˈdiәlist,n.,"理想主义者, 唯心主义者",COCA_abridged
mannerism,ˈmænәrizm,n.,"矫揉造作, 习性, 作态",COCA_abridged
intelligentsia,in.teliˈdʒetsiә,n.,知识界,COCA_abridged
churn,tʃәːn,n.,"搅乳器 v. 搅拌, 搅动",COCA_abridged
dioxin,daiˈɔksin,,n.,COCA_abridged
dioxin,daiˈɔksin,,[化]二噁英,COCA_abridged
innkeeper,ˈinkiːpә(r),n.,"小旅馆老板, 客栈老板",COCA_abridged
anachronism,әˈnækrәnizәm,n.,"时代错误, 不合潮流的人(物)",COCA_abridged
uptake,ˈʌpteik,n.,"举起, 拿起, 理解, 摄入, 吸收",COCA_abridged
bridesmaid,ˈbraidzmeid,n.,女傧相,COCA_abridged
authorial,ɒːˈθɒːriәl,a.,著作者的,COCA_abridged
alamo,ˈælәmәu,,n.,COCA_abridged
alamo,ˈælәmәu,,[植]白杨,COCA_abridged
proximal,ˈprɒksiml,a.,"近接的, 邻近的, 靠中心的, 近身体中央的",COCA_abridged
psychosis,saiˈkәusis,n.,"精神病, 精神不正常",COCA_abridged
scrunch,skrʌntʃ,vt.,"碾碎, 缩紧 vi. 嘎吱地响, 蜷缩 n. 嘎嘎响声",COCA_abridged
unsettled,ˌʌnˈsetld,a.,"不平稳的; 不安的; 未处理的, 未解决的, 未决定的; 易变的; 未付的; 无居民的; 不舒服的;",COCA_abridged
cost-benefit,ˈkɔstˈbenifit,a.,成本效益(分析)的,COCA_abridged
chalkboard,ˈtʃɒːkbɒːd,n.,黑板,COCA_abridged
pillowcase,ˈpilәjkeis,n.,枕套,COCA_abridged
seamstress,ˈsiːmstris,n.,"女裁缝, 做针线活的妇女",COCA_abridged
creak,kriːk,n.,"辗轧声, 嘎吱嘎吱声 vi. 作辗轧声, 发出辗轧声",COCA_abridged
floodwaters,,na.,洪水,COCA_abridged
mass-produced,,a.,大量生产的,COCA_abridged
pancreatic,ˌpæŋkriˈætik,a.,胰腺的,COCA_abridged
polka,ˈpәulkә,n.,"波尔卡舞, 女用紧身短上衣",COCA_abridged
strainer,ˈstreinә,n.,"用力拉的人, 松紧扣, 过滤器, 滤网",COCA_abridged
gumbo,ˈgʌmbәu,n.,大杂烩,COCA_abridged
floodplain,ˈflʌdplein,n.,泛滥平原,COCA_abridged
puke,pjuːk,n.,"呕吐, 呕吐物, 吐剂 v. 呕吐",COCA_abridged
cleanser,ˈklenzә,n.,"使清洁的东西, 清洁剂, 清洁工, 泸清器",COCA_abridged
llama,ˈlɑːmә,n.,美洲驼,COCA_abridged
hoopla,ˈhuːplɑː,n.,"喧闹, 大吹大擂的宣传, 投环套物游戏",COCA_abridged
marigold,ˈmærigәuld,n.,"万寿菊, 金盏花",COCA_abridged
naturalized,ˈnætʃərəlaɪzd,a.,"自然化的, 归化的 v. 接收（外国人）入籍; 使归化; 将（植物等）引进异域种植; 吸收",COCA_abridged
snorkel,ˈsnɔːkl,n.,通气管,COCA_abridged
downtime,ˈdauntaim,n.,停工期 [计] 故障停机时间,COCA_abridged
newsman,ˈnjuːzmæn,n.,"报童, 送报人, 新闻记者",COCA_abridged
unscrew,ˌʌnˈskruː,v.,"旋开, 旋松",COCA_abridged
immortalize,iˈmɒːtәlaiz,vt.,"使不灭, 使名垂千古",COCA_abridged
analyzer,ˈænәlaizә,n.,分析者 [计] 分析器,COCA_abridged
indisputable,ˌindisˈpjuːtәbl,a.,无争论之余地的,COCA_abridged
pimple,ˈpimpl,n.,"丘疹, 小脓疱",COCA_abridged
robin,ˈrɒbin,n.,"知更鸟, 旅鸫",COCA_abridged
craziness,ˈkreizinis,n.,"发狂, 狂热, 热中",COCA_abridged
self-centered,selfˈsentәd,a.,"自我中心的, 自我本位的, 利己主义的",COCA_abridged
mausoleum,ˌmɒːsәˈliәn,n.,"陵墓, 阴森森的大厦",COCA_abridged
snowman,ˈsnәumæn,n.,雪人,COCA_abridged
spindle,ˈspindl,n.,"纱锭, 纺锤, 轴, 心轴 vi. 变细长 vt. 装锭子于 a. 像锭子的",COCA_abridged
underbrush,ˈʌndәbrʌʃ,n.,林下灌丛,COCA_abridged
cobble,ˈkɒbl,n.,"圆石, 鹅卵石 vt. 铺鹅卵石, 修, 粗粗地修补",COCA_abridged
buzzword,ˈbʌzwәːd,n.,流行词,COCA_abridged
expressionless,ikˈspreʃәnlis,a.,"无表情的, 呆板的",COCA_abridged
ransack,ˈrænsæk,vt.,"到处搜索, 遍寻, 掠夺, 洗劫",COCA_abridged
cheater,ˈtʃiːtә,n.,"骗子, 诈手",COCA_abridged
holly,ˈhɒli,n.,冬青树,COCA_abridged
forester,ˈfɔristә,n.,"林务员, 森林动物, 森林居民, 森林管理人",COCA_abridged
earthen,ˈәːθәn,a.,"土制的, 陶制的",COCA_abridged
boarder,ˈbɒːdә,n.,寄膳宿者,COCA_abridged
backpack,ˈbækpæk,n.,远足用的背包; 双肩背包,COCA_abridged
orator,ˈɒːrәtә,n.,"演说者, 演讲者, 雄辩家, 请愿人, 原告",COCA_abridged
emigre,,n.,"逃亡者, 流亡者",COCA_abridged
pleated,ˈpliːtɪd,a.,"打褶裥的, 起褶的",COCA_abridged
litigate,ˈlitigeit,vi.,"对簿法庭 vt. 在法庭相争, 诉讼",COCA_abridged
turntable,ˈtәːnteibl,n.,"唱盘,转车台",COCA_abridged
goatee,gәuˈtiː,n.,山羊胡子,COCA_abridged
instantaneously,,adv.,"即刻, 立即",COCA_abridged
arugula,әˈruːgәlә,,n.,COCA_abridged
arugula,әˈruːgәlә,,[植]芝麻菜,COCA_abridged
Astrodome,ˈæstrәdәjm,n.,"天体观测窗, 天文航行舱",COCA_abridged
rheumatoid,ruːˈmætɒid,a.,类风湿病的,COCA_abridged
suburbia,sәˈbәːbiә,n.,"都市的郊区, 郊区居民, 郊区居民所特有的风俗习惯",COCA_abridged
subconscious,ˌsʌbˈkɒnʃәs,n.,"潜在意识, 下意识 a. 下意识的, 潜意识的",COCA_abridged
appraiser,әˈpreizә,n.,"评价人, 鉴定人, 估价人",COCA_abridged
indoctrination,in.dɒktriˈneiʃәn,n.,"教导, 教育, 灌输",COCA_abridged
foundry,ˈfaundri,n.,"铸造, 铸造厂, 铸造类 [机] 铸造厂, 铸造",COCA_abridged
downhill,ˈdaunˈhil,a.,"下坡的 adv. 下坡, 向下",COCA_abridged
strum,strʌm,n.,弹拨(声) v. 漫不经心地弹奏,COCA_abridged
incontinence,inˈkɒntinәns,n.,"无节制, 荒淫, 失禁",COCA_abridged
handset,ˈhændset,n.,电话听筒,COCA_abridged
sioux,suː,a.,苏人的; 苏语的,COCA_abridged
trawler,ˈtrɒːlә,n.,拖网渔船,COCA_abridged
deliverance,diˈlivәrәns,n.,"解脱, 解救, 释放; 判决, 正式意见",COCA_abridged
aftershock,ˈɑːftәʃɒk,n.,余震,COCA_abridged
triathlon,traiˈæθlɔn,n.,〈体〉三项全能运动,COCA_abridged
manhunt,ˈmænhʌnt,n.,搜捕,COCA_abridged
humanly,ˈhjuːmәnli,adv.,"从人的角度, 在人力所及范围",COCA_abridged
irreplaceable,ˌiriˈpleisәbl,a.,"不能调换的, 不能代替的, 不能恢复原状的",COCA_abridged
hiccup,ˈhikʌp,n.,打嗝 v. 打嗝,COCA_abridged
cluck,klʌk,n.,咯咯的叫声 v. 咯咯叫,COCA_abridged
mesquite,ˈmeskiːt,n.,豆科灌木（产于美国西南部和墨西哥）,COCA_abridged
sleet,sliːt,n.,雨夹雪 vi. 下雨夹雪,COCA_abridged
crudely,ˈkruːdli,adv.,"照自然状态, 未成熟地, 粗杂地",COCA_abridged
collie,ˈkɒli,n.,柯利牧羊狗,COCA_abridged
tightrope,ˈtaitrәup,n.,拉紧的绳索,COCA_abridged
smokestack,ˈsmәukstæk,n.,烟囱,COCA_abridged
playback,ˈpleibæk,,n.,COCA_abridged
playback,ˈpleibæk,,"(录音)重放,",COCA_abridged
playback,ˈpleibæk,,(录音)重放装置 [计] 重现,COCA_abridged
connectivity,kәnekˈtiviti,,n.,COCA_abridged
connectivity,kәnekˈtiviti,,"[计] 连通性, 连通度",COCA_abridged
disenchanted,,a.,"感到幻灭的, 不再抱幻想的, 不再着迷的",COCA_abridged
goodnight,,int.,晚安; 再见,COCA_abridged
prescient,ˈpresiәnt,a.,"预知的, 有先见之明的",COCA_abridged
preservationist,ˌprezәˈveiʃәnist,,n.,COCA_abridged
preservationist,ˌprezәˈveiʃәnist,,(对野生动物、自然区、古迹和传统事物等的)保护主义者,COCA_abridged
haunch,hɒːntʃ,n.,"腰腿, 臀部, 腰腿肉",COCA_abridged
captivating,ˈkæptiveitiŋ,a.,"迷人的, 有魅力的",COCA_abridged
windswept,ˈwindswept,a.,"风刮的, 被风吹扫的, 暴露在风中的",COCA_abridged
franchisee,ˌfræntʃaiˈziː,n.,有代销权的人(或团体),COCA_abridged
yo-yo,"ˈjәu,jәu",n.,溜溜球,COCA_abridged
storeroom,ˈstɒːrum,n.,"储藏室, 库房",COCA_abridged
irritant,ˈiritәnt,a.,"刺激的, 刺激性的 n. 刺激物, 刺激剂",COCA_abridged
clang,klæŋ,n.,"当当声, 铿锵声 vi. 发出当当声, 发铿锵声 vt. 使发铿锵声",COCA_abridged
top-ranked,ˈtɒprˈæŋkt,adj.,"（运动员、运动队）居首的, 最优秀的",COCA_abridged
iteration,ˌitәˈreiʃәn,n.,"重复, 反复说的话 [计] 迭代",COCA_abridged
dame,deim,n.,夫人,COCA_abridged
foursome,ˈfɒːsәm,n.,"四人的一组, 四人对抗赛 a. 四人做的, 由四组成的",COCA_abridged
nay,nei,adv.,"否, 不, 不仅如此 n. 拒绝, 反对, 投反对票",COCA_abridged
curling,ˈkәːliŋ,,n.,COCA_abridged
curling,ˈkәːliŋ,,"(苏格兰)冰上溜石游戏; 头发的拳曲, 蜷缩",COCA_abridged
adhd,,abbr.,注意力不集中症（ attention deficit hyperactivity disorder ）,COCA_abridged
plantain,ˈplæntin,n.,"车前草, 大蕉",COCA_abridged
negro,ˈniːgrәu,n.,黑人 a. 黑人的,COCA_abridged
euphoric,juːˈfɔrik,a.,"欣快症的, 欣快的",COCA_abridged
unresponsive,ˌʌnriˈspɒnsiv,a.,"反应迟钝的, 感受性迟钝的, 不回答的",COCA_abridged
mind-boggling,ˈmaɪndˌbɔglɪŋ,a.,令人难以置信的,COCA_abridged
driftwood,ˈdriftwud,n.,"漂流木, 浮木",COCA_abridged
upside-down,ˈʌpsaidˈdaun,a.,"颠倒的, 乱七八糟的",COCA_abridged
medial,ˈmiːdiәl,a.,"中间的, 平均的, 普通的 n. 中间字母",COCA_abridged
win-win,wɪn wɪn,a.,对各方都有益的; 双赢的,COCA_abridged
souffle,ˈsuːfl,n.,"杂音; 蛋奶酥, 舒芙蕾",COCA_abridged
firefight,ˈfaiәfait,,n.,COCA_abridged
firefight,ˈfaiәfait,,"[军]交火,火战,炮战",COCA_abridged
priestly,ˈpriːstli,a.,祭司的,COCA_abridged
lewd,luːd,a.,淫荡的,COCA_abridged
moonlit,ˈmuːnlit,a.,月光照耀的,COCA_abridged
aphid,ˈeifid,n.,蚜虫,COCA_abridged
encore,ɒŋˈkɒː,n.,"再演唱的要求, 要次登场 interj. 再演唱一次 vt. 要求再演(或唱)",COCA_abridged
morphology,mɒːˈfɒlәdʒi,n.,"形态学, 词法, 形态",COCA_abridged
upkeep,ˈʌpkiːp,n.,"维持, 维修费",COCA_abridged
salinity,sәˈliniti,n.,"盐性, 盐度",COCA_abridged
amok,әˈmɔk,adv.,"乱砍乱杀, 杀气腾腾地横冲直撞 [医] [抑郁后暴发]杀人狂",COCA_abridged
unintentional,ˌʌninˈtenʃәnl,a.,"无心的, 不是故意的",COCA_abridged
hellish,ˈheliʃ,a.,"地狱的, 凶恶的, 令人毛骨悚然的",COCA_abridged
pneumatic,njuːˈmætik,a.,"充气的, 空气的, 有气胎的, 气动的, 灵魂的 n. 充气轮胎",COCA_abridged
coincidental,kәuinsiˈdentәl,a.,"一致的, 符合的, 巧合的",COCA_abridged
gazebo,gәˈziːbәu,n.,"眺望台, 阳台",COCA_abridged
nay,nei,adv.,"否, 不, 不仅如此 n. 拒绝, 反对, 投反对票",COCA_abridged
reticence,ˈretisns,n.,"无言, 沉默, 勉强",COCA_abridged
bayou,ˈbaiuː,n.,支流,COCA_abridged
quarterfinal,ˈkwɒːtәfainәl,a.,四分之一决赛的 n. 四分之一决赛,COCA_abridged
stag,stæg,n.,"牡鹿, 男性社交晚会 vi. 不带女伴参加晚会 a. 全是男人的",COCA_abridged
sorbet,ˈsɔːbәt,n.,加果汁的冰水,COCA_abridged
cobweb,ˈkɒbweb,n.,"蜘蛛网, 蛛丝, 混乱 vt. 使布满蛛网",COCA_abridged
illogical,iˈlɒdʒikl,a.,"不合逻辑的, 无条理的, 说不通的",COCA_abridged
sequin,ˈsiːkwin,n.,装饰衣服用的金属或塑料小圆片,COCA_abridged
blacktop,ˈblæktɒp,n.,"沥青, 柏油路",COCA_abridged
humanize,ˈhjuːmәnaiz,vt.,"赋予人性, 教化, 使通人情 vi. 变为有人性, 变得有情, 有教化",COCA_abridged
leaning,ˈliːniŋ,n.,"倾斜, 倾向, 爱好",COCA_abridged
crock,krɒk,n.,"壶, 罐 vt. 使受伤, 弄衰弱 vi. 摩擦脱色, 衰竭",COCA_abridged
intonation,ˌintәuˈneiʃәn,n.,"朗诵, 语调, 唱",COCA_abridged
sari,ˈsɑːriː,n.,莎丽(印度妇女用的裹身布),COCA_abridged
departed,diˈpɑːtid,a.,"过去的, 以往的, 死了的",COCA_abridged
femur,ˈfiːmә,n.,"股骨,",COCA_abridged
femur,ˈfiːmә,,(昆虫的)腿节,COCA_abridged
otherness,ˈʌðәnis,n.,"相异, 不同, 差异性",COCA_abridged
groggy,ˈgrɒgi,a.,"酒醉的, 东歪西倒的, 摇摇晃晃的",COCA_abridged
unknown,ˌʌnˈnәun,a.,"不知道的, 未知的, 陌生的 n. 未知物, 未知数",COCA_abridged
tern,tәːn,n.,燕鸥,COCA_abridged
unimpressed,ˈʌnimˈprest,a.,"无印记的, 没有印象的, 未受感动的",COCA_abridged
frill,fril,n.,"（服装、窗帘等的）褶边, 荷叶边 vi. 起边皱 vt. 折成皱边",COCA_abridged
amp,æmp,n.,安培 [化] 腺苷酸; 腺苷一磷酸,COCA_abridged
archway,ˈɑːtʃwei,n.,"拱门, 拱道",COCA_abridged
ark,ɑːk,n.,"方舟, 柜",COCA_abridged
circumcision,ˌsәːkәmˈsiʒәn,n.,"包皮环割术, 环切术, 犹太教的割礼, 净心",COCA_abridged
eucharistic,ˌjuːkəˈristik,a.,"圣餐的, 圣体的",COCA_abridged
behead,biˈhed,vt.,"斩首, 砍头",COCA_abridged
untouchable,ʌnˈtʌtʃәbl,a.,"达不到的, 碰不着的, 管不到的, 不可批评的, 碰不得的, 不可捉摸的, 无形的",COCA_abridged
scarecrow,ˈskєәkrәu,n.,"稻草人, 衣衫褴褛的人",COCA_abridged
charger,ˈtʃɑːdʒә,n.,"充电器, 冲锋者, 战马; 装料机; 加料机",COCA_abridged
civics,ˈsiviks,n.,"公民学, 公民",COCA_abridged
buff,bʌf,n.,"暗黄色, 暗黄色皮革, 人的皮肤 vt. 擦亮, 使柔软 a. 暗黄色的",COCA_abridged
polyp,ˈpɒlip,n.,"息肉, 水螅虫",COCA_abridged
heartbroken,ˈhɑːtbrәukәn,a.,心碎的,COCA_abridged
runny,ˈrʌni,a.,"松软的, 水分过多的, 流鼻涕的",COCA_abridged
unfaithful,ˌʌnˈfeiθful,a.,不忠实的; 不正确的,COCA_abridged
unquestioned,ʌnˈkwestʃәnd,a.,"未经审问的, 未经调查的, 无异议的, 不被怀疑的",COCA_abridged
causation,kɒːˈzeiʃәn,n.,"因果关系, 原因",COCA_abridged
deformation,ˌdiːfɒːˈmeiʃәn,n.,"损形, 变丑, 畸形, 形变",COCA_abridged
wrecked,rekt,a.,"失事的（船）; 迷幻的, 兴奋的",COCA_abridged
dragonfly,ˈdrægәnflai,n.,蜻蜓,COCA_abridged
angling,ˈæŋgliŋ,n.,"钓鱼, 钓鱼术",COCA_abridged
anti-communist,ˈæntiˈkɔmjunist,a.,反共的 n. 反共分子[亦作 anticommunist],COCA_abridged
stand-in,,n.,"替身演员, 替身, 有利地位",COCA_abridged
earphone,ˈiәfәun,n.,"耳机, 听筒",COCA_abridged
coo,kuː,vi.,"咕咕地叫 vi.vt. 谈情话, 轻轻地说, 温柔可爱地说, 温柔爱恋地说 n. 鸽子的叫声, 鸽子叫似的轻声",COCA_abridged
washcloth,ˈwɒʃklɒθ,n.,"毛巾, 浴巾",COCA_abridged
horseradish,hɒːsˈrædiʃ,n.,"辣根, 辣根所制调味剂",COCA_abridged
platelet,ˈpleitlit,n.,"血小板, 小盘, 小板",COCA_abridged
italics,iˈtæliks,n.,斜体字,COCA_abridged
fascinated,,a.,着迷的; 被深深吸引的,COCA_abridged
spar,spɑː,n.,"晶石, 圆材 vt. 装圆材于 vi. 拳斗, 争论",COCA_abridged
hard-earned,ˈhɑːdˈәːnd,a.,辛苦得到的,COCA_abridged
aggrieved,әˈgriːvd,a.,"受委屈的, 权利受到不法侵害的",COCA_abridged
suitability,ˌsjuːtәˈbiliti,n.,"适合, 适当",COCA_abridged
stringy,ˈstriŋi,a.,"线, 绳的, 纤维的, 粘性的",COCA_abridged
nakedness,ˈneikidnis,n.,"裸, 明显, 赤身裸体",COCA_abridged
bloodless,ˈblʌdlis,a.,"无血色的, 不流血的, 没精神的",COCA_abridged
unabashed,ˌʌnәˈbæʃt,a.,"不脸红的, 不害羞的, 脸皮厚的",COCA_abridged
lupus,ˈluːpәs,n.,狼疮,COCA_abridged
negativity,ˌnegәˈtiviti,n.,"否定性, 消极性",COCA_abridged
metastasis,mәˈtæstәsis,n.,"转移, 新陈代谢, 移位变化",COCA_abridged
wager,ˈweidʒә,n.,"赌注, 赌博, 赌物 vt. 下赌注, 向...保证 vi. 打赌",COCA_abridged
vastness,ˈvɑːstnis,n.,"巨大, 广大, 广漠",COCA_abridged
embellishment,imˈbeliʃmәnt,n.,"装饰, 润色, 修饰",COCA_abridged
temperamental,ˌtemprәˈmentl,a.,"气质的, 性格的; 易烦躁的",COCA_abridged
payable,ˈpeiәbl,a.,"可付的, 到期的, 应付的, 有利益的",COCA_abridged
mammalian,mæˈmeiljәn,n.,哺乳动物 a. 哺乳动物的,COCA_abridged
misfit,ˈmisfit,n.,"不适合, 不适合的东西, 不适应环境的人 vt.",COCA_abridged
misfit,ˈmisfit,,(衣着)对...不合身 vi. 不适合,COCA_abridged
pox,pɒks,n.,"痘病, 痘, 瘟疫",COCA_abridged
Messianic,ˌmesiˈænik,a.,弥赛亚的,COCA_abridged
commandeer,ˌkɒmәnˈdiә,vt.,"征用, 霸占",COCA_abridged
derision,diˈriʒәn,n.,嘲笑,COCA_abridged
flushed,,a.,激动的; 心情愉快的,COCA_abridged
sighted,ˈsaitid,a.,"有视力的, 不盲的",COCA_abridged
stratification,ˌstrætifiˈkeiʃәn,n.,"层化, 阶层的形成, 分层",COCA_abridged
Americanization,"ә,merikәnaiˈzeiʃən;-niˈz-",n.,美国化,COCA_abridged
brainchild,ˈbreintʃaild,n.,脑力劳动的产物,COCA_abridged
foregoing,ˈfɒːˈgәuiŋ,a.,"前面的, 先前的, 前述的",COCA_abridged
turpentine,ˈtәːpәntain,n.,"松脂, 松木油, 松节油 vt. 涂以松节油",COCA_abridged
clearinghouse,ˈkliәriŋhaus,n.,票据交换所,COCA_abridged
duplex,ˈdjuːpleks,a.,"双的, 复式的, 双联的, 二重的, 二倍的 [计] 双重的; 双工操作; 双工的; 双的; 双向的",COCA_abridged
genie,ˈdʒiːni,n.,"妖怪, 鬼",COCA_abridged
goon,guːn,n.,"受雇暴徒, 愚笨者, 呆子",COCA_abridged
astride,әˈstraid,adv.,跨着,COCA_abridged
parlay,ˈpɑːli,vt.,"连本带利的赌, 使增值, 成功地利用",COCA_abridged
senatorial,ˌsenәˈtɒːriәl,a.,"上议院的, 参议院的, 参议员的",COCA_abridged
well-rounded,,a.,"丰满的, 面面俱到的, 具有多方面兴趣的",COCA_abridged
nightmarish,"ˈnait,meәriʃ",a.,"梦魇似的, 可怕的, 经常使人恐惧的",COCA_abridged
slush,slʌʃ,n.,"烂泥, 雪水, 无聊的言情内容, 胡说八道 vt. 溅湿, 灌泥浆于 vi. 在雪泥(或泥浆)中走",COCA_abridged
novella,nɒːˈvelә,n.,"短篇故事, 中篇小说",COCA_abridged
seagull,ˈsiːgʌl,n.,鸥,COCA_abridged
half-hearted,,a.,"半心半意的, 不认真的",COCA_abridged
photocopy,ˈfәutәu.kɒpi,n.,"影印, 复印件 v. 影印",COCA_abridged
settee,seˈtiː,n.,长靠背椅,COCA_abridged
fluff,flʌf,n.,"软毛, 柔毛, 绒毛, 错误, 无价值的东西 vi. 起毛, 变松, 出错 vt. 使起毛, 抖松, 念错",COCA_abridged
primeval,praiˈmiːvl,a.,"初期的, 原始的, 远古的",COCA_abridged
hypnotize,ˈhipnәtaiz,vt.,"施催眠术, 使恍惚, 使着迷",COCA_abridged
wrack,ræk,n.,"漂积海草, 失事船只, 破坏 vt. 严重伤害",COCA_abridged
creationism,kriːˈeiʃәnizәm,n.,"创造宇宙说, 特别创造说",COCA_abridged
phalanx,ˈfælæŋks,n.,"方阵, 密集队列, 密集的人群(或兽群), 指骨, 趾骨",COCA_abridged
roost,ruːst,n.,"栖木, 休息所, 群栖的禽鸟 vi. 栖息, 安歇 vt. 使栖息",COCA_abridged
liberator,ˈlibәreitә,n.,"解放者, 释放者",COCA_abridged
tabulate,ˈtæbjuleit,vt.,"作成表, 作成一览表, 使成平面 a. 平板状的, 平面的 [计] 制表",COCA_abridged
freshen,ˈfreʃn,,v.,COCA_abridged
freshen,ˈfreʃn,,"(使)显得新鲜,",COCA_abridged
freshen,ˈfreʃn,,"(使)精神饱满,",COCA_abridged
freshen,ˈfreʃn,,(使)减少咸味,COCA_abridged
landfall,ˈlændfɒːl,n.,"初见陆地, 到达陆地, 着陆",COCA_abridged
flipper,ˈflipә,n.,"鳍状肢,",COCA_abridged
flipper,ˈflipә,,"(潜水用)脚蹼, 挡泥板",COCA_abridged
hologram,ˈhɔlәugræm,n.,"全息照相图 [计] 全息照相, 全息图",COCA_abridged
croissant,krwәːˈsɑːnt,n.,羊角面包,COCA_abridged
defibrillator,diˈfɑibrileitә(r),,n.,COCA_abridged
defibrillator,diˈfɑibrileitә(r),,"[医] 去纤颤器, 心脏除颤器",COCA_abridged
pacemaker,ˈpeis.meikә,n.,"带步人, 标兵 [医] 起搏器",COCA_abridged
swastika,ˈswɔstikә,n.,纳粹党所用的十字记号,COCA_abridged
apocalypse,әˈpɒkәlips,n.,"启示, 天启",COCA_abridged
long-lost,lɔŋ lɔːst,a.,遗失了很长时间的,COCA_abridged
scoundrel,ˈskaundrәl,n.,恶棍 a. 卑鄙的,COCA_abridged
carnation,kɑːˈneiʃәn,n.,"康乃馨, 粉红色",COCA_abridged
strapping,ˈstræpiŋ,a.,"魁伟的, 巨大的",COCA_abridged
doable,ˈduːәbl,a.,"可做的, 切实可行的",COCA_abridged
tamale,tәˈmɑːli,n.,玉米粉蒸肉,COCA_abridged
hotshot,ˈhɒtʃɒt,n.,"艺高而自负的人, 货物快车, 快速交通工具, 大人物",COCA_abridged
duster,ˈdʌstә,n.,"掸子, 打扫灰尘的人",COCA_abridged
teenaged,,a.,"青少年的, 十几岁的少年的",COCA_abridged
speechwriter,"ˈspiːtʃ,raitә(r)",n.,演讲稿撰写人,COCA_abridged
gutsy,ˈgʌtsi,a.,"有勇气的, 有力量的",COCA_abridged
chutney,,n.,酸辣酱,COCA_abridged
disrespect,ˌdisriˈspekt,n.,"不敬, 失礼, 无礼",COCA_abridged
tracer,ˈtreisә,n.,"曳光弹; 追踪者, 描图者, 描绘工具 [计] 跟踪程序",COCA_abridged
machinist,mәˈʃiːnist,n.,"机械师, 机械安装修理工, 机械工 [机] 机匠, 机器技工",COCA_abridged
expendable,iksˈpendәbl,a.,"可消费的, 消耗性的, 可牺牲的, 值得消耗的, 可消耗的 n. 消耗物, 可牺牲的人, 可牺牲的物",COCA_abridged
auburn,ˈɒːbәn,n.,赤褐色 a. 赤褐色的,COCA_abridged
glitzy,ˈglitsi,a.,"<美><加> 闪光的, 耀眼的, 眩目的",COCA_abridged
bye,bai,,"interj. 再会, 回头见 [计] 结束命令",COCA_abridged
seer,ˈsiә,n.,"预言者, 先知, 幻想家",COCA_abridged
interconnection,ˌintәkәˈnekʃәn,n.,互相连络,COCA_abridged
oncology,ɒŋˈkɒlәdʒi,n.,肿瘤学,COCA_abridged
disassemble,ˌdisәˈsembl,vt.,"解开, 拆开",COCA_abridged
multipurpose,ˈmʌltiˈpәːpәs,n.,"多用途的, 通用的, 多功能的",COCA_abridged
pearly,ˈpәːli,a.,"珍珠似的, 产珍珠的, 用珍珠装饰的, 用珠母装饰的, 珍贵的",COCA_abridged
superhighway,ˌsjuːpәˈhaiwei,n.,超级高速公路,COCA_abridged
profiling,ˈprәufailiŋ,n.,"资料收集 [机] 靠模机, 靠模切削",COCA_abridged
neckline,ˈneklain,n.,"领口, 领圈",COCA_abridged
herder,ˈhәːdә(r),n.,"牧人,",COCA_abridged
herder,ˈhәːdә(r),,"(美)(非正式)监狱看守 [计] 首部, 首标, 标题, 头标, 报头, 管座, 端板",COCA_abridged
yer,,,pron.,COCA_abridged
yer,,,[俚]你的（等于your）,COCA_abridged
plotter,ˈplɒtә,n.,"密谋者, 策划者, 绘图员, 绘图仪",COCA_abridged
unknowingly,ʌnˈnәjiŋli,adv.,"无意中, 非存心地, 不知不觉地",COCA_abridged
chainsaw,ˈtʃeinsɔː,,"vt.用链锯割,<喻>肢解",COCA_abridged
superhuman,ˌsjuːpәˈhjuːmәn,a.,"超人的, 人类能力所不能及的",COCA_abridged
proclivity,prәˈkliviti,n.,"倾向, 癖性",COCA_abridged
Nazism,ˈnɑːtsizәm,n.,纳粹主义,COCA_abridged
livable,ˈlivәbl,a.,"生活过得有价值的,",COCA_abridged
livable,ˈlivәbl,,"(生活)过得去的, 值得过的, 适于居住的",COCA_abridged
three-pointer,θriː ˈpɔɪntə,n.,三分球,COCA_abridged
rubbery,ˈrʌbәri,a.,"橡胶似的, 有弹力的",COCA_abridged
gambit,ˈgæmbit,n.,"以取得优势的开局棋法, 开场白, 话题",COCA_abridged
sportsmanship,ˈspɒːtsmәnʃip,n.,运动员精神,COCA_abridged
hideout,ˈhaidaut,n.,隐匿处,COCA_abridged
disembark,ˌdisimˈbɑːk,v.,下船; 下飞机,COCA_abridged
inadvertent,ˌinәdˈvәːtәnt,a.,"漫不经心的, 非故意的",COCA_abridged
overzealous,ˈәjvәˈzelәs,a.,过分热忱的,COCA_abridged
savagery,ˈsævidʒәri,n.,"兽性, 原始状态, 野蛮人",COCA_abridged
birthright,ˈbәːθrait,n.,"生来就有的权利, 长子继承权",COCA_abridged
cranny,ˈkræni,n.,"裂缝, 裂隙",COCA_abridged
autopilot,ˈɔːtәpailәt,n.,自动驾驶仪,COCA_abridged
headwaters,ˈhedwɔːtә(r),n.,"源头, 上游",COCA_abridged
microbiologist,,n.,微生物学家,COCA_abridged
undertone,ˈʌndәtәun,n.,"低音, 浅色, 小声",COCA_abridged
merrily,ˈmerili,adv.,"愉快地, 高兴地",COCA_abridged
dualism,ˈdjuːәlizm,n.,"双重性, 二元论",COCA_abridged
tenured,,,终身的; 长期保有的,COCA_abridged
gravestone,ˈgreivstәun,n.,"墓石, 墓碑",COCA_abridged
four-star,ˈfɔːˈstɑː(r),n.,"四星上将 a. 卓越的, 最优秀的",COCA_abridged
tot,tɒt,n.,"小孩, 少量, 合计 vi. 合计, 总计为 vt. 加",COCA_abridged
autograph,ˈɒːtәugrɑːf,n.,"亲笔, 亲笔签名, 手稿 vt. 亲笔签名于, 亲笔写",COCA_abridged
mossy,ˈmɒsi,a.,"生苔的, 似苔的, 陈腐的",COCA_abridged
pent-up,,a.,"幽闭的, 被压抑的, 被禁锢的",COCA_abridged
meta-analysis,ˈmetəənˈæləsɪs,n.,元分析,COCA_abridged
preconception,ˌpriːkәnˈsepʃәn,n.,"先入之见, 成见, 偏见",COCA_abridged
degenerative,diˈdʒenәrәtiv,a.,"退步的, 退化的, 变质的",COCA_abridged
monolith,ˈmɒnәuliθ,n.,巨型独石; 庞大的机构,COCA_abridged
suspenders,,n.,背带,COCA_abridged
defenseman,diˈfensmәn,n.,<主美>[体](冰球等中的)防守队员,COCA_abridged
Prussian,ˈprʌʃәn,a.,"普鲁士的, 普鲁士语的, 普鲁士式的 n. 普鲁士人, 普鲁士语",COCA_abridged
junkyard,ˈdʒʌŋkjɑːd,n.,废品旧货栈,COCA_abridged
one-stop,ˈwʌnˌstɔp,a.,单独一处就可以提供各种服务的,COCA_abridged
Hopi,ˈhәupi,n.,"霍皮人, 霍皮语",COCA_abridged
role-playing,ˈrəʊlplˈeɪɪŋ,n.,"角色扮演, 角色模仿",COCA_abridged
left-hander,,n.,"左撇子, 用左手的一击, 左手投球",COCA_abridged
Christmastime,ˈkrismәstaim,,n.,COCA_abridged
Christmastime,ˈkrismәstaim,,(=Christmastide)圣诞节期,COCA_abridged
unholy,ˌʌnˈhәuli,a.,"不神圣的, 不虔诚的, 邪恶的",COCA_abridged
stand-up,,a.,"单人表演的; 站立的, 直立的",COCA_abridged
determinism,diˈtәːminizm,n.,决定论,COCA_abridged
polygamy,pәˈligәmi,n.,"多配偶(制), 多偶性",COCA_abridged
reveler,ˈrevlә,n.,"狂欢者, 欢宴者",COCA_abridged
orthopaedic,ˌɔːθәuˈpiːdik,a.,"整形术的, 整形学的",COCA_abridged
unbeaten,ʌnˈbiːtn,a.,"未曾挨打的, 未搅打的, 未走过的, 未被击败的",COCA_abridged
chomp,tʃɒmp,vi.,"使劲地嚼, 格格地咬",COCA_abridged
roller-coaster,ˈrəʊlərkˈəʊstər,n.,过山车,COCA_abridged
ticker,ˈtikә,n.,"滴答响的东西, 断续器 [经] 股票行情自动收录器",COCA_abridged
extermination,ik.stәːmiˈneiʃәn,n.,"消灭, 根绝",COCA_abridged
nightlife,,n.,夜生活,COCA_abridged
deep-sea,ˈdiːpˈsiː,a.,"深海的, 在深海的",COCA_abridged
clockwork,ˈklɒkwәːk,n.,"钟表装置, 发条装置",COCA_abridged
regionally,ˈriːdʒәnәli,adv.,"在地区范围内, 地区性地",COCA_abridged
assistive,əˈsɪstɪv,a.,为残疾人设计的,COCA_abridged
full-page,,a.,"全页的, 轰动的, 重要的, 头版的, 整版的",COCA_abridged
born-again,ˈbɔːnəˌgen,a.,"再生的, 信仰再生的",COCA_abridged
mimetic,"miˈmetik, mai-",a.,"模仿的, 类似的; 模拟的, 模仿的",COCA_abridged
arbor,ˈɑːbә,n.,"藤架, 树, 心轴, 凉亭",COCA_abridged
simplification,ˌsimplifiˈkeiʃәn,n.,"单一化, 单纯化, 简单化",COCA_abridged
fistful,ˈfistfjl,n.,"一把, 相当大的数量",COCA_abridged
defamation,ˌdefәˈmeiʃәn,n.,"破坏名誉, 中伤, 诽谤",COCA_abridged
congruence,ˈkɒŋgruәns,n.,"适合, 一致, 和谐",COCA_abridged
redshift,ˈredʃɪft,n.,"（天体）红移, 红向移动",COCA_abridged
sugary,ˈʃugәri,a.,"含糖的, 糖一般的, 甜的",COCA_abridged
unfathomable,ˌʌnˈfæðәmәbl,a.,"莫测高深的, 深不可测的, 无底的",COCA_abridged
despairing,disˈpeәriŋ,a.,绝望的,COCA_abridged
prophesy,ˈprɒfәsai,v.,"预言, 预报",COCA_abridged
self-righteous,ˈselfˈraitʃәs,a.,自以为是的,COCA_abridged
double-edged,,a.,"双刃的, 两可的, 意义双关的, 双重目的的",COCA_abridged
inhospitable,inˈhɒspitәbl,a.,"冷淡的, 不适于居住的, 不相容的",COCA_abridged
flowery,ˈflauәri,a.,"多花的, 绚丽的, 华丽的",COCA_abridged
scratchy,ˈskrætʃi,a.,"潦草的, 刺痛的, 发痒的, 凑合的, 发擦刮声的, 乖戾的",COCA_abridged
third-quarter,ˈθɜːdkwˈɔːtər,n.,第三季度,COCA_abridged
Aussie,ˈɒːzi,n.,"澳大利亚人, 澳大利亚",COCA_abridged
breakaway,,n.,"脱离,",COCA_abridged
breakaway,,,"(美)(非正式)一碰就散开/脱落的, 分裂",COCA_abridged
trucking,ˈtrʌkiŋ,n.,货车运输业; 货车运输; 以货易货,COCA_abridged
alarmingly, əˈlɑːmɪŋli,adv.,让人担忧地,COCA_abridged
inattention,ˌinәˈtenʃәn,n.,"不注意, 粗心, 疏忽",COCA_abridged
Anglo-Saxon,ˈæŋglәuˈsæksәn,n.,盎格鲁撒克逊人 a. 盎格鲁撒克逊人的,COCA_abridged
commoner,ˈkɒmәnә,n.,"平民, 下议院议员, 有共有权的人",COCA_abridged
diagnostics,ˌdaiәgˈnɔstiks,n.,"诊断学, 症候, 症状",COCA_abridged
extinguisher,ikˈstiŋgwiʃә(r),n.,"熄灭者, 灭火器, 消灭者",COCA_abridged
workhorse,ˈwɜːkhɔːs,n.,"载重马, 做重活的人",COCA_abridged
forefather,ˈfɒːfɑːðә,n.,祖先,COCA_abridged
gated,ˈɡeitid,a.,有关卡的; 带栅门的,COCA_abridged
epilepsy,ˈepilepsi,n.,癫痫; 羊痫风; 羊角风,COCA_abridged
hauler,ˈhɔːlә,n.,拖车; 绞盘,COCA_abridged
superconducting,ˌsjuːpәkәnˈdʌktiŋ,a.,"超导的, 超导电的",COCA_abridged
sideboard,ˈsaidbɒːd,n.,餐具柜,COCA_abridged
replant,riːˈplɑːnt,vt.,"改种, 在...再植, 使移居",COCA_abridged
hype,haip,n.,大肆宣传; 皮下注射,COCA_abridged
vegan,ˈvegәn,n.,严格的素食主义者,COCA_abridged
fucker,ˈfʌkә,n.,"笨蛋, 傻瓜",COCA_abridged
wanderer,ˈwɒndәrә,n.,"漫游者, 流浪者, 徘徊者",COCA_abridged
dichotomous,daiˈkɒtәmәs,a.,"二分的, 叉状分枝的; 二叉的, 二歧的",COCA_abridged
leech,liːtʃ,n.,"水蛭, 吸血鬼, 榨取他人利益的人 vt. 以水蛭吸血 vi. 依附并榨取别人",COCA_abridged
overjoyed,әjvәˈdʒɔid,a.,"狂喜的, 非常高兴的",COCA_abridged
cataclysmic,ˌkætәˈklizmik,a.,"洪水的, 灾变的, 政治和社会大变动的",COCA_abridged
counterculture,ˈkauntәkʌltʃә,n.,反主流文化,COCA_abridged
devastated,ˈdevəsteɪtɪd,v.,摧毁; 毁灭; 在感情上（精神上、财务上等）压垮 a. 毁坏的; 极为震惊的,COCA_abridged
shamelessly,ˈʃeimlisli,adv.,不知羞耻地,COCA_abridged
burlap,ˈbәːlæp,n.,粗麻布 [机] 粗麻布,COCA_abridged
recrimination,ri.krimiˈneiʃәn,n.,"反责, 反诉, 反控",COCA_abridged
domed,,a.,"圆屋顶的, 圆盖状的, 圆顶的, 半球形的",COCA_abridged
front-line,,a.,"前线的, 第一线的",COCA_abridged
starched,stɑːtʃt,a.,"浆硬的, 拘泥刻板的",COCA_abridged
incomparable,inˈkɒmpәrәbl,a.,"无比的, 不能比较的",COCA_abridged
yea,jei,n.,"肯定, 赞成, 赞成票",COCA_abridged
hog,hɒg,n.,"猪, 贪婪者, 象猪般的人 v.",COCA_abridged
hog,hɒg,,(使)拱起,COCA_abridged
salience,ˈseiliәns,n.,"显著, 卓越, 突出, 突起, 特征",COCA_abridged
angled,ˈæŋɡld,a.,"有角的, 成角度的",COCA_abridged
pointy,ˈpɒinti,a.,尖的,COCA_abridged
divination,ˌdiviˈneiʃәn,n.,"占卜, 卜卦, 预测",COCA_abridged
folic,,n.,叶酸,COCA_abridged
Colombian,kәˈlæmbiәn,n.,哥伦比亚人 a. 哥伦比亚的,COCA_abridged
mailman,ˈmeilmæn,n.,邮递员,COCA_abridged
so-and-so,"ˈsәu, әn(d)sәu",n.,"某某人, 某某事",COCA_abridged
powdery,ˈpaudәri,a.,"粉的, 粉状的",COCA_abridged
frock,frɒk,n.,"女礼服, 连衣裙; 罩袍, 僧衣",COCA_abridged
cutthroat,ˈkætθruːt,adj.,残酷的; 杀人的; 剧烈的 n. 谋杀者; 凶手,COCA_abridged
nationalize,ˈnæʃәnәlaiz,vt.,"使归化, 使国有化, 使成国家, 使民族化",COCA_abridged
blue-chip,ˈbluːtʃip,a.,"热门的, 最赚钱的, 第一流的, 靠得住的",COCA_abridged
gory,ˈgɒːri,a.,"血淋淋的, 满是血的, 血污的",COCA_abridged
isolationist,ˌaisәˈleiʃәnist,n.,孤立主义者,COCA_abridged
stoplight,ˈstɒplait,n.,交通信号灯,COCA_abridged
stub,stʌb,n.,"断肢, 烟蒂, 树桩, 残余, 存根 vt. 连根拔除, 踩熄 [计] 存根",COCA_abridged
contagion,kәnˈteidʒәn,n.,"触染, 触染病, 蔓延, 歪风",COCA_abridged
U-turn,juːˈtәːn,,n.,COCA_abridged
U-turn,juːˈtәːn,,"U形转弯,",COCA_abridged
U-turn,juːˈtәːn,,(喻)方向的改变,COCA_abridged
unprofitable,ˌʌnˈprɒfitәbl,a.,"无利益的, 不赚钱的, 不上算的",COCA_abridged
itchy,ˈitʃi,a.,"渴望的, 痒的, 生疥疮的",COCA_abridged
pate,peit,n.,"头, 脑袋, 头脑",COCA_abridged
hitchhike,ˈhitʃhaik,vi.,搭便车 vt. 要求(搭便车),COCA_abridged
toothless,ˈtuːθlis,a.,"无牙的; 没有效力的, 不起作用的",COCA_abridged
sortie,ˈsɒːtiː,n.,"出击, 突围",COCA_abridged
scuffle,ˈskʌfl,vi.,"扭打, 混战, 拖着脚走, 敷衍了事 n. 扭打, 混战, 拖着脚走",COCA_abridged
unconditionally,ˌʌnkənˈdɪʃənəlɪ,adv.,无条件地,COCA_abridged
self-doubt,ˈselfˈdaut,n.,"缺少自信, 自我疑惑",COCA_abridged
cellophane,ˈselәufein,n.,玻璃纸,COCA_abridged
lifelike,ˈlaiflaik,a.,"栩栩如生的, 逼真的, 酷象实物的",COCA_abridged
gooey,ˈguːi,a.,"胶粘的, 自作多情的 n. 胶粘物, 性格软弱的人",COCA_abridged
talking,ˈtɒːkiŋ,a.,"说话的, 多嘴的, 富有表情的 n. 讲话, 谈论",COCA_abridged
mammography,mәˈmɔgrәfi,,n.,COCA_abridged
mammography,mәˈmɔgrәfi,,[医] 乳房X线照相术,COCA_abridged
localize,ˈlәjkәlaiz,,"vt.vi. 使地方化, 使具有地方性, 使限制于局部, 确定起源, 集中, 局限 [计] 局部化, 定位, 定域",COCA_abridged
winemaker,,,葡萄酒酿造者; 葡萄酒生产者,COCA_abridged
keel,kiːl,n.,"龙骨, 平底船 vt. 装以龙骨; 使倾覆 vi. 倾覆",COCA_abridged
dyad,ˈdaiæd,n.,"二, 一对, 二元一位 [化] 二价元集(或基)",COCA_abridged
malignancy,mәˈlignәnsi,n.,"恶意, 邪恶; 恶性, 恶性肿瘤",COCA_abridged
sandpaper,ˈsændpeipә,n.,砂纸 [机] 砂纸,COCA_abridged
slicker,ˈslikә,n.,"防水衣, 雨衣, 骗子 [机] 抹镘",COCA_abridged
shake-up,ˈʃeikˈʌp,n.,"动摇, 骚动, 革新, 振作, 剧变, 权宜之计",COCA_abridged
overdrive,ˌәuvәˈdraiv,vt.,"驱使过度, 使工作过度 n. 超速档",COCA_abridged
above-average,,,平均以上; 在一般水准以上,COCA_abridged
endear,inˈdiә,vt.,"使受喜爱, 使受钟爱",COCA_abridged
unmask,ˌʌnˈmɑːsk,vi.,脱去假面具 vt. 暴露,COCA_abridged
evacuee,i.vækjuˈiː,n.,"被撤离者, 被疏散者",COCA_abridged
pilings,ˈpailiŋz,n.,"打桩, 打桩工程( piling的名词复数 )",COCA_abridged
have-not,ˈhævnɔt,n.,"穷人, 无恒产者, 贫穷国家",COCA_abridged
cheetah,ˈtʃiːtә,n.,猎豹,COCA_abridged
preconceived,,a.,"预想的, 先入为主的",COCA_abridged
externality,ˌekstәːˈnæliti,n.,"外形, 外在性",COCA_abridged
implacable,imˈplækәbl,a.,"不能安抚的, 难和解的, 不变的",COCA_abridged
bloodied,ˈblʌdid,v.,血污的; 流血的; 屠杀的; 残忍的,COCA_abridged
oddball,ˈɒdbɒːl,a.,"古怪的, 奇怪的 n. 古怪的人",COCA_abridged
wearing,ˈwєәriŋ,a.,"穿用的, 使疲惫的, 磨损的",COCA_abridged
raptor,ˈræptә(r),n.,猛禽,COCA_abridged
welt,welt,n.,"贴边, 鞭痕, 殴打 vt. 加贴边, 鞭打",COCA_abridged
curvature,ˈkәːvәtʃә,n.,"弯曲, 曲率",COCA_abridged
perplexed,pәˈplekst,a.,"困惑的, 不知所措的, 复杂的, 难办的",COCA_abridged
discriminating,disˈkrimineitiŋ,a.,"区别性的, 有识别力的, 有差别的",COCA_abridged
well-developed,ˈweldɪvˈeləpt,,发育良好的; 丰满; 丰腴; 昌明,COCA_abridged
chickpea,ˈtʃikpiː,n.,鹰嘴豆,COCA_abridged
jetty,ˈdʒeti,n.,"突堤, 防波堤, 码头 a. 黑玉般的, 乌黑发亮的 vi. 伸出",COCA_abridged
well-heeled,,a.,富有的,COCA_abridged
pinched,ˈpintʃt,a.,"消瘦的, 疲倦的",COCA_abridged
cremate,ˈkriːmeit,vt.,"烧成灰, 火葬",COCA_abridged
intercut,ˌintә(ː)ˈkʌt,,vt.使镜头交切 vi.作镜头交切,COCA_abridged
descriptor,disˈkriptә,,n.,COCA_abridged
descriptor,disˈkriptә,,[计] 描述符; 描述词; 解说符,COCA_abridged
salami,sәˈlɑːmi,n.,萨拉米腊肠(意大利产),COCA_abridged
newness,ˈnjuːnis,n.,"崭新, 新奇, 珍奇",COCA_abridged
lightbulb,,n.,灯泡 [网络] 电灯泡; 发光体; 电灯用的灯泡,COCA_abridged
Hawaiian,hәˈwaiiәn,n.,"夏威夷人, 夏威夷语 a. 夏威夷的, 夏威夷语的",COCA_abridged
disgraceful,disˈgreisful,a.,"可耻的, 不名誉的",COCA_abridged
premarital,priːˈmæritl,a.,婚前的,COCA_abridged
fart,fɑːt,n.,屁 vi. 放屁,COCA_abridged
governorship,ˈgʌvənәʃip,n.,统治者的职位/任期,COCA_abridged
spectrometer,spekˈtrɒmitә,n.,"分光计, 谱仪",COCA_abridged
wok,wɔk,n.,锅（源自广东话）; 炒菜锅,COCA_abridged
psychopathology,ˌsaikәupәˈθɒlәdʒi,n.,"精神病理学, 心理病理学",COCA_abridged
corkscrew,ˈkɒːkskruː,n.,"拔塞钻 a. 螺旋形的 vt. 硬拉出, 探听 vi. 曲折行进",COCA_abridged
songwriting,,,歌曲创作,COCA_abridged
unplugged,ˌʌnˈplʌɡd,v.,拔去（电源）插头( unplug的过去式和过去分词 ); 拔去…的塞子; 去掉…的障碍物,COCA_abridged
godmother,ˈgɒdmʌðә,n.,"教母, 女监护人",COCA_abridged
apnea,æpˈniːә,n.,"呼吸暂停, 窒息",COCA_abridged
wham,wæm,n.,重打声 v. 重打,COCA_abridged
romanticism,rәuˈmæntisizm,n.,"浪漫主义精神, 浪漫主义",COCA_abridged
hysterectomy,ˌhistәˈrektәmi,n.,子宫切除术,COCA_abridged
generalizability,dʒenərəlaɪzəˈbɪlɪtɪ,n.,普遍性,COCA_abridged
variegated,ˈvєәrigeitid,a.,"杂色的, 斑驳的, 富于变化的",COCA_abridged
annal,ˈænәl,n.,记录; 编年史,COCA_abridged
nix,niks,n.,"无, 没有东西; 水中精灵 interj. 停, 不要, 不行 vt. 禁止, 拒绝",COCA_abridged
untangle,ˌʌnˈtæŋgl,vt.,"解开纠结, 解开, 整顿",COCA_abridged
implantation,ˌimplɑːnˈteiʃәn,n.,"移植, 植入法, 埋入法(如药物等)",COCA_abridged
telecast,ˈtelikɑːst,v.,电视广播 n. 电视广播,COCA_abridged
repudiation,ri.pjuːdiˈeiʃәn,n.,"抛弃, 否认, 拒付",COCA_abridged
walkie-talkie,ˈwɔːkiˈtɔːki,n.,步话机,COCA_abridged
docket,ˈdɒkit,n.,"摘要, 记事表 vt. 在...上附加摘要",COCA_abridged
daybreak,ˈdeibreik,n.,黎明,COCA_abridged
lumbar,ˈlʌmbә,a.,"腰的, 腰部的 n. 腰动脉, 腰神经, 腰椎",COCA_abridged
sulk,sʌlk,n.,"闹情绪, 闷闷不乐 vi. 不高兴, 闷闷不乐, 不悦, 生气, 愠怒",COCA_abridged
patrolman,pәˈtrәulmәn,n.,"巡警, 巡逻者, 巡视者",COCA_abridged
realtor,ˈriәltә,n.,房地产经纪人,COCA_abridged
solstice,ˈsɒlstis,n.,"至, 至日, 至点, 极限, 决定性时刻",COCA_abridged
ilk,ilk,a.,"相同的 n. 等级, 家族, 亲属; 种类",COCA_abridged
grinding,ˈgraindiŋ,a.,"刺耳的, 沉重的, 剧烈的 [化] 研磨; 磨碎",COCA_abridged
headless,ˈhedlis,a.,"无头的, 无领导者的, 无知的",COCA_abridged
fluidity,fluːˈiditi,n.,"流动性, 流质, 流状, 流度",COCA_abridged
uproot,ʌpˈruːt,vt.,"连根拔起, 根除",COCA_abridged
whisk,hwisk,n.,"掸, 扫帚, 毛掸子, 搅拌器, 拂 vt. 扫, 拂, 挥动, 迅速移动, 搅拌 vi. 飞奔",COCA_abridged
mishandle,misˈhændl,vt.,"虐待, 胡乱处理",COCA_abridged
raiser,ˈreizә,n.,"提高者, 饲养者, 招募者",COCA_abridged
perforation,ˌpәːfәˈreiʃәn,n.,"穿孔, 孔眼, 贯穿, 贯通",COCA_abridged
granny,ˈgræni,n.,"奶奶, 老奶奶, 老婆婆, 外婆, 婆婆妈妈的人, 唠叨挑剔的人, 接生婆",COCA_abridged
shaving,ˈʃeiviŋ,n.,"薄片, 修胡须, 削 [医] 刮屑",COCA_abridged
chowder,ˈtʃaudә,n.,杂烩,COCA_abridged
redefinition,ˌriːdefiˈniʃәn,n.,重新定义,COCA_abridged
hacienda,ˌhæsiˈendә,n.,大庄园,COCA_abridged
eye-catching,,a.,"引人注目的, 引人瞩目的",COCA_abridged
preventative,priˈventәtiv,a.,"预防的, 防止的 n. 预防法, 预防措施, 预防物, 预防药",COCA_abridged
yardage,ˈjɑːdidʒ,n.,"码数; 车站旁牲畜栏的使用, 牲畜栏使用费",COCA_abridged
prima,ˈpriːmә,a.,"第一的, 主要的",COCA_abridged
bipartisanship,,n.,两党制,COCA_abridged
picking,ˈpikiŋ,n.,"掘, 选择, 挑选, 采摘, 撬开,",COCA_abridged
picking,ˈpikiŋ,,"[U]采得物, 捡得物, 赃物, 扒窃物 [经] 挑拣",COCA_abridged
overuse,ˌәuvәrˈjuːz,vt.,"使用过度 n. 过度使用, 任意驱使",COCA_abridged
year-end,"ˈjəːr,end,ˈjiәr-",a.,"年终, 年底; 年终的, 年底的",COCA_abridged
perceptible,pәˈseptibl,a.,"可察觉的, 能感觉得到的, 看得见的",COCA_abridged
goblin,ˈgɒblin,n.,小妖精,COCA_abridged
internment,inˈtәːnmәnt,n.,"拘留 [法] 拘留, 收容, 禁闭",COCA_abridged
amphetamine,æmˈfetәmiːn,n.,"苯丙胺, 安非他明",COCA_abridged
top-rated,,a.,"最受欢迎的, 一流的",COCA_abridged
ringer,ˈriŋә,n.,"套环, 投环, 按铃者, 敲钟者",COCA_abridged
amorous,ˈæmәrәs,a.,"多情的, 表示爱情的, 恋爱的",COCA_abridged
spender,ˈspendә,n.,"挥霍者, 挥金如土的人",COCA_abridged
jetliner,ˈdʒetlainә,n.,喷气客机,COCA_abridged
normality,nɒːˈmæliti,n.,常态 [化] 规定浓度; 当量浓度,COCA_abridged
climactic,klaiˈmæktik,a.,"顶点的, 高潮的",COCA_abridged
panicky,ˈpæniki,a.,"恐慌的, 惊慌失措的",COCA_abridged
overrated,ˌəʊvəˈreɪtid,v.,对（质量、能力等）估价过高( overrate的过去式和过去分词 ),COCA_abridged
brewer,ˈbruːә,,n.,COCA_abridged
brewer,ˈbruːә,,"(啤酒)制造者, 泡制饮料的器皿 [机] 啤酒工人",COCA_abridged
girlish,ˈgәːliʃ,a.,"少女的, 少女似的, 适于女子的",COCA_abridged
iguana,iˈgwɑːnә,n.,鬣蜥,COCA_abridged
undeterred,ʌndiˈtәːd,a.,未被吓住的,COCA_abridged
faltering,ˈfɒːltәriŋ,a.,"犹豫的, 蹒跚的, 支吾的",COCA_abridged
bookkeeping,ˈbukkiːpiŋ,n.,簿记,COCA_abridged
glassware,ˈglɑːswєә,n.,玻璃器皿; 玻璃仪器,COCA_abridged
kitsch,kitʃ,n.,粗劣作品; 迎合低级趣味的作品,COCA_abridged
joystick,"ˈdʒɔi,stik",,n.,COCA_abridged
joystick,"ˈdʒɔi,stik",,"(飞机的)操纵杆 [计] 控制杆, 操纵杆",COCA_abridged
heft,heft,n.,"重量, 影响, 重要性 vt. 举起试重量, 举起 vi. 称重量",COCA_abridged
apologist,әˈpɒlәdʒist,n.,"辩护者, 辩解者, 教义辩护文作者",COCA_abridged
priestess,ˈpriːstis,n.,"女神职人员, 女祭司",COCA_abridged
joist,dʒɒist,n.,"托梁, 桁",COCA_abridged
vole,vәul,n.,"田鼠; 大满贯 vi. 赢得大满贯, 全胜",COCA_abridged
hash,hæʃ,n.,"剁碎的食物, 杂烩, 复述 vt. 切碎, 搞糟; 推敲",COCA_abridged
criminalize,,n.,"使有罪, 定罪",COCA_abridged
methadone,,,n.,COCA_abridged
methadone,,,"[医] 美沙酮, 美散痛(镇痛药)",COCA_abridged
sandbox,ˈsændbɒks,n.,"沙箱, 沙盒",COCA_abridged
swivel,ˈswivl,n.,"转环, 旋转轴承, 转椅座架 v.",COCA_abridged
swivel,ˈswivl,,(使)旋转,COCA_abridged
sprinkling,ˈspriŋkliŋ,n.,"少量, 点滴, 稀落",COCA_abridged
stirrup,ˈstәːrәp,n.,"马镫, 镫具,",COCA_abridged
stirrup,ˈstәːrәp,,U形物 [化] 钢箍,COCA_abridged
war-torn,wɔː tɔːn,a.,遭受战争破坏的,COCA_abridged
laissez-faire,leiˈseiˈfєәr,a.,自由放任的 n. 放任政策,COCA_abridged
flexion,ˈflekʃәn,n.,"屈, 屈曲",COCA_abridged
unhook,ˌʌnˈhuk,vt.,"从...取下, 解开...的钩子",COCA_abridged
regalia,riˈgeiljә,n.,"王权, 王位标识, 标记, 徽章",COCA_abridged
divisional,diˈviʒәnәl,a.,"分开的, 部门的, 部分的",COCA_abridged
promiscuity,ˌprɒmiˈskjuːiti,n.,"混乱, 杂乱, 放荡",COCA_abridged
undemocratic,ˈʌndemәˈkrætik,a.,"非民主的, 不民主的",COCA_abridged
downwind,ˈdaunˈwind,a.,顺风的 adv. 顺风,COCA_abridged
cloudless,ˈklaudlis,a.,"晴朗的, 无云的",COCA_abridged
venous,ˈviːnәs,a.,"静脉的, 在静脉中的, 有脉的",COCA_abridged
bulwark,ˈbʌlwәk,n.,"保障, 壁垒, 防波堤",COCA_abridged
dissenting,diˈsentiŋ,n.,"不同意的, 不赞成的",COCA_abridged
post-mortem,,adv.,死后 [计] 事后剖析,COCA_abridged
skinless,,a.,"无皮的, 易受感动的, 敏感的",COCA_abridged
laminated,ˈlæmineitid,a.,"用薄片层压制成, 切成薄片, 把...分成薄片, 由薄片迭成/覆盖的, 层压板",COCA_abridged
paintbrush,ˈpeintbrʌʃ,n.,"画笔, 漆刷",COCA_abridged
unattainable,ˌʌnәˈteinәbl,a.,"难到达的, 不可得到的",COCA_abridged
altercation,ˌɒːltәˈkeiʃәn,n.,"争论, 争吵",COCA_abridged
undersea,ˈʌndәsiː,a.,海面下的 adv. 在海面下,COCA_abridged
schoolmate,ˈskuːlmeit,n.,"同窗, 同学",COCA_abridged
keeping,ˈkiːpiŋ,n.,"保管, 供养, 一致",COCA_abridged
sax,sæks,n.,萨克斯管,COCA_abridged
shortness,ˈʃɒːtnis,n.,"短小, 简略, 不足 [化] 脆性; 蓝脆性",COCA_abridged
blow-up,,,n.,COCA_abridged
blow-up,,,"[计] 爆发, 破坏",COCA_abridged
chewy,ˈtʃuːi,a.,"需要多嚼的, 难嚼的",COCA_abridged
bodice,ˈbɒdis,n.,女服的紧身上衣,COCA_abridged
peroxide,pәˈrɔksaid,n.,过氧化物,COCA_abridged
billiards,ˈbiljәdz,n.,"台球, 桌球",COCA_abridged
Asian-American,ˌeiʃənəˈmerikən; ˈei-,n.,亚洲裔美国人,COCA_abridged
moccasin,ˈmɒkәsin,n.,"鹿皮鞋, 软帮鞋; 噬鱼蝮蛇",COCA_abridged
adornment,әˈdɒːnmәnt,n.,"装饰, 装饰品",COCA_abridged
adulation,ˌædjuˈleiʃәn,n.,"谄媚, 过分的称赞",COCA_abridged
arthritic,ɑːˈθritik,a.,关节炎的; 患关节炎的; 由关节炎引起的,COCA_abridged
grudging,ˈgrʌdʒiŋ,a.,"不愿的, 勉强的",COCA_abridged
copier,ˈkɔpiә,n.,"誊写者, 模仿者, 抄写员 [计] 复印机",COCA_abridged
prejudiced,ˈpredʒәdist,a.,怀偏见的,COCA_abridged
rigging,ˈrigiŋ,n.,"索具, 装备; 操纵, 垄断",COCA_abridged
python,ˈpaiθɒn,n.,"大蟒, 巨蟒",COCA_abridged
windbreaker,ˈwind.breikә,n.,"防风林, 防风茄克衫, 风衣",COCA_abridged
enforceable,inˈfɔː sәbl,a.,"可实施的, 可强行的",COCA_abridged
uncharacteristic,,a.,"不典型的, 反常的",COCA_abridged
fuzz,fʌz,n.,"细毛, 绒毛, 警察 vi. 作绒毛状飞散, 变成绒毛状 vt. 起毛, 使模糊",COCA_abridged
blackjack,ˈblækdʒæk,n.,闪锌矿; 扑克牌的二十一点; 包革金属棍棒,COCA_abridged
abscess,ˈæbsis,n.,脓肿 vi. 形成脓肿,COCA_abridged
shapely,ˈʃeipli,a.,"样子好的, 定形的, 形状美好的",COCA_abridged
jaguar,ˈdʒægjuә,n.,美洲虎,COCA_abridged
leathery,ˈleðәri,a.,"皮似的, 皮质的, 坚韧粗糙的",COCA_abridged
cackle,ˈkækl,n.,"咯咯声, 高笑声, 饶舌, 闲谈 vi. 咯咯地叫, 咯咯地笑, 喋喋不休",COCA_abridged
ugh,"uh, әːh",,"interj. 咄!, 啊!, 呸!",COCA_abridged
pewter,ˈpjuːtә,n.,白蜡; 青灰色,COCA_abridged
moonlight,ˈmuːnlait,n.,"月光 a. 有月光的, 月夜的",COCA_abridged
rockfish,ˈrɒkfiʃ,n.,岩鱼,COCA_abridged
sunspot,ˈsʌnspɒt,n.,"太阳黑子, 雀斑",COCA_abridged
stiletto,stiˈletәu,n.,"细高跟女鞋; 短剑, 钻孔锥",COCA_abridged
keypad,ˈkiːpæd,n.,小键盘 [计] 键区,COCA_abridged
thud,θʌd,n.,"砰的一声, 重击 vi. 砰的一声掉下, 嘭的一声",COCA_abridged
agribusiness,ˈægri.bizinis,n.,农业综合经营,COCA_abridged
self-help,ˈselfˈhelp,n.,"自助, 自立",COCA_abridged
headliner,"ˈhed,lainә(r)",n.,台柱; (报纸)写标题的记者,COCA_abridged
minor-league,,,职业棒球小联盟的,COCA_abridged
breadwinner,ˈbred.winә,n.,负担家计的人,COCA_abridged
steppe,step,n.,大草原,COCA_abridged
exploited,iksˈplɔitid,v.,开采( exploit的过去式和过去分词 ); 利用（…为自己谋利）; 运用; 剥削,COCA_abridged
tawny,ˈtɒːni,a.,"黄褐色的, 茶色的 n. 黄褐色",COCA_abridged
prosciutto,prәˈʃuːtәu,n.,"意大利熏火腿(切成薄片, 常与甜瓜或无花果配成一道菜)",COCA_abridged
irritability,ˌiritәˈbiliti,n.,"易怒, 刺激物, 兴奋性 [医] 应激性, 刺激感受性",COCA_abridged
unoccupied,ˌʌnˈɒkjupaid,a.,"空着的, 没人占的, 未被占领的",COCA_abridged
flemish,ˈflemiʃ,a.,佛兰德人的; 佛兰德的,COCA_abridged
psychopath,ˈsaikәpæθ,n.,"精神病患者, 精神变态者, 变态人格者",COCA_abridged
concourse,ˈkɒŋkɒːs,n.,"集合, 总汇, 群集",COCA_abridged
thyroid,ˈθairɒid,a.,"甲状腺的, 甲状的, 甲状软骨的 n. 甲状腺, 甲状软骨, 甲状腺剂",COCA_abridged
swab,swɒb,n.,"拖把, 药签 vt. 擦洗, 拭抹",COCA_abridged
treatable,,a.,"好对付的, 能处理的, 能治疗的",COCA_abridged
rematch,ˈriːˈmætʃ,n.,"复赛, 重赛",COCA_abridged
handily,ˈhændili,adv.,"巧妙地, 敏捷地, 便利地",COCA_abridged
workbench,ˈwәːkbentʃ,n.,"工作台, 成型台",COCA_abridged
abomination,ә.bɒmiˈneiʃәn,n.,"厌恶, 痛恶, 令人厌恶的事物",COCA_abridged
trusty,ˈtrʌsti,a.,"可信任的, 可信赖的, 可靠的 n. 可信任的人, 模范犯人",COCA_abridged
unsweetened,ˌʌnˈswiːtnd,a.,"未加糖的, 不甜的",COCA_abridged
long-lived,,a.,"长命的, 历时长久的",COCA_abridged
numeral,ˈnjuːmәrәl,n.,"数字, 数 a. 数字的, 表示数字的",COCA_abridged
drumbeat,ˈdrʌmbiːt,n.,鼓声,COCA_abridged
deep-water,,,深水,COCA_abridged
Shakespearean,ʃeikˈspiәriәn,,莎士比亚(Shakespeare)的,COCA_abridged
brutalize,ˈbruːtәlaiz,vt.,"使残忍, 残酷地对待, 使残酷无情, 变成野兽一样残忍",COCA_abridged
bereaved,biˈriːvd,a.,丧失亲人的 bereave的过去式和过去分词,COCA_abridged
exclusivity,ˌekskluːˈsiviti,n.,"排他性; 专有权, 独占的权利",COCA_abridged
two-fold,ˈtuːfˈəʊld,a.,双重的; 两倍的; 二重,COCA_abridged
punter,ˈpʌntә,n.,"用篙撑船的人, 船夫, 赌博者",COCA_abridged
colonizer,ˈkɒlәnaizә,n.,"殖民地开拓者, 殖民者, 移入选民",COCA_abridged
counterweight,ˈkauntәweit,n.,"平衡物, 平衡力, 秤锤 [机] 配重",COCA_abridged
anesthesiologist,"ˌænis,θiziˈɔlәdʒist",n.,麻醉学家,COCA_abridged
portraiture,ˈpɒːtritʃә,n.,"肖像绘制(法), 肖像画, 描写",COCA_abridged
dais,ˈdeiis,n.,"台, 讲台",COCA_abridged
naw,nɔː,adv.,"<俚> 不,不是, 没有(用以表示否定的回答)",COCA_abridged
provost,ˈprɒvәst,n.,"教务长, 监督员, 教士长",COCA_abridged
gent,dʒent,n.,绅士,COCA_abridged
salaried,ˈsælәrid,a.,"拿薪水的, 拿薪金的, 有薪金的, 有薪水的",COCA_abridged
wintry,ˈwintri,a.,"如冬的, 寒冷的, 冬的, 冷淡的",COCA_abridged
melee,meˈlei,n.,"互殴, 激烈的论战, 混战",COCA_abridged
liquidation,ˌlikwiˈdeiʃәn,n.,"偿还, 偿付, 清算 [化] 液化; 溶离法; 溶化分离法",COCA_abridged
frat,fræt,n.,"大学生联谊会, 大学生联谊会会员",COCA_abridged
posthumous,ˈpɒstjumәs,a.,"遗腹的, 死后的",COCA_abridged
impregnate,ˈimpregneit,vt.,"使怀孕, 使肥沃, 使充满, 灌输 a. 怀孕的, 充满的",COCA_abridged
knotted,ˈnɔtid,a.,"多节的, 有节的; 棘手的",COCA_abridged
courtier,ˈkɒːtjә,n.,"侍臣, 奉承者",COCA_abridged
bulimia,bjuːˈlimiә,n.,食欲过盛,COCA_abridged
athleticism,æθˈletisizm,n.,"体育活动, 对运动的热爱",COCA_abridged
neuroscience,ˌnjuәrәuˈsaiәns,n.,神经系统科学( 指神经病学、 神经化学等),COCA_abridged
anti-government,,,反政府,COCA_abridged
hereafter,ˌhiәrˈɑːftә,n.,"将来, 来世 adv. 此后, 将来, 来世",COCA_abridged
prospectus,prәsˈpektәs,n.,"创办计划书,",COCA_abridged
prospectus,prәsˈpektәs,,"(内容)说明书, 内容简介",COCA_abridged
patter,ˈpætә,n.,"急速拍打声, 轻快脚步声, 行话, 快板, 饶舌 vi. 急速地说, 滴答地响, 祷告, 念经, 念顺口溜 vt. 使发嗒嗒声, 喋喋不休地说",COCA_abridged
constable,ˈkʌnstәbl,n.,"治安官, 警官, 总管",COCA_abridged
unlicensed,ˌʌnˈlaisnst,a.,"没有执照的, 未经当局许可的",COCA_abridged
breather,ˈbriːðә,n.,"呼吸者, 使人喘气的事, 剧烈的运动 [机] 通气器",COCA_abridged
Mojave,mәjˈhɑːvi,n.,莫哈韦沙漠(在美国加利福尼亚西南),COCA_abridged
olympian,әuˈlimpiәn,a.,威严的; 奥林匹克竞赛的; 奥林匹斯山的,COCA_abridged
mistrust,ˌmisˈtrʌst,n.,"不信任, 疑惑 v. 不信任, 疑惑",COCA_abridged
endoscopic,"en,dɔsˈkɔpik",a.,"内窥镜的, 用内窥镜检查的",COCA_abridged
weevil,ˈwiːvil,n.,象甲,COCA_abridged
hamster,ˈhæmstә,n.,仓鼠,COCA_abridged
aneurysm,ˈænjuәrizm,n.,动脉瘤,COCA_abridged
dentistry,ˈdentistri,n.,"牙科, 牙科学, 牙科技术",COCA_abridged
crowning,ˈkrauniŋ,a.,"最高的, 无比的 [医] 造冠术(牙); 儿头初露(分娩)",COCA_abridged
conspiratorial,kәn.spirәˈtɒːriәl,a.,"阴谋的, 阴谋者的",COCA_abridged
pickle,ˈpikl,n.,"盐卤, 腌汁, 泡菜, 困境, 讨厌鬼 vt. 腌制, 酸洗, 葬送(机会等), 泡",COCA_abridged
airflow,ˈєәflәu,n.,"空气的流动, 气流",COCA_abridged
unhappily,ˌʌnˈhæpili,adv.,"不幸福地, 不幸地",COCA_abridged
sundae,ˈsʌndiː,n.,圣代冰淇淋,COCA_abridged
old-style,,a.,"旧式的, 老派的",COCA_abridged
technologist,tekˈnɒlәdʒist,n.,"工艺师, 技术员",COCA_abridged
doings,,n.,"举动, 行为; 所做之事（doing的复数）",COCA_abridged
naturalism,ˈnætʃәrәlizm,n.,"自然主义, 本能行动",COCA_abridged
