word,phonetic,pos,definition,source
daltonism,'dɔ:ltənizəm,,n.[医]色盲(=color blindness),GRE
orthopedics,",ɔrθə'pidɪks",,"n.[医]整形外科, 整形术",GRE
sceptre,'sɛptɚ,,"n.笏, 节杖, 王权(=scepter)",GRE
pericope,pə'rikəpi:,,"n.(从书中选出的)章节, 选段",GRE
sphinx,sfɪŋks,,"n.[希神]斯芬克斯(有翼的狮身女怪, 传说她常叫过路行人猜谜, 猜不出者即遭杀害)",GRE
paysage,peizɑ:ʒ,,[法]乡村景色,GRE
morphemics,mɔr'fimɪks,,"[复]n.[用作单][语]语素学,词素学",GRE
covin,'kovɪŋ,,n.［古］欺诈,GRE
superfuse,",sju:pə'fju:z",,"[罕]倾注, 浇盖",GRE
tar,tɑr,,n.煤油；焦油,GRE
gargoyle,'ɡɑrɡɔɪl,,"n.[建]怪兽状滴水嘴,(突出的)怪兽饰",GRE
switcheroo,",switʃə'ru:",,n.[俚]突然变化,GRE
jiltee,,,[美]被遗弃的人,GRE
mimetism,'mimitizəm,,[生]拟态,GRE
triste,tri:st,,a.<法>悲哀的,GRE
trouvaille,,,n.<法>意外收获,GRE
spartan,,,a.简单的；朴素的；刻苦的,GRE
draconian,drə'kəunjən,,a.严峻的；苛刻的,GRE
antediluvian,",æntɪdɪ'luvɪən",,"a.(《圣经》中所说的)大洪水前的, 上古的, 古风的",GRE
fatidic,fæ'tidik,,"a.(=prophetic)预言的, 预言性的",GRE
shopsoiled,"'ʃɑp,sɔɪld",,a.陈列[搁置]久了的，陈旧的,GRE
paleocrystic,,,"a.(冰、海等)长期冻结的,古结晶的由古结晶冰组成的",GRE
benign,bɪ'naɪn,,"a.(病)良性的, (气候)良好的, 仁慈的, 和蔼的",GRE
felicitous,fə'lɪsɪtəs,,"a.(措辞等)恰当的, 巧妙的, 极为适当的, 可喜的, 善于措词的, [罕]幸福的, 快乐的",GRE
effete,ɪ'fit,,"a.(动植物等)生产力已枯竭的, 衰老的, 疲惫的, 衰微的",GRE
livable,'livəbl,,"a.(房子,气候等)适于居住的, 可住的",GRE
thespian,'θɛspɪən,,"a.(古希腊雅典诗人, 悲剧创始者)泰斯庇斯的, 悲剧的, 戏剧的, 悲剧性的",GRE
choppy,'tʃɑpi,,"a.（海等）波浪起伏的, (指风)不断改变方向的",GRE
introspective,'ɪntrə'spɛktɪv,,"a.(好)内省的, (好)自省的, (好)反省的",GRE
impecunious,",ɪmpɪ'kjunɪəs",,"a.(经常)没有钱的, 身无分文的, 贫穷的",GRE
firsthand,'fə:st'hænd,,"a.(来源, 资料等)直接的, 直接得来的, 直接采购的",GRE
rubicund,'ruːbɪk(ə)nd,,"a.(脸色, 肤色等)红润的, 透红的",GRE
briefless,'bri:flis,,a.(律师等)无人委托诉讼的,GRE
buccal,'bʌkl,,"a.(面)颊的, 口的, 口腔的",GRE
knotty,'nɑti,,"a.(木材等)多结的, 多节的, 多瘤的, 棘手的, 困难多的",GRE
importunate,ɪm'pɔrtʃənət,,"a.(人)缠扰不休的, 胡搅蛮缠的, (事务等)急切的, 讨厌的",GRE
gangling,'ɡæŋɡlɪŋ,,a.(身体)瘦长的,GRE
taut,tɔt,,"a.(绳子)拉紧的, 整洁的, 紧张的",GRE
puissant,'pwɪsənt,,"a.(诗)强大的, 有势力的",GRE
gruff,ɡrʌf,,"a.(说话、态度等) 粗暴的, 生硬的, 脾气坏的, (声音)粗哑的",GRE
eidetic,aɪ'dɛtɪk,,a.(头脑中的印象)异常清晰的,GRE
epideictic,",epi'daiktik",,a.(文体、演讲等)意在表现词藻技巧的富于词藻的,GRE
marmoreal,mɑ:'məuriəl,,"a.(象)大理石的, 冰冷的",GRE
lengthy,'lɛŋθi,,"a.(演说、文章等)冗长的, 过分的",GRE
laconic,lə'kɔnik,,"a.(用词)简洁的, 简明的",GRE
lugubrious,lə'gʊbrɪəs,,"a.（尤指故意装出来的）可怜的, 悲惨的, 悲哀的",GRE
agonal,'æɡənəl,,a.(尤指临死时)痛苦的,GRE
sanitary,'sænə'tɛri,,"a.(有关)卫生的, (保持)清洁的, 清洁卫生的",GRE
kinetic,kɪ'nɛtɪk,,"a.(运)动的, 动力(学)的",GRE
fickle,'fɪkl,,"a.(在感情等方面)变幻无常的, 浮躁的, 薄情的",GRE
laborious,lə'bɔrɪəs,,"a.(指工作)艰苦的, 费力的, (指人)勤劳的",GRE
intrinsic,ɪn'trɪnsɪk,,"a.(指价值、性质)固有的, 内在的, 本质的",GRE
pungent,'pʌndʒənt,,"a.(指气味、味道)刺激性的, 辛辣的, 尖锐的, 苦痛的, 严厉的",GRE
inalienable,ɪn'elɪənəbl,,"a.(指权利等)不能让与的, 不能剥夺的",GRE
lithe,laið,,"a.(指人、身体)柔软的, 易弯的",GRE
thoroughbred,'θɝobrɛd,,"a.(指牲畜)纯种的、良种的, (指人)高尚的、受过良好教养的",GRE
opportune,ˌɔpə'tun,,"a.(指时间)凑巧的、恰好的, (指行动或事件)及时、适宜的",GRE
saliferous,sæ'lɪfərəs,,a.[地](岩层等)含盐的,GRE
seismic,'saɪzmɪk,,a.[地]地震的,GRE
anurous,ə'njuərəs,,a.[动]无尾的,GRE
titanic,"tai'tænik, ti-",,"a.[化](含)钛的, 四价钛的",GRE
subcutaneous,",sʌbkjʊ'tenjəs",,"a.[解] 皮下的, 皮下用的",GRE
vascular,'væskjəlɚ,,"a.[解][动]脉管的, 有脉管的, 血管的",GRE
terricolous,te'rɪkələs,,a.[生]陆生的,GRE
embryonic,",ɛmbrɪ'ɑnɪk",,"a.[生]胚胎的, 开始的",GRE
photophilous,fəu'tɔfiləs,,"a.[生]喜光的,嗜光的,适光的",GRE
osseous,'ɑsɪəs,,"a.[生化]骨的, 骨质的",GRE
generic,dʒə'nɛrɪk,,"a.[生物]属的, 类的, 一般的, 普通的, 非特殊的",GRE
glabrous,'glebrəs,,"a.[生物]无毛的, 光洁的",GRE
antenatal,'æntə'netl,,a.[医]出生前的,GRE
allergic,ə'lɝdʒɪk,,"a.[医]过敏的, 患过敏症的",GRE
rickety,'rɪkəti,,"a.[医]患佝偻病的, 驼背的, 摇摆的",GRE
styptic,'stiptik,,"a.[医]收敛性的, 止血的",GRE
polysemous,",pɔli'si:məs",,"a.[语]一词多义的,多义的",GRE
acarpous,e'kɑrpəs,,"a.[植]不结果的,无果实的",GRE
cephalic,sɪ'fælɪk,,a.[字尾]头的,GRE
risque,ris'kei,,"a.<法> (作品等)淫秽的, 败坏风俗的",GRE
flippant,'flɪpənt,,"a.<古>能说会道的, 轻率的, 没礼貌的, 嘴碎的",GRE
omnificent,ɒm'nɪfɪsənt,,"a.<罕>创造一切的, 有无限创造力的",GRE
mensal,'mensəl,,"a.<罕>每月一次的, 每月的, 餐桌的",GRE
liverish,'lɪvərɪʃ,,"a.<口>患肝病的, 坏脾气的",GRE
ducky,'dʌki,,"a.<俚> 极好的, 可喜的, 极为愉快的",GRE
gynecoid,'ɡainikɔid,,a.<美>= gynaecoid,GRE
bogus,'bogəs,,"a.<美>假的, 伪造的",GRE
wacky,'wæki,,"a.<美俚>古怪的, 乖僻的, 疯疯癫癫的",GRE
fantabulous,fæn'tæbjuləs,,"a.<美俚>极出色的, 极妙的",GRE
raunchy,"'rɔ:ntʃi, 'rɑ:, 'rau-",,"a.<美俚>邋遢的, 肮脏的, 淫秽的",GRE
randy,'rændi,,"a.<主苏格兰>粗鲁的, 好色的",GRE
chunky,'tʃʌŋki,,a.矮矮胖胖的,GRE
podgy,'pɑdʒi,,"a.矮胖的, 短粗的",GRE
stocky,'stɑki,,"a.矮壮的, 健壮结实的",GRE
scrappy,'skræpi,,"a.爱打架的, 斗志旺盛的, 细小的, 碎屑的, 杂凑的, 不连贯的",GRE
prying,'praiiŋ,,a.爱打听的,GRE
meddlesome,'mɛdlsəm,,"a.爱管闲事的, 好干涉的",GRE
waggish,'wæɡɪʃ,,"a.爱开玩笑的, 滑稽的",GRE
lachrymose,'lækrɪmos,,"a.爱哭的, 悲哀的",GRE
frolicsome,'frɑlɪksəm,,"a.爱闹着玩的, 嬉戏的",GRE
persnickety,pɚ'snɪkəti,,"a.爱挑剔的, 难应付的",GRE
flirtatious,flɝ'teʃəs,,"a.爱调戏的, 轻浮的",GRE
ornery,'ɔrnəri,,"a.爱争吵的, 卑下的, 一般的",GRE
ambiguous,æm'bɪɡjuəs,,"a.暧昧的, 不明确的",GRE
propitiatory,prəu'piʃiətəri,,"a.安抚的, 和解的",GRE
tranquil,ˈtræŋkwəl,,a.安静的,GRE
sedate,si'deit,,"a.安静的, 稳重的",GRE
obscure,əb'skjʊr,,"a.暗的, 朦胧的, 模糊的, 晦涩的",GRE
dingy,'dɪndʒi,,"a.暗黑的, 邋遢的",GRE
implicit,ɪm'plɪsɪt,,"a.暗示的, 盲从的, 含蓄的, 固有的, 不怀疑的, 绝对的",GRE
surreptitious,",sɝrəp'tɪʃəs",,"a.暗中的, 秘密的, 偷偷摸摸的",GRE
sordid,'sɔ:did,,a.肮脏,GRE
squalid,'skɔlɪd,,a.肮脏的,GRE
scruffy,'skrʌfi,,"a.肮脏的, 不整洁的, 破旧的",GRE
concave,kɑn'kev,,"a.凹的, 凹入的",GRE
haughty,'hɔti,,a.傲慢的,GRE
assuming,ə'sju:miŋ,,"a.傲慢的, 不逊的, 僭越的",GRE
contumelious,",kɔntju:'mi:ljəs",,"a.傲慢的, 侮辱性的",GRE
overbearing,",ovɚ'bɛrɪŋ",,"a.傲慢的, 专横的",GRE
arrogant,'ærəɡənt,,"a.傲慢的, 自大的",GRE
snooty,'snuti,,"a.傲慢的, 自大的, 鄙视别人的",GRE
abstruse,əbˈstruːs; æb-,,"a.奥妙的, 深奥的",GRE
octogenarian,'ɑktədʒə'nɛrɪən,,"a.八十岁的, 八十多岁的",GRE
platonic,"plə'tɔnik, plei-",,"a.柏拉图哲学的, 柏拉图主义的, 理想的, 不切实际的",GRE
pied,paɪd,,"a.斑驳的, 杂色的",GRE
purblind,"'pɝ,blaɪnd",,"a.半盲的, 惺松眼的, 迟钝的",GRE
translucent,træns'lusnt,,"a.半透明的, 透明的",GRE
concomitant,kən'kɑmətənt,,a.伴随的,GRE
retentive,rɪ'tɛntɪv,,a.保持的,GRE
reserved,rɪ'zɝvd,,"a.保留的, 包租的",GRE
vindictive,vɪn'dɪktɪv,,a.报复性的,GRE
retributive,ri'tribjutiv,,a.报应的,GRE
disaffected,",dɪsə'fɛktɪd",,"a.抱不平的, 有叛意的, 不服的",GRE
grumble,'ɡrʌmbl,,"a.抱怨地表示, 嘟囔地说",GRE
mutinous,'mju:tinəs,,"a.暴动的, 反抗的",GRE
riotous,'raɪətəs,,"a.暴动的, 骚乱的, 狂欢的",GRE
touchy,'tʌtʃi,,"a.暴躁的, 难以处理的, 易起火的",GRE
vile,vaɪl,,"a.卑鄙的, 可耻的, 恶劣的, 可憎的, 简陋的, 低廉的, 坏透的, 不足道的",GRE
abject,'æbdʒɛkt,,"a.卑鄙的, 可怜的",GRE
mingy,'mindʒi,,"a.卑鄙的, 吝啬的",GRE
humble,'hʌmbl,,"a.卑下的, 微贱的, 谦逊的, 粗陋的",GRE
mournful,'mɔrnfl,,a.悲哀的,GRE
plaintive,'plentɪv,,"a.悲哀的, 哀伤的",GRE
doleful,'dolfl,,"a.悲哀的, 阴沉的, 寂寞的",GRE
woeful,'wofl,,"a.悲伤的, 悲哀的, 可怜的, 遗憾的",GRE
distressing,dɪ'strɛsɪŋ,,"a.悲伤的, 使痛苦的, 使烦恼的",GRE
boreal,'borɪəl,,a.北的,GRE
dorsal,'dɔrsl,,"a.背的, 脊的",GRE
treacherous,'trɛtʃərəs,,"a.背叛的, 背信弃义的, 奸诈的, 叛逆的",GRE
perfidious,pɚ'fɪdɪəs,,a.背信弃义的,GRE
bereft,bɪ'rɛft,,"a.被剥夺的, 失去亲人的, 丧失的",GRE
bushed,bʊʃt,,"a.被草丛笼罩的, 疲倦的",GRE
unfettered,ʌn'fɛtɚd,,"a.被除去脚镣的,无拘无束的",GRE
guarded,'ɡɑrdɪd,,"a.被防护者的, 被看守着的, 被监视着的, 警戒着的",GRE
downtrodden,'daʊntrɑdn,,"a.被践踏的, 被蹂躏的,被压制的",GRE
dopey,'dəʊpɪ,,"a.被麻醉的, 笨的, 迟钝的",GRE
derelict,'dɛrəlɪkt,,a.被抛弃了的,GRE
preoccupied,pri'ɑkjə'paɪd,,"a.被先占的, 全神贯注的",GRE
forlorn,fɚ'lɔrn,,a.被遗弃的,GRE
outcast,'aʊtkæst,,"a.被逐的, 被排斥的, 被遗弃的",GRE
vernacular,vɚ'nækjəlɚ,,a.本国的,GRE
ontic,'ɑntɪk,,"a.本体的, 实体的",GRE
indigenous,ɪn'dɪdʒənəs,,a.本土的,GRE
hulking,'hʌlkɪŋ,,"a.笨重的, 粗陋的",GRE
clumsy,'klʌmzi,,a.笨拙的,GRE
logged,lɔɡd,,"a.笨拙的, （树）劈成木材的",GRE
unwieldy,ʌn'wildi,,"a.笨拙的, 不实用的, 难处理的, 难使用的, 笨重的",GRE
gauche,ɡoʃ,,"a.笨拙的, 粗鲁的, 偏转的, 无礼的",GRE
uncouth,ʌn'kʊθ,,"a.笨拙的, 粗俗的, 不舒适的",GRE
nasal,'nezl,,"a.鼻的, 鼻音的, 护鼻的",GRE
figurative,'fɪgərətɪv,,"a.比喻的, 修饰丰富的, 形容多的",GRE
compulsory,kəm'pʌlsəri,,"a.必需做的, 必修的, 被强迫的, 被强制的, 义务的",GRE
derogatory,dɪ'rɑɡətɔri,,a.贬损的,GRE
prolate,'prolet,,a.扁长的,GRE
equable,'ɛkwəbl,,"a.变动小的, 平静的",GRE
protean,'protɪən,,a.变化多端的,GRE
inconstant,ɪn'kɑnstənt,,a.变化无常的,GRE
pejorative,pɪ'dʒɔrətɪv,,"a.变坏的, 轻蔑的",GRE
polemical,pə'lɛmɪkl,,"a.辩论法, 辩论术, 好辩的, 挑起争端的",GRE
measured,'mɛʒɚd,,"a.标准的, 整齐的, 有规则的",GRE
normative,'nɔrmətɪv,,a.标准化的,GRE
superficial,",supɚ'fɪʃl",,"a.表面的, 肤浅的, 浅薄的",GRE
convex,'kɑnvɛks,,"a.表面弯曲如球的外侧, 凸起的",GRE
interrogative,",ɪntə'rɑɡətɪv",,"a.表示疑问的, 质问的",GRE
urbane,ɝ'ben,,"a.彬彬有礼的, 文雅的",GRE
complaisant,kəmpleɪsənt,,"a.彬彬有礼的, 殷勤的, 柔顺的",GRE
morbid,'mɔrbɪd,,"a.病的, 由病引起的, 病态的, 恐怖的",GRE
wavy,'wevi,,"a.波状的, 摇摆的, 起浪的, 波动的, 不稳的",GRE
avuncular,ə'vʌŋkjəlɚ,,"a.伯父的, 伯父似的",GRE
erudite,'ɛrudaɪt,,a.博学的,GRE
halting,'hɔltɪŋ,,"a.跛的, 犹豫的, 蹒跚的",GRE
adjutant,'ædʒʊtənt,,a.补助的,GRE
ancillary,'ænsəlɛri,,"a.补助的, 副的",GRE
raptorial,ræp'torɪəl,,"a.捕食生物的, 猛禽类的",GRE
incommunicative,",ɪnkə'mjʊnə,ketɪv",,"a.不爱说话的, 沉默寡言的",GRE
fidgety,'fɪdʒɪti,,"a.不安的, 不沉着的, 烦燥的, 难以取悦的",GRE
labile,'lebɪl,,"a.不安定的, 易发生变化的",GRE
immoral,ɪ'mɔrəl,,"a.不道德的, 邪恶的, 放荡的, 淫荡的",GRE
incessant,ɪn'sɛsnt,,"a.不断的, 不停的",GRE
infertile,ɪn'fɝtl,,"a.不肥沃的, 贫瘠的, 不毛的, 不结果实的",GRE
indiscriminate,",ɪndɪ'skrɪmɪnət",,"a.不分皂白的, 不加选择的",GRE
recusant,rə'kjuzənt,,a.不服权威的,GRE
iniquitous,ɪ'nɪkwətəs,,a.不公正的,GRE
inconsiderate,",ɪnkən'sɪdərət",,"a.不顾及别人的, 轻率的",GRE
apolitical,",epə'lɪtɪkl",,a.不关心政治的,GRE
ignoble,ɪɡ'nobl,,a.不光彩的,GRE
anomalous,ə'nɑmələs,,"a.不规则的, 反常的",GRE
unabashed,",ʌnə'bæʃt",,a.不害羞的,GRE
ineligible,ɪn'ɛlɪdʒəbl,,a.不合格的,GRE
incompetent,ɪn'kɑmpɪtənt,,"a.不合格的, 不胜任的",GRE
unconscionable,ʌn'kɑnʃənəbl,,"a.不合理的, 不受良心节制的, 过度的",GRE
inconsequential,ɪn'kɑnsə'kwɛnʃəl,,"a.不合逻辑的, 不合理的",GRE
unbecoming,",ʌnbɪ'kʌmɪŋ",,a.不合身的,GRE
undesirable,",ʌndɪ'zaɪərəbl",,"a.不合需要的, 不受欢迎的, 令人不快的",GRE
nonskid,nɑn'skɪd,,a.不滑的,GRE
implacable,ɪm'plækəbl,,"a.不缓和的, 不安静的",GRE
impenitent,ɪm'pɛnɪtənt,,"a.不悔悟的, 顽固的",GRE
invulnerable,ɪn'vʌlnərəbl,,"a.不会受伤害的, 无懈可击的",GRE
infelicitous,",infi'lisitəs",,"a.不吉利的, 不幸的, 不合适的",GRE
reckless,'rɛkləs,,a.不计后果的,GRE
unaffected,",ʌnə'fɛktɪd",,"a.不矫揉造作的, 自然的, 真挚的, 未受影响的, 未被感动的",GRE
filthy,'fɪlθi,,"a.不洁的, 污秽的, 丑恶的",GRE
unversed,",ʌn'vɝst",,"a.不精通的, 不熟练的, 无知的, 无经验的",GRE
asymmetric,",esɪ'mɛtrɪk",,"a.不均匀的, 不对称的",GRE
ineluctable,",ɪnɪ'lʌktəbl",,"a.不可避免的, 无法逃避的",GRE
immutable,ɪ'mjutəbl,,"a.不可变的, 不变的, 不能变的, 永恒的",GRE
irresistible,",ɪrɪ'zɪstəbl",,"a.不可抵抗的, 不能压制的",GRE
imponderable,ɪm'pɑndərəbl,,a.不可估计的,GRE
lamentable,'læməntəbl,,a.不快的,GRE
intolerant,ɪn'tɑlərənt,,"a.不宽容的, 偏狭的",GRE
incoherent,'ɪnko'hɪrənt,,"a.不连贯的, 语无伦次的",GRE
discrete,dɪ'skrit,,"a.不连续的, 离散的",GRE
maladroit,",mælə'drɔɪt",,a.不灵巧的,GRE
malcontent,'mælkən'tɛnt,,a.不满的,GRE
disgruntled,dɪs'ɡrʌntld,,"a.不满的, 不高兴的",GRE
discontented,",dɪskən'tɛntɪd",,a.不满意的,GRE
noncommittal,",nɑnkə'mɪtl",,"a.不明朗的, 不承担义务的",GRE
ineffaceable,",ini'feisəbl",,"a.不能除去的, 不能取消的",GRE
inexpiable,ɪn'ɛkspɪəbl,,"a.不能抵偿的, 不能平息的",GRE
indivisible,'ɪndə'vɪzəbl,,"a.不能分割的, 除不尽的",GRE
irrevocable,ɪ'rɛvəkəbl,,a.不能取消的,GRE
impermeable,ɪm'pɝmɪəbl,,"a.不能渗透的, 不渗透性的",GRE
ineffable,ɪn'ɛfəbl,,"a.不能说的, 不应说出的, 避讳的",GRE
irreparable,ɪ'rɛpərəbl,,a.不能挽回的,GRE
inconceivable,",ɪnkən'sivəbl",,"a.不能想像的, 难以相信的",GRE
irreconcilable,ɪ'rɛkənsaɪləbl,,"a.不能协调的, 矛盾的",GRE
invincible,ɪn'vɪnsəbl,,"a.不能征服的, 无敌的",GRE
insuperable,ɪn'supərəbl,,"a.不能制胜的, 不能克服的",GRE
incurable,ɪn'kjʊrəbl,,a.不能治愈的,GRE
incontinent,ɪn'kɒntɪnənt,,"a.不能自制的, 无节制的, 荒淫的, [医]失禁的",GRE
dauntless,'dɔntləs,,"a.不屈不挠的, 大胆的",GRE
indomitable,ɪn'dɑmɪtəbl,,"a.不屈服的, 不屈不挠的",GRE
nonflammable,",nɑn'flæməbl",,a.不燃烧的,GRE
impervious,ɪm'pɝvɪəs,,"a.不让进入, 不会受到损伤的, 密封的, 不受影响的",GRE
indubitable,in'dju:bitəbl,,"a.不容置疑的, 确实的, 明白的",GRE
indiscreet,'ɪndɪ'skrit,,"a.不慎重的, 轻率的",GRE
barren,'bærən,,"a.不生育的, 不孕的, 贫瘠的, 没有结果的, 无益的, 单调的, 无聊的, 空洞的",GRE
dispensable,dɪ'spɛnsəbl,,"a.不是必要的, 可有可无的",GRE
inept,i'nept,,"a.不适当的, 无能的, 不称职的",GRE
inexpedient,",ɪnɪk'spidɪənt",,a.不适宜的,GRE
immoderate,ɪ'mɑdərət,,a.不适中的,GRE
unruly,ʌn'ruli,,"a.不受拘束的, 不守规矩的, 蛮横的, 难驾驭的",GRE
indisposed,",ɪndɪ'spozd",,"a.不舒服的, 不合适的",GRE
insubordinate,",ɪnsə'bɔrdnɪt",,"a.不顺从的, 不听话的",GRE
unseemly,ʌn'simli,,"a.不体面的, 不适宜的, 不恰当的",GRE
discordant,dɪs'kɔrdənt,,"a.不调和的, 不和的, [乐]不悦耳的, 不和谐的",GRE
incongruous,ɪn'kɑŋɡruəs,,"a.不调和的, 不适宜的",GRE
contumacious,",kɑntu'meʃəs",,"a.不听令的, 顽固的, 反抗法院命令的",GRE
diverse,daɪ'vɝs,,"a.不同的, 变化多的",GRE
heterogeneous,'hɛtərə'dʒinɪəs,,a.不同种类的异类的,GRE
queasy,'kwizi,,a.不稳定的,GRE
precarious,prɪ'kɛrərɪəs,,a.不稳定的,GRE
incommensurate,",ɪnkə'mɛnʃərət",,"a.不相称的, 不适应的",GRE
dissonant,'dɪsənənt,,"a.不谐和的, 不调和的, 刺耳的",GRE
unremitting,",ʌnrɪ'mɪtɪŋ",,a.不懈的,GRE
hackneyed,'hæknɪd,,"a.不新奇的, 陈腐的, 常见的",GRE
infidel,'ɪnfədl,,"a.不信宗教的, 异端的",GRE
immortal,ɪ'mɔrtl,,a.不朽的,GRE
repugnant,rɪ'pʌɡnənt,,a.不一致的,GRE
stolid,'stɑlɪd,,"a.不易激动的, 感觉迟钝的, 神经麻木的",GRE
unflappable,",ʌn'flæpəbl",,"a.不易惊慌的, 镇定的",GRE
disagreeable,",dɪsə'ɡriəbl",,"a.不愉快的, 不为人喜的, 厌恶的",GRE
obnoxious,əb'nɑkʃəs,,"a.不愉快的, 讨厌的",GRE
disinclined,",disin'klaind",,"a.不愿的, 不想的",GRE
grudging,'ɡrʌdʒɪŋ,,"a.不愿的, 勉强的, 吝啬的",GRE
averse,ə'vɝs,,"a.不愿意的, 反对的",GRE
frowzy,'frauzi,,"a.不整洁的, 憋闷的, 有臭味的",GRE
deviant,'divɪənt,,a.不正常的,GRE
perverse,pɚ'vɝs,,a.不正当的,GRE
indefatigable,",ɪndɪ'fætɪɡəbl",,a.不知疲倦的,GRE
unwitting,ʌn'wɪtɪŋ,,a.不知情的,GRE
inadvertent,ɪnəd'vɝtənt,,"a.不注意的, 疏忽的, 无意中做的",GRE
insufficient,",ɪnsə'fɪʃnt",,"a.不足的, 不够的",GRE
skimpy,'skimpi,,"a.不足的, 吝啬的",GRE
paltry,'pɔltri,,"a.不足取的, 无价值的, 琐碎的, 下贱的",GRE
irreverent,ɪ'rɛvərənt,,a.不尊敬的,GRE
fractional,'frækʃənl,,"a.部分的, 碎片的, 分数的, 小数的, 分馏的",GRE
fiscal,'fɪskl,,"a.财政的, 国库的, 会计的, 国库岁入的",GRE
sartorial,sɑr'tɔrɪəl,,"a.裁缝的, 缝纫的, [解]缝匠肌的",GRE
iridescent,",ɪrɪ'dɛsnt",,"a.彩虹色的, 闪光的",GRE
chromatic,krə'mætɪk,,a.彩色的,GRE
stilted,'stɪltɪd,,"a.踩高跷的, 虚饰的",GRE
sallow,'sælo,,a.菜色,GRE
preprandial,",pri'prændɪəl",,a.餐前的,GRE
tyrannical,tɪ'rænɪkl,,a.残暴的,GRE
sanguinary,'sængwɪn(ə)rɪ,,a.残暴的,GRE
procrustean,prəu'krʌstiən,,"a.残暴的, 强求一致的",GRE
atrocious,ə'troʃəs,,"a.残暴的, 凶恶的",GRE
inhumane,'ɪnhjʊ'men,,a.残忍的,GRE
brute,brut,,"a.残忍的, 畜生般的",GRE
brutal,'brutl,,"a.残忍的, 兽性的",GRE
brilliant,'brɪljənt,,"a.灿烂的, 闪耀的, 有才气的",GRE
precipitant,prɪ'sɪpətənt,,a.仓促的,GRE
brash,bræʃ,,"a.仓促的, 无礼的, 性急的, 傲慢的",GRE
pallid,'pælɪd,,"a.苍白的, 暗淡的",GRE
wan,wɑn,,"a.苍白的, 无血色的, 病态的, 暗淡的, 无力的",GRE
manipulative,mə'nɪpjəletɪv,,"a.操作的, 操纵的, 控制的",GRE
graminaceous,",ɡræmi'neiʃəs",,"a.草(似),[植] 禾本的",GRE
herbaceous,ɝ'beʃəs,,"a.草本的, 似绿叶的",GRE
illusory,ɪ'lusəri,,"a.产生幻觉的, 幻影的, 错觉的, 虚假的, 不牢靠的",GRE
obsequious,əb'sikwɪəs,,"a.谄媚的, 奉承的, 拍马屁的",GRE
rampant,'ræmpənt,,"a.猖獗的, 蔓生的, 猛烈的, 狂暴的, 跛拱的",GRE
intestinal,ɪn'tɛstɪnl,,"a.肠的, 肠内的, (疾病)侵袭肠的",GRE
haunting,'hɔntɪŋ,,"a.常浮现于脑海中的, 不易忘怀的",GRE
preternatural,",pri:tə'nætʃərəl",,a.超自然的,GRE
ephemeral,ə'fɛmərəl,,"a.朝生暮死的, 短暂的, 短命的",GRE
derisive,dɪ'raɪsɪv,,"a.嘲笑的, 值得嘲笑的",GRE
sloppy,'slɔpi,,"a.潮湿的, 多阴雨的, 溅湿的, 溅污的, 肥大的",GRE
ingrained,ɪn'ɡrend,,"a.彻底的, 根深蒂固的, 生染的",GRE
staid,sted,,a.沉静的,GRE
dreary,'drɪri,,a.沉闷的,GRE
atrabilious,'ætrə'biljəs,,"a.沉闷的, 疑心的",GRE
dissipated,'dɪsɪpetɪd,,"a.沉迷于酒色的, 消散的, 闲游浪荡的",GRE
taciturn,'tæsɪtɝn,,a.沉默寡言的,GRE
reticent,'rɛtɪsnt,,a.沉默寡言的,GRE
doting,'dotɪŋ,,"a.沉溺于爱的, 溺爱的",GRE
reflective,rɪ'flɛktɪv,,a.沉思的,GRE
pensive,'pɛnsɪv,,a.沉思的,GRE
meditative,'mɛdɪtetɪv,,"a.沉思的, 爱思考的, 冥想的",GRE
imperturbable,",impə'tə:bəbl",,"a.沉着的, 冷静的",GRE
ponderous,'pɑndərəs,,"a.沉重的, 笨重的, 冗长的, 沉闷的, (指问题等)呆板的",GRE
trite,traɪt,,a.陈腐的,GRE
antiquated,'æntɪkwetɪd,,a.陈旧的,GRE
veridical,və'ridikəl,,a.诚实的,GRE
approbatory,",æprəu'beitəri, ə'prəubətəri",,"a.承认的, 认可的, 赞赏的",GRE
exurban,eks'ə:bən,,a.城市远郊的,GRE
laboured,'lebɚd,,"a.吃力的, 谨慎的",GRE
oafish,'ofɪʃ,,"a.痴呆的, 畸形的",GRE
bovine,'bovaɪn,,"a.迟钝的, 牛的, 似牛的, 耐心的",GRE
persistent,pə'zɪstənt,,a.持久稳固的,GRE
sustained,sə'stend,,"a.持续不变的, 相同的",GRE
discalced,dɪs'kælst,,"a.赤脚的, 仅穿拖鞋的",GRE
unclad,",ʌn'klæd",,"a.赤裸裸的, 没穿衣服的",GRE
fervent,'fɝvənt,,a.炽热的,GRE
impulsive,ɪm'pʌlsɪv,,a.冲动的,GRE
impetuous,ɪm'pɛtʃʊəs,,"a.冲动的, 猛烈的, 激烈的",GRE
alluvial,ə'lʊvɪəl,,"a.冲积的, 淤积的",GRE
sufficient,səˈfɪʃənt,,"a.充分的, 足够的",GRE
humid,'hjumɪd,,"a.充满潮湿的, 湿润的, 多湿气的",GRE
replete,rɪ'plit,,a.充满的,GRE
spry,spraɪ,,"a.充满生气的, 活泼的, 敏捷的美国Spry在线服务公司",GRE
ample,'æmpl,,"a.充足的, 丰富的",GRE
idolatrous,aɪ'dɑlətrəs,,"a.崇拜偶像的, 盲目崇拜的",GRE
stinking,'stɪŋkɪŋ,,"a.臭的, 烂醉的, 讨厌的",GRE
yielding,'jildɪŋ,,"a.出产的, 易弯曲的, 柔顺的, 屈从的, 易受影响的",GRE
nascent,'næsnt,,a.初生的,GRE
incipient,ɪn'sɪpɪənt,,a.初始的,GRE
culinary,'kʌlɪnɛri,,"a.厨房的, 烹调用的, 厨房用的",GRE
tactile,'tæktl,,"a.触觉的, 有触觉的, 能触知的",GRE
threadbare,'θrɛdbɛr,,"a.穿破旧衣服的, 俗套的",GRE
contagious,kən'tedʒəs,,"a.传染性的, 会感染的",GRE
nautical,'nɔtɪkl,,"a.船员的, 船舶的, 海上的, 航海的, 海军的",GRE
captious,'kæpʃəs,,"a.吹毛求疵的, 挑剔的",GRE
moribund,'mɔrɪbʌnd,,a.垂死的,GRE
crestfallen,'krɛstfɔlən,,a.垂头丧气的,GRE
perpendicular,'pɝpən'dɪkjəlɚ,,"a.垂直的, 正交的",GRE
vertical,'vɝtɪkl,,"a.垂直的, 直立的, 顶点的, [解]头顶的",GRE
vernal,'vɝnl,,"a.春天的, 春天发生的, 和煦的, 青春的",GRE
unalloyed,",ʌnə'lɔɪd",,a.纯粹的,GRE
seraphic,si'ræfik,,"a.纯洁的, 六翼天使的, 天使一般的",GRE
purebred,"'pjʊr,brɛd",,a.纯种的,GRE
lexical,'lɛksɪkl,,a.词汇的,GRE
benevolent,bə'nɛvələnt,,a.慈善的,GRE
subordinate,səˈbɔːdɪnɪt (for n. &adj.) ; səˈbɔːdɪˌnet (for v.),,"a.次要的, 从属的, 下级的",GRE
piercing,'pɪrsɪŋ,,"a.刺骨的, 刺穿的",GRE
nippy,'nɪpi,,"a.刺骨的, 凛冽的",GRE
cursory,'kə:səri,,"a.匆匆忙忙的, 粗略的, 草率的",GRE
slapdash,'slæpdæʃ,,a.匆促的,GRE
surly,'sə:li,,"a.粗暴的, 乖戾的, 阴沉的, 无礼的, 板面孔的",GRE
rambunctious,ræm'bʌŋkʃəs,,"a.粗暴的, 骚乱的, 难控制的",GRE
lubber,'lʌbɚ,,"a.粗笨的, 笨拙的",GRE
scabrous,'skæbrəs,,a.粗糙的,GRE
ragged,'ræɡɪd,,a.粗糙的,GRE
clodhopping,"'klɔd,hɔpiŋ",,"a.粗鲁的, 不礼节的",GRE
sketchy,'sketʃi,,a.粗略的,GRE
vulgar,'vʌlɡɚ,,"a.粗俗的, 庸俗的, 普通的, 通俗的, 本土的",GRE
loutish,'lautiʃ,,"a.粗野的, 无礼的",GRE
churlish,'tʃə:liʃ,,a.粗野的，脾气坏的，无礼的,GRE
soporific,",sɑpə'rɪfɪk",,"a.催眠的, 想睡的",GRE
hypnotic,hɪp'nɑtɪk,,"a.催眠的, 易被催眠的",GRE
slimsy,'slɪmzɪ,,"a.脆弱的, 不结实的, 不耐穿的",GRE
verdant,'vɝdnt,,"a.翠绿的, 青翠的, 生疏的, 没有经验的",GRE
dandified,'dændifaid,,a.打扮得华丽的,GRE
swank,swæŋk,,a.打扮漂亮的,GRE
striking,'straɪkɪŋ,,"a.打击的, 显著的, 惊人的, 罢工的",GRE
audacious,ɔ'deʃəs,,"a.大胆的, 卤莽的, 大胆创新的",GRE
clamorous,'klæmərəs,,a.大喊大叫的,GRE
vociferous,vo'sɪfərəs,,"a.大声叫的, 喊叫的",GRE
undaunted,",ʌn'dɔntɪd",,"a.大无畏的, 勇敢的",GRE
vicarious,vaɪ'kɛrɪəs,,a.代理人的,GRE
ersatz,'ɛrsɑts,,"a.代用的,合成的,假的,人造的",GRE
monaural,mɒn'ɔːr(ə)l,,"a.单耳(听觉)的, 非立体声的",GRE
humdrum,'hʌmdrʌm,,a.单调的,GRE
monotonous,mə'nɑtənəs,,"a.单调的, 无变化的",GRE
tedious,'tidɪəs,,"a.单调乏味的, 沉闷的, 冗长乏味的",GRE
voluptuary,və'lʌptʃuɛri,,a.耽于酒色的,GRE
timorous,'tɪmərəs,,a.胆小的,GRE
bilious,'bɪlɪəs,,"a.胆汁质的, 坏脾气的",GRE
limnetic,lim'netik,,a.淡水的,GRE
elastic,ɪ'læstɪk,,a.弹性的,GRE
hapless,'hæplis,,"a.倒霉的, 不幸的",GRE
retrograde,'rɛtrəɡred,,a.倒退的,GRE
inverse,",ɪn'vɝs",,"a.倒转的, 反转的",GRE
ubiquitous,ju'bɪkwɪtəs,,"a.到处存在的, (同时)普遍存在的",GRE
apologetic,"ə,pɑlə'dʒɛtɪk",,"a.道歉的, 认错的, 辩护的",GRE
moralistic,",mɔrə'lɪstɪk",,"a.道学的, 说教的, 教训的",GRE
inspired,ɪn'spaɪrd,,"a.得到灵感的, 有灵感的, 权威人士(或官方)授意的",GRE
tantamount,'tæntə'maʊnt,,a.等价,GRE
imbecile,'ɪmbɪsaɪl,,"a.低能的, 愚笨的, 虚弱的",GRE
hostile,ˈhɑstəl,,"a.敌对的, 敌方的",GRE
inimical,ɪ'nɪmɪkl,,a.敌意的,GRE
tellural,'teljurəl,,"a.地球的,地球上的,地球居民的",GRE
subterranean,",sʌbtə'renɪən",,a.地下的,GRE
regal,'ri:ɡəl,,"a.帝王的, 适于帝王的",GRE
subversive,sʌb'vɝsɪv,,"a.颠覆性的, 破坏性的",GRE
starchy,'stɑrtʃi,,"a.淀粉的, 拘泥的, 浆硬的, 含淀粉的",GRE
byzantine,baɪ'zæntaɪn; 'baɪzəntaɪn,,"a.东罗马帝国的, 拜占庭式的",GRE
dynamic,daɪ'næmɪk,,"a.动力的, 动力学的, 动态的",GRE
engaging,ɪn'ɡedʒɪŋ,,"a.动人的, 有魅力的, 迷人的",GRE
precipitous,prɪ'sɪpɪtəs,,"a.陡峭的, 急躁的",GRE
steep,stip,,"a.陡峭的, 险峻的, 急剧升降的, 不合理的",GRE
substantive,səb'stæntɪv,,"a.独立存在的, 真实的, 有实质的, 大量的, 巨额的",GRE
gilded,'ɡɪldɪd,,a.镀金的,GRE
demure,dɪ'mjʊr,,a.端庄的,GRE
blocky,'blɑki,,"a.短而结实的, 斑驳的",GRE
transitory,'trænsətɔri,,a.短时间的,GRE
transient,ˈtrænʃnt; trænʃənt,,"a.短暂的, 瞬时的",GRE
fugacious,fju:'ɡeiʃəs,,"a.短暂的, 易逃逸的, 难捕捉的, 无常的",GRE
assertive,ə'sɝtɪv,,"a.断定的, 过分自信的",GRE
fitful,'fɪtfəl,,"a.断断续续的, 一阵阵的, 间歇的, 不定的, 不规则的",GRE
peremptory,pə'rɛmptəri,,"a.断然的, 专横的, 强制的",GRE
symmetrical,sɪ'mɛtrɪkl,,"a.对称的, 均匀的",GRE
opponent,ə'ponənt,,"a.对立的, 对抗的",GRE
obtuse,əbˈtus,,"a.钝的, 圆头的, 愚蠢的, 迟钝的",GRE
flaggy,'flæɡi,,"a.多扁石的, 多菖蒲的",GRE
prolific,prə'lɪfɪk,,"a.多产的, 丰富的, 大量繁殖的",GRE
buggy,'bʌɡi,,"a.多虫的, 臭虫成灾的, <俚>神经病的",GRE
prickly,'prikli,,a.多刺的,GRE
officious,ə'fɪʃəs,,"a.多管闲事的, 非官方的, 非正式的",GRE
loquacious,lə'kweʃəs,,"a.多话的, 饶舌的, 潺潺的",GRE
porous,'pɔrəs,,a.多孔渗水的,GRE
spiny,'spaɪni,,"a.多剌的, 剌状的",GRE
gnarled,nɑ:ld,,"a.多瘤的, 粗糙的",GRE
hairy,'hɛri,,"a.多毛的, 毛似的",GRE
hirsute,'hə:sju:t,,"a.多毛的, 有粗毛的",GRE
amorous,'æmərəs,,"a.多情的, 恋爱的, 表示爱情的",GRE
acidulous,ə'sɪdʒələs,,"a.多少带酸味的, 不悦的",GRE
redundant,rɪ'dʌndənt,,a.多余的,GRE
superfluous,sʊ'pɝflʊəs,,"a.多余的, 过剩的, 过量的",GRE
calamitous,kə'læmɪtəs,,"a.多灾难的, 不幸的",GRE
succulent,'sʌkjələnt,,"a.多汁的, 多水分的, 多汁性的",GRE
miscreant,'mɪskrɪənt,,"a.堕落的, 卑劣的, 异端的",GRE
compendious,kəm'pɛndɪəs,,"a.扼要的, 简明的",GRE
vicious,'vɪʃəs,,"a.恶的, 不道德的, 恶意的, 刻毒的, 堕落的, 品性不端的, 有错误的",GRE
felonious,fə'lonɪəs,,"a.恶毒的, 凶恶的, 极恶的, 重罪的",GRE
diabolical,'daiə'bɔlik / -kəl,,a.恶魔的,GRE
fiendish,'findɪʃ,,"a.恶魔似的, 残忍的, 极坏的",GRE
malignant,mə'lɪgnənt,,a.恶性的,GRE
auditory,'ɔdətɔri,,"a.耳的, 听觉的",GRE
suggestible,sə'dʒɛstəbl,,"a.耳根软的, 可建议的, 容易受暗示影响的",GRE
luminous,'lʊmənəs,,"a.发光的, 明亮的",GRE
flaring,'flɛrɪŋ,,"a.发光的, 燃烧的, 引人注目的, 花哨的, 俗丽的",GRE
distraught,dɪ'strɔt,,a.发狂的,GRE
maniacal,mə'naɪəkl,,"a.发狂的, 狂乱的",GRE
frenetic,frə'nɛtɪk,,"a.发狂的, 狂热的",GRE
huffy,'hʌfi,,a.发怒的,GRE
febrile,'fibraɪl,,"a.发烧的,热病的",GRE
inflamed,ɪn'flemd,,a.发炎的；红肿的,GRE
vestigial,vɛ'stɪdʒɪəl,,"a.发育不全的, 退化器官的",GRE
stuffy,'stʌfi,,a.乏味的,GRE
statutory,stætʃʊˌtɔrɪ,,"a.法令的, 法定的",GRE
forensic,fə'rɛnsɪk,,"a.法院的, 适于法庭的, 公开辩论的",GRE
shoddy,'ʃɑdi,,"a.翻制的, 以次充好的, 假冒的",GRE
fretful,'frɛtfəl,,"a.烦燥的, 起波纹的, 焦躁的",GRE
exuberant,iɡ'zju:bərənt,,"a.繁茂的, 丰富的, 非凡的, (语言等)华而不实的",GRE
prosperous,'prɑspərəs,,a.繁荣的,GRE
onerous,'ɑnərəs,,"a.繁重的, 费力的, 负有法律责任的",GRE
abnormal,æbˈnɔːrml,,"a.反常的, 变态的",GRE
ruminant,'ruːmɪnənt,,"a.反刍动物的, 沉思的",GRE
capricious,kə'prɪʃəs,,a.反复无常的,GRE
whimsical,'wɪmzɪkl,,"a.反复无常的, 古怪的",GRE
recalcitrant,rɪ'kælsɪtrənt,,"a.反抗的, 反对的, 顽抗的",GRE
reflex,'riflɛks,,"a.反射的, 反省的, 反作用的, 优角的",GRE
reactionary,rɪ'ækʃənɛri,,"a.反作用的, 反动的",GRE
balmy,'bɑmi,,"a.芳香的, 温和的, 止痛的, (空气)温和的",GRE
antiseptic,ˌæntiˈseptɪk,,"a.防腐的, 杀菌的, 消过毒的",GRE
spindly,'spɪndli,,"a.纺锤形的, 细长的",GRE
profligate,prɑfləɡɪt,,"a.放荡的, 不检点的, 肆意挥霍的",GRE
dissolute,'dɪsəlut,,"a.放荡的, 风流的, 肆意挥霍的",GRE
licentious,laɪ'sɛnʃəs,,a.放肆的,GRE
impudent,'ɪmpjədənt,,"a.放肆无礼的, ,厚颜无耻的",GRE
laxative,'læksətɪv,,a.放松的,GRE
intemperate,ɪn'tɛmpərət,,a.放纵的,GRE
volatile,'vɑlətl,,"a.飞行的, 挥发性的, 可变的, 不稳定的, 轻快的, 爆炸性的",GRE
fleeting,'flitɪŋ,,a.飞逝的；短暂的,GRE
nonviolent,",nɑn'vaɪələnt",,a.非暴力的,GRE
flagrant,'fleɡrənt,,"a.非常的, 不能容忍的, 恶名昭著的, 公然的",GRE
exultant,ɪɡ'zʌltənt,,"a.非常高兴的, 欢跃的",GRE
hypersensitive,",haɪpɚ'sɛnsətɪv",,"a.非常敏感的, 敏感的",GRE
unstudied,ʌn'stʌdɪd,,"a.非娇揉造作的,未学过的,不懂的",GRE
immaterial,",ɪmə'tɪrɪəl",,a.非实质的,GRE
intransigent,ɪn'trænzədʒənt,,a.非妥协性的,GRE
incorporeal,",ɪnkɔː'pɔːrɪəl",,"a.非物质的, 无实体的, 灵魂的, 无形体的",GRE
unprovoked,'ʌnprə'vokt,,"a.非因触犯而发生的, 无缘无故的",GRE
heterodox,'hɛtərə'dɑks,,"a.非正统的, 异端的",GRE
corpulent,'kɔrpjələnt,,"a.肥大的, 肥胖的",GRE
fubsy,'fʌbzi,,"a.肥胖的, 矮胖的",GRE
obese,o'bis,,"a.肥胖的, 肥大的",GRE
pursy,'pə:si,,"a.肥胖的, 皱起的",GRE
fertile,ˈfɝtəl; (canadian) ˈfɝˌtaɪl,,"a.肥沃的, 富饶的, 能繁殖的",GRE
slanderous,'slændərəs,,a.诽谤性的,GRE
scandalous,'skændələs,,a.诽谤性的,GRE
pulmonary,'pʌlmənɛri,,a.肺部的,GRE
arduous,'ɑrdʒuəs,,"a.费劲的, 辛勤的, 险峻的",GRE
respective,rɪ'spɛktɪv,,"a.分别的, 各自的",GRE
detached,dɪ'tætʃt,,"a.分开的, 分离的",GRE
redolent,'rɛdələnt,,a.芬芳的,GRE
aromatic,",ærə'mætɪk",,a.芬芳的,GRE
involute,",ɪnvə'ljʊt",,"a.纷乱的, 复杂的",GRE
sepulchral,sə'pʌlkrəl,,"a.坟墓的, 埋葬的",GRE
smashing,'smæʃɪŋ,,"a.粉碎性的, 猛烈的, 了不起的",GRE
strenuous,'strɛnjuəs,,"a.奋发的, 使劲的, 紧张的, 热烈的, 艰辛发奋的",GRE
ireful,'aiəful,,a.忿怒的,GRE
indignant,ɪn'dɪɡnənt,,"a.愤怒的, 愤慨的",GRE
cynical,'sɪnɪkl,,a.愤世嫉俗的,GRE
luxuriant,lʌɡ'ʒʊrɪənt,,"a.丰产的, 丰富的, 肥沃的, 奢华的",GRE
plumpy,'plʌmpi,,a.丰满的,GRE
chubby,'tʃʌbi,,"a.丰满的, 圆胖的",GRE
trenchant,'trɛntʃənt,,a.锋利的,GRE
nipping,'nɪpɪŋ,,"a.锋利的, 刺骨的, 讥刺的",GRE
keen,kin,,"a.锋利的, 敏锐的, 敏捷的, 热心的, 渴望的",GRE
ingratiating,ɪn'ɡreʃɪetɪŋ,,"a.逢迎的, 迷人的",GRE
sardonic,sɑːrˈdɑːnɪk,,a.讽刺的,GRE
sarcastic,sɑr'kæstɪk,,a.讽刺的,GRE
fawning,'fɔ:niŋ,,a.奉承的,GRE
obedient,oˈbidiənt,,"a.服从的, 孝顺的",GRE
showy,'ʃoi,,"a.浮华的, (过分)艳丽的, 炫耀的, 卖弄的",GRE
foppish,'fɑpɪʃ,,"a.浮华的, 有纨绔习气的",GRE
bloated,'blotɪd,,"a.浮肿的, 发胀的, 傲慢的",GRE
eligible,'ɛlɪdʒəbl,,"a.符合条件的, 合格的",GRE
subsidiary,səb'sɪdɪɛri,,"a.辅助的, 补充的",GRE
auxiliary,ɔːɡ'zɪlɪəri,,"a.辅助的, 补助的",GRE
septic,'sɛptɪk,,"a.腐败的, 败血病的, 脓毒性的",GRE
addled,'ædld,,"a.腐坏的, 混乱的",GRE
putrid,'pju:trid,,"a.腐烂的, <口>非常讨厌的",GRE
caustic,'kɔstɪk,,"a.腐蚀性的, 刻薄的",GRE
indebted,ɪn'dɛtɪd,,"a.负债的, 感恩的",GRE
resurgent,rɪ'sɝdʒənt,,a.复活的,GRE
intricate,'ɪntrɪkət,,"a.复杂的, 错综的, 难以理解的",GRE
parathyroid,",pærə'θaɪrɔɪd",,a.副甲状腺的,GRE
palatial,pə'leʃl,,a.富丽堂皇的,GRE
glamorous,'glæmərəs,,"a.富有魅力的, 迷人的",GRE
compassionate,kəm'pæʃənət,,a.富于同情心的,GRE
opulent,'ɑpjələnt,,"a.富裕的, 丰富的, 丰饶的, 繁茂的",GRE
culpable,'kʌlpəbl,,"a.该责备的, 有罪的, 不周到的",GRE
execrable,'ɛksɪkrəbl,,"a.该咒的, 可憎恨的, 讨厌的, 恶劣的, 坏透的",GRE
cussed,'kʌsɪd,,"a.该诅咒的,固执的,乖僻的",GRE
synoptic,sɪ'nɑptɪk,,"a.概要的, [气]天气的, [宗]对观福音书的",GRE
luscious,'lʌʃəs,,a.甘美的,GRE
hepatic,hɪ'pætɪk,,a.肝的,GRE
benighted,bɪ'naɪtɪd,,"a.赶路到天黑的, 愚昧的",GRE
impalpable,ɪm'pælpəb(ə)l,,"a.感触不到的, 摸不到的, 难解的",GRE
jaunty,'dʒɔnti,,"a.感到自信和自满的, 洋洋得意的",GRE
grateful,'ɡretfl,,"a.感激的, 感谢的",GRE
maudlin,'mɔdlɪn,,a.感情脆弱的,GRE
effusive,ɪ'fjusɪv,,"a.感情横溢的, 流出的",GRE
susceptive,sə'sɛptɪv,,"a.感受性强的, 敏感的, 有接受力的",GRE
sere,sɪr,,a.干枯的,GRE
stouthearted,'staʊt'hɑrtɪd,,"a.刚毅的, 大胆的",GRE
lofty,'lɔfti,,"a.高高的, 崇高的, 高傲的, 高级的",GRE
princely,'prɪnsli,,a.高贵的,GRE
tony,'toni,,"a.高贵的, 时髦的",GRE
towering,'taʊərɪŋ,,"a.高耸的, 杰出的, 激烈的",GRE
formative,'fɔrmətɪv,,a.格式化的,GRE
gnomic,'nomɪk,,"a.格言的, 含格言的",GRE
miscellaneous,'mɪsə'lenɪəs,,"a.各色各样混在一起, 混杂的, 多才多艺的",GRE
sundry,'sʌndri,,a.各式各样的,GRE
rudimentary,",rudɪ'mɛntri",,"a.根本的, 未发展的",GRE
inveterate,ɪn'vɛtərət,,"a.根深的, 成癖的",GRE
impartial,ɪm'pɑrʃəl,,"a.公平的, 不偏不倚的",GRE
equitable,'ekwitəbl,,"a.公平的, 公正的, 平衡法的",GRE
utilitarian,",jutɪlɪ'tɛrɪən",,"a.功利的, 实利的, 功利主义的",GRE
hooked,hʊkt,,a.钩状的,GRE
solitary,'sɑlətɛri,,a.孤独的,GRE
eccentric,ɪk'sɛntrɪk,,a.古怪,GRE
quizzical,'kwɪzɪkl,,"a.古怪的, 引人发笑的, 嘲弄的, 探询的",GRE
immemorial,",ɪmə'mɔrɪəl",,"a.古老的, 远古的, 无法追忆的",GRE
husky,'hʌski,,"a.谷的, 像谷的, (声音)沙哑的, 嘶哑的",GRE
corny,'kɔrni,,"a.谷类的, 乡下味的, 粗野的, 有鸡眼的",GRE
inherent,ɪn'hɪrənt,,"a.固有的, 内在的, 与生俱来的",GRE
pertinacious,",pɝtn'eʃəs",,a.固执的,GRE
opinionated,ə'pɪnjənetɪd,,"a.固执己见的, 武断的",GRE
advisory,əd'vaɪzəri,,"a.顾问的, 咨询的, 劝告的",GRE
crabbed,'kræbɪd,,"a.乖戾的, 易怒的, 难懂的, 潦草的",GRE
eerie,'iəri,,"a.怪诞的, 可怕的, 不安的, 奇异的",GRE
weird,wɪrd,,"a.怪异的, 超自然的, 神秘的, 不可思议的, 超乎事理之外的",GRE
magisterial,",mædʒɪ'stɪrɪəl",,"a.官气十足的, 有权威的, 专横的",GRE
satiny,'sætini,,a.光滑的,GRE
slick,slɪk,,"a.光滑的, 熟练的, 聪明的, 华而不实的, 陈腐的, 平凡的, 老套的",GRE
effulgent,i'fʌldʒənt,,a.光辉灿烂的,GRE
relucent,rɪ'lʊsənt,,"a.光辉的, 明亮的",GRE
aboveboard,ə'bʌv'bord,,a.光明正大的,GRE
spectral,'spɛktrəl,,"a.光谱的, 鬼怪的",GRE
bald,bɔld,,"a.光秃的, 单调的, 枯燥的",GRE
spacious,'speʃəs,,"a.广大的, 大规模的",GRE
canonical,kə'nɑnɪkl,,a.规范的,GRE
sophisticated,sə'fɪstɪketɪd,,"a.诡辩的, 久经世故的",GRE
ogreish,'əuɡəriʃ,,"a.鬼似的, 恐怖的",GRE
scalding,'skɔldɪŋ,,"a.滚烫的,尖刻的",GRE
pragmatic,præg'mætɪk,,"a.国事的, 团体事务的, 实际的, 注重实效的",GRE
exorbitant,ɪɡ'zɔrbɪtənt,,"a.过度的, 过高的, 昂贵的",GRE
fulsome,'fʊlsəm,,"a.过度的, 令人生厌的, 过分的",GRE
overwrought,",ovɚ'rɔt",,"a.过度紧张的, 过劳的",GRE
finicky,'fɪnɪki,,"a.过分注意的, 过分讲究的, 过分周到的",GRE
outmoded,",aʊt'modɪd",,a.过时的,GRE
kaput,kæ'put,,"a.过时的, 故障的, 失败了的",GRE
littoral,'lɪtərəl,,"a.海滨的, 沿海的",GRE
insular,'ɪnsəlɚ,,"a.海岛的, 岛民的, 岛特有的, 孤立的, 超然物外的",GRE
thalassic,θə'læsɪk,,"a.海的, 内海的, 海湾的",GRE
uncharted,",ʌn'tʃɑrtɪd",,"a.海图上未标明的, 未知的, 不详的",GRE
pavid,'pævɪd,,"a.害怕的, 胆小的",GRE
bashful,'bæʃfl,,a.害羞的,GRE
parky,'pɑrki,,a.寒冷的,GRE
sluggish,'slʌɡɪʃ,,a.行动迟缓的,GRE
ritzy,'rɪtsi,,"a.豪华的, 时髦的, 讲究的",GRE
pugnacious,pʌg'neʃəs,,a.好斗的,GRE
aggressive,ə'ɡrɛsɪv,,"a.好斗的, 敢作敢为的, 有闯劲的, 侵略性的",GRE
satirical,sə'tɪrɪkl,,"a.好讽刺的, 爱挖苦人的",GRE
factious,'fækʃəs,,"a.好搞派系的, 好捣乱的",GRE
inquisitive,ɪn'kwɪzətɪv,,a.好奇的,GRE
prurient,'prʊrɪənt,,"a.好色的, 渴望的",GRE
lascivious,lə'sɪvɪəs,,"a.好色的, 淫荡的, 挑动情欲的",GRE
libidinous,lɪ'bɪdɪnəs,,"a.好色的, 淫荡的, 性欲的",GRE
litigious,lɪ'tɪdʒəs,,"a.好诉讼的, 好争论的",GRE
droll,drol,,"a.好笑的, 滑稽的, 逗趣的",GRE
bellicose,'belikəus,,"a.好战的, 好斗的",GRE
militant,'mɪlɪtənt,,"a.好战的, 积极从事或支持使用武力的",GRE
belligerent,bi'lidʒərənt,,"a.好战的, 交战国的, 交战的",GRE
truculent,'trʊkjʊlənt,,a.好战凶猛的,GRE
disputatious,",dispju'teiʃəs",,a.好争辩的,GRE
contentious,kənˈtenʃəs,,"a.好争吵的, 争论的, 有异议的",GRE
incorporate,ɪn'kɔːpəreɪt,,"a.合并的, 结社的, 一体化的",GRE
composite,kɑm'pɑzɪt,,"a.合成的, 复合的",GRE
synthetic,sɪn'θɛtɪk,,"a.合成的, 人造的, 综合的",GRE
legitimate,ləˈdʒɪtəmɪt,,"a.合法的, 合理的, 正统的",GRE
licit,'lɪsɪt,,"a.合法的, 正当的",GRE
clement,'klɛmənt,,"a.和蔼的, 仁慈的, 宽厚的, 宽大的",GRE
affable,'æfəbl,,a.和蔼可亲的,GRE
simpatico,sɪm'pætɪkəʊ,,"a.和谐的, 讨人喜欢的, 令人亲近的",GRE
riparian,raɪ'pɛrɪən,,"a.河边的, 水滨的",GRE
murky,'mɝki,,a.黑暗的,GRE
tenebrous,'tenɪbrəs,,"a.黑暗的, 晦涩的",GRE
gloomy,'ɡlumi,,"a.黑暗的, 阴沉的, 令人沮丧的, 阴郁的",GRE
swarthy,'swɔrði,,"a.黑黝黝的, 浅黑的",GRE
swart,swɔ:t,,"a.黑黝黝的,有毒的,有害的,恶性的",GRE
copious,'kopɪəs,,"a.很多的, 广识的, 丰富的",GRE
sidereal,saɪ'dɪrɪəl,,a.恒星的,GRE
thwart,θwɔrt,,a.横放的,GRE
plangent,'plændʒənt,,"a.轰鸣的, 凄切的",GRE
ruddy,'rʌdi,,"a.红的, 红润的",GRE
grandiose,'ɡrændɪos,,"a.宏伟的, 堂皇的, 宏大的",GRE
guttural,'gʌtərəl,,"a.喉咙的, 喉音的, 咽喉的",GRE
throaty,'θroti,,"a.喉音的, 喉部发出声音的, 嘶哑的",GRE
repentant,rɪ'pɛntənt,,"a.后悔的, 悔改的, 有悔改表现的",GRE
hinder,'hɪndɚ,,a.后面的,GRE
massive,'mæsɪv,,"a.厚重的, 大块的, 魁伟的, 结实的",GRE
flighty,'flaiti,,"a.忽发奇想的, 反复无常的, 轻浮的, 轻狂的, 心情浮动的",GRE
peppery,'pɛpəri,,"a.胡椒的, 辛辣的",GRE
woozy,'wuzi,,"a.糊涂的, 虚弱的",GRE
mushy,'mʌʃi,,"a.糊状的, 玉米粥状的",GRE
reciprocal,rɪ'sɪprəkl,,"a.互惠的, 相应的, 倒数的, 彼此相反的",GRE
internecine,'ɪntɚ'nisaɪn,,"a.互相残杀的, 两败俱伤的, 内部冲突的",GRE
roan,ron,,"a.花毛的, 杂色的",GRE
rhetoric,'rɛtərɪk,,a.花言巧语的,GRE
pompous,'pɑmpəs,,a.华而不实的,GRE
gimcrack,'dʒɪm'kræk,,a.华而不实的,GRE
gaudy,'gɔdi,,a.华而不实的,GRE
gorgeous,'ɡɔrdʒəs,,"a.华丽的, 灿烂的",GRE
florid,'flɔrɪd,,"a.华丽的, 红润的, 炫耀的, 绚丽的",GRE
meretricious,'mɛrə'trɪʃəs,,"a.华丽而庸俗的, 俗气的, 娼妓的, 适合娼妓的",GRE
lubricious,lu:'briʃəs,,"a.滑的, 淫荡的, 光滑的, 不稳定的",GRE
malicious,mə'lɪʃəs,,"a.怀恶意的, 恶毒的",GRE
skeptical,'skɛptɪkl,,"a.怀疑性的,好怀疑的,<口>无神论的",GRE
ambidextrous,'æmbə'dɛkstrəs,,"a.怀有二心的, 非常灵巧的",GRE
pregnant,'prɛɡnənt,,"a.怀孕的, 重要的, 富有意义的, 孕育的",GRE
villainous,'vɪlənəs,,"a.坏人似的, 恶棍的, 恶毒的, 缺德的, 罪恶的, 腐化堕落的",GRE
jubilant,'dʒubɪlənt,,"a.欢呼的, 喜悦的, 喜洋洋的",GRE
jocund,'dʒɑkənd,,"a.欢乐的, 高兴的",GRE
jolly,'dʒɑli,,"a.欢乐的, 高兴的, 快活的",GRE
hilarious,hɪ'lɛrɪəs,,a.欢闹的,GRE
convivial,kən'vɪvɪəl,,"a.欢宴的, 欢乐的",GRE
demulcent,dɪ'mʌlsnt,,"a.缓和的, 镇痛的",GRE
laggard,'læɡəd,,"a.缓慢的 迟缓的, 落后的",GRE
fantastic,fæn'tæstɪk,,"a.幻想的, 奇异的, 稀奇古怪的, 荒谬的, 空想的",GRE
phantasmal,fæn'tæzməl,,"a.幻影的, 幽灵的",GRE
evocative,ɪ'vɑkətɪv,,"a.唤出的, 唤起的",GRE
jaundiced,'dʒɔndɪst,,"a.患黄疸病的, 敌视的, 有偏见的",GRE
insane,ɪn'sen,,"a.患精神病的, 精神病患者的, 极愚蠢的",GRE
obsolescent,",ɑbsə'lɛsnt",,a.荒废的,GRE
obsolete,ɑbsəˌlit,,"a.荒废的, 陈旧的",GRE
desolate,'dɛsələt,,"a.荒凉的, 无人烟的",GRE
preposterous,prɪ'pɑstərəs,,a.荒谬的,GRE
absurd,"əbˈsɚd, -ˈzɚd",,"a.荒谬的, 可笑的",GRE
wanton,'wɔntən,,"a.荒唐的, 嬉戏的, 繁茂的, 肆意的, 不道德的, 不贞洁的",GRE
brazen,ˈbreɪzən,,"a.黄铜制的, 厚颜无耻的",GRE
hoary,'hɔri,,"a.灰白的, （因年迈而）头发灰白的, 古代的, 久远的",GRE
jocose,dʒə'kos,,a.诙谐的,GRE
refulgent,rɪ'fʌldʒənt,,"a.辉煌的, 灿烂的",GRE
resplendent,rɪ'splɛndənt,,"a.辉煌的, 灿烂的, 光辉的, 华丽的",GRE
flamboyant,flæm'bɔɪənt,,"a.辉耀的, 华丽的, 火焰似的, 艳丽的",GRE
respondent,rɪ'spɑndənt,,a.回答的,GRE
retrospective,",rɛtrə'spɛktɪv",,a.回顾的,GRE
regressive,rɪ'ɡrɛsɪv,,a.回归的,GRE
reverberant,ri'və:bərənt,,a.回响的,GRE
penitent,'pɛnətənt,,a.悔过的,GRE
rueful,'rufl,,a.悔恨的,GRE
dilapidated,di'læpideitid,,"a.毁坏的, 要塌似的, 荒废的",GRE
graphic,'græfɪk,,"a.绘画似的, 图解的",GRE
slumberous,'slʌmbərəs,,"a.昏昏欲睡的, 催眠的",GRE
comatose,'komətos,,"a.昏睡的, 昏睡状态的",GRE
infatuated,ɪn'fætʃuetɪd,,"a.昏头昏脑的, 入迷的",GRE
marital,'mærɪtl,,a.婚姻的,GRE
chaotic,ke'ɑtɪk,,"a.混乱的, 无秩序的",GRE
promiscuous,prə'mɪskjuəs,,a.混杂的,GRE
turbid,'tɝbɪd,,"a.混浊的, 不纯的, 脏的, 混乱的, 雾重的",GRE
frisky,'friski,,"a.活泼的, 欢闹的",GRE
lively,'laɪvli,,"a.活泼的, 活跃的, 栩栩如生的, 真实的",GRE
vivacious,vɪ'veʃəs,,"a.活泼的, 快活的, [植]多年生的",GRE
dashing,'dæʃɪŋ,,"a.活跃的, 浮华的",GRE
igneous,'ɪgnɪəs,,"a.火的, 似火的, [地]火成的",GRE
peckish,'pɛkɪʃ,,"a.饥饿的, 唠叨的",GRE
ingenious,ɪn'dʒinɪəs,,"a.机灵的, 有独创性的, 精制的, 具有创造才能",GRE
astute,ə'stut,,"a.机敏的, 狡猾的",GRE
tactful,'tæktfl,,"a.机智的, 得体的, 圆滑的",GRE
nervy,'nɝvi,,"a.肌肉发达的, 有勇气的, 冷静的",GRE
brawny,'brɔni,,"a.肌肉结实的, 强壮的",GRE
agitated,'ædʒɪtetɪd,,"a.激动的,表现不安的",GRE
tonic,'tɑnɪk,,"a.激励的, 滋补的",GRE
vehement,viəmənt,,"a.激烈的, 猛烈的, (情感)热烈的",GRE
provoking,prə'vokɪŋ,,a.激怒的,GRE
timely,'taɪmli,,"a.及时的, 适时的",GRE
propitious,prə'pɪʃəs,,a.吉利的,GRE
tremendous,trə'mɛndəs,,"a.极大的, 巨大的",GRE
galactic,gə'læktɪk,,"a.极大的, 银河的, 乳汁的",GRE
immense,ɪ'mɛns,,"a.极广大的, 无边的, <口>非常好的",GRE
profuse,prə'fjus,,a.极其丰富的,GRE
totalitarian,"to,tælə'tɛrɪən",,a.极权主义的,GRE
sacrosanct,'sækrosæŋkt,,a.极神圣的,GRE
excruciating,ɪk'skruʃɪetɪŋ,,"a.极痛苦的, 折磨人的",GRE
scrumptious,'skrʌmpʃəs,,"a.极为愉快的, 绝妙的, 极好的, 味美的",GRE
paramount,'pærəmaʊnt,,a.极为重要的,GRE
imminent,'ɪmɪnənt,,"a.即将来临的, 逼近的",GRE
snappish,'snæpɪʃ,,a.急躁的,GRE
involved,ɪn'vɑlvd,,"a.棘手的,有关的",GRE
marginal,'mɑrdʒɪnl,,"a.记在页边的, 边缘的, 边际的",GRE
homely,'homli,,a.家常的,GRE
crustacean,krʌ'steʃən,,a.甲壳类的,GRE
feigned,feind,,"a.假的, 伪装, 做作的, 捏造的",GRE
phony,'foni,,a.假冒的,GRE
hypothetical,",haɪpə'θɛtɪkl",,"a.假设的, 假定的,爱猜想的",GRE
fictitious,fɪk'tɪʃəs,,"a.假想的, 编造的, 虚伪的, 习惯上假定的, 假想的, 假装的, 小说中的",GRE
imaginary,ɪ'mædʒɪnɛri,,"a.假想的, 想象的, 虚构的",GRE
pretended,pri'tɛndɪd,,"a.假装的, 虚假的",GRE
sanctimonious,",sæŋktɪ'monɪəs",,a.假装神圣的,GRE
peaky,'piki,,"a.尖峰的, 多峰的",GRE
shrill,ʃrɪl,,a.尖声的,GRE
staunch,stɔntʃ,,a.坚定的,GRE
stalwart,'stɔlwɚt,,a.坚定的,GRE
persevering,'pɝsə'vɪrɪŋ,,"a.坚忍的, 不屈不挠的",GRE
sedulous,'sɛdʒələs,,a.坚韧不拔的,GRE
adamant,'ædəmənt,,a.坚硬的,GRE
flinty,'flɪnti,,"a.坚硬的, 冷酷的, 强硬的, 严峻的, 含燧石的, 强硬的, 严峻的, 燧石似的",GRE
collateral,kə'lætərəl,,a.间接的,GRE
intermittent,",ɪntɚ'mɪtənt",,"a.间歇的, 断断续续的",GRE
remittent,rɪ'mɪtnt,,a.间歇性的,GRE
strait,stret,,"a.艰难的, 苦恼的, 窘迫的",GRE
terse,tɝs,,"a.简洁的, 扼要的",GRE
succinct,sək'sɪŋkt,,"a.简洁的, 紧身的, 压缩在小范围内的",GRE
sententious,sɛn'tɛnʃəs,,"a.简洁的, 警句的, 富于格言的, 很多(过分)说教式的",GRE
curt,kɝt,,a.简略的,GRE
concise,kən'saɪs,,"a.简明的, 简练的",GRE
sane,sen,,a.健全的,GRE
lusty,'lʌsti,,"a.健壮的, 精力充沛的",GRE
evanescent,",ɛvə'nɛsnt",,"a.渐消失的, 易消散的, 会凋零的",GRE
pronounced,prə'naʊnst,,"a.讲出来的, 显著的, 断然的, 明确的",GRE
recherche,,,"a.讲究的, 罕有的,异国风味的",GRE
prostrate,'prɑstret,,"a.降伏的, 沮丧的, 衰竭的, 俯卧的",GRE
phatic,'fætɪk,,"a.交流感情的,仅仅是交际性的",GRE
orgulous,'ɔ:ɡjuləs,,"a.骄傲的, 高傲的",GRE
overweening,",ovɚ'winɪŋ",,"a.骄傲的, 自负的, 夸大了的",GRE
vulpine,'vʌlpaɪn,,a.狡猾的,GRE
crafty,'kræfti,,"a.狡诈的, 诡计多端的, 善于骗人的",GRE
twee,twi,,"a.矫饰的, 可爱的",GRE
imperceptible,",ɪmpɚ'sɛptəbl",,"a.觉察不到的, 感觉不到的, 极细微的",GRE
posterior,pɑ'stɪrɪɚ,,a.较晚的,GRE
didactic,daɪ'dæktɪk,,"a.教诲的,说教的",GRE
parochial,pə'rokɪəl,,"a.教区的, 地方范围的, 狭小的",GRE
dogmatic,dɔɡ'mætɪk,,"a.教条的, 独断的",GRE
tangent,'tændʒənt,,"a.接触的, 切线的, 相切的, 离题的",GRE
sparing,'spɛrɪŋ,,"a.节俭的, 保守的",GRE
festal,'fest(ə)l,,"a.节日的, 欢乐的, 祭日的",GRE
thrifty,'θrɪfti,,a.节约的,GRE
rhythmic,"'riðmik, 'riθ-",,"a.节奏的, 合拍的",GRE
palmary,'pælməri,,a.杰出的,GRE
illustrious,ɪ'lʌstrɪəs,,a.杰出的,GRE
consequential,'kɑnsə'kwɛnʃəl,,"a.结果的, 相因而生的",GRE
conjugal,'kɑndʒəɡl,,"a.结婚的, 夫妇间的",GRE
stout,staʊt,,"a.结实的, 勇敢坚定的, 激烈的, 矮胖的, 顽强的",GRE
auric,'ɔrɪk,,"a.金的, 含金的, 似金的, [化](化合物)正金的, 三价金的",GRE
pecuniary,pɪ'kjunɪɛri,,"a.金钱的, 金钱上的, 应罚款的",GRE
knackered,'nækɚd,,a.筋疲力尽的,GRE
mere,mɪr,,"a.仅仅的, 起码的, 纯粹的",GRE
compact,'kɑmpækt,,"a.紧凑的, 紧密的, 简洁的",GRE
strained,strend,,"a.紧张的, 矫饰的, 做作的",GRE
cagey,'kedʒi,,"a.谨慎小心的, 精明的",GRE
prissy,'prɪsi,,a.谨小慎微的,GRE
tributary,'trɪbjə'tɛri,,"a.进贡的, 附庸的, 从属的, 辅助的, 支流的",GRE
usurious,ju'ʒʊrɪəs,,"a.进行高利剥削的, 高利贷的",GRE
approximate,ə'prɑksɪmət,,"a.近似的, 大约的",GRE
soggy,'sɑgi,,"a.浸水的, 沉闷的",GRE
sodden,'sɑdn,,a.浸透的,GRE
verboten,və:'bəutən,,a.禁止的,GRE
prohibitive,prə'hɪbətɪv,,"a.禁止的, 抑制的",GRE
incommunicado,",ɪnkə,mjunɪ'kɑdo",,"a.禁止通信的, 被单独囚禁的",GRE
uptight,'ʌp'taɪt,,"a.经济情况不妙的, 拮据的, 紧张的, 心情焦躁的, 极端保守的",GRE
straitened,'streitnd,,a.经济上拮据的，贫困的,GRE
unfailing,ʌn'felɪŋ,,"a.经久不衰的,无穷尽的, 可靠的",GRE
aghast,ə'ɡæst,,"a.惊骇的, 吓呆的",GRE
stupendous,stu'pɛndəs,,"a.惊人的, 巨大的",GRE
robust,ro'bʌst,,a.精力充沛的,GRE
shrewd,ʃrud,,a.精明,GRE
mettlesome,'metlsəm,,"a.精神饱满的, 勇敢的",GRE
psychotic,saɪ'kɑtɪk,,a.精神病的,GRE
psychiatric,",saɪkɪ'ætrɪk",,"a.精神病学的, 精神病治疗的",GRE
lunatic,'lʊnə'tɪk,,"a.精神错乱的, 疯狂的, 极端愚蠢的",GRE
psychic,'saɪkɪk,,a.精神的,GRE
numinous,'nʊmɪnəs,,"a.精神上的, 超自然的",GRE
versed,vɝst,,a.精通的,GRE
elaborate,ɪ'læbəret,,"a.精心制作的, 详细阐述的, 精细",GRE
cetacean,sɪ'teʃən,,"a.鲸类的, 鲸的",GRE
shipshape,'ʃɪpʃep,,a.井然有序的,GRE
epigrammatic,ɛpɪgrə'mætɪk,,"a.警句的, 讽刺的",GRE
vigilant,'vɪdʒələnt,,"a.警惕着的, 警醒的",GRE
purgative,'pɝɡətɪv,,"a.净化的, 清洗的, 通便的",GRE
spasmodic,spæz'mɑdɪk,,"a.痉挛的, 间歇性的",GRE
vying,'vaɪɪŋ,,a.竞争的,GRE
static,'stætɪk,,"a.静态的, 静力的静电噪声",GRE
quiescent,kwɪ'ɛsnt,,a.静止的,GRE
sedentary,'sɛdntɛri,,"a.久坐的, 坐惯的, 土生的, 不移栖的, 沉积的",GRE
bacchanal,'bækənl,,"a.酒神的, 酒神节的, 放纵的",GRE
bacchanalian,",bækə'neiljən",,"a.酒神节的, 狂饮作乐的",GRE
groggy,'ɡrɔɡi,,"a.酒醉的, 东歪西倒的, 摇摇晃晃的, 头昏眼花的",GRE
paleolithic,",pelɪo'lɪθɪk",,a.旧石器时代的,GRE
punctilious,pʌŋk'tɪlɪəs,,"a.拘泥细节的, 谨小慎微的, 一丝不苟的",GRE
despondent,dɪ'spɑndənt,,a.沮丧的,GRE
dejected,dɪ'dʒɛktɪd,,"a.沮丧的, 灰心的",GRE
prodigious,prə'dɪdʒəs,,a.巨大的,GRE
monstrous,'mɑnstrəs,,"a.巨大的, 畸形的, 怪异的, 恐怖的, 凶暴的",GRE
gargantuan,ɡɑr'ɡæntʃuən,,"a.巨大的, 庞大的",GRE
colossal,kə'lɑsl,,"a.巨大的, 庞大的",GRE
enormous,ɪ'nɔrməs,,"a.巨大的, 庞大的, <古>极恶的, 凶暴的",GRE
virulent,'vɪrələnt,,"a.剧毒的, 致命的, 刻毒的, [医]有病毒的, 恶毒的, 充满敌意的, 恶性的",GRE
henpecked,'henpekt,,a.惧内的,GRE
indented,ɪn'dɛntɪd,,"a.锯齿状的, 犬牙交错的",GRE
serrated,sə'retɪd,,"a.锯齿状的, 有锯齿的",GRE
jagged,'dʒæɡɪd,,a.锯齿状的，有凹口的，（外形）参差不齐的,GRE
kinky,'kɪŋki,,"a.卷曲的, 古怪的",GRE
voluminous,və'lʊmənəs,,"a.卷数多的, 大部分的, 著书多的, 容积大的, 体积大的, 丰满的, 长篇的, 庞大的",GRE
listless,'lɪstləs,,"a.倦怠的, 冷漠的，情绪低落的",GRE
teetotal,ti:təutəl,,"a.绝对戒酒的, 完全的, 绝对的",GRE
cocksure,",kɑk'ʃʊr",,"a.绝对可靠的, 深信的, 独断的",GRE
untoward,ʌn'tɔrd,,"a.倔强的, 麻烦的, 困难的, 不幸的",GRE
obstinate,'ɑbstɪnət,,"a.倔强的, 顽固的",GRE
piquant,'pikənt,,"a.开胃的, 辛辣的, 泼辣的, 兴奋的, 顽皮的, 淘气的",GRE
sear,sɪr,,"a.烤焦的, 枯萎的",GRE
recumbent,rɪ'kʌmbənt,,"a.靠着的, 斜躺着的, 不活动的, 休息的",GRE
hypercritical,'haɪpɚ'krɪtɪkl,,"a.苛评的, 吹毛求疵的",GRE
exacting,iɡ'zæktiŋ,,"a.苛求的, 严格的, 吃力的, 需付出极大耐心",GRE
cute,kjʊt,,"a.可爱的, 聪明的, 伶俐的, 装腔作势的",GRE
contemptible,kən'tɛmptəbl,,a.可鄙的,GRE
despicable,dɪ'spɪkəbl,,"a.可鄙的, 卑劣的",GRE
perceptible,pɚ'sɛptəbl,,"a.可察觉的, 显而易见的, 感觉得到的",GRE
comestible,kə'mɛstɪbl,,a.可吃的,GRE
ignominious,",ɪɡnə'mɪnɪəs",,"a.可耻的, 不光彩的, 下流的",GRE
adorable,ə'dɔrəbl,,"a.可崇拜的, 可爱的",GRE
palpable,'pælpəbl,,"a.可触知的, 明显的",GRE
abhorrent,əb'hɔrənt,,"a.可恶的, 格格不入的",GRE
exceptionable,ɪk'sepʃ(ə)nəb(ə)l; ek-,,"a.可反对的, 可抗议的, 要不得的",GRE
defeasible,dɪ'fizəbl,,a.可废止的,GRE
revocable,'revəkəbəl,,"a.可废止的, 可取消的",GRE
convertible,kən'vɝtəbl,,"a.可改变的, 自由兑换的",GRE
appreciable,ə'priʃəbl,,"a.可感知的, 可评估的",GRE
arable,'ærəbl,,"a.可耕的, 适于耕种的",GRE
ostensible,ɑ'stɛnsəbl,,"a.可公开得, (指理由等)表面的, 虚假的",GRE
feasible,'fizəbl,,"a.可行的, 切实可行的",GRE
interchangeable,",ɪntɚ'tʃendʒəbl",,a.可互换的,GRE
fungible,'fʌndʒəbl,,"a.可互换的, 代替的",GRE
presumable,pri'zjʊməbl,,a.可假定的,GRE
getatable,gɛt'ætəbl,,a.可接近的,GRE
approachable,ə'protʃəbl,,"a.可接近的, 平易近人的, 亲切的",GRE
goluptious,ɡə'lʌpʃəs,,"a.可口的, 香喷喷的, 好吃的",GRE
venial,'vinɪəl,,a.可宽恕的,GRE
intelligible,ɪn'tɛlɪdʒəbl,,a.可理解的,GRE
pathetic,pə'θɛtɪk,,"a.可怜的, 悲惨的",GRE
conceivable,kən'sivəbl,,"a.可能的, 想得到的, 可想像的",GRE
contingent,kən'tɪndʒənt,,"a.可能发生的, 附随的, 暂时的",GRE
redoubtable,rɪ'daʊtəbl,,a.可怕的,GRE
horrendous,hɔ'rendəs,,a.可怕的,GRE
direful,'daiəful,,"a.可怕的, 悲惨的",GRE
gruesome,'ɡru:səm,,"a.可怕的, 可憎的, 令人厌恶的",GRE
forbidding,fɚ'bɪdɪŋ,,"a.可怕的, 令人难亲近的",GRE
advisable,əd'vaɪzəbl,,"a.可取的, 明智的",GRE
esculent,'eskjulənt,,a.可食用的,GRE
applicable,'æplɪkəbl,,"a.可适用的, 可应用的",GRE
exorable,'eksərəbl,,"a.可说服的, 可用恳求打动的",GRE
explicable,ɪk'splɪkəbl,,"a.可说明的, 可解释的",GRE
limber,'lɪmbɚ,,a.可塑的,GRE
tunable,'tjʊnəbl,,a.可调的,GRE
negotiable,nɪ'ɡoʃɪəbl,,a.可通过谈判解决的,GRE
quizzable,,,a.可挖苦的,GRE
remediable,rɪ'midɪəbl,,a.可挽回的,GRE
tenable,'tenəb(ə)l,,a.可维持的,GRE
creditable,'krɛdɪtəbl,,a.可信的,GRE
authentic,ɔ'θɛntɪk,,a.可信的,GRE
reparable,'rɛpərəbl,,"a.可修缮的, 可赔偿的, 可恢复的",GRE
optional,'ɑpʃənl,,"a.可选择的, 随意的",GRE
negligible,'nɛɡlɪdʒəbl,,"a.可以忽略的, 不予重视的",GRE
predictable,prɪ'dɪktəbl,,a.可预言的,GRE
heinous,'henəs,,"a.可憎的, 极恶的",GRE
odious,'odɪəs,,"a.可憎的, 讨厌的",GRE
terminable,'tɜːmɪnəb(ə)l,,"a.可终止的, 有期限的",GRE
estimable,'ɛstɪməbl,,"a.可尊敬的, 可估计的, <古>可贵的, 有价值的",GRE
doable,'duəbl,,"a.可做的, 可行的",GRE
avid,",ævid",,a.渴望的,GRE
raring,'rɛrɪŋ,,"a.渴望的, 急切的",GRE
stark,stɑrk,,"a.刻板的, 十足的, 赤裸的, 荒凉的",GRE
affirmative,ə'fɝmətɪv,,"a.肯定的, (对正式辩论中的问题)表示赞成的, (态度, 方法等)积极的, 乐观的, 怀有希望的",GRE
inane,ɪ'nen,,a.空洞的,GRE
idle,'aɪdl,,"a.空闲的, 懒惰的, 停顿的, 无用的, 无价值的",GRE
chimerical,kai'miərikəl,,a.空想的,GRE
vacuous,'vækjuəs,,"a.空虚的, 茫然若失的, 无所事事的, 空洞的",GRE
airborne,'ɛr'bɔrn,,"a.空运的, 空气传播的, 空降的",GRE
grisly,'grɪzli,,"a.恐怖的, 可怕的, 令人毛骨悚然的",GRE
macabre,məˈkɑbrə,,"a.恐怖的, 令人毛骨悚然的, 以死亡为主题的",GRE
scared,skɛrd,,a.恐惧的,GRE
glib,glɪb,,"a.口齿伶俐的, 油腔滑调的",GRE
nuncupative,nʌŋ'kjʊpətɪv,,a.口述的,GRE
sapless,'sæplis,,a.枯萎的,GRE
wizened,'wizənd,,"a.枯萎的, 消瘦的",GRE
broiling,'brɔiliŋ,,"a.酷热的, 炽热的, 似烧的",GRE
bombastic,bɑm'bæstɪk,,"a.夸大的, 言过其实的",GRE
grandiloquent,ɡræn'diləkwənt,,"a.夸张的, 浮夸的, 夸大的",GRE
jovial,'dʒovɪəl,,"a.快活的, 高兴的, 愉快的, [宗](主神)朱庇特的",GRE
bouncy,'baʊnsi,,"a.快活的, 精神的, 有弹性的, 自大的",GRE
hedonistic,",hidə'nɪstɪk",,"a.快乐主义者的, 快乐论的, 快乐主义的",GRE
commodious,kə'modɪəs,,a.宽敞的,GRE
lenient,'linɪənt,,"a.宽大的, 仁慈的, 慈悲为怀的",GRE
bounteous,'baʊntɪəs,,"a.宽宏大量的, 慷慨的",GRE
magnanimous,mæɡ'nænɪməs,,"a.宽宏大量的, 有雅量的",GRE
munificent,mju'nɪfɪsnt,,"a.宽宏的, 慷慨的",GRE
turbulent,'tɝbjələnt,,"a.狂暴的, 吵闹的",GRE
rabid,'ræbid,,"a.狂暴的, 激烈的, 患有狂犬病的",GRE
boisterous,'bɔɪstərəs,,"a.狂暴的, 喧闹的",GRE
frantic,'fræntɪk,,"a.狂乱的, 疯狂的",GRE
infuriate,ɪn'fjʊrɪet,,a.狂怒的,GRE
perplexed,pɚ'plɛkst,,"a.困惑的, 不知所措的",GRE
destitute,'dɛstə'tʊt,,"a.困穷的, 缺乏的",GRE
patulous,'pætjʊləs,,"a.扩展的, 张开的",GRE
otherworldly,'ʌðɚ'wɝldli,,"a.来世的, 修来世的, 专注于精神方面的",GRE
indolent,'ɪndələnt,,"a.懒惰的, 不痛的",GRE
slovenly,'slʌvnli,,"a.懒散的, 不修边幅的",GRE
floppy,'flɑpi,,"a.懒散的, 邋遢的, 松软的",GRE
lackadaisical,",lækə'dezɪkl",,a.懒洋洋的,GRE
lupine,'lju:pin,,"a.狼的, 凶猛的",GRE
voracious,və'reʃəs,,"a.狼吞虎咽的, 贪婪的",GRE
prodigal,'prɑdɪɡl,,a.浪费的,GRE
senescent,sə'nɛsnt,,"a.老了的, 衰老了的",GRE
wily,'waɪli,,a.老谋深算的,GRE
senile,'sinaɪl,,"a.老年的, 高龄的, 衰老的",GRE
accommodating,ə'kɑmədetɪŋ,,"a.乐于助人的, 随和的, 善于适应新环境的",GRE
analogous,ə'næləɡəs,,"a.类似的, 相似的, 可比拟的",GRE
prismy,'prizmi,,"a.棱柱的, 五光十色的",GRE
standoffish,"stænd'ɔfiʃ, -ɔ:f",,a.冷淡的,GRE
nonchalant,",nɑnʃə'lɑnt",,a.冷淡的,GRE
lukewarm,",lʊk'wɔm",,a.冷淡的,GRE
sober,'sobɚ,,a.冷静的,GRE
dispassionate,dɪs'pæʃənət,,"a.冷静的, 不带感情的, 平心静气的",GRE
hardheaded,'hɑ:d'hedid,,"a.冷静的, 脚踏实地的, 无懈可击的, 顽固的",GRE
phlegmatic,flɛɡ'mætɪk,,"a.冷静的,冷淡的",GRE
obdurate,'ɑbdərət,,"a.冷酷无情的, 顽固的, 执拗的",GRE
offish,'ɔfɪʃ,,a.冷漠的,GRE
impassive,ɪm'pæsɪv,,a.冷漠的,GRE
pococurante,",pokokʊ'rænti",,"a.冷漠的的, 漠不关心的",GRE
uncanny,ʌn'kæni,,a.离奇的,GRE
quaint,kwent,,"a.离奇有趣的, 奇怪的, 做得很精巧的",GRE
centrifugal,sɛn'trɪfjəgl,,a.离心的,GRE
liturgical,lɪ'tɜːdʒɪk(ə)l,,a.礼拜式的,GRE
percipient,pə'sɪpɪənt,,a.理解的,GRE
exceptional,ɪk'sɛpʃənl,,"a.例外的, 异常的",GRE
paradigmatic,",pærədɪg'mætɪk",,a.例证的,GRE
cursive,'kɝsɪv,,"a.连接的(尤指字迹), 草书的, 草书体的",GRE
sequential,sɪ'kwɛnʃl,,"a.连续的, 相续的, 有继的, 有顺序的, 结果的",GRE
hectic,'hɛktɪk,,"a.脸上发红, 发热的, 兴奋的, 狂热的, 肺病的",GRE
rimose,raɪ'mos,,a.裂缝的,GRE
vicinal,'vɪsnəl,,a.邻近的,GRE
adjacent,ə'dʒesnt,,"a.邻近的, 接近的",GRE
contiguous,kən'tɪɡjuəs,,"a.邻近的, 接近的, 毗边的",GRE
provisional,prə'vɪʒənl,,a.临时的,GRE
parsimonious,",pɑrsə'monɪəs",,"a.吝啬的, 节俭的",GRE
penurious,pi'njuəriəs,,"a.吝啬的, 缺乏的",GRE
niggardly,'nɪɡɚdli,,"a.吝啬的, 小气的",GRE
stingy,'stɪndʒi,,"a.吝啬的, 小气的, 缺乏的, 有刺的",GRE
dexterous,'dɛkstrəs,,"a.灵巧的, 惯用右手的",GRE
sporadic,spə'rædɪk,,a.零星的,GRE
sidesplitting,"'saɪd,splɪtɪŋ",,a.令人捧腹大笑的,GRE
rebarbative,ri'bɑ:bətiv,,a.令人讨厌的,GRE
poignant,'pɔɪnjənt,,"a.令人痛苦的, (味觉、嗅觉方面)刺激的、辛辣的, 尖锐的, 剧烈的",GRE
exhilarating,ɪɡ'zɪləretɪŋ,,"a.令人喜欢的, 爽快的, 使人愉快的",GRE
revolting,rɪ'voltɪŋ,,a.令人厌恶的,GRE
mawkish,'mɔ:kiʃ,,a.令人厌恶的,GRE
irksome,'ɝksəm,,"a.令人厌恶的, 讨厌的, 令人厌烦的",GRE
smarmy,'smɑrmi,,"a.令人厌烦的, 爱说奉承话的, 虚情假意的",GRE
grievous,'ɡrivəs,,a.令人忧伤的,GRE
appalling,ə'pɔlɪŋ,,"a.令人震惊的, 骇人听闻的",GRE
epidemic,",ɛpɪ'dɛmɪk",,"a.流行的, 传染的, 流行性",GRE
modish,'modɪʃ,,"a.流行的, 时髦的",GRE
vagabond,'væɡəbɑnd,,"a.流浪的, 漂泊的, 浪荡的, 流浪者的",GRE
roguish,'roɡɪʃ,,"a.流氓的, 无赖的",GRE
meteoric,",mitɪ'ɔrɪk",,"a.流星的, 疾速的, 大气的, 辉煌而短暂的",GRE
vitriolic,",vɪtrɪ'ɑlɪk",,"a.硫酸的, 象硫酸的, 刻薄的, 讽刺的",GRE
stepwise,'stɛpwaɪz,,"a.楼梯式的, 逐步的",GRE
terrestrial,tə'rɛstrɪəl,,a.陆地,GRE
cervine,'sɝvaɪn,,"a.鹿的, 鹿一样的",GRE
seamy,'simi,,"a.露出线缝的, 丑恶的",GRE
astigmatic,",æstɪg'mætɪk",,"a.乱视的, 散光的,纠正散光的",GRE
rapacious,rə'peʃəs,,"a.掠夺的, 贪婪的",GRE
pontifical,pɑn'tɪfɪkl,,"a.罗马教皇的, 主教的, 大祭司的",GRE
spiral,'spaɪrəl,,a.螺旋形的,GRE
helical,'hɛlɪkl,,a.螺旋状的,GRE
nude,nud,,"a.裸体的, 裸的, 与生俱有的, 无装饰的",GRE
asinine,'æsɪnaɪn,,"a.驴的, 象驴一样的, 愚蠢的",GRE
torpid,'tɔrpɪd,,"a.麻痹的, 迟缓的, 迟钝的, [动]蛰伏的",GRE
numb,nʌm,,a.麻木的,GRE
equine,'ikwaɪn,,"a.马的, 象马的",GRE
perfunctory,pɚ'fʌŋktəri,,a.马马虎虎的,GRE
bawdy,'bɔdi,,"a.卖淫的, 妓女的, 好色的",GRE
outrageous,aʊt'redʒəs,,"a.蛮横的, 残暴的, 无耻的, 可恶的, 令人不可容忍的",GRE
slipshod,'slɪpʃɑd,,a.漫不经心的,GRE
rambling,'ræmblɪŋ,,"a.漫步的, 散漫的, 流浪性的",GRE
peddling,'pɛdlɪŋ,,"a.忙于琐事的, 无关紧要的",GRE
sequacious,sɪ'kweʃəs,,a.盲从的,GRE
feline,'filaɪn,,"a.猫的, 猫科的, 猫一样的",GRE
ambivalent,æm'bɪvələnt,,"a.矛盾的, 好恶相克的",GRE
sacrilegious,",sækrɪ'lɪdʒəs",,"a.冒渎的, 该受天谴的",GRE
ebullient,ɪ'bʌlɪənt,,"a.冒泡的, 沸腾的, 热情的, 热情洋溢的",GRE
slouching,'slautʃiŋ,,"a.没精打采的, 懒散的",GRE
infallible,ɪn'fæləbl,,"a.没有错误的, 确实可靠的",GRE
unguarded,ʌn'ɡɑrdɪd,,a.没有防备的,GRE
incult,ɪn'kʌlt,,"a.没有开垦的, 没有耕种的, 没有教养的",GRE
unfounded,ʌn'faʊndɪd,,"a.没有理由的,未建立的",GRE
intestate,ɪn'tɛstet,,"a.没有立下遗嘱的, 不能根据遗嘱处分的",GRE
impeccable,ɪm'pɛkəbl,,"a.没有缺点的, 不会做坏事的",GRE
unscathed,ʌn'skeðd,,"a.没有受伤的, 未受伤的",GRE
insipid,ɪn'sɪpɪd,,"a.没有味道的, 平淡的",GRE
smutty,'smʌti,,a.煤黑的,GRE
deciduous,dɪ'sɪdʒuəs,,"a.每年落叶的, 非永久性的",GRE
quotidian,kwo'tɪdɪən,,"a.每日的, 每日发作的, 平凡的, 日常的",GRE
diurnal,daɪ'ɝnl,,"a.每日的, 一日间的, 白天的",GRE
pulchritudinous,",pʌlkrɪ'tjuːdɪnəs",,"a.美貌的, 标致的(常用作诙谐的夸张词)",GRE
palatable,'pælətəbl,,a.美味的,GRE
appetizing,'æpə'taɪzɪŋ,,"a.美味可口的, 促进食欲的",GRE
muggy,'mʌɡi,,a.闷热的,GRE
sultry,'sʌltri,,"a.闷热的, 粗暴的, 激烈的, 放荡的",GRE
sweltering,'swɛltərɪŋ,,"a.闷热的, 中暑的, 酷热的",GRE
winsome,'wɪnsəm,,a.迷人的,GRE
enchanting,ɪn'tʃæntɪŋ,,"a.迷人的, 迷惑的, 妩媚的",GRE
intriguing,ɪn'triɡɪŋ,,"a.迷人的, 有迷惑力的, 引起兴趣(或好奇心)的",GRE
fascinating,'fæsɪnetɪŋ,,"a.迷人的, 醉人的, 着魔的",GRE
enigmatic,'ɛnɪg'mætɪk,,"a.谜一般的, 高深莫测的",GRE
underhanded,'ʌndɚ'hændɪd,,a.秘密的,GRE
clandestine,klæn'dɛstɪn,,a.秘密的,GRE
cryptic,'krɪptɪk,,"a.秘密的, 含义模糊的, 神秘的, 隐藏的",GRE
secretarial,'sɛkrə'tɛrɪəl,,"a.秘书的, 书记的",GRE
airtight,'ɛrtaɪt,,"a.密封的, 无懈可击的",GRE
hermetic,hɝ'mɛtɪk,,"a.密封的, 与外界隔绝的",GRE
serried,'sɛrɪd,,"a.密集的, 林立的, 重叠罗列的",GRE
gratuitous,ɡrə'tuɪtəs,,"a.免费的, 无理由的",GRE
immune,ɪ'mjʊn,,a.免疫的,GRE
coy,kɔɪ,,"a.腼腆的, 怕羞的, 卖弄风情的",GRE
pasty,'pæsti,,"a.面糊似的, 浆状的, 苍白的",GRE
svelte,sfɛlt,,"a.苗条的, 体态娇美的",GRE
nimble,'nɪmbl,,a.敏捷的,GRE
zippy,'zɪpi,,"a.敏捷的, 活泼的",GRE
deft,deft,,"a.敏捷熟练的, 灵巧的",GRE
acute,ə'kjut,,"a.敏锐的, [医]急性的, 剧烈",GRE
penetrating,'pɛnɪtretɪŋ,,"a.敏锐的, 明察秋毫的, (指声音、喊叫等)尖锐的",GRE
nominal,'nɑmɪnl,,"a.名义上的, 有名无实的, 名字的, [语]名词性的",GRE
raffish,'ræfɪʃ,,"a.名誉不好的, 卑鄙的, 艳俗的",GRE
overt,o'vɝt,,"a.明显的, 公然的",GRE
judicious,dʒu'dɪʃəs,,a.明智的,GRE
querulous,'kwɛrələs,,"a.鸣不平的, 发牢骚的, 易怒的, 暴躁的",GRE
mandatory,'mændətɔri,,"a.命令的, 强制的, 托管的",GRE
fallacious,fə'leʃəs,,"a.谬误的, 靠不住的, 虚妄的, 令人失望的, 虚伪的, 使人误解的, 不合理的",GRE
mimic,'mɪmɪk,,"a.模仿的, 假装的, [生]拟态的",GRE
indefinite,ɪn'dɛfɪnət,,"a.模糊的, 不确定的, [语]不定的",GRE
molar,'molɚ,,"a.磨碎的, 臼齿的, 质量的, [化][物]摩尔的",GRE
mercurial,mɝ'kjʊrɪəl,,"a.墨丘利神的, 水星的, 雄辩机智的, 活泼善变的, 水银的",GRE
ruminative,'rumɪnetɪv,,"a.默想的, 沉思的",GRE
tacit,'tæsɪt,,a.默许的,GRE
acquiescent,",ækwɪ'ɛsənt",,"a.默许的, 默从的",GRE
ligneous,'lɪgnɪəs,,a.木质的,GRE
bucolic,bjuːˈkɑːlɪk,,"a.牧羊的, 牧歌的, 田园风味的",GRE
virile,'vɪrəl,,"a.男性的, 男的, 有男子气概的, 精力充沛的",GRE
illegible,ɪ'lɛdʒəbl,,"a.难辨认的, 字迹模糊的",GRE
intractable,ɪn'træktəbl,,a.难处理的,GRE
hardy,'hɑːdɪ,,"a.难的, 艰苦的，勇敢的",GRE
elusive,ɪ'lusɪv,,"a.难懂的, 难捉摸的, 易忘的",GRE
ungainly,ʌn'ɡenli,,"a.难看的, 不象样的, 笨拙的",GRE
restive,'rɛstɪv,,a.难控制的,GRE
refractory,rɪ'fræktəri,,"a.难控制的, 难熔的",GRE
fastidious,fæ'stɪdɪəs,,"a.难取悦的, 挑剔的, 苛求的, (微生物等)需要复杂营养地",GRE
indiscernible,",ɪndɪ'sɜːnɪb(ə)l",,"a.难识别的, 看不见的",GRE
indocile,in'dəusail,,a.难驯服的,GRE
inscrutable,ɪn'skrʊtəbl,,"a.难以了解的, 不能预测的",GRE
intangible,ɪn'tændʒəbl,,"a.难以明了的, 无形的",GRE
insufferable,ɪn'sʌfrəbl,,a.难以忍受的,GRE
impenetrable,ɪm'pɛnɪtrəbl,,a.难以渗透的,GRE
indescribable,",ɪndɪ'skraɪbəbl",,a.难以形容的,GRE
cerebral,sə'ribrəl,,"a.脑的, 大脑的",GRE
intestine,ɪn'tɛstɪn,,"a.内部的, 国内的",GRE
inbound,'ɪnbaʊnd,,"a.内地的, 归航的",GRE
immanent,'ɪmənənt,,"a.内在的, 固有的, [宗](上帝)无所不在的",GRE
tender,'tɛndɚ,,"a.嫩的, 温柔的, 软弱的",GRE
adaptable,ə'dæptəbl,,"a.能适应的, 可修改的",GRE
bilingual,'baɪ'lɪŋgwəl,,a.能说两种语言的,GRE
risible,'rɪzəbl,,"a.能笑的, 爱笑的, 可笑的, 滑稽的",GRE
viable,'vaiəbl,,"a.能养活的, 能生育的, 可行的",GRE
miry,'maiəri,,a.泥泞的,GRE
anonymous,ə'nɑnəməs,,a.匿名的,GRE
callow,'kælo,,"a.年轻而无经验的, (鸟)未生羽毛的",GRE
wry,raɪ,,"a.扭歪的, 歪曲的, 歪斜的",GRE
tortile,'tɔt'tɪl,,"a.扭转的, 弯曲的",GRE
boorish,'bʊrɪʃ,,"a.农民的, 乡土气的, 粗野的, 粗鄙的",GRE
servile,sɝ​vl,,"a.奴隶的, 奴性(态)的, 卑屈的",GRE
snug,snʌɡ,,a.暖和的,GRE
pusillanimous,",pjusɪ'lænɪməs",,"a.懦弱的, 胆小的, 优柔寡断的",GRE
sibylline,'sɪbɪlaɪn,,"a.女巫的, 预言性的",GRE
adventitious,",ædvɛn'tɪʃəs",,"a.偶然的, 外来的",GRE
fortuitous,fɔr'tuɪtəs,,"a.偶然的, 幸运的",GRE
repellent,rɪ'pɛlənt,,a.排斥的,GRE
exclusive,ɪk'sklusɪv,,"a.排外的, 孤高的, 唯我独尊的, 独占的, 唯一的, 高级的",GRE
staggering,'stæɡərɪŋ,,"a.蹒跚的, 摇晃的, 另人惊愕的",GRE
unkempt,",ʌn'kɛmpt",,"a.蓬乱的, 粗野的, 不整洁的",GRE
inflated,ɪn'fletɪd,,"a.膨胀的, 夸张的, 通货膨胀的",GRE
muff,mʌf,,"a.皮手笼, 保温的, 笨拙的人, 接球失败",GRE
hypodermic,",haɪpə'dəmɪk",,"a.皮下的, 皮下注射用的, 皮下组织的",GRE
whacked,wækt,,"a.疲惫不堪的, 困乏的",GRE
jaded,'dʒedɪd,,"a.疲倦不堪的, 厌倦的",GRE
poohed,pu:d,,a.疲倦的,GRE
languid,'læŋɡwid,,"a.疲倦的, 无力的, 没精打采的",GRE
crank,kræŋk,,"a.脾气暴燥的, 易怒的",GRE
splenetic,splə'nɛtɪk,,a.脾气坏的,GRE
cantankerous,kæn'tæŋkərəs,,"a.脾气坏的, 爱吵架的, 刚愎的, 任性的",GRE
petulant,'pɛtʃələnt,,"a.脾气坏的, 使性子的",GRE
grumpy,'ɡrʌmpi,,"a.脾气坏的, 性情乖戾的, 脾气暴躁的",GRE
narky,'nɑ:ki,,"a.脾气坏的, 易生气的",GRE
devious,'divɪəs,,"a.偏僻的, 迂回的, 曲折的",GRE
personable,'pɜːs(ə)nəb(ə)l,,a.漂亮的,GRE
bonny,'bɔnɪ,,"a.漂亮的, 健美的",GRE
indigent,'ɪndɪdʒənt,,"a.贫乏的, 穷困的",GRE
sterile,'stɛrəl,,"a.贫脊的, 不育的, 不结果的, 消过毒的, 毫无结果的",GRE
necessitous,nə'sɛsɪtəs,,a.贫困的,GRE
even,'ivən,,"a.平的, 平滑的, 偶数的, 一致的, 平静的, 恰好的, 平均的, 连贯的",GRE
egalitarian,ɪ'gælə'tɛrɪən,,a.平等主义的,GRE
banal,bə'nɑl,,"a.平凡的, 陈腐的, 老一套的",GRE
glossy,'ɡlɑsi,,"a.平滑的, 有光泽的",GRE
placid,'plæsɪd,,a.平静的,GRE
reposeful,ri'pəuzful,,"a.平稳的, 沉着的",GRE
matey,'meti,,"a.平易近人的, 友好的",GRE
insolvent,ɪn'sɑlvənt,,a.破产的,GRE
defamatory,dɪ'fæmətɔri,,"a.破坏名誉的, 诽谤的",GRE
devastating,'devəsteitiŋ,,"a.破坏性的, 全然的",GRE
tatty,'tæti,,"a.破旧的, 褴褛的, 不值钱的",GRE
shabby,ˈʃæbi,,"a.破旧的, 褴褛的, 低劣的, 卑鄙的, 不公平的",GRE
tattered,'tætɚd,,"a.破烂的, 褴褛的",GRE
menial,'minjəl,,a.仆人的,GRE
artless,'ɑrtləs,,a.朴实的,GRE
rife,raɪf,,a.普遍的,GRE
prevalent,'prɛvələnt,,"a.普遍的, 流行的",GRE
pervasive,pɚ'vesɪv,,a.普遍深入的,GRE
mediocre,",midɪ'okɚ",,a.普普通通的,GRE
beguiling,bi'ɡailiŋ,,"a.欺骗的, 消遣的",GRE
fraudulent,'frɔdʒələnt,,"a.欺诈的, 欺骗性的, 骗得的",GRE
grotesque,gro'tɛsk,,"a.奇形怪状的, 奇异",GRE
bizarre,bɪ'zɑr,,"a.奇异的(指态度,容貌,款式等)",GRE
mendicant,'mɛndɪkənt,,a.乞丐的,GRE
apocalyptic,ə'pɑkə'lɪptɪk,,"a.启示录的, 天启的",GRE
psychedelic,'saɪkə'dɛlɪk,,"a.起幻觉的, 迷幻的",GRE
bullate,'bʊlɪt,,"a.起水泡的, 肿胀的",GRE
insurgent,ɪn'sɝdʒənt,,a.起义的,GRE
downcast,'daʊnkæst,,"a.气馁的, 悲哀的, 沮丧的, (眼睛)向下看的",GRE
livid,'lɪvɪd,,"a.铅色的, （被打得）青紫色的",GRE
unassuming,'ʌnə'sʊmɪŋ,,"a.谦逊的, 不装腔作势的",GRE
anterior,æn'tɪrɪɚ,,"a.前面的, 在前的",GRE
numismatic,",numɪz'mætɪks",,"a.钱币的, 奖章的, 钱币学的",GRE
latent,'letnt,,"a.潜在的, 潜伏的, 隐藏的",GRE
unadvised,",ʌnəd'vaɪzd",,"a.欠思虑的, 轻率的, 未曾受到劝告的",GRE
formidable,'fɔrmɪdəbl,,"a.强大的, 令人敬畏的, 可怕的, 艰难的",GRE
sturdy,'stɝdi,,"a.强健的, 坚定的, 毫不含糊的",GRE
spanking,'spæŋkɪŋ,,"a.强烈的, 疾行的",GRE
obtrusive,əb'trusɪv,,"a.强迫人的, 突出的, 鲁莽的, 令人厌恶的, 过分炫耀的",GRE
cogent,'kodʒənt,,"a.强有力的, 使人信服的, 使人首肯的, 恰到好处的",GRE
compelling,kəm'pɛlɪŋ,,"a.强制的, 强迫的, 引人注目的",GRE
compulsive,kəm'pʌlsɪv,,"a.强制的, 强迫的, 由强迫产生的, 禁不住的",GRE
hale,heɪl,,"a.强壮的, 健壮的（尤指老人）, 矍铄的",GRE
sinewy,'sɪnjui,,a.强壮有力的,GRE
mural,'mjʊrəl,,a.墙壁上的,GRE
gaunt,ɡɔ:nt,,a.憔悴的,GRE
nifty,'nɪfti,,"a.俏皮的, 极好的",GRE
tangible,'tændʒəbl,,a.切实的,GRE
tangential,tæn'dʒɛnʃl,,a.切线的,GRE
recreant,'rɛkrɪənt,,a.怯懦的,GRE
affectionate,ə'fɛkʃənət,,"a.亲爱的, 挚爱的",GRE
conversant,kən'vɝsnt,,"a.亲近的, 有交情的, 熟悉的",GRE
intimate,ˈɪntəmɪt,,"a.亲密的, 隐私的",GRE
genial,'dʒinɪəl,,a.亲切的,GRE
amiable,'emɪəbl,,"a.亲切的, 和蔼可亲的",GRE
obliging,ə'blaɪdʒɪŋ,,"a.亲切的, 有礼貌的, 愿意帮人忙的",GRE
assiduous,ə'sidjuəs,,"a.勤勉的, 刻苦的",GRE
juvenile,'dʒʊvənaɪl,,"a.青少年的, 幼稚的",GRE
portable,'pɔrtəbl,,"a.轻便的, 手提(式)的, 便携式的",GRE
ethereal,ɪ'θɪrɪəl,,"a.轻的, 天上的, 象空气的",GRE
sprightly,'spraɪtli,,a.轻快的,GRE
disdainful,dɪs'denfl,,"a.轻蔑的, 倨傲的",GRE
coltish,'koltɪʃ,,"a.轻佻的, 不受拘束的, 小马似的",GRE
frivolous,'frɪvələs,,"a.轻佻的, 琐碎的, 妄动的",GRE
credulous,'krɛdʒələs,,a.轻信的,GRE
prone,pron,,a.倾向于,GRE
gradient,'ɡredɪənt,,a.倾斜的,GRE
oblique,ə'blik,,"a.倾斜的, 间接的, 不坦率的, 无诚意的",GRE
unspotted,",ʌn'spɔtid",,a.清白的,GRE
limpid,'lɪmpɪd,,a.清澈的,GRE
puritanical,'pjʊrə'tænɪkl,,"a.清教徒的, 严格的",GRE
legible,'lɛdʒəbl,,"a.清晰的, 易读的",GRE
comely,'kʌmli,,"a.清秀的, 标致的",GRE
festive,'fɛstɪv,,"a.庆祝的, 喜庆的, 欢乐的, 节日似",GRE
subservient,səb:sə:viənt,,"a.屈从的, 有帮助的, 有用的, 奉承的",GRE
faddish,'fædɪʃ,,"a.趋于时尚的, 流行的, 风行的",GRE
curvaceous,kɝ'veʃəs,,"a.曲线美的, 肉体美的",GRE
tortuous,'tɔrtʃuəs,,"a.曲折的, 转弯抹角的",GRE
indelible,ɪn'dɛləbl,,"a.去不掉的, 不能拭除的",GRE
authoritative,ə'θɔrətetɪv,,"a.权威的, 有权威的, 命令的",GRE
pandemic,pæn'dɛmɪk,,a.全国流行的,GRE
comprehensive,ˌkɑːmprɪˈhensɪv,,"a.全面的, 广泛的, 能充分理解的, 包容的",GRE
omnipotent,ɑm'nɪpətənt,,"a.全能的, 无所不能的",GRE
bedraggled,bɪ'dræɡld,,"a.全身泥污的, 湿透的, 荒废的",GRE
rapt,ræpt,,a.全神贯注的,GRE
devoid,dɪ'vɔɪd,,"a.全无的, 缺乏的",GRE
disparate,'dɪspərət,,a.全异的,GRE
omniscient,ɑm'nɪsɪənt,,"a.全知的, 无所不知的",GRE
admonitory,əd'mɔnitəri,,a.劝告的,GRE
hortative,'hɔ:tətiv,,"a.劝告的, 鼓励的, 忠告的, 奖励的",GRE
edentulous,ɪ'dentjʊləs,,a.缺齿的,GRE
scant,skænt,,"a.缺乏的,不足的,将近的,欠缺的",GRE
apathetic,",æpə'θɛtɪk",,"a.缺乏兴趣的, 缺乏感情的, 无动于衷的",GRE
jejune,dʒɪ'dʒun,,"a.缺乏营养的, 贫瘠的, 无兴趣的, 不成熟的",GRE
entrenched,ɪn'tren(t)ʃt; en-,,a.确立的，不容易改的（风俗习惯）,GRE
assured,ə'ʃʊrd,,"a.确实的, 确定的",GRE
corroborant,kə'rɑbərənt,,"a.确证的, 使强固的",GRE
garrulous,'ɡærələs,,"a.饶舌的, 啁啾的, 多嘴的",GRE
torrid,'tɔrɪd,,a.热带的,GRE
hot,hɑt,,"a.热的, 热情的, 辣的, 激动的, 紧迫的, 节奏强的",GRE
solicitous,sə'lɪsɪtəs,,a.热切期望的,GRE
impassioned,ɪm'pæʃnd,,a.热情洋溢的,GRE
thermoplastic,",θɝmo'plæstɪk",,a.热塑性的,GRE
zealous,'zɛləs,,a.热心的,GRE
ardent,'ɑrdnt,,"a.热心的, 热情洋溢的, 激烈的, 燃烧般的",GRE
unfrequented,",ʌnfrɪ'kwɛntɪd",,a.人迹罕到的,GRE
populous,'pɑpjələs,,"a.人口多的, 人口稠密的",GRE
contrived,kən'traɪvd,,"a.人为的, 做作的",GRE
factitious,fæk'tɪʃəs,,"a.人为的, 做作的, 不自然的",GRE
humane,hju'men,,a.仁慈的,GRE
charitable,'tʃærətəbl,,"a.仁慈的, (为)慈善事业的,宽恕的",GRE
forbearing,fɔr'bɛrɪŋ,,"a.忍耐的, 宽容的",GRE
cranky,'kræŋki,,"a.任性的, 暴躁的, [航海]摇荡不稳的, 怪僻的",GRE
willful,'wɪlfəl,,"a.任性的, 故意的",GRE
arbitrary,ˈɑːrbətreri,,"a.任意的, 武断的, 独裁的, 专断的",GRE
fluffy,'flʌfi,,"a.绒毛似的, 披着绒毛的, 蓬松的, 愚蠢的",GRE
capacious,kə'peʃəs,,"a.容积大的, 宽敞的, 广阔的",GRE
maneuverable,mə'nu:vərəbl,,"a.容易操作的, 有机动性的",GRE
effortless,'ɛfɚtləs,,"a.容易的, 不费力气的",GRE
cushy,'kuʃi,,"a.容易的, 轻松而容易赚钱的",GRE
perishable,'pɛrɪʃəbl,,a.容易腐烂的,GRE
tippy,'tipi,,"a.容易倾斜的, 不安定的, <英>头等的, 漂亮的, (毛织品)多绒尖的",GRE
impressionable,ɪm'prɛʃənəbl,,"a.容易受感动的, 敏感的",GRE
solvent,'sɑlvənt,,"a.溶解的, 有偿付能力的, 有溶解力",GRE
pleonastic,",pli:ə'næstik",,"a.冗言的, 重复的",GRE
prolix,'prolɪks,,"a.冗长的, 说话罗嗦的",GRE
flexible,'flɛksəbl,,"a.柔韧性, 易曲的, 灵活的, 柔软的, 能变形的, 可通融的",GRE
lissom,'lisəm,,a.柔软的（人体）,GRE
supple,'sʌpl,,"a.柔软的, 逢迎的, 顺从的",GRE
limp,lɪmp,,"a.柔软的, 易曲的",GRE
effeminate,ɪ'fɛmɪnət,,"a.柔弱的, 女人气的, 娇气的",GRE
somatic,so'mætɪk,,a.肉体的,GRE
sensual,'sɛnʃuəl,,"a.肉欲的, 色情的, 世俗的, 感觉的, 感觉论的",GRE
encyclopedic,ɪn'saɪklə'pidɪk,,"a.如百科辞典的, 百科全书式的",GRE
waspish,'wɑspɪʃ,,"a.如黄蜂的, 腰细的, 易怒的, 尖刻的",GRE
mellifluous,mɛ'lɪfluəs,,"a.如蜜般的, 流畅的",GRE
opalescent,'opə'lɛsnt,,a.乳白色的,GRE
lactic,'læktɪk,,"a.乳的, 乳汁的",GRE
flaccid,'flæsɪd,,"a.软弱的, 无活力的, 没气力的",GRE
odoriferous,",odə'rɪfərəs",,"a.散发气味的, 臭的",GRE
dishevelled,di'ʃevəld,,"a.散乱的, 蓬乱的",GRE
discursive,dɪs'kɝsɪv,,"a.散漫的, 不得要领的",GRE
desultory,'dɛsəltɔri,,"a.散漫的, 不连贯的, 断断续续的",GRE
prosaic,prə'zeɪk,,"a.散文的, 散文体的, 平凡的",GRE
raucous,'rɔkəs,,a.沙哑的,GRE
cismontane,sis'mɔntein,,a.山脉的这边的,GRE
provocative,prə'vɑkətɪv,,a.煽动的,GRE
seditious,sɪ'dɪʃəs,,"a.煽动性的, 妨害治安的",GRE
receptive,rɪ'sɛptɪv,,"a.善于接受的, 能接纳的",GRE
concerted,kən'sɝtɪd,,"a.商议定的, 协定的, [乐]协调的",GRE
ascensive,ɑs'tɛnsɪv,,"a.上升的, 进步的, 强调的",GRE
addictive,ə'dɪktɪv,,a.上瘾的,GRE
sumptuous,'sʌmptʃuəs,,"a.奢侈的, 华丽的",GRE
extravagant,ɪk'strævəgənt,,"a.奢侈的, 浪费的, 过分的, 放纵的",GRE
sybaritic,",sɪbə'rɪtɪk",,"a.奢侈逸乐的, 柔弱的",GRE
colubrine,'kɔljubrain,,"a.蛇的, 蛇似的",GRE
snaky,'sneki,,"a.蛇一般的, 弯弯曲曲的, 阴险的, 多蛇的",GRE
gregarious,grɪ'gɛrɪəs,,"a.社交的, 群居的",GRE
corporate,ˈkɔːrpərət,,"a.社团的, 法人的, 共同的, 全体的",GRE
esoteric,",ɛsə'tɛrɪk",,a.深奥,GRE
recondite,'rɛkəndaɪt,,"a.深奥的, 隐藏的, 晦涩的",GRE
abysmal,ə'bɪzməl,,"a.深不可测的, 无底的",GRE
fathomless,'fæðəmlis,,"a.深不可测的, 无法计量, 无法了解的",GRE
contrite,kən'traɪt,,"a.深感懊悔的, 由悔悟引起的",GRE
rancorous,'ræŋkərəs,,"a.深恨的, 怀恶意的",GRE
incisive,ɪn'saɪsɪv,,"a.深刻的, 尖锐的, 激烈的",GRE
deliberate,dɪ'lɪbərət,,"a.深思熟虑的, 故意的, 预有准备的",GRE
charismatic,",kærɪz'mætɪk",,"a.神赐能力的, 超凡魅力的",GRE
sacred,'sekrɪd,,"a.神的, 宗教的, 庄严的, 神圣的",GRE
nervous,'nɝvəs,,"a.神经紧张的, 不安的, 强健有力的",GRE
arcane,ɑr'ken,,"a.神秘的, 不可思议的",GRE
occult,ə'kʌlt,,"a.神秘的, 玄妙的, 不可思议的, 超自然的",GRE
inviolable,ɪn'vaɪələbl,,"a.神圣的, 不可亵渎的, 不可侵犯的",GRE
hallowed,'hælod,,"a.神圣化的, 神圣的",GRE
oracular,ə'rækjəlɚ,,"a.神谕的, 谜似的",GRE
delirious,dɪ'lɪrɪəs,,"a.神志昏迷的, 不省人事的, 发狂的",GRE
renal,'rinl,,"a.肾脏的, 肾的",GRE
circumspect,'sɝkəm'spɛkt,,"a.慎重的, 周到的",GRE
irate,aɪ'ret,,"a.生气, 发怒的",GRE
huffish,'hʌfiʃ,,"a.生气的, 不高兴的, 发怒的, 傲慢的",GRE
sulky,'sʌlki,,"a.生气的, 阴沉的",GRE
fecund,'fikənd,,"a.生殖力旺盛的, 多产的, 丰饶的, 肥沃的",GRE
disreputable,dɪs'rɛpjətəbl,,"a.声名狼藉的, 破烂不堪的",GRE
notorious,no'tɔrɪəs,,a.声名狼籍的,GRE
infamous,'ɪnfəməs,,a.声名狼籍的,GRE
stentorian,stɛn'tɔrɪən,,a.声音洪亮的,GRE
provincial,prə'vɪnʃl,,a.省的,GRE
residual,rɪ'zɪdʒuəl,,"a.剩余的, 残留的",GRE
impolitic,ɪm'pɑlətɪk,,"a.失策的, 不得当的, 不审慎的, 没见识的",GRE
discourteous,dɪs'kɝtɪəs,,"a.失礼的, 无礼貌的",GRE
leonine,'liənaɪn,,"a.狮子的, 狮子般的",GRE
clammy,'klæmi,,"a.湿粘的, 湿冷的",GRE
foolproof,'fulpruf,,"a.十分简单的, 十分安全的, 极坚固的",GRE
temporal,'tɛmpərəl,,"a.时间的, 当时的, 暂时的, 现世的, 世俗的, [解]颞的",GRE
discriminating,dɪ'skrɪmɪnetɪŋ,,"a.识别的, 有差别的, 有识别力的",GRE
executive,ɪɡ'zɛkjətɪv,,"a.实行的, 执行的, 行政的",GRE
herbivorous,'hɝbɪvərəs,,a.食草的,GRE
carnivorous,kɑrˈnɪvərəs,,a.食肉类的,GRE
rubefacient,",rʊbə'feʃənt",,a.使发红的,GRE
obtundent,ɔb'tʌndənt,,a.使缓和的,GRE
recuperative,rɪ'kʊpərətɪv,,"a.使恢复的, 有恢复力的",GRE
sensational,sɛn'seʃənl,,"a.使人感动的, 非常好的",GRE
imposing,ɪm'pozɪŋ,,"a.使人难忘的, 壮丽的",GRE
delectable,dɪ'lɛktəbl,,a.使人愉快的,GRE
emollient,ɪ'mɑlɪənt,,a.使柔软的,GRE
magniloquent,mæg'nɪləkwənt,,"a.使用夸张语言的, 华而不实的, 夸张的",GRE
clannish,'klænɪʃ,,"a.氏族的, 宗族排外的, 团结心很强的",GRE
schematic,ski'mætɪk,,a.示意性的,GRE
mundane,mʌn'den,,"a.世界的, 世俗的, 平凡的",GRE
ultramundane,",ʌltrə'mʌnden",,"a.世界之外的,太阳系之外的,超俗的",GRE
plausible,'plɔzəbl,,a.似是而非的,GRE
eburnated,,,a.似象牙般坚硬结实的,GRE
snobbish,'snɑbɪʃ,,a.势利的,GRE
appropriate,əˈpropriɪt,,a.适当的,GRE
apposite,'æpəzɪt,,a.适当的,GRE
congruent,'kɑŋɡruənt,,a.适合的,GRE
nubile,'njʊbɪl,,a.适婚的,GRE
potable,'potəbl,,a.适于饮用的,GRE
affected,ə'fɛktɪd,,"a.受到影响的, 受(疾病)侵袭的, 假装的, 做作的",GRE
aggrieved,ə'ɡrivd,,"a.受虐待的, 权利受到不法侵害的, 抱不平的",GRE
censorious,sɛn'sɔrɪəs,,"a.受批判的, 挑剔的",GRE
lank,læŋk,,"a.瘦的, （树等）细长的, （草等）稀疏的, （头发）平直的",GRE
emaciated,ɪ'meʃɪ'etɪd,,"a.瘦弱的, 衰弱的",GRE
scraggy,'skrægi,,"a.瘦弱的, 凸凹不平的",GRE
cosy,ˈkozi,,"a.舒适的, 安逸的",GRE
cozy,'kozi,,"a.舒适的, 安逸的, 惬意的",GRE
alienated,'eljənetɪd,,a.疏离的,GRE
adroit,ə'drɔɪt,,"a.熟练的, 机捷的",GRE
habile,'hæbɪl,,"a.熟练的, 灵巧的",GRE
adept,ə'dɛpt,,"a.熟练的, 拿手的",GRE
versant,'vɝsənt,,a.熟悉的,GRE
stranded,'strændɪd,,a.束手无策的；进退两难的,GRE
arboreal,ɑr'bɔrɪəl,,"a.树的, 乔木的, 树栖的",GRE
decrepit,dɪ'krɛpɪt,,a.衰老的,GRE
anile,'einail,,"a.衰老的, 似老妪的",GRE
adynamic,",ædai'næmik",,a.衰弱的,GRE
dual,'dʊəl,,"a.双的, 二重的, 双重",GRE
hyperbolic,",haɪpɚ'bɑlɪk",,a.双曲线的,GRE
snappy,'snæpi,,a.爽快的,GRE
chipper,'tʃɪpɚ,,"a.爽朗的, 活泼的, 爽快的",GRE
aquatic,ə'kwætɪk,,"a.水的, 水上的, 水生的, 水栖的",GRE
subaqueous,",sʌb'ækwɪəs",,"a.水中的, 水下用的",GRE
dormant,'dɔrmənt,,"a.睡眠状态的, 静止的, 隐匿的",GRE
submissive,səb'mɪsɪv,,a.顺从的,GRE
biddable,'bɪdəbl,,"a.顺从的, 可叫牌的",GRE
compliant,kəm'plaɪənt,,"a.顺从的, 适应的",GRE
resigned,rɪ'zaɪnd,,"a.顺从的, 听天由命的",GRE
momentary,'moməntɛri,,"a.瞬间的, 刹那间的",GRE
instantaneous,",ɪnstən'tenɪəs",,"a.瞬间的, 即刻的, 即时的",GRE
ironic,aɪ'rɑnɪk,,"a.说反话的, 讽刺的",GRE
sycophantic,",sɪkə'fæntɪk",,"a.说奉承话的, 阿谀的",GRE
scurrilous,ˈskɜrələs,,"a.说话粗鄙恶劣的, 使用低级粗俗语言的, 嘴损的, 下流的",GRE
veracious,və'reʃəs,,"a.说实话的, 诚实的, 准确的, 真实的",GRE
judicial,dʒʊ'dɪʃəl,,"a.司法的, 法院的, 公正的, 明断的",GRE
sibilant,'sɪbɪlənt,,a.咝咝作声的,GRE
hoarse,hɔrs,,a.嘶哑的,GRE
posthumous,'pɑstʃəməs,,"a.死后的, 身后的, 作者死后出版的, 遗腹的",GRE
defunct,dɪ'fʌŋkt,,a.死了的,GRE
inanimate,ɪn'ænɪmət,,"a.死气沉沉的, 没生命的, 单调的",GRE
perennial,pə'rɛnɪəl,,"a.四季不断的, 终年的, 长期的, 永久的, (植物)多年生的",GRE
unscrupulous,ʌn'skrupjələs,,"a.肆无忌惮的, 无道德的, 不谨慎的",GRE
lax,læks,,"a.松的, 松懈的, 不严格的, 腹泻的, 松驰的",GRE
eulogistic,",juːlə'dʒɪstɪk",,"a.颂扬的,歌功颂德",GRE
tawdry,'tɔdri,,"a.俗丽的, 非常华丽的",GRE
tart,tɑrt,,"a.酸的, 辛辣的, 尖酸的, 刻薄的",GRE
libellous,'laɪbələs,,"a.损害名誉的, 用言语中伤他人的",GRE
disastrous,dɪ'zæstrəs,,"a.损失惨重的, 悲伤的",GRE
proprietary,prə'praɪətɛri,,"a.所有的, 私人拥有的",GRE
vapid,'væpɪd,,a.索然乏味的,GRE
trivial,'trɪvɪəl,,"a.琐细的, 价值不高的, 微不足道的",GRE
avaricious,",ævə'rɪʃəs",,"a.贪财的, 贪婪的",GRE
ravenous,'rævənəs,,"a.贪婪的, 渴望的, 狼吞虎咽的",GRE
covetous,'kʌvətəs,,"a.贪婪的, 妄羡的",GRE
venal,'vinl,,a.贪污的,GRE
ingenuous,ɪn'dʒɛnjuəs,,"a.坦白的, 自然的, 直率的",GRE
quixotic,kwik'sɔtik,,"a.唐吉诃德式的, 狂想家的",GRE
brusque,brʌsk,,"a.唐突的, 直率的, 粗暴的, 无礼的",GRE
evasive,ɪ'vesɪv,,"a.逃避的, 推托的",GRE
fugitive,'fjudʒətɪv,,"a.逃亡的, 无常的, 易变的",GRE
peachy,'pitʃi,,a.桃色的,GRE
loathsome,'loθsəm,,a.讨厌的,GRE
abominable,ə'bɑmɪnəbl,,"a.讨厌的, 令人憎恶的",GRE
cumbersome,'kʌmbəsəm,,"a.讨厌的, 麻烦的, 笨重的",GRE
offensive,ə'fɛnsɪv,,"a.讨厌的, 无礼的, 攻击性的",GRE
antipathetic,"æn,tɪpə'θɛtɪk",,"a.讨厌的, 嫌恶的, 格格不入的",GRE
uxorious,ʌk'sorɪəs,,"a.疼爱妻子的, 怕老婆的",GRE
buxom,'bʌksəm,,a.体态丰满的,GRE
subaerial,sʌb'ɛriəl,,"a.天空下的, 地面上的, 接近地面的",GRE
crude,krud,,"a.天然的, 未加工的, 粗糙的, 拙劣的, 粗鲁的",GRE
celestial,sə'lɛstʃəl,,a.天上的,GRE
supernal,sʊ'pɝnl,,"a.天上的, 神的, 高的, 超自然的",GRE
inborn,",ɪn'bɔrn",,"a.天生的, 生来的, 先天的",GRE
connate,'kɔneit,,"a.天生的, 先天的, 同族的",GRE
campestral,kæm'pɛstrəl,,"a.田野的, 乡间的",GRE
ferrous,'fɛrəs,,"a.铁的, 含铁的, [化]亚铁的",GRE
stagnant,'stægnənt,,"a.停滞的, 迟钝的",GRE
draughty,'drɑfti,,"a.通风良好的, 有隙缝风吹入的",GRE
polyglot,'pɑlɪɡlɑt,,"a.通晓数种语言, 数种语言的",GRE
cognate,'kɑɡnet,,"a.同词源的,同类的",GRE
homogeneous,",homə'dʒinɪəs",,"a.同类的, 相似的, 均一的, 均匀的",GRE
coeval,ko'ivl,,a.同时代的,GRE
synchronous,'sɪŋkrənəs,,"a.同时的, [物]同步的",GRE
simultaneous,",saɪml'tenɪəs",,"a.同时的, 同时发生的",GRE
synonymous,sɪ'nɑnɪməs,,a.同义的,GRE
cupreous,'kjʊprɪəs,,"a.铜的, 铜色的, 含铜的",GRE
regnant,'reɡnənt,,"a.统治的, 占优势的, 居支配地位的",GRE
tubbish,'tʌbiʃ,,"a.桶状的, 肥胖的",GRE
anguished,'æŋɡwiʃt,,"a.痛苦的, 苦恼的",GRE
harrowing,'hæroɪŋ,,"a.痛心的, 悲惨的",GRE
furtive,'fə:tiv,,"a.偷偷摸摸的, 鬼鬼祟祟的, 秘密的, 私下的, 隐密的",GRE
sneaking,'snikɪŋ,,"a.偷偷逃走的, 不争气的, 内心里的, 卑鄙的",GRE
muzzy,'mʌzi,,"a.头脑发昏的, 无精神的, 酩酊的",GRE
hyaline,'haɪəlɪn,,a.透明的,GRE
pellucid,pe'lju:sid,,"a.透明的, 澄清的, 易懂的",GRE
diaphanous,daɪ'æfənəs,,"a.透明的, 精致的",GRE
transparent,træns'pærənt,,"a.透明的, 显然的, 明晰的",GRE
dank,dæŋk,,"a.透水的, 潮湿的, 阴湿寒冷的",GRE
gibbous,'gɪbəs,,a.突起的,GRE
protuberant,pro'tubərənt,,"a.突起的, 凸出的, 隆起的",GRE
predial,'pridɪəl,,"a.土地的,不动产的,乡村的",GRE
drab,dræb,,"a.土褐色的, 单调的",GRE
cloddish,'klɔdiʃ,,"a.土块一样的, 土里土气的, 粗鲁的",GRE
aboriginal,",æbə'rɪdʒənl",,"a.土著的, 原来的",GRE
lumpish,'lʌmpɪʃ,,"a.团状的, 笨重的, 不管用的",GRE
repulsive,rɪ'pʌlsɪv,,"a.推斥的, 排斥的, 严拒的, 令人厌恶的",GRE
protrusive,prəʊ'truːsɪv,,"a.推出的, 突出的, 凸出的",GRE
decadent,'dɛkədənt,,a.颓废的,GRE
recessive,rɪ'sɛsɪv,,"a.退行的, 逆行的, [遗]隐性的",GRE
degenerate,dɪ'dʒɛnəret,,a.退化的,GRE
antifebrile,",æntɪ'fibrɪl",,"a.退热的, 解热的",GRE
retiring,ri'taiəriŋ,,a.退休的,GRE
superannuated,suːpə'rænjʊeɪtɪd; 'sjuː-,,"a.退休的, 过时的",GRE
dilatory,'dɪlətɔri,,"a.拖拉的, 不慌不忙的",GRE
tardy,'tɑrdi,,a.拖拉非,GRE
disjointed,dɪs'dʒɔɪntɪd,,"a.脱节的,杂乱的",GRE
awry,ə'raɪ,,"a.歪曲的, 错误的",GRE
skew,skju,,a.歪斜的,GRE
askew,ə'skju,,a.歪斜的,GRE
specious,'spiʃəs,,"a.外表美观, 华而不实的, 徒有其表的, 似是而非的, 外表美观的",GRE
outlandish,aʊt'lændɪʃ,,"a.外国气派的, 偏僻的, 古怪的, 奇异的",GRE
diplomatic,",dɪplə'mætɪk",,"a.外交的, 老练的",GRE
traumatic,traʊ'mætɪk,,"a.外伤的, 创伤的",GRE
peripheral,pə'rɪfərəl,,a.外围的,GRE
explicit,ɪk'splɪsɪt,,"a.外在的, 清楚的, 直率的, (租金等)直接付款的",GRE
extrinsic,ɛks'trɪnsɪk,,"a.外在的, 外表的, 外来的",GRE
crooked,'krʊkɪd,,"a.弯曲的, 拐骗的, 不老实的",GRE
sinuate,'sɪnjʊət,,"a.弯弯曲曲的, 波状的",GRE
serpentine,'sɝpəntin,,a.蜿蜒的,GRE
sinuous,'sɪnjʊəs,,"a.蜿蜒的, 错综复杂的, 动作复杂的, 不老实的",GRE
immaculate,ɪ'mækjələt,,a.完美的,GRE
empirical,ɪm'pɪrɪkl,,"a.完全根据经验的, 经验主义的, [化]实验式",GRE
intact,ɪn'tækt,,"a.完整无缺的, 尚未被人碰过的, (女子)保持童贞的, (家畜)未经阉割的",GRE
remiss,rɪ'mɪs,,a.玩忽职守的,GRE
tenacious,tə'neʃəs,,a.顽强的,GRE
kaleidoscopic,"kə,laɪdə'skɑpɪk",,"a.万花筒的, 五花八门的",GRE
perilous,'pɛrələs,,a.危险的,GRE
parlous,'pɑ:ləs,,"a.危险的, 不易对付的, 精明的, 狡猾的",GRE
hazardous,'hæzɚdəs,,"a.危险的, 冒险的, 碰运气的",GRE
minatory,"'mɪnə,təri",,a.威胁的,GRE
crepuscular,krɪ'pʌskjəlɚ,,"a.微光的, 拂晓的, 黄昏的",GRE
tepid,'tɛpɪd,,"a.微温的, 温热的, 不太热烈的, 不热情的",GRE
landlocked,'lændlɑkt,,a.为陆地所包围的,GRE
fussy,'fʌsi,,"a.为琐事而担忧的, 过分装饰的, 繁琐的, 急躁, 爱挑剔的, 难取悦的",GRE
illicit,ɪ'lɪsɪt,,a.违法的,GRE
illegitimate,",ɪlɪ'dʒɪtɪmet",,"a.违法的, 非嫡出的, 庶生的, 私生的, 不合理的, 不合逻辑的",GRE
mercenary,'mɝsənɛri,,a.唯利是图的,GRE
apocryphal,əˈpɒkrəfəl,,"a.伪经的,假冒的",GRE
spurious,'spjʊrɪəs,,"a.伪造的, 假造的, 欺骗的",GRE
caudal,'kɔdl,,"a.尾部的, 近尾部的",GRE
salacious,sə'leʃəs,,"a.猥亵的, 好色的",GRE
pending,'pɛndɪŋ,,a.未决的,GRE
unbolted,ʌn'boltɪd,,a.未上栓的,GRE
lowbred,'lo'brɛd,,a.未受过好教育的,GRE
unbidden,ʌn'bɪdn,,a.未受邀请的,GRE
unfathomed,",ʌn'fæðəmd",,"a.未探测深度的, 无法了解的, 未解决的",GRE
inviolate,ɪn'vaɪələt,,"a.未亵渎的, 无污点的, 未受侵犯的",GRE
inchoate,ɪn'koɪt,,"a.未形成的, 早期的, 不完全的",GRE
limitrophe,'limitrəuf,,a.位于边界上的,GRE
gastric,'gæstrɪk,,a.胃的,GRE
suave,swɑv,,a.温和的,GRE
bland,blænd,,"a.温和的, 柔和的, 乏味的, 冷漠的, 刺激性少的",GRE
meek,mik,,"a.温顺的, 谦恭的, (河流等)和缓的, 驯服的",GRE
couth,kʊθ,,"a.文雅的, 有礼貌的",GRE
preliterate,pri'lɪtərɪt,,a.文字出现以前的,GRE
literal,'lɪtərəl,,"a.文字的, 照字面上的, 无夸张的",GRE
inordinate,ɪn'ɔrdɪnət,,a.紊乱的,GRE
complimentary,",kɑmplɪ'mɛntri",,"a.问候的, 称赞的, 夸奖的, 免费赠送的",GRE
utopian,ju:'təupiən,,"a.乌托邦的, 理想化的",GRE
grimy,'ɡraɪmi,,"a.污秽的, 肮脏的",GRE
foul,faʊl,,"a.污秽的, 邪恶的, 肮脏的, 淤塞的, 恶劣的",GRE
nonpareil,",nɑnpə'rɛl",,a.无比的,GRE
proletarian,",prolə'tɛrɪən",,a.无产阶级的,GRE
disingenuous,",dɪsɪn'dʒɛnjuəs",,a.无诚意的,GRE
gutless,'gʌtləs,,"a.无胆量的, 没勇气的, 没有生气的",GRE
amorphous,ə'mɔrfəs,,"a.无定形的, 无组织的",GRE
inconsolable,'ɪnkən'soləbl,,"a.无法安慰的, 极为伤心的",GRE
impregnable,ɪm'prɛɡnəbl,,"a.无法攻取的, 要塞坚固的, 不受影响的, 可以受孕的的",GRE
inextricable,'ɪnɪk'strɪkəbl,,"a.无法解脱的, 逃脱不掉的, 解不开的",GRE
inimitable,ɪ'nɪmɪtəbl,,"a.无法模仿的, 独特的, 无比的",GRE
inexplicable,",ɪnɪk'splɪkəbl",,a.无法说明的,GRE
impertinent,ɪm'pɝtnənt,,"a.无关的, 鲁莽的, 不相干的",GRE
indifferent,ɪn'dɪfrənt,,a.无关紧要的,GRE
extraneous,ɪk'strenɪəs,,"a.无关系的, 外来的, [化]外部裂化, [化]新异反射",GRE
innocuous,ɪ'nɑkjuəs,,"a.无害的, 无毒的, 无伤大雅的, 不得罪人的",GRE
inert,ɪ'nɝt,,"a.无活动的, 惰性的, 迟钝的",GRE
spineless,'spaɪnləs,,"a.无脊骨的, 没有骨气的, 没有勇气的",GRE
invertebrate,ɪn'vɝtɪbret,,"a.无脊椎的, 无骨气的",GRE
impayable,im'peiəbl,,"a.无价的, 极贵重的, 无法清偿的, <口>无与伦比的, 极好的",GRE
nugatory,'nju:ɡətəri,,"a.无价值的, 没有力量的, 无效的",GRE
trashy,'træʃi,,"a.无价值的, 没有用的, 垃圾似的",GRE
nondescript,'nɑndɪskrɪpt,,"a.无可名状的, 难以区别的, 无特征的",GRE
incontestable,'ɪnkən'tɛstəbl,,"a.无可争辩的, 无可置疑的, 不可否认的",GRE
irreproachable,",ɪrɪ'protʃəbl",,"a.无可指责的, 不可非难的, 无缺点的, 无过失的",GRE
flippancy,'flɪpənsi,,"a.无礼, 轻率, 浮躁",GRE
pert,pɝt,,"a.无礼的, 爱管闲事的, 鲁莽的, 辛辣的, 活跃的, 别致的",GRE
nerveless,'nɝvləs,,"a.无力的, 松懈的",GRE
impotent,'ɪmpətənt,,"a.无力的, 虚弱的, 无效的, [医]阳萎的",GRE
feckless,'fɛkləs,,"a.无气力的, 没精神的, 软弱的, 无用的",GRE
unexampled,",ʌniɡ'zɑ:mpld",,"a.无前例的, 无可比拟的",GRE
relentless,rɪ'lɛntləs,,a.无情的,GRE
inexorable,ɪn'ɛksərəbl,,a.无情的,GRE
callous,'kæləs,,"a.无情的, 冷淡的, 硬结的, 起老茧的",GRE
inexhaustible,",ɪnɪɡ'zɔstəbl",,a.无穷无尽的,GRE
infinitesimal,'ɪnfɪnə'tɛsəml,,"a.无穷小的, 极小的, 无限小的",GRE
erratic,ɪ'rætɪk,,"a.无确定路线, 不稳定的, 奇怪的",GRE
azoic,e'zoɪk,,"a.无生命的, 无生命时代的",GRE
disembodied,",dɪsɪm'bɑdɪd",,"a.无实质的, 无实体的",GRE
umpteen,",ʌmp'tin",,a.无数的,GRE
disinterested,dɪs'ɪntərɪsɪd,,a.无私的,GRE
categorical,",kætə'ɡɔrɪkl",,"a.无条件的, 绝对的, 直接了当的(陈述、理论等)",GRE
atonal,e'tonl,,a.无调的,GRE
intrepid,ɪn'trɛpɪd,,"a.无畏的, 勇猛的",GRE
flawless,'flɔləs,,"a.无瑕疵的, 无缺点的, 无裂缝的",GRE
chinless,'tʃɪnləs,,"a.无下颚的, 优柔寡断的",GRE
interminable,ɪn'tɝmɪnəbl,,"a.无限的, 冗长的",GRE
unavailing,",ʌnə'velɪŋ",,a.无效的,GRE
unimpeachable,",ʌnɪm'pitʃəbl",,"a.无懈可击的, 无可指责的, 无过失的, 无可怀疑的",GRE
nescient,'nesiənt,,"a.无学的, 无知的",GRE
incorrigible,ɪn'kɔrɪdʒəbl,,"a.无药可救的, 不能被纠正的",GRE
dispossessed,",dispə'zest",,"a.无依无靠的, 被逐出的",GRE
exhaustive,ɪg'zɔstɪv,,"a.无遗漏的, 彻底的, 详尽的, 无遗的",GRE
improvident,ɪm'prɑvədənt,,"a.无远见的, 浪费的",GRE
anarchic,ən'ɑrkɪk,,"a.无政府主义的, 无法无天的",GRE
aspermous,ə'spə:məs,,a.无种子的,GRE
orchestic,ɔ:'kestik,,a.舞蹈的,GRE
hygroscopic,",haɪgrə'skɑpɪk",,a.吸湿的,GRE
appealing,əˈpiːlɪŋ,,"a.吸引人的, 哀诉似的, 恳求似的",GRE
sparse,spɑrs,,"a.稀少的, 稀疏的",GRE
exiguous,ɛɡ'zɪɡjuəs,,"a.稀少的, 细小的, 些须的",GRE
rheumy,'ru:mi,,"a.稀粘液的, 潮湿的",GRE
bustling,'bʌslɪŋ,,"a.熙熙攘攘的, 忙乱的",GRE
extinct,ɪk'stɪŋkt,,"a.熄灭的, 灭绝的, 耗尽的",GRE
rollicking,'rɑlɪkɪŋ,,a.嬉戏耍闹作乐的,GRE
seclusive,sɪ'klʊsɪv,,"a.喜隐居的, 爱孤独的, 隐退性的",GRE
histrionic,'hɪstrɪ'ɑnɪk,,a.戏剧的,GRE
theatrical,θɪ'ætrɪkl,,a.戏剧性的,GRE
systemic,sɪ'stɛmɪk,,"a.系统的, 身体组织的, 全身的",GRE
gracile,'ɡræsail,,"a.细长的, 纤弱的",GRE
illiberal,ɪ'lɪbərəl,,"a.狭碍的, 偏执的, 吝啬的, 缺乏文化素养的, 粗鄙的",GRE
cramped,kræmpt,,"a.狭促的, 难辨的, 难懂的",GRE
pendulous,'pɛndʒələs,,a.下垂的,GRE
ribald,'rɪbld,,a.下流的,GRE
scurvy,'skɝvi,,"a.下流的, 卑鄙的, 无礼的",GRE
drizzly,'drɪzli,,a.下毛毛雨的,GRE
nether,'nɛðɚ,,"a.下面的, 下层社会的",GRE
subliminal,",sʌb'lɪmɪnl",,"a.下意识的, 潜在意识的",GRE
aestival,'ɛstəvəl,,a.夏季的,GRE
innate,ɪ'net,,"a.先天的, 天生的",GRE
transcendental,'trænsɛn'dɛntl,,"a.先验的, 超越的, 超出人类经验的",GRE
tenuous,'tɛnjuəs,,a.纤细的,GRE
otiose,'otɪos,,"a.闲着的, 怠惰的, 没有用的, 多余的",GRE
sage,sedʒ,,"a.贤明的, 明智的, 审慎的",GRE
eminent,'ɛmɪnənt,,"a.显赫的, 杰出的, 有名的, 优良的",GRE
conspicuous,kən'spɪkjʊəs,,a.显著的,GRE
sinister,'sɪnɪstɚ,,a.险恶的,GRE
inclement,ɪn'klɛmənt,,"a.险恶的, 严酷的",GRE
extant,ɛk'stænt,,"a.现存的, 未毁的, <古>突出的, 显著的",GRE
linear,'lɪnɪɚ,,"a.线的, 直线的, 线性的",GRE
rustic,'rʌstɪk,,a.乡村的,GRE
rural,'rʊrəl,,"a.乡下的, 田园的, 乡村风味的, 生活在农村的",GRE
commensurate,"kəˈmɛnsərɪt, -ʃə-",,"a.相称的, 相当的",GRE
equivalent,ɪ'kwɪvələnt,,"a.相等的, 相当的, 同意义的",GRE
coterminous,ko'tɝmɪnəs,,"a.相连的, 连接的",GRE
verbose,vɝ'bos,,"a.详细的, 冗长的",GRE
prestigious,prɛ'stɪdʒəs,,"a.享有声望的, 声望很高的",GRE
orotund,'ɔrotʌnd,,"a.响朗的, 洪亮的, 夸大的",GRE
responsive,rɪ'spɑnsɪv,,"a.响应的, 作出响应的",GRE
shiftless,'ʃɪftləs,,"a.想不出办法的, 偷懒的, 无能的",GRE
acquisitive,ə'kwɪzətɪv,,"a.想获得的, 有获得可能性的, 可学到的",GRE
somnolent,'sɑmnələnt,,"a.想睡的, 催眠的",GRE
respectant,ri'spektənt,,"a.向后看的, 面对面的",GRE
down,daʊn,,a.向下的,GRE
centripetal,sɛn'trɪpɪtl,,a.向心的，利用向心力的,GRE
elephantine,elɪ'fæntaɪn,,"a.象的, 粗笨的, 巨大的",GRE
beefy,'bifi,,"a.象牛肉的, 健壮的, 结实的",GRE
reptilian,rɛp'tɪlɪən,,a.象爬虫的,GRE
cadaverous,kə'dævərəs,,"a.象尸体的, 苍白的",GRE
velvety,'vɛlvəti,,"a.象天鹅绒的, 柔软的",GRE
rancid,'rænsɪd,,"a.象油脂腐臭味的, 腐臭的",GRE
emblematic,",ɛmblə'mætɪk",,"a.象征(性), 标记的",GRE
spongy,'spʌndʒi,,"a.像海绵的, 柔软, 多孔而有弹性的",GRE
rubbery,'rʌbəri,,"a.橡胶似的, 有弹力的",GRE
peripatetic,",pɛrɪpə'tɛtɪk",,"a.逍遥学派的, 走来走去的",GRE
trig,trɪg,,a.潇洒的,GRE
puny,'pjuni,,"a.小的, 弱的, 微不足道的",GRE
diminutive,dɪ'mɪnjətɪv,,"a.小的, 指小的, 小型的",GRE
lilliputian,",lili'pju:ʃjən",,a.小人国居民的,GRE
discreet,dɪ'skrit,,"a.小心的, 慎重的, 有思虑的, 贤明的",GRE
scrupulous,'skrupjələs,,"a.小心谨慎的, 细心的",GRE
meticulous,mə'tɪkjələs,,a.小心翼翼的,GRE
intramural,",ɪntrə'mjʊrəl",,"a.校内的, 内部的",GRE
concordant,kən'kɔrdnt,,a.协调的,GRE
synergic,si'nə:dʒik,,"a.协作的, 合作的",GRE
nefarious,ni'fεəriəs,,"a.邪恶的, 穷凶极恶的",GRE
satanic,sə'tænik; sei-,,a.邪恶的；恶魔的，魔鬼般的,GRE
compatible,kəm'pætəbl,,"a.谐调的, 一致的, 兼容的",GRE
profane,prə'fen,,a.亵渎的,GRE
blasphemous,'blæsfɪməs,,"a.亵渎神明的, 不敬神的",GRE
abstracted,æb'stræktɪd,,"a.心不在焉的, 出神的",GRE
distracted,dɪ'stræktɪd,,a.心烦意乱的,GRE
renascent,rɪ'nesənt,,"a.新生的, 复活的, 复兴的",GRE
neolithic,ˌniəˈlɪθɪk,,a.新石器时代的,GRE
nebulous,'nɛbjələs,,"a.星云的, 云雾状的, 模糊的, 朦胧的",GRE
sonorous,'sɑnərəs,,a.醒目的,GRE
agog,ə'ɡɔɡ,,"a.兴奋的, 热切的",GRE
elated,ɪ'letɪd,,"a.兴高采烈的, 得意洋洋",GRE
rapturous,'ræptʃərəs,,"a.兴高采烈的, 欢天喜地的",GRE
erotic,ɪ'rɑtɪk,,"a.性爱的, 性欲的, 色情的",GRE
withdrawn,wɪð'drɔn,,"a.性格内向的,偏僻的, 孤独的",GRE
congenial,kən'dʒinɪəl,,"a.性格相似的, 适意的",GRE
incompatible,",ɪnkəm'pætəbl",,"a.性质相反的, 矛盾的, 不调和的",GRE
ferocious,fə'roʃəs,,"a.凶恶的, 残忍的, 凶猛的, <口>十分强烈的, 极度的",GRE
fierce,fɪrs,,"a.凶猛的, 猛烈的, 热烈的, 暴躁的<美>极讨厌的, 难受的, <英方>精力旺盛的",GRE
fraternal,frə'tɝnl,,"a.兄弟的, 兄弟般的, 友爱的",GRE
pectoral,'pɛktərəl,,"a.胸的, 肺病的",GRE
chesty,'tʃɛsti,,"a.胸丰满的, 骄傲的",GRE
eloquent,'ɛləkwənt,,"a.雄辩的, 有口才的, 动人的, 意味深长的",GRE
ursine,'ɝsaɪn,,"a.熊的, 象熊的",GRE
inhibited,ɪn'hɪbɪtɪd,,"a.羞怯的, 内向的",GRE
olfactory,ɑl'fæktəri,,a.嗅觉的,GRE
mendacious,men'deiʃəs,,"a.虚假的, 说谎的",GRE
vainglorious,",vein'ɡlɔ:riəs",,a.虚荣的,GRE
frail,frel,,"a.虚弱的, 脆弱的, (意志)薄弱的",GRE
requisite,'rɛkwəzɪt,,"a.需要的, 必不可少的, 必备的",GRE
permissive,pɚ'mɪsɪv,,a.许可的,GRE
rackety,'rækɪti,,"a.喧扰的, 喜欢吵闹的, 摇晃的, 不牢固的",GRE
tumultuous,tu'mʌltʃuəs,,a.喧嚣的,GRE
obstreperous,əb'strɛpərəs,,"a.喧嚣的, 任性的",GRE
blatant,'bleitənt,,"a.喧嚣的, 俗丽的, 吵闹的, 炫耀的",GRE
pendent,'pɛndənt,,"a.悬而未决的, 未定的",GRE
convoluted,'kɑnvəlutɪd,,"a.旋绕的,费解的",GRE
rotary,'rotəri,,a.旋转的,GRE
vertiginous,vɝ'tɪdʒɪnəs,,"a.旋转的, 眩晕的, 眼花的, 迅速变化的, 不稳定的",GRE
garish,'ɡɛrɪʃ,,"a.炫耀的, 过分装饰的, (色彩、装饰、打扮等)俗气的",GRE
abridged,ə'brɪdʒd,,"a.削减的, 删节的",GRE
haematic,"hi:'mætik, he-",,a.血的,GRE
gory,'ɡɔri,,"a.血淋淋的, 血污的, 满是血的",GRE
itinerant,aɪ'tɪnərənt,,a.巡回的,GRE
disciplinarian,",dɪsəplɪ'nɛrɪən",,"a.训练的, 规律的, 训育的",GRE
expeditious,",ɛkspə'dɪʃəs",,"a.迅速的, 敏捷的",GRE
overwhelming,",ovɚ'wɛlmɪŋ",,"a.压倒性的, 无法抵抗的",GRE
repressive,rɪ'prɛsɪv,,"a.压抑的, 压制的",GRE
oppressive,ə'prɛsɪv,,"a.压制性的, 压迫的, 沉重的, 难以忍受的",GRE
reeky,,,a.烟雾弥漫的,GRE
lingering,'lɪŋgərɪŋ,,"a.延迟的, 逗留不去的",GRE
prolonged,pro'lɔŋd,,"a.延长的, 拖延的",GRE
rigorous,'rɪɡərəs,,"a.严格的, 严厉的, 严酷的, 严峻的",GRE
austere,ɔ'stɪr,,"a.严峻的, 严厉的, 操行上一丝不苟的, 简朴的",GRE
grim,ɡrɪm,,a.严酷的,GRE
scathing,'skeðɪŋ,,a.严厉的,GRE
stern,stɝn,,"a.严厉的, 苛刻的",GRE
stringent,'strɪndʒənt,,"a.严厉的, 迫切的, 银根紧的",GRE
perishing,'periʃiŋ,,"a.严厉的, 讨厌的",GRE
acrimonious,",ækri'məunjəs",,"a.严厉的, 辛辣的",GRE
ocular,'ɑkjəlɚ,,"a.眼睛的, 视觉的",GRE
blase,'bla:zei,,a.厌烦于享乐的,GRE
voluptuous,və'lʌptʃuəs,,"a.艳丽的, 奢侈逸乐的",GRE
supine,'supaɪn,,"a.仰卧的, 掌心向上的, 懒散的, 向后靠的",GRE
ramshackle,"'ræm,ʃækl",,a.摇摇欲坠的,GRE
rodent,'rodnt,,"a.咬的, 嚼的, [动物] 啮齿目的, 侵蚀性的",GRE
glaring,'ɡlɛrɪŋ,,a.耀眼的,GRE
currish,'kɝɪʃ,,"a.野狗似的, 恶意的, 爱吵闹的",GRE
inhuman,ɪn'hjʊmən,,a.野蛮的,GRE
barbarous,'bɑrbərəs,,"a.野蛮的, 残暴的, 粗野的, (声音)刺耳的, 沙哑的",GRE
tramontane,'træmənten,,"a.野蛮的, 来自群山彼边的",GRE
savage,'sævɪdʒ,,"a.野蛮的, 未开化的, 凶猛的, 残忍的",GRE
amateurish,'æmətərɪʃ,,"a.业余的, 非职业的, 不熟练的",GRE
nocturnal,nɑk'tɝnl,,"a.夜的, 夜曲的",GRE
ecumenical,",ikju'mɛnɪkl",,"a.一般的, 普通的",GRE
dowdy,'daʊdi,,"a.衣衫褴褛的, 寒酸的, 懒散的",GRE
instrumental,",ɪnstrə'mɛntl",,"a.仪器的, 器械的, 乐器的",GRE
genetic,dʒə'nɛtɪk,,"a.遗传的, 起源的",GRE
oblivious,ə'blɪvɪəs,,"a.遗忘的, 忘却的, 健忘的",GRE
acquired,ə'kwaɪrd,,"a.已获得的, 已成习惯的, 后天通过自己的努力得到的",GRE
obligatory,ə'blɪɡətɔri,,"a.义不容辞的, 必须的",GRE
aberrant,æ'bɛrənt,,a.异常的,GRE
exotic,ɪɡ'zɑtɪk,,"a.异国情调的, 外来的, 奇异的",GRE
egregious,ɪ'gridʒɪəs,,"a.异乎寻常的, 过分的, 惊人的",GRE
heretical,həˈrɛtɪkəl,,"a.异教的, 异端的",GRE
tetchy,'tɛtʃi,,"a.易暴怒的, 脾气怪的",GRE
fallible,'fæləbl,,"a.易错的, 可能犯错的",GRE
passible,'pæsəbl,,a.易动情的,GRE
querimonious,",kweri'məuniəs",,a.易发牢骚的,GRE
fissile,'fɪsl,,"a.易分裂的, 易裂的, 分裂性的, 可分裂的, 裂变的",GRE
flimsy,'flɪmzi,,"a.易坏的, 脆弱的, 浅薄的, 没有价值的, 不足信的, (人)浮夸的",GRE
miscible,'mɪsəbl,,a.易混合的,GRE
tractable,'træktəbl,,"a.易驾驭的, 驯良的, 易管教的, 易处理的",GRE
salient,'selɪənt,,"a.易见的, 显著的, 突出的, 跳跃的",GRE
splashy,'splæʃi,,"a.易溅的, 泼溅的, 有色斑的",GRE
accessible,ək'sɛsəbl,,"a.易接近的, 可到达的, 易受影响的, 可理解的",GRE
choleric,'kɑlərɪk,,a.易怒的,GRE
testy,'tɛsti,,"a.易怒的, 暴躁的",GRE
irascible,ɪ'ræsəbl,,"a.易怒的, 暴躁的",GRE
peevish,'pivɪʃ,,"a.易怒的, 暴躁的, 带怒气的, 倔强的",GRE
feisty,'faɪstɪ,,"a.易怒的, 活跃的",GRE
irritable,'ɪrɪtəbl,,"a.易怒的, 急躁的",GRE
fractious,'frækʃəs,,"a.易怒的, 倔强的, 脾气不好的",GRE
pettish,'pɛtɪʃ,,"a.易怒的, 闹情绪的",GRE
pliable,'plaɪəbl,,"a.易曲折的, 柔软的, 圆滑的, 柔韧的",GRE
combustible,kəm'bʌstəbl,,a.易燃的,GRE
flammable,'flæməbl,,"a.易燃的, 可燃性的",GRE
inflammable,ɪn'flæməbl,,"a.易燃的, 易怒的",GRE
gullible,'ɡʌləbl,,a.易受骗的,GRE
friable,'fraɪəbl,,"a.易碎的, 脆的",GRE
fragile,'frædʒəl,,"a.易碎的, 脆的",GRE
ductile,'dʌktaɪl,,"a.易延展的, 易教导的, 柔软的",GRE
ticklish,'tɪklɪʃ,,"a.易痒的, 不稳定的, 难对付的, 忌讳的",GRE
invidious,ɪn'vɪdɪəs,,"a.易招嫉妒的, 不公平的, 诽谤的",GRE
facile,'fæsl,,"a.易做到的, 易得到的, 不花力气的, 敏捷的, 流畅的, (性格)柔顺的, 温和的, 容易的",GRE
vaccine,væk'sin,,"a.疫苗的, 牛痘的",GRE
unanimous,jʊ'nænəməs,,"a.意见一致的, 无异议的",GRE
accidental,",æksɪ'dɛntl",,"a.意外的, 非主要的, 附属的",GRE
equivocal,ɪ'kwɪvəkl,,"a.意义不明确的, 模棱两可的, 可疑的",GRE
cloying,'klɔɪɪŋ,,"a.因过量而厌烦的,倒胃口的",GRE
infernal,in'fə:nəl,,"a.阴间的, 恶魔的",GRE
somber,ˈsɑːmbər,,"a.阴森的, 昏暗的, 阴天的, 忧郁的",GRE
insidious,ɪn'sɪdɪəs,,a.阴险的,GRE
jesuitical,",dʒezju'itik,-kəl",,a.阴险的；虚伪的,GRE
glum,ɡlʌm,,"a.阴郁的, 阴沉的",GRE
canorous,kə'nɔrəs,,"a.音乐般的, 音调优美的",GRE
eurhythmic,"ju:'riðmik,-kəl",,a.音乐舞蹈体操的,GRE
melodious,mə'lodɪəs,,a.音调优美的,GRE
debonair,",dɛbə'nɛr",,"a.殷勤的, 高兴的, 快活的, 温文尔雅的",GRE
lecherous,'lɛtʃərəs,,"a.淫荡的, 色情的,挑动春情的",GRE
lewd,lud,,"a.淫荡的, 猥亵的, 下流的",GRE
obscene,əb'sin,,"a.淫秽的, 猥亵的",GRE
derivative,də'rɪvətɪv,,"a.引出的, 系出的",GRE
objectionable,"əb'dʒekʃənəbl, ɔb-",,"a.引起反对的, 讨厌的",GRE
resonant,'rɛznənt,,a.引起共鸣的,GRE
prejudicial,",prɛdʒu'dɪʃl",,a.引起偏见的,GRE
gripping,'ɡripiŋ,,a.引起人注意的；吸引人的,GRE
inviting,ɪn'vaɪtɪŋ,,"a.引人动心的, 有魅力的",GRE
ravishing,'rævɪʃɪŋ,,a.引人入胜的,GRE
engrossing,ɛn'grosɪŋ,,"a.引人入胜的, 极有趣的",GRE
spectacular,spɛk'tækjəlɚ,,"a.引人入胜的, 壮观的",GRE
prepossessing,",pripə'zɛsɪŋ",,a.引人注意的,GRE
crapulent,'kræpjulənt,,"a.饮(吃)过量的, 暴饮暴食的",GRE
bibulous,'bɪbjʊləs,,"a.饮酒的, 嗜酒的, 吸水的",GRE
covert,'kovɝt,,"a.隐蔽的, 偷偷摸摸的, [律]在丈夫保护下的",GRE
recluse,'rɛklus,,"a.隐遁的, 寂寞的",GRE
connotative,'kɔnəuteitiv,,"a.隐含的, 内涵的",GRE
secluded,sɪ'kludɪd,,"a.隐退的, 隐蔽的",GRE
metaphorical,'mɛtə'fɔrɪkl,,"a.隐喻性的, 比喻性的",GRE
gallant,'ɡælənt,,"a.英勇的, 豪侠的, 堂皇的, 壮丽的, 华丽的, 对妇女献殷勤的",GRE
infantile,'ɪnfəntaɪl,,"a.婴儿的, 幼稚的, 适于婴儿的初期的",GRE
aquiline,'ækwɪlaɪn,,"a.鹰的, 象鹰的, 弯曲的",GRE
accipitral,æk'sipitrəl,,"a.鹰的, 鹰似的, 贪婪凶猛的",GRE
fluorescent,",flɔ'rɛsnt",,"a.荧光的, 莹光的",GRE
brimful,'brim'ful,,"a.盈满的, 满到边际的",GRE
hidebound,'haidbaund,,"a.营养不良的, 量小的, 死板的",GRE
trophic,'trofɪk,,"a.营养的, 有关营养的",GRE
perspicacious,",pɝspɪ'keʃəs",,a.颖悟的,GRE
reprehensible,",rɛprɪ'hɛnsəbl",,"a.应斥责的, 应该谴责的",GRE
finable,'faɪnəbl,,"a.应罚款的, 可精制的, 可提炼的",GRE
amenable,ə'minəbl,,"a.应服从的, 有服从义务的, 有责任的",GRE
sempiternal,",sempi'tə:nəl",,"a.永久的, 永恒的",GRE
valiant,'væljənt,,"a.勇敢的, 英勇的",GRE
microscopic,",maɪkrə'skɑpɪk",,"a.用显微镜可见的, 精微的",GRE
exquisite,ɪk'skwɪzɪt,,"a.优美的, 高雅的, 精致的, 剧烈的, 异常的, 细腻的, 敏锐的",GRE
flabby,'flæbi,,"a.优柔寡断的性格(或人), 软弱的, 没气力的, 不稳的, (肌肉等)不结实的, 松弛的",GRE
eugenic,juː'dʒenɪk,,"a.优生的, 优生学的",GRE
dolorous,'dolərəs,,"a.忧伤的, 悲痛的",GRE
facetious,fə'siʃəs,,"a.幽默的, 滑稽的, 喜开玩笑的",GRE
temperamental,'tɛmprə'mɛntl,,"a.由气质引起的, 心情变化快的, 喜怒无常的",GRE
fragmentary,'frægmən'tɛri,,"a.由碎片组成的, 断断续续的",GRE
granular,'grænjəlɚ,,"a.由小粒而成的, 粒状的",GRE
stodgy,'stɑdʒi,,"a.油腻的, 不易消化的, 乏味的, 暗淡的, 塞满的, 平凡的, 庸俗的, 笨重的",GRE
unctuous,'ʌŋktʃuəs,,"a.油似的, 油质的, 松软肥沃的",GRE
oleaginous,",olɪ'ædʒɪnəs",,a.油质的,GRE
nomadic,"nəu'mædik, nɔ-",,a.游牧的,GRE
amicable,'æmɪkəbl,,"a.友善的, 和平的",GRE
notched,nɔtʃt,,"a.有凹口的, 有锯齿状的",GRE
brindled,'brɪndld,,"a.有斑的, 有斑纹的",GRE
dappled,'dæpld,,a.有斑点的,GRE
streaky,'striki,,"a.有斑点的, 有条纹的, 容易变的",GRE
remunerative,rɪ'mjunərətɪv,,"a.有报酬的, 有利的",GRE
tempestuous,tɛm'pɛstʃuəs,,"a.有暴风雨的, 暴乱的",GRE
discriminatory,dɪ'skrɪmɪnətɔri,,"a.有辨识力的, 有差别的",GRE
valetudinarian,"'vælə,tjʊdn'ɛrɪən",,"a.有病的, 虚弱的",GRE
barbed,bɑrbd,,"a.有刺的, 具侧刺毛的, (话语)尖刻的, 尖锐的, 讽刺的",GRE
willowy,'wɪloi,,"a.有弹性的, 多柳树的,苗条的,易弯曲的",GRE
sagacious,sə'ɡeʃəs,,"a.有洞察力的, 有远见的, 精明的, 敏锐的",GRE
venenous,'veninəs,,a.有毒的,GRE
viperous,'vaipərəs,,"a.有毒的, 阴险的",GRE
toxic,'tɑksɪk,,"a.有毒的, 中毒的",GRE
malodorous,",mæl'odərəs",,a.有恶臭的,GRE
fetid,'fɛtɪd,,a.有恶臭的,GRE
malevolent,mə'lɛvələnt,,"a.有恶意的, 坏心肠的",GRE
buoyant,'bujənt,,"a.有浮力的, 轻快的",GRE
sentient,'sɛntɪənt,,"a.有感觉力的, 有感情的, 感觉灵敏的, 意识到的",GRE
meritorious,'mɛrə'tɔrɪəs,,a.有功的,GRE
pertinent,'pɝtnənt,,"a.有关的, 相干的, 中肯的",GRE
articulate,ɑr'tɪkjulet,,"a.有关节的, 发音清晰的",GRE
acoustic,ə'kʊstɪk,,"a.有关声音的, 声学的, 音响学的",GRE
lustrous,'lʌstrəs,,"a.有光泽的, 光辉的",GRE
pernicious,pɚ'nɪʃəs,,a.有害的,GRE
noxious,'nɑkʃəs,,a.有害的,GRE
detrimental,",dɛtrɪ'mɛntl",,a.有害的,GRE
baleful,'beilful,,"a.有害的, 恶意的",GRE
mischievous,'mɪstʃɪvəs,,"a.有害的, 恶作剧的, 淘气的, 为害",GRE
baneful,'benfl,,"a.有害的, 使人苦恼的",GRE
noisome,'nɔɪsəm,,"a.有害的, 有毒的",GRE
deleterious,'dɛlə'tɪrɪəs,,"a.有害的, 有毒的",GRE
abstentious,æb'stenʃəs,,a.有节制的,GRE
abstemious,əb'stimɪəs,,"a.有节制的, 节约的",GRE
temperate,'tɛmpərət,,"a.有节制的, 适度的, 戒酒的, (气候)温和的",GRE
permeable,'pɝmɪəbl,,"a.有浸透性的, 能透过的",GRE
peart,piət,,"a.有精神的, 快活的, 聪明的",GRE
decorous,'dɛkərəs,,a.有礼貌的,GRE
perceptive,pɚ'sɛptɪv,,a.有理解的,GRE
apprehensive,",æprɪ'hɛnsɪv",,a.有理解力的,GRE
justifiable,'dʒʌstɪfaɪəbl,,a.有理由的,GRE
potent,'potnt,,"a.有力的, 有效的",GRE
lucrative,'lukrətɪv,,a.有利的,GRE
germane,dʒɝ'men,,a.有密切关系的,GRE
renowned,ri'naund,,"a.有名的, 有声誉的",GRE
titular,'tɪtʃəlɚ,,"a.有名无实的, 有资格的, 有头衔的",GRE
barred,bɑrd,,"a.有木栅的, 隔绝的, 被禁止的",GRE
tendentious,tɛn'dɛnʃəs,,"a.有倾向的, 有偏见的",GRE
fuzzy,'fʌzi,,"a.有绒毛的, 模糊的, 失真的",GRE
enterprising,'ɛntɚpraɪzɪŋ,,"a.有事业心的, 有进取心的, 有魄力的, 有胆量的, 富有进取心",GRE
pithy,'pɪθi,,"a.有髓的, 精练的",GRE
striated,'straieitid,,"a.有条纹的, 有细条的, 有线纹的",GRE
sanguine,'sæŋɡwin,,"a.有望的, 乐天的, 面色红润的, 血红色的, 满怀希望的, 指望的",GRE
chivalrous,'ʃɪvəlrəs,,a.有武士风度的，侠义的,GRE
foraminate,fə'ræmineit,,a.有小孔的,GRE
tacky,'tæki,,"a.有些粘的, 缺乏教养或风度的, 俗气的",GRE
gemmate,'dʒemeɪt,,a.有芽的,GRE
malleable,'mælɪəbl,,"a.有延展性的, 可锻的",GRE
salutary,'sæljə'tɛri,,a.有益的,GRE
beneficial,",bɛnɪ'fɪʃl",,"a.有益的, 受益的, [法律]有使用权的",GRE
salubrious,sə'lubrɪəs,,a.有益健康的,GRE
provident,'prɑvɪdənt,,a.有远见的,GRE
restorative,rɪ'stɔrətɪv,,a.有助于复元的,GRE
puerile,'pjʊəraɪl,,"a.幼稚的, 孩子气的, 未成熟的, 平庸的",GRE
seductive,sɪ'dʌktɪv,,a.诱人的,GRE
roundabout,'raʊndəbaʊt,,"a.迂回的, 转弯抹角的",GRE
periphrastic,",pɛrə'fræstɪk",,"a.迂回的, 转弯抹角的",GRE
circuitous,sɚ'kjʊɪtəs,,a.迂回线路的,GRE
ambagious,æm'beidʒəs,,"a.迂远的, 迂曲的",GRE
piscatorial,",pɪskə'tɔriəl",,"a.渔业的, 渔民的",GRE
gleeful,'ɡli:ful,,a.愉快的,GRE
blithe,blaɪð,,"a.愉快的, 高兴的",GRE
dulcet,'dʌlsɪt,,"a.愉快的, 美妙的, 悦耳的, <古> 美味的, 有香味的",GRE
daft,dæft,,a.愚蠢的,GRE
doltish,'dəultiʃ,,"a.愚蠢的, 愚钝的, 呆笨的",GRE
fatuous,'fætʃuəs,,"a.愚昧的, 昏庸的, 发呆的, 愚笨的, 自满的",GRE
foolhardy,'fulhɑrdi,,"a.愚勇的, 有勇无谋的",GRE
amoral,'e'mɔrəl,,"a.与道德无关的, 超道德的",GRE
cosmic,'kɑzmɪk,,a.宇宙的,GRE
fledged,flɛdʒd,,"a.羽毛丰满的, 快会飞的, 随时能飞的",GRE
pluvial,'plʊvɪəl,,"a.雨的, 有雨的, 多雨的, 洪水的",GRE
lingual,'lɪŋɡwəl,,a.语言的,GRE
morose,mə'ros,,"a.郁闷的, 乖僻的",GRE
prophylactic,",profə'læktɪk",,a.预防疾病的,GRE
anticipatory,"æn'tɪsəpə,tori",,"a.预料的, 预想的",GRE
prospective,prə'spɛktɪv,,a.预期的,GRE
portentous,pɔr'tɛntəs,,a.预示性的,GRE
premeditated,",pri'mɛdɪtetɪd",,"a.预想的, 预谋的",GRE
ominous,'ɑmɪnəs,,"a.预兆的, 恶兆的, 不吉利的",GRE
prescient,'prɛsɪənt,,"a.预知的, 预见的",GRE
incandescent,'ɪnkən'dɛsnt,,"a.遇热发光的, 白炽的",GRE
fabulous,'fæbjələs,,"a.寓言中的, 寓言般的, 神话般的, 传统上的, 惊人的, 难以置信的",GRE
primordial,praɪ'mɔrdɪəl,,a.原始的,GRE
primeval,prai'mi:vəl,,a.原始的,GRE
primitive,'prɪmətɪv,,"a.原始的, 远古的, 粗糙的, 简单的",GRE
sleek,slik,,a.圆滑的,GRE
plump,plʌmp,,"a.圆胖的, 丰满的, 鼓起的",GRE
rotund,ro'tʌnd,,"a.圆形的, 洪亮的",GRE
pelagic,pə'lædʒɪk,,"a.远洋的, 浮游的",GRE
euphonious,ju'fonɪəs,,a.悦耳,GRE
outre,'u:trei,,"a.越出常轨的, 过度的",GRE
operative,'ɑpərətɪv,,"a.运转着的, 有效验的, 手术的, 实施的",GRE
mumpish,'mʌmpiʃ,,a.愠怒的,GRE
sullen,'sʌlən,,"a.愠怒的, 沉沉不乐的, (天气等)阴沉的",GRE
mottled,'mɑtld,,"a.杂色的, 斑驳的",GRE
variegated,'vεəriəɡeitid,,"a.杂色的, 斑驳的, 多样化的",GRE
motley,'mɑtli,,"a.杂色的, 五颜六色的, 穿染色衣的, 混杂的",GRE
omnivorous,ɑm'nɪvərəs,,"a.杂食的, 什么都吃的, 什么都读的, 随手乱拿的",GRE
chary,ˈtʃeri,,"a.仔细的, 谨慎的, 吝啬的",GRE
ulterior,ʌl'tɪrɪɚ,,"a.在那边的, 较远的, 将来的, 隐蔽的",GRE
subcelestial,",sʌbsɪ'lɛstjəl",,"a.在天下面的, 尘世的",GRE
leeward,'liwɚd,,a.在下风方向的,GRE
temporary,'tɛmpə'rɛri,,"a.暂时的, 临时的, 临时性",GRE
laudatory,'lɔdətɔri,,"a.赞美的, 赞赏的",GRE
abortive,ə'bɔrtɪv,,"a.早产的, 流产的, 失败的",GRE
precocious,prɪ'koʃəs,,a.早熟的,GRE
rebellious,rɪ'bɛljəs,,"a.造反的, 反叛的, 反抗的, 难于对付的",GRE
vituperative,vi'tju:pərətiv,,a.责骂的,GRE
dyslogistic,",dɪslə'dʒɪstɪk",,a.责难的,GRE
strident,'straɪdnt,,"a.轧轧响的, 刺耳的, 尖锐的",GRE
sticky,'stɪki,,"a.粘的, 粘性的",GRE
slimy,'slaɪmi,,"a.粘糊糊的, (分泌)粘液的, 泥泞的",GRE
glutinous,'ɡlutənəs,,a.粘性的,GRE
viscous,'vɪskəs,,"a.粘性的, 粘滞的, 胶粘的",GRE
coherent,ko'hɪrənt,,"a.粘在一起的, 一致的, 连贯的",GRE
cohesive,ko'hisɪv,,a.粘着的,GRE
prevailing,pri'velɪŋ,,"a.占优势的, 主要的, 流行的",GRE
secular,'sɛkjəlɚ,,a.长期的,GRE
illuminating,ɪ'lʊmə'netɪŋ,,"a.照亮的, 启蒙的, 照明的",GRE
eclectic,ɪ'klɛktɪk,,"a.折衷的, 折衷学派的",GRE
possessed,pə'zɛst,,"a.着魔的, 疯狂的",GRE
chaste,tʃest,,"a.贞洁的, (思想, 言论, 尤其是性的节操)有道德的, 朴素的",GRE
vibrant,'vaɪbrənt,,a.振动,GRE
tremulous,'trɛmjələs,,a.震颤的,GRE
sedative,'sɛdətɪv,,"a.镇静的, 止痛的",GRE
polemic,pə'lɛmɪk,,a.争论的,GRE
eristic,e'ristik,,"a.争论的, 好争论的",GRE
prim,prɪm,,a.整洁的,GRE
natty,'næti,,a.整洁的,GRE
dapper,'dæpɚ,,"a.整洁的, 整齐的, 短小精悍的, 小巧玲珑的, 潇洒的, 衣冠楚楚的",GRE
trim,trɪm,,"a.整齐的, 整洁的",GRE
postprandial,",post'prændɪəl",,"a.正餐后的, 餐后的",GRE
obverse,'ɑbvɝs,,a.正面的,GRE
orthodoxy,'ɔrθədɑksi,,a.正统的,GRE
orthodox,'ɔrθədɑks,,"a.正统的, 传统的, 习惯的, 保守的, 东正教的",GRE
antithetic,",ænti'θetik,-kəl",,"a.正相反的, 对立的",GRE
confirmed,kən'fɝmd,,"a.证实的, 惯常的, 慢性的",GRE
knowledgeable,'nɑlɪdʒəbl,,"a.知识渊博的, 有见识的",GRE
adipose,'ædə'pos; 'ædə'poz,,"a.脂肪的, 肥胖的",GRE
intuitive,ɪn'tuɪtɪv,,a.直觉的,GRE
lineal,'lɪnɪəl,,"a.直系的, 正统的",GRE
commendable,kə'mɛndəbl,,a.值得表扬的,GRE
desirable,dɪ'zaɪərəbl,,"a.值得要的, 合意的, 令人想要的, 悦人心意的",GRE
laudable,'lɔdəbl,,"a.值得赞美的, 值得称赞的",GRE
botanical,bə'tænɪkl,,a.植物学的,GRE
analgesic,'ænl'dʒizɪk,,"a.止痛的, 不痛的",GRE
papyraceous,",pæpə'reʃəs",,"a.纸草的, 纸状的",GRE
pristine,'prɪstin,,a.质朴的,GRE
therapeutic,",θɛrə'pjutɪk",,"a.治疗的, 治疗学的",GRE
pestilent,'pestilənt,,a.致命的,GRE
lethal,'liθl,,a.致命的,GRE
thanatoid,'θænətɔid,,"a.致命的, 象死的, 死了一般的",GRE
retarded,rɪ'tɑrdɪd,,"a.智力迟钝的, 发展迟缓的",GRE
moderato,",mɑdə'rɑto",,a.中板的,GRE
moderate,"ˈmɑdərɪt; (for v.,) ˈmɑdərˌeɪt",,"a.中等的, 适度的, 适中的",GRE
interim,'ɪntərɪm,,"a.中间的, 临时的, 间歇的",GRE
medieval,",midɪ'ivəl",,"a.中世纪的, 仿中世纪的, 老式的, <贬>原始的",GRE
median,'midɪən,,"a.中央的, [数学] 中线的, 中值的",GRE
turgid,'tɝdʒɪd,,"a.肿的, 浮夸的",GRE
tumid,'tju:mid,,"a.肿胀的, 肿大的",GRE
multifarious,",mʌltɪ'fɛrɪəs",,"a.种种的, 各式各样的",GRE
seminal,'sɛmɪnl,,"a.种子的, 精液的, 生殖的",GRE
momentous,mo'mɛntəs,,"a.重大的, 重要的",GRE
hefty,'hɛfti,,"a.重的, 肌肉发达的",GRE
errant,'ɛrənt,,"a.周游的, 不定的, 错误的",GRE
porcine,ˈpɔːrsaɪn,,a.猪的,GRE
peptic,'pɛptɪk,,"a.助消化的, 胃蛋白酶的",GRE
cloistered,'klɔɪstɚd,,"a.住在修道院的, 隐居的",GRE
attentive,ə'tɛntɪv,,"a.注意的, 专心的, 留意的",GRE
beatific,",biə'tɪfɪk",,"a.祝福的, 快乐的, 幸福的",GRE
reputable,'rɛpjətəbl,,a.著名的,GRE
celebrated,'sɛlə'bretɪd,,a.著名的,GRE
grasping,'grɑːspɪŋ,,"a.抓的, 贪婪的, 握的",GRE
presumptuous,prɪ'zʌmptʃuəs,,a.专横的,GRE
imperious,ɪm'pɪrɪəs,,a.专横的,GRE
despotic,dɪ'spɑtɪk,,"a.专制的, 暴虐的",GRE
invert,'ɪnvɝt,,a.转化的,GRE
sublime,sə'blaɪm,,"a.庄严的, 崇高的, 壮观的, 卓越的, 极端的, 异常的",GRE
superb,/suːˈpɜːrb/,,"a.庄重的, 堂堂的, 华丽的, 极好的",GRE
sapient,'sepɪənt,,"a.装聪明样的, 自以为聪明的, 聪明的, 伶俐的, 有见识的",GRE
ironclad,'aɪɚnklæd,,"a.装甲的, 打不破的",GRE
pneumatic,numætɪk,,"a.装满空气的, 有气胎的, 汽力的, 风力的, 灵魂的",GRE
ornate,ɔr'net,,"a.装饰的, 华丽的, (文体)绚丽的",GRE
prudish,'prudɪʃ,,"a.装正经的, 过分规矩的",GRE
splendid,'splɛndɪd,,"a.壮丽的, 辉煌的, 极好的",GRE
surefire,"'ʃuə'faiə, 'ʃɔ:-",,"a.准不会有错的, 一定能达到目的的",GRE
scorching,'skɔrtʃɪŋ,,"a.灼热的, 激烈的",GRE
searing,'sɪrɪŋ,,a.灼热的，烫人的,GRE
preeminent,pri'ɛmɪnənt,,a.卓越的,GRE
predominant,prɪ'dɑmənənt,,"a.卓越的, 支配的, 主要的, 突出的, 有影响的",GRE
distinguished,dɪ'stɪŋgwɪʃt,,"a.卓著的, 著名的, 高贵的",GRE
filial,'fɪlɪəl,,"a.子女的, 孝顺的, 当做子女的",GRE
supercilious,",supɚ'sɪlɪəs",,"a.自大的, 傲慢的, 目空一切的",GRE
spontaneous,spɑn'tenɪəs,,"a.自发的, 自然产生的",GRE
upstage,",ʌp'stedʒ",,a.自负的,GRE
thrasonical,"θrə'sɔnikəl, θrei-",,"a.自夸的, (打击等)沉重的, 吹牛的",GRE
complacent,kəm'plesnt,,"a.自满的, 得意的",GRE
axiomatic,",æksɪə'mætɪk",,a.自明的,GRE
smug,smʌɡ,,a.自鸣得意的,GRE
pretentious,prɪ'tɛnʃəs,,a.自命不凡的,GRE
involuntary,ɪn'vɑləntɛri,,"a.自然而然的, 无意的, 不知不觉的, 偶然的, 不随意的",GRE
egocentric,",iɡo'sɛntrɪk",,"a.自我中心的, 利己主义的",GRE
perky,'pɝki,,"a.自信的, 得意洋洋的",GRE
conceited,kən'sitɪd,,"a.自以为是的, 逞能的, 狂想的",GRE
disengaged,",dɪsɪn'gedʒd",,"a.自由的, 闲散的, 空闲的",GRE
footloose,'fʊtluːs,,"a.自由自在的, 到处走动的",GRE
autonomous,ɔ'tɑnəməs,,a.自治的,GRE
integrated,'ɪntɪɡretɪd,,"a.综合的, 完整的",GRE
integrative,",ɪntə'ɡretɪv",,"a.综合的, 一体化的",GRE
gross,ɡros,,"a.总的, 毛重的",GRE
incendiary,ɪn'sɛndɪɛri,,"a.纵火的, 煽动的",GRE
stunning,'stʌnɪŋ,,"a.足以使人晕倒的, 极好的",GRE
baffling,'bæflɪŋ,,"a.阻碍的, 令人丧气的, 使困惑的, 令人莫名其妙的, 变幻的, 不可理解的",GRE
opprobrious,ə'prəubriəs,,"a.嘴不干净的, 无礼的, 粗野的, 该骂的, 可耻的",GRE
nethermost,'neðəməust,,"a.最底下的, 最下面的",GRE
superlative,suːˈpəːlətɪv,,a.最高的,GRE
empyreal,",empaɪ'rɪ,əl",,"a.最高天的, 苍天的, 九天的",GRE
ultimate,'ʌltəmət,,"a.最后的, 最终的, 根本的",GRE
proximate,'prɑksəmət,,a.最近的,GRE
overriding,",ovɚ'raɪdɪŋ",,a.最重要的；高于一切的,GRE
plastered,'plæstɚd,,a.醉醺醺的,GRE
reverent,'rɛvərənt,,"a.尊敬的, 虔诚的",GRE
stagy,'steidʒi,,a.做作的,GRE
abreast,ə'brɛst,,"ad.并肩地, 并排地",GRE
unawares,",ʌnə'wɛrz",,"ad.不料, 不知不觉地",GRE
exceedingly,ɪk'sidɪŋli,,"ad.非常地, 极度地",GRE
asunder,ə'sʌndə,,"ad.分离, 成碎片",GRE
galore,ɡə'lɔr,,ad.丰富地,GRE
summarily,"'sʌmərəli, sə'mεərəli",,"ad.概要地, 概略地, 立刻, 草率地",GRE
adagio,ə'dɑdʒɪo,,ad.缓慢地,GRE
allegro,ə'lɛgro,,ad.急速地,GRE
astray,ə'stre,,"ad.迷途地, 入歧途地",GRE
gratis,'grætɪs; 'grɑː-; 'greɪ-,,"ad.免费, 白送",GRE
expressly,ɪk'sprɛsli,,"ad.明白地, 特别地, 清楚地",GRE
gropingly,'grəupiŋli,,"ad.摸索着, 暗中摸索地",GRE
abask,ə'bæsk,,ad.暖洋洋地,GRE
proverbially,prə'və:biəli,,"ad.如谚语所说的, 众所周知的",GRE
incognito,",ɪnkɑɡ'nito",,"ad.隐名埋姓地, 化名地",GRE
incommodious,",inkə'məudjəs",,"a不便的, 偏促的,.狭窄的",GRE
hysterical,hɪ'stɛrɪkl,,"a.a歇斯底里的, 异常兴奋的",GRE
appreciative,ə'priʃətɪv,,"a.a欣赏的, 有欣赏力的, 表示感激的, 承认有价值的",GRE
heyday,'hede,,int.喜悦、惊奇时所发声音,GRE
rudiments,'ru:dimənts,,n.n 初步；入门,GRE
instigation,",insti'ɡeiʃən",,"n, 教唆,.鼓动, 煽动",GRE
helot,'helət,,n.（古希腊斯巴达的）奴隶,GRE
detente,de'tɑnt,,n.（国际关系等的）缓和,GRE
gardenia,ɡɑr'dinɪə,,n.〈植〉栀子栀子花,GRE
flatulence,'flætʃələns,,n.肠胃气胀,GRE
gorgon,'ɡɔ:ɡən,,n.丑陋可怕的女人,GRE
schlock,ʃlɔk,,n.次品，伪劣品，伪劣货,GRE
stoic,,,n.高度自制者；坚忍克己之人,GRE
blandishments,'blændɪʃmənts,,n.哄骗，劝诱,GRE
positiveness,'pɔzətivnis,,n.肯定；信心,GRE
temp,tɛmp,,n.临时雇员,GRE
doddle,'dɑdl,,n.轻而易举的事；不费吹灰之力的事,GRE
gleanings,'ɡlinɪŋz,,n.所拾得的落穗搜集到的情报或新闻,GRE
sellotape,'sɛlətep,,n.透明胶带（商标名称）,GRE
mongolism,'mɔŋɡəlizəm; mɔn-,,n.先天愚型病,GRE
mogul,"'məuɡəl, ,məu'ɡʌl",,n.显要人物；有权势的人,GRE
vicissitudes,vi'sisitju:dz,,n.兴衰；枯荣；变迁,GRE
pandemonium,",pændi'məunjəm",,n.喧嚣；大混乱；大吵大闹,GRE
mecca,'mekə,,n.众人渴望去的地方,GRE
heroics,,,n.装腔作势的豪言壮语,GRE
leviathan,lə'vaɪəθən,,"n.(《圣经》中象征邪恶的)海中怪兽, 巨物",GRE
carousal,kə'raʊzl,,n.(=carouse)喧闹的酒宴,GRE
haemostat,,,"n.(=hemostat][医)止血器, 止血药",GRE
carat,'kærət,,n.(=karat)克拉(宝石的重量单位),GRE
paranoid,'pærənɔɪd,,n.(=paranoiac)患妄想狂者,GRE
supplicant,'sʌplɪkənt,,"n.(=suppliant)恳求者, 恳请者",GRE
saturnalia,",sætə'neiliə, -ljə",,n.(1)(古罗马的)农神节(2)纵情狂欢,GRE
philistine,'fɪlɪstin,,n.(1)市侩；庸人(2)门外汉,GRE
spite,spaɪt,,"n.(in ～ of)不顾, 不管, 敌意",GRE
nap,næp,,"n.(白天)小睡, 打盹, 细毛, 孤注一掷",GRE
brim,brɪm,,"n.(杯, 碗等)边, 边缘, (河)边",GRE
papoose,pə'pus,,"n.(北美土人的)幼儿, 婴儿",GRE
consolation,ˌkɑnsəˈleʃən,,"n.(被)安慰, 起安慰作用的人或事物",GRE
effigy,'ɛfɪdʒi,,"n.(被憎恨或蔑视的人的)肖像, 雕像",GRE
harpoon,hɑr'pun,,n.(捕鲸用)鱼叉,GRE
seine,sen,,n.(捕鱼用的)拖拉大围网,GRE
sabotage,",sæbə'tɑʒ",,"n.(不满的职工或敌特等的)阴谋破坏, 怠工, 破坏",GRE
rebus,'ribəs,,n.(猜字的)画谜,GRE
curd,kɝd,,"n.(常用复数)凝块, 凝乳, 凝结物",GRE
puppy,'pʌpi,,"n.(常指未满一岁的)小狗, 小动物, 自负的青年",GRE
groove,ɡruv,,"n.(唱片等的) 凹槽, 惯例, 最佳状态",GRE
lampoon,læm'pun,,n.（嘲讽个人的）强烈讽刺文,GRE
lackey,'læki,,"n.(穿制服的) 男仆, 侍从, 马屁精",GRE
mermaid,'mɝmed,,"n.(传说中的)美人鱼, <美>女子游泳健将",GRE
conundrum,kə'nʌndrəm,,"n.(答案有双关意义的)谜语, 难题",GRE
pitcher,'pɪtʃɚ,,"n.(带柄和倾口的)大水罐, (棒球)投手",GRE
aviary,'evɪɛri,,"n.(动物园的)大型鸟舍, 鸟类饲养场",GRE
brood,brud,,"n.(动物中鸟或家禽的)一窝, (同种或同类的)一伙",GRE
habitat,'hæbə'tæt,,"n.(动植物的)生活环境, 产地、栖息地, 居留地, 自生地, 聚集处",GRE
nonobservance,",nɔnəb'zə:vəns",,"n.(对法律, 习俗等的)不遵守, 违反",GRE
fealty,'fi:əlti,,"n.(对封建主义的)效忠, 孝顺, 忠诚, 忠贞, 忠实",GRE
honorarium,",ɑnə'rɛrɪəm",,n.（对习俗或法律上不应取酬的服务的）酬劳（或答谢）,GRE
manor,'mænɚ,,"n.(封建领主的)领地, 庄园",GRE
goad,ɡod,,"n.(赶牲口用的)刺棒, 激励物, 刺激物",GRE
spasm,'spæzəm,,"n.(感情等)一阵发作, 痉挛",GRE
temper,'tɛmpɚ,,"n.(钢等)韧度, 回火, 性情, 脾气, 情绪, 心情, 调剂, 趋向",GRE
libretto,lɪ'brɛto,,n.(歌剧、音乐剧等的)歌词（或剧本）,GRE
avocation,'ævo'keʃən,,"n.(个人)副业, 业余爱好",GRE
melon,'mɛlən,,n.(各种的)瓜,GRE
numerology,",numə'rɑlədʒi",,n.(根据出生日期等数字来解释人的性格或占卜祸福的)数字命理学,GRE
cognomen,kɔɡ'nəumen,,"n.(古罗马人的)姓, 名字(尤指绰号)",GRE
hecatomb,"'hɛkə,tom",,"n.(古希腊的)大祭,百牲祭, 大屠杀",GRE
pillory,'pɪləri,,"n.（古刑具）颈手枷, 示众",GRE
emission,ɪ'mɪʃən,,"n.(光、热等的)散发, 发射, 喷射",GRE
husk,hʌsk,,"n.（果类或谷物的）外壳(通常用复数), 皮, 无价值之物",GRE
hull,hʌl,,"n.(果实等的)外壳, 船体, Hull赫尔",GRE
loam,lom,,n.（含有黏土、沙以及有机物质的）肥土,GRE
buoy,'bʊi,,"n.(湖, 河等中的)浮标, 浮筒, 救生圈",GRE
consignment,kən'saɪnmənt,,"n.(货物的)交托, 交货, 发货, 运送, 托付物, 寄存物",GRE
snips,snips,,n.(剪金属板的)铁剪，铁铗,GRE
hovel,'hʌvl,,"n.(简陋而不适于居住的)小屋, 杂物间, 家畜小屋",GRE
buttress,'bʌtrəs,,"n.(建筑)扶壁, 支持物",GRE
dross,drɔs,,"n.(金属熔化时浮升至表面的)渣滓, 无用之物",GRE
thimbleful,'θɪmb(ə)lfʊl; -f(ə)l,,n.(酒等的)极少量,GRE
lint,lɪnt,,n.（旧时作）绷带用软麻布,GRE
impresario,",ɪmprə'sɑrɪo",,"n.(剧团)经理, 乐队指挥, 演出者, 舞台监督",GRE
nepenthe,nɪ'pɛnθi,,"n.(据传说古希腊人用的)忘忧药, 解忧烦之物",GRE
roster,'rɑstɚ,,"n.(军队等的)值勤人, 名簿, 花名册, 逐项登记表",GRE
skewer,'skjʊɚ,,"n.(烤肉用的)串肉扦, 扦, 棒",GRE
rucksack,'rʊksæk,,n.(旅行用)帆布背包,GRE
prance,præns,,"n.(马)后足立地腾跃, 昂首阔步",GRE
puissance,"'pju:isəns, 'pwis-",,"n.(马的)越障能力测试, <古>权力, 权势, 力量, 影响",GRE
hinge,hɪndʒ,,"n.（门、盖等的）铰链, 枢纽, 关键",GRE
batch,bætʃ,,"n.(面包等)一炉, 一批",GRE
cicerone,",sɪsə'roni",,n.(名胜古迹的)导游,GRE
salaam,sə'lɑm,,"n.(穆斯林的)额手礼, 问安, 敬礼",GRE
physique,fɪ'zik,,"n.(男子的)体格, 体形",GRE
horn,hɔrn,,"n.(牛、羊等的)角, 喇叭, 触角",GRE
fume,fjum,,"n.(浓烈或难闻的)烟, 气体, 一阵愤怒(或不安)",GRE
parasol,'pærəsɔl,,n.(女用)阳伞,GRE
coquetry,'kokɪtri,,"n.(女子)玩弄男人, 卖弄风骚, 撒娇, 献媚",GRE
fleck,flɛk,,"n.(皮肤的)斑点, 雀斑, 斑纹, 微粒",GRE
blockbuster,'blɑkbʌstɚ,,"n.(破坏力极大的)巨型炸弹, 一鸣惊人者",GRE
penchant,'pentʃənt,,"n.(强烈的)倾向, 趣味",GRE
crevice,'krɛvɪs,,"n.(墙壁, 岩石等的)裂缝",GRE
recess,'risɛs,,"n.(墙壁等的)凹进处, [解]隐窝",GRE
brink,brɪŋk,,n.(峭岸、崖的)边缘,GRE
harness,'hɑrnɪs,,"n.(全套)马具, 系在身上的绳子, 甲胄",GRE
fang,fæŋ,,"n.(犬, 狼等的)尖牙, 犬牙, (毒蛇的)毒牙, 牙根, 尖端",GRE
halo,'helo,,"n.（日月周围的）晕轮, 光环, 荣光",GRE
oasis,o'esɪs,,"n.(沙漠中)绿洲,舒适的地方",GRE
cashier,kæ'ʃɪr,,"n.(商店等的)出纳员, (银行或公司的)司库",GRE
venom,'vɛnəm,,"n.(蛇的)毒液, 恶意, 怨恨",GRE
stale,stel,,n.(牲畜等的)尿,GRE
morsel,'mɔrsl,,"n.(食物)一口, 少量",GRE
mandate,'mændet,,"n.(书面)命令, 训令, 要求, (前国际联盟的)委任托管权",GRE
cinch,sintʃ,,"n.(束马鞍用的)肚带, <俗>紧握, <俚>容易做的, 有把握的事情",GRE
pulp,pʌlp,,"n.(水果的)果肉, 纸浆",GRE
lasso,'læso,,n.(套捕牛、马等用的)套索,GRE
pergola,'pɝɡələ,,"n.（藤本植物的）棚架, 藤架, 绿廊, 凉棚",GRE
pullet,'pʊlɪt,,n.(通常指孵出后不到一年的)小母鸡,GRE
divestiture,dɪ'vɛstɪtʃɚ,,"n.(头衔,财产权利等的)剥夺, 脱衣",GRE
spatula,'spætʃələ,,"n.(涂油漆, 涂药等)抹刀, 压舌板",GRE
tenure,'tɛnjɚ,,"n.(土地等的)使用和占有, (官职等的)保有, 任期, (土地)使用期限",GRE
autopsy,'ɔtɑpsi,,"n.(为查明死因而做的)尸体解剖, 验尸",GRE
apology,ə'pɑlədʒi,,"n.(为某种思想, 宗教, 哲学等)辩解, 道歉",GRE
fawn,fɔn,,"n.(未满一岁的)小鹿, 小山羊, 小动物, 鹿毛色, 浅黄褐色",GRE
couch,kaʊtʃ,,"n.(文学)床, 睡椅",GRE
protagonist,prə'tæɡənɪst,,"n.(戏剧, 故事, 小说中的)主角, 领导者, 积极参加者",GRE
finale,fɪ'næli,,"n.(戏剧的)最后一场, 结局, 终了, 最后的一个乐章, 终曲",GRE
hone,hon,,"n.（细）磨（刀）石, 油石, [方言]抱怨, 想念",GRE
halcyon,'hælsɪən,,n.（相传冬至时能使海平面平静的）翠鸟,GRE
clot,klɑt,,n.(血液等的)凝块,GRE
peroration,",pɛrə'reʃən",,"n.（演讲的）结束语, 演讲高谈阔论",GRE
retinue,'rɛtənu,,"n.(要人的一批)随行人员, 扈从",GRE
skein,sken,,"n.(一)束, (一)群, 一团糟",GRE
connoisseur,",kɑnə'sɝ",,"n.(艺术品的)鉴赏家, 鉴定家, 内行",GRE
tempo,'tɛmpo,,"n.(音乐)速度、拍子, 发展速度",GRE
implosion,ɪm'ploʒən,,"n.(音声)内破裂, 闭塞",GRE
kernel,'kɝnl,,"n.(硬壳果)仁, (去壳的)麦粒, 谷粒, (事物、问题的)核心, 要点, 精髓, 内核",GRE
flick,flɪk,,"n.(用鞭)快速的轻打, 轻打声, 弹开",GRE
taking,'tekɪŋ,,"n.(用复数)营业收入, 取得, 捕获",GRE
lingo,'lɪŋgo,,"n.（尤指）方言, 行话, 隐语",GRE
advent,'ædvənt,,"n.(尤指不寻常的人或事)出现, 到来",GRE
neonate,'nionet,,n.(尤指出生不满一个月的)婴儿,GRE
edification,",ɛdɪfɪ'keʃən",,"n.(尤指道德或精神方面的)教诲, 启迪, 熏陶",GRE
amnesty,'æmnəsti,,n.(尤指对反政府政治犯的)特赦,GRE
nullity,'nʌləti,,"n.(尤指法律上的)无效, 无效的行为, 无效的证书",GRE
jamboree,",dʒæmbə'ri",,"n.(尤指国际性或全国性的)少年团体大会,喧闹的娱乐会,狂欢活动",GRE
pogrom,'poɡrəm,,n.(尤指沙俄时对犹太人的) 大屠杀,GRE
corniche,'kɔ:niʃ,,n.(尤指沿山崖筑出视界开阔的)滨海路(亦作corniche road),GRE
nosegay,'nəuzɡei,,n.(尤指有香味的)花束,GRE
carnage,'kɑrnɪdʒ,,"n.(尤指在战场上的)残杀, 大屠杀, 流血",GRE
dune,dʊn,,n.(由风吹积而成的)沙丘,GRE
burlap,'bɝlæp,,n.(由黄麻制的做麻袋等用的)粗麻布,GRE
bibliography,",bɪblɪ'ɑɡrəfi",,"n.(有关一个题目或一个人的)书目, 参考书目",GRE
capitulation,"kə,pitju'leiʃən",,"n.(有条件的)投降, 投降条约",GRE
spawn,spɔn,,"n.(鱼等的)卵, (植物)菌丝, 产物",GRE
delirium,dɪ'lɪrɪəm,,"n.(暂时的)精神狂乱, 精神错乱, 说谵语状态, 狂语, 精神极度兴奋",GRE
caucus,'kɔkəs,,"n.(政党的)领导人秘密会议, 核心小组会议",GRE
malversation,",mælvə:'seiʃən",,"n.(政府机关等的)腐败行为, 渎职, 贪污, 盗用",GRE
schism,'skɪzəm,,"n.(政治组织等的)分裂, 教派",GRE
texture,'tɛkstʃɚ,,"n.(织品的)质地, (木材, 岩石等的)纹理, (皮肤)肌理, (文艺作品)结构",GRE
disparity,dɪ'spærəti,,"n.(职位、数量、质量等)不一致, 不同, 不等",GRE
pith,pɪθ,,"n.(植物的)木髓, 骨髓, 重要部分, 核心, 意义, 精华, 精力",GRE
mucilage,'mjʊsəlɪdʒ,,"n.(植物的)黏液, 胶水",GRE
cortex,'kɔrtɛks,,"n.(植物的)皮层, 树皮, (脑或肾的)皮层, 皮质",GRE
balm,bɑm,,"n.(止痛或疗伤的)香油, 香膏, 安慰物",GRE
seneschal,'sɛnɪfəl,,n.(中世纪贵族城堡中)管家,GRE
repertoire,'rɛpɚ'twɑr,,"n.(准备好演出的)节目, 保留剧目, (计算机的)指令表, 指令系统, <美>(某个人的)全部技能",GRE
taboo,tə'bu,,"n.(宗教)禁忌、避讳, 禁止接近, 禁止使用",GRE
acrobat,'ækrəbæt,,"n.(走钢丝的)杂技演员, 随机应变者, 翻云覆雨者",GRE
barrier,'bærɪɚ,,"n.(阻碍通道的)障碍物, 栅栏, 屏障",GRE
amalgam,ə'mælɡəm,,"n.[采矿]汞合金, 汞齐",GRE
fetter,'fɛtɚ,,"n.[常用复]脚镣, 羁绊, 束缚",GRE
shard,ʃɑrd,,n.[瓷]碎片破片,GRE
stratum,'stretəm,,"n.[地] 地层, [生](组织的)层, 社会阶层",GRE
ooze,uz,,n.[地] 软泥,GRE
liman,li'mɑ:n,,"n.[地]漓漫,大河口湾,泻湖",GRE
landslide,'lændslaɪd,,"n.[地]山崩, 崩塌的泥石",GRE
mesa,'meisə,,"n.[地]台地, 岩石台地, 平顶山",GRE
acclivity,ə'klɪvəti,,n.[地]向上的斜坡,GRE
petrology,pə'trɑlədʒi,,n.[地]岩石学,GRE
shale,ʃel,,"n.[地]页岩, 泥板岩",GRE
isthmus,'ɪsməs,,"n.[地理]地峡, 峡部",GRE
gneiss,naɪs,,n.[地质]片麻岩,GRE
anode,'ænod,,"n.[电]阳极, 正极",GRE
spat,spæt,,"n.[动] 蚝卵, 口角, 掌击",GRE
chipmunk,'tʃɪpmʌŋk,,n.[动] 花栗鼠,GRE
gull,ɡʌl,,"n.[动] 鸥, 易受骗之人, 笨人",GRE
roe,ro,,"n.[动](=roe deer)狍(分布于欧亚两洲), (3岁以上的)雌鹿, (还在雌鱼卵巢中的)鱼卵, (充满精液的)雄鱼生殖腺, (木材纵剖面的)鱼卵形黑色斑纹",GRE
falcon,'fælkən,,n.[动](猎鸟用的)猎鹰,GRE
skunk,skʌŋk,,"n.[动]臭鼬, 臭鼬皮, 讨厌鬼",GRE
python,,,"n.[动]大蟒, 巨蟒",GRE
kangaroo,",kæŋɡə'ru",,n.[动]袋鼠,GRE
terrapin,'tɛrəpɪn,,n.[动]龟鳖类,GRE
actinia,æk'tiniə,,n.[动]海葵,GRE
walrus,'wɔlrəs,,"n.[动]海象, 海象胡须",GRE
porcupine,'pɔrkjə'paɪn,,"n.[动]豪猪, 箭猪",GRE
locust,'lokəst,,"n.[动]蝗虫, 蚱蜢, 蝉",GRE
canary,kə'nɛri,,"n.[动]金丝雀, 淡黄色",GRE
tadpole,'tæd'pol,,n.[动]蝌蚪,GRE
iguana,ɪ'ɡwɑnə,,n.[动]鬣蜥(一种产于南美洲和西印度群岛的大蜥蜴),GRE
owl,aʊl,,"n.[动]猫头鹰, 枭, 惯于晚上活动的人Object Window Library, Borland C++ 的类库",GRE
cougar,'kuɡɚ,,n.[动]美洲狮(尤指Felis concolor),GRE
cuttlefish,'kʌtlfɪʃ,,"n.[动]墨鱼, 乌贼",GRE
oyster,'ɔɪstɚ,,"n.[动]牡蛎, 蚝, 沉默者",GRE
finch,fɪntʃ,,"n.[动]雀类(如燕雀,金翅雀等)",GRE
mollusk,'mɔləsk,,n.[动]软体动物,GRE
buzzard,'bʌzəd,,"n.[动]秃鹰类, 贪婪的人",GRE
hyena,haɪ'inə,,"n.[动]土狼, 鬣狗",GRE
ecdysis,'ɛkdɪsɪs,,"n.[动]蜕皮, 蜕化",GRE
exuviae,ɪg'zʊvji,,"n.[动]脱落的皮, 空壳",GRE
scorpion,skɔrpɪən,,"n.[动]蝎子, 心黑的人, 蝎子鞭, <俚>直布罗陀人",GRE
cheetah,'tʃitə,,"n.[动]印度豹（一种似豹的动物, 产于南亚及非洲）",GRE
weasel,'wiːzl,,"n.[动]鼬鼠, 黄鼠狼, 狡猾的人, 告密者, 含糊话",GRE
sable,'sebl,,"n.[动]紫貂, 黑貂, 黑貂皮, 丧服",GRE
stymie,'staimi,,n.[高尔夫]妨碍球,GRE
relict,'rɛlɪkt,,"n.[古]未亡人, 寡妇, 残余物, [生物, 生态]残余体",GRE
mastodon,"'mæstə,dɑn",,"n.[古生]乳齿象, 庞然大物",GRE
calcium,'kælsɪəm,,n.[化]钙(元素符号Ca),GRE
alkali,'ælkə'lai,,n.[化]碱,GRE
aluminium,",æljə'mɪnɪəm",,n.[化]铝,GRE
coacervate,"kəu'æsəveit, ,kəuə'sə:vət",,n.[化]凝聚层,GRE
arsenic,'ɑrsnɪk,,"n.[化]砷, 砒霜",GRE
litmus,'lɪtməs,,n.[化]石蕊,GRE
bromide,'bromaɪd,,n.[化]溴化物,GRE
tache,"tætʃ, tɑ:ʃ",,"n.[画]色彩, 斑点, 搭扣, 钩扣, 纽带, 环节",GRE
ledger,'lɛdʒɚ,,"n.[会计]分类帐, 分户总帐, 底帐, [建](手脚架上的)横木",GRE
cog,kɑɡ,,"n.[机]嵌齿, 小船",GRE
sacrament,'sækrəmənt,,"n.[基督教] 圣礼, (the sacrament) 基督教圣餐",GRE
installation,'ɪnstə'leʃən,,"n.[计]安装, 装置, 就职",GRE
compatibility,"kəm,pætə'bɪləti",,n.[计]兼容性,GRE
scaffold,'skæfold,,"n.[建] 脚手架,绞刑台",GRE
portico,'pɔrtɪko,,"n.[建](有圆柱的)门廊, 柱廊",GRE
fretwork,'frɛtwɝk,,n.[建]浮雕细工,GRE
larynx,'lærɪŋks,,n.[解] 喉,GRE
leucocyte,'lukəsaɪt,,"n.[解]白细胞, 白血球",GRE
pituitary,pɪ'tuətɛri,,n.[解]垂体,GRE
iris,'aɪrɪs,,"n.[解]虹膜, 鸢尾属植物, [希神]彩虹之女神, 虹, 虹彩",GRE
ankle,'æŋkl,,n.[解]踝,GRE
navel,'nevl,,"n.[解]脐, 肚脐, 中央, 中心点",GRE
palate,'pælət,,"n.[解]上腭, 味觉, 趣味",GRE
synapse,ˈsɪnˌæps; sɪˈnæps,,"n.[解]神经原的神经线连接, 神经键",GRE
oesophagus,ɪ'sɑfəɡəs,,n.[解]食管,GRE
pancreas,'pæŋkrɪəs,,n.[解]胰腺,GRE
anvil,'ænvɪl,,n.[解]砧骨,GRE
canine,'kenaɪn,,n.[解剖]犬齿,GRE
gland,ɡlænd,,"n.[解剖]腺, [机械]密封管",GRE
chevron,'ʃɛvrən,,n.[军](军人佩戴以示军衔和军兵种的)v形臂章,GRE
epaulet,'epəlet,,"n.[军]肩章, 肩饰",GRE
blitz,blɪts,,n.[军]闪电战,GRE
echelon,'ɛʃəlɑn,,"n.[军]梯形, 梯阵, 梯次编队",GRE
megalith,'mɛɡəlɪθ,,n.[考古](古建筑用的)巨石,GRE
turquoise,'tɝkwɔɪz,,"n.[矿]绿宝石, 绿松石色, 青绿色",GRE
amethyst,'æməθɪst,,"n.[矿]紫水晶, 紫色",GRE
emerald,'ɛmərəld,,"n.[矿]祖母绿, 翡翠, 绿宝石, 翠绿色",GRE
termite,'tɝmaɪt,,n.[昆]白蚁,GRE
diminuendo,"dɪ,mɪnju'ɛndo",,n.[乐]渐弱演奏(部分),GRE
flora,'flɔrə,,n.[罗神]花神,GRE
misprision,",mis'priʒən",,"n.[律](公职人员的)玩忽职守, 渎职, 包庇罪行, 蔑视政府(或法庭)",GRE
verdict,'vɝdɪkt,,"n.[律](陪审团的)裁决, 判决, 判断, 定论, 结论",GRE
plaintiff,'plentɪf,,"n.[律]起诉人, 原告",GRE
spinster,'spɪnstɚ,,"n.[律]未婚妇女, 老处女",GRE
codicil,'kɑdəsl,,"n.[律]遗嘱的附录, 附录",GRE
felony,'fɛləni,,n.[律]重罪,GRE
tenon,'tenən,,"n.[木工]榫, 凸榫",GRE
barn,bɑrn,,"n.[农]谷仓, 畜棚, 畜舍, 机器房",GRE
karate,kə'rɑ:te,,n.[日] 空手道(日本的一种徒手自卫武术),GRE
autotype,"'ɔtə,taɪp",,"n.[摄](相片的)碳印法, 用碳印法印成的相片, 复写",GRE
epidermis,",ɛpɪ'dɝmɪs",,"n.[生]表皮, 上皮",GRE
atavism,"'ætə,vɪzəm",,"n.[生]隔代遗传, 返祖现象",GRE
symbiosis,",sɪmbaɪ'osɪs",,"n.[生]共生(现象), 合作(或互利,互依)关系",GRE
genome,'dʒinom,,"n.[生]基因组,染色体组",GRE
pigment,'pɪgmənt,,"n.[生]色素, 颜料",GRE
cytology,saɪ'tɑlədʒi,,n.[生]细胞学,GRE
toxin,'tɑksɪn,,n.[生化][生]毒素,GRE
enzyme,'ɛnzaɪm,,n.[生化]酶,GRE
zygote,'zaɪɡoʊt,,"n.[生物] 受精卵, 接合子, 接合体",GRE
chromosome,'kroməsom,,n.[生物]染色体,GRE
histology,hɪ'stɑlədʒi,,n.[生物]组织学,GRE
steed,sti:d,,"n.[诗]马, 战马",GRE
behest,bɪ'hɛst,,"n.[诗]命令, 吩咐, 要求",GRE
villein,'vɪlen,,"n.[史]农奴, 佃农",GRE
perimeter,pə'rɪmɪtɚ,,"n.[树数] 周长, 周界",GRE
parabola,pə'ræbələ,,n.[数] 抛物线,GRE
trapezium,træ'pizɪəm,,"n.[数]不等边四边形, 梯形",GRE
theorem,'θiərəm,,"n.[数]定理, 法则",GRE
axiom,'æksɪəm,,n.[数]公理,GRE
intersection,",ɪntɚ'sɛkʃən",,"n.[数]交集, 十字路口, 交叉点",GRE
ellipse,ɪ'lɪps,,"n.[数]椭圆, 椭圆形",GRE
nadir,'nedɪr,,"n.[天] 天底, 最底点, 最低点",GRE
penumbra,pɪ'nʌmbrə,,n.[天]（日蚀、月蚀或太阳黑子的）半影,GRE
perigee,'pɛrɪdʒi,,n.[天]近地点,GRE
constellation,",kɑnstə'leʃən",,"n.[天]星群, 星座, 灿烂的一群",GRE
requiem,"'rekwiəm, 'rei-, 'ri:-",,"n.[天主教]安灵祢撒, 安灵曲, 挽歌, 悲歌",GRE
penance,'pɛnəns,,"n.[天主教]忏悔, 苦修",GRE
virus,'vaɪrəs,,"n.[微]病毒, 滤过性微生物, 毒害, 恶毒",GRE
feedback,'fidbæk,,"n.[无]回授, 反馈, 反应",GRE
trajectory,trə'dʒɛktəri,,"n.[物](射线的) 轨道, 弹道, 轨线",GRE
polarization,",polərɪ'zeʃən",,"n.[物]偏振(现象),极化(作用),两极化,分化",GRE
nectar,'nɛktɚ,,"n.[希神] 神酒, 任何美味的饮料, 花蜜, 甘露",GRE
nymph,nɪmf,,"n.[希神][罗神]居于山林水泽的仙女, 美丽的少女",GRE
cornucopia,'kɔrnjʊ'kopɪə,,"n.[希神]哺乳宙斯的羊角, 满装花果象征丰饶的羊角(通常用于绘画或雕刻中), 丰富, 丰饶",GRE
mentor,,,"n.[希神]门特(良师益友), 贤明的顾问, 导师, 指导者",GRE
chimera,kai'miərə,,"n.[希神]狮头, 羊身, 蛇尾的吐火怪物, 妖怪, 狂想",GRE
aegis,'idʒɪs,,"n.[希神]羊皮盾, 保护, 庇护, 支持",GRE
schizophrenia,",skɪtsə'frinɪə",,n.[心]精神分裂症,GRE
paranoia,",pærə'nɔɪə",,"n.[心]妄想狂, 偏执狂",GRE
misoneist,",mist",,n.[心]厌新者,GRE
autism,'ɔtɪzəm,,"n.[心]自我中心主义, 孤独症",GRE
hyperbole,haɪ'pɝbəli,,n.[修辞]夸张法,GRE
simile,'sɪməli,,"n.[修辞]明喻, 明喻的说法, 明喻的词语用法",GRE
metaphor,'mɛtəfɚ,,"n.[修辞]隐喻, 暗喻, 比喻说话",GRE
pneumonia,nʊ'monɪə,,n.[医] 肺炎,GRE
laryngitis,'lærɪn'dʒaɪtɪs,,n.[医] 喉炎,GRE
leprosy,'lɛprəsi,,"n.[医] 麻疯病, 腐败",GRE
dyslexia,dɪs'lɛksɪə,,n.[医] 诵读困难,GRE
diabetes,",daɪə'bitiz",,"n.[医] 糖尿病, 多尿症",GRE
trauma,'traʊmə,,"n.[医] 外伤, 损伤",GRE
nanism,'neɪnɪzəm,,"n.[医]矮小, 侏儒症,[植]矮态",GRE
cretin,'kritn,,n.[医]白痴病患者,GRE
emetic,i'metik,,n.[医]催吐剂,GRE
catharsis,kə'θɑrsɪs,,"n.[医]导泻(尤指通便), 泻法, [精神病](精神或心理)疏泄, 宣泄",GRE
mania,'menɪə,,"n.[医]颠狂, 狂躁, 癖好, 狂热",GRE
allopathy,ə'lɑpəθi,,n.[医]对抗疗法,GRE
cachexia,kə'kɛksɪə,,"n.[医]恶疾, 萎靡不振, 极瘦弱, 萎靡不振",GRE
suture,'sutʃɚ,,"n.[医]缝合, 缝合处, 缝合用的线",GRE
hepatitis,",hɛpə'taɪtɪs",,n.[医]肝炎,GRE
anabiosis,",ænəbaɪ'osɪs",,"n.[医]回生, 复苏",GRE
orthodontics,",ɔrθə'dɑntɪks",,"n.[医]畸齿矫正(术), 正牙学",GRE
vaccination,",væksn'eʃən",,"n.[医]接种疫苗, 种痘, 牛痘疤",GRE
antidote,'æntɪdot,,"n.[医]解毒剂, 矫正方法",GRE
acrophobia,",ækrə'fobɪə",,n.[医]恐高症,GRE
megalomania,",mɛɡələ'menɪə",,"n.[医]夸大狂, 妄自尊大",GRE
canker,'kæŋkɚ,,"n.[医]溃疡, [植](树的)癌肿病, 腐败",GRE
measles,'mizəlz,,"n.[医]麻疹, 风疹, 包虫病, 痧子",GRE
allergy,'ælɚdʒi,,"n.[医]敏感症, <口>反感",GRE
sepsis,'sɛpsɪs,,"n.[医]脓毒病, 脓血症",GRE
anoxia,æn'ɑksɪə,,n.[医]缺氧症,GRE
astigmatism,ə'stɪɡmətɪzəm,,"n.[医]散光, 因偏差而造成的曲解或错判",GRE
typhoid,'taɪfɔɪd,,n.[医]伤寒症,GRE
oxyopia,,,n.[医]视觉锐敏,GRE
atrophy,'ætrəfi,,"n.[医]萎缩, 萎缩症",GRE
gastritis,ɡæ'straɪtɪs,,n.[医]胃炎,GRE
dyspepsia,dɪs'pɛpʃə,,"n.[医]消化不良, 胃弱",GRE
pediatrics,",pidi'ætrɪks",,n.[医]小儿科,GRE
asthma,'æzmə,,n.[医]哮喘,GRE
haemophilia,",hɛmo'fɪlɪr",,"n.[医]血友病, 出血不止症",GRE
ophthalmology,",ɑfθæl'mɑlədʒi",,n.[医]眼科学,GRE
claustrophobia,'klɔstrə'fobɪə,,n.[医]幽闭恐怖症,GRE
tranquillizer,"'træŋkwi,laizə(r)",,"n.[医]镇定剂, 使镇定的人或物",GRE
bronchitis,brɑŋ'kaɪtɪs,,n.[医]支气管炎,GRE
glamour,'ɡlæmə,,"n.[亦作glamor] 魔力, 魅力",GRE
mould,məuld,,"n.[亦作mold] 肥土, 壤土, [亦作mold] 霉, 模具",GRE
percussionist,pɚ'kʌʃənɪst,,"n.[音]打击乐器乐手,弹击乐器弹奏者",GRE
timbre,'tæmbɚ,,"n.[音]音品, 音色, 音质",GRE
sonata,sə'nɑtə,,n.[音]奏鸣曲,GRE
gamut,'gæmət,,"n.[音乐]全音阶, 长音阶, 全音域",GRE
stereotype,'stɛrɪətaɪp,,"n.[印]铅版, 陈腔滥调, 老套",GRE
guru,'ɡʊru,,"n.[印度教](个人的)宗教老师(或指导), (受下属崇敬的)领袖, 头头",GRE
exchequer,ɪks'tʃɛkɚ,,"n.[英史]财物署, 国库, 财源, 财政部",GRE
salmon,'sæmən,,"n.[鱼]鲑鱼, 大麻哈鱼, 鲜肉色",GRE
smelt,smɛlt,,n.[鱼]胡瓜鱼,GRE
trawl,trɔl,,n.[渔] 拖网,GRE
euphemism,'jufəmɪzəm,,n.[语法]委婉的说法,GRE
agnostic,æg'nɑstɪk,,n.[哲]不可知论者,GRE
ontology,ɑn'tɑlədʒi,,n.[哲]存在论,GRE
epistemology,"ɪ,pɪstə'mɑlədʒi",,n.[哲]认识论,GRE
nihilism,'naɪɪlɪzəm,,"n.[哲]虚无主义, 极端怀疑论",GRE
orchid,'ɔrkɪd,,"n.[植] 兰, 兰花, 淡紫色",GRE
heliotrope,'hɛlɪətrop,,"n.[植] 向日葵, 天芥菜属植物, 该植物的花香, 淡紫色",GRE
mum,mʌm,,"n.[植](=chrysanthemum)菊花, 沉默",GRE
eucalyptus,",jukə'lɪptəs",,n.[植]桉树,GRE
cypress,'saɪprəs,,"n.[植]柏科树的, 柏木属植物(原产北美、欧、亚), 柏树枝(用作哀悼的标志)",GRE
maple,'mepl,,"n.[植]枫, 枫木, 淡棕色",GRE
fern,fɝn,,n.[植]蕨类植物,GRE
tuber,'tʊbɚ,,"n.[植]块茎, 突起, [解]结节",GRE
asparagus,ə'spærəgəs,,n.[植]芦笋,GRE
pecan,pɪ'kɑn,,"n.[植]美洲山核桃树, 美洲山核桃",GRE
sphagnum,'sfægnəm,,n.[植]泥炭藓,GRE
heath,hiθ,,"n.[植]石南, 石南树丛",GRE
conifer,'kɑnəfɚ,,"n.[植]松类, 针叶树",GRE
fig,fɪɡ,,"n.[植]无花果, 无花果树, 无价值的东西, 少许, 一些, 服装",GRE
cactus,'kæktəs,,n.[植]仙人掌,GRE
vanilla,və'nɪlə,,"n.[植]香草, 香子兰",GRE
oak,ok,,"n.[植]橡树, 橡木",GRE
acorn,'ekɔrn,,"n.[植]橡树果, 橡子",GRE
almond,ˈɑːmənd,,"n.[植]杏树, 杏仁, 杏仁壮物",GRE
lavender,'lævəndɚ,,"n.[植]熏衣草属, 熏衣草花, 淡紫色",GRE
tare,tɛr,,"n.[植]野碗豆, 毒麦, 皮重",GRE
elm,ɛlm,,n.[植]榆树,GRE
laurel,'lɔrəl,,"n.[植]月桂树, 桂冠, 殊荣",GRE
mycology,maɪ'kɑlədʒi,,n.[植]真菌学,GRE
vegetation,'vɛdʒə'teʃən,,"n.[植]植被, (总称)植物、草木, (植物的)生长、呆板单调的生活",GRE
papyrus,pə'paɪrəs,,"n.[植]纸草, 草制成之纸",GRE
oracle,'ɔrəkl,,"n.[宗](古希腊)神谕, 预言, 神谕处, 神使, 哲人, 圣贤美国ORACLE公司, 主要生产数据库产品, 也是主要的网络计算机的倡导者",GRE
Bible,'baɪbl,,n.《圣经》,GRE
mongrel,'mʌŋɡrəl,,"n.<贬>杂种(指人), 杂种狗, 混血儿",GRE
putsch,'putʃ,,"n.<德>起义,暴动,造反,政变",GRE
dossier,do'sjɛi,,"n.<法> 档案, 卷宗",GRE
jacal,hɑ'kɑl,,n.<法>（墨西哥和美国西部的）小茅屋,GRE
reflet,rə'fle,,"n.<法>(陶瓷器等表面的)光彩, 光泽",GRE
elite,ɪˈliːt,,"n.<法>[集合名词]精华, 精锐, 中坚分子",GRE
conge,'kɔ:nʒei,,"n.<法>撤职, 解任, 告辞",GRE
voyeur,vɔɪ'jɝ,,"n.<法>窥淫狂病人,偷看下流场面的人",GRE
entrepreneur,ˌɑntrəprəˈnɝ​,,"n.<法>企业家, 主办人",GRE
ensemble,ɑn'sɑmbl,,"n.<法>全体, [音]合唱曲, 全体演出者",GRE
auberge,əu'berʒ,,"n.<法>小客栈, 小旅馆",GRE
lentitude,'lentitju:d,,"n.<古> 缓慢, 懒散",GRE
rue,ru,,"n.<古>懊悔, 后悔, [植]芸香",GRE
moron,'mɔrɑn,,"n.<口>低能者, 笨人, [医]痴愚者(指智商在50-70之间的成年人), [心]性(欲)倒错者, 性反常者",GRE
pal,pæl,,"n.<口>好朋友, 伙伴, 同志",GRE
tire,'taɪɚ,,"n.<口>疲劳, 劳累, 轮胎, 头饰",GRE
shove,ʃʌv,,"n.<口>推, 挤",GRE
pinkie,'piŋki,,n.<口>小手指,GRE
nugae,'nju:dʒi:,,"n.<拉>  无价值的事,无聊事,琐事",GRE
hurl,hɝl,,n.<俚>[棒球]用力或猛烈的投掷,GRE
blowhard,'blohɑrd,,n.<俚>吹牛大家,GRE
quickie,'kwɪki,,"n.<俚>匆匆做成的事, 快饮",GRE
dock,dɑk,,"n.<美> 码头, 船坞, 被告席, 尾巴的骨肉部分",GRE
jumbo,'dʒʌmbo,,n.<美> 庞然大物,GRE
logjam,'lɔɡdʒæm,,"n.<美>（水道）受圆木阻塞, 停滞状态, 僵局",GRE
bleachers,'blitʃɚz,,n.<美>(运动场的)露天看台,GRE
affidavit,",æfə'devɪt",,"n.<美>[律]宣誓书, (经陈诉者宣誓在法律上可采作证据的)书面陈述",GRE
antigen,'æntɪdʒən,,n.<美>[免疫]抗原,GRE
gulch,ɡʌltʃ,,"n.<美>干谷峡谷, 冲沟(尤指产金地的急流峡谷)",GRE
attorney,ə'tɝni,,"n.<美>律师, (业务或法律事务上的)代理人",GRE
barranca,bə'ræŋkə,,"n.<美>美国西南部的峡谷, 悬崖, 峭壁, 陡岸",GRE
lumber,'lʌmbɚ,,"n.<美>木材, 无用的杂物(如破旧家俱), 废物, 隆隆声",GRE
canyon,'kænjən,,"n.<美>峡谷, 溪谷",GRE
corporal,'kɔrpərəl,,n.<美>下士,GRE
dietitian,",daɪə'tɪʃən",,"n.<美>营养学家, 营养学家",GRE
buck,bʌk,,"n.<美口> 元, 雄鹿, 公羊, 公兔",GRE
highbrow,'haɪbraʊ,,"n.<美口>（自以为）有高度文化修养的人, 知识分子, 卖弄知识的人",GRE
phenom,"fi'nɔm, 'fi:nɔm",,n.<美口>杰出人才(尤指运动员),GRE
painkiller,'penkɪlɚ,,n.<美口>止痛药解痛物,GRE
booster,'bustɚ,,"n.<美俚>热心的拥护者, 后推的人, 支持者, 后援者, 调压器",GRE
weal,wil,,"n.<书>福利, 幸福, 鞭痕, 杖痕",GRE
visage,ˈvɪzɪdʒ,,"n.<书>面貌, 容貌",GRE
chum,tʃʌm,,"n.<俗>(特指男孩子之间)密友, 室友",GRE
hunk,hʌŋk,,n.<俗>大块,GRE
chap,tʃæp,,"n.<俗>伙伴, 家伙, 小伙子, 颚, 颊",GRE
don,dɒn,,"n.<西>君, 先生(西班牙语冠于男子姓名前), 阁下, (英国剑桥或牛津大学)指导教师",GRE
aficionado,"ə,fɪʃə'nɑdo",,"n.<西班牙>狂热爱好者, 迷",GRE
carfax,'kɑ:fæks,,n.<英>(4条或4条以上道路的)交叉路口,GRE
litterbin,'lɪtəbɪn,,n.<英>(公共场所的)废物箱,GRE
spinney,'spɪni,,"n.<英>灌木林, 矮林",GRE
reek,rik,,"n.<主苏格兰>烟, 水蒸汽, 雾, 臭气",GRE
nemesis,'nemisis,,n.-ses(1)报应；公正的惩罚(2)[希神]报应女神,GRE
arabesque,",ærə'bɛsk",,"n.阿拉伯式图饰, 蔓藤花纹",GRE
condolence,kən'doləns,,"n.哀悼, 吊唁",GRE
threnode,'θriːnəʊd,,"n.哀歌, 葬歌, 挽歌",GRE
dwarf,dwɔrf,,"n.矮子, 侏儒",GRE
patriotism,'petrɪətɪzəm,,"n.爱国心, 爱国精神",GRE
predilection,",prɛdl'ɛkʃən",,"n.爱好, 偏袒",GRE
gusto,'ɡʌsto,,"n.爱好, 嗜好, 趣味, 由衷的高兴",GRE
kayak,'kaɪæk,,"n.爱斯基摩人用的皮船, 皮船",GRE
hoyden,'hɔɪdn,,n.爱喧闹的顽皮女孩,GRE
conciliation,kən'sɪlɪ'eʃən,,"n.安抚, 抚慰",GRE
scheme,skim,,"n.安排, 配置, 计划, 阴谋, 方案, 图解, 摘要",GRE
solace,"'sɔləs, -lis",,n.安慰,GRE
saddle,'sædl,,"n.鞍, 鞍状物",GRE
innuendo,",ɪnju'ɛndo",,"n.暗讽(的话), 影射(的话)",GRE
gimmick,'ɡɪmɪk,,n.暗机关,GRE
inkling,'ɪŋklɪŋ,,"n.暗示, 略微的提示, 略知, 模糊概念",GRE
squalor,'skwɔlɚ,,"n.肮脏, 悲惨, 贫穷",GRE
dent,dɛnt,,"n.凹, 凹痕, (齿轮的)齿, 弱点",GRE
intaglio,ɪn'tælɪəʊ; -'tɑːl-,,"n.凹雕, 阴雕, 凹雕玉石",GRE
alcove,'ælkov,,"n.凹室, 壁橱, <古>凉亭, 避暑别墅",GRE
haughtiness,'hɔ:tinis,,"n.傲慢, 不逊",GRE
hauteur,əu'tə:,,"n.傲慢, 自大",GRE
arrogance,'ærəgəns,,"n.傲慢态度, 自大",GRE
remorse,rɪ'mɔrs,,"n.懊悔, 自责, 同情, 怜悯",GRE
chagrin,ʃə'ɡrɪn,,"n.懊恼, 气愤, 委屈",GRE
baroque,bə'rɔk,,"n.巴洛克时期艺术和建筑风格的, 巴洛克式",GRE
ballerina,",bælə'rinə",,n.芭蕾舞女,GRE
scab,skæb,,"n.疤, 痂, 不参加罢工的工人, 恶棍, 工贼",GRE
hold,hold,,"n.把握, 把持力, 柄, 控制, 监禁, 掌握, 货舱",GRE
hegemony,hɪ'dʒɛmoni,,n.霸权,GRE
idiocy,'ɪdɪəsi,,"n.白痴, 白痴的行为",GRE
idiot,'ɪdɪət,,"n.白痴, 愚人, 傻瓜",GRE
ferret,'fɛrɪt,,"n.白鼬, 雪貂, 侦探, 细带",GRE
oscillation,",ɑsɪ'leʃən",,"n.摆动, 振动",GRE
ferry,'fɛri,,"n.摆渡, 渡船, 渡口",GRE
mammonism,'mæmənizəm,,"n.拜金主义, 贪财",GRE
wrench,rɛntʃ,,"n.扳钳, 扳手, 猛扭, 痛苦, 扭伤, 歪曲",GRE
speck,spɛk,,n.斑点,GRE
macula,'mækjʊlə,,"n.斑点, 污点, 黑点, 斑疹, 太阳黑子",GRE
stripe,straɪp,,"n.斑纹, 条纹",GRE
crate,kret,,"n.板条箱, 柳条箱",GRE
slate,slet,,"n.板岩, 石板, 石片, 蓝色",GRE
copyright,'kɑpɪraɪt,,"n.版权, 著作权",GRE
transaction,træn'zækʃən,,"n.办理, 处理, 会报, 学报, 交易, 事务, 处理事务",GRE
calotte,kə'lɑt,,"n.半球帽, 头盖帽, 半球状的东西",GRE
bust,bʌst,,"n.半身像, 胸像, (妇女的)胸部",GRE
nibble,'nɪbl,,"n.半位元组, 细咬, 轻咬, 啃",GRE
obbligato,",ɑblɪ'ɡɑto",,n.伴奏,GRE
helping,'hɛlpɪŋ,,"n.帮助, 协助, (食物)一份",GRE
mitten,'mɪtn,,"n.棒球手套, 拳击手套",GRE
siege,sidʒ,,"n.包围, 围城, 长期努力, 不断袭击, 围攻",GRE
veneer,və'nɪr,,"n.薄板, 单板, 胶合板, 饰面, 外表, 虚饰",GRE
lamella,lə'mɛlə,,"n.薄片薄层, 薄片,[动]瓣,鳃,壳层,[植]菌褶",GRE
gauze,gɔz,,"n.薄纱, [医]纱布, 薄雾",GRE
gem,dʒɛm,,"n.宝石, 珍宝, 精华, 被喜爱的人, 美玉",GRE
glyptography,,,n.宝石雕刻术,GRE
lapidary,'læpɪdɛri,,n.宝石商,GRE
bodyguard,'bɑdɪɡɑrd,,"n.保镖, 护卫",GRE
custody,'kʌstədi,,n.保管,GRE
indemnification,"in,demnifi'keiʃən",,"n.保护, 保障, 补偿, 补偿物",GRE
patronage,'pætrənɪdʒ,,"n.保护人的身份, 保护, 赞助, 光顾",GRE
salvo,'sælvo,,n.保留条款,GRE
coffer,'kɔfɚ,,n.保险箱,GRE
fort,fɔrt,,"n.堡垒, 边界上的贸易站",GRE
fortress,'fɔrtrəs,,"n.堡垒, 要塞",GRE
retribution,",rɛtrɪ'bjuʃən",,n.报偿,GRE
revenge,rɪ'vɛndʒ,,"n.报仇, 复仇",GRE
reprisal,rɪ'praɪzl,,n.报复,GRE
whine,waɪn,,"n.抱怨, 牢骚, 哀鸣",GRE
upstart,'ʌpstɑrt,,n.暴发户,GRE
parvenu,'pɑrvənu,,n.暴发户,GRE
tempest,'tɛmpɪst,,"n.暴风雨, 骚乱, 动乱",GRE
enormity,ɪ'nɔrməti,,"n.暴行, 巨大, 极恶",GRE
outrage,'aʊtredʒ,,"n.暴行, 侮辱, 愤怒",GRE
tyrant,'taɪrənt,,n.暴君,GRE
gluttony,'ɡlʌtəni,,"n.暴食, 贪食",GRE
eruption,ɪ'rʌpʃən,,"n.爆发, 火山灰, [医]出疹",GRE
detonation,",dɛtə'neʃən",,"n.爆炸, 爆炸声, 爆裂",GRE
mug,mʌɡ,,n.杯子,GRE
woe,wo,,n.悲哀,GRE
threnody,",θrinədi",,"n.悲歌, 哀歌",GRE
elegy,'ɛlədʒi,,"n.悲歌, 挽歌",GRE
tragedienne,"trə,dʒidɪ'ɛn",,n.悲剧女演员,GRE
lament,lə'mɛnt,,"n.悲伤, 哀悼, 恸哭, 挽诗, 悼词",GRE
wail,wel,,"n.悲叹, 哀号, 痛快",GRE
jeremiad,",dʒɛrɪ'maɪæd",,"n.悲叹, 悲痛, 悲哀的故事",GRE
distress,dɪ'strɛs,,"n.悲痛, 穷困, 不幸, 危难, 忧伤",GRE
caribou,'kærɪbu,,n.北美产驯鹿(=Rangifer),GRE
cultch,kʌltʃ,,n.贝壳屑,GRE
conchology,kɑŋ'kɑlədʒi,,"n.贝壳学, 贝类学",GRE
ridge,rɪdʒ,,"n.背脊, 山脊, 屋脊, 山脉, 犁垄",GRE
renegade,'rɛnɪɡed,,"n.背教者, 变节者, 叛徒",GRE
treachery,'trɛtʃəri,,"n.背叛, 背信弃义, 变节, 叛逆行为",GRE
endorsement,ɪn'dɔrsmənt,,"n.背书, 签注(文件), 认可",GRE
dividend,'dɪvɪdɛnd,,"n.被除数, 股息, 红利, 额外津贴, 奖金, 年息",GRE
energumen,",enə'gjuːmən",,"n.被恶魔附者,狂热者",GRE
snowdrift,'snodrɪft,,"n.被风刮在一起的雪堆, 随风飘飞的雪",GRE
defendant,dɪ'fɛndənt,,n.被告,GRE
prey,pre,,"n.被掠食者, 牺牲者, 掠食",GRE
conscript,kən'skrɪpt,,n.被征入伍的士兵,GRE
executor,ɪg'zɛkjətɚ,,"n.被指定遗嘱执行者, 执行者",GRE
flush,flʌʃ,,"n.奔流, 晕红, 激动, 萌芽, 活力旺盛, 发烧, 一手同花的五张牌, 惊鸟",GRE
tomfool,'tɔm'fu:l,,"n.笨伯, 傻瓜",GRE
schnorrer,'ʃnɔ:rə,,n.笨蛋,GRE
daubster,'dɔ:bstə,,n.笨画匠,GRE
lout,laʊt,,n.笨人,GRE
hulk,hʌlk,,"n.笨重的船, 废船",GRE
gaucherie,'ɡəuʃəri:,,n.笨拙,GRE
debacle,dɪˈbɑkəl,,"n.崩溃, 溃裂",GRE
ligature,'lɪɡətʃɚ,,n.绷带,GRE
romp,rɑmp,,"n.蹦跳游戏, 顽皮的人",GRE
proboscis,pro'bɑsɪs,,"n.鼻子, 长鼻",GRE
dirk,də:k,,n.匕首,GRE
tournament,'tɔnəmənt,,"n.比赛, 锦标赛, 联赛",GRE
antedate,",æntɪ'det",,n.比正确日期早的日期,GRE
pygmy,'piɡmi,,"n.俾格米人(属一种矮小人种,身长不足5英尺), 矮人, 侏儒, 小妖精",GRE
asylum,ə'saɪləm,,"n.庇护, 收容所, 救济院, 精神病院",GRE
jade,dʒed,,"n.碧玉, 翡翠, 老马",GRE
wainscot,'wenskət,,"n.壁板, 装饰墙壁的材料(如瓷砖等)",GRE
bulwark,'bʊlwɝk,,"n.壁垒, 防波堤",GRE
grate,ɡret,,"n.壁炉, 炉",GRE
sanctuary,'sæŋktʃuɛri,,n.避难所,GRE
hem,hɛm,,"n.边, 缘, 摺边",GRE
outskirts,'aʊt'skɝts,,"n.边界, (尤指)市郊",GRE
flange,flændʒ,,"n.边缘, 轮缘, 凸缘, 法兰",GRE
fringe,frɪndʒ,,"n.边缘, 须边, 刘海",GRE
scourge,skɝdʒ,,"n.鞭, 笞, 苦难的根源, 灾祸",GRE
lash,læʃ,,"n.鞭子, 鞭打, 睫毛, 责骂, 讽刺",GRE
alteration,",ɔltə'reʃən",,"n.变更, 改造",GRE
mutation,mju'teʃən,,"n.变化, 转变, 元音变化, (生物物种的)突变",GRE
conversion,kən'vɝʒn,,"n.变换, 转化",GRE
apostasy,ə'pɔstəsi,,"n.变节, 背教, 脱党",GRE
apostate,/əˈpɑːsteɪt/,,"n.变节者, 背教者, 脱党者",GRE
chameleon,kə'miljən,,n.变色龙,GRE
prestidigitation,"'presti,didʒi'teiʃən",,n.变戏法,GRE
metamorphosis,'mɛtə'mɔrfəsɪs,,n.变形,GRE
feculence,'fɛkjʊləns,,"n.变浊, 渣滓, 污物",GRE
detour,'ditʊr,,"n.便道, 绕路",GRE
frippery,'frɪp(ə)rɪ,,"n.便宜而俗艳的服装, 无用的东西",GRE
doodad,'du:dæd,,"n.便宜货, 新出品,小摆设",GRE
identification,aɪˌdentɪfɪ'keʃn,,"n.辨认, 鉴定, 证明, 视为同一",GRE
rebuttal,rɪ'bʌtl,,"n.辩驳, 举反证",GRE
vindication,",vɪndə'keʃən",,"n.辩护, 辩明, 拥护",GRE
plait,"plet, plæt",,n.辫子,GRE
tag,tæɡ,,"n.标签, 鞋带、绳子等末端的金属物, 垂下物, 附属物, 名称, 标记符, 陈词滥调, 结束语",GRE
dart,dɑrt,,"n.标枪, 镖, (昆虫的)刺, 飞快的动作",GRE
lance,læns,,"n.标枪, 长矛, 矛状器具, 捕鲸枪",GRE
heading,'hɛdɪŋ,,n.标题,GRE
byline,'baɪlaɪn,,n.标题下署名之行,GRE
norm,nɔrm,,"n.标准, 规范",GRE
gauge,gedʒ,,"n.标准尺, 规格, 量规, 量表",GRE
cuticle,'kjʊtɪkl,,n.表皮,GRE
alias,ˈeɪliəs,,"n.别名, 化名",GRE
chic,ʃɪk,,n.别致的款式(尤指妇女的服饰),GRE
complaisance,kəm'plezns,,"n.彬彬有礼, 殷勤, 柔顺",GRE
helve,hɛlv,,n.柄,GRE
haft,hæft,,"n.柄, 把手",GRE
handle,'hændl,,"n.柄, 把手, 把柄, 口实, 手感",GRE
hilt,hɪlt,,"n.柄, 刀把",GRE
pathology,pə'θɑlədʒi,,n.病理学,GRE
invalid,ˈɪnvəlɪd；ɪnˈvælɪd,,"n.病人, 残废者",GRE
morbidity,mɔr'bɪdəti,,"n.病态, 不健全, 发病率",GRE
botulism,'bɑtʃə'lɪzəm,,"n.波特淋菌中毒, 香肠中毒",GRE
deprivation,",dɛprɪ'veʃən",,n.剥夺,GRE
spinach,'spɪnɪtʃ,,"n.菠菜, 胡说八道",GRE
barge,bɑrdʒ,,"n.驳船, 游艇",GRE
exposition,",ɛkspə'zɪʃən",,"n.博览会, 展览会, 说明, 曝露, [戏]展示部分, [音]呈示部",GRE
erudition,",ɛru'dɪʃən",,n.博学,GRE
polymath,ˈpɑːlimæθ,,n.博学者,GRE
foil,fɔɪl,,"n.箔, 金属薄片, [建]叶形片, 烘托, 衬托",GRE
cripple,'krɪpl,,n.跛子,GRE
supplement,'sʌplɪmənt,,"n.补遗, 补充, 附录, 增刊",GRE
subvention,səb'vɛnʃən,,n.补助金,GRE
subsidy,'sʌbsədi,,"n.补助金, 津贴",GRE
mammal,'mæml,,n.哺乳动物,GRE
inquietude,in'kwaiətju:d,,n.不安,GRE
ineptitude,ɪ'nɛptə'tʊd,,n.不称职,GRE
perfidy,'pɝfədi,,"n.不诚实, 背信",GRE
nonentity,nɑ'nɛntəti,,n.不存在,GRE
grouch,ɡraʊtʃ,,"n.不高兴的人, 心怀不满",GRE
iniquity,ɪ'nɪkwəti,,n.不公正,GRE
anomaly,ə'nɑməli,,"n.不规则, 异常的人或物",GRE
feud,fjʊd,,"n.不和, (部落或家族间的)世仇, 封地, 争执",GRE
indispensable,'ɪndɪ'spɛnsəbl,,n.不可缺少之物,GRE
incertitude,"ɪn'sɝtə,tjʊd",,"n.不肯定, 不确定, 无把握",GRE
disaffection,",dɪsə'fɛkʃən",,n.不满,GRE
pique,pik,,"n.不满, 生气, 愤怒",GRE
opprobrium,ə'probrɪəm,,"n.不名誉, 耻辱, 责骂",GRE
gravamen,grə'veɪmen,,"n.不平, 苦诉, [律]控诉要旨",GRE
impropriety,",ɪmprə'praɪəti",,"n.不适当, 不适当的事物",GRE
impunity,ɪm'pjunəti,,"n.不受惩罚, 免罚, 无患",GRE
incongruity,",ɪnkɑŋ'grʊəti",,"n.不调和的, 不适宜的",GRE
dissenter,di'sentə,,"n.不同意者, 非国教派的人, 反对者",GRE
opaque,o'pek,,n.不透明物,GRE
opacity,o'pæsəti,,n.不透明性,GRE
intransigence,"in'trænsidʒəns,-dʒənsi",,"n.不妥协态度, 不让步,不调和",GRE
nonconformity,",nɑnkən'fɔrmɪti",,"n.不信奉国教(尤指英国国教), 不墨守成规, 不一致",GRE
heathen,'hiðn,,"n.不信上帝者, 异教徒, 野蛮人, 粗野的人",GRE
adversity,əd'vɝsəti,,"n.不幸, 灾祸, 逆境",GRE
ignoramus,",ɪɡnə'reməs",,"n.不学无术的人, 无知识的人",GRE
repugnance,rɪ'pʌɡnəns,,n.不一致,GRE
variance,'vɛrɪəns,,"n.不一致, 变化, 变异, 变迁, 分歧, 不和",GRE
dissonance,'dɪsənəns,,"n.不一致, 不调和, 不谐和音",GRE
insufficiency,",ɪnsə'fɪʃənsi",,n.不足,GRE
puttee,'pʌtɪ,,"n.布绑腿, 皮绑腿",GRE
edict,'idɪkt,,"n.布告, 法令",GRE
infantry,'ɪnfəntri,,"n.步兵, 步兵团",GRE
pedestrian,pə'dɛstrɪən,,n.步行者,GRE
installment,ɪn'stɔlmənt,,n.部分,GRE
disposition,'dɪspə'zɪʃən,,n.部署,GRE
underling,'ʌndɚlɪŋ,,"n.部下, 下僚, 下属, 走卒",GRE
portfolio,pɔrt'folɪo,,n.部长职务,GRE
flair,flɛr,,"n.才能, 本领",GRE
belongings,bə'lɔŋɪŋz,,"n.财产, 所有物, 相关事物, 亲戚",GRE
quarry,'kwɔri,,"n.采石场, (知识、消息等的)来源",GRE
pastel,pæ'stɛl,,"n.彩色蜡笔, 彩色蜡笔画",GRE
trample,'træmpl,,"n.踩踏, 蹂躏",GRE
pantry,'pæntri,,"n.餐具室, 食品室",GRE
atrocity,ə'trɑsəti,,"n.残暴, 暴行, 凶恶",GRE
barbarity,bɑr'bærəti,,"n.残暴的行为, 残忍",GRE
hangover,'hæŋ'ovɚ,,"n.残留, 遗物, 宿醉",GRE
brutality,brʊ'tæləti,,"n.残忍, 野蛮的行为",GRE
massacre,'mæsəkɚ,,"n.残杀, 大屠杀",GRE
remnant,'rɛmnənt,,"n.残余, 剩余, 零料, 残迹",GRE
remainder,rɪ'mendɚ,,"n.残余, 剩余物, 其他的人, [数]余数",GRE
remains,rɪ'menz,,"n.残余, 遗迹, 遗体",GRE
residue,'rɛzɪdu,,"n.残余, 渣滓, 滤渣, 残数, 剩余物",GRE
fiasco,fɪ'æsko,,"n.惨败, 大失败, 可耻的下场",GRE
precipitation,prɪ'sɪpə'teʃən,,n.仓促,GRE
storehouse,'stɔrhaʊs,,n.仓库,GRE
bilge,bɪldʒ,,n.舱底,GRE
notch,nɑtʃ,,"n.槽口, 凹口",GRE
protocol,'protə'kɔl,,"n.草案, 协议",GRE
meadow,'mɛdo,,"n.草地, 牧场",GRE
forage,'fɔrɪdʒ,,n.草料,GRE
silhouette,",sɪlu'ɛt",,"n.侧面影象, 轮廓",GRE
ploy,plɔɪ,,"n.策略, 趣味, 工作",GRE
tactic,'tæktɪk,,"n.策略, 战略",GRE
hierarchy,'haɪərɑrki,,n.层次层级,GRE
thrust,θrʌst,,"n.插, 戳, 刺, 推力, 猛推, 口头攻击",GRE
interposition,ɪntəpə'zɪʃ(ə)n,,n.插入,GRE
insertion,ɪn'sɝʃən,,n.插入,GRE
parenthesis,pə'rɛnθəsɪs,,"n.插入语, 附带, 插曲, 圆括号",GRE
detection,dɪ'tɛkʃən,,"n.察觉, 发觉, 侦查, 探测, 发现",GRE
errand,'ɛrənd,,"n.差事, 差使, 使命",GRE
diversity,dɪˈvəsɪti,,"n.差异, 多样性",GRE
obstetrics,əb'stɛtrɪks,,n.产科学,GRE
alligator,'ælɪɡetɚ,,n.产于美洲的鳄鱼,GRE
blarney,'blɑrni,,"n.谄媚, 奉承话",GRE
toady,'todi,,"n.谄媚者, 拍马屁的人",GRE
shovel,'ʃʌvl,,"n.铲, 铁铲",GRE
enunciation,"i,nʌnsi'eiʃən, -ʃi-",,n.阐明,GRE
trepidation,ˌtrɛpəˈdeʃən,,n.颤抖,GRE
gustation,gʌ'steɪʃ(ə)n,,"n.尝味, 味觉",GRE
conventionality,"kən,vɛnʃən'æləti",,"n.常规,惯例,老一套",GRE
requital,ri'kwaitəl,,n.偿还,GRE
quietus,kwaɪ'itəs,,"n.偿清, 解除, 寂灭, 死",GRE
choir,'kwaɪɚ,,"n.唱诗班, 唱诗班的席位",GRE
epithet,'ɛpɪθɛt,,"n.绰号, 称号",GRE
charisma,kə'rɪzmə,,"n.超凡魅力, 感召力, 教皇般的指导力",GRE
nidus,'naɪdəs,,"n.巢, 孵卵所",GRE
scoff,skɔf,,"n.嘲笑, 嘲弄的话, 嘲弄的对象, 愚弄, 笑柄, 食品",GRE
jeer,dʒɪr,,"n.嘲笑, 讥讽, 戏弄",GRE
hubbub,'hʌbʌb,,"n.吵闹声, 呐喊声, 叫嚷声",GRE
lathe,leð,,"n.车床, [纺]走梭板",GRE
rut,rʌt,,"n.车辙, 常轨, 定例, 惯例",GRE
pernoctation,",pə:nɔk'teiʃən",,n.彻夜不眠,GRE
revocation,",rɛvə'keʃən",,n.撤回,GRE
recession,rɪ'sɛʃən,,"n.撤回, 退回, 退后, 工商业之衰退, 不景气",GRE
mote,məʊt,,"n.尘埃, 微粒",GRE
precipitate,prɪ'sɪpɪtet,,n.沉淀物,GRE
sediment,sɛdəmənt,,"n.沉淀物, 沉积",GRE
deposition,",dɛpə'zɪʃən",,"n.沉积作用, 沉积物, 革职, 废王位, 免职",GRE
immersion,ɪ'mɝʃən,,n.沉浸,GRE
addiction,ə'dɪkʃən,,"n.沉溺, 上瘾",GRE
cogitation,",kɔdʒi'teiʃən",,"n.沉思, 思考",GRE
aplomb,ə'plɑm,,"n.沉着, 泰然, 垂直",GRE
plod,plɑd,,n.沉重的脚步,GRE
platitude,'plætɪtud,,n.陈词滥调,GRE
compellation,",kɔmpə'leiʃən",,"n.称呼他人姓名, 姓名",GRE
compliment,ˈkɑːmplɪmənt,,"n.称赞, 恭维, 致意, 问候, 道贺",GRE
ingredient,ɪn'ɡridɪənt,,"n.成分, 因素",GRE
maturity,mə'tʃʊrəti,,"n.成热, 完备, (票据)到期, 成熟",GRE
corrugation,",kɔrə'geʃən",,"n.成皱, 起皱, 皱状",GRE
lessee,lɛ'si,,"n.承租人, 租户",GRE
chateau,ʃæ'to,,n.城堡,GRE
pitch,pɪtʃ,,"n.程度, 斜度, 树脂, 投掷, 定调, (船只)前后颠簸, 倾斜, 沥青",GRE
castigation,",kæsti'geiʃən",,"n.惩罚, 苛责, 修订",GRE
clarification,",klærəfə'keʃən",,"n.澄清, 净化",GRE
chuckle,'tʃʌkl,,n.吃吃的笑声,GRE
barbecue,'bɑrbɪkju,,n.吃烤烧肉的野餐,GRE
fag,fæɡ,,"n.吃力的工作, 疲劳, 苦工",GRE
simper,'sɪmpɚ,,"n.痴笑, 假笑",GRE
torpor,'tɔrpɚ,,"n.迟钝, 无感觉, 不活泼",GRE
dissident,'dɪsɪdənt,,n.持不同政见者,GRE
duration,du'reʃən,,"n.持续时间, 为期",GRE
ignominy,'ɪɡnəmɪni,,n.耻辱,GRE
deficit,'dɛfəsɪt,,"n.赤字, 不足额",GRE
onslaught,'ɑnslɔt,,n.冲击,GRE
washout,'wɑʃaʊt,,"n.冲失, 冲失的区域",GRE
fray,fre,,"n.冲突, 打架, 争论, (织物等)磨损处",GRE
clash,klæʃ,,"n.冲突, 撞击声, 抵触",GRE
punch,pʌn(t)ʃ,,"n.冲压机, 冲床, 打孔机",GRE
plenitude,'plɛnɪtud,,n.充分,GRE
repletion,ri'pli:ʃən,,"n.充满, 饱满",GRE
plenum,'plinəm,,"n.充实, 充满, 全体会议, 高压",GRE
adoration,",ædə'reʃən",,"n.崇拜, 爱慕, 受崇拜(或爱慕)的对象",GRE
lottery,'lɑtəri,,n.抽彩给奖法,GRE
revulsion,rɪ'vʌlʃən,,n.抽回,GRE
cramp,kræmp,,"n.抽筋, 腹部绞痛, 月经痛",GRE
collage,kə'lɑʒ,,n.抽象拚贴画(用报纸、布、压平的花等碎片拼合而成的),GRE
animosity,'ænə'mɑsəti,,"n.仇恨, 憎恶",GRE
xenophobia,",zɛnə'fobɪə",,"n.仇外, 惧外者",GRE
scowl,skaʊl,,"n.愁容, 怒容, 暴风雨前的阴沉晦暗",GRE
scruple,'skrupl,,"n.踌躇, 犹豫, 微量, 吩, 审慎",GRE
scandal,'skændl,,"n.丑行,丑闻,诽谤,耻辱,流言蜚语",GRE
antic,'æntɪk,,"n.丑角, 滑稽动作",GRE
egress,'iɡrɛs,,"n.出口, 外出",GRE
nativity,nə'tɪvəti,,"n.出生, (the Nativity)基督降生",GRE
haemorrhage,'hɛmərɪdʒ,,"n.出血(尤指大出血), 溢血",GRE
eminence,'ɛmɪnəns,,"n.出众, 显赫, 崇高",GRE
debutante,'dɛbjutɑnt,,n.初次参加社交活动的,GRE
primer,'praɪmɚ,,"n.初级读本, 雷管",GRE
abecedarian,",ebɪsɪ'dɛrɪən",,"n.初学者, 学字母者",GRE
preem,pri:m,,"n.初演日, 首映",GRE
deodorant,dɪ'odərənt,,n.除臭剂,GRE
exception,ɪk'sɛpʃən,,"n.除外, 例外, 反对, 异议",GRE
cuisine,kwɪ'zin,,"n.厨房烹调法, 烹饪, 烹调风格",GRE
reserve,rɪ'zɝv,,"n.储备(物), 储藏量, 预备队",GRE
penalty,'pɛnəlti,,"n.处罚, 罚款",GRE
corral,kə'ræl,,n.畜栏,GRE
penetration,",pɛnɪ'treʃən",,"n.穿过, 渗透, 突破",GRE
subpoena,sə'pinə,,n.传票,GRE
saga,'sɑɡə,,n.传奇,GRE
contagion,kən'tedʒən,,"n.传染, 传染病, 蔓延, 歪风, 腐化",GRE
legend,'lɛdʒənd,,"n.传说, 伟人传, 图例联想集团，中国最大的国有品牌微机制造商之一",GRE
vessel,'vɛsl,,"n.船, 容器, 器皿, 脉管, 导管",GRE
jib,dʒɪb,,"n.船首三角帆, 起重机的臂, 挺杆",GRE
rafter,'ræftɚ,,"n.椽, 筏夫",GRE
cluster,'klʌstɚ,,"n.串, 丛",GRE
concatenation,kən'kætə'neʃən,,n.串联,GRE
mattress,'mætrəs,,"n.床垫, 空气垫, (用以护堤等的)沉床",GRE
intrusion,ɪn'truʒn,,"n.闯入, 侵扰",GRE
originality,ə'rɪdʒə'næləti,,"n.创意, 新奇",GRE
gasconade,ˌgæskən'ed,,n.吹牛,GRE
flamdoodle,,,n.吹牛,GRE
braggart,'bræɡɚt,,n.吹嘘,GRE
icicle,'aɪsɪkl,,"n.垂冰, 冰柱",GRE
gavel,'gævl,,n.槌,GRE
mallet,'mælɪt,,n.槌棒,GRE
chastity,'tʃæstəti,,"n.纯洁, 贞节, 简洁",GRE
lexicon,'lɛksɪkən,,n.词典,GRE
lexicographer,",lɛksɪ'kɑɡrəfɚ",,n.词典编纂者,GRE
malapropism,'mæləprɑpɪzəm,,"n.词语误用, 用词错误可笑",GRE
porcelain,ˈpɔrsələn,,"n.瓷器, 瓷",GRE
thesaurus,θɪ'sɔrəs,,n.辞典,GRE
resignation,",rɛzɪɡ'neʃən",,"n.辞职, 辞职书, 放弃, 顺从",GRE
charity,'tʃærəti,,"n.慈善, 施舍, 慈善团体",GRE
philanthropist,fɪ'lænθrəpɪst,,n.慈善家,GRE
magnetism,'mægnə'tɪzəm,,"n.磁, 磁力, 吸引力, 磁学",GRE
vixen,'vɪksn,,"n.雌狐, 唠叨的女人, 坏心眼的女人, 刁妇, 泼妇",GRE
poke,pok,,"n.刺, 戳, 懒汉, 袋子",GRE
stab,stæb,,"n.刺, 刺伤的伤口, 一阵突然而强烈的感觉, 中伤, 伤痛",GRE
prickle,'prɪkl,,"n.刺, 刺痛, 柳条篮子",GRE
sting,stɪŋ,,"n.刺, 刺痛, 针刺",GRE
cacophony,kə'kɑfəni,,"n.刺耳的音调, 不协和音, 杂音",GRE
stimulant,'stɪmjələnt,,n.刺激物,GRE
stimulus,'stɪmjələs,,"n.刺激物, 促进因素, 刺激, 刺激",GRE
prier,'praiə,,"n.刺探者,窥探者",GRE
embroidery,ɪm'brɔɪdəri,,"n.刺绣品, 粉饰, 刺绣, 装饰",GRE
bosk,bɔsk,,"n.丛林,树丛,灌木丛",GRE
rowdy,'raʊdi,,"n.粗暴而又好争吵的人, 吵嚷者, 小流氓",GRE
kitsch,kɪtʃ,,n.粗劣作品或工艺品,GRE
grit,ɡrɪt,,n.粗砂,GRE
vulgarity,vʌl'ɡærəti,,"n.粗俗, 粗俗语, 粗野行为",GRE
fustian,'fʌstɪən,,"n.粗斜条棉布, 夸大的话",GRE
incivility,",ɪnsə'vɪləti",,n.粗野,GRE
prompting,'prɑmptɪŋ,,"n.促进, 激励, 提示",GRE
interpolation,"ɪn,tɚpə'leʃən",,"n.篡改, 添写, 插补",GRE
catalyst,'kætəlɪst,,n.催化剂,GRE
catalysis,kə'tælɪsɪs,,n.催化作用,GRE
lullaby,'lʌlə'bai,,"n.催眠曲, 摇篮曲, 轻柔的声音",GRE
hypnosis,hɪp'nosɪs,,"n.催眠状态, 催眠",GRE
acne,'ækni,,"n.痤疮, 粉刺",GRE
discomfiture,dis'kʌmfitʃə,,"n.挫折, 失败,崩溃,尴尬",GRE
filings,'faɪlɪŋz,,"n.锉屑, 锉末",GRE
delusion,dɪ'luʒn,,n.错觉,GRE
attainment,ə'tenmənt,,n.达到,GRE
flint,flɪnt,,"n.打火石, 极硬的东西, 燧石",GRE
doggerel,'dɔɡərəl,,n.打油诗,GRE
poetaster,"'poɪ,tæstɚ",,"n.打油诗人, 劣等诗人",GRE
bale,bel,,"n.大包, 大捆, (指标准量货物, 如稻草, 麦杆)货物",GRE
maul,mɔl,,n.大槌,GRE
sledgehammer,'slɛdʒhæmɚ,,"n.大锤, 猛烈的打击",GRE
sack,sæk,,"n.大袋, 大袋之量, 麻布袋, 短而松的袍装, 布袋装, 洗劫",GRE
audacity,ɔ'dæsəti,,"n.大胆, 厚颜",GRE
aorta,e'ɔrtə,,n.大动脉,GRE
gale,ɡel,,"n.大风, (突发的)一阵",GRE
blizzard,'blɪzɚd,,n.大风雪,GRE
synopsis,sɪ'nɑpsɪs,,n.大纲,GRE
precis,'preɪsi,,"n.大纲, 摘要",GRE
rhubarb,'rʊbɑrb,,"n.大黄, 大黄的叶柄",GRE
holocaust,'hɑləkɔst,,"n.大毁灭, 大屠杀",GRE
conflagration,",kɑnflə'ɡreʃən",,"n.大火, 大火灾, 突发",GRE
shears,ʃɪrz,,"n.大剪刀, 剪床",GRE
harpsichord,'hɑ:psikɔ:d,,n.大键琴,GRE
beaker,'bikɚ,,"n.大口杯, 有倾口的烧杯",GRE
ewer,'jʊɚ,,n.大口水罐,GRE
chunk,tʃʌŋk,,"n.大块, 矮胖的人或物",GRE
hawser,'hɔzɚ,,"n.大缆, 曳船索, 系船索",GRE
raff,ræf,,"n.大量, (乱七八糟的)一大堆",GRE
continent,'kɑntɪnənt,,"n.大陆, 陆地",GRE
sow,so,,n.大母猪,GRE
backlog,'bæklɔɡ,,"n.大木材, 订货",GRE
chump,tʃʌmp,,"n.大木片, 大肉片, 木人",GRE
necropolis,nə'krɑpəlɪs,,"n.大墓地, 古代的埋葬地",GRE
cerebrum,sə'ribrəm,,n.大脑,GRE
latifundium,",lætə'fʌndɪəm",,n.大农场主,GRE
exodus,'ɛksədəs,,"n.大批的离去, [the  E-](古代以色列人)出埃及",GRE
tankard,'tæŋkɚd,,"n.大啤酒杯, 一大杯",GRE
havoc,'hævək,,"n.大破坏, 浩劫",GRE
edifice,'ɛdɪfɪs,,"n.大厦, 大建筑物",GRE
mansion,'mænʃən,,"n.大厦, 官邸, 公寓(用复数,用于专有名词中)",GRE
howler,'haʊlɚ,,n.大声叫喊者,GRE
bravura,brə'vjʊrə,,"n.大胜的尝试,勇气的举动(显示演奏家技艺的壮丽的乐段)",GRE
boulder,'boldɚ,,"n.大石头, 漂石",GRE
bough,baʊ,,"n.大树枝, 主枝",GRE
spate,spet,,n.大水,GRE
ballyhoo,'bælɪhu,,"n.大肆宣传, 大吹大擂, 喧噪",GRE
lobby,'lɑbi,,"n.大厅, 休息室, <美>游说议员者",GRE
tack,tæk,,"n.大头钉, 粗缝, 行动方针, 食物",GRE
agglomerate,ə'ɡlɑməret,,"n.大团, 大块",GRE
magnitude,'mæɡnɪtud,,"n.大小, 数量, 巨大, 广大, 量级",GRE
galleon,'gælɪən,,n.大型帆船,GRE
maelstrom,"'meilstrɔm, -strəum",,"n.大漩涡, 挪威近海的大漩涡, 猛烈的力量",GRE
footle,'fu:tl,,"n.呆话, 傻事",GRE
dolt,dəult,,"n.呆子, 傻瓜, 笨蛋",GRE
delegate,"ˈdɛləgɪt; (for v.,) ˈdɛləˌgeɪt",,n.代表,GRE
surrogate,"ˈsərəgɪt; ˈsərəˌget; (for v.,) ˈsərəˌget",,"n.代理, 代用品, 代理人",GRE
deputy,'dɛpjuti,,"n.代理人, 代表",GRE
proctor,'prɑktɚ,,"n.代理人, 代书, [律]代诉人",GRE
succedaneum,",sʌksɪ'deniəm",,"n.代用品, 代理者, 代用药",GRE
substitute,'sʌbstɪtut,,"n.代用品, 代替者, 替代品",GRE
zoster,'zɑstɚ,,"n.带, 带状疹子",GRE
fascia,'feʃə,,"n.带, 饰带(店门面上的)招牌, <英>汽车仪表板, [医]绷带",GRE
girdle,'gɝdl,,"n.带, 腰带, 带状物, 浅锅",GRE
buckle,'bʌk(ə)l,,n.带扣,GRE
sloth,sloθ,,"n.怠惰, 懒惰",GRE
monolithic,",mɑnə'lɪθɪk",,"n.单片电路, 单块集成电路",GRE
sloop,slup,,n.单桅帆船,GRE
singularity,'sɪŋgjə'lærəti,,"n.单一, 异常, 奇异, 奇妙, 稀有",GRE
dipsomania,",dɪpsə(ʊ)'meɪnɪə",,"n.耽酒症, 饮酒狂",GRE
hardihood,"'hɑrdɪ,hʊd",,"n.胆大无敌, 厚颜, 刚毅",GRE
poltroon,pɑl'trun,,n.胆小鬼,GRE
gall,ɡɔl,,"n.胆汁, 恶毒, 怨恨, 五倍子, 苦味, 磨伤(尤指马的), 肿痛, 恼怒",GRE
bile,baɪl,,"n.胆汁, 愤怒",GRE
tinge,tɪndʒ,,"n.淡色, 色调, 些微气味, 气息, 风味",GRE
repercussion,",ripɚ'kʌʃən",,"n.弹回, 反响, (光、声等的)反射",GRE
resilience,rɪˈzɪliəns,,"n.弹回, 有弹力, 恢复力, 顺应力, 轻快, 达观, 愉快的心情",GRE
crater,'kretɚ,,n.弹坑,GRE
elasticity,",ilæ'stɪsəti",,"n.弹力, 弹性",GRE
yolk,jok,,"n.蛋黄, [生物] 卵黄",GRE
potentate,'pəutənteit,,n.当权者,GRE
archives,'a:kaivz,,"n.档案, 公文, 档案室, 案卷保管处",GRE
blade,bled,,"n.刀刃, 刀片",GRE
missile,'mɪsl,,"n.导弹, 发射物",GRE
preamble,'priæmbl,,n.导言,GRE
insularity,",insju'lærəti, 'insə-",,"n.岛国性质(或状态), 岛屿生活状况, 与外界隔绝的生活状况, (思想, 观点等的)偏狭, 性僵化",GRE
penultimate,pɪˈnʌltəmɪt,,n.倒数第二音节,GRE
arrears,ə'rɪrz,,"n.到期未付款, 欠帐",GRE
kleptomania,'klɛptə'menɪə,,n.盗窃癖,GRE
larceny,'lɑrsəni,,n.盗窃罪,GRE
embezzlement,ɪm'bɛzlmənt,,"n.盗用, 侵占, 挪用",GRE
moralist,'mɔrəlɪst,,"n.道德家, 有道德的人, 伦理学者",GRE
score,skɔ,,"n.得分, 乐谱, 抓痕, 二十, 终点线, 刻痕, 帐目, 起跑线",GRE
elation,ɪ'leʃən,,"n.得意洋洋, 兴高采烈",GRE
murmur,'mɝmɚ,,"n.低沉连续的声音, 咕哝, 怨言, 低语",GRE
imbecility,",ɪmbə'sɪləti",,n.低能,GRE
bassoon,bə'sun,,"n.低音管, 巴颂管",GRE
embankment,ɪm'bæŋkmənt,,"n.堤防, 筑堤",GRE
antagonist,æn'tæɡənɪst,,"n.敌手, 对手",GRE
adversary,'ædvɚsɛri,,"n.敌手, 对手",GRE
hostility,hɑ'stɪləti,,"n.敌意, 恶意, 不友善, 敌对, 对抗, 反对",GRE
animus,'ænɪməs,,"n.敌意, 意图",GRE
enmity,'enməti,,"n.敌意, 憎恨",GRE
purgatory,'pɝɡətɔri,,"n.涤罪, 炼狱, 暂时受苦的地方",GRE
mortgage,'mɔrɡɪdʒ,,n.抵押,GRE
chassis,'ʃæsi,,n.底盘,GRE
substratum,'sʌbstretəm,,"n.底土, 下层土壤地基",GRE
locus,'lokəs,,"n.地点，所在地, [数]轨迹",GRE
cellar,'sɛlɚ,,"n.地窖, 地下室, 酒窖, 藏酒量",GRE
gazetteer,",ɡæzə'tɪr",,"n.地名辞典, 记者, 公报记者",GRE
horizon,hə'raɪzn,,n.地平线,GRE
atlas,,,"n.地图, 地图集",GRE
cartographer,kɑr'tɑɡrəfɚ,,"n.地图制作者, 制图师",GRE
gravity,'ɡrævəti,,"n.地心引力, 重力",GRE
terrain,tə'reɪn,,n.地形,GRE
topography,tə'pɑgrəfi,,n.地形学,GRE
limbo,'lɪmbo,,"n.地狱的边境, 监狱",GRE
perversion,"pɔ'və:ʃən, -ʒən",,"n.颠倒, 曲解",GRE
pawn,pɔn,,"n.典当, 抵押物, 人质, (象棋)兵、卒, 爪牙, 被人利用的人",GRE
pawnbroker,'pɔnbrokɚ,,n.典当商,GRE
ritual,'rɪtʃuəl,,"n.典礼, (宗教)仪式, 礼节",GRE
warden,'wɔrdn,,"n.典狱官, 看守人, 学监, 区长, (供煮食的)一种冬梨",GRE
drib,drɪb,,"n.点滴, 少量",GRE
stipple,'stɪpl,,"n.点刻, 点画",GRE
iodine,aɪədaɪn,,"n.碘, 碘酒",GRE
bolster,'bolstɚ,,n.垫子,GRE
cushion,'kʊʃən,,"n.垫子, 软垫, 衬垫",GRE
libation,laɪ'beʃən,,"n.奠酒祭神仪式, 饮酒",GRE
indigo,'ɪndɪɡo,,"n.靛, 靛青",GRE
statuary,'stætʃuɛri,,n.雕象,GRE
apex,'epɛks,,n.顶点,GRE
zenith,'zɛnɪθ,,"n.顶点, 顶峰, 天顶, 最高点",GRE
acme,'ækmi,,"n.顶点, 极致",GRE
vertex,'vɝtɛks,,"n.顶点, 最高点, [解]头顶, [天]天顶",GRE
garret,'ɡærət,,n.顶楼,GRE
espousal,i'spauzəl,,"n.订婚, 婚礼, 拥护",GRE
stapler,'steplɚ,,n.订书机,GRE
clinch,,,"n.钉牢, 拥吻",GRE
staple,'stepl,,"n.钉书钉, 钉, 主要产品(或商品), 原材料, 主要成分, 来源",GRE
mace,meɪs,,"n.钉头, 权杖, 肉豆蔻, 肉豆蔻树, 豆蔻香料, 催泪瓦斯, 肉豆蔻皮",GRE
definition,",dɛfɪ'nɪʃən",,"n.定义, 解说, 精确度, (轮廓影像等的)清晰度",GRE
daredevil,'dɛrdɛvl,,"n.铤而走险的人, 蛮勇的人",GRE
orient,'orɪənt,,"n.东方, 东方诸国(指地中海以东各国)",GRE
motivation,",motə'veʃən",,n.动机,GRE
incentive,ɪn'sɛntɪv,,n.动机,GRE
momentum,mo'mɛntəm,,"n.动力, 要素",GRE
arteriosclerosis,"ɑr,tɪriosklə'rosɪs",,n.动脉硬化,GRE
fauna,'fɔnə,,"n.动物群, 动物区系, 动物志",GRE
menagerie,mə'nædʒəri,,"n.动物园, 动物展览",GRE
perturbation,",pɝtɚ'beʃən",,"n.动摇, 混乱",GRE
waver,'wevɚ,,"n.动摇, 开始退让, 踌躇, 挥动者",GRE
cavity,'kævəti,,"n.洞, 空穴, [解剖]腔",GRE
hollow,'hɑlo,,"n.洞, 窟窿, 山谷",GRE
burrow,'bɝro,,n.洞穴,GRE
grotto,'ɡrɑto,,"n.洞穴, 岩穴, 人工洞室",GRE
speleology,",speli'ɔlədʒi, ,spi:-",,n.洞穴学,GRE
matador,'mætədɔr,,n.斗牛士,GRE
mantle,'mæntl,,"n.斗蓬, 覆盖物, 壁炉架",GRE
strife,straɪf,,"n.斗争, 冲突, 竞争",GRE
miasma,maɪ'æzmɚ,,"n.毒气, 沼气",GRE
bane,ben,,"n.毒药, 祸害",GRE
monologue,'mɑnəlɔɡ,,"n.独白, 独脚戏",GRE
autocrat,'ɔtəkræt,,n.独裁者,GRE
dictator,'dɪktetɚ,,"n.独裁者, 独裁政权执政者, 口授令他人笔录者",GRE
autocracy,ɔ'tɑkrəsi,,"n.独裁政治, 独裁政府",GRE
aria,'ɑrɪə,,"n.独唱曲, 咏叹调, 唱腔",GRE
unicorn,'junɪkɔrn,,"n.独角兽, 麒麟",GRE
pirogue,'piroɡ,,n.独木舟,GRE
celibacy,'sɛləbəsi,,n.独身生活,GRE
celibate,'sɛlɪbət,,"n.独身者, 独身主义者",GRE
locution,lo'kjʊʃən,,n.独特的措辞，惯用语，说话风格,GRE
solo,'solo,,n.独奏曲,GRE
hatchet,'hætʃɪt,,n.短柄斧,GRE
poniard,'pɔnjəd,,"n.短剑, 匕首",GRE
sock,sɑk,,"n.短袜, 鞋内衬底, 轻软鞋, 一击, 零食",GRE
bobtail,'bɑbtel,,"n.短尾, 截短的尾巴, 截尾的动物",GRE
phrase,frez,,"n.短语, 习语, 惯用语, 成语, 措词",GRE
segment,'sɛɡmənt,,"n.段, 节, 片断",GRE
severance,'sɛvərəns,,n.断绝,GRE
guillotine,'ɡɪlətin,,"n.断头台, (切纸的)闸刀",GRE
bluff,blʌf,,"n.断崖, 绝壁, 诈骗",GRE
staccato,stə'kɑto,,"n.断奏, 断唱",GRE
heap,hip,,"n.堆, 大量, 许多",GRE
cavalcade,'kævl'ked,,n.队伍,GRE
symmetry,'sɪmətri,,"n.对称, 匀称",GRE
interlocutor,",ɪntɚ'lɑkjətɚ",,"n.对话者, 对谈者",GRE
antagonism,æn'tæɡənɪzəm,,"n.对抗(状态), 对抗性",GRE
antithesis,æn'tɪθəsɪs,,n.对立面,GRE
philogyny,"fi'lɔdʒəni, fə-",,"n.对女人喜欢, 对女子的爱慕",GRE
eremite,'erimait,,"n.遁世修行的人, 隐士",GRE
multitude,"ˈmʌltɪˌtud, -ˌtjud",,"n.多数, 群众",GRE
parry,'pæri,,n.躲避,GRE
helm,hɛlm,,n.舵,GRE
rudder,'rʌdɚ,,"n.舵, 方向舵",GRE
helmsman,'hɛlmzmən,,n.舵手,GRE
depravity,dɪ'prævəti,,n.堕落,GRE
shingle,'ʃɪŋɡl,,"n.鹅卵石, <美口>小招牌(尤指医生或律师挂的营业招牌)",GRE
gaggle,'gægl,,"n.鹅群, 一群",GRE
perquisite,'pɝkwəzɪt,,"n.额外补贴, 临时津贴",GRE
premium,'primɪəm,,"n.额外费用, 奖金, 奖赏, 保险费, (货币兑现的)贴水",GRE
yoke,jok,,"n.轭, 轭状物, 套, 束缚, 支配",GRE
stench,stɛntʃ,,"n.恶臭, 臭气",GRE
diatribe,'daɪətraɪb,,"n.恶骂, 诽谤",GRE
notoriety,",notə'raɪəti",,"n.恶名, 丑名, 声名狼藉, 远扬的名声",GRE
invective,ɪn'vɛktɪv,,n.恶言漫骂,GRE
malice,'mælɪs,,"n.恶意, 怨恨, 预谋, 蓄意犯罪",GRE
boon,bʊn,,"n.恩惠, 实惠, 福利",GRE
benefactor,'bɛnɪfæktɚ,,"n.恩人, 捐助者, 赠送者, 赞助人",GRE
tecnology,tek'nɔlədʒi,,n.儿童学(指对儿童性格、成长及发育的研究),GRE
auricular,ɔ'rɪkjəlɚ,,"n.耳的, 耳状的",GRE
earring,'ɪrɪŋ,,"n.耳环, 耳饰",GRE
whisper,'wɪspɚ,,"n.耳语, 私语, 密谈, 谣传, 飒飒的声音",GRE
bait,bet,,"n.饵, 诱惑物",GRE
moiety,'mɔɪəti,,"n.二分之一, 一部分, 半族",GRE
duet,dʊ'ɛt,,n.二重奏,GRE
dynamo,'daɪnəmo,,n.发电机,GRE
generator,'dʒɛnəretɚ,,"n.发电机, 发生器",GRE
dither,'dɪðɚ,,n.发抖,GRE
luminary,'lʊmə'nɛri,,n.发光体（如日、月等天体），知识渊博的人,GRE
diaphoresis,",daɪəfə'riːsɪs",,n.发汗,GRE
fermentation,",fɝmɛn'teʃən",,n.发酵,GRE
tantrum,'tæntrəm,,"n.发脾气, 发怒",GRE
invoice,'ɪnvɔɪs,,"n.发票, 发货单, 货物",GRE
radiation,",redɪ'eʃən",,"n.发散, 发光, 发热, 辐射, 放射, 放射线, 放射物",GRE
occurrence,ə'kʌrəns,,"n.发生, 出现, 事件, 发生的事情",GRE
paroxysm,'pærəksizəm,,"n.发作, 突发",GRE
valve,vælv,,"n.阀, [英] 电子管, 真空管",GRE
tribunal,traɪ'bjunl,,"n.法官席, 审判员席, (特等)法庭",GRE
statute,'stætʃut,,"n.法令, 条例",GRE
ordinance,'ɔrdnəns,,"n.法令, 训令, 布告, 条例, 圣餐礼, 传统的风俗习惯",GRE
decree,dɪ'kri,,"n.法令, 政令, 教令, 天命, 判决",GRE
jurisprudence,",dʒʊrɪs'prudns",,n.法学,GRE
rendering,'rɛndərɪŋ,,"n.翻译, 表现, 描写, 透视图, 粉刷, 表演, 打底, 复制图",GRE
bauxite,'bɔksaɪt,,"n.矾土, 铁铝氧石",GRE
cark,kɑrk,,"n.烦恼, 忧虑",GRE
fantod,"'fæn,tɑd",,"n.烦燥, 惊恐",GRE
dysphoria,dɪs'fɔrɪə,,n.烦躁不安,GRE
prosperity,prɑ'spɛrəti,,n.繁荣,GRE
reproduction,",riprə'dʌkʃən",,"n.繁殖, 再现, 复制品",GRE
rejoinder,rɪ'dʒɔɪndɚ,,n.反驳,GRE
perversity,pə'və:siti,,n.反常,GRE
irony,'aɪrəni,,"n.反话, 讽刺, 讽刺之事",GRE
recalcitrance,ri'kælsitrəns,,"n.反抗, 顽抗",GRE
sociopath,'sosɪopæθ,,"n.反社会的人, 不爱社交的人",GRE
reflection,rɪ'flɛkʃən,,"n.反射, 映象, 倒影, 反省, 沉思, 反映",GRE
nausea,'nɔzɪə,,"n.反胃, 晕船, 恶心, 作呕, 极度的不快",GRE
reagent,rɪ'edʒənt,,"n.反应力, 反应物, 试剂",GRE
reversion,rɪ'vɝʒən,,"n.反转, 逆转, 返祖, 隔代遗传, 回复, 复原, 归还, 继承权",GRE
paradigm,'pærə'daɪm,,n.范例,GRE
specimen,'spɛsəmən,,"n.范例, 标本, 样品, 样本, 待试验物",GRE
purview,'pɝvju,,n.范围,GRE
expediency,ɪk'spidɪənsi,,"n.方便, 私利, 权宜",GRE
orientation,orɪɛn'teʃən,,"n.方向, 方位, 定位, 倾向性, 向东方",GRE
ark,ɑrk,,"n.方舟, 约柜, 箱子",GRE
aroma,ə'romə,,"n.芳香, 香气, 香味",GRE
preservative,prɪ'zɝvətɪv,,n.防腐剂,GRE
aseptic,",e'sɛptɪk",,n.防腐剂,GRE
levee,'lɛvi,,"n.防洪堤, 码头, 大堤",GRE
tarpaulin,"tɑ:'pɔ:lin, 'tɑ:pə-",,n.防水油布,GRE
fender,'fɛndɚ,,"n.防卫物, 挡泥板",GRE
hindrance,'hɪndrəns,,"n.妨碍, 障碍",GRE
impediment,ɪm'pɛdɪmənt,,"n.妨碍, 阻碍, 障碍物, (言语)障碍, 口吃, 障碍物",GRE
impedimenta,"ɪm,pɛdɪ'mɛntə",,n.妨碍行进或运动的东西,GRE
clinquant,'klɪŋkənt,,n.仿金箔,GRE
emulate,'ɛmjulet,,n.仿效,GRE
debauchery,dɪ'bɔtʃəri,,"n.放荡, 游荡",GRE
libertine,'lɪbɚtin,,"n.放荡不羁者, 玩乐者, 浪子, 自由思想家",GRE
pyromania,",pɪəro'menɪr",,"n.放火癖, 放火狂",GRE
abnegation,",æbnɪ'ɡeʃən",,n.放弃,GRE
renunciation,"rɪ,nʌnsɪ'eʃən",,"n.放弃, 弃权, 脱离关系",GRE
reassurance,",riə'ʃʊrəns",,n.放心,GRE
exile,'ɛksaɪl,,"n.放逐, 充军, 流放, 流犯, 被放逐者",GRE
hangar,'hæŋɚ,,"n.飞机修理库, 飞机棚",GRE
whoosh,wʊʃ,,n.飞快的移动,GRE
illegality,",ɪlɪ'ɡæləti",,"n.非法行为, 犯规",GRE
nonconformist,",nɑnkən'fɔrmɪst",,"n.非国教徒, 不遵奉英国国教的基督新教徒",GRE
heterodoxy,"'hɛtərə,dɑksi",,"n.非正统, 异端, 异说",GRE
corpulence,'kɔrpjələns,,n.肥胖,GRE
obesity,o'bisəti,,"n.肥胖, 肥大",GRE
fertility,fɚ'tɪləti,,"n.肥沃, 丰产, 多产, 人口生产, 生产力",GRE
calumny,'kæləmni,,"n.诽谤, 中伤",GRE
detractor,dɪ'træktɚ,,"n.诽谤者, 恶意批评者",GRE
abolition,",æbə'lɪʃən",,"n.废除, 废除奴隶制度",GRE
twaddle,'twɑdl,,"n.废话, 闲聊",GRE
wastrel,'westrəl,,n.废物,GRE
folderol,'fɔldərɔl,,"n.废物, 废话, 不值钱的东西, 胡闹",GRE
desuetude,"'dɛswɪ,tjʊd",,"n.废止, 不用",GRE
ebullience,"i'bʌljəns,-jənsi",,"n.沸腾, 热情洋溢, 热情",GRE
fare,fɛr,,"n.费用, 旅客, 食物",GRE
decibel,'dɛsɪbɛl,,n.分贝,GRE
partition,pɑr'tɪʃən,,"n.分割, 划分, 瓜分, 分开, 隔离物",GRE
decomposition,",dikɑmpə'zɪʃən",,"n.分解, 腐烂",GRE
detachment,dɪ'tætʃmənt,,"n.分开, 拆开, 特遣部队, 超然, 分离, 分遣队",GRE
classification,",klæsɪfɪ'keʃən",,"n.分类, 分级",GRE
taxonomy,tæk'sɑnəmi,,"n.分类法, 分类学",GRE
schismatic,skɪz'mætɪk,,"n.分裂者, 分裂论者",GRE
parturition,",pɑrtjʊ'rɪʃən",,"n.分娩, 生产",GRE
allocation,",ælə'keʃən",,"n.分配, 安置",GRE
divergence,dəˈvɜrdʒəns; daɪˈvɜrdʒəns,,n.分歧,GRE
watershed,'wɔtɚʃɛd,,n.分水岭,GRE
ramification,'ræməfə'keʃən,,"n.分枝, 分叉, 衍生物, 支流",GRE
ado,ə'du,,"n.纷扰, 忙乱",GRE
sepulcher,'sɛpəlkɚ,,"n.坟墓, 埋葬所, 宗教圣物储藏所",GRE
muck,mʌk,,"n.粪肥, 垃圾, 肥料",GRE
indignation,",ɪndɪɡ'neʃən",,"n.愤慨, 义愤",GRE
wrath,ræθ,,n.愤怒,GRE
rage,redʒ,,"n.愤怒, 情绪激动, 狂暴, 精神错乱",GRE
profusion,prəˈfjuʒən,,n.丰富,GRE
abundance,ə'bʌndəns,,"n.丰富, 充裕, 丰富充裕",GRE
mien,miːn,,n.风度,GRE
mores,'mɔrez,,"n.风俗, 习惯, 民德, 道德观念",GRE
zest,zɛst,,"n.风味, 强烈的兴趣, 热情, 热心",GRE
fief,fif,,"n.封地, 采邑",GRE
loco,'loko,,"n.疯草病, 疯子, 火车头",GRE
hive,haɪv,,"n.蜂房, 蜂箱, 闹市",GRE
hummingbird,'hʌmɪŋbɝd,,n.蜂雀,GRE
swarm,swɔrm,,"n.蜂群, 一大群",GRE
tuck,tʌk,,"n.缝摺, 活力, 鼓声, 船尾突出部下方, 食物(尤指点心、蛋糕)",GRE
caricature,'kærɪkətʃɚ,,"n.讽刺画, 漫画, 讽刺描述法, 歪曲(或拙劣)的模仿",GRE
skit,skɪt,,"n.讽刺话, 幽默故事, 若干, 一群",GRE
pasquinade,",pæskwi'neid",,"n.讽刺诗, 讽刺文",GRE
satire,'sætaɪɚ,,"n.讽刺文学, 讽刺",GRE
lampooner,læm'pu:nə,,"n.讽刺文作家, 冷嘲热讽者",GRE
tope,top,,"n.佛塔, [鱼]翅鲨",GRE
negation,nɪ'ɡeʃən,,"n.否定, 拒绝",GRE
veto,'vito,,"n.否决, 禁止, 否决权",GRE
incubation,",ɪŋkju'beʃən",,"n.孵蛋, 抱蛋, 熟虑",GRE
hatch,hætʃ,,"n.孵化, 舱口, 舱口盖, (门、墙壁、地板上的)开口",GRE
hibiscus,hɪ'bɪskəs,,n.芙蓉属的植物,GRE
attire,ə'taiə,,n.服装,GRE
mannequin,'mænəkɪn,,"n.服装模特儿, 人体模型",GRE
relievo,rɪl'jɛvo,,n.浮雕,GRE
emergence,ɪ'mɝdʒəns,,"n.浮现, 露出, (植物)突出体, 出现",GRE
buoyancy,'bɔɪənsi,,"n.浮性,浮力,轻快",GRE
plankton,'plæŋktən,,n.浮游生物,GRE
scum,skʌm,,"n.浮渣, 浮垢, 糟粕, 泡沫, 糖渣, 铁渣",GRE
tally,'tæli,,"n.符木(古时用,上有刻痕记载交货、欠款等的数量), 记账, 得分, 标记牌, 标签, 符合, 对应物, 计数器",GRE
spell,spɛl,,"n.符咒, 魅力, 一段时间, 轮班",GRE
mascot,'mæskɑt,,"n.福神, 吉祥的东西",GRE
gospel,'ɡɑspl,,"n.福音, <俗>信仰, 真理",GRE
chuck,tʃʌk,,"n.抚弄, 赶走, 扔, 抛弃, （牛）颈肉, 咯咯声, 卡盘, 解雇",GRE
pacifier,'pæsɪfaɪɚ,,n.抚慰者,GRE
putrefaction,ˌpjutrəˈfækʃən,,"n.腐败, 腐败物",GRE
erosion,ɪ'roʒən,,"n.腐蚀, 侵蚀",GRE
reimbursement,",riɪm'bɝsmənt",,"n.付还, 退还",GRE
sifter,'siftə,,"n.负责筛选的人, 筛子",GRE
gynaecocracy,",ɡaini'kɔkrəsi",,"n.妇女当政, 女权政治",GRE
appendage,ə'pɛndɪdʒ,,"n.附加物, 附属肢体",GRE
addendum,ə'dɛndəm,,"n.附录, 补遗",GRE
vengeance,'vɛndʒəns,,"n.复仇, 报仇",GRE
relapse,rɪ'læps,,"n.复发, 回复原状",GRE
recurrence,rɪ'kɝəns,,"n.复发, 重现, 循环",GRE
resurrection,",rɛzə'rɛkʃən",,n.复苏,GRE
renaissance,'rɛnəsɑns,,"n.复兴, 复活, 新生, 文艺复兴, 文艺复兴时期",GRE
manifold,'mænɪfold,,"n.复印本, 多种",GRE
intricacy,'ɪntrɪkəsi,,"n.复杂, 错综",GRE
replica,'rɛplɪkə,,n.复制品,GRE
ectype,'ektaip,,"n.复制品, 副本",GRE
incarnation,",ɪnkɑr'neʃən",,"n.赋予肉体, 具人形, 化身",GRE
plutocracy,plu'tɑkrəsi,,n.富豪统治,GRE
opulence,'ɑpjələns,,n.富裕,GRE
abdomen,'æbdəmən,,"n.腹, 腹部",GRE
diarrhoea,",daiə'riə",,n.腹泻,GRE
integument,ɪn'tɛgjəmənt,,n.覆盖物,GRE
permutation,'pɝmjʊ'teʃən,,"n.改变, 交换, [数]排列, 置换",GRE
amendment,ə'mɛndmənt,,"n.改善, 改正",GRE
proselyte,"'prɑsl,aɪt",,n.改信仰者,GRE
reshuffle,",ri'ʃʌfl",,n.改组,GRE
thatch,θætʃ,,"n.盖屋的材料, 茅草屋顶, 浓密的头发",GRE
conspectus,kən'spɛktəs,,"n.概论, 大纲",GRE
sensation,sɛn'seʃən,,"n.感觉, 感情, 感动, 耸人听闻的",GRE
induction,ɪn'dʌkʃən,,"n.感应, 感应现象, 归纳",GRE
arroyo,ə'rɔɪo,,"n.干枯的河床, 峡谷, 小河",GRE
haversack,'hævɚ'sæk,,"n.干粮袋, 帆布背包",GRE
intervention,",ɪntɚ'vɛnʃən",,n.干涉,GRE
trunk,trʌŋk,,"n.干线, 树干, 躯干, 箱子, 主干, 象鼻",GRE
xerophyte,"'zɪrə,faɪt",,n.干燥地带植物,GRE
desiccant,'dɛsəkənt,,n.干燥剂,GRE
bristle,'brɪsl,,"n.刚毛, 猪鬃",GRE
compendium,kəm'pɛndɪəm,,"n.纲要, 概略",GRE
pen,pɛn,,"n.钢笔, 围栏, 围圈, 作家",GRE
piano,pɪ'æno,,n.钢琴,GRE
sentry,'sɛntri,,n.岗哨,GRE
haven,'hevn,,"n.港口, 避难所",GRE
fulcrum,'fʊlkrəm,,"n.杠杆的支点, 支点, 叶附属物",GRE
upsurge,'ʌpsɝdʒ,,n.高潮,GRE
plateau,plæ'to,,"n.高地, 高原(上升后的)稳定水平(或时期、状态)",GRE
altimeter,æl'tɪmətɚ,,n.高度计,GRE
viaduct,'vaɪədʌkt,,"n.高架桥, 高架铁路, 间道",GRE
goblet,'ɡɑblət,,"n.高脚玻璃杯, 酒杯",GRE
usury,'juʒəri,,"n.高利贷, 高利",GRE
senility,sɛ'nɪləti,,"n.高龄, 老迈年高, 老态龙钟",GRE
flak,flæk,,n.高射炮火,GRE
strut,strʌt,,"n.高视阔步, 支柱, 压杆",GRE
freeway,'friwe,,n.高速公路,GRE
jollity,'dʒɔləti,,"n.高兴, 酒宴",GRE
tableland,'tebllænd,,n.高原,GRE
upswing,'ʌpswɪŋ,,"n.高涨, 向上摆动, 改进",GRE
valediction,",vælɪ'dɪkʃən",,"n.告别, 告别词",GRE
cession,'sɛʃən,,"n.割让, 转让, [律]让与(他人)债权",GRE
loft,lɔft,,n.阁楼,GRE
attic,'ætɪk,,"n.阁楼, 顶楼, [解剖](耳的)鼓室上的隐窝",GRE
tussle,'tʌsl,,"n.格斗, 斗争, 争斗",GRE
introvert,'ɪntrəvɝt,,n.格性内向的人,GRE
dictum,'dɪktəm,,"n.格言, [律] 法官的附带意见",GRE
aphorism,'æfərɪzəm,,"n.格言, 警语, 谚语",GRE
adage,'ædɪdʒ,,"n.格言, 谚语",GRE
gnome,nəum,,"n.格言, 箴言, 土地神, 侏儒",GRE
maxim,'mæksɪm,,"n.格言, 座右铭",GRE
lattice,'lætɪs,,n.格子,GRE
grille,grɪl,,"n.格子, 格子窗, 铁格子",GRE
seclusion,sɪ'klʊʒən,,n.隔离,GRE
radix,'redɪks,,"n.根, 基数",GRE
modification,",mɑdɪfɪ'keʃən",,"n.更改, 修改, 修正",GRE
implement,'ɪmplɪmɛnt,,"n.工具, 器具",GRE
sinecure,'saɪnɪkjʊr,,"n.工作清闲而报酬丰厚的职位, 挂名职务, 闲职",GRE
affront,ə'frʌnt,,"n.公开侮辱, 轻蔑",GRE
equity,'ɛkwəti,,"n.公平, 公正, 公平的事物, 资产净值, [律]平衡法",GRE
cachet,kæ'ʃe,,"n.公务印章, 私人印戳, 标记, 威望, 纪念邮戳",GRE
assault,ə'sɔlt,,"n.攻击, 袭击",GRE
vault,vɔlt,,n.拱顶,GRE
resonance,'rɛznəns,,"n.共鸣, 回声, 反响, 中介, 谐振, 共振, 共振子, 极短命的不稳定基本粒子",GRE
collusion,kə'lʊʒən,,"n.共谋, 勾结",GRE
conspiracy,kən'spɪrəsi,,"n.共谋, 阴谋",GRE
tribute,'trɪbjut,,"n.贡品, 礼物, 颂词, 殷勤, 贡物",GRE
provision,prə'vɪʒn,,"n.供应, (一批)供应品, 预备, 防备, 规定",GRE
ravine,rə'vin,,"n.沟壑, 峡谷, 溪谷",GRE
aqueduct,'ækwɪ'dʌkt,,"n.沟渠, 导水管",GRE
trench,trɛntʃ,,"n.沟渠, 堑壕, 管沟, 电缆沟, 战壕",GRE
hook,hʊk,,"n.钩, 吊钩",GRE
crochet,kroʊˈʃe,,"n.钩针编织品, 钩边",GRE
crook,krʊk,,"n.钩状物, (河、道的)弯处, <美口>骗子",GRE
kennel,'kɛnl,,"n.狗窝, 狗屋, 阴沟",GRE
configuration,"kən,fɪɡjə'reʃən",,"n.构造, 结构, 配置, 外形",GRE
solitude,'sɑlətud,,n.孤独,GRE
hub,hʌb,,"n.毂, 木片, 中心",GRE
hoop,hup,,"n.箍, 铁环, 戒指, 篮",GRE
astrolabe,'æstrəleb,,"n.古代的天体观测仪, 星盘",GRE
curio,'kjʊrɪo,,"n.古董, 古玩",GRE
forum,'fɔrəm,,"n.古罗马城镇的广场(或市场), 论坛, 法庭, 讨论会",GRE
gladiator,'ɡlædɪetɚ,,"n.古罗马公开表演的格斗者(通常都是奴隶和俘虏), 精于辩论和格斗的人, 职业拳击者",GRE
legion,'li:dʒən,,"n.古罗马军团(约有3000至6000步兵,辅以数百名骑兵), <书>众多, 大批",GRE
paleography,",pelɪ'ɑgrəfi",,"n.古文书, 古文书学",GRE
granary,'grænəri,,n.谷仓,GRE
chaff,tʃæf,,"n.谷壳, 糠, 愚弄",GRE
cereal,'sɪrɪəl,,"n.谷类食品, 谷类",GRE
shareholder,'ʃɛrholdɚ,,n.股东,GRE
bigotry,'bɪɡətri,,"n.固执, 顽固",GRE
snub,snʌb,,"n.故意怠慢, 斥责",GRE
vandalism,'vændəlɪzəm,,n.故意破坏艺术的行为,GRE
malfunction,",mæl'fʌŋkʃən",,n.故障,GRE
scrape,skrep,,"n.刮, 擦, 擦痕, 刮擦声, 困境",GRE
oligarchy,'ɑlə'gɑrki,,"n.寡头政治, 寡头政治的执政团",GRE
curmudgeon,kɝ'mʌdʒən,,"n.乖戾的(老)人, 脾气坏的人, 爱争吵的(老)家伙",GRE
freak,friːk,,"n.怪诞的思想、行动或事件, 畸形人, 畸形的动物或植物, 反复无常",GRE
whimsy,'wɪmzi,,"n.怪念头, 奇想, 任意",GRE
monster,'mɑnstɚ,,"n.怪物, 妖怪",GRE
closure,'kloʒɚ,,n.关闭,GRE
arthritis,ɑr'θraɪtɪs,,n.关节炎,GRE
tariff,'tærɪf,,"n.关税, 关税表, 税则, (旅馆, 饭店等的)价目表、价格表",GRE
rescript,'ri:skript,,"n.官方命令, 抄件",GRE
approbation,'æprə'beʃən,,"n.官方批准, 认可, 嘉许",GRE
bureaucracy,bjʊ'rɑkrəsi,,"n.官僚, 官僚作风, 官僚机构",GRE
curator,kjʊ'retɚ,,"n.馆长, 监护人",GRE
nozzle,'nɑzl,,"n.管口, 喷嘴",GRE
husbandry,'hʌzbəndri,,n.管理,GRE
custodian,kʌ'stodɪən,,n.管理人,GRE
regimentation,",redʒimen'teiʃən",,n.管辖,GRE
corona,kə'ronə,,"n.冠壮物,王冠, 光环",GRE
inertia,ɪ'nɝʃə,,"n.惯性, 惯量",GRE
thicket,'θɪkɪt,,n.灌木丛,GRE
infusion,ɪn'fjuʒn,,n.灌输,GRE
spectrum,'spɛktrəm,,"n.光, 光谱, 型谱频谱",GRE
lustre,'lʌstɚ,,"n.光彩, 光泽",GRE
splendor,'splendə,,"n.光彩, 壮观, 杰出",GRE
photosynthesis,",foto'sɪnθəsɪs",,n.光合作用,GRE
sheen,ʃin,,n.光辉,GRE
refulgence,"ri'fʌldʒəns, ri:-",,n.光辉,GRE
effulgence,ɪ'fʌldʒəns,,"n.光辉, 灿烂",GRE
radiance,'redɪəns,,"n.光辉, 闪烁, 辐射率, 深粉红色",GRE
gloss,ɡlɑs,,"n.光泽的表面, 光彩, 欺人的表面, 假象, 注释",GRE
plaza,'plæzə,,"n.广场, 露天汽车停车场, 购物中心",GRE
piazza,pɪ'ɑzə,,"n.广场, 走廊, 露天市场",GRE
immensity,ɪ'mɛnsəti,,"n.广大, 巨大, 无限, 浩瀚",GRE
restitution,'rɛstə'tʊʃən,,n.归还,GRE
replacement,rɪ'plesmənt,,"n.归还, 复位, 交换, 代替者, 补充兵员, 置换, 移位",GRE
attribution,",ætrə'bjʊʃən",,n.归因,GRE
imputation,",ɪmpjʊ'teʃən",,"n.归罪, 归咎, 归因, 非难, 诋毁, 罪名, 污名",GRE
martinet,",mɑrtn'ɛt",,"n.规律严肃的人, 严格的人",GRE
precept,'prisɛpt,,n.规则,GRE
regulation,ˌrɛɡjəˈleʃən,,"n.规则, 规章, 调节, 校准",GRE
convert,kən'vɝt,,n.皈依者,GRE
sophistry,'sɑfɪstri,,n.诡辩,GRE
sophism,'sɑfɪzəm,,n.诡辩,GRE
ruse,ruz,,n.诡计,GRE
machination,"ˌmækəˈneʃən, ˌmæʃ-",,n.诡计,GRE
wile,wail,,"n.诡计, 阴谋, 欺骗",GRE
wraith,reθ,,n.鬼魂,GRE
patrician,pə'trɪʃən,,n.贵族,GRE
aristocrat,ə'rɪstəkræt,,n.贵族,GRE
devolution,'dɛvə'lʊʃən,,"n.滚下, 落下, 依次, 相传, 转移, 委付",GRE
shroud,ʃraʊd,,"n.裹尸布, 寿衣, 覆盖物, 船的横桅索",GRE
satiety,sə'taɪəti,,n.过饱,GRE
fault,fɔlt,,"n.过错, 缺点, 故障, 毛病",GRE
gangway,'ɡæŋwe,,"n.过道, (剧场, 火车等)座间通道, (美国作aisle)舷侧门, 舷梯, 通路, 跳板",GRE
hibernation,",haibə'neiʃən",,"n.过冬, 冬眠, 避寒",GRE
nimiety,ni'maiəti,,n.过多,GRE
preciosity,",prɛʃɪ'ɑsɪti",,"n.过分讲究, 过于细心",GRE
fop,fɑp,,"n.过分讲究衣饰或举动的人, 花花公子",GRE
bygone,'baɪɡɔn,,n.过去的事,GRE
plethora,'plɛθərə,,"n.过剩, 过多, 多血症",GRE
gaffe,ɡæf,,"n.过失, 出丑, 失态",GRE
defect,‘dɪfɛkt,,"n.过失, 缺点",GRE
trespass,'trɛspəs,,"n.过失, 罪过, 侵入",GRE
fogram,'fəuɡrəm,,"n.过时的人,守旧的人",GRE
surfeit,'sɝfɪt,,"n.过食, 过度, 恶心",GRE
niggling,'nɪɡlɪŋ,,"n.过于琐碎的工作, 麻烦事",GRE
clam,klæm,,n.蛤,GRE
lido,'lido,,"n.海滨浴场,海滨游乐场(尤指远洋客轮上的),露天游泳池",GRE
pirate,'paɪrət,,"n.海盗, 盗印者, 盗版者, 侵犯专利权者",GRE
piracy,'paɪrəsi,,"n.海盗行为, 侵犯版权, 非法翻印盗版",GRE
harbor,'hɑrbɚ,,n.海港,GRE
seascape,"'si,skep",,"n.海景, 海景画",GRE
beaver,'bivɚ,,n.海狸(毛皮),GRE
mirage,mə'rɑʒ,,"n.海市蜃楼, 雾气, 幻想, 妄想",GRE
petrel,'pitrəl,,n.海燕类,GRE
vermin,'vɝmɪn,,"n.害虫, 寄生虫, 害兽, 害鸟, 歹徒",GRE
ambiguity,",æmbɪ'ɡjuəti",,"n.含糊, 不明确",GRE
connotation,",kɑnə'teʃən",,"n.含蓄, 储蓄的东西(词、语等), 内涵",GRE
frigidity,fri'dʒiditi,,"n.寒冷, 冷淡, [医]性感缺失",GRE
mistral,'mɪstrəl,,n.寒冷西北风,GRE
solder,'sɑdɚ,,n.焊料,GRE
jargon,'dʒɑrɡən,,n.行话,GRE
procession,prə'sɛʃən,,"n.行列, 队伍",GRE
queue,kju,,"n.行列, 长队, 队列",GRE
deportment,dɪ'pɔrtmənt,,"n.行为, 举止",GRE
deed,did,,"n.行为, 事实, 功绩, 实行, 契约",GRE
delinquency,dɪ'lɪŋkwənsi,,"n.行为不良, 错失",GRE
seafaring,'sifɛrɪŋ,,"n.航海事业, 水手工作",GRE
log,lɔɡ,,"n.航行日志, 原木, 园形木材, 园木",GRE
aeronautics,",ɛrə'nɔtɪks",,"n.航空学, 航空术",GRE
limousine,'lɪməzin,,n.豪华轿车,GRE
pugnacity,pʌg'næsəti,,n.好斗,GRE
hospitality,",hɑspɪ'tæləti",,"n.好客, 宜人, 盛情",GRE
prurience,'pruəriəns,,"n.好色, 渴望",GRE
salacity,sə'læsiti,,"n.好色, 猥亵",GRE
lechery,'lɛtʃɚi,,"n.好色, 淫荡, 纵欲",GRE
sensuality,",sɛnʃʊ'ælɪti",,"n.好色,淫荡,感觉性",GRE
warmonger,,,"n.好战者, 主战论者",GRE
blare,blɛr,,n.号声,GRE
exhaustion,ɪg'zɔstʃən,,"n.耗尽枯竭, 疲惫, 筋疲力尽, 竭尽, 详尽无遗的论述",GRE
coalition,ˌkoʊəˈlɪʃn,,"n.合并, 接合, 联合",GRE
chorus,'kɔrəs,,"n.合唱, 合唱队, 齐声",GRE
aggregate,'æɡrɪɡət; (for v.) æɡrɪˌɡet,,"n.合计, 总计, 集合体",GRE
alloy,'ælɔɪ,,n.合金,GRE
pact,pækt,,"n.合同, 公约, 协定",GRE
contract,'kɑntrækt,,"n.合同, 契约, 婚约",GRE
reconciliation,",rɛkənsɪlɪ'eʃən",,"n.和解, 调和, 顺从",GRE
rapprochement,",ræproʃ'mɑn",,"n.和睦, 亲善",GRE
rapport,ræ'pɔr,,"n.和谐, 亲善",GRE
concord,'kɑŋkɔrd,,"n.和谐, 一致, 和睦",GRE
estuary,'ɛstʃʊ'ɛri,,"n.河口, 江口",GRE
hippopotamus,ˌhɪpəˈpɑtəməs,,n.河马,GRE
hormone,'hɔrmon,,"n.荷尔蒙, 激素",GRE
doit,dɔɪt,,"n.荷兰古代小铜币, 几文钱",GRE
carnation,kɑr'neʃən,,"n.荷兰石竹, 康乃馨, 粉红色",GRE
spoor,spʊr,,"n.痕迹, 足迹",GRE
malignity,mə'lɪgnəti,,n.狠毒,GRE
rail,rel,,"n.横杆, 围栏, 扶手, 铁轨",GRE
traverse,trə'vɝs,,"n.横贯, 横断, 横木, 障碍, 否认, 反驳, (建筑)通廊",GRE
decumbence,"di'kʌmbəns,-bənsi",,n.横卧,GRE
magenta,mə'dʒɛntə,,"n.红紫色, 洋红",GRE
macrocosm,'mækrokɑzəm,,n.宏观世界,GRE
inundation,",ɪnʌn'deʃən",,n.洪水,GRE
deluge,'dɛljʊdʒ,,"n.洪水, 豪雨",GRE
repentance,rɪ'pɛntəns,,"n.后悔, 悔改",GRE
logistics,lə'dʒɪstɪks,,"n.后勤学, 后勤",GRE
progeny,'prɑdʒəni,,n.后裔,GRE
ply,plaɪ,,"n.厚度, 板层, 褶",GRE
plank,plæŋk,,"n.厚木板, 支架, (政党的)政纲条款",GRE
pachyderm,'pækɪdɝm,,"n.厚皮类动物, 迟钝的人",GRE
slab,slæb,,"n.厚平板, 厚片, 混凝土路面, 板层",GRE
effrontery,ɪ'frʌntrɪ,,"n.厚颜无耻, 厚颜无耻的行为",GRE
migrant,'maɪɡrənt,,"n.候鸟, 移居者",GRE
candidature,'kændədətʃɚ,,"n.候选人的地位, 候选人资格",GRE
respiration,",rɛspə'reʃən",,"n.呼吸, 呼吸作用",GRE
prank,præŋk,,"n.胡闹, 开玩笑, 恶作剧",GRE
balderdash,'bɔldɚdæʃ,,"n.胡言乱语, 梦呓",GRE
gourd,ɡʊrd,,n.葫芦,GRE
paste,pest,,"n.糊, 面团, 黏土团",GRE
reciprocity,",rɛsɪ'prɑsəti",,n.互惠,GRE
moat,mot,,"n.护城河, 城壕",GRE
amulet,'æmjʊlət,,n.护身符,GRE
talisman,'tælɪsmən,,"n.护身符, 辟邪物, 能产生奇迹的东西, 法宝",GRE
convoy,'kɑnvɔɪ,,"n.护送, 护卫",GRE
escort,ˈeskɔːrt,,"n.护卫(队), 护送, 陪同(人员), 护卫队",GRE
lacework,'leiswə:k,,"n.花边, 花边般的透花工艺品",GRE
posy,'pozi,,"n.花朵, 花束, 铭文",GRE
pollen,'pɑlən,,n.花粉,GRE
granite,'grænɪt,,n.花岗岩,GRE
dandy,'dændi,,n.花花公子,GRE
garland,'gɑrlənd,,n.花环,GRE
bouquet,bu'ke,,n.花束,GRE
potpourri,",popʊ'ri",,"n.花香, 肉菜杂烩",GRE
flamboyance,flæm'bɔiəns,,"n.华丽, 火焰",GRE
pomposity,pɔm'pɔsiti,,"n.华丽, 夸耀",GRE
pulley,'pʊli,,"n.滑车, 滑轮",GRE
glider,'ɡlaɪdɚ,,"n.滑行(或物), 滑翔机",GRE
antics,'æntɪks,,"n.滑稽的动作, 古怪的姿态",GRE
travesty,'trævəsti,,"n.滑稽的转写, 漫画, 滑稽模仿",GRE
drollery,'drəuləri,,"n.滑稽诙谐之事, 笑谈, 笑话",GRE
lubricant,'lubrɪkənt,,n.滑润剂,GRE
personification,"pɚ,sɑnɪfɪ'keʃən",,n.化身,GRE
masquerade,",mæskə'red",,n.化妆舞会,GRE
easel,'izl,,"n.画架, 黑板架",GRE
birch,bɝtʃ,,"n.桦树, 白桦",GRE
pregnancy,'prɛgnənsi,,n.怀孕,GRE
gestation,dʒɛ'steʃən,,"n.怀孕, 酝酿, 妊娠",GRE
acclamation,",æklə'meʃən",,"n.欢呼, 喝彩, (以欢呼、鼓掌等表示的)拥护, 赞成",GRE
glee,ɡli,,"n.欢乐, 高兴",GRE
carol,'kærəl,,"n.欢乐的歌, 颂歌, (尤指)圣诞节颂歌",GRE
gaiety,'ɡeiəti,,"n.欢乐的精神, 欢乐的气氛作乐, 乐事",GRE
paean,'piən,,"n.欢乐歌, 赞美歌",GRE
hilarity,hɪ'lærəti,,n.欢闹,GRE
gambol,'ɡæmbl,,"n.欢跳, 雀跃, 嬉戏",GRE
mirth,mɝθ,,"n.欢笑, 高兴",GRE
badger,'bædʒɚ,,"n.獾, 獾皮毛",GRE
loop,lup,,"n.环, 线(绳)圈, 弯曲部分, 回路, 回线, (铁路)让车道, (飞机)翻圈飞行",GRE
trepan,trɪ'pæn,,"n.环锯, 钻孔机, 陷阱",GRE
bumper,'bʌmpɚ,,n.缓冲器,GRE
appeasement,ə'pizmənt,,n.缓和,GRE
moderator,'mɑdəretɚ,,n.缓和剂,GRE
tardiness,'tɑrdɪnɪs,,n.缓慢,GRE
reprieve,rɪ'priv,,"n.缓刑(尤指缓期执行死刑), 缓刑令, (痛苦, 烦恼等的)暂缓",GRE
reverie,'rɛvəri,,n.幻想,GRE
fantasia,fæn'tezɪə,,n.幻想曲,GRE
phantom,'fæntəm,,n.幻影,GRE
moult,molt,,"n.换毛, 脱毛",GRE
molt,molt,,"n.换毛, 脱皮, 换毛期",GRE
apoplectic,",æpə'plɛktɪk",,n.患中风者,GRE
dilapidation,"də,læpə'deʃən",,"n.荒废, 崩塌, 破损",GRE
absurdity,əb'sɝdəti,,"n.荒谬, 谬论",GRE
fluster,'flʌstɚ,,"n.慌乱, 狼狈, 混乱, 激动",GRE
royalty,'rɔɪəlti,,"n.皇室, 王权",GRE
spendthrift,'spendθrift,,n.挥霍者,GRE
resplendence,ri'splendəns,,"n.辉煌, 灿烂",GRE
badge,bædʒ,,"n.徽章, 证章",GRE
retrospect,'rɛtrəspɛkt,,n.回顾,GRE
rebuff,rɪ'bʌf,,n.回绝,GRE
rebate,'ribet,,"n.回扣, 折扣",GRE
cloister,'klɔɪstɚ,,"n.回廊, 修道院",GRE
reminiscence,'rɛmə'nɪsns,,"n.回想, 记忆力, 怀旧",GRE
contrition,kən'triʃən,,"n.悔悟, 后悔",GRE
confluence,'kɑnfluəns,,n.汇合,GRE
remittance,rɪ'mɪtns,,"n.汇款, 汇寄之款, 汇款额",GRE
parley,'pɑrli,,n.会谈,GRE
stupor,'stupɚ,,n.昏迷,GRE
coma,'komə,,n.昏迷,GRE
nuptial,'nʌpʃl,,n.婚礼,GRE
pastiche,"pæs'ti:ʃ, pɑ:",,"n.混成曲, 模仿画",GRE
intermingle,",ɪntɚ'mɪŋɡl",,n.混合,GRE
kerfuffle,kɚ'fʌfl,,"n.混乱, 动乱",GRE
dislocation,",dɪslo'keʃən",,"n.混乱, 断层, 脱臼",GRE
chaos,'keɑs,,"n.混乱, 混沌(宇宙未形成前的情形)",GRE
bedlam,'bɛdləm,,"n.混乱, 骚乱情景, <古语>疯人院",GRE
promiscuity,",pro'skjʊəti",,"n.混乱, 杂乱, 尤指男女乱交",GRE
farrago,fə'rɑɡo,,"n.混杂, 混杂物",GRE
medley,'mɛdli,,"n.混杂的人群, 杂乱的一团, 混合物, 杂录, [音]集成曲",GRE
lust,lʌst,,"n.活力, 繁殖力, 强烈的性欲",GRE
vim,vɪm,,"n.活力, 精力",GRE
animation,",ænɪ'meʃən",,"n.活泼, 有生气",GRE
spark,spɑrk,,"n.火花, 火星, 闪光, 情郎, 花花公子, 活力, 电信技师, 瞬间放电",GRE
scintilla,sɪn'tɪlə,,"n.火花, 闪烁, 细微的颗粒或痕迹",GRE
gobble,'ɡɑbl,,n.火鸡叫声,GRE
pyre,'paɪɚ,,n.火葬用的柴堆,GRE
purveyance,pə'veiəns,,"n.伙食, 承办伙食",GRE
procurement,prə'kjʊrmənt,,"n.获得, 取得",GRE
fencer,'fɛnsɚ,,"n.击剑者, 剑术家, 篱笆匠",GRE
locomotive,",lokə'motɪv",,"n.机车, 火车头",GRE
ingenuity,",ɪndʒə'nuəti",,"n.机灵, 独创性, 精巧, 灵活性",GRE
tact,tækt,,"n.机智, 手法, 老练, 角觉",GRE
sinew,'sɪnju,,"n.肌肉, 精力, 体力, 原动力, [解]腱",GRE
myalgia,maɪ'ældʒə,,n.肌痛,GRE
rustler,'rʌslə,,"n.积极分子, 活跃的人",GRE
rationale,",ræʃə'næl",,n.基本原理,GRE
pedestal,'pɛdɪstl,,"n.基架, 底座, 基础",GRE
sill,sɪl,,"n.基石,门槛,窗台,[地质]岩床",GRE
monstrosity,mɔn'strɔsəti,,n.畸形,GRE
concussion,kən'kʌʃən,,"n.激动, 冲击, [医]震荡",GRE
agitation,",ædʒɪ'teʃən",,"n.激动, 兴奋, 煽动, 搅动",GRE
heckler,'heklə,,n.激烈质问者,GRE
provocation,",prɑvə'keʃən",,"n.激怒, 刺激, 挑衅, 挑拨",GRE
hassle,'hæsl,,n.激战,GRE
auspicious,ɔ'spɪʃəs,,"n.吉兆的, 幸运的",GRE
dullsville,'dʌlzvɪl,,"n.极度沉闷或单调, 非常无聊之事物",GRE
sizzler,'sɪzlɚ,,"n.极烫的东西, 炎热天",GRE
paucity,'pɔ:siti,,n.极小量,GRE
polarity,pə'lærəti,,n.极性,GRE
improvisation,",ɪmprəvaɪ'zeʃən",,n.即席创作,GRE
impromptu,ɪm'prɑmptu,,"n.即席演出, 即兴曲",GRE
presto,'prɛsto,,n.急板之乐曲或乐章,GRE
quirk,kwɝk,,"n.急转, 遁词, 怪癖",GRE
ailment,'elmənt,,"n.疾病(尤指微恙), 不宁, 不安",GRE
gallop,'ɡæləp,,"n.疾驰, 飞奔",GRE
scutter,'skʌtə,,n.疾走,GRE
aggregation,",ægrɪ'geʃən",,"n.集合, 集合体, 聚合",GRE
congregation,",kɑŋɡrɪ'ɡeʃən",,"n.集合, 集会, [宗]圣会",GRE
muster,'mʌstɚ,,"n.集合, 阅, 样品, 清单, 一群",GRE
rendezvous,'rɑndevʊ,,n.集合点,GRE
convocation,",kɑnvə'keʃən",,"n.集会, 召集, 教士会议",GRE
bazaar,bə'zɑr,,"n.集市, 市场, 杂货店, 百货店",GRE
catchment,'kætʃmənt,,"n.集水, 集水处(水库或集水盆地)",GRE
philately,fɪ'lætəli,,"n.集邮, 集邮的兴趣",GRE
philatelist,fɪ'lætəlɪst,,n.集邮家,GRE
vertebrate,'vɝtɪbrət,,n.脊椎动物,GRE
chine,tʃaɪn,,"n.脊椎骨, 山脊",GRE
computation,'kɑmpjʊ'teʃən,,"n.计算, 估计",GRE
chronometer,krə'nɑmɪtɚ,,n.记时计,GRE
tickler,'tɪklɚ,,"n.记事本, 备忘录, 使人发痒的人",GRE
mnemonics,ni'mɑnɪks,,n.记忆术,GRE
souvenir,",suvə'nɪr",,n.纪念品,GRE
memento,mɪˈmɛnto,,n.纪念品,GRE
memorial,mə'morɪəl,,"n.纪念物, 纪念馆, 纪念议事, 请愿书",GRE
artifice,'ɑrtɪfɪs,,n.技巧,GRE
sleight,slaɪt,,"n.技巧, 手法, 诡计, 熟练",GRE
feat,fit,,"n.技艺, 功绩, 武艺, 壮举, 技艺表演",GRE
monsoon,",mɑn'sun",,"n.季候风, (印度等地的)雨季, 季风",GRE
dose,dos,,"n.剂量, (一)剂, (一)服",GRE
heir,ɛr,,"n.继承人, 后嗣",GRE
oblation,ob'leʃən,,n.祭品,GRE
altar,'ɔltɚ,,"n.祭坛, (基督教教堂内的)圣坛, 祈祷祭拜的地方",GRE
throb,θrɑb,,"n.悸动, 脉搏",GRE
parasite,'pærəsaɪt,,"n.寄生虫, 食客",GRE
lodger,'lɑdʒɚ,,"n.寄宿者, 投宿者",GRE
coronation,'kɔrə'neʃən,,n.加冕礼,GRE
chappy,'tʃæpi,,n.家伙,GRE
guy,gaɪ,,"n.家伙, 人",GRE
domesticity,'domɛ'stɪsəti,,"n.家庭生活, 专心于家务, 对家庭的挚爱, 家庭生活",GRE
factotum,fæk'totəm,,"n.家务总管, 杂役, 打杂的人, [印]特大型花体大写字母",GRE
messuage,'mɛswɪdʒ,,n.家宅,GRE
patriarchy,'petrɪɑrki,,"n.家长统治, 父权制",GRE
cleat,klit,,n.夹板,GRE
clamp,klæmp,,"n.夹子, 夹具, 夹钳",GRE
carapace,'kærəpes,,"n.甲壳, 壳",GRE
promontory,'prɑməntɔri,,"n.岬, 隆起, 海角",GRE
presumption,pri'zʌmpʃən,,n.假定,GRE
postulate,'pɑstʃəlet,,"n.假定, 基本条件, 基本原理",GRE
supposition,",sʌpə'zɪʃən",,"n.假定, 想象, 推测, 推想",GRE
wig,wɪɡ,,n.假发,GRE
jobbery,'dʒɑbəri,,n.假公济私,GRE
fake,feɪk,,"n.假货, 欺骗",GRE
pseudonym,'sudənɪm,,"n.假名, 笔名",GRE
sobriquet,'sobrɪkɛi,,"n.假名, 绰号",GRE
hypothesis,haɪ'pɑθəsɪs,,n.假设,GRE
feint,fent,,"n.假象, 伪装, 假装, 假托, 佯攻, 虚击",GRE
affectation,",æfɛk'teʃən",,"n.假装, 虚饰, 做作",GRE
connivance,kə'naivəns,,"n.假装不见, 纵容, 默许",GRE
rack,ræk,,"n.架, 行李架, 拷问台, 小步跑, 烧酒, 破坏",GRE
graft,ɡræft,,"n.嫁接, (接技用的)嫩枝, (皮肤等的)移植, 赎职",GRE
spire,'spaɪr,,n.尖顶,GRE
steeple,'stipl,,n.尖塔,GRE
minaret,",mɪnə'rɛt",,n.尖塔,GRE
turpitude,'tɝpətud,,"n.奸恶, 卑鄙",GRE
profiteer,",prɑfə'tɪə",,n.奸商,GRE
duplicity,du'plɪsəti,,"n.奸诈, 狡猾, 搞两面派, 口是心非, 不诚实, 表里不一",GRE
insistence,in'sistəns,,"n.坚持, 坚决主张",GRE
stickler,'stiklə,,"n.坚持己见的人, 困难的问题",GRE
tenacity,tə'næsɪti,,n.坚韧,GRE
fortitude,'fɔ:titju:d,,n.坚韧,GRE
rigidity,rɪ'dʒɪdəti,,"n.坚硬, 僵化, 刻板, 严格, 刚性, 硬度",GRE
espionage,'ɛspɪənɑʒ,,"n.间谍, 侦探",GRE
intermission,'ɪntɚ'mɪʃən,,n.间断,GRE
geyser,'ɡaɪzɚ,,"n.间歇泉, 烧水锅炉",GRE
tutelage,'tʊtəlɪdʒ,,n.监护,GRE
penitentiary,",pɛnɪ'tɛnʃəri",,"n.监狱, 收容所, 教养所",GRE
griddle,'ɡrɪdl,,"n.煎饼用浅锅, 矿筛",GRE
inspection,ɪn'spɛkʃən,,"n.检查, 视察",GRE
censor,'sɛnsɚ,,n.检查员,GRE
prosecutor,'prɑsɪ'kjʊtɚ,,n.检举人,GRE
quarantine,'kwɔrən'tin,,"n.检疫, 隔离, (政治或商业上的)封锁, 检疫期间",GRE
palliation,",pæli'eiʃən",,n.减轻,GRE
shanty,'ʃænti,,"n.简陋小屋, 棚屋",GRE
overture,'ovətʃʊr,,n.建议,GRE
proponent,prə'ponənt,,"n.建议者, 支持者, [律]提出认证遗嘱者",GRE
pariah,pə'raɪə,,n.贱民(印度的最下阶级),GRE
raconteur,",rækɑn'tɝ",,"n.健谈者, 善谈者",GRE
amnesia,æm'niʒə,,n.健忘症,GRE
armada,ɑ:'mɑ:də,,n.舰队,GRE
marine,mə'rin,,"n.舰队, 水兵, 海运业",GRE
mountebank,'maʊntɪbæŋk,,"n.江湖郎中, 骗子",GRE
makeshift,'mek'ʃɪft,,"n.将就, 凑合, 权宜之计",GRE
ginger,'dʒɪndʒɚ,,"n.姜, 生姜, 有姜味, 活泼, 元气, 精力, 淡赤黄色(的)～",GRE
stalemate,'stelmet,,n.僵局,GRE
impasse,'ɪmpæs,,n.僵局,GRE
rein,ren,,"n.缰绳, 统治, 支配",GRE
rostrum,'rɔstrəm,,"n.讲坛, 演讲坛",GRE
oratory,'ɔrətɔri,,n.讲演术,GRE
prix,pri,,"n.奖金, 价格",GRE
medal,'mɛdl,,"n.奖章, 勋章, 纪念章",GRE
oar,ɔr,,"n.桨, 橹",GRE
crossfire,'krɔsfaɪɚ,,"n.交叉火力, 困境",GRE
interaction,,,"n.交互作用, 交感",GRE
vehicle,'viːɪkl,,"n.交通工具, 车辆, 媒介物, 传达手段",GRE
mollycoddle,'mɑlɪkɑdl,,"n.娇惯的男人, 懦夫",GRE
hubris,'hju:bris,,"n.骄傲 , 傲慢, （狂妄自大）",GRE
suspense,sə'spɛns,,"n.焦虑, 悬念, 悬而不决",GRE
wiliness,'wailinis,,n.狡猾,GRE
gallows,'gæloz,,"n.绞架, 绞刑",GRE
hanger,'hæŋɚ,,"n.绞刑执行者, 衣架",GRE
podiatry,pə'daɪətri,,n.脚病学,GRE
heel,hil,,"n.脚后跟, 踵, 跟部",GRE
pirouette,",pɪru'ɛt",,n.脚尖旋转,GRE
beater,'bitɚ,,n.搅拌器,GRE
bawl,bɔl,,n.叫骂声,GRE
pontificate,"pɔn'tifikit, -keit",,"n.教皇的职位, 主教的地位",GRE
canon,'kænən,,"n.教会法教规, 教规, (基督教的)正典圣经(简称正经), 一个作家的真作日本佳能公司",GRE
didactics,daɪ'dktɪks,,n.教授法,GRE
doctrinaire,",dɑktrə'nɛr",,n.教条主义者,GRE
pedagogy,'pɛdə'godʒi,,"n.教学, 教授, 教育学",GRE
yeast,jist,,"n.酵母, 发酵粉",GRE
ferment,fɚ'mɛnt,,"n.酵素, 发酵, 动乱",GRE
leaven,'lɛvən,,"n.酵素, 酵母, 潜移默化的影响",GRE
contiguity,",kɑntə'gjʊəti",,"n.接触, 接近, 邻近",GRE
seam,sim,,"n.接缝, 线缝, 缝合线, 衔接口, 伤疤, 层",GRE
propinquity,prə'pɪŋkwəti,,n.接近,GRE
proximity,prɑk'sɪməti,,"n.接近, 亲近",GRE
inoculation,ɪˌnɒkju'leɪʃn,,"n.接木, 接种, 接插芽",GRE
osculation,",ɔskju'leiʃən",,"n.接吻, 密切, 接触",GRE
muckrake,"'mʌk,rek",,n.揭开丑闻的文章,GRE
talebearer,"'tel,bɛrɚ",,"n.揭人隐私者, 搬弄是非者, 散播谣言者, 告密者",GRE
nodus,'nodəs,,"n.节, 结节, 难点",GRE
stanza,'stænzə,,"n.节, 演出期, 比赛中的盘",GRE
frugality,frʊ'gæləti,,"n.节俭, 俭省",GRE
temperance,'tɛmpərəns,,"n.节欲, 戒酒, 禁酒, (气候等的)温和",GRE
elitism,e'litɪzəm,,"n.杰出人物统治论, 高人一等的优越感",GRE
aftermath,'æftəmæθ,,"n.结果, 后果",GRE
cohesion,ko'hiʒən,,"n.结合, 凝聚, [物理]内聚力",GRE
denouement,deinu:'mɔŋ,,n.结局,GRE
incrustation,",ɪnkrʌ'steʃən",,"n.结壳, 用覆盖物, 镶嵌, 硬壳",GRE
epilogue,'ɛpɪlɔɡ,,"n.结语, 尾声, [戏]收场白",GRE
exemption,ɪg'zɛmpʃən,,"n.解除, 免除, 免税",GRE
thaw,θɔ,,n.解冻,GRE
undoing,ʌn'duɪŋ,,"n.解开, 复旧, 毁灭, 取消",GRE
scalpel,skæl'pɛl,,n.解剖刀,GRE
exponent,ɪk'sponənt,,"n.解释者, 说明者, 代表者, 典型, 指数",GRE
commandment,kə'mændmənt,,n.戒律,GRE
pretext,'pritɛkst,,"n.借口, 托辞",GRE
pretension,prɪ'tɛnʃən,,"n.借口, 要求, 主张, 自负, 骄傲",GRE
bullion,'bʊlɪən,,"n.金银, 银条, 金块",GRE
filigree,'fɪlɪɡri,,"n.金银丝细工, 易损之物",GRE
scram,skræm,,n.紧急刹车,GRE
emergency,ɪ'mɝdʒənsi,,"n.紧急情况, 突然事件, 非常时刻, 紧急事件",GRE
gripe,ɡraɪp,,"n.紧握, 柄, 把手, 控制, 苦恼",GRE
catatonic,",kætə'tɑnɪk",,n.紧张性精神症患者,GRE
exertion,ɪɡ'zɝʃən,,"n.尽力, 努力, 发挥, 行使, 运用",GRE
tenor,'tɛnɚ,,"n.进程, 路程, 要旨, 大意, 男高音, 誊本",GRE
offense,ə'fɛns,,n.进攻,GRE
gumption,'ɡʌmpʃən,,"n.进取心, 气概",GRE
ingress,'ɪnɡrɛs,,"n.进入, 入口处, 准许进入",GRE
dilemma,dɪˈlemə,,"n.进退两难的局面, 困难的选择",GRE
purlieus,'pə:lju:z,,n.近郊；邻近地区,GRE
myopia,maɪ'opɪə,,n.近视,GRE
ascetic,ə'sɛtɪk,,"n.禁欲者, 苦行修道者",GRE
asceticism,ə'sɛtɪsɪzəm,,"n.禁欲主义, 苦行",GRE
embargo,ɪm'bɑrɡo,,"n.禁止出入港口, 禁运",GRE
stalk,stɔk,,"n.茎, 柄, 梗, 秆",GRE
stem,stɛm,,"n.茎, 干, 词干, 茎干",GRE
longitude,'lɑndʒətud,,"n.经度, 经线",GRE
empiricism,ɛm'pɪrə'sɪzəm,,"n.经验主义, 经验论, 庸医的医术",GRE
consternation,",kɑnstɚ'neʃən",,"n.惊愕, 恐怖, 惊惶失措",GRE
horror,'hɔrɚ,,"n.惊骇, 恐怖, 惨事, 极端厌恶",GRE
panic,'pænɪk,,"n.惊慌, 恐慌, 没有理由的",GRE
prodigy,'prɑdədʒi,,"n.惊人的事物, 天才(特指神童), 奇观, 奇事",GRE
quintessence,kwɪn'tɛsns,,"n.精萃, 精华, 典范",GRE
moxie,'mɑksi,,"n.精力, 勇气, 胆量",GRE
psychosis,saɪ'kosɪs,,n.精神,GRE
spunk,spʌŋk,,"n.精神, 勇气, 胆量, 火星, 引火木柴",GRE
psychiatry,saɪ'kaɪətri,,"n.精神病学, 精神病治疗法",GRE
insanity,ɪn'sænəti,,"n.精神错乱, 疯狂, 愚顽",GRE
lunacy,'lunəsi,,"n.精神失常, 精神病",GRE
proficient,prə'fɪʃnt,,n.精通,GRE
refinement,rɪ'faɪnmənt,,"n.精致, (言谈, 举止等的)文雅, 精巧",GRE
epigram,'epiɡræm,,"n.警句, 讽刺短诗",GRE
tocsin,'tɑksɪn,,"n.警钟, 警报",GRE
purge,pɝdʒ,,"n.净化, 清除, 泻药",GRE
purgation,pɝ'geʃən,,"n.净化, 洗涤, 清洗, 洗罪",GRE
arena,ə'rinə,,"n.竞技场, 舞台",GRE
emulation,",ɛmjə'leʃən",,"n.竞争, 效法",GRE
obeisance,o'bisns,,"n.敬礼, 鞠躬, 顿首, 服从",GRE
awe,ɔ,,n.敬畏,GRE
homage,'hɑmɪdʒ,,n.敬意,GRE
entanglement,ɪn'tæŋɡlmənt,,n.纠缠,GRE
rectification,",rɛktəfə'keʃən",,"n.纠正, 整顿, 校正, 精馏, 整流",GRE
dimple,'dɪmpəl,,"n.酒窝, 涟漪",GRE
lees,liz,,"n.酒糟, 渣滓",GRE
mortar,'mɔrtɚ,,"n.臼, 研钵, 灰泥, 迫击炮",GRE
succor,'sʌkɚ,,"n.救援, 援助者, 救援人员",GRE
mew,mju,,"n.厩舍, 海鸥",GRE
trammel,'træml,,"n.拘束, 阻碍物, 束缚物",GRE
denizen,'denizən,,n.居民,GRE
inhabitant,ɪn'hæbɪtənt,,"n.居民, 居住者",GRE
residence,'rɛzɪdəns,,"n.居住, 住处",GRE
chrysanthemum,krɪ'sænθəməm,,n.菊花,GRE
dejection,dɪ'dʒɛkʃən,,"n.沮丧, 粪便",GRE
matrix,'metrɪks,,n.矩阵,GRE
uptake,'ʌptek,,n.举起,GRE
comportment,kəm'pɔrtmənt,,"n.举止, 态度, 动作",GRE
cavern,'kævɚn,,"n.巨洞, 洞窟, 深处",GRE
colossus,kə'lɑsəs,,"n.巨像, 巨人",GRE
surge,sɝdʒ,,"n.巨涌, 汹涌, 澎湃",GRE
contumacy,'kɔntjuməsi,,"n.拒不服从, 倔强",GRE
upheaval,ʌp'hivl,,n.剧变,GRE
troupe,trʊp,,n.剧团,GRE
claqueur,,,n.剧院中雇用的喝彩的人,GRE
playwright,'pleraɪt,,n.剧作家,GRE
appropriation,"ə,proprɪ'eʃən",,"n.据为己有, 占有, 挪用(只指定用途的一笔), 拨款",GRE
hurricane,hʌrɪˌken,,"n.飓风, 狂风",GRE
sawdust,'sɔ'dʌst,,n.锯屑,GRE
volume,'vɑljum,,"n.卷, 册, 体积, 量, 大量, 音量",GRE
frizz,frɪz,,"n.卷发, 卷毛, 吱吱响声",GRE
scroll,skrol,,"n.卷轴, 卷形物, 名册",GRE
pout,paʊt,,"n.撅嘴, 板脸, 生气, 大头鱼类",GRE
duel,'dʊəl,,n.决斗,GRE
knack,næk,,n.诀窍,GRE
infallibility,"in,fælə'biləti",,"n.绝无错误, 绝对可靠性",GRE
cadet,kə'dɛt,,"n.军官学校学生, <旧俚>(妓院)拉皮条的人",GRE
ordnance,'ɔrdnəns,,n.军火,GRE
accoutrements,ə'ku:trimənts,,"n.军人的配备, 服装",GRE
munitions,mju:'niʃnz,,n.军需品(munition之复数),GRE
monarch,'mɑnɚk,,n.君主,GRE
sovereign,sɑvrɪn,,"n.君主, 统治",GRE
sovereignty,'sɑvrənti,,"n.君主, 主权, 主权国家",GRE
sheriff,'ʃɛrɪf,,"n.郡治安官, 州长",GRE
format,'fɔrmæt,,"n.开本, 版式, 形式, 格式",GRE
outset,'aʊtsɛt,,"n.开端, 开始",GRE
cardigan,'kɑrdɪɡən,,n.开襟羊毛衫(=cardigan sweater),GRE
commencement,kə'mɛnsmənt,,"n.开始, 毕业典礼",GRE
raillery,'reləri,,"n.开玩笑, 逗趣",GRE
badinage,",bædən'ɑʒ",,"n.开玩笑, 揶揄",GRE
aperitif,"ə,pɛrə'tif",,n.开胃酒,GRE
corrigendum,",kɔrɪ'dʒɛndəm",,n.勘误表,GRE
chop,tʃɑp,,"n.砍, 排骨, 官印, 商标",GRE
gash,ɡæʃ,,"n.砍得很深的伤口, 很深的裂缝",GRE
janitor,'dʒænɪtɚ,,n.看门人,GRE
largesse,lɑː'(d)ʒes,,n.慷慨,GRE
generosity,",dʒɛnə'rɑsəti",,"n.慷慨, 宽大",GRE
antibiotic,",æntɪbaɪ'ɑtɪk; ˌæntaɪ-",,n.抗生素,GRE
antibody,'æntɪ'bɑdi,,n.抗体,GRE
remonstrance,rɪ'mɑnstrəns,,n.抗议,GRE
archaeology,",ɑrkɪ'ɑlədʒi",,n.考古学,GRE
gridiron,'grɪdaɪən,,"n.烤架, 格状物",GRE
grill,ɡrɪl,,"n.烤架, 铁格子, 烤肉",GRE
shuck,ʃʌk,,n.壳,GRE
variability,",vɛrɪə'bɪləti",,n.可变性,GRE
drawbridge,'drɔbrɪdʒ,,n.可开闭的吊桥,GRE
plasticity,plæ'stɪsəti,,"n.可塑性, 塑性",GRE
craving,'krevɪŋ,,n.渴望,GRE
scale,skel,,"n.刻度,衡量,比例,数值范围,比例尺,天平,等级",GRE
nick,nɪk,,"n.刻痕, 缺口",GRE
syllabus,'sɪləbəs,,n.课程提纲,GRE
solicitation,"sə,lɪsə'teʃən",,"n.恳求, 恳请, 诱惑, 引发",GRE
entreaty,ɪn'triti,,"n.恳求, 乞求",GRE
vacancy,'vekənsi,,"n.空, 空白, 空缺, 空闲, 清闲, 空虚",GRE
interregnum,",ɪntɚ'rɛɡnəm",,"n.空白期间, 空位期间, 中断",GRE
inanition,",ɪnə'nɪʃən",,"n.空洞, 无意义, 浅薄, 愚蠢",GRE
verbiage,'vɝbɪɪdʒ,,n.空话,GRE
interstice,ɪn'tɝstɪs,,"n.空隙, 裂缝",GRE
maggot,'mægət,,"n.空想, 蛆",GRE
vanity,'vænəti,,n.空虚,GRE
vacuity,və'kjuəti,,n.空虚,GRE
inanity,i'nænəti,,"n.空虚, 愚蠢",GRE
orifice,'ɔrɪfɪs,,"n.孔, 口",GRE
aperture,'æpətʃɚ,,"n.孔, 穴, 缝隙, (照相机, 望远镜等的)光圈, 孔径",GRE
phobia,'fobɪə,,"n.恐怖病, 恐怖症",GRE
stutter,'stʌtɚ,,"n.口吃, 结结巴巴",GRE
rouge,ruʒ,,"n.口红, 胭脂, 红铁粉",GRE
calibre,'kælibə,,n.口径,GRE
shibboleth,'ʃɪbəlɛθ,,n.口令,GRE
saliva,sə'laɪvə,,"n.口水, 唾液",GRE
parol,pə'rol,,n.口头言词,GRE
rap,ræp,,"n.叩击, 轻拍, 轻敲, 斥责",GRE
internment,ɪn'tɝnmənt,,"n.扣留, 收容",GRE
blight,blaɪt,,"n.枯萎病, 不良影响, 打击",GRE
absinth,'æbsinθ,,n.苦艾酒,GRE
tribulation,",trɪbju'leʃən",,"n.苦难, 忧患, 磨难",GRE
agony,'æɡəni,,"n.苦恼, 极大的痛苦",GRE
pungency,'pʌndʒənsi,,"n.苦痛, 辛辣, 刺激, 尖刻",GRE
lucubration,",lju:kju:'breiʃən",,"n.苦心而成的著作, 学术作品",GRE
elaboration,"ɪ,læbə'reʃən",,"n.苦心经营, 苦心经营的结果, 详尽的细节",GRE
bombast,'bɑmbæst,,n.夸大的言辞,GRE
exaggeration,"ɪɡ,zædʒə'reʃən",,"n.夸张, 夸大之词",GRE
lump,lʌmp,,"n.块（尤指小块）, 肿块, 笨人",GRE
frisk,frɪsk,,"n.快乐, 快乐的时刻, 搜身",GRE
hedonism,'hidənɪzəm,,"n.快乐论, 快乐主义",GRE
liberality,",lɪbə'ræləti",,"n.宽大, 磊落",GRE
lenience,"'li:njəns,-si",,"n.宽厚, 仁慈",GRE
revelry,'rɛvlri,,n.狂欢,GRE
randan,ræn'dæn,,"n.狂欢, 三人划的小艇",GRE
spree,spri,,"n.狂欢, 纵乐, 无节制的狂热行为",GRE
carnival,'kɑrnɪvl,,"n.狂欢节, 饮宴狂欢",GRE
binge,bɪndʒ,,"n.狂闹, 狂欢",GRE
fanaticism,fə'nætɪsɪzəm,,"n.狂热, 盲信",GRE
zealot,'zɛlət,,n.狂热者,GRE
fanatic,fə'nætɪk,,"n.狂热者, 盲信者, 入迷者",GRE
swagger,'swæɡɚ,,"n.狂妄自大者, 大摇大摆, 吹牛",GRE
ecstatic,ɪk'stætɪk,,n.狂喜的人,GRE
rhapsody,'ræpsədi,,n.狂想曲,GRE
ore,ɔr,,"n.矿石, 含有金属的岩石",GRE
slag,slæɡ,,"n.矿渣, 炉渣, 火山岩渣",GRE
jamb,dʒæm,,"n.矿柱, 旁柱",GRE
sash,sæʃ,,"n.框格, 肩带, 腰带, 飒饰, 窗扇",GRE
rout,raʊt,,n.溃退,GRE
ulcer,'ʌlsɚ,,"n.溃疡, 腐烂物",GRE
entomology,",ɛntə'mɑlədʒi",,n.昆虫学,GRE
sheaf,ʃif,,"n.捆, 束, 札",GRE
quandary,'kwɑndəri,,"n.困惑, 窘境, 进退两难",GRE
perplexity,pɚ'plɛksəti,,n.困惑混乱,GRE
predicament,prɪ'dɪkəmənt,,n.困境,GRE
expansion,ɪk'spænʃən,,"n.扩充, 开展, 膨胀, 扩张物, 辽阔, 浩瀚",GRE
magnification,",mæɡnɪfɪ'keʃən",,"n.扩大, 放大倍率",GRE
diffusion,dɪ'fjʊʒən,,"n.扩散, 传播, 漫射",GRE
junk,dʒʌŋk,,"n.垃圾, 舢板",GRE
litter,'lɪtɚ,,"n.垃圾，（供动物睡眠或防冻用的）干草、树叶, (一)窝, 轿, 担架",GRE
fanfare,'fæn'fɛr,,"n.喇叭或号角嘹亮的吹奏声, 吹牛",GRE
rifle,'raɪfl,,"n.来复枪, 步枪, 来复线, 膛线",GRE
sapphire,'sæfaɪɚ,,n.兰宝石,GRE
barrage,bə'rɑʒ,,"n.拦河坝, 堰, 阻塞, (敌军前进的)弹幕射击",GRE
banister,'bænɪstɚ,,"n.栏杆的支柱, 楼梯的扶栏",GRE
acedia,ə'sidɪə,,"n.懒惰, 绝望",GRE
layabout,'leəbaʊt,,n.懒惰者,GRE
slattern,'slæt(ə)n,,"n.懒妇, 妓女",GRE
slacker,'slækɚ,,n.懒鬼,GRE
loon,lun,,"n.懒人, 笨蛋, [动物]潜鸟",GRE
sloven,'slʌvn,,"n.懒散的人, 散漫的人",GRE
abuse,ə'bjus,,"n.滥用, 虐待, 辱骂, 陋习, 弊端",GRE
recital,rɪ'saɪtl,,"n.朗诵, 背诵, 叙述, 独奏会, 独唱会",GRE
labour,'leibə,,"n.劳动, 劳力, 劳工, 努力, 分娩, 工作",GRE
fastness,'fæstnəs,,"n.牢固, 固定(性), 不褪色(性), 放荡, 僻静的处所, 抗(毒)性, 要塞, 巩固",GRE
clench,klɛntʃ,,"n.牢牢抓住, 钉紧, 敲弯的钉头",GRE
nag,næɡ,,"n.老马, 驽马, 劣等竞赛马, (作坐骑的)矮小马, 唠叨",GRE
gerontology,",dʒɛrən'tɑlədʒi",,n.老人医学,GRE
rat,ræt,,n.老鼠,GRE
dotage,'dotɪdʒ,,"n.老朽, 老迷糊, 溺爱",GRE
podium,'podɪəm,,"n.乐队指挥台, 墩座墙",GRE
optimism,'ɑptɪmɪzəm,,"n.乐观, 乐观主义",GRE
strangulation,",stræŋɡju'leʃən",,"n.勒杀, 压缩, 箝制",GRE
exaction,ɪg'zækʃ(ə)n; eg-,,"n.勒索, 苛求",GRE
blackmail,'blækmel,,"n.勒索, 勒索所得之款",GRE
extortion,ɪk'stɔrʃən,,"n.勒索, 敲诈, 强取, 被勒索的财物",GRE
rampart,'ræmpɑ:t,,"n.垒, 壁垒, 城墙",GRE
rib,rɪb,,n.肋骨,GRE
anthropoid,'ænθrəupɔid,,n.类人猿,GRE
analogy,ə'nælədʒi,,"n.类似, 类推",GRE
resemblance,rɪ'zɛmbləns,,n.类同之处,GRE
genre,'ʒɑnrə,,"n.类型, 流派",GRE
recidivism,"rɪ'sɪdə,vɪzəm",,n.累犯,GRE
nonchalance,"'nɔnʃələns, ,nɔnʃə'lɑ:ns",,n.冷淡,GRE
sangfroid,sɔŋ'frwa:,,"n.冷静, 泰然, 镇静或沉着",GRE
apparition,",æpə'rɪʃən",,"n.离奇出现的东西, (尤指)鬼怪, 幽灵, 幻影",GRE
digression,daɪ'grɛʃən,,"n.离题, 脱轨, 扯到枝节上",GRE
furrow,'fɝo,,"n.犁沟, 皱纹",GRE
aurora,ɔ:'rɔ:rə,,"n.黎明的女神, 极光",GRE
hurdle,'hɝdl,,"n.篱笆, 栏, 障碍, 跨栏, 活动篱笆",GRE
cult,kʌlt,,"n.礼拜, 祭仪, 一群信徒, 礼拜式",GRE
etiquette,'ɛtɪkɛt,,n.礼节,GRE
decorum,dɪ'kɔrəm,,n.礼貌,GRE
civility,sə'vɪləti,,"n.礼貌, 端庄",GRE
apprehension,",æprɪ'hɛnʃən",,"n.理解, 忧惧, 拘捕",GRE
perception,pɚ'sɛpʃən,,"n.理解感知,感觉DPS公司出的数字影像压缩卡",GRE
minnow,'mɪno,,n.鲤科小鱼,GRE
potency,'potnsi,,n.力量,GRE
cogency,'kəudʒənsi,,"n.力量, 中肯, 肯切",GRE
assize,ə'saɪz,,"n.立法会议, 法令",GRE
legislature,'lɛdʒɪsletʃɚ,,"n.立法机关, 立法机构",GRE
foothold,'fʊt'hold,,n.立足处,GRE
altruism,'æltruɪzəm,,"n.利他主义, 利他",GRE
asphalt,'æsfɔlt,,n.沥青,GRE
maroon,mə'run,,n.栗色,GRE
flail,flel,,n.连枷,GRE
nexus,'nɛksəs,,"n.连结, 关系",GRE
hyphen,'haɪfn,,n.连字号,GRE
vinculum,'vɪŋkjʊləm,,n.联结,GRE
liaison,lɪ'ezɑn,,"n.联络, (语音)连音",GRE
affiliation,"ə,fɪlɪ'eʃən",,"n.联系, 从属关系",GRE
alchemy,'ælkəmi,,"n.炼金术, 魔力",GRE
elixir,ɪ'lɪksɚ,,"n.炼金药, 不老长寿药, 万能药, [药]西也剂",GRE
compunction,kəm'pʌŋkʃən,,"n.良心的谴责, 后悔, 悔恨",GRE
bower,'baʊɚ,,n.凉亭,GRE
girder,'ɡədɚ,,"n.梁, 钢桁的支架",GRE
beam,bim,,"n.梁, 桁条, (光线的)束, 柱, 电波, 横梁",GRE
provender,'prɑvɪndɚ,,"n.粮草, 秣, [口]食物",GRE
interlude,'ɪntɚ'lʊd,,"n.两段时期中间之时间, 间隔的时间, 戏剧或歌剧两幕间, 圣诗等两段之间之间歇",GRE
dichotomy,daɪ'kɑtəmi,,"n.两分, 二分法, 分裂",GRE
spangle,'spæŋgl,,n.亮晶晶的小东西,GRE
quantum,'kwɑntəm,,"n.量, 额, [物] 量子, 量子论美国昆腾公司，是世界领先的硬盘生产商",GRE
sanatorium,",sænə'tɔrɪəm",,"n.疗养院, 休养地",GRE
scribble,'skrɪbl,,"n.潦草的写法, 潦草写成的东西, 杂文",GRE
dunce,dʌns,,"n.劣学生, 傻瓜",GRE
martyr,'mɑrtɚ,,"n.烈士, 殉教者",GRE
decoy,'dikɔɪ,,"n.猎鸟时以引诱别的鸟(特别是野鸭)集于一地的真鸟或假鸟, 圈套, 诱骗",GRE
hound,haʊnd,,n.猎犬,GRE
fissure,'fɪʃɚ,,"n.裂缝, 裂沟, (思想, 观点等的)分歧",GRE
rift,rɪft,,"n.裂缝, 裂口, 断裂, 长狭谷, 不和",GRE
hiatus,haɪ'etəs,,"n.裂缝, 脱落",GRE
cleft,klɛft,,"n.裂缝, 隙口",GRE
chink,tʃɪŋk,,"n.裂口, 裂缝, 叮当声",GRE
splinter,'splɪntɚ,,"n.裂片, 尖片, 小事, 碎片",GRE
vicinity,və'sɪnəti,,"n.邻近, 附近, 接近",GRE
glade,gleɪd,,"n.林间空地, 一片表面有草的沼泽低地",GRE
tabernacle,'tæbɚnækl,,"n.临时房屋, 帐篷, 身体, 壁龛, 礼拜堂, 神龛",GRE
phosphorus,'fɑsfərəs,,n.磷,GRE
bulb,bʌlb,,"n.鳞茎, 球形物",GRE
skinflint,'skɪnflɪnt,,n.吝啬鬼,GRE
inspiration,ˌɪnspəˈreʃən,,n.灵感,GRE
dexterity,dɛk'stɛrəti,,"n.灵巧, 机敏",GRE
clapper,'klæpɚ,,n.铃舌,GRE
naught,nɔt,,n.零,GRE
retail,'ritel,,n.零售,GRE
retailer,'ri:teilə,,"n.零售商人, 传播的人",GRE
trumpery,'trʌmpəri,,"n.零星杂物,中看不中用的东西没有价值的东西",GRE
pilotage,'paɪlətɪdʒ,,n.领港,GRE
cravat,krə'væt,,"n.领结, 领巾, 围巾, 三角绷带",GRE
domain,do'men,,"n.领土, 领地, (活动、学问等的)范围, 领域",GRE
ream,rim,,"n.令, 大量的纸",GRE
bore,bɔr,,"n.令人讨厌的人, 怒潮, 枪膛, 孔",GRE
lien,'liən,,"n.留置权, 抵押品所产生的利息",GRE
volubility,",vɔlju'biliti",,n.流利,GRE
scamp,skæmp,,n.流氓,GRE
knave,nev,,n.流氓,GRE
ruffian,'rʌfɪən,,"n.流氓, 恶棍, 无赖",GRE
skyrocket,'skaɪ'rɑkɪt,,n.流星焰火,GRE
willow,'wɪlo,,"n.柳树, 柳木制品",GRE
sextant,'sɛkstənt,,"n.六分仪, <罕>圆的六分之一",GRE
hexagon,'hɛksəɡɑn,,"n.六角形, 六边形",GRE
faucet,'fɔsɪt,,"n.龙头, 旋塞, (连接管子的)插口",GRE
lobster,'lɑbstɚ,,n.龙虾,GRE
protuberance,pro'tubərəns,,"n.隆起, 突出, 结节, 瘤",GRE
monopoly,mə'nɑpəli,,"n.垄断, 垄断者, 专利权, 专利事业",GRE
leakage,'likɪdʒ,,"n.漏, 泄漏, 渗漏",GRE
temerity,tə'mɛrəti,,"n.卤莽, 蛮勇",GRE
forwardness,'fɔ:wədnis,,"n.卤莽, 早熟, 热心",GRE
antler,'æntlɚ,,"n.鹿角, 茸角",GRE
curb,kɝb,,n.路边,GRE
itinerary,aɪ'tɪnərɛri,,n.路线,GRE
bivouac,'bɪvuæk,,"n.露营, 野营, 露营地",GRE
strum,strʌm,,n.乱弹的声音,GRE
scarification,",skeərɪfɪ'keɪʃən",,"n.乱割, 乱刺, 松土",GRE
rampage,'ræmpedʒ,,"n.乱闹, 暴跳",GRE
tousle,'taʊzl,,"n.乱七八糟的一团, 糟乱",GRE
depredation,",dɛprə'deʃən",,"n.掠夺, 破坏痕迹",GRE
filibuster,'fɪlə'bʌstɚ,,"n.掠夺兵, 暴兵, 海盗",GRE
predator,'prɛdətɚ,,"n.掠夺者, 食肉动物",GRE
spoke,spok,,"n.轮辐, 扶梯棍, 刹车",GRE
axle,'æksl,,"n.轮轴, 车轴",GRE
tractate,'trækteit,,"n.论文, 短文",GRE
treatise,'tritɪs,,"n.论文, 论述",GRE
controversy,ˈkɑːntrəvɜːrsi,,"n.论争, 辩论, 论战",GRE
screwdriver,'skrʊ'draɪvɚ,,n.螺丝起子,GRE
auger,'ɔgɚ,,n.螺丝钻,GRE
nudity,'nudəti,,"n.裸体, 赤裸",GRE
larch,lɑrtʃ,,"n.落叶松属植物, 其木材",GRE
safari,sə'fɑri,,"n.旅行, 狩猎远征, 旅行队, 旅行队(狩猎远征队)及装备",GRE
travelogue,'trævəlɔɡ,,n.旅行见闻讲演,GRE
wanderlust,'wɑndɚlʌst,,"n.旅行癖, 流浪癖",GRE
percolate,'pɝkəlet,,"n.滤过之液体, 滤液",GRE
colander,'kɑləndɚ,,"n.滤器, 漏锅",GRE
smattering,'smætərɪŋ,,"n.略知,少数",GRE
anesthetic,",ænɪs'θɛtɪk",,"n.麻醉剂, 麻药",GRE
narcotic,nɑr'kɑtɪk,,"n.麻醉药, 致幻毒品, 镇静剂",GRE
groom,ɡrum,,"n.马夫, 新郎, 男仆",GRE
neigh,ne,,n.马嘶声,GRE
pier,pɪr,,"n.码头, (桥)墩",GRE
ambush,'æmbʊʃ,,"n.埋伏, 伏兵",GRE
quisling,'kwɪzlɪŋ,,n.卖国贼,GRE
ostentation,'ɑstɛn'teʃən,,"n.卖弄, 夸耀, 摆阔, 风头主义",GRE
splurge,splɝdʒ,,"n.卖弄, 炫耀, 夸示",GRE
coquette,ko'kɛt,,n.卖弄风情之女子,GRE
vendor,'vɛndɚ,,n.卖主,GRE
expiration,",ɛkspə'reʃən",,"n.满期, 呼出, 呼气, <古>终止",GRE
gratification,",ɡrætɪfɪ'keʃən",,n.满意,GRE
complacency,kəm'plesnsi,,"n.满足, 安心",GRE
insouciance,ɪn'susɪəns,,"n.漫不经心, 无忧无虑",GRE
meander,mɪ'ændɚ,,"n.漫步, 弯曲, 曲流",GRE
stroll,strol,,"n.漫步, 闲逛, 四处流浪",GRE
lounger,'laundʒə,,"n.漫步的人, 懒人",GRE
obloquy,'ɑbləkwi,,"n.漫骂, 毁谤",GRE
fuss,fʌs,,"n.忙乱, 大惊小怪, 大惊小怪的人",GRE
chauvinism,'ʃovɪ'nɪzəm,,"n.盲目的爱国心, 沙文主义",GRE
bigot,'bɪɡət,,"n.盲目信仰者, 顽固者",GRE
caterpillar,'kætɚpɪlɚ,,n.毛虫,GRE
spear,spɪr,,"n.矛, 枪",GRE
rivet,'rɪvɪt,,n.铆钉,GRE
riveting,'rɪvɪtɪŋ,,n.铆接(法),GRE
impostor,ɪm'pɑstɚ,,n.冒名顶替者,GRE
hazard,'hæzɚd,,"n.冒险, 危险, 冒险的事",GRE
maverick,'mævərɪk,,n.没打烙印的动物,GRE
mordant,'mɔrdnt,,"n.媒染, 媒染剂, 金属腐蚀剂, 金属箔粘着剂",GRE
medium,'midɪəm,,"n.媒体, 方法, 媒介",GRE
soot,sʊt,,"n.煤烟, 烟灰",GRE
cinder,'sɪndɚ,,"n.煤渣, 灰烬",GRE
mildew,'mɪldu,,"n.霉, 霉菌, (植物的)霉病",GRE
pulchritude,'pʌlkritju:d,,"n.美丽, 标致",GRE
gastronomy,ɡæ'strɑnəmi,,"n.美食法, 烹饪法, 享乐主义",GRE
epicure,'ɛpɪkjʊr,,"n.美食家, 老饕, <古>享乐主义者",GRE
gourmand,'ɡuəmənd,,n.美食者,GRE
aesthetics,ɛs'θɛtɪks,,"n.美学, 美术理论, 审美学, 美的哲学",GRE
methodism,'meθədizəm,,"n.美以美教派教会, 教义和礼拜的方式",GRE
jaguar,"ˈdʒæɡˌwɑr, ˈdʒæɡjuˌɑr",,n.美洲虎[军] (“美洲虎”) 英、法合作研制的超音速攻击机,GRE
ogle,'oɡl,,"n.媚眼, 送秋波, 眉目传情",GRE
grating,'gretɪŋ,,"n.门窗的栅栏, [物理]光栅, 摩擦, 摩擦声",GRE
lodge,lɑdʒ,,"n.门房, （猎人住的）山林小屋, （游览区的）旅馆, （地方社团的）集会处",GRE
knocker,'nɑkɚ,,n.门环,GRE
bolt,bolt,,"n.门闩, 螺钉, 闪电, 跑掉",GRE
incisor,ɪn'saɪzɚ,,n.门牙,GRE
hitch,hɪtʃ,,"n.猛拉, 急推, 蹒跚, 故障",GRE
incubus,'ɪŋkjʊbəs,,"n.梦魇, 沉重的负担",GRE
nightmare,'naɪt'mɛr,,"n.梦魇, 恶梦, 可怕的事物",GRE
captivation,",kæpti'veiʃən",,"n.迷惑, 魅力, 着迷",GRE
enchantment,ɪn'tʃæntm(ə)nt,,"n.迷惑, 着迷, 魔法, 妖术, 魅力",GRE
labyrinth,'læbərɪnθ,,"n.迷路, 迷宫, 难解的事物",GRE
superstition,",supɚ'stɪʃən",,n.迷信,GRE
obsession,əb'sɛʃ(ə)n,,"n.迷住, 困扰",GRE
enigma,ɪ'nɪgmə,,"n.谜, 不可思议的东西",GRE
minuet,",mɪnju'ɛt",,"n.米奴哀小步舞, 米奴哀小步舞曲",GRE
nostrum,'nɑstrəm,,n.秘方,GRE
informer,ɪn'fɔrmɚ,,"n.密告者, 控告的人, 通知的人",GRE
pod,pɑd,,"n.密集小群, 扁豆层, 豆荚, 蚕茧",GRE
cryptogram,"'krɪptə,græm",,n.密码,GRE
cipher,'saɪfɚ,,n.密码,GRE
affinity,ə'fɪnəti,,"n.密切关系, 吸引力, 姻亲关系, 亲合力",GRE
penetralia,",peni'treiliə",,"n.密室, 密事",GRE
remission,rɪ'mɪʃən,,n.免除,GRE
immunity,ɪ'mjʊnəti,,n.免疫性,GRE
absolution,",æbsə'luʃən",,"n.免罪, 赦免",GRE
panel,'pænl,,"n.面板, 嵌板, 仪表板, 座谈小组, 全体陪审员",GRE
grimace,ɡrɪ'mes,,"n.面部的歪扭, 痛苦的表情, 鬼脸",GRE
lineament,'lɪnɪəmənt,,n.面部轮廓,GRE
confrontation,",kɑnfrən'teʃən",,"n.面对, 面对面, 对质",GRE
pastry,'pestri,,"n.面粉糕饼, 馅饼皮",GRE
mask,mæsk,,"n.面具, 掩饰, 石膏面像",GRE
countenance,'kaʊntənəns,,"n.面容, 脸色, 支持",GRE
complexion,kəm'plɛkʃən,,"n.面色, 肤色, 情况, 局面",GRE
characterization,",kærəktəraɪ'zeʃən",,"n.描述, 人物之创造",GRE
ballad,'bæləd,,"n.民歌, 歌谣, 叙事歌, 流行歌曲, 情歌",GRE
folklore,'foklɔr,,n.民间传说,GRE
pollster,'polstɚ,,"n.民意测验专家, 整理民意测验结果的人",GRE
ethnography,ɛθ'nɑgrəfi,,"n.民族志学, 人种学, 人种志",GRE
promptness,prɑmptnɪs,,"n.敏捷, 机敏",GRE
celerity,sə'lɛrəti,,"n.敏捷, 快速",GRE
acumen,ˈækjʊˌmɛn,,"n.敏锐, 聪明",GRE
appellation,",æpə'leʃən",,"n.名称, 称呼",GRE
renown,rɪ'naʊn,,"n.名声, 传闻, 谣传",GRE
celebrity,sə'lɛbrəti,,"n.名声, 名人",GRE
kudos,'kudɑs,,"n.名望, 荣誉, 声誉",GRE
reputation,",rɛpju'teʃən",,"n.名誉, 名声",GRE
campanology,'kæmpə'nɑlədʒi,,"n.鸣钟术, 铸钟术",GRE
prescript,prɪ'skrɪpt,,n.命令,GRE
fiat,"ˈfiət, -ˌæt, -ˌɑt, ˈfaɪˌæt, -ət",,"n.命令, 法令, 许可, 批准",GRE
imperative,ɪm'pɛrətɪv,,"n.命令, 诫命, 需要, 规则, 祈使语气",GRE
injunction,ɪn'dʒʌŋkʃən,,"n.命令, 指令, [律]禁令(法院强制被告从事或不得从事某项行为的正式命令)",GRE
denomination,"dɪ,nɑmɪ'neʃən",,n.命名,GRE
nomenclature,ˈnomənˌkletʃɚ,,"n.命名法, 术语",GRE
fatality,fə'tæləti,,"n.命运决定的事物, 不幸, 灾祸, 天命",GRE
fallacy,'fæləsi,,"n.谬误, 谬论",GRE
facsimile,fæk'sɪməli,,"n.摹写, 传真",GRE
stencil,'stɛnsl,,"n.模版, 蜡纸",GRE
paragon,'pærəɡɑn,,n.模范,GRE
mimicry,'mɪmɪkri,,n.模仿,GRE
parody,'pærədi,,"n.模仿滑稽作品, 拙劣的模仿",GRE
mold,mold,,"n.模子, 铸型",GRE
membrane,'mɛmbren,,"n.膜, 隔膜",GRE
attrition,ə'trɪʃən,,"n.磨擦, 磨损",GRE
miller,'mɪlɚ,,"n.磨坊主, 面粉厂主, 碾磨工, 铣工, [昆]蛾",GRE
polish,'pɑlɪʃ,,"n.磨光, 光泽, 上光剂, 优雅, 精良",GRE
abrasion,ə'breʒən,,n.磨损,GRE
fiend,find,,"n.魔鬼, 魔王, 撒旦, 邪神, 能手, 成癖者",GRE
fascination,",fæsɪ'neʃən",,"n.魔力, 入迷, 魅力, 迷恋, 强烈爱好",GRE
conjurer,'kʌndʒərə,,n.魔术师,GRE
extremity,ɪk'strɛməti,,"n.末端, 极端, 极度, 穷困, 绝境, 临死, 非常手段, 手足",GRE
default,dɪ'fɔlt,,"n.默认(值), 缺省(值), 食言, 不履行责任, [律]缺席",GRE
mare,mɛr,,"n.母马, 母驴, 月球或火星等表面阴暗区",GRE
cow,kaʊ,,"n.母牛, 大型母兽",GRE
timber,'tɪmbɚ,,"n.木材, 木料",GRE
palisade,",pælɪ'sed",,n.木栅,GRE
beholder,bɪ'holdɚ,,"n.目睹者, 旁观者",GRE
list,lɪst,,"n.目录, 名单, 列表, 序列, 数据清单, 明细表, 条纹, [总称]各种上市证券",GRE
eclogue,'eklɒg,,"n.牧歌, 田园诗",GRE
pastoral,'pæstərəl,,"n.牧歌, 田园文学, 田园诗",GRE
pastor,'pæstɚ,,n.牧师,GRE
herdsman,'hɝdzmən,,"n.牧者, 牧人",GRE
cemetery,'sɛmə'tɛri,,"n.墓地, 公墓",GRE
epitaph,'ɛpɪtæf,,"n.墓志铭, 碑文",GRE
teat,tit,,n.奶头,GRE
baron,'bærən,,n.男爵(英国世袭的最低级的贵族爵位),GRE
feminist,'fɛmənɪst,,"n.男女平等主义者, 女权扩张论者",GRE
tuxedo,tʌk'sido,,n.男士无尾半正式晚礼服,GRE
toupee,tu'pe,,n.男子假发,GRE
virility,vi'riləti,,"n.男子气, 生殖力,男子特点,刚强有力",GRE
squash,skwɔʃ,,"n.南瓜, 易压烂的物品, 拥挤的人群, 壁球",GRE
puzzle,'pʌzl,,"n.难题, 谜",GRE
exasperation,"ɪg,zæspə'reʃ(ə)n",,n.恼怒,GRE
vexation,vɛk'seʃən,,"n.恼怒, 烦恼, 着急, 苦恼的原因",GRE
encephalitis,"ɛn,sɛfə'laɪtəs",,n.脑炎,GRE
insider,ɪn'saɪdɚ,,"n.内部的人, 会员, 知道内情的人, 权威人士",GRE
hinterland,'hɪntɚlænd,,"n.内地, 穷乡僻壤, 内地贸易区, 腹地",GRE
endocrine,'ɛndəkrɪn,,n.内分泌,GRE
prospectus,prə'spɛktəs,,"n.内容说明书, 样张",GRE
introspection,'ɪntrə'spɛkʃən,,"n.内省, 反省, 自省",GRE
entrails,'ɛntrelz,,"n.内脏, 肠, (物体的)内部",GRE
burgeon,'bɝdʒən,,n.嫩芽,GRE
twig,twɪɡ,,"n.嫩枝, 小枝, 末梢",GRE
gourmet,'ɡʊrme,,n.能精选品评美食、美酒的人,GRE
trowel,'traʊəl,,"n.泥铲, 移植泥刀",GRE
mire,'maɪɚ,,n.泥潭,GRE
mason,'mesn,,n.泥瓦匠,GRE
slough,slʌf; slaʊ; slu,,"n.泥沼, 蜕的皮, 腐肉",GRE
anonymity,'ænə'nɪməti,,"n.匿名, 作者不明(或不详)",GRE
damsel,'dæmzl,,"n.年轻女人, 闺女, 处女",GRE
stripling,'stripliŋ,,"n.年轻人, 小伙子",GRE
ornithology,",ɔrnɪ'θɑlədʒi",,"n.鸟类学, 鸟学论文",GRE
plumage,'plumɪdʒ,,"n.鸟类羽毛, 翅膀",GRE
urine,'jʊrən,,n.尿,GRE
pinch,pɪntʃ,,"n.捏, 撮, 收缩, 紧急关头, 匮乏, 压力",GRE
nirvana,nɪr'vɑnə,,"n.涅盘, 天堂",GRE
forceps,'fɔrsɛps,,"n.镊子, 钳子",GRE
concretion,kən'kriʃən,,"n.凝固, 凝固物, 具体化, [地]固结(作用), [医]结石",GRE
coagulant,ko'ægjələnt,,"n.凝结剂, 凝血剂",GRE
byre,'baɪr,,n.牛栏,GRE
gadfly,'gædflaɪ,,"n.牛蝇, 形似苍蝇, 讨厌的人",GRE
torque,tɔrk,,"n.扭矩, 转矩",GRE
contortion,kən'tɔ:ʃən,,"n.扭弯, 扭歪, 歪曲",GRE
boor,buə,,"n.农民, 粗野的人, 不懂礼貌的人, (Boor)波尔人",GRE
churl,tʃɝl,,"n.农业工人,乡下人,粗野的人, 吝啬鬼",GRE
agronomist,ə'ɡrɑnəmɪst,,"n.农艺学家, 农学家",GRE
falsification,'fɔ:lsifi'keiʃən,,"n.弄虚作假, 串改, 伪造, 歪曲",GRE
minion,'mɪnɪən,,"n.奴才, 宠臣",GRE
thrall,θrɔl,,"n.奴隶, 束缚, 奴役",GRE
slaver,'slævɚ,,"n.奴隶贩子, 奴隶贩卖船, 诱骗女子为娼者, 唾液",GRE
nisus,'naisəs,,"n.努力, 为达成目标的冲劲",GRE
dastard,'dæstəd,,"n.懦夫, 胆小的人",GRE
craven,'krevn,,"n.懦夫, 胆小鬼, 怯懦者",GRE
danseuse,dɑn'sɝz,,n.女芭蕾舞演员,GRE
chaperon,'ʃæpərɔn,,n.女伴,GRE
seamstress,'simstrəs,,"n.女裁缝师, 做针线工的",GRE
soprano,sə'prɑno,,n.女高音,GRE
matriarchy,'metrɪɑrki,,"n.女家长制, 女族长制",GRE
millinery,'mɪlɪnɛri,,n.女帽类,GRE
boudoir,'budwɑr,,"n.女人的会客室或化妆室, 闺房",GRE
sibyl,'sɪbl,,"n.女巫, 女算命师, (古罗马或古希腊的)女预言家",GRE
heiress,'εəris,,n.女性继承人,GRE
nunnery,'nʌnəri,,"n.女修道院, 尼姑庵",GRE
succubus,'sʌkjʊbəs,,"n.女妖, 妓女, 魔鬼",GRE
occidental,",ɑksə'dɛntl",,"n.欧美人, 西方人",GRE
puke,pjuk,,"n.呕吐, 呕吐物, 吐剂",GRE
contingency,kən'tɪndʒənsi,,"n.偶然, 可能性, 意外事故, 可能发生的附带事件",GRE
idol,'aɪdl,,"n.偶像, 崇拜物, 幻象, [逻]谬论",GRE
idolater,ai'dɔlətə,,"n.偶像崇拜者, 崇拜者, 皈依者, 追星族",GRE
iconoclast,aɪ'kɑnəklæst,,"n.偶像破坏者, 提倡打破旧习的人",GRE
scramble,'skræmbl,,"n.爬行, 攀缘, 抢夺, 混乱",GRE
harrow,'hærəʊ,,"n.耙(地), 使精神痛苦",GRE
sycophant,'sɪkəfænt,,"n.拍马屁的人, 谄媚者, 奉承者",GRE
auction,'ɔkʃən,,n.拍卖,GRE
ordination,",ɔrdn'eʃən",,"n.排成等级, 分类, 任命, [宗]神职授任, 颁布法令",GRE
preclude,prɪ'klud,,n.排除,GRE
exclusion,ɪk'skluʒn,,"n.排除, 除外, 被排除在外的事物",GRE
perspiration,",pɝspə'reʃən",,n.排汗,GRE
drainage,'drenɪdʒ,,"n.排水, 排泄, 排水装置, 排水区域, 排出物, 消耗",GRE
rehearsal,rɪ'hɝsl,,"n.排演, 演习, 预演, 试演",GRE
faction,'fækʃən,,"n.派别, 小集团, 派系斗争, 小派系, 内讧",GRE
discretion,dɪ'skrɛʃən,,n.判断力,GRE
treason,'trizn,,"n.叛逆, 通敌, 背信, 叛国罪",GRE
traitor,'tretɚ,,"n.叛逆者, 叛国者",GRE
mutineer,",mju:ti'niə",,"n.叛徒, 反抗者",GRE
onlooker,'ɑnlʊkɚ,,n.旁观者,GRE
bypass,'baɪpæs,,n.旁路,GRE
jilt,dʒɪlt,,n.抛弃情人的女子,GRE
bubble,'bʌbl,,"n.泡沫, 幻想的计划",GRE
artillery,ɑr'tɪləri,,"n.炮的总称, 炮兵的总称",GRE
embryo,'ɛmbrɪo,,"n.胚胎, 胎儿, 胚芽",GRE
incubator,'ɪŋkjubetɚ,,"n.培养的器具, 孵卵器, 早产儿保育器",GRE
redress,rɪ'drɛs,,"n.赔偿, 救济, 矫正",GRE
reparation,ˌrepəˈreɪʃn,,"n.赔偿, 弥补, 恢复, 修理",GRE
overdose,'ovɚdos,,n.配药量过多,GRE
gusher,'ɡʌʃɚ,,"n.喷出物, 喷油井",GRE
spout,spaʊt,,"n.喷管, 喷口, 水柱, 喷流, 管口",GRE
coup,kʊ,,"n.砰然而有效的一击, 妙计, 出乎意料的行动, 政变",GRE
distension,dɪ'stɛnʃən,,"n.膨胀, 延伸",GRE
intumescence,",ɪntjʊ'mɛsns",,"n.膨胀, 肿大",GRE
collision,kə'lɪʒən,,"n.碰撞, 冲突",GRE
wholesale,'holsel,,"n.批发, 趸售",GRE
sanction,'sæŋkʃən,,"n.批准, 同意, 支持, 制裁, 认可",GRE
shawl,ʃɔl,,"n.披肩, 围巾",GRE
cleavage,'klivɪdʒ,,"n.劈开, 分裂",GRE
callus,'kæləs,,"n.皮肤的硬结组织, 胼胝, (植物伤口的)愈合组织, 老茧",GRE
dermatology,",dɝmə'tɑlədʒi",,"n.皮肤医学, 皮肤病学",GRE
cobbler,'kɑblɚ,,"n.皮匠, 补鞋匠, 工匠",GRE
hustler,'hʌslɚ,,"n.皮条客, 骗徒, 催促者",GRE
juxtaposition,",dʒʌkstəpə'zɪʃən",,"n.毗邻, 并置, 并列",GRE
lassitude,'læsə'tʊd,,n.疲乏,GRE
fatigue,fə'tig,,"n.疲乏, 疲劳, 累活, [军]杂役",GRE
partiality,'pɑrʃɪ'æləti,,n.偏爱,GRE
declination,",dɛklə'neʃən",,n.偏差,GRE
hermitage,'hɝmɪtɪdʒ,,n.偏僻的寺院,GRE
nepotism,'nɛpə'tɪzəm,,"n.偏袒, 起用亲戚, 裙带关系",GRE
deflection,dɪ'flɛkʃən,,"n.偏斜, 偏转, 偏差",GRE
eccentricity,",ɛksɛn'trɪsəti",,"n.偏心, 古怪, [数]离心率",GRE
offset,",ɔf'sɛt",,"n.偏移量, 抵销, 弥补, 分支, 平版印刷, 胶印",GRE
patch,pætʃ,,"n.片, 补缀, 碎片, 斑纹, 斑点, 小块地, 眼罩, 傻瓜",GRE
snide,snaɪd,,"n.骗子, 卑鄙勾当, 赝品, 假珠宝",GRE
shammer,'ʃæmə,,"n.骗子, 诈欺者, 伪君子",GRE
plagiarism,'pledʒə'rɪzəm,,"n.剽窃, 剽窃物",GRE
cribber,'kribə,,"n.剽窃者, 作弊者",GRE
patchwork,'pætʃ'wɝk,,"n.拼缝物, 拼缀物, 拼凑物",GRE
penury,'pɛnjəri,,"n.贫困, 贫穷",GRE
anemia,ə'nimɪə,,"n.贫血, 贫血症",GRE
mediocrity,",mi:di'ɔkrəti, ,med-",,"n.平常, 平庸之才",GRE
pan,pæn,,"n.平底锅, 盘子, 面板",GRE
coble,'kobəl,,n.平底小渔船(=cobble),GRE
banality,bə'nælɪtɪ,,"n.平凡, 陈腐",GRE
poise,pɔɪz,,"n.平衡, 均衡, 姿势, 镇静, 砝码",GRE
equilibrium,",ikwɪ'lɪbrɪəm",,"n.平衡, 平静, 均衡, 保持平衡的能力, 沉着, 安静",GRE
plane,plen,,"n.平面, 飞机, 水平, 程度, 刨",GRE
populace,'pɑpjələs,,n.平民,GRE
civilian,sə'vɪlɪən,,"n.平民, 公务员, 文官",GRE
plebeian,plə'biən,,"n.平民, 庶民",GRE
cider,'saɪdɚ,,n.苹果酒,GRE
flask,flæsk,,"n.瓶, 长颈瓶, 细颈瓶, 烧瓶, 小水瓶",GRE
termagant,'tə:məɡənt,,"n.泼妇, 好吵架的女人",GRE
persecution,",pɝsɪ'kjʊʃən",,"n.迫害, 烦扰",GRE
impending,ɪm'pɛndɪŋ,,n.迫近,GRE
imminence,'ɪmənəns,,"n.迫切, 急迫,迫近的危险(或祸患)",GRE
bankruptcy,'bæŋkrʌptsi,,n.破产,GRE
bankrupt,'bæŋkrʌpt,,n.破产者,GRE
demolition,",dɛmə'lɪʃən; ,dimə'lɪʃən",,"n.破坏, 毁坏, 毁坏之遗迹",GRE
destruction,dɪ'strʌkʃən,,"n.破坏, 毁灭",GRE
fink,fiŋk,,"n.破坏及反罢工的人, 告发人, 密告人, 乞丐",GRE
laceration,",læsə'reʃən",,n.破口,GRE
fracture,'fræktʃɚ,,"n.破裂, 骨折",GRE
profile,'profaɪl,,"n.剖面, 侧面, 外形, 轮廓",GRE
flicker,'flɪkɚ,,"n.扑动, 闪烁, 闪光, 颤动",GRE
raisin,'rezn,,n.葡萄干,GRE
vintner,'vɪntnɚ,,n.葡萄酒商,GRE
glucose,'ɡlukos,,n.葡萄糖,GRE
chute,ʃut,,"n.瀑布, 斜道",GRE
roost,rust,,"n.栖木, 栖息所, 卧室",GRE
perch,pɝtʃ,,"n.栖木, 人所居的高位, 有利的地位, 杆, 河鲈",GRE
bully,'bʊli,,n.欺凌弱小者,GRE
trickery,'trɪkəri,,n.欺骗,GRE
deceit,dɪ'sit,,"n.欺骗, 谎言",GRE
fraud,frɔd,,"n.欺骗, 欺诈行为, 诡计, 骗子, 假货",GRE
skulduggery,"skʌl'dʌɡəri, 'skʌld-",,"n.欺骗, 作假, 使诈, 诡计",GRE
imposture,ɪm'pɑstʃɚ,,"n.欺诈, 冒牌",GRE
vagary,'veiɡəri,,"n.奇特行为, 奇想, 反复无常的行为",GRE
invocation,",ɪnvə'keʃən",,"n.祈祷, 符咒",GRE
imprecation,",ɪmprɪ'keʃən",,"n.祈求, 诅咒",GRE
cavalry,'kævlri,,n.骑兵,GRE
equitation,",ekwi'teiʃən",,"n.骑马, 骑术",GRE
cavalier,",kævə'lɪr",,"n.骑士, 武士, 对女人献殷勤, 有礼貌的绅士",GRE
chivalry,'ʃɪvəlri,,"n.骑士精神, 骑士制度",GRE
flag,flæg,,"n.旗, 标记",GRE
ensign,"[ˈɛnsən, -ˌsaɪn]",,"n.旗, 军舰旗, 军旗, 徽章, <美>海军少尉",GRE
semaphore,'sɛməfɔr,,n.旗语,GRE
banner,'bænɚ,,"n.旗帜, 横幅, 标语",GRE
tycoon,taɪ'kun,,"n.企业界大亨, 将军",GRE
enlightenment,ɪn'laɪtnmənt,,"n.启迪, 教化",GRE
incipience,"in'sipiəns,-ənsi",,"n.起初, 发端",GRE
inception,ɪn'sɛpʃən,,"n.起初, 获得学位",GRE
suitor,'sʊtɚ,,"n.起诉者, 求婚者, 请愿者",GRE
insurrection,",insə'rekʃən",,n.起义,GRE
genesis,'dʒɛnəsɪs,,n.起源,GRE
provenance,'prɑvənəns,,"n.起源, 出处",GRE
verve,vɝv,,"n.气魄, 神韵, 活力, 热情",GRE
scent,sɛnt,,"n.气味, 香味, 香水, 线索, 嗅觉, 臭迹",GRE
barometer,bə'rɑmɪtɚ,,n.气压计,GRE
ethos,'iθɑs,,"n.气质, 道义, 民族精神, 社会思潮, 风气",GRE
siren,'saɪrən,,"n.汽笛, 警报器, 空袭警报, 妖妇",GRE
indenture,ɪn'dɛntʃɚ,,n.契约,GRE
covenant,'kʌvənənt,,"n.契约, 盟约",GRE
utensil,jʊ'tɛnsl,,n.器具,GRE
implication,'ɪmplɪ'keʃən,,"n.牵连, 含意, 暗示",GRE
marionette,",mærɪə'nɛt",,n.牵线木偶,GRE
traction,'trækʃən,,n.牵引,GRE
plumb,plʌm,,"n.铅锤, 铅弹",GRE
plummet,'plʌmɪt,,"n.铅锤, 重荷",GRE
humility,hju'mɪləti,,n.谦卑,GRE
condescension,",kɒndɪ'senʃn",,"n.谦虚, 硬要人家领情的态度",GRE
vanguard,'vænɡɑrd,,"n.前锋, 先锋, 领导者",GRE
prodrome,'prodrom,,"n.前驱症状, 序论",GRE
piety,'paɪəti,,"n.虔诚, 孝行",GRE
numismatist,nu'mɪzmətɪst,,n.钱币奖章收藏家,GRE
pelf,pelf,,n.钱财,GRE
pincers,'pinsəz,,"n.钳子, 螯",GRE
tongs,tɔŋz,,"n.钳子, 夹具",GRE
pliers,'plaɪɚz,,"n.钳子, 老虎钳",GRE
lurk,lɝk,,"n.潜伏, 埋伏",GRE
latency,'letnsi,,"n.潜伏, 潜在, 潜伏物, 性潜伏期（4岁或5岁至青春期）, [生理]（肌肉等的）反应时间（介于刺激与反应之间的时间）",GRE
delitescence,",deli'tesəns,-ənst",,n.潜伏期,GRE
periscope,'pɛrɪskop,,"n.潜望镜, 展望镜",GRE
buff,bʌf,,"n.浅黄色, 软皮",GRE
ford,fɔrd,,n.浅滩,GRE
shoal,ʃol,,"n.浅滩, 沙洲, 鱼群, 大量",GRE
riffle,'rɪfl,,"n.浅滩, 湍流, 涟漪, 洗牌动作",GRE
reproof,rɪ'pruf,,"n.谴责, 非难",GRE
condemnation,",kɑndɛm'neʃən",,"n.谴责, 指责, 定罪",GRE
indiscretion,'ɪndɪ'skrɛʃən,,"n.欠详虑, 不慎重, 轻率, 轻举妄动",GRE
fusillade,",fjuːzɪ'leɪd; -'lɑːd",,"n.枪炮的齐射, 猛射, 连续射击",GRE
chicanery,ʃi'keinəri,,"n.强辩, 强词夺理, 狡辩, 欺骗",GRE
ravishment,'ræviʃmənt,,"n.强夺, 销魂",GRE
overmeasure,"'əuvə,meʒə",,n.强行剩余,GRE
duress,du'rɛs,,"n.强迫, 监禁",GRE
compulsion,kəm'pʌlʃən,,"n.强迫, 强制, [心]强迫性冲动",GRE
coercion,ko'ɝʒən,,"n.强迫, 威压, 高压政治",GRE
forager,,,"n.强征队员, 抢劫者",GRE
tonicity,to'nɪsəti,,"n.强壮, 肌肉弹性",GRE
rapine,'ræpɪn,,"n.抢夺, 掠夺",GRE
salvage,'sælvɪdʒ,,"n.抢救财货, 获救的财货, 救难的奖金, 海上救助, 抢救, 打捞",GRE
beat,bit,,"n.敲打, 拍子, 巡逻区域",GRE
clout,klaʊt,,"n.敲打, 轻叩, 破布",GRE
ransom,'rænsəm,,"n.敲诈, 勒索",GRE
racketeer,",rækə'tɪr",,"n.敲诈者, 获取不正当钱财的人",GRE
repartee,",rɛpə'ti",,"n.巧妙的应答, 巧妙应答之才能",GRE
crag,kræg,,n.峭壁,GRE
scabbard,'skæbɚd,,n.鞘,GRE
sheath,ʃiθ,,"n.鞘, 护套, 外壳",GRE
excision,ɪk'sɪʒən,,"n.切除, 删除, [医]切除(术), [宗]逐出教会",GRE
concision,kən'sɪʒən,,"n.切割, 分离, 简洁",GRE
incision,ɪn'sɪʒən,,"n.切割, 切开, 切口",GRE
cleaver,'klivɚ,,"n.切肉刀, 切割者, 突出的悬崖",GRE
eggplant,'ɛɡplænt,,n.茄子,GRE
cowardice,'kaʊɚdɪs,,"n.怯懦, 胆小",GRE
funk,fʌŋk,,"n.怯懦, 恐惧, 臭味, 恐怖",GRE
encroachment,ɪn'krotʃmənt,,"n.侵蚀, 侵犯",GRE
endearment,ɪn'dɪrmənt,,"n.亲爱, 钟爱",GRE
holograph,'hɑləɡræf,,"n.亲笔文件, [律] 亲笔信, [物] 全息图",GRE
intimacy,'ɪntɪməsi,,"n.亲密, 隐私, 亲昵行为(尤指不正当的性关系)",GRE
geniality,",dʒi:ni'æləti",,n.亲切,GRE
cosset,'kɑsɪt,,"n.亲手饲养的宠物, 宠儿",GRE
assiduity,",æsə'djʊəti",,"n.勤勉, 刻苦, 一丝不苟的作风",GRE
puberty,'pjubɚti,,n.青春期,GRE
nonage,'nonɪdʒ,,"n.青年时期, 早期, 未成熟, 未成年",GRE
frivolity,fri'vəliti,,"n.轻薄, 轻率, 无聊的举动",GRE
rashness,'ræʃnis,,"n.轻率, 不瞻前顾后",GRE
levity,'lɛvəti,,"n.轻率, 轻浮, 不稳定, 多变",GRE
scorn,skɔrn,,"n.轻蔑, 嘲笑, 被叱责的人",GRE
disdain,dɪs'den,,"n.轻蔑, 以高傲的态度对待",GRE
contempt,kən'tɛmpt,,"n.轻视, 轻蔑, 耻辱, 不尊敬, [律]藐视法庭(或国会)",GRE
jog,dʒɑɡ,,"n.轻推, 轻撞, 漫步",GRE
quitter,'kwɪtɚ,,"n.轻易停止的人, 懦夫",GRE
peccadillo,",pekə'diləu",,"n.轻罪, 小过失",GRE
hydrate,'haɪdret,,n.氢氧化物,GRE
cloudburst,'klaʊdbɝst,,"n.倾盆大雨, 豪雨",GRE
propensity,prə'pɛnsəti,,n.倾向,GRE
proclivity,prə'klɪvəti,,n.倾向,GRE
trend,trɛnd,,"n.倾向, 趋势",GRE
exhibitionist,",ɛksɪ'bɪʃənɪst",,"n.倾向自我宣传的人, 裸露症患者",GRE
lean,lin,,"n.倾斜, 倾斜度, 倚靠, 倾向",GRE
inclination,'ɪnklə'neʃən,,"n.倾斜, 弯曲, 倾度, 倾向, 爱好",GRE
declivity,dɪ'klɪvəti,,"n.倾斜, 下坡",GRE
incline,ɪn'klaɪn,,"n.倾斜, 斜坡, 斜面",GRE
cantata,kæn'tɑtə,,"n.清唱剧, 康塔塔, 大合唱",GRE
clarity,'klærəti,,"n.清楚, 透明",GRE
scavenger,'skævɪndʒɚ,,"n.清道夫, 食腐动物",GRE
detergent,dɪ'tɝdʒənt,,"n.清洁剂, 去垢剂",GRE
varnish,'vɑrnɪʃ,,"n.清漆, 凡立水, 光泽面, 掩饰",GRE
liquidation,",lɪkwɪ'deʃən",,n.清算,GRE
ablution,əb'lʊʃən,,n.清洗,GRE
sobriety,sə'braɪəti,,n.清醒,GRE
melodrama,'mɛlədrɑmə,,n.情节剧,GRE
appeal,ə'pil,,"n.请求, 呼吁, 上诉, 吸引力, 要求",GRE
petitioner,pə'tɪʃənɚ,,n.请求者,GRE
petition,pə'tɪʃən,,"n.请愿, 情愿书, 诉状, 陈情书",GRE
jubilation,",dʒubɪ'leʃən",,n.庆祝,GRE
recourse,'rikɔrs,,"n.求援, 求助, [商][律]追索权",GRE
distinction,dɪ'stɪŋkʃən,,"n.区别, 差别, 级别, 特性, 声望, 显赫",GRE
precinct,'prisɪŋkt,,"n.区域, 围地, 范围, 界限, 选区",GRE
exorcism,'ɛksɔrsɪzəm,,"n.驱魔, 驱邪所用的咒语",GRE
submission,səb'mɪʃən,,"n.屈服, 降服, 服从, 谦恭, 投降",GRE
maze,mez,,"n.曲径, 迷宫, 迷津, 迷惘, 迷惑, 糊涂",GRE
retrieval,rɪ'trivl,,"n.取回, 恢复, 修补，重获，挽救，拯救",GRE
resumption,rɪ'zʌmpʃən,,"n.取回, 恢复, 再开始, 重获, (中断后)再继续",GRE
recantation,",ri:kæn'teiʃən",,"n.取消前言, 改变论调",GRE
springe,sprindʒ,,n.圈套,GRE
panorama,",pænə'ræmə",,"n.全景全景画,全景摄影",GRE
rapture,'ræptʃɚ,,"n.全神贯注, 兴高采烈, 欢天喜地",GRE
panoply,'pænəpli,,"n.全套甲胄, 华丽服饰",GRE
totality,to'tæləti,,"n.全体, 总数, [天]全食",GRE
pugilism,'pjuːdʒɪlɪz(ə)m,,n.拳击,GRE
cynicism,'sɪnɪsɪz(ə)m,,"n.犬儒主义, 玩世不恭, 冷嘲热讽",GRE
exhortation,",ɛgzɔr'teʃən",,"n.劝告, 讲道词, 训词",GRE
defection,dɪ'fɛkʃən,,"n.缺点, 背信, 背叛, 变节",GRE
deficiency,dɪ'fɪʃənsi,,"n.缺乏, 不足",GRE
underage,'ʌndəredʒ,,"n.缺乏, 久缺",GRE
privation,praɪ'veʃən,,"n.缺乏, 穷困, 丧失, 被剥夺了某物的状态",GRE
apathy,'æpəθi,,"n.缺乏感情或兴趣, 冷漠",GRE
pitfall,'pɪt'fɔl,,n.缺陷,GRE
freckle,'frɛkl,,"n.雀斑, 斑点",GRE
establishment,ɪ'stæblɪʃmənt,,"n.确立, 制定, 设施, 公司, 军事组织",GRE
assurance,ə'ʃʊrəns,,"n.确信, 断言, 保证, 担保",GRE
magpie,'mæɡpai,,n.鹊,GRE
archipelago,'ɑrkə'pɛlə'go,,"n.群岛, 多岛海",GRE
combustion,kəm'bʌstʃən,,n.燃烧,GRE
concession,kən'sɛʃən,,n.让步,GRE
garrulity,ɡə'ru:liti,,"n.饶舌, 多嘴",GRE
derangement,dɪ'rendʒmənt,,"n.扰乱, 发狂",GRE
winding,'waɪndɪŋ,,"n.绕, 缠, 绕组, 线圈",GRE
devotion,dɪ'voʃən,,"n.热爱, 投入",GRE
ardor,'ɑrdɚ,,"n.热诚, 情欲, 激情, 热情, 炽热",GRE
savanna,sə'vænə,,n.热带(或亚热带)稀树大草原,GRE
thermoset,'θə:məuset,,"n.热固树脂,热固塑料",GRE
ovation,o'veʃən,,"n.热烈欢迎, 大喝采, 大受欢迎, 欢呼",GRE
fervor,'fə:və,,"n.热情, 热烈, 炽热",GRE
aspiration,'æspə'reʃən,,"n.热望, 渴望",GRE
demography,dɪ'mɑɡrəfi,,n.人口统计学,GRE
anthropology,'ænθrə'pɑlədʒi,,n.人类学,GRE
capitation,'kæpə'teʃən,,"n.人头税, 按人收费",GRE
physiognomy,'fɪzɪ'ɑnəmi,,"n.人相学, 人相, 脸, 相面术, 相貌, 地貌, 地势",GRE
humanity,hjʊ'mænəti,,"n.人性, 人类, 博爱, 仁慈",GRE
margarine,'mɑrdʒərən,,n.人造黄油,GRE
hostage,'hɑstɪdʒ,,"n.人质, 抵押品",GRE
benevolence,bə'nɛvələns,,"n.仁爱心, 善行",GRE
benignity,bɪ'nɪgnəti,,"n.仁慈, 善行",GRE
nomination,",nɑmɪ'neʃən",,n.任命,GRE
cronyism,'kronɪɪzəm,,n.任用亲信,GRE
commodity,kə'mɑdəti,,n.日用品,GRE
capacity,kə'pæsəti,,"n.容量, 生产量, 容量, 智能, 才能, 能力, 接受力, 地位",GRE
receptacle,rɪ'sɛptəkl,,"n.容器, [植]花托, [电工]插座",GRE
patsy,'pætsi,,"n.容易受骗的人, 懦夫",GRE
solvency,'sɔlvənsi,,"n.溶解本领, 偿付能力",GRE
lava,'lɑvə,,"n.熔岩, 火山岩",GRE
redundancy,rɪ'dʌndənsi,,n.冗余,GRE
verbosity,və:'bɔsiti,,n.冗长,GRE
omission,ə'mɪʃən,,n.冗长,GRE
rigmarole,ˈrɪgməˌroʊl,,"n.冗长的废话, 胡言乱语",GRE
screed,skrid,,"n.冗长的句子(文章), 样板, 泥水匠用的匀泥尺, 刮板",GRE
talkathon,'tɔkəθɑn,,"n.冗长的讨论, 冗长的演说",GRE
callisthenics,",kælɪs'θɛnɪks",,"n.柔软体操, 运动",GRE
shambles,'ʃæmblz,,"n.肉店(市), 屠宰场, 混乱的地方, 废墟",GRE
filet,"fɪ'le; 'fɪl,e",,"n.肉片, 鱼片",GRE
milk,mɪlk,,"n.乳, 牛奶",GRE
pestle,'pɛstl,,"n.乳钵, 槌, 杵",GRE
taunt,tɔnt,,"n.辱骂, 嘲弄",GRE
ecstasy,'ɛkstəsi,,n.入迷,GRE
gristle,'ɡrɪsl,,n.软骨,GRE
sagacity,sə'gæsəti,,"n.睿智, 聪敏",GRE
foible,'fɔibl,,"n.弱点, (性格上的)缺点, 自负的地方, 怪癖, 癖好, (刀剑)自中部至尖端的部分",GRE
aspersion,ə'spɝʒən,,"n.洒水, 诽谤, 中伤",GRE
sprinkler,'sprɪŋklɚ,,"n.洒水车, 洒水装置",GRE
mendacity,mɛn'dæsəti,,"n.撒谎癖, 虚假, 谎言",GRE
branchia,'bræŋkiə,,n.鳃,GRE
frigate,'frɪɡət,,"n.三帆快速战舰, 护卫舰",GRE
delta,'dɛltə,,"n.三角州, 德耳塔(希腊字母的第四个字)",GRE
barque,bɑrk,,"n.三桅帆船, 船",GRE
promenade,",prɑmə'ned",,n.散步,GRE
mulberry,'mʌl'bɛri,,"n.桑树, 桑葚, 深紫红色",GRE
forfeiture,'fɔrfətʃɚ,,"n.丧失, 没收物, 罚款",GRE
commotion,kə'moʃən,,"n.骚动, 暴乱",GRE
disturbance,dɪ'stɝbəns,,"n.骚动, 动乱, 打扰, 干扰, 骚乱, 搅动",GRE
turmoil,'tɝmɔɪl,,"n.骚动, 混乱",GRE
hue,hjuː,,"n.色调, 样子, 颜色, 色彩, 叫声, 大声叫喊, 大声反对",GRE
acerbity,ə'sɝbəti,,"n.涩, 酸, 刻薄",GRE
silva,'silvə,,"n.森林里的树木, 森林, 森林志",GRE
pesticide,'pɛstɪsaɪd,,n.杀虫剂,GRE
yarn,jɑn,,"n.纱, 纱线, 故事, 奇谈",GRE
gravel,'ɡrævl,,"n.砂砾, 砂砾层",GRE
nincompoop,'nɪŋkəmpuːp,,"n.傻子, 无用的人",GRE
sieve,sɪv,,"n.筛, 滤网, 不会保密的人",GRE
hillbilly,'hɪlbɪli,,"n.山地内部的贫农, 山地人",GRE
peak,pik,,"n.山顶, 顶点, 帽舌, (记录的)最高峰",GRE
abridgment,ə'brɪdʒmənt,,"n.删节, 节略, 删节本",GRE
fomentation,",fəumen'teiʃən",,n.煽动,GRE
sedition,sɪ'dɪʃən,,"n.煽动暴乱, 骚乱, 煽动性的言论(或行为)",GRE
fulmination,'fʌlmə'neiʃən,,"n.闪电, 爆发, 爆鸣",GRE
flare,flɛr,,"n.闪光, 闪耀",GRE
banter,'bæntɚ,,"n.善意地取笑, 逗弄",GRE
mayhem,'mehɛm,,"n.伤害罪之一种, 故意的伤害罪",GRE
emporium,ɛm'pɔrɪəm,,"n.商场, 商业中心, 大百货商店",GRE
merchandise,'mɝtʃəndaɪs,,"n.商品, 货物",GRE
topsoil,'tɑp'sɔɪl,,"n.上层土, 表层土",GRE
ascent,ə'sɛnt,,"n.上升, (地位, 声望等的)提高, 攀登, 上坡路",GRE
pittance,'pɪtns,,"n.少量, 微薄的薪俸",GRE
modicum,'mɑdɪkəm,,"n.少量, 一点点",GRE
soupcon,su:p'sɔŋ,,"n.少许, 些微",GRE
cordon,'kɔrdn,,"n.哨兵线, 警戒线, 饰带",GRE
enactment,ɪ'næktmənt,,"n.设定, 制定",GRE
socialite,'soʃəlaɪt,,n.社交名流,GRE
projectile,prə'dʒɛktl,,n.射弹,GRE
archer,'ɑrtʃɚ,,"n.射手, 弓术家, [天]人马星座",GRE
regimen,'rɛdʒɪmən,,"n.摄生法, 政权, 政体",GRE
regent,'ridʒənt,,"n.摄政者, 董事",GRE
reprimand,'rɛprɪmænd,,n.申斥,GRE
status,ˈstætəs; ˈstetəs,,"n.身份, 地位, 情形, 状况",GRE
stature,'stætʃɚ,,"n.身高, 身材, (精神、道德等的)高度",GRE
moan,mon,,"n.呻吟, 哀悼, 呼啸",GRE
rancor,'ræŋkə,,"n.深仇, 怨恨",GRE
profundity,prə'fʌndəti,,"n.深度, 深处, 深奥, 深刻",GRE
chasm,'kæzəm,,"n.深坑, 裂口",GRE
providence,'prɑvɪdəns,,"n.深谋远虑, 天意, 上帝, 神的眷顾",GRE
conviction,kən'vɪkʃən,,"n.深信, 确信, 定罪, 宣告有罪",GRE
abyss,ə'bɪs,,n.深渊,GRE
deity,'deəti,,"n.神, 神性",GRE
ambrosia,æm'brozɪə,,"n.神的食物, 特别美味的食物",GRE
shrine,ʃraɪn,,"n.神龟, 神殿, 神祠, 圣地",GRE
mythology,mɪ'θɑlədʒi,,n.神话,GRE
myth,mɪθ,,"n.神话, 神话式的人物(或事物), 虚构的故事, 荒诞的说法",GRE
neurotic,nʊ'rɑtɪk,,n.神经病患者,GRE
neurology,nʊ'rɑlədʒi,,"n.神经学, 神经病学",GRE
neurosis,nʊ'rosɪs,,"n.神经症, 神经衰弱症",GRE
mystique,mɪ'stik,,"n.神秘性, 奥秘, 秘法",GRE
theocracy,θɪ'ɑkrəsi,,"n.神权政治, 神政, 神治国",GRE
theology,θɪ'ɑlədʒi,,n.神学,GRE
seminary,'sɛmə'nɛri,,"n.神学院, 学校, 学院, 发源地",GRE
censorship,'sɛnsɚ'ʃɪp,,"n.审查机构, 审查制度",GRE
audit,'ɔdɪt,,"n.审计, 稽核, 查帐",GRE
aesthete,'ɛsθit,,"n.审美家, 唯美主义者",GRE
prudence,'prʊdns,,n.审慎,GRE
nephritis,nɛ'fraɪtɪs,,n.肾炎,GRE
osmosis,"ɔz'məusis, ɔs-",,"n.渗透(作用), 渗透性",GRE
crudity,'krʊdəti,,"n.生, 生硬, 不熟",GRE
tableau,tæ'blo,,"n.生动的场面, 戏剧性局面",GRE
rawhide,'rɔhaɪd,,"n.生牛皮, <美>生牛皮鞭",GRE
tyro,'taɪro,,"n.生手, 初学者, 新手",GRE
greenhorn,"'grin,hɔrn",,"n.生手, 缺乏经验的人, 不懂世故的人",GRE
biosphere,'baɪosfɪr,,n.生物圈,GRE
organism,'ɔrɡənɪzəm,,"n.生物体, 有机体",GRE
vocalist,'vəukəlist,,"n.声乐家, 歌手",GRE
infamy,'ɪnfəmi,,"n.声名狼藉, 丑名, 丑行",GRE
avowal,əˈvaʊəl,,n.声明,GRE
acoustics,ə'kustɪks,,n.声学,GRE
crescendo,krə'ʃɛndo,,n.声音渐增,GRE
ellipsis,ɪ'lɪpsɪs,,"n.省略, 省略符号",GRE
apostrophe,ə'pɑstrəfi,,"n.省略符号, 呼语",GRE
liturgy,'litədʒi,,"n.圣餐仪式, 礼拜仪式",GRE
sanctum,'sæŋktəm,,"n.圣地, 圣所, 密室, 私室, 书房",GRE
pilgrim,'pɪlɡrɪm,,"n.圣地朝拜者, 朝圣",GRE
psalm,sɑm,,n.圣歌,GRE
anthem,'ænθəm,,"n.圣歌, 赞美诗",GRE
pageant,'pædʒənt,,"n.盛会, 庆典, 游行, 虚饰, 露天表演",GRE
surplus,'sɝpləs,,"n.剩余, 过剩, [会计]盈余",GRE
corpus,'kɔrpəs,,"n.尸体, 文集, (某项基金的)本金",GRE
flunk,flʌŋk,,"n.失败, 不及格",GRE
aberration,'æbə'reʃən,,n.失常,GRE
insomnia,ɪn'sɑmnɪə,,"n.失眠, 失眠症",GRE
lapse,læps,,"n.失误, 下降, 流逝, 丧失, 过失",GRE
aphasia,ə'feʒɪə,,n.失语症,GRE
infidelity,",ɪnfɪ'dɛləti",,n.失真,GRE
delinquent,dɪ'lɪŋkwənt,,"n.失职者, 违法者",GRE
prosody,'prɑsədi,,"n.诗体论, 作诗法, 韵律学",GRE
anthology,æn'θɑlədʒi,,"n.诗选, 文选",GRE
infliction,in'flikʃən,,"n.施加, 使负担",GRE
alms,ɑ:mz,,"n.施舍, 救济物(钱,食物,衣物等)",GRE
marsh,mɑrʃ,,"n.湿地, 沼泽, 沼泽地",GRE
hygrometer,haɪ'grɑmətɚ,,n.湿度计,GRE
humidity,hju'mɪdəti,,"n.湿气, 潮湿, 湿度<美>沼泽中的肥沃高地",GRE
perfectionist,pɚ'fɛkʃənɪst,,"n.十全十美主义者, [哲]至善论者",GRE
crusade,kru'sed,,"n.十字军东侵, 宗教战争, 改革运动",GRE
plaster,'plæstɚ,,"n.石膏, 灰泥, 膏药, 橡皮膏",GRE
masonry,'mesənri,,"n.石工术, 石匠职业",GRE
petrifaction,",pɛtrə'fækʃən",,"n.石化, 化石",GRE
anachronism,ə'nækrənɪzəm,,n.时代错误,GRE
period,'pɪrɪəd,,"n.时期, 学时, 节, 句点, 周期, （妇女的）经期",GRE
vogue,voɡ,,"n.时尚, 时髦, 风气, 流行, 风行",GRE
fad,fæd,,"n.时尚, 一时流行的狂热, 一时的爱好",GRE
discernment,dɪ'sɝnmənt,,"n.识别力, 眼力,洞察力",GRE
praxis,'præksɪs,,"n.实践, 实习, 例题, 习题, 现实",GRE
entity,'ɛntəti,,n.实体,GRE
intern,'ɪntɝn,,"n.实习医师, 被拘留者",GRE
pragmatism,'prægmə'tɪzəm,,n.实用主义,GRE
gleaner,'ɡli:nə,,n.拾穗的人,GRE
eclipse,ɪ'klɪps,,"n.食, 日蚀, 月蚀, 蒙蔽, 衰落",GRE
foodstuff,'fudstʌf,,"n.食品, 粮食",GRE
cannibal,'kænəbl,,"n.食人者, 吃同类的动物",GRE
carnivore,'kɑrnɪvɔr,,n.食肉动物,GRE
sustenance,'sʌstənəns,,"n.食物, 生计, (受)支持",GRE
pabulum,'pæbjələm,,"n.食物, 营养, 精神食粮",GRE
appetite,'æpɪtaɪt,,"n.食欲, 胃口, 欲望, 爱好",GRE
anorexia,'ænə'rɛksɪə,,"n.食欲减退, 厌食",GRE
etching,'ɛtʃɪŋ,,"n.蚀刻版画, 蚀刻术, 铜版画",GRE
corroboration,"kə,rɔbə'reiʃən",,"n.使确实, 确证的事实, 确证",GRE
juggernaut,'dʒʌɡənɔ:t,,n.使人盲目崇,GRE
emissary,'ɛmɪsɛri,,n.使者,GRE
herald,'hɛrəld,,"n.使者, 传令官, 通报者, 先驱, 预兆",GRE
intoxicant,ɪn'tɑksəkənt,,n.使醉的东西,GRE
morale,mə'ræl,,"n.士气, 民心",GRE
hipster,'hɪpstɚ,,n.世面灵通的人,GRE
environs,ɪn'vaɪrənz,,"n.市郊, 郊外",GRE
gigmanity,ɡiɡ'mænəti,,"n.市侩阶层, 庸夫俗子",GRE
paradox,'pærədɑks,,"n.似非而是的论点, 自相矛盾的话",GRE
verisimilitude,",verisi'militju:d",,"n.似真, 逼真",GRE
snob,snɑb,,"n.势利的人, 假内行",GRE
acolyte,'ækəlaɪt,,"n.侍僧, 助手",GRE
lace,les,,"n.饰带, 花边, 缎带, 鞋带",GRE
tentative,'tɛntətɪv,,"n.试验, 假设",GRE
trial,'traɪəl,,"n.试验, 考验, 审讯, 审判",GRE
probation,pro'beʃən,,"n.试用, 见习, 鉴定, 查验, 证明, 察看, 缓刑",GRE
ken,kɛn,,"n.视野, 知识领域, 见地",GRE
propriety,prə'praɪəti,,n.适当,GRE
dainty,'denti,,"n.适口的食物, 美味",GRE
upholstery,ʌp'holstəri,,"n.室内装潢, 室内装璜业",GRE
emancipation,"ɪ,mænsə'peʃən",,"n.释放, 解放",GRE
cannibalism,"'kænəbl,ɪzəm",,"n.嗜食同类, 食人, 自相残杀，人吃人的",GRE
oath,oθ,,"n.誓言, 宣誓, 诅咒",GRE
reaper,'ripɚ,,"n.收割者, 收割机",GRE
astringent,ə'strɪndʒənt,,n.收敛剂,GRE
revenue,'rɛvənu,,"n.收入, 国家的收入, 税收",GRE
contraction,kən'trækʃən,,"n.收缩, 缩写式, 紧缩",GRE
proceeds,'prosidz,,n.收益,GRE
lucre,'lukɚ,,"n.收益, 钱财",GRE
accordion,ə'kɔrdɪən,,n.手风琴,GRE
scripture,'skrɪptʃɚ,,"n.手稿, 文件, [Scripture] 基督教(圣经), 经文",GRE
manuscript,'mænjuskrɪpt,,"n.手稿, 原稿",GRE
manacle,'mænəkl,,"n.手铐, 脚镣, 束缚",GRE
shackle,'ʃækl,,"n.手铐, 脚镣, 桎梏, 束缚物",GRE
pistol,'pɪstl,,n.手枪,GRE
holster,'holstɚ,,n.手枪用的皮套,GRE
pantomime,'pæntəmaɪm,,"n.手势, 哑剧, 舞剧",GRE
finesse,fɪ'nɛs,,"n.手腕, 精密技巧, 灵巧, 策略, 手段",GRE
chiromancy,'kaiərəumænsi,,n.手相术,GRE
tutelary,'tju:tiləri,,"n.守护神, 守护圣徒",GRE
frump,frʌmp,,"n.守旧者, 邋遢的女人",GRE
primate,'praɪmet,,"n.首领, 大主教, 灵长类的动物",GRE
venality,vi:'næləti,,n.受贿,GRE
beneficiary,",bɛnɪ'fɪʃɪɛri",,"n.受惠者, 受益人",GRE
authorization,",ɔθərɪ'zeʃən",,"n.授权, 认可",GRE
warrant,'wɔrənt,,"n.授权, 正当理由, 根据, 证明, 凭证, 委任状, 批准, 许可证",GRE
investiture,ɪn'vɛstətʃɚ,,"n.授职, 授权, 覆盖物",GRE
hide,haɪd,,"n.兽皮, 皮革",GRE
herd,hɝd,,"n.兽群, 牧群",GRE
veterinary,'vɛtərənɛri,,n.兽医,GRE
satchel,'sætʃəl,,"n.书包, 小背包",GRE
calligraphy,kə'lɪɡrəfi,,n.书法,GRE
epistle,ɪ'pɪsl,,"n.书信, 使徒书, 书信体诗文",GRE
canzonet,",kænzə'nɛt",,"n.抒情而轻快的歌曲, 小调",GRE
lyric,'lɪrɪk,,"n.抒情诗, 歌词",GRE
pivot,'pɪvət,,"n.枢轴, 支点, (讨论的)中心点, 重点",GRE
negligence,'nɛɡlɪdʒəns,,n.疏忽,GRE
estrangement,ɪ'strendʒmənt,,n.疏远,GRE
olericulture,"'ɑlərɪ,kʌltʃɚ",,"n.蔬菜栽培, 蔬菜园艺",GRE
redemption,rɪ'dɛmpʃən,,"n.赎回, 偿还, 拯救, 履行",GRE
atonement,ə'tonmənt,,"n.赎罪, 弥补",GRE
familiarity,"fə,mɪlɪ'ærəti",,"n.熟悉, 通晓, 亲密, 熟悉, 精通",GRE
attribute,ə'trɪbjut,,"n.属性, 品质, 特征, 加于, 归结于",GRE
glossary,'ɡlɑsəri,,n.术语表,GRE
terminology,",tɝmə'nɑlədʒi",,n.术语学,GRE
stock,stɑk,,"n.树干, 库存, 股票, 股份, 托盘, 祖先, 血统, 原料",GRE
hedge,hɛdʒ,,"n.树篱, 障碍物",GRE
sapling,'sæplɪŋ,,"n.树苗, 小树",GRE
dendrology,dɛn'drɑlədʒi,,n.树木学,GRE
bark,bɑrk,,"n.树皮, 吠声",GRE
foliage,'folɪɪdʒ,,"n.树叶, 植物",GRE
sap,sæp,,"n.树液, 体液, 活力, 坑道, 笨人, 傻子",GRE
umbrage,'ʌmbrɪdʒ,,"n.树荫, 不快",GRE
arboretum,",ɑrbə'ritəm",,"n.树园, 植物园",GRE
chandelier,",ʃændə'lɪr",,n.树枝形的装饰灯,GRE
stake,stek,,n.树桩,GRE
jigsaw,'dʒɪɡsɔ,,n.竖锯,GRE
decrepitude,dɪ'krɛpɪtud,,"n.衰老, 老朽, 老耄",GRE
debility,dɪ'bɪləti,,"n.衰弱, 无活力",GRE
languor,'læŋɡə,,n.衰弱无力,GRE
quibble,'kwɪbl,,"n.双关语, 遁辞, 谬论",GRE
grig,grɪg,,"n.爽朗的人, 轻松愉快的人",GRE
water,ˈwɔtɚ; ˈwɑtɚ,,"n.水, 雨水, 海水, 水位, 水面, 流体",GRE
gutter,'gʌtɚ,,"n.水槽, 檐槽, 排水沟, 槽, 贫民区",GRE
rhinestone,'raɪn'ston,,"n.水晶之一种, 人造钻石",GRE
puddle,'pʌdl,,"n.水坑, 胶土, 污水坑,",GRE
mariner,'mærɪnɚ,,n.水手,GRE
cistern,'sɪstɚn,,"n.水塔, 蓄水池",GRE
sluice,slus,,"n.水闸, 泄水",GRE
slumber,'slʌmbɚ,,n.睡眠,GRE
pliant,'plaɪənt,,n.顺从,GRE
deference,'dɛfərəns,,"n.顺从, 尊重",GRE
persuasive,pɚ'swesɪv,,"n.说服者, 劝诱",GRE
homiletics,",hɑmə'lɛtɪks",,n.说教术,GRE
illustration,",ɪlə'streʃən",,"n.说明, 例证, 例子, 图表, 插图插图,图解",GRE
veracity,və'ræsəti,,"n.说真实话, 老实, 诚实, (感觉, 衡量等)准确性, 精确性",GRE
baton,bə'tɑn,,"n.司令棒, 指挥棒, 警棍",GRE
clique,klik,,"n.私党, 小圈子, 派系, 阀",GRE
lynch,lɪntʃ,,"n.私刑, 诽谤",GRE
nostalgia,nə'stældʒə,,"n.思家病, 乡愁, 向往过去, 怀旧之情",GRE
speculation,",spɛkju'leʃən",,"n.思索, 做投机买卖",GRE
stoicism,'stəuisizəm,,n.斯多葛哲学，斯多葛学派,GRE
fizzle,'fizl,,"n.嘶嘶声, 微弱地结束，失败",GRE
rote,rot,,"n.死记硬背, 机械的做法, 生搬硬套",GRE
carrion,'kærɪən,,"n.死肉, 腐肉",GRE
cadaver,kə'dævɚ,,"n.死尸, 尸体",GRE
deadlock,'dɛdlɑk,,"n.死锁, 僵局",GRE
executioner,'ɛksɪ'kjʊʃənɚ,,"n.死刑执行人, 刽子手",GRE
quadrangle,'kwɑdræŋgl,,"n.四角形, 四边形, 方院, 方庭(尤指牛津大学等学院中者)",GRE
sprawl,sprɔl,,"n.四肢伸开的躺卧姿势, 蔓生",GRE
quartet,kwɔr'tɛt,,"n.四重奏, 四重唱, 四部合奏(唱)曲",GRE
deification,",di:ifi'keiʃən",,"n.祀为神, 神格化, 奉若神明",GRE
fodder,'fɑdɚ,,"n.饲料, 草料, (创作的)素材, 弹药",GRE
relaxation,'rilæk'seʃən,,"n.松弛, 放宽, 缓和, 减轻, 娱乐",GRE
laxity,'læksəti,,n.松驰,GRE
grouse,ɡraʊs,,"n.松鸡, 牢骚",GRE
pine,paɪn,,"n.松树, 树木",GRE
shrug,ʃrʌɡ,,n.耸肩,GRE
shyster,'ʃaistə,,"n.讼棍, 奸诈之徒(尤指政客)",GRE
panegyric,ˌpænə'dʒɪrɪk,,"n.颂词, 推崇备至",GRE
ode,od,,"n.颂诗, 赋",GRE
resurgence,rɪ'sɝdʒəns,,n.苏醒,GRE
laity,'leəti,,"n.俗人, 外行",GRE
nonsuit,",nɔn'sju:t, 'nɔn'sju:t",,n.诉讼驳回,GRE
litigant,'lɪtɪɡənt,,n.诉讼人,GRE
clientele,'klaɪən'tɛl,,"n.诉讼委托人, 客户",GRE
velocity,vəˈlɑsəti,,"n.速度, 速率, 迅速, 周转率",GRE
stenography,stə'nɑɡrəfi,,"n.速记, 速记法",GRE
plastic,'plæstɪk,,"n.塑胶, 可塑体, 塑料制品, 整形",GRE
abacus,'æbəkəs,,n.算盘,GRE
arithmetic,ə'rɪθmətɪk,,"n.算术, 算法",GRE
marrow,'mæro,,"n.髓, 骨髓, 精华, 活力, <苏格兰>配偶",GRE
tatter,'tætə,,n.碎布,GRE
spall,spɔl,,n.碎片,GRE
debris,də'bri,,"n.碎片, 残骸",GRE
shred,ʃrɛd,,"n.碎片, 破布, 少量剩余, 最少量",GRE
smithereens,",smɪðə'rinz",,"n.碎片, 碎屑",GRE
rubble,'rʌbl,,n.碎石,GRE
detritus,dɪ'traɪtəs,,n.碎石,GRE
scree,skri,,"n.碎石, 卵石, 满布石块的山, 遍地小石的山的斜坡",GRE
macadam,mə'kædəm,,"n.碎石, 碎石路",GRE
offal,'ɔfl,,"n.碎屑, 残渣, 废弃物, 垃圾, (猪、牛、羊等屠宰后的)头, 尾, 下水",GRE
crumb,krʌm,,"n.碎屑, 面包屑, 少许",GRE
tassel,'tæsl,,"n.穗, 缨",GRE
spike,spaɪk,,"n.穗, 长钉, 钉鞋, 女高跟鞋, 道钉",GRE
lesion,'liːʒ(ə)n,,"n.损害, 身体上的伤害",GRE
detriment,'dɛtrɪmənt,,"n.损害, 损害物",GRE
depletion,dɪ'pliʃən,,n.损耗,GRE
peregrine,"'periɡrin, -ɡrain, -ɡri:n",,n.隼,GRE
mortise,'mɔrtɪs,,"n.榫眼, 印刷版穴",GRE
indent,ɪn'dɛnt,,"n.缩进, 契约, 订货单, 凹痕",GRE
indentation,",ɪndɛn'teʃən",,"n.缩排, 呈锯齿状, 缺口, 印凹痕",GRE
miniature,ˈmɪniətʃɚ; ˈmɪnɪtʃɚ,,"n.缩小的模型, 缩图, 缩影",GRE
abbreviation,əˌbrivɪ'eʃən,,"n.缩写, 缩写词",GRE
desideratum,dɪ'zɪdə'rɑtəm,,"n.所愿望之物, 迫切需要之物",GRE
rig,rɪɡ,,"n.索具装备, 钻探设备, 钻探平台, 钻塔",GRE
trivia,'trɪvɪə,,n.琐事,GRE
trifle,'traɪfl,,"n.琐事, 少量, 蛋糕, 小事",GRE
pylon,'paɪlən,,"n.塔门, 路标塔",GRE
treadmill,'trɛdmɪl,,"n.踏车, 单调的工作",GRE
foetus,'fitəs,,n.胎儿,GRE
fetus,'fitəs,,n.胎儿,GRE
muscology,mʌs'kɔlədʒi,,n.苔藓植物学,GRE
avarice,'ævərɪs,,"n.贪财, 贪婪",GRE
rapacity,rə'pæsəti,,"n.贪婪, 掠夺",GRE
voracity,vɔ'ræsəti,,"n.贪食, 贪婪",GRE
cupidity,kju'pɪdəti,,"n.贪心, 贪婪",GRE
esurience,"i'sjuəriəns,-ənsi",,"n.贪心,贪婪",GRE
paralysis,pə'ræləsɪs,,"n.瘫痪, 麻痹",GRE
palaver,pə'lɑvɚ,,"n.谈判, 交涉, 闲聊",GRE
tango,'tæŋɡo,,n.探戈,GRE
probing,'probɪŋ,,n.探通术,GRE
exploration,",ɛksplə'reʃən",,"n.探险, 踏勘, 探测, [医](伤处等的)探查, 探察术",GRE
probe,prob,,"n.探针, 探测器",GRE
confection,kən'fɛkʃən,,"n.糖果, 蜜饯, 调制, [药]糖膏(剂), 精制工艺品",GRE
saccharin,'sækərɪn,,n.糖精,GRE
treacle,'tri:kl,,"n.糖蜜, 甜蜜, 过分甜蜜的声调",GRE
icing,'aɪsɪŋ,,"n.糖衣, 结冰",GRE
scald,skɔld,,"n.烫伤,烫洗",GRE
truancy,'truənsi,,n.逃避,GRE
peach,pitʃ,,"n.桃子, 桃树, 桃色, <美俚>受人喜欢的人(或物)",GRE
crockery,'krɑkəri,,"n.陶器, 瓦器",GRE
colloquium,kə'lokwɪəm,,n.讨论会,GRE
symposium,sɪm'pozɪəm,,"n.讨论会, 座谈会",GRE
sourpuss,'saʊɚpʊs,,n.讨人嫌的家伙,GRE
noose,nus,,"n.套索, 束缚, 陷阱, (the noose)绞刑",GRE
prerogative,pri'rɔɡətiv,,n.特权,GRE
privilege,ˈprɪvəlɪdʒ,,"n.特权, 特别待遇, 基本公民权力, 特免",GRE
idiosyncrasy,",ɪdɪə'sɪŋkrəsi",,"n.特质, 特性",GRE
splint,splɪnt,,"n.藤条, 薄木条, 薄金属片, (外科用的)夹板",GRE
terrace,ˈterəs,,"n.梯田的一层, 梯田, 房屋之平顶, 露台, 阳台, 倾斜的平地",GRE
allusion,ə'lʊʒən,,"n.提及, 暗示",GRE
exaltation,",ɛɡzɔl'teʃən",,"n.提升, 提高, 兴奋, 得意洋洋",GRE
hoist,hɔɪst,,"n.提升间, 升起",GRE
prompt,prɑmpt,,"n.提示, 付款期限",GRE
inscription,ɪn'skrɪpʃən,,"n.题字, 碑铭",GRE
hoof,huf,,n.蹄,GRE
embodiment,ɪm'bɑdɪmənt,,"n.体现, 具体化, 化身",GRE
razor,'rezɚ,,n.剃刀,GRE
scuttle,'skʌtl,,"n.天窗, 舱室小孔, 煤桶, 急速逃走",GRE
patio,'pætɪo,,"n.天井, 院子",GRE
firmament,'fɝməmənt,,"n.天空, 太空, 苍天",GRE
azure,'æʒɚ,,"n.天蓝色, 苍天, 碧空",GRE
canopy,'kænəpi,,"n.天篷, 遮篷",GRE
lodestone,'lodston,,"n.天然磁石, 吸引人的东西",GRE
antenna,æn'tɛnə,,n.天线,GRE
naivety,naɪ'iːvtɪ; nɑː'iːvtɪ,,"n.天真烂漫, 无邪的行为",GRE
catholic,kæθəlɪk,,n.天主教徒,GRE
idyll,'aidil,,"n.田园诗, 牧歌",GRE
beet,bit,,"n.甜菜, 甜菜根",GRE
concoction,kən'kɑkʃən,,"n.调合, 混合, 调合物",GRE
palette,'pælət,,"n.调色板, 颜料",GRE
ketchup,'kɛtʃəp,,n.调味蕃茄酱,GRE
flavouring,'fleivəriŋ,,n.调味料,GRE
condiment,'kɑndɪmənt,,n.调味品,GRE
seasoning,'sizənɪŋ,,"n.调味品, 调料",GRE
dalliance,'dælɪəns,,"n.调戏, 调情",GRE
caper,'kepɚ,,n.跳跃,GRE
audition,ɔ'dɪʃən,,"n.听, 听力, 试听",GRE
stethoscope,'stɛθəskop,,n.听诊器,GRE
kiosk,'kiɑsk,,n.亭子,GRE
mooring,'mʊrɪŋ,,n.停泊处,GRE
berth,bɝθ,,"n.停泊处, 卧铺(口语)职业",GRE
mortuary,'mɔrtʃuɛri,,"n.停尸房, 太平间",GRE
armistice,'ɑrmɪstɪs,,"n.停战, 休战",GRE
surcease,sə:'si:s,,n.停止,GRE
cessation,sɛ'seʃən,,n.停止,GRE
halt,hɔlt,,"n.停止, 暂停, 中断",GRE
vent,vɛnt,,"n.通风孔, 出烟孔, 出口, (感情等的)发泄",GRE
access,'æksɛs,,"n.通路, 访问, 入门",GRE
correspondent,",kɔrə'spɑndənt",,"n.通讯记者, 通信者",GRE
mort,mɔːt,,"n.通知猎物已死的号角声, 大量, 许多",GRE
par,pɑr,,"n.同等, (股票等)票面价值",GRE
equivalence,ɪ'kwɪvələns,,"n.同等, [化]等价, 等值",GRE
peer,pɪr,,"n.同等的人, 贵族",GRE
coterie,'kotəri,,"n.同行, 圈内人, 伙伴",GRE
accomplice,ə'kɑmplɪs,,"n.同谋者, 帮凶",GRE
conspirator,kən'spɪrətɚ,,"n.同谋者, 阴谋者, 反叛者",GRE
compassion,kəm'pæʃən,,"n.同情,怜悯",GRE
concurrent,kən'kɝənt,,n.同时发生的事件,GRE
homograph,'hɑməɡræf,,n.同形异义字,GRE
queer,kwɪr,,n.同性恋者,GRE
agreement,ə'grimənt,,"n.同意, 一致, 协定, 协议",GRE
homeopathy,",homɪ'ɑpəθi",,n.同种疗法,GRE
verdigris,'vɝdɪɡri,,"n.铜绿, 碱性碳酸铜, 碱性醋酸铜",GRE
patina,pə'tinə,,"n.铜绿, 绿锈, 薄层, 光泽, 古色",GRE
governance,'gʌvɚnəns,,"n.统治, 管理, 统辖",GRE
pathos,'peθɑs,,"n.痛苦, 感伤, 悲怅, 哀婉",GRE
anguish,'æŋɡwɪʃ,,"n.痛苦, 苦恼",GRE
affliction,ə'flikʃən,,"n.痛苦, 苦恼",GRE
swig,swɪɡ,,"n.痛饮, 大喝(尤指从瓶口喝的)",GRE
stowaway,'stoə'we,,"n.偷渡者, 匿身处",GRE
sluggard,'slʌɡɚd,,"n.偷懒者, 懒鬼, 游手好闲的人",GRE
fillet,'fɪlɪt,,"n.头带, 带子, 肉片, 鱼片",GRE
hood,hʊd,,"n.头巾, 兜帽, 车蓬, 引擎罩",GRE
helmet,'hɛlmɪt,,"n.头盔, 钢盔",GRE
skull,skʌl,,"n.头脑, 头骨",GRE
suffrage,'sʌfrɪdʒ,,"n.投票, 选举权, 参政权, [宗]代祷",GRE
jettison,'dʒɛtɪsn,,"n.投弃, 投弃货物",GRE
sling,slɪŋ,,"n.投石器, 弹弓, 投掷, 钩悬带, 吊索",GRE
pelt,pɛlt,,"n.投掷, 疾行, 毛皮",GRE
clairvoyance,klɛr'vɔɪəns,,"n.透视, 洞察力, 千里眼",GRE
perspective,pɚ'spɛktɪv,,"n.透视画法, 透视图, 远景, 前途, 观点, 看法, 观点, 观察",GRE
typography,taɪ'pɑgrəfi,,"n.凸版印刷术, 排印印刷样式",GRE
bulge,bʌldʒ,,n.凸出部分,GRE
lurch,lɝtʃ,,"n.突然倾斜, 挫折, 举步蹒跚, 徘徊, 困境",GRE
ejaculation,ɪ'dʒækjʊ'leʃən,,"n.突然说出, 射精, 射出",GRE
icon,'aɪkɑn,,"n.图标, 肖像, 偶像",GRE
totem,'totəm,,"n.图腾, 标识, 徽章",GRE
bumpkin,'bʌmpkɪn,,"n.土包子, 乡巴佬",GRE
demesne,də'men,,"n.土地之所有, 领地, 私有地",GRE
soil,sɔɪl,,"n.土壤, 土地, 国土, 国家, 温床, 粪便, 务农",GRE
aborigine,'æbə'rɪdʒəni,,n.土著居民(尤指澳大利亚土著居民),GRE
regiment,'rɛdʒɪmənt,,"n.团, 大群",GRE
solidarity,",sɑlɪ'dærəti",,n.团结,GRE
impulse,'ɪmpʌls,,"n.推动, 刺激, 冲动, 推动力",GRE
impetus,'ɪmpɪtəs,,"n.推动力, 促进",GRE
presenter,prɪ'zɛntɚ,,n.推荐者,GRE
propulsion,prə'pʌlʃən,,"n.推进, 推进力",GRE
propeller,prə'pɛlɚ,,"n.推进者, 推进物, 尤指轮船, 飞机上的螺旋推进器",GRE
ratiocination,",rætiɔsi'neiʃən, -ræʃi-",,"n.推理, 推论",GRE
decadence,'dɛkədəns,,n.颓废,GRE
ebb,ɛb,,"n.退, 弱, 退潮, 衰落",GRE
breech,britʃ,,n.臀部,GRE
subterfuge,'sʌbtɚfjudʒ,,n.托词,GRE
tugboat,"'tʌg,bot",,"n.拖船, 拖轮",GRE
shuffle,'ʃʌfl,,"n.拖着脚走, 混乱, 蒙混, 洗纸牌",GRE
secession,sɪ'sɛʃən,,n.脱离,GRE
caret,'kærət,,n.脱字符号( ^ 文章中插字使用),GRE
gyroscope,'dʒaɪrəskop,,"n.陀螺仪, 回旋装置, 回转仪, 纵舵调整器",GRE
hump,hʌmp,,"n.驼峰, 驼背, 小园丘, 峰丘",GRE
ostrich,'ɔstrɪtʃ,,"n.鸵鸟, 鸵鸟般的人",GRE
compromise,'kɑmprəmaɪz,,"n.妥协, 折衷",GRE
excavation,",ɛkskə'veʃən",,"n.挖掘, 发掘, 挖掘成的洞, 出土文物",GRE
sarcasm,'sɑrkæzəm,,"n.挖苦, 讽刺",GRE
dredge,drɛdʒ,,"n.挖泥机, 挖泥船, 捞网",GRE
dredger,'drɛdʒɚ,,"n.挖泥机, 挖泥船, 捞网, 撒粉器",GRE
semblance,'sɛmbləns,,"n.外表, 伪装",GRE
speciosity,",spi:ʃi'ɔsəti",,"n.外表美观, 华而不实, 徒有其表, 似是而非",GRE
outgoing,'aʊt'goɪŋ,,"n.外出, 开支, 流出",GRE
layman,'lemən,,n.外行,GRE
envoy,'ɛnvɔɪ,,"n.外交使节, 特使",GRE
rind,raɪnd,,n.外壳,GRE
periphery,pə'rɪfəri,,n.外围,GRE
vestment,'vɛstmənt,,"n.外衣, 制服, 衣服, 法衣, 祭坛布",GRE
warp,wɔrp,,"n.弯曲, 歪曲, 乖僻, 偏差, 乖戾, 偏见",GRE
stoop,stʊp,,"n.弯腰, 屈背, 屈服",GRE
consummation,",kɑnsə'meʃən",,"n.完成, 圆满成功, 成就",GRE
toy,tɔɪ,,n.玩具,GRE
prankster,'præŋkstə,,"n.顽皮的人, 爱开玩笑的人",GRE
dirge,dɝdʒ,,"n.挽歌, 哀悼歌",GRE
circumlocution,",sɝkəmlə'kjuʃən",,n.婉转曲折的陈述,GRE
panacea,",pænə'si:ə",,n.万能药,GRE
pantheon,'pænθɪən,,"n.万神殿, 罗马万神殿, 伟人祠",GRE
reticulation,"rɪ,tɪkjə'leʃən",,n.网状物,GRE
ingratitude,ɪn'ɡrætɪtud,,"n.忘恩, 不知恩",GRE
ingrate,ɪn'ɡret,,n.忘恩负义者,GRE
scathe,skeið,,"n.危害, 损害, 损伤",GRE
peril,'pɛrəl,,n.危险,GRE
jeopardy,'dʒɛpɚdi,,"n.危险, 危险",GRE
prowess,'praʊəs,,n.威力,GRE
deterrent,dɪ'tɝənt,,n.威慑,GRE
minacity,mi'næsəti,,"n.威吓性,威胁性",GRE
menace,'mɛnəs,,"n.威胁, 危险物",GRE
bagatelle,",bæɡə'tɛl",,"n.微不足道的东西, 琐事, 小事, 弹子球戏的一种, (指钢琴的)小曲",GRE
zilch,ziltʃ,,"n.微不足道的事物（或人）, 小人物, 无, 零, 无价值之物",GRE
shimmer,'ʃɪmɚ,,n.微光,GRE
gleam,ɡlim,,"n.微弱的闪光, 一丝光线, 瞬息的一现",GRE
microbe,'maɪkrob,,"n.微生物, 细菌",GRE
mite,maɪt,,"n.微小的东西, <口>小孩, 力所能及的微小贡献",GRE
placebo,plə'sibo,,"n.为死者所诵的晚祷词, 安慰剂",GRE
breach,britʃ,,"n.违背, 破坏, 破裂, 裂口",GRE
contraband,'kɑntrə'bænd,,"n.违法交易, 违禁品, 走私",GRE
infringement,ɪn'frɪndʒmənt,,"n.违反, 侵害",GRE
infraction,ɪn'frækʃən,,"n.违反, 侵害",GRE
contravention,",kɔntrə'venʃən",,"n.违反, 违背, 矛盾",GRE
scarf,skɑrf,,"n.围巾, 头巾领巾, 嵌接, 嵌接处, 切口",GRE
apron,'eprən,,"n.围裙, 外表或作用类似围裙的东西, [机]挡板, 护坦",GRE
enclosure,ɪn'kloʒɚ,,"n.围住, 围栏, 四周有篱笆或围墙的场地",GRE
mast,mæst,,"n.桅, 桅杆, 柱, 旗杆, 天线竿",GRE
hypocrisy,hɪ'pɑkrəsi,,n.伪善,GRE
cant,kænt,,"n.伪善之言, 黑话, 隐语, 斜面, 角落",GRE
perjury,'pɝdʒəri,,"n.伪誓, 伪证",GRE
forgery,'fɔrdʒəri,,"n.伪造物, 伪造罪, 伪造",GRE
forger,'fɔrdʒɚ,,"n.伪造者, 铁匠, 赝造者",GRE
pretence,"pri'tens, 'pri:t-",,n.伪装,GRE
latitude,'lætɪtud,,"n.纬度, 范围, (用复数)地区, 行动或言论的自由(范围)",GRE
grievance,'grivəns,,"n.委屈, 冤情, 不平",GRE
constituent,kən'stɪtʃuənt,,"n.委托人, 要素",GRE
commitment,kə'mɪtmənt,,"n.委托事项, 许诺, 承担义务",GRE
sanitation,",sænɪ'teʃən",,"n.卫生, 卫生设施",GRE
hygiene,'haɪdʒin,,"n.卫生, 卫生学",GRE
mothball,'mɔθbɔl,,"n.卫生球, 樟脑球",GRE
nestling,'nɛstlɪŋ,,"n.未离巢的雏鸟, 婴儿",GRE
recoil,'rikɔɪl,,"n.畏缩, 后退, 弹回, 反作用, 后座力",GRE
stomach,'stʌmək,,"n.胃, 胃口, 胃部",GRE
pepsin,'pɛpsɪn,,"n.胃蛋白酶, 胃液素",GRE
hedgehog,'hɛdʒhɔɡ,,n.猬,GRE
hotbed,'hɑtbɛd,,n.温床,GRE
clemency,'klɛmənsi,,"n.温和, 仁慈, 和蔼",GRE
greenhouse,'ɡrinhaʊs,,"n.温室, 花房",GRE
conservatory,kən'sɝvətɔri,,"n.温室, 音乐学校",GRE
mansuetude,"'mænswi,tju:d",,"n.温顺, 柔和",GRE
plague,pleɡ,,"n.瘟疫, 麻烦, 苦恼, 灾祸",GRE
file,faɪl,,"n.文件, 档案, 文件夹, 卷宗, 锉刀",GRE
stationery,'steʃənɛri,,"n.文具, 信纸",GRE
illiterate,ɪ'lɪtərət,,n.文盲,GRE
literati,",lɪtə'rɑti",,"n.文人, 文学界",GRE
writ,rɪt,,"n.文书, 正式文件, 书面命令",GRE
magistrate,'mædʒɪs'tret,,"n.文职官员, 地方官员",GRE
lair,lɛr,,n.窝,GRE
rabble,'ræbl,,"n.乌合之众, 下层社会, 拨火棍",GRE
blemish,'blɛmɪʃ,,"n.污点, 缺点, 瑕疵",GRE
stain,sten,,"n.污点, 瑕疵",GRE
filth,fɪlθ,,"n.污秽, 污物, 不洁, 猥亵",GRE
smutch,smʌtʃ,,n.污迹,GRE
necromancy,'nɛkromænsi,,n.巫术,GRE
sorcery,'sɔrsəri,,"n.巫术, 魔术",GRE
eaves,ivz,,n.屋檐,GRE
bonnet,'bɑnət,,"n.无边女帽, 童帽, 烟囱帽, 阀帽",GRE
flatcar,'flætkɑr,,"n.无盖货车, 平台货车",GRE
lackluster,"'læk,lʌstə",,"n.无光泽, 暗淡",GRE
trash,træʃ,,"n.无价值之物, 无聊的作品, 垃圾, 废物",GRE
contumely,'kɔntjumili,,"n.无礼, 傲慢, 侮辱",GRE
incapacity,",ɪnkə'pæsəti",,n.无能力,GRE
atheism,'eθɪɪzəm,,n.无神论,GRE
lethargy,'lɛθɚdʒi,,n.无生气,GRE
wold,'wəuld,,"n.无树木的山地, 荒野",GRE
myriad,'miriəd,,"n.无数, 无数的人或物, <诗>一万",GRE
intrepidity,",intri'pidəti",,n.无畏,GRE
infinity,ɪn'fɪnəti,,"n.无限, 无穷大",GRE
discredit,dɪs'krɛdɪt,,"n.无信用, 疑惑, 不名誉, 耻辱",GRE
nonesuch,"'nʌn,sʌtʃ",,"n.无以匹敌的人, 典范",GRE
futility,fjʊ'tɪləti,,"n.无益, 无用, 轻浮的言行",GRE
anarchy,'ænɚki,,"n.无政府状态, 政治混乱",GRE
ignorance,'ɪɡnərəns,,"n.无知, 不知",GRE
limerick,'limərik,,n.五行打油诗（一种通俗幽默短诗，有五行组成，韵式为aabba）,GRE
groveler,'grɔvlə,,"n.五体投地的人, 卑恭屈节的人",GRE
insolent,'ɪnsələnt,,n.侮慢无礼的人,GRE
terpsichorean,",tɜːpsɪkə'riːən",,n.舞蹈家,GRE
choreography,",kɔrɪ'ɑɡrəfi",,"n.舞蹈术, 舞台舞蹈",GRE
ballroom,'bɔl'rʊm,,"n.舞厅, 跳舞场",GRE
barter,'bɑrtɚ,,"n.物品交换, 实物交易",GRE
fetish,'fɛtɪʃ,,"n.物神, 迷信, 偶像",GRE
brume,brʊm,,"n.雾, 霭",GRE
gloaming,'gləʊmɪŋ,,"n.夕幕, 薄明, 黄昏",GRE
picayunish,,,"n.西班牙小币, 不值钱东西",GRE
zephyr,'zɛfɚ,,"n.西风, (诗)和风, 徐风",GRE
vampire,'væmpaiə,,n.吸血鬼,GRE
iota,aɪ'otə,,"n.希腊语字母第 9位, 极微小",GRE
subtlety,'sʌtlti,,"n.稀薄, 微妙, 精明",GRE
dilution,dɪ'ljʊʃən,,"n.稀释, 稀释法,冲淡物",GRE
frolic,'frɑlɪk,,n.嬉闹,GRE
mat,mæt,,"n.席子, 垫子",GRE
inroad,'inrəud,,n.袭击,GRE
incursion,ɪn'kɝʒn,,"n.袭击, 侵入",GRE
raid,red,,"n.袭击, 搜捕",GRE
beau,bo,,"n.喜修饰者, 纨绔子弟, 情郎, 求爱者",GRE
legerdemain,'lɛdʒɚdəmen,,"n.戏法, 骗术, 诡辩, 巧妙的花招",GRE
persiflage,'pɝsɪflɑʒ,,"n.戏弄, 挖苦",GRE
minutia,maɪ'njʊʃɪr,,"n.细节, 琐事, 细目",GRE
bacteria,bæk'tɪrɪə,,n.细菌,GRE
filament,'fɪləmənt,,"n.细丝, 灯丝",GRE
sleave,sli:v,,"n.细丝, 乱丝",GRE
nuance,"'nju:ɑ:ns, nju:'ɑ:ns",,n.细微差别,GRE
drizzle,'drɪzl,,n.细雨,GRE
pennant,'pɛnənt,,"n.细长三角旗, 短绳",GRE
galley,'ɡæli,,"n.狭长船, 大型划船, 船上厨房, (印刷用的)长方活字盘, 军舰",GRE
vista,'vɪstə,,"n.狭长的景色, 街景, 展望, 回想",GRE
sewer,'suɚ,,"n.下水道, 缝具, 缝纫者",GRE
fairyland,'fɛrɪlænd,,"n.仙境, 乐园, 奇境",GRE
fairy,'fɛri,,"n.仙女, 精灵, <美俚>漂亮姑娘",GRE
priority,praɪ'ɔrəti,,"n.先, 前, 优先, 优先权",GRE
prelibation,",prilaɪ'beʃən",,"n.先尝, 预尝",GRE
antecedence,",æntə'sidns",,"n.先行, 先前",GRE
prevision,",privɪʒən",,"n.先见, 预知",GRE
prerequisite,",pri'rɛkwəzɪt",,n.先决条件,GRE
precedent,'prɛsɪdənt,,n.先例,GRE
precursor,pri'kɝsɚ,,n.先驱,GRE
forerunner,'fɔr'rʌnɚ,,"n.先驱(者), 传令官, 预兆",GRE
prelude,'prɛljud,,"n.先驱, 前奏, 序幕",GRE
harbinger,'hɑrbɪndʒɚ,,"n.先驱, 预兆",GRE
mopery,'məupəri,,n.闲荡,GRE
lounge,laʊndʒ,,"n.闲逛, 休闲室, 长沙发",GRE
sapience,"'seipiəns, 'sæ-",,n.贤明,GRE
bacon,'bekən,,"n.咸肉, 熏肉",GRE
revelation,'rɛvə'leʃən,,"n.显示, 揭露, 被揭露的事, 新发现, 启示, 揭示",GRE
notability,",notə'bɪləti",,n.显要人物,GRE
locale,lo'kæl,,"n.现场, 场所",GRE
spool,spʊl,,"n.线轴, 所绕的数量, 缠线用的框",GRE
snare,snɛr,,n.陷井,GRE
discrepancy,dɪs'krɛpənsi,,"n.相差, 差异, 矛盾",GRE
reverse,rɪ'vɝs,,"n.相反, 背面, 反面, 倒退",GRE
mutuality,ˌmjuːtʃuˈæləti,,"n.相互关系, 相关",GRE
acquaintance,ə'kwentəns,,"n.相识, 熟人",GRE
perfume,pɚ'fjum,,"n.香味, 芳香, 香水",GRE
parquetry,'pɑ:kitri,,"n.镶花木细工, 镶木地板",GRE
parquet,pɑr'ke,,"n.镶木地板, 正厅",GRE
mosaic,mo'zeɪk,,"n.镶嵌, 镶嵌图案, 镶嵌工艺",GRE
marquetry,'mɑːkɪtrɪ,,n.镶嵌细工,GRE
inventory,'ɪnvəntɔri,,"n.详细目录, 存货, 财产清册, 总量",GRE
sonority,'so'nɔrəti,,"n.响亮, 响亮程度",GRE
scenario,sə'nærɪo,,"n.想定游戏的关,或是某一特定情节",GRE
hieroglyph,'haɪərəɡlɪf,,"n.象形文字, 图画文字",GRE
emblem,'ɛmbləm,,"n.象征, 徽章, 符号, <古>寓意画",GRE
hosepipe,'hozpaɪp,,n.橡胶软管,GRE
mackintosh,'mækɪntɒʃ,,"n.橡皮布, 橡皮布防水衣",GRE
slump,slʌmp,,"n.消沉, 衰退, (物价)暴跌",GRE
disinfectant,'dɪsɪn'fɛktənt,,n.消毒剂,GRE
hydrant,'haɪdrənt,,"n.消防栓, 消防龙头",GRE
excise,ɛk'saɪz,,"n.消费税, 货物税, 国产税",GRE
expendable,ɪk'spɛndəbl,,"n.消耗品, 可牺牲的",GRE
recreation,",rɛkrɪ'eʃən",,"n.消遣, 娱乐",GRE
pastime,'pæstaɪm,,"n.消遣, 娱乐",GRE
muffler,'mʌflɚ,,n.消声器,GRE
extinction,ɪk'stɪŋkʃən,,"n.消失, 消灭, 废止, [物]消光",GRE
marasmus,mə'ræzməs,,"n.消瘦, 衰弱",GRE
tabloid,'tæblɔid,,"n.小报, 药片",GRE
noggin,'nɑgɪn,,"n.小杯, 少量饮料(常指四分之一品脱)",GRE
phial,'faɪəl,,"n.小玻璃瓶, 药瓶",GRE
fraction,'frækʃən,,"n.小部分, 片断, 分数",GRE
pamphlet,ˈpæmflɪt,,n.小册子,GRE
pinion,'pɪnjən,,n.小齿轮,GRE
skirmish,'skɝmɪʃ,,n.小冲突,GRE
bug,bʌɡ,,"n.小虫, 臭虫",GRE
buffoon,bə'fun,,n.小丑,GRE
skiff,skɪf,,n.小船,GRE
filly,'fɪli,,"n.小雌马(通常未满四岁), <俚>活泼的小姑娘, <俚>活泼的",GRE
sachet,sæ'ʃe,,"n.小袋, (熏衣等用的)香袋, 香料袋, 香粉",GRE
pouch,paʊtʃ,,"n.小袋, 烟草袋, 钱袋, 育儿袋",GRE
statuette,",stʃʊjʊ'ɛt",,n.小雕像,GRE
figurine,",fɪɡjə'rin",,n.小雕像,GRE
gosling,'ɡɑzlɪŋ,,"n.小鹅, 愚蠢而无经验的人",GRE
huckster,'hʌkstɚ,,n.小贩,GRE
maisonette,'mezə'nɛt,,"n.小房屋, 出租房间",GRE
operetta,",ɑpə'rɛtə",,n.小歌剧,GRE
crotchet,'krɑtʃɪt,,"n.小钩, 怪想, 奇想, 反复无常",GRE
conte,kon'te,,n.小故事,GRE
storiette,",stɔ:ri'et",,"n.小故事, 短篇故事",GRE
imp,ɪmp,,"n.小鬼, 小淘气, 顽童",GRE
chit,tʃɪt,,"n.小孩, (活泼的)少女, 芽",GRE
moppet,'mɑpɪt,,"n.小孩, 娃娃, 宝宝",GRE
tad,tæd,,"n.小孩子(尤指男孩),微量,少量",GRE
rill,rɪl,,"n.小河, 小溪",GRE
rivulet,'rɪvjələt,,"n.小河, 小溪, 溪流",GRE
tarn,tɑrn,,n.小湖,GRE
cliquism,'kli:kizəm,,n.小集团主义,GRE
pinnacle,'pɪnəkl,,"n.小尖塔, 山顶, 顶点",GRE
elf,ɛlf,,"n.小精灵, 矮人, 淘气鬼, 恶作剧的人, 恶人",GRE
puncture,'pʌŋktʃɚ,,n.小孔,GRE
gnat,næt,,"n.小昆虫, 小烦扰",GRE
granule,'grænjʊl,,"n.小粒, 颗粒, 细粒",GRE
hooligan,'hulɪɡən,,n.小流氓,GRE
alley,'æli,,"n.小路, 巷, (花园里两边有树篱的)小径",GRE
colt,kolt,,"n.小马, 无经验的年轻人",GRE
kitten,'kɪtn,,"n.小猫, 小动物",GRE
veal,vil,,"n.小牛肉, 幼小的菜牛",GRE
scrap,skræp,,"n.小片, 废料, 剪下来的图片, 文章, 残余物, 废料, 打架",GRE
cascade,kæ'sked,,"n.小瀑布, 喷流",GRE
niggard,'nɪgɚd,,n.小气鬼,GRE
gadget,'gædʒɪt,,"n.小器具, 小配件, 小玩意, 诡计",GRE
madrigal,'mædrɪɡl,,n.小曲,GRE
ringlet,'rɪŋlət,,"n.小圈, 小环, 卷发",GRE
knoll,nol,,n.小山,GRE
suede,swed,,n.小山羊皮,GRE
dinghy,dɪŋi,,"n.小舢板,小游艇",GRE
niche,niʃ,,n.小生境,GRE
shack,ʃæk,,n.小室,GRE
tambourine,",tæmbə'rin",,n.小手鼓,GRE
grove,ɡrov,,n.小树林,GRE
longueur,lɔŋ'ɡə:r,,"n.小说,剧本或乐谱等冗长而枯燥无味的章节",GRE
turret,ˈtərɪt,,"n.小塔, 塔楼, 炮塔",GRE
valise,və'lis,,n.小提箱,GRE
cygnet,'sɪɡnət,,n.小天鹅,GRE
bauble,'bɔbl,,n.小玩意,GRE
cubicle,'kjubɪkl,,n.小卧室,GRE
coop,kʊp,,"n.小屋, 鸡(兔)笼, 拘留所, <俗>监狱",GRE
brook,brʊk,,n.小溪,GRE
creek,krik,,"n.小溪, 小河, <主英>小港, 小湾",GRE
flasket,'flæskɪt,,"n.小细颈瓶, 小烧瓶",GRE
pony,'poni,,n.小型马,GRE
cynosure,'sɪnəʃʊr,,"n.小熊座, 北极星",GRE
yeanling,'jinlɪŋ,,"n.小羊, 小山羊, 小绵羊",GRE
leaflet,'liflət,,"n.小叶, 传单",GRE
serenade,",sɛrə'ned",,n.小夜曲,GRE
pebble,'pɛbl,,"n.小圆石, 小鹅卵石",GRE
sprig,sprɪg,,"n.小枝, 小枝状饰物, 子孙, 年青人, 图钉",GRE
gossamer,'ɡɑsəmɚ,,"n.小蜘蛛网, 蛛丝, 薄纱, 轻而弱者",GRE
shallop,'ʃæləp,,"n.小舟, 轻舟",GRE
wherry,'hwɛri,,"n.小舟摆渡船, 单人乘的小舟, 划艇, 平底货船",GRE
gruntling,'ɡrʌntl,,n.小猪,GRE
trinket,'trɪŋkɪt,,"n.小装饰品, 琐物,无关紧要的小事",GRE
collation,kə'leʃən,,"n.校勘,整理",GRE
preceptor,'prisɛptɚ,,n.校长,GRE
jesting,'dʒestiŋ,,"n.笑话, 滑稽",GRE
jest,dʒɛst,,"n.笑话, 俏皮话",GRE
mime,maɪm,,n.笑剧,GRE
farce,fɑrs,,"n.笑剧, 闹剧, 滑稽剧, 胡闹",GRE
whit,hwit,,"n.些微, 一点点",GRE
wedge,wɛdʒ,,n.楔,GRE
hysteria,hɪ'stɪrɪə,,"n.歇斯底里, 不正常的兴奋, 癔病",GRE
concerto,kən'tʃɝto,,n.协奏曲,GRE
hawker,'hɔkɚ,,"n.携鹰打猎者, 叫卖小贩",GRE
latchet,'lætʃit,,n.鞋带,GRE
vamp,væmp,,"n.鞋面, 荡妇",GRE
cathartic,kə'θɑrtɪk,,"n.泻药, 通便药",GRE
profanity,prə'fænəti,,n.亵渎,GRE
blasphemy,'blæsfəmi,,n.亵渎(话),GRE
psychoanalysis,'saɪkoə'næləsɪs,,n.心理分析,GRE
telepathy,tə'lɛpəθi,,"n.心灵感应, 感应",GRE
discomposure,",diskəm'pəuʒə",,"n.心乱, 狼狈, 不安",GRE
sanity,'sænəti,,n.心智健全,GRE
travail,'trævel,,n.辛苦,GRE
toil,tɔɪl,,"n.辛苦, 苦工, 网, 罗网, 圈套",GRE
poignancy,'pɔɪɡnənsi,,"n.辛酸(事) 强烈, 尖刻, 辛辣",GRE
rejoicing,rɪ'dʒɔɪsɪŋ,,"n.欣喜, 高兴",GRE
recruit,rɪ'krut,,"n.新兵, 新分子, 新会员",GRE
metabolism,mɛ'tæbəlɪzəm,,"n.新陈代谢, 变形",GRE
epoch,'ɛpək,,"n.新纪元, 时代, 时期, 时间上的一点, [地质]世",GRE
neophyte,'niəfaɪt,,"n.新入教者, 新信徒",GRE
palingenesis,",pælin'dʒenisis",,"n.新生, 转生, 轮回",GRE
tenderfoot,'tendəfʊt,,n.新手,GRE
rookie,'rʊki,,n.新手,GRE
novice,'nɑvɪs,,"n.新手, 初学者",GRE
neodoxy,",ni:əu'dɔksi",,"n.新学说, 新见解",GRE
novelty,'nɑvlti,,"n.新颖, 新奇, 新鲜, 新奇的事物",GRE
neologism,nɪ'ɑlədʒɪzəm,,"n.新语, 创造或使用新语",GRE
stipend,'staɪpɛnd,,"n.薪金, 定期生活津贴",GRE
emolument,ɪ'mɒljʊm(ə)nt; e-,,"n.薪水, 报酬",GRE
credence,'kridns,,n.信任,GRE
reliance,rɪ'laɪəns,,"n.信任, 信心, 依靠, 依靠的人或物",GRE
creed,krid,,n.信条,GRE
disciple,dɪ'saɪpl,,"n.信徒, 弟子, 门徒",GRE
adherent,əd'hɪrənt,,"n.信徒, 追随者, 拥护者",GRE
votary,'votəri,,n.信仰者,GRE
galaxy,'ɡæləksi,,"n.星系, 银河, 一群显赫的人, 一系列光彩夺目的东西",GRE
nebula,'nɛbjələ,,"n.星云, 云翳",GRE
metaphysics,",mɛtə'fɪzɪks",,"n.形而上学, 玄学, 纯粹哲学, 宇宙哲学",GRE
harridan,'hærɪdən,,"n.形容枯槁(或脾气暴躁)的老妇人,名声不好的老泼妇",GRE
felicity,fə'lɪsəti,,"n.幸福, 幸运, 福气, (措辞等)恰当, 巧妙, 幸福, 幸运",GRE
oomph,ʊmf,,"n.性感, 性的魅力, 精神, 精力",GRE
extrovert,",ɛkstrə'vɝt",,n.性格外向者,GRE
jerk,dʒɝk,,"n.性情古怪的人, 急推, 猛拉, 肌肉抽搐, (生理)反射, 牛肉干",GRE
libido,lɪ'bido,,"n.性欲, 性的冲动, 生命力",GRE
ferocity,fə'rɑsəti,,"n.凶猛, 残忍, 暴行",GRE
sibling,'sɪblɪŋ,,"n.兄弟, 姐妹, 同胞, 同属",GRE
fraternity,frə'tɝnəti,,"n.兄弟关系, 友爱, 互助会, 兄弟会",GRE
cuirass,kwi'ræs,,"n.胸甲, 装甲板, 铁甲",GRE
declamation,'dɛklə'meʃən,,n.雄辨,GRE
eloquence,'ɛləkwəns,,"n.雄辩, 口才, 修辞",GRE
elocution,",ɛlə'kjuʃən",,"n.雄辩术, 演说法",GRE
gander,'gændə,,"n.雄鹅, 呆子, 笨蛋",GRE
drone,dron,,"n.雄蜂, 嗡嗡的声音, 懒惰者, 靶标",GRE
rooster,'rustɚ,,"n.雄禽, <主美>公鸡",GRE
fallow,'fælo,,n.休耕地,GRE
prorogue,prəu'rəuɡ,,n.休会,GRE
prorogation,",prɔro'ɡeʃən",,n.休会,GRE
furlough,'fɝlo,,"n.休假, 暂时解雇, 放假",GRE
repose,rɪ'poz,,"n.休息, 睡眠, 静止",GRE
foyer,ˈfɔɪər,,"n.休息室, 大厅",GRE
truce,tru:s,,"n.休战, 休战协定, 休止",GRE
monastery,'mɑnəstɛri,,"n.修道院, 僧侣",GRE
monasticism,mə'næstɪsɪzəm,,"n.修道院生活, 修道院制度",GRE
emendation,",iːmen'deɪʃ(ə)n",,"n.修订, 校正, 修正",GRE
secateurs,",sɛkə'tɝz",,"n.修枝夹, 剪枝夹",GRE
mortification,",mɔ:tifi'keiʃən",,"n.羞辱, 禁欲, 动物体组织局部的坏死",GRE
cuff,kʌf,,"n.袖口, 裤子翻边, 护腕, 手铐",GRE
frailty,'frelti,,"n.虚弱, 脆弱, 意志薄弱, 过失, 品德上的弱点",GRE
infirmity,ɪn'fɝməti,,"n.虚弱, 衰弱, 缺点",GRE
bravado,brə'vɑdo,,"n.虚张声势, 装作有自信的样子",GRE
hector,'hɛktɚ,,"n.虚张声势的人,恃强凌弱的人",GRE
preface,'prɛfəs,,"n.序文, 绪言, 前言",GRE
prologue,'prolɔɡ,,n.序言,GRE
encomiast,en'kəʊmɪæst,,"n.宣读或写颂辞之人, 阿谀者, 赞美者",GRE
acquittal,ə'kwɪtl,,n.宣判无罪,GRE
manifesto,",mænɪ'fɛsto",,"n.宣言, 声明",GRE
shindy,'ʃɪndi,,"n.喧哗, 奢华舞会, 大宴会",GRE
pother,'pɔðə,,n.喧闹,GRE
clamour,'klæmɚ,,n.喧闹,GRE
rumpus,'rʌmpəs,,"n.喧闹, 吵闹",GRE
ruckus,'rʊkəs,,"n.喧闹, 骚动",GRE
din,dɪn,,n.喧嚣,GRE
hullabaloo,",hʌləbə'lu:",,"n.喧嚣, 喧哗, 吵闹（声）, （混乱, 骚动）声",GRE
fracas,'frekəs,,"n.喧噪, 吵闹",GRE
scarp,skɑrp,,n.悬崖,GRE
precipice,'prɛsəpɪs,,n.悬崖,GRE
cyclone,'saɪklon,,"n.旋风, 飓风, 暴风, 龙卷风, [气]气旋",GRE
tornado,tɔr'nedo,,"n.旋风, 龙卷风, 大雷雨, 具有巨大破坏性的人(或事物)[军] (“狂风”) 英国、德国、意大利三国合作研制的双座双发超音速变后掠翼战斗机",GRE
vortex,'vɔrtɛks,,"n.旋涡, 旋风, 涡流, (动乱, 争论等的)中心",GRE
eddy,'ɛdi,,"n.旋转, 漩涡",GRE
grindstone,'ɡraɪndston,,"n.旋转磨石, 旋转研磨机",GRE
swirl,swɝl,,"n.漩涡, 涡状形",GRE
florilegium,",flɔri'lidʒiəm",,"n.选集, 作品集锦, 群芳谱",GRE
psephology,sɪ'fɑlədʒi,,n.选举学,GRE
electorate,ɪ'lɛktərət,,"n.选民, 选区, 有选举权者",GRE
pedantry,'pɛdntri,,"n.炫学, 假装学者, 卖弄学问",GRE
glare,ɡlɛr,,"n.眩目的光, 显眼, 怒目而视, (冰等的表面)光滑的表面",GRE
vertigo,'vɝtɪɡo,,"n.眩晕, 晕头转向",GRE
troglodyte,'trɔɡlədait,,"n.穴居人, 隐居者,老顽固,类人猿",GRE
institute,'ɪnstɪtut,,"n.学会, 学院, 协会",GRE
pedant,'pɛdnt,,n.学究式人物,GRE
pupil,pjupl,,"n.学生, 小学生, 瞳孔",GRE
lore,lɔr,,n.学问，知识，（动物的）眼光知识,GRE
avalanche,'ævəlæntʃ,,n.雪崩,GRE
alabaster,'æləbæstɚ,,n.雪花石膏,GRE
gore,ɡɔr,,"n.血块, 淤血, (帆或裙上缝的)三角形布",GRE
consanguinity,",kɑnsæŋ'ɡwɪnəti",,"n.血亲, 血缘, 亲密关系",GRE
corpuscle,'kɔrpʌsl,,"n.血球, <物理>微粒",GRE
pedigree,'pɛdɪɡri,,"n.血统, 家谱",GRE
insignia,ɪn'sɪɡnɪə,,"n.勋章, 徽章",GRE
incense,'ɪnsɛns,,"n.熏香, 熏香的烟",GRE
quest,kwɛst,,n.寻求,GRE
nettle,'nɛtl,,n.荨麻,GRE
press,prɛs,,"n.压, 按, 印刷, 压力, 拥挤, 紧握, 新闻",GRE
ballast,'bæləst,,"n.压舱物, 沙囊",GRE
compressor,kəm'prɛsɚ,,"n.压缩物, 压缩机, [医]收缩肌",GRE
clampdown,'klæmpdaun,,"n.压制, 取缔",GRE
opiate,'opɪət,,n.鸦片剂,GRE
mute,mjut,,"n.哑巴, 哑音字母, [律]拒不答辩的被告, 弱音器",GRE
flax,flæks,,"n.亚麻, 麻布, 亚麻织品, 亚麻制的",GRE
gorge,ɡɔrdʒ,,"n.咽喉, 胃, 暴食, 山峡, 峡谷, 障碍物",GRE
beacon,'bikən,,"n.烟火, 灯塔",GRE
nicotine,'nɪkətɪn,,n.烟碱,GRE
retardant,rɪ'tɑrdənt,,n.延缓(作用)剂,GRE
moratorium,",mɔrə'tɔrɪəm",,"n.延期偿付, 延期偿付期间",GRE
elongation,"ɪ,lɔŋ'ɡeʃən",,n.延长,GRE
rigor,'rɪgɚ,,"n.严格, 严厉, 苛刻, 严密, 严酷, 精确",GRE
austerity,ɔ'stɛrəti,,"n.严峻, 严厉, 朴素, 节俭, 苦行",GRE
asperity,æ'spɛrəti,,"n.严酷, 粗暴, 刻薄",GRE
ordeal,ɔr'dil,,"n.严酷的考验, 痛苦的经验, 折磨",GRE
solemnity,sə'lɛmnəti,,"n.严肃, 一本正经",GRE
acrimony,ækrɪmoni,,"n.言谈举止上的刻毒, 讽刺, 毒辣",GRE
dryasdust,"'draɪəz,dʌst",,"n.研究枯燥乏味问题的学者, 无趣而好卖弄学问的演讲人或作家",GRE
brine,braɪn,,n.盐水,GRE
souse,saʊs,,"n.盐汁, 腌制的食品, 腌制食品用的盐水",GRE
razzle,'ræzl,,"n.眼花缭乱, 喧闹, 旋转木马",GRE
oculist,'ɑkjəlɪst,,n.眼科医生,GRE
discourse,'dɪskɔrs,,"n.演讲, 论述, 论文, 讲道, 谈话, 谈论",GRE
spiel,ʃpil,,"n.演说, 故事, 饶舌",GRE
oration,ɔ'reʃən,,"n.演说, 致辞, 叙述法[语]引语",GRE
histrionics,",histri'ɔniks",,"n.演戏, 表演",GRE
aversion,ə'vɝʒn,,"n.厌恶, 讨厌的事和人",GRE
misanthrope,'mɪsənθrop,,"n.厌恶人类的人, 不愿与人来往者",GRE
tedium,'tidɪəm,,"n.厌烦, 沉闷",GRE
honk,hɑŋk,,n.雁叫声,GRE
seedling,'sidlɪŋ,,"n.秧苗, 树苗",GRE
fleece,flis,,"n.羊毛(尤指未剪下的), 羊毛状之物, 绒头织物, 羊毛大衣呢",GRE
parchment,'pɑrtʃmənt,,"n.羊皮纸, 毕业文凭",GRE
flock,flɑk,,"n.羊群, (禽、畜等的)群, 大量, 众多",GRE
mutton,'mʌtn,,"n.羊肉, <谑>绵羊, <俚>女性生殖器, 性交",GRE
apiculture,'epɪkʌltʃɚ,,n.养蜂,GRE
apiary,'epɪɛri,,"n.养蜂场, 蜂房",GRE
pension,'pɛnʃən,,"n.养老金, 退休金",GRE
sampler,'sæmplɚ,,"n.样品检验员, 刺绣样品, 取样器",GRE
hobgoblin,'hɒbgɒblɪn,,"n.妖怪, 怪物",GRE
hearsay,'hɪrse,,"n.谣言, 传闻, 道听途说",GRE
canard,kə'nɑrd,,"n.谣言, 误传",GRE
gnawing,'nɔɪŋ,,"n.咬, 苛责, 不断的苦痛",GRE
salve,sæv,,n.药膏,GRE
ointment,'ɔɪntmənt,,"n.药膏, 油膏",GRE
pharmacology,fɑrməˈkɑlədʒɪ,,n.药理学,GRE
pharmaceutical,",fɑrmə'sutɪkl",,n.药物,GRE
gist,dʒɪst,,"n.要点, 要旨, 依据, [法律]诉讼主因",GRE
personage,'pɝsənɪdʒ,,"n.要人, 名流, 个人",GRE
truculence,"'trʌkjuləns, 'tru:-",,"n.野蛮, 粗野, 残酷, 好战, 致命性",GRE
venison,'vɛnəsn,,"n.野味, 鹿肉",GRE
haggard,'hæɡɚd,,n.野鹰,GRE
spelunker,spɪ'lʌŋkɚ,,n.业余性质的洞窟探勘者,GRE
dilettante,",dɪlə'tænti",,n.业余艺术爱好者,GRE
frond,frɑnd,,"n.叶, 植物体",GRE
nyctalopia,",nɪktə'lopɪə",,n.夜盲症,GRE
nocturne,'nɑktɝn,,"n.夜曲, 夜景",GRE
liquor,'lɪkɚ,,"n.液体, 汁，酒精饮料, [药]溶液",GRE
prig,prɪɡ,,n.一本正经的人,GRE
trice,traɪs,,n.一刹那,GRE
scantling,'skæntlɪŋ,,"n.一点点,少量",GRE
polygamy,pə'lɪɡəmi,,"n.一夫多妻, 一妻多夫",GRE
monogamy,mə'nɑɡəmi,,"n.一夫一妻制, [动]单配偶, 单配性",GRE
denture,ˈdɛntʃɚ,,"n.一副假牙, 一副牙齿",GRE
bout,baʊt,,"n.一回, 一场, 回合, 较量",GRE
tiff,tɪf,,"n.一口淡酒, 小争吵, 小口角, 酒",GRE
passel,'pæsəl,,"n.一批, 一群",GRE
peek,pik,,"n.一瞥, 匆忙看过",GRE
glimpse,ɡlɪmps,,"n.一瞥, 一看",GRE
polyandry,",pɑlɪ'ændri",,"n.一妻多夫, [植]多雄蕊",GRE
bevy,'bevi,,"n.一群鸟, 一群(少女或少妇), <俗>一堆东西, 一群人",GRE
whim,wɪm,,"n.一时的兴致, 幻想, 反复无常, 怪念头, 奇想",GRE
loaf,lof,,"n.一条面包, 块, 游荡",GRE
farrow,'færəʊ,,"n.一窝小猪, 猪的一胎, 下小猪",GRE
afflatus,ə'fletəs,,"n.一阵风, 灵感, 神的启示",GRE
twinge,twɪndʒ,,"n.一阵一阵痛, 如刺一样痛, 剧痛",GRE
sciolism,'saiəlizəm,,"n.一知半解, 肤浅的知识",GRE
accord,ə'kɔrd,,"n.一致, 符合, 调和, 协定",GRE
congruity,kɔŋ'ɡru:iti,,"n.一致, 适合, 调和",GRE
coincidence,ko'ɪnsɪdəns,,"n.一致, 相合, 同时发生或同时存在(尤指偶然)的事",GRE
stiletto,stɪ'lɛto,,"n.一种小剑, 打孔, 钻孔锥",GRE
garment,'gɑrmənt,,"n.衣服, 外衣, 外表",GRE
vesture,'vɛstʃɚ,,"n.衣服, 罩袍, 覆盖",GRE
apparel,ə'pærəl,,"n.衣服, 装饰",GRE
wardrobe,'wɔr'drob,,"n.衣柜, 衣厨, 衣室, 衣服, 行头, 剧装",GRE
compliance,kəm'plaɪəns,,"n.依从, 顺从",GRE
rite,raɪt,,"n.仪式, 典礼, 习俗, 惯例, 礼拜式, 教派",GRE
amenity,ə'mɛnəti,,"n.宜人, 礼仪",GRE
insulin,'ɪnsəlɪn,,n.胰岛素,GRE
empathy,'ɛmpəθi,,"n.移情作用, [心]神入",GRE
heritage,'hɛrɪtɪdʒ,,"n.遗产, 继承权, 传统",GRE
bequest,bi'kwest,,"n.遗产, 遗赠",GRE
genetics,dʒə'nɛtɪks,,n.遗传学,GRE
oblivion,"ə'bliviən, ɔ-",,"n.遗忘, 湮没, 赦免",GRE
relic,'rɛlɪk,,"n.遗物, 遗迹, 废墟, 纪念物",GRE
legacy,'lɛgəsi,,"n.遗赠(物), 遗产(祖先传下来)",GRE
testament,'tɛstəmənt,,n.遗嘱,GRE
qualm,kwɑm,,n.疑虑,GRE
libel,'laɪbl,,"n.以文字损害名誉, 诽谤罪, 侮辱",GRE
obligation,",ɑblɪ'ɡeʃən",,"n.义务, 职责, 债务",GRE
maestro,'maɪstro,,"n.艺术大师, 名作曲家",GRE
virtuosity,",vɝtʃu'ɑsəti",,n.艺术鉴别力,GRE
virtuoso,",vɝtʃu'oso",,n.艺术品鉴赏家,GRE
agenda,ə'dʒɛndə,,n.议程,GRE
hustings,'hʌstɪŋz,,"n.议员竞选演说坛, 选举程序",GRE
heresy,'hɛrəsi,,"n.异端, 异教",GRE
paganism,"'pegən,ɪzəm",,"n.异教, 异教信仰, 不信教",GRE
pagan,'pegən,,n.异教徒,GRE
heretic,'hɛrətɪk,,"n.异教徒, 异端者",GRE
objection,əb'dʒɛkʃən,,"n.异议, 缺陷, 妨碍, 拒绝之理由",GRE
exogamy,ɛk'sɑɡəmi,,n.异族结婚,GRE
dumps,dʌmps,,n.抑郁,GRE
restraint,rɪ'strent,,"n.抑制, 制止, 克制",GRE
predisposition,'pridɪspə'zɪʃən,,n.易患病的体质,GRE
gudgeon,'gʌdʒ(ə)n,,n.易骗的人,GRE
tinder,'tɪndɚ,,"n.易燃物, 火绒",GRE
dupe,dju:p,,"n.易受骗的人, 易受愚弄的人",GRE
credulity,krɪ'duləti,,"n.易信, 轻信",GRE
anecdote,'ænɪkdot,,"n.轶事, 奇闻",GRE
ideology,",aidi'ɔlədʒi, ,idi-",,n.意识形态,GRE
relish,'rɛlɪʃ,,n.意味,GRE
imago,ɪ'mego,,"n.意象, 成虫",GRE
volition,vəˈlɪʃən,,n.意志,GRE
stamina,stæmənə,,"n.毅力, 持久力, 精力",GRE
figment,'fɪɡmənt,,"n.臆造的事物, 虚构的事",GRE
obscurity,əb'skjʊrəti,,"n.阴暗, 朦胧, 偏僻, 含糊, 隐匿, 晦涩, 身份低微",GRE
gloom,ɡlum,,"n.阴暗, 阴沉",GRE
cathode,'kæθod,,n.阴极,GRE
inferno,in'fə:nəu,,"n.阴间, 地狱",GRE
intrigue,'ɪn'triɡ,,"n.阴谋, 诡计",GRE
saturnine,'sætə(:)nain,,n.阴郁,GRE
shade,ʃed,,"n.荫, 阴暗, 荫凉处, 图案阴影, 黑暗, 颜色深浅, 遮光物, 帘",GRE
discography,dɪs'kɑɡrəfi,,"n.音乐唱片分类目录, 音乐唱片分类学(法),录音作品目录",GRE
tonality,to'næləti,,"n.音调, 色调",GRE
bard,bɑrd,,n.吟游诗人,GRE
minstrel,'mɪnstrəl,,n.吟游诗人(或歌手),GRE
daguerreotype,də'ɡɛrətaɪp,,n.银板照相法,GRE
leer,lɪr,,"n.淫荡的目光, 恶意的目光",GRE
elicitation,"ɪ,lɪsə'teʃən",,"n.引出, 诱出, 抽出, 启发",GRE
usher,'ʌʃɚ,,"n.引座员, 招待员, 传达员, 前驱",GRE
potation,pəu'teiʃən,,n.饮料,GRE
beverage,'bɛvərɪdʒ,,n.饮料,GRE
nook,nʊk,,n.隐蔽处,GRE
cache,kæʃ,,"n.隐藏处所, 隐藏的粮食或物资, 贮藏物",GRE
subreption,",sʌb'rɛpʃən",,"n.隐匿真相, 歪曲事实",GRE
hermit,'hɝmɪt,,"n.隐士, 隐居者",GRE
anchorite,'æŋkəraɪt,,"n.隐者, 隐士",GRE
caste,kæst,,"n.印度的世袭阶级, (排他的)社会团体, 职业等级, (具有严格等级的)社会地位, 社会等级制度",GRE
pundit,'pʌndɪt,,"n.印度学者, 梵文学家, 博学者",GRE
valour,'vælə,,"n.英勇, 勇猛",GRE
hawk,hɔk,,"n.鹰, 掠夺他人的人, 鹰派成员",GRE
firefly,'faɪr'flai,,n.萤火虫,GRE
malnutrition,'mælnʊ'trɪʃən,,"n.营养失调, 营养不良",GRE
dietetics,daɪə'tetɪks,,n.营养学,GRE
knurl,nɝl,,n.硬节,GRE
congestion,kən'dʒɛstʃən,,"n.拥塞, 充血",GRE
perpetuity,",pɝpə'tuəti",,n.永恒,GRE
aeon,'iən,,"n.永世, 万古",GRE
gallantry,'ɡæləntri,,n.勇敢,GRE
pluck,plʌk,,n.勇气,GRE
mettle,'mɛtl,,n.勇气,GRE
cerebration,",seri'breiʃən",,"n.用脑,思考",GRE
nudge,nʌdʒ,,"n.用肘轻推, 轻推为引起注意",GRE
concinnity,kən'sɪnəti,,"n.优美, 雅致",GRE
preponderance,prɪ'pɑndərəns,,"n.优势, 占优势",GRE
ascendancy,ə'sɛndənsi,,"n.优势, 支配(或统治)地位",GRE
preemption,",primpʃən",,"n.优先购买(权), 强制收购(权), 抢先占有, 取代",GRE
disquiet,dɪs'kwaɪət,,"n.忧虑, 不安",GRE
melancholy,'mɛlənkɑli,,n.忧郁,GRE
doldrums,'doldrəmz,,"n.忧郁, 赤道无风带",GRE
hypochondria,'haɪpə'kɑndrɪə,,"n.忧郁症, 臆想病",GRE
hypochondriac,",haɪpə'kɑndrɪæk",,n.忧郁症患者,GRE
specter,'spɛktɚ,,"n.幽灵, 妖怪, 缭绕心头的恐惧（或忧虑等）",GRE
humour,'hju:mə,,"n.幽默, 诙谐",GRE
harangue,hə'ræŋ,,"n.尤指指责性的, 长篇大论, 夸张的话",GRE
linoleum,lɪ'nolɪəm,,"n.油布, 油毯",GRE
unguent,'ʌŋgwənt,,n.油膏,GRE
stodge,stɑdʒ,,"n.油腻的食物, 贪吃的人",GRE
bum,bʌm,,"n.游荡者, 游民, 闹饮",GRE
partisan,'pɑrtəzn,,n.游击队,GRE
peregrination,",periɡri'neiʃən",,"n.游历, 旅行",GRE
horde,hɔrd,,n.游牧部落,GRE
nomad,'nomæd,,"n.游牧部落的人, 流浪者, 游牧民",GRE
yacht,jɑt,,"n.游艇, 快艇, 轻舟",GRE
affection,ə'fɛkʃən,,"n.友爱, 爱情, 影响, 疾病, 倾向",GRE
aspirant,ə'spaɪərənt,,"n.有抱负者, 有野心者",GRE
spinosity,spaɪ'nɒsətɪ,,"n.有刺, 难题, 尖刻的话",GRE
marsupial,mɑr'supɪəl,,n.有袋动物,GRE
pyxis,'pɪksɪs,,"n.有盖瓶, 小瓶",GRE
pest,pɛst,,n.有害物,GRE
crayon,ˈkreɪən; ˈkreɪˌɑn,,"n.有色粉笔, 蜡笔, 粉笔画",GRE
theism,'θiːɪz(ə)m,,"n.有神论, (基督教的)一神论, [医]茶中毒",GRE
conducive,kən'dusɪv,,n.有益于,GRE
serendipity,",sɛrən'dɪpəti",,n.有意外发现珍宝的运气,GRE
larva,'lɑrvə,,n.幼虫,GRE
cub,kʌb,,"n.幼兽, 不懂规矩的年轻人",GRE
plumule,'plʊmjʊl,,"n.幼芽, 棉毛",GRE
scion,'saɪən,,"n.幼芽, 子孙",GRE
puerility,",pjuə'riləti",,"n.幼稚, 孩子气, 天真, 未成熟",GRE
inducement,ɪn'dusmənt,,"n.诱导, 诱因, 动机, 刺激物",GRE
enticement,ɪn'taɪsmənt,,"n.诱惑, 怂恿, 引诱",GRE
temptation,tɛmp'teʃən,,"n.诱惑, 诱惑物",GRE
allurement,ə'lʊrmənt,,n.诱惑物，魅力,GRE
crimp,krɪmp,,"n.诱迫他人当兵之人, 兵贩子, 卷曲, 卷发",GRE
periphrasis,pə'rɪfrəsɪs,,n.迂回说法,GRE
silt,sɪlt,,"n.淤泥, 残渣, 煤粉, 泥沙",GRE
barb,bɑrb,,"n.鱼钩, 鱼叉的倒钩, 巴巴里鸽(一种类似信鸽的鸽子)",GRE
fishery,'fɪʃəri,,"n.渔业, 水产业, 渔场, 养鱼术",GRE
delectation,",dilɛk'teʃən",,"n.愉快, 款待",GRE
infatuation,"ɪn,fætʃu'eʃən",,"n.愚蠢, 糊涂, 醉心",GRE
fatuity,fə'tju(:)iti,,"n.愚昧, 昏庸, 愚蠢的言行",GRE
quill,kwɪl,,"n.羽茎, 大翎毛, （豪猪、刺猬的）刚毛",GRE
plume,plum,,n.羽毛,GRE
fledgling,'flɛdʒlɪŋ,,"n.羽毛初长的雏鸟, 刚会飞的幼鸟, 无经验的人, 初出茅庐的人",GRE
panache,pə'næʃ,,"n.羽饰, 华丽",GRE
poncho,'pɑntʃo,,n.雨布,GRE
ombrometer,,,"n.雨量计, 雨计",GRE
solecism,'sɑlɪsɪzəm,,"n.语法错误, 谬误, 失礼",GRE
linguistics,lɪŋ'ɡwɪstɪks,,n.语言学,GRE
philology,fɪ'lɑlədʒi,,"n.语言学, 文献学",GRE
etymology,",ɛtɪ'mɑlədʒi",,"n.语源, 语源学",GRE
tub,tʌb,,n.浴盆,GRE
foreboding,fɔr'bodɪŋ,,"n.预感, 先兆, 预兆",GRE
foretaste,'fɔːteɪst,,n.预示,GRE
presupposition,'prisʌpə'zɪʃən,,"n.预想, 假设",GRE
preconception,",prikən'sɛpʃən",,"n.预想, 偏见",GRE
presage,'prɛsɪdʒ,,n.预兆,GRE
omen,'omən,,"n.预兆, 征兆",GRE
precognition,",prikɑɡ'nɪʃən",,n.预知,GRE
orexis,o'rɛksɪs,,"n.欲望, [医]食欲",GRE
parable,'pærəbl,,"n.寓言, 比喻",GRE
horticulture,'hɔrtɪ'kʌltʃɚ,,n.园艺,GRE
prototype,'protə'taɪp,,n.原型,GRE
archetype,'ɑrkə'taɪp,,n.原型,GRE
conceit,kən'sit,,"n.原义：想法, 意见, 自负, 幻想, 狂妄",GRE
tenet,'tɛnɪt,,n.原则,GRE
igloo,'ɪglʊ,,n.圆顶建筑,GRE
hummock,'hʌmək,,"n.圆丘, 小丘, 山岗, 冰群（冰原上的）, <美>沼泽中的肥沃高地",GRE
dome,dom,,n.圆屋顶,GRE
lobe,lob,,"n.圆形突出部（尤指耳垂）, [植]圆裂片",GRE
hunch,hʌntʃ,,"n.圆形之隆起物, 肉峰, 预感, 大块",GRE
gouge,ɡaʊdʒ,,"n.圆凿, 沟, 以圆凿刨",GRE
cornet,'kɔrnɪt,,"n.圆锥形纸袋, 短号",GRE
simian,'sɪmɪən,,n.猿,GRE
apogee,'æpədʒi,,n.远地点,GRE
expedition,",ɛkspə'dɪʃən",,"n.远征, 探险队, 迅速, 派遣",GRE
jaunt,dʒɔ:nt,,"n.远足, 短途旅游",GRE
excursion,ɪk'skɝʒn,,"n.远足, 游览, 短程旅行, 远足队, 离题, [物]偏移, 漂移",GRE
resentment,rɪ'zɛntmənt,,"n.怨恨, 愤恨",GRE
stipulation,",stɪpjə'leʃən",,"n.约定, 约束, 契约",GRE
melody,'mɛlədi,,n.悦耳的音调,GRE
euphony,'jʊfəni,,n.悦耳之音,GRE
lark,lɑrk,,"n.云雀, 百灵鸟, 灰黄色, 诗人, 嬉戏, 玩乐",GRE
spruce,sprʊs,,n.云杉,GRE
athletics,æθ'lɛtɪks,,n.运动,GRE
movement,'muvmənt,,"n.运动, 动作, 运转, 乐章",GRE
locomotion,",lokə'moʃən",,"n.运动, 移动, 运动力, 移动力",GRE
sport,spɔrt,,"n.运动,运动会",GRE
verse,vɝs,,"n.韵文, 诗, 诗节, 诗句, 诗篇",GRE
imbroglio,ɪm'brolɪo,,"n.杂乱的一团, 纠葛, 纷扰, 误解",GRE
miscellany,'mɪsəleni,,"n.杂物, (miscellanies)杂录, 杂记",GRE
cur,kɝ,,"n.杂种, 坏种, 恶狗, 卑贱的人, 胆怯的家伙",GRE
hybrid,'haɪbrɪd,,"n.杂种, 混血儿, 混合物",GRE
mishap,'mɪshæp,,n.灾祸,GRE
calamity,kə'læməti,,"n.灾难, 不幸事件",GRE
cataclysm,'kætəklɪzəm,,"n.灾难, 大洪水, 地震, (社会政治的)大变动",GRE
disaster,dɪ'zæstɚ,,"n.灾难, 天灾, 灾祸",GRE
manifest,'mænɪfɛst,,"n.载货单, 旅客名单",GRE
immolation,",iməu'leiʃən",,"n.宰杀, 祭物",GRE
digamy,'dɪɡəmɪ,,n.再婚,GRE
reincarnation,",riɪnkɑr'neʃən",,"n.再投胎, 化身, 再生",GRE
fresco,'frɛsko,,"n.在灰泥的墙壁上作的水彩画, 壁画",GRE
respite,'rɛspɪt,,n.暂缓,GRE
abeyance,ə'beəns,,"n.暂时无效, 中止, 归属待定",GRE
assent,ə'sɛnt,,n.赞成,GRE
eulogy,'jʊlədʒi,,"n.赞词, 颂词, 歌功颂德的话",GRE
encomium,ɛn'komɪəm,,"n.赞辞, 赞美, 称赞",GRE
laud,lɔd,,"n.赞美, 称赞, 颂歌",GRE
accolade,'ækəled,,"n.赞美, 骑士爵位的授予, 连谱号",GRE
hymn,hɪm,,"n.赞美诗, 圣歌",GRE
motet,mo'tɛt,,"n.赞美诗, 圣歌, 赞歌",GRE
obsequies,'ɑbsəkwɪz,,n.葬礼,GRE
wreckage,'rɛkɪdʒ,,n.遭难,GRE
shipwright,"'ʃɪp,raɪt",,"n.造船工人, 造船木匠",GRE
reprehend,",repri'hend",,n.责备,GRE
stricture,'strɪktʃɚ,,n.责难,GRE
onus,'onəs,,"n.责任, 负担",GRE
liability,'laɪə'bɪləti,,"n.责任, 义务, 倾向, 债务, 负债, 与assets相对",GRE
incumbency,ɪn'kʌmb(ə)nsɪ,,"n.责任, 义务, 任职, 压",GRE
augmentation,",ɔgmɛn'teʃən",,n.增加,GRE
increment,'ɪŋkrəmənt,,"n.增加, 增量",GRE
enhancement,in'hænsmənt,,"n.增进, 增加",GRE
accretion,ə'kriʃən,,n.增长,GRE
odium,'odɪəm,,"n.憎恶, 讨厌",GRE
gratuity,ɡrə'tuəti,,"n.赠物, 贺仪, 赏钱",GRE
chirp,tʃɝp,,"n.喳喳声, 唧唧声",GRE
dregs,drɛɡz,,"n.渣滓,糟粕",GRE
brake,brek,,"n.闸, 刹车",GRE
fencing,'fɛnsɪŋ,,"n.栅栏, 篱笆, 围墙, 剑术, 辩论, 买卖",GRE
stockade,stɑ'ked,,"n.栅栏, 围起处",GRE
dynamite,'daɪnə'maɪt,,"n.炸药, <俚> 能产生不凡效果的人或物",GRE
epitome,ɪ'pɪtəmi,,n.摘要,GRE
resume,rɪˈzjuːm; ˈrɛzjʊmeɪ,,"n.摘要, 概略, <美> 履历",GRE
abstract,'æbstrækt,,"n.摘要, 概要, 抽象",GRE
viscosity,vɪs'kɑsəti,,"n.粘质, 粘性",GRE
showpiece,'ʃopis,,"n.展出品, 样品",GRE
diviner,di'vainə,,"n.占卜者, 占卦的人",GRE
astrology,ə'strɑlədʒi,,"n.占星术, 占星学(以观测天象来预卜人间事务的一种方术)",GRE
augury,'ɔɡjʊri,,"n.占兆, 占卜, 预言",GRE
trophy,trofɪ,,"n.战利品, 奖品",GRE
stratagem,'strætədʒəm,,"n.战略, 计谋",GRE
warfare,'wɔrfɛr,,"n.战争, 作战, 冲突, 竞争",GRE
scythe,saɪð,,"n.长柄镰刀, 镰(古兵器)",GRE
forte,'fɔrte,,n.长处,GRE
fathom,'fæðəm,,n.长度单位(6英尺),GRE
magistracy,'mædʒɪstrəsi,,"n.长官的职位, 地方行政长官",GRE
plush,plʌʃ,,n.长毛绒,GRE
longevity,lɔn'dʒɛvəti,,"n.长命, 寿命，供职期限，资历",GRE
robe,rob,,"n.长袍, 罩衣, 礼服, 制服",GRE
tirade,'taɪred,,n.长篇激烈的演说,GRE
sliver,'slɪvɚ,,n.长条,GRE
tusk,tʌsk,,"n.长牙, 獠牙, 尖牙",GRE
flux,flʌks,,"n.涨潮, 变迁, [物]流量, 通量",GRE
inflation,ɪn'fleʃən,,"n.胀大, 夸张, 通货膨胀, (物价)暴涨",GRE
obstacle,'ɑbstəkl,,"n.障碍, 妨害物",GRE
balk,bɔk,,"n.障碍, 梁木",GRE
salutation,'sæljʊ'teʃən,,n.招呼,GRE
flaunt,flɔnt,,"n.招展, 招摇, 炫耀, 飘扬",GRE
talon,'tælən,,"n.爪, 魔爪",GRE
moor,mɔː; mʊə,,"n.沼地, 荒野",GRE
morass,mə'ræs,,n.沼泽,GRE
quagmire,"'kwæɡmaiə, 'kwɔ-",,"n.沼泽, 湿地",GRE
meager,'migɚ,,n.兆,GRE
illumination,ɪ'lʊmə'neʃən,,"n.照明, 阐明, 启发, 灯彩(通常用复数)",GRE
awning,'ɔnɪŋ,,"n.遮阳篷, 雨篷",GRE
fold,fold,,"n.折, 羊栏, 折痕, 信徒",GRE
crease,kris,,"n.折缝, 折痕",GRE
harassment,hə'ræsmənt,,n.折磨,GRE
torture,'tɔrtʃɚ,,"n.折磨, 痛苦, 拷问, 拷打",GRE
eclecticism,ɪˈklektɪsɪzəm,,"n.折衷主义, 折衷主义的运动",GRE
pleat,plit,,"n.褶, 褶状物",GRE
needle,'nidl,,n.针,GRE
reconnaissance,rɪ'kɑnɪsns,,"n.侦察, 搜索, 勘测",GRE
truism,'tru:izəm,,n.真实性,GRE
gust,ɡʌst,,"n.阵风, 一阵狂风, (雨、冰雹、烟、火、声音等的)突然一阵，（感情的）迸发，汹涌",GRE
vibrancy,'vaɪbrənsi,,"n.振动, 振动性, 活跃, 响亮",GRE
tremor,'trɛmɚ,,"n.震动, 颤动",GRE
quiver,'kwɪvɚ,,"n.震动, 颤抖, 箭袋, 箭袋中的箭",GRE
jar,dʒɑr,,"n.震动, 刺耳声, 震惊, 争吵, 罐, 广口瓶",GRE
convulsion,kən'vʌlʃən,,"n.震撼, 动乱, 震动, 惊厥, 痉挛",GRE
equanimity,",ɛkwə'nɪməti",,n.镇定,GRE
composure,kəm'pəuʒə,,"n.镇静, 沉着",GRE
contention,kən'tɛnʃən,,"n.争夺, 争论, 争辩, 论点",GRE
altercation,",ɔltɚ'keʃən",,"n.争论, 口角",GRE
disputant,'dɪspjʊtnt,,n.争论者,GRE
subjection,səb'dʒəkʃən,,n.征服,GRE
enlistment,in'listmənt,,"n.征募, 服役期间",GRE
levy,'lɛvi,,"n.征收, 征税, 征兵",GRE
portent,'pɔrtɛnt,,n.征兆,GRE
distillation,",dɪstl'eʃən",,"n.蒸馏, 蒸馏法, 蒸馏物, 精华, 精髓",GRE
salvation,sæl'veʃən,,"n.拯救, 救助",GRE
ambivalence,æm'bɪvələns,,n.正反感情并存,GRE
facade,fə'sɑd,,n.正面,GRE
grandstand,'ɡrænstænd,,n.正面看台,GRE
requisition,'rɛkwə'zɪʃən,,"n.正式请求, 申请, 需要, 命令, 征用, 通知单",GRE
text,tɛkst,,"n.正文, 原文, 课文, 课本",GRE
probity,'probəti,,n.正直,GRE
integrity,ɪn'tɛɡrəti,,"n.正直, 诚实, 完整, 完全, 完整性",GRE
rectitude,'rɛktɪtʊd,,"n.正直, 公正, 清廉, 笔直",GRE
testimony,'tɛstə'moni,,"n.证词(尤指在法庭所作的), 宣言, 陈述",GRE
testimonial,",tɛstɪ'monɪəl",,"n.证明书, 推荐书",GRE
regime,re'ʒim,,"n.政体, 政权, 政权制度",GRE
bracing,'bresɪŋ,,"n.支撑, 支柱,裤吊带",GRE
prop,prɑp,,"n.支持者, 倚靠人, 道具, 螺旋桨",GRE
expenditure,ɪk'spɛndɪtʃɚ,,"n.支出, 花费",GRE
disbursement,dɪs'bɝsmənt,,"n.支付, 支出",GRE
brace,bres,,"n.支柱, 带子, 振作精神",GRE
picket,'pɪkɪt,,"n.支柱, 警戒哨",GRE
acronym,'ækrənɪm,,n.只取首字母的缩写词,GRE
limb,lɪm,,"n.肢, 翼, 分支",GRE
loom,lum,,"n.织布机, 织机",GRE
tapestry,'tæpəstri,,"n.织锦, 挂毯",GRE
fabric,'fæbrɪk,,"n.织品, 织物, 布, 结构, 建筑物, 构造",GRE
licence,'laɪsəns,,"n.执照, 许可证, 特许",GRE
hypotenuse,haɪ'pɑtənus,,n.直角三角形之斜边,GRE
immediacy,ɪ'midɪəsi,,n.直接,GRE
functionary,'fʌŋkʃənɛri,,"n.职员, 官员, 负责人员",GRE
botany,'bɑtəni,,n.植物学,GRE
anodyne,'ænədaɪn,,"n.止痛剂, 镇痛剂",GRE
tourniquet,'tɝnəkət,,"n.止血带, 压脉器",GRE
prescription,prɪ'skrɪpʃən,,"n.指示, 规定, 命令, 处方, 药方",GRE
designation,",dɛzɪɡ'neʃən",,"n.指示, 指定, 选派, 名称",GRE
pointer,'pɔɪntɚ,,n.指示器,GRE
rebuke,rɪ'bjʊk,,"n.指责, 谴责, 非难",GRE
beatitude,bɪ'ætɪtud,,"n.至福, 祝福",GRE
tanner,'tænɚ,,"n.制革工人, 六便士",GRE
moulder,'moldɚ,,"n.制模工, 铸工",GRE
ceramics,sə'ræmɪks,,"n.制陶术, 制陶业",GRE
query,'kwɪri,,"n.质问, 询问, 怀疑, 疑问",GRE
therapy,'θɛrəpi,,n.治疗,GRE
asphyxia,æs'fɪksɪə,,"n.窒息, 昏厥",GRE
relevance,'rɛləvəns,,"n.中肯, 适当",GRE
neutral,'nʊtrəl,,"n.中立者, 中立国, 非彩色, 齿轮的空档",GRE
nave,nev,,"n.中央广场, 车轮的中心部",GRE
fidelity,fɪ'dɛləti,,"n.忠实, 诚实, 忠诚, 保真度, (收音机, 录音设备等的)逼真度, 保真度, 重现精度",GRE
henchman,'hɛntʃmən,,"n.忠实的追随者, 党羽, 跟随者",GRE
allegiance,ə'lidʒəns,,"n.忠贞, 效忠",GRE
terminus,'tɝmɪnəs,,"n.终点, [建]界标, 终点站",GRE
pendulum,'pɛndʒələm,,"n.钟摆, 摇锤",GRE
horology,hə'rɑlədʒi,,n.钟表学,GRE
category,'kætəɡɔri,,"n.种类, 别, [逻]范畴",GRE
umpire,'ʌmpaɪɚ,,"n.仲裁人, 裁判员",GRE
arbitrator,'ɑrbə'tretɚ,,"n.仲裁人, 公断者",GRE
referee,",rɛfə'ri",,"n.仲裁人, 调解人, [体]裁判员",GRE
arbiter,'ɑrbɪtɚ,,"n.仲裁者, 判优器",GRE
intermediary,",ɪntɚ'midɪɛri",,"n.仲裁者, 调解者, 中间物",GRE
grueling,'ɡruəliŋ,,"n.重罚, 严惩",GRE
refrain,rɪ'fren,,"n.重复, 叠句, [乐]副歌",GRE
felon,'fɛlən,,"n.重罪人, 蛇头, 瘭疽",GRE
milieu,mi'ljɜː,,"n.周围, 环境",GRE
axis,'æksɪs,,n.轴,GRE
shaft,ʃæft,,"n.轴, 杆状物",GRE
malediction,",mæli'dikʃən",,"n.咒, 坏话",GRE
abracadabra,",æbrəkə'dæbrə",,"n.咒语, 胡言乱语",GRE
wrinkle,'rɪŋkl,,n.皱纹,GRE
crinkle,'krɪŋkl,,n.皱纹,GRE
midget,'mɪdʒɪt,,n.侏儒,GRE
manikin,'mænɪkɪn,,"n.侏儒, 人体模型, 时装模特",GRE
vassal,'væsl,,"n.诸侯, 封臣, 附庸, 诸侯",GRE
swine,swaɪn,,"n.猪, 卑贱的人",GRE
pigsty,'pɪɡstaɪ,,"n.猪舍, 脏房子",GRE
lard,lɑrd,,n.猪油,GRE
expulsion,ɪk'spʌlʃən,,"n.逐出, 开除",GRE
convalescence,",kɑnvə'lɛsns",,n.逐渐康复,GRE
candela,kæn'dɛlə,,n.烛光,GRE
compere,'kɔmpɛə,,"n.主持人, 指挥者",GRE
initiative,ɪ'nɪʃətɪv,,n.主动,GRE
host,host,,"n.主人, 旅馆招待 许多",GRE
motif,mo'tif,,"n.主题, 主旨, 动机, 图形",GRE
jingoism,'dʒɪŋɡoɪzəm,,"n.主战论, 武力外交政策,沙文主义,侵略主义",GRE
protest,ˈproʊtest,,"n.主张, 断言, 抗议",GRE
allegation,'ælə'geʃən,,"n.主张，断言, 辩解",GRE
purport,'pɝpɔt,,n.主旨,GRE
skillet,'skɪlɪt,,"n.煮锅, 长柄浅锅",GRE
abode,ə'bod,,"n.住所, 住处",GRE
repository,rɪ'pɑzə'tɔri,,"n.贮藏室, 智囊团, 知识库, 仓库",GRE
annotation,ˌænəˈteʃən,,"n.注解, 评注注解,注释",GRE
syringe,sɪ'rɪndʒ,,"n.注射器, 注油器, 洗涤器",GRE
contemplation,",kɑntəm'pleʃən",,"n.注视, 沉思, 预期, 企图, 打算",GRE
exegesis,'ɛksə'dʒisɪs,,"n.注释, 解释",GRE
heed,hid,,"n.注意, 留意",GRE
plinth,plɪnθ,,"n.柱基, 方形底座",GRE
benediction,'bɛnə'dɪkʃən,,n.祝福,GRE
founder,'faʊndɚ,,"n.铸工, 翻沙工, 创始人, 奠基人",GRE
savant,sæ'vɑnt,,n.专家,GRE
expertise,'ɛkspɝ'tiz,,"n.专家的意见, 专门技术",GRE
technocrat,'teknəukræt,,"n.专家政治论者, 技术统治论者",GRE
patent,'pætnt,,"n.专利权, 执照, 专利品",GRE
monograph,'mɑnəɡræf,,n.专论,GRE
disquisition,",dɪskwɪ'zɪʃən",,n.专题论文,GRE
despotism,'dɛspətɪzəm,,n.专制,GRE
adobe,'ədobɪ,,"n.砖坯, 土砖美国Adobe公司, 是著名的图形图像和排版软件的生产商",GRE
transition,træn'zɪʃən,,"n.转变, 转换, 跃迁, 过渡, 变调",GRE
climacteric,",klaɪmæk'tɛrɪk",,"n.转变期, [医]更年期,绝经期,[植]呼吸峰",GRE
yokel,'jəukəl,,"n.庄稼汉, 乡下人",GRE
grandeur,'ɡrændʒɚ,,"n.庄严, 伟大",GRE
prude,prud,,"n.装成规矩的女人, (尤指在性问题上)故做正经的女人",GRE
prudery,'prudəri,,"n.装规矩, 假正经的行为",GRE
poseur,po'zɝ,,"n.装模作样的人, 装腔作势的人",GRE
poser,'pozɚ,,"n.装腔作势者, 难题",GRE
adornment,ə'dɔ:nmənt,,"n.装饰, 装饰品",GRE
figurehead,'fɪgjɚ'hɛd,,"n.装饰船头的雕像, 破浪神, 有名无实的领袖",GRE
costume,'kɑstum,,"n.装束, 服装",GRE
plaque,plæk,,n.装在墙上作装饰或纪念用的薄金属板或瓷片,GRE
pomp,pɑmp,,"n.壮丽, 盛况, 夸耀",GRE
estate,ɪ'stet,,"n.状态, 不动产, 时期, 阶层, 财产",GRE
chase,tʃeɪs,,"n.追赶, 追击",GRE
epigone,'epɪgəʊn,,"n.追随者, 模仿者",GRE
trailer,'trelɚ,,"n.追踪者, 拖车",GRE
taper,'tepɚ,,"n.锥形, 锥度",GRE
awl,ɔl,,"n.锥子, 尖钻",GRE
table,'tebl,,"n.桌子, 餐桌, 工作台, 平地层, 石板, 表格",GRE
auxin,'ɔksɪn,,"n.茁长素, 植物激素",GRE
transcendence,træn'sendəns,,"n.卓越, 出类拔萃",GRE
lulu,'lu:lu:,,"n.卓越的人, 俊秀",GRE
pose,poz,,"n.姿势, 姿态",GRE
stance,stæns,,n.姿态,GRE
asset,'æsɛt,,"n.资产, 有用的东西",GRE
savor,'sevɚ,,"n.滋味, 气味, 食欲, 特定的味道或气味, 一种有特色的性质",GRE
germen,ˈdʒɜːmən,,"n.子房, 生殖腺",GRE
clause,klɔz,,"n.子句, 条款",GRE
posterity,pɑ'stɛrəti,,"n.子孙, 后裔",GRE
descendant,dɪ'sɛndənt,,"n.子孙, 后裔, 后代",GRE
automatism,ɔ'tɑmətɪzəm,,"n.自动化, 自动作用, 自动力",GRE
spontaneity,",spɑntə'neəti",,n.自发性,GRE
yeoman,'jomən,,"n.自耕农, 仆人",GRE
narcissism,'nɑrsɪ'sɪzəm,,"n.自我陶醉, 自恋",GRE
exhibitionism,",ɛksɪ'bɪʃənɪzəm",,"n.自我宣传癖, 喜出风头癖, 裸露癖",GRE
soliloquy,sə'lɪləkwi,,"n.自言自语, 独白",GRE
continence,'kɑntɪnəns,,"n.自制, 克制, 节欲(尤指禁欲)",GRE
forbearance,fɔr'bɛrəns,,"n.自制, 忍耐, [律]债务偿还期的延展",GRE
autonomy,ɔ'tɑnəmi,,n.自治,GRE
borough,'bɝro,,"n.自治的市镇, 区",GRE
n,ɛn,,n.字母n,GRE
oratorio,",ɔrə'tɔrɪo",,n.宗教剧,GRE
sect,sɛkt,,"n.宗派, 教派, 教士会, 流派, 部分, 段",GRE
schooner,'skunɚ,,"n.纵帆船, 大酒杯",GRE
arson,'ɑrsn,,"n.纵火, 纵火罪",GRE
arsonist,'ɑrsənɪst,,n.纵火犯人,GRE
smuggle,'smʌgl,,"n.走私, 偷带",GRE
lease,lis,,"n.租借, 租约, 租赁物, 租期, 延续的一段时间",GRE
vendetta,vɛn'dɛtə,,"n.族间仇杀, 深仇",GRE
malison,'mælizən,,"n.诅咒, 咒骂",GRE
anathema,ə'næθəmə,,"n.诅咒, 咒逐, [宗]革出教门, 被咒逐的人(物)",GRE
encumbrance,ɪn'kʌmbrəns,,"n.阻碍, 累赘, 妨害物",GRE
blockade,blɑ'ked,,n.阻塞,GRE
obstruction,"əb'strʌkʃən, ɔb-",,"n.阻塞, 妨碍, 障碍物",GRE
compages,kəm'peidʒi:z,,"n.组合, 构造",GRE
progenitor,pro'dʒɛnɪtɚ,,"n.祖先, 起源",GRE
nib,nɪb,,"n.嘴, 鹅管笔的尖端, 钢笔尖",GRE
empyrean,",empaɪ'riːən; -pɪ-; em'pɪrɪən",,"n.最高天, 苍天, 九天",GRE
optimum,'ɑptəməm,,n.最适宜,GRE
guilt,ɡɪlt,,"n.罪行, 内疚",GRE
respecter,rɪ'spɛktɚ,,"n.尊敬的人, 熟虑的人",GRE
apotheosis,"ə,pɑθɪ'osɪs",,"n.尊为神, 神化, 颂扬, 崇拜, 典范",GRE
observance,əb'zɝvəns,,"n.遵守, 惯例, 仪式, 庆祝",GRE
burlesque,bɝ'lɛsk,,"n.作戏, 滑稽表演",GRE
motto,'mɑto,,"n.座右铭, 格言, 题词, 笺言",GRE
drudge,drʌdʒ,,n.做苦工的人,GRE
brunt,brʌnt,,"n.n冲击, 冲势",GRE
upshift,'ʌpʃift,,"v.(将)(汽车)调高速挡,(使)加速",GRE
calefy,'kælifai,,v.(使)变暖,GRE
entwine,ɪn'twaɪn,,"v.(使)缠住, (使)盘绕",GRE
wiggle,'wɪɡl,,"v.(使)踌躇, 摆动",GRE
lope,lop,,v.(使)大步慢跑,GRE
congeal,kən'dʒil,,"v.(使)冻结, (使)凝结",GRE
deteriorate,dɪ'tɪrɪəret,,v.(使)恶化,GRE
fret,frɛt,,"v.(使)烦恼, (使)焦急, (使)腐蚀, (使)磨损",GRE
bifurcate,'baɪfɚ'ket,,v.(使)分叉,GRE
ramify,"'ræmə,fai",,"v.(使)分枝, (使)分叉, (使)成网状",GRE
resuscitate,rɪ'sʌsɪtet,,"v.(使)复苏, (使)复兴",GRE
putrefy,'pju:trifai,,"v.(使)化脓, (使)腐烂, (使)堕落",GRE
reactivate,rɪ'æktɪvet,,v.(使)恢复活动,GRE
decelerate,",di'sɛləret",,v.(使)减速,GRE
degrade,dɪ'ɡred,,"v.(使)降级, (使)堕落, (使)退化",GRE
interweave,",ɪntɚ'wiv",,"v.(使)交织, 织进, (使)混杂",GRE
intertwine,",ɪntɚ'twaɪn",,"v.(使)纠缠, (使)缠绕",GRE
wilt,wɪlt,,"v.(使)枯萎, (使)憔悴, (使)畏缩",GRE
distend,dɪ'stɛnd,,"v.(使)扩大, (使)扩张",GRE
exude,ɪɡ'zud,,"v.(使)流出, (使)渗出, 发散开来",GRE
swell,swɛl,,"v.(使)膨胀, 增大",GRE
deflect,dɪ'flɛkt,,"v.(使)偏斜, (使)偏转",GRE
shrivel,'ʃrɪvl,,"v.(使)起皱纹, (使)枯萎, (使)束手无策",GRE
peeve,piv,,"v.(使)气恼, (使)焦躁, (使)忿怒",GRE
levitate,'lɛvɪtet,,"v.(使)轻轻浮起, (使)飘浮空中",GRE
tilt,tɪlt,,"v.(使)倾斜, (使)翘起, 以言词或文字抨击",GRE
slant,slænt,,"v.(使)倾斜, 歪向",GRE
liquefy,'lɪkwɪfaɪ,,"v.(使)溶解, (使)液化",GRE
jut,dʒʌt,,"v.(使)突出, (使)伸出, 突击",GRE
interrelate,'ɪntɚrɪ'let,,v.(使)相互关连,GRE
trot,trɑt,,"v.(使)小跑, (使)快步走, 骑马小跑, 疾走",GRE
rejoice,rɪ'dʒɔɪs,,"v.(使)欣喜, (使)高兴, 喜悦",GRE
regurgitate,rɪ'ɡɝdʒɪtet,,"v.(使)涌回, (使)流回, (使)反刍",GRE
conjure,'kʌndʒɚ,,"v.(以咒文)召唤, 变戏法, 想象",GRE
quack,kwæk,,"v.(指鸭)呷呷地叫, 大声闲聊, 吹嘘",GRE
transude,træn'zjʊd,,v.[医](使)渗出,GRE
bullyrag,'buliræɡ,,"v.<方或口>威吓, 欺凌",GRE
slay,sle,,"v.<书>杀, 杀死, 宰杀, 杀害, 宰杀, 杀死",GRE
slue,slʊ,,v.=slew,GRE
mourn,mɔrn,,"v.哀悼, 忧伤, 服丧",GRE
placate,'pleket,,v.安抚,GRE
hush,hʌʃ,,v.安静,GRE
posit,'pɑzɪt,,v.安置,GRE
trudge,trʌdʒ,,v.跋涉,GRE
roister,'rɔistə,,"v.摆架子, 喝酒喧嚣",GRE
muffle,'mʌfl,,"v.包, 蒙住, 压抑(声音)",GRE
subsume,səb'sʊm,,"v.包容, 包含",GRE
encompass,ɪn'kʌmpəs,,"v.包围, 环绕, 包含或包括某事物",GRE
recompense,'rɛkəm'pɛns,,v.报偿,GRE
retaliate,rɪ'tælɪ'et,,v.报复,GRE
repine,ri'pain,,v.抱怨,GRE
scamper,'skæmpɚ,,v.奔跳,GRE
foozle,'fʊzl,,v.笨拙地做,GRE
collate,kə'let,,v.比较,GRE
dodge,dɑdʒ,,"v.避开, 躲避",GRE
knit,nɪt,,"v.编织, 密接, 结合",GRE
derogate,'dɛrəɡet,,"v.贬损, 毁损",GRE
pervade,pɚ'ved,,v.遍及,GRE
undulate,'ʌndʒə'let,,"v.波动, 起伏, 成波浪形",GRE
divest,daɪ'vɛst,,v.剥夺,GRE
reave,ri:v,,"v.剥夺, 抢走",GRE
scalp,skælp,,v.剥头皮,GRE
replenish,rɪ'plɛnɪʃ,,v.补充,GRE
discompose,",dɪskəm'poz",,v.不安,GRE
grudge,ɡrʌdʒ,,v.不给予,GRE
dissent,dɪ'sɛnt,,v.不同意,GRE
expunge,ɪk'spʌndʒ,,v.擦去,GRE
surmise,sɝ'maɪz,,v.猜测,GRE
mastermind,'mæstəmaɪnd,,v.策划,GRE
unravel,ʌn'rævl,,v.拆开,GRE
enunciate,ɪ'nʌnsɪet,,"v.阐明, 清晰发言",GRE
reimburse,",riɪm'bɝs",,v.偿还,GRE
compensate,'kɑmpɛnset,,"v.偿还, 补偿, 付报酬",GRE
outstrip,",aʊt'strɪp",,v.超过,GRE
twit,twɪt,,v.嘲笑,GRE
gibe,dʒaib,,v.嘲笑,GRE
mock,mɑk,,"v.嘲笑, 骗, 挫败, 嘲弄",GRE
muse,mjuz,,v.沉思,GRE
ponder,'pɑndɚ,,"v.沉思, 考虑",GRE
granulate,"'grænjə,let",,v.成为粒状,GRE
avow,ə'vaʊ,,v.承认,GRE
homologate,hɔ'mɔləɡeit,,"v.承认, 同意, [民法]确认, 批准",GRE
defecate,'dɛfəket,,v.澄清,GRE
chide,tʃaɪd,,"v.斥责, 责骂",GRE
dilute,daɪ'l(j)ut,,"v.冲淡, 变淡, 变弱, 稀释",GRE
glut,ɡlʌt,,v.充斥,GRE
suffuse,sə'fjuz,,v.充满,GRE
adore,ə'dɔr,,"v.崇拜, 爱慕, (口语)喜爱",GRE
venerate,'vɛnəret,,v.崇敬,GRE
remunerate,rɪ'mjunəret,,v.酬劳,GRE
premiere,prɪ'mɪr,,"v.初次公演, 初演主角",GRE
desalinize,"di'selɪ,naɪz",,"v.除去盐分, 淡化海水",GRE
hoard,hɔrd,,v.储藏,GRE
garner,'ɡɑrnɚ,,v.储存,GRE
penalize,'pinəlaɪz,,v.处罚,GRE
tout,taʊt,,v.吹捧,GRE
waft,wɑft,,"v.吹送, 飘荡",GRE
covet,'kʌvət,,"v.垂涎, 觊觎",GRE
vamoose,væ'mʊs,,"v.匆匆离开, 跑掉",GRE
interpolate,ɪn'tɝpəlet,,"v.窜改, 添写进去, 插入新语句",GRE
usurp,ju'zɝp,,"v.篡夺, 篡位, 侵占",GRE
hasten,'hesn,,"v.催促, 赶紧, 促进, 加速",GRE
frustrate,'frʌstret,,"v.挫败, 阻挠, 使感到灰心, 阻止",GRE
primp,prɪmp,,"v.打扮, 装饰",GRE
titivate,'tɪtɪvet,,"v.打扮, 装饰, 化妆",GRE
belch,bɛltʃ,,"v.打嗝, (火山、炮等)冒烟、喷出",GRE
impugn,ɪm'pjuːn,,v.打击,GRE
perforate,'pɝfə'ret,,v.打孔,GRE
scavenge,'skævɪndʒ,,"v.打扫, 以(腐肉)为食, 从废物中提取",GRE
stride,straɪd,,"v.大步走(过), 跨过, 大步行走",GRE
teem,tim,,v.大量出现,GRE
infest,ɪn'fɛst,,v.大批滋生,GRE
vociferate,"vo'sɪfə,ret",,"v.大声叫, 大叫, 喊叫",GRE
conduce,kən'dju:s,,"v.导致, 有利于",GRE
mash,mæʃ,,v.捣碎,GRE
rummage,'rʌmɪdʒ,,"v.到处翻寻, 搜出, 检查",GRE
pilfer,'pilfə,,"v.盗, 偷, 窃",GRE
tarry,'tæri,,v.等候,GRE
droop,drup,,"v.低垂, 凋萎, 萎靡",GRE
croon,krun,,"v.低声歌唱, 低声哼, 低吟",GRE
trickle,'trɪkl,,v.滴流,GRE
dribble,'drɪbl,,v.滴下,GRE
upend,ʌp'ɛnd,,"v.颠倒, 倒放",GRE
ignite,ɪɡ'naɪt,,"v.点火, 点燃",GRE
sully,'sʌli,,v.玷污,GRE
carve,kɑrv,,"v.雕刻, 切开",GRE
sculpt,skʌlpt,,"v.雕刻, 造型",GRE
blunder,'blʌndɚ,,"v.跌跌撞撞地走, 犯大错, 做错",GRE
gaze,ɡeɪz,,"v.盯, 凝视",GRE
hibernate,'haɪbɚnet,,v.冬眠,GRE
sojourn,'sʌdʒɝn,,v.逗留,GRE
linger,'lɪŋɡɚ,,"v.逗留, 闲荡, 拖延, 游移",GRE
renounce,rɪ'naʊns,,v.断绝关系,GRE
assert,ə'sɝt,,"v.断言, 声称",GRE
squat,skwɑt,,"v.蹲坐, 蹲伏",GRE
elude,ɪ'lud,,v.躲避,GRE
throttle,'θrɑtl,,v.扼杀,GRE
stink,stɪŋk,,v.发出臭味,GRE
scintillate,"'sɪntl,et",,"v.发出火花, 闪耀光芒",GRE
sparkle,'spɑrkl,,"v.发火花, (使)闪耀, (香槟酒等)发泡, 用眼神表达, 发光闪烁",GRE
maddening,'mædəniŋ,,v.发狂,GRE
contrive,kən'traɪv,,"v.发明, 设计, 图谋",GRE
germinate,'dʒɝmɪnet,,"v.发芽, 发育, 使生长",GRE
harass,"ˈhærəs, həˈræs",,v.烦恼,GRE
propagate,'prɑpə'get,,"v.繁殖, 传播, 宣传",GRE
retort,rɪ'tɔrt,,"v.反驳, 反击, 回报",GRE
pervert,pɚ'vɝt,,v.反常,GRE
ruminate,'rumɪnet,,"v.反刍, 沉思",GRE
repugn,rɪ'pjun,,"v.反对, 反抗",GRE
revolt,rɪ'volt,,"v.反抗, 起义, 反叛, 反感, 厌恶",GRE
reflect,rɪ'flɛkt,,"v.反射, 反映, 表现, 反省, 细想",GRE
reverberate,rɪ'vɝbə'ret,,v.反响,GRE
recriminate,ri'krimineit,,"v.反责, 反唇相讥, 反控诉",GRE
perpetrate,'pɝpətret,,v.犯,GRE
incommode,",ɪnkə'mod",,v.妨碍,GRE
hamper,'hæmpɚ,,"v.妨碍, 牵制",GRE
graze,ɡrez,,"v.放牧, 吃草, 擦伤, 擦过",GRE
waive,wev,,v.放弃,GRE
relinquish,rɪ'lɪŋkwɪʃ,,v.放弃,GRE
recant,ri'kænt,,v.放弃,GRE
disclaim,dɪs'klem,,"v.放弃, 弃权, 拒绝",GRE
streak,strik,,"v.飞跑, 加上条纹",GRE
reprobate,'rɛprəbet,,v.非难,GRE
malign,mə'laɪn,,v.诽谤,GRE
defame,di'feim,,v.诽谤,GRE
rescind,rɪ'sɪnd,,v.废除,GRE
annul,ə'nʌl,,"v.废除, 取消, 废止",GRE
repeal,rɪ'pil,,"v.废止, 撤销, 否定, 放弃, 废除",GRE
seethe,sið,,v.沸腾,GRE
decompose,",dikəm'poz",,"v.分解, (使)腐烂",GRE
amortize,'æmɚtaɪz,,v.分期清偿,GRE
divaricate,daɪ'værɪket,,v.分为两叉,GRE
resent,rɪ'zɛnt,,"v.愤恨, 怨恨",GRE
stitch,stɪtʃ,,"v.缝, 缝合",GRE
gainsay,",ɡen'se",,v.否认,GRE
fondle,'fɑndl,,v.抚弄,GRE
resurrect,",rezə'rekt",,v.复兴,GRE
demobilize,di'mobəlaɪz,,v.复员,GRE
recuperate,rɪ'kupəret,,v.复原,GRE
replicate,'rɛplɪket,,v.复制,GRE
fructify,'frʌktifai,,v.富有成果,GRE
crunch,krʌntʃ,,"v.嘎扎嘎扎的咬嚼, 压碎, 扎扎地踏过",GRE
transmute,trænz'mjut,,v.改变,GRE
quail,kwel,,v.感到恐惧,GRE
taint,tent,,v.感染,GRE
induct,ɪn'dʌkt,,v.感应,GRE
lacerate,'læsəret,,v.割裂,GRE
segregate,'sɛɡrɪɡet,,v.隔离,GRE
seclude,sɪ'klud,,v.隔离,GRE
eradicate,ɪ'rædɪket,,v.根除,GRE
consolidate,kən'sɑlɪdet,,v.巩固,GRE
conspire,kən'spaɪɚ,,"v.共谋, 阴谋, (指事件)凑合起来",GRE
purvey,pə'vei,,"v.供给, 供应",GRE
preach,pritʃ,,v.鼓吹,GRE
instigate,'ɪnstə'get,,v.鼓动,GRE
invigorate,ɪn'vɪɡəret,,v.鼓舞,GRE
indoctrinate,ɪn'dɑktrɪnet,,v.灌输,GRE
implant,ɪm'plænt,,v.灌输,GRE
inebriate,i'ni:briət,,v.灌醉,GRE
evade,ɪ'ved,,"v.规避, 逃避, 躲避",GRE
stipulate,'stɪpjulet,,"v.规定, 保证",GRE
hideous,'hidiəs,,"v.骇人听闻的, 可怕的",GRE
cadge,kædʒ,,"v.行乞, 乞讨, 贩卖",GRE
howl,haʊl,,"v.嚎叫, 怒吼, 嚎啕大哭, 喝住, 号叫",GRE
conflate,kən'fleit,,v.合并,GRE
merge,mɝdʒ,,"v.合并, 并入, 结合, 吞没, 融合",GRE
sidle,'saɪdl,,"v.横着走, 悄悄贴近, 侧身而行",GRE
spoof,spʊf,,v.哄骗,GRE
repent,rɪ'pɛnt,,"v.后悔, 悔改, 忏悔, 悔悟",GRE
recede,rɪ'sid,,v.后退,GRE
exhale,ɛks'hel,,"v.呼气, 发出, 发散, <古>使蒸发",GRE
slur,slɝ,,v.忽视,GRE
reciprocate,rɪ'sɪprəket,,"v.互给, 酬答, 互换, 报答",GRE
interlock,'ɪntɚlɑk,,v.互锁,GRE
demarcate,'dimɑr'ket,,v.划分界线,GRE
glide,ɡlaɪd,,"v.滑行, 悄悄地走, (时间)消逝, 滑翔",GRE
prink,priŋk,,"v.化妆, 打扮",GRE
wreathe,rið,,v.环绕盘旋,GRE
wield,wild,,v.挥,GRE
reinstate,",riɪn'stet",,v.恢复,GRE
reminisce,",rɛmɪ'nɪs",,v.回忆,GRE
slew,slu,,v.回转,GRE
mutilate,'mjʊtl'et,,v.毁伤,GRE
denigrate,'dɛnɪɡret,,v.毁誉,GRE
meld,meld,,"v.混合, 合并",GRE
disarray,",disə'rei",,v.混乱,GRE
jumble,'dʒʌmbl,,"v.混杂, 搞乱",GRE
scuffle,'skʌfl,,v.混战,GRE
maneuver,mə'nʊvɚ; mə'njʊvɚ,,v.机动,GRE
accumulate,ə'kjumjəlet,,"v.积聚, 堆积",GRE
motivate,'motə'vet,,v.激发,GRE
exasperate,ɪɡ'zæspəret,,v.激怒,GRE
extemporize,ɪk'stɛmpəraɪz,,"v.即席演说, 即兴演奏, 当场作成",GRE
sprint,sprɪnt,,v.疾跑美国著名的通讯公司,GRE
compute,kəm'pjʊt,,"v.计算, 估计, 用计算机计算(或确定)",GRE
accelerate,əkˈsɛləˌret,,"v.加速, 促进",GRE
expedite,'ɛkspədaɪt,,"v.加速, 派出",GRE
disguise,dɪs'ɡaɪz,,"v.假装, 伪装, 掩饰",GRE
steer,stɪr,,"v.驾驶, 掌舵",GRE
shriek,ʃrik,,"v.尖声叫喊, 耸人听闻地报道, 尖声喊叫",GRE
persevere,",pɝsə'vɪr",,v.坚持,GRE
slog,slɑɡ,,v.艰难行进,GRE
overhaul,'ovɚhɔl,,v.检查,GRE
palliate,'pælɪet,,v.减轻,GRE
mitigate,'mɪtɪɡet,,v.减轻,GRE
shear,ʃɪr,,"v.剪, 修剪, 剪切",GRE
prune,prun,,v.剪除,GRE
snip,snɪp,,v.剪断,GRE
temporize,'tɛmpə'raɪz,,v.见风驶舵,GRE
authenticate,ɔ'θɛntɪket,,v.鉴别,GRE
nuzzle,'nʌzl,,"v.将鼻插入, 用鼻掘, 用鼻爱抚",GRE
abase,ə'bes,,v.降低,GRE
swap,swɑp,,v.交换,GRE
confabulate,kən'fæbjuleit,,v.交谈,GRE
splice,splaɪs,,v.接合,GRE
coalesce,",koə'lɛs",,v.接合,GRE
economize,ɪ'kɑnə'maɪz,,"v.节约, 节省, 有效地利用",GRE
skimp,skɪmp,,v.节约使用,GRE
syncretize,'sɪnkrɪtaɪz,,"v.结合, 融合",GRE
disband,dɪs'bænd,,"v.解散, 裁减",GRE
construe,kən'stru,,"v.解释, 分析, 直译",GRE
stint,stɪnt,,v.紧缩节省,GRE
exalt,ɪɡ'zɔlt,,v.晋升,GRE
soak,sok,,"v.浸, 泡, 浸透",GRE
submerge,səb'mɝdʒ,,"v.浸没, 淹没, 掩没",GRE
macerate,'mæsəreɪt,,v.浸软,GRE
soaked,sokt,,v.浸湿,GRE
imbue,ɪm'bjʊ,,v.浸透,GRE
abstain,əb'sten,,"v.禁绝, 放弃",GRE
appal,ə'pɔl,,v.惊骇,GRE
detain,dɪ'ten,,"v.拘留, 留住, 阻止",GRE
masticate,'mæstikeit,,v.咀嚼,GRE
daunt,dɔ:nt,,v.沮丧,GRE
heave,hiv,,v.举起,GRE
repulse,rɪ'pʌls,,"v.拒绝, 排斥, 反驳, 击退, 憎恶",GRE
converge,kən'vɝdʒ,,"v.聚合, 集中于一点",GRE
congregate,'kɑŋɡrɪɡet,,v.聚集,GRE
conglomerate,kən'ɡlɑːmərət,,v.聚结,GRE
subscribe,səb'skraɪb,,"v.捐款, 订阅, 签署(文件), 赞成, 预订",GRE
unearth,ʌn'ɝθ,,v.掘出,GRE
disinter,",dɪsɪn'tɝ",,v.掘出,GRE
snatch,snætʃ,,v.攫取,GRE
commence,kə'mɛns,,"v.开始, 着手",GRE
exculpate,'ekskʌlpeɪt,,v.开脱,GRE
hew,hju,,v.砍,GRE
hack,hæk,,v.砍,GRE
espy,i'spai,,v.看到,GRE
remonstrate,rɪ'mɑnstret,,v.抗议,GRE
broil,brɔɪl,,"v.烤(肉), 酷热",GRE
solicit,sə'lɪsɪt,,v.恳求,GRE
beseech,bɪ'sitʃ,,"v.恳求, 哀求",GRE
supplicate,'sʌplikeit,,"v.恳求, 哀求, 恳请, 祈祷",GRE
crave,krev,,"v.恳求, 渴望",GRE
entreat,ɪn'trit,,"v.恳求, 乞求, <古>对待, 对付",GRE
prate,pret,,v.空谈,GRE
stammer,'stæmɚ,,"v.口吃, 结巴着说出, 结结巴巴地说",GRE
dictate,'dɪktet,,"v.口述, 口授, 使听写, 指令, 指示, 命令, 规定",GRE
exaggerate,ɪɡ'zædʒəret,,"v.夸大, 夸张",GRE
overact,'ovɚ'ækt,,v.夸张表演,GRE
straddle,'strædl,,v.跨骑,GRE
jabber,'dʒæbɚ,,"v.快而含糊地说, 吱吱喳喳地叫, 闲聊",GRE
carouse,kə'raʊz,,v.狂欢作乐,GRE
guzzle,'ɡʌzl,,"v.狂饮, 暴食, 喝酒化掉(钱)",GRE
ulcerate,'ʌlsəret,,v.溃烂,GRE
elongate,ɪ'lɔŋɡet,,"v.拉长, (使)伸长, 延长",GRE
drawl,drɔl,,"v.懒洋洋地说, 做作而慢慢地说",GRE
loll,lɑl,,v.懒洋洋地倚靠,GRE
gormandize,'ɡɔ:məndaiz,,v.狼吞虎咽,GRE
ingurgitate,in'ɡə:dʒiteit,,"v.狼吞虎咽, 大吃大喝",GRE
squander,'skwɑndɚ,,v.浪费,GRE
sneer,snɪr,,"v.冷笑, 讥笑, 嘲笑",GRE
digress,daɪ'ɡrɛs,,v.离题,GRE
concatenate,"kɑn'kætə,net",,v.连接,GRE
commiserate,kə'mɪzəret,,"v.怜悯, 同情",GRE
enumerate,ɪ'numəret,,v.列举,GRE
abut,ə'bʌt,,"v.邻接, 毗邻",GRE
improvise,'ɪmprəvaɪz,,v.临时准备,GRE
apprehend,",æprɪ'hɛnd",,v.领会理解,GRE
imprint,'ɪmprɪnt,,v.留下烙印,GRE
divagate,'daivəɡeit,,"v.流浪, 漫游,离题",GRE
pillage,'pɪlɪdʒ,,v.掠夺,GRE
loot,lut,,"v.掠夺, 抢劫, 劫掠",GRE
harry,'hæri,,"v.掠夺, 折磨",GRE
leach,litʃ,,v.滤去,GRE
stupefy,'stupɪfaɪ,,v.麻木,GRE
satiate,'seʃɪet,,v.满足,GRE
ramble,'ræmbl,,v.漫游,GRE
rove,rov,,"v.漫游, 流浪, 转来转去, 纺成粗纱",GRE
arrogate,'ærəɡet,,v.冒称,GRE
mope,mop,,v.闷闷不乐,GRE
sprout,spraʊt,,v.萌芽,GRE
atone,ə'təun,,v.弥补,GRE
straggle,'stræɡl,,"v.迷路, 落伍, 蔓生, 四散, 漫延",GRE
exempt,ɪg'zɛmpt,,v.免除,GRE
delineate,dɪ'lɪnɪet,,v.描绘,GRE
fumble,'fʌmbl,,v.摸索,GRE
grind,ɡraɪnd,,"v.磨(碎), 碾(碎), 折磨",GRE
chasten,'tʃesn,,v.磨炼,GRE
abrade,ə'bred,,"v.磨损, 摩擦, 折磨",GRE
efface,ɪ'fes,,v.抹掉,GRE
discern,dɪ'sɝn,,"v.目睹, 认识, 洞悉, 辨别, 看清楚",GRE
laminate,'læmɪnət,,v.碾压,GRE
warble,'wɔrbl,,"v.鸟鸣, 用柔和的颤声唱",GRE
curdle,'kɝdl,,v.凝固,GRE
coagulate,ko'æɡjulet,,v.凝结,GRE
contemplate,'kɑntəmplet,,"v.凝视, 沉思, 预期, 企图",GRE
sprain,spren,,v.扭伤,GRE
inspissate,ɪn'spɪsɪt,,v.浓缩,GRE
mar,mɑr,,"v.弄坏, 毁坏, 损害",GRE
dabble,'dæbl,,"v.弄湿, 弄水, 涉足",GRE
crumble,'krʌmbl,,"v.弄碎, 粉碎, 崩溃",GRE
smirch,smɝtʃ,,v.弄脏,GRE
rumple,'rʌmpl,,"v.弄皱, 弄得乱七八糟",GRE
corrugate,"'kɔrə,get",,"v.弄皱, 起皱, (使)成波状",GRE
crumple,'krʌmpl,,"v.弄皱, 压皱, 变皱, 崩溃, 垮台",GRE
glower,'ɡlaʊɚ,,v.怒目而视,GRE
peculate,'pekjuleit,,"v.挪用, 盗用",GRE
ascend,ə'sɛnd,,"v.攀登, 上升",GRE
hover,'hʌvɚ,,v.盘旋,GRE
hobble,'hɑbl,,v.蹒跚,GRE
adjudicate,ə'dʒudɪket,,"v.判决, 宣判, 裁定",GRE
rave,rev,,v.咆哮,GRE
growl,ɡraʊl,,"v.咆哮, 发牢骚地说",GRE
indemnify,ɪn'dɛmnɪfaɪ,,v.赔偿,GRE
repudiate,rɪ'pjudɪet,,v.批判,GRE
excoriate,",ɛks'kɔrɪet",,v.批判,GRE
authorize,'ɔθəraɪz,,v.批准,GRE
split,splɪt,,"v.劈开, (使)裂开, 分裂, 分离",GRE
yaw,jɔ,,v.偏航,GRE
wangle,'wæŋgl,,v.骗取,GRE
blanch,blæntʃ,,"v.漂白, 使变白, 遮断阳光发白",GRE
mollify,'mɑlɪfaɪ,,v.平息,GRE
persecute,'pɝsɪkjut,,v.迫害,GRE
undermine,'ʌndɚ'maɪn,,v.破坏,GRE
infringe,ɪn'frɪndʒ,,"v.破坏, 侵犯, 违反",GRE
rupture,'rʌptʃɚ,,"v.破裂, 裂开, 断绝(关系等), 割裂",GRE
expire,ɪk'spaɪɚ,,"v.期满, 终止, 呼气, 断气, 届满",GRE
cozen,'kʌzən,,"v.欺骗, 瞒",GRE
enlightened,ɪn'laɪtnd,,v.启迪,GRE
edify,'edɪfaɪ,,v.启发,GRE
spurn,spə:n,,v.弃绝,GRE
slink,slɪŋk,,v.潜逃,GRE
repatriate,",ri'petrɪet",,v.遣返,GRE
decry,dɪ'kraɪ,,v.谴责,GRE
ravish,'rævɪʃ,,v.强夺,GRE
importune,",ɪmpɔr'tun",,v.强求,GRE
plunder,'plʌndɚ,,v.抢劫,GRE
extort,ɪk'stɔrt,,"v.敲诈, 逼取, 强取, 勒索",GRE
declaim,dɪ'klem,,"v.巧辩, 演讲, 高声朗读",GRE
whittle,'wɪtl,,"v.切, 削, 削减, 损害",GRE
sever,'sɛvɚ,,v.切断,GRE
sunder,'sʌndɚ,,"v.切开, 分离",GRE
mince,mɪns,,v.切碎,GRE
topple,'tɑpl,,v.倾倒,GRE
confide,kən'faɪd,,"v.倾诉, 委托, 信赖",GRE
sanitize,'sænitaiz,,v.清洁,GRE
liquidate,'lɪkwɪdet,,v.清算,GRE
woo,wu,,"v.求爱, 追求, 恳求, 招致",GRE
dissipate,'dɪsɪpet,,"v.驱散, (使)(云、雾、疑虑等)消散, 浪费(金钱或时间)",GRE
dislodge,dɪs'lɑdʒ,,v.驱逐,GRE
expel,ɪk'spɛl,,"v.驱逐, 开除, 排出, 发射",GRE
evict,ɪ'vɪkt,,"v.驱逐, 逐出(租户), 收回(租屋、租地等)",GRE
genuflect,'dʒɛnjuflɛkt,,v.屈服,GRE
quash,kwɑʃ,,v.取消,GRE
rusticate,"'rʌstɪ,ket",,"v.去乡下, 使定居乡下",GRE
propitiate,prə'pɪʃɪet,,v.劝解,GRE
exhort,ɪɡ'zɔrt,,"v.劝诫, 忠告",GRE
avouch,ə'vautʃ,,v.确保,GRE
throng,θrɔŋ,,v.群集,GRE
inflame,ɪn'flem,,v.燃烧,GRE
defile,dɪ'faɪl,,v.染污,GRE
discomfit,dɪs'kʌmfɪt,,v.扰乱,GRE
deem,dim,,"v.认为, 相信",GRE
ablate,æb'let,,v.融化,GRE
squirm,skwɝm,,v.蠕动,GRE
revile,rɪ'vaɪl,,"v.辱骂, 斥责",GRE
diffuse,dɪ'fjus,,"v.散播, 传播, 漫射, 扩散, (使)慢慢混合",GRE
disseminate,dɪ'sɛmɪnet,,v.散布,GRE
titillate,'tɪtə'let,,"v.搔痒, 使愉快",GRE
smirk,smɝk,,v.傻笑,GRE
expurgate,'ɛkspɚɡet,,v.删除,GRE
abridge,ə'brɪdʒ,,"v.删节, 削减, 精简",GRE
glisten,'ɡlɪsn,,v.闪光,GRE
glimmer,'ɡlɪmɚ,,v.闪烁,GRE
singe,sɪndʒ,,"v.烧焦, 烤焦",GRE
scorch,skɔrtʃ,,"v.烧焦, 枯萎",GRE
barricade,'bærɪ'ked,,v.设路障,GRE
haunt,hɔnt,,v.神鬼出没,GRE
deify,'deɪfaɪ,,v.神化,GRE
seep,sip,,"v.渗出, 渗漏",GRE
infiltrate,ɪn'fɪltret,,v.渗透,GRE
vegetate,'vɛdʒətet,,"v.生长, 过单调乏味的生话",GRE
tarnish,'tɑrnɪʃ,,v.失去光泽,GRE
mesmerize,'mɛzməraɪz,,v.施催眠术,GRE
petrify,'pɛtrɪfaɪ,,"v.石化,吓呆",GRE
glean,ɡlin,,"v.拾落穗, 收集",GRE
etch,ɛtʃ,,v.蚀刻,GRE
rehabilitate,",riə'bɪlə,tet",,"v.使(身体)康复, 使复职, 使恢复名誉, 使复原",GRE
dampen,'dæmpən,,"v.使潮湿, 使沮丧",GRE
dehumanize,",di'hjumənaɪz",,"v.使失掉人性, 使成兽性",GRE
amalgamate,ə'mælɡəmet,,"v.使与汞混合, 合并",GRE
pertain,pɝ'ten,,"v.适合, 属于",GRE
shrink,ʃrɪŋk,,"v.收缩, (使)皱缩, 缩短",GRE
empower,ɪm'paʊɚ,,"v.授权与, 使能够",GRE
evacuate,ɪ'vækjuet,,"v.疏散, 撤出, 排泄",GRE
estrange,i'streindʒ,,v.疏远,GRE
explicate,'ɛksplɪket,,v.说明,GRE
stoke,stok,,"v.司炉, (使)大吃",GRE
cogitate,'kɔdʒiteit,,"v.思考, 考虑",GRE
rip,rɪp,,"v.撕, 剥, 劈, 锯, 裂开, 撕裂",GRE
rend,rɛnd,,v.撕碎,GRE
hiss,hɪs,,"v.嘶嘶作声, 用嘘声表示",GRE
slacken,'slækən,,"v.松弛, 放慢, 减弱, 减少, 减缓放慢",GRE
sag,sɑɡ,,"v.松弛, 下陷, 下垂, (物价)下跌, 漂流",GRE
rinse,rɪns,,"v.嗽口, (用清水)刷, 冲洗掉, 漂净",GRE
vitiate,'vɪʃɪet,,v.损害,GRE
suborn,sə'bɔrn,,v.唆使,GRE
retract,rɪ'trækt,,"v.缩回, 缩进, 所卷(舌等), 收回, 取消, 撤消",GRE
dwindle,'dwɪndl,,v.缩小,GRE
guttle,'gʌtl,,v.贪婪且出声响地吃喝,GRE
pry,praɪ,,v.探查,GRE
explore,ɪk'splɔr,,"v.探险, 探测, 探究",GRE
slobber,'slɑbɚ,,v.淌口水,GRE
shunt,ʃʌnt,,v.逃避,GRE
vacate,ˈveɪˌkeɪt; veɪˈkeɪt,,"v.腾出, 空出,离(职),退(位)",GRE
interpose,'ɪntɚ'poz,,v.提出,GRE
proffer,'prɑfɚ,,v.提供,GRE
superimpose,",supərɪm'poz",,"v.添加, 双重",GRE
cram,kræm,,v.填满,GRE
intercede,",ɪntɚ'sid",,v.调解,GRE
invoke,ɪn'vok,,v.调用,GRE
palpitate,'pælpə'tet,,v.跳动,GRE
terminate,'tɝmɪnet,,"v.停止, 结束, 终止",GRE
notify,'notə'fai,,v.通报,GRE
galvanize,'ɡælvənaɪz,,"v.通电流于, 电镀",GRE
synchronize,'sɪŋkrənaɪz,,v.同步,GRE
accede,ək'sid,,"v.同意, 加入, 同意",GRE
trounce,traʊns,,v.痛击,GRE
purloin,pə:'lɔin,,"v.偷窃, 盗取",GRE
eavesdrop,'ivzdrɑp,,v.偷听,GRE
protrude,pro'trud,,v.突出,GRE
swerve,swɝv,,v.突然转向,GRE
daub,dɔb,,v.涂抹,GRE
smear,smɪr,,"v.涂上, 抹掉, 涂污, 诽谤, 抹去",GRE
blur,blɝ,,"v.涂污, 污损(名誉等), 把(界线,视线等)弄得模糊不清, 弄污",GRE
disgorge,dɪs'ɡɔrdʒ,,v.吐出,GRE
extrapolate,ɪk'stræpə'let,,"v.推断, [数]外推",GRE
boost,bʊst,,v.推进,GRE
retrogress,'rɛtroɡrɛs,,v.退步,GRE
wince,wɪns,,v.退缩,GRE
abdicate,'æbdɪket,,"v.退位, 放弃(职位,权力等)",GRE
excavate,'ɛkskə'vet,,"v.挖掘, 开凿, 挖出, 挖空",GRE
dally,'dæli,,"v.玩弄, 戏弄, 延误",GRE
disport,dis'pɔ:t,,"v.玩耍, 娱乐",GRE
jeopardize,'dʒɛpɚdaɪz,,v.危害,GRE
snuggle,'snʌgl,,v.偎依,GRE
contravene,",kɑntrə'vin",,v.违反抵触,GRE
falsify,'fɔlsɪfaɪ,,v.伪造,GRE
camouflage,'kæmə'flɑʒ,,v.伪装,GRE
entrust,ɪn'trʌst,,v.委托,GRE
depute,dɪ'pjut,,v.委托,GRE
condole,kən'dəul,,v.慰问,GRE
forge,fɔrdʒ,,"v.稳步前进, 铸造, 伪造",GRE
nullify,'nʌlɪ'fai,,v.无效,GRE
materialize,mə'tɪrɪəlaɪz,,v.物化,GRE
imbibe,ɪm'baɪb,,v.吸收,GRE
assimilate,ə'sɪməlet,,v.吸收,GRE
sip,sɪp,,v.吸吮,GRE
allure,əˈlʊr,,v.吸引,GRE
scrub,skrʌb,,"v.洗擦, 擦净, 使(气体)净化, 擦洗",GRE
peruse,pə'ruz,,v.细读,GRE
perpend,pɚ'pɛnd,,v.细细考虑,GRE
subside,səb'saɪd,,"v.下沉, 沉淀, 平息, 减退, 衰减",GRE
preempt,",primpt",,v.先占,GRE
loiter,'lɔɪtɚ,,"v.闲荡, 虚度, 徘徊",GRE
tattle,'tætl,,v.闲谈,GRE
comport,kəm'pɔ:t,,v.相称,GRE
interplay,",ɪntɚ'plɛi",,v.相互影响,GRE
descant,'dɛskænt,,v.详论,GRE
sift,sɪft,,v.详审,GRE
expound,ɪk'spaʊnd,,"v.详细说明, 解释",GRE
regale,rɪ'ɡel,,v.享受,GRE
slake,slek,,v.消除,GRE
exterminate,ɪk'stɝmə'net,,v.消除,GRE
calibrate,'kælɪbret,,v.校准,GRE
harmonize,'hɑrmənaɪz,,v.协调,GRE
intimidate,ɪn'tɪmɪdet,,v.胁迫,GRE
squint,skwɪnt,,v.斜视,GRE
blab,blæb,,"v.泄漏(秘密), 胡扯",GRE
gloat,ɡlot,,v.心满意足,GRE
revitalize,",ri'vaɪtəlaɪz",,v.新生,GRE
forswear,fɔr'swɛr,,v.幸运,GRE
revamp,",ri'væmp",,v.修补,GRE
embellish,im'beliʃ,,v.修饰,GRE
humiliate,hju'mɪlɪet,,"v.羞辱, 使丢脸, 耻辱",GRE
permute,pɚ'mjʊt,,v.序列改变,GRE
recount,rɪ'kaʊnt,,v.叙述,GRE
publicize,'pʌblɪsaɪz,,v.宣扬,GRE
impair,ɪm'pɛr,,v.削弱,GRE
enervate,ˈenərveɪt;ɪˈnɜːveɪt,,v.削弱,GRE
attenuate,ə'tɛnjuet,,v.削弱,GRE
perambulate,pə'ræmbjuleit,,v.巡行,GRE
squelch,skwɛltʃ,,v.压制,GRE
neutralize,'nʊtrə'laɪz,,v.压制,GRE
domineer,",dɔmi'niə",,v.压制,GRE
babble,'bæbl,,"v.呀呀学语, 喋喋不休, 作潺潺声, 泄露(秘密)",GRE
whelm,wɛlm,,v.淹没,GRE
inundate,'ɪnʌndet,,v.淹没,GRE
procrastinate,pro'kræstɪnet,,"v.延迟, 耽搁",GRE
protract,pro'trækt,,v.延长,GRE
castigate,'kæstiɡeit,,v.严惩,GRE
pulverize,'pʌlvə'raɪz,,v.研磨成粉,GRE
belie,bɪ'laɪ,,v.掩饰,GRE
dissimulate,di'simjuleit,,"v.掩饰, 假装, 装糊涂",GRE
dissemble,di'sembl,,"v.掩饰, 假装不知道",GRE
sham,ʃæm,,v.佯装,GRE
fluke,fluk,,"v.侥幸成功, 意外受挫",GRE
dangle,'dæŋɡl,,v.摇摆,GRE
jolt,dʒolt,,v.摇晃,GRE
stagger,'stægɚ,,"v.摇晃, 蹒跚, 交错, 摇摇摆摆",GRE
gnaw,nɔ,,"v.咬, 啃, 啮, 使苦恼, 消耗, 折磨, 侵蚀",GRE
quaff,kwæf,,"v.一口气喝干, 大口地喝",GRE
budge,bʌdʒ,,v.移动,GRE
detonate,'dɛtənet,,v.引爆,GRE
lure,lʊr,,v.引诱,GRE
cuddle,'kʌdl,,v.拥抱,GRE
huddle,'hʌdl,,"v.拥挤, 卷缩, 草率从事, 挤作一团",GRE
gush,ɡʌʃ,,v.涌出,GRE
excel,ɪk'sɛl,,"v.优秀, 胜过他人",GRE
boggle,'bɔɡl,,"v.犹豫, 不知是否应",GRE
vacillate,'væsileit,,v.犹豫不定,GRE
dawdle,'dɔ:dl,,"v.游手好闲, 混日子",GRE
tang,tæŋ,,v.有浓味,GRE
redound,rɪ'daʊnd,,v.有助于,GRE
ensnare,in'snεə,,v.诱捕,GRE
entice,ɪn'taɪs,,"v.诱惑, 诱使",GRE
inveigle,ɪn'viɡl,,v.诱骗,GRE
seduce,sɪ'dʊs,,v.诱使,GRE
hoax,hoks,,v.愚弄,GRE
bespeak,bɪ'spik,,v.预订,GRE
prefigure,pri'fɪɡjʊr,,v.预示,GRE
portend,pɔr'tɛnd,,v.预示,GRE
bode,bəud,,v.预示,GRE
forebode,fɔ:'bəud,,"v.预示, 预言, 预兆, 预感",GRE
prognosticate,prəɡ'nɔstikeit,,v.预言,GRE
vaticinate,væ'tisineit,,"v.预言, 预告",GRE
extol,ɪk'stol,,v.赞美,GRE
engender,ɪn'dʒɛndɚ,,v.造成,GRE
upbraid,ʌp'bred,,v.责备,GRE
reprove,rɪ'pruv,,v.责备,GRE
reproach,rɪ'protʃ,,v.责备,GRE
censure,'sɛnʃɚ,,v.责难,GRE
augment,ɔɡ'mɛnt,,"v.增加, 增大",GRE
proliferate,prə'lɪfə'ret,,v.增生扩散,GRE
swindle,swɪndl,,v.诈骗,GRE
incur,ɪn'kɝ,,v.招致,GRE
irradiate,ɪ'redɪɪt,,v.照射,GRE
pucker,'pʌkɚ,,v.折叠,GRE
retrace,rɪ'tres,,v.折回,GRE
depreciate,dɪ'priʃɪet,,"v.折旧, (使)贬值, 降低, 贬低, 轻视",GRE
oscillate,'ɑsɪlet,,v.振荡,GRE
quell,kwɛl,,v.镇压,GRE
haggle,'hæɡl,,v.争价,GRE
squabble,'skwɑbl,,v.争论,GRE
subdue,səb'du,,v.征服,GRE
enlist,ɪn'lɪst,,"v.征募, 谋取(支持、赞助等), 应募, 赞助, 支持, 征召, 参军",GRE
envisage,ɪn'vɪzɪdʒ,,v.正视,GRE
attest,ə'tɛst,,v.证明,GRE
testify,'tɛstɪfaɪ,,"v.证明, 证实, 作证",GRE
disburse,dis'bə:s,,v.支付,GRE
prevaricate,prɪ'værə'ket,,v.支吾搪塞,GRE
metaphrase,"'mɛtə,frez",,v.直译,GRE
smother,'smʌðɚ,,v.窒息,GRE
stash,stæʃ,,v.中断,GRE
traduce,trə'dus,,v.中伤,GRE
desist,dɪ'zɪst,,v.终止,GRE
tramp,træmp,,"v.重步行走, 踏, 践, 践踏",GRE
accentuate,ək'sɛntʃuet,,"v.重读, 强调, 着重强调",GRE
recapitulate,'rikə'pɪtʃə'let,,"v.重述要点, 概括, 摘要",GRE
retrieve,rɪ'triv,,v.重新得到,GRE
rekindle,",ri'kɪndl",,v.重新点燃,GRE
rally,'ræli,,"v.重整旗鼓, 给予新力量, (使)恢复健康, 力量, 决心, 集结",GRE
preside,prɪ'zaɪd,,v.主持,GRE
superintend,",supərɪn'tɛnd",,"v.主管, 指挥, 管理, 监督",GRE
annotate,'ænə'tet,,"v.注释, 评注",GRE
transcribe,træn'skraɪb,,v.转录,GRE
avert,ə'vɝt,,v.转移,GRE
relegate,'rɛlɪɡet,,"v.转移, 归入, 提交",GRE
garnish,'gɑrnɪʃ,,v.装饰,GRE
adorn,ə'dɔrn,,v.装饰,GRE
inculcate,ɪn'kʌlket,,v.谆谆劝导,GRE
bumble,'bʌmbl,,"v.拙劣地做, 弄糟",GRE
ruffle,'rʌfl,,v.滋扰,GRE
vaunt,vɔ:nt,,v.自夸,GRE
pamper,'pæmpɚ,,v.纵容,GRE
rent,rɛnt,,"v.租, 租借, 出租",GRE
encumber,ɪn'kʌmbɚ,,v.阻碍,GRE
cumber,'kʌmbɚ,,v.阻碍,GRE
interdict,'ɪntɚdɪkt,,v.阻断,GRE
obstruct,əb'strʌkt,,"v.阻隔, 阻塞, 遮断(道路、通道等)",GRE
impede,ɪm'pid,,v.阻止,GRE
deter,dɪ'tɝ,,v.阻止,GRE
delve,dɛlv,,v.钻研,GRE
arbitrate,'ɑrbɪtret,,v.作出公断,GRE
gesticulate,dʒɛ'stɪkjulet,,"v.做姿势表达, 用手势谈话",GRE
drove,drov,,vbl.drive的过去式,GRE
fell,fɛl,,vbl.fall 的过去式,GRE
sprinkling,'sprɪŋklɪŋ,,vbl.洒水,GRE
guffaw,ɡə'fɔ,,"v.哄笑, 狂笑",GRE
nosedive,'nozdaɪv,,"v.-dived, -diving （飞机）俯冲，急降",GRE
diverge,daɪ'vɝdʒ,,"v.(道路等)分叉, (意见等)分歧, 脱离",GRE
elapse,ɪ'læps,,"v.(时间)过去, 消逝",GRE
lucubrate,"'lʊkjʊ,bret",,"v.(在灯下)用功, 深入研究, 专心著作",GRE
flounder,'flaʊndɚ,,"v.(在水中)挣扎, 困难地往前走, 踌躇, 发慌",GRE
encroach,ɪn'krotʃ,,"v.(逐步或暗中)侵占, 蚕食, 超出通常(或正常)界线",GRE
suppurate,'sʌpjə'ret,,"v.[医]生脓, 化脓, 流脓",GRE
emote,ɪ'mot,,"v.<美口>夸张地作为, 表现感情",GRE
booze,bu:z,,v.<俗>豪饮,GRE
allude,ə'lʊd,,"v.暗指, 影射, 间接提到",GRE
wade,wed,,v.跋涉,GRE
cater,'ketɚ,,"v.备办食物, 满足(需要), 投合",GRE
deviate,'divɪet,,"v.背离, 偏离",GRE
calcify,'kælsɪfaɪ,,"v.变成石灰质, 钙化",GRE
fluctuate,'flʌktʃʊ'et,,"v.变动, 波动, 涨落, 上下, 动摇",GRE
relent,rɪ'lɛnt,,"v.变宽厚, 变温和",GRE
wane,wen,,"v.变小, 亏缺, 衰落, 退潮, 消逝, 呈下弦",GRE
plead,plid,,"v.辩护, 恳求",GRE
pulsate,'pʌlset,,"v.搏动, 跳动, 有规律的跳动",GRE
welsh,wɛlʃ,,"v.不付赌金而溜掉, 逃避履行义务, 食言",GRE
slither,'slɪðɚ,,v.不稳地滑动,GRE
snarl,snɑrl,,"v.缠结, 混乱, 吠, 咆哮, 怒骂",GRE
retreat,rɪ'trit,,"v.撤退, 退却",GRE
snigger,'snɪɡɚ,,"v.吃吃地笑, 窃笑",GRE
collude,kə'lʊd,,"v.串通, 勾结, 共谋",GRE
intrude,ɪn'trʊd,,"v.闯入, 侵入",GRE
wallow,'wɑlo,,"v.打滚, <喻>沉迷, 颠簸",GRE
defalcate,dɪ'fælket,,"v.盗用公款, 挪用公款, 贪污",GRE
bicker,'bɪkɚ,,"v.斗嘴, 流动, 闪动",GRE
hobnob,'hɑbnɑb,,"v.对酌, 共饮, (亲切)交谈",GRE
abound,ə'baʊnd,,"v.多, 大量存在, 富于, 充满",GRE
stridulate,"'strɪdʒə,let",,"v.发出尖而高的声音, 吱吱叫鸣",GRE
pullulate,'pʌljuleit,,"v.发芽, 抽芽, 充满, 成长, 发展, 产生",GRE
exult,ɪɡ'zʌlt,,"v.非常高兴, 欢跃",GRE
intervene,",ɪntɚ'vin",,"v.干涉, 干预, 插入, 介入, (指时间)介于其间",GRE
tamper,'tæmpɚ,,"v.干预, 玩弄, 贿赂, 损害, 削弱, 篡改",GRE
chortle,'tʃɔrtl,,v.咯咯笑,GRE
ensue,ɪn'su,,"v.跟着发生, 继起",GRE
pander,'pændɚ,,"v.勾引, 拉皮条",GRE
sneak,snik,,v.鬼鬼祟祟做事,GRE
kneel,nil,,v.跪下,GRE
superabound,",sju:pərə'baund",,"vi.过剩, 有余",GRE
amble,'æmbl,,"v.缓行, 溜蹄",GRE
perish,'pɛrɪʃ,,"v.毁灭, 死亡, 腐烂, 枯萎",GRE
dote,dot,,"v.昏聩, 溺爱",GRE
doodle,'dudl,,"v.混时间, 闲荡, 涂鸦",GRE
gabble,'gæbl,,"v.急促而不清楚地说话, 七嘴八嘴地说, 喋喋不休地说",GRE
scurry,'skɝi,,"v.急赶, 急跑, 急转, 以轻快而交替的步子走动",GRE
abide,ə'baɪd,,"v.坚持, 遵守",GRE
convalesce,",kɑnvə'lɛs",,"v.渐渐康复, 渐愈",GRE
homogenize,"ho'mɑdʒə,naɪz",,v.均质化,GRE
invigilate,ɪn'vɪdʒɪlet,,"v.看守, 监考",GRE
yearn,jɝn,,"v.渴望, 想念, 怀念, 向往",GRE
hanker,'hæŋkɚ,,"v.渴望, 追求",GRE
rhapsodize,'ræpsədaɪz,,"v.狂热地描述, 写狂想文, 作狂想曲",GRE
rankle,'ræŋkl,,"v.溃烂, 发炎, 怨恨",GRE
dilate,daɪˈlet,,"v.扩大, 详述, 膨胀",GRE
prevail,pri'vel,,"v.流行, 盛行, 获胜, 成功",GRE
drool,drul,,"v.流口水, 说昏话",GRE
mooch,mutʃ,,"v.流浪, 缓行",GRE
wallop,'wɑləp,,"v.乱窜, 猛冲, (车等)颠簸, 沸腾作用",GRE
alight,ə'laɪt,,v.落下,GRE
effervesce,",efə'ves",,"v.冒泡, [化]泡腾, 兴奋",GRE
decamp,di'kæmp,,"v.秘密而匆忙地移居, 撤营, 逃走, 逃亡",GRE
acquiesce,",ækwi'es",,"v.默许, 勉强同意",GRE
connive,kə'naɪv,,"v.默许, 纵容, 暗中合作, 密谋策划",GRE
trek,trɛk,,"v.牛拉车, 艰苦跋涉",GRE
grovel,'ɡrɑvl,,"v.趴, 匍匐, 卑躬屈膝, 五体投地的",GRE
hunker,'hʌŋkɚ,,v.盘坐,GRE
totter,'tɑtɚ,,"v.蹒跚, 踉跄, 动摇, 摇摇欲坠",GRE
collide,kə'laɪd,,"v.碰撞, 抵触",GRE
animadvert,",ænəmæd'vɝt",,"v.批判, 非难",GRE
condescend,",kɑndɪ'sɛnd",,"v.谦逊, 屈尊",GRE
abscond,əb'skɑnd,,"v.潜逃, 避债",GRE
languish,'læŋɡwɪʃ,,"v.憔悴, 凋萎, 衰退, 苦思",GRE
hearken,'hɑrkən,,v.倾听,GRE
resort,rɪ'zɔrt,,"v.求助, 诉诸, 采取(某种手段等), 常去",GRE
succumb,sə'kʌm,,"v.屈服, 屈从, 死",GRE
deign,den,,v.屈尊,GRE
tend,tɛnd,,"v.趋向, 往往是",GRE
crouch,kraʊtʃ,,"v.蜷缩, 蹲伏",GRE
expostulate,ɪk'spɑstʃulet,,"v.劝诫, 忠告",GRE
piddle,'pɪdl,,"v.撒尿, 鬼混, 游荡",GRE
emanate,ˈɛməˌneɪt,,"v.散发, 发出, 发源",GRE
bask,bæsk,,"v.晒太阳(享受温暖), 感到温暖, 愉快或舒适",GRE
jink,dʒɪŋk,,"v.闪身, 急转, 逃走",GRE
coruscate,'kɔrəsket,,"v.闪烁, 焕发",GRE
stonewall,'ston'wɔl,,"v.慎重的打球, 妨碍, 阻碍",GRE
renege,rɪ'niɡ,,"v.食言, 违例出牌",GRE
nestle,'nɛsl,,"v.舒适地坐定, 偎依",GRE
comply,kəm'plaɪ,,"v.顺从, 答应, 遵守",GRE
prattle,'prætl,,"v.说孩子气的话, 说半截话, 闲聊, 胡说, 唠叨",GRE
equivocate,ɪ'kwɪvəkeɪt,,"v.说模棱两可的话, 支吾",GRE
elope,ɪ'lop,,"v.私奔, 潜逃, 出走",GRE
die,daɪ,,"v.死亡, 消逝, 平息, 渴望, 漠然, 熄灭",GRE
snoop,snu:p,,"v.探听, 调查, 偷窃",GRE
shirk,ʃə:k,,"v.逃避, 推卸",GRE
demur,dɪ'mɝ,,"v.提出异议, 反对, 抗辩, 犹豫",GRE
cavil,'kævl,,"v.挑剔, 找错",GRE
fornicate,'fɔrnɪket,,v.通奸,GRE
reign,ren,,"v.统治, 支配, 盛行, 占优势",GRE
skulk,skʌlk,,"v.偷偷隐躲, 偷懒",GRE
speculate,'spɛkjə'let,,"v.推测, 思索, 做投机买卖",GRE
tergiversate,"'tɜːdʒɪvə,seɪt; -'vɜːseɪt",,"v.推托, 背叛, 自相矛盾",GRE
niggle,'nɪɡl,,"v.为琐事费心, 拘泥小节",GRE
cringe,krɪndʒ,,"v.畏缩, 阿谀, 奉承",GRE
blench,blɛntʃ,,"v.畏缩, 回避",GRE
cower,'kaʊɚ,,"v.畏缩, 退缩",GRE
flinch,flɪntʃ,,"v.畏缩, 退缩, 畏首畏尾",GRE
whimper,'wɪmpɚ,,"v.呜咽, 哀诉",GRE
descend,dɪ'sɛnd,,"v.下来, 下降, 遗传(指财产,气质,权利), 突击, 出其不意的拜访",GRE
waffle,'wɑfl,,"v.闲聊, 胡扯",GRE
emerge,ɪ'mɝdʒ,,"v.显现, 浮现, 暴露, 形成, (由某种状态)脱出, (事实)显现出来",GRE
implode,ɪm'plod,,"v.向内破裂, 爆炸",GRE
copulate,"'kɔpju,leit",,"v.性交, 交配, 交尾",GRE
gyrate,'dʒaɪret,,"v.旋转, 不停地转动",GRE
scud,skʌd,,v.迅速地移动或奔跑,GRE
coincide,",koɪn'saɪd",,"v.一致, 符合",GRE
preponderate,prɪ'pɒndəreɪt,,"v.以重量胜过, 占优势, 超过, 胜过",GRE
debouch,dɪ'bʊʃ,,"v.溢出, 流出",GRE
overbrim,",əuvə'brim",,"vi.溢出, 满出",GRE
emigrate,'ɛmɪɡret,,v.永久(使)移居,GRE
capitulate,kə'pɪtʃulet,,"v.有条件投降, 认输, 屈服, 让步, 停止抵抗",GRE
smolder,'smoldɚ,,"v.郁积, 闷烧",GRE
adhere,əd'hɪr,,"v.粘附, 胶着, 坚持",GRE
wrangle,ˈræŋɡəl,,"v.争论, 争吵, 口角",GRE
secede,sɪ'sid,,"v.正式脱离或退出, 分离",GRE
legislate,'lɛdʒɪslet,,v.制定法律,GRE
asphyxiate,əs'fɪksɪet,,v.窒息,GRE
escalate,'ɛskəlet,,"v.逐步升高, 逐步增强",GRE
peter,'pitɚ,,v.逐渐消失,GRE
veer,vɪr,,"v.转向, (风向)顺(时针)转",GRE
malinger,mə'lɪŋgɚ,,v.装病,GRE
philander,fə'lændɚ,,"v.追逐女人, 玩弄女性, 调情",GRE
accrue,ə'kru,,"v.自然增加, 产生",GRE
suffice,sə'faɪs,,"v.足够, 有能力",GRE
nauseate,'nɔzɪet,,"v.作呕, 产生恶感, 厌恶",GRE
fidget,'fɪdʒɪt,,"v.坐立不安, 烦躁, 慌张, (不安地或心不在焉地)弄, 玩弄",GRE
facilitate,fə'sɪlə'tet,,"v.（不以人作主语的）使容易, 使便利, 推动, 帮助, 使容易, 促进",GRE
famish,'fæmɪʃ,,"v.(常用被动语态)使挨饿, <古>使饿死",GRE
lancinate,"'lɑ:nsineit, 'læn-",,"vt.（除医学外现罕用的）刺, 刺痛, 撕裂",GRE
ostracize,'ɑstrəsaɪz,,"v.(古希腊)贝壳放逐法, 放逐, 排斥",GRE
preen,prin,,"v.(鸟)用嘴整理, 打扮, 赞扬",GRE
stratify,'strætɪfaɪ,,v.(使)成层,GRE
disintegrate,dɪs'ɪntɪɡret,,"v.(使)分解, (使)碎裂",GRE
twirl,twɝl,,"v.(使)快速转动, 捻弄",GRE
dehydrate,di'haɪdret,,v.(使)脱水,GRE
beget,bɪ'ɡɛt,,"v.(书面语) 招致, 产生, 引起",GRE
attune,ə'tʊn; ə'tjʊn,,"v.(为乐器)调音, 使合调, 使相合",GRE
devour,dɪ'vaʊɚ,,"v.(尤指动物)吞吃, 狼吞虎咽, 挥霍, (火灾等)毁灭, 破坏, 吞没, 贪看, 贪听",GRE
beshrew,bi'ʃru:,,"v.[古]诅咒(主要用于温和的诅咒), 该死!",GRE
sublimate,'sʌblɪmet,,"v.[化][心]使升华, 使高尚",GRE
disbar,dɪs'bɑr,,"v.[律] 逐出法庭, 剥夺律师资格",GRE
impeach,ɪm'pitʃ,,"v.[律]控告, 检举, <主美>弹劾, 怀疑",GRE
validate,'vælɪdet,,"v.[律]使有效, 使生效, 确认, 证实, 验证",GRE
jugulate,'dʒʌɡjuleit,,"vt.[现罕] 刎颈自尽, 扼杀, [医]顿挫",GRE
passivate,'pæsəvet,,vt.[冶]使钝化,GRE
foment,fə(ʊ)'ment,,"v.[医]热敷, 热罨, 煽动",GRE
syncopate,'sɪnkəpet,,"v.[音]切分, [语]词中省略",GRE
foray,'fɔre,,v.<古>劫掠,GRE
bewray,bi'rei,,"v.<古>泄露, 暴露, 显示",GRE
flabbergast,"'flæbɚ,gæst",,"v.<口>使大吃一惊, 哑然失色, 使目瞪口呆",GRE
nab,næb,,"v.<口>捉住, 逮捕, 抢夺",GRE
etherize,'i:θəraiz,,"v.<美>[医]以醚麻醉, 化成为醚",GRE
electrocute,ɪ'lɛktrəkjut,,"v.<美>处电刑, 触电致死",GRE
repress,rɪ'prɛs,,"v.<美>再压, 补充加压",GRE
expiscate,,,"vt.<主苏格兰>查出,探明搜出",GRE
console,'kɑnsol,,"v.安慰, 藉慰",GRE
conciliate,kən'sɪlɪet,,"v.安慰, 赢得, 调和",GRE
disencumber,dɪsɪn'kʌmbə; dɪsen-,,"v.摆脱烦恼, 不受妨碍",GRE
preserve,prɪ'zɝv,,"v.保护, 保持, 保存, 保藏",GRE
requite,rɪ'kwaɪt,,"v.报答, 酬谢",GRE
torrefy,'tɔrɪfaɪ,,"vt.焙, 烤",GRE
shun,ʃʌn,,"v.避开, 避免",GRE
eschew,ɪsˈtʃuː,,"v.避开, 远避",GRE
compile,kəm'paɪl,,"v.编译, 编辑, 汇编",GRE
flagellate,'flædʒəlet,,"v.鞭打, 鞭挞",GRE
debase,dɪ'bes,,"v.贬低, 降低",GRE
evince,ɪ'vɪns,,"v.表明, 表示",GRE
juxtapose,'dʒʌkstə'poz,,"v.并置, 并列",GRE
strip,strɪp,,"v.剥, 剥去",GRE
pare,pɛr,,"v.剥, 削, 修, 削减, 消灭",GRE
bereave,bɪ'riv,,"v.剥夺, 使失去",GRE
disfranchise,",dis'fræntʃaiz",,"v.剥夺公民权, 剥夺推举议员权, 剥夺权利",GRE
decorticate,"di'kɔrtə,ket",,v.剥皮,GRE
flay,fle,,"v.剥皮, 去皮, 抢夺, 严厉批评",GRE
refute,ri'fjʊt,,"v.驳倒, 反驳",GRE
overrule,",ovɚ'rul",,"v.驳回, 否决, 支配, 制服",GRE
winnow,'wɪno,,"v.簸, 扬(谷), 吹开糠皮, 吹掉, 精选",GRE
expiate,'ɛkspɪet,,"v.补偿, 赎",GRE
downplay,",daʊn'ple",,v.不予重视,GRE
declassify,",di'klæsɪfaɪ",,"v.不再当机密文件处理, 从机密表删除",GRE
furbish,'fɝbɪʃ,,"v.擦亮, 恢复, 磨光",GRE
adopt,ə'dɑpt,,"v.采用, 收养",GRE
insert,'ɪnsɝt,,"v.插入, 嵌入",GRE
douse,daʊs,,"v.插入水中, 把弄熄, 弄湿, 放松",GRE
perceive,pɚ'siv,,v.察觉,GRE
descry,dɪ'skraɪ,,"v.察看, 发现, 远远看到",GRE
adulterate,ə'dʌltəret,,v.掺杂,GRE
generate,'dʒɛnəret,,"v.产生, 发生",GRE
elucidate,ɪ'lusɪdet,,"v.阐明, 说明",GRE
transcend,træn'sɛnd,,"v.超越, 胜过",GRE
exceed,ɪk'sid,,"v.超越, 胜过",GRE
deride,dɪ'raɪd,,"v.嘲弄, 嘲笑",GRE
conspue,kən'spju:,,"vt.吵吵嚷嚷地反对, 唾弃",GRE
revoke,rɪ'vok,,"v.撤回, 废除, 宣告无效",GRE
immerse,ɪ'mɝs,,"v.沉浸, 使陷入",GRE
commend,kə'mɛnd,,"v.称赞, 表扬, 推荐, 委托, 吸引",GRE
render,'rɛndɚ,,"v.呈递, 归还, 着色, 汇报, 致使, 放弃, 表演, 实施",GRE
scour,'skaʊɚ,,"v.冲洗, 擦亮, (搜索或追捕时)急速走遍",GRE
endue,ɪn'djuː; en-,,"v.穿上, 授予, 赋予",GRE
penetrate,'pɛnətret,,"v.穿透, 渗透, 看穿, 洞察",GRE
transmit,trænzˈmɪt,,"v.传输, 转送, 传达, 传导, 发射, 遗传, 传播",GRE
prick,prɪk,,"v.刺, 戳, 刺痛, 竖起",GRE
pierce,pɪrs,,"v.刺穿, 刺破, 穿透, 突破, 深深感动",GRE
transfix,træns'fɪks,,"v.刺穿, 使呆住",GRE
activate,'æktə'vet,,"v.刺激, 使活动",GRE
baste,best,,"v.粗缝, 润以油脂, (在烤肉上)涂油, 狠揍, 大骂",GRE
vandalize,'vændəlaɪz,,"v.摧残, 破坏",GRE
thrash,θræʃ,,"v.打(谷), (用棍、鞭等)痛打, 打败, 使逆行, 胜过, 使颠簸, 推敲",GRE
stigmatize,'stɪɡmətaɪz,,"v.打烙印, 诬蔑",GRE
faze,fez,,"v.打扰, 折磨, 使狼狈, 使担忧",GRE
contuse,kən'tjʊz,,"v.打伤, 挫伤, 撞伤",GRE
slather,'slæðɚ,,"v.大量的用, 厚厚地涂",GRE
ransack,'rænsæk,,"v.到处搜索, 掠夺, 洗劫",GRE
embezzle,ɪm'bɛzl,,"v.盗用, 挪用",GRE
elicit,ɪ'lɪsɪt,,"v.得出, 引出, 抽出, 引起",GRE
counteract,",kaʊntɚ'ækt",,"v.抵消, 中和, 阻碍",GRE
enkindle,in'kindl,,"v.点燃, 使燃烧, 激起(热情等), 挑起(战争等)",GRE
kindle,'kɪndl,,"v.点燃, 使着火, 引起, 照亮",GRE
delimit,dɪ'lɪmɪt,,"v.定界限, 划界",GRE
tantalize,'tæntəlaɪz,,"v.逗弄, 使干着急",GRE
aver,ə'və:,,"v.断言, 主张",GRE
garble,'gɑːb(ə)l,,"v.断章取义, 混淆",GRE
despoil,dɪ'spɔɪl,,"v.夺取, 掠夺",GRE
exacerbate,ɪɡ'zæsɚbet,,"v.恶化, 增剧, 激怒, 使加剧, 使烦恼",GRE
promulgate,'prɑmlɡet,,"v.发布, 公布, 传播",GRE
emit,ɪ'mɪt,,"v.发出, 放射, 吐露, 散发, 发表, 发行",GRE
transpire,træn'spaɪɚ,,"v.发生, 得知, 使蒸发, 使排出",GRE
abjure,əb'dʒʊr,,"v.发誓放弃, 避免, 公开放弃",GRE
wreak,rik,,"v.发泄(怒火), 报仇",GRE
amerce,ə'mə:s,,"v.罚款, 惩罚",GRE
reiterate,rɪ'ɪtəret,,"v.反复地说, 重申, 重做",GRE
iterate,'ɪtərət,,"v.反复说, 重申, 重述",GRE
deice,",di:'ais",,"v.防止结冰, 装以除冰装置, 除冰",GRE
magnify,'mæɡnɪfaɪ,,"v.放大, 扩大, 赞美, 夸大, 夸张",GRE
amplify,'æmplɪfaɪ,,"v.放大, 增强",GRE
cede,sid,,v.放弃,GRE
forsake,"fɔrˈsek, fə-",,"v.放弃, 抛弃",GRE
abandon,ə'bændən,,"v.放弃, 遗弃",GRE
radiate,'redɪet,,"v.放射, 辐射, 传播, 广播",GRE
vilify,'vɪlɪfaɪ,,"v.诽谤, 辱骂, 贬低, 轻视",GRE
abrogate,'æbrəɡet,,"v.废除, 取消",GRE
classify,'klæsɪfaɪ,,"v.分类, 分等",GRE
dispatch,dɪ'spætʃ,,"v.分派, 派遣",GRE
enjoin,ɪn'dʒɔɪn,,"v.吩咐, 命令, 嘱咐, <主美>禁止",GRE
adulate,'ædjuleit,,"v.奉承, 谄媚, 奉承",GRE
negate,nɪˈɡet,,"v.否定, 打消",GRE
reincarnate,",riɪn'kɑrnet",,"v.赋予新肉体, 使转生",GRE
rehash,",ri'hæʃ",,v.改头换面地重复,GRE
impart,ɪm'pɑrt,,"v.给予(尤指抽象事物), 传授, 告知, 透露",GRE
bestow,bɪ'sto,,"v.给予, 安放",GRE
enfranchise,ɪn'fræntʃaɪz,,"v.给予选举权, 给予自治权, 解放",GRE
modify,'mɑdɪfaɪ,,"v.更改, 修改",GRE
denounce,dɪ'naʊns,,"v.公开指责, 公然抨击, 谴责",GRE
assail,ə'sel,,"v.攻击, 质问",GRE
conceive,kən'siv,,"v.构思, 以为, 持有",GRE
employ,ɪm'plɔɪ,,"v.雇用, 用, 使用",GRE
impound,ɪm'paʊnd,,"v.关在栏中, 拘留, 扣押, 没收",GRE
regulate,'rɛɡjulet,,"v.管制, 控制, 调节, 校准",GRE
irrigate,'ɪrəget,,"v.灌溉, 修水利, 冲洗伤口, 使潮湿",GRE
infuse,ɪn'fjuz,,"v.灌输, 注入, 沏或泡(茶、药等), 浸渍, 鼓舞",GRE
impute,im'pju:t,,"v.归罪于, 归咎于, 归因于",GRE
cloy,klɔi,,"v.过饱, 使厌腻",GRE
scrimp,skrɪmp,,"v.过度缩减, 克扣",GRE
weld,wɛld,,v.焊接,GRE
deplete,dɪ'plit,,"v.耗尽, 使衰竭",GRE
intersect,'ɪntɚ'sɛkt,,v.横断,GRE
flirt,flɝt,,"v.忽然弹出, 挥动",GRE
expend,ɪk'spɛnd,,"v.花费, 消耗, 支出, [海]把(暂时不用的绳)绕在杆上",GRE
adumbrate,ˈædəmbreɪt,,"v.画轮廓, 预示",GRE
assuage,ə'swedʒ,,"v.缓和, 减轻, 镇定",GRE
evoke,ɪ'vok,,"v.唤起, 引起, 博得",GRE
devastate,'dɛvəstet,,v.毁坏,GRE
demolish,dɪ'mɑlɪʃ,,"v.毁坏, 破坏, 推翻, 粉碎",GRE
muddle,'mʌdl,,"v.混合, 使微醉, 使咬字不清晰, 鬼混",GRE
pummel,'pʌml,,"v.击, 打, 用拳头连续揍",GRE
repel,rɪ'pɛl,,"v.击退, 抵制, 使厌恶, 使不愉快",GRE
incite,ɪn'saɪt,,"v.激动, 煽动",GRE
irritate,'ɪrɪtet,,"v.激怒, 使急躁",GRE
provoke,prə'vok,,"v.激怒, 挑拨, 煽动, 惹起, 驱使",GRE
begrudge,bɪ'ɡrʌdʒ,,"v.嫉妒, 羡慕, 舍不得给",GRE
con,kɑn,,"v.记诵, 精读",GRE
embitter,ɪm'bɪtɚ,,"v.加苦味于, 使受苦, 使难受, 使怨恨, 加重",GRE
feign,fen,,"v.假装, 装作, 捏造, <古>想象",GRE
espouse,ɪ'spaʊz,,"v.嫁娶, 支持, 赞成",GRE
verify,'vɛrɪfaɪ,,"v.检验, 校验, 查证, 核实[计] 打开或关闭文件的读写校验",GRE
bate,bet,,"v.减弱, 减少, 抑制",GRE
cocker,'kɒkə,,"v.娇养, 溺爱, 放纵",GRE
rectify,'rɛktɪfaɪ,,"v.矫正, 调整, [化]精馏",GRE
abet,ə'bɛt,,"v.教唆, 煽动, 帮助, 支持",GRE
osculate,'ɔskjuleit,,"v.接吻, 接触",GRE
inoculate,ɪ'nɑkjə'let,,"v.接种, 嫁接",GRE
debunk,'di'bʌŋk,,"v.揭穿, 拆穿假面具, 暴露",GRE
quench,kwɛntʃ,,"v.结束, 熄灭，淬火",GRE
manumit,",mænju'mit",,"v.解放, 释放",GRE
disabuse,",dɪsə'bjuz",,"v.解惑, 释疑, 使省悟",GRE
decode,,,"v.解码, 译解",GRE
parse,pɑrs,,v.解析,GRE
exert,ɪɡ'zɝt,,"v.尽(力), 施加(压力等), 努力",GRE
demean,di'mi:n,,"v.举止, 贬低身份",GRE
embody,ɪm'bɑdi,,"v.具体表达, 使具体化, 包含, 收录",GRE
engulf,ɛnˈɡʌlf,,"v.卷入, 吞没, 狼吞虎咽",GRE
exhume,ɪɡ'zum,,"v.掘出, 发掘",GRE
exploit,ɪk'splɔɪt,,"v.开拓, 开发, 开采, 剥削, 用以自肥",GRE
parch,pɑrtʃ,,"v.烤(干), 烘(干)",GRE
mortify,'mɔrtɪfaɪ,,"v.克服, 苦修, 使苦恼",GRE
implore,ɪm'plɔr,,"v.恳求, 哀求",GRE
sequestrate,'sikwəstret,,"v.扣押, 没收",GRE
remit,'rimɪt,,"v.宽恕, 赦免, 免除, 缓和, 推迟, 汇出, 传送, 使复职",GRE
colligate,'kɔliɡeit,,"v.捆绑, 束, 综合",GRE
baffle,'bæfl,,"v.困惑, 阻碍, 为难",GRE
utilize,'juːtəlaɪz,,v.利用,GRE
instantiate,ɪns'tænʃɪet,,v.例示,GRE
catenate,'kætineit,,"v.连接, 使连续",GRE
shed,ʃɛd,,"v.流出, 发散, 散发, 脱落, 脱皮, 摆脱",GRE
banish,'bænɪʃ,,"v.流放, 驱逐, 消除",GRE
mangle,'mæŋɡl,,"v.乱砍, 撕裂, 破坏, 毁损, 损坏, 轧布",GRE
scrawl,skrɔl,,"v.乱涂, 潦草地写",GRE
inter,ɪn'tə,,"v.埋葬, 葬, 埋",GRE
purchase,'pɝtʃəs,,"v.买, 购买",GRE
outwit,",aʊt'wɪt",,"v.瞒骗, 以智取胜",GRE
vituperate,vi'tju:pəreit,,"v.谩骂, 责骂",GRE
instill,ɪn'stɪl,,v.慢慢地灌输,GRE
confiscate,'kɑnfɪsket,,"v.没收, 充公, 查抄, 征用",GRE
expropriate,ɛks'proprɪet,,"v.没收, 征用, 剥夺",GRE
decimate,"'dɛsə,met",,"v.每十人杀一人, 大批杀害",GRE
permeate,'pɝmɪet,,"v.弥漫, 渗透, 透过, 充满",GRE
delude,dɪ'l(j)uːd,,"v.迷惑, 蛊惑",GRE
enthrall,in'θrɔ:l,,"v.迷惑, 迷住, 奴役",GRE
captivate,'kæptɪvet,,"v.迷住, 迷惑",GRE
exonerate,ɪɡ'zɑnəret,,"v.免除, 证明无罪",GRE
depose,dɪ'poz,,"v.免职, 废(王位), 作证",GRE
concede,kən'sid,,"v.勉强, 承认, 退让",GRE
limn,lim,,"v.描写, 描绘",GRE
disparage,dɪ'spærɪdʒ,,"v.蔑视, 贬损, 使失去信誉",GRE
denominate,dɪ'nɑmɪnet,,v.命名,GRE
impersonate,ɪm'pɝsənet,,"v.模仿, 扮演, 人格化, 拟人",GRE
simulate,'sɪmjulet,,"v.模拟, 模仿, 假装, 冒充",GRE
whet,wɛt,,"v.磨, 磨快, 使兴奋",GRE
burnish,'bə:niʃ,,"v.磨光, 擦亮(金属)",GRE
erase,ɪ'res,,"v.抹去, 擦掉, 消磁, <俚>杀死",GRE
scrunch,skrʌntʃ,,"v.碾碎, 使弯曲",GRE
contort,kən'tɔrt,,"v.扭曲, 歪曲",GRE
wrick,rɪk,,v.扭伤,GRE
triturate,'tʃətjʊəret,,"vt.弄成粉, 粉碎, 磨碎, 捣碎",GRE
besmirch,bi'smə:tʃ,,v.弄污,GRE
ruck,rʌk,,v.弄皱,GRE
maltreat,",mæl'trit",,"v.虐待, 滥用",GRE
eliminate,ɪ'lɪmɪnet,,"v.排除, 消除",GRE
foreclose,fɔr'kloz,,"v.排除在外, 妨碍, 自称, 阻止, 预先处理, 取消抵押品赎回权",GRE
supplant,sə'plænt,,"v.排挤掉, 代替",GRE
egest,i:'dʒest,,v.排泄,GRE
condemn,kən'dɛm,,"v.判刑, 处刑, 声讨, 谴责",GRE
cultivate,'kʌltɪvet,,"v.培养, 耕作",GRE
recoup,ri'ku:p,,"v.赔偿, 补偿, 扣除",GRE
erupt,ɪ'rʌpt,,v.喷出,GRE
outface,",aʊt'fes",,"v.睥睨, 蔑视",GRE
appease,ə'piz,,"v.平息, 安抚, 缓和, 使满足",GRE
insolate,'ɪnsə'let,,v.曝晒,GRE
finagle,fɪ'neɪg(ə)l,,"v.欺骗, 哄骗, 欺瞒",GRE
bamboozle,bæm'buzl,,"v.欺骗, 迷惑",GRE
imprecate,'imprikeit,,"v.祈求, 诅咒",GRE
adjure,ə'dʒʊr,,"v.起誓, 恳请, (以起誓或诅咒等形式)命令",GRE
indict,ɪn'daɪt,,"v.起诉, 控告, 指控, 告发",GRE
obtrude,"əb'tru:d, ɔb-",,"v.强迫, 冲出",GRE
compel,kəm'pɛl,,"v.强迫, 迫使",GRE
coerce,ko'ɝs,,"v.强制, 强迫",GRE
amputate,'æmpjutet,,"v.切除(手臂,腿等)",GRE
incise,ɪn'saɪz,,"v.切割, 雕刻",GRE
slit,slɪt,,"v.切开, 撕裂",GRE
erode,ɪ'rod,,"v.侵蚀, 腐蚀, 使变化",GRE
flout,flaʊt,,"v.轻视, 嘲笑, 愚弄",GRE
careen,kə'rin,,"v.倾斜, 倾, (为修理或清洁而)使倾侧",GRE
dispel,dɪ'spɛl,,"v.驱散, 驱逐, 使消散",GRE
exorcize,'ɛksɔrsaɪz,,"v.驱邪, 除怪",GRE
eviscerate,ɪ'vɪsəret,,"v.取出内脏, 除去精华, 除去主要部分",GRE
countermand,'kaʊntɚmænd,,"v.取消, 撤消, 下反对命令召回",GRE
elide,ɪ'laɪd,,"v.取消, 省略, 省略发音, 不予考虑删节",GRE
admonish,əd'mɑnɪʃ,,"v.劝告, 训诫, 警告",GRE
induce,ɪn'dus,,"v.劝诱, 促使, 导致, 引起, 感应",GRE
dissuade,dɪ'swed,,v.劝阻,GRE
ascertain,'æsɚ'ten,,"v.确定, 探知",GRE
enshrine,ɪn'ʃraɪn,,"v.入庙祀奉, 铭记",GRE
intersperse,",ɪntɚ'spɝs",,"v.散布, 点缀",GRE
molest,mə'lɛst,,"v.骚乱, 困扰, 调戏",GRE
sterilize,'stɛrəlaɪz,,"v.杀菌, 消毒, 使成不毛",GRE
delete,dɪ'lit,,v.删除,GRE
bowdlerize,'baʊdləraɪz,,"v.删除(书等的)不妥的文句, 删改, 修订",GRE
roil,rɔil,,"v.煽动, 激怒",GRE
assoil,ə'sɔil,,"v.赦免, 释放, 补偿",GRE
ingest,ɪn'dʒɛst,,"v.摄取, 咽下, 吸收",GRE
objurgate,əb'dʒɝɡet,,"v.申斥, 非难",GRE
interrogate,ɪn'tɛrəɡet,,"v.审问, 询问",GRE
procreate,'prəukrieit,,"v.生(儿,女), 生殖, 产生",GRE
enchant,ɪn'tʃænt,,"v.施魔法, 使迷惑",GRE
prosecute,'prɑsɪ'kjʊt,,"v.实行, 从事, 告发, 起诉",GRE
abate,ə'bet,,"v.使(数量、程度等)减少, 减轻, 除去, 缓和, 打折扣",GRE
alleviate,ə'livɪ'et,,"v.使(痛苦等)易于忍受, 减轻",GRE
enmesh,ɪn'mɛʃ,,"v.使绊住, 使陷入",GRE
aerate,'ɛret,,"v.使暴露于空气中, 使充满气体",GRE
fulminate,'fʊlmɪnet,,"v.使爆发, 以严词谴责",GRE
transfigure,træns'fɪɡjɚ,,"v.使变形, 美化, 理想化",GRE
transmogrify,"trænz'mɔɡrifai, træns-, trɑ:n-",,"v.使变形, 使变成奇形怪状",GRE
discommode,",dɪskə'məʊd",,"v.使不方便, 使为难, 使不自由",GRE
maim,mem,,"v.使残废, 使不能工作",GRE
embed,ɪm'bɛd,,"v.使插入, 使嵌入, 深留, 嵌入, [医]包埋",GRE
entangle,ɪn'tæŋɡl,,"v.使缠上, 纠缠, 卷入, 连累, 使混乱",GRE
congest,kən'dʒɛst,,"v.使充满, 使拥塞, [医]使充血",GRE
deaerate,di:'εəreit,,"v.使除去空气, 从(液体)中除去气泡",GRE
imperil,ɪm'pɛrəl,,"v.使处于危险, 危害",GRE
embolden,ɛm'boldən,,"v.使大胆, 使有胆量, 使勇敢",GRE
wither,'wɪðɚ,,"v.使凋谢, 使消亡, 使畏缩",GRE
wean,win,,"v.使断奶, 使丢弃, 使断念",GRE
debauch,di'bɔ:tʃ,,v.使堕落,GRE
aggravate,'æɡrəvet,,"v.使恶化, 加重",GRE
perjure,'pɝdʒɚ,,"v.使发伪誓, 使破坏誓言",GRE
pester,'pestə,,"v.使烦恼, 纠缠",GRE
addle,'ædl,,"v.使腐坏, 使糊涂",GRE
proselytize,'prɑsələtaɪz,,v.使改宗,GRE
exhilarate,ɪɡ'zɪləret,,"v.使高兴, 使愉快",GRE
ossify,'ɑsɪfaɪ,,"v.使骨化, 使硬化",GRE
dulcify,"'dʌlsə,fai",,"v.使和好, 使愉快, 使柔和",GRE
reconcile,'rɛkənsaɪl,,"v.使和解, 使和谐, 使顺从",GRE
impregnate,ɪm'prɛɡnet,,"v.使怀孕, 使受精, 使充满, 注入, 灌输",GRE
flummox,'flʌməks,,"v.使惶惑, 打乱, 使狼狈, 使混乱",GRE
redintegrate,"rɛ'dɪntə,gret",,"vt.使恢复完整, 使更新, 重建",GRE
admix,æd'mɪks,,v.使混合,GRE
corroborate,kə'rɑbəret,,"v.使坚固, 确证",GRE
ruggedize,'rʌɡidaiz,,"v.使坚固, 使耐用",GRE
demote,",di'mot",,"v.使降级, 使降职",GRE
interlace,'ɪntɚ'les,,"v.使交织, 使交错",GRE
detoxicate,"di'tɑksə,ket",,v.使解毒,GRE
extricate,'ɛkstrɪket,,"v.使解脱, 救出, 使(气体)游离, 放出",GRE
intromit,",intrəu'mit",,"v.使进入, 插入",GRE
embroil,ɪm'brɔɪl,,"v.使卷入, 牵连, 使纠缠",GRE
insulate,ˈɪnsəˌleɪt ; ˈɪnsjʊˌleɪt,,"v.使绝缘, 隔离",GRE
enrapture,ɪn'ræptʃɚ,,v.使狂喜,GRE
nonplus,",nɔn'plʌs, 'nɔnplʌs",,v.使困惑,GRE
besot,bɪ'sɑt,,"v.使烂醉, 使迷糊, 使沉醉",GRE
denude,dɪ'nud,,"v.使裸露, 剥下, 剥夺, 脱毛",GRE
gratify,'grætə'fai,,v.使满足,GRE
immunize,'ɪmjʊ'naɪz,,"v.使免疫, 赋予免疫性, 使成为无害",GRE
confront,kən'frʌnt,,"v.使面临, 对抗",GRE
obfuscate,'ɑbfʌsket,,"v.使模糊, 使迷乱",GRE
rejuvenate,rɪ'dʒuvənet,,"v.使年轻, 使复原, 使恢复精神, 使恢复活力, 使回春, 使更新",GRE
engird,in'ɡə:d,,"vt.使佩带, 围绕",GRE
expand,ɪk'spænd,,"v.使膨胀, 详述, 扩张",GRE
impoverish,ɪm'pɑvərɪʃ,,"v.使贫穷, 使枯竭",GRE
implicate,'ɪmplɪket,,"v.使牵连其中, 含意, 暗示",GRE
emaciate,"ɪ'meʃɪ,et",,"v.使憔悴, 使消瘦",GRE
straiten,'streitən,,"v.使穷困, 使为难, 限制",GRE
subjugate,'sʌbdʒuɡet,,"v.使屈服, 征服, 使服从, 克制, 抑制",GRE
emulsify,ɪ'mʌlsə'fai,,v.使乳化,GRE
substantiate,səb'stænʃɪet,,"v.使实体化, 证实",GRE
debilitate,dɪ'bɪlɪtet,,"v.使衰弱, 使虚弱",GRE
paralyze,"'pærə,laɪz",,"v.使瘫痪, 使麻痹",GRE
intoxicate,"in'tɔksikeit, -kit, -keit",,"v.使陶醉, 醉人",GRE
desiccate,"'dɛsɪ,ket",,"v.使完全变干, 干贮(食物等)",GRE
tepefy,'tepəfaɪ,,vt.使微热,GRE
invalidate,ɪn'vælɪdet,,v.使无效,GRE
habituate,həˈbɪtʃʊˌet,,"v.使习惯于, 使熟习于",GRE
stultify,'stʌltɪfaɪ,,"v.使显得愚笨, 使变无效, 使成为徒劳",GRE
correlate,'kɔrəlet,,v.使相互关联,GRE
sate,set,,"v.使心满意足, 过分的给与",GRE
regenerate,rɪ'dʒɛnəret,,"v.使新生, 重建, 改革, 革新",GRE
irk,ɝk,,"v.使厌倦, 使苦恼",GRE
ingratiate,ɪn'ɡreʃɪet,,"v.使迎合, 使讨好",GRE
perpetuate,pɚ'pɛtʃuet,,"v.使永存, 使不朽",GRE
stun,stʌn,,"v.使晕倒, 使惊吓, 打晕",GRE
rejoin,",ri'dʒɔɪn",,"v.使再结合, 再加入, 再回答",GRE
fascinate,'fæsə'net,,"v.使着迷, 使神魂颠倒",GRE
refocillate,ri:'fɔsileit,,vt.使振作精神,GRE
stanch,stɔntʃ,,"v.使止血, 止, 止流, 止血",GRE
suffocate,'sʌfəket,,"v.使窒息, 噎住, 闷熄",GRE
stifle,'staɪfl,,"v.使窒息, 抑制",GRE
insinuate,ɪn'sɪnjuet,,"v.使逐步而巧妙地取得, 使迂回地潜入(或挤入), 使慢慢滋长, 含沙射影地说",GRE
emboss,ɪm'bɔs,,"v.饰以浮饰, 使浮雕出来",GRE
withdraw,wɪð'drɔ,,"v.收回, 撤消",GRE
repossess,",ripə'zɛs",,"v.收回, 复得",GRE
amass,ə'mæs,,"v.收集, 积聚(尤指财富)",GRE
redeem,rɪ'dim,,"v.赎回, 挽回, 恢复, 补偿, 兑换",GRE
entrammel,ɪn'træm(ə)l; en-,,"vt.束缚, 妨碍",GRE
swill,swɪl,,"v.涮, 冲洗, 痛饮, 倒出",GRE
rive,raɪv,,"v.撕开, 劈开, 使沮丧",GRE
arraign,ə'rein,,"v.提问, 传讯, 责难",GRE
incarnate,ɪn'kɑrnət,,"v.体现, 使具体化, 使成化身",GRE
tamp,tæmp,,"v.填塞, 夯实",GRE
modulate,'mɑdʒəlet,,"v.调整, 调节, (信号)调制",GRE
concoct,kən'kɑkt,,"v.调制, 调合, 编造",GRE
debrief,di'brif,,"v.听取报告, 听取汇报",GRE
apprise,ə'praiz,,v.通知,GRE
lambaste,læm'best,,"v.痛打, 严责",GRE
abominate,ə'bɑmɪnet,,"v.痛恨, 憎恶",GRE
execrate,'ɛksɪˌkret,,"v.痛骂, 憎恨, 憎恶, 诅咒",GRE
filch,fɪltʃ,,"v.偷窃(不贵重的东西), 窃取",GRE
ejaculate,ɪ'dʒækjulet,,"v.突然说出, (从生物体中)射出",GRE
obliterate,ə'blɪtə'ret,,"v.涂去, 删除, 使湮没",GRE
bedaub,bɪ'dɔb,,"v.涂污, 俗气地装饰",GRE
disembosom,",dɪsəm'bʊzəm",,"vt.吐露, 泄露",GRE
detrude,di'tru:d,,"vt.推倒, 扔掉",GRE
impel,ɪm'pɛl,,"v.推动, 推进, 激励, 驱使, 逼迫",GRE
subvert,sʌb'vɝt,,"v.推翻, 暗中破坏, 搅乱",GRE
propel,prə'pɛl,,"v.推进, 驱使",GRE
gulp,ɡʌlp,,"v.吞, 一口吞(下), 忍住, 抑制",GRE
consign,kən'saɪn,,"v.托运, 委托",GRE
doff,dɑf,,"v.脱, 废除, 丢弃",GRE
flex,flɛks,,"v.弯曲(四肢), 伸缩, 折曲vi折曲, 弯曲",GRE
consummate,'kɑnsəmət,,"v.完成, 使达到极点",GRE
disserve,dɪs'sɜːv,,vt.危害,GRE
lave,leɪv,,"v.为沐浴, 洗",GRE
transgress,trænz'ɡrɛs,,"v.违反, 犯罪, 侵犯",GRE
beleaguer,bi'li:ɡə,,"v.围, 围攻",GRE
besiege,bɪ'sidʒ,,"v.围困, 围攻, 包围",GRE
circumvent,",sɝkəm'vɛnt",,"v.围绕, 包围, 智取",GRE
begird,bi'ɡə:d,,"v.围绕, 缚, 以带子缠绕",GRE
safeguard,'sefɡɑrd,,"v.维护, 保护, 捍卫",GRE
vindicate,'vɪndɪket,,"v.维护, 辩护, 表白",GRE
misconstrue,",mɪskən'stru",,"v.误解, 曲解",GRE
inhale,ɪn'hel,,v.吸入,GRE
immolate,'ɪməlet,,"v.牺牲, 献出, 献祭",GRE
gally,'gæli,,vt.吓唬,GRE
excogitate,"ɛks'kɑdʒə,tetɪv",,"v.想出, 研究出, 设计, 发明",GRE
obviate,'ɑbvɪet,,"v.消除, 排除(危险、障碍等), 回避, 预防, 避免",GRE
extirpate,'ekstɜːpeɪt,,"v.消灭, 根除, 毁灭, [医]摘除(肿瘤等)",GRE
annihilate,ə'naɪəlet,,"v.消灭, 歼灭",GRE
indite,ɪn'daɪt,,"v.写(文章,信等)创作, 赋诗, 创作",GRE
divulge,dɪ'vʌldʒ,,"v.泄露, 暴露",GRE
discharge,dɪs'tʃɑrdʒ,,"v.卸下, 放出, 清偿(债务), 履行(义务), 解雇, 开(炮), 放(枪), 射(箭)",GRE
desecrate,'dɛsɪ'kret,,"v.亵渎, 污辱, 把(神物)供俗用",GRE
emend,ɪ'mɛnd,,"v.修订, 校勘",GRE
lop,lɑp,,"v.修剪, 砍伐, 斩",GRE
recondition,'rikən'dɪʃən,,"v.修理, 使复原, 使正常",GRE
fumigate,'fjumɪɡet,,"v.熏制, 使发香",GRE
domesticate,də'mɛstɪket,,"v.驯养, 使安于土地, 教化",GRE
compress,kəm'prɛs,,"v.压缩, 摘要叙述",GRE
emasculate,ɪ'mæskjʊlɪt,,"v.阉割, 使柔弱, 删削, 使无力",GRE
overwhelm,",ovɚ'wɛlm",,"v.淹没, 覆没, 受打击, 制服, 压倒",GRE
retard,'rɪtɑrd,,"v.延迟, 使减速, 阻止, 妨碍, 阻碍",GRE
prolong,prəˈlɑːŋ,,"v.延长, 拖延",GRE
chastise,tʃæ'staɪz,,"v.严惩, 惩罚",GRE
berate,bɪ'ret,,"v.严厉指责, 申斥",GRE
extenuate,ɪk'stɛnjʊet,,"v.掩饰, 减轻, 使人原谅, 低估, <古>使稀薄",GRE
loathe,loð,,"v.厌恶, 憎恶",GRE
detest,dɪ'tɛst,,"v.厌恶, 憎恨",GRE
wag,wæɡ,,"v.摇摆, 摇动, 饶舌",GRE
reclaim,rɪ'klem,,"v.要求归还, 收回, 开垦",GRE
outfox,",aʊt'fɑks",,v.以计取胜,GRE
heckle,'hɛkl,,"v.以麻梳梳理, 激烈质问, 诘问, 集中质问",GRE
cajole,kə'dʒol,,"v.以甜言蜜语哄骗, 勾引",GRE
controvert,"'kɔntrə,və:t",,"v.议论, 辩论",GRE
restrain,rɪ'stren,,"v.抑制, 制止",GRE
encipher,ɪn'saɪfɚ,,v.译成密码,GRE
decipher,dɪ'saɪfɚ,,"v.译解(密码等), 解释",GRE
trigger,'trɪɡɚ,,"v.引发, 引起, 触发",GRE
adduce,ə'dus,,"v.引证, 举出(例证、理由、证据)",GRE
ensconce,in'skɔns,,"v.隐藏, 安置",GRE
secrete,sɪ'krit,,"v.隐秘, 隐藏, 隐匿, [生理]分泌",GRE
pasteurize,'pæstʃəraɪz,,v.用巴氏法灭菌,GRE
engross,ɪn'ɡros,,"v.用大字体书写, 吸引, 占用, 使全神贯注, 独占",GRE
formulate,'fɔrmjə'let,,"v.用公式表示, 明确地表达, 作简洁陈述",GRE
wimple,'wɪmpl,,"vt.用头巾遮, 使折叠",GRE
spellbind,"'spɛl,baɪnd",,"v.用妖术迷惑, 迷住",GRE
abduct,æb'dʌkt,,"v.诱拐, 绑架",GRE
wheedle,'widl,,"v.诱骗, 哄骗, 骗得",GRE
beguile,bɪ'ɡaɪl,,"v.诱骗, 诱惑",GRE
predestine,pri:'destin,,"v.预定, 注定",GRE
anticipate,æn'tɪsə'pet,,"v.预期, 期望, 过早使用, 先人一着, 占先",GRE
foreordain,",fɔ:rɔ:'dein",,"v.预先, 注定, 预定命运",GRE
predigest,",pridaɪ'dʒɛst",,"v.预先消化, 简化",GRE
refurbish,",ri'fɝbɪʃ",,"v.再磨光, 刷新",GRE
aggrandize,"əˈɡrænˌdaɪz, ˈæɡrən-",,"v.增加, 夸大",GRE
abhor,əb'hɔr,,"v.憎恶, 痛恨",GRE
decollate,'dɛkəlet,,"v.斩首, 杀头",GRE
unfurl,'ʌn'fɝl,,"v.展开, 展示, 公开, 使旗招展",GRE
convoke,kən'vok,,v.召集,GRE
defilade,",dɛfə'led",,vt.遮蔽,GRE
hoodwink,'hʊdwɪŋk,,"v.遮眼, 欺骗, 蒙蔽",GRE
convulse,kən'vʌls,,"v.震动, 震撼, 使抽筋",GRE
vanquish,'væŋkwɪʃ,,"v.征服, 击败, 克服",GRE
asseverate,"ə'sɛvə,ret",,"v.郑重声言, 断言",GRE
sustain,sə'sten,,"v.支撑, 撑住, 维持, 持续",GRE
uphold,ʌpˈhoʊld,,"v.支持, 赞成",GRE
defray,dɪ'fre,,"v.支付, 支出",GRE
enact,ɪ'nækt,,"v.制定法律, 颁布, 扮演",GRE
override,",ovɚ'raɪd",,"v.制服, 践踏, 奔越过, 蹂躏, 不顾, 不考虑(某人的意见,决定,愿望等)",GRE
fabricate,'fæbrɪket,,"v.制作, 构成, 捏造, 伪造, 虚构",GRE
shelve,ʃɛlv,,"v.置于架子上, 缓议, 搁置, 解雇",GRE
calumniate,kə'lʌmnieit,,"v.中伤, 诽谤",GRE
intercept,",ɪntɚ'sɛpt",,"v.中途阻止, 截取",GRE
remodel,",ri'mɑdl",,"v.重新塑造, 改造, 改变",GRE
eject,ɪ'dʒɛkt,,"v.逐出, 撵出, 驱逐, 喷射",GRE
expatriate,",ɛks'petrɪət",,"v.逐出国外, 脱离国籍, 放逐",GRE
ordain,ɔr'den,,"v.注定, 规定, 任命(牧师)",GRE
transfuse,trænz'fjʊz,,"v.注入, 灌输, [医]输血",GRE
bless,blɛs,,"v.祝福, 保佑, <口>哎呀!我的天哪!",GRE
felicitate,fɪ'lɪsɪteɪt,,"v.祝贺, 庆祝, 庆贺, 把某人看作有福, 庆幸",GRE
encapsulate,ɪn'kæpsjə'let,,"v.装入胶囊, 压缩",GRE
overreach,",ovɚ'ritʃ",,v.走过头,GRE
charter,'tʃɑrtɚ,,"v.租, 包(船、车等)",GRE
checkmate,'tʃekmeit,,"v.阻止并败, (象棋)将死",GRE
forgo,fɔr'ɡo,,"v.作罢, 放弃",GRE
hale,heɪl,,a.健壮的， 矍铄的,GRE
belligerent,bi'lidʒərənt,,a.发动战争的； 好斗的， 好挑衅的,GRE
supplant,sə'plænt,,v.排挤， 取代,GRE
abrupt,ə'brʌpt,,a.突然的， 意外的； 唐突的,GRE
predispose,'pridɪ'spoz,,v.使预先有倾向； 易受感染,GRE
spontaneous,spɑn'tenɪəs,,a.自发的； 自然的,GRE
blameworthy,'blemwɝði,,a.该责备的， 有过失的,GRE
gloomy,'ɡlumi,,a.阴暗的； 没有希望的； 阴郁的， 忧郁的,GRE
deference,'dɛfərəns,,n.敬意， 尊重,GRE
compassionate,kəm'pæʃənət,,a.有同情心的,GRE
other-directed,'ʌðədi'rektid,,a.受人支配的,GRE
protective,prə'tɛktɪv,,a.保护的， 防护的,GRE
grandiloquence,græn'dɪləkwəns,,n.豪言壮语， 夸张之言,GRE
bogus,'bogəs,,a.伪造的， 假的,GRE
flit,flɪt,,v.掠过， 迅速飞过,GRE
indigence,"'indidʒəns,-dʒənsi",,n.贫穷， 贫困,GRE
vengeance,'vɛndʒəns,,n.报仇， 报复,GRE
authenticate,ɔ'θɛntɪket,,v.证明…是真实的,GRE
concede,kən'sid,,v.承认； 让步,GRE
grumpy,'ɡrʌmpi,,a.脾气暴躁的,GRE
reprimand,'rɛprɪmænd,,v.训诫， 谴责 n.训诫，谴责,GRE
transitional,træn'zɪʃənl,,a.转变的， 变迁的,GRE
wreak,rik,,v.发泄， 报复； 发泄怒火,GRE
commission,kə'mɪʃən,,n.委托； 佣金,GRE
flip,flɪp,,v.用指轻弹；蹦蹦跳跳 a.无礼的； 冒失的； 轻率的,GRE
nibble,'nɪbl,,v.一点点地咬， 慢慢啃,GRE
rescind,rɪ'sɪnd,,v.废除， 取消,GRE
resume,rɪ'zuːm,,v.重新开始， 继续,GRE
tatter,'tætə,,v.撕碎 n.碎片,GRE
spiral,'spaɪrəl,,a.螺旋形的；上升的 v.螺旋式上升或下降,GRE
pied,paɪd,,a.杂色的,GRE
effrontery,ɪ'frʌntrɪ,,n.厚颜无耻； 放肆,GRE
gripping,'grɪpɪŋ,,a.吸引注意力的， 扣人心弦的,GRE
stasis,'stesɪs,,n.停滞,GRE
obvious,'ɑbvɪəs,,a.明显的， 显而易见的,GRE
dogged,'dɔɡɪd,,a.顽强的,GRE
earthy,'ɝθi,,a.粗俗的， 土气的,GRE
undulate,'ʌndʒə'let,,v.波动， 起伏,GRE
obese,o'bis,,a.极胖的,GRE
empty,ˈɛmptɪ,,a.空的，缺乏的 v.变空， 把…弄空,GRE
goof,ɡuf,,v.犯错误； 闲逛， 消磨时间,GRE
beatific,",biə'tɪfɪk",,a.幸福的， 快乐的,GRE
deploy,dɪ'plɔɪ,,v.部署； 拉长， 展开 especially in width,GRE
huddle,'hʌdl,,v.挤成一团 n.一堆人,GRE
tie,taɪ,,v.系， 拴， 绑 n.平局，不分胜负,GRE
rendition,rɛn'dɪʃən,,n.表演， 演唱,GRE
gumption,'ɡʌmpʃən,,n.进取心， 魄力； 精明强干,GRE
myriad,'miriəd,,a.许多的， 无数的,GRE
tattle,'tætl,,v.闲聊； 泄露秘密,GRE
disperse,dɪ'spɝs,,v.消散， 驱散,GRE
erratic,ɪ'rætɪk,,a.无规律的， 不稳定的； 古怪的,GRE
adoration,",ædə'reʃən",,n.崇拜， 爱慕,GRE
cinder,'sɪndɚ,,n.余烬， 煤渣,GRE
fantasy,'fæntəsi,,n.想象， 幻想,GRE
erode,ɪ'rod,,v.侵蚀； 受到侵蚀,GRE
informative,ɪn'fɔrmətɪv,,a.提供信息的； 见闻广博的,GRE
tusk,tʌsk,,n.长牙,GRE
sane,sen,,a.神志清楚的； 明智的,GRE
frustrate,'frʌstret,,v.挫败， 使沮丧,GRE
jounce,dʒaʊns,,v.颠簸地移动,GRE
gorgeous,'ɡɔrdʒəs,,a.华丽的； 极好的,GRE
importune,",ɪmpɔr'tun",,v.强求， 胡搅蛮缠,GRE
wacky,'wæki,,a.古怪的， 乖僻的,GRE
harp,hɑrp,,v.弹竖琴； 喋喋不休地说或写 n.竖琴,GRE
inmate,'ɪnmet,,n.同住者， 同居者,GRE
fickleness,'fɪkəlnəs,,n.浮躁； 变化无常,GRE
embody,ɪm'bɑdi,,v.使具体化， 体现,GRE
regale,rɪ'ɡel,,v.款待， 宴请； 使…快乐,GRE
welter,'wɛltɚ,,n.混乱， 杂乱无章,GRE
muster,'mʌstɚ,,v.召集， 聚集,GRE
verifiable,"'vɛrə,faɪəbl",,a.能作证的,GRE
ascent,ə'sɛnt,,n.上升， 攀登； 上坡路； 提高， 提升,GRE
comprehensible,'kɑmprɪ'hɛnsəbl,,a.可理解的， 易于理解的,GRE
motivate,'motə'vet,,v.激发， 刺激,GRE
projection,prə'dʒɛkʃən,,n.突起物， 隆起物； 设计， 规划； 发射， 投射,GRE
dissident,'dɪsɪdənt,,n.唱反调者,GRE
multiply,'mʌltɪplaɪ,,v.乘； 增加； 繁殖,GRE
fluffy,'flʌfi,,a.有绒毛的； 无聊的， 琐碎的,GRE
immolate,'ɪməlet,,v.牺牲， 献祭,GRE
hauteur,əu'tə:,,n.傲慢,GRE
hedonist,'hidənɪst,,n.享乐主义者,GRE
hypochondriac,",haɪpə'kɑndrɪæk",,a.忧郁症的 n.忧郁症患者,GRE
conducive,kən'dusɪv,,a.有助于…的， 有益的,GRE
iridescent,",ɪrɪ'dɛsnt",,a.色彩斑斓的,GRE
multiple,'mʌltəpl,,a.多样的， 多重的,GRE
chaffing,'tʃæfɪŋ,,a.玩笑的， 嘲弄的,GRE
requite,rɪ'kwaɪt,,v.报答； 报复,GRE
haggard,'hæɡɚd,,a.憔悴的， 消瘦的,GRE
poignant,'pɔɪnjənt,,a.令人痛苦的， 伤心的； 尖锐的， 尖刻的,GRE
puncture,'pʌŋktʃɚ,,v.刺穿，戳破 n.刺孔， 穿孔,GRE
omnivorous,ɑm'nɪvərəs,,a.杂食的； 兴趣杂的,GRE
foolproof,'fulpruf,,a.极易懂的， 十分简单的,GRE
taking,'tekɪŋ,,a.楚楚动人的， 迷人的,GRE
terrifying,ˈtɛrəˌfaɪɪŋ,,a.恐怖的,GRE
romance,ro'mæns,,v.虚构 n.传奇故事；虚构；浪漫氛围；风流韵事,GRE
impeach,ɪm'pitʃ,,v.控告； 怀疑； 弹劾,GRE
artistry,'ɑrtɪstri,,n.艺术技巧,GRE
catalog,'kætəlɔg,,n.目录； 系列,GRE
immortal,ɪ'mɔrtl,,a.不朽的， 流芳百世的,GRE
narcissist,nɑr'sɪsɪst,,n.自恋狂， 自恋者,GRE
sate,set,,v.使心满意足， 使厌腻,GRE
conjecture,kən'dʒɛktʃɚ,,v&n.推测， 臆测,GRE
burlesque,bɝ'lɛsk,,n.讽刺或滑稽的戏剧， 滑稽剧,GRE
sash,sæʃ,,n.肩带,GRE
carrion,'kærɪən,,n.腐肉,GRE
conceit,kən'sit,,n.自负， 自大,GRE
indelible,ɪn'dɛləbl,,a.擦拭不掉的， 不可磨灭的,GRE
timid,'tɪmɪd,,a.羞怯的； 胆怯的， 怯懦的,GRE
decentralize,di'sɛntrə'laɪz,,v.分散， 权力下放 from central government to regional government),GRE
phobia,'fobɪə,,n.恐惧症,GRE
angular,'æŋɡjəlɚ,,a.生硬的， 笨拙的； 有角的； 瘦削的,GRE
remit,'rimɪt,,v.免除； 宽恕； 汇款,GRE
fallow,'fælo,,a.休耕的 n.休耕地,GRE
assuredness,ə'ʃurdnəs,,n.确定； 自信,GRE
podium,'podɪəm,,n.讲坛， 指挥台,GRE
ensue,ɪn'su,,v.接着发生,GRE
weightless,'wetləs,,a.无重力的， 失重的,GRE
hash,hæʃ,,n.杂乱， 混乱； 杂烩菜,GRE
homage,'hɑmɪdʒ,,n.效忠； 敬意,GRE
pine,paɪn,,v.憔悴； 渴望 n.松树,GRE
stagger,'stægɚ,,v.蹒跚， 摇晃,GRE
enliven,ɪn'laɪvən,,v.使…更活跃或更愉快,GRE
syndrome,'sɪndrəm,,n.综合症,GRE
fraternity,frə'tɝnəti,,n.同行； 友爱,GRE
redundancy,rɪ'dʌndənsi,,n.多余， 累赘； 裁员； 人浮于事,GRE
rote,rot,,n.死记硬背,GRE
forfeiture,'fɔrfətʃɚ,,n.丧失,GRE
jagged,'dʒæɡɪd,,a.锯齿状的， 参差不齐的,GRE
harmonic,hɑr'mɑnɪk,,a.和声的； 和谐的,GRE
toy,tɔɪ,,v.不认真地对待， 玩弄,GRE
beholden,bɪ'holdən,,a.因受恩惠而心存感激，感谢；欠人情,GRE
impoverish,ɪm'pɑvərɪʃ,,v.使贫穷,GRE
hallowed,'hælod,,a.神圣的,GRE
whirlpool,'wɝlpul,,n.旋涡,GRE
intellectual,",ɪntə'lɛktʃuəl",,a.智力的；理性的 n.知识分子,GRE
reclaim,rɪ'klem,,v.纠正， 改造； 开垦,GRE
interchangeable,",ɪntɚ'tʃendʒəbl",,a.可互换的,GRE
allegory,'æləɡɔri,,n.寓言,GRE
sarcastic,sɑr'kæstɪk,,a.讽刺的,GRE
interchangeably,ɪntɚ'tʃendʒəbli,,ad.可互换地,GRE
disengage,'dɪsɪn'gedʒ,,v.脱离， 解开,GRE
officious,ə'fɪʃəs,,a.过于殷勤的， 多管闲事的； 非官方的,GRE
resurrect,",rezə'rekt",,v.使复活； 复兴,GRE
cosycozy,'kouzi,,a.温暖而舒适的,GRE
cantankerous,kæn'tæŋkərəs,,a.脾气坏的； 好争吵的,GRE
con,kɑn,,v.欺骗 n.反对论,GRE
kudos,'kudɑs,,n.声誉， 名声,GRE
cow,kaʊ,,n.母牛，奶牛 v.恐吓，威胁,GRE
quack,kwæk,,a.庸医的 n.冒牌医生，庸医,GRE
reverberate,rɪ'vɝbə'ret,,v.发出回声， 回响,GRE
coy,kɔɪ,,a.腼腆的， 忸怩作态的,GRE
pacify,'pæsə'fai,,v.使安静， 抚慰,GRE
bruise,bruz,,v.受伤， 擦伤,GRE
automation,",ɔtə'meʃən",,n.自动装置,GRE
academic,",ækə'dɛmɪk",,a.学院的， 学术的； 理论的,GRE
rove,rov,,v.流浪， 漂泊,GRE
patriot,'petrɪət,,n.爱国者， 爱国主义者,GRE
pernicious,pɚ'nɪʃəs,,a.有害的； 致命的,GRE
rout,raʊt,,n.溃败,GRE
peddle,'pɛdl,,v.兜售,GRE
indistinguishable,'ɪndɪ'stɪŋgwɪʃəbl,,a.无法区分的， 难以分辨的,GRE
acidic,ə'sɪdɪk,,a.酸的， 酸性的,GRE
hawk,hɔk,,n.隼， 鹰,GRE
voracity,və'ræsəti,,n.贪食； 贪婪,GRE
impenitent,ɪm'pɛnɪtənt,,a.不知悔悟的,GRE
avocation,'ævo'keʃən,,n.副业； 嗜好,GRE
scission,'sɪʒən,,n.切断， 分离， 断开,GRE
hazy,'hezi,,a.朦胧的， 不清楚的,GRE
renowned,ri'naund,,a.有名的,GRE
clammy,'klæmi,,a.湿冷的， 发粘的,GRE
effective,ɪ'fɛktɪv,,a.有效的， 生效的； 给人印象深刻的,GRE
pother,'pɔðə,,v.烦恼 n.喧扰，骚动,GRE
flux,flʌks,,n.不断的变动， 变迁， 动荡不安,GRE
skullduggery,skʌl'dʌɡəri,,n.欺骗， 使诈,GRE
slattern,'slætərn,,a.不整洁的 n.邋遢的女人,GRE
resurgence,rɪ'sɝdʒəns,,n.再起， 复活， 再现,GRE
ideological,",aɪdɪə'lɑdʒɪkl",,a.意识形态的， 思想体系的； 思想上的,GRE
celibate,'sɛlɪbət,,a.不结婚的 n.独身者,GRE
probe,prob,,v.调查， 探测,GRE
incorrigibility,ɪnˌkɔrɪdʒə'bɪləti,,n.无可救药,GRE
clamor,'klæmə,,n.吵闹， 喧哗,GRE
harness,'hɑrnɪs,,v.束以马具； 利用， 控制 n.马具，挽具,GRE
impatience,ɪm'peʃəns,,n.不耐烦， 焦躁,GRE
sketch,skɛtʃ,,v.画草图， 写概略 n.草图，概略,GRE
narcissism,'nɑrsɪ'sɪzəm,,n.自恋， 自爱,GRE
fatten,'fætn,,v.长胖， 变肥； 使…肥沃； 装满,GRE
interlock,'ɪntɚlɑk,,v.互锁， 连结,GRE
antiquarianism,ˌænti'kweəriənizəm,,n.古物研究， 好古癖,GRE
vertebrate,'vɝtɪbrət,,n&adj.脊椎动物,GRE
rectify,'rɛktɪfaɪ,,v.改正， 矫正； 提纯,GRE
eventual,i'ventʃuəl,,a.最终的,GRE
refrain,rɪ'fren,,v.抑制 n.叠句,GRE
pith,pɪθ,,n.精髓， 要点,GRE
strut,strʌt,,v.趾高气扬地走 n.支柱,GRE
jumble,'dʒʌmbl,,v.使混乱，混杂 n.混杂， 杂乱,GRE
typographical,taɪpə'græfɪkl,,a.印刷上的,GRE
opposite,ˈɑpəzɪt; ˈɑpəsɪt,,a.相反的， 对立的,GRE
mendacious,men'deiʃəs,,a.不真实的， 虚假的； 习惯性说谎的,GRE
aftermath,'æftəmæθ,,n.后果， 余波,GRE
cub,kʌb,,n.幼兽； 笨手笨脚的年轻人,GRE
cue,kju,,v.暗示，提示 n.暗示， 提示,GRE
chortle,'tʃɔrtl,,v.开心地笑，咯咯地笑 n.得意的笑,GRE
footle,'fu:tl,,v.说胡话， 做傻事； 浪费),GRE
stereotype,'stɛrɪətaɪp,,n.固定形式， 老套,GRE
infringe,ɪn'frɪndʒ,,v.违反， 侵害,GRE
jurisdiction,",dʒʊrɪs'dɪkʃən",,n.司法权， 审判权， 裁判权,GRE
concurrent,kən'kɝənt,,a.并发的； 协作的， 一致的,GRE
harass,"ˈhærəs, həˈræs",,v.侵扰， 烦扰,GRE
moment,'momənt,,n.瞬间； 重要,GRE
irreverent,ɪ'rɛvərənt,,a.不尊敬的,GRE
instinctive,ɪn'stɪŋktɪv,,a.本能的,GRE
mettle,'mɛtl,,n.勇气， 斗志,GRE
tear,(for v.) ˈter; (for n.) ˈtir,,v.撕裂,GRE
attach,ə'tætʃ,,v.系上， 贴上， 附上,GRE
distribute,dɪ'strɪbjut,,v.分发， 分配,GRE
stench,stɛntʃ,,n.臭气， 恶臭,GRE
participate,pɑr'tɪsə'pet,,v.分担； 参与； 分享,GRE
rapacious,rə'peʃəs,,a.掠夺的； 贪婪的,GRE
lottery,'lɑtəri,,n.抽彩给奖法,GRE
shove,ʃʌv,,v.推挤， 猛推,GRE
reflective,rɪ'flɛktɪv,,a.反射的， 反照的； 深思熟虑的,GRE
suborn,sə'bɔrn,,v.收买， 贿赂,GRE
comatose,'komətos,,a.昏迷的,GRE
bibliomania,",bɪblɪə'menɪə",,n.藏书癖,GRE
huffy,'hʌfi,,a.愤怒的， 恼怒的,GRE
cabinet,'kæbɪnət,,n.橱柜； 内阁,GRE
insubstantial,",ɪnsəb'stænʃl",,a.无实体的； 脆弱的,GRE
variegate,"'vɛrɪ,get",,v.使多样化， 使色彩斑澜,GRE
ostensible,ɑ'stɛnsəbl,,a.表面上的,GRE
tedious,'tidɪəs,,a.冗长的， 乏味的,GRE
initiate,ɪ'nɪʃɪet,,v.发起， 开始； 接纳,GRE
prepossessing,",pripə'zɛsɪŋ",,a.给人好感的,GRE
glare,ɡlɛr,,v.发炫光； 怒目而视,GRE
terrestrial,tə'rɛstrɪəl,,a.地球的； 陆地的,GRE
deception,dɪ'sɛpʃən,,n.欺骗， 诡计,GRE
slovenly,'slʌvnli,,a.不整洁的， 邋遢的,GRE
budget,'bʌdʒɪt,,v.做预算， 安排开支 n.预算,GRE
interlocking,ˌɪntər'lɑːkɪŋ,,a.连锁的； 关联的,GRE
ultimate,ˈʌltəmɪt,,a.最后的,GRE
prosecute,'prɑsɪ'kjʊt,,v.起诉； 告发,GRE
ancestral,æn'sɛstrəl,,a.祖先的， 祖传的,GRE
arboreal,ɑr'bɔrɪəl,,a.树木的,GRE
carnivorous,kɑrˈnɪvərəs,,a.肉食动物的,GRE
assume,ə'sum,,v.假定； 承担， 担任,GRE
fetid,'fɛtɪd,,a.有恶臭的,GRE
askance,ə'skæns,,ad.斜视地,GRE
warranted,'wɔrənt,,a.保证的； 担保的,GRE
banish,'bænɪʃ,,v.放逐,GRE
intercede,",ɪntɚ'sid",,v.说好话， 代为求情,GRE
disaster,dɪ'zæstɚ,,n.灾难， 灾祸， 不幸,GRE
stark,stɑrk,,a.光秃秃的； 荒凉的； 僵硬的； 完全的,GRE
bellow,'bɛlo,,v.咆哮； 吼叫,GRE
progeny,'prɑdʒəni,,n.后代， 子孙,GRE
agnostic,æg'nɑstɪk,,a.不可知论的 n.不可知论者,GRE
intermingle,",ɪntɚ'mɪŋɡl",,v.混合， 掺杂,GRE
bicker,'bɪkɚ,,v.争吵， 口角,GRE
restorative,rɪ'stɔrətɪv,,a.恢复健康的,GRE
teem,tim,,v.充满； 到处都是； 暴降， 倾注,GRE
foreshadow,fɔr'ʃædo,,v.成为先兆， 预示,GRE
marvel,'mɑrvl,,v.对…感到惊异 n.奇迹,GRE
recipient,rɪ'sɪpɪənt,,n.接受者， 收受者,GRE
replete,rɪ'plit,,a.充满的， 供应充足的,GRE
blemish,'blɛmɪʃ,,v.损害；玷污 n.瑕疵， 缺点,GRE
befuddle,bɪ'fʌdl,,v.使迷惑不解； 使酒醉昏迷,GRE
stash,stæʃ,,v.藏匿,GRE
inundate,'ɪnʌndet,,v.淹没， 泛滥； 压倒,GRE
measured,'mɛʒɚd,,a.量过的， 精确的； 慎重的， 恰如其分的,GRE
rewarding,rɪ'wɔrdɪŋ,,a.有益的， 值得的,GRE
abreast,ə'brɛst,,ad.并列， 并排,GRE
complementary,'kɑmplə'mɛntri,,a.互补的,GRE
extant,ɛk'stænt,,a.现存的， 现有的,GRE
cliché,kliː'ʃeɪ,,a.陈腐的usedsooftenthatithasbecomestaleormeaningless) n.陈词滥调,GRE
undemonstrable,ˌʌndɪ'mɑːnstrəbl,,a.无法证明的， 难以证明的,GRE
restoration,'rɛstə'reʃən,,n.恢复， 复原,GRE
epidermis,",ɛpɪ'dɝmɪs",,n.表皮， 外皮,GRE
inveigh,ɪn've,,v.痛骂， 猛烈抨击,GRE
anathema,ə'næθəmə,,n.被诅咒的人； 革出教门， 诅咒,GRE
monochromatic,",mɑnəkrə'mætɪk",,a.单色的,GRE
undistorted,ˌʌndɪ'stɔːrtɪd,,a.未失真的,GRE
detonate,'dɛtənet,,v.爆炸， 引爆,GRE
prudish,'prudɪʃ,,a.过分守礼的， 假道学的,GRE
vagary,'veiɡəri,,n.奇想， 异想天开,GRE
serried,'sɛrɪd,,a.密集的,GRE
newsworthy,'nuzwɝði,,a.有新闻价值的， 有报道价值的,GRE
benefactor,'bɛnɪfæktɚ,,n.行善者， 捐助者,GRE
competence,'kɑmpɪtəns,,n.胜任， 能力,GRE
frivolous,'frɪvələs,,a.轻薄的， 轻佻的,GRE
waddle,'wɑdl,,v.摇摇摆摆地走,GRE
assure,ə'ʃʊr,,v.保证； 使确信,GRE
pretext,'pritɛkst,,n.借口,GRE
consult,kən'sʌlt,,v.请教，咨询，商量 n.咨询,GRE
gracious,'ɡreʃəs,,a.大方的， 和善的； 奢华的； 优美的， 雅致的,GRE
survive,sɚ'vaɪv,,v.幸存,GRE
dehumanize,",di'hjumənaɪz",,v.使失掉人性,GRE
adversary,'ædvɚsɛri,,a.对手的， 敌对的 n.对手，敌手,GRE
precarious,prɪˈkɛrɪəs,,a.根据不足的， 未证实的； 不稳固的， 危险的,GRE
conceptual,kən'sɛptʃʊəl,,a.概念上的,GRE
evince,ɪ'vɪns,,v.表明， 表示,GRE
furor,'fjʊrrɔr,,n.喧闹， 轰动； 盛怒,GRE
agoraphobic,",æɡərə'fobɪk",,n&adj.患旷野恐惧症的,GRE
tweak,twik,,v.扭， 拧， 揪； 调节， 微调,GRE
incubation,",ɪŋkju'beʃən",,n.孵卵期； 潜伏期,GRE
belligerence,bə'lɪdʒərəns,,n.交战； 好战性， 斗争性,GRE
prevalent,'prɛvələnt,,a.流行的， 盛行的,GRE
cling,klɪŋ,,v.紧紧抓住； 坚持,GRE
satire,'sætaɪɚ,,n.讽刺,GRE
projectile,prə'dʒɛktl,,n.抛射体,GRE
oasis,o'esɪs,,n.绿洲,GRE
satiny,'sætni,,a.光滑的， 柔软的,GRE
compact,'kɑmpækt,,a.坚实的；简洁的 n.合同， 协议,GRE
irrigate,'ɪrəget,,v.灌溉； 冲洗 with a stream of liquid),GRE
appetizing,'æpə'taɪzɪŋ,,a.美味可口的， 促进食欲的,GRE
enlightening,in'laitəniŋ,,a.有启迪作用的； 使人领悟的,GRE
audible,'ɔdəbl,,a.听得见的,GRE
celebrated,'sɛlə'bretɪd,,a.有名的， 知名的,GRE
offish,'ɔfɪʃ,,a.冷淡的,GRE
showy,'ʃoi,,a.俗艳的； 炫耀的,GRE
stylize,"'staɪ,laɪz",,v.使…风格化,GRE
depredation,",dɛprə'deʃən",,n.劫掠， 蹂躏,GRE
ambush,'æmbʊʃ,,v.埋伏 n.埋伏；伏击,GRE
impressionable,ɪm'prɛʃənəbl,,a.易受影响的,GRE
cynosure,'sɪnəʃʊr,,n.注意的焦点,GRE
harrow,'hærəu,,v.耙地； 使痛苦 n.耙,GRE
nimble,'nɪmbl,,a.敏捷的， 灵活的,GRE
undergird,",ʌndə'ɡə:d",,v.从底层支持， 加固…的底部,GRE
erratically,ɪ'rætɪkli,,ad.不规律地， 不定地,GRE
countless,'kaʊntləs,,a.无数的,GRE
fervor,'fə:və,,n.热诚， 热烈,GRE
entertain,",ɛntɚ'ten",,v.款待， 招待； 使欢乐， 娱乐,GRE
gulch,ɡʌltʃ,,n.深谷， 峡谷,GRE
deceptive,dɪ'sɛptɪv,,a.欺骗的， 导致误解的,GRE
critical,'krɪtɪkl,,a.挑毛病的； 关键的； 危急的,GRE
reciprocally,rɪ'sɪprəkli,,ad.相互地； 相反地,GRE
logistics,lə'dʒɪstɪks,,n.后勤学； 后勤,GRE
envision,ɪn'vɪʒn,,v.想象， 预想,GRE
homogeneity,",hɑmədʒə'niəti",,n.同种， 同质,GRE
inducement,ɪn'dusmənt,,n.引诱； 引诱物， 诱因， 动机,GRE
tend,tɛnd,,v.照料， 照看,GRE
mumble,'mʌmbl,,v.咕哝， 含糊不清地说,GRE
somber,ˈsɑːmbər,,a.忧郁的； 阴暗的,GRE
equitable,'ekwitəbl,,a.公正的， 合理的,GRE
specimen,'spɛsəmən,,n.范例， 样品， 标本,GRE
vituperate,vi'tju:pəreit,,v.谩骂， 辱骂,GRE
exotic,ɪɡ'zɑtɪk,,a.异国的， 外来的； 奇异的， 珍奇的,GRE
revenge,rɪ'vɛndʒ,,n.报复， 报仇,GRE
subscribe,səb'skraɪb,,v.捐助； 订购,GRE
intemperance,in'tempərəns,,n.放纵， 不节制， 过度,GRE
utopia,ju:'təupiə,,n.乌托邦,GRE
therapy,'θɛrəpi,,n.治疗,GRE
ineluctable,",ɪnɪ'lʌktəbl",,a.不能逃避的,GRE
chromosome,'kroməsom,,n.染色体,GRE
illiberal,ɪ'lɪbərəl,,a.偏执的， 思想狭隘的,GRE
crescendo,krə'ʃɛndo,,n.渐强； 高潮,GRE
paltry,'pɔltri,,a.无价值的， 微不足道的,GRE
puffery,'pʌfəri,,n.极力称赞， 夸大广告， 吹捧,GRE
concentration,'kɑnsn'treʃən,,n.专心， 专注； 集中； 浓度,GRE
velocity,vəˈlɑsəti,,n.速率， 速度； 迅速， 快速,GRE
malfeasance,",mæl'fizns",,n.不法行为， 渎职,GRE
successively,sək'sɛsɪvli,,ad.接连地， 继续地,GRE
trumpery,'trʌmpəri,,a.中看不中用的,GRE
condign,kən'daɪn,,a.罪有应得的 severe and well deserved)； 适宜的,GRE
resent,rɪ'zɛnt,,v.憎恶， 怨恨,GRE
quantifiable,"'kwɑntə,faɪəbl",,a.可以计量的； 可量化的,GRE
homespun,'homspʌn,,a.朴素的； 家织的,GRE
underling,'ʌndɚlɪŋ,,n.部下， 下属， 手下,GRE
instigate,'ɪnstə'get,,v.怂恿， 鼓动， 煽动,GRE
den,dɛn,,n.兽穴， 窝,GRE
stunning,'stʌnɪŋ,,a.极富魅力的,GRE
credulous,'krɛdʒələs,,a.轻信的， 易上当的,GRE
ashen,'æʃən,,"a.灰色的， 苍白的, especially deadly pale)",GRE
exemplar,ɪɡ'zɛmplɑr,,n.模范， 榜样,GRE
exuberance,ɪg'zjʊbərəns,,n.愉快； 茁壮,GRE
adjudicate,ə'dʒudɪket,,v.充当裁判； 判决,GRE
apparition,",æpə'rɪʃən",,n.幽灵； 特异景象,GRE
impact,ɪm'pækt,,n.冲击， 影响,GRE
grate,ɡret,,v.吱嘎磨碎； 使人烦躁， 刺激,GRE
scavenge,'skævɪndʒ,,v.清除； 从废物中提取有用物质,GRE
strew,stru:,,v.撒满， 散播,GRE
excogitate,"ɛks'kɑdʒə,tetɪv",,v.认真想出,GRE
meddle,'mɛdl,,v.干涉， 干预,GRE
supine,'supaɪn,,a.仰卧的； 懒散的,GRE
nascent,'næsnt,,a.初生的， 萌芽的,GRE
influential,",ɪnflu'ɛnʃl",,a.有影响力的,GRE
impinge,ɪm'pɪndʒ,,v.侵犯； 撞击,GRE
embryonic,",ɛmbrɪ'ɑnɪk",,a.胚胎的； 萌芽期的,GRE
distinctive,dɪ'stɪŋktɪv,,a.出众的， 有特色的,GRE
prefigure,pri'fɪɡjʊr,,v.预示； 预想,GRE
interstice,ɪn'tɝstɪs,,n.裂缝， 空隙,GRE
brag,bræɡ,,v.吹嘘,GRE
override,",ovɚ'raɪd",,v.驳回； 蹂躏， 践踏,GRE
latch,lætʃ,,n.〔门或窗的〕闩，插销 v.用碰(簧)锁锁上；用插销插上,GRE
rigid,'rɪdʒɪd,,a.严格的； 僵硬的， 刚硬的,GRE
congruous,'kɔŋɡruəs,,a.一致的， 符合的；,GRE
advent,'ædvent,,n.到来， 来临,GRE
forbear,fɔr'bɛr,,v.克制； 忍耐,GRE
indestructible,",ɪndɪ'strʌktəbl",,a.不能破坏的， 不可毁灭的,GRE
plainspoken,'pleɪn'spoukən,,a.直言不讳的,GRE
herbaceous,ɝ'beʃəs,,a.草本的,GRE
enflame,ɪn'fleɪm,,v.燃烧,GRE
lucubrate,"'lʊkjʊ,bret",,v.刻苦攻读， 埋头苦干， 专心著作,GRE
grumble,'ɡrʌmbl,,v.嘟囔， 抱怨， 发牢骚,GRE
clairvoyance,klɛr'vɔɪəns,,n.超人的洞察力,GRE
ruminate,'rumɪnet,,v.反刍； 深思,GRE
cynic,'sɪnɪk,,n.犬儒主义者， 愤世嫉俗者,GRE
desert,(for v.) dɪˈzɝ​t; (for n.) 'dɛzɚt,,v.遗弃， 离弃,GRE
interconnected,",ɪntɚkə'nɛkt",,a.相互连接的,GRE
die,daɪ,,n.金属模子， 金属印模,GRE
fragrant,'fregrənt,,a.芳香的,GRE
dillydally,"'dɪli,dæli",,v.磨蹭， 浪费时间,GRE
rigor,'rɪgɚ,,n.严厉， 严格， 苛刻； 严密， 精确,GRE
dim,dɪm,,v.使暗淡，使模糊 a.昏暗的， 暗淡的,GRE
turgid,'tɝdʒɪd,,a.肿胀的； 浮夸的,GRE
besiege,bɪ'sidʒ,,v.围攻； 困扰,GRE
anachronistic,"ə,nækrə'nistik,-kəl",,a.时代错误的,GRE
exemplary,ɪɡ'zɛmpləri,,a.模范的， 典范的； 可仿效的,GRE
desuetude,"'dɛswɪ,tjʊd",,n.废止， 不用,GRE
impudent,'ɪmpjədənt,,a.鲁莽的， 无礼的,GRE
cliche,'kli:ʃei,,n.陈词滥调,GRE
adamant,'ædəmənt,,a.坚决的， 固执的； 强硬的,GRE
poignancy,'pɔɪɡnənsi,,n.辛辣， 尖锐,GRE
depravity,dɪ'prævəti,,n.堕落， 恶习,GRE
fruition,fru'ɪʃən,,n.实现， 完成,GRE
molten,'moltən,,a.熔融的， 熔化的,GRE
impair,ɪm'pɛr,,v.损害， 削弱,GRE
sumptuous,'sʌmptʃuəs,,a.豪华的， 奢侈的,GRE
stray,stre,,v.偏离，迷路 a.迷路的； 零落的,GRE
static,'stætɪk,,a.静态的； 呆板的,GRE
evenhanded,'i:vən'hændid,,a.公平的， 不偏不倚的,GRE
bray,bre,,v.大声而刺耳地发出 loudly and harshly),GRE
digressive,daɪ'ɡrɛsɪv; dɪ'ɡrɛsɪv,,a.离题的， 枝节的,GRE
diversify,daɪˈvɜrsəˌfaɪ,,v.多样化,GRE
aromatic,",ærə'mætɪk",,a.芬芳的， 芳香的,GRE
brat,bræt,,n.孩子； 顽童,GRE
inventive,ɪn'vɛntɪv,,a.善于发明的， 有创造力的； 发明的,GRE
sermon,'sɝmən,,n.布道； 说教， 训诫,GRE
mendacity,mɛn'dæsəti,,n.不诚实,GRE
imbibe,ɪm'baɪb,,v.喝； 吸入,GRE
vertigo,'vɝtɪɡo,,n.眩晕， 晕头转向,GRE
impermeable,ɪm'pɝmɪəbl,,a.不可渗透的， 不透水的,GRE
emote,ɪ'mot,,v.激动地表达感情,GRE
inoculate,ɪ'nɑkjə'let,,v.注射预防针,GRE
pluralist,'pluərəlist,,n.兼任数个宗教职位者， 兼职者,GRE
palate,'pælət,,n.上腭； 口味； 爱好,GRE
truant,'tru:ənt,,a.逃避责任的 n.逃学者； 逃避者， 玩忽职守者,GRE
unconfirmed,",ʌnkən'fɝmd",,a.未经证实的,GRE
virtual,ˈvɝ​tʃʊəl,,a.实质上的， 实际上的,GRE
lathe,leð,,v.用车床加工 n.车床,GRE
vegetate,'vɛdʒətet,,v.像植物那样生长； 无所事事地生活,GRE
apposite,'æpəzɪt,,a.适当的， 贴切的,GRE
arraign,ə'rein,,v.传讯； 指责,GRE
guzzle,'ɡʌzl,,v.大吃大喝； 大量消耗,GRE
foppish,'fɑpɪʃ,,a.纨绔子弟的； 浮华的， 俗丽的,GRE
pound,paʊnd,,v.猛击， 连续重击； 狂跳， 怦怦地跳,GRE
ignore,ɪɡ'nɔr,,v.不顾， 不理， 忽视,GRE
loaf,lof,,v.虚度光阴 n.一条,GRE
applaud,ə'plɔd,,v.鼓掌； 称赞,GRE
shoal,ʃol,,a.浅的， 薄的 n.浅滩，浅水处；一群,GRE
drollery,'drəuləri,,n.滑稽,GRE
erudite,'ɛrudaɪt,,a.博学的， 饱学的,GRE
abusive,ə'bjʊsɪv,,a.谩骂的， 毁谤的； 虐待的,GRE
advert,ædˈvɚt,,v.注意， 留意； 提及,GRE
permeate,'pɝmɪet,,v.扩散， 弥漫； 穿透,GRE
insurgent,ɪn'sɝdʒənt,,a.叛乱的，起义的 n.叛乱分子,GRE
indented,ɪn'dɛntɪd,,a.锯齿状的； 高低不平的,GRE
grant,ɡrænt,,v.同意给予； 授予,GRE
podiatrist,pə'daɪətrɪst,,n.足病医生,GRE
qualified,'kwɑlə'faɪd,,a.合格的； 有限制的,GRE
relic,'rɛlɪk,,n.遗物， 遗迹， 遗风,GRE
construct,kən'strʌkt,,v.建造， 构造,GRE
rivalry,'raɪvlri,,n.竞争， 对抗,GRE
stale,stel,,a.不新鲜的， 陈腐的,GRE
stalk,stɔk,,v.隐伏跟踪,GRE
iconoclast,aɪ'kɑnəklæst,,n.攻击传统观念或风俗的人,GRE
undeserving,",ʌndɪ'zɝvɪŋ",,a.不值得的,GRE
ruminant,'ruːmɪnənt,,a.反刍的； 沉思的,GRE
immaculate,ɪ'mækjələt,,a.洁净的， 无瑕的,GRE
fallibility,",fælə'bɪləti",,n.易出错， 不可靠,GRE
iconoclasm,aɪ'kɑːnəklæzəm,,n.破坏偶像的理论， 打破旧习,GRE
chipper,'tʃɪpɚ,,a.爽朗的， 活泼的,GRE
brew,brʊ,,v.酿酒； 沏， 煮； 酝酿， 即将发生,GRE
menace,'mɛnəs,,n&v.威胁， 恐吓,GRE
plethora,'plɛθərə,,n.过多， 过剩,GRE
dulcet,'dʌlsɪt,,a.美妙的， 悦耳的,GRE
debunk,'di'bʌŋk,,v.揭穿真相， 暴露,GRE
substratum,'sʌbstretəm,,n.基础； 地基,GRE
deflect,dɪ'flɛkt,,v.偏离， 转向,GRE
sideline,'saɪdlaɪn,,n.副业， 兼职,GRE
counterbalance,",kaʊntɚ'bæləns",,v.起平衡作用,GRE
status,ˈstetəs,,n.身份， 地位,GRE
rebuff,rɪ'bʌf,,v.断然拒绝,GRE
imperious,ɪm'pɪrɪəs,,a.傲慢的， 专横的,GRE
familiarity,"fə,mɪlɪ'ærəti",,n.熟悉； 亲近， 亲密； 不拘礼仪,GRE
diffusion,dɪ'fjʊʒən,,n.扩散， 弥漫； 冗长； 反射； 漫射,GRE
extraneous,ɪk'strenɪəs,,a.外来的； 无关的,GRE
disseminate,dɪ'sɛmɪnet,,v.传播， 宣传,GRE
exodus,'ɛksədəs,,n.大批离去， 成群外出,GRE
cult,kʌlt,,n.异教， 教派； 狂热的崇拜,GRE
crimp,krɪmp,,v.使起皱， 使卷曲； 抵制， 束缚,GRE
digression,daɪ'grɛʃən,,n.离题， 题外话,GRE
condemnation,",kɑndɛm'neʃən",,n.谴责,GRE
accumulate,ə'kjumjəlet,,v.积聚， 积累,GRE
pristine,'prɪstin,,a.原始的； 质朴的， 纯洁的； 新鲜的， 干净的,GRE
cull,kʌl,,v.挑选，精选 n.剔除的东西,GRE
touchy,'tʌtʃi,,a.敏感的， 易怒的,GRE
ogle,'oɡl,,v.送秋波 n.媚眼,GRE
forward,'fɔrwɚd,,a.过激的； 莽撞的， 冒失的， 无礼的,GRE
trenchant,'trɛntʃənt,,a.犀利的， 尖锐的,GRE
inexpedient,",ɪnɪk'spidɪənt",,a.不适当的， 不明智的,GRE
succor,'sʌkɚ,,v.救助， 援助,GRE
pantomime,'pæntəmaɪm,,n.哑剧,GRE
discreet,dɪ'skrit,,a.小心的， 言行谨慎的,GRE
insincere,",ɪnsɪn'sɪr",,a.不诚恳的， 虚伪的,GRE
bait,bet,,v.逗弄； 激怒 n.诱饵,GRE
lunge,lʌndʒ,,n.冲， 扑,GRE
evict,ɪ'vɪkt,,v.驱逐,GRE
revenue,'rɛvənu,,n.收入， 收益； 税收,GRE
strip,strɪp,,v.剥去 n.狭长的一片,GRE
liken,'laɪkən,,v.把…比作,GRE
monopoly,mə'nɑpəli,,n.垄断； 专利权,GRE
stagy,'steidʒi,,a.不自然的， 做作的,GRE
bilingual,'baɪ'lɪŋgwəl,,a.两种语言的,GRE
pretense,'pritɛns,,n.妄称， 自称； 假装， 伪装， 假象； 借口， 托词,GRE
unerringly,ʌn'ɜːrɪŋlɪ,,ad.无过失地,GRE
grain,ɡren,,n.谷物； 小的硬粒,GRE
combine,kəm'baɪn,,v.联合， 结合； 协力,GRE
fraudulent,'frɔdʒələnt,,a.欺骗的， 不诚实的,GRE
alter,'ɔltɚ,,v.改变， 更改,GRE
brook,brʊk,,n.小河,GRE
travesty,'trævəsti,,v.滑稽地模仿,GRE
bearing,'bɛrɪŋ,,n.关系， 意义； 方位,GRE
wallow,'wɑlo,,v.打滚；沉迷 n.打滚,GRE
disport,dis'pɔ:t,,v.玩耍， 嬉戏,GRE
embroil,ɪm'brɔɪl,,v.使混乱， 使卷入纠纷,GRE
streak,strik,,v.加线条 n.条纹,GRE
undesirable,",ʌndɪ'zaɪərəbl",,a.不受欢迎的， 讨厌的,GRE
staid,sted,,a.稳重的， 沉着的,GRE
wallop,'wɑləp,,v.重击， 猛打 n.重击，猛击,GRE
compass,'kʌmpəs,,n.指南针， 罗盘； 界限， 范围,GRE
antidote,'æntɪdot,,n.解药,GRE
pithy,'pɪθi,,a.简练有力的， 言简意赅的,GRE
dispose,dɪ'spoz,,v.使倾向于； 处理,GRE
demure,dɪ'mjʊr,,a.严肃的， 矜持的,GRE
bumper,'bʌmpɚ,,a.特大的 n.保险杠,GRE
graft,ɡræft,,v.嫁接，结合；贪污 n.嫁接， 结合； 贪污,GRE
paradigm,'pærə'daɪm,,n.范例， 示范,GRE
denunciate,dɪˌnʌnsi'eɪt,,v.公开指责， 公然抨击， 谴责,GRE
presage,'prɛsɪdʒ,,v.预示 n.预感,GRE
augury,'ɔɡjʊri,,n.占卜术； 预兆,GRE
stain,sten,,v.玷污； 染色,GRE
balk,bɔk,,v.妨碍； 畏缩不前 n.梁木，大梁,GRE
bale,bel,,n.大包， 大捆； 灾祸， 不幸,GRE
paradox,'pærədɑks,,n.似非而是的理论； 矛盾的人或物； 与通常的见解相反的观点,GRE
reprehensible,",rɛprɪ'hɛnsəbl",,a.应受谴责的,GRE
mania,'menɪə,,n.癫狂； 狂热,GRE
sobriety,sə'braɪəti,,n.节制； 庄重,GRE
opposed,ə'pozd,,a.反对的,GRE
rebuke,rɪ'bjʊk,,v.指责， 谴责,GRE
noisome,'nɔɪsəm,,a.有恶臭的； 令人作呕的， 令人讨厌的,GRE
banal,bə'nɑl,,a.乏味的， 陈腐的,GRE
spindly,'spɪndli,,a.细长的， 纤弱的,GRE
eugenic,juː'dʒenɪk,,a.优生的,GRE
tyrannical,tɪ'rænɪkl,,a.暴虐的， 残暴的,GRE
jibe,dʒaɪb,,v.与…一致， 符合,GRE
fortify,'fɔrtɪfaɪ,,v.加强， 巩固,GRE
purposiveness,'pɜːrpəsɪvnəs,,n.目的性,GRE
eidetic,aɪ'dɛtɪk,,a.异常清晰的； 极为逼真的,GRE
threat,θrɛt,,n.威胁， 恐吓； 凶兆， 征兆,GRE
taunt,tɔnt,,v.嘲弄， 嘲讽 n.嘲笑，讥讽,GRE
devoid,dɪ'vɔɪd,,a.空的， 全无的,GRE
invention,ɪn'vɛnʃən,,n.发明， 创造； 发明才能， 创造力； 发现， 找到,GRE
boredom,'bɔrdəm,,n.厌烦； 令人厌烦的事物,GRE
tamper,'tæmpɚ,,v.干预， 损害； 篡改,GRE
inform,ɪn'fɔrm,,v.对…有影响； 使活跃， 使有生气； 告诉， 通知,GRE
psychological,",saɪkə'lɑdʒɪkl",,a.心理学的； 心理的， 精神的,GRE
dearth,də:θ,,n.缺乏， 短缺,GRE
commit,kə'mɪt,,v.托付； 承诺； 犯罪,GRE
patriarchal,",petrɪ'ɑrkl",,a.家长的， 族长的； 父权制的,GRE
empirical,ɪm'pɪrɪkl,,a.经验的， 实证的,GRE
incorrigible,ɪn'kɔrɪdʒəbl,,a.积习难改的， 不可救药的,GRE
entrenched,ɪn'trentʃt,,a.确立的， 牢固的,GRE
scurry,'skɝi,,v.急跑， 疾行,GRE
supernova,",supɚ'novə",,n.超新星,GRE
reassure,",riə'ʃʊr",,v.使恢复信心； 使确信,GRE
divulge,dɪ'vʌldʒ,,v.泄露， 透露,GRE
bane,ben,,n.祸根,GRE
palette,'pælət,,n.调色板， 颜料配置,GRE
curt,kɝt,,a.简略而草率的,GRE
beneficent,bɪ'nɛfɪsnt,,a.慈善的， 仁爱的； 有益的,GRE
salutary,'sæljə'tɛri,,a.有益的， 有益健康的,GRE
vexation,vɛk'seʃən,,n.恼怒， 苦恼,GRE
upheaval,ʌp'hivl,,n.动乱， 剧变,GRE
dysfunctional,dɪsˈfʌŋkʃənl,,a.功能失调的,GRE
divergent,daɪ'vɝdʒənt,,a.分叉的， 叉开的； 发散的， 扩散的； 不同的,GRE
august,ɔˈɡʌst,,a.威严的， 令人敬畏的,GRE
intersperse,",ɪntɚ'spɝs",,v.散布， 点缀,GRE
execute,'ɛksɪkjut,,v.执行， 履行； 将处死,GRE
celerity,sə'lɛrəti,,n.快速， 迅速,GRE
prevision,",privɪʒən",,n.预知， 先见,GRE
balm,bɑm,,n.香油， 药膏； 镇痛剂， 安慰物,GRE
foreknowledge,fɔːr'nɑːlɪdʒ,,n.预知， 先见之明,GRE
levelheaded,'levəl'hedid,,a.头脑冷静的， 清醒的,GRE
unique,jʊ'nik,,a.独一无二的， 独特的； 无与伦比的,GRE
miscreant,'mɪskrɪənt,,n.恶棍， 歹徒,GRE
hankering,'hæŋkəriŋ,,n.渴望， 向往,GRE
furtive,'fə:tiv,,a.偷偷的， 秘密的,GRE
opalescent,'opə'lɛsnt,,a.发乳白色光的,GRE
sober,'sobɚ,,a.清醒的； 严肃的， 认真的,GRE
shelter,'ʃɛltɚ,,v.庇护， 保护 n.避难所，遮蔽,GRE
expel,ɪk'spɛl,,v.排出； 开除,GRE
invective,ɪn'vɛktɪv,,n.谩骂， 痛骂,GRE
scan,skæn,,v.审视， 细看； 浏览， 扫描； 标出格律,GRE
uproar,'ʌprɔr,,n.喧嚣， 吵闹； 骚动， 骚乱,GRE
profane,prə'fen,,v.亵渎， 玷污,GRE
partition,pɑr'tɪʃən,,n.隔开； 隔墙,GRE
twee,twi,,a.矫揉造作的， 故作多情的,GRE
identifiable,"aɪ,dɛntɪ'faɪəbl",,a.可辨认的,GRE
oligarch,'ɑlə'gɑrk,,n.寡头政治； 寡头统治集团,GRE
atrocity,ə'trɑsəti,,n.邪恶； 暴行,GRE
lasso,'læso,,n.套索,GRE
unthreatening,ʌn'θretənɪŋ,,a.不危险的,GRE
entrepreneur,ˌɑntrəprəˈnɝ​,,n.企业家， 创业人,GRE
puissant,'pwɪsənt,,a.强大的， 有权力的,GRE
extensive,ɪk'stɛnsɪv,,a.广大的， 广阔的； 多方面的， 广泛的,GRE
residential,",rɛzɪ'dɛnʃl",,a.住宅的， 与居住有关的,GRE
impostor,ɪm'pɑstɚ,,n.冒充者， 骗子,GRE
stab,stæb,,v.刺伤， 戳,GRE
impart,ɪm'pɑrt,,v.传授， 赋予； 传递； 告知， 透露,GRE
inspire,ɪn'spaɪɚ,,v.鼓舞， 激励,GRE
operable,'ɑpərəbl,,a.可操作的， 可使用的； 可手术治疗的,GRE
militia,mə'lɪʃə,,n.民兵,GRE
odious,'odɪəs,,a.可憎的， 令人作呕的,GRE
approximate,ə'prɑksɪmət,,a.近似的， 大约的,GRE
lope,lop,,v.大步跑 n.轻快的步伐,GRE
germicide,'dʒɜːrmɪsaɪd,,n.杀菌剂,GRE
itinerant,aɪ'tɪnərənt,,a.巡回的,GRE
nominate,'nɑmɪnet,,v.提名； 任命， 指定,GRE
tread,trɛd,,v.踏，践踏；行走 n.步态； 车轮胎面,GRE
imperil,ɪm'pɛrəl,,v.使陷于危险， 危及,GRE
sever,'sɛvɚ,,v.断绝， 分离,GRE
stationary,'steʃənɛri,,a.静止的， 不动的,GRE
barn,bɑrn,,n.谷仓,GRE
kennel,'kɛnl,,n.狗舍， 狗窝,GRE
speck,spɛk,,n.斑点； 少量,GRE
bare,bɛr,,v.暴露 a.赤裸的,GRE
abrogate,'æbrəɡet,,v.废止， 废除,GRE
plangent,'plændʒənt,,a.轰鸣的； 凄凉的,GRE
disarray,",disə'rei",,n.混乱， 无秩序,GRE
etymology,",ɛtɪ'mɑlədʒi",,n.语源学,GRE
duress,du'rɛs,,n.胁迫,GRE
dense,dɛns,,a.密集的， 浓密的,GRE
vandalize,'vændəlaɪz,,v.肆意破坏,GRE
discrete,dɪ'skrit,,a.个别的， 分离的； 不连续的,GRE
ingress,'ɪnɡrɛs,,n.进入,GRE
disrupt,dɪs'rʌpt,,v.使混乱； 使中断,GRE
scar,skɑr,,n.伤痕， 伤疤,GRE
ferromagnetic,",fɛromæɡ'nɛtɪk",,"a.铁磁的, 铁磁体的",GRE
converse,kən'vəʳs,,v.谈话，交谈['kɑːnvɜːrs] a.逆向的 n.相反的事物,GRE
eccentric,ɪk'sɛntrɪk,,a.古怪的，反常的；,GRE
callow,'kælo,,a.未生羽毛的； 未成熟的,GRE
farewell,",fɛr'wɛl",,n.辞行， 告别 interj.再会，再见,GRE
lore,lɔr,,n.知识； 特定的知识或传说,GRE
mast,mæst,,n.船桅， 桅杆,GRE
muggy,'mʌɡi,,a.闷热而潮湿的,GRE
revoke,rɪ'vok,,v.撤销， 废除； 召回,GRE
contemptible,kən'tɛmptəbl,,a.令人轻视的,GRE
spoliation,",spolɪ'eʃən",,n.抢劫， 掠夺,GRE
uneven,ʌn'ivən,,a.不平坦的； 不一致的； 不对等的,GRE
threadbare,'θrɛdbɛr,,a.磨破的； 陈腐的,GRE
mash,mæʃ,,v.捣成糊状,GRE
detraction,dɪ'trækʃən,,n.贬低， 诽谤,GRE
chaste,tʃest,,a.贞洁的； 朴实的,GRE
canary,kə'nɛri,,n.金丝雀； 女歌星,GRE
apply,ə'plaɪ,,v.应用； 适用,GRE
jargon,'dʒɑrɡən,,n.胡言乱语； 行话,GRE
postwar,'post'wɔr,,a.战后的,GRE
ethereal,ɪ'θɪrɪəl,,a.太空的； 轻巧的， 轻飘飘的,GRE
ill-prepared,",ilpri'pεəd",,a.准备不足的,GRE
nonthreatening,nɑːn'θretnɪŋ,,a.不构成威胁的,GRE
bask,bæsk,,v.晒太阳， 取暖,GRE
canard,kə'nɑrd,,n.谣言， 假新闻,GRE
revolt,rɪ'volt,,v.反叛， 造反； 反感， 厌恶,GRE
disgust,dɪs'ɡʌst,,n.反感， 厌恶,GRE
tatty,'tæti,,a.破旧的， 褴褛的； 破败的,GRE
tribute,'trɪbjut,,n.赞词， 颂词； 贡物,GRE
stem,stɛm,,n.茎，,GRE
base,bes,,a.卑鄙的,GRE
simplistic,sɪm'plɪstɪk,,a.过分简单化的,GRE
subordinate,səˈbɔːdɪnɪt (for n. &adj.) ; səˈbɔːdɪˌnet (for v.),,a.次要的；下级的 n.下级,GRE
trend,trɛnd,,v.趋向，倾向 n.趋势， 倾向,GRE
ungainly,ʌn'ɡenli,,a.笨拙的,GRE
reminisce,",rɛmɪ'nɪs",,v.追忆， 回想,GRE
itinerary,aɪ'tɪnərɛri,,n.旅行路线,GRE
pugnacious,pʌg'neʃəs,,a.好斗的,GRE
ragtime,'ræɡtaɪm,,a.使人发笑的， 滑稽的 n.雷格泰姆音乐,GRE
incentive,ɪn'sɛntɪv,,n.刺激， 诱因， 动机； 刺激因素,GRE
repudiate,rɪ'pjudɪet,,v.拒绝接受， 回绝， 抛弃,GRE
maul,mɔl,,v.打伤， 伤害,GRE
stealth,stɛlθ,,n.秘密行动,GRE
preliminary,prɪ'lɪmɪnɛri,,a.预备的， 初步的， 开始的,GRE
devious,'divɪəs,,a.不坦诚的； 弯曲的， 迂回的,GRE
obtrude,"əb'tru:d, ɔb-",,v.突出； 强加,GRE
exceptional,ɪk'sɛpʃənl,,a.特别的,GRE
understudy,"'ʌndə,stʌdi",,v.充当…的替角 n.预备演员，替角,GRE
impale,im'peil,,v.刺入， 刺穿,GRE
indict,ɪn'daɪt,,v.控诉， 起诉,GRE
deputize,'dɛpjutaɪz,,v.代理， 代表,GRE
convince,kən'vɪns,,v.使某人确信； 说服,GRE
irritating,'iriteitiŋ,,a.刺激的； 使人愤怒的， 气人的,GRE
stampede,stæm'pid,,v.惊跑， 逃窜,GRE
terminate,'tɝmɪnet,,v.终止， 结束,GRE
inoffensive,",ɪnə'fɛnsɪv",,a.无害的； 不讨厌的,GRE
extension,ɪk'stɛnʃən,,n.延伸， 扩展,GRE
inappreciable,",ɪnə'priʃɪəbl",,a.微不足道的,GRE
spanking,'spæŋkɪŋ,,a.强烈的； 疾行的,GRE
architect,'ɑrkɪtɛkt,,n.建筑师,GRE
duplicitous,djuːplɪsɪtəs,,a.两面派的， 奸诈的； 双重的,GRE
variability,",vɛrɪə'bɪləti",,n.变化性,GRE
stolid,'stɑlɪd,,a.无动于衷的,GRE
boding,'bodɪŋ,,a.凶兆的， 先兆的 n.凶兆，前兆，预感,GRE
lout,laʊt,,n.蠢人， 笨蛋,GRE
antagonistic,"æn,tæɡə'nɪstɪk",,a.敌对的， 对抗性的,GRE
mortgage,'mɔrɡɪdʒ,,v.用…作抵押 n.抵押；抵押证书,GRE
falsify,'fɔlsɪfaɪ,,v.篡改； 说谎,GRE
verify,'vɛrɪfaɪ,,v.证明， 证实,GRE
snobbish,'snɑbɪʃ,,a.势利眼的； 假充绅士的,GRE
inaugurate,ɪ'nɔɡjəret,,v.举行就职典礼； 创始， 开创,GRE
plenitude,'plɛnɪtud,,n.完全； 大量,GRE
solitude,'sɑlətud,,n.孤独,GRE
reward,rɪ'wɔrd,,v.酬谢， 奖赏 n.报酬，奖赏,GRE
graze,ɡrez,,v.吃草； 放牧,GRE
ebb,ɛb,,v.退潮； 衰退,GRE
pouch,paʊtʃ,,v.使成袋状； 将装入袋内 n.小袋,GRE
devout,dɪ'vaʊt,,a.虔诚的； 忠诚的， 忠心的,GRE
comeuppance,kʌm'ʌpəns,,n.应得的惩罚， 因果报应,GRE
distrait,di:s'tre,,a.心不在焉的,GRE
bawl,bɔl,,v.大叫， 大喊,GRE
devour,dɪ'vaʊɚ,,v.狼吞虎咽地吃， 吞食； 贪婪地看,GRE
stir,stɝ,,v.刺激,GRE
escort,ˈeskɔːrt,,v.护送 n.护送者,GRE
avarice,'ævərɪs,,n.贪财， 贪婪,GRE
pretence,"pri'tens, 'pri:t-",,n.假装； 借口,GRE
termite,'tɝmaɪt,,n.白蚁,GRE
libelous,'laɪbələs,,a.诽谤的,GRE
maze,mez,,n.迷宫,GRE
unqualified,",ʌn'kwɑlɪfaɪd",,a.无资格的， 不合格的； 无限制的， 绝对的,GRE
thatch,θætʃ,,v.以茅草覆盖 n.茅草屋顶； 茅草,GRE
desolate,'dɛsələt,,a.荒凉的， 被遗弃的,GRE
uproarious,ʌp'rɔrɪəs,,a.骚动的； 喧嚣的； 令人捧腹大笑的,GRE
subdued,səb'dud,,a.柔和的， 缓和的； 温和的,GRE
chicanery,ʃi'keinəri,,n.欺骗， 欺诈,GRE
snooze,snuz,,v.打盹儿， 打瞌睡,GRE
incongruent,ɪn'kɑŋgrʊənt,,a.不协调的， 不和谐的， 不合适的,GRE
exaggerate,ɪɡ'zædʒəret,,v.夸大， 夸张； 过分强调,GRE
locution,lo'kjʊʃən,,n.语言风格； 惯用语,GRE
demean,di'mi:n,,v.贬抑， 降低,GRE
gerontocracy,",dʒɛrən'tɑkrəsi",,n.老人统治的政府,GRE
spell,spɛl,,n.连续的一段时间,GRE
vex,vɛks,,v.使烦恼， 使恼怒,GRE
aberration,'æbə'reʃən,,n.越轨,GRE
cavity,'kævəti,,n.洞， 腔,GRE
finicky,'fɪnɪki,,a.苛求的， 过分讲究的,GRE
provision,prə'vɪʒn,,n.供应；条款,GRE
recruit,rɪ'krut,,v.征募， 招募 n.新兵；新成员,GRE
thrust,θrʌst,,v.猛力推； 刺， 戳,GRE
demeanour,di'mi:nə,,n.举止， 行为,GRE
commence,kə'mɛns,,v.开始， 着手,GRE
sporadic,spə'rædɪk,,a.不定时发生的,GRE
configuration,"kən,fɪɡjə'reʃən",,n.结构， 配置； 轮廓,GRE
spherical,'sfɪrɪkəl,,a.球的， 球状的,GRE
pollster,'polstɚ,,n.民意调查员,GRE
enmity,'enməti,,n.敌意， 仇恨,GRE
provenance,'prɑvənəns,,n.出处， 起源,GRE
extinct,ɪk'stɪŋkt,,a.绝种的， 不存在的,GRE
monolithic,",mɑnə'lɪθɪk",,a.坚若磐石的； 巨大的,GRE
martyr,'mɑrtɚ,,n.烈士， 殉道者,GRE
opaque,o'pek,,a.不透明的； 难懂的,GRE
grave,ɡrev,,a.严肃的，庄重的 n.墓穴,GRE
advantage,əd'væntɪdʒ,,v.有利于， 有益于 n.利益，益处,GRE
tepid,'tɛpɪd,,a.微温的； 不热情的,GRE
improvident,ɪm'prɑvədənt,,a.无远见的， 不节俭的,GRE
embolden,ɛm'boldən,,v.鼓励,GRE
abortive,ə'bɔrtɪv,,a.无结果的， 失败的,GRE
far-reaching,'fɑ:'ri:tʃiŋ,,a.影响深远的,GRE
mordant,'mɔrdnt,,a.讥讽的， 尖酸的,GRE
anticipate,æn'tɪsə'pet,,v.预先处理； 预期， 期望,GRE
fabricate,'fæbrɪket,,v.捏造； 制造,GRE
bullion,'bʊlɪən,,n.金条， 银条,GRE
temporary,ˈtempəreri,,a.暂时的， 临时的,GRE
habitat,'hæbə'tæt,,n.自然环境， 栖息地,GRE
optimal,'ɑptəml,,a.最佳的， 最理想的,GRE
hardheaded,'hɑ:d'hedid,,a.讲究实际的， 冷静的， 精明的,GRE
sacrament,'sækrəmənt,,n.圣礼， 圣事,GRE
frothy,'frɔθi,,a.起泡的； 空洞的,GRE
self-righteousness,ˌself'raɪtʃəsnəs,,n.自以为是,GRE
anguish,'æŋɡwɪʃ,,n.极大的痛苦,GRE
chimera,kaɪ'mɪrə,,n.神话怪物； 梦幻,GRE
vie,vaɪ,,v.竞争,GRE
refraction,rɪ'frækʃən,,n.折射,GRE
enclosure,ɪn'kloʒɚ,,n.圈地， 围场,GRE
absent,ˈæbsnt;(for v.)əbˈsɛnt,,v.缺席，不参加away) a.缺席的,GRE
emasculate,ɪ'mæskjʊlɪt,,v.使柔弱；阉割 a.柔弱的,GRE
ragged,'ræɡɪd,,a.褴褛的， 破烂的,GRE
sanctuary,'sæŋktʃuɛri,,n.圣地； 庇护所， 避难所； 庇护,GRE
snobbery,'snɑbəri,,n.势利,GRE
conundrum,kə'nʌndrəm,,n.谜语； 难题,GRE
inspired,ɪn'spaɪrd,,a.有创见的， 有灵感的,GRE
economy,ɪˈkɑnəmɪ,,a.经济的 n.节约；经济,GRE
interdisciplinary,",ɪntɚ'dɪsəplɪnɛri",,a.跨学科的,GRE
staunch,stɔntʃ,,a.坚定的， 忠诚的,GRE
coeval,ko'ivl,,a.同时代的,GRE
orchard,'ɔrtʃɚd,,n.果园,GRE
heartfelt,'hɑrtfɛlt,,a.衷心的， 诚挚的,GRE
pilfer,'pilfə,,v.偷窃,GRE
notch,nɑtʃ,,n.V字形切口， 刻痕； 等级， 档次,GRE
despotic,dɪ'spɑtɪk,,a.专横的， 暴虐的,GRE
discomfit,dɪs'kʌmfɪt,,v.使难堪， 使困惑,GRE
vista,'vɪstə,,n.远景； 展望,GRE
insoluble,ɪn'sɑljəbl,,a.不能溶解的； 不能解决的,GRE
appropriate,əˈproprɪət;(for v.) əˈproprɪet,,v.拨款；盗用 a.恰当的,GRE
exhale,ɛks'hel,,v.呼出； 呼气； 散发,GRE
resignation,",rɛzɪɡ'neʃən",,n.听从， 顺从； 辞职,GRE
cede,sid,,v.割让， 放弃,GRE
shiftless,'ʃɪftləs,,a.没出息的， 懒惰的； 无能的,GRE
clannish,'klænɪʃ,,a.排他的， 门户之见的,GRE
misrepresentation,",mɪsrɛprɪzɛn'teʃən",,n.误传， 不实的陈述,GRE
typify,'tɪpɪfaɪ,,v.代表， 是…的典型,GRE
perceptive,pɚ'sɛptɪv,,a.感知的， 知觉的； 有洞察力的， 敏锐的,GRE
stagnant,'stægnənt,,a.停滞的,GRE
cultivated,'kʌltɪvetɪd,,a.耕种的， 栽培的； 有教养的 having or showing good taste and refinement),GRE
density,'dɛnsəti,,n.密集， 稠密,GRE
dreary,'drɪri,,a.沉闷的， 乏味的,GRE
stunt,stʌnt,,v.阻碍 n.特技， 绝技,GRE
characterize,'kærəktə'raɪz,,v.表现…的特色， 刻画…的性格,GRE
ridiculous,rɪ'dɪkjələs,,a.荒谬的， 可笑的,GRE
severe,səˈvɪr,,a.严厉的； 剧烈的,GRE
monopolize,mə'nɑpə'laɪz,,v.垄断， 独占,GRE
lease,lis,,v.出租 n.租约；租期,GRE
exploit,ɛksplɔɪt; ɪkˈsplɔɪt,,v.剥削； 充分利用 n.英勇行为,GRE
sprint,sprɪnt,,v.短距离全速奔跑,GRE
errand,'ɛrənd,,n.差使； 差事,GRE
flamboyant,flæm'bɔɪənt,,a.艳丽的， 显眼的， 炫耀的,GRE
entangle,ɪn'tæŋɡl,,v.使卷入,GRE
amity,'æməti,,n.友好关系,GRE
garnish,'gɑrnɪʃ,,v.装饰,GRE
repellent,rɪ'pɛlənt,,a.令人厌恶的,GRE
stun,stʌn,,v.使震惊， 打晕,GRE
ethics,‘ɛθɪks,,n.伦理学； 道德规范,GRE
suspense,sə'spɛns,,n.悬念； 挂念,GRE
multicellular,",mʌlti'sɛljəlɚ; ,mʌltaɪsɛljəlɚ",,a.多细胞的,GRE
mollify,'mɑlɪfaɪ,,v.安慰， 安抚,GRE
assessment,ə'sɛsmənt,,n.估价， 评价,GRE
autonomy,ɔ'tɑnəmi,,n.自治， 自主,GRE
unmoved,",ʌn'muvd",,a.无动于衷的， 冷漠的,GRE
eulogy,'jʊlədʒi,,n.颂词， 颂文,GRE
melon,'mɛlən,,n.甜瓜,GRE
kindle,'kɪndl,,v.着火， 点燃,GRE
cephalic,sɪ'fælɪk,,a.头的， 头部的,GRE
nefarious,ni'fεəriəs,,a.极恶毒的， 邪恶的,GRE
inroad,'inrəud,,n.袭击； 进展,GRE
testy,'tɛsti,,a.暴躁的， 易怒的,GRE
lasting,'læstɪŋ,,a.持久的， 永久的,GRE
tortuous,'tɔrtʃuəs,,a.曲折的， 拐弯抹角的； 弯弯曲曲的,GRE
unwarranted,ʌn'wɔrəntɪd,,a.没有根据的,GRE
rigidity,rɪ'dʒɪdəti,,n.严格； 坚硬， 僵硬,GRE
counterclockwise,'kaʊntɚ'klɑk'waɪz,,adj&adv.逆时针方向的,GRE
narcotic,nɑr'kɑtɪk,,a.麻醉的， 催眠的 n.麻醉剂,GRE
paucity,'pɔ:siti,,n.少量； 缺乏,GRE
calamity,kə'læməti,,n.大灾祸， 不幸之事,GRE
strand,strænd,,v.搁浅 n.股，缕,GRE
accomplish,ə'kɑmplɪʃ,,v.完成， 做成功,GRE
constituent,kən'stɪtʃuənt,,n.成分； 选区内的选民,GRE
platitudinous,ˌplætɪ'tuːdənəs,,a.陈腐的,GRE
repercussion,",ripɚ'kʌʃən",,n.反响； 反应， 影响； 回声,GRE
packed,pækt,,a.压紧的， 压实的； 充满人的， 拥挤的,GRE
preoccupation,"prɪ,ɑkju'peʃən",,n.全神贯注， 专注； 使人专注的东西,GRE
aplomb,ə'plɑm,,n.沉着， 镇静,GRE
impracticability,ɪmˌpræktɪkə'bɪləti,,n.无法实施； 不能实施的事项,GRE
scud,skʌd,,v.疾行， 飞奔,GRE
impermeability,ɪmˌpɜːrmiə'bɪləti,,n.不渗透性,GRE
slippery,'slɪpəri,,a.滑的； 狡猾的,GRE
forum,'fɔrəm,,n.辩论的场所， 论坛,GRE
contempt,kən'tɛmpt,,n&v.轻视， 鄙视,GRE
vouch,vaʊtʃ,,v.担保， 保证,GRE
pulpit,'pʊlpɪt,,n.讲道坛,GRE
fulminate,'fʊlmɪnet,,v.猛烈抨击， 严厉谴责,GRE
betray,bɪ'tre,,v.背叛； 暴露,GRE
apropos,",æprə'po",,adj&adv.适当的)； 有关(with reference to； regarding),GRE
discretionary,dɪ'skrɛʃə'nɛri,,a.自由决定的,GRE
gutless,'gʌtləs,,a.没有勇气的， 怯懦的,GRE
occupation,",ɑkju'peʃən",,n.工作， 职业； 占有， 占领,GRE
charter,'tʃɑrtɚ,,n.特权或豁免权,GRE
apex,'epɛks,,n.顶点， 最高点,GRE
aspire,ə'spaɪr,,v.渴望， 追求， 向往,GRE
burdensome,'bɝdnsəm,,a.繁重的， 劳累的,GRE
narrow,'næro,,a.狭窄的；狭隘的 v.变窄,GRE
bastion,'bæstɪən,,n.保垒， 防御工事,GRE
abrasive,ə'bresɪv,,a.研磨的,GRE
passively,'pæsɪvli,,ad.被动地， 顺从地,GRE
decadence,'dɛkədəns,,n.衰落， 颓废,GRE
contradict,'kɑntrə'dɪkt,,v.反驳， 驳斥,GRE
ecological,'ikə'lɑdʒɪkl,,a.生态的； 生态学的,GRE
fleeting,'flitɪŋ,,a.短暂的； 飞逝的,GRE
momentous,mo'mɛntəs,,a.极为重要的， 重大的,GRE
allegiance,ə'lidʒəns,,n.忠诚， 拥护,GRE
forte,'fɔrte,,a.强音的 n.长处，特长,GRE
gravel,'ɡrævl,,n.碎石， 砂砾,GRE
dissonant,'dɪsənənt,,a.不和谐的， 不一致的,GRE
converge,kən'vɝdʒ,,v.聚合， 集中于一点； 汇聚,GRE
pertinent,'pɝtnənt,,a.有关的， 相关的,GRE
supercilious,",supɚ'sɪlɪəs",,a.目中无人的,GRE
debility,dɪ'bɪləti,,n.衰弱， 虚弱,GRE
malediction,",mæli'dikʃən",,n.诅咒,GRE
epitomize,ɪ'pɪtəmaɪz,,v.概括， 摘要,GRE
pauper,'pɔpɚ,,n.贫民； 乞丐,GRE
vacillate,'væsileit,,v.游移不定， 踌躇,GRE
surreptitious,",sɝrəp'tɪʃəs",,a.鬼鬼祟祟的,GRE
spineless,'spaɪnləs,,a.没骨气的， 懦弱的,GRE
elucidate,ɪ'lusɪdet,,v.阐明， 说明,GRE
umpire,'ʌmpaɪɚ,,v.对…进行仲裁 n.仲裁者,GRE
downpour,'daʊnpɔr,,n.倾盆大雨,GRE
askew,ə'skju,,adj&adv.歪斜的,GRE
imponderable,ɪm'pɑndərəbl,,a.无法衡量的,GRE
endue,ɪn'djuː,,v.赋予， 授予,GRE
cloudburst,'klaʊdbɝst,,n.大暴雨,GRE
dispel,dɪ'spɛl,,v.驱散， 消除,GRE
supplicate,'sʌplikeit,,v.恳求， 祈求,GRE
ignominious,",ɪɡnə'mɪnɪəs",,a.可耻的； 耻辱的,GRE
spice,spaɪs,,v.给…调味 n.香料,GRE
pedagogy,'pɛdə'godʒi,,n.教育学， 教学法,GRE
autonomous,ɔ'tɑnəməs,,a.自治的； 自主的,GRE
perception,pɚ'sɛpʃən,,n.感知， 知觉； 洞察力,GRE
vandalism,'vændəlɪzəm,,n.恶意破坏,GRE
catalyze,"'kætə,laɪz",,v.促使； 激励,GRE
undertake,",ʌndɚ'tek",,v.承担； 担保， 保证,GRE
byproduct,"'baɪ,prɑdəkt",,n.副产品； 副作用,GRE
bridle,'braɪdl,,v.抑制， 控制 n.马笼头,GRE
deprivation,",dɛprɪ'veʃən",,n.剥夺； 丧失,GRE
introvert,'ɪntrəvɝt,,n.性格内向的人,GRE
entrance,(for v.)ɪnˈtræns; (for n.) ˈɛntrəns,,v.使出神， 使入迷,GRE
motley,'mɑtli,,a.混杂的； 多色的， 杂色的,GRE
charlatan,'ʃɑrlətən,,n.江湖郎中， 骗子,GRE
anticipatory,"æn'tɪsəpə,tori",,a.预想的， 预期的,GRE
acoustic,ə'kʊstɪk,,a.听觉的， 声音的,GRE
articulate,ɑr'tɪkjulet,,v.清楚地说话； 连接,GRE
impending,ɪm'pɛndɪŋ,,a.即将发生的， 逼近的,GRE
traverse,trə'vɝs,,v.横穿， 横跨,GRE
rigorous,'rɪɡərəs,,a.严格的， 严峻的,GRE
secular,'sɛkjəlɚ,,a.世俗的， 尘世的,GRE
effete,ɪ'fit,,a.无生产力的； 虚弱的,GRE
activate,'æktə'vet,,v.刺激， 使活动,GRE
endow,ɪn'daʊ,,v.捐赠； 赋予,GRE
supportive,sə'pɔrtɪv,,a.支持的,GRE
indent,ɪn'dɛnt,,v.切割成锯齿状,GRE
financial,faɪˈnænʃəl;fəˈnæ-,,a.财政的， 金融的,GRE
ferocity,fə'rɑsəti,,n.凶猛， 残暴,GRE
enormity,ɪ'nɔrməti,,n.极恶； 暴行； 巨大,GRE
plaudit,'plɔ:dit,,v.喝彩， 赞扬,GRE
demoralize,dɪ'mɔrəlaɪz,,v.使士气低落,GRE
righteousness,'raɪtʃəsnɪs,,n.正当， 正义， 正直,GRE
exalt,ɪɡ'zɔlt,,v.赞扬， 歌颂,GRE
promissory,"'prɑmə,sori",,a.允诺的， 约定的,GRE
gusher,'ɡʌʃɚ,,n.滔滔不绝的说话者； 喷油井,GRE
spiel,ʃpil,,n.滔滔不绝的讲话,GRE
commensurate,"kəˈmɛnsərɪt, -ʃə-",,a.同样大小的； 相称的,GRE
diaphanous,daɪ'æfənəs,,a.精致的； 半透明的,GRE
render,'rɛndɚ,,v.呈递， 提供； 给予， 归还,GRE
unmitigated,ʌn'mɪtɪɡetɪd,,a.未缓和的， 未减轻的,GRE
armored,'ɑrmɚd,,a.披甲的， 装甲的,GRE
relieve,rɪ'liv,,v.减轻， 解除,GRE
indignity,ɪn'dɪɡnəti,,n.侮辱， 轻蔑； 侮辱性的行为,GRE
choreographic,",kɔrɪə'græfɪk",,a.舞蹈术的， 舞台舞蹈的,GRE
transpose,træn'spoz,,v.颠倒顺序， 调换,GRE
needle,'nidl,,n.针； 针叶,GRE
neologism,nɪ'ɑlədʒɪzəm,,n.新字， 新词,GRE
hiatus,haɪ'etəs,,n.空隙， 裂缝,GRE
axiom,'æksɪəm,,n.公理； 定理,GRE
summon,'sʌmən,,v.传唤； 召集,GRE
expertise,'ɛkspɝ'tiz,,n.专门技术， 专业知识,GRE
annihilate,ə'naɪəlet,,v.消灭,GRE
feckless,'fɛkləs,,a.无效的， 效率低的； 不负责任的,GRE
pivot,'pɪvət,,v.旋转 n.枢轴，中心,GRE
rabid,'ræbid,,a.患狂犬病的； 疯狂的， 狂暴的,GRE
remorse,rɪ'mɔrs,,n.懊悔， 悔恨,GRE
palatial,pə'leʃl,,a.宫殿般的； 宏伟的,GRE
dissuade,dɪ'swed,,v.劝阻， 阻止,GRE
conclusive,kən'klusɪv,,a.最后的， 结论的， 决定性的； 确凿的， 消除怀疑的,GRE
encompass,ɪn'kʌmpəs,,v.包围， 围绕,GRE
waver,'wevɚ,,v.摇摆； 踌躇,GRE
velvety,'vɛlvəti,,a.天鹅绒般柔软光滑的； 醇口的， 可口的,GRE
impermissible,ˌɪmpɜːr'mɪsəbl,,a.不容许的,GRE
deposit,dɪ'pɑzɪt,,v.存放； 使沉积),GRE
querulous,'kwɛrələs,,a.抱怨的， 爱发牢骚的,GRE
deface,dɪ'fes,,v.损坏,GRE
fluctuation,",flʌktʃʊ'eʃən",,n.波动， 起伏， 涨落,GRE
impassive,ɪm'pæsɪv,,a.无动于衷的， 冷漠的,GRE
brackish,'brækɪʃ,,a.微咸的； 难吃的,GRE
upfront,",ʌp'frʌnt",,a.坦率的,GRE
occult,ə'kʌlt,,a.秘密的， 不公开的,GRE
simultaneous,",saɪml'tenɪəs",,a.同时发生的,GRE
improvise,'ɪmprəvaɪz,,v.即席创作,GRE
guarantee,",ɡærən'ti",,v.保证， 担保,GRE
demobilize,di'mobəlaɪz,,v.遣散， 使复员,GRE
pounce,paʊns,,v.猛扑； 突然袭击 n.爪；猛扑,GRE
leach,litʃ,,v.过滤,GRE
bifurcate,'baɪfɚ'ket,,v.分为两支， 分叉,GRE
knack,næk,,n.特殊能力； 窍门,GRE
default,dɪ'fɔlt,,v.不履行 n.违约；未履行的责任；拖欠,GRE
indolent,'ɪndələnt,,a.懒惰的,GRE
indemnify,ɪn'dɛmnɪfaɪ,,v.赔偿， 偿付,GRE
insane,ɪn'sen,,a.疯狂的,GRE
mawkish,'mɔ:kiʃ,,a.自作多情的， 过度伤感的； 淡而无味的， 令人作呕的,GRE
effulgent,ɪ'fʌldʒənt,,a.灿烂的， 光辉的,GRE
indenture,ɪn'dɛntʃɚ,,n.〔旧时的〕师徒契约,GRE
synergic,'sɪnərdʒik,,a.协同作用的,GRE
frisky,'friski,,a.活泼的， 快活的,GRE
triumph,ˈtraɪəmf,,v.成功， 获胜 n.成功，胜利,GRE
slumber,'slʌmbɚ,,v.睡眠，安睡 n.睡眠,GRE
defray,dɪ'fre,,v.支付， 支出,GRE
ratification,",rætəfə'keʃən",,n.正式批准,GRE
optimum,'ɑptəməm,,a.最有利的， 最理想的,GRE
consensus,kən'sɛnsəs,,n.意见一致,GRE
embellish,im'beliʃ,,v.装饰， 美化,GRE
outmaneuver,",aʊtmə'nʊvɚ",,v.以策略制胜,GRE
retract,rɪ'trækt,,v.撤回， 取消； 缩回， 拉回,GRE
countenance,'kaʊntənəns,,v.支持，赞成 n.表情,GRE
gnawing,'nɔɪŋ,,a.痛苦的， 折磨人的 n.啃，咬,GRE
pulchritude,'pʌlkritju:d,,n.美丽， 标致,GRE
pettish,'pɛtɪʃ,,a.易怒的， 闹情绪的,GRE
colloquial,kə'lokwɪəl,,a.口语的， 口头的,GRE
unnoteworthy,ˌʌn'noutwɜːrði,,a.不显著的， 不值得注意的,GRE
remains,rɪ'menz,,n.残余， 遗迹,GRE
incorporate,ɪn'kɔːrpəreɪt,,v.合并， 并入,GRE
clemency,'klɛmənsi,,n.温和； 仁慈， 宽厚,GRE
summation,sʌ'meʃən,,n.总结， 概要； 总数， 合计,GRE
fossilized,'fɔsilaizd,,a.变成化石的,GRE
incomplete,'ɪnkəm'plit,,a.不完全的， 不完整的,GRE
textured,'tɛkstʃɚd,,a.手摸时有感觉的； 有织纹的,GRE
radicalism,'rædɪkəlɪzəm,,n.激进主义,GRE
counterpart,'kaʊntɚpɑrt,,n.相对应或具有相同功能的人或物,GRE
demarcate,'dimɑr'ket,,v.划分， 划界,GRE
pendulum,'pɛndʒələm,,n.摆， 钟摆,GRE
lackluster,"'læk,lʌstə",,a.无光泽的； 呆滞的,GRE
odometer,o'dɑmətɚ,,n.里程表),GRE
superb,/suːˈpɜːrb/,,a.上乘的， 出色的,GRE
baroque,bə'rouk,,a.过分装饰的,GRE
transcontinental,",trænz,kɑntɪ'nɛntl",,a.横贯大陆的,GRE
nonchalance,"'nɔnʃələns, ,nɔnʃə'lɑ:ns",,n.冷漠， 冷淡,GRE
duplicate,'duplɪket,,a.复制的， 两重的 v.复制 n.复制品， 副本,GRE
affable,'æfəbl,,a.和蔼的； 友善的,GRE
unbridled,ʌn'braɪdld,,a.放纵的， 不受约束的,GRE
diatribe,'daɪətraɪb,,n.抨击,GRE
eradicate,ɪ'rædɪket,,v.根除； 扑灭,GRE
gauche,ɡoʃ,,a.笨拙的， 不会社交的,GRE
solemnity,sə'lɛmnəti,,n.庄严， 肃穆,GRE
remand,rɪ'mænd,,v.遣回； 召回,GRE
patriotism,'petrɪətɪzəm,,n.爱国主义， 爱国心,GRE
accomplice,ə'kɑmplɪs,,n.共犯， 同谋,GRE
submit,səb'mɪt,,v.屈服； 提交， 呈递,GRE
snatch,snætʃ,,v.强夺，攫取 n.强夺， 攫取,GRE
sun-bronzed,'sʌnbrɑːnzd,,a.被太阳晒成古铜色的,GRE
contrition,kən'triʃən,,n.悔罪， 痛悔,GRE
durable,'dʊrəbl,,a.持久的； 耐用的,GRE
impose,ɪm'poz,,v.征收； 强加,GRE
thrash,θræʃ,,v.鞭打,GRE
trademark,'tred'mɑrk,,v.保证商标权 n.特征；商标,GRE
perfervid,pə:'fə:vid,,a.过于热心的,GRE
rack,ræk,,v.使痛苦不堪， 使受折磨,GRE
dumbfound,dʌm'faund,,v.使…惊讶,GRE
paleolithic,",pelɪo'lɪθɪk",,a.旧石器时代的,GRE
wan,wɑn,,a.虚弱的； 病态的,GRE
wax,waks,,v.给…上蜡； 增大； 渐满 n.蜡,GRE
arable,'ærəbl,,a.适于耕种的,GRE
stellar,ˈstelər,,a.星的， 星球的,GRE
stipple,'stɪpl,,v.点画， 点描,GRE
obverse,'ɑbvɝs,,n&adj.正面,GRE
flippant,'flɪpənt,,a.无礼的； 轻率的,GRE
lowbred,'lo'brɛd,,a.粗野的， 粗俗的,GRE
fad,fæd,,n.时尚,GRE
underwrite,",ʌndɚ'raɪt",,v.同意负担…的费用； 通过保单承担,GRE
mangle,'mæŋɡl,,v.毁坏， 毁损； 损坏,GRE
insurrection,",insə'rekʃən",,n.造反， 叛乱,GRE
synonymous,sɪ'nɑnɪməs,,a.同义的,GRE
moribund,'mɔrɪbʌnd,,a.即将结束的； 垂死的,GRE
raff,ræf,,n.大量， 许多,GRE
unscathed,ʌn'skeðd,,a.未受损伤的， 未受伤害的,GRE
embed,ɪm'bɛd,,v.牢牢插入， 使嵌入,GRE
bashfulness,'bæʃflnəs,,n.羞怯,GRE
ambivalent,æm'bɪvələnt,,a.有矛盾看法的,GRE
esoteric,",ɛsə'tɛrɪk",,a.秘传的； 机密的， 隐秘的,GRE
ruthlessness,'ruːθləsnəs,,n.无情， 冷酷， 残忍,GRE
gaff,gæf,,n.大鱼钩， 鱼叉； 【海】斜桁,GRE
rendering,'rɛndərɪŋ,,n.表演； 翻译,GRE
pedantry,'pɛdntri,,n.迂腐,GRE
tranquility,træŋ'kwɪləti,,n.宁静， 安静,GRE
browse,braʊz,,v.吃草；浏览 n.嫩叶； 嫩芽,GRE
elated,ɪ'letɪd,,a.得意洋洋的， 振奋的,GRE
chorale,kə'ræl,,n.赞美诗； 合唱队,GRE
intensify,ɪn'tɛnsɪfaɪ,,v.使加剧,GRE
pensive,'pɛnsɪv,,a.沉思的； 忧心忡忡的,GRE
piety,'paɪəti,,n.孝顺， 孝敬)； 虔诚(religious devotion and reverence to God； devoutness),GRE
gain,ɡen,,n.利润， 收获,GRE
engross,ɪn'ɡros,,v.全神贯注于,GRE
flustered,'flʌstəd,,a.慌张的， 激动不安的,GRE
tragic,'trædʒɪk,,a.悲惨的,GRE
raspy,'ræspi,,a.刺耳的； 易怒的,GRE
sterilize,'stɛrəlaɪz,,v.使不育； 杀菌,GRE
relieved,rɪ'livd,,a.宽慰的， 如释重负的,GRE
grin,ɡrɪn,,v.露齿而笑； 眦牙咧嘴,GRE
quaint,kwent,,a.离奇有趣的； 古色古香的,GRE
discursive,dɪs'kɝsɪv,,a.散漫的， 不得要领的,GRE
explore,ɪk'splɔr,,v.探究； 勘探； 考察,GRE
egoist,'iɡoɪst,,n.自我主义者,GRE
grit,ɡrɪt,,v.下定决心， 咬紧牙关 n.沙粒；决心，勇气,GRE
climate,ˈklaɪmɪt,,n.气候； 风气,GRE
cosmos,'kɑzmos,,n.宇宙,GRE
recherche,ˌrəʃer'ʃeɪ,,a.精心挑选的； 异国风味的,GRE
egoism,'ɛɡoɪzəm,,n.利己主义,GRE
peripatetic,",pɛrɪpə'tɛtɪk",,a.巡游的， 流动的,GRE
disembodied,",dɪsɪm'bɑdɪd",,a.无实体的， 空洞的,GRE
criticize,'krɪtə'saɪz,,"v.评论, 批评； 挑剔",GRE
wanton,'wɔntən,,a.无节制的， 肆无忌惮的； 嬉戏的， 淘气的,GRE
rage,redʒ,,v.狂怒， 大发雷霆 n.盛怒,GRE
behold,bɪ'hold,,v.注视， 看见,GRE
hull,hʌl,,v.剥去外壳 n.外壳；船身,GRE
indebted,ɪn'dɛtɪd,,a.感激的， 蒙恩的,GRE
grim,ɡrɪm,,a.冷酷的， 可怕的,GRE
pharmaceutical,",fɑrmə'sutɪkl",,a.制药的， 卖药的,GRE
arrest,ə'rɛst,,v.逮捕； 阻止， 制止,GRE
retrace,rɪ'tres,,v.回顾， 追溯,GRE
abnegate,'æbniɡeit,,v.否认， 放弃,GRE
discontent,",dɪskən'tɛnt",,v.使不满 a.不满的 n.不满,GRE
subservient,səb:sə:viənt,,a.次要的， 从属的； 恭顺的,GRE
protocol,'protə'kɔl,,n.外交礼节； 协议， 草案,GRE
provoke,prə'vok,,v.激怒； 引起； 驱使,GRE
commercialize,kə'mɝʃlaɪz,,v.使商业化， 使商品化,GRE
remonstrate,rɪ'mɑnstret,,v.抗议； 告诫,GRE
gruesome,'ɡru:səm,,a.令人毛骨悚然的， 阴森的,GRE
rapprochement,",ræproʃ'mɑn",,n.友好， 友善关系的建立,GRE
repugnant,rɪ'pʌɡnənt,,a.令人厌恶的,GRE
haphazardly,hæp'hæzərdli,,ad.偶然地； 随意地； 杂乱地,GRE
flagellate,'flædʒəlet,,v.鞭打， 鞭笞,GRE
tranquil,ˈtræŋkwəl,,a.平静的,GRE
choleric,'kɑlərɪk,,a.易怒的， 暴躁的,GRE
strait,stret,,a.狭窄的 n.海峡,GRE
fastidious,fæ'stɪdɪəs,,a.难取悦的， 挑剔的,GRE
personally,'pə:sənəli,,ad.亲自； 作为个人,GRE
invigorate,ɪn'vɪɡəret,,v.鼓舞， 使精力充沛,GRE
self-adulation,ˌselfædʒə'leɪʃn,,n.自我吹捧,GRE
elementary,",ɛlɪ'mɛntri",,a.初级的,GRE
inhale,ɪn'hel,,v.吸入， 吸气,GRE
automotive,",ɔtə'motɪv",,a.汽车的， 自动的,GRE
embarrass,ɪm'bærəs,,v.使局促不安， 使窘迫,GRE
stigma,'stɪɡmə,,n.耻辱的标志， 污点,GRE
pathology,pə'θɑlədʒi,,n.病理学,GRE
embryological,ˌembriə'lɑːdʒɪkl,,a.胚胎学的,GRE
volley,'vɑli,,v.齐发， 群射； 截击 n.齐发，群射,GRE
viscid,'vɪsɪd,,a.黏性的,GRE
crucial,'krʊʃəl,,a.决定性的,GRE
sequestrate,'sikwəstret,,v.扣押， 没收,GRE
cognizant,'kɑgnɪzənt,,a.知道的， 认识的,GRE
intelligible,ɪn'tɛlɪdʒəbl,,a.可理解的， 易于理解的,GRE
unproven,ʌn'prʊvən,,a.未经证实的,GRE
dissimulate,di'simjuleit,,v.隐藏， 掩饰,GRE
bewilder,bɪ'wɪldɚ,,v.使迷惑， 混乱,GRE
barter,'bɑrtɚ,,v.易货贸易,GRE
gall,ɡɔl,,n.胆汁； 怨恨,GRE
egalitarian,ɪ'gælə'tɛrɪən,,a.主张人人平等的,GRE
diminish,dɪ'mɪnɪʃ,,v.减少， 缩小,GRE
inconstancy,ɪn'kɑːnstənsi,,n.反复无常,GRE
stagnate,stæɡ'net,,v.停滞,GRE
sorcery,'sɔrsəri,,n.巫术， 魔术,GRE
variance,'vɛrɪəns,,n.分歧， 不和； 不同， 变化,GRE
defame,di'feim,,v.诽谤， 中伤,GRE
anticlimactic,",æntɪklaɪ'mæktɪk",,a.突减的,GRE
rant,rænt,,v.大声责骂； 咆哮,GRE
dumbbell-like,'dʌmbelˌlaɪk,,a.哑铃状的,GRE
hush,hʌʃ,,v.安静下来 n.肃静，安静,GRE
periphrastic,",pɛrə'fræstɪk",,a.迂回的， 冗赘的,GRE
outlet,'aʊtlɛt,,n.出口,GRE
ablaze,ə'blez,,a.着火的， 燃烧的； 闪耀的,GRE
prowl,praʊl,,v.潜行，悄悄踱步 n.四处觅食， 徘徊,GRE
illusive,ɪ'lusɪv,,a.迷惑人的， 迷幻的,GRE
cosmic,'kɑzmɪk,,a.宇宙的,GRE
ancestor,'ænsɛstɚ,,n.祖先， 祖宗,GRE
piebald,'paɪbɔld,,a.花斑的， 黑白两色的,GRE
licentious,laɪ'sɛnʃəs,,a.放荡的， 纵欲的； 放肆的,GRE
privation,praɪ'veʃən,,n.匮乏， 贫困,GRE
panic,'pænɪk,,a.恐慌的 n.恐慌， 惊惶,GRE
extend,ɪk'stɛnd,,v.延伸， 扩大； 舒展； 宽延， 延缓,GRE
eventful,ɪ'vɛntfl,,a.多事的； 重要的,GRE
fold,fold,,v.折叠 n.羊栏,GRE
folksy,'foksi,,a.亲切的， 友好的,GRE
interpretation,ɪn'tɝprɪ'teʃən,,n.解释， 说明； 演绎,GRE
genus,'dʒinəs,,n.属， 类,GRE
impervious,ɪm'pɝvɪəs,,a.不能渗透的； 不为所动的,GRE
hurl,hɝl,,v.用力投掷； 大声叫骂,GRE
draggy,'drægi,,a.拖拉的， 极为讨厌的,GRE
sentient,'sɛntɪənt,,a.有感觉能力的； 意识到的,GRE
inscribe,ɪn'skraɪb,,v.写、 题写,GRE
rapt,ræpt,,a.入迷的， 全神贯注的,GRE
institutionalized,",ɪnstɪ'tuʃənəlaɪzd",,a.制度化的,GRE
aerate,'ɛret,,v.充气， 让空气进入,GRE
genre,'ʒɑnrə,,n.类型， 体裁,GRE
infuriate,ɪn'fjʊrɪet,,v.使恼怒， 激怒,GRE
tined,taɪnd,,a.尖端的,GRE
cacophonous,kəˈkɑːfənəs,,a.发音不和谐的， 不协调的,GRE
renal,'rinl,,n.肾脏的， 肾的,GRE
forgery,'fɔrdʒəri,,n.伪造,GRE
plunge,plʌndʒ,,v.跳进， 陷入； 俯冲,GRE
skeptical,'skɛptɪkl,,a.怀疑的； 多疑的,GRE
pontifical,pɑn'tɪfɪkl,,a.教皇的； 自负的； 武断的,GRE
burgeon,'bɝdʒən,,v.迅速成长， 发展,GRE
opacity,o'pæsəti,,n.不透明性； 晦涩,GRE
naive,naɪ'iv,,a.天真的， 纯朴的,GRE
gape,geɪp,,v.裂开； 目瞪口呆地凝视,GRE
byzantine,baɪˈzntaɪn;ˈbɪzəntaɪn,,a.错综复杂的,GRE
expenditure,ɪk'spɛndɪtʃɚ,,n.花费， 支出； 支出额,GRE
hobble,'hɑbl,,v.蹒跚； 跛行,GRE
devotional,dɪ'voʃənl,,a.献身的， 虔诚的,GRE
scare,skɛr,,n&v.惊吓， 受惊， 惊恐,GRE
congenial,kən'dʒinɪəl,,a.意气相投的， 趣味相投的； 性情好的； 适意的,GRE
schism,'skɪzəm,,n.教会分裂； 分裂,GRE
woe,wo,,n.悲痛， 悲哀； 不幸， 灾难,GRE
excessively,ɪk'sɛsɪvli,,ad.过度地,GRE
snare,snɛr,,n.圈套， 陷阱,GRE
accomplished,ə'kɑmplɪʃt,,a.完成了的； 有技巧的,GRE
corroboration,kəˌrɑːbə'reɪʃn,,n.证实， 支持,GRE
woo,wu,,v.求爱， 求婚； 恳求， 争取,GRE
garment,'gɑrmənt,,n.衣服,GRE
specious,'spiʃəs,,a.似是而非的； 华而不实的,GRE
terse,tɝs,,a.简洁的， 简明的,GRE
voracious,və'reʃəs,,a.狼吞虎咽的， 贪吃的； 贪婪的， 贪得无厌的,GRE
caricature,'kærɪkətʃɚ,,n.讽刺画； 滑稽模仿,GRE
unconvinced,ˌʌnkən'vɪnst,,a.不信服的,GRE
muzzy,'mʌzi,,a.头脑糊涂的,GRE
unpredictable,",ʌnprɪ'dɪktəbl",,a.不可预知的,GRE
snarl,snɑrl,,v.纠缠，混乱；咆哮，怒骂 n.纠缠， 混乱； 怒吼声， 咆哮声,GRE
inexplicable,",ɪnɪk'splɪkəbl",,a.无法解释的,GRE
profound,prə'faʊnd,,a.深的； 深刻的， 深远的； 渊博的； 深奥的,GRE
horrific,hə'rɪfɪk,,a.可怕的,GRE
phantom,'fæntəm,,n.鬼怪， 幽灵； 幻影， 幻象,GRE
aspiration,æspəˈreʃən,,n.抱负， 渴望,GRE
foible,'fɔibl,,n.小缺点， 小毛病,GRE
abeyance,ə'beəns,,n.中止， 搁置,GRE
clamber,'klæmbɚ,,v.吃力地爬上， 攀登,GRE
whiff,wɪf,,n.一股淡淡的气味,GRE
gabby,'ɡæbi,,a.饶舌的， 多嘴的,GRE
halcyon,'hælsɪən,,a.平静的； 愉快的； 繁荣的,GRE
lamentable,'læməntəbl,,a.令人惋惜的， 悔恨的,GRE
augmentation,",ɔgmɛn'teʃən",,n.增加,GRE
antecedence,",æntə'sidns",,n.居先， 先行,GRE
content,'kɑntɛnt,,a.知足的，满意的 v.满意；满足 n.满意； 内容,GRE
hover,'hʌvɚ,,v.翱翔； 徘徊,GRE
ploy,plɔɪ,,n.花招， 策略,GRE
subterfuge,'sʌbtɚfjudʒ,,n.诡计， 托辞,GRE
alert,ə'lɝt,,a.警惕的，机警的 n.警报,GRE
plot,plɑt,,v.密谋， 策划 n.情节；阴谋,GRE
obsolescent,",ɑbsə'lɛsnt",,a.逐渐荒废的,GRE
prophecy,'prɑfəsi,,n.预言,GRE
prosperity,prɑ'spɛrəti,,n.繁荣； 幸运,GRE
adulatory,"'ædʒələ,tori",,a.奉承的,GRE
contrary,'kɑntrɛri,,a.相反的； 对抗的,GRE
contend,kən'tɛnd,,v.竞争， 争夺； 争论， 争辩,GRE
covert,'kovɝt,,a.秘密的， 隐蔽的,GRE
thwart,θwɔrt,,v.阻挠， 使受挫折， 挫败,GRE
plod,plɑd,,v.沉重地走；辛勤工作 n.艰难行进,GRE
splice,splaɪs,,v.接合， 拼接,GRE
crestfallen,'krɛstfɔlən,,a.挫败的， 失望的,GRE
conserve,kən'sɝv,,v.保存， 保藏,GRE
tease,tiz,,v.逗乐，戏弄；强求，强要 n.逗乐， 戏弄,GRE
skimp,skɪmp,,v.节省花费,GRE
fused,fjʊzd,,a.熔化的,GRE
mnemonics,ni'mɑnɪks,,n.记忆法， 记忆术,GRE
rasp,ræsp,,v.发出刺耳的声音； 锉， 刮削,GRE
depose,dɪ'poz,,v.免职； 宣誓作证,GRE
sedate,si'deit,,a.镇静的,GRE
limbo,'lɪmbo,,n.不稳定的状态， 中间状态,GRE
wry,raɪ,,a.扭曲的， 歪曲的； 嘲弄的， 讽刺的,GRE
transcription,træn'skrɪpʃən,,n.誊写， 抄写； 抄本， 副本,GRE
exhilarate,ɪɡ'zɪləret,,v.使兴奋， 使高兴； 使振作， 鼓舞,GRE
rebarbative,ri'bɑ:bətiv,,a.令人讨厌的， 冒犯人的,GRE
divine,dɪ'vaɪn,,v.推测， 预言,GRE
capricious,kə'prɪʃəs,,a.变化无常的， 任性的,GRE
abhor,əb'hɔr,,v.憎恨， 厌恶,GRE
authorization,",ɔθərɪ'zeʃən",,n.授权， 认可,GRE
foul,faʊl,,a.污秽的，肮脏的；恶臭的；邪恶的 v.弄脏 n.犯规,GRE
flourish,ˈflɜːrɪʃ,,v.繁荣， 兴旺； 活跃而有影响力,GRE
intricate,ˈɪntrəkət,,a.错综复杂的； 难懂的,GRE
stilted,'stɪltɪd,,a.不自然的； 夸张的,GRE
ciliate,'sɪlet,,a.有纤毛的； 有睫毛的,GRE
contemplate,'kɑntəmplet,,v.深思； 凝视,GRE
context,'kɑntɛkst,,n.上下文,GRE
believable,bi'li:vəbl,,a.可信的,GRE
conscript,kən'skrɪpt,,v.征兵， 征召入伍,GRE
unbroken,ʌn'brokən,,a.完整的； 连续的,GRE
dint,dɪnt,,v.击出凹痕,GRE
pundit,'pʌndɪt,,n.权威人士， 专家,GRE
subsistence,səb'sɪstəns,,n.生存， 生计； 存在,GRE
dejected,dɪ'dʒɛktɪd,,a.沮丧的， 失望的， 灰心的,GRE
lingual,'lɪŋɡwəl,,a.舌的； 语言的,GRE
impartiality,",ɪmpɑrʃɪ'æləti",,n.公平， 公正,GRE
rave,rev,,v.胡言乱语， 说疯语 n.热切赞扬,GRE
announce,ə'naʊns,,v.宣布， 发表； 通报…的到来,GRE
certification,",sɝtɪfɪ'keʃən",,n.证明,GRE
additive,'ædətɪv,,n.添加剂,GRE
habitable,'hæbɪtəbl,,a.可居住的,GRE
understated,",ʌndɚ'stetɪd",,a.轻描淡写的， 低调的,GRE
plaintive,'plentɪv,,a.哀伤的， 悲伤的,GRE
supplement,'sʌplɪmənt,,v.增补 n.增补，补充,GRE
halting,'hɔltɪŋ,,a.踌躇的， 迟疑不决的,GRE
crafty,'kræfti,,a.狡诈的； 灵巧的,GRE
brittle,'brɪtl,,a.易碎的， 脆弱的,GRE
affinity,ə'fɪnəti,,n.相互吸引； 密切关系,GRE
accrue,ə'kru,,v.增加； 积累,GRE
majestic,mə'dʒɛstɪk,,a.雄伟的， 庄严的,GRE
goggle,'ɡɑɡl,,v.瞪大眼睛看 n.护目镜,GRE
recede,rɪ'sid,,v.后退， 撤回,GRE
dire,'daiə,,a.可怕的,GRE
irreproachable,",ɪrɪ'protʃəbl",,a.无可指责的， 无瑕疵的,GRE
customary,'kʌstə'mɛri,,a.合乎习俗的,GRE
irreparable,ɪ'rɛpərəbl,,a.不能挽回的， 无法弥补的,GRE
profligacy,'prɔfliɡəsi,,n.放荡； 肆意挥霍,GRE
explicable,ɪk'splɪkəbl,,a.可解释的,GRE
delight,dɪ'laɪt,,v.使高兴， 使欣喜 n.快乐， 高兴， 乐事,GRE
proficient,prə'fɪʃnt,,a.熟练的， 精通的,GRE
demagogue,ˈdɛməɡɑɡ,,n.蛊惑民心的政客,GRE
sullen,'sʌlən,,a.忧郁的,GRE
impromptu,ɪm'prɑmptu,,a.即席的， 即兴的,GRE
shilly-shally,"'ʃili,ʃæli",,v.犹豫不决； 虚度时光,GRE
stabilize,'stebəlaɪz,,v.使稳定， 使坚固,GRE
dilatory,'dɪlətɔri,,a.慢吞吞的， 磨蹭的,GRE
placid,'plæsɪd,,a.安静的， 平和的,GRE
solitary,'sɑlətɛri,,a.孤独的 n.隐士,GRE
swagger,'swæɡɚ,,v.大摇大摆地走,GRE
salve,sæv,,v.减轻， 缓和 n.药膏,GRE
inelastic,ɪnɪ'læstɪk,,a.无弹性的,GRE
vengeful,'vɛndʒfəl,,a.渴望复仇的， 复仇心重的,GRE
skirt,skɝt,,v.绕过， 回避,GRE
homogenize,"ho'mɑdʒə,naɪz",,v.使均匀,GRE
sufficient,səˈfɪʃənt,,a.足够的,GRE
overbalance,",ovɚ'bæləns",,v.使失去平衡,GRE
glaze,ɡlez,,v.上釉于；使光滑 n.釉,GRE
thaw,θɔ,,v.解冻， 融化,GRE
self-assured,'selfə'ʃuəd,,a.有自信的,GRE
fasten,'fæsən,,v.使固定,GRE
incertitude,"ɪn'sɝtə,tjʊd",,n.不确定； 无把握， 怀疑,GRE
contest,kən'tɛst,,v.竞争； 质疑,GRE
tinge,tɪndʒ,,v.给…着色； 使略带…气息,GRE
turmoil,'tɝmɔɪl,,n.混乱， 骚乱,GRE
possessed,pə'zɛst,,a.着迷的， 入迷的,GRE
rekindle,",ri'kɪndl",,v.再点火； 使重新振作,GRE
raze,rez,,v.夷为平地； 彻底破坏,GRE
fiscal,'fɪskl,,a.国库的； 财政的,GRE
gaze,ɡeɪz,,v.凝视，注视 n.凝视， 注视,GRE
suggestive,sə'dʒɛstɪv,,a.暗示的,GRE
totalitarian,"to,tælə'tɛrɪən",,a.极权主义的,GRE
renege,rɪ'niɡ,,v.食言， 违约,GRE
inexpensive,",ɪnɪk'spɛnsɪv",,a.廉价的， 便宜的,GRE
counterproductive,",kaʊntɚprə'dʌktɪv",,a.事与愿违的,GRE
ideology,",aidi'ɔlədʒi, ,idi-",,n.思想体系， 思想意识,GRE
leeward,'liwɚd,,a.背风的,GRE
self-effacement,'selfə'feismənt,,n.自谦,GRE
superfluity,",sʊpɚ'flʊəti",,n.过剩,GRE
storage,'stɔrɪdʒ,,n.仓库； 贮存,GRE
seam,sim,,n.缝， 接缝,GRE
concinnity,kən'sɪnəti,,n.优美； 雅致； 协调,GRE
veritable,'vɛrɪtəbl,,a.名副其实的， 真正的， 确实的,GRE
inestimable,ɪn'ɛstɪməbl,,a.无法估计的； 无价的， 极有价值的,GRE
whine,waɪn,,v.哀号， 号哭,GRE
heal,hil,,v.治愈,GRE
candidacy,'kændədəsi,,n.候选人资格,GRE
roundabout,'raʊndəbaʊt,,a.绕道的， 迂回的,GRE
rescue,'rɛskju,,v.解救；把…从法律监管下强行夺回 n.解救,GRE
disabuse,",dɪsə'bjuz",,v.打消错误念头， 使醒悟,GRE
regimental,",rɛdʒɪ'mɛntl",,a.团的， 团队的,GRE
influx,'ɪnflʌks,,n.注入， 涌入,GRE
problematic,'prɑblə'mætɪk,,a.成问题的； 有疑问的， 值得怀疑的； 未知的， 未解决的,GRE
frisk,frɪsk,,v.欢跃， 嬉戏 n.欢跃，蹦跳,GRE
devastate,'dɛvəstet,,v.摧毁， 破坏,GRE
inimitable,ɪ'nɪmɪtəbl,,a.无法仿效的,GRE
exonerate,ɪɡ'zɑnəret,,v.免除责任； 确定无罪,GRE
propitiate,prə'pɪʃɪet,,v.讨好； 抚慰,GRE
disaffect,",dɪsə'fɛkt",,v.使不满； 使疏远,GRE
disavow,",dɪsə'vaʊ",,v.否认， 否定， 抵赖,GRE
maple,'mepl,,n.枫树,GRE
knit,nɪt,,v.编织； 密接， 紧密相联,GRE
transmute,trænz'mjut,,v.变化,GRE
consternation,",kɑnstɚ'neʃən",,n.大为吃惊， 惊骇,GRE
subversive,sʌb'vɝsɪv,,a.颠覆性的， 破坏性的,GRE
readily,'rɛdɪli,,ad.乐意地； 容易地,GRE
oratory,'ɔrətɔri,,n.演讲术,GRE
wrest,rɛst,,v.扭， 拧； 夺取， 费力取得,GRE
downfall,'daʊnfɔl,,n.垮台,GRE
suppliant,'sʌpliənt,,a.恳求的，哀求的 n.恳求者， 哀求者,GRE
falsehood,'fɔlshʊd,,n.谎言,GRE
discipline,'dɪsəplɪn,,v.训练， 训导 n.纪律；惩罚，处分,GRE
avaricious,",ævə'rɪʃəs",,a.贪婪的， 贪心的,GRE
burnish,'bə:niʃ,,v.擦亮， 磨光,GRE
revulsion,rɪ'vʌlʃən,,n.厌恶， 憎恶； 剧变,GRE
scarlet,'skɑrlɪt,,a.猩红的， 鲜红的,GRE
proclamation,",prɑklə'meʃən",,n.宣布， 公布,GRE
retribution,",rɛtrɪ'bjuʃən",,n.报应， 惩罚,GRE
foreword,'fɔrwɝd,,n.前言， 序,GRE
suspension,sə'spɛnʃən,,n.暂停； 悬浮,GRE
choke,tʃok,,v.窒息， 阻塞,GRE
inevitable,ɪn'ɛvɪtəbl,,a.不可避免的， 必然的,GRE
insanity,ɪn'sænəti,,n.疯狂； 愚昧,GRE
consciousness,'kɑnʃəsnəs,,n.意识， 观念； 清醒状态； 知觉,GRE
blindness,'blaɪndnɪs,,n.失明,GRE
caudal,'kɔdl,,a.尾部的， 像尾部的,GRE
relapse,rɪ'læps,,v.旧病复发； 再度恶化 n.旧病复发；再度恶化,GRE
ultramundane,",ʌltrə'mʌnden",,a.世界之外的； 超俗的,GRE
allowance,ə'laʊəns,,n.津贴， 补助； 承认， 允许,GRE
wheedle,'widl,,v.哄骗， 诱骗,GRE
hyperbole,haɪ'pɝbəli,,n.夸张法,GRE
adopt,ə'dɑpt,,v.采纳， 采用； 正式接受， 通过,GRE
sear,sɪr,,v.烧焦,GRE
expire,ɪk'spaɪɚ,,v.期满； 断气， 去世,GRE
pastiche,"pæs'ti:ʃ, pɑ:",,n.混合拼凑的作品,GRE
oppose,ə'poz,,v.反对,GRE
viral,'vaɪrəl,,a.病毒性的,GRE
commentary,'kɑməntɛri,,n.实况报道； 集注,GRE
impeccable,ɪm'pɛkəbl,,a.无瑕疵的,GRE
serenity,si'renəti,,n.平静,GRE
ignominy,'ɪɡnəmɪni,,n.羞耻， 耻辱,GRE
seep,sip,,v.渗漏,GRE
unsubstantiated,",ʌnsəb'stænʃɪetɪd",,a.未经证实的， 无事实根据的,GRE
innermost,'ɪnɚmost,,a.最里面的,GRE
ballyhoo,'bælɪhu,,v.大肆宣传， 大吹大擂 n.喧闹，呐喊,GRE
covenant,'kʌvənənt,,v.立书保证 n.契约,GRE
quaff,kwæf,,v.痛饮， 畅饮,GRE
defunct,dɪ'fʌŋkt,,a.死亡的,GRE
chromatic,krə'mætɪk,,a.彩色的， 五彩的,GRE
adore,ə'dɔr,,v.崇拜； 爱慕,GRE
insuperable,ɪn'supərəbl,,a.难以克服的,GRE
sibyl,'sɪbl,,n.女预言家， 女先知,GRE
accountability,"ə,kaʊntə'bɪləti",,n.有责任,GRE
pierce,pɪrs,,v.刺穿； 穿透,GRE
underbid,",ʌndɚ'bɪd",,v.叫价低于； 要价过低,GRE
closet,'klɑzət,,a.秘密的 n.壁橱,GRE
heed,hid,,v.注意，留心 n.注意， 留心,GRE
adorn,ə'dɔrn,,v.装饰,GRE
dismantle,dɪs'mæntl,,v.拆除,GRE
cement,sə'mɛnt,,v.黏合， 巩固 n.水泥；黏合剂,GRE
molest,mə'lɛst,,v.骚扰， 困扰,GRE
scourge,skɝdʒ,,v.鞭笞； 磨难 n.鞭笞；磨难,GRE
pittance,'pɪtns,,n.微薄的薪俸， 少量的收入； 少量,GRE
unearthly,ʌn'ɝθli,,a.奇异的,GRE
antibiotic,",æntɪbaɪ'ɑtɪk; ˌæntaɪ-",,a.抗菌的 n.抗生素,GRE
separate,(for v.) sɛpəˌret; (for adj.) sɛprɪt,,v.使分开 a.不同的； 独自的,GRE
stultify,'stʌltɪfaɪ,,v.使显得愚蠢； 使变得无用或无效,GRE
relegate,'rɛlɪɡet,,v.使降级， 贬谪； 交付， 托付,GRE
qualm,kwɑm,,n.疑惧； 紧张不安,GRE
ambiguity,",æmbɪ'ɡjuəti",,n.模棱两可的话； 不明确,GRE
opalescence,ˌoupə'lesns,,n.乳白光,GRE
forgo,fɔr'ɡo,,v.放弃， 抛弃,GRE
organism,'ɔrɡənɪzəm,,n.生物， 有机体,GRE
forested,'fɔrɪstɪd,,a.树木丛生的,GRE
idiosyncratic,",ɪdɪəsɪŋ'krætɪk",,a.特殊物质的， 特殊的， 异质的,GRE
untold,",ʌn'told",,a.无数的， 数不清的,GRE
anarchy,'ænɚki,,n.无政府； 政治混乱,GRE
carnage,'kɑrnɪdʒ,,n.大屠杀， 残杀,GRE
recluse,'rɛklus,,a.隐居的 n.隐士,GRE
scruple,'skrupl,,v.顾忌 n.顾忌，迟疑,GRE
remarkable,rɪ'mɑrkəbl,,a.值得注意的， 显著的,GRE
demystify,",di'mɪstɪfaɪ",,v.减少…的神秘性,GRE
brake,brek,,v.刹车； 阻止 n.刹车；阻碍,GRE
recess,'risɛs,,n.壁凹； 休假,GRE
forge,fɔrdʒ,,v.使形成， 达成； 伪造； 锻制， 打铁 n.铁匠铺,GRE
valiant,'væljənt,,a.勇敢的， 英勇的,GRE
bolster,'bolstɚ,,v.支持， 鼓励 n.枕垫,GRE
nutritional,njʊ'trɪʃənl,,a.营养的， 滋养的,GRE
preview,'pri'vjʊ,,v.预演， 预先查看 n.预演，预展,GRE
ingenious,ɪn'dʒinɪəs,,a.聪明的； 善于创造发明的， 心灵手巧的,GRE
unheralded,ʌn'hɛrəldɪd,,a.未预先通知的， 未预先警告过的,GRE
smirch,smɝtʃ,,v.弄脏 n.污点,GRE
imprint,'ɪmprɪnt,,v.盖印， 刻印,GRE
privacy,'praɪvəsi,,n.隐居， 隐退； 隐私； 秘密,GRE
prophesy,'prɑfəsaɪ,,v.预言,GRE
spatter,'spætɚ,,v.洒， 溅,GRE
gab,gæb,,v.空谈， 瞎扯； 闲逛， 游荡 n.饶舌，爱说话,GRE
apron,'eprən,,n.围裙,GRE
gruff,ɡrʌf,,a.粗鲁的， 板着脸孔的； 粗哑的,GRE
hearken,'hɑrkən,,v.倾听,GRE
perpetuate,pɚ'pɛtʃuet,,v.使永存,GRE
curfew,'kɝfju,,n.宵禁,GRE
quail,kwel,,v.畏缩， 发抖， 恐惧,GRE
untasted,ˌʌn'teɪstɪd,,a.未尝过的， 未体验过的,GRE
expeditiously,ˌekspə'dɪʃəsli,,ad.迅速地， 敏捷地,GRE
osmosis,"ɔz'məusis, ɔs-",,n.渗透； 潜移默化,GRE
cringe,krɪndʒ,,v.畏缩； 谄媚,GRE
destitute,'dɛstə'tʊt,,a.缺乏的； 穷困的,GRE
disposed,dɪ'spozd,,a.愿意的， 想干的,GRE
fusty,'fʌsti,,a.霉臭的； 陈腐的， 过时的,GRE
shriek,ʃrik,,v.尖叫,GRE
slight,slaɪt,,a.轻微的，微小的 v.怠慢，冷落 n.冒犯他人的行为、 言语等,GRE
scads,skædz,,n.许多， 巨额,GRE
previous,'privɪəs,,a.在先的， 以前的,GRE
effeminate,ɪ'fɛmɪnət,,a.缺乏勇气的， 柔弱的,GRE
zenith,'zɛnɪθ,,n.天顶； 极点,GRE
cumbersome,'kʌmbəsəm,,a.笨重的， 难处理的,GRE
ceremonious,ˌserə'mouniəs,,a.仪式隆重的,GRE
daunt,dɔ:nt,,v.使胆怯， 使畏缩,GRE
belie,bɪ'laɪ,,v.掩饰； 证明为假,GRE
effervesce,ˌefər'ves,,v.冒泡； 热情洋溢,GRE
subsidize,'sʌbsə'daɪz,,v.津贴， 资助,GRE
jaunty,'dʒɔnti,,a.轻松活泼的,GRE
truculent,'trʊkjʊlənt,,a.残暴的， 凶狠的,GRE
accessory,ək'sɛsəri,,a.附属的， 次要的,GRE
machination,"ˌmækəˈneʃən, ˌmæʃ-",,n.阴谋,GRE
foray,'fɔre,,v.突袭，偷袭；劫掠，掠夺 n.突袭,GRE
scant,skænt,,a.不足的， 缺乏的,GRE
unworldly,ʌn'wɝldli,,a.非世俗的； 精神上的,GRE
harpsichord,'hɑ:psikɔ:d,,n.键琴,GRE
immensity,ɪ'mɛnsəti,,n.巨大的事物； 巨大， 广大， 无限,GRE
seminal,'sɛmɪnl,,a.有创意的,GRE
harbinger,'hɑrbɪndʒɚ,,n.先驱， 先兆,GRE
intricacy,'ɪntrɪkəsi,,n.错综复杂,GRE
maraud,mə'rɔ:d,,v.抢劫， 掠夺,GRE
inconclusive,",ɪnkən'klusɪv",,a.非决定性的； 无定论的,GRE
veracity,və'ræsəti,,n.真实； 诚实,GRE
sluggish,'slʌɡɪʃ,,a.缓慢的， 行动迟缓的； 反应慢的,GRE
nethermost,'neðəməust,,a.最低的， 最下面的,GRE
susceptible,sə'sɛptəbl,,a.易受影响的， 敏感的,GRE
befriend,bi'frend,,v.以朋友态度对待,GRE
dereliction,",dɛrə'lɪkʃən",,n.遗弃； 玩忽职守的,GRE
insight,'ɪn'saɪt,,n.洞察力； 洞悉,GRE
quiescent,kwɪ'ɛsnt,,a.不动的， 静止的,GRE
assail,ə'sel,,v.质问； 攻击,GRE
timeliness,'taɪmlɪnɪs,,n.及时， 适时,GRE
fabric,'fæbrɪk,,n.纺织品； 结构,GRE
fussy,'fʌsi,,a.爱挑剔的， 难取悦的,GRE
gravitate,'ɡrævɪtet,,v.被强烈地吸引； 受引力作用而运动,GRE
squelch,skwɛltʃ,,v.压制， 镇压,GRE
caprice,kə'pris,,n.奇思怪想， 反复无常， 任性,GRE
periodic,",pɪrɪ'ɑdɪk",,a.周期的， 定期的,GRE
recusant,rə'kjuzənt,,n.拒绝服从的人,GRE
undemanding,'ʌndɪ'mɑndɪŋ,,a.不严格的； 要求不高的,GRE
sedentary,'sɛdntɛri,,a.久坐的,GRE
star-crossed,"'stɑ:krɔst, -krɔ:st",,a.时运不济的,GRE
eminence,'ɛmɪnəns,,n.卓越， 显赫， 杰出,GRE
virulent,'vɪrələnt,,a.剧毒的； 恶毒的,GRE
predetermine,",pridɪ'tɝmɪn",,v.预先注定； 预先决定,GRE
sublimate,'sʌblɪmet,,v.升华， 净化,GRE
saturate,'sætʃərɪt,,v.浸湿， 浸透； 使大量吸收或充满,GRE
judiciousness,dʒu'dɪʃəsnəs,,n.明智,GRE
counterfeit,'kaʊntɚ'fɪt,,v.伪造，仿造 a.伪造的， 假冒的,GRE
sabotage,",sæbə'tɑʒ",,n.阴谋破坏， 颠覆活动,GRE
enrapture,ɪn'ræptʃɚ,,v.使狂喜， 使高兴,GRE
ulterior,ʌl'tɪrɪɚ,,a.较远的， 将来的； 隐秘的， 别有用心的,GRE
yielding,'jildɪŋ,,a.易弯曲的， 柔软的； 顺从的， 服从的,GRE
industrious,ɪn'dʌstrɪəs,,a.勤劳的， 勤勉的,GRE
suspect,sʌspɛkt; (for v.) səˈspɛkt,,v.怀疑 a.可疑的 n.嫌疑犯,GRE
transformation,",trænsfɚ'meʃən",,n.转化， 转变,GRE
enfeeble,ɪn'fiːbl,,v.使衰弱,GRE
indiscriminately,indi'skriminitli,,ad.随意地， 任意地,GRE
bigot,'bɪɡət,,n.顽固盲从者； 偏执者,GRE
smudge,smʌdʒ,,v.弄脏 n.污迹，污点,GRE
massive,'mæsɪv,,a.巨大的， 厚重的,GRE
mingle,'mɪŋɡl,,v.混合,GRE
braid,bred,,v.编织 n.穗子； 发辫,GRE
nucleate,'njʊklɪɪt,,v.成核 a.有核的,GRE
histrionic,'hɪstrɪ'ɑnɪk,,a.做作的； 戏剧的,GRE
prong,prɔŋ,,v.刺，贯穿 n.叉子， 尖齿； 齿状物,GRE
prone,pron,,a.俯卧的； 倾向于…的,GRE
exposition,",ɛkspə'zɪʃən",,n.阐释； 博览会,GRE
architectural,",ɑrkɪ'tɛktʃərəl",,a.建筑上的； 建筑学的,GRE
unyielding,ʌn'jildɪŋ,,a.坚定的， 不屈的； 坚硬的， 不能弯曲的,GRE
overpowering,'ovɚ'paʊərɪŋ,,a.压倒性的， 不可抗拒的,GRE
rebuttal,rɪ'bʌtl,,n.反驳， 反证,GRE
dolorous,'dolərəs,,a.悲哀的， 忧伤的,GRE
impetus,'ɪmpɪtəs,,n.推动力； 刺激,GRE
indignation,",ɪndɪɡ'neʃən",,n.愤慨， 义愤,GRE
barrier,'bærɪɚ,,n.路障； 障碍,GRE
revitalize,",ri'vaɪtəlaɪz",,v.使重新充满活力,GRE
discourteous,dɪs'kɝtɪəs,,a.失礼的， 粗鲁的,GRE
recalcitrant,rɪ'kælsɪtrənt,,a.顽抗的,GRE
brace,bres,,v.支撑，加固 n.支撑物,GRE
stranded,'strændɪd,,a.搁浅的， 处于困境的,GRE
enamored,ɪ'næmərd,,a.倾心的， 被迷住,GRE
delude,dɪ'luːd,,v.欺骗， 哄骗,GRE
sheltered,'ʃɛltɚd,,a.遮蔽的,GRE
startle,'stɑrtl,,v.使吃惊,GRE
tyro,'taɪro,,n.新手,GRE
demotic,dɪ'mɑtɪk,,a.民众的， 通俗的,GRE
igneous,'ɪgnɪəs,,a.火的， 似火的,GRE
anatomical,",ænə'tɑmɪkl",,a.解剖学的,GRE
reaffirm,'riə'fɝm,,v.再次确定； 重申,GRE
deprecatory,"'dɛprəkə,tori",,a.不赞成的， 反对的,GRE
quash,kwɑʃ,,v.镇压； 取消,GRE
conifer,'kɑnəfɚ,,n.针叶树,GRE
fitful,'fɪtfəl,,a.间歇的， 不规则的,GRE
scale,skel,,n.鱼鳞； 音阶,GRE
scald,skɔld,,v.烫伤，烫洗 n.烫伤,GRE
blighted,'blaɪtɪd,,a.枯萎的,GRE
engaging,ɪn'ɡedʒɪŋ,,a.迷人的， 美丽动人的,GRE
aggrandize,"əˈɡrænˌdaɪz, ˈæɡrən-",,v.增大， 扩张； 吹捧,GRE
security,sə'kjʊrəti,,n.安全； 保证； 保护,GRE
jingoism,'dʒɪŋɡoɪzəm,,n.沙文主义， 侵略主义,GRE
buck,bʌk,,v.反抗，抵制 n.雄鹿； 雄兔；,GRE
surmount,sɚ'maʊnt,,v.克服， 战胜； 登上,GRE
salient,'selɪənt,,a.显著的， 突出的,GRE
purport,'pɝpɔt,,n.意义， 涵义， 主旨,GRE
feeble,'fibl,,a.虚弱的,GRE
neurology,nʊ'rɑlədʒi,,n.神经学,GRE
undiscovered,'ʌndis'kʌvəd,,a.未被发现的,GRE
prose,proz,,n.散文,GRE
obstreperous,əb'strɛpərəs,,a.吵闹的； 难管束的,GRE
confidently,'kɑnfədəntli,,ad.确信地； 肯定地,GRE
garish,'ɡɛrɪʃ,,a.俗丽的， 过于艳丽的,GRE
exultant,ɪɡ'zʌltənt,,a.非常高兴的， 欢跃的， 狂喜的,GRE
intent,ɪn'tɛnt,,a.专心的，专注的；热切的，渴望的 n.目的， 意向,GRE
fertilizer,'fɝtəlaɪzɚ,,n.肥料， 化肥,GRE
interrogate,ɪn'tɛrəɡet,,v.审问， 审讯,GRE
astute,ə'stut,,a.机敏的， 精明的,GRE
scamp,skæmp,,v.草率地做 n.流氓； 顽皮的家伙,GRE
treaty,'triti,,n.条约； 协议,GRE
humdrum,'hʌmdrʌm,,a.单调的， 乏味的,GRE
emit,ɪ'mɪt,,v.发出,GRE
perishing,'perɪʃɪŋ,,a.严寒的,GRE
anthem,'ænθəm,,n.圣歌； 赞美诗； 国歌,GRE
numerous,'numərəs,,a.许多的， 很多的,GRE
flicker,'flɪkɚ,,v.闪烁， 摇曳,GRE
spacious,'speʃəs,,a.广阔的， 宽敞的,GRE
seismic,'saɪzmɪk,,a.地震的， 由地震引起的,GRE
resemble,rɪ'zɛmbl,,v.与…相似， 像,GRE
encumber,ɪn'kʌmbɚ,,v.妨碍， 阻碍,GRE
involuntary,ɪn'vɑləntɛri,,a.无意的,GRE
stratagem,'strætədʒəm,,n.谋略， 策略,GRE
collusion,kə'lʊʒən,,n.共谋， 勾结,GRE
proffer,'prɑfɚ,,v.奉献，贡献；提议，建议 n.赠送， 献出,GRE
constrict,kən'strɪkt,,v.约束； 收缩,GRE
fluctuate,'flʌktʃʊ'et,,v.波动； 变动,GRE
discernible,dɪ'zɝnəbl,,a.可识别的， 可辨的,GRE
squeamish,'skwimɪʃ,,a.易受惊的； 易恶心的,GRE
subtly,'sʌtli,,ad.敏锐地， 巧妙地,GRE
audience,'ɔdɪəns,,n.听众， 观众； 读者,GRE
full-bodied,ˌful'bɑːdid,,a.魁梧的； 浓烈的； 重要的,GRE
muck,mʌk,,n.污物，污秽,GRE
redemptive,rɪ'dɛmptɪv,,a.赎回的， 救赎的， 挽回的,GRE
possess,pə'zɛs,,v.拥有； 支配， 主宰； 受摆布， 缠住， 迷住,GRE
cranky,'kræŋki,,a.怪癖的； 不稳的,GRE
gladiator,'ɡlædɪetɚ,,n.角斗士， 与野兽搏斗者,GRE
flaunty,'flɔnti,,a.炫耀的， 虚华的,GRE
devise,dɪ'vaɪz,,v.发明， 设计； 图谋； 遗赠给,GRE
marrow,'mæro,,n.骨髓； 精华， 精髓,GRE
sere,sɪr,,a.干枯的， 枯萎的,GRE
evacuate,ɪ'vækjuet,,v.撤离； 疏散,GRE
cellular,'sɛljəlɚ,,a.细胞的； 蜂窝式的,GRE
inefficient,",ɪnɪ'fɪʃnt",,a.无效率的； 无能的， 不称职的,GRE
placate,'pleket,,v.抚慰， 平息,GRE
bedraggled,bɪ'dræɡld,,a.弄湿的； 凌乱不堪的,GRE
poise,pɔɪz,,v.使平衡 n.泰然自若， 沉着自信,GRE
misery,'mɪzəri,,n.悲惨的境遇； 痛苦， 苦恼,GRE
hearsay,'hɪrse,,n.谣传， 道听途说,GRE
mundane,mʌn'den,,a.现世的， 世俗的； 平凡的， 普通的,GRE
indulgent,ɪn'dʌldʒənt,,a.放纵的， 纵容的,GRE
incapacitate,",ɪnkə'pæsɪtet",,v.使无能力， 使不适合,GRE
pervert,pɚ'vɝt,,v.使堕落； 滥用； 歪曲,GRE
adduce,ə'dus,,v.给予； 举出,GRE
committed,kə'mitid,,a.尽忠的,GRE
stingy,'stɪndʒi,,a.吝啬的， 小气的,GRE
goldbrick,'gouldbrɪk,,v.逃避责任， 偷懒,GRE
subtle,'sʌtl,,a.微妙的， 精巧的,GRE
moralistic,",mɔrə'lɪstɪk",,a.道学的， 说教的,GRE
winnow,'wɪno,,v.扬， 簸， 除去,GRE
prehistoric,",prihɪ'stɔrɪk",,a.史前的,GRE
prominence,'prɑmɪnəns,,n.突出物； 突出， 显著,GRE
epitome,ɪ'pɪtəmi,,n.典型； 梗概,GRE
cannily,'kænili,,ad.机灵地,GRE
panoramic,",pænə'ræmɪk",,a.全景的， 全貌的， 概论的,GRE
slosh,slɑʃ,,v.溅，泼 n.泥泞,GRE
dominate,'dɑmɪnet,,v.控制， 支配,GRE
imitate,'ɪmɪtet,,v.模仿,GRE
institution,",ɪnstɪ'tuʃən",,n.机构； 制度,GRE
delinquent,dɪ'lɪŋkwənt,,a.怠忽职守的,GRE
torpid,'tɔrpɪd,,a.懒散的， 迟钝的,GRE
roseate,'rozɪət,,a.玫瑰色的； 过分乐观的,GRE
dapper,'dæpɚ,,a.整洁漂亮的； 动作敏捷的,GRE
avert,ə'vɝt,,v.避免， 防止； 转移,GRE
callous,'kæləs,,a.结硬块的； 无情的,GRE
lace,les,,n.带子； 网眼织物,GRE
obstinateness,'ɑːbstɪnətnəs,,n.固执， 顽固,GRE
tractable,'træktəbl,,a.易处理的， 驯良的,GRE
remunerative,rɪ'mjunərətɪv,,a.报酬高的， 有利润的,GRE
alienation,",eiljə'neiʃən",,n.疏远， 离间,GRE
sleight,slaɪt,,n.巧妙手法； 诡计； 灵巧,GRE
bouncing,'baʊnsɪŋ,,a.活泼的； 健康的,GRE
piquant,'pikənt,,a.辛辣的， 开胃的； 刺激的,GRE
deleterious,'dɛlə'tɪrɪəs,,a.有害的， 有毒的,GRE
sociable,'soʃəbl,,a.好交际的， 合群的； 友善的,GRE
obsolete,ɑbsəˌlit,,a.废弃的； 过时的,GRE
decomposition,",dikɑmpə'zɪʃən",,n.分解， 腐烂； 崩溃,GRE
enfetter,in'fetə,,v.给…上脚镣； 束缚， 使受制于,GRE
disenfranchise,",dɪsɪn'fræntʃaɪz",,v.剥夺…的权利,GRE
eloquence,'ɛləkwəns,,n.雄辩， 口才,GRE
reaffirmation,ˌriːˌæfər'meɪʃn,,n.再肯定,GRE
inexhaustible,",ɪnɪɡ'zɔstəbl",,a.用不完的， 无穷无尽的,GRE
forlorn,fɚ'lɔrn,,a.孤独的； 凄凉的,GRE
connoisseur,",kɑnə'sɝ",,n.鉴赏家， 行家,GRE
inkling,'ɪŋklɪŋ,,n.暗示； 略知， 模糊概念,GRE
slanderous,'slændərəs,,a.诽谤的,GRE
mobile,ˈməʊbl;mobil,,a.易于移动的,GRE
retrospective,",rɛtrə'spɛktɪv",,a.回顾的， 追溯的,GRE
rhythmic,'rɪðmɪk,,a.有节奏的,GRE
exhilaration,"ɪg,zɪlə'reʃən",,n.高兴， 兴奋,GRE
disconsolate,dɪs'kɑnsələt,,a.闷闷不乐的， 郁郁寡欢的,GRE
ethos,'iθɑs,,n.风貌， 气质,GRE
untarnished,ʌn'tɑːnɪʃt,,a.失去光泽的,GRE
ulcer,'ʌlsɚ,,n.溃疡； 腐烂物,GRE
wade,wed,,v.涉水； 跋涉,GRE
placard,'plækɑrd,,v.张贴布告 n.招贴，布告,GRE
slipshod,'slɪpʃɑd,,a.马虎的， 草率的,GRE
hamper,'hæmpɚ,,v.妨碍，阻挠 n.大篮子,GRE
favorable,'fevərəbl,,a.有利的； 赞成的,GRE
implant,ɪm'plænt,,v.植入， 插入； 灌输,GRE
wrist,rɪst,,n.腕， 腕关节,GRE
approach,ə'protʃ,,v.接近，靠近；着手处理 n.方法,GRE
overshadow,'ovɚ'ʃædo,,v.使蒙上阴影； 使黯然失色,GRE
exaggeration,"ɪɡ,zædʒə'reʃən",,n.夸张,GRE
unconscionable,ʌn'kɑnʃənəbl,,a.无节制的， 过度的， 不合理的,GRE
decisive,dɪ'saɪsɪv,,a.决定性的； 坚定的， 果断的,GRE
impuissance,im'pju:isəns,,n.无力， 虚弱,GRE
daredevil,'dɛrdɛvl,,a.胆大的，冒失的 n.胆大的人， 冒失的人,GRE
genteel,dʒɛn'til,,a.有教养的， 彬彬有礼的； 冒充上流的， 附庸风雅的,GRE
thesis,'θisɪs,,n.论题， 论文,GRE
precursor,pri'kɝsɚ,,n.先驱， 先兆,GRE
bump,bʌmp,,v.碰撞 n.碰撞声,GRE
cameo,'kæmɪo,,n.刻有浮雕的宝石； 生动刻画； 出演,GRE
ordain,ɔr'den,,v.任命； 颁发命令,GRE
barefaced,'bɛrfest,,a.厚颜无耻的， 公然的,GRE
mull,mʌl,,v.思考，思索 n.混乱,GRE
sneer,snɪr,,v.嘲笑， 鄙视,GRE
wage,wedʒ,,v.开始， 进行,GRE
arid,'ærɪd,,a.干旱的； 枯燥的,GRE
explicate,'ɛksplɪket,,v.详细解说,GRE
dismiss,dɪs'mɪs,,v.解散； 解雇,GRE
interpolate,ɪn'tɝpəlet,,v.插入； 篡改,GRE
underlying,",ʌndɚ'laɪɪŋ",,a.在下面的； 根本的； 潜在的,GRE
abysmal,ə'bɪzməl,,a.极深的； 糟透的,GRE
harshly,'ha:ʃli,,ad.严酷地， 无情地,GRE
captivating,'kæptiveitiŋ,,a.吸引人的,GRE
install,ɪn'stɔl,,v.安装， 装置； 使就职,GRE
ambience,'æmbɪəns,,n.环境， 气氛,GRE
gum,ɡʌm,,n.树胶， 树脂； 橡皮糖， 口香糖,GRE
queer,kwɪr,,a.奇怪的， 反常的,GRE
disputable,dɪ'spjutəbl,,a.有争议的,GRE
iniquity,ɪ'nɪkwəti,,n.邪恶， 不公正， 不道德,GRE
restrict,rɪ'strɪkt,,v.限制， 约束,GRE
buoy,'bʊi,,v.支持， 鼓励 n.浮标；救生圈,GRE
upscale,'ʌpskeil,,v.升高级， 升档,GRE
backset,'bækset,,n.倒退， 逆流,GRE
prolix,'prolɪks,,a.说话■嗦的， 冗长的,GRE
gavel,'gævl,,n.槌， 小木槌,GRE
hoodwink,'hʊdwɪŋk,,v.蒙混， 欺骗,GRE
hitherto,",hɪðɚ'tu",,ad.到目前为止,GRE
jejune,dʒɪ'dʒun,,a.空洞的； 不成熟的,GRE
homemade,'hom'med,,a.自制的， 家里做的,GRE
dominant,'dɑmɪnənt,,a.支配的； 占优势的,GRE
heckle,'hɛkl,,v.诘问， 责问,GRE
lair,lɛr,,n.窝， 巢穴； 躲藏处,GRE
jostle,'dʒɑsl,,v.推挤； 挤开通路,GRE
lampoon,læm'pun,,v.讽刺 n.讽刺文章,GRE
scribble,'skrɪbl,,v.乱写， 乱涂,GRE
jaded,'dʒedɪd,,a.疲惫的； 厌倦的,GRE
writ,rɪt,,n.令状； 书面命令,GRE
pivotal,'pɪvətl,,a.中枢的， 枢轴的； 极其重要的， 关键的,GRE
impractical,ɪm'præktɪkl,,a.不切实际的,GRE
ravel,'rævl,,v.使纠缠， 纠结； 拆开， 拆散,GRE
disfigure,dɪs'fɪɡjɚ,,v.损毁…的外形； 使变丑,GRE
ingestion,ɪn'dʒɛstʃən,,n.摄取， 吸收,GRE
dicker,'dɪkɚ,,v.讨价还价,GRE
notoriously,noˈtɔːriəsli,,ad.臭名昭著地,GRE
remoteness,rɪ'moutnəs,,n.遥远； 偏僻,GRE
carouse,kə'raʊz,,n.狂饮寻乐,GRE
infirm,ɪn'fɝm,,a.虚弱的,GRE
sustained,sə'stend,,a.持久的， 持续的,GRE
associate,ə'soʃɪet,,a.联合的 v.使发生联系， 使联合 n.合伙人,GRE
scrupulous,'skrupjələs,,a.恪守道德规范的； 一丝不苟的,GRE
buttress,'bʌtrəs,,v.支持 n.拱墙，拱壁,GRE
gleam,ɡlim,,v.发微光， 闪烁 n.微光，闪光,GRE
glean,ɡlin,,v.拾； 收集,GRE
expostulate,ɪk'spɑstʃulet,,v.抗议； 告诫,GRE
rejoin,",ri'dʒɔɪn",,v.回答， 答辩,GRE
charity,'tʃærəti,,n.慈善； 施舍,GRE
compendium,kəm'pɛndɪəm,,n.简要， 概略,GRE
headstrong,'hɛdstrɔŋ,,a.刚愎自用的,GRE
void,vɔɪd,,a.空的；缺乏的 n.空隙， 裂缝； 空虚感,GRE
ritual,'rɪtʃuəl,,n.仪式， 惯例,GRE
liability,'laɪə'bɪləti,,n.责任； 债务,GRE
dispense,dɪ'spɛns,,v.分配， 分发,GRE
sway,swe,,v.摇动，摇摆；影响 n.摇摆,GRE
affected,ə'fɛktɪd,,a.不自然的； 假装的,GRE
tutor,'tʊtɚ,,v.辅导， 指导 n.助教；导师，辅导教师；监护人,GRE
resurge,ri'sɝdʒ,,v.复活,GRE
reconcile,'rɛkənsaɪl,,v.和解， 调和,GRE
annul,ə'nʌl,,v.宣告无效； 取消,GRE
reciprocate,rɪ'sɪprəket,,v.回报， 答谢,GRE
inveterate,ɪn'vɛtərət,,a.积习已深的， 根深蒂固的,GRE
stonewall,'ston'wɔl,,v.拖延议事， 设置障碍,GRE
lank,læŋk,,a.细长的； 长、 直且柔软的,GRE
irradiate,ɪ'redɪɪt,,v.照射； 照耀， 照亮,GRE
tiff,tɪf,,n.口角， 小争吵,GRE
procrastinate,pro'kræstɪnet,,v.耽搁， 拖延,GRE
nuance,"'nju:ɑ:ns, nju:'ɑ:ns",,n.细微差异,GRE
threadlike,'θredlaɪk,,a.线状的,GRE
muse,mjuz,,v.沉思， 冥想,GRE
combat,'kɑmbæt,,"n&v.搏斗， 战斗 fight between two people, armies)",GRE
indulge,ɪn'dʌldʒ,,v.放纵， 纵容； 满足,GRE
catastrophe,kə'tæstrəfi,,n.突如其来的大灾难,GRE
convex,'kɑnvɛks,,a.凸出的,GRE
bust,bʌst,,n.半身像,GRE
vestment,'vɛstmənt,,n.官服， 礼服 ； 法衣， 祭袍,GRE
contaminate,kən'tæmɪnet,,v.弄脏， 污染,GRE
torpor,'tɔrpɚ,,n.死气沉沉,GRE
imposing,ɪm'pozɪŋ,,a.给人深刻印象的； 壮丽的， 雄伟的,GRE
custodian,kʌ'stodɪən,,n.管理员， 监护人,GRE
wring,rɪŋ,,v.绞， 拧， 扭,GRE
compensatory,"kəm'pɛnsə,tori",,a.补偿性的， 报酬的,GRE
consecutive,kən'sɛkjətɪv,,a.连续的,GRE
dexterity,dɛk'stɛrəti,,n.纯熟， 灵巧,GRE
encyclopedic,ɪn'saɪklə'pidɪk,,a.广博的， 知识渊博的,GRE
encyclopedia,ɪnˌsaɪkləˈpidiɚ,,n.百科全书,GRE
drainage,'drenɪdʒ,,n.排水， 排水系统； 污水,GRE
tidy,'taɪdi,,a.整齐的， 整洁的； 相当好的,GRE
indecipherable,'ɪndɪ'saɪfrəbl,,a.无法破译的,GRE
moderately,'mɑdərətli,,ad.适度地， 有节制地,GRE
macerate,'mæsəreɪt,,v.浸软； 使消瘦,GRE
proscribe,pro'skraɪb,,v.禁止,GRE
offbeat,",ɔf'bit",,a.不规则的， 不平常的,GRE
grieve,griv,,v.使某人极为悲伤,GRE
incidental,'ɪnsə'dɛntl,,a.作为自然结果的， 伴随而来的； 偶然发生的,GRE
induct,ɪn'dʌkt,,v.使就职； 使入伍,GRE
nonsensical,nɑn'sɛnsɪkl,,a.无意义的； 荒谬的,GRE
oversight,'ovɚsaɪt,,n.疏忽， 失察， 勘漏,GRE
crook,krʊk,,v.使弯曲 n.钩状物,GRE
kaleidoscopic,"kə,laɪdə'skɑpɪk",,a.千变万化的,GRE
croon,krun,,v.低声歌唱,GRE
miscellany,'mɪsəleni,,n.混合物,GRE
camaraderie,",kɑmə'rɑdəri",,n.同志之情， 友情,GRE
instate,in'steit,,v.任命,GRE
chaos,'keɑs,,n.混乱,GRE
overcrowd,",əuvə'kraud",,v.过度拥挤,GRE
pigment,'pɪgmənt,,n.天然色素； 粉状颜料,GRE
forecast,'fɔrkæst,,v.预报，预测 n.预测,GRE
mute,mjut,,a.沉默的 v.减弱…的声音 n.弱音器,GRE
deteriorate,dɪ'tɪrɪəret,,v.变坏， 恶化,GRE
accrete,ə'krit,,v.逐渐增长； 添加生长； 连生,GRE
induce,ɪn'dus,,v.诱导； 引起,GRE
maleficent,mə'lɛfəsnt,,a.有害的； 作恶的， 犯罪的,GRE
wane,wen,,v.减少， 衰落,GRE
satirize,'sætə'raɪz,,v.讽刺,GRE
baffle,'bæfl,,v.使困惑， 难倒,GRE
reminiscent,",rɛmɪ'nɪsnt",,a.回忆的； 使人联想的,GRE
butt,bʌt,,v.用头抵撞，顶撞 n.粗大的一端； 烟蒂,GRE
resign,rɪ'zaɪn,,v.委托； 放弃； 辞职,GRE
chary,ˈtʃeri,,a.小心的， 审慎的,GRE
estranged,ɪ'strendʒd,,a.疏远的， 不和的,GRE
sophisticated,sə'fɪstɪketɪd,,a.老于世故的； 精密的,GRE
chivalrous,'ʃɪvəlrəs,,a.骑士精神的； 对女人彬彬有礼的,GRE
reside,rɪ'zaɪd,,v.居住,GRE
equivocal,ɪ'kwɪvəkl,,a.模棱两可的； 不明确的， 不确定的,GRE
stooge,studʒ,,n.配角， 陪衬； 傀儡,GRE
hibernate,'haɪbɚnet,,v.冬眠,GRE
archaic,ɑr'keɪk,,a.古老的,GRE
chase,tʃeɪs,,v.雕镂； 追逐；追捕,GRE
incompatible,",ɪnkəm'pætəbl",,a.无法和谐共存的， 不相容的,GRE
distasteful,dɪs'testfl,,a.不愉快的， 讨厌的,GRE
defense,dɪ'fɛns,,n.防御， 防护,GRE
lard,lɑrd,,v.使丰富， 使充满,GRE
overreach,",ovɚ'ritʃ",,v.做事过头,GRE
reprobate,'rɛprəbet,,n.堕落者，放荡者，行为不检者〔常为幽默用法〕,GRE
dissertation,'dɪsɚ'teʃən,,n.专题论文,GRE
infelicity,",ɪnfə'lɪsəti",,n.不幸； 不恰当的事物,GRE
multifaceted,",mʌltɪ'fæsɪtɪd",,a.多方面的,GRE
lark,lɑrk,,v.玩乐，嬉耍 n.玩乐,GRE
inclement,ɪn'klɛmənt,,a.严酷的； 严厉的,GRE
convict,kən'vɪkt,,v.定罪['kɑːnvIkt] n.罪犯,GRE
self-conscious,ˌself'kɑːnʃəs,,a.自觉的； 害羞的， 不自然的,GRE
guileless,'gaɪlləs,,a.厚道的， 老实的,GRE
refresh,ri'frɛʃ,,v.消除…的疲劳， 使精神振作,GRE
inhibit,ɪn'hɪbɪt,,v.阻止； 抑制,GRE
intimate,ˈɪntəmɪt,,a.亲密的 v.暗示 n.密友,GRE
disclose,dɪs'kloz,,v.揭露,GRE
entrust,ɪn'trʌst,,v.委托； 托付,GRE
fecundity,fɪ'kʌndəti,,n.多产， 丰饶； 繁殖力， 生殖力,GRE
religion,rɪ'lɪdʒən,,n.宗教； 宗教信仰,GRE
ingeniousness,ɪn'dʒiːniəsnəs,,n.独创性,GRE
diagram,'daɪəɡræm,,n.图解， 图表,GRE
disparate,'dɪspərət,,a.迥然不同的,GRE
automated,ɔtəˌmetɪd,,a.自动的,GRE
dilapidate,di'læpideit,,v.荒废， 毁坏,GRE
charm,tʃɑrm,,v.吸引， 迷住 n.魅力；咒语，咒符,GRE
tragedy,'trædʒədi,,n.惨剧， 惨事， 灾难,GRE
antagonize,æn'tæɡənaɪz,,v.使…敌对； 与…对抗,GRE
chart,tʃɑrt,,v.绘制地图， 制订计划 n.图表,GRE
evoke,ɪ'vok,,v.引起； 唤起,GRE
crudity,'krʊdəti,,n.粗糙， 生硬,GRE
antagonism,æn'tæɡənɪzəm,,n.对抗， 敌对,GRE
tilt,tɪlt,,v.倾斜 n.倾斜； 斜坡,GRE
secure,sə'kjʊr,,a.安全的；稳固的 v.握紧， 关牢； 使安全,GRE
equivocator,ɪ'kwɪvəkeɪtər,,n.说模棱话的人， 说话支吾的人,GRE
off-key,'ɔfki,,a.走调的， 不和谐的,GRE
impolitic,ɪm'pɑlətɪk,,a.不明智的， 失策的,GRE
infertile,ɪn'fɝtl,,a.贫瘠的， 不结果实的,GRE
immense,ɪ'mɛns,,a.极大的； 无限的,GRE
jettison,'dʒɛtɪsn,,v.向外抛弃货物 n.抛弃的货物； 抛弃,GRE
nonplussed,",nɑn'plʌst",,a.不知所措的， 陷于困境的,GRE
definite,'dɛfɪnət,,a.清楚的， 明确的,GRE
wary,'wɛri,,a.谨慎的， 小心翼翼的,GRE
adapt,ə'dæpt,,v.使适应； 修改,GRE
conflate,kən'fleit,,v.合并,GRE
dissemble,di'sembl,,v.假装， 掩饰,GRE
swig,swɪɡ,,v.痛饮,GRE
rattle,'rætl,,v.使发出咯咯声； 使慌乱,GRE
scotch,skɑtʃ,,v.镇压， 扑灭,GRE
warp,wɔrp,,v.弯曲，变歪 n.弯曲， 歪斜,GRE
injurious,ɪn'dʒʊrərɪəs,,a.有害的,GRE
chant,tʃænt,,v.歌唱， 吟诵 n.圣歌,GRE
osseous,'ɑsɪəs,,a.骨的， 多骨的,GRE
prank,præŋk,,n.恶作剧， 玩笑,GRE
squall,skwɔl,,n.短暂、 突然且猛烈的风暴； 短暂的骚动,GRE
heartrending,'hɑːrtrendɪŋ,,a.令人心碎的,GRE
brute,brut,,n&adj.野兽； 残忍的 brutal),GRE
tint,tɪnt,,v.给…淡淡地着色； 染 n.色泽,GRE
toady,'todi,,n.谄媚者， 马屁精,GRE
untenable,ʌn'tɛnəbl,,a.难以防守的； 不能租赁的,GRE
squabble,'skwɑbl,,n.争吵,GRE
faddish,'fædɪʃ,,a.流行一时的， 时尚的,GRE
partiality,'pɑrʃɪ'æləti,,n.偏袒， 偏心,GRE
venomous,'vɛnəməs,,a.有毒的,GRE
steady,'stɛdi,,a.稳定的； 不变的,GRE
cower,'kaʊɚ,,v.畏缩， 蜷缩,GRE
attenuate,ə'tɛnjuet,,v.变薄；变弱 a.减弱的,GRE
ravish,'rævɪʃ,,v.使着迷； 强夺,GRE
juxtapose,'dʒʌkstə'poz,,v.并列， 并置,GRE
yen,jɛn,,v.渴望,GRE
cuddle,'kʌdl,,v.搂抱，拥抱 n.搂抱， 拥抱,GRE
temerity,tə'mɛrəti,,n.鲁莽， 大胆,GRE
infinitesimal,'ɪnfɪnə'tɛsəml,,a.极微小的 n.极小量,GRE
contentious,kənˈtenʃəs,,a.好争吵的； 有争议的,GRE
fructify,'frʌktifai,,v.结果实； 成功,GRE
exult,ɪɡ'zʌlt,,v.欢腾， 喜悦,GRE
disposable,dɪ'spozəbl,,a.一次性的； 可自由使用的,GRE
rakish,'rekɪʃ,,a.潇洒的； 放荡的,GRE
clarity,'klærəti,,n.清楚， 明晰,GRE
painstakingly,"'peins,teikiŋli",,ad.细心地， 专注地； 辛苦地,GRE
unprepossessing,ʌnpri:pə'zesiŋ,,a.不吸引人的,GRE
verisimilar,",vɛrə'sɪməlɚ",,a.好像真实的， 逼真的； 可能的,GRE
analgesia,'ænl'dʒiʒə,,n.无痛觉， 痛觉丧失,GRE
illustrative,ɪ'lʌstrətɪv,,a.解说性的， 用作说明的,GRE
prate,pret,,v.瞎扯， 唠叨,GRE
befoul,bɪ'faʊl,,v.弄脏， 诽谤,GRE
hew,hju,,v.砍伐； 遵守,GRE
deprive,dɪ'praɪv,,v.剥夺， 使丧失,GRE
swoop,swup,,v.猛扑； 攫取,GRE
floral,'flɔrəl,,a.花的， 植物的,GRE
collusive,kə'lʊsɪv,,a.共谋的,GRE
labile,'lebɪl,,a.易变化的， 不稳定的,GRE
endemic,ɛn'dɛmɪk,,a.地方性的,GRE
dossier,do'sjɛi,,n.卷宗， 档案,GRE
nugatory,'nju:ɡətəri,,a.无价值的， 琐碎的,GRE
supreme,suˈprim,,a.最高的； 极度的,GRE
unarticulated,ˌʌnɑːr'tɪkjələtɪd,,a.表达不清的,GRE
dawdle,'dɔ:dl,,v.闲荡， 虚度光阴,GRE
blatant,'bleitənt,,a.厚颜无耻的； 显眼的； 炫耀的,GRE
pungent,'pʌndʒənt,,a.辛辣的， 刺激的； 尖锐的， 尖刻的,GRE
perfunctory,pɚ'fʌŋktəri,,a.例行公事般的， 敷衍的,GRE
forestall,fɔːr'stɔːl,,v.预先阻止， 先发制人,GRE
nauseate,'nɔzɪet,,v.作呕， 厌恶,GRE
wavy,'wevi,,a.波状的， 多浪的； 波动起伏的,GRE
munition,mju'nɪʃn,,n.军火， 军需品,GRE
worship,'wɝʃɪp,,v.崇拜， 敬仰 n.崇拜，敬仰,GRE
jocund,'dʒɑkənd,,a.快乐的， 高兴的,GRE
stubborn,'stʌbɚn,,a.固执的； 难以改变的,GRE
imprecise,'ɪmprɪ'saɪs,,a.不精确的,GRE
glorify,'ɡlɔrɪfaɪ,,v.吹捧， 美化,GRE
sinuous,'sɪnjʊəs,,a.蜿蜒的， 迂回的,GRE
chubby,'tʃʌbi,,a.丰满的， 圆胖的,GRE
bucolic,bjuːˈkɑːlɪk,,a.乡村的； 牧羊的,GRE
sartorial,sɑr'tɔrɪəl,,a.裁缝的， 缝制的,GRE
attest,ə'tɛst,,v.证明， 证实,GRE
berate,bɪ'ret,,v.猛烈责骂,GRE
entice,ɪn'taɪs,,v.诱使， 引诱,GRE
profligate,prɑfləɡɪt,,a.挥霍的，浪费的 n.恣意挥霍者,GRE
impropriety,",ɪmprə'praɪəti",,n.不得体的言行举止； 不合适， 不适当,GRE
deficient,dɪ'fɪʃnt,,a.有缺点的； 缺少的； 不足的,GRE
grasping,'græspɪŋ,,a.贪心的， 贪婪的,GRE
entirety,ɪn'taɪərəti,,n.整体， 全面,GRE
unify,'junɪfaɪ,,v.统一， 使成一体； 使相同,GRE
immobile,ɪ'mobl,,a.稳定的， 不动的， 静止的,GRE
reverse,rɪ'vɝs,,v.倒车； 反转； 彻底转变 n.反面；相反的事物,GRE
garrulous,'ɡærələs,,a.唠叨的， 多话的,GRE
char,tʃɑr,,v.烧焦； 把…烧成炭,GRE
waxy,'wæksi,,a.像蜡的， 苍白的， 光滑的,GRE
gallant,'ɡælənt,,a.勇敢的， 英勇的； 献殷勤的,GRE
trinket,'trɪŋkɪt,,n.小装饰品， 不值钱的珠宝； 琐事,GRE
beam,bim,,n.大梁； 光线,GRE
hie,haɪ,,v.疾走， 快速,GRE
perspire,pɚ'spaɪɚ,,v.出汗,GRE
bruit,brut,,v.散布,GRE
peremptory,pə'rɛmptəri,,a.不容反抗的； 专横的,GRE
suavity,'swævəti,,n.柔和， 愉快,GRE
forebode,fɔ:'bəud,,v.预感， 预示， 预兆,GRE
potential,pə'tɛnʃl,,a.潜在的， 可能的,GRE
vestigial,vɛ'stɪdʒɪəl,,a.退化的,GRE
psyche,'saɪki,,n.心智， 精神,GRE
croak,krok,,v.发牢骚， 抱怨 n.蛙鸣声,GRE
vigilant,'vɪdʒələnt,,a.机警的， 警惕的,GRE
discriminatory,dɪ'skrɪmɪnətɔri,,a.歧视的， 差别对待的， 偏见的,GRE
incarnate,ɪn'kɑrnət,,a.具有人体的； 化身的， 拟人化的,GRE
extrapolate,ɪk'stræpə'let,,v.预测， 推测,GRE
valorous,'vælərəs,,a.勇敢的,GRE
stimulate,'stɪmjə'let,,v.激励； 激发,GRE
square,skwɛr,,v.一致， 符合； 结清,GRE
counteract,",kaʊntɚ'ækt",,v.消除， 抵消,GRE
debilitate,dɪ'bɪlɪtet,,v.使衰弱,GRE
interference,",ɪntɚ'fɪrəns",,n.干涉， 妨碍,GRE
evocative,ɪ'vɑkətɪv,,a.唤起的， 激起的,GRE
distortion,dɪs'tɔrʃən,,n.扭曲； 曲解,GRE
eulogistic,ˌjuːlə'dʒɪstɪk,,a.颂扬的， 歌功颂德的,GRE
colony,'kɑləni,,n.菌群； 殖民地,GRE
allusion,ə'lʊʒən,,n.暗指， 间接提到,GRE
evanescent,",ɛvə'nɛsnt",,a.易消失的， 短暂的,GRE
artisan,'ɑrtəzn,,n.技工,GRE
exude,ɪɡ'zud,,v.渗出， 慢慢流出； 洋溢,GRE
restore,rɪ'stɔr,,v.使回复， 恢复； 修复， 修补,GRE
sprout,spraʊt,,v.长出，萌芽 n.嫩芽,GRE
alternative,ɔl'tɝnətɪv,,a.轮流的， 交替的； 两者择一的,GRE
lassitude,'læsə'tʊd,,n.疲倦无力， 没精打采,GRE
misconstrue,",mɪskən'stru",,v.误解， 曲解,GRE
mean,min,,a.吝啬的,GRE
asunder,ə'sʌndə,,adj&adv.分离的； 化为碎片的,GRE
chafe,tʃef,,v.擦热， 擦破； 激怒,GRE
pedestrian,pə'dɛstrɪən,,a.徒步的；缺乏想象力的 n.行人,GRE
monstrous,'mɑnstrəs,,a.巨大的； 丑陋的， 外表可怕,GRE
appall,ə'pɔl,,v.使惊骇， 使胆寒,GRE
lurch,lɝtʃ,,v.突然不稳地行走[移动]，蹒跚而行 n.突然的移动,GRE
cordiality,kɔr'dʒæləti,,n.诚恳， 热诚,GRE
jumpy,'dʒʌmpi,,a.紧张不安的， 心惊肉跳的,GRE
stride,straɪd,,v.大步行走,GRE
meek,mik,,a.温顺的， 顺从的,GRE
rectitude,'rɛktɪtʊd,,n.诚实， 正直， 公正,GRE
tenable,'tenəbl,,a.站得住脚的， 合理的,GRE
chic,ʃɪk,,a.漂亮的， 时髦的,GRE
stimulant,'stɪmjələnt,,n.兴奋剂， 刺激物,GRE
appreciate,ə'priʃɪet,,v.欣赏； 感激,GRE
conventionalize,"kən'vɛnʃənl,aɪz",,v.使按惯例， 使习俗化,GRE
predictable,prɪ'dɪktəbl,,a.可预知的,GRE
dental,'dɛntl,,a.牙齿的， 牙科的,GRE
bleach,blitʃ,,v.去色，漂白 n.漂白剂； 漂白的行为,GRE
diverse,daɪ'vɝs,,a.不同的； 多样的,GRE
murderous,'mɝdərəs,,a.蓄意谋杀的， 凶残的； 极厉害的， 要命的,GRE
dissolute,'dɪsəlut,,a.放荡的， 无节制的,GRE
court,kɔrt,,n.法庭；,GRE
distort,dɪ'stɔrt,,v.扭曲， 弄歪,GRE
subsidiary,səb'sɪdɪɛri,,a.辅助的； 次要的,GRE
interrelate,'ɪntɚrɪ'let,,v.相互关联， 相互影响,GRE
entreat,ɪn'trit,,v.恳求,GRE
diurnal,daɪ'ɝnl,,a.白昼的， 白天的,GRE
gaunt,ɡɔ:nt,,a.憔悴的， 瘦削的,GRE
precipitous,prɪ'sɪpɪtəs,,a.陡峭的,GRE
timorous,'tɪmərəs,,a.胆小的， 胆怯的,GRE
agile,'ædʒl,,a.敏捷的， 灵活的,GRE
bulky,'bʌlki,,a.庞大的； 笨重的,GRE
hoe,ho,,n.锄头,GRE
depict,dɪ'pɪkt,,v.描绘； 描写， 描述,GRE
obstruction,"əb'strʌkʃən, ɔb-",,n.阻碍， 妨碍,GRE
edify,'edɪfaɪ,,v.陶冶， 启发,GRE
perennial,pə'rɛnɪəl,,a.终年的， 全年的； 永久的， 持久的,GRE
unmatched,'ʌn'mætʃt,,a.无可匹敌的,GRE
vanity,'vænəti,,n.虚荣， 自负,GRE
characteristic,",kærəktə'rɪstɪk",,a.有特色的；典型性的 n.与众不同的特征,GRE
uncouth,ʌn'kʊθ,,a.粗野的， 笨拙的,GRE
affix,ə'fɪks,,v.黏上， 贴上； 添上 n.词缀,GRE
fallacy,'fæləsi,,n.错误， 谬论,GRE
bully,'bʊli,,v.威胁，以强欺弱 n.欺凌弱小者,GRE
blare,blɛr,,v.高声发出,GRE
chip,tʃɪp,,n.薄片， 碎片； 集成电路片,GRE
expository,ɪk'spɑzətɔri,,a.说明的,GRE
self-doubt,'self'daut,,n.自我怀疑,GRE
assemble,ə'sɛmbl,,v.集合， 聚集； 装配， 组装,GRE
repel,rɪ'pɛl,,v.击退； 使反感,GRE
underscore,",ʌndɚ'skɔr",,v.在…下面画线； 强调,GRE
restored,ri'stɔ:d,,a.恢复的,GRE
thrive,θraɪv,,v.茁壮成长； 繁荣， 兴旺,GRE
volcanic,vɑl'kænɪk,,a.火山的,GRE
ejaculate,ɪ'dʒækjulet,,v.突然叫出或说出； 射出,GRE
celebrity,sə'lɛbrəti,,n.名声； 名人,GRE
dispatch,dɪ'spætʃ,,v.派遣；迅速处理；匆匆吃完 n.迅速,GRE
inborn,",ɪn'bɔrn",,a.天生的， 先天的,GRE
recreational,",rɛkri'eʃənəl",,a.娱乐的， 休闲的,GRE
bulge,bʌldʒ,,v.膨胀， 鼓起 curve outward) n.凸起，膨胀,GRE
overwrought,",ovɚ'rɔt",,a.紧张过度的， 兴奋过度的,GRE
presentiment,prɪ'zɛntɪmənt,,n.预感,GRE
blockade,blɑ'ked,,v&n.封锁,GRE
vacuous,'vækjuəs,,a.空虚的， 发呆的,GRE
concave,kɑn'kev,,a.凹的,GRE
shallowness,'ʃælounəs,,n.浅； 浅薄,GRE
prerequisite,",pri'rɛkwəzɪt",,n.先决条件,GRE
blandishment,'blændiʃmənt,,n.奉承， 讨好,GRE
gymnastic,dʒɪm'næstɪks,,a.体操的， 体育的,GRE
gobble,'ɡɑbl,,v.贪婪地吃， 狼吞虎咽； 吞没,GRE
sensitize,'sɛnsətaɪz,,v.使某人或某事物敏感,GRE
probity,'probəti,,n.刚直， 正直,GRE
reckon,'rɛkən,,v.推断， 估计； 猜想， 设想,GRE
excerpt,'ɛksɝpt,,n.摘录， 选录， 节录,GRE
abet,ə'bɛt,,v.教唆； 鼓励， 帮助,GRE
confusion,kən'fjʊʒən,,"n.困惑， 糊涂； 混乱, 骚乱",GRE
upbraid,ʌp'bred,,v.斥责， 责骂,GRE
world-beater,"'wə:ld,bi:tə",,n.举世无双的人,GRE
ingratiate,ɪn'ɡreʃɪet,,v.逢迎， 讨好,GRE
buffoon,bə'fun,,n.丑角； 愚蠢的人,GRE
preempt,",primpt",,v.以优先权获得 so as to obtain the right to buy before others)； 取代(to replace with),GRE
cursory,'kə:səri,,a.粗略的； 草率的,GRE
corroborate,kə'rɑbəret,,v.支持或证实； 强化,GRE
bland,blænd,,a.情绪平稳的； 无味的,GRE
microbe,'maɪkrob,,n.微生物,GRE
trickle,'trɪkl,,v.细细地流 n.细流,GRE
checkered,'tʃɛkəd,,a.多变的,GRE
atone,ə'təun,,v.赎罪， 补偿,GRE
hallow,ˈhæləʊ,,v.把…视为神圣； 尊敬， 敬畏,GRE
disparage,dɪ'spærɪdʒ,,v.贬低， 轻蔑,GRE
self-sufficient,'selfsə'fiʃənt,,a.自给自足的,GRE
lumber,'lʌmbɚ,,v.跌跌撞撞地走，笨拙地走 n.杂物； 木材,GRE
flimflam,'flimflæm,,n.欺骗； 胡言乱语,GRE
outlast,",aʊt'læst",,v.比…持久,GRE
utopian,juː'toupiən,,a.乌托邦的， 空想的,GRE
tangible,'tændʒəbl,,a.可触摸的,GRE
spectacular,spɛk'tækjəlɚ,,a.壮观的， 引人入胜的,GRE
hue,hjuː,,n.色彩， 色泽； 信仰,GRE
icicle,'aɪsɪkl,,n.冰柱， 冰垂,GRE
ransom,'rænsəm,,v.赎回 n.赎金；赎身,GRE
topsy-turvy,ˌtɑːpsi'tɜːrvi,,a.颠倒的， 相反的； 乱七八糟的， 混乱的,GRE
incubus,'ɪŋkjʊbəs,,n.梦魇； 沉重的负担,GRE
simulation,'sɪmjə'leʃən,,n.模拟,GRE
adventurous,əd'vɛntʃərəs,,"a.爱冒险的， 大胆的, 充满危险的",GRE
irrefutable,'ɪrɪ'fjʊtəbl,,a.无可辩驳的， 毋庸置疑的,GRE
artifice,'ɑrtɪfɪs,,n.巧妙办法； 诡计,GRE
collaborate,kə'læbəret,,v.合作， 协作； 通敌,GRE
parturition,",pɑrtjʊ'rɪʃən",,n.生产， 分娩,GRE
desecrate,'dɛsɪ'kret,,v.玷辱， 亵渎,GRE
superficial,",supɚ'fɪʃl",,a.表面的， 肤浅的,GRE
mirage,mə'rɑʒ,,n.海市蜃楼； 幻想， 幻影,GRE
impasse,'ɪmpæs,,n.僵局； 死路,GRE
subterranean,",sʌbtə'renɪən",,a.地下的， 地表下的,GRE
refrigerate,rɪ'frɪdʒəret,,v.使冷却， 冷藏,GRE
nonconformist,",nɑnkən'fɔrmɪst",,n.不遵守规范的人，不遵循常规的人,GRE
spatial,'speʃl,,a.有关空间的， 在空间的,GRE
penury,'pɛnjəri,,n.贫穷； 吝啬,GRE
meld,meld,,v.混合， 合并,GRE
bouffant,bu'fɑnt,,a.蓬松的； 鼓胀的,GRE
valedictory,",vælɪ'dɪktəri",,a.告别的， 离别的,GRE
scuff,skʌf,,v.拖着脚走,GRE
platonic,plə'tɑːnɪk,,a.理论的； 精神上的， 纯友谊的 close and deep but not sexual),GRE
undercut,",ʌndɚ'kʌt",,v.削价抢生意,GRE
sensitive,'sɛnsətɪv,,a.敏感的,GRE
blockage,'blɑkɪdʒ,,n.障碍物,GRE
soggy,'sɑgi,,a.湿透的,GRE
shield,ʃild,,v.掩护， 保护 n.盾,GRE
floppy,'flɑpi,,a.松软的； 软弱的,GRE
instantaneous,",ɪnstən'tenɪəs",,a.立即的， 即刻的； 瞬间的,GRE
obsession,əb'sɛʃ(ə)n,,n.入迷， 着迷； 固执的念头,GRE
nonporous,ˌnɑːn'pɔːrəs,,a.无孔的； 不渗透的,GRE
zephyr,'zɛfɚ,,n.和风； 西风,GRE
malfunction,",mæl'fʌŋkʃən",,v.发生故障，失灵 n.故障,GRE
buoyant,'bujənt,,a.有浮力的； 快乐的,GRE
generalize,'dʒɛnrəlaɪz,,v.概括， 归纳,GRE
accredit,ə'krɛdɪt,,v.授权,GRE
well-deserved,ˌweldɪ'zɜːrvd,,a.当之无愧的； 罪有应得的,GRE
paradoxical,",pærə'dɑksɪkl",,a.矛盾的； 不正常的,GRE
subdue,səb'du,,v.征服； 压制； 减轻,GRE
postdate,'post'det,,v.填迟…的日期 that is later than the actual date),GRE
gaudy,'gɔdi,,a.俗丽的,GRE
heresy,'hɛrəsi,,n.异端邪说,GRE
trigger,'trɪɡɚ,,v.引发， 引起， 触发 n.扳机,GRE
brownish,'braʊnɪʃ,,a.成褐色的,GRE
culmination,'kʌlmə'neʃən,,n.顶点； 高潮,GRE
segregate,'sɛɡrɪɡet,,v.分离， 隔离,GRE
flaggy,'flægi,,a.枯萎的； 松软无力的,GRE
withhold,wɪð'hold,,v.抑制； 扣留， 保留,GRE
presumptuous,prɪ'zʌmptʃuəs,,a.放肆的， 过分的,GRE
mend,mɛnd,,v.修改， 改进,GRE
spectral,'spɛktrəl,,a.幽灵的； 谱的， 光谱的,GRE
rotate,'rotet,,v.旋转， 转动； 轮流， 循环,GRE
spartan,'spɑːrtn,,a.简朴的； 刻苦的,GRE
conscience,ˈkɑːnʃəns,,n.良心， 是非感,GRE
engulf,ɛnˈɡʌlf,,v.吞噬,GRE
embitter,ɪm'bɪtɚ,,v.使痛苦， 使难受,GRE
tantalize,'tæntəlaɪz,,v.挑惹， 挑逗,GRE
misdirect,",mɪsdə'rɛkt",,v.误导,GRE
blade,bled,,n.刀刃， 刀口,GRE
extrude,ɪk'strʊd,,v.挤出， 推出， 逐出； 伸出， 突出,GRE
diverge,daɪ'vɝdʒ,,v.分歧， 分开,GRE
opponent,ə'ponənt,,n.对手， 敌手,GRE
spiritedness,'spɪrɪtɪdnəs,,n.有精神， 活泼,GRE
accelerate,əkˈsɛləˌret,,v.加速； 促进,GRE
supplementary,",sʌplɪ'mɛntri",,a.增补的， 补充的,GRE
gangway,'ɡæŋwe,,n.跳板； 样板； 舷梯,GRE
jolly,'dʒɑli,,a.欢乐的， 快乐的,GRE
flagrant,'fleɡrənt,,a.罪恶昭彰的； 公然的,GRE
immure,i'mjuə,,v.监禁,GRE
confiscate,'kɑnfɪsket,,v.没收； 充公,GRE
filial,'fɪlɪəl,,a.子女的,GRE
petulance,'petjuləns,,n.易怒， 性急， 暴躁,GRE
regressive,rɪ'ɡrɛsɪv,,a.退步的， 退化的,GRE
notoriety,",notə'raɪəti",,n.臭名昭著； 臭名昭著的人,GRE
canonical,kə'nɑnɪkl,,a.符合规定的； 经典的,GRE
gangly,'ɡæŋɡli,,a.身材瘦长难看的,GRE
forger,'fɔrdʒɚ,,n.伪造者； 打铁匠,GRE
vernal,'vɝnl,,a.春季的； 春季般的， 青春的,GRE
curtail,kɚ'tel,,v.削减， 缩短,GRE
strife,straɪf,,n.纷争， 冲突,GRE
transgression,trænz'ɡrɛʃən,,n.违法， 犯罪,GRE
peerless,'pɪrləs,,a.出类拔萃的， 无可匹敌的,GRE
invulnerable,ɪn'vʌlnərəbl,,a.不会受伤害的， 刀枪不入的,GRE
transform,træns'fɔrm,,v.改变， 变化； 变换， 转换,GRE
magnitude,'mæɡnɪtud,,n.重要性； 星球的亮度,GRE
genuine,'dʒɛnjʊɪn,,a.真的； 真诚的,GRE
immune,ɪ'mjʊn,,a.免疫的； 免除的， 豁免的,GRE
disjunction,dɪs'dʒʌŋkʃən,,n.分离， 分裂,GRE
impressive,ɪm'prɛsɪv,,a.给人印象深刻的， 感人的,GRE
disgruntle,dɪs'grʌntl,,v.使不高兴,GRE
compound,'kɑmpaʊnd,,v.掺和 n.复合物,GRE
conventional,kən'vɛnʃənl,,a.因循守旧的， 传统的,GRE
sensory,'sɛnsəri,,a.感觉的， 感官的,GRE
hypocrisy,hɪ'pɑkrəsi,,n.伪善， 虚伪,GRE
relent,rɪ'lɛnt,,a.变宽厚， 变温和， 怜悯,GRE
hypocrite,'hɪpə'krɪt,,n.伪善者， 伪君子,GRE
purported,pər'pɔːrtɪd,,a.传言的， 据称的,GRE
lubricant,'lubrɪkənt,,n.润滑剂,GRE
sedulous,'sɛdʒələs,,a.聚精会神的； 勤勉的,GRE
annoy,ə'nɔɪ,,v.惹恼； 打搅， 骚扰,GRE
orbital,'ɔrbɪtl,,a.轨道的,GRE
blockbuster,'blɑkbʌstɚ,,n.巨型炸弹； 一鸣惊人的事物； 非常成功的书或电影,GRE
particulate,"pɚ'tɪkjə,let",,a.微粒的 n.微粒,GRE
solder,'sɑdɚ,,v.焊接， 焊在一起， 焊合,GRE
convulse,kən'vʌls,,v.使剧烈震动； 震撼,GRE
unregenerate,",ʌnrɪ'dʒɛnərət",,a.不悔改的,GRE
restatement,ˌriː'steɪtmənt,,n.再声明， 重述,GRE
massacre,'mæsəkɚ,,n.大屠杀,GRE
extort,ɪk'stɔrt,,v.勒索， 敲诈,GRE
bungle,'bʌŋɡl,,v.笨拙地做,GRE
obsessive,"əb'sesiv, ɔb-",,a.强迫性的， 急迫的； 使人着迷的,GRE
xenophobic,ˌzenə'foubik,,a.恐外的， 恐惧外国人的,GRE
temporal,'tɛmpərəl,,a.时间的； 世俗的,GRE
covet,'kʌvət,,v.贪求， 妄想,GRE
symbolic,sɪm'bɑlɪk,,a.符号的； 象征的,GRE
backdrop,'bæk'drɑp,,n.背景； 背景幕布,GRE
underdog,'ʌndɚdɔɡ,,n.居于下风者； 受欺负者， 受欺压者,GRE
dissimilar,dɪ'sɪmɪlɚ,,a.不同的， 不相似的,GRE
elongate,ɪ'lɔŋɡet,,v.延长， 伸长,GRE
fray,fre,,v.磨破 n.吵架，打斗,GRE
cosset,'kɑsɪt,,v.宠爱， 溺爱,GRE
mete,mit,,v.给予，分配；测量 n.边界,GRE
impulse,'ɪmpʌls,,n.动力， 刺激,GRE
asymmetric,",esɪ'mɛtrɪk",,a.不对称的,GRE
remonstrance,rɪ'mɑnstrəns,,n.抗议， 抱怨,GRE
unecological,ˌʌniːkə'lɑːdʒɪkl,,a.非生态的,GRE
debar,dɪ'bɑr,,v.阻止,GRE
manure,mə'nʊr,,v.给…施肥 n.粪肥,GRE
ironic,aɪ'rɑnɪk,,a.挖苦的， 讽刺的； 出乎意料的,GRE
permeable,'pɝmɪəbl,,a.可渗透的,GRE
overrule,",ovɚ'rul",,v.驳回， 否决,GRE
pusillanimous,",pjusɪ'lænɪməs",,a.胆小的,GRE
fundamental,",fʌndə'mɛntl",,a.根本的， 基本的； 十分重要的,GRE
fret,frɛt,,v.烦躁，焦虑 n.烦躁， 焦虑,GRE
self-determination,'selfdi'tə:mi'neiʃən,,n.自主， 自决,GRE
deliberation,"dɪ,lɪbə'reʃən",,n.细想， 考虑,GRE
promulgate,'prɑmlɡet,,v.颁布； 宣传， 传播,GRE
monotony,mə'nɑtəni,,n.单调， 千篇一律,GRE
lissome,'lɪsəm,,a.柔软的,GRE
fade,fed,,v.变暗， 褪色， 枯萎， 凋谢,GRE
overdue,'ovɚ'dʊ,,a.到期未付的； 晚来的， 延误的,GRE
retaliate,rɪ'tælɪ'et,,v.报复， 反击,GRE
galaxy,'ɡæləksi,,n.星系； 一群,GRE
unpalatable,ʌn'pælətəbl,,a.味道差的， 不好吃的； 令人不快的,GRE
weary,'wɪri,,a.疲劳的，疲倦的；令人厌烦的，令人厌倦的 v.厌烦， 疲倦,GRE
jubilant,'dʒubɪlənt,,a.欢呼的， 喜气洋洋的,GRE
exhaustiveness,ɪg'zɔːstɪvnəs,,"n.全面, 详尽， 彻底",GRE
vainglorious,",vein'ɡlɔ:riəs",,a.自负的,GRE
bleary,'blɪri,,a.视线模糊的， 朦胧的； 精疲力尽的,GRE
ingrain,'ɪngren,,a.根深蒂固的 n.本质,GRE
cessation,sɛ'seʃən,,n.中止， 停止,GRE
stagnation,stæg'neʃən,,n.停滞,GRE
extol,ɪk'stol,,v.赞美,GRE
junction,'dʒʌŋkʃən,,n.交叉路口； 连接,GRE
crumble,'krʌmbl,,v.弄碎； 崩溃,GRE
circumvent,",sɝkəm'vɛnt",,v.回避； 用计谋战胜或回避,GRE
aspiring,ə'spaɪərɪŋ,,a.有抱负的， 有理想的,GRE
unregulated,",ʌn'rɛɡjuletɪd",,a.未受控制的， 未受约束的,GRE
dingy,'dɪndʒi,,a.肮脏的， 昏暗的,GRE
shrug,ʃrʌɡ,,v.耸肩,GRE
combative,kəm'bætɪv,,a.好斗的,GRE
verbatim,vɝ'betɪm,,a.逐字的， 照字面的,GRE
presentation,",prizɛn'teʃən",,n.介绍， 描述,GRE
bumptious,'bʌmpʃəs,,a.傲慢的， 自夸的,GRE
climactic,klaɪ'mæktɪk,,a.高潮的,GRE
beseech,bɪ'sitʃ,,v.恳求,GRE
engrave,ɪn'ɡrev,,v.雕刻， 铭刻； 牢记， 铭记,GRE
ostentation,'ɑstɛn'teʃən,,n.夸示， 炫耀,GRE
exhaustive,ɪg'zɔstɪv,,a.彻底的， 无遗漏的,GRE
runic,'rʊnɪk,,a.古北欧文字的； 神秘的,GRE
awkward,'ɔkwɚd,,a.笨拙的； 难用的； 不便的,GRE
glimmer,'ɡlɪmɚ,,v.发微光 n.摇曳的微光,GRE
ruin,'ruɪn,,v.毁坏； 毁灭； 使破产 n.废墟；祸根；毁坏,GRE
vanilla,və'nɪlə,,n.香草， 香子兰,GRE
exaltation,",ɛɡzɔl'teʃən",,n.得意， 高兴,GRE
pester,'pestə,,v.纠缠， 烦扰,GRE
deprecation,ˌdeprɪ'keɪʃn,,n.反对,GRE
autobiographical,",ɔtə,baɪə'græfɪkl",,a.自传的， 自传体的,GRE
abut,ə'bʌt,,v.邻接， 毗邻,GRE
attune,ə'tʊn; ə'tjʊn,,v.使调和,GRE
disjunctive,dɪs'dʒʌŋktɪv,,a.分离的； 转折的， 反意的,GRE
vital,'vaɪtl,,a.极其重要的； 充满活力的,GRE
salvage,'sælvɪdʒ,,v.抢救，海上救助 n.海上救助,GRE
euphonious,ju'fonɪəs,,a.悦耳的,GRE
gulp,ɡʌlp,,v.吞食， 咽下； 抵制， 忍住,GRE
delusion,dɪ'luʒn,,n.欺骗； 幻想,GRE
ebullience,ɪ'bʌliəns,,n.奔放， 兴高采烈； 沸腾,GRE
sequential,sɪ'kwɛnʃl,,a.连续的， 一连串的,GRE
detect,dɪ'tɛkt,,v.洞察； 查明， 探测,GRE
amateur,ˈæmətər,,n.业余爱好者,GRE
condemn,kən'dɛm,,v.谴责； 判刑,GRE
canvass,'kænvəs,,v.细查； 拉选票,GRE
resentment,rɪ'zɛntmənt,,n.愤恨， 怨恨,GRE
persnickety,pɚ'snɪkəti,,a.势利的； 爱挑剔的,GRE
lexicographer,",lɛksɪ'kɑɡrəfɚ",,n.词典编纂者,GRE
byline,'baɪlaɪn,,n.标出作者名字的一行,GRE
illusory,ɪ'lusəri,,a.虚幻的,GRE
rapids,'ræpɪdz,,n.急流， 湍流,GRE
propaganda,'prɑpə'gændə,,n.宣传,GRE
inferior,ɪn'fɪrɪɚ,,a.下级的， 下属的； 低等的， 较差的,GRE
ascetic,ə'sɛtɪk,,a.禁欲的 n.苦行者,GRE
dramatic,drə'mætɪk,,a.戏剧的； 引人注目的； 戏剧般的,GRE
certainty,'sɝtnti,,n.确定的事情,GRE
groundless,'ɡraʊndləs,,a.无理由的， 无根据的,GRE
commend,kə'mɛnd,,v.推荐； 举荐； 表扬； 称赞,GRE
vicar,'vɪkɚ,,n.教区牧师,GRE
parasite,'pærəsaɪt,,n.食客； 寄生物,GRE
archetype,'ɑrkə'taɪp,,n.原型； 典型,GRE
reportorial,ˌrepər'tɔːriəl,,a.记者的； 报道的,GRE
deficiency,dɪ'fɪʃənsi,,n.缺陷； 不足,GRE
venerable,'vɛnərəbl,,a.值得尊敬的， 庄严的,GRE
transcend,træn'sɛnd,,v.超出， 超越， 胜过,GRE
spiny,'spaɪni,,a.针状的； 多刺的， 棘手的,GRE
humanitarian,"hju,mænɪ'tɛrɪən",,n.人道主义者,GRE
equestrian,ɪ'kwɛstrɪən,,a.骑马的；骑士阶层的 n.骑师,GRE
sturdy,'stɝdi,,a.强健的； 结实的,GRE
malefactor,'mælɪfæktɚ,,n.罪犯， 作恶者,GRE
snuggle,'snʌgl,,v.紧靠， 依偎,GRE
palatable,'pælətəbl,,a.美味的,GRE
compatible,kəm'pætəbl,,a.能和谐共处的， 相容的,GRE
charitable,'tʃærətəbl,,a.行善的； 仁爱的,GRE
critic,'krɪtɪk,,n.批评者,GRE
photosynthesis,",foto'sɪnθəsɪs",,n.光合作用,GRE
potboiler,'pɑt'bɔɪlɚ,,n.粗制滥造的文艺作品,GRE
phenomenal,fə'nɑːmɪnl,,a.显著的， 非凡的,GRE
provisional,prə'vɪʒənl,,a.暂时的， 临时的,GRE
competing,kəm'pitɪŋ,,a.有竞争性的； 不相上下的,GRE
untreated,",ʌn'tritɪd",,a.未治疗的； 未经处理的,GRE
ecstatic,ɪk'stætɪk,,a.狂喜的， 心花怒放的,GRE
elephantine,ˌelɪ'fæntiːn,,a.笨拙的； 巨大的,GRE
patronize,ˈpeɪtrəˌnaɪz;ˈpætrənˌaɪz,,v.屈尊俯就； 光顾， 惠顾,GRE
eminent,'ɛmɪnənt,,a.显赫的， 杰出的,GRE
scalding,'skɔldɪŋ,,adj&adv.滚烫的,GRE
spectrum,'spɛktrəm,,n.光谱； 范围,GRE
valve,vælv,,n.活门， 阀门,GRE
steep,stip,,a.陡峭的；过高的 v.浸泡， 浸透,GRE
immemorial,",ɪmə'mɔrɪəl",,a.太古的， 极古的,GRE
nettle,'nɛtl,,v.烦忧， 激怒 n.荨麻,GRE
affectionate,ə'fɛkʃənət,,a.亲爱的， 挚爱的,GRE
scrappy,'skræpi,,a.碎片的； 好斗的； 坚毅的,GRE
privilege,ˈprɪvəlɪdʒ,,n.特权， 特殊利益,GRE
immunity,ɪ'mjʊnəti,,n.免疫力； 豁免,GRE
gimmick,'ɡɪmɪk,,n.吸引人的花招， 噱头,GRE
ineptitude,ɪ'nɛptə'tʊd,,n.无能； 不适当,GRE
criss-cross,'kris krɔs,,v.交叉往来,GRE
choppy,'tʃɑpi,,a.波浪起伏的； 不断改变方向的,GRE
sententious,sɛn'tɛnʃəs,,a.说教的； 简要的,GRE
belabor,bi'lebə,,v.过分冗长地做或说； 痛打,GRE
steer,stɪr,,v.掌舵，驾驶 n.公牛， 食用牛,GRE
delineate,dɪ'lɪnɪet,,v.勾画， 描述,GRE
innocuous,ɪ'nɑkjuəs,,a.无害的,GRE
boundless,'baʊndləs,,a.无限的， 无边无际的,GRE
erase,ɪ'res,,v.擦掉， 抹去,GRE
innate,ɪ'net,,a.天生的， 固有的,GRE
siege,sidʒ,,n.包围， 围攻,GRE
gratify,'grætə'fai,,v.使高兴， 使满足,GRE
abstract,'æbstrækt,,a.抽象的 n.摘要,GRE
gutter,'gʌtɚ,,n.水槽； 街沟,GRE
fake,feɪk,,v.伪造；佯装 a.假的,GRE
egocentric,",iɡo'sɛntrɪk",,a.利己的,GRE
wince,wɪns,,v.畏缩， 退缩,GRE
embellishment,ɪm'bɛlɪʃmənt,,n.装饰； 装饰品,GRE
preferably,'prɛfərəbli,,ad.更可取地， 更好地， 宁可,GRE
docile,ˈdoʊˌsaɪl,,a.驯服的， 听话的 easy to control),GRE
rambunctious,ræm'bʌŋkʃəs,,a.骚乱的， 喧闹的,GRE
impediment,ɪm'pɛdɪmənt,,n.妨碍， 阻碍物,GRE
to-do,tə'du:,,n.喧闹， 骚乱,GRE
crystalline,ˈkrɪstəlɪn; ˈkrɪstəlˌaɪn,,a.水晶的； 透明的,GRE
ascribe,ə'skraɪb,,v.归因于， 归咎于,GRE
poll,pol,,n.民意调查； 投票选举,GRE
forensic,fə'rɛnsɪk,,a.公开辩论的， 争论的,GRE
stringent,'strɪndʒənt,,a.严格的， 苛刻的； 缺钱的,GRE
guttle,'gʌtl,,v.狼吞虎咽,GRE
conspiracy,kən'spɪrəsi,,n.共谋， 阴谋,GRE
spite,spaɪt,,n.怨恨， 恶意,GRE
oracular,ə'rækjəlɚ,,a.神谕的； 玄妙难懂的,GRE
aristocratic,"ə,rɪstə'krætɪk",,a.贵族的,GRE
fang,fæŋ,,n.毒牙,GRE
incorruptible,",ɪnkə'rʌptəbl",,a.廉洁的， 不腐败的,GRE
recuperate,rɪ'kupəret,,v.恢复， 复原,GRE
vicissitudinous,ˌvɪsɪsɪ'tjʊːdɪnəs,,a.有变化的， 变迁的,GRE
ilk,ɪlk,,n.类型， 种类,GRE
poke,pok,,v.刺， 戳,GRE
even-tempered,'i:vən'tempəd,,a.性情平和的； 不易生气的,GRE
spinning,'spɪnɪŋ,,a.旋转的,GRE
unwitting,ʌn'wɪtɪŋ,,a.无意的， 不知不觉的,GRE
trite,traɪt,,a.陈腐的， 陈词滥调的,GRE
ingrate,ɪn'ɡret,,n.忘恩负义的人,GRE
brassy,'bræsi,,a.厚脸皮的， 无礼的,GRE
stymie,'staimi,,v.妨碍， 阻挠,GRE
bestow,bɪ'sto,,v.给予， 赐赠,GRE
friable,'fraɪəbl,,a.脆的， 易碎的,GRE
despotism,'dɛspətɪzəm,,n.专政； 暴政,GRE
windy,'wɪndi,,a.有风的； 冗长的； 夸夸其谈的,GRE
ocular,'ɑkjəlɚ,,a.眼睛的； 视觉的,GRE
forsake,"fɔrˈsek, fə-",,v.遗弃， 放弃,GRE
aleatory,'elɪə'tɔri,,a.侥幸的， 偶然的,GRE
phonetic,fə'nɛtɪk,,a.语音的,GRE
ruffle,'rʌfl,,v.弄皱；激怒 n.褶皱,GRE
liberality,",lɪbə'ræləti",,n.慷慨； 心胸开阔,GRE
unalterable,ʌn'ɔltərəbl,,a.不能改变的,GRE
complicity,kəm'plɪsəti,,n.合谋， 串通,GRE
discriminate,dɪ'skrɪmɪnet,,v.区别， 歧视,GRE
camouflage,'kæmə'flɑʒ,,v.掩饰，伪装 n.伪装,GRE
annex,əˈnɛks; æˈnɛks; (for n.) ˈænˌɛks,,v.兼并， 附加,GRE
ruse,ruz,,n.骗术， 计策,GRE
postoperative,pəust'ɔpərətiv,,a.手术后的,GRE
underutilized,ˌʌndər'juːtəlaɪzd,,a.未充分利用的,GRE
verified,"'vɛrə,faɪd",,a.已查清的， 已证实的,GRE
pestle,'pɛstl,,n.杵， 碾槌,GRE
rush,rʌʃ,,v.急促；匆忙行事 n.冲， 奔,GRE
tricky,'triki,,a.狡猾的,GRE
inferable,ɪn'fɝəbl,,a.能推理的， 能推论的,GRE
gush,ɡʌʃ,,v.涌出，迸出；滔滔不绝地说 n.涌出， 迸发,GRE
immunize,'ɪmjʊ'naɪz,,v.使免疫,GRE
blasé,blɑː'zeɪ,,a.厌倦享乐的， 玩厌了的,GRE
transfigure,træns'fɪɡjɚ,,v.美化， 改观,GRE
sanctimonious,",sæŋktɪ'monɪəs",,a.假装虔诚的,GRE
episodic,",ɛpɪ'sɑdɪk",,a.偶然发生的； 分散性的,GRE
braggart,'bræɡɚt,,n.吹牛者,GRE
potentiate,pəʊ't3nʃɪ3ɪt,,v.加强， 强化,GRE
impunity,ɪm'pjunəti,,n.免受惩罚,GRE
coagulation,koægjə'leʃən,,n.凝结,GRE
acuity,ə'kjuəti,,n.敏锐,GRE
potation,pəu'teiʃən,,n.喝， 饮； 饮料， 酒,GRE
unanimous,jʊ'nænəməs,,a.全体一致的,GRE
grief,ɡrif,,n.忧伤， 悲伤,GRE
unlikely,ʌn'laɪkli,,a.不太可能的； 没有希望的,GRE
enduring,ɪn'dʊrɪŋ,,a.持久的； 不朽的,GRE
pool,pul,,n.资源的集合； 可共享的物资,GRE
prude,prud,,n.拘守礼仪的人,GRE
moratorium,",mɔrə'tɔrɪəm",,n.延缓偿付； 活动中止,GRE
passe,pæ'seɪ,,a.已过盛年的； 过时的,GRE
untimely,ʌn'taɪmli,,a.过早的； 不合时宜的,GRE
pendulous,'pɛndʒələs,,a.下垂的,GRE
harangue,hə'ræŋ,,n.长篇攻击性演说,GRE
feign,fen,,v.假装， 装作,GRE
titular,'tɪtʃəlɚ,,a.有名无实的， 名义上的,GRE
rhetorical,rɪ'tɔrɪkl,,a.修辞的， 修辞学的； 虚夸的， 辞藻华丽的,GRE
criterion,kraɪˈtɪriən,,n.评判的标准， 尺度,GRE
hasten,'hesn,,v.加速， 加快， 促进,GRE
ill-repute,ˌɪlrɪ'pjuːt,,n.名誉败坏,GRE
prowess,'praʊəs,,n.勇敢； 非凡的才能,GRE
ornamental,",ɔrnə'mɛntl",,a.装饰性的,GRE
reenact,rɪɪ'nækt,,v.再制定 again),GRE
retire,rɪ'taɪɚ,,v.撤退， 后退； 退休， 退役,GRE
efface,ɪ'fes,,v.擦掉， 抹去,GRE
aggressive,ə'ɡrɛsɪv,,a.好斗的； 有进取心的,GRE
pacifist,'pæsɪfɪst,,n.和平主义者， 反战主义者,GRE
resilience,rɪˈzɪliəns,,n.恢复力， 弹力,GRE
ire,'aɪɚ,,v.激怒 n.愤怒,GRE
irk,ɝk,,v.使苦恼， 使厌烦,GRE
odorless,'oudərləs,,a.无嗅的， 没有气味的,GRE
unleash,ʌnˈliʃ,,v.发泄， 释放,GRE
totter,'tɑtɚ,,v.摇摇欲坠； 步履蹒跚,GRE
rationale,",ræʃə'næl",,n.基本原理,GRE
disdain,dɪs'den,,v.轻视，鄙视 n.轻视， 鄙视,GRE
oblige,ə'blaɪdʒ,,v.强迫， 强制； 施恩惠于…,GRE
overt,o'vɝt,,a.公开的， 非秘密的,GRE
fast,fæst,,ad.很快地； 紧紧地； 深沉地 n.禁食，斋戒,GRE
grating,'gretɪŋ,,a.刺耳的； 恼人的,GRE
turbulent,'tɝbjələnt,,a.混乱的； 骚乱的,GRE
precedent,'prɛsɪdənt,,a.在先的，在前的 n.先例； 判例,GRE
dappled,'dæpld,,a.有斑点的， 斑驳的,GRE
stronghold,'strɔŋhold,,n.要塞； 堡垒， 根据地,GRE
characterization,",kærəktəraɪ'zeʃən",,n.描绘， 刻画,GRE
edifice,'ɛdɪfɪs,,n.宏伟的建筑,GRE
malaise,mə'lez,,n.不适， 不舒服,GRE
persuasive,pɚ'swesɪv,,a.易使人信服的， 有说服力的,GRE
restless,'rɛstləs,,a.焦躁不安的， 静不下来的,GRE
referent,'rɛfərənt,,n.指示对象,GRE
rural,'rʊrəl,,a.乡村的,GRE
acclaim,ə'klem,,v.欢呼， 称赞,GRE
laxative,'læksətɪv,,a.通便的 n.轻泻药,GRE
concord,'kɑŋkɔrd,,n.一致； 和睦,GRE
masquerade,",mæskə'red",,v.伪装 n.化装舞会；,GRE
decelerate,",di'sɛləret",,v.减速,GRE
negligence,'nɛɡlɪdʒəns,,n.粗心， 疏忽,GRE
insecure,",ɪnsɪ'kjʊr",,a.无保障的， 不安全的,GRE
intuition,",ɪntu'ɪʃən",,n.直觉； 直觉知识,GRE
conciliate,kən'sɪlɪet,,v.安抚； 安慰； 调和,GRE
peculate,'pekjuleit,,v.挪用,GRE
dispensable,dɪ'spɛnsəbl,,a.不必要的， 可有可无的,GRE
accede,ək'sid,,v.同意,GRE
sunder,'sʌndɚ,,v.分裂， 分离,GRE
abstemious,əb'stimɪəs,,a.有节制的， 节俭的,GRE
erupt,ɪ'rʌpt,,v.爆发； 喷出,GRE
constructive,kən'strʌktɪv,,a.建设性的,GRE
tantrum,'tæntrəm,,n.发脾气， 发怒,GRE
nullify,'nʌlɪ'fai,,v.使无效； 抵消,GRE
respect,rɪ'spɛkt,,v.尊敬 n.尊敬,GRE
purloin,pə:'lɔin,,v.偷窃,GRE
demented,dɪ'mɛntɪd,,a.疯狂的,GRE
fusion,'fjʊʒən,,n.融合； 核聚变,GRE
retreat,rɪ'trit,,v.撤退 n.撤退；隐居处,GRE
shell,ʃɛl,,v.剥去…的壳 n.贝壳；炮弹,GRE
purvey,pə'vei,,v.供给， 供应,GRE
unenlightened,",ʌnɪn'laɪtnd",,a.愚昧无知的； 不文明的,GRE
crooked,'krʊkɪd,,a.不诚实的； 弯曲的,GRE
perfidy,'pɝfədi,,n.不忠， 背叛,GRE
trounce,traʊns,,v.痛击， 严惩,GRE
jabber,'dʒæbɚ,,v.快而含糊地说,GRE
primal,'praɪml,,a.原始的， 最初的； 首要的,GRE
treachery,'trɛtʃəri,,n.背叛,GRE
monarch,'mɑnɚk,,n.君主， 帝王,GRE
perjure,'pɝdʒɚ,,v.使作伪证， 发假誓,GRE
expiate,'ɛkspɪet,,v.补偿,GRE
posthumously,'pɔstjuməsli,,ad.死后地,GRE
ticklish,'tɪklɪʃ,,a.怕痒的； 易怒的,GRE
grandeur,'ɡrændʒɚ,,n.壮丽， 宏伟,GRE
stratify,'strætɪfaɪ,,v.层化,GRE
surveillance,sɝ'veləns,,n.监视， 盯梢,GRE
abstention,əb'stɛnʃən,,n.戒除； 弃权,GRE
reigning,'reiniŋ,,a.统治的， 起支配作用的,GRE
perjury,'pɝdʒəri,,n.伪证， 假誓,GRE
drenched,drentʃd,,a.湿透的,GRE
denude,dɪ'nud,,v.脱去； 剥蚀； 剥夺,GRE
steadfast,'stɛdfæst,,a.忠实的； 不动的， 不变的,GRE
mariner,'mærɪnɚ,,n.水手， 海员,GRE
choosy,'tʃuzi,,a.挑三拣四的， 挑剔的,GRE
enunciate,ɪ'nʌnsɪet,,v.发音； 表达,GRE
pledge,plɛdʒ,,v.发誓 n.誓言，保证,GRE
detest,dɪ'tɛst,,v.厌恶， 憎恨,GRE
pedagogic,",pɛdə'ɡɑdʒɪk",,a.教育学的,GRE
potpourri,",popʊ'ri",,n.混杂物， 杂烩,GRE
uncompromising,ʌn'kɑmprəmaɪzɪŋ,,a.不妥协的,GRE
incongruous,ɪn'kɑŋɡruəs,,a.不协调的， 不一致的,GRE
overbear,",əuvə'bεə",,v.压倒； 镇压； 比…更重要， 超过,GRE
furbish,'fɝbɪʃ,,v.磨光， 刷新,GRE
faze,fez,,v.打扰， 扰乱,GRE
sanity,'sænəti,,n.头脑清楚， 精神健全,GRE
hardy,'hɑːrdi,,a.耐寒的； 强壮的； 大胆的， 勇敢的,GRE
coterie,'kotəri,,n.小团体,GRE
slack,slæk,,a.懈怠的，不活跃的；松弛的 v.懈怠， 偷懒,GRE
casual,'kæʒʊəl,,a.偶然的； 非正式的， 随便的,GRE
debris,dəˈbri,,n.碎片， 残骸,GRE
incomprehensible,"ɪn,kɑmprɪ'hɛnsəbl",,a.难以理解的， 难懂的,GRE
antithesis,æn'tɪθəsɪs,,n.对立； 相对,GRE
flossy,'flɑsi,,a.华丽的， 时髦的； 丝棉般的， 柔软的,GRE
infantile,'ɪnfəntaɪl,,a.幼稚的， 孩子气的,GRE
captious,'kæpʃəs,,a.吹毛求疵的,GRE
disentangle,",dɪsɪn'tæŋɡl",,v.解决； 解脱， 解开,GRE
luster,'lʌstɚ,,n.光辉；,GRE
frenetic,frə'nɛtɪk,,a.狂乱的， 发狂的,GRE
animation,",ænɪ'meʃən",,n.兴奋， 活跃,GRE
patronizing,'petrənaɪzɪŋ,,a.以恩惠态度对待的， 要人领情的,GRE
full-blown,ful'bləun,,a.成熟的； 盛开的； 全面的， 完善的,GRE
catholic,kæθəlɪk,,a.普遍的； 广泛的； 宽容的,GRE
specialization,",spɛʃəlɪ'zeʃən",,n.特殊化,GRE
lukewarm,",lʊk'wɔm",,a.微温的， 不冷不热的,GRE
sundry,'sʌndri,,a.各式各样， 各种的,GRE
pictorial,pɪk'tɔrɪəl,,a.绘画的； 用图片的,GRE
luscious,'lʌʃəs,,a.美味的； 肉感的,GRE
drench,drɛntʃ,,v.使湿透,GRE
highbrow,'haɪbraʊ,,n.自以为文化修养很高的人,GRE
epoch,'ɛpək,,n.新纪元； 重大的事件,GRE
assertion,ə'sɝʃən,,n.断言， 声明； 主张,GRE
ordinance,'ɔrdnəns,,n.法令， 条例,GRE
synthesis,'sɪnθəsɪs,,n.综合， 合成,GRE
polar,'polɚ,,a.极地的， 两极的， 近地极的； 磁极的,GRE
unobtrusive,'ʌnəb'trʊsɪv,,a.不引人注目的,GRE
cryptic,'krɪptɪk,,a.秘密的， 神秘的,GRE
cite,saɪt,,v.引用， 引述,GRE
bumble,'bʌmbl,,v.说话含糊； 拙劣地做,GRE
governance,'gʌvɚnəns,,n.统治， 支配,GRE
pertain,pɝ'ten,,v.属于； 关于,GRE
infamous,'ɪnfəməs,,a.臭名昭著的,GRE
shed,ʃɛd,,v.流出； 脱落， 蜕， 落,GRE
fossilize,'fɔsilaiz,,v.使成为化石； 使过时,GRE
unfeigned,ʌn'fend,,a.真实的， 真诚的,GRE
shortsighted,'ʃɔ:'saitid,,a.缺乏远见的； 近视的,GRE
modifier,'mɑdə'faɪɚ,,n.修改者； 修饰语,GRE
assertive,ə'sɝtɪv,,a.断言的， 肯定的,GRE
nostrum,'nɑstrəm,,n.家传秘方， 江湖药； 万灵丹； 妙策,GRE
scrimp,skrɪmp,,v.节省， 精打细算,GRE
elapse,ɪ'læps,,v.消逝，过去 n.消逝,GRE
disinter,",dɪsɪn'tɝ",,v.挖出， 掘出,GRE
coterminous,ko'tɝmɪnəs,,a.毗连的， 有共同边界的,GRE
impersonate,ɪm'pɝsənet,,v.模仿； 扮演,GRE
reap,rip,,v.收割， 收获,GRE
scurvy,'skɝvi,,a.卑鄙的， 下流的,GRE
acrimony,ækrɪmoni,,n.尖刻， 刻薄,GRE
presume,prɪ'zum,,v.推测， 假定； 认定,GRE
pregnant,'prɛɡnənt,,a.怀孕的； 充满的,GRE
overtire,ˌouvər'taɪər,,v.使过度疲劳,GRE
finale,fɪ'næli,,n.最后， 最终； 终曲,GRE
delectation,",dilɛk'teʃən",,n.享受， 愉快,GRE
touch,tʌtʃ,,v.涉及；触动；接触 n.触摸,GRE
vapid,'væpɪd,,a.索然无味的， 无生气的,GRE
adaptable,ə'dæptəbl,,a.有适应能力的； 可改编的,GRE
panorama,",pænə'ræmə",,n.概观， 全景,GRE
substantive,səb'stæntɪv,,a.根本的； 独立存在的,GRE
credence,'kridns,,n.相信， 信任,GRE
shattered,'ʃætɚd,,a.破碎的,GRE
facilitate,fə'sɪlə'tet,,v.使容易， 促进,GRE
elixir,ɪ'lɪksɚ,,n.万能药， 长生不老药,GRE
egotist,'egətɪst,,n.自私自利者； 自我主义者,GRE
rebellious,rɪ'bɛljəs,,a.造反的， 反叛的； 难控制的,GRE
jolting,'dʒoultɪŋ,,a.令人震惊的,GRE
cometary,'kɔmɪtərɪ,,a.彗星的， 彗星似的,GRE
headlong,'hɛdlɔŋ,,adj&adv.轻率的/地， 迅猛的/地,GRE
construction,kən'strʌkʃən,,n.结构， 句法关系； 解释， 理解,GRE
parliamentary,",pɑrlə'mɛntri",,a.议会的,GRE
universal,'jʊnə'vɝsl,,a.全体的； 普遍的,GRE
blunt,blʌnt,,a.钝的；直率的 v.使迟钝,GRE
irresistible,",ɪrɪ'zɪstəbl",,a.无法抗拒的； 不能压制的,GRE
glandular,'glændʒəlɚ,,a.腺状的， 腺的,GRE
intuitive,ɪn'tuɪtɪv,,a.直觉的,GRE
transcendent,træn'sɛndənt,,a.超越的， 卓越的， 出众的,GRE
redolent,'rɛdələnt,,a.芬芳的， 芳香的,GRE
prune,prun,,v.修剪 n.西梅干,GRE
outburst,'aʊtbɝst,,n.爆发， 迸发； 激增,GRE
hypothesis,haɪ'pɑθəsɪs,,n.假设， 假说,GRE
ferment,fɚ'mɛnt,,v.使发酵； 激动， 动乱 n.发酵； 骚动,GRE
profuse,prə'fjus,,a.丰富的； 浪费的,GRE
comprehend,",kɑmprɪ'hɛnd",,v.理解； 包括,GRE
multiplicity,",mʌltɪ'plɪsəti",,n.多样性,GRE
intimation,",ɪntɪ'meʃən",,n.暗示,GRE
jab,dʒæb,,v.猛刺,GRE
ribaldry,'rɪbldri,,n.下流的语言， 粗鄙的幽默,GRE
erect,ɪ'rɛkt,,a.竖立的， 笔直的,GRE
exalted,ɪg'zɔltɪd,,a.崇高的， 高贵的,GRE
modicum,'mɑdɪkəm,,n.少量,GRE
exclusive,ɪk'sklusɪv,,a.孤僻的； 专用的,GRE
jar,dʒɑr,,v.震动，摇晃；冲突，抵触；震惊；发出刺耳声 n.广口坛子,GRE
unspoiled,'ʌn'spɔɪld,,a.未损坏的， 未宠坏的,GRE
testify,'tɛstɪfaɪ,,v.见证， 证实,GRE
dissociate,dɪ'soʃɪet,,v.分离， 游离， 分裂,GRE
tarnish,'tɑrnɪʃ,,v.失去光泽，晦暗 n.晦暗， 无光泽,GRE
inchoate,ɪn'koɪt,,a.刚开始的； 未充分发展的， 不成熟的,GRE
aspen,'æspən,,n.白杨,GRE
reek,rik,,v.发臭味； 冒烟,GRE
unstinting,'ʌn'stintiŋ,,a.慷慨的， 大方的,GRE
reel,ril,,v.卷…于轴上 n.卷轴；旋转,GRE
acquiesce,",ækwi'es",,v.勉强同意， 默许,GRE
scorch,skɔrtʃ,,v.烤焦， 烧焦,GRE
innuendo,",ɪnju'ɛndo",,n.含沙射影， 暗讽,GRE
accuse,ə'kjuz,,v.谴责， 指责,GRE
visceral,'vɪsərəl,,a.内心深处的； 内脏的,GRE
mobility,mo'bɪləti,,n.可动性， 流动性,GRE
hymn,hɪm,,n.赞美诗,GRE
accentuate,ək'sɛntʃuet,,v.强调； 重读,GRE
autocracy,ɔ'tɑkrəsi,,n.独裁政府,GRE
forthright,",fɔ:θ'rait",,a.直率的,GRE
predecessor,'prɛdəsɛsɚ,,n.前任， 前辈； 原有事物， 前身,GRE
aristocracy,",ærɪ'stɑkrəsi",,n.贵族； 贵族政府， 贵族统治,GRE
espouse,ɪ'spaʊz,,v.支持， 拥护,GRE
tactic,'tæktɪk,,n.策略， 手段； 战术,GRE
visionary,'vɪʒənɛri,,a.有远见的；幻想的 n.空想家,GRE
sheaf,ʃif,,n.一捆， 一束,GRE
fertile,ˈfɝtəl; (canadian) ˈfɝˌtaɪl,,a.多产的； 肥沃的,GRE
dividend,'dɪvɪdɛnd,,n.红利， 股利,GRE
subcelestial,",sʌbsɪ'lɛstjəl",,a.世俗的， 尘世的,GRE
abstruse,əbˈstruːs; æb-,,a.难懂的， 深奥的,GRE
caper,'kepɚ,,v.雀跃 n.雀跃，跳跃,GRE
detection,dɪ'tɛkʃən,,n.查明， 探测,GRE
outweigh,'aʊt'we,,v.比…重， 比…更重要,GRE
shear,ʃɪr,,v.剪， 剪发,GRE
obfuscate,'ɑbfʌsket,,v.使困惑， 使迷惑,GRE
outgrow,",aʊt'ɡro",,vt.生长速度超过…， 长得比…快,GRE
escalation,",ɛskə'leʃən",,n.逐步上升， 逐步扩大,GRE
supervise,'sʊpɚ'vaɪz,,v.监督， 管理,GRE
ossify,'ɑsɪfaɪ,,v.骨化； 僵化,GRE
fulsome,'fʊlsəm,,a.虚情假意的； 充足的,GRE
fabulous,'fæbjələs,,a.难以置信的； 寓言的,GRE
dilemma,"dəˈlɛmə, daɪ-",,n.困境， 左右为难,GRE
naysayer,'neɪseɪər,,n.怀疑者， 否定者,GRE
occasional,ə'keʒənl,,a.偶尔的； 特殊场合的； 不经常的,GRE
treacherous,'trɛtʃərəs,,a.背叛的， 叛逆的,GRE
outshine,'aʊt'ʃaɪn,,v.比…光亮； 出色， 优异,GRE
debate,dɪ'bet,,v.讨论， 辩论 n.正式的辩论，讨论,GRE
vulnerable,'vʌlnərəbl,,a.易受伤的， 脆弱的,GRE
unrestricted,",ʌnrɪ'strɪktɪd",,a.无限制的， 自由的,GRE
preach,pritʃ,,v.布道， 讲道,GRE
defraud,dɪ'frɔd,,v.欺骗， 诈骗,GRE
piteous,'pɪtɪəs,,a.可怜的,GRE
subjugate,'sʌbdʒuɡet,,v.征服， 镇压,GRE
recollection,",rɛkə'lɛkʃən",,n.记忆力； 往事,GRE
deplete,dɪ'plit,,v.大量减少； 耗尽， 使枯竭,GRE
recurrent,rɪ'kɝənt,,a.循环的； 一再发生的,GRE
egregious,ɪ'gridʒɪəs,,a.极端恶劣的,GRE
sanguine,'sæŋɡwin,,a.乐观的； 红润的,GRE
significant,sɪɡ'nɪfɪkənt,,a.相当数量的； 意义重大的,GRE
complaisant,kəmpleɪsənt,,a.顺从的； 讨好的,GRE
debase,dɪ'bes,,v.贬低， 贬损,GRE
gripe,ɡraɪp,,v.抱怨； 惹恼， 激怒,GRE
consul,'kɑnsl,,n.领事,GRE
abstain,əb'sten,,v.禁绝， 放弃,GRE
critique,krɪ'tik,,n.批评性的分析,GRE
cautious,'kɔʃəs,,a.小心的， 谨慎的,GRE
renounce,rɪ'naʊns,,v.声明放弃； 拒绝， 否认,GRE
crouch,kraʊtʃ,,v.蹲伏， 弯腰,GRE
vigilance,'vɪdʒələns,,n.警惕， 警觉,GRE
madrigal,'mædrɪɡl,,n.抒情短诗； 合唱曲,GRE
bonny,'bɔnɪ,,a.健美的， 漂亮的,GRE
debark,dɪ'bɑrk,,v.下船， 下飞机， 下车； 卸载,GRE
concentric,kən'sɛntrɪk,,a.同心的,GRE
surrogate,"ˈsərəgɪt; ˈsərəˌget; (for v.,) ˈsərəˌget",,n.代替品； 代理人,GRE
intrusively,ɪn'truːsɪvli,,ad.入侵地,GRE
palaver,pə'lɑvɚ,,v.空谈； 奉承 n.空谈,GRE
substance,'sʌbstəns,,n.主旨， 实质； 物质,GRE
boreal,'borɪəl,,a.北方的， 北风的,GRE
approbation,'æprə'beʃən,,n.赞许； 认可,GRE
clarification,",klærəfə'keʃən",,n.解释， 澄清,GRE
vagueness,veɪɡnəs,,n.含糊,GRE
tribal,'traɪbl,,a.部落的， 部族的,GRE
sibling,'sɪblɪŋ,,n.兄弟或姊妹,GRE
grind,ɡraɪnd,,v.磨碎，碾碎 n.苦差事,GRE
discomfort,dɪs'kʌmfɚt,,v.使不适 n.不适,GRE
hype,haɪp,,n.夸大的广告宣传,GRE
also-ran,'ɔ:lsəuræn,,n.落选者； 不重要的参与者,GRE
stygian,'stɪdʒiən,,a.阴暗的， 阴森森的,GRE
delicate,ˈdɛlɪkɪt,,a.娇弱的； 雅致的， 精美的,GRE
gregariousness,grɪ'geriəsnəs,,n.群居； 合群， 爱交友,GRE
tissue,'tɪʃu,,n.组织； 薄纸， 棉纸,GRE
excruciate,ik'skru:ʃieit,,v.施酷刑； 折磨,GRE
rent,rɛnt,,n.裂缝； 分歧,GRE
carpenter,ˈkɑːrpəntər,,n.木匠,GRE
proficiency,prə'fɪʃənsi,,n.进步； 熟练， 精通,GRE
explanatory,ɪk'splænətɔri,,a.说明的， 解释的,GRE
dietary,"'daɪə,tɛri",,a.饮食的,GRE
drudgery,'drʌdʒəri,,n.苦工， 苦活,GRE
burrow,'bɝro,,v.挖掘，钻进，翻寻 n.地洞,GRE
olfactory,ɑl'fæktəri,,a.嗅觉的,GRE
rend,rɛnd,,v.撕碎， 分裂； 抢夺,GRE
feint,fent,,v.佯攻； 伪装 n.佯攻，佯击,GRE
designate,'dɛzɪɡnet,,v.指定，任命；指明，指出 a.尚未上任的,GRE
assorted,ə'sɔrtəd,,a.各式各样的； 混杂的,GRE
calculable,'kælkjələbl,,a.可计算的； 可信赖的,GRE
gene,dʒin,,n.基因,GRE
violet,'vaɪələt,,a.紫罗兰色的 n.紫罗兰,GRE
investigative,ɪn'vɛstɪɡetɪv,,a.调查的,GRE
epic,'ɛpɪk,,a.史诗的， 叙事诗的； 英雄的； 大规模的 n.叙事诗，史诗,GRE
asceticism,ə'sɛtɪsɪzəm,,n.禁欲主义,GRE
sprawling,'sprɔlɪŋ,,a.植物蔓生的， 无计划地扩展的,GRE
unification,",jʊnəfə'keʃən",,n.统一， 一致,GRE
unequivocal,",ʌnɪ'kwɪvəkl",,a.毫无疑问的,GRE
tenacious,tə'neʃəs,,a.坚韧的， 顽强的,GRE
tinder,'tɪndɚ,,n.火绒， 火种,GRE
niggle,'nɪɡl,,v.拘泥小节； 小气地给,GRE
merited,'merɪtɪd,,a.该得的， 理所当然的,GRE
grill,ɡrɪl,,v.烤；拷问 n.烤架,GRE
moisten,'mɔɪsn,,v.弄湿， 使湿润,GRE
vindicate,'vɪndɪket,,v.辩白； 证明…正确,GRE
ramshackle,"'ræm,ʃækl",,a.摇摇欲坠的,GRE
harry,'hæri,,v.掠夺； 袭扰； 折磨,GRE
settle,'sɛtl,,v.安排； 决定； 栖息,GRE
harsh,hɑrʃ,,a.严厉的； 粗糙的； 刺耳的,GRE
smother,'smʌðɚ,,v.熄灭； 覆盖； 使窒息,GRE
unilateral,'jʊnɪ'lætərəl,,a.单方面的,GRE
unimpeachable,",ʌnɪm'pitʃəbl",,a.无可指责的， 无可怀疑的,GRE
pejorative,pɪ'dʒɔrətɪv,,a.轻视的， 贬低的,GRE
cherubic,tʃɛ'rʊbɪk,,a.天使的， 无邪的， 可爱的,GRE
misnomer,",mɪs'nomɚ",,n.名称的误用； 误用的名称,GRE
vehicle,ˈviəkəl,,n.交通工具； 传播媒介,GRE
pressing,'prɛsɪŋ,,a.紧迫的， 迫切的； 恳切要求的,GRE
bleak,blik,,a.寒冷的； 阴沉的； 阴郁的， 暗淡的,GRE
voyeur,vɔɪ'jɝ,,n.窥淫癖者,GRE
virility,və'rɪləti,,n.男子气概； 刚强有力,GRE
bilateral,",baɪ'lætərəl",,a.两边的； 双边的,GRE
plateau,plæ'to,,n.高原； 平稳时期,GRE
blear,blɪr,,v.使模糊 a.模糊的,GRE
insider,ɪn'saɪdɚ,,n.局内人， 圈内人,GRE
chandelier,",ʃændə'lɪr",,n.枝形吊灯,GRE
regretfully,rɪ'ɡrɛtfəli,,ad.懊悔地,GRE
inane,ɪ'nen,,a.无意义的， 空洞的； 愚蠢的,GRE
superfluous,sʊ'pɝflʊəs,,a.多余的， 累赘的,GRE
clement,'klɛmənt,,a.仁慈的； 温和的,GRE
acrobat,'ækrəbæt,,n.特技演员， 杂技演员,GRE
apostate,/əˈpɑːsteɪt/,,n.背教者； 变节者,GRE
leery,'liəri,,a.谨防的， 怀疑的,GRE
waive,wev,,v.放弃； 推迟,GRE
unsuspecting,'ʌnsə'spɛktɪŋ,,a.不怀疑的， 无猜疑的， 可信任的,GRE
persevere,",pɝsə'vɪr",,v.坚持不懈,GRE
giggle,'ɡɪɡl,,v.咯咯笑,GRE
membrane,'mɛmbren,,n.薄膜； 膜,GRE
mature,mə'tʃʊr,,a.成熟的； 深思熟虑的,GRE
amicable,'æmɪkəbl,,a.友好的,GRE
acquisitive,ə'kwɪzətɪv,,a.渴望得到的， 贪婪的,GRE
influence,'ɪnfluəns,,n.影响(力)，作用 v.影响，对…起作用,GRE
obscurity,əb'skjʊrəti,,n.费解； 不出名,GRE
amicably,'æmɪkəbli,,ad.友善地,GRE
shun,ʃʌn,,v.避免， 闪避,GRE
self-deprecation,ˌselfdeprə'keɪʃn,,n.自嘲,GRE
crackpot,'krækpɑt,,n.怪人， 疯子； 狂想家,GRE
sedative,'sɛdətɪv,,a.镇静的 n.镇静剂,GRE
self-deprecating,",self'deprikeitiŋ",,a.自贬的,GRE
recondite,'rɛkəndaɪt,,a.深奥的， 晦涩的,GRE
exigent,'eksidʒənt,,a.迫切的， 紧急的,GRE
minuet,",mɪnju'ɛt",,n.小步舞,GRE
glimpse,ɡlɪmps,,v.瞥见，看一眼 n.一瞥， 一看,GRE
unquestioning,ʌn'kwɛstʃənɪŋ,,a.无异议的， 不犹豫的,GRE
efficacious,",efi'keiʃəs",,a.有效的,GRE
exigency,'ɛksədʒənsi,,n.紧急要求， 迫切需要,GRE
omit,ə'mɪt,,v.忽略， 遗漏； 不做， 未能做,GRE
destitution,",desti'tju:ʃən",,n.缺乏， 穷困,GRE
jog,dʒɑɡ,,v.慢跑,GRE
polemical,pə'lɛmɪkl,,a.引起争论的， 好辩的,GRE
largess,lɑːr'dʒes,,n.赠送， 赏赐； 赠款， 赏赐物,GRE
downplay,",daʊn'ple",,v.贬低， 不予重视,GRE
jot,dʒɑt,,v.草草记下,GRE
billion,'bɪljən,,num.十亿,GRE
sheer,ʃɪr,,a.完全的； 陡峭的； 极薄的,GRE
compliment,ˈkɑːmplɪmənt,,n&v.恭维， 称赞,GRE
veracious,və'reʃəs,,a.诚实的， 说真话的,GRE
sheen,ʃin,,n.光辉， 光泽,GRE
subvert,sʌb'vɝt,,v.颠覆， 推翻,GRE
rinse,rɪns,,v.冲洗掉， 漂净,GRE
original,ə'rɪdʒənl,,a.最初的， 最早的； 有创意的， 有创造性的,GRE
inconsolable,'ɪnkən'soləbl,,a.无法慰藉的， 悲痛欲绝的,GRE
glutinous,'ɡlutənəs,,a.黏的， 胶状的,GRE
flighty,'flaiti,,a.轻浮的； 反复无常的,GRE
interruption,",ɪntə'rʌpʃən",,n.中断， 打断,GRE
affiliate,ə'fɪlɪet,,v.使隶属于； 追溯…的来源； 联合 n.成员， 附属机构,GRE
recessive,rɪ'sɛsɪv,,a.隐性遗传的； 后退的,GRE
equivalent,ɪ'kwɪvələnt,,a.相等的， 等值的,GRE
howler,'haʊlɚ,,n.嚎叫的人或动物； 滑稽可笑的错误,GRE
shunt,ʃʌnt,,v.使转到另一轨道 ； 改变方向,GRE
hypocritical,",hɪpə'krɪtɪkl",,a.虚伪的， 伪善的,GRE
asterisk,'æstərɪsk,,n.星号,GRE
flickering,'flikəriŋ,,a.闪烁的， 摇曳的， 忽隐忽现的,GRE
perpetual,pɚ'pɛtʃuəl,,a.持续的， 不间断的； 永久的,GRE
plague,pleɡ,,v.烦扰 n.瘟疫；讨厌的人,GRE
fascinate,'fæsə'net,,v.迷惑， 迷住,GRE
canon,'kænən,,n.经典， 真作,GRE
diplomatic,",dɪplə'mætɪk",,a.外交的； 圆滑的,GRE
untainted,ʌn'tentɪd,,a.无污点的,GRE
humidity,hju'mɪdəti,,n.湿度， 湿气,GRE
iniquitous,ɪ'nɪkwətəs,,a.邪恶的， 不公正的,GRE
ornate,ɔr'net,,a.华美的； 充满装饰的,GRE
disclaim,dɪs'klem,,v.放弃权利； 拒绝承认,GRE
florid,'flɔrɪd,,a.华丽的； 红润的,GRE
plastic,'plæstɪk,,a.创造性的， 塑造的； 易受影响的； 可塑的； 塑性的,GRE
hoodoo,'hudu,,n.厄运； 招来不幸的人,GRE
transient,ˈtrænʃnt; trænʃənt,,a.短暂的， 转瞬即逝的,GRE
canny,'kæni,,a.精明仔细的,GRE
teeter,'titɚ,,v.摇摇欲坠； 步履蹒跚； 踌躇,GRE
plank,plæŋk,,v.铺板 n.厚木板；要点,GRE
expound,ɪk'spaʊnd,,v.解释； 阐述,GRE
stained,stend,,a.污染的， 玷污的,GRE
intractable,ɪn'træktəbl,,a.倔强的， 难以管理的； 难以加工的， 难以操作的,GRE
dainty,'denti,,a.娇美的； 挑剔的,GRE
fervid,'fɝvɪd,,a.炽热的； 热情的,GRE
isolate,aɪslˌet,,v.孤立,GRE
earring,'ɪrɪŋ,,n.耳环， 耳饰,GRE
nonflammable,",nɑn'flæməbl",,a.不易燃的,GRE
discouraging,dɪs'kɜːrɪdʒɪŋ,,a.令人气馁的,GRE
exoneration,ɪgˌzɑːnə'reɪʃn,,n.免除,GRE
civil,'sɪvl,,a.国内的； 公民的； 文明的,GRE
subsequent,'sʌbsɪkwənt,,a.随后的， 后来的， 连续的,GRE
indicate,'ɪndɪket,,v.指示， 指出； 象征， 显示,GRE
plummet,'plʌmɪt,,v.垂直或突然落下,GRE
contain,kən'ten,,v.包含， 含有； 控制； 阻止， 遏制,GRE
founder,'faʊndɚ,,v.沉没； 失败,GRE
wordy,'wɝdi,,a.冗长的， 多言的,GRE
applicant,'æplɪkənt,,n.申请人,GRE
shopworn,'ʃɑpwɔrn,,a.在商店中陈列久了的； 陈旧的， 磨损的,GRE
introspective,'ɪntrə'spɛktɪv,,a.内省的， 自省的,GRE
pompous,'pɑmpəs,,a.自大的,GRE
incompatibility,"'ɪnkəm,pætə'bɪləti",,n.不相容,GRE
glowing,'ɡləuiŋ,,a.热情赞扬的,GRE
stigmatize,'stɪɡmətaɪz,,v.诬蔑， 玷污,GRE
decry,dɪ'kraɪ,,v.责难； 贬低,GRE
tapering,'teɪpərɪŋ,,a.尖端细的,GRE
jug,dʒʌɡ,,v.用陶罐等炖 in an earthenware vessel)； 关押(to jail; imprison),GRE
inordinate,ɪn'ɔrdɪnət,,a.过度的， 过分的,GRE
disfranchise,",dis'fræntʃaiz",,v.剥夺…的权利， 剥夺…公民权,GRE
unpromising,ʌn'prɑmɪsɪŋ,,a.无前途的， 没有希望的,GRE
precede,prɪ'sid,,v.在…之前， 早于,GRE
disillusion,",dɪsɪ'luʒn",,v.使梦想破灭， 使醒悟,GRE
vehement,viəmənt,,a.猛烈的， 热烈的,GRE
horticulture,'hɔrtɪ'kʌltʃɚ,,n.园艺学,GRE
reticent,'rɛtɪsnt,,a.沉默寡言的,GRE
differentiate,",dɪfə'rɛnʃɪet",,v.辨别， 区别,GRE
defamation,",dɛfə'meʃən",,n.诽谤， 中伤,GRE
contact,'kɑntækt,,v.接触； 互通信息,GRE
disorganize,dis'ɔ:ɡənaiz,,v.扰乱， 使混乱,GRE
circumstantial,",sɝkəm'stænʃl",,a.不重要的， 偶然的； 描述详细的,GRE
unsettling,ʌn'sɛtlɪŋ,,a.使人不安的， 扰乱的,GRE
munch,mʌntʃ,,v.用力咀嚼， 出声咀嚼,GRE
plaster,'plæstɚ,,v.抹灰泥 n.灰泥，石膏,GRE
overtax,'ovɚ'tæks,,v.课税过重,GRE
renovate,'rɛnəvet,,v.翻新， 修复， 整修,GRE
vigorous,'vɪɡərəs,,a.精力充沛的， 有力的,GRE
invidious,ɪn'vɪdɪəs,,a.惹人反感的， 导致伤害和仇恨的， 招人嫉妒的,GRE
theatrical,θɪ'ætrɪkl,,a.戏剧的， 戏剧性的,GRE
parity,'pærəti,,n.同等， 相等,GRE
stiffen,'stɪfn,,v.使硬， 使僵硬,GRE
compel,kəm'pɛl,,v.强迫,GRE
boisterous,'bɔɪstərəs,,a.喧闹的； 猛烈的,GRE
salute,sə'lut,,v.行礼致敬；致意 n.行军礼,GRE
gawky,'ɡɔ:ki,,a.迟钝的， 笨拙的,GRE
candid,'kændɪd,,a.率直的,GRE
disruptive,dɪs'rʌptɪv,,a.制造混乱的,GRE
gustation,gʌ'steɪʃn,,n.品尝； 味觉,GRE
catharsis,kə'θɑrsɪs,,n.宣泄， 净化,GRE
badinage,",bædən'ɑʒ",,n.玩笑， 打趣,GRE
diffident,'dɪfɪdənt,,a.缺乏自信的,GRE
decoy,'dikɔɪ,,v.诱骗,GRE
lump,lʌmp,,n.块；,GRE
coercion,ko'ɝʒən,,n.强制， 高压统治,GRE
tyrant,'taɪrənt,,n.暴君,GRE
ruckus,'rʊkəs,,n.喧闹， 骚动,GRE
breed,brid,,v.繁殖；教养 n.品种， 种类,GRE
parry,'pæri,,v.挡开， 避开,GRE
stalwart,'stɔlwɚt,,a.健壮的； 坚定的,GRE
plagiarize,'pledʒə'raɪz,,v.剽窃， 抄袭 and use them as if they were one's own),GRE
fragrance,'fregrəns,,n.香料； 香味,GRE
descry,dɪ'skraɪ,,v.看见， 察觉,GRE
appraise,ə'prez,,v.评价， 鉴定,GRE
unwieldy,ʌn'wildi,,a.难控制的； 笨重的,GRE
realm,rɛlm,,n.王国； 领域， 范围,GRE
prompt,prɑmpt,,v.促进，激起 a.敏捷的， 迅速的,GRE
tendentious,tɛn'dɛnʃəs,,a.有偏见的,GRE
elaborate,ɪ'læbəret,,a.精致的， 复杂的 v.详尽地说明， 阐明,GRE
untutored,",ʌn'tutɚd",,a.未受教育的,GRE
odoriferous,",odə'rɪfərəs",,a.有气味的,GRE
repose,rɪ'poz,,n&v.休息， 安眠,GRE
tirade,'taɪred,,n.长篇的攻击性演说,GRE
candor,'kændɚ,,n.坦白， 率直,GRE
flatulent,'flætʃələnt,,a.自负的， 浮夸的,GRE
knead,nid,,v.揉成， 捏制,GRE
fatigue,fə'tig,,n.疲乏， 劳累,GRE
numismatist,nu'mɪzmətɪst,,n.钱币学家， 钱币收藏家,GRE
torrential,tə'rɛnʃl,,a.奔流的， 洪流的， 湍急的,GRE
warranty,'wɔrənti,,n.保证， 担保； 根据， 理由； 授权， 批准,GRE
neurosis,nʊ'rosɪs,,n.神经官能症,GRE
costume,ˈkɑsˌtum,,n.服装； 戏装,GRE
placebo,plə'sibo,,n.安慰剂； 起安慰作用的东西,GRE
vain,ven,,a.自负的； 徒劳的,GRE
ordinary,'ɔrdnɛri,,a.普通的，平常的；拙劣的，质量差的 n.惯例， 寻常情况,GRE
economize,ɪ'kɑnə'maɪz,,v.节约， 节省,GRE
verdict,'vɝdɪkt,,n.裁定， 裁决,GRE
firearm,'faɪr'ɑrm,,n.枪支,GRE
bacterium,bæk'tɪrɪəm,,n.细菌,GRE
cogitate,'kɔdʒiteit,,v.慎重思考， 思索,GRE
pursuit,pɚ'sut,,n.追赶； 职业,GRE
stupor,'stupɚ,,n.昏迷， 恍惚,GRE
elate,i'leit,,v.使高兴， 使得意,GRE
extricable,'ekstrɪkəbl,,a.可解救的， 能脱险的,GRE
ruthless,'rʊθləs,,a.无情的； 残忍的,GRE
reverential,",rɛvə'rɛnʃl",,a.表示尊敬的， 恭敬的,GRE
gaffe,ɡæf,,n.失礼， 失态,GRE
simile,'sɪməli,,n.明喻 comparison of one thing with another),GRE
ersatz,'ɛrsɑts,,a.代用的， 假的,GRE
composed,kəm'pozd,,a.镇定的， 沉着的； 由…组成的,GRE
inflammation,'ɪnflə'meʃən,,n.发炎； 炎症,GRE
incogitant,ɪn'kɑdʒətənt,,a.未经思考的， 考虑不周的,GRE
fissure,'fɪʃɚ,,n.裂缝， 裂隙,GRE
dissolve,dɪ'zɑlv,,v.溶解,GRE
prejudice,'prɛdʒədɪs,,v.使产生偏见 n.偏见，成见,GRE
levee,'lɛvi,,n.堤岸， 防洪堤,GRE
fanatic,fə'nætɪk,,a.狂热的，盲信的 n.狂热者,GRE
penal,'pinl,,a.惩罚的， 刑罚的,GRE
cyclical,ˈsɪklɪkəl,,a.循环的,GRE
unsound,",ʌn'saʊnd",,a.不健康的， 不健全的； 不结实的， 不坚固的； 无根据的,GRE
affordable,ə'fɔrdəbl,,a.负担得起的,GRE
predominate,prɪ'dɑmə'net,,v.统治； 占优势， 以…为主,GRE
expressly,ɪk'sprɛsli,,ad.清楚地； 特意地,GRE
deceit,dɪ'sit,,n.欺骗， 欺诈， 诡计,GRE
vogue,voɡ,,n.时尚， 流行,GRE
condescend,",kɑndɪ'sɛnd",,v.屈尊， 俯就,GRE
transitory,'trænsətɔri,,a.短暂的,GRE
disburse,dis'bə:s,,v.支付， 支出,GRE
debatable,dɪ'betəbəl,,a.未决定的， 有争执的,GRE
lucre,'lukɚ,,n.〈贬〉钱， 利益,GRE
diffuse,dɪ'fjus,,v.散布，漫射 a.漫射的， 散漫的,GRE
scramble,'skræmbl,,v.攀登； 搅乱， 使混杂； 争夺,GRE
adumbrate,ˈædəmbreɪt,,v.预示,GRE
plaza,'plæzə,,n.广场； 集市,GRE
timbre,'tæmbɚ,,n.音色， 音质,GRE
sift,sɪft,,v.筛选， 过滤,GRE
split,splɪt,,v.破裂，裂开 n.裂开， 裂口,GRE
immerse,ɪ'mɝs,,v.浸入； 沉浸于,GRE
lust,lʌst,,n.强烈的欲望,GRE
coercive,ko'ɝsɪv,,a.强制的， 强迫性的,GRE
sardonic,sɑːrˈdɑːnɪk,,a.讽刺的， 嘲笑的,GRE
depreciate,dɪ'priʃɪet,,v.轻视； 贬值,GRE
superstructure,'supɚstrʌktʃɚ,,n.上层建筑； 上层构造,GRE
unwonted,ʌn'wontɪd,,a.不寻常的， 不习惯的,GRE
peripheral,pə'rɪfərəl,,a.周边的， 外围的,GRE
obliging,ə'blaɪdʒɪŋ,,a.乐于助人的,GRE
sordid,'sɔ:did,,a.卑鄙的； 肮脏的,GRE
preserve,prɪ'zɝv,,v.保护； 保存,GRE
unfasten,",ʌn'fæsən",,v.解开,GRE
luminary,'lʊmə'nɛri,,n.杰出人物， 名人,GRE
deter,dɪ'tɝ,,v.威慑， 吓住； 阻止,GRE
lurk,lɝk,,v.潜伏， 埋伏,GRE
proclaim,prə'klem,,v.宣告， 公布； 显示， 表明,GRE
confide,kən'faɪd,,v.吐露； 倾诉,GRE
jolt,dʒolt,,v.颠簸 n.震动， 摇晃,GRE
jeopardize,'dʒɛpɚdaɪz,,v.危及， 危害,GRE
predominant,prɪ'dɑmənənt,,a.支配的， 占优势的， 主导的,GRE
recipe,'rɛsəpi,,n.食谱,GRE
apportion,ə'pɔrʃən,,v.分配,GRE
zesty,'zesti,,a.兴致很高的， 热望的,GRE
autobiography,",ɔtəbaɪ'ɑɡrəfi",,n.自传,GRE
pseudonym,'sudənɪm,,n.假名， 笔名,GRE
parable,'pærəbl,,n.寓言,GRE
astounding,ə'staʊndɪŋ,,a.令人震惊的,GRE
viable,'vaɪəbl,,a.切实可行的； 能活下去的,GRE
sentry,'sɛntri,,n.哨兵， 步兵,GRE
console,'kɑnsol,,v.安慰， 抚慰,GRE
auspicious,ɔ'spɪʃəs,,a.幸运的； 吉兆的,GRE
control,kən'trol,,n.对照标准， 对照物,GRE
pitfall,'pɪt'fɔl,,n.陷阱， 隐患,GRE
hilarity,hɪ'lærəti,,n.欢闹， 狂欢,GRE
conjure,'kʌndʒɚ,,v.召唤， 想起； 变魔术， 变戏法,GRE
acknowledge,ək'nɑlɪdʒ,,v.承认； 致谢,GRE
ameliorate,ə'milɪə'ret,,v.改善， 改良,GRE
decrepit,dɪ'krɛpɪt,,a.衰老的， 破旧的,GRE
descriptive,dɪ'skrɪptɪv,,a.描述的,GRE
overthrow,",ovɚ'θro",,v.推翻；终止 n.推翻； 终止,GRE
hereditary,hə'rɛdə'tɛri,,a.祖传的， 世袭的； 遗传的,GRE
matte,mæt,,a.无光泽的,GRE
inflict,ɪn'flɪkt,,v.使遭受,GRE
worthwhile,'wɝθ'waɪl,,a.值得做的,GRE
stumble,'stʌmbl,,v.绊倒,GRE
cunning,'kʌnɪŋ,,a.狡猾的，奸诈的；灵巧的，精巧的 n.狡猾， 奸诈,GRE
preamble,'priæmbl,,n.前言， 序言； 先兆,GRE
ensnare,in'snεə,,v.诱入陷阱， 进入罗网,GRE
factitious,fæk'tɪʃəs,,a.人为的， 不真实的,GRE
anneal,ə'nil,,v.使退火； 使加强， 使变硬,GRE
underhanded,'ʌndɚ'hændɪd,,a.秘密的， 狡诈的,GRE
musket,'mʌskɪt,,n.旧式步枪， 毛瑟枪,GRE
precept,'prisɛpt,,n.箴言， 格言； 规则,GRE
episode,'ɛpɪsod,,n.一段情节； 插曲， 片断,GRE
decency,'disnsi,,n.正派， 端庄体面,GRE
transgress,trænz'ɡrɛs,,v.冒犯， 违背,GRE
objective,əb'dʒɛktɪv,,a.客观的 n.目标,GRE
environ,ɪn'vaɪrən,,v.包围， 围绕,GRE
victimize,'vɪktɪmaɪz,,v.使受害， 欺骗,GRE
exert,ɪɡ'zɝt,,v.运用， 行使， 施加,GRE
insolent,'ɪnsələnt,,a.粗野的， 无礼的,GRE
self-sacrifice,'self'sækrifais,,n.自我牺牲,GRE
hinder,'hɪndɚ,,v.阻碍， 妨碍,GRE
adjunct,'ædʒʌŋkt,,n.附加物， 附件,GRE
sportive,'spɔrtɪv,,a.嬉戏的， 欢闹的,GRE
sycophant,'sɪkəfænt,,n.马屁精,GRE
subtract,səb'trækt,,v.减去， 减掉,GRE
lusty,'lʌsti,,a.流满活力的， 精力充沛的,GRE
hike,haɪk,,v.抬高，提高 n.徒步旅行,GRE
swathe,"sweið, swɔð",,v.包， 绑， 裹,GRE
zigzag,'zɪɡzæɡ,,v.弯弯曲曲地行进,GRE
badge,bædʒ,,n.徽章,GRE
mystic,'mistik,,a.神秘的；谜样的，难解的 n.神秘主义者,GRE
affront,ə'frʌnt,,v.侮辱， 冒犯,GRE
underwater,",ʌndɚ'wɔtɚ",,a.在水下的， 在水中的,GRE
intruding,ɪn'trʊd,,a.入侵的， 入侵性的,GRE
undirected,",ʌndə'rɛktɪd",,a.未受指导的,GRE
primitive,'prɪmətɪv,,a.原始的， 远古的； 基本的,GRE
ken,kɛn,,n.视野； 知识范围,GRE
audit,'ɔdɪt,,v.旁听 without working for or expecting to receive formal credit)； 审计， 查账(to examine and check account),GRE
herbivorous,'hɝbɪvərəs,,a.食草的,GRE
lymphatic,lɪm'fætɪk,,a.无力的； 迟缓的； 淋巴的,GRE
untrustworthy,ʌn'trʌstwɝði,,a.不能信赖的， 靠不住的,GRE
fancied,'fænsɪd,,a.空想的， 虚构的,GRE
jaunt,dʒɔ:nt,,v.短途旅游 n.短途旅行,GRE
headway,"'hɛd,we",,n.进步， 进展,GRE
leisureliness,'liːʒərlinəs,,n.悠然， 从容,GRE
josh,dʒɑʃ,,v.戏弄， 戏耍,GRE
raisin,'rezn,,n.葡萄干,GRE
quell,kwɛl,,v.制止， 镇压,GRE
understate,'ʌndɚ'stet,,v.保守地说， 轻描淡写地说,GRE
misanthrope,'mɪsənθrop,,n.厌恶人类者,GRE
expeditious,",ɛkspə'dɪʃəs",,a.迅速的， 敏捷的,GRE
censorious,sɛn'sɔrɪəs,,a.挑剔的,GRE
prescient,'prɛsɪənt,,a.有先见的， 预知的,GRE
appoint,ə'pɔɪnt,,v.任命， 指定； 约定,GRE
mortality,mɔr'tæləti,,n.死亡率,GRE
somnolent,'sɑmnələnt,,a.想睡的； 催眠的,GRE
regurgitate,rɪ'ɡɝdʒɪtet,,v.涌回， 流回； 反胃， 反刍,GRE
intervene,",ɪntɚ'vin",,v.干涉， 介入,GRE
inflamed,ɪn'flemd,,a.发炎的， 红肿的,GRE
ignite,ɪɡ'naɪt,,v.发光； 点燃， 燃烧,GRE
revelation,'rɛvə'leʃən,,n.显示； 揭露的事实,GRE
confine,kən'faɪn,,v.限制， 禁闭,GRE
posthumous,'pɑstʃəməs,,a.死后的， 身后的,GRE
horizontal,'hɔrə'zɑntl,,a.水平的,GRE
consort,"'kɑn,sɔrt",,v.陪伴； 结交 n.配偶,GRE
dynamic,daɪ'næmɪk,,a.动态的； 有活力的,GRE
gracile,'ɡræsail,,a.细弱的， 纤细优美的,GRE
striated,'straɪ3ɪtɪd,,a.有条纹的,GRE
parch,pɑrtʃ,,v.烘烤； 烤焦,GRE
preservative,prɪ'zɝvətɪv,,a.保护的；防腐的 n.防腐剂,GRE
despoil,dɪ'spɔɪl,,v.夺取， 抢夺,GRE
query,'kwɪri,,v.质疑，疑问，询问 n.问题， 疑问,GRE
dismal,'dɪzməl,,a.沮丧的， 阴沉的,GRE
disheveled,dɪ'ʃevld,,a.不整的， 凌乱的,GRE
colloquy,'kɑləkwi,,n.交谈， 会谈,GRE
discord,'dɪskɔrd,,n.不和， 纷争,GRE
dismay,dɪs'me,,v.使气馁 n.沮丧，气馁,GRE
altruism,'æltruɪzəm,,n.利他主义； 无私,GRE
expend,ɪk'spɛnd,,v.花费； 用光,GRE
flammable,'flæməbl,,a.易燃的,GRE
recklessness,'reklisnis,,n.鲁莽， 轻率,GRE
demonstrate,'dɛmən'stret,,v.证明， 论证； 示威,GRE
sublime,sə'blaɪm,,a.崇高的 v.使崇高,GRE
raciness,'reisinis,,n.生动活泼,GRE
doleful,'dolfl,,a.悲哀的， 忧郁的,GRE
pending,'pɛndɪŋ,,a.即将发生的； 未决的,GRE
decompose,",dikəm'poz",,v.腐烂,GRE
vitiate,'vɪʃɪet,,v.削弱， 损害,GRE
infantry,'ɪnfəntri,,n.步兵,GRE
inventory,'ɪnvəntɔri,,n.详细目录； 存货清单,GRE
ambidextrous,'æmbə'dɛkstrəs,,a.十分灵巧的,GRE
saunter,'sɔntɚ,,n&v.闲逛， 漫步,GRE
austere,ɔ'stɪr,,a.朴素的,GRE
vivid,'vɪvɪd,,a.鲜艳的； 生动的； 逼真的,GRE
kin,kɪn,,n.亲属,GRE
infraction,ɪn'frækʃən,,n.违反， 违犯,GRE
shoddy,'ʃɑdi,,a.劣质的， 假冒的,GRE
defecate,'dɛfəket,,v.澄清； 净化,GRE
swarthy,'swɔrði,,a.黝黑的,GRE
anonymity,'ænə'nɪməti,,n.无名， 匿名,GRE
assent,ə'sɛnt,,v.同意， 赞成,GRE
virtue,'vɝtʃʊ,,n.美德； 优点； 潜能,GRE
adulate,'ædjuleit,,v.谄媚， 奉承,GRE
serrated,sə'retɪd,,a.锯齿状的,GRE
prestigious,prɛ'stɪdʒəs,,a.有名望的， 有威望的,GRE
compulsion,kəm'pʌlʃən,,n.强迫； 冲动,GRE
perishable,'pɛrɪʃəbl,,a.易腐烂的，易变质的 n.易腐烂的东西,GRE
corrupt,kə'rʌpt,,a.腐败的，堕落的；讹误的，走样的containingerrorsorchanges) v.使腐败， 使堕落,GRE
preclude,prɪ'klud,,v.预防， 排除； 阻止 from a given condition or activity),GRE
fleece,flis,,v.骗取， 欺诈 n.生羊皮，羊毛,GRE
transmit,trænzˈmɪt,,v.传送， 传播,GRE
commemorate,kə'mɛməret,,v.纪念； 庆祝,GRE
emend,ɪ'mɛnd,,v.订正， 校订,GRE
noncommittal,",nɑnkə'mɪtl",,a.态度暧昧的； 不承担义务的,GRE
bluff,blʌf,,n.虚张声势； 悬崖峭壁,GRE
compromise,'kɑmprəmaɪz,,v.妥协； 危害,GRE
gullible,'ɡʌləbl,,a.易受骗的,GRE
fringe,frɪndʒ,,n.须边； 边缘,GRE
hesitant,'hɛzɪtənt,,a.犹豫的,GRE
extemporize,ɪk'stɛmpəraɪz,,v.即兴演说,GRE
halfhearted,ˌhæf'hɑːrtɪd,,a.不认真的， 不热心的,GRE
folklore,'foklɔr,,n.民间传说； 民俗学,GRE
justify,'dʒʌstə'fai,,v.证明…是正当或合理的,GRE
sight,saɪt,,v.看到 n.景象；视力；视野,GRE
slippage,'slɪpɪdʒ,,n.滑动， 下降,GRE
simulate,'sɪmjulet,,v.假装， 模仿,GRE
moldy,'moldi,,a.发霉的,GRE
putrefy,'pju:trifai,,v.使腐烂,GRE
pillage,'pɪlɪdʒ,,v.抢夺 n.抢劫，掠夺,GRE
jeopardy,'dʒɛpɚdi,,n.危险,GRE
intact,ɪn'tækt,,a.完整的， 完好无缺的,GRE
juvenile,'dʒʊvənaɪl,,a.青少年的； 孩子气的， 幼稚的,GRE
conversant,kən'vɝsnt,,a.精通的， 熟悉的,GRE
hive,haɪv,,n.蜂房， 蜂巢； 热闹的场所,GRE
spasmodic,spæz'mɑdɪk,,a.痉挛的； 间歇性的,GRE
trudge,trʌdʒ,,v.跋涉,GRE
aspersion,ə'spɝʒən,,n.诽谤， 中伤,GRE
unison,'jʊnəsn,,n.齐奏， 齐唱； 一致， 协调,GRE
complacency,kəm'plesnsi,,n.满足， 安心,GRE
wean,win,,v.断奶； 戒掉,GRE
leak,lik,,v.泄漏 n.泄漏； 漏出量； 裂缝， 漏洞,GRE
reconnoiter,",rikə'nɔɪtɚ",,v.侦察， 勘察,GRE
complacence,kəm'plesns,,n.自满,GRE
lean,lin,,v.倾斜；斜靠 a.瘦的,GRE
assert,ə'sɝt,,v.断言， 主张,GRE
objection,əb'dʒɛkʃən,,n.厌恶， 反对,GRE
picturesque,",pɪktʃə'rɛsk",,a.如画的； 独特的， 别具风格的,GRE
coddle,'kɔdl,,v.溺爱； 悉心照料,GRE
informed,ɪn'fɔrmd,,a.有学识的； 见多识广的， 消息灵通的,GRE
dispute,'dɪs'pjʊt,,v.争论,GRE
rugged,'rʌɡɪd,,a.高低不平的； 崎岖的,GRE
assess,ə'sɛs,,v.评定， 核定； 估计， 估价,GRE
riotous,'raɪətəs,,a.暴乱的， 狂乱的,GRE
apprehensive,",æprɪ'hɛnsɪv",,a.害怕的； 敏悟的,GRE
parochial,pə'rokɪəl,,a.教区的； 地方性的， 狭小的,GRE
debrief,di'brif,,v.盘问， 听取报告,GRE
ensign,"[ˈɛnsən, -ˌsaɪn]",,n.舰旗,GRE
queue,kju,,v.排队 n.长队,GRE
informer,ɪn'fɔrmɚ,,n.告发者， 告密者,GRE
sanitize,'sænitaiz,,v.使清洁,GRE
filibuster,'fɪlə'bʌstɚ,,v.妨碍议事，阻挠议案通过 n.阻挠议事的人或行动,GRE
easel,'izl,,n.黑板架， 画架,GRE
adequate,ˈædɪkwət,,a.足够的,GRE
calumny,'kæləmni,,n.诽谤， 中伤,GRE
transferable,trænz'fərəbl,,a.可转移的,GRE
plait,"plet, plæt",,v.编成辫 n.发辫,GRE
bustle,'bʌsl,,v.奔忙，忙乱 n.喧闹， 熙熙攘攘,GRE
impecunious,",ɪmpɪ'kjunɪəs",,a.不名一文的， 没钱的,GRE
aver,ə'və:,,v.极力声明； 断言； 证实,GRE
substantiate,səb'stænʃɪet,,v.证实， 确证,GRE
divert,dɪˈvɚt,,v.转移， 转向； 使娱乐,GRE
plain,plen,,a.简单的；清楚的；不漂亮的，不好看的 n.平原,GRE
raucous,'rɔkəs,,a.刺耳的， 沙哑的； 喧嚣的,GRE
individual,ˌɪndəˈvɪdʒʊəl,,a.单独的，单个的；特有的；个人的，个体的 n.个人， 个体,GRE
cadence,ˈkeɪdns,,n.抑扬顿挫； 节奏， 韵律,GRE
blueprint,'blʊ'prɪnt,,n.蓝图； 方案,GRE
declaim,dɪ'klem,,v.高谈阔论,GRE
testimony,'tɛstə'moni,,n.证据， 证词,GRE
retaliation,"ri,tæli'eiʃən",,n.报复,GRE
glitter,'ɡlɪtɚ,,v.闪烁，闪耀 n.灿烂的光华； 诱惑力， 魅力,GRE
mutinous,'mju:tinəs,,a.叛变的； 反抗的,GRE
secretive,'sɪkrətɪv,,a.守口如瓶的,GRE
ferocious,fə'roʃəs,,a.凶猛的， 残暴的,GRE
obtainable,"əb'teinəbl, ɔb-",,a.能得到的,GRE
emphatic,ɪm'fætɪk,,a.重视的， 强调的,GRE
enjoin,ɪn'dʒɔɪn,,v.命令， 吩咐,GRE
hoist,hɔɪst,,v.提起，升起 n.起重机,GRE
overemphasize,",əuvər'emfəsaiz",,v.过分强调,GRE
leer,lɪr,,v.斜视， 送秋波,GRE
ready,'rɛdi,,a.敏捷的， 迅速的,GRE
euphemistic,",jʊfə'mɪstɪk",,a.委婉的,GRE
unconscious,ʌn'kɑnʃəs,,a.不省人事的； 未发觉的， 无意识的,GRE
unprovoked,'ʌnprə'vokt,,a.无缘无故的,GRE
luxurious,lʌɡ'ʒʊrɪəs,,a.奢侈的， 豪华的,GRE
berserk,bə'sə:k,,a.狂怒的， 狂暴的,GRE
studied,'stʌdɪd,,a.深思熟虑的； 认真习得的,GRE
enervate,ˈenərveɪt;ɪˈnɜːveɪt,,v.使虚弱， 使无力,GRE
protuberance,pro'tubərəns,,n.突起， 突出,GRE
informal,ɪn'fɔrml,,a.随便的， 日常的； 不拘礼节的， 非正式的,GRE
debonair,",dɛbə'nɛr",,a.美丽的； 温雅的,GRE
recline,rɪ'klaɪn,,v.斜倚， 躺卧,GRE
crusade,kru'sed,,n.为维护理想、 原则而进行的运动或斗争,GRE
self-realization,"'sɛlf,rɪəlɪ'zeʃən",,n.自我实现， 自我完成,GRE
mince,mɪns,,v.切碎； 装腔作势地小步走,GRE
tinkle,'tɪŋkl,,v.发出叮当声,GRE
vagrancy,'veɡrənsi,,n.漂泊， 流浪,GRE
unimpressed,",ʌnɪm'prɛst",,a.没有印象的,GRE
discourage,dɪs'kɝɪdʒ,,v.使气馁， 使沮丧； 阻碍,GRE
rhapsodic,ræp'sɔdik,,a.狂热的， 狂喜的； 狂想曲的,GRE
oversee,'ovɚ'si,,v.监督,GRE
licit,'lɪsɪt,,a.合法的,GRE
reproach,rɪ'protʃ,,n.谴责， 责骂,GRE
warrant,'wɔrənt,,v.保证； 批准 n.正当理由；许可证,GRE
contemplative,kən'tɛmplətɪv,,a.沉思的 n.沉思者,GRE
overrate,",ovɚ'ret",,v.对…估价过高， 对…评价过高,GRE
opulent,'ɑpjələnt,,a.富裕的； 充足的,GRE
ulcerate,'ʌlsəret,,v.溃烂,GRE
narrative,'nærətɪv,,a.叙述性的,GRE
circular,'sɝkjəlɚ,,a.圆形的； 循环的,GRE
corporeal,kɔr'pɔrɪəl,,a.肉体的， 身体的； 物质的,GRE
irritable,'ɪrɪtəbl,,a.易怒的， 急躁的； 易受刺激的,GRE
temper,'tɛmpɚ,,v.锻炼；调和，使缓和 n.脾气， 性情,GRE
munificence,mjuː'nɪfɪsns,,n.慷慨给予， 宽宏大量,GRE
rejoice,rɪ'dʒɔɪs,,v.欣喜， 高兴,GRE
frantic,'fræntɪk,,a.疯狂的， 狂乱的,GRE
avid,",ævid",,a.渴望的； 热心的,GRE
ennoble,ɪ'nobl,,v.授予爵位， 使高贵,GRE
cardiac,'kɑrdɪæk,,a.心脏的,GRE
accessible,ək'sɛsəbl,,a.易接近的； 易受影响的,GRE
particularity,pɚ'tɪkju'lærəti,,n.独特性,GRE
throe,θrəu,,n.剧痛；,GRE
notable,'notəbl,,a.值得注意的， 显著的,GRE
unparalleled,ʌn'pærəlɛld,,a.无比的， 空前的,GRE
orotund,'ɔrotʌnd,,a.洪亮的 strong and deep； resonant)； 夸张的(bombastic or pompous),GRE
plush,plʌʃ,,a.豪华的,GRE
disgruntled,dɪs'ɡrʌntld,,a.不悦的， 不满意的,GRE
brattish,'brætɪʃ,,a.讨厌的， 被宠坏的， 无礼的 ill-mannered; annoying),GRE
semimolten,ˌsemi'moultən,,a.半熔化的,GRE
resigned,rɪ'zaɪnd,,a.顺从的， 听从的,GRE
glucose,'ɡlukos,,n.葡萄糖,GRE
provocative,prə'vɑkətɪv,,a.挑衅的， 煽动的,GRE
address,əˈdrɛs;(for n)ˈædres; ædrɛs,,v.处理， 对付， 设法解决； 致辞,GRE
impassioned,ɪm'pæʃnd,,a.充满激情的， 慷慨激昂的,GRE
troll,trol,,v.用曳绳钓； 拖钓； 兴高采烈地唱,GRE
ramble,'ræmbl,,v.漫步 n.漫步,GRE
vocation,vo'keʃən,,n.天职， 神召； 职业， 行业； 禀性， 才能,GRE
preponderant,prɪ'pɑndərənt,,a.占优势的， 突出的， 压倒性的,GRE
stature,'stætʃɚ,,n.身高， 身材,GRE
quarantine,'kwɔrən'tin,,n.隔离检疫期， 隔离,GRE
simonize,'saɪmənaɪz,,v.给…打蜡， 把…擦亮,GRE
brevity,'brɛvəti,,n.短暂,GRE
illegitimate,",ɪlɪ'dʒɪtɪmet",,a.不合法的； 私生的,GRE
exorbitant,ɪɡ'zɔrbɪtənt,,a.过分的， 过度的,GRE
reimburse,",riɪm'bɝs",,v.偿还,GRE
dither,'dɪðɚ,,v.慌张；犹豫不决 n.紧张； 慌乱,GRE
confront,kən'frʌnt,,v.面临； 对抗,GRE
onus,'onəs,,n.义务， 负担,GRE
thousandfold,'θaʊznd'fold,,ad.千倍地 a.千倍的,GRE
provocation,",prɑvə'keʃən",,n.挑衅， 激怒,GRE
illiterate,ɪ'lɪtərət,,a.文盲的,GRE
bondage,'bɑndɪdʒ,,n.奴役， 束缚,GRE
pervade,pɚ'ved,,v.弥漫， 遍及,GRE
implement,'ɪmplɪmɛnt,,v.实现， 实施 n.工具， 器具,GRE
justifiable,'dʒʌstɪfaɪəbl,,a.有理由的， 无可非议的,GRE
incinerate,in'sinəreit,,v.焚化， 焚毁,GRE
sagacious,sə'ɡeʃəs,,a.聪明的， 睿智的,GRE
beset,bɪ'sɛt,,v.镶嵌； 困扰,GRE
foyer,ˈfɔɪər,,n.门厅， 休息室,GRE
beacon,'bikən,,n.烽火； 灯塔,GRE
sparse,spɑrs,,a.稀少的， 贫乏的； 稀疏的,GRE
pragmatic,præg'mætɪk,,a.实际的； 务实的， 注重实效的； 实用主义的,GRE
incision,ɪn'sɪʒən,,n.切口； 切割,GRE
frigidity,frɪ'dʒɪdəti,,n.寒冷； 冷淡,GRE
tasteless,'testləs,,a.没味道的,GRE
underplay,"'ʌndɚ,kle",,v.弱化…的重要性； 表演不充分,GRE
emancipate,ɪ'mænsɪpet,,v.解放， 释放,GRE
envisage,ɪn'vɪzɪdʒ,,v.正视； 想象,GRE
elliptical,ɪ'lɪptɪkl,,a.椭圆的； 晦涩的； 省略的,GRE
hunch,hʌntʃ,,n.直觉， 预感,GRE
preponderate,prɪ'pɑːndər3ɪt,,v.超过， 胜过,GRE
pilot,'paɪlət,,n.飞行员； 领航员,GRE
citation,saɪ'teʃən,,n.引证； 引文； 传票,GRE
snide,snaɪd,,a.挖苦的， 讽刺的,GRE
concentrate,'kɑnsn'tret,,v.聚集， 浓缩,GRE
versatile,'vɝsətl,,a.多才多艺的； 多用途的,GRE
avow,ə'vaʊ,,v.承认； 公开宣称,GRE
weld,wɛld,,v.焊接， 熔接； 锻接,GRE
aggrieve,ə'griv,,v.使受委屈， 使痛苦,GRE
peachy,'pitʃi,,a.极好的， 漂亮的,GRE
peckish,'pɛkɪʃ,,a.饿的； 急躁的,GRE
imperturbable,",impə'tə:bəbl",,a.冷静的， 沉着的,GRE
prognosticate,prəɡ'nɔstikeit,,v.预言， 预示,GRE
refractory,rɪ'fræktəri,,a.倔强的， 难管理的； 难治的,GRE
irrelevant,ɪ'rɛləvənt,,a.不相关的； 不切题的,GRE
observance,əb'zɝvəns,,n.遵守， 奉行,GRE
gadget,'gædʒɪt,,n.小工具， 小机械,GRE
hilarious,hɪ'lɛrɪəs,,a.欢闹的； 引起大笑的,GRE
resentful,rɪ'zɛntfl,,a.忿恨的， 怨恨的,GRE
belongings,bə'lɔŋɪŋz,,n.所有物， 财产,GRE
implication,'ɪmplɪ'keʃən,,n.暗示,GRE
flout,flaʊt,,v.蔑视； 违抗,GRE
wastrel,'westrəl,,n.挥霍无度的人,GRE
cordial,'kɔrdʒəl,,a.热诚的 n.兴奋剂,GRE
modulate,'mɑdʒəlet,,v.调整， 调节； 调音,GRE
aghast,ə'ɡæst,,a.惊骇的， 吓呆的,GRE
inter,ɪn'tə,,v.埋葬,GRE
distant,'dɪstənt,,a.疏远的， 冷淡的,GRE
destine,'dɛstɪn,,v.命运注定， 预定,GRE
gaiety,'ɡeiəti,,n.欢乐， 快活,GRE
wend,wɛnd,,v.行， 走， 前进,GRE
fermentation,",fɝmɛn'teʃən",,n.发酵,GRE
razor,'rezɚ,,n.剃刀， 刮胡刀,GRE
unidimensional,",jʊnɪdɪ'mɛnʃənəl; ,jʊnɪdaɪ'mɛnʃənəl",,a.一维的,GRE
huckster,'hʌkstɚ,,n.叫卖小贩， 零售商,GRE
penicillin,",pɛnɪ'sɪlɪn",,n.青霉素,GRE
averse,ə'vɝs,,a.反对的， 不愿意的,GRE
irony,'aɪrəni,,n.反话； 讽刺意味； 出乎意料的结果,GRE
caterpillar,'kætɚpɪlɚ,,n.毛毛虫， 蝴蝶的幼虫,GRE
exactitude,ɪɡ'zæktɪtud,,n.正确， 精确， 严格,GRE
spout,spaʊt,,v.喷出； 滔滔不绝地讲,GRE
recumbent,rɪ'kʌmbənt,,a.斜靠的； 休息的,GRE
reminder,rɪ'maɪndɚ,,n.提醒物， 纪念品,GRE
contented,kən'tɛntɪd,,a.心满意足的,GRE
fatuity,fə'tju(:)iti,,n.愚蠢， 愚昧,GRE
hydrate,'haɪdret,,v.水合 n.水合物,GRE
snipe,snaɪp,,v.狙击,GRE
nautical,'nɔtɪkl,,a.船员的， 船舶的， 航海的,GRE
allergic,ə'lɝdʒɪk,,a.过敏的； 对…讨厌的,GRE
underrate,",ʌndə'ret",,v.低估， 轻视,GRE
unreasonable,ʌn'riznəbl,,a.不讲道理的； 非理智的， 过分的,GRE
constraint,kən'strent,,n.强制， 强迫； 对感情的压抑,GRE
mendicant,'mɛndɪkənt,,a.行乞的 n.乞丐,GRE
infect,ɪn'fɛkt,,v.传染； 使感染， 侵染； 污染,GRE
pleat,plit,,n.褶,GRE
extravagance,ɪk'strævəɡəns,,n.奢侈， 挥霍,GRE
infiltrate,ɪn'fɪltret,,v.渗透， 渗入,GRE
backslide,",bæk'slaid",,v.故态复萌,GRE
hostile,ˈhɑstl,,a.敌对的， 敌意的,GRE
sanctum,'sæŋktəm,,n.圣所,GRE
irreversible,",ɪrɪ'vɝsəbl",,a.不能撤回的， 不能取消的,GRE
celestial,sə'lɛstʃəl,,a.天体的， 天上的,GRE
crawl,krɔl,,v.爬， 爬行,GRE
plead,plid,,v.辩护； 恳求,GRE
abject,'æbdʒɛkt,,a.极可怜的； 卑下的,GRE
monologue,'mɑnəlɔɡ,,n.独白； 长篇演说， 长篇大论,GRE
ambitious,æm'bɪʃəs,,a.有抱负的， 雄心勃勃的,GRE
incontrovertible,",ɪnkɑntrə'vɝtəbl",,a.无可辩驳的， 不容置疑的,GRE
contemptuous,kən'tɛmptʃuəs,,a.鄙视的， 表示轻蔑的,GRE
paean,'piən,,n.赞美歌， 颂歌,GRE
function,'fʌŋkʃən,,v.运行 n.功能； 职责,GRE
grisly,'grɪzli,,a.恐怖的， 可怕的,GRE
lap,læp,,v.舔食,GRE
pitcher,'pɪtʃɚ,,n.有柄水罐,GRE
revere,rɪ'vɪr,,v.尊敬,GRE
pliant,'plaɪənt,,a.易受影响的； 易弯的,GRE
comparison,kəm'pærɪsn,,n.比较， 对照； 比喻,GRE
pomposity,pɔm'pɔsiti,,n.自大的行为或言论,GRE
hatch,hætʃ,,v.孵化； 策划 n.船舱盖,GRE
revert,rɪ'vɝt,,v.恢复， 回复到； 重新考虑,GRE
presupposition,'prisʌpə'zɪʃən,,n.预想， 臆测,GRE
roughen,'rʌfn,,v.变粗糙,GRE
ceremony,ˈsɛrəˌmoʊni,,n.典礼， 仪式,GRE
gratification,",ɡrætɪfɪ'keʃən",,n.满足， 喜悦,GRE
idyllic,aɪ'dɪlɪk,,a.田园诗的,GRE
abdicate,'æbdɪket,,v.退位； 放弃,GRE
long-winded,'lɔŋ'wɪndɪd,,a.冗长的,GRE
emanate,ˈɛməˌneɪt,,v.散发， 发出； 发源,GRE
attenuation,"ə,tɛnjʊ'eʃən",,n.变瘦； 减少； 减弱,GRE
piercing,'pɪrsɪŋ,,a.冷得刺骨的； 敏锐的,GRE
censure,'sɛnʃɚ,,v.指责， 谴责 n.指责，谴责,GRE
airtight,'ɛrtaɪt,,a.密闭的， 不透气的,GRE
technique,tɛk'nik,,n.技能， 方法， 手段,GRE
levy,'lɛvi,,v.征税； 征兵,GRE
intimidate,ɪn'tɪmɪdet,,v.恐吓； 胁迫,GRE
quirk,kwɝk,,n.奇事； 怪癖,GRE
generous,'dʒɛnərəs,,a.慷慨的； 大量的,GRE
repressed,rɪ'prɛst,,a.被抑制的， 被压抑的,GRE
detrimental,",dɛtrɪ'mɛntl",,a.损害的， 造成伤害的,GRE
capitulate,kə'pɪtʃulet,,v.投降,GRE
vicarious,vaɪ'kɛrɪəs,,a.替代的， 代理的,GRE
rampage,'ræmpedʒ,,v.乱冲乱跑 n.狂暴行为,GRE
gander,'gændər,,v.闲逛 n.雄鹅；笨人，傻瓜,GRE
investor,ɪn'vɛstɚ,,n.投资者,GRE
bemused,bɪ'mjuzd,,a.茫然的， 困惑的,GRE
inflate,ɪn'flet,,v.使充气， 使膨胀,GRE
remission,rɪ'mɪʃən,,n.宽恕， 豁免,GRE
skirmish,'skɝmɪʃ,,n.小规模战斗， 小冲突,GRE
foment,fou'ment,,v.煽动,GRE
equilibrium,",ikwɪ'lɪbrɪəm",,n.平衡,GRE
sport,spɔrt,,v.炫耀， 卖弄,GRE
barbarous,'bɑrbərəs,,a.野蛮的； 残暴的,GRE
cluster,'klʌstɚ,,v.群集， 丛生 n.串，簇，群,GRE
prey,pre,,n.被捕食的动物； 受害者,GRE
attire,ə'taiə,,v.使穿衣；打扮 n.盛装， 服装,GRE
glisten,'ɡlɪsn,,v.闪烁， 闪耀,GRE
awe-inspiring,"'ɔ:in,spaiəriŋ",,a.令人敬畏的,GRE
circulate,'sɝkjəlet,,v.循环； 流通； 发行,GRE
unfailing,ʌn'felɪŋ,,a.无尽的， 无穷的,GRE
resuscitate,rɪ'sʌsɪtet,,v.使复活， 使苏醒,GRE
integrity,ɪn'tɛɡrəti,,n.正直， 诚实； 完整,GRE
pact,pækt,,n.协定， 条约,GRE
appreciative,ə'priʃətɪv,,a.赞赏的； 感激的,GRE
quagmire,"'kwæɡmaiə, 'kwɔ-",,n.沼泽地； 困境,GRE
remittance,rɪ'mɪtns,,n.汇款,GRE
press,prɛs,,v.挤压,GRE
dock,dɑk,,v.剪短； 扣去,GRE
cargo,'kɑrɡo,,n.货物,GRE
panacea,ˌpænə'siːə,,n.万灵药,GRE
opulence,'ɑpjələns,,n.富裕； 丰富,GRE
exclaim,ɪk'sklem,,v.惊叫， 呼喊,GRE
pervious,'pɝvɪəs,,a.可渗透的， 可通过的,GRE
pack,pæk,,n.兽群,GRE
mesmerism,'mɛzmə'rɪzəm,,n.催眠术， 催眠引导法,GRE
minutia,maɪ'njʊʃɪr,,n.细枝末节， 琐事,GRE
untapped,",ʌn'tæpt",,a.未开发的， 未利用的,GRE
beaded,'bidɪd,,a.以珠装饰的， 珠状的,GRE
untamed,",ʌn'temd",,a.未驯服的,GRE
supple,'sʌpl,,a.柔软的， 灵活的； 柔顺的， 顺从的,GRE
horrendous,hɔ'rendəs,,a.可怕的， 令人恐惧的,GRE
bravado,brə'vɑdo,,n.故作勇敢， 虚张声势,GRE
polite,pə'laɪt,,a.文雅的， 有教养的,GRE
ardent,'ɑrdnt,,a.热心的， 热烈的,GRE
distain,dɪs'teɪn,,v.贬损， 伤害名誉,GRE
document,dɑkjəmənt,,v.为…提供书面证明 n.文件,GRE
rapport,ræ'pɔr,,n.融洽， 和谐,GRE
cohesive,ko'hisɪv,,a.凝聚的,GRE
promote,prə'mot,,v.提升； 促进,GRE
moody,'mudi,,a.喜怒无常的； 抑郁的,GRE
emaciate,"ɪ'meʃɪ,et",,v.使瘦弱,GRE
graphic,'græfɪk,,a.图表的； 生动的,GRE
clause,klɔz,,n.从句； 条款,GRE
empathy,'ɛmpəθi,,n.同感， 移情； 全神贯注,GRE
fraught,frɔt,,a.充满的,GRE
dodge,dɑdʒ,,v.闪开， 躲避,GRE
consolidate,kən'sɑlɪdet,,v.巩固； 加强； 合并,GRE
haughty,'hɔti,,a.傲慢的， 自大的,GRE
uncommunicative,'ʌnkə'mjʊnəkətɪv,,a.不爱说话的， 拘谨的,GRE
formative,'fɔrmətɪv,,a.形成的； 影响发展的,GRE
vitalize,'vaitəlaiz,,v.赋予生命， 使有生气,GRE
polish,'pɑlɪʃ,,v.磨光，擦亮 n.上光剂； 优雅,GRE
optical,'ɑptɪkl,,a.视觉的； 光学的,GRE
menthol,'mɛnθɔl,,n.薄荷醇,GRE
deterrent,dɪ'tɝənt,,a.威慑的， 制止的,GRE
pestilential,",pɛstɪ'lɛnʃl",,a.引起瘟疫的， 致命的； 〈口〉极讨厌的,GRE
detergent,dɪ'tɝdʒənt,,n.清洁剂,GRE
rueful,'rufl,,a.抱憾的； 后悔的， 悔恨的,GRE
prig,prɪɡ,,n.自命清高者， 道学先生,GRE
compile,kəm'paɪl,,v.汇集； 编辑,GRE
vitality,vaɪ'tæləti,,n.活力， 精力； 生命力,GRE
fume,fjum,,v.发怒，愤怒；冒烟 n.烟； 愤怒， 恼怒,GRE
bias,'baɪəs,,v.使有偏见 n.偏见,GRE
somatic,so'mætɪk,,a.肉体的， 躯体的,GRE
ravenous,'rævənəs,,a.饥饿的； 贪婪的,GRE
pullulate,'pʌljuleit,,v.繁殖； 充满,GRE
tension,'tɛnʃən,,n.紧张， 焦虑； 张力,GRE
tenuous,'tɛnjuəs,,a.纤细的； 稀薄的； 脆弱的， 无力的,GRE
doff,dɑf,,v.脱掉,GRE
opinionated,ə'pɪnjənetɪd,,a.固执己见的,GRE
ballad,'bæləd,,n.歌谣， 小曲,GRE
caustic,'kɔstɪk,,a.腐蚀性的；刻薄的 n.腐蚀剂,GRE
verbal,'vɝbl,,a.口头的； 言语的,GRE
merit,'mɛrɪt,,v.值得 n.价值； 长处,GRE
precocious,prɪ'koʃəs,,a.早熟的,GRE
pecuniary,pɪ'kjunɪɛri,,a.金钱的,GRE
unbend,",ʌn'bɛnd",,v.变直； 轻松行事， 放松,GRE
cronyism,'kronɪɪzəm,,n.任人唯亲； 对好朋友的偏袒,GRE
district,'dɪstrɪkt,,n.地区； 行政区； 区域,GRE
predestine,pri:'destin,,v.预先注定,GRE
ventriloquist,vɛn'trɪləkwɪst,,n.口技表演者， 腹语表演者,GRE
contort,kən'tɔrt,,v.歪曲； 扭曲,GRE
impersonal,ɪm'pɝsnl,,a.不受个人感情影响的,GRE
inveigle,ɪn'viɡl,,v.诱骗， 诱使,GRE
specter,'spɛktɚ,,n.鬼怪， 幽灵； 缠绕心头的恐惧， 凶兆,GRE
dogmatism,'dɔɡmətɪzəm,,n.教条主义， 武断 being dogmatic),GRE
inflame,ɪn'flem,,v.使燃烧； 激怒,GRE
antiseptic,ˌæntiˈseptɪk,,a.防腐的 n.杀菌剂,GRE
gangling,'ɡæŋɡlɪŋ,,a.瘦长得难看的,GRE
fealty,'fi:əlti,,n.效忠， 忠诚,GRE
wheeze,wiz,,v.喘息； 发出呼哧呼哧的声音,GRE
suspicion,sə'spɪʃən,,n.怀疑， 嫌疑,GRE
purchase,'pɝtʃəs,,n.支点,GRE
dogmatist,'dɔːgmətɪst,,n.独断家， 独断论者,GRE
flaunt,flɔnt,,v.炫耀， 夸耀,GRE
neutralize,'nʊtrə'laɪz,,v.使无效； 中和， 使中性,GRE
gravity,ˈɡrævətɪ,,n.严肃， 庄重,GRE
marsupial,mɑr'supɪəl,,n&adj.有袋动物,GRE
funk,fʌŋk,,n.怯懦， 恐惧； 懦夫,GRE
incur,ɪn'kɝ,,v.招惹,GRE
plump,plʌmp,,a.丰满的 v.使丰满， 使变圆,GRE
tentatively,'tɛntətɪvli,,ad.试验性地,GRE
recoil,'rikɔɪl,,v.弹回， 反冲； 退却， 退缩,GRE
dilettante,",dɪlə'tænti",,n.一知半解者， 业余爱好者,GRE
pall,pɔl,,v.令人发腻， 失去吸引力,GRE
interactive,",ɪntɚ'æktɪv",,a.交互式的,GRE
rubbery,'rʌbəri,,a.橡胶似的， 有弹性的),GRE
ordeal,ɔr'dil,,n.严峻的考验,GRE
eaglet,'iːglət,,n.小鹰,GRE
complacent,kəm'plesnt,,a.自满的， 得意的,GRE
plumb,plʌm,,ad.精确地 a.垂直的 v.深入了解； 测量深度 n.测深锤，铅锤,GRE
wispy,'wɪspi,,a.纤细的； 脆弱的； 一缕缕的,GRE
truncate,trʌŋ'ket,,v.截短， 缩短,GRE
vilify,'vɪlɪfaɪ,,v.诽谤， 中伤,GRE
premise,ˈpremɪs,,n.前提,GRE
colonize,'kɑlənaɪz,,v.建立殖民地， 拓殖； 定居， 居于,GRE
virtuosity,",vɝtʃu'ɑsəti",,n.精湛技巧,GRE
mutable,'mjutəbl,,a.可变的； 易变的,GRE
controversial,",kɑntrə'vɝʃl",,a.引起或可能引起争论的,GRE
unbecoming,",ʌnbɪ'kʌmɪŋ",,a.不合身的； 不得体的,GRE
intransigent,ɪn'trænzədʒənt,,a.不妥协的,GRE
imbecile,'ɪmbɪsaɪl,,n.低能者， 弱智者， 极愚蠢的,GRE
reciprocation,rɪˌsɪprə'keɪʃn,,n.互换； 报答； 往复运动,GRE
deputy,'dɛpjuti,,n.代表； 副手,GRE
bide,baid,,v.等待， 逗留,GRE
whimper,'wɪmpɚ,,v.啜泣， 呜咽,GRE
judicial,dʒʊ'dɪʃəl,,a.法庭的， 法官的,GRE
symptomatic,'sɪmptə'mætɪk,,a.有症状的,GRE
shuttle,'ʃʌtl,,v.穿梭移动， 往返运送,GRE
allocate,'æləket,,v.配给， 分配,GRE
muffle,'mʌfl,,v.消音； 裹住,GRE
abjure,əb'dʒʊr,,v.发誓放弃,GRE
log,lɔɡ,,v.记录 n.日志，记录；一段木头,GRE
enterprise,'ɛntɚ'praɪz,,n.公司， 企业； 进取心,GRE
formation,fɔr'meʃən,,n.组成， 形成； 编队， 排列,GRE
accidental,",æksɪ'dɛntl",,a.偶然发生的,GRE
domineer,",dɔmi'niə",,v.压制,GRE
lot,lɑt,,v.抽签； 划分 n.签；命运,GRE
fuse,fjuz,,v.熔化； 融合,GRE
premium,'primɪəm,,n.保险费； 奖金,GRE
wholesale,'holsel,,a.批发的； 大规模的,GRE
prop,prɑp,,v.支持 n.支撑物，支柱,GRE
tumble,'tʌmbl,,v.突然跌倒， 突然下跌； 倒塌,GRE
pane,pen,,n.窗格玻璃,GRE
pang,pæŋ,,n.一阵剧痛,GRE
fuss,fʌs,,n.大惊小怪,GRE
depute,dɪ'pjut,,v.派…为代表或代理,GRE
sentinel,'sɛntɪnl,,n.哨兵， 岗哨,GRE
prod,prɑd,,v.戳， 刺； 刺激， 激励,GRE
initial,ɪ'nɪʃəl,,a.开始的，最初的 n.首字母,GRE
incisive,ɪn'saɪsɪv,,a.尖锐的， 深刻的,GRE
fury,'fjʊri,,n.狂怒， 狂暴； 激烈， 猛烈； 狂怒的人； 复仇女神,GRE
rudimentary,",rudɪ'mɛntri",,a.初步的； 未充分发展的,GRE
postulate,'pɑstʃəlet,,v.要求； 假定,GRE
contemplation,",kɑntəm'pleʃən",,n.注视； 凝视； 意图； 期望,GRE
overawe,",auvə'rɔ:",,v.威慑,GRE
miff,mif,,n.小争吵,GRE
infest,ɪn'fɛst,,v.大批出没于， 骚扰； 寄生于,GRE
eternal,ɪ'tɝnl,,a.永久的， 永恒的,GRE
redress,rɪ'drɛs,,n.矫正， 修正,GRE
habituate,həˈbɪtʃʊˌet,,v.使习惯于,GRE
mien,miːn,,n.风采， 态度,GRE
crumple,'krʌmpl,,v.把…弄皱； 起皱； 破裂,GRE
plebeian,plə'biən,,a.平民的； 平庸的， 粗俗的 n.平民,GRE
pleonastic,ˌpliːə'næstɪk,,a.冗言的,GRE
subtractive,səb'træktɪv,,a.减法的； 负的,GRE
overpower,'ovɚ'paʊɚ,,v.压倒,GRE
nutrient,'nutrɪənt,,n.营养品， 滋养物,GRE
recapitulate,'rikə'pɪtʃə'let,,v.扼要重述,GRE
unrepresentative,",ʌn,rɛprɪ'zɛntətɪv",,a.没有代表性的,GRE
omniscient,ɑm'nɪsɪənt,,a.无所不知的， 博识的,GRE
improper,ɪm'prɑpɚ,,a.不合适的， 不适当的,GRE
husband,'hʌzbənd,,v.节省， 节约,GRE
shrivel,'ʃrɪvl,,v.枯萎,GRE
cyclone,'saɪklon,,n.气旋， 飓风,GRE
upsurge,'ʌpsɝdʒ,,n.高涨， 高潮,GRE
denote,dɪ'not,,v.指示， 表示,GRE
zone,zon,,v.分成区 n.地区,GRE
renegade,'rɛnɪɡed,,n.叛教者， 叛徒,GRE
inappropriate,'ɪnə'proprɪət,,a.不恰当的， 不适宜的,GRE
propagate,'prɑpə'get,,v.繁殖； 传播,GRE
orthodox,'ɔrθədɑks,,a.正统的,GRE
unkempt,",ʌn'kɛmpt",,a.蓬乱的， 未梳理的； 不整洁的， 乱糟糟的,GRE
adept,ə'dɛpt,,a.熟练的， 擅长的,GRE
repute,rɪ'pjut,,v.认为，以为 n.名声， 名誉,GRE
minutes,'mɪnɪts,,n.会议记录,GRE
amiable,'emɪəbl,,a.和蔼的， 亲切的,GRE
particularize,pɚ'tɪkjələraɪz,,v.详述， 列举,GRE
particular,pɚ'tɪkjəlɚ,,n.细节， 详情,GRE
fumble,'fʌmbl,,v.摸索， 笨拙地搜寻； 弄乱， 搞糟,GRE
unseemly,ʌn'simli,,a.不适宜的， 不得体的,GRE
correlate,'kɔrəlet,,v.使相互关联； 使相互影响,GRE
overriding,",ovɚ'raɪdɪŋ",,a.最主要的， 优先的,GRE
ample,'æmpl,,a.富足的； 充足的,GRE
numinous,'nʊmɪnəs,,a.超自然的， 神的,GRE
cohesion,ko'hiʒən,,n.内聚力; 凝聚力,GRE
retrench,ri'trɛntʃ,,v.节省， 紧缩开支,GRE
unbidden,ʌn'bɪdn,,a.未经邀请的,GRE
certitude,'sə:titju:d,,n.确定无疑,GRE
jealousy,'dʒɛləsi,,n.嫉妒,GRE
radiant,'redɪənt,,a.发光的； 容光焕发的,GRE
vibrancy,'vaɪbrənsi,,n.生机勃勃， 活泼,GRE
reproof,rɪ'pruf,,n.责备， 斥责,GRE
penetrate,'pɛnətret,,v.刺穿； 渗入； 了解,GRE
expediency,ɪk'spidɪənsi,,n.方便； 权宜之计,GRE
pare,pɛr,,v.削； 修剪； 削减， 缩减,GRE
perpetrate,'pɝpətret,,v.犯罪； 负责,GRE
elegy,'ɛlədʒi,,n.哀歌， 挽歌,GRE
resound,rɪ'zaʊnd,,v.回响； 鸣响,GRE
photosensitive,",foto'sɛnsətɪv",,a.感光性的,GRE
preposterous,prɪ'pɑstərəs,,a.荒谬的,GRE
wigwag,"'wiɡ,wæɡ",,v.摇动， 摇摆， 摆动,GRE
besot,bɪ'sɑt,,v.使沉醉， 使糊涂,GRE
cumber,'kʌmbɚ,,v.拖累， 妨碍,GRE
zoom,zum,,v.急速上升， 猛增,GRE
invalidate,ɪn'vælɪdet,,v.使无效， 使作废,GRE
cardiologist,'kɑrdɪ'ɑlədʒɪst,,n.心脏病专家,GRE
commiserate,kə'mɪzəret,,v.同情， 怜悯,GRE
unadorned,'ʌnə'dɔ:nd,,a.未装饰的， 朴素的,GRE
maunder,'mɔːndər,,v.胡扯； 游荡,GRE
lithe,laið,,a.柔软的， 易弯曲的； 自然优雅的,GRE
iconographic,aiˌkɔnə'græfik,,a.肖像的， 肖像学的； 图解的,GRE
lug,lʌɡ,,v.拖，费力拉 n.拖， 拉,GRE
intangible,ɪn'tændʒəbl,,a.触摸不到的； 无形的,GRE
coherence,ko'hɪrəns,,n.条理性， 连贯性,GRE
muniments,'mjuːnɪmənts,,n.契据,GRE
uncharitable,",ʌn'tʃæritəbl",,a.无慈悲心的,GRE
misshapen,'mɪs'ʃepən,,a.畸形的， 奇形怪状的,GRE
compassion,kəm'pæʃən,,n.同情， 怜悯,GRE
ambiguous,æm'bɪɡjuəs,,a.含糊的,GRE
infernal,in'fə:nəl,,a.地狱的； 可恶的,GRE
allay,ə'le,,v.减轻， 缓和,GRE
crack,kræk,,v.裂开； 破解 n.爆裂声；裂缝,GRE
impulsive,ɪm'pʌlsɪv,,a.冲动的， 由冲动引起的； 易冲动的,GRE
dote,dot,,v.溺爱； 昏聩,GRE
palliate,'pælɪet,,v.减轻； 掩饰,GRE
soporific,",sɑpə'rɪfɪk",,a.催眠的 n.安眠药,GRE
grotesque,gro'tɛsk,,a.怪诞的， 古怪的； 风格怪异的,GRE
adulterate,ə'dʌltəret,,v.掺杂，掺假 a.掺杂的， 掺假的,GRE
clot,klɑt,,v.使凝结成块 n.凝块,GRE
profile,'profaɪl,,n.轮廓， 外形； 侧面,GRE
milk,mɪlk,,v.榨取,GRE
bilk,bilk,,v.躲债； 骗取,GRE
tributary,'trɪbjə'tɛri,,a.支流的； 辅助的； 进贡的 n.支流；进贡国,GRE
acrid,'ækrɪd,,a.辛辣的， 刻薄的,GRE
bile,baɪl,,n.胆汁； 愤怒,GRE
clog,klɑg,,v.阻塞 n.障碍,GRE
dose,dos,,n.剂量， 剂,GRE
convivial,kən'vɪvɪəl,,a.欢乐的， 快乐的,GRE
dilate,daɪˈlet,,v.使膨胀， 使扩大,GRE
slavish,'slevɪʃ,,a.卑屈的； 效仿的， 无创造性的,GRE
domain,do'men,,n.领土； 领域,GRE
smear,smɪr,,v.弄脏，玷污 n.污迹， 污点,GRE
willful,'wɪlfəl,,a.任性的； 故意的,GRE
cloy,klɔi,,v.生腻， 吃腻,GRE
touched,tʌtʃt,,a.被感动的,GRE
dour,'daʊr,,a.严厉的， 阴郁的， 倔强的,GRE
bloated,'blotɪd,,a.肿胀的； 傲慢的,GRE
mint,mɪnt,,n.大量； 造币厂,GRE
adaptive,ə'dæptɪv,,a.适应的,GRE
chaotic,ke'ɑtɪk,,a.混乱的,GRE
protozoan,",protə'zoən",,n.原生动物,GRE
factorable,'fæktərəbl,,a.能分解成因子的,GRE
addle,'ædl,,v.使腐坏； 使昏乱,GRE
grateful,'ɡretfl,,a.感激的， 感谢的,GRE
medieval,",midɪ'ivəl",,a.中世纪的， 中古的,GRE
involve,ɪn'vɑlv,,v.包含， 含有； 参与； 牵涉， 牵连,GRE
requisite,'rɛkwəzɪt,,a.必要的， 必不可少的 n.必需物,GRE
elude,ɪ'lud,,v.逃避； 搞不清， 理解不了,GRE
obsequious,əb'sikwɪəs,,a.逢迎的， 谄媚的,GRE
amnesia,æm'niʒə,,n.健忘症,GRE
superannuate,",sju:pər'ænjueit",,v.使退休领养老金,GRE
inflexible,ɪn'flɛksəbl,,a.坚定的， 不屈不挠的,GRE
supersede,",supɚ'sid",,v.淘汰； 取代,GRE
inch,ɪntʃ,,v.慢慢前进， 慢慢移动,GRE
teetotal,ti:təutəl,,a.滴酒不沾的； 完全的， 全部的,GRE
dialect,'daɪə'lɛkt,,n.方言,GRE
pulverize,'pʌlvə'raɪz,,v.使成粉末， 粉碎； 彻底击败,GRE
emergency,ɪ'mɝdʒənsi,,n.紧急情况， 不测事件， 非常时刻,GRE
impel,ɪm'pɛl,,v.推进； 驱使,GRE
paralyze,"'pærə,laɪz",,v.使瘫痪； 使无效,GRE
down,daʊn,,n.绒毛； 软毛,GRE
faculty,'fæklti,,n.全体教员； 能力， 技能,GRE
shifting,ʃɪftɪŋ,,a.变动的； 运动的,GRE
incumbent,ɪn'kʌmbənt,,a.义不容辞的 n.在职者，现任者,GRE
wretched,'rɛtʃɪd,,a.可怜的， 不幸的， 悲惨的 in a very unhappy or unfortunate state),GRE
glamor,'glæmɚ,,v.迷惑 n.魔法， 魔力； 迷人的美， 魅力,GRE
phlegmatic,flɛɡ'mætɪk,,a.冷淡的， 不动感情的,GRE
fortitude,'fɔ:titju:d,,n.坚毅， 坚忍不拔,GRE
scruffy,'skrʌfi,,a.肮脏的， 不洁的,GRE
whoop,wup,,n.高喊， 欢呼,GRE
espionage,'ɛspɪənɑʒ,,n.间谍活动,GRE
cajole,kə'dʒol,,v.哄骗,GRE
impiety,ɪm'paɪəti,,n.不虔诚， 无信仰,GRE
exhaust,ɪɡ'zɔst,,v.耗尽；使筋疲力尽 n.废气,GRE
ostentatious,",ɑstɛn'teʃəs",,a.华美的； 炫耀的,GRE
comely,'kʌmli,,a.动人的， 美丽的,GRE
pretentious,prɪ'tɛnʃəs,,a.夸耀的， 炫耀的； 自命不凡的， 狂妄的,GRE
tackle,'tækl,,v.处理 n.滑车,GRE
solvent,'sɑlvənt,,a.有偿债能力的 n.溶剂,GRE
pawn,pɔn,,v.典当，抵押 n.典当， 抵押； 被利用的小人物,GRE
chuck,tʃʌk,,v.丢弃， 抛弃， 解雇； 辞职,GRE
divisive,di'vaisiv,,a.引起分歧的， 导致分裂的,GRE
squeeze,skwiz,,v.压，挤 n.压榨， 紧握,GRE
winkle,'wɪŋkl,,v.挑出， 剔出， 取出,GRE
individualism,",ɪndɪ'vɪdʒuəlɪzəm",,n.个人主义,GRE
premeditate,pri'mɛdɪtet,,v.预谋， 预先考虑或安排,GRE
worthy,wɜði,,a.值得的；有价值的 n.知名人士,GRE
awry,ə'raɪ,,a.扭曲的， 走样的,GRE
preen,prin,,v.整理羽毛 to clean or smooth its feathers )； (人)打扮修饰(to dress up； primp),GRE
egoistic,ˌegou'ɪstɪk(l),,a.自我中心的， 自私自利的,GRE
rudder,'rʌdɚ,,n.船舵； 领导者,GRE
continuation,kən'tɪnjʊ'eʃən,,n.继续， 延续,GRE
arrogant,'ærəɡənt,,a.傲慢的， 自大的,GRE
ecstasy,'ɛkstəsi,,n.狂喜； 出神， 入迷,GRE
arduous,'ɑrdʒuəs,,a.费力的， 艰难的,GRE
interpret,ɪn'tɝprɪt,,v.解释， 说明； 演绎,GRE
inherit,ɪn'hɛrɪt,,v.继承,GRE
rescission,rɪ'sɪʒn,,n.撤销， 废除,GRE
atrocious,ə'troʃəs,,a.残忍的， 凶恶的,GRE
behoove,bi'hu:v,,v.理应， 有必要,GRE
frigid,'frɪdʒɪd,,a.寒冷的； 冷漠的， 冷淡的,GRE
hermetic,hɝ'mɛtɪk,,a.密封的； 神秘的， 深奥的,GRE
tantamount,'tæntə'maʊnt,,a.同等的， 相当于,GRE
misgiving,",mis'ɡiviŋ",,n.疑虑,GRE
discount,dɪs'kaʊnt,,n.折扣,GRE
charisma,kə'rɪzmə,,n.领袖气质； 魅力,GRE
fluorescent,",flɔ'rɛsnt",,a.荧光的， 发亮的,GRE
relish,'rɛlɪʃ,,v.喜好， 享受 n.美味，风味；喜好，兴趣,GRE
exasperate,ɪɡ'zæspəret,,v.激怒， 使恼怒,GRE
pancreas,'pæŋkrɪəs,,n.胰腺,GRE
feat,fit,,n.功绩， 壮举,GRE
incessant,ɪn'sɛsnt,,a.不停的， 不断的,GRE
adversity,əd'vɝsəti,,n.逆境， 不幸,GRE
inadvertent,ɪnəd'vɝtənt,,a.疏忽的； 不经意的， 无心的,GRE
torrent,'tɔrənt,,n.洪流， 急流,GRE
pretension,prɪ'tɛnʃən,,n.自负， 骄傲； 要求， 主张,GRE
inexpiable,ɪn'ɛkspɪəbl,,a.不能补偿的,GRE
virtuous,'vɝtʃuəs,,a.有美德的,GRE
cosmopolitan,'kɑzmə'pɑlətn,,a.世界性的，全球的 n.世界主义者， 四海为家的人,GRE
mite,maɪt,,n.极小量； 小虫,GRE
skew,skju,,a.不直的， 歪斜的,GRE
ooze,uz,,v.慢慢地流， 渗出； 逐渐消失,GRE
renown,rɪ'naʊn,,n.名望， 声誉,GRE
amalgamate,ə'mælɡəmet,,v.合并； 混合,GRE
petrify,'pɛtrɪfaɪ,,v.石化； 吓呆,GRE
tussle,'tʌsl,,v.扭打， 争斗 n.扭打，争斗；争辩,GRE
centrifugal,sɛn'trɪfjəgl,,a.离心的,GRE
skim,skɪm,,v.从液体表面撇去； 浏览， 略读,GRE
liquefy,'lɪkwɪfaɪ,,v.液化， 溶解,GRE
emolument,ɪ'mɑːljumənt,,n.报酬， 薪水,GRE
herald,'hɛrəld,,v.宣布…的消息；预示…的来临 n.传令官； 信使； 先驱,GRE
recur,rɪ'kɝ,,v.重现， 再发生； 复发,GRE
grudge,ɡrʌdʒ,,v.吝惜， 勉强给或承认； 不满， 怨恨,GRE
recombine,ˌriːkəm'baɪn,,v.重组， 再结合,GRE
mar,mɑr,,v.损坏， 毁坏； 损害…的健全,GRE
juncture,'dʒʌŋktʃɚ,,n.关键时刻， 危急关头； 结合处， 接合点,GRE
mat,mæt,,v.缠结； 铺席于…上 n.垫子，席子,GRE
assimilate,ə'sɪməlet,,v.同化； 吸收,GRE
pilgrim,'pɪlɡrɪm,,n.朝圣者； 旅行者,GRE
addict,'ædɪkt (for n.); əˈdɪkt (for v.),,v.沉溺； 上瘾,GRE
prostrate,'prɑstret,,a.俯卧的；沮丧的 v.使下跪鞠躬， 使拜服,GRE
virtuoso,",vɝtʃu'oso",,n.艺术大师,GRE
parley,'pɑrli,,v.和谈， 会谈 n.和谈；会谈,GRE
trustworthy,'trʌstwɝði,,a.值得信赖的， 可靠的,GRE
palliative,'pælɪ'etɪv,,a.减轻的， 缓和的 n.缓释剂,GRE
disinterest,dɪs'ɪntrəst,,v.使失去兴趣 n.无兴趣,GRE
convene,kən'vin,,v.集合； 召集,GRE
anaerobic,",ænɛ'robɪk",,a.厌氧的 n.厌氧微生物,GRE
insinuate,ɪn'sɪnjuet,,v.暗指， 暗示,GRE
fluvial,'flʊvɪəl,,a.河流的， 生长在河中的,GRE
syllable,'sɪləbl,,n.音节,GRE
felicitous,fə'lɪsɪtəs,,a.适当的， 得体的,GRE
masticate,'mæstikeit,,v.咀嚼； 把…磨成浆,GRE
unavoidable,",ʌnə'vɔɪdəbl",,a.不可避免的,GRE
hunker,'hʌŋkɚ,,v.蹲下； 顽固地坚持,GRE
chuckle,'tʃʌkl,,v.轻声地笑， 咯咯地笑,GRE
martial,'mɑrʃəl,,a.战争的， 军事的,GRE
skit,skɪt,,n.幽默讽刺短剧； 讽刺文章,GRE
hardihood,"'hɑrdɪ,hʊd",,n.大胆， 刚毅； 厚颜,GRE
stodgy,'stɑdʒi,,a.枯燥无味的,GRE
colorful,'kʌlɚfəl,,a.富有色彩的； 有趣的,GRE
stupefy,'stupɪfaɪ,,v.使茫然， 使惊讶,GRE
traipse,treps,,v.漫步， 闲荡,GRE
ubiquitous,ju'bɪkwɪtəs,,a.无处不在的,GRE
constitution,'kɑnstə'tʊʃən,,n.宪法； 体质,GRE
whittle,'wɪtl,,v.削； 削减,GRE
conceive,kən'siv,,v.想象， 构想； 怀孕,GRE
incandescent,'ɪnkən'dɛsnt,,a.遇热发光的， 发白热光的,GRE
adulation,",ædʒə'leʃən",,n.奉承， 谄媚,GRE
nonviable,nɑn'vaɪəbl,,a.无法生存的， 不能成活的,GRE
airborne,'ɛr'bɔrn,,"a.空运地, 空降的； 空气传播的",GRE
justification,",dʒʌstɪfɪ'keʃən",,n.正当的理由； 辩护,GRE
implode,ɪm'plod,,v.内爆； 剧减,GRE
physical,'fɪzɪkl,,a.实质的， 有形的； 身体的， 肉体的,GRE
collude,kə'lʊd,,v.串通， 共谋,GRE
garbled,'ɡɑrbld,,a.引起误解的； 窜改的,GRE
repeal,rɪ'pil,,v.废除,GRE
wicked,'wɪkɪd,,a.邪恶的； 讨厌的； 有害的； 淘气的,GRE
submerged,səb'mɝdʒd,,a.在水中的， 淹没的,GRE
dismember,dɪs'mɛmbɚ,,v.肢解； 分割,GRE
structure,'strʌktʃɚ,,v.建造 n.结构,GRE
bellicose,'belikəus,,a.好战的， 好斗的,GRE
ripen,'raɪpən,,v.使成熟,GRE
circulation,",sɝkjə'leʃən",,n.循环， 流通； 发行量,GRE
authentic,ɔ'θɛntɪk,,a.真正的， 真实的； 可信的,GRE
consonance,'kɑnsənəns,,n.一致， 调和； 和音,GRE
magniloquent,mæg'nɪləkwənt,,a.夸张的,GRE
slake,slek,,v.满足； 平息,GRE
excursive,ɪks'kɜːrsɪv,,a.离题的,GRE
crash,kræʃ,,v.猛撞； 猛冲直闯； 撞碎,GRE
patch,pætʃ,,n.补丁； 一小片,GRE
consummate,'kɑnsəmət,,a.完全的，完善的 v.完成,GRE
blissful,'blɪsfl,,a.极幸福的,GRE
crass,kræs,,a.愚钝的； 粗糙的,GRE
respiratory,rɪ'spaɪərətɔːrɪ; rɪ'spaɪrəˌtɔrɪ,,a.呼吸的,GRE
resident,'rɛzɪdənt,,a.定居的， 常驻的 n.居民,GRE
expurgate,'ɛkspɚɡet,,v.删除， 删节,GRE
artless,'ɑrtləs,,a.朴实的， 自然的； 粗俗的,GRE
aseptic,",e'sɛptɪk",,a.净化的； 无菌的,GRE
substantial,səbˈstænʃəl,,a.坚固的， 结实的； 实质的,GRE
illicit,ɪ'lɪsɪt,,a.违法的,GRE
inspissate,ɪn'spɪsɪt,,v.浓缩,GRE
boost,bʊst,,v.增加， 提高； 促进； 往上推,GRE
sincere,sɪn'sɪr,,a.诚实的， 坦率的； 诚挚的,GRE
prolific,prə'lɪfɪk,,a.多产的， 多果实的,GRE
tawdry,'tɔdri,,a.华而不实的， 俗丽的,GRE
wanderlust,'wɑndɚlʌst,,n.漫游癖， 旅游癖,GRE
outset,'aʊtsɛt,,n.开始， 开头,GRE
eliminate,ɪ'lɪmɪnet,,v.除去， 淘汰,GRE
parasitic,",pærə'sɪtɪk",,a.寄生的,GRE
tractability,ˌtræktə'bɪləti,,n.温顺,GRE
augment,ɔɡ'mɛnt,,v.提高， 增加,GRE
glance,ɡlæns,,v.瞥见 n.一瞥,GRE
benign,bɪ'naɪn,,a.良性的； 亲切和蔼的； 慈祥的,GRE
acquit,ə'kwɪt,,v.宣告无罪； 脱卸义务和责任； 还清,GRE
redirect,"[ˌridɪˈrɛkt,-daɪ-]",,v.改寄； 改变方向,GRE
stiff,stɪf,,a.僵硬的， 呆板的， 严厉的,GRE
undifferentiated,'ʌndɪfə'rɛnʃɪ'etɪd,,a.无差别的， 一致的,GRE
renewal,rɪ'nuəl,,n.更新； 复兴， 振兴,GRE
piddle,'pɪdl,,v.鬼混， 浪费,GRE
slant,slænt,,v.倾斜 n.斜面； 观点,GRE
appeal,ə'pil,,v.恳求； 有吸引力； 上诉,GRE
swamp,swɑmp,,v.使陷入困境； 淹没 n.沼泽,GRE
heavenly,'hɛvnli,,a.天空的， 天上的,GRE
abscond,əb'skɑnd,,v.潜逃， 逃亡,GRE
gyrate,'dʒaɪret,,a.旋转的 v.旋转， 回旋,GRE
negate,nɪˈɡet,,v.取消； 否认,GRE
swank,swæŋk,,v.夸耀， 炫耀,GRE
hidebound,'haidbaund,,a.思想偏狭且顽固的,GRE
glide,ɡlaɪd,,v.滑行， 滑动； 消消地溜走； 渐变,GRE
obliqueness,ə'bliːknəs,,n.斜度； 倾斜,GRE
salvation,sæl'veʃən,,n.拯救； 救助,GRE
trepidation,ˌtrɛpəˈdeʃən,,n.恐惧， 惶恐,GRE
exclamation,ˌɛkskləˈmeʃən,,n.惊叹词； 惊呼,GRE
aberrant,æ'bɛrənt,,a.越轨的； 异常的,GRE
eclectic,ɪ'klɛktɪk,,a.折衷的； 兼容并蓄的,GRE
lateral,'lætərəl,,a.侧面的,GRE
geomagnetic,",dʒiomæg'nɛtɪk",,a.地磁的,GRE
formidable,'fɔrmɪdəbl,,a.令人畏惧的， 可怕的； 难以克服的,GRE
abound,ə'baʊnd,,v.大量存在； 充满， 富于,GRE
coincidental,"ko,ɪnsɪ'dɛntl",,a.巧合的； 同时发生的,GRE
nausea,'nɔzɪə,,n.作呕， 恶心,GRE
retch,ritʃ,,v.作呕， 恶心,GRE
temperate,'tɛmpərət,,a.温和的； 适度的， 有节制的,GRE
pestilent,'pestilənt,,a.致命的； 有害的,GRE
hypothetical,",haɪpə'θɛtɪkl",,a.假设的,GRE
gospel,'ɡɑspl,,n.教义， 信条,GRE
culinary,'kʌlɪnɛri,,a.厨房的； 烹调的,GRE
dangle,'dæŋɡl,,v.悬荡， 悬摆 ； 吊胃口,GRE
defer,dɪ'fɝ,,v.遵从， 听从； 延期,GRE
alloy,'ælɔɪ,,n.合金,GRE
drowsy,'draʊzi,,a.昏昏欲睡的,GRE
jaundiced,'dʒɔndɪst,,a.有偏见的,GRE
castigate,'kæstiɡeit,,v.惩治， 严责,GRE
poisonous,'pɔɪzənəs,,a.有毒的； 有害的,GRE
despicable,dɪ'spɪkəbl,,a.可鄙的， 卑劣的,GRE
allot,ə'lɑt,,v.分配； 拨出,GRE
gesture,'dʒɛstʃɚ,,n.姿势， 手势； 姿态， 表示,GRE
propel,prə'pɛl,,v.推进， 促进,GRE
formidably,'fɔːrmɪdəbli,,ad.可怕地， 难对付地， 强大地,GRE
urgency,'ɝdʒənsi,,n.紧急,GRE
philately,fɪ'lætəli,,n.集邮,GRE
rampant,'ræmpənt,,a.猖獗的， 蔓生的,GRE
immature,",ɪmə'tʃʊr",,a.未充分成长的， 未完全发展的； 不成熟的,GRE
prologue,'prolɔɡ,,n.开场白； 序言； 序幕,GRE
unaffected,",ʌnə'fɛktɪd",,a.自然的， 不矫揉造作的,GRE
ungrateful,ʌn'ɡretfl,,a.不感激的， 不领情的,GRE
unctuous,'ʌŋktʃuəs,,a.油质的； 油腔滑调的,GRE
mythic,'miθik,,a.神话的； 虚构的,GRE
overlook,",ovɚ'lʊk",,v.俯视； 忽视,GRE
externalize,ik'stə:nəlaiz,,v.使…表面化,GRE
cello,'tʃɛlo,,n.大提琴,GRE
stocky,'stɑki,,a.矮而结实的， 粗壮的,GRE
urbanize,'ə:bənaiz,,v.使都市化， 使文雅,GRE
ponderable,'pɑndərəbl,,a.可估量的,GRE
defrost,",di'frɔst",,v.解冻； 将…除霜,GRE
euphoric,jʊ'fɔrɪk,,a.欢欣的,GRE
euphoria,jʊ'fɔrɪə,,n.愉快的心情,GRE
oblique,ə'blik,,a.不直接的， 不坦率的； 斜的,GRE
bounteous,'baʊntɪəs,,a.慷慨的； 丰富的,GRE
cozen,'kʌzən,,"v.欺骗, 哄骗",GRE
reliable,rɪ'laɪəbl,,a.可信赖的 n.可信赖的人,GRE
glower,'ɡlaʊɚ,,v.怒目而视,GRE
humor,'hjʊmɚ,,v.纵容， 迁就,GRE
espy,i'spai,,v.突然看到； 望见,GRE
bombast,'bɑmbæst,,n.高调， 夸大之辞,GRE
punctilious,pʌŋk'tɪlɪəs,,a.一丝不苟的,GRE
obstacle,'ɑbstəkl,,n.障碍， 妨碍物,GRE
azure,'æʒɚ,,a.蔚蓝的 n.天蓝色,GRE
fickle,'fɪkl,,a.易变的， 变化无常的， 不坚定的,GRE
sectarianism,sɛk'tɛrɪənɪzəm,,n.宗派主义； 教派意识,GRE
collaborative,kə'læbəretɪv,,a.协作的,GRE
deracinate,",di'ræsɪnet",,v.根除， 灭绝,GRE
constitute,'kɑnstətut,,v.组成， 构成； 建立,GRE
gorge,ɡɔrdʒ,,n.峡谷,GRE
fertilize,'fɝtəlaɪz,,v.使受精； 使肥沃,GRE
inelasticity,ˌɪnɪlæ'stɪsəti,,n.无弹性， 无伸缩性,GRE
confederacy,kən'fɛdərəsi,,n.联盟， 同盟,GRE
alluring,'ə'ljuəriŋ,,a.吸引人的， 迷人的,GRE
continental,",kɑntɪ'nɛntl",,a.大陆的， 大陆性的,GRE
flock,flɑk,,n.羊群； 鸟群,GRE
galvanize,'ɡælvənaɪz,,v.刺激， 激起； 电镀； 通电,GRE
deprecate,'dɛprəket,,v.反对； 轻视,GRE
signature,'sɪgnətʃɚ,,n.签名， 署名,GRE
excise,ɛk'saɪz,,v.切除， 删去,GRE
astrology,ə'strɑlədʒi,,n.占星术； 占星学,GRE
caress,kə'rɛs,,v.爱抚或抚摸 n.爱抚，抚摸,GRE
specified,spɛsəˌfaɪd,,a.特定的,GRE
churl,tʃɝl,,n.粗鄙之人,GRE
punch,pʌntʃ,,v.以拳猛击； 打孔,GRE
estimable,'ɛstɪməbl,,a.值得尊敬的； 可估计的,GRE
refulgent,rɪ'fʌldʒənt,,a.辉煌的， 灿烂的,GRE
cramp,kræmp,,v.把…箍紧 n.铁箍，夹子,GRE
spruce,sprʊs,,a.整洁的 n.云杉,GRE
bygone,'baɪɡɔn,,a.过去的,GRE
repent,rɪ'pɛnt,,v.懊悔， 后悔,GRE
swallow,'swɑlo,,v.吞下， 咽下； 忍受,GRE
perquisite,'pɝkwəzɪt,,n.额外收入， 津贴； 小费,GRE
stint,stɪnt,,v.节制， 限量， 节省,GRE
sting,stɪŋ,,v.刺痛；叮螫 n.螫刺,GRE
buckle,'bʌkl,,v.〔因高温或压力〕（使）弯曲；扭曲；（使）变形 n.〔皮带等的〕金属扣环，扣子；带扣,GRE
nurture,'nɝtʃɚ,,v.养育，教养 n.养育； 营养物,GRE
hasty,'hesti,,a.急急忙忙的,GRE
perambulate,pə'ræmbjuleit,,v.巡视； 漫步,GRE
provident,'prɑvɪdənt,,a.深谋远虑的； 节俭的,GRE
infrequently,ɪn'friːkwəntli,,ad.稀少地， 罕见地,GRE
specifics,spə'sɪfɪks,,n.细小问题， 细节,GRE
craft,kræft,,n.行业； 手艺,GRE
compunction,kəm'pʌŋkʃən,,n.懊悔； 良心不安,GRE
informality,ɪnfɔr'mæləti,,n.非正式， 不拘礼节,GRE
beleaguer,bi'li:ɡə,,v.围攻； 骚扰,GRE
gaseous,'ɡæsɪəs,,a.气体的， 气态的,GRE
negligent,'nɛɡlɪdʒənt,,a.疏忽的， 粗心大意的,GRE
coarse,kɔrs,,a.粗糙的； 低劣的； 粗俗的,GRE
evade,ɪ'ved,,v.躲避， 逃避； 规避,GRE
exiguous,ɛɡ'zɪɡjuəs,,a.太少的， 不足的,GRE
suckle,'sʌkl,,v.给…哺乳； 吮吸,GRE
imply,ɪm'plai,,v.暗示， 暗指,GRE
offset,",ɔf'sɛt",,v.补偿， 抵消,GRE
orchestrate,'ɔrkɪstret,,v.给…配管弦乐； 精心安排， 组织,GRE
capture,'kæptʃɚ,,v.俘获；夺取或赢得 n.战利品,GRE
excite,ɪk'saɪt,,v.激发； 使动感情， 使激动 ； 使增加能量,GRE
peruse,pə'ruz,,v.细读， 精读,GRE
coward,'kaʊɚd,,n.胆小鬼,GRE
sulky,'sʌlki,,a.生气的,GRE
unreliable,",ʌnrɪ'laɪəbl",,a.不可靠的,GRE
diehard,'daɪhɑrd,,n.顽固分子,GRE
permissive,pɚ'mɪsɪv,,a.许可的， 容许的； 过分纵容的,GRE
abolition,",æbə'lɪʃən",,n.废除， 废止,GRE
senile,'sinaɪl,,a.衰老的,GRE
opprobrious,ə'prəubriəs,,a.辱骂的， 侮辱的,GRE
protract,pro'trækt,,v.延长， 拖长,GRE
commonplace,'kɑmən'ples,,a.普通的， 平庸的,GRE
asteroid,'æstərɔɪd,,n.小行星,GRE
libel,'laɪbl,,v.诽谤， 中伤 n.诽谤，中伤,GRE
captivate,'kæptɪvet,,v.迷惑， 迷住,GRE
knotty,'nɑti,,a.多节的， 多瘤的； 困难的， 棘手的,GRE
derogate,'dɛrəɡet,,v.贬低， 诽谤,GRE
jovial,'dʒovɪəl,,a.愉快的,GRE
sully,'sʌli,,v.玷污， 污染,GRE
petulant,'pɛtʃələnt,,a.暴躁的， 易怒的,GRE
stentorian,stɛn'tɔrɪən,,a.声音洪亮的,GRE
percolate,'pɝkəlet,,v.过滤出； 渗透,GRE
overestimate,",ovər'ɛstɪmət",,v.评价过高,GRE
humid,'hjumɪd,,a.湿润的,GRE
chisel,'tʃɪzl,,v.凿 n.凿子,GRE
controversy,ˈkɑntrəvɝ​sɪ,,"n.公开辩论, 论战",GRE
ultimately,'ʌltəmɪtlɪ,,ad.最后， 终于,GRE
nifty,'nɪfti,,a.极好的， 极妙的,GRE
grimace,ɡrɪ'mes,,v.扮鬼脸 n.鬼脸，面部扭曲,GRE
compulsory,kəmˈpʌlsərɪ,,a.强制性的， 必须做的,GRE
discomfited,dɪs'kʌmfɪt,,a.困惑的， 尴尬的,GRE
detach,dɪ'tætʃ,,v.使分离， 使分开， 拆卸,GRE
slash,slæʃ,,v.大量削减,GRE
locus,'lokəs,,n.地点， 所在地,GRE
tally,'tæli,,v.一致， 符合,GRE
reversion,rɪ'vɝʒən,,n.恢复， 复原； 逆转,GRE
annotate,'ænə'tet,,v.注解,GRE
politically,pə'lɪtɪkli,,ad.政治上,GRE
unjustifiable,ʌn'dʒʌstifaiəbl,,a.不合道理的,GRE
torrid,'tɔrɪd,,a.酷热的,GRE
famine,'fæmɪn,,n.饥荒,GRE
inept,i'nept,,a.无能的； 不适当的,GRE
straggle,'stræɡl,,v.迷路； 落伍； 蔓延,GRE
agreeable,ə'ɡriəbl,,a.令人愉快的； 欣然同意的,GRE
oscillate,'ɑsɪlet,,v.摆动； 犹豫,GRE
coalesce,",koə'lɛs",,v.联合， 合并,GRE
progenitor,pro'dʒɛnɪtɚ,,n.祖先,GRE
mushy,'mʌʃi,,a.糊状的； 感伤的， 多情的,GRE
perforate,'pɝfə'ret,,v.打洞,GRE
rancid,'rænsɪd,,a.不新鲜的， 变味的,GRE
impetuous,ɪm'pɛtʃʊəs,,a.冲动的， 鲁莽的,GRE
overload,",ovɚ'lod",,v.使超载,GRE
charismatic,",kærɪz'mætɪk",,a.有魅力的,GRE
derelict,'dɛrəlɪkt,,a.荒废的；玩忽职守的；疏忽的 n.被遗弃的人,GRE
contravene,",kɑntrə'vin",,v.违背,GRE
bemuse,bɪ'mjuz,,v.使昏头昏脑， 使迷惑,GRE
connotation,",kɑnə'teʃən",,n.言外之意， 内涵,GRE
brusque,brʌsk,,a.唐突的， 鲁莽的,GRE
utility,ju'tɪləti,,n.实用； 有用,GRE
eloquent,'ɛləkwənt,,a.雄辩的， 流利的,GRE
optimistic,",ɑptɪ'mɪstɪk",,a.乐观的,GRE
agog,ə'ɡɔɡ,,a.兴奋的， 有强烈兴趣的,GRE
crumb,krʌm,,n.糕饼屑， 面包屑； 少许， 点滴,GRE
empiricism,ɛm'pɪrə'sɪzəm,,n.经验主义,GRE
antipathy,æn'tɪpəθi,,n.反感， 厌恶,GRE
enthralling,ɪn'θrɔːlɪŋ,,a.迷人的， 吸引人的,GRE
sweep,swip,,v.席卷， 扫过,GRE
descend,dɪ'sɛnd,,v.下降； 降格， 屈尊,GRE
flimsy,'flɪmzi,,a.轻而薄的； 易损坏的,GRE
slay,sle,,v.杀戮， 杀死,GRE
superlative,suːˈpəːlətɪv,,a.最好的,GRE
onset,'ɑnsɛt,,n.开始， 发作； 攻击， 袭击,GRE
toed,tod,,a.有趾的,GRE
weird,wɪrd,,a.古怪的， 怪诞的， 离奇的,GRE
assiduous,ə'sidjuəs,,a.勤勉的； 专心的,GRE
farce,fɑrs,,n.闹剧， 滑稽剧； 可笑的行为， 荒唐的事情,GRE
refute,ri'fjʊt,,v.反驳， 驳斥,GRE
exemplify,ɪɡ'zɛmplɪfaɪ,,v.是…的典型， 作为…例子,GRE
virile,'vɪrəl,,a.有男子气的； 刚健的,GRE
ancillary,'ænsəlɛri,,a.辅助的 n.助手,GRE
niggling,'nɪɡlɪŋ,,a.琐碎的,GRE
gratuitous,ɡrə'tuɪtəs,,a.无缘无故的； 免费的,GRE
voucher,'vaʊtʃɚ,,n.证件； 收据；  凭证；  代金券,GRE
vying,'vaɪɪŋ,,a.竞争的,GRE
repetition,'rɛpə'tɪʃən,,n.重复； 背诵,GRE
outmoded,",aʊt'modɪd",,a.过时的,GRE
gibe,dʒaɪb,,v.嘲弄，讥笑 n.嘲笑， 讥笑,GRE
smarmy,'smɑrmi,,a.虚情假意的,GRE
lavender,'lævəndɚ,,a.淡紫色的 n.薰衣草,GRE
surrender,sə'rɛndɚ,,v.投降； 放弃； 归还,GRE
antithetical,",æntɪ'θɛtɪkl",,a.相反的； 对立的,GRE
hypnotic,hɪp'nɑtɪk,,a.催眠的 n.催眠药,GRE
obligatory,ə'blɪɡətɔri,,a.强制性的， 义不容辞的,GRE
caste,kæst,,n.社会等级， 等级,GRE
forbidding,fɚ'bɪdɪŋ,,a.令人生畏的； 险恶的； 令人反感的， 讨厌的,GRE
exquisite,ɪk'skwɪzɪt,,a.精致的； 近乎完美的,GRE
wroth,"rəuθ, rɔθ, rɔ:θ",,a.暴怒的， 非常愤怒的,GRE
cardinal,'kɑrdɪnl,,a.首要的，主要的 n.红衣主教,GRE
evergreen,'ɛvɚɡrin,,a.常绿的,GRE
beneficiary,",bɛnɪ'fɪʃɪɛri",,n.受益人,GRE
skyrocket,'skaɪ'rɑkɪt,,v.突升， 猛涨,GRE
gluttonous,'glʌtnəs,,a.贪吃的， 暴食的,GRE
perverse,pɚ'vɝs,,a.刚愎自用的， 固执的,GRE
preeminent,pri'ɛmɪnənt,,a.出类拔萃的， 杰出的,GRE
indignant,ɪn'dɪɡnənt,,a.愤慨的， 愤愤不平的,GRE
thorny,'θɔrni,,a.有刺的； 多刺的； 多障碍的， 引起争议的,GRE
statuary,'stætʃuɛri,,n.雕像； 雕塑艺术,GRE
sybaritic,",sɪbə'rɪtɪk",,a.骄奢淫逸的， 贪图享乐的,GRE
cynical,'sɪnɪkl,,a.愤世嫉俗的,GRE
ventilate,'vɛntɪlet,,v.使通风,GRE
illuminati,"ɪ,lʊmə'netai",,n.先觉者， 先知,GRE
culminate,'kʌlmɪnet,,v.达到顶点； 使达到最高点,GRE
ribald,'rɪbld,,a.下流的， 粗俗的,GRE
stretch,strɛtʃ,,v.延伸； 伸展,GRE
irritate,'ɪrɪtet,,v.激怒； 刺激,GRE
havoc,'hævək,,n.大破坏， 混乱,GRE
vagrant,'veɡrənt,,a.流浪的，漂泊的； n.流浪者， 漂泊者,GRE
medal,'mɛdl,,n.奖牌， 勋章,GRE
illuminate,ɪ'lumɪnet,,v.阐明， 解释； 照亮,GRE
delirium,dɪ'lɪrɪəm,,n.精神错乱,GRE
nonradioactive,ˌnɑːn'reɪdiou'æktɪv,,a.非放射性的,GRE
protrude,pro'trud,,v.突出， 伸出,GRE
flounder,'flaʊndɚ,,v.挣扎；艰苦地移动 n.比目鱼,GRE
toil,tɔɪl,,v.苦干，辛苦劳作 n.辛苦， 辛劳,GRE
enthrall,in'θrɔ:l,,v.迷惑， 迷住,GRE
loutish,'lautiʃ,,a.粗鲁的,GRE
residue,'rɛzɪdu,,n.剩余,GRE
frenzy,'frɛnzi,,n.狂乱， 狂暴； 暂时性疯狂,GRE
vaporous,'vepərəs,,a.空想的； 多蒸汽的,GRE
dissociation,"dɪ,sosɪ'eʃən",,n.分离， 脱离关系,GRE
stinginess,'stɪndʒinəs,,n.小气,GRE
deliberate,dɪ'lɪbərət,,a.深思熟虑的； 故意的 v.慎重考虑,GRE
swear,swɛr,,v.诅咒,GRE
slew,slu,,v.旋转 n.大量,GRE
physiological,",fɪzɪə'lɑdʒɪkl",,a.生理的； 生理学的,GRE
rife,raɪf,,a.流行的， 普遍的,GRE
careen,kə'rin,,v.倾斜； 使倾斜,GRE
recompose,",ri:kəm'pəuz",,v.重写； 重新安排,GRE
purify,'pjʊrɪfaɪ,,v.使纯净， 净化,GRE
toll,tol,,v.敲 n.通行费；代价，损失,GRE
dispassionate,dɪs'pæʃənət,,a.平心静气的,GRE
diminution,/ˌdɪmɪˈnuːʃn/,,n.减少， 缩减,GRE
pagan,'pegən,,n.没有宗教信仰的人； 异教徒,GRE
nag,næɡ,,v.不断叨扰， 指责， 抱怨,GRE
rancor,'ræŋkə,,n.深仇， 怨恨,GRE
zealot,'zɛlət,,n.狂热者,GRE
ague,'egjʊ,,n.冷颤， 发冷,GRE
manipulate,mə'nɪpjulet,,v.操作， 处理,GRE
abominate,ə'bɑmɪnet,,v.痛恨； 厌恶,GRE
defile,dɪ'faɪl,,v.弄污，弄脏 n.峡谷， 隘路,GRE
postiche,pɔ'sti:ʃ,,a.伪造的，假的 n.伪造品；  假发,GRE
pithiness,'pɪθɪnəs,,n.简洁,GRE
wiggle,'wɪɡl,,v.扭动， 摆动,GRE
indubitably,ɪn'duːbɪtəbli,,ad.无疑地， 确实地,GRE
lionize,'laɪənaɪz,,v.崇拜， 看重,GRE
bowlegged,'bəulegd,,a.弯脚的， 弓形腿的,GRE
plentitude,'plentitju:d,,n.充分,GRE
extradite,'ekstrədait,,v.引渡,GRE
fecund,'fikənd,,a.肥沃的， 多产的； 创造力旺盛的,GRE
relevance,'rɛləvəns,,n.相关性,GRE
flawed,flɔd,,a.有缺点的； 错误的,GRE
titanic,taɪ'tænɪk,,a.巨人的， 力大无比的,GRE
circumscribe,",sɝkəm'sraɪb",,v.划界限； 限制,GRE
expulsion,ɪk'spʌlʃən,,n.驱逐， 逐出,GRE
jamb,dʒæm,,n.侧柱,GRE
drivel,'drɪvl,,v.胡说 n.糊涂话,GRE
optimism,'ɑptɪmɪzəm,,n.乐观主义,GRE
obloquy,'ɑbləkwi,,n.辱骂， 斥责,GRE
swell,swɛl,,v.肿胀， 增强,GRE
withstand,wɪð'stænd,,v.反抗； 经受,GRE
indubitable,in'dju:bitəbl,,a.不容置疑的,GRE
incriminate,ɪn'krɪmɪnet,,v.连累， 牵连,GRE
optimist,'ɑptɪmɪst,,n.乐观主义者,GRE
deficit,'dɛfəsɪt,,n.不足额； 赤字,GRE
jape,dʒep,,v.开玩笑， 戏弄,GRE
coronation,'kɔrə'neʃən,,n.加冕礼,GRE
obstinate,'ɑbstɪnət,,a.固执的， 倔强的,GRE
linger,'lɪŋɡɚ,,v.逗留， 继续存留； 徘徊,GRE
tome,toʊm,,n.册， 卷； 大部头的书,GRE
unimpassioned,'ʌnim'pæʃənd,,a.没有激情的,GRE
cession,'sɛʃən,,n.割让， 转让,GRE
measly,'mizli,,a.患麻疹的； 少得可怜的， 微不足道的,GRE
rift,rɪft,,n.裂口， 断裂； 矛盾,GRE
slit,slɪt,,v.撕裂 n.裂缝,GRE
reprisal,rɪ'praɪzl,,n.报复， 报复行动,GRE
polarize,'polə'raɪz,,v.两极化， 截然对立,GRE
etch,ɛtʃ,,v.蚀刻； 铭记,GRE
manifesto,",mænɪ'fɛsto",,n.宣言， 声明,GRE
salubrious,sə'lubrɪəs,,a.有益健康的,GRE
quench,kwɛntʃ,,v.扑灭， 熄灭； 解， 止,GRE
materialize,mə'tɪrɪəlaɪz,,v.赋予形体， 使具体化； 出现,GRE
mores,'mɔrez,,n.习俗， 惯例,GRE
aerial,'ɛrɪəl,,a.空中的， 空气的,GRE
indigenous,ɪn'dɪdʒənəs,,a.土产的， 本地的； 生来的， 固有的,GRE
rejuvenate,rɪ'dʒuvənet,,v.使变得年轻,GRE
avocational,ˌævou'keɪʃənl,,a.副业的， 嗜好的,GRE
thrifty,'θrɪfti,,a.节俭的,GRE
parody,'pærədi,,n.拙劣的模仿； 滑稽模仿作品或表演,GRE
outlandish,aʊt'lændɪʃ,,a.古怪的,GRE
uneventful,",ʌnɪ'vɛntfl",,a.平凡的； 平安无事的,GRE
underestimated,/ˌʌndərˈestɪmeɪt/,,a.低估的,GRE
strenuous,'strɛnjuəs,,a.奋发的； 热烈的,GRE
repetitive,rɪ'pɛtətɪv,,a.重复的； 反复性的,GRE
lethargy,'lɛθɚdʒi,,n.昏睡； 呆滞， 懒散,GRE
mistral,'mɪstrəl,,n.寒冷且干燥的强风,GRE
magenta,mə'dʒɛntə,,a.紫红色的 n.紫红色,GRE
precipitate,prɪ'sɪpɪtet,,v.使突然降临， 加速， 促成 a.鲁莽的， 轻率的,GRE
mandate,'mændet,,n.命令， 训令,GRE
enigma,ɪ'nɪgmə,,n.谜一样的人或事物,GRE
slog,slɑɡ,,v.猛击； 苦干,GRE
rile,raɪl,,v.惹恼， 激怒,GRE
meander,mɪ'ændɚ,,v.蜿蜒而流； 漫步,GRE
slot,slɑt,,n.狭槽,GRE
impassable,ɪm'pæsəbl,,a.不能通行的， 无法通过的,GRE
garrulity,gə'ruːləti,,n.唠叨， 饶舌,GRE
short-sightedness,ˌʃɔːrt'saɪtɪdnəs,,n.目光短浅； 近视,GRE
soulful,'solfl,,a.充满感情的， 深情的,GRE
cold-blooded,'kəuld'blʌdid,,a.冷血的； 残酷的,GRE
hurtle,'hɝtl,,v.呼啸而过， 快速通过； 猛投， 用力投掷,GRE
reversible,rɪ'vɝsəbl,,a.可逆的， 可反转的,GRE
snitch,snɪtʃ,,v.告密； 偷,GRE
talented,'tæləntɪd,,a.天才的,GRE
insipid,ɪn'sɪpɪd,,a.乏味的， 枯燥的,GRE
dictate,'dɪktet,,v.口述； 命令,GRE
fatidic,fæ'tidik,,a.预言的,GRE
remiss,rɪ'mɪs,,a.疏忽的， 不留心的,GRE
frumpy,'frʌmpi,,a.邋遢的； 老式的， 过时的,GRE
prelude,'prɛljud,,n.序幕， 前奏,GRE
dyspeptic,"dis'peptik,-kəl",,a.消化不良的； 不高兴的,GRE
enrage,in'reidʒ,,v.激怒， 触怒,GRE
gild,ɡɪld,,v.镀金； 虚饰,GRE
sprain,spren,,v.扭伤,GRE
ignoble,ɪɡ'nobl,,a.卑鄙的,GRE
cacophony,kə'kɑfəni,,n.刺耳的声音,GRE
gestate,'dʒɛstet,,v.怀孕， 孕育； 构思,GRE
engage,ɪn'ɡedʒ,,v.从事， 参加； 雇用， 聘用； 使参与； 引起…的注意,GRE
adroit,ə'drɔɪt,,a.熟练的， 灵巧的,GRE
whisper,'wɪspɚ,,v.耳语， 低语,GRE
frivolity,fri'vəliti,,n.轻浮的行为,GRE
remainder,rɪ'mendɚ,,n.剩余物,GRE
clumsy,'klʌmzi,,a.笨拙的； 拙劣的,GRE
spurious,'spjʊrɪəs,,a.假的； 伪造的,GRE
amendment,ə'mɛndmənt,,n.改正， 修正； 修正案,GRE
grovel,'ɡrɑvl,,v.摇尾乞怜， 奴颜婢膝； 匍匐,GRE
collage,kə'lɑʒ,,n.拼贴画,GRE
implore,ɪm'plɔr,,v.哀求， 恳求,GRE
rehabilitate,",riə'bɪlə,tet",,v.使恢复,GRE
echo,'ɛko,,v.回响， 回荡； 重复， 模仿 n.回声；反响；共鸣,GRE
birthright,'bɝθraɪt,,n.与生俱来的权利,GRE
frolic,'frɑlɪk,,v.嬉戏 n.嬉戏；雀跃,GRE
bargain,ˈbɑrɡɪn,,v.讨价还价 n.交易；特价商品,GRE
nil,nɪl,,n.无， 零,GRE
ingrained,ɪn'ɡrend,,a.根深蒂固的,GRE
shamble,'ʃæmbl,,v.蹒跚而行， 踉跄地走,GRE
nip,nɪp,,v.小口啜饮,GRE
rind,raɪnd,,n.外皮,GRE
implausible,ɪm'plɔzəbl,,a.难以置信的,GRE
flinch,flɪntʃ,,v.畏缩， 退缩,GRE
iota,aɪ'otə,,n.极少量， 极少,GRE
imminent,'ɪmɪnənt,,a.即将发生的， 逼近的,GRE
amaze,ə'mez,,v.使大为吃惊， 使惊奇,GRE
congenital,kən'dʒɛnɪtl,,a.先天的， 天生的,GRE
disinterested,dɪs'ɪntərɪsɪd,,a.公正的， 客观的,GRE
toss,tɔs,,v.投， 掷； 使摇动， 使颠簸,GRE
confound,kən'faʊnd,,v.使迷惑， 搞混,GRE
energize,'ɛnɚdʒaɪz,,v.给予…精力、 能量,GRE
dissipate,'dɪsɪpet,,v.消失， 消散； 浪费,GRE
recount,rɪ'kaʊnt,,v.叙述， 描写,GRE
pliable,'plaɪəbl,,a.易弯曲的， 柔软的； 易受影响的,GRE
rotten,'rɑtn,,a.腐烂的； 极坏的,GRE
mattress,'mætrəs,,n.床垫,GRE
scrumptious,'skrʌmpʃəs,,a.很可口的， 美味的,GRE
versant,'vɝsənt,,a.精通的 n.山坡； 斜坡,GRE
confidant,'kɑnfɪdænt,,n.心腹朋友， 知己， 密友,GRE
encipher,ɪn'saɪfɚ,,v.译成密码,GRE
prodigious,prə'dɪdʒəs,,a.巨大的； 惊人的， 奇异的,GRE
entwine,ɪn'twaɪn,,v.使缠绕， 交织,GRE
time-consuming,"'taimkən,sju:miŋ",,a.费时间的,GRE
commingle,kə'mɪŋɡl,,v.掺和， 混合,GRE
leniency,'linjənsi,,n.宽厚， 仁慈,GRE
effervescence,ˌefər'vesns,,n.冒泡； 活泼,GRE
splashy,'splæʃi,,a.容易溅开的； 炫耀显眼的,GRE
mournful,'mɔrnfl,,a.悲伤的,GRE
attribute,ə'trɪbjut,,v.把…归于 n.属性， 特质,GRE
mechanism,'mɛkənɪzəm,,n.结构， 机制,GRE
affliction,ə'flikʃən,,n.折磨， 痛苦； 痛苦的原因； 灾害,GRE
genetic,dʒə'nɛtɪk,,a.遗传的； 起源的,GRE
woolly,'wʊli,,a.羊毛的； 模糊的,GRE
suffocate,'sʌfəket,,v.窒息， 把…闷死,GRE
inculcate,ɪn'kʌlket,,v.谆谆教诲， 反复灌输,GRE
bliss,blɪs,,n.狂喜， 极乐； 福气， 天赐的福,GRE
riot,'raɪət,,v.暴动， 闹事,GRE
arouse,ə'raʊz,,v.唤醒； 激发,GRE
tout,taʊt,,v.招徕顾客； 极力赞扬,GRE
palpable,'pælpəbl,,a.可触知的， 可察觉的； 明显的,GRE
expropriate,ɛks'proprɪet,,v.充公， 没收,GRE
boring,'bɔrɪŋ,,a.无趣的， 乏味的,GRE
irresolute,ɪ'rɛzə'lʊt,,a.未决定的； 犹豫不决的,GRE
swerve,swɝv,,v.突然改变方向,GRE
antecedent,'æntə'sidnt,,a.先行的 n.前事；祖先,GRE
slur,slɝ,,v.含糊不清地讲,GRE
didactic,daɪ'dæktɪk,,a.教诲的； 说教的,GRE
drool,drul,,v.流口水； 胡说,GRE
boast,bost,,v.自夸 n.自夸,GRE
reiterate,rɪ'ɪtəret,,v.重申， 反复地说,GRE
segment,'sɛɡmənt,,n.部分,GRE
mulish,'mjulɪʃ,,a.骡一样的， 执拗的,GRE
slue,slʊ,,v.旋转,GRE
slug,slʌɡ,,v.猛击， 拳击,GRE
cater,'ketɚ,,v.迎合； 提供饮食及服务,GRE
chameleon,kə'miljən,,n.变色龙， 蜥蜴； 善变之人,GRE
penance,'pɛnəns,,n.自我惩罚,GRE
regress,rɪ'ɡrɛs,,v.倒退， 复归， 逆行,GRE
imprecation,",ɪmprɪ'keʃən",,n.诅咒,GRE
drone,dron,,v.嗡嗡地响；单调地说 n.单调的低音,GRE
glossary,'ɡlɑsəri,,n.词汇表； 难词表,GRE
flutter,'flʌtɚ,,v.拍翅 to move lightly and quickly),GRE
surmise,sɝ'maɪz,,v.推测， 猜测 n.推测， 猜测,GRE
ignorance,'ɪɡnərəns,,n.无知， 愚昧,GRE
germinate,'dʒɝmɪnet,,v.发芽； 发展,GRE
hackneyed,'hæknɪd,,a.陈腐的， 老一套的,GRE
despondent,dɪ'spɑndənt,,a.失望的， 意气消沉的,GRE
trifle,'traɪfl,,n.微不足道的事物， 琐事,GRE
affluent,'æfluənt,,a.富有的， 丰富的,GRE
intrude,ɪn'trʊd,,v.把强加于； 闯入,GRE
irradicable,ɪ'rædɪkəbl,,a.无法根除的， 根深蒂固的,GRE
garble,'gɑːbl,,v.曲解， 窜改,GRE
perfume,pɚ'fjum,,n.香味； 香水,GRE
redundant,rɪ'dʌndənt,,a.累赘的， 多余的,GRE
gargoyle,'ɡɑrɡɔɪl,,n.滴水嘴； 面貌丑恶的人,GRE
usable,'jʊzəbl,,a.可用的； 好用的,GRE
mellifluous,mɛ'lɪfluəs,,a.柔美流畅的,GRE
proclivity,prə'klɪvəti,,n.倾向,GRE
asinine,'æsɪnaɪn,,a.愚笨的,GRE
pinch,pɪntʃ,,v.捏，掐 n.一撮， 少量,GRE
mischievous,'mɪstʃɪvəs,,a.淘气的； 有害的,GRE
conquer,'kɑŋkɚ,,v.以武力征服,GRE
gist,dʒɪst,,n.要点， 要旨,GRE
droop,drup,,v.低垂； 萎靡,GRE
pitiful,'pɪtɪfəl,,a.值得同情的， 可怜的,GRE
timely,'taɪmli,,a.适时的， 及时的,GRE
slurp,slɝp,,v.出声地吃或喝 n.啜食， 啜食声,GRE
innocence,'ɪnəsns,,n.无辜， 清白,GRE
subsidy,'sʌbsədi,,n.补助金,GRE
prohibitive,prə'hɪbətɪv,,a.禁止的， 抑制的； 贵得买不起的,GRE
flair,flɛr,,n.天赋， 本领， 天资,GRE
modest,'mɑdɪst,,a.谦虚的， 谦逊的； 适度的,GRE
fireproof,'faɪɚpruf,,a.耐火的， 防火的,GRE
rive,raɪv,,v.撕开， 分裂,GRE
conflagration,",kɑnflə'ɡreʃən",,n.大火,GRE
formalized,'fɔːrməlaɪzd,,a.形式化的， 正式的,GRE
disenchant,",dɪsɪn'tʃænt",,v.使不抱幻想， 使清醒,GRE
idealism,'aɪ'diə'lɪzəm,,n.理想主义； 唯心主义,GRE
self-procession,ˌselfprə'seʃn,,n.自行列队,GRE
contention,kən'tɛnʃən,,n.争论； 论点,GRE
browbeat,'braʊ'bit,,v.欺辱； 吓唬,GRE
explicit,ɪk'splɪsɪt,,a.明白的， 清楚的； 不含糊的， 明确的,GRE
propriety,prə'praɪəti,,n.礼节； 适当， 得体,GRE
abash,ə'bæʃ,,v.使羞愧， 使尴尬,GRE
consequential,'kɑnsə'kwɛnʃəl,,a.傲慢的， 自尊自大的,GRE
imbue,ɪm'bjʊ,,v.浸染， 浸透； 使充满， 灌输， 激发,GRE
abase,ə'bes,,v.降低…的地位， 贬抑， 使卑下,GRE
utilize,'juːtəlaɪz,,v.利用， 使用,GRE
subside,səb'saɪd,,v.下陷； 平息， 减退,GRE
prevail,pri'vel,,v.战胜； 流行， 盛行,GRE
flake,flek,,v.使成薄片,GRE
implicit,ɪm'plɪsɪt,,a.含蓄的， 暗示的,GRE
explicitly,ɪk'splɪsɪtli,,ad.明白地； 明确地,GRE
futile,'fjʊtaɪl,,a.无效的， 无用的； 没出息的； 琐细的,GRE
subreption,",sʌb'rɛpʃən",,n.隐瞒真相， 歪曲事实,GRE
reexamination,"'riɪɡ,zæmɪ'nɛɡʃən",,n.重考； 复试； 再检查,GRE
hardship,'hɑrdʃɪp,,n.困苦， 拮据,GRE
acumen,əˈkjumən,,n.敏锐， 精明,GRE
stubby,'stʌbi,,a.短粗的,GRE
dowdy,'daʊdi,,a.不整洁的， 过旧的,GRE
abate,ə'bet,,v.减轻， 减少,GRE
droll,drol,,a.古怪的， 好笑的,GRE
wistful,'wɪstfl,,a.惆怅的， 渴望的,GRE
eschew,ɪsˈtʃuː,,v.避开， 戒绝,GRE
amass,ə'mæs,,v.积聚,GRE
venturesome,'vɛntʃɚsəm,,a.好冒险的； 冒险的,GRE
deign,den,,v.惠允； 施惠于人,GRE
emblematic,",ɛmblə'mætɪk",,a.作为象征的,GRE
superannuated,ˌsuːpər'ænjueɪtɪd,,a.老迈的,GRE
attrition,ə'trɪʃən,,n.摩擦， 磨损,GRE
shirk,ʃə:k,,v.逃避， 回避,GRE
tentative,'tɛntətɪv,,a.试探性的， 尝试性的,GRE
temporize,'tɛmpə'raɪz,,v.拖延； 见风使舵,GRE
nasal,'nezl,,a.鼻的； 有鼻音的,GRE
heady,'hedi,,a.任性的； 鲁莽的,GRE
condole,kən'dəul,,v.同情， 哀悼,GRE
whet,wɛt,,v.磨快； 刺激,GRE
indefatigable,",ɪndɪ'fætɪɡəbl",,a.不知疲倦的,GRE
preside,prɪ'zaɪd,,v.担任主席； 负责； 指挥,GRE
offspring,'ɔfsprɪŋ,,n.〈总称〉后代； 儿女,GRE
whim,wɪm,,n.一时的兴致， 怪念头,GRE
whit,hwit,,n.一点儿， 少量,GRE
bootless,'bu:tlis,,a.无益处的； 无用的,GRE
contumacy,'kɔntjuməsi,,n.抗命， 不服从,GRE
overflow,",ovɚ'flo",,v.溢出； 充满,GRE
proverbially,prə'vɜːrbiəli,,ad.人皆尽知地,GRE
threaten,'θrɛtn,,v.威胁,GRE
pharmacology,fɑrməˈkɑlədʒɪ,,n.药理学， 药物学； 药理,GRE
rhetoric,'rɛtərɪk,,n.修辞， 修辞学； 浮夸的言辞,GRE
pathological,'pæθə'lɑdʒɪkl,,a.病态的， 不理智的； 病理学的,GRE
recital,rɪ'saɪtl,,n.独奏会， 独唱会， 小型舞蹈表演会； 吟诵,GRE
respite,'rɛspɪt,,n.休息； 暂缓,GRE
tangle,'tæŋɡl,,v.缠结 n.纷乱,GRE
visible,'vɪzəbl,,a.可见的， 看得见的； 能注意到的； 明显的， 可察觉到的,GRE
prorogue,prəu'rəuɡ,,v.休会； 延期,GRE
intrigue,'ɪn'triɡ,,v.密谋； 引起…的兴趣,GRE
orient,'orɪənt,,a.上升的 v.确定方向； 使熟悉情况,GRE
irremediable,",ɪrɪ'midɪəbl",,a.无法治愈的， 无法纠正的,GRE
recurring,rɪ'kɝɪŋ,,a.反复的； 再次发生的,GRE
upswing,'ʌpswɪŋ,,n.上升， 增长； 进步， 改进,GRE
dependable,dɪ'pɛndəbl,,a.可靠的， 可信赖的,GRE
unsurpassed,",ʌnsɚ'pæst",,a.未被超越的,GRE
veer,vɪr,,v.转向， 改变,GRE
hysteria,hɪ'stɪrɪə,,n.歇斯底里症； 过度兴奋,GRE
keen,kin,,a.锋利的， 锐利的； 敏锐的， 灵敏的； 热心的,GRE
ingenuously,ɪn'dʒenjuəsli,,ad.纯真地； 坦率地,GRE
indifferent,ɪn'dɪfrənt,,a.不感兴趣的， 漠不关心的,GRE
overhaul,'ovɚhɔl,,v.彻底检查； 大修,GRE
solemn,'sɑləm,,a.严肃的； 庄严的， 隆重的； 黑色的,GRE
acute,ə'kjut,,a.灵敏的， 敏锐的； 剧烈的； 急性的,GRE
unsure,",ʌn'ʃʊr",,a.缺乏自信的； 不确定的,GRE
rocky,'rɑki,,a.多岩石的； 坚若磐石的,GRE
strive,straɪv,,v.奋斗， 努力,GRE
wearisome,'wɪrɪsəm,,a.使人感到疲倦或厌倦的,GRE
scorching,'skɔrtʃɪŋ,,a.灼热的,GRE
inert,ɪ'nɝt,,a.惰性的； 呆滞的， 迟缓的,GRE
stipulation,",stɪpjə'leʃən",,n.规定， 约定,GRE
pertinacious,",pɝtn'eʃəs",,a.固执的， 坚决的； 坚持的,GRE
enzyme,'ɛnzaɪm,,n.酵素， 酶,GRE
sloppy,'slɔpi,,a.邋遢的， 粗心的,GRE
breach,britʃ,,v.打破，突破；违背 n.裂缝， 缺口,GRE
granule,'grænjʊl,,n.小粒， 微粒,GRE
stimulus,'stɪmjələs,,n.刺激物， 激励,GRE
forswear,fɔr'swɛr,,v.誓绝， 发誓放弃,GRE
terminal,tɝ​mənl,,a.末端的 n.终点， 末端,GRE
incommensurate,",ɪnkə'mɛnʃərət",,a.不成比例的， 不相称的,GRE
surpass,sə'pæs,,v.超过,GRE
aloof,ə'luf,,a.远离的； 冷淡的， 冷漠的,GRE
gouge,ɡaʊdʒ,,v.挖出；敲竹杠 n.半圆凿,GRE
shiny,'ʃaɪni,,a.有光泽的； 发光的,GRE
succumb,sə'kʌm,,v.屈从， 屈服； 因…死亡,GRE
disproportionate,disprə'pɔ:ʃənət,,a.不成比例的,GRE
unfold,ʌn'fold,,v.展开， 打开； 逐渐呈现,GRE
hearten,'hɑrtn,,v.鼓励， 激励,GRE
translucent,træns'lusnt,,a.透明的,GRE
conciliatory,kən'sɪlɪətɔri,,a.抚慰的， 调和的,GRE
arbitrate,'ɑrbɪtret,,v.仲裁， 公断 as an arbitrator),GRE
plough,plaʊ,,v.犁地 n.犁,GRE
brink,brɪŋk,,n.边沿， 边缘,GRE
equity,'ɛkwəti,,n.公平， 公正,GRE
acquiescent,",ækwɪ'ɛsənt",,a.默认的,GRE
corrugated,'kɔrə'getɪd,,a.起皱纹的,GRE
aversion,ə'vɝʒn,,n.厌恶， 反感,GRE
matriculate,mə'trɪkjulet,,v.录取,GRE
pitiless,'pitilis,,a.无情的， 冷酷的， 无同情心的,GRE
perch,pɝtʃ,,v.栖息,GRE
allusive,ə'lju:siv,,a.暗指的， 间接提到的,GRE
rejoinder,rɪ'dʒɔɪndɚ,,n.回答,GRE
saucy,'sɔsi,,a.粗鲁的； 俏皮的； 漂亮的,GRE
escapism,ɪ'skepɪzəm,,n.逃避现实,GRE
snappish,'snæpɪʃ,,a.脾气暴躁的,GRE
carve,kɑrv,,v.雕刻； 切成片,GRE
veil,vel,,v.以面纱掩盖 n.面纱；遮蔽物,GRE
hierarchy,'haɪərɑrki,,n.阶层； 等级制度,GRE
uncanny,ʌn'kæni,,a.神秘的， 离奇的,GRE
huffish,'hʌfiʃ,,a.不高兴的， 发怒的； 傲慢的,GRE
canyon,'kænjən,,n.峡谷,GRE
impenetrable,ɪm'pɛnɪtrəbl,,a.不能穿透的； 不可理解的,GRE
presuppose,",prisə'poz",,vt.预先假定； 以…为先决条件,GRE
apocryphal,əˈpɒkrəfəl,,a.假冒的， 虚假的,GRE
briny,'braɪni,,a.盐水的， 咸的,GRE
exacerbate,ɪɡ'zæsɚbet,,v.使加重， 使恶化,GRE
upstart,'ʌpstɑrt,,n.突然升官的人， 暴发户,GRE
heterodox,'hɛtərə'dɑks,,a.异端的， 非正统的,GRE
verdure,'vɝdjɚ,,n.葱郁， 青翠； 生机勃勃,GRE
anterior,æn'tɪrɪɚ,,a.较早的， 以前的,GRE
reluctance,rɪ'lʌktəns,,n.勉强， 不情愿,GRE
recourse,'rikɔrs,,n.求助， 依靠,GRE
extinction,ɪk'stɪŋkʃən,,n.消灭， 废除,GRE
relinquish,rɪ'lɪŋkwɪʃ,,v.放弃， 让出,GRE
blasphemy,'blæsfəmi,,n.亵渎,GRE
sidestep,'saɪdstɛp,,v.横跨一步躲避； 回避,GRE
trapeze,træ'piz,,n.高空秋千， 吊架,GRE
irredeemable,",ɪrɪ'diməbl",,a.无法挽回的， 不可救药的,GRE
alternate,ˈɔltɚˌnet;(for adj.)ˈɔ:ltərnət,,a.轮流的， 交替的 v.轮流， 交替 n.候选人， 代替者,GRE
unbridgeable,ʌn'brɪdʒəbl,,a.不能架桥的， 不能逾越的,GRE
assuage,ə'swedʒ,,v.缓和， 减轻,GRE
survivor,sɚ'vaɪvɚ,,n.幸存者,GRE
obligated,'ɑblɪɡetɪd,,a.有义务的， 有责任的,GRE
repulsion,rɪ'pʌlʃən,,n.厌恶， 反感； 排斥力,GRE
emissary,'ɛmɪsɛri,,n.密使， 特使,GRE
renascent,rɪ'nesənt,,a.再生的， 复活的， 新生的,GRE
enchant,ɪn'tʃænt,,v.使陶醉； 施魔法于,GRE
decipher,dɪ'saɪfɚ,,v.破译； 解开,GRE
clarify,'klærəfaɪ,,v.澄清,GRE
vent,vɛnt,,v.发泄；开孔 n.孔， 口,GRE
insignia,ɪn'sɪɡnɪə,,n.徽章,GRE
betoken,bɪ'tokən,,v.预示， 表示,GRE
haunt,hɔnt,,v.萦绕心头；经常去；常出没于 n.常去的地方,GRE
duplicity,du'plɪsəti,,n.欺骗， 口是心非,GRE
bristling,'brisliŋ,,a.竖立的,GRE
residual,rɪ'zɪdʒuəl,,a.残余的， 剩余的 n.剩余，残余,GRE
recompense,'rɛkəm'pɛns,,v.报酬， 赔偿,GRE
murky,'mɝki,,a.黑暗的， 昏暗的； 朦胧的,GRE
generosity,",dʒɛnə'rɑsəti",,n.慷慨， 大方,GRE
acclimate,'ækləmet,,v.服水土； 适应,GRE
oxidize,'ɑksə'daɪz,,v.氧化， 生锈,GRE
deduct,dɪ'dʌkt,,v.减去， 扣除； 演绎,GRE
pallid,'pælɪd,,a.苍白的， 没血色的,GRE
crabbed,'kræbɪd,,a.暴躁的,GRE
fractional,'frækʃənl,,a.微小的， 极少的， 微不足道的,GRE
douse,daʊs,,v.把…浸入水中； 熄灭,GRE
portray,pɔr'tre,,v.描述； 描绘， 描画,GRE
fearsome,'fɪrsəm,,a.吓人的， 可怕的,GRE
ruddy,'rʌdi,,a.红润的， 红的,GRE
confrontation,",kɑnfrən'teʃən",,n.对抗,GRE
comestible,kə'mɛstɪbl,,a.可吃的 n.食物，食品,GRE
acolyte,'ækəlaɪt,,n.助手， 侍僧,GRE
homogeneous,",homə'dʒinɪəs",,a.同类的， 相似的,GRE
collate,kə'let,,v.对照， 核对,GRE
outgrowth,'aʊtɡroθ,,n.结果； 副产品,GRE
condone,kən'don,,v.宽恕， 原谅,GRE
temptation,tɛmp'teʃən,,n.诱惑， 诱惑物,GRE
electromagnetic,"ɪ,lɛktromæɡ'nɛtɪk",,a.电磁的,GRE
excrete,ɪk'skrit,,v.排泄， 分泌,GRE
burst,bɝst,,v.爆炸； 爆裂； 突然发生,GRE
lachrymose,'lækrɪmos,,a.爱哭的； 引人落泪的,GRE
debauch,di'bɔ:tʃ,,v.使堕落，败坏 n.堕落,GRE
stickler,'stiklə,,n.坚持细节之人,GRE
compelling,kəm'pɛlɪŋ,,a.引起兴趣的,GRE
immodest,ɪ'mɑdɪst,,a.不谦虚的 ； 不正派的,GRE
clash,klæʃ,,v.冲突， 撞击,GRE
overturn,'ovətɝn,,v.翻倒 turn over or capsize)； 推翻， 倾覆(to cause the ruin or destruction of； overthrow),GRE
antic,'æntɪk,,a.古怪的,GRE
modestly,mɑdɪstlɪ,,ad.谦虚地， 谦逊地； 适度地,GRE
incarcerate,ɪn'kɑrsəret,,v.把…关进监狱， 监禁， 禁闭,GRE
clasp,klæsp,,n.钩子， 扣子； 紧握,GRE
overture,'ovətʃʊr,,n.前奏曲， 序曲,GRE
deduce,dɪ'dʊs,,v.演绎， 推断,GRE
proverb,'prɑvɝb,,n.谚语,GRE
tangential,tæn'dʒɛnʃl,,a.切线的； 离题的,GRE
gabble,'gæbl,,v.急促而不清楚地说,GRE
dutiful,'dʊtɪfəl,,a.尽职的,GRE
impermanent,ɪm'pɝmənənt,,a.暂时的,GRE
rehearse,rɪ'hɝs,,v.排练， 预演； 详述,GRE
pesticide,'pɛstɪsaɪd,,n.杀虫剂,GRE
evasive,ɪ'vesɪv,,a.回避的， 逃避的， 推脱的,GRE
epideictic,",epi'daiktik",,a.夸耀的,GRE
pottery,'pɑtəri,,n.制陶； 制陶工艺； 陶器,GRE
dally,'dæli,,v.闲荡， 嬉戏,GRE
waylay,we'le,,v.埋伏， 伏击,GRE
coagulate,ko'æɡjulet,,v.使凝结,GRE
correspondent,",kɔrə'spɑndənt",,a.符合的，一致的 n.记者， 通讯员,GRE
promotion,prə'moʃən,,n.晋升； 促进,GRE
drab,dræb,,a.黄褐色的； 单调的， 乏味的,GRE
straightforward,",stret'fɔrwɚd",,a.诚实的， 坦率的； 易懂的； 直接的,GRE
deprave,dɪ'prev,,v.使堕落， 使恶化,GRE
unpretentious,",ʌnprɪ'tɛnʃəs",,a.不炫耀的,GRE
languish,'læŋɡwɪʃ,,v.衰弱， 憔悴,GRE
institutionalize,",ɪnstɪ'tuʃənəlaɪz",,v.使制度化,GRE
transcribe,træn'skraɪb,,v.抄写， 转录,GRE
lunatic,'lʊnə'tɪk,,a.极蠢的 n.疯子,GRE
perky,'pɝki,,a.得意洋洋的； 活泼的,GRE
agony,'æɡəni,,n.极大的痛苦,GRE
capacious,kə'peʃəs,,a.容量大的， 宽敞的,GRE
vessel,'vɛsl,,n.血管； 容器； 船只,GRE
tensile,'tɛnsl,,a.张力的； 可伸展的,GRE
ungrudging,ʌn'grʌdʒɪŋ,,a.慷慨的； 情愿的,GRE
discombobulated,",dɪskəm'bɑbjə,let",,a.扰乱的， 打乱的,GRE
peaky,'piki,,a.消瘦的， 虚弱的,GRE
ointment,'ɔɪntmənt,,n.油膏， 软膏,GRE
frail,frel,,a.脆弱的； 不坚实的,GRE
cheeky,'tʃiki,,a.无礼的， 厚颜无耻的,GRE
ode,od,,n.长诗， 颂歌,GRE
decree,dɪ'kri,,v.颁布命令 n.命令，法令,GRE
execrate,'ɛksɪˌkret,,v.憎恶； 咒骂,GRE
vintage,'vɪntɪdʒ,,a.经典的； 最好的,GRE
evasion,ɪ'veʒn,,n.躲避， 借口,GRE
pedestal,'pɛdɪstl,,n.基座,GRE
promptness,prɑmptnɪs,,n.敏捷， 迅速； 机敏,GRE
ornery,'ɔrnəri,,a.顽固的， 爱争吵的,GRE
solicitude,sə'lɪsɪtud,,n.关怀， 牵挂,GRE
admonish,əd'mɑnɪʃ,,v.训诫； 警告,GRE
amplify,'æmplɪfaɪ,,v.放大； 详述,GRE
delegate,"ˈdɛləgɪt; (for v.,) ˈdɛləˌgeɪt",,v.委派…为代表， 授权 n.代表,GRE
suffragist,'sʌfrədʒɪst,,n.参政权扩大论者； 妇女政权论者,GRE
slump,slʌmp,,v.大幅度下降； 暴跌,GRE
peril,'pɛrəl,,n.危险,GRE
modernize,mɑdɚnˌaɪz,,v.使现代化),GRE
veto,'vito,,n.否决， 禁止； 否决权,GRE
exuberant,iɡ'zju:bərənt,,a.充满活力的； 茂盛的 produced in extreme abundance),GRE
nonentity,nɑ'nɛntəti,,n.无足轻重的人或事,GRE
vest,vest,,v.授予， 赋予,GRE
obnoxious,əb'nɑkʃəs,,a.令人极不愉快的， 可憎的,GRE
penitent,'pɛnətənt,,a.悔过的， 忏悔的,GRE
verbose,vɝ'bos,,a.冗长的， ■嗦的,GRE
predilection,",prɛdl'ɛkʃən",,n.偏爱， 嗜好,GRE
seriousness,'sɪrɪəsnəs,,n.认真， 严肃； 严重性， 严峻,GRE
terminus,'tɝmɪnəs,,n.终点站,GRE
idolize,ˈaɪdəlˌaɪz,,v.将…当作偶像崇拜； 极度仰慕， 崇拜,GRE
compensate,'kɑmpɛnset,,v.补偿， 赔偿,GRE
domination,",dɑmə'neʃən",,n.控制， 支配， 管辖,GRE
tightfisted,'tait'fistid,,a.吝啬的,GRE
prodigal,'prɑdɪɡl,,a.挥霍的 n.挥霍者,GRE
bribe,braɪb,,v.贿赂,GRE
coax,koks,,v.哄诱， 巧言诱哄,GRE
nutritious,nʊ'trɪʃəs,,a.有营养的， 滋养的,GRE
marshal,'mɑrʃəl,,v.整理， 安排， 排列,GRE
claim,klem,,v.要求或索要 n.声称拥有的权利,GRE
relentless,rɪ'lɛntləs,,a.无情的， 残酷的,GRE
antique,æn'tik,,a.古时的，古老的 n.古物， 古董,GRE
jarring,'dʒɑrɪŋ,,a.声音刺耳的,GRE
chronic,'krɑnɪk,,a.慢性的， 长期的,GRE
morose,mə'ros,,a.郁闷的,GRE
toxic,'tɑksɪk,,a.有毒的， 中毒的,GRE
boggle,'bɔɡl,,v.犹豫； 退缩,GRE
purified,pjʊrəˌfaɪd,,a.纯净的,GRE
hurdle,'hɝdl,,v.克服 n.跨栏；障碍,GRE
clench,klɛntʃ,,v.握紧； 咬紧,GRE
digress,daɪ'ɡrɛs,,v.离题,GRE
doctrinaire,",dɑktrə'nɛr",,a.教条的， 迂腐的 n.教条主义者,GRE
unfertilized,ʌn'fɜːrtəlaɪzd,,a.未施肥的； 未受精的,GRE
schematic,ski'mætɪk,,a.纲要的， 图解的,GRE
wrench,rɛntʃ,,v.猛扭 n.扳钳， 扳手,GRE
expand,ɪk'spænd,,v.扩大， 膨胀,GRE
squander,'skwɑndɚ,,v.浪费， 挥霍,GRE
retrieve,rɪ'triv,,v.寻回， 取回； 挽回,GRE
malice,'mælɪs,,n.恶意， 怨恨,GRE
arcane,ɑr'ken,,a.神秘的， 秘密的,GRE
rebroadcast,",ri'brɔdkæst",,v.重播,GRE
codify,'kɔdifai,,v.编成法典， 编辑成书,GRE
dorsal,'dɔrsl,,a.背部的， 背脊的,GRE
congruity,kɔŋ'ɡru:iti,,n.一致性， 适合性； 共同点,GRE
code,kod,,v.将某事物编写成密码 n.密码；法典,GRE
passionate,'pæʃənət,,a.充满激情的,GRE
hammer,'hæmɚ,,v.锤击， 锤打 n.锤子，槌,GRE
egoistical,ˌegou'ɪstɪk(l),,a.自我中心的， 自私自利的,GRE
coda,'kodə,,n.乐曲结尾部,GRE
incompetent,ɪn'kɑmpɪtənt,,a.无能力的， 不胜任的,GRE
underdeveloped,",ʌndɚdɪ'vɛləpt",,a.不发达的,GRE
investigate,ɪn'vɛstɪɡet,,v.调查,GRE
swindle,swɪndl,,v.诈骗,GRE
eerie,'iəri,,a.可怕的， 怪异的,GRE
sultry,'sʌltri,,a.闷热的； 风骚的,GRE
considerable,kən'sɪdərəbl,,a.相当多的； 重要的； 值得考虑的,GRE
toxin,'tɑksɪn,,n.毒素， 毒质,GRE
proposition,",prɑpə'zɪʃən",,n.看法， 主张； 提议,GRE
subsist,səb'sɪst,,v.生存下去； 继续存在； 维持生活,GRE
scabrous,'skæbrəs,,a.粗糙的,GRE
rarefaction,ˌrerɪ'fækʃn,,n.稀薄,GRE
cringing,'krɪndʒɪŋ,,n&adj.谄媚， 奉承,GRE
canorous,kə'nɔrəs,,a.音调优美的， 有旋律的,GRE
confer,kən'fɝ,,v.商议， 商谈； 授予， 赋予,GRE
friction,'frɪkʃən,,n.摩擦； 矛盾， 冲突,GRE
pendent,'pɛndənt,,a.吊着的， 悬挂的,GRE
wrought,rɔt,,a.做成的， 形成的； 精制的,GRE
phoenix,'finɪks,,n.凤凰， 长生鸟,GRE
surfeit,'sɝfɪt,,v.使过量 n.饮食过量，过度,GRE
pandemonium,ˌpændə'mouniəm,,n.喧嚣， 大混乱,GRE
compliant,kəm'plaɪənt,,a.服从的， 顺从的,GRE
spiritual,'spɪrɪtʃʊəl,,a.精神的,GRE
prophetic,prə'fɛtɪk,,a.先知的， 预言的， 预示的,GRE
aroma,ə'romə,,n.芳香， 香气,GRE
edgy,'ɛdʒi,,a.急躁的， 易怒的； 尖利的， 锐利的,GRE
bracing,'bresɪŋ,,a.令人振奋的,GRE
concatenate,"kɑn'kætə,net",,v.连结； 连锁,GRE
strategic,strə'tidʒɪk,,a.战略上的； 关键的， 重要的,GRE
wholesome,'holsəm,,a.有益健康的,GRE
careworn,'kɛrwɔrn,,a.忧心忡忡的， 饱经忧患的,GRE
grouch,ɡraʊtʃ,,n.牢骚， 不满； 好抱怨的人,GRE
expedient,ɪk'spidɪənt,,a.有用的 n.权宜之计，临时手段,GRE
succinctness,sək'sɪŋktnəs,,n.简明， 简洁,GRE
ensconce,in'skɔns,,v.安置， 安坐,GRE
empyreal,ˌempaɪ'riːəl,,a.天空的,GRE
truculence,'trʌkjələns,,n.野蛮， 残酷,GRE
valediction,",vælɪ'dɪkʃən",,n.告别演说， 告别词,GRE
drip,drɪp,,v.滴下,GRE
tambourine,",tæmbə'rin",,n.铃鼓， 小手鼓,GRE
vibrant,'vaɪbrənt,,a.振动的； 响亮的； 明快的； 充满生气的， 精力充沛的,GRE
daft,dæft,,a.傻的， 愚蠢的,GRE
settled,'sɛtld,,a.固定的,GRE
quotidian,kwo'tɪdɪən,,a.每日的； 平凡的,GRE
uncommitted,'ʌnkə'mɪtɪd,,a.不受约束的， 不承担责任的,GRE
sentimentalize,",sɛntɪ'mɛntəlaɪz",,v.感伤,GRE
cognitive,'kɑɡnətɪv,,a.认知的； 感知的,GRE
disingenuous,",dɪsɪn'dʒɛnjuəs",,a.不坦率的,GRE
killjoy,'kɪldʒɔɪ,,n.令人扫兴的人,GRE
repudiation,"rɪ,pjʊdɪ'eʃən",,n.拒绝接受， 否认,GRE
smut,smʌt,,v.弄脏 n.污迹；黑穗病,GRE
oppress,ə'prɛs,,v.压迫， 压制,GRE
variety,və'raɪəti,,n.多样性； 种类； 变种,GRE
smug,smʌɡ,,a.自满的， 自命不凡的,GRE
well-groomed,'wel'ɡru:md,,a.整齐干净的， 衣着入时的,GRE
persist,pɚ'sɪst,,v.坚持不懈， 执意； 坚持问， 不停地说； 继续存在， 长存,GRE
insolence,'insələns,,n.傲慢， 无礼,GRE
cavort,kə'vɔːrt,,v.腾跃， 欢跃,GRE
speculate,'spɛkjə'let,,v.沉思， 思索； 投机,GRE
shudder,'ʃʌdɚ,,v.战栗，发抖 n.战栗， 发抖,GRE
abnegation,",æbnɪ'ɡeʃən",,n.放弃； 自我牺牲,GRE
untalented,ʌn'tæləntɪd,,a.没有天赋的,GRE
vitriolic,",vɪtrɪ'ɑlɪk",,a.刻薄的,GRE
inducible,ɪn'duːsəbl,,a.可诱导的,GRE
calibrate,'kælɪbret,,v.量…口径； 校准,GRE
atrophy,'ætrəfi,,n.萎缩， 衰退,GRE
prefabricated,",pri'fæbrɪketɪd",,a.预制构件的,GRE
pulp,pʌlp,,n.果肉； 纸浆,GRE
acquiescence,'ækwɪ'ɛsns,,n.默许,GRE
ligneous,'lɪgnɪəs,,a.木质的， 木头般的,GRE
saline,'selin,,a.含盐的， 咸的,GRE
stammer,'stæmɚ,,v.口吃， 结巴地说,GRE
haphazard,'hæphæzəd,,a.任意的， 偶然的， 无秩序的,GRE
sincerity,sɪn'sɪərəti,,n.诚挚,GRE
elicit,ɪ'lɪsɪt,,v.得出， 引出,GRE
trivial,'trɪvɪəl,,a.琐碎的； 没有价值的,GRE
intensification,"ɪn,tɛnsəfə'keʃən",,n.增强， 加剧； 激烈化,GRE
remorselessly,rɪ'mɔːrsləsli,,ad.冷酷地， 无悔意地,GRE
futility,fjʊ'tɪləti,,n.无用， 无益,GRE
conscientious,'kɑnʃɪ'ɛnʃəs,,a.尽责的； 小心谨慎的,GRE
bazaar,bə'zɑr,,n.集市， 市场,GRE
awe-struck,'ɔ:strʌk,,a.充满敬畏的,GRE
authoritative,ə'θɔrətetɪv,,a.权威的， 官方的； 专断的,GRE
monolith,'mɑnə'lɪθ,,n.单块巨石； 单一的庞大组织,GRE
entreaty,ɪn'triti,,n.恳求， 哀求,GRE
venal,'vinl,,a.腐败的， 贪赃枉法的,GRE
prescience,'prɛʃɪəns,,n.预知， 先见,GRE
puny,'pjuni,,a.弱小的， 孱弱的,GRE
epidemic,",ɛpɪ'dɛmɪk",,a.传染性的， 流行性的,GRE
unencumbered,",ʌnɪn'kʌmbɚd",,a.无阻碍的,GRE
upright,'ʌpraɪt,,a.垂直的， 直立的； 正直的， 诚实的,GRE
cavalry,'kævlri,,n.骑兵部队， 装甲部队,GRE
extract,'ɛkstrækt,,v.拔出； 强索,GRE
rhubarb,'rʊbɑrb,,n.【植物】大黄； 热烈的讨论， 激烈的争论,GRE
outspoken,aʊt'spokən,,a.坦率的， 直言不讳的,GRE
obscure,əb'skjʊr,,a.难以理解的，含糊的；不清楚的，模糊的 v.使变模糊； 隐藏,GRE
procurement,prə'kjʊrmənt,,n.取得， 获得； 采购,GRE
noxious,'nɑkʃəs,,a.有害的， 有毒的,GRE
sneaking,'snikɪŋ,,a.鬼鬼祟祟的， 私下的,GRE
omnipresent,",ɑmnɪ'prɛznt",,a.无处不在的,GRE
conspire,kən'spaɪɚ,,v.密谋， 共谋,GRE
universality,",jʊnəvɝ'sæləti",,n.普遍性； 广泛性,GRE
finable,'faɪnəbl,,a.应罚款的,GRE
elegiac,",eli'dʒaiək",,a.哀歌的，挽歌的 n.哀歌， 挽歌,GRE
tangy,'tæŋi,,a.气味刺激的， 扑鼻的,GRE
superficially,'sʊpɚ'fɪʃəli,,ad.表面上地,GRE
decant,dɪ'kænt,,v.轻轻倒出,GRE
reciprocal,rɪ'sɪprəkl,,a.相互的， 互惠的,GRE
vertical,'vɝtɪkl,,a.垂直的， 直立的,GRE
ostracism,'ɑstrəsɪzəm,,n.放逐， 排斥,GRE
damp,dæmp,,v.减弱，抑制 a.潮湿的,GRE
underrepresented,"'ʌndə,repri'zentid",,a.未被充分代表的,GRE
dank,dæŋk,,a.阴湿的， 透水的,GRE
puerile,'pjʊəraɪl,,a.幼稚的； 孩子气的,GRE
pavid,'pævɪd,,a.害怕的， 胆小的,GRE
colt,kolt,,n.小雄马； 新手,GRE
decamp,di'kæmp,,v.离营； 匆忙秘密地离开,GRE
regime,re'ʒim,,n.政权， 政治制度,GRE
toothsome,'tuθsəm,,a.可口的， 美味的,GRE
trivia,'trɪvɪə,,n.琐事， 小事,GRE
concomitant,kən'kɑmətənt,,a.伴随的,GRE
soliloquy,sə'lɪləkwi,,n.自言自语； 戏剧独白,GRE
foist,fɔɪst,,v.偷偷插入； 强加,GRE
damn,dæm,,v.批评，谴责 a.该死的,GRE
premature,",primə'tʃʊr",,a.早熟的， 过早的,GRE
restitution,'rɛstə'tʊʃən,,n.归还； 赔偿,GRE
retort,rɪ'tɔrt,,v.反驳,GRE
torment,'tɔrmɛnt,,n.折磨， 痛苦,GRE
tempestuous,tɛm'pɛstʃuəs,,a.狂暴的,GRE
cone,kon,,n.松果； 圆锥体,GRE
therapeutic,",θɛrə'pjutɪk",,a.治疗的,GRE
venom,'vɛnəm,,n.毒液 and transmitted to prey or an enemy chiefly by biting or stinging)； 毒物(poisonous matter)； 恶意(ill will； malevolence),GRE
hazard,'hæzɚd,,n.危险,GRE
depressed,dɪ'prɛst,,a.消沉的； 凹陷的,GRE
voluntary,'vɑləntɛri,,a.自愿的， 志愿的,GRE
enshrine,ɪn'ʃraɪn,,v.奉为神圣， 珍藏,GRE
dilute,daɪ'l(j)ut,,v.稀释， 冲淡,GRE
convoy,'kɑnvɔɪ,,v.护航， 护送,GRE
lambaste,læm'best,,v.痛打； 痛骂,GRE
obsessed,əb'sest,,a.着迷的， 沉迷的,GRE
ominous,'ɑmɪnəs,,a.恶兆的， 不祥的,GRE
profitable,'prɑfɪtəbl,,a.有利可图的,GRE
fissile,'fɪsl,,a.易分裂的,GRE
coma,'komə,,n.昏迷,GRE
sampler,'sæmplɚ,,n.刺绣样品； 样品检查员,GRE
contrite,kən'traɪt,,a.悔罪的， 痛悔的,GRE
innovative,'ɪnəvetɪv,,a.革新的， 创新的,GRE
instrumental,",ɪnstrə'mɛntl",,a.作为手段的， 有帮助的； 器械的,GRE
resourceful,rɪ'sɔrsfl,,a.机智的,GRE
parlous,'pɑ:ləs,,a.靠不住的， 危险的,GRE
premonition,",prɛmə'nɪʃən",,n.预感， 预兆,GRE
vainglory,",vein'ɡlɔ:ri",,n.自负； 虚荣,GRE
cerebral,sə'ribrəl,,a.大脑的； 深思的,GRE
equine,'ikwaɪn,,a.马的， 似马的,GRE
gambol,'ɡæmbl,,v.雀跃； 耍闹 n.雀跃；嬉戏,GRE
mural,'mjʊrəl,,a.墙壁的 n.壁画,GRE
emaciation,ɪˌmeɪsi'eɪʃn,,n.消瘦， 憔悴， 衰弱,GRE
slander,'slændɚ,,v.诽谤，诋毁 n.诽谤， 中伤,GRE
repressive,rɪ'prɛsɪv,,a.抑制的； 镇压的， 残暴的,GRE
confess,kən'fɛs,,v.承认， 供认,GRE
self-confident,'self'kɔnfidənt,,a.自信的,GRE
exasperation,"ɪg,zæspə'reʃ(ə)n",,n.激怒， 恼怒,GRE
witty,'wɪti,,a.机智的； 风趣的,GRE
precise,prɪ'saɪs,,a.精确的， 准确的， 确切的,GRE
timeworn,"'taɪm,worn",,a.陈旧的， 陈腐的,GRE
sensible,'sɛnsəbl,,a.明智的； 可感觉到的,GRE
interlude,'ɪntɚ'lʊd,,n.间歇,GRE
stutter,'stʌtɚ,,v.口吃，结巴 n.口吃,GRE
obstinacy,'ɑbstənəsi,,n.固执， 倔强， 顽固,GRE
bonhomie,ˌbɑːnəˈmiː,,n.好性情， 和蔼,GRE
intangibility,ɪnˌtændʒə'bɪləti,,n.无形,GRE
infuse,ɪn'fjuz,,v.注入， 灌输； 鼓励,GRE
contrive,kən'traɪv,,v.计划， 设计,GRE
apologize,ə'pɑlədʒaɪz,,v.道歉； 辩解,GRE
unravel,ʌn'rævl,,v.拆开， 拆散； 解开,GRE
thespian,'θɛspɪən,,a.戏剧的,GRE
proselytize,'prɑsələtaɪz,,v.皈依,GRE
chorus,'kɔrəs,,n.合唱队， 歌舞团,GRE
inscrutable,ɪn'skrʊtəbl,,a.高深莫测的， 神秘的,GRE
insulting,ɪn'sʌltɪŋ,,a.侮辱的， 污蔑的,GRE
vindication,",vɪndə'keʃən",,n.证明无罪， 辩护,GRE
anesthetic,",ænɪs'θɛtɪk",,a.麻醉的；麻木的 n.麻醉剂,GRE
reveal,rɪ'vil,,v.启示； 揭露； 显示,GRE
theoretical,",θiə'rɛtɪkəl",,a.假设的； 理论的,GRE
hospitable,hɑ'spɪtəbl,,a.热情好客的； 易接受的,GRE
vibrate,vaɪ'breɪt,,v.振动， 摇摆； 颤动， 震动,GRE
strangulation,",stræŋɡju'leʃən",,n.扼杀， 勒死,GRE
seductive,sɪ'dʌktɪv,,a.诱人的,GRE
realistic,",riə'lɪstɪk",,a.现实主义的,GRE
partisan,'pɑrtəzn,,n.党派支持者， 党羽,GRE
immanent,'ɪmənənt,,a.内在的， 固有的； 普遍存在的， 无所不在的,GRE
turncoat,'tɝnkot,,n.背叛者， 变节者,GRE
simmer,'sɪmɚ,,v.炖，慢煮 n.即将沸腾的状态， 即将发作,GRE
eviscerate,ɪ'vɪsəret,,v.取出内脏； 除去主要部分,GRE
erudition,",ɛru'dɪʃən",,n.博学,GRE
upstage,",ʌp'stedʒ",,a.高傲的,GRE
undecipherable,ˌʌndɪ'saɪfrəbl,,a.难破译的,GRE
demagnetize,",di'mægnət,aɪz",,v.消磁， 使退磁,GRE
pamper,'pæmpɚ,,v.纵容， 过分关怀,GRE
brisk,brɪsk,,a.敏捷的， 活泼的； 清新健康的,GRE
prestige,prɛ'stidʒ,,n.威信， 威望； 影响力,GRE
spontaneity,",spɑntə'neəti",,n.自然， 自发,GRE
core,kɔr,,v.去掉某物的中心部分 n.果心；核心,GRE
drub,drʌb,,v.重击； 打败,GRE
famish,'fæmɪʃ,,v.使饥饿,GRE
fraud,frɔd,,n.欺诈， 欺骗； 骗子,GRE
dash,dæʃ,,v.猛撞， 猛砸， 击碎； 使受挫， 挫败； 使羞愧， 使窘迫,GRE
sprawl,sprɔl,,v.散乱地延伸； 四肢摊开着坐、 卧或倒下,GRE
balderdash,'bɔldɚdæʃ,,n.胡言乱语， 废话,GRE
serenade,",sɛrə'ned",,n.夜曲,GRE
fractious,'frækʃəs,,a.易怒的， 好争吵的,GRE
abridge,ə'brɪdʒ,,v.删减； 缩短,GRE
penalty,'pɛnəlti,,n.刑罚， 处罚,GRE
scutter,'skʌtə,,v.疾走， 急跑,GRE
tempest,'tɛmpɪst,,n.暴风雨； 骚动,GRE
limp,lɪmp,,v.跛行 a.软弱的， 无力的； 柔软的,GRE
boastfulness,'boustflnəs,,n.自吹自擂； 浮夸,GRE
inure,i'njuə,,v.使习惯于； 生效,GRE
limb,lɪm,,n.肢， 翼,GRE
felon,'fɛlən,,n.重罪犯,GRE
sedulity,si'dju:liti,,n.勤奋， 勤勉,GRE
mutate,'mjutet,,v.变异,GRE
inverse,",ɪn'vɝs",,a.相反的； 倒转的,GRE
obtuse,əbˈtus,,a.愚笨的； 钝的,GRE
daub,dɔb,,v.涂抹； 乱画,GRE
ostracize,'ɑstrəsaɪz,,v.排斥； 放逐,GRE
eulogize,'jʊlə'dʒaɪz,,v.称赞， 颂扬,GRE
dictator,'dɪktetɚ,,n.独裁者,GRE
wily,'waɪli,,a.诡计多端的， 狡猾的,GRE
arbitrary,ˈɑːrbətreri,,a.专横的， 武断的,GRE
limn,lim,,v.描写； 画,GRE
wilt,wɪlt,,v.凋谢， 枯萎,GRE
unskilled,",ʌn'skɪld",,a.不熟练的； 无需技能的,GRE
demote,",di'mot",,v.降级， 降职,GRE
oath,oθ,,n.誓言； 咒骂， 诅咒,GRE
compliance,kəm'plaɪəns,,n.顺从， 遵从,GRE
dignity,'dɪɡnəti,,n.尊严， 尊贵,GRE
unearth,ʌn'ɝθ,,v.挖出； 发现,GRE
wile,wail,,n.诡计,GRE
cosy,ˈkozi,,a.温暖而舒适的,GRE
votary,'votəri,,n.崇拜者， 热心支持者,GRE
remote,rɪ'mot,,a.遥远的； 偏僻的,GRE
scenic,ˈsinɪk,,a.风景如画的,GRE
rupture,'rʌptʃɚ,,n&v.破裂， 断裂,GRE
formulaic,",fɔ:mju'leiik",,a.公式的， 刻板的,GRE
pellucid,pe'lju:sid,,a.清晰的， 清澈的,GRE
paragon,'pærəɡɑn,,n.模范， 典范,GRE
nominally,'nɑmənli,,ad.名义上地； 有名无实地,GRE
afflict,ə'flɪkt,,v.折磨； 使痛苦,GRE
offstage,",ɔf'stedʒ",,a.台后的， 幕后的,GRE
kidnap,'kɪdnæp,,v.绑架,GRE
philology,fɪ'lɑlədʒi,,n.语文学， 语文研究,GRE
felicitate,fə'lɪsɪteɪt,,v.祝贺， 庆祝,GRE
trauma,'traʊmə,,n.创伤， 外伤,GRE
whimsy,'wɪmzi,,n.古怪， 异想天开,GRE
groom,ɡrum,,n.马夫； 新郎,GRE
everlasting,",ɛvɚ'læstɪŋ",,a.永恒的， 永久的； 无休止的,GRE
dedication,",dɛdɪ'keʃən",,n.奉献， 献身,GRE
coup,kʊ,,n.妙计， 成功之举,GRE
exposure,ɪk'spoʒɚ,,n.暴露， 显露， 曝光,GRE
wink,wɪŋk,,v.使眼色，眨眼示意 n.眨眼， 眼色,GRE
grope,ɡrop,,v.摸索， 探索,GRE
applicability,",æplɪkə'bɪləti",,n.适用性， 适应性,GRE
greenhorn,"'grin,hɔrn",,n.初学者； 容易受骗的人,GRE
presumption,pri'zʌmpʃən,,n.放肆， 傲慢； 假定,GRE
humble,'hʌmbl,,a.卑微的；谦虚的 v.使谦卑,GRE
folly,'fɑli,,n.愚蠢； 愚蠢的想法或做法,GRE
chirp,tʃɝp,,v.唧唧叫,GRE
commodity,kə'mɑdəti,,n.商品,GRE
obedient,oˈbidiənt,,a.服从的， 顺从的,GRE
daze,dez,,v.使茫然， 使眩晕 n.迷乱，恍惚,GRE
glossy,'ɡlɑsi,,a.有光泽的， 光滑的,GRE
elocution,",ɛlə'kjuʃən",,n.演说术,GRE
mutineer,",mju:ti'niə",,n.反叛者， 背叛者,GRE
urbane,ɝ'ben,,a.温文尔雅的,GRE
blur,blɝ,,v.使…模糊 n.模糊不清的事物,GRE
plausible,'plɔzəbl,,a.看似有理的， 似是而非的； 有道理的， 可信的,GRE
deluge,'dɛljʊdʒ,,n.大洪水； 暴雨,GRE
revile,rɪ'vaɪl,,v.辱骂， 恶言相向,GRE
yowl,jaʊl,,v.嚎叫， 恸哭,GRE
insidious,ɪn'sɪdɪəs,,a.暗中危害的， 阴险的,GRE
fortuitous,fɔr'tuɪtəs,,a.偶然发生的， 偶然的； 幸运的,GRE
slothful,'sloθfl,,a.迟钝的， 懒惰的,GRE
equator,ɪ'kwetɚ,,n.赤道,GRE
fervent,'fɝvənt,,a.炙热的； 热情的,GRE
sharpen,'ʃɑrpən,,v.削尖； 使敏锐， 使敏捷,GRE
sedimentary,",sɛdɪ'mɛntri",,a.沉积的， 沉淀性的,GRE
kernel,'kɝnl,,n.果仁； 核心,GRE
tardy,'tɑrdi,,a.迟延， 迟到的； 缓慢的， 迟钝的,GRE
deaden,'dɛdn,,v.减弱， 缓和,GRE
excavate,'ɛkskə'vet,,v.开洞， 凿洞； 挖掘， 发掘,GRE
foliage,'folɪɪdʒ,,n.叶子,GRE
component,kəm'ponənt,,n.成分， 零部件,GRE
impartial,ɪm'pɑrʃəl,,a.公平的， 无私的,GRE
overwhelm,ovɚˈhwɛlm,,v.战胜， 征服， 压倒； 淹没， 席卷,GRE
unprecedented,ʌn'prɛsɪdɛntɪd,,a.前所未有的,GRE
persistence,pɚ'sɪstəns,,n.坚持不懈， 执意， 持续,GRE
poach,potʃ,,v.偷猎， 窃取,GRE
disguise,dɪs'ɡaɪz,,v.假扮； 掩饰,GRE
imperial,ɪm'pɪrɪəl,,a.帝王的， 至尊的,GRE
tedium,'tidɪəm,,n.冗长乏味,GRE
genial,'dʒinɪəl,,a.友好的， 和蔼的,GRE
hallucination,"hə,lusɪ'neʃən",,n.幻觉,GRE
cozy,'kozi,,a.舒适的， 惬意的； 亲切友好的,GRE
aesthetically,ɛs'θɛtɪkli,,ad.审美地； 美学观点上地,GRE
obdurate,'ɑbdərət,,a.固执的， 顽固的,GRE
incredulity,",ɪnkrə'djʊləti",,n.怀疑， 不相信,GRE
snicker,'snɪkɚ,,v&n.窃笑， 暗笑,GRE
impalpable,ɪm'pælpəbl,,a.无法触及的； 不易理解的,GRE
quiescence,kwi'esns,,n.静止， 沉寂,GRE
pan,pæn,,v.〈口〉严厉批评,GRE
patronage,'pætrənɪdʒ,,n.资助， 赞助； 惠顾,GRE
grievance,'grivəns,,n.委屈， 抱怨， 牢骚,GRE
sparring,'spɑːrɪŋ,,n.拳击， 争斗,GRE
inquisitive,ɪn'kwɪzətɪv,,a.好奇的， 好问的； 爱打听的,GRE
hanker,'hæŋkɚ,,v.渴望， 追求,GRE
controvert,"'kɔntrə,və:t",,v.反驳， 驳斥,GRE
vicious,'vɪʃəs,,a.邪恶的， 堕落的； 恶意的， 恶毒的； 凶猛的， 危险的,GRE
strident,'straɪdnt,,a.尖锐的， 刺耳的,GRE
enormous,ɪ'nɔrməs,,a.极大的， 巨大的,GRE
revival,rɪ'vaɪvl,,n.苏醒； 恢复； 复兴,GRE
list,lɪst,,v.倾斜 n.倾斜,GRE
wiry,'waɪəri,,a.瘦而结实的,GRE
unaesthetic,ˌʌnəs'θetɪk,,a.无美感的,GRE
remunerate,rɪ'mjunəret,,v.酬劳， 赔偿,GRE
revise,rɪ'vaɪz,,v.校订， 修正,GRE
traduce,trə'dus,,v.中伤， 诽谤,GRE
aspirant,ə'spaɪərənt,,n.有抱负者,GRE
paramount,'pærəmaʊnt,,a.最重要的； 最高权力的， 至高无上的,GRE
salutation,'sæljʊ'teʃən,,n.招呼， 致意， 致敬,GRE
hot-tempered,"'hɔt,tempəd",,a.性急的， 易怒的， 暴躁的,GRE
agility,ə'dʒiləti,,n.敏捷,GRE
emerald,'ɛmərəld,,a.翠绿色的 n.翡翠,GRE
legislature,'lɛdʒɪsletʃɚ,,n.立法机关， 立法团体,GRE
outgoing,'aʊt'goɪŋ,,a.友善的； 即将离去的,GRE
sculpt,skʌlpt,,v.雕刻； 造型,GRE
fatal,'fetl,,a.致命的； 灾难性的,GRE
hormone,'hɔrmon,,n.荷尔蒙， 激素,GRE
outstrip,",aʊt'strɪp",,v.超过， 超越； 比…跑得快,GRE
psychology,saɪ'kɑlədʒi,,n.心理学,GRE
interrogation,"ɪn,tɛrə'geʃən",,n.审问， 质问； 疑问句,GRE
liaison,ˈlɪəzɒn; lɪəˌzɑn,,n.密切的联系； 暧昧的关系,GRE
realign,",riə'laɪn",,v.重新排列,GRE
ridge,rɪdʒ,,n.脊； 隆起物,GRE
engender,ɪn'dʒɛndɚ,,v.产生， 引起,GRE
rarefy,"'rɛrə,fai",,v.使稀少， 使稀薄,GRE
coffer,'kɔfɚ,,n.保险柜， 保险箱,GRE
audacious,ɔ'deʃəs,,a.大胆的,GRE
peak,pik,,v.变得憔悴， 消瘦,GRE
pastoral,'pæstərəl,,a.田园生活的； 宁静的,GRE
snip,snɪp,,v.剪断 n.剪； 碎片,GRE
animadvert,",ænəmæd'vɝt",,v.苛责， 非难,GRE
dimple,'dɪmpəl,,n.酒窝， 笑靥,GRE
hectic,'hɛktɪk,,a.兴奋的， 繁忙的， 忙乱的,GRE
copious,'kopɪəs,,a.丰富的， 多产的,GRE
exterminate,ɪk'stɝmə'net,,v.消灭， 灭绝,GRE
blackball,'blækbɔl,,v.投票反对； 排斥,GRE
pollinate,'pɑlənet,,v.对…授粉,GRE
concise,kən'saɪs,,a.简洁的,GRE
inadvertently,'ɪnəd'vɝtntli,,ad.不小心地， 疏忽地,GRE
revive,rɪ'vaɪv,,v.使苏醒； 使再流行,GRE
fumigate,'fjumɪɡet,,v.用烟熏消毒,GRE
lexical,'lɛksɪkl,,a.词汇的； 词典的,GRE
fruitlessly,'fruːtləsli,,ad.徒劳地， 无益地,GRE
amorphous,ə'mɔrfəs,,a.无固定形状的,GRE
parsimony,'pɑrsə'moni,,n.过分节俭， 吝啬,GRE
impertinent,ɪm'pɝtnənt,,a.不切题的； 无礼的， 莽撞的,GRE
peck,pɛk,,v.啄食； 轻啄,GRE
putative,'pjʊtətɪv,,a.公认的， 推定的,GRE
wrongheaded,'rɔŋ'hɛdɪd,,a.坚持错误的， 固执的,GRE
verbiage,'vɝbɪɪdʒ,,n.冗词， 废话,GRE
utilitarian,",jutɪlɪ'tɛrɪən",,a.功利的， 实利的,GRE
dishevel,dɪ'ʃevl,,v.使蓬乱， 使凌乱,GRE
ceramic,sə'ræmɪk,,a.陶器的 n.陶瓷制品,GRE
blackmail,'blækmel,,v&n.敲诈， 勒索,GRE
stoic,'stouɪk,,n.坚忍克己之人,GRE
journalistic,'dʒɝnl'ɪstɪk,,a.新闻业的， 新闻工作者的,GRE
bromide,'bromaɪd,,n.庸俗的人； 陈词滥调； 镇静剂， 安眠药,GRE
lustrous,'lʌstrəs,,a.有光泽的,GRE
overinflated,",ovərɪn'fletɪd",,a.过度充气的,GRE
peep,pip,,n&v.瞥见， 偷看； 初现,GRE
peer,pɪr,,n.同等之人， 同辈,GRE
surly,'sə:li,,a.脾气暴躁的； 阴沉的,GRE
lineal,'lɪnɪəl,,a.直系的， 嫡系的,GRE
snob,snɑb,,n.势利小人,GRE
persecute,'pɝsɪkjut,,v.迫害,GRE
accolade,'ækəled,,n.推崇； 赞扬,GRE
imperative,ɪm'pɛrətɪv,,a.紧急的,GRE
piecemeal,'pismil,,a.一件一件的， 零碎的,GRE
robust,ro'bʌst,,a.健壮的,GRE
peel,pil,,v.削去…的皮；剥落 n.外皮,GRE
homely,'homli,,a.朴素的； 不漂亮的,GRE
goblet,'ɡɑblət,,n.高脚酒杯,GRE
denounce,dɪ'naʊns,,v.指责,GRE
swampy,'swɔmpi,,a.沼泽的， 湿地的,GRE
verge,vɝdʒ,,n.边缘,GRE
peek,pik,,v.偷看,GRE
pastry,'pestri,,n.糕点， 点心,GRE
spinal,'spaɪnl,,a.脊骨的， 脊髓的,GRE
caucus,'kɔkəs,,n.政党高层会议,GRE
mirth,mɝθ,,n.欢乐， 欢笑,GRE
renunciate,ri'nʌnsieit,,v.放弃,GRE
charade,ʃə'red,,v.凭动作猜字谜 n.猜字谜游戏,GRE
prohibit,prə'hɪbɪt,,v.禁止； 阻止,GRE
frugal,'fruɡl,,a.节约的， 节俭的,GRE
loiter,'lɔɪtɚ,,v.闲逛， 游荡； 慢慢前行； 消磨时光， 虚度光阴,GRE
overcast,",ovɚ'kæst",,a.阴天的， 阴暗的,GRE
chide,tʃaɪd,,v.斥责， 责骂,GRE
interrogative,",ɪntə'rɑɡətɪv",,a.疑问的； 质疑的,GRE
cutlery,'kʌtləri,,n.餐具,GRE
tempo,'tɛmpo,,n.速度 and often by an exact metronome marking)； (动作、 生活的)步调， 节奏(rate of motion or activity),GRE
penetrating,'pɛnɪtretɪŋ,,a.响亮的， 尖锐的； 刺激的； 敏锐的， 有洞察力的,GRE
deadlock,'dɛdlɑk,,n.相持不下， 僵局,GRE
servile,sɝ​vl,,a.奴性的， 百依百顺的,GRE
kidney,'kɪdni,,n.肾,GRE
lactic,'læktɪk,,a.乳汁的,GRE
aphorism,'æfərɪzəm,,n.格言,GRE
rowdy,'raʊdi,,a.吵闹的； 粗暴的,GRE
motif,mo'tif,,n.主题， 主旨,GRE
stock,stɑk,,v.储备 a.常用的 n.存货,GRE
verification,",vɛrɪfɪ'keʃən",,n.确认， 查证,GRE
suspend,sə'spɛnd,,v.暂停， 中止； 吊， 悬,GRE
sloping,'sloupɪŋ,,a.倾斜的， 有坡度的,GRE
distraught,dɪ'strɔt,,a.心神狂乱的， 发狂的； 心烦意乱的,GRE
surge,sɝdʒ,,v.波涛汹涌,GRE
fondle,'fɑndl,,v.抚弄， 抚摸,GRE
voluble,'vɑljəbl,,a.健谈的； 易旋转的,GRE
indiscriminate,",ɪndɪ'skrɪmɪnət",,a.不加选择的； 随意的， 任意的,GRE
belittle,bɪ'lɪtl,,v.轻视， 贬低,GRE
impugn,ɪm'pjuːn,,v.提出异议， 对…表示怀疑,GRE
clinical,'klɪnɪkl,,a.临床的； 冷静客观的,GRE
agape,ə'ɡep,,adj&adv.大张着的,GRE
evil,'ivl,,a.邪恶的，罪恶的 n.坏事， 恶行,GRE
vanquish,'væŋkwɪʃ,,v.征服， 击溃,GRE
absolve,əb'zɑlv,,v.赦免， 免除,GRE
seclusion,sɪ'klʊʒən,,n.隔离； 隔离地,GRE
boulder,'boldɚ,,n.巨砾,GRE
accost,ə'kɔst,,v.搭话,GRE
grievous,'ɡrivəs,,a.痛苦的， 悲伤的； 极严重的,GRE
lancet,'lænsɪt,,n.柳叶刀,GRE
despise,dɪ'spaɪz,,v.鄙视， 蔑视,GRE
agitated,'ædʒɪtetɪd,,a.激动的； 不安的,GRE
vulgar,'vʌlɡɚ,,a.无教养的， 庸俗的,GRE
redeem,rɪ'dim,,v.弥补， 赎回， 偿还,GRE
conformity,kən'fɔrməti,,n.一致， 遵从； 顺从,GRE
unpack,",ʌn'pæk",,v.打开包裹， 卸货,GRE
stricture,'strɪktʃɚ,,n.严厉谴责； 束缚,GRE
abstinent,'æbstɪnənt,,a.饮食有度的， 有节制的， 禁欲的,GRE
allude,ə'lʊd,,v.暗指， 影射， 间接提到,GRE
picayunish,ˌpɪkə'jʊːnɪʃ,,a.微不足道的， 不值钱的,GRE
chagrin,ʃə'ɡrɪn,,n.失望， 懊恼,GRE
predator,'prɛdətɚ,,n.食肉动物,GRE
forfeit,'fɔrfət,,v.丧失，被罚没收 n.丧失的东西,GRE
bamboozle,bæm'buzl,,v.欺骗， 隐瞒,GRE
jaundice,'dʒɔndɪs,,n.偏见； 黄疸,GRE
straiten,'streitən,,v.使为难； 使变窄,GRE
euphemism,'jufəmɪzəm,,n.婉言， 委婉的说法,GRE
burning,'bɝnɪŋ,,a.燃烧的； 强烈的,GRE
groan,ɡron,,v.呻吟，叹息 n.呻吟， 叹息,GRE
oleaginous,",olɪ'ædʒɪnəs",,a.油腻的； 圆滑的， 满口恭维的,GRE
plunder,'plʌndɚ,,v.抢劫， 掠夺,GRE
distaste,dɪs'test,,v.厌恶 n.厌恶， 不喜欢,GRE
expatiate,ɪk'speɪʃieɪt,,v.细说， 详述,GRE
verbosity,vɜːr'bɑːsəti,,n.冗长,GRE
determinant,dɪ'tɝmɪnənt,,a.决定性的 n.决定因素,GRE
pelt,pɛlt,,v.扔 n.毛皮,GRE
coincidentally,"kəu,insi'dentli",,ad.巧合地,GRE
fracture,'fræktʃɚ,,n.骨折； 折断； 裂口,GRE
figurine,",fɪɡjə'rin",,n.小塑像， 小雕像,GRE
liberty,'lɪbɚti,,n.随意； 自由,GRE
snug,snʌɡ,,a.温暖舒适的,GRE
snub,snʌb,,v.冷落， 不理睬,GRE
apprentice,ə'prɛntɪs,,n.学徒,GRE
confidential,",kɑnfɪ'dɛnʃl",,a.机密的,GRE
distent,dis'tent,,a.膨胀的； 扩张的,GRE
disinclination,",dɪs,ɪnklɪ'neʃən",,n.不愿意， 不情愿,GRE
claustrophobic,'klɔstrə'fobɪk,,a.幽闭恐怖症的， 导致幽闭恐怖症的,GRE
warehouse,'wɛrhaʊs,,n.仓库， 货栈,GRE
verboten,və:'bəutən,,a.禁止的， 严禁的,GRE
convalescent,",kɑnvə'lɛsnt",,adj&n.康复中的 recovering from illness),GRE
acedia,ə'sidɪə,,n.无精打采的样子； 懒惰,GRE
extricate,'ɛkstrɪket,,v.摆脱， 脱离； 拯救， 救出,GRE
brutality,brʊ'tæləti,,n.野蛮； 暴行,GRE
shrewd,ʃrud,,a.机灵的， 精明的,GRE
coruscate,'kɔrəsket,,v.闪亮,GRE
offend,ə'fɛnd,,v.得罪， 冒犯,GRE
diligent,'dɪlɪdʒənt,,a.勤奋的， 勤勉的,GRE
anomaly,ə'nɑməli,,n.异常， 反常； 异常事物,GRE
pod,pɑd,,v.剥掉 n.豆荚,GRE
prehensile,prɪ'hɛnsl,,a.能抓住东西的， 缠绕的,GRE
arson,'ɑrsn,,n.纵火， 放火,GRE
marine,mə'rin,,a.海的； 海生的,GRE
inalienable,ɪn'elɪənəbl,,a.不能转让的； 不可剥夺的,GRE
pop,pɑp,,v.发出“砰”的一声； 突然出现,GRE
limousine,'lɪməzin,,n.大型轿车， 大型豪华轿车,GRE
deluxe,dɪˈlʌks;,,a.豪华的， 华丽的,GRE
routine,rʊ'tin,,a.平常的； 常规的 n.常规,GRE
positiveness,'pɑːzətɪvnəs,,n.肯定， 确信,GRE
digestion,daɪdʒɛstʃən,,n.消化， 吸收,GRE
putrid,'pju:trid,,a.腐臭的,GRE
scripture,'skrɪptʃɚ,,n.经文， 圣典,GRE
retention,rɪ'tɛnʃən,,n.保留， 保持,GRE
validate,'vælɪdet,,v.使生效,GRE
equate,ɪ'kwet,,v.认为…相等或相仿,GRE
surplus,'sɝpləs,,a.过剩的， 剩余的； 盈余的,GRE
clairvoyant,klɛr'vɔɪənt,,a.透视的， 有洞察力的,GRE
plenary,'plɛnəri,,a.全体出席的； 完全的， 绝对的， 无限的,GRE
acarpous,e'kɑrpəs,,a.不结果实的,GRE
yacht,jɑt,,n.帆船， 游艇,GRE
potshot,'pɑtʃɑt,,v.肆意抨击 n.盲目射击；肆意抨击,GRE
philosophic,",fɪlə'sɑfɪkl",,a.哲学的,GRE
defiant,dɪ'faɪənt,,a.反抗的， 挑衅的,GRE
neolithic,ˌniəˈlɪθɪk,,a.新石器时代的,GRE
prosperous,'prɑspərəs,,a.繁荣的， 兴旺的,GRE
inedible,ɪn'ɛdəbl,,a.不能吃的， 不可食的,GRE
smite,smaɪt,,v.重击， 猛打,GRE
canopy,'kænəpi,,n.蚊帐； 华盖,GRE
neutron,'nʊtrɑn,,n.中子,GRE
poncho,'pɑntʃo,,n.斗篷；  雨披,GRE
incite,ɪn'saɪt,,v.激发， 刺激,GRE
interpose,'ɪntɚ'poz,,v.置于…之间； 使介入,GRE
connive,kə'naɪv,,v.默许； 纵容； 共谋,GRE
inexcusable,",ɪnɪk'skjuzəbl",,a.不可原谅的， 不可宽恕的,GRE
inherent,ɪn'hɪrənt,,a.固有的， 内在的,GRE
encroach,ɪn'krotʃ,,v.侵占， 蚕食,GRE
pronounced,prə'naʊnst,,a.显著的， 明确的,GRE
perish,'pɛrɪʃ,,v.死， 暴卒,GRE
stipulate,'stɪpjulet,,v.要求以…为条件； 约定， 规定,GRE
insufficient,",ɪnsə'fɪʃnt",,a.不足的,GRE
intrinsic,ɪn'trɪnsɪk,,a.固有的， 内在的， 本质的,GRE
retentive,rɪ'tɛntɪv,,a.有记性的， 记忆力强的,GRE
vestige,'vɛstɪdʒ,,n.痕迹， 遗迹,GRE
incise,ɪn'saɪz,,v.切入， 切割,GRE
proximity,prɑk'sɪməti,,n.接近， 临近,GRE
pry,praɪ,,v.刺探；撬开 n.撬杠， 杠杆,GRE
statutory,stætʃʊˌtɔrɪ,,a.法定的； 依照法令的,GRE
receipt,rɪ'sit,,n.收到， 接到； 发票， 收据,GRE
congeal,kən'dʒil,,v.凝结， 凝固,GRE
foodstuff,'fudstʌf,,n.食料， 食品,GRE
medicate,"'mɛdɪ,ket",,v.用药物医治； 加药于,GRE
correlated,"'kɔrə,letɪd",,a.有相互关系的,GRE
serpentine,'sɝpəntin,,a.像蛇般蜷曲的， 蜿蜒的,GRE
derogatory,dɪ'rɑɡətɔri,,a.不敬的， 贬损的,GRE
capsule,ˈkæpsl;,,n.荚膜， 蒴果； 胶囊,GRE
quibble,'kwɪbl,,n.遁词； 吹毛求疵的反对意见或批评,GRE
trespass,'trɛspəs,,v.侵犯， 闯入私人领地,GRE
rustic,'rʌstɪk,,a.乡村的， 乡土气的,GRE
prudent,'prʊdnt,,a.审慎的， 精明的； 节俭的， 精打细算的,GRE
autocrat,'ɔtəkræt,,n.独裁者,GRE
perk,pɝk,,v.恢复， 振作； 打扮； 竖起,GRE
volatile,'vɑlətl,,a.反复无常的； 易挥发的,GRE
steadiness,'stedinəs,,n.稳健， 坚定,GRE
premiere,prɪ'mɪr,,n.首次公演,GRE
generic,dʒə'nɛrɪk,,a.种类的， 类属的,GRE
endorse,ɪn'dɔrs,,v.赞同； 背书,GRE
dalliance,'dælɪəns,,n.虚度光阴； 调情,GRE
heinous,'henəs,,a.十恶不赦的， 可憎的,GRE
seclude,sɪ'klud,,v.使隔离， 使孤立,GRE
funky,fʌŋki,,a.有霉臭味的， 有恶臭的,GRE
embargo,ɪm'bɑrɡo,,n.禁港令， 封运令,GRE
wither,'wɪðɚ,,v.干枯， 枯萎,GRE
pushy,'pʊʃi,,a.有进取心的， 爱出风头的， 固执己见的,GRE
nocturnal,nɑk'tɝnl,,a.夜晚的， 夜间发生的,GRE
notorious,no'tɔrɪəs,,a.臭名昭著的,GRE
superimpose,",supərɪm'poz",,v.重叠， 叠加,GRE
infant,'ɪnfənt,,n.婴儿,GRE
sodden,'sɑdn,,a.浸透了的,GRE
artifact,"'ɑrtə,fækt",,n.人工制品,GRE
seafaring,'sifɛrɪŋ,,a.航海的， 跟航海有关的,GRE
frugality,frʊ'gæləti,,n.朴素； 节俭,GRE
insouciant,ɪn'sʊsiənt,,a.漫不经心的,GRE
pedal,'pɛdl,,v.骑自行车 n.踏板，脚蹬,GRE
gustatory,"'gʌstə,tori",,a.味觉的， 品尝的,GRE
insightful,'ɪnsaɪtfəl,,a.富有洞察力的， 有深刻见解的,GRE
impertinence,"im'pə:tinəns,-nənsi",,n.无礼， 粗鲁,GRE
lapse,læps,,n.失误； 流逝,GRE
quandary,'kwɑndəri,,n.困惑， 进退两难， 窘境,GRE
latent,'letnt,,a.潜在的， 潜伏的,GRE
regenerate,rɪ'dʒɛnəret,,v.改造， 改进； 使再生， 新生,GRE
unquestionable,ʌn'kwɛstʃənəbl,,a.毫无疑问的， 无懈可击的,GRE
stanza,'stænzə,,n.节， 段,GRE
unfounded,ʌn'faʊndɪd,,a.无事实根据的,GRE
impute,im'pju:t,,v.归咎于； 归于,GRE
muddle,'mʌdl,,n.迷惑， 困惑； 混乱,GRE
ponderous,'pɑndərəs,,a.笨重的， 不便搬运的,GRE
pirate,'paɪrət,,v.盗印； 掠夺 n.海盗；剽窃者,GRE
infection,ɪn'fɛkʃən,,n.传染； 感染,GRE
actuate,'æktʃuet,,v.开动， 促使,GRE
emigrate,'ɛmɪɡret,,v.移居国外,GRE
hoax,hoks,,v.欺骗 n.骗局，恶作剧,GRE
cleft,klɛft,,a.劈开的 n.裂缝,GRE
deserter,dɪ'zɝtɚ,,n.背弃者； 逃兵,GRE
damped,dæmpt,,a.潮湿的； 减震的， 压低的,GRE
desist,dɪ'zɪst,,v.停止， 中止,GRE
elite,ɪˈliːt,,n.精英； 主力， 中坚,GRE
zealotry,'zelətri,,n.狂热,GRE
crimson,'krɪmzn,,a.绯红色的 v.变得绯红 n.绯红色,GRE
growl,ɡraʊl,,v.咆哮， 吼叫； 轰鸣,GRE
cavil,'kævl,,v.挑毛病， 吹毛求疵,GRE
anomalous,ə'nɑmələs,,a.反常的； 不协调的,GRE
lexicon,'lɛksɪkən,,n.词典,GRE
predatory,'prɛdətɔri,,a.掠夺的； 食肉的,GRE
unintelligible,'ʌnɪn'tɛlədʒəbl,,a.不可能理解的， 难懂的,GRE
waspish,'wɑspɪʃ,,a.易怒的； 尖刻的,GRE
touching,'tʌtʃɪŋ,,a.动人的， 感人的； 令人同情的,GRE
murmur,'mɝmɚ,,v.柔声地说； 抱怨,GRE
muddy,'mʌdi,,a.多泥的， 泥泞的； 浑浊的， 不清的,GRE
ritzy,'rɪtsi,,a.高雅的； 势利的,GRE
ravage,'rævɪdʒ,,v.摧毁， 使荒废,GRE
barren,'bærən,,a.不育的； 贫瘠的； 不结果实的,GRE
grove,ɡrov,,n.小树林， 树丛,GRE
grandiose,'ɡrændɪos,,a.宏伟的； 浮夸的,GRE
antiquity,æn'tɪkwəti,,n.古老； 古人；  古迹,GRE
centralization,ˌsentrələ'zeɪʃn,,n.集中； 集权化,GRE
foster,'fɔstɚ,,v.鼓励， 促进； 养育， 抚养,GRE
choice,tʃɔɪs,,a.上等的； 精选的,GRE
incidence,'ɪnsɪdəns,,n.发生， 出现； 发生率,GRE
gregarious,grɪ'gɛrɪəs,,a.群居的； 爱社交的,GRE
peevish,'pivɪʃ,,a.不满的， 抱怨的； 暴躁的， 坏脾气的， 易怒的,GRE
stomach,'stʌmək,,v.吃得下； 容忍,GRE
emulate,'ɛmjulet,,v.与…竞争， 努力赶上,GRE
synthesize,'sɪnθəsaɪz,,v.综合； 合成,GRE
irascible,ɪ'ræsəbl,,a.易怒的,GRE
flatten,'flætn,,v.变平； 彻底打败， 击倒,GRE
trek,trɛk,,v.艰苦跋涉,GRE
circumlocution,",sɝkəmlə'kjuʃən",,n.迂回累赘的陈述,GRE
vindictive,vɪn'dɪktɪv,,a.报复的,GRE
epilogue,'ɛpɪlɔɡ,,n.收场白； 尾声,GRE
piscatorial,",pɪskə'tɔriəl",,a.捕鱼的， 渔业的,GRE
interrupt,'ɪntə'rʌpt,,v.暂时中止； 打断， 打扰,GRE
feasible,'fizəbl,,a.可行的， 可能的,GRE
unassuming,'ʌnə'sʊmɪŋ,,a.不摆架子的， 不装腔作势的， 谦逊的,GRE
prescribe,prɪ'skraɪb,,v.开处方； 规定,GRE
proofread,'prufrid,,v.校正， 校对,GRE
flatter,'flætɚ,,v.恭维， 奉承,GRE
gross,ɡros,,a.总的；粗野的 n.全部， 总额,GRE
figment,'fɪɡmənt,,n.虚构的事,GRE
dampen,'dæmpən,,v.潮湿； 使沮丧， 泼凉水,GRE
bereave,bɪ'riv,,v.夺去， 丧亲,GRE
tact,tækt,,n.机智； 圆滑,GRE
hortative,'hɔ:tətiv,,a.劝告的； 激励的,GRE
archive,'ɑrkaɪv,,n.档案室,GRE
disarm,dɪs'ɑrm,,v.使缴械； 使缓和,GRE
reciprocity,",rɛsɪ'prɑsəti",,n.相互性； 互惠,GRE
eclipse,ɪ'klɪps,,n.日食， 月食； 黯然失色， 衰退,GRE
exorcise,"'ɛksɔr,saɪz",,v.驱除妖魔； 去除,GRE
soak,sok,,v.浸泡， 渗透,GRE
animosity,'ænə'mɑsəti,,n.憎恶， 仇恨,GRE
flagging,'flægiŋ,,a.下垂的； 衰弱的,GRE
sustain,sə'sten,,v.承受； 支撑,GRE
nadir,'nedɪr,,n.最低点,GRE
metrical,'mɛtrɪkl,,a.测量的； 韵律的,GRE
composure,kəm'pəuʒə,,n.镇静， 沉着； 自若,GRE
insurmountable,",ɪnsɚ'maʊntəbl",,a.不能克服的， 不能超越的,GRE
inherently,ɪnˈhɪrəntlɪ,,ad.固有地， 天性地,GRE
uphold,ʌpˈhoʊld,,v.维护， 支持,GRE
nostalgia,nə'stældʒə,,n.思乡； 怀旧之情,GRE
viscous,'vɪskəs,,a.黏滞的， 黏性的， 黏的,GRE
festive,'fɛstɪv,,a.欢宴的， 节日的,GRE
craven,'krevn,,a.懦弱的， 畏缩的,GRE
encounter,ɪn'kaʊntɚ,,v.遭遇； 邂逅,GRE
centripetal,sɛn'trɪpɪtl,,a.向心的,GRE
landslide,'lændslaɪd,,n.山崩； 压倒性的胜利,GRE
agrarian,ə'ɡrɛrɪən,,a.土地的,GRE
sock,sɑk,,v.重击， 痛打,GRE
extrovert,",ɛkstrə'vɝt",,n.性格外向者,GRE
irrepressible,",ɪrɪ'prɛsəbl",,a.抑制不住的， 压抑不住的,GRE
snippet,'snippit,,n.小片， 片段,GRE
repulse,rɪ'pʌls,,v.击退；回绝 n.击退； 回绝， 拒绝,GRE
hoarse,hɔrs,,a.嘶哑的， 粗哑的,GRE
tauten,'tɔtn,,v.拉紧， 绷紧,GRE
diligence,'dɪlɪdʒəns,,n.勤勉， 勤奋,GRE
opine,o'paɪn,,v.想， 以为,GRE
evaluation,"ɪ,væljʊ'eʃən",,n.评价， 评估,GRE
tramp,træmp,,v.重步走,GRE
traitor,'tretɚ,,n.卖国贼， 叛徒,GRE
trim,trɪm,,v.修剪 a.井井有条的,GRE
nubile,'njʊbɪl,,a.适婚的； 性感的,GRE
vaulted,'vɔltɪd,,a.拱形的,GRE
fiat,"ˈfiət, -ˌæt, -ˌɑt, ˈfaɪˌæt, -ət",,n.法令， 政令,GRE
fictitious,fɪk'tɪʃəs,,a.假的； 虚构的,GRE
prime,praɪm,,a.首先的； 主要的； 最好的 n.全盛时期,GRE
amble,'æmbl,,v.缓行， 漫步,GRE
domesticated,də'mestikeitid,,a.驯养的， 家养的,GRE
venture,'vɛntʃɚ,,v.敢于；冒险 n.冒险,GRE
corrosive,kə'rosɪv,,a.腐蚀性的， 腐蚀的， 蚀坏的,GRE
discern,dɪ'sɝn,,v.识别， 看出,GRE
propensity,prə'pɛnsəti,,n.嗜好， 习性,GRE
flexible,'flɛksəbl,,a.易弯曲的； 灵活的,GRE
transience,'trænʃəns,,n.短暂， 稍纵即逝,GRE
intoxicate,"in'tɔksikeit, -kit, -keit",,v.沉醉， 欣喜若狂； 喝醉,GRE
replenish,rɪ'plɛnɪʃ,,v.补充， 把…再备足,GRE
amenable,ə'minəbl,,a.顺从的； 愿接受的,GRE
piousness,'paɪəsnəs,,n.虔诚,GRE
soil,sɔɪl,,v.弄脏， 污辱,GRE
solidify,sə'lɪdɪfaɪ,,v.巩固， 凝固， 团结,GRE
interloper,'ɪntɚlopɚ,,n.闯入者,GRE
interweave,",ɪntɚ'wiv",,v.交织,GRE
reprehend,",repri'hend",,v.谴责， 责难,GRE
involvement,ɪn'vɔlvmənt,,n.参与； 连累； 投入,GRE
scraggly,'skræɡli,,a.凹凸不平的； 散乱的,GRE
dictum,'dɪktəm,,n.格言， 声明,GRE
spark,spɑrk,,n.火花， 火星,GRE
disparity,dɪ'spærəti,,n.不同， 差异,GRE
integral,'ɪntɪɡrəl,,a.构成整体所必需的； 完整的,GRE
empirically,ɪm'pɪrɪkli,,ad.凭经验地,GRE
feigned,feind,,a.假装的； 假的； 不真诚的,GRE
replicate,'rɛplɪket,,v.复制,GRE
equable,'ɛkwəbl,,a.稳定的， 不变的； 温和的,GRE
desultory,'dɛsəltɔri,,a.不连贯的； 散漫的,GRE
affirmation,",æfɚ'meʃən",,n.肯定； 断言,GRE
atonement,ə'tonmənt,,n.弥补,GRE
mutter,'mʌtɚ,,v.咕哝， 嘀咕,GRE
glee,ɡli,,n.欢喜， 高兴,GRE
publicize,'pʌblɪsaɪz,,v.宣传， 宣扬； 引人注意,GRE
archer,'ɑrtʃɚ,,n.弓箭手， 射手,GRE
cultivate,'kʌltɪvet,,v.种植； 培养,GRE
ineffable,ɪn'ɛfəbl,,a.不可言喻的， 难以表达的； 避讳的,GRE
stouthearted,'staʊt'hɑrtɪd,,a.刚毅的， 大胆的,GRE
purse,pɝs,,v.缩拢，皱起 n.钱包,GRE
represent,",rɛprɪ'zɛnt",,v.呈现； 代表； 体现,GRE
apathetic,",æpə'θɛtɪk",,a.无感情的； 无兴趣的,GRE
inconvenient,",ɪnkən'vinɪənt",,a.不便的， 打扰的， 造成麻烦的,GRE
glib,glɪb,,a.圆滑的， 能言善道的， 善辩的,GRE
obsequiousness,əb'siːkwiəsnəs,,n.谄媚,GRE
bewildering,bɪ'wɪldərɪŋ,,a.令人困惑的； 令人费解的,GRE
scrutable,'skrʊtəbl,,a.可以了解的， 可解读的,GRE
absurd,əbˈsɝ​d,,a.荒谬的， 可笑的,GRE
outdated,'aʊt'detɪd,,a.过时的,GRE
prior,'praɪɚ,,a.在前的； 优先的,GRE
sweltering,'swɛltərɪŋ,,a.酷热的,GRE
trait,tret,,n.显著特性,GRE
purgatory,'pɝɡətɔri,,n.炼狱,GRE
serviceable,'sɝvɪsəbl,,a.可用的， 耐用的,GRE
impregnable,ɪm'prɛɡnəbl,,a.固若金汤的， 无法攻破的,GRE
vault,vɔlt,,n.拱顶； 地窖,GRE
venerate,'vɛnəret,,v.崇敬， 敬仰,GRE
creep,krip,,v.匍匐前进； 悄悄地移动， 蹑手蹑脚地走,GRE
deciduous,dɪ'sɪdʒuəs,,a.非永久的； 短暂的； 脱落的； 落叶的,GRE
contradictory,",kɑntrə'dɪktəri",,a.反驳的， 反对的， 抗辩的,GRE
obviate,'ɑbvɪet,,v.排除， 消除,GRE
accompany,ə'kʌmpəni,,v.伴随， 陪伴,GRE
perspicuous,pə'spikjuəs,,a.明晰的， 明了的,GRE
seamy,'simi,,a.丑恶的， 污秽的,GRE
interlard,",intə'lɑ:d",,v.使混杂， 混入,GRE
minnow,'mɪno,,n.鲤科， 小鱼,GRE
platitude,'plætɪtud,,n.陈词滥调,GRE
subpoena,sə'pinə,,v.传讯 n.【律】传票,GRE
hinge,hɪndʒ,,n.铰链； 关键,GRE
gourmand,'ɡuəmənd,,n.嗜食者,GRE
earthiness,'ə:θi:nis,,n.土质， 土性,GRE
tactile,'tæktl,,a.有触觉的,GRE
hone,hon,,v.磨刀 n.磨刀石,GRE
schematize,'skimətaɪz,,v.扼要表示,GRE
insouciance,ɪn'susɪəns,,n.漠不关心， 漫不经心,GRE
amalgam,ə'mælɡəm,,n.混合物,GRE
atonal,e'tonl,,a.无调的,GRE
yummy,'jʌmi,,a.美味的， 可口的,GRE
tamp,tæmp,,v.捣实， 夯实,GRE
gesticulate,dʒɛ'stɪkjulet,,v.做手势表达,GRE
spank,spæŋk,,v.掌掴， 拍打,GRE
solo,'solo,,a.单独的 n.独唱,GRE
impend,ɪmˈpɛnd,,v.威胁； 即将发生,GRE
potted,'pɑtɪd,,a.盆栽的； 瓶装的， 罐装的， 壶装的,GRE
pious,'paɪəs,,a.虔诚的,GRE
tame,teɪm,,a.驯服的； 沉闷的， 平淡的,GRE
peculiar,pɪ'kjulɪɚ,,a.独特的； 古怪的,GRE
bovine,'bovaɪn,,a.牛的； 迟钝的,GRE
terrorize,'tɛrəraɪz,,v.恐吓,GRE
idiom,'ɪdɪəm,,n.方言， 土语； 术语； 特有用语； 风格， 特色,GRE
unrecognized,ʌn'rɛkəg'naɪzd,,a.未被承认的， 未被认出的,GRE
curdle,'kɝdl,,v.使凝结， 变稠,GRE
fathom,'fæðəm,,v.彻底了解， 弄清真相 n.英寻,GRE
hoop,hup,,n.箍， 铁环,GRE
lacerate,'læsəret,,v.撕裂； 深深伤害,GRE
demolition,",dɛmə'lɪʃən; ,dimə'lɪʃən",,n.破坏， 毁坏,GRE
whimsical,'wɪmzɪkl,,a.古怪的， 异想天开的,GRE
conjoin,kən'dʒɔɪn,,v.使结合,GRE
ridicule,'rɪdɪ'kjʊl,,n.嘲笑， 奚落,GRE
propulsion,prə'pʌlʃən,,n.推进力,GRE
protest,prəˈtɛst;protɛst,,v.抗议， 反对 n.抗议， 反对,GRE
operative,'ɑpərətɪv,,a.实施中的， 运行着的； 生效的,GRE
culprit,'kʌlprɪt,,n.罪犯,GRE
scintillate,"'sɪntl,et",,v.闪烁； 焕发才智,GRE
singe,sɪndʒ,,v.烧焦， 烤焦,GRE
univocal,jʊ'nɪvəkl,,a.单一意思的,GRE
underground,ʌndɚˈɡraʊnd,,ad.在地下；秘密地 a.地下的； 秘密的,GRE
irate,aɪ'ret,,a.发怒的,GRE
appease,ə'piz,,v.使平静， 安抚,GRE
impede,ɪm'pid,,v.妨碍,GRE
rollicking,'rɑlɪkɪŋ,,a.欢乐的， 喧闹的,GRE
anvil,'ænvɪl,,n.铁砧,GRE
gratuity,ɡrə'tuəti,,n.赏钱， 小费,GRE
credo,'krido,,n.信条,GRE
smirk,smɝk,,v.假笑， 得意地笑,GRE
brusqueness,'brʌsknəs,,n.唐突； 直率,GRE
file,faɪl,,n.档案，卷宗 v.把…归档[存档],GRE
induction,ɪn'dʌkʃən,,n.就职； 归纳,GRE
intrepid,ɪn'trɛpɪd,,a.勇敢的， 刚毅的,GRE
insular,'ɪnsəlɚ,,a.岛屿的； 心胸狭窄的,GRE
tart,tɑrt,,a.酸的； 尖酸的,GRE
heave,hiv,,v.用力举,GRE
natty,'næti,,a.整洁的； 敏捷的， 灵巧的,GRE
creed,krid,,n.教义； 信条,GRE
neonate,'nionet,,n.新生儿,GRE
chasten,'tʃesn,,v.改正； 磨炼,GRE
positive,'pɑzətɪv,,a.积极的；明确的；有信心的；无条件的 n.正片； 积极的要素或特点,GRE
satanic,sə'tænɪk,,a.似撒旦的， 魔鬼的， 邪恶的,GRE
prospect,'prɑspɛkt,,v.勘探 n.期望； 前景,GRE
septic,'sɛptɪk,,a.腐败的； 脓毒性的,GRE
jubilation,",dʒubɪ'leʃən",,n.欢腾， 欢庆,GRE
rustle,'rʌsl,,v.发出沙沙声,GRE
twinge,twɪndʒ,,n.剧痛,GRE
return,rɪ'tɝn,,v.回复；归还；回答，反驳 a.返回的； 重现的 n.回报,GRE
specialize,'spɛʃəlaɪz,,v.专门研究,GRE
vaunting,'vɔ:ntiŋ,,a.吹嘘的， 傲慢的,GRE
seraphic,sə'ræfɪk,,a.如天使般的， 美丽的,GRE
hyperactivity,",haɪpəræk'tɪvəti",,n.活动过度， 极度活跃,GRE
consonant,'kɑnsənənt,,a.协调的， 一致的,GRE
inconsequential,ɪn'kɑnsə'kwɛnʃəl,,a.不重要的， 微不足道的,GRE
convoluted,'kɑnvəlutɪd,,a.旋绕的； 费解的,GRE
receptive,rɪ'sɛptɪv,,a.善于接受的， 能接纳的,GRE
heterogeneous,'hɛtərə'dʒinɪəs,,a.异类的， 多样化的,GRE
astound,ə'staʊnd,,v.使震惊,GRE
inviolate,ɪn'vaɪələt,,a.不受侵犯的， 未受损害的,GRE
host,host,,n.东道主； 寄主， 宿主,GRE
kipper,'kɪpɚ,,v.腌制， 熏制 by salting and smoking),GRE
spate,spet,,n.许多， 大量； 暴涨， 发洪水,GRE
sophism,'sɑfɪzəm,,n.诡辩； 诡辩法,GRE
clutter,'klʌtɚ,,v.弄乱 n.零乱,GRE
illustrate,'ɪləstret,,v.举例说明， 用图表等说明； 阐明,GRE
hardbitten,ˌhɑːrd'bɪtn,,a.不屈的， 顽强的,GRE
irreconcilable,ɪ'rɛkənsaɪləbl,,a.无法调和的， 矛盾的,GRE
definitive,dɪ'fɪnətɪv,,a.明确的， 有权威的； 最终的,GRE
unbosom,ʌn'bʊzəm,,v.倾诉， 吐露,GRE
nomad,'nomæd,,n.流浪者； 游牧部落的人,GRE
abrade,ə'bred,,v.擦伤， 磨损,GRE
horn,hɔrn,,n.角； 喇叭,GRE
infer,ɪn'fɝ,,v.推断， 推论， 推理,GRE
monograph,'mɑnəɡræf,,n.专题论文,GRE
transit,'træzɪt,,v.通过 n.通过；改变；运输,GRE
saturnine,'sætə(:)nain,,a.忧郁的， 阴沉的,GRE
contumacious,",kɑntu'meʃəs",,a.违抗的， 不服从的,GRE
uninspired,",ʌnɪn'spaɪɚd",,a.无灵感的， 枯燥的,GRE
concoction,kən'kɑkʃən,,n.混合,GRE
adolescent,",ædə'lɛsnt",,a.青春期的 n.青少年,GRE
synoptic,sɪ'nɑptɪk,,a.摘要的,GRE
populous,'pɑpjələs,,a.人口稠密的,GRE
glow,ɡlo,,v.发光，发热；发红 n.发光； 兴高采烈,GRE
exhume,ɪɡ'zum,,v.掘出， 发掘,GRE
petty,'pɛti,,a.琐碎的， 次要的； 小气的,GRE
sentiment,'sɛntɪmənt,,n.多愁善感； 思想感情,GRE
patent,'pætnt,,a.显而易见的 n.专利权,GRE
acrimonious,",ækri'məunjəs",,a.尖酸刻薄的， 激烈的,GRE
pollen,'pɑlən,,n.花粉,GRE
outwit,",aʊt'wɪt",,v.以机智胜过,GRE
blanch,blæntʃ,,v.使变白； 使变苍白,GRE
groove,ɡruv,,n.沟， 槽， 辙； 字沟； 习惯,GRE
subvention,səb'vɛnʃən,,n.补助金， 津贴,GRE
quantum,'kwɑntəm,,n.量子； 定量,GRE
sour,'saʊɚ,,a.酸的,GRE
plumber,'plʌmɚ,,n.管子工， 铅管工,GRE
philistine,'fɪlɪstin,,n.庸俗的人， 对文化艺术无知的人,GRE
aboveboard,ə'bʌv'bord,,adj&adv.光明正大的  and open),GRE
mysticism,'mɪstɪsɪzəm,,n.神秘主义,GRE
agitate,ˈædʒɪˌteɪt,,v.鼓动， 煽动； 使不安， 使焦虑,GRE
nebulous,'nɛbjələs,,a.模糊的； 云状的,GRE
brochure,bro'ʃʊr,,n.小册子， 说明书,GRE
unscented,ʌn'sentid,,a.无气味的,GRE
equation,ɪ'kweʒn,,n.等式； 等同， 相等,GRE
deviation,'divɪ'eʃən,,n.背离,GRE
volition,vəˈlɪʃən,,n.意志， 决断力,GRE
discredit,dɪs'krɛdɪt,,v.怀疑 n.丧失名誉,GRE
badger,'bædʒɚ,,v.烦扰， 纠缠不休 n.獾,GRE
underlie,",ʌndɚ'laɪ",,v.位于…之下； 构成…的基础； 【经】优先于,GRE
complicate,'kɑmplɪket,,v.使复杂化,GRE
taut,tɔt,,a.绷紧的， 拉紧的,GRE
credible,'krɛdəbl,,a.可信的， 可靠的,GRE
intentional,ɪn'tɛnʃənl,,a.存心的， 故意的,GRE
giddy,'ɡɪdi,,a.轻浮的， 轻率的,GRE
procession,prə'sɛʃən,,n.行列； 列队行进,GRE
ongoing,'ɑnɡoɪŋ,,a.进行中的； 前进的； 不间断的,GRE
adventitious,",ædvɛn'tɪʃəs",,a.偶然的,GRE
sliver,'slɪvɚ,,v.裂成细片 n.薄长条,GRE
constellation,",kɑnstə'leʃən",,n.星座； 星群,GRE
ignorant,'ɪɡnərənt,,a.无知的， 愚昧的,GRE
trample,'træmpl,,v.踩坏， 践踏； 蹂躏,GRE
negligible,'nɛɡlɪdʒəbl,,a.可以忽略的， 微不足道的,GRE
bombastic,bɑm'bæstɪk,,a.夸夸其谈的,GRE
chastisement,tʃæ'staizmənt,,n.惩罚,GRE
distinguish,dɪ'stɪŋɡwɪʃ,,v.成为…的特征， 使有别于； 把…分类； 区别， 辨别,GRE
primordial,praɪ'mɔrdɪəl,,a.原始的， 最初的,GRE
savvy,'sævi,,a.有见识的， 精明的,GRE
husbandry,'hʌzbəndri,,n.农业,GRE
negligibly,'neglɪdʒəbli,,ad.无足轻重地， 不值一提地,GRE
wield,wild,,v.行使； 支配， 控制,GRE
caulk,kɔk,,v.填塞使不漏水,GRE
infectious,ɪn'fɛkʃəs,,a.传染的， 有传染性的,GRE
prominent,'prɑmɪnənt,,a.显著的； 著名的,GRE
superiority,"su,pɪrɪ'ɔrəti",,n.优越,GRE
ranching,'ræntʃɪŋ,,n.大牧场,GRE
exceptionable,ɪk'sepʃənəbl,,a.引起反感的,GRE
entitle,ɪn'taɪtl,,v.使有权,GRE
outline,'aʊtlaɪn,,n.轮廓； 概要,GRE
nominal,'nɑmɪnl,,a.名义上的， 有名无实的,GRE
excess,'ɛk'sɛs,,n.过分， 过度,GRE
perspective,pɚ'spɛktɪv,,n.思考方法； 观点， 看法； 透视法,GRE
necessitous,nə'sɛsɪtəs,,a.贫困的； 紧迫的,GRE
iterate,'ɪtərət,,v.重申， 重做,GRE
invade,ɪn'ved,,v.侵略， 侵入,GRE
dogma,'dɔɡmə,,n.教条， 信条,GRE
prognosis,prɑg'nosɪs,,n.【医】预断， 预后,GRE
repine,ri'pain,,v.不满， 抱怨,GRE
sacrilege,'sækrəlɪdʒ,,n.亵渎， 冒犯神灵,GRE
adverse,"ædˈvɚs, ˈædˌvɚs",,a.有害的， 不利的； 敌对的， 相反的,GRE
cadge,kædʒ,,v.乞讨； 占便宜,GRE
gourmet,'ɡʊrme,,n.美食家,GRE
consign,kən'saɪn,,v.托运； 托人看管,GRE
reputation,",rɛpju'teʃən",,n.名声,GRE
redoubtable,rɪ'daʊtəbl,,a.令人敬畏的， 可怕的,GRE
genesis,'dʒɛnəsɪs,,n.创始， 起源,GRE
argumentative,",ɑrɡju'mɛntətɪv",,a.好争辩的， 好争吵的,GRE
restrain,rɪ'stren,,v.克制， 抑制,GRE
provincial,prə'vɪnʃl,,a.省的， 地方的； 偏狭的， 粗俗的,GRE
adhesive,əd'hisɪv,,a.黏着的，带黏性的 n.黏合剂,GRE
monumental,",mɑnju'mɛntl",,a.极大的； 纪念碑的,GRE
profundity,prə'fʌndəti,,n.深奥的事物； 深刻， 深厚,GRE
rankle,'ræŋkl,,v.怨恨； 激怒,GRE
misapprehension,"'mis,æpri'henʃən",,n.误会， 误解,GRE
multifarious,",mʌltɪ'fɛrɪəs",,a.多种的， 各式各样的,GRE
conflict,'kɑnflɪkt,,v.斗争， 冲突， 抵触 n.冲突,GRE
preconception,",prikən'sɛpʃən",,n.先入之见； 偏见,GRE
squat,skwɑt,,v.蹲下 a.矮胖的,GRE
decisiveness,dɪ'saɪsɪvnəs,,n.坚决， 果断,GRE
barrister,'bærɪstɚ,,n.出庭律师； 律师,GRE
derivative,də'rɪvətɪv,,a.派生的； 无创意的,GRE
purge,pɝdʒ,,v.清洗， 洗涤,GRE
outfox,",aʊt'fɑks",,v.以机智胜过,GRE
unreserved,'ʌnrɪ'zɝvd,,a.无限制的； 未被预订的,GRE
causal,'kɔzl,,a.原因的， 因果关系的,GRE
fallacious,fə'leʃəs,,a.欺骗性的， 误导的； 谬误的,GRE
mansion,'mænʃən,,n.公寓； 大厦,GRE
summary,'sʌməri,,a.摘要的， 简略的 n.摘要，概要,GRE
akin,ə'kɪn,,a.同族的； 类似的,GRE
accustom,ə'kʌstəm,,v.使习惯,GRE
feline,'filaɪn,,a.猫的， 猫科的,GRE
inebriate,i'ni:briət,,v.使…醉 n.酒鬼， 酒徒,GRE
antedate,",æntɪ'det",,v.填写比实际日期早的日期； 早于,GRE
corrode,kə'rod,,v.腐蚀， 侵蚀,GRE
artificial,",ɑrtɪ'fɪʃl",,a.人造的， 假的,GRE
chastise,tʃæ'staɪz,,v.严惩； 谴责,GRE
lattice,'lætɪs,,n.格子架,GRE
spined,'spaɪnd,,"a.有背骨的, 有脊柱的",GRE
vaporize,'vepə'raɪz,,v.蒸发,GRE
humanistic,",hjʊmən'ɪstɪk",,a.人性的； 人文主义的,GRE
pander,'pændɚ,,v.怂恿， 迎合,GRE
chronological,",krɑnə'lɑdʒɪkl",,a.按年代顺序排列的,GRE
coerce,ko'ɝs,,v.强迫； 压制,GRE
encapsulation,"ɪn,kæpsə'leʃən",,n.包装,GRE
sculptural,'skʌlptʃərəl,,a.雕刻的； 雕刻般的,GRE
defuse,",di'fjuz",,v.拆除引信， 使除去危险性；平息,GRE
desirable,dɪ'zaɪərəbl,,a.值得要的,GRE
quixotic,kwik'sɔtik,,a.不切实际的， 空想的,GRE
instill,ɪn'stɪl,,v.滴注； 逐渐灌输,GRE
ingest,ɪn'dʒɛst,,v.咽下， 吞下,GRE
defensive,dɪ'fɛnsɪv,,a.自卫的 n.戒备； 防御,GRE
profiteer,",prɑfə'tɪə",,n.奸商， 牟取暴利者,GRE
jeer,dʒɪr,,v.嘲笑,GRE
typhoon,taɪ'fʊn,,n.台风,GRE
opportune,ˌɔpə'tun,,a.合适的， 适当的,GRE
deplore,dɪ'plɔr,,v.悲悼， 哀叹； 谴责,GRE
compress,kəm'prɛs,,v.压缩； 压紧,GRE
resilient,rɪ'zɪlɪənt,,a.有弹性的； 能恢复活力的， 适应力强的,GRE
embezzlement,ɪm'bɛzlmənt,,n.贪污， 盗用,GRE
traceable,'tresəbl,,a.可追踪的,GRE
fallible,'fæləbl,,a.易犯错的,GRE
occlude,ə'klud,,v.使闭塞,GRE
unexceptionable,'ʌnɪk'sɛpʃənəbl,,a.无可挑剔的,GRE
discrepancy,dɪs'krɛpənsi,,n.差异， 矛盾,GRE
symbiosis,",sɪmbaɪ'osɪs",,n.共生,GRE
natal,'netl,,a.出生的， 诞生时的,GRE
prolong,prəˈlɑːŋ,,v.延长， 拉长,GRE
antiquated,'æntɪkwetɪd,,a.陈旧的， 过时的； 年老的,GRE
distress,dɪ'strɛs,,n.痛苦， 悲痛,GRE
linguistics,lɪŋ'ɡwɪstɪks,,n.语言学,GRE
irksome,'ɝksəm,,a.令人苦恼的， 讨厌的,GRE
substitute,'sʌbstɪtut,,v.代替 n.代替品,GRE
uniform,junəˌfɔrm,,a.相同的， 一致的 n.制服,GRE
overconfident,ˌouvər'kɑːnfɪdənt,,a.过于自信的， 自负的,GRE
cadet,kə'dɛt,,n.军校或警官学校的学生,GRE
scatter,'skætɚ,,v.散开， 驱散,GRE
violate,'vaɪəlet,,v.违反， 侵犯,GRE
muted,'mju:tid,,a.减弱的， 变得轻柔的,GRE
outlying,'aʊtlaɪɪŋ,,a.边远的， 偏僻的,GRE
inhabit,ɪn'hæbɪt,,v.居住于； 占据,GRE
spat,spæt,,n.口角， 小争论,GRE
fascinating,'fæsɪnetɪŋ,,a.迷人的， 醉人的,GRE
agenda,ə'dʒɛndə,,n.议程,GRE
comma,'kɑmə,,n.逗号,GRE
thump,θʌmp,,v.重击， 捶击,GRE
vivacious,vɪ'veʃəs,,a.活泼的， 有生气的， 快活的,GRE
nonplus,",nɔn'plʌs, 'nɔnplʌs",,v.使困惑 n.迷惑， 困惑,GRE
reconnaissance,rɪ'kɑnɪsns,,n.侦察， 预先勘测,GRE
inadvisable,'ɪnəd'vaɪzəbl,,a.不明智的， 不妥当的,GRE
span,spæn,,n.跨度； 两个界限间的距离,GRE
bizarre,bɪ'zɑr,,a.奇异的， 古怪的,GRE
astronomical,",æstrə'nɑmɪkl",,a.极大的； 天文学的,GRE
well-intentioned,'weliŋ'tenʃənd,,a.出于善意的,GRE
allure,əˈlʊr,,v.引诱， 诱惑,GRE
cauterize,'kɔ:təraiz,,v.烧灼以消毒或止血,GRE
epigram,'epiɡræm,,n.讽刺短诗， 警句,GRE
spree,spri,,n.狂欢,GRE
incongruity,",ɪnkɑŋ'grʊəti",,n.不协调， 不相称,GRE
arresting,ə'rɛstɪŋ,,a.醒目的， 引人注意的,GRE
circuitous,sɚ'kjʊɪtəs,,a.迂回的， 绕圈子的,GRE
commitment,kə'mɪtmənt,,n.承诺， 许诺,GRE
invariable,ɪn'vɛrərɪəbl,,a.恒定的， 不变的,GRE
solicit,sə'lɪsɪt,,v.恳求； 教唆,GRE
jocular,'dʒɑkjəlɚ,,a.滑稽的， 幽默的； 爱开玩笑的,GRE
disciple,dɪ'saɪpl,,n.信徒， 弟子,GRE
collision,kə'lɪʒən,,n.碰撞， 冲突,GRE
munificent,mju'nɪfɪsnt,,a.慷慨的； 丰厚的,GRE
arbiter,'ɑrbɪtɚ,,n.权威人士， 泰斗,GRE
calorie,'kæləri,,n.卡路里； 卡,GRE
rumble,'rʌmbl,,v.发出低沉的隆隆声,GRE
acerbic,ə'sɝbɪk,,a.尖酸的； 刻薄的,GRE
tract,trækt,,n.传单； 大片土地,GRE
skinflint,'skɪnflɪnt,,n.吝啬鬼,GRE
umbrage,'ʌmbrɪdʒ,,n.不快， 愤怒,GRE
hypersensitive,",haɪpɚ'sɛnsətɪv",,a.非常敏感的,GRE
aggregate,'æɡrɪɡət; (for v.) æɡrɪˌɡet,,v.集合； 合计,GRE
transitoriness,'trænsətɔːrinəs,,n.暂时， 短暂,GRE
trace,tres,,v.追踪 n.痕迹,GRE
petal,'pɛtl,,n.花瓣,GRE
array,ə're,,v.部署 n.陈列； 大批,GRE
idiosyncracy,ˌɪdiːəu'sɪŋkrəsi,,n.特质,GRE
track,træk,,v.跟踪， 追踪 n.轨迹，踪迹；道路，路径；轨道,GRE
potentate,'pəutənteit,,n.统治者， 君主,GRE
unliterary,ʌn'lɪtəreri,,a.不矫揉造作的， 不咬文嚼字的,GRE
pecan,pɪ'kɑn,,n.山核桃,GRE
monetary,'mʌnɪtɛri,,a.金钱的； 货币的,GRE
stifle,'staɪfl,,v.感到窒息； 抑止,GRE
demolish,dɪ'mɑlɪʃ,,v.破坏， 摧毁； 拆除,GRE
blooming,'blumɪŋ,,a.开着花的； 旺盛的,GRE
serial,'sɪrɪəl,,a.连续的， 一系列的,GRE
unflappable,",ʌn'flæpəbl",,a.不惊慌的， 镇定的,GRE
persiflage,'pɝsɪflɑʒ,,n.挖苦， 嘲弄,GRE
spew,spju,,v.呕吐； 大量喷出,GRE
derivation,'dɛrə'veʃən,,n.发展， 起源； 词源,GRE
invoice,'ɪnvɔɪs,,v.给开发票 n.发票，发货清单,GRE
ennui,ɑn'wi,,n.倦怠；,GRE
comic,'kɑmɪk,,a.可笑的；喜剧的 n.喜剧演员,GRE
divagate,'daivəɡeit,,v.离题； 飘泊,GRE
unsettle,",ʌn'sɛtl",,v.使不安宁， 扰乱,GRE
vague,veɡ,,a.含糊的， 不明确的； 模糊的,GRE
gingerly,'dʒɪndʒɚli,,adj&adv.小心的； 谨慎的,GRE
civility,sə'vɪləti,,n.彬彬有礼， 斯文,GRE
resplendent,rɪ'splɛndənt,,a.华丽的， 光辉的,GRE
kangaroo,",kæŋɡə'ru",,n.袋鼠,GRE
ephemeral,ə'fɛmərəl,,a.朝生暮死的； 生命短暂的,GRE
amiability,",emɪə'bɪləti",,n.亲切， 友善,GRE
accuracy,'ækjərəsi,,n.精确， 准确,GRE
redistribution,ˌriːdɪ'strɪbjuːʃn,,n.重新分配,GRE
overbearing,",ovɚ'bɛrɪŋ",,a.专横的， 独断的,GRE
smattering,'smætərɪŋ,,n.略知； 少数,GRE
quote,kwot,,v.引用， 引述,GRE
quota,'kwotə,,n.定额， 配额,GRE
dilapidated,di'læpideitid,,a.破旧的， 毁坏的,GRE
thermal,'θɝml,,a.热的，热量的；温暖的 n.上升的暖气流,GRE
scorn,skɔrn,,v.轻蔑， 瞧不起 n.轻蔑,GRE
rag,ræɡ,,n.旧布， 碎布； 破旧衣服,GRE
diagnostic,",daɪəɡ'nɑstɪk",,a.诊断的 n.诊断,GRE
execrable,'ɛksɪkrəbl,,a.可憎的， 讨厌的,GRE
culpable,'kʌlpəbl,,a.有罪的， 该受谴责的,GRE
navigate,'nævə'get,,v.驾驶； 航行； 使通过,GRE
adaptability,"ə,dæptə'bɪləti",,n.适应性,GRE
sideshow,'saɪdʃo,,n.杂耍， 穿插表演,GRE
gainsay,",ɡen'se",,v.否认,GRE
idolatrize,"aɪ'dɑlə,traɪz",,v.奉为偶像， 盲目崇拜,GRE
promenade,",prɑmə'ned",,v.散步， 开车兜风 n.散步，开车兜风,GRE
topple,'tɑpl,,v.倾覆， 推倒,GRE
institute,'ɪnstɪtut,,v.设立，创立；制定 n.学院， 学会， 协会,GRE
endure,ɪn'dʊr,,v.忍受， 忍耐,GRE
poster,'postɚ,,n.海报， 招贴画,GRE
naysay,'neɪseɪ,,v.拒绝， 否认， 反对,GRE
convergent,kən'vɝdʒənt,,a.会聚的,GRE
swill,swɪl,,v.冲洗； 痛饮,GRE
pell-mell,'pel'mel,,ad.混乱地,GRE
begrudge,bɪ'ɡrʌdʒ,,v.吝啬， 勉强给,GRE
dual,'dʊəl,,a.双重的,GRE
omnipotent,ɑm'nɪpətənt,,a.全能的， 万能的,GRE
treatise,'tritɪs,,n.论文,GRE
dexterous,'dɛkstrəs,,a.灵巧的， 熟练的,GRE
cupidity,kju'pɪdəti,,n.贪婪,GRE
repetitious,",rɛpə'tɪʃəs",,a.重复的,GRE
aspect,'æspɛkt,,n.方面； 面貌， 外表,GRE
slimy,'slaɪmi,,a.黏滑的,GRE
mitigate,'mɪtɪɡet,,v.使缓和， 使减轻,GRE
self-assertion,'selfə'sə:ʃən,,n.自作主张,GRE
signify,'sɪɡnɪfaɪ,,v.表示； 有重要性,GRE
fanciful,'fænsɪfl,,a.幻想的， 奇特的,GRE
slink,slɪŋk,,v.溜走，  潜逃,GRE
succinct,sək'sɪŋkt,,a.简明的， 简洁的,GRE
reconciliation,",rɛkənsɪlɪ'eʃən",,n.和解； 调解,GRE
swine,swaɪn,,n.猪,GRE
swing,swɪŋ,,v.摇摆；旋转 n.秋千,GRE
pullet,'pulɪt,,n.小母鸡,GRE
dissect,"dɪˈsɛkt, daɪ-, ˈdaɪˌsɛkt",,v.解剖； 剖析,GRE
spin,spɪn,,v.旋转；纺纱 n.旋转,GRE
collateral,kə'lætərəl,,a.平行的；附属的；旁系的 n.担保品,GRE
scour,'skaʊɚ,,v.冲刷； 擦掉； 四处搜索,GRE
fleet,flit,,a.快速的 v.消磨， 疾驰； 飞逝， 掠过,GRE
imposture,ɪm'pɑstʃɚ,,n.冒充,GRE
saddle,'sædl,,n.鞍， 马鞍,GRE
jerk,dʒɝk,,v.猛拉 n.猛拉,GRE
guffaw,ɡə'fɔ,,v.哄笑 n.哄笑，粗声大笑,GRE
odium,'odɪəm,,n.憎恶， 反感,GRE
languor,'læŋɡə,,n.无精打采， 衰弱无力,GRE
dubious,'dubɪəs,,a.可疑的； 有问题的， 靠不住的,GRE
ductile,'dʌktaɪl,,a.易延展的； 可塑的,GRE
swift,swɪft,,a.迅速的； 敏捷的,GRE
liquidate,'lɪkwɪdet,,v.清算； 清偿,GRE
ratify,'rætɪfaɪ,,v.批准,GRE
unscrupulousness,ʌn'skruːpjələsnəs,,n.狂妄， 不择手段,GRE
amend,ə'mɛnd,,v.改正， 修正； 改善,GRE
finite,'faɪnaɪt,,a.有限的,GRE
propitious,prə'pɪʃəs,,a.吉利的， 顺利的； 有利的,GRE
consent,kən'sɛnt,,v.同意， 允许,GRE
benevolent,bə'nɛvələnt,,a.善心的， 仁心的,GRE
curator,kjʊ'retɚ,,n.馆长,GRE
contiguous,kən'tɪɡjuəs,,a.接壤的； 接近的,GRE
rifle,'raɪfl,,v.抢夺， 偷走 n.步枪,GRE
riveting,'rɪvɪtɪŋ,,a.非常精彩的， 引人入胜的,GRE
comprehensively,",kɑmprɪ'hɛnsɪvli",,ad.包括地； 全面地,GRE
incendiary,ɪn'sɛndɪɛri,,a.放火的， 纵火的,GRE
slouch,slaʊtʃ,,v.没精打采地坐 n.没精打采的样子,GRE
scamper,'skæmpɚ,,v.奔跑， 蹦蹦跳跳,GRE
foreclose,fɔr'kloz,,v.排除； 取消赎回权,GRE
svelte,sfɛlt,,a.体态苗条的,GRE
irresponsible,",ɪrɪ'spɑnsəbl",,a.不对更高一级负责的；不承担责任的；无责任感的；无负责能力的 n.不负责任的人， 无责任感的人,GRE
notate,'noutɪt,,v.以符号表示,GRE
enumerate,ɪ'numəret,,v.列举， 枚举,GRE
molecular,mə'lɛkjəlɚ,,a.分子的,GRE
morale,mə'ræl,,n.士气， 民心,GRE
expatriate,",ɛks'petrɪət",,v.驱逐， 流放； 移居国外,GRE
periphery,pə'rɪfəri,,n.次要部分； 外围， 周围； 外表面,GRE
estrange,i'streindʒ,,v.使疏远,GRE
intersect,'ɪntɚ'sɛkt,,v.相交； 贯穿， 横穿,GRE
embrace,ɪm'bres,,v.拥抱； 包含,GRE
judicious,dʒu'dɪʃəs,,a.有判断力的； 审慎的,GRE
spoilsport,'spɔɪlspɔrt,,n.使人扫兴的人,GRE
misogyny,maɪ'sɑdʒɪni,,n.厌恶女人,GRE
irritation,",ɪrə'teʃən",,n.愤怒， 恼怒,GRE
jest,dʒɛst,,v.说笑， 开玩笑 n.笑话，俏皮话,GRE
modify,'mɑdɪfaɪ,,v.修改， 更改,GRE
mortify,'mɔrtɪfaɪ,,v.使丢脸， 侮辱,GRE
villainous,'vɪlənəs,,a.邪恶的， 恶毒的,GRE
exempt,ɪg'zɛmpt,,a.被免除的，被豁免的 v.免除， 豁免,GRE
crab,kræb,,v.抱怨， 发牢骚 n.蟹，螃蟹,GRE
feminist,'fɛmənɪst,,n.女权运动者,GRE
albeit,",ɔl'biɪt",,conj.虽然， 尽管,GRE
aesthetic,esˈθetɪk; ɛsˈθɛtɪk,,a.美学的， 审美的,GRE
untouched,ʌn'tʌtʃt,,a.未触动过的， 未改变的,GRE
caption,'kæpʃən,,n.标题,GRE
yearn,jɝn,,v.盼望， 渴望,GRE
reincarnate,",riɪn'kɑrnet",,v.使转世,GRE
carbohydrate,",kɑrbo'haɪdret",,n.碳水化合物,GRE
rig,rɪɡ,,v.操纵， 垄断,GRE
defect,‘dɪfɛkt,,v.变节， 脱党 n.缺点，瑕疵,GRE
subsume,səb'sʊm,,v.包含， 包括,GRE
decline,dɪ'klaɪn,,v.拒绝；变弱，变小 n.消减,GRE
rip,rɪp,,v.撕， 撕裂,GRE
slobber,'slɑbɚ,,v.流口水； 情不自禁地说 n.口水,GRE
impound,ɪm'paʊnd,,v.限制； 依法没收， 扣押,GRE
embroider,ɪm'brɔɪdɚ,,v.刺绣， 镶边； 装饰,GRE
whistle,'wɪsl,,v.吹口哨， 鸣笛 n.口哨声；汽笛声,GRE
snappy,'snæpi,,a.生气勃勃的； 漂亮的， 时髦的,GRE
nonchalant,",nɑnʃə'lɑnt",,a.冷淡的， 冷漠的,GRE
guise,ɡaɪz,,n.外观， 装束； 伪装， 假装,GRE
trilogy,'trɪlədʒi,,n.三部曲,GRE
sterile,'stɛrəl,,a.贫瘠且无植被的； 无细菌的,GRE
animated,'ænə'metɪd,,a.活生生的， 生动的,GRE
mighty,'maɪti,,a.强有力的， 强大的； 巨大的,GRE
reactionary,rɪ'ækʃənɛri,,a.极端保守的， 反动的,GRE
sophomoric,",sɑfə'mɔrɪk",,a.一知半解的,GRE
repugnance,rɪ'pʌɡnəns,,n.嫌恶， 反感,GRE
imprudent,ɪm'prudnt,,a.轻率的； 不理智的,GRE
ail,el,,v.生病,GRE
portentous,pɔr'tɛntəs,,a.凶兆的,GRE
retain,rɪ'ten,,v.保留， 保持； 留住， 止住,GRE
drastic,'dræstɪk,,a.猛烈的， 激烈的,GRE
venial,'vinɪəl,,a.轻微的， 可原谅的,GRE
spear,spɪr,,v.用矛刺 n.矛；嫩枝,GRE
decorum,dɪ'kɔrəm,,n.礼节， 礼貌,GRE
accommodate,ə'kɑmədet,,v.与…一致； 提供住宿； 顺应， 使适应,GRE
tenacity,tə'næsɪti,,n.坚持， 固执,GRE
protagonist,prə'tæɡənɪst,,n.倡导者， 拥护者,GRE
prevaricate,prɪ'værə'ket,,v.支吾其词， 搪塞,GRE
intermission,'ɪntɚ'mɪʃən,,n.暂停， 间歇,GRE
sacred,'sekrɪd,,a.神圣的， 庄严的,GRE
braise,brez,,v.炖， 蒸,GRE
moat,mot,,n.壕沟； 护城河,GRE
circumspect,'sɝkəm'spɛkt,,a.慎重的,GRE
synopsis,sɪ'nɑpsɪs,,n.摘要， 概要,GRE
tribulation,",trɪbju'leʃən",,n.苦难， 忧患,GRE
prototype,'protə'taɪp,,n.原型； 典型,GRE
recollect,'rɛkə'lɛkt,,v.回忆； 想起,GRE
meditation,",mɛdɪ'teʃən",,n.沉思， 冥想,GRE
banter,'bæntɚ,,n.打趣， 玩笑,GRE
dehydrate,di'haɪdret,,v.使脱水,GRE
dislocate,'dɪsloket,,v.使脱臼； 把…弄乱,GRE
moan,mon,,v.呻吟； 抱怨 n.呻吟；抱怨,GRE
movement,'muvmənt,,n.乐章,GRE
prosaic,prə'zeɪk,,a.散文的； 单调的， 无趣的,GRE
lumen,'lumɛn,,n.流明,GRE
scissor,'sɪzɚ,,n.剪刀,GRE
unpremeditated,",ʌnpri'mɛdɪtetɪd",,a.无预谋的， 非故意的,GRE
impressed,ɪm'prɛst,,a.被打动的， 被感动的,GRE
municipality,mjʊ'nɪsə'pæləti,,n.自治市； 市政当局,GRE
mitigant,'mɪtəgənt,,a.缓和的，,GRE
spur,spɝ,,v.刺激， 激励； 用马刺刺马,GRE
mode,mod,,n.样式； 模式； 方式， 形式； 时尚， 风尚,GRE
idiomatic,",ɪdɪə'mætɪk",,a.符合语言习惯的； 惯用的,GRE
symmetry,'sɪmətri,,n.对称； 匀称,GRE
nemesis,'neməsɪs,,n.报应,GRE
buffet,bəˈfe; bʌfɪt,,v.反复敲打； 连续打击,GRE
decimate,"'dɛsə,met",,v.毁掉大部分； 大量杀死,GRE
retouch,",ri'tʌtʃ",,v.修描； 润色,GRE
buffer,'bʌfɚ,,v.缓冲， 减轻,GRE
bode,bəud,,v.预示,GRE
polymath,ˈpɑːlimæθ,,n.博学者,GRE
adhere,əd'hɪr,,v.粘着， 坚持,GRE
tremulous,'trɛmjələs,,a.颤动的； 胆怯的， 怯懦的,GRE
contemporary,kən'tɛmpərɛri,,a.同时代的； 当代的； 现代的,GRE
sadden,'sædn,,v.使悲伤， 使难过,GRE
swipe,swaɪp,,v.猛击 n.猛击,GRE
scowl,skaʊl,,v.生气地皱眉； 怒视 n.怒容,GRE
mock,mɑk,,v.嘲笑； 模仿,GRE
territorial,",tɛrə'tɔrɪəl",,a.领土的； 地方的,GRE
lesion,'liːʒ(ə)n,,n.损害， 损伤,GRE
leakage,'likɪdʒ,,n.渗漏， 漏出,GRE
verdant,'vɝdnt,,a.葱郁的， 翠绿的,GRE
roe,ro,,n.鱼卵,GRE
tacit,'tæsɪt,,a.心照不宣的,GRE
flabby,'flæbi,,a.不结实的， 松弛的； 意志薄弱的,GRE
ration,'ræʃən,,v.定量配给 n.配给,GRE
flaccid,'flæsɪd,,a.松弛的； 软弱的,GRE
undermine,'ʌndɚ'maɪn,,v.破坏， 削弱,GRE
guilt,ɡɪlt,,n.罪行； 内疚,GRE
chauvinistic,",ʃovɪ'nɪstɪk",,a.沙文主义的， 盲目爱国的,GRE
subjective,səb'dʒɛktɪv,,a.主观的， 想象的,GRE
blossom,'blɑsəm,,v.开花 n.花,GRE
crib,krɪb,,v.抄袭， 剽窃,GRE
hoary,'hɔri,,a.灰白的； 古老的,GRE
doodle,'dudl,,v.涂鸦； 混时间,GRE
omelet,'ɑːmlət,,n.煎蛋卷,GRE
petitioner,pə'tɪʃənɚ,,n.请愿人,GRE
analogy,ə'nælədʒi,,n.相似； 类比,GRE
filth,fɪlθ,,n.污物； 猥亵的东西,GRE
swirl,swɝl,,v.旋转 n.旋涡,GRE
acerbity,ə'sɝbəti,,n.涩， 酸， 刻薄,GRE
dull,dʌl,,a.不鲜明的；迟钝的；乏味的 v.变迟钝,GRE
collapse,kə'læps,,v.坍塌， 塌陷； 虚脱， 晕倒,GRE
restiveness,'restɪvnəs,,n.倔强， 难以驾驭,GRE
syncretize,'sɪnkrɪtaɪz,,v.结合， 融和,GRE
desideratum,dɪ'zɪdə'rɑtəm,,n.必需品,GRE
bricklayer,'brɪkleɚ,,n.砖匠,GRE
blather,'blæðɚ,,v.喋喋不休地胡说， 唠叨,GRE
accurate,'ækjərət,,a.精确的， 准确的,GRE
concession,kən'sɛʃən,,n.让步,GRE
dichotomy,daɪ'kɑtəmi,,n.两分法； 矛盾对立， 分歧； 具有两分特征的事物,GRE
synchronous,'sɪŋkrənəs,,a.同时发生的,GRE
paraphrase,ˈpærəfreɪz,,v.释义， 解释， 改写 n.释义，解释，改写,GRE
prosecution,",prɑsɪ'kjuʃən",,n.起诉， 检举； 进行， 经营,GRE
construe,kən'stru,,v.解释； 翻译,GRE
demur,dɪ'mɝ,,v.表示异议， 反对,GRE
sequacious,sɪ'kweʃəs,,a.盲从的,GRE
repertoire,'rɛpɚ'twɑr,,n.常备剧目,GRE
resort,rɪ'zɔrt,,v.求助，诉诸 n.度假胜地,GRE
dwindle,'dwɪndl,,v.变小， 减少,GRE
devotee,",dɛvə'ti",,n.爱好者， 献身者,GRE
apt,æpt,,a.易于…的； 恰当的,GRE
shabby,ˈʃæbi,,a.破旧的； 卑鄙的,GRE
sunlit,'sʌnlɪt,,a.阳光照射的,GRE
rumple,'rʌmpl,,v.弄皱， 弄乱,GRE
pathetic,pə'θɛtɪk,,a.引起怜悯的， 令人难过的,GRE
atomic,ə'tɑmɪk,,a.原子的； 微小的,GRE
extirpation,ˌekstər'peɪʃn,,n.消灭， 根除,GRE
quondam,'kwɔndæm,,a.原来的， 以前的,GRE
tasty,'testi,,a.美味的； 有品位的,GRE
corruption,kə'rʌpʃən,,n.腐败， 堕落,GRE
cosmopolitanism,ˌkɑːzmə'pɑːlɪtənɪzəm,,n.世界性， 世界主义,GRE
voluptuous,və'lʌptʃuəs,,a.撩人的； 沉溺酒色的,GRE
destructible,dɪ'strʌktəbl,,a.可破坏的,GRE
interminable,ɪn'tɝmɪnəbl,,a.无止境的， 没完没了的,GRE
uncharted,",ʌn'tʃɑrtɪd",,a.图上未标明的,GRE
misperceive,",mispə'si:v",,v.误解,GRE
diversity,dɪˈvəsɪti,,n.多样， 千变万化,GRE
patience,'peʃns,,n.耐性,GRE
retard,'rɪtɑrd,,v.妨碍； 使减速,GRE
stitch,stɪtʃ,,v.缝合 n.一针,GRE
coarsen,'kɔrsn,,v.变粗糙,GRE
enviable,'ɛnvɪəbl,,a.令人羡慕的,GRE
thoughtful,'θɔtfl,,a.深思的,GRE
dupe,dju:p,,n.易上当者,GRE
miserly,'maizəli,,a.吝啬的,GRE
empower,ɪm'paʊɚ,,v.授权， 准许,GRE
crater,'kretɚ,,n.火山口； 弹坑,GRE
suppress,sə'prɛs,,v.镇压； 抑制,GRE
gravitational,",ɡrævɪ'teʃənl",,a.万有引力的， 重力的,GRE
archaeological,ˌɑːrkiə'lɑːdʒɪkl,,a.考古学的,GRE
speculative,'spɛkjələtɪv,,a.推理的， 思索的； 投机的,GRE
scrawl,skrɔl,,v.潦草地写， 乱涂,GRE
ravening,'rævənɪŋ,,a.狼吞虎咽的； 贪婪的,GRE
modish,'modɪʃ,,a.时髦的,GRE
astray,ə'stre,,a.迷路的， 误入歧途的,GRE
serene,sə'rin,,a.平静的， 安详的； 清澈的； 晴朗的,GRE
misalliance,'mɪsə'laɪəns,,n.不适当的结合,GRE
rue,ru,,n.后悔， 懊悔,GRE
strength,strɛŋθ,,n.体力； 强度； 力量,GRE
hieroglyph,'haɪərəɡlɪf,,n.象形文字， 神秘符号,GRE
towering,'taʊərɪŋ,,a.高耸的； 杰出的,GRE
deviant,'divɪənt,,a.越出常规的,GRE
interlace,'ɪntɚ'les,,v.编织； 交错,GRE
scrutinize,'skrutənaɪz,,v.详细检查； 细读,GRE
extinguish,ɪk'stɪŋɡwɪʃ,,v.使…熄灭； 使…不复存在,GRE
affiliation,"ə,fɪlɪ'eʃən",,n.联系， 联合,GRE
self-analysis,'selfə'nælisis,,n.自我分析,GRE
donate,'donet,,v.捐赠， 赠送,GRE
bonanza,bə'nænzə,,n.富矿脉， 贵金属矿,GRE
defiance,dɪ'faɪəns,,n.挑战； 违抗， 反抗,GRE
infelicitous,",infi'lisitəs",,a.不幸的； 不妥当的,GRE
taboo,tə'bu,,a.忌讳的 n.禁忌,GRE
intertwine,",ɪntɚ'twaɪn",,v.纠缠， 缠绕,GRE
consecrate,"'kɔnsi,kreit",,v.奉献， 使神圣,GRE
agitation,",ædʒɪ'teʃən",,n.焦虑， 不安； 公开辩论， 鼓动宣传,GRE
overlap,'ovəlæp,,v.部分重叠,GRE
lopsided,",lɑp'saɪdɪd",,a.倾向一方的， 不平衡的,GRE
buxom,'bʌksəm,,a.体态丰满的,GRE
mourn,mɔrn,,v.悲痛， 哀伤； 哀悼,GRE
abatement,ə'betmənt,,n.减少， 减轻,GRE
thematic,θɪ'mætɪk,,a.主题的,GRE
tumid,'tju:mid,,a.肿起的， 肿胀的,GRE
truce,tru:s,,n.停战， 休战,GRE
complaisance,kəm'plezns,,n.彬彬有礼； 殷勤； 柔顺,GRE
boon,bʊn,,n.恩惠， 天赐福利,GRE
pirouette,",pɪru'ɛt",,n.脚尖着地的旋转,GRE
novelty,'nɑvlti,,n.新奇； 新奇的事物,GRE
boom,buːm,,v.发出隆隆声 n.繁荣,GRE
abolish,ə'bɑlɪʃ,,v.废止， 废除,GRE
approaching,ə'protʃ,,a.接近的， 逼近的,GRE
affective,ə'fɛktɪv,,a.感情的， 表达感情的,GRE
jockey,'dʒɑki,,n.赛马骑师 v.〔为获得最佳位置、最有利形势或最大权力而〕激烈竞争,GRE
ally,'ælaɪ,,v.结盟， 联合 n.同盟者， 伙伴,GRE
solicitous,sə'lɪsɪtəs,,a.热切的； 挂念的,GRE
boor,buə,,n.粗野的人； 农民,GRE
analogous,ə'næləɡəs,,a.相似的， 可比拟的,GRE
simper,'sɪmpɚ,,v.假笑， 傻笑,GRE
abbreviate,ə'brivɪ'et,,v.缩短； 缩写,GRE
adherent,əd'hɪrənt,,n.拥护者， 信徒,GRE
equivocate,ɪ'kwɪvəkeɪt,,v.模棱两可地说， 支吾其词， 推诿,GRE
bracelet,ˈbreslɪt,,n.手镯， 臂镯,GRE
saturated,'sætʃəretɪd,,a.渗透的； 饱和的； 深颜色的,GRE
convoke,kən'vok,,v.召集； 召开,GRE
awe,ɔ,,n&v.敬畏,GRE
radically,'rædɪkli,,ad.根本上； 以激进方式,GRE
discourse,'dɪskɔrs,,n.演讲， 论述,GRE
momentum,mo'mɛntəm,,n.推进力， 势头,GRE
obstruct,əb'strʌkt,,v.阻塞； 妨碍， 阻挠,GRE
oust,aʊst,,v.驱逐， 把…赶走,GRE
assuming,ə'sju:miŋ,,a.傲慢的， 自负的,GRE
spendthrift,'spendθrift,,adj&n.挥金如土的,GRE
commonsense,'kɑːmənsens,,a.有常识的,GRE
aquatic,ə'kwætɪk,,a.水生的， 水中的,GRE
yank,jæŋk,,v.猛拉， 拽,GRE
blazing,'blezɪŋ,,a.炽烧的， 闪耀的,GRE
symbolize,'sɪmbəlaɪz,,v.象征,GRE
archetypally,'ɑːrki'taɪpəli,,ad.典型地,GRE
unremitting,",ʌnrɪ'mɪtɪŋ",,a.不间断的， 持续的,GRE
loosen,'lusn,,v.变松， 松开,GRE
negotiable,nɪ'ɡoʃɪəbl,,a.可协商的； 可通行的,GRE
amnesty,'æmnəsti,,n.大赦， 特赦,GRE
cast,kæst,,v.扔； 铸造 by pouring in liquid into a mold) n.演员阵容；剧团,GRE
slice,slaɪs,,v.切成片 n.薄片,GRE
ravishing,'rævɪʃɪŋ,,a.令人陶醉的,GRE
serendipity,",sɛrən'dɪpəti",,n.意外发现新奇事物的才能或现象,GRE
morsel,'mɔrsl,,n.一小口， 一小块； 小量， 一点,GRE
elevate,'ɛlɪvet,,v.举起； 提升,GRE
slick,slɪk,,a.熟练的； 圆滑的； 光滑的,GRE
protean,'protɪən,,a.变化多端的， 多变的,GRE
oppressive,ə'prɛsɪv,,a.高压的， 压制性的； 压抑的,GRE
clinch,klɪntʃ,,v.钉牢； 彻底解决,GRE
generation,'dʒɛnə'reʃən,,n.一代人； 代； 产生， 发生,GRE
humiliate,hju'mɪlɪet,,v.羞辱， 使丢脸,GRE
mope,mop,,v.抑郁，闷闷不乐 n.情绪低落,GRE
cleave,kliv,,v.劈开； 分裂,GRE
carp,kɑrp,,v.吹毛求疵 n.鲤鱼,GRE
feral,'fiərəl,,a.凶猛的， 野性的,GRE
desiccate,"'dɛsɪ,ket",,v.完全干涸， 脱水,GRE
sticky,'stɪki,,a.湿热的； 闷热的,GRE
excessive,ɪkˈsɛsɪv,,a.过度的， 过分的,GRE
enthral,ɪn'θrɔl,,v.迷惑,GRE
participation,"pɑr,tɪsɪ'peʃən",,n.参加， 参与,GRE
assault,ə'sɔlt,,n.突袭； 猛袭,GRE
interjection,",ɪntɚ'dʒɛkʃən",,n.插入语； 感叹词,GRE
increment,'ɪŋkrəmənt,,n.增加,GRE
uninitiated,",ʌnɪ'nɪʃɪetɪd",,a.外行的， 缺乏经验的,GRE
ingenuous,ɪn'dʒɛnjuəs,,a.纯真的， 纯朴的； 坦率的,GRE
scrape,skrep,,v.刮， 擦； 擦掉,GRE
reclusive,rɪ'klʊsɪv,,a.隐遁的， 隐居的,GRE
aptitude,"ˈæptɪˌtud, -ˌtjud",,n.适宜； 才能， 资质,GRE
vile,vaɪl,,a.恶劣的， 卑鄙的， 道德败坏的,GRE
insubordinate,",ɪnsə'bɔrdnɪt",,a.不服从的， 违抗的,GRE
reliance,rɪ'laɪəns,,n.信赖， 信任,GRE
gnaw,nɔ,,v.啃， 咬； 腐蚀， 侵蚀,GRE
reprieve,rɪ'priv,,v.缓期执行；暂时解救 n.缓刑， 暂缓,GRE
aggravate,'æɡrəvet,,v.加重， 恶化； 激怒， 使恼火,GRE
spurt,spɝt,,n.喷出， 迸发,GRE
namby-pamby,ˌnæmbɪ'pæmbɪ,,a.乏味的；懦弱的 n.懦弱的人,GRE
momentarily,",momən'tɛrəli",,ad.暂时地； 片刻， 立刻,GRE
spurn,spə:n,,n.拒绝， 摈弃,GRE
colossal,kə'lɑsl,,a.巨大的， 庞大的,GRE
bowdlerize,'baʊdləraɪz,,v.删除， 删改,GRE
tyranny,'tɪrəni,,n.暴政， 专制统治； 暴行,GRE
voluminous,və'lʊmənəs,,a.长篇的； 大量的,GRE
autograph,'ɔtəɡræf,,v.在…上亲笔签名 a.亲笔的 n.亲笔稿，手迹,GRE
philanthropic,",fɪlən'θrɑpɪk",,a.慈善的， 博爱的,GRE
alleviate,ə'livɪ'et,,v.减轻， 缓和,GRE
finagle,fɪ'neɪgl,,v.骗取， 骗得,GRE
condescending,",kɑndɪ'sɛndɪŋ",,a.谦逊的， 故意屈尊的,GRE
talent,'tælənt,,n.天赋； 天才,GRE
scoff,skɔf,,v.嘲笑；狼吞虎咽 n.嘲笑； 笑柄,GRE
factual,'fæktʃuəl,,a.事实的， 实际的,GRE
negotiate,nɪ'ɡoʃɪet,,v.协商， 商定， 议定,GRE
mote,mout,,n.尘埃， 微尘,GRE
assoil,ə'sɔil,,v.赦免， 释放， 补偿,GRE
astigmatic,",æstɪg'mætɪk",,a.散光的， 乱视的,GRE
tumult,'tumʌlt,,n.喧哗， 吵闹； 骚动， 骚乱,GRE
animus,'ænɪməs,,n.敌意， 憎恨,GRE
shatter,'ʃætɚ,,v.使落下， 使散开； 砸碎， 粉碎； 破坏， 毁坏,GRE
delimit,dɪ'lɪmɪt,,v.定界， 划界,GRE
epithet,'ɛpɪθɛt,,n.短语或形容词； 绰号， 称号,GRE
transfer,træns'fɝ,,v.转移， 传递； 转让； 调任， 调动,GRE
contumely,'kɔntjumili,,n.无礼， 傲慢 ',GRE
affection,ə'fɛkʃən,,n.喜爱,GRE
nerve,nɝv,,v.给予力量 n.勇气,GRE
unscrupulous,ʌn'skrupjələs,,a.肆无忌惮的,GRE
morbid,'mɔrbɪd,,a.病态的， 不健康的,GRE
jesting,'dʒestɪŋ,,a.滑稽的； 爱开玩笑的,GRE
courteous,'kɝtɪəs,,a.有礼貌的,GRE
uncontroversial,ˌʌnkɑːntrə'vɜːrʃl,,a.未引起争论的,GRE
prance,præns,,v.昂首阔步,GRE
denigrate,'dɛnɪɡret,,v.污蔑， 诽谤,GRE
polemic,pə'lɛmɪk,,n.争论， 论战,GRE
inspiration,ˌɪnspəˈreʃən,,n.启示， 灵感,GRE
stuffy,'stʌfi,,a.通风不好的， 闷热的,GRE
encomiast,en'koumɪæst,,n.赞美者,GRE
sag,sɑɡ,,v.松弛， 下垂,GRE
phony,'foni,,a.假的， 欺骗的,GRE
poohed,puːd,,a.疲倦的,GRE
sequester,sɪ'kwɛstɚ,,v.隐退； 使隔离,GRE
double-cross,'dʌbl'krɔs,,v.欺骗， 出卖,GRE
noose,nus,,n.绳圈， 套索,GRE
procrustean,ˌprou'krʌstiən,,a.强求一致的,GRE
sap,sæp,,v.削弱， 耗尽 n.树液；活力,GRE
earthshaking,'ɝθʃekɪŋ,,a.极其重大或重要的,GRE
deviate,'divɪet,,v.越轨， 偏离,GRE
fragmentary,'frægmən'tɛri,,a.碎片的， 片段的,GRE
arrant,'ærənt,,a.完全的， 彻底的； 极坏的， 臭名昭著的,GRE
convertible,kən'vɝtəbl,,a.可转换的 n.敞篷车,GRE
wizened,'wizənd,,a.干枯的， 干瘪的， 干皱的,GRE
facetious,fə'siʃəs,,a.滑稽的， 好开玩笑的,GRE
depression,dɪ'prɛʃən,,n.抑郁， 消沉,GRE
ill-paying,ˌɪl'peɪɪŋ,,a.工资低廉的,GRE
mentor,'mentɔːr,,n.导师,GRE
gloat,ɡlot,,v.幸灾乐祸地看， 心满意足地看,GRE
alienate,'eiljəneit,,v.使疏远， 离间,GRE
depraved,dɪ'prevd,,a.堕落的， 腐化的,GRE
facile,'fæsl,,a.易做到的； 肤浅的,GRE
perfidious,pɚ'fɪdɪəs,,a.不忠的， 背信弃义的,GRE
ban,bæn,,v.禁止， 取缔 n.禁令,GRE
retrospect,'rɛtrəspɛkt,,v.回顾； 回想 n.回顾,GRE
ill-will,ˌɪl'wɪl,,n.敌意， 仇视， 恶感,GRE
hubris,'hju:bris,,n.傲慢， 目中无人,GRE
bar,bɑr,,v.禁止，阻挡 n.条， 棒,GRE
imputation,",ɪmpjʊ'teʃən",,n.归咎， 归罪,GRE
squint,skwɪnt,,v.斜视,GRE
projector,prə'dʒɛktɚ,,n.电影放映机， 幻灯机,GRE
draft,dræft,,n.草稿， 草案； 汇票,GRE
portend,pɔr'tɛnd,,v.预兆， 预示,GRE
fluid,'fluɪd,,a.流体的， 流动的； 易变的， 不固定的,GRE
shortrange,ˌʃɔːrt'reɪndʒ,,a.近程的,GRE
mollycoddle,'mɑlɪkɑdl,,v.过分爱惜，娇惯 n.娇生惯养的人,GRE
harrowing,'hæroɪŋ,,a.悲痛的， 难受的,GRE
posit,'pɑzɪt,,v.断定， 认定,GRE
adjourn,ə'dʒɝn,,v.延期， 推迟； 休会,GRE
nonchalantly,'nɑnʃələntli,,ad.冷淡地， 冷漠地,GRE
proliferate,prə'lɪfə'ret,,v.激增； 繁殖， 增生,GRE
hazardous,'hæzɚdəs,,a.危险的， 冒险的,GRE
haggle,'hæɡl,,v.讨价还价,GRE
underestimate,/ˌʌndərˈestɪmeɪt/,,v.低估； 看轻,GRE
onslaught,'ɑnslɔt,,n.猛攻， 猛袭,GRE
interdependent,",ɪntɚdɪ'pɛndənt",,a.相互依赖的， 互助的,GRE
sonorous,'sɑnərəs,,a.洪亮的,GRE
unrepentant,",ʌnrɪ'pɛntənt",,a.顽固不化的， 不后悔的,GRE
neophyte,'niəfaɪt,,n.初学者， 新手,GRE
abuse,ə'bjus,,v.辱骂； 滥用 n.辱骂； 滥用,GRE
scheme,skim,,n.阴谋； 体系， 结构,GRE
vantage,'væntɪdʒ,,n.优势， 有利地位,GRE
scarcity,'skɛrsəti,,n.不足， 缺乏,GRE
icon,'aɪkɑn,,n.圣像； 偶像,GRE
onerous,'ɑnərəs,,a.繁重的， 费力的,GRE
drain,dren,,v.排水； 喝光,GRE
amuse,ə'mjuz,,v.使愉快， 逗某人笑,GRE
containment,kən'tenmənt,,n.阻止， 遏制,GRE
tremor,'trɛmɚ,,n.颤动； 颤抖， 战栗,GRE
pharisaic,",færi'seiik",,a.伪善的， 伪装虔诚的,GRE
oval,'ovl,,a.卵形的， 椭圆形的,GRE
indigent,'ɪndɪdʒənt,,a.贫穷的， 贫困的,GRE
procedure,prə'sidʒɚ,,n.程序， 手续,GRE
integrate,'ɪntɪɡret,,v.使成整体， 使一体化,GRE
pique,pik,,v.激怒 n.不悦，愤怒,GRE
ineligible,ɪn'ɛlɪdʒəbl,,a.不合格的,GRE
spongy,'spʌndʒi,,a.像海绵的； 不坚实的,GRE
disproof,dɪs'prʊf,,n.反证， 反驳,GRE
diagnose,",daɪəɡ'nos",,v.判断， 诊断,GRE
rivet,'rɪvɪt,,v.吸引 n.铆钉,GRE
auspices,"'ɔspə,siz",,n.支持， 赞助,GRE
vicinity,və'sɪnəti,,n.附近， 邻近,GRE
earnest,'ɜːrnɪst,,a.诚挚的， 认真的,GRE
riven,'rivən,,a.撕开的， 分裂的,GRE
stroll,strol,,v.漫步， 闲逛,GRE
welsh,wɛlʃ,,v.欠债不还； 失信,GRE
deride,dɪ'raɪd,,v.嘲笑， 愚弄,GRE
insolvency,ɪn'sɑlvənsi,,n.无力偿还； 破产,GRE
chipmunk,'tʃɪpmʌŋk,,n.花栗鼠,GRE
advocacy,'ædvəkəsi,,n.拥护， 支持,GRE
discharge,dɪs'tʃɑrdʒ,,v.排出， 流出； 释放； 解雇； 履行义务； 放电,GRE
resonant,'rɛznənt,,a.洪亮的； 回响的， 共鸣的,GRE
instructive,ɪn'strʌktɪv,,a.传授知识的， 教育的； 有益的,GRE
suspicious,sə'spɪʃəs,,a.怀疑的,GRE
shipshape,'ʃɪpʃep,,a.整洁干净的； 井然有序的,GRE
unstable,ʌn'stebl,,a.不稳定的,GRE
crepuscular,krɪ'pʌskjəlɚ,,a.朦胧的， 微明的,GRE
hieroglyphic,",haɪərə'glɪfɪk",,n.象形文字,GRE
perpendicular,'pɝpən'dɪkjəlɚ,,a.垂直的， 竖直的,GRE
humane,hju'men,,a.人道的， 慈悲的； 人文主义的,GRE
overblown,",ovɚ'blon",,a.盛期已过的， 残败的； 夸张的,GRE
regulatory,'regjələtɔːri,,a.按规矩来的， 依照规章的； 调整的,GRE
parallelism,'pærəlɛl'ɪzəm,,n.平行， 类似,GRE
protuberant,pro'tubərənt,,a.突出的， 隆起的,GRE
sloven,'slʌvn,,n.不修边幅的人,GRE
deed,did,,n.行为， 行动； 转让契约、 证书,GRE
repress,rɪ'prɛs,,v.抑制， 压抑； 镇压,GRE
apprise,ə'praiz,,v.通知， 告知,GRE
vicissitude,vɪ'sɪsɪtud,,n.变迁， 兴衰,GRE
sip,sɪp,,v.啜饮 n.小口喝， 抿； 一小口的量,GRE
mortification,",mɔ:tifi'keiʃən",,n.耻辱， 屈辱,GRE
ballot,'bælət,,n&v.投票,GRE
brilliant,'brɪljənt,,a.卓越的， 出众的； 辉煌的， 壮丽的,GRE
oven,ˈʌvən,,n.烤箱， 烤炉， 灶,GRE
deductive,dɪ'dʌktɪv,,a.推论的， 演绎的,GRE
inimical,ɪ'nɪmɪkl,,a.敌意的， 不友善的,GRE
falter,'fɔltɚ,,v.蹒跚； 支吾地说,GRE
reparable,'rɛpərəbl,,a.能补救的， 可挽回的,GRE
striate,'stret,,v.加条纹,GRE
stroke,strok,,v.抚摸 n.击， 打； 一笔， 一画,GRE
endearing,ɪn'dɪrɪŋ,,a.讨人喜欢的,GRE
prerogative,pri'rɔɡətiv,,n.特权,GRE
elusive,ɪ'lusɪv,,a.难懂的， 难以描述的； 不易被抓获的,GRE
walrus,'wɔlrəs,,n.海象,GRE
implicate,'ɪmplɪket,,v.牵连； 暗示,GRE
extenuate,ɪk'stɛnjʊet,,v.掩饰， 减轻,GRE
avoid,ə'vɔɪd,,v.避开， 躲避,GRE
bid,bɪd,,v.命令； 出价， 投标,GRE
observant,əb'zɝvənt,,a.密切注意的， 警惕的； 遵守的， 遵从的)； 敏锐的(quick to perceive or apprehend； alert),GRE
entourage,'ɑnturɑʒ,,n.随从； 环境,GRE
naivete,na:'i:vtei,,n.天真的言行举止； 天真无邪,GRE
atheism,'eθɪɪzəm,,n.无神论， 不信神,GRE
bin,bɪn,,n.大箱子,GRE
recommendation,",rɛkəmɛn'deʃən",,n.推荐； 推荐信,GRE
invoke,ɪn'vok,,v.祈求， 恳求； 使生效,GRE
atheist,'eθɪɪst,,n.无神论者,GRE
ultrasonic,",ʌltrə'sɑnɪk",,a.超音速的， 超声的,GRE
peery,'pɪrɪ,,a.窥视的； 好奇的； 怀疑的,GRE
cautionary,'kɔʃənɛri,,a.劝人谨慎的， 警戒的,GRE
soundproof,'saʊndpruf,,v.使隔音 a.隔音的,GRE
striking,'straɪkɪŋ,,a.引人注目的， 显著的,GRE
symmetrical,sɪ'mɛtrɪkl,,a.对称的,GRE
calumniate,kə'lʌmnieit,,v.诽谤， 中伤,GRE
deft,deft,,a.灵巧的， 熟练的,GRE
crossfire,'krɔsfaɪɚ,,n.交叉火力,GRE
spleen,splin,,n.怒气,GRE
expunge,ɪk'spʌndʒ,,v.删除,GRE
foresight,'fɔrsaɪt,,n.远见， 深谋远虑,GRE
bough,baʊ,,n.大树枝,GRE
intercept,",ɪntɚ'sɛpt",,v.拦截， 阻止,GRE
defy,'difaɪ,,v.违抗， 藐视,GRE
doctrine,'dɑktrɪn,,n.教义， 教条， 主义， 学说,GRE
inculpate,'inkʌlpeit,,v.控告； 归咎于,GRE
sly,slaɪ,,a.狡猾的， 狡诈的,GRE
unobstructed,",ʌnəb'strʌktɪd",,a.没有阻碍的,GRE
prophet,'prɑfɪt,,n.先知， 预言者,GRE
penalize,'pinəlaɪz,,v.置…于不利地位； 处罚,GRE
abhorrent,əb'hɔrənt,,a.可恨的， 讨厌的,GRE
ingratiating,ɪn'ɡreʃɪetɪŋ,,a.讨人喜欢的， 迷人的； 讨好的， 献媚的,GRE
commentator,'kɑmən'tetɚ,,n.评论员,GRE
inquiry,"ɪn'kwaɪri; 'ɪn,kwaɪri; 'ɪnkwəri; 'ɪŋkwaɪri",,n.询问,GRE
congregate,'kɑŋɡrɪɡet,,v.聚集， 集合,GRE
table,'tebl,,v.搁置， 不予考虑,GRE
rumpus,'rʌmpəs,,n.喧闹， 骚乱,GRE
porous,'pɔrəs,,a.可渗透的； 多孔的,GRE
demonstrative,dɪ'mɑnstrətɪv,,a.证明的， 论证的； 感情流露的,GRE
systematic,'sɪstə'mætɪk,,a.系统的， 体系的,GRE
combustible,kəm'bʌstəbl,,a.易燃的； 易激动的,GRE
punishment,'pʌnɪʃmənt,,n.惩罚， 刑罚； 虐待,GRE
waggish,'wæɡɪʃ,,a.诙谐的， 滑稽的,GRE
irrevocable,ɪ'rɛvəkəbl,,a.不能撤回的， 无法取消的,GRE
stupendous,stu'pɛndəs,,a.巨大的， 惊人的,GRE
frowzy,'frauzi,,a.不整洁的， 污秽的,GRE
infatuate,ɪn'fætjʊɪt,,v.使迷恋； 使糊涂,GRE
shuffle,'ʃʌfl,,v.洗牌 to produce a random order)； 拖步走； 支吾(to act or speak in an evasive manner),GRE
negation,nɪ'ɡeʃən,,n.否定， 否认,GRE
constant,'kɑnstənt,,a.稳定的，不变的 n.常数,GRE
congruent,'kɑŋɡruənt,,a.全等的， 一致的,GRE
insatiably,ɪn'seɪʃəbli,,ad.不知足地， 贪得无厌地,GRE
abstentious,əb'stenʃəs,,a.有节制的,GRE
preternatural,",pri:tə'nætʃərəl",,a.异常的； 超自然的,GRE
intermittent,",ɪntɚ'mɪtənt",,a.断断续续的； 间歇的,GRE
coloration,",kʌlə'reʃən",,n.着色法， 染色法； 颜色， 色泽,GRE
communal,kəˈmjunəl,,a.全体共用的， 共享的,GRE
insatiable,ɪn'seʃəbl,,a.不知足的， 贪得无厌的,GRE
proceeds,'prosidz,,n.收入； 实收款项,GRE
warrantable,'wɔːrəntəbl,,a.可保证的， 可承认的,GRE
contagious,kən'tedʒəs,,a.传染的， 有感染力的,GRE
perilous,'pɛrələs,,a.危险的， 冒险的,GRE
squirt,skwɝt,,v.喷出， 溅进,GRE
potable,'potəbl,,a.适于饮用的,GRE
petroleum,pə'trolɪəm,,n.石油,GRE
novice,'nɑvɪs,,n.生手， 新手,GRE
chancy,'tʃɑ:nsi,,a.不确定的， 不安的,GRE
feisty,'faɪsti,,a.活跃的； 易怒的,GRE
discretion,dɪ'skrɛʃən,,n.谨慎， 审慎,GRE
inanimate,ɪn'ænɪmət,,a.无生命的,GRE
beget,bɪ'ɡɛt,,v.产生， 引起,GRE
unfettered,ʌn'fɛtɚd,,a.自由的， 不受约束的,GRE
commodious,kə'modɪəs,,a.宽敞的,GRE
bob,bɑb,,v.轻拍， 轻扣； 使上下快速摆动,GRE
sparing,'spɛrɪŋ,,a.节俭的,GRE
boo,bu,,v.发出嘘声 int.嘘,GRE
decorous,'dɛkərəs,,a.合宜的， 高雅的,GRE
domesticate,də'mɛstɪket,,v.驯养， 驯化,GRE
wobble,'wɑbl,,v.摇晃， 摇摆； 犹豫,GRE
hostility,hɑ'stɪləti,,n.敌意， 敌对状态,GRE
naturalistic,",nætʃrə'lɪstɪk",,a.自然主义的,GRE
auxiliary,ɔːɡ'zɪlɪəri,,a.辅助的， 附加的， 补充的,GRE
singularity,'sɪŋgjə'lærəti,,n.独特； 奇点,GRE
missive,'mɪsɪv,,n.信件， 公函,GRE
peeve,piv,,v.使气恼， 怨恨,GRE
offhand,",ɔf'hænd",,ad.无准备地， 即席地； 随便地 a.无准备的，即席的；随便的,GRE
restive,'rɛstɪv,,a.不安静的， 不安宁的,GRE
inadvertence,",inəd'və:təns",,n.粗心， 疏忽， 漫不经心,GRE
intestate,ɪn'tɛstet,,a.未留遗嘱的,GRE
dormant,'dɔrmənt,,a.冬眠的； 静止的,GRE
virulence,'vɪrjələns,,n.恶意， 毒性,GRE
deferential,ˌdefə'rɛnʃl,,a.顺从的， 恭顺的,GRE
quarrel,'kwɔrəl,,v.争吵 n.争吵,GRE
synchronization,",sɪnkrənaɪ'zeʃən",,n.同步,GRE
essentially,ɪ'sɛnʃəli,,ad.本质上； 基本上,GRE
tempting,'tɛmptɪŋ,,a.诱惑人的,GRE
refectory,rɪ'fɛktri,,n.餐厅， 食堂,GRE
unspotted,",ʌn'spɔtid",,a.清白的， 无污点的,GRE
repartee,",rɛpə'ti",,n.机敏的应答,GRE
hoard,hɔrd,,v.贮藏，秘藏 n.贮藏， 秘藏,GRE
iridescence,ˌɪrɪ'desns,,n.彩虹色,GRE
squalid,'skɔlɪd,,a.污秽的， 肮脏的,GRE
windfall,'wɪndfɔl,,n.被风吹落的果实； 意外的收获， 意料之外,GRE
stoop,stʊp,,v.弯腰， 俯身； 屈尊,GRE
coherent,ko'hɪrənt,,a.连贯的， 一致的,GRE
reinstate,",riɪn'stet",,v.恢复,GRE
clandestine,klæn'dɛstɪn,,a.秘密的， 偷偷摸摸的,GRE
infrared,",ɪnfrə'rɛd",,a.红外线的,GRE
ponder,'pɑndɚ,,v.仔细考虑， 衡量,GRE
countrified,'kʌntrɪfaɪd,,a.乡村的； 粗俗的,GRE
endear,ɪn'dɪr,,v.使受喜爱,GRE
animate,'ænɪmet,,a.活的， 有生命的 v.赋予生命,GRE
scandal,'skændl,,n.丑闻； 流言飞语， 诽谤,GRE
providential,",prɑvɪ'dɛnʃl",,a.幸运的； 适时的,GRE
guile,ɡaɪl,,n.欺骗， 欺诈； 狡猾,GRE
dormancy,'dɔrmənsi,,n.休眠状态,GRE
friend,frɛnd,,n.赞助者， 支持者,GRE
drawn,drɔn,,a.憔悴的,GRE
pinpoint,'pɪnpɔɪnt,,v.准确地确定；使突出，引起注意 a.极精确的,GRE
drawl,drɔl,,v.慢吞吞地说 n.慢吞吞的说话方式,GRE
extremity,ɪk'strɛməti,,n.极度； 绝境， 险境， 临终,GRE
miserable,'mɪzrəbl,,a.痛苦的， 悲惨的； 少得可怜的,GRE
exculpate,'ekskʌlpeɪt,,v.开脱； 申明无罪， 证明无罪,GRE
imbroglio,ɪm'brolɪo,,n.纠纷， 纠葛， 纠缠不清,GRE
detour,'ditʊr,,v.绕道，迂回 n.弯路； 绕行之路,GRE
smuggle,'smʌgl,,v.走私， 私运,GRE
extremist,ɪk'strimɪst,,n.极端主义者,GRE
tarry,'tæri,,v.耽搁,GRE
immutability,ɪˌmjuːtə'bɪləti,,n.不变， 不变性,GRE
advisable,əd'vaɪzəbl,,a.适当的， 可取的,GRE
delve,dɛlv,,v.深入探究， 钻研,GRE
undisturbed,",ʌndɪ'stɝbd",,a.未受干扰的， 安静的,GRE
comedienne,"kə,midɪ'ɛn",,n.喜剧女演员； 滑稽人物,GRE
obliterate,ə'blɪtə'ret,,v.涂掉， 擦掉,GRE
trendsetter,'trɛndsɛtɚ,,n.引领新潮的人,GRE
gloom,ɡlum,,n.昏暗； 忧郁,GRE
civilian,sə'vɪlɪən,,n.百姓， 平民,GRE
febrile,'fibraɪl,,a.发烧的， 热病的,GRE
overweening,",ovɚ'winɪŋ",,a.自负的， 过于自信的,GRE
corrugate,"'kɔrə,get",,v.起波纹， 起皱纹,GRE
heretical,həˈrɛtɪkəl,,a.异端的， 异教的,GRE
incense,'ɪnsɛns,,v.激怒 n.香味,GRE
offensive,ə'fɛnsɪv,,a.令人不快的， 得罪人的,GRE
cartoon,kɑr'tun,,n.漫画,GRE
texture,'tɛkstʃɚ,,n.质地； 结构,GRE
disavowal,",dɪsə'vaʊəl",,n.否认,GRE
sanitary,'sænə'tɛri,,a.卫生的， 清洁的,GRE
motility,moʊˈtɪləti,,n.运动性,GRE
dissent,dɪ'sɛnt,,v.不同意， 持异议 n.异议,GRE
detriment,'dɛtrɪmənt,,n.损害， 伤害,GRE
stoke,stok,,v.给…添加燃料,GRE
vertex,'vɝtɛks,,n.顶角； 顶点， 最高点,GRE
obeisance,o'bisns,,n.鞠躬， 敬礼,GRE
excoriate,",ɛks'kɔrɪet",,v.剥皮； 严厉批评,GRE
advocate,ˈædvəkeɪt；-et,,v.提倡， 主张， 拥护 n.支持者， 拥护者,GRE
garner,'ɡɑrnɚ,,v.把…储入谷仓； 收藏， 积累； 获得,GRE
frequency,'frikwənsi,,n.频率,GRE
drizzly,'drɪzli,,a.毛毛细雨的,GRE
instantly,'ɪnstəntli,,ad.立即，即刻 conj.一…就,GRE
burial,'bɛrɪəl,,n.埋葬， 埋藏,GRE
austerity,ɔ'stɛrəti,,n.朴素， 艰苦,GRE
generate,'dʒɛnəret,,v.造成； 产生,GRE
satiated,'seɪʃieɪtɪd,,a.厌倦的， 生腻的； 充分满足的,GRE
anecdotal,",ænɪk'dotl",,a.轶事的， 趣闻的,GRE
otiose,'otɪos,,a.不必要的， 多余的,GRE
taciturn,'tæsɪtɝn,,a.沉默寡言的,GRE
coordinate,ko'ɔrdɪnet,,v.使各部分协调 a.同等的,GRE
oracle,'ɔrəkl,,n.代神发布神谕的人,GRE
pedant,'pɛdnt,,n.迂腐之人， 学究,GRE
cogent,'kodʒənt,,a.有说服力的,GRE
excitability,"ɪk,saɪtə'bɪləti",,n.易兴奋， 易激动,GRE
ripple,'rɪpl,,v.泛起涟漪 n.波痕， 涟漪,GRE
myopia,maɪ'opɪə,,n.近视； 缺乏远见,GRE
myopic,maɪ'ɑpɪk,,a.近视眼的； 目光短浅的， 缺乏远见的,GRE
sangfroid,sɑːŋ'frwɑː,,n.沉着， 冷静,GRE
hangdog,'hæŋdɔɡ,,a.忧愁的； 低贱的,GRE
throng,θrɔŋ,,v.拥挤 n.一大群,GRE
fraternal,frə'tɝnl,,a.兄弟的， 兄弟般的,GRE
proprietary,prə'praɪətɛri,,a.私有的,GRE
flush,flʌʃ,,v.脸红；奔流；冲洗 n.激动； 脸红,GRE
jamboree,",dʒæmbə'ri",,n.喧闹的集会,GRE
unedited,'ʌn'editid,,a.未编辑的,GRE
brutal,'brutl,,a.残忍的， 野蛮的； 冷酷的,GRE
piddling,'pɪdlɪŋ,,a.琐碎的， 微不足道的,GRE
inhibition,ˌɪnhɪˈbɪʃn,,n.阻止； 抑制； 抑制物,GRE
monocle,'mɑnəkl,,n.单片眼镜,GRE
consumption,kən'sʌmpʃən,,n.消费， 消耗,GRE
zest,zɛst,,n.刺激性； 兴趣， 热心,GRE
drought,draʊt,,n.干旱， 旱灾； 干旱期,GRE
unbiased,ʌn'baɪəst,,a.没有偏见的,GRE
advertise,'ædvɚtaɪz,,v.做广告； 通知,GRE
motile,'motɪl,,a.能动的,GRE
humility,hju'mɪləti,,n.谦逊， 谦恭,GRE
potent,'potnt,,a.强有力的， 有影响力的， 有权力的； 有效力的， 有效能的,GRE
commencement,kə'mɛnsmənt,,n.开始； 毕业典礼,GRE
recant,ri'kænt,,v.撤回， 放弃),GRE
retiring,ri'taiəriŋ,,a.过隐居生活的， 不善社交的,GRE
wrath,ræθ,,n.愤怒， 愤慨,GRE
weather,'wɛðɚ,,v.风化， 侵蚀； 经受住风雨； 平安度过危难 safely; survive),GRE
roam,rom,,v.漫游， 漫步,GRE
tenet,'tɛnɪt,,n.信条； 教义,GRE
ethnic,'ɛθnɪk,,a.民族的， 种族的,GRE
aquiline,'ækwɪlaɪn,,a.鹰的， 似鹰的,GRE
improvised,'ɪmprəvaɪzd,,a.临时准备的， 即席而作的,GRE
stately,'stetli,,a.庄严的， 堂皇的； 宏伟的,GRE
supererogatory,",sju:prə'rɔɡətɔ:ri, -təri",,a.职责以外的； 多余的,GRE
motto,'mɑto,,n.座右铭； 格言， 箴言,GRE
goad,ɡod,,v.刺激， 激励 n.赶牛棒；刺激，激励,GRE
pervasive,pɚ'vesɪv,,a.弥漫的， 遍布的,GRE
sensitivity,'sɛnsə'tɪvəti,,n.敏感， 敏感性,GRE
verve,vɝv,,n.神韵； 生机， 活力,GRE
flag,flæg,,v.减弱， 衰退； 枯萎,GRE
sympathetic,",sɪmpə'θɛtɪk",,a.有同情心的,GRE
insignificant,",ɪnsɪɡ'nɪfɪkənt",,a.无价值的， 无意义的， 无用的,GRE
gargantuan,ɡɑr'ɡæntʃuən,,a.巨大的， 庞大的,GRE
languid,'læŋɡwid,,a.没精打采的， 倦怠的,GRE
limnetic,lim'netik,,a.淡水的， 湖泊的,GRE
glamorous,'glæmərəs,,a.迷人的， 富有魅力的,GRE
disprove,",dɪs'pruv",,v.证明…有误,GRE
flay,fle,,v.剥皮； 抢夺， 掠夺； 严厉指责,GRE
flaw,flɔ,,v.生裂缝； 变得有缺陷 n.瑕疵,GRE
climax,'klaɪmæks,,n.顶点， 高潮,GRE
recall,'rikɔl,,v.回想，回忆起；收回 n.唤回,GRE
penchant,'pentʃənt,,n.爱好， 嗜好,GRE
brazen,ˈbreɪzən,,a.厚脸皮的,GRE
irrational,ɪ'ræʃənl,,a.不理智的； 失去理性的， 不合理的,GRE
glacial,'ɡleʃl,,a.冰河期的； 寒冷的,GRE
flak,flæk,,n.高射炮； 抨击,GRE
overstate,",ovɚ'stet",,v.夸张， 对…言过其实,GRE
refurbish,",ri'fɝbɪʃ",,v.刷新， 擦亮,GRE
iconoclastic,aɪ'kɑnə'klæstɪk,,a.偶像破坏的， 打破旧习的,GRE
filter,'fɪltɚ,,n.过滤器 v.过滤,GRE
inexorable,ɪn'ɛksərəbl,,a.不为所动的； 无法改变的,GRE
soothe,sʊð,,v.抚慰； 减轻,GRE
spectator,'spɛktetɚ,,n.目击者； 观众， 观看者,GRE
submission,səb'mɪʃən,,n.从属， 服从,GRE
squalor,'skwɔlɚ,,n.肮脏， 污秽,GRE
obsess,əb'sɛs,,v.迷住； 使…困扰， 使…烦扰,GRE
incipient,ɪn'sɪpɪənt,,a.初期的， 起初的,GRE
vendetta,vɛn'dɛtə,,n.血仇， 世仇； 宿怨， 深仇,GRE
utter,'ʌtɚ,,a.完全的 v.发出， 说,GRE
perspicacious,",pɝspɪ'keʃəs",,a.独具慧眼的， 敏锐的,GRE
overdraw,",ovɚ'drɔ",,v.透支 for more than the balance； make an overgraft)； 夸大(to exaggerate),GRE
dentures,'dɛntʃɚz,,n.假牙,GRE
tremendous,trə'mɛndəs,,a.恐慌的， 可怕的； 巨大的， 惊人的,GRE
escalate,'ɛskəlet,,v.升级； 扩大， 上升， 增强,GRE
condense,kən'dɛns,,v.浓缩,GRE
sage,sedʒ,,a.智慧的 n.智者,GRE
conspicuous,kən'spɪkjʊəs,,a.显著的， 显而易见的,GRE
draconian,drə'kouniən,,a.严厉的， 严酷的,GRE
verse,vɝs,,n.诗歌,GRE
chantey,'ʃænti,,n.船歌,GRE
tenure,'tɛnjɚ,,n.占有期， 任期； 终身职位,GRE
dabble,'dæbl,,v.涉足， 浅尝,GRE
readable,'ridəbl,,a.易读的,GRE
hector,'hɛktɚ,,v.欺凌， 威吓,GRE
salmon,'sæmən,,n.大马哈鱼； 鲜肉色,GRE
bouquet,bu'ke,,n.花束； 芳香,GRE
ugly,'ʌɡli,,a.难看的； 令人不快的,GRE
skittish,'skɪtɪʃ,,a.轻浮的， 活泼的,GRE
constrain,kən'stren,,v.束缚， 强迫； 限制,GRE
suffrage,'sʌfrɪdʒ,,n.选举权， 投票权,GRE
reparation,ˌrepəˈreɪʃn,,n.赔偿， 补偿,GRE
recast,",ri'kæst",,v.重铸； 更换演员),GRE
slipperiness,'slɪpərinəs,,n.滑溜； 防滑性,GRE
fragile,'frædʒəl,,a.易碎的， 易损坏的,GRE
flunk,flʌŋk,,v.不及格,GRE
painstaking,'penztekɪŋ,,a.煞费苦心的,GRE
stout,staʊt,,a.肥胖的； 强壮的,GRE
distinct,dɪ'stɪŋkt,,a.清楚的， 明显的,GRE
seasoned,'siznd,,a.经验丰富的， 老练的,GRE
nomadic,"nəu'mædik, nɔ-",,a.游牧的； 流浪的,GRE
hedge,hɛdʒ,,n.树篱； 保护手段； 障碍,GRE
detonation,",dɛtə'neʃən",,n.爆炸， 爆炸声,GRE
taxing,'tæksɪŋ,,a.繁重的,GRE
eligible,'ɛlɪdʒəbl,,a.合格的， 有资格的,GRE
fluke,fluk,,n.侥幸； 意想不到的事,GRE
besmirch,bi'smə:tʃ,,v.诽谤,GRE
ecumenical,",ikju'mɛnɪkl",,a.世界范围的， 普遍的,GRE
ultimatum,",ʌltɪ'metəm",,n.最后通牒,GRE
smooth,smʊð,,v.使平坦，使光滑；消除 a.光滑的； 平稳的,GRE
illustrious,ɪ'lʌstrɪəs,,a.著名的， 显赫的,GRE
ratiocination,ˌreɪʃiousɪ'neɪʃn,,n.推理， 推论,GRE
idle,'aɪdl,,a.无所事事的；无效的 v.懒散， 无所事事,GRE
fault,fɔlt,,n.错误； 【地质】断层,GRE
interplay,",ɪntɚ'plɛi",,v.相互影响 n.相互影响,GRE
balmy,'bɑmi,,a.芳香的； 温和的； 止痛的,GRE
blithe,blaɪð,,a.快乐的， 无忧无虑的,GRE
incoherent,'ɪnko'hɪrənt,,a.不连贯的； 语无伦次的,GRE
passive,'pæsɪv,,a.被动的， 缺乏活力的,GRE
efficacy,'ɛfɪkəsi,,n.功效， 有效性,GRE
beckon,'bɛkən,,v.召唤， 示意,GRE
monsoon,",mɑn'sun",,n.季风； 雨季,GRE
fragment,'fræɡmənt,,n.碎片； 片段,GRE
palpitate,'pælpə'tet,,v.急速跳动,GRE
responsive,rɪ'spɑnsɪv,,a.响应的， 做出反应的； 敏感的， 反应快的,GRE
oblivious,ə'blɪvɪəs,,a.遗忘的， 忘却的； 疏忽的,GRE
topographical,ˌtɑːpə'græfɪkl,,a.地形学的,GRE
category,'kætəɡɔri,,n.类别， 范畴,GRE
rival,'raɪvl,,v.竞争， 与…匹敌 n.竞争者，对手,GRE
