word,phonetic,pos,definition,source
abase,əˈbeis,v.,降低自己，贬抑，使卑下,GRE_abridged
abash,əˈbæʃ,v.,使害羞，使尴尬,GRE_abridged
aberrant,æˈberənt,a.,越轨的；异常的,GRE_abridged
aberration,ˌæbəˈreiʃən,n.,离开正路，脱离常轨；变形,GRE_abridged
abet,əˈbet,v.,教唆，鼓励，帮助,GRE_abridged
abeyance,əˈbeiəns,n.,中止，搁置,GRE_abridged
abject,ˈæbdʒekt,a.,极可怜的;卑下的,GRE_abridged
abjure,əbˈdʒuə,v.,发誓放弃,GRE_abridged
ablution,əˈbluːʃən,n.,（宗教的）净礼，沐浴,GRE_abridged
abnegate,ˈæbniɡeit,v.,否认，放弃,GRE_abridged
abnegation,ˌæbniˈɡeiʃən,n.,放弃; 自我牺牲,GRE_abridged
abominate,əˈbɔmineit,v.,痛恨；厌恶,GRE_abridged
aboveboard,"əˈbʌv,bɔːd",a./adv.,光明正大的（地）,GRE_abridged
abrade,əˈbreid,v.,磨损，磨小,GRE_abridged
abrasive,əˈbreisiv,a.,磨损的；生硬粗暴的,GRE_abridged
abrogate,ˈæbrəuɡeit,v.,废止，废除,GRE_abridged
abscission,æbˈsiʒən,,n.,GRE_abridged
abscission,æbˈsiʒən,,[医]切除，截去；[植]脱离,GRE_abridged
abscond,əbˈskɔnd,v.,潜逃，逃亡,GRE_abridged
absenteeism,æbsənˈtiːiz（ə）m,n.,旷课，旷工,GRE_abridged
abstemious,æbˈstiːmjəs,a.,有节制的，节俭的（eating & drinking）,GRE_abridged
abstention,æbˈstenʃən,n.,节制,GRE_abridged
abstentious,əbˈstenʃəs,a.,节制的,GRE_abridged
abstinent,ˈæbstinənt,a.,饮食有度的，有节制的，禁欲的,GRE_abridged
abut,əˈbʌt,v.,接界，毗连,GRE_abridged
abysmal,əˈbizməl,a.,极深的；糟透的,GRE_abridged
acarpous,eiˈkɑːpəs,a.,不结果实的,GRE_abridged
accede,ækˈsiːd,v.,同意,GRE_abridged
acclimate,əˈklaimit,v.,使服水土; 使适应,GRE_abridged
accolade,ˈækəleid,n.,推崇；赞扬,GRE_abridged
accommodating,əˈkɔmədeitiŋ,a.,乐于助人的,GRE_abridged
accrete,æˈkriːt,v.,逐渐增长；添加生长；连生,GRE_abridged
accretion,æˈkriːʃən,n.,自然的增加；增加物,GRE_abridged
accrue,əˈkruː,v.,（利息等）增大；增多,GRE_abridged
acerbic,əˈsəːbik,a.,苦涩的；刻薄的,GRE_abridged
acerbity,əˈsəːbiti,n.,涩，酸，刻薄,GRE_abridged
achromatic,ˌækrəuˈmætik,a.,非彩色的，无色的,GRE_abridged
acme,ˈækmi,n.,顶点，极点,GRE_abridged
acolyte,ˈækəlait,n.,（教士的）助手，侍僧,GRE_abridged
acorn,ˈeikɔːn,n.,橡子，橡果,GRE_abridged
acquainted,əˈkweintid,a.,对某事物熟悉的；对某人认识的,GRE_abridged
acquiesce,ˌækwiˈes,v.,勉强同意，默许,GRE_abridged
acquired,əˈkwaiəd,a.,后天习得的,GRE_abridged
acquittal,əˈkwit（ə）l,n.,宣告无罪，开释,GRE_abridged
acrobat,ˈækrəbæt,n.,特技演员，杂技演员,GRE_abridged
acronym,ˈækrənim,n.,首字母缩略词,GRE_abridged
acrophobia,ˌækrəuˈfəubjə,n.,恐高症,GRE_abridged
actuarial,ˌæktjuˈeəriəl,a.,（保险）精算的，保险计算的,GRE_abridged
actuate,ˈæktjueit,v.,驱使，激励,GRE_abridged
acuity,əˈkjuiti,n.,（尤指思想或感官）敏锐,GRE_abridged
adamant,ˈædəmənt,a.,强硬的；固执的,GRE_abridged
addendum,əˈdendəm,n.,补充，附录,GRE_abridged
addle,ˈædl,v.,使腐坏; 使昏乱,GRE_abridged
adduce,əˈdjuːs,v.,给予（理由）; 举出（例证）,GRE_abridged
adjudicate,əˈdʒuːdikeit,v.,充当裁判; 判决,GRE_abridged
adlib,ædˈlib,v.,临时讲话，即兴表演,GRE_abridged
adulate,ˈædjuleit,v.,谄媚，奉承,GRE_abridged
adulterate,əˈdʌltəreit,v.,掺假,GRE_abridged
adumbrate,"ˈædʌm,breit",v.,（对将来事件）预示,GRE_abridged
adventitious,ˌædvenˈtiʃəs,a.,偶然的,GRE_abridged
advert,ədˈvəːt,v.,注意，留意,GRE_abridged
aegis,ˈidʒis,n.,盾；保护，庇护,GRE_abridged
aerate,ˈeiəreit,v.,充气，让空气进入,GRE_abridged
aeronautics,ˌeərəˈnɔːtiks,n.,航空学,GRE_abridged
aesthete,ˈiːsθiːt,n.,审美家,GRE_abridged
affectation,ˌæfekˈteiʃən,n.,做作，虚假,GRE_abridged
affected,əˈfektid,a.,不自然的；假装的,GRE_abridged
affidavit,ˌæfiˈdeivit,n.,宣誓书,GRE_abridged
affliction,əˈflikʃən,n.,悲痛，受难的起因,GRE_abridged
affront,əˈfrʌnt,v.,侮辱，冒犯,GRE_abridged
agape,əˈɡeip,a./adv.,（嘴）大张着的/地,GRE_abridged
agglomerate,əˈɡlɔməreit,v.,凝聚，结块,GRE_abridged
aggrandize,əˈɡrændaiz,v.,增大，扩张；吹棒,GRE_abridged
aggressor,əˈɡresə(r),n.,侵略者，攻击者,GRE_abridged
aggrieve,əˈɡriːv,v.,使受委屈；使痛苦,GRE_abridged
agitated,ˈædʒiteitid,a.,被鼓动的；不安的,GRE_abridged
agnostic,æɡˈnɔstik,a.,不可知论的,GRE_abridged
agog,əˈɡɔɡ,a.,兴奋的，有强烈兴趣的,GRE_abridged
agronomy,əɡˈrɔnəmi,n.,农学，农艺学,GRE_abridged
airtight,ˈeətait,a.,密闭的，不透气的,GRE_abridged
alabaster,ˈæləbɑːstə,a.,雪白的,GRE_abridged
alacrity,əˈlækriti,n.,乐意，欣然；敏捷，活泼,GRE_abridged
albeit,ɔːlˈbiːit,conj.,虽然，尽管,GRE_abridged
albino,ælˈbiːnəu,n.,白化病者，白化变种,GRE_abridged
alchemy,ˈælkimi,n.,炼金术,GRE_abridged
alcove,ˈælkəuv,n.,凹室,GRE_abridged
alias,ˈeiliəs,n.,化名，别名,GRE_abridged
alibi,ˈælibai,n.,某人当时不在犯罪现场的申辩或证明,GRE_abridged
alimentary,ˌæliˈmentəri,a.,饮食的，营养的,GRE_abridged
alliterate,əˈlitəreit,v.,押头韵,GRE_abridged
alluring,əˈljuəriŋ,a.,吸引人的，迷人的,GRE_abridged
almond,ˈɑːmənd,n.,杏树，杏仁,GRE_abridged
alms,ɑːmz,n.,施舍物，救济品,GRE_abridged
aloof,əˈluːf,a.,冷淡的，疏远的,GRE_abridged
altruistic,ˌæltruˈistik,a.,无私的，为他人着想的,GRE_abridged
amalgam,əˈmælɡəm,n.,混合物,GRE_abridged
amateurish,ˌæməˈtəːriʃ,a.,业余爱好的，不熟练的,GRE_abridged
ambidextrous,ˈæmbiˈdekstrəs,a.,十分灵巧的,GRE_abridged
ambience,ˈæmbiəns,n.,环境，气氛,GRE_abridged
ambivalence,æmˈbivələns,n.,矛盾心理,GRE_abridged
ambivalent,æmˈbivələnt,a.,（对人或物）有矛盾看法的,GRE_abridged
amble,ˈæmbl,n./v.,漫步，缓行,GRE_abridged
ambrosial,æmˈbrəuzjəl,a.,芬香的，特别美味的,GRE_abridged
ambulatory,ˈæmbjulətəri,a.,（适宜于）步行的,GRE_abridged
ambush,ˈæmbuʃ,v.,埋伏；伏击,GRE_abridged
ameliorate,əˈmiːljəreit,v.,改善，改良,GRE_abridged
amenity,əˈmiːniti,n.,礼仪；使人感到舒适的事物,GRE_abridged
amethyst,ˈæməθist,n.,紫水晶,GRE_abridged
amiss,əˈmis,adv.,有毛病地，出差错地,GRE_abridged
amity,ˈæməti,n.,（人或国之间的）友好关系,GRE_abridged
amnesia,æmˈniːzjə,n.,健忘症,GRE_abridged
amnesty,ˈæmnesti,n.,大赦，特赦,GRE_abridged
amoral,eiˈmɔrəl,a.,与道德无关的,GRE_abridged
amorphous,əˈmɔːfəs,a.,无定形的,GRE_abridged
amortize,əˈmɔːtaiz,v.,分期偿还,GRE_abridged
amphibian,æmˈfibiən,n.,两栖动物；水陆两用飞行器,GRE_abridged
amplitude,ˈæmplitjuːd,n.,广大，广阔,GRE_abridged
amputate,"ˈæmpju,teit",v.,截肢,GRE_abridged
amulet,ˈæmjulit,n.,护身符,GRE_abridged
anachronistic,"ə,nækrəˈnistik",a.,年代出错的,GRE_abridged
anaerobic,ˌæneiəˈrəubik,a.,厌氧的,GRE_abridged
anagram,ˈænəɡræm,n.,变形词,GRE_abridged
analgesia,ˌænælˈdʒiːzjə,n.,无痛觉，痛觉丧失,GRE_abridged
analgesic,ænælˈdʒiːsik,n.,镇痛剂；a. 止痛的,GRE_abridged
anarchist,ˈænəkist,n.,无政府主义者,GRE_abridged
anarchy,ˈænəki,n.,无政府;政治上的混乱,GRE_abridged
anathema,əˈnæθimə,n.,被诅咒的人；宗教意义的诅咒,GRE_abridged
anatomical,ˌænəˈtɔmikəl,a.,解剖学的,GRE_abridged
ancillary,ænˈsiləri,a.,辅助的；n. 助手,GRE_abridged
anemia,əˈniːmiə,n.,贫血，贫血症,GRE_abridged
anemic,əˈniːmik,a.,贫血的，患贫血症的,GRE_abridged
anesthetic,ˌænisˈθetik,n.,麻醉剂；a. 麻醉的,GRE_abridged
angular,ˈæŋɡjulə,a.,有角的；（指人）瘦削的,GRE_abridged
anhydrous,ænˈhaidrəs,a.,无水的,GRE_abridged
animadvert,ˌænimædˈvəːt,v.,苛责，非难,GRE_abridged
animosity,ˌæniˈmɔsiti,n.,憎恶，仇恨,GRE_abridged
animus,ˈæniməs,n.,敌意，憎恨,GRE_abridged
annals,ˈænəlz,n.,编年史,GRE_abridged
anodyne,ˈænəudain,n.,止痛药,GRE_abridged
anorexia,ˌænə（u）ˈreksiə,n.,厌食症,GRE_abridged
antagonize,ænˈtæɡənaiz,v.,使对抗；与...对抗,GRE_abridged
Antarctic,ænˈtɑːktik,a.,南极的,GRE_abridged
antecedence,æntiˈsiːdəns,n.,居先，优先,GRE_abridged
antecedent,ˌæntiˈsiːdənt,n.,前事；前辈；a. 先行的,GRE_abridged
antedate,"ˈænti,deit",v.,（在信、文件上）写上较早日期；早于,GRE_abridged
antediluvian,ˌæntidiˈluːviən,a.,史前的；陈旧的,GRE_abridged
anterior,ænˈtiəriə,a.,较早的，以前的,GRE_abridged
anthem,ˈænθəm,n.,圣歌；赞美歌，国歌,GRE_abridged
anthology,ænˈθɔlədʒi,n.,诗集，文选,GRE_abridged
anthropoid,ˈænθrəpɔid,a.,像人类的；n. 类人猿,GRE_abridged
anthropologist,ˌænθrəˈpɔlədʒist,n.,人类学家,GRE_abridged
antibody,"ˈænti,bɔdi",n.,抗体（身体中的抗病物质）,GRE_abridged
antic,ˈæntik,a.,古怪的,GRE_abridged
anticipatory,ænˈtisipeitəri,a.,预想的，预期的,GRE_abridged
anticlimax,ˌæntiˈklaimæks,n.,令人扫兴的结局;（演讲）突降法,GRE_abridged
antidote,ˈæntidəut,n.,解毒药,GRE_abridged
antihistamine,ˌæntiˈhistəmi(ː)n,n.,（治疗过敏的）抗组胺剂,GRE_abridged
antipathy,ænˈtipəθi,n.,反感，厌恶,GRE_abridged
antiquated,ˈæntikweitid,a.,陈旧的，过时的,GRE_abridged
antithesis,ænˈtiθisis,n.,对立；相对,GRE_abridged
anvil,ˈænvil,n.,铁砧,GRE_abridged
aorta,eiˈɔːtə,n.,主动脉,GRE_abridged
aphorism,ˈæfərizm,n.,格言,GRE_abridged
apiary,ˈeipjəri,n.,养蜂场，蜂房,GRE_abridged
aplomb,ˈæplɔːŋ,n.,沉着，镇静,GRE_abridged
apocalyptic,əpɔkəˈliptik,a.,预示世界末日的；启示的,GRE_abridged
apocrypha,əˈpɔkrifə,n.,伪经，伪书,GRE_abridged
apocryphal,əˈpɔkrif（ə）l,a.,假冒的，虚假的,GRE_abridged
apogee,ˈæpəudʒiː,n.,远地点,GRE_abridged
apoplectic,ˌæpəuˈplektik,a.,中风的；愤怒的,GRE_abridged
apostasy,əˈpɔstəsi,n.,背教，脱党,GRE_abridged
apostate,əˈpɔstit,n.,背教者；变节者,GRE_abridged
apostrophe,əˈpɔstrəfi,n.,书写中撇号（’）（表示省略或所有格）,GRE_abridged
apothecary,əˈpɔθikəri,n.,药剂师,GRE_abridged
apothegm,ˈæpəuθem,n.,格言，警句,GRE_abridged
apotheosis,"ə,pɔθiˈəusis",n.,神化; 典范,GRE_abridged
apparition,ˌæpəˈriʃən,n.,幽灵，神奇的现象,GRE_abridged
appellation,ˌæpeˈleiʃən,n.,名称，称呼,GRE_abridged
appendage,əˈpendidʒ,n.,附加物,GRE_abridged
appetizer,ˈæpitaizə(r),n.,开胃品,GRE_abridged
appetizing,ˈæpitaiziŋ,a.,美味可口的，促进食欲的,GRE_abridged
apposite,ˈæpəzit,a.,适当的，恰当的,GRE_abridged
appreciable,əˈpriːʃiəbl,a.,明显的，可观的,GRE_abridged
apprehensive,ˌæpriˈhensiv,a.,有眼力的；害怕的,GRE_abridged
apprise,əˈpraiz,v.,通知，告诉,GRE_abridged
approbation,ˌæprəˈbeiʃən,n.,称赞，认可,GRE_abridged
apropos,ˈæprəpəu,a./adv.,适宜的（地）；有关,GRE_abridged
aqueduct,"ˈækwi,dʌkt",n.,引水渠；高架渠,GRE_abridged
aquifer,ˈækwifə,n.,含水土层,GRE_abridged
aquiline,ˈækwilain,a.,鹰的，似鹰的,GRE_abridged
arabesque,ˌærəˈbesk,n.,蔓藤图饰,GRE_abridged
arachnid,əˈræknid,n.,蜘蛛类节肢动物,GRE_abridged
arbiter,ˈɑːbitə,n.,权威人士，泰斗,GRE_abridged
arboreal,ɑːˈbɔːriəl,a.,树木的,GRE_abridged
arboretum,ˌɑːbəˈriːtəm,n.,植物园,GRE_abridged
arcane,ɑːˈkein,a.,神秘的，秘密的,GRE_abridged
archer,ˈɑːtʃə,n.,弓箭手，射手,GRE_abridged
archetype,ˈɑːkitaip,n.,原型；典型例子,GRE_abridged
archipelago,ˌɑːkiˈpeliɡəu,n.,群岛,GRE_abridged
arctic,ˈɑːktik,a.,北极的；极寒的,GRE_abridged
argot,ˈɑːɡəu,n.,隐语，黑话,GRE_abridged
aria,ˈɑːriə,n.,独唱曲，咏叹调,GRE_abridged
armada,ɑːˈmɑːdə,n.,舰队,GRE_abridged
armistice,ˈɑːmistis,n.,休战，停战,GRE_abridged
armory,ˈɑːməri,n.,军械库,GRE_abridged
aromatic,ˌærəuˈmætik,a.,芬芳的，芳香的,GRE_abridged
arraign,əˈrein,v.,传讯; 指责,GRE_abridged
arrant,ˈærənt,a.,完全的，彻底的；极坏的,GRE_abridged
arresting,əˈrestiŋ,a.,显著的，引人注意的,GRE_abridged
arrhythmic,əˈriðmik,a.,无节奏的；不规则的,GRE_abridged
arrogate,ˈærəuɡeit,v.,冒称具有...权利，霸占,GRE_abridged
arroyo,əˈrɔiəu,n.,干涸的河床；小河,GRE_abridged
arsenal,ˈɑːsinl,n.,军械库,GRE_abridged
arson,ˈɑːsn,n.,纵火，放火,GRE_abridged
arthritis,ɑːˈθraitis,n.,关节炎,GRE_abridged
artifacts,ˈɑːtifæks,n.,史前古器物,GRE_abridged
artifice,ˈɑːtifis,n.,巧办法；诡计,GRE_abridged
artistry,ˈɑːtistri,n.,艺术技巧,GRE_abridged
artless,ˈɑːtlis,a.,粗俗的；自然的,GRE_abridged
ascendancy,əˈsendənsi,n.,统治权，支配力量,GRE_abridged
aseptic,æˈseptik,a.,洁净的；无菌的,GRE_abridged
asinine,ˈæsinain,a.,愚笨的,GRE_abridged
askance,əˈskæns,adv.,侧目而视，瞟,GRE_abridged
askew,əsˈkjuː,a.,歪斜的；v. 歪斜，弯曲,GRE_abridged
asparagus,əsˈpærəɡəs,,[植]芦笋，龙须菜（可作蔬菜）,GRE_abridged
aspen,ˈæspən,n.,白杨,GRE_abridged
asperity,æsˈperiti,n.,严酷；粗鲁,GRE_abridged
asphalt,ˈæsfælt,n.,沥青,GRE_abridged
asphyxia,æsˈfiksiə,n.,窒息,GRE_abridged
asphyxiate,æsˈfiksieit,v.,（使）无法呼吸，窒息而死,GRE_abridged
aspirant,əsˈpaiərənt,n.,有抱负者,GRE_abridged
assail,əˈseil,v.,（评论）抨击；猛攻,GRE_abridged
assay,əˈsei,v./n.,试验，测定,GRE_abridged
assent,əˈsent,v.,同意，赞成,GRE_abridged
assertiveness,əˈsəːtivnis,n.,过分自信,GRE_abridged
assoil,əˈsɔil,v.,赦免，释放，补偿，赎,GRE_abridged
assured,əˈʃuəd,a.,自信的；确定的,GRE_abridged
asterisk,ˈæstərisk,n.,星号,GRE_abridged
asthma,ˈæsmə,n.,哮喘症,GRE_abridged
astigmatic,ˌæstiɡˈmætik,a.,散光的，乱视的,GRE_abridged
astringent,əsˈtrindʒənt,a.,止血的，收缩的；n. 收缩剂，止血剂,GRE_abridged
astrolabe,ˈæstrəleib,n.,星盘（古代星位观测仪）,GRE_abridged
astrology,əˈstrɔlədʒi,n.,占星术；占星学,GRE_abridged
asunder,əˈsʌndə(r),a./adv.,分离的；化为碎片,GRE_abridged
asymmetric,æsiˈmetrik,a.,不对称的,GRE_abridged
athletics,æθˈletiks,n.,运动，体育,GRE_abridged
atonal,eiˈtəunl,a.,（音乐）无调的,GRE_abridged
atone,əˈtəun,v.,赎罪，补偿,GRE_abridged
atrophy,ˈætrəfi,n.,萎缩，衰退,GRE_abridged
attenuate,əˈtenjueit,v.,变薄；减弱,GRE_abridged
attest,əˈtest,,（to）v. 证明,GRE_abridged
attire,əˈtaiə,v.,穿着；装饰；n. 好衣服,GRE_abridged
attune,əˈtjuːn,,（to）v. 使调和,GRE_abridged
audacious,ɔːˈdeiʃəs,a.,大胆的；愚勇的,GRE_abridged
audible,ˈɔːdəbl,a.,听得见的,GRE_abridged
auger,ˈɔɡə,n.,螺丝钻，钻孔机,GRE_abridged
augur,ˈɔːɡə,n.,占卜师；v. 占卜,GRE_abridged
augury,ˈɔːɡjuri,n.,预言，征兆，占卜,GRE_abridged
aureole,ˈɔːriəl,n.,日冕，光轮,GRE_abridged
auricular,ɔːˈrikjulə,a.,耳的,GRE_abridged
auspices,ˈɔːspisiz,n.,资助，赞助,GRE_abridged
austere,ɔsˈtiə,a.,朴素的,GRE_abridged
authoritarian,"ɔː,θɔriˈteəriən",n.,独裁主义者；极权主义者,GRE_abridged
autocracy,ɔːˈtɔkrəsi,n.,独裁政府,GRE_abridged
avant-garde,ævəŋˈɡɑːd,n.,（艺术）先锋派,GRE_abridged
aver,əˈvəː,v.,极力声明；断言；确证,GRE_abridged
averse,əˈvəːs,a.,不愿的;反对的,GRE_abridged
aviary,ˈeivjəri,n.,大鸟笼，鸟舍,GRE_abridged
avocation,ævəˈkeiʃ（ə）n,n.,副业；嗜好,GRE_abridged
avowal,əˈvauəl,n.,声明,GRE_abridged
avuncular,əˈvʌŋkjulə,a.,伯（叔）父的,GRE_abridged
awe-inspiring,ɔːinˈspaiəriŋ,a.,令人敬畏的,GRE_abridged
awl,ɔːl,n.,（钻皮革的）尖钻,GRE_abridged
awning,ˈɔːniŋ,n.,遮阳蓬，雨蓬,GRE_abridged
awry,əˈrai,a.,扭曲的，走样的,GRE_abridged
axiom,ˈæksiəm,n.,公理；定理,GRE_abridged
axle,ˈæksl,n.,轮轴（连接两个车轮的轴）,GRE_abridged
azure,ˈæʒə,n.,天蓝色；a. 蔚蓝的,GRE_abridged
babble,ˈbæbl,v.,胡言乱语；牙牙学语；喋喋不休,GRE_abridged
bacchanal,ˈbækənl,n.,（行为放纵的）狂欢会,GRE_abridged
backdrop,ˈbækdrɔp,n.,（事情的）背景；背景幕布,GRE_abridged
backhanded,bækˈhændid,a.,间接的；反手击球的,GRE_abridged
backset,ˈbækset,n.,倒退,GRE_abridged
backslide,ˈbækslaid,v.,故态复萌,GRE_abridged
backwater,ˈbækwɔːtə(r),n.,死水；闭塞地区,GRE_abridged
bacterium,bækˈtiəriəm,n.,细菌,GRE_abridged
badger,ˈbædʒə,n.,獾；v. 一再烦扰，一再要求,GRE_abridged
badinage,ˈbædinɑːʒ,n.,开玩笑，打趣,GRE_abridged
bale,beil,n.,大包裹；灾祸，不幸,GRE_abridged
baleful,ˈbeilful,a.,有害的，恶意的,GRE_abridged
balky,ˈbɔːki,a.,"倔强的, 不听使唤的",GRE_abridged
ballad,ˈbæləd,n.,歌谣，小曲,GRE_abridged
ballast,ˈbæləst,n.,（船等）压舱物,GRE_abridged
ballerina,ˌbæləˈriːnə,n.,芭蕾舞女演员,GRE_abridged
balm,bɑːm,n.,香油，药膏；镇痛剂,GRE_abridged
bamboozle,bæmˈbuːzl,v.,欺骗，隐瞒,GRE_abridged
banal,bəˈnɑːl,a.,陈腐的,GRE_abridged
bandy,ˈbændi,v.,来回抛球；轻率谈论,GRE_abridged
bane,bein,n.,祸根,GRE_abridged
banister,ˈbænistə,n.,（楼梯的）栏杆,GRE_abridged
banter,ˈbæntə,n.,打趣，玩笑,GRE_abridged
barb,bɑːb,n.,（鱼钩的）倒钩；严厉的批评,GRE_abridged
barbarous,ˈbɑːbərəs,a.,野蛮的；残暴的,GRE_abridged
bard,bɑːd,n.,吟游诗人,GRE_abridged
barefaced,beəˈfeist,a.,厚颜无耻的，公然的,GRE_abridged
baron,ˈbærən,n.,贵族; 巨头,GRE_abridged
baroque,bəˈrəuk,n./a.,（艺术、建筑等）过分雕琢（的）；（艺术）巴洛克,GRE_abridged
barrage,ˈbærɑːʒ,n.,"弹幕, 火力网",GRE_abridged
barrister,ˈbæristə,n.,讼务；律师,GRE_abridged
bassoon,bəˈsuːn,n.,低音管，巴松管,GRE_abridged
bather,ˈbeiðə(r),n.,入浴者，浴疗者,GRE_abridged
bathetic,bəˈθetik,a.,假作悲伤的；陈腐的,GRE_abridged
baton,ˈbætən,n.,指挥棒（指挥家用）；警棍,GRE_abridged
bauble,ˈbɔːbl,n.,花哨的小玩意儿；没价值的东西,GRE_abridged
bauxite,ˈbɔːksait,n.,铝土岩（产铝的矿土、石）,GRE_abridged
bawdy,ˈbɔːdi,a.,淫猥的，好色的,GRE_abridged
bawl,bɔːl,v.,大叫，大喊,GRE_abridged
bazaar,bəˈzɑː,n.,集市，商店集中区,GRE_abridged
beacon,ˈbiːkən,n.,烽火；灯塔,GRE_abridged
beatific,ˌbiːəˈtifik,a.,祝福的，快乐的,GRE_abridged
bedeck,biˈdek,v.,装饰，修饰,GRE_abridged
bedizen,biˈdaizn,v.,把...装饰得艳丽而俗气,GRE_abridged
bedlam,ˈbedləm,n.,混乱，骚乱,GRE_abridged
bedraggled,biˈdræɡ（ə）ld,a.,弄湿的；凌乱不堪的,GRE_abridged
beet,biːt,n.,甜菜,GRE_abridged
befoul,biˈfaul,v.,弄脏，污蔑中伤,GRE_abridged
befuddlement,biˈfʌdəlmənt,n.,迷惑不解,GRE_abridged
behold,biˈhəuld,v.,目睹，看见,GRE_abridged
beholden,biˈhəuldən,a.,感激某人的；欠人情的,GRE_abridged
beholder,biˈhəuldə(r),n.,目睹者，旁观者,GRE_abridged
behoove,biˈhəuv,v.,应该，有必要；适宜,GRE_abridged
belabor,biˈleibə,v.,过分冗长地做或说；痛打,GRE_abridged
belated,biˈleitid,a.,来得太迟的,GRE_abridged
belch,beltʃ,n./v.,打嗝；（火山）喷出,GRE_abridged
beleaguer,biˈliːɡə,v.,围攻；骚扰,GRE_abridged
bellicose,ˈbeləkəus,a.,好战的，好斗的,GRE_abridged
belligerence,biˈlidʒərəns,n.,交战；好战性，斗争性,GRE_abridged
bellwether,"ˈbel,weðə",n.,领导者，领头羊,GRE_abridged
bemused,biˈmjuːzd,a.,茫然的，困惑的,GRE_abridged
benediction,beniˈdikʃən,n.,祝福；祈祷,GRE_abridged
benison,ˈbenizn,n.,祝福，赐福,GRE_abridged
bequeath,biˈkwiːð,v.,遗赠,GRE_abridged
bereft,biˈreft,a.,被剥夺的；缺少的,GRE_abridged
berserk,bə(ː)ˈsəːk,a.,狂怒的，疯狂的,GRE_abridged
besmirch,biˈsməːtʃ,v.,诽谤,GRE_abridged
besot,biˈsɔt,v.,使沉醉，使糊涂,GRE_abridged
bestial,ˈbestjəl,a.,野兽的，残忍的,GRE_abridged
betoken,biˈtəukən,v.,预示，表示,GRE_abridged
betroth,biˈtrəuð,v.,许配，和...订婚,GRE_abridged
bewildering,biˈwildəriŋ,a.,令人迷惑的；费解的,GRE_abridged
bewitching,biˈwitʃiŋ,a.,迷人的,GRE_abridged
bibliophile,ˈbibliəufail,n.,爱书者，藏书家,GRE_abridged
bibulous,ˈbibjuləs,a.,高度吸收的; 嗜酒的,GRE_abridged
bide,baid,v.,等待，逗留,GRE_abridged
biennial,baiˈeniəl,a.,两年一次的,GRE_abridged
bifurcate,ˈbaifəːkeit,v.,分为两支，分叉,GRE_abridged
bigot,ˈbiɡət,n.,（宗教、政治等的）盲信者；心胸狭窄者,GRE_abridged
bile,bail,n.,胆汁；愤怒,GRE_abridged
bilingual,baiˈliŋɡwəl,a.,（说）两种语言的,GRE_abridged
bilious,ˈbiljəs,a.,胆汁质的；坏脾气的,GRE_abridged
bilk,bilk,v.,躲债；骗取,GRE_abridged
billow,ˈbiləu,n.,巨浪;v. 翻腾,GRE_abridged
billowy,ˈbiləui,a.,如波浪般翻滚的,GRE_abridged
biosphere,ˈbaiəsfiə,n.,生命层，生物圈,GRE_abridged
biped,ˈbaiped,n.,二足动物,GRE_abridged
blackball,ˈblækbɔːl,v.,投反对票,GRE_abridged
blanch,blɑːntʃ,v.,使变白；使（脸色）变苍白,GRE_abridged
blandishment,ˈblændiʃmənt,n.,奉承，甘言劝诱,GRE_abridged
blare,bleə,v.,高声鸣叫,GRE_abridged
blasé,ˈblɑːzei,a.,厌倦享乐的，冷漠的,GRE_abridged
blasphemy,ˈblæsfimi,n.,亵渎，渎神,GRE_abridged
blatant,ˈbleitənt,a.,厚颜无耻的；显眼的；炫耀的,GRE_abridged
blather,ˈblæðə,v.,胡说八道,GRE_abridged
blazon,ˈbleizn,n.,纹章，装饰；v. 精确描绘,GRE_abridged
bleachers,ˈbliːtʃəz,n.,（球场的）露天座位,GRE_abridged
bleary,ˈbliəri,a.,视线模糊的，朦胧的；精疲力竭的,GRE_abridged
blight,blait,n.,植物枯萎病；v. 使...枯萎,GRE_abridged
blighted,blaitid,a.,枯萎的；衰老的,GRE_abridged
blissful,ˈblisfuls,a.,极幸福的,GRE_abridged
blithe,blaið,a.,快乐的，无忧无虑的,GRE_abridged
bloated,ˈbləutid,a.,肿胀的; 傲慢的,GRE_abridged
blockade,blɔˈkeid,v./n.,封锁,GRE_abridged
blockage,ˈblɔkidʒ,n.,障碍物,GRE_abridged
blooming,ˈbluːmiŋ,a.,有花的；精力旺盛的,GRE_abridged
blotch,blɔtʃ,n.,（皮肤上的）红斑点；（墨水等）大斑点,GRE_abridged
blowhard,ˈbləuhɑːd,n.,自吹自擂者,GRE_abridged
bludgeon,ˈblʌdʒən,n.,大头棒；v. 用棒打击,GRE_abridged
blurb,bləːb,n.,简介；印在书籍封套上的推荐广告,GRE_abridged
blurt,bləːt,v.,脱口而出,GRE_abridged
bluster,ˈblʌstə,v.,气势汹汹地说，威吓；（指风）猛刮,GRE_abridged
blustering,ˈblʌstəriŋ,a.,大吵大闹的,GRE_abridged
bode,bəud,v.,预示,GRE_abridged
boding,ˈbəudiŋ,n.,凶兆，前兆，预感；a. 凶兆的,GRE_abridged
bodyguard,ˈbɔdiɡɑːd,n.,保镖，侍卫,GRE_abridged
boggle,ˈbɔɡl,v.,畏缩不前；使退缩,GRE_abridged
bogus,ˈbəuɡəs,a.,假装的，假的,GRE_abridged
bohemian,bəuˈhiːmjən,a./n.,放荡不羁的（人）,GRE_abridged
boisterous,ˈbɔistərəs,a.,喧闹的；猛烈的,GRE_abridged
bombardment,bɔmˈbɑːdmənt,n.,炮炸，炮轰,GRE_abridged
bombast,ˈbɔmbæst,n.,高调，夸大之辞,GRE_abridged
bonhomie,ˌbɑːnəˈmiː,n.,好性情，温和，和蔼,GRE_abridged
bonnet,ˈbɔnit,n.,圆帽，扁平软帽,GRE_abridged
bonny,ˈbɔni,a.,健美的，漂亮的,GRE_abridged
boo,buː,v.,作嘘声，蔑视或反对,GRE_abridged
boor,buə,n.,举止粗野的人；乡下人,GRE_abridged
bootless,ˈbuːtlis,a.,无益处的；无用的,GRE_abridged
botch,bɔtʃ,v.,（笨手笨脚地）弄坏某事,GRE_abridged
bottleneck,"ˈbɔtl,nek",n.,瓶颈口，（喻）交通易阻塞的狭口,GRE_abridged
bough,bau,n.,粗大的树枝或树干,GRE_abridged
bouncing,ˈbaunsiŋ,a.,精力充沛的；健康的；活泼的,GRE_abridged
bounteous,ˈbauntiəs,a.,慷慨的; 丰富的,GRE_abridged
bourgeois,ˈbuɚʒˌwɑ,a.,中产阶级的；自私拜物的,GRE_abridged
bovine,ˈbəuvain,a.,（似）牛的; 迟钝的,GRE_abridged
bowdlerize,ˈbaudləraiz,v.,删除，删改,GRE_abridged
bower,ˈbauə(r),n.,凉亭，树荫下凉快之处,GRE_abridged
bracelet,ˈbreislit,n.,手镯，臂镯,GRE_abridged
bracing,ˈbreisiŋ,a.,令人振奋的,GRE_abridged
brackish,ˈbrækiʃ,a.,（指水）略咸的；不好吃的,GRE_abridged
braggadocio,bræɡəˈdəuʃiəu,n.,吹牛大王；大吹大擂,GRE_abridged
braggart,ˈbræɡət,n.,吹牛者,GRE_abridged
braid,breid,n.,穗子；发辫；v. 编成辫子,GRE_abridged
brandish,ˈbrændiʃ,v.,（威胁性地）挥舞,GRE_abridged
brash,bræʃ,a.,性急的；无礼的,GRE_abridged
brassy,ˈbraːsi,a.,厚脸皮的，无礼的,GRE_abridged
brat,bræt,n.,孩子；顽童,GRE_abridged
brattish,ˈbrætiʃ,a.,（指小孩）讨厌的，宠坏的，不礼貌的,GRE_abridged
bravado,brəˈvɑːdəu,n.,故作勇敢，虚张声势,GRE_abridged
bravura,brəˈvjuərə,n.,华美乐段；a. 华美的；显示技巧的,GRE_abridged
brawny,ˈbrɔːni,a.,（人）强壮的,GRE_abridged
bray,brei,v.,大声而刺耳地发出（叫唤或声音）,GRE_abridged
brazen,ˈbreizn,a.,厚脸皮的,GRE_abridged
breezeway,ˈbriːzwei,n.,连接廊，有顶过道,GRE_abridged
bricklayer,ˈbrikleiə(r),n.,砌砖盖房者，泥瓦匠,GRE_abridged
bridle,ˈbraidl,n.,马笼头，马缰；v. 抑制，控制,GRE_abridged
brindled,ˈbrind（ə）ld,a.,有棕色斑纹的,GRE_abridged
bristle,ˈbrisl,n.,短而硬的毛发；v. （毛）竖起；发怒,GRE_abridged
broach,brəutʃ,v.,开瓶；提出（讨论）,GRE_abridged
brocade,brəˈkeid,n.,织锦,GRE_abridged
broil,brɔil,v.,烧烤,GRE_abridged
bromide,ˈbrəumaid,n.,平庸的人或话；溴化物,GRE_abridged
brooch,bruːtʃ,n.,胸针,GRE_abridged
brook,bruk,n.,小河 v. 允许（通常与no连用）,GRE_abridged
browbeat,ˈbraubiːt,v.,欺侮；吓唬,GRE_abridged
bruit,bruːt,v.,散布（谣言）,GRE_abridged
brunt,brʌnt,n.,主要冲击力或影响，矛头,GRE_abridged
brusque,brʌsk,a.,唐突的，鲁莽的,GRE_abridged
brute,bruːt,n./a.,野兽（的）；残忍的（人）,GRE_abridged
bucolic,bjuːˈkɔlik,a.,乡村的；牧羊的,GRE_abridged
buffoon,bəˈfuːn,n.,演出时的丑角；粗俗而愚蠢的人,GRE_abridged
bugaboo,ˈbʌɡəbuː,n.,吓人的东西；妖怪,GRE_abridged
buggy,ˈbʌɡi,n.,轻型马车；婴儿车,GRE_abridged
bulge,bʌldʒ,n./v.,膨胀，鼓起,GRE_abridged
bulldoze,ˈbuldəʊz,v.,用推土机推平；威胁，恐吓,GRE_abridged
bullion,ˈbuliən,n.,金条，银条,GRE_abridged
bullish,ˈbuliʃ,a.,股票行情看涨的；乐观的，自信的,GRE_abridged
bullyrag,ˈbuliræɡ,v.,恐吓，威胁,GRE_abridged
bumble,ˈbʌmbl,v.,说话含糊；拙劣地做,GRE_abridged
bumpkinly,bʌmpkinli,a.,乡巴佬的,GRE_abridged
bumptious,ˈbʌmpʃəs,a.,傲慢的，自夸的,GRE_abridged
bungle,ˈbʌŋɡl,v.,粗制滥造,GRE_abridged
buoy,bɔi,n.,浮标；救生圈；v. 鼓励,GRE_abridged
buoyant,ˈbɔiənt,a.,有浮力的；快乐的,GRE_abridged
burlesque,bəːˈlesk,n.,讽刺或滑稽的戏剧,GRE_abridged
bustle,ˈbʌsl,v.,奔忙，忙碌；n. 喧闹，熙熙攘攘,GRE_abridged
buttress,ˈbʌtris,n.,拱墙，拱壁；v. 支持,GRE_abridged
buxom,ˈbʌksəm,a.,体态丰满的,GRE_abridged
byline,ˈbailain,n.,（列作者名字的）报刊文章首行,GRE_abridged
byproduct,"ˈbai,prɔdʌkt",n.,副产品；副作用,GRE_abridged
Byzantine,biˈzæntain,a.,像迷宫似的；难变更的,GRE_abridged
cabal,kəˈbæl,n.,政治阴谋小集团,GRE_abridged
cache,kæʃ,n.,贮藏处；v. 将...藏于,GRE_abridged
cachet,ˈkæʃei,n.,声望；名望，优良标志,GRE_abridged
cacophonous,kəˈkɔfənəs,a.,发音不和谐的，不协调的,GRE_abridged
cacophony,kæˈkɔfəni,n.,刺耳的噪声,GRE_abridged
cadaver,kəˈdeivə,n.,尸体,GRE_abridged
cadence,ˈkeidəns,n.,抑扬顿挫；节奏，韵律,GRE_abridged
cadet,kəˈdet,n.,军校或警官学校的学生,GRE_abridged
cadge,kædʒ,v.,乞讨；诈取，骗取,GRE_abridged
cajole,kəˈdʒəul,v.,（以甜言蜜语）哄骗,GRE_abridged
calculated,ˈkælkjuleitid,a.,蓄意的,GRE_abridged
caldron,ˈkɔːdrən,n.,（煮汤用的）大锅,GRE_abridged
calibrate,ˈkælibreit,v.,量...口径；精确校准,GRE_abridged
calibre,ˈkæləbə,n.,（枪等）口径；（人或事）品德，才能,GRE_abridged
calipers,ˈkælipəz,n.,测径器，双脚规,GRE_abridged
calligraphy,kəˈliɡrəfi,n.,书法,GRE_abridged
callous,ˈkæləs,a.,起老茧的，结硬块的；无情的,GRE_abridged
callow,ˈkæləu,a.,（鸟）未生羽毛的；（人）未成熟的,GRE_abridged
callus,ˈkæləs,n.,老茧，胼胝,GRE_abridged
calumniate,kəˈlʌmnieit,v.,诽谤，中伤,GRE_abridged
calumny,ˈkæləmni,n.,诽谤，中伤,GRE_abridged
cameo,ˈkæmiəu,n.,浮雕宝石；生动刻画；（演员）出演,GRE_abridged
canard,kæˈnɑːd,n.,谣言，假新闻,GRE_abridged
canary,kəˈneəri,n.,金丝雀；女歌星,GRE_abridged
candid,ˈkændid,a.,率直的,GRE_abridged
candor,ˈkændə,n.,坦白，率直,GRE_abridged
canine,ˈkeinain,a.,犬的，似犬的，犬科的,GRE_abridged
canker,ˈkæŋkə,n.,溃疡病；祸害,GRE_abridged
canon,ˈkænən,n.,"真作,圣典",GRE_abridged
canonical,kəˈnɔnikəl,a.,（教会）符合规定的，被收入真经的,GRE_abridged
canorous,kəˈnɔːrəs,a.,音调优美的，响亮的,GRE_abridged
cant,kænt,n.,斜坡，斜面；隐语，术语，黑话；v. 使倾斜,GRE_abridged
cantankerous,kənˈtæŋkərəs,a.,脾气坏的，好争吵的,GRE_abridged
cantata,kænˈtɑːtə,n.,清唱剧，大合唱,GRE_abridged
canto,ˈkæntəu,n.,（长诗的）篇,GRE_abridged
canvass,ˈkænvəs,v.,调查（民意）；拉选票,GRE_abridged
caper,ˈkeipə,v./n.,雀跃，欢蹦,GRE_abridged
capillary,kəˈpiləri,n.,毛细血管,GRE_abridged
capitalize,kəˈpitəlaiz,v.,资本化，获利，利用,GRE_abridged
capitation,ˌkæpiˈteiʃən,n.,人头税,GRE_abridged
capitulate,kəˈpitjuleit,v.,（有条件地）投降,GRE_abridged
caprice,kəˈpriːs,n.,怪想；变化无常，任性,GRE_abridged
capricious,kəˈpriʃəs,a.,怪想的；变化无常的，任性的,GRE_abridged
capsize,kæpˈsaiz,v.,使船翻；倾覆,GRE_abridged
captious,ˈkæpʃəs,a.,吹毛求疵的,GRE_abridged
carafe,kəˈrɑːf,n.,玻璃瓶,GRE_abridged
carapace,ˈkærəpeis,n.,（蟹或龟等的）甲壳,GRE_abridged
carat,ˈkærət,n.,克拉；（金子）开,GRE_abridged
carcinogen,kɑːˈsinədʒən,n.,致癌物,GRE_abridged
cardiologist,ˌkɑːdiˈɔlədʒist,n.,心脏病专家,GRE_abridged
careen,kəˈriːn,v.,（船）倾斜；使倾斜,GRE_abridged
caress,kəˈres,n.,爱抚，抚摸；v. 爱抚或抚摸某人,GRE_abridged
careworn,ˈkeəwɔːn,a.,受忧虑折磨的，饱经风霜的,GRE_abridged
caricature,kærikəˈtjuə,n.,讽刺画；滑稽模仿,GRE_abridged
carillon,kəˈriljən,n.,编钟，钟琴,GRE_abridged
carnivorous,kɑːˈnivərəs,a.,肉食动物的,GRE_abridged
carol,ˈkærəl,n.,赞美诗，颂歌；v. 欢唱,GRE_abridged
carouse,kəˈrauz,n.,狂饮寻乐晚会,GRE_abridged
carpentry,ˈkɑːpintri,n.,木工工作,GRE_abridged
carrion,ˈkæriən,n.,腐肉,GRE_abridged
cartographer,kɑːˈtɔɡrəfə,n.,绘制地图者,GRE_abridged
caste,kɑːst,n.,社会等级，等级,GRE_abridged
castigation,ˌkæstiˈɡeiʃn,n.,惩罚，苛评,GRE_abridged
catapult,ˈkætəpʌlt,n.,弹弓；弹射器,GRE_abridged
catharsis,kæˈθɑːsis,n.,宣泄；情感（受艺术作用而起的）净化,GRE_abridged
caucus,ˈkɔːkəs,n.,政党高层会议,GRE_abridged
caulk,kɔːk,v.,填塞（隙缝使不漏水）,GRE_abridged
causal,ˈkɔːzəl,a.,原因的，因果关系的,GRE_abridged
cauterize,ˈkɔːtəraiz,v.,（用腐蚀性物质或烙铁）烧灼（表皮组织）以消毒或止血,GRE_abridged
cautionary,ˈkɔːʃənəri,a.,劝人谨慎的，警戒的,GRE_abridged
cavalcade,ˌkævəlˈkeid,n.,马队，车队,GRE_abridged
cavalier,ˌkævəˈliə,n.,骑士，武士,GRE_abridged
cavalry,ˈkævəlri,n.,骑兵部队，装甲部队,GRE_abridged
caveat,ˈkæviæt,n.,警告，告诫,GRE_abridged
cavil,ˈkævil,v.,挑毛病，吹毛求疵,GRE_abridged
cavort,kəˈvɔːt,v.,腾越，欢跃,GRE_abridged
cede,siːd,v.,割让（土地权利），放弃,GRE_abridged
celerity,siˈleriti,n.,快速，迅速,GRE_abridged
celibate,ˈselibit,n.,独身者；a. 不结婚的,GRE_abridged
cello,ˈtʃeləu,n.,大提琴,GRE_abridged
centaur,ˈsentɔː,n.,人头马怪物,GRE_abridged
centralization,ˈsentrəlaiˈzeiʃən,n.,集中；集权化,GRE_abridged
centrifugal,senˈtrifjuɡəl,a.,离心的,GRE_abridged
centripetal,senˈtripitl,a.,向心的,GRE_abridged
centurion,senˈtjuəriən,n.,古罗马的百人队长,GRE_abridged
cephalic,seˈfælik,a.,头的，头部的,GRE_abridged
ceramics,siˈræmiks,n.,制陶业；陶器,GRE_abridged
cerebral,ˈseribrəl,a.,大脑的；运用理性的（非感性的）,GRE_abridged
certitude,ˈsəːtitjuːd,n.,确信；确定无疑,GRE_abridged
cessation,səˈseiʃən,n.,中止，（短暂的）停止,GRE_abridged
cession,ˈseʃən,n.,割让，转让,GRE_abridged
chaff,tʃɑːf,n.,谷物的皮壳，米糠,GRE_abridged
chaffing,tʃɑːfiŋ,a.,玩笑的，嘲弄的,GRE_abridged
chagrin,ˈʃæɡrin,v./n.,失望，懊恼,GRE_abridged
chalice,ˈtʃælis,n.,大酒杯；圣餐杯,GRE_abridged
chameleon,kəˈmiːljən,n.,变色龙，蜥蜴；善变之人,GRE_abridged
champ,tʃæmp,v.,咀嚼（变体chump）,GRE_abridged
chandelier,ˌʃændiˈliə,n.,枝形吊灯（烛台）,GRE_abridged
chaperone,ˈʃæpərəʊn,n.,（陪少女上交际场所的）女伴,GRE_abridged
char,tʃɑː,v.,烧焦；使...燃烧成焦炭,GRE_abridged
characterization,ˌkæriktəraiˈzeiʃən,n.,描绘，刻画,GRE_abridged
charade,ʃəˈrɑːd,n.,用动作等表演文字意义的字谜游戏,GRE_abridged
charlatan,ˈʃɑːlətən,n.,江湖郎中，骗子,GRE_abridged
chasm,ˈkæzəm,n.,深渊，大沟；大差别,GRE_abridged
chasten,ˈtʃeisn,v.,改正；磨炼,GRE_abridged
chastise,tʃæsˈtaiz,v.,（严惩）责打，体罚；谴责,GRE_abridged
chauvinistic,ˌʃəuviˈnistik,a.,沙文主义的，过分爱国主义的,GRE_abridged
checkered,ˈtʃekəd,a.,盛衰无常的,GRE_abridged
cheeky,ˈtʃiːkiː,a.,无礼的，厚颜无耻的,GRE_abridged
cherubic,tʃeˈruːbik,a.,（尤指孩子）胖乎乎而天真无邪的,GRE_abridged
chic,ʃi(ː)k,a.,漂亮的，时髦的,GRE_abridged
chicanery,ʃiˈkeinəri,n.,诡计，狡诈,GRE_abridged
chimera,kaiˈmiərə,n.,神话怪物；不可能实现的梦幻,GRE_abridged
chipmunk,ˈtʃipmʌŋk,n.,花栗鼠（像松鼠的美洲小动物）,GRE_abridged
chipper,ˈtʃipə,a.,充满活力的，愉快的,GRE_abridged
chisel,ˈtʃizl,n.,凿子；v. 凿；欺骗,GRE_abridged
chivalrous,ˈʃivəlrəs,a.,武士精神的；对女人彬彬有礼的,GRE_abridged
choleric,ˈkɔlərik,a.,易怒的，暴躁的,GRE_abridged
choreography,ˌkɔ(ː)riˈɔɡrəfi,n.,舞蹈；舞蹈编排,GRE_abridged
chortle,ˈtʃɔːtl,v./n.,开心地笑,GRE_abridged
chromatic,krəˈmætik,a.,彩色的，五彩的,GRE_abridged
chrysanthemum,"kriˈsænθ,əməm",n.,菊，菊花,GRE_abridged
chubby,ˈtʃʌbi,a.,丰满的，圆滚滚的,GRE_abridged
chuck,tʃʌk,v.,扔或抛，抛弃，解雇；辞职,GRE_abridged
churl,tʃəːl,n.,粗鄙之人,GRE_abridged
ciliate,ˈsiliit,a.,有纤毛的；有睫毛的,GRE_abridged
cinder,ˈsində,n.,余烬，矿渣,GRE_abridged
cineaste,ˈsiniːæst,n.,影迷，热衷于电影的人,GRE_abridged
circumlocution,ˌsəːkəmləˈkjuːʃən,n.,迂回累赘的陈述,GRE_abridged
circumlocutory,ˌsɜːkəmləuˈkjuːʃən,a.,委婉曲折的，迂回的,GRE_abridged
circumstantial,ˌsəːkəmˈstænʃəl,a.,不重要的，偶然的；描述详细的,GRE_abridged
cistern,ˈsistən,n.,贮水池,GRE_abridged
civility,siˈviliti,n.,彬彬有礼，斯文,GRE_abridged
clairvoyance,kleəˈvɔiəns,n.,超人的洞察力,GRE_abridged
clairvoyant,kleəˈvɔiənt,a.,透视的，有洞察力的,GRE_abridged
clamber,ˈklæmbə,v.,爬上，攀登,GRE_abridged
clammy,ˈklæmi,a.,冷而粘湿的,GRE_abridged
clannish,ˈklæniʃ,a.,排他的，门户之见的,GRE_abridged
clarion,ˈklæriən,a.,声音高而清晰的；n. 尖音小号声；尖音小号,GRE_abridged
cleavage,ˈkliːvidʒ,n.,裂缝；分裂,GRE_abridged
cleave,kliːv,v.,劈开；分裂,GRE_abridged
cleaver,ˈkliːvə(r),n.,切肉刀,GRE_abridged
clemency,ˈklemənsi,n.,温和；仁慈，宽厚,GRE_abridged
clement,ˈklemənt,a.,温和的；仁慈的,GRE_abridged
clientele,klaiɑnˈtel,n.,（医生、律师的）顾客，（商店的）常客,GRE_abridged
clique,kliːk,n.,朋党派系，小集团,GRE_abridged
cloister,ˈklɔistə,n.,修道院,GRE_abridged
closed-minded,ˈkləuzdˈmaindid,a.,倔强的，顽固的,GRE_abridged
closure,ˈkləuʒə,n.,关闭；终止,GRE_abridged
cloture,ˈkləutʃə,n.,（议会等中的）终止辩论提付表决,GRE_abridged
cloudburst,ˈklaudbəːst,n.,大暴雨，豪雨,GRE_abridged
clout,klaut,n.,权力，影响力；用手猛击,GRE_abridged
cloy,klɔi,v.,（吃甜食）生腻，吃腻,GRE_abridged
cloying,ˈklɔiiŋ,a.,甜得发腻的,GRE_abridged
coagulant,kəuˈæɡjulənt,n.,凝结剂；凝血剂,GRE_abridged
coagulate,kəuˈæɡjuleit,v.,使凝结,GRE_abridged
coagulation,"kəu,æɡjuˈleiʃən",n.,凝固,GRE_abridged
coalesce,ˌkəuəˈles,v.,联合，合并,GRE_abridged
coarsen,ˈkɔːsn,v.,使某物变粗糙,GRE_abridged
cob,kɔb,n.,玉米棒子；雄天鹅,GRE_abridged
cobbler,ˈkɔblə,n.,补鞋匠,GRE_abridged
cocoon,kəˈkuːn,n.,茧,GRE_abridged
coda,ˈkəudə,n.,乐曲的尾声,GRE_abridged
codify,ˈkɔdifai,v.,将法律、规则等编成法典,GRE_abridged
coerce,kəuˈəːs,v.,强迫；压制,GRE_abridged
coercion,kəuˈəːʃən,n.,强制，高压统治,GRE_abridged
coeval,kəuˈiːvəl,a.,同年代的,GRE_abridged
coffer,ˈkɔfə,n.,保险柜,GRE_abridged
cogitate,ˈkɔdʒiteit,v.,认真思考，深思熟虑,GRE_abridged
cognate,ˈkɔɡneit,a.,同词源的；同类的,GRE_abridged
cognizance,ˈkɔɡnizəns,n.,认识，察识，知识,GRE_abridged
cognizant,ˈkɔɡnizənt,a.,知道的，认识的,GRE_abridged
cognomen,kɔɡˈnəumen,n.,（古罗马人的）姓,GRE_abridged
cohabit,kəuˈhæbit,v.,共栖,GRE_abridged
colander,ˈkʌləndə(r),n.,滤器，漏勺,GRE_abridged
cold-blooded,ˈkəuldˈblʌdid,,a.,GRE_abridged
cold-blooded,ˈkəuldˈblʌdid,,[生]冷血的；残酷的,GRE_abridged
collage,kəˈlɑːʒ,n.,拼贴画,GRE_abridged
collate,kɔˈleit,v.,对照，核对,GRE_abridged
collected,kəˈlektid,a.,泰然自若的,GRE_abridged
colloquium,kəˈləukwiəm,n.,学术讨论会,GRE_abridged
colloquy,ˈkɔləkwi,n.,（非正式的）交谈，会谈,GRE_abridged
collude,kəˈluːd,v.,串通，共谋,GRE_abridged
colonnade,ˌkɔləˈneid,n.,柱廊（一排柱子长廊）,GRE_abridged
coloration,kʌləˈreiʃən,n.,着色法，染色法；颜色，色泽,GRE_abridged
colossus,kəˈlɔsəs,n.,巨人；巨型雕像,GRE_abridged
colt,kəult,n.,小雄驹,GRE_abridged
coltish,ˈkəultiʃ,a.,似小马的；不受拘束的,GRE_abridged
coma,ˈkəumə,n.,昏迷状态,GRE_abridged
comatose,ˈkəumətəus,a.,昏迷的,GRE_abridged
comedienne,kəˌmediˈen,n.,说笑话、演滑稽剧等的女演员,GRE_abridged
comely,ˈkʌmli,a.,吸引人的，美丽的,GRE_abridged
comestible,kəˈmestibl,n.,食物，食品；a. 可吃的,GRE_abridged
comity,ˈkɔmiti,n.,礼让，礼仪,GRE_abridged
commensurate,kəˈmenʃərit,a.,同样大小的；相称的,GRE_abridged
commingle,kɔˈmiŋɡl,v.,搀和，混合,GRE_abridged
commiserate,kəˈmizəreit,v.,同情，怜悯,GRE_abridged
committed,kəˈmitid,a.,（对事业，本职工作等）尽忠的,GRE_abridged
commonsense,ˌkɔmənˈsens,a.,具有常识的,GRE_abridged
commotion,kəˈməuʃən,n.,骚动，动乱,GRE_abridged
compatriot,kəmˈpætriət,n.,同胞，同国人,GRE_abridged
compendium,kəmˈpendiəm,n.,简要，概略,GRE_abridged
complaisance,kəmˈpleizəns,n.,彬彬有礼，殷勤，柔顺,GRE_abridged
complaisant,kəmˈpleizənt,a.,顺从的，讨好的,GRE_abridged
compliant,kəmˈplaiənt,a.,服从的，顺从的,GRE_abridged
complicity,kəmˈplisiti,n.,合谋，串通,GRE_abridged
comport,kəmˈpɔːt,v.,举止（以一种特殊方式表现）,GRE_abridged
compost,ˈkɔmpɔst,n.,混合肥料,GRE_abridged
comprehensible,ˌkɔmpriˈhensəbl,a.,能充分理解的,GRE_abridged
compulsion,kəmˈpʌlʃ（ə）n,n.,强迫；难以抗拒的冲动，欲望,GRE_abridged
compunction,kəmˈpʌŋkʃ（ə）n,n.,懊悔，良心不安,GRE_abridged
con,kɔn,n.,反对；v. 欺骗,GRE_abridged
concatenate,kɔnˈkætineit,v.,连结；连锁,GRE_abridged
concave,ˈkɔnˈkeiv,a.,凹的,GRE_abridged
concentric,kɔnˈsentrik,a.,（指数个圆）有同一中心的,GRE_abridged
concerto,kənˈtʃerto,n.,协奏曲,GRE_abridged
conciliate,kənˈsilieit,v.,安抚，使和解，调和,GRE_abridged
conclave,ˈkɔŋkleiv,n.,秘密会议,GRE_abridged
concomitant,kənˈkɔmitənt,a.,伴随而来的,GRE_abridged
concord,ˈkɔŋkɔːd,n.,和睦；公约,GRE_abridged
concussion,kənˈkʌʃən,n.,脑震荡；强烈震动,GRE_abridged
condescend,kɔndiˈsend,v.,屈尊，俯就,GRE_abridged
condescending,kɔndiˈsendiŋ,a.,谦逊的，故意屈尊的,GRE_abridged
condign,kənˈdain,a.,罪有应得的；适宜的,GRE_abridged
condole,kənˈdəul,v.,向...吊慰,GRE_abridged
condor,ˈkɔndɔː,n.,秃鹰；神鹰,GRE_abridged
conduit,ˈkɔndit,n.,渠道，引水道；水管,GRE_abridged
confection,kənˈfekʃən,n.,甜食，糖果,GRE_abridged
confidant,ˌkɔnfiˈdænt,n.,心腹朋友，知己,GRE_abridged
conflagration,ˌkɔnfləˈɡreiʃən,n.,建筑物或森林大火,GRE_abridged
conflate,kənˈfleit,v.,合并,GRE_abridged
conformist,kɔnˈfɔːmist,n.,遵奉习俗者，英国国教徒,GRE_abridged
congeal,kənˈdʒiːl,v.,冻结，凝固,GRE_abridged
congenital,kɔnˈdʒenitl,a.,先天的，天生的,GRE_abridged
congest,kənˈdʒest,v.,使拥挤；充血,GRE_abridged
conglomerate,kɔnˈɡlɔmərit,v.,集聚成团,GRE_abridged
congruent,ˈkɔŋɡruənt,a.,（形状大小）全等的，一致的,GRE_abridged
congruous,ˈkɔŋɡruəs,a.,一致的，符合的；[数]全等的,GRE_abridged
conifer,ˈkəunifə,n.,针叶树,GRE_abridged
conjecture,kənˈdʒektʃə,v./n.,推测，臆测,GRE_abridged
conjoin,kənˈdʒɔin,v.,使结合,GRE_abridged
conjugal,ˈkɔndʒuɡəl,a.,婚姻的，夫妻之间的,GRE_abridged
connubial,kəˈnjuːbjəl,a.,婚姻的，夫妻的,GRE_abridged
conscript,ˈkɔnskript,v.,强行征兵，征召,GRE_abridged
consequential,ˌkɔnsiˈkwenʃəl,a.,傲慢的，自以为是的,GRE_abridged
consign,kənˈsain,v.,托运；托人看管,GRE_abridged
consonance,ˈkɔnsənəns,n.,一致，调和；和音,GRE_abridged
conspectus,kənˈspektəs,n.,概要，大纲,GRE_abridged
consternation,ˌkɔnstə(ː)ˈneiʃən,n.,大为吃惊，惊骇,GRE_abridged
constrained,kənˈstreind,a.,束缚的，节制的,GRE_abridged
constringe,kənˈstrindʒ,v.,使收缩，使收敛，压缩,GRE_abridged
consummate,kənˈsʌmit；ˈkɑnsəmet,a.,完全的，完善的；v. 完成,GRE_abridged
contiguous,kənˈtiɡjuəs,a.,接壤的，接近的,GRE_abridged
contort,kənˈtɔːt,v.,（使）扭曲；曲解,GRE_abridged
contraband,"ˈkɔntrə,bænd",n.,违禁品，走私货,GRE_abridged
contrition,kənˈtriʃ（ə）n,n.,悔罪，痛悔,GRE_abridged
contrived,kənˈtraivd,a.,不自然的，做作的,GRE_abridged
contumacious,ˌkɔntjuːˈmeiʃəs,a.,（无理）违抗的，不服从的,GRE_abridged
contumacy,ˈkɔntjuməsi,n.,抗命，不服从,GRE_abridged
contumely,ˈkɔntjumli,n.,无礼，傲慢,GRE_abridged
conundrum,kəˈnʌndrəm,n.,（答案有双关意义的）谜语；难题,GRE_abridged
convalesce,ˌkɔnvəˈles,v.,（病）康复，复原,GRE_abridged
convalescent,ˌkɔnvəˈlesnt,a./n.,康复中的（病人）,GRE_abridged
convergent,kənˈvəːdʒənt,a.,会聚的,GRE_abridged
conversant,kənˈvəːsənt,a.,精通的，熟知的,GRE_abridged
convex,kɔnˈveks,a.,凸出的,GRE_abridged
convivial,kənˈviviəl,a.,欢乐的，狂欢的,GRE_abridged
conviviality,"kən,viviˈæliti",n.,欢乐；爱交际的性格,GRE_abridged
convoke,kənˈvəuk,v.,召集,GRE_abridged
convoluted,ˈkɔnvəljuːtid,a.,盘绕的；复杂的、费解的,GRE_abridged
convulse,kənˈvʌls,v.,使震动，震惊,GRE_abridged
convulsion,kənˈvʌlʃən,n.,骚动；痉挛,GRE_abridged
coop,kuːp,n.,（鸡）笼，栏,GRE_abridged
copious,ˈkəupjəs,a.,丰富的，多产的,GRE_abridged
cornet,ˈkɔːnit,n.,短号；圆锥形蛋卷,GRE_abridged
cornucopia,ˌkɔːnjuˈkəupjə,n.,象征丰收的羊角（羊角装饰器内装满花、果、谷物等以示富饶）,GRE_abridged
corny,ˈkɔːni,a.,平淡无奇的；乡巴佬的,GRE_abridged
coronation,kɔrəˈneiʃ（ə）n,n.,加冕,GRE_abridged
corporeal,kɔːˈpɔːriəl,a.,肉体的，身体的；物质的,GRE_abridged
corpus,ˈkɔːpəs,n.,全集，全部资料,GRE_abridged
corpuscle,ˈkɔːpʌs（ə）l,n.,血球，细胞,GRE_abridged
corral,kɔˈrɑːl,n.,（牛、马等）畜栏,GRE_abridged
corrugate,ˈkɔruɡeit,v.,（使）起波浪形，起皱纹,GRE_abridged
corrugated,ˈkɔrəɡeitid,a.,起皱纹的,GRE_abridged
coruscate,ˈkɔrəskeit,v.,闪亮,GRE_abridged
cosmopolitanism,ˌkɔzməˈpɔlitənizəm,n.,世界性，世界主义,GRE_abridged
cosset,ˈkɔsit,v.,宠爱，溺爱,GRE_abridged
cosy（cozy）,ˈkəuzi,a.,温暖而舒适的,GRE_abridged
coterie,ˈkəutəri,n.,（有共同兴趣的）小团体,GRE_abridged
coterminous,kəuˈtəːminəs,a.,毗连的，有共同边界的,GRE_abridged
cougar,ˈkuːɡər,n.,美洲豹,GRE_abridged
countenance,ˈkauntinəns,v.,赞成，批准，支持；容忍；n. 面部表情，面貌,GRE_abridged
counterbalance,ˌkauntəˈbæləns,v.,起平衡作用,GRE_abridged
countermand,ˌkauntəˈmɑːnd,v.,撤回（命令），取消（订货）,GRE_abridged
counterpoise,ˈkauntəpɔiz,n./v.,平均，平衡,GRE_abridged
countrified,ˈkʌntrifaid,a.,土气的，粗俗的,GRE_abridged
coven,ˈkʌvən,n.,（尤指十三个）女巫的集会,GRE_abridged
covenant,ˈkʌvənənt,n.,契约；v. 立书保证,GRE_abridged
covert,ˈkʌvət,a.,秘密的，隐密的,GRE_abridged
covet,ˈkʌvit,v.,贪求，妄想,GRE_abridged
coy,kɔi,a.,腼腆的，忸怩的,GRE_abridged
cozen,ˈkʌzn,v.,"欺骗, 哄骗",GRE_abridged
crabbed,ˈkræbid,a.,潦草的，难认的；暴躁的,GRE_abridged
crackpot,ˈkrækpɔt,n.,狂想者，癫狂的人,GRE_abridged
crag,kræɡ,n.,悬崖，峭壁,GRE_abridged
cramp,kræmp,n.,铁箍，夹子；v. 把...箍紧,GRE_abridged
cranky,ˈkræŋki,a.,怪癖的；不稳的,GRE_abridged
crass,kræs,a.,愚钝的；粗鲁的,GRE_abridged
cravat,krəˈvæt,n.,领巾，围巾,GRE_abridged
craven,ˈkreivən,a.,懦弱的，畏缩的,GRE_abridged
craving,ˈkreiviŋ,n.,强烈的愿望,GRE_abridged
crayon,ˈkreiən,n.,彩色腊笔、粉笔或其绘画,GRE_abridged
crease,kriːs,n.,折缝，皱痕,GRE_abridged
credence,ˈkriːdəns,n.,相信，信任,GRE_abridged
credo,ˈkriːdəu,n.,信条,GRE_abridged
crepuscular,kriˈpʌskjulə,a.,朦胧的，微明的,GRE_abridged
crescendo,kriˈʃendəu,n.,（音乐声音）渐强，高潮,GRE_abridged
crestfallen,ˈkrestfɔːlən,a.,挫败的，失望的,GRE_abridged
crib,krib,v.,抄袭，剽窃,GRE_abridged
crimp,krimp,v.,压褶，使（头发）卷曲；阻碍，束缚,GRE_abridged
cringe,krindʒ,v.,畏缩；谄媚,GRE_abridged
cringing,ˈkrindʒiŋ,n./a.,谄媚（的），奉承（的）,GRE_abridged
crinkle,ˈkriŋkl,v.,（使）变皱；n. 皱纹,GRE_abridged
criteria,kraiˈtiəriə,n.,评判标准,GRE_abridged
croak,krəuk,n.,蛙鸣声；v. 发牢骚，抱怨,GRE_abridged
crochet,ˈkrəuʃei,n.,钩针织物；v. 用钩针编织,GRE_abridged
crockery,ˈkrɔkəri,n.,陶器，瓦器,GRE_abridged
cronyism,krəuniizəm,n.,（由指政治上）任人唯亲；对好朋友的偏袒,GRE_abridged
crook,kruk,v.,使弯曲；n. 钩状物,GRE_abridged
croon,ˈkruːn,v.,低声歌唱,GRE_abridged
crotchety,ˈkrɔtʃiti,a.,脾气坏的,GRE_abridged
crudity,ˈkruːditi,n.,粗糙，生硬,GRE_abridged
crumb,krʌm,n.,饼屑，面包屑；碎裂的东西,GRE_abridged
crutch,krʌtʃ,n.,拐杖；v. 支撑,GRE_abridged
crux,krʌks,n.,关键，症结所在,GRE_abridged
cryogenic,ˌkraiəˈdʒenik,a.,低温的，制冷的；低温学的,GRE_abridged
crypt,kript,n.,地下室，地窖,GRE_abridged
cubicle,ˈkjuːbikl,n.,大房间中隔出的小室,GRE_abridged
cuddle,ˈkʌdl,n./v.,搂抱，拥抱,GRE_abridged
cuff,ˈkʌf,n.,袖口；v. 上手铐,GRE_abridged
culinary,ˈkʌlinəri,a.,厨房的；烹调的,GRE_abridged
cull,kʌl,v.,挑选，精选；n. 挑剩下的次品,GRE_abridged
culprit,ˈkʌlprit,n.,犯罪者,GRE_abridged
cumber,ˈkʌmbə,v.,拖累，妨碍,GRE_abridged
cumulus,ˈkjuːmjələs,n.,积云,GRE_abridged
cupidity,kju(ː)ˈpiditi,n.,贪婪,GRE_abridged
curator,kjuəˈreitə,n.,（博物馆等）馆长,GRE_abridged
curd,kəːd,n.,凝乳,GRE_abridged
curdle,ˈkəːdl,v.,使凝结，变稠,GRE_abridged
curmudgeon,kəːˈmʌdʒən,n.,脾气暴躁之人,GRE_abridged
currish,ˈkəːriʃ,a.,下贱的；杂种的,GRE_abridged
cursive,ˈkəːsiv,a.,草书的,GRE_abridged
curvaceous,kəːˈveiʃəs,a.,婀娜多姿的；曲线的,GRE_abridged
custodian,kʌsˈtəudjən,n.,管理员，监护人,GRE_abridged
cuticle,ˈkjuːtikl,n.,表皮,GRE_abridged
cutlery,ˈkʌtləri,n.,（刀、叉、匙等）餐具,GRE_abridged
cyclical,ˈsɑiklikl,a.,循环的,GRE_abridged
cyclone,ˈsaɪˌkloʊn,n.,气旋，飓风,GRE_abridged
cygnet,ˈsiɡnit,n.,小天鹅,GRE_abridged
cynic,ˈsinik,n.,犬儒主义者，愤世嫉俗者,GRE_abridged
cynosure,ˈsinəzjuə,n.,注意的焦点,GRE_abridged
cypress,ˈsaipris,n.,柏树,GRE_abridged
cytology,saiˈtɔlədʒi,,n.,GRE_abridged
cytology,saiˈtɔlədʒi,,[生]细胞学,GRE_abridged
dabble,ˈdæbl,v.,涉足，浅赏,GRE_abridged
dabbler,ˈdæblə,n.,涉猎者，浅尝辙止者,GRE_abridged
daft,dɑːft,a.,傻的,GRE_abridged
daguerreotype,dəˈɡeriəutaip,n.,（早期）银版照相,GRE_abridged
dainty,ˈdeinti,n.,精美食品；a. 娇美的；挑剔的,GRE_abridged
dalliance,ˈdæliəns,n.,虚度光阴；调情,GRE_abridged
dally,ˈdæli,v.,闲荡，嬉戏,GRE_abridged
damped,dæmpt,a.,减震的，压低（声音）的,GRE_abridged
damper,ˈdæmpə,n.,起抑制作用的因素,GRE_abridged
dandy,ˈdændi,n.,好打扮的男人，花花公子,GRE_abridged
dapper,ˈdæpə(r),a.,整洁漂亮的；动作敏捷的,GRE_abridged
dappled,ˈdæpl（ə）d,a.,有斑点的，斑驳的,GRE_abridged
daredevil,"ˈdeə,devl",a./n.,胆大的（人），冒失的（人）,GRE_abridged
dashing,ˈdæʃiŋ,a.,时髦的；活跃的,GRE_abridged
dastard,ˈdæstəd,n.,懦夫，胆小的人,GRE_abridged
daub,dɔːb,v.,涂抹；乱画,GRE_abridged
daubster,ˈdɔːbstə,n.,拙劣的画家,GRE_abridged
daunt,dɔːnt,v.,使胆怯，使畏缩,GRE_abridged
dawdle,ˈdɔːdl,v.,拖延，磨蹭,GRE_abridged
deactivate,diːˈæktiveit,v.,使无效,GRE_abridged
deaden,ˈdedn,v.,减低某物的力量或强度,GRE_abridged
deadpan,ˈdedpæn,a./n.,无表情的（脸）,GRE_abridged
dearth,dəːθ,n.,缺乏，短缺,GRE_abridged
debacle,deiˈbɑːkl,n.,解冻；崩溃,GRE_abridged
debar,diːˈbɑː,v.,阻止,GRE_abridged
debark,diˈbɑːk,v.,下船，下飞机，下车，卸载,GRE_abridged
debase,diˈbeis,v.,贬低，贬损,GRE_abridged
debilitate,diˈbiliteit,v.,使衰弱,GRE_abridged
debility,diˈbiliti,n.,衰弱，虚弱,GRE_abridged
debonair,ˌdebəˈneə,a.,迷人的；友好的,GRE_abridged
debouch,diˈbautʃ,v.,流出，进入（开阔地区）,GRE_abridged
debrief,diˈbriːf,v.,向...询问情况，听取汇报,GRE_abridged
debunk,diːˈbʌŋk,v.,揭穿真相，暴露（坏事，贬义）,GRE_abridged
decamp,diˈkæmp,v.,（士兵）离营；匆忙秘密地离开,GRE_abridged
decant,diˈkænt,v.,轻轻倒出,GRE_abridged
decency,ˈdiːsnsi,n.,正派，端庄,GRE_abridged
decentralize,diːˈsentrəlaiz,v.,分散，权力下放,GRE_abridged
decibel,ˈdesibel,n.,分贝（音量的单位）,GRE_abridged
decimate,ˈdesimeit,v.,毁掉大部分；大量杀死,GRE_abridged
declamation,ˌdekləˈmeiʃən,n.,雄辩，高调,GRE_abridged
declassify,diˈklæsifai,v.,撤消保密,GRE_abridged
declination,ˌdekliˈneiʃən,n.,倾斜；衰微,GRE_abridged
decomposition,ˌdiːkɔmpəˈziʃən,n.,分解，腐烂，崩溃,GRE_abridged
decoy,diˈkɔi,v.,诱骗,GRE_abridged
decrepit,diˈkrepit,a.,衰老的，破旧的,GRE_abridged
deface,diˈfeis,v.,损坏（外观）,GRE_abridged
defalcate,ˈdiːfælkeit,v.,盗用公款,GRE_abridged
defeatist,diˈfiːtist,n.,失败主义者,GRE_abridged
defined,diˈfaind,a.,定义的；清晰的,GRE_abridged
deflated,diˈfleitid,a.,灰心丧气的,GRE_abridged
defoliant,diːˈfəuliənt,n.,脱叶剂，落叶剂,GRE_abridged
defoliate,diːˈfəulieit,v.,（使）落叶,GRE_abridged
defoliator,diˈfəulieitə,n.,落叶剂,GRE_abridged
deforest,diˈfɔrist,v.,采伐森林，清除树林,GRE_abridged
deforestation,"di,fɔrisˈteiʃən",n.,采伐森林,GRE_abridged
defray,diˈfrei,v.,付款,GRE_abridged
defuse,diːˈfjuːz,v.,从（爆破装置）中卸除引信；缓和紧张状态或危急局面,GRE_abridged
dehydrate,diːˈhaidreit,v.,除去水分，脱水,GRE_abridged
deify,ˈdiːifai,v.,奉为神；崇拜,GRE_abridged
deign,dein,v.,屈尊，惠允（做某事）,GRE_abridged
delectable,diˈlektəbl,a.,（食物）赏心悦目的,GRE_abridged
delectation,ˌdiːlekˈteiʃən,n.,享受，愉快,GRE_abridged
delimit,diːˈlimit,v.,定界，划界,GRE_abridged
delinquency,diˈliŋkwənsi,n.,失职，过失,GRE_abridged
delinquent,diˈliŋkwənt,a.,疏忽职务的,GRE_abridged
delirious,diˈliriəs,a.,精神错乱的,GRE_abridged
delirium,diˈliriəm,n.,精神错乱,GRE_abridged
deluge,ˈdeljuːdʒ,n.,大洪水；暴雨,GRE_abridged
deluxe,diˈlʌks,a.,豪华的，华丽的,GRE_abridged
delve,delv,v.,深入探究，钻研,GRE_abridged
demagogue,ˈdeməɡɔɡ,n.,蛊惑民心的政客,GRE_abridged
demarcate,diˈmɑːkeit,v.,划分，划界,GRE_abridged
demean,diˈmiːn,v.,贬抑，降低（身份）,GRE_abridged
demeanour,diˈmiːnə,n.,举止，行为,GRE_abridged
demented,diˈmentid,a.,疯狂的,GRE_abridged
demography,diːˈmɔɡrəfi,n.,人口统计，人口学,GRE_abridged
demolition,ˌdeməˈliʃən,n.,破坏，毁坏,GRE_abridged
demoralize,diˈmɔrəlaiz,v.,使士气低落,GRE_abridged
demote,diˈməut,v.,降级，降职,GRE_abridged
demotic,di(ː)ˈmɔtik,a.,民众的，通俗的,GRE_abridged
demure,diˈmjuə,a.,严肃的，矜持的,GRE_abridged
demystify,diːˈmistifai,v.,弄清楚,GRE_abridged
den,den,n.,兽穴，窝,GRE_abridged
denigrate,ˈdeniɡreit,v.,污蔑，诽谤,GRE_abridged
denim,ˈdenim,n.,粗斜纹棉布,GRE_abridged
denizen,ˈdenizn,n.,居民；外籍居民,GRE_abridged
denominate,diˈnɔmineit,v.,命名，取名,GRE_abridged
denomination,"di,nɔmiˈneiʃən",n.,命名；（长度，币值的）单位,GRE_abridged
denouement,deiˈnuːmɔŋ,n.,（小说的）结尾，结局,GRE_abridged
denture,ˈdentʃə,n.,假牙,GRE_abridged
denude,diˈnjuːd,v.,脱去；剥蚀；剥夺,GRE_abridged
denunciate,diˈnʌnsieit,v.,公开指责，公然抨击，谴责,GRE_abridged
deportment,diˈpɔːtmənt,n.,（尤指少女的）风度，举止,GRE_abridged
depose,diˈpəuz,v.,免职；作证,GRE_abridged
deposition,ˌdepəˈziʃən,n.,免职；沉积；作证,GRE_abridged
depraved,diˈpreivd,a.,堕落的，腐化的,GRE_abridged
depravity,diˈpræviti,n.,堕落，恶习,GRE_abridged
depredation,depriˈdeiʃ（ə）n,n.,劫掠，蹂躏,GRE_abridged
depressant,diˈpresist,a.,有镇静作用的；n. 镇静剂,GRE_abridged
depressed,diˈprest,a.,消沉的；凹陷的,GRE_abridged
depute,diˈpjuːt,v.,派...为代表或代理,GRE_abridged
deputize,"ˈdepjə,taiz",v.,代替某人行事或说话,GRE_abridged
deracinate,diˈræsineit,v.,根除，杜绝,GRE_abridged
deranged,diˈreindʒd,a.,精神错乱的，有精神病的,GRE_abridged
derangement,diˈreindʒmənt,n.,精神错乱,GRE_abridged
derelict,ˈderilikt,a.,荒废的；玩忽职守的；n. 被（社会、家庭）遗弃的人,GRE_abridged
dereliction,deriˈlikʃən,n.,遗弃，弃置,GRE_abridged
dermatologist,ˌdəːməˈtɔlədʒist,n.,皮肤病学家,GRE_abridged
derogate,ˈderəɡeit,v.,贬低，诽谤,GRE_abridged
derogatory,diˈrɔɡətəri,a.,不敬的，诽谤的,GRE_abridged
desalinize,diːˈsælinaiz,v.,除去盐分,GRE_abridged
descry,disˈkrai,v.,远远看到，望见,GRE_abridged
desecrate,ˈdesikreit,v.,玷辱，亵渎,GRE_abridged
deserter,diˈzəːtə,n.,背弃者，逃亡者,GRE_abridged
desiccate,ˈdesikeit,v.,（使）完全干涸，脱水,GRE_abridged
desideratum,dɪˌzɪdəˈrɑːtəm,n.,必需品,GRE_abridged
desist,diˈzist,v.,停止,GRE_abridged
desperado,ˌdespəˈrɑːdəu,n.,亡命之徒,GRE_abridged
despondent,disˈpɔndənt,a.,失望的，意气消沉的,GRE_abridged
despot,ˈdespɔt,n.,暴君,GRE_abridged
despotic,desˈpɔtik,a.,专横的，暴虐的,GRE_abridged
despotism,ˈdespətizəm,n.,专制，暴政,GRE_abridged
destitute,ˈdestitjuːt,a.,贫乏的；穷困的,GRE_abridged
destitution,ˌdestiˈtjuːʃən,n.,匮乏，穷困,GRE_abridged
destructible,disˈtrʌktəbl,a.,可破坏的,GRE_abridged
desuetude,diˈsjuːitjuːd,n.,废止，不用,GRE_abridged
desultory,ˈdesəltəri,a.,不连贯的，散乱的,GRE_abridged
determinant,diˈtəːminənt,n.,决定因素；a. 决定性的,GRE_abridged
detestable,diˈtestəb（ə）l,a.,嫌恶的，可憎的，可厌恶的,GRE_abridged
detonate,ˈdetəneit,v.,（使）爆炸，引爆,GRE_abridged
detonation,ˌdetəˈneiʃən,n.,爆炸（声）,GRE_abridged
detour,ˈdiːtuə(r),n.,弯路；绕行之路,GRE_abridged
detraction,diˈtrækʃən,n.,贬低，诽谤,GRE_abridged
detritus,diˈtraitəs,n.,碎屑；废墟,GRE_abridged
deviant,ˈdiːviənt,a.,越出常规的,GRE_abridged
devolve,diˈvɔlv,v.,（指工作、职务）移交给某人,GRE_abridged
devotee,ˌdevəuˈtiː,n.,爱好者,GRE_abridged
devotional,diˈvəuʃənəl,a.,献身的，崇拜的,GRE_abridged
dexterity,deksˈteriti,n.,纯熟，灵巧,GRE_abridged
diabolic,daiəˈbɔlik,a.,恶魔（一样）的；魔鬼性格的,GRE_abridged
diabolical,daiəˈbɔlikəl,a.,恶毒的，狠毒的,GRE_abridged
diaphanous,daiˈæfənəs,a.,精致的，透明的,GRE_abridged
diatribe,ˈdaiətraib,n.,（口头或书面猛烈的）抨击,GRE_abridged
dicker,ˈdikə,v.,讨价还价,GRE_abridged
dictum,ˈdiktəm,n.,格言，声明,GRE_abridged
didactic,diˈdæktik,a.,教诲的；说教的,GRE_abridged
diehard,ˈdaihɑːd,n.,顽固分子,GRE_abridged
dietetics,ˌdaiəˈtetiks,n.,饮食学，营养学,GRE_abridged
diffident,ˈdifidənt,a.,缺乏自信的,GRE_abridged
dignitary,ˈdiɡniˌteriː,n.,显要人物,GRE_abridged
digression,daiˈɡreʃən,n.,离题，题外话,GRE_abridged
dike,daik,n.,堤防,GRE_abridged
dilapidate,diˈlæpiˌdeit,v.,（使）荒废，（使）毁坏,GRE_abridged
dilapidated,diˈlæpideitid,a.,破旧的，倒塌的,GRE_abridged
dilapidation,dilæpiˈdeiʃ（ə）n,n.,破旧，荒废,GRE_abridged
dilatory,ˈdilətəri,a.,慢吞吞的，磨蹭的,GRE_abridged
dilettante,ˌdiləˈtænti,n.,业余爱好者,GRE_abridged
dillydally,ˈdilidæli,v.,磨蹭，浪费时间,GRE_abridged
diminuendo,diˌminjuˈendəu,n.,（音乐、演奏）渐弱,GRE_abridged
diminution,ˌdimiˈnjuːʃən,n.,减少，缩减,GRE_abridged
dimple,ˈdimpl,n.,酒窝，笑靥,GRE_abridged
din,din,n.,喧闹声，嘈杂声,GRE_abridged
diocesan,daiˈɔsisən,a.,主教管区的,GRE_abridged
dipsomania,ˌdipsəuˈmeiniə,n.,嗜酒症,GRE_abridged
dire,ˈdaiə,a.,可怕的,GRE_abridged
dirge,ˈdəːdʒ,n.,（葬礼）哀歌,GRE_abridged
disabuse,ˌdisəˈbjuːz,v.,打消（某人的）错误念头；纠正,GRE_abridged
disaffect,ˌdisəˈfekt,v.,使不满；使不忠,GRE_abridged
disagreeable,ˌdisəˈɡriəbl,a.,不愉快的；难以相处的，乖戾的,GRE_abridged
disavow,ˌdisəˈvau,v.,否认，否定，抵赖,GRE_abridged
disbar,disˈbɑː,v.,取消律师资格,GRE_abridged
discerning,diˈsəːniŋ,a.,识别力强的,GRE_abridged
disclaimer,disˈkleimə(r),n.,否认，拒绝,GRE_abridged
discography,disˈkɔɡrəfi,n.,唱片分类目录；录音音乐研究,GRE_abridged
discombobulate,ˌdiskʌmˈbɔbjuleit,v.,扰乱，使困惑,GRE_abridged
discomfit,disˈkʌmfit,v.,使懊恼；使难堪,GRE_abridged
discomfited,disˈkʌmfitid,a.,困惑的，尴尬的,GRE_abridged
discomfiture,disˈkʌmfitʃə,n.,狼狈，难堪,GRE_abridged
discompose,ˌdiskəmˈpəuz,v.,使失态，慌张,GRE_abridged
disconcert,ˌdiskənˈsəːt,v.,使...尴尬,GRE_abridged
discredit,disˈkredit,v.,使不相信，使怀疑；n. 丧失名誉,GRE_abridged
discretionary,disˈkreʃənəri,a.,自由决定的,GRE_abridged
discursive,disˈkəːsiv,a.,（表达）散漫的，无层次的,GRE_abridged
disembodied,disimˈbɔdid,a.,无实体的，空洞的,GRE_abridged
disembody,ˈdisimˈbɔdi,v.,使脱离实体，使脱离现实,GRE_abridged
disenchant,ˌdisinˈtʃɑːnt,v.,对...不再抱幻想，使清醒,GRE_abridged
disengage,ˈdisinˈɡeidʒ,v.,脱离，解开,GRE_abridged
disentangle,ˈdisinˈtæŋɡl,v.,解决，解脱，解开，澄清,GRE_abridged
disfranchise,disˈfræntʃaiz,v.,剥夺...的权利（尤指选举权或公民权）,GRE_abridged
disgorge,disˈɡɔːdʒ,v.,呕出；（水）流走,GRE_abridged
disgruntle,disˈɡrʌntl,v.,使不满意,GRE_abridged
dishearten,disˈhɑːtən,v.,使...灰心,GRE_abridged
dishevel,diˈʃevəl,v.,使蓬乱，使头发凌乱,GRE_abridged
disheveled,diˈʃevəld,a.,（指毛发或衣服）凌乱的,GRE_abridged
disillusion,ˌdisiˈluːʒən,v.,梦想破灭，醒悟,GRE_abridged
disinfect,ˌdisinˈfekt,v.,杀菌，消毒,GRE_abridged
disinfectant,disinˈfekt（ə）nt,n.,消毒剂,GRE_abridged
disinter,ˈdisinˈtəː,v.,挖出，挖掘,GRE_abridged
disjunction,disˈdʒʌŋkʃən,n.,分离，分裂,GRE_abridged
disjunctive,disˈdʒʌŋktiv,a.,分离的，相反的,GRE_abridged
dislocate,ˈdisləkeit,v.,使脱臼；把...弄乱,GRE_abridged
dislodge,disˈlɔdʒ,v.,逐出，取出,GRE_abridged
disparate,ˈdispərit,a.,迥然不同的,GRE_abridged
disparity,disˈpæriti,n.,不同，差异,GRE_abridged
dispassionate,disˈpæʃənit,a.,平心静气的,GRE_abridged
dispel,disˈpel,v.,驱散，消除,GRE_abridged
disport,disˈpɔːt,v.,玩耍，嬉戏,GRE_abridged
disposable,disˈpəuzəbl,a.,一次性使用的；可动用的,GRE_abridged
disposed,diˈspəuzd,a.,愿意的，想干的,GRE_abridged
disproof,ˈdispruːf,n.,反证，反驳,GRE_abridged
disquisition,ˌdiskwiˈziʃən,n.,长篇演讲，专题论文,GRE_abridged
disrepute,ˌdisriˈpjuːt,n.,名声不好,GRE_abridged
dissection,diˈsekʃən,n.,解剖，剖析,GRE_abridged
dissociate,diˈsəuʃieit,v.,分离，游离，分裂,GRE_abridged
dissociation,"di,səusiˈeiʃən",n.,分离，脱离关系,GRE_abridged
dissolute,ˈdisəljuːt,a.,放荡的，行为不检的,GRE_abridged
dissonant,ˈdisənənt,a.,不和谐的，不一致的,GRE_abridged
dissuade,diˈsweid,v.,劝阻，阻止,GRE_abridged
distain,disˈtein,v.,贬损，伤害名誉,GRE_abridged
distal,ˈdistəl,a.,远离中心的，（神经）末梢的,GRE_abridged
distend,disˈtend,v.,（使）膨胀，胀大,GRE_abridged
distension,disˈtenʃən,n.,膨胀,GRE_abridged
distention,disˈtenʃən,n.,膨胀,GRE_abridged
distinguished,disˈtiŋɡwiʃt,a.,著名的，卓越的,GRE_abridged
distracted,disˈtræktid,a.,精神不集中的,GRE_abridged
distrait,disˈtrei,a.,心不在焉的,GRE_abridged
distraught,disˈtrɔːt,a.,心神狂乱的,GRE_abridged
dither,ˈdiðə,n./v.,慌张，犹豫不决,GRE_abridged
ditty,ˈditi,n.,小曲，小调,GRE_abridged
diurnal,daiˈəːnl,a.,白昼的，白天的,GRE_abridged
diva,ˈdiːvə,n.,歌剧中的首席女主角,GRE_abridged
divagate,ˈdaivəɡeit,v.,离题；飘泊,GRE_abridged
diver,ˈdaivə,n.,潜水员,GRE_abridged
divers,ˈdaivəz,a.,多样的，各种各样的,GRE_abridged
divest,daiˈvest,v.,脱衣，卸下盛装；剥夺,GRE_abridged
divestiture,daiˈvestitʃə,n.,脱衣，卸下装饰；剥夺财产；取消称号,GRE_abridged
docile,ˈdəusail,a.,驯服的，听话的,GRE_abridged
doctrinaire,ˌdɔktriˈneə,n.,空论家；a. 教条的，迂腐的,GRE_abridged
dodder,ˈdɔdə,v.,蹒跚，摇摆,GRE_abridged
doff,dɔf,v.,脱掉,GRE_abridged
dogged,ˈdɔɡid,a.,顽强的,GRE_abridged
doggerel,ˈdɔɡərəl,n.,歪诗，打油诗,GRE_abridged
doggo,ˈdɔɡəu,adv.,（一动不动地）隐藏着,GRE_abridged
dogmatism,ˈdɔɡmətizəm,n.,教条主义，武断,GRE_abridged
doldrums,ˈdɔldrəmz,n.,赤道无风带；情绪低落,GRE_abridged
dolorous,ˈdɔlərəs,a.,悲哀的，忧愁的,GRE_abridged
dolt,dəult,n.,傻瓜,GRE_abridged
domesticate,dəˈmestikeit,v.,驯养,GRE_abridged
domicile,ˈdɔmisail,n.,住处，住所,GRE_abridged
doodle,ˈduːdl,v.,胡乱画；混时间,GRE_abridged
dormancy,ˈdɔːmənsi,n.,休眠状态,GRE_abridged
dorsal,ˈdɔːsəl,a.,背部的,GRE_abridged
dossier,ˈdɔsiei,n.,卷宗，档案,GRE_abridged
dotage,ˈdəutidʒ,n.,老年糊涂；溺爱,GRE_abridged
dote,dəut,v.,溺爱；昏聩（to be foolish or weak minded）,GRE_abridged
doting,ˈdəutiŋ,a.,溺爱的,GRE_abridged
double-cross,ˈdʌblˈkrɔs,v.,欺骗，出卖,GRE_abridged
dour,duə,a.,严厉的，脸色阴沉的,GRE_abridged
douse,daus,v.,把...浸入水中；熄灭,GRE_abridged
dowdy,ˈdaudi,a.,不整洁的，过旧的,GRE_abridged
down-to-earth,daun tə əːθ,n.,脚踏实地的，实际的,GRE_abridged
downplay,ˈdaunplei,v.,贬低，不予重视,GRE_abridged
downpour,ˈdaunpɔː,n.,暴雨,GRE_abridged
dowry,ˈdauəri,n.,嫁妆，妆奁,GRE_abridged
dowse,dauz,v.,探寻水源或矿藏,GRE_abridged
doyen,ˈdɔiən,n.,老前辈,GRE_abridged
drab,dræb,a.,枯黄色的；单调而无聊的,GRE_abridged
draconian,drəˈkəuniən,a.,严厉的，严酷的,GRE_abridged
draftsmanship,ˈdrɑːftsmənʃip,n.,起草术，制图术,GRE_abridged
draggy,ˈdræɡi,a.,单调而无生气的,GRE_abridged
drawbridge,ˈdrɔːˌbridʒ,n.,吊挢,GRE_abridged
drawl,drɔːl,v./n.,慢吞吞地说话,GRE_abridged
drawn,drɔːn,a.,憔悴的,GRE_abridged
dreary,ˈdriəri,a.,沉闷的，乏味的,GRE_abridged
dregs,dreɡz,n.,沉淀废物,GRE_abridged
drench,drentʃ,v.,使湿透,GRE_abridged
drenched,drentʃ,a.,湿透的,GRE_abridged
dribble,ˈdribl,v.,（液体）往下滴、淌,GRE_abridged
drivel,ˈdrivl,n./v.,说废话,GRE_abridged
drizzly,ˈdrizli,a.,毛毛细雨的,GRE_abridged
droll,drəul,a.,古怪的，好笑的,GRE_abridged
drollery,ˈdrəuləri,n.,笑谈，滑稽,GRE_abridged
drone,drəun,v.,嗡嗡地响，单调地说；n. 单调的低音,GRE_abridged
drool,druːl,v.,流口水，胡说,GRE_abridged
droop,druːp,v.,低垂；沮丧，萎靡,GRE_abridged
droplet,ˈdrɔplit,n.,小水滴,GRE_abridged
dross,drɔs,n.,金属浮渣；糟粕,GRE_abridged
drove,drəuv,n.,畜群；人群,GRE_abridged
drub,drʌb,v.,重击；严责；彻底击败,GRE_abridged
drudgery,ˈdrʌdʒəri,n.,苦活,GRE_abridged
duckling,ˈdʌkliŋ,n.,雏鸭，小鸭,GRE_abridged
duct,dʌkt,n.,管道，槽,GRE_abridged
duel,ˈdju(ː)əl,n.,决斗,GRE_abridged
duet,djuːˈet,n.,二重唱,GRE_abridged
dulcet,ˈdʌlsit,a.,美妙的,GRE_abridged
dullard,ˈdʌləd,n.,愚人，笨蛋,GRE_abridged
dumbfound,dʌmˈfaund,v.,使...惊讶发愣,GRE_abridged
dummy,ˈdʌmi,n.,人体模型，假人,GRE_abridged
dunce,dʌns,n.,笨人,GRE_abridged
dune,djuːn,n.,沙丘,GRE_abridged
dupe,djuːp,n.,上当受骗的人,GRE_abridged
duplicitous,djuˈplisətəs,a.,搞两面派的，奸诈的；双重的,GRE_abridged
duplicity,dju(ː)ˈplisiti,n.,欺骗，口是心非,GRE_abridged
duress,djuəˈres,n.,胁迫,GRE_abridged
dutiful,ˈdjuːtiful,a.,恭敬顺从的，尽职的,GRE_abridged
dynamo,ˈdainəməu,n.,发电机,GRE_abridged
dysfunctional,disˈfʌŋkʃənəl,a.,功能失调的,GRE_abridged
dyslexia,disˈleksiə,n.,阅读障碍,GRE_abridged
dyspeptic,disˈpeptik,a.,消化不良的；不高兴的,GRE_abridged
eaglet,ˈiːɡlit,n.,小鹰,GRE_abridged
earplug,ˈiəplʌɡ,n.,耳塞,GRE_abridged
earring,ˈiəriŋ,n.,耳环，耳饰,GRE_abridged
earshot,ˈiəʃɔt,n.,听力所及范围,GRE_abridged
earsplitting,ˈiəˌsplitiŋ,a.,震耳欲聋的,GRE_abridged
earthly,ˈəːθli,a.,现世的；尘世的（非精神上的）,GRE_abridged
earthshaking,ˈəːθʃeikiŋ,a.,极其重大或重要的,GRE_abridged
earthy,ˈəːθi,a.,粗俗的，粗陋的,GRE_abridged
easel,ˈiːzl,n.,黑板，画架,GRE_abridged
eavesdrop,ˈiːvzdrɔp,v.,偷听，窃听,GRE_abridged
ebullience,iˈbʌljəns,n.,兴冲冲，亢奋,GRE_abridged
ecdysis,ˈekdisis,n.,（动物）蜕皮；换羽毛,GRE_abridged
eclat,ˈeiklɑː,n.,辉煌成就,GRE_abridged
eclectic,ekˈlektik,a.,折衷的，综合性选择的,GRE_abridged
eclecticism,eˈklektisizəm,n.,折衷主义,GRE_abridged
eclogue,ˈeklɔɡ,n.,田园诗，牧歌,GRE_abridged
ecologist,iˈkɔlədʒist,n.,生态学家，生态学者,GRE_abridged
ecstatic,eksˈtætik,a.,狂喜的，心花怒放的,GRE_abridged
ecumenical,ˌiːkju(ː)ˈmenikəl,a.,世界范围的,GRE_abridged
eddy,ˈedi,n.,漩涡，涡流,GRE_abridged
edgy,ˈedʒi,a.,急躁的，易激动的；锋利的,GRE_abridged
edict,ˈiːdikt,n.,法令；命令,GRE_abridged
eerie,ˈiəri,a.,可怕的，阴森恐怖的,GRE_abridged
effeminate,iˈfeminit,a.,缺乏勇气的，柔弱的,GRE_abridged
effervesce,ˌefəˈves,v.,（液体）冒泡；（人）活跃、兴奋,GRE_abridged
effete,eˈfiːt,a.,无生育力的；虚弱的,GRE_abridged
efficacious,ˌefiˈkeiʃəs,a.,有效的,GRE_abridged
efficacy,ˈefikəsi,n.,功效，有效性,GRE_abridged
effigy,ˈefidʒi,n.,模拟像,GRE_abridged
effluvia,iˈfluːvjə,n.,气味，恶臭；废料,GRE_abridged
effrontery,eˈfrʌntəri,n.,厚颜无耻,GRE_abridged
effulgent,iˈfʌldʒənt,a.,（光线）灿烂的,GRE_abridged
egalitarian,"i,ɡæliˈteəriən",a.,主张人人平等的,GRE_abridged
egocentric,ˌiːɡəuˈsentrik,a.,利己的,GRE_abridged
egotist,ˈiːɡəutist,n.,自私自利者,GRE_abridged
egregious,iˈɡriːdʒəs,a.,（缺点等）过分的，惊人的,GRE_abridged
egress,ˈiːɡres,n.,出去，出口,GRE_abridged
ejaculate,iˈdʒækjuleit,v.,突然叫出或说出；射出,GRE_abridged
elated,iˈleitid,a.,兴高采烈的，情绪高昂的,GRE_abridged
elegy,ˈelidʒi,n.,哀歌，挽歌,GRE_abridged
elephantine,ˌeliˈfæntain,a.,笨拙的；庞大的,GRE_abridged
elixir,iˈliksə,n.,万灵药，长生不老药,GRE_abridged
ellipsis,iˈlipsis,n.,省略,GRE_abridged
elocution,ˌeləˈkjuːʃən,n.,演说术,GRE_abridged
elongate,ˈiːlɔŋɡeit,v.,延长，伸长,GRE_abridged
elysian,iˈliziən,a.,乐土的，像天空的，幸福的,GRE_abridged
emaciation,"i,meiʃiˈeiʃən",n.,消瘦，衰弱,GRE_abridged
emanate,ˈeməneit,v.,发源,GRE_abridged
emasculate,iˈmæskjuleit,v.,削弱；阉割；a. 柔弱的,GRE_abridged
embankment,imˈbæŋkmənt,n.,堤岸，路基,GRE_abridged
embezzlement,imˈbezlmənt,n.,贪污，盗用,GRE_abridged
embitter,imˈbitə,v.,使痛苦，使难受,GRE_abridged
emblazon,imˈbleizən,v.,以纹章或其他方式装饰,GRE_abridged
emblematic,ˌembliˈmætik,a.,作为象征的,GRE_abridged
embolden,imˈbəuldən,v.,鼓励，给予信心,GRE_abridged
emboss,imˈbɔs,v.,（装饰）加浮雕花纹于，使凸出,GRE_abridged
embroil,imˈbrɔil,v.,牵连，卷入纠纷,GRE_abridged
embryonic,ˌembriˈɔnik,a.,胚胎的；萌芽期的,GRE_abridged
emissary,ˈemisəri,n.,密使；特使,GRE_abridged
emollient,iˈmɔliənt,n.,润肤剂,GRE_abridged
emolument,iˈmɔljumənt,n.,报酬，薪水,GRE_abridged
emote,iˈməut,v.,激动地表达感情,GRE_abridged
empathy,ˈempəθi,n.,心意相通，（感情等）融为一体,GRE_abridged
empiricism,emˈpirisizəm,n.,经验主义,GRE_abridged
empyreal,ˌempaiˈriːəl,a.,天空的,GRE_abridged
empyrean,ˌempaiˈri(ː)ən,n.,天空，天神居处,GRE_abridged
emulsify,iˈmʌlsifai,v.,使乳化,GRE_abridged
enamel,iˈnæməl,n.,"珐琅，瓷釉,搪瓷",GRE_abridged
enamored,iˈnæməd,a.,珍爱的，喜爱的,GRE_abridged
encapsulate,inˈkæpsjuleit,v.,装入胶囊；概括，成为典型，成为缩影,GRE_abridged
encipher,inˈsaifə,v.,译成密码,GRE_abridged
encomiast,enˈkəumiæst,n.,赞美者,GRE_abridged
encomiastic,"en,kəumiˈæstik",a.,赞颂的，阿谀的,GRE_abridged
encomium,enˈkəumjəm,n.,赞颂，颂辞,GRE_abridged
encyclopedic,"en,saikləuˈpiːdik",a.,广博的，知识渊博的,GRE_abridged
endearing,inˈdiəriŋ,a.,讨人喜欢的,GRE_abridged
endemic,enˈdemik,a.,地方性的,GRE_abridged
endue,inˈdjuː,v.,赋予（才能）,GRE_abridged
enduring,inˈdjuəriŋ,a.,持续的,GRE_abridged
enfeeble,inˈfiːbl,v.,使衰弱,GRE_abridged
enfetter,enˈfetə,v.,给...上脚镣；束缚，使受制于,GRE_abridged
enflame,enˈfleim,v.,使愤怒或激动,GRE_abridged
engaged,inˈɡeidʒd,a.,忙碌的；使用中的，被占用的,GRE_abridged
engrave,inˈɡreiv,v.,在（硬物）上雕刻,GRE_abridged
engrossment,inˈɡrəusmənt,n.,正式誊写的文件；专注,GRE_abridged
enjoin,inˈdʒɔin,v.,命令，吩咐,GRE_abridged
enliven,inˈlaivən,v.,使...更活跃,GRE_abridged
enmesh,inˈmeʃ,v.,通常被动）绊住，陷入网,GRE_abridged
enmity,ˈenmiti,n.,敌意，仇恨,GRE_abridged
ennoble,iˈnəubl,v.,授予爵位，使高贵,GRE_abridged
ennui,ˈɑːnwiː,n.,倦怠，无聊，不兴奋；v. 使无聊,GRE_abridged
enormity,iˈnɔːmiti,n.,极恶；暴行；巨大,GRE_abridged
ensconce,inˈskɔns,v.,安置，安坐,GRE_abridged
ensemble,ɑːnˈsɑːmbl,n.,全体；大合唱,GRE_abridged
enshrine,inˈʃrain,v.,奉为神圣,GRE_abridged
ensign,ˈensn,n.,舰旗（船上表示所属国家的旗帜）,GRE_abridged
ensnare,inˈsneə,v.,诱入陷阱，进入罗网,GRE_abridged
enthralling,inˈθrɔːliŋ,a.,迷人的，吸引人的,GRE_abridged
entourage,ˌɔntuˈrɑːʒ,n.,随从；环境,GRE_abridged
entrancing,inˈtrɑːnsiŋ,a.,使人入神的,GRE_abridged
entreat,inˈtriːt,v.,恳求,GRE_abridged
entreaty,inˈtriːti,n.,恳求，哀求,GRE_abridged
entrée,ˈɔntrei,n.,正餐前的开胃菜；获准进入的权利,GRE_abridged
entrench,inˈtrentʃ,v.,挖壕沟；确立,GRE_abridged
entwine,inˈtwain,v.,使缠绕，交织,GRE_abridged
environ,inˈvaiərən,v.,包围，围绕,GRE_abridged
environs,ˈenvirənz,n.,郊外，郊区,GRE_abridged
envision,inˈviʒən,v.,想象，预想,GRE_abridged
epaulet,ˈepəulet,n.,肩章，肩饰,GRE_abridged
epicure,ˈepikjuə,n.,美食家,GRE_abridged
epicurean,ˌepikjuəˈri(ː)ən,a.,好享乐的；享乐主义的,GRE_abridged
epideictic,ˌepiˈdaiktik,a.,夸耀的,GRE_abridged
epidermis,ˌepiˈdəːmis,n.,表皮，外皮,GRE_abridged
epigram,ˈepiɡræm,n.,讽刺短句，警句,GRE_abridged
epilogue,ˈepilɔɡ,n.,收场白；尾声,GRE_abridged
episodic,epiˈsɔdik,a.,偶然发生的，分散性的,GRE_abridged
epistolary,iˈpistələri,a.,书信体的,GRE_abridged
epitaph,ˈepitɑːf,n.,墓志铭,GRE_abridged
epithet,ˈepiθet,n.,（贬低人的）短语或形容词,GRE_abridged
epitome,iˈpitəmi,n.,典型；梗概，摘要,GRE_abridged
equable,ˈekwəbl,a.,稳定的，不变的；（脾气）温和的,GRE_abridged
equanimity,ˌiːkwəˈnimiti,n.,心情平静，情绪镇定,GRE_abridged
equestrian,iˈkwestriən,n.,骑师；a. 骑马的,GRE_abridged
equine,ˈiːkwain,a.,马的，似马的,GRE_abridged
equivocation,"i,kwivəˈkeiʃən",n.,模棱两可的话，含糊话,GRE_abridged
erasure,iˈreiʒə,n.,擦掉,GRE_abridged
ersatz,eəˈzɑːtz,a.,代用的，假的,GRE_abridged
erstwhile,ˈəːstwail,a.,从前的，过去的,GRE_abridged
erudite,ˈeruːdait,a.,博学的，饱学的,GRE_abridged
escapism,isˈkeipizəm,n.,逃避现实（的习气）,GRE_abridged
esophagus,i(ː)ˈsɔfəɡəs,n.,食道，食管,GRE_abridged
esoteric,ˌesəuˈterik,a.,难懂的，神秘的,GRE_abridged
espionage,ˈespiənidʒ,n.,间谍活动,GRE_abridged
espousal,isˈpəuzəl,n.,拥护，支持,GRE_abridged
espouse,isˈpauz,v.,支持，拥护,GRE_abridged
espy,isˈpai,v.,（从远处等）突然看到,GRE_abridged
estrange,isˈtreindʒ,v.,使疏远,GRE_abridged
estranged,iˈstreindʒd,a.,疏远的，分开的，分离的,GRE_abridged
estuary,ˈestjuəri,n.,河口，三角湾,GRE_abridged
etch,etʃ,v.,蚀刻；铭记,GRE_abridged
etching,ˈetʃiŋ,n.,蚀刻术；蚀刻板画,GRE_abridged
ethereal,iˈθiəriəl,a.,太空；轻巧的,GRE_abridged
ethnology,eθˈnɔlədʒi,n.,人种学,GRE_abridged
ethos,ˈiːθɔs,n.,（个人、团体或民族）道德风貌，思潮，信仰,GRE_abridged
etymology,ˌetiˈmɔlədʒi,n.,语源学,GRE_abridged
eucalyptus,ˌjuːkəˈliptəs,n.,桉树,GRE_abridged
eugenic,juːˈdʒenik,a.,优生（学）的,GRE_abridged
eulogistic,ˌjuːləˈdʒistik,a.,颂扬的，歌功颂德的,GRE_abridged
eulogize,ˈjuːlədʒaiz,v.,称赞，颂扬,GRE_abridged
eulogy,ˈjuːlədʒi,n.,颂词，颂文,GRE_abridged
euphemism,ˈjuːfimizəm,n.,婉言，委婉的说法,GRE_abridged
euphoria,juːˈfɔːriə,n.,幸福愉快感,GRE_abridged
evanescent,ˌiːvəˈnesnt,a.,迅速消失的，短暂的,GRE_abridged
even-tempered,ˈiːvənˈtempəd,a.,性情平和的；不易生气的,GRE_abridged
evenhanded,ˌivənˈhændid,a.,公平的，不偏不倚的,GRE_abridged
everlasting,ˌevəˈlɑːstiŋ,a.,永恒的，持久的，无止境的，耐用的,GRE_abridged
evict,iˈvikt,v.,（依法）驱逐,GRE_abridged
eviction,iˈvikʃən,n.,（对房客或佃户的）驱逐,GRE_abridged
evildoer,ˈiːviduːə,n.,坏人，坏蛋,GRE_abridged
evince,iˈvins,v.,表明，表示，表现出,GRE_abridged
eviscerate,iˈvisəreit,v.,取出肠及内脏,GRE_abridged
evocative,iˈvɔkətiv,a.,唤起的，激起的,GRE_abridged
ewe,juː,n.,母羊,GRE_abridged
ewer,ˈju(ː)ə,n.,大口水罐,GRE_abridged
exacerbate,eksˈæsə(ː)beit,v.,（病、疼痛）加重，恶化,GRE_abridged
exactitude,iɡˈzæktitjuːd,n.,极端的正确性或精确性,GRE_abridged
exaltation,ˌeɡzɔːlˈteiʃən,n.,（成功带来的）得意，高兴,GRE_abridged
exceptionable,ikˈsepʃənəbl,a.,引起反感的,GRE_abridged
exchequer,iksˈtʃekə,n.,国库；财源,GRE_abridged
excise,ekˈsaiz,v.,切除，删去,GRE_abridged
excitability,"ik,saitəˈbiliti",n.,易兴奋性，易激动性,GRE_abridged
excogitate,eksˈkɔdʒiteit,v.,认真想出,GRE_abridged
excoriate,eksˈkɔːrieit,v.,撕去皮；严厉批评,GRE_abridged
excrete,eksˈkriːt,v.,排泄，分泌,GRE_abridged
excruciate,iksˈkruːʃieit,v.,施酷刑，拷问，折磨,GRE_abridged
exculpate,ˈekskʌlpeit,v.,开脱，申明无罪,GRE_abridged
excursive,iksˈkəːsiv,a.,离题的,GRE_abridged
execrable,ˈeksikrəbl,a.,极坏的,GRE_abridged
execrate,ˈeksikreit,v.,憎恶；咒骂,GRE_abridged
execration,ˌeksiˈkreiʃən,n.,憎恨，厌恶,GRE_abridged
exhilarate,iɡˈziləreit,v.,使高兴,GRE_abridged
exhilaration,iɡˌziləˈreiʃən,n.,高兴，活跃,GRE_abridged
exhort,iɡˈzɔːt,v.,力劝，劝告,GRE_abridged
exigent,ˈeksidʒənt,a.,需要立即采取行动的,GRE_abridged
exiguous,eɡˈziɡjuəs,a.,太少的，不足的,GRE_abridged
existential,ˌeɡzisˈtenʃəl,a.,有关存在的，存在主义的,GRE_abridged
exonerate,iɡˈzɔnəreit,v.,免除责任；确定无罪,GRE_abridged
exorcise,ˈeksɔːsaiz,v.,驱魔；去除（坏念头等）,GRE_abridged
expatiate,eksˈpeiʃieit,v.,细说，详述,GRE_abridged
expatriate,eksˈpætrieit,v.,驱逐出国；脱离国籍,GRE_abridged
expediency,ikˈspiːdiənsi,n.,（未必正当的）便利；有益但未必正当的举措，权宜之计,GRE_abridged
expiate,ˈekspieit,v.,赎罪，补偿,GRE_abridged
expiation,ˌekspiˈeiʃən,n.,赎罪，补偿,GRE_abridged
explicable,ˈeksplikəbl,a.,可解释的,GRE_abridged
explicate,ˈeksplikeit,v.,详细解说（思想、作品等）,GRE_abridged
exponentially,ˌekspəuˈnenʃəli,adv.,指数地；迅速增长地,GRE_abridged
expository,"iksˈpɔzi,təri",a.,说明的,GRE_abridged
expostulate,iksˈpɔstjuleit,v.,（对人或行为进行）抗议,GRE_abridged
expressly,iksˈpresli,adv.,清楚地；专门地，特意地,GRE_abridged
expropriate,eksˈprəuprieit,v.,充公；没收,GRE_abridged
expulsion,iksˈpʌlʃən,n.,驱逐，开除,GRE_abridged
expunge,eksˈpʌndʒ,v.,（从书中）删除（字、词）,GRE_abridged
expurgate,ˈekspəːɡeit,v.,（从书中）删除（不当或令人反感的部分）,GRE_abridged
extemporize,eksˈtempəraiz,v.,即兴席演说,GRE_abridged
externalize,"eksˈtəːnə,laiz",v.,使...表面化,GRE_abridged
extirpation,ˌekstəˈpeiʃn,n.,根除，铲除（某实物或现象）,GRE_abridged
extort,iksˈtɔːt,v.,强索，敲诈（钱）,GRE_abridged
extradite,ˈekstrədait,v.,引渡回国，拿获归案,GRE_abridged
extrapolate,eksˈtræpəleit,v.,由已知事实预测，推测；（数）由已知值推出未知量,GRE_abridged
extremist,iksˈtriːmist,n.,极端主义者,GRE_abridged
extricable,ˈekstrikəbl,a.,可解救的，能脱险的,GRE_abridged
extrinsic,eksˈtrinsik,a.,外来的，外在的，外部的,GRE_abridged
extrovert,ˈekstrəuvəːt,n.,性格外向者,GRE_abridged
extrude,eksˈtruːd,v.,挤出，逐出；突出,GRE_abridged
exuberance,iɡˈzjuːbərəns,n.,（人）愉快；（植物）茁壮，茂盛,GRE_abridged
exuberant,iɡˈzjuːbərənt,a.,（人）充满活力的；（植物）茂盛的,GRE_abridged
exult,iɡˈzʌlt,v.,欢腾，喜悦,GRE_abridged
facilities,fəˈsilətiz,n.,（使事情便利的）设备、工具,GRE_abridged
facsimile,fækˈsimili,n.,复制本，摹本,GRE_abridged
factitious,fækˈtiʃəs,a.,人为的，不真实的,GRE_abridged
factorable,fækˈtɔrəbl,a.,能分解成因子的,GRE_abridged
factotum,fækˈtəutəm,n.,杂役，杂工,GRE_abridged
fad,fæd,n.,（流行一时的）狂热，时尚,GRE_abridged
faddish,ˈfædiʃ,a.,流行一时的，时尚的,GRE_abridged
fag,fæɡ,v.,苦干；n. 苦工,GRE_abridged
fail-safe,feilˈseif,n.,自动防故障装置,GRE_abridged
fainthearted,ˈfeintˈhɑːtid,a.,懦弱的，无精神的；胆小的,GRE_abridged
fair-minded,ˈfeəˈmaindid,a.,公平的，公正的,GRE_abridged
falcon,ˈfælkən,n.,猎鹰；隼,GRE_abridged
fallacious,fəˈleiʃəs,a.,欺骗的；谬误的,GRE_abridged
fallacy,ˈfæləsi,n.,谬误，错误,GRE_abridged
fallibility,ˌfæliˈbiliti,n.,易于出错，出错性,GRE_abridged
fallow,ˈfæləu,n.,休耕地；a. （土地）休耕的,GRE_abridged
falsify,ˈfɔːlsiˌfai,v.,篡改；说谎,GRE_abridged
falter,ˈfɔːltə,v.,摇晃，蹒跚；结巴地说，支吾地说,GRE_abridged
fancied,ˈfænsid,a.,空想的，虚构的,GRE_abridged
fanfare,ˈfænfeə,n.,夸耀性游行；嘹亮的喇叭声,GRE_abridged
fang,fæŋ,n.,（毒蛇的）尖牙,GRE_abridged
fantasia,fænˈteizjə,n.,幻想曲；组合乐曲,GRE_abridged
far-reaching,fɑːˈriːtʃiŋ,a.,影响深远的,GRE_abridged
farrow,ˈfærəu,v.,（母猪）生产；n. 一窝小猪,GRE_abridged
fascia,ˈfæʃiə,n.,饰带；（商店上挂的）招牌,GRE_abridged
fastidious,fæsˈtidiəs,a.,难取悦的，挑剔的,GRE_abridged
fastness,ˈfɑːstnis,n.,要塞，城堡,GRE_abridged
fathom,ˈfæðəm,n.,英寻（量水深用，相当于.米）；v. 彻底明白，了解,GRE_abridged
fatidic,fəˈtidik,a.,预言的,GRE_abridged
fatten,ˈfætən,v.,使长肥；使土壤肥沃；装满,GRE_abridged
fatuity,fəˈtju(ː)iti,n.,愚蠢，愚昧,GRE_abridged
faultfinder,"ˈfɔːlt,faində",n.,喜欢挑剔的人,GRE_abridged
fawn,fɔːn,n.,未满周岁的小鹿；v. 巴结，奉承,GRE_abridged
faze,feiz,v.,使...狼狈，使...慌张,GRE_abridged
fealty,ˈfiːəlti,n.,效忠,GRE_abridged
febrile,ˈfiːbrail,a.,发烧的，热病的,GRE_abridged
feckless,ˈfeklis,a.,效率低的；不负责任的；无长久目标、无长久计划的,GRE_abridged
fecundity,fiˈkʌndəti,n.,多产，富饶；繁殖力，生殖力,GRE_abridged
feigned,feind,a.,假装的；不真诚的,GRE_abridged
feint,feint,v./n.,佯攻，佯击,GRE_abridged
feisty,ˈfaisti,a.,活跃的；易怒的,GRE_abridged
felicitate,fiˈlisiteit,v.,祝贺，庆祝,GRE_abridged
felicitous,fiˈlisitəs,a.,（话语等）适当的，得体的,GRE_abridged
feline,ˈfiːlain,a.,猫科的,GRE_abridged
fell,fel,n.,兽皮；v. 砍伐；a. 凶猛的，可怕的,GRE_abridged
felon,ˈfelən,n.,重罪犯,GRE_abridged
felony,ˈfeləni,n.,重罪,GRE_abridged
fencing,ˈfensiŋ,n.,剑术，击剑法,GRE_abridged
fender,ˈfendə,n.,挡泥板；护舷的垫子等,GRE_abridged
feral,ˈfiərəl,a.,凶猛的，野的,GRE_abridged
fern,fəːn,n.,羊齿植物，蕨,GRE_abridged
ferrous,ˈferəs,a.,含铁的,GRE_abridged
fervid,ˈfəːvid,a.,热情的,GRE_abridged
fervor,ˈfəːvə,n.,热诚，热心,GRE_abridged
festal,ˈfestl,a.,节日的；欢乐的,GRE_abridged
festive,ˈfestiv,a.,欢乐的,GRE_abridged
fetching,ˈfetʃiŋ,a.,动人的，迷人的,GRE_abridged
fetid,ˈfetid,a.,有恶臭的,GRE_abridged
fetish,ˈfiːtiʃ,n.,（崇拜的）神物，偶像,GRE_abridged
fetus,ˈfiːtəs,n.,胎儿,GRE_abridged
fiasco,fiˈæskəu,n.,大失败，惨败,GRE_abridged
fiat,ˈfaiæt,n.,命令,GRE_abridged
fibrous,ˈfaibrəs,a.,纤维的,GRE_abridged
fidget,ˈfidʒit,v.,坐立不安；n. 烦躁之人,GRE_abridged
fiend,fiːnd,n.,恶魔；魔鬼,GRE_abridged
fig,fiɡ,n.,无花果；一点儿,GRE_abridged
figurine,ˈfiɡjuriːn,n.,小塑像，小雕像,GRE_abridged
filament,ˈfiləmənt,n.,灯丝；细丝,GRE_abridged
filch,filtʃ,v.,偷（不贵重的东西）,GRE_abridged
filial,ˈfiljəl,a.,子女的,GRE_abridged
filibuster,ˈfilibʌstə,v./n.,以冗长演说妨碍、阻挠（法案或议事的通过）,GRE_abridged
filigree,ˈfiliɡriː,n.,金银丝做的工艺品,GRE_abridged
filings,ˈfailiŋz,n.,锉屑,GRE_abridged
fillet,ˈfilit,n.,束发带；鱼肉片,GRE_abridged
filly,ˈfili,n.,小母马,GRE_abridged
filth,filθ,n.,肮脏，污物；下流的语言,GRE_abridged
finable,ˈfainəbl,a.,应罚款的,GRE_abridged
finagle,fiˈneigəl,v.,骗取，骗得,GRE_abridged
finale,fiˈnɑːli,n.,最后，最终；乐曲的最后部分,GRE_abridged
finery,ˈfainəriː,n.,华丽优雅的服装或装饰,GRE_abridged
finesse,fiˈnes,n.,技巧；计谋；手段,GRE_abridged
finicky,ˈfiniki,a.,苛求的，过分讲究的,GRE_abridged
firearm,ˈfaiərɑːm,n.,（便携式）枪支,GRE_abridged
firebrand,ˈfaiəbrænd,n.,燃烧的木块；引起（社会或政治的）动乱的人,GRE_abridged
firefly,ˈfaiəflai,n.,萤火虫,GRE_abridged
fishery,ˈfiʃəri,n.,渔场；渔业,GRE_abridged
fissile,ˈfisail,a.,易分裂的,GRE_abridged
fissure,ˈfiʃə,n.,深长的裂缝，裂隙,GRE_abridged
fixate,ˈfikseit,v.,使固定，使不变；注视，凝视,GRE_abridged
flabby,ˈflæbi,a.,（肌肉）松软的；意志薄弱的,GRE_abridged
flaccid,ˈflæksid,a.,松弛的；软弱的,GRE_abridged
flagellate,ˈflædʒeleit,v.,鞭打，鞭笞,GRE_abridged
flagging,ˈflæɡiŋ,a.,下垂的；衰弱的,GRE_abridged
flaggy,ˈflæɡi,a.,枯萎的；松软无力的,GRE_abridged
flagrant,ˈfleiɡrənt,a.,臭的，恶名昭彰的,GRE_abridged
flail,fleil,n.,连枷（打谷工具）；v. （用连枷）打，打击,GRE_abridged
flair,fleə,n.,天赋，本领，才华,GRE_abridged
flak,flæk,n.,高射炮；指责,GRE_abridged
flamboyant,flæmˈbɔiənt,a.,艳丽的；（性格）炫耀的，奢华的,GRE_abridged
flammable,ˈflæməbl,a.,易燃的,GRE_abridged
flange,flændʒ,n.,（火车车轮的）凸缘，轮缘,GRE_abridged
flannel,ˈflænl,n.,法兰绒（一种布）,GRE_abridged
flatcar,ˈflætkɑː(r),n.,平台型铁路货车,GRE_abridged
flatten,ˈflætn,v.,变平；彻底打败某人,GRE_abridged
flatulence,ˈfaiəbrænd,n.,肠胃气胀,GRE_abridged
flatulent,ˈflætjulənt,a.,自负的，浮夸的,GRE_abridged
flaunt,flɔːnt,v.,（贬义）炫耀，张扬,GRE_abridged
flaunty,flɔːnti,a.,炫耀的，张扬的,GRE_abridged
flax,flæks,n.,亚麻,GRE_abridged
fleck,flek,n.,斑点；微粒,GRE_abridged
fledge,fledʒ,v.,小鸟长飞羽，变得羽毛丰满,GRE_abridged
fledgling,ˈfledʒliŋ,n.,正在学习飞行的幼鸟；无经验的人,GRE_abridged
fleece,fliːs,n.,生羊皮，羊毛；v. 骗取,GRE_abridged
fleeting,ˈfliːtiŋ,a.,短暂的，飞逝的,GRE_abridged
flick,flik,v./n.,轻打，轻弹,GRE_abridged
flimflam,ˈflimflæm,n.,欺骗；胡言乱语,GRE_abridged
flinch,flinʃ,v.,畏缩，退缩,GRE_abridged
flippant,ˈflipənt,a.,无礼的；轻浮的、不严肃的,GRE_abridged
flit,flit,v.,掠过，迅速飞过,GRE_abridged
floodgate,ˈflʌdɡeit,n.,（水闸的）闸门,GRE_abridged
floppy,ˈflɔpi,a.,松软的；衰弱的,GRE_abridged
florescence,flɔːˈresns,n.,繁花时期,GRE_abridged
florid,ˈflɔrid,a.,华丽的；（脸）红润的,GRE_abridged
flossy,ˈflɔsi,a.,华丽的，时髦的；丝绵的，柔软的,GRE_abridged
fluke,fluːk,n.,侥幸；意想不到的事,GRE_abridged
flummox,ˈflʌməks,v.,使混乱；背诵出错；失败,GRE_abridged
flunk,flʌŋk,v.,考试不及格,GRE_abridged
fluorescent,fluəˈresənt,a.,萤光的，发光的,GRE_abridged
flustered,ˈflʌstəd,a.,慌张的,GRE_abridged
fluvial,ˈfluːviəl,a.,河流的，生长在河中的,GRE_abridged
fodder,ˈfɔdə,n.,草料,GRE_abridged
foible,ˈfɔibl,n.,小缺点，小毛病,GRE_abridged
folder,ˈfəuldə,n.,文件夹，纸夹,GRE_abridged
folksy,ˈfəuksi,a.,有民间风味的；亲切的，友好的,GRE_abridged
folly,ˈfɔli,n.,愚蠢；愚蠢的行为，思想或做法,GRE_abridged
fondle,ˈfɔnd（ə）l,v.,抚弄，抚摸,GRE_abridged
foodstuff,ˈfuːdstʌf,n.,食料，食品,GRE_abridged
foolproof,ˈfuːlpruːf,a.,容易懂的，简易而不会误用的,GRE_abridged
foothold,ˈfuthəuld,n.,立足点，根据地,GRE_abridged
footle,ˈfuːtl,v.,胡闹；浪费（时间）,GRE_abridged
fop,fɔp,n.,（喜好精致服装的）花花公子,GRE_abridged
foppish,ˈfɔpiʃ,a.,浮华的，俗丽的,GRE_abridged
forager,ˈfɔridʒə,n.,为动物寻找饲料的人；粮草征发员；成散开横队的骑兵,GRE_abridged
foray,ˈfɔrei,n./v.,突袭，偷袭,GRE_abridged
forbearance,fɔːˈbeərəns,n.,自制，忍耐,GRE_abridged
forbidding,fəˈbidiŋ,a.,（表情）冷峻的；形势险恶的,GRE_abridged
ford,fɔːd,n.,浅滩，水浅可涉处；v. 涉水,GRE_abridged
forebear,ˈfɔːbeə,n.,祖宗，祖先,GRE_abridged
forebode,fɔːˈbəud,v.,不祥预感，凶兆,GRE_abridged
foreclose,fɔːˈkləuz,v.,排除；取消抵押品的赎回权,GRE_abridged
foreknowledge,fɔːˈnɔlidʒ,n.,（知识）预知,GRE_abridged
forensic,fəˈrensik,a.,法庭的，辩论的,GRE_abridged
foreordain,ˌfɔːrɔːˈdein,v.,预先注定,GRE_abridged
foreshadow,fɔːˈʃædəu,v.,预示,GRE_abridged
foreword,ˈfɔːwəːd,n.,前言，序,GRE_abridged
forfeiture,ˈfɔːfitʃə,n.,（名誉等）丧失,GRE_abridged
forger,ˈfɔːdʒə,n.,打铁匠；伪造者,GRE_abridged
forgo,fɔːˈɡəu,v.,放弃，抛弃,GRE_abridged
formative,ˈfɔːmətiv,a.,形成的，影响发展的,GRE_abridged
forswear,fɔːˈsweə,v.,誓绝，放弃,GRE_abridged
fosse,fɔs,n.,护城河,GRE_abridged
fossilize,ˈfɔsilaiz,v.,使...成为化石；使...过时,GRE_abridged
four-poster,ˌfɔːˈpɔstə(r),n.,有四柱的床,GRE_abridged
foyer,ˈfɔiei,n.,门厅，休息室,GRE_abridged
fracas,ˈfrekəs,n.,大声争吵，打闹,GRE_abridged
fractional,ˈfrækʃənl,a.,微小的，极小的,GRE_abridged
fractious,ˈfrækʃəs,a.,（脾气）易怒的，好争吵的,GRE_abridged
fraternity,frəˈtəːniti,n.,同类人；友爱,GRE_abridged
freak,friːk,n.,怪物，奇事；a. 反常的,GRE_abridged
freckle,ˈfrekl,n.,雀斑，斑点,GRE_abridged
freelancer,ˈfriːlɑːnsə,n.,自由职业者,GRE_abridged
freestanding,ˈfriːstændiŋ,a.,独立的；不依靠支撑物的,GRE_abridged
frenetic,friˈnetik,a.,狂乱的，发狂的,GRE_abridged
fretwork,ˈfretwəːk,n.,格子细工（在木头上雕出各种图案，格子的工艺）,GRE_abridged
friable,ˈfraiəbl,a.,易碎的,GRE_abridged
frieze,friːz,n.,（在墙顶与天花板间起装饰作用的）横条，饰带,GRE_abridged
frigidity,friˈdʒiditi,n.,寒冷；冷淡,GRE_abridged
frisk,frisk,v./n.,欢跃；娱乐,GRE_abridged
frisky,ˈfriski,a.,活泼的，快活的,GRE_abridged
fritter,ˈfritə,v.,（在无意义上的小事上）愚蠢地浪费；切碎,GRE_abridged
frivolous,ˈfrivələs,a.,轻浮的，不严肃的,GRE_abridged
frolic,ˈfrɔlik,v./n.,嬉戏；雀跃,GRE_abridged
frolicsome,ˈfrɔliksəm,a.,快活的，欢乐的,GRE_abridged
frond,frɔnd,n.,羊齿、棕榈等的叶子,GRE_abridged
frothy,ˈfrɔθi,a.,起泡的；（文）空洞的,GRE_abridged
fructify,ˈfrʌktifai,v.,结果实；成功,GRE_abridged
fruition,fru(ː)ˈiʃən,n.,（希望、计划）实现，完成,GRE_abridged
frumpy,ˈfrʌmpi,a.,邋遢的；老式的，过时的,GRE_abridged
fuddle,ˈfʌdl,v.,灌醉；使迷糊,GRE_abridged
fulcrum,ˈfʌlkrəm,n.,杠杆支点，支柱,GRE_abridged
full-blown,ˈfulˈbləun,a.,（鲜花）盛开的,GRE_abridged
full-bodied,ˈfulˈbɔdid,a.,（味道等）浓郁而强烈的,GRE_abridged
full-fledged,ˈfulˈfledʒd,a.,羽毛丰满的；成熟的,GRE_abridged
fulsome,ˈfulsəm,a.,虚情假意的；充足的,GRE_abridged
fumble,ˈfʌmbl,v.,摸索，笨拙搜寻；弄乱，搞糟,GRE_abridged
fume,fjuːm,v./n.,愤怒；冒烟,GRE_abridged
fumigate,ˈfjuːmiɡeit,v.,以烟熏消毒,GRE_abridged
functionary,ˈfʌŋkʃənəri,n.,小官，低级公务员,GRE_abridged
funereal,fju(ː)ˈniəriəl,a.,适于葬礼的；忧郁的,GRE_abridged
fungi,ˈfʌndʒai,n.,菌类，蘑菇,GRE_abridged
fungicide,ˈfʌndʒisaid,n.,杀真菌剂,GRE_abridged
funky,ˈfʌnki,a.,有霉臭味的,GRE_abridged
furbish,ˈfəːbiʃ,v.,磨光，刷新,GRE_abridged
furor,ˈfjuərɔː,n.,轰动；盛怒,GRE_abridged
furrow,ˈfʌrəu,n.,犁沟（用犁耕作后地上留下的沟）；皱纹,GRE_abridged
furtive,ˈfəːtiv,a.,偷偷的，秘密的,GRE_abridged
fusillade,ˈfjuːziˌleid,n./v.,（枪炮）齐射，连发,GRE_abridged
fustian,ˈfʌstiən,n.,空洞的话，无意义的高调,GRE_abridged
fusty,ˈfʌsti,a.,老式的，陈腐的；霉臭的,GRE_abridged
gab,ɡæb,n.,饶舌，爱说话；v. 空谈，瞎扯；闲逛，游荡,GRE_abridged
gabby,ˈɡæbi,a.,饶舌的,GRE_abridged
gadfly,ˈɡædflai,n.,虻，牛虻；令人讨厌的人（尤指用批评等手段怂恿别人采取行动者）,GRE_abridged
gaffe,ɡæf,n.,（社交上令人不快的）失言，失态,GRE_abridged
gag,gæg,n.,恶作剧，开玩笑,GRE_abridged
gaggle,ˈɡæɡl,n.,鹅群,GRE_abridged
gaiety,ˈɡeiəti,n.,欢乐，快活,GRE_abridged
gait,ɡeit,n.,步法，步态,GRE_abridged
gall,ɡɔːl,n.,胆汁；怨恨,GRE_abridged
galley,ˈɡæli,n.,船上的厨房,GRE_abridged
gallows,ˈɡæləuz,n.,绞刑架，绞台,GRE_abridged
galvanize,ˈɡælvənaiz,v.,电镀；通电；激励,GRE_abridged
gambol,ˈɡæmbəl,n./v.,雀跃，嬉戏,GRE_abridged
gamut,ˈɡæmət,n.,全音阶；（一领域的）全部知识,GRE_abridged
gander,ˈɡændə,n.,雄鹅；笨人；v. 闲逛,GRE_abridged
gangling,ˈɡæŋɡliŋ,a.,瘦长得难看的,GRE_abridged
gangly,ɡæŋli,a.,身材瘦长的,GRE_abridged
gangrene,"ˈgæŋ,griːn",n.,坏疽,GRE_abridged
gangway,ˈɡæŋwei,n.,（上下船的）跳板,GRE_abridged
gape,ɡeip,v.,裂开；目瞪口呆地凝视,GRE_abridged
garble,ˈɡɑːbl,v.,曲解，窜改,GRE_abridged
garbled,ˈɡɑːbld,a.,引起误解的；窜改的,GRE_abridged
gardenia,ɡɑːˈdiːniə,n.,栀子花,GRE_abridged
gargantuan,ɡɑːˈɡæntjuən,a.,巨大的，庞大的,GRE_abridged
gargoyle,ˈɡɑːɡɔil,n.,（雕刻成怪兽状的）滴水嘴；面貌丑恶的人,GRE_abridged
garish,ˈɡæriʃ,a.,俗丽的，过于艳丽的,GRE_abridged
garland,ˈɡɑːlənd,n.,（作为胜利标志的）花环，奖品,GRE_abridged
garret,ˈɡærit,n.,阁楼，顶楼小室,GRE_abridged
garrulity,ɡəˈruːliti,n.,唠叨，饶舌,GRE_abridged
garrulous,ˈɡæruləs,a.,唠叨的，多话的,GRE_abridged
gasification,ˌɡæsifiˈkeiʃən,n.,气化,GRE_abridged
gastric,ˈɡæstrik,a.,胃的，胃部的,GRE_abridged
gastritis,ɡæsˈtraitis,n.,胃炎,GRE_abridged
gastronomy,ɡæsˈtrɔnəmi,n.,美食法,GRE_abridged
gaucherie,ɡəuʃəˈriː,n.,笨拙,GRE_abridged
gaudy,ˈɡɔːdi,a.,俗丽的,GRE_abridged
gaunt,ɡɔːnt,a.,憔悴的，瘦削的,GRE_abridged
gavel,ˈɡævəl,n.,（法官所用的）槌，小木槌,GRE_abridged
gawky,ˈɡɔːki,a.,迟钝的，笨拙的,GRE_abridged
gazetteer,ˌɡæziˈtiə,n.,地名词典，地名表,GRE_abridged
genealogy,ˌdʒiːniˈælədʒi,n.,家谱学,GRE_abridged
generality,ˌdʒenəˈræliti,n.,概述,GRE_abridged
generic,dʒiˈnerik,a.,种类的，类属的,GRE_abridged
genome,ˈdʒiːnəum,n.,（生）基因组，染色体组,GRE_abridged
genuflect,ˈdʒenju(ː)flekt,v.,曲膝半跪（以示敬意）；屈从,GRE_abridged
genus,ˈdʒiːnəs,n.,（动植物的）属,GRE_abridged
geometrician,ˌdʒiəuməˈtriʃən,n.,几何学家,GRE_abridged
germane,dʒəːˈmein,a.,有密切关系的；贴切的,GRE_abridged
germicide,ˈdʒəːmisaid,n.,杀菌剂,GRE_abridged
gerontocracy,dʒerənˈtɔkrəsi,n.,老人统治的政府,GRE_abridged
gerontology,ˌdʒerənˈtɔlədʒi,n.,老人病学,GRE_abridged
gerrymander,ˈdʒerimændə,v.,（为使某政党在选举中取得优势）不公正地将（某地区）划成选区,GRE_abridged
gestate,ˈdʒesteit,v.,怀孕，孕育,GRE_abridged
gesticulate,dʒesˈtikjuleit,v.,做手势表达,GRE_abridged
geyser,ˈɡaizə,n.,天然热喷泉,GRE_abridged
ghastly,ˈɡɑːstli,a.,可怕的，惊人的，惨白的,GRE_abridged
giddy,ˈɡidi,a.,轻浮的，不严肃的,GRE_abridged
gimmick,ˈɡimik,n.,吸引人的花招，噱头,GRE_abridged
ginger,ˈdʒindʒə,n.,姜；活力,GRE_abridged
gingerly,ˈdʒindʒəli,adj./adv.,小心的（地）；谨慎的（地）,GRE_abridged
girth,ɡəːθ,n.,（人）腰身；周长,GRE_abridged
glade,ɡleid,n.,林中的空地,GRE_abridged
gladiator,ˈɡlædieitə,n.,（古罗马）角斗士，与野兽搏斗者,GRE_abridged
glee,ɡliː,n.,欢喜，高兴,GRE_abridged
glib,ɡlib,a.,（演说）流利圆滑的，善辩的,GRE_abridged
glimmer,ˈɡlimə,v.,发微光；n. 摇曳的微光,GRE_abridged
glisten,ɡlisn,v.,（潮湿或光洁的物体表面反射）闪烁，闪耀,GRE_abridged
glitch,ɡlitʃ,n.,小故障,GRE_abridged
gloaming,ˈɡləumiŋ,n.,黄昏，薄暮,GRE_abridged
gloat,ɡləut,v.,幸灾乐祸地看，窃喜,GRE_abridged
gloss,ɡlɔs,n.,光泽；注解,GRE_abridged
gloss-over,glɔːsˈəuvə,v.,潦草地或敷衍地处理某事,GRE_abridged
glower,ˈɡlauə,v.,怒目而视,GRE_abridged
glowing,ˈɡləuiŋ,a.,热情赞扬的,GRE_abridged
glucose,ˈɡluːkəus,n.,葡萄糖,GRE_abridged
glut,ɡlʌt,v./n.,过多；供过于求,GRE_abridged
glutinous,ˈɡluːtinəs,a.,粘的，胶状的,GRE_abridged
gluttonous,ˈɡlʌtənəs,a.,贪吃的，贪嘴的,GRE_abridged
gnarled,nɑːld,a.,（树木）多节的；粗糙的,GRE_abridged
gnat,næt,n.,对小事斤斤计较，琐事,GRE_abridged
gnawing,ˈnɔːiŋ,a.,痛苦的，折磨人的,GRE_abridged
gnome,nəum,n.,地下宝藏的守护神，地精；格言,GRE_abridged
gnomic,ˈnəumik,a.,格言的，精辟的,GRE_abridged
goad,ɡəud,n.,赶牛棒；v./n. 刺激，激励,GRE_abridged
gobble,ˈɡɔbl,v.,快速贪婪地吃，狼吞虎咽,GRE_abridged
goblet,ˈɡɔblit,n.,高脚酒杯,GRE_abridged
goggle,ˈɡɔɡl,n.,护目镜；v. 睁眼看,GRE_abridged
goldbrick,ˈɡəuldbrik,v.,逃避责任，偷懒,GRE_abridged
gong,ɡɔŋ,n.,锣,GRE_abridged
goodwill,ɡudˈwil,n.,友好，好意,GRE_abridged
goof,ɡuːf,v.,犯错误；消磨时间,GRE_abridged
gormandize,ˈɡɔːməndaiz,v.,拼命吃，贪吃,GRE_abridged
gosling,ˈɡɔzliŋ,n.,小鹅；年轻无知的人,GRE_abridged
gossamer,ˈɡɔsəmə,n.,蛛丝；薄纱；a. 轻而薄的,GRE_abridged
gouge,ɡaudʒ,n.,半圆凿；v. （用利器或手从物体表面）挖出；骗钱，敲竹杠,GRE_abridged
gourmand,ˈɡuəmənd,n.,（贬）嗜食者,GRE_abridged
gourmet,ˈɡuəmei,n.,美食家,GRE_abridged
governance,ˈɡʌvənəns,n.,统治，支配,GRE_abridged
gracile,ˈɡræsail,a.,细弱的，纤细优美的,GRE_abridged
gradation,ɡrəˈdeiʃən,n.,渐变；阶段，等级,GRE_abridged
graduated,ˈɡrædʒuətid,a.,按等级（高度，困难等）分的,GRE_abridged
graft,ɡrɑːft,v./n.,嫁接；贪污,GRE_abridged
granary,ˈɡrænəri,n.,谷仓，粮仓,GRE_abridged
grandeur,ˈɡrændʒə,n.,壮丽，伟大,GRE_abridged
grandiose,ˈɡrændiəus,a.,（贬）大而宏伟的；夸大的,GRE_abridged
grandstand,ˈɡrændstænd,n.,大看台；v. 哗众取宠（为博取观众喝彩而卖弄）,GRE_abridged
granulate,"ˈgrænjə,leit",v.,使成颗粒状,GRE_abridged
granule,ˈɡrænjuːl,n.,小粒，微粒,GRE_abridged
graphite,ˈɡræfait,n.,石墨,GRE_abridged
grasping,ˈɡrɑːspiŋ,a.,贪心的，贪婪的,GRE_abridged
grate,ɡreit,v.,发出“吱嘎”声；磨碎；使人烦躁,GRE_abridged
gratification,ˌɡrætifiˈkeiʃən,n.,满足，喜悦,GRE_abridged
grating,ˈɡreitiŋ,a.,（声音）刺耳的；恼人的,GRE_abridged
gratis,ˈɡreitis,a.,不付款的，免费的,GRE_abridged
gratuity,ɡrəˈtju(ː)iti,n.,赏钱，小费,GRE_abridged
gravitate,ˈɡræviteit,v.,被强烈地吸引,GRE_abridged
greenhorn,ˈɡriːnhɔːn,n.,初学者；容易受骗的人,GRE_abridged
gregariousness,ɡreˈɡeəriəsnis,n.,群居；合群,GRE_abridged
grenade,ɡriˈneid,n.,手榴弹,GRE_abridged
gridiron,"ˈgrid,aiən",n.,烤架；橄榄球场,GRE_abridged
grimace,ɡriˈmeis,v./n.,做鬼脸，面部歪扭,GRE_abridged
gripe,ɡraip,v.,唠叨地抱怨,GRE_abridged
gripping,ˈɡripiŋ,a.,紧紧抓住注意力的,GRE_abridged
grisly,ˈɡrizli,a.,恐怖的，可怕的,GRE_abridged
gristle,ˈɡrisl,n.,软骨，肉中难吃的硬组织,GRE_abridged
grit,ɡrit,n.,沙粒；决心，勇气；v. 下定决心，咬紧牙关,GRE_abridged
grotesque,ɡrəuˈtesk,a.,怪诞的，古怪的,GRE_abridged
grotto,ˈɡrɔtəu,n.,小洞穴,GRE_abridged
grouch,ɡrautʃ,n.,牢骚，不满,GRE_abridged
grounded,ˈɡraundid,a.,有理由的；adv. 地面上,GRE_abridged
grouse,ɡraus,n.,松鸡；v. 牢骚，诉苦,GRE_abridged
grove,ɡrəuv,n.,小树林，树丛,GRE_abridged
grovel,ˈɡrɔvl,v.,摇尾乞怜，奴颜婢膝,GRE_abridged
growl,ɡraul,v.,（动物）咆哮，吼叫,GRE_abridged
grueling,ˈɡruəliŋ,a.,繁重而累人的,GRE_abridged
gruesome,ˈɡruːsəm,a.,令人毛骨悚然的，恶心的,GRE_abridged
gruff,ɡrʌf,a.,（指人、声音）粗野的,GRE_abridged
guffaw,ɡʌˈfɔː,n./v.,哄笑，大笑,GRE_abridged
guile,ɡail,n.,欺诈，狡猾,GRE_abridged
guillotine,ˈɡilətiːn,n.,断头台,GRE_abridged
gulch,ɡʌlʃ,n.,深谷，峡谷,GRE_abridged
gullible,ˈɡʌlibl,a.,易受骗的,GRE_abridged
gully,ˈɡʌli,n.,雨水冲成的沟壑,GRE_abridged
gulp,ɡʌlp,v.,快速贪婪地吞食,GRE_abridged
guru,ˈɡuruː,n.,古鲁（印度的宗教领袖）；（受尊敬的）教师或权威,GRE_abridged
gusher,ˈɡʌʃə,n.,喷油井；滔滔不绝的说话者,GRE_abridged
gust,ɡʌst,n.,阵风；一阵（情绪）,GRE_abridged
gustation,ɡʌsˈteiʃən,n.,品尝；味觉,GRE_abridged
gustatory,ˈɡʌstətəri,a.,有关味觉的，品尝的,GRE_abridged
gusto,ˈɡʌstəu,n.,爱好；兴致勃勃,GRE_abridged
gutless,ˈɡʌtlis,a.,没有勇气的，懦怯的,GRE_abridged
gutter,ˈɡʌtə,n.,水槽；街沟,GRE_abridged
guttle,ˈɡʌtl,v.,狼吞虎咽,GRE_abridged
guzzle,ˈɡʌzl,v.,大吃大喝,GRE_abridged
gynaecocracy,ˌdʒainiˈkɔkrəsi,n.,妇女当政,GRE_abridged
gyrate,ˈdʒaiərit,a.,旋转的；v. 旋转,GRE_abridged
habitable,ˈhæbitəbl,a.,可居住的,GRE_abridged
habituate,həˈbitjueit,v.,使习惯于,GRE_abridged
haft,hɑːft,n.,柄，把柄,GRE_abridged
haggard,ˈhæɡəd,a.,憔悴的，消瘦的,GRE_abridged
halcyon,ˈhælsiən,a.,平静的；愉快的,GRE_abridged
hale,heil,a.,（尤指老人）健壮的，矍铄的,GRE_abridged
halfhearted,ˈhɑːfˈhɑːtid,a.,不认真的，不热心的,GRE_abridged
hallmark,ˈhɔːlmɑːk,n.,（在金银上的）纯度印记；特征,GRE_abridged
hallow,ˈhæləu,v.,把...视为神圣，尊敬,GRE_abridged
hallowed,ˈhæləud,a.,神圣的,GRE_abridged
hallucination,həluːsiˈneiʃən,n.,幻听，幻视,GRE_abridged
halo,ˈheiləu,n.,（日、月等）晕，神像之光环,GRE_abridged
halting,ˈhɔːltiŋ,a.,踌躇的，吞吞吐吐的,GRE_abridged
hamstring,ˈhæmstriŋ,v.,切断腿筋使成跛腿，使残废,GRE_abridged
hangar,ˈhæŋə,n.,（存放或修理飞机的）飞机库,GRE_abridged
hangdog,ˈhæŋdɔɡ,a.,忧愁的；羞愧的,GRE_abridged
hanker,ˈhæŋkə,v.,渴望，追求,GRE_abridged
hankering,ˈhæŋkəriŋ,n.,渴望,GRE_abridged
harangue,həˈræŋ,,n.,GRE_abridged
harangue,həˈræŋ,,[贬]长篇指责性演说,GRE_abridged
harbinger,ˈhɑːbindʒə,n.,先驱，先兆,GRE_abridged
hardbitten,hɑːdˈbitən,a.,不屈的，顽强的,GRE_abridged
hardihood,"ˈhɑːdiː,hud",n.,大胆；鲁莽,GRE_abridged
hardihood,ˈhɑːdihud,n.,大胆，鲁莽,GRE_abridged
harp,hɑːp,n.,竖琴；v. 喋喋不休地说或写,GRE_abridged
harpsichord,ˈhɑːpsikɔːd,n.,键琴（钢琴前身）,GRE_abridged
harridan,ˈhæridən,n.,脾气暴躁的老妇,GRE_abridged
harrow,ˈhærəu,n.,耙；v. 使痛苦,GRE_abridged
harrowing,ˈhærəuiŋ,a.,悲痛的，难受的,GRE_abridged
harshly,ˈhɑːʃli,adv.,严酷地，无情地,GRE_abridged
hassle,ˈhæsl,n.,激烈的辩论,GRE_abridged
hauteur,əuˈtəː,n.,傲慢,GRE_abridged
hawker,ˈhɔːkə,n.,沿街叫卖之小贩,GRE_abridged
hawser,ˈhɔːzə,n.,粗绳，大钢索,GRE_abridged
headlong,ˈhedlɔŋ,adj./adv.,轻率的（地），迅猛的（地）,GRE_abridged
headway,ˈhedwei,n.,进步，进展,GRE_abridged
heady,ˈhedi,a.,任性的；鲁莽的,GRE_abridged
hearken,ˈhɑːkən,v.,倾听,GRE_abridged
hearten,ˈhɑːtn,v.,鼓励，激励,GRE_abridged
heartrending,ˈhɑːtrendiŋ,a.,令人心碎的,GRE_abridged
heavy-handed,ˈheviːˈhændid,a.,笨拙的,GRE_abridged
heckle,ˈhekl,v.,诘问，困扰,GRE_abridged
hector,ˈhektə,v.,威吓,GRE_abridged
hedgehog,ˈhedʒhɔɡ,n.,刺猬,GRE_abridged
hedonic,hiːˈdɔnik,a.,享乐的；n. 享乐主义学说,GRE_abridged
hedonism,ˈhiːdənizəm,n.,享乐主义；享乐,GRE_abridged
hedonist,ˈhiːdəunist,n.,享乐主义者,GRE_abridged
hegemony,hi(ː)ˈɡeməni,n.,霸权，领导权,GRE_abridged
heinous,ˈheinəs,a.,十恶不赦的,GRE_abridged
heirloom,ˈeəluːm,n.,传家宝,GRE_abridged
heliotrope,ˈheljətrəup,n.,向阳植物,GRE_abridged
helm,helm,n.,舵，驾驶盘,GRE_abridged
helot,ˈhelət,n.,奴隶；受人轻视之人,GRE_abridged
helve,helv,n.,斧柄,GRE_abridged
hem,hem,v.,包围；n. 袖边，边缘；interj.（用以引起注意的）咳嗽清桑声,GRE_abridged
hemophilia,ˌhiːməˈfiliə,n.,血友病，出血不止的病,GRE_abridged
hemorrhage,ˈheməridʒ,n.,出血（尤指大出血）,GRE_abridged
hemostat,ˈhiːməstæt,n.,止血器；止血剂,GRE_abridged
henpecked,ˈhenpekt,a.,顺从妻子的，惧内的,GRE_abridged
hepatitis,ˌhepəˈtaitis,n.,肝炎,GRE_abridged
herbaceous,həːˈbeiʃəs,a.,草本植物的,GRE_abridged
herbicide,ˈhəːbisaid,n.,除草剂,GRE_abridged
herbivorous,həːˈbivərəs,a.,食草的,GRE_abridged
herdsman,ˈhəːdzmən,n.,牧人,GRE_abridged
hereditary,hiˈreditəri,a.,世袭的,GRE_abridged
heretic,ˈherətik,n.,异教徒,GRE_abridged
heretical,hiˈretikəl,a.,异端邪说的,GRE_abridged
hermetic,həːˈmetik,a.,密封的；深奥的,GRE_abridged
hermit,ˈhəːmit,n.,隐士，修道者,GRE_abridged
herpetologist,ˌhəːpətəˈlɔdʒist,n.,爬行动物学家,GRE_abridged
heterodox,ˈhetərəudɔks,a.,异端的，非正统的,GRE_abridged
heterogeneous,ˌhetərəuˈdʒiːniəs,a.,异类的，不同的,GRE_abridged
hexagon,ˈheksəɡən,n.,六角形，六边形,GRE_abridged
heyday,ˈheidei,n.,全盛时期，青春期,GRE_abridged
hiatus,haiˈeitəs,n.,空隙，裂缝,GRE_abridged
hidebound,ˈhaidbaund,a.,顽固的，守旧的，心胸狭窄的,GRE_abridged
hie,hai,v.,疾走，催促,GRE_abridged
hieroglyphic,ˌhaiərəˈɡlifik,n.,象形文字,GRE_abridged
highbrow,ˈhaibrau,n.,自以为文化修养很高的人,GRE_abridged
hilt,hilt,n.,（剑或刀之）柄,GRE_abridged
hippopotamus,ˌhipəˈpɔtəməs,n.,河马,GRE_abridged
hirsute,ˈhəːsjuːt,a.,多毛的,GRE_abridged
hiss,his,v.,（表示不赞成或不满某人）作嘘声；（蛇等）发出嘶嘶声,GRE_abridged
histology,hisˈtɔlədʒi,n.,细胞组织学,GRE_abridged
histrionic,ˌhistriˈɔnik,,a.,GRE_abridged
histrionic,ˌhistriˈɔnik,,[贬]做作的，演戏的；表演的，剧院的,GRE_abridged
hoard,hɔːd,v./n.,贮藏，秘藏,GRE_abridged
hoary,ˈhɔːri,a.,（头发）灰白的；古老的,GRE_abridged
hobble,ˈhɔbl,v.,蹒跚；跛行,GRE_abridged
hodgepodge,ˈhɔdʒpɔdʒ,n.,混淆，杂烩,GRE_abridged
hoe,həu,n.,锄头,GRE_abridged
holograph,ˈhɔləuɡrɑːf,n.,亲笔信,GRE_abridged
holster,ˈhəulstə,n.,手枪皮套,GRE_abridged
homeostasis,ˌhəumiəuˈsteisis,n.,体内平衡，自我平衡,GRE_abridged
homiletics,ˌhɔmiˈletiks,n.,讲道术，说教术,GRE_abridged
homily,ˈhɔmili,n.,说教，训诫,GRE_abridged
homogeneity,ˌhɔməudʒeˈniːiti,n.,同种，同质,GRE_abridged
homogenize,həˈmɔdʒənaiz,v.,（液体）使匀质，使均匀，使一致,GRE_abridged
homograph,ˈhɔməuɡrɑːf,n.,同形异义字,GRE_abridged
hone,həun,n.,磨刀石；v. 磨刀,GRE_abridged
honorarium,ˌɔnəˈreəriəm,n.,酬劳金，谢礼,GRE_abridged
hoodwink,ˈhudwiŋk,v.,蒙混，欺骗,GRE_abridged
hoof,huːf,n.,（牛马的）蹄,GRE_abridged
hoop,huːp,n.,（桶之）箍，铁环,GRE_abridged
horology,həˈɔɔlədʒi,n.,测时法；钟表制造术,GRE_abridged
horrendous,hɔˈrendəs,a.,可怕的，令人恐惧的,GRE_abridged
horrific,hɔˈrifik,a.,可怕的,GRE_abridged
hortative,ˈhɔːtətiv,a.,激励的,GRE_abridged
horticulture,ˈhɔːtikʌltʃə,n.,园艺学（gradening）,GRE_abridged
hovel,ˈhɔvəl,n.,（贬）茅舍；肮脏的小屋,GRE_abridged
howler,ˈhaulə,n.,嚎叫的人或动物；滑稽可笑的错误,GRE_abridged
hub,hʌb,n.,轴心；中心,GRE_abridged
hubris,ˈhjuːbris,n.,过分自傲，目中无人,GRE_abridged
huckster,ˈhʌkstə,n.,叫卖小贩，零售商,GRE_abridged
huffish,ˈhʌfiʃ,a.,不高兴的，傲慢的,GRE_abridged
huffy,ˈhʌfi,a.,愤怒的，怨恨的,GRE_abridged
hulk,hʌlk,n.,废船壳；笨重之人或物,GRE_abridged
hull,hʌl,n.,外壳；荚；船身；v. 剥去外壳,GRE_abridged
humdrum,ˈhʌmdrʌm,a.,单调的，乏味的,GRE_abridged
humility,hju(ː)ˈmiliti,n.,谦逊，谦恭,GRE_abridged
hunch,hʌntʃ,n.,直觉，预感,GRE_abridged
hunk,hʌŋk,n.,大块（食物）,GRE_abridged
hunker,ˈhʌŋkə,v.,蹲下；顽固地坚持,GRE_abridged
hurtle,ˈhəːtl,v.,急飞,GRE_abridged
hush,hʌʃ,v./n.,肃静，安静,GRE_abridged
husk,hʌsk,n.,（没价值的）外壳；（种子、果实的）外壳、皮、荚,GRE_abridged
husky,ˈhʌski,a.,声音沙哑的,GRE_abridged
hydrant,ˈhaidrənt,n.,（消防）水龙头，消防栓,GRE_abridged
hydrate,ˈhaidreit,n.,水化物；v. 水化,GRE_abridged
hymn,him,n.,赞美诗,GRE_abridged
hyperactivity,ˌhaipərækˈtivəti,n.,活动过强，极度亢奋,GRE_abridged
hyperbole,haiˈpəːbəli,n.,（文）夸张法,GRE_abridged
hypertension,ˌhaipəˈtenʃən,n.,高血压,GRE_abridged
hypnotic,hipˈnɔtik,a.,催眠的；n. 催眠药,GRE_abridged
hypodermic,ˌhaipəuˈdəːmik,a.,皮下注射的,GRE_abridged
hypotenuse,haiˈpɔtinjuːz,n.,（直角三角形的）斜边,GRE_abridged
icicle,ˈaisikl,n.,冰柱，冰垂,GRE_abridged
icing,ˈaisiŋ,n.,糖衣，糖霜,GRE_abridged
iconoclast,aiˈkɔnəklæst,n.,攻击传统观念或风俗的人,GRE_abridged
iconoclastic,"ai,kɔnəˈklæstik",a.,对传统观念（或惯例）进行攻击的,GRE_abridged
idolater,aiˈdɔlətə,n.,神像（偶像）崇拜者,GRE_abridged
idolatrize,aiˈdɔlətraiz,v.,奉为偶像，盲目崇拜,GRE_abridged
idolize,ˈaidəlaiz,v.,将...当作偶像崇拜；极度喜爱或仰慕,GRE_abridged
idyll,ˈidil,n.,田园生活；田园诗,GRE_abridged
igneous,ˈiɡniəs,a.,火的，含火的,GRE_abridged
ignominy,ˈiɡnəmini,n.,羞耻，屈辱,GRE_abridged
illiberal,iˈlibərəl,a.,气量狭窄的,GRE_abridged
illuminati,iˌluːmiˈnɑːti,n.,先觉者，智者,GRE_abridged
illusive,iˈluːsiv,a.,迷惑人的，迷幻的,GRE_abridged
imbecile,ˈimbisail,n.,心智能力极低的人,GRE_abridged
imbroglio,imˈbrəuliəu,n.,纠纷，误解；（政治或感情上的）错综复杂的局面,GRE_abridged
immaculate,iˈmækjulit,a.,洁净的，无瑕的,GRE_abridged
immanent,ˈimənənt,a.,内在的，天生的；（上帝）普遍存在的，无处不在的,GRE_abridged
immemorial,ˌimiˈmɔːriəl,a.,太古的，极古的，无法追忆的,GRE_abridged
immolate,ˈiməuleit,v.,牺牲，焚祭,GRE_abridged
immure,iˈmjuə,v.,监禁,GRE_abridged
imp,imp,n.,小鬼；顽童,GRE_abridged
impalpable,imˈpælpəbl,a.,无法触及的；不易理解的,GRE_abridged
impasse,æmˈpɑːs,n.,僵局；死路,GRE_abridged
impecunious,ˌimpiˈkjuːnjəs,a.,不名一文的，贫困的,GRE_abridged
impede,imˈpiːd,v.,妨碍,GRE_abridged
impediment,imˈpedimənt,n.,妨碍，阻碍物,GRE_abridged
impend,imˈpend,v.,进行威胁；即将发生,GRE_abridged
impenetrable,imˈpenitrəbl,a.,不能穿透的；不可理解的,GRE_abridged
impenitent,imˈpenitənt,a.,不悔悟的,GRE_abridged
imperil,imˈperil,v.,使陷于危险中，危及,GRE_abridged
imperious,imˈpiəriəs,a.,傲慢的，专横的,GRE_abridged
impermanent,imˈpəːmənənt,a.,暂时的,GRE_abridged
impermeability,"im,pəːmiəˈbiləti",n.,不能渗透（液体）,GRE_abridged
impersonate,imˈpəːsəneit,v.,模仿；扮演,GRE_abridged
impertinence,imˈpəːtinəns,n.,无礼，粗鲁,GRE_abridged
imperturbable,ˌimpə(ː)ˈtəːbəbl,a.,冷静的，沉着的,GRE_abridged
impinge,imˈpindʒ,v.,侵犯；撞击,GRE_abridged
implant,imˈplɑːnt,v.,注入，植入；灌输（思想）,GRE_abridged
implausible,imˈplɔːzəbl,a.,难以置信的,GRE_abridged
implode,imˈpləud,v.,内爆，向心聚爆；剧减,GRE_abridged
implore,imˈplɔː,v.,哀求，恳求,GRE_abridged
impolitic,imˈpɔlitik,a.,不智的，失策的,GRE_abridged
imponderable,imˈpɔndərəbl,a.,（重量等）无法衡量的，不可估量的,GRE_abridged
importune,imˈpɔːtjuːn,v.,（尤指令人厌烦的地）强求，不断请求,GRE_abridged
impostor,imˈpɔstə,n.,冒充者，骗子,GRE_abridged
imposture,imˈpɔstʃə,n.,冒充,GRE_abridged
impoverish,imˈpɔvəriʃ,v.,使成赤贫,GRE_abridged
imprecation,impriˈkeiʃ（ə）n,n.,祈求，诅咒,GRE_abridged
imprecise,ˌimpriˈsais,a.,不精确的，不严密的,GRE_abridged
impregnable,imˈpreɡnəbl,a.,攻不破的，征服不了的,GRE_abridged
impresario,ˌimpreˈsɑːriəu,n.,（剧院或乐团等）经理人，主办者,GRE_abridged
impressed,imˈprest,a.,被打动的；被感动的,GRE_abridged
impressionable,imˈpreʃənəb（ə）l,a.,易受影响的,GRE_abridged
improvised,ˈimprəvaizd,a.,临时准备的，即席而作的,GRE_abridged
impugn,imˈpjuːn,v.,对...表示怀疑,GRE_abridged
impuissance,imˈpju(ː)isns,n.,无力，虚弱,GRE_abridged
imputation,ˌimpju(ː)ˈteiʃən,n.,归咎，归罪,GRE_abridged
inadvertence,ˌinədˈvəːtəns,n.,漫不经心,GRE_abridged
inadvertently,ˌinədˈvəːtəntli,adv.,不小心地，非故意地，无意地,GRE_abridged
inalienable,inˈeiljənəbl,a.,不可剥夺的，不能让与的,GRE_abridged
inane,iˈnein,a.,无意义的；空洞的,GRE_abridged
inappreciable,ˌinəˈpriːʃəbl,a.,微不足道的,GRE_abridged
inaugural,iˈnɔːɡjurəl,a.,就职的，开幕的,GRE_abridged
incandescence,ˌinkænˈdesəns,n.,白炽，炽热发光,GRE_abridged
incantation,ˌinkænˈteiʃən,n.,咒语,GRE_abridged
incarcerate,inˈkɑːsəreit,v.,使下狱，监禁,GRE_abridged
incarnate,ˈinkɑːneit,a.,具有肉体的；化身的,GRE_abridged
incendiary,inˈsendjəri,a.,放火的，纵火的,GRE_abridged
incertitude,inˈsəːtitjuːd,n.,疑惑，不确定,GRE_abridged
inchoate,ˈinkəueit,a.,刚开始的，未发展的,GRE_abridged
incise,inˈsaiz,v.,切，切割,GRE_abridged
incision,inˈsiʒən,n.,切口；切割,GRE_abridged
incisor,inˈsaizə,n.,门牙,GRE_abridged
inclement,inˈklemənt,a.,（天气）严酷的；严厉的,GRE_abridged
incogitant,inˈkɔdʒitənt,a.,无思想的，考虑不周的,GRE_abridged
incommensurate,ˌinkəˈmenʃərit,a.,不成比例的，不相称的,GRE_abridged
incongruent,inˈkɔŋɡruənt,a.,不协调的，不和谐的，不合适的,GRE_abridged
inconsequential,inˌkɔnsiˈkwenʃəl,a.,不重要的，微不足道的,GRE_abridged
inconstancy,inˈkɔnstənsi,n.,（指人）反复无常,GRE_abridged
incontrovertible,ˌinkɔntrəˈvəːtəbl,a.,无可辩驳的,GRE_abridged
incorporeal,ˌinkɔːˈpɔːriəl,a.,无实体的，非物质的，灵魂的,GRE_abridged
incorrigibility,inˌkɔridʒəˈbiliti,n.,无可救药，难以修正,GRE_abridged
incorrigible,inˈkɔridʒəbl,a.,积习难改的，不可救药的,GRE_abridged
increment,ˈinkrimənt,n.,增值，增加,GRE_abridged
incrustation,ˌinkrʌsˈteiʃən,n.,硬壳，外层,GRE_abridged
incubation,ˌinkjuˈbeiʃən,n.,孵卵期；潜伏期,GRE_abridged
incubator,ˈinkjubeitə,n.,孵卵器；早产婴儿保育箱,GRE_abridged
incubus,ˈiŋkjubʌs,n.,恶梦；梦魇般的精神压力，负担,GRE_abridged
inculcate,inˈkʌlkeit,v.,灌输，谆谆教诲,GRE_abridged
inculpate,ˈinkʌlpeit,v.,连累；控告,GRE_abridged
indecipherable,ˌindiˈsaifərəbl,a.,无法破译的,GRE_abridged
indecisive,ˌindiˈsaisiv,a.,非决定性的，非最终的；迟疑不决的,GRE_abridged
indelible,inˈdelibl,a.,擦拭不掉的，不可磨灭的,GRE_abridged
indemnify,inˈdemnifai,v.,赔偿，偿付,GRE_abridged
indenture,inˈdentʃə,n.,契约，合同,GRE_abridged
indeterminate,ˌindiˈtəːminit,a.,不确定的，不明确的,GRE_abridged
indices,ˈindisiːz,n.,指数（index的复数）,GRE_abridged
indigence,ˈindidʒəns,n.,贫穷,GRE_abridged
indispensability,ˈindisˌpensəˈbiləti,n.,不可缺少,GRE_abridged
indite,inˈdait,v.,写，赋（诗文）,GRE_abridged
indoctrinate,inˈdɔktrineit,v.,教导；灌输思想,GRE_abridged
indubitable,inˈdjuːbitəbl,a.,不容置疑的,GRE_abridged
induct,inˈdʌkt,v.,使就职；使入伍,GRE_abridged
induction,inˈdʌkʃən,n.,就职，入伍仪式；归纳,GRE_abridged
indurate,ˈindjuəreit,v.,使坚硬；使习惯于,GRE_abridged
inebriate,iˈniːbrieit,v.,使...醉 n. 酒鬼，酒徒,GRE_abridged
ineffable,inˈefəbl,a.,妙不可言的，难用语言表达的,GRE_abridged
ineffaceable,ˌiniˈfeisəbl,a.,抹不掉的,GRE_abridged
ineffectual,ˌiniˈfektjuəl,a.,无效的，徒劳无益的,GRE_abridged
inelasticity,ˌinilæsˈtisiti,n.,无弹性，无伸缩性,GRE_abridged
ineluctable,ˌiniˈlʌktəbl,a.,不可避免的，难免的,GRE_abridged
ineptitude,iˈneptitjuːd,n.,无能，不称职,GRE_abridged
inequity,inˈekwiti,n.,不公正，不公平,GRE_abridged
inexhaustible,ˌiniɡˈzɔːstəbl,a.,用不完的，取之不竭的,GRE_abridged
inexorable,inˈeksərəbl,a.,不为所动的，无情的；不可阻挡的,GRE_abridged
inexpedient,ˌiniksˈpiːdiənt,a.,不适当的，不明智的,GRE_abridged
inexpiable,inˈekspiəbl,a.,不能补偿的,GRE_abridged
inexplicable,inˈeksplikəbl,a.,无法解释的,GRE_abridged
infantile,ˈinfəntail,a.,（贬）幼稚的，孩子气的（尤指大孩子或成人）,GRE_abridged
infantry,ˈinfəntri,n.,步兵,GRE_abridged
infatuate,inˈfætjueit,v.,使迷恋；使糊涂,GRE_abridged
infatuated,inˈfætjueitid,a.,迷恋（人）的,GRE_abridged
infatuation,"in,fætjuˈeiʃən",n.,迷恋,GRE_abridged
infelicitous,ˌinfiˈlisitəs,a.,不幸的；不妥当的,GRE_abridged
infelicity,ˌinfiˈlisiti,n.,不幸；不恰当,GRE_abridged
infernal,inˈfəːnl,a.,地狱的；可恶的,GRE_abridged
inferno,inˈfəːnəu,n.,火海，地狱般的场所,GRE_abridged
infest,inˈfest,v.,（害虫）大批出没以扰乱,GRE_abridged
infiltrate,inˈfiltreit,v.,渗透，渗入,GRE_abridged
infinitesimal,inˌfinəˈtesiməl,a.,极微小的；n. 极小量,GRE_abridged
infirm,inˈfəːm,a.,虚弱的,GRE_abridged
inflame,inˈfleim,v.,使燃烧；激怒（某人）,GRE_abridged
inflamed,inˈfleimd,a.,发炎的,GRE_abridged
informed,inˈfɔːmd,a.,见多识广的；消息灵通的,GRE_abridged
informer,inˈfɔːmə,n.,告发者，告密者,GRE_abridged
infraction,inˈfrækʃən,n.,违法,GRE_abridged
infuriate,inˈfjuərieit,v.,使（人）极为愤怒,GRE_abridged
ingénue,ænʒeiˈnjuː,n.,天真无邪的少女,GRE_abridged
ingenuous,inˈdʒenjuəs,a.,纯朴的，单纯的，坦率的，天真的,GRE_abridged
ingest,inˈdʒest,v.,咽下，吞下,GRE_abridged
ingestion,inˈdʒestʃən,n.,摄取，吸收（食物）；容纳,GRE_abridged
ingrained,inˈɡreind,a.,根深蒂固的，极难除掉的,GRE_abridged
ingrate,inˈɡreit,n.,忘恩负义的人,GRE_abridged
ingratiate,inˈɡreiʃieit,v.,逢迎，讨好,GRE_abridged
ingratiating,inˈɡreiʃieitiŋ,a.,讨好的，谄媚的,GRE_abridged
ingress,ˈinɡres,n.,进入,GRE_abridged
inhale,inˈheil,v.,吸气,GRE_abridged
inhibitor,inˈhibitə(r),n.,抑制剂,GRE_abridged
inhumane,ˌinhju(ː)ˈmein,a.,不近人情的，残忍的,GRE_abridged
inimical,iˈnimikl,a.,敌意的，不友善的,GRE_abridged
inimitable,iˈnimitəbl,a.,无法仿效的，不可比拟的,GRE_abridged
iniquitous,iˈnikwitəs,a.,邪恶的，不公正的,GRE_abridged
iniquity,iˈnikwiti,n.,邪恶，不公正,GRE_abridged
injunction,inˈdʒʌŋkʃən,n.,命令，强制令,GRE_abridged
inkling,ˈiŋkliŋ,n.,暗示，迹象；略知，模糊概念,GRE_abridged
innocuous,iˈnɔkjuəs,a.,（行为，言论等）无害的,GRE_abridged
innuendo,ˌinjuˈendəu,n.,含沙射影，暗讽,GRE_abridged
inoculate,iˈnɔkjuleit,v.,预防注射，打预防针,GRE_abridged
inroad,ˈinrəud,n.,突袭；消耗,GRE_abridged
insatiable,inˈseiʃəbl,a.,不能满足的，贪心的,GRE_abridged
inscription,inˈskripʃən,n.,铭刻；题字,GRE_abridged
inscrutable,inˈskruːtəbl,a.,高深莫测的，不可理解的，神秘的,GRE_abridged
insecticide,inˈsektisaid,n.,杀虫剂,GRE_abridged
insensate,inˈsenseit,a.,无感觉的；蠢笨的,GRE_abridged
insentient,inˈsenʃənt,a.,无知觉的，无生命的,GRE_abridged
insidious,inˈsidiəs,a.,隐藏诡计的，暗中为害的,GRE_abridged
insignia,inˈsiɡniə,n.,徽章，袖章,GRE_abridged
insincerity,ˌinsinˈseriti,n.,伪善，不真诚,GRE_abridged
insipid,inˈsipid,a.,乏味的，枯燥的,GRE_abridged
insolate,ˈinsəuleit,v.,使曝晒,GRE_abridged
insolence,ˈinsələns,n.,傲慢，无礼,GRE_abridged
insoluble,inˈsɔljubl,a.,不溶解的；不能解决的,GRE_abridged
insolvency,inˈsɔlvənsi,n.,无力偿还；破产,GRE_abridged
insomnia,inˈsɔmniə,n.,失眠症,GRE_abridged
insouciance,inˈsuːsjəns,n.,漠不关心，漫不经心,GRE_abridged
insouciant,inˈsuːsiənt,a.,漫不经心的，漠不关心的,GRE_abridged
inspired,inˈspaiəd,a.,有创见的，有灵感的,GRE_abridged
instate,inˈsteit,v.,任命，安置,GRE_abridged
institutionalized,ˌinstiˈtjuːʃənəlaizd,a.,制度化的，有组织的,GRE_abridged
instrumentalist,instrəˈmentəlist,n.,乐器演奏者,GRE_abridged
insubordinate,ˌinsəˈbɔːdnit,a.,不服从的，反抗的,GRE_abridged
insubstantial,ˌinsəbˈstænʃəl,a.,非实体的；薄弱的，不坚实的,GRE_abridged
insularity,ˌinsjuˈlærəti,n.,"岛国状态，岛屿生活状况，与外界隔绝的生活状况；（思想, 观点等的）偏狭",GRE_abridged
insuperable,inˈsjuːpərəbl,a.,难以克服的,GRE_abridged
insurgent,inˈsəːdʒənt,a.,叛乱的，起事的；n. 叛乱分子,GRE_abridged
insurrection,ˌinsəˈrekʃən,n.,造反，叛乱,GRE_abridged
intangibility,"in,tændʒəˈbiləti",n.,无形，不可接触,GRE_abridged
inter,inˈtəː,v.,埋葬,GRE_abridged
intercessor,ˌintəˈsesə,n.,仲裁者，调解人,GRE_abridged
interchangeable,intəˈtʃeindʒəb（ə）l,a.,可互换的,GRE_abridged
interdict,intəˈdikt,v.,禁止；切断（补给线）,GRE_abridged
interdisciplinary,ˌintə(ː)ˈdisiplinəri,a.,跨学科的,GRE_abridged
interjection,ˌintəˈdʒekʃən,n.,插入语；感叹词,GRE_abridged
interlace,ˌintə(ː)ˈleis,v.,编织；交错,GRE_abridged
interlard,ˌintə(ː)ˈlɑːd,v.,使混杂，混入,GRE_abridged
interlock,ˌintəˈlɔk,v.,连锁，连串,GRE_abridged
interlocking,ˌintə(ː)ˈlɔkiŋ,a.,连锁的,GRE_abridged
interlocutor,ˌintə(ː)ˈlɔkjutə,n.,对话者，谈话者,GRE_abridged
interlope,ˌintə(ː)ˈləup,v.,（为图私利）干涉他人之事；闯入,GRE_abridged
interloper,ˈintələupə(r),n.,闯入者,GRE_abridged
interminable,inˈtəːminəbl,a.,（贬）无尽头的，持续过久的,GRE_abridged
intermingle,ˌintə(ː)ˈmiŋɡl,v.,混合，掺杂,GRE_abridged
intermission,ˌintə(ː)ˈmiʃən,n.,暂停，间歇,GRE_abridged
intern,inˈtəːn,v.,拘禁，软禁；n. 实习生,GRE_abridged
internecine,ˌintə(ː)ˈniːsain,a.,两败俱伤的,GRE_abridged
interpolate,inˈtəːpəuleit,v.,插入（言语，文字）；篡改,GRE_abridged
interpose,ˌintə(ː)ˈpəuz,v.,置于...之间；使介入，插手干涉,GRE_abridged
interregnum,ˌintə(ː)ˈreɡnəm,n.,无王时期,GRE_abridged
interrogative,ˌintəˈrɔɡətiv,a.,疑问的,GRE_abridged
intersperse,ˌintə(ː)ˈspəːs,v.,散布；点缀,GRE_abridged
interstice,inˈtəːstis,n.,细裂缝，空隙,GRE_abridged
intertwine,ˌintə(ː)ˈtwain,v.,纠缠，缠，绕,GRE_abridged
interweave,ˌintə(ː)ˈwiːv,v.,交织，编结,GRE_abridged
intestate,inˈtesteit,a.,未留遗嘱的,GRE_abridged
intestine,inˈtestin,n.,肠；a. 内部的,GRE_abridged
intractable,inˈtræktəbl,a.,倔强的；难管的,GRE_abridged
intransigent,inˈtrænsidʒənt,a.,不妥协的,GRE_abridged
introspective,ˌintrəuˈspektiv,a.,自省的，好反省的,GRE_abridged
intumescence,ˌintuːˈmesəns,n.,肿大，肿胀,GRE_abridged
inundate,ˈinəndeit,v.,淹没；泛滥,GRE_abridged
inured,iˈnjuəd,a.,习惯的,GRE_abridged
invective,inˈvektiv,n.,猛烈抨击，痛骂,GRE_abridged
inveigh,inˈvei,v.,痛骂，抨击,GRE_abridged
inveigle,inˈviːɡl,v.,诱骗，诱使,GRE_abridged
investiture,inˈvestitʃə,n.,（宗教）任职仪式，授权仪式,GRE_abridged
inveterate,inˈvetərit,a.,积习已深的,GRE_abridged
invidious,inˈvidiəs,a.,惹人反感的，导致伤害和仇恨的，招人嫉妒的,GRE_abridged
invigilate,inˈvidʒileit,v.,监考,GRE_abridged
invigorate,inˈviɡəreit,v.,鼓舞，激励，使精力充沛，使充满活力,GRE_abridged
invigorating,inˈviɡəreitiŋ,a.,使人有精神的，使人健壮的,GRE_abridged
inviolable,inˈvaiələbl,a.,不可侵犯的；不可亵渎的，神圣的,GRE_abridged
invoice,ˈinvɔis,n.,发票，发货清单；v. 给开发票,GRE_abridged
involuntary,inˈvɔləntəri,a.,无意的,GRE_abridged
invulnerable,inˈvʌlnərəbl,a.,无法伤害的,GRE_abridged
iodine,ˈaiədiːn,n.,碘；碘酒,GRE_abridged
iota,aiˈəutə,n.,极小量，极少,GRE_abridged
irascible,iˈræsibl,a.,易发怒的,GRE_abridged
irate,aiˈreit,a.,发怒的,GRE_abridged
ire,ˈaiə,n.,愤怒；v. 激怒,GRE_abridged
iridescence,ˌiriˈdesəns,n.,彩虹色,GRE_abridged
iridescent,ˌiriˈdesnt,a.,"因位置变动而变光的,闪彩光的",GRE_abridged
irk,əːk,v.,使苦恼的，厌烦,GRE_abridged
irksome,ˈəːksəm,a.,令人苦恼的，讨厌的,GRE_abridged
ironclad,aiənˈklæd,a.,装铁甲的；坚固的,GRE_abridged
irradiate,iˈreidieit,v.,使明亮，生辉,GRE_abridged
irradicable,iˈrædikəbl,a.,不能根除的,GRE_abridged
irredeemable,ˌiriˈdiːməbl,a.,无法挽回的,GRE_abridged
irreducible,ˌiriˈdjuːsəbl,,a.,GRE_abridged
irreducible,ˌiriˈdjuːsəbl,,[数]不能约的,GRE_abridged
irremediable,ˌiriˈmiːdiəbl,a.,无法治愈的，无法纠正的，无法挽回的,GRE_abridged
isotope,ˈaisəutəup,n.,同位素,GRE_abridged
isthmus,ˈisməs,n.,地峡,GRE_abridged
iterate,ˈitəreit,v.,重做，反复重申,GRE_abridged
itinerary,aiˈtinərəri,n.,行程表；旅行路线,GRE_abridged
jab,dʒæb,v.,猛刺,GRE_abridged
jabber,ˈdʒæbə,v.,快而不清楚地说,GRE_abridged
jade,dʒeid,n.,疲惫的老马；玉，翡翠,GRE_abridged
jaded,ˈdʒeidid,a.,（因厌倦而）疲惫的；（胶卷）暴光过分的,GRE_abridged
jagged,ˈdʒæɡid,a.,锯齿状的，不整齐的,GRE_abridged
jamb,dʒæm,n.,门窗的侧柱,GRE_abridged
jamboree,ˈdʒæmbəˈriː,n.,快乐、喧闹的集会,GRE_abridged
jarring,ˈdʒɑːriŋ,a.,声音刺耳的,GRE_abridged
jaundice,ˈdɔːndis,n.,（因嫉妒、猜忌等导致的）偏见；（病）黄疸,GRE_abridged
jaundiced,ˈdʒɔːndist,a.,有偏见的,GRE_abridged
jaunt,dʒɔːnt,n./v.,短程旅游,GRE_abridged
jaunty,ˈdʒɔːnti,a.,愉快的，满足的,GRE_abridged
jejune,dʒiˈdʒuːn,a.,（文）空洞的；不成熟的,GRE_abridged
jest,dʒest,v./n.,说笑，玩笑,GRE_abridged
jesting,ˈdʒestiŋ,a.,滑稽的；爱开玩笑的,GRE_abridged
jettison,ˈdʒetisən,n.,抛弃,GRE_abridged
jettison,ˈdʒetisn,v.,（船）向外抛弃东西；n. 抛弃的货物,GRE_abridged
jibe,dʒaib,v.,与...一致，符合；嘲笑,GRE_abridged
jingoism,ˈdʒiŋɡəuiz（ə）m,n.,沙文主义；侵略主义,GRE_abridged
jitters,ˈdʒitəs,v.,紧张不安,GRE_abridged
jocular,ˈdʒɔkjulə,a.,滑稽的，诙谐的；嬉戏的,GRE_abridged
jocund,ˈdʒɔkənd,a.,快乐的，高兴的,GRE_abridged
josh,dʒɔʃ,v.,戏弄，戏耍（无恶意地）,GRE_abridged
jostle,ˈdʒɔsl,v.,推挤；挤开通路,GRE_abridged
jot,dʒɔt,v.,匆匆记下，摘要记录,GRE_abridged
jounce,dʒauns,v.,颠簸地移动,GRE_abridged
jovial,ˈdʒəuviəl,a.,愉快的,GRE_abridged
jubilant,ˈdʒuːbilənt,a.,喜悦的，欢呼的,GRE_abridged
jubilation,dʒuːbiˈleiʃ（ə）n,n.,欢快，欢庆,GRE_abridged
judicious,dʒu(ː)ˈdiʃəs,a.,有判断力的；明智的,GRE_abridged
judiciousness,dʒu(ː)ˈdiʃəsnis,n.,明智,GRE_abridged
juggernaut,ˈdʒʌɡənɔːt,n.,（贬）摧毁一切的强大力量,GRE_abridged
jumpy,ˈdʒʌmpi,a.,紧张不安的，心惊肉跳的,GRE_abridged
jurisprudence,ˌdʒuərisˈpruːdəns,n.,法律学，法学,GRE_abridged
justifiable,ˈdʒʌstiˌfaiəbl,a.,有理由的，无可非议的,GRE_abridged
juxtapose,ˈdʒʌkstəpəuz,v.,并排，并置,GRE_abridged
kaleidoscope,kəˈlaidəskəup,n.,万花筒；产生有趣的对称效果,GRE_abridged
kaleidoscopic,kəˌlaidəˈskɔpik,a.,千变万化的,GRE_abridged
kangaroo,ˌkæŋɡəˈruː,n.,袋鼠,GRE_abridged
killjoy,ˈkildʒɔi,n.,令人扫兴的人,GRE_abridged
kindred,ˈkindrid,a.,同类的，同源的,GRE_abridged
kiosk,ˈkiːɔsk,n.,售货亭；电话亭,GRE_abridged
knack,næk,n.,特殊能力；窍门,GRE_abridged
knave,neiv,n.,流氓，恶棍,GRE_abridged
knead,niːd,v.,揉制，捏制（面团、湿黏土等）,GRE_abridged
knoll,nəul,n.,小山；小圆丘,GRE_abridged
know-how,ˈnəu hau,n.,专业技能，知识,GRE_abridged
kudos,ˈkjuːdɔs,n.,荣誉,GRE_abridged
labile,ˈleibail,a.,（化）不稳定的,GRE_abridged
labored,ˈleibəd,a.,吃力的；（文体等）不自然的,GRE_abridged
lacerate,ˈlæsəreit,v.,撕裂；深深伤害（感情）,GRE_abridged
laceration,ˌlæsəˈreiʃən,n.,撕裂；裂口,GRE_abridged
lachrymose,ˈlækriməus,a.,好流泪的；引人落泪的,GRE_abridged
lackadaisical,ˌlækəˈdeizikəl,a.,无精打采的；无兴趣的,GRE_abridged
lackey,ˈlæki,n.,卑躬屈膝者，走卒,GRE_abridged
lackluster,"ˈlæk,lʌstə",a.,无光泽的；呆滞的,GRE_abridged
laconic,ləˈkɔnik,a.,简洁的,GRE_abridged
lactic,ˈlæktik,a.,乳汁的,GRE_abridged
ladle,ˈleidl,n.,杓子，长柄杓,GRE_abridged
laggard,ˈlæɡəd,a.,缓慢的；落后的；n. 落后者,GRE_abridged
lair,leə,n.,野兽的巢穴；躲藏处,GRE_abridged
laity,ˈleiiti,n.,（有别于教士的）俗信徒，俗人阶级；外行,GRE_abridged
lambaste,læmˈbeist,v.,痛打；痛骂,GRE_abridged
lamentable,ˈlæməntəbl,a.,令人惋惜的，悔恨的,GRE_abridged
laminate,ˈlæmineit,v.,切成薄板（片）,GRE_abridged
lampoon,læmˈpuːn,n.,讽刺文章；v. 讽刺,GRE_abridged
lance,lɑːns;læns,v.,切开 n. 长矛；鱼叉,GRE_abridged
lancet,ˈlɑːnsit,n.,手术刀,GRE_abridged
landfill,ˈlændfil,n.,垃圾堆,GRE_abridged
landlocked,ˈlændlɔkt,a.,被陆地包围的,GRE_abridged
landslide,ˈlændslaid,n.,山崩；压倒性胜利,GRE_abridged
languor,ˈlæŋɡə,n.,身心疲惫,GRE_abridged
lank,læŋk,a.,（人）瘦长的；（毛发）平直而软的,GRE_abridged
lapidary,ˈlæpidəri,n.,宝石工，宝石专家,GRE_abridged
lapse,læps,n.,失误，小错；（时间等）流逝,GRE_abridged
lard,lɑːd,v.,使丰富，使充满,GRE_abridged
larder,ˈlɑːdə,n.,食品室,GRE_abridged
largess,ˈlɑːdʒes,n.,赠送，赏赐；赠品；贺礼,GRE_abridged
largesse,lɑːˈdʒes,n.,慷慨援助；施舍,GRE_abridged
lark,lɑːk,n./v.,玩乐，嬉耍,GRE_abridged
lassitude,ˈlæsitjuːd,n.,疲倦；没精打采,GRE_abridged
lasso,ˈlæsəu,n.,套索（捕捉牛、马用）,GRE_abridged
latch,lætʃ,n.,门闩；v. 用门闩闩牢,GRE_abridged
latency,ˈleitənsi,n.,潜伏期,GRE_abridged
lateral,ˈlætərəl,a.,侧面的；从侧面的；向侧面的,GRE_abridged
lathe,leið,n.,车床,GRE_abridged
lattice,ˈlætis,n.,（做篱笆或爬藤架等的）格子架,GRE_abridged
lave,leiv,v.,洗浴；（水）冲刷，沿...流淌,GRE_abridged
laxative,ˈlæksətiv,a.,（药）通便的；放松的；n. 轻泻药,GRE_abridged
layover,ˈleiəuvə,n.,旅途中的短暂停留,GRE_abridged
leach,liːtʃ,v.,过滤,GRE_abridged
leakage,ˈliːkidʒ,n.,渗漏，漏出,GRE_abridged
leaven,ˈlevən,n.,发酵剂；影响力；v. 发酵；影响,GRE_abridged
lectern,ˈlektə(ː)n,n.,教堂里的读经台,GRE_abridged
ledger,ˈledʒə,n.,账簿,GRE_abridged
leer,liə,v.,（挑逗性地）斜眼看，送秋波,GRE_abridged
leery,ˈliəri,a.,机警的，怀疑的,GRE_abridged
leeward,ˈliːwəd,a.,顺风的,GRE_abridged
leeway,ˈliːwei,n.,（可供活动的）余地,GRE_abridged
legerdemain,ˌledʒədəˈmein,n.,手法，戏法，障眼法,GRE_abridged
legion,ˈliːdʒən,n.,兵团；一大群,GRE_abridged
leisureliness,leˈʒəlinis,n.,悠然，从容,GRE_abridged
lesion,ˈliːʒən,n.,伤口；损害,GRE_abridged
lethargic,leˈθɑːdʒik,a.,昏睡的,GRE_abridged
levee,ˈlevi,n.,防洪堤；堤岸,GRE_abridged
levelheaded,ˈlevəlˈhedid,a.,头脑冷静的，稳健的,GRE_abridged
levity,ˈleviti,n.,轻率；轻浮,GRE_abridged
lexical,ˈleksikəl,a.,词汇的；词典的,GRE_abridged
lexicographer,ˌleksiˈkɔɡrəfə,n.,词典编纂人,GRE_abridged
lexicon,ˈleksikən,n.,词典,GRE_abridged
libel,ˈlaibəl,v./n.,（文字）诽谤，中伤,GRE_abridged
libelous,ˈlaibələs,a.,诽谤的,GRE_abridged
liberality,ˌlibəˈræliti,n.,慷慨；心胸开阔,GRE_abridged
libertine,ˈlibə(ː)tiːn,n.,性行为放纵者，浪荡的人,GRE_abridged
libido,liˈbaidəu,n.,性欲；生命力,GRE_abridged
libretto,liˈbretəu,n.,（歌剧等）歌词；剧本,GRE_abridged
licentious,laiˈsenʃəs,a.,纵欲的，淫乱的；放肆的，漠视行为规范的,GRE_abridged
licit,ˈlisit,a.,不禁止的，合法的,GRE_abridged
lien,ˈli(ː)ən,n.,扣押权；留置权,GRE_abridged
ligature,ˈliɡətʃuə,n.,绑缚之物（尤指系住血管以免失血的线）,GRE_abridged
ligneous,ˈliɡniəs,a.,木质的，木头的,GRE_abridged
liken,ˈlaikən,v.,把...比作...,GRE_abridged
limber,ˈlimbə,a.,易弯曲的；柔软的,GRE_abridged
limbo,ˈlimbəu,n.,不稳定，中间状态,GRE_abridged
limerick,ˈlimərik,n.,五行打油诗,GRE_abridged
limn,lim,v.,描写；画,GRE_abridged
limousine,ˈliməziːn,n.,大型轿车，大客车,GRE_abridged
lineage,ˈliniidʒ,n.,宗系，血统,GRE_abridged
lineal,ˈliniəl,a.,直系的，嫡系的,GRE_abridged
lineaments,ˈliniəmənts,n.,（面部等的）特征；轮廓,GRE_abridged
lingual,ˈliŋɡwəl,a.,舌的；语言的,GRE_abridged
linoleum,liˈnəuliəm,n.,油毡,GRE_abridged
lint,lint,n.,（裹伤用的）纱布,GRE_abridged
lionize,ˈlaiənaiz,v.,崇拜，看重,GRE_abridged
liquefy,ˈlikwifai,v.,（使）液化；（使）溶解,GRE_abridged
liquidate,ˈlikwideit,v.,清算（债务）；清偿（债务）,GRE_abridged
lissome,ˈlisəm,a.,姿态优雅的，柔软的,GRE_abridged
literati,ˌlitəˈrɑːti,n.,文人；学者（复数）,GRE_abridged
litigant,ˈlitiɡənt,n.,诉讼当事人,GRE_abridged
litigation,ˌlitiˈɡeiʃən,n.,诉讼,GRE_abridged
littoral,ˈlitərəl,a.,海岸的；n. 海滨，沿海地区,GRE_abridged
livid,ˈlivid,a.,（伤）青灰色的；（脸色）苍白的）；狂怒的,GRE_abridged
loam,ləʊm,n.,沃土（a rich soil）,GRE_abridged
lobe,ləub,n.,耳垂；（肺、肝等的）叶,GRE_abridged
locale,ləuˈkɑːl,n.,事件发生的现场、地点,GRE_abridged
locus,ˈləukəs,n.,地点，所在地,GRE_abridged
locust,ˈləukəst,n.,蝗虫；贪吃的人,GRE_abridged
locution,ləuˈkjuːʃən,n.,语言风格；惯用语,GRE_abridged
lode,ləud,n.,矿脉,GRE_abridged
loft,lɔft,n.,阁楼，顶楼,GRE_abridged
logjam,ˈlɔɡdʒæm,n.,浮木阻塞；阻塞状态；僵局,GRE_abridged
loiter,ˈlɔitə,v.,游荡；徘徊,GRE_abridged
loll,lɔl,v.,懒洋洋地坐或卧,GRE_abridged
long-winded,ˌlɔŋˈwindid,a.,（演讲或写作）冗长的,GRE_abridged
longing,ˈlɔŋiŋ,n.,渴望,GRE_abridged
loon,luːn,n.,愚人；疯子,GRE_abridged
lope,ləup,n.,轻快的步伐；v. 使大步慢跑；跳跃,GRE_abridged
lopsided,ˈlɔpˈsaidid,a.,倾向一方的，不平衡的,GRE_abridged
loquacious,ləuˈkweiʃəs,a.,多话的,GRE_abridged
lore,lɔː,n.,知识；传说,GRE_abridged
lout,laut,n.,粗人,GRE_abridged
loutish,ˈlautiʃ,a.,粗鲁的,GRE_abridged
lowbred,ˌləuˈbred,a.,粗野的，鲁莽的,GRE_abridged
lubricious,ljuːˈbriʃəs,a.,光滑的；好色的,GRE_abridged
lucid,ˈluːsid,a.,表达清楚的，明白易懂的,GRE_abridged
lucre,ˈluːkə,,n.,GRE_abridged
lucre,ˈluːkə,,[贬]钱，利益,GRE_abridged
lucubrate,ˈljuːkju(ː)breit,v.,刻苦攻读，埋头苦干,GRE_abridged
ludicrous,ˈluːdikrəs,a.,荒唐可笑的,GRE_abridged
lug,lʌɡ,v./n.,拖，拉,GRE_abridged
lukewarm,ˈljuːkwɔːm,a.,微温的，不冷不热的；不热心的,GRE_abridged
lullaby,ˈlʌləbai,n.,摇篮曲,GRE_abridged
lumberjack,ˈlʌmbədʒæk,n.,伐木工,GRE_abridged
lumen,ˈljuːmin,n.,流明（光通量单位）,GRE_abridged
luminary,ˈljuːminəri,n.,杰出人物，名人,GRE_abridged
lunatic,ˈljuːnətik,n.,疯子；a. 极蠢的,GRE_abridged
lurch,ləːtʃ,n.,突然向前或旁边倒；v. 蹒跚而行,GRE_abridged
lurid,ˈljuərid,a.,耀眼的；骇人听闻的,GRE_abridged
luscious,ˈlʌʃəs,a.,美味的；肉感的,GRE_abridged
lust,lʌst,n.,（贬）强烈的欲望,GRE_abridged
lustrous,ˈlʌstrəs,a.,有光泽的,GRE_abridged
lymphatic,limˈfætik,a.,无力的；迟缓的,GRE_abridged
lynch,lintʃ,v.,私刑处死,GRE_abridged
macabre,məˈkɑːbə,a.,骇人的，可怖的,GRE_abridged
macerate,ˈmæsəreit,v.,浸软；消瘦,GRE_abridged
machination,mækiˈneiʃ（ə）n,n.,阴谋,GRE_abridged
mackintosh,ˈmækintɔʃ,n.,雨衣；防水胶布,GRE_abridged
maculate,ˈmækjuleit,a.,有斑点的,GRE_abridged
maculated,ˈmækjuleitid,a.,有斑点的,GRE_abridged
madcap,ˈmædkæp,a.,轻率的；狂妄的,GRE_abridged
madrigal,ˈmɑːdriɡəl,n.,抒情短诗，情歌，合唱曲,GRE_abridged
maelstrom,ˈmeilstrəm,n.,大漩涡；大混乱,GRE_abridged
maestro,ˈmaistrəu,n.,艺术大师；音乐大师,GRE_abridged
magenta,məˈdʒentə,n./a.,紫红色（的）；n. 紫红色的染料,GRE_abridged
magisterial,ˌmædʒisˈtiəriəl,a.,有权威的；威风的,GRE_abridged
magnanimity,ˌmæɡnəˈnimiti,n.,慷慨,GRE_abridged
magnanimous,mæɡˈnæniməs,a.,宽宏大量的，慷慨的,GRE_abridged
magnate,ˈmæɡneit,n.,财主，巨头,GRE_abridged
magniloquent,mæɡˈniləkwənt,a.,夸张的,GRE_abridged
magpie,ˈmæɡpai,n.,喜鹊；多话的人,GRE_abridged
maize,meiz,n.,玉米,GRE_abridged
makeshift,ˈmeikʃift,n./a.,代用品（的）；权宜之计（的）,GRE_abridged
maladroit,ˌmæləˈdrɔit,a.,笨拙的,GRE_abridged
malaise,mæˈleiz,n.,不适，不舒服,GRE_abridged
malapropism,ˈmæləˈprɔpizəm,n.,字词的误用,GRE_abridged
malediction,ˌmæliˈdikʃən,n.,诅咒,GRE_abridged
malefactor,ˈmælifæktə,n.,罪犯，作恶者,GRE_abridged
maleficent,məˈlefisnt,a.,有害的，犯罪的,GRE_abridged
malfeasance,mælˈfiːzəns,n.,不法行为，渎职,GRE_abridged
malfunction,mælˈfʌŋkʃən,v.,发生故障；n. 故障，障碍,GRE_abridged
malinger,məˈliŋɡə,v.,装病以逃避工作,GRE_abridged
mallet,ˈmælit,n.,木槌，大头锤,GRE_abridged
malodor,mæˈləudə,n.,恶臭,GRE_abridged
manacle,ˈmænəkl,n.,手铐,GRE_abridged
mangy,ˈmeindʒi,a.,（兽）患疥癣的；污秽的,GRE_abridged
manifesto,ˌmæniˈfestəu,n.,宣言，声明,GRE_abridged
mannered,ˈmænəd,a.,做作的,GRE_abridged
manumit,ˌmænjuˈmit,v.,解放（奴隶）,GRE_abridged
maple,ˈmeipl,n.,枫树（枫树是加拿大的国树）,GRE_abridged
maraud,məˈrɔːd,v.,抢劫，掠夺,GRE_abridged
marbled,ˈmɑːbld,a.,有大理石花纹样的；肥瘦混合的,GRE_abridged
mare,ˈmeəri,n.,母马，母驴,GRE_abridged
margarine,mɑːdʒəˈriːn,n.,人造黄油,GRE_abridged
mariner,ˈmærinə,n.,水手，海员,GRE_abridged
marionette,ˌmæriəˈnet,n.,牵线木偶,GRE_abridged
maroon,məˈruːn,n./a.,栗色（的），很深的红棕色（的）,GRE_abridged
marred,mɑrd,a.,受伤的；毁坏变形的,GRE_abridged
marrow,ˈmærəu,n.,骨髓；精华,GRE_abridged
marsupial,mɑːˈsjuːpjəl,n./a.,有袋动物（的）,GRE_abridged
martial,ˈmɑːʃəl,a.,战争的，军事的,GRE_abridged
mash,mæʃ,v.,捣成糊状,GRE_abridged
masquerade,ˌmæskəˈreid,n.,化装舞会；v. 伪装,GRE_abridged
mastermind,ˈmæstəmaind,n.,策划，设计者,GRE_abridged
masticate,ˈmæstikeit,v.,咀嚼；把...磨成浆,GRE_abridged
matador,ˈmætədɔː,n.,斗牛士,GRE_abridged
matriarchy,ˈmeitriːˌɑːkiː,n.,母权制；妇女统治,GRE_abridged
matriculate,məˈtrikjuleit,v.,录取,GRE_abridged
matrix,ˈmeitriks,n.,模子，铸模；矩阵,GRE_abridged
matte,mæt,a.,无光泽的,GRE_abridged
mattress,ˈmætris,n.,床垫,GRE_abridged
maudlin,ˈmɔːdlin,a.,感情脆弱的，爱哭的（尤指酒后）,GRE_abridged
maul,mɔːl,v.,撕裂皮肉，伤害,GRE_abridged
maunder,ˈmɔːndə,v.,胡扯；游荡,GRE_abridged
mauve,məuv,a.,淡紫色的,GRE_abridged
maven,ˈmeivin,n.,专家，内行,GRE_abridged
maverick,ˈmævərik,n.,想法与众不同的人，持独特见解者,GRE_abridged
mawkish,ˈmɔːkiʃ,a.,伤感的；淡而无味的；令人作呕的,GRE_abridged
mayhem,ˈmeihem,n.,严重伤害罪,GRE_abridged
mealy,ˈmiːli,a.,粉状的；肤色不健康的，苍白的,GRE_abridged
measly,ˈmiːzli,a.,患麻疹的；（大小，数量，价值）小得可怜的,GRE_abridged
measured,ˈmeʒəd,a.,精确的；慎重的,GRE_abridged
meddlesome,ˈmedlsəm,a.,爱管闲事的,GRE_abridged
medicate,ˈmedikeit,v.,用药医治，加入药物,GRE_abridged
mediocrity,ˌmiːdiˈɔkriti,n.,平庸，碌碌无为,GRE_abridged
meditate,ˈmediteit,v.,沉思，反省,GRE_abridged
meditation,mediˈteiʃən,n.,沉思，冥想,GRE_abridged
medley,ˈmedli,n.,混合歌曲；混杂；各种各样的集团,GRE_abridged
megalomania,ˌmeɡələuˈmeinjə,n.,自大狂,GRE_abridged
melancholy,ˈmelənkəli,a.,忧郁的，令人悲伤的,GRE_abridged
meld,meld,v.,（使）混合，（使）合并,GRE_abridged
mellifluous,meˈlifluəs,a.,（音乐等）柔美流畅的，嗓音甜美动听的,GRE_abridged
melodrama,ˈmelədrɑːmə,n.,情节剧；音乐戏剧,GRE_abridged
memento,meˈmentəu,n.,纪念品,GRE_abridged
memoir,ˈmemwɑː,n.,回忆录，自传；记事录,GRE_abridged
mendacious,menˈdeiʃəs,a.,不真的；撒谎的,GRE_abridged
mendacity,menˈdæsiti,n.,虚假,GRE_abridged
mendicant,ˈmendikənt,a.,行乞的；n. 乞丐,GRE_abridged
menthol,ˈmenθɔl,n.,薄荷醇,GRE_abridged
mercenary,ˈməːsinəri,a.,惟利是图的，只为金钱的；n. 雇佣兵,GRE_abridged
mercurial,məːˈkjuəriəl,a.,善变的；活泼的,GRE_abridged
meretricious,ˌmeriˈtriʃəs,a.,华而不实的，俗艳的,GRE_abridged
merited,ˈmeritid,a.,该得的，理所当然的,GRE_abridged
mermaid,ˈməːmeid,n.,美人鱼,GRE_abridged
mesa,ˈmeisə,n.,高台地，平顶山,GRE_abridged
mesh,meʃ,v.,用网捕捉；（齿轮）齿合,GRE_abridged
mesmerism,ˈmezmərizəm,n.,催眠术，催眠状态,GRE_abridged
mesmerize,ˈmezməraiz,v.,对...催眠；迷住,GRE_abridged
metallurgy,meˈtælədʒi,n.,冶金,GRE_abridged
metamorphose,ˌmetəˈmɔːfəuz,v.,变形,GRE_abridged
metaphysical,ˌmetəˈfizikəl,a.,形而上学的，玄学的,GRE_abridged
metaphysics,ˌmetəˈfiziks,n.,形而上学，玄学,GRE_abridged
mete,miːt,v.,给予，分配；测量；n. 边界,GRE_abridged
meteoric,ˌmiːtiˈɔrik,a.,流星的；昙花一现的，短暂的,GRE_abridged
metrical,ˈmetrik（ə）l,a.,测量的；韵律的，诗体的,GRE_abridged
mettle,ˈmet（ə）l,n.,勇气，斗志,GRE_abridged
mettlesome,ˈmet（ə）lsəm,a.,（褒）精神抖擞的，有斗志的,GRE_abridged
miasma,miˈæzmə,n.,瘴气；不健康的环境或影响,GRE_abridged
midget,ˈmidʒit,n.,侏儒,GRE_abridged
mien,miːn,n.,风采，态度,GRE_abridged
miff,mif,n.,小争吵,GRE_abridged
migratory,ˈmaiɡrətəri,a.,迁移的，流浪的,GRE_abridged
minaret,ˈminəret,n.,清真寺的尖塔（伊斯兰教宣礼塔）,GRE_abridged
minatory,ˈminətəri,a.,威胁的，恫吓的,GRE_abridged
mince,mins,v.,切碎；（贬）装腔作势地小步走路,GRE_abridged
minion,ˈminjən,n.,奴才，低下之人,GRE_abridged
minnow,ˈminəu,n.,鲦鱼，小淡水鱼,GRE_abridged
minuet,ˌminjuˈet,n.,小步舞,GRE_abridged
minuscule,miˈnʌskjuːl,a.,极小的,GRE_abridged
minutes,maiˈnjuːt,n.,会议记录,GRE_abridged
minutia,maiˈnjuːʃiə,n.,细枝末节，细节,GRE_abridged
mirage,ˈmirɑːʒ,n.,幻影，海市蜃楼,GRE_abridged
mire,ˈmaiə,n.,泥沼；困境；v. 使...陷入困境,GRE_abridged
mirth,məːθ,n.,欢乐，欢笑,GRE_abridged
misanthrope,ˈmisənθrəup,n.,愤世嫉俗者,GRE_abridged
miscellany,miˈseləni,n.,混合物,GRE_abridged
mischievous,ˈmistʃivəs,a.,淘气的，顽皮的，爱胡闹的；有害处的,GRE_abridged
miscreant,ˈmiskriənt,n.,恶棍，歹徒,GRE_abridged
misinform,ˈmisinˈfɔːm,v.,向...提供错误信息,GRE_abridged
misnomer,ˈmisˈnəumə,n.,名字的误用,GRE_abridged
misperceive,ˌmispəˈsiːv,v.,误解,GRE_abridged
misrepresent,ˈmisˌrepriˈzent,v.,误传，歪曲,GRE_abridged
misshapen,misˈʃeipən,a.,畸形的，奇形怪状的,GRE_abridged
missive,ˈmisiv,n.,信件；（尤指）公函,GRE_abridged
mistimed,ˌmisˈtaimd,a.,不合时机的,GRE_abridged
mistral,ˈmistrəl,n.,寒冷干燥的强风,GRE_abridged
mite,mait,n.,极小量；小虫，螨虫,GRE_abridged
mitten,ˈmitn,n.,（四指套在一起拇指分开的）连指手套,GRE_abridged
mnemonics,niːˈmɔniks,n.,记忆法，记忆规则,GRE_abridged
moat,məut,n.,壕沟；护城河,GRE_abridged
mobility,məuˈbiliti,n.,可动性，流动性,GRE_abridged
modicum,ˈmɔdikəm,n.,少量,GRE_abridged
modish,ˈməudiʃ,a.,时髦的,GRE_abridged
mogul,ˈməuɡl,n.,显要人物，权势之人,GRE_abridged
molar,ˈməulə,n.,臼齿（靠里面的用于咬硬物的大牙齿）,GRE_abridged
molding,ˈməuldiŋ,n.,装饰线条；用模子制作的铸造物,GRE_abridged
molest,məuˈlest,v.,骚扰，干扰,GRE_abridged
mollycoddle,ˈmɔlikɔdl,v.,过分爱惜，娇惯；n. 娇生惯养的人,GRE_abridged
molt,məult,v.,换羽，脱毛；n. 换羽（期），脱毛（期）,GRE_abridged
monastery,ˈmɔnəstri,n.,男修道院，僧院,GRE_abridged
mongrel,ˈmʌŋɡrəl,n.,杂种动物；混血儿,GRE_abridged
monochromatic,ˈmɔnəukrəuˈmætik,a.,单色的,GRE_abridged
monochrome,ˈmɔnəukrəum,a.,单色的，单色画的,GRE_abridged
monocle,ˈmɔnɔkl,n.,单片眼镜,GRE_abridged
monogamy,mɔˈnɔɡəmi,n.,一夫一妻制,GRE_abridged
monograph,ˈmɔnəuɡrɑːf,n.,专题论文,GRE_abridged
monolithic,ˌmɔnəˈliθik,a.,整块巨石的；巨大的,GRE_abridged
monologue,ˈmɔnəlɔɡ,n.,（电影、戏剧中的）独白；个人长篇演说,GRE_abridged
monomania,ˌmɔnəuˈmeinjə,n.,偏狂症，狂热病（为单一想法、事物而狂热的病）,GRE_abridged
monotone,ˈmɔnəutəun,a.,单调的,GRE_abridged
monsoon,mɔnˈsuːn,n.,季雨，季风,GRE_abridged
montage,mɔnˈtɑːʒ,n.,蒙太奇（由许多部分组合而成的画面、影片、音乐或文字）；拼集画,GRE_abridged
moor,muə,n.,旷野地，荒野；v. 使（船）停泊,GRE_abridged
mope,məup,v./n.,抑郁不乐，生闷气,GRE_abridged
moralistic,mɔrəˈlistik,a.,（贬）道学气的，道德说教的,GRE_abridged
morass,məˈræs,n.,沼泽地；困境；v. 陷入困境,GRE_abridged
moratorium,ˌmɔrəˈtɔːriəm,n.,（经官方同意的）停止偿付；暂停活动,GRE_abridged
mordant,ˈmɔːdənt,a.,讥讽的，尖酸的,GRE_abridged
mores,ˈmɔːriːz,n.,风俗习惯，道德观念,GRE_abridged
moribund,ˈmɔ(ː)ribʌnd,a.,即将结束的；垂死的,GRE_abridged
morose,məˈrəus,a.,阴郁的，闷闷不乐的,GRE_abridged
morsel,ˈmɔːsəl,n.,一小块（食物）；小量,GRE_abridged
mortar,ˈmɔːtə,n.,乳钵；迫击炮,GRE_abridged
mortification,ˈmɔːtifiˈkeiʃən,n.,耻辱，屈辱,GRE_abridged
mortify,ˈmɔːtifai,v.,使屈辱，使痛心,GRE_abridged
mortuary,ˈmɔːtjuəri,n.,停尸间，太平间,GRE_abridged
mosque,mɔsk,n.,清真寺（伊斯兰教的寺庙）,GRE_abridged
mote,məut,n.,微粒，微尘,GRE_abridged
motile,ˈməutail,a.,能动的，有自动力的,GRE_abridged
motility,məuˈtiliti,n.,运动性，游动性,GRE_abridged
motley,ˈmɔtli,a.,混杂的；杂色的,GRE_abridged
mottle,ˈmɔtl,v.,使成杂色,GRE_abridged
motto,ˈmɔtəu,n.,座右铭；格言,GRE_abridged
mountebank,ˈmauntibæŋk,n.,江湖郎中，骗子,GRE_abridged
mournful,ˈmɔːnful,a.,悲伤的,GRE_abridged
muck,mʌk,n.,堆肥，淤泥；v. 施肥；捣乱,GRE_abridged
muffle,ˈmʌfl,v.,使声音降低；裹住,GRE_abridged
muffled,ˈmʌfld,a.,（声音）压低的,GRE_abridged
muffler,ˈmʌflə,n.,消音器；围巾,GRE_abridged
muggy,ˈmʌɡi,a.,（天气）闷热而潮湿的,GRE_abridged
mulct,mʌlkt,n.,罚金v. 处以罚金；诈取，诈骗,GRE_abridged
mulish,ˈmjuːliʃ,a.,骡一样的，执拗的，顽固的,GRE_abridged
mull,mʌl,v.,思考，思索；n. 混乱,GRE_abridged
multifarious,ˌmʌltiˈfeəriəs,a.,多种的，各式各样的,GRE_abridged
multiplicity,ˌmʌltiˈplisiti,n.,多样性,GRE_abridged
mumble,ˈmʌmbl,v.,咕哝，含糊不清地说,GRE_abridged
munch,mʌntʃ,v.,出声咀嚼,GRE_abridged
munificence,mjuːˈnifisəns,n.,慷慨，礼物的丰厚,GRE_abridged
muniments,ˈmjuːnimənts,n.,契据，房契,GRE_abridged
munition,mjuːˈniʃən,n.,军火，弹药,GRE_abridged
murky,ˈməːki,a.,黑暗的；朦胧的,GRE_abridged
muse,mjuːz,v.,沉思，冥想,GRE_abridged
musket,ˈmʌskit,n.,旧式步枪，毛瑟枪,GRE_abridged
musky,ˈmʌski,a.,麝香的,GRE_abridged
muster,ˈmʌstə,v.,召集，聚集,GRE_abridged
musty,ˈmʌsti,a.,发霉的，有霉臭的,GRE_abridged
mutate,mjuːˈteit,v.,（生）变异,GRE_abridged
muted,ˈmjuːtid,a.,（声音）减弱的，变得轻柔的,GRE_abridged
mutilate,ˈmjuːtileit,v.,残害；切断（肢体）,GRE_abridged
mutineer,ˌmjuːtiˈniə,n.,反叛者，背叛者,GRE_abridged
mutinous,ˈmjuːtinəs,a.,叛变的；反抗的,GRE_abridged
mutton,ˈmʌtn,n.,羊肉,GRE_abridged
muzzy,ˈmʌziː,a.,头脑糊涂的,GRE_abridged
myopia,maiˈəupiə,n.,（医）近视；缺乏远见,GRE_abridged
myopic,maiˈɔpik,a.,近视眼的；缺乏远见的,GRE_abridged
mystic,ˈmistik,a.,（尤指宗教方面）神秘的，不可思议的；n. 神秘主义者（寻求人神交融以求人类不解之真理者）,GRE_abridged
nadir,ˈneidiə,n.,最低点,GRE_abridged
nag,næɡ,v.,（贬）不断挑剔或批评某人；不断烦扰或伤害某人,GRE_abridged
narcissism,ˈnɑː sisizəm,n.,自恋，自爱，自我陶醉,GRE_abridged
narcissist,ˈnɑːsisist,n.,自负的人，自恋者,GRE_abridged
narcotic,nɑːˈkɔtik,n.,催眠或麻醉药；a. 催眠的，麻醉的,GRE_abridged
nasal,ˈneizəl,a.,鼻的；有鼻音的,GRE_abridged
nascent,ˈnæsnt,a.,初生的，萌芽的,GRE_abridged
natal,ˈneitəl,a.,出生时的，诞生时的，先天的,GRE_abridged
natation,neiˈteiʃən,n.,游泳，游泳术,GRE_abridged
natty,ˈnæti,a.,整洁漂亮的；灵巧聪明的,GRE_abridged
nausea,ˈnɔːsjə,n.,作呕，恶心,GRE_abridged
nauseate,ˈnɔːsieit,v.,使作呕，使厌恶,GRE_abridged
nautical,ˈnɔːtikəl,a.,船员的，航海的,GRE_abridged
naysay,ˈneisei,v.,拒绝，说不,GRE_abridged
naysayer,"ˈnei,seiə",n.,怀疑者，否定者,GRE_abridged
nebulous,ˈnebjuləs,a.,模糊不清的；云状的,GRE_abridged
necessitous,niˈsisitəs,a.,贫困的；急需的,GRE_abridged
necropolis,nəˈkrɔpəlis,n.,大墓地，公墓,GRE_abridged
needlework,ˈniːd（ə）lwəːk,n.,缝纫，刺绣,GRE_abridged
nefarious,niˈfeəriəs,a.,违法的，邪恶的,GRE_abridged
nemesis,niˈmisis,n.,报应，天罚,GRE_abridged
neologism,niːˈɔlədʒiz（ə）m,n.,新字，新词,GRE_abridged
neonate,ˈniːəneit,n.,初生儿,GRE_abridged
neophyte,ˈni(ː)əufait,n.,初学者，新手,GRE_abridged
nephritis,neˈfraitis,n.,肾炎,GRE_abridged
nepotism,ˈnepətizəm,n.,裙带关系（给亲属以特别优待，开小灶）,GRE_abridged
nestle,ˈnesl,v.,舒适地安顿；依偎,GRE_abridged
nestling,ˈnesliŋ,n.,尚未离巢的小鸟,GRE_abridged
nethermost,ˈneðəməust,a.,最低的，最下方的,GRE_abridged
nettle,ˈnetl,n.,荨麻；v. 烦忧，激恼,GRE_abridged
neurology,njuəˈrɔlədʒi,n.,神经学,GRE_abridged
neurosis,njuəˈrəusis,n.,精神病,GRE_abridged
nexus,ˈneksəs,n.,（看法等的）联系，连结,GRE_abridged
nib,nib,n.,钢笔尖,GRE_abridged
nick,nik,n.,小伤口，刻痕,GRE_abridged
nicotine,ˈnikətiːn,n.,尼古丁,GRE_abridged
nifty,ˈnifti,a.,漂亮的，妙的,GRE_abridged
niggard,ˈniɡəd,n.,吝啬鬼,GRE_abridged
niggling,ˈniɡliŋ,a.,琐碎的,GRE_abridged
nihilism,ˈnaiilizəm,n.,虚无主义（生存无意义）；民粹主义（消灭一切旧体系建立新制度）,GRE_abridged
nip,nip,v.,小口啜饮,GRE_abridged
nippers,ˈnipəz,n.,钳子，镊子,GRE_abridged
nipping,ˈnipiŋ,a.,尖酸的；刺骨的,GRE_abridged
nippy,ˈnipi,a.,寒冷刺骨的，刺鼻的,GRE_abridged
nitpick,ˈnitpik,v.,挑剔小细节，吹毛求疵,GRE_abridged
noisome,ˈnɔisəm,a.,恶臭的；令人不快的,GRE_abridged
nomad,ˈnəumæd,n.,流浪者；游牧部落的人,GRE_abridged
nonchalance,ˈnɔnʃələns,n.,冷漠，不感兴趣，缺少关怀；沉着,GRE_abridged
nonchalant,ˈnɔnʃələnt,a.,冷漠的，不感兴趣的；沉着的,GRE_abridged
noncommittal,ˈnɔnˈkɔmitəl,a.,态度不表明的；不承担义务的,GRE_abridged
nonconformist,ˈnɔnkənˈfɔmist,adj./n.,不遵照传统生活的（人）,GRE_abridged
nonentity,nɔˈnentiti,n.,不重要之人或事,GRE_abridged
nonesuch,ˈnʌnsʌtʃ,n.,无匹敌的人,GRE_abridged
nonflammable,ˈnɔnˈflæməbl,a.,不易燃的,GRE_abridged
nonpareil,ˈnɔnpərəl,a./n.,无匹敌的（人）,GRE_abridged
nonplus,ˈnɔnˈplʌs,v.,使窘困迷惑；n. 迷惑，窘境,GRE_abridged
nonporous,ˈnɔnˈpɔːrəs,a.,无孔的，不渗透的,GRE_abridged
nonradioactive,ˈnɔnreidiəˈæktiv,a.,非放射性的,GRE_abridged
nonsensical,nɔnˈsensikəl,a.,荒唐的，无意义的,GRE_abridged
nonthreatening,ˌnɔnˈθretəniŋ,a.,不威胁的,GRE_abridged
nonviable,ˈnɔnˈvaiəbl,a.,无法生存的,GRE_abridged
noose,nuːs,n.,绳套，绞索（刑）,GRE_abridged
nostrum,ˈnɔstrəm,n.,骗人的药、疗法；万灵丹，妙策,GRE_abridged
notability,ˌnəutəˈbiliti,n.,著名，显著,GRE_abridged
notch,nɔtʃ,,n.,GRE_abridged
notch,nɔtʃ,,V字形刻痕,GRE_abridged
nova,ˈnəuvə,n.,新星（短时间内亮度突然大幅增加，而后回归初始亮度的星星）,GRE_abridged
nuance,njuːˈɑːns,n.,细微的差异,GRE_abridged
nubile,ˈnjuːbail,a.,（女孩）到婚嫁年龄的；性感的，吸引人的,GRE_abridged
nucleate,ˈnjuklieit,v.,使成核；a. 有核的,GRE_abridged
nudge,nʌdʒ,v.,（用肘）轻触，轻推,GRE_abridged
nugatory,ˈnjuːɡətəri,a.,无价值的，琐碎的,GRE_abridged
nullify,ˈnʌlifai,v.,使无效，取消,GRE_abridged
numerology,ˌnjuːməˈrɔlədʒi,n.,数字命理学（通过数字算命）,GRE_abridged
numinous,ˈnjuːminəs,a.,庄严的，神圣的,GRE_abridged
numismatic,ˌnjuːmizˈmætik,a.,钱币学的,GRE_abridged
numismatist,njuːˈmizmətist,n.,钱币学家，钱币收藏家,GRE_abridged
nuptial,ˈnʌpʃəl,a.,婚姻的，婚礼的,GRE_abridged
nymph,nimf,n.,年轻女神；少女,GRE_abridged
oafishness,ˈəufiʃnis,n.,痴呆,GRE_abridged
oatmeal,ˈəutmiːl,n.,燕麦片,GRE_abridged
obdurate,ˈɔbdjurit,a.,固执的，顽固的,GRE_abridged
obeisance,əuˈbeisns,n.,鞠躬，敬礼（表示尊敬或服从）,GRE_abridged
obelisk,ˈɔbilisk,n.,方尖碑,GRE_abridged
obfuscate,ˈɔbfʌskeit,v.,使困惑，使迷惑,GRE_abridged
obituary,əˈbitjuəri,n.,讣闻，讣告,GRE_abridged
oblation,əuˈbleiʃən,n.,宗教的供品，祭品,GRE_abridged
oblique,əˈbliːk,a.,间接的；斜的,GRE_abridged
obliterate,əˈblitəreit,v.,涂掉，擦掉,GRE_abridged
obloquy,ˈɔbləkwi,n.,大骂，公开斥责,GRE_abridged
obnoxious,əbˈnɔkʃəs,a.,令人不愉快的；可憎的,GRE_abridged
obsequious,əbˈsiːkwiəs,a.,（贬）逢迎的，谄媚的,GRE_abridged
obsessed,əbˈsest,a.,心神不宁的,GRE_abridged
obsolescent,ˌɔbsəˈlesnt,a.,即将过时的,GRE_abridged
obstinacy,ˈɔbstinəsi,n.,固执，倔强，顽固,GRE_abridged
obstreperous,əbˈstrepərəs,a.,吵闹的；难管束的,GRE_abridged
obtainable,əbˈteinəb（ə）l,a.,能得到的,GRE_abridged
obtrude,əbˈtruːd,v.,突出；强加,GRE_abridged
obtuse,əbˈtjuːs,a.,愚笨的；迟钝的,GRE_abridged
obverse,ˈɔbvəːs,n./a.,正面（的）,GRE_abridged
obviate,ˈɔbvieit,v.,排除（困难）,GRE_abridged
occidental,ɔksiˈdəntəl,n./a.,西方（的）,GRE_abridged
occlude,ɔˈkluːd,v.,使闭塞,GRE_abridged
occult,ɔˈkʌlt,a.,秘密的，不公开的,GRE_abridged
octogenarian,ˌɔktəudʒiˈneəriən,n.,80到89岁的老人,GRE_abridged
ocular,ˈɔkjulə,a.,眼睛的；视觉的,GRE_abridged
oddments,ˈɔdmənts,n.,残余物，零头,GRE_abridged
ode,əud,n.,长诗，颂歌,GRE_abridged
odious,ˈəudjəs,a.,可憎的，讨厌的,GRE_abridged
odium,ˈəudiəm,n.,憎恶，反感,GRE_abridged
odometer,ɔˈdɔmitə,n.,（汽车）里程表,GRE_abridged
odoriferous,ˌəudəˈrifərəs,a.,有气味的,GRE_abridged
odyssey,ˈɔdisi,n.,长途的冒险旅行,GRE_abridged
off-key,ˈɔːfkiː,a.,走调的，不和谐的,GRE_abridged
offbeat,ɔfˈbiːt,a.,非传统的，不平常的,GRE_abridged
offence（offense）,əˈfens,n.,得罪；错事,GRE_abridged
officious,əˈfiʃəs,a.,爱发命令的，好忠告的，好管闲事的；过度殷勤的,GRE_abridged
offish,ˈɔːfiʃ,a.,冷淡的，疏远的,GRE_abridged
offstage,ˈɔːfˈsteidʒ,adv./a.,台后（的），幕后（的）,GRE_abridged
ogle,ˈəuɡl,v.,送秋波，色迷迷地看（女子）；n. 媚眼,GRE_abridged
ointment,ˈɔintmənt,n.,油膏，软膏,GRE_abridged
oleaginous,ˌəuliˈædʒinəs,a.,油腻的；圆滑的，满口恭维的,GRE_abridged
olfaction,ɔlˈfækʃən,n.,嗅觉,GRE_abridged
oligarch,ˈɔliɡɑːk,n.,寡头政治执政者,GRE_abridged
oligarchy,ˈɔliɡɑːki,n.,寡头统治（政府权力集中在少数人手里）,GRE_abridged
omelet,ˈɔmlit,n.,煎蛋卷,GRE_abridged
ominous,ˈɔminəs,a.,不祥的，不吉利的,GRE_abridged
omnipotent,ɔmˈnipətənt,a.,全能的，万能的；权利无限的,GRE_abridged
omnipresent,ɔmniˈprezənt,a.,无处不在的,GRE_abridged
omniscient,ɔmˈnisiənt,a.,无所不知的，博识的,GRE_abridged
omnivorous,ɔmˈnivərəs,a.,杂食的；兴趣杂的,GRE_abridged
onerous,ˈɔnərəs,a.,繁重的，麻烦的,GRE_abridged
onus,ˈəunəs,n.,义务，负担,GRE_abridged
opacity,əuˈpæsiti,n.,不透明性；晦涩，难懂,GRE_abridged
opalescence,ˌəupəˈlesəns,n.,（不透明的）乳白光,GRE_abridged
operetta,ˌɔpəˈretə,n.,小歌剧,GRE_abridged
opiate,ˈəupiit,n.,安眠药，鸦片制剂,GRE_abridged
opine,əuˈpain,v.,想，以为,GRE_abridged
opinionated,əˈpinjəneitid,a.,固执己见的,GRE_abridged
opportune,ˈɔpətjuːn,a.,合适的，适当的（尤指时机适时）,GRE_abridged
opprobrious,əˈprəubriəs,a.,（言语）辱骂的，骂人的；可耻的,GRE_abridged
optimization,ˌɔptimaiˈzeiʃən,n.,最优化,GRE_abridged
opulent,ˈɔpjulənt,a.,富裕的；充足的,GRE_abridged
opus,"ˈəupəs, ˈɔpəs",n.,巨著；（尤指）音乐作品,GRE_abridged
oracular,ɔˈrækjulə,a.,神谕的；意义模糊的,GRE_abridged
oratorio,ˌɔrəˈtɔriəu,n.,清唱剧（没有舞台行动、道具的戏剧）,GRE_abridged
oratory,ˈɔrətəri,n.,演讲术,GRE_abridged
orchard,ˈɔːtʃəd,n.,果园,GRE_abridged
ordain,ɔːˈdein,v.,任命（神职）；颁发命令,GRE_abridged
ordinance,ˈɔːdinəns,n.,法令，条例,GRE_abridged
ordnance,ˈɔːdnəns,n.,大炮；军械，军用器材,GRE_abridged
orifice,ˈɔrifis,n.,小开口，小孔,GRE_abridged
ornate,ɔːˈneit,a.,（贬）华美的；充满装饰的，重度装饰的,GRE_abridged
ornery,ˈɔːnəri,a.,顽固的，爱争吵的,GRE_abridged
ornithologist,ˌɔːniˈθɔlədʒist,n.,鸟类学家，鸟类学者,GRE_abridged
ornithology,ˌɔːniˈθɔlədʒi,n.,鸟类学,GRE_abridged
orotund,ˈɔ(ː)rəutʌnd,a.,（声音）洪亮的；夸张的,GRE_abridged
orthodontics,ˌɔːθəuˈdɔntiks,n.,畸齿矫正学,GRE_abridged
oscillate,ˈɔsileit,v.,摆动；（思想、想法、感情）摇摆不定,GRE_abridged
osmosis,ɔzˈməusis,n.,渗透；（思想、观念）潜移默化,GRE_abridged
osseous,ˈɔsiəs,a.,骨的，多骨的,GRE_abridged
ossify,ˈɔsifai,v.,硬化，骨化；（贬）使（传统）僵化,GRE_abridged
ostensible,ɔsˈtensəbl,a.,表面上的,GRE_abridged
ostentation,ˌɔstenˈteiʃən,n.,夸示，炫耀,GRE_abridged
ostracism,ˈɔstrəsizəm,n.,放逐，排斥（出某集团）,GRE_abridged
ostracize,ˈɔstrəsaiz,v.,放逐，排斥（出某集团）,GRE_abridged
ostrich,ˈɔstritʃ,n.,鸵鸟；不接受不利现实的人,GRE_abridged
other-directed,ˈʌðədiˈrektid,a.,受人支配的,GRE_abridged
otiose,ˈəuʃiəus,a.,不必要的，多余的,GRE_abridged
otter,ˈɔtə,n.,水獭,GRE_abridged
outfox,autˈfɔks,v.,以机智胜过,GRE_abridged
outgrowth,ˈautɡrəuθ,n.,自然结果；（某物上的）生长物,GRE_abridged
outlandish,autˈlændiʃ,a.,古怪的,GRE_abridged
outmaneuver,autməˈnuːvə(r),v.,以策略制胜,GRE_abridged
outmoded,autˈməudid,a.,不再流行的,GRE_abridged
outshine,autˈʃain,v.,比...更好，比...更出色,GRE_abridged
outstrip,autˈstrip,v.,超过；（赛跑中）跑过，超过,GRE_abridged
ovation,əuˈveiʃən,n.,热烈的欢迎、鼓掌,GRE_abridged
overdose,ˈəuvədəus,n.,（药物）过大的剂量,GRE_abridged
overexposure,ˈəuvəriksˈpəuʒə,n.,过分暴露，（照相）暴光过度,GRE_abridged
overpowering,əuvəˈpauriŋ,a.,压倒性的，不可抗拒的,GRE_abridged
overreach,ˌəuvəˈriːtʃ,v.,做事过头（而失败）,GRE_abridged
overriding,ˌəuvəˈraidiŋ,a.,最主要的，优先的，首要的,GRE_abridged
overrule,ˌəuvəˈruːl,v.,（高位的人）否决（低位的人或事）,GRE_abridged
overshadow,ˌəuvəˈʃædəu,v.,遮蔽；使失色，使相形见绌,GRE_abridged
overture,ˈəuvətjuə,n.,前奏曲，序曲,GRE_abridged
overweening,ˌəuvəˈwiːniŋ,a.,自负的，过于自信的,GRE_abridged
overwrought,ˈəuvəˈrɔːt,a.,紧张过度的,GRE_abridged
oxidize,ˈɔksiˌdaiz,v.,氧化，生锈,GRE_abridged
pacifist,ˈpæsifist,n.,和平主义者，反战主义者,GRE_abridged
padding,ˈpædiŋ,n.,衬垫，填料,GRE_abridged
paean,ˈpiːən,n.,赞美歌，颂歌,GRE_abridged
pagan,ˈpeiɡən,n.,没有宗教信仰的人；异教徒（指不信犹太教、基督教、伊斯兰教恶人）,GRE_abridged
pageant,ˈpædʒənt,n.,壮观的游行；露天历史剧,GRE_abridged
painkiller,"ˈpein,kilə(r)",n.,止痛药,GRE_abridged
palatial,pəˈleiʃəl,a.,宫殿般的；宏伟的,GRE_abridged
palaver,pəˈlɑːvə,v./n.,空谈；奉承,GRE_abridged
paleolithic,ˌpæliəuˈliθik,a.,旧石器时代的,GRE_abridged
paleontology,ˌpæliɔnˈtɔlədʒi,n.,古生物学,GRE_abridged
palette,ˈpælət,n.,调色板，颜料配置,GRE_abridged
palings,ˈpeiliŋz,n.,篱笆，木栅栏,GRE_abridged
pall,pɔːl,v.,（因过多或过久而）令人发腻，失去吸引力,GRE_abridged
palliate,ˈpælieit,v.,减轻（痛苦）；掩饰（罪行）,GRE_abridged
palliative,ˈpæliətiv,n.,缓释剂；a. 减轻的，缓和的,GRE_abridged
pallid,ˈpælid,a.,苍白的，没血色的,GRE_abridged
palmy,ˈpaːmi,a.,繁荣的；棕榈的,GRE_abridged
palpable,ˈpælpəbl,a.,可触知的；明显的,GRE_abridged
palpitate,ˈpælpiteit,v.,（心脏）急速而不规则地跳动,GRE_abridged
palter,ˈpɔːltə,v.,含糊其词，说模棱两可的话，敷衍,GRE_abridged
paltry,ˈpɔːltri,a.,无价值的，微不足道的,GRE_abridged
pamper,ˈpæmpə,v.,纵容，过分关怀,GRE_abridged
panache,pəˈnæʃ,n.,羽饰；炫耀,GRE_abridged
pandemic,pænˈdemik,a.,（病）大范围流行的,GRE_abridged
pandemonium,ˌpændiˈməunjəm,n.,喧嚣，大混乱,GRE_abridged
pander,ˈpændə,v.,怂恿，迎合（不良欲望）,GRE_abridged
pane,pein,n.,窗格玻璃,GRE_abridged
panegyric,ˌpæniˈdʒirik,n.,颂词，颂扬,GRE_abridged
pang,pæŋ,n.,一阵剧痛,GRE_abridged
pantechnicon,pænˈteknikən,n.,家具仓库，家具搬运车,GRE_abridged
pantheon,ˈpænθiən,n.,万神殿,GRE_abridged
panther,ˈpænθə,n.,黑豹,GRE_abridged
pantomime,ˈpæntəmaim,n.,哑剧,GRE_abridged
pantry,ˈpæntri,n.,食品室,GRE_abridged
papyrus,pəˈpaiərəs,n.,莎草，莎草纸（古埃及人用来书写的一种草纸）,GRE_abridged
parable,ˈpærəbl,n.,寓言故事,GRE_abridged
parabola,pəˈræbələ,n.,抛物线,GRE_abridged
paragon,ˈpærəɡən,n.,（褒）模范，典型,GRE_abridged
parallelism,ˈpærəlelizəm,n.,平行，类似,GRE_abridged
paranoia,ˌpærəˈnɔiə,n.,偏执狂；多疑症,GRE_abridged
paranoid,ˈpærənɔid,a.,偏执狂的，过分怀疑的,GRE_abridged
parch,pɑːtʃ,v.,烘烤；烤焦,GRE_abridged
pare,peə,v.,削皮；修剪；削减，缩减,GRE_abridged
pariah,ˈpæriə,n.,贱民，被社会遗弃者,GRE_abridged
parity,ˈpæriti,n.,（水平，地位，数量等的）同等，相等,GRE_abridged
parka,ˈpɑːkə,n.,派克大衣（毛皮风雪大衣）,GRE_abridged
parlance,ˈpɑːləns,n.,说法，用语，词汇，术语,GRE_abridged
parley,ˈpɑːli,n.,和谈；会谈；v. 和谈，会谈,GRE_abridged
parlous,ˈpɑːləs,a.,靠不住的，危险的,GRE_abridged
parochial,pəˈrəukjəl,a.,教区的；地方性的，狭小的,GRE_abridged
parody,ˈpærədi,n.,模仿性嘲弄文章或表演；拙劣的模仿,GRE_abridged
paroxysm,ˈpærəksizəm,n.,（感情等）突发,GRE_abridged
parquet,ˈpɑːkei,n.,镶木地板,GRE_abridged
parry,ˈpæri,v.,挡开，避开（武器，问题等）,GRE_abridged
parse,pɑːz,v.,对...作语法分析,GRE_abridged
parsimony,ˈpɑːsiməni,n.,过分节俭，吝啬,GRE_abridged
partiality,ˌpɑːʃiˈæliti,n.,偏袒，偏心,GRE_abridged
particularize,pəˈtikjuləraiz,v.,详述，逐一列举,GRE_abridged
parturition,ˌpɑːtjuəˈriʃən,n.,生产，分娩,GRE_abridged
pastel,ˈpæsetl,n.,彩色粉笔或蜡笔画；柔和的色彩,GRE_abridged
pasteurize,ˈpæstəraiz,v.,加热杀菌，消毒,GRE_abridged
pastiche,pæsˈtiːʃ,n.,（音乐、文学、艺术等）混合拼凑的作品,GRE_abridged
pastor,ˈpɑːstə,n.,牧师，牧人,GRE_abridged
pastoral,ˈpɑːstərəl,a.,田园生活的；宁静的,GRE_abridged
pathogen,ˈpæθədʒ（ə）n,n.,病原体,GRE_abridged
pathological,ˌpæθəˈlɔdʒikəl,a.,病态的；病理的,GRE_abridged
pathos,ˈpeiθɔs,n.,感伤，哀婉，悲怆,GRE_abridged
patina,ˈpætinə,n.,（铜）绿锈；光亮的外表,GRE_abridged
patrician,pəˈtriʃən,n.,贵族,GRE_abridged
patrimony,ˈpætriməni,n.,祖传的财产,GRE_abridged
paucity,ˈpɔːsiti,n.,小量，少量，缺乏,GRE_abridged
paunchy,ˈpɔːntʃi,a.,（尤指男子）大肚子的,GRE_abridged
pauper,ˈpɔːpə,n.,贫民,GRE_abridged
pavid,ˈpævid,a.,害怕的，胆小的,GRE_abridged
pawn,pɔːn,n./v.,典当，抵押；n. 被小人物利用,GRE_abridged
peachy,ˈpiːtʃi,a.,极好的，漂亮的,GRE_abridged
peaky,ˈpiːki,a.,消瘦的；虚弱的,GRE_abridged
pecan,piˈkæn,n.,山核桃,GRE_abridged
peccadillo,pekəˈdiləu,n.,小过失,GRE_abridged
peckish,ˈpekiʃ,a.,饿的；急躁的,GRE_abridged
peculate,ˈpekjuleit,v.,挪用（公款）,GRE_abridged
pecuniary,piˈkjuːnjəri,a.,金钱的,GRE_abridged
pedagogue,ˈpedəɡɔɡ,n.,教师，教育者,GRE_abridged
pedant,ˈpedənt,n.,书呆子,GRE_abridged
pedestal,ˈpedistl,n.,（柱石或雕像的）基座,GRE_abridged
pediatrics,ˌpiːdiˈætriks,n.,（医）小儿科,GRE_abridged
peek,piːk,v.,偷看,GRE_abridged
peery,ˈpiəri,a.,窥视的；好奇的；怀疑的,GRE_abridged
peeve,piːv,v.,使气恼，使发脾气,GRE_abridged
peevish,ˈpiːviʃ,a.,坏脾气的，易怒的（尤指对小事）,GRE_abridged
pejorative,ˈpiːdʒərətiv,a.,带有轻蔑意义的，贬低的,GRE_abridged
pelagic,piˈlædʒik,a.,远洋的，海水的,GRE_abridged
pelf,pelf,n.,（贬）钱财；不义之财,GRE_abridged
pell-mell,pelˈmel,adv.,混乱地，乱糟糟地,GRE_abridged
pellucid,pəˈljuːsid,a.,清晰的，清澈的,GRE_abridged
pelt,pelt,v.,扔；n. 毛皮,GRE_abridged
penance,ˈpenəns,n.,自我惩罚,GRE_abridged
pendent,ˈpendənt,a.,吊着的，悬挂的,GRE_abridged
pendulous,ˈpendjuləs,a.,下垂的,GRE_abridged
penitent,ˈpenitənt,a.,后悔的，忏悔的,GRE_abridged
pennant,ˈpenənt,n.,（船上用的）信号旗,GRE_abridged
penultimate,piˈnʌltimit,a.,倒数第二的,GRE_abridged
penumbra,piˈnʌmbrə,n.,半明半暗之处；边缘部分,GRE_abridged
peptic,ˈpeptik,a.,产生胃酶的，助消化的,GRE_abridged
perambulate,pəˈræmbjuleit,v.,（以漫步）巡视；漫步,GRE_abridged
percolate,ˈpəːkəleit,v.,过滤出；渗透,GRE_abridged
percussionist,pəˈkʌʃənist,n.,敲击乐器的乐师,GRE_abridged
peregrination,periɡriˈneiʃ（ə）n,n.,游历（尤指在国外）,GRE_abridged
peremptory,pəˈremptəri,a.,（命令）不容反抗的，强制的；（人，举止）专横的,GRE_abridged
perfervid,pəːˈfəːvid,a.,非常热心的,GRE_abridged
perfidious,pəːˈfidiəs,a.,不忠的，背信弃义的,GRE_abridged
perfidy,ˈpəːfidi,n.,不忠，背叛,GRE_abridged
perforate,ˈpəːfəreit,v.,打洞，穿孔,GRE_abridged
perfunctorily,pəˈfʌŋktrəli,adv.,敷衍地，马虎地，例行地,GRE_abridged
perfunctory,pəˈfʌŋktəri,a.,草率的，敷衍的，马虎的，例行的,GRE_abridged
perigee,ˈperidʒiː,n.,近地点,GRE_abridged
perimeter,pəˈrimitə,n.,周长,GRE_abridged
peripatetic,ˌperipəˈtetik,a.,巡游的,GRE_abridged
periphery,pəˈrifəri,n.,不重要的部分；外围,GRE_abridged
periphrastic,ˌperiˈfræstik,a.,迂回的，冗赘的,GRE_abridged
periscope,ˈperiskəup,n.,潜望镜,GRE_abridged
perishing,ˈperiʃiŋ,a.,严寒的,GRE_abridged
perjure,ˈpəːdʒə,v.,作伪证，发假誓,GRE_abridged
perjury,ˈpəːdʒəri,n.,作伪证，发假誓,GRE_abridged
perk,pəːk,v.,恢复，振作；打扮；竖起,GRE_abridged
perky,ˈpəːki,a.,神气的，活泼的,GRE_abridged
permeable,ˈpəːmiəbl,a.,可渗透的（penetrable）,GRE_abridged
pernicious,pəːˈniʃəs,a.,有害的；致命的,GRE_abridged
perpendicular,ˌpəːpənˈdikjulə,a.,垂直的,GRE_abridged
perquisite,ˈpəːkwizit,n.,固定津贴，利益，好处,GRE_abridged
persiflage,ˌpeəsiˈflɑːʒ,n.,（善意的）嘲弄、玩笑,GRE_abridged
persnickety,pə(ː)ˈsnikiti,a.,势利的；挑剔的,GRE_abridged
personable,ˈpəːsənəbl,a.,英俊的，风度好的,GRE_abridged
personage,ˈpəːsənidʒ,n.,名人；（戏剧）角色,GRE_abridged
personification,"pə(ː),sɔnifiˈkeiʃən",n.,典型，化身，完美榜样,GRE_abridged
perspicacious,ˌpəːspiˈkeiʃəs,a.,判断力强的，有识别力的，有洞察力的，独具慧眼的,GRE_abridged
perspicuity,ˌpəːspiˈkju(ː)iti,n.,（语言，文章）明晰，表达清楚；聪明睿智,GRE_abridged
perspicuous,pə(ː)ˈspikjuəs,a.,（语言，文章）明晰的，表达清楚的,GRE_abridged
perspire,pəsˈpaiə,v.,流汗,GRE_abridged
pertinacious,ˌpəːtiˈneiʃəs,a.,固执的；无法驾御的；不妥协的,GRE_abridged
peruse,pəˈruːz,v.,细读，精读,GRE_abridged
pervade,pə(ː)ˈveid,v.,弥漫，普及,GRE_abridged
perverse,pə(ː)ˈvəːs,a.,不合适的，刚愎自用的，故意作对的,GRE_abridged
pervious,ˈpəːviəs,a.,可渗透的,GRE_abridged
pesky,ˈpeski,a.,讨厌的，烦人的,GRE_abridged
pester,ˈpestə,v.,纠缠，强求,GRE_abridged
pestilent,ˈpestilənt,a.,致死的；有害的,GRE_abridged
pestle,ˈpestl,n.,（捣碎或研磨用的）杵,GRE_abridged
petal,ˈpetl,n.,花瓣,GRE_abridged
petroglyph,ˈpetrəɡlif,n.,（尤指史前）岩石雕刻,GRE_abridged
petrology,piˈtrɔlədʒi,n.,岩石学,GRE_abridged
pettish,ˈpetiʃ,a.,易怒的，使性子的,GRE_abridged
petulance,ˈpetjuləns,n.,发脾气，性急，暴躁,GRE_abridged
petulant,ˈpetjulənt,a.,性急的，暴躁的,GRE_abridged
phantom,ˈfæntəm,n.,鬼怪，幽灵；幻像，幻觉,GRE_abridged
pharisaic,ˌfæriˈseiik,a.,伪善的，伪装虔诚的,GRE_abridged
pharmacology,ˌfɑːməˈkɔlədʒi,n.,药理学，药物学,GRE_abridged
phenomena,fəˈnɔminə,n.,（复数）现象；科学研究的现象,GRE_abridged
phenomenal,fiˈnɔminl,a.,显著的，非凡的，了不起的,GRE_abridged
phial,ˈfaiəl,n.,小瓶（药水瓶）,GRE_abridged
philanthropic,filənˈθrɔpik,a.,博爱的,GRE_abridged
philatelist,fiˈlætəlist,n.,集邮家,GRE_abridged
philately,fiˈlætəli,n.,集邮,GRE_abridged
philistine,ˈfilistain,n.,庸俗之人，轻视艺术的人,GRE_abridged
philology,fiˈlɔlədʒi,n.,语文学，文学语言学,GRE_abridged
phlegmatic,fleɡˈmætik,a.,冷静的，冷淡的,GRE_abridged
phobia,ˈfəubjə,n.,恐惧症,GRE_abridged
phoenix,ˈfiːniks,n.,凤凰，永生或再生的象征,GRE_abridged
phonetic,fəˈnetik,a.,语音的,GRE_abridged
phony,ˈfəuni,a.,假的，伪造的,GRE_abridged
photorespiration,"ˌfəutəu,respiˈreiʃən",n.,光呼吸作用,GRE_abridged
piazza,piˈætsə,n.,阳台；广场,GRE_abridged
picayunish,ˌpikəˈjuːniʃ,a.,微不足道的，不值钱的,GRE_abridged
piddling,ˈpidliŋ,a.,（贬）琐碎的，微不足道的,GRE_abridged
piebald,ˈpaibɔːld,a.,花斑的，斑驳的,GRE_abridged
piecemeal,ˈpiːsmiːl,a.,一件一件的，零碎的,GRE_abridged
pied,paid,a.,杂色的,GRE_abridged
pier,piə,n.,桥墩；码头,GRE_abridged
piercing,ˈpiəsiŋ,a.,（寒风）刺骨的；（观察力）敏锐的,GRE_abridged
pilfer,ˈpilfə,v.,偷窃,GRE_abridged
pillage,ˈpilidʒ,v./n.,抢劫，掠夺,GRE_abridged
pillory,ˈpiləri,n.,颈手枷；示众，受公众嘲弄,GRE_abridged
pincers,ˈpinsəz,n.,钳子，镊子,GRE_abridged
pinnacle,ˈpinəkl,n.,尖塔；山峰，顶峰,GRE_abridged
piquant,ˈpiːkənt,a.,辛辣而开胃的；兴奋的,GRE_abridged
pique,piːk,n./v.,（因自尊心受伤害而导致的）不悦，愤怒；v. 冒犯,GRE_abridged
pirouette,piruˈet,n./v.,（舞蹈）脚尖立地的旋转,GRE_abridged
piscatorial,piskəˈtɔːriəl,a.,捕鱼的，渔民的,GRE_abridged
pitcher,ˈpitʃə,n.,有柄水罐,GRE_abridged
piteous,ˈpitiːəs,a.,可怜的,GRE_abridged
pitfall,ˈpitfɔːl,n.,陷阱，未料到的危险或困难,GRE_abridged
pith,piθ,n.,精髓，要点,GRE_abridged
pithiness,ˈpiθinis,n.,简洁,GRE_abridged
pithy,ˈpiθi,a.,（讲话或文章）简练的,GRE_abridged
pitiless,ˈpitilis,a.,无情的，冷酷的，无怜悯心的,GRE_abridged
pittance,ˈpitəns,n.,微薄的薪俸，少量的收入,GRE_abridged
placebo,pləˈsiːbəu,n.,（医）安慰剂,GRE_abridged
plagiarism,ˈpleidʒiərizəm,n.,剽窃，抄袭,GRE_abridged
plagiarize,ˈpleidʒiəraiz,v.,剽窃，抄袭,GRE_abridged
plaintive,ˈpleintiv,a.,（听起来）哀伤的，伤心的,GRE_abridged
plait,plæt,n.,发辫；v. 编成辫,GRE_abridged
plangent,ˈplændʒənt,a.,（声音）轰鸣的；（声音）悲哀的,GRE_abridged
plank,plæŋk,n.,厚木板；要点,GRE_abridged
plaque,plɑːk,n.,匾（用于纪念或装饰的饰板）；血小板,GRE_abridged
platonic,pləˈtɔnik,a.,理论的；纯精神上的，纯友谊的，没有感官性欲的,GRE_abridged
plaudit,ˈplɔːdit,v.,喝彩，赞扬,GRE_abridged
pleat,pliːt,n.,（衣服上的）褶,GRE_abridged
plebeian,pliˈbi(ː)ən,n.,平民；a. 平民的,GRE_abridged
plenary,ˈpliːnəri,a.,全权的；全体出席的,GRE_abridged
plenitude,ˈplenitjuːd,n.,完全，充分；大量,GRE_abridged
plentitude,ˈplentitjuːd,n.,充分,GRE_abridged
pleonastic,ˌpliːəuˈnæstik,a.,罗嗦的,GRE_abridged
plethora,ˈpleθərə,n.,过量，过剩,GRE_abridged
pliant,ˈplaiənt,a.,易受影响的；易弯的,GRE_abridged
pliers,ˈplaiəz,n.,钳子,GRE_abridged
plinth,plinθ,n.,（柱或雕像的）柱脚，底座,GRE_abridged
plod,plɔd,v.,重步走；吃力地干,GRE_abridged
ploy,plɔi,n.,花招，策略,GRE_abridged
pluck,plʌk,n.,在困难面前足智多谋的勇气，胆量；精力；v. 拔毛；弹拉（乐器）,GRE_abridged
plume,pluːm,n.,羽毛；v. 整理羽毛；为某事自喜、自豪,GRE_abridged
plummet,ˈplʌmit,v.,垂直或突然坠下；n. 测深锤,GRE_abridged
plunder,ˈplʌndə,v.,抢劫，掠夺,GRE_abridged
plush,plʌʃ,a.,豪华的,GRE_abridged
plutocracy,pluːˈtɔkrəsi,n.,财阀统治,GRE_abridged
poach,pəutʃ,v.,偷猎，窃取,GRE_abridged
pod,pɔd,n.,豆荚；v. 剥掉（豆荚）,GRE_abridged
podiatrist,pəuˈdaiətrist,n.,足医,GRE_abridged
podium,ˈpəudiəm,n.,（乐队）指挥台,GRE_abridged
poignant,ˈpɔinənt,a.,伤心的，心酸的；尖锐的,GRE_abridged
polarity,pəuˈlæriti,n.,（观点，看法）二极分化，对立；磁体极性,GRE_abridged
polarize,ˈpəuləraiz,v.,使...两极分化,GRE_abridged
polemic,pɔˈlemik,n.,争论，论战,GRE_abridged
polemical,pəˈlemikəl,a.,挑起论战的,GRE_abridged
poltroon,pɔlˈtruːn,n.,懦夫,GRE_abridged
polyandry,ˈpɔliændri,n.,一妻多夫制,GRE_abridged
polyglot,ˈpɔliɡlɔt,a./n.,通晓多种语言的（人）,GRE_abridged
polymath,ˈpɔlimæθ,n.,知识广博者,GRE_abridged
pomposity,pɔmˈpɔsiti,n.,自大的行为，言辞,GRE_abridged
pompous,ˈpɔmpəs,a.,自大的,GRE_abridged
poncho,ˈpɔntʃəu,n.,斗篷，披风；雨衣,GRE_abridged
ponderable,ˈpɔndərəbl,a.,可估量的,GRE_abridged
pontifical,pɔnˈtifikəl,a.,（贬）自以为是的，自大的；武断的,GRE_abridged
pontificate,pɔnˈtifikit,v.,自大武断、自封为权威地做或说,GRE_abridged
pony,ˈpəuni,n.,小型马,GRE_abridged
populace,ˈpɔpjuləs,n.,民众，老百姓,GRE_abridged
porcine,ˈpɔːsain,a.,猪的，似猪的,GRE_abridged
porcupine,ˈpɔːkjupain,n.,豪猪，箭猪（身上长刺的猪）,GRE_abridged
portend,pɔːˈtend,v.,预兆，预示,GRE_abridged
portentous,pɔːˈtentəs,a.,凶兆的，不祥的,GRE_abridged
poseur,pəuˈzəː,n.,装模作样的人,GRE_abridged
positiveness,ˈpɔzətivnis,n.,肯定，确信,GRE_abridged
posse,ˈpɔsi,n.,地方武装团队,GRE_abridged
possessed,pəˈzest,a.,着迷的；疯狂的,GRE_abridged
posterior,pɔsˈtiəriə,a.,（在时间、次序上）较后的,GRE_abridged
postscript,ˈpəustskript,n.,附言，后记,GRE_abridged
postulate,ˈpɔstjuleit,v.,假定；要求,GRE_abridged
potable,ˈpəutəbl,a.,适于饮用的,GRE_abridged
potation,pəuˈteiʃən,n.,饮，喝；饮料（尤指酒）,GRE_abridged
potboiler,ˈpɔtbɔilə(r),n.,粗制滥造的文艺作品,GRE_abridged
potentate,ˈpəutənteit,n.,统治者，当权者,GRE_abridged
potentiate,pəˈtenʃieit,v.,加强（力量，效果）,GRE_abridged
potpourri,pəuˈpuri(ː),n.,混杂物；杂文集,GRE_abridged
pout,paut,v.,（表示不开心）噘嘴，板脸,GRE_abridged
pragmatic,præɡˈmætik,a.,实际的，实用主义的,GRE_abridged
prance,prɑːns,v.,昂首阔步,GRE_abridged
prank,præŋk,n.,恶作剧，玩笑,GRE_abridged
prate,preit,v.,瞎扯，胡说；唠叨，喋喋不休,GRE_abridged
preamble,priːˈæmbl,n.,（书，演讲）前言，序言；事情的先兆,GRE_abridged
precarious,priˈkeəriəs,a.,不稳固的，不安全的；不确定的，不稳定的,GRE_abridged
precept,ˈpriːsept,n.,箴言，格言,GRE_abridged
precipice,ˈpresəpis,n.,悬崖,GRE_abridged
precipitant,priˈsipitənt,n.,沉淀剂,GRE_abridged
precipitation,priˌsipiˈteiʃən,n.,降水（量）,GRE_abridged
précis,ˈpreisiː,n.,摘要，大纲,GRE_abridged
precocious,priˈkəuʃəs,a.,（儿童）早熟的,GRE_abridged
predestine,priˈdestin,v.,注定,GRE_abridged
predicament,priˈdikəmənt,n.,困境，窘境,GRE_abridged
predilection,ˌpriːdiˈlekʃən,n.,偏爱，爱好,GRE_abridged
predisposition,ˈpriːˌdispəˈziʃən,n.,倾向，癖性,GRE_abridged
preempt,pri(ː)ˈempt,v.,以优先购买权取得；取代,GRE_abridged
preen,priːn,v.,（鸟）整理羽毛；（人）打扮修饰,GRE_abridged
prefigure,ˈpriːˈfiɡə,v.,预示；预想,GRE_abridged
prehensile,priˈhensail,a.,能抓物的，能缠绕东西的,GRE_abridged
preliterate,ˌpriˈlitərit,a.,文字出现以前的,GRE_abridged
premeditate,pri(ː)ˈmediteit,v.,预先设想，预谋,GRE_abridged
premeditated,pri(ː)ˈmediteitid,a.,预谋的，事先计划的,GRE_abridged
premiere,ˈpremieə,n./v.,（电影，戏剧）首次公演,GRE_abridged
premonition,ˌpriːməˈniʃən,n.,预感，预兆,GRE_abridged
preoccupation,pri(ː)ˌɔkjuˈpeiʃən,n.,全神贯注；使人专注的东西,GRE_abridged
preponderant,priˈpɔndərənt,a.,以重胜的，优势的，压倒性的,GRE_abridged
preponderate,priˈpɔndəreit,v.,（重量上，重要性上）压倒，超过,GRE_abridged
prepossessing,ˌpriːpəˈzesiŋ,a.,（个性等）给人好感的,GRE_abridged
preposterous,priˈpɔstərəs,a.,荒谬的，完全违背常理的,GRE_abridged
prerogative,priˈrɔɡətiv,n.,特权,GRE_abridged
presage,ˈpresidʒ,n.,（多指不祥的）预感；v. （不祥）预示,GRE_abridged
prescience,ˈpreˈsaiəns,n.,预知，先见,GRE_abridged
presenter,priˈzentə,n.,主持人,GRE_abridged
presentiment,priˈzentimənt,n.,预感，预觉,GRE_abridged
presumable,priˈzjuːməb（ə）l,a.,可能的，可假定的,GRE_abridged
presupposition,ˌpriːsʌpəˈziʃ（ə）n,n.,预先假定，臆测,GRE_abridged
preternatural,ˌpriːtə(ː)ˈnætʃərəl,a.,异常的；超自然的,GRE_abridged
prevaricate,priˈværikeit,v.,支吾其词，搪塞，说谎,GRE_abridged
prevision,pri(ː)ˈviʒən,n.,先见，预感,GRE_abridged
prick,prik,n.,小刺；刺痛v. 刺伤；戳穿,GRE_abridged
prickle,ˈprikl,n.,（动物或者植物上的）刺，棘；v. 刺痛,GRE_abridged
prig,prig,n.,自命不凡者，道学先生,GRE_abridged
prim,prim,a.,端庄的，整洁的,GRE_abridged
primp,primp,v.,（贬）（妇女）刻意打扮,GRE_abridged
prissy,ˈprisi,a.,谨小慎微的，神经质的，为小事挂虑的,GRE_abridged
pristine,ˈpristain,a.,远古的，太古的；纯洁的；新鲜的,GRE_abridged
privation,praiˈveiʃən,n.,生活必需品的匮乏、贫困,GRE_abridged
privy,ˈprivi,a.,个人的，秘密参与的,GRE_abridged
proboscis,prəuˈbɔsis,n.,（象）长鼻；（昆虫等）吸管,GRE_abridged
proceeds,ˈprəusiːdz,n.,（从某种表演活动所得的）收入,GRE_abridged
procrastinate,prəuˈkræstineit,v.,（贬）（习惯性地）耽搁，拖延,GRE_abridged
procreate,ˈprəukrieit,v.,生育,GRE_abridged
procrustean,prəuˈkrʌstiən,a.,强求一致的,GRE_abridged
proctor,ˈprɔktə,n.,学监,GRE_abridged
procure,prəˈkjuə,v.,取得，获得,GRE_abridged
procurement,prəˈkjuəmənt,n.,获得，接收,GRE_abridged
prodigy,ˈprɔdidʒi,n.,奇事，奇观（尤指自然现象）；奇才，天才,GRE_abridged
proffer,ˈprɔfə,n./v.,献出，提供；提议，建议,GRE_abridged
profiteer,ˌprɔfiˈtiə,n.,奸商，牟取暴利者，大发不义之财者,GRE_abridged
profligate,ˈprɔfliɡit,a.,挥金如土的；n. 挥霍者,GRE_abridged
progenitor,prəˈdʒenitə,n.,祖先，始祖,GRE_abridged
progeny,ˈprɔdʒini,n.,后代，子女,GRE_abridged
prognosis,prɔɡˈnəusis,n.,预后，对疾病的发作及结果的预言,GRE_abridged
prognosticate,prəɡˈnɔstikeit,v.,预测，预示,GRE_abridged
projectile,prəˈdʒektail,n.,抛射物，发射体,GRE_abridged
prolix,ˈprəuliks,a.,（说话、写作）啰嗦的，冗长而乏味的,GRE_abridged
prolixity,prəuˈliksəti,n.,啰嗦,GRE_abridged
prologue,ˈprəulɔɡ,n.,开场白；序幕，一系列事情的开端,GRE_abridged
promenade,ˌprɔmiˈnɑːd,v./n.,散步；开车兜风,GRE_abridged
promulgate,ˈprɔməlɡeit,v.,颁布（法令）；宣传，宣扬,GRE_abridged
prong,prɔŋ,v.,刺，戳，贯穿,GRE_abridged
prophecy,ˈprɔfisi,n.,预言,GRE_abridged
prophet,ˈprɔfit,n.,先知，预言家,GRE_abridged
prophetic,prəˈfetik,a.,先知的，预言的，预示的,GRE_abridged
propitiate,prəˈpiʃieit,v.,讨好；抚慰,GRE_abridged
propitious,prəˈpiʃəs,a.,吉利的；有利的,GRE_abridged
proprietary,prəˈpraiətəri,a.,私有的,GRE_abridged
propulsion,prəˈpʌlʃən,n.,推进力,GRE_abridged
prorogue,prəˈrəuɡ,v.,休会；延期,GRE_abridged
prosaic,prəuˈzeiik,a.,单调的，无趣的,GRE_abridged
proscenium,prəuˈsiːniəm,n.,舞台,GRE_abridged
proselytize,ˈprɔsilitaiz,v.,劝诱别人接受自己的信仰、宗教,GRE_abridged
prostrate,prɔsˈtreit,a.,（尤指因精疲力竭而）俯卧的；无能为力的，沮丧的；v. 使下跪鞠躬,GRE_abridged
protagonist,prəuˈtæɡənist,n.,提议者，领导者,GRE_abridged
protean,ˈprəutiən,a.,变化多端的，多变的,GRE_abridged
protuberance,prəˈtjuːbərəns,n.,凸出，隆起,GRE_abridged
protuberant,prəˈtjuːbərənt,a.,凸出的，隆起的,GRE_abridged
provenance,ˈprɔvinəns,n.,（艺术等的）出处，起源,GRE_abridged
provender,ˈprɔvində,n.,（牛马吃的）草料，粮秣,GRE_abridged
proverbially,prəˈvəːbiəli,adv.,无人不知地,GRE_abridged
providential,prɔviˈdenʃəl,a.,幸运的；（时机）恰到好处的,GRE_abridged
provisional,prəˈviʒənl,a.,暂时的，临时的,GRE_abridged
provisory,prəˈvaizəri,a.,有附带条件的,GRE_abridged
prowess,ˈprauis,n.,勇敢；不凡的能力,GRE_abridged
prowl,praul,v.,潜行于，偷偷地漫游,GRE_abridged
prude,pruːd,n.,（贬）过分守礼拘谨的人,GRE_abridged
prudence,ˈpruːdəns,n.,谨慎，小心,GRE_abridged
prudish,ˈpruːdiʃ,a.,过分守礼拘谨的，假道学的,GRE_abridged
pry,prai,v.,刺探，打听；撬开,GRE_abridged
psalm,sɑːm,n.,赞美诗，圣诗,GRE_abridged
pseudonym,ˈsjuːdənim,n.,假名，笔名,GRE_abridged
psyche,ˈsaiki,n.,心智，精神,GRE_abridged
puberty,ˈpjuːbə(ː)ti,n.,青春期,GRE_abridged
pucker,ˈpʌkə,v.,起皱；n. 皱褶,GRE_abridged
puckish,ˈpʌkiʃ,a.,淘气的，恶作剧的,GRE_abridged
pudgy,ˈpʌdʒi,a.,短而胖的；胖嘟嘟的,GRE_abridged
puerile,ˈpjuərail,a.,幼稚的；儿童的,GRE_abridged
puffery,ˈpʌfəri,n.,极力称赞，夸大的广告，吹捧,GRE_abridged
pugilism,ˈpjuːdʒilizəm,n.,拳击，搏击,GRE_abridged
pugilist,ˈpjuːdʒilist,n.,拳击手，拳师,GRE_abridged
pugnacious,pʌɡˈneiʃəs,a.,好斗的,GRE_abridged
puissance,ˈpju(ː)isns,n.,权力,GRE_abridged
puissant,ˈpjuːisənt,a.,强有力的，强大的,GRE_abridged
pulchritude,ˈpʌlkritjuːd,n.,美丽,GRE_abridged
pullet,ˈpulit,n.,小母鸡,GRE_abridged
pulley,ˈpuli,n.,滑轮；滑车,GRE_abridged
pullulate,ˈpʌljuleit,v.,繁殖；剧增,GRE_abridged
pulpit,ˈpulpit,n.,讲坛,GRE_abridged
pulsate,pʌlˈseit,v.,有规律的振动,GRE_abridged
pulsation,pʌlˈseiʃən,n.,脉动，跳动，有节奏的鼓动,GRE_abridged
pulverize,ˈpʌlvəraiz,v.,压成细粉；彻底击败,GRE_abridged
pummel,ˈpʌm（ə）l,v.,（用拳）接连地打，打击,GRE_abridged
pun,pʌn,n.,双关语,GRE_abridged
punctilious,pʌŋkˈtiliəs,a.,谨慎的，一丝不苟的,GRE_abridged
pundit,ˈpʌndit,n.,权威人士，专家,GRE_abridged
puny,ˈpjuːni,a.,弱小的，发育不良的,GRE_abridged
purblind,ˈpəːblaind,a.,愚钝的；视力不佳的,GRE_abridged
purgative,ˈpəːɡətiv,n.,泻药,GRE_abridged
purgatory,ˈpəːɡətəri,n.,（天主教教义中的）炼狱；受苦受难的地方,GRE_abridged
purlieu,ˈpəːljuː,n.,（常作复数）邻近地区,GRE_abridged
purloin,pəːˈlɔin,v.,偷窃,GRE_abridged
purport,pəˈpɔːt,n.,意义，涵义,GRE_abridged
purported,pəːˈpɔːtid,a.,谣传的，声张的，号称的,GRE_abridged
purvey,pəːˈvei,v.,（大量）供给，供应（尤指粮食）,GRE_abridged
pusillanimous,pjuːsiˈlæniməs,a.,胆小的,GRE_abridged
putative,ˈpjuːtətiv,a.,公认的，普遍认为的,GRE_abridged
putrefy,ˈpjuːtrifai,v.,使腐烂,GRE_abridged
putrid,ˈpjuːtrid,a.,腐臭的,GRE_abridged
putter,ˈputə,v.,闲荡；n. 置放者,GRE_abridged
pygmy,ˈpiɡmi,n.,矮人，侏儒,GRE_abridged
pylon,ˈpailən,n.,高压电线架；桥塔,GRE_abridged
pyre,paiə,n.,火葬用的柴堆,GRE_abridged
pyromania,pairəuˈmeiniə,n.,纵火狂,GRE_abridged
quack,kwæk,n.,冒充内行之人；庸医,GRE_abridged
quadrangle,kwɔˈdræŋɡl,n.,四边形,GRE_abridged
quadruped,ˈkwɔdruped,n.,四足兽,GRE_abridged
quaff,"kwɑːf, kwɔf",v.,痛饮，畅饮,GRE_abridged
quagmire,ˈkwæɡmaiə,n.,沼泽地；困境,GRE_abridged
quail,kweil,v.,畏惧，颤抖,GRE_abridged
qualm,kwɑːm,n.,疑惧；紧张不安,GRE_abridged
quandary,ˈkwɔndəri,n.,困惑，进退两难,GRE_abridged
quantum,ˈkwɑntəm,n.,量子；定量,GRE_abridged
quarantine,ˈkwɔrəntiːn,n.,（为防传染疾病的）隔离检疫期，隔离,GRE_abridged
quartet,kwɔːˈtet,n.,四重奏，四重唱,GRE_abridged
quash,kwɔʃ,v.,镇压；（依法）取消,GRE_abridged
quasi,ˈkwɑːzi(ː),a.,貌似的，类似的，准的,GRE_abridged
quaver,ˈkweivə,v.,发颤音，声音颤抖；n. 颤音,GRE_abridged
quay,kiː,n.,码头,GRE_abridged
queasy,ˈkwiːzi,a.,令人恶心的；充满疑虑的,GRE_abridged
quench,kwentʃ,v.,熄灭（火）；抑制（欲望，情感）,GRE_abridged
querulous,ˈkweruləs,a.,抱怨的，多牢骚的,GRE_abridged
quibble,ˈkwibl,n.,遁词，回避正题的话；吹毛求疵的反对意见,GRE_abridged
quicksilver,ˈkwiksilvə,a.,水银的，易变的；v. 涂上水银,GRE_abridged
quiescent,kwaiˈesənt,a.,不动的，静止的,GRE_abridged
quill,kwil,n.,（豪猪等动物的）刺,GRE_abridged
quintessence,kwinˈtesns,n.,完美的榜样；精华,GRE_abridged
quip,kwip,a.,俏皮话，妙语,GRE_abridged
quirk,kwəːk,n.,巧合；怪癖,GRE_abridged
quisling,ˈkwizliŋ,n.,卖国贼，内奸,GRE_abridged
quixotic,kwikˈsɔtik,a.,不切实际的，空想的,GRE_abridged
quondam,ˈkwɔndæm,a.,原来的，以前的,GRE_abridged
quotidian,kwəuˈtidiən,a.,每日发生的；平凡的，普通的,GRE_abridged
rabble,ˈræbl,n.,乌合之众，暴民；下等人,GRE_abridged
rabid,ˈræbid,a.,患狂犬病的；失去理性的，极端的，疯狂的,GRE_abridged
rabies,ˈreibiːz,n.,狂犬病；恐水病,GRE_abridged
racketeer,ˌrækiˈtiə,n.,敲诈者，获取不正当钱财的人,GRE_abridged
raconteur,rækɔnˈtəː,n.,善于讲故事的人,GRE_abridged
racy,ˈreisi,a.,活泼的，生动的,GRE_abridged
raffish,ˈræfiʃ,a.,粗俗的；俗艳的，华而不实的,GRE_abridged
raffle,ˈræfl,n.,（尤指为公益事业举办的）抽奖售物（活动）,GRE_abridged
rafter,ˈrɑːftə,n.,椽子（支撑屋顶的平行横梁）；放伐人,GRE_abridged
ragtime,ˈræɡtaim,n.,拉格泰姆音乐（黑人爵士乐）；a. 使人发笑的，滑稽的,GRE_abridged
raillery,ˈreiləri,n.,善意的嘲弄,GRE_abridged
raisin,ˈreizn,n.,葡萄干,GRE_abridged
rakish,ˈreikiʃ,a.,潇洒的；放荡的，不拘俗套的,GRE_abridged
ram,ræm,n.,公羊；撞锤；填塞，活塞,GRE_abridged
ramble,ˈræmbl,n./v.,漫步,GRE_abridged
rambunctious,ræmˈbʌŋkʃəs,a.,骚乱的；（兴奋）控制不了的,GRE_abridged
ramify,ˈræmifai,v.,使分支，使分叉,GRE_abridged
ramp,ræmp,v.,稳定增长或下降；n. 坡道，斜坡,GRE_abridged
rampage,ˈræmpeidʒ,v.,狂暴地乱冲；n. 暴怒，暴行,GRE_abridged
rampant,ˈræmpənt,a.,（罪恶，疾病）猖獗的，难以遏制的,GRE_abridged
rampart,ˈræmpɑːt,n.,壁垒；城墙,GRE_abridged
ramshackle,ˈræmˌʃækl,a.,（房屋，车辆）破旧不堪的,GRE_abridged
rancid,ˈrænsid,a.,不新鲜的，变质变味的,GRE_abridged
rancor,ˈræŋkə(r),n.,深仇，怨恨,GRE_abridged
ranger,ˈreindʒə,n.,森林管理员；巡逻骑警,GRE_abridged
rankle,ˈræŋkl,v.,使怨恨；激怒,GRE_abridged
rant,rænt,v.,咆哮，强烈指责；口出狂言,GRE_abridged
rapids,ˈræpidz,n.,（河的）急流，湍流,GRE_abridged
rapport,ræˈpɔːt,n.,和睦，意见一致，融洽和谐关系,GRE_abridged
rapprochement,ræˈprɔʃmɔŋ,n.,和好，友好关系的恢复（尤指国家间）,GRE_abridged
rapscallion,ræpˈskæljən,n.,流氓，恶棍,GRE_abridged
rapt,ræpt,a.,专心致志的，全神贯注的,GRE_abridged
raptorial,ræpˈtɔːriəl,a.,食肉的；凶猛的,GRE_abridged
rarefaction,ˌreəriˈfækʃən,n.,稀薄,GRE_abridged
rascal,ˈræskəl,n.,流氓；不诚实的人,GRE_abridged
rasp,rɑsp,v.,发出刺耳的声音,GRE_abridged
raspy,ˈraːspi,a.,（声音）刺耳的；恼人的,GRE_abridged
ratiocination,ˌrætiɔsiˈneiʃən,n.,推理；推论,GRE_abridged
raucous,ˈrɔːkəs,a.,（声音）沙哑的，粗糙的,GRE_abridged
rave,reiv,n.,热切赞扬；v. 狂语，说疯话,GRE_abridged
ravel,ˈrævəl,v.,（线，情感）纠缠，纠结；（线）拆开，拆散,GRE_abridged
ravening,ˈrævniŋ,a.,狼吞虎咽的,GRE_abridged
ravine,rəˈviːn,n.,既深又宽、坡度很大的山谷,GRE_abridged
ravishing,ˈræviʃiŋ,a.,令人陶醉的，使人入迷的,GRE_abridged
razor,ˈreizə,n.,剃刀，刮胡刀,GRE_abridged
reactant,riˈæktənt,n.,反应物,GRE_abridged
reagent,ri(ː)ˈeidʒənt,n.,试剂（导致化学或生物反应）,GRE_abridged
realign,ˌriəˈlain,v.,重新组合（排列）,GRE_abridged
ream,riːm,n.,令（纸张的计数单位，旧为张，现为或）,GRE_abridged
reaper,ˈriːpə,n.,收割者,GRE_abridged
rebarbative,riˈbɑːbətiv,a.,令人讨厌的，冒犯人的,GRE_abridged
rebuff,riˈbʌf,v.,粗暴拒绝（好意，友好，请求）,GRE_abridged
rebus,ˈriːbəs,n.,（以音、画等提示的）字谜，画谜,GRE_abridged
rebuttal,riˈbʌtəl,n.,反驳,GRE_abridged
recalcitrant,riˈkælsitrənt,a.,顽抗的，不服从的，不守纪律的,GRE_abridged
recant,riˈkænt,v.,改变，放弃（以前的信仰）,GRE_abridged
recantation,ˌrikænˈteiʃn,n.,改变（宗教）信仰,GRE_abridged
recapitulate,ˌriːkəˈpitjuleit,v.,扼要重述，重述要点,GRE_abridged
recast,ˌriːˈkɑːst,v.,重铸；更换演员,GRE_abridged
recess,riˈses,n.,壁凹（墙上装的架子、柜子等凹处）；（工作）休假期；（法庭、国会）休庭期,GRE_abridged
recessive,riˈsesiv,a.,隐性遗传的；有倒退倾向的,GRE_abridged
reciprocate,riˈsiprəkeit,v.,回报，答谢,GRE_abridged
recital,riˈsaitl,n.,独奏；吟诵,GRE_abridged
reclaim,riˈkleim,v.,纠正（错误）；开垦（土地）,GRE_abridged
recline,riˈklain,v.,斜倚，躺卧,GRE_abridged
recombine,riːkəmˈbain,v.,重组，再结合,GRE_abridged
recompense,ˈrekəmpəns,v.,报酬，赔偿,GRE_abridged
recondite,riˈkɔndait,a.,深奥的，难懂的,GRE_abridged
reconnaissance,riˈkɔnisəns,n.,侦察，预先探索,GRE_abridged
reconnoiter,ˌrekəˈnɔitə,v.,侦察，勘察,GRE_abridged
reconstitute,ˈriːˈkɔnstitjuːt,v.,再组成，改组；用水泡（脱水食品）,GRE_abridged
recourse,riˈkɔːs,n.,求助，依靠,GRE_abridged
rectitude,ˈrektitjuːd,n.,诚实，正直,GRE_abridged
recumbent,riˈkʌmbənt,a.,（人）躺着的，斜靠的；休息的,GRE_abridged
recuperate,riˈkjuːpəreit,v.,恢复（健康），复原,GRE_abridged
recusant,ˈrekjuzənt,a.,不服从规章的（人）,GRE_abridged
redemptive,riˈdemptiv,a.,（用以）赎回的，救赎的，救世的,GRE_abridged
redirect,ˈriːdiˈrekt,v.,改寄（信件）；改变方向,GRE_abridged
redistribution,ˈriːdistriˈbjuːʃən,n.,重新分配,GRE_abridged
redolent,ˈredəulənt,a.,芬芳的，芳香的,GRE_abridged
redoubtable,riˈdautəbl,a.,可敬畏的，可怕的,GRE_abridged
reed,riːd,n.,芦苇；（乐器）簧片（如单、双簧管中的）,GRE_abridged
reedy,ˈriːdi,a.,长满芦苇的；（声音）高而尖的,GRE_abridged
reek,riːk,v.,发臭味；冒烟,GRE_abridged
refectory,riˈfektəri,n.,（学院）餐厅，食堂,GRE_abridged
refraction,riˈfrækʃən,n.,折射,GRE_abridged
refractory,riˈfræktəri,a.,倔强的，难管教的；反应迟钝的,GRE_abridged
refulgent,riˈfʌldʒənt,a.,辉煌的，灿烂的,GRE_abridged
regal,ˈriːɡəl,a.,帝王的；华丽的,GRE_abridged
regale,riˈɡeil,v.,款待，宴请；使...享受，使...开心,GRE_abridged
regent,ˈriːdʒənt,n.,摄政者（代国王统治者）,GRE_abridged
regress,ˈriːɡres,v.,使倒退，复原，逆行,GRE_abridged
regressive,riˈɡresiv,a.,退步的，退化的,GRE_abridged
reincarnate,riːˈinkɑːneit,v.,使化身，转生,GRE_abridged
reinstate,ˈriːinˈsteit,v.,恢复（原职）,GRE_abridged
rejoin,ˈriːˈdʒɔin,v.,回答，答辩,GRE_abridged
rejoinder,riˈdʒɔində,n.,回答,GRE_abridged
relegate,ˈreliɡeit,v.,降级，降职,GRE_abridged
relent,riˈlent,v.,动怜悯心，发慈悲；减弱,GRE_abridged
relenting,riˈlentiŋ,a.,减弱的，怜悯的,GRE_abridged
reminisce,ˌremiˈnis,v./n.,追忆，怀旧,GRE_abridged
remiss,riˈmis,a.,疏忽的，不留心的,GRE_abridged
remission,riˈmiʃən,n.,宽恕，赦免,GRE_abridged
remittance,riˈmitəns,n.,汇款,GRE_abridged
remittent,riˈmitənt,a.,（病）弛张的，缓解的,GRE_abridged
remonstrance,riˈmɔnstrəns,n.,抗议，抱怨,GRE_abridged
remonstrate,riˈmɔnstreit,v.,抗议；规劝,GRE_abridged
remorse,riˈmɔːs,n.,懊悔，悔恨，自责,GRE_abridged
remunerate,riˈmjuːnəreit,v.,报酬，补偿,GRE_abridged
remunerative,riˈmjuːnərətiv,a.,有报酬的，有利润的,GRE_abridged
renascent,riˈnæsnt,a.,再生的，复活的,GRE_abridged
rendezvous,ˈrɔndivuː,n.,约会；约会地点,GRE_abridged
rendition,renˈdiʃən,n.,表演，扮演，演奏，演唱,GRE_abridged
renegade,ˈreniɡeid,n.,（政党，宗教，事业的）叛教者，叛徒,GRE_abridged
renege,riˈniːɡ,v.,背信，违约,GRE_abridged
renunciate,riˈnʌnsieit,v.,放弃,GRE_abridged
reparation,ˌrepəˈreiʃən,n.,赔偿，补偿,GRE_abridged
repartee,ˌrepɑːˈtiː,n.,快速机灵的回答,GRE_abridged
repatriate,riːˈpætrieit,v.,（自异国）遣返回国,GRE_abridged
repeal,riˈpiːl,v.,废除（法律）,GRE_abridged
repellent,riˈpelənt,a.,令人厌恶的,GRE_abridged
repent,riˈpent,v.,懊悔，后悔,GRE_abridged
repercussion,ˌriːpə(ː)ˈkʌʃən,n.,反响，后果，（尤指不良的）间接影响；回声,GRE_abridged
repine,riˈpain,v.,不满，心中抱怨,GRE_abridged
replete,riˈpliːt,a.,饱食的；塞满的，供应充足的,GRE_abridged
replica,ˈreplikə,n.,复制品,GRE_abridged
reportage,riˈpɔːtidʒ,n.,报道，报道的消息，报告文学,GRE_abridged
reportorial,ˌrepəˈtɔːriəl,a.,记者的；纪实的,GRE_abridged
repose,riˈpəuz,n./v.,躺着休息，安睡,GRE_abridged
repository,riˈpɔzitəri,n.,贮藏室，仓库,GRE_abridged
reprehend,repriˈhend,v.,谴责，责难,GRE_abridged
reprehensible,ˌrepriˈhensəbl,a.,应受谴责的,GRE_abridged
repressed,riˈprest,a.,（情感）被压制的，被压抑的,GRE_abridged
reprieve,riˈpriːv,v.,缓刑，暂时解救；n. 缓刑，暂时解救,GRE_abridged
reprimand,ˈreprimaːnd,n.,训诫，谴责；v. 训诫，谴责,GRE_abridged
reprisal,riˈpraizəl,n.,（政治或军事的）报复,GRE_abridged
reprise,riˈpraiz,n.,（音乐剧中）乐曲的重复；重复，重新开始,GRE_abridged
reprobate,ˈreprəubeit,v.,谴责，指责；adj./n. 堕落的（人）,GRE_abridged
reproof,riˈpruːf,n.,责斥，责备,GRE_abridged
reprove,riˈpruːv,v.,责骂，申斥,GRE_abridged
reptilian,repˈtiliən,a.,爬虫类的；卑下的,GRE_abridged
repugnance,riˈpʌɡnəns,n.,强烈嫌恶、反感,GRE_abridged
repugnant,riˈpʌɡnənt,a.,令人厌恶的,GRE_abridged
repulsion,riˈpʌlʃən,n.,厌恶，反感；（物）排斥力,GRE_abridged
requisite,ˈrekwizit,n.,必需物；a. 必要的,GRE_abridged
requite,riˈkwait,v.,报答；报复,GRE_abridged
rescind,riˈsind,v.,废除，取消（法规，合同）,GRE_abridged
rescission,riˈsiʒən,n.,废除,GRE_abridged
rescript,ˈriːskript,n.,公告，法令；重抄,GRE_abridged
residual,riˈzidjuəl,a.,残余的，剩余的,GRE_abridged
resigned,riˈzaind,a.,逆来顺受的，顺从的,GRE_abridged
resilience,riˈziliəns,n.,弹性，弹力，迅速恢复的能力,GRE_abridged
resilient,riˈziliənt,a.,有弹性的；能恢复活力的，适应力强的,GRE_abridged
resonant,ˈrezənənt,a.,（声音）洪亮的；共鸣的，产生共振的,GRE_abridged
resound,riˈzaund,v.,回荡着声音；鸣响,GRE_abridged
respite,ˈrespait,n.,休息（时间）；暂缓,GRE_abridged
resplendent,risˈplendənt,a.,华丽的，辉煌的,GRE_abridged
responsiveness,risˈpɔnsivnis,n.,（积极快速的）应答，响应,GRE_abridged
restitution,ˌrestiˈtjuːʃən,n.,（物品）归还原主；（对损害的）赔偿,GRE_abridged
restive,ˈrestiv,a.,不安静的，不安宁的,GRE_abridged
restiveness,ˈrestivnis,n.,倔强，难以驾御,GRE_abridged
restorative,riˈstɔːrətiv,a.,恢复健康的,GRE_abridged
restored,risˈtɔːd,a.,恢复至原状的，复修至原状的,GRE_abridged
resurge,riˈsəːdʒ,v.,复活,GRE_abridged
resurgence,riˈsəːdʒəns,n.,再起，复活，再现，复兴,GRE_abridged
resurrect,ˌrezəˈrekt,v.,使（人）复活；使（事物）复兴,GRE_abridged
resuscitate,riˈsʌsiteit,v.,使复活，使苏醒,GRE_abridged
retainer,riˈteinə,n.,侍从,GRE_abridged
retch,retʃ,v.,作呕，恶心,GRE_abridged
retentive,riˈtentiv,a.,有记忆力的,GRE_abridged
reticent,ˈretisənt,a.,沉默不语的，有保留的,GRE_abridged
reticulation,riˌtikjuˈleiʃ（ə）n,n.,网目，网状,GRE_abridged
retinue,ˈretinjuː,n.,侍从，随员团,GRE_abridged
retiring,riˈtaiəriŋ,a.,隐居的，不喜欢社交的,GRE_abridged
retouch,riːˈtʌtʃ,v.,（照片、画）修描，润色,GRE_abridged
retrace,riˈtreis,v.,回顾，追溯；原路折返,GRE_abridged
retrench,riˈtrentʃ,v.,节省，紧缩费用,GRE_abridged
retrenchment,riˈtrentʃmənt,n.,节省，削减,GRE_abridged
retribution,ˌretriˈbjuːʃən,n.,报应，惩罚,GRE_abridged
retroactive,retrəuˈæktiv,a.,溯及既往的，有追溯效力的,GRE_abridged
revealing,riˈviːliŋ,a.,暴露的，裸露的；揭露真相的,GRE_abridged
revelry,ˈrevlri,n.,（喧闹的）狂欢,GRE_abridged
reverberate,riˈvəːbəreit,v.,起回声，回响,GRE_abridged
reverie,ˈrevəri,n.,幻想，白日梦；（音）梦幻曲，幻想曲,GRE_abridged
reversion,riˈvəːʃən,n.,返回（原状，旧习惯）；逆转,GRE_abridged
revile,riˈvail,v.,辱骂，恶言相向,GRE_abridged
revue,riˈvjuː,n.,时事讽刺剧,GRE_abridged
revulsion,riˈvʌlʃən,n.,厌恶，憎恶；剧烈反应,GRE_abridged
rhapsody,ˈræpsədi,n.,赞美之词；狂想曲,GRE_abridged
rhinestone,ˈrainstəun,n.,水晶石，莱茵石,GRE_abridged
rhubarb,ˈruːbɑːb,n.,（植物）大黄；v./n. 喧闹争吵,GRE_abridged
ribald,ˈribəld,a.,（下流，粗鄙方式）幽默的,GRE_abridged
rickety,ˈrikiti,a.,不牢固的，摇摇欲坠的,GRE_abridged
rife,raif,a.,（尤指不良事物或现象）流行的，普遍的,GRE_abridged
riffle,ˈrifl,n.,涟漪,GRE_abridged
riffraff,ˈrifræf,n.,（贬）乌合之众，群氓,GRE_abridged
rift,rift,n.,裂口，断裂；（人之间的）矛盾、不和,GRE_abridged
rigmarole,ˈriɡmərəul,n.,冗长的废话,GRE_abridged
rile,rail,v.,使...恼火，激怒,GRE_abridged
rind,raind,n.,（西瓜等）硬外皮,GRE_abridged
ringlet,ˈriŋlət,n.,长的卷发,GRE_abridged
rinse,rins,v.,以清水冲洗，漂洗,GRE_abridged
ripple,ˈripl,v.,起涟漪；n. 细浪，涟漪,GRE_abridged
ritzy,ˈritsi,a.,时髦的，势利的,GRE_abridged
rive,raiv,v.,撕开，分裂,GRE_abridged
riven,ˈrivən,a.,撕裂的，分裂的,GRE_abridged
rivet,ˈrivit,n.,铆钉；v. 吸引（注意力）,GRE_abridged
riveting,ˈrivitiŋ,a.,（褒）非常精彩的，吸引人的,GRE_abridged
rivulet,ˈrivjulit,n.,小溪，小河,GRE_abridged
robe,rəub,n.,长袍，礼服,GRE_abridged
roil,rɔil,v.,煽动，搅浑,GRE_abridged
roister,ˈrɔistə,v.,喝酒喧哗,GRE_abridged
rollicking,ˈrɔlikiŋ,a.,欢闹的,GRE_abridged
rookie,ˈruki,n.,新兵，新手,GRE_abridged
roster,ˈrəustə,n.,（尤指军队）值班表，执勤人员名单,GRE_abridged
rostrum,ˈrɔstrəm,n.,演讲台，讲坛,GRE_abridged
rote,rəut,n.,死记硬背,GRE_abridged
rotund,rəuˈtʌnd,a.,（人）圆胖的；（声音）洪亮的,GRE_abridged
roughen,ˈrʌfən,v.,使变得粗糙，使变得不平,GRE_abridged
roundabout,ˈraundəbaut,a.,绕远道的，转弯抹角的,GRE_abridged
rout,raut,n.,大败，溃败,GRE_abridged
rove,rəuv,v.,流浪，漂泊,GRE_abridged
rowdy,ˈraudi,a.,吵闹的，粗暴的,GRE_abridged
rubble,ˈrʌbl,n.,（一堆）碎石，瓦砾,GRE_abridged
rubicund,ˈruːbikənd,a.,（脸色）红润的,GRE_abridged
ruck,rʌk,n.,皱褶；普通群众,GRE_abridged
rucksack,ˈruksæk,n.,（旅行等的）背包,GRE_abridged
rudder,ˈrʌdə,n.,船舵；领导者,GRE_abridged
ruddy,ˈrʌdi,a.,（脸色）红润的，红色的,GRE_abridged
rue,ruː,n.,后悔，遗憾,GRE_abridged
ruffian,ˈrʌfiən,n.,恶棍，歹徒；a. 残暴的,GRE_abridged
ruffle,ˈrʌfl,v.,弄皱或弄乱；激怒；n. 皱边（装饰衣服）,GRE_abridged
ruminant,ˈruːminənt,a.,（动物）反刍的；沉思的,GRE_abridged
rumple,ˈrʌmpl,v.,弄皱，弄乱,GRE_abridged
rung,rʌŋ,n.,梯子横挡，梯级,GRE_abridged
runic,ˈruːnik,a.,北欧古代文字的；神秘的,GRE_abridged
ruse,ruːz,n.,骗术，诡计,GRE_abridged
rustle,ˈrʌs（ə）l,v.,（使某物）发出轻而爽的声音,GRE_abridged
rustler,ˈrʌs（ə）lə(r),n.,偷牛（马）贼,GRE_abridged
ruthlessness,ˈruːθlisnis,n.,无情，残忍,GRE_abridged
sabotage,ˈsæbətɑːʒ,n.,阴谋破坏，颠覆活动（尤指摧毁对方武器、装备或挫败对方计划）,GRE_abridged
saboteur,ˌsæbəˈtəː,n.,从事破坏活动者,GRE_abridged
saccharin,ˈsækərin,n.,糖精,GRE_abridged
saccharine,ˈsækərain,a.,（态度）娇媚的；（说话声）娇滴滴的,GRE_abridged
sacrament,ˈsækrəmənt,n.,圣礼，圣事,GRE_abridged
sacrilege,ˈsækrilidʒ,n.,亵渎，冒犯神灵,GRE_abridged
sacrilegious,sækriˈlidʒəs,a.,亵渎神圣的,GRE_abridged
sadistic,səˈdistik,a.,施虐狂的，性施虐狂的,GRE_abridged
sag,sæɡ,v.,松弛，下垂,GRE_abridged
saga,ˈsɑːɡə,n.,英雄故事，长篇小说,GRE_abridged
sagacious,səˈɡeiʃəs,a.,聪明的，睿智的,GRE_abridged
sage,seidʒ,a.,智慧的；n. 智者,GRE_abridged
saintly,ˈseintli,a.,圣徒似的，极为圣洁的,GRE_abridged
saliferous,səˈlifərəs,a.,含盐的，产盐的,GRE_abridged
saliva,səˈlaivə,n.,唾液，口水,GRE_abridged
sally,ˈsæli,n.,突围；远足,GRE_abridged
salubrious,səˈljuːbriəs,a.,（气候）有益健康的,GRE_abridged
salutary,ˈsæljutəri,a.,有益的，有益健康的,GRE_abridged
salve,sɑːv,n.,药膏；v. 减轻，缓和（痛苦，愧疚）,GRE_abridged
sampler,ˈsɑːmplə,n.,刺绣花样；取样员,GRE_abridged
sanatorium,ˌsænəˈtɔːriəm,n.,疗养院，休养所,GRE_abridged
sanctify,ˈsæŋktifai,v.,使神圣,GRE_abridged
sanctimonious,sæŋktiˈməunjəs,a.,（贬）假装神圣（虔诚）的,GRE_abridged
sandal,ˈsændl,n.,凉鞋，拖鞋,GRE_abridged
sane,sein,a.,神志清楚的；明智的，理智的,GRE_abridged
sangfroid,ˈsəːŋˈfrwɑː,n.,沉着，临危不惧,GRE_abridged
sanguine,ˈsæŋɡwin,a.,乐观的,GRE_abridged
sanitize,ˈsænitaiz,v.,使...清洁,GRE_abridged
sap,sæp,n.,树液；活力；v. 消弱，耗尽,GRE_abridged
sapient,ˈseipiənt,a.,有智慧的,GRE_abridged
sapling,ˈsæpliŋ,n.,树苗；年轻人,GRE_abridged
sartorial,sɑːˈtɔːriəl,a.,裁缝的，缝制的,GRE_abridged
sash,sæʃ,n.,肩带,GRE_abridged
satanic,səˈtænik,a.,穷凶恶极的,GRE_abridged
sate,seit,v.,使充分意足（尤指坏事）；使厌腻,GRE_abridged
sated,ˈseitid,a.,厌腻的,GRE_abridged
satiated,ˈseiʃieitid,a.,充分满足的；厌倦的，生腻的,GRE_abridged
satiny,ˈsætini,a.,光滑的，柔细的,GRE_abridged
satirize,ˈsætiraiz,v.,讽刺,GRE_abridged
saturated,ˈsætʃəreitid,a.,渗透的，湿透的，饱和的；深颜色的,GRE_abridged
saturnine,ˈsætə(ː)nain,a.,忧郁的，阴沉的,GRE_abridged
saucy,ˈsɔːsi,a.,无礼的；调皮的；漂亮的,GRE_abridged
saunter,ˈsɔːntə,n./v.,闲逛，漫步,GRE_abridged
savant,ˈsævənt,n.,博学之士，大学士,GRE_abridged
savvy,ˈsævi,a.,有见识的，精明能干的,GRE_abridged
sawdust,ˈsɔːdʌst,n.,锯屑,GRE_abridged
scab,skæb,n.,创口上所结的疤、痂,GRE_abridged
scabbard,ˈskæbəd,n.,（刀剑）鞘,GRE_abridged
scabrous,ˈskeibrəs,a.,粗糙的；粗俗的，淫秽的,GRE_abridged
scad,skæd,n.,许多，大量,GRE_abridged
scads,skædz,n.,大量，巨额,GRE_abridged
scaffold,ˈskæfəuld,n.,脚手架（造房时搭的架子）,GRE_abridged
scald,skɔːld,v.,烫，用沸水消毒；n. 烫伤,GRE_abridged
scalding,ˈskɔːldiŋ,a.,滚烫的,GRE_abridged
scalpel,ˈskælpəl,n.,外科手术刀，解剖刀,GRE_abridged
scamp,skæmp,v.,草率地做；n. 恶棍，流氓,GRE_abridged
scamper,ˈskæmpə,v.,奔跑，快跑,GRE_abridged
scant,skænt,a.,不足的，缺乏的,GRE_abridged
scarp,skɑːp,n.,悬崖，陡坡,GRE_abridged
scathe,skeið,n./v.,损害，烧伤，烧焦；严厉批评,GRE_abridged
scathing,ˈskeiðiŋ,a.,（批评，嘲笑等）苛刻的，严厉的,GRE_abridged
schematic,skiˈmætik,a.,纲要的，图解的,GRE_abridged
schematize,ˈskiːmətaiz,v.,扼要表示,GRE_abridged
schism,ˈsizəm,n.,组织分裂（尤指教会）,GRE_abridged
scintillate,ˈsintileit,v.,闪烁;（谈吐）流露机智,GRE_abridged
scion,ˈsaiən,n.,嫩芽；子孙,GRE_abridged
scission,ˈsiʒən,n.,切断，分离，分裂,GRE_abridged
scissor,ˈsizə,n.,剪刀,GRE_abridged
scoff,skɔf,v.,嘲笑；狼吞虎咽；n. 嘲笑，笑柄,GRE_abridged
scooter,ˈskuːtə,n.,滑行车，踏板车,GRE_abridged
scorching,ˈskɔːtʃiŋ,a.,酷热的,GRE_abridged
scorpion,ˈskɔːpiən,n.,蝎子,GRE_abridged
scotch,skɔtʃ,v.,镇压，粉碎，阻止,GRE_abridged
scour,ˈskauə,v.,擦洗，擦亮；四处搜索,GRE_abridged
scourge,skəːdʒ,n.,鞭子；造成灾难的人或事物；v. 鞭打；使受磨难、痛苦,GRE_abridged
scowl,skaul,n.,怒容；v. 生气地皱眉，怒视,GRE_abridged
scraggly,ˈskræɡli,a.,参差不齐的；蓬乱的,GRE_abridged
scrappy,ˈskræpi,a.,碎片的，零碎拼起来的；好斗的；坚毅的,GRE_abridged
scrawl,skrɔːl,v.,潦草地写，乱涂,GRE_abridged
screed,skriːd,n.,冗长的演说，长篇大论的文章,GRE_abridged
screwdriver,ˈskruːdraivə,n.,螺丝起子；改锥,GRE_abridged
scribble,ˈskribl,v.,乱写，乱涂,GRE_abridged
scrimp,skrimp,v.,节省或精打细算,GRE_abridged
scroll,skrəul,n.,卷轴，纸卷；画卷,GRE_abridged
scrumptious,ˈskrʌmpʃəs,a.,（食物）很可口的,GRE_abridged
scrutable,ˈskruːtəbl,a.,可以理解的,GRE_abridged
scud,skʌd,v.,疾行，疾驶,GRE_abridged
scuff,skʌf,v.,拖着脚走,GRE_abridged
sculptor,ˈskʌlptə(r),n.,雕刻家,GRE_abridged
scurrilous,ˈskʌriləs,a.,下流的，粗俗的,GRE_abridged
scurvy,ˈskəːvi,a.,卑鄙的，可鄙的；n. 坏血病,GRE_abridged
scutter,ˈskʌtə,v.,疾走,GRE_abridged
scuttle,ˈskʌtl,n.,舷窗，舱口盖,GRE_abridged
scythe,saið,n.,（割草用的）大镰刀,GRE_abridged
seafaring,ˈsiːfeəriŋ,a.,航海的，跟航海有关的,GRE_abridged
seam,siːm,n.,缝，接缝（尤指布）,GRE_abridged
seamy,ˈsiːmi,a.,肮脏的，污秽的，恶劣的，丑恶的,GRE_abridged
seasoned,ˈsiːznd,a.,有经验的，训练有素的,GRE_abridged
secede,siˈsiːd,v.,正式脱离或退出（组织）,GRE_abridged
seclude,siˈkluːd,v.,和别人隔离,GRE_abridged
sect,sekt,n.,（宗教等）派系,GRE_abridged
securities,siˈkjuəritiz,n.,有价证券,GRE_abridged
sedative,ˈsedətiv,a.,（药物）镇静的；n. 镇静剂,GRE_abridged
sedition,siˈdiʃən,n.,煽动叛乱,GRE_abridged
seditious,siˈdiʃəs,a.,煽动性的,GRE_abridged
sedulity,siˈdjuːliti,n.,勤奋，勤勉,GRE_abridged
sedulous,ˈsedjuləs,a.,勤勉的,GRE_abridged
seemly,ˈsiːmli,a.,得体的，适宜的（合乎礼仪的）,GRE_abridged
seethe,siːð,v.,（液体）沸腾，汹涌,GRE_abridged
seine,sein,n.,大捕鱼网,GRE_abridged
self-abasement,ˌselfəˈbeismənt,n.,自卑，自谦,GRE_abridged
self-absorbed,ˌselfəbˈsɔːbd,a.,自恋的,GRE_abridged
self-assertion,ˌselfəˈsəːʃən,n.,坚持己见，自信,GRE_abridged
semblance,ˈsembləns,n.,外貌；相似,GRE_abridged
seminal,ˈsiːminl,a.,有创意的；对以后发展有巨大影响的,GRE_abridged
seminary,ˈseminəri,n.,神学院,GRE_abridged
senile,ˈsiːnail,a.,年老的,GRE_abridged
sensitization,ˌsensitaiˈzeiʃən,n.,敏感化,GRE_abridged
sensitize,ˈsensitaiz,v.,使某人或某事物敏感,GRE_abridged
sensual,ˈsensjuəl,a.,肉欲的，淫荡的,GRE_abridged
sententious,senˈtenʃəs,a.,好说教的；简要的,GRE_abridged
sentient,ˈsenʃənt,a.,有知觉的；知悉的，察觉到的,GRE_abridged
sentinel,ˈsentinl,n.,哨兵，卫兵,GRE_abridged
sentry,ˈsentri,n.,哨兵，步哨,GRE_abridged
septic,ˈseptik,a.,受感染的,GRE_abridged
sepulchral,siˈpʌlkrəl,a.,坟墓的；阴深的,GRE_abridged
sequacious,siˈkweiʃəs,a.,盲从的,GRE_abridged
sequela,siˈkwiːlə,n.,后继者；后遗症,GRE_abridged
sequester,siˈkwestə,v.,（使）隐退；使隔离，使隔绝,GRE_abridged
sequestrate,siˈkwestreit,v.,扣押，没收,GRE_abridged
seraphic,seˈræfik,a.,如天使般的，美丽的,GRE_abridged
sere,siə,a.,干枯的，凋萎的,GRE_abridged
serenade,ˌseriˈneid,n.,夜曲,GRE_abridged
serendipity,ˌserənˈdipiti,n.,善于发掘新奇事物的天赋,GRE_abridged
serfdom,ˈsəːfdəm,n.,农奴身份，农奴境遇,GRE_abridged
sermonize,ˈsəːmənaiz,v.,说教，讲道,GRE_abridged
serpentine,ˈsəːpəntain,a.,似蛇般绕曲的，蜿蜒的,GRE_abridged
serrate,ˈserit,a.,锯齿状的,GRE_abridged
serrated,seˈreitid,a.,呈锯齿状的,GRE_abridged
serried,ˈserid,a.,（人或物的行列）密集的,GRE_abridged
serviceable,ˈsəːvisəbl,a.,可用的，耐用的,GRE_abridged
servile,ˈsəːvail,a.,奴性的，百依百顺的,GRE_abridged
servitude,ˈsəːvitjuːd,n.,奴役，劳役,GRE_abridged
settled,ˈsetld,a.,固定的,GRE_abridged
sewer,ˈsjuə,n.,排水沟，下水道；缝纫者,GRE_abridged
sextant,ˈsekstənt,n.,六分仪（航海定向仪器）,GRE_abridged
shack,ʃæk,n.,简陋的小屋，棚屋,GRE_abridged
shale,ʃeil,n.,页岩（一种由似泥土细粒的沉淀物层组成的易分裂的岩石）,GRE_abridged
sham,ʃæm,n.,虚假，装出来的东西；v. 伪装,GRE_abridged
shamble,ˈʃæmbl,v.,蹒跚而行，踉跄而行,GRE_abridged
shambles,ˈʃæmblz,n.,凌乱景象，杂乱无章,GRE_abridged
shanty,ˈʃænti,n.,简陋的小木屋,GRE_abridged
shard,ʃɑːd,n.,（陶器等）碎片,GRE_abridged
shattered,ˈʃætəd,a.,（事物，想法，希望）粉碎的；破坏的,GRE_abridged
shavings,ˈʃeiviŋs,n.,刨花,GRE_abridged
shawl,ʃɔːl,n.,（妇女用）披肩,GRE_abridged
sheaf,ʃiːf,n.,一捆，一束,GRE_abridged
sheath,ʃiːθ,n.,（刀、剑）鞘、套,GRE_abridged
sheen,ʃiːn,n.,光辉，光泽,GRE_abridged
shelve,ʃelv,v.,（物品，事情）搁置,GRE_abridged
sheriff,ˈʃerif,n.,警长，县治安官，司法长官,GRE_abridged
shibboleth,ˈʃibəleθ,n.,陈旧语句,GRE_abridged
shiftiness,ˈʃiftinis,n.,奸诈,GRE_abridged
shiftless,ˈʃiftlis,a.,没有志向的；偷懒的；无能的,GRE_abridged
shilly-shally,ˈʃiliʃæli,v.,"犹豫不决,虚度时光",GRE_abridged
shimmer,ˈʃimə,v.,闪烁，微微发亮,GRE_abridged
shingle,ˈʃiŋɡl,n.,木瓦，屋顶板；木质小招牌,GRE_abridged
shipshape,ˈʃipʃeip,a.,整洁的，井然有序的,GRE_abridged
shipwright,ˈʃiprait,n.,造船者,GRE_abridged
shirk,ʃəːk,v.,逃避,GRE_abridged
shoal,ʃəul,n.,浅滩，浅水处；一群（鱼等）；a. 水浅的,GRE_abridged
shoddy,ˈʃɔdi,n.,劣质的，冒充好货的,GRE_abridged
shoplift,ˈʃɔpˌlift,v.,在商店里偷窃货品,GRE_abridged
shopworn,ˈʃɔpwɔːn,a.,（在商店中陈列过久而）旧了的,GRE_abridged
shriek,ʃriːk,v.,尖叫,GRE_abridged
shrine,ʃrain,n.,神坛，圣地,GRE_abridged
shrivel,ˈʃrivl,v.,（使）枯萎,GRE_abridged
shuck,ʃʌk,n.,（植物的）壳，夹；无用之物,GRE_abridged
shudder,ˈʃʌdə,v./n.,（因寒冷、恐惧等）战栗，发抖,GRE_abridged
shunt,ʃʌnt,v.,使（火车）转到另一轨道，转移方向,GRE_abridged
sibilant,ˈsibilənt,a.,发出咝咝声的,GRE_abridged
sibling,ˈsibliŋ,n.,兄弟或姊妹,GRE_abridged
sibyl,ˈsibil,n.,女预言家，女先知,GRE_abridged
sidereal,saiˈdiəriəl,a.,（天文）恒星的,GRE_abridged
sideshow,ˈsaidʃəu,n.,（马戏团，游乐场的）杂耍，穿插表演,GRE_abridged
sidesplitting,ˈsaidsplitiŋ,a.,令人捧腹大笑的,GRE_abridged
sidestep,ˈsaidstep,v.,横跨一步以躲避；回避,GRE_abridged
sidle,ˈsaidl,v.,（偷偷地）侧身而行,GRE_abridged
sift,sift,v.,筛，过滤,GRE_abridged
signatory,ˈsiɡnətəri,n.,签署者，签署国,GRE_abridged
sill,sil,n.,门槛；窗台,GRE_abridged
silversmith,ˈsilvəsmiθ,n.,银匠,GRE_abridged
simian,ˈsimiən,a.,猿的，猴的；n. 猴，类人猿,GRE_abridged
simile,ˈsimili,n.,明喻,GRE_abridged
simonize,ˈsaimənaiz,v.,给...上蜡，把...擦亮,GRE_abridged
simper,ˈsimpə,v.,痴笑，傻笑,GRE_abridged
simpleton,ˈsimpltən,n.,笨蛋，傻瓜,GRE_abridged
sinecure,ˈsainikjuə,n.,挂名差事，工作清闲但领薪的职位,GRE_abridged
sinew,ˈsinjuː,n.,腱，肌肉；力量,GRE_abridged
siren,ˈsaiərin,n.,汽笛，警报器,GRE_abridged
sizzler,ˈsizlə(r),n.,炎热天气，大热天,GRE_abridged
skein,skein,n.,一束（线或纱）,GRE_abridged
skew,skjuː,a.,不直的，歪斜的,GRE_abridged
skewer,ˈskjuə,n.,（烤肉用的）穿肉杆；v. 用杆穿好,GRE_abridged
skiff,skif,n.,轻舟，小船,GRE_abridged
skillet,ˈskilit,n.,煎锅,GRE_abridged
skimp,skimp,v.,节省花费,GRE_abridged
skinflint,ˈskinflint,n.,吝啬鬼,GRE_abridged
skirmish,ˈskəːmiʃ,n.,小规模战斗；（人）小争吵,GRE_abridged
skit,skit,n.,（模仿取笑某人或某事的）幽默讽刺短剧,GRE_abridged
skittish,ˈskitiʃ,a.,轻浮的，轻佻的,GRE_abridged
skullduggery,skʌlˈdʌɡəri,n.,舞弊,GRE_abridged
skunk,skʌŋk,n.,臭鼬，黄鼠狼；v. 欺骗,GRE_abridged
skyrocket,ˈskaiˌrɔkit,v.,陡升，猛涨,GRE_abridged
slab,slæb,n.,厚板，厚块,GRE_abridged
slake,sleik,v.,解渴；满足（欲望）,GRE_abridged
slanderous,ˈslɑːndərəs,a.,诽谤的,GRE_abridged
slapdash,ˈslæpdæʃ,adv./a.,马虎地（的）,GRE_abridged
slate,sleit,n.,石板；候选人名单；v. 提名,GRE_abridged
slaver,ˈsleivə,v.,流口水；奉承；n. 口水,GRE_abridged
slay,slei,v.,杀，残杀,GRE_abridged
sleazy,ˈsliːzi,a.,邋遢的；格调低下的,GRE_abridged
sledge,sledʒ,n.,雪橇,GRE_abridged
sledgehammer,ˈsledʒˌhæmə,n.,长柄大锤,GRE_abridged
sleigh,slei,n.,（马拉的）雪橇,GRE_abridged
sleight,slait,n.,巧妙手法，巧计；灵巧,GRE_abridged
slew,sluː,v.,（使）旋转；n. 大量,GRE_abridged
slick,slik,a.,熟练而有效的；（人）圆滑的；光滑的,GRE_abridged
sling,sliŋ,v.,"投掷，扔；n. 吊腕带,吊索",GRE_abridged
slink,sliŋk,v.,潜逃,GRE_abridged
slippage,ˈslipidʒ,n.,（价值，价格）滑动，下降,GRE_abridged
slipshod,ˈslipʃɔd,a.,马虎的，不认真的,GRE_abridged
slit,slit,v.,撕裂；n. 裂缝,GRE_abridged
slither,ˈsliðə,v.,（蛇）滑动，扭动前进，蛇行,GRE_abridged
sliver,ˈslivə,n.,长条；v. 裂成细片,GRE_abridged
slobber,ˈslɔbə,n.,口水；v. 流口水；粗俗地表示,GRE_abridged
slosh,slɔʃ,v.,溅，泼；n. 雪泥,GRE_abridged
slouch,slautʃ,n.,没精打采的样子；v. 没精打采地坐（站、走）,GRE_abridged
slough,slʌf,v.,（蛇等）蜕皮；n. （蛇等的）蜕皮,GRE_abridged
sloven,ˈslʌvən,n.,不修边幅的人,GRE_abridged
slue,sluː,v.,（使）旋转,GRE_abridged
sluggard,ˈslʌɡəd,n.,懒鬼,GRE_abridged
sluice,sluːs,n.,水门，水闸；v. 冲洗,GRE_abridged
slur,sləː,v.,含糊不清地讲,GRE_abridged
slurp,sləːp,v.,大声地啜喝,GRE_abridged
smarmy,ˈsmɑːmi,a.,虚情假意的,GRE_abridged
smattering,ˈsmætəriŋ,n.,略知，一知半解；少数，少量,GRE_abridged
smirch,sməːtʃ,v.,玷污；n. 污点,GRE_abridged
smirk,sməːk,v.,假笑，得意地笑,GRE_abridged
smite,smait,v.,重打，猛击，折磨,GRE_abridged
smudge,smʌdʒ,n.,污迹，渍痕（常因摩擦造成）；v. 弄脏,GRE_abridged
smug,smʌɡ,a.,自满的，自命不凡的,GRE_abridged
smut,smʌt,n.,污迹；v. 弄脏，污,GRE_abridged
snappish,ˈsnæpiʃ,a.,脾气暴躁的,GRE_abridged
snappy,ˈsnæpi,a.,精力充沛的；潇洒的,GRE_abridged
snare,sneə,n.,罗网，陷阱,GRE_abridged
snarl,snɑːl,n./v.,纠缠，混乱；v. 咆哮，怒骂,GRE_abridged
sneaking,ˈsniːkiŋ,a.,秘密的，私下的，不公开的（尤指不应有的情感）,GRE_abridged
snicker,ˈsnikə,v./n.,窃笑，暗笑,GRE_abridged
snide,snaid,a.,讽刺的，含沙射影的,GRE_abridged
snip,snip,v.,剪断,GRE_abridged
snipe,snaip,v.,狙击,GRE_abridged
snitch,snitʃ,v.,告密，告发朋友；迅速地偷,GRE_abridged
snivel,ˈsnivl,v.,流鼻涕；n. 啜泣,GRE_abridged
snooze,snuːz,v.,打盹儿，打瞌睡,GRE_abridged
snowdrift,ˈsnəudrift,n.,（风刮成的）雪堆,GRE_abridged
snub,snʌb,v.,冷落，不理睬,GRE_abridged
snug,snʌɡ,a.,温暖的，舒适的,GRE_abridged
snuggle,ˈsnʌɡl,v.,挨近，依偎,GRE_abridged
sobriety,sə（u）ˈbraiəti,n.,庄重，认真，审慎,GRE_abridged
sod,sɔd,n.,草地，草坪,GRE_abridged
sodden,ˈsɔdn,a.,浸透了的,GRE_abridged
soggy,ˈsɔɡi,a.,湿透的,GRE_abridged
soigne,swɑːˈnjei,a.,时髦的，优雅的,GRE_abridged
solace,ˈsɔləs,n.,安慰，慰藉,GRE_abridged
solicitude,səˈlisitjuːd,n.,关怀，牵挂,GRE_abridged
somatic,səuˈmætik,a.,肉体的，身体的,GRE_abridged
somber,ˈsɔmbə,a.,忧郁的；阴暗的,GRE_abridged
somnolent,ˈsɔmnələnt,a.,思睡的；催眠的,GRE_abridged
sonata,səˈnɑːtə,n.,奏鸣曲,GRE_abridged
sonnet,ˈsɔnit,n.,十四行诗,GRE_abridged
sonorous,səˈnɔːrəs,a.,（声音）洪亮的,GRE_abridged
soot,sut,n.,黑烟灰，油烟,GRE_abridged
sop,sɔp,n.,泡过的食品；安慰品（用以使人平静的东西）；v. 浸泡,GRE_abridged
sophism,ˈsɔfizəm,n.,诡辩；诡辩法（术）,GRE_abridged
sophistry,ˈsɔfistri,n.,诡辩；诡辩术,GRE_abridged
soporific,ˌsəupəˈrifik,a.,催眠的；n. 安眠药,GRE_abridged
sopping,ˈsɔpiŋ,a.,浑身湿透的,GRE_abridged
sorcery,ˈsɔːsəri,n.,巫术，魔法，妖术,GRE_abridged
sordid,ˈsɔːdid,a.,（人）卑鄙的；（状况，地方）肮脏的,GRE_abridged
soulful,ˈsəulfəl,a.,充满热情的，深情的,GRE_abridged
souse,saus,v.,浸在水中，使湿透,GRE_abridged
spackle,ˈspækl,n.,填泥料（用以填塞裂缝和洞穴）,GRE_abridged
spangle,ˈspæŋɡl,n.,（缝在衣服上的）金属片；v. 闪光,GRE_abridged
spank,spæŋk,v.,打，拍打（在屁股上）,GRE_abridged
sparing,ˈspeəriŋ,a.,节俭的,GRE_abridged
sparring,ˈspɑːriŋ,n.,拳击，争斗,GRE_abridged
spartan,ˈspɑːtən,a.,简朴的；刻苦的,GRE_abridged
spasmodic,spæzˈmɔdik,a.,痉挛的；间歇性的,GRE_abridged
spat,spæt,n.,口角，小争论,GRE_abridged
spate,speit,n.,大批，大量；（水）泛滥,GRE_abridged
spatter,ˈspætə,v.,喷洒,GRE_abridged
spatula,ˈspætjulə,n.,（调拌等用的）抹刀，铲子,GRE_abridged
specifics,spiˈsifiks,n.,细小问题，细节,GRE_abridged
specious,ˈspiːʃəs,a.,似是而非的；华而不实的,GRE_abridged
speck,spek,n.,小斑点，小污点；少量,GRE_abridged
specter,ˈspektə,n.,鬼魂，幽灵；（缠绕心头的）恐惧,GRE_abridged
spectral,ˈspektrəl,a.,幽灵的,GRE_abridged
speleology,ˌspiliˈɔlədʒi,n.,洞穴学,GRE_abridged
spendthrift,ˈspendˌθrift,adj./n.,挥金如土的（人）,GRE_abridged
spike,spaik,n.,长钉，大钉；v. 钉牢；扣球,GRE_abridged
spindly,ˈspindli,a.,细长的，纤弱的,GRE_abridged
spire,ˈspaiə,n.,（教堂）尖顶,GRE_abridged
splashy,ˈsplæʃi,a.,溅水的；炫耀显眼的,GRE_abridged
splice,splais,v.,接合，衔接（绳子，胶卷等）,GRE_abridged
splint,splint,n.,（固定断骨的）夹板，托板,GRE_abridged
splurge,spləːdʒ,n.,炫耀，摆阔；挥霍,GRE_abridged
spoilsport,ˈspɔilspɔːt,n.,破坏他人兴致的人,GRE_abridged
spoke,spəuk,n.,（车轮上）辐条,GRE_abridged
spoof,spuːf,n.,&v. 揶揄，嘲讽，进行滑稽模仿以戏弄,GRE_abridged
spool,spuːl,n.,（缠录音带等的）卷盘（轴）,GRE_abridged
spoor,spuə,n.,（野兽的）足迹，臭迹,GRE_abridged
sportive,ˈspɔːtiv,a.,嬉戏的，欢闹的,GRE_abridged
sprain,sprein,v.,扭伤,GRE_abridged
sprawling,ˈsprɔːliŋ,a.,植物不规则地生长的，（城市建筑物）无计划地扩展的,GRE_abridged
sprig,spriɡ,n.,嫩枝，小枝,GRE_abridged
sprightly,ˈspraitli,a.,愉快的，活泼的，精力充沛的,GRE_abridged
sprint,sprint,v.,短距离全速奔跑,GRE_abridged
spruce,spruːs,n.,云杉（一种叶子茂密的树）；a. 整洁的,GRE_abridged
spunk,spʌŋk,n.,勇气，胆量,GRE_abridged
spurious,ˈspjuəriəs,a.,假的；伪造的,GRE_abridged
spurn,spəːn,n.,拒绝，摈弃,GRE_abridged
squab,skwɔb,a.,刚孵出的，羽毛未丰的,GRE_abridged
squalid,ˈskwɔlid,a.,污秽的，肮脏的,GRE_abridged
squall,skwɔːl,n.,短暂、突然且猛烈的风暴；短暂的骚动,GRE_abridged
squalor,ˈskwɔlə,n.,不洁，污秽,GRE_abridged
squat,skwɔt,v.,蹲下；a. （贬）矮胖的,GRE_abridged
squeamish,ˈskwiːmiʃ,a.,易受惊的；易恶心的,GRE_abridged
squelch,skweltʃ,v.,压制，镇压,GRE_abridged
squint,skwint,v.,斜视；眯眼看,GRE_abridged
staccato,stəˈkɑːtəu,a.,（音乐）断音的，不连贯的,GRE_abridged
stagy,ˈsteidʒi,a.,不自然的，演戏一般的,GRE_abridged
staid,steid,a.,稳重的，沉着的,GRE_abridged
stalemate,ˈsteilˈmeit,n.,和棋局面，僵局,GRE_abridged
stalwart,ˈstɔːlwət,a.,健壮的；坚定的，忠诚的,GRE_abridged
stampede,stæmˈpiːd,v.,惊跑，逃窜,GRE_abridged
stanch,stɑːntʃ,v.,制止（血液），止住,GRE_abridged
standstill,ˈstændstil,n.,处于停顿状态，中止,GRE_abridged
stanza,ˈstænzə,n.,（诗）节，段（尤指压韵的）,GRE_abridged
star-crossed,ˈstɑːˈkrɔst,a.,时运不济的,GRE_abridged
starchy,ˈstɑːtʃi,a.,含淀粉的；刻板的,GRE_abridged
stasis,ˈsteisis,n.,停滞,GRE_abridged
stately,ˈsteitli,a.,庄严的；宏伟的,GRE_abridged
statuary,ˈstætjuəri,n.,雕像；雕塑艺术,GRE_abridged
staunch,stɔːntʃ,a.,坚定的，忠诚的,GRE_abridged
stealth,stelθ,n.,秘密的行动,GRE_abridged
steeple,ˈstiːpl,n.,尖塔，尖阁,GRE_abridged
stench,stentʃ,n.,臭气，恶臭（stink）,GRE_abridged
stencil,ˈstensl,n.,（用以刻写图案、文字的）模板；v. 用模板刻写,GRE_abridged
stentorian,stenˈtɔːriən,a.,（指声音）极响亮的,GRE_abridged
sterilize,ˈsterilaiz,v.,使不育；杀菌,GRE_abridged
stethoscope,ˈsteθəskəup,n.,听诊器,GRE_abridged
stickler,ˈstiklə,n.,坚持细节之人,GRE_abridged
stigmatize,ˈstiɡmətaiz,v.,污蔑，玷污,GRE_abridged
stilted,ˈstiltid,a.,（文章，谈话）不自然的；夸张的,GRE_abridged
stinginess,ˈstiŋinis,n.,小气,GRE_abridged
stint,stint,v.,节省，节制,GRE_abridged
stipple,ˈstipl,v.,点画，点描,GRE_abridged
stockade,stɔˈkeid,n.,（防御用的）栅栏，围栏,GRE_abridged
stoic,ˈstəuik,n.,坚忍克己之人,GRE_abridged
stoke,stəuk,v.,给...添加燃料,GRE_abridged
stolid,ˈstɔlid,a.,（贬）（人）无动于衷的，冷漠的,GRE_abridged
stonewall,ˌstəunˈwɔːl,v.,拖延议事，设置障碍,GRE_abridged
stouthearted,ˌstautˈhɑːtid,a.,刚毅的，大胆的,GRE_abridged
stowaway,"ˈstəuə,wei",n.,（藏于轮船、飞机中的）偷乘者,GRE_abridged
straggle,ˈstræɡl,v.,迷路；落伍；蔓延,GRE_abridged
straiten,ˈstreitn,v.,使陷入困难；使变窄,GRE_abridged
stranded,ˈstrændid,a.,搁浅的，进退两难的,GRE_abridged
strangulation,ˌstræɡjuˈleiʃ（ə）n,n.,扼杀，勒死,GRE_abridged
stratagem,ˈstrætidʒəm,n.,精心设计（用以蒙蔽他人）的谋略，策略,GRE_abridged
stratify,ˈstrætifai,v.,（使）分层，（使）分等级,GRE_abridged
strew,struː,v.,撒，散播,GRE_abridged
striate,ˈstraieit,v.,在...加上条纹,GRE_abridged
striated,ˈstraieitid,a.,有条纹的,GRE_abridged
stricken,ˈstrikən,a.,被（疾病等）折磨的；被击中的,GRE_abridged
stricture,ˈstriktʃə,n.,严厉谴责；束缚,GRE_abridged
strident,ˈstraidnt,a.,尖声的，刺耳的,GRE_abridged
strife,straif,n.,纷争，冲突,GRE_abridged
strut,strʌt,v.,趾高气扬地走；n. 支柱，支杆,GRE_abridged
studied,ˈstʌdid,a.,慎重的；认真习得的,GRE_abridged
stultify,ˈstʌltifai,v.,使变得荒谬可笑；使无用,GRE_abridged
stupefy,ˈstjuːpifai,v.,（使）茫然，吓呆,GRE_abridged
stupendous,stju(ː)ˈpendəs,a.,"巨大的,大得惊人的",GRE_abridged
stupor,ˈstjuːpə,n.,昏迷，不醒人事,GRE_abridged
stutter,ˈstʌtə,n./v.,口吃，结巴,GRE_abridged
stygian,ˈstidʒiən,a.,阴暗的，阴森森的,GRE_abridged
stylus,ˈstailəs,n.,（刻写用的）尖笔；（留声机的）唱针,GRE_abridged
stymie,ˈstaimi,v.,妨碍，阻挠,GRE_abridged
subdued,sʌbˈdjud,a.,（光和声）柔和的，缓和的；（人）温和的,GRE_abridged
subjugate,ˈsʌbdʒuɡeit,v.,征服（国家）,GRE_abridged
sublime,səˈblaim,a.,崇高的,GRE_abridged
subliminal,sʌbˈliminl,a.,潜意识的,GRE_abridged
suborn,sʌˈbɔːn,v.,收买，贿赂（他人以做违法之事，尤指作伪证）,GRE_abridged
subpoena,səbˈpiːnə,n.,（法律）传票；v. （用传票）传讯,GRE_abridged
subside,səbˈsaid,v.,（建筑物等）下陷；（天气等）平息,GRE_abridged
subsidiary,səbˈsidjəri,a.,辅助的；次要的,GRE_abridged
substratum,ˈsʌbˈstrɑːtəm,n.,基础；地基,GRE_abridged
subsume,sʌbˈsjuːm,v.,包含，把...归入,GRE_abridged
subterfuge,ˈsʌbtəfjuːdʒ,n.,诡计，托辞（尤指为逃避困难、责任、失败）,GRE_abridged
subterranean,sʌbtəˈreiniən,a.,地下的，地表下的,GRE_abridged
subvention,səbˈvenʃən,n.,补助金，津贴,GRE_abridged
subversive,sʌbˈvəːsiv,a.,颠覆性的，破坏性的,GRE_abridged
succor,ˈsʌkə,v./n.,救助，援助,GRE_abridged
suffocate,ˈsʌfəkeit,v.,（使）窒息而死,GRE_abridged
suffrage,ˈsʌfridʒ,n.,选举权，投票权,GRE_abridged
sulky,ˈsʌlki,a.,生闷气的，不搭理人的,GRE_abridged
sully,ˈsʌli,v.,玷污，污染,GRE_abridged
sultry,ˈsʌltri,a.,（天气，空气）闷热的；（女人）风骚的，能激起性欲的,GRE_abridged
summarily,ˈsʌmərəli,adv.,概括地；仓促地,GRE_abridged
summation,sʌˈmeiʃən,n.,总结，概要；总数，合计,GRE_abridged
sumptuous,ˈsʌmptjuəs,a.,豪华的，奢侈的,GRE_abridged
sunder,ˈsʌndə,v.,分开，分离,GRE_abridged
sundry,ˈsʌndri,a.,各式各样，各种的,GRE_abridged
superannuated,sjuːpəˈrænjueitid,a.,老迈的,GRE_abridged
supercilious,ˌsjuːpəˈsiliəs,a.,目中无人的，高傲的,GRE_abridged
superficiality,"sjuːpə,fiʃiˈæliti",n.,浅薄,GRE_abridged
superfluity,ˌsjuːpəˈfluiti,n.,多余的量,GRE_abridged
superfluous,sjuːˈpəːfluəs,a.,多余的，累赘的,GRE_abridged
superimpose,ˈsjuːpərimˈpəuz,v.,加在上面,GRE_abridged
superintend,ˌsjuːpərinˈtend,v.,监督,GRE_abridged
superlative,sjuːˈpəːlətiv,a.,最佳的,GRE_abridged
supernova,ˌsjuːpəˈnəuvə,n.,超新星,GRE_abridged
supine,sjuːˈpain,a.,仰卧的；懒散的,GRE_abridged
suppliant,ˈsʌpliənt,a.,恳求的，哀求的；n. 恳求者,GRE_abridged
supplicant,ˈsʌplikənt,n.,乞求者，恳求者,GRE_abridged
supplicate,ˈsʌplikeit,v.,恳求，乞求,GRE_abridged
surcharge,səːˈtʃɑːdʒ,v.,对...收取额外费用；n. 附加费,GRE_abridged
surfeit,ˈsəːfit,n.,（饮食）过量，过度；v. 使过量（饮食）,GRE_abridged
surly,ˈsəːli,a.,脾气暴躁的；阴沉的,GRE_abridged
surrealism,səˈriəliz（ə）m,n.,超现实主义,GRE_abridged
surreptitious,ˌsʌrəpˈtiʃəs,a.,（贬）鬼鬼祟祟的，暗中进行的,GRE_abridged
surrogate,ˈsʌrəɡit,n.,代替品；代理人,GRE_abridged
surveyor,səˈveiə,n.,（建筑，土地）测量员,GRE_abridged
susceptibility,"sə,septəˈbiliti",n.,易受影响性,GRE_abridged
suture,ˈsjuːtʃə,n.,（伤口的）缝线；v. 缝合,GRE_abridged
svelte,svelt,a.,（女人）体态苗条的,GRE_abridged
swagger,ˈswæɡə,v.,（贬）自鸣得意地走，大摇大摆地走,GRE_abridged
swank,swæŋk,v.,夸耀，炫耀,GRE_abridged
swarthy,ˈswɔːði,a.,（皮肤等）黝黑的,GRE_abridged
swathe,sweið,v.,包，绑，裹,GRE_abridged
sweltering,ˈsweltəriŋ,a.,酷热的,GRE_abridged
swerve,swəːv,v.,突然改变方向,GRE_abridged
swig,swiɡ,v.,痛饮,GRE_abridged
swill,swil,v.,冲洗；大喝，痛饮,GRE_abridged
swindle,ˈswindl,v.,诈骗,GRE_abridged
swine,swain,n.,猪,GRE_abridged
swirl,swəːl,v.,旋转，起漩涡；n. 漩涡,GRE_abridged
swoop,swuːp,v.,猛扑，突然袭击,GRE_abridged
sybarite,ˈsibərait,n.,奢侈逸乐的人,GRE_abridged
sybaritic,ˌsibəˈritik,a.,放纵的，好享乐的,GRE_abridged
sycophant,ˈsikəfənt,n.,马屁精,GRE_abridged
syllabus,ˈsiləbəs,n.,教学纲要，教学大纲,GRE_abridged
symbiosis,ˌsimbaiˈəusis,n.,（生）共生（关系）,GRE_abridged
synchronous,ˈsiŋkrənəs,a.,同时发生的,GRE_abridged
synergic,siˈnəːdʒik,a.,协同作用的,GRE_abridged
synoptic,siˈnɔptik,a.,摘要的,GRE_abridged
syringe,ˈsirindʒ,n.,注射器,GRE_abridged
taciturn,ˈtæsitəːn,a.,沉默寡言的,GRE_abridged
tackiness,ˈtækinis,n.,胶粘性,GRE_abridged
tactile,ˈtæktail,a.,触觉的,GRE_abridged
tadpole,ˈtædpəul,n.,蝌蚪,GRE_abridged
taking,ˈteikiŋ,a.,动人的，吸引人的,GRE_abridged
talisman,ˈtælizmən,n.,避邪物，护身符,GRE_abridged
talon,ˈtælən,n.,猛禽的锐爪,GRE_abridged
tambourine,ˌtæmbəˈriːn,n.,铃鼓，手鼓,GRE_abridged
tamp,tæmp,v.,捣实，砸实,GRE_abridged
tangential,tænˈdʒenʃ（ə）l,a.,切线的；离题的,GRE_abridged
tango,ˈtæŋɡəu,n.,探戈舞,GRE_abridged
tangy,ˈtæŋi,a.,强烈的，扑鼻的,GRE_abridged
tantamount,ˈtæntəmaunt,a.,与...相等的,GRE_abridged
tantrum,ˈtæntrəm,n.,发脾气，发怒（尤指儿童）,GRE_abridged
taper,ˈteipə,n.,细蜡烛；v. （长形物体的）逐渐变细,GRE_abridged
tapestry,ˈtæpistri,n.,挂毯,GRE_abridged
tare,teə,n.,莠草，杂草,GRE_abridged
tarpaulin,tɑːˈpɔlin,n.,防水油布,GRE_abridged
tarry,ˈtɑːri,v.,徘徊，耽搁,GRE_abridged
tart,tɑːt,a.,酸的；尖酸的,GRE_abridged
tatter,ˈtætə,v.,撕碎；n. 碎片,GRE_abridged
tattered,ˈtætəd,a.,衣衫褴褛的；破旧的,GRE_abridged
tattle,ˈtætl,v.,闲聊；泄露秘密,GRE_abridged
tatty,ˈtæti,a.,破烂的，不整洁的,GRE_abridged
taut,tɔːt,a.,绷紧的，拉进的,GRE_abridged
tauten,ˈtɔːtn,v.,拉紧，绷紧,GRE_abridged
tautological,ˌtɔːtəˈlɔdʒikəl,a.,用语重复的,GRE_abridged
tawdry,ˈtɔːdri,a.,华而不实的，俗丽的,GRE_abridged
taxing,ˈtæksiŋ,a.,繁重的,GRE_abridged
taxonomist,tækˈsɔnəmist,n.,分类学家,GRE_abridged
technocrat,ˈteknəkræt,n.,技术管理人员,GRE_abridged
teeter,ˈtiːtə,v.,摇晃地站立或移动,GRE_abridged
teetotal,tiːˈtəutl,a.,滴酒不沾的,GRE_abridged
temerity,tiˈmeriti,n.,鲁莽，大胆,GRE_abridged
temp,temp,v.,做临时工作,GRE_abridged
tempest,ˈtempist,n.,暴风雨；骚动，风波,GRE_abridged
tempestuous,temˈpestjuəs,a.,有暴风雨的；动乱的,GRE_abridged
temporize,ˈtempəraiz,v.,拖延时间（暂缓决定或说明）；见风使舵，顺应时势,GRE_abridged
tenable,ˈtenəbl,a.,站得住脚的，无懈可击的，可防守的,GRE_abridged
tenacity,tiˈnæsiti,n.,坚持，固执,GRE_abridged
tendentious,tenˈdenʃəs,a.,有偏见的，有倾向性的,GRE_abridged
tendinous,ˈtendinəs,a.,腱的,GRE_abridged
tenet,ˈtenit,n.,信念；信条；教义,GRE_abridged
tenor,ˈtenə,n.,男高音；要点，要旨,GRE_abridged
tensile,ˈtensail,a.,张力的，可伸展的,GRE_abridged
terminus,ˈtəːminəs,n.,（火车，汽车）终点站,GRE_abridged
termite,ˈtəːmait,n.,白蚁,GRE_abridged
terse,təːs,a.,简洁的，简明的,GRE_abridged
testament,ˈtestəmənt,n.,遗嘱；证明,GRE_abridged
testator,tesˈteitə,n.,立遗嘱的人,GRE_abridged
testiness,ˈtestinis,n.,易怒,GRE_abridged
testy,ˈtesti,a.,性急的，暴躁的,GRE_abridged
tether,ˈteðə,v.,用绳或链拴住（牲畜）；n. （拴牲畜的）绳或链；（能力等的）限度，范围,GRE_abridged
thatch,θætʃ,v.,以茅草覆盖；n. 茅草屋顶，茅草,GRE_abridged
thematic,θiːˈmætik,a.,主题的,GRE_abridged
theocracy,θiˈɔkrəsi,n.,神权政治,GRE_abridged
thespian,ˈθespiən,a.,戏剧的，演戏的,GRE_abridged
thicket,ˈθikit,n.,树丛，灌木丛,GRE_abridged
thrall,ˈθrɔːl,n.,奴隶，农奴,GRE_abridged
thrash,θræʃ,v.,鞭打,GRE_abridged
threadbare,ˈθredbeə,a.,磨破的；陈腐的,GRE_abridged
thresh,θreʃ,v.,打谷，脱粒,GRE_abridged
throes,θrəuz,n.,剧痛,GRE_abridged
throttle,ˈθrɔtl,v.,掐脖子；扼杀；n. 节流阀,GRE_abridged
throwback,ˈθrəubæk,n.,（生）返祖现象,GRE_abridged
tickler,ˈtikl,n.,棘手的问题，难题,GRE_abridged
ticklish,ˈtikliʃ,a.,怕痒的；易怒的,GRE_abridged
tiff,tif,n.,吵嘴，呕气,GRE_abridged
tightfisted,ˈtaitfistid,a.,吝啬的，极小气的,GRE_abridged
timbre,ˈtimbə,n.,音色，音质,GRE_abridged
timeworn,ˈtaimwɔːn,a.,陈旧的，老朽的,GRE_abridged
timidity,tiˈmiditi,n.,胆怯,GRE_abridged
timorous,ˈtimərəs,a.,胆小的，胆怯的,GRE_abridged
tinder,ˈtində,n.,火种，易燃物，引火物,GRE_abridged
tined,taind,a.,尖的，尖头突出的,GRE_abridged
tinge,tindʒ,v.,染色；使带气息,GRE_abridged
tinker,ˈtiŋkə,n.,补锅工人；v. 拙劣修补,GRE_abridged
tipple,ˈtipl,v.,酗酒；n. 烈酒,GRE_abridged
tirade,taiˈreid,n.,长篇的攻击性讲话,GRE_abridged
titular,ˈtitjulə,a.,有名无实的，名义上的,GRE_abridged
toady,ˈtəudi,n.,谄媚者，马屁精,GRE_abridged
tombstone,ˈtuːmstəun,n.,墓碑，墓石,GRE_abridged
tongs,tɔŋz,n.,夹子，钳子,GRE_abridged
tonic,ˈtɔnik,n.,增进健康之物，补品；a. 滋补的,GRE_abridged
tonsorial,tɔnˈsɔːriəl,a.,理发师的，理发的,GRE_abridged
tony,ˈtəuni,a.,高贵的，豪华的,GRE_abridged
topsy-turvy,ˌtɔpsiˈtəːvi,a.,颠倒的，相反的；乱七八糟的,GRE_abridged
torpedo,tɔːˈpiːdəu,n.,鱼雷,GRE_abridged
torpor,ˈtɔːpə,n.,懒散；迟钝,GRE_abridged
torque,tɔːk,n.,转（力）矩，扭转力；项圈,GRE_abridged
torrential,tɔˈrenʃəl,a.,似急流的，洪流的,GRE_abridged
torrid,ˈtɔrid,a.,酷热的,GRE_abridged
torso,ˈtɔːsəu,n.,（人体的）躯干；躯干像,GRE_abridged
tortuous,ˈtɔːtjuəs,a.,弯弯曲曲的,GRE_abridged
totalitarian,ˌtəutæliˈteəriən,a.,极权主义的,GRE_abridged
totem,ˈtəutəm,n.,图腾，徽章,GRE_abridged
totter,ˈtɔtə,v.,摇摇欲坠；步履蹒跚,GRE_abridged
touchstone,ˈtʌtʃstəun,n.,试金石；检验标准,GRE_abridged
toupee,ˈtuːpei,n.,男用假发,GRE_abridged
tourniquet,ˈtuəniket,n.,止血带,GRE_abridged
tousle,ˈtauz（ə）l,v.,弄乱（头发）,GRE_abridged
tout,taut,v.,招揽顾客；极力赞扬,GRE_abridged
toxin,ˈtɔksin,n.,毒素，毒质,GRE_abridged
traceable,ˈtreisəbl,a.,可追踪的,GRE_abridged
tractability,ˌtræktəˈbiliti,n.,温顺,GRE_abridged
traduce,trəˈdjuːs,v.,中伤，诽谤,GRE_abridged
traipse,treips,v.,漫步，闲逛,GRE_abridged
trajectory,trəˈdʒekətəri,n.,（抛射物）弹道轨道,GRE_abridged
trammel,ˈtræməl,v./n.,束缚，妨碍；n. 鱼网,GRE_abridged
tramp,træmp,v.,重步走；长途跋涉,GRE_abridged
trance,trɑːns,n.,恍惚，出神；昏睡状态,GRE_abridged
transcendent,trænˈsendənt,a.,超越的，卓越的，出众的,GRE_abridged
transcendental,ˌtrænsenˈdentl,a.,超越经验的，先验的,GRE_abridged
transcribe,trænsˈkraib,v.,抄写，转录,GRE_abridged
transfigure,trænsˈfiɡə,v.,美化，改观（外表）,GRE_abridged
transfuse,trænsˈfjuːz,v.,输血；充满,GRE_abridged
transgress,trænsˈɡres,v.,违背（法律或道德的限度）,GRE_abridged
transgression,trænsˈɡreʃən,n.,违法,GRE_abridged
transience,ˈtrænziəns,n.,短暂,GRE_abridged
transmute,trænzˈmjuːt,v.,变化，变作,GRE_abridged
transpose,trænsˈpəuz,v.,互换位置，调换,GRE_abridged
trapeze,trəˈpiːz,n.,（杂技用）空中秋千,GRE_abridged
travesty,ˈtrævisti,v./n.,歪曲拙劣地（的）模仿,GRE_abridged
trawl,trɔːl,n.,拖网；v. 用拖网捕鱼；搜罗,GRE_abridged
treacherous,ˈtretʃərəs,a.,背叛的，不忠的；奸诈的,GRE_abridged
treachery,ˈtretʃəri,n.,阴险；背叛,GRE_abridged
treatise,ˈtriːtiz,n.,（专题）论文,GRE_abridged
tremulous,ˈtremjuləs,a.,颤动的，不安的,GRE_abridged
trenchant,ˈtrentʃənt,a.,（言论，论据）一针见血的，犀利的,GRE_abridged
trespass,ˈtrespəs,v.,侵犯，闯入私人领地,GRE_abridged
tresses,ˈtresiz,n.,（复数）女人的长发,GRE_abridged
tribulation,ˌtribjuˈleiʃən,n.,苦难，灾难,GRE_abridged
tribunal,traiˈbjuːnl,n.,法庭，裁判所,GRE_abridged
trickery,ˈtrikəri,n.,欺骗，诡计,GRE_abridged
trident,ˈtraidənt,n.,三叉戟；三叉鱼叉,GRE_abridged
trilogy,ˈtrilədʒi,n.,（小说或戏剧）三部曲,GRE_abridged
trinket,ˈtriŋkit,n.,小装饰品；不值钱的珠宝,GRE_abridged
trio,ˈtriːəu,n.,三重奏，三重唱；三人小组,GRE_abridged
tripod,ˈtraipɔd,n.,画架，三脚架,GRE_abridged
trite,trait,a.,陈腐的，陈词滥调的,GRE_abridged
trivia,ˈtrivjə,n.,琐事，无价值之物,GRE_abridged
troll,trəul,v.,钓鱼；兴高采烈地唱,GRE_abridged
trounce,trauns,v.,痛击，彻底地打败,GRE_abridged
trowel,ˈtrauəl,n.,泥刀，小铲子,GRE_abridged
truancy,ˈtruːənsi,n.,逃学，旷课,GRE_abridged
truant,ˈtruːənt,a.,逃避责任的；n. 逃学者，逃避者,GRE_abridged
truce,truːs,n.,停战，休战（协定）,GRE_abridged
truculent,ˈtrʌkjulənt,a.,残暴的，凶狠的,GRE_abridged
truism,ˈtruːizm,n.,自明之理，真理,GRE_abridged
trumpery,ˈtrʌmpəri,a.,中看不中用的,GRE_abridged
truncate,ˈtrʌŋkeit,v.,把（某物）截短，去尾,GRE_abridged
truss,trʌs,n.,桁架，支架；干草的一捆,GRE_abridged
trustworthy,"ˈtrʌst,wəːði",a.,值得信赖的，可靠的,GRE_abridged
tuber,ˈtjuːbə,n.,（植物）块茎，球根,GRE_abridged
tumid,ˈtjuːmid,a.,肿起的，肿胀的,GRE_abridged
tumult,ˈtjuːmʌlt,n.,乱哄哄，骚乱（声）,GRE_abridged
tureen,təˈriːn,n.,有盖的汤碗,GRE_abridged
turgid,ˈtəːdʒid,a.,浮肿的，肿胀的；（贬）（文，语言）浮夸的,GRE_abridged
turncoat,ˈtəːnkəut,n.,背叛者，变节者,GRE_abridged
turpitude,ˈtəːpitjuːd,n.,邪恶，卑鄙（行为）,GRE_abridged
turquoise,ˈtəːkwɔiz,n.,绿松石；a. 蓝绿的,GRE_abridged
turret,ˈtʌrit,n.,塔楼，角塔,GRE_abridged
tusk,tʌsk,n.,（象）长牙,GRE_abridged
tussle,ˈtʌsl,v./n.,扭打，搏斗；争辩,GRE_abridged
tutelage,ˈtjuːtilidʒ,n.,监护，指导,GRE_abridged
tuxedo,tʌkˈsiːdəu,n.,无尾礼服（半正式晚礼服）,GRE_abridged
twaddle,ˈtwɔdl,n.,胡说八道，瞎扯,GRE_abridged
tweak,twiːk,v.,扭，拧，揪；调节，微调,GRE_abridged
twinge,twindʒ,n.,（生理，心理上的）剧痛,GRE_abridged
typhoon,taiˈfuːn,n.,台风,GRE_abridged
typo,ˈtaipəu,n.,排印错误,GRE_abridged
typographical,ˌtaipəˈɡræfikəl,a.,印刷上的,GRE_abridged
tyranny,ˈtirəni,n.,暴政，专制统治；暴行,GRE_abridged
tyrant,ˈtaiərənt,n.,暴君,GRE_abridged
tyro,ˈtaiərəu,n.,新手,GRE_abridged
ubiquitous,juːˈbikwitəs,a.,无所不在的,GRE_abridged
ulcer,ˈʌlsə,n.,溃疡；腐烂物,GRE_abridged
ulcerate,ˈʌlsəreit,v.,溃烂，生恶疮,GRE_abridged
ulterior,ʌlˈtiəriə,a.,隐秘的，不可告人的；较晚的，较远的,GRE_abridged
ultramundane,ˌʌltrəˈmʌndein,a.,超俗的，世界之外的,GRE_abridged
umbrage,ˈʌmbridʒ,n.,不快，感到受了侮辱或冒犯,GRE_abridged
umpire,ˈʌmpaiə,n.,裁判；v. 对...进行仲裁,GRE_abridged
unaffected,ˌʌnəˈfektid,a.,自然的，不矫揉造作的,GRE_abridged
unassuming,ˈʌnəˈsjuːmiŋ,a.,不摆架子的，不造作的,GRE_abridged
unbend,ˈʌnˈbend,v.,弄直；放松，变得随便,GRE_abridged
unbidden,ˌʌnˈbidn,a.,未经邀请的,GRE_abridged
unbosom,ˌʌnˈbuzəm,v.,倾诉，吐露心事,GRE_abridged
unbridled,ˌʌnˈbraidld,a.,放纵的,GRE_abridged
uncommitted,ˈʌnkəˈmitid,a.,不受约束的；不承担责任的,GRE_abridged
unconscionable,ʌnˈkɔnʃənəbl,a.,无节制的，过度的，不合理的,GRE_abridged
uncooperative,ˌʌnkəuˈɔpərətiv,a.,不愿合作的,GRE_abridged
uncouth,ʌnˈkuːθ,a.,粗野笨拙的，无教养的；拙于说话的,GRE_abridged
unctuous,ˈʌŋktjuəs,a.,油质的；油腔滑调的,GRE_abridged
underbid,ˈʌndəˈbid,v.,要价过低,GRE_abridged
undercut,ˈʌndəkʌt,v.,削价与（竞争者）抢生意,GRE_abridged
underdog,ˈʌndədɔɡ,n.,处于劣势的人或国家,GRE_abridged
underestimated,ˈʌndərˈestimeitid,a.,低估的,GRE_abridged
undergird,ˈʌndəˈɡəːd,v.,从底部加强，加固,GRE_abridged
underhanded,ˈʌndəhændid,a.,不光明的，卑鄙的,GRE_abridged
underling,ˈʌndəliŋ,n.,下属，手下,GRE_abridged
underplay,ˈʌndəˈplei,v.,淡化...的重要性；表演（角色）不充分,GRE_abridged
underrate,ʌndəˈreit,v.,低估，轻视，对...评价过低,GRE_abridged
understate,ˈʌndəˈsteit,v.,掩饰地说，轻描淡写地说,GRE_abridged
understated,ˈʌndəˈsteitid,a.,不完全陈述的，轻描淡写的,GRE_abridged
understatement,ˌʌndəˈsteitmənt,n.,轻描淡写的陈述，不充分的陈述,GRE_abridged
understudy,"ˈʌndə,stʌdi",n.,预备演员，替角；v. 充当...的替角,GRE_abridged
underutilized,ˌʌndəˈjuːtilaizd,a.,未充分利用的,GRE_abridged
underwrite,ˈʌndərait,v.,同意负担...的费用；为...保险,GRE_abridged
undeserved,ʌndiˈzəːvd,a.,不应得的，不公平的,GRE_abridged
undesirable,ˈʌndiˈzaiərəbl,a.,令人不悦的，讨厌的；不想要的,GRE_abridged
undirected,ˈʌndiˈrektid,a.,未受指导的,GRE_abridged
undisputable,ˌʌndisˈpjuːtəbl,a.,无可争辩的，毫无疑问的,GRE_abridged
undulate,ˈʌndjuleit,v.,波动，起伏,GRE_abridged
unearthly,ʌnˈəːθli,a.,奇异的，超自然的,GRE_abridged
unenlightened,ˈʌninˈlaitnd,a.,愚昧无知的；不文明的,GRE_abridged
unexceptionable,ˈʌnikˈsepʃənəbl,a.,无可非议的,GRE_abridged
unexceptional,ˌʌnikˈsepʃənl,a.,非例外的，普通的，平凡的,GRE_abridged
unfailing,ʌnˈfeiliŋ,a.,无尽的，无穷的,GRE_abridged
unfasten,ˈʌnˈfɑːsn,v.,解开,GRE_abridged
unfeigned,ʌnˈfeind,a.,真实的；不作假的,GRE_abridged
unflappable,ˈʌnˈflæpəbl,a.,不惊慌的，镇定的,GRE_abridged
unfounded,ˈʌnˈfaundid,a.,无事实根据的,GRE_abridged
ungainly,ʌnˈɡeinli,a.,笨拙的,GRE_abridged
ungrudging,ˈʌnˈɡrʌdʒiŋ,a.,慷慨的,GRE_abridged
unguent,ˈʌŋɡwənt,n.,药膏，软膏,GRE_abridged
unicorn,ˈjuːnikɔːn,n.,（传说中的）独角兽,GRE_abridged
unidimensional,ˈjuːnidiˈmenʃənl,a.,一方面的；一维的,GRE_abridged
unimpassioned,ˈʌnimˈpæʃənd,a.,没有激情的,GRE_abridged
unimpeachable,ˌʌnimˈpiːtʃəbl,a.,无可指摘的，无可置疑的,GRE_abridged
uninitiated,ʌniˈniʃieitid,a.,外行的，缺乏经验的,GRE_abridged
unison,ˈjuːnisn,n.,齐奏，齐唱；一致的或协调的行动,GRE_abridged
univocal,ˌjuːniˈvəukəl,a.,（词，术语）只有一个意义的，单义的；无歧义的,GRE_abridged
unjustified,ʌnˈdʒʌstifaid,a.,未被证明为正当的，无法解释的,GRE_abridged
unjustly,ʌnˈdʒʌstli,adv.,不正当地，不公平地,GRE_abridged
unkempt,ˈʌnˈkempt,a.,（衣服、头发）不整洁的,GRE_abridged
unmitigated,ʌnˈmitiɡeitid,a.,未缓和的，未减轻的，全然的,GRE_abridged
unmoved,ˈʌnˈmuːvd,a.,无动于衷的，冷漠的；镇定的,GRE_abridged
unnoticed,ˈʌnˈnəutist,a.,不引人注意的,GRE_abridged
unobtrusive,ˈʌnəbˈtruːsiv,a.,不引人注目的,GRE_abridged
unpalatable,ʌnˈpælətəbl,a.,不可口的；令人讨厌的，令人无法认同的,GRE_abridged
unpremeditated,ˈʌnpriˈmediteitid,a.,非预谋的,GRE_abridged
unprepossessing,ʌnpriːpəˈzesiŋ,a.,不吸引人的,GRE_abridged
unpretentious,ʌnpriˈtenʃəs,a.,不炫耀的，质朴的,GRE_abridged
unprincipled,ʌnˈprinsəpld,a.,肆无忌惮的，不道德的,GRE_abridged
unproductive,ˈʌnprəˈdʌktiv,a.,徒然的，无成效的,GRE_abridged
unprovoked,ˈʌnprəˈvəukt,a.,（生气等）无缘无故的,GRE_abridged
unqualified,ˈʌnˈkwɔlifaid,a.,无资格的；无限制的，绝对的,GRE_abridged
unregenerate,ʌnriˈdʒenərət,a.,不知悔改的,GRE_abridged
unregulated,ʌnˈreɡjuleitid,a.,未受管理的，未受约束的,GRE_abridged
unremitting,ˈʌnriˈmitiŋ,a.,不间断的，持续的,GRE_abridged
unrepentant,ˈʌnriˈpentənt,a.,不悔悟的，不后悔的,GRE_abridged
unrequited,ˈʌnriˈkwaitid,a.,无报答的，无回报的,GRE_abridged
unreserved,ˈʌnriˈzəːvd,a.,无限制的；未被预定的,GRE_abridged
unscathed,ˈʌnˈskeiðd,a.,未受损伤的，未遭伤害的,GRE_abridged
unscented,ˌʌnˈsentid,a.,无气味的,GRE_abridged
unscrupulous,ʌnˈskruːpjuləs,a.,肆无忌惮的，无道德原则的,GRE_abridged
unsettle,ˈʌnˈsetl,v.,使不安宁，搅乱,GRE_abridged
unsettling,ˈʌnˈsetliŋ,a.,令人不安的，扰乱的，使窘困的,GRE_abridged
unsound,ˈʌnˈsaund,a.,不结实的，不坚固的；无根据的,GRE_abridged
unspoiled,ʌnˈspɔild,a.,未损坏的，未宠坏的,GRE_abridged
unspotted,ˈʌnˈspɔtid,a.,清白的，无污点的,GRE_abridged
unstinting,ˈʌnˈstintiŋ,a.,极为慷慨的，大方的,GRE_abridged
unthreatening,ˈʌnˈθretəniŋ,a.,不威胁的,GRE_abridged
untimely,ʌnˈtaimli,a.,过早的；不适时的,GRE_abridged
untold,ˈʌnˈtəuld,a.,无数的，数不清的,GRE_abridged
untoward,ʌnˈtəuəd,a.,不幸的，（坏事）没料到的,GRE_abridged
untrammeled,ʌnˈtræmld,a.,自由自在的,GRE_abridged
untutored,ˈʌnˈtjuːtəd,a.,未经教育的,GRE_abridged
unwarranted,ˈʌnˈwɔrəntid,a.,没有根据的，不应当的,GRE_abridged
unwieldy,ʌnˈwiːldi,a.,笨重的，笨拙的,GRE_abridged
unwitting,ˌʌnˈwitiŋ,a.,无心的，不经意的,GRE_abridged
unwonted,ʌnˈwəuntid,a.,不寻常的；不习惯的,GRE_abridged
unworldly,ˈʌnˈwəːldli,a.,非世俗的；精神上的,GRE_abridged
upbraid,ʌpˈbreid,v.,斥责，责骂,GRE_abridged
upfront,ˌʌpˈfrʌnt,a.,坦率的,GRE_abridged
uproarious,ʌpˈrɔːriəs,a.,骚动的，喧嚣的；令人捧腹（大笑）的，非常有趣的,GRE_abridged
upstage,ˈʌpsteidʒ,a.,骄傲的，高傲的,GRE_abridged
upstart,ˈʌpstɑːt,n.,突然升官的人，暴发户,GRE_abridged
upsurge,ʌpˈsəːdʒ,n.,（情绪）高涨,GRE_abridged
upswing,ˈʌpswiŋ,n.,上升，增长,GRE_abridged
uptight,ˈʌpˈtait,a.,焦虑不安的,GRE_abridged
urchin,ˈəːtʃin,n.,顽童；[动物]海胆,GRE_abridged
ursine,ˈəːsain,a.,熊的，像熊的,GRE_abridged
usurp,juːˈzəːp,v.,篡夺，霸占（权位）,GRE_abridged
usury,ˈjuːʒuri,n.,放高利贷,GRE_abridged
utensil,ju(ː)ˈtensl,n.,工具，（厨房）用具,GRE_abridged
utopia,juːˈtəupjə,n.,理想国，理想的完美境界,GRE_abridged
utopian,juːˈtəupjən,a.,乌托邦式的，空想的，不切实际的,GRE_abridged
uxorious,ʌkˈsɔːriəs,a.,宠爱妻子的,GRE_abridged
vacillate,ˈvæsileit,v.,举棋不定，踌躇,GRE_abridged
vacuous,ˈvækjuəs,a.,发呆的，愚笨的,GRE_abridged
vagabond,ˈvæɡəbənd,n.,浪荡子，流浪者；a. 流浪的,GRE_abridged
vagary,ˈveiɡəri,n.,奇想，异想天开,GRE_abridged
vagrancy,ˈveiɡrənsi,n.,游荡，流浪,GRE_abridged
vagrant,ˈveiɡrənt,a.,漂泊的，流浪的；n. 流浪汉，居无定所或无固定工作的人,GRE_abridged
valediction,ˈvælidikʃən,n.,告别演说,GRE_abridged
valedictory,ˌvæliˈdiktəri,a.,告别的，离别的,GRE_abridged
valetudinarian,ˈvælitjuːdiˈneəriən,n.,体弱的人，过分担心生病的人,GRE_abridged
valorous,ˈvælərəs,a.,勇敢的,GRE_abridged
vampire,ˈvæmpaiə,n.,吸血鬼,GRE_abridged
vandalism,ˈvændəliz（ə）m,n.,（对公物等）恶意破坏,GRE_abridged
vandalize,ˈvændlaiz,v.,肆意破坏（公物）,GRE_abridged
vanguard,ˈvænɡɑːd,n.,前卫,GRE_abridged
vanilla,vəˈnilə,n.,香草，香子兰（热带兰科植物）,GRE_abridged
vantage,ˈvaːntidʒ,n.,优势，有利地位,GRE_abridged
vapid,ˈvæpid,a.,索然无味的，枯燥的,GRE_abridged
vaporization,ˌveipəraiˈzeiʃən,n.,蒸发,GRE_abridged
vaporize,ˈveipəraiz,v.,（使）蒸发,GRE_abridged
vaporous,ˈveipərəs,a.,无实质的,GRE_abridged
variance,ˈveəriəns,n.,矛盾，意见不一；不同,GRE_abridged
variegate,ˈveəriɡeit,v.,使...多样化；使...呈杂色,GRE_abridged
variegation,ˌveəriəˈɡeiʃən,n.,杂色，班驳,GRE_abridged
vaunting,ˈvɔːntiŋ,a.,吹嘘的,GRE_abridged
veer,viə,v.,转向，改变（话题等）,GRE_abridged
vegetate,ˈvedʒiteit,v.,"像植物般生活,无所事事",GRE_abridged
velvety,ˈvelviti,a.,柔软光滑的，爽口的,GRE_abridged
venal,ˈviːnl,a.,可收买的，贪赃枉法的,GRE_abridged
vendetta,venˈdetə,n.,世仇，宿怨,GRE_abridged
veneer,vəˈniə,n.,（镶于劣质东西上的）镶饰；虚饰的外表,GRE_abridged
vengeance,ˈvendʒəns,n.,报仇，报复,GRE_abridged
vengeful,ˈvendʒful,a.,报复的，复仇心理的,GRE_abridged
venial,ˈviːniəl,a.,（错误等）轻微的，可原谅的,GRE_abridged
venom,ˈvenəm,n.,毒液；恶毒，痛恨,GRE_abridged
ventral,ˈventrəl,a.,腹部的,GRE_abridged
ventriloquist,venˈtriləkwist,n.,口技表演者，会口技的人,GRE_abridged
veracious,vəˈreiʃəs,a.,诚实的，说真话的,GRE_abridged
veracity,vəˈræsiti,n.,真实性，诚实,GRE_abridged
verbatim,vəːˈbeitim,a.,逐字的，照字面的,GRE_abridged
verbiage,ˈvəːbiidʒ,n.,啰嗦，赘语，冗词,GRE_abridged
verbose,vəːˈbəus,a.,冗长的，啰嗦的,GRE_abridged
verboten,vəːˈbəutən,a.,被禁止的，严禁的,GRE_abridged
verdant,ˈvəːdənt,a.,青葱的，翠绿的,GRE_abridged
verdigris,ˈvəːdiɡris,n.,铜锈，铜绿,GRE_abridged
verified,ˈverifaid,a.,核实的,GRE_abridged
verisimilar,ˌveriˈsimilə,a.,好像真实的；可能的,GRE_abridged
verisimilitude,"ˌverəsiˈmili,tuːd",n.,逼真,GRE_abridged
veritable,ˈveritəbl,a.,确实的，名副其实的,GRE_abridged
vermin,ˈvəːmin,n.,害虫，寄生虫,GRE_abridged
vernacular,vəˈnækjulə,n.,本国语，地方语,GRE_abridged
vernal,ˈvəːnl,a.,春季的，春季似的,GRE_abridged
versant,ˈvəːsənt,a.,专心从事的；n. 斜坡,GRE_abridged
versemonger,ˌvəːsˈmʌŋɡə,n.,拙劣诗人，打油诗人,GRE_abridged
vertex,ˈvəːteks,n.,（三角形等）顶角；顶点，最高点,GRE_abridged
vertigo,ˈvəːtiɡəu,n.,眩晕,GRE_abridged
verve,vəːv,n.,（艺术作品的）神韵，气韵；（人）生机（尤指在文艺工作中）,GRE_abridged
vestigial,vesˈtidʒiəl,a.,退化的,GRE_abridged
vestment,ˈvestmənt,n.,（作礼拜时教士的）法衣，官服,GRE_abridged
vesture,ˈvestʃə,n.,衣服；覆盖物,GRE_abridged
veterinary,ˈvetərinəri,a.,兽医的,GRE_abridged
vexation,vekˈseiʃən,n.,困扰，苦恼,GRE_abridged
viability,ˌvaiəˈbiliti,n.,可行性；生存能力，存活力,GRE_abridged
viaduct,ˈvaiədʌkt,n.,高架桥,GRE_abridged
viand,ˈvaiənd,,n.,GRE_abridged
viand,ˈvaiənd,,[-s]食品，食物,GRE_abridged
vibrancy,ˈvaibrənsi,n.,生机勃勃，活泼,GRE_abridged
vibrant,ˈvaibrənt,a.,振动的；（颜色）鲜明的，明快的；生机勃勃的,GRE_abridged
vicar,ˈvikə,n.,教区牧师,GRE_abridged
vicarious,vaiˈkeəriəs,a.,替代别人（感受，做）的，代理的,GRE_abridged
vicissitude,viˈsisitjuːd,n.,变化，变迁，荣枯，盛衰,GRE_abridged
vicissitudinous,"vi,sisiˈtjuːdinəs",a.,有变化的，变迁的,GRE_abridged
vie,vai,v.,竞争,GRE_abridged
vile,vail,a.,恶劣的，卑鄙的,GRE_abridged
vilify,ˈvilifai,v.,辱骂，诽谤,GRE_abridged
villainous,ˈvilənəs,a.,邪恶的，恶毒的,GRE_abridged
vim,vim,n.,精力，活力,GRE_abridged
vindication,ˌvindiˈkeiʃən,n.,洗冤；证实,GRE_abridged
vindictive,vinˈdiktiv,a.,报复性的,GRE_abridged
vinegared,ˈviniɡəd,a.,酸的，尖刻的,GRE_abridged
vintage,ˈvintidʒ,a.,经典的；最好的,GRE_abridged
vintner,ˈvintnə,n.,酒商,GRE_abridged
violet,ˈvaiəlit,a.,紫罗兰色的；n. 紫罗兰,GRE_abridged
virago,viˈrɑːɡəu,n.,泼妇，好骂人或好支配人的女人,GRE_abridged
virile,ˈvirail,a.,有男子气的，雄健的,GRE_abridged
virtuosity,ˌvəːtjuˈɔsiti,n.,精湛技巧，高超,GRE_abridged
virtuoso,vəːtjuˈəuzəu,n.,演艺精湛的人,GRE_abridged
virulent,ˈvirulənt,a.,剧毒的；恶毒的,GRE_abridged
visage,ˈvizidʒ,n.,脸，面貌,GRE_abridged
visceral,ˈvisərəl,a.,内心深处的；内脏的,GRE_abridged
viscid,ˈvisid,a.,粘性的,GRE_abridged
viscous,ˈviskəs,a.,黏性的，半流质的,GRE_abridged
vista,ˈvistə,n.,远景；展望,GRE_abridged
vitalize,ˈvaitəlaiz,v.,激发活力，使有生气,GRE_abridged
vitiate,ˈviʃieit,v.,削弱，损害,GRE_abridged
vitreous,ˈvitriəs,a.,玻璃的，玻璃状的,GRE_abridged
vitrify,ˈvitrifai,v.,使成玻璃,GRE_abridged
vitriolic,ˌvitriˈɔlik,a.,刻薄的，恶意的,GRE_abridged
vituperate,viˈtjuːpəreit,v.,痛斥，辱骂,GRE_abridged
vituperative,viˈtjupərətiv,a.,辱骂的,GRE_abridged
vivacious,viˈveiʃəs,a.,活泼的，快活的,GRE_abridged
vocalist,ˈvəukəlist,n.,流行歌手，声乐家,GRE_abridged
volition,vəuˈliʃən,n.,决断力；意志,GRE_abridged
volley,ˈvɔli,n.,齐发，群射；v. 齐发，群射；（足球、网球）截击,GRE_abridged
voluble,ˈvɔljub（ə）l,a.,健谈的，说话快而流利的；旋转的,GRE_abridged
voluptuous,vəˈlʌptuəs,a.,撩人的，性感的；沉溺于酒色的，奢侈淫逸的,GRE_abridged
vomit,ˈvɔmit,n.,呕吐；呕吐物；催吐剂,GRE_abridged
voracious,vəˈreiʃəs,a.,狼吞虎咽的，极饿的；贪婪的，贪吃的,GRE_abridged
voracity,vəˈræsiti ,n.,贪婪,GRE_abridged
votary,ˈvəutəri,n.,崇拜者，热心支持者,GRE_abridged
vouch,vautʃ,v.,担保，证明,GRE_abridged
vulpine,ˈvʌlpain,a.,狐狸般的，狡猾的,GRE_abridged
vulture,ˈvʌltʃə(r),n.,秃鹫,GRE_abridged
vying,ˈvaiiŋ,a.,竞争的,GRE_abridged
wacky,ˈwæki,a.,"（行为等）古怪的,愚蠢的",GRE_abridged
waffle,ˈwɔfl,n.,蛋奶烘饼；v. 胡扯或乱写,GRE_abridged
waft,wɑːf,v.,飘浮，飘荡,GRE_abridged
waggish,ˈwæɡiʃ,a.,诙谐的，滑稽的,GRE_abridged
wail,weil,v.,哀号，痛哭,GRE_abridged
wallop,ˈwɔləp,n./v.,重击，猛打,GRE_abridged
wallow,ˈwɔləu,n./v.,（猪等）在泥水中打滚；沉溺于,GRE_abridged
walrus,ˈwɔːlrəs,n.,海象,GRE_abridged
wan,wɔn,a.,虚弱的；病容的，（面色）苍白憔悴的,GRE_abridged
wanderlust,ˈwɔndəlʌst,n.,漫游癖，旅游热,GRE_abridged
wangle,ˈwæŋɡl,v.,用巧计或花言巧语获得某事物,GRE_abridged
wanton,ˈwɔntən,a.,无节制的，放纵的；顽皮的,GRE_abridged
warble,ˈwɔːbl,v.,（尤指鸟）叫出柔和的颤音,GRE_abridged
warden,ˈwɔːdn,n.,看守人，管理员,GRE_abridged
warmonger,ˈwɔːmʌŋɡə,n.,好战者，战争贩子,GRE_abridged
warranted,ˈwɔrəntid,a.,保证的；凭正当理由的,GRE_abridged
waspish,ˈwɔspiʃ,a.,易怒的；尖刻的,GRE_abridged
wastrel,ˈweistrəl,n.,挥霍无度的人,GRE_abridged
watershed,ˈwɔːtəʃed,n.,分水岭，转折点,GRE_abridged
waylay,weiˈlei,v.,埋伏，伏击,GRE_abridged
wean,wiːn,v.,（孩子）断奶；戒掉（恶习）,GRE_abridged
wearisome,ˈwiərisʌm,a.,使人感到疲倦或厌倦的,GRE_abridged
weasel,ˈwiːzl,n.,黄鼠狼，鼬；v. 逃避（责任，承诺等）,GRE_abridged
weld,weld,v.,焊接，熔接；结合,GRE_abridged
well-groomed,ˈwelˈɡruːmd,a.,非常整洁的,GRE_abridged
welsh,welʃ,v.,赖债不还；失信,GRE_abridged
welter,ˈweltə,n.,混乱，混杂,GRE_abridged
wend,wend,v.,行，走,GRE_abridged
wheeze,wiːz,v.,喘息，发出呼哧呼哧的声音,GRE_abridged
whelm,（h）welm,v.,用...覆盖，淹没,GRE_abridged
whelp,（h）welp,n.,犬科的幼兽,GRE_abridged
whet,（h）wet,v.,磨快；刺激,GRE_abridged
whiff,（h）wif,v./n.,些微的气味、空气,GRE_abridged
whimper,ˈwimpə,v.,哭哭啼啼，抽泣,GRE_abridged
whimsical,ˈ（h）wimzikəl,a.,古怪的，异想天开的；反复无常的,GRE_abridged
whimsy,ˈwimzi,n.,怪念头，异想天开,GRE_abridged
whine,（h）wain,v.,哀号，号哭,GRE_abridged
whirlpool,ˈ（h）wəːlpuːl,n.,漩涡,GRE_abridged
whittle,ˈ（h）witl,v.,削（木头）；削减,GRE_abridged
wig,wiɡ,n.,假发,GRE_abridged
wiggle,ˈwiɡl,v.,扭动，蠕动,GRE_abridged
wigwag,ˈwiɡwæɡ,v.,摇动，摇摆,GRE_abridged
wile,wail,n.,诡计；花言巧语,GRE_abridged
willowy,ˈwiləui,a.,苗条的,GRE_abridged
willy-nilly,ˈwiliˈnili,a.,不可避免的；乱糟糟的,GRE_abridged
wilt,wilt,v.,使...凋谢，枯萎（因缺水）,GRE_abridged
wily,ˈwaili,a.,狡猾的,GRE_abridged
wince,wins,v.,避开，畏缩，皱眉蹙眼,GRE_abridged
windbag,ˈwindbæɡ,n.,多话之人,GRE_abridged
windfall,ˈwindfɔːl,n.,风吹落的果实；意外的好运,GRE_abridged
winding,ˈwaindiŋ,a.,蜿蜒的，迂回的,GRE_abridged
winkle,ˈwiŋkl,v.,缓慢而费力地把某人弄出,GRE_abridged
winning,ˈwiniŋ,a.,动人的,GRE_abridged
winnow,ˈwinəu,v.,筛选；把（谷物）的杂质吹掉,GRE_abridged
winsome,ˈwinsəm,a.,媚人的，漂亮的,GRE_abridged
wiretap,ˈwaiətæp,n.,窃听,GRE_abridged
witticism,ˈwitisizəm,n.,妙语，俏皮话,GRE_abridged
wizardry,ˈwizədri,n.,魔术；熟练,GRE_abridged
wizen,ˈwizn,a.,凋谢的，枯萎的,GRE_abridged
wizened,ˈwiznd,a.,干皱的,GRE_abridged
wobble,ˈwɔbl,v.,摇动，颤动；犹豫,GRE_abridged
woe,wəu,n.,悲痛，苦难,GRE_abridged
wont,wəunt,n.,习惯，习俗,GRE_abridged
woo,wuː,v.,向（女人）求爱；争取...的支持,GRE_abridged
woodcut,ˈwudkʌt,n.,木刻，木版画,GRE_abridged
wraith,reiθ,n.,幽灵；骨瘦如柴的人,GRE_abridged
wrangle,ˈræŋɡl,v.,争吵，吵架,GRE_abridged
wrangler,ˈrænɡlə,n.,口角者，争论者；牧马者,GRE_abridged
wreak,riːk,v.,发泄怒火，报仇,GRE_abridged
wreathe,riːð,v.,盘绕；把...做成花环,GRE_abridged
wrest,rest,v.,用猛烈的拉、扭的动作取得；夺取,GRE_abridged
writ,rit,n.,命令状，书面命令,GRE_abridged
wroth,rəuθ,a.,激怒的，非常愤怒的,GRE_abridged
wrought,rɔːt,a.,做成的，精炼的,GRE_abridged
xenophobe,ˈzenəfəub,n.,惧外者，排外者,GRE_abridged
xenophobia,ˌzenəˈfəubiə,n.,仇外，排外,GRE_abridged
xerophyte,ˈziərəfait,n.,（植）旱生植物,GRE_abridged
yank,jæŋk,v.,拽；拔；猛拔,GRE_abridged
yaw,jɔː,v.,（船、飞机等）偏航,GRE_abridged
yeoman,ˈjəumən,n.,自耕农；乡下人,GRE_abridged
yielding,ˈjiːldiŋ,a.,弯曲自如的；柔顺的，依从的,GRE_abridged
yoke,jəuk,n.,牛轭；v. 使结合，束缚,GRE_abridged
yokel,ˈjəukəl,n.,乡巴佬,GRE_abridged
yowl,jaul,v.,嚎叫，恸哭,GRE_abridged
yummy,ˈjʌmi,a.,美味的，可口的,GRE_abridged
zany,ˈzeini,a.,荒唐可笑的；像小丑的,GRE_abridged
zealotry,ˈzelətri,n.,狂热行为,GRE_abridged
zenith,ˈzeniθ,n.,（天文）天顶；极点，顶峰,GRE_abridged
zephyr,ˈzefə,n.,和风；西风,GRE_abridged
zest,zest,n.,极大的快乐，兴趣,GRE_abridged
zesty,ˈzesti,a.,热望的,GRE_abridged
