word,phonetic,pos,definition,source
adrift,ə'drɪft,,a.漫无目的地； 漂浮着,专四
aftermath,'æftəmæθ,,n.后果；余波,专四
afterworld,'æftəwɝld,,n.阴间,专四
ample,'æmpl,,a.足够的；丰富的,专四
ascertain,'æsɚ'ten,,v.确定，查明,专四
assure,ə'ʃʊr,,v.向...保证，使...确信,专四
attain,ə'ten,,v.获得；得到,专四
autopsy,'ɔtɑpsi,,n.尸体剖检,专四
Bible,'baɪbl,,n.圣经,专四
charitable,'tʃærətəbl,,a.仁慈的,专四
combination,",kɑmbɪ'neʃən",,n.结合体，混合物,专四
concept,'kɑnsɛpt,,n.观念；想法,专四
congress,'kɑŋɡrəs,,n.国会；大会,专四
consequence,'kɑnsəkwɛns,,n.结果,专四
contagious,kən'tedʒəs,,a.有感染力的；会蔓延的,专四
contemporary,kən'tɛmpərɛri,,a.当代的；同时代的,专四
contempt,kən'tɛmpt,,n.轻视；蔑视,专四
crave,krev,,v.渴望，热望,专四
deprive,dɪ'praɪv,,v.剥夺，使丧失,专四
detect,dɪ'tɛkt,,v.察觉；侦查,专四
deter,dɪ'tɝ,,v.阻止，制止,专四
disgrace,dɪs'ɡres,,v&n.耻辱,专四
dispel,dɪ'spɛl,,v.消除（疑虑等）,专四
dispute,'dɪs'pjʊt,,v.争论；对...提出质疑,专四
disseminate,dɪ'sɛmɪnet,,v.散布，传播,专四
dove,dʌv; dov,,n.鸽,专四
drag,dræg,,v.拖拽； 吃力地往前拉,专四
ensure,ɪn'ʃʊr,,v.保证，确保,专四
especially,ɪ'spɛʃəli,,ad.尤其，特别是,专四
expel,ɪk'spɛl,,v.驱逐；赶走；把…除名,专四
fate,fet,,n.命运,专四
federal,'fɛdərəl,,a.联邦的,专四
generations,",dʒɛnə'reʃən",,n.数代人,专四
grit,ɡrɪt,,n.毅力,专四
gritty,'grɪti,,a.勇敢的，坚毅的,专四
gutter,'gʌtɚ,,n.（路边）排水沟,专四
hippie,'hɪpi,,n.嬉皮士,专四
immortality,",ɪmɔr'tæləti",,n.永生，不朽,专四
indolence,'ɪndələns,,n.懒惰；懒散,专四
insecure,",ɪnsɪ'kjʊr",,a.不安全的,专四
insure,ɪn'ʃʊr,,v.为...上保险,专四
loan,lon,,n.贷款,专四
makeshift,'mek'ʃɪft,,a.临时替代的； 权宜的,专四
malnourished,",mæl'nɝɪʃt",,a.营养不良的,专四
manifest,'mænɪfɛst,,v.显示，表明,专四
manipulate,mə'nɪpjulet,,v.操纵；巧妙地处理,专四
Mistletoe,'mɪslto,,n.槲寄生,专四
muddy,'mʌdi,,a.泥泞的,专四
mythology,mɪ'θɑlədʒi,,n.神话学,专四
neglect,nɪ'glɛkt,,v.忽略,专四
particularly,pɚ'tɪkjəlɚli,,ad.特别地,专四
perseverance,",pɝsə'vɪrəns",,n.毅力,专四
presence,'prɛzns,,n.出席,专四
presumably,prɪ'zuməbli,,ad.据推测； 大概,专四
proclaim,prə'klem,,v.宣告,专四
promulgate,'prɑmlɡet,,v.颁布，公布,专四
proportion,prə'pɔrʃən,,n.比例,专四
quell,kwɛl,,v.制止，平息，镇压,专四
repel,rɪ'pɛl,,v.抵制；使厌恶,专四
represent,",rɛprɪ'zɛnt",,v.象征；代表,专四
reputation,",rɛpju'teʃən",,n.名誉，声望,专四
resemblance,rɪ'zɛmbləns,,n.相似,专四
scant,skænt,,a.少量的，不足的,专四
shabby,ˈʃæbi,,a.破烂的，衣着寒酸的,专四
shortlist,'ʃɔ:tlist,,v.把…列入候选名单;提名,专四
sophisticated,sə'fɪstɪketɪd,,a.复杂的，老于世故的,专四
source,sɔrs,,n.根源；源头,专四
specially,'spɛʃəli,,ad.特意地；专门地,专四
specifically,spə'sɪfɪkli,,ad.明确地，具体的,专四
spontaneous,spɑn'tenɪəs,,a.自发的； 自然的,专四
sumptuous,'sʌmptʃuəs,,a.华丽的；奢侈的,专四
superstition,",supɚ'stɪʃən",,n.迷信,专四
symbolize,'sɪmbəlaɪz,,v.象征；用符号代表,专四
temporary,'tɛmpə'rɛri,,a.临时的，暂时的,专四
tendency,'tɛndənsi,,n.倾向，趋势,专四
thorough,ˈθʌrəʊ; θʌro,,a.彻底的，全面的,专四
tireless,'taɪrləs,,a.不疲倦的,专四
tow,to,,v.拖，拉； 牵引,专四
valiant,'væljənt,,a.勇敢的，英勇的,专四
variable,'vɛrɪəbl,,a.多变的，易变的,专四
vigilant,'vɪdʒələnt,,a.警惕的，警醒的,专四
vigorous,'vɪɡərəs,,a.强有力的（运动、活动）精力充沛的,专四
virtual,[ˈvɜ:rtʃuəl],,a.实质上的，实际上的,专四
weapon,'wɛpən,,n.武器,专四
welfare,'wɛl'fɛr,,n.福利,专四
withdraw,wɪð'drɔ,,v.取款,专四
yearn,jɝn,,v.渴望,专四
aimless,'emləs,,a.没有目标的,专四
amateur,ˈæmətər,,n.外行,专四
amplify,'æmplɪfaɪ,,v.放大,专四
arthritis,ɑr'θraɪtɪs,,n.关节炎,专四
artificial,",ɑrtɪ'fɪʃl",,a.人造的； 人工的,专四
assessment,ə'sɛsmənt,,n.评估； 评价,专四
assignment,ə'saɪnmənt,,n.作业,专四
assistance,ə'sɪstəns,,n.帮助，援助,专四
attachment,ə'tætʃmənt,,n.依恋,专四
attendance,ə'tɛndəns,,n.出席人数,专四
attending,ə'tɛndɪŋ,,n.主治医生,专四
bandwagon,'bændwæɡən,,n.时尚，潮流,专四
celebrity,sə'lɛbrəti,,n.名人,专四
cessation,sɛ'seʃən,,n.中止,专四
charge,tʃɑrdʒ,,v.充电,专四
chase,tʃeɪs,,v.追逐,专四
circulation,",sɝkjə'leʃən",,n.循环,专四
civil,'sɪvl,,a.公民的，市民的,专四
civilized,sɪvlˌaɪzd,,a.文明的；有教养的,专四
civilian,sə'vɪlɪən,,a.平民百姓的,专四
civic,'sɪvɪk,,a.城市的；城镇的；市民的,专四
contemplate,'kɑntəmplet,,v.沉思；深思熟虑,专四
deadly,'dɛdli,,a.致命的,专四
demonstrate,'dɛmən'stret,,v.证明，证实,专四
dismal,'dɪzməl,,a.糟糕的,专四
downside,'daʊnsaɪd,,n.负面,专四
ease,iz,,v.缓解，减少,专四
emerge,ɪ'mɝdʒ,,v.出现，浮现,专四
essay,'ɛse,,n.小论文,专四
essence,'ɛsns,,n.本质，实质,专四
fake,feɪk,,a.假的,专四
fertile,ˈfɝtəl; (canadian) ˈfɝˌtaɪl,,a.肥沃的，能生产的,专四
formula,'fɔrmjələ,,n.准则,专四
gash,ɡæʃ,,n.伤口,专四
generative,'dʒɛnərətɪv,,a.生产的，有生产力的,专四
gloomy,'ɡlumi,,a.阴暗的,专四
grab,ɡræb,,v.抢先，抢占,专四
hazard,'hæzɚd,,n.危险,专四
indulgent,ɪn'dʌldʒənt,,a.放纵的，纵容的,专四
inheritance,ɪn'hɛrɪtəns,,n.继承,专四
instantaneously,",ɪnstən'tenɪəsli",,ad.即刻；突如其来地,专四
interns,ɪnˈtɜ:n,,n.住院实习医生,专四
inundate,'ɪnʌndet,,v.应接不暇,专四
lump,lʌmp,,n.肿块,专四
lung,lʌŋ,,n.肺,专四
manipulation,"mə,nɪpjʊ'leʃən",,n.操纵，控制,专四
mastery,'mæstəri,,n.精通，熟练,专四
meditation,",mɛdɪ'teʃən",,n.冥想,专四
multiplication,'mʌltəplə'keʃən,,n.乘法,专四
offset,",ɔf'sɛt",,v.弥补,专四
outcast,'aʊtkæst,,n.被逐出者,专四
outsource,'aʊtsɔrs,,v.外包,专四
overlook,",ovɚ'lʊk",,v.忽视，忽略,专四
overwhelming,",ovɚ'wɛlmɪŋ",,a.难以抗拒的,专四
paralegal,",pærə'liɡl",,a.辅助律师业务的,专四
pause,pɔz,,n.暂停,专四
perspiration,",pɝspə'reʃən",,n.汗水，汗,专四
philosophy,fə'lɑsəfi,,n.哲理,专四
pneumonia,nʊ'monɪə,,n.肺炎,专四
premature,",primə'tʃʊr",,a.过早的,专四
productive,prə'dʌktɪv,,a.多产的,专四
property,'prɑpɚti,,n.财产,专四
relative,'rɛlətɪv,,n.亲属,专四
relieve,rɪ'liv,,v.解除； 缓解,专四
respiration,",rɛspə'reʃən",,n.呼吸,专四
signify,'sɪɡnɪfaɪ,,v.表示,专四
staggering,'stæɡərɪŋ,,a.难以置信的，令人震惊的,专四
standstill,'stændstɪl,,n.停止，停顿,专四
stethoscope,'stɛθəskop,,n.听诊器,专四
still,stɪl,,v.（使）安静，（使）静止,专四
subsequently,'sʌbsɪkwəntli,,ad.后来地,专四
supervise,'sʊpɚ'vaɪz,,v.监督,专四
surest,ʃʊərɪst,,a.无疑的,专四
swell,swɛl,,v.肿胀,专四
symptom,'sɪmptəm,,n.症状,专四
torment,'tɔrmɛnt,,v.折磨，使痛苦,专四
trap,træp,,v.使落入圈套,专四
tutor,'tʊtɚ,,n.导师,专四
wholesale,'holsel,,ad.批发销售,专四
adolescent,",ædə'lɛsnt",,a.青春期的；青少年,专四
adversely,æd'vɝsli,,ad.不利地,专四
amusement,ə'mjuzmənt,,n.娱乐,专四
apprenticeship,ə'prɛntɪʃɪp,,n.学徒期；学徒身份,专四
appropriate,əˈpropriɪt,,a.恰当的,专四
betray,bɪ'tre,,v.背叛,专四
calibre,'kælibə,,n.能力; 水准,专四
carpenter,ˈkɑːrpəntər,,n.木工，木匠,专四
cater,'ketɚ,,v.迎合；满足需要,专四
cite,saɪt,,v.引用，引证,专四
clumsy,'klʌmzi,,a.笨拙的,专四
combine,kəm'baɪn,,v.将...相结合,专四
comically,'kɒmɪklɪ,,ad.滑稽地,专四
criterion,kraɪˈtɪriən,,n.标准,专四
deformity,dɪ'fɔrməti,,n.畸形,专四
discriminate,dɪ'skrɪmɪnet,,v.歧视,专四
dizzy,'dɪzi,,a.眩晕的,专四
drowsy,'draʊzi,,a.昏昏欲睡的,专四
embrace,ɪm'bres,,v.包括，拥抱,专四
enforce,ɪn'fɔrs,,v.强迫服从；实施，执行；加强,专四
excel,ɪk'sɛl,,v.胜过（他人）,专四
expand,ɪk'spænd,,v.扩展，变大,专四
explosion,ɪk'sploʒən,,n.爆炸,专四
fair,fɛr,,v.浅色的,专四
feature,'fitʃɚ,,n.特征，特点,专四
freshmen,'freʃmən,,n.大一新生,专四
fundamental,",fʌndə'mɛntl",,a.根本的，基本的,专四
genetically,dʒə'nɛtɪklɪ,,ad.基因地,专四
hydrostatics,",haɪdrə'stætɪks",,n.流体静力学,专四
impair,ɪm'pɛr,,v.损害；削弱,专四
inactive,ɪn'æktɪv,,a.不活跃的，停滞的,专四
inclined,ɪn'klaɪnd,,a.倾向于...的；有...意向的,专四
increasingly,ɪn'krisɪŋli,,ad.越来越多地；日益,专四
industrialized,in'dʌstriəlaizd,,a.工业的,专四
inhibition,ˌɪnhɪˈbɪʃn,,n.抑制,专四
interact,",ɪntɚ'ækt",,v.互动；相互交往,专四
mimic,'mɪmɪk,,v.模仿,专四
imitate,'ɪmɪtet,,v.模仿，仿效；仿造，仿制,专四
multiple,'mʌltəpl,,a.多个的,专四
mystic,'mistik,,a.神秘的,专四
outlet,'aʊtlɛt,,n.（感情的）发泄途径,专四
physical,'fɪzɪkl,,a.自然（界）的,专四
plumber,'plʌmɚ,,n.管道工，水管工,专四
preference,'prɛfrəns,,n.偏爱,专四
preliminary,prɪ'lɪmɪnɛri,,a.初步的，开始的,专四
primitive,'prɪmətɪv,,a.原始的；远古的,专四
produce,prə'dus,,v.产生，导致,专四
prolong,prəˈlɑːŋ,,v.延长,专四
pupil,pjupl,,n.学生,专四
qualification,",kwɑlɪfɪ'keʃən",,n.资格,专四
reinforce,",riɪn'fɔrs",,v.强化；加强,专四
relay,rɪ'le,,v.转告；传送,专四
revolution,'rɛvə'lʊʃən,,n.革命,专四
seniority,",sinɪ'ɔrəti",,n.资历,专四
sluggish,'slʌɡɪʃ,,a.行动缓慢的，反应迟缓的,专四
surge,sɝdʒ,,n.猛增；急剧上升,专四
suspender,sə'spɛndɚ,,n.吊带裤，悬挂物,专四
suspense,sə'spɛns,,n.挂念; 悬念,专四
thatcher,ˈθætʃə(r),,n.盖屋匠,专四
transition,træn'zɪʃən,,n.过渡，转变,专四
transmission,træns'mɪʃən,,n.传输；传送,专四
undertake,",ʌndɚ'tek",,v.承担；从事,专四
vehicle,'viːɪkl,,n.交通工具,专四
accessory,ək'sɛsəri,,n.配饰；附件,专四
appositive,ə'pɑzətɪv,,a.同位语,专四
atrophy,'ætrəfi,,n.萎缩,专四
award,ə'wɔrd,,n.奖励，奖品,专四
bankruptcy,'bæŋkrʌptsi,,n.破产，倒闭,专四
boarder,'bɔrdɚ,,n.寄宿者,专四
brilliant,'brɪljənt,,a.才华横溢的,专四
complacent,kəm'plesnt,,a.自满的,专四
conclusive,kən'klusɪv,,a.（事实、证据等）令人信服的，确凿的,专四
crack,kræk,,v.破裂,专四
credit,'krɛdɪt,,n.荣誉，声誉,专四
cue,kju,,n.暗示,专四
declare,dɪ'klɛr,,v.宣布,专四
definite,'dɛfɪnət,,a.明确的,专四
desperately,'despərətli,,ad.极度地,专四
desperation,",dɛspə'reʃən",,n.绝望,专四
dreary,'drɪri,,a.枯燥的，沉闷的,专四
effective,ɪ'fɛktɪv,,a.有效的,专四
erect,ɪ'rɛkt,,v.建立,专四
eventual,i'ventʃuəl,,a.最终的,专四
fade,fed,,v.使褪色；逐渐消逝,专四
forum,'fɔrəm,,n.论坛,专四
gadget,'gædʒɪt,,n.小配件，小装置,专四
gaily,'ɡeili,,ad.花哨地，艳丽地,专四
greed,ɡrid,,n.贪心,专四
habitual,hə'bɪtʃuəl,,a.习惯的,专四
highlight,'haɪlaɪt,,v.强调,专四
implant,ɪm'plænt,,v.灌输,专四
imply,ɪm'plai,,v.暗示,专四
incalculable,ɪn'kælkjələbl,,a.不可估量的,专四
inconvenience,",ɪnkən'vinɪəns",,n.不方便,专四
inspiration,ˌɪnspəˈreʃən,,n.灵感,专四
inspire,ɪn'spaɪɚ,,v.鼓舞; 激励,专四
instant,'ɪnstənt,,a.立即的,专四
juggle,'dʒʌɡl,,v.同时应付,专四
lust,lʌst,,n.欲望;,专四
manufacturer,",mænju'fæktʃərɚ",,n.制造商，制造厂,专四
mere,mɪr,,a.仅仅，只不过,专四
morale,mə'ræl,,n.士气,专四
mortgage,'mɔrɡɪdʒ,,n.抵押贷款,专四
neural,'nʊrəl,,a.神经的,专四
outstanding,'aʊt'stændɪŋ,,a.杰出的,专四
overeat,'ovɚ'it,,v.吃得过多,专四
pandemic,pæn'dɛmɪk,,n.流行病,专四
panic,'pænɪk,,n.恐慌,专四
plug,plʌɡ,,n.塞子，插头,专四
precaution,prɪ'kɔʃən,,n.预防措施,专四
prototype,'protə'taɪp,,n.原型，雏形,专四
reconcile,'rɛkənsaɪl,,v.调和；和解,专四
revenue,'rɛvənu,,n.收益,专四
righteousness,'raɪtʃəsnɪs,,n.正义,专四
sensible,'sɛnsəbl,,a.合理的,专四
sin,sɪn,,n.罪恶,专四
solution,sə'luʃən,,n.解决,专四
stability,stə'bɪləti,,n.稳定,专四
strengthen,'strɛŋθn,,v.加强,专四
structure,'strʌktʃɚ,,n.结构,专四
supplier,sə'plaɪɚ,,n.供应商,专四
theory,'θiəri,,n.理论,专四
torrent,'tɔrənt,,n.急流，湍流,专四
tough,tʌf,,a.困难的,专四
twitter,'twɪtɚ,,n.推特,专四
unconscious,ʌn'kɑnʃəs,,a.无意识的,专四
various,'vɛrɪəs,,a.各种各样的,专四
vital,'vaɪtl,,a.至关重要的,专四
willpower,"'wɪl,paʊɚ",,n.意志力,专四
alternative,ɔl'tɝnətɪv,,a.替代的；备选的；其他的 n.可供选择的事物,专四
ambitious,æm'bɪʃəs,,a.野心勃勃的,专四
archaeologist,",ɑrkɪ'ɑlədʒɪst",,n.考古学家,专四
banquet,'bæŋkwɪt,,n.宴会,专四
bridge,brɪdʒ,,v.弥合（差距），消除（分歧）,专四
chaos,'keɑs,,n.混乱,专四
clue,klʊ,,n.线索,专四
confusion,kən'fjʊʒən,,n.混乱,专四
conserve,kən'sɝv,,v.保护,专四
desirous,di'zaiərəs,,a.渴望…的,专四
determiner,dɪ'tɝmɪnɚ,,n.限定词,专四
distinguished,dɪ'stɪŋgwɪʃt,,a.卓越的,专四
distinguishing,dɪ'stɪŋgwɪʃɪŋ,,a.与众不同的,专四
downright,'daʊnraɪt,,ad.十足地，彻底地,专四
dynamic,daɪ'næmɪk,,a.充满活力的,专四
Ecotourism,ˈi:kəʊtʊərɪzəm,,n.生态旅游,专四
expanse,ɪk'spæns,,n.广阔的区域,专四
explanatory,ɪk'splænətɔri,,a.解释的; 说明的,专四
float,flot,,v.漂浮,专四
formality,fɔr'mæləti,,n.遵守礼节；正式手续；例行公事,专四
funeral,'fjunərəl,,a.葬礼的,专四
furious,'fjʊrɪəs,,a.狂怒的,专四
gigantic,dʒaɪ'ɡæntɪk,,a.巨大的，庞大的,专四
gilded,'ɡɪldɪd,,a.镀金的,专四
granite,'grænɪt,,n.花岗岩,专四
gratitude,'ɡrætɪtud,,n.感激（之情）；感谢,专四
handily,'hændɪli,,ad.轻松地,专四
households,"'haʊs,hold",,n.家庭,专四
imbalance,ɪm'bæləns,,n.不平衡,专四
impression,ɪm'prɛʃən,,n.印象,专四
mercifully,'mɝsɪfəli,,ad.幸运地；仁慈地,专四
oblong,'ɑblɔŋ,,a.长方形的,专四
offspring,'ɔfsprɪŋ,,n.后代，子孙,专四
organic,ɔr'gænɪk,,a.有机的,专四
oval,'ovl,,a.椭圆形的,专四
parallel,'pærəlɛl,,a.平行的,专四
paycheck,"'pe,tʃɛk",,n.工资支票,专四
pedestrian,pə'dɛstrɪən,,n.行人,专四
pessimistic,",pɛsɪ'mɪstɪk",,a.悲观的,专四
pollster,'polstɚ,,n.民意调查者,专四
pyramid,'pɪrəmɪd,,n.金字塔,专四
quilt,kwɪlt,,v.缝制（被褥）,专四
refreshment,ri'frɛʃmənt,,n.点心,专四
rejection,rɪ'dʒɛkʃən,,n.拒绝,专四
resourceful,rɪ'sɔrsfl,,a.足智多谋的；机智的,专四
revealing,rɪ'vilɪŋ,,a.发人深省的,专四
rosy,'rozi,,a.美好的,专四
seduce,sɪ'dʊs,,v.勾引，引诱,专四
silhouette,",sɪlu'ɛt",,v.使呈现暗色轮廓,专四
splendid,'splɛndɪd,,a.壮观的,专四
stun,stʌn,,v.震惊,专四
sustainability,"sə,stenə'bɪlɪti",,n.持续性,专四
syndrome,'sɪndrəm,,n.综合征,专四
ultimately,'ʌltɪmətli,,ad.最后；根本上,专四
utter,'ʌtɚ,,a.彻底的，完全的,专四
ambiguous,æm'bɪɡjuəs,,a.模棱两可的,专四
awkward,'ɔkwɚd,,a.笨拙的；尴尬的,专四
bankrupt,'bæŋkrʌpt,,a.破产的,专四
blockade,blɑ'ked,,n.封锁,专四
commentator,'kɑmən'tetɚ,,n.评论员,专四
conservative,kən'sɝvətɪv,,a.保守的,专四
considerable,kən'sɪdərəbl,,a.相当多的，可观的,专四
convert,kən'vɝt,,v.转变，变化；皈依,专四
democratic,'dɛmə'krætɪk,,a.民主的,专四
diminish,dɪ'mɪnɪʃ,,v.减少,专四
diversify,daɪˈvɜrsəˌfaɪ,,v.使多样化，使变化,专四
elaborate,ɪ'læbəret,,v.精心制作 vi.详细描述,专四
elate,i'leit,,a.得意的,专四
exclusively,ɪk'sklʊsɪvli,,ad.排他地；独家的,专四
flourish,ˈflɜːrɪʃ,,v.繁荣,专四
grasp,ɡræsp,,v.抓住；领会,专四
gullible,'ɡʌləbl,,a.易受骗的；轻信的,专四
hibernate,'haɪbɚnet,,v.（动物）冬眠,专四
humanitarian,"hju,mænɪ'tɛrɪən",,n.人道主义者,专四
illustration,",ɪlə'streʃən",,n.插图；说明；例证,专四
imminent,'ɪmɪnənt,,a.迫在眉睫的；即将来临的,专四
literate,'lɪtərət,,a.有文化的，识字的,专四
maintenance,'mentənəns,,n.维护，维修,专四
nominate,'nɑmɪnet,,v.提名；任命,专四
numerous,'numərəs,,a.许多的，无数的,专四
passionate,'pæʃənət,,a.有激情的；热烈的，激昂的,专四
primal,'praɪml,,a.最初的；原始的；主要的,专四
prohibition,",proə'bɪʃən",,n.禁止；禁令,专四
protest,ˈproʊtest,,v.&vt.抗议，反对,专四
sarcastic,sɑr'kæstɪk,,a.讽刺的,专四
session,'sɛʃən,,n.（法庭，议会等）会议，开会；学期；学年,专四
shrewd,ʃrud,,a.精明的；机灵的,专四
skeptical,'skɛptɪkl,,a.怀疑的；怀疑论的,专四
slump,slʌmp,,v.暴跌 n.萧条期，下滑期,专四
thaw,θɔ,,v.使融解；解冻,专四
transform,træns'fɔrm,,v.改观,专四
trivialization,",triviəlai'zeiʃən",,n.琐碎化；轻视；平凡,专四
upgrade,",ʌp'ɡred",,v.提高；升级,专四
acquaintance,ə'kwentəns,,"n.(对某人的)相识,认识;熟人(with someone)",专四
attorney,ə'tɝni,,n.（尤指出庭的）律师,专四
bias,'baɪəs,,n.偏见,专四
blister,'blɪstɚ,,n.水泡,专四
caste,kæst,,n.(印度世袭的)社会等级,专四
complex,"kəm'plɛks; 'kɑm,plɛks",,a.复杂的，错综复杂的,专四
confrontation,",kɑnfrən'teʃən",,n.对抗；面对,专四
contradiction,",kɑntrə'dɪkʃən",,n.矛盾,专四
delegate,"ˈdɛləgɪt; (for v.,) ˈdɛləˌgeɪt",,v.委派 n.代表,专四
elicit,ɪ'lɪsɪt,,v.使发出；引出,专四
emergence,ɪ'mɝdʒəns,,n.冒出；涌现,专四
extraterrestrial,'ɛkstrətə'rɛstrɪəl,,a.地球外的，地球大气圈外的;n. 外星人,专四
fidgety,'fɪdʒɪti,,a.坐立不安的，烦躁不安的,专四
lizard,'lɪzɚd,,n.蜥蜴,专四
paranormal,'pærə'nɔrml,,a.超自然的；不平常的,专四
recollect,'rɛkə'lɛkt,,v.使想起,专四
restrain,rɪ'stren,,v.抑制，遏制,专四
scramble,'skræmbl,,v.爬，攀登,专四
secretion,sɪ'kriʃən,,n.分泌；分泌物,专四
spectator,'spɛktetɚ,,n.观众,专四
spouse,spaʊs,,n.配偶，夫妻,专四
taboo,tə'bu,,n.禁忌；禁止,专四
totemic,təu'temik,,a.图腾的；有图腾的,专四
trigger,'trɪɡɚ,,n.vt.扣…的扳机,专四
utilize,'juːtəlaɪz,,v.利用；使用,专四
address,ə'drɛs,,v.写名字地址,专四
ailment,'elmənt,,n.小病,专四
animated,'ænə'metɪd,,a.栩栩如生的,专四
annoying,ə'nɔɪɪŋ,,a.恼人的,专四
application,ˌæpləˈkeʃən,,n.应用,专四
approachable,ə'protʃəbl,,a.容易接近的，友善的,专四
available,ə'veləbl,,a.可得到的,专四
battery,'bæt(ə)rɪ,,n.电池,专四
blank,blæŋk,,a.空白的；空虚的；单调的,专四
breach,britʃ,,n.破坏，违反,专四
buzz,bʌz,,v.发出嘈杂的谈话声,专四
caution,'kɔʃən,,n.注意（事项）,专四
cease,sis,,v.停止，终止,专四
characteristic,",kærəktə'rɪstɪk",,n.特征,专四
claim,klem,,v.要求（拥有）,专四
conducive,kən'dusɪv,,a.有益于...的,专四
consult,kən'sʌlt,,v.请教,专四
corrupt,kə'rʌpt,,a.腐败的，贪污的；堕落的vt.使出错，破坏,专四
crucial,'krʊʃəl,,a.至关重要的,专四
curb,kɝb,,n.路缘vt.控制；勒住,专四
cursor,'kɝsɚ,,n.光标,专四
deceive,dɪ'siv,,v.欺骗；行骗,专四
delicate,ˈdɛlɪkɪt,,a.微妙的；精美的;脆弱的,专四
disclose,dɪs'kloz,,v.公开；揭露,专四
doze,doz,,v.瞌睡,专四
enclose,ɪn'kloz,,v.附入,专四
entity,'ɛntəti,,n.实体,专四
erase,ɪ'res,,v.清除,专四
evade,ɪ'ved,,v.逃避；规避；逃脱,专四
execute,'ɛksɪkjut,,v.实行；执行；处死,专四
exhaustion,ɪg'zɔstʃən,,n.耗尽，疲惫,专四
exhaustive,ɪg'zɔstɪv,,a.无遗漏的，详尽的,专四
faculty,'fæklti,,n.全体教员,专四
fertilizer,'fɝtəlaɪzɚ,,n.肥料,专四
file,faɪl,,n.文件,专四
gasp,ɡæsp,,v.倒抽气,专四
gossip,'ɡɑsɪp,,n.流言飞语,专四
impose,ɪm'poz,,v.利用；欺骗；施加影响,专四
infinite,'ɪnfɪnət,,a.无限的,专四
insult,ɪn'sʌlt,,v.侮辱,专四
load,lod,,n.负荷,专四
mechanical,mɪ'kænɪkəl,,a.机械的,专四
monarchy,'mɑnɚki,,n.君主制，君主政体,专四
monsoon,",mɑn'sun",,n.雨季;季风,专四
preinstall,'pri:ɪn'stɔ:l,,vt.预装,专四
proprietor,prə'praɪətɚ,,n.所有者，经营者,专四
receipt,rɪ'sit,,n.收据,专四
rehearse,rɪ'hɝs,,v.彩排，预演,专四
release,rɪ'lis,,v.发布，发行;释放,专四
reliability,"rɪ,laɪə'bɪləti",,n.可靠性,专四
render,'rɛndɚ,,v.给予，提供,专四
resolutely,"'rɛzə,lʊtli",,ad.坚决地,专四
respectable,rɪ'spɛktəbl,,a.值得尊敬的；人格高尚的,专四
safe,sef,,n.保险箱,专四
scorn,skɔrn,,n.轻蔑vt.轻蔑；藐视,专四
seal,sil,,v.（密）封,专四
seize,siz,,v.up（机器等）卡住,专四
shield,ʃild,,n.防护物，盾牌,专四
slack,slæk,,a.萧条的,专四
slot,slɑt,,n.狭缝；狭槽,专四
spite,spaɪt,,n.恶意，怨恨,专四
suspending,sə'spɛnd,,v.延迟,专四
suspension,sə'spɛnʃən,,"n.暂令,停止，停学，停赛等",专四
tactic,'tæktɪk,,n.把戏；战术；策略，战略,专四
tailor,'telɚ,,v.使适应（特定需要）,专四
tape,tep,,v.系，捆,专四
tenant,'tɛnənt,,n.承租人；房客；佃户,专四
tip,tɪp,,n.小费 v.给....小费,专四
typify,'tɪpɪfaɪ,,v.作为...的典型,专四
undertaking,'ʌndɚ'tekɪŋ,,n.工作，任务,专四
virtually,ˈvɜrtʃuəli,,ad.几乎,专四
warranty,'wɔrənti,,n.保证；担保；保修单,专四
wholesome,'holsəm,,a.有益健康的,专四
abstract,'æbstrækt,,a.抽象的,专四
accompany,ə'kʌmpəni,,v.陪伴，陪同,专四
appeal,ə'pil,,v.吸引；呼吁,专四
appearance,ə'pɪrəns,,n.外貌，外表,专四
assembly,ə'sɛmbli,,n.组装,专四
associate,ə'soʃɪet,,v.使有联系,专四
attendant,ə'tɛndənt,,n.服务人员,专四
authentic,ɔ'θɛntɪk,,a.真实的,专四
blare,blɛr,,v.发出响而刺耳的声音,专四
bracket,'brækɪt,,n.括号,专四
bugle,'bjuɡl,,n.冲锋号,专四
canal,kə'næl,,n.运河，沟渠,专四
cautious,'kɔʃəs,,a.谨慎的,专四
considerate,kənˈsɪdərɪt,,a.体贴的，为他人考虑的,专四
convince,kən'vɪns,,"v.使信服,使相信",专四
cruise,krʊz,,v.航游，巡航,专四
descend,dɪ'sɛnd,,v.（夜色，黑暗）降临,专四
detention,dɪ'tɛnʃən,,n.拘留,专四
discrimination,"dɪ,skrɪmɪ'neʃən",,n.歧视,专四
dread,drɛd,,n.担忧，畏惧,专四
dwell,dwɛl,,v.居住,专四
dwelling,'dwɛlɪŋ,,n.住宅,专四
eternal,ɪ'tɝnl,,a.永久的,专四
extrovert,",ɛkstrə'vɝt",,n.性格外向的人,专四
flute,flut,,n.长笛,专四
funk,fʌŋk,,n.乡土音乐,专四
gesture,'dʒɛstʃɚ,,v.做手势,专四
ghetto,'ɡɛto,,n.贫民区,专四
headquarters,'hɛdkwɔrtɚz,,n.总部,专四
herculean,",hə:kju'li:ən; hə'ku:liən",,a.艰巨的,专四
hieroglyphics,",haɪərə'ɡlɪfɪks",,n.象形字,专四
humiliation,"hjʊ,mɪlɪ'eʃən",,n.丢脸,专四
illusion,ɪ'luʒn,,n.错觉,专四
immigration,",ɪmɪ'ɡreʃən",,n.移民,专四
incredibly,ɪn'krɛdəbli,,ad.非常；极其,专四
insecurity,ˌɪnsɪˈkjʊrətɪ,,n.不安全,专四
integral,'ɪntɪɡrəl,,a.构成整体所必需的,专四
jovial,'dʒovɪəl,,a.愉快的,专四
legend,'lɛdʒənd,,n.传说，传奇,专四
literary,lɪtərɛri,,a.文学（上）的,专四
lure,lʊr,,v.诱惑,专四
masterpiece,'mæstəpis,,n.杰作,专四
nameless,'nemləs,,a.不可名状的,专四
ordeal,ɔr'dil,,n.痛苦的经历,专四
origin,'ɔrɪdʒɪn,,n.起源，来源,专四
personality,",pɝsə'næləti",,n.人格，人性,专四
picturesque,",pɪktʃə'rɛsk",,a.别具一格的;如画般的,专四
psychiatrist,saɪ'kaɪətrɪst,,n.精神科医生,专四
scripted,'skriptid,,a.照原稿宣读的,专四
sensitively,'sensətɪvlɪ,,ad.易感知地，神经过敏地,专四
siren,'saɪrən,,n.警报声,专四
squeak,skwik,,n.短促的尖叫声,专四
startle,'stɑrtl,,v.吃惊,专四
tantalize,'tæntəlaɪz,,v.使干着急,专四
tattered,'tætɚd,,a.破旧的,专四
tease,tiz,,v.戏弄，取笑,专四
trumpet,'trʌmpɪt,,n.喇叭,专四
whistle,'wɪsl,,n.口哨,专四
assume,ə'sum,,v.假设，臆断,专四
bargain,ˈbɑːɡɪn,,v.讨价还价,专四
barrier,'bærɪɚ,,n.障碍，隔阂,专四
braid,bred,,v.把（头发）梳成辫子;编织,专四
calendar,'kæləndɚ,,n.日历，月历,专四
chore,tʃɔr,,n.杂务,专四
companionship,kəm'pænjən'ʃɪp,,n.陪伴,专四
compelling,kəm'pɛlɪŋ,,a.令人信服的；引人入胜的,专四
comprehensive,ˌkɑːmprɪˈhensɪv,,a.全面的，广泛的,专四
consumption,kən'sʌmpʃən,,n.消费量,专四
conversely,'kɑnvɝsli,,ad.相反地,专四
crude,krud,,a.粗糙的，拙劣的,专四
curiosity,",kjʊrɪ'ɑsəti",,n.好奇心,专四
curriculum,kə'rɪkjələm,,n.课程,专四
deliver,dɪ'lɪvɚ,,v.供给，提供,专四
doom,dʊm,,v.使……的灭亡成为必然； n.劫数,专四
exclusive,ɪk'sklusɪv,,a.排外的，唯一的,专四
extensive,ɪk'stɛnsɪv,,a.广泛的，大量的,专四
facility,fə'sɪləti,,n.设备，设施,专四
frustrating,'frʌstretɪŋ,,a.令人沮丧的,专四
generous,'dʒɛnərəs,,a.慷慨的,专四
hitchhiker,'hɪtʃ'haɪkɚ,,n.搭便车旅行者,专四
hospitality,",hɑspɪ'tæləti",,n.好客,专四
incidentally,",ɪnsɪ'dɛntli",,ad.附带地，顺便提及,专四
landscape,'lænd'skep,,n.风景，景色,专四
lift,lɪft,,v.（情绪，心境）变好,专四
light,laɪt,,v.点燃,专四
motto,'mɑto,,n.箴言，座右铭,专四
outstretch,",aut'stretʃ",,v.伸出,专四
overcharge,",ovɚ'tʃɑrdʒ",,v.对...要价过高,专四
principal,'prɪnsəpl,,n.校长,专四
privacy,'praɪvəsi,,n.（不受干扰的）独处,专四
radical,'rædɪkl,,a.根本的，基本的,专四
reasonable,'riznəbl,,a.适当的，适度的,专四
recommend,'rɛkə'mɛnd,,v.推荐,专四
remove,rɪ'muv,,v.祛除，去掉,专四
restrict,rɪ'strɪkt,,v.限制，约束,专四
revision,rɪ'vɪʒən,,n.修改,专四
ribbon,'rɪbən,,n.缎带，丝带,专四
schedule,'skɛdʒul; (canadian) ˈʃɛdʒʊl; ˈʃɛdjʊl,,v.安排,专四
shiny,'ʃaɪni,,a.发亮的,专四
smack,smæk,,v.打，掌掴,专四
sociology,",sosɪ'ɑlədʒi",,n.社会学,专四
stamp,stæmp,,v.打上（或盖上）（标记，图案） ;踏平,专四
superb,/suːˈpɜːrb/,,a.卓越的，极好的,专四
terrorize,'tɛrəraɪz,,v.恐吓，威胁,专四
underachieve,",ʌndərə'tʃiv",,v.学习成绩不良,专四
wary,'wɛri,,a.谨慎的,专四
wrap,ræp,,v.包，裹,专四
wrath,ræθ,,n.愤怒；激怒,专四
wrench,rɛntʃ,,n.扳手v.猛扭；扭伤；曲解；折磨,专四
abandon,ə'bændən,,n.放任；狂热 v.遗弃；放弃,专四
abbey,'æbi,,n.大修道院，大寺院；修道院中全体修士或修女,专四
abdomen,'æbdəmən,,n.腹部；下腹；腹腔,专四
abnormal,æbˈnɔːrml,,a.反常的，不规则的；变态的,专四
abolish,ə'bɑlɪʃ,,v.废除，废止；取消，革除,专四
aborigine,'æbə'rɪdʒəni,,n.土著；土著居民,专四
abound,ə'baʊnd,,v.富于；充满,专四
abridge,ə'brɪdʒ,,v.删节；缩短；节略,专四
abrupt,ə'brʌpt,,a.生硬的；突然的；唐突的；陡峭的,专四
absolute,'æbsəlut,,a.绝对的；完全的；专制的 n.绝对；绝对事物,专四
absolve,əb'zɑlv,,v.免除；赦免；宣告…无罪,专四
absorb,æbˈsɔrb; æbˈzɔrb; əbˈsɔrb,,v.吸收；吸引；承受；理解；使…全神贯注,专四
absorbed,əbˈsɔbd,,a.被吸收的；一心一意的 v.吸收；使全神贯注（absorb的过去分词形式）,专四
abstract,'æbstrækt,,n.摘要；抽象；抽象的概念 a.抽象的；深奥的 v.摘要；提取；使……抽象化；转移(注意力、兴趣等)；使心不在焉,专四
absurd,"əbˈsɚd, -ˈzɚd",,a.荒谬的；可笑的 n.荒诞；荒诞作品,专四
abundant,ə'bʌndənt,,a.丰富的；充裕的；盛产,专四
abuse,ə'bjus,,n.滥用；虐待；辱骂；弊端；恶习，陋习 v.滥用；虐待；辱骂,专四
academy,ə'kædəmi,,n.学院；研究院；学会；专科院校,专四
accelerate,əkˈsɛləˌret,,v.使……加快；使……增速,专四
acceptable,ək'sɛptəbl,,a.可接受的；合意的；可忍受的,专四
access,'æksɛs,,v.使用；存取；接近 n.进入；使用权；通路,专四
accessory,ək'sɛsəri,,n.配件；附件；[法] 从犯 a.副的；同谋的；附属的,专四
accidental,",æksɪ'dɛntl",,a.意外的；偶然的；附属的；临时记号的 n.次要方面；非主要的特性；临时记号,专四
accommodate,ə'kɑmədet,,v.容纳；使适应；供应；调解,专四
accompany,ə'kʌmpəni,,v.陪伴，伴随；伴奏,专四
accomplish,ə'kɑmplɪʃ,,v.完成；实现；达到,专四
accord,ə'kɔrd,,n.符合；一致；协议；自愿 v.使一致；给予,专四
accordion,ə'kɔrdɪən,,a.可折叠的 n.手风琴,专四
accountant,ə'kaʊntənt,,n.会计师；会计人员,专四
accumulate,ə'kjumjəlet,,v.累积；积聚,专四
accurate,'ækjərət,,a.精确的,专四
accuse,ə'kjuz,,v.控告，指控；谴责；归咎于,专四
accustom,ə'kʌstəm,,v.使习惯于,专四
ace,es,,n.幺点；直接得分的发球；佼佼者；（俚）最好的朋友 a.一流的，突出的 v.以发球赢一分；击败 int.太棒了；太好了,专四
acknowledge,ək'nɑlɪdʒ,,v.承认；答谢；报偿；告知已收到,专四
acquaint,ə'kwent,,v.使熟悉；使认识,专四
acquire,ə'kwaɪr,,v.获得；取得；学到；捕获,专四
acre,'ekɚ,,n.土地，地产；英亩,专四
acrobat,'ækrəbæt,,n.杂技演员，特技演员；随机应变者；翻云覆雨者，善变者,专四
action,'ækʃən,,n.行动；活动；功能；战斗；情节,专四
activate,'æktə'vet,,v.刺激；使活动；使活泼；使产生放射性,专四
acupuncture,'ækjupʌŋktʃɚ,,vt.对…施行针刺疗法 n.针刺；[中医] 针刺疗法,专四
acute,ə'kjut,,a.严重的，[医] 急性的；敏锐的；激烈的；尖声的,专四
adapt,ə'dæpt,,v.使适应；改编,专四
adapted,ə'dæptɪd,,a.适合的 v.使适应，改编（adapt的过去式）,专四
addict,'ædɪkt (for n.); əˈdɪkt (for v.),,n.有瘾的人；入迷的人 v.使沉溺；使上瘾,专四
additional,ə'dɪʃənl,,a.附加的，额外的,专四
adequate,ˈædɪkwət,,a.充足的；适当的；胜任的,专四
adhere,əd'hɪr,,v.坚持；依附；粘着；追随,专四
adjacent,ə'dʒesnt,,a.邻近的，毗连的,专四
adjust,ə'dʒʌst,,v.调整，使…适合；校准,专四
administer,əd'mɪnɪstɚ,,v.管理；执行；给予,专四
admirable,'ædmərəbl,,a.令人钦佩的；极好的；值得赞扬的,专四
admiral,'ædmərəl,,n.海军上将；舰队司令；旗舰,专四
admittedly,əd'mɪtɪdli,,ad.公认地；无可否认地；明白地,专四
adolescent,",ædə'lɛsnt",,a.青春期的；未成熟的 n.青少年,专四
adopt,ə'dɑpt,,v.采取；接受；收养；正式通过,专四
adore,ə'dɔr,,v.崇拜；爱慕；喜爱；极喜欢 n.(Adore)人名；(法)阿多尔,专四
adulthood,'ædʌlthʊd,,n.成年；成人期,专四
advanced,əd'vænst,,a.先进的；高级的；晚期的；年老的 v.前进；增加；上涨（advance的过去式和过去分词形式）,专四
advantageous,'ædvən'tedʒəs,,a.有利的；有益的,专四
adventurous,əd'vɛntʃərəs,,a.爱冒险的；大胆的；充满危险的,专四
adverb,'ædvɝb,,n.副词 a.副词的,专四
advertising,'ædvɚ'taɪzɪŋ,,n.广告；广告业；登广告 a.广告的；广告业的 v.公告；为…做广告（advertise的ing形式）,专四
advisable,əd'vaɪzəbl,,a.明智的，可取的，适当的,专四
advocate,ˈædvəkeɪt；-et,,v.提倡，主张，拥护 n.提倡者；支持者；律师,专四
aerial,'ɛrɪəl,,a.空中的，航空的；空气的；空想的 n.[电讯] 天线,专四
aeronautics,",ɛrə'nɔtɪks",,n.航空学；飞行术,专四
aesthetics,ɛs'θɛtɪks,,n.美学；美的哲学,专四
affair,ə'fɛr,,n.事情；事务；私事；（尤指关系不长久的）风流韵事,专四
affection,ə'fɛkʃən,,n.喜爱，感情；影响；感染,专四
affirm,ə'fɝm,,v.肯定；断言,专四
affix,ə'fɪks,,v.粘上；署名；将罪责加之于 n.[语] 词缀；附加物,专四
affluent,'æfluənt,,a.富裕的；丰富的；流畅的 n.支流；富人,专四
afford,ə'fɔrd,,v.给予，提供；买得起 n.(Afford)人名；(英)阿福德,专四
affordable,ə'fɔrdəbl,,a.负担得起的,专四
aftermath,'æftəmæθ,,n.后果；余波,专四
agenda,ə'dʒɛndə,,n.议程；日常工作事项；日程表,专四
agent,'edʒənt,,n.代理人，代理商；药剂；特工 vt.由…作中介；由…代理 a.代理的,专四
aggressor,ə'ɡrɛsɚ,,n.侵略者；侵略国；挑衅者,专四
agony,'æɡəni,,n.苦恼；极大的痛苦；临死的挣扎,专四
agreeable,ə'ɡriəbl,,a.令人愉快的；适合的；和蔼可亲的,专四
aimless,'emləs,,a.没有目标的；无目的的,专四
air,ɛr,,n.空气，大气；天空；样子；曲调 v.使通风，晾干；夸耀,专四
airbase,'eəbeis; 'ɛəbeis,,n.空军基地；航空基地,专四
aisle,aɪl,,n.通道，走道；侧廊,专四
alas,ə'læs,,int.唉（表悲伤、遗憾、恐惧、关切等等） n.(Alas)人名；(西、葡、捷、土)阿拉斯,专四
album,'ælbəm,,n.相簿；唱片集；集邮簿；签名纪念册,专四
alcohol,'ælkəhɔl,,n.酒精，乙醇,专四
ale,el,,n.麦芽酒,专四
alert,ə'lɝt,,v.警告；使警觉，使意识到 a.警惕的，警觉的；留心的 n.警戒，警惕；警报,专四
alga,'ælgɚ,,n.水藻,专四
algebra,'ældʒɪbrə,,n.代数学,专四
alien,"ˈeliən,ˈeljən",,a.外国的；相异的，性质不同的；不相容的 n.外国人，外侨；外星人 v.让渡，转让,专四
allege,ə'lɛdʒ,,v.宣称，断言；提出…作为理由,专四
allergic,ə'lɝdʒɪk,,a.对…过敏的；对…极讨厌的,专四
alley,'æli,,n.小巷；小路；小径,专四
alliance,ə'laɪəns,,n.联盟，联合；联姻,专四
alligator,'ælɪɡetɚ,,n.短吻鳄（产于美国及中国）；短吻鳄皮革；鳄口式工具 v.皱裂；裂开 a.鳄鱼般的；鳄鱼皮革的；鳄鱼皮纹的,专四
allot,ə'lɑt,,v.分配；拨给；分派 n.(Allot)人名；(英)阿洛特；(西)阿略特；(法)阿洛,专四
allowance,ə'laʊəns,,n.津贴，零用钱；允许；限额 v.定量供应,专四
alloy,'ælɔɪ,,v.使成合金；使减低成色 n.合金,专四
ally,'ælaɪ,,n.同盟国；伙伴；同盟者；助手 v.使联盟；使联合,专四
almighty,ɔl'maɪti,,a.全能的；有无限权力的 ad.非常 n.全能的神,专四
almond,ˈɑːmənd,,n.扁桃仁；扁桃树,专四
alongside,ə'lɔŋ'saɪd,,ad.在旁边 prep.在……旁边,专四
aloof,ə'luf,,a.冷淡的；远离的；冷漠的 ad.远离；避开地,专四
alphabet,'ælfə'bɛt,,n.字母表，字母系统；入门，初步,专四
altar,'ɔltɚ,,n.祭坛；圣坛；圣餐台,专四
alter,'ɔltɚ,,v.改变，更改 n.(Alter)人名；(英)奥尔特；(德、捷、葡、爱沙、立陶、拉脱、俄、西、罗、瑞典)阿尔特,专四
altitude,'æltɪtud,,n.高地；高度；[数] 顶垂线；（等级和地位等的）高级；海拔,专四
aluminium,",æljə'mɪnɪəm",,a.铝的 n.铝,专四
alumna,ə'lʌmnə,,n.女毕业生；女校友,专四
alumnus,ə'lʌmnəs,,n.男校友；男毕业生,专四
amateur,ˈæmətər,,n.爱好者；业余爱好者；外行 a.业余的；外行的,专四
amazing,ə'mezɪŋ,,a.令人惊异的 v.使吃惊（amaze的ing形式）,专四
ambassador,æm'bæsədɚ,,n.大使；代表；使节,专四
amber,'æmbɚ,,a.琥珀色的；琥珀制的 n.琥珀；琥珀色 vt.使呈琥珀色,专四
ambiguity,",æmbɪ'ɡjuəti",,n.含糊；不明确；暧昧；模棱两可的话,专四
ambition,æm'bɪʃən,,n.野心，雄心；抱负，志向 v.追求；有…野心,专四
amenable,ə'minəbl,,a.有责任的：顺从的，服从的；有义务的；经得起检验的,专四
amend,ə'mɛnd,,v.修改；改善，改进 n.(Amend)人名；(德、英)阿门德,专四
amid,ə'mɪd,,prep.在其中，在其间 n.(Amid)人名；(法、阿拉伯)阿米德,专四
amiss,ə'mɪs,,a.有毛病的，有缺陷的；出差错的 ad.错误地 n.(Amiss)人名；(英)埃米斯,专四
ammeter,'æmitɚ,,n.[电] 安培计；[电] 电流计,专四
ammonia,ə'monɪə,,n.[无化] 氨，阿摩尼亚,专四
amongst,ə'mʌŋst,,prep.在…之中；在…当中（等于among）,专四
ample,'æmpl,,a.丰富的；足够的；宽敞的 n.(Ample)人名；(西)安普尔,专四
analogy,ə'nælədʒi,,n.类比；类推；类似,专四
anatomy,ə'nætəmi,,n.解剖；解剖学；剖析；骨骼,专四
ancestral,æn'sɛstrəl,,a.祖先的；祖传的,专四
anchor,'æŋkɚ,,n.锚；抛锚停泊；靠山；新闻节目主播 v.抛锚；使固定；主持节目 a.末棒的；最后一棒的,专四
anecdote,'ænɪkdot,,n.轶事；奇闻；秘史,专四
angel,'endʒl,,n.天使；守护神；善人 vt.出钱支持,专四
angle,'æŋɡl,,v.钓鱼；谋取 n.角度，角，方面,专四
ankle,'æŋkl,,n.踝关节，踝,专四
annals,'ænlz,,n.年报；编年史；年鉴,专四
annex,əˈnɛks; æˈnɛks; (for n.) ˈænˌɛks,,v.附加；获得；并吞 n.附加物；附属建筑物,专四
anniversary,",ænɪ'vɝsəri",,n.周年纪念日,专四
announcer,ə'naʊnsɚ,,n.[广播] 广播员；宣告者,专四
annoyance,ə'nɔɪəns,,n.烦恼；可厌之事；打扰,专四
annual,'ænjuəl,,a.年度的；每年的 n.年刊，年鉴；一年生植物,专四
annul,ə'nʌl,,v.取消；废除；宣告无效,专四
anode,'ænod,,n.阳极（电解）,专四
anonymous,ə'nɑnəməs,,a.匿名的，无名的；无个性特征的,专四
antagonism,æn'tæɡənɪzəm,,n.对抗，敌对；对立；敌意,专四
antecedent,'æntə'sidnt,,n.前情；先行词；祖先 a.先行的；前驱的；先前的,专四
antenna,æn'tɛnə,,n.[电讯] 天线；[动] 触角，[昆] 触须,专四
anthem,'ænθəm,,n.赞美诗；圣歌 vt.唱圣歌庆祝；唱赞歌,专四
antibiotic,",æntɪbaɪ'ɑtɪk; ˌæntaɪ-",,a.抗生的；抗菌的 n.抗生素，抗菌素,专四
antic,'æntɪk,,a.古怪的；滑稽可笑的 n.滑稽动作；丑角 v.扮小丑；做滑稽动作,专四
anticipate,æn'tɪsə'pet,,v.预期，期望；占先，抢先；提前使用,专四
antiquity,æn'tɪkwəti,,n.高龄；古物；古代的遗物,专四
antiseptic,ˌæntiˈseptɪk,,a.防腐的，抗菌的；非常整洁的 n.防腐剂，抗菌剂,专四
antonym,'æntənɪm,,n.[语] 反义词,专四
anxiety,æŋ'zaɪəti,,n.焦虑；渴望；挂念；令人焦虑的事,专四
ape,ep,,n.[脊椎] 猿；傻瓜；模仿者 v.模仿；抢台词 a.狂热的,专四
aperture,'æpətʃɚ,,n.孔，穴；（照相机，望远镜等的）光圈，孔径；缝隙,专四
apologetic,"ə,pɑlə'dʒɛtɪk",,a.道歉的；赔罪的,专四
apostrophe,ə'pɑstrəfi,,n.省略符号，撇号；呼语，顿呼,专四
appalling,ə'pɔlɪŋ,,a.可怕的；令人震惊的 v.使惊愕；惊吓（appal的ing形式）,专四
apparatus,ˌæpəˈrætəs,,n.装置，设备；仪器；器官,专四
apparent,ə'pærənt,,a.显然的；表面上的,专四
appeal,ə'pil,,v.呼吁，恳求；上诉；诉诸，求助；有吸引力，迎合爱好；（体育比赛中）诉诸裁判 n.呼吁，请求；吸引力，感染力；上诉；诉诸裁判,专四
appear,ə'pɪr,,v.出现；显得；似乎；出庭；登场,专四
appetite,'æpɪtaɪt,,n.食欲；嗜好,专四
applaud,ə'plɔd,,v.赞同；称赞；向…喝彩,专四
appliance,ə'plaɪəns,,n.器具；器械；装置,专四
applicant,'æplɪkənt,,n.申请人，申请者；请求者,专四
application,ˌæpləˈkeʃən,,n.应用；申请；应用程序；敷用,专四
apply,ə'plaɪ,,v.申请；涂，敷；应用,专四
appointee,"ə,pɔɪn'ti",,n.被任命者,专四
appreciable,ə'priʃəbl,,a.可感知的；可评估的；相当可观的,专四
approach,ə'protʃ,,n.方法；途径；接近 v.接近；着手处理,专四
appropriate,əˈpropriɪt,,a.适当的；恰当的；合适的 v.占用，拨出,专四
approve,ə'prʊv,,v.批准；赞成；为…提供证据,专四
approximate,ə'prɑksɪmət,,v.近似；使…接近；粗略估计 a.[数] 近似的；大概的,专四
apricot,ˈeprɪˌkɑt,,n.杏，杏子；[园艺] 杏树；杏黄色 a.杏黄色的,专四
apron,'eprən,,n.围裙；[航] 停机坪；舞台口 vt.着围裙于；围绕,专四
apt,æpt,,a.恰当的；有…倾向的；灵敏的 n.(Apt)人名；(法、波、英)阿普特,专四
aptitude,"ˈæptɪˌtud, -ˌtjud",,n.天资；自然倾向；适宜,专四
aquarium,ə'kwɛrɪəm,,n.水族馆；养鱼池；玻璃缸,专四
aquatic,ə'kwætɪk,,a.水生的；水栖的；在水中或水面进行的 n.水上运动；水生植物或动物,专四
arc,ɑrk,,n.弧（度）；弧光（全称electric arc）；弧形物；天穹 a.圆弧的；反三角函数的 v.形成电弧；走弧线,专四
archaeology,",ɑrkɪ'ɑlədʒi",,n.考古学,专四
archbishop,",ɑrtʃ'bɪʃəp",,n.大主教；总教主,专四
architect,'ɑrkɪtɛkt,,n.建筑师,专四
area,'ɛrɪə,,n.区域，地区；面积；范围,专四
arena,ə'rinə,,n.舞台；竞技场,专四
argumentative,",ɑrɡju'mɛntətɪv",,a.好辩的；辩论的；争辩的,专四
arid,'ærɪd,,a.干旱的；不毛的，[农] 荒芜的,专四
arise,ə'raɪz,,v.出现；上升；起立 n.(Arise)人名；(西)阿里塞；(日)在濑(姓),专四
aristocrat,ə'rɪstəkræt,,n.贵族,专四
armament,'ɑrməmənt,,n.武器；军备,专四
armour,'ɑmɚ,,n.盔甲；装甲；护面,专四
armpit,'ɑrm'pɪt,,n.腋窝,专四
arouse,ə'raʊz,,v.引起；唤醒；鼓励,专四
array,ə're,,n.数组，阵列；排列，列阵；大批，一系列；衣服 v.排列，部署；打扮,专四
arrest,ə'rɛst,,v.逮捕；阻止；吸引 n.逮捕；监禁,专四
arrogance,'ærəgəns,,n.自大；傲慢态度,专四
artery,'ɑrtəri,,n.动脉；干道；主流,专四
artificial,",ɑrtɪ'fɪʃl",,a.人造的；仿造的；虚伪的；非原产地的；武断的,专四
artillery,ɑr'tɪləri,,n.火炮；大炮；炮队；炮术,专四
artistic,ɑr'tɪstɪk,,a.艺术的；风雅的；有美感的,专四
ascend,ə'sɛnd,,v.上升；登高；追溯,专四
ashore,ə'ʃɔr,,ad.在岸上；向岸 a.在岸上的；在陆上的,专四
ashtray,'æʃtre,,n.烟灰缸,专四
ask,æsk,,v.问，询问；要求；需要；邀请；讨价 n.(Ask)人名；(芬、瑞典)阿斯克,专四
aspect,'æspɛkt,,n.方面；方向；形势；外貌,专四
asphalt,'æsfɔlt,,n.沥青；柏油 v.以沥青铺 a.用柏油铺成的,专四
aspirin,'æsprɪn,,n.阿司匹林（解热镇痛药）,专四
assassin,ə'sæsn,,n.刺客，暗杀者,专四
assault,ə'sɔlt,,n.攻击；袭击 v.攻击；袭击,专四
assemble,ə'sɛmbl,,v.集合，聚集；装配；收集,专四
assert,ə'sɝt,,v.维护，坚持；断言；主张；声称,专四
assess,ə'sɛs,,v.评定；估价；对…征税,专四
asset,'æsɛt,,n.资产；优点；有用的东西；有利条件；财产；有价值的人或物,专四
assign,ə'saɪn,,v.分配；指派；[计][数] 赋值,专四
assist,ə'sɪst,,n.帮助；助攻 v.参加；出席,专四
associate,ə'soʃɪet,,v.交往；结交 n.同事，伙伴；关联的事物 a.副的；联合的,专四
association,"ə,soʃɪ'eʃən",,n.协会，联盟，社团；联合；联想,专四
assume,ə'sum,,v.假定；设想；承担；采取,专四
assure,ə'ʃʊr,,v.保证；担保；使确信；弄清楚,专四
assuredly,ə'ʃʊrədli,,ad.确实地；确信地,专四
astronomy,ə'strɑnəmi,,n.天文学,专四
athletic,æθ'lɛtɪk,,a.运动的，运动员的；体格健壮的,专四
atlas,,,n.地图集；寰椎,专四
atmospheric,",ætməs'fɛrɪk",,a.大气的，大气层的,专四
atomic,ə'tɑmɪk,,a.原子的，原子能的；微粒子的,专四
attach,ə'tætʃ,,v.使依附；贴上；系上；使依恋,专四
attain,ə'ten,,v.达到，实现；获得；到达 n.成就,专四
attempt,ə'tɛmpt,,n.企图，试图；攻击 v.企图，试图；尝试,专四
attendance,ə'tɛndəns,,n.出席；到场；出席人数；考勤,专四
attention,ə'tɛnʃən,,n.注意力；关心；立正！（口令）,专四
attentive,ə'tɛntɪv,,a.留意的，注意的,专四
attic,'ætɪk,,n.阁楼；顶楼；鼓室上的隐窝,专四
attitude,'ætɪtʊd,,n.态度；看法；意见；姿势,专四
attorney,ə'tɝni,,n.律师；代理人；检查官,专四
attribute,ə'trɪbjut,,n.属性；特质 v.归属；把…归于,专四
auction,'ɔkʃən,,v.拍卖；竞卖 n.拍卖,专四
audio,'ɔdɪo,,a.声音的；[声] 音频的，[声] 声频的,专四
audit,'ɔdɪt,,v.审计；[审计] 查账 n.审计；[审计] 查账,专四
authentic,ɔ'θɛntɪk,,a.真正的，真实的；可信的,专四
authority,ə'θɔrəti,,n.权威；权力；当局,专四
autobiography,",ɔtəbaɪ'ɑɡrəfi",,n.自传；自传文学,专四
automate,'ɔtəmet,,v.使自动化，使自动操作,专四
automobile,",ɔtəmə'bil",,n.汽车 v.驾驶汽车,专四
autonomy,ɔ'tɑnəmi,,n.自治，自治权,专四
auxiliary,ɔːɡ'zɪlɪəri,,n.助动词；辅助者，辅助物；附属机构 a.辅助的；副的；附加的,专四
availability,"ə,velə'bɪləti",,n.可用性；有效性；实用性,专四
avalanche,'ævəlæntʃ,,n.雪崩 v.雪崩,专四
avenge,ə'vɛndʒ,,v.替…报仇,专四
average,'ævərɪdʒ,,n.平均；平均数；海损 a.平均的；普通的；通常的 v.算出…的平均数；将…平均分配；使…平衡,专四
aviation,",evɪ'eʃən",,n.航空；飞行术；飞机制造业,专四
avoid,ə'vɔɪd,,v.避免；避开，躲避；消除,专四
award,ə'wɔrd,,v.授予；判定 n.奖品；判决,专四
awe,ɔ,,v.使敬畏；使畏怯 n.敬畏,专四
awful,'ɔfl,,a.可怕的；极坏的；使人敬畏的,专四
awkward,'ɔkwɚd,,a.尴尬的；笨拙的；棘手的；不合适的,专四
axe,æks,,n.斧 v.削减；用斧砍,专四
axiom,'æksɪəm,,n.[数] 公理；格言；自明之理,专四
axis,'æksɪs,,n.轴；轴线；轴心国,专四
axle,'æksl,,n.车轴；[车辆] 轮轴,专四
bachelor,'bætʃəlɚ,,n.学士；单身汉；（尚未交配的）小雄兽,专四
backbone,'bæk'bon,,n.支柱；主干网；决心，毅力；脊椎,专四
backup,"'bæk,ʌp",,n.支持；后援；阻塞 a.支持的；候补的 vt.做备份,专四
backyard,",bæk'jɑrd",,n.后院；后庭,专四
badge,bædʒ,,n.徽章；证章；标记 v.授给…徽章,专四
baggy,'bæɡi,,a.袋状的，膨胀的；宽松而下垂的,专四
bail,bel,,n.保释，保释人；保释金；杓 v.保释，帮助某人脱离困境；往外舀水,专四
bait,bet,,v.引诱；在…中放诱饵；折磨 n.饵；诱饵,专四
baker,'bekɚ,,n.面包师；面包工人；（便携式）烘炉,专四
bale,bel,,n.包；捆；灾祸；不幸 v.将打包,专四
ballot,'bælət,,n.投票；投票用纸；投票总数 v.投票；抽签决定,专四
band,bænd,,n.带，环；[物] 波段；(演奏流行音乐的) 乐队 v.用带绑扎；给镶边,专四
bandit,'bændɪt,,n.强盗，土匪；恶棍；敲诈者,专四
banister,'bænɪstɚ,,n.栏杆的支柱；楼梯的扶栏,专四
bankrupt,'bæŋkrʌpt,,a.破产的 v.使破产 n.[经] 破产者,专四
banner,'bænɚ,,n.横幅图片的广告模式,专四
banquet,'bæŋkwɪt,,n.宴会，盛宴；宴请，款待 v.宴请，设宴款待,专四
baptize,bæp'taɪz,,v.给…施浸礼；命名；使经受考验（等于baptise） n.(Baptize)人名；(法)巴蒂泽,专四
barbarous,'bɑrbərəs,,a.野蛮的；残暴的,专四
barge,bɑrdʒ,,v.蹒跚；闯入 n.驳船；游艇,专四
barley,'bɑrli,,n.大麦,专四
barn,bɑrn,,n.谷仓；畜棚；车库；靶（核反应截面单位） vt.把…贮存入仓,专四
barometre,,,n.气压表；晴雨表,专四
baron,'bærən,,n.男爵；大亨；巨头,专四
barracks,'bærəks,,n.兵营，营房；简陋的房子；警察所（barrack的复数） v.使驻扎军营里；住在工房、棚屋里；（澳）大声鼓噪（barrack的三单形式）,专四
barrel,'bærəl,,v.把……装入桶内 n.桶；枪管，炮管,专四
barren,'bærən,,a.贫瘠的；不生育的；无益的；沉闷无趣的；空洞的 n.荒地,专四
barrier,'bærɪɚ,,n.障碍物，屏障；界线 vt.把…关入栅栏,专四
base,bes,,n.基础；底部；垒 a.卑鄙的；低劣的 v.以…作基础,专四
bass,bes,,n.鲈鱼；男低音；低音部；椴树 a.低音的,专四
bastard,'bæstɚd,,a.私生的 n.私生子,专四
batch,bætʃ,,n.一批；一炉；一次所制之量 v.分批处理,专四
batter,'bætɚ,,n.击球手；（用鸡蛋、牛奶、面粉等调成的）糊状物；墙面的倾斜 v.猛击；打坏；使向上倾斜,专四
battle,'bætl,,n.战役；斗争 v.斗争；作战,专四
battlefield,'bætlfild,,n.战场；沙场,专四
beacon,'bikən,,n.灯塔，信号浮标；烽火；指路明灯 v.照亮，指引,专四
bead,bid,,n.珠子；滴；念珠 v.形成珠状，起泡,专四
beak,bik,,n.[鸟] 鸟嘴；鹰钩鼻子；地方执法官；男教师,专四
beaker,'bikɚ,,n.烧杯；大口杯,专四
beat,bit,,v.打；打败 n.拍子；敲击；有规律的一连串敲打 a.筋疲力尽的；疲惫不堪的,专四
beetle,'biːt(ə)l,,v.急忙来回；突出 n.甲虫；大槌,专四
beforehand,bɪ'fɔrhænd,,ad.事先；预先 a.提前的；预先准备好的,专四
beg,bɛɡ,,v.乞讨；恳求；回避正题 n.(Beg)人名；(德、塞、巴基)贝格,专四
beggar,'bɛɡɚ,,n.乞丐；穷人；家伙 v.使贫穷；使沦为乞丐,专四
beginner,bɪ'gɪnɚ,,n.初学者；新手；创始人,专四
behalf,bɪ'hæf,,n.代表；利益,专四
behavior,bɪ'hevjɚ,,n.行为，举止；态度；反应,专四
bellow,'bɛlo,,v.大声喊叫；大声发出 n.吼叫声；轰鸣声,专四
belongings,bə'lɔŋɪŋz,,n.[经] 财产，所有物；亲戚,专四
beloved,bɪ'lʌvd,,a.心爱的；挚爱的 n.心爱的人；亲爱的教友,专四
benefit,'bɛnɪfɪt,,n.利益，好处；救济金 v.有益于，对…有益,专四
berry,'bɛri,,n.浆果（葡萄，番茄等） v.采集浆果,专四
berth,bɝθ,,n.卧铺；停泊处，锚位；差事 v.使……停泊；为……提供铺位,专四
besiege,bɪ'sidʒ,,v.围困；包围；烦扰,专四
bestow,bɪ'sto,,v.使用；授予；放置；留宿,专四
bet,bɛt,,n.打赌，赌注；被打赌的事物 v.打赌；敢断定，确信,专四
betray,bɪ'tre,,v.背叛；出卖；泄露（秘密）；露出…迹象,专四
beware,bɪ'wɛr,,v.当心，小心,专四
bewilder,bɪ'wɪldɚ,,v.使迷惑，使不知所措,专四
bias,'baɪəs,,n.偏见；偏爱；斜纹；乖离率 v.使存偏见 a.偏斜的 ad.偏斜地,专四
bibliography,",bɪblɪ'ɑɡrəfi",,n.参考书目；文献目录,专四
bid,bɪd,,v.投标；出价；表示；吩咐 n.出价；叫牌；努力争取,专四
bilateral,",baɪ'lætərəl",,a.双边的；有两边的,专四
bilingual,'baɪ'lɪŋgwəl,,a.双语的 n.通两种语言的人,专四
bin,bɪn,,n.箱子，容器；二进制 v.把…放入箱中,专四
binary,'baɪnəri,,a.[数] 二进制的；二元的，二态的,专四
bind,baɪnd,,v.结合；装订；有约束力；过紧 n.捆绑；困境；讨厌的事情；植物的藤蔓,专四
binoculars,bɪ'nɑkjəlɚz,,n.[光] 双筒望远镜；[光] 双筒镜，[光] 双目镜,专四
biochemistry,'baɪo'kɛmɪstri,,n.生物化学,专四
biographic,",baiəu'ɡræfik,-kəl",,a.传记的；传记体的,专四
biological,",baɪə'lɑdʒɪkl",,a.生物的；生物学的,专四
biotechnology,'baɪotɛk'nɑlədʒi,,n.[生物] 生物技术；[生物] 生物工艺学,专四
birch,bɝtʃ,,n.桦木；桦树；桦条 v.用桦条鞭打,专四
birthrate,'bə:θreit,,n.出生率,专四
bishop,'bɪʃəp,,n.（基督教的）主教；（国际象棋的）象,专四
blacken,'blækən,,v.使变黑；诽谤，诋毁 n.(Blacken)人名；(英)布莱肯,专四
blacksmith,'blæksmɪθ,,n.铁匠；锻工,专四
bladder,'blædɚ,,n.膀胱；囊状物，可充气的囊袋,专四
blade,bled,,n.叶片；刀片，刀锋；剑,专四
bland,blænd,,a.乏味的；温和的；冷漠的 vt.使…变得淡而无味；除掉…的特性 vi.变得平淡无奇；丧失特性 n.(Bland)人名；(英)布兰德,专四
blank,blæŋk,,a.空白的；空虚的；单调的 n.空白；空虚；空白表格 v.使…无效；使…模糊；封锁,专四
blast,blæst,,n.爆炸；冲击波；一阵 v.猛攻,专四
blaze,blez,,v.在树皮上刻路标；公开宣布 n.火焰，烈火；光辉；情感爆发,专四
bleach,blitʃ,,v.使漂白，使变白 n.漂白剂,专四
bleak,blik,,a.阴冷的；荒凉的，无遮蔽的；黯淡的，无希望的；冷酷的；单调的,专四
bleat,blit,,v.咩咩叫；胡扯；抱怨 n.咩咩叫声,专四
blend,blɛnd,,v.混合 n.混合；掺合物,专四
blessing,'blɛsɪŋ,,n.祝福；赐福；祷告 v.使幸福（bless的ing形式）；使神圣化；为…祈神赐福,专四
blink,blɪŋk,,v.眨眼；使…闪烁 n.眨眼；瞬间；闪光,专四
blister,'blɪstɚ,,n.水泡；水疱；气泡；砂眼；起泡剂 v.使起水泡；痛打；猛烈抨击,专四
blockade,blɑ'ked,,v.封锁 n.阻塞,专四
blond,blɑnd,,a.金发的 n.白肤碧眼金发的人,专四
bloom,blum,,n.花；青春；旺盛 v.使开花；使茂盛,专四
blot,blɑt,,v.吸墨水；弄上墨渍或污渍 n.污点，污渍；墨水渍,专四
blueprint,'blʊ'prɪnt,,v.计划；制成蓝图 n.蓝图，设计图；计划,专四
bluff,blʌf,,n.吓唬；绝壁；断崖 v.吓唬；愚弄 a.直率的；陡峭的,专四
blunt,blʌnt,,a.钝的，不锋利的；生硬的；直率的 v.使迟钝 n.(Blunt)人名；(英)布伦特,专四
board,bɔrd,,n.董事会；木板；甲板；膳食 v.上（飞机、车、船等）；用板盖上；给提供膳宿,专四
boast,bost,,v.夸口说，自吹自擂说；以有…而自豪 n.自夸；值得夸耀的事物，引以为荣的事物,专四
bodily,'bɔdili,,ad.整体地；亲自地；以肉体形式 a.身体的；肉体的 n.(Bodily)人名；(英)博迪利,专四
bodyguard,'bɑdɪɡɑrd,,n.保镖,专四
boiler,'bɔɪlɚ,,n.锅炉；烧水壶，热水器；盛热水器,专四
bolt,bolt,,n.螺栓，螺钉；闪电，雷电；门闩；弩箭;（布的）一匹，一卷 v.筛选；囫囵吞下；（把门、窗等）闩上；突然说出，脱口说出 ad.突然地；像箭似地；直立地,专四
bonus,'bonəs,,n.奖金；红利；额外津贴,专四
bony,'boni,,a.骨的；多骨的；瘦骨嶙峋的；似骨的 n.(Bony)人名；(法)博尼,专四
boom,buːm,,v.使兴旺；发隆隆声 n.繁荣；吊杆；隆隆声,专四
borderline,'bɔrdɚlaɪn,,n.边界线，边界；界线 a.边界的；暧昧的,专四
bosom,'bʊzəm,,n.胸；胸怀；中间；胸襟；内心；乳房；内部 v.怀抱；把…藏在心中 a.知心的；亲密的,专四
bossy,'bɔsi,,a.专横的；浮雕装饰的；爱指挥他人的 n.母牛；牛犊,专四
bottleneck,'bɑtlnɛk,,n.瓶颈；障碍物,专四
bough,baʊ,,n.大树枝,专四
bracelet,ˈbreslɪt,,n.手镯；手链,专四
brandy,'brændi,,n.白兰地酒,专四
brew,brʊ,,v.酿造；酝酿 n.啤酒；质地,专四
brewery,'bruəri,,n.啤酒厂,专四
bristle,'brɪsl,,n.猪鬃；刚毛 v.发怒；竖起,专四
brochure,bro'ʃʊr,,n.手册，小册子,专四
brooch,brotʃ,,n.（女用的）胸针，领针,专四
brook,brʊk,,v.忍受；容忍 n.小溪；小河,专四
brotherly,'brʌðɚli,,a.兄弟的；兄弟般的；亲切的 ad.兄弟般地；亲切地,专四
bubble,'bʌbl,,n.气泡，泡沫，泡状物；透明圆形罩，圆形顶 v.沸腾，冒泡；发出气泡声,专四
buck,bʌk,,n.（美）钱，元；雄鹿；纨绔子弟；年轻的印第安人或黑人,专四
buckle,'bʌk(ə)l,,v.扣住；变弯曲 n.皮带扣，带扣,专四
Buddha,'budə,,n.佛陀；佛像,专四
budget,'bʌdʒɪt,,n.预算，预算费 v.安排，预定；把…编入预算 a.廉价的,专四
buffalo,'bʌfəlo,,n.[畜牧][脊椎] 水牛；[脊椎] 野牛（产于北美）；水陆两用坦克,专四
bugle,'bjuɡl,,n.喇叭；军号；筋骨草属植物 v.吹号集合,专四
bulb,bʌlb,,n.电灯泡；鳞茎；球状物 vi.生球茎；膨胀成球状,专四
bulldozer,'bʊl'dozɚ,,n.推土机；欺凌者，威吓者,专四
bully,'bʊli,,n.欺凌弱小者；土霸 a.第一流的；特好的 v.欺负；威吓 ad.很；十分 int.好；妙,专四
bungalow,ˈbʌŋɡəˌlo,,n.平房；小屋,专四
buoy,'bʊi,,n.[水运] 浮标；浮筒；救生圈；航标 v.使浮起；支撑；鼓励,专四
burden,'bɝdn,,n.负担；责任；船的载货量 v.使负担；烦扰；装货于,专四
bureau,'bjʊro,,n.局，处；衣柜；办公桌,专四
burglar,'bɝɡlɚ,,n.夜贼，窃贼,专四
bushel,'bʊʃəl,,n.蒲式耳 v.修整（衣服等）,专四
butler,'bʌtlɚ,,n.男管家；仆役长,专四
byte,baɪt,,n.字节；8位元组,专四
cabin,'kæbɪn,,n.小屋；客舱；船舱 v.把…关在小屋里,专四
cabinet,'kæbɪnət,,n.内阁；橱柜；展览艺术品的小陈列室 a.内阁的；私下的，秘密的,专四
cable,'kebl,,n.缆绳；电缆；海底电报 v.打电报,专四
cactus,'kæktəs,,n.[园艺] 仙人掌,专四
cadet,kə'dɛt,,n.幼子，次子；实习生；候补军官；陆海军官学校的学员,专四
cadre,'kædri,,n.干部；基础结构；骨骼,专四
calcium,'kælsɪəm,,n.[化学] 钙,专四
calculate,'kælkjulet,,v.计算；以为；作打算,专四
calculation,",kælkju'leʃən",,n.计算；估计；计算的结果；深思熟虑,专四
calendar,'kæləndɚ,,n.日历；[天] 历法；日程表 v.将…列入表中；将…排入日程表,专四
calf,kæf,,n.[解剖] 腓肠，小腿；小牛；小牛皮；(鲸等大哺乳动物的)幼崽,专四
caliber,'kæləbɚ,,n.[军] 口径；才干；水准（等于calibre）；器量,专四
calligraphy,kə'lɪɡrəfi,,n.书法；笔迹,专四
calorie,'kæləri,,n.卡路里（热量单位）,专四
campaign,kæm'pen,,v.作战；参加竞选；参加活动 n.运动；活动；战役,专四
campus,'kæmpəs,,n.（大学）校园；大学，大学生活；校园内的草地,专四
canary,kə'nɛri,,n.[鸟] 金丝雀；淡黄色,专四
candidate,"ˈkændɪˌdet, -dɪt",,n.候选人，候补者；应试者,专四
cane,ken,,n.手杖；藤条；细长的茎 v.以杖击；以藤编制,专四
canine,'kenaɪn,,a.犬的；犬齿的；犬科的；似犬的 n.犬；[解剖] 犬齿,专四
cannery,'kænəri,,n.罐头工厂,专四
canon,'kænən,,n.标准；教规；正典圣经；教士,专四
Cantonese,",kæntə'ni:z",,n.广东人；广东话 a.广州的，广州人的,专四
canvas,'kænvəs,,n.帆布 v.用帆布覆盖，用帆布装备 a.帆布制的,专四
canyon,'kænjən,,n.峡谷,专四
capability,ˌkeɪpəˈbɪləti,,n.才能，能力；性能，容量,专四
capable,'kepəbl,,a.能干的，能胜任的；有才华的,专四
capacity,kə'pæsəti,,n.能力；容量；资格，地位；生产力,专四
capitalism,'kæpɪtəlɪzəm,,n.资本主义,专四
capsule,ˈkæpsul,,n.胶囊；[植] 蒴果；太空舱；小容器 a.压缩的；概要的 v.压缩；简述,专四
caption,'kæpʃən,,n.标题；字幕；说明；逮捕 v.加上说明；加上标题,专四
capture,'kæptʃɚ,,"v.俘获；夺得；捕捉，拍摄,录制 n.捕获；战利品，俘虏",专四
caravan,'kærəvæn,,n.（可供居住的）拖车，大篷车；（穿过沙漠地带的）旅行队（如商队）；<英>活动住宅；<美>移民列车 v.乘拖车度假；参加旅行队旅行,专四
carcass,'kɑrkəs,,n.（人或动物的）尸体；残骸；（除脏去头备食用的）畜体,专四
cardboard,'kɑrdbɔrd,,n.[纸] 硬纸板；纸板箱；卡纸板 a.不真实的；硬纸板制的,专四
cardigan,'kɑrdɪɡən,,n.羊毛衫，开襟羊毛衫（等于cardigan sweater）,专四
cardinal,'kɑrdɪnl,,n.红衣主教；枢机主教；鲜红色；【鸟类】(北美)主红雀 a.主要的，基本的；深红色的,专四
career,kə'rɪr,,n.生涯；职业；事业；速度，全速 a.作为毕生职业的 v.全速前进，猛冲,专四
carefree,'kɛrfri,,a.无忧无虑的；不负责的,专四
careful,'kɛrfl,,a.仔细的，小心的,专四
cargo,'kɑrɡo,,n.货物，船货,专四
carnival,'kɑrnɪvl,,n.狂欢节，嘉年华会；饮宴狂欢,专四
carol,'kærəl,,v.欢乐地歌唱；唱耶诞颂歌 n.颂歌，赞美诗；欢乐之歌,专四
carpenter,ˈkɑːrpəntər,,n.木匠，木工 v.当木匠，做木匠工作,专四
carry,'kæri,,v.拿，扛；携带；支持；搬运 n.运载；[计] 进位；射程,专四
cart,kɑrt,,n.二轮运货马车 v.用车装载,专四
carton,'kɑrtn,,n.纸板箱；靶心白点 vt.用盒包装 vi.制作纸箱,专四
cashier,kæ'ʃɪr,,n.出纳员；司库；收银员 v.解雇；抛弃,专四
casino,kə'sino,,n.俱乐部，赌场；娱乐场,专四
cask,kæsk,,n.木桶，桶 vt.装入桶内,专四
cassette,kə'sɛt,,n.盒式磁带；暗盒；珠宝箱；片匣,专四
casual,'kæʒʊəl,,a.随便的；非正式的；临时的；偶然的 n.便装；临时工人；待命士兵,专四
catalogue,'kætəlɔɡ,,n.目录；（美）大学情况一览 v.把…编入目录,专四
cataract,'kætərækt,,n.[眼科] 白内障；大瀑布；暴雨，洪水；奔流 vt.倾注,专四
catastrophe,kə'tæstrəfi,,n.大灾难；大祸；惨败,专四
catch,kætʃ,,v.赶上；抓住；感染；了解 n.捕捉；捕获物；窗钩,专四
categorize,'kætəgə'raɪz,,v.分类,专四
cater,'ketɚ,,v.投合，迎合；满足需要；提供饮食及服务 n.(Cater)人名；(英)凯特,专四
caterpillar,'kætɚpɪlɚ,,n.[无脊椎] 毛虫；履带车 a.有履带装置的,专四
Catholic,kæθəlɪk,,a.天主教的；宽宏大量的 n.天主教徒；罗马天主教,专四
cauliflower,'kɔlɪ'flaʊɚ,,n.花椰菜，菜花,专四
cause,kɔz,,n.原因；事业；目标 v.引起；使遭受,专四
caution,'kɔʃən,,n.小心，谨慎；警告，警示 v.警告,专四
cavalry,'kævlri,,n.骑兵；装甲兵；装甲部队,专四
ceaseless,ˈsislɪs,,a.不断的；不停的,专四
celebrated,'sɛlə'bretɪd,,a.著名的；有名望的 v.庆祝（celebrate的过去式和过去分词）,专四
celebrity,sə'lɛbrəti,,n.名人；名声,专四
celery,'sɛləri,,n.[园艺] 芹菜,专四
cello,'tʃɛlo,,n.大提琴,专四
cellular,'sɛljəlɚ,,a.细胞的；多孔的；由细胞组成的 n.移动电话；单元,专四
celluloid,'seljulɔid,,n.赛璐珞；（美俚）电影（胶片）,专四
Celsius,'sɛlsɪəs,,a.摄氏的 n.摄氏度,专四
cement,sə'mɛnt,,v.巩固，加强；用水泥涂；接合 n.水泥；接合剂,专四
cemetery,'sɛmə'tɛri,,n.墓地；公墓,专四
census,'sɛnsəs,,v.实施统计调查 n.人口普查，人口调查,专四
ceramic,sə'ræmɪk,,a.陶瓷的；陶器的；制陶艺术的 n.陶瓷；陶瓷制品,专四
cereal,'sɪrɪəl,,n.谷类，谷物；谷类食品；谷类植物 a.谷类的；谷类制成的,专四
ceremony,ˈsɛrəˌmoʊni,,n.典礼，仪式；礼节，礼仪；客套，虚礼,专四
certainty,'sɝtnti,,n.必然；确实；确实的事情,专四
chair,tʃɛr,,n.椅子；讲座；（会议的）主席位；大学教授的职位 v.担任（会议的）主席；使…入座；使就任要职,专四
challenge,'tʃælɪndʒ,,n.挑战；怀疑 v.向…挑战；对…质疑,专四
chamber,ˈtʃeɪmbər,,n.（身体或器官内的）室，膛；房间；会所 a.室内的；私人的，秘密的 v.把…关在室内；装填（弹药等）,专四
champagne,ʃæm'pen,,n.香槟酒；香槟酒色,专四
championship,'tʃæmpɪənʃɪp,,n.锦标赛；冠军称号；冠军的地位,专四
chance,tʃæns,,n.机会，际遇；运气，侥幸；可能性 v.偶然发生；冒……的险,专四
chancellor,'tʃænsəlɚ,,n.总理（德、奥等的）；（英）大臣；校长（美国某些大学的）；（英）大法官；（美）首席法官,专四
change,tʃendʒ,,v.改变；交换 n.变化；找回的零钱,专四
chaos,'keɑs,,n.混沌，混乱,专四
chap,tʃæp,,n.小伙子；家伙；龟裂 v.使皲裂,专四
chapel,'tʃæpl,,n.小礼拜堂，小教堂；礼拜 a.非国教的,专四
characterize,'kærəktə'raɪz,,v.描绘…的特性；具有…的特征,专四
charcoal,'tʃɑrkol,,n.木炭；炭笔 v.用木炭画（过去式charcoaled，过去分词charcoaled，现在分词charcoaling，第三人称单数charcoals）,专四
chargeable,'tʃɑrdʒəbl,,a.应支付的；可以控诉的；可充电的；应课税的,专四
chariot,'tʃærɪət,,n.二轮战车 v.驾驭（过去式charioted，过去分词charioted，现在分词charioting，第三人称单数chariots）,专四
charity,'tʃærəti,,n.慈善；施舍；慈善团体；宽容；施舍物,专四
charter,'tʃɑrtɚ,,v.特许；包租；发给特许执照 n.宪章；执照；特许状,专四
chase,tʃeɪs,,v.追逐；追捕；试图赢得；雕镂 n.追逐；追赶；追击,专四
chasm,'kæzəm,,n.峡谷；裂口；分歧；深坑,专四
chatter,'tʃætɚ,,v.唠叨；喋喋不休；（动物等）吱吱叫 n.唠叨；饶舌；（动物的）啁啾声；潺潺流水声,专四
chauffeur,ʃo'fɝ,,n.司机 v.开车运送,专四
checkpoint,'tʃɛkpɔɪnt,,n.检查站，关卡,专四
chef,ʃɛf,,n.厨师，大师傅,专四
cherish,'tʃɛrɪʃ,,v.珍爱,专四
cherry,'tʃɛri,,n.樱桃；樱桃树；如樱桃的鲜红色；处女膜，处女,专四
chestnut,'tʃɛsnʌt,,n.栗子；栗色；[园艺] 栗树；栗色马 a.栗色的,专四
childish,'tʃaɪldɪʃ,,a.幼稚的，孩子气的,专四
chill,tʃɪl,,n.寒冷；寒意；寒心 a.寒冷的；冷漠的；扫兴的 v.冷冻，冷藏；使寒心；使感到冷,专四
chilli,'tʃɪli,,n.红辣椒,专四
chin,tʃɪn,,n.下巴；聊天；引体向上动作 v.用下巴夹住；与…聊天；在单杠上作引体向上动作,专四
chip,tʃɪp,,v.削，凿；削成碎片 n.[电子] 芯片；筹码；碎片；(食物的) 小片; 薄片,专四
choir,'kwaɪɚ,,n.唱诗班；合唱队；舞蹈队 v.合唱,专四
chop,tʃɑp,,n.砍；排骨；商标；削球 v.剁碎；砍,专四
chord,kɔrd,,n.弦；和弦；香水的基调,专四
chore,tʃɔr,,n.家庭杂务；日常的零星事务；讨厌的或累人的工作,专四
chorus,'kɔrəs,,n.合唱队；齐声；歌舞队 v.合唱；异口同声地说,专四
Christ,kraɪst,,n.基督；救世主 int.天啊！,专四
Christianity,",kristi'ænəti",,n.基督教；基督教精神，基督教教义,专四
chronic,'krɑnɪk,,a.慢性的；长期的；习惯性的 n.(Chronic)人名；(英)克罗尼克,专四
chrysanthemum,krɪ'sænθəməm,,n.菊花,专四
chuckle,'tʃʌkl,,v.咯咯的笑，轻声地笑 n.轻笑，窃笑,专四
chunk,tʃʌŋk,,n.大块；矮胖的人或物,专四
churchyard,'tʃɝtʃ'jɑrd,,n.境内；教堂院落，多做墓地,专四
cider,'saɪdɚ,,n.苹果酒；苹果汁,专四
circuit,'sɝkɪt,,n.[电子] 电路，回路；巡回；一圈；环道 v.环行,专四
circulate,'sɝkjəlet,,v.传播，流传；循环；流通,专四
circumference,sɚ'kʌmfərəns,,n.圆周；周长；胸围,专四
circumstance,'sɝkəmstæns,,n.环境，情况；事件；境遇,专四
cite,saɪt,,v.引用；传讯；想起；表彰,专四
citizenship,'sɪtɪzənʃɪp,,n.[法] 公民身份，公民资格；国籍；公民权,专四
civic,'sɪvɪk,,a.市的；公民的，市民的,专四
claim,klem,,v.提出要求 n.要求；声称；索赔；断言；值得,专四
clam,klæm,,v.捞蛤；保持沉默，闭嘴不言 n.蛤；沉默寡言的人；钳子,专四
clamour,'klæmɚ,,v.吵闹；大声地要求 n.喧闹,专四
clamp,klæmp,,v.夹紧，固定住 n.夹钳，螺丝钳,专四
clan,klæn,,n.宗族；部落；集团,专四
clang,klæŋ,,n.叮当声；铿锵声 v.发铿锵声,专四
clarity,'klærəti,,n.清楚，明晰；透明,专四
clash,klæʃ,,n.冲突，不协调；碰撞声，铿锵声 v.冲突，抵触；砰地相碰撞，发出铿锵声,专四
clasp,klæsp,,n.扣子，钩子；握手 v.紧抱；扣紧；紧紧缠绕,专四
classify,'klæsɪfaɪ,,v.分类；分等,专四
clause,klɔz,,n.条款；[计] 子句,专四
claw,klɔ,,n.爪；螯，钳；爪形器具 v.用爪抓（或挖）,专四
clay,kle,,n.[土壤] 粘土；泥土；肉体；似黏土的东西 vt.用黏土处理,专四
clearance,'klɪrəns,,n.清除；空隙,专四
clench,klɛntʃ,,v.紧握；确定；把…敲弯 n.紧抓；敲环脚,专四
clergy,'klɝdʒi,,n.神职人员；牧师；僧侣,专四
client,'klaɪənt,,n.[经] 客户；顾客；委托人,专四
cliff,klɪf,,n.悬崖；绝壁,专四
climate,'klaɪmət,,n.气候；风气；思潮；风土,专四
climax,'klaɪmæks,,n.高潮；顶点；层进法；极点,专四
cling,klɪŋ,,v.坚持，墨守；紧贴；附着,专四
clinical,'klɪnɪkl,,a.临床的；诊所的,专四
clip,klɪp,,n.（塑料或金属的）夹子；回纹针；修剪；剪报 v.剪；剪掉；缩短；给…剪毛（或发）用别针别在某物上，用夹子夹在某物上,专四
cloak,klok,,n.斗蓬；宽大外衣；托词 v.遮掩；隐匿,专四
clockwise,'klɑk'waɪz,,ad.顺时针方向地 a.顺时针方向的,专四
closely,'klosli,,ad.紧密地；接近地；严密地；亲近地,专四
clout,klaʊt,,n.破布；敲打；影响力；势力 v.给…打补钉；猛击,专四
clown,klaʊn,,n.小丑；乡下人；粗鲁笨拙的人 v.扮小丑；装傻,专四
clue,klʊ,,n.线索；（故事等的）情节 v.为…提供线索；为…提供情况,专四
clumsy,'klʌmzi,,a.笨拙的,专四
cluster,'klʌstɚ,,n.群；簇；丛；串 v.群聚；丛生,专四
clutch,klʌtʃ,,n.离合器；控制；手；紧急关头 v.攫；企图抓住 a.没有手提带或背带的；紧要关头的,专四
coalition,ˌkoʊəˈlɪʃn,,n.联合；结合，合并,专四
coarse,kɔrs,,a.粗糙的；粗俗的；下等的,专四
coastal,'kostl,,a.沿海的；海岸的,专四
cobbler,'kɑblɚ,,n.补鞋匠；工匠；冷饮料；脆皮水果馅饼,专四
cobweb,'kɑb'wɛb,,n.蜘蛛网；蛛丝；圈套 vt.使布满蛛网；使混乱,专四
cockroach,'kɑk'rotʃ,,n.[昆] 蟑螂,专四
cocktail,'kɑktel,,n.鸡尾酒；开胃食品 a.鸡尾酒的,专四
cocoa,'koko,,n.可可粉；可可豆；可可饮料；深褐色,专四
coconut,'kokənʌt,,n.椰子；椰子肉,专四
cod,kɒd,,n.[鱼] 鳕鱼；愚弄；哄骗 v.欺骗；愚弄,专四
code,kod,,n.代码，密码；编码；法典 v.编码；制成法典,专四
coffin,'kɔfɪn,,n.棺材,专四
coil,kɔɪl,,v.盘绕，把…卷成圈 n.线圈；卷,专四
coinage,'kɔɪnɪdʒ,,n.造币；[金融] 货币制度；新造的字及其语等,专四
coincide,",koɪn'saɪd",,v.一致，符合；同时发生,专四
cola,'kolə,,n.可乐；可乐树（其子含咖啡碱）,专四
collaborate,kə'læbəret,,v.合作；勾结，通敌,专四
collapse,kə'læps,,v.倒塌；瓦解；暴跌 n.倒塌；失败；衰竭,专四
collector,kə'lɛktɚ,,n.收藏家；[电子] 集电极；收税员；征收者,专四
collegiate,kə'lidʒɪət,,a.大学的；学院的；大学生的,专四
collide,kə'laɪd,,v.碰撞；抵触，冲突,专四
colloquial,kə'lokwɪəl,,a.白话的；通俗的；口语体的,专四
colon,'kolən,,n.[解剖] 结肠；冒号（用于引语、说明、例证等之前）；科郎（哥斯达黎加货币单位）,专四
colonel,'kɝnl,,n.陆军上校,专四
colony,'kɑləni,,n.殖民地；移民队；种群；动物栖息地,专四
column,'kɑləm,,n.纵队，列；专栏；圆柱，柱形物,专四
coma,'komə,,n.[医] 昏迷；[天] 彗形像差,专四
combat,'kɑmbæt,,v.反对；与…战斗 n.战斗；争论 a.战斗的；为…斗争的,专四
combination,",kɑmbɪ'neʃən",,n.结合；组合；联合；[化学] 化合,专四
combine,kəm'baɪn,,v.使化合；使联合，使结合 n.联合收割机；联合企业,专四
combustion,kəm'bʌstʃən,,n.燃烧，氧化；骚动,专四
comedian,kə'midɪən,,n.喜剧演员；滑稽人物,专四
comet,'kɑmət,,n.[天] 彗星,专四
comic,'kɑmɪk,,a.喜剧的；滑稽的；有趣的 n.连环漫画；喜剧演员；滑稽人物,专四
commander,kə'mændɚ,,n.指挥官；司令官,专四
commemorate,kə'mɛməret,,v.庆祝，纪念；成为…的纪念,专四
commence,kə'mɛns,,v.开始；着手；<英>获得学位,专四
commend,kə'mɛnd,,v.推荐；称赞；把…委托,专四
comment,'kɑmɛnt,,n.评论；意见；批评 v.发表评论；发表意见,专四
commentator,'kɑmən'tetɚ,,n.评论员，解说员；实况播音员；时事评论者,专四
commercial,kə'mɝʃəl,,a.商业的；营利的；靠广告收入的 n.商业广告,专四
commit,kə'mɪt,,v.犯罪，做错事；把交托给；指派…作战；使…承担义务,专四
committee,kə'mɪti,,n.委员会,专四
commodity,kə'mɑdəti,,n.商品，货物；日用品,专四
common,'kɑmən,,a.共同的；普通的；一般的；通常的 n.普通；平民；公有地,专四
commonplace,'kɑmən'ples,,n.老生常谈；司空见惯的事；普通的东西 a.平凡的；陈腐的,专四
commonwealth,'kɑmən'wɛlθ,,n.联邦；共和国；国民整体,专四
communicative,kə'mjunɪketɪv,,a.交际的；爱说话的，健谈的；无隐讳交谈的,专四
community,kə'mjʊnəti,,n.社区；[生态] 群落；共同体；团体,专四
commute,kə'mjʊt,,v.（搭乘车、船等）通勤；代偿 n.通勤（口语）,专四
compact,'kɑmpækt,,n.合同，契约；小粉盒 a.紧凑的，紧密的；简洁的 v.使简洁；使紧密结合,专四
companionship,kəm'pænjən'ʃɪp,,n.友谊；陪伴；交谊,专四
comparable,'kɑmpərəbl,,a.可比较的；比得上的,专四
comparison,kəm'pærɪsn,,n.比较；对照；比喻；比较关系,专四
compartment,kəm'pɑrtmənt,,n.[建] 隔间；区划；卧车上的小客房 vt.分隔；划分,专四
compass,'kʌmpəs,,n.指南针，罗盘；圆规 v.包围,专四
compassion,kəm'pæʃən,,n.同情；怜悯,专四
compel,kəm'pɛl,,v.强迫，迫使；强使发生 n.(Compel)人名；(法)孔佩尔,专四
compensate,'kɑmpɛnset,,v.补偿，赔偿；抵消,专四
compensation,",kɑmpɛn'seʃən",,n.补偿；报酬；赔偿金,专四
compete,kəm'pit,,v.竞争；比赛；对抗,专四
compile,kəm'paɪl,,v.编译；编制；编辑；[图情] 汇编,专四
complacency,kəm'plesnsi,,n.自满；满足；自鸣得意,专四
complain,kəm'plen,,v.投诉；发牢骚；诉说,专四
complement,ˈkɑːmplɪment,,n.补语；余角；补足物 v.补足，补助,专四
complete,kəm'plit,,a.完整的；完全的；彻底的 v.完成,专四
complex,"kəm'plɛks; 'kɑm,plɛks",,a.复杂的；合成的 n.复合体；综合设施,专四
compliance,kəm'plaɪəns,,n.顺从，服从；承诺,专四
complicity,kəm'plɪsəti,,n.共谋；串通；共犯关系,专四
compliment,ˈkɑːmplɪmənt,,n.恭维；称赞；问候；致意；道贺 v.恭维；称赞,专四
comply,kəm'plaɪ,,v.遵守；顺从，遵从；答应,专四
component,kəm'ponənt,,a.组成的，构成的 n.成分；组件；[电子] 元件,专四
compose,kəm'poz,,v.构成；写作；使平静；排…的版,专四
compound,'kɑmpaʊnd,,n.[化学] 化合物；混合物；复合词 a.复合的；混合的 v.合成；混合；恶化，加重；和解，妥协,专四
comprehend,",kɑmprɪ'hɛnd",,v.理解；包含；由…组成,专四
comprehension,",kɑmprɪ'hɛnʃən",,n.理解；包含,专四
compress,kəm'prɛs,,v.受压缩小,专四
comprise,kəm'praɪz,,v.包含；由…组成,专四
compromise,'kɑmprəmaɪz,,v.妥协；危害 n.妥协，和解；折衷,专四
compulsory,kəm'pʌlsəri,,a.义务的；必修的；被强制的 n.（花样滑冰、竞技体操等的）规定动作,专四
compute,kəm'pjʊt,,v.计算；估算；用计算机计算 n.计算；估计；推断,专四
conceal,kən'sil,,v.隐藏；隐瞒,专四
conceit,kən'sit,,n.自负；狂妄；幻想 vt.幻想,专四
conceive,kən'siv,,v.怀孕；构思；以为；持有,专四
concentrate,'kɑnsn'tret,,v.集中；浓缩；全神贯注；聚集 n.浓缩，精选；浓缩液,专四
concept,'kɑnsɛpt,,n.观念，概念,专四
concern,kən'sɝn,,v.涉及，关系到；使担心 n.关系；关心；关心的事；忧虑,专四
concerned,kən'sɝnd,,a.有关的；关心的 v.关心（concern的过去时和过去分词）；与…有关,专四
concerning,kən'sɝnɪŋ,,prep.关于；就…而言 v.涉及；使关心（concern的ing形式）；忧虑,专四
concession,kən'sɛʃən,,n.让步；特许（权）；承认；退位,专四
concise,kən'saɪs,,a.简明的，简洁的,专四
conclusive,kən'klusɪv,,a.决定性的；最后的；确实的；确定性的,专四
concrete,'kɑŋkrit,,a.混凝土的；实在的，具体的；有形的 v.凝结 n.具体物；凝结物,专四
concubine,'kɑŋkjubaɪn,,n.妾；情妇；姘妇,专四
condemn,kən'dɛm,,v.谴责；判刑，定罪；声讨,专四
condense,kən'dɛns,,v.浓缩；凝结,专四
conditional,kən'dɪʃənl,,a.有条件的；假定的 n.条件句；条件语,专四
condolence,kən'doləns,,n.哀悼；慰问,专四
conducive,kən'dusɪv,,a.有益的；有助于…的,专四
cone,kon,,n.圆锥体，圆锥形；[植] 球果 v.使成锥形,专四
confess,kən'fɛs,,v.承认；坦白；忏悔；供认,专四
confident,'kɑnfɪdənt,,a.自信的；确信的,专四
confidentially,",kɔnfi'denʃəli",,ad.秘密地；作为心腹话地,专四
confidently,'kɑnfədəntli,,ad.自信地；安心地,专四
confine,kən'faɪn,,n.界限，边界;约束；限制 v.限制；禁闭,专四
confirm,kən'fɝm,,v.确认；确定；证实；批准；使巩固,专四
confiscate,'kɑnfɪsket,,v.没收；充公；查抄 a.被没收的,专四
conflict,'kɑnflɪkt,,n.冲突，矛盾；斗争；争执 v.冲突，抵触；争执；战斗,专四
conform,kən'fɔrm,,v.符合；遵照；适应环境 a.一致的；顺从的,专四
confront,kən'frʌnt,,v.面对；遭遇；比较,专四
confuse,kən'fjʊz,,v.使混乱；使困惑,专四
congregate,'kɑŋɡrɪɡet,,v.聚集 a.集合在一起的,专四
congress,'kɑŋɡrəs,,n.国会；代表大会；会议；社交,专四
congruent,'kɑŋɡruənt,,a.适合的，一致的；全等的；和谐的,专四
conical,'kɑnɪkl,,a.圆锥的；圆锥形的,专四
conifer,'kɑnəfɚ,,n.针叶树；[植] 松柏科植物,专四
conjunction,kən'dʒʌŋkʃən,,n.结合；[语] 连接词；同时发生,专四
connecting,kə'nektiŋ,,n.连接；管接头，套管 a.[计] 连接的 v.连接（connect的ing形式）,专四
conquest,'kɑŋkwɛst,,n.征服，战胜；战利品,专四
conscience,ˈkɑːnʃəns,,n.道德心，良心,专四
conscious,'kɑnʃəs,,a.意识到的；故意的；神志清醒的,专四
consecutive,kən'sɛkjətɪv,,a.连贯的；连续不断的,专四
consent,kən'sɛnt,,v.同意；赞成；答应 n.同意；（意见等的）一致；赞成,专四
consequence,'kɑnsəkwɛns,,n.结果；重要性；推论,专四
consequently,'kɑnsəkwɛntli,,ad.因此；结果；所以,专四
conserve,kən'sɝv,,v.保存；将…做成蜜饯；使守恒 n.果酱；蜜饯,专四
considerable,kən'sɪdərəbl,,a.相当大的；重要的，值得考虑的,专四
considerate,kənˈsɪdərɪt,,a.体贴的；体谅的；考虑周到的,专四
considered,kən'sɪdɚd,,a.经过深思熟虑的；被尊重的,专四
considering,kən'sɪdərɪŋ,,prep.考虑到；就而论 conj.考虑到 v.考虑到（consider的ing形式）,专四
consistent,kən'sɪstənt,,a.始终如一的，一致的；坚持的,专四
consistently,kən'sɪstəntli,,ad.一贯地；一致地；坚实地,专四
consolidate,kən'sɑlɪdet,,v.巩固，使固定；联合,专四
consonant,'kɑnsənənt,,a.辅音的；一致的；和谐的 n.辅音；辅音字母,专四
constable,'kɑnstəbl,,n.治安官，巡警；警察,专四
constellation,",kɑnstə'leʃən",,n.[天] 星座；星群；荟萃；兴奋丛,专四
constitute,'kɑnstətut,,v.组成，构成；建立；任命,专四
construction,kən'strʌkʃən,,n.建设；建筑物；解释；造句,专四
consul,'kɑnsl,,n.领事；（古罗马的）两执政官之一,专四
consult,kən'sʌlt,,v.查阅；商量；向…请教,专四
consume,kənˈsum,,v.消耗，消费；使…著迷；挥霍,专四
consumed,kən'sʊmd,,a.充满的；对…着迷的 vt.消耗（consume的过去式和过去分词）,专四
contain,kən'ten,,v.包含；控制；容纳；牵制（敌军）,专四
contaminate,kən'tæmɪnet,,v.污染，弄脏,专四
contemporary,kən'tɛmpərɛri,,n.同时代的人；同时期的东西 a.当代的；同时代的；属于同一时期的,专四
contempt,kən'tɛmpt,,n.轻视，蔑视；耻辱,专四
contemptuous,kən'tɛmptʃuəs,,a.轻蔑的；侮辱的,专四
contented,kən'tɛntɪd,,a.满足的；心安的 v.使…满足；使…安心（content的过去式和过去分词）,专四
contention,kən'tɛnʃən,,n.争论，争辩；争夺；论点,专四
contest,kən'tɛst,,v.争辩；质疑 n.竞赛；争夺；争论,专四
context,'kɑntɛkst,,n.环境；上下文；来龙去脉,专四
continental,",kɑntɪ'nɛntl",,a.大陆的；大陆性的 n.欧洲人,专四
continual,kən'tɪnjuəl,,a.持续不断的；频繁的,专四
continue,kən'tɪnju,,v.继续，延续；仍旧，连续,专四
contract,'kɑntrækt,,v.收缩；感染；订约 n.合同；婚约,专四
contraction,kən'trækʃən,,n.收缩，紧缩；缩写式；害病,专四
contradict,'kɑntrə'dɪkt,,v.反驳；否定；与…矛盾；与…抵触,专四
contrast,'kɑntræst,,v.对比；形成对照 n.对比；差别；对照物,专四
contribute,kən'trɪbjut,,v.贡献，出力；投稿；捐献,专四
controversial,",kɑntrə'vɝʃl",,a.有争议的；有争论的,专四
controversy,ˈkɑːntrəvɜːrsi,,n.争论；论战；辩论,专四
convenience,kən'vinɪəns,,n.便利；厕所；便利的事物,专四
convention,kən'vɛnʃən,,n.大会；[法] 惯例；[计] 约定；[法] 协定；习俗,专四
converse,kən'vəʳs,,a.相反的，逆向的；颠倒的 v.交谈，谈话；认识 n.逆行，逆向；倒；相反的事物,专四
convert,kən'vɝt,,v.使转变；转换…；使…改变信仰 n.皈依者；改变宗教信仰者,专四
convex,'kɑnvɛks,,a.凸面的；凸圆的 n.凸面体；凸状,专四
convey,kən've,,v.传达；运输；让与,专四
convict,kən'vɪkt,,v.证明…有罪；宣告…有罪 n.罪犯,专四
convince,kən'vɪns,,v.说服；使确信，使信服,专四
cookery,'kukəri,,n.烹调术；烹调业,专四
cooler,'kulɚ,,n.冷却器；清凉剂 a.更冷的（cool的比较级）,专四
cooperate,koʊˈɑːpəreɪt,,v.合作，配合；协力,专四
coordinate,ko'ɔrdɪnet,,n.坐标；同等的人或物 a.并列的；同等的 v.调整；整合,专四
cope,kop,,v.处理；对付；竞争 n.长袍,专四
copper,'kɑpɚ,,n.铜；铜币；警察 a.铜制的 v.镀铜,专四
copyright,'kɑpɪraɪt,,n.版权，著作权 a.版权的；受版权保护的 v.保护版权；为…取得版权,专四
cord,kɔrd,,n.绳索；束缚 v.用绳子捆绑,专四
cordial,'kɔrdʒəl,,a.热忱的，诚恳的；兴奋的 n.补品；兴奋剂；甜香酒，甘露酒,专四
corduroy,'kɔrdə'rɔi,,n.[纺] 灯芯绒，楞条花布；灯芯绒裤子；用灯芯绒布制的衣服 a.灯芯绒做的；泥地上用木头铺排成的,专四
core,kɔr,,n.核心；要点；果心；[计] 磁心 v.挖的核,专四
cornea,'kɔrnɪə,,n.[解剖] 角膜,专四
cornerstone,'kɔrnɚston,,n.基础；柱石；地基,专四
corporal,'kɔrpərəl,,a.肉体的，身体的 n.下士,专四
corporate,ˈkɔːrpərət,,a.法人的；共同的，全体的；社团的；公司的；企业的,专四
corpse,kɔrps,,n.尸体,专四
correspondence,",kɔrə'spɑndəns",,n.通信；一致；相当,专四
corrupt,kə'rʌpt,,a.腐败的，贪污的；堕落的 v.使腐烂；使堕落，使恶化,专四
cosmetic,kɑz'mɛtɪk,,a.美容的；化妆用的 n.化妆品；装饰品,专四
cosmic,'kɑzmɪk,,a.宇宙的（等于cosmical）,专四
cosmopolitan,'kɑzmə'pɑlətn,,a.世界性的；世界主义的，四海一家的 n.四海为家者；世界主义者；世界各地都有的东西,专四
cosmos,'kɑzmos,,n.宇宙；和谐；秩序；大波斯菊,专四
costly,'kɔstli,,a.昂贵的；代价高的 n.(Costly)人名；(英)科斯特利,专四
costume,'kɑstum,,n.服装，装束；戏装，剧装 v.给…穿上服装,专四
cosy,ˈkozi,,a.舒适的；惬意的 n.保温罩,专四
cot,kɑt,,n.简易床；小屋；轻便小床,专四
couch,kaʊtʃ,,n.睡椅，长沙发；床；卧榻 v.蹲伏，埋伏；躺着,专四
council,'kaʊnsl,,n.委员会；会议；理事会；地方议会；顾问班子,专四
counsel,'kaʊnsl,,n.法律顾问；忠告；商议；讨论；决策 v.建议；劝告,专四
countable,'kaʊntəbl,,a.可计算的；能算的,专四
counter,'kaʊntɚ,,n.柜台；对立面；计数器；（某些棋盘游戏的）筹码 v.反击，还击；反向移动，对着干；反驳，回答 a.相反的 ad.反方向地；背道而驰地,专四
counterattack,"'kaʊntərə,tæk",,v.反击；反攻 n.反击；反攻,专四
counterpart,'kaʊntɚpɑrt,,n.副本；配对物；极相似的人或物,专四
countess,'kaʊntəs,,n.伯爵夫人；女伯爵,专四
county,'kaʊnti,,n.郡，县,专四
coupon,'kupɑn,,n.息票；赠券；联票；[经] 配给券,专四
courageous,kə'redʒəs,,a.有胆量的，勇敢的,专四
coward,'kaʊɚd,,n.懦夫，懦弱的人 a.胆小的，懦怯的,专四
crab,kræb,,n.螃蟹；蟹肉；脾气乖戾的人；起重机 v.抱怨；破坏；使偏航,专四
crack,kræk,,v.使破裂；打开；变声 n.裂缝；声变；噼啪声 a.最好的；高明的,专四
cradle,'kredl,,n.摇篮；发源地；发祥地；支船架 v.抚育；把搁在支架上；把放在摇篮内,专四
craft,kræft,,n.工艺；手艺；太空船 v.精巧地制作,专四
crag,kræg,,n.峭壁；岩石碎块；颈；嗉囊,专四
crane,kren,,n.吊车，起重机；鹤 v.伸着脖子看；迟疑，踌躇,专四
crash,kræʃ,,n.撞碎；坠毁；破产；轰隆声；睡觉 v.摔碎；坠落；发出隆隆声；(金融企业等)破产,专四
crate,kret,,n.板条箱；篓 v.将某物装入大木箱或板条箱中,专四
crawl,krɔl,,v.爬行；匍匐行进 n.爬行；养鱼池；匍匐而行,专四
craze,krez,,n.狂热 v.发狂；产生纹裂,专四
creamy,'krimi,,a.奶油色的；乳脂状的；含乳脂的,专四
creation,krɪ'eʃən,,n.创造，创作；创作物，产物,专四
credible,'krɛdəbl,,a.可靠的，可信的,专四
creditor,'krɛdɪtɚ,,n.债权人，贷方,专四
credulous,'krɛdʒələs,,a.轻信的；因轻信而产生的,专四
creed,krid,,n.信条，教义,专四
creek,krik,,n.小溪；小湾,专四
creep,krip,,v.爬行；蔓延；慢慢地移动；起鸡皮疙瘩 n.爬行；毛骨悚然的感觉；谄媚者,专四
crest,krɛst,,n.[物] 波峰；冠；山顶；顶饰 v.到达绝顶；形成浪峰,专四
crib,krɪb,,n.婴儿床；栅栏；食槽 v.剽窃,专四
cricket,'krɪkɪt,,n.板球，板球运动；蟋蟀,专四
crimson,'krɪmzn,,n.深红色 a.深红色的 v.使变为深红色；脸红,专四
cripple,'krɪpl,,v.削弱；使跛；使残废 n.跛子；残废 a.跛的；残废的,专四
crisis,'kraɪsɪs,,n.危机；危险期；决定性时刻 a.危机的；用于处理危机的,专四
crisp,krɪsp,,a.脆的；新鲜的；易碎的 v.使卷曲；使发脆 n.松脆物；油炸马铃薯片,专四
criterion,kraɪˈtɪriən,,n.（批评判断的）标准；准则；规范；准据,专四
critic,'krɪtɪk,,n.批评家，评论家；爱挑剔的人,专四
crosscheck,'krɔstʃek,,n.多方面求证，反复查对 vt.交叉核对，反复核对,专四
crossword,"'krɔs,wə:d",,n.纵横字谜；纵横填字谜（等于cross puzzle）,专四
crowded,'kraʊdɪd,,a.拥挤的；塞满的 v.拥挤（crowd的过去分词）,专四
crown,kraʊn,,n.王冠；花冠；王权；顶点 v.加冕；居…之顶；表彰；使圆满完成,专四
crucial,'krʊʃəl,,a.重要的；决定性的；定局的；决断的,专四
crude,krud,,a.粗糙的；天然的，未加工的；粗鲁的 n.原油；天然的物质,专四
cruelty,'krʊəlti,,n.残酷；残忍；残酷的行为,专四
cruise,krʊz,,v.巡航，巡游；漫游 n.巡航，巡游；乘船游览,专四
crumble,'krʌmbl,,v.崩溃；破碎，粉碎 n.面包屑,专四
crusade,kru'sed,,n.改革运动；十字军东侵 v.加入十字军；从事改革运动,专四
crush,krʌʃ,,v.压碎；弄皱，变形；使…挤入 n.粉碎；迷恋；压榨；拥挤的人群,专四
crust,krʌst,,n.地壳；外壳；面包皮；坚硬外皮 v.结硬皮；结成外壳,专四
crutch,krʌtʃ,,n.拐杖；支柱；依靠；胯部 vt.用拐杖支撑；支持,专四
crystal,'krɪstl,,n.结晶，晶体；水晶；水晶饰品 a.水晶的；透明的，清澈的,专四
cucumber,"'kjʊ,kʌmbɚ",,n.黄瓜；胡瓜,专四
cue,kju,,n.提示，暗示；线索 v.给…暗示,专四
cuisine,kwɪ'zin,,n.烹饪，烹调法,专四
cultivate,'kʌltɪvet,,v.培养；陶冶；耕作,专四
cultural,'kʌltʃərəl,,a.文化的；教养的,专四
cunning,'kʌnɪŋ,,a.狡猾的；巧妙的；可爱的 n.狡猾,专四
curable,'kjʊrəbl,,a.可治愈的；可医治的；可矫正的,专四
curb,kɝb,,n.抑制；路边；勒马绳 v.控制；勒住,专四
curiosity,",kjʊrɪ'ɑsəti",,n.好奇，好奇心；珍品，古董，古玩,专四
curl,kɝl,,v.使…卷曲；使卷起来 n.卷曲；卷发；螺旋状物,专四
current,kɝ​ənt,,a.现在的；流通的，通用的；最近的；草写的 n.（水，气，电）流；趋势；涌流,专四
curriculum,kə'rɪkjələm,,n.课程,专四
curry,'kɝi,,v.用咖喱烧，给…加咖喱粉；梳刷；鞭打 n.咖哩粉，咖喱；咖哩饭菜,专四
curse,kɝs,,n.诅咒；咒骂 v.诅咒；咒骂,专四
cursor,'kɝsɚ,,n.光标；（计算尺的）[计] 游标，指针,专四
curve,kɝv,,n.曲线；弯曲；曲线球；曲线图表 v.弯；使弯曲 a.弯曲的；曲线形的,专四
custody,'kʌstədi,,n.保管；监护；拘留；抚养权,专四
customary,'kʌstə'mɛri,,a.习惯的；通常的 n.习惯法汇编,专四
cyclone,'saɪklon,,n.旋风；[气象] 气旋；飓风,专四
cylinder,'sɪlɪndɚ,,n.圆筒；汽缸；[数] 柱面；圆柱状物,专四
cynical,'sɪnɪkl,,a.愤世嫉俗的；冷嘲的,专四
czar,zɑ:,,n.（帝俄的）沙皇，皇帝；独裁者,专四
dagger,'dæɡɚ,,n.匕首，短剑 vt.用剑刺,专四
dairy,'dɛri,,n.奶制品；乳牛；制酪场；乳品店；牛奶及乳品业 a.乳品的；牛奶的；牛奶制的；产乳的,专四
damage,'dæmɪdʒ,,n.损害；损毁；赔偿金 v.损害；损毁,专四
damn,dæm,,v.谴责；罚…下地狱 n.一点；诅咒 a.可恶的 ad.非常 int.讨厌,专四
damp,dæmp,,v.使潮湿；使阻尼；使沮丧，抑制 n.潮湿，湿气 a.潮湿的,专四
Danish,'denɪʃ,,a.丹麦的；丹麦人的；丹麦语（文）的 n.丹麦语,专四
darken,'dɑrkən,,v.使变暗；使模糊,专四
darling,'dɑrlɪŋ,,n.心爱的人；亲爱的,专四
dart,dɑrt,,v.投掷，投射；使迅速突然移动 n.飞镖，标枪；急驰，飞奔；（虫的）螯；飞快的移动,专四
day,de,,n.一天；时期；白昼 ad.每天；经常在白天地 a.日间的；逐日的,专四
daydream,'dedrim,,v.做白日梦 n.白日梦,专四
daze,dez,,v.使茫然；使眼花缭乱；使晕眩 n.迷乱，眼花缭乱,专四
dazzle,'dæzl,,n.耀眼的光；灿烂 v.使……目眩；使……眼花,专四
deadly,'dɛdli,,a.致命的；非常的；死一般的 ad.非常；如死一般地,专四
deadweight,'dedweit,,n.自重；载重量；重负,专四
deafen,'dɛfən,,v.使聋；淹没,专四
deal,dil,,v.处理；给予；分配；发牌 n.交易；（美）政策；待遇；份量,专四
dean,din,,n.院长；系主任；教务长；主持牧师,专四
deathly,'dɛθli,,a.死一般的；致命的 ad.死了一样地；非常,专四
debt,dɛt,,n.债务；借款；罪过,专四
debut,de'bju,,n.初次登台；开张 v.初次登台,专四
decade,'dɛked,,n.十年，十年期；十,专四
decay,dɪ'ke,,v.衰退，[核] 衰减；腐烂，腐朽 n.衰退，[核] 衰减；腐烂，腐朽,专四
deceased,dɪ'sist,,a.已故的 n.死者；[法] 被继承人 vi.死亡（decease的过去式）,专四
deceit,dɪ'sit,,n.欺骗；谎言；欺诈手段,专四
decent,'disnt,,a.正派的；得体的；相当好的,专四
decibel,'dɛsɪbɛl,,n.分贝,专四
decimal,'dɛsɪml,,a.小数的；十进位的 n.小数,专四
decisive,dɪ'saɪsɪv,,a.决定性的；果断的，坚定的,专四
deck,dɛk,,n.甲板；行李仓；露天平台 v.装饰；装甲板；打扮,专四
declaration,",dɛklə'reʃən",,n.（纳税品等的）申报；宣布；公告；申诉书,专四
declare,dɪ'klɛr,,v.宣布，声明；断言，宣称,专四
decline,dɪ'klaɪn,,n.下降；衰退；斜面 v.下降；衰落；谢绝,专四
decorative,'dɛkəretɪv,,a.装饰性的；装潢用的,专四
decrease,dɪ'kris,,n.减少，减小；减少量 v.减少，减小,专四
decree,dɪ'kri,,n.法令；判决 v.命令；颁布；注定；判决,专四
dedicate,'dɛdɪket,,v.致力；献身；题献,专四
deduce,dɪ'dʊs,,v.推论，推断；演绎出,专四
default,dɪ'fɔlt,,v.拖欠；不履行；不到场 n.违约；缺席；缺乏；系统默认值,专四
defect,‘dɪfɛkt,,n.缺点，缺陷；不足之处 v.变节；叛变,专四
defendant,dɪ'fɛndənt,,a.辩护的；为自己辩护的 n.被告,专四
defiance,dɪ'faɪəns,,n.蔑视；挑战；反抗,专四
deficient,dɪ'fɪʃnt,,a.不足的；有缺陷的；不充分的,专四
deficit,'dɛfəsɪt,,n.赤字；不足额,专四
define,dɪ'faɪn,,v.定义；使明确；规定 n.(Define)人名；(英)德法恩；(葡)德菲内,专四
deflect,dɪ'flɛkt,,v.使转向；使偏斜；使弯曲,专四
defy,'difaɪ,,v.藐视；公然反抗；挑衅；使落空 n.挑战；对抗,专四
delegate,"ˈdɛləgɪt; (for v.,) ˈdɛləˌgeɪt",,v.委派…为代表 n.代表,专四
deliberate,dɪ'lɪbərət,,a.故意的；深思熟虑的；从容的 v.仔细考虑；商议,专四
delicacy,'dɛləkəsi,,n.美味；佳肴；微妙；精密；精美；敏锐，敏感；世故，圆滑,专四
delicate,ˈdɛlɪkɪt,,a.微妙的；精美的，雅致的；柔和的；易碎的；纤弱的；清淡可口的,专四
delight,dɪ'laɪt,,n.高兴 v.高兴,专四
delinquency,dɪ'lɪŋkwənsi,,n.行为不良，违法犯罪；失职，怠工,专四
delivery,dɪ'lɪvəri,,n.[贸易] 交付；分娩；递送,专四
delta,'dɛltə,,n.（河流的）三角洲；德耳塔（希腊字母的第四个字）,专四
delusion,dɪ'luʒn,,n.迷惑，欺骗；错觉；幻想,专四
demanding,dɪ'mændɪŋ,,a.苛求的；要求高的；吃力的 v.要求；查问（demand的ing形式）,专四
demerit,di'mɛrɪt,,n.缺点，短处；过失,专四
democratic,'dɛmə'krætɪk,,a.民主的；民主政治的；大众的,专四
demolish,dɪ'mɑlɪʃ,,v.拆除；破坏；毁坏；推翻；驳倒,专四
den,dɛn,,n.贼窝，私室；兽穴，窝巢；小房间 vi.藏到洞里；住在肮脏简陋的小房间里 vt.把……赶进洞穴,专四
denomination,"dɪ,nɑmɪ'neʃən",,n.面额；名称；教派,专四
denote,dɪ'not,,v.表示，指示,专四
denounce,dɪ'naʊns,,v.谴责；告发；公然抨击；通告废除,专四
dense,dɛns,,a.稠密的；浓厚的；愚钝的,专四
dental,'dɛntl,,a.牙科的；牙齿的，牙的 n.齿音,专四
deny,dɪ'nai,,v.否定，否认；拒绝给予；拒绝…的要求,专四
depart,dɪ'pɑrt,,v.离开；出发，起程；违反；去世 a.逝世的,专四
dependence,dɪ'pɛndəns,,n.依赖；依靠；信任；信赖,专四
dependent,dɪ'pɛndənt,,a.依靠的；从属的；取决于…的 n.依赖他人者；受赡养者,专四
depict,dɪ'pɪkt,,v.描述；描画,专四
deploy,dɪ'plɔɪ,,v.配置；展开；使疏开 n.部署,专四
deport,dɪ'pɔrt,,v.驱逐出境；举止；放逐 n.(Deport)人名；(捷)德波特；(法)德波尔,专四
deposit,dɪ'pɑzɪt,,n.存款；押金；订金；保证金；沉淀物 v.使沉积；存放,专四
depot,'dipo,,n.仓库；停车场；航空站 vt.把…存放在储藏处 a.药性持久的,专四
depreciation,"dɪ,priʃɪ'eʃən",,n.折旧；贬值,专四
depress,dɪ'prɛs,,v.压抑；使沮丧；使萧条,专四
deprive,dɪ'praɪv,,v.使丧失，剥夺,专四
deputy,'dɛpjuti,,n.代理人，代表 a.副的；代理的,专四
derelict,'dɛrəlɪkt,,a.玩忽职守的；无主的；被抛弃了的 n.遗弃物；玩忽职守者；被遗弃的人,专四
derive,dɪ'raɪv,,v.源于；得自；获得 n.(Derive)人名；(法)德里夫,专四
descend,dɪ'sɛnd,,v.下降；下去；下来；遗传；屈尊,专四
descent,dɪ'sɛnt,,n.下降；血统；袭击 vt.除去…的气味；使…失去香味,专四
descriptive,dɪ'skrɪptɪv,,a.描写的，叙述的；描写性的,专四
desert,(for v.) dɪˈzɝ​t; (for n.) 'dɛzɚt,,v.遗弃；放弃；逃跑 n.沙漠；荒原；应得的赏罚 a.沙漠的；荒凉的；不毛的,专四
deserted,dɪ'zɝtɪd,,a.荒芜的；被遗弃的 v.遗弃（desert的过去式和过去分词）,专四
deserve,dɪ'zɝv,,v.应受，应得,专四
designate,'dɛzɪɡnet,,v.指定；指派；标出；把…定名为 a.指定的；选定的,专四
designer,dɪ'zaɪnɚ,,n.设计师；谋划者 a.由设计师专门设计的；享有盛名的；赶时髦的,专四
desirable,dɪ'zaɪərəbl,,a.令人满意的；值得要的 n.合意的人或事物,专四
desire,dɪ'zaɪɚ,,n.欲望；要求，心愿；性欲 v.想要；要求；希望得到…,专四
desktop,'dɛsk'tɑp,,n.桌面；台式机,专四
desolate,'dɛsələt,,a.荒凉的；无人烟的 v.使荒凉；使孤寂,专四
despair,dɪ'spɛr,,n.绝望；令人绝望的人或事 v.绝望，丧失信心,专四
desperate,'dɛspərət,,a.不顾一切的；令人绝望的；极度渴望的,专四
despise,dɪ'spaɪz,,v.轻视，鄙视,专四
despite,dɪ'spaɪt,,prep.尽管，不管 n.轻视；憎恨；侮辱,专四
despot,'dɛspɑt,,n.专制君主，暴君；独裁者,专四
destined,'dɛstɪnd,,a.注定的；命定的；去往…的 v.注定（destine的过去式和过去分词）,专四
destruction,dɪ'strʌkʃən,,n.破坏，毁灭；摧毁,专四
detail,'ditel,,n.细节，详情 v.详述；选派,专四
detain,dɪ'ten,,v.拘留；留住；耽搁,专四
detect,dɪ'tɛkt,,v.察觉；发现；探测,专四
detention,dɪ'tɛnʃən,,n.拘留；延迟；挽留,专四
deter,dɪ'tɝ,,v.制止，阻止；使打消念头 n.(Deter)人名；(德)德特尔,专四
detergent,dɪ'tɝdʒənt,,n.清洁剂；去垢剂,专四
deteriorate,dɪ'tɪrɪəret,,v.恶化，变坏,专四
detriment,'dɛtrɪmənt,,n.损害；伤害；损害物,专四
devil,'dɛvl,,n.魔鬼；撒旦；家伙；恶棍；淘气鬼；冒失鬼 v.虐待，折磨；（用扯碎机）扯碎；（替作家，律师等）做助手；抹辣味料烤制或煎煮,专四
devise,dɪ'vaɪz,,v.设计；想出；发明；图谋；遗赠给 n.遗赠,专四
devote,dɪ'vot,,v.致力于；奉献,专四
devour,dɪ'vaʊɚ,,v.吞食；毁灭,专四
dew,du,,n.珠，滴；露水；清新 vt.（露水等）弄湿 vi.结露水,专四
dewdrop,'dudrɑp,,n.露珠；露滴,专四
diagnose,",daɪəɡ'nos",,v.诊断；断定,专四
dialect,'daɪə'lɛkt,,n.方言，土话；同源语；行话；个人用语特征 a.方言的,专四
diameter,daɪ'æmɪtɚ,,n.直径,专四
dictate,'dɪktet,,v.命令；口述；使听写 n.命令；指示,专四
diction,'dɪkʃən,,n.用语；措词,专四
diesel,'dizl,,n.柴油机；柴油；（俚）健康的身体 a.内燃机传动的；供内燃机用的,专四
dietary,"'daɪə,tɛri",,n.规定的食物；饮食的规定；食谱 a.饮食的，饭食的，规定食物的,专四
difference,'dɪfrəns,,n.差异；不同；争执,专四
different,'dɪfrənt,,a.不同的；个别的，与众不同的,专四
differential,'dɪfə'rɛnʃəl,,a.微分的；差别的；特异的 n.微分；差别,专四
diffuse,dɪ'fjus,,a.弥漫的；散开的 v.扩散；传播；漫射,专四
digestion,daɪdʒɛstʃən,,n.消化；领悟,专四
digit,'dɪdʒɪt,,n.数字；手指或足趾；一指宽,专四
dignified,'dɪɡnɪfaɪd,,a.庄严的；有尊严的；高贵的 v.使高贵（dignify的过去式）,专四
dike,daɪk,,n.堤防，堤坝；障碍物；（英）壕沟 v.筑堤防护；开沟排水（等于dyke）,专四
dilemma,dɪˈlemə,,n.困境；进退两难；两刀论法,专四
diligence,'dɪlɪdʒəns,,n.勤奋，勤勉；注意的程度,专四
dilute,daɪ'l(j)ut,,a.稀释的；淡的 v.稀释；冲淡；削弱,专四
dim,dɪm,,a.暗淡的，昏暗的；模糊的，看不清的；悲观的，怀疑的 v.使暗淡，使失去光泽；使变模糊 n.笨蛋，傻子,专四
dime,daɪm,,n.一角硬币,专四
dimension,dɪ'mɛnʃ(ə)n; daɪ-,,n.方面;[数] 维；尺寸；次元；容积 vt标出尺寸 a.规格的,专四
diminish,dɪ'mɪnɪʃ,,v.使减少；使变小,专四
diner,'daɪnɚ,,n.用餐者；路边小饭店；餐车式简便餐厅,专四
dinosaur,'daɪnə'sɔr,,n.恐龙；过时、落伍的人或事物,专四
dioxide,daɪ'ɑksaɪd,,n.二氧化物,专四
diplomacy,dɪ'ploməsi,,n.外交；外交手腕；交际手段,专四
direct,dɪˈrɛkt; daɪˈrɛkt,,a.直接的；直系的；亲身的；恰好的 v.管理；指挥；导演；指向 ad.直接地；正好；按直系关系,专四
disable,dɪs'ebl,,v.使失去能力；使残废；使无资格,专四
disapproval,'dɪsə'prʊvl,,n.不赞成；不喜欢,专四
disastrous,dɪ'zæstrəs,,a.灾难性的；损失惨重的；悲伤的,专四
disbelief,",dɪsbɪ'lif",,n.怀疑，不信,专四
disc,dɪsk,,n.圆盘，[电子] 唱片（等于disk） vt.灌唱片,专四
discard,dɪsˈkɑːrd,,v.抛弃；放弃；丢弃 n.抛弃；被丢弃的东西或人,专四
discern,dɪ'sɝn,,v.识别；领悟，认识,专四
discharge,dɪs'tʃɑrdʒ,,v.解雇；卸下；放出；免除 n.排放；卸货；解雇,专四
disciple,dɪ'saɪpl,,n.门徒，信徒；弟子,专四
discipline,'dɪsəplɪn,,n.学科；纪律；训练；惩罚 v.训练，训导；惩戒,专四
disclose,dɪs'kloz,,v.公开；揭露,专四
disco,'dɪsko,,n.迪斯科舞厅；的士高,专四
discord,'dɪskɔrd,,n.不和；不调和；嘈杂声 v.不一致；刺耳,专四
discourage,dɪs'kɝɪdʒ,,v.阻止；使气馁,专四
discourse,'dɪskɔrs,,n.论述；谈话；演讲 v.演说；谈论；讲述,专四
discover,dɪ'skʌvɚ,,v.发现；发觉,专四
discrepancy,dɪs'krɛpənsi,,n.不符；矛盾；相差,专四
discretion,dɪ'skrɛʃən,,n.自由裁量权；谨慎；判断力；判定；考虑周到,专四
discriminate,dɪ'skrɪmɪnet,,v.歧视；区别；辨别,专四
discrimination,"dɪ,skrɪmɪ'neʃən",,n.歧视；区别，辨别；识别力,专四
disdain,dɪs'den,,n.蔑视 v.鄙弃,专四
disfavour,dɪs'fevɚ,,v.不赞成；冷待 n.不赞成；不喜欢,专四
disguise,dɪs'ɡaɪz,,v.掩饰；假装；隐瞒 n.伪装；假装；用作伪装的东西,专四
disgust,dɪs'ɡʌst,,n.厌恶，嫌恶 v.使厌恶；使作呕,专四
disgusted,dɪs'ɡʌstɪd,,a.厌恶的；厌烦的 v.使恶心；使讨厌（disgust的过去分词）,专四
dishwasher,'dɪʃwɔʃɚ,,n.洗碗工；洗碟机,专四
disinfect,'dɪsɪn'fɛkt,,v.将…消毒,专四
dismal,'dɪzməl,,a.凄凉的，忧郁的；阴沉的，沉闷的 n.低落的情绪,专四
dismay,dɪs'me,,n.沮丧，灰心；惊慌 v.使沮丧；使惊慌,专四
dismiss,dɪs'mɪs,,v.解散；解雇；开除；让离开；不予理会、不予考虑,专四
dismissal,dɪs'mɪsl,,n.解雇；免职,专四
dispatch,dɪ'spætʃ,,n.派遣；急件 v.派遣；分派,专四
dispel,dɪ'spɛl,,v.驱散，驱逐；消除（烦恼等）,专四
dispensary,dɪ'spɛnsəri,,n.药房；（学校、兵营或工厂的）诊疗所；防治站,专四
dispense,dɪ'spɛns,,v.分配，分发；免除；执行,专四
displace,dɪs'ples,,v.取代；置换；转移；把…免职；排水,专四
display,dɪ'sple,,n.显示；炫耀 v.显示；表现；陈列 a.展览的；陈列用的,专四
displeasure,dɪs'plɛʒɚ,,n.不愉快；不满意；悲伤,专四
dispose,dɪ'spoz,,v.处理；处置；安排 n.处置；性情,专四
disposition,'dɪspə'zɪʃən,,n.处置；[心理] 性情；[军] 部署；倾向,专四
dispute,'dɪs'pjʊt,,v.辩论；怀疑；阻止；抗拒 n.辩论；争吵,专四
disqualify,dɪs'kwɑlə'fai,,v.取消…的资格,专四
disregard,",dɪsrɪ'ɡɑrd",,v.忽视；不理；漠视；不顾 n.忽视；不尊重,专四
disrupt,dɪs'rʌpt,,v.破坏；使瓦解；使分裂；使中断；使陷于混乱 a.分裂的，中断的；分散的,专四
dissatisfaction,dɪs'sætɪs'fækʃən,,n.不满；令人不满的事物,专四
dissatisfy,"dɪs'sætɪs,fai",,v.不满足；使……感觉不满,专四
dissect,"dɪˈsɛkt, daɪ-, ˈdaɪˌsɛkt",,v.切细；仔细分析,专四
dissent,dɪ'sɛnt,,v.不同意；不信奉国教 n.异议；（大写）不信奉国教,专四
dissertation,'dɪsɚ'teʃən,,n.论文，专题；学术演讲,专四
dissident,'dɪsɪdənt,,n.持不同政见者，意见不同的人 a.持不同政见的，意见不同的,专四
distant,'dɪstənt,,a.遥远的；冷漠的；远隔的；不友好的，冷淡的,专四
distaste,dɪs'test,,n.厌恶；讨厌 vt.厌恶；不喜欢 vi.不喜欢,专四
distil,dis'til,,v.蒸馏；提炼；渗出,专四
distinct,dɪ'stɪŋkt,,a.明显的；独特的；清楚的；有区别的,专四
distinction,dɪ'stɪŋkʃən,,n.区别；差别；特性；荣誉、勋章,专四
distinguish,dɪ'stɪŋɡwɪʃ,,v.区分；辨别；使杰出，使表现突出,专四
distort,dɪ'stɔrt,,v.扭曲；使失真；曲解,专四
distract,dɪ'strækt,,v.转移；分心,专四
distress,dɪ'strɛs,,n.危难，不幸；贫困；悲痛 v.使悲痛；使贫困,专四
distribute,dɪ'strɪbjut,,v.分配；散布；分开；把…分类,专四
distrust,dɪs'trʌst,,v.不信任 n.不信任,专四
disturbance,dɪ'stɝbəns,,n.干扰；骚乱；忧虑,专四
ditch,dɪtʃ,,v.在…上掘沟；把…开入沟里；丢弃 n.沟渠；壕沟,专四
diver,'daɪvɚ,,n.潜水者；跳水的选手；潜鸟,专四
diverse,daɪ'vɝs,,a.不同的；多种多样的；变化多的,专四
divert,dɪˈvɚt,,v.转移；使…欢娱；使…转向 n.(Divert)人名；(法)迪韦尔,专四
divide,dɪ'vaɪd,,v.划分；除；分开；使产生分歧 n.[地理] 分水岭，分水线,专四
division,də'vɪʒən,,n.[数] 除法；部门；分配；分割；师（军队）；赛区,专四
dock,dɑk,,n.码头；船坞；被告席；尾巴的骨肉部分 v.使靠码头；剪短,专四
dockyard,'dɑk'jɑrd,,n.[船] 造船厂；海军工厂,专四
doctrine,'dɑktrɪn,,n.主义；学说；教义；信条,专四
documentary,'dɑkjə'mɛntri,,a.记录的；文件的；记实的 n.纪录片,专四
dodge,dɑdʒ,,n.躲闪；托词 v.躲避，避开,专四
dogged,'dɔɡɪd,,a.顽强的；顽固的 vt.跟踪；尾随（dog的过去式）,专四
dolphin,'dɑlfɪn,,n.海豚,专四
dome,dom,,n.圆屋顶 vi.成圆顶状 vt.加圆屋顶于…上,专四
domestic,də'mɛstɪk,,a.国内的；家庭的；驯养的；一心只管家务的 n.国货；佣人,专四
dominate,'dɑmɪnet,,v.控制；支配；占优势；在…中占主要地位,专四
domino,'dɑməno,,n.多米诺骨牌；面具；化装外衣,专四
don,dɒn,,n.先生，阁下；指导教师，大学教师 v.穿上,专四
donate,'donet,,v.捐赠；捐献 n.捐赠；捐献,专四
donut,"'do,nʌt; 'do,nət",,n.炸面圈；环状线圈（等于doughnut）,专四
doom,dʊm,,n.厄运；死亡；判决；世界末日 v.注定；判决；使失败,专四
dose,dos,,n.剂量；一剂，一服 v.服药,专四
doubtful,'daʊtfəl,,a.可疑的；令人生疑的；疑心的；不能确定的,专四
doubtless,'daʊtləs,,ad.无疑地；确定地；大概，多半 a.无疑的；确定的,专四
dough,do,,n.生面团；金钱,专四
dove,dʌv; dov,,n.鸽子；鸽派人士 v.潜水（dive的过去式）,专四
downcast,'daʊnkæst,,a.沮丧的；低垂的；气馁的 n.倒台；俯视的目光；向下转换,专四
downfall,'daʊnfɔl,,n.垮台；衰败；落下；大雨,专四
downpour,'daʊnpɔr,,n.倾盆大雨；注下,专四
draft,dræft,,n.汇票；草稿；选派；（尤指房间、烟囱、炉子等供暖系统中的）（小股）气流 v.起草；制定；征募 a.初步画出或（写出）的；（设计、草图、提纲或版本）正在起草中的，草拟的；以草稿形式的；草图的,专四
dragon,'dræɡən,,n.龙；凶暴的人，凶恶的人；严厉而有警觉性的女人,专四
dragonfly,'dræɡənflaɪ,,n.[昆] 蜻蜓,专四
drain,dren,,v.排水；流干 n.排水；下水道，排水管；消耗,专四
drastic,'dræstɪk,,a.激烈的；猛烈的 n.烈性泻药,专四
draw,drɔ,,v.画；拉；吸引 n.平局；抽签,专四
drawback,'drɔbæk,,n.缺点，不利条件；退税,专四
dread,drɛd,,n.恐惧；可怕的人（或物） v.惧怕；担心 a.可怕的,专四
dreary,'drɪri,,a.沉闷的，枯燥的,专四
dressing,'drɛsɪŋ,,n.穿衣；加工；调味品；装饰；梳理 v.给…穿衣；为…打扮（dress的现在分词）,专四
drift,drɪft,,n.漂流，漂移；趋势；漂流物 v.漂流，漂移；漂泊,专四
drill,drɪl,,n.训练；钻孔机；钻子；播种机 v.钻孔；训练,专四
drip,drɪp,,v.滴下；充满；漏下 n.水滴，滴水声；静脉滴注；使人厌烦的人,专四
drizzle,'drɪzl,,v.下毛毛雨 n.细雨，毛毛雨,专四
droop,drup,,v.下垂；萎靡；凋萎 n.下垂；消沉,专四
drop,drɑp,,v.滴；使降低；使终止；随口漏出 n.滴；落下；空投；微量；滴剂,专四
drought,draʊt,,n.干旱；缺乏,专四
drowsy,'draʊzi,,a.昏昏欲睡的；沉寂的；催眠的,专四
drugstore,'drʌɡstɔr,,n.[药] 药房（常兼售化妆品、杂志等杂货）；（美）杂货店,专四
drumstick,'drʌmstik,,n.鸡腿，家禽腿；鼓槌,专四
drunkard,'drʌŋkɚd,,n.酒鬼，醉汉,专四
dual,'dʊəl,,a.双的；双重的 n.双数；双数词,专四
dubious,'dubɪəs,,a.可疑的；暧昧的；无把握的；半信半疑的,专四
duchess,'dʌtʃəs,,n.公爵夫人；女公爵；雍容华贵的妇女；小老板娘 vt.（澳）盛情款待；讨好 vi.热情款待；讨好,专四
duck,dʌk,,n.鸭子；鸭肉；（英）宝贝儿；零分 v.闪避；没入水中,专四
duel,'dʊəl,,n.决斗；斗争，抗争 v.决斗,专四
duke,dʊk,,n.公爵，（公国的）君主；公爵（种）樱桃,专四
duly,'dʊli,,ad.适当地；充分地；按时地 n.(Duly)人名；(英)杜利,专四
dumb,dʌm,,a.哑的，无说话能力的；不说话的，无声音的,专四
dummy,'dʌmi,,a.虚拟的；假的 n.傀儡；哑巴；仿制品,专四
dump,dʌmp,,v.倾倒；倾卸；丢下，卸下；摆脱，扔弃；倾销 n.垃圾场；仓库；无秩序地累积,专四
dung,dʌŋ,,v.施粪肥于 n.粪,专四
duplicate,'duplɪket,,v.复制；使加倍 n.副本；复制品 a.复制的；二重的,专四
durable,'dʊrəbl,,a.耐用的，持久的 n.耐用品,专四
duster,'dʌstɚ,,n.抹布，掸子；除尘器；打扫灰尘的人,专四
dustpan,'dʌstpæn,,n.簸箕,专四
Dutch,dʌtʃ,,a.荷兰的；荷兰人的；荷兰语的 n.荷兰人；荷兰语 ad.费用平摊地；各自付账地,专四
duty,'dʊti,,n.责任；[税收] 关税；职务,专四
dwarf,dwɔrf,,v.变矮小 n.侏儒，矮子 a.矮小的,专四
dwell,dwɛl,,v.居住；存在于；细想某事,专四
dwindle,'dwɪndl,,v.减少；变小,专四
dye,daɪ,,n.染料；染色 v.染；把…染上颜色,专四
dynamic,daɪ'næmɪk,,a.动态的；动力的；动力学的；有活力的 n.动态；动力,专四
dynasty,'daɪnəsti,,n.王朝，朝代,专四
eagerness,'i:ɡənis,,n.渴望；热心,专四
earache,'ɪr'ek,,n.耳朵痛，耳痛,专四
eardrum,'ɪrdrʌm,,n.鼓膜，耳膜；中耳,专四
earnest,'ɜːnɪst,,a.认真的，热心的；重要的 n.认真；定金；诚挚,专四
earnings,'ɝnɪŋz,,n.收入,专四
earthly,'ɝθli,,a.地球的；尘世的；可能的,专四
ebb,ɛb,,n.衰退；退潮；衰落 v.衰退；减少；衰落；潮退,专四
eccentric,ɪk'sɛntrɪk,,a.古怪的，反常的 n.古怪的人,专四
echo,'ɛko,,v.反射；重复 n.回音；效仿,专四
ecology,ɪ'kɑlədʒi,,n.生态学；社会生态学,专四
economic,"ˌikəˈnɑmɪk, ˌɛkəˈ-nɑmɪk",,a.经济的，经济上的；经济学的,专四
economy,ɪ'kɑnəmi,,n.经济；节约；理财,专四
ecosystem,"'ɛko,sɪstəm",,n.生态系统,专四
edible,'ɛdəbl,,a.可食用的 n.食品；食物,专四
edit,'ɛdɪt,,v.编辑；校订 n.编辑工作,专四
educational,",ɛdʒu'keʃənl",,a.教育的；有教育意义的,专四
eel,il,,n.鳗鱼；鳝鱼,专四
effect,ɪ'fɛkt,,n.影响；效果；作用 v.产生；达到目的,专四
effective,ɪ'fɛktɪv,,a.有效的，起作用的；实际的，实在的；给人深刻印象,专四
efficient,ɪ'fɪʃnt,,a.有效率的；有能力的；生效的,专四
effort,'ɛfɚt,,n.努力；成就,专四
effusive,ɪ'fjusɪv,,a.流出的；感情横溢的,专四
ego,'iɡo,,n.自我；自负；自我意识,专四
elaborate,ɪ'læbəret,,a.精心制作的；详尽的；煞费苦心的 v.精心制作；详细阐述；从简单成分合成（复杂有机物）,专四
elapse,ɪ'læps,,v.消逝；时间过去 n.流逝；时间的过去,专四
elastic,ɪ'læstɪk,,a.有弹性的；灵活的；易伸缩的 n.松紧带；橡皮圈,专四
elbow,'ɛlbo,,n.肘部；弯头；扶手 v.推挤；用手肘推开,专四
election,ɪ'lɛkʃən,,n.选举；当选；选择权；上帝的选拔,专四
electrician,ɪ'lɛk'trɪʃən,,n.电工；电气技师,专四
electromagnet,ɪ'lɛktromæɡnət,,n.电磁体，[电] 电磁铁；电磁石,专四
elegant,'ɛləgənt,,a.高雅的，优雅的；讲究的；简炼的；简洁的,专四
element,'ɛləmənt,,n.元素；要素；原理；成分；自然环境,专四
elevate,'ɛlɪvet,,v.提升；举起；振奋情绪等；提升…的职位,专四
elevator,'ɛlɪvetɚ,,n.电梯；升降机；升降舵；起卸机,专四
eliminate,ɪ'lɪmɪnet,,v.消除；排除,专四
ellipse,ɪ'lɪps,,n.[数] 椭圆形，[数] 椭圆,专四
elliptical,ɪ'lɪptɪkl,,a.椭圆的；省略的,专四
elm,ɛlm,,n.[林] 榆树；榆木 a.榆树的；榆木的,专四
eloquence,'ɛləkwəns,,n.口才；雄辩；雄辩术；修辞,专四
eloquent,'ɛləkwənt,,a.意味深长的；雄辩的，有口才的；有说服力的；动人的,专四
elsewhere,els'weə; 'elsweə,,ad.在别处；到别处,专四
emancipate,ɪ'mænsɪpet,,v.解放；释放,专四
embargo,ɪm'bɑrɡo,,v.禁止出入港口；禁止或限制贸易；征用或扣押 n.禁令；禁止；封港令,专四
embark,ɪm'bɑrk,,v.从事，着手；上船或飞机,专四
embarrass,ɪm'bærəs,,v.使局促不安；使困窘；阻碍,专四
embrace,ɪm'bres,,v.拥抱；信奉，皈依；包含 n.拥抱,专四
embroider,ɪm'brɔɪdɚ,,v.刺绣；装饰；镶边,专四
embroidery,ɪm'brɔɪdəri,,n.刺绣；刺绣品；粉饰,专四
embryo,'ɛmbrɪo,,n.[胚] 胚胎；胚芽；初期 a.胚胎的；初期的,专四
emerald,'ɛmərəld,,n.绿宝石；[宝] 祖母绿；翠绿色 a.翠绿色的,专四
emigrate,'ɛmɪɡret,,v.移居；移居外国,专四
eminent,'ɛmɪnənt,,a.杰出的；有名的；明显的,专四
emit,ɪ'mɪt,,v.发出，放射；发行；发表,专四
emotion,ɪ'moʃən,,n.情感；情绪,专四
emotional,ɪ'moʃənl,,a.情绪的；易激动的；感动人的,专四
emphasis,'ɛmfəsɪs,,n.重点；强调；加强语气,专四
emphatic,ɪm'fætɪk,,a.着重的；加强语气的；显著的,专四
empirical,ɪm'pɪrɪkl,,a.经验主义的，完全根据经验的；实证的,专四
employee,ɪm'plɔɪi,,n.雇员；从业员工,专四
employment,ɪm'plɔɪmənt,,n.使用；职业；雇用,专四
empress,'ɛmprəs,,n.皇后；女皇,专四
empty,ˈɛmptɪ,,a.空的；无意义的；无知的；徒劳的 v.使失去；使…成为空的 n.空车；空的东西,专四
enamel,ɪ'næml,,n.搪瓷；珐琅；瓷釉；指甲油 v.彩饰；涂以瓷釉,专四
enchant,ɪn'tʃænt,,v.使迷惑；施魔法,专四
encounter,ɪn'kaʊntɚ,,v.遭遇，邂逅；遇到 n.遭遇，偶然碰见,专四
encyclopaedia,"ɪn,saɪklə'pidɪə",,n.百科全书,专四
endeavour,ɪndɛvəʳ,,n.尽力，竭力 v.竭力做到，试图或力图（做某事）,专四
endow,ɪn'daʊ,,v.赋予；捐赠；天生具有,专四
energetic,",ɛnɚ'dʒɛtɪk",,a.精力充沛的；积极的；有力的,专四
enforce,ɪn'fɔrs,,v.实施，执行；强迫，强制,专四
engage,ɪn'ɡedʒ,,v.吸引，占用；使参加；雇佣；使订婚；预定,专四
engineering,'ɛndʒə'nɪrɪŋ,,n.工程，工程学 v.设计；管理（engineer的ing形式）；建造,专四
engrave,ɪn'ɡrev,,v.雕刻；铭记,专四
engrossed,ɪn'ɡrost,,a.全神贯注的；专心致志的 v.全神贯注（engross的过去分词）,专四
engulf,ɛnˈɡʌlf,,v.吞没；吞食，狼吞虎咽,专四
enlarge,ɪn'lɑrdʒ,,v.扩大；放大；详述,专四
enlargement,ɪn'lɑrdʒmənt,,n.放大；放大的照片；增补物,专四
enlighten,ɪn'laɪtn,,v.启发，启蒙；教导，开导；照耀,专四
enlist,ɪn'lɪst,,v.支持；从军；应募；赞助,专四
enormous,ɪ'nɔrməs,,a.庞大的，巨大的；凶暴的，极恶的,专四
enrich,ɪn'rɪtʃ,,v.使充实；使肥沃；使富足 n.(Enrich)人名；(西)恩里奇,专四
enrol,in'rəul,,v.登记；卷起；入学；使入会,专四
ensure,ɪn'ʃʊr,,v.保证，确保；使安全,专四
entail,ɪn'tel,,v.使需要，必需；承担；遗传给；蕴含 n.引起；需要；继承,专四
enterprise,'ɛntɚ'praɪz,,n.企业；事业；进取心；事业心,专四
entertain,",ɛntɚ'ten",,v.娱乐；招待；怀抱；容纳,专四
enthusiasm,ɪn'θuzɪæzəm,,n.热心，热忱，热情,专四
entirety,ɪn'taɪərəti,,n.全部；完全,专四
entitle,ɪn'taɪtl,,v.称做…；定名为…；给…称号；使…有权利,专四
entrance,'ɛntrəns,,n.入口；进入 v.使出神，使入迷,专四
entrant,'ɛntrənt,,n.进入者；新会员；参加竞赛者；新工作者,专四
entrepot,'ɔntrəpəu,,n.贸易中心；（法）仓库,专四
entrepreneur,ˌɑntrəprəˈnɝ​,,n.企业家；承包人；主办者,专四
envelop,ɪn'vɛləp,,v.包围；包封；遮盖 n.信封；包裹,专四
envious,'ɛnvɪəs,,a.羡慕的；嫉妒的,专四
environmental,"ɪn,vaɪrən'mɛntl",,a.环境的，周围的；有关环境的,专四
envisage,ɪn'vɪzɪdʒ,,v.正视，面对；想像,专四
envision,ɪn'vɪʒn,,v.想象；预想,专四
envoy,'ɛnvɔɪ,,n.使者；全权公使,专四
enzyme,'ɛnzaɪm,,n.[生化] 酶,专四
epic,'ɛpɪk,,a.史诗的，叙事诗的 n.史诗；叙事诗；史诗般的作品,专四
epidemic,",ɛpɪ'dɛmɪk",,a.流行的；传染性的 n.传染病；流行病；风尚等的流行,专四
episode,'ɛpɪsod,,n.插曲；一段情节；插话；有趣的事件,专四
epoch,'ɛpək,,n.[地质] 世；新纪元；新时代；时间上的一点,专四
equally,'ikwəli,,ad.同样地；相等地，平等地；公平地,专四
equip,ɪ'kwɪp,,v.装备，配备,专四
equipped,i'kwipt,,v.装备；预备（equip的过去分词）；整装,专四
equity,'ɛkwəti,,n.公平，公正；衡平法；普通股；抵押资产的净值,专四
equivalent,ɪ'kwɪvələnt,,a.等价的，相等的；同意义的 n.等价物，相等物,专四
era,'ɪrə,,n.时代；年代；纪元,专四
eradicate,ɪ'rædɪket,,v.根除，根绝；消灭,专四
eradication,"ɪ,rædɪ'keʃən",,n.消灭，扑灭；根除,专四
erase,ɪ'res,,v.抹去；擦除,专四
erect,ɪ'rɛkt,,v.使竖立；建造；安装 a.竖立的；笔直的；因性刺激而勃起的,专四
erode,ɪ'rod,,v.腐蚀，侵蚀,专四
err,ɛr,,v.犯错；做错；犯罪；走上歧途,专四
erroneous,ɪ'ronɪəs,,a.错误的；不正确的,专四
erupt,ɪ'rʌpt,,v.爆发；喷出；发疹；长牙,专四
escalator,'ɛskə'letɚ,,n.（美）自动扶梯；电动扶梯,专四
escapee,"ɪ,ske'pi",,n.逃避者；逃亡者,专四
escort,ˈeskɔːrt,,n.陪同；护航舰；护卫队；护送者 v.护送；陪同；为…护航,专四
especial,i'speʃəl,,a.特殊的，特别的 n.(Especial)人名；(葡)埃斯佩西亚尔,专四
Esperanto,",espə'ræntəu",,n.世界语,专四
essay,'ɛse,,n.散文；试图；随笔 v.尝试；对…做试验,专四
essayist,'ɛseɪst,,n.随笔作家，散文家；评论家,专四
essential,ɪ'sɛnʃl,,a.基本的；必要的；本质的；精华的 n.本质；要素；要点；必需品,专四
establish,ɪˈstæblɪʃ,,v.建立；创办；安置,专四
estate,ɪ'stet,,n.房地产；财产；身份,专四
esteem,ɪ'stim,,v.尊敬；认为；考虑；估价 n.尊重；尊敬,专四
estimate,"'ɛstə,met",,v.估计，估价 n.估计，估价；判断，看法,专四
estuary,'ɛstʃʊ'ɛri,,n.河口；江口,专四
etc,"ɪt'sɛtərə, ɛt-",,ad.等等，及其他,专四
eternal,ɪ'tɝnl,,a.永恒的；不朽的,专四
ether,'iθɚ,,n.乙醚；[有化] 以太；苍天；天空醚,专四
ethnic,'ɛθnɪk,,a.种族的；人种的,专四
eve,iːv,,n.夏娃； 前夕；傍晚；重大事件关头,专四
even,'ivən,,a.[数] 偶数的；平坦的；相等的 ad.甚至；即使；还；实际上 v.使平坦；使相等 n.(Even)人名；(法)埃旺；(德)埃文；(英)埃文,专四
event,ɪ'vɛnt,,n.事件，大事；项目；结果,专四
eventful,ɪ'vɛntfl,,a.多事的；重要的；多变故的；重大的,专四
eventual,i'ventʃuəl,,a.最后的，结果的；可能的；终于的,专四
evergreen,'ɛvɚɡrin,,n.常绿树；常绿植物 a.[植] 常绿的；永葆青春的,专四
everlasting,",ɛvɚ'læstɪŋ",,a.永恒的；接连不断的,专四
evidence,'ɛvɪdəns,,n.证据，证明；迹象；明显 v.证明,专四
evident,'ɛvɪdənt,,a.明显的；明白的,专四
evil,'ivl,,a.邪恶的；不幸的；有害的；讨厌的 n.罪恶，邪恶；不幸,专四
evolve,ɪ'vɑlv,,v.发展，进化；进化；使逐步形成；推断出,专四
exaggerate,ɪɡ'zædʒəret,,v.使扩大；使增大,专四
examine,ɪg'zæmɪn,,v.检查；调查； 检测；考试,专四
exceed,ɪk'sid,,v.超过；胜过,专四
exceedingly,ɪk'sidɪŋli,,ad.非常；极其；极度地；极端,专四
excel,ɪk'sɛl,,v.超过；擅长,专四
excellent,'ɛksələnt,,a.卓越的；极好的；杰出的,专四
exception,ɪk'sɛpʃən,,n.例外；异议,专四
excess,'ɛk'sɛs,,n.超过，超额；过度，过量；无节制 a.额外的，过量的；附加的,专四
excessively,ɪk'sɛsɪvli,,ad.过分地；极度,专四
exchange,ɪks'tʃendʒ,,n.交换；交流；交易所；兑换 v.交换；交易；兑换,专四
excited,ɪk'saɪtɪd,,a.兴奋的；激动的；活跃的 v.激动；唤起（excite的过去分词）,专四
excitement,ɪk'saɪtmənt,,n.兴奋；刺激；令人兴奋的事物,专四
exclude,ɪk'sklʊd,,v.排除；排斥；拒绝接纳；逐出,专四
exclusion,ɪk'skluʒn,,n.排除；排斥；驱逐；被排除在外的事物,专四
exclusively,ɪk'sklʊsɪvli,,ad.唯一地；专有地；排外地,专四
excursion,ɪk'skɝʒn,,n.偏移；远足；短程旅行；离题；游览，游览团,专四
execute,'ɛksɪkjut,,v.实行；执行；处死,专四
executive,ɪɡ'zɛkjətɪv,,a.行政的；经营的；执行的，经营管理的 n.总经理；执行委员会；执行者；经理主管人员,专四
exert,ɪɡ'zɝt,,v.运用，发挥；施以影响,专四
exhale,ɛks'hel,,v.呼气；发出；发散；使蒸发,专四
exhaust,ɪɡ'zɔst,,v.排出；耗尽；使精疲力尽；彻底探讨 n.排气；废气；排气装置,专四
exhibit,ɪɡ'zɪbɪt,,v.展览；显示；提出（证据等） n.展览品；证据；展示会,专四
exile,'ɛksaɪl,,n.流放，充军；放逐，被放逐者；流犯 v.放逐，流放；使背井离乡,专四
existent,ɪɡ'zɪstənt,,n.生存者；存在的事物 a.存在的；生存的,专四
expand,ɪk'spænd,,v.扩张；使膨胀；详述,专四
expansion,ɪk'spænʃən,,n.膨胀；阐述；扩张物,专四
expel,ɪk'spɛl,,v.驱逐；开除,专四
expenditure,ɪk'spɛndɪtʃɚ,,n.支出，花费；经费，消费额,专四
experience,ɪk'spɪrɪəns,,n.经验；经历；体验 v.经验；经历；体验,专四
experienced,ɪkˈspɪriənst,,a.老练的，熟练的；富有经验的,专四
expertise,'ɛkspɝ'tiz,,n.专门知识；专门技术；专家的意见,专四
expire,ɪk'spaɪɚ,,v.期满；终止；死亡；呼气,专四
explanatory,ɪk'splænətɔri,,a.解释的；说明的,专四
explore,ɪk'splɔr,,v.探索；探测；探险,专四
explosion,ɪk'sploʒən,,n.爆炸；爆发；激增,专四
export,ˈekspɔːrt；ɪkˈ-,,n.输出，出口；出口商品 v.输出物资,专四
exposition,",ɛkspə'zɪʃən",,n.博览会；阐述；展览会,专四
exposure,ɪk'spoʒɚ,,n.暴露；曝光；揭露；陈列,专四
express,ɪk'sprɛs,,v.表达；快递 a.明确的；迅速的；专门的 n.快车，快递，专使；捷运公司,专四
expressway,ɪk'sprɛswe,,n.（美）高速公路,专四
exquisite,ɪk'skwɪzɪt,,a.精致的；细腻的；优美的，高雅的；异常的；剧烈的 n.服饰过于讲究的男子,专四
extend,ɪk'stɛnd,,v.延伸；扩大；推广；伸出；给予；使竭尽全力；对…估价,专四
extension,ɪk'stɛnʃən,,n.延长；延期；扩大；伸展；电话分机,专四
extensive,ɪk'stɛnsɪv,,a.广泛的；大量的；广阔的,专四
extensively,ik'stensivli,,ad.广阔地；广大地,专四
exterior,ɪk'stɪrɪɚ,,a.外部的；表面的；外在的 n.外部；表面；外型；外貌,专四
external,ɪk'stɝnl,,a.外部的；表面的；[药] 外用的；外国的；外面的 n.外部；外观；外面,专四
extinct,ɪk'stɪŋkt,,a.灭绝的，绝种的；熄灭的 vt.使熄灭,专四
extinguish,ɪk'stɪŋɡwɪʃ,,v.熄灭；压制；偿清,专四
extract,'ɛkstrækt,,v.提取；取出；摘录；榨取 n.汁；摘录；榨出物；选粹,专四
extracurricular,",ɛkstrəkə'rɪkjəlɚ",,a.课外的；业余的；婚外的,专四
extraordinary,ɛkˈstrɔrdənˌɛri; ɪkˈstrɔrdəˌnɛri; ˌɛkstrəˈɔrdəˌnɛri,,a.非凡的；特别的；离奇的；临时的；特派的,专四
extravagant,ɪk'strævəgənt,,a.奢侈的；浪费的；过度的；放纵的,专四
extreme,ɪk'strim,,a.极端的；极度的；偏激的；尽头的 n.极端；末端；最大程度；极端的事物,专四
extremely,ɪk'strimli,,ad.非常，极其；极端地,专四
eyeball,'aɪbɔl,,n.眼球；眼珠子 v.盯住看；仔细对…打量,专四
eyeglass,'aɪɡlæs,,n.眼镜；镜片,专四
eyelash,'aɪ'læʃ,,n.睫毛,专四
eyelid,"'aɪ,lɪd",,n.[解剖] 眼睑；眼皮,专四
eyesore,'aɪsɔr,,n.眼中钉；难看的东西,专四
fable,'febl,,n.寓言；无稽之谈 vi.编寓言；虚构 vt.煞有介事地讲述；虚构,专四
fabric,'fæbrɪk,,n.织物；布；组织；构造；建筑物,专四
facilitate,fə'sɪlə'tet,,v.促进；帮助；使容易,专四
facsimile,fæk'sɪməli,,n.传真；复写 a.复制的 v.传真；临摹,专四
factor,'fæktɚ,,n.因素；要素；[物] 因数；代理人 v.做代理商,专四
factual,'fæktʃuəl,,a.事实的；真实的,专四
faculty,'fæklti,,n.科，系；能力；全体教员,专四
fade,fed,,v.褪色；凋谢；逐渐消失 a.平淡的；乏味的 n.[电影][电视] 淡出；[电影][电视] 淡入,专四
Fahrenheit,'færən'haɪt,,a.华氏温度计的；华氏的 n.华氏温度计；华氏温标,专四
fail,fel,,v.失败，不及格；破产；缺乏；衰退 n.不及格,专四
failure,'feljɚ,,n.失败；故障；失败者；破产,专四
faint,fent,,a.模糊的；头晕的；虚弱的；[医] 衰弱的 v.昏倒；变得微弱；变得没气力 n.[中医] 昏厥，昏倒,专四
fairy,'fɛri,,n.仙女，小精灵；漂亮姑娘 a.虚构的；仙女的,专四
fairyland,'fɛrɪlænd,,n.仙境；乐园；奇境,专四
faithful,'feθfəl,,a.忠实的，忠诚的；如实的；准确可靠的 n.(Faithful)人名；(英)费思富尔,专四
faitour,'fetɚ,,n.骗子；冒名顶替者,专四
fake,feɪk,,n.假货；骗子；假动作 v.捏造；假装…的样子 a.伪造的,专四
falter,'fɔltɚ,,v.支吾；蹒跚地走 n.踌躇；支吾；颤抖,专四
fame,fem,,n.名声，名望；传闻，传说 vt.使闻名，使有名望,专四
familiarize,fə'mɪlɪəraɪz,,v.使熟悉,专四
famine,'fæmɪn,,n.饥荒；饥饿，奇缺,专四
fanatic,fə'nætɪk,,n.狂热入迷者；盲信者；盲信 a.狂热的；盲信的,专四
farewell,",fɛr'wɛl",,n.告别，辞别；再见；再会 int.别了！（常含有永别或不容易再见面的意思）；再会！ a.告别的,专四
farming,'fɑrmɪŋ,,n.农业，耕作 v.耕种；出租（farm的ing形式）,专四
fascinate,'fæsə'net,,v.使着迷，使神魂颠倒,专四
fascism,'fæ'ʃɪzəm,,n.法西斯主义；极端国家主义,专四
fascist,'fæʃɪst,,n.法西斯主义者；法西斯党员 a.法西斯主义的，法西斯党的,专四
fashion,'fæʃən,,n.时尚；时装；样式；时髦人物 v.使用；改变；做成…的形状,专四
fastening,'fæsnɪŋ,,n.扣紧；系结物（fasten的现在分词）,专四
fatal,'fetl,,a.致命的；重大的；毁灭性的；命中注定的 n.(Fatal)人名；(葡、芬)法塔尔,专四
fate,fet,,n.命运 v.注定,专四
fatherland,'fɑðɚlænd,,n.祖国,专四
fathom,'fæðəm,,v.看穿；彻底了解；测量…的深度 n.英寻（测量水深的长度单位）,专四
fatigue,fə'tig,,n.疲劳，疲乏；杂役 v.使疲劳；使心智衰弱 a.疲劳的,专四
fatten,'fætn,,v.养肥；使肥沃；使充实,专四
faulty,'fɔlti,,a.有错误的；有缺点的,专四
favourable,'feivərəbl,,a.有利的，顺利的；赞成的 n.有利,专四
favoured,'fevɚd,,a.喜爱的；受优惠的；有特权的,专四
favourite,'fevərɪt,,a.特别受喜爱的 n.特别喜爱的人（或物）,专四
fearless,'fɪrləs,,a.无畏的；大胆的,专四
feasible,'fizəbl,,a.可行的；可能的；可实行的,专四
feast,fist,,v.享受；款待，宴请 n.筵席，宴会；节日,专四
feat,fit,,n.功绩，壮举；技艺表演 a.合适的；灵巧的,专四
feature,'fitʃɚ,,n.特色，特征；容貌；特写或专题节目 v.起重要作用,专四
federation,'fɛdə'reʃən,,n.联合；联邦；联盟；联邦政府,专四
feeble,'fibl,,a.微弱的，无力的；虚弱的；薄弱的,专四
feedback,'fidbæk,,n.反馈；成果，资料；回复,专四
feeder,'fidɚ,,n.支线；喂食器；奶瓶；饲养员；支流,专四
feeler,'filɚ,,n.[动] 触角；试探；试探者；厚薄规,专四
fellowship,'fɛloʃɪp,,n.团体；友谊；奖学金；研究员职位,专四
feminism,'fɛmənɪzəm,,n.女权主义；女权运动；男女平等主义,专四
ferment,fɚ'mɛnt,,n.发酵；酵素；动乱 v.发酵；动乱,专四
fern,fɝn,,n.[植] 蕨；[植] 蕨类植物,专四
ferocious,fə'roʃəs,,a.残忍的；惊人的,专四
ferryboat,"'fɛrɪ,bot",,n.渡船,专四
fertile,ˈfɝtəl; (canadian) ˈfɝˌtaɪl,,a.富饶的，肥沃的；能生育的,专四
feudalism,'fjʊdl'ɪzəm,,n.封建主义；封建制度,专四
fiance,ˌfiɑnˈse; fiˈɑnˌse; ˈfiɑnˌse,,n.fiance,专四
fiction,'fɪkʃən,,n.小说；虚构，编造；谎言,专四
fiddle,'fɪdl,,n.小提琴 v.瞎搞；拉小提琴,专四
fidelity,fɪ'dɛləti,,n.保真度；忠诚；精确；尽责,专四
fiery,'faɪəri,,a.热烈的，炽烈的；暴躁的；燃烧般的,专四
filament,'fɪləmənt,,n.灯丝；细丝；细线；单纤维,专四
filter,'fɪltɚ,,v.滤过；渗入；慢慢传开 n.滤波器；[化工] 过滤器；筛选；滤光器,专四
filth,fɪlθ,,n.污秽；肮脏；猥亵；不洁,专四
finalist,'faɪnəlɪst,,n.参加决赛的选手,专四
finance,'faɪnæns,,n.财政，财政学；金融 v.负担经费，供给…经费,专四
finding,'faɪndɪŋ,,n.发现；裁决；发现物 v.找到；感到（find的ing形式）；遇到,专四
fingerprint,'fɪŋɡɚprɪnt,,n.指纹；手印 v.采指纹,专四
finished,'fɪnɪʃt,,a.完结的，完成的；精巧的 v.完成；结束；毁掉（finish的过去分词形式）,专四
fir,fɝ,,n.冷杉；枞木 abbr.弗京（firkin）,专四
fireman,'faɪrmən,,n.消防队员；救火队员；锅炉工,专四
firstborn,'fɝstbɔrn,,n.长子；初生儿；长女 a.头生的；第一胎生的,专四
firsthand,'fə:st'hænd,,a.直接的；直接采购的；直接得来的 ad.直接地,专四
fission,'fɪʃən,,n.裂变；分裂；分体；分裂生殖法,专四
fit,fɪt,,v.安装；使……适应；使……合身；与……相符 a.健康的；合适的；恰当的；准备好的 n.合身；发作；痉挛,专四
fitted,'fɪtɪd,,a.合适的；订做的；有…设备的 v.适应（fit的过去分词）；合适；为…提供设备,专四
fixed,fɪkst,,a.确定的；固执的；<美口>处境的；准备好的 v.修理（过去式）,专四
flagship,'flæɡʃɪp,,n.旗舰；（作定语）一流；佼佼者,专四
flagstaff,'flæɡstæf,,n.旗杆,专四
flake,flek,,v.剥落；成片状剥落 n.小薄片；火花,专四
flannel,'flænl,,n.法兰绒；法兰绒衣服；法兰绒巾 v.给…穿上法兰绒衣服；用法兰绒包 a.法兰绒的,专四
flap,flæp,,n.拍打，拍打声；神经紧张；[航] 襟翼 v.拍动；神经紧张；鼓翼而飞；（帽边等）垂下,专四
flare,flɛr,,v.使闪耀；使张开；用发光信号发出；使外倾 n.加剧，恶化；底部展开；（鼻孔）张开的意思；闪光，闪耀；耀斑；爆发；照明弹,专四
flashlight,'flæʃlaɪt,,n.手电筒；闪光灯,专四
flask,flæsk,,n.[分化] 烧瓶；长颈瓶，细颈瓶；酒瓶，携带瓶,专四
flatten,'flætn,,v.击败，摧毁；使……平坦 n.(Flatten)人名；(德)弗拉滕,专四
flatter,'flætɚ,,v.奉承；谄媚；使高兴,专四
flautist,'flɔːtɪst,,n.横笛吹奏者（等于flutist）,专四
flavour,'fleivə,,n.香味；滋味 v.给……调味；给……增添风趣,专四
flaw,flɔ,,n.瑕疵，缺点；一阵狂风；短暂的风暴；裂缝，裂纹 v.使生裂缝，使有裂纹；使无效；使有缺陷,专四
flea,fli,,n.跳蚤；低廉的旅馆；生蚤的动物,专四
fleece,flis,,n.羊毛，绒头织物；羊毛制的覆盖物 v.剪下羊毛；欺诈，剥削,专四
fleet,flit,,a.快速的，敏捷的 n.舰队；港湾；小河 v.飞逝；疾驰；掠过,专四
flexible,'flɛksəbl,,a.灵活的；柔韧的；易弯曲的,专四
flick,flɪk,,v.轻弹；忽然摇动；轻轻拂去 n.弹开；快速的轻打；轻打声,专四
fling,flɪŋ,,v.掷，抛；嘲笑；使陷入；轻蔑地投射；猛动 n.掷，抛；嘲弄；急冲,专四
flint,flɪnt,,n.燧石；打火石；极硬的东西,专四
float,flot,,v.使漂浮；实行 n.彩车，花车；漂流物；浮舟；浮萍,专四
flock,flɑk,,n.群；棉束（等于floc） v.用棉束填满,专四
flourish,ˈflɜːrɪʃ,,n.兴旺；茂盛；挥舞；炫耀；华饰 v.夸耀；挥舞,专四
flowchart,"'fləu,tʃa:t",,n.[工业] 流程图；作业图,专四
flowerbed,'fləuəbed,,n.花圃；花床,专四
flowerpot,'flaʊəpɒt,,n.花盆；花钵,专四
fluctuate,'flʌktʃʊ'et,,v.波动；涨落；动摇,专四
fluent,'fluənt,,a.流畅的，流利的；液态的；畅流的,专四
fluff,flʌf,,n.绒毛；错误；无价值的东西 v.念错；抖松；使…起毛,专四
fluid,'fluɪd,,a.流动的；流畅的；不固定的 n.流体；液体,专四
flush,flʌʃ,,n.激动，洋溢；面红；萌芽；旺盛；奔流 v.使齐平；发红，使发亮；用水冲洗；使激动 a.大量的；齐平的；丰足的，洋溢的；挥霍的,专四
flute,flut,,n.长笛；【工程设计】(刀具的)出屑槽 v.用长笛吹奏,专四
flutter,'flʌtɚ,,v.飘动；鼓翼；烦扰 n.摆动；鼓翼；烦扰,专四
flyover,'flaɪovɚ,,n.天桥；立交桥；立交马路,专四
flypast,'flaɪpɑːst,,n.空中分列,专四
foam,fom,,n.泡沫；水沫；灭火泡沫 v.起泡沫；吐白沫；起着泡沫流动,专四
focus,'fokəs,,n.焦点；中心；清晰；焦距 v.使集中；使聚焦,专四
fodder,'fɑdɚ,,n.饲料；素材 v.喂,专四
foe,fo,,n.敌人；反对者；危害物,专四
foliage,'folɪɪdʒ,,n.植物；叶子（总称）,专四
follower,'fɑloɚ,,n.追随者；信徒；属下,专四
folly,'fɑli,,n.愚蠢；荒唐事；讽刺剧,专四
foodstuff,'fudstʌf,,n.食品，食物；粮食，食料,专四
footprint,'fʊtprɪnt,,n.足迹；脚印,专四
forbid,fɚ'bɪd,,v.禁止；不准；不允许；〈正式〉严禁,专四
forbidden,fɚ'bɪdn,,a.被禁止的；严禁的，禁用的,专四
force,fɔrs,,n.力量；武力；军队；魄力 v.促使，推动；强迫；强加,专四
forceful,'fɔrsfl,,a.强有力的；有说服力的；坚强的,专四
ford,fɔrd,,n.浅滩；Ford：福特汽车公司 v.涉水而过,专四
fore,fɔr,,a.以前的；在前部的 n.前部；船头 ad.在前面；在船头 prep.在前 int.（打高尔夫球者的叫声）让开！,专四
forestry,'fɔrɪstri,,n.林业；森林地；林学,专四
forge,fɔrdʒ,,n.熔炉，锻铁炉；铁工厂 v.伪造；做锻工；前进,专四
form,fɔrm,,n.形式，形状；形态，外形；方式；表格 v.构成，组成；排列，组织；产生，塑造,专四
formal,'fɔrml,,a.正式的；拘谨的；有条理的 n.正式的社交活动；夜礼服,专四
format,'fɔrmæt,,n.格式；版式；开本 v.使格式化；规定…的格式,专四
formation,fɔr'meʃən,,n.形成；构造；编队,专四
formidable,'fɔrmɪdəbl,,a.强大的；可怕的；令人敬畏的；艰难的,专四
formula,'fɔrmjələ,,n.[数] 公式，准则；配方；婴儿食品,专四
forth,fɔrθ,,ad.向前，向外；自…以后 n.(Forth)人名；(德)福特；(英)福思,专四
forthcoming,",fɔrθ'kʌmɪŋ",,a.即将来临的 n.来临,专四
fortitude,'fɔ:titju:d,,n.刚毅；不屈不挠；勇气,专四
fortress,'fɔrtrəs,,n.堡垒；要塞 vt.筑要塞；以要塞防守,专四
fortunately,'fɔrtʃənətli,,ad.幸运地,专四
forum,'fɔrəm,,n.论坛，讨论会；法庭；公开讨论的广场,专四
forwards,'fɔrwɚdz,,ad.向前；今后,专四
fossil,'fɑsl,,n.化石；僵化的事物；顽固不化的人 a.化石的；陈腐的，守旧的,专四
foster,'fɔstɚ,,v.培养；养育，抚育；抱（希望等） a.收养的，养育的 n.(Foster)人名；(英、捷、意、葡、法、德、俄、西)福斯特,专四
foundation,faʊn'deʃən,,n.基础；地基；基金会；根据；创立,专四
founder,'faʊndɚ,,v.失败；沉没；倒塌；变跛 n.创始人；建立者；翻沙工,专四
fowl,faʊl,,n.家禽；鸟；飞禽 v.打鸟；捕野禽,专四
foyer,ˈfɔɪər,,n.门厅，休息室；大厅,专四
fraction,'frækʃən,,n.分数；部分；小部分；稍微,专四
fragile,'frædʒəl,,a.脆的；易碎的,专四
fragment,'fræɡmənt,,n.碎片；片断或不完整部分 v.使成碎片,专四
fragrance,'fregrəns,,n.香味，芬芳,专四
frail,frel,,a.脆弱的；虚弱的 n.灯心草篓；少妇；少女,专四
frame,frem,,n.框架；结构；[电影] 画面 v.设计；建造；陷害；使…适合 a.有木架的；有构架的,专四
frank,fræŋk,,a.坦白的，直率的；老实的 n.免费邮寄特权 v.免费邮寄,专四
fraternity,frə'tɝnəti,,n.友爱；兄弟会；互助会；大学生联谊会,专四
free,fri,,a.免费的；自由的，不受约束的；[化学] 游离的 v.使自由，解放；释放 ad.自由地；免费 n.(Free)人名；(英)弗里,专四
freebie,'friːbɪ,,n.免费的东西；免费赠品（尤指戏院赠券）,专四
freezer,'frizɚ,,n.冰箱；冷冻库；制冷工,专四
freight,fret,,v.运送；装货；使充满 n.货运；运费；船货,专四
frequency,'frikwənsi,,n.频率；频繁,专四
freshman,'frɛʃmən,,n.新手，生手；大学一年级学生,专四
friction,'frɪkʃən,,n.摩擦，[力] 摩擦力,专四
frightened,'fraɪtnd,,a.害怕的；受惊的；受恐吓的 v.害怕；使吃惊；吓走（frighten的过去分词）,专四
fringe,frɪndʒ,,n.边缘；穗；刘海 a.边缘的；附加的 v.加穗于,专四
fro,fro,,ad.向后；向那边,专四
frosting,'frɔstɪŋ,,n.结霜；霜状白糖；无光泽面；去光泽 v.以霜覆盖；冻坏；起霜（frost的ing形式） a.结霜的；磨砂的；消光的,专四
frown,fraʊn,,v.皱眉；不同意 n.皱眉，蹙额,专四
frozen,'frozn,,a.冻结的；冷酷的 v.结冰（freeze的过去分词）；凝固；变得刻板,专四
frugal,'fruɡl,,a.节俭的；朴素的；花钱少的,专四
fruitless,'frutləs,,a.不成功的，徒劳的；不结果实的,专四
frustrate,'frʌstret,,v.挫败；阻挠；使感到灰心 a.挫败的；无益的,专四
fulfil,ful'fil,,v.履行；完成；实践；满足,专四
full,fʊl,,a.完全的，完整的；满的，充满的；丰富的；完美的；丰满的；详尽的 ad.十分，非常；完全地；整整 v.把衣服缝得宽大 n.全部；完整,专四
fume,fjum,,v.冒烟；发怒 n.烟；愤怒，烦恼,专四
function,'fʌŋkʃən,,n.功能；[数] 函数；职责；盛大的集会 v.运行；活动；行使职责,专四
fund,fʌnd,,n.基金；资金；存款 v.投资；资助,专四
fundamental,",fʌndə'mɛntl",,a.基本的，根本的 n.基本原理；基本原则,专四
funfair,'fʌnfɛr,,n.游乐场；游艺集市,专四
fungus,'fʌŋɡəs,,n.真菌，霉菌；菌类,专四
funnel,'fʌnl,,n.漏斗；烟囱 v.通过漏斗或烟囱等；使成漏斗形,专四
furnace,'fɝnɪs,,n.火炉，熔炉,专四
furnish,'fɝnɪʃ,,v.提供；供应；装备,专四
further,'fɝðɚ,,ad.进一步地；而且；更远地 a.更远的；深一层的 v.促进，助长；增进,专四
fury,'fjʊri,,n.狂怒；暴怒；激怒者,专四
fuse,fjuz,,v.融合；熔化，熔融 n.保险丝，熔线；导火线，雷管,专四
fuss,fʌs,,v.小题大作；忙乱；焦燥；焦急；无事自扰 n.大惊小怪，大惊小怪的人；小题大作；忙乱,专四
futile,'fjʊtaɪl,,a.无用的；无效的；没有出息的；琐细的；不重要的,专四
gadget,'gædʒɪt,,n.小玩意；小器具；小配件；诡计,专四
galaxy,'ɡæləksi,,n.银河；[天] 星系；银河系；一群显赫的人,专四
gallop,'ɡæləp,,n.疾驰；飞奔 v.飞驰；急速进行；急急忙忙地说,专四
gallows,'gæloz,,n.绞刑；绞刑架；承梁,专四
gamble,'ɡæmbl,,v.赌博；孤注一掷；投机；打赌 n.赌博；冒险；打赌,专四
gang,ɡæŋ,,n.群；一伙；一组 v.使成群结队；结伙伤害或恐吓某人,专四
gaol,dʒeɪl,,v.监禁 n.监狱,专四
gaoler,'dʒelɚ,,n.监狱看守；监狱长,专四
garlic,'ɡɑrlɪk,,n.大蒜；蒜头,专四
garment,'gɑrmənt,,n.衣服，服装；外表，外观 v.给…穿衣服,专四
garrison,'gærəsn,,n.要塞；卫戍部队 v.驻防；守卫,专四
gaseous,'ɡæsɪəs,,a.气态的，气体的；无实质的,专四
gash,ɡæʃ,,n.很深的裂缝；砍得很深的伤口 v.划开；砍入很深；（使）负深伤,专四
gasoline,'gæsəlin,,n.汽油,专四
gasp,ɡæsp,,v.喘气；喘息；渴望 n.喘气,专四
gateway,'ɡetwe,,n.门；网关；方法；通道；途径,专四
gather,'ɡæðɚ,,v.收集；收割；使…聚集；使…皱起 n.聚集；衣褶；收获量,专四
gathering,'ɡæðərɪŋ,,n.聚集；集会；收款 v.聚集（gather的ing形式）,专四
gauze,gɔz,,n.纱布；薄纱；薄雾,专四
gaze,ɡeɪz,,v.凝视；注视 n.凝视；注视,专四
gear,ɡɪr,,n.齿轮；装置，工具；传动装置 v.适合；搭上齿轮；开始工作 a.好极了,专四
gem,dʒɛm,,n.宝石，珍宝； 精华；受人重视者 vi.点缀； 用宝石装饰； 饰以宝石 a.最佳品质的,专四
gender,'dʒɛndɚ,,n.性；性别；性交 vt.生（过去式gendered，过去分词gendered，现在分词gendering，第三人称单数genders，形容词genderless）,专四
gene,dʒin,,n.[遗] 基因，遗传因子,专四
general,'dʒɛnrəl,,a.一般的，普通的；综合的；大体的 n.一般；将军，上将；常规,专四
generalize,'dʒɛnrəlaɪz,,v.概括；推广；使一般化,专四
generator,'dʒɛnəretɚ,,n.发电机；发生器；生产者,专四
generous,'dʒɛnərəs,,a.慷慨的，大方的；宽宏大量的；有雅量的,专四
genius,'dʒinjəs,,n.天才，天赋；精神,专四
genocide,'dʒɛnəsaɪd,,n.种族灭绝；灭绝整个种族的大屠杀,专四
genre,'ʒɑnrə,,n.类型；种类；体裁；样式；流派；风俗画 a.风俗画的；以日常情景为主题的,专四
genuine,'dʒɛnjʊɪn,,a.真实的，真正的；诚恳的,专四
geology,dʒɪ'ɑlədʒi,,n.地质学；地质情况,专四
geometric,",dʒiə'mɛtrɪk",,a.几何学的；[数] 几何学图形的,专四
geopolitics,",dʒɪ（ː）əʊ'pɒlɪtɪks",,n.地缘政治学；地理政治论,专四
germ,dʒɝm,,n.[植] 胚芽，萌芽；细菌 vi.萌芽,专四
gerund,'dʒɛrənd,,n.动名词,专四
gesture,'dʒɛstʃɚ,,n.姿态；手势 v.作手势；用动作示意,专四
ghetto,'ɡɛto,,n.犹太人区；贫民区 vt.使集中居住,专四
giant,'dʒaɪənt,,n.巨人；伟人；[动] 巨大的动物 a.巨大的；巨人般的,专四
gigantic,dʒaɪ'ɡæntɪk,,a.巨大的，庞大的,专四
giggle,'ɡɪɡl,,v.傻笑；咯咯地笑 n.吃吃的笑,专四
gild,ɡɪld,,v.镀金；虚饰；供给钱 n.(Gild)人名；(俄)希尔德,专四
gin,dʒɪn,,n.杜松子酒；网；[机] 三角起重机 v.喝杜松子酒； 用陷阱(或网)捕捉，诱捕(猎物),专四
ginger,'dʒɪndʒɚ,,n.姜；姜黄色；精力；有姜味 v.用姜给…调味；使某人有活力 a.姜黄色的,专四
gist,dʒɪst,,n.主旨，要点；依据,专四
given,'ɡɪvn,,a.赠予的；沉溺的；规定的 prep.考虑到 v.给予（give的过去分词） n.(Given)人名；(英、土)吉文,专四
glamour,'ɡlæmə,,n.魅力，魔力；迷人的美 v.迷惑，迷住,专四
glance,ɡlæns,,n.一瞥；一滑；闪光 v.扫视，匆匆一看；反光；瞥闪，瞥见,专四
gland,ɡlænd,,n.腺,专四
glare,ɡlɛr,,n.刺眼；耀眼的光；受公众注目 v.瞪眼表示,专四
gleam,ɡlim,,n.微光；闪光；瞬息的一现 v.闪烁；隐约地闪现,专四
glide,ɡlaɪd,,v.滑翔；滑行；悄悄地走；消逝 n.滑翔；滑行；滑移；滑音,专四
glimmer,'ɡlɪmɚ,,n.微光；闪光；少许 v.闪烁；发微光,专四
glimpse,ɡlɪmps,,n.一瞥，一看 v.瞥见,专四
glint,ɡlɪnt,,n.闪烁；闪光 v.闪烁；（光线）反射；闪闪发光,专四
glisten,'ɡlɪsn,,v.闪光，闪亮 n.闪光，闪耀,专四
glitter,'ɡlɪtɚ,,v.闪光；闪烁 n.闪光；灿烂,专四
global,'ɡlobl,,a.全球的；总体的；球形的,专四
gloom,ɡlum,,n.昏暗；阴暗,专四
glorify,'ɡlɔrɪfaɪ,,v.赞美；美化；崇拜（神）；使更壮丽,专四
gloss,ɡlɑs,,n.光彩；注释；假象 v.使光彩；掩盖；注释,专四
glossary,'ɡlɑsəri,,n.术语（特殊用语）表；词汇表；专业词典,专四
glow,ɡlo,,v.发热；洋溢；绚丽夺目 n.灼热；色彩鲜艳；兴高采烈,专四
gnaw,nɔ,,v.咬；折磨；侵蚀,专四
goalkeeper,'ɡolkipɚ,,n.守门员,专四
goddess,ɡɑdɪs,,n.女神，受崇拜的女性,专四
godfather,'ɡɑdfɑðɚ,,n.教父 vt.当…的教父,专四
godmother,'ɡɑdmʌðɚ,,n.教母 vt.当…的教母；作…的女监护人,专四
golfer,'ɡɑlfɚ,,n.高尔夫球手,专四
gong,ɡɑŋ,,n.锣；钟状物；奖章 v.鸣锣传唤；鸣锣命令驾车者停驶,专四
goodwill,'gʊd'wɪl,,n.[贸易] 商誉；友好；好意,专四
gorge,ɡɔrdʒ,,n.峡谷；胃；暴食；咽喉；障碍物 v.使吃饱；吞下；使扩张,专四
gorgeous,'ɡɔrdʒəs,,a.华丽的，灿烂的；极好的,专四
gorilla,ɡə'rɪlə,,n.大猩猩,专四
gosh,ɡɑʃ,,int.天啊；唉；糟了；必定,专四
gossip,'ɡɑsɪp,,n.小道传闻；随笔；爱说长道短的人 v.闲聊；传播流言蜚语,专四
Gothic,'ɡɔθik,,a.哥特式的；野蛮的 n.哥特式,专四
gourmet,'ɡʊrme,,n.美食家 a.菜肴精美的,专四
governor,'ɡʌvɚnɚ,,n.主管人员；统治者，管理者；[自] 调节器；地方长官,专四
grab,ɡræb,,v.攫取；霸占；将…深深吸引 n.攫取；霸占；夺取之物,专四
grace,ɡres,,n.优雅；恩惠；魅力；慈悲 v.使优美,专四
grammatical,grə'mætɪkl,,a.文法的；符合语法规则的,专四
gramme,ɡræm,,n.克,专四
gramophone,'ɡræməfon,,n.留声机 vt.用唱片录制；用唱机播放,专四
grandson,'ɡrænsʌn,,n.孙子；外孙,专四
grandstand,'ɡrænstænd,,n.正面看台；观众；哗众取宠的表演 v.做博取观众喝采的演技 a.看台上的,专四
granite,'grænɪt,,n.花岗岩；坚毅；冷酷无情,专四
grant,ɡrænt,,v.授予；允许；承认 n.拨款；[法] 授予物,专四
grapevine,'ɡrepvaɪn,,n.葡萄树；葡萄藤；小道消息；秘密情报网,专四
graph,ɡræf,,n.图表；曲线图 v.用曲线图表示,专四
graphic,'græfɪk,,a.形象的；图表的；绘画似的,专四
graphics,'græfɪks,,n.[测] 制图学；制图法；图表算法,专四
grasp,ɡræsp,,n.抓住；理解；控制 v.抓住；领会,专四
grassroots,'græs'rʊts,,a.基层的；草根的；乡村的 n.草根；基础,专四
gratitude,'ɡrætɪtud,,n.感谢（的心情）；感激,专四
grave,ɡrev,,a.重大的；严肃的；黯淡的 n.墓穴，坟墓；死亡 v.雕刻；铭记,专四
gravity,'ɡrævəti,,n.重力，地心引力；严重性；庄严,专四
graze,ɡrez,,v.放牧；擦伤 n.放牧；轻擦,专四
grease,gris,,v.涂脂于；贿赂 n.油脂；贿赂,专四
greatly,'ɡretli,,ad.很，大大地；非常,专四
Greek,grik,,n.希腊语；希腊人 a.希腊的；希腊人的，希腊语的,专四
greenhouse,'ɡrinhaʊs,,n.温室,专四
grenade,ɡrə'ned,,n.手榴弹；灭火弹 vt.扔手榴弹；用催泪弹攻击,专四
greyhound,'ɡreihaund,,n.灰狗（一种猎犬）；快速船,专四
grief,ɡrif,,n.悲痛；忧伤；不幸,专四
grim,ɡrɪm,,a.冷酷的；糟糕的；残忍的 n.(Grim)人名；(英、德、俄、捷、匈)格里姆,专四
grimace,ɡrɪ'mes,,v.扮鬼脸；作怪相；作苦相 n.鬼脸；怪相；痛苦的表情,专四
grime,ɡraɪm,,n.尘垢；污点；煤尘 v.使污秽；使…弄脏,专四
grin,ɡrɪn,,v.露齿而笑，咧着嘴笑 n.露齿笑,专四
grind,ɡraɪnd,,v.磨碎；磨快 n.磨；苦工作,专四
grip,ɡrɪp,,n.紧握；柄；支配；握拍方式；拍柄绷带 v.紧握；夹紧,专四
grit,ɡrɪt,,v.研磨；在…上铺砂砾，覆以砂砾；咬紧牙关 n.粗砂，砂砾砂砾，粗砂石；勇气；决心,专四
groan,ɡron,,v.呻吟；抱怨；发吱嘎声 n.呻吟；叹息；吱嘎声,专四
grocery,'ɡrosəri,,n.食品杂货店,专四
groom,ɡrum,,v.整饰；推荐；喂马；刷洗（马等） n.新郎；马夫；男仆,专四
groove,ɡruv,,n.[建] 凹槽，槽；最佳状态；惯例 v.开槽于,专四
grope,ɡrop,,v.摸索；探索 n.摸索；触摸,专四
gross,ɡros,,a.总共的；粗野的；恶劣的；显而易见的 v.总共收入 n.总额，总数,专四
groundwork,'graʊnd'wɝk,,n.基础；地基，根基,专四
growl,ɡraʊl,,v.咆哮着说 n.咆哮声；吠声；不平,专四
growth,ɡroθ,,n.增长；发展；生长；种植,专四
grudge,ɡrʌdʒ,,v.怀恨；吝惜；妒忌；不情愿做 n.怨恨；恶意；妒忌,专四
grumble,'ɡrʌmbl,,v.抱怨；嘟囔 n.怨言 ad.抱怨地表示；嘟囔地说,专四
grunt,ɡrʌnt,,n.咕哝；呼噜声 v.作呼噜声；发哼声,专四
guardian,'ɡɑrdɪən,,n.[法] 监护人，保护人；守护者 a.守护的,专四
guerrilla,gə'rɪlə,,n.游击战；游击队,专四
guillotine,'ɡɪlətin,,n.断头台；切纸机；截止辩论以付表决法 v.于断头台斩首；终止辩论将议案付诸表决,专四
guilty,'ɡɪlti,,a.有罪的；内疚的,专四
gulf,ɡʌlf,,n.海湾；深渊；分歧；漩涡 vt.吞没,专四
gull,ɡʌl,,n.[鸟] 鸥；笨人；易受骗之人 v.骗；欺诈,专四
gullible,'ɡʌləbl,,a.易受骗的；轻信的,专四
gulp,ɡʌlp,,v.狼吞虎咽地吃；大口地吸 n.一大口（尤指液体）；吞咽,专四
gum,ɡʌm,,n.口香糖；树胶；橡皮 v.用胶粘，涂以树胶；使…有粘性,专四
gunpowder,'ɡʌnpaʊdɚ,,n.火药；有烟火药,专四
gust,ɡʌst,,n.风味；一阵狂风；趣味 v.一阵阵地劲吹,专四
gut,ɡʌt,,n.内脏；肠子；剧情；胆量；海峡；勇气；直觉；肠 v.取出内脏；摧毁（建筑物等）的内部 a.简单的；本质的，根本的；本能的，直觉的,专四
gutter,'gʌtɚ,,n.排水沟；槽；贫民区 v.流；形成沟 a.贫贱的；粗俗的；耸人听闻的,专四
gymnasium,dʒɪm'nezɪəm,,n.体育馆；健身房,专四
Gypsy,'dʒipsi,,n.吉卜赛人；吉卜赛语；像吉布赛的人；歌舞剧中的歌舞队员 a.象吉卜赛人的；吉卜赛人的；无照的 vi.流浪,专四
habitat,'hæbə'tæt,,n.[生态] 栖息地，产地,专四
habitual,hə'bɪtʃuəl,,a.习惯的；惯常的；习以为常的,专四
hacker,'hækɚ,,n.电脑黑客，企图不法侵入他人电脑系统的人,专四
hail,hel,,n.冰雹；致敬；招呼；一阵 v.致敬；招呼；向欢呼；猛发；使像下雹样落下（过去式hailed，过去分词hailed，现在分词hailing，第三人称单数hails） int.万岁；欢迎,专四
hairy,'hɛri,,a.多毛的；毛状的；长毛的 n.(Hairy)人名；(法)艾里,专四
halfway,",hæf'we",,ad.到一半；在中途 a.中途的；不彻底的,专四
halt,hɔlt,,v.停止；立定；踌躇，犹豫 n.停止；立定；休息,专四
handgun,'hænd'gʌn,,n.手枪,专四
handicap,'hændɪ'kæp,,n.障碍；不利条件，不利的因素 v.妨碍，阻碍；使不利,专四
harden,'hɑrdn,,v.变硬，变坚固；变坚强；变冷酷 n.(Harden)人名；(英、德、罗、瑞典)哈登；(法)阿尔当,专四
hardly,'hɑrdli,,ad.几乎不，简直不；刚刚,专四
hare,hɛr,,n.野兔,专四
harmless,'hɑrmləs,,a.无害的；无恶意的,专四
harmony,'hɑrməni,,n.协调；和睦；融洽；调和,专四
harry,'hæri,,v.折磨；掠夺；骚扰；使苦恼 n.(Harry)人名；(英)哈里，哈丽(女名)(教名Henry、Harriet的昵称),专四
harsh,hɑrʃ,,a.严厉的；严酷的；刺耳的；粗糙的；刺目的 n.(Harsh)人名；(英)哈什,专四
haste,hest,,n.匆忙；急忙；轻率 vi.匆忙；赶紧 vt.赶快,专四
hasty,'hesti,,a.轻率的；匆忙的；草率的；懈怠的 n.(Hasty)人名；(英)黑斯蒂,专四
hatch,hætʃ,,n.孵化；舱口 v.孵；策划,专四
hateful,'hetfəl,,a.可憎的；可恨的；可恶的,专四
hatred,'hetrɪd,,n.憎恨；怨恨；敌意,专四
haughty,'hɔti,,a.傲慢的；自大的,专四
haul,hɔl,,n.拖，拉；用力拖拉；努力得到的结果；捕获物；一网捕获的鱼量；拖运距离 v.拖运；拖拉,专四
haunt,hɔnt,,v.常出没于…；萦绕于…；经常去… n.栖息地；常去的地方,专四
hawk,hɔk,,v.兜售，沿街叫卖；捕捉；咳出 n.鹰；鹰派成员；掠夺他人的人,专四
hazard,'hæzɚd,,v.赌运气；冒…的危险，使遭受危险 n.危险，冒险；冒险的事,专四
heading,'hɛdɪŋ,,n.标题；（足球）头球；信头 v.用头顶（head的ing形式）,专四
heal,hil,,v.治愈，痊愈；和解 n.(Heal)人名；(英)希尔,专四
health,hɛlθ,,n.健康；卫生；保健；兴旺,专四
heart,hɑrt,,n.心脏；感情；勇气；心形；要点 vt.鼓励；铭记 vi.结心,专四
heartbeat,'hɑrtbit,,n.心跳；情感,专四
heave,hiv,,v.举起；使起伏；投掷；恶心；发出（叹息等） n.举起；起伏；投掷；一阵呕吐,专四
heavyweight,'hɛvɪwet,,n.重量级拳击手；有影响的人物；聪明绝顶的人 a.重量级的；特别厚重的,专四
Hebrew,'hi:bru:,,n.希伯来人，犹太人；希伯来语 a.希伯来人的；希伯来语的,专四
hedge,hɛdʒ,,v.用树篱笆围住；避免作正面答复 n.对冲，套期保值；树篱；障碍,专四
heighten,'haɪtn,,v.提高；增高；加强；使更显著,专四
heir,ɛr,,n.[法] 继承人；后嗣；嗣子,专四
hell,hɛl,,n.地狱；究竟（作加强语气词）；训斥；黑暗势力 vi.过放荡生活；飞驰 int.该死；见鬼（表示惊奇、烦恼、厌恶、恼怒、失望等）,专四
helpless,'hɛlpləs,,a.无助的；无能的；没用的,专四
hem,hɛm,,n.边，边缘；摺边 v.包围；给缝边,专四
hemisphere,'hɛmɪsfɪr,,n.半球,专四
hence,hɛns,,ad.因此；今后,专四
herald,'hɛrəld,,n.预兆，征兆；先驱；传令官；报信者 v.通报；预示…的来临,专四
herd,hɝd,,n.兽群，畜群；放牧人 v.成群，聚在一起,专四
herdsman,'hɝdzmən,,n.牧人,专四
hereabout,",hiərə'baut",,ad.在这一带；在这附近（等于hereabouts）,专四
hereby,",hɪr'baɪ",,ad.以此方式，据此；特此,专四
hereditary,hə'rɛdə'tɛri,,a.遗传的；世袭的；世代相传的 n.遗传类,专四
heritage,'hɛrɪtɪdʒ,,n.遗产；传统；继承物；继承权,专四
hermit,'hɝmɪt,,n.（尤指宗教原因的）隐士；隐居者,专四
heroic,hə'roɪk,,a.英雄的；英勇的；记叙英雄及其事迹的；夸张的 n.史诗；英勇行为,专四
heroin,'hɛroɪn,,n.[药][毒物] 海洛因，吗啡,专四
herring,'hɛrɪŋ,,n.鲱,专四
hesitate,'hɛzɪtet,,v.踌躇，犹豫；不愿,专四
hesitation,",hɛzə'teʃən",,n.犹豫,专四
hexagon,'hɛksəɡɑn,,n.六角形，六边形 a.成六角的；成六边的,专四
hidden,'hɪdn,,a.隐藏的 v.隐藏，躲藏（hide的过去分词） n.(Hidden)人名；(英)希登,专四
hideous,'hidiəs,,a.可怕的；丑恶的,专四
hijack,'haɪdʒæk,,v.抢劫；揩油 n.劫持；威逼；敲诈,专四
hike,haɪk,,v.远足；徒步旅行；上升 n.远足；徒步旅行；涨价,专四
hind,haɪnd,,a.后部的 n.雌鹿,专四
hinder,'hɪndɚ,,v.成为阻碍 a.后面的 n.(Hinder)人名；(芬)欣德,专四
Hindu,'hindu:; 'hin'du:,,a.印度教的；印度的 n.印度人；印度教教徒,专四
hinge,hɪndʒ,,n.铰链，折叶；关键，转折点；枢要，中枢 v.用铰链连接；依…为转移；给…安装铰链；（门等）装有蝶铰,专四
hint,hɪnt,,n.暗示；线索 v.暗示；示意,专四
hinterland,'hɪntɚlænd,,n.内地；穷乡僻壤；靠港口供应的内地贸易区,专四
hip,hɪp,,n.臀部；蔷薇果；忧郁 a.熟悉内情的；非常时尚的,专四
hippie,'hɪpi,,n.嬉皮士；嬉皮模样的年青人 a.嬉皮的,专四
hippo,'hɪpo,,n.河马；吐根,专四
hippopotamus,ˌhɪpəˈpɑtəməs,,n.[脊椎] 河马,专四
histogram,'hɪstəɡræm,,n.[统计] 直方图；柱状图,专四
historic,hɪ'stɔrɪk,,a.有历史意义的；历史上著名的,专四
hitch,hɪtʃ,,n.故障；钩；猛拉；急推；蹒跚 v.搭便车；钩住；套住；猛拉；使结婚,专四
hitherto,",hɪðɚ'tu",,ad.迄今；至今,专四
hoarse,hɔrs,,a.嘶哑的,专四
hobbyist,'hɑbɪɪst,,n.业余爱好者；沉溺于某嗜好之人,专四
hockey,'hɑki,,n.曲棍球；冰球,专四
hoe,ho,,v.锄，用锄头 n.锄头,专四
hog,hɔɡ,,n.猪，象猪般的人；贪婪者 v.使拱起,专四
hoist,hɔɪst,,n.起重机；升起，吊起 v.升起；吊起,专四
hold,hold,,v.持有；拥有；保存；拘留；约束或控制 n.控制；保留,专四
holder,'holdɚ,,n.持有人；所有人；固定器；（台、架等）支持物,专四
hollow,'hɑlo,,a.空的；中空的，空腹的；凹的；虚伪的 n.洞；山谷；窟窿 v.使成为空洞 ad.彻底地；无用地,专四
homesick,'homsɪk,,a.想家的；思乡病的,专四
honest,'ɑnɪst,,a.诚实的，实在的；可靠的；坦率的,专四
honesty,'ɑnəsti,,n.诚实，正直,专四
honeymoon,'hʌnɪmun,,n.蜜月；蜜月假期；（新生事物、新建关系等的）短暂的和谐时期 v.度蜜月,专四
honorary,'ɑnərɛri,,a.荣誉的；名誉的；道义上的 n.名誉学位；获名誉学位者；名誉团体,专四
honorific,'ɑnə'rɪfɪk,,a.尊敬的；敬称的 n.敬语,专四
hood,hʊd,,n.头巾；覆盖；兜帽 v.罩上；以头巾覆盖,专四
hoof,huf,,v.步行；踢；跳舞 n.蹄；人的脚,专四
hoop,hup,,n.箍；铁环；呼呼声 v.加箍于；包围,专四
hoover,'huvɚ,,n.吸尘器 v.用吸尘器打扫,专四
hop,hɑp,,"v.单足跳跃〔跳行〕 n.蹦跳,跳跃；跳舞；一次飞行的距离",专四
horizon,hə'raɪzn,,n.[天] 地平线；视野；眼界；范围,专四
horn,hɔrn,,n.喇叭，号角；角 v.装角于,专四
horror,'hɔrɚ,,n.惊骇；惨状；极端厌恶；令人恐怖的事物,专四
horseman,'hɔrsmən,,n.骑马者；马术师,专四
hose,hoz,,n.软管；长筒袜；男性穿的紧身裤 v.用软管浇水；痛打,专四
hospitable,hɑ'spɪtəbl,,a.热情友好的；（环境）舒适的,专四
hospitalize,'hɑspɪtə'laɪz,,v.就医；送…进医院治疗,专四
host,host,,n.[计] 主机；主人；主持人；许多 v.主持；当主人招待,专四
hostage,'hɑstɪdʒ,,n.人质；抵押品,专四
hostel,'hɑstl,,n.旅社，招待所（尤指青年旅社）,专四
hostile,ˈhɑstəl,,a.敌对的，敌方的；怀敌意的 n.敌对,专四
hound,haʊnd,,v.追猎；烦扰；激励 n.猎犬；卑劣的人,专四
housewife,'haʊs'waɪf,,n.家庭主妇,专四
hover,'hʌvɚ,,v.盘旋，翱翔；徘徊 n.徘徊；盘旋；犹豫,专四
hug,hʌɡ,,v.拥抱；紧抱；抱有，坚持 n.拥抱；紧抱；固执,专四
hull,hʌl,,n.船体；（果实的）外壳 v.[粮食] 去壳,专四
hum,hʌm,,v.发低哼声 n.嗡嗡声；哼声；杂声 int.哼；嗯,专四
humanitarian,"hju,mænɪ'tɛrɪən",,a.人道主义的；博爱的；基督凡人论的 n.人道主义者；慈善家；博爱主义者；基督凡人论者,专四
humble,'hʌmbl,,a.谦逊的；简陋的；（级别或地位）低下的；不大的 v.使谦恭；轻松打败（尤指强大的对手）；低声下气,专四
humid,'hjumɪd,,a.潮湿的；湿润的；多湿气的,专四
humiliate,hju'mɪlɪet,,v.羞辱；使…丢脸；耻辱,专四
hurl,hɝl,,v.丢下；用力投掷；愤慨地说出 n.用力的投掷,专四
hurrah,hə'rɑ,,n.欢呼声；激动；混乱 v.欢呼；叫好 int.万岁；好哇（等于hurray）,专四
hush,hʌʃ,,v.安静；肃静；缄默 n.安静；肃静；沉默 int.嘘；别作声,专四
hustle,'hʌsl,,v.催促；猛推；强夺 n.推；奔忙；拥挤喧嚷,专四
hut,hʌt,,n.小屋；临时营房 vt.使住在小屋中；驻扎 vi.住在小屋中；驻扎,专四
hydroelectric,",haɪdroɪ'lɛktrɪk",,a.水力发电的；水电治疗的,专四
hyphen,'haɪfn,,v.以连字号连接 n.连字号,专四
hypocritical,",hɪpə'krɪtɪkl",,a.虚伪的；伪善的,专四
hysteric,his'terik,,n.癔病患者；歇斯底里患者 a.歇斯底里的；癔病的；亢奋的,专四
icy,'aɪsi,,a.冰冷的；冷淡的；结满冰的,专四
idea,aɪ'diə,,n.想法；主意；概念,专四
ideal,aɪ'diəl,,a.理想的；完美的；想象的；不切实际的 n.理想；典范,专四
identical,aɪ'dɛntɪkl,,a.同一的；完全相同的 n.完全相同的事物,专四
ideological,",aɪdɪə'lɑdʒɪkl",,a.思想的；意识形态的,专四
idiom,'ɪdɪəm,,n.成语，习语；土话,专四
idiot,'ɪdɪət,,n.笨蛋，傻瓜；白痴,专四
idle,'aɪdl,,a.闲置的；懒惰的；停顿的 v.无所事事；虚度；空转,专四
idol,'aɪdl,,n.偶像，崇拜物；幻象；谬论,专四
ignorance,'ɪɡnərəns,,n.无知，愚昧；不知，不懂,专四
ignore,ɪɡ'nɔr,,v.驳回诉讼；忽视；不理睬,专四
illegible,ɪ'lɛdʒəbl,,a.难辨认的；字迹模糊的,专四
illegitimate,",ɪlɪ'dʒɪtɪmet",,a.私生的；非法的；不合理的 vt.认做私生子；认为违法 n.非嫡出子；庶子,专四
illiteracy,ɪ'lɪtərəsi,,n.文盲；无知,专四
illiterate,ɪ'lɪtərət,,a.文盲的；不识字的；没受教育的 n.文盲,专四
illogical,ɪ'lɑdʒɪkl,,a.不合逻辑的；不合常理的,专四
illuminate,ɪ'lumɪnet,,v.阐明，说明；照亮；使灿烂；用灯装饰,专四
illuminating,ɪ'lʊmə'netɪŋ,,a.照亮的，照明的；启蒙的，有启发性的 v.照明，阐释（illuminate的现在分词形式）,专四
illumination,ɪ'lʊmə'neʃən,,n.照明；[光] 照度；启发；灯饰（需用复数）；阐明,专四
illusion,ɪ'luʒn,,n.幻觉，错觉；错误的观念或信仰,专四
illustrate,'ɪləstret,,v.阐明，举例说明；图解,专四
image,'ɪmɪdʒ,,n.影像；想象；肖像；偶像 v.想象；反映；象征；作…的像,专四
imaginable,ɪ'mædʒɪnəbl,,a.可能的；可想像的,专四
imaginary,ɪ'mædʒɪnɛri,,a.虚构的，假想的；想像的；虚数的,专四
imagination,"ɪ,mædʒɪ'neʃən",,n.[心理] 想象力；空想；幻想物,专四
imaginative,ɪ'mædʒɪnətɪv,,a.富于想象的；有创造力的,专四
imagine,ɪ'mædʒɪn,,v.想像；猜想；臆断,专四
imbalance,ɪm'bæləns,,n.不平衡；不安定,专四
imitate,'ɪmɪtet,,v.模仿，仿效；仿造，仿制,专四
immeasurable,ɪ'mɛʒərəbl,,a.无限的；[数] 不可计量的；不能测量的,专四
immense,ɪ'mɛns,,a.巨大的，广大的；无边无际的；非常好的,专四
imminent,'ɪmɪnənt,,a.即将来临的；迫近的,专四
impact,ɪm'pækt,,n.影响；效果；碰撞；冲击力 v.挤入，压紧；撞击；对…产生影响,专四
impeach,ɪm'pitʃ,,v.弹劾；归咎；怀疑 n.控告，检举；弹劾；怀疑,专四
imperative,ɪm'pɛrətɪv,,a.必要的，不可避免的；紧急的；命令的，专横的；势在必行的；[语]祈使的 n.必要的事；命令；需要；规则；[语]祈使语气,专四
imperial,ɪm'pɪrɪəl,,a.帝国的；皇帝的；至高无上的；威严的 n.纸张尺寸；特等品,专四
implement,'ɪmplɪmɛnt,,v.实施，执行；实现，使生效 n.工具，器具；手段,专四
implicate,'ɪmplɪket,,v.使卷入；涉及；暗指；影响,专四
imply,ɪm'plai,,v.意味；暗示；隐含,专四
impose,ɪm'poz,,v.利用；欺骗；施加影响,专四
impossibility,"ɪm,pɑsə'bɪləti",,n.不可能；不可能的事,专四
impractical,ɪm'præktɪkl,,a.不切实际的，不现实的；不能实行的,专四
impression,ɪm'prɛʃən,,n.印象；效果，影响；压痕，印记；感想；曝光（衡量广告被显示的次数。打开一个带有该广告的网页，则该广告的impression 次数增加一次）,专四
impressive,ɪm'prɛsɪv,,a.感人的；令人钦佩的；给人以深刻印象的,专四
imprison,ɪm'prɪzn,,v.监禁；关押；使…下狱,专四
improper,ɪm'prɑpɚ,,a.不正确的，错误的；不适当的；不合礼仪的,专四
improve,ɪm'pruv,,v.改善，增进；提高…的价值,专四
improvement,ɪm'prʊvmənt,,n.改进，改善；提高,专四
impulse,'ɪmpʌls,,n.冲动；[电子] 脉冲；刺激；神经冲动；推动力 vt.推动,专四
inaccessible,",ɪnæk'sɛsəbl",,a.难达到的；难接近的；难见到的,专四
inaccurate,ɪn'ækjərət,,a.错误的,专四
inaugural,ɪ'nɔɡjərəl,,a.开始的；开幕的；就任的，就职的 n.就职演讲；开幕辞,专四
incentive,ɪn'sɛntɪv,,n.动机；刺激 a.激励的；刺激的,专四
incline,ɪn'klaɪn,,v.倾斜；倾向；易于 n.倾斜；斜面；斜坡,专四
include,ɪn'klud,,v.包含，包括,专四
inclusion,ɪn'kluʒn,,n.包含；内含物,专四
inclusive,ɪn'klusɪv,,a.包括的，包含的,专四
incomparable,ɪn'kɑmprəbl,,a.无比的；无可匹敌的；不能比较的 n.盖世无双的人,专四
inconsiderable,",ɪnkən'sɪdrəbl",,a.不足取的；不值得考虑的；琐屑的,专四
inconsiderate,",ɪnkən'sɪdərət",,a.轻率的；不顾别人的；无谋得,专四
inconvenience,",ɪnkən'vinɪəns",,n.不便；麻烦 v.麻烦；打扰,专四
increase,'ɪnkris,,n.增加，增长；提高 v.增加，增大；繁殖,专四
incurable,ɪn'kjʊrəbl,,a.不能治愈的；无可救药的 n.患不治之症者，不能治愈的人,专四
indebted,ɪn'dɛtɪd,,a.负债的；感激的；受惠的 v.使负债；使受恩惠（indebt的过去分词）,专四
index,'ɪndɛks,,n.指标；指数；索引；指针 v.做索引,专四
indicate,'ɪndɪket,,v.表明；指出；预示；象征,专四
indicative,ɪn'dɪkətɪv,,a.象征的；指示的；表示…的 n.陈述语气；陈述语气的动词形式,专四
indifferent,ɪn'dɪfrənt,,a.漠不关心的；无关紧要的；中性的，中立的,专四
indignant,ɪn'dɪɡnənt,,a.愤愤不平的；义愤的,专四
indispensable,'ɪndɪ'spɛnsəbl,,a.不可缺少的；绝对必要的；责无旁贷的 n.不可缺少之物；必不可少的人,专四
individual,",ɪndɪ'vɪdʒuəl",,a.个人的；个别的；独特的 n.个人，个体,专四
indoor,'ɪndɔr,,a.室内的，户内的,专四
indoors,",ɪn'dɔrz",,ad.在室内，在户内,专四
induce,ɪn'dus,,v.诱导；引起；引诱；感应,专四
indulge,ɪn'dʌldʒ,,v.满足；纵容；使高兴；使沉迷于…,专四
industrial,ɪn'dʌstrɪəl,,a.工业的，产业的；从事工业的；供工业用的；来自勤劳的 n.工业股票；工业工人,专四
inert,ɪ'nɝt,,a.[化学] 惰性的；呆滞的；迟缓的；无效的,专四
inevitable,ɪn'ɛvɪtəbl,,a.必然的，不可避免的,专四
inexact,",ɪnɪɡ'zækt",,a.不精确的；不严格的；不正确的,专四
inexhaustible,",ɪnɪɡ'zɔstəbl",,a.用不完的；不知疲倦的,专四
infant,'ɪnfənt,,n.婴儿；幼儿；未成年人 a.婴儿的；幼稚的；初期的；未成年的,专四
infect,ɪn'fɛkt,,v.感染，传染,专四
infected,ɪn'fɛktɪd,,a.被感染的 v.传染（infect的过去分词）,专四
infer,ɪn'fɝ,,v.推断；推论,专四
inferior,ɪn'fɪrɪɚ,,a.差的；自卑的；下级的，下等的 n.下级；次品,专四
infinite,'ɪnfɪnət,,a.无限的，无穷的；无数的；极大的 n.无限；[数] 无穷大；无限的东西（如空间，时间）,专四
inflate,ɪn'flet,,v.使充气；使通货膨胀,专四
influence,'ɪnfluəns,,n.影响；势力；感化；有影响的人或事 v.影响；改变,专四
influential,",ɪnflu'ɛnʃl",,a.有影响的；有势力的 n.有影响力的人物,专四
influenza,",ɪnflu'ɛnzə",,n.[内科] 流行性感冒（简写flu）；家畜流行性感冒,专四
inform,ɪn'fɔrm,,v.通知；告诉；报告,专四
informed,ɪn'fɔrmd,,a.消息灵通的；见多识广的 v.通知；使了解；提供资料（inform的过去分词）,专四
ingenious,ɪn'dʒinɪəs,,a.有独创性的；机灵的，精制的；心灵手巧的,专四
ingredient,ɪn'ɡridɪənt,,n.原料；要素；组成部分 a.构成组成部分的,专四
inhale,ɪn'hel,,v.吸入；猛吃猛喝,专四
inherent,ɪn'hɪrənt,,a.固有的；内在的；与生俱来的，遗传的,专四
inherit,ɪn'hɛrɪt,,v.继承；遗传而得,专四
inhuman,ɪn'hjʊmən,,a.残忍的；野蛮的；无人性的,专四
initiate,ɪ'nɪʃɪet,,v.开始，创始；发起；使初步了解 n.开始；新加入者，接受初步知识者 a.新加入的；接受初步知识的,专四
inject,ɪn'dʒɛkt,,v.注入；注射,专四
injustice,ɪn'dʒʌstɪs,,n.不公正；不讲道义,专四
inlet,ɪnˌlɛt,,n.入口，进口；插入物；水湾 v.引进; 嵌入; 插入;,专四
inner,'ɪnɚ,,a.内部的；内心的；精神的 n.内部,专四
innkeeper,'ɪn'kipɚ,,n.客栈老板；旅馆主人,专四
innocent,'ɪnəsnt,,a.无辜的；无罪的；无知的 n.天真的人；笨蛋,专四
innovate,'ɪnəvet,,v.创新；改革；革新,专四
innumerable,ɪ'nʊmərəbl,,a.无数的，数不清的,专四
input,'ɪn'pʊt,,n.投入；输入电路 v.[自][电子] 输入；将…输入电脑,专四
inquire,ɪn'kwaɪr,,v.询问；查究；问明,专四
inscribe,ɪn'skraɪb,,v.题写；题献；铭记；雕,专四
insecticide,ɪn'sɛktɪsaɪd,,n.杀虫剂,专四
insensitive,ɪn'sɛnsətɪv,,a.感觉迟钝的，对…没有感觉的,专四
insider,ɪn'saɪdɚ,,n.内部的人，会员；熟悉内情者,专四
insight,'ɪn'saɪt,,n.洞察力；洞悉,专四
insincere,",ɪnsɪn'sɪr",,a.不诚实的；虚假的,专四
insistent,ɪn'sɪstənt,,a.坚持的；迫切的；显著的；引人注目的；紧急的,专四
inspection,ɪn'spɛkʃən,,n.视察，检查,专四
inspiration,ˌɪnspəˈreʃən,,n.灵感；鼓舞；吸气；妙计,专四
install,ɪn'stɔl,,v.安装；任命；安顿,专四
instance,'ɪnstəns,,n.实例；情况；建议 v.举为例,专四
instant,'ɪnstənt,,a.立即的；紧急的；紧迫的 n.瞬间；立即；片刻,专四
instantly,'ɪnstəntli,,ad.立即地；马上地；即刻地 conj.一…就…,专四
instinct,'ɪnstɪŋkt,,n.本能，直觉；天性 a.充满着的,专四
institutional,",ɪnstɪ'tuʃənl",,a.制度的；制度上的,专四
instruct,ɪn'strʌkt,,v.指导；通知；命令；教授,专四
instructor,ɪn'strʌktɚ,,n.指导书；教员；指导者,专四
instrumental,",ɪnstrə'mɛntl",,a.乐器的；有帮助的；仪器的，器械的 n.器乐曲；工具字，工具格,专四
insulation,",ɪnsə'leʃən",,n.绝缘；隔离，孤立,专四
insult,ɪn'sʌlt,,v.侮辱；辱骂；损害 n.侮辱；凌辱；无礼,专四
intact,ɪn'tækt,,a.完整的；原封不动的；未受损伤的,专四
integral,'ɪntɪɡrəl,,a.积分的；完整的，整体的；构成整体所必须的 n.积分；部分；完整,专四
integrate,'ɪntɪɡret,,v.使…完整；使…成整体；求…的积分；表示…的总和 a.整合的；完全的 n.一体化；集成体,专四
intelligence,ɪn'tɛlɪdʒəns,,n.智力；情报工作；情报机关；理解力；才智，智慧；天分,专四
intense,ɪn'tɛns,,a.强烈的；紧张的；非常的；热情的,专四
intensify,ɪn'tɛnsɪfaɪ,,v.增强，强化；变激烈,专四
intensive,ɪn'tɛnsɪv,,a.加强的；集中的；透彻的；加强语气的 n.加强器,专四
intent,ɪn'tɛnt,,n.意图；目的；含义 a.专心的；急切的；坚决的,专四
intention,ɪn'tɛnʃən,,n.意图；目的；意向；愈合,专四
intercept,",ɪntɚ'sɛpt",,v.拦截；截断；窃听 n.拦截；[数] 截距；截获的情报,专四
interchange,'ɪntɚtʃendʒ,,v.（指两人等）交换；互换 n.互换；立体交叉道,专四
intercom,'ɪntɚkɑm,,n.对讲机；内部通话装置,专四
interest,'ɪntrəst,,n.兴趣，爱好；利息；趣味；同行 v.使……感兴趣；引起……的关心；使……参与,专四
interfere,",ɪntɚ'fɪr",,v.干涉；妨碍；打扰,专四
interim,'ɪntərɪm,,a.临时的，暂时的；中间的；间歇的 n.过渡时期，中间时期；暂定,专四
intermediate,",ɪntɚ'midɪət",,v.起媒介作用 a.中间的，中级的 n.[化学] 中间物；媒介,专四
interpreter,ɪn'tɝprɪtɚ,,n.解释者；口译者；注释器,专四
intervene,",ɪntɚ'vin",,v.干涉；调停；插入,专四
interviewer,'ɪntɚvjuɚ,,n.采访者；会见者；面谈者；进行面试者,专四
intestine,ɪn'tɛstɪn,,a.内部的；国内的 n.肠,专四
intimate,ˈɪntəmɪt,,a.亲密的；私人的；精通的；有性关系的 n.知己；至交 v.暗示；通知；宣布,专四
intonation,",ɪntə'neʃən",,n.声调，语调；语音的抑扬,专四
intricate,'ɪntrɪkət,,a.复杂的；错综的，缠结的,专四
introduce,ˌɪntrə'dus,,v.介绍；引进；提出；采用,专四
introductory,",ɪntrə'dʌktəri",,a.引导的，介绍的；开端的,专四
intrude,ɪn'trʊd,,v.把…强加；把…硬挤,专四
invade,ɪn'ved,,v.侵略；侵袭；侵扰；涌入,专四
invalid,ˈɪnvəlɪd；ɪnˈvælɪd,,a.无效的；有病的；残废的 n.病人；残废者 v.使伤残；使退役,专四
invaluable,ɪn'væljʊəbl,,a.无价的；非常贵重的,专四
invariable,ɪn'vɛrərɪəbl,,a.不变的；常数的 n.常数；不变的东西,专四
invariably,ɪn'vɛrɪəbli,,ad.总是；不变地；一定地,专四
invasion,ɪn'veʒn,,n.入侵，侵略；侵袭；侵犯,专四
inventive,ɪn'vɛntɪv,,a.发明的；有发明才能的；独出心裁的,专四
inventory,'ɪnvəntɔri,,n.存货，存货清单；详细目录；财产清册,专四
invert,'ɪnvɝt,,v.使…转化；使…颠倒；使…反转；使…前后倒置 n.颠倒的事物；倒置物；倒悬者 a.转化的,专四
invest,ɪn'vɛst,,v.投资；覆盖；耗费；授予；包围,专四
investigate,ɪn'vɛstɪɡet,,v.调查；研究,专四
inviolable,ɪn'vaɪələbl,,a.不可侵犯的；神圣的；不可亵渎的,专四
inviting,ɪn'vaɪtɪŋ,,a.诱人的；有魅力的 v.邀请（invite的ing形式）,专四
involve,ɪn'vɑlv,,v.包含；牵涉；使陷于；潜心于,专四
involved,ɪn'vɑlvd,,a.有关的；卷入的；复杂的 v.涉及；使参与；包含（involve的过去式和过去分词）,专四
inward,'ɪnwɚd,,a.向内的；内部的；精神的；本质上的；熟悉的 ad.向内；内心里 n.内部；内脏；密友,专四
ironic,aɪ'rɑnɪk,,a.讽刺的；反话的,专四
irritate,'ɪrɪtet,,v.刺激，使兴奋；激怒,专四
irritation,",ɪrə'teʃən",,n.刺激；激怒，恼怒，生气；兴奋；令人恼火的事,专四
Islam,'izlɑ:m,,n.伊斯兰教,专四
isle,aɪl,,n.岛 vt.使成为岛屿 vi.住在岛屿上,专四
isolate,aɪslˌet,,v.使隔离；使孤立；使绝缘 n.[生物] 隔离种群 a.隔离的；孤立的,专四
Israel,ˈɪzrɪəl,,n.以色列（亚洲国家）；犹太人，以色列人,专四
Israeli,iz'reili,,a.以色列的；以色列人的 n.以色列人,专四
issue,'ɪʃu,,n.问题；流出；期号；发行物 v.发行，发布；发给；放出，排出,专四
italic,ɪ'tælɪk,,n.斜体字（或字母、数码等） a.[印刷] 斜体的,专四
item,'aɪtəm,,n.条款，项目；一则；一件商品（或物品） a.又，同上 v.记下；逐条列出,专四
ivory,'aɪvəri,,n.象牙；乳白色；长牙 a.乳白色的；象牙制的,专四
jack,dʒæk,,n.千斤顶；[电] 插座；男人 v.增加；提醒；抬起；用千斤顶顶起某物 a.雄的,专四
jade,dʒed,,n.翡翠；[宝] 碧玉；老马 a.玉制的；绿玉色的 v.疲倦,专四
jam,dʒæm,,n.果酱；拥挤；困境；扣篮 v.使堵塞；挤进，使塞满；混杂；压碎,专四
janitor,'dʒænɪtɚ,,n.看门人；守卫；门警,专四
jealous,'dʒɛləs,,a.妒忌的；猜疑的；唯恐失去的；戒备的,专四
jelly,'dʒɛli,,n.果冻；胶状物 v.成胶状,专四
jerk,dʒɝk,,n.肌肉抽搐；性情古怪的人；蠢人；急拉 v.痉挛；急拉；颠簸地行进,专四
Jesus,'dʒizəs,,n.耶稣（上帝之子）；杰西（男子名）,专四
Jew,dʒu:,,n.犹太人；犹太教徒；守财奴 vt.欺骗；杀价,专四
jeweler,'dʒuələ,,n.珠宝商；宝石匠；钟表匠；钟表商,专四
joint,dʒɔɪnt,,n.关节；接缝；接合处，接合点；（牛，羊等的腿）大块肉 a.共同的；连接的；联合的，合办的 v.连接，贴合；接合；使有接头,专四
jolly,'dʒɑli,,a.愉快的；欢乐的；宜人的 ad.很；非常 v.（口）用好话劝某人做…；（口）用好话使高兴 n.(Jolly)人名；(法)若利；(英、印)乔利；(德)约利,专四
journal,'dʒɝnl,,n.日报，杂志；日记；分类账,专四
joyful,'dʒɔɪfl,,a.欢喜的；令人高兴的,专四
judicial,dʒʊ'dɪʃəl,,a.公正的，明断的；法庭的；审判上的,专四
jug,dʒʌɡ,,n.[轻] 水壶；监牢 v.关押；放入壶中,专四
junction,'dʒʌŋkʃən,,n.连接，接合；交叉点；接合点,专四
junk,dʒʌŋk,,n.垃圾，废物；舢板,专四
Jupiter,'dʒʊpətɚ,,n.[天] 木星；朱庇特（罗马神话中的宙斯神）,专四
jury,'dʒʊri,,n.[法] 陪审团；评判委员会 a.应急的,专四
justify,'dʒʌstə'fai,,v.证明合法；整理版面,专四
kaleidoscope,kə'laɪdəskop,,n.万花筒；千变万化,专四
Karaoke,",kærɪ'oki",,n.卡拉OK；卡拉OK录音，自动伴奏录音,专四
karat,'kærət,,n.开（黄金成色单位）；克拉（宝石的重量单位，等于carat）,专四
keen,kin,,a.敏锐的，敏捷的；渴望的；强烈的；热心的；锐利的 n.痛哭，挽歌,专四
keep,kip,,v.保持；经营；遵守；饲养 n.保持；生计；生活费,专四
kennel,'kɛnl,,n.狗屋；养狗场；[建] 阴沟；一群狗 v.把…关进狗舍；宿于狗舍,专四
kerosene,'kɛrəsin,,n.煤油，火油,专四
ketchup,'kɛtʃəp,,n.番茄酱,专四
keynote,'kinot,,n.基调；主旨；主音 v.给…定基调；说明基本政策,专四
khaki,'kɑki,,n.卡其色；卡其布 a.卡其色的；黄褐色的；卡其布做的,专四
kid,kɪd,,n.小孩；小山羊 v.欺骗；取笑；戏弄 a.小山羊皮制的；较年幼的,专四
kidnap,'kɪdnæp,,v.绑架；诱拐；拐骗,专四
kidney,'kɪdni,,n.[解剖] 肾脏；腰子；个性,专四
kilobyte,'kɪləbaɪt,,n.[计] 千字节，1024字节,专四
kindle,'kɪndl,,v.点燃；激起；照亮,专四
kiosk,'kiɑsk,,abstract.:【网络】自助服务终端；一体机；Kiosk (KDE)；小卖部,专四
kit,kɪt,,n.工具箱；成套工具 v.装备,专四
kitten,'kɪtn,,n.小猫；小动物 v.产小猫,专四
knapsack,'næpsæk,,n.背包,专四
kneel,nil,,v.跪下，跪,专四
knight,naɪt,,n.骑士，武士；爵士 v.授以爵位,专四
knighthood,'naɪthʊd,,n.骑士；骑士身份,专四
knit,nɪt,,v.编织；结合；皱眉 n.编织衣物；编织法,专四
knob,nɑb,,n.把手；瘤；球形突出物 vi.鼓起 vt.使有球形突出物,专四
knock,nɑk,,v.敲；打；敲击 n.敲；敲打；爆震声,专四
knot,nɑt,,n.（绳等的）结；节瘤，疙瘩；海里/小时（航速单位） v.打结,专四
knowledgeable,'nɑlɪdʒəbl,,a.知识渊博的，有知识的；有见识的；聪明的,专四
knuckle,'nʌkl,,n.关节；指关节；指节；膝关节；肘 v.开始认真工作,专四
Koran,kɔ'rɑ:n,,n.《可兰经》，《古兰经》（伊斯兰教）,专四
kowtow,",kaʊ'taʊ",,v.叩头；卑躬屈膝 n.叩头,专四
label,ˈlebəl,,v.标注；贴标签于 n.标签；商标；签条,专四
lace,les,,n.花边；鞋带；饰带；少量烈酒 v.饰以花边；结带子,专四
lad,læd,,n.少年，小伙子；家伙,专四
ladybird,'ledɪbɝd,,n.瓢虫,专四
lag,læɡ,,n.落后；迟延；防护套；囚犯；桶板 v.落后于；押往监狱；加上外套 a.最后的,专四
landlady,'lændledi,,n.女房东；女地主；女店主,专四
landlord,'lændlɔrd,,n.房东，老板；地主,专四
landmark,'lændmɑrk,,n.[航]陆标；地标；界标；里程碑；纪念碑；地界标；划时代的事 a.有重大意义或影响的,专四
landowner,'lændonɚ,,n.地主，土地所有者,专四
landscape,'lænd'skep,,n.风景；风景画；景色；山水画；乡村风景画；地形；（文件的）横向打印格式 v.对…做景观美化，给…做园林美化；从事庭园设计,专四
lane,len,,n.小巷；[航][水运] 航线；车道；罚球区,专四
lap,læp,,n.一圈；膝盖；下摆；山坳 v.使重叠；拍打；包围,专四
laptop,'læptɑp,,n.膝上型轻便电脑，笔记本电脑,专四
lark,lɑrk,,n.云雀；百灵鸟；欢乐 v.骑马玩乐；嬉耍,专四
larva,'lɑrvə,,n.[水产] 幼体，[昆] 幼虫,专四
lash,læʃ,,v.鞭打；冲击；摆动；扎捆；煽动；讽刺 n.鞭打；睫毛；鞭子；责骂；讽刺,专四
lass,læs,,n.小姑娘；情侣；（苏格兰）女佣,专四
last,læst,,n.末尾，最后；上个；鞋楦（做鞋的模型） a.最后的；最近的，最新的；仅剩的；最不可能…的 v.持续；维持，够用；持久 ad.最后地；上次，最近；最后一点,专四
lasting,'læstɪŋ,,a.持久的；永恒的 n.[纺] 厚实斜纹织物 v.持续；维持（last的ing形式）,专四
lastly,'læstli,,ad.最后，终于,专四
latent,'letnt,,a.潜在的；潜伏的；隐藏的,专四
later,'letɚ,,ad.后来；稍后；随后 a.更迟的；更后的 n.(Later)人名；(德)拉特,专四
latest,'letɪst,,ad.最迟地；最后地 n.最新的事物 a.最新的，最近的；最迟的，最后的,专四
Latin,'lætn,,a.拉丁语的；拉丁人的 n.拉丁语；拉丁人,专四
latitude,'lætɪtud,,n.纬度；界限；活动范围,专四
latter,'lætɚ,,a.后者的；近来的；后面的；较后的 n.(Latter)人名；(英、德、捷)拉特,专四
launch,lɔntʃ,,v.发射（导弹、火箭等）；发起，发动；使…下水 n.发射；发行，投放市场；下水；汽艇,专四
laureate,'lɔrɪət,,a.戴桂冠的；荣誉的 n.桂冠诗人；得奖者 vt.使戴桂冠,专四
lava,'lɑvə,,n.火山岩浆；火山所喷出的熔岩,专四
lawful,'lɔfl,,a.合法的；法定的；法律许可的,专四
lawn,lɔn,,n.草地；草坪,专四
layer,'leɪr,,n.层，层次；膜；[植]压条；放置者，计划者 v.把…分层堆放；借助压条法；生根繁殖；将（头发）剪成不同层次,专四
layoff,"'le,ɔf",,n.活动停止期间；临时解雇；操作停止；失业期,专四
lb,,,abbr.救生船（Lifeboat）,专四
leadership,'lidɚʃɪp,,n.领导能力；领导阶层,专四
leak,lik,,n.泄漏；漏洞，裂缝 v.使渗漏，泄露,专四
lean,lin,,v.倾斜；倚靠；倾向；依赖 a.瘦的；贫乏的，歉收的 n.瘦肉；倾斜；倾斜度,专四
leap,lip,,v.跳，跳跃 n.飞跃；跳跃,专四
learning,'lɝnɪŋ,,n.学习；学问 v.学习（learn的现在分词）,专四
lease,lis,,n.租约；租期；租赁物；租赁权 v.出租；租得,专四
leave,liv,,v.离开；留下；遗忘；委托 n.许可，同意；休假,专四
lecturer,'lɛktʃərɚ,,n.讲师，演讲者,专四
leftovers,'leftəuvə,,n.遗留；剩余物；吃剩的食物（leftover的复数形式）,专四
legacy,'lɛgəsi,,n.遗赠，遗产,专四
legal,'ligl,,a.法律的；合法的；法定的；依照法律的 n.(Legal)人名；(法)勒加尔,专四
legend,'lɛdʒənd,,n.传奇；说明；图例；刻印文字,专四
legion,'li:dʒən,,n.（古罗马）军团；众多；军队 a.众多的；大量的,专四
legislation,",lɛdʒɪs'leʃən",,n.立法；法律,专四
legitimate,ləˈdʒɪtəmɪt,,a.合法的；正当的；合理的；正统的 v.使合法；认为正当（等于legitimize）,专四
leisure,'liʒɚ,,n.闲暇；空闲；安逸 a.空闲的；有闲的；业余的,专四
lengthen,'lɛŋθən,,v.使延长；加长,专四
lens,lɛnz,,n.透镜，镜头；眼睛中的水晶体；晶状体；隐形眼镜；汽车的灯玻璃 vt.给……摄影,专四
leopard,'lɛpɚd,,n.豹；美洲豹,专四
lessen,'lɛsn,,v.使…变小；使…减轻；使…变少 n.(Lessen)人名；(德、罗)莱森,专四
lest,lɛst,,conj.唯恐，以免；担心,专四
lettuce,'lɛtɪs,,n.[园艺] 生菜；莴苣；（美）纸币,专四
leukemia,lʊ'kimɪə,,n.[内科][肿瘤] 白血病,专四
lever,'lɛvɚ,,n.杠杆；控制杆 v.用杠杆撬动；把…作为杠杆,专四
levy,'lɛvi,,n.征收；征兵，征税 v.征收（税等）；征集（兵等）,专四
liable,'laɪəbl,,a.有责任的，有义务的；应受罚的；有…倾向的；易…的,专四
liaison,lɪ'ezɑn,,n.联络；（语言）连音,专四
liberty,'lɪbɚti,,n.自由；许可；冒失,专四
lichen,'laɪkən,,n.地衣；青苔 vt.使长满地衣,专四
lick,lɪk,,v.舔；卷过；鞭打 n.舔；打；少许,专四
lieutenant,lu'tɛnənt,,n.中尉；副官；助理人员,专四
lighter,'laɪtɚ,,n.打火机；驳船；点火者 v.驳运 a.明亮的；光明的；照明好的；光线充足的,专四
lighthouse,'laɪthaʊs,,n.灯塔,专四
lightly,'laɪtli,,ad.轻轻地；轻松地；容易地；不费力地,专四
likelihood,'laɪklɪhʊd,,n.可能性，可能,专四
likewise,'laɪkwaɪz,,ad.同样地；也,专四
lily,'lɪli,,n.百合花，百合；类似百合花的植物；洁白之物 a.洁白的，纯洁的,专四
limb,lɪm,,n.肢，臂；分支；枝干 vt.切断…的手足；从…上截下树枝,专四
lime,laɪm,,n.石灰；酸橙；绿黄色 v.撒石灰于；涂粘鸟胶于 a.绿黄色的,专四
limestone,'laɪmston,,n.[岩] 石灰岩,专四
limit,'lɪmɪt,,n.限制；限度；界线 v.限制；限定,专四
limited,'lɪmɪtɪd,,a.有限的 n.高级快车,专四
limousine,'lɪməzin,,n.豪华轿车；大型豪华轿车,专四
limp,lɪmp,,a.柔软的，无力的；软弱的 v.跛行，一拐一拐地走；缓慢费力地前进 n.跛行,专四
linear,'lɪnɪɚ,,a.线的，线型的；直线的，线状的；长度的,专四
linen,'lɪnɪn,,n.亚麻布，亚麻线；亚麻制品 a.亚麻的；亚麻布制的,专四
liner,'laɪnɚ,,n.班轮，班机；衬垫；画线者,专四
linger,'lɪŋɡɚ,,v.徘徊；苟延残喘；磨蹭 n.(Linger)人名；(德、捷、瑞典)林格；(法)兰热,专四
linguistics,lɪŋ'ɡwɪstɪks,,n.语言学,专四
lioness,'laɪənɛs,,n.母狮子；雌狮,专四
lipstick,'lɪpstɪk,,n.口红；唇膏 v.涂口红,专四
liquor,'lɪkɚ,,n.酒，含酒精饮料；溶液；液体；烈酒 vi.喝酒，灌酒 vt.使喝醉,专四
literacy,'lɪtərəsi,,n.读写能力；精通文学,专四
litter,'lɪtɚ,,n.垃圾；轿，担架；一窝（动物的幼崽）；凌乱 v.乱丢；给…垫褥草；把…弄得乱七八糟,专四
livelihood,'laɪvlɪhʊd,,n.生计，生活；营生,专四
liver,'lɪvɚ,,n.肝脏；生活者，居民,专四
livestock,'laɪvstɑk,,n.牲畜；家畜,专四
lizard,'lɪzɚd,,n.蜥蜴；类蜥蜴爬行动物,专四
loaded,'lodɪd,,a.负荷的；装填子弹的；装好胶卷的；喝醉了的（美国俚语）；阔绰的（美国俚语） v.装载（load的变形）,专四
loaf,lof,,n.条，一条面包；块；游荡 v.游荡；游手好闲；虚度光阴,专四
lobby,'lɑbi,,n.大厅；休息室；会客室；游说议员的团体 v.对……进行游说,专四
lobster,'lɑbstɚ,,n.龙虾,专四
locate,ˈloˌket; loˈket,,v.位于；查找…的地点,专四
locker,'lɑkɚ,,n.柜，箱；上锁的人；有锁的橱柜；锁扣装置；有锁的存物柜,专四
locomotive,",lokə'motɪv",,a.火车头的；运动的；移动的 n.机车；火车头,专四
lodge,lɑdʒ,,n.旅馆；门房；集会处；山林小屋 v.提出；寄存；借住；嵌入,专四
lofty,'lɔfti,,a.高的；崇高的；高级的；高傲的 n.(Lofty)人名；(英)洛夫蒂,专四
log,lɔɡ,,v.伐木 n.记录；航行日志；原木,专四
logic,'lɑdʒɪk,,n.逻辑；逻辑学；逻辑性 a.逻辑的,专四
lonesome,'lonsəm,,a.寂寞的；人迹稀少的 n.自己,专四
longevity,lɔn'dʒɛvəti,,n.长寿，长命；寿命,专四
longitude,'lɑndʒətud,,n.[地理] 经度；经线,专四
loom,lum,,n.织布机；若隐若现的景象 v.可怕地出现；朦胧地出现；隐约可见,专四
loop,lup,,v.打环；翻筋斗 n.环；圈；弯曲部分；翻筋斗,专四
loosen,'lusn,,v.放松；松开 n.(Loosen)人名；(德)洛森,专四
lord,lɔrd,,n.主；上帝 int.主，天啊 v.使成贵族,专四
loss,lɔs,,n.减少；亏损；失败；遗失,专四
lottery,'lɑtəri,,n.彩票；碰运气的事，难算计的事；抽彩给奖法,专四
lover,'lʌvɚ,,n.爱人，恋人；爱好者,专四
loyal,'lɔɪəl,,a.忠诚的，忠心的；忠贞的 n.效忠的臣民；忠实信徒,专四
luck,lʌk,,n.运气；幸运；带来好运的东西 v.靠运气，走运；凑巧碰上,专四
lumber,'lʌmbɚ,,v.伐木；喧闹地向前走；笨重地行动，缓慢地移动 n.木材；废物，无用的杂物；隆隆声,专四
lump,lʌmp,,n.块，块状；肿块；瘤；很多；笨人 v.混在一起；使成块状；忍耐；笨重地移动 a.成团的；总共的 ad.很；非常,专四
lunar,'lunɚ,,a.月亮的，月球的；阴历的；银的；微亮的 n.(Lunar)人名；(西)卢纳尔,专四
lunatic,'lʊnə'tɪk,,a.疯狂的；精神错乱的；愚蠢的 n.疯子；疯人,专四
luncheon,'lʌntʃən,,n.午宴；正式的午餐会,专四
luster,'lʌstɚ,,n.[光] 光泽；光彩 vi.有光泽；发亮 vt.使有光泽,专四
lute,lut,,n.琵琶 vi.弹诗琴 vt.弹诗琴表达；用封泥封,专四
luxury,'lʌɡʒəri,,n.奢侈，奢华；奢侈品；享受 a.奢侈的,专四
machinery,mə'ʃinəri,,n.机械；机器；机构；机械装置,专四
mackintosh,'mækɪntɒʃ,,n.橡皮布防水衣；橡皮布,专四
magical,'mædʒɪkl,,a.魔术的；有魔力的,专四
magnesium,mæg'nizɪrm,,n.[化学] 镁,专四
magnetic,mæg'nɛtɪk,,a.地磁的；有磁性的；有吸引力的,专四
magnify,'mæɡnɪfaɪ,,v.放大；赞美；夸大,专四
mahogany,mə'hɑgəni,,n.桃花心木，红木；红褐色,专四
maiden,'medn,,a.未婚的，处女的；初次的 n.少女；处女,专四
mainstream,'menstrim,,n.主流,专四
maintain,men'ten,,v.维持；继续；维修；主张；供养,专四
maize,mez,,a.黄色的，玉米色的 n.玉米；黄色，玉米色,专四
majesty,'mædʒəsti,,n.威严；最高权威，王权；雄伟；权威,专四
major,'medʒɚ,,a.主要的；重要的；主修的；较多的 n.[人类] 成年人；主修科目；陆军少校 v.主修,专四
make,mek,,v.使得；进行；布置，准备，整理；制造；认为；获得；形成；安排；引起；构成 n.制造；构造；性情,专四
malady,'mælədi,,n.弊病；疾病；腐败,专四
malaria,mə'lɛrɪə,,n.[内科] 疟疾；瘴气,专四
malice,'mælɪs,,n.恶意；怨恨；预谋,专四
mall,mɔl,,n.购物商场；林荫路；铁圈球场,专四
maltreat,",mæl'trit",,v.虐待；滥用；粗暴对待,专四
mammal,'mæml,,n.[脊椎] 哺乳动物,专四
management,'mænɪdʒmənt,,n.管理；管理人员；管理部门；操纵；经营手段,专四
mango,'mæŋɡo,,n.[园艺] 芒果,专四
manifold,'mænɪfold,,v.复写，复印；增多；使……多样化 a.多方面的，有许多部分的；各式各样的 n.多种；复印本,专四
manipulate,mə'nɪpjulet,,v.操纵；操作；巧妙地处理；篡改,专四
manly,'mænli,,a.男子气概的；强壮的；适于男人的 ad.雄赳赳地 n.(Manly)人名；(英)曼利,专四
manoeuvre,mə'nu:və,,v.调动；演习；用策略 n.策略（等于maneuvre）,专四
manpower,'mænpaʊɚ,,n.人力；人力资源；劳动力,专四
mansion,'mænʃən,,n.大厦；宅邸,专四
manual,'mænjuəl,,a.手工的；体力的 n.手册，指南,专四
manufacture,'mænjə'fæktʃɚ,,n.制造；产品；制造业 v.制造；加工；捏造,专四
margarine,'mɑrdʒərən,,n.人造黄油；人造奶油,专四
margin,'mɑrdʒən,,n.边缘；利润，余裕；页边的空白 vt.加边于；加旁注于,专四
marine,mə'rin,,a.船舶的；海生的；海产的；航海的，海运的 n.海运业；舰队；水兵；（海军）士兵或军官,专四
mark,mɑːk,,n.标志；马克；符号；痕迹；分数 v.作记号,专四
marked,mɑrkt,,a.显著的；有记号的 v.表示（mark的过去分词）；作记号；打分数,专四
marketing,'mɑrkɪtɪŋ,,n.行销，销售 v.出售；在市场上进行交易；使…上市（market的ing形式）,专四
marmalade,'mɑrməled,,n.橘子或柠檬等水果制成的果酱 vt.涂橘子或柠檬酱于… a.橘子酱色的,专四
marrow,'mæro,,n.髓，骨髓；精华；活力,专四
Mars,mɑrz,,n.战神；[天] 火星,专四
marsh,mɑrʃ,,n.沼泽；湿地 a.沼泽的；生长在沼泽地的,专四
marshal,'mɑrʃəl,,n.元帅；司仪 v.整理；引领；编列,专四
martyr,'mɑrtɚ,,v.牺牲；折磨；杀害 n.烈士；殉道者,专四
marvel,'mɑrvl,,n.奇迹 v.对…感到惊异,专四
Marxism,'ma:ksizəm,,n.马克思主义 a.马克思的；马克思主义的,专四
masculine,'mæskjəlɪn,,a.男性的；阳性的；男子气概的 n.男性；阳性，阳性词,专四
mason,'mesn,,n.泥瓦匠；共济会会员（等于freemason） vt.用砖瓦砌成,专四
mass,mæs,,n.块，团；群众，民众；大量，众多；质量 a.群众的，民众的；大规模的，集中的 v.聚集起来，聚集,专四
massacre,'mæsəkɚ,,v.残杀；彻底击败 n.大屠杀；惨败,专四
massage,mə'sɑʒ,,v.按摩；揉 n.按摩；揉,专四
massive,'mæsɪv,,a.大量的；巨大的，厚重的；魁伟的,专四
mast,mæst,,n.桅杆；柱；橡树果实 vt.在…上装桅杆,专四
masterpiece,'mæstəpis,,n.杰作；绝无仅有的人,专四
mate,met,,n.助手，大副；配偶；同事；配对物 v.使配对；使一致；结伴,专四
materialism,mə'tɪrɪəlɪzəm,,n.唯物主义；唯物论；物质主义,专四
maternal,mə'tɝnl,,a.母亲的；母性的；母系的；母体遗传的,专四
maternity,mə'tɝnəti,,n.母性，母道；[妇产] 妇产科医院 a.产科的；产妇的，孕妇的,专四
mathematical,",mæθə'mætɪkl",,a.数学的，数学上的；精确的,专四
mathematician,",mæθəmə'tɪʃən",,n.数学家,专四
mattress,'mætrəs,,n.床垫；褥子；空气垫,专四
mature,mə'tʃʊr,,a.成熟的；充分考虑的；到期的；成年人的 v.成熟；到期,专四
mayor,'meɚ,,n.市长,专四
meadow,'mɛdo,,n.草地；牧场,专四
mean,min,,a.平均的；卑鄙的；低劣的；吝啬的 v.意味；想要；意欲 n.平均值,专四
means,minz,,n.手段；方法；财产 v.意思是；打算（mean的第三人称单数） [ 复数means ],专四
meantime,'min'taɪm,,n.其时，其间 ad.同时；其间,专四
mechanical,mɪ'kænɪkəl,,a.机械的；力学的；呆板的；无意识的；手工操作的,专四
media,'miːdɪə,,n.媒体；媒质（medium的复数）；血管中层；浊塞音；中脉,专四
medieval,",midɪ'ivəl",,a.中世纪的；原始的；仿中世纪的；老式的,专四
Mediterranean,",mɛdətə'renɪən",,n.地中海 a.地中海的,专四
medium,'midɪəm,,a.中间的，中等的；半生熟的 n.方法；媒体；媒介；中间物,专四
melancholy,'mɛlənkɑli,,a.忧郁的；使人悲伤的 n.忧郁；悲哀；愁思,专四
melody,'mɛlədi,,n.旋律；歌曲；美妙的音乐,专四
membership,'mɛmbɚʃɪp,,n.资格；成员资格；会员身份,专四
memo,'mɛmo,,n.备忘录,专四
memoir,'mɛmwɑr,,n.回忆录；研究报告；自传；实录,专四
memorise,'meməraɪz,,v.（英）记忆；存储（等于memorize）,专四
mentality,mɛn'tæləti,,n.心态；[心理] 智力；精神力；头脑作用,专四
mention,'mɛnʃən,,v.提到，谈到；提及，论及；说起 n.提及，说起,专四
merchandise,'mɝtʃəndaɪs,,n.商品；货物 v.买卖；推销,专四
merciless,'mə:silis,,a.残忍的；无慈悲心的,专四
mercury,,,n.[化]汞，水银,专四
mere,mɪr,,a.仅仅的；只不过的 n.小湖；池塘,专四
merge,mɝdʒ,,v.合并；使合并；吞没 n.(Merge)人名；(意)梅尔杰,专四
merit,'mɛrɪt,,n.优点，价值；功绩；功过 v.值得,专四
messenger,'mɛsndʒɚ,,n.报信者，送信者；先驱,专四
metallic,mə'tælɪk,,a.金属的，含金属的,专四
metaphor,'mɛtəfɚ,,n.暗喻，隐喻；比喻说法,专四
metric,'mɛtrɪk,,a.公制的；米制的；公尺的 n.度量标准,专四
metropolis,mə'trɑpəlɪs,,n.大都市；首府；重要中心,专四
Mexican,'mɛksɪkən,,a.墨西哥的；墨西哥人的 n.墨西哥人；墨西哥语,专四
microchip,'maɪkrotʃɪp,,n.微型集成电路片，微芯片,专四
mid,mɪd,,a.中间的；中央的 prep.在…之中 n.(Mid)人名；(柬)米,专四
middle,'mɪdl,,a.中间的，中部的；中级的，中等的 n.中间，中央；腰部,专四
midst,mɪdst,,n.当中，中间 prep.在…中间（等于amidst）,专四
mighty,'maɪti,,a.有力的；强有力的；有势力的 ad.很；极；非常 n.有势力的人,专四
milestone,'maɪlston,,n.里程碑，划时代的事件,专四
military,'mɪlətɛri,,a.军事的；军人的；适于战争的 n.军队；军人,专四
mill,mɪl,,v.乱转；被碾磨 n.工厂；磨坊；磨粉机；制造厂；压榨机,专四
millennium,məˈlɛniəm,,n.千年期，千禧年；一千年，千年纪念；太平盛世，黄金时代,专四
milligramme,'miligræm,,n.毫克（等于milligram）；公厘,专四
millimetre,"'mili,mi:tə",,n.毫米；公厘,专四
miner,'maɪnɚ,,n.矿工；开矿机,专四
miniature,ˈmɪniətʃɚ; ˈmɪnɪtʃɚ,,a.微型的，小规模的 n.缩图；微型画；微型图画绘画术 vt.是…的缩影,专四
minimum,'mɪnɪməm,,n.最小值；最低限度；最小化；最小量 a.最小的；最低的,专四
ministry,'mɪnɪstri,,n.（政府的）部门,专四
minor,'maɪnɚ,,a.未成年的；次要的；较小的；小调的；二流的 n.未成年人；小调；副修科目 v.副修,专四
minority,maɪ'nɔrəti,,n.少数民族；少数派；未成年 a.少数的；属于少数派的,专四
mint,mɪnt,,n.薄荷；[金融] 造币厂，巨款 v.铸造，铸币 a.完美的,专四
minute,'mɪnɪt,,n.分，分钟；片刻，一会儿；备忘录，笔记；会议记录 v.将…记录下来 a.微小的，详细的 [maɪˈnjuːt; US -ˈnuːt; maɪˋnut],专四
miracle,'mɪrəkl,,n.奇迹，奇迹般的人或物；惊人的事例,专四
mischief,'mɪstʃɪf,,n.恶作剧；伤害；顽皮；不和,专四
mischievous,'mɪstʃɪvəs,,a.淘气的；（人、行为等）恶作剧的；有害的,专四
miser,'maɪzɚ,,n.守财奴；吝啬鬼；（石油工程上用的）凿井机,专四
miserly,'maizəli,,a.吝啬的；贪婪的,专四
misery,'mɪzəri,,n.痛苦，悲惨；不幸；苦恼；穷困,专四
misfortune,'mɪs'fɔrtʃən,,n.不幸；灾祸，灾难,专四
misgiving,",mis'ɡiviŋ",,n.担忧；疑虑；不安 v.担忧；使…疑虑；害怕（misgive的ing形式）,专四
misguided,",mɪs'ɡaɪdɪd",,a.被误导的 v.使入歧途（misguide的过去分词）,专四
mislead,'mɪs'lid,,v.误导；带错,专四
missing,'mɪsɪŋ,,a.失踪的；缺少的 v.错过（miss的ing形式）；想念；漏掉 n.(Missing)人名；(德)米辛,专四
mission,'mɪʃən,,n.使命，任务；代表团；布道 vt.派遣；向……传教,专四
mistress,'mɪstrəs,,n.情妇；女主人；主妇；女教师；女能人,专四
misty,'mɪsti,,a.模糊的；有雾的 n.(Misty)人名；(英)米斯蒂，米丝蒂(女名)；(法)米斯蒂,专四
misunderstanding,",mɪsʌndɚ'stændɪŋ",,n.误解；误会；不和,专四
mixer,'mɪksɚ,,n.混合器；搅拌器；[电子] 混频器,专四
moan,mon,,v.抱怨，悲叹；呻吟 n.呻吟声；悲叹,专四
mob,mɑb,,n.暴民，暴徒；民众；乌合之众 v.大举包围，围攻；蜂拥进入,专四
mobility,mo'bɪləti,,n.移动性；机动性；[电子] 迁移率,专四
mock,mɑk,,n.英国模拟考试（mocks） v.愚弄，嘲弄 a.仿制的，模拟的，虚假的，不诚实的,专四
mode,mod,,n.模式；方式；风格；时尚,专四
modem,'mo'dɛm,,n.调制解调器（等于modulator-demodulator）,专四
moderate,"ˈmɑdərɪt; (for v.,) ˈmɑdərˌeɪt",,a.稳健的，温和的；适度的，中等的；有节制的 v.变缓和，变弱,专四
modernise,'mɔdənaiz,,v.现代化（等于modernize）,专四
modesty,'mɑdəsti,,n.谦逊；质朴；稳重,专四
modify,'mɑdɪfaɪ,,v.修改，修饰；更改,专四
moist,mɔɪst,,a.潮湿的；多雨的；含泪的 n.潮湿,专四
mole,mol,,n.鼹鼠；痣；防波堤；胎块；间谍,专四
molecule,'mɑlɪkjul,,n.[化学] 分子；微小颗粒，微粒,专四
moment,'momənt,,n.片刻，瞬间，时刻；重要，契机,专四
monarchy,'mɑnɚki,,n.君主政体；君主国；君主政治,专四
monastery,'mɑnəstɛri,,n.修道院；僧侣,专四
monetary,'mʌnɪtɛri,,a.货币的；财政的,专四
Mongolian,,,n.蒙古人；蒙古语 a.蒙古人的；蒙古语的,专四
monk,mʌŋk,,n.僧侣，修道士；和尚,专四
monologue,'mɑnəlɔɡ,,n.独白,专四
monopoly,mə'nɑpəli,,n.垄断；垄断者；专卖权,专四
monotonous,mə'nɑtənəs,,a.单调的，无抑扬顿挫的；无变化的,专四
monster,'mɑnstɚ,,n.怪物；巨人，巨兽；残忍的人 a.巨大的，庞大的,专四
mood,mud,,n.情绪，语气；心境；气氛,专四
moonlight,'munlaɪt,,a.月夜的；有月光的 n.月光 v.兼职，夜袭,专四
moor,mɔː; mʊə,,v.系住；使停泊 n.沼泽；荒野,专四
morale,mə'ræl,,n.士气，斗志,专四
morality,məˈræləti,,n.道德；品行，美德,专四
moreover,mɔr'ovɚ,,ad.而且；此外,专四
mortal,'mɔrtl,,a.凡人的；致死的；终有一死的；不共戴天的 n.人类，凡人,专四
mosque,mɑsk,,n.清真寺,专四
moss,mɔs,,n.苔藓；泥沼 vt.使长满苔藓,专四
most,most,,ad.最；非常，极其；最多；几乎 a.大部分的，多数的；最多的 n.大部分，大多数,专四
mostly,'mostli,,ad.主要地；通常；多半地,专四
motel,mo'tɛl,,n.汽车旅馆,专四
moth,mɔθ,,n.蛾；蛀虫,专四
motion,'moʃən,,n.动作；移动；手势；请求；意向；议案 v.运动；打手势,专四
motivate,'motə'vet,,v.刺激；使有动机；激发…的积极性,专四
motorist,'motərɪst,,n.驾车旅行的人，开汽车的人,专四
motorway,'motɚwe,,n.高速公路，汽车高速公路,专四
mould,məuld,,v.发霉 n.模具；霉,专四
mount,maʊnt,,v.增加；爬上；使骑上马；安装，架置；镶嵌，嵌入；准备上演；成立（军队等） n.山峰；底座；乘骑用马；攀，登；运载工具；底座,专四
move,muv,,n.移动；步骤；迁居；策略 v.移动；搬家，迁移；离开,专四
moving,'muvɪŋ,,a.移动的；动人的；活动的 v.移动（move的ing形式）,专四
mow,mo,,n.草堆；皱眉；谷堆 v.割草；收割庄稼,专四
muffle,'mʌfl,,v.蒙住；裹住；抑制；发低沉的声音 n.低沉的声音；消声器；包裹物（如头巾，围巾等）；唇鼻部,专四
mug,mʌɡ,,n.杯子；脸；苦读者 v.扮鬼脸，做怪相,专四
mule,mjul,,n.骡；倔强之人，顽固的人；杂交种动物,专四
multinational,",mʌltɪ'næʃnəl",,a.跨国公司的；多国的 n.跨国公司,专四
multiple,'mʌltəpl,,a.多重的；多样的；许多的 n.倍数；[电] 并联,专四
murmur,'mɝmɚ,,n.低语；低语声；低声抱怨；潺潺声 v.低声说；私下抱怨；发出轻柔持续的声音,专四
muscle,'mʌsl,,n.肌肉；力量 v.加强；使劲搬动；使劲挤出,专四
muslim,ˈmʊzlɪm;ˈmʌzlɪm;ˈmʊzləm;ˈmʌzləm,,n.穆斯林；穆罕默德信徒 a.伊斯兰教的,专四
mute,mjut,,a.哑的；沉默的；无声的 v.减弱……的声音；使……柔和 n.哑巴；弱音器；闭锁音,专四
mutter,'mʌtɚ,,v.咕哝；喃喃自语 n.咕哝；喃喃低语,专四
mutual,'mjutʃuəl,,a.共同的；相互的，彼此的,专四
mystery,ˈmɪstri,,n.秘密，谜；神秘，神秘的事物；推理小说，推理剧；常作 mysteries 秘技，秘诀,专四
myth,mɪθ,,n.神话；虚构的人，虚构的事,专四
naive,naɪ'iv,,"a.天真的,幼稚的",专四
naked,'nekɪd,,a.裸体的；无装饰的；无证据的；直率的,专四
namely,'nemli,,ad.也就是；即是；换句话说,专四
nap,næp,,n.小睡，打盹儿；细毛；孤注一掷 v.使拉毛,专四
napkin,'næpkɪn,,n.餐巾；餐巾纸；尿布,专四
nappy,'næpi,,n.尿布 a.起毛的,专四
narcotic,nɑr'kɑtɪk,,a.麻醉的；有麻醉作用的；催眠的 n.[药] 麻醉药；镇静剂；起麻醉作用的事物,专四
narrate,næret,,v.叙述；给…作旁白,专四
narrow,'næro,,a.狭窄的，有限的；勉强的；精密的；度量小的 n.海峡；狭窄部分，隘路 v.使变狭窄,专四
narrowly,'næroli,,ad.仔细地；勉强地；狭窄地；严密地,专四
nasty,'næsti,,a.下流的；肮脏的；脾气不好的；险恶的 n.令人不快的事物,专四
naughty,'nɔti,,a.顽皮的，淘气的；不听话的；没规矩的；不适当的；下流的,专四
nausea,'nɔzɪə,,n.恶心，晕船；极端的憎恶,专四
naval,'nevl,,a.海军的；军舰的 n.(Naval)人名；(西、德、印)纳瓦尔,专四
navigate,'nævə'get,,v.驾驶，操纵；使通过；航行于,专四
Nazi,"'nɑ:tsi, 'næ-",,n.纳粹党人；纳粹主义信徒 a.纳粹党的；纳粹主义的,专四
necessity,nə'sɛsəti,,n.需要；必然性；必需品,专四
negative,'nɛɡətɪv,,a.[数] 负的；消极的；否定的；阴性的 n.否定；负数；[摄] 底片 v.否定；拒绝,专四
neglect,nɪ'glɛkt,,v.疏忽，忽视；忽略 n.疏忽，忽视；怠慢,专四
neglected,nɪ'ɡlɛktɪd,,a.被忽视的；未被好好照管的 v.忽视；疏忽（neglect的过去分词）,专四
neglectful,nɪ'ɡlɛktfl,,a.疏忽的；忽略的；不小心的,专四
negligent,'nɛɡlɪdʒənt,,a.疏忽的；粗心大意的,专四
negligible,'nɛɡlɪdʒəbl,,a.微不足道的，可以忽略的,专四
negotiate,nɪ'ɡoʃɪet,,v.谈判，商议；转让；越过,专四
Negro,'nigro,,n.黑人 a.黑人的,专四
nerve,nɝv,,n.神经；勇气；[植] 叶脉 v.鼓起勇气,专四
nervousness,'nɝvəsnɪs,,n.神经质；[心理] 神经过敏；紧张不安,专四
neutral,'nʊtrəl,,a.中立的，中性的；中立国的；非彩色的 n.中立国；中立者；非彩色；齿轮的空档,专四
nevertheless,",nɛvɚðə'lɛs",,ad.然而，不过；虽然如此 conj.然而，不过,专四
newly,'nuli,,ad.最近；重新；以新的方式,专四
newscast,'njʊzkæst,,n.新闻广播,专四
nickel,'nɪkl,,n.镍；镍币；五分镍币 v.镀镍于,专四
nickname,'nɪk'nem,,n.绰号；昵称 v.给……取绰号；叫错名字,专四
nightgown,'naɪtɡaʊn,,n.睡衣（等于dressing gown或nightdress）,专四
nightingale,"'naɪtn,gel",,n.夜莺,专四
nightmare,'naɪt'mɛr,,n.恶梦；梦魇般的经历 a.可怕的；噩梦似的,专四
nitrogen,'naɪtrədʒən,,n.[化学] 氮,专四
nobility,no'bɪləti,,n.贵族；高贵；高尚,专四
nominate,'nɑmɪnet,,v.推荐；提名；任命；指定,专四
normal,'nɔrml,,a.正常的；正规的，标准的 n.正常；标准；常态,专四
nostril,'nɑstrəl,,n.鼻孔,专四
notable,'notəbl,,a.值得注意的，显著的；著名的 n.名人，显要人物,专四
notice,'notɪs,,n.通知，布告；注意；公告 v.通知；注意到；留心,专四
noticeable,'notɪsəbl,,a.显而易见的，显著的；值得注意的,专四
notify,'notə'fai,,v.通告，通知；公布,专四
notion,'noʃən,,n.概念；见解；打算,专四
notorious,no'tɔrɪəs,,a.声名狼藉的，臭名昭著的,专四
noun,naʊn,,n.名词,专四
nourish,'nɜrɪʃ,,v.滋养；怀有；使健壮,专四
novel,ˈnɑːvl,,a.新奇的；异常的 n.小说,专四
nuisance,'nusns,,n.讨厌的人；损害；麻烦事；讨厌的东西,专四
numeral,'numərəl,,n.数字 a.数字的；表示数字的,专四
numerous,'numərəs,,a.许多的，很多的,专四
nun,nʌn,,n.修女，尼姑,专四
nutrition,nu'trɪʃən,,n.营养，营养学；营养品,专四
oak,ok,,n.橡树；橡木色；橡木家具 a.栎树的；栎木制的,专四
oar,ɔr,,n.桨；橹；桨手 vt.划（船） vi.划行,专四
oath,oθ,,n.誓言，誓约；诅咒，咒骂,专四
oats,ots,,n.燕麦；燕麦片（oat的复数）；燕麦粥,专四
obedient,oˈbidiənt,,a.顺从的，服从的；孝顺的,专四
object,'ɑbdʒɛkt,,n.目标；物体；客体；宾语 v.提出…作为反对的理由,专四
oblige,ə'blaɪdʒ,,v.迫使；强制；赐，施恩惠；责成；义务,专四
obliging,ə'blaɪdʒɪŋ,,a.乐于助人的；有礼貌的；体贴的；亲切的 v.迫使；约束（oblige的现在分词）,专四
oblivious,ə'blɪvɪəs,,a.遗忘的；健忘的；不注意的；不知道的,专四
oblong,'ɑblɔŋ,,a.椭圆形的；长方形的 n.椭圆形；长方形,专四
obscure,əb'skjʊr,,a.昏暗的，朦胧的；晦涩的，不清楚的；隐蔽的；不著名的，无名的 v.使…模糊不清，掩盖；隐藏；使难理解 n.某种模糊的或不清楚的东西,专四
obscurity,əb'skjʊrəti,,n.朦胧；阴暗；晦涩；身份低微；不分明,专四
observe,əb'zɝv,,v.庆祝,专四
obstacle,'ɑbstəkl,,n.障碍，干扰；妨害物,专四
obstinate,'ɑbstɪnət,,a.顽固的；倔强的；难以控制的,专四
obstruct,əb'strʌkt,,v.妨碍；阻塞；遮断,专四
obtain,əb'ten,,v.获得；流行,专四
occasion,ə'keʒn,,n.时机，机会；场合；理由 v.引起，惹起,专四
occur,ə'kɝ,,v.发生；出现；存在,专四
odd,ɑd,,a.奇数的；古怪的；剩余的；临时的；零散的 n.奇数；怪人；奇特的事物,专四
offence,ə'fɛns,,n.犯罪；违反；过错；攻击,专四
offend,ə'fɛnd,,v.冒犯；使…不愉快,专四
offset,",ɔf'sɛt",,n.抵消，补偿；平版印刷；支管 v.抵消；弥补；用平版印刷术印刷,专四
offspring,'ɔfsprɪŋ,,n.后代，子孙；产物,专四
oily,'ɔɪli,,a.油的；油质的；油滑的；油腔滑调的,专四
olive,'ɑlɪv,,n.橄榄；橄榄树；橄榄色 a.橄榄的；橄榄色的,专四
omen,'omən,,n.预兆；征兆 v.预示；有…的前兆；预告,专四
omit,ə'mɪt,,v.省略；遗漏；删除；疏忽,专四
online,'ɑn'laɪn,,a.联机的；在线的 ad.在线地,专四
onlooker,'ɑnlʊkɚ,,n.旁观者；观众（等于spectator）,专四
only,'onli,,ad.只，仅仅；不料 a.唯一的，仅有的；最合适的 conj.但是；不过；可是,专四
onward,'ɑnwɚd,,a.向前的；前进的 ad.向前；在前面,专四
opening,'opənɪŋ,,n.开始；机会；通路；空缺的职位 a.开始的 v.开放（open的ing形式）；打开；公开,专四
operation,",ɑpə'reʃən",,n.操作；经营；[外科] 手术；[数][计] 运算,专四
opium,'opɪəm,,n.鸦片；麻醉剂 a.鸦片的,专四
opponent,ə'ponənt,,n.对手；反对者；敌手 a.对立的；敌对的,专四
opportunity,"ˌɑpɚˈtunɪti, -ˈtju-",,n.时机，机会,专四
opposition,'ɑpə'zɪʃən,,n.反对；反对派；在野党；敌对,专四
oppress,ə'prɛs,,v.压迫，压抑；使……烦恼；使……感到沉重,专四
optics,'ɑptɪks,,n.[光] 光学,专四
optimal,'ɑptəml,,a.最佳的；最理想的,专四
option,'ɑpʃən,,n.[计] 选项；选择权；买卖的特权,专四
orchard,'ɔrtʃɚd,,n.果园；果树林,专四
ordeal,ɔr'dil,,n.折磨；严酷的考验；痛苦的经验,专四
order,'ɔrdɚ,,n.命令；顺序；规则；[贸易] 定单 v.命令；整理；定购,专四
ore,ɔr,,n.矿；矿石,专四
organ,'ɔrɡən,,n.[生物] 器官；机构；风琴；管风琴；嗓音,专四
orient,'orɪənt,,v.使适应；确定方向；使朝东 n.东方；东方诸国 a.东方的,专四
origin,'ɔrɪdʒɪn,,n.起源；原点；出身；开端,专四
originate,əˈrɪdʒəˌnet,,v.引起；创作,专四
ornament,'ɔrnəmənt,,n.装饰；[建][服装] 装饰物；教堂用品 v.装饰，修饰,专四
orphan,'ɔrfn,,a.孤儿的；无双亲的 n.孤儿 v.使成孤儿,专四
orthodox,'ɔrθədɑks,,a.正统的；传统的；惯常的；东正教的 n.正统的人；正统的事物,专四
ostrich,'ɔstrɪtʃ,,n.鸵鸟；鸵鸟般的人,专四
otherwise,'ʌðɚwaɪz,,ad.否则；另外；在其他方面 a.另外的；其他方面的；原本，本来 conj.其他；如果不；然后,专四
ounce,aʊns,,n.盎司；少量；雪豹,专四
outbreak,'aʊtbrek,,n.（战争的）爆发；（疾病的）发作 vi.爆发,专四
outcome,'aʊt'kʌm,,n.结果，结局；成果,专四
outdated,'aʊt'detɪd,,a.过时的；旧式的 v.使过时（outdate的过去式和过去分词）,专四
outlaw,'aʊtlɔ,,n.歹徒；罪犯；亡命之徒；被剥夺法律保护者 v.宣布…为不合法；将…放逐；剥夺…的法律保护,专四
outlet,'aʊtlɛt,,n.出口，排放孔；[电] 电源插座；销路；发泄的方法；批发商店,专四
outline,'aʊtlaɪn,,n.轮廓；大纲；概要；略图 v.概述；略述；描画…轮廓,专四
outlook,'aʊtlʊk,,n.展望；观点；景色 vt.比……好看；用目光压倒 vi.朝外看,专四
output,'aʊtpʊt,,n.输出，输出量；产量；出产 v.输出,专四
outrageous,aʊt'redʒəs,,a.粗暴的；可恶的；令人吃惊的,专四
outset,'aʊtsɛt,,n.开始；开端,专四
outskirts,'aʊt'skɝts,,n.市郊，郊区,专四
outstanding,'aʊt'stændɪŋ,,a.杰出的；显著的；未解决的；未偿付的 n.未偿贷款,专四
oven,'ʌvn,,n.炉，灶；烤炉，烤箱,专四
overall,",ovə'rɔl",,a.全部的；全体的；一切在内的 ad.全部地；总的说来 n.工装裤；罩衫,专四
overcast,",ovɚ'kæst",,a.阴天的；阴暗的；愁闷的 v.使沮丧；包缝；遮蔽,专四
overcome,",ovɚ'kʌm",,v.克服；胜过,专四
overcrowd,",əuvə'kraud",,v.使过度拥挤；把…塞得过满,专四
overdo,'ovɚ'dʊ,,v.把…做得过分；使过于疲劳；对…表演过火；夸张,专四
overdue,'ovɚ'dʊ,,a.过期的；迟到的；未兑的,专四
overflow,",ovɚ'flo",,v.溢出；泛滥；充溢 n.充满，洋溢；泛滥；超值；溢值,专四
overgrown,",ovɚ'ɡron",,a.蔓生的；生长过快的 v.生长过度（overgrow的过去分词）,专四
overhear,",ovɚ'hɪr",,v.无意中听到；偷听,专四
overlap,'ovəlæp,,n.重叠；重复 v.部分重叠；部分的同时发生,专四
overleaf,",ovɚ'lif",,ad.在次页；在背面 a.背面的；次页的,专四
overlook,",ovɚ'lʊk",,v.忽略；俯瞰；远眺；检查；高耸于…之上 n.忽视；眺望,专四
overnight,'ovənaɪt,,ad.通宵；突然；昨晚 a.晚上的；通宵的；前夜的 n.头天晚上；一夜的逗留 vt.连夜快递 vi.过一夜,专四
overrule,",ovɚ'rul",,v.否决；统治；对…施加影响,专四
oversea,'ovɚ'si,,a.外国的；在海外的 ad.国外；向国外，向海外,专四
overseas,",ovɚ'siz",,ad.在海外，海外 a.海外的，国外的,专四
overtake,",ovɚ'tek",,v.赶上；压倒；突然来袭,专四
overthrow,",ovɚ'θro",,n.推翻；倾覆；瓦解 v.推翻；打倒；倾覆,专四
overtime,",ovə'taɪm",,n.[劳经] 加班时间；延长时间；加时赛 a.超时的；加班的 vt.使超过时间 ad.加班地,专四
overturn,'ovətɝn,,v.推翻；倾覆；破坏 n.倾覆；周转；破灭,专四
overweight,'ovə'wet,,a.超重的；过重的 vt.使负担过重 n.超重,专四
overwhelm,",ovɚ'wɛlm",,v.淹没；压倒；受打击；覆盖；压垮,专四
owing,'oɪŋ,,a.未付的；欠着的 v.欠；把…归功于（owe的ing形式）,专四
owl,aʊl,,n.猫头鹰；枭；惯于晚上活动的人,专四
oxide,'ɑksaɪd,,n.[化学] 氧化物,专四
oyster,'ɔɪstɚ,,n.牡蛎，[无脊椎] 蚝；沉默寡言的人,专四
ozone,'ozon,,n.[化学] 臭氧；新鲜的空气,专四
pace,pes,,n.一步；步速；步伐；速度 v.踱步；缓慢而行,专四
pact,pækt,,n.协定；公约；条约；契约,专四
pad,pæd,,n.衬垫；护具；便笺簿；填补 v.步行；放轻脚步走,专四
paddock,'pædək,,n.围场；小牧场,专四
page,peɪdʒ,,n.页；记录；大事件，时期；男侍者 v.给…标页码,专四
pager,'pedʒɚ,,n.寻呼机，呼机,专四
pagoda,pə'ɡodə,,n.（东方寺院的）宝塔；印度的旧金币,专四
pail,pel,,n.桶，提桶,专四
painkiller,'penkɪlɚ,,n.止痛药,专四
pajamas,pə'dʒæməz,,n.睡衣；宽长裤,专四
palm,pɑm,,n.手掌；棕榈树；掌状物 v.将…藏于掌中,专四
pamphlet,ˈpæmflɪt,,n.小册子,专四
pane,pen,,n.窗格；边；面；窗格玻璃；嵌板 vt.装窗玻璃于；镶嵌板于,专四
panel,'pænl,,n.仪表板；嵌板；座谈小组，全体陪审员 v.嵌镶板,专四
panic,'pænɪk,,n.恐慌，惊慌；大恐慌 a.恐慌的；没有理由的 v.使恐慌,专四
panorama,",pænə'ræmə",,n.全景，全貌；全景画；概论,专四
pants,pænts,,n.裤子,专四
paperweight,'pepɚwet,,n.书镇；压纸器；镇纸,专四
parachute,'pærə'ʃʊt,,n.降落伞 v.跳伞,专四
parade,pə'red,,n.游行；阅兵；炫耀；行进；阅兵场 v.游行；炫耀；列队行进,专四
paradise,'pærə'daɪs,,n.天堂,专四
paradox,'pærədɑks,,n.悖论，反论；似非而是的论点；自相矛盾的人或事,专四
parallel,'pærəlɛl,,n.平行线；对比 v.使…与…平行 a.平行的；类似的，相同的,专四
paralyse,'pærəlaiz,,v.使……无力；使……麻痹；使……瘫痪,专四
paraphrase,ˈpærəfreɪz,,n.释义；解释；意译 v.释义,专四
parenthesis,pə'rɛnθəsɪs,,"n.插入语,插入成分",专四
parish,'pærɪʃ,,n.教区,专四
parliament,'pɑrləmənt,,n.议会，国会,专四
parlour,'pa:lə,,n.客厅；会客室；雅座,专四
part,pɑrt,,n.部分；角色；零件；一些；片段 v.分离；分配；分开 ad.部分地 a.部分的,专四
partial,'pɑrʃəl,,a.局部的；偏爱的；不公平的,专四
participate,pɑr'tɪsə'pet,,v.参与，参加；分享,专四
participle,'pɑrtə'sɪpl,,n.分词,专四
particle,'pɑrtɪkl,,n.颗粒；[物] 质点；极小量；小品词,专四
particular,pɚ'tɪkjəlɚ,,a.特别的；详细的；独有的；挑剔的 n.详细说明；个别项目,专四
partition,pɑr'tɪʃən,,n.划分，分开；[数] 分割；隔墙；隔离物 v.[数] 分割；分隔；区分,专四
passion,'pæʃən,,n.激情；热情；酷爱；盛怒,专四
password,ˈpæsˌwə:d,,n.密码；口令,专四
paste,pest,,v.张贴，裱糊；用浆糊粘 n.面团，膏；糊状物，[胶粘] 浆糊,专四
pastime,'pæstaɪm,,n.娱乐，消遣,专四
pastry,'pestri,,n.油酥点心；面粉糕饼,专四
pasture,'pæstʃɚ,,n.草地；牧场；牧草 v.放牧；吃草,专四
pat,pæt,,a.恰好的；熟练的；合适的 ad.恰好；熟记地 n.轻拍；小块；轻拍声 v.轻拍,专四
patch,pætʃ,,n.眼罩；斑点；碎片；小块土地 v.修补；解决；掩饰,专四
patent,'pætnt,,v.授予专利；取得…的专利权 a.专利的；新奇的；显然的 n.专利权；执照；专利品,专四
path,pæθ,,n.道路；小路；轨道,专四
pathetic,pə'θɛtɪk,,a.可怜的，悲哀的；感伤的；乏味的,专四
patient,'peʃnt,,a.有耐心的，能容忍的 n.病人；患者,专四
patriot,'petrɪət,,n.爱国者,专四
patrol,pə'trol,,n.巡逻；巡逻队；侦察队 v.巡逻；巡查,专四
patron,'petrən,,n.赞助人；保护人；主顾,专四
pause,pɔz,,n.暂停；间歇 v.暂停，停顿，中止；踌躇,专四
pave,pev,,v.铺设；安排；作铺设之用 n.(Pave)人名；(西、塞)帕韦,专四
pavilion,pə'vɪlɪən,,n.阁；亭子；大帐篷；展示馆 vt.搭帐篷；置…于亭中；笼罩,专四
payable,'peəbl,,a.应付的；到期的；可付的；可获利的,专四
peacock,'pikɑk,,n.孔雀；雄孔雀；爱虚荣的人 vi.炫耀；神气活现地走,专四
peak,pik,,n.山峰；最高点；顶点；帽舌 v.使达到最高点；使竖起 a.最高的；最大值的,专四
peanut,'pinʌt,,n.花生,专四
pearl,pɝl,,n.珍珠；珍珠色；杰出者；珍品 a.镶珍珠的；珍珠状的 v.采珍珠；成珍珠状,专四
peck,pɛk,,v.啄食；扔石头；吹毛求疵 n.许多；配克（容量单位，等于2加仑）；啄痕；快速轻吻,专四
peculiar,pɪ'kjulɪɚ,,a.特殊的；独特的；奇怪的；罕见的 n.特权；特有财产,专四
pedal,'pɛdl,,v.踩踏板；骑车 n.踏板；脚蹬子 a.脚的；脚踏的,专四
peddle,'pɛdl,,v.叫卖；兜售；散播 n.(Peddle)人名；(英)佩德尔,专四
peel,pil,,v.剥，剥落；削 n.皮,专四
peep,pip,,n.偷看；隐约看见，瞥见 v.窥视；慢慢露出，出现；吱吱叫,专四
peer,pɪr,,n.贵族；同等的人；同龄人 v.凝视，盯着看；窥视,专四
peg,pɛɡ,,n.钉；桩；借口；琴栓 v.限制；钉木钉 a.越往下端越细的,专四
penalty,'pɛnəlti,,n.罚款，罚金；处罚,专四
pendulum,'pɛndʒələm,,n.钟摆；摇锤；摇摆不定的事态,专四
penguin,'pɛŋɡwɪn,,n.企鹅；空军地勤人员,专四
peninsula,pə'nɪnsələ,,n.半岛,专四
pentagon,'pɛntəɡɑn,,n.五角形,专四
peony,'piəni,,n.牡丹；芍药,专四
peppermint,'pɛpɚmɪnt,,n.薄荷；薄荷油；胡椒薄荷；薄荷糖（等于mint）,专四
perceive,pɚ'siv,,v.察觉，感觉；理解；认知,专四
perch,pɝtʃ,,n.鲈鱼; 高位；栖木；杆 v.栖息；就位；位于；使坐落于,专四
perfection,pɚ'fɛkʃən,,n.完善；完美,专四
perfume,pɚ'fjum,,n.香水；香味 v.洒香水于…；使…带香味,专四
peril,'pɛrəl,,n.危险；冒险 v.危及；置…于险境,专四
periodical,",pɪrɪ'ɑdɪkl",,a.[数] 周期的；定期的 n.期刊；杂志,专四
permanent,'pɝmənənt,,a.永久的，永恒的；不变的 n.烫发（等于permanent wave）,专四
perpendicular,'pɝpən'dɪkjəlɚ,,a.垂直的，正交的；直立的；陡峭的 n.垂线；垂直的位置,专四
perpetual,pɚ'pɛtʃuəl,,a.永久的；不断的；四季开花的；无期限的,专四
perplex,pɚ'plɛks,,v.使困惑，使为难；使复杂化,专四
persecute,'pɝsɪkjut,,v.迫害；困扰；同…捣乱,专四
persevere,",pɝsə'vɪr",,v.坚持；不屈不挠；固执己见（在辩论中）,专四
Persian,,,a.猫老大,专四
persimmon,pɚ'sɪmən,,n.柿子；柿子树,专四
persist,pɚ'sɪst,,v.存留，坚持；持续，固执,专四
persistent,pə'zɪstənt,,a.固执的，坚持的；持久稳固的,专四
personality,",pɝsə'næləti",,n.个性；品格；名人,专四
personnel,",pɝsə'nɛl",,n.人事部门；全体人员 a.人员的；有关人事的,专四
perspective,pɚ'spɛktɪv,,n.观点；远景；透视图 a.透视的,专四
persuasion,pɚ'sweʒn,,n.说服；说服力；信念；派别,专四
pessimist,'pɛsɪmɪst,,n.悲观主义者,专四
petal,'pɛtl,,n.花瓣,专四
petition,pə'tɪʃən,,n.请愿；请愿书；祈求；[法] 诉状 v.请愿；请求,专四
petty,'pɛti,,a.琐碎的；小气的；小规模的 n.(Petty)人名；(英、法)佩蒂,专四
pharmacy,'fɑrməsi,,n.药房；配药学，药剂学；制药业；一批备用药品,专四
phase,fez,,n.月相,专四
PhD,,,abbr.博士学位；哲学博士学位（Doctor of Philosophy）,专四
phenomenon,fə'nɑmɪnən,,n.现象；奇迹；杰出的人才,专四
philosophy,fə'lɑsəfi,,n.哲学；哲理；人生观,专四
phobia,'fobɪə,,n.恐怖，憎恶；恐惧症,专四
phoenix,'finɪks,,n.凤凰；死而复生的人,专四
phonetic,fə'nɛtɪk,,a.语音的，语音学的；音形一致的；发音有细微区别的,专四
photocopy,'fotokɑpi,,n.复印件；影印 v.影印，复印,专四
physiology,'fɪzɪ'ɑlədʒi,,n.生理学；生理机能,专四
pickpocket,'pɪkpɑkɪt,,n.扒手,专四
pictorial,pɪk'tɔrɪəl,,a.绘画的；形象化的 n.画报；画刊,专四
piece,pis,,n.块；件；篇；硬币 v.修补；接合；凑合,专四
pierce,pɪrs,,v.刺穿；洞察；响彻；深深地打动,专四
pigeon,'pɪdʒɪn,,n.鸽子,专四
pilgrim,'pɪlɡrɪm,,n.朝圣者；漫游者；（美）最初的移民 vi.去朝圣；漫游,专四
pillar,'pɪlɚ,,n.柱子，柱形物；栋梁；墩 vt.用柱支持,专四
pillowcase,'pɪlokes,,n.枕头套（等于pillow slip）,专四
pious,'paɪəs,,a.虔诚的；敬神的；可嘉的；尽责的,专四
pirate,'paɪrət,,n.海盗；盗版；侵犯专利权者 v.掠夺；翻印；剽窃,专四
pistol,'pɪstl,,n.手枪；信号枪 vt.用手枪射击,专四
pit,pɪt,,n.矿井；深坑；陷阱；（物体或人体表面上的）凹陷；（英国剧场的）正厅后排；正厅后排的观众 v.使竞争；窖藏；使凹下；去…之核；使留疤痕,专四
pizza,'pitsə,,n.比萨饼（一种涂有乳酪核番茄酱的意大利式有馅烘饼）,专四
placid,'plæsɪd,,a.平静的；温和的；沉着的,专四
plague,pleɡ,,n.瘟疫；灾祸；麻烦；讨厌的人 v.折磨；使苦恼；使得灾祸,专四
plain,plen,,a.平的；简单的；朴素的；清晰的 n.平原；无格式；朴实无华的东西 ad.清楚地；平易地,专四
plan,plæn,,n.计划；平面图 v.计划；设计；打算,专四
plateau,plæ'to,,n.高原 a.高原印第安人的,专四
platinum,'plætnəm,,n.[化学] 铂；白金；唱片集达100万张的销售量；银灰色 a.唱片集已售出100万张的,专四
plausible,'plɔzəbl,,a.貌似可信的，花言巧语的；貌似真实的，貌似有理的,专四
playful,'plefl,,a.开玩笑的；幽默的；爱嬉戏的,专四
playwright,'pleraɪt,,n.剧作家,专四
plaza,'plæzə,,n.广场；市场，购物中心,专四
plead,plid,,v.借口；为辩护；托称,专四
pleasing,'plizɪŋ,,a.令人愉快的；讨人喜欢的；合意的 v.取悦（please的现在分词）,专四
pledge,plɛdʒ,,n.保证，誓言；抵押；抵押品，典当物 v.保证，许诺；用……抵押；举杯祝……健康,专四
plenary,'plɛnəri,,a.充分的；全体出席的 n.全体会议,专四
plentiful,'plɛntɪfəl,,a.丰富的；许多的；丰饶的；众多的,专四
plot,plɑt,,n.情节；图；阴谋 v.密谋；绘图；划分；标绘,专四
plough,plaʊ,,v.犁；耕 n.犁；耕地（等于plow）,专四
pluck,plʌk,,n.勇气；内脏；快而猛的拉 v.摘；拔；扯,专四
plum,plʌm,,n.李子；梅子；洋李；紫红色 a.人所希望的；有利的；上等的,专四
plumber,'plʌmɚ,,n.水管工；堵漏人员,专四
plume,plum,,v.用羽毛装饰 n.羽毛,专四
plump,plʌmp,,v.使丰满；使鼓起；突然放下 ad.沉重地；突然地 a.圆胖的，丰满的；鼓起的 n.扑通声,专四
plunder,'plʌndɚ,,n.抢夺；战利品；掠夺品 v.掠夺；抢劫；侵吞,专四
plural,'plʊrəl,,a.复数的 n.复数,专四
pneumonia,nʊ'monɪə,,n.肺炎,专四
pod,pɑd,,n.蚕茧；豆荚 v.结豆荚,专四
poetry,'poətri,,n.诗；诗意，诗情；诗歌艺术,专四
poise,pɔɪz,,n.平衡；姿势；镇静 v.使平衡；保持姿势,专四
poke,pok,,v.刺，捅；戳；伸出；刺探；闲荡 n.戳；刺；袋子；懒汉,专四
polar,'polɚ,,a.极地的；两极的；正好相反的 n.极面；极线,专四
pole,pol,,n.杆；极点；电极 v.用竿支撑,专四
policy,'pɑləsi,,n.政策，方针；保险单,专四
Polish,'pɑlɪʃ,,n.磨光，擦亮；上光剂，擦亮剂；优雅，精良 v.擦亮，变光滑 a.波兰的,专四
politburo,"pə'litbjuərəu, 'pɔlit-",,n.（共产党中央委员会的）政治局；类似政治局的决策控制机构,专四
poll,pol,,n.投票；民意测验；投票数；投票所 v.投票；剪短；对…进行民意测验；获得选票 a.无角的；剪过毛的；修过枝的,专四
pollutant,pə'lutənt,,n.污染物,专四
polo,'polo,,n.马球；水球,专四
polytechnic,'pɑlə'tɛknɪk,,a.各种工艺的；综合技术的 n.工艺学校；理工专科学校,专四
ponder,'pɑndɚ,,v.仔细考虑；衡量 n.(Ponder)人名；(英)庞德,专四
pony,'poni,,n.矮种马；小型马 a.小型的；每日摘要的 v.付清,专四
pop,pɑp,,abbr.卖点广告（Point of Purchase）,专四
pope,pop,,n.教皇，罗马教皇；权威，大师,专四
popularity,",pɑpju'lærəti",,n.普及，流行；名气；受大众欢迎,专四
porcelain,ˈpɔrsələn,,n.瓷；瓷器 a.瓷制的；精美的,专四
porch,pɔrtʃ,,n.门廊；走廊,专四
pore,pɔr,,v.细想；凝视；熟读 n.气孔；小孔,专四
pornography,pɔr'nɑɡrəfi,,n.色情文学；色情描写,专四
portable,'pɔrtəbl,,a.手提的，便携式的；轻便的 n.手提式打字机,专四
portion,'pɔrʃən,,n.部分；一份；命运 v.分配；给…嫁妆,专四
portrait,'pɔrtrɪt,,n.肖像；描写；半身雕塑像,专四
portray,pɔr'tre,,v.描绘；扮演,专四
pose,poz,,v.造成，形成；摆姿势；装模作样；提出…讨论 n.姿势，姿态；装模作样,专四
positive,'pɑzətɪv,,a.积极的；[数] 正的，[医][化学] 阳性的；确定的，肯定的；实际的，真实的；绝对的 n.正数；[摄] 正片,专四
possess,pə'zɛs,,v.控制；使掌握；持有；迷住；拥有，具备,专四
possibility,",pɑsə'bɪləti",,n.可能性；可能发生的事物,专四
post,post,,n.岗位；邮件；标杆 v.张贴；公布；邮递；布置,专四
potential,pə'tɛnʃl,,n.潜能；可能性；[电] 电势 a.潜在的；可能的；势的,专四
pottery,'pɑtəri,,n.陶器；陶器厂；陶器制造术,专四
poultry,'poltri,,n.家禽,专四
poverty,'pɑvɚti,,n.贫困；困难；缺少；低劣,专四
practicable,'præktɪkəbl,,a.可用的；行得通的；可实行的,专四
practical,'præktɪkl,,a.实际的；实用性的,专四
practice,'præktɪs,,n.实践；练习；惯例 v.练习；实习；实行,专四
pram,præm,,n.婴儿车；送牛奶用的手推车,专四
prawn,prɔn,,n.对虾，明虾 v.捕虾,专四
preach,pritʃ,,v.说教；讲道；鼓吹；传道；反复灌输 n.说教,专四
precede,prɪ'sid,,v.领先，在…之前；优于，高于,专四
precis,'preɪsi,,n.摘要；大纲 v.概括…的大意；为…写摘要,专四
predecessor,'prɛdəsɛsɚ,,n.前任，前辈,专四
predict,prɪ'dɪkt,,v.预报，预言；预知,专四
predominantly,prɪ'dɑmɪnəntli,,ad.主要地；显著地,专四
preface,'prɛfəs,,n.前言；引语 v.为…加序言；以…开始,专四
preferable,'prɛfrəbl,,a.更好的，更可取的；更合意的,专四
prefix,'prifɪks,,n.前缀 v.加前缀；将某事物加在前面,专四
pregnant,'prɛɡnənt,,a.怀孕的；富有意义的,专四
prejudice,'prɛdʒədɪs,,n.偏见；侵害 v.损害；使有偏见,专四
preliminary,prɪ'lɪmɪnɛri,,n.准备；预赛；初步措施 a.初步的；开始的；预备的,专四
prelude,'prɛljud,,n.前奏；序幕；前奏曲 v.成为…的序幕；演奏…作为前奏曲,专四
premier,prɪ'mɪr,,a.第一的；最初的 n.总理，首相,专四
premise,ˈpremɪs,,v.引出，预先提出；作为…的前提 n.前提；上述各项；房屋连地基,专四
preparation,",prɛpə'reʃən",,n.预备；准备,专四
preparatory,prɪ'pærətɔri,,a.预备的 n.预科；预备学校,专四
preposition,",prɛpə'zɪʃən",,n.介词；前置词,专四
present,'prɛznt,,v.提出；介绍；呈现；赠送 a.现在的；出席的 n.现在；礼物；瞄准,专四
preserve,prɪ'zɝv,,v.保存；保护；维持；腌；禁猎 n.保护区；禁猎地；加工成的食品,专四
preside,prɪ'zaɪd,,v.主持，担任会议主席,专四
presidential,'prɛzədɛnʃəl,,a.总统的；首长的；统辖的,专四
press,prɛs,,v.压；按；逼迫；紧抱 n.压；按；新闻；出版社；[印刷] 印刷机,专四
prestige,prɛ'stidʒ,,n.威望，声望；声誉,专四
presumably,prɪ'zuməbli,,ad.大概；推测起来；可假定,专四
pretence,"pri'tens, 'pri:t-",,n.假装；借口；虚伪,专四
pretext,'pritɛkst,,n.借口；托辞 vt.以…为借口,专四
prevail,pri'vel,,v.盛行，流行；战胜，获胜,专四
prevent,pri'vɛnt,,v.预防，防止；阻止,专四
previous,'privɪəs,,a.以前的；早先的；过早的 ad.在先；在…以前,专四
prey,pre,,v.捕食；掠夺；折磨 n.捕食；牺牲者；被捕食的动物,专四
priceless,ˈpraɪslɪs,,a.无价的；极贵重的；非常有趣的 n.非卖品,专四
prick,prɪk,,v.刺，戳；刺伤，刺痛；竖起 n.刺，扎；刺痛，刺伤；阴茎；锥 a.竖起的,专四
priest,prist,,n.牧师；神父；教士 vt.使成为神职人员；任命…为祭司,专四
prime,praɪm,,a.主要的；最好的；基本的 ad.极好地 n.初期；青年；精华；全盛时期 v.使准备好；填装,专四
prince,prɪns,,n.王子，国君；亲王；贵族,专四
princess,prɪnˌsɛs,,n.公主；王妃；女巨头,专四
principal,'prɪnsəpl,,a.主要的；资本的 n.首长；校长；资本；当事人,专四
principle,'prɪnsəpl,,n.原理，原则；主义，道义；本质，本义；根源，源泉,专四
priority,praɪ'ɔrəti,,n.优先；优先权；[数] 优先次序；优先考虑的事,专四
privacy,'praɪvəsi,,n.隐私；秘密；隐居；隐居处,专四
privilege,ˈprɪvəlɪdʒ,,n.特权；优待 v.给与…特权；特免,专四
prize,praɪz,,n.奖品；奖赏；战利品 v.珍视；捕获；估价 a.获奖的,专四
probability,'prɑbə'bɪləti,,n.可能性；机率；[数] 或然率,专四
probe,prob,,n.探针；调查 v.调查；探测,专四
procedure,prə'sidʒɚ,,n.程序，手续；步骤,专四
process,'prɑsɛs,,v.处理；加工 n.过程，进行；方法，步骤；作用；程序；推移 a.经过特殊加工（或处理）的,专四
produce,prə'dus,,v.生产；引起；创作；生育，繁殖 n.农产品，产品,专四
productive,prə'dʌktɪv,,a.能生产的；生产的，生产性的；多产的；富有成效的,专四
professional,prə'fɛʃənl,,a.专业的；职业的；职业性的 n.专业人员；职业运动员,专四
proficiency,prə'fɪʃənsi,,n.精通，熟练,专四
proficient,prə'fɪʃnt,,a.熟练的，精通的 n.精通；专家，能手,专四
profile,'profaɪl,,n.侧面；轮廓；外形；剖面；简况 v.描…的轮廓；扼要描述,专四
profit,'prɑfɪt,,n.利润；利益 v.获利；有益,专四
profound,prə'faʊnd,,a.深厚的；意义深远的；渊博的,专四
programmer,'progræmɚ,,n.[自][计] 程序设计员,专四
progressive,prə'ɡrɛsɪv,,a.进步的；先进的 n.改革论者；进步分子,专四
prohibit,prə'hɪbɪt,,v.阻止，禁止,专四
projector,prə'dʒɛktɚ,,n.[仪] 投影仪；放映机；探照灯；设计者,专四
proletarian,",prolə'tɛrɪən",,n.普罗，无产者；工人 a.普罗阶级的，无产阶级的,专四
prolong,prəˈlɑːŋ,,v.延长；拖延,专四
prominent,'prɑmɪnənt,,a.突出的，显著的；杰出的；卓越的,专四
promising,'prɑmɪsɪŋ,,a.有希望的，有前途的 v.许诺，答应（promise的现在分词形式）,专四
promotion,prə'moʃən,,n.提升，[劳经] 晋升；推销，促销；促进；发扬，振兴,专四
prompt,prɑmpt,,a.敏捷的，迅速的；立刻的 v.提示；促进；激起；（给演员）提白 n.提示；付款期限；DOS命令：改变DOS系统提示符的风格 ad.准时地,专四
pronoun,'pronaʊn,,n.代词,专四
proof,pruf,,n.证明；证据；校样；考验；验证；试验 a.防…的；不能透入的；证明用的；耐…的 v.试验；校对；使不被穿透,专四
prop,prɑp,,n.支柱，支撑物；支持者；道具；（橄榄球中的）支柱前锋 v.支撑，支持，维持；使倚靠在某物上,专四
propaganda,'prɑpə'gændə,,n.宣传；传道总会,专四
property,'prɑpɚti,,n.性质，性能；财产；所有权,专四
prophet,'prɑfɪt,,n.先知；预言者；提倡者,专四
proportion,prə'pɔrʃən,,n.比例，占比；部分；面积；均衡 v.使成比例；使均衡；分摊,专四
proportional,prə'pɔrʃənl,,a.比例的，成比例的；相称的，均衡的 n.[数] 比例项,专四
proposal,prə'pozl,,n.提议，建议；求婚,专四
proprietor,prə'praɪətɚ,,n.业主；所有者；经营者,专四
prose,proz,,n.散文；单调 a.散文的；平凡的；乏味的 vi.写散文；乏味地讲话 vt.把…写成散文,专四
prosecution,",prɑsɪ'kjuʃən",,n.起诉，检举；进行；经营,专四
prospect,'prɑspɛkt,,n.前途；预期；景色 v.勘探，找矿,专四
prosperous,'prɑspərəs,,a.繁荣的；兴旺的,专四
prostitution,'prɑstə'tʊʃən,,n.卖淫；滥用；出卖灵魂,专四
protection,prə'tɛkʃən,,n.保护；防卫；护照,专四
protective,prə'tɛktɪv,,a.防护的；关切保护的；保护贸易的,专四
protein,'protin,,n.蛋白质；朊 a.蛋白质的,专四
protest,ˈproʊtest,,v.抗议；断言 n.抗议 a.表示抗议的；抗议性的,专四
proudly,'praʊdli,,ad.傲慢地，自负地；得意洋洋地,专四
provide,prə'vaɪd,,v.提供；规定；准备；装备,专四
provincial,prə'vɪnʃl,,a.省的；地方性的；偏狭的 n.粗野的人；乡下人；外地人,专四
provision,prə'vɪʒn,,n.规定；条款；准备；[经] 供应品 v.供给…食物及必需品,专四
provoke,prə'vok,,v.驱使；激怒；煽动；惹起,专四
prune,prun,,v.删除；减少 n.深紫红色；傻瓜；李子干,专四
psychiatry,saɪ'kaɪətri,,n.精神病学；精神病治疗法,专四
publication,",pʌblɪ'keʃən",,n.出版；出版物；发表,专四
pudding,'pʊdɪŋ,,n.布丁,专四
puff,pʌf,,v.喷出，张开；使膨胀；夸张；使骄傲自满 n.粉扑；泡芙；蓬松；一阵喷烟；肿块；吹嘘，宣传广告,专四
pulp,pʌlp,,n.纸浆；果肉；黏浆状物质 v.使…化成纸浆；除去…的果肉,专四
pumpkin,'pʌmpkɪn,,n.南瓜,专四
punch,pʌn(t)ʃ,,n.冲压机；打洞器；钻孔机 v.开洞；以拳重击,专四
puncture,'pʌŋktʃɚ,,v.刺穿；揭穿；削弱 n.穿刺；刺痕,专四
pupil,pjupl,,n.学生；[解剖] 瞳孔；未成年人,专四
puppet,'pʌpɪt,,n.木偶；傀儡；受他人操纵的人,专四
puppy,'pʌpi,,n.小狗，幼犬,专四
purchase,'pɝtʃəs,,n.购买；紧握；起重装置 v.购买；赢得,专四
purify,'pjʊrɪfaɪ,,v.净化；使纯净,专四
purple,'pɝpl,,a.紫色的；帝王的；华而不实的 n.紫色；紫袍 v.变成紫色,专四
pursue,pə'sʊ,,v.继续；从事；追赶；纠缠,专四
quack,kwæk,,n.庸医；鸭叫声 v.（鸭子）嘎嘎叫；吹嘘；大声闲聊 a.骗人的；冒牌医生的,专四
quantity,'kwɑntəti,,n.量，数量；大量；总量,专四
quarry,'kwɔri,,n.采石场；猎物；来源 v.费力地找,专四
quart,kwɔrt,,n.夸脱（容量单位）；一夸脱的容器,专四
quarterly,'kwɔrtɚli,,a.季度的，按季度的；一年四次的 ad.按季度，[农] 一季一次地；纵横四分地 n.季刊,专四
quay,ki,,n.码头,专四
queer,kwɪr,,a.奇怪的；同性恋的；不舒服的；心智不平衡的 v.搞糟；使陷于不利地位 n.同性恋者；怪人；伪造的货币,专四
query,'kwɪri,,n.疑问，质问；疑问号 ；[计] 查询 v.询问；对……表示疑问,专四
quest,kwɛst,,n.追求；寻找 v.追求；寻找,专四
quick,kwɪk,,n.核心；伤口的嫩肉 a.快的；迅速的，敏捷的；灵敏的 ad.迅速地，快,专四
quiet,'kwaɪət,,a.安静的；安定的；不动的；温顺的 n.安静；和平 v.使平息；安慰,专四
quit,kwɪt,,v.离开；放弃；停止；使…解除 n.离开；[计] 退出 a.摆脱了…的；已经了结的,专四
quite,kwaɪt,,ad.很；相当；完全,专四
quota,'kwotə,,n.配额；定额；限额,专四
quotation,kwo'teʃən,,n.[贸易] 报价单；引用语；引证,专四
racecourse,'reskɔrs,,n.赛马场，跑马场；跑道,专四
racing,'resɪŋ,,n.赛马；竞赛 vi.赛马（race的ing形式）；竞赛 a.比赛的,专四
racist,'resɪst,,n.种族主义者,专四
rack,ræk,,n.[机] 齿条；架子；拷问台 v.变形；随风飘；小步跑,专四
radar,'redɑr,,n.[雷达] 雷达，无线电探测器,专四
radiate,'redɪet,,v.辐射；传播；流露；发射；广播 a.辐射状的，有射线的,专四
radically,'rædɪkli,,ad.根本上；彻底地；以激进的方式,专四
radioactivity,",redɪoæk'tɪvəti",,n.放射性；[核] 放射能力；[核] 放射现象,专四
radius,'redɪəs,,n.半径，半径范围；[解剖] 桡骨；辐射光线；有效航程,专四
rage,redʒ,,n.愤怒；狂暴，肆虐；情绪激动 v.大怒，发怒；流行，风行,专四
ragged,'ræɡɪd,,a.衣衫褴褛的；粗糙的；参差不齐的；锯齿状的；刺耳的；不规则的,专四
raid,red,,n.袭击；突袭；搜捕；抢劫 v.对…进行突然袭击,专四
rainproof,'renpruf,,n.雨衣；雨披 a.防雨的；防水的 vt.使防水,专四
raise,rez,,v.提高；筹集；养育；升起 n.高地；上升；加薪,专四
raisin,'rezn,,n.葡萄干,专四
rally,'ræli,,v.团结；重整；恢复；（网球等）连续对打 n.集会；回复；公路赛车会,专四
ram,ræm,,abbr.随机存取存储器（random access memory的缩写）；随机访问内存（random-access memory的缩写） n.公羊；撞锤；撞击装置；有撞角的军舰；（水压机的）[机] 活塞 v.撞击；填塞；强迫通过或接受,专四
ramp,ræmp,,n.斜坡，坡道；敲诈 v.蔓延；狂跳乱撞；敲诈,专四
ranch,ræntʃ,,n.大农场；大牧场 v.经营牧场；在牧场工作,专四
random,'rændəm,,a.[数] 随机的；任意的；胡乱的 n.随意 ad.胡乱地,专四
range,rendʒ,,n.范围；幅度；排；山脉 v.（在内）变动；平行，列为一行；延伸；漫游；射程达到,专四
ransom,'rænsəm,,v.赎回，赎；勒索赎金；救赎；得赎金后释放 n.赎金；赎身，赎回,专四
rape,rep,,n.强奸，掠夺；[园艺] 油菜；葡萄渣 v.强奸；掠夺，抢夺,专四
rare,rɛr,,a.稀有的；稀薄的；半熟的 ad.非常；极其 vi.用后腿站起；渴望,专四
rarely,'rɛrli,,ad.很少地；难得；罕有地,专四
rarity,'rɛrəti,,n.罕见；珍贵；珍品（需用复数）；稀薄,专四
rascal,'ræskl,,n.流氓，无赖；淘气鬼，捣蛋鬼 a.不诚实的；下贱的，卑鄙的,专四
rash,ræʃ,,a.轻率的；鲁莽的；不顾后果的 n.[皮肤] 皮疹；突然大量出现的事物,专四
raspberry,ˈræzberɪ; ræzˌbɛrɪ,,n.覆盆子；舌头放在唇间发出的声音；（表示轻蔑，嘲笑等的）咂舌声,专四
rate,ret,,n.比率，率；速度；价格；等级 v.认为；估价；责骂,专四
ratio,'reʃɪo,,n.比率，比例,专四
ration,'ræʃən,,v.配给；定量供应 n.定量；口粮；配给量,专四
rattlesnake,'rætlsnek,,n.[脊椎] 响尾蛇,专四
ravage,'rævɪdʒ,,v.毁坏；破坏；掠夺 n.蹂躏，破坏,专四
raven,'revən,,n.掠夺，劫掠；大乌鸦 a.乌黑的 v.掠夺；狼吞虎咽,专四
raw,rɔ,,a.生的；未加工的；阴冷的；刺痛的；擦掉皮的；无经验的；（在艺术等方面）不成熟的 n.擦伤处 vt.擦伤,专四
reaction,rɪ'ækʃən,,n.反应，感应；反动，复古；反作用,专四
readily,'rɛdɪli,,ad.容易地；乐意地；无困难地,专四
realistic,",riə'lɪstɪk",,a.现实的；现实主义的；逼真的；实在论的,专四
realize,rɪəˌlaɪz,,v.实现；认识到；了解；将某物卖得，把(证券等)变成现钱；变卖,专四
realm,rɛlm,,n.领域，范围；王国,专四
reap,rip,,v.收获，获得；收割 n.(Reap)人名；(英)里普,专四
reappear,",riə'pɪr",,v.再出现,专四
rear,rɪr,,v.培养；树立；栽种 ad.向后；在后面 a.后方的；后面的；背面的 n.后面；屁股；后方部队,专四
rearrange,",riə'rendʒ",,v.重新排列；重新整理,专四
reasonable,'riznəbl,,a.合理的，公道的；通情达理的,专四
reasoning,'rizənɪŋ,,n.推理；论证；评理 a.推理的 v.推论；说服（reason的ing形式）,专四
rebel,rɪ'bɛl,,v.反叛；反抗；造反 n.反叛者；叛徒 a.反抗的；造反的,专四
rebirth,",ri'bɝθ",,n.再生；复兴,专四
rebuff,rɪ'bʌf,,n.断然拒绝；回绝；漠不关心 v.断然拒绝,专四
rebuke,rɪ'bjʊk,,v.指责，非难；制止；使相形见绌 n.非难，指责；谴责，鞭策,专四
recall,'rikɔl,,v.召回；回想起，记起；取消 n.召回；回忆；撤消,专四
recede,rɪ'sid,,v.后退；减弱,专四
receptive,rɪ'sɛptɪv,,a.善于接受的；能容纳的,专四
recession,rɪ'sɛʃən,,n.衰退；不景气；后退；凹处,专四
recipe,'rɛsəpi,,n.食谱；[临床] 处方；秘诀；烹饪法,专四
reciprocal,rɪ'sɪprəkl,,a.互惠的；相互的；倒数的，彼此相反的 n.[数] 倒数；互相起作用的事物,专四
recitation,",rɛsɪ'teʃən",,n.背诵；朗诵；详述；背诵的诗,专四
reckless,'rɛkləs,,a.鲁莽的，不顾后果的；粗心大意的 n.(Reckless)人名；(英)雷克利斯,专四
reckon,'rɛkən,,v.测算，估计；认为；计算,专四
recognition,",rɛkəɡ'nɪʃən",,n.识别；承认，认出；重视；赞誉；公认,专四
recommendation,",rɛkəmɛn'deʃən",,n.推荐；建议；推荐信,专四
reconcile,'rɛkənsaɪl,,v.使一致；使和解；调停，调解；使顺从,专四
reconnaissance,rɪ'kɑnɪsns,,n.[军] 侦察；勘测（等于reconnoissance）；搜索；事先考查,专四
recover,rɪ'kʌvɚ,,v.恢复；弥补；重新获得 n.还原至预备姿势,专四
recruit,rɪ'krut,,n.招聘；新兵；新成员 v.补充；聘用；征募；使…恢复健康,专四
rectangular,rɛk'tæŋgjəlɚ,,a.矩形的；成直角的,专四
reddish,'rɛdɪʃ,,a.微红的；略带红色的 n.(Reddish)人名；(英)雷迪什,专四
redeem,rɪ'dim,,v.赎回；挽回；兑换；履行；补偿；恢复,专四
redevelopment,",ridɪ'vɛləpmənt",,n.再开发；重点恢复,专四
reduce,rɪ'dʊs,,v.减少；降低；使处于；把…分解,专四
reduction,rɪ'dʌkʃən,,n.减少；下降；缩小；还原反应,专四
reed,rid,,n.[作物] 芦苇；簧片；牧笛；不可依靠的人 vt.用芦苇盖；用芦苇装饰,专四
reef,rif,,n.暗礁；[地质] 矿脉；收帆 v.收帆；缩帆,专四
reel,ril,,v.卷；眩晕；蹒跚地走；退缩 n.蹒跚；眩晕；旋转,专四
referee,",rɛfə'ri",,n.裁判员；调解人；介绍人 v.仲裁；担任裁判,专四
reference,'rɛfrəns,,n.参考，参照；涉及，提及；参考书目；介绍信；证明书 v.引用,专四
refine,rɪ'faɪn,,v.精炼，提纯；改善；使…文雅,专四
reflect,rɪ'flɛkt,,v.反映；反射，照出；表达；显示;反省,专四
reflex,'riflɛks,,n.反射；反映；映像；回复；习惯性思维 a.反射的；反省的；反作用的；优角的,专四
reform,rɪ'fɔrm,,n.改革，改良；改正 v.改革，革新；重新组成 a.改革的；改革教会的,专四
refrain,rɪ'fren,,v.节制，克制；避免；制止 n.叠句，副歌；重复,专四
refresh,ri'frɛʃ,,v.更新；使……恢复；使……清新；消除……的疲劳,专四
refuge,'rɛfjʊdʒ,,n.避难；避难所；庇护 vt.给予…庇护；接纳…避难 vi.避难；逃避,专四
refute,ri'fjʊt,,v.反驳，驳斥；驳倒,专四
regain,rɪ'ɡen,,v.恢复；重新获得；收回 n.收复；取回,专四
regardless,rɪ'ɡɑrdləs,,a.不管的；不顾的；不注意的 ad.不顾后果地；不管怎样，无论如何；不惜费用地,专四
regency,'ridʒənsi,,n.摄政；摄政统治；摄政权,专四
regime,re'ʒim,,n.政权，政体；社会制度；管理体制,专四
regiment,'rɛdʒɪmənt,,v.把…编成团；严格地管制 n.团；大量,专四
region,'ridʒən,,n.地区；范围；部位,专四
registration,'rɛdʒɪ'streʃən,,n.登记；注册；挂号,专四
regretful,rɪ'ɡrɛtfl,,a.后悔的，遗憾的；惋惜的,专四
regrettable,rɪ'ɡrɛtəbl,,a.令人遗憾的；可惜的；可悲的；抱歉的,专四
regulate,'rɛɡjulet,,v.调节，规定；控制；校准；有系统的管理,专四
rehabilitate,",riə'bɪlə,tet",,v.使康复；使恢复名誉；使恢复原状,专四
rehearsal,rɪ'hɝsl,,n.排演；预演；练习；训练；叙述,专四
rehouse,",ri'haʊz",,v.供以新住宅；使移住新居,专四
reign,ren,,v.统治；支配；盛行；君临 n.统治；统治时期；支配,专四
reinforce,",riɪn'fɔrs",,v.加强，加固；强化；补充 n.加强；加固物；加固材料,专四
reject,rɪ'dʒɛkt,,v.拒绝；排斥；抵制；丢弃 n.被弃之物或人；次品,专四
rejection,rɪ'dʒɛkʃən,,n.抛弃；拒绝；被抛弃的东西；盖帽,专四
rejoice,rɪ'dʒɔɪs,,v.高兴；庆祝,专四
relativity,",rɛlə'tɪvəti",,n.相对论；相关性；相对性,专四
relaxation,'rilæk'seʃən,,n.放松；缓和；消遣,专四
release,rɪ'lis,,v.释放；发射；让与；允许发表 n.释放；发布；让与,专四
relevant,'rɛləvənt,,a.相关的；切题的；中肯的；有重大关系的；有意义的，目的明确的,专四
reliable,rɪ'laɪəbl,,a.可靠的；可信赖的 n.可靠的人,专四
relic,'rɛlɪk,,n.遗迹，遗物；废墟；纪念物,专四
relief,rɪ'lif,,n.救济；减轻，解除；安慰；浮雕,专四
reluctant,rɪ'lʌktənt,,a.不情愿的；勉强的；顽抗的,专四
rely,rɪ'laɪ,,v.依靠；信赖,专四
remains,rɪ'menz,,n.残余；遗骸,专四
remark,rɪ'mɑrk,,n.注意；言辞 v.评论；觉察,专四
remarkable,rɪ'mɑrkəbl,,a.卓越的；非凡的；值得注意的,专四
remedy,'rɛmədi,,v.补救；治疗；纠正 n.补救；治疗；赔偿,专四
remember,rɪ'mɛmbɚ,,v.记得；牢记；纪念；代…问好,专四
remind,rɪ'maɪnd,,v.提醒；使想起,专四
reminder,rɪ'maɪndɚ,,n.暗示；提醒的人/物；催单,专四
reminiscence,'rɛmə'nɪsns,,n.回忆；怀旧；引起联想的相似事物,专四
remote,rɪ'mot,,a.遥远的；偏僻的；疏远的 n.远程,专四
removal,rɪ'muvl,,n.免职；移动；排除；搬迁,专四
renaissance,'rɛnəsɑns,,n.文艺复兴（欧洲14至17世纪）,专四
render,'rɛndɚ,,v.致使；提出；实施；着色；以…回报 n.打底；交纳；粉刷,专四
renew,rɪ'nʊ,,v.使更新；续借；续费；复兴；重申,专四
renounce,rɪ'naʊns,,v.宣布放弃；与…断绝关系；垫牌 n.垫牌,专四
renovate,'rɛnəvet,,v.更新；修复；革新；刷新,专四
renowned,ri'naund,,a.著名的；有声望的 v.使有声誉（renown的过去分词）,专四
rental,'rɛntl,,n.租金收入，租金；租赁 a.租赁的；收取租金的,专四
rep,rɛp,,n.棱纹平布；雷普（物体伦琴当量） abbr.代表（representative）；名声（reputation）,专四
repairable,ri'pεərəbl,,a.可修理的；可挽回的；可补偿的,专四
repay,ri'pɛi,,v.偿还；报答；报复,专四
repeal,rɪ'pil,,v.废除；撤销；废止；放弃；否定 n.废除；撤销,专四
repeatedly,rɪ'pitɪdli,,ad.反复地；再三地；屡次地,专四
repel,rɪ'pɛl,,v.击退；抵制；使厌恶；使不愉快,专四
repent,rɪ'pɛnt,,v.后悔；忏悔 a.[植] 匍匐生根的；[动] 爬行的,专四
repertory,'rɛpɚtɔri,,n.储备；仓库；全部剧目,专四
repetition,'rɛpə'tɪʃən,,n.重复；背诵；副本,专四
replace,rɪ'ples,,v.取代，代替；替换，更换；归还，偿还；把…放回原处,专四
replay,'riple,,v.重放；重演；重新比赛 n.重赛；重播；重演,专四
representative,'rɛprɪ'zɛntətɪv,,a.典型的，有代表性的；代议制的 n.代表；典型；众议员,专四
reprint,",ri'prɪnt",,v.再版；重印 n.重印；翻版,专四
reproach,rɪ'protʃ,,n.责备；耻辱 v.责备；申斥,专四
reproduce,",riprə'dus",,v.复制；再生；生殖；使…在脑海中重现,专四
reputation,",rɛpju'teʃən",,n.名声，名誉；声望,专四
requirement,rɪ'kwaɪɚmənt,,n.要求；必要条件；必需品,专四
resemble,rɪ'zɛmbl,,v.类似，像,专四
resent,rɪ'zɛnt,,v.怨恨；愤恨；厌恶,专四
resentment,rɪ'zɛntmənt,,n.愤恨，怨恨,专四
reservoir,"'rɛzɚ,vɔr",,n.水库；蓄水池,专四
residence,'rɛzɪdəns,,n.住宅，住处；居住,专四
residual,rɪ'zɪdʒuəl,,n.剩余；残渣 a.剩余的；残留的,专四
resign,rɪ'zaɪn,,v.辞职；放弃；委托；使听从 n.辞去职务,专四
resist,rɪ'zɪst,,v.抵抗，抗拒；忍耐 n.[助剂] 抗蚀剂；防染剂,专四
resistance,rɪ'zɪstəns,,n.阻力；电阻；抵抗；反抗；抵抗力,专四
resistant,rɪ'zɪstənt,,a.抵抗的，反抗的；顽固的 n.抵抗者,专四
resonance,'rɛznəns,,n.[力] 共振；共鸣；反响,专四
resort,rɪ'zɔrt,,n.凭借，手段；度假胜地；常去之地 v.求助，诉诸；常去；采取某手段或方法,专四
respectable,rɪ'spɛktəbl,,a.值得尊敬的；人格高尚的；相当数量的 n.可敬的人,专四
respectful,rɪ'spɛktfəl,,a.恭敬的；有礼貌的,专四
respecting,ri'spektiŋ,,prep.关于；就…而言；鉴于 v.尊敬；考虑（respect的ing形式）,专四
respective,rɪ'spɛktɪv,,a.分别的，各自的,专四
respiration,",rɛspə'reʃən",,n.呼吸；呼吸作用,专四
response,rɪ'spɑns,,n.响应；反应；回答,专四
responsibility,rɪˌspɑːnsəˈbɪləti,,n.责任，职责；义务,专四
rest,rɛst,,v.使休息，使轻松；把…寄托于 n.休息，静止；休息时间；剩余部分；支架,专四
restless,'rɛstləs,,a.焦躁不安的；不安宁的；得不到满足的,专四
restore,rɪ'stɔr,,v.恢复；修复；归还,专四
restrain,rɪ'stren,,v.抑制，控制；约束；制止,专四
restrictive,rɪ'strɪktɪv,,a.限制的；限制性的；约束的 n.限制词,专四
result,rɪ'zʌlt,,n.结果；成绩；答案；比赛结果 v.结果；导致；产生,专四
resume,rɪˈzjuːm; ˈrɛzjʊmeɪ,,n.摘要；[管理] 履历，简历 v.重新开始，继续；恢复，重新占用,专四
retail,'ritel,,v.零售；转述 n.零售 ad.以零售方式 a.零售的,专四
retina,'rɛtənə,,n.[解剖] 视网膜,专四
retirement,rɪ'taɪɚmənt,,n.退休，退役,专四
retort,rɪ'tɔrt,,n.反驳，顶嘴；曲颈瓶 v.反驳，反击,专四
retreat,rɪ'trit,,n.撤退；休息寓所；撤退 v.撤退；退避；向后倾,专四
reunite,",riju'naɪt",,v.使重聚；使再结合；使再联合,专四
reveal,rɪ'vil,,v.显示；透露；揭露；泄露 n.揭露；暴露；门侧，窗侧,专四
revealing,rɪ'vilɪŋ,,a.透露真情的；有启迪作用的；袒胸露肩的 v.揭示；展现（reveal的ing形式）,专四
revenge,rɪ'vɛndʒ,,n.报复；复仇 v.报复；替…报仇；洗雪,专四
revenue,'rɛvənu,,n.税收，国家的收入；收益,专四
reverse,rɪ'vɝs,,n.背面；相反；倒退；失败 v.颠倒；倒转 a.反面的；颠倒的；反身的,专四
revise,rɪ'vaɪz,,v.修正；复习；校订 n.修订；校订,专四
revitalize,",ri'vaɪtəlaɪz",,v.使…复活；使…复兴；使…恢复生气,专四
revive,rɪ'vaɪv,,v.复兴；复活；苏醒；恢复精神,专四
revolt,rɪ'volt,,v.反抗；反叛；反感，厌恶 n.反抗；叛乱；反感,专四
revolve,rɪ'vɔlv,,v.旋转；循环出现；反复考虑 n.旋转；循环；旋转舞台,专四
reward,rɪ'wɔrd,,n.[劳经] 报酬；报答；酬谢 v.[劳经] 奖励；奖赏,专四
rhetoric,'rɛtərɪk,,n.修辞，修辞学；华丽的词藻 a.花言巧语的,专四
rheumatism,'rumətɪzəm,,n.[内科] 风湿病,专四
rhino,'raɪno,,n.犀牛（等于rhinoceros）；钱；现金,专四
rhythm,'rɪðəm,,n.节奏；韵律,专四
rib,rɪb,,n.肋骨；排骨；肋状物 v.戏弄；装肋于,专四
ribbon,'rɪbən,,n.带；缎带；（勋章等的）绶带；带状物；勋表 vi.形成带状 vt.把…撕成条带；用缎带装饰,专四
rich,rɪtʃ,,a.富有的；肥沃的；昂贵的 n.(Rich)人名；(丹)里克；(捷)里赫；(英、西)里奇；(葡、法)里什,专四
ridge,rɪdʒ,,n.山脊；山脉；屋脊 v.使成脊状；作垄,专四
ridiculous,rɪ'dɪkjələs,,a.可笑的；荒谬的,专四
rifle,'raɪfl,,n.步枪；来复枪 v.用步枪射击；抢夺；偷走,专四
rigid,'rɪdʒɪd,,a.严格的；僵硬的，死板的；坚硬的；精确的,专四
rim,rɪm,,n.边，边缘；轮辋；圆圈 v.作…的边，装边于,专四
rinse,rɪns,,v.漱；冲洗掉；漂净 n.冲洗；漂洗；[轻] 染发剂；染发,专四
riot,'raɪət,,n.暴乱；放纵；蔓延 v.骚乱；放荡,专四
rip,rɪp,,v.撕；锯 n.裂口，裂缝,专四
ripple,'rɪpl,,n.波纹；涟漪；[物] 涟波 v.起潺潺声,专四
rise,raɪz,,v.上升；增强；起立；高耸 n.上升；高地；增加；出现,专四
risk,rɪsk,,n.风险；危险；冒险 v.冒…的危险,专四
ritual,'rɪtʃuəl,,n.仪式；惯例；礼制 a.仪式的；例行的；礼节性的,专四
rival,'raɪvl,,n.对手；竞争者 v.与…竞争；比得上某人 a.竞争的,专四
road,rod,,n.公路，马路；道路；手段 vt.（狗）沿臭迹追逐（猎物） a.（美）巡回的,专四
roadside,'rodsaɪd,,n.路边；路旁 a.路边的；路旁的,专四
roadway,'rodwe,,n.道路；路面；车行道；铁路的路基,专四
roam,rom,,v.漫游，漫步；流浪 n.漫步，漫游；流浪,专四
roar,rɔr,,n.咆哮；吼；轰鸣 v.咆哮；吼叫；喧闹,专四
robbery,'rɑbəri,,n.抢劫，盗窃；抢掠,专四
robe,rob,,n.长袍，礼服；制服 v.穿长袍,专四
robin,'rɑbɪn,,n.知更鸟,专四
rocky,'rɑki,,a.岩石的，多岩石的；坚如岩石的；摇晃的；头晕目眩的,专四
rod,rɑd,,n.棒；惩罚；枝条；权力,专四
Roman,'romən,,n.罗马人；古罗马语 a.罗马的；罗马人的,专四
romantic,ro'mæntɪk,,a.浪漫的；多情的；空想的 n.浪漫的人 vt.使…浪漫化,专四
Rome,rəum,,n.罗马（意大利首都）,专四
rosy,'rozi,,a.蔷薇色的，玫瑰红色的；美好的；乐观的；涨红脸的 n.(Rosy)人名；(罗、意、瑞、典)罗茜(女名)，罗西；(英)罗茜,专四
rotate,'rotet,,v.旋转；循环 a.[植] 辐状的,专四
rough,rʌf,,a.粗糙的；粗略的；粗野的；艰苦的；未经加工的 v.使粗糙；粗暴对待；草拟 n.艰苦；高低不平的地面；未经加工的材料；粗糙的部分 ad.粗糙地；粗略地；粗暴地,专四
roughly,'rʌfli,,ad.粗糙地；概略地,专四
route,raʊt,,v.按某路线发送 n.路线；航线；通道,专四
routine,rʊ'tin,,n.[计] 程序；日常工作；例行公事 a.日常的；例行的,专四
rower,'roɚ,,n.桨手,专四
royal,'rɔɪəl,,a.皇家的；盛大的；女王的；高贵的；第一流的 n.王室；王室成员,专四
rub,rʌb,,v.擦；摩擦；惹怒 n.摩擦；障碍；磨损处,专四
ruby,'rubi,,n.红宝石；红宝石色 a.红宝石色的 vt.使带红宝石色,专四
rug,rʌɡ,,n.小地毯；毛皮地毯；男子假发,专四
rugged,'rʌɡɪd,,a.崎岖的；坚固的；高低不平的；粗糙的,专四
rumour,'ru:mə,,n.谣言 v.传闻,专四
runaway,'rʌnəwe,,a.逃亡的；逃走的 n.逃跑；逃走的人,专四
runway,'rʌnwe,,n.跑道；河床；滑道,专四
rural,'rʊrəl,,a.农村的，乡下的；田园的，有乡村风味的,专四
rust,rʌst,,n.锈；生锈；[植保] 锈病 v.使生锈；腐蚀,专四
rustic,'rʌstɪk,,a.乡村的；纯朴的；粗野的；手工粗糙的 n.乡下人；乡巴佬,专四
ruthless,'rʊθləs,,a.无情的，残忍的,专四
rye,raɪ,,n.黑麦；吉卜赛绅士 a.用黑麦制成的,专四
sack,sæk,,n.麻布袋；洗劫 v.解雇；把……装入袋；劫掠,专四
sacred,'sekrɪd,,a.神的；神圣的；宗教的；庄严的,专四
sadden,'sædn,,v.使悲伤，使难过；使黯淡,专四
saddle,'sædl,,n.鞍，鞍状物；车座；拖具 v.承受；使负担；装以马鞍,专四
safeguard,'sefɡɑrd,,n.[安全] 保护；保卫；保护措施 v.[安全] 保护，护卫,专四
safety,'sefti,,n.安全；保险；安全设备；保险装置；安打,专四
saint,sent,,n.圣人；圣徒；道德崇高的人 a.神圣的 v.成为圣徒,专四
sake,[sek],,n.目的；利益；理由；日本米酒,专四
salesclerk,"'seilzklɑ:k, -klə:k",,n.售货员；商店里的店员,专四
saleslady,"'selz,ledi",,n.女售货员,专四
saliva,sə'laɪvə,,n.唾液；涎,专四
salmon,'sæmən,,n.鲑鱼；大马哈鱼；鲑肉色；鲑鱼肉；橙红色，粉橙色 a.浅澄色的,专四
salon,sə'lɑn,,n.沙龙；客厅；画廊；美术展览馆,专四
saloon,sə'lun,,n.酒吧；大厅；展览场；公共大厅；大会客室；轿车（英国用法）,专四
salvation,sæl'veʃən,,n.拯救；救助,专四
sampan,'sæmpæn,,n.舢板；小船,专四
sample,'sæmpl,,v.取样；尝试；抽样检查 n.样品；样本；例子 a.试样的，样品的；作为例子的,专四
sanatorium,",sænə'tɔrɪəm",,n.疗养院；休养地,专四
sanction,'sæŋkʃən,,n.制裁，处罚；认可；支持 v.制裁，处罚；批准；鼓励,专四
sandal,'sændl,,n.凉鞋；檀香；檀香木；便鞋,专四
sandstone,'sænd'ston,,n.[岩] 砂岩；沙岩,专四
sandy,'sændi,,a.沙地的；多沙的；含沙的 n.(Sandy)人名；(法、喀、罗、西、英)桑迪(教名Alasdair、Alastair、Alexander、Alister、Elshender的昵称),专四
sane,sen,,a.健全的；理智的；[临床] 神志正常的 n.(Sane)人名；(日)实(姓)；(日)实(名)；(芬、塞、冈、几比、塞内)萨内,专四
sanguinary,'sængwɪn(ə)rɪ,,a.血腥的；流血的；残暴的,专四
sanitary,'sænə'tɛri,,a.卫生的，清洁的 n.公共厕所,专四
sanity,'sænəti,,n.明智；头脑清楚；精神健全；通情达理,专四
SAP,sæp,,n.[植] 树液；精力，元气；活力；坑道 v.使衰竭，使伤元气；挖掘以破坏基础,专四
sapling,'sæplɪŋ,,n.树苗；年轻人,专四
sarcastic,sɑr'kæstɪk,,a.挖苦的；尖刻的，辛辣的,专四
sardine,",sɑr'din",,n.沙丁鱼；庸碌无能的人 vt.使拥挤不堪,专四
Satan,'setn,,n.撒旦（魔鬼）,专四
satchel,'sætʃəl,,n.书包；小背包,专四
satin,'sætn,,n.缎子；缎子衣服 a.光滑的；绸缎做的；似缎的,专四
satire,'sætaɪɚ,,n.讽刺；讽刺文学，讽刺作品,专四
satisfactory,",sætɪs'fæktəri",,a.满意的；符合要求的；赎罪的,专四
saturate,'sætʃərɪt,,v.浸透，使湿透；使饱和，使充满 a.浸透的，饱和的；深颜色的,专四
saucepan,'sɔspæn,,n.炖锅；深平底锅,专四
sauna,'sɔnə,,n.桑拿浴 vi.洗桑拿浴,专四
saunter,'sɔntɚ,,n.漫步；闲逛 v.闲逛；漫步,专四
sausage,'sɔsɪdʒ,,n.香肠；腊肠；装香肠的碎肉,专四
savings,'sevɪŋz,,n.储蓄；存款；救助；节省物（saving的复数形式）,专四
savoury,'seivəri,,n.开胃的菜肴 a.可口的；开胃的；令人愉快的,专四
saw,sɔ,,v.看见；明白，了解；锯；锯成；锯开 n.锯子；谚语,专四
sawmill,'sɔmɪl,,n.锯木厂；锯木机,专四
scaffolding,'skæfəldɪŋ,,n.脚手架；搭脚手架的材料,专四
scalar,skelɚ,,a.标量的；数量的；梯状的，分等级的 n.[数] 标量；[数] 数量,专四
scale,skel,,n.规模；比例；鳞；刻度；天平；数值范围 v.衡量；攀登；剥落；生水垢,专四
scalp,skælp,,n.头皮；战利品 v.剥头皮,专四
scan,skæn,,v.扫描；浏览；细看；详细调查；标出格律 n.扫描；浏览；审视；细看,专四
scandal,'skændl,,n.丑闻；流言蜚语；诽谤；公愤,专四
Scandinavian,",skændi'neiviən; -vjən",,n.斯堪的纳维亚人；斯堪的纳维亚语；北欧日耳曼语系 a.斯堪的纳维亚的；斯堪的纳维亚人的；斯堪的纳维亚语的；北欧日耳曼语系的,专四
scant,skænt,,a.不足的；缺乏的；勉强够的 v.减少；节省；限制,专四
scapegoat,'skepɡot,,n.替罪羊，替人顶罪者；替身 vt.使成为…的替罪羊,专四
scar,skɑr,,v.伤害；给留下伤痕 n.创伤；伤痕,专四
scarce,skɛrs,,a.缺乏的，不足的；稀有的 ad.仅仅；几乎不；几乎没有,专四
scare,skɛr,,v.惊吓；把…吓跑 n.恐慌；惊吓；惊恐 a.（美）骇人的,专四
scarlet,'skɑrlɪt,,a.深红的；鲜红色的；罪孽深重的；淫荡的 n.猩红色；红衣；绯红色；鲜红色布,专四
scatter,'skætɚ,,v.分散，散开；散射 n.分散；散播，撒播,专四
scenery,'sinəri,,n.风景；景色；舞台布景,专四
scent,sɛnt,,n.气味；嗅觉；痕迹；察觉能力 v.闻到；发觉；使充满…的气味；循着遗臭追踪,专四
schedule,'skɛdʒul; (canadian) ˈʃɛdʒʊl; ˈʃɛdjʊl,,v.安排，计划；编制目录；将……列入计划表 n.时间表；计划表；一览表,专四
scheme,skim,,n.计划；组合；体制；诡计 v.搞阴谋；拟订计划,专四
schoolboy,'skulbɔɪ,,n.男学生；学童,专四
schoolchild,'skultʃaɪld,,n.学童,专四
schoolgirl,'skulɡɝl,,n.女学生,专四
schoolmaster,'skulmæstɚ,,n.男校长；教导者；男教师,专四
schoolmistress,'skʊl'mæstɚ,,n.女教师；女校长,专四
scoop,skup,,v.掘；舀取；抢先获得；搜集 n.勺；铲子；独家新闻；凹处,专四
scooter,'skutɚ,,n.小轮摩托车；速可达；单脚滑行车；小孩滑板车,专四
scope,skop,,n.范围；余地；视野；眼界；导弹射程 v.审视,专四
scorch,skɔrtʃ,,v.烧焦；使枯萎；挖苦 n.烧焦；焦痕,专四
scorn,skɔrn,,n.轻蔑；嘲笑；藐视的对象 v.轻蔑；藐视；不屑做,专四
scorpion,skɔrpɪən,,n.蝎子；蝎尾鞭；心黑的人,专四
Scotch,skɑtʃ,,a.苏格兰人的；苏格兰语的,专四
Scots,skɑts,,a.苏格兰的；苏格兰人的；苏格兰英语的 n.苏格兰人；苏格兰语,专四
Scotsman,'skɔtsmən,,n.苏格兰人,专四
scoundrel,'skaʊndrəl,,a.卑鄙的 n.恶棍；无赖；流氓,专四
scour,'skaʊɚ,,v.冲刷；擦；腹泻 n.擦，冲刷；洗涤剂；（畜类等的）腹泻,专四
scout,skaʊt,,n.搜索，侦察；侦察员；侦察机 v.侦察；跟踪，监视；发现,专四
scramble,'skræmbl,,v.攀登；使混杂，仓促凑成；扰乱 n.抢夺，争夺；混乱，混乱的一团；爬行，攀登,专四
scrap,skræp,,n.碎片；残余物；打架；少量 v.废弃；使解体；拆毁 a.废弃的；零碎的,专四
scrape,skrep,,n.刮掉；擦痕；困境；刮擦声 v.刮；擦伤；挖成,专四
scratch,skrætʃ,,n.擦伤；抓痕；刮擦声；乱写 a.打草稿用的；凑合的；碰巧的 v.抓；刮；挖出；乱涂,专四
screenplay,'skrin'ple,,n.编剧，剧本；电影剧本,专四
screw,skru,,v.旋，拧；压榨；强迫 n.螺旋；螺丝钉；吝啬鬼,专四
scribble,'skrɪbl,,n.潦草写成的东西；潦草的写法；杂文 v.乱写；滥写；潦草地书写,专四
script,skrɪpt,,n.脚本；手迹；书写用的字母 v.把…改编为剧本,专四
scroll,skrol,,n.卷轴，画卷；名册；卷形物 v.成卷形,专四
scrub,skrʌb,,n.矮树；洗擦；擦洗者；矮小的人（或物） v.用力擦洗；使净化 a.矮小的；临时凑合的；次等的,专四
scrutiny,'skrutəni,,n.详细审查；监视；细看；选票复查,专四
sculptor,'skʌlptɚ,,n.雕刻家,专四
scuttle,'skʌtl,,n.天窗；煤桶；筐 v.逃避；急促地跑,专四
scythe,saɪð,,n.长柄大镰刀；钐刀 v.用大镰刀割,专四
seafood,'sifud,,n.海鲜；海味；海产食品,专四
seal,sil,,n.密封；印章；海豹；封条；标志 v.密封；盖章,专四
seam,sim,,n.缝；接缝 v.缝合；接合；使留下伤痕,专四
seaport,'sipɔrt,,n.海港；港口都市,专四
seashore,'siʃɔr,,n.海滨；海岸 a.海滨的；在海滨的,专四
seasick,'sisɪk,,a.晕船的,专四
seasickness,"'si,sɪknɪs",,n.晕船,专四
seasoning,'sizənɪŋ,,n.调味品；佐料；风干；增添趣味的东西,专四
seat,sit,,n.座位；所在地；职位 v.使…坐下；可容纳…的；使就职,专四
seaward,'siwɚd,,a.向海的；朝海的 ad.向海；往海那边 n.临海位置；朝海方向,专四
seaweed,'si'wid,,n.海藻，海草,专四
secondary,'sɛkəndɛri,,a.第二的；中等的；次要的；中级的 n.副手；代理人,专四
secretarial,'sɛkrə'tɛrɪəl,,a.秘书的；书记的；部长的,专四
sector,'sɛktɚ,,n.部门；扇形，扇区；象限仪；函数尺 vt.把…分成扇形,专四
secular,'sɛkjəlɚ,,a.世俗的；长期的；现世的；不朽的 n.修道院外的教士，(对宗教家而言的) 俗人,专四
secureness,,,n.停止工作,专四
security,sə'kjʊrəti,,n.安全；保证；证券；抵押品 a.安全的；保安的；保密的,专四
seed,sid,,n.种子；根据；精液；萌芽；子孙；原由 v.播种；结实；成熟；去…籽,专四
seek,sik,,v.寻求；寻找；探索；搜索,专四
seemingly,'simɪŋli,,ad.看来似乎；表面上看来,专四
segment,'sɛɡmənt,,v.分割 n.段；部分,专四
seizure,'siʒɚ,,n.没收；夺取；捕获；（疾病的）突然发作,专四
seldom,'sɛldəm,,ad.很少，不常,专四
selection,sɪ'lɛkʃən,,n.选择，挑选；选集；精选品,专四
selfish,'sɛlfɪʃ,,a.自私的；利己主义的,专四
seller,'sɛlɚ,,n.卖方，售货员,专四
semester,səˈmɛstɚ,,n.学期；半年,专四
semicolon,'sɛmɪkolən,,n.分号,专四
seminar,'sɛmɪnɑr,,n.讨论会，研讨班,专四
senate,'sɛnət,,n.参议院，上院；（古罗马的）元老院,专四
seniority,",sinɪ'ɔrəti",,n.长辈；老资格；前任者的特权,专四
sensation,sɛn'seʃən,,n.感觉；轰动；感动,专四
sensible,'sɛnsəbl,,a.明智的; 通情达理的; 合乎情理的; 意识到的，能感觉到的; n.可感觉到的东西; 敏感的人;,专四
sensitive,'sɛnsətɪv,,a.敏感的；感觉的；[仪] 灵敏的；感光的；易受伤害的；易受影响的 n.敏感的人；有灵异能力的人,专四
sentimental,'sɛntə'mɛntl,,a.伤感的；多愁善感的；感情用事的；寓有情感的,专四
separate,(for v.) sɛpəˌret; (for adj.) sɛprɪt,,v.使分离；使分开；使分居 a.单独的；分开的；不同的；各自的； n.分开；抽印本,专四
separation,",sɛpə'reʃən",,n.分离，分开；间隔，距离；[法] 分居；缺口,专四
sequence,'sikwəns,,n.[数][计] 序列；顺序；续发事件 v.按顺序排好,专四
sergeant,'sɑrdʒənt,,n.军士；警察小队长；海军陆战队中士；高等律师,专四
series,'sɪriz,,n.系列，连续；[电] 串联；级数；丛书,专四
sermon,'sɝmən,,n.布道；训诫；启示；冗长的讲话 vt.对…布道；对…说教 vi.布道,专四
serpent,'sɝpənt,,n.蛇（尤指大蛇或毒蛇）；狡猾的人,专四
serviceman,'sɝvɪsmən,,n.军人；维修人员,专四
sesame,'sɛsəmi,,n.芝麻,专四
session,'sɛʃən,,n.会议；（法庭的）开庭；（议会等的）开会；学期；讲习会,专四
setback,'sɛtbæk,,n.挫折；退步；逆流,专四
settee,sɛ'ti,,n.有靠背的长椅；中型沙发,专四
setting,'sɛtɪŋ,,n.环境；安装；布置；[天] 沉落 v.放置；沉没；使…处于某位置（set的ing形式）,专四
sever,'sɛvɚ,,v.割断，断绝；分开；使分离 n.(Sever)人名；(俄)谢韦尔；(捷、塞、意、西、土、瑞典、罗)塞韦尔；(英)塞弗；(德)泽弗,专四
severe,sɪ'vɪr,,a.严峻的；严厉的；剧烈的；苛刻的,专四
severely,sə'vɪrli,,ad.严重地；严格地，严厉地；纯朴地,专四
sewage,'sʊɪdʒ,,n.污水；下水道；污物,专四
sewer,'suɚ,,n.下水道；阴沟；裁缝师 vt.为…铺设污水管道；用下水道排除…的污水 vi.清洗污水管,专四
sewerage,'suərɪdʒ,,n.下水道系统,专四
sexy,'sɛksi,,a.性感的；迷人的；色情的,专四
shaft,ʃæft,,n.拍杆；[机] 轴；箭杆；杆状物 v.利用；在……上装杆,专四
shake,ʃek,,v.动摇；摇动；震动；握手 n.摇动；哆嗦,专四
shameless,'ʃemləs,,a.无耻的；不要脸的；伤风败俗的,专四
shampoo,ʃæm'pu,,n.洗发；洗发精 v.洗发,专四
shareholder,'ʃɛrholdɚ,,n.股东；股票持有人,专四
shawl,ʃɔl,,n.围巾，长方形披巾 vt.用披巾包裹,专四
sheer,ʃɪr,,a.绝对的；透明的；峻峭的；纯粹的 ad.完全；陡峭地 v.偏航 n.偏航；透明薄织物,专四
sheet,ʃit,,n.薄片，纸张；薄板；床单 v.覆盖；盖上被单；使成大片 a.片状的,专四
shellfish,'ʃɛl'fɪʃ,,n.甲壳类动物；贝类等有壳的水生动物,专四
shepherd,'ʃɛpɚd,,v.牧羊；带领；指导；看管 n.牧羊人；牧师；指导者,专四
sheriff,'ʃɛrɪf,,n.州长；郡治安官；执行吏,专四
sherry,'ʃeri,,n.雪利酒（西班牙产的一种烈性白葡萄酒）；葡萄酒,专四
shield,ʃild,,n.盾；防护物；保护者 v.遮蔽；包庇；避开；保卫,专四
shift,ʃɪft,,n.移动；变化；手段；轮班 v.移动；转变；转换,专四
shilling,'ʃɪlɪŋ,,n.先令,专四
shipment,'ʃɪpmənt,,n.装货；装载的货物,专四
shiver,'ʃɪvɚ,,n.颤抖，战栗；碎片 v.颤抖；哆嗦；打碎,专四
shockproof,"'ʃɔk,pru:f",,a.防震的；防电击的,专四
shoemaker,'ʃʊ'mekɚ,,n.鞋匠；补鞋工人,专四
shoplift,'ʃɑplɪft,,v.从商店中偷商品,专四
shortage,'ʃɔrtɪdʒ,,n.缺乏，缺少；不足,专四
shorten,'ʃɔrtn,,v.缩短；减少；变短,专四
shotgun,'ʃɑtɡʌn,,n.霰弹猎枪 a.猎枪的；被迫的 vt.用猎枪射击；强迫 vi.用猎枪射击,专四
shovel,'ʃʌvl,,n.铁铲；一铲的量；铲车 v.铲除；用铲挖；把…胡乱塞入,专四
showcase,'ʃokes,,n.陈列橱，[家具] 陈列柜；显示优点的东西 vt.使展现；在玻璃橱窗陈列,专四
showdown,'ʃodaʊn,,n.摊牌；紧要关头；最后一决胜负,专四
shrewd,ʃrud,,a.精明的；狡猾的；机灵的 n.精明（的人）；机灵（的人）,专四
shriek,ʃrik,,v.尖叫；促人注意 n.尖声；尖锐的响声,专四
shrill,ʃrɪl,,a.尖锐的；刺耳的 ad.尖锐地 v.尖声喊叫 n.尖叫声,专四
shrimp,ʃrɪmp,,n.虾；小虾；矮小的人 v.捕虾 a.有虾的；虾制的,专四
shrine,ʃraɪn,,n.圣地；神殿；神龛；圣祠 v.将…置于神龛内；把…奉为神圣,专四
shrub,ʃrʌb,,n.灌木；灌木丛,专四
shrug,ʃrʌɡ,,v.耸肩，耸肩表示 n.耸肩,专四
shudder,'ʃʌdɚ,,n.发抖；战栗；震动 v.发抖；战栗,专四
shutter,'ʃʌtɚ,,n.快门；百叶窗；关闭物；遮板 v.为…装百叶窗；以百叶窗遮闭,专四
sicken,'sɪkən,,v.使患病；使恶心；使嫌恶,专四
sickle,'sɪkl,,n.镰刀,专四
sideboard,'saɪd'bɔrd,,n.餐具柜；侧板，边线界墙,专四
sidelight,'saɪdlaɪt,,n.侧灯，舷灯；趣闻；侧面射进来的光线,专四
siege,sidʒ,,n.围攻；包围；围城；不断袭击；长期努力 vt.围攻；包围,专四
sieve,sɪv,,n.[粮食][矿业] 筛子；滤网；不能保守秘密的人 v.筛；滤,专四
sift,sɪft,,v.筛选；撒；过滤；详查 n.(Sift)人名；(匈)希夫特,专四
sight,saɪt,,n.视力；景象；眼界；见解 v.看见；瞄准 a.见票即付的；即席的,专四
sign,saɪn,,n.迹象；符号；记号；手势；指示牌 v.签署；签名,专四
signal,'sɪgnl,,n.信号；暗号；导火线 v.标志；用信号通知；表示 a.显著的；作为信号的,专四
significance,sɪɡ'nɪfɪkəns,,n.意义；重要性；意思,专四
signpost,'saɪnpost,,n.路标；指示牌,专四
silent,'saɪlənt,,a.沉默的；寂静的；无记载的 n.无声电影,专四
silicon,'sɪlɪkən,,n.[化学] 硅；硅元素,专四
silky,'sɪlki,,a.丝的；柔滑的；温和的；丝绸一样的,专四
silvery,'sɪlvəri,,a.银色的；清脆的；银铃一般的；似银的,专四
similar,'sɪməlɚ,,a.相似的 n.类似物,专四
similarity,",sɪmə'lærəti",,n.类似；相似点,专四
simile,'sɪməli,,n.明喻；直喻,专四
simplify,'sɪmplɪfaɪ,,v.简化；使单纯；使简易,专四
simultaneous,",saɪml'tenɪəs",,a.同时的；联立的；同时发生的 n.同时译员,专四
sincerity,sɪn'sɪərəti,,n.真实，诚挚,专四
sinful,'sɪnfl,,a.有罪的,专四
singular,'sɪŋɡjəlɚ,,a.单数的；单一的；非凡的；异常的 n.单数,专四
sinister,'sɪnɪstɚ,,a.阴险的；凶兆的；灾难性的；左边的,专四
sink,sɪŋk,,v.下沉；消沉；渗透 n.水槽；洗涤槽；污水坑,专四
sitcom,'sɪtkɑm,,abbr.情景喜剧（situation comedy）,专四
site,saɪt,,n.地点；位置；场所 v.设置；为…选址,专四
situate,'sɪtʃʊet,,v.使位于；使处于 a.位于…的,专四
situation,",sɪtʃu'eʃən",,n.情况；形势；处境；位置,专四
skate,sket,,v.滑冰；滑过 n.溜冰；冰鞋,专四
skeleton,'skɛlɪtn,,n.骨架，骨骼；纲要；骨瘦如柴的人 a.骨骼的；骨瘦如柴的；概略的,专四
skeptical,'skɛptɪkl,,a.怀疑的；怀疑论的，不可知论的,专四
sketch,skɛtʃ,,n.素描；略图；梗概 v.画素描或速写,专四
skid,skɪd,,n.打滑；[车辆] 刹车；滑轨，滑动垫木 v.刹住，使减速；滚滑,专四
skilled,skɪld,,a.熟练的；有技能的；需要技能的,专四
skirmish,'skɝmɪʃ,,n.小冲突，小规模战斗；小争论 v.进行小规模战斗；发生小争论,专四
skull,skʌl,,n.头盖骨，脑壳,专四
skyrocket,'skaɪ'rɑkɪt,,n.流星烟火；冲天火箭 v.飞涨，突然高升,专四
slack,slæk,,a.松弛的；疏忽的；不流畅的 v.松懈；减弱 n.煤末；峡谷 ad.马虎地；缓慢地,专四
slam,slæm,,v.砰地关上；猛力抨击 n.猛击；砰然声,专四
slander,'slændɚ,,v.诽谤；造谣中伤 n.诽谤；中伤,专四
slang,slæŋ,,n.俚语；行话 a.俚语的 v.用粗话骂,专四
slant,slænt,,n.倾斜；观点；偏见 v.倾斜；有倾向 a.倾斜的；有偏见的,专四
slap,slæp,,v.拍击；侮辱；掌击；掴…的耳光 n.掴；侮辱；掌击；拍打声 ad.直接地；猛然地；恰好,专四
slate,slet,,n.板岩；石板；蓝色；石片 v.铺石板；严厉批评某人；计划 a.板岩的；石板色的,专四
slaughter,'slɔtɚ,,v.屠宰，屠杀；杀戮；使惨败 n.屠宰，屠杀；杀戮；消灭,专四
slay,sle,,v.杀害，杀死；使禁不住大笑 n.(Slay)人名；(英、柬)斯莱,专四
sledge,sledʒ,,v.用雪橇搬运；乘雪橇；用大锤打 n.雪橇；大锤,专四
sleepless,'slipləs,,a.失眠的；不休息的；警觉的；永不停息的,专四
sleet,slit,,v.下雨夹雪；下冰雹 n.雨夹雪；雨淞,专四
sleigh,sle,,v.乘雪橇；驾雪橇 n.雪橇,专四
slender,'slɛndɚ,,a.细长的；苗条的；微薄的,专四
slice,slaɪs,,n.薄片；部分；菜刀，火铲 v.切下；把…分成部分；将…切成薄片,专四
slide,slaɪd,,n.滑动；幻灯片；滑梯；雪崩 v.滑动；滑落；不知不觉陷入,专四
slim,slɪm,,a.苗条的；修长的；微小的；差的 v.使…体重减轻；使…苗条 n.(Slim)人名；(阿拉伯)萨利姆；(英、西)斯利姆,专四
sling,slɪŋ,,n.[机] 吊索；投石器；抛掷 v.用投石器投掷；吊起,专四
slip,slɪp,,v.滑动；滑倒；犯错；失足；减退 n.滑，滑倒；片，纸片；错误；下跌；事故 a.滑动的；有活结的；活络的 abbr.串行线路接口协议，是旧式的协议（Serial Line Interface Protocol）,专四
slogan,'slogən,,n.标语；呐喊声,专四
slope,slop,,n.斜坡；倾斜；斜率；扛枪姿势 v.倾斜；逃走,专四
slot,slɑt,,n.位置；狭槽；水沟；硬币投币口 v.跟踪；开槽于,专四
sluggish,'slʌɡɪʃ,,a.萧条的；迟钝的；行动迟缓的；懒惰的 n.市况呆滞；市势疲弱,专四
slum,slʌm,,v.（为猎奇或救济等）去贫民窟 n.贫民窟；陋巷；脏乱的地方,专四
slumber,'slʌmbɚ,,n.睡眠；麻木状态；静止状态 v.睡眠；蛰伏；麻木,专四
sly,slaɪ,,a.狡猾的；淘气的；诡密的 n.(Sly)人名；(英)斯莱,专四
smack,smæk,,n.滋味；少量；海洛因；风味 v.掴；用掌击 ad.猛然；直接地,专四
smash,smæʃ,,v.粉碎；使破产；溃裂 n.破碎；扣球；冲突；大败 a.了不起的；非常轰动的；出色的,专四
smear,smɪr,,v.诽谤；弄脏；涂上；把…擦模糊 n.涂片；诽谤；污点,专四
smith,smɪθ,,n.史密斯（男子姓氏）,专四
smoked,smokt,,a.熏制的 v.用烟处理（smoke的过去分词）,专四
smokeless,'sməuklis,,a.无烟的；不冒烟的,专四
smokestack,'smokstæk,,n.烟囱，烟窗 a.低技术制造业的；大工厂的,专四
smoky,'smoki,,a.冒烟的；烟熏味的；熏着的；呛人的；烟状的,专四
smudge,smʌdʒ,,v.弄脏，涂污；用浓烟熏 n.污点，污迹；烟熏火堆,专四
smuggle,'smʌgl,,v.走私；偷运,专四
snail,snel,,n.蜗牛；迟钝的人 v.缓慢移动,专四
snapshot,'snæpʃɑt,,n.快照，快相；急射，速射；简单印象 vt.给…拍快照 vi.拍快照,专四
sneak,snik,,v.溜；鬼鬼祟祟做事；向老师打小报告 n.鬼鬼祟祟的人；偷偷摸摸的行为；告密者 a.暗中进行的,专四
sneer,snɪr,,v.嘲笑，冷笑 n.嘲笑，冷笑,专四
snicker,'snɪkɚ,,v.偷笑，窃笑 n.窃笑,专四
sniff,snɪf,,v.嗅；嗤之以鼻 n.吸，闻；嗤之以鼻；气味；以鼻吸气；吸气声,专四
snobbery,'snɑbəri,,n.势利，谄上欺下；摆绅士架子；势利的行为或语言,专四
snooker,'snukɚ,,n.斯诺克台球 v.阻挠,专四
snore,snɔr,,n.鼾声 v.打呼噜；打着鼾声渡过,专四
snug,snʌɡ,,a.舒适的；温暖的；紧身的；隐藏的 vt.使变得温暖舒适；隐藏 vi.偎依；舒适地蜷伏 n.舒适温暖的地方；雅室,专四
soak,sok,,v.吸收，吸入；沉浸在（工作或学习中）；使……上下湿透 n.浸；湿透；大雨,专四
soapy,'sopi,,a.涂着肥皂的；含有肥皂的；似肥皂的；圆滑的,专四
soar,sɔr,,v.高飞；高耸；往上飞舞 n.高飞；高涨,专四
sober,'sobɚ,,a.冷静的，清醒的；未醉的 v.使严肃；使醒酒，使清醒 n.(Sober)人名；(英)索伯,专四
sociable,'soʃəbl,,a.社交的；好交际的；友善的 n.联谊会,专四
socket,'sɑkɪt,,n.插座；窝，穴；牙槽 vt.给…配插座,专四
soda,'sodə,,n.苏打；碳酸水,专四
sodium,'sodɪəm,,n.[化学] 钠（11号元素，符号 Na）,专四
soften,'sɔfn,,v.使温和；使缓和；使变柔软,专四
solar,'solɚ,,a.太阳的；日光的；利用太阳光的；与太阳相关的 n.日光浴室,专四
soldierly,'soldʒɚli,,a.军人的；适于军人的；英勇的,专四
sole,sol,,n.鞋底；脚底；基础；鳎目鱼 a.唯一的；单独的；仅有的 v.触底；上鞋底,专四
solemn,'sɑləm,,a.庄严的，严肃的；隆重的，郑重的,专四
solicit,sə'lɪsɪt,,v.征求；招揽；请求；乞求,专四
solidarity,",sɑlɪ'dærəti",,n.团结，团结一致,专四
solitude,'sɑlətud,,n.孤独；隐居；荒僻的地方,专四
solo,'solo,,n.独奏；独唱；独奏曲 a.独奏的；独唱的；单独的 v.单人攀登；单独驾 ad.单独地,专四
solution,sə'luʃən,,n.解决方案；溶液；溶解；解答,专四
solve,sɔlv,,v.解决；解答；溶解,专四
somehow,'sʌmhaʊ,,ad.以某种方法；莫名其妙地,专四
sometime,'sʌmtaɪm,,ad.改天；来日；在某一时候 a.以前的；某一时间的,专四
somewhat,'sʌmwʌt,,n.几分；某物 ad.有点；多少；几分；稍微,专四
sonnet,'sɑnɪt,,n.十四行诗；商籁诗,专四
soot,sʊt,,n.煤烟，烟灰 v.用煤烟熏黑；以煤烟弄脏,专四
soothe,sʊð,,v.安慰；使平静；缓和,专四
sophisticated,sə'fɪstɪketɪd,,a.复杂的；精致的；久经世故的；富有经验的 v.使变得世故；使迷惑；篡改（sophisticate的过去分词形式）,专四
sophomore,'sɑfəmɔr,,n.大学二年级生；（美）有二年经验的人 a.二年级的；二年级学生的,专四
sore,sɔr,,a.疼痛的，痛心的；剧烈的，极度的；恼火的，发怒的；厉害的，迫切的 n.溃疡，痛处；恨事，伤心事,专四
sorghum,'sɔrgəm,,n.高粱；[作物] 蜀黍；甜得发腻的东西,专四
sos,'ɛs 'o 'ɛs,,n.紧急求救信号 vi.发出遇难信号,专四
soul,sol,,n.灵魂；心灵；精神；鬼魂 a.美国黑人文化的,专四
source,sɔrs,,n.来源；水源；原始资料,专四
southerly,'sʌðɚli,,a.来自南方的；向南的 ad.来自南方；向南 n.南风,专四
southward,'sʌðəd,,a.向南的；在南方的 ad.向南 n.朝南的方向,专四
sovereignty,'sɑvrənti,,n.主权；主权国家；君主；独立国,专四
soviet,'sovɪ'ɛt,,a.苏联的；苏维埃的；委员会的 n.苏维埃（代表会议）；委员会；代表会议,专四
sow,so,,v.播种；散布；使密布 n.母猪,专四
soy,sɔɪ,,n.大豆；酱油,专四
spa,spɑ,,n.矿泉；温泉浴场；矿泉治疗地,专四
space,spes,,n.空间；太空；距离 v.留间隔,专四
spacious,'speʃəs,,a.宽敞的，广阔的；无边无际的,专四
span,spæn,,n.跨度，跨距；范围 v.跨越；持续；以手指测量,专四
Spaniard,'spænjəd,,n.西班牙人,专四
spanner,'spænɚ,,n.扳手；螺丝扳手；测量器；用手掌量的人,专四
sparkle,'spɑrkl,,n.闪耀；火花；活力 v.使闪耀；使发光,专四
sparse,spɑrs,,a.稀疏的；稀少的,专四
sparsely,'spɑrsli,,ad.稀疏地；贫乏地,专四
spawn,spɔn,,n.卵；菌丝；产物 v.产卵；酿成，造成；大量生产,专四
spearhead,'spɪr'hɛd,,n.矛头；先锋；先锋部队 v.带头；做先锋,专四
special,'spɛʃl,,n.特使，特派人员；特刊；特色菜；专车；特价商品 a.特别的；专门的，专用的,专四
specialize,'spɛʃəlaɪz,,v.专门从事；详细说明；特化,专四
species,'spiʃiz,,n.[生物] 物种；种类 a.物种上的,专四
specification,'spɛsəfə'keʃən,,n.规格；说明书；详述,专四
specimen,'spɛsəmən,,n.样品，样本；标本,专四
speck,spɛk,,n.灰尘；污点；小颗粒 v.使有斑点,专四
spectacular,spɛk'tækjəlɚ,,a.壮观的，惊人的；公开展示的,专四
speculate,'spɛkjə'let,,v.推测；投机；思索,专四
speechless,'spitʃləs,,a.说不出话的；哑的；非言语所能表达的,专四
speed,spid,,v.超速，加速；加速，迅速前行；兴隆 n.速度，速率；迅速，快速；昌盛，繁荣,专四
speedometer,'spi'dɑmɪtɚ,,n.速度计；里程计,专四
speedway,'spid'we,,n.高速公路；（摩托车或汽车的）赛车跑道；机器脚踏车的竞赛场,专四
sphere,sfɪr,,n.范围；球体 vt.包围；放入球内；使…成球形 a.球体的,专四
spicy,'spaɪsi,,a.辛辣的；香的，多香料的；下流的,专四
spider,'spaɪdɚ,,n.蜘蛛；设圈套者；三脚架,专四
spike,spaɪk,,n.长钉，道钉；钉鞋；细高跟 v.阻止；以大钉钉牢；用尖物刺穿,专四
spill,spɪl,,v.使溢出，使流出；使摔下 n.溢出，溅出；溢出量；摔下；小塞子,专四
spin,spɪn,,v.旋转；纺纱；吐丝；晕眩 n.旋转；疾驰,专四
spinach,'spɪnɪtʃ,,n.菠菜,专四
spine,spaɪn,,n.脊柱，脊椎；刺；书脊,专四
spinster,'spɪnstɚ,,n.老姑娘；未婚女人,专四
spiral,'spaɪrəl,,n.螺旋；旋涡；螺旋形之物 a.螺旋形的；盘旋的 v.使成螺旋形；使作螺旋形上升,专四
spite,spaɪt,,n.不顾；恶意；怨恨 v.刁难；使恼怒,专四
splash,splæʃ,,v.溅，泼；用使液体飞溅 n.飞溅的水；污点；卖弄,专四
splendour,ˈsplɛndɚ,,n.显赫（等于splendor）；光彩壮丽,专四
splinter,'splɪntɚ,,n.碎片；微小的东西；极瘦的人 v.分裂；裂成碎片,专四
spoil,spɔɪl,,v.溺爱；糟蹋；破坏；掠夺 n.次品；奖品,专四
spokesperson,'spokspɝsn,,n.发言人；代言人,专四
sponge,spʌndʒ,,v.抹掉；用海绵擦拭；讨得 n.海绵；海绵状物,专四
sponsor,'spɑnsɚ,,n.赞助者；主办者；保证人 v.赞助；发起,专四
spontaneous,spɑn'tenɪəs,,a.自发的；自然的；无意识的,专四
sportsman,'spɔrtsmən,,n.运动员；运动家；冒险家,专四
sportsmanship,'spɔrtsmən'ʃɪp,,n.运动员精神，运动道德,专四
sportswoman,'spɔrtsmən,,n.女运动家；女运动员,专四
spot,spɑt,,n.地点；斑点 v.认出；弄脏；用灯光照射 a.现场的；现货买卖的 ad.准确地；恰好,专四
spotless,'spɑtləs,,a.无可挑剔的；无瑕疵的；纯洁的,专四
spotlight,'spɑtlaɪt,,n.聚光灯；反光灯；公众注意的中心 v.聚光照明；使公众注意,专四
spouse,spaʊs,,n.配偶 vt.和…结婚,专四
sprain,spren,,v.扭伤 n.扭伤,专四
spread,sprɛd,,v.传播；伸展 n.传播；伸展 a.伸展的,专四
springboard,'sprɪŋbɔrd,,n.跳板；出发点 vi.利用跳板跃进,专四
springlock,'spriŋlɔk,,n.弹簧锁,专四
sprinkle,'sprɪŋkl,,n.撒，洒；少量 v.洒；微雨；散置,专四
sprout,spraʊt,,v.发芽；长芽 n.芽；萌芽；苗芽,专四
spruce,sprʊs,,v.打扮整齐；使显干净 a.整洁的 n.云杉,专四
spur,spɝ,,n.鼓舞，刺激；马刺；山坡 v.骑马疾驰；给予刺激,专四
squad,skwɑd,,n.班；小队；五人组（篮球队的非正式说法） vt.把…编成班；把…编入班,专四
squander,'skwɑndɚ,,v.浪费 n.浪费,专四
squarely,'skwɛrli,,ad.直角地；诚实地；正好；干脆地；正当地,专四
squat,skwɑt,,v.蹲，蹲下；蹲坐；蹲伏 n.蹲坐，蜷伏 a.蹲着的；矮胖的,专四
squeeze,skwiz,,v.挤；紧握；勒索 n.压榨；紧握；拥挤；佣金,专四
stab,stæb,,v.刺；刺伤；戳；刺穿；直入 n.刺；戳；尝试；突发的一阵,专四
stabilize,'stebəlaɪz,,v.使稳固，使安定,专四
stable,'stebl,,n.马厩；牛棚 a.稳定的；牢固的；坚定的 v.被关在马厩,专四
stack,stæk,,n.堆；堆叠 v.使堆叠；把…堆积起来,专四
staff,stæf,,n.职员；参谋；棒；支撑 a.职员的；行政工作的 v.供给人员；给…配备职员,专四
stag,stæɡ,,n.牡鹿；不带女伴的舞客；阉割过的雄鹿 a.全是男人的 v.不带女伴参加晚会,专四
stagger,'stægɚ,,v.蹒跚；使交错；使犹豫 n.蹒跚；交错安排 a.交错的；错开的,专四
stagnant,'stægnənt,,a.停滞的；不景气的；污浊的；迟钝的,专四
stain,sten,,v.沾污；败坏；给…着色 n.污点；瑕疵；着色剂,专四
stainless,ˈsteɪnlɪs,,a.不锈的；纯洁的，未被玷污的；无瑕疵的,专四
staircase,'stɛrkes,,n.楼梯,专四
stake,stek,,n.桩，棍子；赌注；火刑；奖金 v.资助，支持；系…于桩上；把…押下打赌,专四
stale,stel,,a.陈腐的；不新鲜的 v.变陈旧；撒尿；变得不新鲜 n.尿,专四
stalk,stɔk,,n.（植物的）茎，秆；（支持叶子、果实和花的）梗，柄；追踪；高视阔步 v.追踪，潜近；高视阔步,专四
stall,stɔl,,n.货摊；畜栏；托辞 v.停止，停转；拖延,专四
stammer,'stæmɚ,,v.口吃；结结巴巴地说 n.口吃；结巴,专四
stand,stænd,,v.站立；位于；停滞 n.站立；立场；看台；停止,专四
standardize,'stændɚdaɪz,,v.使标准化；用标准检验,专四
standpoint,'stændpɔɪnt,,n.立场；观点,专四
standstill,'stændstɪl,,n.停顿；停止,专四
stapler,'steplɚ,,n.[轻] 订书机；主要商品批发商；把羊毛分级的人,专四
starch,stɑrtʃ,,n.淀粉；刻板，生硬 v.给…上浆,专四
starry,'stɑri,,a.布满星星的；闪闪发光的；星光照耀的；星形的 n.(Starry)人名；(英)斯塔里,专四
startle,'stɑrtl,,v.使吓一跳；使惊奇 n.惊愕；惊恐,专四
startling,'stɑrtlɪŋ,,a.令人吃惊的,专四
state,stet,,n.国家；州；情形 v.规定；声明；陈述 a.国家的；州的；正式的,专四
statement,'stetmənt,,n.声明；陈述，叙述；报表，清单,专四
stateroom,'stetrʊm,,n.政府公寓；特等舱；包房,专四
statesman,'stetsmən,,n.政治家；国务活动家,专四
static,'stætɪk,,a.静态的；静电的；静力的 n.静电；静电干扰,专四
stationary,'steʃənɛri,,a.固定的；静止的；定居的；常备军的 n.不动的人；驻军,专四
stationery,'steʃənɛri,,n.文具；信纸,专四
statistics,stə'tɪstɪks,,n.统计；统计学；[统计] 统计资料,专四
statue,'stætʃu,,n.雕像，塑像 vt.以雕像装饰,专四
status,ˈstætəs; ˈstetəs,,n.地位；状态；情形；重要身份,专四
statute,'stætʃut,,n.[法] 法规；法令；条例,专四
staunch,stɔntʃ,,a.坚定的；忠诚的；坚固的 v.止住；止血 n.(Staunch)人名；(英)斯汤奇,专四
steadfast,'stɛdfæst,,a.坚定的；不变的,专四
stealthy,'stɛlθi,,a.鬼鬼祟祟的；秘密的,专四
steamer,'stimɚ,,n.轮船；蒸汽机；蒸笼,专四
steeple,'stipl,,n.尖塔；尖顶 vt.把…建成尖塔,专四
steer,stɪr,,v.控制，引导；驾驶 n.阉牛,专四
stem,stɛm,,n.干；茎；船首；血统 v.阻止；除去…的茎；给…装柄,专四
stench,stɛntʃ,,n.恶臭；臭气 vt.使…散发恶臭 vi.发恶臭,专四
step,stɛp,,n.步，脚步；步骤；步伐；梯级 v.踏，踩；走,专四
stereo,'stɛrɪo,,n.立体声；立体声系统；铅版；立体照片 a.立体的；立体声的；立体感觉的,专四
sterile,'stɛrəl,,a.不育的；无菌的；贫瘠的；不毛的；枯燥乏味的,专四
sterling,'stɝlɪŋ,,a.纯正的；英币的；纯银制的 n.英国货币；标准纯银,专四
stern,stɝn,,n.船尾；末端 a.严厉的；坚定的,专四
stew,"stu, stju",,v.炖，炖汤；焖；忧虑；受闷热 n.炖，炖汤；烦恼；闷热；鱼塘,专四
sticky,'stɪki,,a.粘的；粘性的,专四
stiffen,'stɪfn,,v.变硬；变猛烈；变粘,专四
stifle,'staɪfl,,v.扼杀；使窒息；藏匿 n.（马等的）后膝关节；（马等的）[动] 后膝关节病,专四
stigma,'stɪɡmə,,n.[植] 柱头；耻辱；污名；烙印；特征,专四
stimulate,'stɪmjə'let,,v.刺激；鼓舞，激励,专四
sting,stɪŋ,,n.刺痛；讽刺，刺激；刺毛 v.刺；驱使；使…苦恼；使…疼痛,专四
stink,stɪŋk,,n.臭味；讨厌的人 v.发出臭味；招人讨厌,专四
stir,stɝ,,n.搅拌；轰动 v.搅拌；激起；惹起,专四
stitch,stɪtʃ,,n.针脚，线迹；一针 v.缝，缝合,专四
stock,stɑk,,n.股份，股票；库存；血统；树干；家畜 a.存货的，常备的；平凡的 v.进货；备有；装把手于…,专四
stocking,'stɑkɪŋ,,n.长袜,专四
stoneware,'ston'wɛr,,n.瓷器；石器,专四
stony,'stoni,,a.无情的；多石的；石头的,专四
stool,stʊl,,n.凳子；粪便；厕所 v.长新枝；分檗,专四
stoop,stʊp,,v.弯腰；屈服；堕落 n.弯腰，屈背；屈服,专四
stopper,'stɑpɚ,,n.塞子；阻塞物；制止者；妨碍物 v.用塞子塞住,专四
storey,'stɔri,,n.[建] 楼层；叠架的一层,专四
stout,staʊt,,a.结实的；矮胖的；勇敢的；激烈的 n.矮胖子；烈性啤酒,专四
straightforward,",stret'fɔrwɚd",,a.简单的；坦率的；明确的；径直的 ad.直截了当地；坦率地,专四
strain,stren,,n.张力；拉紧；负担；扭伤；血缘 v.拉紧；尽力,专四
strangle,'stræŋɡl,,v.把…勒死；使…窒息,专四
strap,stræp,,v.用带捆绑；用皮条抽打；约束 n.带；皮带；磨刀皮带；鞭打,专四
strategy,'strætədʒi,,n.战略，策略,专四
straw,strɔ,,n.稻草；吸管；一文不值的东西 a.稻草的；无价值的,专四
stray,stre,,v.流浪；迷路；偏离 a.迷路的；离群的；偶遇的 n.走失的家畜；流浪者,专四
streak,strik,,n.条纹，线条；倾向 v.飞跑，疾驶；加上条纹,专四
streamline,'strimlaɪn,,v.把…做成流线型；使现代化；组织；使合理化；使简单化 n.流线；流线型 a.流线型的,专四
streetcar,'stritkɑr,,n.有轨电车,专四
strength,strɛŋθ,,n.力量；力气；兵力；长处,专四
stress,strɛs,,n.压力；强调；紧张；重要性；重读 v.强调；使紧张；加压力于；用重音读,专四
stretch,strɛtʃ,,"v.伸展,张开；（大量地）使用，消耗（金钱，时间）；使竭尽所能；使全力以赴； n.伸展，延伸",专四
stricken,'strɪkən,,a.患病的；受挫折的；受…侵袭的；遭殃的,专四
stride,straɪd,,n.大步；步幅；进展 v.跨过；大踏步走过；跨坐在…,专四
strife,straɪf,,n.冲突；争吵；不和,专四
striking,'straɪkɪŋ,,a.显著的，突出的，惊人的；打击的；罢工的 v.打（strike的ing形式）,专四
strip,strɪp,,v.剥夺；剥去；脱去衣服 n.带；条状；脱衣舞,专四
striped,'straɪpɪd,,a.有条纹的；有斑纹的 v.被剥去（strip的过去分词）,专四
strive,straɪv,,v.努力；奋斗；抗争,专四
stroke,strok,,n.（游泳或划船的）划；中风；（打、击等的）一下；冲程；（成功的）举动；尝试；轻抚 v.（用笔等）画；轻抚；轻挪；敲击；划尾桨；划掉；（打字时）击打键盘,专四
stroll,strol,,n.漫步；闲逛；巡回演出 v.散步；闲逛；巡回演出,专四
strong,strɔŋ,,a.坚强的；强壮的；牢固的；擅长的 ad.强劲地；猛烈地 n.(Strong)人名；(英)斯特朗,专四
structure,'strʌktʃɚ,,n.结构；构造；建筑物 v.组织；构成；建造,专四
struggle,'strʌɡl,,v.奋斗，努力；挣扎 n.努力，奋斗；竞争,专四
stubborn,'stʌbɚn,,a.顽固的；顽强的；难处理的,专四
stud,stʌd,,n.种马；大头钉；饰纽；壁骨 v.散布；用许多饰钮等装饰 a.种马的；为配种而饲养的,专四
stuff,stʌf,,n.东西；材料；填充物；素材资料 v.塞满；填塞；让吃饱,专四
stuffing,'stʌfɪŋ,,n.填料，填塞物,专四
stumble,'stʌmbl,,v.踌躇，蹒跚；失足；犯错 n.绊倒；蹒跚而行,专四
stump,stʌmp,,n.树桩；残余部分；假肢 v.砍伐；使为难；在…作巡回政治演说,专四
stun,stʌn,,v.使震惊；打昏；给以深刻的印象 n.昏迷；打昏；惊倒；令人惊叹的事物,专四
sturdy,'stɝdi,,a.坚定的；强健的；健全的 n.羊晕倒病,专四
stutter,'stʌtɚ,,v.结结巴巴地说话 n.口吃，结巴,专四
stylistic,staɪ'lɪstɪk,,a.体裁上的；格式上的；文体论的,专四
subdue,səb'du,,v.征服；抑制；减轻,专四
subjective,səb'dʒɛktɪv,,a.主观的；个人的；自觉的,专四
subjunctive,səb'dʒʌŋktɪv,,n.虚拟语气 a.虚拟的；虚拟语气的,专四
submit,səb'mɪt,,v.使服从；主张；呈递,专四
subsequently,'sʌbsɪkwəntli,,ad.随后，其后；后来,专四
subsidiary,səb'sɪdɪɛri,,a.附属的；辅助的 n.子公司；辅助者,专四
subsidy,'sʌbsədi,,n.补贴；津贴；补助金,专四
substance,'sʌbstəns,,n.物质；实质；资产；主旨,专四
substantial,səbˈstænʃəl,,a.大量的；实质的；内容充实的 n.本质；重要材料,专四
substitution,",sʌbstə'tjʊʃən",,n.代替；[数] 置换；代替物,专四
subtle,'sʌtl,,a.微妙的；精细的；敏感的；狡猾的；稀薄的,专四
subtract,səb'trækt,,v.减去；扣掉,专四
suburb,'sʌbɝb,,n.郊区；边缘,专四
subway,'sʌbwe,,n.地铁；地道 vi.乘地铁,专四
successive,sək'sɛsɪv,,a.连续的；继承的；依次的；接替的,专四
successively,sək'sɛsɪvli,,ad.相继地；接连着地,专四
suckle,'sʌkl,,v.给…哺乳；吮吸；养育,专四
sue,su,,v.控告；请求 n.(Sue)人名；(日)末(名)；(法)休；(英)休(女子教名Susan、Susanna的昵称),专四
sufficient,səˈfɪʃənt,,a.足够的；充分的,专四
suffix,'sʌfɪks,,v.添后缀 n.后缀；下标,专四
suffocate,'sʌfəket,,v.受阻，受扼制；窒息,专四
suggestion,sə'dʒɛstʃən,,n.建议；示意；微量，细微的迹象,专四
suggestive,sə'dʒɛstɪv,,a.暗示的；提示的；影射的,专四
suicide,'suɪsaɪd,,n.自杀；自杀行为；自杀者 a.自杀的 vt.自杀 vi.自杀,专四
suitability,sʊtə'bɪləti,,n.适合；适当；相配,专四
suited,'sju:tid,,a.合适的 v.适合（suit的过去分词）,专四
sulky,'sʌlki,,a.生气的；阴沉的,专四
sullen,'sʌlən,,a.愠怒的，不高兴的；（天气）阴沉的；沉闷的,专四
sulphate,'sʌlfet,,n.硫酸盐 vt.使与硫酸化合 vi.硫酸盐化,专四
sulphur,'sʌlfə,,n.硫磺；硫磺色 v.使硫化；用硫磺处理,专四
summarize,'sʌməraɪz,,v.总结；概述,专四
summon,'sʌmən,,v.召唤；召集；鼓起；振作,专四
sumo,'sumo,,n.（日）相扑,专四
sunbath,'sʌnbæθ,,n.日光浴；太阳灯浴,专四
superb,/suːˈpɜːrb/,,a.极好的；华丽的；宏伟的 n.(Superb)人名；(罗)苏佩尔布,专四
superior,səˈpɪriər,,a.上级的；优秀的，出众的；高傲的 n.上级，长官；优胜者，高手；长者,专四
superiority,"su,pɪrɪ'ɔrəti",,n.优越，优势；优越性,专四
superlative,suːˈpəːlətɪv,,a.最高的；最高级的；过度的 n.最高级；最好的人；最高程度；夸大话,专四
superstition,",supɚ'stɪʃən",,n.迷信,专四
supervise,'sʊpɚ'vaɪz,,v.监督，管理；指导,专四
supplement,'sʌplɪmənt,,v.增补，补充 n.增补，补充；补充物；增刊，副刊,专四
supply,sə'plaɪ,,n.供给，补给；供应品 v.供给，提供；补充,专四
support,sə'pɔrt,,v.支持，支撑，支援；扶持，帮助；赡养，供养 n.支持，维持；支援，供养；支持者，支撑物,专四
supportive,sə'pɔrtɪv,,a.支持的；支援的；赞助的,专四
suppress,sə'prɛs,,v.抑制；镇压；废止,专四
supreme,suˈprim,,a.最高的；至高的；最重要的 n.至高；霸权,专四
surf,sɝf,,n.海浪，拍岸浪 v.在…冲浪,专四
surge,sɝdʒ,,n.汹涌；大浪，波涛；汹涌澎湃；巨涌 v.汹涌；起大浪，蜂拥而来,专四
surgery,'sɝdʒəri,,n.外科；外科手术；手术室；诊疗室,专四
surmount,sɚ'maʊnt,,v.克服，越过；战胜,专四
surname,'sɝ'nem,,n.姓，姓氏；绰号，别名 vt.给…起别名；给…姓氏,专四
surpass,sə'pæs,,v.超越；胜过，优于；非…所能办到或理解,专四
surplus,'sɝpləs,,n.剩余；[贸易] 顺差；盈余；过剩 a.剩余的；过剩的,专四
surprising,sɚ'praɪzɪŋ,,a.令人惊讶的；意外的 v.使惊奇；意外发现（surprise的ing形式）,专四
surrender,sə'rɛndɚ,,v.使投降；放弃；交出；听任 n.投降；放弃；交出；屈服,专四
surveillance,sɝ'veləns,,n.监督；监视,专四
survey,ˈsɝˌve; (for v.) sɝˈve,,n.调查；测量；审视；纵览 v.调查；勘测；俯瞰,专四
survive,sɚ'vaɪv,,v.幸存；生还；幸免于；比活得长,专四
suspend,sə'spɛnd,,v.延缓，推迟；使暂停；使悬浮,专四
suspicious,sə'spɪʃəs,,a.可疑的；怀疑的；多疑的,专四
swallow,'swɑlo,,v.忍受；吞没 n.燕子；一次吞咽的量,专四
swamp,swɑmp,,n.沼泽；湿地 v.使陷于沼泽；使沉没；使陷入困境,专四
swan,swɑn,,n.天鹅；天鹅星座 v.游荡，闲荡,专四
swarm,swɔrm,,v.挤满；成群浮游；云集 n.蜂群；一大群,专四
swathe,"sweið, swɔð",,v.包围；紧绑；裹 n.带子，绷带；包装品,专四
sway,swe,,v.影响；统治；使摇动 n.影响；摇摆；统治,专四
swear,swɛr,,v.发誓；咒骂 n.宣誓；诅咒,专四
sweatshirt,'swɛtʃɝt,,n.运动衫；T-恤衫,专四
sweatshop,'swɛtʃɑp,,n.血汗工厂；剥削劳力的工厂,专四
Swede,swid,,n.瑞典人；瑞典甘蓝,专四
sweep,swip,,v.扫除；猛拉；掸去 n.打扫，扫除；范围；全胜,专四
sweetheart,'swit'hɑrt,,n.爱人；心上人 vt.向…求爱；与…恋爱 vi.爱慕；恋爱 a.私下签订的；私下达成的,专四
swell,swɛl,,v.膨胀；肿胀；隆起 n.肿胀；隆起 a.漂亮的；一流的,专四
swerve,swɝv,,v.转弯；突然转向；背离 n.转向；偏离的程度,专四
swindler,'swɪndlɚ,,n.骗子,专四
swing,swɪŋ,,n.摇摆；摆动；秋千；音律；涨落 v.摇摆；转向；悬挂；大摇大摆地行走 a.旋转的；悬挂的；强节奏爵士音乐的,专四
switch,swɪtʃ,,v.转换；用鞭子等抽打 n.开关；转换；鞭子,专四
switchboard,'swɪtʃbɔrd,,n.配电盘；接线总机,专四
swollen,'swolən,,a.肿胀的，浮肿的；浮夸的；激动兴奋的,专四
syllable,'sɪləbl,,n.音节 vt.划分音节 vi.按音节发音；讲话,专四
syllabus,'sɪləbəs,,n.教学大纲，摘要；课程表,专四
symbol,'sɪmbl,,n.象征；符号；标志,专四
sympathy,'sɪmpəθi,,n.同情；慰问；赞同,专四
symphony,'sɪmfəni,,n.交响乐；谐声，和声,专四
symposium,sɪm'pozɪəm,,n.讨论会，座谈会；专题论文集；酒宴，宴会,专四
syndrome,'sɪndrəm,,n.[临床] 综合症状；并发症状；校验子；并发位,专四
synonym,ˈsɪnənɪm,,n.同义词；同义字,专四
syntax,'sɪntæks,,n.语法；句法；有秩序的排列,专四
synthesize,'sɪnθəsaɪz,,v.合成；综合,专四
synthetic,sɪn'θɛtɪk,,a.综合的；合成的，人造的 n.合成物,专四
syringe,sɪ'rɪndʒ,,v.注射，冲洗 n.注射器；洗涤器,专四
systematic,'sɪstə'mætɪk,,a.系统的；体系的；有系统的；[图情] 分类的；一贯的，惯常的,专四
tablecloth,'teblklɔθ,,n.桌布；台布,专四
taboo,tə'bu,,n.禁忌；禁止 a.禁忌的；忌讳的 v.禁忌；禁止,专四
tackle,'tækl,,n.滑车；装备；用具；扭倒 v.处理；抓住；固定；与…交涉,专四
tactical,'tæktɪkl,,a.战术的；策略的；善于策略的,专四
tag,tæɡ,,n.标签；名称；结束语；附属物 v.尾随，紧随；连接；起浑名；添饰,专四
takeaway,'tekə'we,,a.外卖的；外吃的 n.外卖食品；外卖餐馆,专四
takeover,'tekovɚ,,n.接管；验收,专四
talented,'tæləntɪd,,a.有才能的；多才的,专四
talkative,'tɔkətɪv,,a.饶舌的；多话的；多嘴的；爱说话的,专四
tally,'tæli,,n.计数器；标签；记账 v.使符合；计算；记录,专四
tame,teɪm,,a.驯服的；平淡的；乏味的；顺从的 v.驯养；使变得平淡；制服 n.(Tame)人名；(捷)塔梅,专四
tan,tæn,,n.（日晒后皮肤的）黝黑色；棕褐色；鞣料；马戏团 v.鞣（革）；晒成褐色 a.黄褐色的；鞣皮的,专四
tangerine,'tændʒə'rin,,n.橘子,专四
tangible,'tændʒəbl,,a.有形的；切实的；可触摸的 n.有形资产,专四
tangle,'tæŋɡl,,n.纠纷；混乱状态 v.使纠缠；处于混乱状态,专四
tap,tæp,,v.轻敲；轻打；装上嘴子 n.水龙头；轻打,专四
taper,'tepɚ,,n.细蜡烛，烛芯；逐渐变弱；锥形物 v.逐渐减少；逐渐变弱,专四
tapestry,'tæpəstri,,n.织锦；挂毯；绣帷 vt.用挂毯装饰,专四
tar,tɑr,,n.焦油；柏油；水手 v.涂以焦油；玷污,专四
target,'tɑrɡɪt,,n.目标；靶子 v.把……作为目标；规定……的指标；瞄准某物,专四
tariff,'tærɪf,,n.关税表；收费表 v.定税率；征收关税,专四
tarmac,'tɑ:mæk,,n.柏油碎石路面；铺有柏油碎石的飞机跑道,专四
tart,tɑrt,,a.酸的；锋利的；尖刻的 n.果馅饼；妓女 v.打扮,专四
tattoo,tæ'tu,,n.文身 v.刺花纹于,专四
tavern,'tævɚn,,n.酒馆；客栈,专四
taxation,tæk'seʃən,,n.课税，征税；税款,专四
tease,tiz,,v.取笑；戏弄；梳理；欺负；强求；使起毛 n.戏弄；爱纠缠的小孩；挑逗者；卖弄风骚的女孩,专四
teaspoon,'tispun,,n.茶匙；一茶匙的量,专四
technician,tɛk'nɪʃən,,n.技师，技术员；技巧纯熟的人,专四
teddy,'tɛdi,,n.连衫衬裤；泰迪玩具熊,专四
tedious,'tidɪəs,,a.沉闷的；冗长乏味的,专四
teem,tim,,v.大量出现；充满 n.(Teem)人名；(英)蒂姆,专四
teens,tinz,,n.十多岁，十几岁；青少年,专四
telecommunications,'tɛləkə'mjʊnə'keʃənz,,n.通讯行业：服务类型变更，缴纳话费，账户总览等所有业务均可通过移动设备完成,专四
telescope,'tɛlɪskop,,v.压缩；使套叠 n.望远镜；缩叠式旅行袋,专四
tell,tel,,v.告诉，说；辨别；吩咐；断定 n.(Tell)人名；(英、德、瑞典)特尔；(罗、意)泰尔；(阿拉伯)塔勒,专四
teller,'tɛlɚ,,n.（美）出纳员；讲述者；讲故事者；计票员,专四
temperament,'tɛmprəmənt,,n.气质，性情，性格；急躁,专四
temperate,'tɛmpərət,,a.温和的；适度的；有节制的,专四
temporary,'tɛmpə'rɛri,,a.暂时的，临时的 n.临时工，临时雇员,专四
tempt,tɛmpt,,v.诱惑；引起；冒…的风险；使感兴趣,专四
tenant,'tɛnənt,,n.承租人；房客；佃户；居住者 v.租借（常用于被动语态）,专四
tendency,'tɛndənsi,,n.倾向，趋势；癖好,专四
tender,'tɛndɚ,,a.温柔的；柔软的；脆弱的；幼稚的；难对付的 n.偿付，清偿；看管人；小船 v.提供，偿还；使…变嫩；使…变柔软,专四
tense,tɛns,,a.紧张的；拉紧的 v.变得紧张；使拉紧 n.时态,专四
tension,'tɛnʃən,,n.张力，拉力；紧张，不安；电压 vt.使紧张；使拉紧,专四
terminate,'tɝmɪnet,,v.使终止；使结束；解雇 a.结束的,专四
terrace,ˈterəs,,n.平台；梯田；阳台 v.使成梯田，使成阶地；使有平台屋顶 a.（女服）叠层式的,专四
terrific,tə'rɪfɪk,,a.极好的；极其的，非常的；可怕的,专四
territory,'tɛrətɔri,,n.领土，领域；范围；地域；版图,专四
terrorist,'tɛrərɪst,,n.恐怖主义者，恐怖分子,专四
tertiary,'tɝʃɪ'ɛri,,n.第三纪；第三修道会会员；第三级教士 a.第三的；第三位的；三代的,专四
testament,'tɛstəmənt,,n.[法] 遗嘱；圣约；确实的证明,专四
testify,'tɛstɪfaɪ,,v.证明，证实；作证,专四
textile,'tɛkstaɪl,,n.纺织品，织物 a.纺织的,专四
thanksgiving,",θæŋks'ɡɪvɪŋ",,n.感恩,专四
thaw,θɔ,,v.融解；变暖和 n.解冻；融雪,专四
theatrical,θɪ'ætrɪkl,,a.戏剧性的；剧场的，戏剧的；夸张的；做作的,专四
theology,θɪ'ɑlədʒi,,n.神学；宗教体系,专四
theoretical,",θiə'rɛtɪkəl",,a.理论的；理论上的；假设的；推理的,专四
therapy,'θɛrəpi,,n.治疗，疗法,专四
thereabouts,'ðeərəbaʊts; -'baʊts,,ad.大约；在那附近（等于thereabout）,专四
thereafter,",ðɛr'æftɚ",,ad.其后；从那时以后,专四
thereby,",ðɛr'baɪ",,ad.从而，因此；在那附近；在那方面,专四
therefore,'ðɛrfɔr,,ad.因此；所以,专四
thereof,",ðɛr'ʌv",,ad.它的；由此；在其中；关于…；将它,专四
thermometer,θɚ'mɑmɪtɚ,,n.温度计；体温计,专四
thesaurus,θɪ'sɔrəs,,n.宝库；辞典；知识宝库；分类词汇汇编,专四
thesis,'θisɪs,,n.论文；论点,专四
thigh,θaɪ,,n.大腿，股,专四
thinker,'θiŋkə,,n.思想家；思想者,专四
thorn,θɔrn,,n.刺；[植] 荆棘,专四
thoroughbred,'θɝobrɛd,,n.受过严格训练的人；良种动物 a.良种的；受过严格训练的；优秀的,专四
thoroughfare,'θɝofɛr,,n.大道，通路,专四
thought,θɔt,,n.思想；思考；想法；关心 v.想，思考；认为（think的过去式和过去分词）,专四
thoughtful,'θɔtfl,,a.深思的；体贴的；关切的,专四
thrash,θræʃ,,v.打；使逆行 n.打谷；逆风浪行进；踢水动作,专四
threaten,'θrɛtn,,v.威胁；恐吓；预示,专四
thresh,θrɛʃ,,v.推敲；打谷；反复做 n.打谷,专四
threshold,'θrɛʃhold,,n.入口；门槛；开始；极限；临界值,专四
thrift,θrɪft,,n.节俭；节约；[植] 海石竹,专四
thrifty,'θrɪfti,,a.节约的；茂盛的；成功的,专四
thriller,'θrɪlɚ,,n.惊险小说；使人毛骨悚然的东西；使人毛骨悚然的小说,专四
thrive,θraɪv,,v.繁荣，兴旺；茁壮成长,专四
throatily,'θrəutili,,ad.喉音地；嘶哑地,专四
throne,θron,,n.王座；君主；王权 v.登上王座,专四
throng,θrɔŋ,,n.人群；众多 v.群集；挤满 a.拥挤的,专四
thrush,θrʌʃ,,n.画眉；[口腔] 鹅口疮；蹄叉腐疽,专四
thrust,θrʌst,,n.[力] 推力；刺 v.插；插入；推挤,专四
thumb,θʌm,,v.翻阅；以拇指拨弄；作搭车手势；笨拙地摆弄 n.拇指,专四
thumbtack,'θʌmtæk,,n.图钉 v.用图钉钉住,专四
thwart,θwɔrt,,v.挫败；反对；阻碍；横过 a.横放的；固执的 n.划手座；独木舟的横梁 ad.横过 prep.横过,专四
tickle,'tɪkl,,v.使发痒；使高兴；使满足 n.胳肢；痒感；使人发痒、高兴的东西,专四
tidal,'taɪdl,,a.潮汐的；潮的，有关潮水的；定时涨落的 n.(Tidal)人名；(瑞典)蒂达尔,专四
tier,tɪr,,n.层，排；行，列；等级 vt.使层叠 vi.成递升排列,专四
tile,taɪl,,n.瓷砖，瓦片 v.铺以瓦；铺以瓷砖,专四
timber,'tɪmbɚ,,n.木材；木料,专四
timid,'tɪmɪd,,a.胆小的；羞怯的,专四
tinkle,'tɪŋkl,,v.使发清脆的声响 n.叮当声,专四
tip,tɪp,,v.给小费；翻倒；倾覆 n.小费；尖端；小建议，小窍门；轻拍,专四
tissue,'tɪʃu,,n.组织；纸巾；薄纱；一套 v.饰以薄纱；用化妆纸揩去,专四
toad,tod,,n.蟾蜍；癞蛤蟆；讨厌的家伙,专四
toast,tost,,n.干杯；烤面包；接受敬酒的人；（在某领域）广受赞誉的人 v.向…祝酒，为…干杯,专四
tobacconist,tə'bækənɪst,,n.（主英）烟草商；烟草制品零售商,专四
toddle,'tɑdl,,n.东倒西歪的走路；刚学走步的小孩 v.蹒跚学步；东倒西歪地走；散步,专四
toe,to,,n.脚趾；足尖 v.用脚尖走；以趾踏触,专四
toenail,'tonel,,n.脚趾甲；[木] 斜钉,专四
toffee,'tɔfi,,n.乳脂糖，太妃糖,专四
toil,tɔɪl,,n.辛苦；苦工；网；圈套 v.辛苦工作；艰难地行进,专四
token,'tokən,,n.表征；代币；记号 a.象征的；表意的；作为对某事的保证的 vt.象征；代表,专四
tolerate,'tɑləret,,v.忍受；默许；宽恕,专四
toll,tol,,n.通行费；代价；钟声；伤亡人数 v.征收；敲钟,专四
tone,ton,,n.语气；色调；音调；音色 v.增强；用某种调子说,专四
topple,'tɑpl,,v.倾倒；倒塌；摇摇欲坠 n.(Topple)人名；(英)托佩尔,专四
topsoil,'tɑp'sɔɪl,,n.表层土；上层土,专四
torch,tɔrtʃ,,n.火把，火炬；手电筒；启发之物 v.像火炬一样燃烧,专四
torment,'tɔrmɛnt,,v.折磨，使痛苦；纠缠，作弄 n.痛苦，苦恼；痛苦的根源,专四
tornado,tɔr'nedo,,n.[气象] 龙卷风；旋风；暴风；大雷雨,专四
torrential,tə'rɛnʃl,,a.猛烈的，汹涌的；奔流的,专四
tortuous,'tɔrtʃuəs,,a.扭曲的，弯曲的；啰嗦的,专四
torture,'tɔrtʃɚ,,v.折磨；拷问；歪曲 n.折磨；拷问；歪曲,专四
Tory,'tɔ:ri; 'təu-,,n.保守党员 a.保守主义的,专四
toss,tɔs,,n.投掷；摇荡；投掷的距离；掷币赌胜负 v.投掷；使…不安；突然抬起；使…上下摇动；与…掷币打赌,专四
touchdown,'tʌtʃdaʊn,,n.着陆，降落；触地；触地得分,专四
touching,'tʌtʃɪŋ,,a.动人的，令人同情的 prep.至于，关于 v.接触；感动（touch的ing形式）,专四
tough,tʌf,,a.艰苦的，困难的；坚强的，不屈不挠的；坚韧的，牢固的；强壮的，结实的 n.恶棍 v.坚持；忍受，忍耐 ad.强硬地，顽强地,专四
tournament,'tɔnəmənt,,n.锦标赛，联赛；比赛,专四
tow,to,,n.拖；麻的粗纤维；拖曳所用之绳 v.拖；牵引；曳,专四
townsfolk,"'taʊnz,fok",,n.市民；镇民,专四
township,'taʊnʃɪp,,n.镇区；小镇,专四
townsman,'taʊnzmən,,n.市民，镇民；同乡人,专四
toxic,'tɑksɪk,,a.有毒的；中毒的,专四
trace,tres,,v.追溯；沿路走 n.痕迹，踪迹；微量；[仪] 迹线；缰绳,专四
track,træk,,n.轨道；足迹，踪迹；小道 v.追踪；通过；循路而行；用纤拉,专四
trademark,'tred'mɑrk,,n.商标,专四
tradesman,'tredzmən,,n.商人；（英）店主；零售商；手艺人,专四
tradition,trə'dɪʃən,,n.惯例，传统；传说,专四
trafficker,'træfɪkɚ,,n.贩子；商人；从事违法勾当者,专四
tragedy,'trædʒədi,,n.悲剧；灾难；惨案,专四
trailer,'trelɚ,,n.拖车；[电视] 预告片；追踪者 vi.乘拖车式活动房屋旅行 vt.用拖车载运,专四
traitor,'tretɚ,,n.叛徒；卖国贼；背信弃义的人,专四
tramp,træmp,,v.流浪；践踏，踩；脚步沉重地行走 n.流浪者；沉重的脚步声；徒步旅行,专四
tranquil,ˈtræŋkwəl,,a.安静的，平静的；安宁的；稳定的,专四
transfer,træns'fɝ,,n.转让；转移；传递；过户 v.转让；转学；换车,专四
transform,træns'fɔrm,,v.改变，使…变形；转换,专四
transistor,træn'zɪstɚ,,n.晶体管（收音机）,专四
transition,træn'zɪʃən,,n.过渡；转变；[分子生物] 转换；变调,专四
transitive,'trænsətɪv,,a.及物的；过渡的；可迁的 n.传递；及物动词,专四
transmit,trænzˈmɪt,,v.传输；传播；发射；传达；遗传,专四
transparency,træns'pærənsi,,n.透明，透明度；幻灯片；有图案的玻璃,专四
transplant,træns'plænt,,v.移植；迁移；使移居 n.移植；移植器官；被移植物；移居者,专四
transportation,",trænspɔr'teʃən",,n.运输；运输系统；运输工具；流放,专四
trash,træʃ,,n.垃圾；废物 v.丢弃；修剪树枝,专四
trawl,trɔl,,n.拖网；排钩 v.用拖网捕鱼,专四
tray,tre,,n.托盘；文件盒；隔底匣；（无线电的）发射箱,专四
tread,trɛd,,n.踏；胎面；步态；鞋底；踏板；梯级 v.踏；踩；践踏；跳；踩出,专四
treason,'trizn,,n.[法] 叛国罪；不忠,专四
treaty,'triti,,n.条约，协议；谈判,专四
treble,'trɛbl,,a.三倍的；最高声部的；三层的；三重的 n.三倍；最高声部 v.变成三倍,专四
tremendous,trə'mɛndəs,,a.极大的，巨大的；惊人的；极好的,专四
trench,trɛntʃ,,n.沟，沟渠；战壕；堑壕 v.掘沟,专四
trend,trɛnd,,n.趋势，倾向；走向 v.趋向，伸向,专四
triangular,traɪ'æŋgjəlɚ,,a.三角的，[数] 三角形的；三人间的,专四
tribe,traɪb,,n.部落；族；宗族；一伙,专四
tribunal,traɪ'bjunl,,n.法庭；裁决；法官席,专四
tribute,'trɪbjut,,n.礼物；[税收] 贡物；颂词；（尤指对死者的）致敬，悼念，吊唁礼物,专四
trickle,'trɪkl,,v.滴；细细地流；慢慢地移动 n.滴，淌；细流,专四
tricky,'triki,,a.狡猾的；机警的,专四
trifle,'traɪfl,,n.琐事；蛋糕；少量 v.开玩笑；闲混；嘲弄,专四
trigger,'trɪɡɚ,,v.引发，引起；触发 n.扳机；[电子] 触发器；制滑机,专四
trim,trɪm,,v.修剪；整理；装点 n.修剪；整齐；情形 a.整齐的,专四
triple,'trɪpl,,a.三倍的；三方的 n.三倍数；三个一组 v.增至三倍,专四
triumphant,traɪ'ʌmfənt,,a.成功的；得意洋洋的；狂欢的,专四
trivial,'trɪvɪəl,,a.不重要的，琐碎的；琐细的,专四
trolley,'trɑli,,n.手推车；（美）有轨电车（等于trolley car）；（英）无轨电车（等于trolleybus）；空中吊运车 vi.乘电车 vt.用手推车运,专四
trombone,trɑm'bon,,n.长号，伸缩喇叭,专四
trophy,trofɪ,,n.奖品；战利品；纪念品 vt.用战利品装饰 a.显示身份的；有威望的,专四
tropical,'trɑpɪkl,,a.热带的；热情的；酷热的,专四
trot,trɑt,,n.（人）慢跑；马小跑的步态；小跑的马蹄声；刚学步的小孩；老太婆；腹泻；（学生作弊用的）译文对照本 v.（马）小跑；（人）慢跑；快步走,专四
trouble,'trʌbl,,n.麻烦；烦恼；故障；动乱 v.麻烦；使烦恼；折磨,专四
troublemaker,'trʌblmekɚ,,n.捣乱者，闹事者；惹麻烦的人,专四
trough,trɔf,,n.水槽，水槽；低谷期；饲料槽；低气压,专四
troupe,trʊp,,n.剧团；一班；一团 vi.巡回演出,专四
trout,traʊt,,n.鳟鱼，鲑鱼,专四
truant,'tru:ənt,,n.旷课者；懒惰的人 a.旷课的；偷懒的 vi.逃学；偷懒，逃避责任,专四
truism,'tru:izəm,,n.自明之理；老生常谈；老套；众所周知；真实性,专四
trumpet,'trʌmpɪt,,n.喇叭；喇叭声 v.吹喇叭；吹嘘,专四
trustworthy,'trʌstwɝði,,a.可靠的；可信赖的,专四
truthful,'tru:θful,,a.真实的；诚实的,专四
try,traɪ,,v.试图，努力；试验；审判；考验 n.尝试；努力；试验,专四
tsar,zɑr,,n.沙皇（大权独揽的人物）,专四
tub,tʌb,,n.浴盆；桶 vt.把…装入桶；为…洗盆浴 vi.洗盆浴；（衣服等）被放在桶里洗,专四
tube,tub,,n.管；电子管；隧道；电视机 v.使成管状；把…装管；用管输送,专四
tuberculosis,tʊ'bɝkjə'losɪs,,n.肺结核；结核病,专四
tuck,tʌk,,v.卷起；挤进；用某物舒适地裹住；使有褶裥；收拢；大口吃；使隐藏 n.食物；船尾突出部；缝摺；抱膝式跳水；活力；鼓声,专四
tug,tʌɡ,,n.拖船；拖曳；苦干 v.用力拉；竞争；努力做,专四
tuition,tʊ'ɪʃən,,n.学费；讲授,专四
tumble,'tʌmbl,,v.摔倒；倒塌；滚动；打滚；仓惶地行动 n.跌倒；翻筋斗；跌跤,专四
tummy,'tʌmɪ,,n.肚子；胃,专四
tumour,'tju:mə,,n.[肿瘤] 瘤；肿瘤；肿块,专四
tumult,'tumʌlt,,n.骚动；骚乱；吵闹；激动,专四
tuna,'tunə,,n.金枪鱼，鲔鱼,专四
tune,tun,,n.曲调；和谐；心情 v.调整；使一致；为…调音,专四
tunnel,'tʌnl,,n.隧道；坑道；洞穴通道 v.挖；在…打开通道；在…挖掘隧道,专四
turbulence,'tɝbjələns,,n.骚乱，动荡；[流] 湍流；狂暴,专四
turf,tɝf,,n.草皮；泥炭；跑马场 v.覆草皮于,专四
turn,tɝn,,v.转动，使旋转；转弯；翻过来；兑换 n.转弯；变化；(损害或有益于别人的)行为，举动，举止,专四
turnip,'tɝnɪp,,n.萝卜；芜菁甘蓝，大头菜,专四
turnover,'tɝn'ovɚ,,n.翻覆；[贸易] 营业额；流通量；半圆卷饼；失误 a.翻过来的；可翻转的,专四
turnpike,'tɝn'paɪk,,n.[税收] 收费高速公路；收税关卡,专四
turtle,'tɝtl,,n.龟，甲鱼；海龟,专四
tutor,'tʊtɚ,,v.辅导；约束 n.导师；家庭教师；助教,专四
twig,twɪɡ,,v.理解 n.小枝；嫩枝；末梢,专四
twilight,'twaɪlaɪt,,a.黎明，黄昏；薄暮；衰退期；朦胧状态 n.黄昏；薄暮；衰退期；朦胧状态,专四
twinkle,'twɪŋkl,,v.闪烁；发亮 n.闪烁,专四
twist,twɪst,,v.捻；拧；扭伤；编织；使苦恼 n.扭曲；拧；扭伤,专四
typical,'tɪpɪkl,,a.典型的；特有的；象征性的,专四
tyrant,'taɪrənt,,n.暴君,专四
ultimate,'ʌltəmət,,a.最终的；极限的；根本的 n.终极；根本；基本原则,专四
ultraviolet,",ʌltrə'vaɪələt",,a.紫外的；紫外线的 n.紫外线辐射，紫外光,专四
unaccepted,ʌnək'septid,,a.未被接纳的；被拒绝的；不承担的,专四
unanimous,jʊ'nænəməs,,a.全体一致的；意见一致的；无异议的,专四
unashamed,",ʌnə'ʃemd",,a.无耻的；恬不知耻的；问心无愧的,专四
unaware,",ʌnə'wɛr",,a.不知道的，无意的；未察觉到的 ad.意外地；不知不觉地,专四
unbearable,ʌn'bɛrəbl,,a.难以忍受的；承受不住的,专四
uncomfortable,ʌn'kʌmftəbl,,a.不舒服的；不安的,专四
uncompromising,ʌn'kɑmprəmaɪzɪŋ,,a.不妥协的，不让步的；坚定的,专四
uncontrollable,",ʌnkən'troləbl",,a.无法控制的；无法管束的；难以驾驭的,专四
uncover,ʌn'kʌvɚ,,v.发现；揭开；揭露,专四
underachieve,",ʌndərə'tʃiv",,v.未能充分发挥学习潜力；学习成绩不良,专四
underclass,'ʌndəklæs,,n.下层阶级，下层社会；一、二年级学生,专四
undercover,'ʌndɚ'kʌvɚ,,a.秘密的，秘密从事的；从事间谍活动的,专四
undergo,",ʌndɚ'ɡo",,v.经历，经受；忍受,专四
undergraduate,",ʌndɚ'ɡrædʒuət",,n.大学生；大学肄业生 a.大学生的,专四
underline,'ʌndəlaɪn,,v.强调；在…下面划线；预告 n.下划线；下期节目预告,专四
undermine,'ʌndɚ'maɪn,,v.破坏，渐渐破坏；挖掘地基,专四
underneath,",ʌndɚ'niθ",,prep.在…的下面；在…的形式下；在…的支配下 ad.在下面；在底下 n.下面；底部 a.下面的；底层的,专四
underpass,'ʌndɚ'pæs,,n.地下通道；[交] 下穿交叉道,专四
underside,'ʌndɚsaɪd,,n.下面；阴暗面,专四
understandable,'ʌndɚ'stændəbl,,a.可以理解的；可以了解的,专四
undertake,",ʌndɚ'tek",,v.承担，保证；从事；同意；试图,专四
underwater,",ʌndɚ'wɔtɚ",,a.在水中的；水面下的 ad.在水下 n.水下,专四
underworld,'ʌndɚ'wɝld,,n.黑社会；地狱；下层社会；尘世,专四
unearth,ʌn'ɝθ,,v.发掘；揭露，发现；从洞中赶出,专四
uneasy,ʌn'izi,,a.不舒服的；心神不安的；不稳定的,专四
uneatable,ʌn'itəbl,,a.不能吃的；不适合食用的,专四
unethical,ʌn'ɛθɪkl,,a.不道德的；缺乏职业道德的,专四
unexpected,'ʌnɪk'spɛktɪd,,a.意外的，想不到的,专四
unforgettable,",ʌnfɚ'ɡɛtəbl",,a.难忘的,专四
unify,'junɪfaɪ,,v.统一；使相同，使一致,专四
uninformative,",ʌnɪn'fɔrmətɪv",,a.不提供信息的；不增长见闻的,专四
uninformed,",ʌnɪn'fɔrmd",,a.无知的；未被通知的；未受教育的；不学无术的,专四
unique,jʊ'nik,,a.独特的，稀罕的；[数] 唯一的，独一无二的 n.独一无二的人或物,专四
unisex,'jʊnɪ'sɛks,,a.男女皆宜的,专四
universal,'jʊnə'vɝsl,,a.普遍的；通用的；宇宙的；全世界的；全体的 n.一般概念；普通性,专四
unjust,'ʌn'dʒʌst,,a.不公平的，不公正的；非正义的,专四
unjustified,ʌn'dʒʌstɪfaɪd,,a.不正当的；未被证明其正确的,专四
unkind,",ʌn'kaɪnd",,a.无情的；不仁慈的，不厚道的,专四
unlikely,ʌn'laɪkli,,a.不太可能的；没希望的 ad.未必,专四
unload,'ʌn'lod,,v.卸；摆脱…之负担；倾销,专四
unlock,'ʌn'lɑk,,v.开启；开…的锁；表露,专四
unnatural,ʌn'nætʃrəl,,a.不自然的；反常的；不近人情的,专四
unofficial,",ʌnə'fɪʃl",,a.非官方的；非正式的,专四
unpack,",ʌn'pæk",,v.卸下…；解除…的负担,专四
unplug,",ʌn'plʌɡ",,v.去掉…的障碍物；拔去…的塞子或插头,专四
unreal,",ʌn'riəl",,a.不真实的；假的；幻想的；虚构的,专四
unreasonable,ʌn'riznəbl,,a.不合理的；过度的；不切实际的；非理智的,专四
unskilled,",ʌn'skɪld",,a.不熟练的；拙劣的；无需技能的 v.不熟练；无技能（unskill的过去式和过去分词形式）,专四
untidy,ʌn'taɪdi,,a.不整洁的，凌乱的；懒散的；不干净利落的，不简练的；不适宜的 v.使不整洁；使杂乱无章,专四
untie,ʌn'taɪ,,v.解开；解决；使自由,专四
untimely,ʌn'taɪmli,,a.不合时宜的；过早的 ad.不合时宜地；过早地,专四
untiring,ʌn'taɪrɪŋ,,a.不知疲倦的；不屈不挠的；坚持不懈的,专四
unusual,ʌn'jʊʒʊəl,,a.不寻常的；与众不同的；不平常的,专四
unwise,",ʌn'waɪz",,a.不明智的；愚蠢的；轻率的,专四
unworthy,ʌn'wɝði,,a.不值得的；无价值的；不相称的,专四
upgrade,",ʌp'ɡred",,v.使升级；提升；改良品种 n.升级；上升；上坡 ad.往上 a.向上的,专四
uphold,ʌpˈhoʊld,,v.支撑；鼓励；赞成；举起,专四
upright,'ʌpraɪt,,a.正直的，诚实的；垂直的，直立的；笔直的；合乎正道的 n.垂直；竖立,专四
upside,'ʌpsaɪd,,n.优势，上面,专四
uptown,",ʌp'taʊn",,n.住宅区 a.住宅区的 ad.（美）在住宅区；（美）在城镇非商业区,专四
urban,'ɝbən,,a.城市的；住在都市的 n.(Urban)人名；(西)乌尔万；(斯洛伐)乌尔班；(德、俄、罗、匈、塞、波、捷、瑞典、意)乌尔班；(英)厄本；(法)于尔邦,专四
urgent,'ɝdʒənt,,a.紧急的；急迫的,专四
urine,'jʊrən,,n.尿,专四
use,juz,,n.使用；用途；发挥 v.利用；耗费,专四
usher,'ʌʃɚ,,n.引座员，带位员；接待员；门房 v.引导，招待；迎接；开辟,专四
usual,'juʒuəl,,a.通常的，惯例的；平常的,专四
utensil,jʊ'tɛnsl,,n.用具，器皿,专四
utilize,'juːtəlaɪz,,v.利用,专四
utmost,'ʌt'most,,n.极限；最大可能 a.极度的；最远的,专四
utter,'ʌtɚ,,v.发出，表达；发射 a.完全的；彻底的；无条件的 n.(Utter)人名；(德、芬)乌特,专四
vacancy,'vekənsi,,n.空缺；空位；空白；空虚,专四
vacant,'vekənt,,a.空虚的；空的；空缺的；空闲的；茫然的 n.(Vacant)人名；(法)瓦康,专四
vacate,ˈveɪˌkeɪt; veɪˈkeɪt,,v.空出，腾出；辞职；休假,专四
vaccine,væk'sin,,n.疫苗；牛痘苗 a.疫苗的；牛痘的,专四
vacuum,'vækjʊəm,,n.真空；空间；真空吸尘器 a.真空的；利用真空的；产生真空的 v.用真空吸尘器清扫,专四
vague,veɡ,,a.模糊的；含糊的；不明确的；暧昧的 n.(Vague)人名；(法)瓦格；(英)韦格,专四
valentine,'væləntaɪn,,n.情人；情人节礼物,专四
valiant,'væljənt,,a.英勇的，勇敢的 n.勇士；勇敢的人,专四
valid,'vælɪd,,a.有效的；有根据的；合法的；正当的,专四
values,'væljʊz,,n.价值观念；价值标准,专四
van,væn,,n.先锋；厢式货车；增值网 vt.用车搬运,专四
vanish,'vænɪʃ,,v.消失；突然不见；成为零 n.弱化音,专四
vanity,'vænəti,,n.虚荣心；空虚；浮华；无价值的东西,专四
vaporize,'vepə'raɪz,,v.蒸发,专四
vary,ˈveri,,v.变化；变异；违反 n.(Vary)人名；(英、法、罗、柬)瓦里,专四
vast,væst,,a.广阔的；巨大的；大量的；巨额的 n.浩瀚；广阔无垠的空间,专四
vegetation,'vɛdʒə'teʃən,,n.植被；植物，草木；呆板单调的生活,专四
vehicle,'viːɪkl,,n.[车辆] 车辆；工具；交通工具；运载工具；传播媒介；媒介物,专四
veil,vel,,n.面纱；面罩；遮蔽物；托词 v.遮蔽；掩饰；以面纱遮掩；用帷幕分隔,专四
vein,ven,,n.血管；叶脉；[地质] 岩脉；纹理；翅脉；性情 v.使成脉络；象脉络般分布于,专四
velvet,'vɛlvɪt,,n.天鹅绒，丝绒；天鹅绒似的东西 a.天鹅绒的,专四
vendor,'vɛndɚ,,n.卖主；小贩；供应商；[贸易] 自动售货机,专四
ventilate,'vɛntɪlet,,v.使通风；给…装通风设备；宣布,专四
venture,'vɛntʃɚ,,v.敢于 n.企业；风险；冒险,专四
venue,'vɛnju,,n.审判地；犯罪地点；发生地点；集合地点,专四
Venus,'vinəs,,n.[天] 金星；维纳斯（爱与美的女神）,专四
veranda,və'rændə,,n.走廊，游廊；阳台,专四
verb,vɝb,,n.动词；动词词性；动词性短语或从句 a.动词的；有动词性质的；起动词作用的,专四
verbal,'vɝbl,,a.口头的；言语的；动词的；照字面的 n.动词的非谓语形式,专四
verdict,'vɝdɪkt,,n.结论；裁定,专四
verge,vɝdʒ,,v.濒临，接近；处在边缘 n.边缘,专四
verify,'vɛrɪfaɪ,,v.核实；查证,专四
versatile,'vɝsətl,,a.多才多艺的；通用的，万能的；多面手的,专四
version,'vɝʒn,,n.版本；译文；倒转术,专四
versus,'vɝsəs,,prep.对；与相对；对抗,专四
vertical,'vɝtɪkl,,a.垂直的，直立的；[解剖] 头顶的，顶点的 n.垂直线，垂直面,专四
vessel,'vɛsl,,n.船，舰；[组织] 脉管，血管；容器，器皿,专四
vet,vɛt,,v.审查；诊疗 n.兽医,专四
veteran,'vɛtərən,,n.老兵；老手；富有经验的人；老运动员 a.经验丰富的；老兵的,专四
veto,'vito,,n.否决权 v.否决；禁止,专四
via,"ˈvaɪə, ˈviə",,prep.渠道，通过；经由,专四
vibrant,'vaɪbrənt,,a.振动的；充满生气的；响亮的；战栗的 n.(Vibrant)人名；(德)维布兰特,专四
vibrate,vaɪ'breɪt,,v.振动；颤动；摇摆；踌躇,专四
vicar,'vɪkɚ,,n.教区牧师，教堂牧师；传教牧师；代理人,专四
vice,vaɪs,,n.恶习；缺点；[机] 老虎钳；卖淫 prep.代替 vt.钳住 a.副的；代替的,专四
victim,'vɪktɪm,,n.受害人；牺牲品；牺牲者,专四
victor,'vɪktɚ,,n.胜利者,专四
viewpoint,'vjupɔɪnt,,n.观点，看法；视角,专四
vigilant,'vɪdʒələnt,,a.警惕的；警醒的；注意的；警戒的,专四
vigorous,'vɪɡərəs,,a.有力的；精力充沛的,专四
villa,'vɪlə,,n.别墅；郊区住宅,专四
villain,'vɪlən,,n.坏人，恶棍；戏剧、小说中的反派角色；顽童；罪犯,专四
vine,vaɪn,,n.藤；葡萄树；藤本植物；攀缘植物 vi.长成藤蔓；爬藤,专四
vineyard,'vɪnjɚd,,n.葡萄园,专四
vintage,'vɪntɪdʒ,,n.葡萄收获期；葡萄酒酿造期 a.古老的；最佳的；过时的 vt.采葡萄；用葡萄酿酒 vi.采葡萄,专四
violate,'vaɪəlet,,v.违反；侵犯，妨碍；亵渎,专四
violent,'vaɪələnt,,a.暴力的；猛烈的,专四
violently,'vaɪələntli,,ad.猛烈地，激烈地；极端地,专四
violet,'vaɪələt,,n.紫罗兰；堇菜；羞怯的人 a.紫色的；紫罗兰色的,专四
VIP,",vi: ai 'pi:",,abbr.大人物，贵宾（Very Important Person）；视频接口处理器（Video Interface Processor）；可变信息处理（Variable Information Processing）,专四
virgin,'vɝdʒɪn,,a.处女的；纯洁的；未经利用的，处于原始状态的 n.处女,专四
virtually,ˈvɜrtʃuəli,,ad.事实上，几乎；实质上,专四
visible,'vɪzəbl,,a.明显的；看得见的；现有的；可得到的 n.可见物；进出口贸易中的有形项目,专四
vision,'vɪʒən,,n.视力；美景；眼力；幻象；想象力；幻视（漫威漫画旗下超级英雄） vt.想象；显现；梦见,专四
visit,'vɪzɪt,,n.访问；参观；逗留 v.访问；参观；视察,专四
vitality,vaɪ'tæləti,,n.活力，生气；生命力，生动性,专四
vitamin,'vaɪtəmɪn,,n.[生化] 维生素；[生化] 维他命,专四
vivid,'vɪvɪd,,a.生动的；鲜明的；鲜艳的,专四
vocation,vo'keʃən,,n.职业；天职；天命；神召,专四
volcano,vɑl'keno,,n.火山,专四
volt,volt,,n.伏特（电压单位）；环骑；闪避,专四
voltage,'voltɪdʒ,,n.[电] 电压,专四
volume,'vɑljum,,n.量；体积；卷；音量；大量；册 a.大量的 vi.成团卷起 vt.把…收集成卷,专四
voluntary,'vɑləntɛri,,a.自愿的；志愿的；自发的；故意的 n.志愿者；自愿行动,专四
vomit,'vɑmɪt,,v.吐出；使……呕吐 n.呕吐；呕吐物；催吐剂,专四
voter,'votɚ,,n.选举人，投票人；有投票权者,专四
voucher,'vaʊtʃɚ,,n.收据；证人；保证人；证明者；代金 vt.证实的可靠性,专四
vow,vaʊ,,n.发誓；誓言；许愿 v.发誓；郑重宣告,专四
vowel,'vaʊəl,,n.元音；母音 a.元音的,专四
vulgar,'vʌlɡɚ,,a.粗俗的；通俗的；本土的 n.平民，百姓,专四
vulnerable,'vʌlnərəbl,,a.易受攻击的，易受…的攻击；易受伤害的；有弱点的,专四
wagon,'wægən,,n.货车，四轮马车 vt.用运货马车运输货物,专四
wait,wet,,v.等候；推迟；延缓 n.等待；等候,专四
walkway,'wɔkwe,,n.通道，[建] 走道,专四
walnut,'wɔlnət,,n.胡桃；胡桃木 a.胡桃科植物的,专四
waltz,wɔlts,,v.跳华尔兹舞；旋转；轻快地走动 a.圆舞曲的；华尔兹舞的 n.华尔兹舞；华尔兹舞曲,专四
wardrobe,'wɔr'drob,,n.衣柜；行头；全部戏装,专四
warehouse,'wɛrhaʊs,,n.仓库；货栈；大商店 v.储入仓库；以他人名义购进（股票）,专四
warfare,'wɔrfɛr,,n.战争；冲突,专四
warmth,wɔrmθ,,n.温暖；热情；激动,专四
warning,'wɔrnɪŋ,,n.警告；预兆；预告 a.警告的；引以为戒的 v.警告（warn的ing形式）,专四
warrant,'wɔrənt,,n.根据；证明；正当理由；委任状 v.保证；担保；批准；辩解,专四
wasp,wɑsp,,n.黄蜂；[昆] 胡蜂；易怒的人 vi.黄蜂似的直扑,专四
watch,wɑtʃ,,v.观察；注视；看守；警戒 n.手表；监视；守护；值班人,专四
watercolor,"'wɔ:tə,kʌlə, 'wɔ-",,n.水彩画，水彩；水彩颜料 a.水彩的，水彩画的,专四
waterfall,'wɔtɚfɔl,,n.瀑布；瀑布似的东西,专四
watt,wɑt,,n.瓦特,专四
wax,waks,,n.蜡；蜡状物 v.给…上蜡 a.蜡制的；似蜡的,专四
way,we,,n.方法；道路；方向；行业；习惯 ad.大大地；远远地 a.途中的,专四
weapon,'wɛpən,,n.武器，兵器,专四
weave,wiv,,v.编织；编排；使迂回前进 n.织物；织法；编织式样,专四
weld,wɛld,,v.焊接；使结合；使成整体 n.焊接；焊接点,专四
welfare,'wɛl'fɛr,,n.福利；幸福；福利事业；安宁 a.福利的；接受社会救济的,专四
Welsh,wɛlʃ,,a.威尔士的；威尔士人的；威尔士语的 n.威尔士语,专四
wet,wɛt,,a.[气象][物] 潮湿的；有雨的 n.雨天；湿气 v.弄湿,专四
whale,wel,,v.猛揍；使惨败 n.鲸；巨大的东西,专四
wharf,wɔrf,,v.使靠码头；为…建码头；把货卸在码头上 n.码头；停泊处,专四
whereabouts,"'hwɛrə,baʊts; 'wɛrə,baʊts",,n.下落；行踪；去向；所在之处 ad.在何处；靠近什么地方,专四
whereas,'wɛr'æz,,conj.然而；鉴于；反之,专四
whereby,wɛr'bai,,ad.凭借；通过…；借以；与…一致,专四
whim,wɪm,,n.奇想；一时的兴致；怪念头；幻想,专四
whip,wɪp,,v.抽打；煽动；搅打（蛋，奶油）；彻底击败 n.鞭子；抽打；车夫；[机] 搅拌器,专四
whirl,wɝrl,,n.旋转，回旋；昏乱；一连串的事；短暂的旅行 v.旋转，回旋；急走；头晕眼花,专四
whisker,'wɪskɚ,,n.[晶体] 晶须；胡须；腮须,专四
whiskey,'hwɪski,,n.威士忌酒 a.威士忌酒的,专四
wholesale,'holsel,,a.批发的；大规模的 n.批发 ad.大规模地；以批发方式 v.批发,专四
wholesome,'holsəm,,a.健全的；有益健康的；合乎卫生的；审慎的,专四
wholly,'holli,,ad.完全地；全部；统统,专四
wick,wɪk,,n.灯芯，蜡烛心 vt.依靠毛细作用带走,专四
widen,'waɪdn,,v.放宽 n.(Widen)人名；(德)维登,专四
widow,'wɪdo,,v.使成寡妇 n.寡妇；孀妇,专四
wig,wɪɡ,,n.假发；要人；头脑 v.使戴假发；斥责,专四
willow,'wɪlo,,n.[林] 柳树；[木] 柳木制品 a.柳木制的,专四
willpower,"'wɪl,paʊɚ",,n.意志力；毅力,专四
windmill,'wɪnd'mɪl,,n.风车；风车房；旋转玩具；直升飞机 vt.使旋转 vi.作风车般旋转,专四
windscreen,'wɪndskrin,,n.汽车挡风玻璃,专四
wink,wɪŋk,,v.眨眼；使眼色；闪烁 n.眨眼；使眼色；闪烁；瞬间,专四
wipe,waɪp,,v.擦；消除；涂上 n.擦拭；用力打,专四
wish,wɪʃ,,n.希望；祝福；心愿 v.祝愿；渴望；向…致问候语,专四
wit,wɪt,,n.智慧；才智；智力 v.<古>知道；即,专四
witch,wɪtʃ,,n.巫婆，女巫 v.迷惑；施巫术,专四
witchcraft,'wɪtʃkræft,,n.巫术；魔法,专四
withdraw,wɪð'drɔ,,v.撤退；收回；撤消；拉开,专四
wither,'wɪðɚ,,v.使凋谢；使畏缩；使衰弱 n.(Wither)人名；(英)威瑟,专四
withhold,wɪð'hold,,v.保留，不给；隐瞒；抑制,专四
witness,ˈwɪtnɪs,,n.证人；目击者；证据 v.目击；证明；为…作证,专四
work,wɝk,,n.工作；[物] 功；产品；操作；职业；行为；事业；工厂；著作；文学、音乐或艺术作品 v.使工作；操作；经营；使缓慢前进,专四
workbook,'wə:kbuk,,n.工作手册；练习簿,专四
workload,'wɝklod,,n.工作量,专四
worship,'wɝʃɪp,,n.崇拜；礼拜；尊敬 v.崇拜；尊敬；爱慕,专四
worthless,ˈwərthləs,,a.无价值的；不值钱的；卑微的,专四
worthy,wɜði,,a.值得的；有价值的；配得上的，相称的；可尊敬的；应…的 n.杰出人物；知名人士,专四
wound,wund,,n.创伤，伤口 v.使受伤,专四
wrap,ræp,,v.包；缠绕；隐藏；掩护 n.外套；围巾,专四
wreck,rɛk,,n.破坏；失事；残骸；失去健康的人 v.破坏；使失事；拆毁,专四
wrestling,'rɛslɪŋ,,n.摔跤；扭斗 v.摔跤；格斗（wrestle的ing形式）；与…摔跤；使劲移动,专四
wrinkle,'rɪŋkl,,n.皱纹 v.起皱,专四
wrist,rɪst,,n.手腕；腕关节 vt.用腕力移动,专四
xerox,'ziərɔks,,n.施乐（商标名，美国办公设备制造公司）；影印，静电印刷品 v.用静电复印法复印,专四
yacht,jɑt,,v.乘游艇，驾游艇 n.游艇，快艇；轻舟,专四
yardstick,'jɑrd'stɪk,,n.码尺,专四
yarn,jɑn,,n.纱线；奇谈，故事 v.用纱线缠,专四
yawn,jɔn,,n.哈欠；裂口 v.打哈欠；裂开,专四
yearn,jɝn,,v.渴望，向往；思念，想念；怀念；同情，怜悯,专四
yeast,jist,,n.酵母；泡沫；酵母片；引起骚动因素,专四
yell,yel,,v.大叫，叫喊 n.喊声，叫声,专四
yield,jild,,v.屈服；出产，产生；放弃 n.产量；收益,专四
yoghurt,'jogɚt,,n.酸奶（等于yoghourt）；酸乳酪,专四
yolk,jok,,n.蛋黄；[胚] 卵黄；羊毛脂,专四
youngster,'jʌŋstɚ,,n.年轻人；少年,专四
youthful,'juθfl,,a.年轻的；早期的,专四
zealous,'zɛləs,,a.热心的，热情的，积极的 n.(Zealous)人名；(英)泽勒斯,专四
zigzag,'zɪɡzæɡ,,a.曲折的；锯齿形的；之字形的 v.使成之字形；使曲折行进 n.之字形；Z字形 ad.曲折地；之字形地；Z字形地,专四
zinc,zɪŋk,,v.镀锌于…；涂锌于…；用锌处理 n.锌,专四
zoology,"zəu'ɔlədʒi, zu:-",,n.动物学；动物区系,专四
