word,phonetic,pos,definition,source
survey,ˈsɝˌve; (for v.) sɝˈve,,n.调查；测验,人教高中
add up,,,合计,人教高中
upset,ʌp'sɛt,,"a.心烦意乱的；不安的；不适的 v.(过去式 upset, 过去分词 upset) 使不安；使心烦",人教高中
ignore,ɪɡ'nɔr,,v.不理睬；忽视,人教高中
calm,kɑm,,v.（使）平静；（使）镇定 a.平静的；镇静的；沉着的,人教高中
calm(…)down,,,（使）平静下来；（使）镇定下来,人教高中
have got to,,,不得不；必须,人教高中
concern,kən'sɝn,,v.（使）担忧；涉及；关系到 n.担心；关注 ；（利害）关系,人教高中
be concerned about,,,关心；挂念,人教高中
walk the dog,,,遛狗,人教高中
loose,lus,,a.松的；松开的,人教高中
vet,vɛt,,n.兽医,人教高中
go through,,,经历；经受,人教高中
Amsterdam,",æmstɚ'dæm",,n.阿姆斯特丹（荷兰首都）,人教高中
Netherlands,'neðələndz,,n.荷兰（西欧国家）,人教高中
Jewish,'dʒʊɪʃ,,a.犹太人的；犹太族的,人教高中
German,'dʒɜːmən,,a.德国的；德国人的；德语的 n.德国人；德语,人教高中
Nazi,"'nɑ:tsi, 'næ-",,n.纳粹党人 a.纳粹党的,人教高中
set down,,,记下；放下；制定,人教高中
series,'sɪriz,,n.连续；系列,人教高中
a series of,,,一连串的；一系列；一套,人教高中
Kitty,'kɪti,,n.基蒂（女名）,人教高中
outdoors,'aʊt'dɔrz,,ad.在户外；在野外,人教高中
spellbind,"'spɛl,baɪnd",,"v.(过去式 spellbound, 过去分词 spellbound)迷住；迷惑",人教高中
on purpose,,,故意,人教高中
in order to,,,为了……,人教高中
dusk,dʌsk,,n.黄昏；傍晚,人教高中
at dusk,,,在黄昏时刻,人教高中
thunder,'θʌndɚ,,v.打雷；雷鸣 n.雷；雷声,人教高中
entire,ɪn'taɪɚ,,a.整个的；完全的；全部的,人教高中
entirely,ɪn'taɪɚli,,ad.完全地；全然地；整个地,人教高中
power,'paʊɚ,,n.能力；力量；权力,人教高中
face to face,,,面对面地,人教高中
curtain,'kɝtn,,n.窗帘；门帘；幕布,人教高中
dusty,'dʌsti,,a.积满灰尘的,人教高中
no longer,,,不再……,人教高中
not…any longer,,,不再……,人教高中
partner,'pɑrtnɚ,,n.合作者；合伙人；伙伴,人教高中
settle,'sɛtl,,v.安家；定居；停留；解决,人教高中
suffer,'sʌfɚ,,v.遭受；忍受；经历,人教高中
suffer from,,,遭受；患病,人教高中
loneliness,'lonlɪnɪs,,n.孤单；寂寞,人教高中
highway,'haɪwe,,n.公路；大路,人教高中
recover,rɪ'kʌvɚ,,v.痊愈；恢复；重新获得,人教高中
get tired of,,,对……厌烦,人教高中
be tired of,,,对……厌烦,人教高中
pack,pæk,,v.捆扎；包装；打行李 n.小包；包裹,人教高中
pack (sth) up,,,将（东西）装箱打包,人教高中
suitcase,'sutkes,,n.手提箱；衣箱,人教高中
Margot,'mɑɡo,,n.玛戈（女名）,人教高中
Overcoat,'ovɚkot,,n.大衣；外套,人教高中
teenager,'tinedʒɚ,,n.十几岁的青少年,人教高中
get along with,,,与……相处；进展,人教高中
gossip,'ɡɑsɪp,,n.闲话；闲谈 v.说闲话，说长道短,人教高中
fall in love,,,相爱；爱上,人教高中
exactly,ɪɡ'zæktli,,ad.确实如此；正是；确切地,人教高中
disagree,",dɪsə'ɡri",,v.不同意,人教高中
grateful,'ɡretfl,,a.感激的；表示谢意的,人教高中
dislike,dɪs'laɪk,,v.不喜欢；厌恶 n.不喜欢；厌恶,人教高中
join in,,,参加；加入,人教高中
tip,tɪp,,n.尖；尖端；提示；技巧；小费 v.倾斜；翻倒,人教高中
secondly,'sɛkəndli,,ad.第二；其次,人教高中
swap,swɑp,,v.交换,人教高中
item,'aɪtəm,,n.项目；条款,人教高中
subway,'sʌbwe,,n.<美>地铁；地下人行道,人教高中
elevator,'ɛlɪvetɚ,,n.电梯；升降机,人教高中
petrol,'pɛtrəl,,n.<英>汽油（<美>gasoline）,人教高中
gas,ɡæs,,n.气体；汽油；煤气；毒气,人教高中
official,əˈfɪʃəl; oʊˈfɪʃəl,,a.官方的；正式的；公务的,人教高中
voyage,'vɔɪɪdʒ,,n.航行；航海,人教高中
conquer,'kɑŋkɚ,,v.征服；占领,人教高中
because of,,,因为；由于,人教高中
native,'netɪv,,a.本国的；本地的 n.本地人；本国人,人教高中
Amy,'emɪ,,n.艾米（女名）,人教高中
come up,,,走近；上来；提出,人教高中
apartment,ə'pɑrtmənt,,n.<美> 公寓住宅；单元住宅,人教高中
actually,'æktʃuəli,,ad.实际上；事实上,人教高中
AD,'e 'di,,公元,人教高中
base,bes,,v.以……为根据 n.基部；基础；基地,人教高中
at present,,,现在；目前,人教高中
gradual,'ɡrædʒuəl,,a.逐渐的；逐步的,人教高中
gradually,'grædʒʊəli,,ad.逐渐地；逐步地,人教高中
Danish,'denɪʃ,,n.丹麦语 a.丹麦的；丹麦人的；丹麦语的,人教高中
enrich,ɪn'rɪtʃ,,v.充实；改善；使富裕,人教高中
vocabulary,və'kæbjəlɛri,,n.词汇；词汇量；词表,人教高中
Shakespeare,'ʃekspɪr,,莎士比亚（英国剧作家，诗人）,人教高中
make use of,meɪk juːz əv,,利用；使用,人教高中
spelling,'spɛlɪŋ,,n.拼写；拼法,人教高中
Samuel Johnson,,,塞缪尔•约翰逊（英国作家，批评家）,人教高中
Noah Webster,,,诺厄•韦伯斯特（美国词典编纂家）,人教高中
latter,'lætɚ,,a.较后的；后半的；（两者中）后者的,人教高中
identity,aɪ'dɛntəti,,n.本身；本体；身份,人教高中
fluent,'fluənt,,a.流利的；流畅的,人教高中
fluently,'flu:əntlɪ,,ad.流利地；流畅地,人教高中
Singapore,ˌsɪŋgə'pɔ:,,n.新加坡（东南亚国家）,人教高中
Malaysia,mə'leʒə,,n.马来西亚（东南亚国家）；马来群岛,人教高中
such as,,,例如……；像这种的,人教高中
frequent,'frikwənt,,a.频繁的；常见的,人教高中
frequently,'frikwəntli,,ad.常常；频繁地,人教高中
usage,'jusɪdʒ,,n.词语惯用法；使用；用法,人教高中
command,kə'mænd,,n.命令；指令；掌握〔尤指语言〕 v.命令；指令；掌握,人教高中
request,rɪ'kwɛst,,n.请求；要求 v.请求；要求,人教高中
dialect,'daɪə'lɛkt,,n.方言,人教高中
expression,ɪk'sprɛʃən,,n.表示；表达；词语,人教高中
midwestern,ˌmɪd'wɛstən,,a.中西部的 有中西部特性的,人教高中
African,'æfrɪkən,,a.非洲的；非洲人的；非洲语言的,人教高中
Spanish,'spænɪʃ,,a.西班牙的；西班牙人的；西班牙语的 n.西班牙人；西班牙语,人教高中
play a part (in),,,扮演一个角色；参与,人教高中
eastern,'istɚn,,a.东方的；东部的,人教高中
southeastern,",saʊθ'istɚn",,a.东南方的；来自东南的,人教高中
northwestern,,,a.西北方的；来自西北的,人教高中
recognize,ˈrɛkəɡˌnaɪz,,v.辨认出；承认，公认,人教高中
lorry,'lɔri,,n.<英>卡车（<美>truck）,人教高中
Lori,lɔri,,n.罗丽（女名）,人教高中
Houston,'hju:stən,,n.休斯顿（美国城市）,人教高中
Texas,'teksəs,,n.德克萨斯州（美国州名）,人教高中
accent,'æksɛnt,,n.口音；腔调；重音,人教高中
Buford,,,n.布福德（姓氏；男名）,人教高中
Lester,'lestə,,n.莱斯特（姓错；男名）,人教高中
catfish,'kætfɪʃ,,n.鲶鱼,人教高中
lightning,'laɪtnɪŋ,,n.闪电,人教高中
straight,stret,,ad.挺直；直接 a.直的；笔直的；正直的；正直的,人教高中
block,blɑk,,n.块；木块；石块；街区,人教高中
cab,kæb,,n.出租车,人教高中
journal,'dʒɝnl,,n.杂志；定期刊物；日记,人教高中
transport,'trænspɔrt,,n.运送；运输 v.运输；运送,人教高中
prefer,prɪ'fɝ,,v.更喜欢；选择某事物（而不选择其他事物）,人教高中
disadvantage,",dɪsəd'væntɪdʒ",,n.不利条件；不便之处,人教高中
fare,fɛr,,n.费用,人教高中
route,raʊt,,n.路线；路途,人教高中
Mekong,'me'kɔŋ,,n.湄公河,人教高中
flow,flo,,v.流动；流出 n.流动；流量,人教高中
ever since,,,从那以后,人教高中
persuade,pɚ'swed,,v.说服；劝说,人教高中
cycle,'saɪkl,,v.骑自行车,人教高中
graduate,ˈɡrædʒuˌet,,v.毕业 n.大学毕业生,人教高中
finally,'faɪnlɪ,,ad.最后；终于,人教高中
schedule,ˈskedʒʊl; skɛdʒʊl,,n.进度表；时间表 v.为某事安排时间,人教高中
fond,fɑnd,,a.喜爱的；慈爱的；宠爱的,人教高中
be fond of,,,喜爱；喜欢,人教高中
shortcoming,'ʃɔrtkʌmɪŋ,,n.缺点,人教高中
stubborn,'stʌbɚn,,a.顽固的；固执的,人教高中
organize,ɔrɡənˌaɪz,,v.组织；成立,人教高中
care about,,,关心；忧虑；惦念,人教高中
detail,dɪˈtel,,n.细节；详情,人教高中
source,sɔrs,,n.来源；水源,人教高中
determine,dɪ'tɝmɪn,,v.确定；决定；下定决心,人教高中
determined,dɪ'tɝmɪnd,,a.坚决的；有决心的,人教高中
change one’s mind,,,改变主意,人教高中
journey,ˈdʒɝ​nɪ,,n.旅行；旅程,人教高中
altitude,'æltɪtud,,n.海拔高度；高处,人教高中
make up one’s mind,,,下决心；决定,人教高中
give in,,,投降；屈服；让步,人教高中
atlas,'ætləs,,n.地图；地图集,人教高中
glacier,'ɡleʃɚ,,n.冰河；冰川,人教高中
Tibetan,ti'betən,,a.西藏的；藏族的；藏族人的 n.西藏人；藏族人；（西）藏语,人教高中
rapids,'ræpɪdz,,n.急流,人教高中
valley,'væli,,n.（山）谷；流域,人教高中
waterfall,'wɔtɚfɔl,,n.瀑布,人教高中
pace,pes,,v.缓慢而行；踱步 n.速度；步调；一步,人教高中
bend,bɛnd,,"n.弯；拐角 v.(过去式 bent, 过去分词 bent) 使弯曲；弯身；弯腰",人教高中
meander,mɪ'ændɚ,,n.（指河流等）蜿蜒缓慢流动,人教高中
delta,'dɛltə,,n.三角洲,人教高中
attitude,'ætɪtʊd,,n.态度；看法,人教高中
Qomolangma,ˈtʃəʊməʊˌlɑːŋmə,,n.珠穆朗玛峰,人教高中
boil,bɔɪl,,v.（指液体）沸腾；（水）开,人教高中
forecast,'fɔrkæst,,n.预测；预报 v.预测；预报,人教高中
parcel,'pɑrsl,,n.小包；包裹,人教高中
insurance,ɪn'ʃʊrəns,,n.保险,人教高中
wool,wʊl,,n.羊毛；毛织品,人教高中
as usual,,,照常,人教高中
reliable,rɪ'laɪəbl,,a.可信赖的；可靠的,人教高中
view,vju,,n.观点；见解；风景；视野 v.观看；注视；考虑,人教高中
yak,jæk,,n.牦牛,人教高中
pillow,'pɪlo,,n.枕头；枕垫,人教高中
midnight,'mɪdnaɪt,,n.午夜；子夜,人教高中
at midnight,,,在午夜,人教高中
flame,flem,,n.火焰；光芒,人教高中
beneath,bɪˈniːθ,,prep.在……下面,人教高中
Laos,laʊz,,n.老挝（东南亚国家）,人教高中
Laotian,lei'əuʃən,,n.老挝人 a.老挝（人）的,人教高中
temple,'tɛmpl,,n.庙宇；寺庙,人教高中
cave,kev,,n.洞穴；地窖,人教高中
earthquake,'ɝθ'kwek,,n.地震,人教高中
quake,kwek,,n.地震,人教高中
right away,,,立刻；马上,人教高中
well,wɛl,,n.井,人教高中
crack,kræk,,n.裂缝；噼啪声 v.（使）开裂；破裂,人教高中
smelly,'smɛli,,a.发臭的；有臭味的,人教高中
farmyard,'fɑrmjɑrd,,n.农场；农家,人教高中
pipe,paɪp,,n.管；导管,人教高中
burst,bɝst,,"v.(过去式 burst, 过去分词 burst) 爆裂；爆发 n.突然破裂；爆发",人教高中
million,'mɪljən,,n.百万,人教高中
event,ɪ'vɛnt,,n.事件；大事,人教高中
as if,,,仿佛；好像,人教高中
at an end,,,结束；终结,人教高中
nation,'neʃən,,n.民族；国民；国家,人教高中
canal,kə'næl,,n.运河；水道,人教高中
steam,stim,,n.蒸汽；水汽,人教高中
dirt,dɝt,,n.污垢；泥土,人教高中
ruin,'ruɪn,,n.废墟 v.使破产；毁灭,人教高中
in ruins,,,严重受损；破败不堪,人教高中
suffering,'sʌfərɪŋ,,n.苦难；痛苦,人教高中
extreme,ɪk'strim,,a.极度的,人教高中
injure,'ɪndʒɚ,,v.损害；伤害,人教高中
survivor,sɚ'vaɪvɚ,,n.幸存者；生还者；残存物,人教高中
destroy,dɪ'strɔɪ,,v.破坏；毁坏；消灭,人教高中
brick,brɪk,,n.砖；砖块,人教高中
dam,dæm,,n.水坝；堰堤,人教高中
track,træk,,n.足迹；痕迹；轨道，铁轨,人教高中
useless,'jusləs,,a.无用的；无效的；无益的,人教高中
shock,ʃɑk,,v.（使）震惊；震动 n.打击；震惊；休克,人教高中
rescue,'rɛskju,,v.援救；营救 n.援救；营救,人教高中
trap,træp,,v.使陷入困境 n.陷阱；困境,人教高中
electricity,ɪ'lɛk'trɪsəti,,n.电,人教高中
disaster,dɪ'zæstɚ,,n.灾难；灾祸,人教高中
dig out,,,掘出；发现,人教高中
bury,'bɛri,,v.埋葬；掩埋；隐藏,人教高中
mine,maɪn,,n.矿；矿山；矿井,人教高中
miner,'maɪnɚ,,n.矿工,人教高中
shelter,'ʃɛltɚ,,n.掩蔽；掩蔽处；避身处,人教高中
a (great) number of,,,许多；大量的,人教高中
title,'taɪtl,,n.标题；头衔,人教高中
reporter,rɪ'pɔrtɚ,,n.记者,人教高中
bar,bɑr,,n.条；棒；条状物,人教高中
damage,'dæmɪdʒ,,n.损失；损害 v.损失；损害,人教高中
frighten,'fraɪtn,,v.使惊吓；吓唬,人教高中
frightened,'fraɪtnd,,a.受惊的；受恐吓的,人教高中
frightening,'fraɪtnɪŋ,,a.令人恐惧的,人教高中
congratulation,"kən,ɡrætʃu'leʃən",,n.祝贺；（复数）贺词,人教高中
judge,dʒʌdʒ,,n.裁判员；法官 v.断定；判断；判决,人教高中
sincerely,sɪn'sɪrli,,ad.真诚地；真挚地,人教高中
express,ɪk'sprɛs,,v.表示；表达 n.快车；速递,人教高中
outline,'aʊtlaɪn,,n.要点；大纲；轮廓,人教高中
headline,'hɛdlaɪn,,n.报刊的大字标题,人教高中
cyclist,'saɪklɪst,,n.骑自行车的人,人教高中
Nelson Mandela,,,纳尔逊•曼德拉（前南非共和国总统）,人教高中
quality,'kwɑləti,,n.质量；品质；性质,人教高中
warm-hearted,",wɔ:m 'ha:tid",,a.热心肠的,人教高中
mean,min,,a.吝啬的；自私的；卑鄙的,人教高中
active,'æktɪv,,a.活跃的；积极的,人教高中
generous,'dʒɛnərəs,,a.慷慨的；大方的,人教高中
easy-going,",i:zi:'gəuiŋ",,a.随和的，温和宽容的,人教高中
self,sɛlf,,n.自我；自身,人教高中
selfish,'sɛlfɪʃ,,a.自私的,人教高中
selfless,sɛlflɪs,,a.无私的；忘我的,人教高中
selflessly,'selflisli,,ad.无私地；忘我地,人教高中
devote,dɪ'vot,,v.（与to连用）献身；专心于,人教高中
devoted,dɪ'votɪd,,a.深爱的；忠实的,人教高中
William Tyndale,,,威廉•廷代尔（英国早期新教改革者）,人教高中
Bible,'baɪbl,,n.《圣经》,人教高中
Norman Bethune,,,诺曼•白求恩（加拿大胸外科医师）,人教高中
invader,ɪn'vedɚ,,n.侵略者,人教高中
found,faʊnd,,v.建立；建设,人教高中
republic,rɪ'pʌblɪk,,n.共和国；共和政体,人教高中
principle,'prɪnsəpl,,n.法则；原则；原理,人教高中
nationalism,'næʃnəlɪzəm,,n.民族主义；国家主义,人教高中
livelihood,'laɪvlɪhʊd,,n.生计；谋生,人教高中
Mohandas Gandhi,,,莫罕达斯•甘地（印度国民大会党领袖）,人教高中
peaceful,'pisfəl,,a.平静的；安宁的；和平的,人教高中
giant,'dʒaɪənt,,a.巨大的；庞大的,人教高中
leap,lip,,n.飞跃；跳跃,人教高中
mankind,mæn'kaɪnd,,n.人类,人教高中
Elias,ɪ'laɪəs,,n.伊莱亚斯（男名）,人教高中
lawyer,'lɔjɚ,,n.律师,人教高中
guidance,'gaɪdns,,n.指导；领导,人教高中
legal,'ligl,,a.法律的；依照法律的,人教高中
fee,fi,,n.费（会费、学费等）；酬金,人教高中
passbook,'pæs'bʊk,,n.银行存折,人教高中
Johannesburg,dʒəu'hænisbə:ɡ,,n.约翰内斯堡（南非城市）,人教高中
out of work,,,失业,人教高中
hopeful,'hopfl,,a.怀有希望的；有希望的,人教高中
ANC,,,非国大；非洲人国民大会；非洲民族会议（African National Congress）,人教高中
youth,jʊθ,,n.青年时期；青年,人教高中
league,lig,,n.同盟；联盟；联合会,人教高中
Youth League,,,青年团,人教高中
stage,stedʒ,,n.阶段；时期；舞台,人教高中
vote,vot; voʊt,,v.投票；选举 n.投票；选票；表决,人教高中
attack,ə'tæk,,v.进攻；攻击；抨击；抨击,人教高中
violence,'vaɪələns,,n.暴力；暴行,人教高中
as a matter of fact,,,事实上,人教高中
blow up,,,爆炸；使充气,人教高中
equal,'ikwəl,,a.相等的；平等的,人教高中
in trouble,,,在危险、受罚、痛苦、忧虑等的处境中,人教高中
willing,'wɪlɪŋ,,a.乐意的；自愿的,人教高中
unfair,'ʌn'fɛr,,a.不公正的；不公平的,人教高中
turn to,,,求助于；致力于,人教高中
quote,kwot,,n.引用语；语录,人教高中
release,rɪ'lis,,v.释放；发行,人教高中
lose heart,,,丧失勇气或信心,人教高中
Robben Island,,,罗本岛,人教高中
escape,ɪˈskep,,v.逃脱；逃走；泄露,人教高中
blanket,'blæŋkɪt,,n.毛毯；毯子,人教高中
educate,'ɛdʒuket,,vt.教育；训练,人教高中
educated,'ɛdʒə'ketɪd,,a.有教养的；受过教育的,人教高中
come to power,,,当权；上台,人教高中
beg,bɛɡ,,v.请求；乞求,人教高中
relative,'rɛlətɪv,,n.亲戚；亲属,人教高中
terror,'tɛrɚ,,n.恐怖；恐怖时期；恐怖活动,人教高中
cruelty,'krʊəlti,,n.残忍；残酷,人教高中
reward,rɪ'wɔrd,,n.报酬；奖金 v.酬劳；奖赏,人教高中
Transkei,træns'kei; -'kai,,n.特兰斯凯（南非东南部一地区）,人教高中
set up,,,设立;建立,人教高中
sentence,'sɛntəns,,v.判决；宣判,人教高中
be sentenced to,,,被判处……（徒刑）,人教高中
anti-,'æntaɪ,,[前缀]反；抗；阻,人教高中
anti-black,",ænti'blæk",,a.反黑人的,人教高中
Cape Town,,,开普敦（南非立法首都）,人教高中
president,'prɛzɪdənt,,n.总统；会长；校长；行长,人教高中
Nobel Peace Prize,,,诺贝尔和平奖,人教高中
opinion,ə'pɪnjən,,n.意见；看法；主张,人教高中
cultural,'kʌltʃərəl,,a.文化的,人教高中
relic,'rɛlɪk,,n.遗物；遗迹；纪念物,人教高中
rare,rɛr,,a.稀罕的；稀有的；珍贵的,人教高中
valuable,ˈvæljuəbəl; ˈvæljə-,,a.贵重的；有价值的,人教高中
survive,sɚ'vaɪv,,v.幸免；幸存；生还,人教高中
vase,veɪs; veɪz,,n.花瓶；瓶,人教高中
dynasty,'daɪnəsti,,n.王朝；朝代,人教高中
Taj Mahal,,,泰姬陵,人教高中
ivory,'aɪvəri,,n.象牙,人教高中
dragon,'dræɡən,,n.龙,人教高中
amber,'æmbɚ,,n.琥珀色；琥珀,人教高中
in search of,,,寻找,人教高中
Frederick William I,,,腓特烈•威廉一世（普鲁士国王）,人教高中
Prussia,'prʌʃə,,n.（史）普鲁士（位于北欧）,人教高中
amaze,ə'mez,,v.使吃惊；惊讶,人教高中
amazing,ə'mezɪŋ,,a.惊人的，了不起的,人教高中
select,sə'lɛkt,,v.挑选；选择,人教高中
honey,'hʌni,,n.蜜；蜂蜜,人教高中
design,dɪ'zaɪn,,n.设计；图案；构思 v.设计；计划；构思,人教高中
fancy,'fænsi,,a.〔酒店、餐厅、汽车等〕昂贵的，豪华的 v.喜欢，想要,人教高中
style,staɪl,,n.风格；类型；风度,人教高中
decorate,'dɛkəret,,v.装修；装饰,人教高中
jewel,'dʒuəl,,n.珠宝；宝石,人教高中
artist,'ɑrtɪst,,n.艺术家,人教高中
belong,bɪ'lɔŋ,,v.属于；为……的一员,人教高中
belong to,,,属于,人教高中
Peter the Great,,,彼得大帝（俄国皇帝）,人教高中
in return,,,作为报答；回报,人教高中
Czar,zɑ:,,n.沙皇,人教高中
troop,trʊp,,n.军队；群；组,人教高中
St Petersburg,,,n.圣彼得堡（俄罗斯城市）,人教高中
reception,rɪ'sɛpʃən,,n.接待；招待会；接收,人教高中
CatherineⅡ,'kæθərin,,叶卡捷琳娜二世（俄国女皇）,人教高中
at war,,,处于交战状态,人教高中
remove,rɪ'muv,,v.移动；搬开,人教高中
less than,,,少于,人教高中
wooden,'wʊdn,,a.木制的,人教高中
doubt,daʊt,,n.怀疑；疑惑 v.怀疑；不信,人教高中
Konigsberg,'kə:niɡzbə:ɡ; 'kun-,,n.哥尼斯堡（俄罗斯港市Kaliningrad的旧称）,人教高中
the Baltic Sea,,,波罗的海,人教高中
mystery,ˈmɪstri,,n.神秘；神秘的事物,人教高中
former,'fɔrmɚ,,a.以前的；从前的,人教高中
worth,wɝθ,,prep.值得的；相当于……的价值 n.价值；作用 a.[古]值钱的,人教高中
rebuild,",ri'bɪld",,v.重建,人教高中
local,ˈloʊkl,,a.本地的；当地的,人教高中
apart,ə'pɑrt,,ad.分离地；分别地,人教高中
take apart,,,拆开,人教高中
Leningrad,'leninɡræd,,n.列宁格勒（苏联城市）,人教高中
painting,'pentɪŋ,,n.绘画；画,人教高中
castle,'kæsl,,n.城堡,人教高中
Windsor Castle,,,温莎城堡（英国著名城堡）,人教高中
trial,'traɪəl,,n.审判；审讯；试验,人教高中
eyewitness,'aɪwɪtnəs,,n.目击者；证人,人教高中
evidence,'ɛvɪdəns,,n.根据；证据,人教高中
Jan Hasek,,,简•哈兹克（男名）,人教高中
Czech Republic,,,捷克共和国（东欧国家）,人教高中
explode,ɪk'splod,,v.爆炸,人教高中
entrance,(for v.)ɪnˈtræns; (for n.) ˈɛntrəns,,n.入口,人教高中
Hans Braun,,,汉斯•布朗（男名）,人教高中
sailor,'selɚ,,n.水手；海员；船员,人教高中
sink,sɪŋk,,"v.(过去式 sank, 过去分词 sunk; 过去式 sunk, 过去分词 sunken) 下沉；沉下",人教高中
Anna Petrov,,,安娜•帕特罗夫（女名）,人教高中
maid,med,,n.女仆；少女,人教高中
Berlin,bɝ'lɪn,,n.柏林（德国首都）,人教高中
think highly of,,,看重；器重,人教高中
Johann Webber,,,约翰•韦伯（男名）,人教高中
informal,ɪn'fɔrml,,a.非正式的,人教高中
debate,dɪ'bet,,n.争论；辩论 v.争论；辨论,人教高中
ancient,ˈenʃənt,,a.古代的；古老的,人教高中
compete,kəm'pit,,v.竞争；比赛,人教高中
competitor,kəm'pɛtɪtɚ,,n.竞争者,人教高中
take part in,,,参加；参与,人教高中
medal,'mɛdl,,n.奖章；勋章；纪念章,人教高中
stand for,,,代表；象征；表示,人教高中
mascot,'mæskɑt,,n.吉祥物,人教高中
Pausanias,pɔ:'seiniæs,,帕萨尼亚斯（男名；古希腊人名）,人教高中
Greece,ɡriːs,,n.希腊,人教高中
Greek,grik,,a.希腊（人）的；希腊语的 n.希腊人；希腊语,人教高中
magical,'mædʒɪkl,,a.巫术的；魔术的；有魔力的,人教高中
volunteer,",vɑlən'tɪr",,n.志愿者；志愿兵 v.自愿,人教高中
homeland,'homlænd,,n.祖国；本国,人教高中
regular,'rɛgjəlɚ,,a.定期的；常规的；规则的,人教高中
basis,'besɪs,,n.基础；根据,人教高中
athlete,'æθlit,,n.运动员；运动选手,人教高中
admit,əd'mɪt,,v.容许；承认；接纳,人教高中
slave,sleɪv,,n.奴隶,人教高中
nowadays,'naʊədez,,ad.现今；现在,人教高中
gymnastics,dʒɪm'næstɪks,,n.体操；体能训练,人教高中
athletics,æθ'lɛtɪks,,n.体育运动；田径运动,人教高中
Stadium,'stedɪəm,,n.（露天大型）体育场,人教高中
gymnasium,dʒɪm'nezɪəm,,n.体育馆；健身房,人教高中
gym,dʒɪm,,n.体育馆；健身房,人教高中
as well,,,也；又；还,人教高中
host,host,,v.做东；主办；招待 n.主人,人教高中
responsibility,rɪˌspɑːnsəˈbɪləti,,n.责任；职责,人教高中
olive,'ɑlɪv,,n.橄榄；橄榄树；橄榄绿,人教高中
wreath,riθ,,n.花圈；花冠；圈状物,人教高中
replace,rɪ'ples,,v.取代；代替；替换,人教高中
motto,'mɑto,,n.座右铭；格言；警句,人教高中
swift,swɪft,,a.快的；迅速的,人教高中
similarity,",sɪmə'lærəti",,n.相似点,人教高中
Athens,'æθɪnz,,n.雅典（希腊首都）,人教高中
charge,tʃɑrdʒ,,v.收费；控诉 n.费用；主管,人教高中
in charge,in'tʃa:dʒ,,主管；看管,人教高中
physical,'fɪzɪkl,,a.身体的；物理的,人教高中
fine,faɪn,,v.罚款,人教高中
poster,'postɚ,,n.海报；招贴,人教高中
advertise,'ædvɚtaɪz,,v.做广告；登广告,人教高中
Atlanta,æt'læntə,,n.亚特兰大（女名；城市名）,人教高中
princess,prɪnˌsɛs,,n.公主,人教高中
glory,'ɡlɔri,,n.光荣；荣誉,人教高中
bargain,ˈbɑrɡɪn,,v.讨价还价；讲条件 n.便宜货,人教高中
prince,prɪns,,n.王子,人教高中
hopeless,ˈhoʊpləs,,a.没有希望的；绝望的,人教高中
Hippomenes,hi'pɔməni:z,,n.希波墨涅斯（男名；古希腊人名）,人教高中
foolish,'fulɪʃ,,a.愚蠢的；傻的,人教高中
goddess,ɡɑdɪs,,n.女神,人教高中
pain,pen,,n.疼痛；痛苦,人教高中
one after another,,,陆续地；一个接一个地,人教高中
deserve,dɪ'zɝv,,v.应受（报答或惩罚）；值得,人教高中
striker,'straɪkɚ,,n.（足球的）前锋,人教高中
abacus,'æbəkəs,,n.算盘,人教高中
calculator,'kælkjuletɚ,,n.计算器,人教高中
PC,",pi: 'si:",,（personal computer）个人电脑；个人计算机,人教高中
laptop,'læptɑp,,n.手提电脑,人教高中
PDA,,,(personal digital assistant)掌上电脑；个人数码助理,人教高中
analytical,",ænə'lɪtɪkl",,a.头脑周密的,人教高中
calculate,'kælkjulet,,v.计算,人教高中
universal,'jʊnə'vɝsl,,a.普遍的；通用的,人教高中
simplify,'sɪmplɪfaɪ,,v.简化,人教高中
sum,sʌm,,n.金额；总数；算术题,人教高中
Charles Babbage,,,查尔斯•巴比奇（英国数学教授）,人教高中
operator,'ɑpəretɚ,,n.电话接线员；〔机器或设备的〕操作者，操作员,人教高中
logical,'lɑdʒɪkl,,a.合情理的；合逻辑的,人教高中
logically,'lɑdʒɪkli,,ad.逻辑上；合逻辑地；有条理地,人教高中
technology,tɛkˈnɑlədʒɪ,,n.工艺；科技；技术,人教高中
technological,tɛknə'lɑdʒɪkl,,a.科技的,人教高中
revolution,'rɛvə'lʊʃən,,n.革命,人教高中
artificial,",ɑrtɪ'fɪʃl",,a.人造的；假的,人教高中
intelligence,ɪn'tɛlɪdʒəns,,n.智力；聪明；智能,人教高中
intelligent,ɪn'tɛlɪdʒənt,,a.聪明的；智能的,人教高中
Alan Turing,,,艾伦•图灵（英国数学家）,人教高中
solve,sɑlv,,v.解决；解答,人教高中
mathematical,",mæθə'mætɪkl",,a.数学的,人教高中
from…on,,,从……时起,人教高中
reality,rɪ'æləti,,n.真实；现实；事实,人教高中
designer,dɪ'zaɪnɚ,,n.设计师,人教高中
personal,'pɝsənl,,a.私人的；个人的；亲自的,人教高中
personally,'pə:sənəli,,ad.就个人而言；亲自,人教高中
tube,tub,,n.管；管子；电子管,人教高中
transistor,træn'zɪstɚ,,n.晶体管,人教高中
chip,tʃɪp,,n.芯片；碎片,人教高中
as a result,,,结果,人教高中
total,'totl,,a.总的；整个的 n.总数；合计,人教高中
totally,'totəli,,ad.完全地；整个地,人教高中
so…that…,,,如此……以致于……,人教高中
network,'nɛtwɝk,,n.网络；网状物,人教高中
web,wɛb,,n.网,人教高中
application,ˌæpləˈkeʃən,,n.申请；应用；用途,人教高中
finance,'faɪnæns,,n.金融；财经,人教高中
mobile,ˈməʊbl;mobil,,a.可移动的；机动的,人教高中
rocket,'rɑkɪt,,n.火箭,人教高中
explore,ɪk'splɔr,,v.探究；探索；探测,人教高中
Mars,mɑrz,,n.火星,人教高中
anyhow,'ɛnɪ'haʊ,,ad.（也作anyway）无论如何；即使如此,人教高中
goal,ɡol,,n.目标；目的；球门；（进球）得分,人教高中
happiness,'hæpɪnəs,,n.幸福；快乐,人教高中
human race,,,人类,人教高中
supporting,sə'pɔrtɪŋ,,a.(演员)配角的,人教高中
download,",daʊn'lod",,v.下载,人教高中
programmer,'progræmɚ,,n.程序员；程序师,人教高中
virus,'vaɪrəs,,n.病毒,人教高中
android,'ændrɔɪd,,n.机器人,人教高中
signal,'sɪgnl,,v.发信号 n.信号,人教高中
teammate,'tim'met,,n.队友,人教高中
Nagoya,'nɑ:ɡɔ:'jɑ:,,n.名古屋（日本港市）,人教高中
Seattle,si'ætl,,n.西雅图（美国城市）,人教高中
type,taɪp,,n.类型 v.打字,人教高中
in a way,,,在某种程度上,人教高中
coach,kotʃ,,n.教练,人教高中
arise,ə'raɪz,,"v.(过去式 arose, 过去分词 arisen)出现；发生",人教高中
with the help of,,,在……的帮助下,人教高中
electronic,ɪˌlɛkˈtrɑnɪk,,a.电子的,人教高中
appearance,ə'pɪrəns,,n.外观；外貌；出现,人教高中
character,'kærɪktɚ,,n.性格；特点,人教高中
mop,mɑp,,n.拖把 v.用拖把拖；擦；用拖把拖；擦,人教高中
deal with,,,处理；安排；对付,人教高中
watch over,,,看守；监视,人教高中
naughty,'nɔti,,a.顽皮的；淘气的,人教高中
niece,nis,,n.侄女；甥女,人教高中
spoil,spɔɪl,,v.宠坏；损坏,人教高中
wildlife,'waɪldlaɪf,,n.野生动植物,人教高中
protection,prə'tɛkʃən,,n.保护,人教高中
wild,waɪld,,a.野生的；野的；未开发的；荒凉的,人教高中
habitat,'hæbə'tæt,,n.栖息地（动植物的）自然环境；,人教高中
threaten,'θrɛtn,,v.恐吓；威胁,人教高中
decrease,dɪ'kris,,v.减少；（使）变小；或变少,人教高中
endanger,ɪn'dendʒɚ,,v.危害；使受到危险,人教高中
die out,,,灭亡；逐渐消失,人教高中
loss,lɔs,,n.遗失；丧失；损失,人教高中
reserve,rɪ'zɝv,,n.保护区,人教高中
hunt,hʌnt,,v.打猎；猎取；搜寻,人教高中
zone,zon,,n.地域；地带；地区,人教高中
in peace,,,和平地；和睦地；安祥地,人教高中
in danger,,,在危险中；垂危,人教高中
Daisy,'deɪzɪ,,n.戴茜（女名）,人教高中
species,'spiʃiz,,n.种类；物种,人教高中
carpet,'kɑrpɪt,,n.地毯,人教高中
respond,rɪ'spɑnd,,v.响应；做出反应；回答,人教高中
distant,'dɪstənt,,a.远的；远处的,人教高中
fur,fɝ,,n.毛；软毛；毛皮,人教高中
antelope,'æntɪlop,,n.羚羊,人教高中
Zimbabwe,zim'bɑ:bwei; -wi,,n.津巴布韦（非洲东南部国家）,人教高中
relief,rɪ'lif,,n.（痛苦或忧虑的）减轻或解除；减轻痛苦的事物,人教高中
in relief,,,如释重负；松了口气,人教高中
laughter,'læftɚ,,n.笑；笑声,人教高中
burst into laughter,,,突然笑起来；大声笑了出来,人教高中
mercy,'mɝsi,,n.仁慈；宽恕；怜悯,人教高中
certain,'sɝtn,,a.确定的；一定的；某一,人教高中
importance,ɪm'pɔrtns,,n.重要（性）,人教高中
WWF,,,(Word Wildlife Fund)世界野生生物基金会,人教高中
rub,rʌb,,v.擦；摩擦,人教高中
protect…from,,,保护……不受……（危害）,人教高中
mosquito,məˈskiːtoʊ,,n.蚊子,人教高中
millipede,'mɪlɪpid,,n.(等同于millepede) 千足虫,人教高中
insect,'ɪnsɛkt,,n.昆虫,人教高中
contain,kən'ten,,v.包含；容纳；克制〔强烈的感情〕,人教高中
powerful,'paʊɚfl,,a.强大的；有力的,人教高中
affect,ə'fɛkt,,v.影响；感动；侵袭,人教高中
attention,ə'tɛnʃən,,n.注意；注意力；关注,人教高中
pay attention to,,,注意,人教高中
appreciate,ə'priʃɪet,,v.感激；鉴赏；意识到,人教高中
succeed,sək'sid,,v.成功；接替；继任,人教高中
Indonesia,"'indəu'ni:zjə,-ʒə",,n.印度尼西亚（东南亚岛国）,人教高中
rhino,'raɪno,,n.犀牛,人教高中
secure,sə'kjʊr,,a.可靠的；安全的,人教高中
income,'ɪnkʌm,,n.收入,人教高中
employ,ɪm'plɔɪ,,v.雇用；利用（时间、精力等）,人教高中
harm,hɑrm,,n.损害；危害 v.损害；危害,人教高中
Milu deer,,,麋鹿,人教高中
bite,baɪt,,"v.(过去式 bit, 过去分词 bitten)咬；叮；刺痛",人教高中
extinction,ɪk'stɪŋkʃən,,n.灭绝；消亡,人教高中
dinosaur,ˈdaɪnəˌsɔr,,n.恐龙,人教高中
come into being,,,形成；产生,人教高中
county,'kaʊnti,,n.县；郡,人教高中
inspect,ɪn'spɛkt,,v.检查；视察,人教高中
unexpected,'ʌnɪk'spɛktɪd,,a.没料到的；意外的,人教高中
incident,'ɪnsɪdənt,,n.事件；事变,人教高中
dust,dʌst,,n.灰尘；尘埃；尘土,人教高中
according to,,,按照；根据……所说,人教高中
Mauritius,mə'rɪʃɚs,,n.毛里求斯（非洲东部岛国）,人教高中
disappearance,",dɪsə'pɪrəns",,n.消失,人教高中
fierce,fɪrs,,a.凶猛的；猛烈的,人教高中
so that,,,以致于；结果,人教高中
ending,'ɛndɪŋ,,n.结局；结尾,人教高中
faithfully,'feθfəli,,ad.忠诚地；忠实地,人教高中
Colobus monkey,,,（非洲产）疣猴，髯猴,人教高中
classical,'klæsɪkl,,a.古典的；古典文艺的,人教高中
roll,rol,,v.滚动；（使）摇摆 n.摇晃；卷；卷形物；面包圈,人教高中
rock’n’roll,,,(rock-and-roll) 摇滚乐,人教高中
orchestra,'ɔrkɪstrə,,n.管弦乐队,人教高中
rap,ræp,,n.说唱乐,人教高中
folk,fok,,a.民间的,人教高中
jazz,dʒæz,,n.爵士音乐,人教高中
choral,'kɔrəl,,a.唱诗班的；合唱队的,人教高中
the Monkees,,,门基乐队,人教高中
musician,mjʊ'zɪʃən,,n.音乐家,人教高中
dream of,,,梦见；梦想；设想,人教高中
karaoke,",kærɪ'oki",,n.卡拉OK录音；自动伴奏录音,人教高中
pretend,prɪ'tɛnd,,v.假装；假扮,人教高中
to be honest,,,说实在地；实话说,人教高中
attach,ə'tætʃ,,v.系上；缚上；附加；连接,人教高中
attach…to,,,认为有（重要性、意义）；附上；连接,人教高中
form,fɔrm,,v.（使）组成；形成；构成,人教高中
fame,fem,,n.名声；名望,人教高中
passer-by,'pæsə'baɪ,,n.过路人；行人,人教高中
earn,ɝn,,v.赚；挣得；获得,人教高中
extra,'ɛkstrə,,a.额外的；外加的,人教高中
instrument,'ɪnstrəmənt,,n.工具；器械；乐器,人教高中
perform,pɚ'fɔrm,,v.表演；履行；执行,人教高中
performance,pɚ'fɔrməns,,n.表演；演奏,人教高中
pub,pʌb,,n.酒馆；酒吧,人教高中
cash,kæʃ,,n.现金,人教高中
in cash,,,用现金；有现钱,人教高中
studio,'studɪo,,n.演播室；工作室,人教高中
millionaire,",mɪljə'nɛr",,n.百万富翁；富豪,人教高中
play jokes on,,,戏弄,人教高中
actor,'æktɚ,,n.男演员；行动者,人教高中
rely,rɪ'laɪ,,v.依赖；依靠,人教高中
rely on,,,依赖；依靠,人教高中
broadcast,'brɔdkæst,,n.广播；播放 v.广播；播放,人教高中
humorous,'hjumərəs,,a.幽默的；诙谐的,人教高中
familiar,fə'mɪljɚ,,a.熟悉的；常见的；亲近的,人教高中
be familiar with,,,熟悉；与……熟悉起来,人教高中
get familiar with,,,熟悉；与……熟悉起来,人教高中
or so,,,大约,人教高中
break up,,,打碎；分裂；解体,人教高中
reunite,",riju'naɪt",,v.再统一；再联合；重聚,人教高中
attractive,ə'træktɪv,,a.吸引人的；有吸引力的,人教高中
addition,ə'dɪʃən,,n.加；增加；加法,人教高中
in addition,,,另外；也,人教高中
sort out,,,分类,人教高中
excitement,ɪk'saɪtmənt,,n.兴奋；刺激,人教高中
ballad,'bæləd,,n.情歌；歌谣；民谣,人教高中
overnignt,,,ad.在晚上；在夜里；（口）很快；一夜之间,人教高中
dip,dɪp,,v.浸；蘸,人教高中
tadpole,'tæd'pol,,n.蝌蚪,人教高中
lily,'lɪli,,n.百合；百合花,人教高中
confident,'kɑnfɪdənt,,a.确信的；自信的,人教高中
Freddy,,,n.弗雷迪（男名）,人教高中
brief,brif,,a.简短的；简要的 n.摘要；大纲,人教高中
briefly,'brifli,,ad.简要地；短暂地,人教高中
devotion,dɪ'voʃən,,n.投入；热爱,人教高中
afterwards,'æftɚwɚdz,,ad.然后；后来,人教高中
invitation,ˌɪnvɪˈteɪʃn,,n.邀请；招待,人教高中
beard,bɪrd,,n.胡须,人教高中
sensitive,'sɛnsətɪv,,a.敏感的；易受伤害的；灵敏的,人教高中
painful,'penfl,,a.痛苦的；疼痛的,人教高中
above all,,,最重要；首先,人教高中
take place,,,发生,人教高中
beauty,'bjuti,,n.美；美人,人教高中
harvest,'hɑrvɪst,,n.收获；收割 v.收获；收割,人教高中
celebration,",sɛlɪ'breʃən",,n.庆祝；祝贺,人教高中
hunter,'hʌntɚ,,n.狩猎者；猎人,人教高中
starve,stɑrv,,v.(使)饿死；饿得要死,人教高中
origin,'ɔrɪdʒɪn,,n.起源；由来；起因,人教高中
religious,rɪ'lɪdʒəs,,a.宗教上的；信奉宗教的；虔诚的,人教高中
seasonal,'sizənl,,a.季节的；季节性的,人教高中
ancestor,'ænsɛstɚ,,n.祖先；祖宗,人教高中
Obon,,,n.（日本）盂兰盆节,人教高中
grave,ɡrev,,n.坟墓；墓地,人教高中
incense,'ɪnsɛns,,n.熏香；熏香的烟,人教高中
in memory of,,,纪念；追念,人教高中
Mexico,'mɛksɪko,,n.墨西哥（拉丁美洲国家）,人教高中
feast,fist,,n.节日；盛宴,人教高中
skull,skʌl,,n.头脑；头骨,人教高中
bone,bon,,n.骨；骨头,人教高中
Halloween,ˌhæloˈin,,n.万圣节前夕；诸圣日前夕,人教高中
belief,bɪ'lif,,n.信心；信任；信仰,人教高中
dress up,drɛs ʌp,,盛装打扮；装饰,人教高中
trick,trɪk,,n.诡计；恶作剧；窍门 v.欺骗；诈骗,人教高中
play a trick on,,,搞恶作剧; 开玩笑；诈骗,人教高中
poet,'poət,,n.诗人,人教高中
Columbus Day,,,哥伦布日,人教高中
arrival,ə'raɪvəl,,n.到来；到达,人教高中
Christopher Columbus,,,克利斯朵夫•哥伦布（意大利航海家）,人教高中
gain,ɡen,,v.获得；得到,人教高中
independence,",ɪndɪ'pɛndəns",,n.独立；自主,人教高中
independent,'ɪndɪ'pɛndənt,,a.独立的；自主的,人教高中
gather,'ɡæðɚ,,v.集合；聚集；搜集,人教高中
agriculture,'æɡrɪkʌltʃɚ,,n.农业；农艺；农学,人教高中
agricultural,",ægrɪ'kʌltʃərəl",,a.农业的；农艺的,人教高中
award,ə'wɔrd,,n.奖；奖品 v.授予；判定,人教高中
produce,prəˈdus;(for n.)ˈprɒdus; prɑdus,,n.产品；（尤指）农产品,人教高中
rooster,'rustɚ,,n.雄禽；公鸡,人教高中
admire,ədˈmaɪr,,v.赞美；钦佩；羡慕,人教高中
energetic,",ɛnɚ'dʒɛtɪk",,a.充满活力的；精力充沛的；积极的,人教高中
look forward to,,,期望；期待；盼望,人教高中
carnival,'kɑrnɪvl,,n.狂欢节；（四旬斋前的）饮宴狂欢；嘉年华（会）,人教高中
lunar,'lunɚ,,a.月的；月亮的；阴历的,人教高中
Easter,istəʳ,,n.(耶稣)复活节,人教高中
parade,pə'red,,n.游行；阅兵；检阅,人教高中
day and night,,,日夜；昼夜；整天,人教高中
clothing,'kloðɪŋ,,n.衣服,人教高中
Christian,'krɪstʃən,,n.基督徒；信徒 a.基督教的；信基督教的,人教高中
Jesus,'dʒizəs,,n.耶稣,人教高中
cherry,'tʃɛri,,n.樱桃；樱桃树,人教高中
blossom,'blɑsəm,,n.花 v.开花,人教高中
as though,,,好像,人教高中
have fun with,,,玩得开心,人教高中
custom,'kʌstəm,,习惯；风俗,人教高中
worldwide,'wɝldwaɪd,,a.遍及全世界的；世界性的,人教高中
rosebud,'rozbʌd,,n.玫瑰花蕾,人教高中
fool,ful,,n.愚人；白痴；受骗者 v.干傻事；开玩笑 a.傻的,人教高中
necessity,nə'sɛsəti,,n.必要性；需要,人教高中
permission,pɚ'mɪʃən,,n.许可；允许,人教高中
prediction,prɪ'dɪkʃən,,n.预言；预报；预告,人教高中
fashion,'fæʃən,,n.时尚；样子；方式,人教高中
Trinidad,"'trinidæd; ,tri:ni'ðɑ:ð",,n.特立尼达岛,人教高中
Carla,'kɑ:lə,,n.卡拉（女名）,人教高中
Hari,,,n.哈利（男名）,人教高中
parking,'pɑrkɪŋ,,n.（汽车等）停放,人教高中
parking lot,,,停车场,人教高中
Valentine’s Day,,,n.圣瓦伦廷节；情人节,人教高中
turn up,,,出现；到场,人教高中
keep one’s word,,,守信用；履行诺言,人教高中
hold one’s breath,,,屏息；屏气,人教高中
apologize,ə'pɑlədʒaɪz,,v.道歉；辩白,人教高中
drown,draʊn,,v.淹没；溺死；淹死,人教高中
sadness,'sædnəs,,n.悲哀，悲伤,人教高中
obvious,'ɑbvɪəs,,a.明显的；显而易见的,人教高中
wipe,waɪp,,v.擦；揩；擦去,人教高中
weave,wiv,,"v.(过去式 wove, 过去分词 woven)（使）迂回",人教高中
herd,hɝd,,n.牧群；兽群,人教高中
the Milky Way,,,银河,人教高中
magpie,'mæɡpai,,n.喜鹊,人教高中
weep,wip,,"v.(过去式 wept, 过去分词 wept) 哭泣；流泪 n.哭；哭泣",人教高中
announcer,ə'naʊnsɚ,,n.广播员；告知者；报幕员,人教高中
set off,",set 'ɔf",,出发；动身；使爆炸,人教高中
remind,rɪ'maɪnd,,v.提醒；使想起,人教高中
remind…of…,,,使……想起……,人教高中
forgive,fɚ'ɡɪv,,"v.(过去式 forgave, 过去分词 forgiven) 原谅；饶恕",人教高中
Diet,'daɪət,,n.日常饮食 v.节食,人教高中
spaghetti,spə'ɡɛti,,n.意大利式细面条,人教高中
nut,nʌt,,n.坚果；果仁,人教高中
muscle,'mʌsl,,n.肌肉,人教高中
protective,prə'tɛktɪv,,a.给予保护的；保护的,人教高中
bean,bin,,n.豆；豆科植物,人教高中
pea,pi,,n.豌豆,人教高中
cucumber,"'kjʊ,kʌmbɚ",,n.黄瓜,人教高中
eggplant,'ɛɡplænt,,n.茄子,人教高中
pepper,'pɛpɚ,,n.辣椒；辣椒粉,人教高中
mushroom,'mʌʃrʊm,,n.蘑菇,人教高中
peach,pitʃ,,n.桃子,人教高中
lemon,,,n.柠檬,人教高中
balance,'bæləns,,v.平衡；权衡 n.平衡；天平,人教高中
balanced diet,,,平衡膳食,人教高中
barbecue,'bɑrbɪkju,,n.烧烤；烤肉 v.烧烤；烤肉,人教高中
mutton,'mʌtn,,n.羊肉,人教高中
kebab,kɪ'bæb,,n.(印度)烤腌羊肉串；肉串上的肉块,人教高中
roast,rost,,a.烤制的 v.烤；烘；烘烤,人教高中
stir,stɝ,,v.摇动；搅和,人教高中
fry,fraɪ,,v.油煎；油炸,人教高中
stir-fry,'stə:frai,,v.用旺火炒（或煎、煸）,人教高中
ought,ɔt,,aux.应当；应该,人教高中
ought to,,,应当；应该,人教高中
bacon,'bekən,,n.熏咸肉；腊肉,人教高中
cola,'kolə,,n.可乐饮料,人教高中
sugary,'ʃʊɡəri,,a.含糖的；甜的,人教高中
sign,saɪn,,n.牌示；标记；符号,人教高中
lose weight,,,体重减轻；减肥,人教高中
slim,slɪm,,v.变细；减肥 a.苗条的；纤细的,人教高中
curiosity,",kjʊrɪ'ɑsəti",,n.好奇心,人教高中
hostess,'hostəs,,n.女主人；女主持人,人教高中
raw,rɔ,,a.生的；未加工的,人教高中
vinegar,'vɪnɪɡɚ,,n.醋,人教高中
get away with,,,被放过；（做坏事）不受惩罚,人教高中
lie,laɪ,,n.谎话；谎言 v.说谎,人教高中
tell a lie,,,说谎,人教高中
customer,'kʌstəmɚ,,n.顾客；消费者,人教高中
discount,dɪs'kaʊnt,,n.折扣,人教高中
win…back,,,赢回；重新获得,人教高中
weakness,'wiknəs,,n.缺点；弱点；虚弱,人教高中
strength,strɛŋθ,,n.力量；强项；长处,人教高中
consult,kən'sʌlt,,v.咨询；请教；商量,人教高中
fibre,'faibə,,n.纤维；纤维制品,人教高中
digest,daɪ'dʒɛst,,v.消化 n.摘要；概要,人教高中
poisonous,'pɔɪzənəs,,a.有毒的,人教高中
carrot,'kærət,,n.胡萝卜,人教高中
scurvy,'skɝvi,,n.坏血病,人教高中
rickets,'rɪkɪts,,n.佝偻病,人教高中
obesity,o'bisəti,,n.过度肥胖,人教高中
vitamin,'vaɪtəmɪn,,n.维生素,人教高中
protein,'protin,,n.蛋白质,人教高中
earn one’s living,,,谋生,人教高中
debt,dɛt,,n.债；债务,人教高中
in debt,,,欠债,人教高中
glare,ɡlɛr,,v.怒目而视；闪耀 n.怒视；眩目的光,人教高中
spy,spaɪ,,v.窥探；秘密监视 n.间谍；侦探,人教高中
spy on,,,暗中监视；侦查,人教高中
limit,'lɪmɪt,,v.限制；限定 n.界限；限度,人教高中
limited,'lɪmɪtɪd,,a.有限的,人教高中
benefit,'bɛnɪfɪt,,n.利益；好处 v.有益于；有助于；受益,人教高中
breast,brɛst,,n.胸部；乳房,人教高中
garlic,'ɡɑrlɪk,,n.大蒜,人教高中
sigh,saɪ,,v.叹息；叹气 n.叹息；叹息声,人教高中
combine,kəm'baɪn,,v.（使）联合；（使）结合,人教高中
cut down,,,削减；删节,人教高中
before long,,,不久以后,人教高中
put on weight,,,增加体重,人教高中
cooperation,"ko,ɑpə'reʃən",,n.合作；协作,人教高中
ingredient,ɪn'ɡridɪənt,,n.（烹调用的）材料；原料；成分,人教高中
flavour,'fleivə,,n.（食物的）味道与气味；特性,人教高中
Mark Twain,,,马克•吐温(美国作家),人教高中
birthplace,'bɝθ'ples,,n.出生地；故乡,人教高中
Florida,'flɔridə,,n.佛罗里达镇（位于密苏里州）佛罗里达州（美国州名）,人教高中
bring up,,,抚养；培养；教育；提出,人教高中
Hannibal,'hænibəl,,n.汉尼拔（美国城市）,人教高中
Missouri,mɪ'zʊri,,n.密苏里州（美国州名）,人教高中
Mississippi,,,n.密西西比河；密西西比州（美国州名）,人教高中
novel,ˈnɑːvl,,n.小说；长篇故事 a.新奇的；异常的,人教高中
boyhood,'bɔɪhʊd,,n.少年时代,人教高中
adventure,əd'vɛntʃɚ,,n.奇遇；冒险,人教高中
Tom Sawyer,,,n.汤姆•索亚（人名）,人教高中
Huckleberry Finn,,,哈克贝利•费恩（人名）,人教高中
phrase,frez,,n.短语；词组；惯用语,人教高中
fathom,'fæðəm,,n.英寻（长度单位，等于六英尺）,人教高中
author,'ɔθɚ,,n.著者；作家,人教高中
Samuel Langhorne Clemens,,,塞缪尔•兰霍恩•克莱门斯（人名）,人教高中
scene,sin,,n.（戏剧）一场；场面；现场；景色,人教高中
narrator,næ'retɚ,,n.讲述者，叙述者,人教高中
Roderick,'rɔdərik,,n.罗德里克（男名）,人教高中
Oliver,'ɑləvɚ,,n.奥利弗（男名）,人教高中
bet,bɛt,,n.赌；打赌 v.打赌；赌钱,人教高中
make a bet,,,打赌,人教高中
penniless,'penilis,,a.贫困的；身无分文的,人教高中
wander,'wɑndɚ,,v.漫游；漫步；漂泊,人教高中
pavement,'pevmənt,,n.人行道,人教高中
businessman,'bɪznəsmæn,,n.商人,人教高中
permit,pɚ'mɪt,,v.许可；允许；准许 n.通行证；许可证；执照,人教高中
ahead,ə'hɛd,,ad.在前；向前；提前,人教高中
go ahead,,,前进；（用于祈使句）可以；往下说,人教高中
by accident,,,偶然；无意中；不小心,人教高中
bay,be,,n.海湾,人教高中
stare,stɛr,,v.凝视；盯着看,人教高中
stare at,,,盯着看；凝视,人教高中
nightfall,'naɪt'fɔl,,n.黄昏,人教高中
fault,fɔlt,,n.过错；缺点；故障,人教高中
spot,spɑt,,v.发现；认出 n.地点；斑点；污点,人教高中
passage,'pæsɪdʒ,,n.〔乘船旅行的〕航程；〔书、诗歌、演讲、乐曲等的〕一段；通道,人教高中
unpaid,",ʌn'ped",,a.未付款的；不受报酬的,人教高中
account,ə'kaʊnt,,v.认为；说明；总计有 n.说明；理由；计算，帐目,人教高中
account for,,,导致；做出解释,人教高中
embassy,'ɛmbəsi,,n.大使馆；大使及其官员,人教高中
seek,sik,,v.寻找；探索；寻求,人教高中
patience,'peʃns,,n.耐性；忍耐,人教高中
contrary,'kɑntrɛri,,n.反面；对立面 a.相反的；相违的,人教高中
on the contrary,,,与此相反；正相反,人教高中
charity,'tʃærəti,,n.慈善（团体）；施舍,人教高中
envelope,'envələʊp; 'ɒn-,,n.信封,人教高中
unbelievable,",ʌnbɪ'livəbl",,a.难以置信的,人教高中
Horace,'hɔrəs,,n.霍勒斯（男名）,人教高中
steak,stek,,n.(供煎、烤的)肉块；鱼排；牛排,人教高中
pineapple,'paɪn'æpl,,n.菠萝,人教高中
dessert,dɪ'zɝt,,n.餐后甜点,人教高中
amount,ə'maʊnt,,n.数量,人教高中
take a chance,,,冒险,人教高中
rude,rud,,a.粗鲁的；无礼的,人教高中
manner,'mænɚ,,n.方式；举止；礼貌,人教高中
scream,skrim,,v.尖声叫 n.尖叫声；喊叫声,人教高中
genuine,'dʒɛnjʊɪn,,a.真的；真诚的,人教高中
issue,'ɪʃu,,v.发布（命令）；发行（钞票等） n.〔杂志或报纸的〕期，号,人教高中
fake,feɪk,,n.假货；欺骗 a.假的,人教高中
rag,ræɡ,,n.破布；碎布,人教高中
in rags,,,衣衫褴褛,人教高中
indeed,ɪn'did,,ad.真正地；确实；实在,人教高中
as for,,,关于；至于,人教高中
bow,baʊ,,v.鞠躬；弯腰 n.鞠躬；弯腰,人教高中
barber,'bɑrbɚ,,n.理发师,人教高中
astronomy,ə'strɑnəmi,,n.天文学,人教高中
astronomer,ə'strɑnəmɚ,,n.天文学家,人教高中
solar,'solɚ,,a.太阳的；日光的,人教高中
system,'sɪstəm,,n.系统；体系；制度,人教高中
solar system,,,太阳系,人教高中
religion,rɪ'lɪdʒən,,n.宗教信仰；宗教,人教高中
theory,'θiəri,,n.学说；理论,人教高中
Big Bang,,,宇宙大爆炸；创世大爆炸,人教高中
atom,'ætəm,,n.原子,人教高中
billion,'bɪljən,,pron.亿万 n.十亿,人教高中
globe,ɡlob,,n.地球仪；球体；地球,人教高中
global,'ɡlobl,,a.全球性的；全世界的,人教高中
violent,'vaɪələnt,,a.强暴的；猛烈的；激烈的,人教高中
in time,,,及时；终于,人教高中
carbon,'kɑrbən,,n.碳,人教高中
nitrogen,'naɪtrədʒən,,n.氮,人教高中
vapour,'vepɚ,,n.蒸气；水蒸气,人教高中
atmosphere,'ætməsfɪr,,n.气氛；大气；空气,人教高中
unlike,'ʌn'laɪk,,prep.不同；不像,人教高中
fundamental,",fʌndə'mɛntl",,a.基本的；基础的,人教高中
presence,'prɛzns,,n.出席；到场；存在,人教高中
dissolve,dɪ'zɑlv,,v.溶解；解散,人教高中
harmful,'hɑrmfəl,,a.有害的,人教高中
acid,'æsɪd,,n.酸,人教高中
chain,tʃen,,n.链子；连锁；锁链,人教高中
reaction,rɪ'ækʃən,,n.反应；回应,人教高中
multiply,'mʌltɪplaɪ,,v.乘；增加,人教高中
oxygen,'ɑksɪdʒən,,n.氧,人教高中
shellfish,'ʃɛl'fɪʃ,,n.水生有壳动物,人教高中
amphibian,æm'fɪbɪən,,n.两栖动物,人教高中
reptile,'rɛptaɪl,,n.爬行动物；爬虫,人教高中
lay eggs,,,下蛋,人教高中
dinosaur,ˈdaɪnəˌsɔr,,n.恐龙,人教高中
exist,ɪɡ'zɪst,,v.存在；生存,人教高中
mammal,'mæml,,n.哺乳动物,人教高中
give birth to,,,产生；分娩,人教高中
thus,ðʌs,,ad.因此；于是,人教高中
in one’s turn,,,轮到某人；接着,人教高中
dioxide,daɪ'ɑksaɪd,,n.二氧化物,人教高中
carbon dioxide,,,二氧化碳,人教高中
prevent...from,,,阻止；制止,人教高中
puzzle,'pʌzl,,n.谜；难题 v.（使）迷惑；（使）为难,人教高中
biology,baɪ'ɑlədʒi,,n.生物学,人教高中
biologist,baɪ'ɑlədʒɪst,,n.生物学家,人教高中
gravity,ˈɡrævətɪ,,n.万有引力；重力,人教高中
satellite,'sætəlaɪt,,n.人造卫星；卫星,人教高中
gentle,'dʒɛntl,,a.温和的；文雅的,人教高中
geologist,dʒɪ'ɑlədʒɪst,,n.地质学家,人教高中
physicist,'fɪzɪsɪst,,n.物理学家,人教高中
block out,,,挡住（光线）,人教高中
extinct,ɪk'stɪŋkt,,a.灭绝的；绝种的,人教高中
climate,ˈklaɪmɪt,,n.气候,人教高中
comet,'kɑmət,,n.慧星,人教高中
crash,kræʃ,,v.碰撞；坠落,人教高中
Isaac Newton,,,艾萨克•牛顿（英国科学家）,人教高中
Albert Einstein,,,阿尔伯特•爱因斯坦（德裔美国科学家）,人教高中
Stephen Hawking,,,斯蒂芬•霍金（英国科学家）,人教高中
spaceship,'spesʃɪp,,n.宇宙飞船,人教高中
pull,pʊl,,v.拉（力）；拖；牵引 n.拉（力）；拖；牵引力,人教高中
lessen,'lɛsn,,v.减少；减轻,人教高中
cheer up,,,感到高兴；感到振奋,人教高中
float,flot,,v.（使）浮动；（使）漂浮 n.漂浮物,人教高中
weightlessly,,,ad.失重地,人教高中
cabin,'kæbɪn,,n.小屋；船舱,人教高中
mass,mæs,,n.<复>群众；大量；团；块；质量,人教高中
now that,,,既然,人教高中
get the hang of,,,熟悉；掌握；理解,人教高中
break out,,,突发；爆发,人教高中
exhaust,ɪɡ'zɔst,,v.使精疲力尽；用尽；耗尽,人教高中
watch out,,,密切注视；当心；提防,人教高中
multicultural,'mʌltɪ'kʌltʃərəl,,a.多种文化的,人教高中
quiz,kwɪz,,n.问答比赛；测验,人教高中
Canadian,kə'nedɪən,,n.加拿大人 a.加拿大的；加拿大人的,人教高中
Vancouver,væn'ku:və,,n.温哥华（加拿大城市）,人教高中
Toronto,tə'rɑnto,,n.多伦多（加拿大城市）,人教高中
Calgary,'kælɡəri,,n.卡尔加里（加拿大城市）,人教高中
Ottawa,'ɑtəwə,,n.渥太华（加拿大首都）,人教高中
beaver,'bivɚ,,n.海狸,人教高中
grizzly,'grɪzli,,n.（北美洲）灰熊 a.灰色的；有灰斑的,人教高中
polar,'polɚ,,a.极地的；近极地的,人教高中
penguin,'pɛŋɡwɪn,,n.企鹅,人教高中
prime,praɪm,,a.首要的；主要的；基本的,人教高中
minister,'mɪnɪstɚ,,n.大臣；部长,人教高中
prime minister,,,首相；丞相,人教高中
governor,'ɡʌvɚnɚ,,n.州长；总督,人教高中
rather than,,,与其；不愿,人教高中
continent,'kɑntɪnənt,,n.洲；大陆,人教高中
baggage,'bæɡɪdʒ,,n.行李,人教高中
chat,tʃæt,,n.聊天；闲聊 v.聊天；闲聊,人教高中
scenery,'sinəri,,n.景色；风景,人教高中
eastward,'istwɚdz,,ad.向东 a.向东的；朝东的,人教高中
westward,'wɛstwɚdz,,ad.向西 a.向西的；朝西上的,人教高中
upward,'ʌpwɚd,,ad.向上地；上升的 a.上升的；向上的,人教高中
surround,sə'raʊnd,,v.围绕；包围,人教高中
the Rocky Mountains,,,落基山脉,人教高中
Harbour,hɑrbɚ,,n.(harbor)海港,人教高中
measure,'mɛʒɚ,,v.测量；衡量；判定 n.措施；计量制；计量单位,人教高中
aboard,æ'bɔ:ræd,,prep & adv.在船、飞机、火车或公共汽车上,人教高中
settle down,'sɛtl daʊn,,定居；平静下来；专心于,人教高中
manage to do,,,设法做,人教高中
catch sight of,,,看见；瞥见,人教高中
eagle,'igl,,n.鹰,人教高中
stampede,stæm'pid,,n.（美国西部或加拿大）大西部赛马会；(人群或兽群的) 狂奔,人教高中
cowboy,'kaʊbɔɪ,,n.牛仔；牧童,人教高中
have a gift for,,,对……有天赋,人教高中
within,wɪ'ðɪn,,prep.在……之内,人教高中
border,'bɔrdɚ,,n.边界；国界；边沿 v.与……接壤；接近,人教高中
slight,slaɪt,,a.轻微的；微小的,人教高中
slightly,'slaɪtli,,ad.稍稍；轻微地,人教高中
acre,'ekɚ,,n.英亩,人教高中
urban,'ɝbən,,a.城市的；市镇的,人教高中
Thunder Bay,,,桑德湾,人教高中
Lake Superior,,,苏必利尔湖,人教高中
location,lo'keʃən,,n.位置；地方,人教高中
the Vatican City State,,,梵蒂冈城国,人教高中
topic,'tɑpɪk,,n.话题,人教高中
mix,mɪks,,v.混合；调配,人教高中
mixture,'mɪkstʃɚ,,n.混合（物）；混合状态,人教高中
bush,bʊʃ,,n.灌木（丛）；矮树（丛）,人教高中
maple,'mepl,,n.枫；枫树,人教高中
frost,frɔst,,n.霜冻；霜,人教高中
confirm,kən'fɝm,,v.证实；证明,人教高中
wealthy,'wɛlθi,,a.富有的,人教高中
distance,'dɪstəns,,n.距离；远方,人教高中
in the distance,,,在远处,人教高中
mist,mɪst,,n.薄雾,人教高中
misty,'mɪsti,,a.有薄雾的；模糊的,人教高中
Niagara,naɪ'æɡrə,,n.尼亚加拉（河；瀑布）,人教高中
schoolmate,'skʊl'met,,n.同学；校友,人教高中
booth,bʊθ,,n.公用电话间；货摊；售货亭,人教高中
downtown,'daʊn'taʊn,,a.市区的 ad.在市区；往市区,人教高中
pearl,pɝl,,n.珍珠,人教高中
Cantonese,",kæntə'ni:z",,词性: n & adj.广东人（的）；广州人（的）; 广东话（的）,人教高中
approximately,ə'prɑksɪmətli,,ad.接近；大约,人教高中
dawn,dɔn,,n.黎明；拂晓；破晓,人教高中
workplace,'wɝkples,,n.工作场所；工作地点,人教高中
buffet,bəˈfe; bʌfɪt,,n.自助餐；饮食柜台,人教高中
broad,brɔd,,a.宽阔的；广泛的,人教高中
St Lawrence River,,,圣劳伦斯河,人教高中
nearby,",nɪr'baɪ",,ad.在附近 a.附近的；邻近的,人教高中
tradition,trə'dɪʃən,,n.传统；风俗,人教高中
terrify,ˈtɛrəˌfaɪ,,v.使恐怖；恐吓,人教高中
terrified,'tɛrɪfaɪd,,a.恐惧的；受惊吓的,人教高中
pleased,plizd,,a.欣喜的；高兴的；愉快的,人教高中
impress,ɪm'prɛs,,v.使印象深刻；使铭记,人教高中
impressive,ɪm'prɛsɪv,,a.给人深刻印象的；感人的,人教高中
achievement,ə'tʃivmənt,,n.成就；功绩,人教高中
Joan of Arc,,,圣女贞德（法国民族女英雄）,人教高中
Elizabeth Fry,,,伊丽莎白•弗赖伊（英国慈善家）,人教高中
Quaker,'kweikə,,n.教友派信徒；贵格会会员,人教高中
welfare,'wɛl'fɛr,,n.福利；福利事业,人教高中
project,prəˈdʒɛkt; prɑdʒɛkt,,n.项目；工程；规划,人教高中
institute,'ɪnstɪtut,,n.学会；学院；协会,人教高中
China Welfare Institute,,,中国福利基金会,人教高中
specialist,'spɛʃəlɪst,,n.专家；专业工作者,人教高中
specialize,'spɛʃəlaɪz,,v.专攻；专门从事；专注于,人教高中
Jane Goodall,,,简•古道尔(英国动物学家),人教高中
chimp,tʃɪmp,,n.（非洲）黑猩猩,人教高中
connection,kə'nɛkʃən,,n.关系；连接,人教高中
human being,,,人类,人教高中
Jody Williams,,,乔迪•威廉斯（美国诺贝尔和平奖得者）,人教高中
campaign,kæm'pen,,n.运动；战役 v.作战；参加运动,人教高中
landmine,'lændmaɪn,,n.地雷,人教高中
organization,",ɔrɡənə'zeʃən",,n.组织；机构；团体,人教高中
Gombe National Park,,,贡贝国家公园(位于坦桑尼亚),人教高中
behave,bɪ'hev,,v.（举止或行为）表现,人教高中
behaviour,bɪ'hevjər,,v.(等于behaior)行为；举止；习性,人教高中
shade,ʃed,,n.荫；阴凉处 v.遮住光线,人教高中
move off,,,离开；起程；出发,人教高中
worthwhile,'wɝθ'waɪl,,a.值得的；值得做的,人教高中
nest,nɛst,,n.巢；窝,人教高中
bond,bɑnd,,n.联系；关系；结合；纽带,人教高中
observe,əb'zɝv,,v.观察；观测；遵守,人教高中
observation,",ɑbzɚ'veʃən",,n.观察；观测,人教高中
childhood,'tʃaɪldhʊd,,n.童年；幼年时代,人教高中
outspoken,aʊt'spokən,,a.直言的；坦诚,人教高中
respect,rɪ'spɛkt,,n.尊敬；尊重；敬意 v.尊敬；尊重,人教高中
argue,'ɑrgjʊ,,v.争论；讨论；辩论,人教高中
argument,'ɑrɡjumənt,,n.争论；争辩；争吵,人教高中
entertainment,ˌɛntɚ'tenmənt,,n.娱乐；娱乐表演；款待,人教高中
lead a…life,,,过着……的生活,人教高中
crowd,kraʊd,,n.人群；观众 v.挤满；使拥挤,人教高中
crowd in,,,（想法、问题等）涌上心头；涌入脑海,人教高中
inspire,ɪn'spaɪɚ,,v.鼓舞；激发；启示,人教高中
inspiration,ˌɪnspəˈreʃən,,n.灵感；鼓舞,人教高中
support,sə'pɔrt,,v.支持；拥护 n.支持；拥护,人教高中
look down on,,,蔑视；瞧不起,人教高中
look down upon,,,蔑视；瞧不起,人教高中
refer,rɪ'fɝ,,v.谈到；查阅；参考,人教高中
refer to,,,谈到；查阅；参考,人教高中
audience,'ɔdɪəns,,n.观众；听众；读者,人教高中
by chance,,,碰巧；凑巧,人教高中
come across,,,（偶然）遇见；碰见,人教高中
career,kə'rɪr,,n.事业；生涯,人教高中
rate,ret,,n.比率；速度,人教高中
sickness,'sɪknəs,,n.疾病；恶心,人教高中
intend,ɪn'tɛnd,,v.计划；打算,人教高中
emergency,ɪ'mɝdʒənsi,,n.突发事件；紧急情况,人教高中
generation,'dʒɛnə'reʃən,,n.一代；一辈,人教高中
determination,dɪˌtɜːrmɪˈneɪʃn,,n.决心,人教高中
kindness,'kaɪndnəs,,n.仁慈；好意,人教高中
considerate,kənˈsɪdərɪt,,a.考虑周到的,人教高中
consideration,"kən,sɪdə'reʃən",,n.考虑,人教高中
deliver,dɪ'lɪvɚ,,v.递送；生（小孩儿）；接生；发表（演说等）,人教高中
carry on,,,继续；坚持,人教高中
modest,'mɑdɪst,,a.谦虚的；谦让的；适度的,人教高中
statistic,stə'tɪstɪk,,n.[pl]统计数字；统计资料；[sg]数据；统计；,人教高中
sunburnt,"'sʌn,bɝnt",,a.晒黑的(等于sunburned),人教高中
struggle,'strʌɡl,,v.拼搏；努力；斗争,人教高中
decade,'dɛked,,n.十年；十年期,人教高中
super,'sʊpɚ,,a.特级的；超级的,人教高中
hybrid,'haɪbrɪd,,a.混合的；杂种的 n.杂交种；混血儿,人教高中
output,'aʊtpʊt,,n.产量；输出量,人教高中
strain,stren,,n.品种；种类,人教高中
crop,krɑp,,n.庄稼；农作物,人教高中
hunger,'hʌŋɡɚ,,n.饥饿；欲望 v.（使）饥饿,人教高中
disturbing,dɪ'stɝbɪŋ,,a.引起烦恼的；令人不安的,人教高中
expand,ɪk'spænd,,v.使变大；扩展,人教高中
circulate,'sɝkjəlet,,v.循环；流传,人教高中
Vietnam,",vjɛt'næm",,n.越南（东南亚国家）,人教高中
thanks to,,,幸亏；由于；因为,人教高中
battle,'bætl,,n.战役；战斗；较量；斗争 v.搏斗；奋斗,人教高中
rid,rɪd,,v.摆脱；除去,人教高中
rid…of,,,摆脱；除去,人教高中
be satisfied with,,,对……感到满意,人教高中
freedom,'fridəm,,n.自由；自主,人教高中
would rather,,,宁愿；宁可,人教高中
therefore,'ðɛrfɔr,,ad.因为；所以；因而,人教高中
equip,ɪ'kwɪp,,v.配备；装备,人教高中
sorghum,'sɔrgəm,,n.高粱,人教高中
grain,ɡren,,n.谷物；粮食；颗粒,人教高中
peanut,'pinʌt,,n.花生,人教高中
export,ˈekspɔːrt；ɪkˈ-,,v.出口；输出,人教高中
nationality,",næʃə'næləti",,n.国籍,人教高中
occupation,",ɑkju'peʃən",,n.工作；职业；占领,人教高中
personality,",pɝsə'næləti",,n.性格；个性；人格,人教高中
confuse,kən'fjʊz,,v.使迷惑,人教高中
regret,rɪ'ɡrɛt,,v.遗憾；惋惜 n.遗憾；懊悔,人教高中
chemical,'kɛmɪkl,,a.化学的；关于化学的,人教高中
organic,ɔr'gænɪk,,a.有机的；器官的,人教高中
fertile,ˈfɝtəl; (canadian) ˈfɝˌtaɪl,,a.肥沃的；富饶的,人教高中
fertilizer,'fɝtəlaɪzɚ,,n.肥料；化肥,人教高中
production,prə'dʌkʃən,,n.生产；制造,人教高中
bacteria,bæk'tɪrɪə,,n.（bacterium的复数形式）细菌,人教高中
pest,pɛst,,n.害虫；害兽；害鸟,人教高中
build up,,,逐渐增强；建立；开发,人教高中
lead to,,,导致；造成（后果）,人教高中
nutrition,nu'trɪʃən,,n.营养;滋养,人教高中
mineral,'mɪnərəl,,n.矿物；矿石,人教高中
discovery,dɪ'skʌvəri,,n.发现；发觉,人教高中
focus,'fokəs,,n.焦点；中心点 v.集中,人教高中
focus on,'fokəs ɑn,,集中（注意力、精力等）于,人教高中
soil,sɔɪl,,n.土壤,人教高中
reduce,rɪ'dʊs,,v.减少；减缩,人教高中
keep…free of,,,使……免受（影响；害等）；使……不含（有害物）,人教高中
keep…free from,,,使……免受（影响；害等）；使……不含（有害物）,人教高中
soybean,"'sɔɪ,bin",,n.(等于soyabean) 大豆,人教高中
root,rut,,n.根；根源,人教高中
skim,skɪm,,v.浏览；略读,人教高中
underline,'ʌndəlaɪn,,v.画底线标出；强调,人教高中
summary,'sʌməri,,n.总结；摘要；概要,人教高中
comment,'kɑmɛnt,,n.评论；议论 v.表达意见；作出评论,人教高中
producer,prə'dʊsɚ,,n.制片人；生产者,人教高中
industrial,ɪn'dʌstrɪəl,,a.工业的；产业的,人教高中
humour,'hju:mə,,n.幽默；滑稽,人教高中
punchline,'pʌntʃlaɪn,,n.故事、笑话等中的妙语；关键语,人教高中
verbal,'vɝbl,,a.口头的,人教高中
nonverbal,",nɑn'vɝbl",,a.不用语言的,人教高中
mime,maɪm,,n.哑剧,人教高中
Charlie Chaplin,,,查理•卓别林（英国喜剧大师）,人教高中
Edward Lear,,,爱德华•李尔（英国作家、画家）,人教高中
comedy,'kɑmədi,,n.喜剧,人教高中
Victor Hugo,,,维克多•雨果（法国文学家）,人教高中
up to now,,,直到现在,人教高中
brighten,'braɪtn,,v.使更明亮,人教高中
depressed,dɪ'prɛst,,a.忧愁的；沮丧的,人教高中
content,'kɑntɛnt,,a.满足的；满意的 n.满足 v.使满足,人教高中
feel content with,,,对……满足,人教高中
be content with,,,对……满足,人教高中
performer,pɚ'fɔrmɚ,,n.表演者；演出者,人教高中
astonish,ə'stɑnɪʃ,,v.使惊诧,人教高中
astonishing,ə'stɑnɪʃɪŋ,,a.令人感到惊讶的,人教高中
fortunate,'fɔrtʃənət,,a.幸运的；吉利的,人教高中
unfortunately,ʌn'fɔrtʃənətli,,ad.不幸地,人教高中
badly off,,,穷的；缺少的,人教高中
teens,tinz,,n.十几岁（13至19岁的年龄）,人教高中
ordinary,'ɔrdnɛri,,a.平常的；普通的,人教高中
bored,bɔrd,,a.厌烦的,人教高中
subtle,'sʌtl,,a.微妙的，细微的,人教高中
entertain,",ɛntɚ'ten",,v.款待；使欢乐,人教高中
entertaining,",ɛntɚ'tenɪŋ",,a.愉快的；有趣的,人教高中
charming,'tʃɑrmɪŋ,,a.迷人的；有魅力的,人教高中
tramp,træmp,,n.流浪汉；行乞者,人教高中
throughout,θrʊ'aʊt,,prep&adv.遍及；在…各处；在整个期间，自始至终,人教高中
homeless,'homləs,,a.无家的；无家可归的,人教高中
moustache,mə'stɑʃ,,n.小胡子,人教高中
worn,wɔrn,,a.用旧的；用坏的；破烂的,人教高中
worn-out,'woʊrn'aʊt,,a.磨破的；穿旧的,人教高中
stiffly,'stifli,,ad.僵硬地,人教高中
failure,'feljɚ,,n.失败,人教高中
optimism,'ɑptɪmɪzəm,,n.乐观；乐观主义,人教高中
overcome,",ovɚ'kʌm",,v.战胜；克服,人教高中
underdog,'ʌndɚdɔɡ,,n.失败者；处于劣势的一方,人教高中
snowstorm,'snostɔrm,,n.暴风雪,人教高中
leather,'lɛðɚ,,n.皮革,人教高中
pick out,,,辨别出；挑出,人教高中
lace,les,,n.花边；鞋带,人教高中
cut off,,,切断,人教高中
chew,tʃʊ,,v.嚼碎；咀嚼（食物）,人教高中
mouthful,'maʊθ'fʊl,,n.一口；满口,人教高中
enjoyment,ɪn'dʒɔɪmənt,,n.享受；欢乐；乐趣,人教高中
convince,kən'vɪns,,v.使信服,人教高中
convincing,kən'vɪnsɪŋ,,a.令人信服的,人教高中
direct,dəˈrɛkt; daɪˈrɛkt,,v.导演；指示；指挥 a.直接的；笔直的；率直的，坦率的,人教高中
star in,,,担任主角；主演,人教高中
Oscar,'ɔskə,,n.奥斯卡,人教高中
outstanding,'aʊt'stændɪŋ,,a.杰出的；显著的；突出的,人教高中
Switzerland,'swɪtsələnd,,n.瑞士（欧洲中部国家）,人教高中
confidence,'kɑnfɪdəns,,n.信心；信念,人教高中
costume,ˈkɑsˌtum,,n.戏装；服装,人教高中
gesture,'dʒɛstʃɚ,,n.手势；姿态 v.做手势,人教高中
particular,pɚ'tɪkjəlɚ,,a.特殊的；特别的 n.细节,人教高中
particularly,pɚ'tɪkjəlɚlɪ,,ad.特别，尤其,人教高中
occasion,ə'keʒn,,n.时刻,人教高中
budget,'bʌdʒɪt,,n.预算；开支,人教高中
actress,'æktrɪs,,n.女演员,人教高中
slide,slaɪd,,v.（使）滑动；（使）滑行 n.滑梯；下降，跌落；幻灯片,人教高中
amuse,ə'mjuz,,v.使发笑；使愉快,人教高中
amusing,ə'mjuzɪŋ,,a.好笑的；有趣的,人教高中
pancake,'pænkek,,n.烙饼；薄饼,人教高中
explanation,",ɛksplə'neʃən",,n.解释,人教高中
detective,dɪ'tɛktɪv,,n.侦探,人教高中
Sherlock Holmes,,,n.夏洛克•福尔摩斯,人教高中
mountainous,'maʊntənəs,,a.多山的；山一般的,人教高中
whisper,'wɪspɚ,,n.耳语；低语 v.低语；小声说,人教高中
vast,væst,,a.巨大的；辽阔的,人教高中
rhythm,'rɪðəm,,n.节奏,人教高中
mess,mɛs,,n.脏或乱的状态,人教高中
react,ri'ækt,,v.作出反应；回应,人教高中
porridge,'pɔrɪdʒ,,n.粥；麦片粥,人教高中
drunk,drʌŋk,,a.醉的,人教高中
statement,'stetmənt,,n.陈述；说明,人教高中
greet,ɡrit,,v.迎接；问候,人教高中
represent,",rɛprɪ'zɛnt",,v.代表；象征,人教高中
association,"ə,soʃɪ'eʃən",,n.社团；联系；联想,人教高中
dormitory,'dɔrmətɔri,,n.宿舍,人教高中
canteen,kænˈtiːn,,n.食堂,人教高中
flight,flaɪt,,n.航班；飞行,人教高中
curious,'kjʊrɪəs,,a.好奇的,人教高中
curiously,'kjʊrɪəsli,,ad.好奇地,人教高中
Garcia,'ga:ʃjə,,加西亚（姓）,人教高中
Colombia,kə'lʌmbiə,,n.哥伦比亚（南美洲国家）,人教高中
approach,ə'protʃ,,v.接近；靠近；走近 n.接近；方法,人教高中
cheek,tʃik,,n.面颊,人教高中
defend,dɪ'fɛnd,,v.保护；保卫,人教高中
defend against,,,保卫……以免受,人教高中
defence,di'fens,,n.防御；保卫,人教高中
major,'medʒɚ,,a.主要的,人教高中
misunderstand,",mɪsʌndɚ'stænd",,v.误解，误会,人教高中
misunderstanding,",mɪsʌndɚ'stændɪŋ",,n.误解；误会,人教高中
Akira Nagata,,,永田明,人教高中
Ahmed Aziz,,,艾哈迈德•阿齐兹,人教高中
Jordan,'dʒɔrdn,,n.约旦（西亚国家）,人教高中
Darlene Coulon,,,达琳•库隆,人教高中
dash,dæʃ,,v.猛冲；突进,人教高中
adult,'ædʌlt,,n.成人；成年人 a.成人的；成熟的,人教高中
simply,'sɪmpli,,ad.简单地；只,人教高中
Muslim,ˈmʊzlɪm;ˈmʌzlɪm;ˈmʊzləm;ˈmʌzləm,,n & adj.穆斯林（的）；伊斯兰教信徒（的）,人教高中
spoken,'spokən,,a.口语的,人教高中
unspoken,",ʌn'spəukən",,a.未说出口的；非口语的,人教高中
posture,'pɑstʃɚ,,n.姿态；体态,人教高中
Spain,spen,,n.西班牙（欧洲国家）,人教高中
Italy,'ɪtəlɪ,,n.意大利（欧洲国家）,人教高中
likely,'laɪkli,,a.可能的,人教高中
be likely to,,,很可能……；有希望……,人教高中
in general,,,总的来说；通常,人教高中
crossroads,'krɔsrodz,,n.十字路口,人教高中
employee,ɪmˈplɔɪi;ɛmplɔɪˈi,,n.雇员,人教高中
frown,fraʊn,,v.皱眉；蹙额,人教高中
misread,",mɪs'rid",,v.误解；读错,人教高中
facial,'feʃl,,a.面部的,人教高中
function,'fʌŋkʃən,,n.作用；功能；职能 v.起作用；运转,人教高中
ease,iz,,n.安逸；舒适 v.减轻（痛苦；忧虑）,人教高中
at ease,,,舒适；快活；自由自在,人教高中
truly,ˈtruːli,,ad.真实地；真诚地,人教高中
false,fɔls,,a.假的；错误的,人教高中
anger,'æŋɡɚ,,n.怒气；怒火,人教高中
lose face,,,丢脸,人教高中
turn one’s back to,,,背对；背弃,人教高中
fist,fɪst,,n.拳头,人教高中
yawn,jɔn,,v.打呵欠,人教高中
respectful,rɪ'spɛktfəl,,a.恭敬的,人教高中
subjective,səb'dʒɛktɪv,,a.主观的,人教高中
hug,hʌɡ,,v.拥抱,人教高中
rank,ræŋk,,n.等级；军衔,人教高中
cassette,kə'sɛt,,n.磁带,人教高中
theme,θim,,n.题目；主题（曲）,人教高中
Camelot Park,,,卡默洛特公园（位于英国）,人教高中
central,'sɛntrəl,,a.中心的；中央的,人教高中
Central Park,,,中央公园（位于美国纽约）,人教高中
Dollywood,,,n.多莱坞（公园名，位于美国）,人教高中
various,'vɛrɪəs,,a.不同的；各种各样的,人教高中
cartoon,kɑr'tun,,n.动画片；漫画,人教高中
be famous for,,,以……而闻名,人教高中
roller coaster,,,n.过山车,人教高中
whichever,wɪtʃ'ɛvɚ,,pron.无论哪一个；任何一个,人教高中
pirate,'paɪrət,,n.海盗；盗版者,人教高中
fairy tale,,,神话故事；童话,人教高中
fantasy,'fæntəsi,,n.幻想,人教高中
amusement,ə'mjuzmənt,,n.消遣；娱乐（活动）,人教高中
swing,swɪŋ,,n.秋千；摇摆 v.摇摆；摆动,人教高中
attraction,ə'trækʃən,,n.有吸引力的事物,人教高中
no wonder,,,难怪；不足为奇,人教高中
tourism,'tʊrɪzəm,,n.旅游业,人教高中
wherever,wɛr'ɛvɚ,,pron.无论在什么地方；各处,人教高中
unique,jʊ'nik,,a.独一无二的；仅有的,人教高中
carpenter,ˈkɑːrpəntər,,n.木匠,人教高中
craftsman,'kræftsmən,,n.匠人；能工巧匠,人教高中
engine,'ɛndʒɪn,,n.引擎；发动机,人教高中
bald,bɔld,,a.秃头的,人教高中
preserve,prɪ'zɝv,,v.保存；保留 n.保护区,人教高中
length,lɛŋθ,,n.长度；长,人教高中
deed,did,,n.行动；事迹,人教高中
knight,naɪt,,n.骑士；爵士,人教高中
be modeled after,,,根据……模仿；仿造,人教高中
Merlin the Wizard,,,魔术师梅林,人教高中
sword,sɔːrd,,n.剑,人教高中
joust,dʒaʊst,,v.（指中世纪骑士）骑着马用长予打斗,人教高中
tournament,ˈtɝ​nəmənt,,n.锦标赛；联赛,人教高中
settler,'sɛtlɚ,,n.移民；殖民者,人教高中
athletic,æθ'lɛtɪk,,a.运动的,人教高中
translator,træns'letɚ,,n.译员；翻译,人教高中
minority,maɪ'nɔrəti,,n.少数；少数民族,人教高中
cloth,klɔθ,,n.布,人教高中
Futuroscope,,,n.观测未来（公园名，位于法国）,人教高中
jungle,'dʒʌŋɡl,,n.丛林,人教高中
diver,'daɪvɚ,,n.潜水员,人教高中
creature,'kritʃɚ,,n.生物；动物,人教高中
sunlight,'sʌnlaɪt,,n.阳光,人教高中
T-Rex,,,n.霸王龙,人教高中
advance,əd'væns,,v.前进；提前,人教高中
in advance,,,提前,人教高中
advanced,əd'vænst,,a.高级的；先进的,人教高中
brand,brænd,,n.商标；牌子,人教高中
get close to,,,接近,人教高中
come to life,,,活跃起来,人教高中
outing,'aʊtɪŋ,,n.外出；短途旅行；远足,人教高中
admission,əd'mɪʃən,,n.承认；准许进(加)入；入场费,人教高中
shuttle,'ʃʌtl,,n.往返汽车；航天飞机,人教高中
freeway,'friwe,,n.高速公路,人教高中
souvenir,",suvə'nɪr",,n.纪念品,人教高中
sneaker,'snikɚ,,n.运动鞋,人教高中
brochure,bro'ʃʊr,,n.（作宣传或介绍用的）小册子；指南,人教高中
characteristic,",kærəktə'rɪstɪk",,n.特征；特性,人教高中
radium,'redɪəm,,n.镭,人教高中
painter,'pentɚ,,n.画家；油漆匠,人教高中
put forward,,,提出,人教高中
scientific,",saɪən'tɪfɪk",,a.科学的,人教高中
conclude,kən'klud,,v.推断出；结束,人教高中
conclusion,kən'kluʒn,,n.结论；结束,人教高中
draw a conclusion,,,提出结论,人教高中
analyse,'æn(ə)laɪz,,v.分析,人教高中
infect,ɪn'fɛkt,,v.传染；感染,人教高中
infectious,ɪn'fɛkʃən,,a.传染的,人教高中
cholera,'kɑlərə,,n.霍乱,人教高中
defeat,dɪ'fit,,v.打败；战胜；使受挫 n.失败,人教高中
expert,"'ɛkspɝt; (for adj., also) ɛksˈpɝt ; ɪkˈspɝt",,a.内行的 n.专家；行家,人教高中
attend,ə'tɛnd,,v.参加; 出席；照顾；护理,人教高中
physician,fɪ'zɪʃən,,n.医生；内科医师,人教高中
expose,ɪk'spoz；ek-,,v.暴露；揭露；使曝光,人教高中
expose…to,,,使显露；暴露,人教高中
deadly,'dɛdli,,a.致命的,人教高中
cure,kjʊr,,n.治愈；痊愈 v.治愈；治疗,人教高中
outbreak,'aʊtbrek,,n.爆发；发作（尤指疾病或战争）,人教高中
challenge,'tʃælɪndʒ,,n.挑战 v.向……挑战,人教高中
victim,'vɪktɪm,,n.受害者,人教高中
absorb,æbˈsɔrb; æbˈzɔrb; əbˈsɔrb,,v.吸收；吸引；使专心,人教高中
suspect,sʌspɛkt; (for v.) səˈspɛkt,,v.怀疑 n.被怀疑者；嫌疑犯,人教高中
enquiry,"ɛnˈkwaɪri, ˈɛnkwəri",,n.询问,人教高中
neighbourhood,nebɚˌhʊd,,n.附近(的居民)；邻近(的居民),人教高中
severe,səˈvɪr,,a.严重的；严厉的,人教高中
clue,klʊ,,n.线索；提示,人教高中
pump,pʌmp,,n.泵；抽水机 v.（用泵）抽（水）,人教高中
Cambridge,ˈkembrɪdʒ,,剑桥大学,人教高中
foresee,fɔr'si,,v.预见；预知,人教高中
investigate,ɪn'vɛstɪɡet,,v.调查,人教高中
investigation,"ɪn,vɛstɪ'ɡeʃən",,n.调查,人教高中
blame,blem,,v.责备；谴责 n.过失；责备,人教高中
pollute,pə'lut,,v.污染；弄脏,人教高中
handle,'hændl,,n.柄；把手 v.处理；操纵,人教高中
germ,dʒɝm,,n.微生物；细菌,人教高中
link,lɪŋk,,v.连接；联系 n.连接；联系,人教高中
link…to…,,,将……和……联系或连接起来,人教高中
announce,ə'naʊns,,v.宣布；通知,人教高中
certainty,'sɝtnti,,n.确实,人教高中
instruct,ɪn'strʌkt,,v.命令；指示；教导,人教高中
responsible,rɪ'spɑnsəbl,,a.有责任的；负责的,人教高中
construct,kən'strʌkt,,v.建设；修建,人教高中
construction,kən'strʌkʃən,,n.建造，建筑,人教高中
contribute,kən'trɪbjut,,v.捐献；贡献；捐助,人教高中
apart from,,,除……之外；此外,人教高中
firework,'faɪɚwɝk,,n.烟火,人教高中
chart,tʃɑrt,,n.图表,人教高中
creative,krɪ'etɪv,,a.创造性的；有创造力的,人教高中
co-operative,kəu'ɔpərətiv,,a.合作的,人教高中
positive,'pɑzətɪv,,a.积极的；肯定的,人教高中
（be）strict with…,,,对……严格的,人教高中
Nicolaus Copernicus,,,尼古拉•哥白尼（波兰天文学家）,人教高中
revolutionary,'rɛvə'lʊʃə'nɛri,,a.革命的；重大变革的,人教高中
movement,'muvmənt,,n.移动；运动；动作,人教高中
make sense,,,讲得通；有意义,人教高中
backward,'bækwɚd,,a.向后的；相反的；退步的 ad.向后地；相反地；退步地,人教高中
loop,lup,,n.圈；环,人教高中
privately,'praɪvɪtli,,ad.私下地,人教高中
spin,spɪn,,v.(使)旋转；纺（线或纱）,人教高中
brightness,'braɪtnɪs,,n.明亮；亮度；聪颖,人教高中
enthusiastic,"ɪn,θuzɪ'æstɪk",,a.热情的；热心的,人教高中
cautious,'kɔʃəs,,a.小心的；谨慎的,人教高中
reject,rɪ'dʒɛkt,,v.拒绝；不接受,人教高中
universe,'junɪvɝs,,n.宇宙；世界,人教高中
unite,ju'naɪt,,v.联合；团结,人教高中
kingdom,'kɪŋdəm,,n.王国,人教高中
consist,kən'sɪst,,v.组成；在于,人教高中
consist of,,,由……组成,人教高中
London Heathrow Airport,,,伦敦希思罗机场,人教高中
province,'prɑvɪns,,n.省；行政区,人教高中
River Avon,,,埃文河,人教高中
River Thames,,,泰晤士河,人教高中
River Severn,,,塞文河,人教高中
divide…into,,,把……分成,人教高中
Wales,weilz,,威尔士（英）,人教高中
Scotland,'skɔtlənd,,苏格兰（英）,人教高中
Northern Ireland,,,北爱尔兰（英）,人教高中
clarify,'klærəfaɪ,,v.澄清；阐明,人教高中
accomplish,ə'kɑmplɪʃ,,vt.完成；达到；实现,人教高中
conflict,'kɑnflɪkt,,n.矛盾；冲突,人教高中
unwilling,ʌn'wɪlɪŋ,,a.不愿意（的）；不乐意（的）,人教高中
break away,,,挣脱（束缚）；脱离,人教高中
break away from,,,挣脱（束缚）；脱离,人教高中
union,'junɪən,,n.工会；；联盟；协会；联合,人教高中
the Union Jack,,,英国国旗,人教高中
credit,'krɛdɪt,,n.赊购；信贷；赞扬；信任；学分,人教高中
to one’s credit,,,为……带来荣誉；值得赞扬；在……名下,人教高中
currency,ˈkɜrənsi,,n.货币；通货,人教高中
institution,",ɪnstɪ'tuʃən",,n.社会公共机构；制度；设立，制定,人教高中
educational,",ɛdʒu'keʃənl",,a.教育的,人教高中
convenience,kən'vinɪəns,,n.便利；方便,人教高中
rough,rʌf,,a.粗糙的,人教高中
roughly,'rʌfli,,ad.粗略地,人教高中
Midlands,,,英格兰中部地区（英）,人教高中
nationwide,",neʃn'waɪd",,a.全国性的；全国范围的,人教高中
attract,ə'trækt,,v.吸引；引起注意,人教高中
historical,hɪ'stɔrɪkl,,a.有关历史的；历史（上）的,人教高中
architecture,'ɑrkə'tɛktʃɚ,,n.建筑学；建筑艺术,人教高中
Roman,'romən,,n.(古)罗马人 a.（古）罗马的,人教高中
collection,kə'lɛkʃən,,n.收藏品,人教高中
administration,"əd,mɪnɪ'streʃən",,n.管理；行政部门,人教高中
port,pɔrt,,n.港口（城市）,人教高中
Anglo-Saxon,",æŋɡləu'sæksən",,n.盎格鲁-撒克逊人 a.盎格鲁撒克逊时期的,人教高中
Norman,'nɔrmən,,n.诺曼人 a.诺曼的,人教高中
Viking,'vaikiŋ,,n.北欧海盗；维京人,人教高中
countryside,'kʌntrɪsaɪd,,n.乡下；农村,人教高中
enjoyable,ɪn'dʒɔɪəbl,,a.令人愉快的；使人高兴的,人教高中
leave out,,,省去；遗漏；不考虑,人教高中
opportunity,ˌɑpɚˈtunətɪ,,n.机会；时机,人教高中
description,dɪ'skrɪpʃən,,n.描写；描述,人教高中
fax,fæks,,n.传真（机） v.用传真传输（文件）,人教高中
possibility,",pɑsə'bɪləti",,n.可能（性）,人教高中
plus,plʌs,,prep.加上；和 a.加的；正的；零上的,人教高中
quarrel,'kwɔrəl,,n.争吵；争论；吵架 v.争吵；吵架,人教高中
alike,ə'laɪk,,a.相同的；类似的,人教高中
take the place of,,,代替,人教高中
break down,,,(机器)损坏；破坏,人教高中
arrange,ə'rendʒ,,v.筹备；安排；整理,人教高中
wedding,'wɛdɪŋ,,n.婚礼,人教高中
fold,fold,,v.折叠；对折,人教高中
sightseeing,'saɪtsiɪŋ,,n.观光；游览,人教高中
delight,dɪ'laɪt,,n.快乐；高兴；喜悦 v.使高兴；使欣喜,人教高中
royal,'rɔɪəl,,a.王室的；皇家的；高贵的,人教高中
uniform,junəˌfɔrm,,n.制服,人教高中
St Paul’s Cathedral,,,圣保罗大教堂,人教高中
splendid,'splɛndɪd,,a.极好的；壮丽的；辉煌的,人教高中
Westminster Abbey,,,威斯敏斯特教堂（英国名人墓地）,人教高中
statue,'stætʃu,,n.塑像；雕像,人教高中
Buckingham  Palace,,,白金汉宫,人教高中
Greenwich,'ɡri:nidʒ,,n.格林尼治（英城市）,人教高中
longitude,'lɑndʒətud,,n.经线；经度,人教高中
imaginary,ɪ'mædʒɪnɛri,,a.想象中的；假想的；虚构的,人教高中
navigation,'nævə'geʃən,,n.导航；航行,人教高中
Highgate Cemetery,,,海格特墓地（英伦敦北郊，内有马克思及其家人的坟墓）,人教高中
communism,'kɑmjʊ'nɪzəm,,n.共产主义,人教高中
original,ə'rɪdʒənl,,a.最初的；原始的；独创的；新颖的；原作的,人教高中
thrill,θrɪl,,v.使激动,人教高中
pot,pɑt,,n.罐；壶,人教高中
error,'ɛrɚ,,n.错误；过失；谬误,人教高中
tense,tɛns,,n.时态,人教高中
consistent,kən'sɪstənt,,a.一致的,人教高中
aspect,'æspɛkt,,n.方面；层面,人教高中
impression,ɪm'prɛʃən,,n.印象；感想,人教高中
take up,,,开始；继续；拿起；接受；占用,人教高中
constant,'kɑnstənt,,a.时常发生的；连续不断的,人教高中
constantly,'kɑnstəntli,,ad.不断地,人教高中
jet,dʒɛt,,n.喷气式飞机,人教高中
jet lag,,,飞行时差反应,人教高中
flashback,'flæʃbæk,,n.闪回；倒叙,人教高中
previous,'privɪəs,,a.在前的；早先的,人教高中
uncertain,ʌn'sɝtn,,a.不确切的；无把握的,人教高中
guide,ɡaɪd,,n.指导；向导；导游 v.指引；指导,人教高中
tablet,ˈtæblɪt,,n.药片,人教高中
expertise,'ɛkspɝ'tiz,,n.专业技能; 专业知识（技能等）,人教高中
capsule,ˈkæpsl;,,n.胶囊；太空舱,人教高中
steward,'stuɚd,,n.乘务员；服务员,人教高中
stewardess,ˈstuərdəs,,n.女乘务员,人教高中
opening,'opənɪŋ,,n.（出入的）通路；开口；开端,人教高中
sideways,'saɪdwez,,ad.往（向、从）一侧；侧着；侧面朝前,人教高中
surrounding,sə'raʊndɪŋ,,n.周围的事物；环境 a.周围的,人教高中
tolerate,'tɑləret,,v.容忍；忍受,人教高中
combination,",kɑmbɪ'neʃən",,n.结合；组合,人教高中
lack,læk,,v.缺乏；没有 n.缺乏；短缺的东西,人教高中
adjustment,ə'dʒʌstmənt,,n.调整；调节,人教高中
mask,mæsk,,n.面具；面罩；伪装,人教高中
be back on one’s feet,,,(困境后)恢复；完全复原,人教高中
hover,'hʌvɚ,,v.盘旋,人教高中
carriage,'kærɪdʒ,,n.运输工具；四轮马车；客车,人教高中
press,prɛs,,v.按；压 n.按；压；印刷；新闻；新闻界,人教高中
fasten,'fæsən,,v.系牢；扎牢,人教高中
belt,bɛlt,,n.腰带；皮带,人教高中
safety belt,,,安全带,人教高中
lose sight of…,,,看不见……,人教高中
sweep up,,,打扫；横扫,人教高中
flash,flæʃ,,v.（使）闪光；（使）闪现,人教高中
switch,swɪtʃ,,n.开关；转换 v.转换,人教高中
timetable,'taɪm'tebl,,n.时间表；时刻表,人教高中
exhausted,ɪɡ'zɔstɪd,,a.筋疲力尽的；疲惫不堪的,人教高中
slide into,,,（快捷而悄声地）移动；溜进……,人教高中
optimistic,",ɑptɪ'mɪstɪk",,a.乐观（主义）的,人教高中
pessimistic,",pɛsɪ'mɪstɪk",,a.悲观（主义）的,人教高中
speed up,,,加速,人教高中
pedal,'pɛdl,,n.踏板；脚蹬,人教高中
alien,"ˈeliən,ˈeljən",,n.外星人；外国人 a.陌生的；外国的；外星球的,人教高中
mud,mʌd,,n.泥（浆）,人教高中
desert,(for v.) dɪˈzɝ​t; (for n.) 'dɛzɚt,,n.沙漠；荒原,人教高中
enormous,ɪ'nɔrməs,,a.巨大的；庞大的,人教高中
imitate,'ɪmɪtet,,v.模仿,人教高中
moveable,'mu:vəbl,,a.可移动的；活动的,人教高中
citizen,'sɪtɪzn,,n.市民，城镇居民；公民,人教高中
typist,'taɪpɪst,,n.打字员,人教高中
typewriter,'taɪpraɪtɚ,,n.打字机,人教高中
postage,'postɪdʒ,,n.邮资,人教高中
postcode,'post'kod,,n.邮政编码,人教高中
button,'bʌtn,,n.按钮,人教高中
instant,'ɪnstənt,,n.瞬间；片刻 a.立即的；立刻的,人教高中
receiver,rɪ'sivɚ,,n.电话听筒；接收器；〔破产企业或公司的〕管理人，接管人,人教高中
efficiency,ɪˈfɪʃənsɪ,,n.效率；功效,人教高中
efficient,ɪ'fɪʃnt,,a.效率高的；有能力的,人教高中
ribbon,'rɪbən,,n.丝带；带状物,人教高中
dustbin,'dʌstbɪn,,n.垃圾箱,人教高中
dispose,dɪ'spoz,,v.布置；安排,人教高中
disposal,dɪ'spozl,,n.清除；处理,人教高中
ecology,ɪ'kɑlədʒi,,n.生态；生态学,人教高中
greedy,'gridi,,a.贪吃的；贪婪的；贪心的,人教高中
swallow,'swɑlo,,v.吞下；咽下,人教高中
material,mə'tɪrɪəl,,n.原料；材料,人教高中
recycle,",ri'saɪkl",,v.回收利用；再利用,人教高中
manufacture,'mænjə'fæktʃɚ,,v.(用机器)大量生产；成批制造,人教高中
goods,ɡʊdz,,n.货物,人教高中
etc,"ɪt'sɛtərə, ɛt-",,abbr.诸如此类；等等,人教高中
representative,'rɛprɪ'zɛntətɪv,,n.代表；典型人物 a.典型的；有代表性的,人教高中
settlement,'sɛtlmənt,,n.协议，和解,人教高中
motivation,",motə'veʃən",,n.动机,人教高中
journalist,ˈdʒɝ​nlɪst,,n.记者；新闻工作者,人教高中
involve,ɪn'vɑlv,,v.牵涉；涉及；影响；包括；使参与（卷入）……,人教高中
editor,'ɛdɪtɚ,,n.编辑,人教高中
photograph,'fotəɡræf,,n.照片 v.给……照相,人教高中
photographer,fə'tɑgrəfɚ,,n.摄影师,人教高中
photography,fə'tɑɡrəfi,,n.摄影,人教高中
unforgettable,",ʌnfɚ'ɡɛtəbl",,a.难忘的；永远记得的,人教高中
assignment,ə'saɪnmənt,,n.任务; 作业,人教高中
delighted,dɪ'laɪtɪd,,a.快乐的；欣喜的,人教高中
admirable,'ædmərəbl,,a.值得赞扬的；令人钦佩的,人教高中
unusual,ʌnˈjuʒəl,,a.不同寻常的；独特的,人教高中
assist,ə'sɪst,,v.帮助；协助；援助,人教高中
assistant,ə'sɪstənt,,n.助手；助理,人教高中
submit,səb'mɪt,,v.递交；呈递（文件等）,人教高中
profession,prə'fɛʃən,,n.职业；专业,人教高中
professional,prə'fɛʃənl,,a.专业的；职业的 n.专业人员,人教高中
colleague,'kɑliɡ,,n.同事,人教高中
eager,'igɚ,,a.渴望的；热切的,人教高中
concentrate,'kɑnsn'tret,,v.集中；聚集,人教高中
concentrate on,,,集中；全神贯注于,人教高中
amateur,ˈæmətər,,n.业余爱好者,人教高中
update,",ʌp'det",,v.更新；使现代化,人教高中
acquire,ə'kwaɪr,,v.获得；取得,人教高中
assess,ə'sɛs,,v.评估；评定,人教高中
inform,ɪn'fɔrm,,v.告知；通知,人教高中
deadline,ˈdedlaɪn,,n.最后期限,人教高中
interviewee,",ɪntɚvju'i",,n.参加面试者；接受采访者,人教高中
meanwhile,'minwaɪl,,ad.其间；同时,人教高中
depend on,,,依靠；依赖,人教高中
case,kes,,n.情况；病例；案例,人教高中
accuse,ə'kjuz,,v.指责；谴责；控告,人教高中
accuse…of,,,因……指责或控告……,人教高中
accusation,",ækju'zeʃən",,n.指责；谴责；控告,人教高中
deliberately,dɪ'lɪbərətli,,ad.故意地,人教高中
so as to (do sth),,,为了（做）……,人教高中
deny,dɪ'nai,,v.否认；拒绝,人教高中
sceptical,'skeptikəl,,a.怀疑的（<美>skeptical）,人教高中
guilty,'ɡɪlti,,a.犯罪的；有罪的；有过错的，有过失的；内疚的,人教高中
dilemma,"dəˈlɛmə, daɪ-",,n.（进退两难的）困境；窘境,人教高中
demand,dɪ'mænd,,n.需求；要求 v.强烈要求,人教高中
demanding,dɪ'mændɪŋ,,a.要求很高的；费力的,人教高中
publish,'pʌblɪʃ,,v.出版；发行；发表；公布,人教高中
scoop,skup,,n.抢先获得的新闻、利润等；勺子,人教高中
section,'sɛkʃən,,n.部分；节,人教高中
concise,kən'saɪs,,a.简明的；简练的,人教高中
imaginative,ɪ'mædʒɪnətɪv,,a.富于想象力的,人教高中
technical,'tɛknɪkl,,a.技术（上）的；技巧方面的,人教高中
technically,'tɛknɪkli,,ad.技术上；工艺上,人教高中
thorough,ˈθʌrəʊ; θʌro,,a.彻底的；详尽的,人教高中
gifted,'ɡɪftɪd,,a.有天赋的,人教高中
idiomatic,",ɪdɪə'mætɪk",,a.合乎语言习惯的,人教高中
housewife,'haʊs'waɪf,,n.家庭主妇,人教高中
crime,kraɪm,,n.罪行；犯罪,人教高中
edition,ɪ'dɪʃən,,n.版（本）；版次,人教高中
ahead of,,,在……前面,人教高中
department,dɪ'pɑrtmənt,,n.部门；部；处；系,人教高中
accurate,'ækjərət,,a.正确的；精确的,人教高中
senior,'sinɪɚ,,a.高级的,人教高中
polish,'pɑlɪʃ,,v.擦亮；磨光；润色,人教高中
chief,tʃif,,n.首领；长官 a.首席的；主要的,人教高中
approve,ə'prʊv,,v.批准；赞成，同意,人教高中
process,proˈsɛs;(for n.)prɑsɛs,,n.过程，进程；；工序；工艺流程 v.处理,人教高中
negative,'nɛɡətɪv,,n.底片 a.消积的；否定的,人教高中
appointment,ə'pɔɪntmənt,,n.约会；任命,人教高中
aid,ed,,n.帮助；援助；资助 v.帮助；援助；资助,人教高中
first aid,,,（对伤患者的）急救,人教高中
temporary,ˈtempəreri,,a.暂时的；临时的,人教高中
fall ill,,,生病,人教高中
injury,'ɪndʒəri,,n.损伤；伤害,人教高中
bleed,blid,,"v.(bled,bled)流血",人教高中
nosebleed,'nozblid,,n.鼻出血；流鼻血,人教高中
sprain,spren,,v.扭伤,人教高中
sprained,,,a.扭伤的,人教高中
ankle,'æŋkl,,n.踝（关节）,人教高中
choke,tʃok,,v.（使）噎住；（使）窒息,人教高中
cupboard,'kʌbɚd,,n.橱柜；衣柜,人教高中
skin,skɪn,,n.皮；皮肤,人教高中
essential,ɪ'sɛnʃl,,a.最重要的；不可缺少的；本质的,人教高中
organ,'ɔrɡən,,n.器官,人教高中
layer,'leɪr,,n.层；层次,人教高中
barrier,'bærɪɚ,,n.屏障；障碍（物）,人教高中
poison,'pɔɪzn,,n.毒药；毒害 v.毒害；使中毒,人教高中
ray,re,,n.光线；射线,人教高中
complex,ˈkɑmplɛks;kəmˈplɛks,,a.复杂的,人教高中
variety,və'raɪəti,,n.变化；多样（化）；多变（性）,人教高中
liquid,'lɪkwɪd,,n.液体,人教高中
radiation,",redɪ'eʃən",,n.辐射,人教高中
mild,maɪld,,a.轻微的；暖和的；温柔的,人教高中
mildly,'maɪldli,,ad.轻微地；温和地,人教高中
pan,pæn,,n.平底锅,人教高中
stove,stov,,n.炉子；火炉,人教高中
heal,hil,,v.（使）康复；痊愈,人教高中
tissue,'tɪʃu,,n.手巾纸；（生物）组织,人教高中
electric shock,,,触电；电休克,人教高中
swell,swɛl,,v.（使）膨胀；隆起,人教高中
swollen,'swolən,,a.肿胀的,人教高中
blister,'blɪstɚ,,n.水泡 v.（使）起泡,人教高中
watery,'wɑtəri,,a.（似）水的,人教高中
char,tʃɑr,,v.烧焦,人教高中
nerve,nɝv,,n.神经,人教高中
scissors,'sɪzɚz,,n.剪刀,人教高中
unbearable,ʌn'bɛrəbl,,a.难以忍受的；不能容忍的,人教高中
basin,'besn,,n.盆；盆地,人教高中
squeeze,skwiz,,v.榨；挤；压,人教高中
squeeze out,,,榨出；挤出,人教高中
over and over again,,,反复；多次,人教高中
bandage,'bændɪdʒ,,n.绷,人教高中
in place,,,在适当的位置；适当,人教高中
ointment,'ɔɪntmənt,,n.药膏；油膏,人教高中
infection,ɪn'fɛkʃən,,n.传染病；感染；传染,人教高中
vital,'vaɪtl,,a.至关重要的；生死攸关的,人教高中
symptom,'sɪmptəm,,n.症状；征兆,人教高中
label,ˈlebəl,,v.加标签或标记 n.标签；标记,人教高中
kettle,'kɛtl,,n.(水)壶；罐,人教高中
pour,pɔr,,v.倒；灌；注；涌,人教高中
wrist,rɪst,,n.手腕,人教高中
damp,dæmp,,a.潮湿的,人教高中
Casey,'keisi:,,凯西（姓）,人教高中
sleeve,sliv,,n.袖子,人教高中
blouse,blaʊs,,n.女衬衫,人教高中
tight,taɪt,,a.紧的；紧密的,人教高中
tightly,'taɪtli,,ad.紧地；牢牢地,人教高中
firm,fɝm,,a.结实的，坚实的；坚定的,人教高中
firmly,'fɝmli,,ad.坚固地；稳定地,人教高中
throat,θrot,,n.咽喉；喉咙,人教高中
Janson,,,詹森（姓）,人教高中
ceremony,ˈsɛrəˌmoʊni,,n.典礼；仪式；礼节,人教高中
bravery,'brevəri,,n.勇敢；勇气,人教高中
Slade,sleid,,斯莱德（姓）,人教高中
stab,stæb,,v.刺；戳；刺伤,人教高中
a number of,,,若干；许多,人教高中
put one’s hands on,,,找到,人教高中
treat,trit,,v.对待；款待；治疗 n.款待；招待,人教高中
apply,ə'plaɪ,,v.申请；应用；涂，敷,人教高中
pressure,'prɛʃɚ,,n.压力；挤压；压迫（感）,人教高中
ambulance,'æmbjələns,,n.救护车,人教高中
scheme,skim,,n.方案；计划,人教高中
Southerton,,,萨瑟顿（姓）,人教高中
make a difference,,,区别对待；有影响；起（重要）作用,人教高中
bruise,bruz,,n.瘀伤；擦伤 v.瘀伤；擦伤,人教高中
realistic,",riə'lɪstɪk",,a.现实主义的；现实的；逼真的,人教高中
abstract,'æbstrækt,,a.抽象的；深奥的 n.摘要,人教高中
sculpture,'skʌlptʃɚ,,n.雕塑,人教高中
sculptor,'skʌlptɚ,,n.雕刻家；雕塑家,人教高中
gallery,'gæləri,,n.美术陈列室；画廊,人教高中
faith,feθ,,n.信任；信心；信念,人教高中
faithfully,'feθfəli,,ad.忠实地,人教高中
consequently,'kɑnsəkwɛntli,,ad.所以；因而,人教高中
aim,em,,n.目标；目的 v.瞄准；（向某方向）努力,人教高中
conventional,kən'vɛnʃənl,,a.常规的；传统的；因循守旧的,人教高中
typical,'tɪpɪkl,,a.典型的；有代表性的,人教高中
evident,'ɛvɪdənt,,a.明显的；明白的,人教高中
Giotto di Bondone,,,乔托（意大利画家、雕刻家、建筑师）,人教高中
renaissance,ˈrenəsɑ:ns; ˌrɛnəˈsɑns,,n.新生；复兴；复活,人教高中
the Renaissance,,,文艺复兴（时期）,人教高中
adopt,ə'dɑpt,,v.收养；采用；采纳,人教高中
humanistic,",hjʊmən'ɪstɪk",,a.人道主义的,人教高中
possess,pə'zɛs,,v.拥有；具有；支配,人教高中
possession,pə'zɛʃən,,n.（尤作复数）所有；财产,人教高中
superb,/suːˈpɜːrb/,,a.卓越的；杰出的；极好的,人教高中
perspective,pɚ'spɛktɪv,,n.观点；透视画法；透视图,人教高中
technique,tɛk'nik,,n.技术；方法；技能,人教高中
Masaccio,mɑ:'sɑ:ttʃɔ:,,马萨乔（意大利画家）,人教高中
coincidence,ko'ɪnsɪdəns,,n.巧合（的事）,人教高中
by coincidence,,,巧合地,人教高中
masterpiece,'mæstəpis,,n.杰作；名著,人教高中
impressionism,"ɪm'prɛʃən,ɪzəm",,n.印象主义；印象派,人教高中
impressionist,ɪm'prɛʃənɪst,,a.印象派的 n.印象派艺术家,人教高中
post-impressionist,'pəustim'preʃənist,,a.后印象派的 n.后印象派艺术家,人教高中
a great deal,,,大量,人教高中
shadow,'ʃædo,,n.影子；阴影,人教高中
ridiculous,rɪ'dɪkjələs,,a.荒谬的；可笑的,人教高中
controversial,",kɑntrə'vɝʃl",,a.争论的；争议的,人教高中
attempt,ə'tɛmpt,,n.尝试，试图 v.尝试，试图,人教高中
on the other hand,,,(可是)另一方面,人教高中
predict,prɪ'dɪkt,,v.预言；预告；预测,人教高中
landscape,ˈlændskep,,n.风景；景色,人教高中
specific,spɪ'sɪfɪk,,a.特定的；确切的,人教高中
figure,'fɪɡjɚ,,n.数字；画像；身材,人教高中
clay,kle,,n.黏土,人教高中
critic,'krɪtɪk,,n.评论家；批评者,人教高中
bronze,brɑnz,,n.青铜,人教高中
marble,'mɑrbl,,n.大理石,人教高中
Mona Lisa,,,蒙娜•丽莎（达•芬奇所作的一幅著名肖像画）,人教高中
Leonardo da Vinci,,,列奥纳多•达•芬奇（意大利著名画家）,人教高中
carve,kɑrv,,v.雕刻；刻记,人教高中
delicate,ˈdɛlɪkɪt,,a.脆弱的；容易生病的；精致的,人教高中
Michelangelo,ˌmaɪkəlˈændʒəˌlo,,米开朗基罗（意大利文艺复兴雕刻家、画家、建筑师和诗人）,人教高中
canvas,'kænvəs,,n.帆布；画布,人教高中
Picasso,pi'kæsəu,,毕加索（西班牙画家）,人教高中
café,kə'fɛi,,n.咖啡馆；小餐馆,人教高中
allergic,ə'lɝdʒɪk,,a.过敏性的；对……过敏的,人教高中
effectively,ɪ'fɛktɪvli,,ad.有效地,人教高中
exhibition,ˌɛksəˈbɪʃən,,n.展览；陈列；展览会,人教高中
aggressive,ə'ɡrɛsɪv,,a.敢作敢为的；侵略的；好斗的,人教高中
scholar,'skɑlɚ,,n.学者,人教高中
flesh,flɛʃ,,n.肉,人教高中
in the flesh,,,本人,人教高中
Matisse,mə'ti:s,,马蒂斯（法国画家）,人教高中
geometry,dʒɪ'ɑmətri,,n.几何学,人教高中
bunch,bʌntʃ,,n.束；串,人教高中
Manhattan,mæn'hæt(ə)n,,n.曼哈顿岛；曼哈顿区（纽约市中心）,人教高中
avenue,'ævənu,,n.道路；大街；林荫道,人教高中
preference,'prɛfrəns,,n.喜爱；偏爱,人教高中
Guggenheim  Museum,,,古根海姆博物馆,人教高中
display,dɪ'sple,,v.展示；陈列,人教高中
appeal,ə'pil,,n.呼吁 v.吸引；呼吁；恳请，恳求,人教高中
appeal to,,,（对某人）有吸引力；（使某人）感兴趣,人教高中
fragile,'frædʒəl,,a.精细的；易碎的；脆弱的,人教高中
circular,'sɝkjəlɚ,,"a.圆(形)的,环形的；循环的；环行的",人教高中
metropolitan,",mɛtrə'pɑlɪtən",,a.主要都市的；大城市的,人教高中
reputation,",rɛpju'teʃən",,n.名声；名誉,人教高中
civilization,",sɪvələ'zeʃən",,n.文明；文化；文明社会,人教高中
Egypt,'idʒɪpt,,n.埃及（东北非国家）,人教高中
Egyptian,ɪ'dʒɪpʃ(ə)n,,a.埃及的；埃及人的,人教高中
visual,'vɪʒʊəl,,a.视觉的；看得见的,人教高中
fragrant,'fregrənt,,a.香的,人教高中
Monet,,,莫奈（法国画家）,人教高中
Whitney,'hwɪtni,,惠特尼,人教高中
Madison,'mædisən,,n.麦迪逊,人教高中
contemporary,kən'tɛmpərɛri,,a.当代的；同时代的,人教高中
permanent,'pɝmənənt,,a.永久的；持久的,人教高中
district,'dɪstrɪkt,,n.区；区域；行政区,人教高中
committee,kə'mɪti,,n.委员会,人教高中
signature,'sɪgnətʃɚ,,n.署名；签字,人教高中
poetry,'poətri,,n.诗（总称）；诗意,人教高中
tick,tɪk,,v.给……标记号,人教高中
rhyme,raɪm,,n.押韵短诗；〔押韵的〕儿歌，童谣 v.(使)押韵,人教高中
convey,kən've,,v.传达，传递,人教高中
emotion,ɪ'moʃən,,n.情感；情结；感情,人教高中
nursery,'nɝsəri,,n.托儿所,人教高中
nursery rhyme,,,童谣,人教高中
concrete,'kɑŋkrit,,a.具体的,人教高中
repetition,'rɛpə'tɪʃən,,n.重复；反复,人教高中
contradictory,",kɑntrə'dɪktəri",,a.引起矛盾的,人教高中
hush,hʌʃ,,v.（使某人）安静下来,人教高中
mockingbird,'mɑkɪŋbɝd,,n.嘲鸫（一种鸟，能模仿其他鸟的叫声）,人教高中
diamond,'daɪəmənd,,n.钻石；菱形,人教高中
brass,bræs,,n.黄铜；黄铜器,人教高中
billy-goat,,,n.公山羊,人教高中
flexible,'flɛksəbl,,a.灵活的；可弯曲的,人教高中
pattern,'pætɚn,,n.模式；式样；图案,人教高中
squire,'skwaɪr,,n.乡绅,人教高中
cottage,'kɑtɪdʒ,,n.村舍；小屋,人教高中
coffin,'kɔfɪn,,n.棺材,人教高中
sparrow,'spæro,,n.麻雀,人教高中
kitten,'kɪtn,,n.小猫,人教高中
take it easy,,,轻松；不紧张；从容,人教高中
run out of,,,用完,人教高中
cinquain,sɪŋ'ken,,n.五行诗,人教高中
be made up of,,,由……构成,人教高中
tease,tiz,,v.取笑；招惹；戏弄,人教高中
salty,'sɔlti,,a.含盐的；咸的,人教高中
droop,drup,,v.低垂；凋萎；萎靡,人教高中
dread,drɛd,,v.害怕；畏惧,人教高中
endless,ˈɛndlɪs,,a.无穷的；无止境的,人教高中
haiku,'haiku:,,n.俳句,人教高中
syllable,'sɪləbl,,n.音节,人教高中
minimum,'mɪnɪməm,,n.最低限度；最少量;最小数,人教高中
translation,træns'leʃən,,n.翻译；译文,人教高中
branch,bræntʃ,,n.枝条；分支;分部;支流；部门,人教高中
melt,mɛlt,,v.（使）融化；（使）熔化,人教高中
brimful,'brim'ful,,a.盈满的；满到边际的,人教高中
in particular,,,尤其；特别,人教高中
eventually,ɪ'vɛntʃuəli,,ad.最后；终于,人教高中
await,ə'wet,,v.等候；期待,人教高中
transform,træns'fɔrm,,"v.改变,改造",人教高中
revolve,rɪ'vɔlv,,v.（使）旋转,人教高中
utter,'ʌtɚ,,v.说；讲；发出（声音）,人教高中
sorrow,sɑro,,n.悲伤；悲痛；懊悔,人教高中
bare,bɛr,,"a.赤裸的；空的 v.露出,暴露",人教高中
librarian,laɪ'brɛrɪən,,n.图书馆馆长；图书馆管理员,人教高中
forever,fɚ'ɛvɚ,,ad.永远,人教高中
stem,stɛm,,n.茎；干,人教高中
cement,sə'mɛnt,,n.水泥,人教高中
section,'sɛkʃən,,n.部分,人教高中
appropriate,əˈproprɪət;(for v.) əˈproprɪet,,a.适当的；正当的,人教高中
exchange,ɪks'tʃendʒ,,n.交换，交流 v.交换，交流,人教高中
diploma,dɪ'plomə,,n.毕业文凭；学位证书,人教高中
sponsor,'spɑnsɚ,,n.赞助人；主办者；倡议者 v.赞助，资助,人教高中
blank,blæŋk,,n.空白 a.空白的,人教高中
compass,'kʌmpəs,,n.指南针；罗盘,人教高中
bride,braɪd,,n.新娘,人教高中
bridegroom,'braɪdɡrum,,n.新郎,人教高中
championship,'tʃæmpɪənʃɪp,,n.锦标赛，冠军赛,人教高中
rhythmic,"'riðmik, 'riθ-",,a.有节奏的；有规律的,人教高中
darkness,'dɑrknəs,,n.黑暗；漆黑,人教高中
warmth,wɔrmθ,,n.暖和；温暖,人教高中
try out,,,测试；试验,人教高中
scholarship,'skɑlɚʃɪp,,n.奖学金,人教高中
pianist,'pɪənɪst,,n.钢琴家；钢琴演奏者,人教高中
violinist,",vaɪə'lɪnɪst",,n.小提琴演奏者,人教高中
let out,,,发出,人教高中
load,lod,,n.负担；负荷物（尤指沉重的）,人教高中
cigarette,"ˌsɪɡəˈrɛt, ˈsɪɡəˌrɛt",,n.香烟；纸烟,人教高中
alcohol,'ælkəhɔl,,n.酒；酒精,人教高中
alcoholic,",ælkə'hɔlɪk",,a.酒精的,人教高中
abuse,ə'bjus,,v.虐待；滥用 n.虐待；滥用,人教高中
fitness,ˈfɪtnɪs,,n.健康,人教高中
sexual,sɛkʃʊəl,,a.性的；性别的,人教高中
stress,strɛs,,n.压力；重音,人教高中
stressful,'strɛsfl,,a.产生压力的；紧张的,人教高中
obesity,o'bisəti,,n.（过度）肥胖；肥胖症,人教高中
adolescent,",ædə'lɛsnt",,n.青少年 a.青春期的,人教高中
adolescence,",ædə'lɛsns",,n.青春期,人教高中
ban,bæn,,"v.取缔,查禁,禁止 n.禁止,禁令",人教高中
due,du,,a.预定的；欠款的,人教高中
due to,,,由于……,人教高中
tough,tʌf,,a.困难的,人教高中
addicted,ə'dɪktɪd,,a.入了迷的；上了瘾的,人教高中
addicted to,,,对……有瘾,人教高中
nicotine,'nɪkətɪn,,n.尼古丁,人教高中
accustom,ə'kʌstəm,,v.使习惯于,人教高中
accustomed,ə'kʌstəmd,,a.惯常的；习惯了的,人教高中
accustomed to,,,习惯于……,人教高中
withdrawal,wɪð'drɔəl,,n.撤退；收回；戒毒（或脱瘾）过程,人教高中
bad-tempered,"'bæd,tempəd",,a.脾气暴躁的；易怒的,人教高中
automatic,'ɔtə'mætɪk,,a.自动的,人教高中
automatically,ɔːtə'mætɪklɪ,,ad.自动地；无意识地,人教高中
mental,'mɛntl,,a.精神的,人教高中
mentally,'mɛntli,,ad.精神上；智力上,人教高中
quit,kwɪt,,v.离开；停止（做某事）,人教高中
effect,ɪ'fɛkt,,n.影响；结果,人教高中
lung,lʌŋ,,n.肺,人教高中
pregnant,'prɛɡnənt,,a.怀孕的,人教高中
abnormal,æbˈnɔːrml,,a.异常的,人教高中
breathless,'brɛθləs,,a.气喘吁吁的,人教高中
unfit,ʌn'fɪt,,a.不健康的；不合适的；不合格的,人教高中
strengthen,'strɛŋθn,,v.加强；巩固；使坚强,人教高中
resolve,rɪ'zɑlv,,n.决心,人教高中
decide on,,,对……作出决定,人教高中
packet,'pækɪt,,n.小包；小盒,人教高中
feel like,,,想要（做）……,人教高中
feel like doing,,,想要（做）……,人教高中
relaxation,'rilæk'seʃən,,n.放松，松弛,人教高中
desperate,'dɛspərət,,a.绝望的，拼命的,人教高中
chemist,'kɛmɪst,,n.化学家；药剂师,人教高中
gum,ɡʌm,,n.树胶,人教高中
chewing gum,,,口香糖,人教高中
disappointed,'dɪsə'pɔɪntɪd,,a.失望的；沮丧的,人教高中
weaken,'wikən,,v.(使)变弱；削弱；减弱,人教高中
ashamed,ə'ʃemd,,a.感到惭愧或羞耻的,人教高中
comprehension,",kɑmprɪ'hɛnʃən",,n.理解（力）,人教高中
in spite of,,,不顾；不管,人教高中
take risks,,,冒险,人教高中
take a risk,,,冒险,人教高中
get into,,,陷入；染上（坏习惯）,人教高中
etc,"ɪt'sɛtərə, ɛt-",,ad.诸如此类的事物；等等；et cetera的缩写,人教高中
appendix,ə'pɛndɪks,,n.附录；附件,人教高中
illegal,ɪ'ligl,,a.不合法的；违法的,人教高中
pill,pɪl,,n.药丸；药片,人教高中
robbery,'rɑbəri,,n.抢劫；盗窃,人教高中
slippery,'slɪpəri,,a.滑的,人教高中
HIV,",eitʃai'vi:",,人体免疫缺损病毒（艾滋病病毒）；（Human Immunodeficiency Virus）的缩写,人教高中
AIDS,edz,,艾滋病（后天免疫缺损综合症）；（Acquired Immune Deficiency Syndrome）的缩写,人教高中
at risk,,,处境危险；遭受危险,人教高中
SARS,sa:z,,v.非典型性肺炎；（Severe Acute Respiratory Syndromes）的缩写,人教高中
immune,ɪ'mjʊn,,a.有免疫力的,人教高中
survival,sɚ'vaɪvl,,n.幸存,人教高中
sex,sɛks,,n.性别,人教高中
fluid,'fluɪd,,n.液体；流体,人教高中
inject,ɪn'dʒɛkt,,v.注射,人教高中
injection,ɪn'dʒɛkʃən,,n.注射,人教高中
needle,'nidl,,n.针；（注射器的）针头,人教高中
spill,spɪl,,v.使溢出；使洒落,人教高中
male,mel,,a.男性的；雄性的 n.雄性,人教高中
female,'fimel,,a.女性的；雌性的 n.雌性,人教高中
condom,'kɑndəm,,n.避孕套,人教高中
homosexual,",homə'sɛkʃuəl",,n.同性恋 a.同性恋的,人教高中
prejudice,'prɛdʒədɪs,,n.偏见；成见,人教高中
judgement,'dʒʌdʒmənt,,n.判断，决定,人教高中
disco,'dɪsko,,n.迪斯科舞会；迪斯科舞厅,人教高中
abortion,ə'bɔrʃən,,n.流产,人教高中
cigar,sɪ'ɡɑr,,n.雪茄烟,人教高中
embarrassed,ɪm'bærəst,,a.难堪的，尴尬的,人教高中
awkward,'ɔkwɚd,,a.令人尴尬的，使人难堪的,人教高中
consume,kənˈsum,,v.消耗；消费；吃；喝,人教高中
renewable,rɪ'nuəbl,,a.能再生的；可更新的,人教高中
greenhouse,'ɡrinhaʊs,,n.温室；花房,人教高中
Fahrenheit,'færən'haɪt,,a.华氏的 n.华氏温度,人教高中
come about,,,发生；造成,人教高中
Sophie,'səufi,,索菲（女名）,人教高中
Armstrong,'ɑ:mstrɔŋ,,阿姆斯特朗（姓）,人教高中
graph,ɡræf,,n.图表；坐标图；曲线图,人教高中
random,'rændəm,,a.随意的，任意的，随机的,人教高中
phenomenon,fə'nɑmɪnən,,n.现象,人教高中
subscribe,səb'skraɪb,,v.(to)订阅，订购,人教高中
subscribe to,,,同意；赞成；订购,人教高中
fossil,'fɑsl,,n.化石,人教高中
fuel,'fjuəl,,n.燃料,人教高中
byproduct,"'baɪ,prɑdəkt",,n.副产品,人教高中
Janice,'dʒænis,,贾尼丝（女名）,人教高中
Foster,'fɔstɚ,,福斯特（姓或男名）,人教高中
methane,'mɛθen,,n.甲烷；沼气,人教高中
Celsius,'sɛlsɪəs,,a.(温度)摄氏的,人教高中
quantity,'kwɑntəti,,n.量；数量,人教高中
quantities of,,,大量的,人教高中
tend,tɛnd,,v.趋向；易于；照顾；护理,人教高中
go up,,,上升；增长；升起,人教高中
Charles Keeling,,,查尔斯•基林,人教高中
measurement,'mɛʒɚmənt,,n.尺寸；衡量；测量,人教高中
per,pɚ,,prep.每；每一,人教高中
data,'detə,,n.资料；数据,人教高中
result in,,,导致,人教高中
trend,trɛnd,,n.趋势；倾向；走向,人教高中
catastrophe,kə'tæstrəfi,,n.大灾难；浩劫,人教高中
flood,flʌd,,n.洪水；水灾,人教高中
drought,draʊt,,n.旱灾；干旱,人教高中
famine,'fæmɪn,,n.饥荒,人教高中
George Hambley,,,乔治•汗布利,人教高中
oppose,ə'poz,,v.反对；阻碍,人教高中
opposed,ə'pozd,,a.反对的；对立的,人教高中
be opposed to,,,反对……,人教高中
mild,maɪld,,a.轻微的；暖和的；温柔的,人教高中
environmental,"ɪn,vaɪrən'mɛntl",,a.环境的,人教高中
environmentalist,"ɪn,vaɪrən'mɛntəlɪst",,n.环境保护论者,人教高中
consequence,'kɑnsəkwɛns,,n.结果；后果；影响,人教高中
state,stet,,v.陈述；说明,人教高中
range,rendʒ,,n.范围,人教高中
even if,,,即使,人教高中
keep on,kip ɑn,,继续,人教高中
glance,ɡlæns,,v.看一下；扫视 n.一瞥,人教高中
steady,'stɛdi,,a.持续的；稳固的,人教高中
steadily,'stɛdəli,,ad.平稳地；持续地,人教高中
tendency,'tɛndənsi,,n.倾向；趋势,人教高中
widespread,ˈwʌɪdsprɛd,,a.分布广的；普遍的,人教高中
on the whole,,,大体上；基本上,人教高中
economical,",ɛkə'nɑmɪkl",,a.节约的；经济的,人教高中
hectare,'hɛktɛr,,n.公顷,人教高中
average,'ævərɪdʒ,,a.平均的,人教高中
existence,ɪɡ'zɪstəns,,n.生存；存在,人教高中
outer,'aʊtɚ,,a.外部的；外面的,人教高中
on behalf of,,,代表……一方；作为……的代言人,人教高中
individual,ˌɪndəˈvɪdʒʊəl,,"a.单独的，个别的 n.个人,个体",人教高中
advocate,ˈædvəkeɪt；-et,,v.拥护；提倡；主张,人教高中
commitment,kə'mɪtmənt,,n.承诺,人教高中
put up with,,,忍受；容忍,人教高中
pollution,pə'luʃən,,n.污染；弄脏,人教高中
growth,ɡroθ,,n.增长；生长,人教高中
electrical,ɪ'lɛktrɪkl,,a.电的；与电有关的,人教高中
appliance,ə'plaɪəns,,n.用具；工具；器具,人教高中
so long as,,,只要,人教高中
casual,'kæʒʊəl,,a.随便的；漫不经心的,人教高中
and so on,,,等等,人教高中
motor,'motɚ,,n.发动机,人教高中
can,kæn,,n.金属罐,人教高中
circumstance,ˈsɝ​kəmˌstəns,,n.环境；情况,人教高中
microwave,'maɪkrə'wev,,n.微波炉；微波,人教高中
refresh,ri'frɛʃ,,v.使恢复精力，使提神,人教高中
educator,'ɛdʒə'ketɚ,,n.教育工作者；教育家,人教高中
contribution,",kɑntrɪ'bjuʃən",,n.贡献,人教高中
imperative,ɪm'pɛrətɪv,,n.祈使语气；命令,人教高中
heading,'hɛdɪŋ,,n.标题,人教高中
slogan,'slogən,,n.标语；口号,人教高中
presentation,",prizɛn'teʃən",,n.报告；陈述，说明,人教高中
nuclear,'nuklɪɚ,,a.核的；核能的；原子核的,人教高中
disagreement,",dɪsə'ɡrimənt",,n.分歧；不一致,人教高中
diagram,'daɪəɡræm,,n.图解；图表；示意图,人教高中
volcano,vɑl'keno,,n.火山,人教高中
volcanic,vɑl'kænɪk,,a.火山的,人教高中
volcanology,",vɑlkə'nɑlədʒi",,n.火山学,人教高中
volcanologist,",vɔlkən'ɔlədʒɪst",,n.火山学家,人教高中
erupt,ɪ'rʌpt,,v.突然发生；（指火山）爆发,人教高中
eruption,ɪ'rʌpʃən,,n.火山爆发；（战争等）爆发,人教高中
ash,æʃ,,n.灰；灰末,人教高中
crater,'kretɚ,,n.坑；火山口,人教高中
lava,'lɑvə,,n.(火山喷出的)熔岩；火山岩,人教高中
hurricane,ˈhʌrɪken,,n.飓风；风暴,人教高中
questionnaire,ˌkwɛstʃənˈɛr,,n.问卷；调查表,人教高中
alongside,ə'lɔŋ'saɪd,,ad.在旁边；沿着边 prep.在……旁边；沿着……的边,人教高中
equipment,ɪ'kwɪpmənt,,n.设备；装备,人教高中
appoint,ə'pɔɪnt,,v.任命；委派,人教高中
observatory,əb'zɝvətɔri,,n.观象台；天文台；气象台,人教高中
database,'detəbes,,n.数据库；资料库,人教高中
Mount  Kilauea,,,基拉韦厄火山,人教高中
evaluate,ɪ'væljʊ'et,,v.评估；评价；估计,人教高中
burn to the ground,,,全部焚毁,人教高中
wave,wev,,n.波浪；波涛 v.挥手,人教高中
molten,'moltən,,a.熔化的；熔融的,人教高中
fountain,'faʊntn,,v.泉水般地喷出或涌出 n.喷泉；源泉,人教高中
absolute,'æbsəlut,,a.绝对的；完全的,人教高中
absolutely,'æbsəlutli,,ad.绝对地；完全地,人教高中
spaceman,'spesmæn,,n.宇航员；航天专家,人教高中
suit,sut,,n.一套衣服；套装 v.适合；使适宜,人教高中
helmet,'hɛlmɪt,,n.头盔,人教高中
boot,but,,n.靴子,人教高中
make one’s way,,,前往;行进,人教高中
potential,pə'tɛnʃl,,n.潜在性；可能性；潜能 a.可能的；潜在的,人教高中
actual,'æktʃuəl,,a.实际的，真实的,人教高中
geology,dʒɪ'ɑlədʒi,,n.地质学,人教高中
Mount Etna,,,埃特纳火山（意大利西西里岛东北部）,人教高中
Sicily,'sisili,,西西里岛（意大利南部）,人教高中
sample,'sæmpl,,n.样品；样本,人教高中
candidate,"ˈkændɪˌdet, -dɪt",,n.候选人；候补者,人教高中
Mount Vesuvius,,,维苏威火山,人教高中
threat,θrɛt,,n.恐吓；威胁,人教高中
bungalow,ˈbʌŋɡəˌlo,,n.平房；小屋,人教高中
Pompeii,pɔm'peii:; -'pei,,庞培（意大利古都）,人教高中
tornado,tɔr'nedo,,n.龙卷风；旋风,人教高中
typhoon,taɪ'fʊn,,n.台风,人教高中
thunderstorm,'θʌndɚstɔrm,,n.雷暴,人教高中
precious,'prɛʃəs,,a.珍贵的；贵重的,人教高中
novelist,'nɑvlɪst,,n.小说家,人教高中
fog,fɔɡ,,n.雾,人教高中
document,dɑkjəmənt,,n.文件；证件,人教高中
rainbow,'renbo,,n.彩虹,人教高中
uncomfortable,ʌn'kʌmftəbl,,a.不舒服的；不舒适的,人教高中
balcony,'bælkənɪ,,n.阳台,人教高中
unconscious,ʌn'kɑnʃəs,,a.失去知觉的；未察觉的,人教高中
shoot,ʃut,,v.射中；射伤,人教高中
shot,ʃɑt,,n.开枪,人教高中
tremble,'trɛmbl,,v.摇晃；摇动；颤抖,人教高中
sweat,swɛt,,n.汗 v.出汗,人教高中
anxious,'æŋkʃəs,,a.忧虑的；不安的,人教高中
anxiety,æŋ'zaɪəti,,n.担心；焦虑,人教高中
panic,'pænɪk,,v.惊慌 n.惊慌；恐慌,人教高中
tsunami,tsʊ'nɑmi,,n.海啸；地震海啸,人教高中
glance through,,,匆匆看一遍,人教高中
Manchu,'mæntʃu:,,a.满族的 n.满人;满语,人教高中
vary from…to…,,,由……到……不等,人教高中
diverse,daɪ'vɝs,,a.多种多样的；不同的,人教高中
diversity,dɪˈvəsɪti,,n.多种多样；多样性,人教高中
crane,kren,,n.鹤；吊车；起重机,人教高中
leopard,'lɛpɚd,,n.豹,人教高中
spectacular,spɛk'tækjəlɚ,,a.引人入胜的；壮观的,人教高中
bathe,beð,,v.洗澡；游泳,人教高中
arouse,ə'raʊz,,v.激发;引起,人教高中
appreciation,"ə,priʃɪ'eʃən",,n.感激；感谢,人教高中
peak,pik,,n.高峰，顶点；山顶；顶峰,人教高中
persuasion,pɚ'sweʒn,,n.信服；说服,人教高中
guarantee,",ɡærən'ti",,v.担保；保证,人教高中
disability,",dɪsə'bɪləti",,n.伤残；无力；无能,人教高中
disabled,dɪs'ebld,,a.伤残的,人教高中
hearing,'hɪrɪŋ,,n.听力；听觉,人教高中
eyesight,'aɪsaɪt,,n.视力,人教高中
syndrome,'sɪndrəm,,n.综合病征；综合症状,人教高中
infantile paralysis,,,小儿麻痹,人教高中
Rosalyn,,,n.罗莎琳（女名）,人教高中
lap,læp,,n.（人坐着时）大腿的上方；跑道的一圈,人教高中
ambition,æm'bɪʃən,,n.雄心；野心,人教高中
ambitious,æm'bɪʃəs,,a.有雄心的；有野心的,人教高中
dictation,dɪk'teʃən,,n.口授；听写（的文字）,人教高中
Sally,'sæli,,n.萨利（女名）,人教高中
noisy,ˈnɔɪzɪ,,n.吵闹的；嘈杂的,人教高中
suitable,'sutəbl,,a.适合的；适宜的,人教高中
entry,'ɛntri,,n.进入；〔词典等的〕条目；入口,人教高中
beneficial,",bɛnɪ'fɪʃl",,a.有益的；受益的,人教高中
Marty,'mɑ:ti,,马蒂•菲尔丁,人教高中
in other words,,,换句话说,人教高中
clumsy,'klʌmzi,,a.笨拙的,人教高中
bump,bʌmp,,v.碰撞；撞击,人教高中
outgoing,'aʊt'goɪŋ,,a.外向的；友好的；外出的；离开的,人教高中
adapt,ə'dæpt,,v.使适应；改编,人教高中
adapt to,,,使适合,人教高中
bench,bɛntʃ,,n.长凳,人教高中
cut out,,,切去；省略；停止（做某事）,人教高中
microscope,'maɪkrəskop,,n.显微镜,人教高中
out of breath,,,上气不接下气,人教高中
absence,'æbsns,,n.缺席；不在某处,人教高中
fellow,'fɛlo,,a.同伴的；同类的 n.同伴；同志；伙伴,人教高中
annoy,ə'nɔɪ,,v.使……不悦；惹恼,人教高中
annoyed,ə'nɔɪd,,a.颇为生气的,人教高中
annoyance,ə'nɔɪəns,,n.烦恼,人教高中
all in all,,,总而言之,人教高中
firm,fɝm,,n.公司 a.结实的；坚固的；坚定的,人教高中
software,'sɔftwɛr,,n.软件,人教高中
sit around,,,闲坐着,人教高中
as well as,,,和；也,人教高中
parrot,'pærət,,n.鹦鹉,人教高中
tank,tæŋk,,n.（盛液体、气体的）大容器；缸；大桶,人教高中
tortoise,ˈtɔrtəs,,n.陆龟；龟,人教高中
in many ways,,,在很多方面,人教高中
psychology,saɪ'kɑlədʒi,,n.心理（学）,人教高中
psychologically,saɪkə'lɑdʒɪkli,,ad.心理（学）地；精神上地,人教高中
make fun of,,,取笑,人教高中
encouragement,ɪn'kɝɪdʒmənt,,n.鼓励；奖励,人教高中
conduct,kən'dʌkt,,n.行为；品行 v.指挥；管理；主持,人教高中
mainstream,'menstrim,,n.主流；主要倾向,人教高中
fulfilling,fʊl'fɪlɪŋ,,a.令人满意的；令人愉快的,人教高中
never mind,,,不必担心,人教高中
politics,'pɑlətɪks,,n.政治,人教高中
abolish,ə'bɑlɪʃ,,v.废除；废止,人教高中
abolition,",æbə'lɪʃən",,n.废除；废止,人教高中
resign,rɪ'zaɪn,,v.辞职；辞去（工作、职位等）,人教高中
slavery,'slevəri,,n.奴隶制,人教高中
literature,lɪtərəˌtʃʊr,,n.文学（作品）；著作；文献,人教高中
Barry Minto,,,巴里•明托,人教高中
Mount Kilimanjaro,,,n.乞力马扎罗山（位于坦桑尼亚；非洲最高山）,人教高中
companion,kəm'pænɪən,,n.同伴；伙伴,人教高中
assistance,ə'sɪstəns,,n.协助；援助,人教高中
congratulate,kən'ɡrætʃulet,,v.祝贺；庆贺,人教高中
congratulation,"kən,ɡrætʃu'leʃən",,n.祝贺；贺词,人教高中
bowling,'bolɪŋ,,n.保龄球,人教高中
graduation,",ɡrædʒu'eʃən",,n.毕业；毕业典礼,人教高中
certificate,"sɚˈtɪfɪkɪt; (for v.,) sɚˈtɪfɪˌket",,n.证书,人教高中
all the best,,,（口语）（祝你）一切顺利,人教高中
architect,'ɑrkɪtɛkt,,n.建筑师,人教高中
Sanders,'sændəz,,n.桑德斯（姓）,人教高中
adequate,ˈædɪkwət,,a.足够的；充分的,人教高中
access,'æksɛs,,n.通路；进入；到达；面见〔的难易度〕；进入权,人教高中
accessible,ək'sɛsəbl,,a.可接近的；可进入的；可使用的,人教高中
wheelchair,'wiltʃɛr,,n.轮椅,人教高中
handy,'hændi,,a.方便的；有用的,人教高中
earphone,"'ɪr,fon",,n.耳机,人教高中
impair,ɪm'pɛr,,v.削弱；损伤,人教高中
row,ro,,n.一行；一排 v.划（船）,人教高中
basement,'besmənt,,n.地下室,人教高中
outwards,'aʊtwɚdz,,ad.向外,人教高中
exit,'ɛɡzɪt,,n.出口；离开；退场,人教高中
meet with,,,遇到；经历；会晤,人教高中
approval,əˈpruvl,,n.认可；赞成,人教高中
dignity,'dɪɡnəti,,n.尊严；高贵的品质,人教高中
profit,'prɑfɪt,,n.收益；利润；盈利,人教高中
italics,ɪ'tælɪks,,n.斜体（字）,人教高中
community,kəˈmjunətɪ,,n.社区；团体；社会,人教高中
household,'haʊshold,,a.家庭的；家用的 n.一家人；家庭,人教高中
fiction,'fɪkʃən,,n.小说；虚构或想象出来的事,人教高中
desire,dɪ'zaɪɚ,,n.渴望；欲望；渴求 v.希望得到；想要,人教高中
Isaac Asimov,,,艾萨克•阿西莫夫,人教高中
satisfaction,",sætɪs'fækʃən",,n.满意；满足,人教高中
Larry Belmont,,,拉里•贝尔蒙特,人教高中
test out,,,试验；考验,人教高中
Claire,klεə,,n.克莱尔（女名）,人教高中
bonus,'bonəs,,n.额外津贴；奖金；红利,人教高中
alarm,ə'lɑrm,,v.使警觉；使惊恐；惊动 n.警报器；惊恐,人教高中
alarmed,ə'lɑrmd,,a.担心的；害怕的,人教高中
apron,'eprən,,n.围裙,人教高中
sympathy,'sɪmpəθi,,n.同情（心）,人教高中
overweight,'ovə'wet,,a.超重的；体重超常的,人教高中
elegant,'ɛləgənt,,a.优雅的；高雅的；讲究的,人教高中
Gladys Claffern,,,格拉迪斯•克拉芬,人教高中
favour,ˈfevɚ,,n.恩惠；喜爱 v.偏袒；喜爱,人教高中
pile,paɪl,,n.堆；摞；叠 v.堆起；堆积；把……堆起；积聚,人教高中
scan,skæn,,v.细看；仔细检查；粗略地看；浏览；扫描,人教高中
fingernail,'fɪŋɡɚnel,,n.手指甲,人教高中
absurd,əbˈsɝ​d,,a.荒谬的；可笑的,人教高中
haircut,'hɛrkʌt,,n.理发；发型,人教高中
makeup,"'mek,ʌp",,n.化妆品,人教高中
accompany,ə'kʌmpəni,,v.陪伴；伴奏,人教高中
cushion,'kʊʃən,,n.（坐、跪时用的）软垫；靠垫；垫子,人教高中
bedding,'bɛdɪŋ,,n.寝具；铺盖,人教高中
necklace,'nɛkləs,,n.项链,人教高中
clerk,klɝk,,n.售货员；职员；旅馆接待员,人教高中
counter,'kaʊntɚ,,n.柜台；计数器,人教高中
ring up,,,给……打电话,人教高中
turn around,,,转向；回转,人教高中
awful,'ɔfl,,a.极坏的；极讨厌的；可怕的；（口语）糟透的,人教高中
affair,ə'fɛr,,n.事务；事情；暖昧关系,人教高中
armchair,'ɑrmtʃɛr,,n.扶手椅；单座沙发,人教高中
declare,dɪ'klɛr,,v.宣布；声明；表明；宣称,人教高中
cuisine,kwɪ'zin,,n.烹饪（风味）；菜肴,人教高中
envy,'ɛnvi,,v.忌妒；羡慕,人教高中
leave…alone,,,不管；别惹；让……一个人待着；和……单独在一起,人教高中
digital,'dɪdʒɪtl,,a.数字的；数码的；手指的；脚趾的,人教高中
mailbox,'mel'bɑks,,n.（美）邮筒；信箱,人教高中
state,stet,,v.陈述；宣布,人教高中
aside,ə'saɪd,,ad.在一边；向一边,人教高中
set aside,,,将……放在一边；为……节省或保留（钱或时间）,人教高中
grand,ɡrænd,,a.雄伟的；豪华的；大的,人教高中
Marion,'mɛəriən,,n.玛丽安（女名）,人教高中
alphabetical,",ælfə'bɛtɪkl",,a.字母（表）的；按字母顺序的,人教高中
receiver,rɪ'sivɚ,,n.电话听筒；〔破产企业或公司的〕管理人，接管人；接收机,人教高中
in all,,,一共；总计,人教高中
affection,ə'fɛkʃən,,n.喜爱；爱；感情,人教高中
bound,baʊnd,,a.一定的；密切相关的,人教高中
be bound to,,,一定做……,人教高中
biography,baɪ'ɑɡrəfi,,n.（由他人撰写的）传记；传记文学,人教高中
holy,'holi,,a.神的；上帝的；圣洁的,人教高中
imagination,"ɪ,mædʒɪ'neʃən",,n.想象（力）；创造力；幻想物,人教高中
transfusion,trænz'fjʊʒən,,n.输血,人教高中
part-time,",pɑrt'taɪm",,a.兼职的,人教高中
master’s degree,,,硕士学位,人教高中
staff,stæf,,n.全体员工；手杖,人教高中
Philadelphia,",filə'delfjə; -fiə",,n.费城（美国宾西法尼亚州重要港口）,人教高中
navy,'nevi,,n.海军；海军部队,人教高中
junior,'dʒunɪɚ,,a.较年幼的；资历较浅的；地位较低的 n.年少者；晚辈；等级较低者,人教高中
PhD=Doctor of Philosophy,,,哲学博士学位；博士学位,人教高中
biochemistry,'baɪo'kɛmɪstri,,n.生物化学,人教高中
Boston,'bɔstən,,n.波士顿（美国东北部城市）,人教高中
talent,'tælənt,,n.特殊能力；才干；天才,人教高中
chapter,'tʃæptɚ,,n.（书中的）章；篇；回,人教高中
the Foundation,,,《基地》三部曲,人教高中
empire,'ɛmpaɪr,,n.帝国,人教高中
theoretical,",θiə'rɛtɪkəl",,a.理论（上）的；假设的,人教高中
framework,'fremwɝk,,n.框架；结构,人教高中
thinking,'θɪŋkɪŋ,,n.思想；思考,人教高中
divorce,dɪ'vɔrs,,n.离婚；断绝关系 v.与……离婚；与……脱离,人教高中
obey,ə'be,,v.服从；顺从,人教高中
disobey,'dɪsə'be,,v.不服从；违抗,人教高中
assessment,ə'sɛsmənt,,n.评价；评定,人教高中
snorkel,'snɔrkl,,v.戴潜水通气管潜泳 n.（潜水艇或潜水者的）通气管,人教高中
aquarium,ə'kwɛrɪəm,,n.水族箱；养鱼缸；水族馆,人教高中
anecdote,'ænɪkdot,,n.轶事；奇闻,人教高中
Clancy,,,n.克兰西（男名）,人教高中
baleen,bə'li:n,,n.鲸须,人教高中
baleen whale,,,须鲸,人教高中
annual,'ænjuəl,,a.每年的；按年度计算的 n.年刊；年鉴,人教高中
migration,maɪ'ɡreʃən,,n.迁居；移居；迁徙,人教高中
witness,ˈwɪtnɪs,,v.当场见到；目击 n.目击者；证人,人教高中
accommodation,"ə,kɑmə'deʃən",,n.住所；住宿,人教高中
shore,ʃɔr,,n.岸；海滨,人教高中
offshore,",ɔf'ʃɔr",,a.近海（的）；离岸（的）；离岸（的）,人教高中
opposite,ˈɑpəzɪt; ˈɑpəsɪt,,prep.在……对面 a.相对的；相反的,人教高中
yell,jɛl,,v.大叫；呼喊 n.叫声；喊声,人教高中
pause,pɔz,,v.暂停；中止 n.暂停；中止,人教高中
oar,ɔr,,n.桨；橹,人教高中
telescope,'tɛləˌskop,,n.望远镜,人教高中
teamwork,'timwɝk,,n.协作；配合,人教高中
blow-hole,,,n.（隧道的）通风口；（鲸鱼的）鼻孔,人教高中
dive,daɪv,,v.跳水；潜水；俯冲 n.跳水（的动作）；潜水（的动作）；俯冲,人教高中
flee,fli,,v.逃避；逃跑；逃离,人教高中
harpoon,hɑr'pun,,n.（捕鲸用的）鱼叉,人教高中
drag,dræg,,v.拖；拉；扯,人教高中
depth,dɛpθ,,n.深（度）；深处,人教高中
meantime,'min'taɪm,,ad.其间；同时,人教高中
in the meantime,,,在此期间；与此同时,人教高中
lip,lɪp,,n.一片嘴唇；（容器或洞的）边，口,人教高中
overboard,'ovɚbɔrd,,ad.越过船舷进入水中,人教高中
urge,ɝdʒ,,v.催促；极力主张；驱策,人教高中
abandon,ə'bændən,,v.遗弃；抛弃；放弃,人教高中
shark,ʃɑrk,,n.鲨鱼,人教高中
Help (…) out,,,帮助（某人）摆脱困境或危难,人教高中
relationship,rɪ'leʃən'ʃɪp,,n.关系；交往；血缘关系,人教高中
conservation,",kɑnsɚ'veʃən",,n.保护；保存,人教高中
iceberg,'aɪs'bɝg,,n.冰山,人教高中
jog,dʒɑɡ,,v.慢跑；轻推；轻撞,人教高中
seaside,'sisaɪd,,n.海边；海滨 a.海边（的）；海滨（的）,人教高中
net,nɛt,,n.网络；网；网状物,人教高中
target,'tɑrɡɪt,,n.目标；靶；受批评的对象,人教高中
tide,taɪd,,n.潮（汐）；潮水；潮流,人教高中
driftnet,,,n.流网,人教高中
dimension,"dəˈmɛnʃən, daɪ-",,n.方面；侧面；维（数）,人教高中
reflect,rɪ'flɛkt,,v.思考；映射；反射,人教高中
pure,pjʊr,,a.纯的；纯粹的；纯洁的,人教高中
cell,sɛl,,n.细胞；（蜂房的）巢室,人教高中
aware,ə'wɛr,,a.意识到的；知道的,人教高中
become aware of,,,对……知道、明白；意识到……,人教高中
be aware of,,,对……知道、明白；意识到……,人教高中
vivid,'vɪvɪd,,a.生动的；鲜明的；鲜艳的,人教高中
neat,nit,,a.（口）好的；整齐的；匀称的,人教高中
seaweed,'si'wid,,n.海草；海藻,人教高中
narrow,'næro,,a.狭窄的；有限的；狭隘的,人教高中
flashlight,'flæʃlaɪt,,n.闪光信号灯；手电筒；闪光灯,人教高中
upside down,,,上下翻转,人教高中
suck,sʌk,,v.吮吸,人教高中
sea-slug,,,n.海蛞蝓,人教高中
turtle,'tɝtl,,n.海龟；龟；甲鱼,人教高中
eel,il,,n.鳗；鳝,人教高中
sharp,ʃɑrp,,a.锐利的；锋利的；敏捷的,人教高中
tasty,'testi,,a.好吃的；可口的,人教高中
giant,'dʒaɪənt,,a.巨人的；巨大的 n.巨人；伟人,人教高中
clam,klæm,,n.蛤,人教高中
grey,ɡre,,a.灰色（的） n.灰色,人教高中
scare,skɛr,,v.恐吓；受惊吓,人教高中
(be) scared to death,,,吓死了,人教高中
shallow,'ʃælo,,a.浅的；肤浅的；浅显的,人教高中
steep,stip,,a.陡峭的,人教高中
boundary,'baʊndri,,n.分界线；界限,人教高中
Antarctic,æntˈɑrktɪk,,a.南极的,人教高中
the Antarctic,,,南极洲,人教高中
awesome,'ɔsəm,,a.使人敬畏的；令人畏惧的,人教高中
leap,lip,,v.跳；跳跃 n.跳过（障碍）,人教高中
seal,sil,,n.海豹；封条；印章,人教高中
refund,ˈrifʌnd,,v.退还；偿还 n.退款,人教高中
pension,'pɛnʃən,,n.养老金；退休金,人教高中
pensioner,'pɛnʃənɚ,,n.领取养老金者,人教高中
airmail,'ɛrmel,,n.航空邮件,人教高中
Papua,'pæpjuə,,巴布亚新几内亚,人教高中
fortnight,'fɔrtnaɪt,,n.两星期,人教高中
hear from,,,接到……的信,人教高中
(be) dying to,,,极想；渴望,人教高中
roof,ruf,,n.屋顶；车顶,人教高中
muddy,'mʌdi,,a.泥泞的；泥土般的,人教高中
textbook,'tɛkstbʊk,,n.教科书；课本,人教高中
concept,'kɑnsɛpt,,n.观念；概念,人教高中
bucket,'bʌkɪt,,n.水桶；吊桶；提桶,人教高中
the other day,,,不久前的一天,人教高中
weekly,'wikli,,a.每周（的） ad.每周（的）,人教高中
bubble,'bʌbl,,v.起泡；沸腾；汩汩地流动,人教高中
relevant,'rɛləvənt,,a.有关的；切题的,人教高中
remote,rɪ'mot,,a.遥远的；偏僻的,人教高中
ridge,rɪdʒ,,n.山脊；屋脊,人教高中
weed,wid,,n.杂草；野草 v.除杂草,人教高中
hut,hʌt,,n.棚屋；小屋,人教高中
rectangle,'rɛktæŋɡl,,n.矩形；长方形,人教高中
rectangular,rɛk'tæŋgjəlɚ,,a.长方形的；矩形的,人教高中
adjust,ə'dʒʌst,,v.调整；（使）适合,人教高中
platform,'plæt'fɔrm,,n.（火车站的）月台；讲台；台；平台,人教高中
broom,brum,,n.扫帚,人教高中
tin,tɪn,,n.锡,人教高中
jar,dʒɑr,,n.罐；广口瓶,人教高中
sniff,snɪf,,v.用鼻子吸；嗅；闻,人教高中
participate,pɑr'tɪsə'pet,,v.参与；参加,人教高中
interpreter,ɪn'tɝprɪtɚ,,n.作口译的人,人教高中
grill,ɡrɪl,,n.烤架；大平底锅 v.烧烤；炙烤,人教高中
dry out,,,（使浸水等之物）完全变干；干透,人教高中
leftover,'lɛftovɚ,,n.剩饭；剩余物；残留物 a.剩余的,人教高中
evil,'ivl,,a.邪恶的 n.邪恶；罪恶,人教高中
dry up,,,（指河流、井等）干涸,人教高中
otherwise,'ʌðɚwaɪz,,conj.否则；不然 ad.用别的方法；其他方面,人教高中
privilege,ˈprɪvəlɪdʒ,,n.特权；特别优待,人教高中
paperwork,'pepɚ'wɝk,,n.文书工作,人教高中
arrangement,ə'rendʒmənt,,n.安排；排列,人教高中
toast,tost,,v.敬酒；烤（面包等） n.烤面包（片）；吐司面包；干杯,人教高中
comb,kom,,n.梳子 v.梳（发）,人教高中
astronaut,'æstrəˌnɔt,,n.宇航员；太空人,人教高中
angle,'æŋɡl,,n.角；角度,人教高中
catalogue,'kætəlɔɡ,,n.目录,人教高中
donate,'donet,,v.捐赠,人教高中
voluntary,'vɑləntɛri,,a.自愿的；志愿的；无偿的,人教高中
in need,,,在困难中；在危急中,人教高中
purchase,'pɝtʃəs,,v.买 n.购买,人教高中
anniversary,",ænɪ'vɝsəri",,n.周年纪念（日）,人教高中
seed,sid,,n.种子；萌芽,人教高中
seedling,'sidlɪŋ,,n.秧苗；树苗,人教高中
vaccination,",væksn'eʃən",,n.接种疫苗,人教高中
loan,lon,,n.贷款,人教高中
sew,so,,v.（用针线）缝；缝制；缝合,人教高中
sewing machine,,,缝纫机,人教高中
supplement,'sʌplɪmənt,,n.增补的事物；补充；附录；增刊,人教高中
ox,ɑks,,n.公牛,人教高中
plough,plaʊ,,v.（犁）地；（耕）地,人教高中
trunk,trʌŋk,,n.树干；躯干；大衣箱,人教高中
trunk library,,,箱式（柜式）图书馆,人教高中
tractor,'træktɚ,,n.拖拉机；牵引机,人教高中
Kenya,ˈkiːnjə,,n.肯尼亚（非洲国家）,人教高中
Bangladesh,",ba:ŋglə'deʃ",,n.孟加拉国（亚洲国家）,人教高中
click,klɪk,,v.（使）发出咔嗒声 n.咔嗒声,人教高中
tailor,'telɚ,,n.裁缝 v.定做,人教高中
Tanzania,ˌtænzəˈniə,,n.坦桑尼亚（东非国家）,人教高中
economic,"ˌikəˈnɑmɪk, ˌɛkəˈ-nɑmɪk",,a.经济的；经济学的,人教高中
political,pə'lɪtɪkl,,a.政治的；政党的,人教高中
Nepal,nɪˈpɔːl,,n.尼泊尔（亚洲国家）,人教高中
Uganda,ju:'ɡændə,,n.乌干达（东非国家）,人教高中
distribute,dɪ'strɪbjut,,v.分配；分发,人教高中
distribution,'dɪstrə'bjʊʃən,,n.分配；分发；分布状态,人教高中
financial,faɪˈnænʃəl;fəˈnæ-,,a.财务的；金融的；财政的,人教高中
security,sə'kjʊrəti,,n.安全；保护；保障,人教高中
operate,'ɑpə'ret,,v.工作；运转；操作,人教高中
Sudan,sʊ'dæn,,n.苏丹（非洲国家）,人教高中
clinic,'klɪnɪk,,n.门诊部；小诊所,人教高中
Malawi,mɑ:'lɑ:wi,,n.马拉维（非洲国家）,人教高中
adjust to,,,适应；调节,人教高中
keep it up,,,保持优秀成绩；继续干下去,人教高中
fit in,,,相适应；相融合,人教高中
motherland,'mʌðɚlænd,,n.祖国,人教高中
visa,'vizə,,n.签证,人教高中
queue,kju,,n.队列；行列 v.排队,人教高中
cafeteria,",kæfə'tɪrɪə",,n.自助食堂；自助餐厅,人教高中
lecture,'lɛktʃɚ,,n.演讲；讲课 v.演讲；讲课,人教高中
qualification,",kwɑlɪfɪ'keʃən",,n.资格；资历,人教高中
preparation,",prɛpə'reʃən",,n.准备；预备,人教高中
recommend,'rɛkə'mɛnd,,v.建议；推荐,人教高中
shopkeeper,'ʃɑp'kipɚ,,n.店主,人教高中
idiom,'ɪdɪəm,,n.习语；成语,人教高中
comfort,'kʌmfɚt,,n.舒适；安慰 v.安慰,人教高中
substitute,'sʌbstɪtut,,n.代替者；代用品 v.用……代替……,人教高中
academic,",ækə'dɛmɪk",,a.学校的；学术的,人教高中
requirement,rɪ'kwaɪɚmənt,,n.需要；要求,人教高中
essay,'ɛse,,n.文章；散文,人教高中
tutor,'tʊtɚ,,n.家庭教师；导师；助教,人教高中
revise,rɪ'vaɪz,,v.复查；修正；复习,人教高中
revision,rɪ'vɪʒən,,n.复查；修正；复习,人教高中
draft,dræft,,n.草稿；草案 v.草拟；起草,人教高中
numb,nʌm,,a.麻木的；失去知觉的,人教高中
acknowledge,ək'nɑlɪdʒ,,v.承认；确认；答谢,人教高中
as far as one is concerned,,,就……而言,人教高中
contradict,'kɑntrə'dɪkt,,v.反驳；反斥,人教高中
autonomous,ɔ'tɑnəməs,,a.自治的；自主的；独立的,人教高中
occupy,'ɑkjupaɪ,,v.占据；占用；占领,人教高中
be occupied with,,,忙着做……；忙于某事物,人教高中
enterprise,'ɛntɚ'praɪz,,n.事业；事业心,人教高中
apology,ə'pɑlədʒi,,n.道谦；谢罪,人教高中
seminar,'sɛmɪnɑr,,n.（专题）研讨会,人教高中
videophone,'vɪdɪofon,,n.可视电话,人教高中
Rugby,'rʌɡbi,,n.（英式）橄榄球,人教高中
bachelor,'bætʃəlɚ,,n.未婚男子；获学士学位的人,人教高中
bachelor’s degree,,,学士学位,人教高中
routine,rʊ'tin,,n.常规；日常事务 a.通常的；例行的,人教高中
minibus,'mɪnɪbʌs,,n.小型公共汽车,人教高中
optional,'ɑpʃənl,,a.可选择的；随意的,人教高中
day in and day out,,,日复一日,人教高中
cage,kedʒ,,n.鸟笼；兽槛,人教高中
bark,bɑrk,,v.（指狗等）吠叫；咆哮 n.犬吠声；树皮,人教高中
battery,'bæt(ə)rɪ,,n.电池（组）；炮台,人教高中
site,saɪt,,n.地方；地点；现场,人教高中
Julie,'dʒu:li,,n.朱莉（女名）,人教高中
Abigail,"'æbɪ,gel",,n.阿比盖尔（女名）,人教高中
drill,drɪl,,v.钻（孔） n.钻；钻机,人教高中
oilfield,'ɔɪlfild,,n.油田,人教高中
Jamie,,,n.杰米（男名）,人教高中
Sam,sæm,,n.萨姆（男名）,人教高中
Lima,'limə,,n.利马（秘鲁首都）,人教高中
Cuzco,'ku:skəu,,n.库斯科（秘鲁南部城市）,人教高中
the Andes,,,安第斯山脉,人教高中
Peru,pə'rʊ,,n.秘鲁（南美国家）,人教高中
Lia,æ'fi:ljə,,n.莉亚（女名）,人教高中
agent,'edʒənt,,n.代理人；经纪人,人教高中
travel agent,,,旅行代办人；旅行代理人,人教高中
geographical,dʒɪə'græfɪkl,,a.地理（学）的,人教高中
parallel,'pærəlɛl,,a.平行的；相同的；类似的,人教高中
Lake Titicaca,,,的的喀喀湖,人教高中
abundant,ə'bʌndənt,,a.丰富的；充裕的,人教高中
Inca,'iŋkə,,印加帝国,人教高中
govern,'ɡʌvɚn,,v.统治；支配；管理,人教高中
onwards,'ɑnwɚdz,,ad.向前地；前进地,人教高中
destination,",dɛstɪ'neʃən",,n.目的地,人教高中
Machu Picchu,,,马丘比丘（秘鲁）,人教高中
inn,ɪn,,n.客栈,人教高中
out of the question,,,不可能的；不值得讨论的,人教高中
hike,haɪk,,n.远足；徒步旅行 v.远足；徒步旅行,人教高中
Puno,,,n.普诺（秘鲁）,人教高中
tomb,tum,,n.坟墓,人教高中
the Amazon,,,亚马孙河热带丛林,人教高中
settle in,,,（迁入新居、更换工作后）安顿下来,人教高中
California,",kælɪ'fɔnjə",,加利福尼亚（州）,人教高中
Californian,ˌkælɪˈfɔːnɪən,,加利福尼亚（州）人,人教高中
illustrate,'ɪləstret,,v.说明；阐明,人教高中
distinct,dɪ'stɪŋkt,,a.明显不同的，截然不同的，不同种类的；清晰的；明显的；明确的,人教高中
distinction,dɪ'stɪŋkʃən,,n.差别；区分；卓著,人教高中
immigrant,'ɪmɪɡrənt,,n.（从外国移入的）移民,人教高中
live on,laɪv ɑn；lɪv ɑn,,靠 (某数额的钱) 过活,人教高中
strait,stret,,n.海峡,人教高中
Bering,'bɛriŋ,,白令海峡,人教高中
Arctic,'ɑrktɪk,,a.北极的；北极区的,人教高中
the Arctic,,,北极,人教高中
means,minz,,n.手段；方法,人教高中
by means of…,,,用……办法；借助……,人教高中
prehistoric,",prihɪ'stɔrɪk",,a.史前的,人教高中
majority,mə'dʒɔrəti,,n.大多数；大半,人教高中
ministry,'mɪnɪstri,,n.（政府的）部；；（全体）牧师；牧师的职责,人教高中
Catholic,kæθəlɪk,,a.天主教的 n.天主教徒,人教高中
Alaska,ə'læskə,,n.阿拉斯加（州）,人教高中
San Francisco,,,n.圣弗朗西斯科（也称旧金山）,人教高中
adventurer,əd'vɛntʃərɚ,,n.冒险家,人教高中
make a life,,,习惯于新的生活方式、工作等,人教高中
despite,dɪ'spaɪt,,prep.尽管；不管,人教高中
hardship,'hɑrdʃɪp,,n.苦难；困苦,人教高中
elect,ɪ'lɛkt,,v.选举某人；选择；决定做某事,人教高中
federal,'fɛdərəl,,a.联邦制的；；联邦政府的,人教高中
rail,rel,,n.铁路；；扶手；（护栏的）横条,人教高中
percentage,pɚ'sɛntɪdʒ,,n.百分比；百分率,人教高中
Los Angeles,lɒs ˈændʒɪˌliːz,,n.洛杉矶,人教高中
Italy,'ɪtəlɪ,,n.意大利,人教高中
Italian,ɪˈtæljən,,n.意大利人；意大利语 a.意大利人的；意大利语的,人教高中
Denmark,'denma:k,,n.丹麦（北欧国家）,人教高中
keep up,,,跟上,人教高中
Hollywood,ˈhɑliˌwʊd,,n.好莱坞；美国电影业,人教高中
boom,buːm,,n.（人口、贸易的）繁荣 v.处于经济迅速发展时期,人教高中
aircraft,'ɛr'kræft,,n.飞行器；航空器；飞机,人教高中
Cambodian,kæm'bəudiən,,n.柬埔寨人；柬埔寨语,人教高中
Korea,kə'rɪr,,n.韩国；朝鲜,人教高中
Korean,kə'riən,,n.韩国/朝鲜人；朝鲜/韩语 a.韩国（人/语）的；朝鲜（人/语）的,人教高中
Pakistan,'pækistæn,,n.巴基斯坦,人教高中
Pakistani,",pæki'stæni",,a.巴基斯坦（人）的 n.巴基斯坦人,人教高中
immigrate,'ɪmɪɡret,,v.移入（外国定居）,人教高中
immigration,",ɪmɪ'ɡreʃən",,n.移民人数；移民入境,人教高中
racial,'reʃl,,a.人种的；种族的,人教高中
crossing,'krɔsɪŋ,,n.横渡；横越；十字路口；人行横道,人教高中
vice,vaɪs,,a.代理的；副职的 n.罪恶，罪行,人教高中
nephew,'nɛfju,,n.侄子；外甥,人教高中
pole,pol,,n.地极；电极；磁极,人教高中
applicant,'æplɪkənt,,n.申请人,人教高中
customs,'kʌstəmz,,n.海关；,人教高中
socialist,'soʃəlɪst,,n.社会主义者；社会党人 a.社会主义者的,人教高中
socialism,'soʃəlɪzəm,,n.社会主义,人教高中
occur,ə'kɝ,,v.发生；出现,人教高中
cattle,'kætl,,n.牛（总称）,人教高中
Hispanic,hi'spænik,,n.（美）讲西班牙语的美国人,人教高中
indicate,'ɪndɪket,,v.表明；暗示；指出；指示,人教高中
back to back,,,背靠背,人教高中
luggage,'lʌɡɪdʒ,,n.行李（<美>baggage）,人教高中
shave,ʃev,,v.刮；剃,人教高中
cable,'kebl,,n.电缆；缆绳,人教高中
cable car,,,缆车；（美）有轨缆车,人教高中
Andrew Hallidie,,,安德鲁•海利迪,人教高中
tram,træm,,n.（有轨）电车,人教高中
apparent,ə'pærənt,,a.显而易见的；显然的；表面上的,人教高中
apparently,ə'pærəntli,,ad.据说,人教高中
brake,brek,,n.闸；刹车；制动器 V.刹（车）；用制动器减速,人教高中
conductor,kən'dʌktɚ,,n.（乐队）指挥；（公车）售票员；列车员,人教高中
slip,slɪp,,v.滑动；滑行；滑跤 n.滑动；滑倒,人教高中
wharf,wɔrf,,n.码头,人教高中
bakery,'bekəri,,n.面包房；面包厂,人教高中
ferry,'fɛri,,n.渡船；渡口 v.摆渡；渡运,人教高中
Angel Island,,,天使岛,人教高中
team up with,,,与……合作或一起工作,人教高中
hire,'haɪɚ,,v.租用；雇用 n.租用；雇用,人教高中
fascinating,'fæsɪnetɪŋ,,a.迷人的；吸引人的,人教高中
mark out,,,划线；标出……界线,人教高中
seagull,'siɡʌl,,n.海鸥,人教高中
take in,,,吸收,人教高中
angle,'æŋɡl,,n.角；角度,人教高中
a great many,,,许多；很多,人教高中
a good many,,,许多；很多,人教高中
apply for,,,申请；请示得到,人教高中
nowhere,'no'wɛr,,ad.无处；到处都无,人教高中
miserable,'mɪzrəbl,,a.痛苦的；悲惨的,人教高中
punishment,'pʌnɪʃmənt,,n.惩罚；处罚,人教高中
justice,'dʒʌstɪs,,n.公正；公平,人教高中
mourn,mɔrn,,v.哀悼；悼念；表示悲痛,人教高中
civil,'sɪvl,,a.公民的；国内的；民间的,人教高中
authority,ə'θɔrəti,,n.权力；当局；官方；权威,人教高中
reform,rɪ'fɔrm,,v.改革；革新 n.改革；改造；改良,人教高中
grasp,ɡræsp,,v.抓住；抓紧；掌握；领会 n.抓住；抓紧；理解力，领悟力,人教高中
thoughtful,'θɔtfl,,a.关切的；体贴的；深思的,人教高中
thankful,'θæŋkfl,,a.感激的；感谢的,人教高中
insert,'ɪnsɝt,,v.插入；嵌入,人教高中
differ,'dɪfɚ,,v.不同；相异,人教高中
exact,ɪɡ'zækt,,a.精确的；准确的,人教高中
cutting,'kʌtɪŋ,,n.剪枝；剪报,人教高中
twin,twɪn,,n.双胞胎之一；孪生儿之一 a.成对的；成双的,人教高中
identical,aɪ'dɛntɪkl,,a.同一的；一模一样的,人教高中
commercial,kə'mɝʃəl,,a.商业的；贸易的,人教高中
straightforward,",stret'fɔrwɚd",,a.简单的；直接的；坦率的,人教高中
complicated,'kɑmplɪketɪd,,a.复杂的；难懂的,人教高中
undertake,",ʌndɚ'tek",,v.着手；从事；承担,人教高中
pay off,,,偿清；得到好结果；取得成功,人教高中
breakthrough,'brek'θrʊ,,n.突破,人教高中
procedure,prə'sidʒɚ,,n.程序；步骤；手续,人教高中
nucleus,'nuklɪəs,,n.原子核；中心,人教高中
somatic,so'mætɪk,,a.躯体的；肉体的；细胞体的,人教高中
embryo,'ɛmbrɪo,,n.胚；胚胎；萌牙时期,人教高中
carrier,'kærɪɚ,,n.携带者；搬运工；运输工具,人教高中
cast,kæst,,v.投射〔光或影〕,人教高中
cast down,,,沮丧；不愉快,人教高中
altogether,",ɔltə'ɡɛðɚ",,ad.总共；完全地,人教高中
arbitrary,ˈɑːrbətreri,,a.任意的,人教高中
fate,fet,,n.命运；天命,人教高中
correction,kə'rɛkʃən,,n.改正；纠正；修正,人教高中
object,'ɑbdʒɛkt,,v.反对；不赞成,人教高中
objection,əb'dʒɛkʃən,,n.异议；不赞成；反对,人教高中
impact,ɪm'pækt,,n.影响；撞击力；冲击力,人教高中
medium,'midɪəm,,n.媒介；手段；工具,人教高中
the media,,,大众传播媒体（如电视、报纸等）,人教高中
obtain,əb'ten,,v.获得；赢得,人教高中
attain,ə'ten,,v.到达（水平、年龄、状况等）；获得,人教高中
moral,'mɔrəl,,a.道德（上）的；伦理的,人教高中
conservative,kən'sɝvətɪv,,a.保守的；守旧的,人教高中
forbid,fɚ'bɪd,,v.禁止；不准,人教高中
accumulate,ə'kjumjəlet,,v.积累；聚积,人教高中
in favour of,,,赞成；支持,人教高中
side road,,,旁路；支线；岔道 (<美>sidewalk),人教高中
constitution,'kɑnstə'tʊʃən,,n.宪法；章程,人教高中
compulsory,kəmˈpʌlsərɪ,,a.必须做的；义务的；强迫的；强制的,人教高中
opera,'ɑprə,,n.歌剧,人教高中
chorus,'kɔrəs,,n.合唱；合唱队,人教高中
loaf,lof,,n.一条（面包）,人教高中
flour,'flaʊr,,n.面粉,人教高中
owe,o,,v.欠（账、钱、人情等）；归功于……,人教高中
shortly,'ʃɔrtli,,ad.立刻；不久,人教高中
retire,rɪ'taɪɚ,,v.退休；离开,人教高中
bother,'bɑðɚ,,v.打扰；操心 n.烦扰,人教高中
(be) bound to (do),,,一定或注定（做）……,人教高中
assumption,ə'sʌmpʃən,,n.假定；设想,人教高中
regulation,ˌrɛɡjəˈleʃən,,n.规则；规章；法规,人教高中
nonsense,'nɑnsɛns,,n.胡说；无稽之谈；废话,人教高中
popularity,",pɑpju'lærəti",,n.受人喜爱；流行,人教高中
Jurassic Park,,,侏罗纪公园（美国电影名）,人教高中
strike,straɪk,,v.打；撞击 n.罢工,人教高中
strike…into one’s heart,,,使……刻骨铭心,人教高中
bison,'baɪsn,,n.北美或欧洲野牛,人教高中
calf,kæf,,n.小牛；牛犊,人教高中
from time to time,,,不时；偶尔,人教高中
bring back to life,,,使复生；使复活,人教高中
initial,ɪ'nɪʃəl,,a.最初的；开始的,人教高中
DNA,",di:,en'ei",,脱氧核糖核酸,人教高中
vain,ven,,a.虚荣的；自负的；徒劳的,人教高中
in vain,,,白费力气；枉费心机,人教高中
resist,rɪ'zɪst,,v.对抗；抵抗,人教高中
drawback,'drɔbæk,,n.缺点；不利条件,人教高中
merely,'mɪrli,,ad.仅；只；不过,人教高中
restore,rɪ'stɔr,,v.恢复；使恢复原状；重建,人教高中
aurochs,'ɔrɑks,,n.原牛（古代欧洲野牛，已灭绝）,人教高中
decoration,",dɛkə'reʃən",,n.装饰,人教高中
unable,ʌn'ebl,,a.不能的；不会的,人教高中
great auk,,,n.大海雀（已灭绝）,人教高中
feather,'fɛðɚ,,n.羽毛,人教高中
quagga,'kwæɡə,,n.白氏斑马（已灭绝）,人教高中
fairly,'fɛrli,,ad.相当地；公平地,人教高中
in good condition,,,状况很好；情况很好,人教高中
in poor condition,,,状况很坏；情况很坏,人教高中
turkey,'tɝki,,n.火鸡,人教高中
dye,daɪ,,v.给……染色；染 n.染色剂,人教高中
claw,klɔ,,n.爪；脚爪,人教高中
adore,ə'dɔr,,v.崇拜；爱慕；喜爱,人教高中
hatch,hætʃ,,v.孵出；孵卵；孵化,人教高中
reasonable,'riznəbl,,a.合情理的；讲道理的；公道的,人教高中
amphibious,æm'fɪbɪəs,,a.两栖（类）的,人教高中
George Stephenson,,,乔治•斯蒂芬森（英国发明家，蒸汽机的发明人）,人教高中
patent,'pætnt,,n.专利证书；专利权,人教高中
call up,,,给……打电话,人教高中
courtyard,'kɔrtjɑrd,,n.院子；庭院；天井,人教高中
now and then,,,偶尔；有时,人教高中
walnut,'wɔlnət,,n.胡桃；胡桃木,人教高中
distinguish,dɪ'stɪŋɡwɪʃ,,v.辨别；显示……的差别；使……有所不同,人教高中
merciful,'mɝsɪfl,,a.宽大的；仁慈的；慈悲的,人教高中
product,'prɑdʌkt,,n.产品,人教高中
powder,'paʊdɚ,,n.粉末,人教高中
set about,,,开始；着手,人教高中
perfume,pɚ'fjum,,n.香水；香味,人教高中
stainless,ˈsteɪnlɪs,,a.无锈的；不锈的；没有污点的,人教高中
jelly,'dʒɛli,,n.果冻；果冻状物,人教高中
cube,kjʊb,,n.立方体；立方,人教高中
cubic,'kjubɪk,,a.立方的,人教高中
abrupt,ə'brʌpt,,a.突然的；意外的,人教高中
abruptly,ə'brʌptli,,ad.突然地；唐突地,人教高中
convenient,kənˈvinjənt,,a.便利的；方便的；就近的,人教高中
caution,'kɔʃən,,n.小心；谨慎,人教高中
expectation,",ɛkspɛk'teʃən",,n.预料；期待；期望,人教高中
passive,'pæsɪv,,a.被动的；消极的；被动语态的,人教高中
merry,'mɛri,,a.愉快的；高兴的,人教高中
merrily,'mɛrəli,,ad.高兴地；愉快地,人教高中
seize,siz,,v.抓住；捉住；夺,人教高中
recognition,",rɛkəɡ'nɪʃən",,n.认可；承认；认出,人教高中
criterion,kraɪˈtɪriən,,n.（评判的）标准；尺度,人教高中
claim,klem,,v.声称；主张；要求 n.声称；主张；要求,人教高中
valid,'vælɪd,,a.有效的；确凿的,人教高中
file,faɪl,,n.文件；档案；文件夹 v.将……归档；提交,人教高中
ripe,raɪp,,a.熟的；成熟的,人教高中
string,strɪŋ,,n.线；绳子；一串,人教高中
glue,ɡlu,,n.胶；胶水 v.粘贴；粘合,人教高中
rod,rɑd,,n.杆；棒,人教高中
freezing,'frizɪŋ,,a.冰冻的；严寒的,人教高中
greengrocer,'ɡrinɡrosɚ,,n.果蔬商；蔬菜水果店,人教高中
identification,aɪˌdentɪfɪ'keʃn,,n.身份证明；鉴定；辨认；确定,人教高中
directory,dəˈrɛktəri; (also) daɪˈrɛktəri,,n.电话簿,人教高中
dial,'daɪəl,,v.拨（电话）,人教高中
rainfall,'ren'fɔl,,n.降雨,人教高中
courtroom,'kɔrt'rʊm; 'kɔrt'rʊm,,n.法庭；审判室,人教高中
innocent,'ɪnəsnt,,a.清白的；无罪的；天真的,人教高中
lantern,'læntɚn,,n.灯笼；提灯,人教高中
bear,bɛr,,v.忍受；忍耐；负担,人教高中
jam,dʒæm,,n.果酱；堵塞；阻塞,人教高中
Alexander Graham,,,亚历山大•格雷厄姆•贝尔,人教高中
microphone,'maɪkrə'fon,,n.麦克风；话筒,人教高中
forehead,'fɔr'hɛd,,n.额头,人教高中
beaten track,,,被踩出来的路；常规；惯例,人教高中
occasionally,o'keʒənəli,,ad.偶然地；不时地,人教高中
dive into,,,迅速把手伸入；一心投入,人教高中
dynamic,daɪ'næmɪk,,a.充满活力的；精力充沛的；动态的；发展变化的,人教高中
set out (to do),,,开始（做）,人教高中
multiple,'mʌltəpl,,a.多种的；多样的；多类型的 n.倍数,人教高中
Morse,mɔ:s,,莫尔斯电码,人教高中
dot,dɑt,,n.点；小圆点 v.以小圆点标出；分散,人教高中
tap,tæp,,v.轻打；轻拍；轻敲 n.轻轻地敲击（声）；（水）龙头,人教高中
wire,'waɪɚ,,n.金属丝；电线,人教高中
straw,strɔ,,n.稻草；麦秆；饮料吸管,人教高中
reproduce,",riprə'dus",,v.复制；再现……的形象或声音,人教高中
current,kɝ​ənt,,n.（水或气）流；电流 a.现在的；当前的,人教高中
helicopter,'hɛlɪkɑptɚ,,n.直升飞机,人教高中
triangle,'traɪæŋɡl,,n.三角形；三角形物体,人教高中
tetrahedron,",tɛtrə'hidrən",,n.四面体,人教高中
stable,'stebl,,a.稳固的；稳定的；安定的,人教高中
invaluable,ɪn'væljʊəbl,,a.无价的；极宝贵的,人教高中
associate,ə'soʃɪet,,v.联想；联系 n.同伴；伙伴,人教高中
practical,'præktɪkl,,a.实际的；实践的；；实用的,人教高中
James Dyson,,,詹姆斯•戴森（英国发明家）,人教高中
refrigerator,rɪ'frɪdʒəretɚ,,n.冰箱,人教高中
court,kɔrt,,n.法庭；法院；朝廷,人教高中
extension,ɪk'stɛnʃən,,n.电话分机；扩大；延伸,人教高中
hang on,,,顶住；不挂断；稍等,人教高中
out of order,,,次序颠倒；发生故障,人教高中
get through,,,（设法）做完；通过；设法联系上（尤指打通电话）,人教高中
ring back,,,回复电话,人教高中
ring off,,,挂断电话,人教高中
version,'vɝʒn,,n.版本；译本,人教高中
competence,'kɑmpɪtəns,,n.能力；胜任；本领；技能,人教高中
competent,'kɑmpɪtənt,,n.能胜任的；有能力的；称职的,人教高中
jeep,dʒip,,n.吉普车,人教高中
personnel,",pɝsə'nɛl",,n.人力资源；人事部；全体人员,人教高中
Pygmalion,piɡ'meiljən,,n.皮格马利翁（希腊神话）,人教高中
George Bernard Shaw,,,乔治•伯纳德•萧 （也译萧伯纳，英国剧作家）,人教高中
adaptation,",ædæp'teʃən",,n.改编本；适应（性）,人教高中
classic,'klæsɪk,,a.经典的；第一流的 n.经典著作,人教高中
caption,'kæpʃən,,n.（图片上的）说明文字；（电视、电影）字幕；（杂志等文章的）标题；,人教高中
plot,plɑt,,n.阴谋；情节,人教高中
professor,prə'fɛsɚ,,n.教授,人教高中
Higgins,,,希金斯 （姓）,人教高中
phonetics,fə'nɛtɪks,,n.语音学,人教高中
colonel,'kɝnl,,n.（陆军）上校,人教高中
Pickering,'pikəriŋ,,皮克林（姓）,人教高中
fateful,'fetfl,,a.重要的；决定性的；命中注定的,人教高中
whistle,'wɪsl,,v.吹口哨；发出汽笛声 n.口哨声；汽笛声,人教高中
garment,'gɑrmənt,,n.（一件）衣服（外套、裙、袍等）；服装,人教高中
woollen,'wʊlən,,a.毛纺的；纯毛的（<美>woolen）,人教高中
hesitate,ˈhɛzətet,,v.犹豫；踌躇,人教高中
uncomfortable,ʌn'kʌmftəbl,,a.不舒服的；不安的；不自在的,人教高中
uncomfortably,ʌn'kʌmftəbli,,ad.不舒服的；不自在地,人教高中
troublesome,'trʌblsəm,,a.带来麻烦的；使人心烦的,人教高中
wallet,'wɑlɪt,,n.皮夹；钱包,人教高中
outcome,,,n.结果；效果,人教高中
thief,θif,,n.小偷；贼,人教高中
handkerchief,'hæŋkɚtʃɪf,,n.手帕；手绢；纸巾,人教高中
disguise,dɪs'ɡaɪz,,v.伪装；假扮；遮掩 n.伪装,人教高中
in disguise,,,伪装（的）；假扮（的）,人教高中
mistaken,mɪ'stekən,,a.（见解或判断上）错误的；不正确的,人教高中
brilliant,'brɪljənt,,a.才华横溢的；光辉灿烂的；杰出的,人教高中
classify,'klæsɪfaɪ,,v.编排；分类；归类,人教高中
remark,rɪ'mɑrk,,n.谈论；评述；言论 v.谈论；评论；说起,人教高中
betray,bɪ'tre,,v.显露出（本来面目）；背叛,人教高中
upper,'ʌpɚ,,a.（位置或地位）较高的；级别较高的,人教高中
extraordinary,ɪkˈstrɔrdənerɪ; ɪkˈstrɔrdnˌɛrɪ,,a.不同寻常的；非凡的,人教高中
condemn,kən'dɛm,,v.谴责；使……注定,人教高中
gutter,'gʌtɚ,,n.排水沟；阴沟；贫民区,人教高中
properly,'prɑpɚli,,ad.适当地；恰当地,人教高中
pass…off as…,,,（把某人）改变或冒充成……,人教高中
duchess,'dʌtʃəs,,n.公爵夫人；女公爵,人教高中
ambassador,æm'bæsədɚ,,n.大使；使节,人教高中
acquaintance,ə'kwentəns,,n.熟人；相识；了解,人教高中
make one’s acquaintance,,,结识；与……相见,人教高中
handful,"'hænd,fʊl",,n.一把；几个人,人教高中
amazement,ə'mezmənt,,n.惊讶；惊愕,人教高中
in amazement,,,震惊；惊讶,人教高中
fortune,'fɔrtʃən,,n.大笔的钱；机会；运气,人教高中
authentic,ɔ'θɛntɪk,,a.真实的；真正的；可信的； 可靠的,人教高中
generally speaking,,,一般来说,人教高中
status,ˈstetəs,,n.身份；地位；职位,人教高中
superior,sʊˈpɪrɪɚ,,a.更好的；职位[级别]更高的；上级的 n.上级；长官,人教高中
in terms of…,,,就……来说；从……角度,人教高中
disapprove,'dɪsə'prʊv,,v.不赞成；反对；认为不好,人教高中
rob,rɑb,,v.抢劫；盗窃；剥夺,人教高中
antique,æn'tik,,a.古时的；（因古老、稀少而）珍贵的 n.文物；古董；古玩,人教高中
musical,'mjuzɪkl,,a.音乐的；喜爱音乐的 n.音乐喜剧,人教高中
stocking,'stɑkɪŋ,,n.长袜,人教高中
believer,bɪ'livɚ,,n.信徒；教徒,人教高中
Buddhism,'bʊdɪzəm,,n.佛教,人教高中
Buddhist,'budist,,n.佛教徒 a.佛教的,人教高中
Buddha,'budə,,n.佛,人教高中
vowel,'vaʊəl,,n.元音；元音字母,人教高中
Pearce,,,皮尔斯（姓）,人教高中
cookie,'kʊki,,n.饼干,人教高中
teapot,'ti'pɑt,,n.茶壶,人教高中
cream,krim,,n.奶油；面霜,人教高中
nail,nel,,n.钉子；指甲,人教高中
show…in,,,带或领……进来,人教高中
wax,waks,,n.蜡；蜜蜡 v.上蜡,人教高中
disk,dɪsk,,n.磁盘,人教高中
wax disk,,,旧式唱片,人教高中
shabby,ˈʃæbi,,a.破旧的；寒酸的,人教高中
curtsy,'kɝtsi,,v.行屈膝礼 n.（女子行的）屈膝礼,人教高中
shilling,'ʃɪlɪŋ,,n.先令（1971年以前的英国货币单位，旧币的12便士）,人教高中
referee,",rɛfə'ri",,n.裁判员；仲裁者,人教高中
compromise,'kɑmprəmaɪz,,v.妥协；折衷,人教高中
horrible,ˈhɑːrəbl,,a.可怕的；恐怖的,人教高中
laundry,'lɔndri,,n.（待洗的或洗好的）衣服；洗衣店；洗衣房,人教高中
bathtub,bæθtʌb,,n.浴缸；澡盆,人教高中
sob,sɑb,,v.啜泣；抽噎 n.啜泣（声）；抽噎（声）,人教高中
waist,west,,n.腰；腰部；腰围,人教高中
vest,vest,,n.背心；内衣,人教高中
disgusting,dɪs'ɡʌstɪŋ,,a.使人反感的；令人厌恶的,人教高中
once more,,,再一次,人教高中
in need of,,,需要……,人教高中
heartily,'hɑrtɪli,,ad.尽情地；热心地；痛快地,人教高中
overlook,",ovɚ'lʊk",,v.忽视；不理会；俯视,人教高中
alphabet,'ælfə'bɛt,,n.字母表,人教高中
effective,ɪ'fɛktɪv,,a.有效的,人教高中
fade,fed,,v.逐渐消失；（使）褪色；减弱,人教高中
fade out,,,（声音、画面）逐渐模糊；渐淡,人教高中
identify,aɪ'dɛntɪfaɪ,,v.识别；鉴别；确认,人教高中
alternative,ɔl'tɝnətɪv,,n.可能的选择 a.供选择的；其他的,人教高中
archaeology,",ɑrkɪ'ɑlədʒi",,n.考古学(<美>archeology),人教高中
archaeological,",ɑ:kiə'lɔdʒikəl",,a.考古学的；与考古学有关的 (<美>archeological),人教高中
archaeologist,",ɑrkɪ'ɑlədʒɪst",,n.考古学家(<美>archeologist),人教高中
starvation,stɑr'veʃən,,n.挨饿；饿死,人教高中
tentative,'tɛntətɪv,,a.试探性的；不确定的,人教高中
accuracy,'ækjərəsi,,n.精确；准确,人教高中
excavate,'ɛkskə'vet,,v.挖掘；发掘,人教高中
excavation,",ɛkskə'veʃən",,n.挖掘；发掘,人教高中
interrupt,'ɪntə'rʌpt,,v.打断……讲话；打岔；暂时中断或中止,人教高中
acute,ə'kjut,,a.深刻的；敏锐的；强烈的，剧烈的,人教高中
assume,ə'sum,,v.假定；设想,人教高中
regardless,rɪ'ɡɑrdləs,,ad.不管；不顾,人教高中
regardless of,,,不管；不顾,人教高中
mat,mæt,,n.席子；垫子,人教高中
quilt,kwɪlt,,n.被子；棉被,人教高中
beast,bist,,n.野兽,人教高中
at most,,,至多；最多,人教高中
centimetre,'sɛntɪmitɚ,,n.厘米 (<美>centimeter),人教高中
sharpen,'ʃɑrpən,,v.（使）锋利；尖锐,人教高中
sharpener,'ʃɑrpənɚ,,n.磨具；削具,人教高中
cut up,,,切碎,人教高中
scrape,skrep,,v.擦净；削平；磨光,人教高中
scraper,'skrepɚ,,n.刮刀；刮削器,人教高中
ample,'æmpl,,a.足够的；充足的；富裕的,人教高中
messy,'mɛsi,,a.凌乱的；脏的,人教高中
primitive,'prɪmətɪv,,a.原始的；远古的；简陋的,人教高中
bead,bid,,n.小珠子；滴,人教高中
botany,'bɑtəni,,n.植物学,人教高中
botanical,bə'tænɪkl,,a.植物学的；与植物学有关的,人教高中
analysis,ə'næləsɪs,,n.分析,人教高中
seashell,'si'ʃɛl,,n.海贝壳,人教高中
ripen,'raɪpən,,v.使……成熟；成熟,人教高中
category,'kætəɡɔri,,n.种类；类别；范畴,人教高中
significance,sɪɡ'nɪfɪkəns,,n.意义；意思；重要性；重要意义,人教高中
somehow,'sʌmhaʊ,,ad.以……方式；不知怎么地,人教高中
systematic,'sɪstə'mætɪk,,a.有系统的；有计划的；有条理的,人教高中
spit,spɪt,,v.吐出（唾液、食物等）；吐痰,人教高中
delete,dɪ'lit,,v.删；删除,人教高中
album,'ælbəm,,n.相册；集邮册；唱片,人教高中
scratch,skrætʃ,,n.搔；挠；（刮、抓、划的）痕迹 v.搔；抓；擦伤；刮坏,人教高中
academy,ə'kædəmi,,n.学会；学术团体；学院；院校,人教高中
receptionist,rɪ'sɛpʃənɪst,,n.接待员；招待员,人教高中
onion,'ʌnjən,,n.洋葱,人教高中
kindergarten,'kɪndɚɡɑrtn,,n.幼儿园,人教高中
skateboard,'sket'bɔrd,,n.滑板,人教高中
fed up with,,,受够了；饱受；厌烦,人教高中
yogurt,'joɡət,,n.酸乳酪；酸奶,人教高中
radioactive,'redɪo'æktɪv,,a.放射性的；有辐射能的,人教高中
radioactivity,",redɪoæk'tɪvəti",,n.放射性,人教高中
division,də'vɪʒən,,n.分割；划分；分配,人教高中
BC,",bi: 'si:",,公元前,人教高中
melon,'mɛlən,,n.（各种）瓜,人教高中
wrinkle,'rɪŋkl,,n.皱纹,人教高中
pulse,pʌls,,v.强烈而有规律地跳动；搏动 n.脉搏；节拍,人教高中
vein,ven,,n.血管；静脉,人教高中
applaud,ə'plɔd,,v.鼓掌欢迎；赞许,人教高中
look ahead,"'lukə,hed",,向前看；为将来打算,人教高中
howl,haʊl,,v.叫喊；吼叫；嗥叫,人教高中
accelerate,əkˈsɛləˌret,,v.加速；促进,人教高中
spear,spɪr,,n.矛；标枪,人教高中
arrest,ə'rɛst,,v.逮捕；吸引 n.逮捕；拘留,人教高中
dizzy,'dɪzi,,a.晕眩的；昏乱的；使人发晕或困惑的,人教高中
eyebrow,'aɪbraʊ,,n.眉毛,人教高中
cheekbone,'tʃikbon,,n.颧骨,人教高中
arrowhead,'ærohɛd,,n.箭头,人教高中
axe,æks,,n.斧；斧子,人教高中
hammer,'hæmɚ,,n.铁锤；锤子,人教高中
gay,ɡe,,a.快乐的；欢快的,人教高中
gaily,'ɡeili,,ad.快乐地；轻松地,人教高中
skilful,'skilful,,a.有技巧的；熟练的(<美>skillful),人教高中
date back,,,追溯到……,人教高中
punctuation,'pʌŋktʃʊ'eʃən,,n.标点符号,人教高中
worship,'wɝʃɪp,,v.敬奉；崇拜 n.崇拜；敬神,人教高中
craftsmanship,'kræftsmənʃɪp,,n.技艺；手艺；精工细作,人教高中
hurdling,,,n.跨栏运动,人教高中
boxing,'bɑksɪŋ,,n.拳击,人教高中
hula hooping,,,玩呼啦圈,人教高中
pogo stick jumping,,,弹簧单高跷游戏,人教高中
jumping jack,,,跳爆竹,人教高中
somersaulting,'sʌmɚsɔlt,,n.翻筋斗,人教高中
lunge,lʌndʒ,,n.刺 v.越近，前冲,人教高中
Ashrita Furman,,,阿什里塔.弗曼,人教高中
Guinness,'ɡinis,,吉尼斯,人教高中
Guiness Book of World Records,,,《吉尼斯世界纪录大全》,人教高中
approximate,ə'prɑksɪmət,,a.近似的，大概的,人教高中
approximately,ə'prɑksɪmətli,,ad.近似地，大约地,人教高中
conventional,kən'vɛnʃənl,,a.传统的；习俗的,人教高中
laughter,'læftɚ,,n.笑，笑声,人教高中
reality,rɪ'æləti,,n.真实，事实,人教高中
in reality,,,实际上，现实,人教高中
ajustment,,,n.调节，调整,人教高中
tough,tʌf,,a.困难的；强硬的 ad.顽强地,人教高中
extreme,,,a.极端的，偏激的,人教高中
vomit,'vɑmɪt,,n.呕吐物,人教高中
gymnastics,,,n.体操，体能训练,人教高中
gymnastically,,,ad.体能训练方面,人教高中
unfit,ʌn'fɪt,,a.不太健康的；不适宜的,人教高中
fascinate,'fæsə'net,,vt.使着迷，入迷,人教高中
meditation,",mɛdɪ'teʃən",,n.沉思，冥想,人教高中
Sri chinmoy,,,斯里琴摩,人教高中
spiritual,,,a.精神上的,人教高中
marathon,"'mærə,θɑn",,n.马拉松赛跑,人教高中
urge,ɝdʒ,,v.催促，力劝,人教高中
accomplish,ə'kɑmplɪʃ,,v.完成，实现,人教高中
motivation,",motə'veʃən",,n.动机,人教高中
devotion,dɪ'voʃən,,n.热爱，投入,人教高中
soul,sol,,n.灵魂，心灵，精神,人教高中
sacred,'sekrɪd,,a.宗教的，庄严的,人教高中
deed,did,,n.行为，行动,人教高中
conception,kən'sɛpʃən,,n.主意；计划,人教高中
tact,tækt,,n.机敏，乖巧，老练，技巧,人教高中
regret,rɪ'ɡrɛt,,v.后悔；感到抱歉,人教高中
repentance,rɪ'pɛntəns,,n.后悔,人教高中
wisdom,'wɪzdəm,,n.智慧,人教高中
virtue,'vɝtʃʊ,,n.美德,人教高中
noble,'nobl,,a.高尚的；贵族的,人教高中
doom,dʊm,,v.注定,人教高中
bid,bɪd,,v.出价；投标,人教高中
juggle,'dʒʌɡl,,v.耍把戏，玩杂耍,人教高中
triathlon,traɪ'æθlən,,n.三项全能运动,人教高中
triathlete,trai'æθli:t,,n.三项全能运动员,人教高中
amateur,ˈæmətər,,n.业余爱好者,人教高中
champion,'tʃæmpɪən,,n.冠军，优胜者,人教高中
therefore,'ðɛrfɔr,,ad.因此，所以,人教高中
Barcelona,",ba:si'ləunə",,巴塞罗那（西班牙东北部港口城市）,人教高中
springboard,'sprɪŋbɔrd,,n.跳板；(游泳或体操运动中的) 跳板,人教高中
economics,'ikə'nɑmɪks; 'ɛkə'nɑmɪks,,n.经济学,人教高中
Slovenia,sləu'vi:niə,,斯洛文尼亚（国名）,人教高中
entire,ɪn'taɪɚ,,a.全部的，完整的,人教高中
the Danube River,,,多瑙河（位于欧洲）,人教高中
attain,ə'ten,,v.获得；达到,人教高中
the Parana River,,,巴拉那河(位于南美洲中南部，该州第二大河),人教高中
profile,'profaɪl,,n.（人物或事物之）简介；侧面，轮廓,人教高中
courageous,kə'redʒəs,,a.勇敢的，有胆量的,人教高中
appreciate,ə'priʃɪet,,v.鉴赏，感激,人教高中
appreciation,"ə,priʃɪ'eʃən",,n.感谢，感激；欣赏,人教高中
accountant,ə'kaʊntənt,,n.会计,人教高中
receptionist,rɪ'sɛpʃənɪst,,n.招待员,人教高中
lawyer,'lɔjɚ,,n.律师,人教高中
politician,,,n.政客，政治家,人教高中
scarf,skɑrf,,n.围巾，头巾，领巾,人教高中
zip,zɪp,,n.拉链,人教高中
underwear,'ʌndɚwɛr,,n.内衣裤,人教高中
overcoat,'ovɚkot,,n.外套大衣，长大衣,人教高中
salary,'sæləri,,n.薪水,人教高中
wage,wedʒ,,n.工资,人教高中
Marco Polo,,,马可.波罗,人教高中
latitude,'lætɪtud,,n.纬度,人教高中
voyage,'vɔɪɪdʒ,,n.航海，航行,人教高中
mercy,'mɝsi,,n.仁慈，宽恕，怜悯,人教高中
at the mercy of,,,受……支配,人教高中
encyclopedia,ɪnˌsaɪkləˈpidiɚ,,n.百科全书,人教高中
alongside,ə'lɔŋ'saɪd,,prep.靠着，沿着； ad.在旁边，沿着边,人教高中
exploration,",ɛksplə'reʃən",,n.探险，探测,人教高中
minimum,,,a.最小的，最低的,人教高中
celestial,sə'lɛstʃəl,,a.天上的,人教高中
pole,pol,,n.极地，柱，杆,人教高中
equator,ɪ'kwetɚ,,n.赤道,人教高中
horizon,hə'raɪzn,,n.地平线；视野,人教高中
overhead,",ovɚ'hɛd",,a.在头上的,人教高中
seaweed,,,n.海草，海藻,人教高中
nowhere,'no'wɛr,,ad.无处,人教高中
offshore,",ɔf'ʃɔr",,a.离岸的，海面上的,人教高中
outward,'aʊtwɚd,,a.外面的；向外的,人教高中
tide,taɪd,,n.潮，潮汐；潮流，趋势,人教高中
secure,sə'kjʊr,,a.安全的，可靠的,人教高中
knot,nɑt,,n.节 v.打结,人教高中
log,lɔɡ,,n.原木，木材,人教高中
nautical,'nɔtɪkl,,a.海上的，航海的,人教高中
nautical mile,,,海里,人教高中
magnetic,,,a.磁的，有磁性的,人教高中
bearing,'bɛrɪŋ,,n.方位,人教高中
random,'rændəm,,a.任意的，随便的,人教高中
astrolabe,,,n.古代的天体观测仪，星盘,人教高中
awkward,'ɔkwɚd,,a.难使用的；笨拙的,人教高中
reference,'rɛfrəns,,n.参考,人教高中
quadrant,'kwɑdrənt,,n.象限，四分仪,人教高中
precise,prɪ'saɪs,,a.精确的，准确的,人教高中
simplify,'sɪmplɪfaɪ,,v.单一化，简单化,人教高中
portable,'pɔrtəbl,,a.轻便的，手提的，便携的,人教高中
shortcoming,'ʃɔrtkʌmɪŋ,,"n.缺点,短处",人教高中
sextant,'sɛkstənt,,n.六分仪,人教高中
update,",ʌp'det",,v.更新,人教高中
tendency,'tɛndənsi,,n.趋向，倾向,人教高中
reliable,rɪ'laɪəbl,,a.可靠地，可信赖的,人教高中
Samuel,ˈsæmjuəl,,塞缪尔,人教高中
swoop,swup,,v.突降，猛扑,人教高中
parcel,'pɑrsl,,n.包裹；邮包,人教高中
peck,pɛk,,v.啄食,人教高中
cliff,klɪf,,n.悬崖，峭壁,人教高中
expedition,",ɛkspə'dɪʃən",,n.远征,人教高中
compulsory,kəmˈpʌlsərɪ,,a.必须做的，必修的,人教高中
reform,rɪ'fɔrm,,n.改革，革新,人教高中
survival,sɚ'vaɪvl,,n.生存，幸存,人教高中
Captain Bligh,,,布莱船长,人教高中
Tahiti,tɑ:'hi:ti; tə-,,塔西提岛（位于太平洋）,人教高中
incident,'ɪnsɪdənt,,n.事件，事变,人教高中
departure,dɪ'pɑrtʃɚ,,n.出发，离开,人教高中
crew,krʊ,,n.（轮船、飞机等上的）工作人员，（工作）队,人教高中
deposit,dɪ'pɑzɪt,,v.放；（把钱）存入银行,人教高中
dilemma,"dəˈlɛmə, daɪ-",,n.进退两难的局面,人教高中
drawback,'drɔbæk,,n.缺点，障碍,人教高中
dusk,dʌsk,,n.薄暮，黄昏,人教高中
routine,rʊ'tin,,n.常规，日常事务,人教高中
reckon,'rɛkən,,v.估算，估计,人教高中
reckoning,'rɛkənɪŋ,,n.估算，估计,人教高中
starvation,stɑr'veʃən,,n.挨饿，饿死,人教高中
psychology,saɪ'kɑlədʒi,,n.心理学,人教高中
tension,,,n.紧张，不安；张力,人教高中
gradual,'ɡrædʒuəl,,a.逐渐的，逐步的,人教高中
foresee,fɔr'si,,v.预知，预见,人教高中
thirst,θɝst,,n.渴，口渴,人教高中
Timor,'ti:mɔ:; 'tai-; ti'mɔ:,,帝汶岛（位于东南亚）,人教高中
set loose,,,出发，开始,人教高中
tear,(for v.) ˈter; (for n.) ˈtir,,v.扯破，撕破,人教高中
hardship,'hɑrdʃɪp,,n.困苦，艰难,人教高中
jaw,dʒɔ,,n.颚，颌；下巴,人教高中
jaws of death,,,鬼门关，死神,人教高中
Greenland,'grinlənd,,格林兰（位于北美洲东北部，世界第一大岛）,人教高中
Shetland Islands,,,设得兰群岛（位于英国苏格兰北部）,人教高中
the Faroe Islands,,,法罗群岛（位于丹麦北大西洋）,人教高中
roar,rɔr,,v.咆哮；〔车辆〕轰鸣着疾驶,人教高中
background,,,n.背景；后台,人教高中
associate,ə'soʃɪet,,v.使发生关系，使联合；结交,人教高中
associate with,,,与……联系,人教高中
Perth,pɜrθ,,珀思（澳大利亚西南部港口城市）,人教高中
Kakadu,,,卡卡杜湾,人教高中
Canberra,'kænbərə,,堪培拉（澳大利亚首都）,人教高中
Uluru,'u:ləru:,,乌卢鲁，埃尔斯岩（Ayres Rock）的土著名,人教高中
barrier,'bærɪɚ,,n.障碍物，栅栏；屏障,人教高中
Great Barrier Reef,,,大堡礁,人教高中
brochure,bro'ʃʊr,,n.（介绍或宣传用的）小册子,人教高中
Commonwealth,'kɑmən'wɛlθ,,n.联邦,人教高中
Kosciuszko,,,科西阿斯科山（位于澳大利亚东南部）,人教高中
Oceania,",oʃɪ'ænɪə",,n.大洋洲,人教高中
adequate,ˈædɪkwət,,a.适当的，足够的,人教高中
Melbourne,'mɛlbən,,墨尔本（澳大利亚东南部港市，维多利亚州首府）,人教高中
ecology,ɪ'kɑlədʒi,,n.生态学,人教高中
autonomous,ɔ'tɑnəməs,,a.自治的,人教高中
federal,'fɛdərəl,,a.联邦的，联合的，联邦制的,人教高中
defence,di'fens,,n.防卫；辩护,人教高中
policy,'pɑləsi,,n.政策，方针,人教高中
tax,tæks,,n.税，税款,人教高中
taxation,tæk'seʃən,,n.征税；税款,人教高中
nation,'neʃən,,n.国家；民族,人教高中
citizen,'sɪtɪzn,,公民，市民,人教高中
citizenship,'sɪtɪzənʃɪp,,n.公民身份，公民的职责和权力,人教高中
celebration,",sɛlɪ'breʃən",,n.庆典,人教高中
birthplace,'bɝθ'ples,,n.诞生地,人教高中
tolerate,'tɑləret,,v.忍受，容忍,人教高中
tolerance,'tɑlərəns,,n.宽容，忍受,人教高中
migrant,'maɪɡrənt,,n.移居者，移民；候鸟,人教高中
homeland,'homlænd,,n.祖国，本国,人教高中
via,"ˈvaɪə, ˈviə",,prep.经由，经；通过,人教高中
Adelaide,'ædəleid,,阿德莱德（澳大利亚东南部港市，南澳大利亚前首府）,人教高中
superb,/suːˈpɜːrb/,,a.卓越的，杰出的，极好的,人教高中
Nullarbor,,,纳拉伯平原（位于澳大利亚西南部，火箭制造基地和试验场）,人教高中
rust,rʌst,,n.铁锈,人教高中
rusty,'rʌsti,,a.生锈的,人教高中
tropical,'trɑpɪkl,,a.热带的,人教高中
splendour,ˈsplɛndɚ,,n.壮观，杰出，壮丽,人教高中
timetable,'taɪm'tebl,,n.时间表，时刻表,人教高中
heritage,'hɛrɪtɪdʒ,,n.遗产，继承物,人教高中
aboriginal,",æbə'rɪdʒənl",,a.土著的，土生的 n.澳大利亚的土著居民,人教高中
out of respect,,,出于尊敬,人教高中
fortnight,'fɔrtnaɪt,,n.两个星期,人教高中
reservation,",rɛzɚ'veʃən",,n.保留，预定,人教高中
Hobart,'həuba:t,,奥巴特（澳大利亚塔斯马尼亚岛东南岸港市）,人教高中
highway,'haɪwe,,n.公路，大路，（美）高速公路,人教高中
cradle,'kredl,,n.摇篮；发源地,人教高中
rainfall,'ren'fɔl,,n.降雨，降雨量,人教高中
agriculture,'æɡrɪkʌltʃɚ,,n.农业，农学,人教高中
sow,so,,v.播种；传播,人教高中
bachelor,'bætʃəlɚ,,n.单身汉；（文理）学士,人教高中
correspond,",kɔrə'spɑnd",,v.符合；通信,人教高中
correspond with,,,与……通信,人教高中
owe,o,,v.欠（债等）；感激,人教高中
owe to,,,把……归功于,人教高中
enclosure,ɪn'kloʒɚ,,"n.围地,（用于特定目的的）围场",人教高中
authority,ə'θɔrəti,,n.权力，权威；当局,人教高中
desperate,'dɛspərət,,a.不顾一切的，绝望的,人教高中
shrink,ʃrɪŋk,,v.收缩，（使）皱缩，缩短,人教高中
barbecue,'bɑrbɪkju,,n.烧烤野餐；金属烤架,人教高中
talk… into…,,,说服某人做某事,人教高中
wind,wɪnd; (for v.) waɪnd,,v.绕，缠,人教高中
limb,lɪm,,n.肢，翼；（树的）大枝，主枝,人教高中
venom,'vɛnəm,,n.恶意，怨恨；毒液,人教高中
venomous,'vɛnəməs,,a.有毒的，分泌毒液的,人教高中
anti-venom,,,n.抗毒,人教高中
paralyze,"'pærə,laɪz",,v.使瘫痪，使麻痹,人教高中
sickness,'sɪknəs,,n.疾病；恶心,人教高中
recover,rɪ'kʌvɚ,,v.痊愈；复原,人教高中
funnel,'fʌnl,,n.漏斗,人教高中
funnelweb spider,,,n.漏斗网蜘蛛,人教高中
snatch,,,v.抢走,人教高中
amongst,ə'mʌŋst,,prep.在……中间，在……之中,人教高中
vinegar,'vɪnɪɡɚ,,n.醋,人教高中
unconscious,ʌn'kɑnʃəs,,a.不省人事的，未发觉的；无意识的,人教高中
pollinate,'pɑlənet,,v.对……授粉,人教高中
pollinator,'pɑlɪnetɚ,,n.虫媒,人教高中
courtyard,'kɔrtjɑrd,,n.庭院，院子，天井,人教高中
balcony,'bælkənɪ,,n.阳台，包厢,人教高中
exotic,ɪɡ'zɑtɪk,,a.异国情调的，外来的，奇异的,人教高中
date back to,,,追述到，远在……年代,人教高中
distant,'dɪstənt,,a.远的，远处的,人教高中
Egypt,'idʒɪpt,,n.埃及,人教高中
goods,ɡʊdz,,n.货物,人教高中
scale,skel,,n.磅秤，天平盘,人教高中
conflict,'kɑnflɪkt,,n.冲突；斗争,人教高中
missionary,'mɪʃənɛri,,n.传教士 a.教会的，传教的,人教高中
d’Incaville,,,汤执中（法）,人教高中
Joseph,"ˈdʒozəf, -səf",,约瑟夫,人教高中
endeavour,,,n.尽力，竭力,人教高中
anchor,'æŋkɚ,,n.锚 v.抛锚，锚定,人教高中
Nathaniel Ward,,,纳撒尼尔.沃德,人教高中
tight,taɪt,,a.紧的；紧密的,人教高中
seal,sil,,v.封闭，密封,人教高中
container,kən'tenɚ,,n.容器,人教高中
Wardian case,,,沃德箱（培育蕨类植物等的玻璃容器）,人教高中
restriction,rɪ'strɪkʃən,,n.限制，约束,人教高中
fluency,'fluənsi,,n.流利，流畅,人教高中
shave,ʃev,,v.剃，刮,人教高中
thunderstorm,'θʌndɚstɔrm,,n.雷雨，暴雷,人教高中
pirate,'paɪrət,,n.海盗,人教高中
Father Farges,,,法尔热神父（法）,人教高中
appeal,ə'pil,,n.吸引力；呼吁,人教高中
appeal to,,,（对某人）有吸引力,人教高中
dove,dʌv; dov,,n.鸽子,人教高中
botanist,'bɑtənɪst,,n.植物学家,人教高中
chrysanthemum,krɪ'sænθəməm,,n.菊花,人教高中
red date,,,红枣,人教高中
lower,'loɚ,,v.降低，跌落，减弱,人教高中
beard,bɪrd,,n.胡须,人教高中
ripe,raɪp,,a.熟的，成熟的,人教高中
irrigation,ˌɪrɪˈɡeʃn,,n.灌溉,人教高中
weed,wid,,n.野草，杂草,人教高中
spear,spɪr,,n.矛，标枪,人教高中
string,strɪŋ,,n.线，细绳；一串,人教高中
spade,sped,,n.铲，铁锹,人教高中
postpone,po'spon,,v.延迟，推迟,人教高中
pyramid,'pɪrəmɪd,,n.金字塔,人教高中
monument,'mɑnjumənt,,n.纪念碑,人教高中
pitcher plant,,,n.猪笼草,人教高中
Raffesia arnoldii,,,n.大王花,人教高中
rot,rɑt,,v.腐烂，腐败,人教高中
evolve,ɪ'vɑlv,,v.进化，发展，进展,人教高中
evolution,ˌɛvəˈluʃən; (occas.) ˌ ivəˈluʃən,,n.进化；演变,人教高中
nectar,'nɛktɚ,,n.花蜜,人教高中
attach,ə'tætʃ,,v.缚上，系上，附加,人教高中
wasp,wɑsp,,n.黄蜂,人教高中
beetle,,,n.甲虫,人教高中
bat,bæt,,n.蝙蝠,人教高中
moth,mɔθ,,n.蛾,人教高中
humming-bird,,,n.蜂鸟,人教高中
typical,'tɪpɪkl,,a.典型的，有代表性的,人教高中
petal,'pɛtl,,n.花瓣,人教高中
tube,tub,,n.管，管子,人教高中
delicate,ˈdɛlɪkɪt,,a.微妙的；精巧的；脆弱的,人教高中
fragrant,'fregrənt,,a.芬芳的，香的,人教高中
daisy,'dezi,,n.雏菊,人教高中
odour,'əudə,,n.气味，臭味,人教高中
odourless,ˈodɚlɪs,,a.没有气味的，无嗅的,人教高中
give out,,,发出（气味，热等）；分发,人教高中
dull,dʌl,,a.不鲜明的，阴暗的,人教高中
musty,'mʌsti,,a.发霉的，有霉味的,人教高中
fruity,'fruti,,a.果味的，（酒）有葡萄味的,人教高中
billboard,'bɪlbɔrd,,n.（US）（户外）布告板，广告牌,人教高中
casual,'kæʒʊəl,,a.偶然的；随意的；临时的,人教高中
garment,'gɑrmənt,,n.衣服，外衣,人教高中
turn… into,,,（使）变成,人教高中
advertiser,'ædvɚtaɪzɚ,,n.登广告者，广告客户,人教高中
advert,ædˈvɚt,,n.广告,人教高中
inform,ɪn'fɔrm,,v.通知,人教高中
association,"ə,soʃɪ'eʃən",,n.协会；联系；关系,人教高中
target,'tɑrɡɪt,,n.目标；对象；靶子,人教高中
fit into,,,适合,人教高中
basis,'besɪs,,n.基础，根据,人教高中
technique,tɛk'nik,,n.技术，技巧,人教高中
lane,len,,n.车道，行车线,人教高中
feature,'fitʃɚ,,n.特征，特色；容貌；特写 v.以……为特色,人教高中
conscience,ˈkɑːnʃəns,,n.良心，道德心,人教高中
worthy,wɜði,,a.可敬的,人教高中
corporation,",kɔrpə'reʃən",,n.公司；法人，法人团体,人教高中
budget,'bʌdʒɪt,,n.预算,人教高中
expense,ɪk'spɛns,,n.费用，代价,人教高中
broadcast,'brɔdkæst,,n.广播，播音 v.广播，播放，播送,人教高中
rely,rɪ'laɪ,,v.依赖，信赖,人教高中
rely on,,,依赖，依靠,人教高中
visual,'vɪʒʊəl,,a.看的，视觉的,人教高中
generate,'dʒɛnəret,,v.发生，产生,人教高中
response,rɪ'spɑns,,n.反应，响应；回答,人教高中
stereo,,,n.立体声，立体声器材,人教高中
have no use for,,,不需要；讨厌，对……不耐烦，厌恶,人教高中
refresh,ri'frɛʃ,,n.使（精神）振奋，使恢复；更新,人教高中
partly,'pɑrtli,,ad.部分，一定程度上,人教高中
murder,'mɝdɚ,,v.谋杀,人教高中
suitcase,'sutkes,,n.手提箱，衣箱,人教高中
sheet,ʃit,,n.片，张；被单；薄片,人教高中
actress,'æktrɪs,,n.女演员,人教高中
typist,'taɪpɪst,,n.打字员,人教高中
spokesman,,,n.发言人,人教高中
fluent,'fluənt,,a.流利的，流畅的,人教高中
hostess,'hostəs,,n.女主人,人教高中
invitation,ˌɪnvɪˈteɪʃn,,n.邀请,人教高中
appoint,ə'pɔɪnt,,v.约定，约定；任命,人教高中
chairman,'tʃɛrmən,,n.主席,人教高中
raise,rez,,v.提高；筹集；饲养,人教高中
dial,'daɪəl,,v.拨号,人教高中
operator,'ɑpəretɚ,,n.操作员，接线员,人教高中
litre,'li:tə,,n.升,人教高中
mature,mə'tʃʊr,,a.成熟的；到期的,人教高中
fashion,'fæʃən,,n.流行，时尚；样式,人教高中
misleading,",mɪs'lidɪŋ",,a.易误解的，令人误解的,人教高中
disonest,,,a.不诚实的,人教高中
alcoholic,",ælkə'hɔlɪk",,n.酗酒者，酒鬼 a.酒精的，含酒精的,人教高中
tobacco,tə'bæko,,n.烟草，烟草制品,人教高中
ban,bæn,,n.禁令 v.禁止，取缔,人教高中
promote,prə'mot,,vt.促进；提升,人教高中
immoral,ɪ'mɔrəl,,a.不道德的，邪恶的,人教高中
decent,'disnt,,a.正派的，得体的；适当的,人教高中
ethics,‘ɛθɪks,,n.道德规范；伦理学,人教高中
ethical,'ɛθɪkl,,a.合乎道德的，道德的,人教高中
offending,ə'fendiŋ,,a.令人不愉快的，伤害人的感情的,人教高中
beware,bɪ'wɛr,,v.小心，谨防,人教高中
consumer,kən'sumɚ,,n.消费者，顾客,人教高中
trustworthy,'trʌstwɝði,,a.可信赖的，可靠的,人教高中
venture,'vɛntʃɚ,,n.（有风险的）商业、企业 v.冒险，敢于去,人教高中
web,wɛb,,n.（蜘蛛等的）网,人教高中
Scottish,'skɔtiʃ,,a.苏格兰的，苏格兰人的，苏格兰英语的,人教高中
suffering,'sʌfərɪŋ,,n.苦处，难受，苦难,人教高中
gall-bladder,,,n.胆囊,人教高中
strengthen,'strɛŋθn,,n.加强，巩固,人教高中
Perce Blackborrow,,,珀斯.布莱克鲍罗,人教高中
Sir Ernest Shackleton,,,欧内斯特.沙克尔顿爵士,人教高中
endurance,ɪn'dʊrəns,,n.忍耐，持久，耐（性）,人教高中
hut,hʌt,,n.小屋，棚屋,人教高中
stove,stov,,n.炉子,人教高中
unbearable,ʌn'bɛrəbl,,a.无法忍受的，承受不住的,人教高中
cosy,ˈkozi,,a.舒适的，安逸的,人教高中
block out,,,封闭,人教高中
breathless,'brɛθləs,,a.喘不过气来的,人教高中
rotten,'rɑtn,,a.腐烂的，变质的,人教高中
blacken,'blækən,,v.使变黑,人教高中
circumstance,ˈsɝ​kəmˌstəns,,n.客观环境；详情；境况,人教高中
blast,blæst,,n.一阵（风），一股（气流）,人教高中
hoarse,hɔrs,,a.嘶哑的,人教高中
bless,blɛs,,v.祝福，保佑,人教高中
selfish,'sɛlfɪʃ,,a.自私的,人教高中
Tom Orde-Lees,,,汤姆.奥德.利兹,人教高中
hook,hʊk,,n.钩，吊钩 v.迷上；勾住,人教高中
aboard,ə'bɔrd,,ad.在船（飞机，车上）上，上船（飞机，车等）,人教高中
seasickness,"'si,sɪknɪs",,n.晕船,人教高中
anyhow,'ɛnɪ'haʊ,,ad.无论如何,人教高中
steward,'stuɚd,,n.（轮船，飞机等）乘务员，膳务员,人教高中
crush,krʌʃ,,v.碾碎，粉碎，（使）变形,人教高中
mourn,mɔrn,,v.哀伤，忧伤,人教高中
urgent,'ɝdʒənt,,a.急迫的，紧急的,人教高中
bedding,'bɛdɪŋ,,n.被褥；（家畜）草垫,人教高中
Hussey,,,赫西,人教高中
banjo,'bændʒo,,n.班卓琴，五弦琴,人教高中
vital,'vaɪtl,,a.重要的；生死攸关的,人教高中
cheerful,'tʃɪrfl,,a.愉快的，高兴的,人教高中
persevere,",pɝsə'vɪr",,vt.坚持,人教高中
perseverance,",pɝsə'vɪrəns",,n.坚持不懈,人教高中
faith,feθ,,n.信任，信念，信仰，忠实,人教高中
give way to,,,让路，让步,人教高中
framework,'fremwɝk,,n.框架；结构,人教高中
rank,ræŋk,,n.等级，军衔，军阶,人教高中
morale,mə'ræl,,n.士气，精神状态,人教高中
select,sə'lɛkt,,n.选择，挑选,人教高中
booming,'bʊmɪŋ,,n.发隆声的,人教高中
swear,swɛr,,v.宣誓，发誓,人教高中
advocate,ˈædvəkeɪt；-et,,v.支持，拥护，提倡,人教高中
freezing,'frizɪŋ,,a.冰冻的，严寒的,人教高中
stool,stʊl,,n.凳子；大便,人教高中
gratitude,'ɡrætɪtud,,n.感激，感恩,人教高中
punishment,'pʌnɪʃmənt,,n.惩罚，惩处,人教高中
loyal,'lɔɪəl,,a.忠实的，忠诚的,人教高中
tactful,'tæktfl,,a.机智的，圆滑的，言行得体的,人教高中
Frank Worsley,,,弗兰克.沃斯利,人教高中
odd,ɑd,,a.古怪的；奇数的，单数的,人教高中
stout,staʊt,,a.结实的；矮胖的；顽强的,人教高中
Hubert Hudson,,,休伯特.哈德逊,人教高中
optimism,'ɑptɪmɪzəm,,n.乐观，乐观主义,人教高中
delay,dɪ'le,,v.耽搁，延迟 n.耽误，延迟,人教高中
discourage,dɪs'kɝɪdʒ,,v.使……气馁,人教高中
dynamic,daɪ'næmɪk,,a.动力的，经历充沛的，有活力的,人教高中
regular,'rɛgjəlɚ,,a.规则的，定期的，常规的,人教高中
grasp,ɡræsp,,v.抓住，抓紧；掌握,人教高中
give off,,,发出（蒸汽，光等）,人教高中
Lionel Greenstreet,,,莱昂内尔.格林斯特里特,人教高中
bored,bɔrd,,a.无聊的，无聊的，烦人的,人教高中
liver,'lɪvɚ,,n.肝脏,人教高中
chef,ʃɛf,,n.厨师，主厨,人教高中
changeable,'tʃendʒəbl,,a.可改变的,人教高中
caution,'kɔʃən,,n.小心，谨慎，警告,人教高中
sun-blindness,,,n.日盲症，（因阳光强烈导致的暂时）失明,人教高中
admirable,'ædmərəbl,,a.令人钦佩的，绝妙的，极好的,人教高中
commitment,,,n.许诺，委托事项，承担义务,人教高中
proverb,'prɑvɝb,,n.谚语,人教高中
King Lear,,,李尔王,人教高中
respectful,rɪ'spɛktfəl,,a.尊敬的，恭敬的,人教高中
disrespectful,"disri,spektful",,a.失礼的，无礼的,人教高中
disrespectfully,",disri'spektfəli",,ad.失礼地，无理地,人教高中
emperor,'ɛmpərɚ,,n.皇帝，君主,人教高中
shorten,'ʃɔrtn,,v.缩短，使变短,人教高中
modernize,mɑdɚnˌaɪz,,vt.使现代化,人教高中
throne,θron,,n.王座，王位,人教高中
Regan,'ri:gən,,里根,人教高中
Goneril,'ɡɔnəril,,贡纳莉,人教高中
Cordelia,kɔ:'di:ljə,,科迪莉亚,人教高中
duke,dʊk,,n.公爵,人教高中
Albany,'ɔ:bəni,,奥尔巴尼,人教高中
Cornwall,'kɔ:nwɔ:l,,康沃尔,人教高中
Kent,kent,,n.肯特,人教高中
burden,'bɝdn,,n.负担，担子,人教高中
hand over,"'hænd,əuvə(r)",,移交（权力、责任）,人教高中
responsibility,rɪˌspɑːnsəˈbɪləti,,n.责任，职责,人教高中
boundary,'baʊndri,,n.边界，分界线,人教高中
allocate,'æləket,,v.分派，分配,人教高中
whichever,wɪtʃ'ɛvɚ,,pron.无论哪一个，任何,人教高中
darling,'dɑrlɪŋ,,n.心爱的人 a.亲爱的，可爱的,人教高中
adore,ə'dɔr,,v.爱慕；喜爱,人教高中
pray,pre,,v.祈祷；恳求，请,人教高中
care for,,,关怀，照顾,人教高中
majesty,'mædʒəsti,,n.最高权威，王权；雄伟,人教高中
lord,lɔrd,,n.封建领主，地主，统治者；（宗）上帝,人教高中
bridegroom,'braɪdɡrum,,n.新郎,人教高中
distribute,dɪ'strɪbjut,,vt.分发，分配,人教高中
troop,trʊp,,n.(pl)军队；英文释义：〔集结在一起活动的〕一群人[动物],人教高中
contradict,'kɑntrə'dɪkt,,v.同……矛盾或抵触；反驳,人教高中
hear out,,,听某人把话说完,人教高中
on behalf of,,,代表……,人教高中
flattery,'flætəri,,n.奉承，恭维话,人教高中
flatter,'flætɚ,,v.过分夸赞，奉承，恭维,人教高中
beyond question,,,无可争辩，毫无疑问,人教高中
speak out,,,大胆地说，大声地说,人教高中
friction,'frɪkʃən,,n.矛盾，冲突；摩擦,人教高中
forecast,'fɔrkæst,,v.预报，预测 n.预测，预报,人教高中
oppose,ə'poz,,v.反对，反抗，抵制,人教高中
pack up,,,把……打包，整理,人教高中
frontier,frʌn'tɪr,,n.国界，边疆，边境,人教高中
give away,,,赠送；泄露,人教高中
fond,fɑnd,,a.喜爱的；慈爱的，宠爱的，溺爱的,人教高中
be fond of,,,喜爱，爱好,人教高中
deceitful,dɪ'sitfl,,a.欺诈的，不诚实的,人教高中
corrupt,kə'rʌpt,,a.腐败的，贪污的；堕落的,人教高中
greedy,'gridi,,a.贪婪的,人教高中
greed,ɡrid,,n.贪婪,人教高中
innocent,'ɪnəsnt,,a.天真的，无罪的，清白的,人教高中
cunning,'kʌnɪŋ,,a.善于骗人的，狡猾的,人教高中
strorage,,,n.贮藏，存储，储藏室,人教高中
author,'ɔθɚ,,n.作家,人教高中
sacrifice,'sækrɪfaɪs,,n.牺牲；献身，祭品,人教高中
Stratford-on-Avon,,,埃文河畔斯特拉特福镇（莎翁故乡）,人教高中
Latin,'lætn,,n.拉丁文，拉丁语 a.拉丁文的，拉丁语的,人教高中
make a name,,,出名,人教高中
allergic,ə'lɝdʒɪk,,a.过敏的,人教高中
sneeze,sniz,,n.喷嚏 vi.打喷嚏,人教高中
armchair,'ɑrmtʃɛr,,n.手扶椅，（单座）沙发,人教高中
confirm,kən'fɝm,,v.确定,人教高中
rewind,",ri'waɪnd",,v.重绕，倒回,人教高中
cash,kæʃ,,n.现金 v.兑现,人教高中
cheque,tʃɛk,,n.支票,人教高中
signature,'sɪgnətʃɚ,,n.签名，署名,人教高中
terminal,tɝ​mənl,,n.终点站，航空集散站,人教高中
vacant,'vekənt,,a.空的，空缺的,人教高中
dusty,'dʌsti,,a.满是灰尘的，积满灰尘的,人教高中
Burgundy,'bɝɡəndi,,勃艮第,人教高中
respond,rɪ'spɑnd,,v.响应，做出反应；回答,人教高中
Oswald,'ɔzwəld,,奥斯瓦尔德,人教高中
staff,stæf,,n.职工，员工,人教高中
Caius,,,凯厄斯,人教高中
suspect,sʌspɛkt; (for v.) səˈspɛkt,,v.怀疑,人教高中
insult,ɪn'sʌlt,,n.侮辱，凌辱,人教高中
scold,skold,,v.责骂，斥责,人教高中
drunken,'drʌŋkən,,a.醉的，喝醉的,人教高中
scratch,skrætʃ,,n.抓痕，刮痕,人教高中
baggage,'bæɡɪdʒ,,n.行李,人教高中
demand,dɪ'mænd,,v.要求，需要,人教高中
prop,prɒb,,n.（小）道具,人教高中
civil,'sɪvl,,a.公民的，国民的,人教高中
trolleybus,,,n.无轨电车,人教高中
register,'rɛdʒɪstɚ,,n.登记簿 v.登记，注册,人教高中
Maryann Jines,,,玛丽安.琼斯,人教高中
Montgommery,,,蒙哥马利（城市名）,人教高中
Martin Luther King Jr.,,,马丁.路德.金,人教高中
boycott,'bɔɪkɑt,,n.抵制，排斥,人教高中
prohibit,prə'hɪbɪt,,v.禁止，阻止,人教高中
offence,ə'fɛns,,n.违法行为；冒犯,人教高中
unjust,'ʌn'dʒʌst,,a.不公平的，不公正的,人教高中
separation,",sɛpə'reʃən",,n.分离，分开,人教高中
tradition,trə'dɪʃən,,n.传统,人教高中
submit,səb'mɪt,,v.服从，顺从,人教高中
unwilling,ʌn'wɪlɪŋ,,a.不愿意的；勉强的,人教高中
seize,siz,,v.抓取；逮住；夺取,人教高中
seize on,,,抓住,人教高中
collision,kə'lɪʒən,,n.碰撞，冲突,人教高中
collision course,,,冲突（的前进或者行动）,人教高中
hopeful,'hopfl,,a.怀有希望的，有希望的,人教高中
negotiate,nɪ'ɡoʃɪet,,v.商议，谈判，磋商,人教高中
chaos,'keɑs,,n.混乱,人教高中
Serena,sə'reinə,,赛丽娜,人教高中
sandal,'sændl,,n.凉鞋,人教高中
punctual,'pʌŋtʃʊəl,,a.守时的，准时的,人教高中
coincidence,ko'ɪnsɪdəns,,n.巧合,人教高中
pedestrian,pə'dɛstrɪən,,n.步行者,人教高中
march,mɑrtʃ,,v.行军，前进,人教高中
pavement,'pevmənt,,n.人行道；路面,人教高中
salute,sə'lut,,v.行礼致敬，敬礼,人教高中
abuse,ə'bjus,,n.虐待；滥用；辱骂 v.虐待；滥用；辱骂,人教高中
hostility,hɑ'stɪləti,,n.敌意，恶意,人教高中
resolve,rɪ'zɑlv,,n.决心 v.决定,人教高中
prayer,prɛr,,n.祈祷,人教高中
bomb,bɑm,,n.炸弹 v.投弹，轰炸,人教高中
supreme,suˈprim,,a.最高的，极度的,人教高中
nationwide,",neʃn'waɪd",,a.全国性的，全国的,人教高中
constitution,'kɑnstə'tʊʃən,,n.宪法,人教高中
constitutional,",kɑnstə'tuʃənl",,a.宪法的,人教高中
fundamental,,,a.基础的，基本的,人教高中
battle,'bætl,,n.战争，战役,人教高中
happiness,'hæpɪnəs,,n.幸福，快乐,人教高中
liberty,'lɪbɚti,,n.自由,人教高中
skim,skɪm,,v.浏览；轻轻掠过,人教高中
evident,'ɛvɪdənt,,a.明显的，显然的,人教高中
self-evident,'self'evidənt,,a.不证自明的，不言而喻的,人教高中
brief,brif,,a.简短的，短暂的,人教高中
discrimination,"dɪ,skrɪmɪ'neʃən",,n.歧视,人教高中
philosophy,fə'lɑsəfi,,n.哲学，人生观,人教高中
Scout,skaʊt,,斯考特,人教高中
Atticus,,,阿提斯库,人教高中
Jem,,,杰姆,人教高中
Arthur,ˈɑːθə,,亚瑟,人教高中
commit,kə'mɪt,,v.犯罪，做（不合法的或错事）,人教高中
Walter Cunningham,,,沃尔特.坎宁安,人教高中
Caroline,"'kærə,laɪn",,卡罗琳,人教高中
live out,,,实践,人教高中
creed,krid,,n.信条,人教高中
brotherhood,'brʌðɚhʊd,,n.手足情意；兄弟关系,人教高中
oasis,o'esɪs,,n.（沙漠中）绿洲；舒适的地方,人教高中
Alabama,",ælə'bæmə",,阿拉巴马州（美国的一个州）,人教高中
symphony,'sɪmfəni,,n.交响乐，交响曲,人教高中
Jew,dʒu:,,n.犹太人,人教高中
Gentile,,,n.非犹太人，异教徒,人教高中
Protestant,'prɑtɪstənt,,n.新教徒,人教高中
Catholic,kæθəlɪk,,n.天主教徒,人教高中
Negro,'nigro,,n.[过时的]黑人,人教高中
almighty,ɔl'maɪti,,a.全能的，有无限权力的,人教高中
quotation,kwo'teʃən,,n.引语，引文，语录；引用,人教高中
metaphor,'mɛtəfɚ,,n.隐喻，暗喻,人教高中
simile,'sɪməli,,n.明喻,人教高中
Ewell,,,尤厄尔,人教高中
Mayella,,,梅耶拉,人教高中
dominate,'dɑmɪnet,,v.支配，占优势,人教高中
efficient,ɪ'fɪʃnt,,a.有效率的，效率高的,人教高中
efficiently,ɪ'fɪʃəntli,,ad.有效率地，效率高地,人教高中
centigrade,'sɛntɪɡred,,n.摄氏温度,人教高中
diameter,daɪ'æmɪtɚ,,n.直径,人教高中
recipe,'rɛsəpi,,n.菜谱,人教高中
booklet,'bʊklət,,n.小册子,人教高中
endeavour,ɪndɛvəʳ,,n.尽力，竭力,人教高中
competent,'kɑmpɪtənt,,a.有能力的，能胜任的,人教高中
up to,,,取决于,人教高中
caption,'kæpʃən,,n.标题，说明，字幕,人教高中
digest,daɪ'dʒɛst,,v.消化,人教高中
beneath,bɪˈniːθ,,prep.在……之下,人教高中
adopt,ə'dɑpt,,v.收养；采纳,人教高中
preview,'pri'vjʊ,,v.预习，事先查看,人教高中
frequent,'frikwənt,,a.时常发生的，经常的,人教高中
in detail,,,详细地,人教高中
manual,'mænjuəl,,n.手册，指南,人教高中
New Zealand,,,n.新西兰,人教高中
assess,ə'sɛs,,v.评定，评估,人教高中
consult,kən'sʌlt,,v.请教，咨询,人教高中
underneath,",ʌndɚ'niθ",,ad.在……的下面，在下面,人教高中
shabby,ˈʃæbi,,a.破旧的；衣衫褴褛的,人教高中
rainbow,'renbo,,n.彩虹,人教高中
brewery,'bruəri,,n.酿酒厂，啤酒厂,人教高中
acute,ə'kjut,,a.敏锐的,人教高中
bent,bɛnt,,a.弯曲的,人教高中
cab,kæb,,n.出租车，计程车,人教高中
currency,ˈkɜrənsi,,n.货币，通货,人教高中
lotus,'lotəs,,n.荷花，莲花，睡莲,人教高中
cuisine,kwɪ'zin,,n.烹饪（法）,人教高中
educator,,,n.教育家,人教高中
seminar,'sɛmɪnɑr,,n.研讨会，讨论发言会,人教高中
acquisition,",ækwɪ'zɪʃən",,n.获得，习得,人教高中
ballet,bæ'le,,n.芭蕾舞,人教高中
album,'ælbəm,,n.（收集相片、邮票等的）薄、册，唱片集,人教高中
resemble,rɪ'zɛmbl,,v.像，类似,人教高中
cassette,kə'sɛt,,n.盒式磁带,人教高中
tend,tɛnd,,v.倾向,人教高中
tend to,,,易于，往往会,人教高中
tend to do sth,,,易于做某事，往往会做某事,人教高中
messy,'mɛsi,,a.脏乱的，凌乱的，杂乱的,人教高中
tiresome,'taɪɚsəm,,a.令人厌烦的，烦人的,人教高中
vague,veɡ,,a.含糊的，不清楚的,人教高中
bonus,'bonəs,,n.奖金，红利，津贴,人教高中
auditory,'ɔdətɔri,,a.听的，听觉的,人教高中
tactile,'tæktl,,a.触觉的，可感触的，触觉型的,人教高中
oral,'ɔrəl,,a.口头的，口述的,人教高中
component,kəm'ponənt,,n.成分，组成部分,人教高中
concrete,'kɑŋkrit,,a.具体的，有形的,人教高中
literary,lɪtərɛri,,a.文学的,人教高中
genre,'ʒɑnrə,,n.（文学作品的）类型，载体,人教高中
recount,rɪ'kaʊnt,,n.重新计算选票 v.叙述,人教高中
Agnes Grey,,,艾格妮斯.格雷（人名，书名）,人教高中
Jane Austin,,,简.奥斯丁,人教高中
Charlotte Bronte,,,夏洛蒂.勃朗特,人教高中
Tess of d’Urbevilles,,,德伯家的苔丝（书名）,人教高中
prejudice,'prɛdʒədɪs,,n.偏见，成见,人教高中
Wuthering Heights,,,呼啸山庄（书名）,人教高中
Margaret Mitchell,,,玛格丽特.米切尔,人教高中
Rudyard Kipling,,,拉迪亚德.吉普林,人教高中
consensus,kən'sɛnsəs,,n.共识，共同意见,人教高中
equality,ɪ'kwɑləti,,n.等同，平等,人教高中
in force,,,已生效；在实施中,人教高中
twist,twɪst,,n.扭曲，歪曲,人教高中
contradiction,",kɑntrə'dɪkʃən",,n.反驳，矛盾,人教高中
get round,,,顺利应付；克服，说服某人同意原先反对的事,人教高中
George Eliot,,,乔治.艾略特,人教高中
limitation,",lɪmɪ'teʃən",,n.限制，局限性,人教高中
heroine,,,n.女英雄；女主人公,人教高中
obstacle,'ɑbstəkl,,n.障碍，阻碍,人教高中
ironic,aɪ'rɑnɪk,,a.具有讽刺意味的，讽刺的,人教高中
hopeless,ˈhoʊpləs,,a.没有希望的，绝望的,人教高中
under the name of,,,用…… 的名字，在…… 的名字下,人教高中
sceptical,'skeptikəl,,a.怀疑性的，持怀疑态度的,人教高中
see through,,,看破，识破,人教高中
deception,dɪ'sɛpʃən,,n.欺骗，诡计,人教高中
approval,əˈpruvl,,n.赞成，承认,人教高中
explicit,ɪk'splɪsɪt,,a.直率的，明确的，清楚的,人教高中
struggle against,,,与……作斗争,人教高中
outspoken,aʊt'spokən,,a.坦率直言的,人教高中
growth,ɡroθ,,n.成长，生长,人教高中
childhood,'tʃaɪldhʊd,,n.孩童时期，童年,人教高中
hail,hel,,v.向……欢呼，打声招呼，呼喊,人教高中
revelation,'rɛvə'leʃən,,n.启示，揭示,人教高中
premier,prɪ'mɪr,,a.第一的，首要的,人教高中
ambiguous,æm'bɪɡjuəs,,a.含糊的，模糊的,人教高中
concession,kən'sɛʃən,,n.让步，让与某人之物,人教高中
stand out,,,杰出,人教高中
critic,'krɪtɪk,,n.批评家，评论家,人教高中
injustice,ɪn'dʒʌstɪs,,n.不公平，非正义,人教高中
possess,pə'zɛs,,v.拥有，占有,人教高中
sponsor,'spɑnsɚ,,n.发起人；担保人；赞助者,人教高中
eccentric,ɪk'sɛntrɪk,,a.古怪的,人教高中
Betsy Trotwood,,,贝特西.特洛特伍德,人教高中
generous,'dʒɛnərəs,,a.慷慨的，大方的,人教高中
merchant,'mɝtʃənt,,n.商人,人教高中
staight away,,,立即，马上,人教高中
warehouse,'wɛrhaʊs,,n.仓库，货栈,人教高中
bargain,ˈbɑrɡɪn,,n.便宜货,人教高中
burglar,'bɝɡlɚ,,n.窃贼,人教高中
sequence,'sikwəns,,n.顺序,人教高中
inspect,ɪn'spɛkt,,v.检查，视察,人教高中
bungalow,ˈbʌŋɡəˌlo,,n.平房,人教高中
chain,tʃen,,n.链条，锁链,人教高中
dangle,'dæŋɡl,,v.悬挂，摇摆，使晃动,人教高中
semicircle,'sɛmɪsɝkl,,n.半圆形,人教高中
squeak,skwik,,n.尖叫声，吱吱声 v.发出尖叫声,人教高中
pull oneself up,,,立起身来,人教高中
roof,ruf,,n.屋顶，房顶,人教高中
collar,'kɑlɚ,,n.衣领,人教高中
bench,bɛntʃ,,n.长椅子,人教高中
pine,paɪn,,n.松树,人教高中
claw,klɔ,,n.爪，脚爪,人教高中
squirrel,ˈskwɜ:rəl; skwɝ​əl,,n.松鼠,人教高中
romance,ro'mæns,,n.恋情；浪漫故事，浪漫史,人教高中
vain,ven,,a.虚荣的；徒劳的,人教高中
in vain,,,徒劳的,人教高中
signal,'sɪgnl,,n.信号,人教高中
discount,dɪs'kaʊnt,,v.不信任；减价 n.打折，折扣,人教高中
sensitive,'sɛnsətɪv,,a.敏感的,人教高中
decline,dɪ'klaɪn,,v.拒绝；衰退；下降,人教高中
arrogant,'ærəɡənt,,a.傲慢的，自大的,人教高中
at length,,,详细地；最后,人教高中
enquire,ɪn'kwaɪr,,v.询问,人教高中
against one’s will,,,违心地,人教高中
think ill of,,,对……评价不高,人教高中
do everything in one’s power to,,,竭尽全力去做某事,人教高中
rejoice,rɪ'dʒɔɪs,,v.欣喜，高兴，喜悦,人教高中
initial,ɪ'nɪʃəl,,a.最初的，初始的,人教高中
fault,fɔlt,,n.错，缺点,人教高中
hasty,'hesti,,a.匆忙的，慌忙的,人教高中
hastily,'hestɪli,,ad.匆忙地，慌忙地,人教高中
sensible,'sɛnsəbl,,a.有感觉的，明智的,人教高中
Auckland,ˈɔːklənd,,n.奥克兰（新西兰北岛西北岸港口城市）,人教高中
Maori,'mauri,,n.（新西兰的）毛利人，毛利语；毛利语,人教高中
kiwi,'kiwi,,n.几维鸟（新西兰产的一种无翼鸟）,人教高中
Stewart Island,,,斯图尔特岛（新西兰一岛屿）,人教高中
tectonic,tɛk'tɑnɪk,,a.地壳构造上的，起因于地壳运动的,人教高中
geological,dʒɪə'lɑdʒɪkl,,a.地质学的，地质的,人教高中
geology,dʒɪ'ɑlədʒi,,n.地质学,人教高中
plateau,plæ'to,,n.高原,人教高中
Alps,ælps,,n.阿尔卑斯山,人教高中
backbone,'bæk'bon,,n.脊椎，脊柱,人教高中
graze,ɡrez,,v.放牧，吃草,人教高中
strip,strɪp,,n.狭长的地域或水域,人教高中
Christchurch,'kraisttʃə:tʃ,,克莱斯特彻奇（新西兰南岛东岸港口城市）,人教高中
carve,kɑrv,,v.雕刻，切开,人教高中
paddle,'pædl,,v.用桨划（小船）,人教高中
uninhabited,",ʌnɪn'hæbɪtɪd",,a.无人居住的，杳无人迹的,人教高中
extinction,ɪk'stɪŋkʃən,,n.绝种，灭绝,人教高中
fern,fɝn,,n.蕨类植物,人教高中
scarce,skɛrs,,a.缺乏的，不足的,人教高中
warlike,'wɔrlaɪk,,a.好战的，尚武的，善战的,人教高中
tribe,traɪb,,n.部落，部族,人教高中
wipe out,,,清除，垮台,人教高中
take over,,,接管，接收,人教高中
fence,fɛns,,n.栅栏，篱笆，围墙,人教高中
immunity,ɪ'mjʊnəti,,n.免疫性,人教高中
immune,ɪ'mjʊn,,a.免疫的，免受（伤害）的,人教高中
Christianity,",kristi'ænəti",,n.基督教,人教高中
treaty,'triti,,n.条约，协议，协定,人教高中
representative,'rɛprɪ'zɛntətɪv,,n.代表,人教高中
owenrship,,,n.所有权，物主身份,人教高中
unrest,ʌn'rɛst,,n.不安的状态，动乱,人教高中
civilian,sə'vɪlɪən,,n.平民,人教高中
bungee jumping,,,蹦极跳,人教高中
fasten,'fæsən,,v.系牢，栓紧，使固定,人教高中
elastic,ɪ'læstɪk,,a.有弹性的,人教高中
suspension,sə'spɛnʃən,,n.悬架，减震装置；悬浮液,人教高中
appetite,'æpəˌtaɪt,,n.食欲，胃口,人教高中
buffet,bəˈfe; bʌfɪt,,n.自助餐,人教高中
pasta,'pɑstə,,n.意大利面食（包括通心粉及面条等）,人教高中
porter,'pɔrtɚ,,n.守门人；行李搬运工,人教高中
suite,sut; swit,,n.（宾馆中的）套房,人教高中
lounge,laʊndʒ,,n.休息室；起居室,人教高中
laundry,'lɔndri,,n.洗衣店,人教高中
helicopter,'hɛlɪkɑptɚ,,n.直升飞机,人教高中
brunch,brʌntʃ,,n.早午餐,人教高中
Napier,'neipiə,,内皮尔（新西兰北岛东岸港口城市）；纳皮尔（人名）,人教高中
Burma,'bə:mə,,n.缅甸,人教高中
Lake Taupo,,,陶波湖（新西兰最大湖）,人教高中
dairy,'dɛri,,n.牛奶场；乳品公司,人教高中
statistics,stə'tɪstɪks,,n.统计数据,人教高中
eco-friendly,"'i:kəu,frendli",,a.对生态环境友好的，不妨害生态环境的,人教高中
subtropical,",sʌb'trɑpɪkl",,a.亚热带的,人教高中
fiord,fjɔːd,,n.峡湾，海湾,人教高中
not to mention,,,不必提及，更不用说,人教高中
recreation,",rɛkrɪ'eʃən",,n.娱乐，消遣,人教高中
raft,ræft,,n.木筏，木排,人教高中
abseil,'æzaɪl,,n.（登山运动员）绕绳下降，悬绳滑锁,人教高中
get around,,,到处走动,人教高中
hemisphere,'hɛmɪsfɪr,,n.半球,人教高中
schedule,ˈskedʒʊl; skɛdʒʊl,,n.时间表，进度表,人教高中
extensive,ɪk'stɛnsɪv,,a.广阔的，大量的；广泛的,人教高中
flexible,'flɛksəbl,,a.灵活的，可通融的,人教高中
pace,pes,,n.速度；步调,人教高中
insurance,,,n.保险,人教高中
insure,ɪn'ʃʊr,,v.（常与 against 连用）保险，确保,人教高中
theft,θɛft,,n.盗窃,人教高中
handy,'hændi,,a.近便的，便利的，容易取得的,人教高中
consultant,kən'sʌltənt,,n.顾问，咨询者,人教高中
guidance,'gaɪdns,,n.指导，引导,人教高中
database,'detəbes,,n.数据库，基本数据，资料库,人教高中
cater,'ketɚ,,v.备办酒菜，承办酒席，提供食物（娱乐节目）,人教高中
cater for sb,,,为某人提供，迎合某人的需要,人教高中
cater for sth,,,迎合，考虑到,人教高中
enquiry,"ɛnˈkwaɪri, ˈɛnkwəri",,n.询问；探究,人教高中
extension,ɪk'stɛnʃən,,n.（电话）分机；延伸,人教高中
vertical,'vɝtɪkl,,a.垂直的,人教高中
axis,'æksɪs,,n.轴，轴线,人教高中
detect,dɪ'tɛkt,,v.侦查，探测，检定,人教高中
Bahmad,,,巴姆德（姓）,人教高中
jogger,'dʒɑɡɚ,,n.跑步锻炼的人，慢跑者,人教高中
forensic,fə'rɛnsɪk,,a.法庭科学取证的，法医的,人教高中
spray,spreɪ,,v.喷射，喷溅,人教高中
fingerprint,'fɪŋɡɚprɪnt,,n.指纹，手印,人教高中
stain,sten,,n.污点，污处,人教高中
wrap,ræp,,v.包，裹,人教高中
bind,baɪnd,,v.缚，绑,人教高中
torso,'tɔrso,,n.（人体的）躯干,人教高中
Dempsey,,,登普西（姓）,人教高中
surgeon,'sɝdʒən,,n.外科医生,人教高中
X-ray,'eksreɪ,,v.照 X 光，照 X 射线,人教高中
abnormal,æbˈnɔːrml,,a.不正常的，反常的，变态的,人教高中
Shipley,,,希普利（姓）,人教高中
emergency,ɪ'mɝdʒənsi,,n.紧急情况，紧急事件,人教高中
by law,,,根据法律,人教高中
jury,'dʒʊri,,n.陪审团，陪审委员会,人教高中
imprisonment,ɪm'prɪznmənt,,n.关押，监禁,人教高中
assessment,ə'sɛsmənt,,n.评估，评价,人教高中
widow,'wɪdo,,n.寡妇,人教高中
compensate,'kɑmpɛnset,,v.补偿，赔偿,人教高中
maximum,,,n&adj.最大量（的），最大限度（的），极大（的）,人教高中
motive,,,n.动机，目的,人教高中
savagely,'sævɪdʒli,,ad.野蛮地，残酷地,人教高中
ward,wɔrd,,n.病房,人教高中
lame,lem,,a.跛的，瘸的,人教高中
thriller,'θrɪlɚ,,n.惊险读物（电影）,人教高中
confidential,",kɑnfɪ'dɛnʃl",,a.机密的，秘密的,人教高中
ministry,'mɪnɪstri,,n.（政府的）部门,人教高中
funeral,'fjunərəl,,n.葬礼，丧礼,人教高中
memorial,məˈmɔrɪəl,,n.纪念碑；纪念物,人教高中
trend,trɛnd,,n.趋势，趋向,人教高中
unemployment,",ʌnɪm'plɔɪmənt",,n.失业，失业状态,人教高中
taxpayer,"'tæks,peiə",,n.纳税人,人教高中
import,'ɪmpɔt,,v.输入，进口，引进,人教高中
aluminium,",æljə'mɪnɪəm",,n.Al 铝,人教高中
surplus,'sɝpləs,,a.过剩的，剩余的 n.剩余物，盈余,人教高中
Arthur Conan Doyle,,,亚瑟.柯南道尔（1859-1930，英国医师、小说家、推理小说家，创造了私人侦探福尔摩斯的形象）,人教高中
Jaez Wilson,,,杰贝兹.威尔逊,人教高中
Sherlock Holmes,,,夏洛克.福尔摩斯（英国作家柯南.道尔作品中的名侦探）,人教高中
flame,flem,,n.火焰,人教高中
greengrocer,'ɡrinɡrosɚ,,n.蔬菜水果商,人教高中
greengrocer’s,,,蔬菜水果商店,人教高中
alley,'æli,,n.小巷，胡同,人教高中
remark,rɪ'mɑrk,,v.说，谈论，评论,人教高中
make of sth,,,了解，理解,人教高中
make of sb,,,了解，理解,人教高中
candidate,"ˈkændɪˌdet, -dɪt",,n.候选人，候补者；应试者,人教高中
furnish,'fɝnɪʃ,,n.陈设，布置,人教高中
expel,ɪk'spɛl,,v.开除；赶出,人教高中
allowance,ə'laʊəns,,n.补助，津贴,人教高中
every so often,,,偶尔，时常,人教高中
peculiar,pɪ'kjulɪɚ,,a.古怪的，奇怪的；特殊的，罕见的,人教高中
strategy,'strætədʒi,,n.策略,人教高中
myth,mɪθ,,n.神话，虚构的理念或者故事,人教高中
harmony,'hɑrməni,,n.和谐，融洽,人教高中
depressed,dɪ'prɛst,,a.沮丧的,人教高中
well-balanced,'wel'bælənst,,a.很平衡的，正常的；意识健全的，明智的,人教高中
prescription,prɪ'skrɪpʃən,,n.药方，处方,人教高中
cope,kop,,v.（妥善地）处理，对付，应付，克服,人教高中
cope with,,,应付，对付，克服,人教高中
let down,,,使失望，辜负,人教高中
proportion,prə'pɔrʃən,,n.比例，比率；均衡,人教高中
fulfil,ful'fil,,v.满足，实现，达到,人教高中
effective,ɪ'fɛktɪv,,a.有效的,人教高中
agenda,ə'dʒɛndə,,n.议程（表）,人教高中
interval,'ɪntɚvl,,n.间隔，间歇；幕间（工间）休息,人教高中
session,'sɛʃən,,n.一段（活动的）事件,人教高中
contradictory,",kɑntrə'dɪktəri",,a.矛盾的，同……相反的,人教高中
revise,,,v.复习,人教高中
curriculum,kə'rɪkjələm,,n.课程,人教高中
informal,ɪn'fɔrml,,a.非正式的，非正规的,人教高中
deadline,ˈdedlaɪn,,n.最后时间，最后期限,人教高中
rigid,'rɪdʒɪd,,a.刻板的，严格的；僵硬的,人教高中
subscribe,səb'skraɪb,,v.（常与 to 连用）同意，赞同,人教高中
post-graduate,,,n.研究生 a.研究生的,人教高中
academy,ə'kædəmi,,n.研究院，学术团体；高等专科院校,人教高中
stead,stɛd,,n.代替；用处，好处,人教高中
stand sb in good stead,,,对某人很有用,人教高中
employer,ɪm'plɔɪɚ,,n.雇主，老板,人教高中
diploma,dɪ'plomə,,n.文凭，毕业证书,人教高中
format,'fɔrmæt,,n.设计，安排,人教高中
glory,'ɡlɔri,,v.自豪，得意,人教高中
glory in,,,以……为荣,人教高中
forgetful,fɚ'gɛtfəl,,a.健忘的,人教高中
administration,"əd,mɪnɪ'streʃən",,n.管理，行政管理,人教高中
choir,'kwaɪɚ,,n.合唱团,人教高中
postcode,'post'kod,,n.邮政编码，邮编,人教高中
withdraw,wɪð'drɔ,,v.收回，撤回；变得沉默寡言，冷漠，冷淡,人教高中
sake,sek,,n.目的，利益,人教高中
for one’s own sake,,,为了……的缘故,人教高中
pursuit,pɚ'sut,,n.寻求，追求,人教高中
pursue,pə'sʊ,,v.追求，寻求不断努力以取得,人教高中
pedicab,"'pɛdɪ,kæb",,n.（人力）三轮车,人教高中
sleep rough,,,露宿,人教高中
feed on,,,从……中得到滋养或者满足,人教高中
philosophical,",fɪlə'sɑfɪkl",,a.哲学上的,人教高中
socialism,'soʃəlɪzəm,,n.社会主义,人教高中
receipt,rɪ'sit,,n.收据，收条,人教高中
outweigh,'aʊt'we,,v.比……更重要，胜过,人教高中
ensure,ɪn'ʃʊr,,v.确保，保证,人教高中
reproach,rɪ'protʃ,,n.责骂，责备,人教高中
jealousy,'dʒɛləsi,,n.嫉妒，羡慕,人教高中
cease,sis,,v.结束，停息，终止,人教高中
cease to be,,,不再是,人教高中
count up,,,把……加起来,人教高中
reinforce,",riɪn'fɔrs",,v.增强，补充,人教高中
Odysseus,əu'disju:s,,奥德修斯,人教高中
Trojan,'trəudʒən,,a.（古代小亚细亚）特洛伊（Troy）的,人教高中
Ithaca,'iθəkə,,n.伊萨卡岛（希腊西部爱奥尼海中亚群岛之一）,人教高中
Telemachus,ti'leməkəs; tə-,,忒勒玛科斯（Odysseus 和 Penelope 之子）,人教高中
split,splɪt,,v.分开，分离,人教高中
violate,'vaɪəlet,,v.违犯，违反,人教高中
temporary,ˈtempəreri,,a.临时的，暂时的，一时的,人教高中
Penelope,pə'nɛləpi,,珀涅罗珀（Odysseus 的忠实妻子）,人教高中
statesman,'stetsmən,,n.政治家，国务活动家,人教高中
statesmanlike,'stetsmən'laɪk,,a.有政治家才干和风度的,人教高中
unconditional,",ʌnkən'dɪʃənl",,"a.无条件的，无限制的,绝对的",人教高中
Cyclops,'saɪklɑps,,塞克罗伯斯（希腊神话独眼巨人）,人教高中
scar,skɑr,,n.疤，伤疤；创伤,人教高中
howl,haʊl,,v.嚎叫，呼叫；咆哮,人教高中
merciful,'mɝsɪfl,,a.仁慈的，宽容的,人教高中
at the crack of dawn,,,黎明，大清早,人教高中
quick as a flash,,,立刻，马上，一刹那,人教高中
hatch,hætʃ,,v.孵化，出壳,人教高中
whistle,'wɪsl,,n.哨子，口哨,人教高中
heel,hil,,n.脚后跟，踵,人教高中
a wolf in sheep’s clothing,,,披着羊皮的狼，伪装好友的敌人,人教高中
pint,paɪnt,,n.品脱（等于05 夸脱，英制液量 0568 升，美制液量 0473 升）,人教高中
dead to the world,,,熟睡的,人教高中
socket,'sɑkɪt,,n.孔，洞；眼窝,人教高中
stagger,'stægɚ,,n.蹒跚，摇晃，踉跄,人教高中
agony,'æɡəni,,n.极度的痛苦,人教高中
belly,'bɛli,,n.腹部,人教高中
wrestle,'rɛsl,,v.与……搏斗，把……摔倒,人教高中
Circe,'sə:si,,瑟茜（希腊神话女巫，有把人变成猪的法术）,人教高中
marble,'mɑrbl,,n.大理石,人教高中
arch,ɑrtʃ,,n.拱门,人教高中
coarse,kɔrs,,a.粗糙的；鲁莽的,人教高中
pillow,'pɪlo,,n.枕头,人教高中
quilt,kwɪlt,,n.被褥，被子,人教高中
trough,trɔf,,n.饲料槽,人教高中
slice,,,n.片，薄片,人教高中
wear off,,,逐渐消失，磨灭，损耗,人教高中
saucer,'sɔsɚ,,n.茶托，茶杯碟，碟状物,人教高中
circus,'sɝkəs,,n.马戏团，马戏表演,人教高中
freeway,'friwe,,n.高速公路,人教高中
plug,plʌɡ,,n.电插头，插销,人教高中
hydrogen,'haɪdrədʒən,,n.氢,人教高中
clay,kle,,n.粘土,人教高中
moustache,,,n.胡子,人教高中
mustard,'mʌstɚd,,n.芥末,人教高中
Theseus,'θi:sju:s; -siəs,,忒修斯（希腊神话雅典王子）,人教高中
enlarge,ɪn'lɑrdʒ,,v.增大，扩大,人教高中
tournament,ˈtɝ​nəmənt,,n.联赛，集锦塞，锦标赛，比赛,人教高中
fist,fɪst,,n.拳头,人教高中
combat,'kɑmbæt,,n.战争，战斗，斗争,人教高中
walnut,'wɔlnət,,n.核桃，胡桃,人教高中
transparent,træns'pærənt,,a.透明的，显然的，一目了然的,人教高中
transparently,'træns'pɛrəntli,,ad.显然地，清楚地,人教高中
tug,tʌɡ,,v.用力拉或拖（某物）,人教高中
dismay,dɪs'me,,v.使沮丧，使灰心,人教高中
pulse,pʌls,,n.脉搏,人教高中
zoom,zum,,v.飞驰，飞快地掠过,人教高中
zoom in on,,,推近，聚焦于,人教高中
insignificant,",ɪnsɪɡ'nɪfɪkənt",,a.无关紧要的,人教高中
Sinis,,,西尼斯（古希腊神话中的一个强盗）,人教高中
Procrustes,prəu'krʌsti:z,,普罗克拉斯提斯（古希腊神话传说中 Attica 的一个强盗）,人教高中
Crete,kri:t,,克里特岛（希腊位于地中海西部的一个岛屿）,人教高中
fleece,flis,,n.羊毛,人教高中
Perseus,'pə:sju:s; -siəs,,珀尔休斯（希腊主神宙斯之女，杀死怪 Medusa 的英雄）,人教高中
vice versa,",vaisi'və:sə",,反之亦然,人教高中
(be) faced with,,,面临,人教高中
scholarship,'skɑlɚʃɪp,,n.奖学金,人教高中
in disbelief,,,不相信，怀疑,人教高中
drop into,,,进入（某地），顺便拜访,人教高中
unsettling,ʌn'sɛtlɪŋ,,a.使人不安的，（消息）混乱的,人教高中
dozens of,,,许多的,人教高中
now and again,,,不时地，有时,人教高中
expectantly,,,ad.预期地，期望地，期待地,人教高中
suck,sʌk,,v.吸，吮,人教高中
co-operate,kəu'ɔpəreit,,v.（常与 with 连用）合作,人教高中
hand out,,,拿出，分发,人教高中
preference,'prɛfrəns,,n.偏爱，优先选择,人教高中
pleasureable,,,a.愉快的，快乐的，高兴的,人教高中
anticipation,"æn,tɪsɪ'peʃən",,n.预期，预想，期待,人教高中
intellectual,",ɪntə'lɛktʃuəl",,a.有智力的，智力的,人教高中
arithmetic,ə'rɪθmətɪk,,n.算术学，算术,人教高中
algebra,'ældʒɪbrə,,n.代数，代数学,人教高中
interpersonal,'ɪntɚ'pɝsnl,,a.人际的，人与人之间的,人教高中
complex,ˈkɑmplɛks;kəmˈplɛks,,a.复杂的,人教高中
agro-scientifc,,,a.农业科学的,人教高中
core,kɔr,,n.中心，核心,人教高中
drop in,,,顺便走访,人教高中
recommendation,",rɛkəmɛn'deʃən",,n.推荐信，介绍，介绍信,人教高中
call on,,,拜访,人教高中
composer,kəm'pozɚ,,n.作曲家,人教高中
mathematician,",mæθəmə'tɪʃən",,n.数学家,人教高中
stewardess,ˈstuərdəs,,n.（轮船，飞机等）女乘务员,人教高中
diplomat,'dɪpləmæt,,n.外交家，外交官,人教高中
embassy,'ɛmbəsi,,n.使馆人员，大使馆,人教高中
referee,",rɛfə'ri",,n.介绍人，裁判,人教高中
brake,brek,,n.（常用复数）制动装置，刹车,人教高中
swerve,swɝv,,v.突然转向,人教高中
missile,'mɪsl,,n.导弹，飞弹,人教高中
bishop,'bɪʃəp,,n.（基督教的）主教,人教高中
circuit,'sɝkɪt,,n.环形道路,人教高中
go on circuit,,,巡回,人教高中
razor,'rezɚ,,n.剃刀，剃须刀,人教高中
shaver,'ʃevɚ,,n.剃须刀，电动剃须刀,人教高中
oval,'ovl,,a.椭圆的，卵形的,人教高中
orbit,'ɔrbɪt,,n.（天体、人造卫星的）轨道,人教高中
substance,'sʌbstəns,,n.物质,人教高中
curriculum vitae,kəˌrɪkjələm'vitaɪ,,n.履历，简历,人教高中
nickname,'nɪk'nem,,n.绰号，浑名,人教高中
presentational,",prezən'tei-ʃənəl, ,pri:-",,a.表达的，描述性的,人教高中
fabulous,'fæbjələs,,a.巨大的；绝妙的，精彩的,人教高中
IELTS,"'aɪ,ɛlts",,n.(International English Language Testing Serice)的缩写，国际英语测试，俗称雅思考试（是由英国文化委员会组织，剑桥大学地方考试委员会编制的英语水平测试）,人教高中
accountancy,ə'kaʊntənsi,,n.会计工作，会计职务,人教高中
function,'fʌŋkʃən,,n.功能，作用，职责，职能,人教高中
bureaucratic,",bjʊrə'krætɪk",,a.官僚的，官僚般的,人教高中
ethos,'iθɑs,,n.（集体、社团、文化的）气质、道德观、思想或信仰,人教高中
minefield,'maɪn'fild,,n.布雷区；充满隐伏危险的事物或场合,人教高中
unwary,ʌn'wɛri,,a.无警惕的，易受欺骗的,人教高中
autobiography,",ɔtəbaɪ'ɑɡrəfi",,n.自传,人教高中
build on,,,建立于,人教高中
prosperous,'prɑspərəs,,a.成功的，繁荣的，兴旺的,人教高中
to tell you the truth,,,老实说（插入语）,人教高中
tempt,tɛmpt,,v.诱惑，引诱,人教高中
appendix,ə'pɛndɪks,,n.附录，附言,人教高中
roundabout,'raʊndəbaʊt,,a.迂回的；委婉的,人教高中
