word,phonetic,pos,definition,source
abandonment,ə'bændənmənt,,n.放弃,六级
abnormally,æb'nɔ:məlɪ,,ad.不正常的,六级
absolutely,'æbsəlutli,,ad.当然,六级
abstract,'æbstrækt,,a.抽象的,六级
abuse,ə'bjus,,n.虐待 v.滥用,六级
accelerate,əkˈsɛləˌret,,v.加速,六级
accomplish,ə'kɑmplɪʃ,,v.实现,六级
accountant,ə'kaʊntənt,,n.会计,六级
accrue,ə'kru,,v.积累,六级
accurate,'ækjərət,,a.精确的,六级
accuse,ə'kjuz,,v.指控,六级
accustom,ə'kʌstəm,,v.使习惯,六级
achieve,ə'tʃiv,,v.达到，实现,六级
acquaintance,ə'kwentəns,,n.熟人,六级
activate,'æktə'vet,,v.激活,六级
acutely,ə'kjutli,,ad.敏锐地,六级
addict,'ædɪkt (for n.); əˈdɪkt (for v.),,v.上瘾，沉溺,六级
address,ə'drɛs,,v.解决,六级
administration,"əd,mɪnɪ'streʃən",,n.管理，政府,六级
adopt,ə'dɑpt,,v.采纳,六级
adventure,əd'vɛntʃɚ,,n.冒险,六级
adventurer,əd'vɛntʃərɚ,,n.冒险者,六级
adverse,"ædˈvɚs, ˈædˌvɚs",,a.相反的，敌对的,六级
adversely,æd'vɝsli,,ad.不利地,六级
affection,ə'fɛkʃən,,n.喜爱,六级
agenda,ə'dʒɛndə,,n.议程,六级
aggravate,'æɡrəvet,,v.加重，加剧,六级
agonize,'æɡənaɪz,,v.使痛苦,六级
aid,ed,,v.援助，有助于,六级
alert,ə'lɝt,,a.机警的 v.提醒,六级
alien,"ˈeliən,ˈeljən",,a.陌生的,六级
allergic,ə'lɝdʒɪk,,a.过敏的,六级
alternative,ɔl'tɝnətɪv,,n.代替品,六级
analytical,",ænə'lɪtɪkl",,a.分析的,六级
ancient,ˈeɪnʃənt,,a.古代的,六级
ankle,'æŋkl,,n.脚踝,六级
anonymous,ə'nɑnəməs,,a.匿名的,六级
anticipate,æn'tɪsə'pet,,v.期望，预期,六级
anxiety,æŋ'zaɪəti,,n.焦虑,六级
apartment,ə'pɑrtmənt,,n.公寓,六级
apathy,'æpəθi,,n.冷漠,六级
apologize,ə'pɑlədʒaɪz,,v.道歉,六级
applicable,'æplɪkəbl,,a.可应用的,六级
applicant,'æplɪkənt,,n.申请者,六级
appoint,ə'pɔɪnt,,v.任命,六级
appreciative,ə'priʃətɪv,,a.表示赞赏的，感谢的,六级
approach,ə'protʃ,,n.方法,六级
appropriate,əˈpropriɪt,,a.适当的,六级
approve,ə'prʊv,,v.赞同,六级
approximately,ə'prɑksɪmətli,,ad.大约,六级
arm,ɑrm,,v.装备，武装,六级
arouse,ə'raʊz,,v.唤起,六级
arrogant,'ærəɡənt,,a.傲慢无礼的,六级
artificial,",ɑrtɪ'fɪʃl",,a.人造的，虚伪的,六级
aspect,'æspɛkt,,n.方面,六级
assassinate,ə'sæsn'et,,v.刺杀，暗杀,六级
assemble,ə'sɛmbl,,v.收集，组装,六级
assessment,ə'sɛsmənt,,n.评估，评价,六级
association,"ə,soʃɪ'eʃən",,n.联系,六级
athletic,æθ'lɛtɪk,,a.运动的，运动员的,六级
atmosphere,'ætməsfɪr,,n.气氛，空气,六级
attendant,ə'tɛndənt,,n.服务人员,六级
authorities,ə'θɔrətɪz,,n.当局,六级
authority,ə'θɔrəti,,n.权威,六级
authorization,",ɔθərɪ'zeʃən",,n.授权,六级
automatic,'ɔtə'mætɪk,,a.自动的,六级
auxiliary,ɔːɡ'zɪlɪəri,,a.辅助的,六级
available,ə'veləbl,,a.可获得的，可利用的,六级
awareness,ə'wɛrnəs,,n.意识,六级
awesome,'ɔsəm,,a.极好的，令人敬畏的,六级
backup,"'bæk,ʌp",,n.后补，援助,六级
bacteria,bæk'tɪrɪə,,n.细菌,六级
ballet,bæ'le,,n.芭蕾,六级
barely,'bɛrli,,ad.几乎不，仅仅,六级
barrier,'bærɪɚ,,n.障碍，阻碍,六级
battery,'bæt(ə)rɪ,,n.电池,六级
battle,'bætl,,n.激战，战役,六级
bias,'baɪəs,,n.偏见,六级
biography,baɪ'ɑɡrəfi,,n.自传,六级
bitter,'bɪtɚ,,a.痛苦的,六级
bizarre,bɪ'zɑr,,a.古怪的；奇怪的,六级
blame,blem,,v.谴责,六级
blouse,blaʊs,,n.衬衫,六级
blueprint,'blʊ'prɪnt,,n.蓝图，设计图,六级
board,bɔrd,,n.董事会,六级
boom,buːm,,n.繁荣,六级
boost,bʊst,,v.提高,六级
botanical,bə'tænɪkl,,a.植物学的,六级
bother,'bɑðɚ,,v.困扰,六级
branch,bræntʃ,,n.分支，分公司,六级
breakthrough,'brek'θrʊ,,n.突破性进展,六级
breed,brid,,v.繁殖；导致,六级
breezy,'brizi,,a.轻松愉快的,六级
bribe,braɪb,,v.贿赂,六级
bridge,brɪdʒ,,v.缩小；架桥于…之上,六级
bruise,bruz,,v.使碰伤，擦伤,六级
brutal,'brutl,,a.残酷的,六级
buck,bʌk,,v.反对 n.美元,六级
burden,'bɝdn,,n.负担,六级
bureaucracy,bjʊ'rɑkrəsi,,n.官僚主义,六级
burial,'bɛrɪəl,,n.埋葬,六级
calculation,",kælkju'leʃən",,n.计算,六级
calorie,'kæləri,,n.卡路里,六级
campaign,kæm'pen,,n.活动,六级
cancel,'kænsl,,v.取消,六级
capable,'kepəbl,,a.有能力的,六级
capacity,kə'pæsəti,,n.能力，容量,六级
capital,'kæpɪtl,,a.资金的，资本的,六级
capture,'kæptʃɚ,,v.捕捉,六级
cast,kæst,,v.投掷，扔,六级
casualty,'kæʒuəlti,,n.伤亡人数,六级
category,'kætəɡɔri,,n.种类,六级
cautious,'kɔʃəs,,a.谨慎的,六级
chain,tʃen,,n.连锁店,六级
chaos,'keɑs,,n.混乱,六级
character,'kærəktɚ,,n.角色,六级
check,tʃɛk,,v.检查；阻止,六级
chronicle,'krɑnɪkl,,v.记录,六级
circulation,",sɝkjə'leʃən",,n.发行量,六级
circumstance,'sɝkəmstæns,,n.情况，环境,六级
citation,saɪ'teʃən,,n.引文,六级
claim,klem,,v.索取，声称,六级
clarify,'klærəfaɪ,,v.澄清，明确,六级
classify,'klæsɪfaɪ,,v.分类,六级
clause,klɔz,,n.条款,六级
clue,klʊ,,n.线索,六级
coastal,'kostl,,a.海滨的,六级
code,kod,,n.代号，密码,六级
collaborative,kə'læbəretɪv,,a.合作的,六级
collapse,kə'læps,,v.坍塌，崩塌,六级
collective,kə'lɛktɪv,,a.共同的,六级
collide,kə'laɪd,,v.撞击，碰撞,六级
commerce,'kɑmɝs,,n.商业,六级
commitment,kə'mɪtmənt,,n.承诺,六级
commodity,kə'mɑdəti,,n.商品,六级
compartment,kəm'pɑrtmənt,,"n.车厢, 隔间",六级
compel,kəm'pɛl,,v.强迫,六级
compelling,kəm'pɛlɪŋ,,a.引人注目的,六级
compensate,'kɑmpɛnset,,v.弥补,六级
competence,'kɑmpɪtəns,,n.能力,六级
complaint,kəm'plent,,n.抱怨，投诉,六级
complicated,'kɑmplɪketɪd,,a.复杂的,六级
comprehensive,ˌkɑːmprɪˈhensɪv,,a.综合的，全面的,六级
concession,kən'sɛʃən,,n.妥协,六级
conclusive,kən'klusɪv,,a.得出结论的,六级
concrete,'kɑŋkrit,,a.具体的,六级
conduct,kən'dʌkt,,v.引导，管理,六级
confine,kən'faɪn,,v.限制,六级
conflict,'kɑnflɪkt,,n.冲突,六级
conformity,kən'fɔrməti,,n.一致,六级
confrontational,",kənfrən'teiʃənl",,a.对抗的，有敌意的,六级
consensus,kən'sɛnsəs,,n.共识，一致,六级
conservation,",kɑnsɚ'veʃən",,n.保护,六级
conservative,kən'sɝvətɪv,,a.保守的,六级
considerable,kən'sɪdərəbl,,a.相当多的,六级
console,'kɑnsol,,v.安慰,六级
constant,'kɑnstənt,,a.不断的,六级
construction,kən'strʌkʃən,,n.建筑,六级
consultancy,kən'sʌltənsi,,n.咨询,六级
consumption,kən'sʌmpʃən,,"n.消费, 消耗",六级
contamination,"kən,tæmi'neiʃən",,n.污染,六级
content,'kɑntɛnt,,a.满意的,六级
contention,kən'tɛnʃən,,n.争论,六级
contrary,'kɑntrɛri,,a.相反的,六级
contribute,kən'trɪbjut,,v.有助于,六级
contribution,",kɑntrɪ'bjuʃən",,n.贡献,六级
controversy,ˈkɑːntrəvɜːrsi,,n.争议,六级
conventional,kən'vɛnʃənl,,a.传统的,六级
convert,kən'vɝt,,v.转换，改变,六级
convict,kən'vɪkt,,v.证明……有罪,六级
convince,kən'vɪns,,v.使……相信,六级
coordination,"ko,ɔrdɪ'neʃən",,n.协调,六级
corruption,kə'rʌpʃən,,n.腐败,六级
counsel,'kaʊnsl,,v.建议，忠告,六级
counselor,'kaʊnslɚ,,n.咨询顾问,六级
countermeasure,'kaʊntɚ'mɛʒɚ,,n.对策,六级
cover,'kʌvɚ,,v.报道,六级
coverage,'kʌvərɪdʒ,,n.报道,六级
criminal,'krɪmɪnl,,a.犯罪的 n.罪犯,六级
criteria,kraɪ'tɪrɪə,,n.标准,六级
critical,'krɪtɪkl,,a.挑剔的，批评的；关键的,六级
criticism,'krɪtə'sɪzəm,,n.批评,六级
crucial,'krʊʃəl,,a.关键的,六级
curb,kɝb,,v.限制，控制,六级
currency,ˈkɜrənsi,,n.货币,六级
dare,dɛr,,v.勇敢，敢于做,六级
debris,də'bri,,n.残骸，碎片,六级
decent,'disnt,,a.体面的,六级
decisive,dɪ'saɪsɪv,,a.决定性的,六级
decline,dɪ'klaɪn,,v.拒绝,六级
deem,dim,,v.认为,六级
defect,‘dɪfɛkt,,n.缺点,六级
defensive,dɪ'fɛnsɪv,,a.防守的，防御的,六级
deficient,dɪ'fɪʃnt,,a.不足的，缺乏的,六级
deficit,'dɛfəsɪt,,n.赤字,六级
defy,'difaɪ,,v.违背，违抗,六级
deliberate,dɪ'lɪbərət,,a.故意的,六级
delicate,ˈdɛlɪkɪt,,a.精细的，细微的,六级
deliver,dɪ'lɪvɚ,,v.发表，递送,六级
democracy,dɪˈmɑkrəsi,,n.民主,六级
denationalize,",di'næʃnəlaɪz",,v.使非国有化,六级
deny,dɪ'nai,,v.否认,六级
deprive,dɪ'praɪv,,v.剥夺,六级
derail,dɪ'rel,,v.脱轨,六级
derive,dɪ'raɪv,,v.获得,六级
descendant,dɪ'sɛndənt,,n.子孙后代,六级
descriptive,dɪ'skrɪptɪv,,a.描写的，描述的,六级
deserve,dɪ'zɝv,,v.值得,六级
desperate,'dɛspərət,,a.绝望的，不顾一切的,六级
destination,",dɛstɪ'neʃən",,n.目的地,六级
destructive,dɪ'strʌktɪv,,a.破坏性的，毁灭性的,六级
detached,dɪ'tætʃt,,a.冷漠的，超然的,六级
detect,dɪ'tɛkt,,v.发现,六级
detective,dɪ'tɛktɪv,,n.侦探,六级
diligence,'dɪlɪdʒəns,,n.勤奋,六级
dim,dɪm,,a.暗淡的；愚蠢的,六级
diminish,dɪ'mɪnɪʃ,,v.减少,六级
disadvantage,",dɪsəd'væntɪdʒ",,n.缺点，不利条件,六级
disappear,'dɪsə'pɪr,,v.消失,六级
disarm,dɪs'ɑrm,,v.解除，消除,六级
discipline,'dɪsəplɪn,,n.学科,六级
disconnect,",dɪskə'nɛkt",,v.断开,六级
discourage,dɪs'kɝɪdʒ,,v.阻止；使气馁,六级
disengagement,",dɪsɪn'gedʒmənt",,n.分离，疏离感,六级
dishonest,dɪs'ɑnɪst,,a.不诚实的,六级
dismiss,dɪs'mɪs,,v.忽视,六级
dispatch,dɪ'spætʃ,,v.发送，派遣,六级
disproportionately,",disprə'pɔ:ʃənitli",,ad.比例不均地，不成比例地,六级
disservice,dɪs'sɝvɪs,,n.帮倒忙，危害,六级
distinctive,dɪ'stɪŋktɪv,,a.与众不同的,六级
distort,dɪ'stɔrt,,v.扭曲,六级
distribution,'dɪstrə'bjʊʃən,,n.分布，分配,六级
diverse,daɪ'vɝs,,a.各种各样的,六级
diversion,dəˈvɝʒən; dəˈvɝʃən; daɪˈvɝʒən; daɪˈvɝʃən,,n.转移；娱乐,六级
diversity,dɪˈvəsɪti,,n.多样性,六级
divert,dɪˈvɚt,,v.转移,六级
dividend,'dɪvɪdɛnd,,n.分红，红利,六级
documentary,'dɑkjə'mɛntri,,n.纪录片,六级
dolphin,'dɑlfɪn,,n.海豚,六级
domestic,də'mɛstɪk,,a.国内的,六级
dominate,'dɑmɪnet,,v.主导，主宰,六级
donor,'donɚ,,n.捐赠者,六级
dorm,dɔrm,,n.宿舍,六级
dramatically,drə'mætɪkli,,ad.大幅度地；戏剧性地,六级
drastically,'dræstikəli,,ad.激烈地，猛烈地,六级
drift,drɪft,,v.漂流,六级
dropout,'drɑpaʊt,,n.辍学,六级
drought,draʊt,,n.干旱,六级
drown,draʊn,,v.溺水,六级
dweller,'dwɛlɚ,,n.居住者,六级
dysfunction,dɪs'fʌŋkʃən,,n.失灵,六级
eccentric,ɪk'sɛntrɪk,,a.古怪的,六级
ecological,'ikə'lɑdʒɪkl,,a.生态学的,六级
edit,'ɛdɪt,,v.剪辑，编辑,六级
election,ɪ'lɛkʃən,,n.选举,六级
eliminate,ɪ'lɪmɪnet,,v.消除,六级
elite,ɪˈliːt,,n.精英,六级
eloquent,'ɛləkwənt,,a.口才好的，雄辩的,六级
emerge,ɪ'mɝdʒ,,v.出现,六级
emphasize,'ɛmfəsaɪz,,v.强调,六级
encounter,ɪn'kaʊntɚ,,v.遭遇,六级
encourage,ɪn'kɝrɪdʒ,,v.鼓励,六级
endless,'ɛndləs,,a.无限的，没完没了的,六级
enforce,ɪn'fɔrs,,v.强迫，迫使,六级
engage,ɪn'ɡedʒ,,v.忙于，从事；雇佣,六级
enormous,ɪ'nɔrməs,,a.巨大的,六级
enrich,ɪn'rɪtʃ,,v.丰富，使富裕,六级
enrollment,ɪn'rolmənt,,n.入学人数,六级
enthusiastic,"ɪn,θuzɪ'æstɪk",,a.热情的,六级
entrepreneurship,",ɑntrəprə'nɝʃɪp",,n.企业管理,六级
epidemic,",ɛpɪ'dɛmɪk",,n.流行病,六级
eradicate,ɪ'rædɪket,,v.根除,六级
erect,ɪ'rɛkt,,v.建立,六级
erroneous,ɪ'ronɪəs,,a.错误的,六级
erupt,ɪ'rʌpt,,"v.喷出, 爆发",六级
essential,ɪ'sɛnʃl,,a.本质的，必须的,六级
esteem,ɪ'stim,,v.尊重,六级
ethnic,'ɛθnɪk,,a.种族的,六级
evolution,ˌɛvəˈluʃən; (occas.) ˌ ivəˈluʃən,,n.演变；进化；发展,六级
exaggerate,ɪɡ'zædʒəret,,v.夸张,六级
exceed,ɪk'sid,,v.超过,六级
exceptional,ɪk'sɛpʃənl,,a.例外的,六级
excess,'ɛk'sɛs,,n.过量，过度,六级
excessive,ɪkˈsɛsɪv,,a.过度的,六级
executive,ɪɡ'zɛkjətɪv,,n.执行官,六级
exert,ɪɡ'zɝt,,v.施加,六级
exotic,ɪɡ'zɑtɪk,,a.异域的，外国的,六级
expansion,ɪk'spænʃən,,n.扩大,六级
expectation,",ɛkspɛk'teʃən",,n.期望,六级
expedition,",ɛkspə'dɪʃən",,n.探险，远征,六级
expenditure,ɪk'spɛndɪtʃɚ,,n.费用，花销,六级
expertise,'ɛkspɝ'tiz,,n.专业知识,六级
extend,ɪk'stɛnd,,v.延伸；延期,六级
extent,ɪk'stɛnt,,n.程度,六级
extinction,ɪk'stɪŋkʃən,,n.灭绝,六级
extreme,ɪk'strim,,a.极端的,六级
eyewitness,'aɪwɪtnəs,,n.目击者,六级
facility,fə'sɪləti,,n.设施,六级
faculty,'fæklti,,n.教工，教员,六级
fade,fed,,v.褪色,六级
fatal,'fetl,,a.致命的,六级
fatigue,fə'tig,,n.疲惫,六级
favor,'fevɚ,,v.偏爱,六级
fearlessly,'fiəlisli,,ad.无畏地，大胆地,六级
fierce,fɪrs,,a.激烈的,六级
figure,'fɪɡjɚ,,n.数字,六级
fiscal,'fɪskl,,a.财政的,六级
flat,flæt,,a.平的 n.公寓,六级
flavor,'flevɚ,,n.口味,六级
flaw,flɔ,,n.缺点，瑕疵,六级
flee,fli,,v.离开,六级
flexible,'flɛksəbl,,a.灵活的,六级
float,flot,,v.漂浮,六级
footnote,'fʊt'not,,n.注脚,六级
forecast,'fɔrkæst,,n.预报，预测,六级
format,'fɔrmæt,,n.形式,六级
formidable,'fɔrmɪdəbl,,a.可怕的；令人敬畏的，令人惊叹的,六级
foster,'fɔstɚ,,v.促进；培养,六级
foundation,faʊn'deʃən,,n.基金会,六级
frankly,'fræŋkli,,ad.坦率地,六级
frantic,'fræntɪk,,a.疯狂的,六级
fresh,frɛʃ,,a.新颖的，新奇的,六级
frighten,'fraɪtn,,v.使害怕,六级
frontier,frʌn'tɪr,,n.边境,六级
frustrate,'frʌstret,,v.使挫败，使沮丧,六级
fulfill,fʊl'fɪl,,v.实现,六级
furious,'fjʊrɪəs,,a.生气的；激烈的,六级
fuss,fʌs,,n.小题大做,六级
gallery,'gæləri,,n.美术馆,六级
gap,ɡæp,,n.差距,六级
garage,gəˈrɑʒ; gəˈrɑdʒ,,n.车库,六级
gender,'dʒɛndɚ,,n.性别,六级
generate,'dʒɛnəret,,v.产生,六级
generous,'dʒɛnərəs,,a.慷慨的,六级
genetic,dʒə'nɛtɪk,,a.基因的,六级
genius,'dʒinjəs,,n.天才,六级
genuine,'dʒɛnjʊɪn,,a.真的；由衷的,六级
geology,dʒɪ'ɑlədʒi,,n.地质学,六级
gesture,'dʒɛstʃɚ,,n.姿势，手势,六级
glamorous,'glæmərəs,,a.有魅力的，迷人的,六级
glory,'ɡlɔri,,n.光荣，荣誉,六级
govern,'ɡʌvɚn,,v.管理,六级
grand,ɡrænd,,a.壮丽的，极好的,六级
grasp,ɡræsp,,v.抓住，理解,六级
gratitude,'ɡrætɪtud,,n.感激,六级
grocery,'ɡrosəri,,n.杂货店,六级
guarantee,",ɡærən'ti",,v.保证,六级
guard,ɡɑrd,,v.保护,六级
guesstimate,'ɡɛstɪmet,,n.大概估计，瞎猜估计,六级
habitual,hə'bɪtʃuəl,,a.习惯的,六级
handgun,'hænd'gʌn,,n.手枪,六级
handle,'hændl,,n.把手,六级
hardship,'hɑrdʃɪp,,n.艰难,六级
harsh,hɑrʃ,,a.严酷的，严峻的,六级
hatch,hætʃ,,v.孵化,六级
hazard,'hæzɚd,,n.危险,六级
hesitate,'hɛzɪtet,,v.犹豫,六级
hinder,'hɪndɚ,,v.阻碍,六级
hospitality,",hɑspɪ'tæləti",,n.友好,六级
host,host,,v.主持,六级
hostile,ˈhɑstəl,,a.有敌意的,六级
household,'haʊshold,,n.家庭，一家人,六级
humanistic,",hjʊmən'ɪstɪk",,a.人文的,六级
humorous,'hjumərəs,,a.幽默的,六级
hypothesis,haɪ'pɑθəsɪs,,n.假设，假说,六级
identify,aɪ'dɛntɪfaɪ,,v.认出，识别,六级
ideologically,",aidiə'lɔdʒikali",,ad.意识形态上地,六级
ideology,",aidi'ɔlədʒi, ,idi-",,n.意识形态,六级
ignore,ɪɡ'nɔr,,v.忽视,六级
imbalance,ɪm'bæləns,,n.不平衡,六级
immense,ɪ'mɛns,,a.巨大的,六级
immensely,i'mensli,,ad.非常，极大地,六级
immigrant,'ɪmɪɡrənt,,n.移民,六级
imminent,'ɪmɪnənt,,a.即将来临的,六级
impact,ɪm'pækt,,n.影响,六级
impose,ɪm'poz,,v.强加于,六级
imprison,ɪm'prɪzn,,v.监禁,六级
inadequate,ɪn'ædɪkwət,,a.不足的,六级
incentive,ɪn'sɛntɪv,,n.刺激,六级
incidence,'ɪnsɪdəns,,n.发生率,六级
incompetence,ɪn'kɑmpɪtəns,,n.无能,六级
index,'ɪndɛks,,n.指数,六级
indicate,'ɪndɪket,,v.表明,六级
indicative,ɪn'dɪkətɪv,,a.指示的,六级
indifferent,ɪn'dɪfrənt,,a.冷漠的,六级
indiscriminately,indi'skriminitli,,ad.不加选择地，不加区分地,六级
indispensable,'ɪndɪ'spɛnsəbl,,a.必不可少的,六级
indulge,ɪn'dʌldʒ,,v.放纵,六级
industrious,ɪn'dʌstrɪəs,,a.勤奋的,六级
ineffective,",ɪnɪ'fɛktɪv",,a.无效的,六级
inevitable,ɪn'ɛvɪtəbl,,a.不可避免的,六级
inexhaustible,",ɪnɪɡ'zɔstəbl",,a.用不完的，无穷无尽的,六级
infant,'ɪnfənt,,n.婴儿,六级
infect,ɪn'fɛkt,,v.感染,六级
inflation,ɪn'fleʃən,,n.通货膨胀,六级
influential,",ɪnflu'ɛnʃl",,a.有影响力的,六级
inhale,ɪn'hel,,v.吸入,六级
inherit,ɪn'hɛrɪt,,v.继承,六级
initiative,ɪ'nɪʃətɪv,,n.主动性,六级
injustice,ɪn'dʒʌstɪs,,n.不公正,六级
innovation,",ɪnə'veʃən",,n.创新，革新,六级
inspire,ɪn'spaɪɚ,,v.鼓励,六级
instant,'ɪnstənt,,a.立即的,六级
instinctively,in'stiŋktivli,,ad.本能地,六级
institution,",ɪnstɪ'tuʃən",,n.机构,六级
insufficient,",ɪnsə'fɪʃnt",,a.不足的,六级
integrity,ɪn'tɛɡrəti,,n.正直,六级
intelligent,ɪn'tɛlɪdʒənt,,a.聪明的,六级
intensely,in'tensli,,ad.强烈地,六级
interact,",ɪntɚ'ækt",,v.互动,六级
interaction,",ɪntə'rækʃən",,n.互动,六级
interference,",ɪntɚ'fɪrəns",,n.干涉,六级
interpretation,ɪn'tɝprɪ'teʃən,,n.解释，理解,六级
interracial,",ɪntə'reʃl",,a.种族间的,六级
intervene,",ɪntɚ'vin",,v.干涉,六级
intervention,",ɪntɚ'vɛnʃən",,n.干涉,六级
intriguing,ɪn'triɡɪŋ,,a.有趣的,六级
invasion,ɪn'veʒn,,n.入侵,六级
irony,'aɪrəni,,n.讽刺,六级
irrelevant,ɪ'rɛləvənt,,a.无关的,六级
irritate,'ɪrɪtet,,v.激怒,六级
isolation,",aɪsə'leʃən",,n.隔绝，隔离,六级
judicial,dʒʊ'dɪʃəl,,a.司法的,六级
jury,'dʒʊri,,n.陪审团,六级
justifiable,'dʒʌstɪfaɪəbl,,a.理所应当的,六级
justified,'dʒʌstɪfaɪd,,a.正当的,六级
keen,kin,,a.浓厚的；敏锐的,六级
kidnap,'kɪdnæp,,v.绑架,六级
lack,læk,,v.缺少,六级
lag,læɡ,,v.落后,六级
launch,lɔntʃ,,v.发布，推出,六级
lawn,lɔn,,n.草坪,六级
layman,'lemən,,n.门外汉,六级
layout,'leaʊt,,n.陈列,六级
legend,'lɛdʒənd,,n.传奇,六级
legislation,",lɛdʒɪs'leʃən",,n.立法,六级
legislator,'lɛdʒɪsletɚ,,n.立法者,六级
lest,lɛst,,conj.以免,六级
lobby,'lɑbi,,n.游说,六级
luxurious,lʌɡ'ʒʊrɪəs,,a.奢侈的，豪华的,六级
magnify,'mæɡnɪfaɪ,,v.放大,六级
maintenance,'mentənəns,,n.维修,六级
majority,mə'dʒɔrəti,,n.大多数,六级
mall,mɔl,,n.商场,六级
manifest,'mænɪfɛst,,v.表明,六级
manufacture,'mænjə'fæktʃɚ,,v.生产，制造,六级
marine,mə'rin,,a.海洋的,六级
markedly,'ma:kidli,,ad.显著地,六级
mask,mæsk,,n.面具 v.掩饰 掩盖,六级
material,mə'tɪrɪəl,,n.材料,六级
materialize,mə'tɪrɪəlaɪz,,v.实现,六级
matter,'mætɚ,,v.重要；要紧,六级
maturity,mə'tʃʊrəti,,n.成熟,六级
measure,'mɛʒɚ,,n.措施,六级
mechanism,'mɛkənɪzəm,,n.机制,六级
melt,mɛlt,,v.融化,六级
memo,'mɛmo,,n.备忘录,六级
memorable,'mɛmərəbl,,a.值得纪念的,六级
mention,'mɛnʃən,,v.提及,六级
merit,'mɛrɪt,,v.值得 n.优点,六级
migrate,'maɪɡret,,v.移民，迁徙,六级
milestone,'maɪlston,,n.里程碑,六级
minimal,'mɪnɪməl,,a.最低的，最小限度的,六级
mining,'maɪnɪŋ,,n.矿产,六级
minor,'maɪnɚ,,a.次要的，小的,六级
minority,maɪ'nɔrəti,,n.少数，少数民族,六级
miracle,'mɪrəkl,,n.奇迹,六级
misfortune,'mɪs'fɔrtʃən,,n.不幸地,六级
misinterpret,'mɪsɪn'tɝprɪt,,v.误解,六级
mobility,mo'bɪləti,,n.活动,六级
modernize,mɑdɚnˌaɪz,,v.现代化,六级
moist,mɔɪst,,a.潮湿的,六级
monopoly,mə'nɑpəli,,n.垄断,六级
mortality,mɔr'tæləti,,n.死亡率,六级
motel,mo'tɛl,,n.汽车旅馆,六级
motivation,",motə'veʃən",,n.激励，刺激,六级
mount,maʊnt,,v.增加,六级
mourn,mɔrn,,v.哀悼,六级
municipal,mju'nɪsɪpl,,a.政府的,六级
narrow,'næro,,v.变窄，缩小,六级
necessity,nə'sɛsəti,,n.必须，必要性,六级
needy,'nidi,,a.贫穷的,六级
neglect,nɪ'glɛkt,,v.忽视,六级
negotiation,"nɪ,ɡoʃɪ'eʃən",,n.协商,六级
neighborhood,"'nebɚ,hʊd",,n.附近,六级
neutrality,nu'træləti,,n.中立,六级
nightmare,'naɪt'mɛr,,n.噩梦,六级
nominate,'nɑmɪnet,,v.提名,六级
notion,'noʃən,,n.想法，观点,六级
numerous,'numərəs,,a.无数的,六级
nutritious,nʊ'trɪʃəs,,a.有营养的,六级
obesity,o'bisəti,,n.肥胖,六级
objective,əb'dʒɛktɪv,,n.目标，目的,六级
oblige,ə'blaɪdʒ,,v.迫使,六级
obstacle,'ɑbstəkl,,n.阻碍,六级
occur,ə'kɝ,,v.发生,六级
offense,ə'fɛns,,n.冒犯,六级
oppose,ə'poz,,v.反对,六级
opposition,'ɑpə'zɪʃən,,n.反对,六级
optimistic,",ɑptɪ'mɪstɪk",,a.乐观的,六级
organic,ɔr'gænɪk,,a.有机的,六级
orient,'orɪənt,,v.使适应，使确定方向,六级
outcome,'aʊt'kʌm,,n.结果,六级
outdated,'aʊt'detɪd,,a.过时的,六级
outlive,",aʊt'lɪv",,v.比……活的时间长,六级
outnumber,'aʊt'nʌmbɚ,,v.超过,六级
outsource,'aʊtsɔrs,,v.外包,六级
outweigh,'aʊt'we,,v.超过,六级
overcharge,",ovɚ'tʃɑrdʒ",,v.多收钱,六级
overexcited,ˌəʊvərɪkˈsaɪtɪd,,a.过于激烈的,六级
overwhelm,",ovɚ'wɛlm",,v.压倒，战胜,六级
owe,o,,v.欠钱,六级
owl,aʊl,,n.猫头鹰,六级
panic,'pænɪk,,a.恐慌的,六级
paradise,'pærə'daɪs,,n.天堂,六级
paralyze,"'pærə,laɪz",,v.瘫痪，麻痹,六级
pasture,'pæstʃɚ,,n.牧场,六级
pattern,'pætɚn,,n.模式,六级
pause,pɔz,,n.暂停，迟疑,六级
pave,pev,,v.铺路,六级
payroll,'perol,,n.工资总额,六级
peculiar,pɪ'kjulɪɚ,,a.特有的，奇怪的,六级
penalty,'pɛnəlti,,n.惩罚,六级
pension,'pɛnʃən,,n.养老金,六级
perish,'pɛrɪʃ,,v.死亡,六级
perspective,pɚ'spɛktɪv,,n.视角，观点,六级
pessimist,'pɛsɪmɪst,,n.悲观主义者,六级
phenomenon,fə'nɑmɪnən,,n.现象,六级
philosopher,fə'lɑsəfɚ,,n.哲学家,六级
plot,plɑt,,n.情节,六级
poetry,'poətri,,n.诗歌,六级
polar,'polɚ,,n.（南、北）极,六级
poll,pol,,n.民意测验,六级
ponder,'pɑndɚ,,v.仔细考虑,六级
portion,'pɔrʃən,,n.部分,六级
pose,poz,,v.形成,六级
position,pə'zɪʃən,,v.定位，安放； n.位置，职位,六级
possession,pə'zɛʃən,,n.拥有,六级
potential,pə'tɛnʃl,,a.潜在的 n.潜力,六级
potentially,pə'tɛnʃəli,,ad.潜在地,六级
practical,'præktɪkl,,a.实践的；实用的,六级
precedent,'prɛsɪdənt,,n.先例,六级
precision,prɪ'sɪʒn,,n.精确性,六级
predict,prɪ'dɪkt,,v.预测,六级
predominantly,prɪ'dɑmɪnəntli,,ad.占主导地位地,六级
preference,'prɛfrəns,,n.偏爱,六级
preindustrial,",priɪn'dʌstriəl",,a.工业化以前的,六级
prejudice,'prɛdʒədɪs,,n.偏见,六级
premium,'primɪəm,,n.奖金,六级
prescribe,prɪ'skraɪb,,v.开处方,六级
present,'prɛznt,,v.呈现，给予,六级
presentation,",prizɛn'teʃən",,n.展示，讲话,六级
presidency,'prɛzɪdənsi,,n.总统任期,六级
prestige,prɛ'stidʒ,,n.名声，声望,六级
previous,'privɪəs,,a.之前的,六级
priceless,ˈpraɪslɪs,,a.无价的，难以用价格衡量的,六级
primitive,'prɪmətɪv,,a.原始的，简单的,六级
principle,'prɪnsəpl,,n.原则,六级
prior,'praɪɚ,,a.优先的，先前的,六级
private,'praɪvət,,a.私人的,六级
procedure,prə'sidʒɚ,,n.程序,六级
productivity,",prodʌk'tɪvəti",,n.生产力,六级
profitable,'prɑfɪtəbl,,a.有利可图的，有利益的,六级
profound,prə'faʊnd,,a.深刻的，博学的,六级
prolonged,pro'lɔŋd,,a.长时间的,六级
promote,prə'mot,,v.促进,六级
promotion,prə'moʃən,,n.促销,六级
prompt,prɑmpt,,v.敦促,六级
property,'prɑpɚti,,n.财产,六级
propose,prə'poz,,v.提出,六级
prospect,'prɑspɛkt,,n.前景,六级
prosperity,prɑ'spɛrəti,,n.繁荣,六级
publicity,pʌb'lɪsəti,,n.宣传,六级
publicize,'pʌblɪsaɪz,,v.宣传,六级
purchase,'pɝtʃəs,,n.购买,六级
pursue,pə'sʊ,,v.追求,六级
puzzling,'pʌzlɪŋ,,a.迷惑的，困扰的,六级
quantifiable,"'kwɑntə,faɪəbl",,a.可量化的,六级
qualification,",kwɑlɪfɪ'keʃən",,n.资格,六级
qualify,ˈkwɑləˌfaɪ,,v.使有资格,六级
quantity,'kwɑntəti,,n.数量,六级
quicken,'kwɪkən,,v.加快,六级
quota,'kwotə,,n.配额，销售额,六级
quote,kwot,,v.引用,六级
rally,'ræli,,n.集会,六级
randomly,'rændəmlɪ,,ad.随机地,六级
rank,ræŋk,,v.排列，分级,六级
rape,rep,,n.强奸,六级
rare,rɛr,,a.罕见的，稀少的,六级
rate,ret,,n.费用,六级
realm,rɛlm,,n.领域，方面,六级
reap,rip,,v.收割，收货,六级
recall,'rikɔl,,v.回忆起，想起,六级
receipt,rɪ'sit,,n.发票,六级
reception,rɪ'sɛpʃən,,n.接待,六级
recipe,'rɛsəpi,,n.秘方，食谱,六级
reckless,'rɛkləs,,a.鲁莽的,六级
reckon,'rɛkən,,v.认为，评价,六级
reconcile,'rɛkənsaɪl,,v.使和解，使一致；调解,六级
recruit,rɪ'krut,,v.招聘,六级
recurrence,rɪ'kɝəns,,n.再次发生,六级
reflect,rɪ'flɛkt,,v.思考，反映，反射,六级
reflective,rɪ'flɛktɪv,,a.深思熟虑的；反映的，反射的,六级
refreshing,ri'frɛʃɪŋ,,a.新鲜的,六级
regain,rɪ'ɡen,,v.重新获得,六级
registration,'rɛdʒɪ'streʃən,,n.注册，登记,六级
regulation,ˌrɛɡjəˈleʃən,,n.管理，规则,六级
reimbursement,",riɪm'bɝsmənt",,n.返还费用,六级
reinforce,",riɪn'fɔrs",,v.增强，提高,六级
release,rɪ'lis,,v.释放，发布,六级
relevant,'rɛləvənt,,a.相关的,六级
reliable,rɪ'laɪəbl,,a.可靠的,六级
relieve,rɪ'liv,,v.减轻，缓解,六级
relieved,rɪ'livd,,a.轻松的，缓解的,六级
reluctance,rɪ'lʌktəns,,n.勉强，不情愿,六级
remarkable,rɪ'mɑrkəbl,,a.显著的，杰出的,六级
remove,rɪ'muv,,v.消除，移除；更新,六级
replacement,rɪ'plesmənt,,n.代替,六级
representative,'rɛprɪ'zɛntətɪv,,n.代表,六级
reproduction,",riprə'dʌkʃən",,n.繁殖,六级
reservation,",rɛzɚ'veʃən",,n.预定,六级
resident,'rɛzɪdənt,,n.居民,六级
resign,rɪ'zaɪn,,v.辞职,六级
resist,rɪ'zɪst,,v.抵制,六级
resolute,'rɛzəlut,,a.坚定的,六级
resort,rɪ'zɔrt,,n.度假胜地,六级
respective,rɪ'spɛktɪv,,a.各自的,六级
responsibility,rɪˌspɑːnsəˈbɪləti,,n.责任,六级
responsive,rɪ'spɑnsɪv,,a.灵敏的，反应的,六级
restrict,rɪ'strɪkt,,v.限制,六级
resume,ˈrezəmeɪ,,n.简历,六级
retailer,'ri:teilə,,n.零售商,六级
reunion,ˌri:'ju:nɪən,,n.团聚,六级
reveal,rɪ'vil,,v.揭露,六级
revenue,'rɛvənu,,n.收入,六级
reverse,rɪ'vɝs,,a.相反的,六级
revive,rɪ'vaɪv,,v.复苏,六级
revolutionize,'rɛvə'lʊʃə'naɪz,,v.革命化,六级
rewarding,rɪ'wɔrdɪŋ,,a.有回报的,六级
ridiculous,rɪ'dɪkjələs,,a.滑稽的，可笑的,六级
rigorous,'rɪɡərəs,,a.严格的,六级
ritual,'rɪtʃuəl,,n.仪式,六级
robbery,'rɑbəri,,n.抢劫,六级
romantic,ro'mæntɪk,,a.爱情的,六级
ruin,'ruɪn,,v.毁坏,六级
rustle,'rʌsl,,v.发出沙沙声,六级
sample,'sæmpl,,n.样本，样品,六级
scandal,'skændl,,n.丑闻,六级
scarcity,'skɛrsəti,,n.缺乏,六级
scare,skɛr,,n.恐吓，惊恐,六级
scent,sɛnt,,n.味道,六级
schedule,'skɛdʒul; (canadian) ˈʃɛdʒʊl; ˈʃɛdjʊl,,n.时间表,六级
sculpture,'skʌlptʃɚ,,n.雕塑,六级
sector,'sɛktɚ,,n.部门,六级
sensible,'sɛnsəbl,,a.理智的,六级
server,'sɝvɚ,,n.服务器,六级
session,'sɛʃən,,n.会议，学年,六级
severity,sə'vɛrəti,,n.严重性,六级
sexism,'sɛk'sɪzəm,,n.性别歧视,六级
shade,ʃed,,v.掩盖,六级
shady,'ʃedi,,a.阴凉的,六级
shareholder,'ʃɛrholdɚ,,n.股东,六级
shed,ʃɛd,,v.流出,六级
sheer,ʃɪr,,a.纯粹的,六级
shepherd,'ʃɛpɚd,,v.引导，带领,六级
shift,ʃɪft,,v.转变,六级
shot,ʃɑt,,n.照相，照片,六级
shrewd,ʃrud,,a.精明的,六级
shrink,ʃrɪŋk,,v.缩减，缩小,六级
shrug,ʃrʌɡ,,v.耸肩,六级
shuttle,'ʃʌtl,,n.航天飞机,六级
signal,'sɪgnl,,v.标志,六级
significant,sɪɡ'nɪfɪkənt,,a.重要的,六级
signify,'sɪɡnɪfaɪ,,v.表明，象征,六级
simultaneous,",saɪml'tenɪəs",,a.同步的,六级
skeptical,'skɛptɪkl,,a.怀疑的,六级
skip,skɪp,,v.跳过,六级
skyrocket,'skaɪ'rɑkɪt,,v.猛增,六级
skyscraper,'skaɪ'skrepɚ,,n.摩天大楼,六级
slack,slæk,,a.疲软的，萧条的,六级
slash,slæʃ,,v.削减,六级
slight,slaɪt,,a.轻微的,六级
slim,slɪm,,a.苗条的,六级
smuggle,'smʌgl,,v.走私,六级
solid,'sɑlɪd,,a.坚实的，稳固的,六级
solution,sə'luʃən,,n.解决，溶液,六级
soothe,sʊð,,v.安慰，减轻,六级
sophisticated,sə'fɪstɪketɪd,,a.复杂的，老于世故的,六级
spacious,'speʃəs,,a.宽敞的,六级
specialist,'spɛʃəlɪst,,n.专家,六级
species,'spiʃiz,,n.物种,六级
specific,spɪ'sɪfɪk,,a.具体的,六级
specification,'spɛsəfə'keʃən,,n.说明书,六级
spectacle,'spɛktəkl,,n.景象,六级
sponsor,'spɑnsɚ,,"v.赞助, 赞助商",六级
spot,spɑt,,n.点 v.发现,六级
spread,sprɛd,,v.传播，扩散,六级
squalor,'skwɔlɚ,,n.肮脏,六级
standardize,'stændɚdaɪz,,v.标准化,六级
startle,'stɑrtl,,v.使惊讶,六级
steady,'stɛdi,,a.稳定的,六级
stereotype,'stɛrɪətaɪp,,n.刻板印象，固有印象,六级
stimulate,'stɪmjə'let,,v.刺激，激励,六级
stockbroker,'stɑkbrokɚ,,n.股票经理人,六级
stove,stov,,n.炉子,六级
straightforward,",stret'fɔrwɚd",,a.直接的,六级
strain,stren,,n.压力,六级
strategy,'strætədʒi,,n.策略,六级
stray,stre,,n.迷路，流浪,六级
stress,strɛs,,v.强调,六级
strike,straɪk,,n.罢工,六级
strip,strɪp,,n.狭长的一块,六级
stuff,stʌf,,n.材料，东西,六级
submerge,səb'mɝdʒ,,v.淹没,六级
submit,səb'mɪt,,v.提交,六级
subsidy,'sʌbsədi,,n.补助,六级
substance,'sʌbstəns,,n.物质,六级
subtle,'sʌtl,,a.微妙的,六级
suburban,sə'bɝbən,,a.郊区的,六级
supervisor,'supɚvaɪzɚ,,n.督导,六级
surgical,'sɝdʒɪkl,,a.手术的,六级
suspect,sʌspɛkt; (for v.) səˈspɛkt,,v.怀疑 n.嫌疑犯,六级
suspicious,sə'spɪʃəs,,a.怀疑的,六级
sway,swe,,v.影响,六级
switch,swɪtʃ,,v.转换,六级
sympathetic,",sɪmpə'θɛtɪk",,a.同情的,六级
symptom,'sɪmptəm,,n.症状,六级
tackle,'tækl,,v.解决，处理,六级
tangled,'tæŋgld,,a.复杂的，纠缠的,六级
tank,tæŋk,,n.水箱,六级
temptation,tɛmp'teʃən,,n.诱惑,六级
testify,'tɛstɪfaɪ,,v.证明，检验,六级
testimony,'tɛstə'moni,,n.证词,六级
texture,'tɛkstʃɚ,,v.质地,六级
therapy,'θɛrəpi,,n.疗法,六级
threat,θrɛt,,n.威胁,六级
threaten,'θrɛtn,,v.威胁,六级
threshold,'θrɛʃhold,,n.门槛,六级
tough,tʌf,,a.困难的，粗暴的,六级
trace,tres,,v.追踪,六级
track,træk,,v.追踪 n.轨迹，踪迹,六级
tragedy,'trædʒədi,,n.悲剧,六级
trap,træp,,v.捕捉,六级
trend,trɛnd,,n.趋势,六级
trigger,'trɪɡɚ,,v.引发，引起,六级
tropical,'trɑpɪkl,,a.热带的,六级
tuition,tʊ'ɪʃən,,n.学费,六级
turbulence,'tɝbjələns,,n.喧嚣；气流,六级
turtle,'tɝtl,,n.海龟,六级
tutor,'tʊtɚ,,v.辅导,六级
twist,twɪst,,v.扭曲,六级
typical,'tɪpɪkl,,a.典型的,六级
uncertain,ʌn'sɝtn,,a.不确定的,六级
undecided,",ʌndɪ'saɪdɪd",,a.不确定的,六级
underestimate,/ˌʌndərˈestɪmeɪt/,,v.低估,六级
underfunded,ˌʌndəˈfʌndɪd,,a.资金不足的,六级
underlying,",ʌndɚ'laɪɪŋ",,a.潜在的，基础的,六级
undertake,",ʌndɚ'tek",,v.承担；着手，开始,六级
undertaking,'ʌndɚ'tekɪŋ,,n.任务，事情,六级
undocumented,",ʌn'dɑkjumɛntɪd",,a.无证明的,六级
unethical,ʌn'ɛθɪkl,,a.不道德的,六级
uneven,ʌn'ivən,,a.不均衡的,六级
unexpected,'ʌnɪk'spɛktɪd,,a.意想不到的,六级
unified,'ju:nifaid,,a.统一的,六级
unprecedented,ʌn'prɛsɪdɛntɪd,,a.史无前例的,六级
unrealistic,",ʌnriə'lɪstɪk",,a.不现实的,六级
unstable,ʌn'stebl,,a.不稳定的,六级
untiring,ʌn'taɪrɪŋ,,a.不知疲倦的,六级
untrustworthy,ʌn'trʌstwɝði,,a.不值得信任的，怀疑的,六级
urban,'ɝbən,,a.城市的，都市的,六级
urbanization,",ɝbənɪ'zeʃən",,n.城市化,六级
urge,ɝdʒ,,v.催促,六级
urgent,'ɝdʒənt,,a.急迫的,六级
utilization,ˌjuːtəlaɪ'zeɪʃn,,n.利用,六级
validity,və'lɪdəti,,n.有效性，真实性,六级
variation,",vɛrɪ'eʃən",,n.变化,六级
vary,ˈveri,,v.变化,六级
vegetarian,ˌvedʒə'teriən,,n.素食主义者,六级
vehicle,'viːɪkl,,n.车辆,六级
vessel,'vɛsl,,n.血管,六级
victim,'vɪktɪm,,n.受害者,六级
view,vju,,v.看待,六级
viewpoint,'vjupɔɪnt,,n.观点,六级
violation,",vaɪə'leʃən",,n.违反,六级
violent,'vaɪələnt,,a.暴力的,六级
virtual,[ˈvɜ:rtʃuəl],,a.实际的，虚拟的,六级
virtually,ˈvɜrtʃuəli,,ad.几乎,六级
virus,'vaɪrəs,,n.病毒,六级
vitamin,'vaɪtəmɪn,,n.维他命,六级
vulnerable,'vʌlnərəbl,,"a.脆弱的, 易受影响的",六级
welfare,'wɛl'fɛr,,n.福利,六级
widespread,ˈwʌɪdsprɛd,,a.广泛传播的,六级
wildfire,'waɪldfaɪɚ,,n.森林大火,六级
wildlife,'waɪldlaɪf,,n.野生动物,六级
wishful,'wɪʃfəl,,a.一厢情愿的,六级
wonder,'wʌndɚ,,v.想知道，好奇,六级
workload,'wɝklod,,n.工作量,六级
yield,jild,,v.产生,六级
deposit,dɪ'pɑzɪt,,v.存放 n.存款,六级
receptionist,rɪ'sɛpʃənɪst,,n.接待员,六级
particle,'pɑrtɪkl,,n.粒子，微粒,六级
furnish,'fɝnɪʃ,,v.提供,六级
elaborately,ɪ'læbərɪtli,,ad.复杂地，精心设计地,六级
infectious,ɪn'fɛkʃəs,,a.感染的，传染的,六级
diagnose,",daɪəɡ'nos",,v.诊断,六级
cripple,'krɪpl,,n.残疾，跛子,六级
aggressive,ə'ɡrɛsɪv,,a.挑衅的,六级
aptly,'æptli,,ad.适当地,六级
assimilate,ə'sɪməlet,,v.同化,六级
consistent,kən'sɪstənt,,a.一致的,六级
suspend,sə'spɛnd,,v.暂停,六级
ingenuity,",ɪndʒə'nuəti",,n.创造力,六级
reserved,rɪ'zɝvd,,a.保留意见的；矜持的,六级
unbiased,ʌn'baɪəst,,a.公正的,六级
disposal,dɪ'spozl,,n.支配；处理,六级
inferior,ɪn'fɪrɪɚ,,a.比……差,六级
stabilize,'stebəlaɪz,,v.使稳固，使安定,六级
fertility,fɚ'tɪləti,,n.多产，肥沃,六级
bleak,blik,,a.荒凉的,六级
soar,sɔr,,v.高飞,六级
optimism,'ɑptɪmɪzəm,,n.乐观,六级
ambition,æm'bɪʃən,,n.野心，报复,六级
pragmatic,præg'mætɪk,,a.务实的，讲求实际的,六级
compromise,'kɑmprəmaɪz,,v.妥协；危害,六级
perpetual,pɚ'pɛtʃuəl,,a.永久的,六级
dispensable,dɪ'spɛnsəbl,,a.可有可无的,六级
assault,ə'sɔlt,,n.攻击,六级
transcend,træn'sɛnd,,v.超越,六级
inherent,ɪn'hɪrənt,,a.固有的,六级
baffle,'bæfl,,v.使迷惑，困惑,六级
stain,sten,,n.污渍，污点,六级
peer,pɪr,,n.同龄人,六级
isolate,aɪslˌet,,v.使隔离,六级
abolition,",æbə'lɪʃən",,n.废除,六级
slavery,'slevəri,,n.奴隶制度,六级
script,skrɪpt,,n.脚本，剧本,六级
manuscript,'mænjuskrɪpt,,n.手稿,六级
trait,tret,,n.特点,六级
deviate,'divɪet,,v.偏离,六级
overwhelming,",ovɚ'wɛlmɪŋ",,a.压倒性的,六级
successively,sək'sɛsɪvli,,ad.接连着地，继续地,六级
visualize,'vɪʒuəlaɪz,,v.想象,六级
underrepresented,"'ʌndə,repri'zentid",,a.未被充分代表的,六级
tap,tæp,,"v.轻敲, 导出",六级
extinguish,ɪk'stɪŋɡwɪʃ,,v.熄灭；使消亡,六级
toxic,'tɑksɪk,,a.有毒的,六级
postdoctoral,",post'dɑktərəl",,a.博士后的,六级
recommend,'rɛkə'mɛnd,,v.推荐,六级
consultation,",kɑnsl'teʃən",,n.商议,六级
determine,dɪ'tɝmɪn,,v.决定,六级
confidential,",kɑnfɪ'dɛnʃl",,a.机密的,六级
curriculum,kə'rɪkjələm,,n.课程,六级
cafeteria,",kæfə'tɪrɪə",,n.自助餐厅,六级
trim,trɪm,,v.修剪,六级
expel,ɪk'spɛl,,v.开除，驱逐,六级
refine,rɪ'faɪn,,v.精炼；使……文雅,六级
suicide,'suɪsaɪd,,n.自杀,六级
manual,'mænjuəl,,a.手工的；体力的,六级
alphabetical,",ælfə'bɛtɪkl",,a.按字母表顺序的,六级
bloom,blum,,v.开花，茂盛,六级
fertilizer,'fɝtəlaɪzɚ,,n.肥料,六级
plough,plaʊ,,n.犁,六级
affiliate,ə'fɪlɪet,,v.使隶属于,六级
hazardous,'hæzɚdəs,,a.危险的,六级
instantaneous,",ɪnstən'tenɪəs",,a.即时的，瞬间的,六级
intrinsic,ɪn'trɪnsɪk,,a.本质的，固有的,六级
paradox,'pærədɑks,,n.悖论,六级
grateful,'ɡretfl,,a.感激的,六级
modify,'mɑdɪfaɪ,,v.改变,六级
consent,kən'sɛnt,,n.同意,六级
intuitive,ɪn'tuɪtɪv,,a.直觉的,六级
scaffolding,'skæfəldɪŋ,,n.脚手架,六级
outperform,",aʊtpɚ'fɔrm",,v.胜过,六级
discern,dɪ'sɝn,,v.识别,六级
lawsuit,'lɔsut,,n.诉讼,六级
ruling,'rulɪŋ,,n.裁定,六级
designate,'dɛzɪɡnet,,v.指定，委派,六级
endorsement,ɪn'dɔrsmənt,,n.支持,六级
tasteless,'testləs,,a.没有味道的,六级
brilliant,'brɪljənt,,a.才华横溢的；极好的,六级
fabric,'fæbrɪk,,n.布料,六级
vocational,vo'keʃənl,,a.职业的,六级
carpentry,'kɑrpəntri,,n.木工业,六级
ventilate,'vɛntɪlet,,v.使通风,六级
embody,ɪm'bɑdi,,v.体现,六级
tedious,'tidɪəs,,a.冗长的,六级
deduction,dɪ'dʌkʃən,,n.扣款,六级
fluctuate,'flʌktʃʊ'et,,v.波动,六级
simultaneously,saɪməl'tenɪəsli,,ad.同步地，同时地,六级
craft,kræft,,n.手艺 v.精巧地制作,六级
facilitate,fə'sɪlə'tet,,v.使便利；促进,六级
deteriorate,dɪ'tɪrɪəret,,v.恶化,六级
hasten,'hesn,,v.加速,六级
specialize,'spɛʃəlaɪz,,v.专业从事,六级
liberation,",lɪbə'reʃən",,n.解放,六级
pursuit,pɚ'sut,,n.追求,六级
bemoan,bɪ'mon,,v.抱怨；惋惜,六级
evolve,ɪ'vɑlv,,v.进化,六级
fluently,'flu:əntlɪ,,ad.流利地,六级
composition,",kɑmpə'zɪʃən",,n.作文,六级
literal,'lɪtərəl,,a.字面的,六级
honorary,'ɑnərɛri,,a.荣誉的,六级
hurl,hɝl,,v.猛投,六级
confer,kən'fɝ,,v.授予,六级
notoriously,noˈtɔːriəsli,,ad.臭名昭著地,六级
validation,",vælə'deʃən",,n.证实,六级
jeopardize,'dʒɛpɚdaɪz,,v.危害，危及,六级
allegedly,ə'lɛdʒɪdli,,ad.据说,六级
vigorous,'vɪɡərəs,,a.积极的；精力充沛的,六级
fake,feɪk,,n.假货,六级
contestant,kən'tɛstənt,,n.参赛者,六级
column,'kɑləm,,n.专栏,六级
hasty,'hesti,,a.匆忙的,六级
linger,'lɪŋɡɚ,,v.逗留，徘徊,六级
inheritance,ɪn'hɛrɪtəns,,n.继承；遗产,六级
worldly,'wɝldli,,a.世间的，尘世的,六级
dimension,dɪ'mɛnʃ(ə)n; daɪ-,,n.尺寸；维,六级
eligible,'ɛlɪdʒəbl,,a.适合的；胜任的,六级
permanent,'pɝmənənt,,a.永久的,六级
memorize,'mɛmə'raɪz,,v.熟记,六级
evaluation,"ɪ,væljʊ'eʃən",,n.评价,六级
literacy,'lɪtərəsi,,n.教育；文化,六级
enviable,'ɛnvɪəbl,,a.值得羡慕的,六级
bipartisan,",baɪ'pɑrtɪzn",,a.两党的,六级
amend,ə'mɛnd,,v.修订,六级
interpret,ɪn'tɝprɪt,,v.解释；口译,六级
access,'æksɛs,,v.取得，获取,六级
champion,'tʃæmpɪən,,v.支持，拥护,六级
navigate,'nævə'get,,v.航行，驾驶,六级
intertwine,",ɪntɚ'twaɪn",,v.交织，纠缠,六级
collaborate,kə'læbəret,,v.合作,六级
evaluate,ɪ'væljʊ'et,,v.评价,六级
domain,do'men,,n.领域,六级
accumulate,ə'kjumjəlet,,v.积累,六级
persistent,pə'zɪstənt,,a.坚持不懈的，持续的,六级
boast,bost,,v.自夸,六级
assume,ə'sum,,v.假定，认为,六级
forthcoming,",fɔrθ'kʌmɪŋ",,a.即将来临的,六级
mysteriously,mɪs'tɪrɪəsli,,ad.神秘地,六级
spoil,spɔɪl,,v.溺爱,六级
complement,ˈkɑːmplɪment,,n.补充,六级
immersive,ɪˈmɜ:sɪv,,a.沉浸的，身临其境的,六级
cognitive,'kɑɡnətɪv,,a.认知的,六级
rhetorical,rɪ'tɔrɪkl,,a.修辞的,六级
impair,ɪm'pɛr,,v.损害,六级
competent,'kɑmpɪtənt,,a.能胜任的，有能力的,六级
undermine,'ʌndɚ'maɪn,,v.暗中削弱,六级
incompatibility,"'ɪnkəm,pætə'bɪləti",,n.不兼容,六级
superficial,",supɚ'fɪʃl",,a.表面的,六级
endanger,ɪn'dendʒɚ,,v.使……危险,六级
practice,'præktɪs,,n.做法,六级
decode,ˌdi:ˈkəʊd,,v.解码,六级
immigration,",ɪmɪ'ɡreʃən",,n.移民,六级
inescapable,'ɪnə'skepəbl,,a.不可避免的,六级
utterly,'ʌtɚli,,ad.完全地，彻底地,六级
inanimate,ɪn'ænɪmət,,a.无生命的,六级
irreversible,",ɪrɪ'vɝsəbl",,a.不可逆的；不可取消的,六级
incalculable,ɪn'kælkjələbl,,a.不可估量的，无法计算的,六级
bump,bʌmp,,v.颠簸,六级
demonstration,",dɛmən'streʃən",,n.展示；游行,六级
desert,(for v.) dɪˈzɝ​t; (for n.) 'dɛzɚt,,v.放弃，抛弃,六级
jail,dʒel,,n.监狱,六级
cozy,'kozi,,a.舒适的,六级
lounge,laʊndʒ,,n.休息室,六级
worship,'wɝʃɪp,,v.崇拜，喜爱,六级
seasick,'sisɪk,,a.晕船的,六级
interfere,",ɪntɚ'fɪr",,a.干涉，妨碍,六级
tension,'tɛnʃən,,n.紧张,六级
transition,træn'zɪʃən,,n.过渡,六级
accidentally,",æksə'dɛntli",,ad.偶然地，意外地,六级
exertion,ɪɡ'zɝʃən,,n.运用,六级
impart,ɪm'pɑrt,,v.传授，教授,六级
provoke,prə'vok,,v.激怒,六级
assumption,ə'sʌmpʃən,,n.假设,六级
formula,'fɔrmjələ,,n.公式,六级
overlap,'ovəlæp,,v.重叠,六级
thrive,θraɪv,,v.繁荣，兴旺,六级
chronic,'krɑnɪk,,a.长期的；慢性的,六级
adversity,əd'vɝsəti,,n.逆境,六级
endure,ɪn'dʊr,,v.忍受,六级
assert,ə'sɝt,,v.主张，断言,六级
chew,tʃʊ,,v.咀嚼；深思,六级
tradeoff,"'tred,ɔf",,n.权衡，交易,六级
commentator,'kɑmən'tetɚ,,n.评论员,六级
vice,vaɪs,,n.恶意，恶习,六级
attribute,ə'trɪbjut,,v.归因于,六级
vivid,'vɪvɪd,,a.生动的,六级
upgrade,",ʌp'ɡred",,v.升级,六级
prospective,prə'spɛktɪv,,a.未来的，预期的,六级
regime,re'ʒim,,n.制度，管理体制,六级
appeal,ə'pil,,"n.请求，呼吁, 上诉",六级
weave,wiv,,v.织布，编织,六级
sew,so,,v.缝上，缝纫,六级
nap,næp,,n.小睡,六级
row,ro,,v.划船,六级
helicopter,'hɛlɪkɑptɚ,,n.直升飞机,六级
conquer,'kɑŋkɚ,,v.征服,六级
memorandum,",mɛmə'rændəm",,n.备忘录,六级
clarity,'klærəti,,n.清晰，清楚,六级
carpenter,ˈkɑːrpəntər,,n.木匠,六级
drummer,'drʌmɚ,,n.鼓手,六级
discrimination,"dɪ,skrɪmɪ'neʃən",,n.歧视,六级
uninformed,",ʌnɪn'fɔrmd",,a.无知的，未受过教育的,六级
entitle,ɪn'taɪtl,,v.使具有资格,六级
imitate,'ɪmɪtet,,v.模仿,六级
subordinate,səˈbɔːdɪnɪt (for n. &adj.) ; səˈbɔːdɪˌnet (for v.),,a.次要的，从属的,六级
suppress,sə'prɛs,,v.镇压，压制,六级
throne,θron,,n.王位,六级
athletics,æθ'lɛtɪks,,n.体育运动,六级
coach,kotʃ,,n.教练,六级
biodiversity,",baɪodaɪ'vɝsəti",,n.生物多样性,六级
accommodate,ə'kɑmədet,,v.适应，容纳,六级
ultimate,'ʌltəmət,,a.最终的,六级
invasive,ɪn'vesɪv,,a.入侵的,六级
underscore,",ʌndɚ'skɔr",,v.强调,六级
ongoing,'ɑnɡoɪŋ,,a.持续的，不间断的,六级
greedy,'gridi,,a.贪婪的,六级
lessen,'lɛsn,,v.减少,六级
incur,ɪn'kɝ,,v.引起，导致,六级
integral,'ɪntɪɡrəl,,a.完整的,六级
merge,mɝdʒ,,v.合并,六级
unintentionally,ˌʌnɪn'tenʃənəli,,ad.无意地,六级
grave,ɡrev,,a.严重的,六级
intimate,ˈɪntəmɪt,,a.亲密的,六级
alleviate,ə'livɪ'et,,v.减轻，缓解,六级
conspicuous,kən'spɪkjʊəs,,a.显著的,六级
territory,'tɛrətɔri,,n.领域，领土,六级
displace,dɪs'ples,,v.取代,六级
regardless,rɪ'ɡɑrdləs,,a.不管，不顾,六级
duplication,",djʊplɪ'keʃən",,n.复制品,六级
overturn,'ovətɝn,,v.推翻,六级
identical,aɪ'dɛntɪkl,,a.相同的,六级
miniature,ˈmɪniətʃɚ; ˈmɪnɪtʃɚ,,a.微型的,六级
tempting,'tɛmptɪŋ,,a.吸引人的,六级
segregation,'sɛgrɪ'geʃən,,n.隔离,六级
variance,'vɛrɪəns,,n.不同,六级
inaction,ɪn'ækʃən,,n.不作为,六级
conserve,kən'sɝv,,v.保留，保护,六级
renewable,rɪ'nuəbl,,a.可再生的,六级
embrace,ɪm'bres,,v.采纳，接受,六级
counterpart,'kaʊntɚpɑrt,,n.对等物,六级
rival,'raɪvl,,n.对手,六级
intense,ɪn'tɛns,,a.激烈的，强烈的,六级
aspirational,",æspə'reʃənl",,a.渴望的,六级
transform,træns'fɔrm,,v.转变,六级
grip,ɡrɪp,,n.抓住,六级
unfold,ʌn'fold,,v.展开,六级
ideological,",aɪdɪə'lɑdʒɪkl",,a.意识形态的,六级
filter,'fɪltɚ,,v.过滤,六级
pronoun,'pronaʊn,,n.代词,六级
philosophy,fə'lɑsəfi,,n.哲学,六级
illuminate,ɪ'lumɪnet,,v.阐释，阐明,六级
odds,ɑdz,,n.可能性,六级
confess,kən'fɛs,,v.承认,六级
manipulate,mə'nɪpjulet,,v.操纵,六级
rhythm,'rɪðəm,,n.节奏,六级
hijack,'haɪdʒæk,,v.劫持,六级
sweep,swip,,v.扫除，清除,六级
withdraw,wɪð'drɔ,,v.撤销，撤退,六级
flame,flem,,n.火焰,六级
spark,spɑrk,,n.火花,六级
feasibility,",fizə'bɪləti",,n.可行,六级
fascinate,'fæsə'net,,v.使着迷,六级
crew,krʊ,,n.机组人员,六级
cumulative,'kjumjəletɪv,,a.积累的,六级
awkward,'ɔkwɚd,,a.尴尬的，棘手的，笨拙的,六级
obscurity,əb'skjʊrəti,,n.默默无闻,六级
badge,bædʒ,,"n.标记, 徽章",六级
distinction,dɪ'stɪŋkʃən,,n.区分,六级
formulate,'fɔrmjə'let,,v.制定，规划,六级
monetary,'mʌnɪtɛri,,a.货币的,六级
portray,pɔr'tre,,v.描述,六级
hostility,hɑ'stɪləti,,n.敌意,六级
robust,ro'bʌst,,a.强健的,六级
appropriation,"ə,proprɪ'eʃən",,n.挪用,六级
deforestation,",di,fɔrɪ'steʃən",,n.砍伐森林,六级
puzzle,'pʌzl,,v.迷惑,六级
migration,maɪ'ɡreʃən,,n.迁徙，移居,六级
constrain,kən'stren,,v.限制,六级
sneak,snik,,v.溜走,六级
margin,'mɑrdʒən,,n.利润,六级
division,də'vɪʒən,,n.分歧,六级
privilege,ˈprɪvəlɪdʒ,,n.特权,六级
imperial,ɪm'pɪrɪəl,,a.帝国的,六级
justice,'dʒʌstɪs,,n.公平,六级
opponent,ə'ponənt,,n.反对者,六级
crush,krʌʃ,,v.压碎，压榨,六级
harness,'hɑrnɪs,,v.管理，控制,六级
monopolize,mə'nɑpə'laɪz,,v.垄断,六级
tremendous,trə'mɛndəs,,a.巨大的,六级
vital,'vaɪtl,,a.重要的,六级
imperative,ɪm'pɛrətɪv,,"a.必须的,必要的",六级
initial,ɪ'nɪʃəl,,a.初步的，最初的,六级
distract,dɪ'strækt,,v.分心，分散注意,六级
convincing,kən'vɪnsɪŋ,,a.令人信服的,六级
consult,kən'sʌlt,,v.咨询,六级
agony,'æɡəni,,n.痛苦,六级
refrain,rɪ'fren,,v.抑制，避免,六级
thrilling,'θrɪlɪŋ,,a.令人兴奋的,六级
prematurely,",primə'tjʊrli",,ad.早熟地，过早地,六级
conscientious,'kɑnʃɪ'ɛnʃəs,,a.有良心的，认真负责的,六级
entail,ɪn'tel,,v.使需要，使必须,六级
forge,fɔrdʒ,,v.铸造；伪造,六级
overstate,",ovɚ'stet",,v.夸张,六级
accountable,ə'kaʊntəbl,,a.应负责的，有责任的,六级
pessimistic,",pɛsɪ'mɪstɪk",,a.悲观的,六级
subsequently,'sʌbsɪkwəntli,,ad.随后,六级
hack,hæk,,v.黑客攻击,六级
liability,'laɪə'bɪləti,,n.责任；债务,六级
conversion,kən'vɝʒn,,n.转变,六级
needle,'nidl,,n.指针，针,六级
deterioration,"dɪ,tɪrɪə'reʃən",,n.恶化，退化,六级
fault,fɔlt,,n.过失,六级
relay,rɪ'le,,v.接替，转播,六级
shrank,ʃræŋk,,v.收缩(shrink过去式),六级
transmit,trænzˈmɪt,,v.传播，传导,六级
incidentally,",ɪnsɪ'dɛntli",,ad.顺便地，附带,六级
notably,'notəbli,,ad.显著地，尤其,六级
worldwide,'wɝldwaɪd,,ad.世界范围地，全世界,六级
rigor,'rɪgɚ,,n.严格,六级
readjust,",riə'dʒʌst",,v.重新调整，再调整,六级
prolong,prəˈlɑːŋ,,v.延长,六级
redefine,",ridɪ'faɪn",,v.重新定义,六级
controversial,",kɑntrə'vɝʃl",,a.受到争议的,六级
degeneration,"dɪ,dʒɛnə'reʃən",,n.退化，变质,六级
malicious,mə'lɪʃəs,,a.恶毒的,六级
widen,'waɪdn,,v.拓宽，变宽,六级
density,'dɛnsəti,,n.密度,六级
metropolitan,",mɛtrə'pɑlɪtən",,a.大都市的,六级
prominent,'prɑmɪnənt,,a.卓越的，突出的,六级
prevalence,'prɛvələns,,n.流行，普遍,六级
compact,'kɑmpækt,,a.紧密的，紧凑的,六级
correlation,",kɔrə'leʃən",,n.相关，关联,六级
simulate,'sɪmjulet,,v.模拟，模仿,六级
momentum,mo'mɛntəm,,n.动力，势头,六级
fixture,'fɪkstʃɚ,,n.固定装置,六级
proposition,",prɑpə'zɪʃən",,n.提议，主题,六级
dynamics,daɪ'næmɪks,,n.动力学,六级
descent,dɪ'sɛnt,,"n.血统, 后裔",六级
affiliation,"ə,fɪlɪ'eʃən",,n.隶属关系，单位团体,六级
perception,pɚ'sɛpʃən,,n.看法；意识,六级
permeate,'pɝmɪet,,v.渗透,六级
recruiter,rɪ'krʊtɚ,,n.招聘者,六级
dilute,daɪ'l(j)ut,,v.稀释，冲淡,六级
prioritize,praɪ'ɔrətaɪz,,v.优先,六级
privileged,'prɪvəlɪdʒd,,a.有特权的,六级
landmark,'lændmɑrk,,a.有重大意义或影响的,六级
extracurricular,",ɛkstrəkə'rɪkjəlɚ",,a.课外的,六级
deprivation,",dɛprɪ'veʃən",,n.剥夺，匮乏,六级
cater,'ketɚ,,v.迎合,六级
pierce,pɪrs,,v.刺穿,六级
surpass,sə'pæs,,v.超过,六级
target,'tɑrɡɪt,,v / n.目标；把…作为目标,六级
ready,'rɛdi,,a.乐意的，愿意的,六级
alternatively,ɔl'tɝnətɪvli,,ad.二选一地；非此即彼,六级
chronically,'krɑnɪkli,,ad.慢性地；持久地,六级
frame,frem,,v.设计，建造,六级
mournful,'mɔrnfl,,a.悲哀的；令人惋惜的,六级
cultivate,'kʌltɪvet,,v.培养,六级
cornerstone,'kɔrnɚston,,n.基石,六级
legalize,'liɡəlaɪz,,v.合法化,六级
rigid,'rɪdʒɪd,,a.严格的,六级
certify,'sɝtə'fai,,v.保证，证明,六级
orbit,'ɔrbɪt,,n.轨道,六级
astronomical,",æstrə'nɑmɪkl",,a.天文数字的,六级
Automatically,ɔːtə'mætɪklɪ,,ad.自动地；不经思考地,六级
existence,ɪɡ'zɪstəns,,n.存在，生存,六级
intolerant,ɪn'tɑlərənt,,a.无法容忍的,六级
occupation,",ɑkju'peʃən",,n.职业,六级
slightly,'slaɪtli,,ad.轻微地,六级
exploit,ɪk'splɔɪt,,v.开发，开采,六级
regarding,rɪ'ɡɑrdɪŋ,,prep.关于,六级
ecosystem,"'ɛko,sɪstəm",,n.生态系统,六级
noted,'notɪd,,a.著名的,六级
incorporate,ɪn'kɔːpəreɪt,,v.合并；体现,六级
interactive,",ɪntɚ'æktɪv",,a.互相作用的，互相影响的,六级
novel,ˈnɑːvl,,a.新颖的,六级
mismanagement,mɪs'mænɪdʒmənt,,n.管理不当,六级
irrational,ɪ'ræʃənl,,a.不合理的，不理性的,六级
groundless,'ɡraʊndləs,,a.无理由的，无根据的,六级
restructure,ri'strʌktʃɚ,,v.调整，重建,六级
stimulus,'stɪmjələs,,n.刺激,六级
feasible,'fizəbl,,a.可行的,六级
adaptation,",ædæp'teʃən",,n.适应；改编,六级
institute,'ɪnstɪtut,,n.研究所，学会，学院,六级
biochemistry,'baɪo'kɛmɪstri,,n.生物化学,六级
entrepreneur,ˌɑntrəprəˈnɝ​,,n.企业家,六级
arise,ə'raɪz,,v.出现,六级
ascend,ə'sɛnd,,v.上升,六级
combination,",kɑmbɪ'neʃən",,n.组合，结合,六级
definite,'dɛfɪnət,,a.一定的，确切的,六级
preserve,prɪ'zɝv,,v.保存，保护,六级
program,'proɡræm,,v.计划，安排,六级
proximately,'prɔksimitli,,ad.近似，接近,六级
lobbyist,'lɑbɪɪst,,n.游说者,六级
redundant,rɪ'dʌndənt,,a.过剩的；失业的，被解雇的,六级
insurer,ɪn'ʃʊrɚ,,n.保险公司；承保人,六级
overestimate,",ovər'ɛstɪmət",,v.高估,六级
cropland,"'krɑp,lænd",,n.农田,六级
irrigation,ˌɪrɪˈɡeʃn,,n.灌溉,六级
contaminate,kən'tæmɪnet,,v.污染，弄脏,六级
untreated,",ʌn'tritɪd",,a.未经处理的,六级
sanitation,",sænɪ'teʃən",,n.卫生环境，卫生设备,六级
echo,'ɛko,,v.随声附和，发出回声,六级
duplicate,'duplɪket,,n.副本，复制品,六级
elevate,'ɛlɪvet,,v.提升，举起；使高兴,六级
illustrate,'ɪləstret,,v.阐明，说明,六级
inquire,ɪn'kwaɪr,,v.询问,六级
prevail,pri'vel,,v.流行，普遍,六级
strap,stræp,,v.用带帮助,六级
turbulent,'tɝbjələnt,,a.动荡的，骚乱的,六级
rebellion,rɪ'bɛljən,,n.叛逆,六级
lofty,'lɔfti,,a.崇高的,六级
render,'rɛndɚ,,v.给予,六级
recyclable,",ri'saɪkləbl",,a.可回收利用的,六级
trick,trɪk,,n.骗局，诡计,六级
certification,",sɝtɪfɪ'keʃən",,n.证明，保证,六级
prevailing,pri'velɪŋ,,a.流行的,六级
misled,mis'led,,(mislead过去式)误导,六级
elimination,"ɪ,lɪmə'neʃən",,n.消除，淘汰,六级
unqualified,",ʌn'kwɑlɪfaɪd",,a.不合格的，不胜任的,六级
subconscious,",sʌb'kɑnʃəs",,a.下意识的，潜意识的,六级
incompetent,ɪn'kɑmpɪtənt,,a.无能力的，不胜任的,六级
discriminate,dɪ'skrɪmɪnet,,v.歧视；区别,六级
elegant,'ɛləgənt,,a.高雅的，雅致的,六级
gown,ɡaʊn,,n.长袍,六级
bride,braɪd,,n.新娘,六级
costume,'kɑstum,,n.服装,六级
trade,tred,,v.做买卖；交换,六级
deal,dil,,v.买卖毒品,六级
hike,haɪk,,v.作长途徒步旅行,六级
action,'ækʃən,,n.行动,六级
resultant,,,a.作为结果而发生的,六级
consequent,'kɑnsəkwənt,,a.作为结果的；必然的,六级
composer,kəm'pozɚ,,n.作曲家,六级
slave,sleɪv,,v.作苦工；奴役,六级
grunt,ɡrʌnt,,v.作呼噜声；咕哝,六级
abide,ə'baɪd,,v.忍受；遵守,六级
value,'vælju,,v.尊重，重视；估价,六级
dignity,'dɪɡnəti,,n.庄重；尊严；体面,六级
outermost,'aʊtɚ'most,,a.最外面的，最远的,六级
optimum,'ɑptəməm,,a.最优的，最适宜的,六级
initially,ɪ'nɪʃəli,,ad.最初，开始,六级
makeup,"'mek,ʌp",,n.化妆品；性格；构造；组成,六级
integral,'ɪntɪɡrəl,,a.作为组成部分的；内置的,六级
composition,",kɑmpə'zɪʃən",,n.组成，构成，结构,六级
block,blɑk,,n.阻塞；障碍物,六级
damn,dæm,,v.谴责,六级
ample,'æmpl,,a.足够的；宽敞的,六级
suffice,sə'faɪs,,v.足够,六级
lease,lis,,n.租约，契约，租契,六级
charter,'tʃɑrtɚ,,v.包租（飞机、船等）,六级
headquarters,'hɛdkwɔrtɚz,,n.总部,六级
executive,ɪɡ'zɛkjətɪv,,n.（机构或公司的）主管，经理,六级
main,meɪn,,n.总管道，干线,六级
overall,",ovə'rɔl",,a.总的,六级
conceit,kən'sit,,n.自负，自高自大,六级
ultraviolet,",ʌltrə'vaɪələt",,a.紫外（线）的,六级
descendant,dɪ'sɛndənt,,n.子孙，后裔,六级
endow,ɪn'daʊ,,v.资助；赋予,六级
datum,ˈdetəm ; ˈdætəm ; (also) ˈdɑtəm,,n.资料；数据；已知数,六级
qualification,",kwɑlɪfɪ'keʃən",,n.资格；学历,六级
bourgeois,",bʊr'ʒwɑ",,a.中产阶级的；庸俗的；资产阶级的,六级
woodpecker,'wʊdpɛkɚ,,n.啄木鸟,六级
bump,bʌmp,,v.撞上,六级
crash,kræʃ,,v.（发出巨响的） 猛撞,六级
way,we,,n.（特定的）状态，状况,六级
superb,/suːˈpɜːrb/,,a.壮丽的；超等的,六级
ornament,'ɔrnəmənt,,n.装饰物,六级
decorative,'dɛkəretɪv,,a.装饰的；可作装饰的,六级
ornamental,",ɔrnə'mɛntl",,a.装饰的,六级
mount,maʊnt,,v.装配,六级
shipment,'ʃɪpmənt,,n.装载的货物；装货,六级
can,kæn,,v.装罐头,六级
array,ə're,,v.（美观地）排列 n.陈列,六级
diversion,dəˈvɝʒən; dəˈvɝʃən; daɪˈvɝʒən; daɪˈvɝʃən,,n.转移；改道；娱乐,六级
convert,kən'vɝt,,v.转变，改变，变换,六级
transition,træn'zɪʃən,,n.转变，变迁；过渡,六级
torque,tɔrk,,n.转（力）矩，扭（力）矩,六级
box,bɑks,,n.（法庭的）专席,六级
workshop,'wɝkʃɑp,,n.专题讨论会,六级
patent,'pætnt,,a.专利的 n.专利,六级
clutch,klʌtʃ,,v.抓住，掌握，攫,六级
nest,nɛst,,v.筑巢，为…筑巢,六级
coin,kɔɪn,,v.铸造（硬币）,六级
noted,'notɪd,,a.著名的，知名的,六级
watchful,,,a.注意的，警惕的,六级
inject,ɪn'dʒɛkt,,v.注射；注满；喷射,六级
storage,'stɔrɪdʒ,,n.贮藏；保管,六级
position,pə'zɪʃən,,n.形势；主张，立场,六级
metropolitan,",mɛtrə'pɑlɪtən",,a.主要都市的 n.（东正教和天主教的）大主教,六级
principally,'prɪnsəpli,,ad.主要，大抵,六级
stalk,stɔk,,n.主茎，叶柄,六级
preside,prɪ'zaɪd,,v.主持；主奏,六级
eject,ɪ'dʒɛkt,,v.逐出，排斥；喷射,六级
bamboo,",bæm'bu",,n.竹；竹杆，竹棍,六级
jewellery,'dʒu:əlri,,n.珠宝，珠宝饰物,六级
wrinkle,'rɪŋkl,,n.皱纹 vt.使起皱纹,六级
axial,'æksɪəl,,a.轴的；轴向的,六级
axis,'æksɪs,,n.轴，轴线,六级
ambient,'æmbɪənt,,a.周围的，包围着的,六级
periodic,",pɪrɪ'ɑdɪk",,a.周期的；一定时期的,六级
anniversary,",ænɪ'vɝsəri",,n.周年纪念日,六级
peripheral,pə'rɪfərəl,,a.外围的的；末梢的,六级
perimeter,pə'rɪmɪtɚ,,n.周（边）；周长,六级
anybody,,,n.重要人物,六级
responsible,rɪ'spɑnsəbl,,a.可靠的；责任重大的,六级
consequence,'kɑnsəkwɛns,,n.重要（性），重大意义,六级
category,'kætəɡɔri,,n.种类，类目；范畴,六级
species,'spiʃiz,,n.种，物种；种类,六级
hearty,'hɑrti,,a.热情友好的；丰盛的,六级
neutron,'nʊtrɑn,,n.中子,六级
intermediate,",ɪntɚ'midɪət",,n.中间体；调解人,六级
proton,'protɑn,,n.质子，氕核,六级
qualitative,'kwɑlətetɪv,,a.质的；定性的,六级
fabricate,'fæbrɪket,,v.捏造；制作,六级
fabrication,",fæbrɪ'keʃən",,n.捏造；制作,六级
volunteer,",vɑlən'tɪr",,n.志愿者 v.志愿,六级
rebuke,rɪ'bjʊk,,v.指责，非难，斥责,六级
indicative,ɪn'dɪkətɪv,,a.指示的；陈述的,六级
denote,dɪ'not,,v.指示，意味着,六级
instructor,ɪn'strʌktɚ,,n.指导者，教员,六级
designate,'dɛzɪɡnet,,v.指定；指示；指明,六级
colonial,kə'lonɪəl,,a.殖民地的，殖民的,六级
vocation,vo'keʃən,,n.职业，行业,六级
notable,'notəbl,,a.值得注意的；著名的,六级
merit,'mɛrɪt,,v.值得；应受赏（罚）,六级
weaver,'wivɚ,,n.织布工，编织者,六级
brace,,,n.支柱 v.拉紧，撑牢,六级
check,tʃɛk,,n.支票；帐单,六级
second,'sɛkənd,,v.支持,六级
bearing,'bɛrɪŋ,,n.方位；（机器的）承座；轴承；忍受,六级
symptom,,,n.症状；征兆，征候,六级
regime,re'ʒim,,n.政权，政体；制度,六级
politics,'pɑlətɪks,,n.政纲，政见，策略,六级
platform,'plæt'fɔrm,,n.政纲，党纲，宣言,六级
confirmation,",kɑnfɚ'meʃən",,n.证实，确定；确认,六级
testify,'tɛstɪfaɪ,,v.作证；证明，证实,六级
audience,'ɔdɪəns,,n.正式会见；拜会,六级
correctly,kə'rɛktli,,ad.正确地，恰当地,六级
positive,'pɑzətɪv,,a.正的，阳性的；正的，正极的，阳性的；正的，正数的,六级
normalization,nɔrmləˈzeʃən,,n.正常化，标准化,六级
sign,saɪn,,n.征兆，迹象，病症,六级
conqueror,'kɑŋkərɚ,,n.征服者，胜利者,六级
controversy,ˈkɑːntrəvɜːrsi,,n.争论，辩论，争吵,六级
suppress,sə'prɛs,,v.镇压；抑制；禁止发表；封锁；查禁,六级
gust,ɡʌst,,n.阵风，一阵狂风,六级
clinic,'klɪnɪk,,n.诊所，医务室；会诊；会诊时间；门诊时间,六级
diagnose,",daɪəɡ'nos",,v.诊断（疾病）,六级
sincerity,sɪn'sɪərəti,,n.真诚，诚意；真实,六级
cherish,'tʃɛrɪʃ,,v.珍爱；怀有（感情）,六级
detective,dɪ'tɛktɪv,,n.侦探，警探；私人侦探，私家侦探,六级
underline,'ʌndəlaɪn,,v.着重；强调 n.预告,六级
grind,ɡraɪnd,,v.磨碎，碾碎，把...磨成粉,六级
discount,dɪs'kaʊnt,,n.折扣 v.打折扣卖,六级
literally,'lɪtərəli,,ad.照字义，逐字地,六级
illuminate,ɪ'lumɪnet,,v.照明，照亮；阐明,六级
summon,'sʌmən,,v.召唤；鼓起（勇气）,六级
marsh,mɑrʃ,,n.沼泽地，湿地,六级
entertainment,'ɛntɚ'tenmənt,,n.招待，招待会,六级
hindrance,'hɪndrəns,,n.障碍，妨碍,六级
hose,hoz,,n.软管；袜类（包括连裤袜、长筒袜、短袜）,六级
sofa,'sofə,,n.长沙发，沙发,六级
tensile,'tɛnsl,,a.张力的；能伸长的,六级
warfare,'wɔrfɛr,,n.战争，战争状态,六级
battle,'bætl,,v.战斗，与…作战,六级
predominant,prɪ'dɑmənənt,,a.占优势的；主要的,六级
unfold,ʌn'fold,,v.展开；展现，呈现,六级
cling,klɪŋ,,v.粘住；依附；坚持,六级
viscous,'vɪskəs,,a.粘滞的，粘性的,六级
coherent,ko'hɪrənt,,a.（文章、观点等）连贯的，有条理的，一致的,六级
album,'ælbəm,,n.（收存照片或邮票的） 册子,六级
glue,ɡlu,,v.粘牢,六级
cement,sə'mɛnt,,v.粘结,六级
adhere,əd'hɪr,,v.粘附；追随；坚持,六级
strip,strɪp,,n.窄条，长带,六级
grasshopper,'ɡræshɑpɚ,,n.蚱蜢，蝗虫，蚂蚱,六级
wink,wɪŋk,,v.眨眼；使眼色,六级
further,'fɝðɚ,,v.增进,六级
multiplication,'mʌltəplə'keʃən,,n.乘法；增加,六级
liability,'laɪə'bɪləti,,n.责任；债务,六级
shipbuilding,"'ʃɪp,bɪldɪŋ",,n.造船（业），造船学,六级
mint,mɪnt,,n.造币厂；巨额钱财,六级
hollow,'hɑlo,,v.凿空，挖空,六级
hymn,hɪm,,n.赞美诗，圣歌；赞歌,六级
glorify,'ɡlɔrɪfaɪ,,v.赞美；颂扬（上帝）,六级
fore,fɔr,,ad.在（或向）船头；在（或向）飞行器头部,六级
therein,",ðɛr'ɪn",,ad.在那里,六级
overseas,",ovɚ'siz",,ad.在海外，（向）国外,六级
ashore,ə'ʃɔr,,ad.在岸上，上岸,六级
outside,",aʊt'saɪd",,prep.在…外，向…外,六级
brand,brænd,,v.在…上打烙印,六级
alongside,ə'lɔŋ'saɪd,,prep.在…旁边,六级
roam,rom,,v.在…漫步，漫游,六级
over,'ovɚ,,prep.在（做）…时,六级
reproduction,",riprə'dʌkʃən",,n.再生（产）；繁殖,六级
specification,'spɛsəfə'keʃən,,n.规格；明确说明，详述,六级
disastrous,dɪ'zæstrəs,,a.灾难性的；悲惨的,六级
operation,",ɑpə'reʃən",,n.运算,六级
freight,fret,,n.货运；运费,六级
locomotive,",lokə'motɪv",,a.运动的；机动,六级
lunar,'lunɚ,,a.月亮的,六级
undertake,",ʌndɚ'tek",,v.从事；承诺,六级
primitive,'prɪmətɪv,,a.远古的，未开化的,六级
dome,dom,,n.圆屋顶，拱顶,六级
cylinder,'sɪlɪndɚ,,n.圆筒；柱（面）；汽缸,六级
satisfactorily,ˌsætɪs'fæktərɪlɪ,,ad.圆满地,六级
nucleus,'nuklɪəs,,n.原子核，细胞核,六级
prototype,'protə'taɪp,,n.原型；典型，范例,六级
vowel,'vaʊəl,,n.元音；元音字母,六级
marshal,'mɑrʃəl,,n.元帅；陆军元帅,六级
subscription,səb'skrɪpʃən,,n.订阅（费）；用户费（的缴纳）,六级
prophet,'prɑfɪt,,n.预言家，先知,六级
prophecy,'prɑfəsi,,n.预言；预言能力,六级
prediction,prɪ'dɪkʃən,,n.预言，预告；预报,六级
preset,",pri'sɛt",,v.预先装置,六级
beforehand,bɪ'fɔrhænd,,ad.预先；提前地,六级
budget,'bʌdʒɪt,,n.预算；〔政府的〕,六级
foresee,fɔr'si,,v.预见，预知，看穿,六级
prevention,pri'vɛnʃən,,n.预防，阻止，妨碍,六级
tulip,'tʊlɪp,,n.郁金香,六级
intonation,",ɪntə'neʃən",,n.语调，声调；发声,六级
cosmic,'kɑzmɪk,,a.宇宙的；广大无边的，极大的,六级
cosmos,'kɑzmos,,n.宇宙,六级
overlap,'ovəlæp,,v.与…交搭，重叠,六级
excuse,ɪk'skjʊs,,v.为…辩解；使免除,六级
senseless,'sɛnsləs,,a.愚蠢的，无意义的,六级
amusement,ə'mjuzmənt,,n.乐趣；娱乐，消遣,六级
torpedo,tɔr'pido,,n.鱼雷，水雷,六级
margin,'mɑrdʒən,,n.余地；（获胜者在时间或票数上领先的）幅度，差额；利润；赚头,六级
roundabout,'raʊndəbaʊt,,a.转弯抹角的；迂回的,六级
kidnap,'kɪdnæp,,v.诱拐，绑架,六级
guilt,ɡɪlt,,n.内疚；有罪，犯罪,六级
shadowy,'ʃædoi,,a.有影的；幽暗的,六级
avail,ə'vel,,v.有益于，有用 n.效用,六级
ambitious,æm'bɪʃəs,,a.有雄心的；热望的,六级
significant,sɪɡ'nɪfɪkənt,,a.重要的，重大的，影响深远的,六级
validity,və'lɪdəti,,n.（法律上的）有效；符合逻辑，正确,六级
availability,"ə,velə'bɪləti",,n.有效（性）；可得性,六级
finite,,,a.有限的；有尽的,六级
magnet,'mægnɪt,,n.有吸引力的人（或物）,六级
profitable,'prɑfɪtəbl,,a.有利的；有益的,六级
advantageous,'ædvən'tedʒəs,,a.有利的，有助的,六级
courteous,'kɝtɪəs,,a.有礼貌的，谦恭的,六级
bead,bid,,n.有孔小珠；水珠；露珠,六级
commonsense,'kɔmən'sens,,a.有常识的,六级
conservative,kən'sɝvətɪv,,a.保守的，守旧的,六级
liable,'laɪəbl,,a.有（法律）责任的,六级
yacht,jɑt,,n.游艇，快艇,六级
uranium,jʊ'renɪəm,,n.铀,六级
tanker,'tæŋkɚ,,n.油船；空中加油飞机,六级
postal,'postl,,a.邮政的，邮局的,六级
superiority,"su,pɪrɪ'ɔrəti",,n.优越（性），优势,六级
elbow,'ɛlbo,,v.用肘挤，挤进,六级
paper,'pepɚ,,v.贴壁纸,六级
cutter,'kʌtɚ,,n.用于切割的器械,六级
net,nɛt,,v.用网捕；用网覆盖,六级
head,hɛd,,v.用头顶（球）；朝...行进,六级
tug,tʌɡ,,v.用力拖 n.猛拉，拖,六级
hook,hʊk,,v.（使）钩住，挂住,六级
formulate,'fɔrmjə'let,,v.规划；制定；准备,六级
sniff,snɪf,,v.用鼻子吸，嗅,六级
courageous,kə'redʒəs,,a.勇敢的，无畏的,六级
emigrate,'ɛmɪɡret,,v.永久移居国外,六级
perpetual,pɚ'pɛtʃuəl,,a.永久的；四季开花的,六级
everlasting,",ɛvɚ'læstɪŋ",,a.永久的；持久的,六级
eternal,ɪ'tɝnl,,a.永久的；不朽的,六级
stiffness,'stɪfnɪs,,n.硬度,六级
comply,kəm'plaɪ,,v.应允，遵照，照做,六级
bound,baʊnd,,a.应当的；必定的,六级
salute,sə'lut,,v.（向…）行军礼，（向…）致敬,六级
cater,'ketɚ,,v.迎合，投合,六级
press,prɛs,,n.出版社；印刷所；印刷机,六级
printer,'prɪntɚ,,n.印刷工；印花工,六级
harbour,hɑrbɚ,,v.怀着（不好的想法、恐惧或希望）；包含，藏有；窝藏,六级
diet,'daɪət,,n.日常饮食，日常食物,六级
tempt,tɛmpt,,v.引诱，诱惑，劝诱,六级
cite,saɪt,,v.引证；引用；〔法院〕传召，传讯,六级
ignite,ɪɡ'naɪt,,v.引燃，着火,六级
derivation,'dɛrə'veʃən,,n.引出；起源；衍生,六级
banker,'bæŋkɚ,,n.银行家,六级
obscure,əb'skjʊr,,a.无名的；鲜为人知的,六级
inasmuch,",ɪnəz'mʌtʃ",,ad.因为，由于,六级
through,θru,,prep.因为，由于,六级
consciousness,'kɑnʃəsnəs,,n.意识；知觉,六级
observation,",ɑbzɚ'veʃən",,n.意见，短评，按语,六级
cross,krɔs,,a.恼怒的,六级
refrain,rɪ'fren,,v.抑制，制止，忍住,六级
restrain,rɪ'stren,,v.制止；抑制,六级
singular,'sɪŋɡjəlɚ,,a.异常的，奇异的,六级
house,haʊs,,n.议院，会议厅,六级
obligation,",ɑblɪ'ɡeʃən",,n.义务，职责，责任,六级
formerly,'fɔrmɚli,,ad.以前，从前,六级
veil,vel,,v.以面纱遮掩；遮盖,六级
desert,(for v.) dɪˈzɝ​t; (for n.) 'dɛzɚt,,v.遗弃；擅离（职守）,六级
forsake,"fɔrˈsek, fə-",,v.遗弃，抛弃；摒绝，摒弃,六级
transmission,træns'mɪʃən,,n.传播，传染,六级
displace,dɪs'ples,,v.移置；取代；置换,六级
displacement,dɪs'plesmənt,,n.移置；免职；置换,六级
colonist,'kɑlənɪst,,n.移民；殖民地居民,六级
instrumental,",ɪnstrə'mɛntl",,a.器乐的；有帮助的,六级
wardrobe,'wɔr'drob,,n.衣柜，衣橱，藏衣室,六级
garment,'gɑrmənt,,n.衣服；服装，衣着,六级
Islam,'izlɑ:m,,n.伊斯兰教，回教,六级
evenly,'ivnli,,ad.一致地；平静地,六级
compatible,kəm'pætəbl,,a.兼容的,六级
stitch,stɪtʃ,,n.一针，缝线 v.缝,六级
troop,trʊp,,n.一群，一队，大量,六级
concert,'kɑnsɚt,,n.一齐，一致，协作,六级
chop,tʃɑp,,n.一块排骨，肉块,六级
baby,bebɪ,,n.一家中年龄最小的人,六级
episode,'ɛpɪsod,,n.（人生的）一段经历；（小说的）片段，插曲,六级
cluster,'klʌstɚ,,n.串，束，簇；群，组 v.群聚；聚集,六级
generalization,",dʒɛnrələ'zeʃən",,n.一般化；概括，综合,六级
burglar,'bɝɡlɚ,,n.夜盗，窃贼,六级
amateur,ˈæmətər,,a.业余的 n.业余爱好者,六级
metallurgy,'mɛtəlɝdʒi,,n.冶金学，冶金术,六级
Jesus,'dʒizəs,,n.耶稣,六级
fort,fɔrt,,n.要塞，堡垒,六级
postulate,'pɑstʃəlet,,v.假定，假设,六级
prescription,prɪ'skrɪpʃən,,n.药方，处方；处方药,六级
cradle,'kredl,,n.摇篮；发源地,六级
waver,'wevɚ,,v.犹豫不决；摇摆,六级
wag,wæɡ,,v.（狗） 摇摆 （尾巴）；摇晃 （手指）,六级
oxide,'ɑksaɪd,,n.氧化物,六级
oxidize,'ɑksə'daɪz,,v.氧化，使生锈,六级
domestic,də'mɛstɪk,,a.家养的,六级
foster,'fɔstɚ,,v.培养；抚育，代养,六级
balcony,'bælkəni,,n.阳台；楼厅，楼座,六级
anode,'ænod,,n.阳极，正极，板极,六级
proverb,'prɑvɝb,,n.谚语，格言，箴言,六级
banquet,'bæŋkwɪt,,n.宴会，盛会，酒席,六级
scope,skop,,n.（学科、活动、书籍等的）范围；（发挥能力的）机会，施展余地；眼界,六级
cloak,klok,,v.掩盖，掩饰；覆盖，笼罩,六级
sharply,'ʃɑrpli,,ad.严厉地，苛刻地,六级
prolong,prəˈlɑːŋ,,v.延长，拉长，拖延,六级
retard,'rɪtɑrd,,v.阻碍；减缓；放慢,六级
pickle,'pɪkl,,n.腌制食品，泡菜,六级
dentist,'dɛntɪst,,n.牙科医生,六级
opium,'opɪəm,,n.鸦片；麻醉剂,六级
deposit,dɪ'pɑzɪt,,n.押金,六级
squeeze,skwiz,,v.压榨；榨取,六级
compression,kəm'prɛʃən,,n.压缩，压紧，浓缩,六级
squash,skwɔʃ,,v.压碎 n.果汁饮料,六级
overwhelming,",ovɚ'wɛlmɪŋ",,a.压倒的，势不可挡的,六级
overwhelm,",ovɚ'wɛlm",,v.使（某人）感到不能自持，使不知所措；压倒，击败,六级
velocity,vəˈlɑsəti,,n.迅速，快速,六级
circulation,",sɝkjə'leʃən",,n.血液循环；（资料、货币等）流通,六级
patrol,pə'trol,,n.巡逻，巡查,六级
cruise,krʊz,,v.巡航，巡航于…,六级
quest,kwɛst,,v.寻找，追求,六级
cigar,sɪ'ɡɑr,,n.雪茄烟，叶卷烟,六级
scholarship,'skɑlɚʃɪp,,n.奖学金；学问，学识,六级
radiant,'redɪənt,,a.容光焕发的；灿烂的,六级
gorgeous,'ɡɔrdʒəs,,a.极其漂亮的，极其吸引人的；绚丽的，华丽的,六级
option,'ɑpʃən,,n.选择，取舍,六级
cock,kɑk,,n.公鸡,六级
melody,'mɛlədi,,n.旋律，曲调；歌曲,六级
overhang,",ovɚ'hæŋ",,v.悬于…之上，悬垂,六级
console,'kɑnsol,,n.悬臂，肘托；控制台,六级
propaganda,'prɑpə'gændə,,n.宣传,六级
declaration,",dɛklə'reʃən",,n.宣布，宣言,六级
narration,nə'reʃən,,n.叙述；故事；叙述法,六级
sequence,'sikwəns,,n.序列，顺序,六级
warrant,'wɔrənt,,n.（法院授权警方采取行动的）令状；许可证,六级
requisite,'rɛkwəzɪt,,a.需要的，必要的 n.必需品,六级
embroidery,ɪm'brɔɪdəri,,n.绣花，刺绣；绣制品,六级
nun,nʌn,,n.修女，尼姑,六级
eloquence,'ɛləkwəns,,n.雄辩；口才，修辞,六级
wind,wɪnd; (for v.) waɪnd,,n.风,六级
directory,dəˈrɛktəri; (also) daɪˈrɛktəri,,n.姓名地址录,六级
pacific,pə'sɪfɪk,,a.性情温和的,六级
survival,sɚ'vaɪvl,,n.幸存；残存；幸存者,六级
flush,flʌʃ,,n.脸红；一阵强烈情感；（流露出的）一阵激情,六级
formal,'fɔrml,,a.正规的；庄重的,六级
constituent,kən'stɪtʃuənt,,a.构成的 n.选民,六级
scarlet,'skɑrlɪt,,n.猩红色 a.猩红的,六级
religion,rɪ'lɪdʒən,,n.宗教,六级
novelty,'nɑvlti,,n.新颖；新奇的事物,六级
regenerative,rə'dʒɛnəretɪv,,a.回授的；再生的,六级
bridegroom,'braɪdɡrum,,n.新郎,六级
novel,ˈnɑːvl,,a.新的，异常的,六级
zinc,zɪŋk,,n.锌 v.在…上镀锌,六级
appreciation,"ə,priʃɪ'eʃən",,n.欣赏；感激,六级
psychology,,,n.心理学；心理,六级
crab,kræb,,n.蟹；蟹肉 v.捕蟹,六级
subscript,'sʌbskrɪpt,,a.写在下方的 n.下标,六级
sideways,'saɪdwez,,ad.斜向一边地,六级
jean,dʒɪn,,n.斜纹布；牛仔裤,六级
gradient,'ɡredɪənt,,n.斜坡,六级
vicious,'vɪʃəs,,a.邪恶的；恶性的,六级
evil,'ivl,,n.邪恶，罪恶；祸害,六级
collaborate,kə'læbəret,,v.协作，合作；协调,六级
team,tim,,v.协作，合作,六级
coefficient,",koɪ'fɪʃnt",,n.协同因素；系数，率,六级
wedge,wɛdʒ,,n.楔 v.楔入；挤入,六级
calibration,",kælɪ'breʃən",,n.校准；标定，刻度,六级
paragraph,'pærəɡræf,,n.（文章的）段，段落,六级
cautious,'kɔʃəs,,a.小心的，谨慎的,六级
caution,'kɔʃən,,n.小心 v.告诫，警告,六级
suitcase,'sutkes,,n.手提箱，衣箱,六级
decimal,'dɛsɪml,,a.小数的，十进制的,六级
footpath,'fʊtpæθ,,n.小路，人行道,六级
puppy,'pʌpi,,n.小狗；幼小的动物,六级
closet,'klɑzət,,n.小房间；壁碗橱,六级
pamphlet,ˈpæmflɪt,,n.小册子,六级
slack,slæk,,a.萧条的；懈怠的,六级
disappearance,",dɪsə'pɪrəns",,n.消失，消散；失踪,六级
recreation,",rɛkrɪ'eʃən",,n.消遣，娱乐活动,六级
consumer,kən'sumɚ,,n.消费者，用户,六级
consumption,kən'sʌmpʃən,,n.消费（量）,六级
depression,dɪ'prɛʃən,,n.消沉；不景气萧条期,六级
token,'tokən,,n.辅币；象征,六级
ivory,'aɪvəri,,n.象牙（质）；乳白色,六级
forward,'fɔrwɚd,,ad.向前；向将来 v.转递,六级
southwards,'saʊθwɚdz,,ad.向南方,六级
orientation,orɪɛn'teʃən,,n.定位；方向,六级
defy,'difaɪ,,v.向…挑战；蔑视,六级
hail,hel,,v.向…欢呼，招呼,六级
yearn,jɝn,,v.渴望，向往,六级
spice,spaɪs,,n.香料，调味品,六级
pilgrim,'pɪlɡrɪm,,n.香客，朝圣者,六级
fragrant,'fregrənt,,a.香的，芬芳的,六级
incense,'ɪnsɛns,,n.香，熏香；香气,六级
uniformly,jʊnə'fɔrmli,,ad.相同地；一贯,六级
resemblance,rɪ'zɛmbləns,,n.相似，相似性,六级
analogy,ə'nælədʒi,,n.相似，类似；比拟,六级
interact,",ɪntɚ'ækt",,v.相互作用,六级
correlation,",kɔrə'leʃən",,n.相互关系,六级
reciprocal,rɪ'sɪprəkl,,a.相互的；互利的,六级
coincide,",koɪn'saɪd",,v.相巧合；相符合,六级
inversely,ɪn'vɝslɪ,,ad.相反地,六级
devotion,dɪ'voʃən,,n.献身，热诚，专心,六级
linear,'lɪnɪɚ,,a.线的；长度的,六级
qualify,ˈkwɑləˌfaɪ,,v.限制，限定，修饰,六级
realistic,",riə'lɪstɪk",,a.现实的；现实主义的,六级
striking,'straɪkɪŋ,,a.显著的，惊人的,六级
microscopic,",maɪkrə'skɑpɪk",,a.显微镜的；微观的，极小的,六级
apparent,ə'pærənt,,a.显然的,六级
distinctly,dɪ'stɪŋktli,,ad.显然，清楚地,六级
bacon,'bekən,,n.咸猪肉，熏猪肉,六级
gossip,'ɡɑsɪp,,n.闲谈；碎嘴子；漫笔,六级
ramble,'ræmbl,,v.闲逛，漫步；漫谈，闲聊,六级
precede,prɪ'sid,,v.先于…，领先,六级
priority,praɪ'ɔrəti,,n.先，前；优先，重点,六级
shower,'ʃaʊɚ,,v.下阵雨，使湿透,六级
decline,dɪ'klaɪn,,v.下倾；偏斜；衰退,六级
descent,dɪ'sɛnt,,n.下降；出身；斜坡,六级
subordinate,səˈbɔːdɪnɪt (for n. &adj.) ; səˈbɔːdɪˌnet (for v.),,a.下级的，辅助的,六级
inferior,ɪn'fɪrɪɚ,,n.下级；晚辈；次品,六级
slim,slɪm,,a.细长的；微小的,六级
taper,'tepɚ,,n.细小的蜡烛；微光,六级
petty,'pɛti,,a.细小的；器量小的,六级
nice,naɪs,,a.细微的，微妙的,六级
filament,'fɪləmənt,,n.细丝；长丝；灯丝,六级
bacterium,bæk'tɪrɪəm,,n.细菌,六级
germ,dʒɝm,,n.细菌，病原菌；幼芽,六级
systematically,",sɪstə'mætɪkl",,ad.系统地，有规则地,六级
spectrum,'spɛktrəm,,n.系列，范围；波谱,六级
lace,les,,v.系带，用带子束紧,六级
tape,tep,,v.系，捆,六级
drama,,,n.戏剧性事件；戏剧性,六级
theatre,ˈθiətər,,n.剧场，戏院,六级
comedy,'kɑmədi,,n.喜剧；喜剧场面,六级
assault,ə'sɔlt,,v.袭击 n.攻击,六级
usage,'jusɪdʒ,,n.习惯用法,六级
quench,kwɛntʃ,,v.熄灭，扑灭；压制,六级
extinguish,ɪk'stɪŋɡwɪʃ,,v.熄灭，扑灭；消灭,六级
absorption,"əbˈsɔrpʃən, -ˈzɔrp-",,n.吸收；专注,六级
intake,'ɪn'tek,,n.吸入；输入能量,六级
physically,'fɪzɪkli,,ad.身体上；体格上,六级
substantial,səbˈstænʃəl,,a.大而坚固的,六级
body,'bɑdi,,n.物体,六级
luncheon,'lʌntʃən,,n.午宴，午餐，便宴,六级
ignorance,'ɪɡnərəns,,n.无知，无学，愚昧,六级
insignificant,",ɪnsɪɡ'nɪfɪkənt",,a.无意义的；低微的,六级
doubtless,'daʊtləs,,ad.无疑地；很可能,六级
indefinite,ɪn'dɛfɪnət,,a.无限期的,六级
infinitely,'ɪnfɪnətli,,ad.无限地，无边地,六级
unlimited,ʌn'lɪmɪtɪd,,a.无限的；不定的,六级
infinite,'ɪnfɪnət,,n.无限；无穷（大）,六级
fearless,'fɪrləs,,a.无畏的，大胆的,六级
innumerable,ɪ'nʊmərəbl,,a.无数的，数不清的,六级
inorganic,'ɪnɔr'gænɪk,,a.无生物的；无机的,六级
ruthless,'rʊθləs,,a.无情的，冷酷的,六级
incapable,ɪn'kepəbl,,a.无能力的；无资格的,六级
unique,jʊ'nik,,a.无可匹敌的；极好的,六级
faultless,'fɔltləs,,a.无过失的；无缺点的,六级
foreign,'fɔrən,,a.外国的，国外的,六级
nought,nɔt,,n.无，零,六级
filth,fɪlθ,,n.污秽，污物；淫猥；淫猥,六级
snail,snel,,n.蜗牛；行动缓慢的人,六级
hum,hʌm,,n.嗡嗡声 v.哼曲子,六级
compliment,ˈkɑːmplɪmənt,,n.致意，问候 v.赞美，祝贺,六级
question,'kwɛstʃən,,v.问，询问，讯问,六级
literal,'lɪtərəl,,a.文字（上）的；字面的,六级
illiterate,ɪ'lɪtərət,,a.文盲的 n.文盲,六级
stationery,'steʃənɛri,,n.信笺，信纸；文具,六级
plague,pleɡ,,n.瘟疫；鼠疫（尤指腺鼠疫）,六级
softness,'sɔftnɪs,,n.温和，柔和；软弱,六级
graze,ɡrez,,v.喂草；放牧（牲畜）,六级
locality,lo'kæləti,,n.位置，地点，发生地,六级
situated,'sɪtʃuetɪd,,a.位于…的,六级
bachelor,'bætʃəlɚ,,n.未婚男子；学士,六级
unpaid,",ʌn'ped",,a.未付的；无偿的,六级
stern,stɝn,,n.艉，船尾；臀部,六级
commission,kə'mɪʃən,,n.委托，委任；委托状,六级
latitude,'lætɪtud,,n.纬度；黄纬,六级
vitamin,'vaɪtəmɪn,,n.维生素，维他命,六级
Venus,'vinəs,,n.维纳斯；美人,六级
idealism,'aɪ'diə'lɪzəm,,n.唯心主义；理想主义,六级
mast,mæst,,n.桅杆,六级
enclosure,ɪn'kloʒɚ,,n.围场，围栏；围绕,六级
violation,",vaɪə'leʃən",,n.违犯；侵犯，妨碍,六级
violate,'vaɪəlet,,v.违犯，违背；侵犯,六级
towards,tɔrdz,,prep.用于，有助于,六级
plead,plid,,v.为…辩护，抗辩,六级
catalogue,'kætəlɔɡ,,v.为…编目录,六级
microprocessor,",maɪkro'prosɛsɚ",,n.微信息处理机,六级
subtle,'sʌtl,,a.微妙的；精巧的,六级
atom,'ætəm,,n.原子,六级
calculus,'kælkjələs,,n.微积分；结石,六级
gleam,ɡlim,,n.微光 v.发微光,六级
negligible,'nɛɡlɪdʒəbl,,a.微不足道的,六级
microwave,'maɪkrə'wev,,n.微波,六级
awful,'ɔfl,,a.威严的；令人崇敬的,六级
majesty,'mædʒəsti,,n.雄伟，威严，庄严；陛下,六级
prestige,prɛ'stidʒ,,n.威望，威信，声望,六级
endanger,ɪn'dendʒɚ,,v.危及，危害,六级
crisis,'kraɪsɪs,,n.危机；转折点,六级
peril,'pɛrəl,,n.危机；危险的事物,六级
dismiss,dɪs'mɪs,,v.解雇，开除,六级
fro,fro,,ad.往，去，回，向后,六级
mesh,mɛʃ,,n.网眼，筛孔，网络,六级
network,'nɛtwɝk,,n.网络；广播网,六级
web,wɛb,,n.网，网状物,六级
stubborn,'stʌbɚn,,a.顽固的；顽强的,六级
trifle,'traɪfl,,v.玩忽；闲混；嬉耍,六级
completion,kəm'pliʃən,,n.完成，结束，完满,六级
crooked,'krʊkɪd,,a.弯的，歪的；畸形的,六级
hull,hʌl,,n.外壳，豆荚；薄膜,六级
diplomatic,",dɪplə'mætɪk",,a.外交的；有策略的,六级
alien,"ˈeliən,ˈeljən",,a.外国的 n.外国人,六级
strange,strendʒ,,a.陌生的，不熟悉的,六级
distort,dɪ'stɔrt,,v.歪曲，曲解；扭曲,六级
twist,twɪst,,v.歪曲，曲解,六级
tile,taɪl,,n.瓷砖；贴砖；瓦片,六级
watt,wɑt,,n.瓦（特）,六级
elliptical,ɪ'lɪptɪkl,,a.椭圆的；省略的,六级
haul,hɔl,,v.拖曳；拖运,六级
hip,hɪp,,n.臀部，髋,六级
devour,dɪ'vaʊɚ,,v.吞食；吞灭，毁灭,六级
retirement,rɪ'taɪɚmənt,,n.退休，引退；退隐,六级
drawback,'drɔbæk,,n.妨碍；弊端,六级
inference,'ɪnfərəns,,n.推论；推断的结果,六级
rational,'ræʃnəl,,a.合理的；适度的,六级
propulsion,prə'pʌlʃən,,n.推进，推进力,六级
propel,prə'pɛl,,v.推进，推动,六级
recommendation,",rɛkəmɛn'deʃən",,n.推荐，介绍；建议,六级
overthrow,",ovɚ'θro",,v.推翻 n.推翻，瓦解,六级
impulse,'ɪmpʌls,,n.冲动；推动,六级
presumably,prɪ'zuməbli,,ad.推测起来，大概,六级
gather,'ɡæðɚ,,v.推测，推断,六级
shove,ʃʌv,,v.推，（使劲）推,六级
solidarity,",sɑlɪ'dærəti",,n.团结；休戚相关,六级
regiment,'rɛdʒɪmənt,,n.团，军团；一大群,六级
bandit,'bændɪt,,n.土匪，盗匪，歹徒,六级
lever,'lɛvɚ,,n.途径，工具，手段,六级
overtake,",ovɚ'tek",,v.突然发生；压倒,六级
nose,noz,,n.突出部分（如船头等）,六级
bald,bɔld,,a.秃头的；无毛的,六级
projector,prə'dʒɛktɚ,,n.投影仪；探照灯,六级
poll,pol,,n.投票 v.对…进行民意测验（调查）,六级
dizzy,'dɪzi,,a.头晕眼花的，眩晕的,六级
steal,stil,,v.偷偷地做，窃取,六级
misery,'mɪzəri,,n.痛苦，悲惨，不幸,六级
torment,'tɔrmɛnt,,n.痛苦 v.折磨,六级
thrash,θræʃ,,v.痛打，鞭打，打,六级
dominant,'dɑmɪnənt,,a.统治的 n.主因,六级
dominate,'dɑmɪnet,,v.统治，支配，控制,六级
statistics,stə'tɪstɪks,,n.统计，统计数字,六级
even,'ivən,,a.平稳的，均匀的,六级
identical,aɪ'dɛntɪkl,,a.同一的；恒等的,六级
likeness,'laɪknəs,,n.同样；类似，相似,六级
simultaneous,",saɪml'tenɪəs",,a.同时的，同时存在的,六级
accessory,ək'sɛsəri,,n.同谋，帮凶 a.附属的,六级
homogeneous,",homə'dʒinɪəs",,a.同类的,六级
coordinate,ko'ɔrdɪnet,,a.同等的,六级
whilst,hwailst,,conj.同时；然而,六级
notify,'notə'fai,,v.通知，告知；报告,六级
advertise,'ædvɚtaɪz,,v.登广告,六级
correspondence,",kɔrə'spɑndəns",,n.通信；相关；相似,六级
popularity,",pɑpju'lærəti",,n.通俗性；普及，流行,六级
inflation,ɪn'fleʃən,,n.通货膨胀，物价飞涨,六级
currency,ˈkɜrənsi,,n.通货；货币,六级
entry,'ɛntri,,n.入口，通道；条目,六级
customary,'kʌstə'mɛri,,a.通常的；照惯例的,六级
ordinarily,",ɔrdn'ɛrəli",,ad.通常，大概,六级
hydrocarbon,",haɪdrə'kɑrbən",,n.烃，碳氢化合物,六级
resignation,",rɛzɪɡ'neʃən",,n.听从，屈从，顺从,六级
blacksmith,'blæksmɪθ,,n.铁匠，锻工,六级
ferrous,'fɛrəs,,a.铁的；亚铁的,六级
adjoin,ə'dʒɔɪn,,v.贴近，毗连；靠近,六级
hop,hɑp,,v.（人）单足跳,六级
skip,skɪp,,v.蹦跳着走；跳绳；略过,六级
overlook,",ovɚ'lʊk",,v.眺望；看漏；宽容,六级
regulate,'rɛɡjulet,,v.调整，调节，校准,六级
modulate,'mɑdʒəlet,,v.调整，调节（声音）,六级
settlement,'sɛtlmənt,,n.调停；（尤指拓荒者居住的）定居点，村落,六级
mischief,'mɪstʃɪf,,n.调皮，捣蛋，胡闹,六级
accord,ə'kɔrd,,n.符合；协议,六级
questionnaire,ˌkwɛstʃənˈɛr,,n.调查表，征求意见表,六级
sweetness,'switnəs,,n.甜蜜，芬芳；愉悦，美好,六级
dessert,dɪ'zɝt,,n.甜点心,六级
Catholic,kæθəlɪk,,a.天主教的 n.天主教徒,六级
astronomy,ə'strɑnəmi,,n.天文学,六级
embody,ɪm'bɑdi,,v.体现；包含，收录,六级
theme,θim,,n.题目；主题；主旋律；（句子的）主位；词干,六级
nominate,'nɑmɪnet,,v.提名，推荐；任命,六级
finance,'faɪnæns,,v.提供资金,六级
nourish,'nɜrɪʃ,,v.提供养分，养育,六级
enhance,ɪn'hæns,,v.提高，增加；改进,六级
elevate,'ɛlɪvet,,v.提拔；抬高,六级
purify,'pjʊrɪfaɪ,,v.提纯，精炼（金属）,六级
raise,rez,,v.提出，发起，发出,六级
introduce,ˌɪntrə'dus,,v.提出（议案等）,六级
peculiarity,pɪ'kjʊlɪ'ærəti,,n.特性，独特性；怪癖,六级
individual,",ɪndɪ'vɪdʒuəl",,a.特殊的,六级
essential,ɪ'sɛnʃl,,a.极其重要的；必不可少的,六级
bore,bɔr,,n.讨厌的人；麻烦事,六级
earthenware,'ɝθnwɛr,,n.陶器,六级
flee,fli,,v.逃走，逃避,六级
outlaw,'aʊtlɔ,,n.逃犯，歹徒,六级
wade,wed,,v.趟（河），跋涉,六级
probe,prob,,n.探针 v.用探针探查,六级
expedition,",ɛkspə'dɪʃən",,n.探险；探险队,六级
charcoal,'tʃɑrkol,,n.炭，木炭；生物炭,六级
plain,plen,,a.坦白的；普通的,六级
negotiate,nɪ'ɡoʃɪet,,v.谈判，交涉，议定,六级
greed,ɡrid,,n.贪心，贪婪,六级
moss,mɔs,,n.苔藓，地衣,六级
pedal,'pɛdl,,n.（自行车的）踏脚，踏板，脚蹬；（汽车或机器的）踏板,六级
thereof,",ðɛr'ʌv",,ad.它的，其；由此,六级
trivial,'trɪvɪəl,,a.琐碎的；平常的,六级
detail,'ditel,,n.琐碎，小事,六级
concern,kən'sɝn,,n.所关切的事；商行,六级
what,hwʌt; hwɑt; wʌt; wɑt,,a.所…的,六级
miniature,ˈmɪniətʃɚ; ˈmɪnɪtʃɚ,,n.缩影 a.缩小的,六级
hurt,hɝ​t,,n.（对感情造成的）伤害，创伤,六级
deform,dɪ'fɔrm,,v.损坏…的形状,六级
deformation,'difɔr'meʃən,,n.损坏；变形；畸形,六级
fringe,frɪndʒ,,n.穗，毛边；边缘,六级
scrap,skræp,,n.碎片；废料 v.废弃,六级
random,'rændəm,,n.随机 a.随机的,六级
garlic,'ɡɑrlɪk,,n.蒜，大蒜,六级
plastic,'plæstɪk,,a.塑料的；塑性的,六级
shorthand,'ʃɔrthænd,,n.速记，速记法,六级
scout,skaʊt,,v.搜索，侦察,六级
laundry,'lɔndri,,n.送洗衣店去洗的东西,六级
replace,rɪ'ples,,v.把...放回原处,六级
loosely,'lusli,,ad.松松地，松散地,六级
rear,rɪr,,v.饲养，培植；抚养,六级
perish,'pɛrɪʃ,,v.死亡，夭折；枯萎,六级
hiss,hɪs,,n.嘶嘶声 v.嘶嘶作声,六级
rip,rɪp,,v.撕，扯破，划破,六级
speculate,'spɛkjə'let,,v.猜测，推测；投机,六级
smuggle,'smʌgl,,v.私运，走私,六级
confidence,'kɑnfɪdəns,,n.私房话，秘密，机密,六级
velvet,'vɛlvɪt,,a.丝绒制的；柔软光滑的,六级
treasurer,'trɛʒərɚ,,n.司库，财务主管,六级
exposition,",ɛkspə'zɪʃən",,n.说明，解释；展览会，博览会,六级
preach,pritʃ,,v.说教，布道；鼓吹,六级
observe,əb'zɝv,,v.说，评述，评论,六级
momentary,'moməntɛri,,a.瞬息间的，片刻的,六级
instantaneous,",ɪnstən'tenɪəs",,a.瞬间的，即刻的,六级
couch,kaʊtʃ,,n.睡椅，长沙发椅,六级
slumber,'slʌmbɚ,,n.睡眠；沉睡状态,六级
buffalo,'bʌfəlo,,n.水牛；水陆坦克,六级
hydraulic,haɪ'drɔlɪk,,a.水力的；水力学的,六级
watery,'wɑtəri,,a.充满水的；与水有关的；湿的；（食物、饮料等）味淡的,六级
rinse,rɪns,,v.冲洗；嗽（口）,六级
wrestle,'rɛsl,,n.摔交；斗争，搏斗,六级
numerical,nʊ'mɛrɪkl,,a.数字的，数值的,六级
reckon,'rɛkən,,v.计算；认为,六级
harp,hɑrp,,n.竖琴；天琴座,六级
erect,ɪ'rɛkt,,a.直立的,六级
terminology,",tɝmə'nɑlədʒi",,n.术语学，术语,六级
proficient,prə'fɪʃnt,,a.熟练的，精通的,六级
proficiency,prə'fɪʃənsi,,n.熟练，精通,六级
input,'ɪn'pʊt,,v.输入 n.输入,六级
grant,ɡrænt,,n.拨款,六级
dependant,di'pendənt,,n.受赡养者,六级
miser,'maɪzɚ,,n.守财奴，吝啬鬼,六级
trolley,'trɑli,,n.手推车；有轨电车,六级
manuscript,'mænjuskrɪpt,,n.手稿，底稿，原稿,六级
handbook,'hændbʊk,,n.手册，便览，指南,六级
adoption,ə'dɑpʃən,,n.收养；采纳，采取,六级
revenue,'rɛvənu,,n.收入；收入数目,六级
oath,oθ,,n.誓言，誓约，宣誓,六级
vow,vaʊ,,n.誓言，誓约，许愿,六级
pledge,plɛdʒ,,n.誓言 v.使发誓,六级
indoor,'ɪndɔr,,a.室内的；室内进行的,六级
wholesome,'holsəm,,a.对健康有益的,六级
moderately,'mɑdərətli,,ad.适度地，适中,六级
fitting,'fɪtɪŋ,,a.适当的 n.配件,六级
fitness,ˈfɪtnɪs,,n.适当，恰当；健康,六级
vision,'vɪʒən,,n.视力；眼力，想象力,六级
attendant,ə'tɛndənt,,n.侍者；（要人的）侍从；（病人的）护理人员,六级
occurrence,ə'kʌrəns,,n.发生的事,六级
snob,snɑb,,n.势利小人,六级
snobbish,'snɑbɪʃ,,a.势利的，谄上欺下的,六级
influence,'ɪnfluəns,,n.势力，权势,六级
municipal,mju'nɪsɪpl,,a.市的，市立的,六级
conform,kən'fɔrm,,v.使遵守；一致,六级
automate,'ɔtəmet,,v.使自动化,六级
divert,dɪˈvɚt,,v.使转向；转移,六级
specialize,'spɛʃəlaɪz,,v.使专门化，专业化,六级
hazard,'hæzɚd,,v.使遭危险 n.危险,六级
standardize,'stændɚdaɪz,,v.使与标准比较,六级
lengthen,'lɛŋθən,,v.使延长，变长,六级
shame,ʃem,,v.使羞愧；玷辱,六级
freshen,'frɛʃən,,v.使显得新鲜,六级
distinguish,dɪ'stɪŋɡwɪʃ,,v.使显出特色，使杰出,六级
evaporate,ɪ'væpəret,,v.使脱水，发散蒸气,六级
ventilate,'vɛntɪlet,,v.使通风，使换气,六级
moor,mɔː; mʊə,,v.使停泊；使固定,六级
resign,rɪ'zaɪn,,v.使顺从，使听任于,六级
perfect,ˈpɝfɪkt; (for v.) pɝˈfɛkt,,v.使熟练，使改善,六级
infect,ɪn'fɛkt,,v.使受影响,六级
lubricate,'lubrɪket,,v.使润滑，加润滑油,六级
soften,'sɔfn,,v.使软化，变温和,六级
facilitate,fə'sɪlə'tet,,v.使容易；助长,六级
acquaint,ə'kwent,,v.使认识，使了解,六级
tiresome,'taɪɚsəm,,a.使人厌倦的，讨厌的,六级
sorrowful,'sɑrofl,,a.使人伤心的；悲伤的,六级
blaze,blez,,v.使燃烧，燃烧,六级
subdue,səb'du,,v.使屈服，征服,六级
bend,bɛnd,,v.使屈从，屈从,六级
suit,sut,,v.使配合，彼此协调,六级
confront,kən'frʌnt,,v.使面对；使对证,六级
paralyse,'pærəlaiz,,v.使麻痹，使瘫痪,六级
deafen,'dɛfən,,v.使聋,六级
subject,ˈsʌbdʒekt,,v.使隶属,六级
terrify,ˈtɛrəˌfaɪ,,v.使恐怖，使惊吓,六级
insulate,ˈɪnsəˌleɪt ; ˈɪnsjʊˌleɪt,,v.使绝缘，使绝热,六级
integrate,'ɪntɪɡret,,v.使结合，使并入,六级
alternate,'ɔltɚnət,,v.使交替 a.交替的,六级
degrade,dɪ'ɡred,,v.使降低；使堕落,六级
minimize,'mɪnɪmaɪz,,v.使减到最小,六级
mingle,,,vt.使混合，混合起来,六级
interconnect,",ɪntɚkə'nɛkt",,v.使互相联系,六级
reconcile,'rɛkənsaɪl,,v.使和好；调停,六级
oblige,ə'blaɪdʒ,,v.使感激；施恩惠于,六级
enrich,ɪn'rɪtʃ,,v.使富裕；使丰富,六级
embarrass,ɪm'bærəs,,v.使…陷入困境,六级
decay,dɪ'ke,,v.使腐朽，使腐烂,六级
contrast,'kɑntræst,,v.使对比；形成对比,六级
baffle,'bæfl,,v.使挫折 n.迷惑,六级
mature,mə'tʃʊr,,v.使成熟，成熟,六级
ice,aɪs,,v.使成冰，结冰,六级
overload,",ovɚ'lod",,v.使超载,六级
tangle,'tæŋɡl,,v.使缠结，使纠缠,六级
sweeten,'switn,,v.使变甜，变甜,六级
thicken,'θɪkən,,v.使变厚（或粗、密）,六级
establish,ɪˈstæblɪʃ,,v.使…被接受,六级
develop,dɪ'vɛləp,,v.使（底片）显影,六级
jog,dʒɑɡ,,v.慢跑（尤作为锻炼）,六级
engage,ɪn'ɡedʒ,,v.使（齿轮等）啮合,六级
vector,'vɛktɚ,,n.矢量；飞机航线,六级
nourishment,'nɝɪʃmənt,,n.食物；营养（情况）,六级
pantry,'pæntri,,n.食品柜，餐具室,六级
experimentally,"iks,peri'mentəli",,ad.实验上，实验性地,六级
experimentation,"ɪk,spɛrɪmɛn'teʃən",,n.实验；试验,六级
virtual,[ˈvɜ:rtʃuəl],,a.实际上的，实质上的,六级
execution,",ɛksɪ'kjuʃən",,n.实行，执行；处死刑,六级
quartz,kwɔrts,,n.石英,六级
graphite,ˈɡræfˌaɪt,,n.石墨，石墨电极,六级
whitewash,'waɪtwɑʃ,,n.石灰水 v.粉饰,六级
limestone,'laɪmston,,n.石灰石,六级
humidity,hju'mɪdəti,,n.湿气；湿度,六级
handout,'hænd'aʊt,,n.施舍物，救济品,六级
verse,vɝs,,n.诗，韵文；诗节,六级
unemployment,",ʌnɪm'plɔɪmənt",,n.失业；失业人数,六级
disgrace,dɪs'ɡres,,n.失宠，耻辱，丢脸,六级
residual,rɪ'zɪdʒuəl,,a.剩余的；残余的,六级
remainder,rɪ'mendɚ,,n.剩余（物）；余数,六级
excel,ɪk'sɛl,,v.胜过，杰出,六级
stiff,stɪf,,a.生硬的,六级
ecology,ɪ'kɑlədʒi,,n.生态学；个体生态学,六级
hide,haɪd,,n.生皮，兽皮，皮革,六级
vital,'vaɪtl,,a.生命的，生机的,六级
producer,prə'dʊsɚ,,n.生产者；舞台监督,六级
productivity,",prodʌk'tɪvəti",,n.生产率；多产,六级
productive,prə'dʌktɪv,,a.生产的；出产…的,六级
hoist,hɔɪst,,v.升起，扯起来,六级
kidney,'kɪdni,,n.肾，腰子,六级
deliberately,dɪ'lɪbərətli,,ad.故意地；审慎地,六级
censor,'sɛnsɚ,,v.审查，检查,六级
mystery,ˈmɪstri,,n.神秘小说，侦探小说,六级
shrine,ʃraɪn,,n.神殿，神龛，圣祠,六级
divine,dɪ'vaɪn,,a.神的；敬神的,六级
deliberate,dɪ'lɪbərət,,a.深思熟虑的；审慎的,六级
profound,prə'faʊnd,,a.见解深刻的；渊博的,六级
trench,trɛntʃ,,n.深沟；壕沟，战壕,六级
photography,fə'tɑɡrəfi,,n.摄影术,六级
editorial,",ɛdɪ'tɔrɪəl",,n.社论，期刊的社论,六级
sociology,",sosɪ'ɑlədʒi",,n.社会学,六级
conceive,kən'siv,,v.设想，以为；怀孕,六级
reject,rɪ'dʒɛkt,,v.舍弃，抛弃；排斥,六级
serpent,'sɝpənt,,n.蛇（尤指大蛇或毒蛇）,六级
extravagant,ɪk'strævəgənt,,a.奢侈的；过度的,六级
maid,med,,n.少女；处女,六级
maiden,'medn,,n.少女，未婚女子,六级
scorch,skɔrtʃ,,v.烧焦；枯萎,六级
context,'kɑntɛkst,,n.上下文；来龙去脉,六级
Heaven,'hɛvn,,n.上帝，神,六级
counsel,'kaʊnsl,,n.商议；忠告；律师,六级
tradesman,'tredzmən,,n.商人，店主；手艺人,六级
trader,'tredɚ,,n.商人,六级
dealer,'dilɚ,,n.商人；毒品贩；发牌者,六级
ware,wer,,n.物品；商品，货物,六级
merchandise,'mɝtʃəndaɪs,,n.商品，货物,六级
blue,blu,,a.伤心的；下流的,六级
goodness,'ɡʊdnəs,,n.善良，善行，美德,六级
underwear,'ʌndɚwɛr,,n.衫衣，内衣，贴身衣,六级
cancel,'kænsl,,v.取消,六级
gap,ɡæp,,n.差距；山口，山峡,六级
sift,sɪft,,v.筛，过滤,六级
shark,ʃɑrk,,n.鲨鱼；诈骗钱财者,六级
gravel,'ɡrævl,,n.砂跞；砂砾层；结石,六级
sardine,",sɑr'din",,n.沙丁鱼,六级
tone,ton,,n.色调，光度,六级
scan,skæn,,n.扫描,六级
uproar,'ʌprɔr,,n.骚动，扰乱；喧嚣,六级
prose,proz,,n.散文,六级
emission,ɪ'mɪʃən,,n.散发；传播；发出物,六级
stroll,strol,,n.散步，溜达，闲逛,六级
triangular,traɪ'æŋgjəlɚ,,a.三角的；三者间的,六级
mute,mjut,,n.弱音器,六级
choice,tʃɔɪs,,n.入选者 a.优等的,六级
tolerant,'tɑlərənt,,a.容忍的；有耐力的,六级
commodity,kə'mɑdəti,,n.日用品，商品，物品,六级
routine,rʊ'tin,,a.日常的 n.常规,六级
undertaking,'ʌndɚ'tekɪŋ,,n.任务，事业；承诺,六级
deem,dim,,v.认为，相信，想,六级
awake,ə'wek,,v.认识到,六级
recognition,",rɛkəɡ'nɪʃən",,n.认出，识别,六级
identification,aɪˌdentɪfɪ'keʃn,,n.身份证；认出，鉴定,六级
merciful,'mɝsɪfl,,a.仁慈的，宽大的,六级
hostage,'hɑstɪdʒ,,n.人质,六级
pitch,pɪtʃ,,n.沥青,六级
personnel,",pɝsə'nɛl",,n.人事部门,六级
humanity,hjʊ'mænəti,,n.人类；人性，人情,六级
personality,",pɝsə'næləti",,n.人格，个性；名人,六级
thermal,'θɝml,,a.热的；温热的,六级
tropic,'trɑpɪk,,n.回归线；热带地区,六级
tropical,'trɑpɪkl,,a.热带的；（天气）湿热的,六级
concession,kən'sɛʃən,,n.让步，迁就,六级
combustion,kəm'bʌstʃən,,n.燃烧,六级
whisker,'wɪskɚ,,n.髯，连鬓胡子,六级
flock,flɑk,,v.群集，聚集,六级
conviction,kən'vɪkʃən,,n.确信，信服，深信,六级
certainty,'sɝtnti,,n.确实性，确信，确实,六级
positively,'pɑzətɪvli,,ad.确定的，断然,六级
quantify,'kwɑntɪfaɪ,,v.确定…的数量,六级
deficient,dɪ'fɪʃnt,,a.缺乏的；欠缺的,六级
deficiency,dɪ'fɪʃənsi,,n.缺乏；不足,六级
scarcity,,,n.缺乏，不足,六级
flaw,flɔ,,n.缺点，瑕疵,六级
induce,ɪn'dus,,v.劝诱；引起,六级
persuasion,pɚ'sweʒn,,n.劝说，说服,六级
claim,klem,,n.权利，所有权,六级
late,let,,a.去世不久的,六级
extract,'ɛkstrækt,,v.取出；提取 n.摘录,六级
crank,kræŋk,,n.曲柄 v.用曲柄转动,六级
expel,ɪk'spɛl,,v.开除；驱逐；排出,六级
dissipate,'dɪsɪpet,,v.驱散；消散；浪费,六级
spherical,'sfɪrɪkəl,,a.球形的，球面的,六级
global,'ɡlobl,,a.全球的,六级
Jupiter,'dʒʊpətɚ,,n.木星；丘庇特,六级
plea,pli,,n.请愿，请求，恳求,六级
petition,pə'tɪʃən,,n.请愿 v.向…请愿,六级
sight,saɪt,,n.景象；名胜，风景,六级
mistress,'mɪstrəs,,n.情妇，情人,六级
mosque,mɑsk,,n.清真寺,六级
cleanliness,'klɛnlɪnəs,,n.清洁,六级
inclination,'ɪnklə'neʃən,,n.倾斜，点头；斜坡,六级
rap,ræp,,n.轻敲击声 v.敲击,六级
rash,ræʃ,,a.轻率的；鲁莽的,六级
bronze,brɑnz,,n.青铜色,六级
industrious,ɪn'dʌstrɪəs,,a.勤劳的，勤奋的,六级
admiration,",ædmə'reʃən",,n.钦佩；赞美，羡慕,六级
agreeable,ə'ɡriəbl,,a.惬意的；同意的,六级
section,'sɛkʃən,,n.部分,六级
segment,'sɛɡmənt,,n.切片，部分；段，节,六级
slit,slɪt,,v.切开 n.狭长的切口,六级
hardy,'hɑːdɪ,,a.强壮的，耐劳的,六级
compulsory,kəm'pʌlsəri,,a.强迫的，义务的,六级
constraint,kən'strent,,n.限制，束缚，约束,六级
mighty,'maɪti,,a.强大的；巨大的,六级
thoughtless,'θɔtləs,,a.欠考虑的；自私的,六级
denounce,dɪ'naʊns,,v.谴责，声讨；告发,六级
pious,'paɪəs,,a.虔诚的；虔奉宗教的,六级
lobby,'lɑbi,,n.前厅，（剧院的）门廊,六级
consistent,kən'sɪstənt,,a.前后一致的，连贯的,六级
predecessor,'prɛdəsɛsɚ,,n.前辈，前任者,六级
visa,'vizə,,n.签证,六级
modesty,'mɑdəsti,,n.谦逊；端庄,六级
gracious,'ɡreʃəs,,a.谦和的,六级
migrate,'maɪɡret,,v.迁移，移居,六级
kilowatt,'kɪlə'wɑt,,n.千瓦（特）,六级
pertinent,'pɝtnənt,,a.恰当的；有关的,六级
apt,æpt,,a.恰当的；聪明的,六级
utensil,jʊ'tɛnsl,,n.器皿，用具,六级
maple,'mepl,,n.槭树，枫树,六级
follower,'fɑloɚ,,n.信徒，追随者,六级
siren,,,n.汽笛，警报器,六级
motel,mo'tɛl,,n.汽车游客旅馆,六级
garage,gəˈrɑʒ; gəˈrɑdʒ,,n.汽车修理站,六级
motorway,'motɚwe,,n.汽车道，快车路,六级
hitherto,",hɪðɚ'tu",,ad.迄今，到目前为止,六级
barometer,bə'rɑmɪtɚ,,n.气压计，睛雨表,六级
pant,pænt,,v.气喘,六级
jack,dʒæk,,n.起重器；传动装置,六级
scratch,skrætʃ,,n.（某人皮肤上的）划痕，划伤,六级
count,kaʊnt,,n.起拆理由，罪状,六级
message,'mɛsɪdʒ,,n.启示，要旨，教训,六级
enlighten,ɪn'laɪtn,,v.启发，开导；启蒙,六级
implore,ɪm'plɔr,,v.乞求，恳求，哀求,六级
knight,naɪt,,n.骑士，武士；爵士,六级
marvel,'mɑrvl,,n.奇迹；惊奇 v.惊奇,六级
subsequently,'sʌbsɪkwəntli,,ad.其后，其次，接着,六级
cheat,tʃit,,n.欺诈；骗取,六级
periodical,",pɪrɪ'ɑdɪkl",,n.期刊，杂志,六级
currently,'kɝrəntlɪ,,ad.当前,六级
universally,",junɪ'vɝsəli",,ad.普遍地，一般地,六级
bushel,'bʊʃəl,,n.蒲式耳（容量单位）,六级
raisin,'rezn,,n.葡萄干,六级
fracture,'fræktʃɚ,,n.破裂；裂痕 v.破裂,六级
destructive,dɪ'strʌktɪv,,a.破坏（性）的，危害的,六级
bankrupt,'bæŋkrʌpt,,a.破产的 v.使破产,六级
persecute,'pɝsɪkjut,,v.迫害，残害,六级
incline,ɪn'klaɪn,,n.坡度,六级
flask,flæsk,,n.瓶,六级
tack,tæk,,n.平头钉 v.钉住,六级
terrace,ˈterəs,,n.平台，阳台，露台,六级
civilian,sə'vɪlɪən,,n.平民 a.平民的,六级
tranquil,ˈtræŋkwəl,,a.平静的；稳定的,六级
equation,ɪ'kweʒn,,n.平衡；反应式,六级
equilibrium,",ikwɪ'lɪbrɪəm",,n.平衡，均衡；均衡论,六级
commonplace,'kɑmən'ples,,a.平凡的 n.平常话,六级
frequency,'frikwənsi,,n.频繁，屡次；频率,六级
barren,'bærən,,a.贫瘠的；不孕的,六级
float,flot,,n.漂浮物；浮标，木筏,六级
bleach,blitʃ,,v.漂白，变白,六级
flake,flek,,n.片，薄片,六级
deflection,dɪ'flɛkʃən,,n.偏斜，歪斜；偏差,六级
prejudice,'prɛdʒədɪs,,n.偏见，成见；损害,六级
adjacent,ə'dʒesnt,,a.毗连的；紧接着的,六级
cape,kep,,n.披肩，斗篷；海角,六级
clash,klæʃ,,n.冲突，抵触；碰撞声,六级
collide,kə'laɪd,,v.碰撞；冲突，抵触,六级
ingredient,ɪn'ɡridɪənt,,n.配料，成分,六级
shell,ʃɛl,,n.炮弹，猎枪子弹,六级
battery,'bæt(ə)rɪ,,n.炮组，排炮,六级
foam,fom,,n.泡沫塑料；泡沫,六级
bypass,'baɪpæs,,n.旁通管 v.绕过,六级
limp,lɪmp,,v.蹒跚，跛行 n.跛行,六级
stagger,'stægɚ,,v.蹒跚，使摇晃,六级
ascend,ə'sɛnd,,v.攀登，登高,六级
dispatch,dɪ'spætʃ,,v.派遣；调度 n.急件,六级
faction,'fækʃən,,n.派别，宗派，小集团,六级
hover,'hʌvɚ,,v.徘徊；傍徨；翱翔；盘旋,六级
drainage,'drenɪdʒ,,n.排水；下水道,六级
range,rendʒ,,v.排列,六级
clap,klæp,,n.拍手喝采声；霹雳声,六级
reptile,,,n.爬行动物,六级
overhear,",ovɚ'hɪr",,v.偶然听到；偷听,六级
ohm,om,,n.欧姆,六级
hostess,'hostəs,,n.女主人；旅馆女老板,六级
feminine,'fɛmənɪn,,a.女性的；女子气的,六级
waitress,ˈwetrɪs,,n.女侍者，女服务员,六级
goddess,ɡɑdɪs,,n.女神,六级
blouse,blaʊs,,n.女衬衫；罩衫,六级
coward,'kaʊɚd,,a.懦怯的，胆小的,六级
radiator,'redɪ'etɚ,,n.暖气片；散热器,六级
strive,straɪv,,v.努力，奋斗，力求,六级
mess,mɛs,,v.弄脏，弄乱，搞糟,六级
distortion,dɪs'tɔrʃən,,n.歪曲；畸变,六级
shorten,'ʃɔrtn,,v.弄短，缩小，减少,六级
Saturn,,,n.土星,六级
milky,'mɪlki,,a.牛奶的；乳白色的,六级
wrench,rɛntʃ,,v.拧，扭伤 n.拧,六级
wring,rɪŋ,,v.拧，挤，扭，榨,六级
peer,pɪr,,v.凝视,六级
nickel,'nɪkl,,n.镍；镍币,六级
junior,'dʒunɪɚ,,n.年少者；晚辈,六级
annually,'ænjuəli,,ad.年年，每年,六级
practicable,'præktɪkəbl,,a.能实行的；适用的,六级
capability,ˌkeɪpəˈbɪləti,,n.能力，才能,六级
basin,'besn,,n.内海；盆地；流域,六级
interior,ɪn'tɪrɪɚ,,n.内部 a.内部的,六级
tickle,'tɪkl,,v.挠，胳肢；逗乐,六级
incredible,ɪn'krɛdəbl,,a.难以置信的，惊人的,六级
difficult,'dɪfɪkəlt,,a.难以满足的,六级
refugee,'rɛfjʊdʒi,,n.难民，流亡者,六级
pumpkin,'pʌmpkɪn,,n.南瓜,六级
polar,'polɚ,,a.南（北）极的；极性的,六级
masculine,'mæskjəlɪn,,a.男性的,六级
baron,'bærən,,n.男爵；贵族；巨商,六级
endurance,ɪn'dʊrəns,,n.耐久力，持久力,六级
sodium,'sodɪəm,,n.钠,六级
pasture,'pæstʃɚ,,n.牧场,六级
intent,ɪn'tɛnt,,a.目不转睛的，热切的,六级
end,ɛnd,,n.目标，目的,六级
oyster,'ɔɪstɚ,,n.牡蛎,六级
magician,mə'dʒɪʃən,,n.魔法师；变戏法的人,六级
skyscraper,'skaɪ'skrepɚ,,n.摩天楼,六级
module,'mɑdʒul,,n.模块；组件,六级
ambiguous,æm'bɪɡjuəs,,a.模棱两可的；分歧的,六级
feel,fiːl,,v.摸起来,六级
destiny,'dɛstəni,,n.命运，天数,六级
doom,dʊm,,n.厄运，毁灭 v.注定,六级
proposition,",prɑpə'zɪʃən",,n.命题，主题；提议,六级
bid,bɪd,,v.报价；命令,六级
destine,'dɛstɪn,,v.命定，注定；预定,六级
sensible,'sɛnsəbl,,a.明显的，感觉得到的,六级
explicit,ɪk'splɪsɪt,,a.明晰的；直率的,六级
decidedly,dɪ'saɪdɪdli,,ad.明确地，坚决地,六级
formulation,",fɔrmjə'leʃən",,n.表述方式,六级
brightness,'braɪtnɪs,,n.明亮，辉煌，聪明,六级
classic,'klæsɪk,,n.名著 a.不朽的,六级
promptly,'prɑmptli,,ad.敏捷地，迅速地,六级
sensitivity,,,n.敏感（性）；灵敏性,六级
representation,'rɛprɪzɛn'teʃən,,n.描写；陈述；代表,六级
nursery,'nɝsəri,,n.苗圃,六级
deposition,",dɛpə'zɪʃən",,n.免职，罢免,六级
confidential,",kɑnfɪ'dɛnʃl",,a.秘密的；亲信的,六级
enchant,ɪn'tʃænt,,v.迷住；用魔法迷惑,六级
fascinate,'fæsə'net,,v.迷住，迷人,六级
superstition,",supɚ'stɪʃən",,n.迷信，迷信行为,六级
stray,stre,,v.迷路 a.迷路的,六级
perplex,pɚ'plɛks,,v.迷惑，困惑，难住,六级
bewilder,bɪ'wɪldɚ,,v.迷惑，把…弄糊涂,六级
snap,snæp,,v.猛咬；突然折断,六级
hurl,hɝl,,v.猛投；猛冲,六级
jerk,dʒɝk,,v.猛地一拉，急拉,六级
ally,'ælaɪ,,n.盟国；同盟者，伙伴,六级
threshold,'θrɛʃhold,,n.门槛；入门，开端,六级
charm,,,n.魅力；妩媚 v.迷人,六级
fair,fɛr,,a.美丽的,六级
offensive,ə'fɛnsɪv,,a.冒犯的；进攻的,六级
pore,pɔr,,n.毛孔，气孔，细孔,六级
fuss,fʌs,,n.大惊小怪 v.忙乱,六级
cartoon,kɑr'tun,,n.动画片；漫画,六级
vine,vaɪn,,n.蔓，藤，藤本植物,六级
expire,ɪk'spaɪɚ,,v.满期，到期；断气,六级
bull,bʊl,,n.买空的证券投机商,六级
wharf,wɔrf,,n.码头，停泊所,六级
circus,'sɝkəs,,n.马戏；马戏团,六级
filter,'fɪltɚ,,v.滤过,六级
ass,æs,,n.傻瓜，蠢笨的人；驴,六级
propeller,prə'pɛlɚ,,n.螺旋桨，推进器,六级
spiral,'spaɪrəl,,a.螺旋（形）的，盘旋的,六级
nut,nʌt,,n.螺帽，螺母,六级
Roman,'romən,,n.古罗马人；罗马人,六级
thesis,'θisɪs,,n.论文；论题，论点,六级
forum,'fɔrəm,,n.论坛，讨论会,六级
oval,'ovl,,a.卵形的 n.卵形,六级
video,'vɪdɪo,,a.录像的,六级
reed,rid,,n.芦笛，牧笛,六级
leakage,'likɪdʒ,,n.漏，泄漏；漏出物,六级
hug,hʌɡ,,v.搂 n.紧紧拥抱,六级
stairway,'stɛr'we,,n.楼梯,六级
monopoly,mə'nɑpəli,,n.垄断；独占，专利,六级
bridle,'braɪdl,,n.马笼头；马勒 v.束缚；抑制,六级
willow,'wɪlo,,n.柳树，柳木,六级
streamline,'strimlaɪn,,n.流线；流线型,六级
rascal,'ræskl,,n.流氓，恶棍，无赖,六级
prevalent,'prɛvələnt,,a.流行的；盛行的,六级
exile,'ɛksaɪl,,v.流放 n.被流放者,六级
flux,flʌks,,n.流；涨潮；流量,六级
track,træk,,v.留下足迹,六级
gramophone,'ɡræməfon,,n.留声机,六级
otherwise,'ʌðɚwaɪz,,ad.另外；在其他方面,六级
province,'prɑvɪns,,n.领域，范围，职权,六级
consul,'kɑnsl,,n.领事,六级
retail,'ritel,,n.零售,六级
flexible,'flɛksəbl,,a.灵活的，可变通的,六级
inspiration,ˌɪnspəˈreʃən,,n.灵感；妙想；鼓舞,六级
grove,ɡrov,,n.林子，小树林，园林,六级
neighbouring,'neibəriŋ,,a.邻近的，接壤的,六级
vicinity,və'sɪnəti,,n.邻近；附近地区,六级
fission,'fɪʃən,,n.裂开；分裂生殖,六级
prey,pre,,n.猎物 v.捕获,六级
martyr,'mɑrtɚ,,n.烈士，殉难者,六级
grin,ɡrɪn,,v.咧着嘴笑,六级
expect,ɪk'spɛkt,,v.料想，认为,六级
quantitative,'kwɑntətetɪv,,a.量的；定量的,六级
blush,blʌʃ,,v.脸红，害臊 n.脸红,六级
allied,"əˈlaɪd,ˈælˌaɪd",,a.联合的；联姻的,六级
ripple,'rɪpl,,n.涟漪，细浪，波纹,六级
mitten,'mɪtn,,n.连指手套,六级
attachment,ə'tætʃmənt,,n.爱慕；附件；连接物,六级
junction,'dʒʌŋkʃən,,n.连接点，汇合处,六级
chestnut,'tʃɛsnʌt,,n.栗子；栗树；栗色,六级
exceptional,ɪk'sɛpʃənl,,a.优越的；例外的,六级
solar,'solɚ,,a.利用太阳光的,六级
impose,ɪm'poz,,v.将（想法、信仰等）强加于（某人）,六级
utilization,ˌjuːtəlaɪ'zeɪʃn,,n.利用，效用,六级
stereo,'stɛrɪo,,n.立体声 a.立体声的,六级
cubic,'kjubɪk,,a.立方体的；立方的,六级
legislation,",lɛdʒɪs'leʃən",,n.立法；法规,六级
historian,hɪ'stɔrɪən,,n.历史学家；编史家,六级
historic,hɪ'stɔrɪk,,a.历史的；历史性的,六级
mechanics,mə'kænɪks,,n.力学，机械学,六级
intellect,'ɪntəlɛkt,,n.理智，智力，才智,六级
ideally,aɪ'diəli,,ad.理想地；理论上,六级
abstract,'æbstrækt,,a.理论上的 n.抽象派作品,六级
slang,slæŋ,,n.俚语；行话，黑话,六级
courtesy,,,n.礼貌，谦恭,六级
twilight,'twaɪlaɪt,,n.黄昏,六级
ion,'aɪən,,n.离子,六级
excursion,ɪk'skɝʒn,,n.（尤指集体）远足，短途旅行,六级
grim,ɡrɪm,,a.严厉的,六级
prism,'prɪzəm,,n.棱镜；棱柱（体）,六级
troublesome,'trʌblsəm,,a.困难的,六级
analogue,'ænəlɔ:g,,n.类似物,六级
similarity,",sɪmə'lærəti",,n.类似，相似；类似点,六级
flank,flæŋk,,n.肋，肋腹；侧面,六级
comprehend,",kɑmprɪ'hɛnd",,v.了解，理解，领会,六级
optimism,'ɑptɪmɪzəm,,n.乐观，乐观主义,六级
sophisticated,sə'fɪstɪketɪd,,a.老于世故的；高级的,六级
straightforward,",stret'fɔrwɚd",,a.老实的，坦率的,六级
wasteful,'westfl,,a.浪费的,六级
idleness,'aɪdlnɪs,,n.懒惰；赋闲无事,六级
shabby,ˈʃæbi,,a.破旧的；褴褛的,六级
dust,dʌst,,n.灰尘,六级
flight,flaɪt,,n.溃退，逃跑,六级
rapture,'ræptʃɚ,,n.狂喜，欢天喜地,六级
fury,'fjʊri,,n.狂怒，暴怒；猛烈,六级
violent,'vaɪələnt,,a.狂暴的,六级
furious,'fjʊrɪəs,,a.狂暴的；强烈的,六级
satisfaction,",sætɪs'fækʃən",,n.满足，愉快,六级
snack,snæk,,n.快餐，小吃,六级
rapidity,rə'pɪdəti,,n.快，迅速；陡，险峻,六级
parade,pə'red,,v.夸耀（才能等）,六级
pants,pænts,,n.裤子；男用短衬裤,六级
bitterness,'bɪtɚnɪs,,n.苦味，辛酸，苦难,六级
wither,'wɪðɚ,,v.枯萎；使衰弱,六级
clasp,klæsp,,v.扣住，扣紧，钩住,六级
fastener,'fæsnɚ,,n.扣件，钮扣，揿钮,六级
stammer,'stæmɚ,,v.口吃地说 n.口吃,六级
panic,'pænɪk,,n.恐慌，惊慌,六级
terrorist,'tɛrərɪst,,n.恐怖分子,六级
peacock,'pikɑk,,n.孔雀,六级
fantastic,fæn'tæstɪk,,a.空想的；奇异的,六级
pneumatic,numætɪk,,a.空气的；气动的,六级
aerial,'ɛrɪəl,,a.空气的；航空的,六级
spatial,'speʃl,,a.空间的，占据空间的,六级
void,vɔɪd,,a.无效的；空的,六级
gnaw,nɔ,,v.啃，咬断，啮,六级
longing,'lɔŋɪŋ,,n.渴望 a.显示渴望的,六级
suspicious,sə'spɪʃəs,,a.可疑的；猜疑的,六级
shady,'ʃedi,,a.可疑的，靠不住的,六级
questionable,'kwɛstʃənəbl,,a.可疑的，不可靠的,六级
portable,'pɔrtəbl,,a.可移动的,六级
grateful,'ɡretfl,,a.感谢的，感激的,六级
adjustable,ə'dʒʌstəbl,,a.可调整的，可校准的,六级
frightful,'fraɪtfl,,a.可怕的；讨厌的,六级
formidable,'fɔrmɪdəbl,,a.可怕的；难对付的,六级
dreadful,'drɛdfəl,,a.可怕的；令人畏惧的,六级
monstrous,'mɑnstrəs,,a.极大的；可怕的,六级
possibility,",pɑsə'bɪləti",,n.可能的事,六级
likelihood,'laɪklɪhʊd,,n.可能（性）,六级
respectable,rɪ'spɛktəbl,,a.可敬的；人格高尚的,六级
appreciable,ə'priʃəbl,,a.可察觉的,六级
shameful,'ʃemfl,,a.可耻的；不道德的,六级
comparable,'kɑmpərəbl,,a.可比较的；类似的,六级
particular,pɚ'tɪkjəlɚ,,a.特称的；苛求的,六级
whereby,wɛr'bai,,ad.靠什么；靠那个,六级
ponder,'pɑndɚ,,v.考虑，沉思,六级
exploration,",ɛksplə'reʃən",,n.考察；勘探；探查,六级
generosity,",dʒɛnə'rɑsəti",,n.慷慨，宽宏大量,六级
discern,dɪ'sɝn,,v.弄清楚，辨别；看出，辨出,六级
fell,fɛl,,v.砍倒（树等）；砍伐,六级
carry,'kæri,,v.刊登,六级
inaugurate,ɪ'nɔɡjəret,,v.使就职；开始,六级
initiate,ɪ'nɪʃɪet,,v.开始，创始；启蒙,六级
commence,kə'mɛns,,v.开始；获得学位,六级
reclaim,rɪ'klem,,v.开垦，开拓；回收,六级
evolution,ˌɛvəˈluʃən; (occas.) ˌ ivəˈluʃən,,n.进化,六级
start,stɑrt,,v.开动，着手；开设,六级
unlock,'ʌn'lɑk,,v.开…的锁；开启,六级
sheriff,'ʃɛrɪf,,n.郡长,六级
monarch,'mɑnɚk,,n.君主，最高统治者,六级
sovereign,sɑvrɪn,,n.君主 a.统治的,六级
bugle,'bjuɡl,,n.军号，喇叭,六级
extinct,ɪk'stɪŋkt,,a.绝种的,六级
decisive,dɪ'saɪsɪv,,a.决定性的；果断的,六级
govern,'ɡʌvɚn,,v.决定，支配；控制,六级
winding,'waɪndɪŋ,,n.蜿蜒曲折的路径 a.蜿蜒曲折的,六级
curly,'kɝli,,a.卷曲的；有卷毛的,六级
reel,ril,,v.卷，绕,六级
mob,mɑb,,v.团团围住（名人等）,六级
polymer,'pɑlɪmɚ,,n.聚合物，多聚物,六级
hurricane,hʌrɪˌken,,n.飓风，十二级风,六级
sting,stɪŋ,,n.剧痛；刺痛 v.刺,六级
repel,rɪ'pɛl,,v.使厌恶；拒绝,六级
gigantic,dʒaɪ'ɡæntɪk,,a.巨大的；巨人似的,六级
uphold,ʌpˈhoʊld,,v.维护,六级
exemplify,ɪɡ'zɛmplɪfaɪ,,v.举例证明（解释）,六级
rectangle,'rɛktæŋɡl,,n.矩形，长方形,六级
administration,"əd,mɪnɪ'streʃən",,n.局（或署、处等）,六级
reside,rɪ'zaɪd,,v.居住，驻扎；属于,六级
dwell,dwɛl,,v.居住；凝思，细想,六级
induction,ɪn'dʌkʃən,,n.就职；归纳推理,六级
Christ,kraɪst,,n.救世主（耶稣基督）,六级
symposium,sɪm'pozɪəm,,n.座谈会,六级
whoever,hʊ'ɛvɚ,,pron.究竟是谁,六级
rectify,'rɛktɪfaɪ,,v.纠正；调整,六级
vein,ven,,n.静脉，血管；矿脉,六级
competitor,kəm'pɛtɪtɚ,,n.竞争者，敌手,六级
competitive,kəm'pɛtətɪv,,a.竞争的，比赛的,六级
contend,kən'tɛnd,,v.竞争；坚决主张,六级
alert,ə'lɝt,,a.警惕的,六级
warning,'wɔrnɪŋ,,n.警告，告诫，鉴诫,六级
whale,wel,,n.鲸,六级
selection,sɪ'lɛkʃən,,n.选择；精选的东西,六级
thorough,ˈθʌrəʊ; θʌro,,a.精心的；详尽的,六级
finely,'faɪnli,,ad.精细地；美好地,六级
literary,lɪtərɛri,,a.文学的,六级
refinery,rɪ'faɪnəri,,n.精炼厂，提炼厂,六级
vigorous,'vɪɡərəs,,a.精力旺盛的，茁壮的,六级
fright,fraɪt,,n.惊吓，恐怖,六级
astonishment,ə'stɑnɪʃmənt,,n.惊奇，惊讶,六级
dismay,dɪs'me,,n.惊慌，沮丧，灰心,六级
empirical,ɪm'pɪrɪkl,,a.经验主义的,六级
longitude,'lɑndʒətud,,n.经线，经度,六级
support,sə'pɔrt,,v.经受，承受,六级
economics,'ikə'nɑmɪks; 'ɛkə'nɑmɪks,,n.经济学；经济,六级
prohibition,",proə'bɪʃən",,n.禁止；禁令，禁律,六级
shortcut,"'ʃɔrt,kʌt",,n.近路；捷径,六级
inlet,ɪnˌlɛt,,n.水湾；进口,六级
perfection,pɚ'fɛkʃən,,n.尽善尽美；无比精确,六级
notwithstanding,",nɑtwɪθ'stændɪŋ",,prep.尽管，虽然,六级
prudent,'prʊdnt,,a.谨慎的；精明的,六级
compact,'kɑmpækt,,a.紧密的 v.使紧凑,六级
tightly,'taɪtli,,ad.紧地，牢固地,六级
barely,'bɛrli,,ad.勉强；仅仅,六级
metallic,mə'tælɪk,,a.金属的,六级
tuna,'tunə,,n.金枪鱼,六级
henceforth,",hɛns'fɔrθ",,ad.今后，从今以后,六级
mustard,'mʌstɚd,,n.芥子，芥末,六级
presentation,",prizɛn'teʃən",,n.介绍；呈现,六级
interpret,ɪn'tɝprɪt,,v.口译；解释,六级
version,'vɝʒn,,n.解释,六级
untie,ʌn'taɪ,,v.解开，松开；解放,六级
tackle,'tækl,,v.解决，对付 n.用具,六级
dissolve,dɪ'zɑlv,,v.解除（婚约等）,六级
tuberculosis,tʊ'bɝkjə'losɪs,,n.结核病，肺结核,六级
incorporate,ɪn'kɔːpəreɪt,,v.结合，合并，收编,六级
construction,kən'strʌkʃən,,n.建筑结构,六级
economically,",ikə'nɑmɪkli",,ad.在经济上；节约地,六级
abbreviation,əˌbrivɪ'eʃən,,n.节略，缩写，缩短,六级
thrifty,'θrɪfti,,a.节俭的,六级
interview,'ɪntɚvju,,v.接见，会见，会谈,六级
receiver,rɪ'sivɚ,,n.接待者；收受者,六级
yeast,jist,,n.酵母,六级
doctrine,'dɑktrɪn,,n.教义，主义；学说,六级
tutor,'tʊtɚ,,v.教，指导,六级
disillusion,",dɪsɪ'luʒn",,v.觉醒，使觉醒,六级
horn,hɔrn,,n.角状物；喇叭形物,六级
reef,rif,,n.礁，礁石，暗礁,六级
coke,kok,,n.焦炭,六级
symphony,'sɪmfəni,,n.交响乐；交响乐团,六级
intercourse,'ɪntɚkɔrs,,n.交际，往来，交流,六级
soy,sɔɪ,,n.大豆，黄豆；酱油,六级
parachute,'pærə'ʃʊt,,n.降落伞,六级
degradation,",dɛɡrə'deʃən",,n.降级；退化；衰变,六级
oar,ɔr,,n.桨,六级
discourse,'dɪskɔrs,,n.讲话，演说，讲道,六级
ginger,'dʒɪndʒɚ,,n.姜，生姜,六级
splash,splæʃ,,v.溅泼；泼水 n.溅泼声,六级
architect,'ɑrkɪtɛkt,,n.建筑师；创造者,六级
theory,'θiəri,,n.（未证明的）见解，看法，推测,六级
clip,klɪp,,v.剪；剪辑报刊,六级
diminish,dɪ'mɪnɪʃ,,v.减少，减小,六级
lessen,'lɛsn,,v.减少，变少,六级
inspector,ɪn'spɛktɚ,,n.检查员；巡官,六级
reserve,rɪ'zɝv,,n.缄默，自我克制,六级
challenge,'tʃælɪndʒ,,n.艰巨任务,六级
enterprise,'ɛntɚ'praɪz,,n.艰巨的事业；事业心,六级
resolute,'rɛzəlut,,a.坚决的，果敢的,六级
firmness,'fɝmnɪs,,n.坚固，坚定，稳固,六级
sturdy,'stɝdi,,a.牢固的；坚定的,六级
steady,'stɛdi,,a.稳定的，扎实的,六级
stability,stə'bɪləti,,n.稳定,六级
insistent,ɪn'sɪstənt,,a.坚持的,六级
persistence,pɚ'sɪstəns,,n.坚持；持续，存留,六级
persevere,",pɝsə'vɪr",,v.坚持，不屈不挠,六级
shrill,ʃrɪl,,a.尖声的 v.尖声地叫,六级
bridge,brɪdʒ,,v.架桥于，用桥连接,六级
rate,ret,,n.价格 v.对…评定,六级
hypothesis,haɪ'pɑθəsɪs,,n.假设；前提,六级
sham,ʃæm,,n.假冒；膺品 v.假装,六级
fake,feɪk,,n.假货，膺品 a.假的,六级
presume,prɪ'zum,,v.假定，假设，揣测,六级
beetle,'biːt(ə)l,,n.甲虫,六级
clamp,klæmp,,v.夹住，夹紧 n.夹子,六级
sandwich,'sænwɪtʃ,,v.夹入，挤进,六级
homely,'homli,,a.家常的,六级
fowl,faʊl,,n.家禽；禽肉,六级
poultry,'poltri,,n.家禽,六级
heater,'hitɚ,,n.加热器,六级
deepen,,,vt.（使色泽等）加浓,六级
heighten,'haɪtn,,v.加高，提高；增加,六级
line,laɪn,,v.加衬里于,六级
stillness,'stɪlnəs,,n.寂静，无声,六级
lodging,'lɑdʒɪŋ,,n.寄宿，住宿；住所,六级
successor,sək'sɛsɚ,,n.继承人，继任者,六级
succession,sək'sɛʃən,,n.继承（权）,六级
quarterly,'kwɔrtɚli,,adj&adv.季度的（地）,六级
craft,kræft,,n.技巧,六级
souvenir,",suvə'nɪr",,n.纪念品,六级
documentary,'dɑkjə'mɛntri,,a.纪录的；文献的,六级
marginal,'mɑrdʒɪnl,,a.边缘的；记在页边的,六级
terminal,ˈtɜːrmɪnl,,n.计算机终端；线接头,六级
scheme,skim,,v.计划，搞阴谋,六级
geometrical,dʒɪə'mɛtrɪkl,,a.几何学的,六级
bazaar,bə'zɑr,,n.集市，廉价商店,六级
gathering,'ɡæðərɪŋ,,n.集会，聚会，聚集,六级
set,sɛt,,n.集（合）,六级
disorder,,,n.疾病，小病,六级
complaint,kəm'plent,,n.疾病，病痛,六级
forthcoming,",fɔrθ'kʌmɪŋ",,a.即将到来的；现成的,六级
polarity,pə'lærəti,,n.（人、意见或观念的）截然相反，截然对立；极性,六级
extreme,ɪk'strim,,n.极端不同的性质,六级
guitar,,,n.吉他，六弦琴,六级
timely,'taɪmli,,a.及时的；适时的,六级
irritate,'ɪrɪtet,,v.激怒；引起不愉快,六级
drastic,'dræstɪk,,a.激烈的；严厉的,六级
severe,sɪ'vɪr,,a.艰难的；简朴的,六级
Christian,'krɪstʃən,,a.基督教的,六级
elemental,",ɛlɪ'mɛntl",,a.基本的；自然力的,六级
radical,,,a.基本的；激进的,六级
ultimate,'ʌltəmət,,a.首要的；基本的,六级
energetic,",ɛnɚ'dʒɛtɪk",,a.积极的；精力旺盛的,六级
muscular,'mʌskjəlɚ,,a.肌肉发达的，强健的,六级
witty,'wɪti,,a.机智的；风趣的,六级
mechanism,'mɛkənɪzəm,,n.机械装置；机制,六级
tact,tækt,,n.机敏，圆滑，得体,六级
ingenious,ɪn'dʒinɪəs,,a.精巧制成的；机灵的,六级
ingenuity,,,n.机灵；设计新颖,六级
framework,'fremwɝk,,n.体制,六级
fence,fɛns,,n.击剑（术），击剑,六级
stall,stɔl,,n.货摊，书摊；马厩,六级
fellowship,'fɛloʃɪp,,n.伙伴关系；联谊会,六级
Mars,mɑrz,,n.火星,六级
ham,hæm,,n.火腿,六级
piston,'pɪstən,,n.活塞,六级
vigour,'viɡə,,n.活力，精力；元气,六级
cloudy,'klaʊdi,,a.混浊的；模糊不清的,六级
mixer,'mɪksɚ,,n.搅拌器,六级
engagement,ɪn'ɡedʒmənt,,n.婚约；约会,六级
bribe,braɪb,,n.贿赂 v.向…行贿,六级
corrupt,kə'rʌpt,,v.使腐化 a.腐败的,六级
response,rɪ'spɑns,,n.回应,六级
badge,bædʒ,,n.徽章，像章；标志,六级
wield,wild,,v.挥（剑）；行使,六级
locust,'lokəst,,n.蝗虫,六级
wasp,wɑsp,,n.黄蜂,六级
royalty,'rɔɪəlti,,n.皇家，王族，皇族,六级
desolate,'dɛsələt,,a.荒芜的；孤独的,六级
illusion,ɪ'luʒn,,n.幻想；错觉；假象,六级
modification,",mɑdɪfɪ'keʃən",,n.修改,六级
environmental,"ɪn,vaɪrən'mɛntl",,a.环境的，环境产生的,六级
pregnant,'prɛɡnənt,,a.怀孕的；意义深长的；意义深长的,六级
fossil,'fɑsl,,n.化石,六级
glider,'ɡlaɪdɚ,,n.滑翔机；滑翔导弹,六级
pulley,'pʊli,,n.滑轮，滑车，皮带轮,六级
slide,slaɪd,,n.滑动，滑行,六级
granite,'grænɪt,,a.花岗岩，花岗石,六级
correlate,'kɔrəlet,,n.互相关联的事物,六级
walnut,'wɔlnət,,n.核桃；胡桃树,六级
arc,ɑrk,,n.弧，弓形物；弧光,六级
exclamation,",ɛksklə'meʃən",,n.呼喊，惊叫；感叹,六级
outcome,'aʊt'kʌm,,n.后果，成果,六级
ruby,'rubi,,n.红宝石,六级
hit,hɪt,,n.轰动一时的人（或事）,六级
traverse,trə'vɝs,,v.横越,六级
transverse,træns'vɝs,,a.横的,六级
bed,bɛd,,n.河床，（湖）底,六级
harmonious,hɑr'monɪəs,,a.和谐的，协调的,六级
monk,mʌŋk,,n.和尚，僧侣，修道士,六级
cooperative,ko'ɑpərətɪv,,a.合作的 n.合作社,六级
hinge,hɪndʒ,,n.合页，折叶，铰链,六级
proper,'prɑpɚ,,a.合乎体统的，正派的,六级
composite,kɑm'pɑzɪt,,a.合成的 n.合成物,六级
synthesis,'sɪnθəsɪs,,n.综合，综合物；（化学或生物学物质的）合成；（用电子方式对声音、语音或音乐的）合成,六级
applause,ə'plɔz,,n.喝彩；夸奖，称赞,六级
applaud,ə'plɔd,,v.鼓掌；喝彩,六级
hurrah,hə'rɑ,,int.好哇，万岁，乌拉,六级
pal,pæl,,n.好朋友；同谋,六级
hospitality,",hɑspɪ'tæləti",,n.好客，殷勤,六级
romantic,ro'mæntɪk,,a.好幻想的,六级
howl,haʊl,,n.嚎叫；哀号；吠,六级
aerospace,'ɛrospes,,n.航空航天工业,六级
log,lɔɡ,,n.航海日志；飞行日志,六级
pedestrian,pə'dɛstrɪən,,n.行人，步行者,六级
move,muv,,n.行动，步骤,六级
hesitate,'hɛzɪtet,,v.犹豫；迟疑不决,六级
pest,pɛst,,n.害虫,六级
strait,stret,,n.海峡,六级
turtle,'tɝtl,,n.海龟，玳瑁,六级
custom,'kʌstəm,,n.海关,六级
seaport,'sipɔrt,,n.海港，港口，港市,六级
cable,'kebl,,n.电缆,六级
pirate,'paɪrət,,n.海盗,六级
seaside,'sisaɪd,,n.海滨（胜地）；海边,六级
surplus,'sɝpləs,,n.过剩，剩余（物资）,六级
overestimate,",ovər'ɛstɪmət",,v.过高估计,六级
excessively,ɪk'sɛsɪvli,,ad.过分，极端地,六级
excess,'ɛk'sɛs,,n.过度行为，暴行,六级
orchard,'ɔrtʃɚd,,n.果园,六级
peel,pil,,n.果皮，蔬菜皮,六级
stone,ston,,n.果核，（水果的）硬核,六级
slap,slæp,,v.掴 n.巴掌,六级
inland,",ɪn'lænd",,a.国内的；内地的,六级
boiler,'bɔɪlɚ,,n.锅炉,六级
roller,'rolɚ,,n.滚筒；滚柱,六级
valuable,ˈvæljuəbəl; ˈvæljə-,,n.贵重物品，财宝,六级
salmon,'sæmən,,n.鲑，大马哈鱼,六级
silicon,'sɪlɪkən,,n.硅（旧名矽）,六级
regulation,ˌrɛɡjəˈleʃən,,n.规章，规则,六级
regularity,ˌrɛɡjəˈlærətɪ,,n.规则性；整齐，端正,六级
define,dɪ'faɪn,,v.规定；立（界限）,六级
provision,prə'vɪʒn,,n.规定，条款，条项,六级
replacement,rɪ'plesmənt,,n.取代；置换,六级
spacious,'speʃəs,,a.广阔的，广大的,六级
amplitude,'æmplə'tʊd,,n.振幅；广大；充足,六级
radial,'redɪəl,,a.放射状的,六级
photoelectric,",fotoɪ'lɛktrɪk",,a.光电的,六级
optical,'ɑptɪkl,,a.光的；光学的,六级
shrub,ʃrʌb,,n.灌木，灌木丛,六级
irrigation,ˌɪrɪˈɡeʃn,,n.灌溉；（医）冲洗法,六级
inertia,ɪ'nɝʃə,,n.惯性；无力,六级
orchestra,,,n.管弦乐队,六级
blast,blæst,,n.管乐器的声音,六级
pipe,paɪp,,n.管乐器,六级
coffin,'kɔfɪn,,n.棺材，灵柩,六级
bureaucracy,bjʊ'rɑkrəsi,,n.官僚主义；官僚机构,六级
monster,'mɑnstɚ,,n.怪物；畸形的动植物,六级
client,'klaɪənt,,n.顾客；诉讼委托人,六级
obstinate,'ɑbstɪnət,,a.固执的；顽强的,六级
inherent,ɪn'hɪrənt,,a.固有的，生来的,六级
fixture,'fɪkstʃɚ,,n.固定设备,六级
pluck,plʌk,,v.鼓起（勇气），振作,六级
agitation,",ædʒɪ'teʃən",,n.鼓动，煸动；搅动,六级
skeleton,'skɛlɪtn,,n.骨骼，骷髅；骨架,六级
thigh,θaɪ,,n.股，大腿,六级
cereal,'sɪrɪəl,,n.谷类，五谷，禾谷,六级
antique,æn'tik,,a.古代的 n.古物,六级
assessment,ə'sɛsmənt,,n.估定；查定,六级
constitute,'kɑnstətut,,v.构成，组成,六级
hound,haʊnd,,n.猎犬,六级
gutter,'gʌtɚ,,n.沟，边沟；檐槽,六级
tribute,'trɪbjut,,n.献礼；贡物,六级
number,'nʌmbɚ,,v.共计，达…之数,六级
commonwealth,'kɑmən'wɛlθ,,n.联邦,六级
arch,ɑrtʃ,,n.拱门 v.（使）拱起,六级
vault,vɔlt,,n.拱顶；（教堂的）地下墓室,六级
mercury,,,n.汞，水银,六级
consolidate,kən'sɑlɪdet,,v.巩固；合并,六级
impartial,ɪm'pɑrʃəl,,a.公正的，无偏见的,六级
convention,kən'vɛnʃən,,n.公约，（换俘等）协定,六级
duke,dʊk,,n.公爵；君主,六级
rooster,'rustɚ,,n.公鸡,六级
studio,'studɪo,,n.播音室；工作室,六级
earnings,'ɝnɪŋz,,n.工资，收入；收益,六级
implement,'ɪmplɪmɛnt,,n.工具 v.贯彻,六级
workpiece,'wə:kpi:s,,n.工（作）件,六级
combat,'kɑmbæt,,v.跟…战斗，格斗,六级
impart,ɪm'pɑrt,,v.给予；传递；告诉,六级
energize,'ɛnɚdʒaɪz,,v.供给…能量,六级
vaccinate,'væksə'net,,v.给…接种疫苗,六级
flavour,'fleivə,,v.给…调味,六级
insulator,'ɪnsəletɚ,,n.隔离者；绝缘体,六级
lattice,'lætɪs,,n.格子结构,六级
dove,dʌv; dov,,n.鸽子，斑鸠,六级
reveal,rɪ'vil,,v.告诉，揭示，泄露,六级
plateau,plæ'to,,n.高原；平稳时期,六级
lofty,'lɔfti,,a.高耸的；高尚的,六级
tower,'taʊɚ,,v.高耸，屹立；翱翔,六级
elevation,",ɛlɪ'veʃən",,n.高度，海拔,六级
intervene,",ɪntɚ'vin",,v.干涉，干预,六级
dry,draɪ,,a.干巴巴的，枯燥的,六级
olive,'ɑlɪv,,n.橄榄；橄榄树,六级
sentiment,'sɛntɪmənt,,n.感情；情绪,六级
perception,pɚ'sɛpʃən,,n.感知；理解力,六级
sensation,sɛn'seʃən,,n.感觉，知觉；轰动,六级
Thanksgiving,"'θæŋks,ɡiviŋ; ,θæŋks'ɡ-",,n.感恩节,六级
chill,tʃɪl,,v.感到寒冷；冷藏,六级
outline,'aʊtlaɪn,,v.概述，概括,六级
notion,'noʃən,,n.概念；看法,六级
conception,kən'sɛpʃən,,n.概念，观念，想法,六级
summary,'sʌməri,,a.概括的；速决的,六级
generalize,'dʒɛnrəlaɪz,,v.概括出,六级
impress,ɪm'prɛs,,v.盖印，在…打记号,六级
mend,mɛnd,,v.修理；改正,六级
duplicate,'duplɪket,,n.复制品 v.复制,六级
complication,",kɑmplɪ'keʃən",,n.复杂，混乱；并发症,六级
complexity,kəm'plɛksəti,,n.复杂（性）,六级
satellite,'sætəlaɪt,,n.附属国,六级
appendix,ə'pɛndɪks,,n.附录；阑尾,六级
extra,'ɛkstrə,,n.附加物；额外的东西,六级
incidentally,",ɪnsɪ'dɛntli",,ad.附带地；顺便提及,六级
charge,tʃɑrdʒ,,n.负荷；充电 v.装满,六级
negative,'nɛɡətɪv,,a.负的；（结果）阴性的,六级
corrosion,kə'roʒən,,n.腐蚀，侵蚀；锈,六级
erosion,ɪ'roʒən,,n.腐蚀，侵蚀；糜烂,六级
subsidiary,səb'sɪdɪɛri,,a.辅助的，补充的,六级
coach,kotʃ,,v.指导，训练；辅导,六级
answer,'ænsɚ,,v.符合，适合,六级
emerge,ɪ'mɝdʒ,,v.浮现，出现；显露,六级
obedient,oˈbidiənt,,a.服从的，顺从的,六级
obedience,ə'bidjəns,,n.服从，顺从,六级
maintenance,'mentənəns,,n.扶养费；维持,六级
veto,'vito,,n.否决，否决权；禁止,六级
denial,dɪ'naɪəl,,n.否定；拒绝相信,六级
Buddhism,'bʊdɪzəm,,n.佛教，释教,六级
dedicate,'dɛdɪket,,v.奉献；献身,六级
flatter,'flætɚ,,v.奉承，阿谀，谄媚,六级
pineapple,'paɪn'æpl,,n.凤梨，波萝,六级
seam,sim,,n.缝口；接缝；骨缝,六级
landscape,'lænd'skep,,n.风景，景色，景致,六级
windmill,'wɪnd'mɪl,,n.风车,六级
plump,plʌmp,,a.丰满的,六级
abundance,ə'bʌndəns,,n.丰富，充裕,六级
indignation,",ɪndɪɡ'neʃən",,n.愤怒，愤慨，义愤,六级
shatter,'ʃætɚ,,v.粉碎，破碎；毁坏,六级
molecular,mə'lɛkjəlɚ,,a.分子的；克分子的,六级
limb,lɪm,,n.肢；手臂；腿,六级
offset,",ɔf'sɛt",,v.抵销,六级
fraction,'frækʃən,,n.分数,六级
distract,dɪ'strækt,,v.分散（心思）；打扰,六级
installment,ɪn'stɔlmənt,,n.分期付款,六级
split,splɪt,,n.分裂，分化，派系,六级
detach,dɪ'tætʃ,,v.分开；派遣（军队）,六级
partition,pɑr'tɪʃən,,n.分开，分割；隔墙,六级
interface,'ɪntɚ'fes,,n.分界面,六级
relay,rɪ'le,,v.分程传递；使接替；转播,六级
diverge,daɪ'vɝdʒ,,v.分岔；分歧,六级
litter,'lɪtɚ,,n.废物；杂乱 v.乱扔,六级
abolish,ə'bɑlɪʃ,,v.废除，取消,六级
gangster,'ɡæŋstɚ,,n.匪徒，歹徒，暴徒,六级
extraordinarily,ɪk'strɔdɪn(ə)rəlɪ,,ad.非常地，特别地,六级
fly,flaɪ,,v.飞跑；逃跑，消失,六级
aviation,",evɪ'eʃən",,n.飞行（术）,六级
indulge,ɪn'dʌldʒ,,v.放纵（感情），纵情,六级
herd,hɝd,,v.成群；放牧,六级
magnify,'mæɡnɪfaɪ,,v.放大，扩大,六级
imitation,",ɪmɪ'teʃən",,n.仿制品，伪制物,六级
pattern,'pætɚn,,v.仿制，仿造，模仿,六级
reproduce,",riprə'dus",,v.仿造,六级
estate,ɪ'stet,,n.财产，产业；房地产,六级
hamper,'hæmpɚ,,v.妨碍，阻碍，牵制,六级
handicap,'hændɪ'kæp,,v.妨碍，使不利,六级
handy,'hændi,,a.方便的；便于使用的,六级
offence,ə'fɛns,,n.犯罪，犯规；冒犯,六级
blunder,'blʌndɚ,,v.犯大错 n.大错,六级
mirror,'mɪrɚ,,n.反映，借鉴,六级
reactor,rɪ'æktɚ,,n.反应堆,六级
echo,'ɛko,,v.回响,六级
contrary,'kɑntrɛri,,n.反对命题,六级
contradict,'kɑntrə'dɪkt,,v.反驳，否认,六级
propagation,",prɑpə'geʃən",,n.繁殖；传播；蔓延,六级
propagate,'prɑpə'get,,v.传播，普及；繁殖,六级
toss,tɔs,,v.翻来覆去,六级
decree,dɪ'kri,,n.法令，政令,六级
flannel,'flænl,,n.法兰绒,六级
valve,,,n.阀，阀门；电子管,六级
originate,əˈrɪdʒəˌnet,,v.发源；首创,六级
spokesman,'spoksmən,,n.发言人，代言人,六级
outlet,'aʊtlɛt,,n.发泄（感情等）的方法,六级
incidence,'ɪnsɪdəns,,n.发生率，影响；入射,六级
generate,'dʒɛnəret,,v.发生，产生；生成,六级
invoice,'ɪnvɔɪs,,n.发票，发货清单,六级
detector,dɪ'tɛktɚ,,n.发觉者，探测器,六级
flame,flem,,v.燃烧,六级
exert,ɪɡ'zɝt,,v.发挥（威力），施加,六级
luminous,'lʊmənəs,,a.发光的；夜明的,六级
beam,bim,,v.发光，发热；开怀大笑,六级
motive,'motɪv,,a.发动的，运动的,六级
dynamo,'daɪnəmo,,n.发电机,六级
rattle,'rætl,,v.发出格格声,六级
dioxide,daɪ'ɑksaɪd,,n.二氧化物,六级
bait,bet,,n.饵；引诱物,六级
subsequent,'sʌbsɪkwənt,,a.尔后的,六级
whereas,'wɛr'æz,,conj.而，却，反之,六级
youngster,'jʌŋstɚ,,n.儿童，少年，年轻人,六级
offspring,'ɔfsprɪŋ,,n.儿女，子孙，后代,六级
malice,'mælɪs,,n.恶意；蓄意犯罪,六级
spite,spaɪt,,n.恶意，怨恨,六级
nightmare,'naɪt'mɛr,,n.恶梦；经常的恐惧,六级
yoke,jok,,n.轭，牛轭；枷锁,六级
deprive,dɪ'praɪv,,v.夺去；使（人）失去,六级
mountainous,'maʊntənəs,,a.多山的；山一般的,六级
windy,'wɪndi,,a.多风的，刮风的,六级
versatile,'vɝsətl,,a.多方面的；通用的,六级
stew,"stu, stju",,v.炖 n.炖菜,六级
mop,mɑp,,n.拖把，墩布；洗碗刷,六级
halve,hæv,,v.对分；平摊,六级
symmetrical,sɪ'mɛtrɪkl,,a.对称的，匀称的,六级
symmetry,'sɪmətri,,n.对称（性），匀称,六级
provoke,prə'vok,,v.对…挑衅；激发,六级
resent,rɪ'zɛnt,,v.对…不满，怨恨,六级
alignment,ə'laɪnmənt,,n.排成直线；结盟，联合,六级
assert,ə'sɝt,,v.断言，宣称；维护,六级
affirm,ə'fɝm,,v.断言，证实,六级
shortage,'ʃɔrtɪdʒ,,n.短缺，不足额,六级
ferry,'fɛri,,n.渡船 v.运送,六级
jealousy,'dʒɛləsi,,n.妒忌，嫉妒，猜忌,六级
cuckoo,'kʊku,,n.杜鹃，布谷鸟,六级
gamble,'ɡæmbl,,n.赌博 v.冒…的险,六级
jam,dʒæm,,n.堵塞 v.使…堵塞,六级
distinct,dɪ'stɪŋkt,,a.清楚的,六级
solo,'solo,,n.独唱，独奏；独唱曲,六级
dictator,'dɪktetɚ,,n.独裁者，专政者,六级
linger,'lɪŋɡɚ,,v.逗留，徘徊；拖延,六级
tease,tiz,,v.逗乐，戏弄,六级
fighter,,,n.战斗机；斗争者,六级
champion,'tʃæmpɪən,,n.斗士；提倡者,六级
insight,'ɪn'saɪt,,n.洞察力；洞悉，见识,六级
cavity,'kævəti,,n.洞，穴，空腔,六级
jelly,'dʒɛli,,n.冻，果冻；胶状物,六级
mobilize,'mobəlaɪz,,v.动员，动员起来,六级
grease,gris,,n.动物脂，脂肪,六级
disturbance,dɪ'stɝbəns,,n.动乱；干扰,六级
kinetic,kɪ'nɛtɪk,,a.动力（学）的；活动的,六级
orient,'orɪənt,,n.东方；亚洲，远东,六级
location,lo'keʃən,,n.定位，测位,六级
theorem,'θiərəm,,n.定理；原理，原则,六级
subscribe,səb'skraɪb,,v.订购；认购；预订,六级
summit,,,n.顶点，最高点；极度,六级
sculpture,'skʌlptʃɚ,,n.雕刻品；雕刻（术）,六级
electronics,"ɪ,lɛk'trɑnɪks",,n.电子学,六级
pressure,'prɛʃɚ,,n.大气压力,六级
capacitor,kə'pæsɪtɚ,,n.电容器,六级
capacitance,kə'pæsətns,,n.电容，电容量,六级
electrode,ɪ'lɛktrod,,n.电极；电焊条,六级
electrician,ɪ'lɛk'trɪʃən,,n.电工，电气技师,六级
telex,'tɛlɛks,,n.电传，用户电报,六级
kindle,'kɪndl,,v.点燃，着火,六级
geology,dʒɪ'ɑlədʒi,,n.地质学；（某地）地质,六级
basement,'besmənt,,n.地下室；地窖；底层,六级
geographical,dʒɪə'græfɪkl,,a.地理的；地区（性）的,六级
magistrate,'mædʒɪs'tret,,n.地方法官,六级
mortgage,,,n.抵押贷款 v.抵押,六级
hostile,ˈhɑstəl,,a.敌对的；不友好的,六级
whisper,'wɪspɚ,,v.低声地讲；私下说,六级
underestimate,/ˌʌndərˈestɪmeɪt/,,v.低估，看轻,六级
murmur,'mɝmɚ,,n.低沉连续的声音,六级
equivalent,ɪ'kwɪvələnt,,a.等面（体）积的,六级
enroll,ɪn'rol,,v.登记，招收，参军,六级
burner,'bɝnɚ,,n.煤气头,六级
triumphant,traɪ'ʌmfənt,,a.得胜的；得意洋洋的,六级
clatter,'klætɚ,,n.得得声，卡嗒声,六级
morality,məˈræləti,,n.道德，美德，品行,六级
theft,θɛft,,n.盗窃，偷窃（行为）,六级
attendance,ə'tɛndəns,,n.到场；出席人数,六级
between,bɪ'twin,,ad.当中，中间,六级
yolk,jok,,n.蛋黄，卵黄,六级
cartridge,'kɑrtrɪdʒ,,n.弹药筒,六级
detain,dɪ'ten,,v.扣押，拘留；耽搁,六级
simple,'sɪmpl,,a.单纯的；迟钝的,六级
simplicity,,,n.单纯，质朴,六级
fill,fɪl,,v.担任（职务）；填补,六级
jug,dʒʌɡ,,n.带柄水罐，大壶,六级
algebra,'ældʒɪbrə,,n.代数学,六级
attorney,ə'tɝni,,n.代理人；辩护律师,六级
deputy,'dɛpjuti,,n.代理人 a.副的,六级
representative,'rɛprɪ'zɛntətɪv,,a.代表性的；代议制的,六级
delegate,"ˈdɛləgɪt; (for v.,) ˈdɛləˌgeɪt",,n.代表，委员，特派员,六级
gorilla,ɡə'rɪlə,,n.大猩猩,六级
magnitude,'mæɡnɪtud,,n.重大；星等,六级
massacre,'mæsəkɚ,,n.大屠杀，残杀,六级
stride,straɪd,,v.大踏步走 n.大步,六级
embassy,'ɛmbəsi,,n.大使馆；大使的职务,六级
ambassador,æm'bæsədɚ,,n.大使，使节,六级
mansion,'mænʃən,,n.大厦，大楼；宅第,六级
multitude,"ˈmʌltɪˌtud, -ˌtjud",,n.大批，大群；大量,六级
barley,'bɑrli,,n.大麦,六级
continental,",kɑntɪ'nɛntl",,a.大陆的，大陆性的,六级
infinity,ɪn'fɪnəti,,n.无穷大,六级
steak,stek,,n.大块牛肉；牛排,六级
butt,bʌt,,n.大酒桶，桶,六级
largely,'lɑrdʒli,,ad.主要地,六级
widely,'waɪdli,,ad.大大地,六级
prairie,'prɛri,,n.大草原，牧场,六级
smash,smæʃ,,v.打碎，打破，粉碎,六级
sneeze,sniz,,v.打喷嚏,六级
lighter,'laɪtɚ,,n.打火机，引燃器,六级
snore,snɔr,,v.打鼾，打呼噜,六级
thresh,θrɛʃ,,v.打谷，脱粒,六级
forge,fɔrdʒ,,v.打（铁等），锻造,六级
passport,'pæspɔrt,,n.达到目的的手段,六级
inaccessible,",ɪnæk'sɛsəbl",,a.达不到的，难接近的,六级
frustrate,'frʌstret,,v.挫败,六级
latent,'letnt,,a.存在但看不见的,六级
frail,frel,,a.脆弱的,六级
fragile,'frædʒəl,,a.脆弱的；体质弱的,六级
crisp,krɪsp,,a.脆的,六级
catalyst,'kætəlɪst,,n.催化剂；刺激因素,六级
promotion,prə'moʃən,,n.促进；提升,六级
reckless,'rɛkləs,,a.粗心大意的；鲁莽的,六级
vulgar,'vʌlɡɚ,,a.粗俗的，庸俗的,六级
massive,'mæsɪv,,a.粗大的；大而重的,六级
harsh,hɑrʃ,,a.粗糙的；严厉的,六级
jungle,'dʒʌŋɡl,,n.丛林，密林，莽丛,六级
follow,'fɑlo,,v.从事（职业），经营,六级
overflow,",ovɚ'flo",,v.从…中溢出,六级
smart,smɑrt,,v.刺疼，扎疼，剧痛,六级
prick,prɪk,,v.刺（穿） n.刺痛,六级
thereafter,",ðɛr'æftɚ",,ad.此后，以后,六级
magnetism,'mægnə'tɪzəm,,n.磁；魅力,六级
porcelain,ˈpɔrsələn,,n.瓷 a.瓷的，瓷制的,六级
initial,ɪ'nɪʃəl,,a.词首的,六级
glossary,'ɡlɑsəri,,n.词汇表；术语汇编,六级
vocabulary,və'kæbjəlɛri,,n.词汇表，词汇汇编,六级
stem,stɛm,,n.词干,六级
poke,pok,,v.戳，刺；伸（头等）,六级
lipstick,'lɪpstɪk,,n.唇膏，口红,六级
stainless,ˈsteɪnlɪs,,a.不锈的；纯洁的,六级
sheer,ʃɪr,,a.纯粹的；全然的,六级
perpendicular,'pɝpən'dɪkjəlɚ,,a.垂直的,六级
author,'ɔθɚ,,n.创造者，创始人,六级
innovation,",ɪnə'veʃən",,n.创新，改革；新设施,六级
initiative,ɪ'nɪʃətɪv,,n.倡议；新方案,六级
puff,pʌf,,v.喘气；喷（烟等）,六级
shipwreck,'ʃɪprɛk,,n.船舶失事,六级
report,rɪ'pɔrt,,n.传说，议论,六级
infectious,ɪn'fɛkʃəs,,a.传染的；感染性的,六级
romance,ro'mæns,,n.传奇；浪漫文学,六级
herald,'hɛrəld,,n.传令官；通报者,六级
missionary,'mɪʃənɛri,,n.传教士,六级
sensor,'sɛnsɚ,,n.传感器，灵敏元件,六级
circular,'sɝkjəlɚ,,n.传单，通报，通函,六级
leaflet,'liflət,,n.传单,六级
convey,kən've,,v.传达；传播；转让,六级
pierce,pɪrs,,v.穿透，戳穿,六级
penetration,",pɛnɪ'treʃən",,n.穿入；渗透,六级
antenna,æn'tɛnə,,n.触角；天线,六级
virgin,'vɝdʒɪn,,n.处女 a.处女的,六级
transaction,træn'zækʃən,,n.交易；处理,六级
penalty,'pɛnəlti,,n.处罚，刑罚，罚款,六级
exclusive,ɪk'sklusɪv,,a.除外的,六级
notorious,no'tɔrɪəs,,a.臭名昭著的,六级
scandal,'skændl,,n.丑事，丑闻；耻辱,六级
specimen,'spɛsəmən,,n.抽样，样品,六级
extraction,ɪk'strækʃən,,n.抽出；提取法,六级
adore,ə'dɔr,,v.崇拜，爱慕；很喜欢,六级
worship,'wɝʃɪp,,v.崇拜；做礼拜,六级
bug,bʌɡ,,n.虫子；臭虫,六级
punch,pʌn(t)ʃ,,v.打孔 n.冲压机,六级
strife,straɪf,,n.冲突，竞争,六级
equator,ɪ'kwetɚ,,n.赤道，天球赤道,六级
gear,ɡɪr,,n.齿轮，传动装置,六级
persist,pɚ'sɪst,,v.持续，存留,六级
breakfast,'brɛkfəst,,v.吃早餐,六级
dine,daɪn,,v.吃饭,六级
proceeding,prə'sidɪŋ,,n.程序，行动，事项,六级
length,[leŋθ],,n.长度,六级
acknowledge,ək'nɑlɪdʒ,,v.承认；告知收到,六级
shoulder,'ʃoldɚ,,v.承担；挑起,六级
integrity,ɪn'tɛɡrəti,,n.诚实，正直,六级
offer,'ɔfɚ,,v.出现,六级
membership,'mɛmbɚʃɪp,,n.成员资格；会员人数,六级
systematic,'sɪstə'mætɪk,,a.成体系的,六级
kit,kɪt,,n.成套工具；用具包,六级
commend,kə'mɛnd,,v.称赞，表扬；推荐,六级
brood,brud,,v.沉思，郁闭地沉思,六级
muse,mjuz,,v.沉思，默想，冥想,六级
meditate,'mɛdɪtet,,v.沉思；冥想,六级
hush,hʌʃ,,n.沉默 int.嘘！,六级
immerse,ɪ'mɝs,,v.沉浸；给…施洗礼,六级
repeal,rɪ'pil,,v.撤销,六级
lathe,leð,,n.车床 v.用车床加工,六级
row,ro,,n.吵架，口角,六级
mock,mɑk,,v.嘲弄，挖苦,六级
reign,ren,,n.（某君主的）统治时期,六级
supersonic,",supɚ'sɑnɪk",,a.超声的，超声速的,六级
ultrasonic,",ʌltrə'sɑnɪk",,a.超声的 n.超声波,六级
surpass,sə'pæs,,v.超过，超越，胜过,六级
nickname,'nɪk'nem,,n.绰号，诨号,六级
waggon,'wægən,,n.敞蓬车厢,六级
spectacle,'spɛktəkl,,n.场面，景象；奇观,六级
resident,,,n.常住者,六级
haunt,hɔnt,,v.（鬼魂）经常出没,六级
visit,'vɪzɪt,,v.拜访,六级
frequent,'frikwənt,,a.常见的；频繁的,六级
shovel,'ʃʌvl,,n.铲，铁铲 v.铲,六级
toad,tod,,n.蟾蜍，癞蛤蟆,六级
diesel,'dizl,,n.柴油发动机，内燃机,六级
errand,,,n.差使，差事,六级
ascertain,,,vt.查明，确定，弄清,六级
horizon,hə'raɪzn,,n.地平线,六级
tactics,'tæktɪks,,n.战术，兵法,六级
grassy,'ɡræsi,,a.草多的,六级
herb,ɝb,,n.草本植物；香草,六级
groove,ɡruv,,n.槽,六级
manipulate,mə'nɪpjulet,,v.操作；操纵，控制,六级
hatch,hætʃ,,v.策划；密谋,六级
warehouse,'wɛrhaʊs,,n.仓库，货栈,六级
cruelty,'krʊəlti,,n.残酷；残酷行为,六级
napkin,'næpkɪn,,n.餐巾（纸）,六级
participate,pɑr'tɪsə'pet,,v.参与,六级
senator,'sɛnətɚ,,n.参议员,六级
reference,'rɛfrəns,,n.参考文献；参照物,六级
participant,pɑr'tɪsəpənt,,n.参加者,六级
spectator,'spɛktetɚ,,n.参观者，观众,六级
parameter,pə'ræmɪtɚ,,n.参（变）数；参量,六级
recipe,'rɛsəpi,,n.菜谱，烹饪法,六级
assumption,ə'sʌmpʃən,,n.假定,六级
rule,rul,,v.裁决，裁定,六级
substance,'sʌbstəns,,n.内容，本旨；财产,六级
friction,'frɪkʃən,,n.摩擦,六级
sermon,'sɝmən,,n.布道，讲道；说教,六级
absent,ˈæbsənt,,a.不在的,六级
disagreement,",dɪsə'ɡrimənt",,n.争论；不一致,六级
awkward,'ɔkwɚd,,a.令人尴尬的,六级
immortal,ɪ'mɔrtl,,a.不朽的；永生的,六级
wretched,'rɛtʃɪd,,a.不幸的,六级
misfortune,'mɪs'fɔrtʃən,,n.不幸，灾祸，灾难,六级
incompatible,",ɪnkəm'pætəbl",,a.不相容的,六级
instability,",ɪnstə'bɪləti",,n.不稳定性,六级
incomplete,'ɪnkəm'plit,,a.不完全的，未完成的,六级
stuffy,'stʌfi,,a.不透气的，闷热的,六级
opaque,o'pek,,a.不透明的,六级
improper,ɪm'prɑpɚ,,a.不适当的；不合理的,六级
dissatisfaction,dɪs'sætɪs'fækʃən,,n.不满，不平,六级
watertight,'wɔtɚtaɪt,,a.不漏水的，防水的,六级
inevitably,ɪn'ɛvɪtəbli,,ad.不可避免地,六级
irrespective,",ɪrɪ'spɛktɪv",,a.不考虑的，不顾的,六级
inaccurate,ɪn'ækjərət,,a.不精密的，不准确的,六级
unreasonable,ʌn'riznəbl,,a.不讲道理的；过高的,六级
undesirable,",ʌndɪ'zaɪərəbl",,a.不合需要的；讨厌的,六级
unfit,ʌn'fɪt,,a.不合适的；无能力的,六级
absurd,"əbˈsɚd, -ˈzɚd",,a.不合理的，荒唐的,六级
irregularity,ɪ'rɛgjə'lærəti,,n.不规则；不整齐,六级
disregard,",dɪsrɪ'ɡɑrd",,v.不管，不顾 n.忽视,六级
uncertain,ʌn'sɝtn,,a.不定的；无常的,六级
impurity,ɪm'pjʊrəti,,n.杂质；不纯,六级
inadequate,ɪn'ædɪkwət,,a.不充足的，不适当的,六级
invariably,ɪn'vɛrɪəbli,,ad.不变地，永恒地,六级
uneasy,ʌn'izi,,a.不安的；拘束的,六级
mammal,'mæml,,n.哺乳动物,六级
supplement,'sʌplɪmənt,,n.补角,六级
complement,ˈkɑːmplɪment,,v.补充 n.补足（物）,六级
compensation,",kɑmpɛn'seʃən",,n.补偿，赔偿，赔偿费,六级
humanitarian,"hju,mænɪ'tɛrɪən",,a.博爱的 n.慈善家,六级
barge,bɑrdʒ,,n.驳船；大型游船,六级
fluctuation,",flʌktʃʊ'eʃən",,n.波动,六级
fluctuate,'flʌktʃʊ'et,,v.波动，使波动,六级
invalid,ˈɪnvəlɪd；ɪnˈvælɪd,,n.病人,六级
ward,wɔrd,,n.病房，病室；监房,六级
strength,strɛŋθ,,n.兵力；强度,六级
icy,'aɪsi,,a.冰冷的；冷冰冰的,六级
objective,əb'dʒɛktɪv,,n.目标 a.宾格的,六级
villa,'vɪlə,,n.别墅,六级
characterize,'kærəktə'raɪz,,v.表现…的特性,六级
signify,'sɪɡnɪfaɪ,,v.表示，意味着,六级
manifest,,,v.表明 a.明显的,六级
seemingly,'simɪŋli,,ad.表面上，外表上,六级
superficial,",supɚ'fɪʃl",,a.表面的；肤浅的,六级
criterion,kraɪˈtɪriən,,n.标准，准则，尺度,六级
norm,nɔrm,,n.标准，规范；平均数,六级
heading,'hɛdɪŋ,,n.标题，题词，题名,六级
reason,ˈrizən,,v.论证，推断,六级
advocate,ˈædvəkeɪt；-et,,v.拥护 n.辩护律师,六级
discrimination,"dɪ,skrɪmɪ'neʃən",,n.歧视；辨别；识别力,六级
transform,træns'fɔrm,,v.变换,六级
loosen,'lusn,,v.变松,六级
alteration,",ɔltə'reʃən",,n.变更，改变,六级
fall,fɔl,,v.变成，成为，陷入,六级
program,'proɡræm,,v.编制程序,六级
edit,'ɛdɪt,,v.编辑，编纂；校订,六级
verge,vɝdʒ,,n.边缘，边界,六级
rim,rɪm,,n.边；边缘，（眼镜）框,六级
hearth,hɑrθ,,n.壁炉地面；炉边,六级
fireplace,'faɪɚples,,n.壁炉,六级
patron,'petrən,,n.庇护人；赞助人,六级
diploma,dɪ'plomə,,n.毕业文凭，学位证书,六级
indispensable,'ɪndɪ'spɛnsəbl,,a.必不可少的，必需的,六级
sullen,'sʌlən,,a.绷着脸不高兴的,六级
bandage,'bændɪdʒ,,n.绷带，包带,六级
breakdown,'brek'daʊn,,n.崩溃，倒塌，失败,六级
essence,'ɛsns,,n.本质，本体,六级
captive,'kæptɪv,,a.被俘虏的,六级
reverse,rɪ'vɝs,,n.背面，反面,六级
deviation,'divɪ'eʃən,,n.背离，偏离；偏差,六级
arctic,'ɑrktɪk,,a.北极的 n.北极,六级
tragic,'trædʒɪk,,a.悲惨的；悲剧的,六级
woe,wo,,n.悲哀，悲痛，苦恼,六级
grief,ɡrif,,n.悲哀，悲痛，悲伤,六级
firework,'faɪɚwɝk,,n.爆竹，花炮，烟火,六级
storm,stɔrm,,n.爆发 v.猛攻,六级
tyranny,'tɪrəni,,n.暴政，专制；残暴,六级
wrath,ræθ,,n.暴怒，狂怒，愤慨,六级
tyrant,'taɪrənt,,n.暴君；专制君主,六级
panther,'pænθɚ,,n.豹，黑豹；美洲狮,六级
leopard,'lɛpɚd,,n.豹,六级
grumble,'ɡrʌmbl,,v.抱怨，发牢骚,六级
announce,ə'naʊns,,v.报告…的来到,六级
vengeance,'vɛndʒəns,,n.报复，报仇，复仇,六级
fortress,'fɔrtrəs,,n.堡垒，要塞,六级
assurance,ə'ʃʊrəns,,n.保证,六级
fuse,fjuz,,n.保险丝；导火线,六级
reservation,",rɛzɚ'veʃən",,n.预定，预订；保留意见,六级
safeguard,'sefɡɑrd,,n.保护措施,六级
preservation,",prɛzɚ'veʃən",,n.保存，储藏；保持,六级
saturation,'sætʃə'reʃən,,n.饱和（状态）；浸透,六级
mist,mɪst,,n.薄雾 v.下薄雾,六级
chip,tʃɪp,,n.薄片，碎片,六级
inclusive,ɪn'klusɪv,,a.包括的,六级
siege,sidʒ,,n.包围，围攻，围困,六级
embrace,ɪm'bres,,v.包括，包含,六级
baseball,,,n.棒球运动；棒球,六级
hemisphere,'hɛmɪsfɪr,,n.半球,六级
radius,'redɪəs,,n.半径距离，半径范围,六级
scar,skɑr,,n.瘢痕,六级
liner,'laɪnɚ,,n.班船，定期班机,六级
trigger,'trɪɡɚ,,n.扳机 v.触发，引起,六级
tar,tɑr,,n.柏油；焦油,六级
blind,blaɪnd,,n.百叶窗；窗帘；遮帘,六级
shutter,'ʃʌtɚ,,n.百叶窗；（相机）快门,六级
lily,'lɪli,,n.百合，百合花,六级
millionaire,",mɪljə'nɛr",,n.百分富翁，巨富,六级
white,waɪt,,a.白种（人）的,六级
blond,blɑnd,,n.白肤金发碧眼的人,六级
idiot,'ɪdɪət,,n.白痴；傻子,六级
bank,bæŋk,,v.把钱存入银行,六级
tabulate,'tæbjulet,,v.把…制成表,六级
bestow,bɪ'sto,,v.把…赠与,六级
subdivide,'sʌbdɪvaɪd,,v.把…再分,六级
dock,dɑk,,v.把…引入船坞,六级
straighten,'stretn,,v.把…弄直；挺起来,六级
flatten,'flætn,,v.把…弄平；击倒,六级
ascribe,ə'skraɪb,,v.把…归于,六级
except,ɪk'sɛpt,,v.把…除外，除去,六级
entitle,ɪn'taɪtl,,v.把…称作,六级
ballet,bæ'le,,n.芭蕾舞；芭蕾舞剧,六级
haughty,'hɔti,,a.傲慢的，轻蔑的,六级
foul,faʊl,,a.肮脏的；丑恶的,六级
assassinate,ə'sæsn'et,,v.暗杀，行刺；中伤,六级
burial,'bɛrɪəl,,n.安葬，埋葬；埋藏,六级
luxurious,lʌɡ'ʒʊrɪəs,,a.爱好奢侈的，豪华的,六级
patriot,'petrɪət,,n.爱国者，爱国主义者,六级
patriotic,ˈpeɪtriˈɑtɪk,,a.爱国的,六级
dwarf,dwɔrf,,n.矮子，侏儒,六级
stout,staʊt,,a.肥胖的；厚实牢固的,六级
alas,ə'læs,,int.唉，哎呀,六级
Egyptian,ɪ'dʒɪpʃ(ə)n,,a.埃及的 n.埃及人,六级
pathetic,pə'θɛtɪk,,a.哀婉动人的；可怜的,六级
should,ʃəd; strong form ʃʊd,,v.应该；竟然会,六级
ought,ɔt,,v.早应该，本应,六级
scripture,'skrɪptʃɚ,,n.《圣经》；圣书,六级
referee,",rɛfə'ri",,n.（足球等）裁判员,六级
pendulum,'pɛndʒələm,,n.（钟等的）摆,六级
shuttle,'ʃʌtl,,n.（织机的）梭,六级
outbreak,'aʊtbrek,,n.（战争、愤怒等）爆发,六级
market,'mɑrkɪt,,v.推销,六级
gross,ɡros,,a.（语言、举止）粗俗的,六级
heave,hiv,,v.（用力地）举起；抛,六级
pop,pɑp,,v.（意外地）出现,六级
lining,'laɪnɪŋ,,n.（衣服里的）衬里,六级
mild,maɪld,,a.味淡的,六级
panel,'pænl,,n.（选定的）专门小组,六级
rigorous,'rɪɡərəs,,a.严格的,六级
climax,'klaɪmæks,,n.顶点,六级
epoch,'ɛpək,,n.（新）时代；历元,六级
shrimp,ʃrɪmp,,n.（小）虾，河虾，褐虾,六级
peak,pik,,n.（物体的）尖端,六级
cane,ken,,n.（藤等）茎；手杖,六级
drain,dren,,v.（水等）流掉,六级
switch,swɪtʃ,,n.（树木的）软枝条,六级
board,bɔrd,,v.付费（在某人家里）膳宿,六级
immigrate,'ɪmɪɡret,,v.（使）移居入境,六级
disperse,dɪ'spɝs,,v.（使）分散；驱散,六级
lump,lʌmp,,v.（使）成团，结块,六级
deviate,'divɪet,,v.（使）背离，偏离,六级
pose,poz,,v.（使）摆好姿势,六级
expenditure,ɪk'spɛndɪtʃɚ,,n.（时间等）支出，消费,六级
elapse,ɪ'læps,,v.（时间）过去，消逝,六级
hoarse,hɔrs,,a.（声音）嘶哑的,六级
clearing,'klɪrɪŋ,,n.（森林中的）空旷地,六级
shade,ʃed,,n.（色彩的）浓淡，深浅,六级
eclipse,,,n.（日，月）食,六级
constitution,'kɑnstə'tʊʃən,,n.（人的）体格，素质,六级
spill,spɪl,,n.（人）摔下，跌下,六级
unanimous,jʊ'nænəməs,,a.（全体）一致的,六级
quiver,'kwɪvɚ,,v.（轻微地）颤动,六级
perch,pɝtʃ,,n.（禽鸟的）栖木,六级
span,spæn,,n.（桥墩间的）墩距,六级
pier,pɪr,,n.码头；（桥）墩,六级
frock,frɑk,,n.（女）连衣裙,六级
flutter,'flʌtɚ,,v.（鸟）振翼；飘动,六级
resume,rɪˈzjuːm; ˈrɛzjʊmeɪ,,n.（谋职者的）个人简历,六级
clown,klaʊn,,n.（马戏的）小丑，丑角,六级
pace,pes,,v.踱步,六级
lounge,laʊndʒ,,n.（旅馆等的）休息室,六级
pope,pop,,n.（罗马天主教的）教皇,六级
axle,'æksl,,n.（轮）轴，车轴，心棒,六级
measurement,'mɛʒɚmənt,,n.（量得的）尺寸，大小,六级
realization,",riələ'zeʃən",,n.（理想等的）实现,六级
chord,kɔrd,,n.和弦,六级
pyjamas,pə'dʒæməz,,n.（宽大的）睡衣裤,六级
elegant,'ɛləgənt,,a.（举止、服饰等）雅致的,六级
hard,hɑrd,,a.（酒）烈性的,六级
refreshment,ri'frɛʃmənt,,n.（精力的）恢复，爽快,六级
ticket,'tɪkɪt,,n.（交通违章）罚款传票,六级
gesture,'dʒɛstʃɚ,,v.（讲话时等）做手势,六级
situation,",sɪtʃu'eʃən",,n.（建筑物等的）位置,六级
software,'sɔftwɛr,,n.（计算机的）软件,六级
bishop,'bɪʃəp,,n.（基督教的）主教,六级
insert,'ɪnsɝt,,v.插入，放进,六级
kernel,'kɝnl,,n.（果实的）核；谷粒,六级
wisdom,'wɪzdəm,,n.智慧,六级
growl,ɡraʊl,,v.（狗等）嗥叫；咆哮,六级
shaft,ʃæft,,n.（工具的）柄，杆状物,六级
buzz,bʌz,,v.（蜂等）嗡嗡叫,六级
breed,brid,,n.（动物）品种,六级
ear,ɪr,,n.（稻麦等的）穗,六级
dean,din,,n.（大学）院长，系主任,六级
fertile,ˈfɝtəl; (canadian) ˈfɝˌtaɪl,,a.（创造力）丰富的,六级
sink,sɪŋk,,n.（厨房内的）洗涤槽,六级
versus,'vɝsəs,,prep.（比赛等中）对,六级
ranch,ræntʃ,,n.（北美洲的）大牧场,六级
grope,ɡrop,,v.（暗中）摸索，探索,六级
pedlar,'pedlə,,n.（挨户兜售的）小贩,六级
rally,'ræli,,v.集合,六级
squat,skwɑt,,v.（使）蹲下,六级
fling,flɪŋ,,v.（用力）扔，抛,六级
scrub,skrʌb,,v.擦洗，擦净 n.擦洗,六级
tread,trɛd,,v.踩，踏，践踏,六级
crack,kræk,,v.发出爆裂声,六级
slander,'slændɚ,,n.诽谤，诋毁 v.诽谤，诋毁,六级
escort,ˈeskɔːrt,,v.护卫，护送 n.护卫者，护送车辆,六级
swell,swɛl,,v.使膨胀；隆起,六级
menace,'mɛnəs,,n.威胁 v.（进行）威胁,六级
tramp,træmp,,v.以沉重的脚步走（过） n.跋涉,六级
trample,'træmpl,,v.践踏，蹂躏 n.践踏，蹂躏,六级
suicide,'suɪsaɪd,,n.自杀 v.自杀,六级
tighten,'taɪtn,,v.（使）变紧,六级
jingle,'dʒɪŋgl,,v.（使）丁当响,六级
fret,frɛt,,v.（使）烦恼,六级
thrill,θrɪl,,v.（使）激动,六级
deflect,dɪ'flɛkt,,v.（使）偏斜,六级
tilt,tɪlt,,v.（使）倾斜,六级
revolve,rɪ'vɔlv,,v.（使）旋转,六级
rotate,'rotet,,v.（使）旋转,六级
compensate,'kɑmpɛnset,,v.补偿，赔偿,六级
default,dɪ'fɔlt,,n.不履行义务 v.不履行义务,六级
infer,ɪn'fɝ,,v.推断,六级
repay,ri'pɛi,,v.偿还；报答,六级
scoff,skɔf,,v.嘲笑，嘲弄,六级
hoe,ho,,v.锄地,六级
retort,rɪ'tɔrt,,v.反击；反驳,六级
broaden,'brɔdn,,v.放宽，变阔,六级
decompose,",dikəm'poz",,v.腐败；分解,六级
chorus,'kɔrəs,,v.合唱，齐声说,六级
supervise,'sʊpɚ'vaɪz,,v.监督，监视,六级
beware,bɪ'wɛr,,v.谨防，当心,六级
grab,ɡræb,,v.攫取，抓取,六级
entreat,ɪn'trit,,v.恳求,六级
concentrate,'kɑnsn'tret,,v.浓缩，提浓,六级
urge,ɝdʒ,,v.强烈希望,六级
riot,'raɪət,,n.骚乱，暴乱 v.发动骚乱,六级
shrug,ʃrʌɡ,,v.耸（肩） n.耸肩,六级
revive,rɪ'vaɪv,,v.苏醒；复兴,六级
terminate,'tɝmɪnet,,v.停止，终止,六级
solidify,sə'lɪdɪfaɪ,,v.凝固,六级
dazzle,'dæzl,,v.使目眩；使倾倒,六级
transplant,træns'plænt,,v.移植（器官、皮肤等）；移植，移种（植物）,六级
xerox,'ziərɔks,,v.用静电复印,六级
peck,pɛk,,v.啄，啄起,六级
trot,trɑt,,v.（马）小跑 n.（马）小跑；慢跑,六级
ridicule,'rɪdɪ'kjʊl,,v.嘲弄，挖苦 n.嘲弄，挖苦,六级
chatter,'tʃætɚ,,v.喋喋不休 n.喋喋不休,六级
sneer,snɪr,,v.冷笑；嘲笑 n.冷笑；嘲笑,六级
boycott,'bɔɪkɑt,,v.联合抵制 n.抵制行动，受抵制时期,六级
plunder,'plʌndɚ,,v.掠夺，劫掠 n.掠夺，抢劫,六级
endeavor,ɪn'dɛvɚ,,v.努力，尽力 n.努力，尝试,六级
scramble,'skræmbl,,v.爬行，攀登 n.爬行，攀登,六级
flap,flæp,,v.拍打 n.拍打，拍动,六级
slaughter,'slɔtɚ,,v.屠杀；屠宰 n.屠杀；屠宰,六级
tow,to,,v.拖引，牵引 n.拖引，牵引,六级
credit,'krɛdɪt,,v.相信，信任 n.相信，信任,六级
clockwise,'klɑk'waɪz,,ad.顺时针方向转地 a.顺时针方向转的,六级
headlong,'hɛdlɔŋ,,ad.头向前地 a.头向前的,六级
counter,'kaʊntɚ,,ad.相反地 a.相反的,六级
eastward,'istwɚdz,,ad.向东,六级
Moslem,'mɑzləm,,n.穆斯林 a.穆斯林的,六级
melancholy,'mɛlənkɑli,,n.忧郁的 a.忧郁，悲伤,六级
bulletin,'bʊlətɪn,,n.告示，公告，公报,六级
allowance,ə'laʊəns,,n.津贴，补助费,六级
cancel,'kænsl,,vt.取消， 撤销， 删去,六级
numerous,'numərəs,,a.众多的,六级
surgeon,'sɝdʒən,,n.外科医生,六级
analyse,'æn(ə)laɪz,,vt.分析； 分解， 解析,六级
abrupt,ə'brʌpt,,a.突然的， 意外的； 唐突的， 鲁莽的,六级
spacious,'speʃəs,,a.宽广的， 宽敞的,六级
disapproval,'dɪsə'prʊvl,,n.不赞成,六级
spontaneous,spɑn'tenɪəs,,a.自发的， 无意识的； 自然的， 天真率直的,六级
remote,rɪ'mot,,a.遥远的， 偏僻的； 关系疏远的； 脱离的； 绝少的； 微乎其微的； 孤高的， 冷淡的,六级
cafeteria,",kæfə'tɪrɪə",,n.自助餐馆， 自助食堂,六级
rupture,'rʌptʃɚ,,v.破裂 n.破裂，裂开；决裂，断绝,六级
wreck,rɛk,,n.失事，残骸；精神或身体已垮的人 vt.破坏,六级
virgin,'vɝdʒɪn,,a.未经开发的， 未经使用的， 未经触动的； 处女的 n.处女，未婚女子,六级
afflict,ə'flɪkt,,vt.使苦恼， 折磨,六级
reproach,rɪ'protʃ,,n&vt.责备， 批评,六级
fluctuate,'flʌktʃʊ'et,,vi.波动， 涨落， 起伏,六级
compartment,kəm'pɑrtmənt,,n.卧车包房， 隔间； 分隔的空间,六级
gloomy,'ɡlumi,,a.忧郁的， 沮丧的； 令人沮丧的； 昏暗的， 阴沉的,六级
kidnap,'kɪdnæp,,n.绑架， 诱拐,六级
warrant,'wɔrənt,,n.授权令；理由，根据 vt.证明…是正当的,六级
calculate,'kælkjulet,,v.计算， 推算； 计划， 打算,六级
persistent,pə'zɪstənt,,a.坚持不懈的， 执意的； 持续的,六级
authorize,'ɔθəraɪz,,vt.授权， 批准,六级
sake,sek,,n.缘故， 理由,六级
audience,'ɔdɪəns,,n.听众， 观众； 读者,六级
rehearsal,rɪ'hɝsl,,n.排练， 排演,六级
sniff,snɪf,,v.以鼻吸气，用力吸入；嗅，闻 n.吸气； 嗅， 闻,六级
narrative,'nærətɪv,,n.叙述文， 故事； 叙述， 讲述,六级
possess,pə'zɛs,,vt.占用， 拥有,六级
coincide,",koɪn'saɪd",,vi.同时发生； 相符， 相一致； 位置重合， 重叠,六级
neutral,'nʊtrəl,,a.中立的， 中性的,六级
scratch,skrætʃ,,v.抓，搔，扒；刮擦，刻划 n.抓痕， 划痕； 抓， 搔， 刮,六级
analysis,ə'næləsɪs,,n.分析， 分析报告； 分解， 解析,六级
devise,dɪ'vaɪz,,vt.设计， 发明,六级
cooperative,ko'ɑpərətɪv,,a.有合作意向的，乐意合作的；合作的，协作的 n.合作社， 合作商店,六级
triple,'trɪpl,,a.三部分的，三方的；三倍的，三重的 v.增至三倍,六级
clutch,klʌtʃ,,vi.企图抓住 vt.抓紧，紧握 n.离合器； 掌握， 控制； 把握， 抓紧,六级
temper,'tɛmpɚ,,n.韧度；心情，情绪 vt.调和， 使缓和； 回火,六级
grope,ɡrop,,vi.暗中摸索，搜索；探索，搜寻 vt.摸索,六级
rejoice,rɪ'dʒɔɪs,,vi.感到高兴， 充满喜悦,六级
frantic,'fræntɪk,,a.慌乱不安的； 发疯似的， 发狂的,六级
tickle,'tɪkl,,vi.发痒 vt.使发痒；使高兴，逗乐 n.痒,六级
object,'ɑbdʒɛkt,,vi.反对， 不赞成 n.实物， 物体； 目的， 目标； 对象， 客体； 宾语,六级
humble,'hʌmbl,,a.谦逊的；地位低下的；简陋的 vt.使谦恭； 使卑下,六级
commodity,kə'mɑdəti,,n.商品， 货物,六级
cliff,klɪf,,n.悬崖， 峭壁,六级
obedient,oˈbidiənt,,a.服从的， 顺从的,六级
infinite,'ɪnfɪnət,,a.无限的， 无数的,六级
misery,'mɪzəri,,n.痛苦， 苦恼， 苦难； 悲惨的境遇， 贫苦,六级
blur,blɝ,,v.变模糊 n.模糊，模糊的东西,六级
suffice,sə'faɪs,,vi.足够,六级
concede,kən'sid,,vi.让步， 认输 vt.承认，承认…为真；承认失败；允许，让予,六级
notable,'notəbl,,a.值得注意的，显著的；著名的 n.名人， 要人,六级
plausible,'plɔzəbl,,a.似有道理的， 似乎正确的， 貌似可信的,六级
equator,ɪ'kwetɚ,,n.赤道,六级
commission,kə'mɪʃən,,n.委任状；委员会；佣金，回扣；授权，委托 vt.委任， 委托,六级
staircase,'stɛrkes,,n.楼梯,六级
flip,flɪp,,a.〈口〉无理的， 轻率的， 轻浮的 vt.快速翻动，转动 n.捻掷，轻抛；轻拍,六级
rational,'ræʃnəl,,a.理性的， 理智的； 合理的,六级
barricade,'bærɪ'ked,,n.路障，栅栏，障碍 vt.设路障于， 挡住,六级
resume,rɪˈzjuːm; ˈrɛzjʊmeɪ,,vt.重新开始， 继续， 恢复 n.摘要， 概要； 简历,六级
provocative,prə'vɑkətɪv,,a.挑衅的， 煽动的， 刺激的； 挑逗的,六级
committee,kə'mɪti,,n.委员会， 全体委员,六级
posture,'pɑstʃɚ,,vi.摆出姿势， 装模作样 n.姿势，姿态；看法，态度,六级
spiral,'spaɪrəl,,vi.盘旋上升； 不断急剧地上升 a.螺旋的 n.螺旋，螺旋式的上升,六级
subtle,'sʌtl,,a.微妙的， 难以捉摸的； 诡秘的， 狡诈的； 隐约的,六级
component,kəm'ponənt,,a.组成的， 构成的 n.组成部分，部件，组件,六级
overwhelm,ovɚˈhwɛlm,,vt.使受不了， 使不知所措； 征服， 制服,六级
suite,sut; swit,,n.套间； 一套家具； 套， 组， 系列,六级
consultant,kən'sʌltənt,,n.顾问； 会诊医师， 专科医生,六级
disguise,dɪs'ɡaɪz,,vt.假扮，化装，伪装；掩盖，掩饰 n.用来伪装的东西； 伪装， 掩饰,六级
imperial,ɪm'pɪrɪəl,,a.帝国的， 帝王的； 英制的,六级
facet,'fæsɪt,,n.一个方面； 面,六级
liberal,'lɪbərəl,,a.心胸宽大的， 慷慨的； 自由的， 自由主义的,六级
surgery,'sɝdʒəri,,n.外科， 外科手术； 手术室,六级
harmony,'hɑrməni,,n.调和； 协调； 和谐,六级
violent,'vaɪələnt,,a.暴力引起的， 强暴的； 猛烈的， 剧烈的,六级
resolve,rɪ'zɑlv,,v.决定；解决；分解 n.决心,六级
cozy,'kozi,,a.舒适的； 亲切友好的,六级
confront,kən'frʌnt,,vt.迎面遇到， 遭遇； 勇敢地面对， 正视； 使对质， 使当面对证,六级
dominate,'dɑmɪnet,,v.在…中占首要地位； 支配， 统治； 耸立于， 俯视； 拥有优势,六级
imitate,'ɪmɪtet,,vt.模仿； 仿效； 仿制,六级
deadly,'dɛdli,,ad.非常， 极度地 a.致死的，致命的；不共戴天的；极度的，十足的,六级
compute,kəm'pjʊt,,v.计算， 估算,六级
institution,",ɪnstɪ'tuʃən",,n.协会； 制度； 习俗,六级
huddle,'hʌdl,,vi.聚集在一起，挤作一团；把身子蜷成一团，蜷缩 vt.使聚集在一起 n.挤在一起的人； 一堆杂乱的东西,六级
skeleton,'skɛlɪtn,,n.骨骼； 框架， 骨干； 梗概， 提要,六级
ambition,æm'bɪʃən,,n.雄心， 抱负， 野心； 期望得到的东西,六级
intersection,",ɪntɚ'sɛkʃən",,n.道路交叉口， 交点,六级
exceed,ɪk'sid,,vt.超过， 胜过， 超出,六级
implement,'ɪmplɪmɛnt,,vt.使生效， 履行， 实施 n.工具， 器具， 用具,六级
disperse,dɪ'spɝs,,vi.分散， 赶散； 消散， 驱散 vt.使分散，散开；使消散，消失,六级
avert,ə'vɝt,,vt.防止， 避免； 转移,六级
fantasy,'fæntəsi,,n.想象， 幻想； 想象的产物,六级
shipment,'ʃɪpmənt,,n.装运， 装船； 装载的货物,六级
vicious,'vɪʃəs,,a.恶毒的， 凶残的； 剧烈的， 严重的,六级
lace,les,,n.网眼花边，透孔织品；鞋带，系带 vt.用系带束紧,六级
enormous,ɪ'nɔrməs,,a.巨大的， 庞大的,六级
external,ɪk'stɝnl,,a.外部的， 外面的,六级
gorgeous,'ɡɔrdʒəs,,a.华丽的， 灿烂的， 绚丽的； 令人十分愉快的， 极好的,六级
circumstance,ˈsɝ​kəmˌstəns,,n.情况，条件，境遇；,六级
authority,ə'θɔrəti,,n.官方； 权力； 当权者， 行政管理机构； 权威， 专家,六级
erosion,ɪ'roʒən,,n.腐蚀， 侵蚀， 磨损； 削弱， 减少,六级
ascend,ə'sɛnd,,vi.渐渐上升，升高 vt.攀登， 登上,六级
provided,prə'vaɪdɪd,,conj.假如， 若是,六级
instrument,'ɪnstrəmənt,,n.仪器， 工具； 乐器,六级
medium,'midɪəm,,a.中等的 n.媒质，媒介物；传导体,六级
indispensable,'ɪndɪ'spɛnsəbl,,a.必不可少的， 必需的,六级
lens,lɛnz,,n.透镜， 镜片； 镜头,六级
embody,ɪm'bɑdi,,vt.代表， 表现， 体现； 包括； 包含； 收录,六级
fatal,'fetl,,a.致命的， 灾难性的， 毁灭性的； 重大的， 决定性的,六级
motive,'motɪv,,n.动机， 目的,六级
envisage,ɪn'vɪzɪdʒ,,vt.想象， 设想,六级
wrestle,'rɛsl,,n.摔跤； 斗争， 搏斗,六级
motivate,'motə'vet,,vt.作为…的动机； 激励， 激发,六级
marginal,'mɑrdʒɪnl,,a.微小的， 少量的； 不重要的； 仅以微弱多数票获胜的； 记在页边的， 有旁注的,六级
spoil,spɔɪl,,vi.变质 vt.损坏，糟蹋；宠坏，溺爱 n.战利品， 掠夺物,六级
multiply,'mʌltɪplaɪ,,v.增加， 繁殖； 乘,六级
pasture,'pæstʃɚ,,n.牧草地，牧场 vt.放牧,六级
approval,əˈpruvl,,n.赞成， 同意； 认可， 批准,六级
mobile,ˈməʊbl;mobil,,a.运动的；流动的；多变的 n.移动电话,六级
multiple,'mʌltəpl,,a.复合的；多重的，多样的 n.倍数,六级
evolution,ˌɛvəˈluʃən; (occas.) ˌ ivəˈluʃən,,n.进化， 演化； 发展,六级
peak,pik,,vi.达到高峰； 达到最大值 a.最大值的；高峰的 n.山顶，顶点，顶峰,六级
magnet,'mægnɪt,,n.磁铁， 磁体； 有吸引力的人和事物,六级
concentrate,'kɑnsn'tret,,v.全神贯注，全力以赴；集中，聚集；浓缩 n.浓缩物， 浓缩液,六级
expose,ɪk'spoz；ek-,,vt.使暴露， 揭露,六级
versatile,'vɝsətl,,a.多才多艺的， 有多种技能的； 有多种用途的， 多功能的， 万用的,六级
versus,'vɝsəs,,prep.以…为对手， 对； 与…相对， 与…相比之下,六级
complaint,kəm'plent,,n.抱怨， 怨言； 控告,六级
permissible,pɚ'mɪsəbl,,a.可允许的， 许可的,六级
cancer,'kænsɚ,,n.癌， 癌症， 肿瘤,六级
splash,splæʃ,,v.溅，泼 n.溅泼声； 溅出的水； 斑点,六级
inject,ɪn'dʒɛkt,,vt.注射， 给…注射； 注入， 引入， 投入,六级
romance,ro'mæns,,n.恋爱， 恋爱关系； 浪漫气氛， 传奇色彩； 爱情小说， 传奇故事,六级
offense,ə'fɛns,,n.犯规， 违法行为； 冒犯， 得罪,六级
atlas,'ætləs,,n.地图集,六级
invisible,ɪn'vɪzəbl,,a.看不见的， 无形的,六级
focus,'fokəs,,v.聚焦；集中 n.焦点， 中心,六级
hamper,'hæmpɚ,,vt.妨碍，束缚，限制 n.大篮子,六级
motel,mo'tɛl,,n.汽车旅馆,六级
approach,ə'protʃ,,vt.向…靠近 n.靠近； 途径， 方式,六级
exaggeration,"ɪɡ,zædʒə'reʃən",,n.夸张； 夸大之词,六级
peg,pɛɡ,,n.小钉，栓，挂物钉；桩 vt.用钉子钉， 用钉固定； 限定； 将…看成， 将…归入,六级
myth,mɪθ,,n.杜撰出来的人； 神话,六级
decisive,dɪ'saɪsɪv,,a.决定性的； 坚定的， 果断的， 决断的,六级
concise,kən'saɪs,,a.简明的， 简要的,六级
implication,'ɪmplɪ'keʃən,,n.含意， 暗示， 暗指； 卷入， 牵连,六级
thesis,'θisɪs,,n.论文， 毕业论文； 论题， 论点,六级
bump,bʌmp,,vi.碰，撞；,六级
reservation,",rɛzɚ'veʃən",,n.预订； 保留； 犹豫； 居留地,六级
revive,rɪ'vaɪv,,v.复苏,六级
cordial,'kɔrdʒəl,,a.热情友好的， 热诚的,六级
timid,'tɪmɪd,,a.羞怯的， 胆小的,六级
loyalty,'lɔɪəlti,,n.忠诚， 忠心,六级
dismiss,dɪs'mɪs,,vt.不再考虑； 解雇， 解散； 驳回,六级
underlying,",ʌndɚ'laɪɪŋ",,a.在下面的； 含蓄的； 潜在的,六级
reform,rɪ'fɔrm,,n&v.改革， 改良， 改造； 改正， 改过自新,六级
install,ɪn'stɔl,,vt.安装， 设置； 使就职， 任命,六级
ensue,ɪn'su,,vi.接着发生， 接踵而来， 因而产生,六级
indication,",ɪndɪ'keʃən",,n.指出， 指示； 迹象， 暗示,六级
bulk,bʌlk,,v.变得越来越大； 使更大 n.物体，体积；大批,六级
bull,bul,,n.公牛； 雄兽； 买进证券投机图利者， 看涨的人,六级
champion,'tʃæmpɪən,,n.冠军， 得胜者； 捍卫者， 拥护者,六级
ceramic,sə'ræmɪk,,a.陶器的 n.陶瓷器,六级
queer,kwɪr,,a.奇怪的， 异常的； 不舒服的， 眩晕的,六级
successor,sək'sɛsɚ,,n.接替的人或事物， 继任者,六级
enlightenment,ɪn'laɪtnmənt,,n.启发， 开导； 开明， 文明,六级
booklet,'bʊklət,,n.小册子,六级
magnificent,mæg'nɪfəsnt,,a.壮丽的， 华丽的； 极好的,六级
stagger,'stægɚ,,vi.摇晃，蹒跚 vt.使吃惊；使错开，使交错 n.蹒跚， 踉跄,六级
irony,'aɪrəni,,n.反话， 冷嘲， 嘲弄； 具有讽刺意味的事,六级
restrict,rɪ'strɪkt,,vt.限制， 约束， 限定,六级
bandage,'bændɪdʒ,,n.绷带 vt.用绷带绑扎,六级
prevalence,'prɛvələns,,n.流行,六级
scrap,skræp,,n.碎片，碎屑；废金属；残羹剩饭；少量，点滴 vt.废弃， 抛弃,六级
syndrome,'sɪndrəm,,n.综合病症， 综合症状； 一系列表现,六级
tow,to,,n&vt.拖， 拉， 牵引,六级
imperative,ɪm'pɛrətɪv,,a.必要的；紧急的，极重要的；命令的 n.必要的事， 必须完成的事； 【语】祈使语气,六级
meadow,'mɛdo,,n.草地,六级
hitherto,",hɪðɚ'tu",,ad.到目前为止， 迄今,六级
energetic,",ɛnɚ'dʒɛtɪk",,a.精力充沛的， 充满活力的,六级
haul,hɔl,,vt.拖，拉；拖运，运送 n.拖， 拉， 托运； 一次获得的数量,六级
avail,ə'vel,,v.有帮助； 有益； 有用 n.效用，利益，帮助,六级
consequence,'kɑnsəkwɛns,,n.结果， 后果； 重要， 重大,六级
linear,'lɪnɪɚ,,a.线的， 直线的， 线状的； 长度的； 线性的,六级
robust,ro'bʌst,,a.强壮的， 健康的,六级
dominant,'dɑmɪnənt,,a.占优势的， 支配的， 统治的； 居高临下的， 高耸的,六级
premier,prɪ'mɪr,,a.首要的， 首位的， 首次的 n.总理，首相,六级
peel,pil,,vi.剥落，脱皮 vt.削…的皮，剥…的壳 n.皮， 外衣,六级
intellectual,",ɪntə'lɛktʃuəl",,a.智力的 n.知识分子,六级
reclaim,rɪ'klem,,vt.要回； 开垦； 回收,六级
denounce,dɪ'naʊns,,vt.谴责， 指责； 告发,六级
verge,vɝdʒ,,vi.接近， 濒临 n.边，边缘,六级
pastry,'pestri,,n.油酥面团， 酥皮糕点,六级
messenger,'mɛsndʒɚ,,n.送信人， 信使,六级
disable,dɪs'ebl,,vt.丧失能力， 伤残,六级
irrespective,",ɪrɪ'spɛktɪv",,a.不考虑的， 不顾及的,六级
entity,'ɛntəti,,n.实体， 独立存在体， 实际存在物,六级
prohibit,prə'hɪbɪt,,vt.禁止， 不准,六级
bacteria,bæk'tɪrɪə,,n.细菌,六级
fuel,'fjuəl,,n.燃料，燃料剂 vt.给…加燃料； 刺激,六级
hostile,ˈhɑstl,,a.敌方的， 不友善的,六级
reign,ren,,vi.当政， 统治； 占主导地位 n.君主的统治，君主的统治时期,六级
tempo,'tɛmpo,,n.速度； 节奏， 行进速度,六级
descendant,dɪ'sɛndənt,,n.后裔， 后代,六级
foresee,fɔr'si,,vt.预见， 预知,六级
bruise,bruz,,n.青肿，挫伤；伤痕，擦痕 vt.打青， 使受淤伤； 挫伤， 伤害,六级
associate,ə'soʃɪet,,v.把…联系在一起；使联合，结合；交往\t[ə'səuʃiət] a.副的 n.伙伴，同事,六级
gown,ɡaʊn,,n.女礼服， 女裙服； 长袍； 罩衣,六级
crawl,krɔl,,n&v.爬行， 蠕动； 缓慢行进,六级
identical,aɪ'dɛntɪkl,,a.完全相同的， 同一的,六级
plead,plid,,vi.恳求，请求；申诉，答辩，辩护 vt.为…辩护， 提出…为理由,六级
kidney,'kɪdni,,n.肾， 肾脏,六级
gleam,ɡlim,,n&vi.闪亮， 闪烁； 闪现， 流露,六级
ambitious,æm'bɪʃəs,,a.有抱负的， 雄心勃勃的； 有野心的,六级
academic,",ækə'dɛmɪk",,a.学院的；学术的；纯理论的，不切实际的 n.大学教师,六级
function,'fʌŋkʃən,,vi.工作， 运行； 起作用 n.功能，职务；【数】函数；重大聚会,六级
stock,stɑk,,v.储备 a.常用的， 常备的 n.原料，库存品；股本，公债；世系，血统；汤汁；家畜，牲畜,六级
sneak,snik,,vi.偷偷地走，溜 vt.偷偷地做,六级
void,vɔɪd,,a.无效的；没有的，缺乏的 n.空虚感，寂寞感；真空，空白 vt.使无效,六级
comparison,kəm'pærɪsn,,n.比较， 对照； 比拟， 比喻,六级
surge,sɝdʒ,,vi.蜂拥而出；洋溢，奔放；汹涌，奔腾 n.洋溢， 奔放； 急剧上升， 猛增； 浪涛般汹涌奔腾,六级
swap,swɑp,,n&v.交换,六级
ritual,'rɪtʃuəl,,a.作为仪式一部分的； 例行的 n.仪式；例行公事，老规矩,六级
liability,'laɪə'bɪləti,,n.责任； 负债， 债务； 不利条件， 起妨碍作用的人,六级
hatch,hætʃ,,vt.孵出；筹划， n.舱门； 开口； 孵化,六级
patriot,'petrɪət,,n.爱国者， 爱国主义者,六级
tick,tɪk,,vi.发出滴答声 n.记号，勾号；滴答声 vt.给…标记号,六级
basis,'besɪs,,n.基础， 根据； 原则,六级
tutor,'tʊtɚ,,v.当…导师， 当…家庭教师 n.导师；家庭教师，私人教师,六级
senator,'sɛnətɚ,,n.参议员,六级
successive,sək'sɛsɪv,,a.连续的， 接连的,六级
quantify,'kwɑntɪfaɪ,,vt.确定…的数量， 量化,六级
reconcile,'rɛkənsaɪl,,vt.使协调； 使和解； 使顺从， 使甘心,六级
tempt,tɛmpt,,vt.吸引， 引起…的兴趣； 引诱， 诱惑,六级
obligation,",ɑblɪ'ɡeʃən",,n.义务， 责任,六级
paperback,'pepɚbæk,,n.平装本， 简装本,六级
evil,'ivl,,a.坏的 n.邪恶，祸害,六级
rarely,'rɛrli,,ad.不常， 难得,六级
hawk,hɔk,,n.鹰，隼；“鹰派”人物 vt.叫卖， 兜售,六级
twist,twɪst,,v.缠绕，盘绕；转动，旋动；捻，搓；歪曲，曲解；扭歪，扭伤；曲折前进；转身 n.扭弯； 转折， 转变； 弯曲， 曲折处,六级
forthcoming,",fɔrθ'kʌmɪŋ",,a.即将到来的； 可得到的； 乐于提供消息的,六级
patriotic,ˌpetrɪˈɑtɪk,,a.爱国的， 有爱国心的， 显示爱国精神的,六级
complication,",kɑmplɪ'keʃən",,n.困难， 难题； 并发症,六级
perplex,pɚ'plɛks,,vt.使困惑， 使费解； 使复杂化,六级
combat,'kɑmbæt,,n.战争，斗争，格斗 vt.与…斗争， 与…战斗,六级
despise,dɪ'spaɪz,,vt.鄙视， 看不起,六级
levy,'lɛvi,,vt.征收 n.征税， 税款,六级
indulge,ɪn'dʌldʒ,,vi.沉溺， 纵容自己， 肆意从事 vt.使沉溺于，满足；纵容，迁就,六级
intimidate,ɪn'tɪmɪdet,,vt.恐吓， 威胁,六级
effective,ɪ'fɛktɪv,,a.有效的； 有影响的,六级
unity,'junəti,,n.单一， 统一， 团结； 和睦， 协调,六级
pursue,pə'sʊ,,vt.继续， 从事； 追赶， 追踪； 追求,六级
vulgar,'vʌlɡɚ,,a.粗野的， 下流的； 庸俗的， 粗俗的,六级
catastrophe,kə'tæstrəfi,,n.大灾难， 灾祸,六级
convey,kən've,,vt.表达； 传递； 运送， 输送,六级
design,dɪ'zaɪn,,vt.设计；预定，指定 n.设计， 构想； 图样； 企图,六级
generous,'dʒɛnərəs,,a.慷慨的， 宽厚的； 大量的,六级
coincidence,ko'ɪnsɪdəns,,n.巧合， 巧事； 一致， 符合,六级
victim,'vɪktɪm,,n.牺牲者； 受害者,六级
bust,bʌst,,vi.爆裂，坏掉 vt.打破，打碎 n.胸像， 半身像； 胸部， 胸围,六级
skull,skʌl,,n.颅骨， 脑壳,六级
hysterical,hɪ'stɛrɪkl,,a.情绪异常激动的， 歇斯底里般的,六级
lane,len,,n.小路， 跑道； 航道， 航线,六级
contaminate,kən'tæmɪnet,,vt.弄脏， 污染,六级
ammunition,",æmju'nɪʃən",,n.弹药， 军火,六级
chief,tʃif,,a.主要的，为首的；总的 n.首领， 长官； 酋长， 族长,六级
accord,ə'kɔrd,,v.相符合， 相一致， 相和谐； 授予， 赠与， 给予 n.一致，符合；谅解，协议,六级
foremost,'fɔr'most,,a.最好的， 最著名的， 最重要的,六级
automatic,'ɔtə'mætɪk,,a.自动的； 必然发生的； 无意识的 n.自动机械,六级
despite,dɪ'spaɪt,,prep.不管， 不顾,六级
consecutive,kən'sɛkjətɪv,,a.连续的， 连贯的,六级
probe,prob,,v.探索，查究，调查；用探针探查，探测 n.探针， 探测器； 探索， 调查,六级
assimilation,əˌsɪməˈleʃən,,n.同化， 同化作用； 消化,六级
groan,ɡron,,vi.呻吟，抱怨；发出呻吟般的声音 n.呻吟， 抱怨； 呻吟般的声音,六级
industrial,ɪn'dʌstrɪəl,,a.工业的， 产业的,六级
conduct,kən'dʌkt,,n.举止，行为；指导；管理，实施\t[kən'dʌkt] vt.进行； 管理， 指挥， 引导； 传输， 传导,六级
velvet,'vɛlvɪt,,n.天鹅绒， 丝绒,六级
quantitative,'kwɑntətetɪv,,a.量的， 定量的,六级
stable,'stebl,,a.稳定的，不变的；沉稳的，持重的 n.厩， 马厩， 牛棚,六级
reunion,riː'juːniən,,n.重聚， 团聚； 聚会， 联谊活动,六级
fantastic,fæn'tæstɪk,,a.极好的， 极出色的； 了不起的； 极大的； 难以相信的； 异想天开的， 不实际的； 奇异的， 古怪的,六级
drainage,'drenɪdʒ,,n.排水系统， 下水道； 排水， 放水,六级
respond,rɪ'spɑnd,,vi.回答， 答复； 作出反应， 响应,六级
incident,'ɪnsɪdənt,,n.发生的事， 事件,六级
lame,lem,,a.跛的， 瘸的； 站不住脚的， 差劲的； 蹩脚的,六级
tub,tʌb,,n.桶， 塑料杯， 纸杯； 盆， 洗澡盆， 浴缸,六级
cluster,'klʌstɚ,,vi.群集，丛生 n.串，簇；群，组 vt.使群集， 集中,六级
prey,pre,,vi.捕食； 折磨， 使烦恼 n.被捕食的动物，捕获物；受害者,六级
apparatus,ˌæpəˈrætəs,,n.器械， 器具， 仪器； 机构， 组织,六级
lieutenant,lu'tɛnənt,,n.陆军中尉； 海军上尉,六级
tug,tʌɡ,,v.用力拖 n.拖船； 猛拉， 牵引,六级
expedition,",ɛkspə'dɪʃən",,n.旅行， 远征； 远征队， 探险队， 考察队； 迅速， 动作敏捷,六级
decay,dɪ'ke,,vi.腐烂，衰败 n.腐烂， 衰败状态,六级
grieve,griv,,vi.感到悲痛，伤心 vt.使伤心， 为…而伤心,六级
absorb,æbˈsɔrb; æbˈzɔrb; əbˈsɔrb,,vt.吸收； 吸引…的注意， 使全神贯注； 把…并入， 同化,六级
concern,kən'sɝn,,n.关切的事，有关的事；关心，挂念；关系，关联；公司，企业 vt.涉及， 有关； 使关心， 使担心,六级
fracture,'fræktʃɚ,,v.断裂，折断 n.裂缝， 裂痕； 折断,六级
rectify,'rɛktɪfaɪ,,vt.纠正， 修复,六级
integrity,ɪn'tɛɡrəti,,n.正直， 诚实， 诚恳； 完整， 完全， 完善,六级
refrain,rɪ'fren,,vi.抑制，克制，戒除 n.叠句， 副歌,六级
pact,pækt,,n.契约， 协定， 条约,六级
notation,no'teʃən,,n.记号， 标记法,六级
merge,mɝdʒ,,v.结合， 合并， 合为一体,六级
liable,'laɪəbl,,a.易于…的， 可能的,六级
recycle,",ri'saɪkl",,vt.回收利用,六级
dock,dɑk,,vi.靠码头， 进港 n.码头，船埠；被告席 vt.使靠码头；扣,六级
marsh,mɑrʃ,,n.沼泽， 湿地,六级
element,'ɛləmənt,,n.成分， 要素， 元素； 基础， 纲要； 自然力,六级
confidential,",kɑnfɪ'dɛnʃl",,a.秘密的， 机密的； 表示信任的； 担任机密工作的,六级
abundant,ə'bʌndənt,,a.丰富的， 富裕的； 大量的， 充足的,六级
exclaim,ɪk'sklem,,vi.呼喊， 惊叫,六级
ballet,bæ'le,,n.芭蕾舞， 芭蕾舞剧； 芭蕾舞团,六级
mute,mjut,,a.缄默的，无声的；哑的，不会说话的；不发音的 vt.消除， 减轻,六级
courtesy,'kɝtəsi,,n.谦恭有礼； 有礼貌的举止,六级
deteriorate,dɪ'tɪrɪəret,,vi.恶化， 变坏,六级
warehouse,'wɛrhaʊs,,n.仓库， 货栈,六级
recognize,ˈrɛkəɡˌnaɪz,,vt.认出， 识别； 承认， 确认， 认可； 赏识， 表彰， 报偿,六级
restraint,rɪ'strent,,n.抑制， 限制， 克制； 约束措施， 约束条件,六级
pollutant,pə'lutənt,,n.污染物质,六级
bamboo,",bæm'bu",,n.竹， 竹子,六级
input,'ɪn'pʊt,,n.输入；投入的资金，输入的数据 vt.把…输入计算机,六级
induce,ɪn'dus,,vt.引导， 劝； 引起， 导致,六级
abnormal,æbˈnɔːrml,,a.反常的， 异常的,六级
shrewd,ʃrud,,a.机灵的， 敏锐的， 精明的,六级
stereotype,'stɛrɪətaɪp,,n.陈规，老套，固定的模式 vt.对…形成固定看法,六级
molecule,'mɑlɪkjul,,n.分子,六级
enroll,ɪn'rol,,vi.入学，加入 vt.招收， 吸收,六级
resign,rɪ'zaɪn,,vi.辞职；听任 vt.辞去， 放弃； 使顺从,六级
safeguard,'sefɡɑrd,,vt.保护，维护 n.预防措施； 保证条款,六级
diligent,'dɪlɪdʒənt,,a.勤勉的， 勤奋的,六级
sophisticated,sə'fɪstɪketɪd,,a.老于世故的； 高级的； 精密的， 复杂的； 高雅的,六级
entertainment,ˌɛntɚ'tenmənt,,n.娱乐， 文娱节目， 表演会； 招待， 款待， 请客,六级
reside,rɪ'zaɪd,,vi.居住， 定居； 存在， 在于,六级
indicative,ɪn'dɪkətɪv,,a.标示的，指示的，象征的；陈述的 n.【语】陈述语气,六级
ward,wɔrd,,n.病房； 区； 受监护人,六级
dread,drɛd,,vt.担忧，忧虑；惧怕 n.担忧， 畏惧,六级
scrutiny,'skrutəni,,n.详细检查， 仔细观察,六级
chase,tʃeɪs,,n&vt.追逐， 追赶， 追求,六级
accident,'æksədənt,,n.意外， 事故,六级
promote,prə'mot,,vt.促进， 增进， 发扬； 提升； 宣传， 推销,六级
routine,rʊ'tin,,a.例行的， 常规的 n.例行公事，惯例，惯常的程序,六级
attack,ə'tæk,,n&vt.攻击， 进攻； 突然发作,六级
divorce,dɪ'vɔrs,,n.离婚，离异 vt.离婚； 分离， 脱离,六级
tariff,'tærɪf,,n.关税， 税率； 价目表， 收费表,六级
attach,ə'tætʃ,,vt.缚， 系， 贴， 附加； 使依恋， 使喜爱； 使附属； 认为有,六级
graphic,'græfɪk,,a.生动的， 形象的； 绘画的， 文字的， 图表的,六级
convict,kən'vɪkt,,vt.证明…有罪，宣判…有罪['kɒnvɪkt] n.囚犯,六级
retention,rɪ'tɛnʃən,,n.保留， 保持,六级
creation,krɪ'eʃən,,n.创造， 创建； 创造的作品， 产物； 宇宙， 天地万物,六级
legislation,",lɛdʒɪs'leʃən",,n.法律， 法规； 立法， 法律的制定,六级
dodge,dɑdʒ,,vi.闪身躲开 vt.回避，逃避 n.托辞， 伎俩； 躲闪， 躲避,六级
ingredient,ɪn'ɡridɪənt,,n.组成部分， 原料； 要素,六级
surplus,'sɝpləs,,a.过剩的， 多余的 n.过剩，剩余，盈余,六级
consolidate,kən'sɑlɪdet,,v.巩固， 加强； 联为一体， 合并,六级
correspondence,",kɔrə'spɑndəns",,n.信件， 函件； 通信， 通信联系； 符合， 一致， 相似,六级
inhibit,ɪn'hɪbɪt,,vt.阻止， 妨碍， 抑制,六级
refresh,ri'frɛʃ,,v.振作精神， 恢复活力,六级
intimate,ˈɪntəmɪt,,a.亲密的，个人的 n.至交， 密友 vt.暗示， 提示,六级
shove,ʃʌv,,vi.用力推，挤 vt.乱推，挤；乱塞，随意放 n.猛推,六级
theft,θɛft,,n.偷窃， 失窃,六级
disclose,dɪs'kloz,,vt.揭露， 泄露， 透露,六级
religion,rɪ'lɪdʒən,,n.宗教， 宗教信仰,六级
yacht,jɑt,,n.快艇， 帆船， 游艇,六级
mistress,'mɪstrəs,,n.情妇； 主妇， 女主人,六级
oxide,'ɑksaɪd,,n.氧化物,六级
miniature,ˈmɪniətʃɚ; ˈmɪnɪtʃɚ,,a.小型的，微小的 n.微小的模型， 缩影； 微型画， 微型人物像,六级
clan,klæn,,n.宗族， 家族,六级
economical,",ɛkə'nɑmɪkl",,a.节约的； 经济学的,六级
prosperous,'prɑspərəs,,a.繁荣的， 兴旺的,六级
polish,'pɑlɪʃ,,vt.磨光；修改，润色，使优美 n.擦光剂,六级
reassess,'riə'sɛs,,vt.再评价,六级
cabinet,'kæbɪnət,,n.橱， 柜； 内阁,六级
optical,'ɑptɪkl,,a.眼的， 视觉的； 光学的,六级
evoke,ɪ'vok,,vt.唤起， 引起， 使人想起,六级
insurance,ɪn'ʃʊrəns,,n.保险； 保险费,六级
dazzle,'dæzl,,vt.使眩目，耀；使赞叹不已；使倾倒 n.耀眼的光； 令人赞叹的东西,六级
principle,'prɪnsəpl,,n.原则， 原理， 道义； 基本信念， 信条,六级
thigh,θaɪ,,n.大腿,六级
tedious,'tidɪəs,,a.冗长乏味的， 沉闷的,六级
tilt,tɪlt,,v.倾斜，倾侧 n.倾斜， 倾侧,六级
inferiority,"ɪn,fɪrɪ'ɔrəti",,n.自卑； 次等,六级
participant,pɑr'tɪsəpənt,,n.参加者， 参与者,六级
initiate,ɪ'nɪʃɪet,,vt.开始， 创造， 发起； 使初步了解； 接纳， 让…加入 n.新加入组织的人,六级
domestic,də'mɛstɪk,,a.本国的； 家庭的； 驯养的,六级
glare,ɡlɛr,,vi.怒目而视；发射强光，发出刺眼的光线 n.强光； 怒视， 瞪眼； 炫耀， 张扬,六级
irrigation,ˌɪrɪˈɡeʃn,,n.灌溉,六级
compile,kəm'paɪl,,vt.汇编； 编制， 编纂,六级
vitality,vaɪ'tæləti,,n.活力； 生机， 元气,六级
locomotive,",lokə'motɪv",,n.机车,六级
tile,taɪl,,n.瓦，瓷砖 vt.铺瓦于， 贴瓷砖于,六级
donation,do'neʃən,,n.捐款， 捐赠物； 捐赠， 赠送,六级
immense,ɪ'mɛns,,a.广大的， 巨大的； 无限的,六级
inherent,ɪn'hɪrənt,,a.内在的； 固有的， 生来就有的,六级
stability,stə'bɪləti,,n.稳定， 稳固,六级
budget,'bʌdʒɪt,,v.规划，安排；编预算 a.低廉的， 收费公道的 n.预算，预算拨款,六级
radiate,'redɪet,,v.发出， 辐射； 流露， 显示,六级
given,'ɡɪvn,,a.规定的，特定的；假设的，已知的；有癖好的，有倾向的 prep.考虑到,六级
perish,'pɛrɪʃ,,vi.丧生， 毁灭， 消亡； 失去弹性， 老化,六级
pastime,'pæstaɪm,,n.消遣， 娱乐,六级
ultimate,ˈʌltəmɪt,,a.最后的，最终的 n.终极， 顶点,六级
adapt,ə'dæpt,,vt.使适应； 改编,六级
prosecute,'prɑsɪ'kjʊt,,vi.起诉， 告发 vt.对…提起公诉，告发，检举；继续从事,六级
batch,bætʃ,,n.一批， 一组， 一群； 一批生产量,六级
merit,'mɛrɪt,,n.长处，优点；价值；功劳，成绩 vt.值得， 应受,六级
verbal,'vɝbl,,a.口头的； 用言辞的， 用文字的； 动词的,六级
solicitor,sə'lɪsɪtɚ,,n.初级律师， 事务律师,六级
intrinsic,ɪn'trɪnsɪk,,a.固有的； 本质的； 内在的,六级
proximity,prɑk'sɪməti,,n.接近， 邻近,六级
luminous,'lʊmənəs,,a.发光的， 发亮的； 光明的,六级
lash,læʃ,,v.将系牢；鞭打，抽打；猛烈打击；猛烈抨击，严厉斥责 n.鞭打； 假睫毛； 鞭梢,六级
receipt,rɪ'sit,,n.发票， 收据； 收入， 进款； 收到， 接到,六级
assume,ə'sum,,vt.假定， 假设； 臆断； 承担， 担任； 呈现,六级
predestine,pri:'destin,,vt.预先确定； 注定,六级
chant,tʃænt,,vt.反复有节奏地喊叫；吟诵，咏唱 n.反复有节奏的喊叫； 赞美诗， 圣歌,六级
destiny,'dɛstəni,,n.命运； 定数， 天命,六级
capsule,ˈkæpsl;,,n.胶囊； 航天舱， 密封舱,六级
concept,'kɑnsɛpt,,n.概念， 观念； 设想,六级
resistant,rɪ'zɪstənt,,a.抵抗的； 抗…的， 耐…的,六级
ozone,'ozon,,n.臭氧,六级
indefinite,ɪn'dɛfɪnət,,a.无限期的； 模糊的， 不确定的,六级
disaster,dɪ'zæstɚ,,n.灾难， 灾祸， 天灾； 彻底的失败,六级
ecology,ɪ'kɑlədʒi,,n.生态； 生态学,六级
minimal,'mɪnɪməl,,a.最小的， 最低限度的,六级
cocktail,'kɑktel,,n.鸡尾酒； 餐前开胃小吃； 混合物,六级
enhance,ɪn'hæns,,vt.提高， 增加， 加强,六级
convention,kən'vɛnʃən,,n.习俗， 惯例； 公约； 会议,六级
disease,dɪ'ziz,,n.病， 疾病； 不健全， 弊端,六级
calcium,'kælsɪəm,,n.钙,六级
notwithstanding,",nɑtwɪθ'stændɪŋ",,ad.尽管,六级
suspicion,sə'spɪʃən,,n.怀疑， 疑心， 猜疑； 一点儿， 少量,六级
purchase,'pɝtʃəs,,vt.买，购买 n.购买； 购买的物品,六级
refusal,rɪ'fjuzl,,n.拒绝,六级
disposable,dɪ'spozəbl,,a.可任意使用的 n.一次性物品， 不回收物品,六级
bypass,'baɪpæs,,n.旁道，迂回道 vt.绕过， 绕…走； 越过， 置…于不顾,六级
silicon,'sɪlɪkən,,n.硅,六级
clarity,'klærəti,,n.清楚， 明晰,六级
fund,fʌnd,,n.资金，基金；存款 vt.为…提供资金,六级
typical,'tɪpɪkl,,a.典型的， 有代表性的,六级
recipient,rɪ'sɪpɪənt,,n.接受者， 接收者,六级
commonwealth,'kɑmən'wɛlθ,,n.[C-]英联邦； 联邦， 联合体,六级
watt,wɑt,,n.瓦,六级
buzz,bʌz,,vi.发出嗡嗡声；忙乱，急行；发出嘈杂的谈话声 n.嗡嗡声； 嘈杂的谈话声,六级
finance,'faɪnæns,,n.财政，金融；财源，财务情况 vt.为…提供资金,六级
incur,ɪn'kɝ,,vt.招致， 引起； 遭受,六级
notorious,no'tɔrɪəs,,a.臭名昭著的， 声名狼藉的,六级
assassination,əˌsæsəˈneɪʃn,,n.刺杀， 暗杀,六级
infant,'ɪnfənt,,a.婴儿的， 幼稚的 n.婴儿,六级
gland,ɡlænd,,n.腺,六级
premise,ˈpremɪs,,n.房屋和地基， 经营场址； 前提， 假设,六级
circus,'sɝkəs,,n.马戏， 马戏团； 喧闹的场面； 环形广场,六级
controversial,",kɑntrə'vɝʃl",,a.引起争论的， 有争议的,六级
attain,ə'ten,,vt.达到， 获得； 完成,六级
deprive,dɪ'praɪv,,vt.剥夺， 使丧失,六级
tenant,'tɛnənt,,n.房客， 佃户,六级
resultant,rɪ'zʌltənt,,a.作为结果的， 因而发生的,六级
pest,pɛst,,n.有害生物， 害虫； 讨厌的人,六级
pedal,'pɛdl,,vi.踩踏板，骑车 n.踏板，踏脚 vt.脚蹬， 踩动…的踏板,六级
batter,'bætɚ,,v.连续猛击 n.面糊,六级
heritage,'hɛrɪtɪdʒ,,n.遗产； 继承物； 传统,六级
supreme,suˈprim,,a.最高的， 最大的； 极度的， 最重要的,六级
hostage,'hɑstɪdʒ,,n.人质,六级
priority,praɪ'ɔrəti,,n.优先， 重点； 优先考虑的事,六级
slope,slop,,v.倾斜 n.倾斜，斜面,六级
inlet,ɪnˌlɛt,,n.小湾， 水湾； 进口， 入口,六级
metallic,mə'tælɪk,,a.金属的， 金属制的； 有金属特性的， 像金属的,六级
shuttle,'ʃʌtl,,vi.穿梭般来回 n.短程穿梭运行的飞机；航天飞机；梭子 vt.短程穿梭运送,六级
regenerate,rɪ'dʒɛnəret,,vi.新生， 再生， 起革新作用 vt.使新生，重建，改革，革新,六级
allocate,'æləket,,vt.分配； 分派， 把…拨给,六级
latent,'letnt,,a.潜在的， 隐伏的， 不易察觉的,六级
terrific,tə'rɪfɪk,,a.极妙的； 极大的； 令人恐惧的,六级
standpoint,'stændpɔɪnt,,n.立场， 观点,六级
primary,'praɪmɛri,,a.首要的， 主要的； 基本的； 最初的， 初级的,六级
pirate,'paɪrət,,n.非法盗印者，侵犯版权者；海盗 vt.盗用， 非法盗印,六级
stubborn,'stʌbɚn,,a.顽固的， 执拗的， 倔强的； 难对付的， 难于克服的,六级
formulate,'fɔrmjə'let,,vt.构想出， 规划； 系统地阐述,六级
consume,kənˈsum,,vi.消灭， 毁灭 vt.消费；吃完，喝光,六级
dome,dom,,n.圆屋顶， 穹顶,六级
layer,'leɪr,,n.层， 层次,六级
alien,"ˈeliən,ˈeljən",,a.外国的，外国人的；陌生的；性质不同的，不相容的 n.外国人， 外侨； 外星人,六级
competence,'kɑmpɪtəns,,n.能力， 胜任， 称职,六级
fuse,fjuz,,v.熔合， 合并； 因保险丝熔断而中断工作 n.保险丝，熔丝；导火线,六级
elite,ɪˈliːt,,n.[总称] 上层人士， 掌权人物， 实力集团； [总称]出类拔萃的人， 精英,六级
premium,'primɪəm,,a.高级的，优质的；售价高的 n.保险金；额外费用，加付款；奖品，赠品；额外津贴,六级
ornament,'ɔrnəmənt,,n.装饰品，点缀品；装饰，点缀 vt.装饰， 点缀， 美化,六级
assure,ə'ʃʊr,,vt.使确信； 确保， 向…保证,六级
pretext,'pritɛkst,,n.借口， 托辞,六级
ivory,'aɪvəri,,n.象牙； 象牙色， 乳白色,六级
theme,θim,,n.主题， 题目,六级
consult,kən'sʌlt,,vt.请教； 查阅； 商议,六级
solidarity,",sɑlɪ'dærəti",,n.团结一致,六级
tumble,'tʌmbl,,vi.跌倒，摔下，滚下；翻滚；暴跌；不由自主地卷入 n.跌倒， 摔倒,六级
gracious,'ɡreʃəs,,a.亲切的，和蔼的；优美的；雅致的，雍容华贵的 int.天哪!,六级
smash,smæʃ,,vi.猛撞，猛冲 vt.使粉碎，使打烂；狠打，猛击；使破灭，使失败 n.破碎； 猛击， 猛撞； 轰动的演出， 巨大的成功,六级
merely,'mɪrli,,ad.仅仅， 只不过,六级
appropriation,"ə,proprɪ'eʃən",,n.据为己有， 占有； 挪用； 拨款,六级
contradiction,",kɑntrə'dɪkʃən",,n.矛盾， 不一致； 否认， 反驳,六级
wealth,wɛlθ,,n.财富； 财产； 丰富,六级
henceforth,",hɛns'fɔrθ",,ad.从今以后， 从此以后,六级
wallet,'wɑlɪt,,n.皮夹子,六级
survive,sɚ'vaɪv,,vi.活下来，继续存在；幸免于 vt.从中挺过来； 从…逃出； 比…活得长,六级
desire,dɪ'zaɪɚ,,vt.想要，渴望 n.愿望， 欲望,六级
initial,ɪ'nɪʃəl,,a.最初的，开始的 n.首字母,六级
efficient,ɪ'fɪʃnt,,a.效率高的； 有能力的,六级
murmur,'mɝmɚ,,n&v.小声说； 小声抱怨， 咕哝； 发出连续而低沉的声音,六级
fury,'fjʊri,,n.狂怒， 暴怒； 狂暴， 狂烈,六级
unify,'junɪfaɪ,,vt.使联合， 统一； 使相同， 使一致,六级
muddy,'mʌdi,,a.泥泞的，沾满烂泥的；灰暗的，暗淡的；模糊的，糊涂的 vt.使沾上烂泥； 使显得扑朔迷离,六级
hound,haʊnd,,n.猎犬 vt.追逼， 烦恼， 纠缠,六级
consistent,kən'sɪstənt,,a.坚持的， 一贯的； 一致的， 符合的,六级
dole,dol,,n.救济，救济金 vt.发放， 发给,六级
reverse,rɪ'vɝs,,vi.反向，倒转 a.反向的； 相反的； 颠倒的 vt.撤销，废除；使完全相反，彻底转变；使反转，使次序颠倒 n.相反情况，对立面；反面，背面，后面；损失，倒退,六级
barren,'bærən,,a.贫瘠的， 荒芜的； 不结果实的， 不育的； 无益的， 没有结果的,六级
eternal,ɪ'tɝnl,,a.永久的， 永世的； 无休止的； 永恒的， 永不改变的,六级
permanent,'pɝmənənt,,a.永久的， 固定的,六级
foster,'fɔstɚ,,a.收养的 vt.收养，养育；培养，促进,六级
barely,'bɛrli,,ad.仅仅， 只不过， 几乎不,六级
prevalent,'prɛvələnt,,a.流行的， 普遍的,六级
cling,klɪŋ,,vi.紧紧抓住； 黏着， 挨近； 依附， 依恋； 坚持， 墨守， 忠实于,六级
incidence,'ɪnsɪdəns,,n.发生率,六级
clip,klɪp,,n.夹子，回形针，别针；弹夹，弹仓；剪，修剪；剪报，电影片断 vt.夹住， 扣住； 剪， 修剪,六级
beam,bim,,v.面露喜色； 定向发出， 播送 n.梁，横梁；束，柱；笑容，喜色,六级
compact,'kɑmpækt,,a.紧凑的，小巧的；坚实的 vt.把…压实，使坚实['kɔmpækt] n.契约， 合同,六级
alliance,ə'laɪəns,,n.结盟； 联盟,六级
invaluable,ɪn'væljʊəbl,,a.非常宝贵的， 极为贵重的， 无价的,六级
fiction,'fɪkʃən,,n.小说； 虚构， 杜撰,六级
doom,dʊm,,vt.注定，命定 n.厄运， 劫数,六级
cucumber,"'kjʊ,kʌmbɚ",,n.黄瓜,六级
aviation,",evɪ'eʃən",,n.航空， 航空学； 飞机制造业,六级
pessimistic,",pɛsɪ'mɪstɪk",,a.悲观的,六级
denote,dɪ'not,,vt.意思是； 表示， 是…的标志,六级
emphasis,'ɛmfəsɪs,,n.强调； 重视； 重要性,六级
interrupt,'ɪntə'rʌpt,,v.打断， 中止； 打扰,六级
propagate,'prɑpə'get,,v.繁殖， 增殖； 传播， 宣传， 普及,六级
feasible,'fizəbl,,a.可行的， 可能的,六级
majesty,'mædʒəsti,,n.陛下； 雄伟， 壮丽； 庄严,六级
flatter,'flætɚ,,vt.向…谄媚， 奉承； 使满意， 使感到荣幸； 使显得好看， 使显得突出,六级
potential,pə'tɛnʃl,,a.潜在的，可能的 n.潜力， 潜能,六级
necessitate,nə'sɛsɪtet,,vt.成为必要， 需要,六级
orthodox,'ɔrθədɑks,,a.传统的； 正统的， 正宗的,六级
accustomed,ə'kʌstəmd,,a.惯常的， 习惯的,六级
combination,",kɑmbɪ'neʃən",,n.结合， 联合； 化合,六级
obtain,əb'ten,,vi.通用， 流行； 存在 vt.获得,六级
statesman,'stetsmən,,n.国务活动家， 政治家,六级
tack,tæk,,n.平头钉，大头钉；行动方向，方针 vt.用平头钉钉； 附加， 增补,六级
gross,ɡros,,a.总的； 严重的； 粗俗的； 臃肿的,六级
lounge,laʊndʒ,,vi.倚，躺；闲逛，闲荡 n.休息厅， 休息室,六级
porch,pɔrtʃ,,n.门廊,六级
workshop,'wɝkʃɑp,,n.车间， 工场； 专题讨论会,六级
format,'fɔrmæt,,n.设计，安排；格式，样式，版式 vt.使格式化,六级
sacrifice,'sækrɪfaɪs,,n&v.牺牲， 舍身； 献祭， 供奉； 祭品,六级
illegal,ɪ'ligl,,a.不合法的， 非法的,六级
corps,kɔrz,,n.队， 部队； 一组,六级
eclipse,ɪ'klɪps,,n.食；消失，黯然失色 vt.食， 遮掩光； 使暗淡， 使失色， 使相形见绌,六级
formal,'fɔrml,,a.正式的； 礼仪上的,六级
correlate,'kɔrəlet,,vi.相关， 关联 vt.使相互关联,六级
soar,sɔr,,vi.猛增， 剧增； 高飞， 升腾； 高涨； 高耸， 屹立,六级
commute,kə'mjʊt,,vi.乘公交车上下班，经常乘车往返于两地 vt.减； 折合， 折偿； 上下班交通,六级
sustain,sə'sten,,vt.保持， 使持续下去； 供养， 维持； 支持， 支撑； 经受， 遭受,六级
critical,'krɪtɪkl,,a.决定性的； 批评的,六级
shepherd,'ʃɛpɚd,,n.牧羊人，羊倌 vt.带领， 引导,六级
outcry,'aʊtkraɪ,,n.大声疾呼， 呐喊； 强烈抗议,六级
radiant,'redɪənt,,a.容光焕发的， 喜形于色的； 光芒四射的， 光辉灿烂的； 辐射的,六级
principal,'prɪnsəpl,,a.最重要的，主要的 n.负责人， 校长； 资本， 本金； 主要演员， 主角,六级
exceedingly,ɪk'sidɪŋli,,ad.极端地， 非常,六级
uphold,ʌpˈhoʊld,,vt.支持， 维护,六级
exotic,ɪɡ'zɑtɪk,,a.外来的， 异国情调的； 奇异的,六级
relief,rɪ'lif,,n.轻松， 宽慰； 缓解， 减轻， 解除； 使得到调剂； 接替， 替下,六级
boycott,'bɔɪkɑt,,n&vt.抵制， 拒绝参与,六级
dimension,"dəˈmɛnʃən, daɪ-",,n.尺寸， 尺度， 面积； 方面， 特点； 面积， 规模,六级
deserve,dɪ'zɝv,,vt.应受， 值得,六级
process,proˈsɛs;(for n.)prɑsɛs,,n.过程；制作方法；程序 vt.加工， 办理,六级
revenge,rɪ'vɛndʒ,,n.报复，报仇 vt.为…报仇， 报…之仇,六级
restore,rɪ'stɔr,,vt.恢复， 使恢复； 修复， 整修； 归还， 交还,六级
subscribe,səb'skraɪb,,vi.订阅，订购；同意，赞成 vt.捐助， 赞助,六级
distill,dɪs'tɪl,,vt.蒸馏， 用蒸馏法提取； 吸取， 提炼,六级
alternative,ɔl'tɝnətɪv,,a.两者选一的， 供选择的； 另类的 n.替换物，选择；选择的自由,六级
concentration,'kɑnsn'treʃən,,n.集中； 专注， 专心； 浓缩； 浓度,六级
velocity,vəˈlɑsəti,,n.速度， 速率,六级
encounter,ɪn'kaʊntɚ,,vt.遭遇，遇到 n.遭遇,六级
fellowship,'fɛloʃɪp,,n.伙伴关系， 交情， 友谊； 团体， 协会， 联谊会； 奖学金， 研究员职位,六级
colleague,'kɑliɡ,,n.同事， 同僚,六级
approve,ə'prʊv,,vi.赞成， 称许 vt.赞成，称许；批准,六级
interaction,",ɪntə'rækʃən",,n.相互作用,六级
pedestrian,pə'dɛstrɪən,,n.步行者， 行人,六级
interfere,",ɪntɚ'fɪr",,vi.干涉， 干预， 妨碍,六级
apartment,ə'pɑrtmənt,,n.一套公寓房间,六级
account,ə'kaʊnt,,vi.说明…的原因； 占… n.记述；解释；账目,六级
fitting,'fɪtɪŋ,,a.适合的， 恰当的 n.设备，家具，日用器具；配件，附件，零件；试穿，试衣,六级
stack,stæk,,n.堆，垛 vt.堆积， 堆放于,六级
radioactive,'redɪo'æktɪv,,a.放射性的， 有辐射能的,六级
resent,rɪ'zɛnt,,vt.对…表示愤恨， 怨恨,六级
stride,straɪd,,vi.大踏步走 n.大步； 步法， 步态； 进展， 进步,六级
ambiguous,æm'bɪɡjuəs,,a.引起歧义的， 模棱两可的， 含糊不清的,六级
impulsive,ɪm'pʌlsɪv,,a.冲动的,六级
qualitative,'kwɑlətetɪv,,a.性质的， 定性的,六级
diverse,daɪ'vɝs,,a.不一样的， 相异的； 多种多样的,六级
crisp,krɪsp,,a.脆的，鲜脆的；挺括的；清新的，干冷的；简明扼要的，利落的 n.油炸土豆片,六级
prime,praɪm,,a.首要的；最好的 n.青春；全盛时期 vt.使准备好,六级
intellect,'ɪntəlɛkt,,n.智力， 理解力； 才智非凡的人,六级
preference,'prɛfrəns,,n.喜爱， 偏爱； 优先； 偏爱的事物,六级
mild,maɪld,,a.温柔的； 温暖的； 轻微的,六级
loyal,'lɔɪəl,,a.忠诚的， 忠心的,六级
impact,ɪm'pækt,,v.影响， 作用， 冲击 n.[Im'pækt],六级
paralysis,pə'ræləsɪs,,n.麻痹， 瘫痪， 中风； 无能， 无力,六级
court,kɔrt,,n.法院， 法庭； 庭院； 宫廷； 球场,六级
chapel,'tʃæpl,,n.小教堂， 祈祷室,六级
distort,dɪ'stɔrt,,vi.变形 vt.歪曲，曲解；扭曲，使变形,六级
subsidiary,səb'sɪdɪɛri,,a.辅助的，次要的，附设的 n.子公司， 附属机构,六级
venture,'vɛntʃɚ,,vi.冒险； 大胆行事 n.风险投资，风险项目 vt.拿…冒险；敢于,六级
discern,dɪ'sɝn,,vt.看出， 察觉出； 识别， 认出,六级
enthusiasm,ɪn'θuzɪæzəm,,n.热情， 热心， 热忱； 巨大兴趣,六级
flexible,'flɛksəbl,,a.易弯曲的； 灵活的,六级
domain,do'men,,n.领域， 范围； 领地， 势力范围,六级
census,'sɛnsəs,,n.人口普查， 统计,六级
corpse,kɔrps,,n.死尸， 尸体,六级
willful,'wɪlfəl,,a.故意的， 特意的,六级
attitude,'ætɪtʊd,,n.态度， 看法； 姿势,六级
relative,'rɛlətɪv,,a.有关系的，相对的 n.亲属， 亲戚,六级
compare,kəm'pɛr,,vt.比较， 对照； 把…比作,六级
depict,dɪ'pɪkt,,vt.描绘， 描述,六级
hop,hɑp,,vi.单足跳跃，单足跳行；齐足跳跃，齐足跳行 vt.跳上 n.蹦跳； 短程航行,六级
characteristic,",kærəktə'rɪstɪk",,a.特有的，典型的 n.特性,六级
involvement,ɪn'vɔlvmənt,,n.连累； 包含,六级
pave,pev,,vt.铺， 铺筑,六级
integral,'ɪntɪɡrəl,,a.构成整体所必需的， 基本的,六级
lubricate,'lubrɪket,,vt.使润滑,六级
comet,'kɑmət,,n.彗星,六级
deadline,ˈdedlaɪn,,n.最后期限,六级
bully,'bʊli,,n.恃强欺弱者 vt.威吓， 欺负,六级
chip,tʃɪp,,n.屑片， 碎片； 炸土豆条； 集成电路片， 集成块； 缺口， 瑕疵,六级
medieval,",midɪ'ivəl",,a.中世纪的； 中古的,六级
tanker,'tæŋkɚ,,n.油轮,六级
involve,ɪn'vɑlv,,vt.使卷入， 牵涉； 包含， 含有,六级
pistol,'pɪstl,,n.手枪,六级
assemble,ə'sɛmbl,,vi.集合，召集 vt.集合， 聚集； 装配,六级
watertight,'wɔtɚtaɪt,,a.不透水的， 防水的； 严密的， 无懈可击的,六级
transition,træn'zɪʃən,,n.过渡， 转变,六级
repel,rɪ'pɛl,,vt.使厌恶； 击退， 逐回， 驱除； 排斥,六级
mutter,'mʌtɚ,,n&v.轻声低语； 小声抱怨,六级
series,'sɪriz,,n.一系列， 连续； 丛书， 连续剧,六级
complicated,'kɑmplɪketɪd,,a.复杂的， 难懂的,六级
junk,dʒʌŋk,,n.废旧物品，破烂 vt.丢弃， 废弃,六级
maximum,ˈmæksəməm,,a.最大的； 最高的； 顶点的 n.最大量；顶点,六级
thrive,θraɪv,,vi.兴旺， 繁荣， 旺盛,六级
imaginative,ɪ'mædʒɪnətɪv,,a.富有想象力的， 爱想象的,六级
penguin,'pɛŋɡwɪn,,n.企鹅,六级
represent,",rɛprɪ'zɛnt",,vt.作为…的代表， 表示， 象征； 描绘， 表现,六级
masterpiece,'mæstəpis,,n.杰作,六级
compete,kəm'pit,,vi.比赛， 竞争， 对抗,六级
tolerant,'tɑlərənt,,a.宽容的， 容忍的,六级
dispatch,dɪ'spætʃ,,vt.派遣，调遣，发送 n.急件， 快信； 新闻报道； 派遣， 调遣,六级
emergency,ɪ'mɝdʒənsi,,n.紧急情况， 突然事件,六级
dim,dɪm,,a.昏暗的，朦胧的；模糊不清的 v.变暗淡,六级
paralyze,"'pærə,laɪz",,vt.使瘫痪， 使麻痹； 使丧失作用； 使惊愕， 使呆若木鸡,六级
interpersonal,'ɪntɚ'pɝsnl,,a.人与人之间的， 关于人与人之间关系的,六级
exemplary,ɪɡ'zɛmpləri,,a.可作楷模的， 典范的,六级
faculty,'fæklti,,n.才能， 能力； 系， 科； 全体教员,六级
layoff,"'le,ɔf",,n.解雇； 裁员； 歇工期， 停工期,六级
wretched,'rɛtʃɪd,,a.极不愉快的， 难受的， 可怜的； 令人苦恼的， 讨厌的； 拙劣的,六级
absurd,əbˈsɝ​d,,a.荒谬的， 荒唐的,六级
modesty,'mɑdəsti,,n.谦虚,六级
considerate,kənˈsɪdərɪt,,a.考虑周到的， 体贴的， 体谅的,六级
glamor,'glæmɚ,,n.魅力， 诱惑力,六级
clue,klʊ,,n.线索， 暗示， 提示,六级
bracket,'brækɪt,,n.括号；等级段，档次；壁架，托架 vt.把…置于括号内； 把…归入同一类,六级
legal,'ligl,,a.法律的； 合法的,六级
midst,mɪdst,,n.中部； 中间； 当中,六级
trait,tret,,n.特征， 特点， 特性,六级
radius,'redɪəs,,n.半径， 半径范围,六级
disintegration,"dɪs,ɪntə'greʃən",,n.破裂， 分裂； 瓦解,六级
signal,'sɪgnl,,a.显著的， 重大的 n.信号，暗号；标志，表示 vt.发信号；标志着,六级
impair,ɪm'pɛr,,vt.损害， 损伤； 削弱,六级
dolphin,'dɑlfɪn,,n.海豚,六级
sightseeing,'saɪtsiɪŋ,,n.观光， 游览,六级
stray,stre,,vi.走失，迷路；分心，走神；离题 a.迷路的，走失的；孤立的，零星的 n.走失的家畜,六级
planet,'plænɪt,,n.行星,六级
exhaust,ɪɡ'zɔst,,vt.使筋疲力尽，用尽；详尽论述 n.排气装置； 废气,六级
thereafter,",ðɛr'æftɚ",,ad.之后， 以后,六级
soluble,'sɑljəbl,,a.可溶的； 可解决的,六级
feast,fist,,vi.尽情地吃， 宴饮； 参加宴会 n.盛宴，筵席；节日,六级
vision,'vɪʒən,,n.想象力， 梦幻； 视力， 视觉,六级
accompany,ə'kʌmpəni,,v.陪同， 伴随； 为…伴奏,六级
armor,'ɑrmɚ,,n.盔甲， 装甲； 保护物,六级
acceptance,ək'sɛptəns,,n.接受， 承认； 容忍,六级
beneficial,",bɛnɪ'fɪʃl",,a.有利的， 有益的,六级
paradise,'pærə'daɪs,,n.天堂， 乐园,六级
tackle,'tækl,,vt.对付，处理；与…交涉；阻截，擒抱 n.阻截， 擒抱； 用具， 钓具； 辘轳， 滑车,六级
reckon,'rɛkən,,vt.认为， 估计； 指望， 盼望； 测算， 测量,六级
confusion,kən'fjʊʒən,,n.困惑， 糊涂； 混淆； 骚乱,六级
distract,dɪ'strækt,,vt.转移， 使分心,六级
hinge,hɪndʒ,,vi.以…为转移 n.铰链 vt.装铰链,六级
virtual,ˈvɝ​tʃʊəl,,a.实质上的， 事实上的， 实际上的,六级
squeeze,skwiz,,v.压榨，挤 n.榨取， 勒索,六级
blank,blæŋk,,a.空白的；茫然的，无表情的 n.空白； 空白表格,六级
additional,ə'dɪʃənl,,a.附加的， 追加的,六级
worthy,wɜði,,a.有价值的， 值得的,六级
primarily,praɪ'mɛrəli,,ad.首先， 主要地,六级
telecommunications,'tɛləkə'mjʊnə'keʃənz,,n.通信， 电信,六级
ferry,'fɛri,,n.渡船 vt.渡运,六级
ignore,ɪɡ'nɔr,,vt.不顾， 不理； 忽视,六级
hemisphere,'hɛmɪsfɪr,,n.地球的半球； 大脑半球,六级
reception,rɪ'sɛpʃən,,n.招待会， 欢迎会； 接受， 接纳； 接待， 迎接； 接收效果,六级
applaud,ə'plɔd,,vi.鼓掌，喝彩 vt.向…鼓掌， 向…喝彩； 称赞， 赞许,六级
outward,'aʊtwɚd,,ad.向外地 a.外面的，外表的,六级
lunar,'lunɚ,,a.月的， 月球的,六级
poetry,'poətri,,n.诗， 诗歌， 诗集,六级
jury,'dʒʊri,,n.陪审团， 评奖团,六级
arrogant,'ærəɡənt,,a.傲慢的， 自大的,六级
idiot,'ɪdɪət,,n.白痴； 傻子， 笨蛋,六级
relay,rɪ'le,,n.接力赛；中继转播 vt.传送， 传达， 转述； 中继转播,六级
priest,prist,,n.神父， 牧师,六级
monitor,'mɔnɪtɚ,,n.班长；监视器，检测器；显示器 vt.监听， 检测,六级
solo,'solo,,ad.以独力，单独地 a.单独的，单独进行的 n.独奏， 独唱， 独舞,六级
tuition,tʊ'ɪʃən,,n.教学， 讲授， 指导； 学费,六级
permeate,'pɝmɪet,,v.弥漫， 遍布， 散布； 渗入， 渗透,六级
utopian,juː'təupiən,,a.乌托邦的； 理想的,六级
schedule,ˈskedʒʊl; skɛdʒʊl,,n.时刻表，日程安排表；清单，明细表 vt.安排， 排定,六级
tame,teɪm,,a.驯服的，顺从的；沉闷的，乏味的 vt.制服， 控制并利用； 驯化， 驯服,六级
adjoin,ə'dʒɔɪn,,vt.贴近； 与…毗连,六级
universe,'junɪvɝs,,n.宇宙， 世界； 领域， 范围,六级
inherit,ɪn'hɛrɪt,,vt.继承,六级
overwhelming,",ovɚ'wɛlmɪŋ",,a.势不可挡的， 压倒的； 巨大的,六级
interpret,ɪn'tɝprɪt,,v.解释， 说明； 口译,六级
peculiar,pɪ'kjulɪɚ,,a.奇怪的， 古怪的； 特有的,六级
idiom,'ɪdɪəm,,n.习语， 成语； 风格， 特色,六级
diplomat,'dɪpləmæt,,n.外交官， 外交家； 有交际手腕的人， 圆滑的人,六级
hug,hʌɡ,,vi.紧抱在一起，互相拥抱 vt.拥抱；紧抱，怀抱 n.紧抱， 热烈拥抱,六级
grant,ɡrænt,,n.授给物 vt.授予， 给予,六级
muscular,'mʌskjəlɚ,,a.肌肉发达的， 强壮的； 肌肉的,六级
sparkle,'spɑrkl,,vi.发光，闪耀，闪烁；活跃，焕发 n.闪光， 闪耀， 闪烁； 活力， 生气,六级
hum,hʌm,,vi.哼曲子；发嗡嗡声 vt.哼 n.嗡嗡声， 营营声， 嘈杂声,六级
staple,'stepl,,a.主要的； 经常需要的 n.订书钉，U形钉；主食；主要产品 vt.用订书钉订,六级
discount,dɪs'kaʊnt,,n.折扣 vt.把…打折扣； 不全信； 漠视， 低估,六级
construct,kən'strʌkt,,vt.建造； 构思 n.建筑物； 构想； 观念,六级
royalty,'rɔɪəlti,,n.王族； 版税,六级
convert,kən'vɝt,,vt.转变， 转化； 改变,六级
attempt,ə'tɛmpt,,vt.尝试， 试图， 努力,六级
rivalry,'raɪvlri,,n.竞争， 竞赛； 对抗,六级
relish,'rɛlɪʃ,,vt.享受，从…中获得乐趣 n.享受， 滋味， 乐趣； 调味品,六级
fluorescent,",flɔ'rɛsnt",,a.荧光的， 发荧光的,六级
division,də'vɪʒən,,n.分， 分割； 部门， 科， 处； 除法,六级
superficial,",supɚ'fɪʃl",,a.表面的， 肤浅的,六级
executive,ɪɡ'zɛkjətɪv,,a.执行的；行政的 n.执行者,六级
navigation,'nævə'geʃən,,n.航行， 航海， 航空； 导航， 领航,六级
melt,mɛlt,,v.融化； 溶化； 消散,六级
stalk,stɔk,,vi.高视阔步地走 n.茎，梗，柄 vt.悄悄地跟踪,六级
whereas,'wɛr'æz,,conj.然而， 但是， 尽管,六级
pitch,pɪtʃ,,v.投掷， 使猛然倒下； 表达， 定下特定程度； 定调； 架设， 搭， 扎； 颠簸 n.球场；程度，强度；高度，高音；沥青,六级
casualty,'kæʒuəlti,,n.伤亡人员， 死伤者； 受害人， 损失的东西,六级
gauge,gedʒ,,n.测量仪表；厚度，直径；规格、尺寸 vt.估计， 判断； 计量， 度量,六级
oriental,ˌɔrɪˈɛntl,,a.东方的； 东方人的； 东方文化的,六级
electrical,ɪ'lɛktrɪkl,,a.电的； 电气科学的,六级
stall,stɔl,,v.熄火； 拖延， 推迟 n.货摊；,六级
protest,prəˈtɛst;protɛst,,v.['prəutest] n.抗议， 反对,六级
sensitive,'sɛnsətɪv,,a.敏感的， 灵敏的； 神经过敏的， 容易生气的； 易受伤害的,六级
classification,",klæsɪfɪ'keʃən",,n.分类， 分级， 分类法； 类别， 级别,六级
brew,brʊ,,vi.冲泡；酝酿，行将发生 vt.酿造；冲泡 n.冲泡的饮料,六级
vacant,'vekənt,,a.空的， 未被占用的； 空缺的； 茫然的， 空虚的,六级
menace,'mɛnəs,,n.具有危险性的人；威胁，威吓 vt.威胁， 威吓,六级
afford,ə'fɔrd,,vt.担负得起； 提供,六级
invalid,ˈɪnvəlɪd；ɪnˈvælɪd,,a.无效的，作废的；无可靠根据的，站不住脚的 n.病弱者， 残疾者,六级
curse,kɝs,,v.诅咒，咒骂，天谴 n.祸害， 祸根； 咒骂， 诅咒， 咒语,六级
legitimate,ləˈdʒɪtəmɪt,,a.合情合理的；合理的，法律认可的 vt.使合法,六级
appease,ə'piz,,vt.平息， 抚慰； 姑息,六级
sieve,sɪv,,n.筛子，漏勺 vt.筛， 滤,六级
whereby,wɛr'bai,,ad.凭此； 借以； 由于,六级
evaluate,ɪ'væljʊ'et,,vt.评价， 估…的价,六级
status,ˈstetəs,,n.地位， 身份； 情形， 状况,六级
machinery,mə'ʃinəri,,n.机器， 机械,六级
shield,ʃild,,n.防护物，护罩；盾 vt.保护， 防护,六级
skip,skɪp,,vi.跳，蹦跳；跳绳 vt.跳过，略过，漏过 n.跳， 蹦跳,六级
instantaneous,",ɪnstən'tenɪəs",,a.瞬间的， 即刻的,六级
phenomenon,fə'nɑmɪnən,,n.现象， 迹象； 非凡的人,六级
quarterly,'kwɔrtɚli,,ad.按季度，一季一次 a.季度的，每季一次的 n.季刊,六级
notify,'notə'fai,,vt.通知， 告知； 报告,六级
bibliography,",bɪblɪ'ɑɡrəfi",,n.参考书目； 书目,六级
stream,strim,,v.流出， 涌出 n.河，溪流；一股，一串,六级
recur,rɪ'kɝ,,vi.再发生， 重现,六级
coalition,ˌkoʊəˈlɪʃn,,n.结合体， 同盟； 结合， 联合,六级
generalize,'dʒɛnrəlaɪz,,vt.概括， 归纳， 推断； 普及,六级
accumulate,ə'kjumjəlet,,v.积累， 堆积,六级
crime,kraɪm,,n.罪， 罪行， 犯罪,六级
dwarf,dwɔrf,,a.矮小的，发育不全的 n.矮子，侏儒 vt.使显得矮小， 使相形见绌,六级
heave,hiv,,v.举起，提起；扔；发出；起伏，隆起；呕吐，恶心 n.举起， 升降,六级
leisure,'liʒɚ,,n.空闲时间； 悠闲,六级
nourish,'nɜrɪʃ,,vt.养育， 喂养， 滋养； 怀有， 增强,六级
grease,gris,,n.油脂；润滑脂，润滑油 vt.用油脂涂， 给…加润滑油,六级
allege,ə'lɛdʒ,,vt.断言， 宣称， 硬说,六级
pilgrim,'pɪlɡrɪm,,n.朝圣者,六级
trigger,'trɪɡɚ,,n.扳机；引起反应的行动 vt.触发， 引起,六级
assimilate,ə'sɪməlet,,vi.被吸收， 被消化； 被同化 vt.吸收，消化；使同化,六级
positive,'pɑzətɪv,,a.确实的， 明确的； 积极的， 肯定的,六级
segregate,'sɛɡrɪɡet,,vt.使隔离， 使分开,六级
addict,'ædɪkt (for n.); əˈdɪkt (for v.),,n.有瘾的人； 入迷的人 vt.使成瘾， 使入迷,六级
prospect,'prɑspɛkt,,n.前景， 前途， 可能性； 景象， 景色； 可能成为主顾的人， 有希望的候选人,六级
withhold,wɪð'hold,,vt.拒绝， 不给； 抑制， 制止,六级
comparable,'kɑmpərəbl,,a.可比较的； 类似的； 比得上的,六级
discreet,dɪ'skrit,,a.谨慎的， 慎重的， 审慎的,六级
specialize,'spɛʃəlaɪz,,vi.专攻，专门研究 vt.使适应特殊目的， 使专用于,六级
instance,'ɪnstəns,,n.例子， 实例， 事例,六级
presumably,prɪ'zuməbli,,ad.大概， 可能， 据推测,六级
bonus,'bonəs,,n.奖金， 红利； 额外给予的东西,六级
recognition,",rɛkəɡ'nɪʃən",,n.认出， 识别； 承认， 确认， 认可； 赏识， 表彰， 报偿,六级
banquet,'bæŋkwɪt,,n.宴会， 盛宴,六级
thrill,θrɪl,,v.非常兴奋， 非常激动 n.兴奋，激动；引起激动的事物,六级
aisle,aɪl,,n.过道， 通道,六级
convene,kən'vin,,vi.开会，集合 vt.召集,六级
arrangement,ə'rendʒmənt,,n.整理， 排列； 安排； 准备工作,六级
revenue,'rɛvənu,,n.收入， 收益； 税收， 岁入,六级
solution,sə'luʃən,,n.解决； 解决办法； 溶液,六级
monopoly,mə'nɑpəli,,n.垄断， 专卖； 垄断物， 垄断商品， 专卖商品,六级
opponent,ə'ponənt,,n.对手； 敌手， 对抗者,六级
accelerate,əkˈsɛləˌret,,vt.使加快， 使增速,六级
supplementary,",sʌplɪ'mɛntri",,a.增补的， 补充的,六级
grain,ɡren,,n.谷物， 谷粒， 颗粒； 少量， 微量,六级
credit,'krɛdɪt,,n.信贷，赊欠；赞扬，荣誉；学分；信任 vt.相信； 把…记入贷方； 把…归于,六级
oxygen,'ɑksɪdʒən,,n.氧， 氧气,六级
intensive,ɪn'tɛnsɪv,,a.加强的； 精耕细作的,六级
alter,'ɔltɚ,,vt.改变， 变更， 变动,六级
combine,kəm'baɪn,,v.结合，联合；化合 n.联合企业； 联合收割机,六级
ideal,aɪ'diəl,,a.理想的，观念的，空想的 n.理想， 理想的东西,六级
occur,ə'kɝ,,vi.发生， 出现， 存在； 被想起， 被想到,六级
illustrate,'ɪləstret,,vt.说明,六级
hose,hoz,,n.软管，水龙带 vt.用软管淋浇,六级
definitive,dɪ'fɪnətɪv,,a.最可靠的， 权威性的； 决定性的,六级
streak,strik,,vi.飞跑，疾驶 n.条纹，条痕；个性特征；一阵子，一连串 vt.在…上加条纹,六级
pressure,'prɛʃɚ,,n.压，压强；压迫 vt.对…施加压力， 迫使， 说服,六级
dentist,'dɛntɪst,,n.牙科医生,六级
brood,brud,,vi.沉思，考虑；孵蛋 n.一窝； 全体孩子,六级
literacy,'lɪtərəsi,,n.识字， 有文化， 读写能力,六级
originate,əˈrɪdʒəˌnet,,vi.起源于，来自，产生 vt.创造， 创始， 开创,六级
specialist,'spɛʃəlɪst,,n.专家,六级
background,'bækɡraʊnd,,n.出身背景， 经历； 背景资料； 背景， 底子,六级
millionaire,",mɪljə'nɛr",,n.百万富翁， 大富翁,六级
transit,'træzɪt,,n.运输， 载运,六级
adolescent,",ædə'lɛsnt",,a.青春期的； 青少年的 n.青少年,六级
nonetheless,'nʌnðə'lɛs,,ad.尽管如此， 依然， 然而,六级
dispose,dɪ'spoz,,v.去掉， 销毁； 处理， 解决； 使倾向于,六级
petty,'pɛti,,a.小的， 琐碎的； 不重要的； 气量小的， 心胸狭窄的,六级
glow,ɡlo,,vi.发光； 燃烧 n.白热光；脸红；激情,六级
sentiment,'sɛntɪmənt,,n.意见， 观点； 感情， 情绪,六级
differentiation,",dɪfə,rɛnʃi'eʃən",,n.区别,六级
constitution,'kɑnstə'tʊʃən,,n.宪法， 章程； 组成； 设立,六级
patent,'pætnt,,a.专利的，受专利保护的 n.专利，专利权 vt.得到…的专利权,六级
cocaine,ko'ken,,n.可卡因， 古柯碱,六级
groove,ɡruv,,n.沟， 槽,六级
abundance,ə'bʌndəns,,n.大量， 丰富， 充足,六级
racket,'rækɪt,,n.喧嚷， 吵闹； 敲诈， 勒索， 诈骗； 球拍,六级
conceive,kən'siv,,vi.构想出， 设想； 怀孕 vt.想出，认为；怀,六级
sour,'saʊɚ,,a.酸的；馊的，酸味的；脾气坏的 v.变酸， 变馊； 变得乖戾,六级
transform,træns'fɔrm,,vt.使改观， 改革； 变换， 把…转换成,六级
napkin,'næpkɪn,,n.餐巾,六级
reckless,'rɛkləs,,a.鲁莽的， 不考虑后果的,六级
paradox,'pærədɑks,,n.似乎矛盾而正确的说法； 自相矛盾的人,六级
magnitude,'mæɡnɪtud,,n.重要性， 重大； 巨大， 广大,六级
justification,",dʒʌstɪfɪ'keʃən",,n.正当的理由， 借口,六级
genuine,'dʒɛnjʊɪn,,a.真的， 真正的； 真诚的,六级
execution,",ɛksɪ'kjuʃən",,n.死刑； 实行， 执行， 履行； 演奏， 表演,六级
immune,ɪ'mjʊn,,a.免疫的， 有免疫力的， 不受影响的； 免除的， 豁免的,六级
brochure,bro'ʃʊr,,n.小册子,六级
stern,stɝn,,a.严厉的，严格的，严峻的 n.船尾,六级
rotary,'rotəri,,a.旋转的， 转动的,六级
compound,'kɑmpaʊnd,,a.复合的，化合的 n.化合物，复合物；复合词 vt.使恶化， 加重； 使化合， 使合成,六级
dub,dʌb,,vt.给…起绰号， 把…称为； 为配音， 译制,六级
masculine,'mæskjəlɪn,,a.男性的， 男子的； 男子气的,六级
extraordinary,ɪkˈstrɔrdənerɪ; ɪkˈstrɔrdnˌɛrɪ,,a.非同寻常的， 特别的,六级
witness,ˈwɪtnɪs,,n.证据；目击者，证人 vt.目击； 为…作证， 证明,六级
conventional,kən'vɛnʃənl,,a.普通的； 习惯的， 常规的； 因循守旧的,六级
regulation,ˌrɛɡjəˈleʃən,,n.规章， 规则； 管理， 控制， 调节,六级
conform,kən'fɔrm,,vi.遵守， 适应； 顺从； 相似， 一致， 符合,六级
circulation,",sɝkjə'leʃən",,n.循环， 流通； 流传， 传播， 发行； 发行量； 流通,六级
authentic,ɔ'θɛntɪk,,a.真的， 真正的； 可靠的， 可信的,六级
mere,mɪr,,a.仅仅的， 纯粹的,六级
accommodation,"ə,kɑmə'deʃən",,n.住处， 膳宿,六级
evident,'ɛvɪdənt,,a.明显的， 明白的,六级
suburb,'sʌbɝb,,n.郊区， 郊外， 近郊,六级
pumpkin,'pʌmpkɪn,,n.南瓜,六级
annoy,ə'nɔɪ,,vt.使恼怒； 打搅,六级
profess,prə'fɛs,,vt.表示， 承认； 宣称信仰,六级
psychological,",saɪkə'lɑdʒɪkl",,a.心理的,六级
credible,'krɛdəbl,,a.可信的， 可靠的,六级
empirical,ɪm'pɪrɪkl,,a.以经验为依据的， 经验主义的， 经验的,六级
commit,kə'mɪt,,vt.犯， 干； 使承诺； 把…托付给； 调拨…供使用， 拨出,六级
curb,kɝb,,vt.控制，约束 n.控制， 约束； 路缘,六级
crash,kræʃ,,vi.倒下，坠落；发出撞击声；垮台，破产 vt.碰撞，砸碎；冲，闯 n.碰撞； 破裂声,六级
character,'kærɪktɚ,,n.性格， 特性； 性质； 人物， 角色； 符号， 字,六级
reflect,rɪ'flɛkt,,v.反映， 显示； 反射， 映现； 深思， 考虑， 反省,六级
outfit,'aʊtfɪt,,n.全套服装； 一组人； 全套装备， 全套工具,六级
contribution,",kɑntrɪ'bjuʃən",,n.贡献； 促成作用； 捐款， 捐献物； 稿件,六级
ongoing,'ɑnɡoɪŋ,,a.持续的， 继续的,六级
massacre,'mæsəkɚ,,vt.大规模屠杀，残杀；彻底击败 n.大屠杀， 残杀； 惨败,六级
reassure,",riə'ʃʊr",,vt.使放心,六级
bang,bæŋ,,v.猛击， 猛撞； 发出砰的一声， 砰砰地响； 砰地敲 n.巨响；枪声；猛击,六级
magnetic,mæg'nɛtɪk,,a.磁的； 有吸引力的,六级
cholesterol,kə'lɛstərɔl,,n.胆固醇,六级
orbit,'ɔrbɪt,,n.轨道 vt.作轨道运行,六级
band,bænd,,n.乐队；群，伙；带；条纹；波段 vt.用带绑扎,六级
negligible,'nɛɡlɪdʒəbl,,a.可忽略不计的， 微不足道的,六级
setback,'sɛtbæk,,n.挫折， 倒退， 失败,六级
resident,'rɛzɪdənt,,a.居住的， 定居的； 住校的， 住院的 n.居民，定居者；住院医生,六级
symbolic,sɪm'bɑlɪk,,a.符号的； 象征性的,六级
distinguish,dɪ'stɪŋɡwɪʃ,,vt.区别， 辨别， 识别； 使杰出； 使著名,六级
mall,mɔl,,n.购物中心,六级
module,'mɑdʒul,,n.组件， 模块， 模件； 舱,六级
howl,haʊl,,n&vi.嗥叫； 呼啸； 吼叫， 哀号,六级
execute,'ɛksɪkjut,,vt.将…处死； 实施,六级
substantial,səbˈstænʃəl,,a.可观的， 大量的； 物质的， 坚固的； 实质的， 真实的,六级
benefit,'bɛnɪfɪt,,vi.得益 n.利益，恩惠；救济金，保险金，津贴 vt.有益于,六级
booth,bʊθ,,n.小房间， 公用电话亭， 岗亭； 售货棚， 货摊,六级
enthusiastic,"ɪn,θuzɪ'æstɪk",,a.满腔热情的， 热心的， 极感兴趣的,六级
disastrous,dɪ'zæstrəs,,a.灾难性的， 造成灾害的； 极坏的， 很糟的,六级
unique,jʊ'nik,,a.唯一的， 独一无二的； 极不寻常的， 极好的,六级
processing,proˈsɛsɪŋ,,n.处理,六级
boost,bʊst,,v.推动， 促进， 激励； 替…做广告， 宣扬； 提高， 使增长 n.提高，增长；推动，激励,六级
impulse,'ɪmpʌls,,n.冲动， 一时的念头； 推动， 驱使； 脉冲,六级
sober,'sobɚ,,a.未醉的，有节制的；严肃的，持重的；素淡的，暗淡的 v.醒酒， 清醒,六级
crystallize,'krɪstə'laɪz,,v.结晶； 变得清晰而明确； 使具体化,六级
religious,rɪ'lɪdʒəs,,a.宗教的； 笃信宗教的， 虔诚的,六级
infectious,ɪn'fɛkʃəs,,a.传染的， 有传染性的； 有感染力的,六级
shelter,'ʃɛltɚ,,v.掩蔽， 躲避， 庇护 n.掩蔽处，躲避处；掩蔽，保护,六级
prominent,'prɑmɪnənt,,a.突出的， 杰出的； 突起的； 凸出的,六级
expel,ɪk'spɛl,,vt.把…除名， 把…开除； 驱逐， 赶走， 放逐； 排出， 喷出,六级
superiority,"su,pɪrɪ'ɔrəti",,n.优越， 优等,六级
outset,'aʊtsɛt,,n.开始， 开端,六级
latitude,'lætɪtud,,n.纬度； 纬度地区； 回旋余地， 自由,六级
scan,skæn,,vt.细看，审视，浏览 n.扫描,六级
association,"ə,soʃɪ'eʃən",,n.协会， 团体； 联合， 交往,六级
fundamental,",fʌndə'mɛntl",,a.基础的，基本的 n.基本原则,六级
eliminate,ɪ'lɪmɪnet,,vt.消灭， 消除， 排除； 淘汰,六级
cute,kjʊt,,a.漂亮的， 娇小可爱的； 聪明伶俐的， 精明的,六级
entitle,ɪn'taɪtl,,vt.给…权利； 给题名,六级
outline,'aʊtlaɪn,,n.提纲，要点；外形；略图 vt.概述； 描…的外形,六级
partition,pɑr'tɪʃən,,n.分隔物，隔墙；分割，划分 vt.隔开； 分割， 瓜分,六级
nominal,'nɑmɪnl,,a.名义上的， 有名无实的； 很少的， 象征性的； 名词性的,六级
excess,'ɛk'sɛs,,a.过量的， 额外的 n.超越，过量，过度['3ks3s],六级
glance,ɡlæns,,vi.看一下 n.一瞥,六级
perspective,pɚ'spɛktɪv,,n.视角， 观点； 远景， 景观； 透视画法， 透视图,六级
galaxy,'ɡæləksi,,n.星系； 银河系， 银河； 一群,六级
equality,ɪ'kwɑləti,,n.等同； 平等； 相等,六级
destruction,dɪ'strʌkʃən,,n.破坏， 毁灭； 消灭,六级
rebellion,rɪ'bɛljən,,n.反叛， 反抗,六级
expression,ɪk'sprɛʃən,,n.词语； 表达， 表情,六级
reaction,rɪ'ækʃən,,n.反应， 反作用,六级
accordance,ə'kɔrdns,,n.一致， 和谐， 符合,六级
weary,'wɪri,,vi.厌烦， 不耐烦 a.疲劳的，疲倦的；使人疲劳的，令人厌倦的,六级
appeal,ə'pil,,vi.求助，诉请；要求；有吸引力 vt.控诉，移交上级法院审理 n.吸引力； 呼吁； 上诉,六级
swamp,swɑmp,,n.沼泽 vt.淹没， 浸没； 难倒， 压倒,六级
entrepreneur,ˌɑntrəprəˈnɝ​,,n.企业家,六级
dedicate,'dɛdɪket,,vt.题献词于上； 把献给， 把用于,六级
peninsula,pə'nɪnsələ,,n.半岛,六级
extensive,ɪk'stɛnsɪv,,a.广阔的； 广泛的,六级
residential,",rɛzɪ'dɛnʃl",,a.居住的， 住宅的； 寄宿的， 住在住所的,六级
definitely,'dɛfɪnətli,,ad.一定地， 明确地,六级
stab,stæb,,n&v.刺， 戳,六级
abandon,ə'bændən,,vt.离弃， 丢弃； 遗弃； 抛弃； 放弃,六级
collaboration,"kə,læbə'reʃən",,n.合作， 协作； 勾结,六级
inspire,ɪn'spaɪɚ,,vt.鼓舞； 给…以灵感,六级
impart,ɪm'pɑrt,,vt.告知， 透露； 赋予， 给予,六级
bureaucracy,bjʊ'rɑkrəsi,,n.官僚主义， 官僚作风； 官僚机构； 官僚制度； 官僚,六级
household,'haʊshold,,a.家庭的， 家喻户晓的 n.家庭，户；家务,六级
glide,ɡlaɪd,,n.滑行， 滑动； 滑翔,六级
adverse,"ædˈvɚs, ˈædˌvɚs",,a.不利的， 有害的,六级
bulletin,'bʊlətɪn,,n.简明新闻， 最新消息； 公告， 布告， 公报； 学报， 期刊,六级
devote,dɪ'vot,,vt.将…奉献给， 把…专用,六级
junction,'dʒʌŋkʃən,,n.联结点， 交叉点， 枢纽,六级
crumble,'krʌmbl,,vi.崩溃， 瓦解 vt.弄碎,六级
agent,'edʒənt,,n.代理人， 代理商； 政府代表； 动因， 原因； 剂,六级
abortion,ə'bɔrʃən,,n.流产， 堕胎,六级
salvation,sæl'veʃən,,n.拯救， 解救； 解救措施,六级
instinct,'ɪnstɪŋkt,,n.本能； 直觉， 生性,六级
cannon,'kænən,,n.加农炮， 大炮， 火炮,六级
invest,ɪn'vɛst,,v.投资， 投入； 授予,六级
reputation,",rɛpju'teʃən",,n.名誉， 名气， 名声,六级
project,prəˈdʒɛkt; prɑdʒɛkt,,v.伸出； 投射； 放映 n.方案， 计划； 课题， 项目； 工程,六级
shrug,ʃrʌɡ,,n&v.耸肩,六级
arena,ə'rinə,,n.表演场地， 竞技场； 活动场所,六级
independence,",ɪndɪ'pɛndəns",,n.独立； 自主； 自立,六级
shrub,ʃrʌb,,n.灌木,六级
presentation,",prizɛn'teʃən",,n.提供， 显示； 外观， 图像； 授予， 赠送； 报告， 介绍； 表演,六级
nominate,'nɑmɪnet,,vt.提名， 任命； 推荐， 指定,六级
loom,lum,,vi.阴森地逼近， 隐现； 即将来临 n.织布机,六级
stationary,'steʃənɛri,,a.固定的， 静止不动的,六级
restrain,rɪ'stren,,vt.阻止， 控制； 抑制， 遏制,六级
awkward,'ɔkwɚd,,a.笨拙的， 尴尬的； 难操纵的， 使用不便的； 不灵巧的,六级
ruin,'ruɪn,,v.毁坏 n.毁灭；废墟,六级
beforehand,bɪ'fɔrhænd,,ad.预先， 事先,六级
formidable,'fɔrmɪdəbl,,a.可怕的， 令人敬畏的； 难以克服的， 难对付的,六级
impatient,ɪm'peʃnt,,a.不耐烦的， 急躁的； 热切的， 急切的,六级
invert,'ɪnvɝt,,vt.使倒转， 使倒置， 使颠倒,六级
cradle,'kredl,,n.摇篮；策源地，发源地 vt.轻轻地抱， 捧,六级
discrete,dɪ'skrit,,a.分离的， 不相关联的,六级
assurance,ə'ʃʊrəns,,n.把握， 信心； 保证， 表示保证的话； 保险,六级
psychiatrist,saɪ'kaɪətrɪst,,n.精神科医生， 精神病专家,六级
squad,skwɑd,,n.班， 小队， 小组,六级
disrupt,dɪs'rʌpt,,vt.使中断； 扰乱,六级
scar,skɑr,,v.留下伤痕 n.伤疤，伤痕；创伤,六级
sergeant,'sɑrdʒənt,,n.中士， 警官,六级
vital,'vaɪtl,,a.生死攸关的， 极其重要的； 生命的， 有生命力的,六级
eccentric,ɪk'sɛntrɪk,,a.古怪的，怪癖的，异乎寻常的 n.古怪的人， 怪癖的人,六级
conflict,'kɑnflɪkt,,vi.冲突， 抵触 n.冲突， 抵触； 争论； 战斗， 战争,六级
appliance,ə'plaɪəns,,n.用具， 器具， 器械,六级
alloy,'ælɔɪ,,n.合金 vt.将…铸成合金,六级
delusion,dɪ'luʒn,,n.欺骗； 哄骗,六级
mass,mæs,,a.大量的，大规模的 v.聚集， 集中 n.众多，大量；团，块，堆；群众；质量,六级
detect,dɪ'tɛkt,,vt.察觉， 发觉； 侦查出,六级
update,",ʌp'det",,vt.更新；使现代化 n.最新信息,六级
renaissance,ˈrenəsɑ:ns; ˌrɛnəˈsɑns,,n.文艺复兴， 文艺复兴时期； 复兴， 再生,六级
poisonous,'pɔɪzənəs,,a.有毒的； 恶毒的,六级
condemn,kən'dɛm,,vt.谴责， 指责； 判…刑， 宣告…有罪,六级
assistance,ə'sɪstəns,,n.协助， 援助,六级
auction,'ɔkʃən,,n&vt.拍卖,六级
propel,prə'pɛl,,vt.推进， 推动； 激励， 驱使,六级
admit,əd'mɪt,,vi.承认 vt.承认，供认；准许…进入,六级
uneven,ʌn'ivən,,a.不平坦的， 不平滑的； 不一致的， 不相等的,六级
definition,",dɛfɪ'nɪʃən",,n.定义， 释义， 定界； 清晰， 鲜明,六级
mansion,'mænʃən,,n.大厦， 宅邸,六级
mask,mæsk,,n.面具，面罩，口罩；伪装 vt.遮盖， 掩饰,六级
patrol,pə'trol,,v.巡逻，巡查 n.巡逻， 巡查； 巡逻兵， 巡逻队,六级
nickel,'nɪkl,,n.镍； 五分镍币， 五分钱,六级
patron,'petrən,,n.资助人， 赞助人； 老主顾， 顾客,六级
entail,ɪn'tel,,vt.使承担； 使成为必要， 需要,六级
inferior,ɪn'fɪrɪɚ,,a.下等的，劣等的 n.下级， 下属,六级
apply,ə'plaɪ,,vi.应用，实施，使用；适用；申请，请求 vt.涂， 敷， 施,六级
propaganda,'prɑpə'gændə,,n.宣传,六级
overlook,",ovɚ'lʊk",,vt.忽视； 宽恕； 俯瞰,六级
refuge,'rɛfjʊdʒ,,n.庇护所， 避难处； 庇护,六级
dramatic,drə'mætɪk,,a.引人注目的， 激动人心的； 戏剧的,六级
incredible,ɪn'krɛdəbl,,a.不能相信的， 不可信的， 难以置信的； 惊人的,六级
certainty,'sɝtnti,,n.必然的事， 确定的事实； 确信， 确实,六级
corrode,kə'rod,,v.腐蚀， 侵蚀,六级
spine,spaɪn,,n.脊柱， 脊椎； 刺， 刺毛； 书脊,六级
commend,kə'mɛnd,,vt.称赞， 表扬； 推荐,六级
parasite,'pærəsaɪt,,n.寄生生物； 寄生虫,六级
artificial,",ɑrtɪ'fɪʃl",,a.人工的， 人为的； 矫揉造作的； 模拟的,六级
deficiency,dɪ'fɪʃənsi,,n.缺乏， 不足； 缺点， 缺陷,六级
imaginary,ɪ'mædʒɪnɛri,,a.想象中的， 假想的,六级
formula,'fɔrmjələ,,n.公式， 式； 原则， 方案； 配方,六级
disgust,dɪs'ɡʌst,,n&vt.厌恶， 憎恶,六级
transcend,træn'sɛnd,,vt.超出， 超越范围,六级
tribute,'trɪbjut,,n.颂词， 称赞， 礼物； 贡品,六级
mob,mɑb,,n.暴民，乌合之众 vt.成群围住， 聚众袭击,六级
subordinate,səˈbɔːdɪnɪt (for n. &adj.) ; səˈbɔːdɪˌnet (for v.),,a.下级的，级别低的；次要的，从属的 n.部属， 下级 vt.使处于次要地位， 使从属于,六级
trend,trɛnd,,vi.伸向，倾向 n.倾向,六级
achievement,ə'tʃivmənt,,n.完成； 成就， 成绩,六级
sturdy,'stɝdi,,a.强壮的， 结实的， 坚固的； 坚定的， 坚强的,六级
desirable,dɪ'zaɪərəbl,,a.吸引人的， 可取的,六级
consist,kən'sɪst,,vi.由…组成； 在于； 一致,六级
reliable,rɪ'laɪəbl,,a.可靠的， 可依赖的,六级
compatible,kəm'pætəbl,,a.兼容的； 能和睦相处的， 合得来的,六级
incentive,ɪn'sɛntɪv,,n.刺激， 鼓励,六级
critic,'krɪtɪk,,n.批评家， 爱挑剔的人,六级
preliminary,prɪ'lɪmɪnɛri,,a.预备的，初步的 n.初步做法， 起始行为,六级
obstacle,'ɑbstəkl,,n.障碍， 障碍物； 妨害,六级
profession,prə'fɛʃən,,n.职业； 公开表示,六级
van,væn,,n.大篷车， 运货车,六级
dizzy,'dɪzi,,a.头晕目眩的，眩晕的；头晕的 vt.令人发晕,六级
resemblance,rɪ'zɛmbləns,,n.相似， 形似,六级
exceptional,ɪk'sɛpʃənl,,a.优越的， 杰出的； 例外的， 独特的， 异常的,六级
constitute,'kɑnstətut,,vt.组成， 形成； 设立； 任命,六级
cherish,'tʃɛrɪʃ,,vt.珍爱， 珍视； 爱护， 抚育； 抱有， 怀有,六级
discrepancy,dɪs'krɛpənsi,,n.不符合， 不一致,六级
spectrum,'spɛktrəm,,n.谱， 光谱， 频谱； 范围， 幅度， 系列,六级
convince,kən'vɪns,,vt.使确信， 使信服， 说服,六级
prolong,prəˈlɑːŋ,,vt.延长， 拉长， 拖延,六级
missionary,'mɪʃənɛri,,n.传教士,六级
terminate,'tɝmɪnet,,v.停止， 终止,六级
valve,vælv,,n.阀， 活门； 瓣膜， 活瓣,六级
refund,ˈrifʌnd,,n.退款 vt.退还,六级
remnant,'rɛmnənt,,n.残留部分,六级
internal,ɪn'tɝnl,,a.内的， 国内的； 内心的,六级
literary,lɪtərɛri,,a.文学的； 文人的， 书卷气的,六级
classical,'klæsɪkl,,a.古典的， 经典的,六级
privilege,ˈprɪvəlɪdʒ,,n.特权； 优惠,六级
substitute,'sʌbstɪtut,,n.代替人，代用品 vt.用…代替,六级
mortgage,'mɔrɡɪdʒ,,n.抵押，抵押借款 vt.抵押,六级
blaze,blez,,vi.熊熊燃烧，着火；发光，放光彩；迸发，爆发 n.火焰， 烈火； 光辉， 强烈的光； 迸发， 爆发； 灿烂， 炫耀,六级
moreover,mɔr'ovɚ,,ad.而且， 再者， 此外,六级
scatter,'skætɚ,,vt.撒， 散播； 使散开， 驱散,六级
violate,'vaɪəlet,,vt.违反， 违背； 亵渎； 侵犯， 妨碍,六级
federal,'fɛdərəl,,a.联邦的， 联盟的,六级
verify,'vɛrɪfaɪ,,vt.证实， 查证， 证明,六级
excursion,ɪk'skɝʒn,,n.远足， 短途旅行,六级
inaugurate,ɪ'nɔɡjəret,,vt.开始， 开展； 为…举行就职典礼； 为…举行开幕式， 为…举行落成仪式,六级
undergo,",ʌndɚ'ɡo",,vt.经历； 经受， 忍受,六级
reward,rɪ'wɔrd,,n.报答，奖赏；报酬，酬金 vt.报答， 酬谢， 奖励,六级
graze,ɡrez,,vi.吃青草 vt.放牧；擦伤；擦过，掠过 n.擦破,六级
coupon,'kupɑn,,n.礼券， 优惠券； 配给券， 票证,六级
multitude,"ˈmʌltɪˌtud, -ˌtjud",,n.大量， 许多； 大众， 民众,六级
inhabit,ɪn'hæbɪt,,vt.居住于， 栖居于,六级
siege,sidʒ,,n.包围， 围困,六级
abstract,'æbstrækt,,a.抽象的，抽象派的 n.摘要，梗概；抽象派艺术作品,六级
agenda,ə'dʒɛndə,,n.议程,六级
degenerate,dɪ'dʒɛnəret,,vi.衰退，堕落，蜕化 a.衰退的，堕落的 n.堕落者,六级
nurture,'nɝtʃɚ,,n&vt.养育， 培育， 滋养,六级
destructive,dɪ'strʌktɪv,,a.破坏的， 毁灭的,六级
appearance,ə'pɪrəns,,n.出现， 来到； 外观,六级
culture,'kʌltʃɚ,,n.文化， 文明； 教养； 培养； 培养菌,六级
paternity,pə'tɝnəti,,n.父权， 父子关系,六级
hasty,'hesti,,a.草率的， 轻率的； 急速的， 匆忙的， 仓促完成的,六级
anonymous,ə'nɑnəməs,,a.无名的， 不具名的； 匿名的； 无特色的， 无个性特征的,六级
fake,feɪk,,a.假的，伪造的 n.假货；骗子 vt.伪造， 捏造； 伪装,六级
span,spæn,,n.跨距，一段时间 vt.持续， 贯穿， 包括； 横跨， 跨越,六级
escort,ˈeskɔːrt,,n.护卫者，护送者 vt.护送， 护卫,六级
bizarre,bɪ'zɑr,,a.奇形怪状的， 怪诞的,六级
existence,ɪɡ'zɪstəns,,n.存在， 实在； 生存,六级
ascribe,ə'skraɪb,,vt.把…归因于， 把…归属于,六级
threshold,'θrɛʃhold,,n.门槛， 门口； 入门， 开端， 起始点,六级
float,flot,,v.浮动， 漂浮， 飘动,六级
minority,maɪ'nɔrəti,,n.少数； 少数民族,六级
axis,'æksɪs,,n.轴， 轴线， 中心线； 坐标轴， 基准线,六级
pole,pol,,n.杆； 极， 磁极， 电极,六级
preferable,'prɛfrəbl,,a.更可取的， 更好的， 更合意的,六级
reference,'rɛfrəns,,n.提到， 论及； 参考， 查阅； 引文； 参考书目； 证明书， 推荐信,六级
spite,spaɪt,,n.恶意，怨恨；不顾 vt.刁难， 欺侮,六级
defendant,dɪ'fɛndənt,,n.被告,六级
arrange,ə'rendʒ,,v.安排， 准备； 整理,六级
olive,'ɑlɪv,,n.橄榄， 橄榄树,六级
coarse,kɔrs,,a.粗的， 粗糙的； 粗劣的； 粗俗的,六级
exaggerate,ɪɡ'zædʒəret,,v.夸大， 夸张,六级
streamline,'strimlaɪn,,vt.使成流线型； 精简， 使效率更高,六级
imply,ɪm'plai,,vt.暗示， 意指,六级
offset,",ɔf'sɛt",,vt.补偿， 抵消,六级
commitment,kə'mɪtmənt,,n.承诺， 许诺， 保证； 信奉， 献身； 承担的义务,六级
cavity,'kævəti,,n.洞， 穴， 凹处； 龋洞,六级
coward,'kaʊɚd,,n.胆小鬼， 懦夫,六级
fossil,'fɑsl,,n.化石； 食古不化的人， 老顽固,六级
poke,pok,,vi.伸出，突出 vt.戳，捅；用…戳，把…戳向；伸出，突出 n.戳， 捅,六级
rejection,rɪ'dʒɛkʃən,,n.拒绝,六级
fixture,'fɪkstʃɚ,,n.固定装置； 固定在某位置的人,六级
manufacture,'mænjə'fæktʃɚ,,vt.制造，加工 n.制造， 制造业,六级
collision,kə'lɪʒən,,n.碰撞； 冲突， 抵触,六级
sequence,'sikwəns,,n.连续， 接续， 一连串； 次序， 顺序,六级
recruit,rɪ'krut,,vt.招募， 吸收,六级
provision,prə'vɪʒn,,n.供应； 准备， 预备； 条款， 规定； 给养， 口粮,六级
calorie,'kæləri,,n.大卡； 卡,六级
slogan,'slogən,,n.标语， 口号； 广告语,六级
invariably,ɪn'vɛrɪəbli,,ad.不变地， 始终如一地， 总是,六级
commence,kə'mɛns,,v.开始,六级
tract,trækt,,n.传单， 小册子； 大片,六级
configuration,"kən,fɪɡjə'reʃən",,n.配置， 布局， 构造,六级
mercury,'mɜːkjəri,,n.水银， 汞,六级
frequent,'frikwənt,,a.时常发生的， 常见的,六级
chunk,tʃʌŋk,,n.厚片， 大块； 相当大的部分,六级
interact,",ɪntɚ'ækt",,vi.相互作用， 相互影响,六级
commonplace,'kɑmən'ples,,a.普通的，平庸的 n.寻常的事物， 平庸的东西,六级
aggregate,'æɡrɪɡət; (for v.) æɡrɪˌɡet,,a.总计的， 合计的 n.总数，合计 vt.总计达， 合计； 使聚集， 使积聚,六级
seemingly,'simɪŋli,,ad.表面上， 看上去,六级
attendant,ə'tɛndənt,,a.伴随的， 随之产生的 n.服务人员，侍者，随从,六级
array,ə're,,n.展示；陈列，一系列；排列，队形；衣服，盛装；,六级
parameter,pə'ræmɪtɚ,,n.界限， 范围； 参数,六级
extinct,ɪk'stɪŋkt,,a.灭绝的， 绝种的； 不再活跃的， 熄灭了的， 已废弃的,六级
discriminate,dɪ'skrɪmɪnet,,vi.区别， 辨别； 有差别地对待， 歧视,六级
degrade,dɪ'ɡred,,vt.降低…的身份， 有辱…的人格； 使降解， 使退化,六级
opaque,o'pek,,a.不透明的， 不透光的； 难理解的， 晦涩的,六级
repay,ri'pɛi,,vt.归还； 报答,六级
monetary,'mʌnɪtɛri,,a.钱的， 货币的； 金融的,六级
grave,ɡrev,,a.严重的， 严肃的 n.坟墓,六级
advantage,əd'væntɪdʒ,,n.优点， 优势； 好处,六级
controversy,ˈkɑntrəvɝ​sɪ,,n.争论， 辩论,六级
command,kə'mænd,,n&vt.命令， 指挥； 控制,六级
compulsory,kəmˈpʌlsərɪ,,a.必须做的， 强制性的； 必修的,六级
performance,pɚ'fɔrməns,,n.演出； 履行， 执行， 完成； 工作情况， 表现， 工作性能,六级
serial,'sɪrɪəl,,a.连续的， 顺序排列的 n.连续剧，连载故事,六级
anticipate,æn'tɪsə'pet,,vt.预料， 预期， 期望； 先于…行动， 提前使用,六级
detach,dɪ'tætʃ,,vt.拆卸； 使分开， 使分离,六级
slash,slæʃ,,vt.砍；大幅度削减 n.砍， 砍痕； 斜线号,六级
fabricate,'fæbrɪket,,vt.捏造， 伪造， 编造； 建造,六级
comic,'kɑmɪk,,a.喜剧的，滑稽的 n.连环漫画； 喜剧演员,六级
perfection,pɚ'fɛkʃən,,n.完美， 完善,六级
vague,veɡ,,a.不明确的； 含糊的； 暧昧的,六级
pope,pop,,n.教皇， 罗马主教,六级
exception,ɪk'sɛpʃən,,n.例外， 除外,六级
ego,'iɡo,,n.自我， 自己， 自尊,六级
urge,ɝdʒ,,vt.鼓励；推进，催促；竭力主张，强烈要求 n.冲动， 强烈的欲望,六级
spouse,spaʊs,,n.配偶,六级
score,skɔ,,n.得分，比数，成绩；二十 vt.分， 给…打分； 画线于； 获胜,六级
isle,aɪl,,n.小岛， 岛,六级
enclosure,ɪn'kloʒɚ,,n.四周有篱笆的场地， 围场； 附件,六级
graduate,ˈɡrædʒuˌet,,a.研究生的 v.毕业 n.毕业生；研究生,六级
famine,'fæmɪn,,n.饥荒； 严重的缺乏,六级
quota,'kwotə,,n.定额， 限额， 配额,六级
unanimous,jʊ'nænəməs,,a.全体一致的， 一致同意的,六级
scorn,skɔrn,,n.轻蔑，鄙视 vt.轻蔑， 鄙视； 拒绝， 不屑,六级
thermal,'θɝml,,a.热的， 由热造成的； 保暖的,六级
sulfur,'sʌlfɚ,,n.硫,六级
visual,'vɪʒʊəl,,a.看的， 视觉的,六级
terrain,tɛˈren,,n.地形， 地势,六级
grief,ɡrif,,n.悲伤， 悲痛； 悲伤的事， 悲痛的缘由,六级
rap,ræp,,vi.说唱 vt.敲击，急敲；突然厉声说出；责备，训斥 n.敲击， 急敲,六级
upgrade,",ʌp'ɡred",,vt.提升，使升级 n.向上的斜坡,六级
instruct,ɪn'strʌkt,,vt.教， 指示； 通知； 教育,六级
appendix,ə'pɛndɪks,,n.阑尾； 附录,六级
virtually,ˈvɜrtʃuəli,,ad.事实上， 实质上,六级
agreeable,ə'ɡriəbl,,a.令人愉快的， 惬意的； 同意的， 乐意的,六级
economy,ɪˈkɑnəmɪ,,n.经济； 节约， 节省,六级
community,kəˈmjunətɪ,,n.社区， 社会， 公社； 团体， 界； 群落,六级
version,'vɝʒn,,n.译文， 说法， 改写本,六级
sprinkle,'sprɪŋkl,,v.撒，洒 n.少量， 少数,六级
bronze,brɑnz,,n.青铜， 青铜色， 古铜色； 青铜制品， 铜牌,六级
conception,kən'sɛpʃən,,n.思想， 观念， 概念； 构想， 设想； 怀孕,六级
municipal,mju'nɪsɪpl,,a.市的， 市政的,六级
detain,dɪ'ten,,vt.拘留， 扣留； 留住， 耽搁,六级
institute,'ɪnstɪtut,,n.研究所，学院 vt.建立， 设立,六级
endure,ɪn'dʊr,,v.忍受， 容忍； 持久， 持续,六级
detail,dɪˈtel,,n.细节，枝节；零件 vt.详细说明,六级
subculture,'sʌbkʌltʃɚ,,n.亚文化,六级
appropriate,əˈproprɪət;(for v.) əˈproprɪet,,a.适当的，恰当的 vt.私吞； 拨款供专用,六级
criterion,kraɪˈtɪriən,,n.标准， 准则,六级
essence,'ɛsns,,n.本质， 实质， 要素； 精髓， 精华,六级
pore,pɔr,,vi.仔细阅读， 审视 n.毛孔，细孔,六级
utility,ju'tɪləti,,n.效用， 有用,六级
manual,'mænjuəl,,a.用手的，手工做的 n.手册， 指南,六级
maneuver,mə'nʊvɚ; mə'njʊvɚ,,vi.设法变动位置； 用策略， 耍花招 n.谨慎而熟练的动作；策略，花招；演习 vt.设法使变动位置；操纵，控制,六级
symphony,'sɪmfəni,,n.交响乐， 交响曲； 和谐， 协调,六级
eloquent,'ɛləkwənt,,a.雄辩的， 口才流利的， 有说服力的； 明白显示出的,六级
optimistic,",ɑptɪ'mɪstɪk",,a.乐观的， 乐观主义的,六级
dual,'dʊəl,,a.双的， 两重的,六级
submarine,",sʌbmə'rin",,a.水底的， 海底的 n.潜水艇,六级
aspect,'æspɛkt,,n.方面； 朝向、 方向； 样子， 外表,六级
aggressive,ə'ɡrɛsɪv,,a.侵略的， 好斗的； 敢作敢为的； 有进取心的,六级
stump,stʌmp,,vi.脚步沉重地走 n.树桩；残根，残余部分 vt.把…难住，使为难；在…做巡回演说,六级
behavior,bɪ'hevjɚ,,n.行为， 举止， 表现,六级
federation,'fɛdə'reʃən,,n.联合会； 联邦,六级
minimize,'mɪnɪmaɪz,,vt.使减少到最低限度； 极力贬低， 对…作最低估计,六级
descend,dɪ'sɛnd,,vi.下来，下降 vt.走下， 爬下,六级
signify,'sɪɡnɪfaɪ,,vi.有重要性 vt.表示…的意思，意味，预示,六级
logical,'lɑdʒɪkl,,a.逻辑的， 合乎常理的,六级
reconciliation,",rɛkənsɪlɪ'eʃən",,n.和解， 调和,六级
weird,wɪrd,,a.古怪的， 离奇的； 怪诞的， 神秘而可怕的,六级
characterize,'kærəktə'raɪz,,vt.成为…的特征， 以…为特征； 描绘的特性， 描述,六级
descent,dɪ'sɛnt,,n.下降， 下倾； 斜坡， 坡道； 血统， 世系,六级
ridiculous,rɪ'dɪkjələs,,a.荒谬的， 可笑的,六级
turbulent,'tɝbjələnt,,a.动荡的， 混乱的； 汹涌的， 狂暴的,六级
overt,o'vɝt,,a.公开的， 不隐蔽的,六级
refute,ri'fjʊt,,vt.驳斥， 驳倒,六级
precedent,'prɛsɪdənt,,n.先例， 范例； 【法】 判例； 惯例,六级
severe,səˈvɪr,,a.严重的； 严厉的， 严格的； 严峻的， 艰难的； 朴素的， 不加装饰的,六级
emerge,ɪ'mɝdʒ,,vi.出现， 涌现， 冒出,六级
exemplify,ɪɡ'zɛmplɪfaɪ,,vt.是…的典型； 例示， 举例证明,六级
lease,lis,,n.租约，租契 vt.出租； 租得， 租有,六级
exploit,ɛksplɔɪt; ɪkˈsplɔɪt,,vt.剥削； 利用； 开拓 n.业绩， 功绩,六级
slap,slæp,,vt.掴，掌击，拍；啪的一声放 n.掴， 掌击， 拍,六级
anniversary,",ænɪ'vɝsəri",,n.周年,六级
register,'rɛdʒɪstɚ,,v.登记， 注册； 指示， 自动记下； 表示， 表达； 注意到， 记住； 把挂号 n.登记，注册；登记表，注册簿,六级
communicate,kə'mjunɪket,,v.通讯， 交际， 交流； 连接， 相通； 传达， 传播； 传染,六级
evidence,'ɛvɪdəns,,n.根据， 证据； 证人,六级
jerk,dʒɝk,,v.猝然一动，猛拉 n.急推， 急拉， 急扭,六级
fling,flɪŋ,,vt.扔，掷；使扑，使投身 n.尽情欢乐的一阵， 一时的放纵,六级
stun,stʌn,,vt.使震惊， 使目瞪口呆； 把…打昏， 使昏迷,六级
acid,'æsɪd,,a.酸的， 酸性的； 尖刻的， 刻薄的 n.酸,六级
autonomy,ɔ'tɑnəmi,,n.自治， 自治权； 人身自由， 自主权,六级
transmission,træns'mɪʃən,,n.传播， 发射； 传送， 传递； 传染,六级
blush,blʌʃ,,n&vi.脸红,六级
dubious,'dubɪəs,,a.怀疑的， 犹豫不决的， 无把握的； 有问题的； 靠不住的,六级
intuition,",ɪntu'ɪʃən",,n.直觉； 由直觉获知的信息,六级
artillery,ɑr'tɪləri,,n.火炮， 大炮； 炮兵,六级
educational,",ɛdʒu'keʃənl",,a.教育的， 教育性的,六级
pose,poz,,v.造成，引起；提出，陈述；摆姿势；假装，冒充，装腔作势 n.样子， 姿势,六级
finite,'faɪnaɪt,,a.有限的， 有限制的； 限定的,六级
amend,ə'mɛnd,,vt.修改，修订，改进 n.赔罪， 赔偿,六级
erupt,ɪ'rʌpt,,vi.喷发， 喷出； 爆发， 突然发生,六级
exquisite,ɪk'skwɪzɪt,,a.精美的， 精致的； 敏锐的， 有高度鉴赏力的； 剧烈的， 感觉强烈的,六级
collide,kə'laɪd,,vi.碰撞， 互撞； 冲突， 抵触,六级
remedy,'rɛmədi,,n.补救办法，纠正办法；药品，治疗法 vt.补救， 纠正； 医治， 治疗,六级
cardinal,'kɑrdɪnl,,a.最重要的； 基本的 n.红衣主教；【数】基数,六级
consent,kən'sɛnt,,n&vi.同意， 赞成,六级
insist,ɪn'sɪst,,v.坚持； 坚持要求； 坚决认为,六级
fusion,'fjʊʒən,,n.联合， 合并； 核聚变,六级
volume,'vɑljum,,n.卷， 册， 书卷； 容积， 体积； 音量， 响度,六级
mutual,'mjutʃuəl,,a.相互的； 共同的,六级
therefore,'ðɛrfɔr,,ad.因此， 所以,六级
exchange,ɪks'tʃendʒ,,n&vt.交换； 交流； 兑换,六级
indignant,ɪn'dɪɡnənt,,a.愤怒的， 愤慨的， 义愤的,六级
hesitate,ˈhɛzətet,,vi.犹豫， 踌躇， 含糊； 不情愿,六级
decimal,'dɛsɪml,,a.十进位的 n.小数,六级
cynical,'sɪnɪkl,,a.愤世嫉俗的， 怀疑的,六级
ventilate,'vɛntɪlet,,vt.使通风； 把…公开， 公开讨论,六级
scoop,skup,,v.舀出； 抢在之前报道新闻 n.勺子；抢先报道的新闻,六级
companion,kəm'pænɪən,,n.同伴， 共事者； 伴侣,六级
culminate,'kʌlmɪnet,,vi.告终,六级
breakdown,'brek'daʊn,,n.垮台， 破裂； 衰竭， 衰弱； 损坏， 故障； 明细， 清单,六级
directory,dəˈrɛktəri; (also) daɪˈrɛktəri,,n.人名地址录； 工商行名录； 号码簿,六级
behave,bɪ'hev,,vi.表现，举止；运转，做出反应 vt.检点自己的行为,六级
accomplish,ə'kɑmplɪʃ,,vt.达到， 完成,六级
strand,strænd,,n.股，缕；一个组成部分 vt.使搁浅,六级
constituent,kən'stɪtʃuənt,,a.组成的， 构成的 n.选民，选区居民；成分，组成；配料,六级
engine,'ɛndʒɪn,,n.引擎， 发动机； 机车,六级
irritate,'ɪrɪtet,,vt.使恼怒， 使烦躁； 使不适， 使疼痛,六级
scope,skop,,n.范围； 余地， 机会,六级
responsible,rɪ'spɑnsəbl,,a.需负责任的， 承担责任的； 有责任感的， 负责可靠的； 责任重大的， 重要的,六级
linen,'lɪnɪn,,n.日用织品； 亚麻织品， 亚麻布,六级
expectancy,ɪk'spɛktənsi,,n.预料； 期待； 盼望,六级
illuminate,ɪ'lumɪnet,,vt.照明， 照亮； 阐明， 启发,六级
liner,'laɪnɚ,,n.衬里； 大客轮,六级
identify,aɪ'dɛntɪfaɪ,,vt.认出， 鉴定； 把…等同于,六级
citizenship,'sɪtɪzənʃɪp,,"n.公民的身份, 公民的职责和权力",六级
label,ˈlebəl,,n.标签，标记，符号 vt.贴标签于； 把…称为,六级
slippery,'slɪpəri,,a.滑的； 狡猾的,六级
forum,'fɔrəm,,n.论坛， 讨论会； 专题讨论节目,六级
contempt,kən'tɛmpt,,n.轻视， 蔑视,六级
modify,'mɑdɪfaɪ,,vt.更改， 修改； 修饰,六级
environment,ɪn'vaɪrənmənt,,n.环境； 外界； 围绕,六级
clone,klon,,v.无性繁殖， 克隆 n.无性繁殖系，克隆；复制品，翻版,六级
betray,bɪ'tre,,vt.背叛， 出卖； 失信于， 辜负； 泄露； 暴露， 显露,六级
progressive,prə'ɡrɛsɪv,,a.前进的； 渐进的； 进行式的,六级
pledge,plɛdʒ,,n.保证，誓言 vt.保证， 许诺,六级
exempt,ɪg'zɛmpt,,a.被免除的， 被豁免的 vt.免除，豁免,六级
deliberate,dɪ'lɪbərət,,a.故意的， 蓄意的； 慎重的， 深思熟虑的 v.仔细考虑， 思考,六级
physiological,",fɪzɪə'lɑdʒɪkl",,a.生理的， 生理学的,六级
shaft,ʃæft,,n.柄， 杆； 束， 光线； 轴； 竖井， 升降井,六级
aesthetic,esˈθetɪk; ɛsˈθɛtɪk,,a.美学的， 审美的； 悦目的， 雅致的,六级
atmosphere,'ætməsfɪr,,n.大气， 空气； 气氛， 环境,六级
decorate,'dɛkəret,,vt.装饰， 装潢， 修饰,六级
electrician,ɪ'lɛk'trɪʃən,,n.电工， 电气技师,六级
occupation,",ɑkju'peʃən",,n.占领， 占据； 职业； 从事的活动， 消遣,六级
tendency,'tɛndənsi,,n.趋向， 趋势， 倾向,六级
release,rɪ'lis,,n&vt.释放， 排放； 解除， 解脱； 放开， 松开； 发布； 发行,六级
caption,'kæpʃən,,n.说明文字， 字幕,六级
hardy,'hɑːdi,,a.能吃苦耐劳的， 坚强的； 耐寒的,六级
purify,'pjʊrɪfaɪ,,vt.使纯净， 提纯； 使纯洁,六级
toll,tol,,v.敲 n.过路费，过桥费；伤亡人数，损失,六级
variation,",vɛrɪ'eʃən",,n.变化， 变动， 变异； 变奏,六级
moral,'mɔrəl,,a.道德的，有道德的 n.品行， 道德规范； 寓意,六级
rig,rɪɡ,,vt.操纵，垄断；给装配帆及索具；用临时替代材料迅速搭起 n.船桅的装置， 成套器械,六级
eject,ɪ'dʒɛkt,,vt.驱逐， 逐出； 喷射， 排出； 弹出,六级
defect,‘dɪfɛkt,,vi.变节， 叛变 n.缺点，缺陷，欠缺[dI'fekt],六级
reinforce,",riɪn'fɔrs",,vt.增强， 加强， 增援,六级
casual,'kæʒʊəl,,a.偶然的； 非正式的； 临时的， 不定期的； 漠不关心的， 冷淡的,六级
slack,slæk,,vi.懈怠， 懒散 a.懈怠的，马虎的；萧条的，清淡的，不活跃的；松的 n.松弛部分；宽松裤,六级
rim,rɪm,,n.边，缘 vt.环绕边缘,六级
property,'prɑpɚti,,n.财产， 所有物； 房产； 物业； 性质， 性能,六级
rip,rɪp,,v.扯破，撕坏 n.裂口， 裂缝,六级
outbreak,'aʊtbrek,,n.爆发， 突然发生,六级
manipulate,mə'nɪpjulet,,vt.操纵， 控制； 影响； 操作， 使用,六级
similar,'sɪməlɚ,,a.相似的， 类似的,六级
contradict,'kɑntrə'dɪkt,,vt.反驳， 否认…的真实性； 与…发生矛盾， 与…抵触,六级
melody,'mɛlədi,,n.旋律， 曲调； 悦耳的音乐,六级
likelihood,'laɪklɪhʊd,,n.可能， 可能性,六级
converge,kən'vɝdʒ,,vi.会合， 互相靠拢； 聚集， 集中； 趋近,六级
compose,kəm'poz,,vt.组成， 构成； 创作， 为…谱曲； 使平静， 使镇静,六级
catholic,kæθəlɪk,,a.[C-]天主教的；普遍的，广泛的 n.[C-]天主教徒,六级
partial,'pɑrʃəl,,a.部分的； 不公平的； 偏爱的， 偏袒的,六级
aid,ed,,n.帮助，救护；助手，辅助手段 vt.帮助， 援助,六级
supersonic,",supɚ'sɑnɪk",,a.超声的， 超音速的,六级
optimism,'ɑptɪmɪzəm,,n.乐观， 乐观主义,六级
confident,'kɑnfɪdənt,,a.确信的， 肯定的； 自信的,六级
retain,rɪ'ten,,vt.保留， 保持,六级
drastic,'dræstɪk,,a.严厉的， 极端的； 激烈的， 迅猛的,六级
epoch,'ɛpək,,n.时期， 时代,六级
saleable,'seləbl,,a.适合销售的,六级
crew,krʊ,,n.全体船员； 一队工作人员,六级
manufacturer,",mænju'fæktʃərɚ",,n.制造商， 制造厂,六级
defeat,dɪ'fit,,n&vt.战胜， 挫败,六级
valid,'vælɪd,,a.有效的， 正当的； 有根据的， 有理的,六级
inertia,ɪ'nɝʃə,,n.不活动， 惰性； 惯性,六级
encourage,ɪn'kɝrɪdʒ,,vt.鼓励， 怂恿； 促进， 助长， 激发,六级
vacuum,'vækjʊəm,,v.收集； 用真空吸尘器打扫 n.真空；真空吸尘器,六级
extravagant,ɪk'strævəgənt,,a.奢侈的； 过度的， 过分的， 放肆的,六级
accommodate,ə'kɑmədet,,vt.容纳； 向…提供住处； 使适应， 顺应,六级
bubble,'bʌbl,,vi.冒泡， 起泡， 沸腾 n.泡，泡沫，水泡，气泡；幻想的计划,六级
morality,məˈræləti,,n.道德， 道德性； 德行， 品行； 道德观， 道德规则,六级
yield,jild,,v.出产；让出，放弃；屈服，顺从；倒塌，垮掉 n.产量,六级
electronic,ɪˌlɛkˈtrɑnɪk,,a.电子的 n.电子学； 电子设备,六级
transplant,træns'plænt,,vt.移栽，移种；移植；使迁移，使移居 n.移植,六级
terrace,ˈtɛrəs,,n.排屋；地坪，草坪；,六级
deficit,'dɛfəsɪt,,n.赤字， 亏空， 亏损,六级
sacred,'sekrɪd,,a.神圣的； 宗教的； 神圣不可侵犯的,六级
cathedral,kə'θidrəl,,n.大教堂,六级
elegant,'ɛləgənt,,a.优美的， 文雅的， 讲究的； 简练的， 简洁的,六级
synthesis,'sɪnθəsɪs,,n.综合； 合成,六级
incidentally,",ɪnsɪ'dɛntli",,ad.顺便提及地， 顺便提一句,六级
polar,'polɚ,,a.地极的， 近地极的； 磁极的； 正好相反的， 截然对立的,六级
shark,ʃɑrk,,n.鲨鱼； 勒索者， 诈骗者， 放高利贷的人,六级
linger,'lɪŋɡɚ,,vi.继续逗留， 留恋徘徊， 继续存留； 缓慢消失,六级
historian,hɪ'stɔrɪən,,n.历史学家， 史学工作者,六级
cumulative,'kjumjəletɪv,,a.积累的， 渐增的,六级
prototype,'protə'taɪp,,n.原型,六级
overpass,'ovɚpæs,,n.天桥， 立交桥,六级
species,'spiʃiz,,n.种， 类,六级
slip,slɪp,,v.滑跤，滑落，溜；下降，跌落；悄悄放进 n.疏漏， 差错,六级
temperament,'tɛmprəmənt,,n.气质， 性格,六级
cite,saɪt,,vt.引用， 引证； 传唤， 传讯； 表彰， 嘉奖,六级
acquaintance,ə'kwentəns,,n.认识， 了解； 熟人,六级
moan,mon,,vi.呻吟，呜咽；抱怨，发牢骚 vt.抱怨 n.呻吟声， 呜咽声； 怨声， 牢骚,六级
quench,kwɛntʃ,,vt.止； 扑灭,六级
shed,ʃɛd,,vt.脱落，脱去；流出，流下；发出，散发 n.棚， 小屋， 货棚,六级
spice,spaɪs,,n.香料，调味品；趣味，情趣，风味 vt.使增添趣味； 加香料于,六级
rating,'retɪŋ,,n.等级， 品级， 评定结果； 收视率， 收听率,六级
assertive,ə'sɝtɪv,,a.断定的； 过分自信的,六级
autonomous,ɔ'tɑnəməs,,a.自治的； 独立自主的,六级
referee,",rɛfə'ri",,vi.当裁判 n.裁判员；证明人，推荐人；仲裁者，调解者,六级
aerial,'ɛrɪəl,,a.飞机的，航空的；空中的，架空的 n.天线,六级
trial,'traɪəl,,n.试， 试验； 审判； 讨厌的人,六级
perception,pɚ'sɛpʃən,,n.感知， 觉察； 认识， 观念， 看法,六级
elapse,ɪ'læps,,vi.消逝， 过去,六级
symmetry,'sɪmətri,,n.对称； 匀称， 整齐,六级
visualize,'vɪʒuəlaɪz,,vt.想象； 设想,六级
reap,rip,,vt.收割， 收获； 获得， 得到,六级
insect,'ɪnsɛkt,,n.昆虫， 虫,六级
presume,prɪ'zum,,vi.擅自行事 vt.推测，假定，相信；冒昧，擅自；认定，推定,六级
complement,ˈkɑːmplɪment,,n.补充，互为补充的东西；编制名额；装备定额；补语['kɒmplɪm3nt] vt.补充， 与…相配,六级
cable,'kebl,,n.缆，索，电缆，电报 vt.给… 发电报， 用电报传送,六级
nasty,'næsti,,a.令人讨厌的， 令人厌恶的； 难弄的， 困难的； 严重的， 恶劣的， 险恶的； 下流的， 道德败坏的,六级
intense,ɪn'tɛns,,a.强烈的； 紧张的； 认真的； 热情的,六级
border,'bɔrdɚ,,vi.近似， 与…接壤 n.边，边缘，边界 vt.给…加上边，围；邻接,六级
estate,ɪ'stet,,n.地产， 房地产,六级
articulate,ɑr'tɪkjulet,,a.善于表达的， 发音清晰的； 表达得清楚有力的 vt.明确有力地表达； 清楚地吐， 清晰地发,六级
adhere,əd'hɪr,,vi.黏附， 附着； 遵守； 坚持； 追随， 支持,六级
expense,ɪk'spɛns,,n.花费， 消费， 费用； 开支， 业务费用,六级
traverse,trə'vɝs,,vt.横渡， 横越,六级
rigorous,'rɪɡərəs,,a.严密的， 缜密的； 严格的， 严厉的,六级
yell,jɛl,,n&vi.号叫， 叫喊,六级
contemporary,kən'tɛmpərɛri,,a.现代的， 当代的； 同时代的,六级
tribe,traɪb,,n.部落； 族,六级
activate,'æktə'vet,,vt.使活动起来； 使开始作用,六级
mobilize,'mobəlaɪz,,vi.动员起来 vt.动员；调动，鼓动起,六级
mock,mɑk,,vi.嘲笑，嘲弄 a.模拟的， 演习的； 假的， 假装的 vt.嘲笑，嘲弄；模仿,六级
minibus,'mɪnɪbʌs,,n.小型公共汽车,六级
repetitive,rɪ'pɛtətɪv,,a.重复的， 反复性的,六级
gear,ɡɪr,,n.齿轮，传动装置，挡；用具，设备，衣服 vt.使适应， 使适合,六级
facilitate,fə'sɪlə'tet,,vt.使…变得容易， 使便利,六级
precipitate,prɪ'sɪpɪtet,,v.使突然发生； 猛然抛下； 使沉淀,六级
endow,ɪn'daʊ,,vt.资助， 捐赠； 给予， 赋予， 认为…具有某种特质,六级
financial,faɪˈnænʃəl;fəˈnæ-,,a.财政的， 金融的,六级
respective,rɪ'spɛktɪv,,a.各自的， 各个的， 分别的,六级
quiver,'kwɪvɚ,,vi.颤抖，发抖，抖动 n.颤抖， 抖动， 颤声,六级
slot,slɑt,,n.狭缝，狭槽；位置，空位 vt.把…放入狭长开口中； 把…纳入其中， 使有位置,六级
harden,'hɑrdn,,v.变硬,六级
rot,rɑt,,v.腐烂，腐朽 n.腐烂， 腐朽,六级
define,dɪ'faɪn,,vt.给…下定义， 限定,六级
predict,prɪ'dɪkt,,vt.预言， 预告， 预测,六级
dictate,'dɪktet,,v.['dIkteIt] n.口授； 命令， 规定， 要求,六级
memorize,'mɛmə'raɪz,,vt.记住， 熟记,六级
render,'rɛndɚ,,vt.使得， 致使； 给予， 提供； 翻译,六级
undermine,'ʌndɚ'maɪn,,vt.暗中破坏， 逐渐削弱； 侵蚀…的基础,六级
subjective,səb'dʒɛktɪv,,a.主观的， 个人的,六级
blossom,'blɑsəm,,vi.开花； 发展， 长成 n.花,六级
radical,'rædɪkl,,a.根本的，基本的；激进的，激进派的 n.激进分子,六级
manifest,'mænɪfɛst,,a.明显的，显然的，明了的 vt.显示， 表明， 证明； 使显现， 使显露,六级
blunt,blʌnt,,a.钝的；率直的，直言不讳的 vt.使迟钝； 使减弱； 使钝,六级
endeavor,ɪn'dɛvɚ,,n&v.努力， 尽力， 尝试,六级
relieve,rɪ'liv,,vt.使轻松， 使宽慰； 缓解， 减轻， 解除； 使得到调剂； 接替， 替下,六级
quartz,kwɔrts,,n.石英,六级
air-conditioning,'eəkənˌdɪʃənɪŋ,,n.空调设备， 空调系统,六级
adjacent,ə'dʒesnt,,a.邻近的， 毗连的,六级
employment,ɪm'plɔɪmənt,,n.工作； 雇用； 使用,六级
transport,'trænspɔrt,,vt.运输 n.运输， 运输工具,六级
specific,spɪ'sɪfɪk,,a.特有的；明确的；具体的 n.详情， 细节,六级
analogy,ə'nælədʒi,,n.比拟； 类比， 类推,六级
application,ˌæpləˈkeʃən,,n.申请， 申请书； 施用， 涂抹； 应用， 实施； 实用性,六级
productive,prə'dʌktɪv,,a.多产的， 富饶的； 富有成效的,六级
prune,prun,,vt.修剪， 修整； 删除， 削减,六级
engage,ɪn'ɡedʒ,,vt.使从事于， 聘用； 吸引， 占用； 使订婚,六级
chord,kɔrd,,n.和弦， 和音； 弦， 心弦,六级
semester,səˈmɛstɚ,,n.学期,六级
strategy,'strætədʒi,,n.战略， 策略,六级
remainder,rɪ'mendɚ,,n.余下的部分， 剩下的人数,六级
hypothesis,haɪ'pɑθəsɪs,,n.假设， 假说， 前提,六级
revolve,rɪ'vɔlv,,vi.旋转,六级
collapse,kə'læps,,n&vi.倒坍， 瓦解； 崩溃， 突然失败,六级
territory,'tɛrətɔri,,n.领土， 版图； 领域,六级
summon,'sʌmən,,vt.召唤， 传唤； 鼓起， 振作； 召集， 召开,六级
flare,flɛr,,vi.闪耀，烧旺；突发，突然发怒 n.闪光信号， 照明弹,六级
accurate,'ækjərət,,a.准确的， 正确无误的,六级
legend,'lɛdʒənd,,n.传说， 传奇故事； 传奇人物,六级
maintain,men'ten,,vt.维持； 维修， 保养； 主张； 赡养,六级
expertise,'ɛkspɝ'tiz,,n.专门知识， 专长,六级
bargain,ˈbɑrɡɪn,,vi.讨价还价 n.特价商品；协议，交易,六级
erect,ɪ'rɛkt,,a.竖直的， 挺直的 vt.建造，使竖立,六级
professional,prə'fɛʃənl,,a.职业的，专业的，专门的 n.自由职业者， 专业人员,六级
nil,nɪl,,n.无， 零,六级
identification,aɪˌdentɪfɪ'keʃn,,n.身份证明； 鉴定， 验明， 认出； 认同,六级
migrant,'maɪɡrənt,,n.移居者， 移民； 候鸟， 迁移动物,六级
protein,'protin,,n.蛋白质,六级
annual,'ænjuəl,,a.每年的，一年一次的 n.年报， 年鉴； 一年生的植物,六级
exclusive,ɪk'sklusɪv,,a.奢华的，高级的；独有的；排斥的；不包括…的 n.独家新闻,六级
repertoire,'rɛpɚ'twɑr,,n.全部节目,六级
poverty,'pɑvɚti,,n.贫穷， 贫困,六级
resort,rɪ'zɔrt,,vi.求助，凭借，诉诸 n.求助， 凭借， 诉诸； 求助的对象， 采用的手段； 常去之地， 胜地,六级
testify,'tɛstɪfaɪ,,vi.作证，证明；表明，说明 vt.作证， 证明,六级
pearl,pɝl,,n.珍珠； 珠状物； 珍品,六级
conclusive,kən'klusɪv,,a.确实的； 最后的； 决定性的,六级
margin,'mɑrdʒən,,n.页边空白； 差数， 差额； 余地； 边缘,六级
apt,æpt,,a.易于…的， 有…倾向的； 恰当的， 适宜的； 聪明的， 反应敏捷的,六级
remain,rɪ'men,,vi.剩下，余留，保持；仍然是 n.残余； 残骸； 遗迹,六级
pregnancy,'prɛgnənsi,,n.怀孕,六级
shabby,ˈʃæbi,,a.破旧的， 衣衫褴褛的； 卑鄙的； 不公正的,六级
toss,tɔs,,vi.掷钱币来决定；翻来覆去 vt.扔，抛，掷；猛抬；拌；掷；使摇动，使颠簸 n.掷钱币来决定； 猛抬头,六级
demand,dɪ'mænd,,vt.要求，需要；询问 n.要求， 需要,六级
reel,ril,,vi.摇摇晃晃地移动，蹒跚；眩晕，发昏 n.卷轴，卷筒，卷盘 vt.卷， 绕,六级
pathetic,pə'θɛtɪk,,a.差劲的， 令人生厌的； 引起怜悯的， 可怜的， 可悲的,六级
dissipate,'dɪsɪpet,,vi.消散，消失 vt.使消散， 使消失； 浪费， 挥霍,六级
flask,flæsk,,n.长颈瓶， 酒瓶， 烧瓶,六级
accuse,ə'kjuz,,vt.指责， 归咎于,六级
disturbance,dɪ'stɝbəns,,n.扰乱， 打扰； 骚乱， 混乱； 心神不安， 烦恼,六级
visceral,'vɪsərəl,,a.内脏的， 腑脏的； 出自内心的， 发自肺腑的,六级
simultaneous,",saɪml'tenɪəs",,a.同时发生的， 同时存在的； 同步的， 一齐的,六级
instructional,in'strʌkʃənəl,,a.指导的， 教育的,六级
guarantee,",ɡærən'ti",,n.保证，担保物 vt.保证， 担保,六级
odor,'oʊdə,,n.气味,六级
predecessor,'prɛdəsɛsɚ,,n.前任， 前辈； 原有事物， 前身,六级
acquire,ə'kwaɪr,,vt.取得， 获得； 学到,六级
literal,'lɪtərəl,,a.照字面的， 原义的； 逐字的,六级
notion,'noʃən,,n.概念， 观念； 意图， 想法， 念头,六级
default,dɪ'fɔlt,,v.不履行义务， 拖欠 n.违约，拖欠；弃权；预设，缺省,六级
arc,ɑrk,,n.弧形； 弧； 电弧， 弧光,六级
beverage,'bɛvərɪdʒ,,n.饮料,六级
captive,'kæptɪv,,a.被俘虏的，被捕获的 n.俘虏,六级
insane,ɪn'sen,,a.极蠢的， 荒唐的； 精神病的， 精神失常的， 疯狂的,六级
attribute,ə'trɪbjut,,vt.把…归因于 n.属性,六级
cemetery,'sɛmə'tɛri,,n.墓地， 公墓,六级
genetic,dʒə'nɛtɪk,,a.遗传的 n.[-s]遗传学,六级
stitch,stɪtʃ,,v.缝， 绣 n.一针，线迹；缝法，针法，编结法；突然剧痛,六级
triumph,ˈtraɪəmf,,vi.成功 n.凯旋，胜利,六级
vice,vaɪs,,n.罪恶， 恶习， 缺点； 虎钳,六级
detection,dɪ'tɛkʃən,,n.察觉， 发觉； 侦查， 探测,六级
bowel,'baʊəl,,n.肠； 内部， 深处,六级
arouse,ə'raʊz,,vt.引起； 唤起， 唤醒,六级
optimum,'ɑptəməm,,a.最合适的， 最优的， 最佳的,六级
suppress,sə'prɛs,,vt.压制， 镇压； 禁止发表， 查禁； 抑制， 忍住； 阻止…的生长,六级
pudding,'pʊdɪŋ,,n.布丁,六级
wrinkle,'rɪŋkl,,v.起皱纹 n.皱纹,六级
consensus,kən'sɛnsəs,,n.一致， 一致同意,六级
boring,'bɔrɪŋ,,a.令人厌烦的， 乏味的， 无聊的,六级
classic,'klæsɪk,,a.最优秀的，典型的，标准的；传统式样的，典雅的 n.文学名著，经典作品，杰作；优秀的典范；,六级
supervise,'sʊpɚ'vaɪz,,v.监督， 管理， 指导,六级
gossip,'ɡɑsɪp,,vi.传播流言蜚语 n.流言蜚语；爱说长道短的人,六级
describe,dɪ'skraɪb,,vt.形容， 描写； 画出,六级
dilemma,"dəˈlɛmə, daɪ-",,n.窘境， 困境,六级
engagement,ɪn'ɡedʒmənt,,n.订婚， 婚约； 约会,六级
wealthy,'wɛlθi,,a.富的， 富裕的,六级
slum,slʌm,,n.贫民窟,六级
foam,fom,,vi.起泡沫， 吐白沫 n.泡沫；泡沫材料，泡沫状物,六级
disregard,",dɪsrɪ'ɡɑrd",,vt.不理会，漠视 n.忽视， 漠视,六级
administration,"əd,mɪnɪ'streʃən",,n.管理； 管理部门， 行政机关； 实行， 执行,六级
occasional,ə'keʒənl,,a.偶尔的， 间或发生的,六级
dwell,dwɛl,,vi.居住,六级
incorporate,ɪn'kɔːpəreɪt,,vt.包含； 加上， 吸收； 把…合并， 使并入,六级
debate,dɪ'bet,,n&v.争论， 辩论,六级
extinguish,ɪk'stɪŋɡwɪʃ,,vt.熄灭， 扑灭； 使消亡， 使破灭,六级
vulnerable,'vʌlnərəbl,,a.易受伤的， 脆弱的； 易受攻击的， 难防御的,六级
furniture,'fɝnɪtʃɚ,,n.家具,六级
segment,'sɛɡmənt,,n.部分， 片段； 瓣,六级
counterpart,'kaʊntɚpɑrt,,n.与对方地位相当的人， 与另一方作用相当的物,六级
preach,pritʃ,,vi.布道， 说教 vt.宣讲，布道；竭力鼓吹，宣传,六级
flank,flæŋk,,n.肋，肋腹，侧边；侧翼 vt.位于…的侧面,六级
donate,'donet,,vt.捐赠， 赠送,六级
pendulum,'pɛndʒələm,,n.摆， 钟摆； 摇摆不定的事态,六级
defiance,dɪ'faɪəns,,n.违抗； 藐视,六级
sovereign,sɑvrɪn,,a.拥有最高统治权的， 至高无上的； 具有独立主权的 n.君主，元首,六级
cater,'ketɚ,,vi.满足需要， 迎合； 提供饮食及服务， 承办酒席,六级
attractive,ə'træktɪv,,a.有吸引力的， 引起注意的,六级
significant,sɪɡ'nɪfɪkənt,,a.相当数量的； 重要的， 意义重大的， 意味深长的,六级
duplicate,'duplɪket,,a.完全一样的， 复制的 n.完全一样的东西，复制品 vt.复制， 复印； 重复,六级
bleed,blid,,vi.出血，流血；泌脂 vt.勒索…的钱,六级
rein,ren,,n.缰绳 vt.勒缰使停步； 控制， 约束,六级
decrease,dɪ'kris,,v.减少 n.[dI'kriːs],六级
flutter,'flʌtɚ,,vi.振翼，拍翅而飞；飘动，飘扬；快速跳动 n.紧张， 激动不安,六级
volunteer,",vɑlən'tɪr",,v.自愿； 自愿提供； 志愿 n.志愿者；志愿兵,六级
overlap,'ovəlæp,,v.部分重叠； 部分相同 n.重叠， 重叠的部分,六级
materialism,mə'tɪrɪəlɪzəm,,n.唯物主义,六级
installment,ɪn'stɔlmənt,,n.分期付款， 分期交付； 部分,六级
mourn,mɔrn,,v.哀悼； 感到痛心,六级
cane,ken,,n.手杖； 茎,六级
trifle,'traɪfl,,vi.嘲笑； 轻视 n.琐事，小事，无价值的东西,六级
migrate,'maɪɡret,,vi.迁徙， 移栖； 移居， 迁移,六级
Easter,istəʳ,,n.复活节,六级
submit,səb'mɪt,,vi.屈从， 听从； 忍受； 甘心 vt.屈从，听从，服从；呈送，提交；主张，建议,六级
novelty,'nɑvlti,,n.新奇事物； 新奇， 新奇感， 新奇性； 新颖小巧而廉价的物品,六级
occupy,'ɑkjupaɪ,,vt.占领； 占； 占有,六级
string,strɪŋ,,n.线， 细绳； 一串， 一行,六级
boom,buːm,,vi.激增， 繁荣， 迅速发展； 发出隆隆声 n.激增，繁荣，迅速发展；隆隆声，嗡嗡声,六级
absence,'æbsns,,n.缺席， 不在； 缺席的时间， 外出期； 缺乏， 不存在,六级
abolish,ə'bɑlɪʃ,,vt.彻底废除， 废止,六级
attract,ə'trækt,,vt.吸引， 引起…注意,六级
cautious,'kɔʃəs,,a.十分小心的， 谨慎的,六级
snatch,snætʃ,,vi.一把抓住 vt.夺，夺走，抢走；一下子拉，一把抓住；抓住机会做，抽空做 n.片断,六级
blink,blɪŋk,,vi.眨眼睛；闪亮，闪烁 n.眨眼睛； 一瞬间,六级
summit,'sʌmɪt,,n.最高点， 峰顶； 最高级会议,六级
perfume,pɚ'fjum,,n.香水，香料，香气 vt.使充满芳香； 洒香水于,六级
magnify,'mæɡnɪfaɪ,,vt.放大， 扩大； 夸大， 夸张,六级
redundant,rɪ'dʌndənt,,a.多余的， 过剩的,六级
situated,'sɪtʃuetɪd,,a.位于…的， 坐落在…的； 处于…境地的,六级
recession,rɪ'sɛʃən,,n.衰退， 衰退期,六级
doubtless,'daʊtləs,,ad.无疑地， 肯定地,六级
negative,'nɛɡətɪv,,a.否定的，消极的；负的，阴性的 n.负片， 底片； 负数,六级
impose,ɪm'poz,,vt.把…强加； 征,六级
statement,'stetmənt,,n.陈述， 声明； 结算单， 报表,六级
trademark,'tred'mɑrk,,n.商标， 牌号； 特征， 标记,六级
factor,'fæktɚ,,n.因素， 因子； 系数,六级
analogous,ə'næləɡəs,,a.类似的， 相似的； 可比拟的,六级
substance,'sʌbstəns,,n.物质； 实质； 大意， 要旨； 根据， 理由,六级
complexion,kəm'plɛkʃən,,n.肤色， 面色； 局面； 性质,六级
continuity,'kɑntə'nʊəti,,n.连续， 持续,六级
sculpture,'skʌlptʃɚ,,n.雕刻， 雕塑； 雕刻作品， 雕塑品,六级
target,'tɑrɡɪt,,n.靶， 标的， 目标,六级
momentum,mo'mɛntəm,,n.动力， 冲力， 势头； 动量,六级
wax,waks,,n.蜡，蜂蜡 vt.给…上蜡,六级
sensation,sɛn'seʃən,,n.感觉能力； 感觉， 知觉； 轰动， 引起轰动的事件,六级
urban,'ɝbən,,a.都市的， 住在都市的,六级
furthermore,",fɝðɚ'mɔr",,ad.而且， 此外,六级
timely,'taɪmli,,a.及时的， 适时的,六级
cape,kep,,n.斗篷， 披肩； 海角， 岬,六级
discard,dɪsˈkɑːrd,,vt.丢弃， 抛弃， 遗弃,六级
delicate,ˈdɛlɪkɪt,,a.纤细的； 易碎的； 微妙的； 精美的,六级
rebel,rɪ'bɛl,,vi.反叛， 造反； 反对， 不服从 n.反叛分子，反对者,六级
subsidy,'sʌbsədi,,n.津贴， 补助金,六级
bounce,baʊns,,v.弹起，反弹，颠跳 n.弹， 反弹,六级
obscene,əb'sin,,a.淫秽的， 下流的； 可憎的， 可恶的,六级
tissue,'tɪʃu,,n.组织； 薄绢， 薄纸， 手巾纸,六级
Thanksgiving,ˌθæŋks'gɪvɪŋ,,n.感恩节,六级
proficiency,prə'fɪʃənsi,,n.熟练， 精通,六级
modest,'mɑdɪst,,a.谦虚的； 适中的； 羞怯的,六级
cast,kæst,,vt.投，扔，抛；浇铸 n.演员表， 全体演员； 石膏绷带； 铸型， 铸件； 投， 抛,六级
vocational,vo'keʃənl,,a.职业的， 业务的,六级
crush,krʌʃ,,vt.压碎， 碾碎， 镇压,六级
hatred,'hetrɪd,,n.憎恶， 憎恨， 仇恨,六级
slice,slaɪs,,n.薄片，切片，部分 vt.切， 削， 剁,六级
electron,ɪ'lɛktrɑn,,n.电子,六级
embed,ɪm'bɛd,,vt.把…嵌入， 扎牢； 使深留脑中,六级
incline,ɪn'klaɪn,,n.斜坡[In'klaIn] vt.使倾斜,六级
elevate,'ɛlɪvet,,vt.提升…的职位， 提高， 改善； 使情绪高昂； 举起， 使上升,六级
designate,'dɛzɪɡnet,,vt.指派， 委任； 标出； 把…定名为,六级
promising,'prɑmɪsɪŋ,,a.有希望的， 有前途的,六级
slick,slɪk,,a.圆滑的， 口齿伶俐的； 精巧的， 巧妙的， 灵巧的； 光滑的， 滑溜的,六级
practicable,'præktɪkəbl,,a.可行的， 适用的,六级
item,'aɪtəm,,n.条， 条款,六级
counsel,'kaʊnsl,,n.律师，法律顾问；忠告，劝告 vt.劝告， 提议,六级
canvas,'kænvəs,,n.帆布； 帆布画布， 油画,六级
superintendent,",supərɪn'tɛndənt",,n.主管人， 监管人， 负责人； 警长,六级
probability,'prɑbə'bɪləti,,n.可能性， 可能发生的事； 概率,六级
contention,kən'tɛnʃən,,n.论点； 争论， 争辩,六级
lofty,'lɔfti,,a.高傲的， 傲慢的； 崇高的， 高尚的； 高耸的， 极高的,六级
explicit,ɪk'splɪsɪt,,a.详述的， 明确的， 明晰的； 直言的， 露骨的,六级
rely,rɪ'laɪ,,vi.依靠， 依赖； 信赖， 指望,六级
slide,slaɪd,,v.滑；悄悄地移动 n.滑动； 滑道， 滑面； 幻灯片,六级
utilize,'juːtəlaɪz,,vt.利用,六级
sticky,'stɪki,,a.黏性的， 胶粘的； 湿热的,六级
prevail,pri'vel,,vi.流行， 盛行,六级
excessive,ɪkˈsɛsɪv,,a.过多的， 极度的,六级
denial,dɪ'naɪəl,,n.否认； 拒绝， 拒绝给予,六级
assault,ə'sɔlt,,n.攻击， 袭击,六级
implicit,ɪm'plɪsɪt,,a.不言明的， 含蓄的； 内含的， 固有的； 无疑问的,六级
intensify,ɪn'tɛnsɪfaɪ,,v.增强， 加剧,六级
feminine,'fɛmənɪn,,a.女性的， 女子的； 女子气的,六级
purity,'pjʊrəti,,n.纯净， 纯洁， 纯正,六级
pattern,'pætɚn,,n.型，式样；模，模型 vt.仿制， 使…仿效,六级
settle,'sɛtl,,v.安排， 安放； 调停； 支付， 核算； 安家； 飞落， 停留； 安定,六级
heighten,'haɪtn,,v.提高， 加强,六级
vehicle,ˈviəkəl,,n.车辆， 机动车； 传播媒介， 工具， 手段,六级
scrape,skrep,,v.刮，擦；勉强过日子 n.刮， 擦； 刮擦声,六级
web,wɛb,,n.网； 网络； 错综复杂的事物,六级
femininity,'fɛmə'nɪnəti,,n.女性气质,六级
plateau,plæ'to,,n.高原； 稳定时期,六级
tragic,'trædʒɪk,,a.悲惨的， 可悲的； 悲剧的,六级
grin,ɡrɪn,,n.咧嘴笑,六级
grip,ɡrɪp,,vt.握紧，抓牢；吸引住…的注意力 n.紧握,六级
reliance,rɪ'laɪəns,,n.依靠， 依赖,六级
explore,ɪk'splɔr,,v.探险， 探索； 仔细查阅， 探究,六级
display,dɪ'sple,,n&vt.陈列， 展览； 显示,六级
electricity,ɪ'lɛk'trɪsəti,,n.电,六级
climate,ˈklaɪmɪt,,n.气候； 风土， 地带； 风气， 气氛,六级
tentative,'tɛntətɪv,,a.试探的， 试验的,六级
disorder,dɪs'ɔrdɚ,,n.混乱， 杂乱； 骚乱,六级
aggravate,'æɡrəvet,,vt.加重， 加剧， 使恶化； 激怒， 使恼火,六级
criticize,'krɪtə'saɪz,,vt.批评， 评论， 非难,六级
preside,prɪ'zaɪd,,vi.主持，主管,六级
economic,"ˌikəˈnɑmɪk, ˌɛkəˈ-nɑmɪk",,a.经济的；经济学的 n.经济学； 经济状况,六级
transistor,træn'zɪstɚ,,n.晶体管， 晶体管收音机,六级
statistics,stə'tɪstɪks,,n.统计学； 统计表,六级
grim,ɡrɪm,,a.讨厌的， 糟糕的； 严厉的； 冷酷的， 无情的,六级
giggle,'ɡɪɡl,,n.咯咯笑， 傻笑,六级
offspring,'ɔfsprɪŋ,,n.子女， 子孙， 后代； 崽,六级
arrest,ə'rɛst,,vt.逮捕，拘留；停止，阻止；吸引 n.逮捕， 拘留， 扣留,六级
mature,mə'tʃʊr,,a.成熟的，成年人的；深思熟虑的；到期的，应支付的 vt.使成熟,六级
alleviate,ə'livɪ'et,,vt.减轻； 缓解， 缓和,六级
notification,'notəfə'keʃən,,n.通知， 告示； 通知书,六级
overflow,",ovɚ'flo",,vi.满得外溢，外流，泛滥；充满，洋溢 vt.淹没， 从…中溢出， 多得无法容纳 n.容纳不下的物； 溢出， 满出； 溢流口， 溢流管,六级
provoke,prə'vok,,vt.对…挑衅， 激怒； 激起， 引起,六级
threaten,'θrɛtn,,v.威胁， 恐吓； 预示快要来临； 构成威胁， 可能发生,六级
enrich,ɪn'rɪtʃ,,vt.充实， 使丰富； 使富裕， 使富有,六级
foil,fɔɪl,,n.箔，金属薄片；陪衬，衬托 vt.挫败， 使受挫折,六级
strain,stren,,v.扭伤， 拉伤； 尽力使用， 紧张； 拉紧； 尽力 n.拉紧；过劳，极度紧张；张力；扭伤，拉伤；旋律；品种，家系；气质，个性特点,六级
negotiate,nɪ'ɡoʃɪet,,v.洽谈， 协商， 谈判； 顺利通过， 成功越过,六级
cellar,'sɛlɚ,,n.地窖， 地下室； 酒窖,六级
tangle,'tæŋɡl,,v.缠结，乱作一团 n.乱糟糟的一堆， 混乱； 复杂的问题； 困惑,六级
package,'pækɪdʒ,,n.包裹，包装；一揽子交易 vt.把…打包； 包装,六级
intrigue,'ɪn'triɡ,,vi.耍阴谋，施诡计 vt.激起…的好奇心，迷住 n.阴谋， 诡计， 密谋,六级
orient,'orɪənt,,vi.转向特定方向；适应[theO-] vt.使适应，使熟悉情况；使朝向，以…为方向 n.东方， 亚洲， 东半球,六级
crisis,'kraɪsɪs,,n.危机， 存亡之际； 关键阶段,六级
handicap,'hændɪ'kæp,,n.缺陷；障碍，不利条件 vt.妨碍， 使不利,六级
survival,sɚ'vaɪvl,,n.幸存； 幸存者； 残存物,六级
shatter,'ʃætɚ,,vi.碎裂 vt.使粉碎，砸碎；使破灭；使震惊,六级
plea,pli,,n.恳求， 请求； 抗辩， 答辩， 辩护； 借口， 托辞,六级
persuasion,pɚ'sweʒn,,n.说服， 劝说； 信念， 信仰,六级
keen,kin,,a.热心的； 激烈的； 敏锐的， 敏捷的,六级
nutrition,nu'trɪʃən,,n.营养,六级
detective,dɪ'tɛktɪv,,n.侦探， 私人侦探,六级
transfer,træns'fɝ,,v.搬， 转移； 调动， 转学； 转让， 过户； 乘车， 转乘,六级
veteran,'vɛtərən,,a.经验丰富的 n.老手；老兵,六级
cereal,'sɪrɪəl,,n.加工而成的谷类食物； 谷类植物， 谷物,六级
esthetic,ɛs'θɛtɪk,,a.美学的， 审美的； 悦目的， 雅致的,六级
indifferent,ɪn'dɪfrənt,,a.冷漠的， 不积极的； 一般的， 平平的,六级
affection,ə'fɛkʃən,,n.感情； 爱， 爱慕,六级
diversion,dəˈvɝʒən; dəˈvɝʃən; daɪˈvɝʒən; daɪˈvɝʃən,,n.转移， 转向； 消遣， 娱乐； 临时绕行路,六级
elementary,",ɛlɪ'mɛntri",,a.基本的， 初级的,六级
eagle,'igl,,n.鹰,六级
solemn,'sɑləm,,a.庄严的， 隆重的； 严肃的,六级
embarrass,ɪm'bærəs,,vt.使窘迫， 使为难,六级
erroneous,ɪ'ronɪəs,,a.错误的， 不正确的,六级
option,'ɑpʃən,,n.选择， 选择权， 选择自由； 选择的事物， 选课,六级
acute,ə'kjut,,a.严重的； 急性的； 灵敏的， 敏锐的； 精明的,六级
limitation,",lɪmɪ'teʃən",,n.限制， 限度； 局限,六级
jog,dʒɑɡ,,n&v.慢跑； 轻轻碰撞,六级
terrify,ˈtɛrəˌfaɪ,,vt.使害怕， 使惊吓,六级
handbook,'hændbʊk,,n.手册， 便览,六级
ascertain,'æsɚ'ten,,vt.弄清， 查明； 确定,六级
crucial,'krʊʃəl,,a.至关重要的， 决定性的,六级
contribute,kən'trɪbjut,,v.捐献， 捐款； 投稿,六级
insert,'ɪnsɝt,,vt.插入， 嵌入； 登载,六级
faith,feθ,,n.信任， 信心； 信仰， 信条,六级
inspiration,ˌɪnspəˈreʃən,,n.灵感； 鼓舞人心的人,六级
endurance,ɪn'dʊrəns,,n.忍耐力； 持久， 耐久,六级
highlight,'haɪlaɪt,,vt.强调，突出，使显著 n.最精彩的部分， 最重要的事件,六级
candidate,"ˈkændɪˌdet, -dɪt",,n.候选人， 投考者， 申请求职者,六级
strive,straɪv,,vi.努力， 奋斗， 力求,六级
database,'detəbes,,n.数据库,六级
intelligible,ɪn'tɛlɪdʒəbl,,a.可理解的， 明白易懂的， 清楚的,六级
parallel,'pærəlɛl,,a.并列的，平行的；类似的；对应的；并联的 n.可相比拟的事物，相似处；平行线，平行面；纬线 vt.与…相似， 与… 相当， 比得上,六级
reject,rɪ'dʒɛkt,,vt.拒绝； 拒纳， 退回， 摈弃 n.被拒货品， 不合格产品,六级
hospitality,",hɑspɪ'tæləti",,n.友好款待， 好客,六级
sheer,ʃɪr,,ad.垂直地，陡峭地 vi.急转向， 偏离 a.完全的，十足的；陡峭的，垂直的；极薄的，透明的,六级
imitation,",ɪmɪ'teʃən",,n.模仿； 仿制， 伪制品； 赝品,六级
compliment,ˈkɑːmplɪmənt,,n.赞美，恭维；致意，问候 vt.赞美， 恭维,六级
blunder,'blʌndɚ,,vi.跌跌撞撞地走， 慌乱地走； 犯错误 n.错误,六级
breach,britʃ,,n.破坏，违反；破裂，不和；缺口，裂口 vt.攻破， 在…造成缺口； 破坏， 违反,六级
original,ə'rɪdʒənl,,a.最初的；新颖的；原版的 n.原件， 原作,六级
comply,kəm'plaɪ,,vi.遵从， 依从， 服从,六级
deviate,'divɪet,,vi.背离， 偏离,六级
assignment,ə'saɪnmənt,,n.任务； 指定的作业； 分配， 指派,六级
album,'ælbəm,,n.粘贴簿， 集邮簿， 相册,六级
stimulus,'stɪmjələs,,n.促进； 刺激,六级
electric,ɪ'lɛktrɪk,,a.电的， 电动的,六级
bewilder,bɪ'wɪldɚ,,vt.使迷惑； 使难住,六级
regiment,'rɛdʒɪmənt,,n.团；大量 vt.严格地管制， 严密地编组,六级
diminish,dɪ'mɪnɪʃ,,vi.变少，变小，降低 vt.减少， 减小， 降低,六级
surpass,sə'pæs,,vt.超过， 优于， 多于； 超过…的界限， 非…所能办到,六级
various,'vɛrɪəs,,a.各种各样的， 不同的,六级
depression,dɪ'prɛʃən,,n.抑郁， 沮丧； 不景气， 萧条； 洼地， 凹陷,六级
affiliate,ə'fɪlɪet,,vt.使隶属于 n.附属机构， 分公司,六级
unfold,ʌn'fold,,v.展开， 打开； 显露， 展现,六级
extent,ɪk'stɛnt,,n.广度； 范围； 程度,六级
equivalent,ɪ'kwɪvələnt,,a.相等的，等量的 n.相等物， 等价物,六级
sensational,sɛn'seʃənl,,a.轰动的， 耸人听闻的； 使人感动的， 非常好的,六级
wedge,wɛdʒ,,n.楔 vt.楔入， 塞入,六级
alienate,'eiljəneit,,vt.使疏远， 使不友好， 离间； 转让， 让渡,六级
brink,brɪŋk,,n.边缘， 边沿,六级
plague,pleɡ,,n.瘟疫，鼠疫；灾难，祸患 vt.使痛苦， 给…造成困难,六级
perpetual,pɚ'pɛtʃuəl,,a.永久的， 永恒的， 长期的； 无休止的， 没完没了的,六级
retrospect,'rɛtrəspɛkt,,n.回顾,六级
fascinate,'fæsə'net,,vt.强烈地吸引， 迷住,六级
colonial,kə'lonɪəl,,a.殖民地的,六级
warfare,'wɔrfɛr,,n.战争； 斗争， 冲突,六级
draft,dræft,,n.草稿；汇票；征兵；通风 vt.起草； 征募,六级
complex,ˈkɑmplɛks;kəmˈplɛks,,a.由许多部分组成的，复合的；复杂的，难懂的 n.综合体， 集合体； 情结， 夸大的情绪反应,六级
assumption,ə'sʌmpʃən,,n.假定， 臆断； 担任， 承担,六级
humidity,hju'mɪdəti,,n.湿度， 潮湿， 湿气,六级
rank,ræŋk,,vi.列入， 占特定等级 n.军衔，职衔；地位，社会阶层；排，行列 vt.把…分等，给…评定等级,六级
pamphlet,ˈpæmflɪt,,n.小册子,六级
preparatory,prɪ'pærətɔri,,a.预备的,六级
neglect,nɪ'glɛkt,,n&vt.忽视， 忽略； 疏忽,六级
addition,ə'dɪʃən,,n.加， 加法； 附加物,六级
vein,ven,,n.静脉， 血管； 叶脉； 纹理， 纹路； 方式， 风格,六级
carve,kɑrv,,vt.切， 把…切碎； 雕刻， 刻,六级
veil,vel,,n.面纱，面罩；遮盖物，掩饰物 vt.掩盖， 掩饰,六级
shrink,ʃrɪŋk,,vi.起皱； 收缩； 退缩， 畏缩,六级
hierarchy,'haɪərɑrki,,n.等级制度； 统治集团， 领导层,六级
ancestor,'ænsɛstɚ,,n.祖宗， 祖先； 原型； 先驱,六级
hazardous,'hæzɚdəs,,a.危险的； 冒险的,六级
locality,lo'kæləti,,n.地区， 地点,六级
proceeding,prə'sidɪŋ,,n.诉讼,六级
artery,'ɑrtəri,,n.动脉； 干线， 要道,六级
panic,'pænɪk,,v.恐慌， 惊慌失措 n.恐慌，惊慌，慌乱,六级
underestimate,/ˌʌndərˈestɪmeɪt/,,vt.对…估计不足，低估 n.估计不足， 低估,六级
fold,fold,,vt.折叠，合拢 n.褶， 折叠的部分,六级
transient,ˈtrænʃnt; trænʃənt,,a.短暂的， 转瞬即逝的； 临时的， 暂住的,六级
hurl,hɝl,,vt.猛投， 狠掷； 大声叫骂,六级
competitive,kəm'pɛtətɪv,,a.竞争的， 比赛的； 好竞争的， 求胜心切的； 有竞争力的,六级
dean,din,,n.教长， 主任牧师； 学院院长， 系主任， 训导主任,六级
sponge,spʌndʒ,,v.用湿海绵擦， 揩； 过寄生生活 n.海绵,六级
abuse,ə'bjus,,vt.滥用； 虐待； 辱骂， 毁谤 n.滥用； 虐待； 辱骂,六级
scheme,skim,,v.密谋， 策划 n.计划，方案；阴谋,六级
insulate,ˈɪnsəˌleɪt ; ˈɪnsjʊˌleɪt,,vt.使绝缘， 使隔热， 使隔音； 隔离， 使隔绝,六级
consequently,'kɑnsəkwɛntli,,ad.因此， 因而， 所以,六级
drain,dren,,vi.慢慢减少 vt.排去，放水；渐渐耗尽 n.耗竭； 排水沟， 排水管,六级
reluctance,rɪ'lʌktəns,,n.不愿， 勉强,六级
rape,rep,,n&vt.强奸,六级
isolate,aɪslˌet,,vt.使隔离， 使孤立,六级
popularity,",pɑpju'lærəti",,n.普及， 流行； 声望,六级
nickname,'nɪk'nem,,n.绰号，诨名 vt.给…起绰号,六级
subsequent,'sʌbsɪkwənt,,a.随后的， 后来的,六级
metabolic,",mɛtə'bɑlɪk",,a.代谢作用的， 新陈代谢的,六级
humanity,hjʊ'mænəti,,n.人类， 人； 人性； 人道， 博爱； 人文学科,六级
innovation,",ɪnə'veʃən",,n.新方法， 新事物； 革新， 创新,六级
litter,'lɪtɚ,,vi.乱扔废弃物 vt.乱扔东西 n.废弃物， 被胡乱扔掉的东西； 一窝； 杂乱的东西,六级
charge,tʃɑrdʒ,,v.索价；控告；使充电，使充满；向前冲 n.费用； 管理； 控告， 指责； 电荷， 充电,六级
shutter,'ʃʌtɚ,,n.百叶窗； 快门,六级
alternate,ˈɔltɚˌnet;(for adj.)ˈɔ:ltərnət,,a.交替的， 轮流的； 间隔的 v.轮流， 交替,六级
biography,baɪ'ɑɡrəfi,,n.传记,六级
procedure,prə'sidʒɚ,,n.程序； 手续； 步骤,六级
sample,'sæmpl,,n.样品，试样，样本 vt.从…抽样； 品尝， 体验,六级
plunge,plʌndʒ,,n&v.纵身投入， 猛冲， 猛跌,六级
skeptical,'skɛptɪkl,,a.表示怀疑的,六级
ultraviolet,",ʌltrə'vaɪələt",,a.紫外的,六级
planetary,'plænətɛri,,n.行星的,六级
visa,'vizə,,n.签证,六级
diagnose,",daɪəɡ'nos",,vt.诊断； 判断,六级
petition,pə'tɪʃən,,v.请愿， 正式请求 n.请愿书，申请书；诉状,六级
vicinity,və'sɪnəti,,n.周围地区， 邻近地区,六级
naive,naɪ'iv,,a.幼稚的； 天真的； 轻信的,六级
essential,ɪ'sɛnʃl,,a.必要的，本质的 n.要素； 必需品,六级
expenditure,ɪk'spɛndɪtʃɚ,,n.经费， 支出额； 花费， 支出， 消耗,六级
vent,vɛnt,,n.通风口，排放口；开衩 vt.表达， 发泄,六级
haunt,hɔnt,,vt.常出没于；使苦恼，使担忧；萦绕在心头，缠绕 n.常去的地方,六级
precede,prɪ'sid,,vt.在…之前， 先于,六级
gasp,ɡæsp,,vi.喘气，倒抽气 vt.喘着气说出 n.喘气， 倒抽气,六级
stroll,strol,,n&vi.散步， 闲逛,六级
furnish,'fɝnɪʃ,,vt.供应， 提供； 装备,六级
differentiate,",dɪfə'rɛnʃɪet",,vi.区分，区别 vt.区分， 区别； 使不同， 使有差异,六级
contact,'kɑntækt,,n.接触，联系，交往 vt.与…接触， 与…取得联系,六级
garment,'gɑrmənt,,n.衣服,六级
discharge,dɪs'tʃɑrdʒ,,v.释放，排出；卸货 n.释放， 放电,六级
exclude,ɪk'sklʊd,,vt.把…排除在外,六级
scary,'skɛri,,a.可怕的， 骇人的； 惊慌的， 害怕的； 胆小的， 易受惊的,六级
criticism,'krɪtə'sɪzəm,,n.批评， 批判； 评论， 评论文章,六级
enlighten,ɪn'laɪtn,,vt.启发， 开导,六级
utmost,'ʌt'most,,a.最远的 n.极限,六级
prospective,prə'spɛktɪv,,a.预期的； 未来的； 可能的,六级
deduct,dɪ'dʌkt,,v.减去， 扣除,六级
plaster,'plæstɚ,,n.灰浆，灰泥；石膏；橡皮膏，膏药 vt.在…上抹灰泥， 厚厚地涂抹,六级
consultancy,kən'sʌltənsi,,n.顾问； 顾问服务公司,六级
metropolitan,",mɛtrə'pɑlɪtən",,a.大都市的， 大都会的； 首都的,六级
portray,pɔr'tre,,vt.描写， 描绘； 扮演， 饰演,六级
garbage,'ɡɑrbɪdʒ,,n.垃圾， 废物； 废话； 无用的资料,六级
suspicious,sə'spɪʃəs,,a.猜疑的， 疑心的； 可疑的； 表示怀疑的,六级
scrub,skrʌb,,v.用力擦洗，把…擦净；取消 n.矮树丛， 灌木丛,六级
complain,kəm'plen,,vi.抱怨， 诉苦； 控告， 投诉,六级
homogeneous,",homə'dʒinɪəs",,a.同种类的， 同性质的， 有相同特征的,六级
affirm,ə'fɝm,,vt.断言， 坚持声称； 证实， 确认,六级
profound,prə'faʊnd,,a.深度的， 深切的， 深远的； 知识渊博的， 见解深刻的； 深奥的,六级
marble,'mɑrbl,,n.大理石； 弹子； 弹子游戏,六级
anxiety,æŋ'zaɪəti,,n.焦虑， 忧虑； 渴望， 热望,六级
adjust,ə'dʒʌst,,vi.适应 vt.调整，调节；校正,六级
aspiration,æspəˈreʃən,,n.强烈的愿望； 志向， 抱负,六级
vigorous,'vɪɡərəs,,a.朝气蓬勃的； 有力的， 用力的,六级
vocal,'vokl,,a.喜欢畅所欲言的，直言不讳的；嗓音的，发声的 n.声乐节目,六级
deem,dim,,vt.认为， 视为,六级
origin,'ɔrɪdʒɪn,,n.起源， 起因； 出身， 血统,六级
clash,klæʃ,,vi.发生冲突；不协调；砰地相撞，发出刺耳的撞击声 n.冲突； 不协调； 刺耳的撞击声,六级
overturn,'ovətɝn,,vi.倾覆， 翻转， 翻倒 vt.使翻转，使倾覆，使倒下；颠覆，推翻,六级
compel,kəm'pɛl,,vt.强迫， 迫使屈服,六级
depress,dɪ'prɛs,,vt.使沮丧， 使不景气； 按下,六级
capable,'kepəbl,,a.有能力的， 有才能的,六级
burden,'bɝdn,,n.重担，精神负担 vt.加重压于， 烦扰； 负担， 装载,六级
salute,sə'lut,,vi.敬礼，致意 vt.向…敬礼，向…致意；赞扬，颂扬 n.敬礼， 致意,六级
clasp,klæsp,,n.扣子，钩子；紧抱，紧握 vt.抱紧， 握紧； 扣住， 扣紧,六级
symposium,sɪm'pozɪəm,,n.讨论会， 专题报告会； 专题论文集,六级
hover,'hʌvɚ,,vi.翱翔； 逗留在近旁， 徘徊； 彷徨， 犹豫,六级
random,'rændəm,,a.任意的， 随机的,六级
dine,daɪn,,vi.进餐 vt.宴请,六级
personality,",pɝsə'næləti",,n.人格， 个性； 人物,六级
sanction,'sæŋkʃən,,vt.批准，认可 n.批准， 认可； 约束因素， 约束力； 国际制裁,六级
alert,ə'lɝt,,a.警觉的，留神的，注意的 vt.使认识到，使意识到 n.警戒， 戒备； 警报,六级
deduce,dɪ'dʊs,,vt.推论， 推断， 演绎,六级
oak,ok,,n.栎树， 橡树； 栎木， 橡木,六级
client,'klaɪənt,,n.委托人， 当事人； 顾客,六级
sip,sɪp,,v.小口地喝，抿，呷 n.小口喝， 一小口的量,六级
dutiful,'dʊtɪfəl,,a.恭敬顺从的； 尽职的,六级
contend,kən'tɛnd,,vi.争夺，竞争；搏斗，争斗 vt.声称， 主张,六级
conversion,kən'vɝʒn,,n.转变， 变换； 改变信仰， 皈依,六级
brilliant,'brɪljənt,,a.光辉的； 卓越的,六级
gamble,'ɡæmbl,,vi.赌博，打赌；投机，冒险 vt.赌，以…为赌注 n.赌博； 投机， 冒险,六级
bound,baʊnd,,a.一定的；有义务的 v.跳跃；弹回，反跃；成为…的界限，给…划界 n.跳跃； 界限， 限制,六级
specification,'spɛsəfə'keʃən,,n.规格， 规范； 明确说明； 说明书,六级
deport,dɪ'pɔrt,,vt.把…驱逐出境,六级
counter,'kaʊntɚ,,n.柜台； 计数器； 筹码,六级
rhythm,'rɪðəm,,n.韵律， 节奏,六级
layman,'lemən,,n.门外汉， 外行,六级
conserve,kən'sɝv,,vt.保护， 保藏， 保存,六级
stroke,strok,,n.中风；一举，一次努力；划桨，划水；击，敲；报时的钟声；笔画，一笔；抚摸 vt.抚摸,六级
breed,brid,,v.繁殖； 养育， 培育； 酿成， 产生 n.品种,六级
tease,tiz,,vt.戏弄， 取笑； 挑逗， 撩拨,六级
rash,ræʃ,,a.轻率的，鲁莽的 n.疹， 皮疹； 爆发的一连串,六级
fragrance,'fregrəns,,n.芳香， 香味； 香水,六级
management,'mænɪdʒmənt,,n.管理； 处理； 管理部门， 管理人员,六级
cylinder,'sɪlɪndɚ,,n.圆柱体， 圆筒； 气缸， 泵体,六级
fort,fɔrt,,n.堡垒， 城堡,六级
avoid,ə'vɔɪd,,vt.避免， 躲开； 撤销,六级
comprehensive,ˌkɑːmprɪˈhensɪv,,a.广泛的； 综合的； 理解的,六级
tunnel,'tʌnl,,v.挖， 开 n.隧道，坑道，地道,六级
assign,ə'saɪn,,vt.指派， 分配； 布置； 指定,六级
withdraw,wɪð'drɔ,,v.收回， 撤回； 撤退,六级
straightforward,",stret'fɔrwɚd",,a.正直的， 坦率的； 易懂的， 简单的,六级
elaborate,ɪ'læbəret,,a.复杂的； 精心制作的 v.详述， 详细制定,六级
expert,"'ɛkspɝt; (for adj., also) ɛksˈpɝt ; ɪkˈspɝt",,a.熟练的 n.专家,六级
decade,'dɛked,,n.十年， 十年期,六级
fulfill,ful'fɪl,,vt.履行， 实现， 完成； 满足， 使满意,六级
crowd,kraʊd,,vi.聚集， 挤， 涌 n.群，一批 vt.挤；挤满,六级
congress,'kɑŋɡrəs,,n.代表大会； 国会， 议会,六级
mechanical,mɪ'kænɪkəl,,a.机械的， 机械制造的， 机械学的， 力学的； 呆板的,六级
divine,dɪ'vaɪn,,a.神的， 神授的， 天赐的； 极好的， 极美的,六级
slaughter,'slɔtɚ,,n&vt.屠杀， 杀戮； 屠宰,六级
foul,faʊl,,a.难闻的，发臭的；令人不愉快的，糟透了的；污浊的，肮脏的；下流的，辱骂性的；恶劣的，有暴风雨的；邪恶的，罪恶的 vt.对…犯规；弄脏，弄污 n.犯规,六级
output,'aʊtpʊt,,n.产量；输出，输出功率 vt.输出,六级
intricate,ˈɪntrəkət,,a.错综复杂的， 复杂精细的,六级
fatigue,fə'tig,,v.疲劳 n.疲劳，劳累,六级
agony,'æɡəni,,n.痛苦， 苦恼,六级
contemplate,'kɑntəmplet,,vt.盘算， 计议； 思量， 对…周密考虑； 注视， 凝视,六级
majority,mə'dʒɔrəti,,n.多数， 大多数,六级
drag,dræg,,v.拖，拉；迫使，硬拉；拖着脚步走 n.累赘； 一吸， 一抽,六级
zinc,zɪŋk,,n.锌,六级
costume,ˈkɑsˌtum,,n.服装， 服饰； 戏装， 成套服装,六级
clamp,klæmp,,vt.夹紧，夹住，固定 n.夹头， 夹具， 夹钳,六级
issue,'ɪʃu,,v.发行； 分发， 发出 n.问题；发行；分发,六级
maturity,mə'tʃʊrəti,,n.成熟,六级
vain,ven,,a.徒劳的； 自负的,六级
decree,dɪ'kri,,n.法令，政令；判决，裁决 vt.判决， 命令,六级
conservation,",kɑnsɚ'veʃən",,n.保存， 保护， 避免浪费； 守恒,六级
supplement,'sʌplɪmənt,,n.增补， 补充； 增刊， 副刊 vt.增补， 补充,六级
contrast,'kɑntræst,,vi.形成对比， 对比之下显出区别 n.对比，对照；反差[kən'trɑːst] vt.对比，对照,六级
verdict,'vɝdɪkt,,n.裁定； 定论， 判断性意见,六级
stereo,'stɛrɪo,,a.立体的；立体声的 n.立体声,六级
defy,'difaɪ,,vt.违抗， 蔑视； 使成为不可能； 惹， 激,六级
doctrine,'dɑktrɪn,,n.教义， 教条； 主义,六级
paragraph,'pærəɡræf,,n.段， 节,六级
mediate,'midɪet,,vi.调解，斡旋 vt.经调解解决； 经斡旋促成,六级
pursuit,pɚ'sut,,n.追求， 寻求； 追赶， 追逐； 事， 嗜好， 消遣,六级
prophet,'prɑfɪt,,n.先知； 预言者,六级
cycle,'saɪkl,,n&v.自行车、 摩托车； 循环,六级
amplify,'æmplɪfaɪ,,vt.放大， 增强； 扩大； 详述， 进一步阐述,六级
lure,lʊr,,vt.吸引，引诱，诱惑 n.吸引力， 诱惑物； 诱饵， 鱼饵,六级
disposal,dɪ'spozl,,n.丢掉， 销毁； 处理； 排列， 布置,六级
settlement,'sɛtlmənt,,n.解决； 协议； 居留地， 小社区,六级
whirl,wɝrl,,vi.旋转，急转；发晕，变混乱 n.旋转， 回旋； 混乱； 一连串的事,六级
recede,rɪ'sid,,vi.退， 退去， 渐渐远去； 向后倾斜， 缩进,六级
literature,lɪtərəˌtʃʊr,,n.文学， 文学作品； 文献， 图书资料,六级
digest,daɪ'dʒɛst,,vt.消化， 领会 n.文摘,六级
slump,slʌmp,,vi.大幅度下降，暴跌；突然倒下 n.萧条期， 低潮,六级
prejudice,'prɛdʒədɪs,,n.偏见，成见 vt.使有偏见； 对…不利， 损害,六级
clearance,'klɪrəns,,n.净空， 余隙； 许可， 批准； 票据交换， 清算； 清除， 清理， 出空,六级
customary,'kʌstə'mɛri,,a.习惯上的， 惯常的， 合乎习俗的,六级
immigrant,'ɪmɪɡrənt,,n.移民， 侨民,六级
guardian,'ɡɑrdɪən,,n.监护人； 守卫者， 保护者,六级
veto,'vito,,n&vt.否决,六级
thorn,θɔrn,,n.刺， 荆棘； 带刺小灌木,六级
disposition,'dɪspə'zɪʃən,,n.性情， 性格； 意向， 倾向； 排列， 部署,六级
corporate,ˈkɔːrpərət,,a.法人团体的， 公司的； 全体的， 共同的,六级
stabilize,'stebəlaɪz,,v.稳定， 稳固,六级
compensate,'kɑmpɛnset,,v.补偿， 弥补； 抵消,六级
conscious,'kɑnʃəs,,a.意识到的， 自觉的； 神志清醒的； 有意的， 存心的,六级
transaction,træn'zækʃən,,n.交易， 业务,六级
constant,'kɑnstənt,,a.经常的，不断的，连续发生的；永恒的；忠实的，忠诚的 n.常数， 恒量,六级
bribe,braɪb,,vt.向…贿赂，买通 n.贿赂， 行贿物,六级
certify,'sɝtə'fai,,vt.证明， 证实； 发证书给,六级
intermittent,",ɪntɚ'mɪtənt",,a.间歇的， 断断续续的,六级
outrage,'aʊtredʒ,,n.义愤，愤慨；暴行，骇人听闻的事件 vt.激起…的义愤， 激怒,六级
solitary,'sɑlətɛri,,a.单独的， 独自的； 单个的， 唯一的； 孤独的， 隐居的,六级
diffuse,dɪ'fjus,,v.扩散， 弥漫； 传播， 散布 a.冗长的， 漫无边际的； 四散的， 弥漫的,六级
scramble,'skræmbl,,vi.攀登，爬；争夺，抢夺 vt.扰乱，搞乱 n.攀登， 爬行； 争夺， 抢夺,六级
orchestra,'ɔrkɪstrə,,n.管弦乐队,六级
immerse,ɪ'mɝs,,vt.使浸没； 使沉浸在， 使专心于,六级
sufficient,səˈfɪʃənt,,a.足够的， 充分的,六级
marshal,'mɑrʃəl,,n.元帅，最高指挥官；总指挥，司仪；执法官，警察局长，消防队长 vt.整理， 排列， 集结,六级
champagne,ʃæm'pen,,n.香槟酒,六级
claim,klem,,vt.声称，主张；对…提出要求，索取；使失踪或死亡；需要，值得 n.要求； 认领； 索赔； 声称， 断言,六级
widespread,ˈwʌɪdsprɛd,,a.分布广泛的， 普遍的,六级
antique,æn'tik,,a.古时的，古老的 n.古物， 古玩， 古董,六级
communication,"kə,mjunɪ'keʃən",,n.通讯， 交流， 交际； 通信工具， 交通联系,六级
chronic,'krɑnɪk,,a.慢性的， 久病的； 长久的， 不断的； 积习难改的,六级
toxic,'tɑksɪk,,a.有毒的， 因中毒引起的,六级
contest,kən'tɛst,,n.竞赛， 争夺 vt.争夺， 与…竞争； 对…提出质疑， 辩驳,六级
author,'ɔθɚ,,n.著作家， 作者,六级
lever,'lɛvɚ,,n.杠，杠杆；途径，手段，工具 vt.撬动， 撬起,六级
preserve,prɪ'zɝv,,vt.保护， 维持； 保存， 保藏； 腌制,六级
establish,ɪˈstæblɪʃ,,vt.建立， 设立； 确立； 证实,六级
expansion,ɪk'spænʃən,,n.扩大； 扩充； 扩张； 膨胀,六级
wrench,rɛntʃ,,vt.猛拧，猛扭；挣脱；使扭伤 n.痛苦， 难受； 猛扭， 猛拉； 扳手,六级
relevant,'rɛləvənt,,a.有关的， 切题的,六级
expand,ɪk'spænd,,v.扩大， 膨胀,六级
gaze,ɡeɪz,,n&vi.凝视， 盯， 注视,六级
proclaim,prə'klem,,vt.宣告， 宣布， 声明； 显示,六级
magistrate,'mædʒɪs'tret,,n.地方行政官， 地方法官； 治安官,六级
retrieve,rɪ'triv,,vi.重新得到， 取回， 收回； 挽回， 补救； 检索,六级
survey,ˈsɝˌve; (for v.) sɝˈve,,v.俯瞰， 眺望； 全面审视， 调查； 测量， 勘定 n.[sə'veɪ],六级
jeopardize,'dʒɛpɚdaɪz,,vt.危及， 危害,六级
spy,spaɪ,,vi.当间谍；暗中监视 n.间谍 vt.看见， 发现,六级
displace,dɪs'ples,,vt.取代， 替代； 迫使…离开家园， 使离开原位,六级
predominant,prɪ'dɑmənənt,,a.占主导地位的， 显著的,六级
recipe,'rɛsəpi,,n.烹饪法， 食谱； 方法， 秘诀， 诀窍,六级
ideology,",aidi'ɔlədʒi, ,idi-",,n.思想， 思想意识,六级
mental,'mɛntl,,a.心理的， 精神的， 思想上的； 精神病的； 智力的,六级
decent,'disnt,,a.像样的， 过得去的， 体面的； 宽厚的， 大方的； 正派的； 合乎礼仪的， 得体的,六级
seam,sim,,n.缝， 接缝； 煤层,六级
investigate,ɪn'vɛstɪɡet,,v.调查， 研究,六级
racial,'reʃl,,a.种族的， 人种的,六级
illusion,ɪ'luʒn,,n.幻想， 错误的观念； 错觉， 幻觉， 假象,六级
considerable,kən'sɪdərəbl,,a.相当大的； 重要的,六级
productivity,",prodʌk'tɪvəti",,n.生产力； 生产率,六级
proposition,",prɑpə'zɪʃən",,n.论点， 主张； 建议， 提案； 命题,六级
reserve,rɪ'zɝv,,vt.保留，留存；预订 n.储备； 保留； 拘谨， 矜持； 替补队员； 后备部队； 自然保护区,六级
savage,'sævɪdʒ,,a.残暴的，凶猛的，粗鲁的；未开化的，野蛮的 n.野蛮人，粗鲁的人 vt.乱咬； 激烈抨击,六级
heap,hip,,n.堆， 大量,六级
sympathy,'sɪmpəθi,,n.同情； 一致； 支持， 赞同,六级
consumer,kən'sumɚ,,n.消费者， 用户， 消耗者,六级
cripple,'krɪpl,,n.跛子，伤残人 vt.使跛， 使受伤致残； 严重削弱， 使陷入瘫痪,六级
brief,brif,,a.简短的，短暂的 vt.向…介绍基本情况，做…的提要 n.概要， 摘要,六级
console,'kɑnsol,,vt.安慰，慰问 n.控制台， 操纵台,六级
initiative,ɪ'nɪʃətɪv,,n.主动性， 首创精神； 主动的行动， 倡议； 主动权,六级
recover,rɪ'kʌvɚ,,v.重新获得， 挽回； 恢复,六级
clockwise,'klɑk'waɪz,,ad.顺时针方向地,六级
embark,ɪm'bɑrk,,vi.上船； 着手， 开始工作,六级
medication,'mɛdɪ'keʃən,,n.药物治疗； 药物,六级
drill,drɪl,,v.钻， 打； 训练 n.钻头；操练，训练,六级
friction,'frɪkʃən,,n.不和， 抵触； 摩擦,六级
confer,kən'fɝ,,vi.商谈，商议 vt.授予， 赋予,六级
intelligent,ɪn'tɛlɪdʒənt,,a.聪明的； 理智的,六级
clerk,klɝk,,n.店员； 办事员， 职员,六级
acknowledge,ək'nɑlɪdʒ,,vt.承认， 承认…的权威； 告知收到， 确认； 对…表示谢意， 报偿,六级
equip,ɪ'kwɪp,,vt.装备， 配备； 使有准备,六级
deferential,ˌdefə'rɛnʃl,,a.恭敬的， 恭顺的,六级
manuscript,'mænjuskrɪpt,,n.手稿， 原稿， 底稿； 手写本,六级
luxury,'lʌɡʒəri,,n.奢侈； 奢侈品,六级
overthrow,",ovɚ'θro",,vt.推翻，打倒；使终止，摒弃 n.推翻， 终止， 结束,六级
knit,nɪt,,vi.编结， 编织； 愈合 vt.编结，编织；使紧密地结合，使紧凑；皱紧，皱,六级
inflict,ɪn'flɪkt,,vt.把…强加给； 使…遭受， 使…承担,六级
worthwhile,'wɝθ'waɪl,,a.值得花时间做的,六级
inland,",ɪn'lænd",,ad.在内地， 向内地 a.内陆的， 内地的,六级
stumble,'stʌmbl,,vi.绊脚， 绊倒； 跌跌撞撞地走； 结结巴巴,六级
specialty,'spɛʃəlti,,n.特产， 名产， 特色菜； 专业， 专长,六级
vary,ˈveri,,vi.变化， 有差异 vt.改变，使多样化,六级
readily,'rɛdɪli,,ad.乐意地， 欣然地； 容易地； 很快地， 立即,六级
coherent,ko'hɪrənt,,a.条理清楚的， 连贯的； 一致的， 协调的,六级
intercourse,'ɪntɚkɔrs,,n.性交； 交流， 交往， 交际,六级
convenience,kən'vinɪəns,,n.方便； 便利设施,六级
decency,'disnsi,,n.得体；宽容，大方；正派，合乎礼仪，体面；,六级
falsehood,'fɔlshʊd,,n.谬误， 虚假； 谎言， 说谎,六级
discipline,'dɪsəplɪn,,n.纪律，训练；惩罚；学科 vt.训练； 惩罚， 处罚,六级
ponder,'pɑndɚ,,v.思索， 考虑， 沉思,六级
objective,əb'dʒɛktɪv,,a.客观的， 无偏见的 n.目标，目的,六级
exert,ɪɡ'zɝt,,vt.用， 尽； 运用， 行使,六级
scandal,'skændl,,n.丑事， 丑闻； 流言蜚语； 反感， 愤慨,六级
composite,kɑm'pɑzɪt,,a.混合成的，综合成的 n.合成物； 复合材料,六级
hinder,'hɪndɚ,,vt.阻碍， 妨碍,六级
scent,sɛnt,,n.香味，气味；臭迹；踪迹，线索；香水 vt.嗅到， 察觉,六级
estimate,"'ɛstə,met",,vt.估计； 评价 n.估计； 评价； 看法,六级
diploma,dɪ'plomə,,n.毕业文凭， 毕业证书， 资格证书,六级
exhibit,ɪɡ'zɪbɪt,,vt.显示；陈列，展览 n.展览品,六级
brand,brænd,,n.商标，牌子 vt.铭刻， 打烙印于； 加污名于， 谴责,六级
suspension,sə'spɛnʃən,,n.暂停， 中止； 暂令停止参加， 暂时剥夺； 悬架， 悬置机构； 悬浮液； 悬， 挂， 吊,六级
alcohol,'ælkəhɔl,,n.酒精， 乙醇,六级
inevitable,ɪn'ɛvɪtəbl,,a.不可避免的， 必然的,六级
deny,dɪ'nai,,vt.否定， 拒绝相信,六级
trench,trɛntʃ,,n.沟， 沟渠,六级
subtract,səb'trækt,,vt.减， 减去； 去掉,六级
recreation,",rɛkrɪ'eʃən",,n.娱乐活动， 消遣,六级
frustration,frʌ'streʃən,,n.挫败， 挫折， 受挫,六级
allowance,ə'laʊəns,,n.津贴， 补贴； 零用钱,六级
hurricane,ˈhʌrɪken,,n.飓风,六级
hike,haɪk,,vi.徒步旅行 n.徒步旅行；增加，上升 vt.提高,六级
ancient,ˈenʃənt,,a.古代的， 古老的； 年老的， 看上去很老的,六级
mission,'mɪʃən,,n.使命， 任务； 使团,六级
cognitive,'kɑɡnətɪv,,a.认知的， 认识能力的,六级
adopt,ə'dɑpt,,vt.收养； 采用， 采取； 正式通过， 批准,六级
expire,ɪk'spaɪɚ,,vi.期满， 终止； 断气， 死亡,六级
smuggle,'smʌgl,,vt.走私， 非法私运； 偷运， 偷带,六级
hustle,'hʌsl,,v.催促，赶紧做；猛推，挤，强迫 n.忙碌， 奔忙； 挤,六级
oppose,ə'poz,,vt.反对， 反抗,六级
device,dɪ'vaɪs,,n.器械， 装置； 设计； 手段， 策略,六级
commentary,'kɑməntɛri,,n.实况报道， 解说词； 评论， 评论文章,六级
sue,su,,v.控告， 起诉； 要求， 请求,六级
conservative,kən'sɝvətɪv,,a.保守的，守旧的；不时兴的，传统的 n.保守的人,六级
belly,'bɛli,,n.肚子， 腹部,六级
access,'æksɛs,,n.接近；通道，入口；接近的机会 vt.存取,六级
conference,'kɑnfərəns,,n.会议， 讨论会； 讨论， 商谈,六级
primitive,'prɪmətɪv,,a.原始的，早期的；简单的；粗糙的 n.原人； 原始事物,六级
knob,nɑb,,n.球形把手， 球形柄； 旋钮； 小块,六级
advisable,əd'vaɪzəbl,,a.可取的； 适当的,六级
overcome,",ovɚ'kʌm",,vt.战胜， 克服； 压倒， 使受不了,六级
cabin,'kæbɪn,,n.小屋； 船舱， 机舱,六级
recite,rɪ'saɪt,,v.背诵， 朗诵； 列举， 一一说出,六级
oppress,ə'prɛs,,vt.压迫， 压制； 使沉重， 使烦恼,六级
current,kɝ​ənt,,a.当前的，通用的；流行的，流传的 n.潮流； 电流； 趋势， 倾向,六级
heel,hil,,n.脚后跟， 踵； 后跟,六级
gloom,ɡlum,,n.昏暗， 阴暗； 忧郁， 沮丧,六级
adore,ə'dɔr,,vt.崇拜， 敬慕； 爱慕， 热爱； 非常喜欢,六级
persist,pɚ'sɪst,,vi.坚持， 持续,六级
caution,'kɔʃən,,n.小心，谨慎；注意，警告 vt.警告， 劝…小心,六级
offensive,ə'fɛnsɪv,,a.冒犯的，无礼的，使人不快的；进攻的，攻击性的 n.进攻， 攻势,六级
texture,'tɛkstʃɚ,,n.质地； 结构,六级
closet,'klɑzət,,a.私下的；隐蔽的 n.橱，壁橱 vt.把…引进密室会谈,六级
speculate,'spɛkjə'let,,v.推测， 推断； 投机， 做投机买卖,六级
dismantle,dɪs'mæntl,,vt.拆开， 拆卸,六级
monster,'mɑnstɚ,,a.大的， 庞大的 n.怪物；极其残酷的人；巨人，巨兽，巨大的东西,六级
bud,bʌd,,vi.发芽， 萌芽 n.花蕾，叶芽,六级
confirm,kən'fɝm,,vt.证实， 肯定； 确认； 批准,六级
bug,bʌɡ,,n.虫子；小病；故障，缺陷；窃听器 vt.烦扰， 纠缠； 在…装窃听器,六级
prescient,'prɛsɪənt,,a.预知的， 预见的,六级
acquaint,ə'kwent,,vt.使认识， 使了解； 使熟悉,六级
elastic,ɪ'læstɪk,,a.有弹性的； 灵活的 n.松紧带,六级
consequent,'kɑnsəkwənt,,a.作为结果的， 随之发生的,六级
vast,væst,,a.巨大的， 大量的； 浩瀚的,六级
intervene,",ɪntɚ'vin",,vi.干涉， 干预； 干扰， 阻挠,六级
symbol,'sɪmbl,,n.象征； 符号， 标志,六级
ignite,ɪɡ'naɪt,,vi.着火 vt.点燃，引发,六级
commercial,kə'mɝʃəl,,a.商业的， 商务的； 商品化的， 商业性的,六级
revelation,'rɛvə'leʃən,,n.被提示的真相， 新发现； 揭示， 透露， 显示,六级
available,ə'veləbl,,a.现成可使用的， 通用的； 可取的； 联系的； 可得到的,六级
innumerable,ɪ'nʊmərəbl,,a.无数的， 数不清的,六级
advocate,ˈædvəkeɪt；-et,,vt.拥护， 提倡， 主张 n.拥护者， 提倡者； 辩护者， 律师,六级
confine,kən'faɪn,,vt.限制，使局限；使不外出，禁闭,六级
quest,kwɛst,,n.寻找， 搜索； 追求,六级
frequency,'frikwənsi,,n.屡次， 次数， 频率； 经常发生,六级
elicit,ɪ'lɪsɪt,,vt.诱出， 探出,六级
relegate,'rɛlɪɡet,,vt.使降位， 使降级； 把…委托给,六级
trivial,'trɪvɪəl,,a.琐碎的， 不重要的,六级
burial,'bɛrɪəl,,n.葬， 掩埋； 葬礼,六级
luggage,'lʌɡɪdʒ,,n.行李,六级
drawback,'drɔbæk,,n.缺点， 欠缺； 不利条件,六级
longevity,lɔn'dʒɛvəti,,n.长寿， 寿命,六级
military,'mɪlətɛri,,a.军事的；军用的 n.军队， 武装力量,六级
dynamic,daɪ'næmɪk,,a.动力的， 动力学的； 动态的； 有活力的， 有生气的,六级
wardrobe,ˈwɔrdˌrob,,n.衣柜； 全部衣物,六级
reluctant,rɪ'lʌktənt,,a.不情愿的， 勉强的,六级
conscientious,'kɑnʃɪ'ɛnʃəs,,a.认真的， 勤勤恳恳的,六级
passion,'pæʃən,,n.激情， 热情； 酷爱,六级
generate,'dʒɛnəret,,vt.发生， 引起； 生殖,六级
extreme,ɪk'strim,,a.极度的；最后的 n.极端， 过分,六级
tuck,tʌk,,vt.把边塞到下面；把…夹入，把…藏入 n.褶， 裥,六级
authoritative,ə'θɔrətetɪv,,a.有权威性的， 可信的； 专断的， 命令式的,六级
athlete,'æθlit,,n.运动员， 体育家,六级
upright,'ʌpraɪt,,ad.挺直着， 竖立着 a.垂直的；正直的，诚实的,六级
extract,'ɛkstrækt,,vt.取出，抽出；采掘，提炼，榨取；获得，索取；摘录['3kstrækt] n.摘录， 选段； 提出物， 精， 汁,六级
obscure,əb'skjʊr,,a.不著名的，不重要的；费解的，模糊不清的 vt.使变糊， 掩盖,六级
dismay,dɪs'me,,n.失望，气馁；惊恐 vt.使失望， 使气馁； 使惊恐,六级
expend,ɪk'spɛnd,,vt.花费， 消费； 消耗,六级
forge,fɔrdʒ,,vt.打制， 锻造； 伪造,六级
demonstrate,'dɛmən'stret,,vt.说明， 论证； 表露,六级
region,'ridʒən,,n.地区， 地带， 区域； 范围， 幅度,六级
deceive,dɪ'siv,,vi.行骗 vt.欺骗，蒙蔽,六级
preview,'pri'vjʊ,,n.预映， 预演； 预告,六级
ingenious,ɪn'dʒinɪəs,,a.设计独特的， 别致的， 巧妙的； 灵巧的， 善于创造发明的,六级
questionnaire,ˌkwɛstʃənˈɛr,,n.问卷， 征求意见表,六级
breakthrough,'brek'θrʊ,,n.突破， 突破性进展， 重要的新发现,六级
snack,snæk,,n.快餐， 小吃， 点心,六级
yoke,jok,,n.牛轭；束缚，枷锁 vt.结合， 联结,六级
destination,",dɛstɪ'neʃən",,n.目的地， 终点； 目标,六级
throne,θron,,n.御座， 宝座； 王位， 王权,六级
privacy,'praɪvəsi,,n.个人自由； 隐私， 私生活， 私事,六级
reciprocal,rɪ'sɪprəkl,,a.相互的； 互惠的,六级
vertical,'vɝtɪkl,,a.垂直的， 竖式的,六级
inventory,'ɪnvəntɔri,,n.详细目录， 存货清单,六级
vivid,'vɪvɪd,,a.鲜艳的； 生动的， 栩栩如生的,六级
flush,flʌʃ,,vi.发红 a.齐平的， 同高的,六级
heir,ɛr,,n.继承人,六级
screw,skru,,n.螺丝 vt.用螺钉固定， 拧， 拧紧,六级
kit,kɪt,,n.成套工具，成套用品；配套元件 vt.装备,六级
virtue,'vɝtʃʊ,,n.善， 美德； 优点， 长处,六级
emphasize,'ɛmfəsaɪz,,vt.强调， 着重,六级
turnover,'tɝn'ovɚ,,n.营业额， 成交量； 人员调整， 人员更替率,六级
mortal,'mɔrtl,,a.终有一死的；致命的；你死我活的，不共戴天的 n.凡人， 人类,六级
coverage,'kʌvərɪdʒ,,n.新闻报道； 覆盖范围,六级
figure,'fɪɡjɚ,,vi.出现；合乎情理 n.数字；人物；算术；体型，风姿；轮廓；画像，塑像；图，图形 vt.计算； 认为， 猜想,六级
brutal,'brutl,,a.野兽般的， 残忍的； 无情的， 冷酷的， 难以忍受的,六级
slight,slaɪt,,a.轻微的，微小的 v.侮慢；轻视，冷落,六级
ore,ɔr,,n.矿， 矿石,六级
corrupt,kə'rʌpt,,a.堕落的，腐败的，贪赃舞弊的 vt.腐蚀， 使堕落,六级
preclude,prɪ'klud,,vt.排除； 阻止， 妨碍,六级
previous,'privɪəs,,a.先的， 前的， 以前的,六级
regime,re'ʒim,,n.政治制度， 政权,六级
transmit,trænzˈmɪt,,vt.传送， 传递； 传染； 播送， 发射,六级
commemorate,kə'mɛməret,,vt.纪念， 庆祝,六级
argue,'ɑrgjʊ,,vi.争论，争辩，辩论 vt.主张； 说服,六级
consumption,kən'sʌmpʃən,,n.消耗， 消费； 肺病,六级
premature,",primə'tʃʊr",,a.比预期时间早的； 不成熟的， 仓促的,六级
superior,sʊˈpɪrɪɚ,,a.上级的，较高的；优越的；有优越感的，高傲的 n.上级， 长官,六级
drought,draʊt,,n.干旱， 旱灾,六级
periodical,",pɪrɪ'ɑdɪkl",,a.周期的； 定期的； 时而发生的 n.期刊,六级
leaflet,'liflət,,v.散发传单 n.传单，散页印刷品，小册子,六级
accessory,ək'sɛsəri,,n.附件， 零件， 配件； 装饰品； 同谋， 帮凶， 包庇犯,六级
compromise,'kɑmprəmaɪz,,v.妥协； 危及； 放弃 n.妥协，和解；折中办法,六级
retort,rɪ'tɔrt,,n&v.反驳， 回嘴,六级
electrify,ɪ'lɛktrə'fai,,vt.使充电， 使电气化； 使激动， 使兴奋,六级
seminar,'sɛmɪnɑr,,n.研究班， 研讨会,六级
fringe,frɪndʒ,,a.附加的 n.刘海；饰以流苏的边；边缘，外围 vt.成为…的边缘,六级
competition,",kɑmpə'tɪʃən",,n.比赛； 竞争,六级
beyond,bɪ'jɑnd,,ad.在更远处， 再往后 prep.在…的那边，远于；迟于；越出,六级
hazard,'hæzɚd,,n.危险，公害 vt.尝试着做， 冒…风险,六级
justify,'dʒʌstə'fai,,vt.证明…是正当的,六级
dreadful,'drɛdfəl,,a.糟透了的， 极不合意的； 极端的， 极其大的； 可怕的,六级
voluntary,'vɑləntɛri,,a.自愿的， 志愿的,六级
connection,kə'nɛkʃən,,n.连接； 联系； 连接物， 连接点； 亲戚,六级
proof,pruf,,a.耐…的， 能防…的 n.证据，证明；校样，样张,六级
militant,'mɪlɪtənt,,a.激进的；好斗的 n.激进分子， 斗士,六级
simulate,'sɪmjulet,,vt.模仿， 模拟； 假装， 冒充,六级
intricacy,'ɪntrɪkəsi,,n.错综复杂；,六级
phase,fez,,n.阶段； 方面； 相， 相位,六级
dilute,daɪ'l(j)ut,,a.稀释的， 冲淡的 vt.稀释，冲淡,六级
inclusive,ɪn'klusɪv,,a.包括一切的， 包括一切费用在内的； 所有数目包括在内的,六级
efficiency,ɪˈfɪʃənsɪ,,n.效率； 功效， 效能,六级
ethnic,'ɛθnɪk,,a.种族的,六级
spectacle,'spɛktəkl,,n.演出， 场面； 景象， 壮观； 眼镜,六级
overhead,",ovɚ'hɛd",,ad.在头顶上 a.在头顶上的；架空的 n.经常费用， 管理费用,六级
contract,'kɑntrækt,,v.缩小； 订合同； 感染， 染上 n.契约， 合同,六级
conclude,kən'klud,,vi.结束， 终了 vt.推断出，推论出；缔结，议定,六级
profitable,'prɑfɪtəbl,,a.有利可图的， 有益的,六级
misfortune,'mɪs'fɔrtʃən,,n.不幸， 厄运， 逆境； 不幸事故， 灾难， 灾祸,六级
comprehension,",kɑmprɪ'hɛnʃən",,n.理解， 理解力， 领悟； 理解力测验,六级
susceptible,sə'sɛptəbl,,a.易受影响的； 过敏的； 能经受的， 容许的,六级
leather,'lɛðɚ,,n.皮革； 皮革制品,六级
insight,'ɪn'saɪt,,n.洞察力； 洞悉， 深刻的见解,六级
intact,ɪn'tækt,,a.完整无缺的； 未经触动的； 未受损伤的,六级
instrumental,",ɪnstrə'mɛntl",,a.起作用的， 有帮助的； 用乐器演奏的,六级
fabric,'fæbrɪk,,n.织物， 纺织品； 结构,六级
revolutionary,'rɛvə'lʊʃə'nɛri,,a.革命的；革新的 n.革命者,六级
unemployment,",ʌnɪm'plɔɪmənt",,n.失业， 失业人数,六级
juvenile,'dʒʊvənaɪl,,a.少年的，少年特有的；幼稚的，不成熟的 n.未成年人， 少年,六级
force,fɔrs,,vt.强迫；用力推动，用力打开 n.军队， 兵力； 暴力， 武力； 力， 力气； 影响力， 效力,六级
sympathetic,",sɪmpə'θɛtɪk",,a.同情的； 和谐的； 赞同的， 支持的； 合意的,六级
periodic,",pɪrɪ'ɑdɪk",,a.周期的， 定期的， 时而发生的,六级
distribution,'dɪstrə'bjʊʃən,,n.分发， 分配， 分布,六级
derive,dɪ'raɪv,,vi.起源， 衍生 vt.取得，得到；追溯…的起源或来由,六级
capacity,kə'pæsəti,,n.容量； 能力； 能量； 才能； 身份， 地位,六级
cope,kop,,vi.应付， 处理,六级
overhear,",ovɚ'hɪr",,vt.无意中听到， 偷听到,六级
dart,dɑrt,,vi.猛冲，飞奔 vt.投射 n.飞镖， 飞镖游戏； 急驰， 飞奔,六级
flaw,flɔ,,n.缺点， 瑕疵， 缺陷,六级
saturate,'sætʃərɪt,,vt.使湿透， 浸透； 使充满， 使饱和,六级
feature,'fitʃɚ,,n.特征，特色；面貌；特写，专题节目；故事片 vt.突出； 由…主演,六级
flat,flæt,,ad.平直地； 直截了当地 a.平的；固定的；漏气的；单调的，沉闷的；浅的 n.一套房间，单元住宅,六级
assert,ə'sɝt,,vt.肯定地说， 断言； 维护， 坚持； 坚持己见,六级
climax,'klaɪmæks,,n.高潮， 最令人兴奋的部分,六级
recall,'rikɔl,,vt.回忆； 召回， 叫回； 收回， 撤销,六级
rectangular,rɛk'tæŋgjəlɚ,,a.长方形的， 矩形的,六级
flap,flæp,,vi.飘动， 拍动； 振翅 n.片状垂悬物；飘动，摆动，振动；激动，慌忙状态 vt.使拍动，使飘动,六级
precise,prɪ'saɪs,,a.精确的， 准确的； 严谨的,六级
sensible,'sɛnsəbl,,a.明智的， 合情理的,六级
objection,əb'dʒɛkʃən,,n.反对， 异议； 反对的理由,六级
precious,'prɛʃəs,,a.珍贵的， 宝贵的,六级
contrive,kən'traɪv,,vt.谋划， 策划； 设法做到； 设计， 想出,六级
inhabitant,ɪn'hæbɪtənt,,n.居民， 住户,六级
fraction,'frækʃən,,n.小部分， 片断； 【数】 分数,六级
token,'tokən,,a.象征性的， 装样子的 n.筹码；信物，标志，纪念品；代金券，礼券,六级
emotion,ɪ'moʃən,,n.情感， 感情； 激动,六级
massive,'mæsɪv,,a.大的， 大而重的； 大块的； 大量的， 大规模的,六级
assess,ə'sɛs,,vt.对估价； 评价， 评论,六级
mingle,'mɪŋɡl,,vi.混合起来， 相混合； 相交往， 相往来 vt.使混合，使相混,六级
prescription,prɪ'skrɪpʃən,,n.处方， 药方， 药； 开处方， 开药方,六级
spectator,'spɛktetɚ,,n.观众， 旁观者,六级
edible,'ɛdəbl,,a.可以吃的， 可食用的,六级
prone,pron,,a.易于…的， 很有可能…的； 俯卧的,六级
chorus,'kɔrəs,,n.合唱队；合唱，合唱曲；副歌，叠句；齐声，齐声说的话 vt.齐声说， 随声附和,六级
owe,o,,vt.欠； 应把…归功于； 感激， 感恩,六级
asset,'æsɛt,,n.资产， 财产； 有价值的特性或技能， 优点,六级
exposition,",ɛkspə'zɪʃən",,n.阐述， 讲解； 展览会， 博览会,六级
minimum,'mɪnɪməm,,a.最低的， 最小的 n.最低限度，最小量,六级
apology,ə'pɑlədʒi,,n.道歉， 认错， 谢罪,六级
reveal,rɪ'vil,,vt.揭露， 泄露； 展现， 显示,六级
adequate,ˈædɪkwət,,a.足够的； 可以胜任的,六级
owl,aʊl,,n.猫头鹰,六级
cork,kɔrk,,n.软木，软木塞 vt.用瓶塞塞住,六级
tremendous,trə'mɛndəs,,a.极大的， 非常的； 精彩的， 了不起的,六级
norm,nɔrm,,n.标准， 规范； 准则,六级
condense,kən'dɛns,,vt.使冷凝， 使凝结； 浓缩， 压缩， 简缩,六级
impetus,'ɪmpɪtəs,,n.推动， 促进， 刺激； 推动力,六级
indignation,",ɪndɪɡ'neʃən",,n.愤怒， 愤慨， 义愤,六级
barrier,'bærɪɚ,,n.栅栏； 检票口； 屏障； 障碍， 隔阂,六级
realistic,",riə'lɪstɪk",,a.现实的； 实际可行的； 现实主义的， 逼真的,六级
divert,dɪˈvɚt,,vt.使转向， 使改道； 转移， 转移…的注意力； 使娱乐， 使消遣,六级
conspicuous,kən'spɪkjʊəs,,a.显眼的， 明显的,六级
verse,vɝs,,n.诗， 诗句,六级
criminal,'krɪmɪnl,,a.犯罪的， 刑事的 n.犯人，罪犯，刑事犯,六级
furious,'fjʊrɪəs,,a.狂怒的， 暴怒的； 强烈的， 激烈的,六级
obesity,o'bisəti,,n.过度肥胖,六级
tan,tæn,,vi.晒成棕褐色 vt.使晒成棕褐色；硝制 n.棕褐色， 棕黄色； 晒成棕褐色， 晒黑,六级
individual,ˌɪndəˈvɪdʒʊəl,,a.个别的；独特的 n.个人， 个体,六级
briefcase,'brifkes,,n.公文包， 公事包,六级
nuisance,'nusns,,n.讨厌的人； 麻烦事,六级
brace,bres,,vi.做好准备；振作精神 vt.使防备，使受锻炼；支住，撑牢，使绷紧 n.支架， 托架,六级
constrain,kən'stren,,vt.限制， 约束； 克制， 抑制,六级
brisk,brɪsk,,a.轻快的， 生气勃勃的； 兴隆的， 繁忙活跃的； 寒冷而清新的,六级
prestige,prɛ'stidʒ,,n.威信， 威望,六级
insulation,",ɪnsə'leʃən",,n.绝缘,六级
cord,kɔrd,,n.细绳， 粗线， 索； 灯芯绒裤,六级
startle,'stɑrtl,,vt.使惊吓， 使吃惊,六级
interim,'ɪntərɪm,,a.暂时的，临时的 n.间歇， 过渡期间,六级
fraud,frɔd,,n.欺诈， 诈骗； 骗子,六级
testimony,'tɛstə'moni,,n.证词； 见证， 证明,六级
council,'kaʊnsl,,n.理事会， 委员会,六级
reaffirm,'riə'fɝm,,vt.重申； 再确认,六级
enforce,ɪn'fɔrs,,vt.实施， 执行； 强制， 强迫， 迫使,六级
glitter,'ɡlɪtɚ,,vi.闪闪发光，闪耀 n.闪光， 灿烂的光辉； 耀眼， 辉煌,六级
destined,'dɛstɪnd,,a.命中注定的， 预定的； 以…为目的地的,六级
repression,rɪ'prɛʃən,,n.压抑， 压制， 镇压,六级
fragile,'frædʒəl,,a.易碎的， 脆的， 易损坏的； 虚弱的， 脆弱的,六级
penalty,'pɛnəlti,,n.处罚， 惩罚； 罚金,六级
sociology,",sosɪ'ɑlədʒi",,n.社会学,六级
exile,'ɛksaɪl,,n.流放，流亡；被流放者，流亡国外者 vt.流放， 放逐， 使流亡,六级
scale,skel,,n.大小，规模；等级，级别；天平，磅秤；比例；刻度，标度；鳞 vt.攀登， 爬越,六级
gigantic,dʒaɪ'ɡæntɪk,,a.巨大的， 庞大的,六级
distinct,dɪ'stɪŋkt,,a.与其他不同的； 清楚的， 明确的,六级
vegetation,'vɛdʒə'teʃən,,n.植物， 草木,六级
recovery,rɪ'kʌvəri,,n.恢复， 痊愈； 追回， 寻回， 收复,六级
geology,dʒɪ'ɑlədʒi,,n.地质学； 地质情况,六级
hoist,hɔɪst,,vt.举起，升起，吊起 n.起重器械； 举起， 升起， 吊起,六级
aware,ə'wɛr,,a.知道的， 意识到的,六级
quart,kwɔrt,,n.夸脱,六级
numerical,nʊ'mɛrɪkl,,a.数字的； 用数字表示的； 数值的,六级
limp,lɪmp,,vi.一瘸一拐地走，蹒跚 a.软弱的，无生气的，无精神的；软的，松沓的 n.跛行,六级
security,sə'kjʊrəti,,n.安全， 保障； 抵押品； 证券,六级
award,ə'wɔrd,,n.奖，奖品；判定 vt.授予， 给予； 判给， 裁定,六级
buck,bʌk,,vi.猛然弓背跃起 n.美元，澳元；雄鹿，雄兔,六级
eligible,'ɛlɪdʒəbl,,a.有条件被选中的； 合适的， 合意的,六级
alarm,ə'lɑrm,,n.惊恐，忧虑，警报 vt.使惊恐， 使担心,六级
feeble,'fibl,,a.虚弱的， 衰弱的， 无力的； 无效的， 无益的,六级
appraisal,ə'prezl,,n.估计， 估量； 评价,六级
continual,kən'tɪnjuəl,,a.连续的； 频频的,六级
herb,ɝb,,n.药草， 香草； 草本植物,六级
prose,proz,,n.散文,六级
limb,lɪm,,n.肢， 臂， 腿； 树枝,六级
orientation,orɪɛn'teʃən,,n.方向， 目标， 方位； 熟悉情况， 适应， 情况介绍,六级
refreshment,ri'frɛʃmənt,,n.茶点， 点心； 恢复， 精神爽快,六级
confidence,'kɑnfɪdəns,,n.信任， 信赖； 信心， 自信,六级
arbitrary,ˈɑːrbətreri,,a.随心所欲的； 专断的,六级
intent,ɪn'tɛnt,,a.专心的， 专注的； 急切的 n.意图，意向，目的,六级
passive,'pæsɪv,,a.被动的， 消极的,六级
fertilizer,'fɝtəlaɪzɚ,,n.肥料,六级
corresponding,",kɔrə'spɑndɪŋ",,a.相应的， 符合的,六级
oath,oθ,,n.誓言， 誓约； 咒骂， 诅咒语,六级
response,rɪ'spɑns,,n.回答， 答复； 反应， 响应,六级
treaty,'triti,,n.条约， 协议， 协定,六级
dignity,'dɪɡnəti,,n.庄严， 端庄； 尊严， 高贵,六级
challenge,'tʃælɪndʒ,,n.挑战，邀请比赛；艰巨的任务；怀疑，质问 vt.反对， 公然反抗； 向…挑战； 对…质疑,六级
rival,'raɪvl,,a.竞争的，对抗的 n.竞争对手，敌手；可与匹敌的人 vt.与…竞争； 与…匹敌， 比得上,六级
