word,phonetic,pos,definition,source
ability,ə'bɪləti,,n.能力，能耐；才能,初中
able,'ebl,,a.能；[经管] 有能力的；能干的 n.(Able)人名；(伊朗)阿布勒；(英)埃布尔,初中
about,ə'baʊt,,prep.关于；大约 a.在附近的；四处走动的；在起作用的 ad.大约；周围；到处 n.大致；粗枝大叶；不拘小节的人,初中
above,ə'bʌv,,prep.超过；在……上面；在……之上 ad.在上面；在上文 a.上文的 n.上文,初中
abroad,ə'brɔd,,ad.在国外；到海外 a.往国外的 n.海外；异国,初中
absent,ˈæbsənt,,a.缺席的；缺少的；心不在焉的；茫然的 v.使缺席,初中
accent,'æksɛnt,,n.口音；重音；强调；特点；重音符号 v.强调；重读；带…口音讲话,初中
accept,ækˈsɛpt; əkˈsɛpt,,v.接受；承认；承担；承兑；容纳,初中
accident,'æksədənt,,n.事故；意外；[法] 意外事件；机遇,初中
ache,ek,,v.疼痛；渴望 n.疼痛,初中
achieve,ə'tʃiv,,v.取得；获得；实现；成功,初中
across,ə'krɔs,,prep.穿过；横穿 ad.横过；在对面,初中
act,ækt,,v.扮演；装作，举动像 n.行为，行动；法令，法案；（戏剧，歌剧的）一幕，段；装腔作势,初中
action,'ækʃən,,n.行动；活动；功能；战斗；情节,初中
active,'æktɪv,,a.积极的；活跃的；主动的；有效的；现役的 n.主动语态；积极分子,初中
activity,æk'tɪviti,,n.活动；行动；活跃,初中
add,æd,,v.加；增加；加起来；做加法 n.加法，加法运算,初中
address,ə'drɛs,,v.演说；从事；忙于；写姓名地址；向…致辞；与…说话；提出；处理 n.地址；演讲；致辞；说话的技巧；称呼,初中
advertisement,",ædvɚ'taɪzmənt",,n.广告，宣传,初中
advice,ædˈvaɪs; əd'vaɪs,,n.建议；忠告；劝告；通知,初中
advise,əd'vaɪz,,v.建议；劝告，忠告；通知；警告,初中
afford,ə'fɔrd,,v.给予，提供；买得起 n.(Afford)人名；(英)阿福德,初中
afraid,ə'fred,,a.害怕的；恐怕；担心的,初中
after,'æftɚ,,ad.后来，以后 prep.在……之后 conj.在……之后 a.以后的,初中
afternoon,",æftɚ'nun",,n.午后，下午,初中
again,ə'ɡɛn,,ad.又，此外；再一次；再说；增加 n.（英、保）阿盖恩,初中
against,ə'ɡɛnst,,prep.反对，违反；靠；倚；防备 a.不利的；对立的,初中
age,edʒ,,n.年龄；时代；寿命，使用年限；阶段 v.成熟；变老,初中
ago,ə'ɡo,,ad.以前，以往 a.以前的；过去的 n.(Ago)人名；(英、西、意、塞、瑞典)阿戈,初中
agree,ə'ɡri,,v.同意，赞成；承认；约定，商定,初中
agreement,ə'grimənt,,n.协议；同意，一致,初中
air,ɛr,,n.空气，大气；天空；样子；曲调 v.使通风，晾干；夸耀,初中
airline,'ɛrlaɪn,,n.航空公司；航线 a.航线的,初中
airplane,ˈerpleɪn,,n.飞机,初中
airport,'ɛr'pɔrt,,n.机场；航空站,初中
alive,ə'laɪv,,a.活着的；活泼的；有生气的,初中
all,ɔl,,a.全部的 ad.全然地；越发 n.全部 pron.全部,初中
allow,ə'laʊ,,v.允许；给予；认可,初中
almost,'ɔlmost,,ad.差不多，几乎,初中
alone,ə'lon,,a.独自的；单独的；孤独的 ad.独自地；单独地,初中
along,ə'lɔŋ,,ad.一起；向前；来到 prep.沿着；顺着,初中
aloud,ə'laʊd,,ad.大声地；出声地,初中
already,ɔl'rɛdi,,ad.已经，早已；先前,初中
also,'ɔlso,,ad.也；而且；同样 conj.并且；另外 n.(Also)人名；(罗)阿尔索,初中
although,ɔl'ðo,,conj.尽管；虽然；但是；然而,初中
always,'ɔlwez,,ad.永远，一直；总是；常常,初中
America,əˈmɛrɪkə,,n.美洲（包括北美和南美洲）；美国,初中
American,əˈmɛrɪkən,,n.美国人，美洲人；美国英语 a.美国的，美洲的；地道美国式的,初中
among,ə'mʌŋ,,prep.在…中间；在…之中,初中
ancient,ˈeɪnʃənt,,a.古代的；古老的，过时的；年老的 n.古代人；老人,初中
and,"ənd, ən,ænd",,conj.和，与；就；而且；但是；然后 n.(And)人名；(土、瑞典)安德,初中
angry,'æŋɡri,,a.生气的；愤怒的；狂暴的；（伤口等）发炎的,初中
animal,'ænɪml,,n.动物,初中
another,ə'nʌðɚ,,a.又一，另一；另外的；不同的 pron.另一个；又一个 prep.另一个；另一个人,初中
answer,'ænsɚ,,v.回答；符合 n.回答；答案；答辩,初中
ant,ænt,,n.蚂蚁,初中
any,'ɛni,,a.任何的；所有的；丝毫 pron.任何；任何一个；若干 ad.稍微；少许 n.(Any)人名；(法、罗)阿尼,初中
anyone,'ɛnɪ'wʌn,,pron.任何人；任何一个,初中
anything,'ɛnɪ'θɪŋ,,pron.任何事,初中
anyway,'ɛnɪ'we,,ad.无论如何，不管怎样；总之,初中
anywhere,'ɛnɪwɛr,,ad.在任何地方；无论何处 n.任何地方,初中
appear,ə'pɪr,,v.出现；显得；似乎；出庭；登场,初中
apple,'æpl,,n.苹果，苹果树，苹果似的东西；[美俚]炸弹，手榴弹，（棒球的）球；[美俚]人，家伙。,初中
April,'eprəl,,n.四月,初中
area,'ɛrɪə,,n.区域，地区；面积；范围,初中
arm,ɑrm,,n.手臂；武器；袖子；装备；部门 v.武装起来,初中
army,'ɑrmi,,n.陆军，军队,初中
around,ə'raʊnd,,ad.大约；到处；在附近 prep.四处；在…周围,初中
arrive,ə'raɪv,,v.到达；成功；达成；出生 n.(Arrive)人名；(法)阿里夫,初中
art,ɑrt,,n.艺术；美术；艺术品 a.艺术的；艺术品的 v.是（be的变体）,初中
article,'ɑrtɪkl,,n.文章；物品；条款；[语] 冠词 v.订约将…收为学徒或见习生；使…受协议条款的约束,初中
as,"æz,əz",,conj.因为；随着；虽然；依照；当…时 prep.如同；当作；以…的身份 ad.同样地；和…一样的,初中
Asia,ˈeʒə;ˈeʃə,,n.亚洲,初中
Asian,"ˈeʒən, ˈeʃən",,n.亚洲人 a.亚洲的；亚洲人的,初中
ask,æsk,,v.问，询问；要求；需要；邀请；讨价 n.(Ask)人名；(芬、瑞典)阿斯克,初中
asleep,ə'slip,,a.睡着的；麻木的；长眠的 ad.熟睡地；进入睡眠状态,初中
at,æt; ət,,prep.在（表示存在或出现的地点、场所、位置、空间）；以（某种价格、速度等）；向；达；因为；朝；忙于 n.阿特（老挝货币基本单位att）；[化]砹（极不稳定放射性元素） abbr.密封的（airtight）；气温（air temperature）,初中
Atlantic,ət'læntɪk,,n.大西洋 a.大西洋的,初中
attention,ə'tɛnʃən,,n.注意力；关心；立正！（口令）,初中
August,ɔɡəst,,a.威严的；令人敬畏的 n.八月（简写为Aug）,初中
aunt,ænt,,n.阿姨；姑妈；伯母；舅妈,初中
Australia,ɔ'streljə,,n.澳大利亚，澳洲,初中
Australian,ɑ'strelɪən,,a.澳大利亚的，澳大利亚人的 n.澳大利亚人,初中
autumn,'ɔtəm,,n.秋天；成熟期；渐衰期，凋落期 a.秋天的，秋季的,初中
available,ə'veləbl,,a.可获得的；可购得的；可找到的；有空的,初中
avoid,ə'vɔɪd,,v.避免；避开，躲避；消除,初中
away,əˈwe,,ad.离去，离开；在远处,初中
baby,bebɪ,,n.婴儿，婴孩；孩子气的人 v.纵容，娇纵；把……当婴儿般对待 a.婴儿的；幼小的,初中
back,bæk,,n.后面；背部；靠背；足球等的后卫；书报等的末尾 v.支持；后退；背书；下赌注 ad.以前；向后地；来回地；上溯；回来；回原处 a.后面的；过去的；拖欠的,初中
background,'bækɡraʊnd,,n.背景；隐蔽的位置 v.作…的背景 a.背景的；发布背景材料的,初中
bag,bæɡ,,n.袋；猎获物；（俚）一瓶啤酒 v.猎获；把…装入袋中；占据，私吞；使膨大,初中
ball,bɔl,,n.球；舞会 v.成团块,初中
balloon,bə'lun,,v.激增；膨胀如气球 n.气球 a.像气球般鼓起的,初中
bamboo,",bæm'bu",,n.竹，竹子 vt.为…装上篾条 a.竹制的；土著居民的,初中
banana,bə'nænə,,n.香蕉；喜剧演员；大鹰钩鼻,初中
bank,bæŋk,,n.银行；岸；浅滩；储库 v.将…存入银行；倾斜转弯,初中
basic,'besɪk,,a.基本的；基础的 n.基础；要素,初中
basket,'bæskɪt,,n.篮子；（篮球比赛的）得分；一篮之量；篮筐 vt.装入篮,初中
basketball,'bæskɪtbɔl,,n.篮球；篮球运动,初中
bathroom,'bæθrum,,n.浴室；厕所；盥洗室,初中
be,bi,,v.是； 有，存在； 做，成为； 发生 n.(Be)人名；(缅)拜；(日)部(姓)；(朝)培；(中非)贝,初中
beach,bitʃ,,n.海滩；湖滨 v.将…拖上岸,初中
bear,bɛr,,v.结果实，开花（正式） n.熊,初中
beautiful,'bjʊtəfəl,,a.美丽的,初中
because,bɪ'kɔz,,conj.因为,初中
bed,bɛd,,n.床；基础；河底， 海底 v.使睡觉；安置，嵌入；栽种,初中
bedroom,'bɛdrum,,n.卧室 a.两性关系的；城郊住宅区的,初中
bee,bi,,n.蜜蜂，蜂；勤劳的人,初中
beef,bif,,n.牛肉；肌肉；食用牛；牢骚 v.抱怨，告发；发牢骚,初中
before,bɪ'fɔr,,prep.在…之前，先于 ad.以前；在前 conj.在…以前；在…之前,初中
behaviour,bɪ'hevjər,,n.行为；习性；运行状况（=behavior）,初中
behind,bɪ'haɪnd,,prep.落后于；支持；晚于 ad.在后地；在原处 n.屁股,初中
believe,bɪ'liv,,v.信任；料想；笃信宗教,初中
bell,bɛl,,n.铃，钟；钟声，铃声；钟状物 v.装钟于，系铃于,初中
below,bɪ'lo,,ad.在下面，在较低处；在本页下面 prep.在…下面 n.(Below)人名；(英、德、芬、瑞典)贝洛,初中
beside,bɪ'saɪd,,prep.在旁边；与…相比；和…无关,初中
besides,bɪ'saɪdz,,ad.此外；而且 prep.除…之外,初中
between,bɪ'twin,,prep.在…之间 ad.在中间,初中
beyond,bɪ'jɑnd,,prep.超过；越过；那一边；在较远的一边 ad.在远处；在更远处 n.远处,初中
big,bɪɡ,,a.大的；重要的；量大的 ad.大量地；顺利；夸大地 n.(Big)人名；(土)比格,初中
bike,baɪk,,n.自行车；脚踏车 v.骑自行车（或摩托车）,初中
bill,bɪl,,n.[法] 法案；广告；账单；[金融] 票据；钞票；清单 v.宣布；开账单；用海报宣传,初中
bird,bɝd,,n.鸟；家伙；羽毛球 v.向…喝倒彩；起哄,初中
birth,bɝθ,,n.出生；血统，出身；起源,初中
birthday,'bɝθde,,n.生日，诞辰；诞生的日子,初中
biscuit,'bɪskɪt,,n.小点心，饼干,初中
bit,bɪt,,n.[计] 比特（二进位制信息单位）；少量；马嚼子；辅币；老一套；一点，一块 vt.控制 a.很小的；微不足道的 ad.有点儿；相当,初中
bitter,'bɪtɚ,,a.苦的；痛苦的；尖刻的；充满仇恨的 n.苦味；苦啤酒 ad.激烈地；严寒刺骨地 v.使变苦,初中
black,blæk,,a.黑色的；黑人的；邪恶的 n.黑色；黑人；黑颜料 v.使变黑；把鞋油等涂在…上；把（眼眶）打成青肿,初中
blackboard,'blækbɔrd,,n.黑板,初中
blind,blaɪnd,,a.盲目的；瞎的 ad.盲目地；看不见地 n.掩饰，借口；百叶窗 v.使失明；使失去理智,初中
blood,blʌd,,n.血，血液；血统 v.从…抽血；使先取得经验,初中
blue,blu,,n.蓝色；[复数]（美国海、陆、空三军穿的）蓝色制服；蓝颜料；[the blue(s)][用作单数或复数]布鲁斯（歌曲）（一种伤感的美国黑人民歌） a.蓝色的；沮丧的，忧郁的；下流的 v.把…染成蓝色；使成蓝色；给…用上蓝剂；用上蓝剂于,初中
board,bɔrd,,n.董事会；木板；甲板；膳食 v.上（飞机、车、船等）；用板盖上；给提供膳宿,初中
boat,bot,,n.小船；轮船 v.划船,初中
body,'bɑdi,,n.身体；主体；大量；团体；主要部分 v.赋以形体,初中
book,bʊk,,n.书籍；卷；帐簿；名册；工作簿 v.预订；登记,初中
boring,'bɔrɪŋ,,a.无聊的；令人厌烦的 n.钻孔 v.钻孔；使厌烦；挖空（bore的ing形式）,初中
born,bɔrn,,v.出世（bear的过去分词） a.天生的 n.(Born)人名；(柬)邦；(英、西、俄、捷、德、瑞典、匈)博恩,初中
borrow,'bɑro,,v.借；借用；从其他语言中引入 n.(Borrow)人名；(英)博罗,初中
boss,bɑs,,n.老板；首领；工头 v.指挥，调遣；当…的领导,初中
both,boθ,,a.两个的；两者的 ad.并；又；两者皆 pron.双方都；两者都 conj.既…且… n.(Both)人名；(德、罗、捷、南非、匈)博特,初中
bottle,'bɑtl,,n.瓶子；一瓶的容量 v.控制；把…装入瓶中,初中
bottom,'bɑtəm,,n.底部；末端；臀部；尽头 a.底部的 v.装底；测量深浅；查明真相,初中
bowl,bol,,n.碗；木球；大酒杯 v.玩保龄球；滑动；平稳快速移动,初中
box,bɑks,,n.箱，盒子；包厢；一拳 v.拳击,初中
boy,bɔɪ,,n.男孩；男人,初中
brain,bren,,n.头脑，智力；脑袋 v.猛击…的头部,初中
brave,brev,,a.勇敢的；华丽的 v.勇敢地面对 n.勇士,初中
bread,brɛd,,n.面包；生计 v.在…上洒面包屑,初中
breakfast,'brɛkfəst,,n.早餐；早饭 v.吃早餐,初中
breath,brɛθ,,n.呼吸，气息；一口气，（呼吸的）一次；瞬间，瞬息；微风；迹象；无声音，气音,初中
breathe,brið,,v.呼吸；低语；松口气；（风）轻拂,初中
bridge,brɪdʒ,,n.桥；桥牌；桥接器；船桥 v.架桥；渡过,初中
bright,braɪt,,a.明亮的，鲜明的；聪明的；愉快的 ad.明亮地；光明地；欢快地 n.车头灯光,初中
brother,'brʌðɚ,,n.兄弟；同事；战友 int.我的老兄！,初中
brown,braʊn,,a.棕色的，褐色的；太阳晒黑的 v.变成褐色 n.褐色，棕色,初中
brush,brʌʃ,,n.刷子；画笔；毛笔；争吵；与某人有效冲突；灌木丛地带；矮树丛；狐狸尾巴 v.刷；画；,初中
building,'bɪldɪŋ,,n.建筑；建筑物 v.建筑；建立；增加（build的ing形式）,初中
bus,bʌs,,n.公共汽车,初中
business,ˈbɪznəs,,n.商业；[贸易] 生意；[贸易] 交易；事情,初中
busy,'bɪzi,,a.忙碌的；热闹的；正被占用的 v.使忙于 n.(Busy)人名；(匈)布希；(法)比西,初中
but,bʌt,,conj.但是；而是；然而 ad.仅仅，只 prep.除…以外 n.(But)人名；(俄、罗)布特；(越)笔,初中
butter,'bʌtɚ,,v.涂黄油于；讨好 n.黄油；奶油；奉承话,初中
butterfly,'bʌtɚflaɪ,,n.蝴蝶；蝶泳；举止轻浮的人；追求享乐的人,初中
by,baɪ,,prep.通过；被；依据；经由；在附近；在……之前 ad.通过；经过；附近；[互联网] 白俄罗斯的国家代码顶级域名,初中
bye,baɪ,,int.再见 n.轮空；次要的东西 a.次要的,初中
cabbage,ˈkæbɪdʒ,,n.卷心菜，甘蓝菜，洋白菜；（俚)脑袋；（非正式、侮辱）植物人（常用于英式英语）；（俚）钱，尤指纸币（常用于美式俚语）,初中
cake,kek,,n.蛋糕；块状物；利益总额 v.使结块,初中
call,kɔl,,v.呼叫；拜访；叫牌 n.电话；呼叫；要求；访问,初中
camel,'kæml,,n.[畜牧][脊椎] 骆驼；打捞浮筒；工作作风官僚 a.驼色的；暗棕色的 vi.工作刻板平庸,初中
camera,'kæmərə,,n.照相机；摄影机,初中
camp,kæmp,,v.露营；扎营 n.露营,初中
can,kæn,,v.将…装入密封罐中保存 aux.能； 能够； 可以； 可能 n.罐头； （用金属或塑料制作的）容器； （马口铁或其他金属制作的）食品罐头,初中
Canada,'kænədə,,n.加拿大（北美洲国家）,初中
cancel,'kænsl,,v.取消；删去 n.取消，撤销,初中
candle,'kændl,,n.蜡烛；烛光；烛形物 v.对着光检查,初中
cancer,'kænsɚ,,n.癌症；恶性肿瘤,初中
candy,'kændi,,v.用糖煮；使结晶为砂糖；美化 n.糖果（等于sweets）；冰糖（等于sugar candy，rock candy）；毒品 a.新潮的（服饰）；甜言蜜语的,初中
cap,kæp,,n.盖；帽子 v.脱帽致意,初中
capital,'kæpɪtl,,n.首都，省会；资金；大写字母；资本家 a.首都的；重要的；大写的,初中
captain,ˈkæptən,,n.队长，首领；船长；上尉；海军上校 v.指挥；率领,初中
car,kɑr,,n.汽车；车厢,初中
card,kɑrd,,n.卡片；纸牌；明信片 v.记于卡片上,初中
care,kɛr,,n.关怀；照料；谨慎；忧虑 v.照顾；关心；喜爱；顾虑,初中
careful,'kɛrfl,,a.仔细的，小心的,初中
careless,'kɛrləs,,a.粗心的；无忧无虑的；淡漠的 n.(Careless)人名；(英)凯尔利斯,初中
carry,'kæri,,v.拿，扛；携带；支持；搬运 n.运载；[计] 进位；射程,初中
cat,kæt,,n.猫，猫科动物,初中
cause,kɔz,,n.原因；事业；目标 v.引起；使遭受,初中
CD,",si: 'di:",,abbr.光盘，激光唱片（Compact Disc）；呼叫设备（Calling Device）；中央地区（Central District）；商务部（Commerce Department）,初中
ceiling,'silɪŋ,,n.天花板；上限,初中
celebrate,'sɛlɪbret,,v.庆祝；举行；赞美；祝贺；宣告,初中
cent,sɛnt,,n.分；一分的硬币；森特（等于半音程的百分之一）,初中
centre,sɛntɚ,,v.以…为中心 n.中心 a.中央的,初中
century,'sɛntʃəri,,n.世纪，百年；（板球）一百分,初中
certain,'sɝtn,,a.某一；必然的；确信；无疑的；有把握的 pron.某些；某几个 n.(Certain)人名；(葡)塞尔塔因；(法)塞尔坦,初中
chair,tʃɛr,,n.椅子；讲座；（会议的）主席位；大学教授的职位 v.担任（会议的）主席；使…入座；使就任要职,初中
chairman,'tʃɛrmən,,n.主席，会长；董事长,初中
chalk,tʃɔk,,v.用粉笔写；用白垩粉擦；记录；规划 n.粉笔；白垩；用粉笔划的记号 a.用粉笔写的,初中
chance,tʃæns,,n.机会，际遇；运气，侥幸；可能性 v.偶然发生；冒……的险,初中
change,tʃendʒ,,v.改变；交换 n.变化；找回的零钱,初中
chant,tʃænt,,n.圣歌；赞美诗 v.唱；诵扬,初中
cheap,tʃip,,a.便宜的；小气的；不值钱的 ad.便宜地,初中
cheat,tʃit,,v.欺骗；骗取 n.欺骗，作弊；骗子,初中
check,tʃɛk,,v.检查，核对；制止，抑制；在…上打勾 n.<美>支票；制止，抑制；检验，核对,初中
cheer,tʃɪr,,v.欢呼；使高兴；为…加油 n.欢呼；愉快；心情；令人愉快的事,初中
cheese,tʃiz,,n.[食品] 奶酪；干酪；要人 v.停止 a.叛变的；胆小的,初中
chemistry,'kɛmɪstri,,n.化学；化学过程,初中
chess,tʃɛs,,n.国际象棋，西洋棋,初中
chest,tʃɛst,,n.胸，胸部；衣柜；箱子；金库,初中
chicken,ˈtʃɪkən,,n.鸡肉；小鸡；胆小鬼，懦夫 a.鸡肉的；胆怯的；幼小的,初中
China,tʃaɪnə,,n.中国 a.中国的；中国制造的,初中
Chinese,",tʃai'ni:z",,n.中文，汉语；中国人 a.中国的，中国人的；中国话的,初中
chocolate,'tʃɑklət,,n.巧克力，巧克力糖；巧克力色 a.巧克力色的；巧克力口味的,初中
choice,tʃɔɪs,,n.选择；选择权；精选品 a.精选的；仔细推敲的,初中
chopsticks,"'tʃɑp,stɪks",,n.筷子,初中
Christmas,ˈkrɪsməs,,n.圣诞节；圣诞节期间,初中
church,tʃɝtʃ,,n.教堂；礼拜；教派 a.教会的；礼拜的 v.领…到教堂接受宗教仪式,初中
cinema,'sɪnəmə,,n.电影；电影院；电影业，电影制作术,初中
circle,'sɝkl,,n.循环，周期；圆；圈子；圆形物 v.盘旋，旋转；环行,初中
city,'sɪti,,n.城市，都市 a.城市的；都会的,初中
clap,klæp,,v.鼓掌，拍手；啪地关上 n.鼓掌；拍手声,初中
class,klæs,,n.阶级；班级；种类；班；等级 v.分类；把…分等级；把…归入某等级，把…看作（或分类、归类）；把…编入某一班级 a.极好的；很好的，优秀的，出色的,初中
classmate,'klæsmet,,n.同班同学,初中
classroom,'klæs'rʊm; 'klæs'rʊm,,n.教室,初中
clean,klin,,a.清洁的，干净的；清白的 v.使干净 ad.完全地 n.打扫,初中
clear,klɪr,,a.清楚的；清澈的；晴朗的；无罪的 v.通过；清除；使干净；跳过 ad.清晰地；完全地 n.清除；空隙,初中
clever,'klɛvɚ,,a.聪明的；机灵的；熟练的,初中
climb,klaɪm,,v.爬；攀登；上升 n.爬；攀登,初中
clock,klɑk,,n.时钟；计时器 v.记录；记时,初中
clone,klon,,n.克隆；无性系；无性繁殖；靠营养生殖而由母体分离繁殖的植物 v.无性繁殖，复制,初中
close,kloz,,a.紧密的；亲密的；亲近的 v.关；结束；使靠近 ad.紧密地 n.结束,初中
clothes,kloz,,n.衣服,初中
cloud,klaʊd,,n.云；阴云；云状物；一大群；黑斑 v.使混乱；以云遮敝；使忧郁；玷污,初中
cloudy,'klaʊdi,,a.多云的；阴天的；愁容满面的,初中
club,klʌb,,n.俱乐部，社团；夜总会；棍棒；（扑克牌中的）梅花 v.用棍棒打；募集 a.俱乐部的,初中
coach,kotʃ,,n.教练；旅客车厢；长途公车；四轮大马车 v.训练；指导,初中
coal,kol,,v.上煤；加煤 n.煤；煤块；木炭,初中
coast,kost,,v.滑行；沿岸航行 n.海岸；滑坡,初中
coat,kot,,n.外套 v.覆盖…的表面,初中
coffee,'kɔfi,,n.咖啡；咖啡豆；咖啡色,初中
coin,kɔɪn,,v.铸造（货币）；杜撰，创造 n.硬币，钱币,初中
coke,kok,,n.焦炭；可卡因；可口可乐（Coca-Cola） v.焦化,初中
cold,kold,,a.寒冷的；冷淡的，不热情的；失去知觉的 n.寒冷；感冒 ad.完全地,初中
collect,kə'lɛkt,,v.收集；募捐 ad.由收件人付款地 a.由收件人付款的 n.(Collect)人名；(英)科莱克特,初中
college,'kɑlɪdʒ,,n.大学；学院；学会,初中
comfortable,'kʌmftəbl,,a.舒适的，舒服的 n.盖被,初中
common,'kɑmən,,a.共同的；普通的；一般的；通常的 n.普通；平民；公有地,初中
communicate,kə'mjunɪket,,v.通讯，传达；相通；交流；感染,初中
communication,"kə,mjunɪ'keʃən",,n.通讯，[通信] 通信；交流；信函,初中
company,'kʌmpəni,,n.公司；陪伴，同伴；连队 v.交往,初中
compare,kəm'pɛr,,n.比较 v.比拟，喻为；[语]构成,初中
competition,",kɑmpə'tɪʃən",,n.竞争；比赛，竞赛,初中
complete,kəm'plit,,a.完整的；完全的；彻底的 v.完成,初中
composition,",kɑmpə'zɪʃən",,n.作文，作曲，作品；[材] 构成；合成物；成分,初中
computer,kəm'pjutɚ,,n.计算机；电脑；电子计算机,初中
concert,'kɑnsɚt,,n.音乐会；一致；和谐 v.使协调；协同安排 a.音乐会用的；在音乐会上演出的,初中
condition,kən'dɪʃən,,n.条件；情况；环境；身份 v.决定；使适应；使健康；以…为条件,初中
conference,'kɑnfərəns,,n.会议；讨论；协商；联盟；（正式）讨论会；[工会、工党用语]（每年的）大会 vi.举行或参加（系列）会议,初中
connect,kə'nɛkt,,v.连接；联合；关连,初中
continue,kən'tɪnju,,v.继续，延续；仍旧，连续,初中
control,kən'trol,,n.控制；管理；抑制；操纵装置 v.控制；管理；抑制,初中
conversation,",kɑnvɚ'seʃən",,n.交谈，会话；社交；交往，交际；会谈；（人与计算机的）人机对话,初中
cook,kʊk,,v.烹调，煮 n.厨师，厨子,初中
cooker,'kʊkɚ,,n.炊具；烹饪用水果；窜改者,初中
cool,kul,,a.凉爽的；冷静的；出色的 v.使…冷却；使…平静下来 n.凉爽；凉爽的空气 ad.冷静地,初中
copy,'kɑpi,,v.复制；复印；抄袭 n.副本；一册；摹仿,初中
corner,'kɔrnɚ,,n.角落，拐角处；地区，偏僻处；困境，窘境 v.囤积；相交成角,初中
correct,kə'rɛkt,,v.改正；告诫 a.正确的；恰当的；端正的,初中
cotton,'kɑtn,,n.棉花；棉布；棉线 v.一致；理解；和谐；亲近 a.棉的；棉制的,初中
cough,kɔf,,n.咳嗽，咳嗽声；咳嗽病 v.咳出,初中
could,kʊd,,aux.能够 v.能（can的过去式）,初中
count,kaʊnt,,v.计算；认为 n.计数；计算；伯爵,初中
country,'kʌntri,,n.国家，国土；国民；乡下，农村；乡村；故乡 a.祖国的，故乡的；地方的，乡村的；国家的；粗鲁的；乡村音乐的,初中
countryside,'kʌntrɪsaɪd,,n.农村，乡下；乡下的全体居民,初中
couple,'kʌpl,,n.对；夫妇；数个 v.结合；成婚,初中
courage,'kɝrɪdʒ,,n.勇气；胆量,初中
course,kɔrs,,n.科目；课程；过程；进程；道路；路线，航向；一道菜 v.追赶；跑过,初中
cousin,'kʌzn,,n.堂兄弟姊妹；表兄弟姊妹,初中
cover,'kʌvɚ,,v.包括；采访，报导；涉及 n.封面，封皮；盖子；掩蔽物;幌子，借口,初中
cow,kaʊ,,n.奶牛，母牛；母兽 v.威胁，恐吓,初中
crayon,ˈkreɪən; ˈkreɪˌɑn,,n.蜡笔，有色粉笔 v.以蜡笔作画，用颜色粉笔画,初中
crazy,'krezi,,a.疯狂的；狂热的，着迷的,初中
create,krɪ'et,,v.创造，创作；造成,初中
cross,krɔs,,n.交叉，十字；十字架，十字形物 v.交叉；杂交；横过 a.交叉的，相反的；乖戾的；生气的,初中
cruel,'kruəl,,a.残酷的，残忍的；使人痛苦的，让人受难的；无情的，严酷的,初中
cry,kraɪ,,v.叫喊；哭出；大声说 n.叫喊；叫声；口号；呼叫,初中
culture,'kʌltʃɚ,,n.文化，文明；修养；栽培 v.[细胞][微] 培养（等于cultivate）,初中
cup,kʌp,,n.杯子；奖杯；酒杯 v.使成杯状；为…拔火罐,初中
daily,'delɪ,,a.日常的；每日的 n.日报；朝来夜去的女佣 ad.日常地；每日；天天,初中
dance,dæns,,n.舞蹈；舞会；舞曲 v.跳舞；跳跃；飘扬 a.舞蹈的；用于跳舞的,初中
danger,'dendʒɚ,,n.危险；危险物，威胁,初中
dangerous,'dendʒərəs,,a.危险的,初中
dare,dɛr,,n.挑战；挑动 v.敢冒；不惧,初中
dark,dɑrk,,a.黑暗的，深色的；模糊的；无知的；忧郁的 n.黑暗；夜；黄昏；模糊,初中
date,det,,n.日期；约会；年代；枣椰子 v.过时；注明日期；始于（某一历史时期）,初中
daughter,'dɔtɚ,,n.女儿；[遗][农学] 子代 a.女儿的；子代的,初中
day,de,,n.一天；时期；白昼 ad.每天；经常在白天地 a.日间的；逐日的,初中
dead,dɛd,,a.无生命的；呆板的；废弃了的 ad.完全地 n.死者,初中
deaf,dɛf,,a.聋的,初中
deal,dil,,v.处理；给予；分配；发牌 n.交易；（美）政策；待遇；份量,初中
dear,dɪr,,a.亲爱的；尊敬的；昂贵的 ad.高价地；疼爱地 int.哎呀 n.亲爱的人,初中
death,dɛθ,,n.死；死亡；死神；毁灭,初中
December,dɪ'sɛmbɚ,,n.十二月,初中
decide,dɪ'saɪd,,v.决定；解决；判决,初中
decision,dɪ'sɪʒn,,n.决定，决心；决议,初中
deep,dip,,n.深处；深渊 a.深的；低沉的；深奥的 ad.深入地；深深地；迟,初中
delicious,dɪ'lɪʃəs,,a.美味的；可口的,初中
dentist,'dɛntɪst,,n.牙科医生,初中
depend,dɪ'pɛnd,,v.依赖，依靠；取决于；相信，信赖,初中
describe,dɪ'skraɪb,,v.描述，形容；描绘,初中
develop,dɪ'vɛləp,,v.开发；进步；使成长；使显影,初中
development,dɪ'vɛləpmənt,,n.发展；开发；发育；住宅小区（专指由同一开发商开发的）；[摄] 显影,初中
dialogue,'daɪəlɑɡ,,n.对话；意见交换 vi.对话 vt.用对话表达,初中
diary,'daɪəri,,n.日志，日记；日记簿,初中
dictionary,'dɪkʃə'nɛri,,n.字典；词典,初中
die,daɪ,,v.死亡；凋零；熄灭 n.冲模，钢模；骰子,初中
difference,'dɪfrəns,,n.差异；不同；争执,初中
different,'dɪfrənt,,a.不同的；个别的，与众不同的,初中
difficult,'dɪfɪkəlt,,a.困难的；不随和的；执拗的,初中
difficulty,'dɪfɪkəlti,,n.困难，困境,初中
dinner,'dɪnɚ,,n.晚餐，晚宴；宴会；正餐,初中
direct,dɪˈrɛkt; daɪˈrɛkt,,a.直接的；直系的；亲身的；恰好的 v.管理；指挥；导演；指向 ad.直接地；正好；按直系关系,初中
dirty,ˈdɝ​tɪ,,a.下流的，卑鄙的；肮脏的；恶劣的；暗淡的 v.弄脏,初中
discover,dɪ'skʌvɚ,,v.发现；发觉,初中
discovery,dɪ'skʌvəri,,n.发现，发觉；被发现的事物,初中
discuss,dɪ'skʌs,,v.讨论；论述，辩论,初中
discussion,dɪ'skʌʃən,,n.讨论，议论,初中
disease,dɪ'ziz,,n.病，[医] 疾病；弊病 vt.传染；使…有病,初中
dish,dɪʃ,,n.盘；餐具；一盘食物；外貌有吸引力的人 v.盛于碟盘中；分发；使某人的希望破灭；说（某人）的闲话,初中
dismiss,dɪs'mɪs,,v.解散；解雇；开除；让离开；不予理会、不予考虑,初中
disturb,dɪ'stɝb,,v.打扰；妨碍；使不安；弄乱；使恼怒,初中
divide,dɪ'vaɪd,,v.划分；除；分开；使产生分歧 n.[地理] 分水岭，分水线,初中
doctor,'dɑktɚ,,v.修理；篡改，伪造；为…治病；授以博士学位 n.医生；博士,初中
dog,dɔɡ,,n.狗；丑女人；卑鄙的人；(俚)朋友 v.跟踪；尾随,初中
doll,dɑl,,n.洋娃娃；玩偶；无头脑的美丽女人 v.把…打扮得花枝招展,初中
dollar,'dɑlɚ,,n.美元,初中
door,dɔr,,n.门；家，户；门口；通道,初中
double,'dʌbl,,n.两倍；双精度型 a.双重的；两倍的 v.加倍，加倍努力；快步走 ad.双重地；两倍地；弓身地,初中
doubt,daʊt,,n.怀疑；疑问；疑惑 v.怀疑；不信；恐怕；拿不准,初中
down,daʊn,,ad.向下，下去；在下面 a.向下的 n.软毛，绒毛；[地质] 开阔的高地 prep.沿着，往下 v.打倒，击败,初中
downstairs,'daʊn'stɛrz,,ad.在楼下 a.楼下的 n.楼下,初中
dozen,'dʌzn,,n.十二个，一打 a.一打的,初中
drawer,drɔr,,n.抽屉；开票人；出票人；起草者；酒馆侍,初中
dress,drɛs,,v.给…穿衣 n.连衣裙；女装,初中
driver,'draɪvɚ,,n.驾驶员；驱动程序；起子；传动器,初中
drop,drɑp,,v.滴；使降低；使终止；随口漏出 n.滴；落下；空投；微量；滴剂,初中
drug,drʌg,,n.药；毒品；麻醉药；滞销货 v.使服麻醉药；使服毒品；掺麻醉药于,初中
drum,drʌm,,v.击鼓；大力争取 n.鼓；鼓声,初中
dry,draɪ,,a.干的；口渴的；枯燥无味的；禁酒的 v.把…弄干 n.干涸,初中
duck,dʌk,,n.鸭子；鸭肉；（英）宝贝儿；零分 v.闪避；没入水中,初中
dumpling,'dʌmplɪŋ,,n.饺子，汤团；面团布丁,初中
during,'dʊrɪŋ,,prep.在…的时候，在…的期间 n.(During)人名；(法)迪兰；(瑞典、利比)杜林,初中
duty,'dʊti,,n.责任；[税收] 关税；职务,初中
each,itʃ,,a.每；各自的 ad.每个；各自 pron.每个；各自,初中
ear,ɪr,,n.耳朵；穗；听觉；倾听 vi.（美俚）听见；抽穗,初中
early,'ɝli,,a.早期的；早熟的 ad.提早；在初期 n.(Early)人名；(英)厄尔利,初中
earth,ɝθ,,n.地球；地表，陆地；土地，土壤；尘事，俗事；兽穴 v.把（电线）[电] 接地；盖（土）；追赶入洞穴,初中
east,ist,,n.东方；东风；东方国家 a.东方的；向东的；从东方来的 ad.向东方，在东方,初中
easy,'izi,,a.容易的；舒适的 ad.不费力地，从容地 vi.停止划桨 vt.发出停划命令,初中
edge,ɛdʒ,,n.边缘；优势；刀刃；锋利 v.使锐利；将…开刃；给…加上边,初中
education,",ɛdʒu'keʃən",,n.教育；培养；教育学,初中
effort,'ɛfɚt,,n.努力；成就,初中
egg,ɛɡ,,n.蛋；卵子；家伙；鸡蛋 v.煽动；怂恿,初中
eight,et,,num.八；八个；第八 a.八的 n.八字形,初中
eighteen,",e'tin",,n.十八，十八个 a.十八个的，十八的 num.十八,初中
eighth,etθ,,a.第八的；八分之一的 num.第八；八分之一,初中
eighty,ˈeti,,n.八十；八十岁；八十年代 a.八十的，八十个的；八十岁的 num.八十,初中
either,'iðɚ,,a.两者之中任一的；两者之中每一的 prep.任何一个 conj.也（用于否定句或否定词组后）；根本 pron.任一，两方，随便哪一个；两者中的一个或另一个,初中
elder,'ɛldɚ,,n.老人；长辈；年长者；父辈 a.年长的；年龄较大的；资格老的,初中
electric,ɪ'lɛktrɪk,,a.电的；电动的；发电的；导电的；令人震惊的 n.电；电气车辆；带电体,初中
elephant,'ɛlɪfənt,,n.象；大号图画纸,初中
eleven,ɪ'lɛvn,,n.十一；十一个 a.十一的；十一个的 num.十一；十一个,初中
else,ɛls,,ad.其他；否则；另外 a.别的；其他的 n.(Else)人名；(英)埃尔斯；(德)埃尔泽；(芬、丹)埃尔塞,初中
empty,ˈɛmptɪ,,a.空的；无意义的；无知的；徒劳的 v.使失去；使…成为空的 n.空车；空的东西,初中
encourage,ɪn'kɝrɪdʒ,,v.鼓励，怂恿；激励；支持,初中
end,ɛnd,,n.结束；目标；尽头；末端；死亡 v.结束，终止；终结,初中
enemy,'ɛnəmi,,n.敌人，仇敌；敌军 a.敌人的，敌方的,初中
energy,'ɛnɚdʒi,,n.[物] 能量；精力；活力；精神,初中
engineer,",ɛndʒɪ'nɪr",,n.工程师；工兵；火车司机 v.设计；策划；精明地处理,初中
England,'iŋɡlənd,,n.英格兰,初中
English,ɪŋɡlɪʃ,,a.英国人的；英国的；英文的 n.英语；英国人；英文；英格兰人 vt.把…译成英语,初中
enjoy,ɪn'dʒɔɪ,,v.欣赏，享受；喜爱；使过得快活,初中
enough,ɪ'nʌf,,ad.足够地，充足地 n.很多；充足 a.充足的 int.够了！,初中
enter,'ɛntɚ,,v.进入；开始；参加 n.[计] 输入；回车,初中
environment,ɪn'vaɪrənmənt,,n.环境，外界,初中
eraser,ɪ'resɚ,,n.橡皮；擦除器；[计] 清除器,初中
especially,ɪ'spɛʃəli,,ad.特别；尤其；格外,初中
Europe,'jʊrəp,,n.欧洲,初中
European,'jʊrə'piən,,a.欧洲的；欧洲人的 n.欧洲人,初中
even,'ivən,,a.[数] 偶数的；平坦的；相等的 ad.甚至；即使；还；实际上 v.使平坦；使相等 n.(Even)人名；(法)埃旺；(德)埃文；(英)埃文,初中
evening,'ivnɪŋ,,n.晚上；傍晚；（联欢性的）晚会；后期 a.在晚上的；为晚上的；晚上用的 int.晚上好（等于good evening）,初中
ever,'ɛvɚ,,ad.永远；曾经；究竟 n.(Ever)人名；(英)埃弗；(俄)叶韦尔；(西、法)埃韦尔,初中
every,'ɛvri,,a.每一的，每个的；每隔…的 n.(Every)人名；(英)埃夫里,初中
everybody,'ɛvrɪbɑdi,,pron.每个人；人人,初中
everyday,'ɛvrɪde,,a.每天的，日常的 n.平时；寻常日子,初中
everyone,'ɛvrɪwʌn,,pron.每个人；人人 n.每个人,初中
everything,'ɛvrɪ'θɪŋ,,pron.每件事物；最重要的东西；（有关的）一切；万事,初中
everywhere,'ɛvrɪwɛr,,ad.到处 n.每个地方,初中
examine,ɪg'zæmɪn,,v.检查；调查； 检测；考试,初中
example,ɪg'zæmpl,,n.例子；榜样 vt.作为…的例子；为…做出榜样 vi.举例,初中
excellent,'ɛksələnt,,a.卓越的；极好的；杰出的,初中
except,ɪk'sɛpt,,v.不计；把…除外 prep.除…之外 conj.除了；要不是,初中
excite,ɪk'saɪt,,v.激起；刺激…，使…兴奋,初中
excuse,ɪk'skjʊs,,n.借口；理由 v.原谅；为…申辩；给…免去,初中
exercise,'ɛksɚsaɪz,,n.运动；练习；运用；操练；礼拜；典礼 v.锻炼；练习；使用；使忙碌；使惊恐,初中
expect,ɪk'spɛkt,,v.期望；指望；认为；预料,初中
expensive,ɪk'spɛnsɪv,,a.昂贵的；花钱的,初中
experience,ɪk'spɪrɪəns,,n.经验；经历；体验 v.经验；经历；体验,初中
experiment,ɪk'sperɪmənt,,v.尝试；进行实验 n.实验，试验；尝试,初中
explain,ɪk'splen,,v.说明；解释,初中
express,ɪk'sprɛs,,v.表达；快递 a.明确的；迅速的；专门的 n.快车，快递，专使；捷运公司,初中
eye,aɪ,,n.眼睛；视力；眼光；见解，观点 v.注视，看,初中
face,fes,,n.脸；表面；面子；面容；外观；威信 v.向；朝,初中
fact,fækt,,n.事实；实际；真相,初中
factory,'fæktri,,n.工厂；制造厂；代理店,初中
fail,fel,,v.失败，不及格；破产；缺乏；衰退 n.不及格,初中
fair,fɛr,,a.公平的；美丽的，白皙的；[气象] 晴朗的 ad.公平地；直接地；清楚地 v.转晴 n.展览会；市集；美人,初中
family,'fæməli,,n.家庭；亲属；家族；子女；[生]科；语族；[化]族 a.家庭的；家族的；适合于全家的,初中
famous,'feməs,,a.著名的；极好的，非常令人满意的,初中
fan,fæn,,v.煽动；刺激；吹拂 n.迷；风扇；爱好者,初中
fantastic,fæn'tæstɪk,,a.奇异的；空想的；异想天开的；古怪的；极好的，极出色的；不可思议的；不切实际的 n.古怪的人,初中
farm,fɑrm,,v.种田，务农；经营农场 n.农场；农家；畜牧场,初中
farmer,'fɑmɚ,,n.农夫，农民,初中
fast,fæst,,a.快速的，迅速的；紧的，稳固的 ad.迅速地；紧紧地；彻底地 v.禁食，斋戒 n.斋戒；绝食,初中
fat,fæt,,a.肥的，胖的；油腻的；丰满的 n.脂肪，肥肉 v.养肥；在…中加入脂肪,初中
father,'fɑðɚ,,n.父亲，爸爸；神父；祖先；前辈 v.发明，创立；当…的父亲,初中
fear,fɪr,,n.害怕；恐惧；敬畏；担心 v.害怕；敬畏；为…担心,初中
February,'fɛbrʊ'ɛri,,n.二月,初中
feeling,'filɪŋ,,n.感觉，触觉；感情，情绪；同情 a.有感觉的；有同情心的；富于感情的 v.感觉；认为（feel的现在分词）；触摸,初中
festival,ˈfɛstəvəl,,n.节日；庆祝，纪念活动；欢乐 a.节日的，喜庆的；快乐的,初中
fetch,fɛtʃ,,v.取来；接来；到达；吸引 n.取得；诡计,初中
fever,'fivɚ,,n.发烧，发热；狂热 vt.使发烧；使狂热；使患热病 vi.发烧；狂热；患热病,初中
few,fju,,a.很少的；几乎没有的 pron.很少 n.很少数,初中
field,fild,,n.领域；牧场；旷野；战场；运动场 v.担任场外队员 a.扫描场；田赛的；野生的,初中
fifteen,",fɪf'tin",,n.十五；十五个；十五人组成的橄榄球队 a.十五的 num.十五,初中
fifth,fɪfθ,,a.第五的；五分之一的 n.第五；五分之一 num.第五,初中
fifty,'fɪfti,,n.五十；五十个；编号为50的东西 a.五十的；五十个的；众多的,初中
fill,fɪl,,v.装满，使充满；满足；堵塞；任职 n.满足；填满的量；装填物,初中
film,fɪlm,,n.电影；薄膜；胶卷；轻烟 v.在…上覆以薄膜；把…拍成电影,初中
final,'faɪnl,,a.最终的；决定性的；不可更改的 n.决赛；期末考试；当日报纸的末版,初中
fine,faɪn,,a.好的；优良的；细小的，精美的；健康的；晴朗的 n.罚款 v.罚款；澄清 ad.很好地；精巧地,初中
finger,'fɪŋɡɚ,,n.手指；指针，指状物 v.伸出；用手指拨弄,初中
finish,'fɪnɪʃ,,v.完成；结束；用完 n.结束；完美；回味（葡萄酒）,初中
fire,faɪr,,n.火；火灾；炮火；炉火；热情；激情；磨难 v.点燃；解雇；开除；使发光；烧制；激动；放枪,初中
first,fɝst,,ad.第一；首先；优先；宁愿 n.第一；开始；冠军 a.第一的；基本的；最早的 num.第一,初中
fish,fɪʃ,,v.捕鱼，钓鱼；用钩捞取 n.鱼，鱼类,初中
fisherman,'fɪʃɚmən,,n.渔夫；渔人,初中
fit,fɪt,,v.安装；使……适应；使……合身；与……相符 a.健康的；合适的；恰当的；准备好的 n.合身；发作；痉挛,初中
five,faɪv,,n.五，五个；五美元钞票 num.五，五个 a.五的；五个的,初中
fix,fɪks,,v.使固定；修理；安装；准备 n.困境；方位；贿赂,初中
flag,flæg,,v.标记；衰退；枯萎 n.标志；旗子,初中
flat,flæt,,a.平的；单调的；不景气的；干脆的；平坦的；扁平的；浅的 ad.（尤指贴着另一表面）平直地；断然地；水平地；直接地，完全地 n.平地；公寓；平面 vt.使变平；[音乐]使（音调）下降，尤指降半音 vi.逐渐变平；[音乐]以降调唱（或奏）,初中
floor,flɔr,,n.地板，地面；楼层；基底；议员席 v.铺地板；打倒，击倒；（被困难）难倒,初中
flower,'flaʊɚ,,n.花；精华；开花植物 v.成熟，发育；开花；繁荣；旺盛,初中
flu,flu,,n.流感,初中
fly,flaɪ,,v.飞；驾驶飞机；飘扬 n.飞行；苍蝇；两翼昆虫 a.敏捷的,初中
follow,'fɑlo,,v.跟随；遵循；追求；密切注意，注视；注意；倾听 n.跟随；追随,初中
food,fud,,n.食物；养料,初中
football,'fʊtbɔl,,n.足球，橄榄球 vi.踢足球；打橄榄球,初中
for,fɚ; strong form fɔr,,prep.为，为了；因为；给；对于；至于；适合于 conj.因为,初中
force,fɔrs,,n.力量；武力；军队；魄力 v.促使，推动；强迫；强加,初中
foreign,'fɔrən,,a.外国的；外交的；异质的；不相关的,初中
foreigner,'fɔrənɚ,,n.外地人，外国人,初中
forest,'fɔrɪst,,v.植树于，使成为森林 n.森林,初中
fork,fɔrk,,n.叉；餐叉；耙 v.叉起；使成叉状,初中
form,fɔrm,,n.形式，形状；形态，外形；方式；表格 v.构成，组成；排列，组织；产生，塑造,初中
forty,'fɔrti,,n.四十 a.四十的；四十个的,初中
forward,'fɔrwɚd,,a.向前的；早的；迅速的 ad.向前地；向将来 v.促进；转寄；运送 n.前锋,初中
four,fɔr,,num.四；四个 a.四的；四个的 n.(Four)人名；(西)福尔；(法)富尔,初中
fourteen,",fɔr'tin",,num.十四；十四个；第十四 n.十四的记号；十四岁；十四点钟；十五世纪,初中
fourth,fɔrθ,,a.第四的，第四个的；四分之一的 n.第四，月的第四日；四分之一 num.第四,初中
fox,fɑks,,v.欺骗；使变酸 n.狐狸；狡猾的人,初中
free,fri,,a.免费的；自由的，不受约束的；[化学] 游离的 v.使自由，解放；释放 ad.自由地；免费 n.(Free)人名；(英)弗里,初中
fresh,frɛʃ,,a.新鲜的；清新的；淡水的；无经验的 n.开始；新生；泛滥 ad.刚刚，才；最新地,初中
Friday,"'fraɪdeɪ; (occas.,) ˈfraɪdi",,n.星期五,初中
fridge,frɪdʒ,,n.电冰箱,初中
friend,frɛnd,,n.朋友；助手；赞助者,初中
friendly,'frɛndli,,a.友好的；亲切的；支持的；融洽的，和睦的 ad.友善地；温和地 n.(Friendly)人名；(英)弗兰德利,初中
friendship,'frɛndʃɪp,,n.友谊；友爱；友善,初中
frog,frɔɡ,,n.青蛙；[铁路] 辙叉；饰扣 v.捕蛙,初中
front,frʌnt,,n.前面；正面；前线 v.面对；朝向；对付 a.前面的；正面的 ad.在前面；向前,初中
fruit,frut,,n.水果；产物 v.结果实,初中
full,fʊl,,a.完全的，完整的；满的，充满的；丰富的；完美的；丰满的；详尽的 ad.十分，非常；完全地；整整 v.把衣服缝得宽大 n.全部；完整,初中
fun,fʌn,,n.乐趣；玩笑；有趣的人或事 a.供娱乐用的 vi.开玩笑,初中
funny,'fʌni,,a.有趣的，好笑的，滑稽的；（口）稀奇的，古怪的，奇异的；有病的，不舒服的；狡猾的，欺骗（性）的，可疑的，不光明 n.滑稽人物；笑话，有趣的故事；滑稽连环漫画栏；（英）（比赛用）单人双桨小艇,初中
future,'fjʊtʃɚ,,n.未来；前途；期货；将来时 a.将来的，未来的,初中
game,ɡem,,n.游戏；比赛 a.勇敢的 v.赌博,初中
garden,'ɡɑrdn,,n.花园；菜园 v.栽培花木,初中
gate,ɡet,,n.大门；出入口；门道 v.给…装大门,初中
general,'dʒɛnrəl,,a.一般的，普通的；综合的；大体的 n.一般；将军，上将；常规,初中
gentleman,'dʒɛntlmən,,n.先生；绅士；有身份的人,初中
geography,dʒɪ'ɑɡrəfi,,n.地理；地形,初中
gift,ɡɪft,,n.礼物；天赋；赠品 v.赋予；向…赠送,初中
giraffe,dʒə'ræf,,n.长颈鹿,初中
girl,ɡɝl,,n.女孩；姑娘，未婚女子；女职员，女演员；（男人的）女朋友,初中
glad,ɡlæd,,a.高兴的；乐意的；令人高兴的；灿烂美丽的 vt.使高兴 n.(Glad)人名；(塞、瑞典)格拉德；(英)格莱德；(法、挪)格拉,初中
glass,ɡlæs,,n.玻璃；玻璃制品；镜子 v.反映；给某物加玻璃,初中
glove,ɡlʌv,,n.手套 vt.给…戴手套,初中
goat,ɡot,,n.山羊；替罪羊（美俚）；色鬼（美俚）,初中
god,ɡɑd,,n.神；（大写首字母时）上帝 vt.膜拜，崇拜,初中
goal,ɡol,,n.目标；球门，得分数；终点 vi.攻门，射门得分,初中
gold,ɡold,,n.金，黄金；金色；金币 a.金的，金制的；金色的,初中
golden,'ɡoldən,,a.金色的，黄金般的；珍贵的；金制的 n.(Golden)人名；(英、法、罗、德、瑞典)戈尔登,初中
government,'ɡʌvɚnmənt,,n.政府；政体；管辖,初中
grade,ɡred,,n.年级；等级；成绩；级别；阶段 v.评分；把…分等级,初中
grammar,'græmɚ,,n.语法；语法书,初中
grandchild,'ɡræntʃaɪld,,n.孙子；孙女；外孙；外孙女,初中
granddaughter,'ɡrændɔtɚ,,n.孙女；外孙女,初中
grandparent,'græn'pɛrənt,,n.祖父母；祖父或祖母；外祖父母；外祖父或外祖母,初中
grandson,'ɡrænsʌn,,n.孙子；外孙,初中
granny,'ɡræni,,n.奶奶；外婆；婆婆妈妈的人,初中
grape,ɡrep,,n.葡萄；葡萄酒；葡萄树；葡萄色,初中
grass,ɡræs,,n.草；草地，草坪 v.放牧；使……长满草；使……吃草,初中
great,ɡret,,a.伟大的，重大的；极好的，好的；主要的 n.大师；大人物；伟人们,初中
green,ɡrin,,a.绿色的；青春的 n.绿色；青春 v.使…变绿色,初中
greeting,'ɡritɪŋ,,n.问候，招呼；祝贺 v.致敬，欢迎（greet的现在分词）,初中
ground,ɡraʊnd,,n.地面；土地；范围；战场;根据 v.使接触地面；打基础；使搁浅 a.土地的；地面上的；磨碎的；磨过的,初中
group,ɡrup,,n.组；团体 a.群的；团体的 v.聚合,初中
guard,ɡɑrd,,n.守卫；警戒；护卫队；防护装置 v.警惕,初中
guess,ɡɛs,,v.猜测；认为；推测；猜中 n.猜测；推测,初中
guest,ɡɛst,,n.客人，宾客；顾客 v.款待，招待 a.客人的；特邀的，客座的,初中
gun,ɡʌn,,n.枪支；枪状物；持枪歹徒 v.用枪射击；加大油门快速前进,初中
gym,dʒɪm,,n.健身房；体育；体育馆,初中
hair,hɛr,,n.头发；毛发；些微 vt.除去…的毛发 vi.生长毛发；形成毛状纤维 a.毛发的；护理毛发的；用毛发制成的,初中
half,hæf,,n.一半；半场；半学年 ad.一半地；部分地 a.一半的；不完全的；半途的,初中
hall,hɔl,,n.过道，门厅，走廊；会堂；食堂；学生宿舍；大厅，前厅；娱乐中心，会所,初中
ham,hæm,,n.火腿；业余无线电爱好者；蹩脚演员 v.表演过火 a.过火的；做作的,初中
hamburger,hæmbɝ​ɡɚ,,n.汉堡包，火腿汉堡；牛肉饼，肉饼；碎牛肉,初中
hand,hænd,,n.手，手艺；帮助；指针；插手 v.传递，交给；支持；搀扶,初中
handbag,'hænd'bæg,,n.手提包,初中
handsome,'hænsəm,,a.（男子）英俊的；可观的；大方的，慷慨的；健美而端庄的,初中
happen,'hæpən,,v.发生；碰巧；偶然遇到,初中
happy,'hæpɪ,,a.幸福的；高兴的；巧妙的 n.(Happy)人名；(英、瑞典、喀)哈皮,初中
hard,hɑrd,,a.努力的；硬的；困难的；辛苦的；确实的；严厉的；猛烈的；冷酷无情的 ad.努力地；困难地；辛苦地；接近地；猛烈地；牢固地 n.(Hard)人名；(英、芬、瑞典)哈德,初中
hardly,'hɑrdli,,ad.几乎不，简直不；刚刚,初中
hat,hæt,,n.帽子 v.给……戴上帽子,初中
hate,het,,v.憎恨；厌恶；遗憾 n.憎恨；反感,初中
he,hi,,n.男孩，男人；它（雄性动物） pron.他,初中
head,hɛd,,n.头；头痛；上端；最前的部分；理解力 v.前进；用头顶；作为…的首领；站在…的前头；给…加标题 a.头的；主要的；在顶端的,初中
health,hɛlθ,,n.健康；卫生；保健；兴旺,初中
healthy,'hɛlθi,,a.健康的，健全的；有益于健康的,初中
heart,hɑrt,,n.心脏；感情；勇气；心形；要点 vt.鼓励；铭记 vi.结心,初中
heat,hit,,n.高温；压力；热度；热烈 v.使激动；把…加热,初中
heaven,'hɛvn,,n.天堂；天空；极乐,初中
heavy,'hɛvi,,a.沉重的；繁重的，巨大的；拥挤的；阴沉的 n.重物；严肃角色 ad.大量地；笨重地,初中
height,haɪt,,n.高地；高度；身高；顶点,初中
help,hɛlp,,v.帮助；促进；治疗；补救 n.帮助；补救办法；帮忙者；有益的东西,初中
helpful,'hɛlpfl,,a.有帮助的；有益的,初中
hen,hɛn,,n.母鸡；女人；雌禽,初中
her,hɚ,,pron.她（she的宾格）；她的（she的所有格）；她（指某个国家；一艘船） n.（法）埃尔（人名）,初中
hers,hɝz,,pron.她的（所有格） n.(Hers)人名；(法)埃尔,初中
here,hɪr,,ad.在这里；此时 int.嘿！；喂！ n.这里,初中
herself,hɝ'sɛlf,,pron.她自己（she的反身代词）；她亲自,初中
high,haɪ,,a.高的；高级的；崇高的；高音调的 n.高水平；天空；由麻醉品引起的快感；高压地带 ad.高；奢侈地,初中
hill,hɪl,,n.小山；丘陵；斜坡；山冈,初中
him,hɪm,,pron.他（宾格） n.(Him)人名；(东南亚国家华语)欣；(柬)亨；(中)谦(广东话·威妥玛),初中
himself,hɪm'sɛlf,,pron.他自己；他亲自，他本人,初中
his,hɪz,,pron.他的 n.(His)人名；(法)伊斯,初中
history,ˈhɪstəri; ˈhɪstri,,n.历史，历史学；历史记录；来历,初中
hobby,'hɑbi,,n.嗜好；业余爱好,初中
holiday,'hɑləde,,n.假日；节日；休息日 v.外出度假,初中
home,hom,,n.家，住宅；产地；家乡；避难所 ad.在家，回家；深入地 a.国内的，家庭的；有效的 v.归巢，回家,初中
hometown,'homtaʊn,,n.家乡；故乡,初中
homework,'hom'wɝk,,n.家庭作业，课外作业,初中
honest,'ɑnɪst,,a.诚实的，实在的；可靠的；坦率的,初中
hope,hop,,n.希望；期望；信心 v.希望；期望,初中
horse,hɔrs,,n.马；骑兵；脚架；海洛因 v.使骑马；系马于；捉弄,初中
hospital,'hɑspɪtl,,n.医院,初中
hot,hɑt,,a.热的；辣的；热情的；激动的；紧迫的 ad.热；紧迫地 v.变热 n.(Hot)人名；(塞)霍特；(法)奥特,初中
hotel,ho'tɛl,,n.旅馆，饭店；客栈 vt.使…在饭店下榻 vi.进行旅馆式办公,初中
hour,'aʊɚ,,n.小时；钟头；课时；…点钟,初中
house,haʊs,,n.住宅；家庭；机构；议会；某种用途的建筑物 v.覆盖；给…房子住；把…储藏在房内,初中
housework,'haʊs'wɝk,,n.家务事,初中
how,haʊ,,ad.如何；多少；多么 n.方法；方式 conj.如何,初中
however,haʊ'ɛvɚ,,ad.无论如何；不管怎样（接副词或形容词）；然而；可是 conj.无论以何种方式; 不管怎样,初中
huge,hjudʒ,,a.巨大的；庞大的；无限的 n.(Huge)人名；(英)休奇,初中
human,'hjumən,,a.人的；人类的 n.人；人类,初中
hundred,'hʌndrəd,,n.一百；许多 a.一百的；许多的 num.百；百个,初中
hungry,'hʌŋɡri,,a.饥饿的；渴望的；荒年的；不毛的,初中
hurry,'hɝrɪ,,n.匆忙，急忙 v.仓促（做某事）；催促；（朝某方向）迅速移动；迅速处理,初中
husband,'hʌzbənd,,v.节约地使用（或管理） n.丈夫,初中
I,aɪ,,pron.我 n.碘元素；英语字母I,初中
ice,aɪs,,n.冰；冰淇淋；矜持；（俚）钻石 v.冰镇；结冰 a.冰的,初中
idea,aɪ'diə,,n.想法；主意；概念,初中
if,ɪf,,conj.（表条件）如果；即使；是否；（表假设）假如 n.条件；设想,初中
ill,ɪl,,a.生病的；坏的；邪恶的；不吉利的 ad.不利地；恶劣地；几乎不 n.疾病；不幸,初中
illness,'ɪlnəs,,n.病；疾病,初中
imagine,ɪ'mædʒɪn,,v.想像；猜想；臆断,初中
immediately,ɪ'midɪətli,,ad.立即，立刻；直接地 conj.一…就,初中
important,ɪm'pɔrtnt,,a.重要的，重大的；有地位的；有权力的,初中
improve,ɪm'pruv,,v.改善，增进；提高…的价值,初中
in,ɪn,,prep.按照（表示方式）；从事于；在…之内 ad.进入；当选；（服装等）时髦；在屋里 a.在里面的；时髦的 n.执政者；门路；知情者,初中
inch,ɪntʃ,,n.英寸；身高；少许 v.使缓慢地移动,初中
include,ɪn'klud,,v.包含，包括,初中
increase,'ɪnkris,,n.增加，增长；提高 v.增加，增大；繁殖,初中
India,'ɪndɪə,,n.印度（南亚国家）,初中
Indian,'ɪndɪən,,a.印度的；印第安人的；印第安语的 n.印度人；印第安人；印第安语,初中
industry,'ɪndəstri,,n.产业；工业；勤勉,初中
influence,'ɪnfluəns,,n.影响；势力；感化；有影响的人或事 v.影响；改变,初中
information,'ɪnfɚ'meʃən,,n.信息，资料；知识；情报；通知,初中
ink,ɪŋk,,v.签署；涂墨水于 n.墨水，墨汁；油墨,初中
inside,'ɪn'saɪd,,n.里面；内部；内情；内脏 a.里面的；内部的；秘密的 ad.在里面 prep.少于；在…之内,初中
insist,ɪn'sɪst,,v.坚持，强调,初中
instead,ɪn'stɛd,,ad.代替；反而；相反,初中
instruction,ɪn'strʌkʃən,,n.指令，命令；指示；教导；用法说明,初中
intention,ɪn'tɛnʃən,,n.意图；目的；意向；愈合,初中
interest,'ɪntrəst,,n.兴趣，爱好；利息；趣味；同行 v.使……感兴趣；引起……的关心；使……参与,初中
interesting,'ɪntrəstɪŋ,,a.有趣的；引起兴趣的，令人关注的,初中
international,",ɪntɚ'næʃnəl",,n.国际组织；国际体育比赛；外国居留者；国际股票 a.国际的；两国（或以上）国家的；超越国界的；国际关系的；世界的,初中
Internet,'ɪntɚnɛt,,n.因特网,初中
interview,'ɪntɚvju,,n.接见，采访；面试，面谈 v.采访；接见；对…进行面谈；对某人进行面试,初中
into,ˈɪntu,,prep.到…里；深入…之中；成为…状况；进入到…之内 n.(Into)人名；(芬、英)因托,初中
introduce,ˌɪntrə'dus,,v.介绍；引进；提出；采用,初中
introduction,",ɪntrə'dʌkʃən",,n.介绍；引进；采用；入门；传入,初中
invent,ɪn'vɛnt,,v.发明；创造；虚构,初中
invention,ɪn'vɛnʃən,,n.发明；发明物；虚构；发明才能,初中
invite,ɪn'vaɪt,,v.邀请，招待；招致 n.邀请,初中
iron,'aɪɚn,,n.熨斗；烙铁；坚强 v.熨；用铁铸成 a.铁的；残酷的；刚强的,初中
island,'aɪlənd,,n.岛；岛屿；安全岛；岛状物 a.岛的 vt.孤立；使成岛状,初中
it,aɪ ti,,pron.[指无生命的东西、动物、植物]它；这；那 abbr.信息技术information technology,初中
its,ɪts,,pron.它的 n.(Its)人名；(俄)伊茨,初中
itself,ɪt'sɛlf,,pron.它自己；它本身,初中
jacket,'dʒækɪt,,n.羽绒滑雪衫；西装短外套；短上衣，夹克；土豆皮；书籍的护封；文件套，公文夹 v.给…穿夹克；给…装护套；给…包上护封；〈口〉打,初中
January,'dʒænjʊ'ɛri,,n.一月,初中
Japan,dʒə'pæn,,n.日本（东亚国家名）,初中
Japanese,",dʒæpə'niz",,a.日本（人）的；日语的 n.日本人；日语,初中
jeans,dʒi:nz,,n.牛仔裤；工装裤,初中
job,dʒɒb,,n.工作；职业 v.承包；代客买卖,初中
join,dʒɔɪn,,v.参加；结合；连接 n.结合；连接；接合点,初中
joke,dʒok,,n.玩笑，笑话；笑柄 v.开…的玩笑,初中
joy,dʒɔɪ,,n.欢乐，快乐；乐趣；高兴 v.欣喜，欢喜,初中
juice,dʒus,,n.（水果）汁，液；果汁,初中
jump,dʒʌmp,,n.跳跃；暴涨；惊跳 v.跳跃；使跳跃；跳过；突升,初中
June,dʒun,,n.六月；琼（人名，来源于拉丁语，含义是“年轻气盛的六月”）,初中
just,dʒʌst,,ad.只是，仅仅；刚才，刚刚；正好，恰好；实在；刚要 a.公正的，合理的；正直的，正义的；正确的；公平的；应得的 n.(Just)人名；(英)贾斯特；(法)朱斯特；(德、匈、波、捷、挪)尤斯特；(西)胡斯特,初中
key,kiː,,n.（打字机等的）键；关键；钥匙 v.键入；锁上；调节…的音调；提供线索 a.关键的,初中
keyboard,'ki'bɔrd,,n.键盘 v.键入；用键盘式排字机排字,初中
kick,kɪk,,v.踢；反冲，朝后座 n.踢；反冲，后座力,初中
kid,kɪd,,n.小孩；小山羊 v.欺骗；取笑；戏弄 a.小山羊皮制的；较年幼的,初中
kill,kɪl,,v.杀死；扼杀；使终止；抵消 n.杀戮；屠杀 a.致命的；致死的,初中
kilo,'kilo,,n.千克,初中
kilometer,ˈkɪləˌmitɚ; kəˈlɑmətɚ,,n.[计量] 公里；[计量] 千米（等于kilometre）,初中
kind,kaɪnd,,n.种类；性质 a.和蔼的；宽容的；令人感激的,初中
king,kɪŋ,,n.国王；最有势力者；王棋 vi.统治；做国王 vt.立…为王 a.主要的，最重要的，最大的,初中
kiss,kɪs,,v.吻；（风等）轻拂 n.吻；轻拂,初中
kitchen,'kɪtʃɪn,,n.厨房；炊具；炊事人员,初中
kite,kaɪt,,n.风筝 v.使用空头支票；像风筝一样飞；轻快地移动,初中
knee,ni,,n.膝盖，膝 v.用膝盖碰,初中
knock,nɑk,,v.敲；打；敲击 n.敲；敲打；爆震声,初中
knowledge,'nɑlɪdʒ,,n.知识，学问；知道，认识；学科,初中
lab,læb,,n.实验室，研究室,初中
lady,'ledi,,n.女士，夫人；小姐；妻子,初中
lake,lek,,n.湖；深红色颜料；胭脂红 vt.（使）血球溶解 vi.（使）血球溶解,初中
lamb,læm,,n.羔羊，小羊；羔羊肉 v.生小羊，产羔羊,初中
lamp,læmp,,n.灯；照射器 vt.照亮 vi.发亮,初中
land,lænd,,n.国土；陆地；地面 v.使…登陆；使…陷于；将…卸下,初中
language,'læŋɡwɪdʒ,,n.语言；语言文字；表达能力,初中
large,lɑrdʒ,,a.大的；多数的；广博的 ad.大大地；夸大地 n.大,初中
last,læst,,n.末尾，最后；上个；鞋楦（做鞋的模型） a.最后的；最近的，最新的；仅剩的；最不可能…的 v.持续；维持，够用；持久 ad.最后地；上次，最近；最后一点,初中
late,let,,a.晚的；迟的；已故的；最近的 ad.晚；迟；最近；在晚期,初中
laugh,læf,,n.笑；引人发笑的事或人 v.笑,初中
law,lɔ,,n.法律；规律；法治；法学；诉讼；司法界 vi.起诉；控告 vt.控告；对…起诉,初中
lay,le,,v.躺下；产卵；搁放；放置；铺放；涂，敷 a.世俗的；外行的；没有经验的 n.位置；短诗；花纹方向；叙事诗；性伙伴,初中
lazy,'lezi,,a.懒惰的；懒洋洋的；怠惰的；慢吞吞的 n.(Lazy)人名；(德)拉齐,初中
lead,lid,,n.领导；铅；导线；榜样 v.领导；致使；引导；指挥 a.带头的；最重要的,初中
leader,'lidɚ,,n.领导者；首领；指挥者,初中
leaf,lif,,n.叶子；（书籍等的）一张；扇页 v.生叶；翻书页,初中
learn,lɝn,,v.学习；得知；认识到,初中
least,list,,a.最小的；最少的（little的最高级） ad.最小；最少 n.最小；最少,初中
left,lɛft,,a.左边的；左派的；剩下的 ad.在左面 n.左边；左派；激进分子 v.离开（leave的过去式）,初中
leg,lɛɡ,,n.腿；支柱,初中
lemonade,",lɛmə'ned",,n.柠檬水,初中
lesson,'lɛsn,,n.教训；课 vt.教训；上课,初中
letter,'lɛtɚ,,n.信；字母，文字；证书；文学，学问；字面意义 v.写字母于,初中
level,'lɛvl,,n.水平；标准；水平面 a.水平的；平坦的；同高的 v.瞄准；拉平；变得平坦,初中
library,laɪˌbrɛrɪ,,n.图书馆，藏书室；文库,初中
license,'laɪsns,,n.执照，许可证；特许 v.许可；特许；发许可证给,初中
lie,laɪ,,v.躺；说谎；位于；展现 n.谎言；位置,初中
lift,lɪft,,v.举起；提升；鼓舞；空运；抄袭 n.电梯；举起；起重机；搭车,初中
light,laɪt,,n.光；光线；灯；打火机；领悟；浅色；天窗 a.轻的；浅色的；明亮的；轻松的；容易的；清淡的 v.点着；变亮；着火 ad.轻地；清楚地；轻便地,初中
like,laɪk,,v.喜欢；想；愿意 prep.像；如同 a.同样的；相似的 n.爱好；同样的人或物 ad.可能 conj.好像,初中
line,laɪn,,n.路线，航线；排；绳 v.排成一行；划线于；以线条标示；使…起皱纹,初中
lion,'laɪən,,n.狮子；名人；勇猛的人；社交场合的名流,初中
list,lɪst,,n.[计] 列表；清单；目录 v.列于表上,初中
listen,'lɪsn,,v.听，倾听；听从，听信 n.听，倾听,初中
litter,'lɪtɚ,,n.垃圾；轿，担架；一窝（动物的幼崽）；凌乱 v.乱丢；给…垫褥草；把…弄得乱七八糟,初中
live,laɪv；lɪv,,a.活的；生动的；实况转播的；精力充沛的 v.经历；度过 n.(Live)人名；(法)利夫,初中
lively,'laɪvli,,a.活泼的；生动的；真实的；生气勃勃的 n.(Lively)人名；(英)莱夫利,初中
lock,lɑk,,v.锁，锁上；隐藏 n.锁；水闸；刹车,初中
London,ˈlʌndən,,n.伦敦,初中
lonely,'lonli,,a.寂寞的；偏僻的 n.孤独者,初中
long,lɔŋ,,n.长时间；[语] 长音节；（服装的）长尺寸；长裤 a.长的；过长的；做多头的；长时间的；冗长的，长音 v.渴望；热望 ad.长期地；始终,初中
look,lʊk,,v.看；期待；注意；面向；看上去像 n.看；样子；面容,初中
lot,lɑt,,n.份额；许多；命运；阄 ad.（与形容词和副词连用）很，非常；（与动词连用）非常 pron.大量，许多 v.分组，把…划分（常与out连用）；把（土地）划分成块,初中
loud,laʊd,,a.大声的，高声的；不断的；喧吵的 ad.大声地，高声地，响亮地 n.(Loud)人名；(英)劳德,初中
love,lʌv,,n.恋爱；亲爱的；酷爱；喜爱的事物；爱情，爱意；疼爱；热爱；爱人，所爱之物 v.爱，热爱；爱戴；赞美，称赞；喜爱；喜好；喜欢；爱慕,初中
lovely,'lʌvli,,a.可爱的；令人愉快的；爱恋的；秀丽的，优美的 n.美女；可爱的东西,初中
low,ləʊ,,a.低的，浅的；卑贱的；粗俗的；消沉的 ad.低声地；谦卑地，低下地 n.低；低价；低点；牛叫声 v.牛叫,初中
luck,lʌk,,n.运气；幸运；带来好运的东西 v.靠运气，走运；凑巧碰上,初中
lucky,'lʌki,,a.幸运的；侥幸的,初中
lunch,lʌntʃ,,n.午餐 v.吃午餐；供给午餐,初中
machine,mə'ʃin,,n.机械，机器；机构；机械般工作的人 v.用机器制造,初中
mad,mæd,,a.疯狂的；发疯的；愚蠢的；着迷的 n.狂怒,初中
madam,'mædəm,,n.夫人；女士；鸨母,初中
magazine,'mæɡəzin,,n.杂志；弹药库；胶卷盒,初中
magic,'mædʒɪk,,n.巫术；魔法；戏法 a.不可思议的；有魔力的；魔术的,初中
mail,mel,,n.邮件；邮政，邮递；盔甲 v.邮寄；给…穿盔甲,初中
main,meɪn,,n.主要部分，要点；体力；总管道 a.主要的，最重要的；全力的,初中
manage,'mænɪdʒ,,v.管理；经营；控制；设法,初中
manager,'mænɪdʒɚ,,n.经理；管理人员,初中
map,mæp,,v.映射；计划；绘制地图；确定基因在染色体中的位置 n.地图；示意图；染色体图,初中
March,mɑrtʃ,,n.三月,初中
mark,mɑːk,,n.标志；马克；符号；痕迹；分数 v.作记号,初中
market,'mɑrkɪt,,n.市场；行情；股票市场；市面；集市；销路；商店 v.在市场上出售,初中
marriage,'mærɪdʒ,,n.结婚；婚姻生活；密切结合，合并,初中
marry,'mæri,,v.嫁；娶；与……结婚 n.(Marry)人名；(阿拉伯)马雷；(法)马里,初中
master,'mæstɚ,,v.控制；精通；征服 n.硕士；主人；大师；教师 a.主人的；主要的；熟练的,初中
match,mætʃ,,v.使比赛；使相配；敌得过，比得上；相配；与…竞争 n.比赛，竞赛；匹配；对手；火柴,初中
math,mæθ,,n.数学（等于mathematics）,初中
may,me,,aux.可以，能够；可能，也许；祝，愿；会，能,初中
May,me,,n.五月,初中
maybe,'mebi,,ad.也许；可能；大概 n.可能性；不确定性,初中
me,mi,,pron.我（宾格） n.自我；极端自私的人；自我的一部分,初中
meal,mil,,n.一餐，一顿饭；膳食 vi.进餐,初中
meaning,'minɪŋ,,n.意义；含义；意图 a.意味深长的 v.意味；意思是（mean的ing形式）,初中
meat,mit,,n.肉，肉类（食用）,初中
medical,'mɛdɪkl,,a.医学的；药的；内科的 n.医生；体格检查,初中
medicine,'mɛdsn,,n.药；医学；内科；巫术 v.用药物治疗；给…用药,初中
meeting,'mitɪŋ,,n.会议；会见；集会；汇合点 v.会面；会合（meet的ing形式）,初中
member,'mɛmbɚ,,n.成员；会员；议员,初中
memory,'mɛməri,,n.记忆，记忆力；内存，[计] 存储器；回忆,初中
mend,mɛnd,,v.修理，修补；改善；修改 n.好转，改进；修补处,初中
mention,'mɛnʃən,,v.提到，谈到；提及，论及；说起 n.提及，说起,初中
menu,'mɛnju,,n.菜单,初中
message,'mɛsɪdʒ,,n.消息；差使；启示；预言；广告词 v.报信，报告；[通信] 报文,初中
metal,'mɛtl,,n.金属；合金 v.以金属覆盖 a.金属制的,初中
method,'mɛθəd,,n.方法；条理；类函数 a.使用体验派表演方法的,初中
middle,'mɪdl,,a.中间的，中部的；中级的，中等的 n.中间，中央；腰部,初中
mile,maɪl,,n.英里；一英里赛跑；较大的距离,初中
milk,mɪlk,,n.牛奶；乳状物 v.榨取；挤…的奶,初中
mind,maɪnd,,n.理智，精神；意见；智力；记忆力 v.介意；专心于；照料,初中
mine,maɪn,,n.矿，矿藏；矿山，矿井；地雷，水雷 v.开采，采掘；在…布雷 pron.我的,初中
minute,'mɪnɪt,,n.分，分钟；片刻，一会儿；备忘录，笔记；会议记录 v.将…记录下来 a.微小的，详细的 [maɪˈnjuːt; US -ˈnuːt; maɪˋnut],初中
mirror,'mɪrɚ,,n.镜子；真实的写照；榜样 v.反射；反映,初中
miss,mɪs,,n.女士，小姐，年轻未婚女子,初中
Miss,,,n.女士，小姐，年轻未婚女子,初中
model,'mɑdl,,n.模型；典型；模范；模特儿；样式 v.模拟；塑造；模仿 a.模范的；作模型用的,初中
modern,'mɑdɚn,,a.现代的，近代的；时髦的 n.现代人；有思想的人,初中
moment,'momənt,,n.片刻，瞬间，时刻；重要，契机,初中
Monday,ˈmʌnde; ˈmʌndɪ,,n.星期一,初中
money,'mʌni,,n.钱；货币；财富,初中
monitor,'mɔnɪtɚ,,n.监视器；监听器；监控器；显示屏；班长 v.监控,初中
monkey,'mʌŋki,,n.猴子；顽童 v.胡闹；捣蛋,初中
month,mʌnθ,,n.月，一个月的时间,初中
moon,mun,,n.月亮；月球；月光；卫星 v.闲荡；出神,初中
morning,'mɔrnɪŋ,,n.早晨；黎明；初期,初中
mother,'mʌðɚ,,n.母亲；大娘；女修道院院长 v.生下；养育；像母亲般关怀或照管 a.母亲的；出生地的,初中
motorcycle,'motɚ'saɪkl,,n.摩托车；机动车 v.骑摩托车,初中
mountain,ˈmaʊntn,,n.山；山脉,初中
mouth,maʊθ,,n.口，嘴；河口 v.做作地说，装腔作势地说；喃喃地说出,初中
move,muv,,n.移动；步骤；迁居；策略 v.移动；搬家，迁移；离开,初中
movie,'muvi,,n.电影；电影院；电影业 a.电影的,初中
murder,'mɝdɚ,,v.谋杀，凶杀 n.谋杀，凶杀,初中
museum,mju'ziəm,,n.博物馆,初中
music,'mjuzɪk,,n.音乐，乐曲,初中
must,mʌst,,aux.必须，一定；可以，应当；很可能 n.绝对必要的事物；未发酵葡萄汁,初中
my,maɪ,,pron.我的 int.哎呀（表示惊奇等）；喔唷 n.(My)人名；(越)美；(老、柬)米,初中
myself,maɪ'sɛlf,,pron.我自己；我亲自；我的正常的健康状况和正常情绪,初中
name,nem,,n.名称，名字；姓名；名誉 v.命名，任命；指定；称呼；提名；叫出 a.姓名的；据以取名的,初中
national,'næʃnəl,,a.国家的；国民的；民族的；国立的 n.国民,初中
natural,'nætʃrəl,,a.自然的；物质的；天生的；不做作的 n.自然的事情；白痴；本位音,初中
nature,'netʃɚ,,n.自然；性质；本性；种类,初中
near,nɪr,,a.近的；亲近的；近似的 ad.近；接近 prep.靠近；近似于,初中
nearly,'nɪrli,,ad.差不多，几乎；密切地,初中
necessary,ˈnɛsəˌsɛri,,a.必要的；必需的；必然的 n.必需品,初中
neck,nɛk,,n.脖子；衣领；海峡 v.搂著脖子亲吻；变狭窄,初中
need,nid,,n.需要，要求；缺乏；必要之物 v.需要,初中
neither,ˈniðɚ; ˈnaɪðɚ,,conj.也不；既不 ad.两个都不；既不……也不 a.两者都不的 pron.两者都不,初中
nervous,'nɝvəs,,a.神经的；紧张不安的；强健有力的,初中
never,'nɛvɚ,,ad.从未；决不,初中
new,nu,,a.新的，新鲜的；更新的；初见的 ad.新近 n.(New)人名；(英)纽,初中
news,nuz,,n.新闻，消息；新闻报导,初中
newspaper,'nuzpepɚ,,n.报纸,初中
next,nɛkst,,ad.然后；下次；其次 a.下一个的；其次的；贴近的 n.下一个 prep.靠近；居于…之后,初中
nice,naɪs,,a.精密的；美好的；细微的；和蔼的 n.(Nice)人名；(英)尼斯,初中
night,naɪt,,n.夜晚，晚上；黑暗，黑夜 a.夜晚的，夜间的,初中
nine,naɪn,,n.九，九个 num.九；九个 a.九的，九个的,初中
nineteen,",naɪn'tin",,num.十九,初中
ninety,'naɪnti,,n.九十 a.九十的；九十岁的 num.九十,初中
ninth,naɪnθ,,num.第九 a.第九的；九分之一的 n.九分之一,初中
no,no,,ad.不 a.没有；不是 n.不；否决票 abbr.数字（number）；元素锘（nobelium）的符号,初中
nobody,"'nəubədi, -bɔdi",,pron.无人，没有人；没有任何人 n.无名小卒；小人物,初中
nod,nɑd,,n.点头；打盹；摆动 v.点头；点头表示,初中
noise,nɔɪz,,n.[环境] 噪音；响声；杂音 v.谣传,初中
none,nʌn,,pron.没有人；一个也没有；没有任何东西 a.没有的，一点没有的 ad.决不，一点也不 n.(None)人名；(葡、罗)诺内；(日)野根(姓),初中
noodle,'nʊdl,,n.面条；笨蛋,初中
noon,nun,,n.中午；正午；全盛期,初中
nor,nɔr,,conj.也不；也不是 ad.也不；也没有 n.(Nor)人名；(中)挪(广东话·威妥玛)；(马来、俄)诺尔；(柬)诺,初中
normal,'nɔrml,,a.正常的；正规的，标准的 n.正常；标准；常态,初中
north,nɔrθ,,n.北，北方 a.北方的；朝北的 ad.在北方，向北方,初中
northern,'nɔrðɚn,,a.北部的；北方的 n.北部方言,初中
nose,noz,,n.鼻子；嗅觉；突出的部分；探问 v.嗅；用鼻子触,初中
not,nɑt,,ad.表示否定，不 n.“非”（计算机中逻辑运算的一种）,初中
note,not,,n.笔记；音符；票据；注解；纸币；便笺；照会；调子 v.注意；记录；注解,初中
notebook,'notbʊk,,n.笔记本，笔记簿；手册,初中
nothing,'nʌθɪŋ,,neg.没什么；毫不 n.无；零；不关紧要之事 ad.毫不；决不 pron.无事；无物 int.什么也没有,初中
notice,'notɪs,,n.通知，布告；注意；公告 v.通知；注意到；留心,初中
November,no'vɛmbɚ,,n.十一月,初中
now,naʊ,,ad.现在；如今；立刻 a.现在的 n.现在；目前 conj.由于；既然,初中
number,'nʌmbɚ,,n.数；（杂志等的）期；号码；数字；算术 v.计入；总数达到,初中
nurse,nɝs,,v.看护，护理；照顾；培养；给…喂奶 n.护士；奶妈，保姆,初中
object,'ɑbdʒɛkt,,n.目标；物体；客体；宾语 v.提出…作为反对的理由,初中
October,ɑk'tobɚ,,n.[天] 十月,初中
of,ʌv; əv,,prep.关于；属于；…的；由…组成的,初中
off,ɔf,,prep.离开；脱落 ad.切断；走开 a.远离的；空闲的,初中
offer,'ɔfɚ,,v.提供；出价；试图 n.提议；出价；意图；录取通知书,初中
office,'ɔfɪs,,n.办公室；政府机关；官职；营业处,初中
officer,'ɔfɪsɚ,,n.军官，警官；公务员，政府官员；船长 v.指挥,初中
often,'ɔf(tə)n; 'ɑf(tə)n,,ad.常常，时常,初中
oil,ɔɪl,,n.油；石油；油画颜料 v.加油；涂油；使融化,初中
OK,"'əu'kei, ,əu'kei, 'əukei",,a.好的；不错的 ad.行；很好 int.好；可以 v.对…表示同意 n.同意,初中
old,old,,a.陈旧的，古老的；年老的 n.古时,初中
on,ɑn,,ad.向前地；作用中，行动中；继续着 prep.向，朝……；关于；在……之上；在……时候 a.开着的；发生着的，正在进行中 n.(On)人名；(日)温(姓、名)；(缅、柬、印)翁,初中
once,wʌns,,ad.一次；曾经 conj.一旦 n.一次，一回,初中
one,wʌn,,pron.一个人；任何人 a.一的；唯一的 n.一 num.一；一个,初中
oneself,wʌn'sɛlf,,pron.自己；亲自,初中
only,'onli,,ad.只，仅仅；不料 a.唯一的，仅有的；最合适的 conj.但是；不过；可是,初中
open,'opən,,a.公开的；敞开的；空旷的；坦率的；营业着的 v.开始；展现 n.公开；空旷；户外,初中
operation,",ɑpə'reʃən",,n.操作；经营；[外科] 手术；[数][计] 运算,初中
or,ɔr,,conj.或，或者；还是 n.(Or)人名；(中)柯(广东话·威妥玛)；(柬)奥；(土、匈、土库、阿塞、瑞典)奥尔,初中
orange,'ɔrɪndʒ,,a.橙色的；橘色的 n.橙；橙色；桔子,初中
order,'ɔrdɚ,,n.命令；顺序；规则；[贸易] 定单 v.命令；整理；定购,初中
other,'ʌðɚ,,a.其他的，另外的 pron.另外一个,初中
our,aʊr,,pron.我们的,初中
ours,ɑrz,,pron.我们的 n.(Ours)人名；(法)乌尔斯,初中
ourselves,ɑr'sɛlvz,,pron.我们自己；我们亲自,初中
out,aʊt,,ad.出现；在外；出局；出声地；不流行地 a.外面的；出局的；下台的 n.出局 prep.向；离去 v.出来；暴露,初中
outside,",aʊt'saɪd",,a.外面的，外部的；外来的 n.外部；外观 ad.在外面，向外面；在室外 prep.在…范围之外,初中
over,'ovɚ,,ad.结束；越过；从头到尾 prep.越过；在…之上；遍于…之上 a.结束的；上面的 vt.越过 n.(Over)人名；(俄、西、土)奥韦尔,初中
overcoat,'ovɚkot,,n.大衣，外套,初中
own,on,,v.拥有；承认 a.自己的；特有的 n.自己的,初中
owner,'onɚ,,n.[经] 所有者；物主,初中
pacific,pə'sɪfɪk,,a.和平的；温和的；平静的 n.太平洋,初中
package,'pækɪdʒ,,n.包，包裹；套装软件，[计] 程序包 a.一揽子的 v.打包；将…包装,初中
page,peɪdʒ,,n.页；记录；大事件，时期；男侍者 v.给…标页码,初中
paint,peɪnt,,v.油漆；绘画；装饰；涂色于；描绘；（用语言，文字等）描写；擦脂粉等 n.油漆；颜料，涂料；绘画作品；胭脂等化妆品；色彩，装饰,初中
pair,pɛr,,n.一对，一双，一副 v.把…组成一对,初中
palace,'pælis,,n.宫殿；宅邸；豪华住宅,初中
pancake,'pænkek,,n.薄烤饼；粉饼；平降（全称pancake landing） vi.平坠着陆；平展 vt.使平坠著陆；使平展,初中
panda,'pændə,,n.熊猫；猫熊,初中
paper,'pepɚ,,n.纸；论文；文件；报纸 a.纸做的 v.用纸糊；用纸包装,初中
pardon,'pɑrdn,,n.原谅；赦免；宽恕 v.原谅；赦免；宽恕,初中
parent,'pɛrənt,,n.父亲（或母亲）；父母亲；根源,初中
park,pɑrk,,n.公园；[交] 停车场 v.停放；放置；寄存,初中
part,pɑrt,,n.部分；角色；零件；一些；片段 v.分离；分配；分开 ad.部分地 a.部分的,初中
party,'pɑrti,,n.政党，党派；聚会，派对；当事人 [复数 parties] v.参加社交聚会 [ 过去式 partied 过去分词 partied 现在分词 partying ],初中
pass,pæs,,n.及格；经过；护照；途径；传球 v.经过；传递；变化；终止,初中
passage,'pæsɪdʒ,,n.一段（文章）；走廊；通路,初中
passenger,'pæsɪndʒɚ,,n.旅客；乘客；过路人；碍手碍脚的人,初中
passport,'pæspɔrt,,n.护照，通行证；手段,初中
past,pæst,,n.过去；往事 a.过去的；结束的 prep.越过；晚于 ad.过；经过,初中
path,pæθ,,n.道路；小路；轨道,初中
patient,'peʃnt,,a.有耐心的，能容忍的 n.病人；患者,初中
peace,pis,,n.和平；平静；和睦；秩序,初中
pear,pɛr,,n.[园艺] 梨树；梨子,初中
pen,pɛn,,n.钢笔；作家；围栏 v.写；关入栏中,初中
pencil,'pɛnsl,,n.铅笔；笔状物 v.用铅笔写；用眉笔涂,初中
people,'pipl,,n.人；人类；民族；公民 v.居住于；使住满人,初中
percent,pɚ'sɛnt,,n.百分比，百分率；部分；百分数 a.百分之…的 ad.以百分之…地,初中
perfect,ˈpɝfɪkt; (for v.) pɝˈfɛkt,,a.完美的；最好的；精通的 v.使完美；使熟练 n.完成式,初中
perhaps,pɚ'hæps,,ad.或许；（表示不确定）也许；（用于粗略的估计）或许；（表示勉强同意或其实不赞成）也许；可能 n.假定；猜想；未定之事,初中
period,'pɪrɪəd,,n.周期，期间；时期；月经；课时；（语法学）句点，句号 a.某一时代的,初中
person,'pɝsn,,n.人；身体；容貌，外表；人称,初中
personal,'pɝsənl,,a.个人的；身体的；亲自的 n.人事消息栏；人称代名词,初中
pet,pɛt,,n.宠物；生气；受宠爱的人 v.宠爱 a.宠爱的,初中
physics,'fɪzɪks,,n.物理学；物理现象,初中
piano,pɪ'æno,,n.钢琴,初中
pick,pɪk,,v.挑选；采摘；挖 n.选择；鹤嘴锄；挖；掩护,初中
picnic,'pɪknɪk,,n.野餐 v.去野餐,初中
picture,'pɪktʃɚ,,n.照片，图画；影片；景色；化身 v.画；想像；描写,初中
pie,paɪ,,n.馅饼；饼图；爱说话的人 vt.使杂乱,初中
piece,pis,,n.块；件；篇；硬币 v.修补；接合；凑合,初中
pig,pɪɡ,,n.猪；猪肉 v.生小猪；像猪一样过活,初中
pilot,'paɪlət,,n.飞行员；领航员 a.试点的 v.驾驶；领航；试用,初中
pink,pɪŋk,,n.粉红色；化身，典范；石竹花；头面人物 v.扎，刺，戳；使…变粉红色；使…面红耳赤 a.粉红的；比较激进的；石竹科的；脸色发红的,初中
pioneer,",paɪə'nɪr",,n.先锋；拓荒者 v.开辟；倡导；提倡,初中
pity,'pɪti,,n.怜悯，同情；遗憾 v.对……表示怜悯；对……感到同情,初中
place,ples,,n.地方；住所；座位 v.放置；任命；寄予,初中
plain,plen,,a.平的；简单的；朴素的；清晰的 n.平原；无格式；朴实无华的东西 ad.清楚地；平易地,初中
plan,plæn,,n.计划；平面图 v.计划；设计；打算,初中
plane,plen,,n.飞机；平面；程度，水平 v.刨；乘飞机旅行；翱翔 a.平的；平面的,初中
planet,'plænɪt,,n.行星,初中
plant,plænt,,n.工厂，车间；植物；设备；庄稼 v.种植；培养；栽培；安置,初中
plastic,'plæstɪk,,a.塑料的；（外科）造型的；可塑的 n.塑料制品；整形；可塑体,初中
plate,pleɪt,,n.碟；金属板；金属牌；感光底片 v.电镀；给…装甲,初中
play,ple,,v.游戏；扮演；演奏；播放；同…比赛 n.游戏；比赛；剧本,初中
playground,'ple'graʊnd,,n.运动场，操场；游乐场,初中
pleasant,'plɛznt,,a.令人愉快的，舒适的；讨人喜欢的，和蔼可亲的 n.(Pleasant)人名；(英)普莱曾特,初中
please,pliz,,v.使喜欢；使高兴，使满意 int.请（礼貌用语）,初中
pleasure,ˈplɛʒɚ,,n.快乐；希望；娱乐；令人高兴的事 vt.使高兴；使满意 vi.高兴；寻欢作乐,初中
plenty,'plɛnti,,n.丰富，大量；充足 a.足够的，很多的 ad.足够,初中
pocket,'pɑkɪt,,n.口袋；钱；容器 v.隐藏；忍受；将…放入衣袋 a.小型的，袖珍的；金钱上的,初中
poem,'poəm,,n.诗,初中
point,pɔɪnt,,n.要点；得分；标点；[机] 尖端 v.指向；弄尖；加标点于,初中
police,pə'lis,,n.警察，警方；治安 v.监督；管辖；维持治安；为…配备警察 a.警察的；有关警察的,初中
policy,'pɑləsi,,n.政策，方针；保险单,初中
polite,pə'laɪt,,a.有礼貌的，客气的；文雅的；上流的；优雅的,初中
pond,pɑnd,,vt.筑成池塘 vi.筑成池塘 n.池塘,初中
pool,pul,,n.联营；撞球；水塘；共同资金 v.联营，合伙经营,初中
poor,pʊr,,a.贫穷的；可怜的；贫乏的；卑鄙的 n.(Poor)人名；(英、伊朗)普尔,初中
popular,'pɑpjəlɚ,,a.流行的，通俗的；受欢迎的；大众的；普及的,初中
population,",pɑpju'leʃən",,n.人口；[生物] 种群，[生物] 群体；全体居民,初中
pork,pɔrk,,n.猪肉 vt.与女子性交,初中
position,pə'zɪʃən,,n.位置，方位；职位，工作；姿态；站位 v.安置；把……放在适当位置,初中
possible,'pɑsəbl,,a.可能的；合理的；合适的 n.可能性；合适的人；可能的事物,初中
post,post,,n.岗位；邮件；标杆 v.张贴；公布；邮递；布置,初中
postcard,'post'kɑrd,,n.明信片,初中
postman,'postmən,,n.邮递员；邮差,初中
potato,pə'teto,,n.[作物] 土豆，[作物] 马铃薯,初中
pound,paʊnd,,n.英镑；重击，重击声；兽栏；拘留所 v.捣烂；敲打；监禁，拘留,初中
practice,'præktɪs,,n.实践；练习；惯例 v.练习；实习；实行,初中
praise,prez,,n.赞扬；称赞；荣耀；崇拜 v.赞美，歌颂；表扬,初中
prepare,prɪ'pɛr,,v.准备；使适合；装备；起草,初中
present,'prɛznt,,v.提出；介绍；呈现；赠送 a.现在的；出席的 n.现在；礼物；瞄准,初中
president,'prɛzɪdənt,,n.总统；董事长；校长；主席,初中
pretty,'prɪti,,a.漂亮的；可爱的；优美的 ad.相当地；颇 n.有吸引力的事物（尤指饰品）；漂亮的人,初中
prevent,pri'vɛnt,,v.预防，防止；阻止,初中
price,praɪs,,n.价格；价值；代价 v.给……定价；问……的价格,初中
pride,praɪd,,n.自豪；骄傲；自尊心 v.使得意，以…自豪,初中
primary,'praɪmɛri,,a.主要的；初级的；基本的 n.原色；最主要者,初中
print,prɪnt,,n.印刷业；印花布；印刷字体；印章；印记 v.印刷；打印；刊载；用印刷体写；在…印花样,初中
prison,'prɪzn,,n.监狱；监禁；拘留所 vt.监禁，关押,初中
prisoner,'prɪznɚ,,n.囚犯，犯人；俘虏；刑事被告,初中
private,'praɪvət,,a.私人的；私有的；私下的 n.列兵；二等兵,初中
prize,praɪz,,n.奖品；奖赏；战利品 v.珍视；捕获；估价 a.获奖的,初中
problem,'prɑbləm,,n.难题；引起麻烦的人 a.成问题的；难处理的,初中
produce,prə'dus,,v.生产；引起；创作；生育，繁殖 n.农产品，产品,初中
progress,'prɑɡrɛs,,n.进步，发展；前进 v.前进，进步；进行,初中
promise,'prɑmɪs,,n.许诺，允诺；希望 v.允诺，许诺；给人以…的指望或希望,初中
pronounce,prə'naʊns,,v.发音；宣判；断言,初中
pronunciation,"prə,nʌnsɪ'eʃən",,n.发音；读法,初中
proper,'prɑpɚ,,a.适当的；本身的；特有的；正派的 ad.完全地 n.(Proper)人名；(英、德)普罗珀,初中
protect,prə'tɛkt,,v.保护，防卫；警戒,初中
proud,praʊd,,a.自豪的；得意的；自负的 n.(Proud)人名；(英)普劳德,初中
prove,pruv,,v.证明；检验；显示,初中
provide,prə'vaɪd,,v.提供；规定；准备；装备,初中
public,'pʌblɪk,,a.公众的；政府的；公用的；公立的 n.公众；社会；公共场所,初中
pull,pʊl,,v.拉；拔；拖 n.拉，拉绳；拉力，牵引力；拖,初中
punish,'pʌnɪʃ,,v.惩罚；严厉对待；贪婪地吃喝,初中
pupil,pjupl,,n.学生；[解剖] 瞳孔；未成年人,初中
purple,'pɝpl,,a.紫色的；帝王的；华而不实的 n.紫色；紫袍 v.变成紫色,初中
purse,pɝs,,n.(女士)手提袋；(国家、家庭、团体等的) 财力 v.（嘴巴）皱起，使缩拢；撅嘴,初中
push,pʊʃ,,v.推动，增加；对…施加压力，逼迫；按；说服 n.推，决心；大规模攻势；矢志的追求,初中
quarter,'kwɔrtɚ,,n.四分之一；地区；季度；一刻钟；两角五分；节 v.住宿；驻扎 num.四分之一,初中
queen,kwin,,n.女王，王后；（纸牌中的）皇后；（蜜蜂等的）蜂王 v.使…成为女王或王后,初中
question,'kwɛstʃən,,n.问题，疑问；询问；疑问句 v.询问；怀疑；审问,初中
quick,kwɪk,,n.核心；伤口的嫩肉 a.快的；迅速的，敏捷的；灵敏的 ad.迅速地，快,初中
quiet,'kwaɪət,,a.安静的；安定的；不动的；温顺的 n.安静；和平 v.使平息；安慰,初中
quite,kwaɪt,,ad.很；相当；完全,初中
rabbit,'ræbɪt,,n.兔子，野兔 v.让…见鬼去吧,初中
race,res,,n.属，种；种族，人种；家庭，门第 v.使参加比赛；和…竞赛；使急走，使全速行进,初中
radio,'redɪo,,n.收音机；无线电广播设备 v.用无线电进行通信,初中
railway,'relwe,,n.（英）铁路；轨道；铁道部门 vi.乘火车旅行,初中
rain,reɪn,,n.雨；下雨；雨天；雨季 v.下雨；降雨,初中
raincoat,ˈreɪnkoʊt,,n.（美）雨衣,初中
rainy,'reni,,a.下雨的；多雨的 n.(Rainy)人名；(英)雷尼,初中
raise,rez,,v.提高；筹集；养育；升起 n.高地；上升；加薪,初中
rapid,'ræpɪd,,a.迅速的，急促的；飞快的；险峻的 n.急流；高速交通工具，高速交通网,初中
rat,ræt,,n.鼠；卑鄙小人，叛徒 v.捕鼠；背叛，告密,初中
rather,'ræðɚ,,ad.宁可，宁愿；相当 int.当然啦（回答问题时用） n.(Rather)人名；(英)拉瑟,初中
reach,ritʃ,,v.达到；延伸；伸出手；传开 n.范围；延伸；河段；横风行驶,初中
ready,'rɛdi,,a.准备好；现成的；迅速的；情愿的；快要…的 n.现款；预备好的状态 ad.迅速地；预先 v.使准备好,初中
real,'riəl,,a.实际的；真实的；实在的 ad.真正地；确实地 n.现实；实数,初中
receive,rɪ'siv,,v.收到；接待；接纳,初中
recent,'risnt,,a.最近的；近代的,初中
recite,rɪ'saɪt,,v.背诵；叙述；列举,初中
record,(for v.) rɪˈkɔrd; (for n. adj.) ˈrɛkɚd,,v.记录，记载；标明；将录音 n.档案，履历；唱片；最高纪录 a.创纪录的,初中
recorder,rɪ'kɔrdɚ,,n.录音机；记录器；记录员；八孔直笛,初中
red,rɛd,,n.红色，红颜料；赤字 a.红色的；红肿的，充血的,初中
refuse,ri'fjʊz,,n.垃圾；废物 v.拒绝；不愿；抵制,初中
regard,rɪ'ɡɑrd,,n.注意；尊重；问候；凝视 v.注重，考虑；看待；尊敬；把…看作；与…有关,初中
regret,rɪ'ɡrɛt,,n.遗憾；抱歉；悲叹 v.后悔；惋惜；哀悼,初中
relation,rɪ'leʃən,,n.关系；叙述；故事；亲属关系,初中
relax,rɪ'læks,,v.放松，休息；松懈，松弛；变从容；休养,初中
remain,rɪ'men,,v.保持；依然；留下；剩余；逗留；残存 n.遗迹；剩余物，残骸,初中
remember,rɪ'mɛmbɚ,,v.记得；牢记；纪念；代…问好,初中
repair,rɪ'pɛr,,v.修理；修复 n.修理，修补；修补部位,初中
repeat,rɪ'pit,,v.重复；复制；背诵 n.重复；副本,初中
reply,rɪ'plai,,v.回答；[法] 答辩；回击 n.回答；[法] 答辩,初中
report,rɪ'pɔrt,,n.报告；报道；成绩单 v.报告；报导；使报到,初中
require,rɪ'kwaɪr,,v.需要；要求；命令,初中
research,'risɝtʃ,,n.研究；调查 v.研究；调查,初中
rest,rɛst,,v.使休息，使轻松；把…寄托于 n.休息，静止；休息时间；剩余部分；支架,初中
restaurant,ˈrɛstəˌrɑnt; ˈrɛstərənt; ˈrɛsˌtrɑnt,,n.餐馆；[经] 饭店,初中
result,rɪ'zʌlt,,n.结果；成绩；答案；比赛结果 v.结果；导致；产生,初中
retell,",ri'tɛl",,v.复述；再讲；重述,初中
return,rɪ'tɝn,,v.返回；报答 n.返回；归还；回球 a.报答的；回程的；返回的,初中
review,rɪ'vju,,n.回顾；复习；评论；检讨；检阅 v.回顾；检查；复审,初中
rice,raɪs,,n.稻；米饭 v.把…捣成米糊状,初中
rich,rɪtʃ,,a.富有的；肥沃的；昂贵的 n.(Rich)人名；(丹)里克；(捷)里赫；(英、西)里奇；(葡、法)里什,初中
riddle,'rɪdl,,v.解谜；给出谜；充满于 n.谜语；粗筛；谜一般的人、东西、事情等,初中
right,raɪt,,a.正确的；直接的；右方的 v.复正；恢复平稳 n.正确；右边；正义 ad.正确地；恰当地；彻底地,初中
risk,rɪsk,,n.风险；危险；冒险 v.冒…的危险,初中
river,'rɪvɚ,,n.河，江,初中
road,rod,,n.公路，马路；道路；手段 vt.（狗）沿臭迹追逐（猎物） a.（美）巡回的,初中
robot,'robɑt,,n.机器人；遥控设备，自动机械；机械般工作的人,初中
rock,rɑk,,n.岩石；摇滚乐；暗礁 v.摇动；使摇晃,初中
role,rol,,n.角色；任务,初中
room,rum,,n.房间；空间；余地；机会；房间里所有的人 v.为…提供住处；租房，合住；投宿，住宿；留…住宿,初中
rope,rop,,n.绳，绳索 v.捆，绑,初中
rose,roz,,n.玫瑰；粉红色；蔷薇（花）；粉红色的葡萄酒 a.玫瑰花的；玫瑰色的；粉红色的；带有玫瑰香味的 vt.使成玫瑰色，使（面颊）发红；使有玫瑰香味 vi.起义( rise的过去式)；升起；（数量）增加；休会,初中
round,raʊnd,,n.圆；循环；一回合；圆形物 a.圆的；完全的；大概的；肥胖的 ad.在周围；迂回地；朝反方向；挨个 v.完成；围捕；绕行；弄圆 prep.附近；绕过；大约；在…周围,初中
row,ro,,n.行，排；划船；街道；吵闹 v.划船；使……成排,初中
rubber,'rʌbɚ,,n.橡胶；橡皮；合成橡胶；按摩师 a.橡胶制成的 v.涂橡胶于；用橡胶制造,初中
rubbish,'rʌbɪʃ,,n.垃圾，废物；废话 a.毫无价值的,初中
rule,rul,,v.统治；管辖；裁定 n.统治；规则,初中
ruler,'rulɚ,,n.尺；统治者；[测] 划线板，划线的人,初中
rush,rʌʃ,,n.冲进；匆促；急流；灯心草 a.急需的 v.使冲；突袭；匆忙地做；飞跃,初中
Rusia,,,鲁西亚（地名）,初中
Russian,'rʌʃən,,a.俄国的；俄语的 n.俄语；俄国人,初中
sad,sæd,,a.难过的；悲哀的，令人悲痛的；凄惨的，阴郁的（形容颜色）,初中
safe,sef,,a.安全的；可靠的；平安的 n.保险箱；冷藏室；纱橱,初中
safety,'sefti,,n.安全；保险；安全设备；保险装置；安打,初中
sail,sel,,v.航行；启航，开船 n.帆，篷；航行,初中
salad,'sæləd,,n.色拉；尤指莴苣,初中
sale,sel,,n.销售；出售；拍卖；销售额；廉价出售,初中
salt,sɔlt,,n.盐；风趣，刺激性 a.咸水的；含盐的，咸味的；盐腌的；猥亵的 v.用盐腌；给…加盐；将盐撒在道路上使冰或雪融化,初中
same,sem,,a.相同的；同一的；上述的（通常与the连用）；无变化的 pron.同样的事物或人（通常与the连用） ad.同样地（通常与the连用） n.(Same)人名；(意)萨梅,初中
sand,sænd,,n.沙；沙地；沙洲；沙滩；沙子 v.撒沙于；以沙掩盖；用砂纸等擦平或磨光某物；使撒沙似地布满；给…掺沙子,初中
sandwich,'sænwɪtʃ,,v.夹入；挤进；把做成三明治 n.三明治；夹心面包,初中
Saturday,sætɚdɪ; -de,,n.星期六,初中
sausage,'sɔsɪdʒ,,n.香肠；腊肠；装香肠的碎肉,初中
save,sev,,v.节省；保存；储蓄；解救 prep.除之外 n.救援,初中
scarf,skɑrf,,n.围巾；嵌接，嵌接处；头巾领巾 v.披嵌接；用围巾围,初中
school,skul,,n.学校；学院；学派；鱼群 v.教育,初中
schoolbag,ˈskulˌbæɡ,,n.书包,初中
science,'saɪəns,,n.科学；技术；学科；理科,初中
scientist,'saɪəntɪst,,n.科学家,初中
score,skɔ,,n.分数；二十；配乐；刻痕 v.获得；评价；划线，刻划；把…记下,初中
screen,skrin,,n.屏，幕；屏风 v.筛；拍摄；放映；掩蔽,初中
sea,si,,n.海；海洋；许多；大量,初中
search,sɝtʃ,,v.搜寻；调查；探求 n.搜寻；探究，查究,初中
season,'sizn,,n.时期；季节；赛季 v.给…调味；使适应,初中
seat,sit,,n.座位；所在地；职位 v.使…坐下；可容纳…的；使就职,初中
second,'sɛkənd,,n.秒；第二名；瞬间；二等品 v.支持 a.第二的；次要的；附加的 num.第二 ad.第二；其次；居第二位,初中
secret,'sikrɪt,,n.秘密；秘诀；机密 a.秘密的；机密的,初中
secretary,'sɛkrətɛrɪ,,n.秘书；书记；部长；大臣,初中
seem,sim,,v.似乎；像是；装作 n.(Seem)人名；(英)西姆,初中
seldom,'sɛldəm,,ad.很少，不常,初中
sense,sɛns,,n.感觉，功能；观念；道理；理智 v.感觉到；检测,初中
sentence,'sɛntəns,,n.[语][计] 句子，命题；宣判，判决 v.判决，宣判,初中
separate,(for v.) sɛpəˌret; (for adj.) sɛprɪt,,v.使分离；使分开；使分居 a.单独的；分开的；不同的；各自的； n.分开；抽印本,初中
September,sɛp'tɛmbɚ,,n.九月,初中
serious,'sɪrɪəs,,a.严肃的，严重的；认真的；庄重的；危急的,初中
servant,'sɝvənt,,n.仆人，佣人；公务员；雇工,初中
service,'sɝvɪs,,n.服务，服侍；服役；仪式 a.服务性的；耐用的；服现役的 v.维修，检修；保养,初中
seven,'sɛvn,,num.七个，七 n.七个，七 a.七的；七个的,初中
seventeen,",sɛvn'tin",,n.十七，十七个 a.十七岁的；十七的，十七个的 num.十七,初中
seventh,'sɛvənθ,,n.第七；七分之一 a.第七的；七分之一的 ad.居第七位地,初中
seventy,'sɛvnti,,n.七十；七十个；七十岁；七十年代 a.七十的；七十个的；七十岁的 num.七十,初中
several,ˈsevrəl,,a.几个的；各自的 pron.几个；数个,初中
shame,ʃem,,n.羞耻，羞愧；憾事，带来耻辱的人 v.使丢脸，使羞愧,初中
shape,ʃep,,n.形状；模型；身材；具体化 v.形成；塑造，使成形；使符合,初中
share,ʃɛr,,v.分享，分担；分配 n.份额；股份,初中
she,ʃi,,pron.她（主格）；它（用来指雌性动物或国家、船舶、地球、月亮等） n.女人；雌性动物,初中
ship,ʃɪp,,v.运送，乘船；以船运送 n.船；舰；太空船,初中
shirt,ʃɝt,,n.衬衫；汗衫，内衣,初中
shoe,ʃu,,n.鞋；蹄铁；外胎 v.给……穿上鞋；穿……鞋,初中
shop,ʃɑp,,n.商店；店铺 v.购物,初中
short,ʃɔrt,,a.短的；不足的；矮的，低的 n.短；缺乏；短路；短裤 ad.不足；突然；唐突地,初中
shorts,ʃɔrts,,n.短裤,初中
should,ʃəd; strong form ʃʊd,,aux.应该；就；可能；将要,初中
shoulder,'ʃoldɚ,,n.肩，肩膀；肩部 v.肩负，承担,初中
shout,ʃaʊt,,v.呼喊；喊叫；大声说 n.呼喊；呼叫,初中
show,ʃo,,v.显示；说明；演出；展出 n.显示；表演；炫耀,初中
shower,'ʃaʊɚ,,n.淋浴；（倾泻般出现的）一阵，一大批；阵雨 v.大量地给予；把……弄湿,初中
shy,ʃaɪ,,a.害羞的；畏缩的，胆怯的 v.投；畏缩；惊退；厌恶 n.投掷；惊跳,初中
sick,sɪk,,a.厌恶的；病态的；不舒服；渴望的；恶心的 ；生病的 n.病人 v.使狗去咬；呕吐；追击,初中
side,saɪd,,n.方面；侧面；旁边 v.支持；赞助；偏袒 a.旁的，侧的,初中
sight,saɪt,,n.视力；景象；眼界；见解 v.看见；瞄准 a.见票即付的；即席的,初中
silence,'saɪləns,,n.沉默；寂静；缄默；不谈；无声状态 v.使沉默；使安静；压制；消除噪音 int.安静！；别作声！,初中
silent,'saɪlənt,,a.沉默的；寂静的；无记载的 n.无声电影,初中
silk,sɪlk,,n.丝绸；蚕丝；丝织物 a.丝的；丝绸的；丝制的 vi.（玉米）处于长须的阶段中,初中
silly,'sɪli,,a.愚蠢的；不明事理的；没头脑的 n.傻瓜,初中
similar,'sɪməlɚ,,a.相似的 n.类似物,初中
simple,'sɪmpl,,a.简单的；单纯的；天真的 n.笨蛋；愚蠢的行为；出身低微者,初中
since,sɪns,,conj.因为；由于；既然；自…以来；自…以后 prep.自…以来；自…以后 ad.后来,初中
single,'sɪŋɡl,,a.单一的；单身的；单程的 n.一个；单打；单程票 v.选出,初中
sir,sɝ,,n.先生；（用于姓名前）爵士；阁下；（中小学生对男教师的称呼）先生；老师,初中
sister,'sɪstɚ,,n.姐妹；（称志同道合者）姐妹；修女；护士 a.姐妹般的；同类型的,初中
situation,",sɪtʃu'eʃən",,n.情况；形势；处境；位置,初中
six,sɪks,,num.六，六个 n.六，六个,初中
sixteen,",sɪks'tin",,a.十六的，十六个的 num.十六,初中
sixth,sɪksθ,,n.月的第六日，（与the连用的）第六个；六分之一 a.（与 the 连用）第六的，第六个的；六分之一的,初中
sixty,'sɪksti,,num.六十；六十个,初中
size,saɪz,,n.大小；尺寸 a.一定尺寸的 v.依大小排列,初中
skate,sket,,v.滑冰；滑过 n.溜冰；冰鞋,初中
skill,skɪl,,n.技能，技巧；本领，技术,初中
skirt,skɝt,,n.裙子 v.绕过，回避；位于…边缘,初中
sky,skaɪ,,n.天空；顶点 v.把…投向空中；把…挂得过高,初中
sleepy,'slipi,,a.欲睡的；困乏的；不活跃的,初中
slow,sloʊ,,a.慢的；减速的；迟钝的 v.变慢；变萧条 ad.慢慢地；迟缓地 n.(Slow)人名；(英)斯洛,初中
small,smɔl,,a.少的，小的；微弱的；几乎没有的；不重要的；幼小的 ad.小小地；卑鄙地 n.小件物品；矮小的人,初中
smart,smɑrt,,a.聪明的；巧妙的；敏捷的；厉害的；潇洒的；剧烈的；时髦的 n.(Smart)人名；(法)斯马尔；(英、德)斯马特,初中
smile,smaɪl,,v.微笑 n.微笑；笑容；喜色,初中
smoke,smok,,n.烟；抽烟；无常的事物 v.冒烟，吸烟；抽烟；弥漫,初中
smooth,smʊð,,a.顺利的；光滑的；平稳的 v.使光滑；消除（障碍等）；使优雅；缓和 n.平滑部分；一块平地 ad.光滑地；平稳地；流畅地,初中
snake,snek,,n.蛇；阴险的人 v.迂回前进,初中
snow,sno,,n.雪，积雪；下雪 v.降雪,初中
snowy,'snoɪ,,a.下雪的，多雪的；被雪覆盖的；洁白无瑕的,初中
so,so,,ad.如此，这么；确是如此 conj.所以；因此 pron.这样 n.(So)人名；(柬)索,初中
soap,sop,,n.肥皂 v.将肥皂涂在……上；对……拍马屁（俚语）,初中
social,'soʃl,,a.社会的，社交的；群居的 n.联谊会；联欢会,初中
society,sə'saɪəti,,n.社会；交往；社团；社交界,初中
socks,sɑks,,n.袜子（sock的复数）,初中
sofa,'sofə,,n.沙发；长椅,初中
soft,sɔft,,a.软的，柔软的；温柔的，温和的；软弱的；笨的 ad.柔软地；温和地 n.柔性；柔软的东西；柔软部分,初中
soldier,'soldʒɚ,,n.军人；[昆] 兵蚁；懒汉；一片烤面包 v.当兵；磨洋工；坚持干；假称害病,初中
solid,'sɑlɪd,,a.固体的；可靠的；立体的；结实的；一致的 n.固体；立方体,初中
some,səm,,a.一些；某个；大约；相当多的 pron.一些；若干；其中的一部分；（数量不确切时用）有些人 ad.非常；相当；<美>稍微,初中
somebody,'sʌmbədi,,n.大人物；重要人物 pron.有人；某人,初中
someone,'sʌmwʌn,,pron.有人，某人,初中
something,'sʌmθɪŋ,,pron.某事；某物 n.重要的人；值得重视的事 ad.非常；有点；大约 a.大约；有点象,初中
sometimes,'sʌmtaɪmz,,ad.有时，间或,初中
somewhere,'sʌmwɛr,,ad.在某处；到某处 n.某个地方,初中
son,sʌn,,n.儿子；孩子（对年轻人的称呼）；男性后裔,初中
song,sɔŋ,,n.歌曲；歌唱；诗歌；鸣声,初中
soon,sun,,ad.快；不久，一会儿；立刻；宁愿,初中
sorry,'sɔri,,a.遗憾的；对不起的，抱歉的 int.对不起，抱歉（表示委婉的拒绝等）,初中
sort,sɔrt,,n.种类；方式；品质 v.分类；协调；交往,初中
sound,saʊnd,,v.听（诊）；测量，测…深；使发声；试探；宣告 n.声音，语音；噪音；海峡；吵闹；听力范围；[医] 探条 a.健全的，健康的；合理的；可靠的；有效彻底的 ad.彻底地，充分地,初中
soup,sup,,n.汤，羹；马力 v.加速；增加马力,初中
sour,'saʊɚ,,a.酸的；发酵的；刺耳的；酸臭的；讨厌的 v.发酵；变酸；厌烦 n.酸味；苦事,初中
south,saʊθ,,n.南方，南边；南部 ad.在南方，向南方 a.南的，南方的,初中
southern,'sʌðɚn,,a.南的；南方的 n.南方人,初中
space,spes,,n.空间；太空；距离 v.留间隔,初中
speaker,'spikɚ,,n.演讲者；扬声器；说话者；说某种语言的人,初中
special,'spɛʃl,,n.特使，特派人员；特刊；特色菜；专车；特价商品 a.特别的；专门的，专用的,初中
speech,spitʃ,,n.演讲；讲话；[语] 语音；演说,初中
speed,spid,,v.超速，加速；加速，迅速前行；兴隆 n.速度，速率；迅速，快速；昌盛，繁荣,初中
spirit,'spɪrɪt,,n.精神；心灵；情绪；志气；烈酒 v.鼓励；鼓舞；诱拐,初中
spoon,spʊn,,n.匙，勺子；一杓的量 v.用匙舀；使成匙状,初中
spring,sprɪŋ,,n.春天；弹簧；泉水；活力；跳跃 a.春天的 v.生长；涌出；跃出；裂开,初中
square,skwɛr,,a.平方的；正方形的；直角的；正直的 v.使成方形；与…一致 n.平方；广场；正方形 ad.成直角地,初中
stairs,stɛrz,,n.楼梯；梯级（stair的复数）,初中
stamp,stæmp,,n.邮票；印记；标志；跺脚 v.铭记；标出；盖章于…；贴邮票于…；用脚踩踏,初中
standard,'stændɚd,,n.标准；水准；旗；度量衡标准 a.标准的；合规格的；公认为优秀的,初中
start,stɑrt,,v.开始；启动 n.开始；起点,初中
state,stet,,n.国家；州；情形 v.规定；声明；陈述 a.国家的；州的；正式的,初中
station,ˈsteɪʃən,,n.车站；驻地；地位；身份 v.配置；安置；驻扎,初中
stay,ste,,v.停留；坚持；暂住；停下 n.逗留；停止；支柱,初中
steam,stim,,v.蒸，散发；用蒸汽处理 n.蒸汽；精力 a.蒸汽的,初中
steel,stil,,n.钢铁；钢制品；坚固 v.钢化；使冷酷 a.钢制的；钢铁业的；坚强的,初中
step,stɛp,,n.步，脚步；步骤；步伐；梯级 v.踏，踩；走,初中
still,stɪl,,ad.仍然；更；静止地 a.静止的，不动的；寂静的，平静的；不起泡的 n.寂静；剧照；蒸馏室 conj.仍然；但是；尽管如此 v.蒸馏；使…静止；使…平静下来,初中
stomach,'stʌmək,,n.胃；腹部；胃口 v.忍受；吃下,初中
stone,ston,,n.石头；结石；[宝] 宝石 a.石的，石制的 v.向扔石块；用石头铺,初中
stop,stɑp,,v.停止；堵塞；断绝 n.停止；车站；障碍；逗留,初中
store,stɔr,,n.商店；储备，贮藏；仓库 v.贮藏，储存,初中
storm,stɔrm,,n.暴风雨；大动荡 v.起风暴；横冲直撞；狂怒咆哮,初中
story,'stɔri,,n.故事；小说；新闻报道；来历；假话 vt.用历史故事画装饰 vi.说谎,初中
strange,strendʒ,,a.奇怪的；陌生的；外行的 ad.奇怪地；陌生地，冷淡地 n.(Strange)人名；(英)斯特兰奇；(瑞典、塞)斯特朗格,初中
stranger,'strendʒɚ,,n.陌生人；外地人；局外人,初中
strawberry,'strɔbɛri,,n.草莓；草莓色,初中
stream,strim,,n.溪流；流动；潮流；光线 v.流；涌进；飘扬,初中
street,strit,,n.街道 a.街道的,初中
strict,strɪkt,,a.严格的；绝对的；精确的；详细的,初中
strong,strɔŋ,,a.坚强的；强壮的；牢固的；擅长的 ad.强劲地；猛烈地 n.(Strong)人名；(英)斯特朗,初中
student,'studnt,,n.学生；学者,初中
study,'stʌdi,,n.学习，研究；课题；书房；学问 v.学习；考虑；攻读；细察,初中
stupid,'stupɪd,,a.愚蠢的；麻木的；乏味的 n.傻瓜，笨蛋,初中
subject,ˈsʌbdʒekt,,n.主题；科目；[语] 主语；国民 a.服从的；易患…的；受制于…的 v.使…隶属；使屈从于…,初中
succeed,sək'sid,,v.成功；继承；继任；兴旺,初中
success,sək'sɛs,,n.成功，成就；胜利；大获成功的人或事物,初中
successful,sək'sɛsfl,,a.成功的；一帆风顺的,初中
such,sʌtʃ,,a.这样的，如此的 n.(Such)人名；(英)萨奇；(德)祖赫,初中
sudden,'sʌdn,,a.突然的，意外的；快速的 n.突然发生的事,初中
sugar,'ʃʊgɚ,,n.糖；食糖；甜言蜜语 v.加糖于；粉饰,初中
suggest,sə'dʒɛst,,v.提议，建议；启发；使人想起；显示；暗示,初中
suggestion,sə'dʒɛstʃən,,n.建议；示意；微量，细微的迹象,初中
sun,sʌn,,n.太阳 v.使晒,初中
Sunday,ˈsʌnde; ˈsʌndi,,n.星期日；礼拜日,初中
sunny,'sʌni,,a.阳光充足的，和煦的；快活的；性情开朗的,初中
supermarket,'sʊpɚ'mɑrkɪt,,n.超级市场；自助售货商店,初中
supper,'sʌpɚ,,n.晚餐，晚饭；夜宵,初中
supply,sə'plaɪ,,n.供给，补给；供应品 v.供给，提供；补充,初中
suppose,sə'poz,,v.假设；认为；让（虚拟语气）；推想 conj.假使…结果会怎样,初中
sure,ʃʊər; ʃʊr,,a.确信的；可靠的；必定的 ad.当然；的确 n.(Sure)人名；(英)休尔,初中
surface,'sɝfɪs,,n.表面；表层；外观 a.表面的，肤浅的 v.浮出水面,初中
surprise,sɚ'praɪz,,n.惊奇，诧异；突然袭击 v.使惊奇；奇袭 a.令人惊讶的,初中
sweater,'swɛtɚ,,n.毛线衣，运动衫；大量出汗的人，发汗剂,初中
sweet,swit,,a.甜的；悦耳的；芳香的；亲切的 n.糖果；乐趣；芳香；宝贝,初中
swimming,'swɪmɪŋ,,n.游泳；目眩 a.游泳的；游泳用的；善于游泳的；晕眩的 v.游泳；漂浮；旋转（swim的ing形式）,初中
swing,swɪŋ,,n.摇摆；摆动；秋千；音律；涨落 v.摇摆；转向；悬挂；大摇大摆地行走 a.旋转的；悬挂的；强节奏爵士音乐的,初中
symbol,'sɪmbl,,n.象征；符号；标志,初中
table,'tebl,,n.桌子；表格；平地层 v.制表；搁置；嵌合 a.桌子的,初中
tail,tel,,n.尾巴；踪迹；辫子；燕尾服 v.尾随；装上尾巴 a.从后面而来的；尾部的,初中
tale,tel,,n.故事；传说；叙述；流言蜚语,初中
talk,tɔk,,v.说；谈话；讨论 n.谈话；演讲；空谈,初中
tall,tɔl,,a.高的；长的；过分的；夸大的 ad.夸大地 n.(Tall)人名；(马里、阿拉伯)塔勒；(芬、罗、瑞典)塔尔；(英)托尔；(土)塔勒,初中
tape,tep,,n.胶带；磁带；带子；卷尺 v.录音；用带子捆扎；用胶布把…封住,初中
task,tæsk,,v.分派任务 n.工作，作业；任务,初中
taste,test,,n.味道；品味；审美 v.尝；体验,初中
taxi,'tæksi,,v.乘出租车；滑行 n.出租汽车,初中
tea,ti,,n.茶叶；茶树；茶点 vt.给…沏茶 vi.喝茶；进茶点,初中
teacher,'titʃɚ,,n.教师；导师,初中
team,tim,,n.队；组 v.使合作,初中
technology,tɛk'nɑlədʒi,,n.技术；工艺；术语,初中
telephone,'tɛlə'fon,,n.（美）电话；电话机；电话耳机 v.打电话,初中
television,'tɛlɪvɪʒn,,n.电视，电视机；电视业,初中
temperature,'tɛmprətʃɚ,,n.温度；体温；气温；发烧,初中
ten,tɛn,,num.十个，十 n.(Ten)人名；(英)坦恩；(意)泰恩；(柬)登,初中
tenth,tɛnθ,,num.第十；十分之一 a.十分之一的；第十个的,初中
tent,tɛnt,,n.帐篷；住处；帷幕 v.用帐篷遮盖；使在帐篷里住宿,初中
term,tɝm,,n.术语；学期；期限；条款；(代数式等的)项 v.把…叫做,初中
terrible,'tɛrəbl,,a.可怕的；很糟的；令人讨厌的 ad.很，非常,初中
test,tɛst,,n.试验；检验 v.试验；测试,初中
text,tɛkst,,n.[计] 文本；课文；主题 v.发短信,初中
than,ðæn,,conj.比（用于形容词、副词的比较级之后）；除…外（用于other等之后）；与其…（用于 rather等之后）；一…就（用于 no sooner等之后） prep.比；超过 n.(Than)人名；(老、柬、德)坦；(缅)丹,初中
thank,θæŋk,,v.感谢 n.感谢 int.谢谢,初中
that,ðæt,,pron.那；那个 ad.那么；那样 conj.因为；以至于 a.那；那个 n.(That)人名；(德)塔特,初中
the,ðə,,art.这；那 ad.更加（用于比较级，最高级前）,初中
their,ðɛr,,pron.他们的，她们的；它们的 n.(Their)人名；(英)蒂尔；(芬、瑞典)泰尔,初中
theirs,ðɛrz,,pron.他们的；她们的；它们的,初中
them,ðɛm; ðəm,,pron.他们；它们；她们 n.(Them)人名；(老)探,初中
themselves,ðɛm'sɛlvz,,pron.他们自己；他们亲自,初中
then,ðɛn,,ad.然后；那么；于是；当时；此外 n.那时 conj.然后，当时,初中
there,ðɛr,,ad.在那里；在那边；在那点上 int.你瞧 n.那个地方,初中
these,ðiz; ðɪs,,pron.这些 a.这些的,初中
they,ðe,,pron.他们；它们；她们,初中
thick,θɪk,,n.最拥挤部分；活动最多部分；事物的粗大浓密部分 a.厚的；浓的；粗大的 ad.密集地；浓浓地，厚厚地,初中
thin,θɪn,,a.薄的；瘦的；稀薄的；微弱的 v.使瘦；使淡；使稀疏 ad.稀疏地；微弱地 n.细小部分,初中
thing,θɪŋ,,n.事情；东西；事物；情况,初中
third,θɝd,,num.第三；三分之一 a.第三的；三分之一的,初中
thirsty,'θɝsti,,a.口渴的，口干的；渴望的，热望的,初中
thirteen,'θɝ'tin,,n.十三；十三岁；十三个 num.十三 a.十三的；十三个的,初中
thirty,'θɝti,,n.三十年代 num.三十 a.三十个的,初中
this,ðɪs,,pron.这；这个；这里 a.这；本；这个；今 ad.这样地；这么 n.(This)人名；(法)蒂斯,初中
those,ðoz,,a.那些的 pron.那些（that的复数）,初中
though,ðo,,ad.可是，虽然；不过；然而 conj.虽然；尽管 prep.但,初中
thought,θɔt,,n.思想；思考；想法；关心 v.想，思考；认为（think的过去式和过去分词）,初中
thousand,'θaʊznd,,n.一千；一千个；许许多多 a.成千的；无数的,初中
thread,θrɛd,,n.线；螺纹；思路；衣服；线状物；玻璃纤维；路线 v.穿过；穿线于；使交织,初中
three,θri,,n.三，三个 num.三 a.三的，三个的,初中
through,θru,,prep.通过；穿过；凭借 ad.彻底；从头至尾 a.直达的；过境的；完结的,初中
Thursday,ˈθɝzde; ˈθɝzdɪ,,n.星期四,初中
ticket,'tɪkɪt,,n.票；入场券，标签；（美）候选人名单；证明书；交通罚款单 v.加标签于；指派；对…开出交通违规罚单,初中
tidy,'taɪdi,,a.整齐的；相当大的 v.整理；收拾；弄整齐 n.椅子的背罩,初中
tie,taɪ,,v.系；约束；打结；与…成平局 n.领带；平局；鞋带；领结；不分胜负,初中
tiger,'taɪɡɚ,,n.老虎；凶暴的人,初中
till,tɪl,,n.[地理][水文] 冰碛；放钱的抽屉；备用现金 prep.直到 conj.直到为止 v.耕种；犁,初中
time,taɪm,,n.时间；时代；次数；节拍；倍数 v.计时；测定…的时间；安排…的速度 a.定时的；定期的；分期的,初中
tiny,'taɪni,,a.微小的；很少的 n.(Tiny)人名；(葡、印)蒂尼,初中
tired,'taɪɚd,,a.疲倦的；厌倦的，厌烦的 v.疲倦；对…腻烦（tire的过去分词形式）,初中
to,tə;tu;tuː,,ad.向前；（门等）关上 prep.到；向；（表示时间、方向）朝…方向 n.(To)人名；(柬)多；(中)脱(普通话·威妥玛),初中
today,tə'de,,ad.今天；现今 n.今天；现今,初中
together,tə'ɡɛðɚ,,ad.一起；同时；相互；连续地；总共 a.新潮的；情绪稳定的，做事有效率的,初中
toilet,'tɔɪlət,,n.厕所，盥洗室；梳妆，打扮 vi.梳妆，打扮 vt.给…梳妆打扮,初中
tomato,tə'meto,,n.番茄，西红柿,初中
tomorrow,tə'mɔro,,n.明天；未来 ad.明天；未来地（等于to-morrow）,初中
ton,tʌn,,n.吨；很多，大量,初中
tongue,tʌŋ,,n.舌头；语言 v.舔；斥责；用舌吹,初中
tonight,tə'naɪt,,ad.在今晚 n.今晚,初中
too,tu,,ad.太；也；很；还；非常；过度,初中
tool,tul,,n.工具，用具；器械，机床；手段 v.使用工具；用机床装备工厂,初中
toothache,'tuθek,,n.[口腔] 牙痛,初中
toothbrush,'tuθbrʌʃ,,n.牙刷,初中
toothpaste,'tuθpest,,n.牙膏,初中
top,tɑp,,n.顶部，顶端；上部；首席；陀螺 v.高出，超越；结束；达到顶点 a.最高的，顶上的；头等的,初中
total,'totl,,a.全部的；完全的；整个的 v.总数达 n.总数，合计,初中
touch,tʌtʃ,,v.接触；触动；使轻度受害 n.接触；触觉；格调；少许,初中
tourist,'tʊrɪst,,n.旅行者，观光客 a.旅游的 vt.在旅行参观 vi.旅游；观光 ad.坐旅游车厢；坐经济舱,初中
towel,'taʊəl,,n.毛巾，手巾；[纸] 纸巾 v.用毛巾擦,初中
tower,'taʊɚ,,n.塔；高楼；堡垒 v.高耸；超越,初中
town,taʊn,,n.城镇，市镇；市内商业区,初中
toy,tɔɪ,,n.玩具；小装饰品；不值钱的东西 v.玩弄；调情；随随便便地对待 a.作为玩具的；玩物似的,初中
trade,tred,,n.贸易，交易；行业；职业 v.交易，买卖；以物易物,初中
traditional,trə'dɪʃənl,,a.传统的；惯例的,初中
traffic,'træfɪk,,n.交通；运输；贸易；[通信] 通信量 v.用…作交换；在…通行,初中
train,tren,,n.火车；行列；长队；裙裾 v.培养；训练；瞄准,初中
training,'trenɪŋ,,n.训练；培养；瞄准；整枝 v.训练；教养（train的ing形式）,初中
translate,træns'let,,v.翻译；转化；解释；转变为；调动,初中
treasure,'trɛʒɚ,,n.财富，财产；财宝；珍品 v.珍爱；珍藏,初中
treatment,'tritmənt,,n.治疗，疗法；处理；对待,初中
tree,tri,,n.树；木料；树状物 v.把赶上树,初中
trip,trɪp,,v.绊倒；远足；犯错误；轻快地走 n.旅行；绊倒；差错,初中
trouble,'trʌbl,,n.麻烦；烦恼；故障；动乱 v.麻烦；使烦恼；折磨,初中
trousers,'traʊzɚz,,n.裤子，长裤,初中
truck,trʌk,,n.卡车；交易；手推车 v.驾驶卡车；以物易物 a.（美）运货汽车的,初中
true,tru,,a.真实的；正确的 ad.真实地；准确地 n.真实；准确 v.装准,初中
trust,trʌst,,n.信任，信赖；责任；托拉斯 v.信任，信赖；盼望；赊卖给,初中
truth,trʊθ,,n.真理；事实；诚实；实质,初中
try,traɪ,,v.试图，努力；试验；审判；考验 n.尝试；努力；试验,初中
Tuesday,"ˈtuzdi, -ˌde, ˈtjuz-",,n.星期二,初中
turn,tɝn,,v.转动，使旋转；转弯；翻过来；兑换 n.转弯；变化；(损害或有益于别人的)行为，举动，举止,初中
twelfth,twɛlfθ,,a.第十二的，第十二个的；十二分之一的 n.第十二；月的第十二日,初中
twelve,twɛlv,,n.十二；十二个 num.十二；十二个 a.十二的；十二个的,初中
twentieth,ˈtwentiəθ,,n.二十分之一 a.第二十的；二十分之一的 num.第二十,初中
twenty,'twɛnti,,n.二十；二十年代 num.二十 a.二十的,初中
twice,twaɪs,,ad.两次；两倍,初中
two,tu,,n.两个 a.两个的 num.二,初中
ugly,'ʌɡli,,a.丑陋的；邪恶的；令人厌恶的,初中
umbrella,ʌm'brɛlə,,n.雨伞；保护伞；庇护；伞形结构,初中
uncle,'ʌŋkl,,n.叔叔；伯父；伯伯；舅父；姨丈；姑父,初中
under,'ʌndɚ,,prep.低于，少于；在之下 ad.在下面；在下方 a.下面的；从属的,初中
underground,ʌndɚˈɡraʊnd,,ad.在地下；秘密地 a.地下的；秘密的；先锋派的 n.地下；地铁；地道；地下组织；秘密活动；先锋派团体,初中
unit,'junɪt,,n.单位，单元；装置；[军] 部队；部件,初中
university,",junɪ'vɝsəti",,n.大学；综合性大学；大学校舍,初中
unless,ən'lɛs,,conj.除非，如果不 prep.除…之外,初中
until,ən'tɪl,,conj.在…以前；直到…时 prep.在…以前；到…为止,初中
up,ʌp,,ad.起来；上涨；向上 prep.在…之上；向…的较高处 a.涨的；起床的；向上的 n.上升；繁荣,初中
upstairs,",ʌp'stɛrz",,ad.在楼上，向楼上；上楼；往楼上 a.楼上的 n.楼上,初中
us,juːɛs,,pron.我们,初中
use,juz,,n.使用；用途；发挥 v.利用；耗费,初中
used,juzd,,a.习惯的；二手的，使用过的 v.用（use的过去式）；（used to）过去常做,初中
useful,'jusfl,,a.有用的，有益的；有帮助的,初中
useless,'jusləs,,a.无用的；无效的,初中
usual,'juʒuəl,,a.通常的，惯例的；平常的,初中
vacation,vəˈkeɪʃn; veɪ-,,n.假期；（房屋）搬出 v.休假，度假,初中
value,'vælju,,n.值；价值；价格；重要性；确切涵义 v.评价；重视；估价,初中
VCD,,,abbr.视频高密光盘（Video Compact Disc）；可变电容二极管（Variable Capacitance Diode）,初中
vegetable,ˈvɛdʒtəbəl; ˈvɛdʒətəbəl,,n.蔬菜；植物；植物人 a.蔬菜的；植物的,初中
vehicle,'viːɪkl,,n.[车辆] 车辆；工具；交通工具；运载工具；传播媒介；媒介物,初中
very,'vɛri,,a.恰好是，正是；甚至；十足的；特有的 ad.非常，很；完全 n.(Very)人名；(英)维里,初中
victory,'vɪktəri,,n.胜利；成功；克服,初中
video,'vɪdɪo,,n.[电子] 视频；录像，录像机；电视 a.视频的；录像的；电视的 v.录制,初中
village,'vɪlɪdʒ,,n.村庄；村民；（动物的）群落,初中
violin,",vaɪə'lɪn",,n.小提琴；小提琴手,初中
visit,'vɪzɪt,,n.访问；参观；逗留 v.访问；参观；视察,初中
visitor,'vɪzɪtɚ,,n.访问者，参观者；视察者；候鸟,初中
voice,vɔɪs,,n.声音；嗓音；发言权；愿望 v.表达；吐露,初中
volleyball,'vɑlɪbɔl,,n.排球,初中
wait,wet,,v.等候；推迟；延缓 n.等待；等候,初中
walk,wɔk,,n.步行，走；散步 v.散步；走过,初中
wall,wɔl,,n.墙壁，围墙；似墙之物 v.用墙围住，围以墙 a.墙壁的,初中
want,wɑnt,,v.需要；希望；应该；缺少 n.需要；缺乏；贫困；必需品,初中
war,wɔr,,n.战争，斗争；军事，战术；冲突，对抗，竞争 v.打仗，作战；对抗,初中
warm,wɔrm,,a.温暖的；热情的 v.同情；激动；变温暖 n.取暖；加热,初中
warn,wɔrn,,v.警告，提醒；通知 n.(Warn)人名；(英)沃恩；(德)瓦恩,初中
wash,wɑːʃ,,n.洗涤；洗的衣服；化妆水；冲积物 v.洗涤；洗刷；冲走；拍打,初中
waste,west,,n.浪费；废物；荒地；损耗；地面风化物 v.浪费；消耗；使荒芜 a.废弃的；多余的；荒芜的,初中
watch,wɑtʃ,,v.观察；注视；看守；警戒 n.手表；监视；守护；值班人,初中
water,ˈwɔtɚ; ˈwɑtɚ,,n.水；海水；雨水；海域，大片的水 v.使湿；供以水；给…浇水,初中
watermelon,'wɔtɚmɛlən,,n.西瓜,初中
way,we,,n.方法；道路；方向；行业；习惯 ad.大大地；远远地 a.途中的,初中
we,wi,,pron.我们（主格）；笔者，本人（作者或演讲人使用）；朕，寡人 n.(We)人名；(缅)韦,初中
weak,wik,,a.[经] 疲软的；虚弱的；无力的；不牢固的,初中
wealth,wɛlθ,,n.财富；大量；富有,初中
weather,'wɛðɚ,,n.天气；气象；气候；处境 v.经受住；使风化；侵蚀；使受风吹雨打 a.露天的；迎风的,初中
website,'websait,,n.网站（全球资讯网的主机站）,初中
Wednesday,'wɛnzde,,n.星期三,初中
week,wik,,n.周，星期,初中
weekday,'wikde,,n.平日，普通日；工作日,初中
weekend,ˈwikend,,n.周末，周末休假；周末聚会 a.周末的，周末用的 v.度周末,初中
weigh,weɪ,,v.权衡；考虑；称…重量 n.权衡；称重量,初中
weight,wet,,n.重量，重力；负担；砝码；重要性 v.加重量于，使变重,初中
welcome,ˈwelkəm,,a.受欢迎的 n.欢迎 v.欢迎 int.欢迎,初中
west,wɛst,,n.西；西方；西部 a.西方的；朝西的 ad.在西方；向西方；自西方,初中
western,'wɛstɚn,,a.西方的，西部的；有西方特征的 n.西方人；西部片，西部小说,初中
wet,wɛt,,a.[气象][物] 潮湿的；有雨的 n.雨天；湿气 v.弄湿,初中
whale,wel,,v.猛揍；使惨败 n.鲸；巨大的东西,初中
what,hwʌt; hwɑt; wʌt; wɑt,,pron.什么；多么；多少 a.什么；多么；何等 ad.到什么程度，在哪一方面 int.什么；多么,初中
whatever,wət'ɛvɚ,,a.不管什么样的 pron.无论什么；诸如此类 conj.无论什么,初中
wheat,wit,,n.小麦；小麦色,初中
Wheel,wil,,n.车轮；方向盘；转动 v.转动；使变换方向；给…装轮子,初中
when,wɛn,,conj.考虑到；既然；当…时；在…时；如果 ad.什么时候，何时；（用于时间的表达方式之后）在那时；其时；当时 pron.那时；什么时侯 n.时间，时候；日期；场合,初中
whenever,wɛn'ɛvɚ,,conj.每当；无论何时 ad.不论何时；随便什么时候,初中
where,wɛr,,ad.在哪里 pron.哪里 conj.在…的地方 n.地点,初中
whether,'wɛðɚ,,conj.是否；不论 pron.两个中的哪一个,初中
which,wɪtʃ,,pron.哪/那一个；哪/那一些 a.哪一个；哪一些,初中
while,waɪl,,conj.虽然；然而；当……的时候 n.一会儿；一段时间 v.消磨；轻松地度过,初中
white,waɪt,,a.白色的；白种的；纯洁的 n.白色；洁白；白种人,初中
who,hu,,pron.谁；什么人,初中
whole,hol,,a.完整的；纯粹的 n.整体；全部,初中
whom,hum,,pron.谁（who的宾格）,初中
whose,huz,,pron.谁的（疑问代词）,初中
why,hwaɪ,,int.哎呀！什么？ ad.为什么,初中
wide,waɪd,,a.广泛的；宽的，广阔的；张大的；远离目标的 ad.广泛地；广阔地；充分地 n.大千世界,初中
wife,wʌɪf,,n.妻子，已婚妇女；夫人,初中
wind,wɪnd; (for v.) waɪnd,,n.风；呼吸；气味；卷绕 v.缠绕；上发条；使弯曲；吹号角；绕住或缠住某人,初中
window,'wɪndo,,n.窗；窗口；窗户,初中
windy,'wɪndi,,a.多风的，有风的；腹胀的；吹牛的,初中
wine,waɪn,,n.酒，葡萄酒；紫红色 v.喝酒,初中
wing,wɪŋ,,n.翼；翅膀；飞翔；派别；侧厅，耳房，厢房 v.使飞；飞过；空运；增加…速度；装以翼,初中
winner,'wɪnɚ,,n.胜利者,初中
winter,'wɪntɚ,,n.冬季；年岁；萧条期 v.过冬 a.冬天的；越冬的,初中
wise,waɪz,,a.明智的；聪明的；博学的 v.使知道；教导 n.(Wise)人名；(英)怀斯,初中
wish,wɪʃ,,n.希望；祝福；心愿 v.祝愿；渴望；向…致问候语,初中
with,wɪð; wɪθ,,prep.用；随着；支持；和…在一起 n.(With)人名；(德、芬、丹、瑞典)维特,初中
without,wɪðˈaʊt,,prep.没有；超过；在…外面 ad.户外；在外面；没有或不显示某事物 n.外部；外面,初中
wonder,'wʌndɚ,,n.惊奇；奇迹；惊愕 v.怀疑；想知道；惊讶 a.奇妙的；非凡的,初中
wonderful,ˈwʌndərfl,,a.极好的，精彩的，绝妙的；奇妙的；美妙；胜；神妙,初中
wood,wʊd,,n.木材；木制品；树林 vi.收集木材 vt.植林于；给…添加木柴,初中
word,wɝd,,n.[语] 单词；话语；消息；诺言；命令 v.用言辞表达,初中
work,wɝk,,n.工作；[物] 功；产品；操作；职业；行为；事业；工厂；著作；文学、音乐或艺术作品 v.使工作；操作；经营；使缓慢前进,初中
worker,'wɝkɚ,,n.工人；劳动者；职蚁,初中
world,wɝld,,n.世界；领域；世俗；全人类；物质生活,初中
worry,ˈwɜːri,,n.担心；烦恼；撕咬 v.担心；发愁；折磨,初中
worth,wɝθ,,a.值…的 n.价值；财产,初中
would,wʊd,,aux.将，将要；愿意 v.will的过去式,初中
wound,wund,,n.创伤，伤口 v.使受伤,初中
write,raɪt,,v.写，写字；写作，作曲；写信,初中
wrong,rɔŋ,,ad.错误地；邪恶地，不正当地 n.坏事；不公正 a.错误的；失常的；不适当的 v.委屈；无理地对待；诽谤,初中
yard,jɑrd,,n.院子；码（英制中丈量长度单位，1码=3英尺）；庭院；帆桁 vt.把…关进或围在畜栏里,初中
year,yir,,n.年；年度；历年；年纪；一年的期间；某年级的学生,初中
yellow,'jeloʊ,,a.黄色的；黄皮肤的 n.黄色；黄种人；黄色颜料 v.使变黄或发黄,初中
yes,jɛs,,"ad.是, 是的 n.是（表示肯定）",初中
yesterday,ˈjɛstədi,,n.昨天；往昔 ad.昨天,初中
yet,jɛt,,ad.还；但是；已经 conj.但是；然而 n.(Yet)人名；(东南亚国家华语)一,初中
you,ju,,pron.你；你们 n.(You)人名；(柬)尤；(东南亚国家华语)猷,初中
young,jʌŋ,,a.年轻的；初期的；没有经验的 n.年轻人；（动物的）崽，仔,初中
your,"jʊr, jɔr, jor,jə",,pron.你的，你们的,初中
yours,jʊrz,,pron.你（们）的东西；你的责任[义务]；你的家属；来信，尊函 a.你（们）的（东西）；信末署名前用语,初中
yourself,jɔr'sɛlf,,pron.你自己,初中
yourselves,jʊə'sɛlvz,,pron.你们自己；你们本人（yourself的复数）,初中
zebra,'zɛbrə; 'zi-,,n.[脊椎] 斑马 a.有斑纹的,初中
zero,ˈzɪərəʊ,,n.零点，零度 num.零,初中
zoo,zu,,n.动物园,初中
cancel,'kænsl,,v.取消， 废除； 抵消； 删去， 划掉,初中
prepare,prɪ'pɛr,,v.准备， 预备,初中
half,hæf,,ad.一半 a.一半的，半个的 n.半，一半,初中
fifty,'fɪfti,,num.五十,初中
England,'iŋɡlənd,,n.英格兰， 英国,初中
hall,hɔl,,n.门厅； 礼堂， 会堂； 办公大楼,初中
your,jʊər; jʊr,,pron.你的， 你们的,初中
pollution,pə'luʃən,,n.污染,初中
pretend,prɪ'tɛnd,,v.假装， 佯作,初中
without,wɪðˈaʊt,,prep.无， 没有,初中
these,ðiz,,pron.这些,初中
tea,ti,,n.茶； 茶点,初中
postman,'postmən,,n.邮递员,初中
pick,pɪk,,v.挑选，选择；采摘 n.挑选； 选中的人,初中
rabbit,'ræbɪt,,n.兔子,初中
ten,tɛn,,num.十， 十个,初中
prison,'prɪzn,,n.监狱,初中
sister,'sɪstɚ,,n.姐， 妹,初中
energy,'ɛnɚdʒi,,n.干劲， 精力； 能量； 能源,初中
mystery,ˈmɪstri,,n.秘密， 神秘的事物,初中
solid,'sɑlɪd,,a.固体的；实心的；结实的，稳固的；可靠的；纯质的，纯色的 n.固体,初中
require,rɪ'kwaɪr,,v.需要； 要求， 命令； 规定,初中
yourselves,jʊə'sɛlvz,,pron.你们自己； 你们亲自,初中
lion,'laɪən,,n.狮子,初中
size,saɪz,,v.按大小排列 n.大小，尺寸，尺码；规模,初中
left,lɛft,,ad.在左边，向左 a.左边的，左侧的 n.左边， 左侧； 左派， 左翼,初中
eleven,ɪ'lɛvn,,num.十一,初中
wine,waɪn,,n.酒,初中
object,'ɑbdʒɛkt,,v.反对， 不赞成； 反对， 不赞成,初中
newspaper,'nuzpepɚ,,n.报纸,初中
flight,flaɪt,,n.航班， 班机； 飞行， 飞翔,初中
eraser,ɪ'resɚ,,n.橡皮,初中
hang,hæŋ,,v.[hung-hung] 悬挂， 吊； 徘徊； [hanged-hanged] 吊,初中
role,rol,,n.作用； 职责； 角色； 任务,初中
achieve,ə'tʃiv,,v.实现， 完成； 获得， 达到,初中
anybody,'ɛnɪbɑdi,,pron.任何人； 随便哪一个人,初中
yellow,ˈjɛlo,,a.黄的 n.黄色,初中
I,aɪ,,pron.我,初中
turn,tɝn,,v.转动， 旋转； 扭转， 转向； 变化， 变成,初中
example,ɪg'zæmpl,,n.例子， 实例； 榜样， 楷模,初中
result,rɪ'zʌlt,,n.结果； 效果； 成绩， 成果,初中
same,sem,,pron.同样的人 a.同一的；相同的，同样的,初中
after,'æftɚ,,adv&prep&conj.在…以后， 在…后面,初中
quiet,'kwaɪət,,a.轻声的， 安静的， 沉默的； 平静的， 寂静的；,初中
connect,kə'nɛkt,,v.连接， 衔接； 联合， 关联； 接通电话,初中
hand,hænd,,v.交， 给 n.手；指针；帮助，援助；手艺，技能,初中
a,ə; e,,indefinite article.一，一个〔用于未曾提及或对方不知道的人或物的名称前〕,初中
salt,sɔlt,,v.腌， 盐渍； 撒盐于 n.盐,初中
address,əˈdrɛs;(for n)ˈædres; ædrɛs,,n.地址,初中
nineteen,",naɪn'tin",,num.十九， 十九个,初中
blood,blʌd,,n.血， 血液； 血统， 家族,初中
straight,stret,,a.直的， 笔直的； 连续的， 不间断的； 直率的； 整齐的， 端正的； 正直的,初中
the,ðə; ði,,art.这；那 ad.更加（用于比较级，最高级前）,初中
ninety,'naɪnti,,num.九十， 九十个,初中
sale,sel,,n.出售， 上市； 贱卖， 廉价出售； 销售额,初中
photograph,'fotəɡræf,,v.拍照 n.照片，相片,初中
police,pə'lis,,n.警方， 警察； 治安,初中
blue,blu,,a.蓝色的；沮丧的，忧郁的；下流的，色情的 n.蓝色,初中
throw,θro,,v.[threw-thrown] 投， 扔， 抛； 使突然陷入； 使困惑， 使吃惊,初中
thank,θæŋk,,v.感谢，向…表示谢意,初中
fifth,fɪfθ,,num.第五 n.五分之一,初中
information,'ɪnfɚ'meʃən,,n.信息， 资料； 通知， 告知,初中
yours,jʊrz,,pron.你的,初中
discuss,dɪ'skʌs,,v.谈论， 讨论， 论述,初中
standard,'stændɚd,,a.标准的 n.标准，规则,初中
correct,kə'rɛkt,,a.正确的，对的；合适的，符合的 v.改正， 纠正； 校准,初中
nobody,"'nəubədi, -bɔdi",,pron.没有人，无人 n.无足轻重的人,初中
empty,ˈɛmptɪ,,a.空的；空闲的；空虚的 v.空， 倒出,初中
wish,wɪʃ,,v.希望， 想要； 但愿； 祝， 祝愿； 盼望， 企求,初中
tie,taɪ,,v.[tying]　拴， 扎， 捆； 把…打结， 系上； 连接， 使有关联； 不分胜负,初中
wise,waɪz,,a.有智慧的， 聪明的； 英明的， 明智的； 博学的， 贤明的,初中
serious,'sɪrɪəs,,a.严重的， 危急的； 重要的， 重大的； 认真的， 严肃的， 庄重的,初中
laugh,læf,,v.笑 n.笑， 笑声,初中
conversation,",kɑnvɚ'seʃən",,n.交谈， 谈话,初中
area,'ɛrɪə,,n.面积； 地区， 地方； 领域， 范围,初中
pay,pe,,v.付钱，支付，交纳 n.工资， 薪金,初中
check,tʃɛk,,v.检查 n.检查； 支票,初中
list,lɪst,,v.把…编列成表； 列举 n.表；目录，名单,初中
European,'jʊrə'piən,,a.欧洲的，欧洲人的 n.欧洲人,初中
strange,strendʒ,,a.奇怪的， 奇异的； 陌生的， 生疏的； 外地的， 异乡的,初中
sand,sænd,,v.用砂纸磨光 n.沙；,初中
toast,tost,,v.烘， 烤； 敬酒， 为…干杯 n.烤面包，吐司；祝酒，祝酒词,初中
frustrate,'frʌstret,,v.使沮丧， 使灰心； 失败,初中
success,sək'sɛs,,n.成就， 成功； 成功的事物， 取得成就的人,初中
authority,ə'θɔrəti,,n.权力，管辖权；,初中
creature,'kritʃɚ,,n.生物， 动物， 人； 创造物， 产物,初中
child,tʃaɪld,,n.儿童，小孩,初中
outgoing,'aʊt'goɪŋ,,a.外出的， 离开的； 即将离职的； 友好的， 好交际的； 外向的,初中
young,jʌŋ,,a.年轻的，青年的；没有经验的；初期的 n.青年人,初中
rope,rop,,v.用绳捆 n.绳索，线缆,初中
instrument,'ɪnstrəmənt,,n.乐器； 仪器， 器械,初中
medium,'midɪəm,,a.中等的；平均的 n.媒介， 工具； 手段， 方法,初中
pear,pɛr,,n.梨,初中
society,səˈsaɪətɪ,,n.社会； 阶层； 社交界； 社团； 协会,初中
root,rut,,v.生根， 扎根 n.根；根本，根源；,初中
treasure,'trɛʒɚ,,v.珍爱， 珍视 n.财宝，珍品,初中
hard,hɑrd,,a.坚硬的， 坚固的； 困难的， 艰苦的； 勤勉的， 刻苦,初中
airline,'ɛrlaɪn,,n.航空公司； 航线,初中
lend,lɛnd,,v.[lent-lent] 把…借给， 出借； 贷,初中
November,no'vɛmbɚ,,n.十一月,初中
ticket,'tɪkɪt,,n.票， 入场券， 车票； 罚款传票； 候选,初中
umbrella,ʌm'brɛlə,,n.伞， 雨伞,初中
perform,pɚ'fɔrm,,v.做， 履行， 完成； 演出， 表演,初中
name,nem,,n.名字， 名称； 名声， 名誉,初中
concentrate,'kɑnsn'tret,,v.全神贯注，全力以赴；集中，聚集；浓缩 n.浓缩物， 浓缩液,初中
cheer,tʃɪr,,v.使振奋，使高兴；为…欢呼，为…喝彩 n.欢呼， 喝彩,初中
room,rum,,n.房间， 室； 空间， 地方； 余地,初中
better,'bɛtɚ,,ad.更， 更好地 a.更好的；有好转的,初中
with,wɪð; wɪθ,,pron.和…一起， 跟， 同； 具有， 带有； 用， 以， 藉； 对…， 关于； 随着,初中
service,'sɝvɪs,,n.公共设施， 公共事业； 公用机构， 服务机构； 服务， 劳务； 维修， 保养,初中
coffee,'kɔfi,,n.咖啡， 咖啡豆； 咖啡树； 咖啡色,初中
there,ðɛr,,ad.在那里， 往那里； 在那方面， 在那点上,初中
lady,'ledi,,n.女士， 小姐； 举止文雅的女子， 淑女,初中
well,wɛl,,ad.好； 妥善地， 有利地； 令人满意地； 完全地； 充分地， 足够地； 很， 相当,初中
suitable,'sutəbl,,a.适当的， 相配的； 合适的， 适宜的,初中
magazine,'mæɡəzin,,n.杂志， 期刊,初中
pocket,'pɑkɪt,,v.把…装入口袋 a.袖珍的， 小型的 n.衣袋，口袋；容器,初中
pioneer,",paɪə'nɪr",,v.开拓， 开创 n.先驱者，倡导者,初中
experiment,ɪk'sperɪmənt,,v.进行试验， 做实验 n.实验，试验,初中
pen,pɛn,,n.钢笔； 圆珠笔； 围栏,初中
hate,het,,v.憎恨，不喜欢 n.厌恶， 憎恨,初中
block,blɑk,,v.阻碍；堵塞 n.大块； 一排房屋； 街区,初中
write,raɪt,,v.[wrote-written] 写， 书写， 写字； 写作， 作曲； 写,初中
pet,pɛt,,a.宠爱的， 表示亲昵的 n.宠物；宠儿,初中
period,'pɪrɪəd,,n.时间， 时期， 时代； 学时， 课时； 句号， 句点,初中
bulb,bʌlb,,n.植物的球茎； 灯泡,初中
understand,'ʌndɚ'stænd,,v.[understood-understood] 理解， 懂； 了解， 意识到； 认为， 以为,初中
birth,bɝθ,,n.出生， 分娩； 出身； 起源， 根源,初中
dismiss,dɪs'mɪs,,v.不予考虑， 不接受； 解雇， 开除； 解散， 遣散； 驳回， 不受理,初中
picnic,'pɪknɪk,,"v.[picnicked-picnicked, picnicking] 去野餐 n.野餐",初中
heaven,ˈhɛvən,,n.天堂，,初中
alright,ɔːl'raɪt,,ad.好， 好吧,初中
loving,'lʌvɪŋ,,a.爱的； 充满爱的；  钟爱的,初中
ever,'ɛvɚ,,ad.在任何时候， 从来； 曾经,初中
unhappy,ʌn'hæpi,,a.不快乐的； 不幸的， 悲惨的,初中
million,'mɪljən,,num.百万,初中
even,'ivən,,ad.甚至；即使 a.平的； 均匀的， 平稳的； 相等的， 均衡的； 偶数的,初中
crazy,'krezi,,a.精神失常的； 疯狂的； 迷恋的， 狂热爱好的,初中
volleyball,'vɑlɪbɔl,,n.排球,初中
coach,kotʃ,,n.教练， 指导； 长途公共汽车； 经济,初中
southeast,",saʊθ'ist",,ad.向东南 a.东南方的， 东南部的， 来自东南的 n.东南，东南,初中
champion,'tʃæmpɪən,,v.拥护 n.冠军；拥护者,初中
hundred,'hʌndrəd,,n.百，一百个；,初中
pink,pɪŋk,,a.粉红色的，桃红色的 n.粉红色， 桃红色,初中
wait,wet,,v.等，等候；服侍，侍候 n.等待， 等待的时间,初中
woman,'wʊmən,,n.成年女子，妇女,初中
queen,kwin,,n.女王， 王后,初中
save,sev,,v.救助，搭救，拯救；储蓄；贮存，保存 prep.除…之外,初中
matter,'mætɚ,,v.要紧， 有关系 n.事情，情况；物质；麻烦事，毛病,初中
ton,tʌn,,n.吨； 大量， 许多,初中
conjunction,kən'dʒʌŋkʃən,,n.联合； 连词,初中
top,tɑp,,n.顶， 顶端； 上部， 上端； 首位， 最高位,初中
too,tu,,ad.也， 还； 太， 过于； 很， 非常,初中
have,həv;hæv,,v.有； 进行， 从事； 享受， 经受； 使， 让； 必须， 不得不,初中
documentary,'dɑkjə'mɛntri,,a.文件的，文献的 n.纪录片,初中
toy,tɔɪ,,v.漫不经心地考虑； 摆弄 n.玩具,初中
product,'prɑdʌkt,,n.产品， 产物； 乘积,初中
famous,'feməs,,a.著名的， 出名的,初中
question,'kwɛstʃən,,n.问题， 议题； 疑问； 询问； 难题， 需讨论(或考,初中
peel,pil,,v.削…的皮，剥…的壳 n.皮； 外衣,初中
spirit,'spɪrɪt,,n.精神；灵魂，幽灵；勇气，气概；,初中
cheap,tʃip,,a.便宜的， 廉价的； 劣质的， 低劣的； 卑鄙的， 低级的,初中
produce,prəˈdus;(for n.)ˈprɒdus; prɑdus,,v.生产， 制造； 展现， 出示； 上演， 制作 n.产品；农产品,初中
picture,'pɪktʃɚ,,n.画， 图片， 照片； 描绘； 电影； 头脑中的情景， 印象 v,初中
cheat,tʃit,,v.欺骗，骗取；作弊 n.欺骗， 欺骗行为； 骗子,初中
regard,rɪ'ɡɑrd,,v.把…看作， 认为； 考虑； 注视， 打量； 注意； 尊敬， 尊重,初中
rose,roz,,n.玫瑰， 蔷薇,初中
thousand,'θaʊznd,,num.一千，一千个,初中
tonight,tə'naɪt,,adv&n.今晚,初中
capital,'kæpɪtl,,a.首要的， 重要的； 死罪的； 大写的 n.资本，资金；首都，首府；大写字母,初中
con,kɑn,,n.反对票， 反对论,初中
almost,'ɔlmost,,ad.几乎， 差不多,初中
cow,kaʊ,,n.母牛； 奶牛,初中
manner,'mænɚ,,n.方式，方法；态度，举止；,初中
upon,ə'pɑn,,prep.在…之上,初中
lab,læb,,n.实验室,初中
pie,paɪ,,n.派， 馅饼,初中
wake,wek,,v.[woke-waken]　醒来， 唤醒； 激起， 唤起； 警觉， 振奋,初中
charity,'tʃærəti,,n.慈善， 施舍； 慈善机构,初中
whether,'wɛðɚ,,conj.是否， 会不会； 不管， 无论,初中
raise,rez,,v.举起， 提高； 增加； 筹集， 征集； 唤起， 引起， 激起； 提出； 养育， 饲养， 种植,初中
west,wɛst,,a.西方的， 西部的， 来自西方 n.西，西方，西部,初中
spoon,spun,,v.用匙舀 n.匙，勺，调羹,初中
quite,kwaɪt,,ad.相当， 颇； 实际上， 真正地； 完全， 十分,初中
lap,læp,,n.腰以下到膝为止的大腿部； 一圈； 一段旅程,初中
tower,'taʊɚ,,v.高于， 优于 n.塔；高楼,初中
traffic,'træfɪk,,v.交易 n.流动的车辆或行人，交通；交易,初中
law,lɔ,,n.法律， 法规； 法学； 律师行业； 规律， 法则,初中
everyone,'ɛvrɪwʌn,,pron.每人， 人人， 各人,初中
lay,le,,v.放置， 放下； 铺， 砌； 下， 产； 设置， 布置； 使处于,初中
plenty,'plɛnti,,n.丰富， 充足， 大量,初中
less,lɛs,,ad.更少地， 更小地 a.更少的，更小的,初中
tutor,'tʊtɚ,,v.辅导 n.导师；家庭教师,初中
girlfriend,'ɡɝlfrɛnd,,n.女朋友； 女性朋友,初中
condition,kən'dɪʃən,,v.训练， 使适应； 对…有重要影响 n.状况，状态；,初中
thirsty,'θɝsti,,a.口渴的； 渴望的， 渴求的,初中
improve,ɪm'pruv,,v.改进， 改善,初中
snow,sno,,v.下雪； 用雪覆盖 n.雪,初中
try,traɪ,,v.试图， 努力； 试验， 试用； 审讯， 审理； 考验， 磨炼,初中
lake,lek,,n.湖,初中
chicken,ˈtʃɪkɪn,,n.小鸡； 鸡肉,初中
bush,buʃ,,n.灌木， 灌木丛,初中
university,",junɪ'vɝsəti",,n.大学,初中
fruit,frut,,n.水果， 果实； 成果， 结果,初中
cause,kɔz,,v.使发生， 引起； 使遭受； 给…带来 n.原因，理由,初中
wound,wund,,v.使受伤， 伤害 n.创伤，伤口,初中
teacher,'titʃɚ,,n.教师,初中
twentieth,ˈtwɛntɪɪθ,,num.第二十 n.二十分之一,初中
design,dɪ'zaɪn,,v.设计； 预订， 指定； 谋划， 构思 n.设计，构想；图样，图案；企图，图谋,初中
extra,'ɛkstrə,,ad.特别地 a.额外的；特别的 n.额外的事物， 另外收费的事物,初中
busy,ˈbɪzɪ,,a.忙的； 专心的； 繁忙的， 热闹的； 正在被占用的,初中
land,lænd,,v.靠岸， 登陆； 降落 n.陆地，地面；土地，田地；国家，国土,初中
department,dɪ'pɑrtmənt,,n.部， 局， 处， 科； 系,初中
floor,flɔr,,n.地面， 地板； 楼层； 发言权； (海,初中
exhibition,ˌɛksəˈbɪʃən,,n.展览,初中
burn,bɝn,,v.[burnt/burned-burnt/burned] 燃烧， 点燃；,初中
modern,'mɑdɚn,,a.现代的， 新式的,初中
lamp,læmp,,n.灯,初中
cry,kraɪ,,v.哭，哭泣；叫喊，鸣，叫；大声地说 n.哭； 哭声； 叫喊； 叫声,初中
doctor,'dɑktɚ,,n.医生； 博士,初中
English,'ɪŋɡlɪʃ,,a.英语的； 英国的 n.英语,初中
obey,ə'be,,v.服从， 听从,初中
lamb,læm,,n.羔羊， 小羊； 羔羊肉,初中
fantastic,fæn'tæstɪk,,a.极好的， 极出色的； 了不起的； 异想天开的， 不实际的； 奇异的， 古怪的,初中
unfamiliar,",ʌnfə'mɪlɪɚ",,a.不熟悉的,初中
spoken,'spokən,,a.口头的， 口语的,初中
tidy,'taɪdi,,a.整洁的，整齐的 v.整洁， 整齐,初中
wall,wɔl,,v.筑墙围住， 用墙隔开 n.墙，壁，围墙,初中
sport,spɔrt,,v.炫耀， 卖弄 n.运动；,初中
walk,wɔk,,v.步行， 散步； 陪…走， 护送…走,初中
marry,'mæri,,v.娶， 嫁， 和…结婚,初中
concert,'kɑnsɚt,,n.音乐会， 演奏会,初中
pity,'pɪti,,n&v.同情， 怜悯； 可惜， 遗憾,初中
discussion,dɪ'skʌʃən,,n.讨论， 谈论,初中
supply,sə'plaɪ,,v.供给， 供应； 满足， 弥补 n.供给，供应；存货，必需品,初中
unimportant,'ʌnɪm'pɔrtnt,,a.不重要的， 琐碎的,初中
leg,lɛɡ,,n.腿， 腿部； 腿， 支柱,初中
beautiful,'bjʊtəfəl,,a.美丽的； 完美的； 出色的,初中
recycle,",ri'saɪkl",,v.回收利用， 再应用,初中
let,lɛt,,v.[let-let]　允许， 让； 假设； 出租； 排放,初中
state,stet,,v.陈述， 说明 n.状态，情况；国家，政府；州,初中
press,prɛs,,v.压， 按， 挤； 压榨， 压迫； 催促， 逼迫 n.报刊，报界，新闻界；出版社；压，按,初中
welcome,ˈwɛlkəm,,v.迎接，欢迎〔刚到达的人〕 a.〔某人〕受欢迎的 n.欢迎，迎接 interjection.欢迎〔用于对刚刚到达的人表示欢迎〕,初中
meeting,'mitɪŋ,,n.会议， 集会； 会合， 相会； 运动会,初中
want,wɔ:nt; wɔnt,,v.想要； 希望； 需要,初中
Africa,ˈæfrɪkə,,n.非洲,初中
opposite,ˈɑpəzɪt; ˈɑpəsɪt,,a.对面的，对立的，相反的 n.对立面； 对立物,初中
pack,pæk,,v.捆扎， 打包； 挤在一起； 塞满,初中
each,itʃ,,pron&adv.各个， 每个,初中
bamboo,",bæm'bu",,n.竹， 竹子,初中
Mr.,'mɪstə(r),,n.先生,初中
difference,'dɪfrəns,,n.差别， 差异； 差， 差额； 分歧,初中
offend,ə'fɛnd,,v.冒犯， 得罪； 伤害…的感情； 使厌恶， 使不舒服； 违犯， 违反,初中
circle,'sɝkl,,v.围着， 圈出； 环绕…移动； 盘旋， 环行 n.圆，圆圈；圈子，界；阶层,初中
thirty,'θɝti,,num.三十， 三十个,初中
cup,kʌp,,n.杯子； 杯； 奖杯,初中
polite,pə'laɪt,,a.有礼貌的， 客气的； 有教养的， 文雅的,初中
cut,kʌt,,"v.[cut-cut, cutting] 切， 剪； 修剪， 剪短； 割破， 划破； 减少， 削减； 中断， 停止",初中
probably,'prɑbəbli,,ad.大概， 或许， 很可能,初中
entertainment,ˌɛntɚ'tenmənt,,n.娱乐； 表演会； 招待， 款待,初中
battery,'bæt(ə)rɪ,,n.电池， 蓄电池； 排炮， 炮组； 一系列， 一套,初中
prize,praɪz,,a.第一流的，了不起的 v.珍视， n.奖赏，奖金，奖品；值得追求的东西,初中
two,tu,,num.二，两个 n.两个,初中
chase,tʃeɪs,,v.追捕； 追求； 寻求,初中
accident,'æksədənt,,n.意外遭遇， 事故,初中
anyway,'ɛnɪ'we,,ad.不管怎么说， 无论如何； 不论以何种方式， 无论从什么角度,初中
pop,pɑp,,v.突然[出人意料]地从〔某物〕中出来，蹦出，离开，脱落 n.流行音乐，流行歌曲,初中
found,faʊnd,,v.创立， 创办， 创建,初中
excuse,ɪkˈskjus; ɪkˈskjuz,,v.原谅， 宽恕； 使免除； 为…辩解， 作为开脱…的理由,初中
shout,ʃaʊt,,v.呼喊，呼叫 n.呼喊， 喊叫声,初中
kitchen,'kɪtʃɪn,,n.厨房； 炊具,初中
escape,ɪˈskep,,v.逃脱，逃走；避免，躲避 n.逃脱， 逃跑； 逃避,初中
funny,'fʌni,,a.有趣的， 可笑的,初中
situation,ˌsɪtʃʊˈeʃən,,n.形势， 局面， 处境； 环境， 状况； 位置， 地点， 场所； 职位， 职务,初中
latest,'letɪst,,a.最近的,初中
think,θɪŋk,,v.想，认为，以为,初中
receive,rɪ'siv,,v.收到， 接到； 受到， 遭到； 接待； 接见； 欢迎,初中
team,tim,,v.合作；　结成一队 n.队，组,初中
tragedy,'trædʒədi,,n.惨事， 灾难； 悲剧,初中
watch,wɑtʃ,,v.注视，观看；看守，监视，照看；小心，当心 n.表； 看管， 监视,初中
speech,spitʃ,,n.讲话， 演说； 言语， 言论； 说话方式,初中
clap,klæp,,"n&v.[clapped-clapped, clapping] 拍手， 鼓掌",初中
purple,'pɝpl,,n&adj.紫色,初中
nice,naɪs,,a.好的； 令人愉快的； 友好的， 好心的； 细致的,初中
Jew,dʒu:,,n.犹太人； 犹太教徒,初中
thing,θɪŋ,,n.事， 事情， 事件； 物， 东西； 局面， 情况， 事态； 所有物， 用品,初中
fashion,'fæʃən,,n.流行款式， 时兴式样；　时尚，　时兴,初中
medical,'mɛdɪkl,,a.医学的， 医疗的,初中
friendship,'frɛndʃɪp,,n.友谊， 友好,初中
till,tɪl,,prep&conj.直到,初中
fridge,frɪdʒ,,n.电冰箱,初中
lie,laɪ,,"v.[lay-lain, lying] 躺， 平放； 位于； 处于(某种状",初中
anymore,ɛnɪ'mɔr,,ad.再， 更， 还； 目前， 现在， 今后,初中
smell,smɛl,,n.气味 v.闻出，闻到，嗅到,初中
unable,ʌn'ebl,,a.不能的， 不会的,初中
late,let,,a.迟的， 晚的； 末期的， 晚期的； 最近的， 新近的； 已故的； 以前的,初中
ham,hæm,,n.火腿,初中
school,skul,,n.学校； 学院， 系； 学业， 上课； 学派， 流派,初中
continue,kən'tɪnju,,v.继续； 延续； 延伸,初中
avenue,'ævənu,,n.林荫道； 道路， 大街,初中
hat,hæt,,n.帽子,初中
shoot,ʃut,,v.[shot-shot] 发射， 射击； 投， 射门， 投篮； 拍摄； 射杀， 射伤； 发芽,初中
realize,ˈriəˌlaɪz,,v.认识到； 了解； 实现,初中
chest,tʃɛst,,n.胸， 胸腔； 柜子， 橱,初中
eastern,'istɚn,,a.东方的， 东部的,初中
chess,tʃɛs,,n.国际象棋， 棋,初中
marathon,"'mærə,θɑn",,n.马拉松长跑； 持久比赛； 〈喻〉拖时长久令人,初中
last,læst,,a.刚过去的， 紧接前面的； 最后的， 最后剩下的； 最不可能的， 最不合适,初中
wash,wɔʃ,,v.洗， 洗去； 冲， 冲掉； 洗衣， 洗脸,初中
doubt,daʊt,,v.怀疑， 不相信 n.疑惑，怀疑,初中
weight,wet,,n.重量， 体重； 砝码， 秤砣； 重压， 负担； 重要性， 重大,初中
jacket,'dʒækɪt,,n.短上衣， 夹克,初中
uncomfortable,ʌn'kʌmftəbl,,a.不舒服的； 不舒适的； 感到不安的， 不自在的,初中
develop,dɪ'vɛləp,,v.发展； 开发； 研制； 成长； 患； 详尽阐述， 发挥； 使显影,初中
pro,pro,,n.〔相对于业余爱好者而言的〕专业人士，职业人员〔尤指职业运动员〕 a.职业性的；专业的 prep.赞成的，支持的,初中
warn,wɔrn,,v.警告， 告诫； 注意， 通知,初中
warm,wɔrm,,a.温暖的， 暖和的； 热情的， 热心的； 暖的,初中
district,'dɪstrɪkt,,n.地区， 区域； 管区， 行政区,初中
chalk,tʃɔk,,n.粉笔,初中
page,peɪdʒ,,n.页， 张,初中
swim,swɪm,,v.游水，游泳 n.游泳,初中
full,fʊl,,a.满的， 装满的； 完全的， 完整的,初中
memory,'mɛməri,,n.记忆； 回忆； 纪念； 存储,初中
away,əˈwe,,ad.向远处，离开 a.不在的； 离开的,初中
scientist,'saɪəntɪst,,n.科学家,初中
impossible,ɪm'pɑsəbl,,a.不可能的， 办不到的,初中
effort,'ɛfɚt,,n.努力， 尝试； 努力的成果， 成就,初中
video,'vɪdɪo,,a.录像的 v.制作…的录像 n.录像；录像带,初中
house,haʊs,,v.供宿， 给…房子住 n.房屋，住宅；[H-]议院,初中
wave,wev,,v.挥手示意； 波动， 飘动； 高潮， 高涨 n.波，波浪；挥动,初中
anything,'ɛnɪ'θɪŋ,,pron.无论什么东西， 随便什么事情； 任何东西， 任何事情,初中
yesterday,ˈjɛstɚdɪ;-de,,adv&n.昨天,初中
schoolwork,"'skʊl,wɝk",,n.学校作业， 课堂作业； 家庭作业,初中
furry,ˈfɜri,,a.毛皮的， 盖着毛皮的,初中
early,'ɝli,,ad.在开始阶段， 在初期； 提前， 提早 a.早期的；提早的，提前的,初中
pain,pen,,v.使痛苦 n.痛，疼痛；痛苦，悲痛；,初中
disease,dɪ'ziz,,n.疾病， 病患； 不健全， 弊端,初中
yes,jɛs,,adv&n.是， 是的,初中
center,'sɛntɚ,,v.集中于 n.圆心，正中；中心,初中
start,stɑrt,,v.发动； 创办， 开办； 开始， 着手； 动身， 出发； 吃惊， 惊奇,初中
most,most,,ad.最；极其，十分 a.最多的， 最大的； 大多数的， 大部分的,初中
yet,jɛt,,ad.还，尚，仍然；已经；甚至，更 conj.然而， 但是,初中
teen,tin,,a.青少年的 n.少年男女，青少年,初中
engineer,",ɛndʒɪ'nɪr",,n.工程师， 机械师,初中
supper,'sʌpɚ,,n.晚餐,初中
pair,pɛr,,v.成对， 配对 n.一双，一对，一副；一对夫妇，一对情侣,初中
lifestyle,'laɪfstaɪl,,n.生活方式,初中
manage,'mænɪdʒ,,v.管理， 控制； 操纵， 应付； 设法做到,初中
short,ʃɔrt,,ad.简短地； 突然地， 唐突地 a.短的，矮的；简短的；短缺的，不足的,初中
time,taɪm,,n.时间， 时刻； 次， 回； 时机， 机会； 倍； 时代， 时期,初中
cabbage,ˈkæbɪdʒ,,n.卷心菜， 洋白菜,初中
national,'næʃnəl,,a.国家的， 全国的； 民族的； 国有的， 国立的,初中
happy,'hæpɪ,,a.快乐的， 愉快的； 幸福的； 令人满意的,初中
program,'proɡræm,,n.节目单； 节目， 表演， 演出； 计划， 方案； 程序,初中
myself,maɪ'sɛlf,,pron.我自己； 我亲自， 我本人,初中
three,θri,,num.三， 三个,初中
put,pʊt,,"v.[put-put, putting] 放， 摆， 使处于； 说， 表达； 提出， 提交； 记下，",初中
climb,klaɪm,,v.攀登， 爬； 上升， 增长,初中
hen,hɛn,,n.母鸡； 雌禽,初中
her,hɚ,,pron.她 a.她的,初中
season,'sizn,,n.季节,初中
specifically,spə'sɪfɪkli,,ad.明确地， 特定地， 具体地,初中
enter,'ɛntɚ,,v.进入； 参加， 加入,初中
lonely,'lonli,,a.孤独的， 寂寞的； 荒凉的， 人迹稀少的,初中
hey,he,,int.嘿,初中
gallery,'gæləri,,n.画廊， 美术馆； 楼座； 廊台， 走廊,初中
lesson,'lɛsn,,n.课； 教学单元； 一堂课， 一节课； 教训， 经验,初中
destroy,dɪ'strɔɪ,,v.破坏， 毁灭,初中
moon,mun,,n.月球， 月亮； 卫星,初中
creative,krɪ'etɪv,,a.创造性的， 具有创造力的,初中
provide,prə'vaɪd,,v.供应， 提供,初中
light,laɪt,,a.光线充足的， 明亮的； 淡 n.光，光亮；光源，灯；火,初中
passenger,pæsndʒɚ,,n.乘客， 旅客,初中
tiny,'taɪni,,a.极小的， 微小的,初中
primary,'praɪmɛri,,a.最初的， 最早的； 首要的， 根本的,初中
artist,'ɑrtɪst,,n.艺术家， 画家； 能手,初中
lazy,ˈlezɪ,,a.懒惰的， 懒散的； 慢吞吞的,初中
bright,braɪt,,a.明亮的， 光明的； 聪明的， 机灵的； 欢快的； 鲜艳的； 清晰的,初中
alien,"ˈeliən,ˈeljən",,a.外国的；外星的；陌生的；格格不入的 n.外国人； 外星人,初中
smart,smɑrt,,a.聪明的，精明的，高明的；漂亮的 n.剧痛,初中
lot,lɑt,,n.许多， 大量； 签， 抽签； 一块地， 场地,初中
tourist,'tʊrɪst,,n.旅游者， 观光者,初中
low,ləu,,a.低的， 矮的； 低下的， 低等的； 粗劣的， 低俗的； 不充分的， 缺乏的； 意气,初中
theme,θim,,n.主题， 题目； 【音】主旋律,初中
wealth,wɛlθ,,n.财富， 财产； 丰富， 大量,初中
wallet,'wɑlɪt,,n.皮夹子,初中
doll,dɑl,,n.玩偶， 玩具娃娃,初中
chair,tʃɛr,,v.担任主席 n.椅子；主席，主席席位,初中
centre,sɛntɚ,,v.集中于 n.圆心，正中；中心,初中
tennis,ˈtɛnɪs,,n.网球,初中
chat,tʃæt,,"n&v.[chatted-chatted, chatting] 闲谈， 聊天",初中
fetch,fɛtʃ,,v.拿来； 请来， 叫来,初中
choice,tʃɔɪs,,n.选择， 选择权； 供选择的东西； 被选中的东西,初中
travel,'trævl,,v.旅行； 行进； 被传送， 被传播； 走过， 驶过 n.旅行，游历,初中
small,smɔl,,a.小的； 少的； 不重要的,初中
door,dɔr,,n.门， 出入口； 家， 户,初中
quick,kwɪk,,ad.快， 迅速地 a.快的，迅速的；灵敏的，敏捷的；性急的，不耐烦的,初中
fiction,'fɪkʃən,,n.小说,初中
before,bɪ'fɔr,,conj.在…以前 prep.在…以前；在…之前，先于；在…前面，在…面前,初中
dad,dæd,,n.爸爸,初中
sixteenth,'sɪks'tinθ,,num.第十六 n.十六分之一,初中
tell,tel,,v.[told-told] 讲， 告诉； 吩咐， 命令； 说明， 显示； 分辨， 区分,初中
stomach,'stʌmək,,v.承受， 忍受； 吃得下 n.胃，胃口；肚子，腹部,初中
husband,'hʌzbənd,,n.丈夫,初中
appointment,ə'pɔɪntmənt,,n.约会； 约定； 任命， 委派； 职务， 职位,初中
experience,ɪk'spɪrɪəns,,v.经历， 体验， 感受 n.经历，阅历；经验，体验,初中
him,hɪm,,pron.他,初中
listen,'lɪsn,,v.听； 听信,初中
hit,hɪt,,v.[hit-hit; hitting] 打， 击中； 碰撞,初中
his,hɪz,,pron.他的,初中
major,'medʒɚ,,a.较大的；主要的 v.主修， 专攻 n.专业；少校,初中
beat,bit,,v.[beat-beaten]　打， 击， 敲； 打败， 胜过； 跳动,初中
worldwide,'wɝldwaɪd,,ad.在世界各地， 在全世界 a.世界范围的，全世界的,初中
bear,bɛr,,v.忍受，忍耐，经受住 n.熊,初中
eighty,ˈeti,,num.八十,初中
consider,kən'sɪdɚ,,v.考虑， 细想； 认为， 把…看作； 关心， 照顾,初中
day,de,,n.天， 一昼夜； 白昼， 白天； 时期， 时代； 工作日；,初中
housework,'haʊs'wɝk,,n.家务劳动,初中
banana,bə'nænə,,n.香蕉,初中
island,'aɪlənd,,n.岛， 岛屿,初中
tree,tri,,n.树,初中
particular,pɚ'tɪkjəlɚ,,a.特定的， 某一的； 不寻常的， 特别的， 特有的； 讲究的， 挑剔的；,初中
water,ˈwɔtɚ,,n.水，雨水，,初中
August,ɔˈɡʌst,,n.八月,初中
square,skwɛr,,a.正方形的；平方的；直角的 v.求平方； 求…的面 n.正方形；平方；广场,初中
careless,'kɛrləs,,a.粗心的； 草率的； 随便的； 不关心的， 满不在乎的,初中
twice,twaɪs,,ad.两倍； 两次,初中
soap,sop,,n.肥皂,初中
morning,'mɔrnɪŋ,,n.早晨， 上午,初中
part,pɑrt,,n.一部分， 部分； 零件； 角色； 职责， 作用； 器官，,初中
their,ðɛr,,adj&pron.他们的,初中
percent,pɚ'sɛnt,,a.百分之… n.百分比，百分率,初中
thirteen,'θɝ'tin,,num.十三， 十三个,初中
point,pɔɪnt,,n.要点； 观点； 点； 小数点； 时刻， 地点； 尖， 尖端； 分数， 得分,初中
bike,baɪk,,n.自行车,初中
general,'dʒɛnrəl,,a.一般的，普通的；普遍的，全体的；笼统的，大体的 n.将军； 一般原则,初中
east,ist,,ad.向东方 a.东方的；来自东方的 n.东，东部,初中
sixteen,",sɪks'tin",,num.十六， 十六个,初中
hospital,'hɑspɪtl,,n.医院,初中
park,pɑrk,,v.停放 n.公园；停车场,初中
eighth,etθ,,num.第八 n.八分之一,初中
clear,klɪr,,ad.清晰地， 清楚地 a.清楚的，明白的；无疑的，确信的；晴朗的；清澈的,初中
clean,klin,,a.清洁的， 干净的； 爱清洁的； 清白的， 公正的；,初中
meal,mil,,n.膳食， 一餐， 一顿； 进餐,初中
sock,sɑk,,v.重击，痛打,初中
someone,'sʌmwʌn,,pron.有人， 某人,初中
third,θɝd,,num.第三 n.三分之一,初中
build,bɪld,,v.建筑，建造，盖；造 n.体格；体形，身材,初中
mean,min,,v.[meant-meant] 表示…的意思； 意欲， 打算； 意指， 意味着,初中
meat,mit,,n.肉,初中
chew,tʃʊ,,v.咀嚼； 咬住， 不停地啃,初中
hurry,'hɝrɪ,,v.使加快，催促；急运，急派；匆忙，赶紧 n.急忙， 匆忙， 仓促,初中
schoolbag,ˈskulˌbæɡ,,n.书包,初中
chopsticks,"'tʃɑp,stɪks",,n.筷子,初中
path,pæθ,,n.小路， 小径； 路线， 途径， 路径,初中
trip,trɪp,,n.旅游；旅行，出行 v.绊；绊倒,初中
casually,'kæʒjʊrlɪ,,ad.偶然地； 随便地； 临时地,初中
record,(for v.) rɪˈkɔrd; (for n.) ˈrekərd;ˈrɛkɚd,,n.记录， 记载； 唱片； 最高纪录， 最佳成绩； 记录， 记载； 唱片； 最高纪录， 最佳成绩,初中
railway,'relwe,,n.铁道， 铁路,初中
strict,strɪkt,,a.严格的， 严厉的； 严谨的， 精确的； 完全的，,初中
modest,'mɑdɪst,,a.谦虚的， 谨慎的； 适度的,初中
you,ju,,pron.你， 你们,初中
jump,dʒʌmp,,n&v.跳跃， 跳过； 猛涨， 激增,初中
happen,'hæpən,,v.发生； 碰巧， 恰好,初中
sofa,'sofə,,n.沙发,初中
pass,pæs,,v.经过， 穿过； 传递， 传送； 度过； 通过； 批准,初中
past,pæst,,a.以前的，过去的；结束了的，不复存在的 prep.晚于，在…之后 n.昔日，,初中
festival,ˈfɛstəvl,,n.节， 节日， 喜庆日,初中
mile,maɪl,,n.英里,初中
shock,ʃɑk,,n.震动， 冲击； 震惊， 惊愕； 电震， 电击， 触电,初中
milk,mɪlk,,v.挤 n.牛奶,初中
opportunity,ˌɑpɚˈtunətɪ,,n.机会， 良机,初中
bill,bɪl,,n.账单； 议案， 法案； 纸币， 钞票； 单子， 节目单； 招贴， 海报,初中
pancake,'pænkek,,n.薄煎饼， 烙饼,初中
active,'æktɪv,,a.活跃的； 积极的； 主动的； 起作用的,初中
court,kɔrt,,v.献殷勤； 追求， 求爱； 招致， 导致 n.法庭，法院；宫廷，朝廷；球场,初中
easy,'izi,,a.容易的， 不费力的； 舒适的， 安逸的； 随和的， 友善的,初中
whose,huz,,pron.谁的； 那个的， 那些的,初中
population,",pɑpju'leʃən",,n.人口； 某领域的生物； 族群； 人口,初中
route,raʊt,,n.路线， 路程,初中
Monday,ˈmʌnde; ˈmʌndɪ,,n.星期一,初中
adult,'ædʌlt,,a.发育成熟的； 成熟的， 成人的 n.成年人；成年动物,初中
relative,'rɛlətɪv,,a.相对的；比较的；有关的，相关的 n.亲属， 亲戚,初中
attitude,'ætɪtʊd,,n.态度； 看法， 意见,初中
treatment,'tritmənt,,n.治疗， 疗法； 对待， 待遇； 处理,初中
mirror,'mɪrɚ,,v.反映； 反射， 映照 n.镜子,初中
compare,kəm'pɛr,,n&v.比较； 比喻,初中
bottle,'bɑtl,,n.瓶子,初中
hot,hɑt,,a.热的； 辣的； 激烈的， 热烈的； 急躁的， 易发怒的； 最新的， 热,初中
how,haʊ,,ad.怎么， 怎样； 多么， 多少,初中
October,ɑk'tobɚ,,n.十月,初中
hotel,ho'tɛl,,n.旅馆， 宾馆,初中
term,tɝm,,n.措词，术语；期限，任期；学期；,初中
spare,spɛr,,a.备用的；多余的；空闲的 v.留出， 抽出； 饶恕， 不伤害； 使免遭，,初中
mine,maɪn,,pron.我的 v.开矿， 采矿 n.矿，矿山；地雷；水雷,初中
mind,maɪnd,,n.头脑， 精神， 理智； 智力； 注意力， 心思； 意向， 想法,初中
chip,tʃɪp,,v.削下 n.碎片；芯片,初中
business,ˈbɪznɪs,,n.交易， 生意； 营业； 商业； 工作， 任务； 事务,初中
tail,tel,,v.附于其后； 尾随， 跟踪 n.尾巴，尾状物；后部，尾部；踪迹,初中
staff,stæf,,v.为…配备人员， 任职于 n.全体职工，工作人员；杠，棒；参谋部,初中
possible,'pɑsəbl,,a.可能的， 做得到的； 可接受的， 合理的,初中
right,raɪt,,a.正确的； 正当的， 公正的； 右边的； 合适的；　健康的， 正常的； 直的,初中
march,mɑrtʃ,,v.行军，前进；游行示威 n.行进， 行军； 游行示威； 进行， 进展； [M-] 三月,初中
meet,mit,,v.[met-met] 遇见， 碰到； 接； 和…见面， 和…会面,初中
answer,'ænsɚ,,v.回答， 答复； 解答， 解决； 作 n.回答，答复；答案，解决办法,初中
stage,stedʒ,,n.舞台， 后台； 平台， 高台； 楼层， 楼架,初中
borrow,'bɑro,,v.借， 借入； 借用， 采用,初中
junk,dʒʌŋk,,v.丢弃， 废弃 n.废旧物品，破烂,初中
waiter,'wetɚ,,n.侍者， 服务员,初中
under,'ʌndɚ,,prep.在…下面， 在…底下； 少于； 低于； 在…管辖下， 在…影响下,初中
purse,pɝs,,n.钱包； 女用小包,初中
spotlight,'spɑtlaɪt,,v.用聚光灯照； 特别关注； 突出报道 n.聚光灯；公众的注意,初中
represent,",rɛprɪ'zɛnt",,v.作为…的代表； 描述； 表示； 象征； 描绘， 表现； 阐明， 说明； 扮演,初中
quarter,'kwɔrtɚ,,n.四分之一；季，季度；一刻钟；25分的硬币；,初中
die,daɪ,,v.[dying]　死， 死亡； 消失； 停止运行； 渴望； 消,初中
dig,dɪɡ,,v.挖（土等），掘（洞） n.挖苦，嘲讽,初中
sometimes,'sʌmtaɪmz,,ad.不时； 有时， 间或,初中
promise,'prɑmɪs,,v.允诺，答应；有…可能，有希望 n.承诺， 诺言； 可能性， 希望,初中
down,daʊn,,ad.向下，在下面；处于低等地位，处于潦倒状况 a.沮丧 prep.沿着…而下,初中
hold,hold,,v.[held-held] 拿， 握； 使保持某种状态；,初中
tale,tel,,n.故事， 传说,初中
later,'letɚ,,ad.后来；过一会儿 a.后来的， 以后的， 后面的； 新近的； 晚年的,初中
passport,'pæspɔrt,,n.护照,初中
lookout,'lʊk'aʊt,,n.警戒， 监视； ■望台， 监视哨； ■望员， 监视者； 与个人有关的事情， 任务,初中
bird,bɝd,,n.鸟； 禽,初中
club,klʌb,,n.俱乐部， 社团,初中
talk,tɔk,,v.说， 讲话； 交谈， 谈论,初中
tall,tɔl,,a.高的， 身材高的； 难以置信的； 难以办成的,初中
reply,rɪ'plai,,n&v.回答， 答复， 以…作答,初中
train,tren,,v.训练； 培养 n.列车，火车；一连串，一系列；行列,初中
possibly,'pɑsəbli,,ad.大概， 也许,初中
test,tɛst,,n&v.试验， 测试； 检验,初中
planet,'plænɪt,,n.行星,初中
count,kaʊnt,,v.点…的数目， 计算； 把…算入； 认为， 看作； 值得考虑， 有重要意义,初中
brown,braʊn,,a.棕色的，褐色的 n.棕色， 褐色,初中
take,tek,,v.[took-taken] 带， 携带； 需要， 花费； 拿， 取得； 接受； 吃， 喝， 服(药,初中
misleading,",mɪs'lidɪŋ",,a.令人误解的， 导致错误结论的； 引入歧途的； 欺骗的； 迷惑人的,初中
final,'faɪnl,,a.最后的，最终的；决定性的，确定性的 n.期末考试； 决赛,初中
some,sʌm;səm,,ad.大约； 稍微 pron.一些，若干 a.一些，若干，有些；某个，某一,初中
blank,blæŋk,,a.空白的， 空着的； 茫然的， 无表情的,初中
rather,'ræðɚ,,ad.相当； 有点儿； 宁愿， 宁可； 更确切地说,初中
importance,ɪm'pɔrtns,,n.重要,初中
back,bæk,,ad.回原处，回原状；向后，后仰着；还；以前；回，往回 n.背， 背部； 后面，,初中
miss,mɪs,,v.未击中， 未达到； 未赶上， 错过； 思念， 想念； 未明白； 避免， 逃脱 n.小姐,初中
pound,paʊnd,,v.强烈打击， 猛击； 心怦怦跳； 费力地移动 n.磅；英镑,初中
company,'kʌmpəni,,n.公司， 商号； 陪伴， 交往； 同伴， 朋友； 客人； 群， 伙,初中
just,dʒʌst,,ad.正好， 恰恰正是； 只是， 仅仅； 刚才； 确实， 真正地； 非常； 勉强地,初中
human,'hjumən,,a.人的；人性的；有人情味的，有人性的 n.人,初中
notice,'notɪs,,v.注意到，察觉到 n.注意， 察觉； 通知， 布告,初中
owner,'onɚ,,n.物主， 所有人,初中
hometown,'homtaʊn,,a.家乡的 n.家乡,初中
relax,rɪ'læks,,v.放松， 松弛； 放宽， 缓和,初中
custom,'kʌstəm,,n.习惯，风俗；惯例；,初中
permission,pɚ'mɪʃən,,n.许可， 允许,初中
home,hom,,a.家庭的； 家用的； 国内的 n.家乡；家，家庭；原产地，发源地,初中
hole,hol,,n.洞， 孔眼； 漏洞， 缺陷,初中
print,prɪnt,,v.印刷， 出版； 用印刷体写； 冲洗,初中
material,mə'tɪrɪəl,,a.物质的， 实际的； 客观存在的； 重要的 n.材料，原料；素材；布料,初中
although,ɔl'ðo,,conj.虽然， 尽管； 然而,初中
beach,bitʃ,,n.海滩， 沙滩,初中
baby,bebɪ,,n.婴儿,初中
iron,'aɪɚn,,v.熨， 烫 n.铁；烙铁，熨斗,初中
adverb,'ædvɝb,,n.副词,初中
president,'prɛzɪdənt,,n.总统； 主席； 校长， 会长； 董事长， 总经理,初中
explain,ɪk'splen,,v.讲解， 说明,初中
hum,hʌm,,"v.[hummed-hummed, humming] 哼曲子； 发出嗡嗡声； 忙碌， 充满活力",初中
basket,'bæskɪt,,n.篮， 篓， 筐,初中
lunch,lʌntʃ,,n.午餐,初中
hope,hop,,n&v.希望， 期望,初中
thirteenth,'θɝtinθ,,num.第十三 n.十三分之一,初中
attempt,ə'tɛmpt,,n&v.尝试， 企图； 努力,初中
thick,θɪk,,a.厚的， 粗的； 笨的， 迟钝的； 稠的， 浓的； 密的， 密集的,初中
soon,sun,,ad.不久， 即刻； 早， 快,初中
December,dɪ'sɛmbɚ,,n.十二月,初中
tape,tep,,v.系， 捆； 把…录在磁带上 n.带子；磁带；录像带,初中
balance,'bæləns,,v.使平衡， 使均衡； 称； 权衡 n.天平，称；均衡，平衡；结存，结欠,初中
lock,lɑk,,v.锁上；卡住 n.锁； 船闸,初中
fear,fɪr,,n.害怕， 恐惧； 恐惧的原因； 令人恐惧的事物,初中
song,sɔŋ,,n.歌， 歌曲； 鸣声， 歌声,初中
cookie,'kʊki,,n.饼干,初中
belt,bɛlt,,n.地带， 地区； 腰带， 皮带,初中
chop,tʃɑp,,v.切，劈，砍 n.〔羊、猪等〕排骨,初中
cream,krim,,a.奶油色的 n.奶油；护肤霜；奶油色,初中
sense,sɛns,,v.觉得， 意识到 n.感官，官能；感觉；判断力，见识,初中
bell,bɛl,,n.钟， 铃； 钟声， 铃声,初中
heavy,'hɛvi,,a.重的， 重型的； 大量的， 密集的； 严重的， 严厉的； 剧烈的， 繁重的； 沉重,初中
Canada,'kænədə,,n.加拿大,初中
afford,ə'fɔrd,,v.买得起， 负担得起； 提供， 给予,初中
field,fild,,n.田地， 田野； 场地；　领域， 界，　学科,初中
underground,ʌndɚˈɡraʊnd,,a.地下的；秘密的，不公开的 n.〈英〉地铁,初中
baseball,'besbɔl,,n.棒球,初中
dog,dɔɡ,,n.狗； 犬科动物,初中
upset,ʌp'sɛt,,a.心烦的， 苦恼的； 不适的； 心烦的， 苦恼的； 不适的 n.困扰，麻烦；出乎意料的结局；困扰，麻烦；出乎意料的结局,初中
thief,θif,,n.贼， 小偷,初中
embarrassed,ɪm'bærəst,,a.尴尬的， 为难的； 陷入困境的， 窘迫的,初中
unpleasant,ʌn'plɛznt,,a.使人不愉快的， 厌恶的； 煞风景的； 不和的， 不客气的,初中
skin,skɪn,,n.皮； 兽皮， 毛皮； 外皮， 外壳,初中
stamp,stæmp,,n.邮票， 印花； 印， 图章； 标志， 印记； 跺脚， 顿足,初中
summer,'sʌmɚ,,n.夏天， 夏季,初中
eight,et,,num.八,初中
mention,'mɛnʃən,,n&v.提及， 说起,初中
mad,mæd,,a.疯的， 神经错乱的； 恼火的， 狂怒的； 狂热的， 着迷的,初中
barbecue,'bɑrbɪkju,,v.在烤架上烧烤 n.烧烤野餐；金属烤架,初中
next,nɛkst,,ad.接下去， 然后； 居后地， 次于 a.下一个的；紧接在后的；接下来的,初中
stream,strim,,v.流， 涌 n.小河，溪流；流，一股；一连串,初中
member,'mɛmbɚ,,n.成员， 会员,初中
nurse,nɝs,,v.护理， 照料 n.护士；保姆，保育员,初中
man,mæn,,n.成年男子，男人 v.在〔某系统、设备等上〕工作；使用，操纵〔某系统、设备等〕 interjection.喂，嘿，啊呀〔用于强调正在说的话，尤在生气、吃惊、失望等时使用〕,初中
stand,stænd,,v.[stood-stood] 站， 站立； 坐落， 位于； 继续存在， 保持有效； 处于特定状态,初中
map,mæp,,v.在地图上标示出； 绘制…的地图 n.地图，图,初中
together,tə'ɡɛðɚ,,ad.在一起， 共同； 一致地， 协调地,初中
illness,'ɪlnəs,,n.病， 疾病,初中
twenty,'twɛnti,,num.二十， 二十个,初中
cigarette,"ˌsɪɡəˈrɛt, ˈsɪɡəˌrɛt",,n.香烟,初中
may,me,,modal verb.可能，也许 n.山楂花,初中
forward,'fɔrwɚd,,ad.向前；向将来，从今往后 a.前部的， 位于前面的,初中
could,kəd; kʊd,,modal verb.能，会，可以〔can 的过去式〕,初中
health,hɛlθ,,n.健康； 卫生， 保健,初中
positive,'pɑzətɪv,,a.积极的， 正面的； 肯定的； 【电】正的， 阳性的； 确实的， 明确的； 十足的，,初中
menu,'mɛnju,,n.菜单,初中
machine,mə'ʃin,,n.机器， 机械,初中
able,'ebl,,a.能够…的， 得以…的； 有才干的， 能力出,初中
evening,'ivnɪŋ,,n.傍晚， 晚上,初中
mend,mɛnd,,v.修理， 修补； 改良， 改进； 修正， 改正； 恢复健康， 痊愈,初中
return,rɪ'tɝn,,v.返回，回来；回复，回应；退回；回报 n.返回， 回来； 偿还， 归还； 恢复； 回,初中
instance,'ɪnstəns,,n.例子， 实例， 事例； 情况,初中
opera,'ɑprə,,n.歌剧,初中
mail,mel,,v.邮寄 n.邮政，邮递；邮件，邮包；电子邮件,初中
use,juz,,v.用，使用；耗费，消费 n.使用， 应用； 用途， 效用,初中
feel,fil,,v.感受到，觉得，体会到 n.感觉,初中
thrill,θrɪl,,n.兴奋， 激动； 引起激动的事物； 震动， 颤抖,初中
main,meɪn,,a.主要的； 最重要的,初中
serve,sɝv,,v.为…服务； 任； 招待， 接待， 伺候； 符合， 适用于， 满足； 供应；,初中
cough,kɔf,,n&v.咳， 咳嗽,初中
smile,smaɪl,,v.微笑， 露出笑容； 笑， 用微笑表示 n.微笑，笑容,初中
radio,'redɪo,,v.用无线电传送 n.无线电广播；设备；收音机,初中
solution,sə'luʃən,,n.解决， 解答， 解决办法； 溶液,初中
fine,faɪn,,a.健康的， 舒适的； 极好的， 优秀的； 纤细的， 细小的； 精制的， 高质量的；,初中
find,faɪnd,,v.发现，找到 〔一直在寻找之物〕 n.〔尤指通过挖掘或水下打捞找到的〕发现物,初中
host,host,,n.主人； 东道主； 节目主持人； 许多， 大量,初中
international,",ɪntɚ'næʃnəl",,a.国际的， 世界的,初中
terrible,'tɛrəbl,,a.极度的， 厉害的； 可怕的， 骇人的； 很糟的， 极坏的,初中
combine,kəm'baɪn,,v.联合，结合 n.联合企业； 联合收割机,初中
waste,west,,v.浪费， 未充分利用 n.浪费，糟蹋；废料，废弃物,初中
turtle,'tɝtl,,n.海龟,初中
comedy,'kɑmədi,,n.喜剧， 喜剧性,初中
pleasant,'plɛznt,,a.舒适的； 令人愉快的； 讨人喜欢的,初中
equipment,ɪ'kwɪpmənt,,n.装备， 配备,初中
difficult,ˈdɪfəkəlt,,a.困难的； 难懂的； 难以取悦的,初中
dry,draɪ,,a.干的，干旱的；口渴的 v.使干， 使脱水,初中
film,fɪlm,,v.拍摄电影 n.影片，电影；胶片，胶卷；薄层，薄膜,初中
sort,sɔrt,,v.分类， 整理 n.种类，类别；某一种人，某一类人,初中
pressure,'prɛʃɚ,,v.对…施加压力； 迫使， 说服 n.压；压强；强制，压迫,初中
fill,fɪl,,v.装满；　使充满；满足 n.填满…的量；　吃饱的量,初中
heart,hɑrt,,n.心， 心脏； 内心， 感情； 勇气， 热忱； 中心， 要点,初中
dentist,'dɛntɪst,,n.牙科医生,初中
trash,træʃ,,n.垃圾， 废物； 拙劣的文学作品； 没用,初中
feed,fid,,v.[fed-fed] 喂， 为…提供食物； 吃， 以…为,初中
forget,fɚ'ɡɛt,,v.[forgot-forgotten] 忘记， 遗忘,初中
task,tæsk,,n.任务， 工作； 作业,初中
convenient,kənˈvinjənt,,a.方便的， 便利的,初中
background,'bækɡraʊnd,,n.出身背景， 经历； 背景资料； 背景， 底子,初中
true,tru,,a.真实的， 确实的； 真正的， 真的； 忠诚的， 忠实的； 准确的， 精确的,初中
position,pə'zɪʃən,,v.安放， 安置 n.位置，方位；职位，职务；姿势，姿态；立场,初中
neck,nɛk,,n.颈， 脖子； 领圈， 领口,初中
since,sɪns,,ad.后来， conj.自…以来，从…以后；因为，既然 prep.自…以来，从…以后,初中
handsome,'hænsəm,,a.漂亮的， 英俊的； 端庄健美的， 好看的； 慷慨的， 可观的,初中
soup,sup,,n.汤,初中
stair,stɛr,,n.梯级,初中
belong,bɪ'lɔŋ,,v.属于， 应归入,初中
dangerous,'dendʒərəs,,a.危险的， 不安全的,初中
best,bɛst,,ad.最好， 最 a.最好的,初中
mess,mɛs,,n.凌乱的状态， 脏乱的状态； 混乱的局面， 困,初中
sour,'saʊɚ,,a.酸的， 酸味的； 馊的， 酸臭的； 乖戾的， 尖酸刻薄的； 发酸的； 酸痛的,初中
native,'netɪv,,a.出生地的；当地的 n.土生土长者， 本国人,初中
breath,brɛθ,,n.气息， 呼吸的空气， 呼吸； 微风， 轻微流动,初中
ball,bɔl,,n.球， 球状物； 舞会,初中
hour,'aʊr,,n.小时，钟点；时间，时刻；,初中
repeat,rɪ'pit,,n&v.重复； 重说； 重做,初中
nervous,'nɝvəs,,a.神经紧张的， 情绪不安的； 神经系统的； 神经性的,初中
make,mek,,v.[made-made] 做， 制造； 作出， 制定； 使， 迫使； 获得， 挣得； 成为， 到达,初中
microwave,'maɪkrə'wev,,n.微波； 微波炉,初中
structure,'strʌktʃɚ,,v.构造， 建造 n.结构，构造；建筑物,初中
master,'mæstɚ,,v.掌握，精通；征服 a.主要的， 最重 n.主人，雇主；能手；名家，大师,初中
outdoor,'aʊt'dɔr,,ad.在户外， 在野外 a.户外的，野外的,初中
orange,'ɔrɪndʒ,,a.橙色的 n.橙，柑，橘；橙汁，橘汁,初中
online,'ɑn'laɪn,,a.在线的； 联机的， 联网的,初中
writer,'raɪtɚ,,n.作者， 作家,初中
fence,fɛns,,v.围住，　隔开； 回避，　搪塞 n.栅栏，篱笆,初中
depend,dɪ'pɛnd,,v.依靠， 依赖； 信赖， 相信； 取决于， 视…而定,初中
about,ə'baʊt,,prep.关于， 对于； 在…周围， 在…各处,初中
weekday,'wikde,,n.平常日， 工作日,初中
danger,'dendʒɚ,,n.危险； 危险事物； 威胁,初中
theatre,ˈθiətər,,n.戏院， 剧场； 影剧院,初中
cover,'kʌvɚ,,v.盖，覆盖；范围为，占；行，行过；包括；报道；掩护 n.盖子； 套子；,初中
firm,fɝm,,a.坚实的， 结实的； 稳固的； 坚定的， 坚决的 n.公司，商行,初中
bank,bæŋk,,v.把存入银行 n.银行；库；岸，堤,初中
character,'kærɪktɚ,,n.性格； 特色， 特性； 人物， 角色； 符号， 字,初中
meaning,'minɪŋ,,n.意思， 含义； 意义,初中
above,ə'bʌv,,ad.在上面， 在顶上； (在级别、 权力、 数目 prep.在…上方；多于，超过,初中
fire,'faɪr,,v.放， 射出； 解 n.火，炉火；火灾，失火；射击，火力,初中
Brazilian,brə'zɪljən,,a.巴西的； 巴西人的 n.巴西人,初中
stick,stɪk,,v.粘，贴 n.柴枝，枝条,初中
band,bænd,,n.乐队； 群， 伙； 带， 箍； 条纹； 波段， 频带,初中
height,haɪt,,n.高， 高度； 高处， 高地； 顶点,初中
mall,mɔl,,n.购物中心， 商店区,初中
invent,ɪn'vɛnt,,v.发明， 创造； 捏造， 虚构,初中
taxi,'tæksi,,n.出租车,初中
wonderful,ˈwʌndɚfəl,,a.极好的； 惊人的， 奇妙的,初中
tiger,'taɪɡɚ,,n.虎,初中
something,'sʌmθɪŋ,,pron.某物，某事 n.重要的事物， 有一定意义的事物,初中
quality,'kwɑləti,,a.优良的， 优质的 n.质，质量；品德，品质；性质，特性,初中
labor,'lebɚ,,n.劳动； 工作,初中
rude,rud,,a.粗鲁的， 无礼的； 粗糙的， 粗陋的； 猛烈的,初中
animal,'ænɪml,,a.动物的， 野兽的 n.动物，兽，牲畜,初中
except,ɪk'sɛpt,,v.将…除外， 不包括 prep.除…外,初中
shower,'ʃaʊɚ,,v.洗淋浴； 洒落； 纷纷降落 n.淋浴；阵雨，暴雨,初中
fact,fækt,,n.事实， 真相,初中
examine,ɪg'zæmɪn,,v.检查； 调查； 考试， 测验,初中
association,"ə,soʃɪ'eʃən",,n.协会， 联盟， 社团； 联合， 结合,初中
industry,'ɪndəstri,,n.工业， 产业； 勤劳， 勤奋,初中
believe,bɪ'liv,,v.相信； 认为,初中
cute,kjʊt,,a.漂亮的， 娇小可爱的； 聪明的， 伶俐的,初中
long,lɔŋ,,ad.长期地 a.长的；长期的 v.渴望，热望,初中
remember,rɪ'mɛmbɚ,,v.记得， 记住； 缅怀； 代…问候,初中
into,ˈɪntu,,prep.进， 到…里； 关于， 有关,初中
unless,ən'lɛs,,conj.除非， 如果不,初中
temperature,ˈtempərtʃʊər; tɛmpɚ-ˌtʃʊr,,n.温度； 体温； 热度， 发烧,初中
free,fri,,a.自由的， 无约束的； 免费的， 无偿的； 空闲的， 未被占用的； 无…的， 摆,初中
mix,mɪks,,v.使混合，配制；相混，搞混 n.混合， 搅和,初中
dirty,ˈdɝ​tɪ,,a.肮脏的； 下流的， 黄色的； 卑鄙的， 不道德的； 暴风雨的， 恶劣的,初中
natural,'nætʃrəl,,a.自然的， 正常的； 出于本性的， 天赋的； 自然界的， 天然的,初中
middle,'mɪdl,,a.中部的， 中间的 n.中部，中间,初中
bother,'bɑðɚ,,v.打扰，麻烦；使不安，迷惑 n.麻烦， 焦急； 令人烦恼的人,初中
though,ðo,,ad.可是， 不过， 然而 conj.尽管，虽然,初中
star,stɑr,,n.星； 星形； 明星， 名角,初中
wolf,wʊlf,,n.狼； 残忍贪婪之人,初中
many,'mɛni,,pron.许多人， 许多 a.许多的，多的,初中
people,'pipl,,n.人， 人们； 人民， 民众， 平民； 国民； 民族,初中
transportation,",trænspɔr'teʃən",,n.运输， 运输系统； 运输工具,初中
everyday,'ɛvrɪde,,a.每天的； 日常的,初中
stay,ste,,v.逗留，暂住；保持，继续是；停止，延缓 n.逗留， 停留,初中
diary,'daɪəri,,n.日记簿， 日记,初中
appear,ə'pɪr,,v.出现， 显露， 来到； 看起来好像， 似乎； 产生， 问世； 发表,初中
face,fes,,v.面向， 正对； 面对， 面临 n.脸，面孔；面部表情；面，表面,初中
fish,fɪʃ,,v.钓， 捕 n.鱼,初中
afraid,ə'fred,,a.害怕的， 恐惧的； 犯愁的,初中
progress,'prɑɡrɛs,,v.前进， 行进； 前进， 行进,初中
invite,ɪn'vaɪt,,v.邀请； 征求， 请求； 吸引， 招致,初中
Australia,ɔ'streljə,,n.澳大利亚,初中
operation,",ɑpə'reʃən",,n.操作， 运转， 经营； 手术； 行动， 活动； 运算,初中
open,'opən,,a.开着的； 公开的； 坦率的； 开阔的； 开始营业的； 空缺,初中
agent,'edʒənt,,n.代理人， 代理商， 经纪人,初中
treat,trit,,v.对待，处理；治疗，医治；款待，招待 n.款待， 招待,初中
movie,'muvi,,n.电影， 影片； 电影院， 电影业,初中
rapid,'ræpɪd,,a.迅速的， 快的,初中
seven,'sɛvn,,num.七， 七个,初中
project,prəˈdʒɛkt; prɑdʒɛkt,,v.投射， 发射； 放映； 凸出， 伸出； 设计， 规划； 投射， 发射； 放映； 凸出， 伸出； 设计， 规划,初中
ice,aɪs,,v.使变凉，冰冻，冰镇 a.冰的 n.冰，冰块,初中
inside,'ɪn'saɪd,,ad.在里面，在内部 a.里面的， 内 prep.在…里面，在…内部 n.里面，内侧,初中
whenever,wɛn'ɛvɚ,,conj.无论何时， 随时； 每当,初中
wood,wʊd,,n.木材， 木头， 木料； 树林， 林地,初中
five,faɪv,,num.五,初中
surprise,sɚ'praɪz,,n.惊奇， 诧异； 令人惊奇的事物,初中
suitcase,'sutkes,,n.手提箱， 衣箱,初中
beard,bɪrd,,n.胡须,初中
celebrate,sɛləˌbret,,v.庆祝， 欢庆； 赞扬， 歌颂,初中
please,pliz,,v.使愉快， 使高兴； 使满意， 合…的心意 int.请,初中
look,lʊk,,v.看， 注视； 显得， 看上去； 朝着， 面向,初中
hunger,'hʌŋɡɚ,,v.渴望， 渴望得到 n.饿，饥饿；食欲，胃口；渴望,初中
laboratory,ˈlæbrəˌtɔrɪ,,n.实验室， 研究室,初中
allow,ə'laʊ,,v.允许， 准许， 容许； 允许…进入； 同意给； 承认,初中
knock,nɑk,,n&v.敲， 打； 碰撞， 撞击,初中
father,'fɑðɚ,,n.父亲； 祖先， 先辈； 创始人， 奠基人,初中
rule,rul,,n.规则， 规章； 习惯， 惯例， 惯常的事； 统治， 管辖,初中
proper,'prɑpɚ,,a.正确的， 适当的； 合乎体统的， 正当的； 固有的， 特有的,初中
vegetable,ˈvɛdʒtəbl,,a.蔬菜的； 植物的 n.蔬菜；植物,初中
speed,spid,,n.速度； 迅速， 快,初中
Russia,'rʌʃə,,n.俄国， 俄罗斯,初中
apple,'æpl,,n.苹果， 苹果树,初中
poem,'poəm,,n.诗,初中
common,'kɑmən,,a.共同的； 平常的， 普通的； 共有的， 公有的,初中
interest,'ɪntrəst,,v.使感兴趣； 引起…关注 n.兴趣，爱好；利息，利率；利益，好处；利害关系,初中
China,'tʃaɪnə,,n.中国,初中
themselves,ðɛm'sɛlvz,,pron.他们自己； 他们亲自,初中
wonder,'wʌndɚ,,v.对…感到疑惑， 想知道； 感到惊讶,初中
music,'mjuzɪk,,n.音乐， 乐曲,初中
every,'ɛvri,,a.每一， 每个； 每…一次的； 所有可能的,初中
twin,twɪn,,a.孪生的， 成双的 n.孪生儿之一，双胞胎之一,初中
again,"əˈɡɛn, əˈɡen",,ad.再一次， 又一次； 回到原处， 复原； 再则， 而且,初中
step,stɛp,,n.步， 脚步； 步骤， 措施； 台阶， 梯级,初中
comment,'kɑmɛnt,,v.评论 n.评论，意见；闲话，议论,初中
mark,mɑːk,,n.痕迹， 斑点， 污点； 记号， 标记； 分数,初中
whole,hol,,a.全部的，全体的；完整的，无缺的 n.全部， 整体,初中
fair,fɛr,,ad.公正地， a.公平的，公正的；尚可的，不错的；浅色的，白皙的；晴朗的,初中
during,'dʊrɪŋ,,prep.在…期间,初中
relation,rɪ'leʃən,,n.关系， 关联； 亲属， 亲戚,初中
money,'mʌni,,n.钱， 货币,初中
elevator,'ɛlɪvetɚ,,n.电梯； 升降机,初中
safety,'sefti,,n.安全， 保险； 安全设备， 保险装置； 安全场所,初中
lost,lɔst,,a.失去的， 丧失的； 错过的； 迷惑的,初中
price,praɪs,,v.给…定价 n.价格，价钱；代价,初中
calculator,'kælkjuletɚ,,n.计算器,初中
still,stɪl,,ad.依然， 还， 仍旧； 然而， 尽管如此； 甚至更， 还要； 静止地,初中
biology,baɪ'ɑlədʒi,,n.生物学,初中
work,wɝk,,v.工作， 劳动； 运转； 起作用， 有效； 生产， 经营,初中
lose,luz,,v.[lost-lost] 失去， 损失； 迷失， 使迷路； 输， 输掉； 白费， 浪费； 走慢,初中
agree,ə'ɡri,,v.同意， 赞同； 相符， 一致,初中
fail,fel,,v.失败； 不及格； 衰退,初中
itself,ɪt'sɛlf,,pron.它自己， 它本身； 自身， 本身,初中
toward,tɔrd; təˈwɔrd,,prep.向， 朝， 面对； 接近,初中
among,ə'mʌŋ,,prep.在…之中， 在…之间,初中
anyone,'ɛnɪ'wʌn,,pron.任何人； 随便哪一个人,初中
pride,praɪd,,n.自豪， 骄傲； 引以为傲的人或物； 自尊， 自尊心； 自负； 傲慢,初中
math,mæθ,,n.数学,初中
monkey,'mʌŋki,,n.猴子,初中
breakfast,'brɛkfəst,,n.早餐,初中
word,wɝd,,n.词， 单词； 言语， 话； 消息， 传说； 诺言， 保证,初中
favorite,'fevərɪt,,a.特别喜爱的 n.特别喜欢的人或事物,初中
love,lʌv,,v.爱，热爱；喜欢，爱好 n.爱， 喜爱,初中
church,tʃɝtʃ,,n.教堂； 礼拜； 教会,初中
enjoy,ɪn'dʒɔɪ,,v.享受； 喜爱； 享有,初中
secret,'sikrɪt,,a.秘密的，机密的 n.秘密,初中
ourselves,ɑr'sɛlvz,,pron.我们自己； 我们亲自,初中
foreign,'fɔrən,,a.外国的， 外国产的； 对外的， 涉外的； 外来的,初中
uniform,junəˌfɔrm,,a.相同的， 一致的 n.制服,初中
across,ə'krɔs,,prep.穿过， 越过， 横过； 在…对面； 遍及,初中
fall,fɔl,,v.[fell-fallen] 落下， 降落； 跌倒， 塌倒； 降临， 来临； 失势， 垮台； 下垂， 倾,初中
ear,ɪr,,n.耳， 耳朵； 听力， 听觉,初中
indoors,",ɪn'dɔrz",,ad.在屋内， 在室内,初中
eat,it,,v.[ate-eaten] 吃， 吃饭,初中
finger,'fɪŋɡɚ,,n.手指,初中
loud,laʊd,,a.响亮的， 大声的； 刺目的； 太招摇的,初中
include,ɪn'klud,,v.包括， 包含， 计入,初中
homework,'hom'wɝk,,n.家庭作业， 课后作业,初中
juice,dʒus,,n.汁， 液,初中
opinion,ə'pɪnjən,,n.意见， 主张,初中
comma,'kɑmə,,n.逗号,初中
soldier,'soldʒɚ,,n.士兵， 军人,初中
culture,'kʌltʃɚ,,n.文化； 文明； 教养， 教育,初中
first,fɝst,,ad.先， 在首位； 第一次， 首次 a.最先的，最早的 num.第一,初中
voice,vɔɪs,,n.声音， 嗓音； 发言权； 意见； 语态,初中
prefer,prɪ'fɝ,,v.更喜欢， 宁愿,初中
perfect,ˈpɝfɪkt; (for v.) pɝˈfɛkt,,a.完美的， 无瑕的； 完全的， 十足的； 最佳的， 理想的,初中
space,spes,,n.空地， 场地； 空间， 太空； 篇幅； 间隔， 距离； 持续时间， 期间,初中
never,'nɛvɚ,,ad.从不， 永不； 决不， 千万不,初中
basketball,'bæskɪtbɔl,,n.篮球,初中
frog,frɔɡ,,n.蛙,初中
theater,'θiətɚ,,n.戏院， 剧场； 影剧院,初中
mother,'mʌðɚ,,n.母亲， 妈妈,初中
from,frʌm,,prep.从…来， 出自； 离； 去除， 免掉； 从， 据； 因,初中
soft,sɔft,,a.柔软的， 细嫩的， 光滑的； 轻的， 轻柔的； 柔和的；,初中
moment,'momənt,,n.片刻， 瞬间， 时刻； 机会， 时机,初中
discover,dɪ'skʌvɚ,,v.发现， 发觉,初中
spell,spɛl,,n.咒语， 符咒； 魅力； 连续的一段时间,初中
much,mʌtʃ,,ad.十分，非常 pron.许多， 大量,初中
bottom,'bɑtəm,,a.最低的， 最下的 n.底，底部；末尾，尽头；臀部,初中
Japan,dʒə'pæn,,n.日本,初中
ill,ɪl,,a.有病的； 不好的， 坏的； 恶意的， 敌意的,初中
mouse,maʊs,,n.鼠； 胆小的人； 鼠标,初中
excite,ɪk'saɪt,,v.使兴奋； 使激动； 引起， 激起,初中
pond,pɑnd,,n.池塘,初中
repair,rɪ'pɛr,,v.修理， 修补； 弥补， 补救 n.修理，修补；维修状态，保养情况,初中
death,dɛθ,,n.死， 死亡； 毁灭,初中
steal,stil,,v.[stole-stolen] 偷盗， 行窃； 悄悄地移动,初中
advice,ədˈvaɪs,,n.劝告， 忠告， 意见， 建议,初中
scientific,",saɪən'tɪfɪk",,a.科学的， 科学上的,初中
winter,'wɪntɚ,,a.冬天的 n.冬，冬季；萧条期，衰退期,初中
elder,'ɛldɚ,,a.年龄较大的，年长的,初中
terrorist,'tɛrərɪst,,n.恐怖主义者,初中
attendant,ə'tɛndənt,,a.伴随的， 随之而产生的 n.服务人员，侍者；随从,初中
public,'pʌblɪk,,a.公众的；公共的，公用的；公开的 n.公众， 民众,初中
paper,'pepɚ,,n.纸， 墙纸； 报纸； 文件； 文章， 论文； 书面作业， 试卷,初中
my,maɪ,,pron.我的,初中
spend,spɛnd,,v.[spent-spent] 花费， 用； 花； 度过， 消磨； 消耗， 用尽,初中
zoo,zu,,n.动物园,初中
February,ˈfebrʊerɪ;'fɛbrʊɛrɪ,,n.二月,初中
value,'vælju,,v.给…估价； 评价 n.价值；价格；购买力；重要性；益处,初中
x-ray,'eksreɪ,,a.X射线的， X光的,初中
advantage,əd'væntɪdʒ,,n.优点， 好处， 优势,初中
assistant,ə'sɪstənt,,a.助理的， 辅助的 n.助手；助教,初中
ink,ɪŋk,,n.墨水； 油墨,初中
instead,ɪn'stɛd,,ad.作为替代， 顶替； 反而， 却,初中
rush,rʌʃ,,v.冲，突进，急速流动；仓促行事；猛冲 n.冲， 奔， 急速行进； 匆,初中
expensive,ɪk'spɛnsɪv,,a.昂贵的， 花钱多的,初中
trade,tred,,v.贸易， 交换 n.贸易，商业；行业，职业,初中
round,raʊnd,,ad.在周围，在附近；朝反方向 a.圆的，球形的 prep.围绕， 绕过； 向…,初中
dessert,dɪ'zɝt,,n.甜食， 甜点,初中
carrot,'kærət,,n.胡萝卜,初中
bicycle,'baɪsɪkl,,v.骑自行车 n.自行车,初中
egg,ɛɡ,,n.蛋； 卵,初中
year,yir,,n.年， 年份,初中
kangaroo,",kæŋɡə'ru",,n.袋鼠,初中
awful,'ɔfl,,a.极坏的； 糟糕的， 令人不快的； 可怕的； 非常的,初中
yeah,jɛə,,ad.是,初中
resolution,",rɛzə'luʃən",,n.正式决定， 决议； 坚决， 决心； 解决， 解答； 分辨率， 清晰度,初中
building,'bɪldɪŋ,,n.建筑物， 房屋； 建筑,初中
score,skɔ,,n.得分， 分数； 乐谱； 抓痕， 划痕； 二十,初中
poor,pʊər; pʊr,,a.贫困的， 贫穷的； 可怜的； 低劣的， 差的,初中
farm,fɑrm,,v.耕作 n.农场；养殖场,初中
absent,ˈæbsnt;(for v.)əbˈsɛnt,,a.缺席的， 不在场的； 不存在的； 心不在焉的,初中
because,bɪ'kɔz,,conj.因为,初中
July,dʒʊˈlaɪ,,n.七月,初中
educate,'ɛdʒuket,,v.教育； 培养， 训练,初中
rat,ræt,,n.鼠,初中
excellent,'ɛksələnt,,a.优秀的， 卓越的， 杰出的,初中
pool,pul,,n.池塘， 水池； 游泳池； 一摊， 一片,初中
lighting,'laɪtɪŋ,,n.照明； 照明设备； 光线,初中
airport,'ɛrpɔrt,,n.机场； 航空港,初中
exam,ɪg'zæm,,n.考试； 试题； 检查， 调查,初中
stop,stɑp,,"v.[stopped-stopped, stopping]　停止， 中断； 塞住， 堵塞； 阻止， 阻挠； 逗留， 歇宿",初中
science,'saɪəns,,n.科学； 学科,初中
poster,'postɚ,,n.招贴， 海报， 广告,初中
hobby,'hɑbi,,n.业余爱好， 嗜好,初中
June,dʒun,,n.六月,初中
southern,'sʌðɚn,,a.南方的， 南部的,初中
forest,'fɔrɪst,,n.森林， 林木,初中
throat,θrot,,n.咽喉， 嗓子,初中
least,list,,ad.最少， 最小 a.最少的，最小的；最不重要的,初中
immediately,ɪ'midɪətli,,ad.立即， 马上； 直接地， 紧接着地,初中
pork,pɔrk,,n.猪肉,初中
symphony,'sɪmfəni,,n.交响乐， 交响曲； 和谐， 协调,初中
dollar,'dɑlɚ,,n.美元； 元,初中
sleep,slip,,n&v.[slept-slept]　睡,初中
hungry,ˈhʌŋgrɪ,,a.饥饿的， 感到饿的； 渴望得到的,初中
French,frentʃ,,n.法国人；,初中
vocabulary,və'kæbjəlɛri,,n.词汇； 词汇量； 词汇表,初中
refuse,ri'fjʊz,,v.拒绝， 不接受， 谢绝,初中
retire,rɪ'taɪɚ,,v.退休， 退役； 退下， 退出； 退却， 撤退； 就寝,初中
aggressive,ə'ɡrɛsɪv,,a.侵犯的， 侵略的， 挑衅的； 敢作敢为的， 有进取心的,初中
close,kloz,,ad.接近地；接近地 a.密切的，亲密的；近的，接近的；严密的，仔细的；不通风的，闷的；密切的，亲密的；近的，接近的；严密的，仔细的；不通风的，闷的 n.结束， 终止； 结束， 终止,初中
chemistry,'kɛmɪstri,,n.化学,初中
sweep,swip,,v.[swept-swept] 扫， 打扫， 拂； 扫过， 掠过，,初中
unfriendly,ʌn'frɛndli,,a.不友好的， 冷漠的,初中
fourteenth,'fɔ:'ti:nθ,,num.第十四 n.十四分之一,初中
learn,lɝn,,v.[learnt/learned-learnt/learned]　学， 学习； 获悉， 了解； 记住； 认识到,初中
photo,'foto,,n.照片,初中
swing,swɪŋ,,v.[swang-swung] 摇摆， 摇荡； 回转， 旋转； 突然转向,初中
handbag,'hænd'bæg,,n.手提包,初中
fast,fæst,,ad.快地；牢固地 a.快的，　迅速的；　敏捷的,初中
move,muv,,v.移动， 搬动， 搬； 动摇， 使改变主意； 感动， 激起； 进展， 发展,初中
sweet,swit,,a.甜的； 和蔼的， 温柔的； 可爱的， 讨人喜欢的； 芳香的， 悦耳的， 悦目的,初中
thirtieth,'θɝtɪɪθ,,num.第三十 n.三十分之一,初中
couple,'kʌpl,,v.使成对； 结合， 结婚 n.夫妻，情侣；数个,初中
communicate,kə'mjunɪket,,v.通信； 沟通； 传达； 传播； 传染,初中
rural,'rʊrəl,,a.乡村的， 农村的,初中
red,rɛd,,a.红色的 n.红色； 红颜料,初中
spring,sprɪŋ,,n.春天， 春季； 弹簧， 发条； 泉； 跳， 跃,初中
act,ækt,,v.行动， 做事； 表现； 起作用； 扮演， 表演,初中
post,post,,n.职位， 岗位 ； 柱， 标杆； 起点或终点标志,初中
duck,dʌk,,vi.鸭子似的突然扎入水中； 突然低下 n.鸭；鸭肉,初中
leave,liv,,v.[left-left] 离开， 出发； 留下， 遗留； 遗忘； 听任， 让； 交托， 委托,初中
finish,'fɪnɪʃ,,v.完成，结束 n.结束， 末尾， 最后阶段,初中
add,æd,,v.添加， 增加； 把…加起来， 计算…的总和,初中
computer,kəm'pjutɚ,,n.计算机， 电脑,初中
cruel,kruəl,,a.残忍的， 残暴的,初中
its,ɪts,,pron.它的,初中
ninth,naɪnθ,,num.第九 n.九分之一,初中
often,ˈɔ:fn; ɔfən,,ad.常常， 经常,初中
insist,ɪn'sɪst,,v.坚持要求， 强调； 坚决主张； 坚持说， 固执地声称,初中
seventeenth,",sɛvn'tinθ",,num.第十七 n.十七分之一,初中
article,'ɑrtɪkl,,n.一件； 物件， 商品； 文章， 论文； 条款， 条文， 规定； 冠词,初中
shelf,ʃɛlf,,n.架子， 搁板,初中
ache,ek,,v.痛，疼痛；渴望 n.疼痛,初中
shell,ʃɛl,,v.剥…的壳； 炮击 n.壳，贝壳；外壳，框架；炮弹,初中
therefore,'ðɛrfɔr,,ad.因此， 所以,初中
exchange,ɪks'tʃendʒ,,v.调换， n.交换，互换；交易所；兑换，兑换率,初中
hardly,'hɑrdli,,ad.几乎不， 简直不； 刚刚， 仅仅,初中
bored,bɔrd,,a.无聊的， 无趣的； 厌烦的,初中
useful,'jusfl,,a.有用的， 有益的,初中
trust,trʌst,,v.信任， 信赖； 希望， 想； 确信； 托付； 对…放心 n.信任，信赖；受托,初中
blackboard,'blækbɔrd,,n.黑板,初中
private,ˈpraɪvɪt,,a.私人的，个人的；秘密的，私下的；私立的，私营的 n.士兵， 列兵,初中
choose,tʃuz,,v.[chose-chosen] 选择， 挑选,初中
ride,raɪd,,v.骑； 乘,初中
jeans,dʒiːnz,,n.牛仔裤,初中
prevent,pri'vɛnt,,v.阻止， 妨碍,初中
behave,bɪ'hev,,v.表现； 表现得体， 有礼貌； 运转； 起作用,初中
sorry,'sɔri,,a.对不起的， 抱歉的； 遗憾的， 惋惜的； 可怜的，,初中
medal,'mɛdl,,n.奖牌， 奖章,初中
end,ɛnd,,v.结束， 终止 n.最后部分，末尾；死亡；终止，结局；结果，目标,初中
forty,'fɔrti,,num.四十,初中
mistake,mɪ'stek,,n.〔行为、看法、言辞等上的〕错误 v.弄错，误解，误会,初中
pour,pɔr,,v.灌， 倒； 倾泻， 流出,初中
rich,rɪtʃ,,a.富的， 有钱的； 富饶的， 充足的； 盛产的； 油腻的； 浓郁的；,初中
message,'mɛsɪdʒ,,n.信息， 便条， 口信； 要点； 要旨,初中
rice,raɪs,,n.稻； 大米； 米饭,初中
praise,prez,,v.赞扬，表扬 n.称赞， 赞美； 赞美的话,初中
special,ˈspɛʃəl,,a.特殊的， 特别的； 专门的， 特设的； 附加的，,初中
environment,ɪn'vaɪrənmənt,,n.周围状况， 环境,初中
truth,trʊθ,,n.事实， 真相； 真实性； 真理,初中
Asia,ˈeɪʒn; eʒən,,n.亚洲,初中
airplane,ˈɛrplen,,n.飞机,初中
pronounce,prə'naʊns,,v.发音； 宣布； 宣判,初中
family,ˈfæməlɪ,,n.家； 家庭成员； 子女； 家族， 氏族,初中
age,edʒ,,n.年龄； 老年； 时代， 时期； 很长的一段时间,初中
gift,ɡɪft,,n.礼物， 赠品； 天赋， 才能,初中
college,'kɑlɪdʒ,,n.大学， 学院,初中
popcorn,'pɑpkɔrn,,n.爆米花,初中
ago,ə'ɡo,,ad.以前,初中
number,'nʌmbɚ,,v.给…编号 n.数目，数字；号码，编号,初中
punish,'pʌnɪʃ,,v.惩罚， 处罚,初中
brave,brev,,a.勇敢的， 无畏的,初中
must,mʌst,,n.必须做的事； 必备之物,初中
similar,'sɪməlɚ,,a.相似的， 类似的,初中
shape,ʃep,,n.形状， 体形； 幻象； 状况， 状态,初中
seventy,'sɛvnti,,num.七十， 七十个,初中
nothing,'nʌθɪŋ,,pron.没有东西， 没有事情， 一点儿也没有； 无关紧要的人,初中
seventh,'sɛvənθ,,num.第七 n.七分之一,初中
spot,spɑt,,n.地点， 处所； 斑点， 污点； 少量,初中
silver,'sɪlvɚ,,v.镀银 n.银；银器；银币,初中
aid,ed,,v.帮助， 救助 n.帮助，救助；助手；辅助手段,初中
other,'ʌðɚ,,a.别的， 其他的， 另外的； 另一的， 其余的,初中
singer,'sɪŋɚ,,n.歌手,初中
aim,em,,v.瞄准， 对准； 目的是， 旨在； 针对； 力争做到 n.目的，目标；瞄准,初中
city,'sɪti,,n.城市， 都市,初中
against,əˈɡɛnst;əˈɡenst,,prep.逆， 反， 违反； 对…不利； 倚在， 紧靠着， 紧贴着； 和…比， 和…对照,初中
confident,'kɑnfɪdənt,,a.确信的， 肯定的； 有信心的， 自信的,初中
uncle,'ʌŋkl,,n.伯父， 叔父， 舅父， 姑父， 姨父,初中
air,ɛr,,n.天空； 空气， 大气； 样子， 神态,初中
holiday,'hɑləde,,n.假期， 假日,初中
courage,'kɝrɪdʒ,,n.勇气， 胆量,初中
local,ˈloʊkl,,a.地方性的，本地的；局部的；狭隘的 n.当地人， 本地人,初中
encourage,ɪn'kɝrɪdʒ,,v.鼓励； 激励， 促进,初中
potato,pə'teto,,n.马铃薯，土豆,初中
speak,spik,,v.[spoke-spoken] 说话， 讲话； 演说， 发言； 表达意见； 说， 讲；,初中
share,ʃɛr,,v.分享，分担；分摊，分开 n.一份； 份儿， 股份,初中
restroom,'rɛstrum,,n.洗手间； 休息室,初中
polar,'polɚ,,a.地极的， 近地极的； 磁极的； 正好相反的， 截然对立的,初中
shark,ʃɑrk,,n.鲨鱼； 勒索者， 诈骗者； 放高利贷的人,初中
chairman,'tʃɛrmən,,n.主席； 会议主持人； 董事长,初中
boat,bot,,n.船， 小船,初中
future,ˈfjutʃɚ,,a.将来的，未来的 n.将来， 今后； 前途， 前景,初中
more,mɔr,,ad.更，更多 a.更多的； 更大的,初中
shake,ʃek,,n&v.[shook-shaken] 摇动， 摇； 颤抖， 震动,初中
cent,sɛnt,,n.分， 分币,初中
honor,ɑnɚ,,v.尊敬 n.尊敬，敬意；荣誉，光荣,初中
screen,skrin,,v.掩蔽， 遮蔽， 包庇； 放映， 播放(电视 n.屏幕，银幕；遮蔽；屏风,初中
body,'bɑdi,,n.身体， 躯体； 躯干， 主体； 尸体； 物体； (视作,初中
cage,kedʒ,,n.笼子,初中
unhealthy,ʌn'hɛlθi,,a.不健康的,初中
insect,'ɪnsɛkt,,n.昆虫， 虫,初中
net,nɛt,,a.净的， 纯的 n.网；网状系统,初中
always,'ɔlwez,,ad.总是， 无例外地； 永远， 始终， 一直,初中
all,ɔl,,ad.完全地； 十分， 很 a.一切的，所有的；全部的，总的，整个的,初中
border,'bɔrdɚ,,v.给…加上边， 围； 邻接， 毗连； 近似， 接近 n.边，边缘；边界，边境,初中
read,rid; rɛd,,v.[read-read]　读， 阅读； 朗读， 宣读； 读懂； 观,初中
below,bɪ'lo,,prep.在…下面， 到…下面； 在…以下； 低于,初中
already,ɔl'rɛdi,,ad.早已， 已经,初中
shall,ʃəl,,modal verb.〔某事〕必定，一定〔发生〕,初中
touch,tʌtʃ,,v.触摸，碰到；接触，涉及 n.接触， 碰到； 触觉； 修饰， 润色； 风格， 手法,初中
clock,klɑk,,n.钟,初中
real,'riəl,,a.真的， 真正的； 真实的， 现实的,初中
tool,tul,,n.工具， 用具； 方法， 手段,初中
April,'eprəl,,n.四月,初中
unit,'junɪt,,n.单位； 单位； 部件， 元件， 装置； 单元,初中
nearby,",nɪr'baɪ",,ad.在附近 a.附近的,初中
Sunday,ˈsʌnde; ˈsʌndi,,n.星期日,初中
model,'mɑdl,,n.模型； 模特儿； 模范， 典型,初中
collect,kə'lɛkt,,v.收集，采集；收；领取；聚集，汇集 a.由对方付费的,初中
shame,ʃem,,v.使蒙受羞辱 n.羞耻，羞愧；可耻的人；遗憾的事，可惜,初中
around,ə'raʊnd,,ad.在周围，在附近；到处，四周；大约 prep.在…各处， 遍及； 在…四周； 在,初中
pronoun,'pronaʊn,,n.代词,初中
and,"ənd, ən,ænd",,conj.和， 与， 及； 那么， 则； 然后， 接着； 而且， 还,初中
today,tə'de,,adv&n.今天； 现今,初中
talented,'tæləntɪd,,a.有才能的， 有才干的； 天才的,初中
predict,prɪ'dɪkt,,v.预言， 预测,初中
saying,'seɪŋ,,n.话， 言语； 俗话； 成语， 格言， 谚语； 口头禅,初中
row,ro,,n&v.争吵；　斥责； 争吵；　斥责,初中
France,frɑːns,,n.法国,初中
OK,əu'keɪ,,adv&int.不错， 很好； 对吧,初中
raincoat,ˈreɪnkoʊt,,n.雨衣,初中
abroad,ə'brɔd,,ad.到国外； 广为流传 a.在国外；广泛四散,初中
fifteen,",fɪf'tin",,num.十五,初中
ant,ænt,,n.蚂蚁,初中
pencil,'pɛnsl,,n.铅笔,初中
specific,spɪ'sɪfɪk,,a.特定的，特有的；明确的，具体的,初中
any,'ɛni,,pron.无论哪个，无论哪些 a.任一的， 任何的； 什么， 一些； 丝毫的,初中
minute,'mɪnɪt,,n.分， 分钟； 一会儿， 片刻； 此时此刻， 立刻,初中
super,'sʊpɚ,,a.极好的， 上等的； 超级的； 过分的,初中
chore,tʃɔr,,n.家庭杂务； 困难的工作； 令人厌烦的工作,初中
semester,səˈmɛstɚ,,n.学期,初中
until,ən'tɪl,,prep&conj.直到…时， 到…为止； 直到…,初中
strategy,'strætədʒi,,n.谋略， 战略， 策略,初中
dull,dʌl,,a.乏味的， 单调的； 晦暗的； 愚钝的， 笨的； 钝的,初中
reason,ˈrizən,,v.推断， 分析； 推论， 推理； 理喻， 劝告 n.原因，理由；理性，理智,初中
thought,θɔt,,n.想法， 见解； 思考， 思维； 关心， 注意； 思想，,初中
ring,rɪŋ,,n.戒指； 环， 圆圈； 铃声； 电话； 团伙， 帮派； 拳击台， 摔跤台， 马戏场,初中
legend,'lɛdʒənd,,n.传说； 传奇人物,初中
taste,test,,v.有…味道； 品尝； 体验， 感受 n.滋味；味觉，口味；鉴赏力；兴趣，爱好,初中
ship,ʃɪp,,v.用船运； 装运， 运送 n.船，舰,初中
anywhere,'ɛnɪwɛr,,ad.在什么地方， 在任何地方； 随便什么地方,初中
professional,prə'fɛʃənl,,a.职业的；专业的 n.专业人员； 自由职业者,初中
cheese,tʃiz,,n.干酪， 奶酪,初中
nineteenth,'naɪn'tinθ,,num.第十九 n.十九分之一,初中
cake,kek,,n.饼， 糕， 蛋糕,初中
neighbor,'nebɚ,,n.邻居； 邻国,初中
gentle,'dʒɛntl,,a.温柔的， 慈祥的； 文雅的， 有礼貌的； 温和的， 暖和的,初中
shoulder,'ʃoldɚ,,v.肩负， 承担 n.肩,初中
dance,dæns,,v.跳舞 n.舞，舞蹈；舞曲，舞会,初中
boil,bɔɪl,,v.沸腾，煮沸 n.沸腾,初中
remain,rɪ'men,,v.仍然是， 依旧是； 留下， 逗留； 剩余， 余留； 留待,初中
eye,aɪ,,n.眼， 眼睛； 虹膜； 眼状物,初中
himself,hɪm'sɛlf,,pron.他自己； 他亲自， 他本人,初中
toilet,ˈtɔɪlɪt,,n.厕所， 盥洗室,初中
envelope,'envələup,,n.信封,初中
dictionary,'dɪkʃə'nɛri,,n.词典， 字典,初中
slow,sloʊ,,ad.慢慢地 a.慢的；迟钝的，不灵巧的；不忙碌的 v.慢下来，减速,初中
turkey,'tɝki,,n.火鸡； [T-] 土耳其,初中
letter,'lɛtɚ,,n.信， 函件； 字母,初中
tasty,'testi,,a.美味的；引起食欲的 n.好吃的东西； 吸引人的东西,初中
maybe,'mebi,,ad.大概， 也许,初中
another,ə'nʌðɚ,,pron.再一个，另一个 a.又一的， 再一个的； 另一的， 别的； 不同的,初中
enemy,'ɛnəmi,,n.敌人， 仇敌,初中
worth,wɝθ,,a.相当于…价值的，值得…的 n.价值， 财产,初中
new,nu,,ad.新近 a.新的；新鲜的，新型的，流行的；更新的,初中
helicopter,'hɛlɪkɑptɚ,,n.直升机,初中
are,ɑr,,v.存在， 是,初中
advertisement,",ædvɚ'taɪzmənt",,n.广告， 公告； 广告活动， 宣传,初中
disabled,dɪs'ebld,,a.有残疾的,初中
watermelon,'wɔtɚmɛlən,,n.西瓜,初中
arm,ɑrm,,v.以装备； 提供， 配备； n.臂，前肢；臂状物，扶手；,初中
popular,'pɑpjəlɚ,,a.流行的， 通俗的， 大众的； 受欢迎的,初中
art,ɑrt,,n.美术，艺术；技术，技艺；,初中
mom,mɑm,,n.妈妈,初中
black,blæk,,a.黑色的； 黑暗的； 黑人的； 不加奶的； 黯淡的， 毫无希望的,初中
tour,tʊr,,n&v.旅行， 旅游,初中
call,kɔl,,v.把…叫做， 把…称为； 打电话给； 叫， 大声说出； 召唤， 传唤； 召开，,初中
calm,kɑm,,a.镇静的，镇定的；平静的，无风的 v.平静； 镇静,初中
such,sʌtʃ,,ad.那么 a.这样的，这种的；那么的，如此程度的；上述的，该,初中
kick,kɪk,,n&v.踢,初中
ask,æsk,,v.询问， 问； 要求,初中
describe,dɪ'skraɪb,,v.描写， 描述； 说明,初中
through,θru,,ad.从头到尾， 自 prep.穿过，通过；在整个…期间，从头到尾；凭借，经由,初中
jazz,dʒæz,,a.爵士乐的 n.爵士乐,初中
run,rʌn,,"v.[run-run, running] 跑， 奔跑； 行驶， 驾驶； 蔓延， 伸展； 操作； 竞",初中
either,'iðɚ,,ad.也 a.任一的，每一的,初中
view,vju,,v.考虑， 认为； 观察， 看 n.看法，观点；视野，眼界；景色，风景,初中
ours,ɑrz,,pron.我们的,初中
white,hwaɪt,,a.白色的，白的；白种的 n.白色； 蛋白； 眼白,初中
furniture,'fɝnɪtʃɚ,,n.家具,初中
huge,hjudʒ,,a.庞大的， 巨大的,初中
yourself,jɔr'sɛlf,,pron.你自己； 你亲自,初中
donate,'donet,,v.捐赠， 赠送,初中
helpful,'hɛlpfl,,a.有益的， 有用的； 给予帮助的， 肯帮忙的,初中
those,ðoz,,pron.那些,初中
worry,ˈwʌrɪ,,v.担心，发愁；困扰，折磨 n.担心， 发愁， 忧虑,初中
imagine,ɪ'mædʒɪn,,v.想象， 设想； 料想， 猜想,初中
town,taʊn,,n.镇， 市镇； 市区， 市中心,初中
might,maɪt,,modal verb.可以〔用于礼貌地提出建议〕 n.力量；威力；权力,初中
telephone,ˈtɛləfon,,v.打电话 n.电话,初中
girl,ɡɝl,,n.姑娘， 女孩； 女儿,初中
delicious,dɪ'lɪʃəs,,a.美味的； 芬芳的； 宜人的,初中
worse,wɜrs,,a.更坏的；更糟的；更差的 n.更差[坏]的事物 ad.更严重地；更厉害地,初中
whatever,wət'ɛvɚ,,pron.无论什么， 不管什么； 任何…的事物， 凡是…的东西,初中
camp,kæmp,,v.露营， 扎营 n.营地，露营,初中
volunteer,",vɑlən'tɪr",,v.自愿 n.志愿者，志愿兵,初中
museum,mjuˈzɪəm,,n.博物馆,初中
everywhere,'ɛvrɪwɛr,,ad.到处， 各处， 无论何处,初中
worst,wɝst,,adv&adj.最坏， 最差， 最糟,初中
clothing,'kloðɪŋ,,n.服装， 衣着,初中
aloud,ə'laʊd,,ad.出声地， 大声地,初中
shop,ʃɑp,,n.商店， 店铺； 工厂， 车间,初中
Christmas,'krɪsməs,,n.圣诞节,初中
string,strɪŋ,,n.弦， 线， 细绳； 一串， 一行,初中
September,sɛp'tɛmbɚ,,n.九月,初中
distance,'dɪstəns,,n.距离， 间距； 遥远， 远方； 冷淡， 疏远； 久远,初中
color,'kʌlɚ,,n.颜色；颜料；肤色 vt.给…着色,初中
truck,trʌk,,n.卡车， 载重汽车； 敞篷货车,初中
book,bʊk,,v.预订，　预约 n.书，书籍；本子，簿册；,初中
show,ʃo,,v.表明， 证明； 显示， 出示； 带领； 教， 告知； 演出， 放映； 显现，,初中
nor,nɔr,,conj&adv.也不， 也没有,初中
Mars,mɑrz,,n.火星； 战神,初中
not,nɑt,,ad.不， 没， 不是,初中
arrive,ə'raɪv,,v.到达， 到来； 来临； 达到， 达成,初中
street,strit,,n.街道， 马路,初中
now,naʊ,,ad.现在， 如今； 此刻,初中
statement,'stetmənt,,n.陈述， 声明； 结算单， 报表,初中
Tuesday,ˈtuzdɪ;-de,,n.星期二,初中
shoe,ʃu,,n.鞋,初中
race,res,,n.比赛， 赛跑； 竞争； 人种， 种族,初中
near,nɪr,,ad.近，在近处 a.近的， 接近的； 亲近的 prep.靠近，接近,初中
introduce,ˌɪntrə'dus,,v.介绍； 引进， 传入； 提出供讨论； 采用,初中
war,wɔr,,n.战争； 斗争， 竞争,初中
way,we,,n.方法， 手段； 路， 路线； 方面； 方向； 习俗， 作风； 状况， 状态,初中
what,hwɒt; hwɑt,,pron.什么； 多么， 何等…的事物,初中
duty,'dʊti,,n.责任， 义务； 职责， 职务； 税， 关税,初中
risk,rɪsk,,v.冒…的危险， 使遭受危险 n.危险，风险；引起危险的事物；冒险,初中
window,'wɪndo,,n.窗户， 窗口,初中
rise,raɪz,,v.[rose-risen] 升起， 上升； 起立； 起床； 上涨， 增加； 反抗， 起义,初中
penny,'pɛni,,n.便士， 分,初中
play,ple,,v.玩， 游戏； 演奏， 播放； 扮演， 演出； 参加， 打,初中
yard,jɑrd,,n.院子， 场地； 码,初中
decide,dɪ'saɪd,,v.决定， 对…作出抉择； 使下决心,初中
rent,rɛnt,,v.租借，租用；出租，出借 n.租金； 出租； 裂缝， 分歧,初中
when,hwen; hwɛn,,ad.什么时候，何时；在…的时候 conj.在…时， 当…时； 然后,初中
fan,fæn,,v.煽动， 激起 n.扇子；扇形物；狂热爱好者，迷,初中
anxious,'æŋkʃəs,,a.焦虑的， 发愁的， 令人焦急的； 渴望的， 急,初中
slice,slaɪs,,v.切成片，削 n.薄片， 切片； 一份， 部分,初中
far,fɑr,,ad.远；久远；很大程度上，极 a.远的，　远方的；　久远的,初中
fat,fæt,,a.肥胖的；多脂肪的 n.脂肪； 肥肉,初中
catch,kætʃ,,v.[caught-caught] 抓住， 接住； 偶然撞见； 染上， 感染； 赶上， 追上；,初中
fax,fæks,,v.传真 n.传真；传真电文,初中
plan,plæn,,n.计划， 打算， 规划； 平面图， 示意图； 设计图,初中
case,kes,,n.事例， 实例； 情况， 事实； 病例； 案件； 箱， 盒； 手提箱,初中
give,ɡɪv,,v.[gave-given] 给予， 赠送； 供给， 提供； 做出， 发出,初中
double,'dʌbl,,a.双的， 双重的； 两倍的， 加倍的； 供两人用的， 双人的； 两面派的， 虚伪的,初中
eighteen,",e'tin",,num.十八,初中
phone,fon,,v.打电话 n.电话，电话机,初中
comfortable,ˈkʌmfɚtəbl,,a.舒适的， 舒服的； 宽裕的， 小康的,初中
slide,slaɪd,,v.（使）滑行，（使）滑动 n.滑梯,初中
style,staɪl,,n.风格， 文体； 式样， 类型； 流行式样， 时尚,初中
jungle,'dʒʌŋɡl,,n.丛林， 密林,初中
suit,sut,,n.一套衣服； 套,初中
card,kɑrd,,n.卡， 卡片； 请帖； 贺卡； 纸牌,初中
Yin,jɪn,,n.阴,初中
chocolate,ˈtʃɑkələt,,n.巧克力； 巧克力色,初中
care,kɛr,,v.关心，关怀；担心；介意 n.照顾， 护理； 小心， 注意； 忧虑； 挂念,初中
study,'stʌdi,,v.学习；研究，调查；细察，仔细端详 n.学习； 研究， 调查， 研究成果； 书房,初中
boss,bɑs,,n.老板， 上司， 头儿,初中
direct,dəˈrɛkt; daɪˈrɛkt,,ad.直接地 a.直接的；率直的，坦率的；顺行的 v.把…对准， 针对； 管理；,初中
exercise,'ɛksɚsaɪz,,n.锻炼， 运动； 练习， 习题； 运用， 行使； 操练， 演习,初中
fever,'fivɚ,,n.发热， 发烧； 狂热,初中
supermarket,'sʊpɚ'mɑrkɪt,,n.超市,初中
madam,'mædəm,,n.女士， 夫人,初中
kilo,'kilo,,n.千克,初中
seldom,'sɛldəm,,ad.很少， 不常,初中
physics,'fɪzɪks,,n.物理， 物理学,初中
protect,prə'tɛkt,,v.保护， 保卫,初中
stress,strɛs,,v.强调， 着重； 重读 n.压力，紧张；强调，重要性；重音,初中
display,dɪ'sple,,n&v.陈列， 展览； 显示， 表现,初中
wet,wɛt,,a.湿的，潮的；多雨的，雨天的 v.把…弄湿， 使潮湿,初中
born,bɔrn,,a.出生的， 产生的； 天生的,初中
kill,kɪl,,v.杀死， 扼杀； 终止， 否决； 使疼痛， 使非常痛苦； 消磨， 打发,初中
wrong,rɔŋ,,a.错误的，不正确的；不道德的，不正当的，不合法的 n.错误； 坏事； 不公,初中
porridge,'pɔrɪdʒ,,n.粥， 麦片粥,初中
shirt,ʃɝt,,n.衬衫,初中
criticize,'krɪtə'saɪz,,v.批评； 评论； 非难,初中
certain,'sɝtn,,a.某一， 某种； 肯定的， 确信的； 确实的， 无疑的,初中
board,bɔrd,,n.板， 牌子； 木板， 纸板； 委员会， 董事会， 理事会； 伙食,初中
shut,ʃʌt,,"v.[shut-shut, shutting]　关闭， 关上； 打烊",初中
luck,lʌk,,n.运气； 好运， 幸运,初中
simple,'sɪmpl,,a.简单的； 朴素的； 单纯的， 直率的； 迟钝的， 头脑简单的,初中
autograph,'ɔtəɡræf,,v.签名 n.亲笔签名,初中
eleventh,ɪ'lɛvnθ,,num.第十一,初中
influence,'ɪnfluəns,,v.影响， 感化 n.影响，影响力；产生影响力的人；势力，权势,初中
cloud,klaʊd,,v.使模糊， 使阴暗； 遮盖， 笼罩 n.云；一群，一团；阴影；天空,初中
whale,wel,,n.鲸,初中
talent,'tælənt,,n.天资， 才能； 人才,初中
few,fju,,pron.很少人；　有些，　一些 a.很少，几乎没有,初中
rain,ren,,v.下雨 n.雨；雨天；雨季,初中
violin,",vaɪə'lɪn",,n.小提琴,初中
king,kɪŋ,,n.君主， 国王； 巨子， 大王,初中
kind,kaɪnd,,a.亲切的， 和蔼的， 仁慈的 n.种类,初中
both,boθ,,pron.两者， 双方 a.两个…,初中
market,'mɑrkɪt,,v.销售， 出售 n.市场；股市,初中
important,ɪm'pɔrtnt,,a.重要的， 重大的； 有势力的， 有地位的,初中
keen,kin,,a.热心的； 激烈的； 敏锐的,初中
nine,naɪn,,num.九， 九个,初中
phrase,frez,,v.用语言表达， 叙述 n.短语，词组，用语,初中
outside,",aʊt'saɪd",,ad.在外面，向外面 a.外面的， 外部 prep.在…外面，向…外面；除…以外,初中
daily,'delɪ,,ad.每日，天天 a.每日的；日常的 n.日报,初中
keep,kip,,v.[kept-kept] 使保持， 使继续； 阻止， 防止； 履行， 遵守； 保存， 保,初中
yoghurt,'jogɚt,,n.酸奶， 酵母乳,初中
elementary,",ɛlɪ'mɛntri",,a.基本的， 基础的； 初级的， 小学的,初中
topic,'tɑpɪk,,n.题目， 话题； 主题,初中
skate,sket,,v.溜冰， 滑冰 n.冰鞋,初中
job,dʒɒb,,n.职业， 职位； 工作， 活儿； 职责， 责任,初中
sugar,'ʃʊgɚ,,v.在…中加糖 n.糖,初中
daughter,'dɔtɚ,,n.女儿,初中
who,hu,,pron.谁， 什么人； …的人； 他， 她， 他们,初中
game,ɡem,,n.游戏， 娱乐； 运动， 比赛,初中
why,hwaɪ,,ad.为什么；…的理由 int.咳， 哎呀,初中
forbid,fɚ'bɪd,,v.[forbade-forbidden] 不许， 禁止； 妨碍， 阻止,初中
captain,ˈkæptən,,n.船长， 机长； 上尉； 队长， 领队,初中
bowl,bol,,n.碗， 钵,初中
alone,ə'lon,,a.单独的， 孤独的； 单单， 仅； 独一无二的， 唯一的,初中
along,ə'lɔŋ,,ad.向前地；一道，一起 prep.沿着， 循着,初中
joy,dʒɔɪ,,n.欢乐， 喜悦； 乐事， 乐趣,初中
dialogue,ˈdaɪəˌlɔɡ,,n.对话,初中
America,əˈmɛrɪkə,,n.美国； 美洲,初中
sad,sæd,,a.悲哀的， 伤心的； 十分糟糕的， 令人伤心的,初中
diet,'daɪət,,v.进特种饮食， 节食 n.日常饮食；特种饮食，规定饮食,初中
win,wɪn,,v.〔在竞赛、游戏、选举等中〕获胜，赢 n.〔尤指在体育比赛中的〕胜利，赢,初中
sheep,ʃip,,n.羊，绵羊,初中
rest,rɛst,,v.休息， 睡眠； n.剩余部分，其余的人；休息；停止，静止；撑架，支座,初中
soccer,'sɑkɚ,,n.足球,初中
butter,'bʌtɚ,,n.黄油,初中
amount,ə'maʊnt,,v.合计 n.总额,初中
original,ə'rɪdʒənl,,a.最初的，原始的；新颖的，有创意的；原创性的 n.原件,初中
album,'ælbəm,,n.粘贴簿； 集邮簿； 相册； 音乐专辑,初中
electric,ɪ'lɛktrɪk,,a.电动的， 电的,初中
also,'ɔlso,,ad.而且， 也， 此外； 同样,初中
say,se,,v.说 n.决定权；发言权 interjection.哎，我说〔用于表示惊讶或引起别人注意〕,初中
sandwich,'sænwɪtʃ,,v.把…做成三明治； 夹入， 挤进 n.三明治，夹肉面包,初中
enough,ɪ'nʌf,,ad.足够地，充分地；相当，达到一定的程度 a.足够的,初中
increase,'ɪnkris,,n.增加， 增强； 增加， 增强,初中
shine,ʃaɪn,,v.照耀；发光，发亮；干得出色 n.光泽， 光,初中
spread,sprɛd,,v.展开，伸开；散布，蔓延；涂，敷 n.传播， 蔓延； 幅度， 范围； 涂抹在食物上,初中
afternoon,",æftɚ'nun",,n.下午， 午后,初中
attention,ə'tɛnʃən,,n.注意力， 专心； 关注； 关心； 立正姿势,初中
shiny,'ʃaɪni,,a.光亮的， 有光泽的； 反光的,初中
visit,'vɪzɪt,,n&v.参观， 访问,初中
headache,ˈhɛdˌek,,n.头痛； 令人头痛的人,初中
front,frʌnt,,a.前面的， 在前面的 n.前面，正面；前线，战线,初中
oneself,wʌn'sɛlf,,pron.自己， 自身； 亲自， 本人,初中
plane,plen,,n.飞机； 平面， 水平面,初中
parent,'pɛrənt,,n.父亲， 家长,初中
stupid,'stupɪd,,a.愚蠢的， 迟钝的； 无聊的； 恼人的,初中
bad,bæd,,a.坏的； 不利的； 差的， 有缺陷的； 邪恶的， 道德败坏的； 严重的， 厉害的；,初中
bring,brɪŋ,,v.[brought-brought] 带来， 拿来； 把…引来； 促使， 使发生,初中
bag,bæɡ,,v.把…装进袋子 n.袋；手提包，旅行袋,初中
sauce,sɔs,,n.沙司； 调味汁， 酱汁； 佐料,初中
awake,ə'wek,,a.醒着的 v.[awoke-awaken] 醒， 唤醒； 意识到， 醒悟,初中
kiss,kɪs,,n&v.吻,初中
hamburger,hæmbɝ​ɡɚ,,n.汉堡包,初中
offer,'ɔfɚ,,v.给予，提供；表示愿意；提出，提议 n.提供， 提议； 报价， 开价,初中
fit,fɪt,,v.可容纳，装进 a.〔尤因经常锻炼而〕健壮的，健康的 n.〔感情的〕冲动，一阵发作 v.〔疾病〕发作，突发,初中
robot,'robɑt,,n.机器人； 自动机械,初中
fix,fɪks,,v.修理； 固定； 安装； 安排， 确定； 整理， 收拾； 供给或准备,初中
need,nid,,v.需要；必须 n.需要， 必要； 缺乏； 迫切要求,初中
honest,'ɑnɪst,,a.诚实的， 正直的； 坦诚的， 直率的,初中
rank,ræŋk,,v.排列， 使排成行； 将…分等级； 属于某等级， 居某地位 n.等级；军衔，职衔,初中
cinema,'sɪnəmə,,n.电影院； 电影， 电影艺术,初中
rubbish,'rʌbɪʃ,,n.垃圾， 废物； 荒谬的念头； 废话,初中
surf,sɝf,,v.冲浪； 冲浪， 浏览 n.拍岸浪花；拍岸涛声；拍岸碎浪,初中
sure,ʃʊər; ʃʊr,,ad.确实； 当然 a.肯定的，有把握的；一定的，必然的；可靠的，稳妥的,初中
angry,ˈæŋgrɪ,,a.生气的， 发怒的， 愤怒的,初中
am,ɛm,,v.是,初中
an,"ən,æn",,indefinite article.一（个）〔用于以元音开头的单词前〕,初中
fold,fold,,v.折叠， 合拢 n.褶痕，褶缝,初中
as,æz; əz,,ad.同样，一样地 prep.当做， 作为； 像， 如同,初中
plastic,'plæstɪk,,a.塑料的；可塑的,初中
mysterious,mɪ'stɪrɪəs,,a.神秘的， 难以理解的,初中
plant,plænt,,n.植物； 作物； 工厂,初中
peace,pis,,n.和平， 和睦； 平静， 安宁， 安静,初中
drive,draɪv,,v.驱赶，驱使，迫使…去〔某处〕 n.驱车出行,初中
Atlantic,ət'læntɪk,,a.大西洋的 n.大西洋,初中
brother,'brʌðɚ,,n.兄弟； 教友， 会友,初中
hurt,hɝ​t,,v.弄伤 a.痛的；受伤的 n.〔对感情造成的〕伤害，痛苦,初中
strong,strɔŋ,,a.强壮的， 强有力的， 强大的； 牢固的； 坚强的， 坚定的； 强烈的， 浓的； 精,初中
deal,dil,,v.发放；给予；处理，对付 n.交易； 协议； 大量， 很多,初中
prove,pruv,,v.证明， 证实； 结果是， 原来是,初中
be,bi,,v.是， 就是； 在， 存在,初中
homeland,'homlænd,,n.祖国， 家乡,初中
maths,mæθs,,n.数学,初中
deaf,dɛf,,a.聋的； 不愿听的， 装聋的,初中
dead,dɛd,,ad.完全地； 绝对地 a.死的；无感觉的；呆板的 n.死者,初中
mouth,maʊθ,,n.嘴， 口,初中
adj.,səb'dʒek,,abbr.调整（adjacent）,初中
tomato,tə'meto,,n.番茄，西红柿,初中
sea,si,,n.海， 海洋,初中
sixth,sɪksθ,,num.第六 n.六分之一,初中
search,sɝtʃ,,n&v.搜索， 寻找； 搜查,初中
see,si,,v.[saw-seen] 看， 观看； 参见， 会晤； 领会， 理解； 想象； 把…看作； 发现； 体,初中
servant,'sɝvənt,,n.仆人；　公务员,初中
fool,ful,,v.欺骗，愚弄；干蠢事 a.愚蠢的 n.蠢人，笨蛋,初中
sudden,'sʌdn,,a.突然的，意外的 n.突然发生的事,初中
popularity,",pɑpju'lærəti",,n.普及； 流行,初中
mountain,ˈmaʊntn,,n.山；,初中
by,baɪ,,prep.被， 由； 凭借， 通过； 从…旁过去， 经由； 在…旁边， 靠近； 在…之前，,初中
whom,hum,,pron.谁,初中
wheat,wit,,n.小麦； 淡黄色； 朴实的人,初中
dear,dɪr,,a.亲爱的；昂贵的 int.啊，哎呀 n.亲爱的人,初中
tooth,tuθ,,n.牙，牙齿,初中
foot,fʊt,,n.脚，足,初中
sixty,'sɪksti,,num.六十， 六十个,初中
set,sɛt,,v.〔小心地〕放置，放下 n.〔物品的〕一套，一副，一组 a.在…位置的，位于…的,初中
outstanding,'aʊt'stændɪŋ,,a.杰出的； 明显的； 未解决的； 未偿付的,初中
escalator,'ɛskə'letɚ,,n.〈美〉自动扶梯,初中
medicine,ˈmedɪsn; mɛdəsn,,n.内服药； 医学； 内科学,初中
flu,flu,,n.流行性感冒,初中
food,fud,,n.食物， 食品,初中
fly,flaɪ,,v.乘飞机 v.〔棒球中〕击腾空球，击高飞球 n.蝇，苍蝇 a.时髦漂亮的,初中
partner,'pɑrtnɚ,,v.做…的搭档 n.配偶，搭档；伙伴，合伙人,初中
Thursday,ˈθɝzde; ˈθɝzdɪ,,n.星期四,初中
kilometer,ˈkɪləˌmitɚ; kəˈlɑmətɚ,,n.千米,初中
river,'rɪvɚ,,n.河流， 江， 川,初中
spider,'spaɪdɚ,,n.蜘蛛,初中
kite,kaɪt,,n.风筝； 纸鸢,初中
interview,'ɪntɚvju,,v.面试； 会见， 采访 n.接见，会见；面谈，面试,初中
bed,bɛd,,n.床； 床位； 床； 河床； 底,初中
bee,bi,,n.蜜蜂,初中
beauty,'bjuti,,n.美， 美丽； 美人； 美的东西,初中
scarf,skɑrf,,n.围巾； 披巾； 薄头巾,初中
language,'læŋɡwɪdʒ,,n.语言； 措辞； 说法,初中
do,du,,v.[did-done] 做， 从事； 实行， 进行； 尽力； 可用； 制作； 算出， 解答,初中
humorous,'hjumərəs,,a.幽默的， 诙谐的,初中
Friday,'fraɪdeɪ; -di,,n.星期五,初中
scary,'skɛri,,a.恐怖的， 吓人的,初中
which,wɪtʃ,,pron.哪一个， 哪一些； …的那个， …的那些； 那个， 那些,初中
disadvantage,",dɪsəd'væntɪdʒ",,n.缺点， 不利条件,初中
complain,kəm'plen,,v.抱怨， 诉苦； 投诉， 控告,初中
fourteen,",fɔr'tin",,num.十四,初中
she,ʃi,,pron.她,初中
knife,naɪf,,n.刀， 餐刀,初中
piece,pis,,n.片， 块， 段； 断片， 碎块,初中
western,'wɛstɚn,,a.西方的， 西部的,初中
carry,ˈkærɪ,,v.提， 挑， 背； 运送， 运载； 输送， 传送， 传播； 携带， 怀着； 支撑,初中
refrigerator,rɪ'frɪdʒəretɚ,,n.电冰箱,初中
elephant,ˈɛləfənt,,n.象,初中
party,'pɑrti,,n.社交聚会； 党， 政党； 一方， 当事人,初中
little,'lɪtl,,a.小的， 矮小的； 短的； 琐碎的， 微不足道的； 不多的， 少到,初中
however,haʊ'ɛvɚ,,ad.然而，仍然；无论如何 conj.不管怎样， 然而,初中
deep,dip,,a.深的， 厚的； 深切的， 强烈的； 深沉的； 浓的； 深刻的， 深,初中
shy,ʃaɪ,,a.腼腆的， 害羞的； 胆怯的； 有戒心的， 畏缩的,初中
for,fɚ; strong form fɔr,,prep.为， 为了； 给， 供； 代替， 代表； 因为， 由于； 就…而言； 往， 向,初中
fox,fɑks,,n.狐狸； 狡猾的人,初中
perhaps,pɚ'hæps,,ad.或许， 大概， 可能,初中
aunt,ænt,,n.姑姑， 姨妈， 伯母， 婶婶， 舅妈,初中
skill,skɪl,,n.技能， 技巧， 手艺； 熟练,初中
oak,ok,,n.橡树； 橡木,初中
trouble,'trʌbl,,n.麻烦， 苦恼， 困难； 疾病； 故障； 纠纷， 动乱,初中
divide,dɪ'vaɪd,,v.分，分隔；分配，分享；除；使产生分歧 n.分歧； 分开； 分界线， 分水岭,初中
sir,sɝ,,n.先生； [S-] 爵士,初中
class,klæs,,n.阶级， 社会等级； 班， 班级； 课； 种类， 门类； 等级， 级别,初中
sit,sɪt,,"v.[sat-sat, sitting] 坐， 就座； 坐落， 被安放； 使坐， 使就座",初中
over,'ovɚ,,prep.在…上方， 在…上面； 越过， 从一侧到另一侧； 高于， 超过； 在…期间；,初中
six,sɪks,,num.六， 六个,初中
football,'fʊtbɔl,,n.足球； 橄榄球,初中
dinner,'dɪnɚ,,n.正餐， 主餐； 宴会,初中
fork,fɔrk,,n.叉， 餐叉； 耙； 分叉， 岔口,初中
form,fɔrm,,v.形成， 构成 n.形式，种类；外形，外貌；表格,初中
farmer,'fɑmɚ,,n.农场主； 农民,初中
neither,ˈniðɚ,,ad.也不 pron.两者都不,初中
avoid,ə'vɔɪd,,v.避免； 避开， 躲开； 预防,初中
gate,ɡet,,n.大门； 有大门的出入口； 观众人数， 门票收入,初中
fresh,frɛʃ,,a.新的， 新到的； 新鲜的， 未经腌熏的,初中
he,hi,,pron.他； 一个人,初中
very,ˈvɛrɪ,,ad.很，非常；极其，完全地；正是 a.正是的， 恰好的； 完全的， 十足的,初中
big,bɪɡ,,a.大的， 巨大的； 重大的， 主要的； 年龄较大的， 长大了的,初中
practice,'præktɪs,,n.实践； 实践行动； 练习； 惯例， 习俗,初中
crowd,kraʊd,,v.聚集， 群集； 挤， 推 n.人群，群众；一群，一批,初中
sick,sɪk,,a.有病的， 患病的； 恶心的， 想吐的； 厌恶的； 心烦意乱的， 恼火的,初中
bit,bɪt,,n.一点儿， 少许； 小片， 小块,初中
corner,'kɔrnɚ,,n.角， 角落； 街角； 遥远的地区， 偏僻处； 困境，,初中
else,ɛls,,ad.其他， 另外,初中
four,fɔr,,num.四,初中
easily,'izəli,,ad.容易地， 不费力地,初中
beside,bɪ'saɪd,,prep.在…旁边； 在…附近； 和…相比,初中
join,dʒɔɪn,,v.参加， 加入； 连接， 接合,初中
if,ɪf,,conj.如果， 假如； 是否； 即使， 虽然,初中
costume,ˈkɑsˌtum,,n.戏装； 成套服装,初中
bathroom,'bæθrum,,n.浴室； 盥洗室,初中
sky,skaɪ,,n.天,初中
sentence,'sɛntəns,,v.宣判， 判决 n.句子；判决，宣判,初中
hallway,'hɔlwe,,n.走廊， 回廊； 门厅， 过道,初中
large,lɑrdʒ,,a.大的； 多的， 众多的,初中
surface,'sɝfɪs,,v.浮出水面； 浮现， 显露 n.表面，面；外表，外观,初中
in,ɪn,,prep.在…里， 在…内； 在…期间， 在…之内；,初中
tomorrow,tə'mɔro,,ad.明天 n.明天； 来日， 未来,初中
verb,vɝb,,n.动词,初中
metal,'mɛtl,,n.金属,初中
is,ɪz,,v.存在， 是,初中
it,ɪt,,pron.它； 他； ；,初中
fry,fraɪ,,v.油煎， 油炸,初中
drink,drɪŋk,,v.喝，饮 n.一杯[份]饮料；饮，喝,初中
announce,ə'naʊns,,v.宣布， 声称； 预告,初中
somebody,'sʌmbədi,,pron.某人，有人 n.重要人物,初中
India,'ɪndɪə,,n.印度,初中
traditional,trə'dɪʃənl,,a.传统的， 惯例的； 口传的， 传说的,初中
operate,'ɑpə'ret,,v.动手术； 起作用； 经营， 管理,初中
hello,həˈlo,,int.喂， 你好,初中
begin,bɪ'ɡɪn,,"v.[began-begun, beginning] 开始",初中
parrot,'pærət,,n.鹦鹉,初中
become,bɪ'kʌm,,v.[became-become] 变成， 成为； 开始变得,初中
alive,ə'laɪv,,a.活着的， 在世的； 存在的， 在起作用的； 有活力的， 活跃的， 有生,初中
weekend,ˈwikend,,a.周末的 n.周末,初中
noodle,'nudl,,n.面条,初中
plate,pleɪt,,n.盘子； 金属牌； 感光底片,初中
world,wɝld,,a.世界的， 世界范围的 n.世界，地球，天下；领域,初中
library,laɪˌbrɛrɪ,,n.图书馆， 藏书室； 藏书,初中
ability,əˈbɪlətɪ,,n.能力， 本领； 才能， 才智,初中
everything,'ɛvrɪ'θɪŋ,,pron.每件事， 一切； 最重要的东西,初中
camera,'kæmərə,,n.照相机； 摄影机， 摄像机,初中
table,'tebl,,n.桌子， 台子； 表格,初中
bread,brɛd,,n.面包； 生计， 谋生之道,初中
side,saɪd,,n.面， 侧面， 旁边； 方面； 一方， 一边； 山坡， 坡， 岸,初中
break,brek,,v.[broke-broken] 打破； 损坏， 弄坏； 破坏， 违反； 中止， 中断； 打破；,初中
restaurant,ˈrestərənt; rɛstərənt,,n.餐馆， 饭店,初中
change,tʃendʒ,,v.改变；交换，互换；兑换；换衣，换车 n.改变， 变化； 更改， 更换；,初中
draw,drɔ,,v.[drew-drawn] 画， 描绘； 拖， 拉； 拔出， 抽出； 提取， 汲取； 引起； 吸引； 推,初中
cupboard,'kʌbɚd,,n.柜橱,初中
off,ɔf,,ad.距， 离， 到； 离开； 出发， 起跑； 不发生， 取消； 断开， 不供,初中
joke,dʒok,,n.笑话， 玩笑,初中
knee,ni,,n.膝， 膝盖,初中
hide,haɪd,,v.把…藏起来，隐藏 n.〔可观察鸟兽行动的〕隐匿处，埋伏处,初中
century,ˈsɛntʃərɪ,,n.世纪， 百年,初中
instruction,ɪn'strʌkʃən,,n.命令， 指示； 教学， 教导,初中
discovery,dɪ'skʌvəri,,n.发现， 发觉； 被发现的事物,初中
candle,'kændl,,n.蜡烛,初中
report,rɪ'pɔrt,,v.报告， 汇报； 报道； 告发； 报到； 隶属， 对负责,初中
complete,kəm'plit,,a.十足的，彻底的；完成的 v.完成， 结束,初中
fun,fʌn,,a.有趣的，令人愉快的 n.有趣的事； 乐趣， 娱乐,初中
theirs,ðɛrz,,pron.他们的,初中
sign,saɪn,,v.签； 签署 n.标志，符号；招牌；征兆，迹象,初中
several,ˈsɛvrəl,,a.几个， 若干,初中
cotton,'kɑtn,,n.棉， 棉花； 棉线， 棉纱,初中
office,'ɔfɪs,,n.办公室， 办事处， 营业所； 处， 所， 局； 公职， 官职， 职责； 帮忙， 服务,初中
while,hwaɪl,,conj.当…的时候，和…同时；而，然而；虽然，尽管 n.一会儿， 时间,初中
northern,'nɔrðɚn,,a.北方的， 北部的,初中
second,'sɛkənd,,a.次等的，二等的 num.第二 n.秒， 瞬间,初中
that,ðæt,,determiner.那，那个〔指已经提到或已经知道的人、事物、想法等〕 conjunction.〔用于动词、名词或形容词后引导一个从句，表示某人所说或所想，或陈述一个事实或理由〕 ad.那么〔大、多等〕〔尤指通过手势比画来表示大小、数量等〕,初中
high,haɪ,,a.高的， 高度的； 高级的， 重要的； 高兴的， 愉快的； 正盛,初中
edge,ɛdʒ,,n.边， 边缘； 刀口， 刃； 优势， 优越地位,初中
son,sʌn,,n.儿子； 孩子,初中
skirt,skɝt,,n.裙子； 边缘， 外围,初中
than,ðæn,,conj.比 prep.与…比较,初中
me,mi,,pron.我,初中
level,'lɛvl,,a.平的， 水平的； 同高度的， 同程度 n.水平面，水平线；高度；水平，等级,初中
author,'ɔθɚ,,n.作家， 作者； 创始人， 发起者,初中
Europe,'jʊrəp,,n.欧洲,初中
meter,mitɚ,,n.米， 公尺,初中
infinitive,ɪn'fɪnətɪv,,n.原形； 不定式,初中
establish,ɪˈstæblɪʃ,,v.建立， 设立； 确定， 证实,初中
coat,kot,,v.涂 n.上衣，外套；表皮，皮毛；覆盖物，层,初中
license,'laɪsns,,n.许可，执照 vt.准许,初中
dish,dɪʃ,,n.碟， 盘； 菜肴， 一盘菜,初中
dream,drim,,n.梦 v.梦想，希望,初中
Wednesday,ˈwɛnzdɪ,,n.星期三,初中
essay,'ɛse,,n.短文， 文章； 随笔， 散文,初中
prediction,prɪ'dɪkʃən,,n.预言； 预料； 预报,初中
coal,kol,,n.煤， 煤块,初中
survey,ˈsɝˌve; (for v.) sɝˈve,,v.调查， 检视； 测量， 勘测； 全面审视， 概括论述； 俯瞰， 眺望； 调查， 检视； 测量， 勘测； 全面审视， 概括论述； 俯瞰， 眺望,初中
tense,tɛns,,a.紧张的；拉紧的，绷紧的 v.拉紧，绷紧 n.时态,初中
birthday,'bɝθde,,n.生日,初中
heat,hit,,v.加热， 变热 n.热，炎热；体温，热度；激动；激烈,初中
behind,bɪ'haɪnd,,prep.在…的背后， 在…的后面； 落后于； 支持， 赞,初中
tenth,tɛnθ,,num.第十 n.十分之一,初中
candy,ˈkændɪ,,n.糖果,初中
student,'studnt,,n.学生， 学者， 大学生； 研究生,初中
careful,'kɛrfl,,a.小心的， 仔细的,初中
recipe,'rɛsəpi,,n.烹饪法， 食谱； 方法； 秘诀， 诀窍,初中
seal,sil,,v.封， 密封 n.封铅，封条；印，图章；海豹,初中
box,bɑks,,v.把…装箱； (用拳或手 n.箱，盒；包厢,初中
bow,baʊ,,n&v.鞠躬， 低头； 鞠躬， 低头,初中
boy,bɔɪ,,n.男孩,初中
head,hɛd,,n.头， 头部； 顶部， 前端； 领导， 首脑； 头数； 头脑， 智力,初中
month,mʌnθ,,n.月， 一个月的时间,初中
total,'totl,,a.总的，全部的；完全的，彻底的 v.合计， 总计 n.总数，总计,初中
oil,ɔɪl,,v.给…加润滑油； 使涂满油 n.油；润滑油；石油，燃料油；油画；油画颜料,初中
upstairs,",ʌp'stɛrz",,ad.在楼上，往楼上 a.楼上的 n.楼上,初中
of,ʌv; əv,,prep.…的； 由…制成的； 含有…的， 装有…的,初中
fight,faɪt,,v.打（仗），与（…）作战，战斗 n.打斗，打架,初中
hear,hɪr,,v.[heard-heard] 听见； 听到， 得知； 审讯， 听证； 收到…的信,初中
on,ɑn,,prep.在…上； 向， 朝， 针对； 靠近…， 在…旁； 关于， 论及； 凭， 靠， 根据； 处,初中
zebra,ˈzibrə,,n.斑马,初中
pretty,ˈprɪtɪ,,ad.相当，很，颇 a.漂亮的， 俊俏的,初中
or,ɔr,,conj.或， 或者， 还是； 即， 或者说； 否则， 要不然,初中
chance,tʃæns,,v.碰巧， 偶然发生； 偶然看见 n.可能性；机会，机遇；偶然的事,初中
social,'soʃl,,a.社会的； 交际的， 社交的,初中
wheel,wil,,v.转动， 旋转 n.轮，车轮,初中
homeless,'homləs,,a.无家的， 无家可归的,初中
cross,krɔs,,v.穿过，越过；交叉，相交；杂交 n.十字架； 十字形记号,初中
control,kən'trol,,v.控制， 支配； n.控制，支配；管理；调节；抑制，自制；控制器，调节器,初中
cousin,'kʌzn,,n.堂兄弟， 堂姐妹,初中
clerk,klɝk,,n.〈美〉店员； 办事员， 职员,初中
earth,ɝθ,,n.地球； 陆地， 地面； 土， 泥,初中
Paris,'pærɪs,,n.巴黎,初中
elbow,'ɛlbo,,v.用肘推， 用肘挤 n.肘部,初中
salad,'sæləd,,n.沙拉， 凉拌菜,初中
rocket,'rɑkɪt,,v.迅速上升； 猛涨 n.火箭,初中
somewhere,'sʌmwɛr,,ad.在某处， 到某处； 大约， 大概,初中
scene,sin,,n.一场， 一个镜头， 一节； (戏剧、 事件,初中
injure,'ɪndʒɚ,,v.伤害， 损害， 损伤,初中
Saturday,sætɚdɪ; -de,,n.星期六,初中
freeze,friz,,v.（使）结冰，（使）冻结 n.〔价格、工资等的〕冻结,初中
province,'prɑvɪns,,n.省； 领域； 范围,初中
clever,'klɛvɚ,,a.聪明的， 机灵的； 灵巧的， 精巧的,初中
friend,frɛnd,,n.朋友， 友人,初中
bookcase,'bʊkkes,,n.书柜， 书架,初中
January,'dʒænjʊ'ɛri,,n.一月,初中
recent,'risnt,,a.新近的， 近来的,初中
they,ðe,,pron.他们,初中
noise,nɔɪz,,n.声音， 响声； 噪音,初中
pleasure,ˈplɛʒɚ,,n.高兴， 愉快； 满足； 乐事， 快事,初中
old,old,,a.老的， 年老的； 古老的， 陈旧的， 过时的； …岁的， …久的； 以前的， 过去,初中
them,ðɛm; ðəm,,pron.他们,初中
then,ðɛn,,ad.当时， 在那时； 那么， 因而； 然后， 于是,初中
ancient,ˈenʃənt,,a.古代的， 古老的； 年老的， 看上去很老的,初中
accept,əkˈsɛpt,,vt.接受； 承认； 相信,初中
zigzag,'zɪɡzæɡ,,a.“之”字形的 v.弯弯曲曲行进 n.“之”字形；蜿蜒曲折,初中
seat,sit,,v.使坐下； 供给…座位， n.座位，座部；所在地，场所；席位，职位,初中
horse,hɔrs,,n.马,初中
twelve,twɛlv,,num.十二， 十二个,初中
London,ˈlʌndən,,n.伦敦,初中
underwater,",ʌndɚ'wɔtɚ",,ad.在水下， 在水中 a.水下的；水下使用的；水下行动的,初中
singular,'sɪŋɡjəlɚ,,a.单数的； 单一的,初中
autumn,'ɔtəm,,n.秋， 秋季,初中
bridge,brɪdʒ,,v.架桥于； 把…连接起来 n.桥，桥梁；桥牌,初中
conference,'kɑnfərəns,,n.会议； 讨论， 商谈,初中
activity,ækˈtɪvətɪ,,n.活动， 行动； 活跃， 活力,初中
dormitory,'dɔrmətɔri,,n.宿舍,初中
recite,rɪ'saɪt,,v.背诵， 朗诵； 列举， 逐一讲述,初中
seek,sik,,v.[sought-sought] 寻找， 追求； 征求， 请求； 试图， 设法； 探索,初中
sun,sʌn,,n.太阳， 日,初中
eighteenth,'e'tinθ,,num.第十八,初中
seem,sim,,v.好像， 似乎,初中
secretary,'sɛkrətɛrɪ,,n.秘书； 书记； 部长， 大臣,初中
heel,hil,,n.脚后跟， 踵； 后跟,初中
disturb,dɪ'stɝb,,v.弄乱， 打乱； 打扰； 使烦恼,初中
so,so,,ad.如此， 那么； 非常， 很； 这样， 那样；,初中
pierce,pɪrs,,v.刺穿， 刺破， 穿透； 穿孔， 打眼,初中
key,kiː,,n.钥匙； 关键， 要害； 键； 调； 答案， 题解； 图例,初中
teenager,'tinedʒɚ,,n.十几岁的青少年,初中
calendar,'kæləndɚ,,n.日历， 月历； 日程表,初中
silk,sɪlk,,n.丝， 丝绸,初中
dumpling,'dʌmplɪŋ,,n.饺子,初中
silent,'saɪlənt,,a.寂静的； 沉默的； 无声的， 不发出声音的,初中
storm,stɔrm,,v.猛攻， 直捣； 怒气冲冲地走 n.暴风雨，暴风雪；激动，爆发,初中
one,wʌn,,pron.一人， 一个； 一个人， 任何人 num.一，一个,初中
garage,gəˈrɑ:ʒ; ɡəˈrɑʒ,,n.车库； 汽车修理行,初中
slipper,'slɪpɚ,,v.用拖鞋打 n.拖鞋；轻便舞鞋,初中
store,stɔr,,v.贮藏， 储备， 存储 n.商店，店铺；贮存，储备；储备品；仓库,初中
flower,'flaʊɚ,,v.开花； 发育， 成熟； 繁荣 n.花；花卉,初中
single,'sɪŋɡl,,a.单一的， 单个的； 未婚的， 独身的； (床或,初中
hill,hɪl,,n.小山， 山冈； 斜坡,初中
pull,pʊl,,v.拉，拖，拔；移动 n.拉， 拖； 拉力， 牵引力， 引力,初中
subway,'sʌbwe,,n.地铁； 地道， 地下过道,初中
to,tə;tu;tuː,,prep.向， 往， 对着； 对， 给， 于； 趋于， 倾向； 直到…为止， 在…之前； 比， 对；,初中
fourth,fɔrθ,,num.第四 n.四分之一,初中
story,stɔrɪ,,n.故事， 传说， 小说； 情况， 事情； 报道； 层,初中
but,bʌt,,ad.只， 仅仅 conj.但是，可是，然而；而 prep.除…以外,初中
country,'kʌntri,,n.国家； 国土； 国民， 全国人民； 农村， 乡村,初中
symbol,'sɪmbl,,n.符号， 标志； 象征,初中
bus,bʌs,,n.公共汽车,初中
separate,(for v.) sɛpəˌret; (for adj.) sɛprɪt,,v.使分离， 使分开； 划分， 区分， 区别； 分离， 分开； 分居； 使分离， 使分开； 划分， 区分， 区别； 分离， 分开； 分居,初中
dislike,dɪs'laɪk,,n&v.不喜欢， 讨厌,初中
buy,baɪ,,v.[bought-bought] 买， 买得； 向…行贿， 收买,初中
express,ɪk'sprɛs,,ad.用快递方式； v.表示，表达 a.特快的，直达的；明确的，明白表示的,初中
ruler,'rulɚ,,n.统治者， 支配者； 尺,初中
zero,ˈzɪro,,num.零 n.零点， 零度,初中
amazing,ə'mezɪŋ,,a.令人惊异的,初中
postcard,'post'kɑrd,,n.明信片,初中
up,ʌp,,ad.向上，向较高处；往北；成直立姿势，起来；彻底地，完全地 n.上升；　繁荣,初中
fifteenth,'fɪf'tinθ,,num.第十五 n.十五分之一,初中
unusual,ʌnˈjuʒəl,,a.不平常的， 少有的； 独特的， 与众不同的,初中
us,əs; ʌs,,pron.我们,初中
usual,'juʒuəl,,a.通常的， 惯常的,初中
sink,sɪŋk,,v.下沉，沉没 n.洗脸盆；洗涤槽；洗碗池,初中
degree,dɪ'ɡri,,n.度， 度数； 程度； 学位； 地位， 身份,初中
this,ðɪs,,pron.这， 这个,初中
necessary,ˈnɛsəˌsɛri,,a.必要的，必需的；必然的，势必的，不可避免的 n.必需品,初中
thin,θɪn,,ad.薄，细；稀疏 a.薄的；细的；瘦的；稀薄的；淡薄的 v.变薄，,初中
ocean,'oʃən,,n.洋， 海洋； 许多， 大量,初中
especially,ɪˈspɛʃlɪ,,ad.特别， 尤其， 格外,初中
once,wʌns,,ad.一次，一回；曾经，一度 conj.一旦…就…,初中
solve,sɑlv,,v.解决， 处理； 解答,初中
desk,dɛsk,,n.书桌， 办公桌,初中
know,no,,v.[knew-known] 知道， 了解； 认识， 熟悉； 通晓， 会； 认出， 分辨,初中
sing,sɪŋ,,v.[sang-sung] 唱， 演唱； 鸡鸣,初中
Internet,'ɪntɚnɛt,,n.互联网， 因特网,初中
support,sə'pɔrt,,v.支撑， 扶持， 拥护； 供养， 赡养； 维持,初中
coin,kɔɪn,,v.创造 n.硬币，钱币,初中
drop,drɑp,,v.掉下，落下 n.〔液体的〕滴,初中
idea,aɪ'diə,,n.想法， 主意； 思想， 概念,初中
kid,kɪd,,n.小孩，儿童 v.(拿…)开玩笑,初中
Yang,jæŋ,,n.阳,初中
cold,kold,,a.冷的，寒冷的；冷淡的，冷酷的 n.冷， 寒冷；,初中
life,laɪf,,n.生命， 性命； 一生， 寿命； 生活， 生存； 人生； 生物； 生气， 活力,初中
we,wi,,pron.我们,初中
cola,'kolə,,n.可乐饮料,初中
honey,'hʌni,,n.蜜， 蜂蜜； 甜蜜； 宝贝儿， 亲爱的,初中
normal,'nɔrml,,a.正常的， 平常的； 正规的， 规范的,初中
wide,waɪd,,ad.全部地， 充分地 a.宽阔的；广泛的；远离目标的，偏离的,初中
teach,titʃ,,v.[taught-taught] 教， 讲授； 教导， 教训,初中
argue,'ɑrgjʊ,,v.争论， 争吵， 争辩； 提出理由证明， 主张； 说服， 劝说,初中
stone,ston,,n.石， 石头； 宝石； 果核,初中
succeed,sək'sid,,v.成功； 接着发生； 接在…后面； 接替， 继承,初中
specially,'spɛʃəli,,ad.特意地， 专门地； 格外地， 特别地， 特殊地,初中
accessory,ək'sɛsəri,,n.附件， 零件， 配件； 装饰品,初中
gentleman,'dʒɛntlmən,,n.有教养的人， 彬彬有礼的人； 先生， 男士,初中
shampoo,ʃæm'pu,,n.洗发剂；洗涤剂 vt.用洗发剂洗头,初中
yogurt,'joɡət,,n.酸奶， 酵母乳,初中
reach,ritʃ,,v.抵达； 达到； 延伸到； 伸出； 够到； 与…取得联系； 达成,初中
competition,",kɑmpə'tɪʃən",,n.竞争； 比赛,初中
none,nʌn,,ad.一点也不， 毫不， 毫无 pron.没有一人，没有一点儿,初中
type,taɪp,,v.打 n.类型，种类；铅字,初中
beyond,bɪ'jɑnd,,prep.在…的那边； 远于； 迟于； 超出， 非…所及,初中
pupil,pjupl,,n.学生； 瞳孔,初中
problem,'prɑbləm,,n.问题， 疑难问题； 思考题， 讨论题,初中
road,rod,,n.路， 道路； 途径,初中
review,rɪ'vju,,n&v.审查， 复查； 复习， 温习， 回顾； 评论； 检阅,初中
sight,saɪt,,n.视力，视觉；看见，瞥见；视域，眼界；情景，景象，奇观；,初中
weather,'wɛðɚ,,n.天气， 气候， 气象,初中
asleep,ə'slip,,a.睡着的， 睡熟的,初中
between,bəˈtwin,,prep.在…之间； 介乎…之间,初中
method,'mɛθəd,,n.方法， 办法； 秩序， 条理,初中
wife,waɪf,,n.妻子,初中
come,kʌm,,v.[came-come] 来， 来到； 达到， 至； 产生， 来； 变成； 实现； 开始；,初中
push,pʊʃ,,v.推， 按； 推动， 推进； 催逼， 逼迫,初中
nature,'netʃɚ,,n.大自然， 自然界； 本性， 性格， 性情； 性质， 类型,初中
seventeen,",sɛvn'tin",,num.十七， 十七个,初中
lift,lɪft,,v.提，抬起 n.电梯； 抬， 上升； 搭便车,初中
force,fɔrs,,n.军事行动，武力 v.强制，逼迫，迫使,初中
scared,skɛrd,,a.惊恐的， 恐惧的,初中
flag,flæg,,n.旗， 旗帜； 标记,初中
south,saʊθ,,ad.向南方 a.南方的， 南部的， 来自南方的 n.南，南部,初中
musician,mjʊ'zɪʃən,,n.音乐家， 乐师,初中
night,naɪt,,n.夜， 夜晚,初中
north,nɔrθ,,ad.向北方 a.北方的，北部的；来自北方的 n.北，北部,初中
wear,wɛr,,v.穿着， 戴着， 留； 面露， 面带， 呈现； 磨损， 用旧,初中
our,aʊr,,pron.我们的,初中
weak,wik,,a.虚弱的， 无力的； 弱的， 差的； 微,初中
out,aʊt,,ad.出， 向外； 在外， 不在； 出,初中
overseas,",ovɚ'siz",,ad.在海外，在国外 a.海外的， 国外的，,初中
rock,rɑk,,v.摇， 摇动 n.岩石，石块；摇滚乐,初中
impress,ɪm'prɛs,,v.给…深刻印象， 使铭记,初中
noon,nun,,n.正午， 中午,初中
feature,'fitʃɚ,,n.特征，特色；,初中
flat,flæt,,a.平的， 平坦的； 固定的， 统一的； 单调的， 沉闷的； 扁平的，,初中
get,ɡɛt,,v.[got-gotten/got] 获得， 弄到； 收到； 变得； 拿来； 理解， 听到； 到达,初中
dark,dɑrk,,a.暗的，黑暗的；深色的，黑色的 n.黑暗， 暗处； 暗色， 阴影,初中
course,kɔrs,,n.过程； 经过； 路线， 航线； 方针； 课程,初中
copy,'kɑpi,,v.抄写； 复印； 抄袭； 模仿， 仿效 n.复印件，副本；本，份,初中
place,ples,,n.地方， 地点， 场所； 住所， 寓所； 地位； 资格； 名次， 等级,初中
regular,'rɛgjəlɚ,,a.规则的； 有规律的， 定期的； 整齐的， 匀称的； 正规的， 正式的； 常规的，,初中
dare,dɛr,,v.敢，敢做,初中
cook,kʊk,,v.烹调，煮，烧 n.厨师， 炊事员,初中
sell,sɛl,,v.[sold-sold] 卖， 出售； 推销,初中
cool,kul,,a.凉的，凉快的；冷静的，从容的；冷淡的 v.变凉， 冷却； 失去热,初中
tired,ˈtaɪrd,,a.疲劳的， 累的； 厌倦的， 厌烦的,初中
suggest,sə'dʒɛst,,v.建议， 提出； 使想起； 暗示,初中
leaf,lif,,n.叶， 叶子； 张， 页； 薄金属片,初中
brain,bren,,n.脑， 脑髓； 脑袋； 智慧,初中
lead,lid; lɛd,,n.铅； 铅,初中
help,hɛlp,,v.帮助，援助；有助于，促进 n.帮助， 援助； 帮手， 佣人； 救命,初中
expect,ɪk'spɛkt,,v.预期； 指望， 盼望； 要求,初中
emotion,ɪ'moʃən,,n.感情； 激情； 情绪,初中
etiquette,'ɛtɪkɛt,,n.礼节， 礼仪,初中
Chinese,'tʃaɪniːz,,a.中国的； 中国话的 n.中国人；中国话，中文,初中
queue,kju,,v.排队 n.行列,初中
date,det,,n.日期， 日子； 时期， 年代； 约会， 约会的对象； 枣,初中
magic,'mædʒɪk,,a.有魔力的 n.魔法，魔术；魔力，魅力,初中
impolite,ˌɪmpəˈlaɪt,,a.不礼貌的， 粗鲁的,初中
dress,drɛs,,v.给…穿衣 n.连衣裙；衣服，服装,初中
panda,'pændə,,n.熊猫,初中
reveal,rɪ'vil,,v.揭露， 揭示； 泄露； 展现， 显示,初中
passage,'pæsɪdʒ,,n.段落， 章节； 通道； 流逝， 推移,初中
onion,'ʌnjən,,n.洋葱， 洋葱类植物,初中
sound,saʊnd,,v.发声， 发出响声； 测量…的深度， 探测； 听起来， 似 n.声音，声响,初中
own,on,,a.自己的 v.有， 拥有,初中
drum,drʌm,,n.鼓 v.击鼓，打鼓,初中
sausage,'sɔsɪdʒ,,n.香肠， 腊肠,初中
dozen,'dʌzn,,a.一打的 n.打，十二个,初中
translate,træns'let,,v.翻译,初中
drug,drʌg,,n.药， 药物； 麻醉药， 毒品,初中
negative,'nɛɡətɪv,,a.否定的；消极的；负的 n.底片； 负数,初中
realistic,",riə'lɪstɪk",,a.现实的； 现实主义的； 逼真的,初中
twelfth,twɛlfθ,,num.第十二 n.十二分之一,初中
monster,'mɑnstɚ,,a.巨大的， 庞大的 n.怪物；妖怪；巨人，巨兽，巨大的东西,初中
plain,plen,,a.清晰的，明白的；相貌平平的，无姿色的；不矫饰的，朴素的 n.平原,初中
should,ʃəd; strong form ʃʊd,,modal verb.应当，应该 〔用于提供或征求建议〕,初中
only,onlɪ,,ad.只，仅仅，才；不料，反而，结果却 a.唯一的， 仅有的； 最好的， 独一,初中
create,krɪ'et,,v.创造； 创作； 引起， 产生,初中
tag,tæɡ,,n.标签，标牌 v.给…加上标签，给…挂上标牌,初中
blow,blo,,v.〔风〕吹，刮 n.打击,初中
sunny,'sʌni,,a.阳光充足的； 快活的,初中
notebook,'notbʊk,,n.笔记本,初中
proud,praʊd,,a.骄傲的， 傲慢的； 自豪的， 得意的,初中
like,laɪk,,v.喜欢；想要；希望，愿意,初中
ugly,'ʌɡli,,a.难看的， 丑陋的； 有敌意的,初中
earthquake,'ɝθ'kwek,,n.地震,初中
towards,tɔrdz,,prep.向， 朝， 面对； 接近,初中
person,'pɝsn,,n.人,初中
safe,sef,,a.安全的， 平安的； 牢靠的， 可靠的； 谨慎的， 稳健的 n.保险箱，保险柜,初中
send,sɛnd,,v.[sent-sent] 送， 寄； 派遣， 打发； 发送； 发射,初中
here,hɪr,,ad.在这里，到这里；在这一点上 int.嘿,初中
note,not,,n.短笺， 便条； 记录， 笔记； 注解； 音调， 音符,初中
everybody,'ɛvrɪbɑdi,,pron.每人， 人人， 各人,初中
week,wik,,n.星期， 周,初中
sail,sel,,v.航行；驾驶；在…上航行 n.帆； 航行,初中
purpose,'pɝpəs,,n.目的， 意图； 用途； 效果,初中
regret,rɪ'ɡrɛt,,"n&v.[regretted-regretted, regretting] 懊悔； 遗憾， 抱歉",初中
line,laɪn,,n.线条， 界线； 条纹， 皱纹； 方针， 路线； 线路， 电话线； 线， 绳； 排， 行； 铁路,初中
snake,snek,,v.蜿蜒； 弯弯曲曲地行进 n.蛇,初中
flee,fli,,v.[fled-fled] 逃离， 逃跑,初中
hero,'hɪro,,n.英雄， 勇士； 男主角， 男主人公,初中
hers,hɝz,,pron.她的,初中
can,kæn,,modal verb.能，会 n.〔装食品或饮料的〕金属罐 v.把…制成罐头,初中
award,ə'wɔrd,,v.授予，给予；判给 n.奖， 奖品； 报酬， 津贴,初中
cap,kæp,,v.覆盖； 笼罩 n.帽子，便帽；盖，罩，套,初中
organize,ɔrɡənˌaɪz,,v.组织， 安排； 使有条理； 使有机化,初中
car,kɑr,,n.汽车， 轿车； 车厢,初中
ready,'rɛdi,,a.准备好的， 现成的,初中
marriage,'mærɪdʒ,,n.结婚， 婚姻， 婚礼,初中
cat,kæt,,n.猫； 猫科动物,初中
station,ˈsteɪʃən,,v.安置； 派驻， 驻扎 n.站，台，局；身份，地位,初中
disappointing,",dɪsə'pɔɪntɪŋ",,a.令人失望的， 令人扫兴的,初中
village,'vɪlɪdʒ,,n.乡村， 村庄,初中
player,'pleɚ,,n.选手， 队员； 做游戏的人； 演员； 演奏者； 播,初中
nose,noz,,v.嗅出， 探出 n.鼻子；鼻状物，前端突出部分,初中
balloon,bə'lun,,n.气球,初中
cost,kɔst,,n.费用；成本 v.价格为；需支付〔某一数量的钱〕,初中
satisfy,'sætɪsfaɪ,,v.满足， 满意； 确信， 信服,初中
will,wɪl,,modal verb.将，会，要〔用于构成将来时〕 n.意志，毅力，决心 v.设法用意志力驱使〔某事发生〕,初中
match,mætʃ,,v.和…相配， 和…相称 n.比赛，竞赛；对手，敌手；匹配；火柴,初中
smoke,smok,,v.冒烟， 冒气； 抽烟 n.烟，烟尘；吸烟，抽烟,初中
follow,'fɑlo,,v.跟随；接着；遵照，听从；听懂，领会 n.跟随,初中
really,"ˈriəˌli, ˈrili",,ad.真正地， 实际上； 很， 十分， 全然,初中
clothes,kloz,,n.衣服， 服装； 被褥,初中
challenge,'tʃælɪndʒ,,v.向…挑战； 对…质疑； n.挑战，艰巨任务；质疑，质询；邀请,初中
wild,waɪld,,a.野生的， 未驯化的； 荒凉的， 荒芜的； 狂热的， 疯狂的； 野蛮的，,初中
