word,phonetic,pos,definition,source
questionnaire,ˌkwɛstʃənˈɛr,,n.问卷；调查表,北师高中
matter,'mætɚ,,vi.要紧，有重大关系 n.事情,北师高中
partner,ˈpɑːrtnər,,n.合作者，搭档,北师高中
lifestyle,'laɪfstaɪl,,n.生活方式,北师高中
shepherd,'ʃɛpɚd,,n.牧羊人,北师高中
peaceful,'pisfəl,,a.平静的；和平的,北师高中
relaxing,rɪ'læksɪŋ,,a.轻松的，放松的,北师高中
stressful,'strɛsfl,,a.充满压力的，紧张的,北师高中
suppose,sə'poz,,vt.认为，猜想,北师高中
series,'sɪriz,,n.系列节目；系列,北师高中
cartoon,kɑr'tun,,n.卡通片，动画片,北师高中
talk show,,,谈话节目，现场访谈,北师高中
complain,kəm'plen,,vi.抱怨；投诉,北师高中
couch,kaʊtʃ,,n.长沙发，睡椅,北师高中
switch,swɪtʃ,,vt.转换，转变,北师高中
BBC,",bi: bi: 'si:",,英国广播公司,北师高中
portable,'pɔrtəbl,,a.轻便的，手提(式)的,北师高中
remote,rɪ'mot,,a.遥远的,北师高中
workaholic,ˌwɜrkəˈhɔlɪk,,n.工作狂,北师高中
paperwork,'pepɚ'wɝk,,n.日常文书工作,北师高中
alarm,ə'lɑrm,,n.警报，警告器,北师高中
go off,,,(铃、爆竹等)响,北师高中
take,tek,,占据,北师高中
be filled with,,,充满着,北师高中
urgent,'ɝdʒənt,,a.急迫的，紧急的,北师高中
document,dɑkjəmənt,,n.公文，文件,北师高中
midnight,'mɪdnaɪt,,n.午夜，半夜,北师高中
bored,bɔrd,,a.厌烦的，不感兴趣的,北师高中
stress,strɛs,,n.压力,北师高中
studio,'studɪo,,n.演播室；工作室,北师高中
expert,"'ɛkspɝt; (for adj., also) ɛksˈpɝt ; ɪkˈspɝt",,n.专家,北师高中
suffer,'sʌfɚ,,v.遭受(痛苦)，感到疼痛,北师高中
pressure,'prɛʃɚ,,n.压力,北师高中
social,'soʃl,,a.社交的；社会的,北师高中
reduce,rɪ'dʊs,,vt.减少；降低,北师高中
organise,"'ɔrgə,naɪz",,vt.组织,北师高中
diet,'daɪət,,n.饮食；节食,北师高中
prefer,prɪ'fɝ,,vt.更喜欢；宁愿,北师高中
stand,stænd,,vt.(stood，stood)忍耐，忍受,北师高中
volunteer,",vɑlən'tɪr",,n.志愿者,北师高中
graduate,ˈɡrædʒuˌet,,vi.毕业,北师高中
minus,'maɪnəs,,a.零下，负,北师高中
basin,'besn,,n.水盆，脸盆,北师高中
challenge,'tʃælɪndʒ,,n.挑战,北师高中
support,sə'pɔrt,,vt&n.支持；支撑,北师高中
dial,'daɪəl,,vt.拨(电话号码),北师高中
design,dɪ'zaɪn,,n&vt.设计,北师高中
advertisement,",ædvɚ'taɪzmənt",,n.广告,北师高中
presentation,",prizɛn'teʃən",,n.表演；展示,北师高中
solve,sɑlv,,vt.解决；解答,北师高中
accountant,ə'kaʊntənt,,n.会计，会计师,北师高中
tube,tub,,n.地铁,北师高中
crowded,'kraʊdɪd,,a.拥挤的,北师高中
nearby,",nɪr'baɪ",,a.附近的 ad.在附近,北师高中
otherwise,'ʌðɚwaɪz,,ad.否则；另外,北师高中
forecast,'fɔrkæst,,n.预报；预测,北师高中
crowd,kraʊd,,n.人群，一伙人,北师高中
lung,lʌŋ,,n.肺,北师高中
sickness,'sɪknəs,,n.疾病,北师高中
distance,'dɪstəns,,n.距离,北师高中
cigar,sɪ'ɡɑr,,n.雪茄烟,北师高中
at the moment,,,此刻，目前,北师高中
over the years,,,数年间,北师高中
survey,ˈsɝˌve; (for v.) sɝˈve,,n.调查,北师高中
classical,'klæsɪkl,,a.古典的,北师高中
mini-skirt,,,n.迷你裙，超短裙,北师高中
formal,'fɔrml,,a.正式的，合礼仪的,北师高中
cycle,'saɪkl,,vi.骑自行车,北师高中
kung fu,",kʌŋ'fu",,n.(中国)功夫,北师高中
style,staɪl,,n.风格，作风,北师高中
calm,kɑm,,a.镇静的，沉着的,北师高中
generous,'dʒɛnərəs,,a.慷慨的，大方的,北师高中
violent,'vaɪələnt,,a.暴力的,北师高中
character,'kærɪktɚ,,n.人物；性格,北师高中
spaceship,'spesʃɪp,,n.太空船,北师高中
province,'prɑvɪns,,n.省,北师高中
astronaut,'æstrəˌnɔt,,n.宇航员,北师高中
flight,flaɪt,,n.飞行；航班,北师高中
launch,lɔntʃ,,n.发射,北师高中
gravity,ˈɡrævətɪ,,n.地心引力,北师高中
rocket,'rɑkɪt,,n.火箭,北师高中
soar,sɔr,,vi.升空，升腾,北师高中
the United Nations,,,联合国,北师高中
explore,ɪk'splɔr,,vt.探测；勘探,北师高中
peacefully,pisfəli,,ad.和平地，平静地,北师高中
reporter,rɪ'pɔrtɚ,,n.记者，通讯员,北师高中
glow,ɡlo,,vi.发光,北师高中
atmosphere,'ætməsfɪr,,n.大气；气氛,北师高中
parachute,'pærə'ʃʊt,,n.降落伞,北师高中
helicopter,'hɛlɪkɑptɚ,,n.直升机,北师高中
million,'mɪljən,,num.百万,北师高中
wave,wev,,vi.挥手示意，致意,北师高中
revolution,'rɛvə'lʊʃən,,n.革命,北师高中
found,faʊnd,,vt.建立，创立,北师高中
republic,rɪ'pʌblɪk,,n.共和国,北师高中
light bulb,,,n.电灯泡,北师高中
opinion,ə'pɪnjən,,n.意见，看法，主张,北师高中
personally,'pə:sənəli,,ad.就自己而言,北师高中
racism,'resɪzəm,,n.种族主义,北师高中
equal,'ikwəl,,a.平等的；相等的,北师高中
struggle,'strʌɡl,,n.斗争，拼搏,北师高中
protest,prəˈtɛst;protɛst,,n.抗议,北师高中
march,mɑrtʃ,,vi&n.游行示威；行军,北师高中
brilliant,'brɪljənt,,a.卓越的,北师高中
skilful,'skilful,,a.灵巧的，熟练的,北师高中
awful,'ɔfl,,a.糟糕的；极度的,北师高中
useless,juslɪs,,a.差劲的；无用的,北师高中
unusual,ʌnˈjuʒəl,,a.不平常的,北师高中
champion,'tʃæmpɪən,,n.冠军,北师高中
violence,'vaɪələns,,n.暴力，暴行,北师高中
bullet,'bʊlɪt,,n.子弹,北师高中
compete,kəm'pit,,vi.比赛，竞争,北师高中
keen,kin,,a.热心的，渴望的,北师高中
career,kə'rɪr,,n.职业，一生的事业,北师高中
amazing,ə'mezɪŋ,,a.令人惊异的,北师高中
event,ɪ'vɛnt,,n.竞赛；事件,北师高中
fortunately,'fɔrtʃənətli,,ad.幸运地,北师高中
athlete,'æθlit,,n.运动员,北师高中
superhero,'supɚhɪro,,n.超级英雄,北师高中
afterwards,'æftɚwɚdz,,ad.然后，后来,北师高中
superman,'supɚmæn,,n.超人,北师高中
disaster,dɪ'zæstɚ,,n.灾难,北师高中
on one's own,,,独立地，独自地,北师高中
promote,prə'mot,,vt.促进，提升,北师高中
injury,'ɪndʒəri,,n.伤害，损害,北师高中
give up,,,放弃,北师高中
come to do something,,,开始(认识、理解),北师高中
pull through,,,使从(受伤)中活下来；渡过难关,北师高中
commit,kə'mɪt,,vt.犯(错误)，干(坏事),北师高中
get on,,,融洽相处；进展,北师高中
relationship,rɪ'leʃən'ʃɪp,,n.关系,北师高中
react,ri'ækt,,vi.反应；起化学反应,北师高中
divorce,dɪ'vɔrs,,vi.离婚,北师高中
involve,ɪn'vɑlv,,vt.涉及；参与,北师高中
charity,'tʃærəti,,n.慈善，施舍,北师高中
quality,'kwɑləti,,n.质量；品质,北师高中
disabled,dɪs'ebld,,a.残疾的,北师高中
confident,'kɑnfɪdənt,,a.自信的,北师高中
far too,,,太…，极为…,北师高中
come off it,,,别胡扯,北师高中
Olympic,əˈlɪmpɪk,,a.奥运会的,北师高中
badminton,'bædmɪntən,,n.羽毛球,北师高中
admire,ədˈmaɪr,,vt.钦佩，羡慕,北师高中
dead (right),,,ad.完全地，绝对地,北师高中
absolutely,'æbsəlutli,,ad.当然；绝对地,北师高中
medal,'mɛdl,,n.奖章，勋章,北师高中
You've got a point there.,,,你所说的看来有道理。,北师高中
dive,daɪv,,vi&n.跳水；潜水,北师高中
graduation,",ɡrædʒu'eʃən",,n.毕业,北师高中
scholarship,'skɑlɚʃɪp,,n.奖学金,北师高中
the Mid Autumn Festival,,,中秋节,北师高中
wedding,'wɛdɪŋ,,n.婚礼,北师高中
Halloween,ˌhæloˈin,,n.万圣节前夕,北师高中
dragon,'dræɡən,,n.龙,北师高中
turkey,'tɝki,,n.火鸡,北师高中
occasion,ə'keʒn,,n.时刻，时机,北师高中
traditional,trə'dɪʃənl,,a.传统的,北师高中
bean paste,,,豆馅,北师高中
nowadays,'naʊədez,,ad.现今，现在,北师高中
lantern,'læntɚn,,n.灯笼,北师高中
lunar,'lunɚ,,a.月球的，与月亮有关的,北师高中
celebration,",sɛlɪ'breʃən",,n.庆祝，庆典,北师高中
power,'paʊɚ,,n.控制力；权力,北师高中
darkness,'dɑrknəs,,n.黑暗，漆黑,北师高中
destroy,dɪ'strɔɪ,,vt.破坏，毁坏,北师高中
burn down,,,烧毁,北师高中
decorate,'dɛkəret,,vt.装饰，布置,北师高中
battery,'bæt(ə)rɪ,,n.电池,北师高中
sweet dumpling,,,元宵,北师高中
boil,bɔɪl,,vt&vi.煮沸，沸腾,北师高中
serve,sɝv,,vt.提供(食物)，端上(饭菜),北师高中
tradition,trə'dɪʃən,,n.传统，惯例,北师高中
take part in,,,参与，参加,北师高中
sticky,'stɪki,,a.黏的，黏性的,北师高中
alcohol,'ælkəhɔl,,n.酒；酒精,北师高中
hot pot,,,火锅,北师高中
snack,snæk,,n.小吃，快餐,北师高中
reception,rɪ'sɛpʃən,,n.接待；招待会,北师高中
retire,rɪ'taɪɚ,,vi.退休,北师高中
salary,'sæləri,,n.薪水，工资,北师高中
apply,ə'plaɪ,,vi.申请 vt.应用,北师高中
opportunity,ˌɑpɚˈtunətɪ,,n.机会,北师高中
teenager,'tinedʒɚ,,n.青少年,北师高中
depend on,,,根据，依据,北师高中
smartly,'sma:tli,,ad.潇洒地；漂亮地,北师高中
on time,ɔn'taim,,准时,北师高中
bunch,bʌntʃ,,n.串，束,北师高中
congratulation,"kən,ɡrætʃu'leʃən",,n.祝贺,北师高中
bride,braɪd,,n.新娘,北师高中
bridegroom,'braɪdɡrum,,n.新郎,北师高中
best man,,,男傧相,北师高中
ceremony,ˈsɛrəˌmoʊni,,n.典礼，仪式,北师高中
entrance,(for v.)ɪnˈtræns; (for n.) ˈɛntrəns,,n.入口,北师高中
invitation,ˌɪnvɪˈteɪʃn,,n.请柬；邀请,北师高中
even if,,,即使,北师高中
attend,ə'tɛnd,,vt.出席，参加,北师高中
Indonesian,",indəu'ni:zjən",,a.印度尼西亚的,北师高中
ought,ɔt,,aux.应当，应该,北师高中
contribute,kən'trɪbjut,,vt.捐献，贡献；促成，造成,北师高中
Greek,grik,,a.希腊的，希腊人的,北师高中
crown,kraʊn,,n.花冠，王冠,北师高中
ribbon,'rɪbən,,n.缎带，丝带,北师高中
link,lɪŋk,,vt.连接,北师高中
carol,'kærəl,,n.圣诞节颂歌,北师高中
stocking,'stɑkɪŋ,,n.长筒女袜,北师高中
seriously,'sɪrɪəsli,,ad.认真地；真诚地,北师高中
pole,pol,,n.极；棒，竿,北师高中
envelope,'envələʊp; 'ɒn-,,n.信封,北师高中
calendar,'kæləndɚ,,n.日历,北师高中
put up,,,竖起，建造,北师高中
decoration,",dɛkə'reʃən",,n.装饰；装饰品,北师高中
pudding,'pʊdɪŋ,,n.布丁,北师高中
breast,brɛst,,n.(鸟的)胸脯肉；胸部,北师高中
swallow,'swɑlo,,vt.吞下，咽下,北师高中
adult,əˈdʌlt,,n.成年人,北师高中
carry on,,,继续，坚持,北师高中
merry,'mɛri,,a.高兴的，愉快的,北师高中
production,prə'dʌkʃən,,n.生产，制造,北师高中
needle,'nidl,,n.针,北师高中
pillow,'pɪlo,,n.枕头,北师高中
as well,,,也,北师高中
mat,mæt,,n.垫子,北师高中
litre,'li:tə,,n.升，公升,北师高中
fry,fraɪ,,vt.用油煎，用油炸,北师高中
unfortunately,ʌn'fɔrtʃənətli,,ad.不幸地,北师高中
mess,mɛs,,n.混乱，脏乱,北师高中
likely,'laɪkli,,a.有可能的 ad.可能,北师高中
concept,'kɑnsɛpt,,n.概念,北师高中
chart,tʃɑrt,,n.表格，图表,北师高中
focus,'fokəs,,vi.集中注意,北师高中
skip,skɪp,,vt.跳过,北师高中
fist,fɪst,,n.拳头,北师高中
waist,west,,n.腰,北师高中
nail,nel,,n.指甲；趾甲,北师高中
gallery,'gæləri,,n.画廊,北师高中
cyberspace,'saɪbɚspes,,n.网络空间,北师高中
come ture,,,(愿望、梦想等)实现,北师高中
artificial,",ɑrtɪ'fɪʃl",,a.人造的,北师高中
climate,ˈklaɪmət,,n.气候,北师高中
global,'ɡlobl,,a.全球的，全世界的,北师高中
flood,flʌd,,n.洪水，水灾 vt&vi.淹没,北师高中
virtual,ˈvɝ​tʃʊəl,,a.虚拟的,北师高中
reality,rɪ'æləti,,n.真实，现实,北师高中
virus,'vaɪrəs,,n.病毒,北师高中
affect,ə'fɛkt,,vt.影响,北师高中
rapidly,'ræpɪdli,,ad.快，迅速地,北师高中
growth,ɡroθ,,n.增长；生长,北师高中
pessimistic,",pɛsɪ'mɪstɪk",,a.悲观的，厌世的,北师高中
crime,kraɪm,,n.犯罪；罪行,北师高中
hacker,'hækɚ,,n.电脑黑客,北师高中
terrorist,'tɛrərɪst,,n.恐怖分子,北师高中
attack,ə'tæk,,n&vt.攻击，进攻；袭击,北师高中
chaos,'keɑs,,n.混乱，无秩序,北师高中
crash,kræʃ,,vt&n.(汽车、飞机等)撞毁；坠毁,北师高中
optimistic,",ɑptɪ'mɪstɪk",,a.乐观的,北师高中
entertainment,ˌɛntɚ'tenmənt,,n.娱乐；款待,北师高中
disappear,'dɪsə'pɪr,,vi.消失,北师高中
as if,,,好像，仿佛,北师高中
harm,hɑrm,,vt&n.伤害，损害,北师高中
obvious,'ɑbvɪəs,,a.明显的，显而易见的,北师高中
destruction,dɪ'strʌkʃən,,n.破坏，毁灭,北师高中
military,'mɪlətɛri,,a.军事的，军用的,北师高中
scientific,",saɪən'tɪfɪk",,a.科学的,北师高中
the Pentagon,,,(美国)五角大楼,北师高中
nuclear,'nuklɪɚ,,a.原子能的,北师高中
network,'nɛtwɝk,,n.网络,北师高中
project,prəˈdʒɛkt; prɑdʒɛkt,,n.课题；方案；工程,北师高中
get in touch,,,取得联系,北师高中
hang on,,,(电话用语)别挂断,北师高中
be up to,,,做，从事于,北师高中
fashion,'fæʃən,,n.时髦，时尚,北师高中
fancy,'fænsi,,vt.想要做；幻想,北师高中
suggestion,sə'dʒɛstʃən,,n.建议，提议,北师高中
reject,(for v.)rɪˈdʒɛkt; (for n.)ˈriːdʒɛkt,,vt.拒绝，不接受,北师高中
arrangement,ə'rendʒmənt,,n.安排,北师高中
title,'taɪtl,,n.标题，题目,北师高中
destination,",dɛstɪ'neʃən",,n.目的地,北师高中
flesh,flɛʃ,,n.肉，肉体,北师高中
exit,'ɛɡzɪt,,vt.出，离开,北师高中
historical,hɪ'stɔrɪkl,,a.历史的，有关历史的,北师高中
site,saɪt,,n.（事物或事件发生的）场所，位置,北师高中
pack,pæk,,vt.收拾（行李），打包,北师高中
dip,dɪp,,vt.浸,北师高中
toe,to,,n.脚趾,北师高中
millionaire,",mɪljə'nɛr",,n.百万富翁,北师高中
smoker,'smokɚ,,n.吸烟者,北师高中
tourism,'tʊrɪzəm,,n.观光，游览,北师高中
guide,ɡaɪd,,n.指南；导游，向导,北师高中
locate,ˈloˌket; loˈket,,vt.坐落于；位于,北师高中
seaside,'sisaɪd,,n.海滨，海边,北师高中
Maori,'mauri,,n.（新西兰）毛利人,北师高中
settle,'sɛtl,,vi.定居,北师高中
settlement,'sɛtlmənt,,n.（新）定居地,北师高中
central,'sɛntrəl,,a.中央的，中心的,北师高中
suburb,'sʌbɝb,,n.市郊，郊区,北师高中
zone,zon,,n.地域，地区,北师高中
volcano,vɑl'keno,,n.火山,北师高中
as well as,,,也，又,北师高中
harbour,hɑrbɚ,,n.海港,北师高中
view,vju,,n.景色，风景，视野,北师高中
sunshine,'sʌnʃaɪn,,n.阳光,北师高中
average,'ævərɪdʒ,,a.平均的 n.平均数,北师高中
surfing,'sɝfɪŋ,,n.冲浪,北师高中
regular,'rɛgjəlɚ,,a.定期的；规则的,北师高中
location,lo'keʃən,,n.位置，场所,北师高中
steel,stil,,n.钢，钢铁,北师高中
material,mə'tɪrɪəl,,n.材料，原料,北师高中
be known as,,,被认为是，以……知名,北师高中
Chinatown,"'tʃaɪnə,taʊn",,n.唐人街,北师高中
officially,ə'fɪʃəli,,ad.正式地,北师高中
scenery,'sinəri,,n.风景，景色,北师高中
cuisine,kwɪ'zin,,n.烹饪,北师高中
attractive,ə'træktɪv,,a.吸引人的，有魅力的,北师高中
spider,'spaɪdɚ,,n.蜘蛛,北师高中
web,wɛb,,n.蜘蛛网；网状物,北师高中
folk,fok,,a.民间的,北师高中
jazz,dʒæz,,n.爵士乐,北师高中
rock ’n’ roll,,,摇滚乐,北师高中
disco,'dɪsko,,n.迪斯科舞,北师高中
ballet,bæ'le,,n.芭蕾舞,北师高中
effect,ɪ'fɛkt,,n.效果，作用,北师高中
disappoint,'dɪsə'pɔɪnt,,vt.使失望,北师高中
extraordinary,ɪkˈstrɔrdənerɪ; ɪkˈstrɔrdnˌɛrɪ,,a.非凡的，特别的,北师高中
unclear,",ʌn'klɪr",,a.不清楚的,北师高中
be used to,,,习惯于,北师高中
album,'ælbəm,,n.唱片；相册；集邮册,北师高中
performance,pɚ'fɔrməns,,n.表演；演奏；表现,北师高中
perform,pɚ'fɔrm,,vt&vi.表演；做,北师高中
award,ə'wɔrd,,n.奖，奖品,北师高中
base,bes,,n.基地，基础,北师高中
extremely,ɪk'strimli,,ad.极端地，非常地,北师高中
creative,krɪ'etɪv,,a.有创造力的，创造性的,北师高中
powerful,'paʊɚfl,,a.强大的，有力的,北师高中
anger,'æŋɡɚ,,n.气愤，愤怒,北师高中
system,'sɪstəm,,n.系统,北师高中
audience,'ɔdɪəns,,n.听众；观众,北师高中
throughout,θrʊ'aʊt,,prep.贯穿，遍及,北师高中
impress,ɪm'prɛs,,vt.使（人）印象深刻,北师高中
performer,pɚ'fɔrmɚ,,n.表演者,北师高中
instrument,'ɪnstrəmənt,,n.乐器；工具,北师高中
male,mel,,a.男性的,北师高中
female,'fimel,,a.女性的,北师高中
clown,klaʊn,,n.小丑,北师高中
carriage,'kærɪdʒ,,n.马车,北师高中
treasure,'trɛʒɚ,,n.财宝，财富,北师高中
combine,kəm'baɪn,,vt.（使）结合，（使）联合,北师高中
mask,mæsk,,n.面具，面罩；伪装，掩饰,北师高中
acrobatics,",ækrə'bætɪks",,n.杂技,北师高中
costume,ˈkɑsˌtum,,n.戏装；服装,北师高中
represent,",rɛprɪ'zɛnt",,vt.代表,北师高中
general,'dʒɛnrəl,,n.将军,北师高中
in other words,,,换句话说,北师高中
pianist,'pɪənɪst,,n.钢琴家，钢琴演奏者,北师高中
musician,mjʊ'zɪʃən,,n.音乐家,北师高中
at times,,,有时，不时,北师高中
quit,kwɪt,,"v.(quitted,quitted;quit,quit)停止；辞职",北师高中
talent,'tælənt,,n.才干，才能；天才，天赋,北师高中
worldwide,'wɝldwaɪd,,ad.在全世界,北师高中
in some ways,,,在某些方面,北师高中
identity,aɪ'dɛntəti,,n.身份；特性,北师高中
root,rut,,n.根,北师高中
rediscover,",ridɪ'skʌvɚ",,vt.重新发现,北师高中
beauty,'bjuti,,n.美；美貌；美人,北师高中
appearance,ə'pɪrəns,,n.外貌，外观,北师高中
shave,ʃev,,vt.剃，刮,北师高中
hairstyle,'hɛr'staɪl,,n.发型,北师高中
transform,træns'fɔrm,,vt.转换，转化,北师高中
waltz,wɔlts,,n.华尔兹舞,北师高中
breakdance,'breikda:ns,,n.霹雳舞,北师高中
encyclopedia,ɪnˌsaɪkləˈpidiɚ,,n.百科全书,北师高中
sword,sɔrd,,n.剑,北师高中
peacock,'pikɑk,,n.孔雀,北师高中
Swan Lake,,,（芭蕾舞剧）天鹅湖,北师高中
ordinary,'ɔrdnɛri,,a.普通的;平常的,北师高中
generation,'dʒɛnə'reʃən,,n.代，一代,北师高中
type,taɪp,,n.类型，种类,北师高中
skip.,skɪp,,vi.跳，蹦,北师高中
back and forth,,,往返，来回,北师高中
unique,jʊ'nik,,a.独特的，唯一的,北师高中
noble,'nobl,,a.贵族的;高尚的，高贵的 n.贵族,北师高中
ballroom,'bɔl'rʊm,,n.舞厅，跳舞场,北师高中
immigrant,'ɪmɪɡrənt,,a.移民的，移居的,北师高中
tap dancing,,,踢踏舞,北师高中
tango,'tæŋɡo,,n.探戈舞,北师高中
reaction,rɪ'ækʃən,,n.反应,北师高中
responsible,rɪˈspɑnsəbəl,,a.有责任的，应负责任的,北师高中
permission,pɚ'mɪʃən,,n.允许，许可,北师高中
realistic,",riə'lɪstɪk",,a.现实（主义）的,北师高中
abstract,'æbstrækt,,a.抽象的，深奥的,北师高中
straight,stret,,a.直的 ad.直，直接,北师高中
wavy,'wevi,,a.波状的,北师高中
imagination,"ɪ,mædʒɪ'neʃən",,n.想象；想象力,北师高中
painter,'pentɚ,,n.画家；油漆匠,北师高中
pain,pen,,n.痛苦；疼，痛,北师高中
exhibition,ˌɛksəˈbɪʃən,,n.展览会,北师高中
poetry,'poətri,,n.诗（总称）,北师高中
missile,'mɪsl,,n.导弹,北师高中
mane,men,,n.鬃毛,北师高中
shade,ʃed,,n.(色彩的)浓淡；阴影,北师高中
sweat,swɛt,,n.汗,北师高中
youth,jʊθ,,n.青春；年轻人,北师高中
insect,'ɪnsɛkt,,n.昆虫,北师高中
fix one's eyes on,,,注视，凝视,北师高中
creature,'kritʃɚ,,n.动物；（有特性或特质的）人,北师高中
artist,'ɑrtɪst,,n.画家；艺术家,北师高中
valuable,ˈvæljuəbəl; ˈvæljə-,,a.贵重的，有价值的,北师高中
typical,'tɪpɪkl,,a.典型的,北师高中
elegantly,'eləgəntli,,ad.优雅地,北师高中
emphasize,'ɛmfəsaɪz,,vt.强调,北师高中
detail,dɪˈtel,,n.细节，详情,北师高中
cloth,klɔθ,,n.布，布料,北师高中
fold,fold,,n.皱褶,北师高中
shallow,'ʃælo,,a.浅的,北师高中
shore,ʃɔr,,n.岸边,北师高中
eyesight,'aɪsaɪt,,n.视力,北师高中
marble,'mɑrbl,,n.大理石,北师高中
concrete,'kɑŋkrit,,n.混凝土,北师高中
feature,'fitʃɚ,,n.特征，特色,北师高中
balcony,'bælkənɪ,,n.阳台,北师高中
roof,ruf,,n.房顶,北师高中
statue,'stætʃu,,n.雕像,北师高中
castle,'kæsl,,n.城堡,北师高中
skyscraper,'skaɪ'skrepɚ,,n.摩天大楼,北师高中
angel,'endʒl,,n.天使,北师高中
architect,'ɑrkɪtɛkt,,n.建筑师,北师高中
ruin,'ruɪn,,vt.毁坏，毁灭,北师高中
loch,lɑk,,n.湖；海湾,北师高中
fairytale,"'fɛrɪ,tel",,n.童话,北师高中
granite,'grænɪt,,n.花岗岩,北师高中
sort of,,,有几分地,北师高中
cafe,kæ'fe,,n.咖啡馆,北师高中
phoenix,'finɪks,,n.凤凰,北师高中
rooster,'rustɚ,,n.雄鸡，公鸡,北师高中
bat,bæt,,n.蝙蝠,北师高中
tomb,tum,,n.坟墓,北师高中
date back to,,,追溯到,北师高中
dynasty,'daɪnəsti,,n.朝代，王朝,北师高中
religious,rɪ'lɪdʒəs,,a.宗教的；虔诚的,北师高中
purpose,'pɝpəs,,n.目的，意图,北师高中
pattern,ˈpætərn,,n.式样，模式,北师高中
character,'kærɪktɚ,,n.(书写或印刷的)字，字体,北师高中
happiness,'hæpɪnəs,,n.幸福，快乐,北师高中
temple,'tɛmpl,,n.庙宇，寺庙,北师高中
offering,'ɔfərɪŋ,,n.供品，祭品,北师高中
relate,rɪ'let,,vt.把……与……联系起来,北师高中
jewellery,'dʒu:əlri,,n.（总称）珠宝,北师高中
try out,,,试用，试验,北师高中
cottage,'kɑtɪdʒ,,n.村舍，小屋,北师高中
rent,rɛnt,,n.租金,北师高中
landlord,'lændlɔrd,,n.房东,北师高中
worm,wɝm,,n.虫，小虫,北师高中
pipe,paɪp,,n.管子,北师高中
mercy,'mɝsi,,n.慈悲，怜悯，同情心,北师高中
washroom,'wɑʃrum,,n.盥洗室,北师高中
damp,dæmp,,a.潮湿的,北师高中
bathtub,bæθtʌb,,n.浴缸，澡盆,北师高中
basement,'besmənt,,n.地下室,北师高中
bathe,beð,,vi.洗澡；沐浴,北师高中
fence,fɛns,,n.栅栏，围墙,北师高中
narrow,'næro,,a.狭窄的,北师高中
hold one's breath,,,屏住呼吸,北师高中
garage,gəˈrɑ:ʒ; ɡəˈrɑʒ,,n.车库,北师高中
garbage,'ɡɑrbɪdʒ,,n.垃圾，废物,北师高中
apartment,ə'pɑrtmənt,,n.公寓住宅,北师高中
subway,'sʌbwe,,n.地铁,北师高中
downtown,'daʊn'taʊn,,ad.在市区，往市区 a.市区的,北师高中
lorry,'lɔri,,n.卡车，载重汽车,北师高中
curtain,ˈkɜrtən,,n.窗帘,北师高中
air conditioner,,,空调,北师高中
conclusion,kən'kluʒn,,n.结论；结束,北师高中
participate,pɑr'tɪsə'peɪt,,vi.参加,北师高中
fill out,,,填写,北师高中
evaluate,ɪ'væljʊ'et,,vt.评估，评价,北师高中
arrange,ə'reɪn(d)ʒ,,vt.安排，准备,北师高中
chimpanzee,",tʃɪmpæn'zi",,n.黑猩猩,北师高中
dolphin,'dɑlfɪn,,n.海豚,北师高中
sign,saɪn,,n.手势，符号,北师高中
hunt,hʌnt,,v.打猎，猎杀,北师高中
actor,'æktɚ,,n.演员,北师高中
actress,'æktrɪs,,n.女演员,北师高中
writer,'raɪtɚ,,n.作者，作家,北师高中
collection,kə'lɛkʃən,,n.收集，收取,北师高中
boxing,'bɑksɪŋ,,n.拳击运动,北师高中
ski,ski,,vi.滑雪,北师高中
water skiing,,,n.滑水,北师高中
windsurfing,'wɪndsɝfɪŋ,,n.风帆滑浪,北师高中
frightening,'fraɪtnɪŋ,,a.令人惊恐的，骇人的,北师高中
underwater,",ʌndɚ'wɔtɚ",,a.在水下，供水下用的,北师高中
spirit,'spɪrɪt,,n.精神,北师高中
explorer,ɪk'splɔrɚ,,n.探险家,北师高中
sailor,'selɚ,,n.水手，海员,北师高中
Viking,'vaikiŋ,,n.维京人，北欧海盗,北师高中
voyage,'vɔɪɪdʒ,,n.航海；航空,北师高中
ancestor,'ænsɛstɚ,,n.祖先，祖宗,北师高中
set sail,,,启航,北师高中
AD,'e 'di,,n.公元,北师高中
further,'fɝðɚ,,ad.更远，较远,北师高中
according to,,,根据，依照,北师高中
get into trouble,,,陷入麻烦，陷入困境,北师高中
persuade,pɚ'swed,,vt.说服，劝服,北师高中
make it to,,,到达,北师高中
in search of,,,寻找，寻求,北师高中
unknown,",ʌn'non",,a.不知道的，未知的,北师高中
eventually,ɪ'vɛntʃuəli,,ad.最终，终于,北师高中
present-day,'prezənt'dei,,a.当今的，现代的,北师高中
deed,did,,n.行为，行动,北师高中
journey,ˈdʒɝ​nɪ,,n.旅行，旅程,北师高中
lecture,'lɛktʃɚ,,n.讲授，演讲,北师高中
brake,brek,,n.制动器，刹车,北师高中
apologise,ə'pɔlədʒaɪz,,vi.道歉,北师高中
the Antarctic,,,南极洲,北师高中
pollute,pə'lut,,vt.使污染,北师高中
pollution,pə'luʃən,,n.污染,北师高中
over-fishing,,,n.过度捕捞,北师高中
industrial,ɪn'dʌstrɪəl,,a.工业的,北师高中
agricultural,",ægrɪ'kʌltʃərəl",,a.农业的,北师高中
chemical,'kɛmɪkl,,n.化学物,北师高中
ban,bæn,,vt.禁止,北师高中
altogether,",ɔltə'ɡɛðɚ",,ad.完全,北师高中
handle,'hændl,,vt.对付；处理,北师高中
department,dɪ'pɑrtmənt,,n.部，系，局，部门,北师高中
make a living,,,谋生,北师高中
solution,sə'luʃən,,n.解决办法；答案,北师高中
port,pɔrt,,n.港口，海港,北师高中
present,prɪˈzɛnt;(for n.)ˈprɛznt,,vt.演示；讲演,北师高中
intelligence,ɪn'tɛlɪdʒəns,,n.智力，理解力,北师高中
intelligent,ɪn'tɛlɪdʒənt,,a.有灵性的；聪明的,北师高中
Iceberg,'aɪs'bɝg,,n.冰山，浮冰,北师高中
seal,sil,,n.海豹,北师高中
energetic,",ɛnɚ'dʒɛtɪk",,a.有活力的,北师高中
penguin,'pɛŋɡwɪn,,n.企鹅,北师高中
coral,'kɔrəl,,n.珊瑚,北师高中
discovery,dɪ'skʌvəri,,n.发现,北师高中
crab,kræb,,n.蟹,北师高中
educate,'ɛdʒuket,,vt.教育,北师高中
up-to-date,'ʌptə 'det,,a.最新的；现代的,北师高中
attraction,ə'trækʃən,,n.吸引人的地方,北师高中
attract,ə'trækt,,vt.吸引,北师高中
watch out,,,注意,北师高中
shark,ʃɑrk,,n.鲨鱼,北师高中
discount,dɪs'kaʊnt,,n.折扣，减价,北师高中
trick,trɪk,,n.戏法，把戏,北师高中
melt,mɛlt,,vi.融化，熔化,北师高中
measure,'mɛʒɚ,,vi&vt.(长度、数量)为；测量,北师高中
length,lɛŋθ,,n.长度，长,北师高中
schoolboy,'skulbɔɪ,,n.男生,北师高中
centimetre,'sɛntɪmitɚ,,n.厘米,北师高中
barrel,'bærəl,,n.圆桶,北师高中
whirlpool,'wɝlpul,,n.漩涡,北师高中
horrible,ˈhɔrəbəl,,a.可怕的；令人厌恶的,北师高中
float,flot,,vi.漂，浮,北师高中
terrify,ˈtɛrəˌfaɪ,,vt.令人感到恐惧,北师高中
escape,ɪˈskep,,vi.逃脱，逃跑,北师高中
terror,'tɛrɚ,,n.恐怖，恐惧,北师高中
soul,sol,,n.灵魂,北师高中
survive,sɚ'vaɪv,,vi.幸存，生存下来,北师高中
all at once,,,突然，忽然,北师高中
recover,rɪ'kʌvɚ,,vi.恢复正常；康复,北师高中
scream,skrim,,vi.(因恐惧、疼痛、兴奋等)尖声大叫,北师高中
sink,sɪŋk,,vi.(sank，sank)下沉；沉没,北师高中
pick up,,,取，接载,北师高中
unable,ʌn'ebl,,a.不能的，不会的,北师高中
recognise,'rekəɡnaɪz,,vt.辨认出,北师高中
Oceania,",oʃɪ'ænɪə",,n.大洋洲,北师高中
opposite,ˈɑpəzɪt; ˈɑpəsɪt,,n.对立的人(物)；反义词,北师高中
net,nɛt,,n.网,北师高中
leak,lik,,vi.渗漏；泄漏,北师高中
stadium,'stedɪəm,,n.运动场，体育场,北师高中
debate,dɪ'bet,,n.辩论，争论,北师高中
local,ˈloʊkl,,a.当地的，地方性的,北师高中
shopkeeper,'ʃɑp'kipɚ,,n.店主，店东,北师高中
bay,be,,n.海湾，湾,北师高中
wildlife,'waɪldlaɪf,,n.野生生物,北师高中
disagree,",dɪsə'ɡri",,vi.不同意，意见不合,北师高中
adventure,əd'vɛntʃɚ,,n.奇遇，冒险的经历,北师高中
desert,(for v.) dɪˈzɝ​t; (for n.) 'dɛzɚt,,n.沙漠，荒原 vt.抛弃，遗弃,北师高中
canoe,kə'nu,,vi.乘独木舟 n.独木舟,北师高中
safari,sə'fɑri,,n.(尤指在东非或中非的)游猎，探险旅行,北师高中
hike,haɪk,,v&n.徒步旅行，远足,北师高中
take off,,,起飞,北师高中
presenter,prɪ'zɛntɚ,,n.节目主持人,北师高中
major,'medʒɚ,,a.较重要的；较严重的,北师高中
wild,waɪld,,a.野生的；狂热的,北师高中
tiring,'taɪərɪŋ,,a.令人疲劳的,北师高中
raft,ræft,,n.木排，木筏,北师高中
extra,'ɛkstrə,,a.特别的；额外的,北师高中
optional,'ɑpʃənl,,a.可选择的，非强制的,北师高中
horizon,hə'raɪzn,,n.地平线,北师高中
organization,",ɔrɡənə'zeʃən",,n.团体，组织，机构,北师高中
uncomfortable,ʌn'kʌmftəbl,,a.不舒服的，不自在的,北师高中
route,ruːt,,n.路程，路线,北师高中
porter,'pɔrtɚ,,n.行李搬运工,北师高中
luggage,'lʌɡɪdʒ,,n.行李,北师高中
accommodation,"ə,kɑmə'deʃən",,n.住所，住处,北师高中
hostel,'hɑstl,,n.旅社，招待所,北师高中
maximum,ˈmæksəməm,,a.最大的，最多的,北师高中
altitude,'æltɪtud,,n.高度，海拔,北师高中
right now,,,就在此刻,北师高中
differ,'dɪfɚ,,vi.不同于，有区别,北师高中
footprint,'fʊtprɪnt,,n.脚印，足迹,北师高中
anxious,'æŋkʃəs,,a.忧虑的，担心的,北师高中
extreme,ɪk'strim,,a.极度的，极端的,北师高中
bungee jumping,,,n.蹦极,北师高中
snowboarding,'snobɔrdɪŋ,,n.单板滑雪,北师高中
snow rafting,,,n.动力雪橇滑降,北师高中
in order to do something,,,目的是，以便,北师高中
gymnastics,dʒɪm'næstɪks,,n.体操，体操训练,北师高中
similarity,",sɪmə'lærəti",,n.相似性，类似性,北师高中
upside down,,,颠倒地，倒置地,北师高中
exactly,ɪɡ'zæktli,,ad.确切地，精确地；确实如此,北师高中
risk,rɪsk,,vt.冒……的危险；冒险做,北师高中
excitement,ɪk'saɪtmənt,,n.兴奋，激动,北师高中
various,'vɛrɪəs,,a.不同的，各种各样的,北师高中
flow,flo,,vi.流动，涌出,北师高中
equipment,ɪ'kwɪpmənt,,n.配备，设备,北师高中
dull,dʌl,,a.枯燥无味的；暗淡的；迟钝的,北师高中
preference,'prɛfrəns,,n.较喜欢的东西，偏爱,北师高中
turn up,,,出现，到场,北师高中
back out,,,决定不履行(允诺的事),北师高中
get across,,,使理解(某事),北师高中
jog,dʒɑɡ,,vi.慢跑,北师高中
traveller,'trævəlɚ,,n.旅行者，旅客,北师高中
emperor,'ɛmpərɚ,,n.皇帝,北师高中
court,kɔrt,,n.宫廷；法庭,北师高中
in turn,,,轮流,北师高中
amaze,ə'mez,,vt.使惊愕(惊奇),北师高中
goods,ɡʊdz,,n.商品，物品,北师高中
confuse,kən'fjʊz,,vt.使困惑,北师高中
fuel,'fjuəl,,n.燃料,北师高中
wealthy,'wɛlθi,,a.富有的，富裕的,北师高中
break out,,,(坏事)突然发生，爆发,北师高中
put...into prison,,,把……关进监狱,北师高中
author,'ɔθɚ,,n.作者,北师高中
dictation,dɪk'teʃən,,n.口述；听写,北师高中
stand by,,,坚持(某种说法),北师高中
statement,'stetmənt,,n.陈述,北师高中
quantity,'kwɑntəti,,n.量，数量,北师高中
professor,prə'fɛsɚ,,n.教授,北师高中
hunter,'hʌntɚ,,n.猎人,北师高中
skin,skɪn,,n.皮，皮肤,北师高中
the Antarctic.,,,南极地区,北师高中
on one's way,,,在途中,北师高中
Norwegian,nɔ:'wi:dʒən,,a.挪威的 n.挪威人,北师高中
preparation,",prɛpə'reʃən",,n.准备，预备,北师高中
sledge,sledʒ,,n.雪车，雪橇,北师高中
break down,,,损坏，不能运转,北师高中
shock,ʃɑk,,vt.震惊，惊骇,北师高中
goal,ɡol,,n.目的；目标,北师高中
ambition,æm'bɪʃən,,n.志向，抱负；野心,北师高中
exhausted,ɪɡ'zɔstɪd,,a.疲惫的,北师高中
run out of,,,用完，耗尽,北师高中
hopeless,ˈhoʊpləs,,a.没有希望的,北师高中
cheerful,'tʃɪrfl,,a.愉快的，高兴的,北师高中
distant,'dɪstənt,,a.远处的；久远的,北师高中
carry on,,,继续做某事,北师高中
within,wɪ'ðɪn,,prep.在……之内，在……内部,北师高中
sadness,'sædnəs,,n.悲哀，忧伤,北师高中
function,'fʌŋkʃən,,vi.运转；发挥作用,北师高中
patience,'peʃns,,n.耐心；忍耐力,北师高中
nationality,",næʃə'næləti",,n.国籍,北师高中
aim,em,,n.目标；目的,北师高中
Arctic,'ɑrktɪk,,n.北极，北极区,北师高中
transport,'trænspɔrt,,n.运输，运送,北师高中
observe,əb'zɝv,,vt.观察，观测,北师高中
disadvantage,",dɪsəd'væntɪdʒ",,n.不利，不利条件,北师高中
staff,stæf,,n.员工，全体工作人员,北师高中
survival,sɚ'vaɪvl,,n.幸存，残存,北师高中
shelter,'ʃɛltɚ,,n.遮蔽；庇护所,北师高中
philosophy,fə'lɑsəfi,,n.哲学,北师高中
limit,'lɪmɪt,,n.边界；限度,北师高中
ferry,'fɛri,,n.渡船,北师高中
minibus,'mɪnɪbʌs,,n.小巴,北师高中
cyclist,'saɪklɪst,,n.骑自行车的人,北师高中
motorist,'motərɪst,,n.驾驶汽车的人,北师高中
pedestrian,pə'dɛstrɪən,,n.行人,北师高中
jam,dʒæm,,n.阻塞，拥挤,北师高中
traffic jam,,,交通阻塞，塞车,北师高中
actually,'æktʃuəli,,ad.实际地，真实地,北师高中
benefit,'bɛnɪfɪt,,vi&n.得益；好处,北师高中
flat,flæt,,a.平的,北师高中
therefore,'ðɛrfɔr,,ad.所以，因此,北师高中
convenient,kənˈvinjənt,,a.方便的，便利的,北师高中
parking,'pɑrkɪŋ,,n.停车场,北师高中
convenience,kən'vinɪəns,,n.方便，便利,北师高中
hopeful,'hopfl,,a.(人)抱有希望的,北师高中
neighbourhood,nebɚˌhʊd,,n.街坊；邻近地区,北师高中
wherever,wɛr'ɛvɚ,,ad.无论在何处，无论到哪里,北师高中
thief,θif,,n.贼，小偷,北师高中
chip,tʃɪp,,n.集成电路片，硅片,北师高中
insert,'ɪnsɝt,,vt.插入，嵌入,北师高中
indeed,ɪn'did,,ad.当然，确实,北师高中
fed up,,,不愉快的，厌烦的,北师高中
consequence,'kɑnsəkwɛns,,n.后果，结果,北师高中
arrest,ə'rɛst,,vt.逮捕，拘留,北师高中
bone,bon,,n.骨头,北师高中
work out,,,锻炼身体，做运动,北师高中
argue,'ɑrgjʊ,,vi.争辩，争吵,北师高中
baggage,'bæɡɪdʒ,,n.行李,北师高中
platform,'plæt'fɔrm,,n.站台，月台,北师高中
belt,bɛlt,,n.带子,北师高中
ambassador,æm'bæsədɚ,,n.大使,北师高中
sensitive,'sɛnsətɪv,,a.善解人意的；敏感的,北师高中
grey,ɡre,,a.灰色的，灰白的,北师高中
gentle,'dʒɛntl,,a.和善的，温和的,北师高中
fierce,fɪrs,,a.凶狠的，凶恶的,北师高中
vocabulary,və'kæbjəlɛri,,n.词汇；词汇量,北师高中
interpreter,ɪn'tɝprɪtɚ,,n.译员，口译者,北师高中
schedule,ˈskedʒʊl; skɛdʒʊl,,n.时间表；进度表,北师高中
timetable,'taɪm'tebl,,n.时间表,北师高中
foolish,'fulɪʃ,,a.愚蠢的,北师高中
responsibility,rɪˌspɑːnsəˈbɪləti,,n.责任，负责，职责,北师高中
rely on,,,依赖，依靠,北师高中
hostess,'hostəs,,n.女主人,北师高中
air hostess,,,空中小姐,北师高中
non-smoking,",nɔn'sməukiŋ",,a.禁止吸烟的,北师高中
case,kes,,n.大箱子,北师高中
suitcase,'sutkes,,n.手提箱，皮箱,北师高中
pull up,,,(车辆)停止，停车,北师高中
pull out,,,(火车)驶离车站，出站,北师高中
content,'kɑntɛnt,,n.容纳的东西；目录,北师高中
petrol,'pɛtrəl,,n.汽油,北师高中
gas,ɡæs,,n.气体；煤气；汽油,北师高中
solar,'solɚ,,a.太阳的，太阳光的,北师高中
racer,'resɚ,,n.赛车手,北师高中
sunlight,'sʌnlaɪt,,n.阳光，日光,北师高中
kindergarten,'kɪndɚɡɑrtn,,n.幼儿园,北师高中
so far,,,迄今为止，到目前为止,北师高中
take place,,,举行；发生,北师高中
northwest,'nɔrθ'wɛst,,n.西北，西北方,北师高中
southeast,",saʊθ'ist",,n.东南，东南方,北师高中
chapter,'tʃæptɚ,,n.章节,北师高中
impression,ɪm'prɛʃən,,n.印象，感觉,北师高中
reliable,rɪ'laɪəbl,,a.可靠的,北师高中
golf,gɔlf,,n.高尔夫球(运动),北师高中
operator,'ɑpəretɚ,,n.操作人员，接线员,北师高中
appreciate,ə'priʃɪet,,vt.感谢；欣赏,北师高中
essay,'ɛse,,n.散文,北师高中
shopping,'ʃɑpɪŋ,,n.购物,北师高中
carbon monoxide,,,一氧化碳,北师高中
highway,'haɪwe,,n.公路,北师高中
construction,kən'strʌkʃən,,n.建筑；建筑物,北师高中
pavement,'pevmənt,,n.人行道,北师高中
crossroads,'krɔsrodz,,n.十字路口,北师高中
amount,ə'maʊnt,,n.数量,北师高中
physical,'fɪzɪkl,,a.身体的；物质的,北师高中
motor,'motɚ,,a.机动车辆的 n.马达，发动机,北师高中
figure,'fɪɡjɚ,,n.数字，数目,北师高中
go up,,,上升,北师高中
engine,'ɛndʒɪn,,n.发动机，引擎,北师高中
per,pɚ,,prep.每，每一,北师高中
centigrade,'sɛntɪɡred,,n.摄氏(度),北师高中
admit,əd'mɪt,,vt.承认，供认,北师高中
addicted,ə'dɪktɪd,,a.沉溺于……的,北师高中
on average,,,平均；通常,北师高中
occupy,'ɑkjupaɪ,,vt.占有(空间、面积、时间等),北师高中
somehow,'sʌmhaʊ,,ad.以某种方式,北师高中
whichever,wɪtʃ'ɛvɚ,,pron.无论哪个,北师高中
suit,sut,,vt.适合,北师高中
damage,'dæmɪdʒ,,vt&n.损害，损失,北师高中
nowhere,'no'wɛr,,ad.无处，任何地方都不,北师高中
crossing,'krɔsɪŋ,,n.交叉路口，人行横道,北师高中
tunnel,'tʌnl,,n.地道；隧道,北师高中
plus,plʌs,,prep.加，加上,北师高中
frequent,'frikwənt,,a.时常发生的,北师高中
fare,fɛr,,n.票价，车费,北师高中
motivate,'motə'vet,,vt.使有动机，促使，激发,北师高中
technique,tɛk'nik,,n.技术，技巧,北师高中
native,'netɪv,,a.出生地的，本土的 n.本地人,北师高中
fluently,'flu:əntlɪ,,ad.流利地,北师高中
achievement,ə'tʃivmənt,,n.成就，完成,北师高中
put off,,,推迟,北师高中
percentage,pɚ'sɛntɪdʒ,,n.百分比，百分率,北师高中
exist,ɪɡ'zɪst,,vi.存在，生存,北师高中
billion,'bɪljən,,n.十亿,北师高中
at present,,,目前，现在,北师高中
variety,və'raɪəti,,n.多样化，多样性,北师高中
alien,"ˈeliən,ˈeljən",,n.外星人 a.外国的，异族的,北师高中
bow,baʊ,,vi.鞠躬；点头,北师高中
passer-by,'pæsə'baɪ,,n.经过的人，过路人,北师高中
applause,ə'plɔz,,n.鼓掌，喝彩,北师高中
Latin,'lætn,,n.拉丁语；拉丁系语言,北师高中
Roman,'romən,,n.古罗马人,北师高中
defeat,dɪ'fit,,vt.战胜，击败,北师高中
earn,ɝn,,vt.挣得，赚得,北师高中
wallet,'wɑlɪt,,n.皮夹子，钱包,北师高中
out of work,,,失业,北师高中
obsess,əb'sɛs,,vt.使着迷,北师高中
determine,dɪ'tɝmɪn,,vt.确定，决定,北师高中
enjoyable,ɪn'dʒɔɪəbl,,a.使人快乐的,北师高中
second-hand,'sɛkənd'hænd,,a.旧的，用过的，二手的,北师高中
concern,kən'sɝn,,vt.使忧虑；与⋯⋯相关,北师高中
hardworking,"'hɑrd,wɝkɪŋ",,a.勤奋的,北师高中
dormitory,'dɔrmətɔri,,n.寝室，宿舍,北师高中
pleased,plizd,,a.高兴的，满意的,北师高中
give away,,,赠送；泄露（秘密）,北师高中
aware,ə'wɛr,,a.知道的，意识到的,北师高中
drop out,,,退出，退学,北师高中
businessman,'bɪznəsmæn,,n.商人，实业家,北师高中
stove,stov,,n.炉子,北师高中
drunk,drʌŋk,,a.（酒）醉的,北师高中
journalist,ˈdʒɝ​nlɪst,,n.新闻工作者，记者,北师高中
greedy,'gridi,,a.贪婪的，贪心的,北师高中
popcorn,'pɑpkɔrn,,n.爆玉米花,北师高中
cigarette,"ˌsɪɡəˈrɛt, ˈsɪɡəˌrɛt",,n.香烟,北师高中
resolution,",rɛzə'luʃən",,n.决心要做的事,北师高中
rude,rud,,a.粗鲁的，无礼的,北师高中
armchair,'ɑrmtʃɛr,,n.扶手椅,北师高中
carpet,'kɑrpɪt,,n.地毯,北师高中
vase,veɪs; veɪz,,n.花瓶,北师高中
bargain,ˈbɑrɡɪn,,vi.讨价还价 n.便宜货,北师高中
cash,kæʃ,,n.现金，现款,北师高中
product,'prɑdʌkt,,n.产品;出品,北师高中
fax,fæks,,n.传真,北师高中
scarf,skɑrf,,n.围巾，头巾，披巾,北师高中
necklace,ˈnɛklɪs,,n.项链，项圈,北师高中
enthusiastic,"ɪn,θuzɪ'æstɪk",,a.很感兴趣的，热情的,北师高中
ashamed,ə'ʃemd,,a.羞耻的，惭愧的,北师高中
firm,fɝm,,a.坚定的；稳固的,北师高中
aggressive,ə'ɡrɛsɪv,,a.好斗的；有进取心的,北师高中
groceries,'ɡrosərɪz,,n.食品杂货,北师高中
clothing,'kloðɪŋ,,n.衣服,北师高中
annoy,ə'nɔɪ,,vt.使烦恼，打搅,北师高中
salesgirl,'selzɡɝl,,n.女售货员,北师高中
salesman,'selzmən,,n.男售货员，男推销员,北师高中
blouse,blaʊs,,n.女衬衫,北师高中
boot,but,,n.长筒靴,北师高中
leather,'lɛðɚ,,n.皮革,北师高中
vest,vest,,n.内衣，汗背心,北师高中
comment,'kɑmɛnt,,vi&vt.评论,北师高中
amusement,ə'mjuzmənt,,n.乐趣，娱乐活动,北师高中
cookie,'kʊki,,n.饼干，小点心,北师高中
appeal,ə'pil,,vi.吸引，引起兴趣；呼吁，恳求,北师高中
approximately,ə'prɑksɪmətli,,ad.近似地，大约地,北师高中
soil,sɔɪl,,n.泥土，土壤,北师高中
contain,kən'ten,,vt.包含，含有,北师高中
balance,'bæləns,,n.平衡,北师高中
remove,rɪ'muv,,vt.移开，挪走；除去，消除,北师高中
erosion,ɪ'roʒən,,n.侵蚀；（土壤）流失,北师高中
importance,ɪm'pɔrtns,,n.重要（性）,北师高中
crop,krɑp,,n.农作物，庄稼,北师高中
economy,ɪˈkɑnəmɪ,,n.经济,北师高中
puzzle,'pʌzl,,vt.使困惑,北师高中
valley,'væli,,n.谷，山谷,北师高中
homeland,'homlænd,,n.家乡；祖国,北师高中
motherland,'mʌðɚlænd,,n.祖国；家乡,北师高中
behave,bɪ'hev,,vi.举止，表现,北师高中
advance,əd'væns,,vi.前进；取得进展,北师高中
software,'sɔftwɛr,,n.电脑软件,北师高中
gadget,'gædʒɪt,,n.小巧的装置；小玩意儿,北师高中
practical,'præktɪkl,,a.实用的；实践的,北师高中
laptop,'læptɑp,,n.笔记本电脑,北师高中
mobile phone,,,移动电话,北师高中
headphone,"'hɛd,fon",,n.头戴式受话机，耳机,北师高中
wire,'waɪɚ,,n.金属丝，金属线,北师高中
bath,bɑːθ,,n.浴缸；洗澡,北师高中
signal,'sɪgnl,,n.信号，暗号,北师高中
freedom,'fridəm,,n.自由,北师高中
photography,fə'tɑɡrəfi,,n.摄影术，摄影,北师高中
credit card,,,信用卡,北师高中
automatic,'ɔtə'mætɪk,,a.自动的,北师高中
focus,'fokəs,,n.调焦；焦点 vi&vt.(把⋯⋯)集中（于）,北师高中
flash,flæʃ,,n.闪光灯；闪光，闪烁,北师高中
noisy,ˈnɔɪzɪ,,a.嘈杂的，喧闹的,北师高中
customer,'kʌstəmɚ,,n.顾客,北师高中
cleaner,'klinɚ,,n.清洁器；清洁工人,北师高中
refrigerator,rɪ'frɪdʒəretɚ,,n.（电）冰箱,北师高中
translation,træns'leʃən,,n.翻译,北师高中
electric,ɪ'lɛktrɪk,,a.与电有关的，用电的，带电的,北师高中
kettle,'kɛtl,,n.水壶,北师高中
contact,'kɑntækt,,"vt&n.联系,接触",北师高中
incredibly,ɪn'krɛdəbli,,ad.难以置信地,北师高中
truly,ˈtruːli,,ad.真正地；准确地,北师高中
textbook,'tɛkstbʊk,,n.课本，教科书,北师高中
disk,dɪsk,,n.磁盘,北师高中
replace,rɪ'ples,,vt.代替，取代,北师高中
media,'miːdɪə,,n.大众传播媒介，传媒,北师高中
chat,tʃæt,,n.闲谈，聊天,北师高中
quiz,kwɪz,,n.问答比赛（游戏）,北师高中
opera,'ɑprə,,n.歌剧,北师高中
current,kɝ​ənt,,a.当前的，现在的,北师高中
affair,ə'fɛr,,n.事情，事件；(pl)事务,北师高中
photographer,fə'tɑgrəfɚ,,n.摄影师,北师高中
paparazzi,",pɑ:pə'rɑ:tsi:",,n.对名人作猎奇报道的新闻记者,北师高中
bomb,bɑm,,n.炸弹,北师高中
agenda,ə'dʒɛndə,,n.议程,北师高中
nation,'neʃən,,n.国家;民族,北师高中
political,pə'lɪtɪkl,,a.政治的,北师高中
widespread,ˈwʌɪdsprɛd,,a.广泛的,北师高中
poverty,'pɑvɚti,,n.贫穷，穷困,北师高中
electricity,ɪ'lɛk'trɪsəti,,n.电,北师高中
AIDS,edz,,n.艾滋病,北师高中
sex,sɛks,,n.性，性别,北师高中
administration,"əd,mɪnɪ'streʃən",,n.管理，行政,北师高中
reform,rɪ'fɔrm,,n.改革，改良,北师高中
demand,dɪ'mænd,,vt.要求，请求,北师高中
debt,dɛt,,n.债务，欠款,北师高中
belief,bɪ'lif,,n.信仰；信心；信任,北师高中
painful,'penfl,,a.令人痛苦的，引起疼痛的,北师高中
stand for,,,是⋯⋯意思，代表；支持,北师高中
host,host,,n.主办（国、城市、机构）；主人 vt.主办,北师高中
announce,ə'naʊns,,vt.宣布，宣告,北师高中
committee,kə'mɪti,,n.委员会,北师高中
distinction,dɪ'stɪŋkʃən,,n.殊荣；特质；区别,北师高中
application,ˌæpləˈkeʃən,,n.申请（书）；应用,北师高中
pub,pʌb,,n.小酒馆，酒吧,北师高中
delighted,dɪ'laɪtɪd,,a.高兴的，愉快的,北师高中
publish,'pʌblɪʃ,,vt.出版，发行,北师高中
incident,'ɪnsɪdənt,,n.事件，事情,北师高中
evidence,'ɛvɪdəns,,n.证明，证据,北师高中
explanation,",ɛksplə'neʃən",,n.解释，说明,北师高中
explode,ɪk'splod,,vi&vt.爆炸,北师高中
analyse,'æn(ə)laɪz,,vt.分析,北师高中
arise,ə'raɪz,,vi.发生，出现,北师高中
blame,blem,,vt.责怪，归咎于,北师高中
willing,'wɪlɪŋ,,a.愿意的，乐意的,北师高中
self,sɛlf,,n.自我，自身,北师高中
employ,ɪm'plɔɪ,,vt.雇用；花时间做,北师高中
legal,'ligl,,a.合法的，与法律有关的,北师高中
attempt,ə'tɛmpt,,vt&n.尝试，试图,北师高中
defend,dɪ'fɛnd,,vt.为⋯⋯辩解；保卫,北师高中
argument,'ɑrɡjumənt,,n.争论；理由,北师高中
process,proˈsɛs;(for n.)prɑsɛs,,n.过程，进程,北师高中
profit,'prɑfɪt,,n.利润，收益,北师高中
favour,ˈfevɚ,,n.赞同；恩惠,北师高中
analysis,ə'næləsɪs,,n.分析,北师高中
encouragement,ɪn'kɝɪdʒmənt,,n.鼓励,北师高中
onto,"ˈɑnˌtu, -tə, ˈɔn-",,prep.到（在）⋯⋯上,北师高中
attitude,'ætɪtʊd,,n.态度，看法,北师高中
dislike,dɪs'laɪk,,vt.不喜爱，厌恶,北师高中
pretend,prɪ'tɛnd,,vt.假装,北师高中
hire,'haɪɚ,,vt.租用;雇用,北师高中
bush,bʊʃ,,n.灌木，矮树,北师高中
respect,rɪ'spɛkt,,vt.尊敬，尊重,北师高中
disagreement,",dɪsə'ɡrimənt",,n.意见不一;分歧,北师高中
channel,'tʃænl,,n.(电视或电台)频道,北师高中
advertise,'ædvɚtaɪz,,vt.为⋯⋯做广告，登广告,北师高中
classic,'klæsɪk,,a.传统的；经典的,北师高中
sew,so,,"vt.（sewed,sewn,sewed）缝，缝制",北师高中
beer,bɪr,,n.啤酒,北师高中
corporation,",kɔrpə'reʃən",,n.公司,北师高中
brand,brænd,,n.商标，牌子,北师高中
suitable,'sutəbl,,a.合适的,北师高中
consist of,,,由⋯⋯组成,北师高中
advertiser,'ædvɚtaɪzɚ,,n.广告人,北师高中
budget,'bʌdʒɪt,,n.预算,北师高中
visually,'vɪʒʊəli,,ad.外表上；视觉地,北师高中
boom,buːm,,n.迅速增长,北师高中
visual,'vɪʒʊəl,,a.视觉的，视力的,北师高中
stand out,,,突出，显眼,北师高中
concept,'kɑnsɛpt,,n.概念；观念,北师高中
approach,ə'protʃ,,n.方法，方式,北师高中
humour,'hju:mə,,n.幽默,北师高中
contemporary,kən'tɛmpərɛri,,a.当代的；同时代的,北师高中
contribution,",kɑntrɪ'bjuʃən",,n.贡献，捐助,北师高中
citizen,'sɪtɪzn,,n.公民；市民,北师高中
niece,nis,,n.侄女，甥女,北师高中
nephew,'nɛfju,,n.侄子，外甥,北师高中
consideration,"kən,sɪdə'reʃən",,n.考虑；(作计划或决定时)必须考虑的事,北师高中
as long as,,,只要,北师高中
conclude,kən'klud,,vt.作出结论;结束,北师高中
innocent,'ɪnəsnt,,a.天真无邪的，单纯的；无罪的,北师高中
astronomer,ə'strɑnəmɚ,,n.天文学家,北师高中
sightseeing,'saɪtsiɪŋ,,n.观光，游览,北师高中
trolleybus,'trɔlibʌs,,n.无轨电车,北师高中
greengrocer,'ɡrinɡrosɚ,,n.蔬菜水果商,北师高中
southwest,",saʊθ'wɛst",,ad.在西南方,北师高中
fog,fɔɡ,,n.雾,北师高中
tyre,'taɪɚ,,n.轮胎,北师高中
muddy,'mʌdi,,a.泥泞的，沾满泥的,北师高中
ankle,'æŋkl,,n.脚踝,北师高中
spokesman,'spoksmən,,n.发言人,北师高中
scene,sin,,n.场面，场景；景象，风景,北师高中
ambulance,'æmbjələns,,n.救护车,北师高中
strawberry,'strɔbɛri,,n.草莓,北师高中
load,lod,,n.满满一车；很多；工作量 v.装载；给枪上膛；填充胶卷,北师高中
bravery,'brevəri,,n.勇敢,北师高中
fiction,'fɪkʃən,,n.小说，虚构的事,北师高中
ex-husband,,,n.前夫,北师高中
district,'dɪstrɪkt,,n.区，行政区,北师高中
editor,'ɛdɪtɚ,,n.编辑；剪辑者,北师高中
ahead,ə'hɛd,,ad.在前面,北师高中
harmful,'hɑrmfəl,,a.有害的,北师高中
faithfully,'feθfəli,,ad.忠实地，真诚地,北师高中
unemployment,",ʌnɪm'plɔɪmənt",,n.失业（状态）,北师高中
interrupt,'ɪntə'rʌpt,,vt&vi.打断（讲话或动作）;打扰；中断,北师高中
tobacco,tə'bæko,,n.烟草，烟叶,北师高中
false,fɔls,,a.不真诚的；错误的,北师高中
environmental,"ɪn,vaɪrən'mɛntl",,a.自然环境的,北师高中
protection,prə'tɛkʃən,,n.保护，防卫,北师高中
kangaroo,",kæŋɡə'ru",,n.袋鼠,北师高中
steak,stek,,n.肉排;鱼排,北师高中
roast,rost,,n.烤，烘,北师高中
soccer,'sɑkɚ,,n.(英式)足球,北师高中
tip,tɪp,,v.给小费 n.小费,北师高中
owe,o,,vt.欠（情、债等）,北师高中
apology,ə'pɑlədʒi,,n.道歉，认错,北师高中
absorb,æbˈsɔrb; æbˈzɔrb; əbˈsɔrb,,vt.理解，掌握；吸收；吸引,北师高中
brief,brif,,a.短暂的，简短的,北师高中
expectation,",ɛkspɛk'teʃən",,n.期待的事物，预期,北师高中
get used to,,,习惯于,北师高中
bacon,'bekən,,n.腌猪肉，熏猪肉,北师高中
slice,slaɪs,,n.薄片，片,北师高中
toast,tost,,n.烤面包；祝酒，干杯,北师高中
waiter,'wetɚ,,n.（餐厅）服务员,北师高中
waitress,ˈwetrɪs,,n.(餐厅)女服务员,北师高中
exchange,ɪks'tʃendʒ,,vt.兑换，交换,北师高中
cheque,tʃɛk,,n.支票,北师高中
wander,'wɑndɚ,,vi.漫游，闲逛,北师高中
mushroom,'mʌʃrʊm,,n.蘑菇,北师高中
tasty,'testi,,a.美味的,北师高中
foggy,ˈfɔːɡi;ˈfɑːɡi,,a.多雾的,北师高中
laughter,'læftɚ,,n.笑;笑声,北师高中
majority,mə'dʒɔrəti,,n.大半，大多数,北师高中
anyhow,'ɛnɪ'haʊ,,ad.总之，反正；不管怎样,北师高中
reasonable,'riznəbl,,a.合理的，正当的,北师高中
mosquito,məˈskiːtoʊ,,n.蚊子,北师高中
northeast,'nɔrθ'ist,,n.东北，东北方,北师高中
physician,fɪ'zɪʃən,,n.内科医生,北师高中
book,bʊk,,vt.预约，预订,北师高中
manners,'mænəz,,n.礼貌,北师高中
modest,'mɑdɪst,,a.谦虚的;适度的,北师高中
indicate,'ɪndɪket,,vt.表明;表示,北师高中
eastern,'istɚn,,a.东方国家的；东部的,北师高中
curiously,'kjʊrɪəsli,,ad.奇怪地；好奇地,北师高中
movement,'muvmənt,,n.动作；活动,北师高中
lemon,'lɛmən,,n.柠檬,北师高中
informal,ɪn'fɔrml,,a.非正式的,北师高中
flashlight,'flæʃlaɪt,,n.手电筒,北师高中
cave,kev,,n.洞穴，洞窟,北师高中
cosy,ˈkozi,,a.温暖舒适的,北师高中
novel,ˈnɑːvl,,n.（长篇）小说,北师高中
circus,'sɝkəs,,n.马戏团,北师高中
lift,lɪft,,n.搭车,北师高中
schoolmate,'skʊl'met,,n.同学,北师高中
headmaster,",hɛd'mæstɚ",,n.校长,北师高中
jeep,dʒip,,n.吉普车,北师高中
blanket,'blæŋkɪt,,n.毛毡，毯子,北师高中
sheet,ʃit,,n.床单，被单,北师高中
request,rɪ'kwɛst,,n.请求,北师高中
parcel,'pɑrsl,,n.邮包，包裹,北师高中
handkerchief,'hæŋkɚtʃɪf,,n.手帕，纸巾,北师高中
canteen,kænˈtiːn,,n.食堂，餐厅,北师高中
mailbox,'mel'bɑks,,n.信箱，邮筒,北师高中
twin,twɪn,,a.孪生之一的 n.双胞胎之一,北师高中
courtyard,'kɔrtjɑrd,,n.庭院，院子,北师高中
familiar,fə'mɪljɚ,,a.熟悉的，常见的,北师高中
arrival,ə'raɪvəl,,n.到达，抵达,北师高中
aspect,'æspɛkt,,n.方面,北师高中
splendid,'splɛndɪd,,a.极佳的，非常好的；壮观的,北师高中
cocoa,'koko,,n.可可饮料，可可粉,北师高中
outgoing,'aʊt'goɪŋ,,a.友好的，乐于交友的,北师高中
cautious,'kɔʃəs,,a.小心翼翼的，谨慎的,北师高中
desert,(for v.) dɪˈzɝ​t; (for n.) 'dɛzɚt,,n.（正餐最后的）甜食，甜点心,北师高中
stare,stɛr,,vi.盯着看，凝视,北师高中
whisper,'wɪspɚ,,vi.低语，耳语,北师高中
appetite,'æpəˌtaɪt,,n.食欲，胃口,北师高中
yummy,'jʌmi,,a.美味的,北师高中
spoken,'spokən,,a.口头的,北师高中
see...off,,,给（某人）送行,北师高中
fur,fɜr,,n.毛皮，浓密的软毛,北师高中
conduct,kən'dʌkt,,vt.指挥（歌唱或音乐演奏）；实施,北师高中
band,bænd,,n.乐队,北师高中
burglar,'bɝɡlɚ,,n.(潜入住宅或商店的)窃贼,北师高中
bark,bɑrk,,vi.吠，叫，吼,北师高中
injure,'ɪndʒɚ,,vt.伤害,北师高中
educator,'ɛdʒə'ketɚ,,n.教育者,北师高中
erupt,ɪ'rʌpt,,vi.爆发，喷发,北师高中
dinosaur,ˈdaɪnəˌsɔr,,n.恐龙,北师高中
detective,dɪ'tɛktɪv,,n.侦探,北师高中
earthquake,'ɝθ'kwek,,n.地震,北师高中
acre,'ekɚ,,n.英亩,北师高中
belong,bɪ'lɔŋ,,vi.适应；属于,北师高中
attach,ə'tætʃ,,vt.喜欢，依恋；系，固定,北师高中
birthplace,'bɝθ'ples,,n.出生地,北师高中
chef,ʃɛf,,n.厨师长，主厨,北师高中
fusion,'fjʊʒən,,n.熔合，熔化,北师高中
vast,væst,,a.巨大的，广阔的,北师高中
export,ˈekspɔːrt；ɪkˈ-,,vt.出口，输出,北师高中
fond,fɑnd,,a.喜爱,北师高中
outdoors,'aʊt'dɔrz,,ad.在户外，在野外,北师高中
literature,lɪtərəˌtʃʊr,,n.文学,北师高中
contrary,'kɑntrɛri,,a.相反的 n.相反,北师高中
broad,brɔd,,a.各种各样的；广阔的,北师高中
bear,bɛr,,"vt.（bore,borne）携带；容忍",北师高中
minority,maɪ'nɔrəti,,n.少数；少数民族,北师高中
well-off,'wɛl'ɔf,,a.富有的,北师高中
unfair,'ʌn'fɛr,,a.不公平的,北师高中
forgive,fɚ'ɡɪv,,"vt.（forgave,forgiven）宽恕，饶恕",北师高中
preview,'pri'vjʊ,,n.预告；预展，预演,北师高中
dusk,dʌsk,,n.黄昏，薄暮,北师高中
multi-cultural,,,a.多种文化的,北师高中
spot,spɑt,,n.地点；点；斑点,北师高中
garlic,'ɡɑrlɪk,,n.蒜，大蒜,北师高中
apron,'eprən,,n.围裙，围腰布,北师高中
ashtray,'æʃtre,,n.烟灰缸,北师高中
cassette,kə'sɛt,,n.盒式录音带,北师高中
comb,kom,,n.梳子,北师高中
scissors,'sɪzɚz,,n.剪刀,北师高中
dustbin,'dʌstbɪn,,n.垃圾箱,北师高中
addition,ə'dɪʃən,,n.相加，增加物,北师高中
contrast,'kɑntræst,,n.差异，差别,北师高中
assessment,ə'sɛsmənt,,n.评估,北师高中
self-assessment,'selfə'sesmənt,,n.自我评估,北师高中
strength,strɛŋθ,,n.长处，优势；力量，力气；强度,北师高中
weakness,'wiknəs,,n.弱点，缺陷,北师高中
gain,ɡen,,vt.获得；增加,北师高中
appropriately,"ə'proprɪ,etlɪ",,ad.适当地,北师高中
passive,'pæsɪv,,a.被动的，消极的；（动词或句子）被动的,北师高中
phrase,frez,,n.短语，词组,北师高中
concentrate,'kɑnsn'tret,,vi.集中（思想、注意力等）,北师高中
previous,'privɪəs,,a.以前的，过去的,北师高中
positive,'pɑzətɪv,,a.积极的,北师高中
associate,ə'soʃɪet,,vt.联想，联系,北师高中
mental,'mɛntl,,a.内心的；精神病的,北师高中
lawyer,'lɔjɚ,,n.律师,北师高中
senior,'sinɪɚ,,a.高级的,北师高中
physicist,'fɪzɪsɪst,,n.物理学家,北师高中
beard,bɪrd,,n.胡须,北师高中
blond,blɑnd,,a.淡黄色的；毛发及皮肤浅色的,北师高中
sunglasses,'sʌnɡlæsɪz,,n.墨镜,北师高中
uniform,junəˌfɔrm,,n.制服,北师高中
moustache,mə'stɑʃ,,n.长在上嘴唇上的小胡子,北师高中
heel,hil,,n.鞋跟,北师高中
sleeve,sliv,,n.衣服袖子,北师高中
facial,'feʃl,,a.面部的,北师高中
expression,ɪk'sprɛʃən,,n.表情；词语,北师高中
connection,kə'nɛkʃən,,n.联系；连接,北师高中
chain,tʃen,,n.链条；一连串的事物,北师高中
aircraft,'ɛr'kræft,,n.飞机，航空器,北师高中
emergency,ɪ'mɝdʒənsi,,n.紧急情况,北师高中
pray,pre,,vt&vi.祈祷，祷告,北师高中
gifted,'ɡɪftɪd,,a.有天赋的,北师高中
accurately,ˈækjərətli,,ad.精确地，准确地,北师高中
draw up,,,起草,北师高中
description,dɪ'skrɪpʃən,,n.描述，形容,北师高中
academic,",ækə'dɛmɪk",,a.学术的,北师高中
predict,prɪ'dɪkt,,vt.预言，预测,北师高中
deserve,dɪ'zɝv,,vt.应得，值得,北师高中
failure,'feljɚ,,n.失败,北师高中
mistaken,mɪ'stekən,,a.错误的,北师高中
association,[əˌsəʊsɪˈeɪʃn],,n.联想；协会,北师高中
thus,ðʌs,,ad.如此，因此,北师高中
possibility,",pɑsə'bɪləti",,n.可能性,北师高中
disability,",dɪsə'bɪləti",,n.残疾；无能力,北师高中
entirely,ɪn'taɪɚli,,ad.完全地,北师高中
Easter,istəʳ,,n.复活节,北师高中
embassy,'ɛmbəsi,,n.大使馆,北师高中
accuse,ə'kjuz,,vt.控告，谴责,北师高中
lightning,'laɪtnɪŋ,,n.闪电,北师高中
personality,",pɝsə'næləti",,n.个性，性格,北师高中
clerk,klɝk,,n.职员,北师高中
conductor,kən'dʌktɚ,,n.售票员；指挥,北师高中
butcher,ˈbʊtʃər,,n.屠夫；肉商,北师高中
athletic,æθ'lɛtɪk,,a.喜爱运动的,北师高中
independent,'ɪndɪ'pɛndənt,,a.独立的,北师高中
neat,nit,,a.整洁的，整齐的,北师高中
selfish,'sɛlfɪʃ,,a.自私的,北师高中
sharp,ʃɑrp,,a.敏锐的；锋利的，尖的,北师高中
characteristic,",kærəktə'rɪstɪk",,n.特点，特性,北师高中
desire,dɪ'zaɪɚ,,n.渴望，欲望,北师高中
satisfaction,",sætɪs'fækʃən",,"n.满意,满足",北师高中
harvest,'hɑrvɪst,,n.收获,北师高中
biology,baɪ'ɑlədʒi,,n.生物学,北师高中
pineapple,'paɪn'æpl,,n.菠萝,北师高中
peach,pitʃ,,n.桃子,北师高中
kindness,'kaɪndnəs,,n.和善，亲切,北师高中
requirement,rɪ'kwaɪɚmənt,,n.要求,北师高中
airline,'ɛrlaɪn,,n.航空公司,北师高中
aboard,ə'bɔrd,,prep.在（到）船（飞机、火车、公共汽车）上,北师高中
assistant,ə'sɪstənt,,n.助手，助理,北师高中
independence,",ɪndɪ'pɛndəns",,n.独立,北师高中
poet,'poət,,n.诗人,北师高中
translator,træns'letɚ,,n.翻译员,北师高中
tutor,'tʊtɚ,,n.家庭教师；导师,北师高中
tear,(for v.) ˈter; (for n.) ˈtir,,n.眼泪,北师高中
cheek,tʃik,,n.脸颊,北师高中
hug,hʌɡ,,n.拥抱,北师高中
upset,ʌp'sɛt,,a.不安的，不快的,北师高中
fault,fɔlt,,n.错误；缺点,北师高中
thunder,'θʌndɚ,,n.雷声,北师高中
wool,wʊl,,n.羊毛,北师高中
pine,paɪn,,n.松树,北师高中
seed,sid,,n.种子,北师高中
squirrel,ˈskwɜ:rəl; skwɝ​əl,,n.松鼠,北师高中
sparrow,'spæro,,n.麻雀,北师高中
bleed,blid,,"vi.(bled,bled)流血",北师高中
broken,'brokən,,a.断的，破的,北师高中
relief,rɪ'lif,,n.减轻，宽慰,北师高中
shelter,'ʃɛltɚ,,vi.躲避,北师高中
scholar,'skɑlɚ,,n.学者,北师高中
bench,bɛntʃ,,n.长凳,北师高中
housewife,'haʊs'waɪf,,n.家庭主妇,北师高中
postcode,'post'kod,,n.邮政编码,北师高中
astronomy,ə'strɑnəmi,,n.天文学,北师高中
allergic,ə'lɝdʒɪk,,a.过敏的,北师高中
anxiety,æŋ'zaɪəti,,n.忧虑，担心,北师高中
revision,rɪ'vɪʒən,,n.复习,北师高中
oral,'ɔrəl,,a.口头的，口述的,北师高中
straw,strɔ,,n.稻草，麦秆,北师高中
glare,ɡlɛr,,vi.怒视，瞪,北师高中
section,'sɛkʃən,,n.部分,北师高中
literary,lɪtərɛri,,a.喜爱文学的,北师高中
glance,ɡlæns,,vi.瞥一眼，瞥见,北师高中
steam,stim,,n.蒸汽,北师高中
confirm,kən'fɝm,,v.证实,北师高中
librarian,laɪ'brɛrɪən,,n.图书馆管理员,北师高中
file,faɪl,,n.档案，文件,北师高中
sigh,saɪ,,vi.叹息，叹气,北师高中
grateful,'ɡretfl,,a.感激的，感谢的,北师高中
guilty,'ɡɪlti,,a.不安的；有罪的,北师高中
can't help doing sth.,,,禁不住要做某事,北师高中
alike,ə'laɪk,,a.相像的,北师高中
shortcoming,'ʃɔrtkʌmɪŋ,,n.缺点，短处,北师高中
account,ə'kaʊnt,,n.（银行）账户,北师高中
button,'bʌtn,,n.纽扣,北师高中
parrot,'pærət,,n.鹦鹉,北师高中
cage,kedʒ,,n.笼子,北师高中
judge,dʒʌdʒ,,vt.评判,北师高中
part-time,",pɑrt'taɪm",,ad.部分时间地,北师高中
claw,klɔ,,n.（动物或鸟的）爪子,北师高中
yoghurt,'jogɚt,,n.酸乳酪，酸奶,北师高中
honey,'hʌni,,n.蜂蜜,北师高中
chew,tʃʊ,,vt.咀嚼,北师高中
satellite,'sætəlaɪt,,n.卫星；人造卫星,北师高中
wrinkle,'rɪŋkl,,n.皱纹,北师高中
forehead,'fɔr'hɛd,,n.额，前额,北师高中
block,blɑk,,n.大厦；街区,北师高中
lap,læp,,n.(人坐着时的)大腿部,北师高中
devote,dɪ'vot,,vt.专心致志于，献身于,北师高中
salty,'sɔlti,,a.含盐的，咸的,北师高中
carrot,'kærət,,n.胡萝卜,北师高中
pea,pi,,n.豌豆,北师高中
companion,kəm'pænɪən,,n.同伴，伴侣,北师高中
devotion,dɪ'voʃən,,n.奉献,北师高中
forever,fɚ'ɛvɚ,,ad.永远,北师高中
carpenter,ˈkɑːrpəntər,,n.木匠,北师高中
chemist,'kɛmɪst,,n.化学家,北师高中
receptionist,rɪ'sɛpʃənɪst,,n.接待员,北师高中
shop assistant,,,营业员,北师高中
typist,'taɪpɪst,,n.打字员,北师高中
insurance,ɪn'ʃʊrəns,,n.保险（金）,北师高中
bonus,'bonəs,,n.额外津贴，奖金,北师高中
fee,fi,,n.服务费，学费,北师高中
income,'ɪnkʌm,,n.收入,北师高中
reward,rɪ'wɔrd,,n.奖赏，奖励,北师高中
wage,wedʒ,,n.薪金，工资,北师高中
charge,tʃɑrdʒ,,vt.收费，要价 n.负责,北师高中
summary,'sʌməri,,n.摘要，总结,北师高中
guidance,'gaɪdns,,n.指导,北师高中
paragraph,'pærəɡræf,,n.段落,北师高中
institute,'ɪnstɪtut,,n.机构；学院,北师高中
aid,ed,,n.援助，帮助，资助,北师高中
pump,pʌmp,,n.泵，抽水机,北师高中
data,'detə,,n.资料，数据,北师高中
deer,dɪr,,n.鹿,北师高中
take charge of,,,接管，控制,北师高中
topic,'tɑpɪk,,n.题目，话题,北师高中
receipt,rɪ'sit,,n.收据，收条,北师高中
error,'ɛrɚ,,"n.错误,谬误",北师高中
liquid,'lɪkwɪd,,n.液体,北师高中
comprehension,",kɑmprɪ'hɛnʃən",,n.理解,北师高中
consult,kən'sʌlt,,vt.请教；商讨；查阅,北师高中
chart,tʃɑrt,,n.表格，图表,北师高中
casual,'kæʒʊəl,,a.随意的，非正式的,北师高中
quarrel,'kwɔrəl,,vi.争吵，吵架,北师高中
make up,,,编造,北师高中
make out,,,假称；听出，看出,北师高中
go into detail(s),,,讨论，细谈,北师高中
speak up,,,大声地说，自由而大胆地说出,北师高中
sit up,,,坐直,北师高中
nursery,'nɝsəri,,n.托儿所，保育室,北师高中
collar,'kɑlɚ,,n.衣领,北师高中
appointment,ə'pɔɪntmənt,,n.约见，约会,北师高中
childhood,'tʃaɪldhʊd,,n.童年，儿童时代,北师高中
typewriter,'taɪpraɪtɚ,,n.打字机,北师高中
instant,'ɪnstənt,,n.片刻，瞬息,北师高中
battle,'bætl,,n.战斗，战役,北师高中
civil,'sɪvl,,a.民间的；国民的；国内的,北师高中
moral,'mɔrəl,,n.品德；品行,北师高中
basis,'besɪs,,n.基础，根据,北师高中
corn,kɔrn,,n.玉米,北师高中
cattle,'kætl,,n.牛,北师高中
frost,frɔst,,n.霜,北师高中
surrounding,sə'raʊndɪŋ,,a.附近的，周围的,北师高中
steep,stip,,a.陡峭的，险峻的,北师高中
grain,ɡren,,n.谷物，谷粒,北师高中
lip,lɪp,,n.嘴唇,北师高中
mud,mʌd,,n.烂泥，泥浆,北师高中
wisdom,'wɪzdəm,,n.智慧,北师高中
idiom,'ɪdɪəm,,n.习语，成语,北师高中
junior,'dʒunɪɚ,,a.低级的,北师高中
universe,'junɪvɝs,,n.宇宙,北师高中
believe in,,,信任，信仰,北师高中
mankind,mæn'kaɪnd,,n.人类,北师高中
nest,nɛst,,n.鸟窝，巢,北师高中
feather,'fɛðɚ,,n.羽毛,北师高中
turn over,,,反转,北师高中
overcome,",ovɚ'kʌm",,"vt.（overcame,overcome）战胜，克服",北师高中
grasp,ɡræsp,,vt.理解，领会；抓牢，抓紧,北师高中
inspect,ɪn'spɛkt,,v.审查，检查,北师高中
illegal,ɪ'ligl,,a.不合法的，违法的,北师高中
pay off,,,得到好结果；取得成功,北师高中
commit,kə'mɪt,,vt.投入,北师高中
committed,kə'mitid,,a.尽责的,北师高中
existence,ɪɡ'zɪstəns,,n.生活；存在,北师高中
glory,'ɡlɔri,,n.光荣的事，值得骄傲的事,北师高中
constantly,'kɑnstəntli,,ad.不断地,北师高中
beneath,bɪˈniːθ,,ad.在底下，在……下,北师高中
bend,bɛnd,,"v.（bent,bent）弯腰，倾身",北师高中
stage,stedʒ,,n.舞台；阶段，时期,北师高中
hesitate,ˈhɛzətet,,v.犹豫，踌躇,北师高中
wrist,rɪst,,n.腕，腕关节,北师高中
twist,twɪst,,vt&vi.旋转，转动,北师高中
judgement,ˈdʒʌdʒmənt,,n.判断，判断力,北师高中
keep up with,,,跟上，赶上,北师高中
decrease,dɪ'kris,,v.减少，降低,北师高中
multiply,'mʌltɪplaɪ,,v.大量增加；乘,北师高中
division,də'vɪʒən,,n.部门；分割,北师高中
branch,bræntʃ,,n.分支，部门,北师高中
operate,'ɑpə'ret,,"vi.运转,运作 vt.操作；经营，管理",北师高中
dynamic,daɪ'næmɪk,,a.精力充沛的,北师高中
respond,rɪ'spɑnd,,vi.反应；回复，回答,北师高中
flexible,'flɛksəbl,,a.灵活的，柔韧的,北师高中
envy,'ɛnvi,,vt.羡慕，妒忌,北师高中
bother,'bɑðɚ,,vt.烦扰；打扰,北师高中
continent,'kɑntɪnənt,,n.大陆，洲,北师高中
in case,,,以防万一；万一,北师高中
comfort,'kʌmfɚt,,n.舒适，安逸,北师高中
slave,sleɪv,,n.奴隶,北师高中
boom,buːm,,vi.激增，猛涨,北师高中
panic,'pænɪk,,"v.(panicked,panicking)恐慌，惊惶",北师高中
arithmetic,ə'rɪθmətɪk,,n.算术,北师高中
enclose,ɪn'kloz,,vt.随信附上,北师高中
curriculum vitae,kəˌrɪkjələm'vitaɪ,,简历；个人履历（=CV）,北师高中
due to,,,由于,北师高中
in addition,,,此外,北师高中
arrow,'æro,,n.箭,北师高中
oxygen,'ɑksɪdʒən,,n.氧，氧气,北师高中
tick,tɪk,,vt.打钩做记号,北师高中
ox,ɑks,,n.牛，公牛,北师高中
spelling,'spɛlɪŋ,,n.拼写,北师高中
backwards,'bækwɚdz,,ad.由后向前地,北师高中
correction,kə'rɛkʃən,,n.改正，改进,北师高中
simplify,'sɪmplɪfaɪ,,vt.简化,北师高中
jar,dʒɑr,,n.罐子，坛子,北师高中
secure,sə'kjʊr,,a.稳定的；无忧无虑的,北师高中
frankly,'fræŋkli,,ad.坦率地，真诚地,北师高中
lay off,,,裁员；解雇,北师高中
blank,blæŋk,,a.空白的；茫然的,北师高中
swell,swɛl,,"v.（swelled,swollen,swelled）被充满；膨胀，肿胀",北师高中
suspect,sʌspɛkt; (for v.) səˈspɛkt,,v.怀疑,北师高中
lump,lʌmp,,n.团，块,北师高中
throat,θrot,,n.咽喉，喉咙,北师高中
status,ˈstetəs,,n.现状；社会地位,北师高中
chief,tʃif,,a.最高级别的,北师高中
saying,'seɪŋ,,n.格言，谚语,北师高中
postage,'postɪdʒ,,n.邮费,北师高中
airmail,'ɛrmel,,n.航空邮政,北师高中
user,'juzɚ,,n.使用者,北师高中
instruct,ɪn'strʌkt,,v.指导，教导,北师高中
aside,ə'saɪd,,ad.在一边，向一边,北师高中
bury,'bɛri,,vt.埋葬,北师高中
alphabet,'ælfə'bɛt,,n.字母表,北师高中
distinguish,dɪ'stɪŋɡwɪʃ,,vt.区别，辨别,北师高中
drill,drɪl,,n.练习，训练,北师高中
motto,'mɑto,,n.格言，座右铭,北师高中
conservative,kən'sɝvətɪv,,a.保守的，旧式的,北师高中
assignment,ə'saɪnmənt,,n.作业；任务，工作,北师高中
alternative,ɔl'tɝnətɪv,,a.非传统的；另类的,北师高中
punishment,'pʌnɪʃmənt,,n.惩罚，处罚,北师高中
reputation,",rɛpju'teʃən",,n.名誉，名声,北师高中
slight,slaɪt,,a.少量的，微小的,北师高中
loose,lus,,a.（指言行等）不严谨的，放荡的,北师高中
obey,oʊˈbeɪ,,vt.服从，听从,北师高中
mild,maɪld,,a.温和的,北师高中
receiver,rɪ'sivɚ,,n.接收者,北师高中
pace,pes,,n.速度，步速,北师高中
outstanding,'aʊt'stændɪŋ,,a.杰出的，优秀的,北师高中
reflect,rɪ'flɛkt,,vt.反映；反射；仔细考虑,北师高中
select,sə'lɛkt,,vt.挑选,北师高中
to a certain extent,,,在某种程度上,北师高中
misunderstand,",mɪsʌndɚ'stænd",,v.误解,北师高中
angle,'æŋɡl,,n.角,北师高中
triangle,'traɪæŋɡl,,n.三角形,北师高中
atom,'ætəm,,n.原子,北师高中
pour,pɔr,,vt.倒，灌,北师高中
powder,'paʊdɚ,,n.火药,北师高中
flame,flem,,n.火焰，火舌,北师高中
set off,",set 'ɔf",,使爆炸；引发,北师高中
lack,læk,,vt.缺乏，没有,北师高中
spit,spɪt,,"vi.（spat,spit,spat)吐口水，吐痰",北师高中
drag,dræg,,vt.拖，拉,北师高中
acid,'æsɪd,,n.酸,北师高中
onion,'ʌnjən,,n.洋葱,北师高中
access,'æksɛs,,n.（使用或见到的）机会，权利,北师高中
worthwhile,'wɝθ'waɪl,,a.值得努力的,北师高中
spy,spaɪ,,n.间谍，特务,北师高中
glue,ɡlu,,n.胶，胶水,北师高中
fellow,'fɛlo,,n.同伴,北师高中
acquire,ə'kwaɪr,,vt.获得，得到,北师高中
be accustomed to,,,习惯于,北师高中
thinking,'θɪŋkɪŋ,,n.思考，考虑,北师高中
rank,ræŋk,,n.职衔,北师高中
bureaucratic,",bjʊrə'krætɪk",,a.官僚的,北师高中
worthy,wɜði,,a.值得的,北师高中
religion,rɪ'lɪdʒən,,n.宗教,北师高中
defence,di'fens,,n.保卫，保护,北师高中
tend to,,,往往会，倾向于,北师高中
ignore,ɪɡ'nɔr,,vt.忽视，不顾,北师高中
unwilling,ʌn'wɪlɪŋ,,a.不情愿的,北师高中
assumption,ə'sʌmpʃən,,n.假定，假设,北师高中
approve,ə'prʊv,,v.赞成；认可；满意,北师高中
urge,ɝdʒ,,vt.力劝，强烈要求,北师高中
inspire,ɪn'spaɪɚ,,v.启发；鼓舞,北师高中
shadow,'ʃædo,,n.阴影，影子,北师高中
conventional,kən'vɛnʃənl,,a.传统的，保守的,北师高中
kingdom,'kɪŋdəm,,n.王国,北师高中
civilisation,",sivilai'zeiʃən, -li'z-",,n.文明,北师高中
vital,'vaɪtl,,a.极其重要的,北师高中
beneficial,",bɛnɪ'fɪʃl",,a.有用的，有益的,北师高中
image,'ɪmɪdʒ,,n.比喻；景象，形象,北师高中
assume,ə'sum,,vt.假定，假设,北师高中
adapt,ə'dæpt,,vt.（使）适应,北师高中
as a whole,,,总的来说,北师高中
facility,fə'sɪləti,,n.（供特定用途的）场所；设备,北师高中
appreciation,"ə,priʃɪ'eʃən",,n.欣赏,北师高中
biochemistry,'baɪo'kɛmɪstri,,n.生物化学,北师高中
choir,'kwaɪɚ,,n.合唱队，合唱团,北师高中
biography,baɪ'ɑɡrəfi,,n.传记,北师高中
fantasy,'fæntəsi,,n.想象(幻想)物,北师高中
horror,'hɔrɚ,,n.惊恐，恐惧,北师高中
abandon,ə'bændən,,vt.放弃，遗弃,北师高中
come into view,,,出现,北师高中
knock sb. over,,,撞倒某人,北师高中
victim,'vɪktɪm,,n.受害者,北师高中
once upon a time,,,从前,北师高中
princess,prɪnˌsɛs,,n.公主，王妃,北师高中
criteria,kraɪ'tɪrɪə,,n(pl.)(评判的)标准,北师高中
novelist,'nɑvlɪst,,n.(长篇)小说家,北师高中
volcanic eruption,,,火山爆发,北师高中
preserve,prɪ'zɝv,,vt.保护，保存,北师高中
capsule,ˈkæpsl;,,n.胶囊；太空舱,北师高中
witness,ˈwɪtnɪs,,v.目击,北师高中
occur,ə'kɝ,,vi.发生,北师高中
tremble,'trɛmbl,,vi.颤抖，发抖,北师高中
block out,,,堵住,北师高中
particularly,pɚ'tɪkjəlɚlɪ,,ad.特别地；特定地,北师高中
loss,lɔs,,n.遗失，丢失,北师高中
awesome,'ɔsəm,,a.令人敬畏的,北师高中
in a way,,,从某种程度上说,北师高中
rewind,",ri'waɪnd",,"vi&vt.(rewound,rewound)倒回",北师高中
architecture,'ɑrkə'tɛktʃɚ,,n.建筑,北师高中
authentic,ɔ'θɛntɪk,,a.原作的；真正的,北师高中
characteristic,",kærəktə'rɪstɪk",,a.典型的,北师高中
monument,'mɑnjumənt,,n.纪念碑，纪念堂,北师高中
gather,'ɡæðɚ,,vi&vt.聚集,北师高中
on one's side,,,侧身,北师高中
sorrow,sɑro,,n.悲伤，难过,北师高中
sympathy,'sɪmpəθi,,n.同情,北师高中
burst,bɝst,,vi.爆炸；冲，闯,北师高中
split up,,,（使）解散；决裂,北师高中
on the way to,,,在去……的路上,北师高中
pay rise,,,增加工资,北师高中
specific,spɪ'sɪfɪk,,a.详细的；特定的,北师高中
significance,sɪɡ'nɪfɪkəns,,n.重要性；意义,北师高中
abnormal,æbˈnɔrməl,,a.反常的，不正常的,北师高中
vivid,'vɪvɪd,,a.生动的，逼真的；丰富的,北师高中
hardship,'hɑrdʃɪp,,n.艰苦，困苦,北师高中
pillar,'pɪlɚ,,n.支柱,北师高中
violinist,",vaɪə'lɪnɪst",,n.小提琴家,北师高中
name... after,,,以……的名字给某人某物命名,北师高中
come across,,,偶然遇见,北师高中
hold up,,,支撑起,北师高中
count on,,,依靠,北师高中
origin,'ɔrɪdʒɪn,,n.起源，开端；出身,北师高中
figure out,,,理解,北师高中
heather,'hɛðɚ,,n.石楠属植物,北师高中
discourage,dɪs'kɝɪdʒ,,vt.使泄气，使灰心,北师高中
end up,,,以……结束，以……告终,北师高中
put up with,,,容忍，忍受,北师高中
suffering,'sʌfərɪŋ,,n.痛苦，困难,北师高中
musical,'mjuzɪkl,,a.音乐的 n.音乐剧，音乐片,北师高中
admirable,'ædmərəbl,,a.令人钦佩的,北师高中
tease,tiz,,vt.嘲笑，取笑,北师高中
suspension bridge,,,吊桥,北师高中
videophone,'vɪdɪofon,,n.可视电话,北师高中
in particular,,,特别，尤其,北师高中
superb,/suːˈpɜːrb/,,a.出色的，卓越的,北师高中
severe,səˈvɪr,,a.严重的；严厉的,北师高中
restriction,rɪ'strɪkʃən,,n.限制，约束,北师高中
unbearable,ʌn'bɛrəbl,,a.不能忍受的,北师高中
stubborn,'stʌbɚn,,a.倔强的，固执的,北师高中
former,'fɔrmɚ,,a.以前的,北师高中
troublesome,'trʌblsəm,,a.引起麻烦的,北师高中
straightforward,",stret'fɔrwɚd",,a.直接的；坦率的,北师高中
precise,prɪ'saɪs,,a.准确的，精确的,北师高中
imitation,",ɪmɪ'teʃən",,n.模仿,北师高中
precious,'prɛʃəs,,a.宝贵的，珍贵的,北师高中
now that,,,既然，由于,北师高中
eager,'igɚ,,a.渴望的，热衷的,北师高中
gradual,'ɡrædʒuəl,,a.逐渐的,北师高中
expand,ɪk'spænd,,v.扩大，扩充,北师高中
complex,ˈkɑmplɛks;kəmˈplɛks,,a.复杂的,北师高中
apparent,ə'pærənt,,a.明显的，显而易见的,北师高中
violet,'vaɪələt,,n.紫罗兰,北师高中
sweetness,'switnəs,,n.甜蜜，温柔,北师高中
warmth,wɔrmθ,,n.温暖,北师高中
breakthrough,'brek'θrʊ,,n.突破，重大发现,北师高中
uncertain,ʌn'sɝtn,,a.不确定的,北师高中
tiresome,'taɪɚsəm,,a.讨厌的，令人厌倦的,北师高中
awkward,'ɔkwɚd,,a.笨拙的；令人不舒服的,北师高中
spill,spɪl,,vi&vt.洒出，溅出,北师高中
nasty,'næsti,,a.令人不愉快的;不善良的,北师高中
tense,tɛns,,a.紧张的,北师高中
dizzy,'dɪzi,,a.头晕目眩的,北师高中
applaud,ə'plɔd,,vi&vt.鼓掌 vt.称赞,北师高中
clumsy,'klʌmzi,,a.笨拙的，不得体的,北师高中
harp,hɑrp,,n.竖琴,北师高中
fairy,'fɛri,,n.小仙子，小精灵,北师高中
amuse,ə'mjuz,,vt.逗乐，使(某人)笑,北师高中
burst out laughing,,,突然笑起来,北师高中
giggle,'ɡɪɡl,,vi.咯咯地傻笑,北师高中
anecdote,'ænɪkdot,,n.轶事，趣闻,北师高中
ridiculous,rɪ'dɪkjələs,,a.荒谬的，可笑的,北师高中
politician,",pɑlə'tɪʃən",,n.政治家,北师高中
response,rɪ'spɑns,,n.回答,北师高中
unbelievable,",ʌnbɪ'livəbl",,a.不可置信的，极其惊人的,北师高中
agency,'edʒənsi,,n.代理处，经销处,北师高中
visa,'vizə,,n.签证,北师高中
my goodness,,,天哪，哎呀,北师高中
harmony,'hɑrməni,,n.协调，和谐,北师高中
cash a cheque,,,兑现支票,北师高中
withdraw,wɪð'drɔ,,"vt.（withdrew,withdrawn）提取；撤退",北师高中
forgetful,fɚ'gɛtfəl,,a.健忘的,北师高中
mature,mə'tʃʊr,,a.成熟的,北师高中
overlook,",ovɚ'lʊk",,vt.忽视,北师高中
clarify,'klærəfaɪ,,vt.澄清，讲清楚,北师高中
delay,dɪ'le,,n.延误，延期,北师高中
counter,'kaʊntɚ,,n.柜台,北师高中
agent,'edʒənt,,n.代理人，经销商,北师高中
queue,kju,,vi.排队,北师高中
yell,jɛl,,vi.叫喊，叫嚷,北师高中
wait in line,,,排队,北师高中
identification,aɪˌdentɪfɪ'keʃn,,n.身份,北师高中
sunburnt,"'sʌn,bɝnt",,a.晒黑的,北师高中
messy,'mɛsi,,a.凌乱的，肮脏的,北师高中
scared,skɛrd,,a.惊恐的，担惊受怕的,北师高中
thriller,'θrɪlɚ,,n.惊险小说(戏剧、电影),北师高中
swiftly,'swɪftli,,ad.迅速地,北师高中
black eye,,,打得鼻青脸肿,北师高中
pool,pul,,n.台球,北师高中
tournament,ˈtɝ​nəmənt,,n.锦标赛，联赛,北师高中
nap,næp,,n.小睡，打盹,北师高中
border,'bɔrdɚ,,n.国界，边境,北师高中
psychology,saɪ'kɑlədʒi,,n.心理学,北师高中
acknowledge,ək'nɑlɪdʒ,,vt.认可，承认,北师高中
being,'biɪŋ,,n.人；物；生物,北师高中
get rid of,,,处理掉，摆脱,北师高中
profession,prə'fɛʃən,,n.职业，专业,北师高中
fool around,,,胡闹，瞎弄,北师高中
from time to time,,,不时地,北师高中
authority,ə'θɔrəti,,n.权威；权力,北师高中
figure,'fɪɡjɚ,,n.人物,北师高中
campaign,kæm'pen,,n.运动,北师高中
result in,,,导致，造成,北师高中
alongside,ə'lɔŋ'saɪd,,prep.在……旁边，与……并排,北师高中
resist,rɪ'zɪst,,vt.抵抗，抵制,北师高中
tension,'tɛnʃən,,n.紧张，焦虑,北师高中
caution,'kɔʃən,,n.谨慎，小心,北师高中
scratch,skrætʃ,,n.痕迹或划伤 vt.划(破),北师高中
scold,skold,,vt.骂，责骂,北师高中
forbid,fɚ'bɪd,,"vt.(forbade,forbidden)禁止，不准",北师高中
run into,,,撞上,北师高中
comedy,'kɑmədi,,n.喜剧,北师高中
comedian,kə'midɪən,,n.喜剧演员,北师高中
imitate,'ɪmɪtet,,vt.模仿,北师高中
put on,pʊt ɑn,,假装,北师高中
turn sb. off,,,令人讨厌,北师高中
regardless of,,,不管，不顾,北师高中
purely,'pjʊrli,,ad.完全地，仅仅,北师高中
universal,'jʊnə'vɝsl,,a.通用的，普遍的；全世界的,北师高中
seal,sil,,vt.封，密封,北师高中
astonish,ə'stɑnɪʃ,,vt.使惊讶，使惊骇,北师高中
saucer,'sɔsɚ,,n.茶托，茶杯碟,北师高中
steak tartare,tɑ:'tɑ:,,鞑靼牛肉末,北师高中
raw,rɔ,,a.生的，未煮过的,北师高中
disgusting,dɪs'ɡʌstɪŋ,,a.厌恶的,北师高中
desperate,'dɛspərət,,a.不顾一切的；绝望的,北师高中
boarding school,,,寄宿学校,北师高中
obtain,əb'ten,,vt.得到，获得,北师高中
partly,'pɑrtli,,ad.部分地,北师高中
compensate,'kɑmpɛnset,,vt.补偿，赔偿,北师高中
convince,kən'vɪns,,vt.使相信,北师高中
play around,,,四处游戏,北师高中
pull faces,,,做鬼脸,北师高中
rarely,'rɛrli,,ad.很少，难得,北师高中
presence,'prɛzns,,n.存在；到场，出席,北师高中
genius,'dʒinjəs,,n.天才,北师高中
depth,dɛpθ,,n.深（度），纵深,北师高中
scare,skɛr,,vt.使恐惧,北师高中
string,strɪŋ,,n.绳，线,北师高中
starve,stɑrv,,vi.挨饿，饿死,北师高中
loaf,lof,,n.（面包的）一条,北师高中
yawn,jɔn,,vi.打哈欠,北师高中
tough,tʌf,,a.艰难的；不幸的；强壮的，强健的,北师高中
cross-talk,'krɔ:stɔ:k,,n.相声,北师高中
component,kəm'ponənt,,n.成分，组成部分,北师高中
thanks to,,,多亏；由于,北师高中
accomplish,ə'kɑmplɪʃ,,vt.取得（成功），完成（任务）,北师高中
breathless,'brɛθləs,,a.令人屏息的,北师高中
masterpiece,'mæstəpis,,n.杰作，名作,北师高中
scenic,ˈsinɪk,,a.自然景色的，风景优美的,北师高中
superior,sʊˈpɪrɪɚ,,a.高级的，上等的,北师高中
sideways,'saɪdwez,,ad.向一边，向一侧,北师高中
vertical,'vɝtɪkl,,a.垂直的，竖的,北师高中
adore,ə'dɔr,,vt.敬爱，非常喜欢,北师高中
rainbow,'renbo,,n.彩虹,北师高中
flock,flɑk,,vi.聚集,北师高中
beholder,bɪ'holdɚ,,n.观看者,北师高中
consistent,kən'sɪstənt,,a.一致的，始终如一的,北师高中
corset,'kɔrsɪt,,n.紧身胸衣,北师高中
woollen,'wʊlən,,a.羊毛制的,北师高中
shawl,ʃɔl,,n.披肩，围巾,北师高中
tattoo,tæ'tu,,n.文身,北师高中
slim,slɪm,,vi.(通过节食、加强运动等)减肥 a.苗条的,北师高中
overweight,'ovə'wet,,a.超重的，过重的,北师高中
commitment,kə'mɪtmənt,,n.责任，义务；承诺,北师高中
die out,,,完全消失，灭绝,北师高中
accompany,ə'kʌmpəni,,vt.伴随，陪同,北师高中
range,rendʒ,,n.（数、量、年龄等的）变化范围,北师高中
conscience,ˈkɑːnʃəns,,n.良心,北师高中
inner,'ɪnɚ,,a.内部的，里面的,北师高中
subjective,səb'dʒɛktɪv,,a.主观的,北师高中
dimension,"dəˈmɛnʃən, daɪ-",,n.方面；度量,北师高中
command,kə'mænd,,n.命令，指挥,北师高中
tasteless,'testləs,,a.没有味道的,北师高中
botany,'bɑtəni,,n.植物学,北师高中
skateboard,'sket'bɔrd,,vi.用滑板滑行,北师高中
symphony,'sɪmfəni,,n.交响乐，交响曲,北师高中
accessible,ək'sɛsəbl,,a.容易理解的,北师高中
delicate,ˈdɛlɪkɪt,,a.精美的，雅致的,北师高中
tune,tun,,n.曲调，旋律,北师高中
deliver,dɪ'lɪvɚ,,vt.递送，传送,北师高中
thrill,θrɪl,,n.兴奋；恐惧 v.使兴奋,北师高中
dignity,'dɪɡnəti,,n.尊贵；庄严,北师高中
polished,'pɑlɪʃt,,a.优雅的，精致的,北师高中
refresh,ri'frɛʃ,,vt.消除……的疲劳，使振作精神,北师高中
sentimental,'sɛntə'mɛntl,,a.多愁善感的,北师高中
shabby,ˈʃæbi,,a.低劣的；肮脏破烂的,北师高中
harsh,hɑrʃ,,a.刺耳的，刺眼的,北师高中
chorus,'kɔrəs,,n.合唱部分,北师高中
tendency,'tɛndənsi,,n.倾向，趋势,北师高中
vain,ven,,a.自负的，炫耀的,北师高中
lyrics,'lɪrɪks,,n.歌词,北师高中
abrupt,ə'brʌpt,,a.突然的，出其不意的,北师高中
disturbing,dɪ'stɝbɪŋ,,a.使人烦恼的,北师高中
version,'vɝʒn,,n.版本;说法,北师高中
stuff,stʌf,,n.东西，材料,北师高中
steady,'stɛdi,,a.平稳的；稳定的,北师高中
Christian,'krɪstʃən,,a.基督教的,北师高中
endless,ˈɛndlɪs,,a.没完没了的，永无休止的,北师高中
freezing,'frizɪŋ,,a.严寒的，冰冻的,北师高中
romantic,ro'mæntɪk,,a.浪漫的,北师高中
tranquil,ˈtræŋkwəl,,a.平静的，宁静的,北师高中
hoarfrost,",hɔ:'frɔst",,n.白霜,北师高中
bend,bɛnd,,"v.（bent,bent）弄弯曲;屈服；弯腰 n.弯曲",北师高中
homesickness,'həumsiknis,,n.想家，思乡,北师高中
drown,draʊn,,vi&vt.淹没，淹死,北师高中
vague,veɡ,,a.模糊的,北师高中
hoof,huf,,n.蹄,北师高中
stout,staʊt,,a.肥胖的,北师高中
bound,baʊnd,,n.一跳，一跃,北师高中
oval,'ovl,,a.卵形的，椭圆形的,北师高中
bow,baʊ,,n.弓；弧形物；蝴蝶结,北师高中
jerk,dʒɝk,,n.猛拉，猛的一动,北师高中
chimney,'tʃɪmni,,n.烟囱,北师高中
sleigh,sle,,n.雪车，雪橇,北师高中
thistle,'θɪsl,,n.蓟（一种野生植物，叶片带刺，开紫花）,北师高中
tone,ton,,n.语调；语气,北师高中
unlike,'ʌn'laɪk,,"prep.不像,和……不同",北师高中
convey,kən've,,vt.传达，表达,北师高中
affection,ə'fɛkʃən,,n.爱慕，钟爱,北师高中
merchant,'mɝtʃənt,,n.商人,北师高中
treat,trit,,vt.对待,北师高中
trap,træp,,vt.诱捕，设圈套,北师高中
theme,θim,,n.主题,北师高中
manner,'mænɚ,,n.方式，方法,北师高中
drawback,'drɔbæk,,n.缺点，弊端,北师高中
strike,straɪk,,"vt.（struck,struck）打；打动",北师高中
striking,'straɪkɪŋ,,a.引人注目的，突出的,北师高中
evident,'ɛvɪdənt,,a.明显的，明白的,北师高中
cute,kjʊt,,a.娇小可爱的,北师高中
recommend,'rɛkə'mɛnd,,vt.劝告，建议；推荐，介绍,北师高中
plot,plɑt,,n.情节；小块土地,北师高中
DJ,",di: 'dʒei",,n.电台流行音乐主持人,北师高中
hang on a second,,,等一下,北师高中
catalogue,'kætəlɔɡ,,n.商品目录,北师高中
bits and pieces,,,各种各样的零碎东西,北师高中
childish,'tʃaɪldɪʃ,,a.孩子的，幼稚的,北师高中
mother tongue,,,母语,北师高中
input,'ɪn'pʊt,,n.(信息)输入,北师高中
output,'aʊtpʊt,,n.(信息)输出,北师高中
fluency,'fluənsi,,n.流利度，流畅度,北师高中
accuracy,'ækjərəsi,,n.精确度，准确度,北师高中
punctuation,'pʌŋktʃʊ'eʃən,,n.标点符号,北师高中
royal,'rɔɪəl,,a.王室的，皇家的,北师高中
nationwide,",neʃn'waɪd",,ad.全国性地,北师高中
thankful,'θæŋkfl,,a.为……感到高兴的；感谢的,北师高中
constitution,'kɑnstə'tʊʃən,,n.宪法,北师高中
liberty,'lɪbɚti,,n.自由,北师高中
jungle,'dʒʌŋɡl,,n.热带丛林,北师高中
cafeteria,",kæfə'tɪrɪə",,n.小餐馆，咖啡馆,北师高中
fold,fold,,v.折叠；交叉,北师高中
global,'ɡlobl,,a.全世界的，全球的,北师高中
decade,'dɛked,,n.十年,北师高中
trend,trɛnd,,n.趋势，倾向,北师高中
absence,'æbsns,,n.缺乏；缺席,北师高中
theory,'θiəri,,n.理论；学说,北师高中
acquisition,",ækwɪ'zɪʃən",,n.(语言)习得,北师高中
attain,ə'ten,,vt.达到；获得,北师高中
surround,sə'raʊnd,,vt.环绕，围绕,北师高中
curriculum,kə'rɪkjələm,,n.(学校的)课程,北师高中
adequate,ˈædɪkwət,,a.足够的，充分的,北师高中
medium,'midɪəm,,n.媒介物；渠道,北师高中
ensure,ɪn'ʃʊr,,vt.确保，保证,北师高中
accelerate,əkˈsɛləˌret,,vi&vt.加速,北师高中
target,'tɑrɡɪt,,n.目标,北师高中
enlarge,ɪn'lɑrdʒ,,vt.扩大,北师高中
guarantee,",ɡærən'ti",,vt.保证,北师高中
adjust,ə'dʒʌst,,vt.调节；调整,北师高中
inform,ɪn'fɔrm,,"vt.告知,通知",北师高中
dedication,",dɛdɪ'keʃən",,n.专心致志,北师高中
dedicated,'dɛdə'ketɪd,,a.专心致志的,北师高中
manual,'mænjuəl,,n.手册；指南,北师高中
theft,θɛft,,n.偷窃,北师高中
announcement,ə'naʊnsmənt,,n.通告；宣告,北师高中
mate,met,,n.老兄，老弟，伙计,北师高中
cream,krim,,n.奶油；油,北师高中
razor,'rezɚ,,n.剃刀,北师高中
catch on,,,学会,北师高中
for ages,,,很久，很长时间,北师高中
brochure,bro'ʃʊr,,n.小册子,北师高中
cab,kæb,,n.出租汽车,北师高中
relative,'rɛlətɪv,,n.亲戚，亲属,北师高中
pat,pæt,,vt&n.轻拍；拍,北师高中
congratulate,kən'ɡrætʃulet,,vt.祝贺,北师高中
explicit,ɪk'splɪsɪt,,a.明确的；清楚的,北师高中
eyebrow,'aɪbraʊ,,n.眉毛,北师高中
on purpose,,,故意地,北师高中
upwards,'ʌpwədz,,ad.向上地,北师高中
upper,'ʌpɚ,,a.上面的,北师高中
unconscious,ʌn'kɑnʃəs,,a.无意的；不知不觉的,北师高中
rigid,'rɪdʒɪd,,a.僵硬的,北师高中
tight,taɪt,,a.绷紧的,北师高中
resemble,rɪ'zɛmbl,,vt.像；与……相似,北师高中
transparent,træns'pærənt,,a.清晰易辨的；透明的,北师高中
unrest,ʌn'rɛst,,n.不安,北师高中
merely,'mɪrli,,ad.只；仅仅,北师高中
purchase,'pɝtʃəs,,vt.购买,北师高中
on the other hand,,,另一方面,北师高中
negotiate,nɪ'ɡoʃɪet,,vt.协商;谈判,北师高中
outline,'aʊtlaɪn,,vt.勾出轮廓,北师高中
ambiguous,æm'bɪɡjuəs,,a.模棱两可的,北师高中
offence,ə'fɛns,,n.冒犯；得罪,北师高中
approval,əˈpruvl,,n.赞成；赞许；批准,北师高中
bent,bɛnt,,a.弯曲的,北师高中
applicant,'æplɪkənt,,n.申请人,北师高中
certificate,"sɚˈtɪfɪkɪt; (for v.,) sɚˈtɪfɪˌket",,n.证书；证明,北师高中
registration,'rɛdʒɪ'streʃən,,n.登记；注册,北师高中
competence,'kɑmpɪtəns,,n.能力,北师高中
diploma,dɪ'plomə,,n.毕业证书,北师高中
marketing,'mɑrkɪtɪŋ,,n.市场营销,北师高中
overview,'ovɚ'vjʊ,,n.概要；综述,北师高中
provided that,,,如果；条件是,北师高中
register,'rɛdʒɪstɚ,,vt.登记,北师高中
candidate,"ˈkændɪˌdet, -dɪt",,n.候选人,北师高中
cheers,tʃɪrz,,inter.谢谢,北师高中
diagram,'daɪəɡræm,,n.图解；图表,北师高中
caption,'kæpʃən,,n.(图片的)说明文字,北师高中
booth,bʊθ,,n.（餐馆内的）雅座；（电话）亭,北师高中
barbershop,'bɑrbɚ'ʃɑp,,n.理发店,北师高中
globe,ɡlob,,n.地球,北师高中
barber,'bɑrbɚ,,n.理发师,北师高中
fasten,'fæsən,,vt.束紧,北师高中
stewardess,ˈstuərdəs,,n.女乘务员,北师高中
steward,'stuɚd,,n.男乘务员,北师高中
regulation,ˌrɛɡjəˈleʃən,,n.规则，规章制度,北师高中
bingo,'bɪŋɡo,,inter.好，妙,北师高中
haircut,'hɛrkʌt,,n.理发,北师高中
amateur,'æmə.tʃʊr,,a.业余的,北师高中
sincerely,sɪn'sɪrli,,ad.真诚地,北师高中
embarrass,ɪm'bærəs,,vt.使窘迫,北师高中
punctual,'pʌŋtʃʊəl,,"a.准时的,守时的",北师高中
directory,dəˈrɛktəri; (also) daɪˈrɛktəri,,n.指南,北师高中
personnel,",pɝsə'nɛl",,n.全体职员,北师高中
bet,bɛt,,vt.打赌,北师高中
academy,ə'kædəmi,,n.学院；学会,北师高中
algebra,'ældʒɪbrə,,n.代数,北师高中
geometry,dʒɪ'ɑmətri,,n.几何,北师高中
bacteria,bæk'tɪrɪə,,n.[bacterium的复数]细菌,北师高中
software,'sɔftwɛr,,n.软件,北师高中
mass,mæs,,n.质量；物质,北师高中
radiation,",redɪ'eʃən",,n.放射；辐射,北师高中
radium,'redɪəm,,n.镭,北师高中
radioactive,'redɪo'æktɪv,,a.放射性的,北师高中
shuttle,'ʃʌtl,,n.航天飞机,北师高中
crew,krʊ,,n.全体机组人员,北师高中
assist,ə'sɪst,,vt.帮助；协助,北师高中
emotional,ɪ'moʃənl,,a.情感（上）的,北师高中
technical,'tɛknɪkl,,a.技术上的,北师高中
journal,'dʒɝnl,,n.杂志,北师高中
issue,'ɪʃu,,n.问题；议题,北师高中
recreation,",rɛkrɪ'eʃən",,n.消遣；娱乐,北师高中
futurology,",fjuːtʃə'rɒlədʒɪ",,n.未来学,北师高中
latter,'lætɚ,,n.后者,北师高中
futurologist,",fju:tʃə'rɔlədʒist",,n.未来学家,北师高中
seminar,'sɛmɪnɑr,,n.研讨会,北师高中
enterprise,'ɛntɚ'praɪz,,n.事业；企业,北师高中
click,klɪk,,vi.点击,北师高中
handy,'hændi,,a.方便使用的,北师高中
shortly,'ʃɔrtli,,ad.不久；很快,北师高中
download,",daʊn'lod",,vt.下载,北师高中
update,",ʌp'det",,vt.更新,北师高中
stainless,ˈsteɪnlɪs,,a.无污迹的,北师高中
stain,sten,,"n.污迹,污点",北师高中
garment,'gɑrmənt,,n.衣服,北师高中
worn,wɔrn,,a.磨损的,北师高中
starvation,stɑr'veʃən,,n.饥饿,北师高中
welfare,'wɛl'fɛr,,n.福利,北师高中
discrimination,"dɪ,skrɪmɪ'neʃən",,n.歧视；识别力,北师高中
conflict,'kɑnflɪkt,,n.争执；冲突,北师高中
equality,ɪ'kwɑləti,,n.平等,北师高中
cell,sɛl,,n.细胞,北师高中
assess,ə'sɛs,,vt.评估；评价,北师高中
database,'detəbes,,n.数据库；资料库,北师高中
electronic,ɪˌlɛkˈtrɑnɪk,,a.电子的,北师高中
dawn,dɔn,,n.开端；拂晓,北师高中
digital,'dɪdʒɪtl,,a.数字式的,北师高中
source,sɔrs,,n.来源；出处,北师高中
specialist,'spɛʃəlɪst,,n.专家,北师高中
participant,pɑr'tɪsəpənt,,n.参加者,北师高中
present,prɪˈzɛnt;(for n.)ˈprɛznt,,vt.主持（电视或广播节目）；呈现,北师高中
category,'kætəɡɔri,,n.类别；类型,北师高中
autonomous,ɔ'tɑnəməs,,a.自主的；自治的,北师高中
programmer,'progræmɚ,,n.电脑程序编制员,北师高中
in advance,,,预先,北师高中
creator,krɪ'etɚ,,n.创造者,北师高中
premiere,prɪ'mɪr,,n.首次公演，公映,北师高中
caveman,'keivmæn,,n.(远古时的)穴居人,北师高中
give away,,,泄露（秘密）；暴露,北师高中
take over,,,接收，接管,北师高中
official,əˈfɪʃəl; oʊˈfɪʃəl,,n.官员,北师高中
invest,ɪn'vɛst,,vt.投资,北师高中
colleague,'kɑliɡ,,n.同事，同僚,北师高中
hibernation,",haibə'neiʃən",,n.冬眠,北师高中
rescue,'rɛskju,,vt.拯救，救援,北师高中
exit,'ɛɡzɪt,,n.出口,北师高中
disconnect,",dɪskə'nɛkt",,v.使不连接；切断,北师高中
original,ə'rɪdʒənl,,a.起初的；最早的,北师高中
operational,'ɑpə'reʃənl,,a.工作着的，即可使用的,北师高中
instructor,ɪn'strʌktɚ,,n.指导者；教练,北师高中
dilemma,"dəˈlɛmə, daɪ-",,n.困境，进退两难的窘境,北师高中
microscope,'maɪkrəskop,,n.显微镜,北师高中
procedure,prə'sidʒɚ,,n.步骤；程序,北师高中
organ,'ɔrɡən,,n.器官,北师高中
donate,'donet,,vt.捐赠;赠送,北师高中
correspond,",kɔrə'spɑnd",,vi.通信；相当；符合,北师高中
meanwhile,'minwaɪl,,ad.在此期间,北师高中
split,splɪt,,vi.分开，分离,北师高中
premier,prɪ'mɪr,,a.最重要的,北师高中
outspoken,aʊt'spokən,,a.直言的，坦率的,北师高中
telescope,'tɛləˌskop,,n.望远镜,北师高中
galaxy,'ɡæləksi,,n.星系,北师高中
mist,mɪst,,n.薄雾,北师高中
mould,məuld,,n.霉，霉菌,北师高中
penicillin,",pɛnɪ'sɪlɪn",,n.青霉素，盘尼西林,北师高中
outcome,'aʊt'kʌm,,n.后果，结果,北师高中
cure,kjʊr,,vt.治愈,北师高中
navy,'nevi,,n.海军,北师高中
wrestle,'rɛsl,,vi.努力解决；摔跤；搏斗,北师高中
circuit,'sɝkɪt,,n.电路,北师高中
microwave,'maɪkrə'wev,,n.微波炉,北师高中
patent,'pætnt,,n.专利,北师高中
jet,dʒɛt,,n.喷气式,北师高中
exploration,",ɛksplə'reʃən",,n.探测；探险,北师高中
dot,dɑt,,n.小圆点,北师高中
ancestor,'ænsɛstɚ,,n.祖先；祖宗,北师高中
outwards,'aʊtwɚdz,,ad.向外地,北师高中
boundary,'baʊndri,,n.界线；边界,北师高中
fade,fed,,vi.逐渐变弱,北师高中
barrier,'bærɪɚ,,n.障碍；屏障,北师高中
phenomenon,fə'nɑmɪnən,,n.现象,北师高中
primitive,'prɪmətɪv,,a.原始的,北师高中
orbit,'ɔrbɪt,,n.轨道,北师高中
permanent,'pɝmənənt,,a.长久的，永久的,北师高中
headline,'hɛdlaɪn,,n.大标题,北师高中
initial,ɪ'nɪʃəl,,a.最初的；开始的,北师高中
spin,spɪn,,vi.快速旋转,北师高中
overhead,",ovɚ'hɛd",,a.头顶上的,北师高中
permit,pɚ'mɪt,,vt.允许，许可,北师高中
sneeze,sniz,,vi.打喷嚏,北师高中
sniff,snɪf,,v.嗅；闻,北师高中
porridge,'pɔrɪdʒ,,n.麦片粥,北师高中
ripe,raɪp,,a.成熟的,北师高中
melon,'mɛlən,,n.瓜；甜瓜,北师高中
ripen,'raɪpən,,vi.(使)成熟,北师高中
walnut,'wɔlnət,,n.胡桃,北师高中
press,prɛs,,vt.按；压,北师高中
socket,'sɑkɪt,,n.插座,北师高中
shaver,'ʃevɚ,,n.（口）小伙子；电动剃须刀,北师高中
Mars,mɑrz,,n.火星,北师高中
Venus,'vinəs,,n.金星,北师高中
poisonous,'pɔɪzənəs,,a.有毒的,北师高中
carbon dioxide,,,n.二氧化碳,北师高中
poison,'pɔɪzn,,n.毒药；毒物,北师高中
canal,kə'næl,,n.运河,北师高中
declare,dɪ'klɛr,,vt.宣告；宣布,北师高中
souvenir,",suvə'nɪr",,n.纪念品,北师高中
settler,'sɛtlɚ,,n.移民；殖民者,北师高中
kidney,'kɪdni,,n.肾，肾脏,北师高中
liver,'lɪvɚ,,n.肝脏,北师高中
interval,'ɪntɚvl,,n.间隔；间歇,北师高中
pump,pʌmp,,vi.用泵抽出（注入）,北师高中
digest,daɪ'dʒɛst,,vt.消化,北师高中
mineral,'mɪnərəl,,n.矿物,北师高中
swap,swɑp,,vi.交换,北师高中
hearing,'hɪrɪŋ,,n.听觉,北师高中
pulse,pʌls,,n.脉搏,北师高中
track and field,,,田径运动,北师高中
enhance,ɪn'hæns,,vt.增强；提高,北师高中
performance-enhancing,,,a.增强表现的,北师高中
supreme,suˈprim,,a.（程度）最大的，极度的,北师高中
doping,'dopɪŋ,,n.服兴奋剂,北师高中
abuse,ə'bjus,,vt.滥用；虐待,北师高中
tolerate,'tɑləret,,vt.容忍,北师高中
fundamental,",fʌndə'mɛntl",,a.根本的；基础的,北师高中
doubtful,'daʊtfəl,,a.怀疑的，不肯定的,北师高中
seek,sik,,vt.寻找,北师高中
annual,'ænjuəl,,a.每年的，一年一次的，年度的,北师高中
lame,lem,,a.站不住脚的，不易令人相信的,北师高中
in vain,,,徒然，白费力气,北师高中
compulsory,kəmˈpʌlsərɪ,,a.强制性的，义务的,北师高中
at random,,,随便地，随意地,北师高中
gene-therapy,,,基因疗法,北师高中
threat,θrɛt,,n.威胁,北师高中
controversial,",kɑntrə'vɝʃl",,a.有争议的,北师高中
oppose,ə'poz,,vt.反对,北师高中
dash,dæʃ,,n.短跑,北师高中
marathon,"'mærə,θɑn",,n.马拉松赛跑,北师高中
contradict,'kɑntrə'dɪkt,,vt.与（其他事物）相矛盾,北师高中
violate,'vaɪəlet,,vt.违反，违背,北师高中
at all costs,,,不管多大代价，无论如何,北师高中
impulse,'ɪmpʌls,,n.脉冲,北师高中
complicated,'kɑmplɪketɪd,,a.复杂的,北师高中
miniature,ˈmɪniətʃɚ; ˈmɪnɪtʃɚ,,n.微型复制品,北师高中
soundtrack,'saʊndtræk,,n.声迹,北师高中
interpret,ɪn'tɝprɪt,,vt.翻译；解释,北师高中
identify,aɪ'dɛntɪfaɪ,,vt.确定；认出，识别,北师高中
emotion,ɪ'moʃən,,n.情感，情绪,北师高中
privileged,'prɪvəlɪdʒd,,a.荣幸的,北师高中
cater,'ketɚ,,vi.满足；迎合,北师高中
entry,'ɛntri,,n.进入；入学,北师高中
ample,'æmpl,,a.充足的，充裕的,北师高中
herb,ɝb,,n.草药,北师高中
scan,skæn,,n.扫描,北师高中
treat,trit,,vt.款待,北师高中
storage,'stɔrɪdʒ,,n.储存,北师高中
postpone,po'spon,,vt.推迟，延期,北师高中
straight away,,,立刻，马上,北师高中
epidemic,",ɛpɪ'dɛmɪk",,n.流行病,北师高中
cancer,'kænsɚ,,n.癌，癌症,北师高中
wipe out,,,彻底毁灭,北师高中
urban,'ɝbən,,a.城市的,北师高中
rebuild,",ri'bɪld",,vt.重建,北师高中
empire,'ɛmpaɪr,,n.帝国,北师高中
trial,'traɪəl,,n.实验,北师高中
prohibit,prə'hɪbɪt,,vt.禁止,北师高中
unite,ju'naɪt,,vt.联合；团结;统一,北师高中
pause,pɔz,,n.停顿；暂停,北师高中
acute,ə'kjut,,a.严重的；剧烈的,北师高中
statistics,stə'tɪstɪks,,n.统计资料；统计数字,北师高中
symptom,'sɪmptəm,,n.症状,北师高中
routine,rʊ'tin,,n.常规；惯例,北师高中
press.,prɛs,,n.新闻界；报界,北师高中
parallel,'pærəlɛl,,n.极相似之处；平行线,北师高中
tissue,'tɪʃu,,n.组织,北师高中
adaptation,",ædæp'teʃən",,n.变化；变种,北师高中
foresee,fɔr'si,,vt.预见,北师高中
mourn,mɔrn,,vi&vt.感到悲痛；表示哀悼,北师高中
carrier,'kærɪɚ,,n.带菌者,北师高中
prescription,prɪ'skrɪpʃən,,n.处方,北师高中
tablet,ˈtæblɪt,,n.药片,北师高中
underline,'ʌndəlaɪn,,vt.表明重要性；强调,北师高中
thorough,ˈθʌrəʊ; θʌro,,a.彻底的；细致的,北师高中
systematic,'sɪstə'mætɪk,,a.系统化的,北师高中
teamwork,'timwɝk,,n.协作；配合,北师高中
faith,feθ,,n.信心,北师高中
stop sth.in its tracks,,,终止；消灭,北师高中
pill,pɪl,,n.药丸，药片,北师高中
coma,'komə,,vi.（因严重疾病或重伤引起的）昏迷,北师高中
weekly,'wikli,,a.每周一次的,北师高中
temporary,ˈtempəreri,,a.临时的；短暂的,北师高中
numb,nʌm,,a.（思维、感觉、反应）麻木的,北师高中
sacred,'sekrɪd,,a.神圣的,北师高中
rob,rɑb,,vt.使丧失；抢劫,北师高中
terminal,tɝ​mənl,,a.致命的；晚期的,北师高中
helmet,'hɛlmɪt,,n.头盔；防护帽,北师高中
decline,dɪ'klaɪn,,vi.下降,北师高中
minimum,'mɪnɪməm,,n.最低；最小,北师高中
institution,",ɪnstɪ'tuʃən",,n.团体；公共机构,北师高中
unconditionally,",ʌnkən'diʃənəli",,ad.无条件地,北师高中
tentatively,'tɛntətɪvli,,ad.不完全地,北师高中
equip,ɪ'kwɪp,,vt.使有准备,北师高中
firm,fɝm,,n.商行，公司,北师高中
fortune,'fɔrtʃən,,"n.大笔钱财,巨款",北师高中
reverse,rɪ'vɝs,,vt.颠倒；改变,北师高中
rate,ret,,n.比率,北师高中
enquiry,"ɛnˈkwaɪri, ˈɛnkwəri",,n.询问,北师高中
deadline,ˈdedlaɪn,,n.截止日期，最后日期,北师高中
submit,səb'mɪt,,vt.提交,北师高中
appendix,ə'pɛndɪks,,n.附录,北师高中
extension,ɪk'stɛnʃən,,n.延期,北师高中
tractor,'træktɚ,,n.拖拉机,北师高中
jealous,'dʒɛləs,,a.嫉妒的,北师高中
spade,sped,,n.铲；锹,北师高中
aluminum,ə'lʊmɪnəm,,n.铝,北师高中
tin,tɪn,,n.罐,北师高中
concern,kən'sɝn,,n.担心；担忧,北师高中
vote,vot; voʊt,,vi.表决,北师高中
sceptical,'skeptikəl,,a.怀疑的,北师高中
belly,'bɛli,,n.肚子；腹部,北师高中
absurd,əbˈsɝ​d,,a.不合理的；荒谬的,北师高中
circumstance,ˈsɝ​kəmˌstəns,,n.情形；情况,北师高中
greenhouse effect,,,温室效应,北师高中
endanger,ɪn'dendʒɚ,,vt.危害,北师高中
trap,træp,,vt.使困住,北师高中
ecology,ɪ'kɑlədʒi,,n.生态,北师高中
botanical,bə'tænɪkl,,a.植物的,北师高中
a number of,,,一些,北师高中
consultant,kən'sʌltənt,,n.顾问,北师高中
brewery,'bruəri,,n.啤酒厂,北师高中
reserve,rɪ'zɝv,,n.保护区,北师高中
principle,'prɪnsəpl,,n.原则，道德准则,北师高中
boycott,'bɔɪkɑt,,n.（联合）抵制,北师高中
corrupt,kə'rʌpt,,a.贪污受贿的，腐败的,北师高中
conservation,",kɑnsɚ'veʃən",,n.保护,北师高中
consensus,kən'sɛnsəs,,n.一致的意见,北师高中
beyond,bɪ'jɑnd,,prep.超出,北师高中
claim,klem,,vt.声称,北师高中
look ahead,"'lukə,hed",,展望未来,北师高中
relevant,'rɛləvənt,,a.有关的,北师高中
refer to,,,指，意即,北师高中
in turn,,,依次,北师高中
lead to,,,引起，导致,北师高中
ray,re,,n.光线,北师高中
bounce,baʊns,,vi.反弹,北师高中
pin,pɪn,,vt.把责任加在（某人）身上,北师高中
agriculture,'æɡrɪkʌltʃɚ,,n.农业,北师高中
coincidence,ko'ɪnsɪdəns,,n.巧合,北师高中
condemn,kən'dɛm,,vt.迫使（某人）陷于不幸的境地,北师高中
drought,draʊt,,n.旱灾,北师高中
federal,'fɛdərəl,,a.联邦的,北师高中
reservation,",rɛzɚ'veʃən",,n.存疑；保留（意见）,北师高中
sacrifice,'sækrɪfaɪs,,vt&vi.牺牲；献出,北师高中
take action,,,采取行动,北师高中
advocate,ˈædvəkeɪt；-et,,vt.主张，提倡,北师高中
recycle,",ri'saɪkl",,vt.回收利用,北师高中
substitute,'sʌbstɪtut,,n.代替品，代用品,北师高中
threaten,'θrɛtn,,vt.威胁,北师高中
ahead of,,,在……前面,北师高中
pancake,'pænkek,,n.薄煎饼,北师高中
hurricane,ˈhɜːrəkeɪn,,n.飓风,北师高中
species,'spiʃiz,,n.（动植物的）物种,北师高中
leopard,'lɛpɚd,,n.豹,北师高中
crested ibis,,,n.朱鹮,北师高中
alligator,'æləˌɡetɚ,,n.短吻鳄,北师高中
extinct,ɪk'stɪŋkt,,"a.灭绝的,绝种的",北师高中
habitat,'hæbə'tæt,,n.栖息地,北师高中
tortoise,ˈtɔrtəs,,n.(陆)龟,北师高中
apart from,,,除……以外,北师高中
mainland,'menlænd,,n.大陆,北师高中
hook,hʊk,,n.钩子，钩,北师高中
answer for,,,(对已产生的不良后果)负责任,北师高中
seize,siz,,vt.依法没收；（用武力）夺取,北师高中
call for an end to sth.,,,要求结束……,北师高中
or else,,,否则，不然,北师高中
wrap up,,,结束,北师高中
behalf,bɪ'hæf,,n.代表,北师高中
for good,,,永远,北师高中
carry off,,,掠去，夺走,北师高中
Tibetan antelope,,,藏羚羊,北师高中
Tibet,tɪ'bɛt,,n.西藏,北师高中
fashionable,'fæʃnəbl,,a.流行的，时髦的,北师高中
enforce,ɪn'fɔrs,,vt.实施，执行,北师高中
all in all,,,总的来说,北师高中
orangutan,",ɔræŋ'ʊtæn",,n.猩猩,北师高中
landslide,'lændslaɪd,,n.滑坡，山崩,北师高中
tsunami,tsʊ'nɑmi,,n.海啸,北师高中
typhoon,taɪ'fʊn,,n.台风,北师高中
grand,ɡrænd,,a.巨大的,北师高中
scale,skel,,n.规模，范围,北师高中
changeable,'tʃendʒəbl,,a.多变的,北师高中
thunderstorm,'θʌndɚstɔrm,,n.雷暴，雷雨,北师高中
rainfall,'ren'fɔl,,n.降雨量,北师高中
irrigation,ˌɪrɪˈɡeʃn,,n.灌溉,北师高中
arm,ɑrm,,vt.武装,北师高中
result in,,,导致,北师高中
rough,rʌf,,a.艰难的,北师高中
quake,kwek,,n.地震,北师高中
offshore,",ɔf'ʃɔr",,a.在近海岸的,北师高中
catastrophe,kə'tæstrəfi,,n.巨大的灾难,北师高中
separation,",sɛpə'reʃən",,n.分离，分开,北师高中
means,minz,,n.方法，手段,北师高中
earn one's living,,,谋生,北师高中
construct,kən'strʌkt,,vt.建造,北师高中
clay,kle,,n.黏土,北师高中
brick,brɪk,,n.砖，砖块,北师高中
slip,slɪp,,vi.滑落,北师高中
slide,slaɪd,,"vi.（slid,slid）滑行",北师高中
mountainous,'maʊntənəs,,a.多山的,北师高中
howl,haʊl,,vi.咆哮，怒吼,北师高中
flee,fli,,"vt&vi.(fled,fled)逃走",北师高中
potential,pə'tɛnʃl,,n.可能性，潜在性,北师高中
dust,dʌst,,n.尘土，灰尘,北师高中
roll,rol,,vi.（平稳地）移动，滚动,北师高中
plug,plʌɡ,,vt.塞住,北师高中
quilt,kwɪlt,,n.被褥，被子,北师高中
cushion,'kʊʃən,,n.坐垫，靠垫,北师高中
industrialisation,"in,dʌstriəlai'zeiʃən",,n.工业化,北师高中
negative,'nɛɡətɪv,,a.消极的，负面的,北师高中
adopt,ə'dɑpt,,vt.采用；收养,北师高中
soundproof,'saʊndpruf,,a.隔音的,北师高中
rail,rel,,n.铁路,北师高中
warehouse,'wɛrhaʊs,,n.仓库,北师高中
considerate,kənˈsɪdərɪt,,a.想得周到的，体贴的,北师高中
all the best,,,祝一切顺利,北师高中
decibel,'dɛsɪbɛl,,n.分贝（音量单位）,北师高中
sum up,,,总结，概括,北师高中
as a matter of fact,,,"实际上,事实上",北师高中
finance,'faɪnæns,,n.资金,北师高中
allocate,'æləket,,vt.分配，配给,北师高中
politics,'pɑlətɪks,,n.政治（活动）,北师高中
fragile,'frædʒəl,,a.易毁的；脆弱的,北师高中
pest,pɛst,,n.有害的动物,北师高中
break away from,,,摆脱，脱离(某种思想体系、团体、组织),北师高中
sharpener,'ʃɑrpənɚ,,n.卷笔刀,北师高中
sharpen,'ʃɑrpən,,vt.削尖,北师高中
valid,'vælɪd,,a.有充分理由的,北师高中
evolution,ˌɛvəˈluʃən; (occas.) ˌ ivəˈluʃən,,n.（生物）进化,北师高中
trunk,trʌŋk,,n.象鼻,北师高中
tusk,tʌsk,,n.（象等动物的）长牙,北师高中
carve,kɑrv,,vt&vi.雕刻,北师高中
calculate,'kælkjulet,,vt.计算，算出,北师高中
cube,kjʊb,,n.立方体,北师高中
cubic,'kjubɪk,,a.立方的,北师高中
betray,bɪ'tre,,vt.出卖，背叛,北师高中
friction,'frɪkʃən,,n.不和，冲突,北师高中
hand over,"'hænd,əuvə(r)",,把……交给,北师高中
recipe,'rɛsəpi,,n.配方；食谱,北师高中
Muslim,ˈmʊzlɪm;ˈmʌzlɪm;ˈmʊzləm;ˈmʌzləm,,n.穆斯林，伊斯兰教信徒,北师高中
Catholic,kæθəlɪk,,a.天主教的,北师高中
holy,'holi,,a.圣洁的,北师高中
memorial,məˈmɔrɪəl,,n.纪念碑,北师高中
justice,'dʒʌstɪs,,n.公正，正义,北师高中
widow,'wɪdo,,n.寡妇，遗孀,北师高中
minister,'mɪnɪstɚ,,n.部长，大臣,北师高中
compromise,'kɑmprəmaɪz,,n.妥协，让步,北师高中
immigration,",ɪmɪ'ɡreʃən",,n.移民入境,北师高中
civilian,sə'vɪlɪən,,n.平民,北师高中
prejudice,'prɛdʒədɪs,,n.偏见,北师高中
racial,'reʃl,,a.种族之间的,北师高中
community,kəˈmjunətɪ,,n.社区,北师高中
drummer,'drʌmɚ,,n.鼓手,北师高中
bid goodbye,,,告别,北师高中
furnished,'fɝnɪʃt,,a.配有家具的,北师高中
bachelor,'bætʃəlɚ,,n.未婚男子，单身汉,北师高中
expose,ɪk'spoz；ek-,,vt.使置身于危险中；暴露,北师高中
alcoholic,",ælkə'hɔlɪk",,n.酗酒者，酒鬼,北师高中
adolescent,",ædə'lɛsnt",,a.青春期的 n.青少年,北师高中
council,'kaʊnsl,,n.委员会,北师高中
departure,dɪ'pɑrtʃɚ,,n.离开，离去,北师高中
lounge,laʊndʒ,,n.休息室,北师高中
suite,sut; swit,,n.套房,北师高中
classify,ˈklæsəˌfaɪ,,vt.把……分类,北师高中
maid,med,,n.女佣,北师高中
laundry,'lɔndri,,n.要洗的衣服；洗衣房,北师高中
tailor,'telɚ,,n.裁缝,北师高中
fortnight,'fɔrtnaɪt,,n.两星期,北师高中
in a flash,,,瞬间，即刻,北师高中
adolescence,",ædə'lɛsns",,n.青少年时期,北师高中
antique,æn'tik,,n.古董,北师高中
statesman,'stetsmən,,n.政治家,北师高中
bedding,'bɛdɪŋ,,n.床上用品,北师高中
bungalow,ˈbʌŋɡəˌlo,,n.平房,北师高中
smog,smɑːɡ,,n.烟雾,北师高中
stand up for,,,保护，维护,北师高中
rugby,'rʌɡbi,,n.橄榄球,北师高中
talk sth. over with sb.,,,与……详细讨论……,北师高中
put forward,,,提议，提出,北师高中
bakery,'bekəri,,n.面包店,北师高中
sneaker,'snikɚ,,n.运动鞋,北师高中
from then on,,,从那时起，以后,北师高中
give in,,,让步，屈服,北师高中
send for,,,派人去叫……,北师高中
subscribe,səb'skraɪb,,vi.订阅（杂志或报纸）,北师高中
call in,,,请（某人）,北师高中
appoint,ə'pɔɪnt,,vt.任命，委任,北师高中
union,'junɪən,,n.联合会，工会,北师高中
have a gift for,,,有……的天赋,北师高中
sculpture,'skʌlptʃɚ,,n.雕刻，雕塑,北师高中
pyramid,'pɪrəmɪd,,n.金字塔,北师高中
commercial,kə'mɝʃəl,,n.（电视）广告,北师高中
nutrition,nu'trɪʃən,,n.营养,北师高中
tip,tɪp,,n.有用的建议,北师高中
possession,pə'zɛʃən,,n.私有物品；拥有,北师高中
compass,'kʌmpəs,,n.指南针，罗盘,北师高中
allowance,ə'laʊəns,,n.零用钱；津贴,北师高中
criticise,"'kriti,saiz",,vt.批评,北师高中
contradict,'kɑntrə'dɪkt,,vt.反驳，纠正；与……矛盾,北师高中
sarcastic,sɑr'kæstɪk,,a.讽刺的,北师高中
hold out,,,（在困境中）坚持,北师高中
by and by,,,不久以后,北师高中
call on,,,要求……介入,北师高中
look down on,,,看不起……,北师高中
keep one’s word,,,遵守诺言,北师高中
come about,,,发生,北师高中
slavery,'slevəri,,n.奴隶制度,北师高中
oilfield,'ɔɪlfild,,n.油田,北师高中
security,sə'kjʊrəti,,n.安全,北师高中
ending,'ɛndɪŋ,,n.结局，结尾,北师高中
in surprise,,,吃惊地，惊奇地,北师高中
weep,wip,,"vt&vi.(wept,wept)哭泣，流泪",北师高中
shoot,ʃut,,"vt&vi.(shot,shot)射击；投篮；拍摄",北师高中
unconscious,ʌn'kɑnʃəs,,a.失去知觉的,北师高中
pile,paɪl,,n.堆,北师高中
frontier,frʌn'tɪr,,n.边境，边界,北师高中
trench,trɛntʃ,,n.沟，壕,北师高中
representative,'rɛprɪ'zɛntətɪv,,n.代表,北师高中
greet,ɡrit,,vt.问候，迎接，致意,北师高中
remark,rɪ'mɑrk,,vt.说起，谈到,北师高中
distribute,dɪ'strɪbjut,,vt.分发，分配,北师高中
consume,kənˈsum,,vt.喝；消费，消耗,北师高中
in peace,,,和平地,北师高中
bond,bɑnd,,n.盟约,北师高中
shot,ʃɑt,,n.射击，开枪,北师高中
ward,wɔrd,,n.病房,北师高中
scar,skɑr,,n.伤痕，伤疤,北师高中
surgeon,'sɝdʒən,,n.外科医生,北师高中
bandage,'bændɪdʒ,,n.绷带,北师高中
salute,sə'lut,,vt.向……致敬,北师高中
take sb.in one's arms,,,拥抱某人,北师高中
sob,sɑb,,vi.抽泣，呜咽,北师高中
swear,swɛr,,"vi.(swore,sworn)发誓",北师高中
acquaintance,ə'kwentəns,,n.相识的人；认识，交情,北师高中
westwards,'wɛstwɚdz,,ad.向西,北师高中
handful,"'hænd,fʊl",,n.少数，一些,北师高中
tank,tæŋk,,n.油箱；坦克,北师高中
firework,'faɪɚwɝk,,n.烟火，烟花,北师高中
greed,ɡrid,,n.贪心，贪婪,北师高中
import,'ɪmpɔt,,vt.进口,北师高中
sponsor,'spɑnsɚ,,vt.赞助,北师高中
strengthen,'strɛŋθn,,vt.（使）变强，加强,北师高中
the more...the more...,,,越……就越……,北师高中
despite,dɪ'spaɪt,,prep.不管,北师高中
stable,'stebl,,a.稳固的,北师高中
intend,ɪn'tɛnd,,vt.想要，打算,北师高中
draft,dræft,,vt.起草,北师高中
unfit,ʌn'fɪt,,a.不健壮的,北师高中
spray,spreɪ,,n.水花，浪花,北师高中
dam,dæm,,n.坝,北师高中
tram,træm,,n.有轨电车,北师高中
thermos,'θɝməs,,n.热水瓶，保温瓶,北师高中
expense,ɪk'spɛns,,n.费用，开支,北师高中
join up,,,参军,北师高中
daisy,'dezi,,n.雏菊,北师高中
Kaiser,'kaɪzɚ,,n.德国皇帝（1888-1918）,北师高中
tramp,træmp,,n.流浪者,北师高中
rope off,,,用绳围起（隔开）,北师高中
cabinet,ˈkæbənət,,n.内阁,北师高中
underpants,'ʌndɚ'pænts,,n.内衣裤,北师高中
arbitrary,ˈɑːrbətreri,,a.任意的,北师高中
theoretical,",θiə'rɛtɪkəl",,a.理论的,北师高中
communism,'kɑmjʊ'nɪzəm,,n.共产主义,北师高中
socialism,'soʃəlɪzəm,,n.社会主义,北师高中
communist,kɑmjʊnɪst,,n.共产主义者,北师高中
socialist,'soʃəlɪst,,n.社会主义者,北师高中
liberation,",lɪbə'reʃən",,n.解放,北师高中
possess,pə'zɛs,,vt.拥有,北师高中
bring sth. on sb.,,,给某人招来（不愉快的）事情,北师高中
look into,,,调查,北师高中
confidential,",kɑnfɪ'dɛnʃl",,a.秘密的,北师高中
sort out,,,解决（问题或困难）,北师高中
opening,'opənɪŋ,,n.一段空的时间,北师高中
homelessness,'homlɪsnɪs,,n.无家可归,北师高中
inequality,",ɪnɪ'kwɑləti",,n.不平等,北师高中
abortion,ə'bɔrʃən,,n.堕胎，人工流产,北师高中
household,'haʊshold,,n.一个家庭,北师高中
graph,ɡræf,,n.图表,北师高中
life expectancy,,,预期寿命,北师高中
voluntary,'vɑləntɛri,,a.自愿的,北师高中
abundant,ə'bʌndənt,,a.大量的,北师高中
consumer,kən'sumɚ,,n.消费者,北师高中
deposit,dɪ'pɑzɪt,,vt&vi.存储，储蓄,北师高中
currency,ˈkɜrənsi,,n.货币,北师高中
signature,'sɪgnətʃɚ,,n.签名,北师高中
taxpayer,"'tæks,peiə",,n.纳税人,北师高中
govern,'ɡʌvɚn,,vt.统治，管理,北师高中
accumulate,ə'kjumjəlet,,v.积累,北师高中
ownership,'onɚʃɪp,,n.所有权,北师高中
burden,'bɝdn,,"n.重担,负担",北师高中
rag,ræɡ,,n.破旧衣服,北师高中
vacant,'vekənt,,a.未住人的，空置的,北师高中
resistance,rɪ'zɪstəns,,n.反抗，抵制,北师高中
come into being,,,形成，存在,北师高中
adjustment,ə'dʒʌstmənt,,n.调整，调节,北师高中
diverse,daɪ'vɝs,,a.各种各样的,北师高中
grill,ɡrɪl,,n.烤架,北师高中
vice,vaɪs,,n.坏习惯，恶习,北师高中
mutton,'mʌtn,,n.羊肉,北师高中
wind sb. up,,,"故意惹恼(某人,尤指开玩笑）",北师高中
brunch,brʌntʃ,,n.早午餐,北师高中
buffet,bəˈfe; bʌfɪt,,n.自助餐,北师高中
bare,bɛr,,a.赤裸的,北师高中
pension,'pɛnʃən,,n.退休金，养老金,北师高中
resign,rɪ'zaɪn,,vt&vi.辞职,北师高中
pregnant,'prɛɡnənt,,a.怀孕的,北师高中
fingernail,'fɪŋɡɚnel,,n.手指甲,北师高中
hydrogen,'haɪdrədʒən,,n.氢,北师高中
format,'fɔrmæt,,n.格式,北师高中
choke,tʃok,,vi.窒息，噎住,北师高中
delete,dɪ'lit,,vt.删除,北师高中
shrink,ʃrɪŋk,,"vi.(shrank,shrank)（使）收缩，缩小",北师高中
Utopia,ju:'təupiə,,n.乌托邦，理想中的完美社会,北师高中
leisure,'liʒɚ,,n.闲暇，空闲,北师高中
virtue,'vɝtʃʊ,,n.优点，长处,北师高中
framework,'fremwɝk,,n.结构，构架,北师高中
show off,,,炫耀，夸耀,北师高中
feast,fist,,n.盛宴，宴会,北师高中
surplus,'sɝpləs,,n.盈余，剩余,北师高中
elect,ɪ'lɛkt,,vt.选举，推选,北师高中
merciful,'mɝsɪfl,,a.宽大的，仁慈的,北师高中
sow,so,,"vt&vi.(sowed,sown,sowed)播（种）",北师高中
roundabout,'raʊndəbaʊt,,n.环岛，环形交叉路口,北师高中
collision,kə'lɪʒən,,n.相撞；冲突,北师高中
knock into sb.,,,撞上某人,北师高中
weed,wid,,n.杂草，野草,北师高中
fountain,'faʊntn,,n.喷泉，喷水池,北师高中
paddle,'pædl,,vt&vi.划水；涉水,北师高中
wag,wæɡ,,vt.摇摆，摆动,北师高中
packet,'pækɪt,,n.小盒,北师高中
grocer,ɡrosɚ,,n.食品杂货商,北师高中
rot,rɑt,,vt&vi.腐烂,北师高中
league,lig,,n.联合会,北师高中
ministry,'mɪnɪstri,,n.部,北师高中
poster,'postɚ,,n.海报,北师高中
skip,skɪp,,vt.跳过,北师高中
edition,ɪ'dɪʃən,,n.版本,北师高中
alley,'æli,,n.胡同，小巷,北师高中
rectangular,rɛk'tæŋgjəlɚ,,a.长方形的,北师高中
mop,mɑp,,n.拖把,北师高中
fragrant,'fregrənt,,a.有香味的,北师高中
cast,kæst,,"vt.（cast,cast）投下",北师高中
turning point,,,转折点,北师高中
undertake,",ʌndɚ'tek",,"vt.(undertook,undertaken)着手做，从事",北师高中
preservation,",prɛzɚ'veʃən",,n.维护，保存,北师高中
squeeze,skwiz,,vt.挤,北师高中
arch,ɑrtʃ,,n.拱顶,北师高中
thirst,θɝst,,n.口渴,北师高中
container,kən'tenɚ,,n.容器,北师高中
relay,rɪ'le,,"vt.转达,转播；传送 n.接力赛",北师高中
spoonful,'spʊn'fʊl,,n.一匙之量,北师高中
robbery,'rɑbəri,,n.抢劫,北师高中
break into,,,闯入,北师高中
rape,rep,,n.强奸,北师高中
shoplifting,'ʃɑp'lɪftɪŋ,,n.在商店盗窃,北师高中
penalty,'pɛnəlti,,n.刑罚，惩罚,北师高中
fine,faɪn,,n.罚款,北师高中
sentence,'sɛntəns,,n.判决,北师高中
revenge,rɪ'vɛndʒ,,n.复仇，报复,北师高中
on principle,,,根据原则,北师高中
abolish,ə'bɑlɪʃ,,vt.废除,北师高中
sentence sb.to death,,,判某人死刑,北师高中
moreover,mɔr'ovɚ,,ad.再者，此外,北师高中
furthermore,",fɝðɚ'mɔr",,ad.此外，而且,北师高中
consequently,'kɑnsəkwɛntli,,ad.所以，因此,北师高中
anchor,'æŋkɚ,,n.锚,北师高中
seaweed,'si'wid,,n.海草，海藻,北师高中
swing,swɪŋ,,"vi.（swung,swung）摇动",北师高中
seagull,'siɡʌl,,n.海鸥,北师高中
spiritual,'spɪrɪtʃʊəl,,a.宗教的，教会的；精神的,北师高中
Buddhism,'bʊdɪzəm,,n.佛教,北师高中
prayer,prɛr,,n.祈祷，祷告,北师高中
merchant,'mɝtʃənt,,n.商人,北师高中
wax,waks,,n.蜡,北师高中
pan,pæn,,n.锅，平底锅,北师高中
semicircle,'sɛmɪsɝkl,,n.半圆（形）,北师高中
suck,sʌk,,vt.含在嘴里吮食,北师高中
globalisation,",gləubəlai'zeiʃən",,n.全球化，全球性,北师高中
race,res,,n.种族,北师高中
brand,brænd,,n.商标，牌子,北师高中
import,'ɪmpɔt,,vt.进口；输入；引进,北师高中
ethnic,'ɛθnɪk,,a.异国风情的；人种的，种族的,北师高中
non-native,,,a.非本国的，非本地的,北师高中
multinational,",mʌltɪ'næʃnəl",,a.跨国的，多国的,北师高中
investor,ɪn'vɛstɚ,,n.投资者,北师高中
multi-ethnic,,,a.多种族的,北师高中
emigration,",ɛmə'greʃən",,n.移民，移居,北师高中
immigration,",ɪmɪ'ɡreʃən",,n.外来的移民，移居入境,北师高中
clash,klæʃ,,n.冲突,北师高中
Americanisation,ə'merikəni'zeiʃən,,n.美国化,北师高中
deprive,dɪ'praɪv,,vt.剥夺，使丧失,北师高中
come to the fore,,,变得重要，有影响力,北师高中
subcontinent,",sʌb'kɑntɪnənt",,n.次大陆,北师高中
uniqueness,jʊ'niknɪs,,n.唯一性，独特性,北师高中
opposing,ə'pozɪŋ,,a.相反的，对立的,北师高中
pursue,pə'sʊ,,vt.追求，继续进行,北师高中
likewise,'laɪkwaɪz,,ad.同样地，也,北师高中
infectious,ɪn'fɛkʃəs,,a.有感染力的；传染病的,北师高中
billboard,'bɪlbɔrd,,n.告示板，广告牌,北师高中
youngster,'jʌŋstɚ,,n.年轻人，少年,北师高中
headset,'hɛd'sɛt,,n.耳机,北师高中
sip,sɪp,,vi.小口喝；抿,北师高中
multi-storey,",mʌlti'stɔ:ri",,a.多层的,北师高中
lane,len,,n.巷；（乡间）小路,北师高中
stroke,strok,,vt.抚摸,北师高中
episode,'ɛpɪsod,,n.(电视连续剧的)一集，一节,北师高中
high-rise,'hai'raiz,,a.高层建筑的,北师高中
unimaginable,",ʌnɪ'mædʒɪnəbl",,a.想不到的，不可思议的,北师高中
commonplace,'kɑmən'ples,,a.普通的，平凡的,北师高中
spare,spɛr,,a.多余的 vt.宽恕；腾出,北师高中
out of date,,,过时的，废弃的,北师高中
simplify,'sɪmplɪfaɪ,,vt.使简易，简明，简化,北师高中
controller,kən'trolɚ,,n.管理者，控制者，指挥者,北师高中
command,kə'mænd,,n.掌握,北师高中
Applied Linguistics,,,应用语言学,北师高中
subsequent,'sʌbsɪkwənt,,a.随后的，后来的,北师高中
implication,'ɪmplɪ'keʃən,,n.可能的影响；暗示,北师高中
intelligible,ɪn'tɛlɪdʒəbl,,a.明白易懂的,北师高中
conform,kən'fɔrm,,vi.符合，顺应；遵守,北师高中
Arabic,ˈærəbɪk,,a.阿拉伯的，阿拉伯人的,北师高中
legitimate,ləˈdʒɪtəmɪt,,a.合理的；合法的；正统的,北师高中
patronise,'peitrənaiz,,vt.以高人一等的态度对待；资助,北师高中
drawback,'drɔbæk,,n.缺点，障碍，困难,北师高中
consideration,"kən,sɪdə'reʃən",,n.考虑；体谅,北师高中
devise,dɪ'vaɪz,,vt.想出，设计，发明,北师高中
syllabus,'sɪləbəs,,n.教学大纲,北师高中
monolingual,",mɑnə'lɪŋɡwəl",,a.只用一种语言的,北师高中
mathematical,",mæθə'mætɪkl",,a.数学的,北师高中
spatial,'speʃl,,a.空间的,北师高中
geometry,dʒɪ'ɑmətri,,n.几何学,北师高中
score,skɔ,,n&vi.(游戏、比赛的)得分，评分,北师高中
fund,fʌnd,,n.资金，基金,北师高中
monetary,'mʌnɪtɛri,,a.货币的，金钱的,北师高中
annual,'ænjuəl,,a.每年的，一年一次的,北师高中
disperse,dɪ'spɝs,,vt.（使）散开，疏散,北师高中
marcher,'mɑːtʃə,,n.游行者，行进者,北师高中
cut off,,,切断，断绝,北师高中
Hindu,'hindu:; 'hin'du:,,a.印度人的，印度教的,北师高中
Maha Kumbh Mela,,,(印度每12年一次的)瓦罐庙会,北师高中
commemorate,kə'mɛməret,,vt.纪念,北师高中
mythological,",mɪθə'lɑdʒɪkl",,a.神话的；虚构的,北师高中
confer,kən'fɝ,,vt.授予（称号、学位等） vi.商谈，讨论,北师高中
immortality,",ɪmɔr'tæləti",,n.不朽，不朽的声名,北师高中
sadhu,'sɑdu,,n.印度教圣人,北师高中
simplicity,sɪm'plɪsəti,,n.简单，简易，朴素,北师高中
chariot,'tʃærɪət,,n.双轮马车,北师高中
pilgrim,'pɪlɡrɪm,,n.圣地朝拜者,北师高中
wipe away,,,擦去,北师高中
sin,sɪn,,n.罪，罪恶,北师高中
downpour,'daʊnpɔr,,n.倾盆大雨,北师高中
douse,daʊs,,vi.浇灭；浸泡,北师高中
bushfire,"'buʃ,faiə",,n.林区大火,北师高中
fortnight,'fɔrtnaɪt,,n.两星期,北师高中
evacuation,"ɪ,vækjʊ'eʃən",,n.撤退，撤出,北师高中
welfare,'wɛl'fɛr,,n.福利，福利事业,北师高中
telecom,'tɛlɪkɔm,,电信,北师高中
geographical,dʒɪə'græfɪkl,,a.地理的，地理学的,北师高中
boundary,'baʊndri,,n.分界线；边界,北师高中
highly,'haɪli,,ad.非常；极；高度地,北师高中
the World Wireless Forum,,,世界无线电话论坛,北师高中
mobility,mo'bɪləti,,n.活动性，灵活性，机动性,北师高中
freelancer,'frilænsɚ,,n.自由职业者,北师高中
migrant,'maɪɡrənt,,n.移居者；候鸟,北师高中
ownership,'onɚʃɪp,,n.所有权，所有制,北师高中
vague,veɡ,,a.含糊的，不清楚的,北师高中
countless,'kaʊntləs,,ad.无数的，数不尽的,北师高中
indispensable,'ɪndɪ'spɛnsəbl,,a.不可缺少的，绝对必要的,北师高中
long for,,,渴望,北师高中
relieved,rɪ'livd,,a.得到安慰的,北师高中
cross,krɔs,,a.生气的,北师高中
furious,'fjʊrɪəs,,a.狂怒的，暴怒的,北师高中
insecure,",ɪnsɪ'kjʊr",,a.不可靠的，不安全的,北师高中
shattered,'ʃætɚd,,a.感到震惊的，难过的，心烦意乱的,北师高中
disillusioned,",dɪsɪ'luʒnd",,a.不抱幻想的，理想破灭的,北师高中
let down,,,失望的,北师高中
satisfaction,",sætɪs'fækʃən",,n.满意，满足,北师高中
dread,drɛd,,n.恐惧，害怕，担心,北师高中
sprain,spren,,vi.扭伤,北师高中
disallow,",dɪsə'laʊ",,vt.不承认，不准许,北师高中
out of the blue,,,突然地,北师高中
intend,ɪn'tɛnd,,vt.想要，打算,北师高中
punchline,'pʌntʃlaɪn,,(故事、戏剧、笑话等中的)妙语，关键语,北师高中
grizzly,'grɪzli,,a.略灰色的，呈灰色的,北师高中
passion,'pæʃən,,n.激情，热情,北师高中
caveman,'keivmæn,,n.(史前石器时代的)穴居人,北师高中
playwright,'pleraɪt,,n.剧作家,北师高中
statesman,'stetsmən,,n.政治家，国务活动家,北师高中
habit-forming,"'hæbit,fɔ:miŋ",,成习惯性的，会上瘾的,北师高中
juggle,'dʒʌɡl,,v.杂耍,北师高中
packed,pækt,,a.挤满人的，拥挤的,北师高中
blazing,'blezɪŋ,,a.酷热的；炽热的,北师高中
hesitant,'hɛzɪtənt,,a.踌躇的，犹豫的,北师高中
squint,skwɪnt,,vi.眯着眼看，斜视,北师高中
wildly,'waɪldli,,ad.疯狂地，野蛮地,北师高中
bounce,baʊns,,vi.(球)跳起，弹回,北师高中
hop,hɑp,,vi.单脚跳,北师高中
limp,lɪmp,,vi.跛行，瘸着走,北师高中
mystified,,,a.被迷惑的，被神秘化的,北师高中
ashamed,ə'ʃemd,,a.惭愧的，羞耻的,北师高中
amusement,ə'mjuzmənt,,n.娱乐，消遣,北师高中
desperation,",dɛspə'reʃən",,n.绝望,北师高中
onwards,'ɑnwɚdz,,ad.向前地，在先地,北师高中
beg for,,,乞求,北师高中
messy,'mɛsi,,a.肮脏的，凌乱的，杂乱的,北师高中
retire,rɪ'taɪɚ,,vi.退休,北师高中
wit,wɪt,,n.智力，才智，智慧,北师高中
purse,pɝs,,n.钱包，皮包,北师高中
heartbroken,'hɑrtbrokən,,a.悲伤的，伤心的,北师高中
belongings,bə'lɔŋɪŋz,,n.财产，所有物,北师高中
chop,tʃɑp,,vt.砍，剁碎,北师高中
majesty,'mædʒəsti,,n.陛下,北师高中
sob,sɑb,,vi&n.呜咽，哭泣,北师高中
count,kaʊnt,,vt.数，计算,北师高中
sideboard,'saɪd'bɔrd,,n.餐具柜,北师高中
jester,'dʒɛstɚ,,n.讲笑话的人，小丑,北师高中
astonishment,ə'stɑnɪʃmənt,,n.惊讶,北师高中
carefree,'kɛrfri,,a.无忧无虑的,北师高中
camouflage,'kæmə'flɑʒ,,vt&n.伪装，掩饰,北师高中
shield,ʃild,,vt.保护，防御,北师高中
for sure,,,确实,北师高中
unforgettable,",ʌnfɚ'ɡɛtəbl",,a.令人难忘的,北师高中
cunning,'kʌnɪŋ,,a.奸诈的，狡猾的,北师高中
undo,ʌn'du,,vt.解开，打开,北师高中
collar,'kɑlɚ,,n.衣领,北师高中
unbutton,",ʌn'bʌtn",,vt.解开衣服的钮扣,北师高中
thread,θrɛd,,n.线，纱,北师高中
mutter,'mʌtɚ,,vt&vi.低声说出（生气或抱怨的话）,北师高中
undisturbed,",ʌndɪ'stɝbd",,a.未被干扰的,北师高中
stride,straɪd,,vi.大步行走,北师高中
presently,'prɛzntli,,ad.不久；目前,北师高中
shabby,ˈʃæbi,,a.破旧的，褴褛的,北师高中
promptly,'prɑmptli,,ad.敏捷地，迅速地,北师高中
tumble,'tʌmbl,,vi&n.摔倒，跌倒,北师高中
punch,pʌn(t)ʃ,,vt.用拳猛击,北师高中
astride,ə'straɪd,,ad.跨着,北师高中
pound,paʊnd,,vt&vi.(连续)猛击,北师高中
rage,redʒ,,n.愤怒，愤激,北师高中
relive,",ri'lɪv",,vt.重新体验,北师高中
good manners,,,礼貌,北师高中
disrespectful,"disri,spektful",,a.失礼的，无礼的,北师高中
revolting,rɪ'voltɪŋ,,a.令人厌恶的,北师高中
gentlemanly,'dʒent(ə)lmənlɪ,,a.绅士的，绅士似的,北师高中
unhygienic,",ʌnhai'dʒi:nik",,a.不卫生的，不清洁的,北师高中
unprofessional,",ʌnprə'fɛʃənl",,a.外行的，非职业的,北师高中
misinterpreted,'mɪsɪn'tɝprɪt,,a.曲解的，误解的,北师高中
drop in,,,顺便走访,北师高中
sneeze,sniz,,n.喷嚏 vi.打喷嚏,北师高中
curse,kɝs,,"n&vt.诅咒,咒骂",北师高中
context,'kɑntɛkst,,n.场合,北师高中
infuriate,ɪn'fjʊrɪet,,vt.激怒,北师高中
dispenser,dɪ'spɛnsɚ,,n.自动柜员机,北师高中
device,dɪ'vaɪs,,n.设备，仪器，装置,北师高中
disapprove,'dɪsə'prʊv,,vt.不赞成，不同意,北师高中
uneasy,ʌn'izi,,a.不自在的；心神不安的,北师高中
aural,'ɔrəl,,a.听觉的，听力的,北师高中
confusion,kən'fjʊʒən,,n.混乱，混淆,北师高中
standardisation,",stændədai'zeiʃən, -di'z-",,n.标准化,北师高中
be supposed to,,,应该,北师高中
awkwardness,'ɔ:kwədnis,,n.尴尬；笨拙,北师高中
overdue,ovɚ'du,,a.早该完成的,北师高中
liar,'laɪɚ,,n.说谎者,北师高中
dialect,'daɪə'lɛkt,,n.方言，土语,北师高中
spinach,'spɪnɪtʃ,,n.菠菜,北师高中
excessive,ɪkˈsɛsɪv,,a.过分的,北师高中
undivided,",ʌndɪ'vaɪdɪd",,a.完整的；未分开的,北师高中
go into details,,,详述，逐一细说,北师高中
display,dɪ'sple,,vt.陈列，展览，显示,北师高中
put sb. down,,,羞辱,北师高中
make light of,,,轻视，忽略,北师高中
dumbness,'dʌmnis,,n.无言，沉默,北师高中
get one's mind off,,,转移某人的注意力，忘掉,北师高中
tactful,'tæktfl,,a.圆通的；得体的,北师高中
straightforward,",stret'fɔrwɚd",,a.坦率的，直截了当的,北师高中
opinionated,ə'pɪnjənetɪd,,a.固执己见的,北师高中
obligation,",ɑblɪ'ɡeʃən",,n.义务，职责，责任,北师高中
necessity,nə'sɛsəti,,n.需要，必需，必要,北师高中
inappropriate,'ɪnə'proprɪət,,a.不合宜的，不适当的,北师高中
voice mail,,,语音信箱,北师高中
funeral,'fjunərəl,,n.葬礼，出殡,北师高中
punctual,'pʌŋtʃʊəl,,a.严守时刻的，准时的,北师高中
the other night,,,前两天夜里，不久前的某个夜里,北师高中
calm down,,,平静下来，镇定下来,北师高中
socialise,'səuʃəlaiz,,vi.交友，交谊,北师高中
stumble,'stʌmbl,,vi.结结巴巴地说（或念）；绊倒,北师高中
dry up,,,停止谈话；使干枯,北师高中
be unsure of,,,不确定，不肯定,北师高中
status,ˈstetəs,,n.身份，地位,北师高中
interrogation,"ɪn,tɛrə'geʃən",,n.讯问，审问，质问,北师高中
tempt,tɛmpt,,vt.诱使,北师高中
unclear,",ʌn'klɪr",,a.不清楚的，难懂的,北师高中
summarise,'sʌməraiz,,vt.概述，总结,北师高中
restate,",ri'stet",,vt.重新叙述，重申,北师高中
look sb.in the eye,,,正视某人,北师高中
distract,dɪ'strækt,,vt.使……注意力转移，使分心,北师高中
over-emotional,,,a.过于激动的；过于敏感的,北师高中
charm,tʃɑrm,,n.魅力,北师高中
unconsciously,ʌn'kɑnʃəsli,,ad.无意地，不知不觉地,北师高中
come across,,,偶遇，碰到,北师高中
get across,,,被理解，使人了解,北师高中
resent,rɪ'zɛnt,,vt.不满；憎恶,北师高中
defensive,dɪ'fɛnsɪv,,a.有戒心的，自卫的,北师高中
washed,wɔʃt,,out 非常疲倦的,北师高中
flatmate,"'flæt,meit",,n.公寓室友,北师高中
protective,prə'tɛktɪv,,a.保护的，防护的,北师高中
hint,hɪnt,,n.暗示，提示,北师高中
spoil,spɔɪl,,vt.宠坏；破坏,北师高中
drop out,,,退出（比赛、俱乐部、学校）,北师高中
sack,sæk,,vt.开除，解雇,北师高中
fly off the handle,,,(为不太重要的事)大发雷霆,北师高中
explosive,ɪk'splosɪv; ɪk'splozɪv,,a.激增的，爆发（性）的,北师高中
conversational,",kɑnvɚ'seʃənl",,a.口语的，谈话的,北师高中
concise,kən'saɪs,,a.简明的，简练的,北师高中
courteous,'kɝtɪəs,,a.有礼貌的；谦恭的,北师高中
overuse,'ovə'jʊs,,vt&n.使用过度,北师高中
cliché,,,n.陈词滥调,北师高中
punctuation,'pʌŋktʃʊ'eʃən,,n.标点，标点符号,北师高中
courtesy,'kɝtəsi,,n.礼貌；谦恭,北师高中
sign-off,'saɪnɔf,,n.结束写信；结束广播节目,北师高中
neglect,nɪ'glɛkt,,vt&n.忽视，疏忽,北师高中
for the sake of,,,为……的缘故,北师高中
recipient,rɪ'sɪpɪənt,,n.接受者,北师高中
annoyance,ə'nɔɪəns,,n.可厌之事；烦恼,北师高中
abbreviation,əˌbrivɪ'eʃən,,n.缩写，缩写词,北师高中
as far as,,,至于,北师高中
overdo,'ovɚ'dʊ,,vt.过度，做得过分,北师高中
oblivious,ə'blɪvɪəs,,a.未觉察到的,北师高中
dispatch,dɪ'spætʃ,,vt&n.发送，派遣,北师高中
in accordance with,,,按照，依照,北师高中
herewith,'hɪr'wɪð; 'hɪr'wɪθ,,ad.随同此信,北师高中
sum,sʌm,,n.金额；总数,北师高中
print,prɪnt,,vt&vi.印刷，出版,北师高中
dinosaur,ˈdaɪnəˌsɔr,,n.恐龙,北师高中
endeavour,ɪndɛvəʳ,,n.尽力，竭力,北师高中
retail,'ritel,,vi&n.零售,北师高中
outlet,'aʊtlɛt,,n.批发商店，经销公司,北师高中
uncooperative,",ʌnko'ɑpərətɪv",,a.不合作的，不配合的,北师高中
reluctant,rɪ'lʌktənt,,a.勉强的，不愿意的,北师高中
nuisance,'nusns,,n.讨厌或麻烦的人、事、情况,北师高中
aisle,aɪl,,n.走廊，过道,北师高中
choke,tʃok,,vi&vt.使窒息，使不能呼吸,北师高中
ineffective,",ɪnɪ'fɛktɪv",,a.无效的,北师高中
oasis,o'esɪs,,n.(沙漠中的)绿洲,北师高中
numerous,'numərəs,,a.许多的，数目众多的,北师高中
tailor made,,,a.定制的，为……特制的,北师高中
place an order,,,向……定购某物,北师高中
mar,mɑr,,vt.破坏，损伤,北师高中
litterbug,'lɪtəbʌg,,n.在街道或公共场所乱丢垃圾的人,北师高中
efficiency,ɪˈfɪʃənsɪ,,n.效率，功效,北师高中
pothole,'pɑthol,,n.坑洼,北师高中
install,ɪn'stɔl,,vt.安装，安置,北师高中
payoff,"'pe,ɔf",,n.发工资,北师高中
jail,dʒel,,n.监狱,北师高中
civil,'sɪvl,,a.公民的，国民的,北师高中
tag,tæɡ,,n.标签,北师高中
auction,'ɔkʃən,,n&vt.拍卖,北师高中
plaster,'plæstɚ,,vt.涂抹，抹灰,北师高中
outnumber,'aʊt'nʌmbɚ,,vt.数目超过，比……多,北师高中
slingshot,'slɪŋʃɑt,,n.弹弓,北师高中
violation,",vaɪə'leʃən",,n.违反，违背，妨碍，侵害,北师高中
chime,tʃaɪm,,n.铃声；钟声,北师高中
back up,,,支持，援助,北师高中
publicity,pʌb'lɪsəti,,n.宣传,北师高中
slogan,'slogən,,n.口号，标语,北师高中
antispit,,,vi.反吐痰,北师高中
distribution,'dɪstrə'bjʊʃən,,n.分配，分发,北师高中
pamphlet,ˈpæmflɪt,,n.小册子,北师高中
poster,'postɚ,,n.海报，招贴,北师高中
strip,strɪp,,n.(报刊上的)连环画,北师高中
contest,kən'tɛst,,n.比赛，竞争,北师高中
liveable,'lɪvəbl,,a.适于居住的，可住的,北师高中
flush,flʌʃ,,vi&vt.冲洗，冲刷,北师高中
enact,ɪ'nækt,,vt.将……制定成法律,北师高中
inspector,ɪn'spɛktɚ,,n.检查员，巡视员,北师高中
intrude,ɪn'trʊd,,vt.闯入，强行进入,北师高中
consciousness,'kɑnʃəsnəs,,n.意识，知觉,北师高中
norm,nɔrm,,n.标准，规范,北师高中
weight-training,,,举重运动,北师高中
body-building,"'bɔdi,bildiŋ",,健身运动,北师高中
come down with,,,染上(病),北师高中
acupressure,'ækjuprɛʃɚ,,n.指压按摩（疗法）,北师高中
massage,mə'sɑʒ,,n& vi.按摩,北师高中
prone,pron,,a.易于发生（不愉快事）的,北师高中
picky,'pɪki,,a.好挑剔的,北师高中
out of breath,,,上气不接下气的,北师高中
stress sb. out,,,使某人紧张、焦虑,北师高中
lose one's appetite,,,没有食欲,北师高中
acupuncture,'ækjupʌŋktʃɚ,,n.针灸,北师高中
well-liked,'wel'laikt,,a.漂亮的,北师高中
sleepless,'slipləs,,a.失眠的,北师高中
laid-back,'leidbæk,,a.自在的，从容的,北师高中
forgetfulness,fə'getfəlnis,,n.健忘,北师高中
stress-reducing,,,a.减轻压力的,北师高中
energise,'enədʒaiz,,vt.激励，激发,北师高中
disorganisation,"dis,ɔ:ɡənai-'zeiʃən, -ni'z-",,n.计划不周，混乱,北师高中
unreasonable,ʌn'riznəbl,,a.不合理的，不讲道理的,北师高中
achievable,ə'tʃivəbl,,a.可完成的，可有成就的,北师高中
credit,'krɛdɪt,,n.赞扬，荣誉，功劳,北师高中
yoga,'joɡə,,n.瑜伽，瑜伽术,北师高中
relieve,rɪ'liv,,vt.减轻，解除,北师高中
muscle,'mʌsl,,n.肌肉,北师高中
unblock,'ʌn'blɑk,,vt.除去障碍,北师高中
filter,'fɪltɚ,,vt&vi.过滤,北师高中
peacefulness,'pi:sfulnis,,n.和平，平静，安宁,北师高中
soothing,'sʊðɪŋ,,a.抚慰的，使人宽心的,北师高中
unwanted,",ʌn'wɔntid",,a.不必要的，多余的,北师高中
overflow,",ovɚ'flo",,vt.（使）泛滥，（使）溢出,北师高中
visualise,'vizjuəlaiz,,vt.使显现，使形象化,北师高中
smooth,smʊð,,a.平滑的，平坦的，平稳的,北师高中
ruffle,'rʌfl,,vt.扰乱，使烦恼,北师高中
drain,dren,,vi.排出，流掉,北师高中
facilitator,fə'siliteitə,,n.促进者，推动者,北师高中
impractical,ɪm'præktɪkl,,a.不切实际的，不现实的,北师高中
infinite,'ɪnfɪnət,,a.无穷的，无限的,北师高中
rumble,'rʌmbl,,n.隆隆声，辘辘声，吵嚷声,北师高中
clutter,'klʌtɚ,,n.混乱,北师高中
dispose,dɪ'spoz,,vi.处理（尤指难处理的东西）,北师高中
herbal,'ɝbl,,a.草药的,北师高中
organic,ɔr'gænɪk,,a.有机的；器官的,北师高中
desktop,'dɛsk'tɑp,,n.台式电脑,北师高中
icepack,,,n.冰袋,北师高中
balmy,'bɑmi,,a.温和的，令人愉快的,北师高中
bearable,'bɛrəbl,,a.可忍受的，支持得住的,北师高中
mauve,mov,,a.紫红色的,北师高中
bathe,beð,,vt.沐浴，洗,北师高中
break through,,,突围，突破,北师高中
obese,o'bis,,a.肥胖的，肥大的,北师高中
excess,'ɛk'sɛs,,a.过度的，额外的,北师高中
naive,naɪ'iv,,a.天真的,北师高中
exceptional,ɪk'sɛpʃənl,,a.杰出的；不寻常的,北师高中
poll,pol,,n.投票，民意测验,北师高中
finalist,'faɪnəlɪst,,n.参加决赛的选手,北师高中
endure,ɪn'dʊr,,vt&vi.忍耐，忍受,北师高中
refuge,'rɛfjʊdʒ,,n.避难处，藏身处,北师高中
overrun,'ovərʌn,,vt.泛滥；横行,北师高中
teenage,'ti:neidʒ,,a.十几岁的,北师高中
gang,ɡæŋ,,n.(一)伙，（一）群,北师高中
courageous,kə'redʒəs,,a.勇敢的，有胆量的,北师高中
ex-gangster,,,n.有前科的歹徒，强盗,北师高中
dealer,'dilɚ,,n.经销商，商人,北师高中
coexist,",koɪɡ'zɪst",,vi.共存,北师高中
disarm,dɪs'ɑrm,,vt&vi.解除武装，放下武器,北师高中
sandbank,'sændbæŋk,,n.沙洲，沙丘,北师高中
incoming,'ɪnkʌmɪŋ,,a.正到达的，正来临的,北师高中
tide,taɪd,,n.潮，潮汐；潮流,北师高中
coastguard,'kəustga:d,,n.海岸警卫队，水上警察,北师高中
quicksand,'kwɪksænd,,n.流沙,北师高中
wade,wed,,vi&vt.趟水，涉水,北师高中
prompt,prɑmpt,,a.敏捷的，迅速的,北师高中
nominee,",nɑmɪ'ni",,n.被提名者，被推荐者,北师高中
layout,'leaʊt,,n.(文章的)版式，版面设计,北师高中
prose,proz,,n.散文,北师高中
illustration,",ɪlə'streʃən",,n.插图，图解,北师高中
individualised,",indi'viduəlaiz, -dʒu-",,a.个性化的,北师高中
qualified,'kwɑlə'faɪd,,a.有资格的，合格的,北师高中
ease,iz,,vt.使顺利,北师高中
gently,'dʒɛntli,,ad.和缓地；轻轻地,北师高中
dietary,"'daɪə,tɛri",,a.饭食的 n.规定的食物,北师高中
aerobics,ɛ'robɪks,,n.有氧运动法，增氧健身法,北师高中
physiotherapy,",fɪzɪo'θɛrəpi",,n.物理疗法,北师高中
sauna,'sɔnə,,n.桑拿浴，蒸汽浴,北师高中
refreshment,ri'frɛʃmənt,,n.精力恢复,北师高中
membership,'mɛmbɚʃɪp,,n.成员资格，会员资格,北师高中
counsel,'kaʊnsl,,vt.劝告，忠告,北师高中
clinical,'klɪnɪkl,,a.临床的，病房用的,北师高中
consultation,",kɑnsl'teʃən",,n.（专业人士的）建议；咨询,北师高中
adore,ə'dɔr,,vt.喜爱；崇拜,北师高中
harsh,hɑrʃ,,a.无情的；粗糙的,北师高中
distress,dɪ'strɛs,,vt.使痛苦，使忧伤,北师高中
meow,mɪ'aʊ,,n.猫叫声 vi.猫叫,北师高中
innermost,'ɪnɚmost,,a.内心的；最里面的,北师高中
chase,tʃeɪs,,n&vt.追赶，追逐,北师高中
trigger,'trɪɡɚ,,vt.引发，引起，触发,北师高中
exasperate,ɪɡ'zæspəret,,vt.激怒，触怒,北师高中
derange,di'reindʒ,,vt.使错乱，扰乱,北师高中
prescribe,prɪ'skraɪb,,vt& vi.开药方，处方,北师高中
sibling,'sɪblɪŋ,,n.兄弟，姐妹，同胞,北师高中
companionship,kəm'pænjən'ʃɪp,,n.友谊，交谊,北师高中
psychologically,saɪkə'lɑdʒɪkli,,ad.心理上地,北师高中
tertiary,'tɝʃɪ'ɛri,,a.第三级的,北师高中
undergraduate,",ʌndɚ'ɡrædʒuət",,n.大学生,北师高中
vocational,vo'keʃənl,,a.职业的,北师高中
zoology,"zəu'ɔlədʒi, zu:-",,n.动物学,北师高中
gown,ɡaʊn,,n.长袍，礼服,北师高中
prestigious,prɛ'stɪdʒəs,,a.享有声望的,北师高中
interconnect,",ɪntɚkə'nɛkt",,vt.使互相连接,北师高中
postgraduate,post'ɡrædjet,,n.研究生,北师高中
secondary,'sɛkəndɛri,,a.中等教育的；次要的,北师高中
fountain,'faʊntn,,n.泉水，喷泉,北师高中
refresher course,,,进修课程,北师高中
myth,mɪθ,,n.神话，虚构的故事,北师高中
toddler,'tɑdlɚ,,n.初学走路的孩子,北师高中
inheritance,ɪn'hɛrɪtəns,,n.遗传，遗产,北师高中
inability,",ɪnə'bɪləti",,n.无能,北师高中
dubious,'dubɪəs,,a.可疑的，不确定的,北师高中
derive,dɪ'raɪv,,vt&vi.得到，获得；起源,北师高中
sustain,sə'sten,,vt.长期保持,北师高中
questionnaire,ˌkwɛstʃənˈɛr,,n.调查表，问卷,北师高中
subject,ˈsʌbdʒɪkt;(for adj.)ˈsʌbdʒɪkt;(for v.)səbˈdʒɛkt,,vt.使遭受（某种经历）,北师高中
agility,ə'dʒiləti,,n.敏捷，活泼,北师高中
significantly,sɪg'nɪfɪkəntli,,ad.意味深长地，值得注目地,北师高中
nocturnal,nɑk'tɝnl,,a.夜间发生的,北师高中
predator,'prɛdətɚ,,n.食肉动物,北师高中
pushy,'pʊʃi,,a.执意强求的；死缠硬磨的,北师高中
overstimulate,,,vt.过度刺激，过度激励,北师高中
self-esteem,ˌsɛlfəˈstim,,n.自尊,北师高中
rife,raɪf,,a.普遍的,北师高中
expectant,ɪk'spɛktənt,,a.期待的，预期的,北师高中
self respect,,,n.自尊，自重,北师高中
enrolment,ɪn'rolmənt,,n.入学，登记,北师高中
plethora,'plɛθərə,,n.过多，过剩,北师高中
arithmetic,ə'rɪθmətɪk,,n.算术，算法,北师高中
psychiatric,",saɪkɪ'ætrɪk",,a.精神病学的，精神病治疗的,北师高中
Dutch,dʌtʃ,,a.荷兰的，荷兰人的,北师高中
beset,bɪ'sɛt,,vt.困扰,北师高中
interact,",ɪntɚ'ækt",,vi.交流；交往；互相作用,北师高中
peer,pɪr,,n.同龄人，同辈,北师高中
internalise,in'tə:nəlaiz,,vt.使……内在化,北师高中
speculate,'spɛkjə'let,,vt.推测,北师高中
psychiatrist,saɪ'kaɪətrɪst,,n.精神病医师，精神病学家,北师高中
idiot,'ɪdɪət,,n.白痴，傻瓜,北师高中
savant,sæ'vɑnt,,n.博学之士,北师高中
depict,dɪ'pɪkt,,vt.描述，描写,北师高中
conscious,'kɑnʃəs,,a.有意识的，有知觉的,北师高中
zap,zæp,,vt.毁坏；打击；快速度换频道,北师高中
zapper,'zæpə,,n.遥控器；灭杀器,北师高中
magnetic,mæg'nɛtɪk,,a.磁的，有磁性的,北师高中
stimulation,ˌstɪmjʊ'leʃn,,n.刺激；激励；鼓舞,北师高中
recruit,rɪ'krut,,vt&vi.劝说；招聘,北师高中
inactivity,",ɪnæk'tɪvəti",,n.静止，休止状态,北师高中
citizenship,'sɪtɪzənʃɪp,,n.公民权利，公民身份,北师高中
cookery,'kukəri,,n.烹调术,北师高中
DIY,",di: ai 'wai",,abbr.自己动手做,北师高中
incompetent,ɪn'kɑmpɪtənt,,a.不合格的，不胜任的,北师高中
assembly,ə'sɛmbli,,n.集会,北师高中
fundamentally,",fʌndə'mɛntəli",,ad.根本上，基本上,北师高中
flourish,ˈflɜːrɪʃ,,vi&vt.繁荣；兴旺；茁壮成长,北师高中
undue,",ʌn'du",,a.不适当的,北师高中
essentially,ɪ'sɛnʃəli,,ad.本质上，本来,北师高中
empathy,'ɛmpəθi,,n.同情，同感,北师高中
tolerance,'tɑlərəns,,n.宽容，忍受，容忍,北师高中
viewpoint,'vjupɔɪnt,,n.观点,北师高中
weave,wiv,,vt.编；织；编造,北师高中
overt,o'vɝt,,a.明显的，公然的,北师高中
interpersonal,'ɪntɚ'pɝsnl,,a.人与人之间的,北师高中
entity,'ɛntəti,,n.独立存在体,北师高中
interteam,,,a.团队间的,北师高中
intolerance,ɪn'tɑlərəns,,n.不能容忍,北师高中
homophobia,'homə'fobɪə,,n.对同性恋的憎恶,北师高中
sexism,'sɛk'sɪzəm,,n.性别歧视,北师高中
expertise,'ɛkspɝ'tiz,,n.专门技能（知识）,北师高中
articulate,ɑr'tɪkjulet,,vt.清晰地表达,北师高中
tickle,'tɪkl,,vt.使发痒,北师高中
intake,'ɪn'tek,,n.吸气,北师高中
nostril,'nɑstrəl,,n.鼻孔,北师高中
seal,sil,,vt.封，密封,北师高中
chin,tʃɪn,,n.下巴，下颚,北师高中
resuscitate,rɪ'sʌsɪtet,,vt.使恢复知觉；使苏醒,北师高中
self-preservation,"'self,prezə'veiʃən",,自卫本能,北师高中
irreparable,ɪ'rɛpərəbl,,a.不能挽回的,北师高中
straighten,'stretn,,vt.(使)弄直，伸直,北师高中
pinch,pɪntʃ,,v.捏，拧，掐,北师高中
exhale,ɛks'hel,,vi.呼气,北师高中
cardiac,'kɑrdɪæk,,a.心脏的,北师高中
irrelevant,ɪ'rɛləvənt,,a.不相关的，不切题的,北师高中
literacy,'lɪtərəsi,,n.读写能力,北师高中
performance-related pay,,,与工作表现挂钩的工资,北师高中
cramming,,,n.填鸭式教学,北师高中
mockery,'mɑkəri,,n.嘲笑,北师高中
tuition,tʊ'ɪʃən,,n.学费,北师高中
chatty,'tʃæti,,a.饶舌的，爱讲闲话的,北师高中
grumpy,'ɡrʌmpi,,a.脾气坏的，性情乖戾的,北师高中
irritable,'ɪrɪtəbl,,a.易怒的，急躁的,北师高中
fussy,'fʌsi,,a.爱挑剔的，过于讲究的，难以取悦的,北师高中
sulk,sʌlk,,vi.生闷气，愠怒,北师高中
breezy,'brizi,,a.有微风的,北师高中
loathe,loð,,vt.厌恶，憎恨,北师高中
growl,ɡraʊl,,vi.发牢骚地说,北师高中
tidiness,'taidinis,,n.整齐，整洁,北师高中
fanatically,fə'nætikəli,,ad.（对某种事物或活动）入迷地,北师高中
tut,tʌt,,vi.啧啧（表示不赞同）,北师高中
moan,mon,,vi& n.抱怨；呻吟，呜咽,北师高中
drive sb.mad,,,使……发疯,北师高中
despise,dɪ'spaɪz,,vt.鄙视,北师高中
intrude,ɪn'trʊd,,vt.打扰，干涉，侵扰,北师高中
extrovert,",ɛkstrə'vɝt",,n.性格外向者,北师高中
pry,praɪ,,vi.探查,北师高中
suspicious,sə'spɪʃəs,,a.可疑的，怀疑的,北师高中
childishly,'tʃaildiʃli,,ad.天真地，幼稚地,北师高中
go against,,,反对，违反,北师高中
shipwreck,'ʃɪprɛk,,n.海难，船只失事 vt.使遭海难,北师高中
cameraman,'kæmrəmən,,n.照相师，摄影师,北师高中
call for,,,需要，要求,北师高中
shortlist,'ʃɔ:tlist,,n.(从初选名单再筛选出的)决选名单,北师高中
bear in mind,,,记住,北师高中
rating,'retɪŋ,,n.(电影、电视节目的)排行榜,北师高中
prime,praɪm,,a.最重要的，首要的,北师高中
stiff,stɪf,,a.艰难的；严厉的,北师高中
irresponsible,",ɪrɪ'spɑnsəbl",,a.不负责任的，不可靠的,北师高中
swimsuit,ˈswɪmˌsut,,n.(女)游泳衣,北师高中
interaction,",ɪntə'rækʃən",,n.交互作用，互动,北师高中
overbearing,",ovɚ'bɛrɪŋ",,a.专横的，飞扬跋扈的,北师高中
loner,'lonɚ,,n.孤独的人，喜欢独处的人,北师高中
upgrade,",ʌp'ɡred",,vt.提高级别，提升,北师高中
distracted,dɪ'stræktɪd,,a.心烦意乱的,北师高中
campus,'kæmpəs,,n.大学校园,北师高中
pros and cons,,,赞成与反对,北师高中
make use of,meɪk juːz əv,,利用,北师高中
meet up with,,,偶遇,北师高中
powder,'paʊdɚ,,n.粉，粉末,北师高中
untidy,ʌn'taɪdi,,a.不整洁的，凌乱的,北师高中
hassle,'hæsl,,vt&vi.烦扰，不断打扰,北师高中
unfriendly,ʌn'frɛndli,,ad.不友善地，不利地,北师高中
rejection,rɪ'dʒɛkʃən,,n.拒绝,北师高中
reassurance,",riə'ʃʊrəns",,n.放心,北师高中
frustration,frʌ'streʃən,,n.挫折，受挫,北师高中
enormous,ɪ'nɔrməs,,a.巨大的，庞大的,北师高中
unhappiness,ʌn'hæpinis,,n.忧愁，苦恼,北师高中
overhear,",ovɚ'hɪr",,vt.无意中听到，偷听,北师高中
rumour,'ru:mə,,n.谣言，传闻,北师高中
turn against,,,(使)与……为敌,北师高中
syndrome,'sɪndrəm,,n.综合病症,北师高中
swing,swɪŋ,,n&vi.摇摆，摆动,北师高中
hormonal,hɔr'monl,,a.荷尔蒙的，激素的,北师高中
on the heels of,,,紧接着,北师高中
conception,kən'sɛpʃən,,n.构思；理解；怀孕,北师高中
endurance,ɪn'dʊrəns,,n.忍耐（力），持久（力），耐久（性）,北师高中
gender,'dʒɛndɚ,,n.性别，性,北师高中
roughly,'rʌfli,,ad.概略地，粗糙地,北师高中
hip,hɪp,,n.臀部,北师高中
cosmetic,kɑz'mɛtɪk,,n.化妆品,北师高中
client,'klaɪənt,,n.顾客，客户,北师高中
youthful,'juθfl,,a.年轻的，青年的,北师高中
anthropologist,",ænθrə'pɑlədʒɪst",,n.人类学家,北师高中
outstrip,",aʊt'strɪp",,vt.超过,北师高中
antisocial,'æntɪ'soʃəl,,a.反社会的,北师高中
susceptible,sə'sɛptəbl,,a.易受影响的,北师高中
infectious,ɪn'fɛkʃəs,,a.易传染的,北师高中
side effect,,,(药物等的)副作用,北师高中
bowel,'baʊəl,,n.肠，内部,北师高中
motherhood,'mʌðɚhʊd,,n.母性；母亲身份,北师高中
evolve,ɪ'vɑlv,,vt&vi.发展,北师高中
rear,rɪr,,vt&vi.培养，饲养,北师高中
parenthood,'pɛrənthʊd,,n.父母身份,北师高中
spacious,'speʃəs,,a.宽敞的,北师高中
airy,'ɛri,,a.通风的,北师高中
outfit,'aʊtfɪt,,n.（尤指供特殊场合用的）一套衣服,北师高中
manly,'mænli,,a.有男子汉气概的，适合男人的,北师高中
fabric,'fæbrɪk,,n.编织品，织物,北师高中
individuality,",ɪndɪ,vɪdʒu'æləti",,n.个性,北师高中
reflective,rɪ'flɛktɪv,,a.（表面）反光的,北师高中
underneath,",ʌndɚ'niθ",,prep.在下面,北师高中
obscene,əb'sin,,a.淫秽的，猥亵的,北师高中
cuddly,'kʌdli,,a.不由得想搂抱的，可爱的,北师高中
biographical,",baɪə'græfɪkl",,a.传记的,北师高中
tactical,'tæktɪkl,,a.战术上的，策略性的,北师高中
plateau,plæ'to,,n.高地，高原,北师高中
heroic,hə'roɪk,,a.英雄的，英勇的,北师高中
culminate,'kʌlmɪnet,,v.终于获得某种结局或结果,北师高中
rotten,'rɑtn,,a.腐朽的；腐烂的,北师高中
superhuman,",supɚ'hjumən",,n.超人,北师高中
labour,ˈlebɚ,,n.工作；劳动,北师高中
distill,dɪs'tɪl,,vt.蒸馏；提炼,北师高中
inaccurate,ɪn'ækjərət,,a.错误的，不准确的,北师高中
distinguished,dɪ'stɪŋgwɪʃt,,a.卓越的，杰出的；高贵的,北师高中
plain,plen,,a.易懂的；清楚的，明白的,北师高中
Prussian,'prʌʃən,,a.普鲁士的 n.普鲁士人,北师高中
advisor,əd'vaɪzɚ,,n.顾问,北师高中
sincerity,sɪn'sɪərəti,,n.诚挚，真挚,北师高中
virtue,'vɝtʃʊ,,n.德行；美德,北师高中
morality,məˈræləti,,n.道德；道德观,北师高中
proverb,'prɑvɝb,,n.谚语,北师高中
leap,lip,,n&vi.跳，跳越，飞跃,北师高中
disapproving,",disə'pru:viŋ",,a.不以为然的，不赞成的,北师高中
clip,klɪp,,n.电影片断,北师高中
soundtrack,'saʊndtræk,,n.电影配乐,北师高中
assorted,ə'sɔrtəd,,a.混杂的，各种各样的,北师高中
diverge,daɪ'vɝdʒ,,vi.（道路）分叉；（意见）分歧,北师高中
undergrowth,'ʌndɚɡroθ,,n.下层丛林,北师高中
grassy,'ɡræsi,,a.长满草的,北师高中
wear,wɛr,,n.使用；用损，用坏,北师高中
tread,trɛd,,"vi&vt.(trod,trodden)踩，踏，践踏",北师高中
hence,hɛns,,ad.因此，从此,北师高中
inquisitive,ɪn'kwɪzətɪv,,a.好奇的,北师高中
rant,rænt,,v.咆哮，激昂地说,北师高中
automated,ɔtəˌmetɪd,,a.自动的,北师高中
invoice,'ɪnvɔɪs,,n.发票，发货清单 vt.开发票,北师高中
specifically,spə'sɪfɪkli,,ad.具体地；确切地,北师高中
offender,ə'fɛndɚ,,n.犯规者；冒犯者,北师高中
behold,bɪ'hold,,v.看,北师高中
sly,slaɪ,,a.狡猾的,北师高中
repetitive,rɪ'pɛtətɪv,,a.重复的，反复的,北师高中
beep,bip,,n.哔哔声,北师高中
vegetarian,ˌvɛdʒəˈtɛrɪən,,n.素食者,北师高中
morally,'mɔrəli,,ad.精神上,北师高中
outlandish,aʊt'lændɪʃ,,a.另类的，奇异的,北师高中
rip,rɪp,,vt.撕裂，拉破,北师高中
gaudy,'gɔdi,,a.（衣服、颜色等）俗丽的,北师高中
unnoticed,",ʌn'notɪst",,a.不引人注意的，被忽视的,北师高中
weird,wɪrd,,a.古怪的，离奇的,北师高中
flamboyant,flæm'bɔɪənt,,a.艳丽的,北师高中
outrageous,aʊt'redʒəs,,a.骇人的；令人惊讶的,北师高中
flair,flɛr,,n.才能，本领,北师高中
unsuitable,ʌn'sutəbl,,a.不适合的，不相称的,北师高中
impressionable,ɪm'prɛʃənəbl,,a.易受影响的,北师高中
employee,ɪmˈplɔɪi;ɛmplɔɪˈi,,n.职工，雇员,北师高中
risqué,,,a.不雅的,北师高中
conceal,kən'sil,,vt.隐藏，隐瞒,北师高中
inseparably,in'sepərəbli,,ad.不能分离地，不可分地,北师高中
modernity,mə'dɝnəti,,n.现代性,北师高中
catwalk,'kæt'wɔk,,n.时装表演；（模特表演时走的）伸展台,北师高中
symposium,sɪm'pozɪəm,,n.讨论会，座谈会,北师高中
heritage,'hɛrɪtɪdʒ,,n.遗产；继承权,北师高中
garment,'gɑrmənt,,n.衣服，外衣,北师高中
synthetic,sɪn'θɛtɪk,,a.合成的；人造的,北师高中
fibre,'faibə,,n.纤维,北师高中
hand-crafted,",hænd 'kra:ftid",,a.手工制作的,北师高中
embroidery,ɪm'brɔɪdəri,,n.刺绣,北师高中
embed,ɪm'bɛd,,vt.使插入，使嵌入,北师高中
incorporate,ɪn'kɔːpəreɪt,,vt&vi.合并，并入,北师高中
illustrate,'ɪləstret,,vt.举例说明；图解,北师高中
glittering,'ɡlɪtərɪŋ,,a.闪光的，闪耀的,北师高中
expatriate,",ɛks'petrɪət",,n.居住在国外的人,北师高中
fashion-conscious,,,a.有时尚意识的,北师高中
shun,ʃʌn,,vt.避开，避免,北师高中
elegance,'ɛləgəns,,n.高雅，典雅，优雅,北师高中
obscure,əb'skjʊr,,a.名不见经传的,北师高中
curator,kjʊ'retɚ,,n.馆长,北师高中
pure,pjʊr,,a.纯的，纯粹的,北师高中
ingenuity,",ɪndʒə'nuəti",,n.独创性，灵活性,北师高中
novelty,'nɑvlti,,n.新颖，新奇,北师高中
barcode,'bɑrkod,,n.条形码,北师高中
coordinate,ko'ɔrdɪnet,,vt.使协调，使调和,北师高中
toaster,'tostɚ,,n.烤面包机，多士炉,北师高中
medieval,",midɪ'ivəl",,a.中古的，中世纪的,北师高中
joust,dʒaʊst,,v.（中世纪的骑士）骑马用长矛打斗,北师高中
opponent,ə'ponənt,,n.对手，反对者,北师高中
strain,stren,,n.过度疲劳；紧张,北师高中
navigation,'nævə'geʃən,,n.导航,北师高中
monitor,'mɔnɪtɚ,,vt&vi.监控,北师高中
hold-up,,,n.停止,北师高中
exceed,ɪk'sid,,vt.超越；胜过,北师高中
speedometer,'spi'dɑmɪtɚ,,n.计速器,北师高中
bona fide,",bəunə'faidi, 'bɔ:nəfaid",,a.名副其实的,北师高中
iris,'aɪrɪs,,n.（瞳孔周围的）虹膜,北师高中
holographic,",hɑlə'ɡræfɪk",,a.全息照相的,北师高中
teleworking,",teli'wə:kiŋ",,n.远程工作,北师高中
freelance,'frilæns,,n.自由作家，自由记者,北师高中
short-term,",ʃɔrt'tɝm",,a.短期的,北师高中
concept,'kɑnsɛpt,,n.观念；概念,北师高中
mundane,mʌn'den,,a.平凡的，平淡的，乏味的,北师高中
unskilled,",ʌn'skɪld",,a.不熟练的,北师高中
idle,'aɪdl,,a.空闲的，懒惰的,北师高中
blur,blɝ,,vt.使模糊，看不清楚,北师高中
sedentary,'sɛdntɛri,,a.久坐的，坐惯的,北师高中
wasteland,'westlənd,,n.荒地，废墟,北师高中
combat,'kɑmbæt,,vt.试图减弱；斗争,北师高中
isolation,",aɪsə'leʃən",,n.隔离；孤立,北师高中
underestimate,/ˌʌndərˈestɪmeɪt/,,vt.低估,北师高中
confounder,,,n.混淆因素,北师高中
forecast,'fɔrkæst,,vt&n.预测，预报,北师高中
dodgy,'dɑdʒi,,a.冒险的；困难的,北师高中
lumbering,'lʌmb(ə)rɪŋ,,a.笨拙的，动作迟缓的,北师高中
predecessor,'prɛdəsɛsɚ,,n.前任；原先的东西,北师高中
shrink,ʃrɪŋk,,vi.收缩，缩短,北师高中
tuck,tʌk,,vt.打褶，卷起,北师高中
nano-technology,,,n.纳米技术,北师高中
Martini,mɑ:'ti:ni,,n.马提尼酒（一种鸡尾酒）,北师高中
robotic,ro'bɑtɪk,,a.机器人的,北师高中
vacuum,'vækjʊəm,,n.真空；真空吸尘器,北师高中
book,bʊk,,vt.预定,北师高中
all-in-one,'ɔ:lin'wʌn,,a.多功能的；几合一的,北师高中
lycra,'laɪkrə,,n.合成弹力纤维,北师高中
gear,ɡɪr,,n.衣服,北师高中
misnomer,",mɪs'nomɚ",,n.错误或使用不当的名字,北师高中
other than,,,除了；不同于,北师高中
faultless,'fɔltləs,,a.无错误的，无缺点的，完美的,北师高中
dimension,"dəˈmɛnʃən, daɪ-",,n.尺寸；方面,北师高中
fib,fɪb,,n.无伤大雅的谎言，小谎言,北师高中
nip,nɪp,,vt&vi.咬；夹；钳；掐,北师高中
traitorously,'tretə:rəsli,,ad.叛变地，不忠地,北师高中
cryogenics,",kraɪə'dʒɛnɪks",,n.低温学,北师高中
part with,,,放弃；跟……分手,北师高中
defrost,",di'frɔst",,vt.解冻,北师高中
delude,dɪ'l(j)uːd,,vt.迷惑，蛊惑,北师高中
mucky,'mʌki,,a.粪肥的，肮脏的,北师高中
puddle,'pʌdl,,n.小水坑,北师高中
as for,,,至于,北师高中
buzz,bʌz,,vi&vt.发嗡嗡声,北师高中
stack,stæk,,vt.堆叠,北师高中
nutritionally,nju:'triʃənəli,,ad.在营养上,北师高中
traipse,treps,,vi.疲惫地走；拖沓地行走,北师高中
resound,rɪ'zaʊnd,,vi.回响；回荡,北师高中
nightmarish,"'naɪt,mɛrɪʃ",,a.噩梦似的,北师高中
inclination,'ɪnklə'neʃən,,n.倾向，爱好,北师高中
forego,"fɔ:,ɡəu",,vt.摒绝，放弃,北师高中
groundless,'ɡraʊndləs,,a.无根据的，没有理由的,北师高中
flying saucer,,,飞碟,北师高中
reproductive,",riprə'dʌktɪv",,a.生殖的，繁殖的,北师高中
pregnancy,'prɛgnənsi,,n.怀孕,北师高中
double-glazing,",dʌbl'gleiziŋ",,n.双层玻璃,北师高中
opt,ɑpt,,vi.选择,北师高中
file,faɪl,,vt.编档保存,北师高中
lunatic,'lʊnə'tɪk,,a.精神错乱的，疯狂的,北师高中
well-defined,'weldi'faind,,a.明确的,北师高中
phenomenally,fi'nɔminəli,,ad.明白地；现象上地,北师高中
risky,'rɪski,,a.危险的,北师高中
unchangeable,ʌn'tʃeindʒəbl,,a.不能改变的；不变的,北师高中
terminal,tɝ​mənl,,n.航空站；终点站,北师高中
overcrowded,",əuvə'kraudid",,a.过度拥挤的,北师高中
blessed,'blɛsɪd,,a.令人愉快的，快乐的,北师高中
tranquility,"træŋ'kwiləti, træn-",,n.宁静,北师高中
specialise,'speʃəlaiz,,vt.专门从事,北师高中
sustainable,sə'stenəbl,,a.可持续的,北师高中
exploit,ɛksplɔɪt; ɪkˈsplɔɪt,,vt.开发；开拓；开采,北师高中
asset,'æsɛt,,n.（pl.）资产，财产,北师高中
vice versa,",vaisi'və:sə",,ad.反之亦然,北师高中
inaccessible,",ɪnæk'sɛsəbl",,a.不可及的，不可接触的,北师高中
inhospitable,",ɪnhɑ'spɪtəbl",,a.不适合居住的，荒凉的,北师高中
all-inclusive,'ɔ:lin'klu:siv,,a.包括一切的,北师高中
out-of-the-way,'autəvðə'wei,,a.偏僻的，偏远的,北师高中
beetle,'biːt(ə)l,,n.甲虫,北师高中
crunchy,'krʌntʃi,,a.硬脆的；松脆的,北师高中
gaucho,'ɡaʊtʃo,,n.高卓人，牧人,北师高中
hermit,'hɝmɪt,,n.隐士，隐居者,北师高中
rough,rʌf,,v.过简单不很舒适的生活,北师高中
retreat,rɪ'trit,,n.隐遁,北师高中
pavilion,pə'vɪlɪən,,n.临时建筑物；看台；亭,北师高中
grove,ɡrov,,n.小树林,北师高中
archaeology,",ɑrkɪ'ɑlədʒi",,n.考古学,北师高中
awestruck,'ɔstrʌk,,a.敬畏的，肃然起敬的,北师高中
obedient,oˈbidiənt,,a.服从的；孝顺的,北师高中
HQ,",eitʃ 'kju:",,abbr.总部,北师高中
Heathrow Airport,,,希思罗机场,北师高中
corporate,ˈkɔːrpərət,,a.公司的；团体的；全体的,北师高中
lamppost,"'læmp,post",,n.街灯柱,北师高中
perk,pɝk,,n.（额外）津贴，补贴,北师高中
consultancy,kən'sʌltənsi,,n.顾问（工作）,北师高中
communally,kə'mjunəli,,ad.集体地,北师高中
con,kɑn,,v.骗,北师高中
complaint,kəm'plent,,n.诉苦，抱怨，牢骚,北师高中
audible,'ɔdəbl,,a.听得见的,北师高中
dress-down,,,a.（比平时）穿着随便的,北师高中
wistful,'wɪstfl,,a.伤感的,北师高中
disappearance,",dɪsə'pɪrəns",,n.不见，消失,北师高中
functional,'fʌŋkʃənl,,a.功能的,北师高中
orthodoxy,'ɔrθədɑksi,,n.规范性，正统性,北师高中
chino,'tʃi:nəu,,n.丝光斜纹棉布，（pl.）斜纹棉布裤,北师高中
detractor,dɪ'træktɚ,,n.诽谤者，恶意批评者,北师高中
soul-destroying,"'səuldi,strɔiiŋ",,a.毁灭灵魂的,北师高中
mayhem,'mehɛm,,n.大混乱的,北师高中
umbilical cord,,,n.脐带,北师高中
incentive,ɪn'sɛntɪv,,n.刺激，鼓励；动机,北师高中
cynical,'sɪnɪkl,,a.愤世嫉俗的,北师高中
liberalization,",lɪbərəlaɪ'zeʃən",,n.自由主义化,北师高中
fuse,fjuz,,vt.融合,北师高中
intention,ɪn'tɛnʃən,,n.意图，目的,北师高中
occupant,'ɑkəpənt,,n.占有者，居住者,北师高中
bug,bʌɡ,,n.细菌，病菌；臭虫；窃听器,北师高中
testify,'tɛstɪfaɪ,,vt.证明，证实,北师高中
bogus,'bogəs,,a.假的，伪造的,北师高中
inactive,ɪn'æktɪv,,a.不活动的,北师高中
bluntly,'blʌntli,,ad.坦率地，率直地,北师高中
play truant,,,逃学,北师高中
malicious,mə'lɪʃəs,,a.恶意的，心毒的,北师高中
gossip,'ɡɑsɪp,,n.闲言碎语，流言蜚语,北师高中
exaggerate,ɪɡ'zædʒəret,,vt.夸大，夸张,北师高中
perjury,'pɝdʒəri,,n.伪誓，伪证,北师高中
forgery,'fɔrdʒəri,,n.伪造,北师高中
hoax,hoks,,n.恶作剧，骗局,北师高中
unicorn,'junɪkɔrn,,n.独角兽，麒麟,北师高中
strait-jacket,streit'dʒækit,,n.（尤指束缚精神病患者手臂用的）约束衣,北师高中
booby,'bu:bi,,n.呆子，傻瓜,北师高中
tragic,'trædʒɪk,,a.悲惨的，不幸的,北师高中
nook,nʊk,,n.角落；僻静处,北师高中
scramble,'skræmbl,,vi&vt.炒,北师高中
crop,krɑp,,vt.啃吃；剪短,北师高中
mythical,'mɪθɪkl,,a.神话的，虚构的,北师高中
browse,braʊz,,vi.吃草,北师高中
tulip,'tʊlɪp,,n.郁金香,北师高中
gravely,'grevli,,ad.严肃地，庄重地,北师高中
rouse,raʊz,,vt&n.唤醒，觉醒,北师高中
lily,'lɪli,,n.百合，百合花,北师高中
coldly,'kəuldli,,ad.冷淡地,北师高中
gloat,ɡlot,,n.得意洋洋，幸灾乐祸,北师高中
solemn,'sɑləm,,a.严肃的，庄重的,北师高中
subdue,səb'du,,vt.制伏,北师高中
jay,dʒe,,n.松鸦,北师高中
habitual,hə'bɪtʃuəl,,a.习惯性的，经常的,北师高中
trustworthy,'trʌstwɝði,,a.可靠的，信得过的,北师高中
spit out,,,吐出,北师高中
detector,dɪ'tɛktɚ,,n.探测器，检测器,北师高中
cheapness,'tʃi:pnis,,n.廉价,北师高中
reliability,"rɪ,laɪə'bɪləti",,n.可靠性,北师高中
detect,dɪ'tɛkt,,vt.发现，察觉，查明,北师高中
hesitation,",hɛzə'teʃən",,n.犹豫，踌躇,北师高中
latency,'letnsi,,n.潜伏，潜在,北师高中
instinct,'ɪnstɪŋkt,,n.本能,北师高中
truthfulness,'trʊθfəlnɪs,,n.真实，正当,北师高中
surname,'sɝ'nem,,n.姓,北师高中
interrogator,ɪn'tɛrəɡetɚ,,n.讯问者，质问者,北师高中
polygraph,'pɑlɪɡræf,,n.测谎器,北师高中
duress,du'rɛs,,n.威胁，强迫,北师高中
electrodermal,"ɪ,lɛktro'dɚməl",,a.皮（肤）电活动的,北师高中
plea,pli,,n.恳求，请求,北师高中
CIA,",si: ai 'ei",,中央情报局,北师高中
FBI,",ef bi: 'ai",,美国联邦调查局,北师高中
pharmaceutical,",fɑrmə'sutɪkl",,n.药物,北师高中
analyser,'ænəlaɪzɚ,,n.分析者，分析计,北师高中
premise,ˈpremɪs,,n.前提,北师高中
screen,skrin,,vt.鉴别，检查,北师高中
wireless,'waɪərləs,,a.无线的,北师高中
mic,maik,,abbr.扩音器，麦克风,北师高中
inflection,ɪn'flɛkʃən,,n.音调变化,北师高中
evaluate,ɪ'væljʊ'et,,vt&vi.评价，估计,北师高中
deceitfulness,di'si:tfəlnis,,n.欺骗，不诚实,北师高中
instantaneous,",ɪnstən'tenɪəs",,a.瞬间的，即时的,北师高中
high-definition,'haidefi'niʃən,,a.高清晰度的,北师高中
heat-sensing,,,a.热敏感的,北师高中
high-profile,hai'prəufai,,a.备受瞩目的,北师高中
crouch,kraʊtʃ,,vi.蹲伏，蜷缩,北师高中
soggy,'sɑgi,,a.潮湿的；受潮的,北师高中
crumpled,'krʌmpld,,a.褶皱的，弄皱的,北师高中
frantically,'fræntikəli,,ad.匆忙地；狂乱地,北师高中
severely,sə'vɪrli,,ad.严厉地,北师高中
mar,mɑr,,vt.毁损，损坏,北师高中
tempting,'tɛmptɪŋ,,a.吸引人的，诱人的,北师高中
in the short term,,,就眼前来说；在短期内,北师高中
in the long run,,,从长远看来,北师高中
apparently,ə'pærəntli,,ad.显然地,北师高中
presumably,prɪ'zuməbli,,ad.可假定，可推测,北师高中
admittedly,əd'mɪtɪdli,,ad.公认地，无可否认地,北师高中
ultimately,'ʌltəmɪtlɪ,,ad.最后，最终,北师高中
no wonder,,,不足为奇，并不奇怪,北师高中
dummy,'dʌmi,,n.笨蛋,北师高中
fool,ful,,vt.愚弄，欺骗,北师高中
gesticulation,"dʒes,tikju'leiʃən",,n.姿势，手势,北师高中
posture,'pɑstʃɚ,,n.（身体的）姿势，体态,北师高中
utterance,'ʌtərəns,,n.话语，语言,北师高中
syllable,'sɪləbl,,n.音节,北师高中
shift,ʃɪft,,vt&vi.变换位置，改变方向，移动,北师高中
manipulate,mə'nɪpjulet,,vt.操纵，操作,北师高中
preoccupied,pri'ɑkjə'paɪd,,a.心不在焉的，心事重重的,北师高中
devious,'divɪəs,,a.不率直的，不坦诚的,北师高中
adept,ə'dɛpt,,a.熟练的，拿手的,北师高中
leakage,'likɪdʒ,,n.漏，泄漏，渗漏,北师高中
suppress,sə'prɛs,,vt.抑制；查禁,北师高中
gesticulate,dʒɛ'stɪkjulet,,vi.以手势示意,北师高中
clench,klɛntʃ,,vt&vi.握紧（拳头）；咬紧（牙关）,北师高中
coo,ku,,vt.柔声地说,北师高中
flutter,'flʌtɚ,,vi.迅速而无规则地动,北师高中
limply,'limpli,,ad.柔软地；四肢无力地,北师高中
intuitively,ɪn'tjʊɪtɪvli,,ad.直觉地，直观地,北师高中
spot,spɑt,,vi&vt.看出；认出,北师高中
compulsion,kəm'pʌlʃən,,n.（难以克制的）强烈冲动,北师高中
sensation,sɛn'seʃən,,n.知觉，感觉,北师高中
rub,rʌb,,vi.擦，摩擦,北师高中
stroke,strok,,vt.轻抚，抚摸,北师高中
cover-up,"'kʌvə,ʌp",,n.掩饰，掩盖,北师高中
itch,ɪtʃ,,n&vi.发痒；渴望,北师高中
trivial,'trɪvɪəl,,a.琐细的，微不足道的,北师高中
sting,stɪŋ,,vi&n.刺，刺痛，刺激,北师高中
comparison,kəm'pærɪsn,,n.比较，对照,北师高中
shrug,ʃrʌɡ,,n&vi.耸肩,北师高中
curl,kɝl,,vt.（使）卷曲,北师高中
disclaimer,dɪs'klemɚ,,n.否认或放弃的声明,北师高中
squirm,skwɝm,,vi&n.扭动；蠕动,北师高中
urge,ɝdʒ,,n.强烈的欲望，冲动,北师高中
brazen out,,,厚着脸对待,北师高中
eliminate,ɪ'lɪmɪnet,,vt.消除，排除,北师高中
momentarily,",momən'tɛrəli",,ad.瞬间地，片刻地；即刻,北师高中
seethe,sið,,vi.强压怒火；翻腾,北师高中
outward,'aʊtwɚd,,a.外表的，外面的,北师高中
downright,'daʊnraɪt,,ad.完全地，彻底地,北师高中
