word,phonetic,pos,definition,source
pharmacy,'fɑrməsi,,n.药房；配药学，药剂学；制药业；一批备用药品,商务英语
foregone,'fɔrɡɔn,,a.过去的；先前的；预知的；预先决定的 v.发生在…之前（forego的过去分词）,商务英语
president,'prɛzɪdənt,,n.总统；董事长；校长；主席,商务英语
plastic,'plæstɪk,,a.塑料的；（外科）造型的；可塑的 n.塑料制品；整形；可塑体,商务英语
provisionally,prə'viʒənəli,,ad.临时地，暂时地,商务英语
incentive,ɪn'sɛntɪv,,n.动机；刺激 a.激励的；刺激的,商务英语
calculate,'kælkjulet,,v.计算；以为；作打算,商务英语
attendee,ə'tɛn'di,,n.出席者；在场者,商务英语
designation,",dɛzɪɡ'neʃən",,n.指定；名称；指示；选派,商务英语
compete,kəm'pit,,v.竞争；比赛；对抗,商务英语
furnish,'fɝnɪʃ,,v.提供；供应；装备,商务英语
bribery,'braɪbəri,,n.[法] 贿赂；受贿；行贿,商务英语
detrimental,",dɛtrɪ'mɛntl",,a.不利的；有害的 n.有害的人（或物）；不受欢迎的求婚者,商务英语
knock,nɑk,,v.敲；打；敲击 n.敲；敲打；爆震声,商务英语
roll,rol,,v.卷；滚动，转动；辗 n.卷，卷形物；名单；摇晃,商务英语
autonomy,ɔ'tɑnəmi,,n.自治，自治权,商务英语
deputy,'dɛpjuti,,n.代理人，代表 a.副的；代理的,商务英语
movement,'muvmənt,,n.运动；活动；运转；乐章,商务英语
oversubscribe,'ovɚsəb'skraɪbd,,vt.订购过多；超额认购,商务英语
advanced,əd'vænst,,a.先进的；高级的；晚期的；年老的 v.前进；增加；上涨（advance的过去式和过去分词形式）,商务英语
factoring,'fæktɚ,,n.[数] 因子分解，[数] 因式分解；保付代理 v.把…因素包括进去（factor的ing形式）,商务英语
joke,dʒok,,n.玩笑，笑话；笑柄 v.开…的玩笑,商务英语
role,rol,,n.角色；任务,商务英语
cage,kedʒ,,n.笼，兽笼；牢房，监狱 v.把…关进笼子；把…囚禁起来,商务英语
upbeat,'ʌpbit,,n.兴旺；上升；弱拍 a.乐观的；上升的,商务英语
jet,dʒɛt,,n.喷射，喷嘴；喷气式飞机；黑玉 a.墨黑的 v.射出,商务英语
inquire,ɪn'kwaɪr,,v.询问；查究；问明,商务英语
alternate,'ɔltɚnət,,v.交替；轮流 a.交替的；轮流的 n.替换物,商务英语
essential,ɪ'sɛnʃl,,a.基本的；必要的；本质的；精华的 n.本质；要素；要点；必需品,商务英语
asset,'æsɛt,,n.资产；优点；有用的东西；有利条件；财产；有价值的人或物,商务英语
gasoline,'gæsəlin,,n.汽油,商务英语
differentiate,",dɪfə'rɛnʃɪet",,v.区分，区别,商务英语
rigid,'rɪdʒɪd,,a.严格的；僵硬的，死板的；坚硬的；精确的,商务英语
sequel,'sikwəl,,n.续集；结局；继续；后果,商务英语
meet,mit,,v.满足；遇见；对付 n.集会 a.合适的；适宜的,商务英语
partial,'pɑrʃəl,,a.局部的；偏爱的；不公平的,商务英语
evolution,ˌɛvəˈluʃən; (occas.) ˌ ivəˈluʃən,,n.演变；进化论；进展,商务英语
creditworthiness,"'kredit,wə:θinis",,n.好信誉；有资格接受信用贷款,商务英语
fee,fi,,n.费用；酬金；小费 v.付费给……,商务英语
paradox,'pærədɑks,,n.悖论，反论；似非而是的论点；自相矛盾的人或事,商务英语
native,'netɪv,,a.本国的；土著的；天然的；与生俱来的；天赋的 n.本地人；土产；当地居民,商务英语
dilution,dɪ'ljʊʃən,,n.稀释，冲淡；稀释法；冲淡物,商务英语
monopolize,mə'nɑpə'laɪz,,v.垄断；独占；拥有…的专卖权,商务英语
subcommittee,'sʌbkəmɪti,,n.小组委员会；委员会的附属委员会,商务英语
bondholder,"'bɑnd,holdɚ",,n.公债证书所有者，公司债所有者,商务英语
quality,'kwɑləti,,n.质量，[统计] 品质；特性；才能 a.优质的；高品质的；<英俚>棒极了,商务英语
cheque,tʃɛk,,n.支票,商务英语
forbid,fɚ'bɪd,,v.禁止；不准；不允许；〈正式〉严禁,商务英语
array,ə're,,n.数组，阵列；排列，列阵；大批，一系列；衣服 v.排列，部署；打扮,商务英语
symptom,'sɪmptəm,,n.[临床] 症状；征兆,商务英语
steady,'stɛdi,,a.稳定的；不变的；沉着的 v.稳固 ad.稳定地；稳固地 n.关系固定的情侣；固定支架,商务英语
dynamic,daɪ'næmɪk,,a.动态的；动力的；动力学的；有活力的 n.动态；动力,商务英语
typist,'taɪpɪst,,n.打字员，打字者,商务英语
judgment,'dʒʌdʒmənt,,n.判断；裁判；判决书；辨别力,商务英语
vastly,ˈvæstli,,ad.极大地；广大地；深远地,商务英语
behavior,bɪ'hevjɚ,,n.行为，举止；态度；反应,商务英语
dissipate,'dɪsɪpet,,v.浪费；使…消散,商务英语
justify,'dʒʌstə'fai,,v.证明合法；整理版面,商务英语
secondary,'sɛkəndɛri,,a.第二的；中等的；次要的；中级的 n.副手；代理人,商务英语
undercut,",ʌndɚ'kʌt",,v.廉价出售；较便宜的工资工作；从下边削球 n.底切；牛腰部下侧嫩肉；砍口；切球,商务英语
net,nɛt,,n.网；网络；净利；实价 v.编网 a.纯粹的；净余的,商务英语
mathematics,",mæθə'mætɪks",,n.数学；数学运算,商务英语
relief,rɪ'lif,,n.救济；减轻，解除；安慰；浮雕,商务英语
transform,træns'fɔrm,,v.改变，使…变形；转换,商务英语
token,'tokən,,n.表征；代币；记号 a.象征的；表意的；作为对某事的保证的 vt.象征；代表,商务英语
guard,ɡɑrd,,n.守卫；警戒；护卫队；防护装置 v.警惕,商务英语
decipher,dɪ'saɪfɚ,,n.密电译文 v.解释（过去式deciphered，过去分词deciphered，现在分词deciphering，第三人称单数deciphers，名词decipherer，形容词decipherable）；译解,商务英语
conversation,",kɑnvɚ'seʃən",,n.交谈，会话；社交；交往，交际；会谈；（人与计算机的）人机对话,商务英语
lucrative,'lukrətɪv,,a.有利可图的，赚钱的；合算的,商务英语
trial,'traɪəl,,n.试验；审讯；努力；磨炼 a.试验的；审讯的,商务英语
illegal,ɪ'ligl,,a.[法] 非法的；违法的；违反规则的 n.非法移民，非法劳工,商务英语
disequilibrium,",dɪs,ikwɪ'lɪbrɪəm",,n.不均衡；不安定；失调,商务英语
consultant,kən'sʌltənt,,n.顾问；咨询者；会诊医生,商务英语
hazard,'hæzɚd,,v.赌运气；冒…的危险，使遭受危险 n.危险，冒险；冒险的事,商务英语
suffer,'sʌfɚ,,v.遭受；忍受；经历 n.(Suffer)人名；(意)苏费尔,商务英语
amalgamate,ə'mælɡəmet,,v.合并；汞齐化；调制汞合金,商务英语
abbreviation,əˌbrivɪ'eʃən,,n.缩写；缩写词,商务英语
ATM,",ei ti: 'em",,abbr.异步传输模式（Asynchronous Transfer Mode）；自动出纳机（Automatic Teller Machine）；空中交通管理（Air Traffic Management）,商务英语
beginner,bɪ'gɪnɚ,,n.初学者；新手；创始人,商务英语
broke,brok,,a.一文不名的，破产的 v.打破，断掉（break的过去式） n.(Broke)人名；(英)布罗克,商务英语
labor,'lebɚ,,n.劳动；工作；劳工；分娩 v.劳动；努力；苦干,商务英语
analyze,"'ænə,laɪz",,v.对…进行分析，分解（等于analyse）,商务英语
expertise,'ɛkspɝ'tiz,,n.专门知识；专门技术；专家的意见,商务英语
including,ɪn'klʊdɪŋ,,prep.包含，包括,商务英语
red,rɛd,,n.红色，红颜料；赤字 a.红色的；红肿的，充血的,商务英语
averaging,'ævəridʒiŋ,,n.求平均值；拉平价格；为取得更高的平均价格而买进（卖出） a.平均的 v.平均（average的ing形式）,商务英语
guess,ɡɛs,,v.猜测；认为；推测；猜中 n.猜测；推测,商务英语
predict,prɪ'dɪkt,,v.预报，预言；预知,商务英语
library,laɪˌbrɛrɪ,,n.图书馆，藏书室；文库,商务英语
guest,ɡɛst,,n.客人，宾客；顾客 v.款待，招待 a.客人的；特邀的，客座的,商务英语
advice,ædˈvaɪs; əd'vaɪs,,n.建议；忠告；劝告；通知,商务英语
abstain,əb'sten,,v.自制；放弃；避免,商务英语
reluctant,rɪ'lʌktənt,,a.不情愿的；勉强的；顽抗的,商务英语
paradigm,'pærə'daɪm,,n.范例；词形变化表,商务英语
treasurer,'trɛʒərɚ,,n.会计；司库；财务主管；出纳员,商务英语
change,tʃendʒ,,v.改变；交换 n.变化；找回的零钱,商务英语
drop,drɑp,,v.滴；使降低；使终止；随口漏出 n.滴；落下；空投；微量；滴剂,商务英语
consumption,kən'sʌmpʃən,,n.消费；消耗；肺痨,商务英语
exception,ɪk'sɛpʃən,,n.例外；异议,商务英语
tool,tul,,n.工具，用具；器械，机床；手段 v.使用工具；用机床装备工厂,商务英语
lead,lid,,n.领导；铅；导线；榜样 v.领导；致使；引导；指挥 a.带头的；最重要的,商务英语
consumer,kən'sumɚ,,n.消费者；用户，顾客,商务英语
capital,'kæpɪtl,,n.首都，省会；资金；大写字母；资本家 a.首都的；重要的；大写的,商务英语
march,mɑrtʃ,,v.（坚定地向某地）前进；行军，进军；游行示威；进展，进行 n.行进，前进；行军；游行示威；进行曲,商务英语
qualification,",kwɑlɪfɪ'keʃən",,n.资格；条件；限制；赋予资格,商务英语
compact,'kɑmpækt,,n.合同，契约；小粉盒 a.紧凑的，紧密的；简洁的 v.使简洁；使紧密结合,商务英语
diverge,daɪ'vɝdʒ,,v.分歧；偏离；分叉；离题,商务英语
height,haɪt,,n.高地；高度；身高；顶点,商务英语
personnel,",pɝsə'nɛl",,n.人事部门；全体人员 a.人员的；有关人事的,商务英语
invalid,ˈɪnvəlɪd；ɪnˈvælɪd,,a.无效的；有病的；残废的 n.病人；残废者 v.使伤残；使退役,商务英语
basic,'besɪk,,a.基本的；基础的 n.基础；要素,商务英语
demotivated,,,使失去动力,商务英语
description,dɪ'skrɪpʃən,,n.描述，描写；类型；说明书,商务英语
priority,praɪ'ɔrəti,,n.优先；优先权；[数] 优先次序；优先考虑的事,商务英语
reputation,",rɛpju'teʃən",,n.名声，名誉；声望,商务英语
composition,",kɑmpə'zɪʃən",,n.作文，作曲，作品；[材] 构成；合成物；成分,商务英语
moratorium,",mɔrə'tɔrɪəm",,n.暂停，中止；[金融] 延期偿付,商务英语
provocative,prə'vɑkətɪv,,a.刺激的，挑拨的；气人的 n.刺激物，挑拨物；兴奋剂,商务英语
jam,dʒæm,,n.果酱；拥挤；困境；扣篮 v.使堵塞；挤进，使塞满；混杂；压碎,商务英语
salvage,'sælvɪdʒ,,n.打捞；海上救助；抢救财货；救难的奖金 v.抢救；海上救助,商务英语
partnership,'pɑrtnɚʃɪp,,n.合伙；[经管] 合伙企业；合作关系；合伙契约,商务英语
lorry,'lɔri,,n.（英）卡车；[车辆] 货车；运料车,商务英语
bespoke,bɪ'spok,,a.定做的；预定的 vt.预约，显示出,商务英语
apprehend,",æprɪ'hɛnd",,v.理解；逮捕；忧虑,商务英语
passivity,pæ'sɪvəti,,n.被动性；被动结构；无抵抗,商务英语
rationalize,'ræʃnə'laɪz,,v.使……合理化；使……有理化；为……找借口,商务英语
verge,vɝdʒ,,v.濒临，接近；处在边缘 n.边缘,商务英语
execute,'ɛksɪkjut,,v.实行；执行；处死,商务英语
station,ˈsteɪʃən,,n.车站；驻地；地位；身份 v.配置；安置；驻扎,商务英语
Eurocurrency,'juərəu'kʌrənsi,,n.欧洲货币；欧洲债券,商务英语
automatic,'ɔtə'mætɪk,,a.自动的；无意识的；必然的 n.自动机械；自动手枪,商务英语
align,ə'laɪn,,v.使结盟；使成一行；匹配,商务英语
renovate,'rɛnəvet,,v.更新；修复；革新；刷新,商务英语
display,dɪ'sple,,n.显示；炫耀 v.显示；表现；陈列 a.展览的；陈列用的,商务英语
leisure,'liʒɚ,,n.闲暇；空闲；安逸 a.空闲的；有闲的；业余的,商务英语
label,ˈlebəl,,v.标注；贴标签于 n.标签；商标；签条,商务英语
double,'dʌbl,,n.两倍；双精度型 a.双重的；两倍的 v.加倍，加倍努力；快步走 ad.双重地；两倍地；弓身地,商务英语
borrow,'bɑro,,v.借；借用；从其他语言中引入 n.(Borrow)人名；(英)博罗,商务英语
country,'kʌntri,,n.国家，国土；国民；乡下，农村；乡村；故乡 a.祖国的，故乡的；地方的，乡村的；国家的；粗鲁的；乡村音乐的,商务英语
seminar,'sɛmɪnɑr,,n.讨论会，研讨班,商务英语
speech,spitʃ,,n.演讲；讲话；[语] 语音；演说,商务英语
miscellaneous,'mɪsə'lenɪəs,,a.混杂的，各种各样的；多方面的，多才多艺的,商务英语
tough,tʌf,,a.艰苦的，困难的；坚强的，不屈不挠的；坚韧的，牢固的；强壮的，结实的 n.恶棍 v.坚持；忍受，忍耐 ad.强硬地，顽强地,商务英语
curriculum,kə'rɪkjələm,,n.课程,商务英语
make,mek,,v.使得；进行；布置，准备，整理；制造；认为；获得；形成；安排；引起；构成 n.制造；构造；性情,商务英语
room,rum,,n.房间；空间；余地；机会；房间里所有的人 v.为…提供住处；租房，合住；投宿，住宿；留…住宿,商务英语
writ,rɪt,,n.[法] 令状；文书；法院命令,商务英语
raw,rɔ,,a.生的；未加工的；阴冷的；刺痛的；擦掉皮的；无经验的；（在艺术等方面）不成熟的 n.擦伤处 vt.擦伤,商务英语
update,",ʌp'det",,v.更新；校正，修正；使现代化 n.更新；现代化,商务英语
indicator,'ɪndɪketɚ,,n.指示器；[试剂] 指示剂；[计] 指示符；压力计,商务英语
justice,'dʒʌstɪs,,n.司法，法律制裁；正义；法官，审判员,商务英语
consultancy,kən'sʌltənsi,,n.咨询公司；顾问工作,商务英语
distant,'dɪstənt,,a.遥远的；冷漠的；远隔的；不友好的，冷淡的,商务英语
workfare,'wə:kfεəə,,n.工作福利制,商务英语
occasion,ə'keʒn,,n.时机，机会；场合；理由 v.引起，惹起,商务英语
deduct,dɪ'dʌkt,,v.扣除，减去；演绎,商务英语
organize,ɔrɡənˌaɪz,,v.组织；使有系统化；给予生机；组织成立工会等,商务英语
education,",ɛdʒu'keʃən",,n.教育；培养；教育学,商务英语
disturb,dɪ'stɝb,,v.打扰；妨碍；使不安；弄乱；使恼怒,商务英语
lavish,'lævɪʃ,,a.浪费的；丰富的；大方的 v.浪费；慷慨给予；滥用,商务英语
business,ˈbɪznəs,,n.商业；[贸易] 生意；[贸易] 交易；事情,商务英语
possible,'pɑsəbl,,a.可能的；合理的；合适的 n.可能性；合适的人；可能的事物,商务英语
wireless,'waɪərləs,,a.无线的；无线电的 n.无线电 vt.用无线电报与…联系；用无线电报发送 vi.打无线电报；打无线电话,商务英语
trainee,",tre'ni",,n.练习生，实习生；受训者；新兵；训练中的动物,商务英语
quantum,'kwɑntəm,,n.量子论；额；美国昆腾公司（世界领先的硬盘生产商）,商务英语
immigration,",ɪmɪ'ɡreʃən",,n.外来移民；移居,商务英语
fuel,'fjuəl,,v.得到燃料 n.燃料；刺激因素,商务英语
dominate,'dɑmɪnet,,v.控制；支配；占优势；在…中占主要地位,商务英语
alike,ə'laɪk,,a.相似的；相同的 ad.以同样的方式；类似于,商务英语
population,",pɑpju'leʃən",,n.人口；[生物] 种群，[生物] 群体；全体居民,商务英语
axis,'æksɪs,,n.轴；轴线；轴心国,商务英语
deskill,di:'skil,,v.使非技能化,商务英语
booking,'bʊkɪŋ,,n.预订；预约；演出契约,商务英语
obsolete,ɑbsəˌlit,,a.废弃的；老式的 n.废词；陈腐的人 vt.淘汰；废弃,商务英语
equal,'ikwəl,,a.平等的；相等的；胜任的 v.等于；比得上 n.对手；匹敌；同辈；相等的事物,商务英语
minimize,'mɪnɪmaɪz,,v.使减到最少；小看，极度轻视,商务英语
foolproof,'fulpruf,,a.十分简单的；十分安全的；不会错的 n.极简单；安全自锁装置,商务英语
assertion,ə'sɝʃən,,n.断言，声明；主张，要求；坚持；认定,商务英语
main,meɪn,,n.主要部分，要点；体力；总管道 a.主要的，最重要的；全力的,商务英语
confront,kən'frʌnt,,v.面对；遭遇；比较,商务英语
tremendous,trə'mɛndəs,,a.极大的，巨大的；惊人的；极好的,商务英语
ineptitude,ɪ'nɛptə'tʊd,,n.不适当，不合适；不称职；愚笨,商务英语
wooden,'wʊdn,,a.木制的；僵硬的，呆板的,商务英语
advantage,əd'væntɪdʒ,,n.优势；利益；有利条件 v.获利,商务英语
amusement,ə'mjuzmənt,,n.消遣，娱乐；乐趣,商务英语
female,'fimel,,a.女性的；雌性的；柔弱的，柔和的 n.女人；[动] 雌性动物,商务英语
shortlist,'ʃɔ:tlist,,n.（英）供最后挑选用的候选人名单,商务英语
freeze,friz,,v.冻结；冷冻；僵硬 n.冻结；凝固,商务英语
inside,'ɪn'saɪd,,n.里面；内部；内情；内脏 a.里面的；内部的；秘密的 ad.在里面 prep.少于；在…之内,商务英语
reimburse,",riɪm'bɝs",,v.偿还；赔偿,商务英语
venture,'vɛntʃɚ,,v.敢于 n.企业；风险；冒险,商务英语
prominent,'prɑmɪnənt,,a.突出的，显著的；杰出的；卓越的,商务英语
assessment,ə'sɛsmənt,,n.评定；估价,商务英语
rigor,'rɪgɚ,,n.严厉；精确；苛刻；僵硬,商务英语
resentful,rɪ'zɛntfl,,a.充满忿恨的；厌恶的,商务英语
diverse,daɪ'vɝs,,a.不同的；多种多样的；变化多的,商务英语
deposit,dɪ'pɑzɪt,,n.存款；押金；订金；保证金；沉淀物 v.使沉积；存放,商务英语
rigour,'riɡə,,n.严格；严厉；苛刻；精确,商务英语
liability,'laɪə'bɪləti,,n.责任；债务；倾向；可能性；不利因素,商务英语
amateur,ˈæmətər,,n.爱好者；业余爱好者；外行 a.业余的；外行的,商务英语
headhunt,'hɛd'hʌnt,,v.出外猎取人头 n.野蛮人猎取人头的出征,商务英语
obvious,'ɑbvɪəs,,a.明显的；显著的；平淡无奇的,商务英语
slogan,'slogən,,n.标语；呐喊声,商务英语
rank,ræŋk,,n.排；等级；军衔；队列 a.讨厌的；恶臭的；繁茂的 v.排列；把…分等,商务英语
accommodator,ə'kɔmədeitə,,n.调解人；适应者；提供方便者,商务英语
administer,əd'mɪnɪstɚ,,v.管理；执行；给予,商务英语
wholesale,'holsel,,a.批发的；大规模的 n.批发 ad.大规模地；以批发方式 v.批发,商务英语
outdated,'aʊt'detɪd,,a.过时的；旧式的 v.使过时（outdate的过去式和过去分词）,商务英语
report,rɪ'pɔrt,,n.报告；报道；成绩单 v.报告；报导；使报到,商务英语
carrier,'kærɪɚ,,n.[化学] 载体；运送者；带菌者；货架,商务英语
discrepancy,dɪs'krɛpənsi,,n.不符；矛盾；相差,商务英语
border,'bɔrdɚ,,n.边境；边界；国界 v.接近；与…接壤；在…上镶边,商务英语
upturn,'ʌptɝn,,n.情况好转 vt.使……转朝上；翻转 vi.向上,商务英语
accelerate,əkˈsɛləˌret,,v.使……加快；使……增速,商务英语
sterling,'stɝlɪŋ,,a.纯正的；英币的；纯银制的 n.英国货币；标准纯银,商务英语
liquidity,lɪ'kwɪdəti,,n.流动性；流动资产；[金融] 偿债能力,商务英语
element,'ɛləmənt,,n.元素；要素；原理；成分；自然环境,商务英语
increment,'ɪŋkrəmənt,,n.[数] 增量；增加；增额；盈余,商务英语
elect,ɪ'lɛkt,,a.选出的；当选的；卓越的 n.被选的人；特殊阶层；上帝的选民 v.选举；选择；推选,商务英语
hoarding,'hɔrdɪŋ,,n.[贸易] 囤积；贮藏；临时围墙 v.贮藏（hoard的ing形式）,商务英语
support,sə'pɔrt,,v.支持，支撑，支援；扶持，帮助；赡养，供养 n.支持，维持；支援，供养；支持者，支撑物,商务英语
identify,aɪ'dɛntɪfaɪ,,v.确定；鉴定；识别，辨认出；使参与；把…看成一样 vi确定；认同；一致,商务英语
recertification,"'ri:,sə:tifi'keiʃən",,n.换发新证,商务英语
recommendation,",rɛkəmɛn'deʃən",,n.推荐；建议；推荐信,商务英语
apprehension,",æprɪ'hɛnʃən",,n.理解；恐惧；逮捕；忧惧,商务英语
resign,rɪ'zaɪn,,v.辞职；放弃；委托；使听从 n.辞去职务,商务英语
health,hɛlθ,,n.健康；卫生；保健；兴旺,商务英语
dominant,'dɑmɪnənt,,a.显性的；占优势的；支配的，统治的 n.显性,商务英语
equilibrium,",ikwɪ'lɪbrɪəm",,n.均衡；平静；保持平衡的能力,商务英语
epidemic,",ɛpɪ'dɛmɪk",,a.流行的；传染性的 n.传染病；流行病；风尚等的流行,商务英语
redundancy,rɪ'dʌndənsi,,n.[计][数] 冗余（等于redundance）；裁员；人浮于事,商务英语
subsidy,'sʌbsədi,,n.补贴；津贴；补助金,商务英语
criterion,kraɪˈtɪriən,,n.（批评判断的）标准；准则；规范；准据,商务英语
vacation,vəˈkeɪʃn; veɪ-,,n.假期；（房屋）搬出 v.休假，度假,商务英语
counterfeits,,,n.仿冒品（counterfeit的复数形式）；[法] 伪造品,商务英语
interpreter,ɪn'tɝprɪtɚ,,n.解释者；口译者；注释器,商务英语
session,'sɛʃən,,n.会议；（法庭的）开庭；（议会等的）开会；学期；讲习会,商务英语
doubtful,'daʊtfəl,,a.可疑的；令人生疑的；疑心的；不能确定的,商务英语
branch,bræntʃ,,v.分支；出现分歧 n.树枝，分枝；分部；支流,商务英语
antique,æn'tik,,a.古老的，年代久远的；过时的，古董的；古风的，古式的 n.古董，古玩；古风，古希腊和古罗马艺术风格 v.觅购古玩,商务英语
lender,'lɛndɚ,,n.贷方；[金融] 出借人,商务英语
indeed,ɪn'did,,ad.的确；实在；真正地；甚至 int.真的（表示惊讶、怀疑、讽刺等）,商务英语
debasement,di'beismənt,,n.降低；贬质,商务英语
waiver,'wevɚ,,n.弃权，放弃；弃权证书,商务英语
concession,kən'sɛʃən,,n.让步；特许（权）；承认；退位,商务英语
technician,tɛk'nɪʃən,,n.技师，技术员；技巧纯熟的人,商务英语
maturity,mə'tʃʊrəti,,n.成熟；到期；完备,商务英语
embark,ɪm'bɑrk,,v.从事，着手；上船或飞机,商务英语
memo,'mɛmo,,n.备忘录,商务英语
broad,brɔd,,a.宽的，辽阔的；显著的；大概的 n.宽阔部分 ad.宽阔地,商务英语
vehicle,'viːɪkl,,n.[车辆] 车辆；工具；交通工具；运载工具；传播媒介；媒介物,商务英语
trivial,'trɪvɪəl,,a.不重要的，琐碎的；琐细的,商务英语
express,ɪk'sprɛs,,v.表达；快递 a.明确的；迅速的；专门的 n.快车，快递，专使；捷运公司,商务英语
build,bɪld,,v.建立；建筑 n.构造；体形；体格,商务英语
space,spes,,n.空间；太空；距离 v.留间隔,商务英语
decision,dɪ'sɪʒn,,n.决定，决心；决议,商务英语
Euro,'juərəu,,abbr.欧洲（European）,商务英语
acquisition,",ækwɪ'zɪʃən",,n.获得物，获得；收购,商务英语
jog,dʒɑɡ,,v.慢跑；轻推；蹒跚行进；使颠簸 n.慢跑；轻推，轻撞,商务英语
comprehensiveness,kɔmpri'hensivnis,,n.综合；详尽,商务英语
shortcoming,'ʃɔrtkʌmɪŋ,,n.缺点；短处,商务英语
adjust,ə'dʒʌst,,v.调整，使…适合；校准,商务英语
foreseeable,fɔr'siəbl,,a.可预知的；能预测的,商务英语
publicity,pʌb'lɪsəti,,n.宣传，宣扬；公开；广告；注意,商务英语
analyse,'æn(ə)laɪz,,v.分析；分解；细察,商务英语
melt,mɛlt,,v.熔化，溶解；渐混 n.熔化；熔化物,商务英语
concentration,'kɑnsn'treʃən,,n.浓度；集中；浓缩；专心；集合,商务英语
vintage,'vɪntɪdʒ,,n.葡萄收获期；葡萄酒酿造期 a.古老的；最佳的；过时的 vt.采葡萄；用葡萄酿酒 vi.采葡萄,商务英语
marketing,'mɑrkɪtɪŋ,,n.行销，销售 v.出售；在市场上进行交易；使…上市（market的ing形式）,商务英语
ethical,'ɛθɪkl,,a.伦理的；道德的；凭处方出售的 n.处方药,商务英语
enormous,ɪ'nɔrməs,,a.庞大的，巨大的；凶暴的，极恶的,商务英语
landlady,'lændledi,,n.女房东；女地主；女店主,商务英语
economize,ɪ'kɑnə'maɪz,,v.节约，节省；有效地利用,商务英语
diploma,dɪ'plomə,,n.毕业证书，学位证书；公文，文书；奖状 vt.发给…毕业文凭,商务英语
recall,'rikɔl,,v.召回；回想起，记起；取消 n.召回；回忆；撤消,商务英语
omit,ə'mɪt,,v.省略；遗漏；删除；疏忽,商务英语
club,klʌb,,n.俱乐部，社团；夜总会；棍棒；（扑克牌中的）梅花 v.用棍棒打；募集 a.俱乐部的,商务英语
improvement,ɪm'prʊvmənt,,n.改进，改善；提高,商务英语
clue,klʊ,,n.线索；（故事等的）情节 v.为…提供线索；为…提供情况,商务英语
square,skwɛr,,a.平方的；正方形的；直角的；正直的 v.使成方形；与…一致 n.平方；广场；正方形 ad.成直角地,商务英语
dish,dɪʃ,,n.盘；餐具；一盘食物；外貌有吸引力的人 v.盛于碟盘中；分发；使某人的希望破灭；说（某人）的闲话,商务英语
manufacturing,",mænju'fæktʃərɪŋ",,a.制造的；制造业的 n.制造业；工业 v.制造；生产（manufacture的ing形式）,商务英语
apply,ə'plaɪ,,v.申请；涂，敷；应用,商务英语
proviso,prə'vaɪzo,,n.附带条件；附文；限制性条款,商务英语
synthetic,sɪn'θɛtɪk,,a.综合的；合成的，人造的 n.合成物,商务英语
CAD,,,abbr.计算机辅助设计（Computer - Aided Design）,商务英语
furniture,'fɝnɪtʃɚ,,n.家具；设备；储藏物,商务英语
correspondent,",kɔrə'spɑndənt",,n.通讯记者；客户；通信者；代理商行,商务英语
sophisticate,sə'fɪstɪkɪt,,v.弄复杂；使变得世故；曲解 n.久经世故的人；精通者,商务英语
shave,ʃev,,v.剃须，剃毛 n.刮脸，剃胡子；修面；<口>侥幸逃过，幸免；剃刀，刮刀,商务英语
endanger,ɪn'dendʒɚ,,v.危及；使遭到危险,商务英语
almost,'ɔlmost,,ad.差不多，几乎,商务英语
retreat,rɪ'trit,,n.撤退；休息寓所；撤退 v.撤退；退避；向后倾,商务英语
postpone,po'spon,,v.使…延期；把…放在次要地位；把…放在后面,商务英语
experiment,ɪk'sperɪmənt,,v.尝试；进行实验 n.实验，试验；尝试,商务英语
indemnification,"in,demnifi'keiʃən",,n.赔偿；保护；赦免；补偿金,商务英语
wonder,'wʌndɚ,,n.惊奇；奇迹；惊愕 v.怀疑；想知道；惊讶 a.奇妙的；非凡的,商务英语
action,'ækʃən,,n.行动；活动；功能；战斗；情节,商务英语
passbook,'pæs'bʊk,,n.银行存折；赊帐登录本,商务英语
obscure,əb'skjʊr,,a.昏暗的，朦胧的；晦涩的，不清楚的；隐蔽的；不著名的，无名的 v.使…模糊不清，掩盖；隐藏；使难理解 n.某种模糊的或不清楚的东西,商务英语
litigation,'lɪtə'geʃən,,n.诉讼；起诉,商务英语
nationalization,",næʃənəlai'zeiʃən, -li'z-",,n.国有化；同化，归化,商务英语
seniority,",sinɪ'ɔrəti",,n.长辈；老资格；前任者的特权,商务英语
penalty,'pɛnəlti,,n.罚款，罚金；处罚,商务英语
dirt,dɝt,,n.污垢，泥土；灰尘，尘土；下流话,商务英语
hire,'haɪɚ,,n.雇用，租用；租金，工钱 v.雇用；出租,商务英语
analyst,'ænəlɪst,,n.分析者；精神分析医师；分解者,商务英语
joint,dʒɔɪnt,,n.关节；接缝；接合处，接合点；（牛，羊等的腿）大块肉 a.共同的；连接的；联合的，合办的 v.连接，贴合；接合；使有接头,商务英语
occupation,",ɑkju'peʃən",,n.职业；占有；消遣；占有期,商务英语
hero,'hɪro,,n.英雄；男主角，男主人公,商务英语
authentic,ɔ'θɛntɪk,,a.真正的，真实的；可信的,商务英语
contract,'kɑntrækt,,v.收缩；感染；订约 n.合同；婚约,商务英语
momentum,mo'mɛntəm,,n.势头；[物] 动量；动力；冲力,商务英语
infringe,ɪn'frɪndʒ,,v.侵犯；违反；破坏,商务英语
copywriter,'kɑpɪraɪtɚ,,n.广告文字撰稿人,商务英语
dictate,'dɪktet,,v.命令；口述；使听写 n.命令；指示,商务英语
economist,ɪ'kɑnəmɪst,,n.经济学者；节俭的人,商务英语
arrangement,ə'rendʒmənt,,n.布置；整理；准备,商务英语
corporate,ˈkɔːrpərət,,a.法人的；共同的，全体的；社团的；公司的；企业的,商务英语
restore,rɪ'stɔr,,v.恢复；修复；归还,商务英语
perquisite,'pɝkwəzɪt,,n.额外补贴；临时津贴；特权,商务英语
organise,"'ɔrgə,naɪz",,v.组织起来；组织工会,商务英语
bourse,bʊrs,,n.交易所,商务英语
holistic,ho'lɪstɪk,,a.整体的；全盘的,商务英语
acting,'æktɪŋ,,a.代理的；装腔作势的 n.演技；演戏；假装,商务英语
quotation,kwo'teʃən,,n.[贸易] 报价单；引用语；引证,商务英语
scale,skel,,n.规模；比例；鳞；刻度；天平；数值范围 v.衡量；攀登；剥落；生水垢,商务英语
expansion,ɪk'spænʃən,,n.膨胀；阐述；扩张物,商务英语
manipulate,mə'nɪpjulet,,v.操纵；操作；巧妙地处理；篡改,商务英语
security,sə'kjʊrəti,,n.安全；保证；证券；抵押品 a.安全的；保安的；保密的,商务英语
disease,dɪ'ziz,,n.病，[医] 疾病；弊病 vt.传染；使…有病,商务英语
uneconomic,",ʌn,ikə'nɑmɪk",,a.不经济的；浪费的,商务英语
investment,ɪn'vɛstmənt,,n.投资；投入；封锁,商务英语
heyday,'hede,,n.全盛期 int.嘿！（表喜悦或惊奇等）,商务英语
super,'sʊpɚ,,a.特级的；极好的 n.特级品，特大号；临时雇员,商务英语
rate,ret,,n.比率，率；速度；价格；等级 v.认为；估价；责骂,商务英语
distribute,dɪ'strɪbjut,,v.分配；散布；分开；把…分类,商务英语
prosperous,'prɑspərəs,,a.繁荣的；兴旺的,商务英语
abrogate,'æbrəɡet,,v.废除；取消,商务英语
allotment,ə'lɑtmənt,,n.分配；分配物；养家费；命运,商务英语
below,bɪ'lo,,ad.在下面，在较低处；在本页下面 prep.在…下面 n.(Below)人名；(英、德、芬、瑞典)贝洛,商务英语
annulment,ə'nʌlmənt,,n.取消；废除,商务英语
distributor,dɪ'strɪbjətɚ,,n.经销商；批发商；[电] 分配器；分配者；散布者；[电] 配电盘,商务英语
perishables,'pɛrɪʃəblz,,n.易腐物品,商务英语
develop,dɪ'vɛləp,,v.开发；进步；使成长；使显影,商务英语
lonely,'lonli,,a.寂寞的；偏僻的 n.孤独者,商务英语
relevant,'rɛləvənt,,a.相关的；切题的；中肯的；有重大关系的；有意义的，目的明确的,商务英语
major,'medʒɚ,,a.主要的；重要的；主修的；较多的 n.[人类] 成年人；主修科目；陆军少校 v.主修,商务英语
rumour,'ru:mə,,n.谣言 v.传闻,商务英语
CBA,,,abbr.中国篮球协会（China Basketball Association）；成本效益分析（Cost-Benefit Analysis）,商务英语
hint,hɪnt,,n.暗示；线索 v.暗示；示意,商务英语
problem,'prɑbləm,,n.难题；引起麻烦的人 a.成问题的；难处理的,商务英语
spokesman,'spoksmən,,n.发言人；代言人,商务英语
instrument,'ɪnstrəmənt,,n.仪器；工具；乐器；手段；器械,商务英语
offer,'ɔfɚ,,v.提供；出价；试图 n.提议；出价；意图；录取通知书,商务英语
interface,'ɪntɚ'fes,,n.界面；<计>接口；交界面 v.（使通过界面或接口）接合，连接；[计算机]使联系,商务英语
morale,mə'ræl,,n.士气，斗志,商务英语
entertainment,'ɛntɚ'tenmənt,,n.娱乐；消遣；款待,商务英语
luxury,'lʌɡʒəri,,n.奢侈，奢华；奢侈品；享受 a.奢侈的,商务英语
schedule,'skɛdʒul; (canadian) ˈʃɛdʒʊl; ˈʃɛdjʊl,,v.安排，计划；编制目录；将……列入计划表 n.时间表；计划表；一览表,商务英语
anxious,'æŋkʃəs,,a.焦虑的；担忧的；渴望的；急切的,商务英语
remedy,'rɛmədi,,v.补救；治疗；纠正 n.补救；治疗；赔偿,商务英语
commodity,kə'mɑdəti,,n.商品，货物；日用品,商务英语
implementation,ɪmplɪmen'teɪʃ(ə)n,,n.[计] 实现；履行；安装启用,商务英语
cultivate,'kʌltɪvet,,v.培养；陶冶；耕作,商务英语
tender,'tɛndɚ,,a.温柔的；柔软的；脆弱的；幼稚的；难对付的 n.偿付，清偿；看管人；小船 v.提供，偿还；使…变嫩；使…变柔软,商务英语
scientific,",saɪən'tɪfɪk",,a.科学的，系统的,商务英语
actuals,'æktʃuəlz,,n.实际货物；现货,商务英语
spread,sprɛd,,v.传播；伸展 n.传播；伸展 a.伸展的,商务英语
claimant,'klemənt,,n.原告；[贸易] 索赔人；提出要求者,商务英语
embarrassing,ɪm'bærəsɪŋ,,a.使人尴尬的；令人为难的,商务英语
advance,əd'væns,,n.发展；前进；增长；预付款 v.提出；预付；使……前进；将……提前 a.预先的；先行的,商务英语
overtime,",ovə'taɪm",,n.[劳经] 加班时间；延长时间；加时赛 a.超时的；加班的 vt.使超过时间 ad.加班地,商务英语
faint,fent,,a.模糊的；头晕的；虚弱的；[医] 衰弱的 v.昏倒；变得微弱；变得没气力 n.[中医] 昏厥，昏倒,商务英语
replenish,rɪ'plɛnɪʃ,,v.补充，再装满；把…装满；给…添加燃料,商务英语
technique,tɛk'nik,,n.技巧，技术；手法,商务英语
succession,sək'sɛʃən,,n.连续；继位；继承权；[生态] 演替,商务英语
flop,flɑp,,v.笨拙地抛下；扑通放下；拍（翅） n.失败；砰然落下；拍击声 ad.扑通一声；恰巧,商务英语
allowance,ə'laʊəns,,n.津贴，零用钱；允许；限额 v.定量供应,商务英语
appear,ə'pɪr,,v.出现；显得；似乎；出庭；登场,商务英语
clinic,'klɪnɪk,,n.临床；诊所,商务英语
treatment,'tritmənt,,n.治疗，疗法；处理；对待,商务英语
misunderstand,",mɪsʌndɚ'stænd",,v.误解；误会,商务英语
speculate,'spɛkjə'let,,v.推测；投机；思索,商务英语
maintain,men'ten,,v.维持；继续；维修；主张；供养,商务英语
impulsive,ɪm'pʌlsɪv,,a.冲动的；受感情驱使的；任性的,商务英语
flow,flo,,v.流动，涌流；川流不息；飘扬 n.流动；流量；涨潮，泛滥,商务英语
production,prə'dʌkʃən,,n.成果；产品；生产；作品,商务英语
temperature,'tɛmprətʃɚ,,n.温度；体温；气温；发烧,商务英语
feedback,'fidbæk,,n.反馈；成果，资料；回复,商务英语
although,ɔl'ðo,,conj.尽管；虽然；但是；然而,商务英语
liquidate,'lɪkwɪdet,,v.清算；偿付；消除,商务英语
hide,haɪd,,v.隐藏；隐瞒；鞭打 n.躲藏；兽皮；躲藏处,商务英语
valuation,",vælju'eʃən",,n.评价，估价；计算,商务英语
comprehensive,ˌkɑːmprɪˈhensɪv,,a.综合的；广泛的；有理解力的 n.综合学校；专业综合测验,商务英语
appeal,ə'pil,,v.呼吁，恳求；上诉；诉诸，求助；有吸引力，迎合爱好；（体育比赛中）诉诸裁判 n.呼吁，请求；吸引力，感染力；上诉；诉诸裁判,商务英语
overtake,",ovɚ'tek",,v.赶上；压倒；突然来袭,商务英语
notepad,'not'pæd,,n.笔记本；记事手册,商务英语
cheat,tʃit,,v.欺骗；骗取 n.欺骗，作弊；骗子,商务英语
relatively,'rɛlətɪvli,,ad.相当地；相对地，比较地,商务英语
suggest,sə'dʒɛst,,v.提议，建议；启发；使人想起；显示；暗示,商务英语
misuse,",mɪs'jus",,v.滥用；误用；虐待 n.滥用；误用；虐待,商务英语
system,'sɪstəm,,n.制度，体制；系统；方法,商务英语
backlog,'bæklɔɡ,,n.[管理] 积压的工作；积压待办的事务；大木材 v.储备；把…积压起来,商务英语
pastime,'pæstaɪm,,n.娱乐，消遣,商务英语
bottom,'bɑtəm,,n.底部；末端；臀部；尽头 a.底部的 v.装底；测量深浅；查明真相,商务英语
advocate,ˈædvəkeɪt；-et,,v.提倡，主张，拥护 n.提倡者；支持者；律师,商务英语
cheap,tʃip,,a.便宜的；小气的；不值钱的 ad.便宜地,商务英语
specify,'spɛsɪfaɪ,,v.指定；详细说明；列举；把…列入说明书,商务英语
deadline,ˈdedlaɪn,,n.截止期限，最后期限,商务英语
abolish,ə'bɑlɪʃ,,v.废除，废止；取消，革除,商务英语
admire,ədˈmaɪr,,v.钦佩；赞美,商务英语
behave,bɪ'hev,,v.表现；（机器等）运转；举止端正；（事物）起某种作用,商务英语
bureaucracy,bjʊ'rɑkrəsi,,n.官僚主义；官僚机构；官僚政治,商务英语
eliminate,ɪ'lɪmɪnet,,v.消除；排除,商务英语
tournament,'tɔnəmənt,,n.锦标赛，联赛；比赛,商务英语
press,prɛs,,v.压；按；逼迫；紧抱 n.压；按；新闻；出版社；[印刷] 印刷机,商务英语
sort,sɔrt,,n.种类；方式；品质 v.分类；协调；交往,商务英语
advert,ædˈvɚt,,v.注意；谈到 n.广告,商务英语
minimum,'mɪnɪməm,,n.最小值；最低限度；最小化；最小量 a.最小的；最低的,商务英语
corridor,'kɔrɪdɔr,,n.走廊,商务英语
advise,əd'vaɪz,,v.建议；劝告，忠告；通知；警告,商务英语
proprietor,prə'praɪətɚ,,n.业主；所有者；经营者,商务英语
expensive,ɪk'spɛnsɪv,,a.昂贵的；花钱的,商务英语
run,rʌn,,v.经营；奔跑；运转 n.奔跑；赛跑；趋向；奔跑的路程,商务英语
laundry,'lɔndri,,n.洗衣店，洗衣房；要洗的衣服；洗熨；洗好的衣服,商务英语
iron,'aɪɚn,,n.熨斗；烙铁；坚强 v.熨；用铁铸成 a.铁的；残酷的；刚强的,商务英语
absolute,'æbsəlut,,a.绝对的；完全的；专制的 n.绝对；绝对事物,商务英语
strike,straɪk,,v.打，打击；罢工；敲，敲击；抓；打动；穿透 n.罢工；打击；殴打,商务英语
adventure,əd'vɛntʃɚ,,n.冒险；冒险精神；投机活动 v.冒险；大胆说出,商务英语
significant,sɪɡ'nɪfɪkənt,,a.重大的；有效的；有意义的；值得注意的；意味深长的 n.象征；有意义的事物,商务英语
viability,",vaɪə'bɪləti",,n.生存能力，发育能力；可行性,商务英语
autonomous,ɔ'tɑnəməs,,a.自治的；自主的；自发的,商务英语
relevance,'rɛləvəns,,n.关联；适当；中肯,商务英语
pick,pɪk,,v.挑选；采摘；挖 n.选择；鹤嘴锄；挖；掩护,商务英语
annoy,ə'nɔɪ,,v.骚扰；惹恼；打搅 n.烦恼（等于annoyance）,商务英语
scrutiny,'skrutəni,,n.详细审查；监视；细看；选票复查,商务英语
dubious,'dubɪəs,,a.可疑的；暧昧的；无把握的；半信半疑的,商务英语
procedure,prə'sidʒɚ,,n.程序，手续；步骤,商务英语
sensitive,'sɛnsətɪv,,a.敏感的；感觉的；[仪] 灵敏的；感光的；易受伤害的；易受影响的 n.敏感的人；有灵异能力的人,商务英语
canteen,kænˈtiːn,,n.食堂，小卖部；水壶,商务英语
franchise,'fræntʃaɪz,,n.特权；公民权；经销权；管辖权 v.给…以特许（或特权）；赋予公民权,商务英语
trust,trʌst,,n.信任，信赖；责任；托拉斯 v.信任，信赖；盼望；赊卖给,商务英语
cancellation,",kænsə'leʃən",,n.取消；删除,商务英语
liable,'laɪəbl,,a.有责任的，有义务的；应受罚的；有…倾向的；易…的,商务英语
cartel,kɑr'tɛl,,n.卡特尔；企业联合；垄断联盟；俘虏交换条约,商务英语
jail,dʒel,,n.监狱；监牢；拘留所 v.监禁；下狱,商务英语
admit,əd'mɪt,,v.承认；准许进入；可容纳,商务英语
medium,'midɪəm,,a.中间的，中等的；半生熟的 n.方法；媒体；媒介；中间物,商务英语
printer,'prɪntɚ,,n.[计] 打印机；印刷工；印花工,商务英语
assignment,ə'saɪnmənt,,n.分配；任务；作业；功课,商务英语
remain,rɪ'men,,v.保持；依然；留下；剩余；逗留；残存 n.遗迹；剩余物，残骸,商务英语
admin,'ædmɪn,,abbr.管理，行政（administration）,商务英语
chart,tʃɑrt,,n.图表；海图；图纸；排行榜 v.绘制…的图表；在海图上标出；详细计划；记录；记述；跟踪（进展或发展,商务英语
arise,ə'raɪz,,v.出现；上升；起立 n.(Arise)人名；(西)阿里塞；(日)在濑(姓),商务英语
progress,'prɑɡrɛs,,n.进步，发展；前进 v.前进，进步；进行,商务英语
emergency,ɪ'mɝdʒənsi,,n.紧急情况；突发事件；非常时刻 a.紧急的；备用的,商务英语
implicit,ɪm'plɪsɪt,,a.含蓄的；暗示的；盲从的,商务英语
perform,pɚ'fɔrm,,v.执行；完成；演奏,商务英语
publicize,'pʌblɪsaɪz,,v.宣传；公布,商务英语
procurement,prə'kjʊrmənt,,n.采购；获得，取得,商务英语
bailment,'belmənt,,n.寄托，委托；保释；寄托买卖,商务英语
curious,'kjʊrɪəs,,a.好奇的，有求知欲的；古怪的；爱挑剔的,商务英语
card,kɑrd,,n.卡片；纸牌；明信片 v.记于卡片上,商务英语
aptitude,"ˈæptɪˌtud, -ˌtjud",,n.天资；自然倾向；适宜,商务英语
demand,dɪ'mænd,,v.要求；需要；查询 n.[经] 需求；要求；需要,商务英语
ion,'aɪən,,n.[化学] 离子,商务英语
declaration,",dɛklə'reʃən",,n.（纳税品等的）申报；宣布；公告；申诉书,商务英语
outsource,'aʊtsɔrs,,v.把…外包,商务英语
spare,spɛr,,v.节约，吝惜；饶恕；分出，分让 a.多余的；瘦的；少量的 n.剩余；备用零件,商务英语
agriculture,'æɡrɪkʌltʃɚ,,n.农业；农耕；农业生产；农艺，农学,商务英语
consignment,kən'saɪnmənt,,n.委托；运送；托付物,商务英语
friction,'frɪkʃən,,n.摩擦，[力] 摩擦力,商务英语
collaborate,kə'læbəret,,v.合作；勾结，通敌,商务英语
extraction,ɪk'strækʃən,,n.取出；抽出；拔出；抽出物；出身,商务英语
vary,ˈveri,,v.变化；变异；违反 n.(Vary)人名；(英、法、罗、柬)瓦里,商务英语
defective,dɪ'fɛktɪv,,a.有缺陷的；不完美的 n.有缺陷的人；不完全变化词,商务英语
tourist,'tʊrɪst,,n.旅行者，观光客 a.旅游的 vt.在旅行参观 vi.旅游；观光 ad.坐旅游车厢；坐经济舱,商务英语
railway,'relwe,,n.（英）铁路；轨道；铁道部门 vi.乘火车旅行,商务英语
ceiling,'silɪŋ,,n.天花板；上限,商务英语
rub,rʌb,,v.擦；摩擦；惹怒 n.摩擦；障碍；磨损处,商务英语
cash,kæʃ,,n.现款，现金 v.将…兑现；支付现款,商务英语
maximize,'mæksɪmaɪz,,v.取…最大值；对…极为重视,商务英语
saver,'sevɚ,,n.救助者；节俭的人；节约装置,商务英语
exporter,ɛk'spɔrtɚ,,n.出口商；输出国,商务英语
subsidiary,səb'sɪdɪɛri,,a.附属的；辅助的 n.子公司；辅助者,商务英语
regulate,'rɛɡjulet,,v.调节，规定；控制；校准；有系统的管理,商务英语
quarter,'kwɔrtɚ,,n.四分之一；地区；季度；一刻钟；两角五分；节 v.住宿；驻扎 num.四分之一,商务英语
attempt,ə'tɛmpt,,n.企图，试图；攻击 v.企图，试图；尝试,商务英语
legal,'ligl,,a.法律的；合法的；法定的；依照法律的 n.(Legal)人名；(法)勒加尔,商务英语
valid,'vælɪd,,a.有效的；有根据的；合法的；正当的,商务英语
dominance,'dɔmɪnəns,,n.优势；统治；支配,商务英语
insure,ɪn'ʃʊr,,v.确保，保证；给…保险,商务英语
managerial,",mænə'dʒɪrɪəl",,a.[管理] 管理的；经理的,商务英语
garment,'gɑrmənt,,n.衣服，服装；外表，外观 v.给…穿衣服,商务英语
acute,ə'kjut,,a.严重的，[医] 急性的；敏锐的；激烈的；尖声的,商务英语
caretaker,'kɛr'tekɚ,,n.看管者；看门人；守护者 a.临时代理的,商务英语
subscription,səb'skrɪpʃən,,n.捐献；订阅；订金；签署,商务英语
accessory,ək'sɛsəri,,n.配件；附件；[法] 从犯 a.副的；同谋的；附属的,商务英语
exploratory,ɪk'splɔrətɔri,,a.勘探的；探究的；考察的,商务英语
precious,'prɛʃəs,,a.宝贵的；珍贵的；矫揉造作的 n.(Precious)人名；(英)普雷舍斯，普雷舍丝(女名),商务英语
dirty,ˈdɝ​tɪ,,a.下流的，卑鄙的；肮脏的；恶劣的；暗淡的 v.弄脏,商务英语
grateful,'ɡretfl,,a.感谢的；令人愉快的，宜人的,商务英语
drill,drɪl,,n.训练；钻孔机；钻子；播种机 v.钻孔；训练,商务英语
debit,'dɛbɪt,,v.记入借方，登入借方 n.借方,商务英语
question,'kwɛstʃən,,n.问题，疑问；询问；疑问句 v.询问；怀疑；审问,商务英语
multiple,'mʌltəpl,,a.多重的；多样的；许多的 n.倍数；[电] 并联,商务英语
beneath,bɪˈniːθ,,prep.在…之下 ad.在下方,商务英语
chip,tʃɪp,,v.削，凿；削成碎片 n.[电子] 芯片；筹码；碎片；(食物的) 小片; 薄片,商务英语
refurbishment,rɪ'fɝbɪʃmənt,,n.整修；翻新；重新磨亮,商务英语
smuggle,'smʌgl,,v.走私；偷运,商务英语
forecast,'fɔrkæst,,v.预报，预测；预示 n.预测，预报；预想,商务英语
strength,strɛŋθ,,n.力量；力气；兵力；长处,商务英语
differentiation,",dɪfə,rɛnʃi'eʃən",,n.变异，[生物] 分化；区别,商务英语
community,kə'mjʊnəti,,n.社区；[生态] 群落；共同体；团体,商务英语
multiply,'mʌltɪplaɪ,,v.乘；使增加；使繁殖；使相乘 ad.多样地；复合地 a.多层的；多样的,商务英语
underinsured,",ʌndərɪn'ʃʊrd",,a.投保额低于实际价值的,商务英语
adult,'ædʌlt,,a.成年的；成熟的 n.成年人,商务英语
stagnation,stæg'neʃən,,n.停滞；滞止,商务英语
general,'dʒɛnrəl,,a.一般的，普通的；综合的；大体的 n.一般；将军，上将；常规,商务英语
appointment,ə'pɔɪntmənt,,n.任命；约定；任命的职位,商务英语
entrepreneur,ˌɑntrəprəˈnɝ​,,n.企业家；承包人；主办者,商务英语
subtract,səb'trækt,,v.减去；扣掉,商务英语
representative,'rɛprɪ'zɛntətɪv,,a.典型的，有代表性的；代议制的 n.代表；典型；众议员,商务英语
alarm,ə'lɑrm,,n.闹钟；警报，警告器；惊慌 v.警告；使惊恐,商务英语
charge,tʃɑrdʒ,,n.费用；电荷；掌管；控告；命令；负载 v.使充电；使承担；指责；装载；对…索费；向…冲去,商务英语
originally,ə'rɪdʒənəli,,ad.最初，起初；本来,商务英语
ferry,'fɛri,,n.渡船；摆渡；渡口 v.（乘渡船）渡过；用渡船运送；空运,商务英语
penalize,'pinəlaɪz,,v.处罚；处刑；使不利,商务英语
pipeline,'paɪplaɪn,,n.管道；输油管；传递途径,商务英语
designate,'dɛzɪɡnet,,v.指定；指派；标出；把…定名为 a.指定的；选定的,商务英语
lodge,lɑdʒ,,n.旅馆；门房；集会处；山林小屋 v.提出；寄存；借住；嵌入,商务英语
birth,bɝθ,,n.出生；血统，出身；起源,商务英语
articulate,ɑr'tɪkjulet,,v.清晰地发（音）；明确有力地表达；用关节连接；使相互连贯 a.发音清晰的；口才好的；有关节的 n.【动物学】有节体的动物,商务英语
leaver,'livɚ,,n.离开者（常指学校毕业生）,商务英语
zero,ˈzɪərəʊ,,n.零点，零度 num.零,商务英语
mill,mɪl,,v.乱转；被碾磨 n.工厂；磨坊；磨粉机；制造厂；压榨机,商务英语
apologize,ə'pɑlədʒaɪz,,v.道歉；辩解；赔不是,商务英语
stock,stɑk,,n.股份，股票；库存；血统；树干；家畜 a.存货的，常备的；平凡的 v.进货；备有；装把手于…,商务英语
customize,'kʌstəmaɪz,,v.定做，按客户具体要求制造,商务英语
mile,maɪl,,n.英里；一英里赛跑；较大的距离,商务英语
rapport,ræ'pɔr,,n.密切关系，交往；和谐一致,商务英语
credentials,krə'dɛnʃlz,,n.[管理] 证书；文凭；信任状（credential的复数） v.得到信用；授…以证书（credential的三单形式）,商务英语
working,'wɝkɪŋ,,a.工作的；操作的；可行的 n.工作；活动；制作；操纵 v.工作；影响；受雇用（work的ing形式）,商务英语
bilateral,",baɪ'lætərəl",,a.双边的；有两边的,商务英语
endorsement,ɪn'dɔrsmənt,,n.认可，支持；背书；签注（文件）,商务英语
sole,sol,,n.鞋底；脚底；基础；鳎目鱼 a.唯一的；单独的；仅有的 v.触底；上鞋底,商务英语
exchange,ɪks'tʃendʒ,,n.交换；交流；交易所；兑换 v.交换；交易；兑换,商务英语
confusion,kən'fjʊʒən,,n.混淆，混乱；困惑,商务英语
nod,nɑd,,n.点头；打盹；摆动 v.点头；点头表示,商务英语
sideline,'saɪdlaɪn,,n.副业；球场边线；局外人的观点 v.迫使退出 a.倾斜的,商务英语
misconception,'mɪskən'sɛpʃən,,n.误解；错觉；错误想法,商务英语
triplicate,'trɪplɪkət,,n.一式三份 a.一式三份的；三联的,商务英语
productive,prə'dʌktɪv,,a.能生产的；生产的，生产性的；多产的；富有成效的,商务英语
overseas,",ovɚ'siz",,ad.在海外，海外 a.海外的，国外的,商务英语
factorage,'fæktərɪdʒ,,n.代理厂商；手续费,商务英语
krona,'kronə,,n.克朗（瑞典及冰岛的货币单位）,商务英语
decertify,"di'sɚtə,fai",,v.收回…的证件；收回执照,商务英语
saturate,'sætʃərɪt,,v.浸透，使湿透；使饱和，使充满 a.浸透的，饱和的；深颜色的,商务英语
dusty,'dʌsti,,a.落满灰尘的,商务英语
solid,'sɑlɪd,,a.固体的；可靠的；立体的；结实的；一致的 n.固体；立方体,商务英语
sap,sæp,,n.[植] 树液；精力，元气；活力；坑道 v.使衰竭，使伤元气；挖掘以破坏基础,商务英语
probable,'prɑbəbl,,a.很可能的；可信的 n.很可能的事；大有希望的候选者,商务英语
visual,'vɪʒʊəl,,a.视觉的，视力的；栩栩如生的,商务英语
start,stɑrt,,v.开始；启动 n.开始；起点,商务英语
vocational,vo'keʃənl,,a.职业的，行业的,商务英语
footnote,'fʊt'not,,n.脚注；补充说明 v.给…作脚注；在脚注里评议,商务英语
prize,praɪz,,n.奖品；奖赏；战利品 v.珍视；捕获；估价 a.获奖的,商务英语
closure,'kloʒɚ,,n.关闭；终止，结束 v.使终止,商务英语
conclusion,kən'kluʒn,,n.结论；结局；推论,商务英语
strict,strɪkt,,a.严格的；绝对的；精确的；详细的,商务英语
knockdown,"'nɑk,daʊn",,a.击倒的；可拆卸的；廉价的 n.把人打倒的一击；可拆卸的东西；降价,商务英语
creditor,'krɛdɪtɚ,,n.债权人，贷方,商务英语
culture,'kʌltʃɚ,,n.文化，文明；修养；栽培 v.[细胞][微] 培养（等于cultivate）,商务英语
Internet,'ɪntɚnɛt,,n.因特网,商务英语
destine,'dɛstɪn,,v.注定；命定；预定,商务英语
range,rendʒ,,n.范围；幅度；排；山脉 v.（在内）变动；平行，列为一行；延伸；漫游；射程达到,商务英语
backward,'bækwɚd,,a.向后的；反向的；发展迟缓的 ad.向后地；相反地,商务英语
assembly,ə'sɛmbli,,n.装配；集会，集合,商务英语
complexity,kəm'plɛksəti,,n.复杂，复杂性；复杂错综的事物,商务英语
line,laɪn,,n.路线，航线；排；绳 v.排成一行；划线于；以线条标示；使…起皱纹,商务英语
delegate,"ˈdɛləgɪt; (for v.,) ˈdɛləˌgeɪt",,v.委派…为代表 n.代表,商务英语
precaution,prɪ'kɔʃən,,n.预防，警惕；预防措施 vt.警惕；预先警告,商务英语
attitude,'ætɪtʊd,,n.态度；看法；意见；姿势,商务英语
reticent,'rɛtɪsnt,,a.沉默的；有保留的；谨慎的,商务英语
circumstance,'sɝkəmstæns,,n.环境，情况；事件；境遇,商务英语
genuine,'dʒɛnjʊɪn,,a.真实的，真正的；诚恳的,商务英语
revert,rɪ'vɝt,,v.回复；重提；返祖遗传；归还 n.恢复原状者,商务英语
toiletry,'tɔɪlɪtri,,n.化妆品；化妆用具,商务英语
pile,paɪl,,n.堆；大量；建筑群 v.累积；打桩于,商务英语
mine,maɪn,,n.矿，矿藏；矿山，矿井；地雷，水雷 v.开采，采掘；在…布雷 pron.我的,商务英语
district,'dɪstrɪkt,,n.区域；地方；行政区,商务英语
unemployed,",ʌnɪm'plɔɪd",,a.失业的；未被利用的,商务英语
resolve,rɪ'zɑlv,,v.决定；溶解；使…分解；决心要做… n.坚决；决定要做的事,商务英语
observation,",ɑbzɚ'veʃən",,n.观察；监视；观察报告,商务英语
slash,slæʃ,,v.猛砍；鞭打；严厉批评；大幅度裁减或削减 n.削减；斜线；猛砍；砍痕；沼泽低地,商务英语
centralization,英 [ˌsentrəlaɪ'zeɪʃn] 美 [ˌsentrəlaɪ'zeɪʃn],,n.集中化；中央集权管理,商务英语
coordinate,ko'ɔrdɪnet,,n.坐标；同等的人或物 a.并列的；同等的 v.调整；整合,商务英语
drag,dræg,,v.拖累；拖拉；缓慢而吃力地行进 n.拖；拖累,商务英语
automation,",ɔtə'meʃən",,n.自动化；自动操作,商务英语
legislation,",lɛdʒɪs'leʃən",,n.立法；法律,商务英语
fortnight,'fɔrtnaɪt,,n.两星期,商务英语
tackle,'tækl,,n.滑车；装备；用具；扭倒 v.处理；抓住；固定；与…交涉,商务英语
injure,'ɪndʒɚ,,v.伤害，损害,商务英语
verbal,'vɝbl,,a.口头的；言语的；动词的；照字面的 n.动词的非谓语形式,商务英语
arrange,ə'rendʒ,,v.安排；排列；整理,商务英语
process,'prɑsɛs,,v.处理；加工 n.过程，进行；方法，步骤；作用；程序；推移 a.经过特殊加工（或处理）的,商务英语
chair,tʃɛr,,n.椅子；讲座；（会议的）主席位；大学教授的职位 v.担任（会议的）主席；使…入座；使就任要职,商务英语
assemble,ə'sɛmbl,,v.集合，聚集；装配；收集,商务英语
chain,tʃen,,n.链；束缚；枷锁 v.束缚；囚禁；用铁链锁住,商务英语
proportional,prə'pɔrʃənl,,a.比例的，成比例的；相称的，均衡的 n.[数] 比例项,商务英语
injury,'ɪndʒəri,,n.伤害，损害；受伤处,商务英语
revise,rɪ'vaɪz,,v.修正；复习；校订 n.修订；校订,商务英语
tour,tʊr,,n.旅游，旅行；巡回演出 v.旅行，在……旅游；在……作巡回演出,商务英语
broker,'brokɚ,,n.经纪人，掮客 v.作为权力经纪人进行谈判,商务英语
adman,'ædmæn,,n.广告商；广告撰写员,商务英语
proceeds,'prosidz,,n.收入，收益；实收款项,商务英语
lessee,lɛ'si,,n.承租人,商务英语
procure,prə'kjʊr,,v.获得，取得；导致,商务英语
belong,bɪ'lɔŋ,,v.属于，应归入；居住；适宜；应被放置,商务英语
transaction,træn'zækʃən,,n.交易；事务；办理；会报，学报,商务英语
offshore,",ɔf'ʃɔr",,a.离岸的；[海洋] 近海的；吹向海面的 ad.向海面，向海,商务英语
decline,dɪ'klaɪn,,n.下降；衰退；斜面 v.下降；衰落；谢绝,商务英语
courage,'kɝrɪdʒ,,n.勇气；胆量,商务英语
patent,'pætnt,,v.授予专利；取得…的专利权 a.专利的；新奇的；显然的 n.专利权；执照；专利品,商务英语
transit,'træzɪt,,n.运输；经过 v.运送,商务英语
function,'fʌŋkʃən,,n.功能；[数] 函数；职责；盛大的集会 v.运行；活动；行使职责,商务英语
anchor,'æŋkɚ,,n.锚；抛锚停泊；靠山；新闻节目主播 v.抛锚；使固定；主持节目 a.末棒的；最后一棒的,商务英语
mercantilism,mɝ'kæntɪlɪzəm,,n.重商主义；商人本性；商业主义,商务英语
commute,kə'mjʊt,,v.（搭乘车、船等）通勤；代偿 n.通勤（口语）,商务英语
annex,əˈnɛks; æˈnɛks; (for n.) ˈænˌɛks,,v.附加；获得；并吞 n.附加物；附属建筑物,商务英语
remunerate,rɪ'mjunəret,,v.酬劳；给与报酬；赔偿,商务英语
fund,fʌnd,,n.基金；资金；存款 v.投资；资助,商务英语
yearly,'jɪrli,,a.每年的 ad.每年；一年一次 n.年刊；年鉴,商务英语
head,hɛd,,n.头；头痛；上端；最前的部分；理解力 v.前进；用头顶；作为…的首领；站在…的前头；给…加标题 a.头的；主要的；在顶端的,商务英语
bidder,'bɪdɚ,,n.投标人；出价人；命令者,商务英语
chief,tʃif,,n.首领；酋长；主要部分 a.首席的；主要的；主任的 ad.主要地；首要地,商务英语
counterpart,'kaʊntɚpɑrt,,n.副本；配对物；极相似的人或物,商务英语
achievement,ə'tʃivmənt,,n.成就；完成；达到；成绩,商务英语
nasty,'næsti,,a.下流的；肮脏的；脾气不好的；险恶的 n.令人不快的事物,商务英语
mark,mɑːk,,n.标志；马克；符号；痕迹；分数 v.作记号,商务英语
temptation,tɛmp'teʃən,,n.引诱；诱惑物,商务英语
proofread,'prufrid,,v.校对，校勘,商务英语
revamp,",ri'væmp",,v.修补；翻新；修改 n.改进；换新鞋面,商务英语
adjacent,ə'dʒesnt,,a.邻近的，毗连的,商务英语
hearing,'hɪrɪŋ,,n.听力；审讯，听讯 v.听见（hear的ing形式）,商务英语
dwarf,dwɔrf,,v.变矮小 n.侏儒，矮子 a.矮小的,商务英语
presentation,",prizɛn'teʃən",,n.展示；描述，陈述；介绍；赠送,商务英语
batch,bætʃ,,n.一批；一炉；一次所制之量 v.分批处理,商务英语
confidentiality,",kɑnfɪ,dɛnʃɪ'æləti",,n.机密，[计] 机密性,商务英语
overvalued,",əuvə'væljud",,a.高估的；估价过高的 v.定价过高（overvalue的过去分词）,商务英语
regulation,ˌrɛɡjəˈleʃən,,n.管理；规则；校准 a.规定的；平常的,商务英语
policy,'pɑləsi,,n.政策，方针；保险单,商务英语
diagram,'daɪəɡræm,,n.图表；图解 v.用图解法表示,商务英语
manpower,'mænpaʊɚ,,n.人力；人力资源；劳动力,商务英语
forwarder,'fɔrwɚdɚ,,n.运送者，促进者；传送装置,商务英语
media,'miːdɪə,,n.媒体；媒质（medium的复数）；血管中层；浊塞音；中脉,商务英语
checkout,'tʃɛkaʊt,,n.检验；签出；结账台；检出,商务英语
administration,"əd,mɪnɪ'streʃən",,n.管理；行政；实施；行政机构,商务英语
calm,kɑm,,a.静的，平静的；沉着的 v.使平静；使镇定 n.风平浪静,商务英语
jobbing,'dʒɑbɪŋ,,a.包工的；雇来承包规定活计的；做零活的 v.批购（货物）转卖给零售商；做零工（job的ing形式）,商务英语
call,kɔl,,v.呼叫；拜访；叫牌 n.电话；呼叫；要求；访问,商务英语
decide,dɪ'saɪd,,v.决定；解决；判决,商务英语
reinsure,",ri:in'ʃuə",,v.再保险；分保,商务英语
payable,'peəbl,,a.应付的；到期的；可付的；可获利的,商务英语
conclusive,kən'klusɪv,,a.决定性的；最后的；确实的；确定性的,商务英语
gross,ɡros,,a.总共的；粗野的；恶劣的；显而易见的 v.总共收入 n.总额，总数,商务英语
paper,'pepɚ,,n.纸；论文；文件；报纸 a.纸做的 v.用纸糊；用纸包装,商务英语
issue,'ɪʃu,,n.问题；流出；期号；发行物 v.发行，发布；发给；放出，排出,商务英语
redundant,rɪ'dʌndənt,,a.多余的，过剩的；被解雇的，失业的；冗长的，累赘的,商务英语
trough,trɔf,,n.水槽，水槽；低谷期；饲料槽；低气压,商务英语
quarantine,'kwɔrən'tin,,v.检疫；隔离；使隔离 n.检疫；隔离；检疫期；封锁,商务英语
temporary,'tɛmpə'rɛri,,a.暂时的，临时的 n.临时工，临时雇员,商务英语
attribute,ə'trɪbjut,,n.属性；特质 v.归属；把…归于,商务英语
restaurant,ˈrɛstəˌrɑnt; ˈrɛstərənt; ˈrɛsˌtrɑnt,,n.餐馆；[经] 饭店,商务英语
mailbox,'mel'bɑks,,n.邮箱；邮筒,商务英语
disadvantage,",dɪsəd'væntɪdʒ",,n.缺点；不利条件；损失,商务英语
magazine,'mæɡəzin,,n.杂志；弹药库；胶卷盒,商务英语
opponent,ə'ponənt,,n.对手；反对者；敌手 a.对立的；敌对的,商务英语
rider,'raɪdɚ,,n.骑手；附文；扶手,商务英语
quota,'kwotə,,n.配额；定额；限额,商务英语
landing,'lændɪŋ,,n.登陆；码头；楼梯平台 v.登陆（land的ing形式）,商务英语
collateral,kə'lætərəl,,a.并行的；旁系的；附属的 n.抵押品；[法] 担保品；旁系亲属,商务英语
quote,kwot,,v.报价；引述；举证 n.引用,商务英语
leader,'lidɚ,,n.领导者；首领；指挥者,商务英语
temporarily,ˈtɛmpəˌrɛrili,,ad.临时地，临时,商务英语
recruitment,rɪ'krʊtmənt,,n.补充；征募新兵,商务英语
blow,blo,,n.吹；打击；殴打 v.风吹；喘气,商务英语
minutes,'minits,,n.分钟（minute的复数）；会议记录；备忘录 v.把…记录在案；为…测定时间（minute的单三形式）,商务英语
check,tʃɛk,,v.检查，核对；制止，抑制；在…上打勾 n.<美>支票；制止，抑制；检验，核对,商务英语
inch,ɪntʃ,,n.英寸；身高；少许 v.使缓慢地移动,商务英语
vision,'vɪʒən,,n.视力；美景；眼力；幻象；想象力；幻视（漫威漫画旗下超级英雄） vt.想象；显现；梦见,商务英语
suitcase,'sutkes,,n.[轻] 手提箱；衣箱,商务英语
tense,tɛns,,a.紧张的；拉紧的 v.变得紧张；使拉紧 n.时态,商务英语
paramount,'pærəmaʊnt,,a.最重要的，主要的；至高无上的 n.最高统治者,商务英语
ultimately,'ʌltɪmətli,,ad.最后；根本；基本上,商务英语
century,'sɛntʃəri,,n.世纪，百年；（板球）一百分,商务英语
grievance,'grivəns,,n.不满，不平；委屈；冤情,商务英语
addition,ə'dɪʃən,,n.添加；[数] 加法；增加物,商务英语
decimal,'dɛsɪml,,a.小数的；十进位的 n.小数,商务英语
letterhead,'lɛtɚhɛd,,n.印在信纸的信头；印有信头的信纸,商务英语
labour,'leibə,,n.劳动力，人工；分娩 v.劳动；分娩；费力地前进,商务英语
overpay,",əuvə'pei",,v.多付；多给报酬,商务英语
amuse,ə'mjuz,,v.娱乐；消遣；使发笑；使愉快,商务英语
flexitime,'flɛksɪtaɪm,,n.弹性上班制（等于flextime）,商务英语
address,ə'drɛs,,v.演说；从事；忙于；写姓名地址；向…致辞；与…说话；提出；处理 n.地址；演讲；致辞；说话的技巧；称呼,商务英语
deprive,dɪ'praɪv,,v.使丧失，剥夺,商务英语
infect,ɪn'fɛkt,,v.感染，传染,商务英语
target,'tɑrɡɪt,,n.目标；靶子 v.把……作为目标；规定……的指标；瞄准某物,商务英语
group,ɡrup,,n.组；团体 a.群的；团体的 v.聚合,商务英语
specialty,'spɛʃəlti,,n.专业，专长；特产；特性；招牌菜 a.特色的；专门的；独立的,商务英语
average,'ævərɪdʒ,,n.平均；平均数；海损 a.平均的；普通的；通常的 v.算出…的平均数；将…平均分配；使…平衡,商务英语
nil,nɪl,,n.无，零,商务英语
educate,'ɛdʒuket,,v.教育；培养；训练,商务英语
total,'totl,,a.全部的；完全的；整个的 v.总数达 n.总数，合计,商务英语
benefit,'bɛnɪfɪt,,n.利益，好处；救济金 v.有益于，对…有益,商务英语
workforce,'wɝkfɔrs,,n.劳动力；工人总数，职工总数,商务英语
diversify,daɪˈvɜrsəˌfaɪ,,v.使多样化，使变化；增加产品种类以扩大,商务英语
overturn,'ovətɝn,,v.推翻；倾覆；破坏 n.倾覆；周转；破灭,商务英语
search,sɝtʃ,,v.搜寻；调查；探求 n.搜寻；探究，查究,商务英语
deflation,dɪ'fleʃən,,n.通货紧缩；放气,商务英语
untapped,",ʌn'tæpt",,a.未开发的；未使用的；塞子未开的,商务英语
contribution,",kɑntrɪ'bjuʃən",,n.贡献；捐献；投稿,商务英语
overqualified,",ovɚ'kwɔlɪfaɪd",,ad.条件太好地；超过合格之最低要求 a.资历过高的,商务英语
black,blæk,,a.黑色的；黑人的；邪恶的 n.黑色；黑人；黑颜料 v.使变黑；把鞋油等涂在…上；把（眼眶）打成青肿,商务英语
undue,",ʌn'du",,a.过度的，过分的；不适当的；未到期的,商务英语
commentator,'kɑmən'tetɚ,,n.评论员，解说员；实况播音员；时事评论者,商务英语
refurbish,",ri'fɝbɪʃ",,v.刷新；再磨光,商务英语
basement,'besmənt,,n.地下室；地窖,商务英语
preferential,",prɛfə'rɛnʃl",,a.优先的；选择的；特惠的；先取的,商务英语
comparable,'kɑmpərəbl,,a.可比较的；比得上的,商务英语
attract,ə'trækt,,v.吸引；引起,商务英语
scenario,sə'nærɪo,,n.方案；情节；剧本；设想,商务英语
dumping,'dʌmpɪŋ,,n.倾销；倾泻 v.倾倒（dump的ing形式）,商务英语
extroversion,",ɛkstro'vɝʃən",,n.[心理] 外向性；[医] 外翻,商务英语
contingency,kən'tɪndʒənsi,,n.偶然性；[安全] 意外事故；可能性；[审计] 意外开支；[离散数学或逻辑学]偶然式,商务英语
bankruptcy,'bæŋkrʌptsi,,n.破产,商务英语
warrantee,",wɔrən'ti",,n.被保证人；被担保人,商务英语
view,vju,,n.观察；视野；意见；风景 v.观察；考虑；查看,商务英语
explain,ɪk'splen,,v.说明；解释,商务英语
decent,'disnt,,a.正派的；得体的；相当好的,商务英语
optimum,'ɑptəməm,,a.最适宜的 n.最佳效果；最适宜条件,商务英语
blackmail,'blækmel,,n.勒索，敲诈；勒索所得之款 v.勒索，敲诈,商务英语
screw,skru,,v.旋，拧；压榨；强迫 n.螺旋；螺丝钉；吝啬鬼,商务英语
acceptability,"ək,septə'biləti",,n.可接受性；可容许性,商务英语
stake,stek,,n.桩，棍子；赌注；火刑；奖金 v.资助，支持；系…于桩上；把…押下打赌,商务英语
division,də'vɪʒən,,n.[数] 除法；部门；分配；分割；师（军队）；赛区,商务英语
midday,",mɪd'de",,n.中午；正午 a.正午的,商务英语
wage,wedʒ,,v.进行；发动；从事 n.工资；代价；报偿,商务英语
slightly,'slaɪtli,,ad.些微地，轻微地；纤细地,商务英语
accommodate,ə'kɑmədet,,v.容纳；使适应；供应；调解,商务英语
refund,ˈrifʌnd,,v.退还；偿还，归还 n.退款；偿还，偿还额,商务英语
PIN,pɪn,,n.大头针，针；栓；琐碎物 v.钉住；压住；将……用针别住,商务英语
donate,'donet,,v.捐赠；捐献 n.捐赠；捐献,商务英语
foodstuff,'fudstʌf,,n.食品，食物；粮食，食料,商务英语
swamp,swɑmp,,n.沼泽；湿地 v.使陷于沼泽；使沉没；使陷入困境,商务英语
thorough,ˈθʌrəʊ; θʌro,,a.彻底的；十分的；周密的,商务英语
monopoly,mə'nɑpəli,,n.垄断；垄断者；专卖权,商务英语
revaluate,ri:'væljueit,,vt.重新估价；重新评价；使升值,商务英语
keyboard,'ki'bɔrd,,n.键盘 v.键入；用键盘式排字机排字,商务英语
racket,'rækɪt,,n.球拍；吵闹，喧闹 v.过着花天酒地的生活,商务英语
embassy,'ɛmbəsi,,n.大使馆；大使馆全体人员,商务英语
compliment,ˈkɑːmplɪmənt,,n.恭维；称赞；问候；致意；道贺 v.恭维；称赞,商务英语
firm,fɝm,,a.坚定的；牢固的；严格的；结实的 v.使坚定；使牢固 ad.稳固地 n.公司；商号,商务英语
traditional,trə'dɪʃənl,,a.传统的；惯例的,商务英语
living,'lɪvɪŋ,,a.活的；现存的；活跃的；逼真的 n.生活；生存；生计 v.生活；居住（live的ing形式）；度过,商务英语
backing,'bækɪŋ,,n.支持；后退；支持者；衬背 v.支持（back的ing形式）,商务英语
fire,faɪr,,n.火；火灾；炮火；炉火；热情；激情；磨难 v.点燃；解雇；开除；使发光；烧制；激动；放枪,商务英语
represent,",rɛprɪ'zɛnt",,v.代表；表现；描绘；回忆；再赠送,商务英语
antitrust,",æntɪ'trʌst",,a.[经] 反垄断的；[经] 反托拉斯的,商务英语
altruistic,",æltrʊ'ɪstɪk",,a.利他的；无私心的,商务英语
history,ˈhɪstəri; ˈhɪstri,,n.历史，历史学；历史记录；来历,商务英语
assessable,ə'sesəbl,,a.可估价的；可评价的；可征收的；可征税的,商务英语
provincial,prə'vɪnʃl,,a.省的；地方性的；偏狭的 n.粗野的人；乡下人；外地人,商务英语
endeavor,ɪn'dɛvɚ,,n.努力；尽力（等于endeavour） v.努力；尽力（等于endeavour）,商务英语
adulterant,ə'dʌltərənt,,n.掺杂物 a.掺杂用的,商务英语
wealthy,'wɛlθi,,a.富有的；充分的；丰裕的 n.富人,商务英语
inflate,ɪn'flet,,v.使充气；使通货膨胀,商务英语
barrister,'bærɪstɚ,,n.律师；（加拿大）出庭律师（等于arrister-at-law）；（英）（有资格出席高等法庭并辩护的）专门律师,商务英语
conceive,kən'siv,,v.怀孕；构思；以为；持有,商务英语
bound,baʊnd,,a.有义务的；必定的；受约束的；装有封面的 v.束缚；使跳跃 n.范围；跳跃,商务英语
lecture,'lɛktʃɚ,,n.演讲；讲稿；教训 v.演讲；训诫,商务英语
considerable,kən'sɪdərəbl,,a.相当大的；重要的，值得考虑的,商务英语
impossible,ɪm'pɑsəbl,,a.不可能的；不可能存在的；难以忍受的；不真实的 n.不可能；不可能的事,商务英语
photocopy,'fotokɑpi,,n.复印件；影印 v.影印，复印,商务英语
placard,'plækɑrd,,n.海报，标语牌；招贴 v.张贴，悬挂；公布；张贴公告于,商务英语
volatility,",vɑlə'tɪləti",,n.[化学] 挥发性；易变；活泼,商务英语
slight,slaɪt,,a.轻微的，少量的；脆弱的；细长的；不重要的 v.轻视，忽略；怠慢 n.怠慢；轻蔑,商务英语
poll,pol,,n.投票；民意测验；投票数；投票所 v.投票；剪短；对…进行民意测验；获得选票 a.无角的；剪过毛的；修过枝的,商务英语
pole,pol,,n.杆；极点；电极 v.用竿支撑,商务英语
turnover,'tɝn'ovɚ,,n.翻覆；[贸易] 营业额；流通量；半圆卷饼；失误 a.翻过来的；可翻转的,商务英语
obsolescence,'ɑbsə'lɛsns,,n.[生物] 退化；荒废,商务英语
brainstorm,'bren'stɔrm,,n.集思广益；头脑风暴；灵机一动 v.集体讨论；集思广益以寻找,商务英语
oval,'ovl,,a.椭圆的；卵形的 n.椭圆形；卵形,商务英语
key,kiː,,n.（打字机等的）键；关键；钥匙 v.键入；锁上；调节…的音调；提供线索 a.关键的,商务英语
overcharge,",ovɚ'tʃɑrdʒ",,n.过度充电；超载；装药过多 v.对……索价过高；使……过度充电,商务英语
eager,'igɚ,,a.渴望的；热切的；热心的 n.(Eager)人名；(英)伊格,商务英语
apology,ə'pɑlədʒi,,n.道歉；谢罪；辩护；勉强的替代物,商务英语
agent,'edʒənt,,n.代理人，代理商；药剂；特工 vt.由…作中介；由…代理 a.代理的,商务英语
contractual,kən'træktʃuəl,,a.契约的，合同的,商务英语
predicament,prɪ'dɪkəmənt,,n.窘况，困境；状态,商务英语
directorship,də'rɛktɚʃɪp,,n.管理者的职位,商务英语
disjointed,dɪs'dʒɔɪntɪd,,a.脱节的；杂乱的；脱臼的,商务英语
measurement,'mɛʒɚmənt,,n.测量；[计量] 度量；尺寸；量度制,商务英语
sale,sel,,n.销售；出售；拍卖；销售额；廉价出售,商务英语
executive,ɪɡ'zɛkjətɪv,,a.行政的；经营的；执行的，经营管理的 n.总经理；执行委员会；执行者；经理主管人员,商务英语
cough,kɔf,,n.咳嗽，咳嗽声；咳嗽病 v.咳出,商务英语
neat,nit,,a.灵巧的；整洁的；优雅的；齐整的；未搀水的；平滑的,商务英语
receptive,rɪ'sɛptɪv,,a.善于接受的；能容纳的,商务英语
against,ə'ɡɛnst,,prep.反对，违反；靠；倚；防备 a.不利的；对立的,商务英语
example,ɪg'zæmpl,,n.例子；榜样 vt.作为…的例子；为…做出榜样 vi.举例,商务英语
spillover,'spɪlovɚ,,n.溢出；外流人口,商务英语
stale,stel,,a.陈腐的；不新鲜的 v.变陈旧；撒尿；变得不新鲜 n.尿,商务英语
flier,'flaɪɚ,,n.飞行员；快车；飞行物；（美）广告传单,商务英语
terminate,'tɝmɪnet,,v.使终止；使结束；解雇 a.结束的,商务英语
advertise,'ædvɚtaɪz,,v.通知；为…做广告；使突出,商务英语
abate,ə'bet,,v.减轻；减少；废除 n.(Abate)人名；(英、意、法、埃塞)阿巴特,商务英语
department,dɪ'pɑrtmənt,,n.部；部门；系；科；局,商务英语
consensus,kən'sɛnsəs,,n.一致；舆论；合意,商务英语
employer,ɪm'plɔɪɚ,,n.雇主，老板,商务英语
accentuate,ək'sɛntʃuet,,v.强调；重读,商务英语
retire,rɪ'taɪɚ,,v.退休；撤退；退却 n.退休；退隐；退兵信号,商务英语
purchase,'pɝtʃəs,,n.购买；紧握；起重装置 v.购买；赢得,商务英语
intangible,ɪn'tændʒəbl,,a.无形的，触摸不到的；难以理解的,商务英语
unprecedented,ʌn'prɛsɪdɛntɪd,,a.空前的；无前例的,商务英语
assimilation,əˌsɪməˈleʃən,,n.同化；吸收；[生化] 同化作用,商务英语
enhance,ɪn'hæns,,v.提高；加强；增加,商务英语
organization,",ɔrɡənə'zeʃən",,n.组织；机构；体制；团体,商务英语
area,'ɛrɪə,,n.区域，地区；面积；范围,商务英语
litigate,'lɪtɪɡet,,v.在法庭相争；提出诉讼,商务英语
style,staɪl,,n.风格；时尚；类型；字体 v.设计；称呼；使合潮流,商务英语
circulation,",sɝkjə'leʃən",,n.流通，传播；循环；发行量,商务英语
experience,ɪk'spɪrɪəns,,n.经验；经历；体验 v.经验；经历；体验,商务英语
discipline,'dɪsəplɪn,,n.学科；纪律；训练；惩罚 v.训练，训导；惩戒,商务英语
employee,ɪm'plɔɪi,,n.雇员；从业员工,商务英语
coupon,'kupɑn,,n.息票；赠券；联票；[经] 配给券,商务英语
collegiate,kə'lidʒɪət,,a.大学的；学院的；大学生的,商务英语
acculturation,"ə,kʌltʃə'reʃən",,n.文化适应；文化移入；文化互渗（不同文化在频繁交流中的互相影响）,商务英语
correspondence,",kɔrə'spɑndəns",,n.通信；一致；相当,商务英语
society,sə'saɪəti,,n.社会；交往；社团；社交界,商务英语
consolidate,kən'sɑlɪdet,,v.巩固，使固定；联合,商务英语
backwards,'bækwɚdz,,ad.倒；向后；逆,商务英语
audit,'ɔdɪt,,v.审计；[审计] 查账 n.审计；[审计] 查账,商务英语
suspension,sə'spɛnʃən,,n.悬浮；暂停；停职,商务英语
capable,'kepəbl,,a.能干的，能胜任的；有才华的,商务英语
headquarters,'hɛdkwɔrtɚz,,n.总部；指挥部；司令部,商务英语
haggle,'hæɡl,,n.讨价还价；争论 v.乱劈；乱砍,商务英语
dimension,dɪ'mɛnʃ(ə)n; daɪ-,,n.方面;[数] 维；尺寸；次元；容积 vt标出尺寸 a.规格的,商务英语
diminish,dɪ'mɪnɪʃ,,v.使减少；使变小,商务英语
downtime,'daʊntaɪm,,n.（工厂等由于检修，待料等的）停工期；[电子] 故障停机时间,商务英语
mission,'mɪʃən,,n.使命，任务；代表团；布道 vt.派遣；向……传教,商务英语
stand,stænd,,v.站立；位于；停滞 n.站立；立场；看台；停止,商务英语
arrival,ə'raɪvəl,,n.到来；到达；到达者,商务英语
passport,'pæspɔrt,,n.护照，通行证；手段,商务英语
depositor,dɪ'pɑzɪtɚ,,n.存款人，存放者；寄托者,商务英语
outlay,'aʊtle,,vt.花费 n.[会计] 经费；支出；费用,商务英语
recipe,'rɛsəpi,,n.食谱；[临床] 处方；秘诀；烹饪法,商务英语
yield,jild,,v.屈服；出产，产生；放弃 n.产量；收益,商务英语
concern,kən'sɝn,,v.涉及，关系到；使担心 n.关系；关心；关心的事；忧虑,商务英语
score,skɔ,,n.分数；二十；配乐；刻痕 v.获得；评价；划线，刻划；把…记下,商务英语
court,kɔrt,,n.法院；球场；朝廷；奉承 v.招致（失败、危险等）；向…献殷勤；设法获得,商务英语
receipt,rɪ'sit,,n.收到；收据；收入 v.收到,商务英语
bizarre,bɪ'zɑr,,a.奇异的（指态度，容貌，款式等）,商务英语
impose,ɪm'poz,,v.利用；欺骗；施加影响,商务英语
council,'kaʊnsl,,n.委员会；会议；理事会；地方议会；顾问班子,商务英语
cure,kjʊr,,v.治疗；治愈；使硫化；加工处理 n.治疗；治愈；[临床] 疗法,商务英语
integral,'ɪntɪɡrəl,,a.积分的；完整的，整体的；构成整体所必须的 n.积分；部分；完整,商务英语
break,brek,,v.打破；折断；弄坏；削弱 n.破裂；间断；（持续一段时间的状况的）改变；间歇,商务英语
operation,",ɑpə'reʃən",,n.操作；经营；[外科] 手术；[数][计] 运算,商务英语
deliver,dɪ'lɪvɚ,,v.交付；发表；递送；释放；给予（打击）；给…接生 n.投球,商务英语
pending,'pɛndɪŋ,,a.未决定的；行将发生的 prep.在…期间；直到…时为止；在等待…之际 v.待定；悬而不决（pend的ing形式） n.(Pending)人名；(瑞典)彭丁,商务英语
combine,kəm'baɪn,,v.使化合；使联合，使结合 n.联合收割机；联合企业,商务英语
embrace,ɪm'bres,,v.拥抱；信奉，皈依；包含 n.拥抱,商务英语
quantifiable,"'kwɑntə,faɪəbl",,a.可以计量的,商务英语
contradictory,",kɑntrə'dɪktəri",,a.矛盾的；反对的；反驳的；抗辩的 n.对立物；矛盾因素,商务英语
worth,wɝθ,,a.值…的 n.价值；财产,商务英语
mogul,"'məuɡəl, ,məu'ɡʌl",,n.有权势的人；显要人物,商务英语
fetch,fɛtʃ,,v.取来；接来；到达；吸引 n.取得；诡计,商务英语
mailshot,'melʃɑt,,n.邮寄广告,商务英语
structure,'strʌktʃɚ,,n.结构；构造；建筑物 v.组织；构成；建造,商务英语
lessor,lɛ'sɔr,,n.出租人,商务英语
regulator,'rɛɡjuletɚ,,n.调整者；监管者；校准器,商务英语
welfare,'wɛl'fɛr,,n.福利；幸福；福利事业；安宁 a.福利的；接受社会救济的,商务英语
vitality,vaɪ'tæləti,,n.活力，生气；生命力，生动性,商务英语
accountable,ə'kaʊntəbl,,a.有责任的；有解释义务的；可解释的,商务英语
flexible,'flɛksəbl,,a.灵活的；柔韧的；易弯曲的,商务英语
discount,dɪs'kaʊnt,,n.折扣；贴现率 v.贴现；打折扣出售商品,商务英语
destination,",dɛstɪ'neʃən",,n.目的地，终点,商务英语
include,ɪn'klud,,v.包含，包括,商务英语
emotion,ɪ'moʃən,,n.情感；情绪,商务英语
traffic,'træfɪk,,n.交通；运输；贸易；[通信] 通信量 v.用…作交换；在…通行,商务英语
skill,skɪl,,n.技能，技巧；本领，技术,商务英语
underestimate,/ˌʌndərˈestɪmeɪt/,,v.低估；看轻 n.低估,商务英语
confident,'kɑnfɪdənt,,a.自信的；确信的,商务英语
experienced,ɪkˈspɪriənst,,a.老练的，熟练的；富有经验的,商务英语
poster,'postɚ,,n.海报，广告；招贴,商务英语
haulage,'hɔlɪdʒ,,n.拖运；拖曳；运费,商务英语
abandon,ə'bændən,,n.放任；狂热 v.遗弃；放弃,商务英语
allay,ə'le,,v.减轻；使缓和；使平静,商务英语
converge,kən'vɝdʒ,,v.使汇聚,商务英语
pension,'pɛnʃən,,n.退休金，抚恤金；津贴；膳宿费 v.发给养老金或抚恤金,商务英语
delivery,dɪ'lɪvəri,,n.[贸易] 交付；分娩；递送,商务英语
bodywork,'bɑdɪwɝk,,n.车体；车身制造,商务英语
gap,ɡæp,,n.间隙；缺口；差距；分歧 v.裂开,商务英语
satellite,'sætəlaɪt,,n.卫星；人造卫星；随从；卫星国家,商务英语
follower,'fɑloɚ,,n.追随者；信徒；属下,商务英语
subject,ˈsʌbdʒekt,,n.主题；科目；[语] 主语；国民 a.服从的；易患…的；受制于…的 v.使…隶属；使屈从于…,商务英语
moment,'momənt,,n.片刻，瞬间，时刻；重要，契机,商务英语
merge,mɝdʒ,,v.合并；使合并；吞没 n.(Merge)人名；(意)梅尔杰,商务英语
stagnate,stæɡ'net,,v.停滞；淤塞；变萧条,商务英语
manifest,'mænɪfɛst,,v.证明，表明；显示 n.载货单，货单；旅客名单 a.显然的，明显的；明白的,商务英语
plenty,'plɛnti,,n.丰富，大量；充足 a.足够的，很多的 ad.足够,商务英语
constraint,kən'strent,,n.[数] 约束；局促，态度不自然；强制,商务英语
influence,'ɪnfluəns,,n.影响；势力；感化；有影响的人或事 v.影响；改变,商务英语
talent,'tælənt,,n.才能；天才；天资,商务英语
recover,rɪ'kʌvɚ,,v.恢复；弥补；重新获得 n.还原至预备姿势,商务英语
hammer,'hæmɚ,,v.锤击；敲打；重复 n.铁锤；链球；[解剖] 锤骨；音锤,商务英语
conspire,kən'spaɪɚ,,v.共谋；协力,商务英语
prospectus,prə'spɛktəs,,n.内容说明书；样张；创办计划书；学校的入学简介,商务英语
headhunter,'hɛdhʌntɚ,,n.猎头者；物色人才的人；猎取人头的蛮人,商务英语
dollar,'dɑlɚ,,n.美元,商务英语
radical,'rædɪkl,,a.激进的；根本的；彻底的 n.基础；激进分子；[物化] 原子团；[数] 根数,商务英语
evaluator,i'væljueitə,,n.评估员；[电子] 鉴别器；求值程序,商务英语
cheapen,'tʃipən,,v.减去…的价格；贬低,商务英语
similar,'sɪməlɚ,,a.相似的 n.类似物,商务英语
nominate,'nɑmɪnet,,v.推荐；提名；任命；指定,商务英语
pollute,pə'lut,,v.污染；玷污；败坏,商务英语
interlude,'ɪntɚ'lʊd,,n.插曲；穿插；幕间节目；[数] 插算 v.使中断,商务英语
admittance,əd'mɪtns,,n.进入；入场权；通道,商务英语
divergent,daɪ'vɝdʒənt,,a.相异的，分歧的；散开的,商务英语
interview,'ɪntɚvju,,n.接见，采访；面试，面谈 v.采访；接见；对…进行面谈；对某人进行面试,商务英语
accommodation,"ə,kɑmə'deʃən",,n.住处，膳宿；调节；和解；预订铺位,商务英语
proposal,prə'pozl,,n.提议，建议；求婚,商务英语
ripe,raɪp,,a.熟的，成熟的；时机成熟的 vt.搜查；调查 vi.进行搜查 n.(Ripe)人名；(意、瑞典)里佩,商务英语
healthy,'hɛlθi,,a.健康的，健全的；有益于健康的,商务英语
salutation,'sæljʊ'teʃən,,n.称呼；问候；招呼；寒喧,商务英语
voucher,'vaʊtʃɚ,,n.收据；证人；保证人；证明者；代金 vt.证实的可靠性,商务英语
design,dɪ'zaɪn,,v.设计；计划；构思 n.设计；图案,商务英语
qualified,'kwɑlə'faɪd,,a.合格的；有资格的 v.限制（qualify的过去分词）；描述；授权予,商务英语
expenditure,ɪk'spɛndɪtʃɚ,,n.支出，花费；经费，消费额,商务英语
cause,kɔz,,n.原因；事业；目标 v.引起；使遭受,商务英语
equity,'ɛkwəti,,n.公平，公正；衡平法；普通股；抵押资产的净值,商务英语
count,kaʊnt,,v.计算；认为 n.计数；计算；伯爵,商务英语
save,sev,,v.节省；保存；储蓄；解救 prep.除之外 n.救援,商务英语
location,lo'keʃən,,n.位置（形容词locational）；地点；外景拍摄场地,商务英语
deeply,'diplɪ,,ad.深刻地；浓浓地；在深处,商务英语
chat,tʃæt,,v.聊天；闲谈 n.聊天；闲谈,商务英语
middle,'mɪdl,,a.中间的，中部的；中级的，中等的 n.中间，中央；腰部,商务英语
prior,'praɪɚ,,a.优先的；在先的，在前的 ad.在前，居先 n.(Prior)人名；(法、西、葡、捷)普里奥尔；(英)普赖尔；(意)普廖尔,商务英语
squeeze,skwiz,,v.挤；紧握；勒索 n.压榨；紧握；拥挤；佣金,商务英语
level,'lɛvl,,n.水平；标准；水平面 a.水平的；平坦的；同高的 v.瞄准；拉平；变得平坦,商务英语
results,rɪˈzʌlts,,n.结果；成绩（result的复数） v.结果发生；终归（result的三单形式）,商务英语
faulty,'fɔlti,,a.有错误的；有缺点的,商务英语
official,əˈfɪʃəl; oʊˈfɪʃəl,,a.官方的；正式的；公务的 n.官员；公务员；高级职员,商务英语
centralize,'sɛntrəlaɪz,,v.使集中；使成为…的中心；使集权,商务英语
annul,ə'nʌl,,v.取消；废除；宣告无效,商务英语
agiotage,'ædʒətɪdʒ,,n.兑换；股票买卖；汇兑业务，货币兑换,商务英语
competence,'kɑmpɪtəns,,n.能力，胜任；权限；作证能力；足以过舒适生活的收入,商务英语
objective,əb'dʒɛktɪv,,a.客观的；目标的；宾格的 n.目的；目标；[光] 物镜；宾格,商务英语
appropriate,əˈpropriɪt,,a.适当的；恰当的；合适的 v.占用，拨出,商务英语
musical,'mjuzɪkl,,a.音乐的；悦耳的 n.音乐片,商务英语
premise,ˈpremɪs,,v.引出，预先提出；作为…的前提 n.前提；上述各项；房屋连地基,商务英语
doubt,daʊt,,n.怀疑；疑问；疑惑 v.怀疑；不信；恐怕；拿不准,商务英语
correlation,",kɔrə'leʃən",,n.[数] 相关，关联；相互关系,商务英语
heavy,'hɛvi,,a.沉重的；繁重的，巨大的；拥挤的；阴沉的 n.重物；严肃角色 ad.大量地；笨重地,商务英语
machine,mə'ʃin,,n.机械，机器；机构；机械般工作的人 v.用机器制造,商务英语
professional,prə'fɛʃənl,,a.专业的；职业的；职业性的 n.专业人员；职业运动员,商务英语
relative,'rɛlətɪv,,a.相对的；有关系的；成比例的 n.亲戚；相关物；[语] 关系词；亲缘植物,商务英语
comparison,kəm'pærɪsn,,n.比较；对照；比喻；比较关系,商务英语
statement,'stetmənt,,n.声明；陈述，叙述；报表，清单,商务英语
denationalize,",di'næʃnəlaɪz",,v.使（工业等）非国有化；使变成私营；开除…的国籍,商务英语
manufacture,'mænjə'fæktʃɚ,,n.制造；产品；制造业 v.制造；加工；捏造,商务英语
dust,dʌst,,n.灰尘；尘埃；尘土 v.撒；拂去灰尘,商务英语
operate,'ɑpə'ret,,v.运转；动手术；起作用,商务英语
bulletin,'bʊlətɪn,,n.公告，公报 v.公布，公告,商务英语
thin,θɪn,,a.薄的；瘦的；稀薄的；微弱的 v.使瘦；使淡；使稀疏 ad.稀疏地；微弱地 n.细小部分,商务英语
controller,kən'trolɚ,,n.控制器；管理员；主计长,商务英语
release,rɪ'lis,,v.释放；发射；让与；允许发表 n.释放；发布；让与,商务英语
transshipment,træns'ʃɪpmənt,,n.转运；转载,商务英语
cotton,'kɑtn,,n.棉花；棉布；棉线 v.一致；理解；和谐；亲近 a.棉的；棉制的,商务英语
accomplish,ə'kɑmplɪʃ,,v.完成；实现；达到,商务英语
equivalent,ɪ'kwɪvələnt,,a.等价的，相等的；同意义的 n.等价物，相等物,商务英语
appreciate,ə'priʃɪet,,v.欣赏；感激；领会；鉴别,商务英语
fixture,'fɪkstʃɚ,,n.设备；固定装置；固定于某处不大可能移动之物,商务英语
scope,skop,,n.范围；余地；视野；眼界；导弹射程 v.审视,商务英语
earnest,'ɜːnɪst,,a.认真的，热心的；重要的 n.认真；定金；诚挚,商务英语
quittance,'kwitəns,,n.收据；免除，赦免；报酬，补偿,商务英语
durable,'dʊrəbl,,a.耐用的，持久的 n.耐用品,商务英语
affect,ə'fɛkt,,v.影响；感染；感动；假装 n.情感；引起感情的因素,商务英语
adverse,"ædˈvɚs, ˈædˌvɚs",,a.不利的；相反的；敌对的（名词adverseness，副词adversely）,商务英语
network,'nɛtwɝk,,n.网络；广播网；网状物,商务英语
awful,'ɔfl,,a.可怕的；极坏的；使人敬畏的,商务英语
risk,rɪsk,,n.风险；危险；冒险 v.冒…的危险,商务英语
aftermarket,"'æftər,mɑrkɪt",,n.零件市场；二级市场（等于secondary market）,商务英语
affiliate,ə'fɪlɪet,,n.联号；隶属的机构等 v.使附属；接纳；使紧密联系,商务英语
spacious,'speʃəs,,a.宽敞的，广阔的；无边无际的,商务英语
staff,stæf,,n.职员；参谋；棒；支撑 a.职员的；行政工作的 v.供给人员；给…配备职员,商务英语
patronage,'pætrənɪdʒ,,n.赞助；光顾；任免权,商务英语
mould,məuld,,v.发霉 n.模具；霉,商务英语
rise,raɪz,,v.上升；增强；起立；高耸 n.上升；高地；增加；出现,商务英语
able,'ebl,,a.能；[经管] 有能力的；能干的 n.(Able)人名；(伊朗)阿布勒；(英)埃布尔,商务英语
fundraising,"'fʌnd,rezɪŋ",,n.筹款；资金募集 a.募款的,商务英语
retention,rɪ'tɛnʃən,,n.保留；扣留，滞留；记忆力；闭尿,商务英语
accessible,ək'sɛsəbl,,a.易接近的；可进入的；可理解的,商务英语
tailor,'telɚ,,v.剪裁；使合适 n.裁缝,商务英语
exhibition,",ɛksɪ'bɪʃən",,n.展览，显示；展览会；展览品,商务英语
receive,rɪ'siv,,v.收到；接待；接纳,商务英语
evolve,ɪ'vɑlv,,v.发展，进化；进化；使逐步形成；推断出,商务英语
healthcare,"'hɛlθ,kɛr",,n.医疗保健；健康护理，健康服务；卫生保健,商务英语
abstract,'æbstrækt,,n.摘要；抽象；抽象的概念 a.抽象的；深奥的 v.摘要；提取；使……抽象化；转移(注意力、兴趣等)；使心不在焉,商务英语
understaffed,",ʌndɚ'stæft",,a.人手不足的；人员不足的,商务英语
application,ˌæpləˈkeʃən,,n.应用；申请；应用程序；敷用,商务英语
undercharge,",ʌndɚ'tʃɑrdʒ",,v.充电不足；索价低于常价；弹药装填不足 n.充电不足；低的索价；填不够量的火药,商务英语
audience,'ɔdɪəns,,n.观众；听众；读者；接见；正式会见；拜会,商务英语
standard,'stændɚd,,n.标准；水准；旗；度量衡标准 a.标准的；合规格的；公认为优秀的,商务英语
revaluation,",ri:vælju'eiʃən",,n.重新估价；再评价,商务英语
premium,'primɪəm,,n.额外费用；奖金；保险费;(商)溢价 a.高价的；优质的,商务英语
coach,kotʃ,,n.教练；旅客车厢；长途公车；四轮大马车 v.训练；指导,商务英语
profitable,'prɑfɪtəbl,,a.有利可图的；赚钱的；有益的,商务英语
diligent,'dɪlɪdʒənt,,a.勤勉的；用功的，费尽心血的 n.(Diligent)人名；(法)迪利让,商务英语
print,prɪnt,,n.印刷业；印花布；印刷字体；印章；印记 v.印刷；打印；刊载；用印刷体写；在…印花样,商务英语
ambition,æm'bɪʃən,,n.野心，雄心；抱负，志向 v.追求；有…野心,商务英语
reception,rɪ'sɛpʃən,,n.接待；接收；招待会；感受；反应,商务英语
merit,'mɛrɪt,,n.优点，价值；功绩；功过 v.值得,商务英语
stockbroker,'stɑkbrokɚ,,n.[金融] 股票经纪人,商务英语
duration,du'reʃən,,n.持续，持续的时间，期间,商务英语
organizational,ˌɔːrɡənəˈzeɪʃənl,,a.组织的；编制的,商务英语
contraction,kən'trækʃən,,n.收缩，紧缩；缩写式；害病,商务英语
hidden,'hɪdn,,a.隐藏的 v.隐藏，躲藏（hide的过去分词） n.(Hidden)人名；(英)希登,商务英语
absenteeism,",æbsən'tiɪzəm",,n.旷工；旷课；有计划的怠工；经常无故缺席,商务英语
intend,ɪn'tɛnd,,v.打算；想要；意指,商务英语
occupy,'ɑkjupaɪ,,v.占据，占领；居住；使忙碌,商务英语
constitute,'kɑnstətut,,v.组成，构成；建立；任命,商务英语
licensor,'laisənsə,,n.认可证颁发者（尤指批准书籍出版或戏剧演出的官员）,商务英语
guide,ɡaɪd,,n.指南；向导；入门书 v.引导；带领；操纵,商务英语
handle,'hændl,,n.[建] 把手；柄；手感；口实 v.处理；操作；运用；买卖；触摸,商务英语
receiver,rɪ'sivɚ,,n.接收器；接受者；收信机；收款员，接待者,商务英语
redeem,rɪ'dim,,v.赎回；挽回；兑换；履行；补偿；恢复,商务英语
solvent,'sɑlvənt,,a.有偿付能力的；有溶解力的 n.溶剂；解决方法,商务英语
specialist,'spɛʃəlɪst,,n.专家；专门医师 a.专家的；专业的,商务英语
optimal,'ɑptəml,,a.最佳的；最理想的,商务英语
lure,lʊr,,n.诱惑；饵；诱惑物 v.诱惑；引诱,商务英语
retrospect,'rɛtrəspɛkt,,n.回顾，追溯 v.回顾，追溯；回想,商务英语
associate,ə'soʃɪet,,v.交往；结交 n.同事，伙伴；关联的事物 a.副的；联合的,商务英语
phenomenon,fə'nɑmɪnən,,n.现象；奇迹；杰出的人才,商务英语
scheme,skim,,n.计划；组合；体制；诡计 v.搞阴谋；拟订计划,商务英语
admission,əd'mɪʃən,,n.承认；入场费；进入许可；坦白；录用,商务英语
forward,'fɔrwɚd,,a.向前的；早的；迅速的 ad.向前地；向将来 v.促进；转寄；运送 n.前锋,商务英语
countersign,'kaʊntɚsaɪn,,n.口令；副署 v.副署；会签；确认,商务英语
juice,dʒus,,n.（水果）汁，液；果汁,商务英语
depreciation,"dɪ,priʃɪ'eʃən",,n.折旧；贬值,商务英语
resistance,rɪ'zɪstəns,,n.阻力；电阻；抵抗；反抗；抵抗力,商务英语
counterfoil,'kaʊntɚfɔɪl,,n.支票存根；票根,商务英语
happen,'hæpən,,v.发生；碰巧；偶然遇到,商务英语
brain,bren,,n.头脑，智力；脑袋 v.猛击…的头部,商务英语
wool,wʊl,,n.羊毛；毛线；绒线；毛织品；毛料衣物,商务英语
piece,pis,,n.块；件；篇；硬币 v.修补；接合；凑合,商务英语
serve,sɝv,,v.招待，供应；为…服务；对…有用；可作…用 n.发球，轮到发球,商务英语
severance,'sɛvərəns,,n.分离；断绝；隔离；区别；遣散；离职补偿金,商务英语
turn,tɝn,,v.转动，使旋转；转弯；翻过来；兑换 n.转弯；变化；(损害或有益于别人的)行为，举动，举止,商务英语
checkbook,'tʃekbuk,,n.支票簿,商务英语
reallocate,",ri'æləket",,v.重新分配；再指派,商务英语
multinational,",mʌltɪ'næʃnəl",,a.跨国公司的；多国的 n.跨国公司,商务英语
terminology,",tɝmə'nɑlədʒi",,n.术语，术语学；用辞,商务英语
turf,tɝf,,n.草皮；泥炭；跑马场 v.覆草皮于,商务英语
undermine,'ʌndɚ'maɪn,,v.破坏，渐渐破坏；挖掘地基,商务英语
copyright,'kɑpɪraɪt,,n.版权，著作权 a.版权的；受版权保护的 v.保护版权；为…取得版权,商务英语
available,ə'veləbl,,a.可获得的；可购得的；可找到的；有空的,商务英语
declare,dɪ'klɛr,,v.宣布，声明；断言，宣称,商务英语
centimeter,"'sɛntə,mitɚ",,n.[计量] 厘米；[计量] 公分,商务英语
memorandum,",mɛmə'rændəm",,n.备忘录；便笺,商务英语
crime,kraɪm,,n.罪行，犯罪；罪恶；犯罪活动 vt.控告……违反纪律,商务英语
shower,'ʃaʊɚ,,n.淋浴；（倾泻般出现的）一阵，一大批；阵雨 v.大量地给予；把……弄湿,商务英语
wholesaler,'həʊlseɪlə(r),,n.批发商,商务英语
discard,dɪsˈkɑːrd,,v.抛弃；放弃；丢弃 n.抛弃；被丢弃的东西或人,商务英语
digital,'dɪdʒɪtl,,a.数字的；手指的 n.数字；键,商务英语
estimate,"'ɛstə,met",,v.估计，估价 n.估计，估价；判断，看法,商务英语
seduce,sɪ'dʊs,,v.引诱；诱惑；诱奸；怂恿,商务英语
predecessor,'prɛdəsɛsɚ,,n.前任，前辈,商务英语
drawback,'drɔbæk,,n.缺点，不利条件；退税,商务英语
defer,dɪ'fɝ,,v.推迟；延期；服从 n.(Defer)人名；(法)德费,商务英语
figure,'fɪɡjɚ,,n.数字；人物；图形；价格；（人的）体形；画像 v.计算；出现；扮演角色,商务英语
habit,'hæbɪt,,n.习惯，习性；嗜好 v.使穿衣,商务英语
utilization,ˌjuːtəlaɪ'zeɪʃn,,n.利用，使用,商务英语
affirm,ə'fɝm,,v.肯定；断言,商务英语
motor,'motɚ,,n.发动机，马达；汽车 a.汽车的；机动的 v.乘汽车,商务英语
punctual,'pʌŋtʃʊəl,,a.准时的，守时的；精确的,商务英语
possess,pə'zɛs,,v.控制；使掌握；持有；迷住；拥有，具备,商务英语
itinerary,aɪ'tɪnərɛri,,n.旅程，路线； 旅行日程 a.旅程的； 巡回的，流动的,商务英语
assess,ə'sɛs,,v.评定；估价；对…征税,商务英语
festival,ˈfɛstəvəl,,n.节日；庆祝，纪念活动；欢乐 a.节日的，喜庆的；快乐的,商务英语
crisis,'kraɪsɪs,,n.危机；危险期；决定性时刻 a.危机的；用于处理危机的,商务英语
notice,'notɪs,,n.通知，布告；注意；公告 v.通知；注意到；留心,商务英语
surplus,'sɝpləs,,n.剩余；[贸易] 顺差；盈余；过剩 a.剩余的；过剩的,商务英语
resent,rɪ'zɛnt,,v.怨恨；愤恨；厌恶,商务英语
mostly,'mostli,,ad.主要地；通常；多半地,商务英语
direct,dɪˈrɛkt; daɪˈrɛkt,,a.直接的；直系的；亲身的；恰好的 v.管理；指挥；导演；指向 ad.直接地；正好；按直系关系,商务英语
globalization,",ɡləubəlai'zeiʃən",,n.全球化,商务英语
prosecute,'prɑsɪ'kjʊt,,v.检举；贯彻；从事；依法进行,商务英语
plausible,'plɔzəbl,,a.貌似可信的，花言巧语的；貌似真实的，貌似有理的,商务英语
absence,'æbsns,,n.没有；缺乏；缺席；不注意,商务英语
profligacy,'prɔfliɡəsi,,n.肆意挥霍；放荡；浪费,商务英语
factor,'fæktɚ,,n.因素；要素；[物] 因数；代理人 v.做代理商,商务英语
fault,fɔlt,,n.故障；[地质] 断层；错误；缺点；毛病；（网球等）发球失误 v.弄错；产生断层,商务英语
breakthrough,'brek'θrʊ,,n.突破；突破性进展,商务英语
affinity,ə'fɪnəti,,n.密切关系；吸引力；姻亲关系；类同,商务英语
positioning,pə'ziʃəniŋ,,n.[计] 定位；配置，布置 v.[计] 定位（position的现在分词）；放置,商务英语
billing,'bɪlɪŋ,,n.广告；记帐；开发票；演员表；总账款 v.开帐单（bill的ing形式）,商务英语
operative,'ɑpərətɪv,,a.有效的；运转着的；从事生产劳动的 n.侦探；技工,商务英语
preference,'prɛfrəns,,n.偏爱，倾向；优先权,商务英语
CEO,,,abbr.首席执行官；执行总裁（chief executive officer）,商务英语
producer,prə'dʊsɚ,,n.制作人，制片人；生产者；发生器,商务英语
achievable,ə'tʃivəbl,,a.可完成的；可有成就的；做得成的,商务英语
reclaim,rɪ'klem,,v.开拓；回收再利用；改造某人，使某人悔改 n.改造，感化；再生胶,商务英语
prompt,prɑmpt,,a.敏捷的，迅速的；立刻的 v.提示；促进；激起；（给演员）提白 n.提示；付款期限；DOS命令：改变DOS系统提示符的风格 ad.准时地,商务英语
raft,ræft,,n.筏；救生艇；（美）大量 v.筏运；制成筏,商务英语
competitor,kəm'pɛtɪtɚ,,n.竞争者，对手,商务英语
variable,'vɛrɪəbl,,a.变量的；可变的；易变的，多变的；变异的，[生物] 畸变的 n.[数] 变量；可变物，可变因素,商务英语
oblige,ə'blaɪdʒ,,v.迫使；强制；赐，施恩惠；责成；义务,商务英语
decrease,dɪ'kris,,n.减少，减小；减少量 v.减少，减小,商务英语
agree,ə'ɡri,,v.同意，赞成；承认；约定，商定,商务英语
solicitor,sə'lɪsɪtɚ,,n.律师；法务官；募捐者；掮客,商务英语
grocery,'ɡrosəri,,n.食品杂货店,商务英语
detail,'ditel,,n.细节，详情 v.详述；选派,商务英语
inner,'ɪnɚ,,a.内部的；内心的；精神的 n.内部,商务英语
terms,tɝmz,,n.地位，关系；[法] 条款；术语；措辞；价钱（term的复数形式） v.把…称为（term的三单形式）,商务英语
album,'ælbəm,,n.相簿；唱片集；集邮簿；签名纪念册,商务英语
surrender,sə'rɛndɚ,,v.使投降；放弃；交出；听任 n.投降；放弃；交出；屈服,商务英语
categorize,'kætəgə'raɪz,,v.分类,商务英语
disruption,dɪs'rʌpʃən,,n.破坏，毁坏；分裂，瓦解,商务英语
candidate,"ˈkændɪˌdet, -dɪt",,n.候选人，候补者；应试者,商务英语
encounter,ɪn'kaʊntɚ,,v.遭遇，邂逅；遇到 n.遭遇，偶然碰见,商务英语
telegraph,'tɛlɪɡræf,,n.[通信] 电报机，电报 v.电汇；流露出；打电报给…,商务英语
loose,lus,,a.宽松的；散漫的；不牢固的；不精确的 v.释放；开船；放枪 ad.松散地 n.放纵；放任；发射,商务英语
commit,kə'mɪt,,v.犯罪，做错事；把交托给；指派…作战；使…承担义务,商务英语
validity,və'lɪdəti,,n.[计] 有效性；正确；正确性,商务英语
benchmarking,"'bentʃ,mɑ:kiŋ",,n.标杆管理；标记；确定基准点,商务英语
electricity,ɪ'lɛk'trɪsəti,,n.电力；电流；强烈的紧张情绪,商务英语
conference,'kɑnfərəns,,n.会议；讨论；协商；联盟；（正式）讨论会；[工会、工党用语]（每年的）大会 vi.举行或参加（系列）会议,商务英语
excursion,ɪk'skɝʒn,,n.偏移；远足；短程旅行；离题；游览，游览团,商务英语
barometer,bə'rɑmɪtɚ,,n.[气象] 气压计；晴雨表；显示变化的事物,商务英语
upscale,'ʌpskeil,,a.迎合高层次消费者的；质优价高的 vt.升高一级,商务英语
marry,'mæri,,v.嫁；娶；与……结婚 n.(Marry)人名；(阿拉伯)马雷；(法)马里,商务英语
demonstrate,'dɛmən'stret,,v.证明；展示；论证,商务英语
index,'ɪndɛks,,n.指标；指数；索引；指针 v.做索引,商务英语
dispute,'dɪs'pjʊt,,v.辩论；怀疑；阻止；抗拒 n.辩论；争吵,商务英语
billion,'bɪljən,,n.十亿；大量 num.十亿 a.十亿的,商务英语
indulgence,ɪn'dʌldʒəns,,n.嗜好；放纵；纵容；沉溺,商务英语
spreadsheet,'sprɛdʃit,,n.电子制表软件；电子数据表；试算表,商务英语
compensatory,"kəm'pɛnsə,tori",,a.补偿的，赔偿的,商务英语
willing,'wɪlɪŋ,,a.乐意的；自愿的；心甘情愿的 v.决心；用意志力驱使；将（财产等）遗赠某人（will的现在分词） n.(Willing)人名；(德、芬、瑞典)维林；(英)威林,商务英语
worthy,wɜði,,a.值得的；有价值的；配得上的，相称的；可尊敬的；应…的 n.杰出人物；知名人士,商务英语
inform,ɪn'fɔrm,,v.通知；告诉；报告,商务英语
emigrate,'ɛmɪɡret,,v.移居；移居外国,商务英语
canvass,'kænvəs,,v.细究；彻底检查；向…拉票或拉生意 n.讨论；细查；劝诱,商务英语
branding,'brændɪŋ,,n.品牌化，品牌术 v.在…上加商标；使显得独一无二（brand的现在分词）,商务英语
stainless,ˈsteɪnlɪs,,a.不锈的；纯洁的，未被玷污的；无瑕疵的,商务英语
frill,frɪl,,n.装饰；褶边 vt.折成皱边 vi.起边皱,商务英语
foreign,'fɔrən,,a.外国的；外交的；异质的；不相关的,商务英语
empirical,ɪm'pɪrɪkl,,a.经验主义的，完全根据经验的；实证的,商务英语
specialize,'spɛʃəlaɪz,,v.专门从事；详细说明；特化,商务英语
result,rɪ'zʌlt,,n.结果；成绩；答案；比赛结果 v.结果；导致；产生,商务英语
model,'mɑdl,,n.模型；典型；模范；模特儿；样式 v.模拟；塑造；模仿 a.模范的；作模型用的,商务英语
ambulance,'æmbjələns,,n.[车辆][医] 救护车；战时流动医院,商务英语
opposite,ˈɑpəzɪt; ˈɑpəsɪt,,a.相反的；对面的；对立的 n.对立面；反义词 prep.在…的对面 ad.在对面,商务英语
sum,sʌm,,n.金额；总数 v.概括,商务英语
haircut,'hɛrkʌt,,n.理发；发型,商务英语
paragon,'pærəɡɑn,,n.模范；完美之物；优秀之人 a.完美的,商务英语
exotic,ɪɡ'zɑtɪk,,a.异国的；外来的；异国情调的,商务英语
insolvent,ɪn'sɑlvənt,,n.破产者；无力偿还者 a.破产的；无力偿还的,商务英语
gazump,gə'zʌmp,,v.抬高原本约定的价格；向…索要高价 n.敲诈；欺诈,商务英语
owe,o,,v.欠；感激；应给予；应该把……归功于 n.(Owe)人名；(瑞典、挪)奥弗,商务英语
dumb,dʌm,,a.哑的，无说话能力的；不说话的，无声音的,商务英语
abundant,ə'bʌndənt,,a.丰富的；充裕的；盛产,商务英语
indemnity,ɪn'dɛmnəti,,n.补偿，赔偿；保障；赔偿物,商务英语
shopkeeper,'ʃɑp'kipɚ,,n.店主，老板,商务英语
geography,dʒɪ'ɑɡrəfi,,n.地理；地形,商务英语
complete,kəm'plit,,a.完整的；完全的；彻底的 v.完成,商务英语
allocation,",ælə'keʃən",,n.分配，配置；安置,商务英语
ballooning,bə'lʊnɪŋ,,n.充气，鼓胀；气球操纵,商务英语
definite,'dɛfɪnət,,a.一定的；确切的,商务英语
supply,sə'plaɪ,,n.供给，补给；供应品 v.供给，提供；补充,商务英语
feed,fid,,v.喂养；供给；放牧；抚养（家庭等）；靠…为生 n.饲料；饲养；（动物或婴儿的）一餐,商务英语
remunerative,rɪ'mjunərətɪv,,a.有利可图的；有报酬的；合算的,商务英语
bride,braɪd,,n.新娘；姑娘，女朋友,商务英语
outstanding,'aʊt'stændɪŋ,,a.杰出的；显著的；未解决的；未偿付的 n.未偿贷款,商务英语
disposition,'dɪspə'zɪʃən,,n.处置；[心理] 性情；[军] 部署；倾向,商务英语
stagnant,'stægnənt,,a.停滞的；不景气的；污浊的；迟钝的,商务英语
confidential,",kɑnfɪ'dɛnʃl",,a.机密的；表示信任的；获信任的,商务英语
crucial,'krʊʃəl,,a.重要的；决定性的；定局的；决断的,商务英语
dull,dʌl,,a.钝的；迟钝的；无趣的；呆滞的；阴暗的 v.使迟钝；使阴暗；缓和 n.(Dull)人名；(罗、匈)杜尔；(柬)杜；(英)达尔,商务英语
negotiate,nɪ'ɡoʃɪet,,v.谈判，商议；转让；越过,商务英语
stagflation,stæɡ'fleʃən,,n.[经] 滞胀，不景气状况下之物价上涨,商务英语
uneconomical,",ʌn,ikə'nɑmɪkl",,a.不经济的；浪费的；不节俭的,商务英语
recovery,rɪ'kʌvəri,,n.恢复，复原；痊愈；重获,商务英语
variety,və'raɪəti,,n.多样；种类；杂耍；变化，多样化,商务英语
Rep,rɛp,,n.棱纹平布；雷普（物体伦琴当量） abbr.代表（representative）；名声（reputation）,商务英语
CIF,'si'ai'ef,,abbr.到岸价（Cost Insurance and Freight）,商务英语
notebook,'notbʊk,,n.笔记本，笔记簿；手册,商务英语
distort,dɪ'stɔrt,,v.扭曲；使失真；曲解,商务英语
listing,'lɪstɪŋ,,n.列表，清单 v.列表（list的现在分词）,商务英语
service,'sɝvɪs,,n.服务，服侍；服役；仪式 a.服务性的；耐用的；服现役的 v.维修，检修；保养,商务英语
circuit,'sɝkɪt,,n.[电子] 电路，回路；巡回；一圈；环道 v.环行,商务英语
unparalleled,ʌn'pærəlɛld,,a.无比的；无双的；空前未有的,商务英语
subliminal,",sʌb'lɪmɪnl",,a.[生理] 阈下的；潜在意识的；微小得难以察觉的 n.潜意识；阈下意识,商务英语
dissuade,dɪ'swed,,v.劝阻，劝止,商务英语
claim,klem,,v.提出要求 n.要求；声称；索赔；断言；值得,商务英语
harvest,'hɑrvɪst,,n.收获；产量；结果 v.收割；得到,商务英语
disintegration,"dɪs,ɪntə'greʃən",,n.瓦解，崩溃；分解,商务英语
tight,taɪt,,a.紧的；密封的；绷紧的；麻烦的；严厉的；没空的；吝啬的 ad.紧紧地；彻底地 n.(Tight)人名；(英)泰特,商务英语
tension,'tɛnʃən,,n.张力，拉力；紧张，不安；电压 vt.使紧张；使拉紧,商务英语
blind,blaɪnd,,a.盲目的；瞎的 ad.盲目地；看不见地 n.掩饰，借口；百叶窗 v.使失明；使失去理智,商务英语
brief,brif,,a.简短的，简洁的；短暂的，草率的 n.摘要，简报；概要，诉书 v.简报，摘要；作…的提要,商务英语
ledger,'lɛdʒɚ,,n.总帐，分户总帐；[会计] 分类帐；帐簿；底帐；（手脚架上的）横木,商务英语
wastage,'westɪdʒ,,n.损耗；消瘦；衰老,商务英语
quarterly,'kwɔrtɚli,,a.季度的，按季度的；一年四次的 ad.按季度，[农] 一季一次地；纵横四分地 n.季刊,商务英语
waste,west,,n.浪费；废物；荒地；损耗；地面风化物 v.浪费；消耗；使荒芜 a.废弃的；多余的；荒芜的,商务英语
showpiece,'ʃopis,,n.展出品，展示品,商务英语
accept,ækˈsɛpt; əkˈsɛpt,,v.接受；承认；承担；承兑；容纳,商务英语
dossier,do'sjɛi,,n.档案，卷宗；病历表册,商务英语
prototype,'protə'taɪp,,n.原型；标准，模范,商务英语
merchandising,'mɝtʃəndaɪzɪŋ,,n.推销；销售规划 v.推销；经营（merchandise的ing形式）,商务英语
simultaneously,saɪməl'tenɪəsli,,ad.同时地,商务英语
cover,'kʌvɚ,,v.包括；采访，报导；涉及 n.封面，封皮；盖子；掩蔽物;幌子，借口,商务英语
typewriter,'taɪpraɪtɚ,,n.打字机,商务英语
file,faɪl,,n.文件；档案；文件夹；锉刀 v.提出；锉；琢磨；把…归档,商务英语
criminal,'krɪmɪnl,,n.罪犯 a.刑事的；犯罪的；罪恶的,商务英语
false,fɔls,,a.错误的；虚伪的；伪造的 ad.欺诈地,商务英语
affiliation,"ə,fɪlɪ'eʃən",,n.友好关系；加入；联盟；从属关系,商务英语
choose,tʃuz,,v.选择，决定,商务英语
opt,ɑpt,,v.选择,商务英语
respondent,rɪ'spɑndənt,,a.回答的；应答的 n.[法] 被告；应答者,商务英语
information,'ɪnfɚ'meʃən,,n.信息，资料；知识；情报；通知,商务英语
enclosure,ɪn'kloʒɚ,,n.附件；围墙；围场,商务英语
attosecond,,,n.阿托秒,商务英语
fascinating,'fæsɪnetɪŋ,,a.迷人的；吸引人的；使人神魂颠倒的 v.使…着迷；使…陶醉（fascinate的ing形式）,商务英语
compare,kəm'pɛr,,n.比较 v.比拟，喻为；[语]构成,商务英语
mortgage,'mɔrɡɪdʒ,,v.抵押 n.抵押,商务英语
guilty,'ɡɪlti,,a.有罪的；内疚的,商务英语
minister,'mɪnɪstɚ,,n.部长；大臣；牧师 v.执行牧师职务；辅助或伺候某人,商务英语
table,'tebl,,n.桌子；表格；平地层 v.制表；搁置；嵌合 a.桌子的,商务英语
director,dɪˈrɛktɚ; daɪˈrɛktɚ,,n.主任，主管；导演；人事助理,商务英语
create,krɪ'et,,v.创造，创作；造成,商务英语
underuse,",ʌndɚ'juz",,vt.未充分利用；使用不当,商务英语
hunger,'hʌŋɡɚ,,n.饿，饥饿；渴望 v.渴望；挨饿,商务英语
manning,'mæniŋ,,n.人员配备 v.为…配备人手（man的ing形式）,商务英语
consumable,kən'suməbl,,n.消费品；消耗品 a.可消耗的；可消费的,商务英语
tax,tæks,,v.向…课税；使负重担 n.税金；重负,商务英语
benevolence,bə'nɛvələns,,n.仁慈；善行,商务英语
container,kən'tenɚ,,n.集装箱；容器,商务英语
experimentation,"ɪk,spɛrɪmɛn'teʃən",,n.实验；试验；实验法；实验过程,商务英语
shrink,ʃrɪŋk,,n.收缩；畏缩；<俚>精神病学家 v.使缩小，使收缩,商务英语
position,pə'zɪʃən,,n.位置，方位；职位，工作；姿态；站位 v.安置；把……放在适当位置,商务英语
correspond,",kɔrə'spɑnd",,v.符合，一致；相应；通信,商务英语
ground,ɡraʊnd,,n.地面；土地；范围；战场;根据 v.使接触地面；打基础；使搁浅 a.土地的；地面上的；磨碎的；磨过的,商务英语
backhander,'bækhændɚ,,n.逆打；反手一击；追加的一杯酒；（英）回扣,商务英语
rarely,'rɛrli,,ad.很少地；难得；罕有地,商务英语
dedicate,'dɛdɪket,,v.致力；献身；题献,商务英语
cargo,'kɑrɡo,,n.货物，船货,商务英语
wane,wen,,v.衰落；变小；亏缺；退潮；消逝 n.衰退；月亏；衰退期；缺损,商务英语
effective,ɪ'fɛktɪv,,a.有效的，起作用的；实际的，实在的；给人深刻印象,商务英语
dual,'dʊəl,,a.双的；双重的 n.双数；双数词,商务英语
accurate,'ækjərət,,a.精确的,商务英语
disposal,dɪ'spozl,,n.处理；支配；清理；安排,商务英语
judge,dʒʌdʒ,,v.判断；审判 n.法官；裁判员,商务英语
compile,kəm'paɪl,,v.编译；编制；编辑；[图情] 汇编,商务英语
union,'junɪən,,n.联盟，协会；工会；联合,商务英语
length,[leŋθ],,n.长度，长；时间的长短；（语）音长,商务英语
rent,rɛnt,,n.租金 v.出租；租用；租借,商务英语
steadily,'stɛdəli,,ad.稳定地；稳固地；有规则地,商务英语
autarchy,'ɔtɑrki,,n.专制，独裁；专制国家,商务英语
edge,ɛdʒ,,n.边缘；优势；刀刃；锋利 v.使锐利；将…开刃；给…加上边,商务英语
desert,(for v.) dɪˈzɝ​t; (for n.) 'dɛzɚt,,v.遗弃；放弃；逃跑 n.沙漠；荒原；应得的赏罚 a.沙漠的；荒凉的；不毛的,商务英语
responsible,rɪ'spɑnsəbl,,a.负责的，可靠的；有责任的,商务英语
heaven,'hɛvn,,n.天堂；天空；极乐,商务英语
stub,stʌb,,n.存根；烟蒂；树桩；断株 v.踩熄；连根拔除,商务英语
establish,ɪˈstæblɪʃ,,v.建立；创办；安置,商务英语
caption,'kæpʃən,,n.标题；字幕；说明；逮捕 v.加上说明；加上标题,商务英语
astonish,ə'stɑnɪʃ,,v.使惊讶,商务英语
access,'æksɛs,,v.使用；存取；接近 n.进入；使用权；通路,商务英语
secretary,'sɛkrətɛrɪ,,n.秘书；书记；部长；大臣,商务英语
ungeared,,,a.无齿轮啮合的,商务英语
article,'ɑrtɪkl,,n.文章；物品；条款；[语] 冠词 v.订约将…收为学徒或见习生；使…受协议条款的约束,商务英语
industrial,ɪn'dʌstrɪəl,,a.工业的，产业的；从事工业的；供工业用的；来自勤劳的 n.工业股票；工业工人,商务英语
directory,dəˈrɛktəri; (also) daɪˈrɛktəri,,n.[计] 目录；工商名录；姓名地址录 a.指导的；咨询的,商务英语
brand,brænd,,v.铭刻于，铭记；打烙印于；印…商标于 n.商标，牌子；烙印,商务英语
distract,dɪ'strækt,,v.转移；分心,商务英语
appendix,ə'pɛndɪks,,n.附录；阑尾；附加物,商务英语
advertiser,'ædvɚtaɪzɚ,,n.广告客户；刊登广告的人,商务英语
steam,stim,,v.蒸，散发；用蒸汽处理 n.蒸汽；精力 a.蒸汽的,商务英语
dictaphone,'diktəfəun,,n.录音机；口授留声机；录音电话机,商务英语
sector,'sɛktɚ,,n.部门；扇形，扇区；象限仪；函数尺 vt.把…分成扇形,商务英语
recognise,'rekəɡnaɪz,,v.认出；承认，认可；识别,商务英语
lump,lʌmp,,n.块，块状；肿块；瘤；很多；笨人 v.混在一起；使成块状；忍耐；笨重地移动 a.成团的；总共的 ad.很；非常,商务英语
anthropology,'ænθrə'pɑlədʒi,,n.人类学,商务英语
grant,ɡrænt,,v.授予；允许；承认 n.拨款；[法] 授予物,商务英语
renew,rɪ'nʊ,,v.使更新；续借；续费；复兴；重申,商务英语
extraterritoriality,",ɛkstrə,tɛrə,torɪ'æləti",,n.治外法权（等于exterritoriality）,商务英语
immaculate,ɪ'mækjələt,,a.完美的；洁净的；无瑕疵的,商务英语
bold,bold,,a.大胆的，英勇的；黑体的；厚颜无耻的；险峻的 n.(Bold)人名；(英、德、罗、捷、瑞典)博尔德,商务英语
complimentary,",kɑmplɪ'mɛntri",,a.赠送的；称赞的；问候的,商务英语
compromise,'kɑmprəmaɪz,,v.妥协；危害 n.妥协，和解；折衷,商务英语
encryption,ɛn'krɪpʃən,,n.加密；加密术,商务英语
enquire,ɪn'kwaɪr,,v.询问；调查；问候（等于inquire）,商务英语
complicate,'kɑmplɪket,,v.使复杂化；使恶化；使卷入,商务英语
liquidator,'lɪkwɪ'detɚ,,n.清算人；公司资产清理人,商务英语
rationalization,",ræʃənəlɪ'zeʃən",,n.合理化,商务英语
accuse,ə'kjuz,,v.控告，指控；谴责；归咎于,商务英语
murder,'mɝdɚ,,v.谋杀，凶杀 n.谋杀，凶杀,商务英语
succeed,sək'sid,,v.成功；继承；继任；兴旺,商务英语
wire,'waɪɚ,,n.电线；金属丝；电报 v.拍电报；给…装电线,商务英语
letter,'lɛtɚ,,n.信；字母，文字；证书；文学，学问；字面意义 v.写字母于,商务英语
dialect,'daɪə'lɛkt,,n.方言，土话；同源语；行话；个人用语特征 a.方言的,商务英语
global,'ɡlobl,,a.全球的；总体的；球形的,商务英语
discover,dɪ'skʌvɚ,,v.发现；发觉,商务英语
class,klæs,,n.阶级；班级；种类；班；等级 v.分类；把…分等级；把…归入某等级，把…看作（或分类、归类）；把…编入某一班级 a.极好的；很好的，优秀的，出色的,商务英语
property,'prɑpɚti,,n.性质，性能；财产；所有权,商务英语
embed,ɪm'bɛd,,v.栽种；使嵌入，使插入；使深留脑中,商务英语
throughput,'θrʊ'pʊt,,n.生产量，生产能力,商务英语
landmark,'lændmɑrk,,n.[航]陆标；地标；界标；里程碑；纪念碑；地界标；划时代的事 a.有重大意义或影响的,商务英语
programme,proɡrəm,,n.计划，规划；节目；程序 v.编程序；制作节目,商务英语
environment,ɪn'vaɪrənmənt,,n.环境，外界,商务英语
clerk,klɝk,,n.职员，办事员；店员；书记；记账员；<古>牧师，教士 v.当销售员，当店员；当职员,商务英语
promote,prə'mot,,v.促进；提升；推销；发扬,商务英语
manufacturer,",mænju'fæktʃərɚ",,n.制造商；[经] 厂商,商务英语
bomb,bɑm,,v.轰炸，投弹于 n.炸弹,商务英语
remuneration,"rɪ,mjunə'reʃən",,n.报酬；酬劳，赔偿,商务英语
conditional,kən'dɪʃənl,,a.有条件的；假定的 n.条件句；条件语,商务英语
trudge,trʌdʒ,,v.跋涉；步履艰难地走 n.长途跋涉；沉重的步伐,商务英语
palace,'pælis,,n.宫殿；宅邸；豪华住宅,商务英语
clash,klæʃ,,n.冲突，不协调；碰撞声，铿锵声 v.冲突，抵触；砰地相碰撞，发出铿锵声,商务英语
management,'mænɪdʒmənt,,n.管理；管理人员；管理部门；操纵；经营手段,商务英语
nowadays,'naʊədez,,ad.现今；时下 n.当今,商务英语
efficient,ɪ'fɪʃnt,,a.有效率的；有能力的；生效的,商务英语
expropriation,"ɛks,proprɪ'eʃən",,n.征收，征用；没收,商务英语
stapler,'steplɚ,,n.[轻] 订书机；主要商品批发商；把羊毛分级的人,商务英语
allow,ə'laʊ,,v.允许；给予；认可,商务英语
behaviour,bɪ'hevjər,,n.行为；习性；运行状况（=behavior）,商务英语
harbour,hɑrbɚ,,v.藏匿；入港停泊；庇护 n.海港（等于harbor）；避难所,商务英语
dismantle,dɪs'mæntl,,v.拆除；取消；解散；除掉…的覆盖物,商务英语
outweigh,'aʊt'we,,v.比…重（在重量上）；比…重要；比…有价值,商务英语
endeavour,ɪndɛvəʳ,,n.尽力，竭力 v.竭力做到，试图或力图（做某事）,商务英语
recent,'risnt,,a.最近的；近代的,商务英语
bond,bɑnd,,n.债券；结合；约定；粘合剂；纽带 v.结合，团结在一起,商务英语
graph,ɡræf,,n.图表；曲线图 v.用曲线图表示,商务英语
advancement,əd'vænsmənt,,n.前进，进步；提升,商务英语
regulatory,'reɡjulətəri,,a.管理的；控制的；调整的,商务英语
fix,fɪks,,v.使固定；修理；安装；准备 n.困境；方位；贿赂,商务英语
notify,'notə'fai,,v.通告，通知；公布,商务英语
rule,rul,,v.统治；管辖；裁定 n.统治；规则,商务英语
mean,min,,a.平均的；卑鄙的；低劣的；吝啬的 v.意味；想要；意欲 n.平均值,商务英语
deduction,dɪ'dʌkʃən,,n.扣除，减除；推论；减除额,商务英语
licensee,'laɪsn'si,,n.持牌人；执照持有者；获许可的人；领到执照的人,商务英语
widget,'wɪdʒɪt,,n.装饰物；小机械；小部件；未定名的主要新产品,商务英语
fine,faɪn,,a.好的；优良的；细小的，精美的；健康的；晴朗的 n.罚款 v.罚款；澄清 ad.很好地；精巧地,商务英语
brake,brek,,v.刹车 n.闸，刹车；阻碍,商务英语
marine,mə'rin,,a.船舶的；海生的；海产的；航海的，海运的 n.海运业；舰队；水兵；（海军）士兵或军官,商务英语
photographic,'fotə'græfɪk,,a.摄影的；逼真的；（尤指记忆）详细准确的,商务英语
profit,'prɑfɪt,,n.利润；利益 v.获利；有益,商务英语
mistake,mɪ'stek,,n.错误；误会；过失 v.弄错；误解,商务英语
retrench,ri'trɛntʃ,,v.删除；减少；紧缩开支,商务英语
trounce,traʊns,,v.痛打；严责；打败,商务英语
matter,'mætɚ,,n.物质；事件 v.有关系；要紧,商务英语
fill,fɪl,,v.装满，使充满；满足；堵塞；任职 n.满足；填满的量；装填物,商务英语
moderate,"ˈmɑdərɪt; (for v.,) ˈmɑdərˌeɪt",,a.稳健的，温和的；适度的，中等的；有节制的 v.变缓和，变弱,商务英语
steel,stil,,n.钢铁；钢制品；坚固 v.钢化；使冷酷 a.钢制的；钢铁业的；坚强的,商务英语
domestic,də'mɛstɪk,,a.国内的；家庭的；驯养的；一心只管家务的 n.国货；佣人,商务英语
assent,ə'sɛnt,,v.同意；赞成 n.同意；赞成,商务英语
publication,",pʌblɪ'keʃən",,n.出版；出版物；发表,商务英语
manual,'mænjuəl,,a.手工的；体力的 n.手册，指南,商务英语
wreckage,'rɛkɪdʒ,,n.（失事船或飞机等的）残骸；（船只等的）失事,商务英语
enquiry,"ɛnˈkwaɪri, ˈɛnkwəri",,n.[计] 询问，[贸易] 询盘,商务英语
safety,'sefti,,n.安全；保险；安全设备；保险装置；安打,商务英语
observe,əb'zɝv,,v.庆祝,商务英语
book,bʊk,,n.书籍；卷；帐簿；名册；工作簿 v.预订；登记,商务英语
clap,klæp,,v.鼓掌，拍手；啪地关上 n.鼓掌；拍手声,商务英语
boom,buːm,,v.使兴旺；发隆隆声 n.繁荣；吊杆；隆隆声,商务英语
channel,'tʃænl,,v.引导，开导；形成河道 n.通道；频道；海峡,商务英语
seasonal,'sizənl,,a.季节的；周期性的；依照季节的,商务英语
bright,braɪt,,a.明亮的，鲜明的；聪明的；愉快的 ad.明亮地；光明地；欢快地 n.车头灯光,商务英语
external,ɪk'stɝnl,,a.外部的；表面的；[药] 外用的；外国的；外面的 n.外部；外观；外面,商务英语
deductible,dɪ'dʌktəbl,,a.可扣除的；可减免的,商务英语
desktop,'dɛsk'tɑp,,n.桌面；台式机,商务英语
particular,pɚ'tɪkjəlɚ,,a.特别的；详细的；独有的；挑剔的 n.详细说明；个别项目,商务英语
awareness,ə'wɛrnəs,,n.意识，认识；明白，知道,商务英语
warehouse,'wɛrhaʊs,,n.仓库；货栈；大商店 v.储入仓库；以他人名义购进（股票）,商务英语
float,flot,,v.使漂浮；实行 n.彩车，花车；漂流物；浮舟；浮萍,商务英语
obsolescent,",ɑbsə'lɛsnt",,a.荒废的；即将过时的；逐渐被废弃的,商务英语
married,'mærɪd,,a.已婚的，有配偶的；婚姻的，夫妇的；密切结合的 n.已婚者 v.结婚，与…结婚（marry的过去式）,商务英语
DP,,,abbr.防潮的（Damp Proofing）；民主党（Democratic Party）；露点（Dew Point）；数据处理（Data Processing）；难民（Displaced Person）；棒球双杀（Double Play）,商务英语
psychology,saɪ'kɑlədʒi,,n.心理学；心理状态,商务英语
thereby,",ðɛr'baɪ",,ad.从而，因此；在那附近；在那方面,商务英语
judgement,'dʒʌdʒmənt,,n.意见；判断力；[法] 审判；评价,商务英语
salary,'sæləri,,vt.给加薪；给薪水 n.薪水,商务英语
hungry,'hʌŋɡri,,a.饥饿的；渴望的；荒年的；不毛的,商务英语
substantial,səbˈstænʃəl,,a.大量的；实质的；内容充实的 n.本质；重要材料,商务英语
duplicate,'duplɪket,,v.复制；使加倍 n.副本；复制品 a.复制的；二重的,商务英语
recession,rɪ'sɛʃən,,n.衰退；不景气；后退；凹处,商务英语
ritual,'rɪtʃuəl,,n.仪式；惯例；礼制 a.仪式的；例行的；礼节性的,商务英语
enjoyable,ɪn'dʒɔɪəbl,,a.快乐的；有乐趣的；令人愉快的,商务英语
extract,'ɛkstrækt,,v.提取；取出；摘录；榨取 n.汁；摘录；榨出物；选粹,商务英语
stationery,'steʃənɛri,,n.文具；信纸,商务英语
project,prəˈdʒɛkt; prɑdʒɛkt,,v.设计；计划；表达；投射 n.工程；计划；事业,商务英语
divulge,dɪ'vʌldʒ,,v.泄露；暴露,商务英语
aspect,'æspɛkt,,n.方面；方向；形势；外貌,商务英语
urge,ɝdʒ,,v.力劝，催促；驱策，推进 n.强烈的欲望，迫切要求；推动力,商务英语
bite,baɪt,,v.咬；刺痛 n.咬；一口；咬伤；刺痛 abbr.机内测试设备（Built-In Test Equipment）,商务英语
discuss,dɪ'skʌs,,v.讨论；论述，辩论,商务英语
skeptical,'skɛptɪkl,,a.怀疑的；怀疑论的，不可知论的,商务英语
consign,kən'saɪn,,v.交付；托运；寄存；把…委托给,商务英语
opening,'opənɪŋ,,n.开始；机会；通路；空缺的职位 a.开始的 v.开放（open的ing形式）；打开；公开,商务英语
histogram,'hɪstəɡræm,,n.[统计] 直方图；柱状图,商务英语
temp,tɛmp,,n.临时雇员 v.做临时工作 abbr.温度（temperature）,商务英语
bitter,'bɪtɚ,,a.苦的；痛苦的；尖刻的；充满仇恨的 n.苦味；苦啤酒 ad.激烈地；严寒刺骨地 v.使变苦,商务英语
wealth,wɛlθ,,n.财富；大量；富有,商务英语
gravitate,'ɡrævɪtet,,v.受引力作用；被吸引,商务英语
hypermarket,'haɪpɚmɑrkɪt,,n.大规模超级市场,商务英语
innovate,'ɪnəvet,,v.创新；改革；革新,商务英语
nail,nel,,v.钉；使固定；揭露 n.[解剖] 指甲；钉子,商务英语
knowledge,'nɑlɪdʒ,,n.知识，学问；知道，认识；学科,商务英语
smooth,smʊð,,a.顺利的；光滑的；平稳的 v.使光滑；消除（障碍等）；使优雅；缓和 n.平滑部分；一块平地 ad.光滑地；平稳地；流畅地,商务英语
scandal,'skændl,,n.丑闻；流言蜚语；诽谤；公愤,商务英语
creditworthy,'krɛdɪtwɝði,,a.信誉卓著的，有信誉的,商务英语
depart,dɪ'pɑrt,,v.离开；出发，起程；违反；去世 a.逝世的,商务英语
rival,'raɪvl,,n.对手；竞争者 v.与…竞争；比得上某人 a.竞争的,商务英语
intermediation,",ɪntɚ,midɪ'eʃən",,n.调解；仲裁；调停；作中间人,商务英语
prospect,'prɑspɛkt,,n.前途；预期；景色 v.勘探，找矿,商务英语
perceive,pɚ'siv,,v.察觉，感觉；理解；认知,商务英语
jargon,'dʒɑrɡən,,n.行话，术语；黄锆石,商务英语
currency,ˈkɜrənsi,,n.货币；通货,商务英语
training,'trenɪŋ,,n.训练；培养；瞄准；整枝 v.训练；教养（train的ing形式）,商务英语
aviation,",evɪ'eʃən",,n.航空；飞行术；飞机制造业,商务英语
authority,ə'θɔrəti,,n.权威；权力；当局,商务英语
divest,daɪ'vɛst,,v.剥夺；使脱去，迫使放弃,商务英语
recognize,ˈrɛkəɡˌnaɪz,,v.认出，识别；承认,商务英语
emphasis,'ɛmfəsɪs,,n.重点；强调；加强语气,商务英语
instinctive,ɪn'stɪŋktɪv,,a.本能的；直觉的；天生的,商务英语
ensure,ɪn'ʃʊr,,v.保证，确保；使安全,商务英语
member,'mɛmbɚ,,n.成员；会员；议员,商务英语
tilt,tɪlt,,v.倾斜；翘起；以言词或文字抨击 n.倾斜,商务英语
meaning,'minɪŋ,,n.意义；含义；意图 a.意味深长的 v.意味；意思是（mean的ing形式）,商务英语
till,tɪl,,n.[地理][水文] 冰碛；放钱的抽屉；备用现金 prep.直到 conj.直到为止 v.耕种；犁,商务英语
electronic,ɪˌlekˈtrɑːnɪk,,a.电子的 n.电子电路；电子器件,商务英语
drown,draʊn,,v.淹没；把…淹死 n.(Drown)人名；(英)德朗,商务英语
compensation,",kɑmpɛn'seʃən",,n.补偿；报酬；赔偿金,商务英语
register,'rɛdʒɪstɚ,,v.登记；注册；记录；挂号邮寄；把…挂号；正式提出 n.登记；注册；记录；寄存器；登记簿,商务英语
subjugate,'sʌbdʒuɡet,,v.征服；使服从；克制,商务英语
invest,ɪn'vɛst,,v.投资；覆盖；耗费；授予；包围,商务英语
utility,ju'tɪləti,,n.实用；效用；公共设施；功用 a.实用的；通用的；有多种用途的,商务英语
incur,ɪn'kɝ,,v.招致，引发；蒙受,商务英语
bottleneck,'bɑtlnɛk,,n.瓶颈；障碍物,商务英语
elegant,'ɛləgənt,,a.高雅的，优雅的；讲究的；简炼的；简洁的,商务英语
mediation,midɪ'eʃən,,n.调解；仲裁；调停,商务英语
base,bes,,n.基础；底部；垒 a.卑鄙的；低劣的 v.以…作基础,商务英语
antedate,",æntɪ'det",,v.先于；前于 n.比实际提前的日期,商务英语
coincide,",koɪn'saɪd",,v.一致，符合；同时发生,商务英语
precise,prɪ'saɪs,,a.精确的；明确的；严格的,商务英语
gratitude,'ɡrætɪtud,,n.感谢（的心情）；感激,商务英语
congratulation,"kən,ɡrætʃu'leʃən",,n.祝贺；贺辞,商务英语
deregulation,"dɪ'rɛgjʊ,leʃən",,n.违反规定，反常；撤消管制规定,商务英语
competent,'kɑmpɪtənt,,a.胜任的；有能力的；能干的；足够的,商务英语
client,'klaɪənt,,n.[经] 客户；顾客；委托人,商务英语
bookkeeper,'bʊkkipɚ,,n.簿记员；会计员；铁路的司旗员,商务英语
broadcast,'brɔdkæst,,v.播送，播放；（无线电或电视）广播；播撒（种子） n.广播；播音；广播节目 a.广播的,商务英语
qualify,ˈkwɑləˌfaɪ,,v.限制；使具有资格；证明…合格,商务英语
takings,'teikiŋz,,n.[会计] 收入；[金融] 进款,商务英语
bounce,baʊns,,n.跳；弹力；活力 v.弹跳；使弹起,商务英语
adjourn,ə'dʒɝn,,v.休会；延期；换地方,商务英语
appointee,"ə,pɔɪn'ti",,n.被任命者,商务英语
entrant,'ɛntrənt,,n.进入者；新会员；参加竞赛者；新工作者,商务英语
software,'sɔftwɛr,,n.软件,商务英语
overdraft,'ovɚdræft,,n.[金融] 透支；[金融] 透支额 vt.[金融] 透支,商务英语
terminal,ˈtɜːrmɪnl,,n.末端；终点；终端机；极限 a.末端的；终点的；晚期的,商务英语
component,kəm'ponənt,,a.组成的，构成的 n.成分；组件；[电子] 元件,商务英语
specimen,'spɛsəmən,,n.样品，样本；标本,商务英语
adversarial,",ædvɚ'sɛrɪəl",,a.对抗的；对手的，敌手的,商务英语
bank,bæŋk,,n.银行；岸；浅滩；储库 v.将…存入银行；倾斜转弯,商务英语
widespread,ˈwʌɪdsprɛd,,a.普遍的，广泛的；分布广的,商务英语
overall,",ovə'rɔl",,a.全部的；全体的；一切在内的 ad.全部地；总的说来 n.工装裤；罩衫,商务英语
tank,tæŋk,,n.坦克；水槽；池塘 v.把…贮放在柜内；打败,商务英语
climate,'klaɪmət,,n.气候；风气；思潮；风土,商务英语
founder,'faʊndɚ,,v.失败；沉没；倒塌；变跛 n.创始人；建立者；翻沙工,商务英语
codetermination,",kodɪ,tɝmɪ'neʃən",,n.共同决策制；劳资协同经营制度,商务英语
monitor,'mɔnɪtɚ,,n.监视器；监听器；监控器；显示屏；班长 v.监控,商务英语
spectrum,'spɛktrəm,,n.光谱；频谱；范围；余象,商务英语
motive,'motɪv,,n.动机，目的；主题 a.发动的；成为动机的 vt.使产生动机，激起,商务英语
fulfill,ful'fil,,v.履行；实现；满足；使结束（等于fulfil）,商务英语
mandatory,'mændətɔri,,a.强制的；托管的；命令的 n.受托者（等于mandatary）,商务英语
ascertain,'æsɚ'ten,,v.确定；查明；探知,商务英语
BA,",bi: 'ei",,abbr.文学士（Bachelor of Arts）,商务英语
entrepreneurial,",ɑntrəprə'njʊrɪəl",,a.企业家的，创业者的；中间商的,商务英语
cream,krim,,n.奶油，乳脂；精华；面霜；乳酪,商务英语
rally,'ræli,,v.团结；重整；恢复；（网球等）连续对打 n.集会；回复；公路赛车会,商务英语
sign,saɪn,,n.迹象；符号；记号；手势；指示牌 v.签署；签名,商务英语
weakness,'wiknəs,,n.弱点；软弱；嗜好,商务英语
refuse,ri'fjʊz,,n.垃圾；废物 v.拒绝；不愿；抵制,商务英语
discern,dɪ'sɝn,,v.识别；领悟，认识,商务英语
devalue,",di'vælju",,v.使贬值；降低…的价值,商务英语
distinguish,dɪ'stɪŋɡwɪʃ,,v.区分；辨别；使杰出，使表现突出,商务英语
economics,'ikə'nɑmɪks; 'ɛkə'nɑmɪks,,n.经济学；国家的经济状况,商务英语
insurance,ɪn'ʃʊrəns,,n.保险；保险费；保险契约；赔偿金,商务英语
guidance,'gaɪdns,,n.指导，引导；领导,商务英语
disparate,'dɪspərət,,a.不同的；不相干的；全异的 n.无法相比的东西,商务英语
deteriorate,dɪ'tɪrɪəret,,v.恶化，变坏,商务英语
measure,'mɛʒɚ,,n.测量；措施；程度；尺寸 v.测量；估量；权衡,商务英语
bill,bɪl,,n.[法] 法案；广告；账单；[金融] 票据；钞票；清单 v.宣布；开账单；用海报宣传,商务英语
promotion,prə'moʃən,,n.提升，[劳经] 晋升；推销，促销；促进；发扬，振兴,商务英语
negotiable,nɪ'ɡoʃɪəbl,,a.可通过谈判解决的；可协商的,商务英语
scrutinize,'skrutənaɪz,,v.细阅；作详细检查 n.仔细或彻底检查,商务英语
culminate,'kʌlmɪnet,,v.到绝顶；达到高潮；达到顶点,商务英语
insider,ɪn'saɪdɚ,,n.内部的人，会员；熟悉内情者,商务英语
embargo,ɪm'bɑrɡo,,v.禁止出入港口；禁止或限制贸易；征用或扣押 n.禁令；禁止；封港令,商务英语
analysis,ə'næləsɪs,,n.分析；分解；验定,商务英语
lab,læb,,n.实验室，研究室,商务英语
simulation,'sɪmjə'leʃən,,n.仿真；模拟；模仿；假装,商务英语
annuity,ə'nuəti,,n.年金，养老金；年金保险；年金享受权,商务英语
response,rɪ'spɑns,,n.响应；反应；回答,商务英语
invent,ɪn'vɛnt,,v.发明；创造；虚构,商务英语
acknowledgement,ək'nɑlɪdʒmənt,,n.承认；确认；感谢,商务英语
pilot,'paɪlət,,n.飞行员；领航员 a.试点的 v.驾驶；领航；试用,商务英语
spoil,spɔɪl,,v.溺爱；糟蹋；破坏；掠夺 n.次品；奖品,商务英语
altogether,",ɔltə'ɡɛðɚ",,ad.完全地；总共；总而言之 n.整个；裸体,商务英语
packing,'pækɪŋ,,n.包装；填充物 v.包装；装满；压紧（pack的ing形式）,商务英语
activity,æk'tɪviti,,n.活动；行动；活跃,商务英语
complaint,kəm'plent,,n.抱怨；诉苦；疾病；委屈,商务英语
calendar,'kæləndɚ,,n.日历；[天] 历法；日程表 v.将…列入表中；将…排入日程表,商务英语
facilities,fə'silitiz,,n.设施；工具，设备,商务英语
law,lɔ,,n.法律；规律；法治；法学；诉讼；司法界 vi.起诉；控告 vt.控告；对…起诉,商务英语
amortize,'æmɚtaɪz,,v.摊销（等于amortise）；分期偿还,商务英语
CV,",si: 'vi:",,abbr.简历（Curriculum Vitae）,商务英语
depend,dɪ'pɛnd,,v.依赖，依靠；取决于；相信，信赖,商务英语
lay,le,,v.躺下；产卵；搁放；放置；铺放；涂，敷 a.世俗的；外行的；没有经验的 n.位置；短诗；花纹方向；叙事诗；性伙伴,商务英语
kite,kaɪt,,n.风筝 v.使用空头支票；像风筝一样飞；轻快地移动,商务英语
cable,'kebl,,n.缆绳；电缆；海底电报 v.打电报,商务英语
worthwhile,'wɝθ'waɪl,,a.值得做的，值得花时间的,商务英语
departure,dɪ'pɑrtʃɚ,,n.离开；出发；违背,商务英语
reimbursement,",riɪm'bɝsmənt",,n.退还，偿还；赔偿,商务英语
disrupt,dɪs'rʌpt,,v.破坏；使瓦解；使分裂；使中断；使陷于混乱 a.分裂的，中断的；分散的,商务英语
forge,fɔrdʒ,,n.熔炉，锻铁炉；铁工厂 v.伪造；做锻工；前进,商务英语
theoretical,",θiə'rɛtɪkəl",,a.理论的；理论上的；假设的；推理的,商务英语
scarce,skɛrs,,a.缺乏的，不足的；稀有的 ad.仅仅；几乎不；几乎没有,商务英语
amelioration,"ə,mi:ljə'reiʃən",,n.改进，改善,商务英语
inflationary,ɪn'fleʃənɛri,,a.通货膨胀的；通货膨胀倾向的；通货膨胀引起的,商务英语
authorize,'ɔθəraɪz,,v.批准，认可；授权给；委托代替,商务英语
orient,'orɪənt,,v.使适应；确定方向；使朝东 n.东方；东方诸国 a.东方的,商务英语
great,ɡret,,a.伟大的，重大的；极好的，好的；主要的 n.大师；大人物；伟人们,商务英语
nuclear,'nuklɪɚ,,a.原子能的；[细胞] 细胞核的；中心的；原子核的,商务英语
source,sɔrs,,n.来源；水源；原始资料,商务英语
obligate,"'ɑblɪ,ɡeɪt",,v.使负义务；强使，强迫；对…施以恩惠 a.有责任的，有义务的；必需的,商务英语
piracy,'paɪrəsi,,n.海盗行为；剽窃；著作权侵害；非法翻印,商务英语
harbor,'hɑrbɚ,,v.庇护；怀有 n.海港；避难所,商务英语
appearance,ə'pɪrəns,,n.外貌，外观；出现，露面,商务英语
reason,ˈrizən,,n.理由；理性；动机 v.推论；劝说,商务英语
verify,'vɛrɪfaɪ,,v.核实；查证,商务英语
package,'pækɪdʒ,,n.包，包裹；套装软件，[计] 程序包 a.一揽子的 v.打包；将…包装,商务英语
involve,ɪn'vɑlv,,v.包含；牵涉；使陷于；潜心于,商务英语
chequebook,'tʃekbuk,,n.支票本,商务英语
highlight,'haɪlaɪt,,v.突出；强调；使显著；加亮 n.最精彩的部分；最重要的事情；加亮区,商务英语
liquidation,",lɪkwɪ'deʃən",,n.清算；偿还；液化；清除,商务英语
convey,kən've,,v.传达；运输；让与,商务英语
overhead,",ovɚ'hɛd",,ad.在头顶上；在空中；在高处 a.高架的；在头上的；在头顶上的 n.天花板；[会计] 经常费用；间接费用；吊脚架空层,商务英语
byte,baɪt,,n.字节；8位元组,商务英语
respond,rɪ'spɑnd,,v.回答；作出反应；承担责任 n.应答；唱和,商务英语
nullify,'nʌlɪ'fai,,v.使无效，作废；取消,商务英语
privatization,",praɪvətaɪ'zeʃən",,n.私有化,商务英语
refresh,ri'frɛʃ,,v.更新；使……恢复；使……清新；消除……的疲劳,商务英语
carry,'kæri,,v.拿，扛；携带；支持；搬运 n.运载；[计] 进位；射程,商务英语
MB,,,abbr.兆位，兆字节（mega byte）,商务英语
listed,'lɪstɪd,,a.列出的；表列的；已登录的 v.列出；登记（list的过去分词）,商务英语
orientation,orɪɛn'teʃən,,n.方向；定向；适应；情况介绍；向东方,商务英语
ban,bæn,,v.禁止，取缔 n.禁令，禁忌,商务英语
transfer,træns'fɝ,,n.转让；转移；传递；过户 v.转让；转学；换车,商务英语
luminary,'lʊmə'nɛri,,n.发光体；杰出人物；知识渊博的人,商务英语
burglar,'bɝɡlɚ,,n.夜贼，窃贼,商务英语
hold,hold,,v.持有；拥有；保存；拘留；约束或控制 n.控制；保留,商务英语
career,kə'rɪr,,n.生涯；职业；事业；速度，全速 a.作为毕生职业的 v.全速前进，猛冲,商务英语
pander,'pændɚ,,v.迎合；勾引；怂恿；拉皮条 n.怂恿者；拉皮条者；老鸨,商务英语
distribution,'dɪstrə'bjʊʃən,,n.分布；分配,商务英语
flagship,'flæɡʃɪp,,n.旗舰；（作定语）一流；佼佼者,商务英语
sensible,'sɛnsəbl,,a.明智的; 通情达理的; 合乎情理的; 意识到的，能感觉到的; n.可感觉到的东西; 敏感的人;,商务英语
accomplishment,ə'kɑmplɪʃmənt,,n.成就；完成；技艺，技能,商务英语
damages,,,n.损害赔偿（damage的复数）；伤害 v.伤害；毁坏（damage的第三人称单数）,商务英语
horizontal,'hɔrə'zɑntl,,a.水平的；地平线的；同一阶层的 n.水平线，水平面；水平位置,商务英语
will,wɪl,,n.意志；决心；情感；遗嘱；意图；心愿 v.决心要；遗赠；用意志力使 aux.将；愿意；必须,商务英语
pledge,plɛdʒ,,n.保证，誓言；抵押；抵押品，典当物 v.保证，许诺；用……抵押；举杯祝……健康,商务英语
inflation,ɪn'fleʃən,,n.膨胀；通货膨胀；夸张；自命不凡,商务英语
bar,bɑr,,n.条，棒；酒吧；障碍；法庭 v.禁止；阻拦 prep.除……外,商务英语
compensate,'kɑmpɛnset,,v.补偿，赔偿；抵消,商务英语
home,hom,,n.家，住宅；产地；家乡；避难所 ad.在家，回家；深入地 a.国内的，家庭的；有效的 v.归巢，回家,商务英语
binder,'baɪndɚ,,n.[胶粘] 粘合剂；活页夹；装订工；捆缚者；用以绑缚之物,商务英语
supermarket,'sʊpɚ'mɑrkɪt,,n.超级市场；自助售货商店,商务英语
accident,'æksədənt,,n.事故；意外；[法] 意外事件；机遇,商务英语
announce,ə'naʊns,,v.宣布；述说；预示；播报,商务英语
empire,'ɛmpaɪr,,n.帝国；帝王统治，君权,商务英语
savings,'sevɪŋz,,n.储蓄；存款；救助；节省物（saving的复数形式）,商务英语
quit,kwɪt,,v.离开；放弃；停止；使…解除 n.离开；[计] 退出 a.摆脱了…的；已经了结的,商务英语
dexterity,dɛk'stɛrəti,,n.灵巧；敏捷；机敏,商务英语
containerization,"kən,teinərai'zeiʃən, -ri'z-",,n.集装箱化,商务英语
cruel,'kruəl,,a.残酷的，残忍的；使人痛苦的，让人受难的；无情的，严酷的,商务英语
clear,klɪr,,a.清楚的；清澈的；晴朗的；无罪的 v.通过；清除；使干净；跳过 ad.清晰地；完全地 n.清除；空隙,商务英语
subscribe,səb'skraɪb,,v.订阅；捐款；认购；赞成；签署,商务英语
clean,klin,,a.清洁的，干净的；清白的 v.使干净 ad.完全地 n.打扫,商务英语
abdication,",æbdi'keiʃən",,n.辞职；退位,商务英语
depot,'dipo,,n.仓库；停车场；航空站 vt.把…存放在储藏处 a.药性持久的,商务英语
probability,'prɑbə'bɪləti,,n.可能性；机率；[数] 或然率,商务英语
hierarchy,'haɪərɑrki,,n.层级；等级制度,商务英语
airline,'ɛrlaɪn,,n.航空公司；航线 a.航线的,商务英语
revocable,'revəkəbəl,,a.可撤销的；可废除的,商务英语
productivity,",prodʌk'tɪvəti",,n.生产力；生产率；生产能力,商务英语
diversity,dɪˈvəsɪti,,n.多样性；差异,商务英语
modernization,",mɑdɚnə'zeʃən",,n.现代化,商务英语
dozen,'dʌzn,,n.十二个，一打 a.一打的,商务英语
gallery,'gæləri,,n.画廊；走廊；旁听席；地道 vt.在…修建走廊；在…挖地道 vi.挖地道,商务英语
vendor,'vɛndɚ,,n.卖主；小贩；供应商；[贸易] 自动售货机,商务英语
advertisement,",ædvɚ'taɪzmənt",,n.广告，宣传,商务英语
exceed,ɪk'sid,,v.超过；胜过,商务英语
void,vɔɪd,,a.空的；无效的；无人的 n.空虚；空间；空隙 v.使无效；排放,商务英语
amenity,ə'mɛnəti,,n.舒适；礼仪；愉快；便利设施,商务英语
lottery,'lɑtəri,,n.彩票；碰运气的事，难算计的事；抽彩给奖法,商务英语
master,'mæstɚ,,v.控制；精通；征服 n.硕士；主人；大师；教师 a.主人的；主要的；熟练的,商务英语
extraordinary,ɛkˈstrɔrdənˌɛri; ɪkˈstrɔrdəˌnɛri; ˌɛkstrəˈɔrdəˌnɛri,,a.非凡的；特别的；离奇的；临时的；特派的,商务英语
per,pɚ,,prep.每；经；按照；每一 n.(Per)人名；(德、挪、丹、瑞典)佩尔,商务英语
finance,'faɪnæns,,n.财政，财政学；金融 v.负担经费，供给…经费,商务英语
method,'mɛθəd,,n.方法；条理；类函数 a.使用体验派表演方法的,商务英语
efficiency,ɪ'fɪʃənsi,,n.效率；效能；功效,商务英语
force,fɔrs,,n.力量；武力；军队；魄力 v.促使，推动；强迫；强加,商务英语
settle,'sɛtl,,v.解决；定居；沉淀；下陷 n.有背长椅,商务英语
PA,,,n.（拉）等量（partes aequales）,商务英语
overstaffed,",ovɚ'stæft",,a.人浮于事的；人员过多的,商务英语
avoidance,ə'vɔɪdəns,,n.逃避；废止；职位空缺,商务英语
onus,'onəs,,n.责任，义务；负担,商务英语
nylon,'naɪlɑn,,n.尼龙，[纺] 聚酰胺纤维；尼龙袜,商务英语
segment,'sɛɡmənt,,v.分割 n.段；部分,商务英语
variation,",vɛrɪ'eʃən",,n.变化；[生物] 变异，变种,商务英语
defect,‘dɪfɛkt,,n.缺点，缺陷；不足之处 v.变节；叛变,商务英语
difficulty,'dɪfɪkəlti,,n.困难，困境,商务英语
authorization,",ɔθərɪ'zeʃən",,n.授权，认可；批准，委任,商务英语
honest,'ɑnɪst,,a.诚实的，实在的；可靠的；坦率的,商务英语
retailer,'ri:teilə,,n.零售商；传播的人,商务英语
stonewalling,'stəunwɔ:liŋ,,n.石墙；阻碍议程 v.妨碍（stonewall的ing形式）,商务英语
postage,'postɪdʒ,,n.邮资，邮费,商务英语
motivated,'məutiveitid,,a.有动机的；有积极性的 v.使产生动机；激发…的积极性（motivate的过去式和过去分词）,商务英语
remainder,rɪ'mendɚ,,n.[数] 余数，残余；剩余物；其余的人 a.剩余的；吃剩的 v.廉价出售；削价出售,商务英语
vocation,vo'keʃən,,n.职业；天职；天命；神召,商务英语
affluent,'æfluənt,,a.富裕的；丰富的；流畅的 n.支流；富人,商务英语
hit,hɪt,,v.打击；袭击；碰撞；偶然发现；伤…的感情 n.打；打击；（演出等）成功；讽刺,商务英语
exact,ɪɡ'zækt,,a.准确的，精密的；精确的 v.要求；强求；急需,商务英语
request,rɪ'kwɛst,,n.请求；需要 v.要求，请求,商务英语
disseminate,dɪ'sɛmɪnet,,v.宣传，传播；散布,商务英语
rearrange,",riə'rendʒ",,v.重新排列；重新整理,商务英语
medicine,'mɛdsn,,n.药；医学；内科；巫术 v.用药物治疗；给…用药,商务英语
required,rɪ'kwaɪrd,,a.必需的；（美）必修的 v.需要（require的过去式及过去分词形式）；要求,商务英语
middleman,'mɪdl'mæn,,n.中间人；经纪人；调解人,商务英语
abatement,ə'betmənt,,n.减少；消除；减轻,商务英语
argument,'ɑrɡjumənt,,n.论证；论据；争吵；内容提要,商务英语
prepaid,",pri'ped",,a.先付的，已支付的 v.预付（prepay的过去式和过去分词）,商务英语
cycle,'saɪkl,,n.循环；周期；自行车；整套；一段时间 v.使循环；使轮转,商务英语
approve,ə'prʊv,,v.批准；赞成；为…提供证据,商务英语
beg,bɛɡ,,v.乞讨；恳求；回避正题 n.(Beg)人名；(德、塞、巴基)贝格,商务英语
inefficiency,ɪnə'fɪʃənsi,,n.效率低；无效率；无能,商务英语
addendum,ə'dɛndəm,,n.附录，附件；补遗；附加物,商务英语
means,minz,,n.手段；方法；财产 v.意思是；打算（mean的第三人称单数） [ 复数means ],商务英语
enter,'ɛntɚ,,v.进入；开始；参加 n.[计] 输入；回车,商务英语
telegram,'tɛlɪɡræm,,n.电报 vt.用电报发送 vi.发电报,商务英语
depth,dɛpθ,,n.[海洋] 深度；深奥,商务英语
dinner,'dɪnɚ,,n.晚餐，晚宴；宴会；正餐,商务英语
arrive,ə'raɪv,,v.到达；成功；达成；出生 n.(Arrive)人名；(法)阿里夫,商务英语
computerization,"kəm,pju:tərai'zeiʃən, -ri'z-",,n.电脑化；电子计算机化工作,商务英语
panic,'pænɪk,,n.恐慌，惊慌；大恐慌 a.恐慌的；没有理由的 v.使恐慌,商务英语
flood,flʌd,,v.淹没；充满；溢出 n.洪水；泛滥；一大批,商务英语
bet,bɛt,,n.打赌，赌注；被打赌的事物 v.打赌；敢断定，确信,商务英语
applicant,'æplɪkənt,,n.申请人，申请者；请求者,商务英语
owner,'onɚ,,n.[经] 所有者；物主,商务英语
underpin,",ʌndɚ'pɪn",,v.巩固；支持；从下面支撑；加强…的基础,商务英语
distributorship,"di'stribjutə,ʃip",,n.分销权,商务英语
panel,'pænl,,n.仪表板；嵌板；座谈小组，全体陪审员 v.嵌镶板,商务英语
explore,ɪk'splɔr,,v.探索；探测；探险,商务英语
motivate,'motə'vet,,v.刺激；使有动机；激发…的积极性,商务英语
appoint,ə'pɔɪnt,,v.任命；指定；约定,商务英语
goods,ɡʊdz,,n.商品；动产；合意的人；真本领,商务英语
quick,kwɪk,,n.核心；伤口的嫩肉 a.快的；迅速的，敏捷的；灵敏的 ad.迅速地，快,商务英语
reassessment,",riə'sɛsmənt",,n.重新评估；[经] 重新估价；重新考虑,商务英语
receivership,rɪ'sivɚʃɪp,,n.[经管] 破产管理；破产管理人的职务；破产在管,商务英语
gimmick,'ɡɪmɪk,,n.暗机关；骗人的玩意；花招 vt.使暗机关；搞骗人的玩意,商务英语
wrestle,'rɛsl,,n.摔跤；搏斗；斗争 v.摔跤；斗争；斟酌,商务英语
judicial,dʒʊ'dɪʃəl,,a.公正的，明断的；法庭的；审判上的,商务英语
effectiveness,ə'fɛktɪvnɪs,,n.效力,商务英语
nonsense,'nɑnsɛns,,n.胡说；废话 a.荒谬的 int.胡说！,商务英语
seal,sil,,n.密封；印章；海豹；封条；标志 v.密封；盖章,商务英语
embarkation,",ɛmbɑr'keʃən",,n.从事；装载；乘坐,商务英语
quantitative,'kwɑntətetɪv,,a.定量的；量的，数量的,商务英语
subordinate,səˈbɔːdɪnɪt (for n. &adj.) ; səˈbɔːdɪˌnet (for v.),,n.下属，下级；部属，属下 a.从属的；次要的 v.使……居下位；使……服从,商务英语
bid,bɪd,,v.投标；出价；表示；吩咐 n.出价；叫牌；努力争取,商务英语
decentralization,lɪ'zsɛntrəlaɪ'zeʃən,,n.分散；非集权化；（人口、工业等的）疏散,商务英语
innovation,",ɪnə'veʃən",,n.创新，革新；新方法,商务英语
leaflet,'liflət,,n.小叶；传单,商务英语
revenue,'rɛvənu,,n.税收，国家的收入；收益,商务英语
visionary,'vɪʒənɛri,,a.梦想的；幻影的 n.空想家；梦想者；有眼力的人,商务英语
building,'bɪldɪŋ,,n.建筑；建筑物 v.建筑；建立；增加（build的ing形式）,商务英语
annual,'ænjuəl,,a.年度的；每年的 n.年刊，年鉴；一年生植物,商务英语
political,pə'lɪtɪkl,,a.政治的；党派的,商务英语
task,tæsk,,v.分派任务 n.工作，作业；任务,商务英语
agreement,ə'grimənt,,n.协议；同意，一致,商务英语
embarrassed,ɪm'bærəst,,a.尴尬的；窘迫的 v.使困窘；使局促不安（embarrass的过去分词形式）,商务英语
modify,'mɑdɪfaɪ,,v.修改，修饰；更改,商务英语
impending,ɪm'pɛndɪŋ,,a.即将发生的；迫切的；悬挂的 v.迫近；悬空（impend的现在分词）,商务英语
chopstick,'tʃɑpstɪk,,n.筷子,商务英语
cyberspace,'saɪbɚspes,,n.网络空间；赛博空间,商务英语
registration,'rɛdʒɪ'streʃən,,n.登记；注册；挂号,商务英语
provision,prə'vɪʒn,,n.规定；条款；准备；[经] 供应品 v.供给…食物及必需品,商务英语
database,'detəbes,,n.数据库，资料库,商务英语
illuminate,ɪ'lumɪnet,,v.阐明，说明；照亮；使灿烂；用灯装饰,商务英语
election,ɪ'lɛkʃən,,n.选举；当选；选择权；上帝的选拔,商务英语
convenient,kən'vinɪənt,,a.方便的；[废语]适当的；[口语]近便的；实用的,商务英语
plan,plæn,,n.计划；平面图 v.计划；设计；打算,商务英语
hostel,'hɑstl,,n.旅社，招待所（尤指青年旅社）,商务英语
weighting,'weitiŋ,,n.加重，加权；衡量；（英）生活补贴 v.加权；称量（weight的现在分词）,商务英语
competitive,kəm'pɛtətɪv,,a.竞争的；比赛的；求胜心切的,商务英语
crossroads,'krɔsrodz,,n.十字路口；交叉路口；聚会的中心地点（crossroad的复数形式）,商务英语
blueprint,'blʊ'prɪnt,,v.计划；制成蓝图 n.蓝图，设计图；计划,商务英语
earn,ɝn,,v.赚，赚得；获得，挣得；使得到；博得 n.(Earn)人名；(泰)炎,商务英语
overestimate,",ovər'ɛstɪmət",,v.对……评价过高；对……估计过高 n.估计过高；评价过高；出价过高,商务英语
characteristic,",kærəktə'rɪstɪk",,a.典型的；特有的；表示特性的 n.特征；特性；特色,商务英语
consistent,kən'sɪstənt,,a.始终如一的，一致的；坚持的,商务英语
appraise,ə'prez,,v.评价，鉴定；估价,商务英语
handset,'hænd'sɛt,,n.手机，电话听筒,商务英语
glorious,'ɡlɔriəs; 'ɡloriəs,,a.光荣的；辉煌的；极好的,商务英语
equipment,ɪ'kwɪpmənt,,n.设备，装备；器材,商务英语
deregulate,",di'rɛɡjulet",,v.解除对……的管制,商务英语
manage,'mænɪdʒ,,v.管理；经营；控制；设法,商务英语
garbage,'ɡɑrbɪdʒ,,n.垃圾；废物,商务英语
customer,'kʌstəmɚ,,n.顾客；家伙,商务英语
downturn,'daʊntɝn,,n.衰退（经济方面）；低迷时期,商务英语
validate,'vælɪdet,,v.证实，验证；确认；使生效,商务英语
interruption,",ɪntə'rʌpʃən",,n.中断；干扰；中断之事,商务英语
recruit,rɪ'krut,,n.招聘；新兵；新成员 v.补充；聘用；征募；使…恢复健康,商务英语
tenant,'tɛnənt,,n.承租人；房客；佃户；居住者 v.租借（常用于被动语态）,商务英语
differential,'dɪfə'rɛnʃəl,,a.微分的；差别的；特异的 n.微分；差别,商务英语
interest,'ɪntrəst,,n.兴趣，爱好；利息；趣味；同行 v.使……感兴趣；引起……的关心；使……参与,商务英语
adopt,ə'dɑpt,,v.采取；接受；收养；正式通过,商务英语
hunt,hʌnt,,v.打猎；搜索 n.狩猎；搜寻,商务英语
quantity,'kwɑntəti,,n.量，数量；大量；总量,商务英语
photocopier,'fotokɑpɪɚ,,n.影印机；复印机,商务英语
along,ə'lɔŋ,,ad.一起；向前；来到 prep.沿着；顺着,商务英语
impeccable,ɪm'pɛkəbl,,a.无瑕疵的；没有缺点的,商务英语
commission,kə'mɪʃən,,n.委员会；佣金；犯；委任；委任状 v.委任；使服役；委托制作,商务英语
cheerful,'tʃɪrfl,,a.快乐的；愉快的；高兴的,商务英语
alone,ə'lon,,a.独自的；单独的；孤独的 ad.独自地；单独地,商务英语
bureau,'bjʊro,,n.局，处；衣柜；办公桌,商务英语
supplier,sə'plaɪɚ,,n.供应厂商，供应国；供应者,商务英语
responsibility,rɪˌspɑːnsəˈbɪləti,,n.责任，职责；义务,商务英语
copy,'kɑpi,,v.复制；复印；抄袭 n.副本；一册；摹仿,商务英语
template,'tɛmplet,,n.模板，样板,商务英语
integrate,'ɪntɪɡret,,v.使…完整；使…成整体；求…的积分；表示…的总和 a.整合的；完全的 n.一体化；集成体,商务英语
adequate,ˈædɪkwət,,a.充足的；适当的；胜任的,商务英语
attendance,ə'tɛndəns,,n.出席；到场；出席人数；考勤,商务英语
feasible,'fizəbl,,a.可行的；可能的；可实行的,商务英语
pitfall,'pɪt'fɔl,,n.陷阱，圈套；缺陷；诱惑,商务英语
inconsiderate,",ɪnkən'sɪdərət",,a.轻率的；不顾别人的；无谋得,商务英语
postcode,'post'kod,,n.（英）邮政编码；邮区号,商务英语
convince,kən'vɪns,,v.说服；使确信，使信服,商务英语
obey,ə'be,,v.服从，听从；按照……行动 n.(Obey)人名；(英、法)奥贝,商务英语
provable,'pru:vəbl,,a.可证明的；可以查清的,商务英语
prerequisite,",pri'rɛkwəzɪt",,n.先决条件 a.首要必备的,商务英语
fashionable,'fæʃnəbl,,a.流行的；时髦的；上流社会的,商务英语
hamper,'hæmpɚ,,v.妨碍；束缚；使困累 n.食盒，食篮；阻碍物,商务英语
packer,'pækɚ,,n.包装机；包装工人；罐头食品工人，赶牲口运货的人,商务英语
lot,lɑt,,n.份额；许多；命运；阄 ad.（与形容词和副词连用）很，非常；（与动词连用）非常 pron.大量，许多 v.分组，把…划分（常与out连用）；把（土地）划分成块,商务英语
packet,'pækɪt,,n.数据包，信息包；小包，小捆 vt.包装，打包,商务英语
appraisal,ə'prezl,,n.评价；估价（尤指估价财产，以便征税）；估计,商务英语
TT,,,abbr.电汇（Telegraphic Transfer）；总时间（Total Time）；技术术语（Technical Term）；经结核菌素试验的（Tuberculin Tested）,商务英语
complex,"kəm'plɛks; 'kɑm,plɛks",,a.复杂的；合成的 n.复合体；综合设施,商务英语
graphic,'græfɪk,,a.形象的；图表的；绘画似的,商务英语
territory,'tɛrətɔri,,n.领土，领域；范围；地域；版图,商务英语
advertising,'ædvɚ'taɪzɪŋ,,n.广告；广告业；登广告 a.广告的；广告业的 v.公告；为…做广告（advertise的ing形式）,商务英语
guideline,'ɡaɪdlaɪn,,n.指导方针,商务英语
irrelevant,ɪ'rɛləvənt,,a.不相干的；不切题的,商务英语
difficult,'dɪfɪkəlt,,a.困难的；不随和的；执拗的,商务英语
remission,rɪ'mɪʃən,,n.缓解；宽恕；豁免,商务英语
inhabitant,ɪn'hæbɪtənt,,n.居民；居住者,商务英语
consortium,kənˈsɔrʃiəm,,n.财团；联合；合伙,商务英语
tycoon,taɪ'kun,,n.企业界大亨，巨头；巨富,商务英语
XD,,,abbr.无红利（ex-dividend）,商务英语
menswear,'mɛnzwɛr,,n.男装；男服 a.用男服料缝制的,商务英语
publish,'pʌblɪʃ,,v.出版；发表；公布,商务英语
license,'laɪsns,,n.执照，许可证；特许 v.许可；特许；发许可证给,商务英语
antidumping,'æntɪ'dʌmpɪŋ,,a.反倾销政策的,商务英语
offspring,'ɔfsprɪŋ,,n.后代，子孙；产物,商务英语
landlord,'lændlɔrd,,n.房东，老板；地主,商务英语
site,saɪt,,n.地点；位置；场所 v.设置；为…选址,商务英语
holder,'holdɚ,,n.持有人；所有人；固定器；（台、架等）支持物,商务英语
catalogue,'kætəlɔɡ,,n.目录；（美）大学情况一览 v.把…编入目录,商务英语
plaintiff,'plentɪf,,n.原告,商务英语
royalty,'rɔɪəlti,,n.皇室；版税；王权；专利税,商务英语
back,bæk,,n.后面；背部；靠背；足球等的后卫；书报等的末尾 v.支持；后退；背书；下赌注 ad.以前；向后地；来回地；上溯；回来；回原处 a.后面的；过去的；拖欠的,商务英语
cosmic,'kɑzmɪk,,a.宇宙的（等于cosmical）,商务英语
allocate,'æləket,,v.分配；拨出；使坐落于,商务英语
quay,ki,,n.码头,商务英语
divide,dɪ'vaɪd,,v.划分；除；分开；使产生分歧 n.[地理] 分水岭，分水线,商务英语
kidnap,'kɪdnæp,,v.绑架；诱拐；拐骗,商务英语
material,mə'tɪrɪəl,,a.重要的；物质的，实质性的；肉体的 n.材料，原料；物资；布料,商务英语
exhibit,ɪɡ'zɪbɪt,,v.展览；显示；提出（证据等） n.展览品；证据；展示会,商务英语
challenge,'tʃælɪndʒ,,n.挑战；怀疑 v.向…挑战；对…质疑,商务英语
buyout,'baɪ'aʊt,,n.全部买下（市上产品）,商务英语
practice,'præktɪs,,n.实践；练习；惯例 v.练习；实习；实行,商务英语
bulb,bʌlb,,n.电灯泡；鳞茎；球状物 vi.生球茎；膨胀成球状,商务英语
original,ə'rɪdʒənl,,n.原件；原作；原物；原型 a.原始的；最初的；独创的；新颖的,商务英语
hype,haɪp,,n.大肆宣传；皮下注射 v.大肆宣传；使…兴奋,商务英语
defend,dɪ'fɛnd,,v.辩护；防护,商务英语
suppress,sə'prɛs,,v.抑制；镇压；废止,商务英语
proportion,prə'pɔrʃən,,n.比例，占比；部分；面积；均衡 v.使成比例；使均衡；分摊,商务英语
harmful,'hɑrmfəl,,a.有害的；能造成损害的,商务英语
percent,pɚ'sɛnt,,n.百分比，百分率；部分；百分数 a.百分之…的 ad.以百分之…地,商务英语
bust,bʌst,,v.破产；爆裂；降低级别 n.破产；半身像；萧条；胸部 a.破产了的；毁坏了的,商务英语
skillful,'skɪlfəl,,a.熟练的；巧妙的,商务英语
remit,'rimɪt,,v.宽恕；免除；减轻；传送；使恢复原状 n.移交的事物,商务英语
bend,bɛnd,,v.使弯曲；使屈服；使致力；使朝向 n.弯曲,商务英语
tactic,'tæktɪk,,n.策略，战略 a.按顺序的，依次排列的,商务英语
reorientate,",ri:'ɔ:rienteit, -'əu-",,v.使重定向,商务英语
absent,ˈæbsənt,,a.缺席的；缺少的；心不在焉的；茫然的 v.使缺席,商务英语
discretion,dɪ'skrɛʃən,,n.自由裁量权；谨慎；判断力；判定；考虑周到,商务英语
mankind,mæn'kaɪnd,,n.人类；男性,商务英语
acquiesce,",ækwi'es",,v.默许；勉强同意,商务英语
banknote,'bæŋknot,,n.纸币,商务英语
metal,'mɛtl,,n.金属；合金 v.以金属覆盖 a.金属制的,商务英语
resilient,rɪ'zɪlɪənt,,a.弹回的，有弹力的,商务英语
bush,bʊʃ,,n.灌木；矮树丛 v.以灌木装饰；使…精疲力竭 a.如灌木般长得低矮的；粗野的,商务英语
incorrect,",ɪnkə'rɛkt",,a.错误的，不正确的；不适当的；不真实的,商务英语
crash,kræʃ,,n.撞碎；坠毁；破产；轰隆声；睡觉 v.摔碎；坠落；发出隆隆声；(金融企业等)破产,商务英语
engender,ɪn'dʒɛndɚ,,v.使产生；造成,商务英语
conclude,kən'klud,,v.推断；决定，作结论；结束,商务英语
idealize,aɪ'diə'laɪz,,v.理想化；形成思想,商务英语
mainstream,'menstrim,,n.主流,商务英语
imagine,ɪ'mædʒɪn,,v.想像；猜想；臆断,商务英语
contractor,kən'træktɚ,,n.承包人；立契约者,商务英语
condition,kən'dɪʃən,,n.条件；情况；环境；身份 v.决定；使适应；使健康；以…为条件,商务英语
prudent,'prʊdnt,,a.谨慎的；精明的；节俭的 n.(Prudent)人名；(法)普吕当,商务英语
select,sə'lɛkt,,v.挑选；选拔 a.精选的；挑选出来的；极好的 n.被挑选者；精萃,商务英语
electric,ɪ'lɛktrɪk,,a.电的；电动的；发电的；导电的；令人震惊的 n.电；电气车辆；带电体,商务英语
dividend,'dɪvɪdɛnd,,n.红利；股息；[数] 被除数；奖金,商务英语
requisition,'rɛkwə'zɪʃən,,n.征用；要求；申请书；引渡要求 v.征用；申请领取,商务英语
economy,ɪ'kɑnəmi,,n.经济；节约；理财,商务英语
worksheet,'wɝkʃit,,n.(学生的)活页练习题,商务英语
diplomatic,",dɪplə'mætɪk",,a.外交的；外交上的；老练的,商务英语
period,'pɪrɪəd,,n.周期，期间；时期；月经；课时；（语法学）句点，句号 a.某一时代的,商务英语
cost,kɔst,,v.花费；使付出；使花许多钱 n.费用，代价，成本；损失,商务英语
accrual,ə'krʊəl,,n.自然增长；自然增长额 a.收益的,商务英语
economic,"ˌikəˈnɑmɪk, ˌɛkəˈ-nɑmɪk",,a.经济的，经济上的；经济学的,商务英语
render,'rɛndɚ,,v.致使；提出；实施；着色；以…回报 n.打底；交纳；粉刷,商务英语
difference,'dɪfrəns,,n.差异；不同；争执,商务英语
optimize,'ɑptɪmaɪz,,v.使最优化，使完善,商务英语
battle,'bætl,,n.战役；斗争 v.斗争；作战,商务英语
benchmark,'bɛntʃmɑrk,,n.基准；标准检查程序 v.用基准问题测试（计算机系统等）,商务英语
sound,saʊnd,,v.听（诊）；测量，测…深；使发声；试探；宣告 n.声音，语音；噪音；海峡；吵闹；听力范围；[医] 探条 a.健全的，健康的；合理的；可靠的；有效彻底的 ad.彻底地，充分地,商务英语
protract,pro'trækt,,v.绘制；延长；伸展,商务英语
belt,bɛlt,,n.带；腰带；地带 v.用带子系住；用皮带抽打,商务英语
summarize,'sʌməraɪz,,v.总结；概述,商务英语
innovative,'ɪnəvetɪv,,a.革新的，创新的；新颖的；有创新精神的,商务英语
profitability,,,n.盈利能力；收益性；利益率,商务英语
tangible,'tændʒəbl,,a.有形的；切实的；可触摸的 n.有形资产,商务英语
freehold,'frihold,,n.自由保有；[会计] 不动产所有权,商务英语
expectation,",ɛkspɛk'teʃən",,n.期待；预期；指望,商务英语
stability,stə'bɪləti,,n.稳定性；坚定，恒心,商务英语
corn,kɔrn,,n.（美）玉米；（英）谷物；[皮肤] 鸡眼 v.腌；使成颗粒,商务英语
ballyhoo,'bælɪhu,,n.大肆宣传；大吹大擂 v.大肆宣传；大吹大擂,商务英语
pacesetter,'pessɛtɚ,,n.标兵；先导者，步调调整者,商务英语
collector,kə'lɛktɚ,,n.收藏家；[电子] 集电极；收税员；征收者,商务英语
federation,'fɛdə'reʃən,,n.联合；联邦；联盟；联邦政府,商务英语
petition,pə'tɪʃən,,n.请愿；请愿书；祈求；[法] 诉状 v.请愿；请求,商务英语
skyrocket,'skaɪ'rɑkɪt,,n.流星烟火；冲天火箭 v.飞涨，突然高升,商务英语
attention,ə'tɛnʃən,,n.注意力；关心；立正！（口令）,商务英语
pirate,'paɪrət,,n.海盗；盗版；侵犯专利权者 v.掠夺；翻印；剽窃,商务英语
profile,'profaɪl,,n.侧面；轮廓；外形；剖面；简况 v.描…的轮廓；扼要描述,商务英语
enclose,ɪn'kloz,,v.围绕；装入；放入封套,商务英语
argue,'ɑrgjʊ,,v.争论，辩论；提出理由 n.(Argue)人名；(英、法)阿格,商务英语
regular,'rɛgjəlɚ,,a.定期的；有规律的；合格的；整齐的；普通的 n.常客；正式队员；中坚分子 ad.定期地；经常地,商务英语
camera,'kæmərə,,n.照相机；摄影机,商务英语
approval,əˈpruvl,,n.批准；认可；赞成,商务英语
regret,rɪ'ɡrɛt,,n.遗憾；抱歉；悲叹 v.后悔；惋惜；哀悼,商务英语
coincidence,ko'ɪnsɪdəns,,n.巧合；一致；同时发生,商务英语
sacred,'sekrɪd,,a.神的；神圣的；宗教的；庄严的,商务英语
budgetary,'bʌdʒɪtɛri,,a.预算的,商务英语
reference,'rɛfrəns,,n.参考，参照；涉及，提及；参考书目；介绍信；证明书 v.引用,商务英语
interrupt,'ɪntə'rʌpt,,v.中断；打断；插嘴；妨碍 n.中断,商务英语
exploit,ɪk'splɔɪt,,v.开发，开拓；剥削；开采 n.勋绩；功绩,商务英语
riverboat,"'rɪvɚ,bot",,n.江轮；内河船只,商务英语
owing,'oɪŋ,,a.未付的；欠着的 v.欠；把…归功于（owe的ing形式）,商务英语
unit,'junɪt,,n.单位，单元；装置；[军] 部队；部件,商务英语
immediate,ɪ'midɪət,,a.立即的；直接的；最接近的,商务英语
nationality,",næʃə'næləti",,n.国籍，国家；民族；部落,商务英语
subcontract,",sʌbkən'trækt",,n.分包合同；[经] 转包合同 v.转包；分包,商务英语
regional,'ridʒənl,,a.地区的；局部的；整个地区的,商务英语
registered,'rɛdʒɪstɚd,,a.注册的；记名的；登记过的；（家畜等）附有血统证明的,商务英语
economical,",ɛkə'nɑmɪkl",,a.经济的；节约的；合算的,商务英语
freight,fret,,v.运送；装货；使充满 n.货运；运费；船货,商务英语
actual,'æktʃuəl,,a.真实的，实际的；现行的，目前的,商务英语
increase,'ɪnkris,,n.增加，增长；提高 v.增加，增大；繁殖,商务英语
celebration,",sɛlɪ'breʃən",,n.庆典，庆祝会；庆祝；颂扬,商务英语
somewhat,'sʌmwʌt,,n.几分；某物 ad.有点；多少；几分；稍微,商务英语
latest,'letɪst,,ad.最迟地；最后地 n.最新的事物 a.最新的，最近的；最迟的，最后的,商务英语
competition,",kɑmpə'tɪʃən",,n.竞争；比赛，竞赛,商务英语
curve,kɝv,,n.曲线；弯曲；曲线球；曲线图表 v.弯；使弯曲 a.弯曲的；曲线形的,商务英语
assign,ə'saɪn,,v.分配；指派；[计][数] 赋值,商务英语
dispense,dɪ'spɛns,,v.分配，分发；免除；执行,商务英语
deficit,'dɛfəsɪt,,n.赤字；不足额,商务英语
announcer,ə'naʊnsɚ,,n.[广播] 广播员；宣告者,商务英语
brokerage,'brokərɪdʒ,,n.佣金；回扣；中间人业务,商务英语
mechanism,'mɛkənɪzəm,,n.机制；原理，途径；进程；机械装置；技巧,商务英语
excessive,ɪkˈsɛsɪv,,a.过多的，极度的；过分的,商务英语
house,haʊs,,n.住宅；家庭；机构；议会；某种用途的建筑物 v.覆盖；给…房子住；把…储藏在房内,商务英语
fracture,'fræktʃɚ,,n.破裂，断裂；[外科] 骨折 v.破裂；折断,商务英语
corporation,",kɔrpə'reʃən",,n.公司；法人（团体）；社团；大腹便便；市政当局,商务英语
avoid,ə'vɔɪd,,v.避免；避开，躲避；消除,商务英语
sustain,sə'sten,,v.维持；支撑，承担；忍受；供养；证实,商务英语
initiate,ɪ'nɪʃɪet,,v.开始，创始；发起；使初步了解 n.开始；新加入者，接受初步知识者 a.新加入的；接受初步知识的,商务英语
income,'ɪnkʌm,,n.收入，收益；所得,商务英语
laptop,'læptɑp,,n.膝上型轻便电脑，笔记本电脑,商务英语
loyalty,'lɔɪəlti,,n.忠诚；忠心；忠实；忠于…感情,商务英语
ingredient,ɪn'ɡridɪənt,,n.原料；要素；组成部分 a.构成组成部分的,商务英语
blame,blem,,v.责备；归咎于 n.责备；责任；过失,商务英语
setback,'sɛtbæk,,n.挫折；退步；逆流,商务英语
platform,'plæt'fɔrm,,n.平台；月台，站台；坛；讲台,商务英语
million,'mɪljən,,n.百万；无数 a.百万的；无数的 num.百万,商务英语
backer,'bækɚ,,n.支持者；赞助人；援助者,商务英语
extra,'ɛkstrə,,ad.特别地，非常；另外 n.临时演员；号外；额外的事物；上等产品 a.额外的，另外收费的；特大的,商务英语
jealous,'dʒɛləs,,a.妒忌的；猜疑的；唯恐失去的；戒备的,商务英语
hobby,'hɑbi,,n.嗜好；业余爱好,商务英语
cushion,'kʊʃən,,n.垫子；起缓解作用之物；（猪等的）臀肉；银行储蓄 v.给…安上垫子；把…安置在垫子上；缓和…的冲击,商务英语
scrap,skræp,,n.碎片；残余物；打架；少量 v.废弃；使解体；拆毁 a.废弃的；零碎的,商务英语
freelance,'frilæns,,n.自由作家；自由记者 a.自由投稿的,商务英语
curtail,kɚ'tel,,v.缩减；剪短；剥夺…特权等,商务英语
goal,ɡol,,n.目标；球门，得分数；终点 vi.攻门，射门得分,商务英语
curtain,'kɝtn,,n.幕；窗帘 v.遮蔽；装上门帘,商务英语
huge,hjudʒ,,a.巨大的；庞大的；无限的 n.(Huge)人名；(英)休奇,商务英语
freebie,'friːbɪ,,n.免费的东西；免费赠品（尤指戏院赠券）,商务英语
transact,træn'zækt,,v.交易；谈判,商务英语
alcohol,'ælkəhɔl,,n.酒精，乙醇,商务英语
participant,pɑr'tɪsəpənt,,a.参与的；有关系的 n.参与者；关系者,商务英语
bail,bel,,n.保释，保释人；保释金；杓 v.保释，帮助某人脱离困境；往外舀水,商务英语
warranty,'wɔrənti,,n.保证；担保；授权；（正当）理由,商务英语
dislike,dɪs'laɪk,,v.不喜欢，厌恶 n.嫌恶，反感，不喜爱,商务英语
inspect,ɪn'spɛkt,,v.检查；视察；检阅,商务英语
lemon,'lɛmən,,a.柠檬色的 n.柠檬,商务英语
port,pɔrt,,n.港口，口岸；（计算机的）端口；左舷；舱门 v.转向左舷,商务英语
wildcat,'waɪldkæt,,n.野猫；莽撞的人 a.不可靠的；鲁莽的 v.盲目开掘油井；从事非法商业活动,商务英语
workaholic,ˌwɜrkəˈhɔlɪk,,n.专心工作的人；醉心于工作的人；为免遭辞退而工作过份卖力的人 a.醉心于工作的,商务英语
secure,sə'kjʊr,,a.安全的；无虑的；有把握的；稳当的 v.保护；弄到；招致；缚住,商务英语
franchiser,'fræntʃaɪzɚ,,n.赋予经销商经营权的人,商务英语
switch,swɪtʃ,,v.转换；用鞭子等抽打 n.开关；转换；鞭子,商务英语
probation,pro'beʃən,,n.试用；缓刑；查验,商务英语
fairly,'fɛrli,,ad.相当地；公平地；简直 n.(Fairly)人名；(英)费尔利,商务英语
modern,'mɑdɚn,,a.现代的，近代的；时髦的 n.现代人；有思想的人,商务英语
mirror,'mɪrɚ,,n.镜子；真实的写照；榜样 v.反射；反映,商务英语
overdraw,",ovɚ'drɔ",,v.透支；拉过度；夸张,商务英语
fluctuate,'flʌktʃʊ'et,,v.波动；涨落；动摇,商务英语
sell,sɛl,,v.销售；推销；出卖；欺骗 n.销售；失望；推销术,商务英语
transport,'trænspɔrt,,n.运输；运输机；狂喜；流放犯 v.运输；流放；使狂喜,商务英语
franchisee,",fræntʃaɪ'zi",,n.特许经营人；有代销权的人或团体,商务英语
delete,dɪ'lit,,v.删除,商务英语
capacity,kə'pæsəti,,n.能力；容量；资格，地位；生产力,商务英语
flawed,flɔd,,a.有缺陷的；有瑕疵的；有裂纹的,商务英语
prospective,prə'spɛktɪv,,a.未来的；预期的 n.预期；展望,商务英语
penetrate,'pɛnətret,,v.渗透；穿透；洞察,商务英语
post,post,,n.岗位；邮件；标杆 v.张贴；公布；邮递；布置,商务英语
blank,blæŋk,,a.空白的；空虚的；单调的 n.空白；空虚；空白表格 v.使…无效；使…模糊；封锁,商务英语
counterbalance,",kaʊntɚ'bæləns",,n.平衡力；自动抵销 v.使平衡；抵消,商务英语
let,lɛt,,v.允许，让；出租；假设；妨碍 n.障碍；出租屋,商务英语
return,rɪ'tɝn,,v.返回；报答 n.返回；归还；回球 a.报答的；回程的；返回的,商务英语
bankrupt,'bæŋkrʌpt,,a.破产的 v.使破产 n.[经] 破产者,商务英语
contribute,kən'trɪbjut,,v.贡献，出力；投稿；捐献,商务英语
framework,'fremwɝk,,n.框架，骨架；结构，构架,商务英语
curry,'kɝi,,v.用咖喱烧，给…加咖喱粉；梳刷；鞭打 n.咖哩粉，咖喱；咖哩饭菜,商务英语
degree,dɪ'ɡri,,n.程度，等级；度；学位；阶层,商务英语
beforehand,bɪ'fɔrhænd,,ad.事先；预先 a.提前的；预先准备好的,商务英语
radio,'redɪo,,n.收音机；无线电广播设备 v.用无线电进行通信,商务英语
bootleg,'butlɛɡ,,a.违法的；偷运或非法制造并销售的 v.私卖 n.靴统；私货,商务英语
badge,bædʒ,,n.徽章；证章；标记 v.授给…徽章,商务英语
nucleus,'nuklɪəs,,n.核，核心；原子核,商务英语
despite,dɪ'spaɪt,,prep.尽管，不管 n.轻视；憎恨；侮辱,商务英语
allowed,,,a.允许，容许的 v.允许；认可（allow的过去分词）,商务英语
costing,'kɔstɪŋ,,n.成本计算；生产费用 v.花费（cost的ing形式）,商务英语
outlet,'aʊtlɛt,,n.出口，排放孔；[电] 电源插座；销路；发泄的方法；批发商店,商务英语
send,sɛnd,,v.发送，寄；派遣；使进入；发射 n.上升运动,商务英语
unemployment,",ʌnɪm'plɔɪmənt",,n.失业；失业率；失业人数,商务英语
concentrate,'kɑnsn'tret,,v.集中；浓缩；全神贯注；聚集 n.浓缩，精选；浓缩液,商务英语
latent,'letnt,,a.潜在的；潜伏的；隐藏的,商务英语
overtrade,",əuvə'treid",,vi.（企业）贸易过度；过额贸易,商务英语
buy,baɪ,,v.购买；获得；贿赂 n.购买，买卖；所购的物品,商务英语
invoice,'ɪnvɔɪs,,n.账单，发货单，收款请求 v.开发票；记清单,商务英语
enable,ɪ'nebl,,v.使能够，使成为可能；授予权利或方法,商务英语
introduce,ˌɪntrə'dus,,v.介绍；引进；提出；采用,商务英语
radar,'redɑr,,n.[雷达] 雷达，无线电探测器,商务英语
jurisdiction,",dʒʊrɪs'dɪkʃən",,n.司法权，审判权，管辖权；权限，权力,商务英语
nominal,'nɑmɪnl,,a.名义上的；有名无实的；[会计] 票面上的 n.[语] 名词性词,商务英语
drawer,drɔr,,n.抽屉；开票人；出票人；起草者；酒馆侍,商务英语
vacancy,'vekənsi,,n.空缺；空位；空白；空虚,商务英语
hurry,'hɝrɪ,,n.匆忙，急忙 v.仓促（做某事）；催促；（朝某方向）迅速移动；迅速处理,商务英语
rebound,rɪ'baʊnd,,n.回弹；篮板球 v.回升；弹回,商务英语
niche,niʃ,,n.壁龛；合适的职业；[亦称作 niche market]【商业】有利可图的市场(或形势等) vt.放入壁龛,商务英语
survey,ˈsɝˌve; (for v.) sɝˈve,,n.调查；测量；审视；纵览 v.调查；勘测；俯瞰,商务英语
drawee,drɔ'i,,n.（支票、汇票等的）付款人，[贸易] 受票人,商务英语
accountancy,ə'kaʊntənsi,,n.会计工作；会计学；会计师之职,商务英语
connection,kə'nɛkʃən,,n.连接；关系；人脉；连接件,商务英语
genius,'dʒinjəs,,n.天才，天赋；精神,商务英语
appraiser,ə'prezɚ,,n.鉴定人，评价人；估价官,商务英语
penetration,",pɛnɪ'treʃən",,n.渗透；突破；侵入；洞察力,商务英语
greeting,'ɡritɪŋ,,n.问候，招呼；祝贺 v.致敬，欢迎（greet的现在分词）,商务英语
status,ˈstætəs; ˈstetəs,,n.地位；状态；情形；重要身份,商务英语
carriage,'kærɪdʒ,,n.运输；运费；四轮马车；举止；客车厢,商务英语
gadget,'gædʒɪt,,n.小玩意；小器具；小配件；诡计,商务英语
disapprove,'dɪsə'prʊv,,v.不赞成；不同意,商务英语
literature,lɪtərəˌtʃʊr,,n.文学；文献；文艺；著作,商务英语
enterprise,'ɛntɚ'praɪz,,n.企业；事业；进取心；事业心,商务英语
sink,sɪŋk,,v.下沉；消沉；渗透 n.水槽；洗涤槽；污水坑,商务英语
tram,træm,,n.电车轨道；煤车 v.用煤车运载,商务英语
format,'fɔrmæt,,n.格式；版式；开本 v.使格式化；规定…的格式,商务英语
plunge,plʌndʒ,,n.投入；跳进 v.突然地下降；投入；陷入；跳进,商务英语
stable,'stebl,,n.马厩；牛棚 a.稳定的；牢固的；坚定的 v.被关在马厩,商务英语
jump,dʒʌmp,,n.跳跃；暴涨；惊跳 v.跳跃；使跳跃；跳过；突升,商务英语
junior,'dʒunɪɚ,,a.年少的；后进的；下级的 n.年少者，晚辈；地位较低者；大学三年级学生,商务英语
booklet,'bʊklət,,n.小册子,商务英语
telesales,'teliseilz,,n.电话销售（telesale的复数）,商务英语
smack,smæk,,n.滋味；少量；海洛因；风味 v.掴；用掌击 ad.猛然；直接地,商务英语
suite,sut; swit,,n.（一套）家具；套房；组曲；（一批）随员，随从,商务英语
match,mætʃ,,v.使比赛；使相配；敌得过，比得上；相配；与…竞争 n.比赛，竞赛；匹配；对手；火柴,商务英语
output,'aʊtpʊt,,n.输出，输出量；产量；出产 v.输出,商务英语
pitch,pɪtʃ,,v.倾斜；投掷；搭帐篷；坠落 n.沥青；音高；程度；树脂；倾斜；投掷；球场,商务英语
proprietorship,"prə'praɪətɚ,ʃɪp",,n.所有权,商务英语
exposure,ɪk'spoʒɚ,,n.暴露；曝光；揭露；陈列,商务英语
bookkeeping,"'bʊk,kipɪŋ",,n.记帐，簿记,商务英语
inspector,ɪn'spɛktɚ,,n.检查员；巡视员,商务英语
statutory,stætʃʊˌtɔrɪ,,a.法定的；法令的；可依法惩处的,商务英语
purpose,'pɝpəs,,n.目的；用途；意志 v.决心；企图；打算,商务英语
complicated,'kɑmplɪketɪd,,a.难懂的，复杂的,商务英语
solution,sə'luʃən,,n.解决方案；溶液；溶解；解答,商务英语
gearing,'ɡɪrɪŋ,,n.传动装置 vt.以齿轮连起；配搭活动（gear的ing形式）,商务英语
complement,ˈkɑːmplɪment,,n.补语；余角；补足物 v.补足，补助,商务英语
jilt,dʒɪlt,,v.抛弃（情人） n.抛弃情人者（尤指女子）,商务英语
affair,ə'fɛr,,n.事情；事务；私事；（尤指关系不长久的）风流韵事,商务英语
tariff,'tærɪf,,n.关税表；收费表 v.定税率；征收关税,商务英语
couple,'kʌpl,,n.对；夫妇；数个 v.结合；成婚,商务英语
participate,pɑr'tɪsə'pet,,v.参与，参加；分享,商务英语
jackpot,'dʒækpɑt,,n.头奖；累积赌注；十分成功 a.头奖的；累积赌注的；大笔收入的,商务英语
acceptance,ək'sɛptəns,,n.接纳；赞同；容忍,商务英语
HRD,,,abbr.高纤维素饮食（High Roughage Diet）；人力资源开发（human resource development）,商务英语
exist,ɪɡ'zɪst,,v.存在；生存；生活；继续存在,商务英语
insolvency,ɪn'sɑlvənsi,,n.破产，无力偿还；倒闭,商务英语
availability,"ə,velə'bɪləti",,n.可用性；有效性；实用性,商务英语
invite,ɪn'vaɪt,,v.邀请，招待；招致 n.邀请,商务英语
boycott,'bɔɪkɑt,,v.联合抵制；拒绝参加 n.联合抵制,商务英语
hypochondriac,",haɪpə'kɑndrɪæk",,n.疑病患者,商务英语
beginning,bɪ'ɡɪnɪŋ,,n.开始；起点 v.开始；创建（begin的ing形式）,商务英语
pressure,'prɛʃɚ,,n.压力；压迫，[物] 压强 v.迫使；密封；使……增压,商务英语
abnormal,æbˈnɔːrml,,a.反常的，不规则的；变态的,商务英语
palpable,'pælpəbl,,a.明显的；可感知的；易觉察的,商务英语
sweeping,'swipɪŋ,,n.扫除；垃圾 a.彻底的；广泛的；扫荡的 v.打扫；扫除（sweep的现在分词形式）,商务英语
leadership,'lidɚʃɪp,,n.领导能力；领导阶层,商务英语
coin,kɔɪn,,v.铸造（货币）；杜撰，创造 n.硬币，钱币,商务英语
demanding,dɪ'mændɪŋ,,a.苛求的；要求高的；吃力的 v.要求；查问（demand的ing形式）,商务英语
potential,pə'tɛnʃl,,n.潜能；可能性；[电] 电势 a.潜在的；可能的；势的,商务英语
merger,'mɝdʒɚ,,n.（企业等的）合并；并购；吸收（如刑法中重罪吸收轻罪）,商务英语
entrepreneurship,",ɑntrəprə'nɝʃɪp",,n.企业家精神,商务英语
arbitrage,",ɑ:bi'trɑ:ʒ, 'ɑ:bitridʒ",,n.套汇，套利；仲裁,商务英语
sourcing,'sɔ:siŋ,,n.[电子] 纯源化 v.发起；向…提供消息（source的ing形式）,商务英语
instead,ɪn'stɛd,,ad.代替；反而；相反,商务英语
storage,'stɔrɪdʒ,,n.存储；仓库；贮藏所,商务英语
auction,'ɔkʃən,,v.拍卖；竞卖 n.拍卖,商务英语
reliable,rɪ'laɪəbl,,a.可靠的；可信赖的 n.可靠的人,商务英语
merchandise,'mɝtʃəndaɪs,,n.商品；货物 v.买卖；推销,商务英语
store,stɔr,,n.商店；储备，贮藏；仓库 v.贮藏，储存,商务英语
entertain,",ɛntɚ'ten",,v.娱乐；招待；怀抱；容纳,商务英语
personality,",pɝsə'næləti",,n.个性；品格；名人,商务英语
reposition,",ripə'zɪʃən",,v.使复位；改变…的位置；使变换阵地 n.复位；贮藏；放回,商务英语
rescind,rɪ'sɪnd,,v.解除；废除；撤回,商务英语
triumph,'traɪʌmf,,n.胜利，凯旋；欢欣 v.获得胜利，成功,商务英语
recipient,rɪ'sɪpɪənt,,n.容器，接受者；容纳者 a.容易接受的，感受性强的,商务英语
privatize,"'praivə,taiz",,v.使私有化；使归私有,商务英语
parcel,'pɑrsl,,n.包裹，小包 v.打包；捆扎,商务英语
deed,did,,n.行动；功绩；证书；[法] 契据 vt.立契转让,商务英语
principal,'prɪnsəpl,,a.主要的；资本的 n.首长；校长；资本；当事人,商务英语
government,'ɡʌvɚnmənt,,n.政府；政体；管辖,商务英语
slow,sloʊ,,a.慢的；减速的；迟钝的 v.变慢；变萧条 ad.慢慢地；迟缓地 n.(Slow)人名；(英)斯洛,商务英语
engine,'ɛndʒɪn,,n.引擎，发动机；机车，火车头；工具,商务英语
taxable,'tæksəbl,,a.应纳税的；可征税的,商务英语
refreshment,ri'frɛʃmənt,,n.点心；起提神作用的东西；精力恢复,商务英语
launder,'lɔndɚ,,v.洗涤；清洗；洗黑钱（把来路可疑的钱弄得貌似合法） n.流水槽,商务英语
portfolio,pɔrt'folɪo,,n.公文包；文件夹；证券投资组合；部长职务,商务英语
plate,pleɪt,,n.碟；金属板；金属牌；感光底片 v.电镀；给…装甲,商务英语
courier,'kʊrɪɚ,,n.导游；情报员，通讯员；送快信的人,商务英语
image,'ɪmɪdʒ,,n.影像；想象；肖像；偶像 v.想象；反映；象征；作…的像,商务英语
papers,'pepɚz,,n.文件；证件；论文数,商务英语
capitalize,'kæpɪtəlaɪz,,v.使资本化；以大写字母写；估计…的价值,商务英语
postcard,'post'kɑrd,,n.明信片,商务英语
withstand,wɪð'stænd,,v.抵挡；禁得起；反抗,商务英语
ratio,'reʃɪo,,n.比率，比例,商务英语
aim,em,,v.目的在于；引导；把…对准 n.目的；目标；对准,商务英语
explicit,ɪk'splɪsɪt,,a.明确的；清楚的；直率的；详述的,商务英语
reservation,",rɛzɚ'veʃən",,n.预约，预订；保留,商务英语
retain,rɪ'ten,,v.保持；雇；记住,商务英语
air,ɛr,,n.空气，大气；天空；样子；曲调 v.使通风，晾干；夸耀,商务英语
bearish,'bɛrɪʃ,,a.粗暴的；如熊的；股票看跌的,商务英语
immense,ɪ'mɛns,,a.巨大的，广大的；无边无际的；非常好的,商务英语
introduction,",ɪntrə'dʌkʃən",,n.介绍；引进；采用；入门；传入,商务英语
review,rɪ'vju,,n.回顾；复习；评论；检讨；检阅 v.回顾；检查；复审,商务英语
retail,'ritel,,v.零售；转述 n.零售 ad.以零售方式 a.零售的,商务英语
blackout,'blækaʊt,,n.灯火管制；灯火熄灭；暂时的意识丧失,商务英语
idea,aɪ'diə,,n.想法；主意；概念,商务英语
superior,səˈpɪriər,,a.上级的；优秀的，出众的；高傲的 n.上级，长官；优胜者，高手；长者,商务英语
raise,rez,,v.提高；筹集；养育；升起 n.高地；上升；加薪,商务英语
satisfy,'sætɪsfaɪ,,v.令人满意；令人满足,商务英语
peak,pik,,n.山峰；最高点；顶点；帽舌 v.使达到最高点；使竖起 a.最高的；最大值的,商务英语
exclusive,ɪk'sklusɪv,,a.独有的；排外的；专一的 n.独家新闻；独家经营的项目；排外者,商务英语
indicate,'ɪndɪket,,v.表明；指出；预示；象征,商务英语
servant,'sɝvənt,,n.仆人，佣人；公务员；雇工,商务英语
petroleum,pə'trolɪəm,,n.石油,商务英语
aid,ed,,n.援助；帮助；助手；帮助者 v.援助；帮助；有助于,商务英语
rewarding,rɪ'wɔrdɪŋ,,a.有益的，值得的；有报酬的，报答的,商务英语
endow,ɪn'daʊ,,v.赋予；捐赠；天生具有,商务英语
leave,liv,,v.离开；留下；遗忘；委托 n.许可，同意；休假,商务英语
mad,mæd,,a.疯狂的；发疯的；愚蠢的；着迷的 n.狂怒,商务英语
leasehold,'lis'hold,,n.租赁；租赁权 a.租赁的,商务英语
current,kɝ​ənt,,a.现在的；流通的，通用的；最近的；草写的 n.（水，气，电）流；趋势；涌流,商务英语
runaway,'rʌnəwe,,a.逃亡的；逃走的 n.逃跑；逃走的人,商务英语
biennial,baɪ'ɛnɪəl,,a.两年一次的 n.[植] 二年生植物,商务英语
finances,'fainænsiz,,n.资产；财源,商务英语
sheer,ʃɪr,,a.绝对的；透明的；峻峭的；纯粹的 ad.完全；陡峭地 v.偏航 n.偏航；透明薄织物,商务英语
logistics,lə'dʒɪstɪks,,n.[军] 后勤；后勤学,商务英语
loom,lum,,n.织布机；若隐若现的景象 v.可怕地出现；朦胧地出现；隐约可见,商务英语
fasten,'fæsən,,v.使固定；集中于；扎牢；强加于 n.(Fasten)人名；(英)法森,商务英语
bear,bɛr,,v.结果实，开花（正式） n.熊,商务英语
safe,sef,,a.安全的；可靠的；平安的 n.保险箱；冷藏室；纱橱,商务英语
workload,'wɝklod,,n.工作量,商务英语
beat,bit,,v.打；打败 n.拍子；敲击；有规律的一连串敲打 a.筋疲力尽的；疲惫不堪的,商务英语
linear,'lɪnɪɚ,,a.线的，线型的；直线的，线状的；长度的,商务英语
debt,dɛt,,n.债务；借款；罪过,商务英语
kickback,'kɪkbæk,,n.回扣，佣金；强烈反应；退回赃物,商务英语
operator,'ɑpəretɚ,,n.经营者；操作员；话务员；行家,商务英语
unanimous,jʊ'nænəməs,,a.全体一致的；意见一致的；无异议的,商务英语
independent,'ɪndɪ'pɛndənt,,a.独立的；单独的；无党派的；不受约束的 n.独立自主者；无党派者,商务英语
alienate,'eiljəneit,,v.使疏远，离间；让与,商务英语
yen,jɛn,,n.日元（日本货币单位）；渴望 v.渴望,商务英语
volume,'vɑljum,,n.量；体积；卷；音量；大量；册 a.大量的 vi.成团卷起 vt.把…收集成卷,商务英语
staple,'stepl,,n.主要产品；订书钉；主题；主食 a.主要的，大宗生产的；常用的；纺织纤维的 v.把…分级；钉住,商务英语
successful,sək'sɛsfl,,a.成功的；一帆风顺的,商务英语
configuration,"kən,fɪɡjə'reʃən",,n.配置；结构；外形,商务英语
amendment,ə'mɛndmənt,,n.修正案；改善；改正,商务英语
fiscal,'fɪskl,,a.会计的，财政的；国库的 n.(Fiscal)人名；(法)菲斯卡尔,商务英语
amalgamation,"ə,mælgə'meʃən",,n.融合，混合；合并，联合；[冶] 混汞法，汞齐化法,商务英语
least,list,,a.最小的；最少的（little的最高级） ad.最小；最少 n.最小；最少,商务英语
normal,'nɔrml,,a.正常的；正规的，标准的 n.正常；标准；常态,商务英语
abroad,ə'brɔd,,ad.在国外；到海外 a.往国外的 n.海外；异国,商务英语
award,ə'wɔrd,,v.授予；判定 n.奖品；判决,商务英语
spite,spaɪt,,n.不顾；恶意；怨恨 v.刁难；使恼怒,商务英语
aware,ə'wɛr,,a.意识到的；知道的；有…方面知识的；懂世故的 n.(Aware)人名；(阿拉伯、索)阿瓦雷,商务英语
dear,dɪr,,a.亲爱的；尊敬的；昂贵的 ad.高价地；疼爱地 int.哎呀 n.亲爱的人,商务英语
transportation,",trænspɔr'teʃən",,n.运输；运输系统；运输工具；流放,商务英语
long,lɔŋ,,n.长时间；[语] 长音节；（服装的）长尺寸；长裤 a.长的；过长的；做多头的；长时间的；冗长的，长音 v.渴望；热望 ad.长期地；始终,商务英语
installment,ɪn'stɔlmənt,,n.安装；分期付款；部分；就职,商务英语
balance,'bæləns,,n.平衡；余额；匀称 v.使平衡；结算；使相称,商务英语
obligation,",ɑblɪ'ɡeʃən",,n.义务；职责；债务,商务英语
conduct,kən'dʌkt,,v.导电；带领 n.进行；行为；实施,商务英语
gilt,ɡɪlt,,n.镀金；小母猪；眩目的外表 a.镀金的 v.镀金（gild的过去式和过去分词）,商务英语
deal,dil,,v.处理；给予；分配；发牌 n.交易；（美）政策；待遇；份量,商务英语
autumn,'ɔtəm,,n.秋天；成熟期；渐衰期，凋落期 a.秋天的，秋季的,商务英语
hostess,'hostəs,,n.女主人，女老板；女服务员；舞女；女房东,商务英语
expose,ɪk'spoz；ek-,,v.揭露，揭发；使曝光；显示,商务英语
approximately,ə'prɑksɪmətli,,ad.大约，近似地；近于,商务英语
liberal,'lɪbərəl,,a.自由主义的；慷慨的；不拘泥的；宽大的 n.自由主义者,商务英语
capture,'kæptʃɚ,,"v.俘获；夺得；捕捉，拍摄,录制 n.捕获；战利品，俘虏",商务英语
competitiveness,kəm'pɛtətɪvnɪs,,n.竞争力，好竞争,商务英语
seldom,'sɛldəm,,ad.很少，不常,商务英语
cement,sə'mɛnt,,v.巩固，加强；用水泥涂；接合 n.水泥；接合剂,商务英语
dead,dɛd,,a.无生命的；呆板的；废弃了的 ad.完全地 n.死者,商务英语
watered,'wɔtəd,,a.掺水的；洒有水的，洒了水的；有波纹的；加虚股的（面值增加而实值未按比例增加） v.浇水，供以水（water的过去式和过去分词）,商务英语
consequence,'kɑnsəkwɛns,,n.结果；重要性；推论,商务英语
dignity,'dɪɡnəti,,n.尊严；高贵,商务英语
ailment,'elmənt,,n.小病；不安,商务英语
buoyant,'bujənt,,a.轻快的；有浮力的；上涨的,商务英语
financial,faɪ'nænʃl,,a.金融的；财政的，财务的,商务英语
reward,rɪ'wɔrd,,n.[劳经] 报酬；报答；酬谢 v.[劳经] 奖励；奖赏,商务英语
likely,'laɪkli,,a.很可能的；合适的；有希望的 ad.很可能；或许,商务英语
stress,strɛs,,n.压力；强调；紧张；重要性；重读 v.强调；使紧张；加压力于；用重音读,商务英语
flavor,'flevɚ,,n.情味，风味；香料；滋味 v.加味于,商务英语
burst,bɝst,,v.爆发，突发；爆炸 n.爆发，突发；爆炸,商务英语
newsagent,'nʊz'edʒənt,,n.报刊经销商,商务英语
sanction,'sæŋkʃən,,n.制裁，处罚；认可；支持 v.制裁，处罚；批准；鼓励,商务英语
accountant,ə'kaʊntənt,,n.会计师；会计人员,商务英语
interim,'ɪntərɪm,,a.临时的，暂时的；中间的；间歇的 n.过渡时期，中间时期；暂定,商务英语
continual,kən'tɪnjuəl,,a.持续不断的；频繁的,商务英语
classical,'klæsɪkl,,a.古典的；经典的；传统的；第一流的 n.古典音乐,商务英语
maximum,ˈmæksəməm,,n.[数] 极大，最大限度；最大量 a.最高的；最多的；最大极限的,商务英语
lease,lis,,n.租约；租期；租赁物；租赁权 v.出租；租得,商务英语
contemporary,kən'tɛmpərɛri,,n.同时代的人；同时期的东西 a.当代的；同时代的；属于同一时期的,商务英语
billboard,'bɪlbɔrd,,n.广告牌；布告板 vt.宣传；介绍,商务英语
suggestion,sə'dʒɛstʃən,,n.建议；示意；微量，细微的迹象,商务英语
bonus,'bonəs,,n.奖金；红利；额外津贴,商务英语
laborer,'lebərɚ,,n.劳动者；工人,商务英语
diversification,"dɪ,vɝsɪfɪ'keʃən",,n.多样化；变化,商务英语
securities,si'kjuəritis,,n.[金融] 有价证券；担保；抵押物（security的复数）；保证人,商务英语
thrive,θraɪv,,v.繁荣，兴旺；茁壮成长,商务英语
lend,lɛnd,,v.贷；增添，提供；把……借给 n.(Lend)人名；(德)伦德,商务英语
enforce,ɪn'fɔrs,,v.实施，执行；强迫，强制,商务英语
mobile,ˈmobəl; ˈmoˌbaɪl; ˈmoˌbil,,a.可移动的；机动的；易变的；非固定的 n.运动物体,商务英语
collect,kə'lɛkt,,v.收集；募捐 ad.由收件人付款地 a.由收件人付款的 n.(Collect)人名；(英)科莱克特,商务英语
debenture,dɪ'bɛntʃɚ,,n.（英）[金融] 公司债券；[税收] 退税证明书,商务英语
depress,dɪ'prɛs,,v.压抑；使沮丧；使萧条,商务英语
poise,pɔɪz,,n.平衡；姿势；镇静 v.使平衡；保持姿势,商务英语
taxation,tæk'seʃən,,n.课税，征税；税款,商务英语
railroad,'relrod,,v.由铁道运输；铺设铁路；以捏造不实之罪使入狱 n.铁路；铁路公司,商务英语
garage,gəˈrɑʒ; gəˈrɑdʒ,,n.车库；汽车修理厂；飞机库 v.把……送入车库；把（汽车）开进车库,商务英语
inferior,ɪn'fɪrɪɚ,,a.差的；自卑的；下级的，下等的 n.下级；次品,商务英语
correction,kə'rɛkʃən,,n.改正，修正,商务英语
odyssey,'ɑdəsi,,n.奥德赛（古希腊史诗）,商务英语
adapt,ə'dæpt,,v.使适应；改编,商务英语
routine,rʊ'tin,,n.[计] 程序；日常工作；例行公事 a.日常的；例行的,商务英语
financially,faɪ'nænʃəli,,ad.财政上；金融上,商务英语
recommend,'rɛkə'mɛnd,,v.推荐，介绍；劝告；使受欢迎；托付,商务英语
statistics,stə'tɪstɪks,,n.统计；统计学；[统计] 统计资料,商务英语
island,'aɪlənd,,n.岛；岛屿；安全岛；岛状物 a.岛的 vt.孤立；使成岛状,商务英语
sack,sæk,,n.麻布袋；洗劫 v.解雇；把……装入袋；劫掠,商务英语
legislative,'lɛdʒɪsletɪv,,a.立法的；有立法权的 n.立法权；立法机构,商务英语
attractive,ə'træktɪv,,a.吸引人的；有魅力的；引人注目的,商务英语
integration,'ɪntə'greʃən,,n.集成；综合,商务英语
treaty,'triti,,n.条约，协议；谈判,商务英语
guru,'ɡʊru,,n.古鲁（指印度教等宗教的宗师或领袖）；领袖；专家,商务英语
defendant,dɪ'fɛndənt,,a.辩护的；为自己辩护的 n.被告,商务英语
sample,'sæmpl,,v.取样；尝试；抽样检查 n.样品；样本；例子 a.试样的，样品的；作为例子的,商务英语
earnings,'ɝnɪŋz,,n.收入,商务英语
requirement,rɪ'kwaɪɚmənt,,n.要求；必要条件；必需品,商务英语
export,ˈekspɔːrt；ɪkˈ-,,n.输出，出口；出口商品 v.输出物资,商务英语
disappoint,'dɪsə'pɔɪnt,,v.使失望,商务英语
speed,spid,,v.超速，加速；加速，迅速前行；兴隆 n.速度，速率；迅速，快速；昌盛，繁荣,商务英语
uniform,'junɪfɔrm,,a.统一的；一致的；相同的；均衡的；始终如一的 n.制服 v.使穿制服；使成一样,商务英语
ahead,ə'hɛd,,a.向前；在前的；领先 ad.向前地；领先地；在（某人或某事物的）前面；预先；在将来，为未来,商务英语
ounce,aʊns,,n.盎司；少量；雪豹,商务英语
prediction,prɪ'dɪkʃən,,n.预报；预言,商务英语
leverage,'lɛvərɪdʒ,,n.手段，影响力；杠杆作用；杠杆效率 v.利用；举债经营,商务英语
stimulate,'stɪmjə'let,,v.刺激；鼓舞，激励,商务英语
sponsor,'spɑnsɚ,,n.赞助者；主办者；保证人 v.赞助；发起,商务英语
venue,'vɛnju,,n.审判地；犯罪地点；发生地点；集合地点,商务英语
memory,'mɛməri,,n.记忆，记忆力；内存，[计] 存储器；回忆,商务英语
draft,dræft,,n.汇票；草稿；选派；（尤指房间、烟囱、炉子等供暖系统中的）（小股）气流 v.起草；制定；征募 a.初步画出或（写出）的；（设计、草图、提纲或版本）正在起草中的，草拟的；以草稿形式的；草图的,商务英语
shed,ʃɛd,,v.流出；摆脱；散发；倾吐 n.小屋，棚；分水岭,商务英语
arrears,ə'rɪrz,,n.[会计] 拖欠；待完成的事；应付欠款,商务英语
privilege,ˈprɪvəlɪdʒ,,n.特权；优待 v.给与…特权；特免,商务英语
approximation,ə'prɑksə'meʃən,,n.[数] 近似法；接近；[数] 近似值,商务英语
cooperative,ko'ɑpərətɪv,,a.合作的；合作社的 n.合作社,商务英语
ad,'e 'di,,n.公元；广告（ad）,商务英语
debtee,de'ti:,,n.债权人,商务英语
approach,ə'protʃ,,n.方法；途径；接近 v.接近；着手处理,商务英语
arbitrator,'ɑrbə'tretɚ,,n.公断人，仲裁人,商务英语
manner,'mænɚ,,n.方式；习惯；种类；规矩；风俗,商务英语
amend,ə'mɛnd,,v.修改；改善，改进 n.(Amend)人名；(德、英)阿门德,商务英语
growth,ɡroθ,,n.增长；发展；生长；种植,商务英语
employment,ɪm'plɔɪmənt,,n.使用；职业；雇用,商务英语
swop,swɔp,,v.交换；替换 n.交换；以货易货,商务英语
inscrutable,ɪn'skrʊtəbl,,a.神秘的；不可理解的；不能预测的；不可思议的,商务英语
makeup,"'mek,ʌp",,n.化妆品；组成；补充；补考,商务英语
luggage,'lʌɡɪdʒ,,n.行李；皮箱,商务英语
sustainable,sə'stenəbl,,a.可以忍受的；足可支撑的；养得起的；可持续的,商务英语
heritage,'hɛrɪtɪdʒ,,n.遗产；传统；继承物；继承权,商务英语
marketable,'mɑrkɪtəbl,,a.市场的；可销售的；有销路的,商务英语
inclusive,ɪn'klusɪv,,a.包括的，包含的,商务英语
skimming,'skɪmɪŋ,,n.撇取浮沫；浮渣 v.撇去…的浮物（skim的ing形式）,商务英语
consultation,",kɑnsl'teʃən",,n.咨询；磋商；[临床] 会诊；讨论会,商务英语
barrier,'bærɪɚ,,n.障碍物，屏障；界线 vt.把…关入栅栏,商务英语
rework,",ri'wɝk",,v.重做；修订,商务英语
correct,kə'rɛkt,,v.改正；告诫 a.正确的；恰当的；端正的,商务英语
futures,'fjʊtʃɚz,,n.期货；未来，前途（future的复数形式）,商务英语
button,'bʌtn,,n.按钮；纽扣 v.扣住；扣紧；在…上装纽扣,商务英语
ticket,'tɪkɪt,,n.票；入场券，标签；（美）候选人名单；证明书；交通罚款单 v.加标签于；指派；对…开出交通违规罚单,商务英语
palatial,pə'leʃl,,a.宫殿似的；宏伟的；壮丽的,商务英语
commercial,kə'mɝʃəl,,a.商业的；营利的；靠广告收入的 n.商业广告,商务英语
tramp,træmp,,v.流浪；践踏，踩；脚步沉重地行走 n.流浪者；沉重的脚步声；徒步旅行,商务英语
helicopter,'hɛlɪkɑptɚ,,n.[航] 直升飞机 vi.[航] 乘直升飞机 vt.由直升机运送,商务英语
limit,'lɪmɪt,,n.限制；限度；界线 v.限制；限定,商务英语
debtor,'dɛtɚ,,n.债务人；[会计] 借方,商务英语
commitment,kə'mɪtmənt,,n.承诺，保证；委托；承担义务；献身,商务英语
endorse,ɪn'dɔrs,,v.背书；认可；签署；赞同；在背面签名,商务英语
reality,rɪ'æləti,,n.现实；实际；真实,商务英语
board,bɔrd,,n.董事会；木板；甲板；膳食 v.上（飞机、车、船等）；用板盖上；给提供膳宿,商务英语
powerful,'paʊɚfl,,a.强大的；强有力的 ad.很；非常,商务英语
depression,dɪ'prɛʃən,,n.沮丧；洼地；不景气；忧愁；低气压区,商务英语
composite,kɑm'pɑzɪt,,n.复合材料；合成物；菊科 a.复合的；合成的；菊科的 vt.使合成；使混合,商务英语
threaten,'θrɛtn,,v.威胁；恐吓；预示,商务英语
downsize,'daʊnsaɪz,,v.以较小尺寸设计；缩小尺寸；裁减人数,商务英语
autarky,'ɔtɑrki,,n.自给自足,商务英语
slowdown,'slo'daʊn,,n.减速；怠工；降低速度,商务英语
attn,ə'tɛn,,abbr.注意（attention）,商务英语
VAT,væt,,abbr.增值税（Value Added Tax）,商务英语
absolve,əb'zɑlv,,v.免除；赦免；宣告…无罪,商务英语
delay,dɪ'le,,v.延期；耽搁 n.延期；耽搁；被耽搁或推迟的时间,商务英语
labourer,'lebərɚ,,n.劳动者；劳工,商务英语
accumulate,ə'kjumjəlet,,v.累积；积聚,商务英语
plant,plænt,,n.工厂，车间；植物；设备；庄稼 v.种植；培养；栽培；安置,商务英语
region,'ridʒən,,n.地区；范围；部位,商务英语
evaluate,ɪ'væljʊ'et,,v.评价；估价；求…的值,商务英语
tiptop,"'tɪp,tɑp",,n.最高点；绝顶；黄金时代 a.极好的；第一流的 ad.非常好地,商务英语
hardware,'hɑrdwɛr,,n.计算机硬件；五金器具,商务英语
interval,'ɪntɚvl,,n.间隔；间距；幕间休息,商务英语
development,dɪ'vɛləpmənt,,n.发展；开发；发育；住宅小区（专指由同一开发商开发的）；[摄] 显影,商务英语
relocate,",ri'loket",,v.重新安置；迁移 n.浮动,商务英语
arbitration,",ɑrbɪ'treʃən",,n.公断，仲裁,商务英语
workplace,'wɝkples,,n.工作场所；车间,商务英语
aside,ə'saɪd,,ad.离开，撇开；在旁边 n.旁白；私语，悄悄话；离题的话 prep.在…旁边,商务英语
thrill,θrɪl,,n.激动；震颤；紧张 v.使…颤动；使…紧张；使…感到兴奋或激动,商务英语
solve,sɔlv,,v.解决；解答；溶解,商务英语
streamline,'strimlaɪn,,v.把…做成流线型；使现代化；组织；使合理化；使简单化 n.流线；流线型 a.流线型的,商务英语
adjustment,ə'dʒʌstmənt,,n.调整，调节；调节器,商务英语
withdraw,wɪð'drɔ,,v.撤退；收回；撤消；拉开,商务英语
rebate,'ribet,,v.减少；打折扣 n.折扣,商务英语
internal,ɪn'tɝnl,,a.内部的；内在的；国内的,商务英语
situation,",sɪtʃu'eʃən",,n.情况；形势；处境；位置,商务英语
realise,"'riəlaiz, 'ri:-",,v.认识到，明白,商务英语
entitle,ɪn'taɪtl,,v.称做…；定名为…；给…称号；使…有权利,商务英语
subsequent,'sʌbsɪkwənt,,a.后来的，随后的,商务英语
ideal,aɪ'diəl,,a.理想的；完美的；想象的；不切实际的 n.理想；典范,商务英语
vague,veɡ,,a.模糊的；含糊的；不明确的；暧昧的 n.(Vague)人名；(法)瓦格；(英)韦格,商务英语
marriage,'mærɪdʒ,,n.结婚；婚姻生活；密切结合，合并,商务英语
outcome,'aʊt'kʌm,,n.结果，结局；成果,商务英语
masterpiece,'mæstəpis,,n.杰作；绝无仅有的人,商务英语
illustrate,'ɪləstret,,v.阐明，举例说明；图解,商务英语
irritable,'ɪrɪtəbl,,a.过敏的；急躁的；易怒的,商务英语
route,raʊt,,v.按某路线发送 n.路线；航线；通道,商务英语
item,'aɪtəm,,n.条款，项目；一则；一件商品（或物品） a.又，同上 v.记下；逐条列出,商务英语
account,ə'kaʊnt,,n.账户；解释；账目，账单；理由；描述 v.解释；导致；报账,商务英语
hoard,hɔrd,,v.积聚钱财；贮藏货物 n.贮藏物,商务英语
sometime,'sʌmtaɪm,,ad.改天；来日；在某一时候 a.以前的；某一时间的,商务英语
detective,dɪ'tɛktɪv,,a.侦探的 n.侦探,商务英语
dismiss,dɪs'mɪs,,v.解散；解雇；开除；让离开；不予理会、不予考虑,商务英语
produce,prə'dus,,v.生产；引起；创作；生育，繁殖 n.农产品，产品,商务英语
realize,rɪəˌlaɪz,,v.实现；认识到；了解；将某物卖得，把(证券等)变成现钱；变卖,商务英语
reveal,rɪ'vil,,v.显示；透露；揭露；泄露 n.揭露；暴露；门侧，窗侧,商务英语
markup,'mɑrkkʌp,,n.涨价；利润；审定,商务英语
individual,",ɪndɪ'vɪdʒuəl",,a.个人的；个别的；独特的 n.个人，个体,商务英语
last,læst,,n.末尾，最后；上个；鞋楦（做鞋的模型） a.最后的；最近的，最新的；仅剩的；最不可能…的 v.持续；维持，够用；持久 ad.最后地；上次，最近；最后一点,商务英语
sometimes,'sʌmtaɪmz,,ad.有时，间或,商务英语
recognition,",rɛkəɡ'nɪʃən",,n.识别；承认，认出；重视；赞誉；公认,商务英语
unsatisfactory,",ʌn,sætɪs'fæktəri",,a.不令人满意的；不满足的；不符合要求的,商务英语
carpet,'kɑrpɪt,,v.在…上铺地毯，把地毯铺在…上；斥责 n.地毯；地毯状覆盖物,商务英语
actually,'æktʃuəli,,ad.实际上；事实上,商务英语
accountability,"ə,kaʊntə'bɪləti",,n.有义务；有责任；可说明性,商务英语
fraud,frɔd,,n.欺骗；骗子；诡计,商务英语
checklist,'tʃɛk'lɪst,,n.清单；检查表；备忘录；目录册,商务英语
regularly,'reɡjələli,,ad.定期地；有规律地；整齐地；匀称地,商务英语
lavatory,'lævətɔri,,n.厕所，盥洗室,商务英语
trail,trel,,v.追踪；拖；蔓延；落后于 n.小径；痕迹；尾部；踪迹；一串，一系列,商务英语
value,'vælju,,n.值；价值；价格；重要性；确切涵义 v.评价；重视；估价,商务英语
credit,'krɛdɪt,,n.信用，信誉；[金融] 贷款；学分；信任；声望 v.相信，信任；把…归给，归功于；赞颂,商务英语
pavement,'pevmənt,,n.人行道,商务英语
trait,tret,,n.特性，特点；品质；少许,商务英语
timescale,,,n.时间量程,商务英语
attributable,ə'trɪbjətəbl,,a.可归于…的；可归属的,商务英语
glance,ɡlæns,,n.一瞥；一滑；闪光 v.扫视，匆匆一看；反光；瞥闪，瞥见,商务英语
flat,flæt,,a.平的；单调的；不景气的；干脆的；平坦的；扁平的；浅的 ad.（尤指贴着另一表面）平直地；断然地；水平地；直接地，完全地 n.平地；公寓；平面 vt.使变平；[音乐]使（音调）下降，尤指降半音 vi.逐渐变平；[音乐]以降调唱（或奏）,商务英语
punctuality,ˌpʌŋktʃʊˈælətɪ,,n.严守时间；正确；规矩,商务英语
sharply,'ʃɑrpli,,ad.急剧地；锐利地,商务英语
liquid,'lɪkwɪd,,a.液体的；清澈的；明亮的；易变的 n.液体，流体；流音,商务英语
reshuffle,",ri'ʃʌfl",,v.重新洗牌；改组；重作安排 n.重新洗牌；改组,商务英语
permanent,'pɝmənənt,,a.永久的，永恒的；不变的 n.烫发（等于permanent wave）,商务英语
plethora,'plɛθərə,,n.过多；过剩；[医] 多血症,商务英语
late,let,,a.晚的；迟的；已故的；最近的 ad.晚；迟；最近；在晚期,商务英语
challenger,'tʃælɪndʒɚ,,n.挑战者,商务英语
lawyer,'lɔjɚ,,n.律师；法学家,商务英语
fluctuation,",flʌktʃʊ'eʃən",,n.起伏，波动,商务英语
tug,tʌɡ,,n.拖船；拖曳；苦干 v.用力拉；竞争；努力做,商务英语
supervise,'sʊpɚ'vaɪz,,v.监督，管理；指导,商务英语
loss,lɔs,,n.减少；亏损；失败；遗失,商务英语
auctioneer,",ɔkʃə'nɪr",,v.拍卖 n.拍卖商,商务英语
improve,ɪm'pruv,,v.改善，增进；提高…的价值,商务英语
add,æd,,v.加；增加；加起来；做加法 n.加法，加法运算,商务英语
compel,kəm'pɛl,,v.强迫，迫使；强使发生 n.(Compel)人名；(法)孔佩尔,商务英语
microscope,'maɪkrəskop,,n.显微镜,商务英语
disappointment,",dɪsə'pɔɪntmənt",,n.失望；沮丧,商务英语
authenticate,ɔ'θɛntɪket,,v.鉴定；证明…是真实的,商务英语
crazy,'krezi,,a.疯狂的；狂热的，着迷的,商务英语
mineral,'mɪnərəl,,n.矿物；（英）矿泉水；无机物；苏打水（常用复数表示） a.矿物的；矿质的,商务英语
layout,'leaʊt,,n.布局；设计；安排；陈列,商务英语
bargaining,'bɑrgənɪŋ,,n.讨价还价；交易；交涉 v.讨价还价；交易（bargain的ing形式）,商务英语
banking,'bæŋkɪŋ,,n.银行业；银行业务；银行家的职业；筑堤 v.把钱存入银行；做银行家；在…边筑堤（bank的现在分词）,商务英语
cooperation,"ko,ɑpə'reʃən",,n.合作，协作；[劳经] 协力,商务英语
strategize,'strætidʒaiz,,vt.为…制订战略 vi.制订战略,商务英语
bilingual,'baɪ'lɪŋgwəl,,a.双语的 n.通两种语言的人,商务英语
frustrate,'frʌstret,,v.挫败；阻挠；使感到灰心 a.挫败的；无益的,商务英语
agenda,ə'dʒɛndə,,n.议程；日常工作事项；日程表,商务英语
statute,'stætʃut,,n.[法] 法规；法令；条例,商务英语
peer,pɪr,,n.贵族；同等的人；同龄人 v.凝视，盯着看；窥视,商务英语
dispose,dɪ'spoz,,v.处理；处置；安排 n.处置；性情,商务英语
resource,'risɔrs,,n.资源，财力；办法；智谋,商务英语
agency,'edʒənsi,,n.代理，中介；代理处，经销处,商务英语
list,lɪst,,n.[计] 列表；清单；目录 v.列于表上,商务英语
smash,smæʃ,,v.粉碎；使破产；溃裂 n.破碎；扣球；冲突；大败 a.了不起的；非常轰动的；出色的,商务英语
section,'sɛkʃən,,n.截面；部分；部门；地区；章节 v.被切割成片；被分成部分,商务英语
spend,spɛnd,,v.度过，消磨（时光）；花费；浪费；用尽 n.预算,商务英语
human,'hjumən,,a.人的；人类的 n.人；人类,商务英语
lose,luz,,v.浪费；使沉溺于；使迷路；遗失；错过 n.(Lose)人名；(英)洛斯；(德)洛泽,商务英语
hurt,hɝ​t,,v.使受伤；损害；使疼痛；使痛心 n.痛苦；危害；痛苦的原因 a.受伤的；痛苦的；受损的,商务英语
opportunity,"ˌɑpɚˈtunɪti, -ˈtju-",,n.时机，机会,商务英语
electrical,ɪ'lɛktrɪkl,,a.有关电的；电气科学的,商务英语
absorb,æbˈsɔrb; æbˈzɔrb; əbˈsɔrb,,v.吸收；吸引；承受；理解；使…全神贯注,商务英语
embezzle,ɪm'bɛzl,,v.盗用；挪用；贪污,商务英语
blue,blu,,n.蓝色；[复数]（美国海、陆、空三军穿的）蓝色制服；蓝颜料；[the blue(s)][用作单数或复数]布鲁斯（歌曲）（一种伤感的美国黑人民歌 a.蓝色的；沮丧的，忧郁的；下流的 v.把…染成蓝色；使成蓝色；给…用上蓝剂；用上蓝剂于,商务英语
airmail,'ɛrmel,,n.航空邮件,商务英语
synergic,si'nə:dʒik,,a.合作的，协作的,商务英语
hostile,ˈhɑstəl,,a.敌对的，敌方的；怀敌意的 n.敌对,商务英语
tighten,'taɪtn,,v.变紧；使变紧,商务英语
necessary,ˈnɛsəˌsɛri,,a.必要的；必需的；必然的 n.必需品,商务英语
instalment,ɪn'stɔlm(ə)nt,,n.分期付款；装设；就职,商务英语
slump,slʌmp,,v.下降，衰落；倒下；大幅度下降，暴跌 n.衰退；暴跌；消沉,商务英语
rating,'retɪŋ,,n.等级；等级评定；额定功率 v.对…评价（rate的ing形式）,商务英语
hotel,ho'tɛl,,n.旅馆，饭店；客栈 vt.使…在饭店下榻 vi.进行旅馆式办公,商务英语
local,ˈloʊkl,,n.[计] 局部；当地居民；本地新闻 a.当地的；局部的；地方性的；乡土的,商务英语
act,ækt,,v.扮演；装作，举动像 n.行为，行动；法令，法案；（戏剧，歌剧的）一幕，段；装腔作势,商务英语
kudos,'kudɑs,,n.荣誉；名望；称赞,商务英语
influx,'ɪnflʌks,,n.流入；汇集；河流的汇集处,商务英语
withdrawal,wɪð'drɔəl,,n.撤退，收回；提款；取消；退股,商务英语
nimble,'nɪmbl,,a.敏捷的；聪明的；敏感的,商务英语
commuter,kə'mjʊtɚ,,n.通勤者，经常乘公共车辆往返者；[交] 月季票乘客,商务英语
viable,'vaiəbl,,a.可行的；能养活的；能生育的,商务英语
refresher,"ri'freʃə, ri:-",,n.可提神的人或物；补习课程；清凉饮料；增加报酬 a.专业性复习进修的,商务英语
appetite,'æpɪtaɪt,,n.食欲；嗜好,商务英语
delegation,",dɛlɪ'ɡeʃən",,n.代表团；授权；委托,商务英语
financing,fɪ'nænsɪŋ,,n.融资；财务；筹措资金 v.筹措资金；财政管理；从事金融活动（finance的ing形式）,商务英语
assistant,ə'sɪstənt,,n.助手，助理，助教 a.辅助的，助理的；有帮助的,商务英语
nature,'netʃɚ,,n.自然；性质；本性；种类,商务英语
umpire,'ʌmpaɪɚ,,v.当裁判，任裁判 n.裁判员，仲裁人,商务英语
subsidize,'sʌbsə'daɪz,,v.资助；给与奖助金；向…行贿,商务英语
finalize,'faɪnəlaɪz,,v.完成；使结束,商务英语
commercialize,kə'mɝʃlaɪz,,v.使商业化；使商品化,商务英语
patronizing,'petrənaɪzɪŋ,,a.要人领情的；自视高人一等的；以恩人态度自居的 v.光顾，惠顾；庇护，保护（patronize的现在分词）,商务英语
option,'ɑpʃən,,n.[计] 选项；选择权；买卖的特权,商务英语
slack,slæk,,a.松弛的；疏忽的；不流畅的 v.松懈；减弱 n.煤末；峡谷 ad.马虎地；缓慢地,商务英语
volatile,'vɑlətl,,a.[化学] 挥发性的；不稳定的；爆炸性的；反复无常的 n.挥发物；有翅的动物,商务英语
contend,kən'tɛnd,,v.竞争；奋斗；斗争；争论,商务英语
going,'ɡoɪŋ,,n.行为；离去；工作情况；地面状况 a.流行的；进行中的；现存的 v.前进；出发；运转（go的ing形式）,商务英语
rubber,'rʌbɚ,,n.橡胶；橡皮；合成橡胶；按摩师 a.橡胶制成的 v.涂橡胶于；用橡胶制造,商务英语
trend,trɛnd,,n.趋势，倾向；走向 v.趋向，伸向,商务英语
international,",ɪntɚ'næʃnəl",,n.国际组织；国际体育比赛；外国居留者；国际股票 a.国际的；两国（或以上）国家的；超越国界的；国际关系的；世界的,商务英语
devaluation,",divæljʊ'eʃən",,n.货币贬值,商务英语
loan,lon,,n.贷款；借款 v.借出,商务英语
acquaint,ə'kwent,,v.使熟悉；使认识,商务英语
investigate,ɪn'vɛstɪɡet,,v.调查；研究,商务英语
content,'kɑntɛnt,,n.内容，目录；满足；容量 a.满意的 v.使满足,商务英语
grace,ɡres,,n.优雅；恩惠；魅力；慈悲 v.使优美,商务英语
pure,pjʊr,,a.纯的；纯粹的；纯洁的；清白的；纯理论的 n.(Pure)人名；(俄)普雷,商务英语
loaf,lof,,n.条，一条面包；块；游荡 v.游荡；游手好闲；虚度光阴,商务英语
leading,'lidɪŋ,,a.领导的；主要的 n.领导；铅板；行距 v.领导（lead的ing形式）,商务英语
simply,'sɪmpli,,ad.简单地；仅仅；简直；朴素地；坦白地,商务英语
trademark,'tred'mɑrk,,n.商标,商务英语
corruption,kə'rʌpʃən,,n.贪污，腐败；堕落,商务英语
conflict,'kɑnflɪkt,,n.冲突，矛盾；斗争；争执 v.冲突，抵触；争执；战斗,商务英语
assurance,ə'ʃʊrəns,,n.保证，担保；（人寿）保险；确信；断言；厚脸皮，无耻,商务英语
conversion,kən'vɝʒn,,n.转换；变换；[金融] 兑换；改变信仰,商务英语
harm,hɑrm,,n.伤害；损害 v.伤害；危害；损害,商务英语
sentence,'sɛntəns,,n.[语][计] 句子，命题；宣判，判决 v.判决，宣判,商务英语
hardly,'hɑrdli,,ad.几乎不，简直不；刚刚,商务英语
date,det,,n.日期；约会；年代；枣椰子 v.过时；注明日期；始于（某一历史时期）,商务英语
floatation,flo'teʃən,,n.[物化] 浮选；漂浮性,商务英语
spring,sprɪŋ,,n.春天；弹簧；泉水；活力；跳跃 a.春天的 v.生长；涌出；跃出；裂开,商务英语
running,'rʌnɪŋ,,n.运转；赛跑；流出 a.连续的；流动的；跑着的；运转着的 v.跑；运转（run的ing形式）；行驶,商务英语
irritate,'ɪrɪtet,,v.刺激，使兴奋；激怒,商务英语
continuation,kən'tɪnjʊ'eʃən,,n.继续；续集；延长；附加部分；扩建物,商务英语
personal,'pɝsənl,,a.个人的；身体的；亲自的 n.人事消息栏；人称代名词,商务英语
equation,ɪ'kweʒn,,n.方程式，等式；相等；[化学] 反应式,商务英语
irrevocable,ɪ'rɛvəkəbl,,a.不可改变的；不能取消的；不能挽回的,商务英语
grade,ɡred,,n.年级；等级；成绩；级别；阶段 v.评分；把…分等级,商务英语
reply,rɪ'plai,,v.回答；[法] 答辩；回击 n.回答；[法] 答辩,商务英语
downside,'daʊnsaɪd,,n.负面，缺点；下降趋势；底侧 a.底侧的,商务英语
slide,slaɪd,,n.滑动；幻灯片；滑梯；雪崩 v.滑动；滑落；不知不觉陷入,商务英语
sprint,sprɪnt,,v.冲刺，全速跑 n.冲刺；短跑,商务英语
entitlement,ɪn'taɪtlmənt,,n.权利；津贴,商务英语
ability,ə'bɪləti,,n.能力，能耐；才能,商务英语
axe,æks,,n.斧 v.削减；用斧砍,商务英语
initiative,ɪ'nɪʃətɪv,,n.主动权；首创精神 a.主动的；自发的；起始的,商务英语
reverse,rɪ'vɝs,,n.背面；相反；倒退；失败 v.颠倒；倒转 a.反面的；颠倒的；反身的,商务英语
facilitate,fə'sɪlə'tet,,v.促进；帮助；使容易,商务英语
arbitrageur,",ɑ:bitræ'ʒə:",,n.从事于套利或套汇之人,商务英语
transcend,træn'sɛnd,,v.胜过，超越,商务英语
previous,'privɪəs,,a.以前的；早先的；过早的 ad.在先；在…以前,商务英语
payment,'pemənt,,n.付款，支付；报酬，报答；偿还；惩罚，报应,商务英语
inmate,'ɪnmet,,n.(尤指)同院病人；同狱犯人；同被(收容所)收容者,商务英语
settlement,'sɛtlmənt,,n.解决，处理；[会计] 结算；沉降；殖民,商务英语
noncommittal,",nɑnkə'mɪtl",,a.态度不明朗的；不承担义务的；无明确意义的,商务英语
pare,pɛr,,v.消减；削皮；剪；修掉（边等） n.(Pare)人名；(英)佩尔；(法)帕尔,商务英语
selection,sɪ'lɛkʃən,,n.选择，挑选；选集；精选品,商务英语
reasonable,'riznəbl,,a.合理的，公道的；通情达理的,商务英语
employ,ɪm'plɔɪ,,v.使用，采用；雇用；使忙于，使从事于 n.使用；雇用,商务英语
relationship,rɪ'leʃən'ʃɪp,,n.关系；关联,商务英语
field,fild,,n.领域；牧场；旷野；战场；运动场 v.担任场外队员 a.扫描场；田赛的；野生的,商务英语
replace,rɪ'ples,,v.取代，代替；替换，更换；归还，偿还；把…放回原处,商务英语
institute,'ɪnstɪtut,,v.开始（调查）；制定；创立；提起（诉讼） n.学会，协会；学院,商务英语
careless,'kɛrləs,,a.粗心的；无忧无虑的；淡漠的 n.(Careless)人名；(英)凯尔利斯,商务英语
expense,ɪk'spɛns,,n.损失，代价；消费；开支 vt.向…收取费用 vi.被花掉,商务英语
pattern,'pætɚn,,n.模式；图案；样品 v.模仿；以图案装饰,商务英语
extractive,ɪk'stræktɪv; ek-,,n.提取物；抽出物；精华 a.提取的；可萃取的；精萃的,商务英语
showroom,'ʃorʊm,,n.陈列室；样品间,商务英语
inventory,'ɪnvəntɔri,,n.存货，存货清单；详细目录；财产清册,商务英语
weapon,'wɛpən,,n.武器，兵器,商务英语
documentation,'dɑkjəmɛn'teʃən,,"n.文件, 证明文件, 史实, 文件编制",商务英语
stifle,'staɪfl,,v.扼杀；使窒息；藏匿 n.（马等的）后膝关节；（马等的）[动] 后膝关节病,商务英语
keen,kin,,a.敏锐的，敏捷的；渴望的；强烈的；热心的；锐利的 n.痛哭，挽歌,商务英语
reinforce,",riɪn'fɔrs",,v.加强，加固；强化；补充 n.加强；加固物；加固材料,商务英语
windfall,'wɪndfɔl,,n.意外之财；被风吹落的果子；意外的收获,商务英语
liberalization,",lɪbərəlaɪ'zeʃən",,n.自由化；自由主义化；放宽限制,商务英语
part,pɑrt,,n.部分；角色；零件；一些；片段 v.分离；分配；分开 ad.部分地 a.部分的,商务英语
infrastructure,'ɪnfrə'strʌktʃɚ,,n.基础设施；公共建设；下部构造,商务英语
confirm,kən'fɝm,,v.确认；确定；证实；批准；使巩固,商务英语
respect,rɪ'spɛkt,,n.尊敬，尊重；方面；敬意 v.尊敬，尊重；遵守,商务英语
afford,ə'fɔrd,,v.给予，提供；买得起 n.(Afford)人名；(英)阿福德,商务英语
asleep,ə'slip,,a.睡着的；麻木的；长眠的 ad.熟睡地；进入睡眠状态,商务英语
kick,kɪk,,v.踢；反冲，朝后座 n.踢；反冲，后座力,商务英语
portable,'pɔrtəbl,,a.手提的，便携式的；轻便的 n.手提式打字机,商务英语
hall,hɔl,,n.过道，门厅，走廊；会堂；食堂；学生宿舍；大厅，前厅；娱乐中心，会所,商务英语
attend,ə'tɛnd,,v.出席；上（大学等）；照料；招待；陪伴,商务英语
provide,prə'vaɪd,,v.提供；规定；准备；装备,商务英语
half,hæf,,n.一半；半场；半学年 ad.一半地；部分地 a.一半的；不完全的；半途的,商务英语
cancel,'kænsl,,v.取消；删去 n.取消，撤销,商务英语
round,raʊnd,,n.圆；循环；一回合；圆形物 a.圆的；完全的；大概的；肥胖的 ad.在周围；迂回地；朝反方向；挨个 v.完成；围捕；绕行；弄圆 prep.附近；绕过；大约；在…周围,商务英语
substitute,'sʌbstɪtut,,n.代用品；代替者 v.替代,商务英语
somewhere,'sʌmwɛr,,ad.在某处；到某处 n.某个地方,商务英语
eligible,'ɛlɪdʒəbl,,a.合格的，合适的；符合条件的；有资格当选的 n.合格者；适任者；有资格者,商务英语
crop,krɑp,,n.产量；农作物；庄稼；平头 v.种植；收割；修剪；剪短,商务英语
breakage,'brekɪdʒ,,n.破坏；破损；裂口；破损量,商务英语
amount,ə'maʊnt,,v.总计，合计；相当于；共计；产生…结果 n.数量；总额，总数,商务英语
questionnaire,ˌkwɛstʃənˈɛr,,n.问卷；调查表,商务英语
conservative,kən'sɝvətɪv,,a.保守的 n.保守派，守旧者,商务英语
handbook,'hændbʊk,,n.手册；指南,商务英语
expand,ɪk'spænd,,v.扩张；使膨胀；详述,商务英语
dessert,dɪ'zɝt,,n.餐后甜点；甜点心,商务英语
collapse,kə'læps,,v.倒塌；瓦解；暴跌 n.倒塌；失败；衰竭,商务英语
submit,səb'mɪt,,v.使服从；主张；呈递,商务英语
capitalization,",kæpɪtəlɪ'zeʃən",,n.资本化；资本总额；用大写,商务英语
maintenance,'mentənəns,,n.维护，维修；保持；生活费用,商务英语
width,wɪdθ,,n.宽度；广度,商务英语
effort,'ɛfɚt,,n.努力；成就,商务英语
nation,'neʃən,,n.国家；民族；国民,商务英语
conglomerate,kən'ɡlɑːmərət,,v.凝聚成团 n.[岩] 砾岩；企业集团；聚合物 a.成团的；砾岩性的,商务英语
input,'ɪn'pʊt,,n.投入；输入电路 v.[自][电子] 输入；将…输入电脑,商务英语
counting,'kaʊntɪŋ,,n.[数] 计算，计数,商务英语
comparative,kəm'pærətɪv,,a.比较的；相当的 n.比较级；对手,商务英语
commensurate,"kəˈmɛnsərɪt, -ʃə-",,a.相称的；同量的；同样大小的,商务英语
due,du,,a.到期的；预期的；应付的；应得的 n.应付款；应得之物 ad.正（置于方位词前）,商务英语
shopping,'ʃɑpɪŋ,,n.购物，买东西 v.购物（shop的ing形式）,商务英语
prescriptive,prɪ'skrɪptɪv,,a.规定的，规范的；指定的,商务英语
handwriting,'hænd'raɪtɪŋ,,n.笔迹；书法；书写；手稿 v.亲手写（handwrite的ing形式）,商务英语
solvency,'sɔlvənsi,,n.偿付能力；溶解力,商务英语
spur,spɝ,,n.鼓舞，刺激；马刺；山坡 v.骑马疾驰；给予刺激,商务英语
upkeep,'ʌpkip,,n.维持；维修费；保养,商务英语
acknowledge,ək'nɑlɪdʒ,,v.承认；答谢；报偿；告知已收到,商务英语
weight,wet,,n.重量，重力；负担；砝码；重要性 v.加重量于，使变重,商务英语
payroll,'perol,,n.工资单；在册职工人数；工资名单,商务英语
repeal,rɪ'pil,,v.废除；撤销；废止；放弃；否定 n.废除；撤销,商务英语
sudden,'sʌdn,,a.突然的，意外的；快速的 n.突然发生的事,商务英语
perception,pɚ'sɛpʃən,,n.知觉；[生理] 感觉；看法；洞察力；获取,商务英语
catch,kætʃ,,v.赶上；抓住；感染；了解 n.捕捉；捕获物；窗钩,商务英语
land,lænd,,n.国土；陆地；地面 v.使…登陆；使…陷于；将…卸下,商务英语
interpret,ɪn'tɝprɪt,,v.说明；口译,商务英语
optimistic,",ɑptɪ'mɪstɪk",,a.乐观的；乐观主义的,商务英语
hang,hæŋ,,v.悬挂，垂下；装饰；绞死；使悬而未决 n.悬挂；暂停，中止,商务英语
withhold,wɪð'hold,,v.保留，不给；隐瞒；抑制,商务英语
collectable,kə'lɛktəbl,,a.可收集的 n.珍藏物,商务英语
foreclose,fɔr'kloz,,v.阻止；排除；取消抵押品赎回权,商务英语
journal,'dʒɝnl,,n.日报，杂志；日记；分类账,商务英语
destroy,dɪ'strɔɪ,,v.破坏；消灭；毁坏,商务英语
hand,hænd,,n.手，手艺；帮助；指针；插手 v.传递，交给；支持；搀扶,商务英语
reach,ritʃ,,v.达到；延伸；伸出手；传开 n.范围；延伸；河段；横风行驶,商务英语
forthcoming,",fɔrθ'kʌmɪŋ",,a.即将来临的 n.来临,商务英语
shut,ʃʌt,,v.关闭；停业；幽禁 n.关闭 a.关闭的；围绕的,商务英语
deny,dɪ'nai,,v.否定，否认；拒绝给予；拒绝…的要求,商务英语
compatible,kəm'pætəbl,,a.兼容的；能共处的；可并立的,商务英语
instruction,ɪn'strʌkʃən,,n.指令，命令；指示；教导；用法说明,商务英语
dispatch,dɪ'spætʃ,,n.派遣；急件 v.派遣；分派,商务英语
implement,'ɪmplɪmɛnt,,v.实施，执行；实现，使生效 n.工具，器具；手段,商务英语
react,ri'ækt,,v.反应；影响；反抗；起反作用,商务英语
backdate,'bæk'det,,v.回溯，追溯；倒填日期,商务英语
consult,kən'sʌlt,,v.查阅；商量；向…请教,商务英语
cent,sɛnt,,n.分；一分的硬币；森特（等于半音程的百分之一）,商务英语
mitigate,'mɪtɪɡet,,v.使缓和，使减轻,商务英语
separate,(for v.) sɛpəˌret; (for adj.) sɛprɪt,,v.使分离；使分开；使分居 a.单独的；分开的；不同的；各自的； n.分开；抽印本,商务英语
exemplify,ɪɡ'zɛmplɪfaɪ,,v.例证；例示,商务英语
shareholder,'ʃɛrholdɚ,,n.股东；股票持有人,商务英语
track,træk,,n.轨道；足迹，踪迹；小道 v.追踪；通过；循路而行；用纤拉,商务英语
provider,prə'vaɪdɚ,,n.供应者；养家者,商务英语
lame,lem,,a.跛足的；僵痛的；不完全的；无说服力的；差劲的，蹩脚的 v.变跛,商务英语
agricultural,",ægrɪ'kʌltʃərəl",,a.农业的；农艺的,商务英语
centigrade,'sɛntɪɡred,,a.摄氏的；[仪] 摄氏温度的；百分度的,商务英语
dilemma,dɪˈlemə,,n.困境；进退两难；两刀论法,商务英语
mature,mə'tʃʊr,,a.成熟的；充分考虑的；到期的；成年人的 v.成熟；到期,商务英语
omnipotent,ɑm'nɪpətənt,,a.无所不能的；全能的；有无限权力的,商务英语
certain,'sɝtn,,a.某一；必然的；确信；无疑的；有把握的 pron.某些；某几个 n.(Certain)人名；(葡)塞尔塔因；(法)塞尔坦,商务英语
success,sək'sɛs,,n.成功，成就；胜利；大获成功的人或事物,商务英语
shift,ʃɪft,,n.移动；变化；手段；轮班 v.移动；转变；转换,商务英语
countryside,'kʌntrɪsaɪd,,n.农村，乡下；乡下的全体居民,商务英语
forth,fɔrθ,,ad.向前，向外；自…以后 n.(Forth)人名；(德)福特；(英)福思,商务英语
examine,ɪg'zæmɪn,,v.检查；调查； 检测；考试,商务英语
fixable,'fiksəbl,,a.可固定的；可确定的；可装置的,商务英语
tie,taɪ,,v.系；约束；打结；与…成平局 n.领带；平局；鞋带；领结；不分胜负,商务英语
excuse,ɪk'skjʊs,,n.借口；理由 v.原谅；为…申辩；给…免去,商务英语
acquaintance,ə'kwentəns,,n.熟人；相识；了解；知道,商务英语
insist,ɪn'sɪst,,v.坚持，强调,商务英语
addressee,",ædrɛ'si",,n.收件人，收信人；[计] 被访地址,商务英语
technical,'tɛknɪkl,,a.工艺的，科技的；技术上的；专门的,商务英语
risky,'rɪski,,a.危险的；冒险的；（作品等）有伤风化的,商务英语
obstruct,əb'strʌkt,,v.妨碍；阻塞；遮断,商务英语
course,kɔrs,,n.科目；课程；过程；进程；道路；路线，航向；一道菜 v.追赶；跑过,商务英语
expect,ɪk'spɛkt,,v.期望；指望；认为；预料,商务英语
dealer,'dilɚ,,n.经销商；商人,商务英语
circular,'sɝkjəlɚ,,a.循环的；圆形的；间接的 n.通知，传单,商务英语
airport,'ɛr'pɔrt,,n.机场；航空站,商务英语
slim,slɪm,,a.苗条的；修长的；微小的；差的 v.使…体重减轻；使…苗条 n.(Slim)人名；(阿拉伯)萨利姆；(英、西)斯利姆,商务英语
vacant,'vekənt,,a.空虚的；空的；空缺的；空闲的；茫然的 n.(Vacant)人名；(法)瓦康,商务英语
damp,dæmp,,v.使潮湿；使阻尼；使沮丧，抑制 n.潮湿，湿气 a.潮湿的,商务英语
burden,'bɝdn,,n.负担；责任；船的载货量 v.使负担；烦扰；装货于,商务英语
initial,ɪ'nɪʃəl,,a.最初的；字首的 v.用姓名的首字母签名 n.词首大写字母,商务英语
undergo,",ʌndɚ'ɡo",,v.经历，经受；忍受,商务英语
margin,'mɑrdʒən,,n.边缘；利润，余裕；页边的空白 vt.加边于；加旁注于,商务英语
shaky,'ʃeki,,a.摇晃的；不可靠的；不坚定的,商务英语
unpaid,",ʌn'ped",,a.未付款的；[税收] 未缴纳的；无报酬的,商务英语
processor,'prɑsɛsɚ,,n.[计] 处理器；处理程序；加工者,商务英语
periodical,",pɪrɪ'ɑdɪkl",,a.[数] 周期的；定期的 n.期刊；杂志,商务英语
projector,prə'dʒɛktɚ,,n.[仪] 投影仪；放映机；探照灯；设计者,商务英语
plus,plʌs,,n.正号，加号；好处；附加额 a.正的；附加的 prep.加，加上,商务英语
fork,fɔrk,,n.叉；餐叉；耙 v.叉起；使成叉状,商务英语
form,fɔrm,,n.形式，形状；形态，外形；方式；表格 v.构成，组成；排列，组织；产生，塑造,商务英语
alert,ə'lɝt,,v.警告；使警觉，使意识到 a.警惕的，警觉的；留心的 n.警戒，警惕；警报,商务英语
brochure,bro'ʃʊr,,n.手册，小册子,商务英语
experimental,ɛk'spɛrɪ'mɛntəl,,a.实验的；根据实验的；试验性的,商务英语
disagree,",dɪsə'ɡri",,v.不同意；不一致；争执；不适宜,商务英语
bargain,ˈbɑːɡɪn,,n.交易；便宜货；契约 v.讨价还价；议价；(谈价钱后)卖,商务英语
prepare,prɪ'pɛr,,v.准备；使适合；装备；起草,商务英语
nosedive,'nozdaɪv,,v.俯冲；暴跌；突然变坏 n.（价格等的）急降，暴跌；（飞机的）俯冲；（名声）低落；（情况）突然变坏,商务英语
ambitious,æm'bɪʃəs,,a.野心勃勃的；有雄心的；热望的；炫耀的,商务英语
adjuster,ə'dʒʌstɚ,,n.[自] 调节器；调停者；（保险等）理算员,商务英语
record,(for v.) rɪˈkɔrd; (for n. adj.) ˈrɛkɚd,,v.记录，记载；标明；将录音 n.档案，履历；唱片；最高纪录 a.创纪录的,商务英语
obtain,əb'ten,,v.获得；流行,商务英语
collectivism,kə'lɛktɪvɪzəm,,n.集体主义,商务英语
disproportionate,disprə'pɔ:ʃənət,,a.不成比例的,商务英语
plug,plʌɡ,,n.插头；塞子；栓 v.塞住；用插头将与电源接通,商务英语
cede,sid,,v.放弃；割让（领土）,商务英语
reserve,rɪ'zɝv,,n.储备，储存；自然保护区；预备队；缄默；[金融] 储备金 v.储备；保留；预约,商务英语
boost,bʊst,,v.促进；增加；支援 n.推动；帮助；宣扬,商务英语
flavour,'fleivə,,n.香味；滋味 v.给……调味；给……增添风趣,商务英语
cross,krɔs,,n.交叉，十字；十字架，十字形物 v.交叉；杂交；横过 a.交叉的，相反的；乖戾的；生气的,商务英语
reaction,rɪ'ækʃən,,n.反应，感应；反动，复古；反作用,商务英语
budget,'bʌdʒɪt,,n.预算，预算费 v.安排，预定；把…编入预算 a.廉价的,商务英语
collaboration,"kə,læbə'reʃən",,n.合作；勾结；通敌,商务英语
hospitality,",hɑspɪ'tæləti",,n.好客；殷勤,商务英语
launch,lɔntʃ,,v.发射（导弹、火箭等）；发起，发动；使…下水 n.发射；发行，投放市场；下水；汽艇,商务英语
infringement,ɪn'frɪndʒmənt,,n.侵犯；违反,商务英语
qualitative,'kwɑlətetɪv,,a.定性的；质的，性质上的,商务英语
private,'praɪvət,,a.私人的；私有的；私下的 n.列兵；二等兵,商务英语
expiry,ɪk'spaɪəri,,n.满期，逾期；呼气；终结,商务英语
version,'vɝʒn,,n.版本；译文；倒转术,商务英语
identity,aɪ'dɛntəti,,n.身份；同一性，一致；特性；恒等式,商务英语
typical,'tɪpɪkl,,a.典型的；特有的；象征性的,商务英语
engage,ɪn'ɡedʒ,,v.吸引，占用；使参加；雇佣；使订婚；预定,商务英语
apprentice,ə'prɛntɪs,,n.学徒；生手 v.使…当学徒,商务英语
command,kə'mænd,,v.命令，指挥；控制 n.指挥，控制；命令；司令部,商务英语
campaign,kæm'pen,,v.作战；参加竞选；参加活动 n.运动；活动；战役,商务英语
downtown,'daʊn'taʊn,,ad.往闹市区；在市区 a.市中心的 n.市中心区；三分线以外,商务英语
mastermind,'mæstəmaɪnd,,v.策划 n.优秀策划者；才子,商务英语
acquire,ə'kwaɪr,,v.获得；取得；学到；捕获,商务英语
expire,ɪk'spaɪɚ,,v.期满；终止；死亡；呼气,商务英语
logo,'loɡo,,n.商标，徽标；标识语,商务英语
speaker,'spikɚ,,n.演讲者；扬声器；说话者；说某种语言的人,商务英语
cater,'ketɚ,,v.投合，迎合；满足需要；提供饮食及服务 n.(Cater)人名；(英)凯特,商务英语
RSVP,,,abbr.请回复 Répondez s'il vous plaît（法语）,商务英语
awake,ə'wek,,v.觉醒，意识到；醒来；被唤起 a.醒着的,商务英语
research,'risɝtʃ,,n.研究；调查 v.研究；调查,商务英语
pronounce,prə'naʊns,,v.发音；宣判；断言,商务英语
valuable,ˈvæljuəbəl; ˈvæljə-,,a.有价值的；贵重的；可估价的 n.贵重物品,商务英语
point,pɔɪnt,,n.要点；得分；标点；[机] 尖端 v.指向；弄尖；加标点于,商务英语
scatter,'skætɚ,,v.分散，散开；散射 n.分散；散播，撒播,商务英语
strive,straɪv,,v.努力；奋斗；抗争,商务英语
mutual,'mjutʃuəl,,a.共同的；相互的，彼此的,商务英语
attach,ə'tætʃ,,v.使依附；贴上；系上；使依恋,商务英语
devise,dɪ'vaɪz,,v.设计；想出；发明；图谋；遗赠给 n.遗赠,商务英语
proprietary,prə'praɪətɛri,,n.所有权；所有人 a.所有的；专利的；私人拥有的,商务英语
attack,ə'tæk,,n.攻击；抨击；疾病发作 v.攻击；抨击；动手干,商务英语
pace,pes,,n.一步；步速；步伐；速度 v.踱步；缓慢而行,商务英语
shirk,ʃə:k,,v.逃避 n.(Shirk)人名；(英)舍克,商务英语
functional,'fʌŋkʃənl,,a.功能的,商务英语
determination,dɪˌtɜːrmɪˈneɪʃn,,n.决心；果断；测定,商务英语
theocracy,θɪ'ɑkrəsi,,n.神政；神权政体；神治国（复数theocracies）,商务英语
show,ʃo,,v.显示；说明；演出；展出 n.显示；表演；炫耀,商务英语
alive,ə'laɪv,,a.活着的；活泼的；有生气的,商务英语
impact,ɪm'pækt,,n.影响；效果；碰撞；冲击力 v.挤入，压紧；撞击；对…产生影响,商务英语
layoff,"'le,ɔf",,n.活动停止期间；临时解雇；操作停止；失业期,商务英语
supervisory,"'sju:pə,vaizəri",,a.监督的,商务英语
reduction,rɪ'dʌkʃən,,n.减少；下降；缩小；还原反应,商务英语
repair,rɪ'pɛr,,v.修理；修复 n.修理，修补；修补部位,商务英语
ERP,,,abbr.企业资源计划（Enterprise Resource Planning）；有效辐射功率（effective radiated power）,商务英语
impressionable,ɪm'prɛʃənəbl,,a.敏感的；易受影响的,商务英语
nervous,'nɝvəs,,a.神经的；紧张不安的；强健有力的,商务英语
perpetuate,pɚ'pɛtʃuet,,v.使不朽；保持 a.长存的,商务英语
consideration,"kən,sɪdə'reʃən",,n.考虑；原因；关心；报酬,商务英语
faithful,'feθfəl,,a.忠实的，忠诚的；如实的；准确可靠的 n.(Faithful)人名；(英)费思富尔,商务英语
lack,læk,,v.缺乏；不足；没有；需要 n.缺乏；不足,商务英语
ETA,'eitɑ:; 'i:tə; 'eitə,,abbr.估计到达时间（Estimated Time of Arrival）；欧洲教师协会（European Teachers Association）；教育电视协会（Educational Television Association）,商务英语
disposable,dɪ'spozəbl,,a.可任意处理的；可自由使用的；用完即可丢弃的,商务英语
outstrip,",aʊt'strɪp",,v.超过；胜过；比…跑得快,商务英语
market,'mɑrkɪt,,n.市场；行情；股票市场；市面；集市；销路；商店 v.在市场上出售,商务英语
default,dɪ'fɔlt,,v.拖欠；不履行；不到场 n.违约；缺席；缺乏；系统默认值,商务英语
importance,ɪm'pɔrtns,,n.价值；重要；重大；傲慢,商务英语
beverage,'bɛvərɪdʒ,,n.饮料,商务英语
contain,kən'ten,,v.包含；控制；容纳；牵制（敌军）,商务英语
verbalize,'vɝbəlaɪz,,v.累赘；唠叨；以言语表述,商务英语
treat,trit,,v.治疗；对待；探讨；视为 n.请客；款待,商务英语
bearer,'bɛrɚ,,n.持票人；[建] 承木；[机] 托架；送信人；搬运工人,商务英语
reject,rɪ'dʒɛkt,,v.拒绝；排斥；抵制；丢弃 n.被弃之物或人；次品,商务英语
provisional,prə'vɪʒənl,,a.临时的，暂时的；暂定的 n.临时邮票,商务英语
have,"hæv; (also, as before 'to') hæf",,v.有；让；拿；从事；允许 aux.已经 n.(Have)人名；(芬)哈韦；(德)哈弗,商务英语
specific,spɪ'sɪfɪk,,a.特殊的，特定的；明确的；详细的；[药] 具有特效的 n.特性；细节；特效药,商务英语
direction,dəˈrɛkʃən; (also) daɪˈrɛkʃən,,n.方向；指导；趋势；用法说明,商务英语
testimony,'tɛstə'moni,,n.[法] 证词，证言；证据,商务英语
excess,'ɛk'sɛs,,n.超过，超额；过度，过量；无节制 a.额外的，过量的；附加的,商务英语
undertake,",ʌndɚ'tek",,v.承担，保证；从事；同意；试图,商务英语
object,'ɑbdʒɛkt,,n.目标；物体；客体；宾语 v.提出…作为反对的理由,商务英语
dishonest,dɪs'ɑnɪst,,a.不诚实的；欺诈的,商务英语
share,ʃɛr,,v.分享，分担；分配 n.份额；股份,商务英语
parameter,pə'ræmɪtɚ,,n.参数；系数；参量,商务英语
order,'ɔrdɚ,,n.命令；顺序；规则；[贸易] 定单 v.命令；整理；定购,商务英语
interactive,",ɪntɚ'æktɪv",,a.交互式的；相互作用的,商务英语
recoup,ri'ku:p,,v.收回；恢复；偿还；扣除,商务英语
occupancy,'ɑkjəpənsi,,n.居住；占有；占用,商务英语
crowd,kraʊd,,"n.群众,一伙;一堆,许多,大众 v.拥挤,挤满,挤进",商务英语
scapegoat,'skepɡot,,n.替罪羊，替人顶罪者；替身 vt.使成为…的替罪羊,商务英语
stakeholder,ˈsteɪkhoʊldər,,n.利益相关者；赌金保管者,商务英语
exempt,ɪg'zɛmpt,,v.免除；豁免 a.被免除的；被豁免的 n.免税者；被免除义务者,商务英语
requisite,'rɛkwəzɪt,,a.必备的，必不可少的；需要的 n.必需品,商务英语
error,'ɛrɚ,,n.误差；错误；过失,商务英语
sharp,ʃɑrp,,a.急剧的；锋利的；强烈的；敏捷的；刺耳的 ad.急剧地；锐利地；突然地 n.尖头；骗子；内行 vt.磨快；把音调升高 vi.打扮；升音演奏,商务英语
depreciate,dɪ'priʃɪet,,v.使贬值；贬低；轻视,商务英语
urgent,'ɝdʒənt,,a.紧急的；急迫的,商务英语
prioritize,praɪ'ɔrətaɪz,,v.把…区分优先次序,商务英语
strategy,'strætədʒi,,n.战略，策略,商务英语
kermis,'kɜːmɪs,,n.庙会；义卖会；露天市集,商务英语
surcharge,'sɝtʃɑrdʒ,,n.超载；额外费 v.追加罚款；使…装载过多；使…负担过重,商务英语
synergy,'sɪnɚdʒi,,n.协同；协同作用；增效,商务英语
preside,prɪ'zaɪd,,v.主持，担任会议主席,商务英语
hedge,hɛdʒ,,v.用树篱笆围住；避免作正面答复 n.对冲，套期保值；树篱；障碍,商务英语
massive,'mæsɪv,,a.大量的；巨大的，厚重的；魁伟的,商务英语
mental,'mɛntl,,a.精神的；脑力的；疯的 n.精神病患者,商务英语
petrol,'pɛtrəl,,n.（英）汽油,商务英语
menace,'mɛnəs,,n.威胁；恐吓 v.恐吓；进行威胁,商务英语
fiduciary,"fɪ'djʊʃɪ,ɛri",,a.信托的；受信托的；基于信用的 n.受托人；被信托者,商务英语
gauge,gedʒ,,n.计量器；标准尺寸；容量规格 v.测量；估计；给…定规格,商务英语
specification,'spɛsəfə'keʃən,,n.规格；说明书；详述,商务英语
guarantee,",ɡærən'ti",,n.保证；担保；保证人；保证书；抵押品 v.保证；担保,商务英语
swap,swɑp,,n.交换；交换之物 v.与交换；以作交换,商务英语
negative,'nɛɡətɪv,,a.[数] 负的；消极的；否定的；阴性的 n.否定；负数；[摄] 底片 v.否定；拒绝,商务英语
clientele,'klaɪən'tɛl,,n.客户；诉讼委托人,商务英语
disappear,'dɪsə'pɪr,,v.消失；失踪；不复存在,商务英语
cancel,'kænsl,,vt.取消， 作废； 抵消， 对消； 删去， 划掉,商务英语
prepare,prɪ'pɛr,,v.准备， 预备,商务英语
half,hæf,,ad.一半地； 部分地； 几乎 a.一半的；不完整的 n.一半,商务英语
spacious,'speʃəs,,a.宽广的， 宽敞的,商务英语
analyse,'æn(ə)laɪz,,vt.分析； 分解,商务英语
costing,'kɔstɪŋ,,n.成本核算,商务英语
nowadays,'naʊədez,,ad.现今， 现在,商务英语
hall,hɔl,,n.门厅， 过道； 礼堂， 会堂； 办公大楼,商务英语
salary,'sæləri,,n.薪金， 薪水,商务英语
rider,'raɪdɚ,,n.追加条款， 附则； 骑马人， 搭乘人,商务英语
acceptability,əkˌseptə'biləti,,n.可承兑性； 可接受性,商务英语
debtee,de'tiː,,n.债权人,商务英语
paragon,'pærəɡɑn,,n.模范， 完美典型， 典范,商务英语
pick,pɪk,,v.挑选，选择；采摘 n.镐， 鹤嘴锄,商务英语
know-how,'nəuhau,,n.实际知识； 技能； 窍门,商务英语
fluctuate,'flʌktʃʊ'et,,vi.波动， 变动， 涨落， 起伏,商务英语
reposition,",ripə'zɪʃən",,vt.使复位； 改变…的位置,商务英语
kidnap,'kɪdnæp,,n&vt.诱拐， 绑架， 劫持,商务英语
calculate,'kælkjulet,,vt.计算， 核算； 推测， 估计； 打算， 计划,商务英语
authorize,'ɔθəraɪz,,vt.授权； 批准,商务英语
organizational,ˌɔːrɡənəˈzeɪʃənl,,a.组织的,商务英语
reinsure,",ri:in'ʃuə",,vt.分保,商务英语
audience,'ɔdɪəns,,n.听众， 观众， 读者,商务英语
solid,'sɑlɪd,,a.固体的； 实心的； 结实的， 牢固的； 可信赖的； 纯质的， 纯色的； 连续的， 完整的 n.固体,商务英语
chopstick,'tʃɑpstɪk,,n.筷子,商务英语
possess,pə'zɛs,,vt.占用， 拥有； 支配,商务英语
coincide,",koɪn'saɪd",,vi.同时发生； 相符， 相一致； 位置重合， 重叠,商务英语
competent,'kɑmpɪtənt,,a.有能力的， 能胜任的,商务英语
investment,ɪn'vɛstmənt,,n.投资； 投资额； 投入,商务英语
circular,'sɝkjəlɚ,,a.圆形的，环行的；循环的；兜圈子的 n.通知， 公告， 传单,商务英语
analysis,ə'næləsɪs,,n.分析， 分析报告； 分解， 解析,商务英语
avoidance,ə'vɔɪdəns,,n.避免； 免除， 撤销； 回避,商务英语
revaluation,ˌriːvælju'eiʃən,,n.再评价； 再估价,商务英语
devise,dɪ'vaɪz,,vt.发明， 策划， 想出， 设计,商务英语
fashionable,'fæʃnəbl,,a.流行的， 符合时尚的， 时髦的； 上流社会的,商务英语
backwards,'bækwɚdz,,ad.向后， 倒， 逆 a.向后的，相反的；落后的；迟钝的,商务英语
cooperative,ko'ɑpərətɪv,,a.有合作意向的，乐意合作的；合作的，协作的 n.合作社， 合作商店,商务英语
shortlist,'ʃɔ:tlist,,n.候选人名单 vt.把…列入候选人名单,商务英语
irritable,'ɪrɪtəbl,,a.易激怒的； 易过敏的,商务英语
correlation,",kɔrə'leʃən",,n.伴随关系； 关联作用,商务英语
exposure,ɪk'spoʒɚ,,n.暴露， 显露； 揭发， 揭露； 公开露面； 曝光,商务英语
statute,'stætʃut,,n.法令， 条例,商务英语
object,'ɑbdʒɛkt,,v.反对， 不赞成 n.物， 物体， 实物； 对象， 客体； 目的， 目标,商务英语
accessible,ək'sɛsəbl,,a.易于接近的； 可使用的,商务英语
commodity,kə'mɑdəti,,n.商品， 日用品， 货物,商务英语
harbour,hɑrbɚ,,n.港口， 海港,商务英语
hang,hæŋ,,v.悬挂， 吊； 绞死， 吊死,商务英语
poise,pɔɪz,,n.镇静，镇定；姿势，姿态 vt.使平衡， 使平稳； 平稳地拿,商务英语
authenticate,ɔ'θɛntɪket,,vt.认证， 鉴别； 使生效,商务英语
role,rol,,n.作用， 职责； 角色,商务英语
turf,tɝf,,n.草皮； 泥煤； 赛马； 地盘， 势力范围,商务英语
independent,'ɪndɪ'pɛndənt,,a.独立的， 自主的； 有主见的， 有独立见解的； 不愿受约束的， 向往自由的,商务英语
carriage,'kærɪdʒ,,n.客车厢； 马车； 运输； 运费,商务英语
ahead,ə'hɛd,,ad.在…前面； 提前； 向前， 朝前,商务英语
roll,rol,,v.卷， 绕， 卷起； 碾， 轧； 滚， 滚动， 打滚， 摇滚； 摇摆， 摇晃； 涌上来， 冲过来； 流逝， 过去； 隆隆地响 n.一卷，圆形物；面卷，面包卷；卷轴；案卷；名单，名册,商务英语
turn,tɝn,,v.转动， 翻转； 周转； 变化， 变成 n.转向，转动；轮流，轮班,商务英语
unparalleled,ʌn'pærəlɛld,,a.无比的； 空前的,商务英语
plausible,'plɔzəbl,,a.似有道理的， 似乎正确的,商务英语
elect,ɪ'lɛkt,,vi.进行选举； 作出选择 vt.选举，推举；选择，决定,商务英语
example,ɪg'zæmpl,,n.例子； 榜样,商务英语
result,rɪ'zʌlt,,vi.产生， 发生； 结果， 终归， 终结 n.结果，效果，成果；成绩，比分；计算结果，答案,商务英语
commission,kə'mɪʃən,,n.委托，授权；委员会；佣金，回扣；委任状 vt.委任,商务英语
listing,'lɪstɪŋ,,n.列表,商务英语
policy,'pɑləsi,,n.政策， 方针； 保险单,商务英语
rescind,rɪ'sɪnd,,vt.废除， 取消,商务英语
hand,hænd,,n.手；指针；雇员；帮助；手艺，技能；经手 vt.交， 给,商务英语
contractual,kən'træktʃuəl,,a.契约的， 合同的,商务英语
provocative,prə'vɑkətɪv,,a.挑衅的，煽动的，刺激的；挑逗的 n.刺激物,商务英语
caretaker,'kɛr'tekɚ,,a.临时代理的 n.值班人员；看管人,商务英语
address,əˈdrɛs;(for n)ˈædres; ædrɛs,,n.地址；讲话，演说 vt.向…讲话； 写姓名地址； 称呼； 处理,商务英语
licensee,'laɪsn'si,,n.获许可的人,商务英语
union,'junɪən,,n.工会， 联盟； 结合， 联合， 合并； 团结， 一致， 融洽,商务英语
abbreviation,əˌbrivɪ'eʃən,,n.缩写， 省略,商务英语
vocation,vo'keʃən,,n.职业,商务英语
component,kəm'ponənt,,a.组成的， 构成的 n.成分，部件，元件,商务英语
sale,sel,,n.出售，销售,商务英语
suite,sut; swit,,n.一套； 套间， 套房； 随从人员； 套， 组， 系列,商务英语
blue,blu,,a.蓝色的；脸色发灰的；忧郁的；下流的，色情的 n.蓝色,商务英语
consultant,kən'sʌltənt,,n.顾问； 会诊医师， 专科医生,商务英语
unprecedented,ʌn'prɛsɪdɛntɪd,,a.无前例的， 空前的， 前所未闻的,商务英语
obvious,'ɑbvɪəs,,a.显然的， 明显的,商务英语
quarantine,'kwɔrən'tin,,n.检疫； 隔离； 封锁,商务英语
information,'ɪnfɚ'meʃən,,n.信息， 数据； 情报， 资料， 消息； 通知,商务英语
Rep,rɛp,,n.代表,商务英语
rationalize,'ræʃnə'laɪz,,v.使合理,商务英语
liberal,'lɪbərəl,,a.心胸宽大的， 开明的； 自由的， 不受约束的； 自由主义的； 慷慨的， 大方的； 大量的； 文科教育的,商务英语
discuss,dɪ'skʌs,,vt.讨论， 商议， 议论,商务英语
standard,'stændɚd,,a.标准的 n.标准，规格,商务英语
reimburse,",riɪm'bɝs",,vt.偿还， 赔偿,商务英语
acknowledgement,ək'nɑlɪdʒmənt,,n.收条； 回执； 承认， 接收； 感激， 答谢， 致谢,商务英语
correct,kə'rɛkt,,a.正确的；恰当的，合适的 vt.改正； 纠正,商务英语
resolve,rɪ'zɑlv,,v.解决，解答；决定，决意；分解 n.决定， 决心， 决意,商务英语
sharply,'ʃɑrpli,,ad.急速， 突然； 严厉地； 鲜明地， 清楚地,商务英语
confront,kən'frʌnt,,vt.迎面遇到， 遭遇； 勇敢地面对； 使对质， 使当面对证,商务英语
onus,'onəs,,n.责任； 负担； 过失； 污辱,商务英语
accommodator,ə'kɔmədeitə,,n.贷款人,商务英语
faithful,'feθfəl,,a.忠诚的， 忠实的； 尽职的， 责任心强的； 如实的， 准确可靠的,商务英语
dominate,'dɑmɪnet,,vi.处于支配地位， 拥有优势 vt.在…中占首要地位；主宰，支配，统治，控制；占优势；耸立于，俯视,商务英语
rearrange,",riə'rendʒ",,v.重新安排； 重新整理,商务英语
tie,taɪ,,vi.不分胜负 n.领带，领结；纽带，联系；束缚，牵连；平局；关系 vt.拴，扎，捆；把…打结，系上；连接，使有关联,商务英语
ambition,æm'bɪʃən,,n.抱负， 雄心； 野心； 追求的目标,商务英语
middleman,'mɪdl'mæn,,n.中间人， 中间商， 经纪人,商务英语
exceed,ɪk'sid,,vt.超过； 超越限制,商务英语
implement,'ɪmplɪmɛnt,,n.工具， 器具， 用具 vt.使生效； 履行， 实施,商务英语
patronage,'pætrənɪdʒ,,n.恩惠； 惠顾， 光顾； 赞助； 资助人的身份,商务英语
grievance,'grivəns,,n.牢骚,商务英语
export,ˈekspɔːrt；ɪkˈ-,,a.出口的， 输出的 n.出口，输出 vt.出口， 输出,商务英语
claimant,'klemənt,,n.提出要求者， 原告； 索赔人,商务英语
conversation,",kɑnvɚ'seʃən",,n.会话， 谈话,商务英语
kickback,'kɪkbæk,,n.回扣； 佣金； 暗盘,商务英语
area,'ɛrɪə,,n.面积； 地区， 地域， 地方； 领域， 范围,商务英语
murder,'mɝdɚ,,n.谋杀，凶杀；谋杀罪 vt.谋杀， 屠杀； 破坏,商务英语
triplicate,'trɪplɪkət,,a.一式三份的 n.第三份； 第二副本,商务英语
remunerative,rɪ'mjunərətɪv,,a.有利可图的； 报酬高的,商务英语
check,tʃɛk,,n.支票,商务英语
enormous,ɪ'nɔrməs,,a.巨大的， 庞大的,商务英语
list,lɪst,,n.表，目录；名单 vt.把…列成表， 列举,商务英语
lack,læk,,n&v.缺少， 缺乏， 短缺,商务英语
external,ɪk'stɝnl,,a.外部的， 外面的， 外表的； 对外的； 外来的,商务英语
wire,'waɪɚ,,vi.发电报 n.电线；金属丝；电报，电信 vt.给…发电报；给…安装电线,商务英语
frustrate,'frʌstret,,vt.使沮丧， 使灰心； 挫败， 使受挫折,商务英语
aside,ə'saɪd,,ad.在旁边， 到一边， 向一边,商务英语
circumstance,ˈsɝ​kəmˌstəns,,n.情况，情形,商务英语
remunerate,rɪ'mjunəret,,vt.给报酬,商务英语
success,sək'sɛs,,n.成功， 成就， 胜利； 成功的事物， 取得成就的人； 发迹， 兴旺,商务英语
treasury,'trɛʒəri,,n.〔城堡、教堂、宫殿等的〕金库，宝库,商务英语
revise,rɪ'vaɪz,,vt.修订， 修改； 改变； 复习,商务英语
authority,ə'θɔrəti,,n.权力，当权,商务英语
paramount,'pærəmaʊnt,,a.极为重要的 n.最高统治者,商务英语
salutation,'sæljʊ'teʃən,,n.问候； 称呼,商务英语
manning,'mæniŋ,,n.人员配备,商务英语
harm,hɑrm,,n&vt.伤害， 危害， 损害,商务英语
regional,'ridʒənl,,a.地区的； 局部的,商务英语
embezzle,ɪm'bɛzl,,v.挪用,商务英语
inmate,'ɪnmet,,n.同住者,商务英语
obsolete,ɑbsəˌlit,,a.荒废的； 陈旧的， 过时的 vt.废弃；淘汰；使过时,商务英语
competitiveness,kəm'pɛtətɪvnɪs,,n.竞争力,商务英语
intermediation,",ɪntɚ,midɪ'eʃən",,n.调停， 仲裁， 调解,商务英语
instrument,'ɪnstrəmənt,,n.手段； 仪器， 器械， 工具； 票据； 证券,商务英语
gasoline,'gæsəlin,,n.〈美〉汽油,商务英语
medium,'midɪəm,,a.中等的，适中的 n.媒介， 媒介物， 传导体； 新闻媒介， 传播媒介； 手段， 工具； 中间， 适中,商务英语
interface,'ɪntɚ'fes,,n.接口； 界面， 交接处,商务英语
take-over,'teikəuvə,,n.接管， 继承； 接收,商务英语
society,səˈsaɪətɪ,,n.社会； 社会团体， 协会， 社； 上流社会， 社交界,商务英语
outstrip,",aʊt'strɪp",,vt.超过,商务英语
motive,'motɪv,,a.运动的； 促进的 n.动机，动因，目的,商务英语
psychology,saɪ'kɑlədʒi,,n.心理学； 心理， 心理特点,商务英语
provider,prə'vaɪdɚ,,n.供给者； 赡养者,商务英语
wrestle,'rɛsl,,v.摔跤； 使劲搬动， 用力举起； 努力解决， 全力对付,商务英语
motivate,'motə'vet,,vi.激励， 激发； 构成…的动机,商务英语
nosedive,'nozdaɪv,,n&vi.猛跌； 俯冲,商务英语
multiply,'mʌltɪplaɪ,,v.增加， 繁殖； 乘， 相乘,商务英语
spoil,spɔɪl,,v.毁掉，糟蹋，破坏 n.〔矿井里或地下挖出的〕废石方，弃土,商务英语
airline,'ɛrlaɪn,,n.航线； 航空公司,商务英语
lend,lɛnd,,vt.借给， 贷； 提供， 给予,商务英语
engender,ɪn'dʒɛndɚ,,v.造成,商务英语
effectiveness,ə'fɛktɪvnɪs,,n.效果； 效用； 有效性,商务英语
hypochondriac,",haɪpə'kɑndrɪæk",,a.患疑病症的 n.疑病症患者,商务英语
tip-top,'tip'tɔp,,a.第一流的； 顶点的 n.顶点；极点；第一流,商务英语
pilot,'paɪlət,,a.试验性的， 试点的 n.飞行员；引航员，舵手 vt.驾驶；为引航；试验，试用,商务英语
ticket,'tɪkɪt,,n.票； 入场券； 车票； 罚款传单,商务英语
approval,əˈpruvl,,n.赞成， 同意； 批准， 认可,商务英语
multiple,'mʌltəpl,,a.复合的，多重的；多种多样的 n.倍数,商务英语
perform,pɚ'fɔrm,,v.做， 履行， 完成； 演出， 表演， 表现,商务英语
mobile,ˈməʊbl;mobil,,a.运动的，活动的，可移动的；流动的；机动的；多变的，易变的 n.活动装置； 移动电话,商务英语
lucrative,'lukrətɪv,,a.有利可图的， 赚钱的,商务英语
evolution,ˌɛvəˈluʃən; (occas.) ˌ ivəˈluʃən,,n.演变， 进化， 发展,商务英语
peak,pik,,vi.达到高峰，达到最大值 a.最大值的， 高峰的； 最高的 n.山峰；顶点，顶峰,商务英语
expose,ɪk'spoz；ek-,,vt.使暴露， 曝光； 揭露,商务英语
concentrate,'kɑnsn'tret,,vi.全神贯注，全力以赴；集中，聚集 vt.集中，聚集；浓缩 n.浓缩物， 浓缩液,商务英语
room,rum,,n.房间， 室； 机会， 余地； 空间， 场所， 地盘,商务英语
up-to-date,'ʌptə 'det,,a.最近的， 最新的,商务英语
complaint,kəm'plent,,n.抱怨， 怨言； 投诉， 控告； 疾病,商务英语
service,'sɝvɪs,,n.服务；保养；公共设施，公用机构，政府部门；服务，劳务，业务；维修，保养 vt.维修， 保养； 向…提供服务,商务英语
analyst,'ænəlɪst,,n.分析家； 善于分析者； 心理分析学家,商务英语
personnel,",pɝsə'nɛl",,n.〔公司、组织或军队中的〕人员；员工，职员,商务英语
strategize,'strætidʒaiz,,v.制订战略； 制订行动计划,商务英语
foolproof,'fulpruf,,a.连傻子都懂的； 连笨蛋都会用的； 肯定成功的， 万无一失的,商务英语
magazine,'mæɡəzin,,n.杂志， 期刊； 弹药库， 弹夹,商务英语
placard,'plækɑrd,,n.布告,商务英语
downturn,'daʊntɝn,,n.低迷时期； 下降趋势,商务英语
irrelevant,ɪ'rɛləvənt,,a.无关的,商务英语
gadget,'gædʒɪt,,n.小玩意儿； 精巧的装置； 小巧的机械,商务英语
pile,paɪl,,v.堆叠， 堆积， 积累 n.堆，一堆，一叠,商务英语
averaging,'ævəridʒiŋ,,n.拉平价格； 为取得更高的平均价格而买进或卖出,商务英语
resentful,rɪ'zɛntfl,,a.愤慨的； 怨恨的， 愤恨的,商务英语
channel,'tʃænl,,n.频道 v.把〔钱、精力等〕导向〔特定目的〕；引导；把…用于,商务英语
state-of-the-art,",stet ɑv ðɪ 'ɑrt",,a.艺术级的,商务英语
hamper,'hæmpɚ,,vt.妨碍，束缚，限制 n.大篮子； 妨碍； 牵制,商务英语
part-time,",pɑrt'taɪm",,a.兼职的,商务英语
unpaid,",ʌn'ped",,a.未付款的； 无报酬的,商务英语
approach,ə'protʃ,,vt.靠近，接近；着手处理 n.靠近， 接近， 临近； 途径， 方式， 方法,商务英语
experiment,ɪk'sperɪmənt,,vi.做实验 n.试验，实验,商务英语
shopkeeper,'ʃɑp'kipɚ,,n.店主,商务英语
flop,flɑp,,n.失败,商务英语
e-mail,"'i,mel",,n.电子邮件,商务英语
reservation,",rɛzɚ'veʃən",,n.预订； 保留， 异议； 居留地,商务英语
per,pɚ,,prep.每， 每一； 按照,商务英语
flow,flo,,vi.流动；涌出；飘动 vt.淹没 n.水流， 气流； 流， 流动； 流量,商务英语
cooperation,"ko,ɑpə'reʃən",,n.合作， 协作,商务英语
wage,wedʒ,,n.工资，报酬 vt.开始， 进行,商务英语
order,'ɔrdɚ,,v.命令， 嘱咐； 定购， 定做； 叫； 整理， 安排 n.次序，顺序；整齐，有条理，正常状况；治安，秩序；命令，嘱咐；订购，订货；种类；汇票，汇单,商务英语
period,'pɪrɪəd,,n.一段时间， 时期， 时代； 学时， 课时； 周期， 期间； 句号， 句点,商务英语
musical,'mjuzɪkl,,a.音乐的；悦耳的；有音乐天赋的，有音乐才能的；爱好音乐的 n.音乐喜剧， 音乐片,商务英语
byte,baɪt,,n.字节,商务英语
distant,'dɪstənt,,a.在远处的， 久远的； 冷淡的， 疏远的,商务英语
loyalty,'lɔɪəlti,,n.忠诚； 忠心,商务英语
corporation,",kɔrpə'reʃən",,n.公司， 企业； 〈美〉有限公司,商务英语
bulb,bʌlb,,n.球状物， 球茎； 灯泡,商务英语
birth,bɝθ,,n.出生， 分娩； 出身， 血统； 起源， 开始； 出现,商务英语
dismiss,dɪs'mɪs,,v.解雇； 不再考虑， 不接受； 解散， 遣散； 驳回， 不受理； 不承认,商务英语
destine,'dɛstɪn,,v.指定； 命定， 注定,商务英语
computerization,kəmˌpjuːtərai'zeiʃən,,n.计算机化,商务英语
upbeat,'ʌpbit,,a.乐观的， 欢乐的 n.上升；向好的方向发展；兴旺，繁荣,商务英语
heaven,ˈhɛvən,,n.天堂，天国，极乐世界,商务英语
remit,'rimɪt,,v.汇款， 汇寄； 免除； 缓和， 减轻,商务英语
centralize,'sɛntrəlaɪz,,vi.集中于中央 vt.集聚，集中；施行中央集权,商务英语
million,'mɪljən,,"number.1,000,000 百万",商务英语
privatization,",praɪvətaɪ'zeʃən",,n.私有化,商务英语
analyze,"'ænə,laɪz",,vt.分析； 分解,商务英语
integration,'ɪntə'greʃən,,n.结合， 综合,商务英语
crazy,'krezi,,a.疯的； 疯狂的， 狂热的； 荒唐的， 古怪的,商务英语
foreseeable,fɔr'siəbl,,a.可预见的,商务英语
bulk,bʌlk,,vi.变得越来越大 n.物体，块，团；主体，绝大部分；体积，量，大批 vt.使成堆； 使聚成大量,商务英语
coach,kotʃ,,v.训练， 辅导， 指导 n.教练；客车车厢；长途公共汽车,商务英语
vacancy,'vekənsi,,n.空缺， 空位； 空额,商务英语
blackmail,'blækmel,,n&vt.敲诈， 勒索， 要挟， 讹诈,商务英语
circuit,'sɝkɪt,,n.电路， 线路； 环行， 环行道,商务英语
knockdown,"'nɑk,daʊn",,a.极低的,商务英语
piracy,'paɪrəsi,,n.海上抢劫， 海盗行为； 非法复制， 盗版行为,商务英语
save,sev,,vi.储蓄 prep.除…之外 vt.救助，搭救；储蓄，积攒；节约，节省，免去；保存,商务英语
booklet,'bʊklət,,n.小册子,商务英语
matter,'mætɚ,,vi.要紧， 有关系 n.事情，问题，情况；毛病，麻烦，困难；物品，物质,商务英语
mandatory,'mændətɔri,,a.强制性的； 指令性的,商务英语
scrap,skræp,,a.废弃的,商务英语
upscale,'ʌpskeil,,a.质优价高的； 高消费层的； 有地位的； 有声望的,商务英语
native,'netɪv,,a.出生地的；本土的，土产的；天赋的；当地的；与出生地有关的 n.土生土长者， 本地人， 本国人,商务英语
spin-off,"'spinɔ:f, -ɔf",,n.副产品； 让产易股， 资产分派,商务英语
peer,pɪr,,vi.仔细看， 费力地看 n.同龄人，同等地位的人；贵族,商务英语
extroversion,",ɛkstro'vɝʃən",,n.外向； 外倾,商务英语
have,həv;hæv,,v.有，存在；吃，喝，吸；进行，从事；经历，遭受；使，让；心存，怀有；雇用；邀请，接待；取得，收到，接受,商务英语
redundancy,rɪ'dʌndənsi,,n.裁员； 冗余,商务英语
debit,'dɛbɪt,,n.借方 vt.把…记入借方,商务英语
succession,sək'sɛʃən,,n.连续， 接续； 一连串， 一系列； 接替， 继任， 继承,商务英语
wastage,'westɪdʒ,,n.废物； 消耗； 商品损耗率； 人员浪费,商务英语
consequence,'kɑnsəkwɛns,,n.结果， 后果； 重要， 重大,商务英语
linear,'lɪnɪɚ,,a.线的， 直线的； 长度的； 线性的,商务英语
end-user,'3ndˌjʊːzə,,n.最终用户,商务英语
question,'kwɛstʃən,,n.问题；议题；待解决的问题，需讨论的问题；难题；疑问，不确定 vt.询问， 审问； 怀疑， 对…表示疑问,商务英语
dominant,'dɑmɪnənt,,a.领导地位的； 占优势的， 支配的， 统治的； 居高临下的， 高耸的,商务英语
devalue,",di'vælju",,v.贬值,商务英语
globalization,ˌgləubəlai'zeiʃən,,n.全球化,商务英语
quay,ki,,n.装卸码头,商务英语
reclaim,rɪ'klem,,n&v.回收； 开垦， 改造； 要回， 挽回； 改正， 悔改,商务英语
cheap,tʃip,,a.便宜的， 廉价的； 低劣的， 劣质的； 卑鄙的， 低级的,商务英语
produce,prəˈdus;(for n.)ˈprɒdus; prɑdus,,n.产品，农产品 vt.生产， 制造， 产生； 引起， 招致； 上演， 上映,商务英语
verge,vɝdʒ,,vi.接近， 濒临 n.边，边缘,商务英语
cheat,tʃit,,vi.行骗；作弊 vt.欺骗，诈取 n.欺骗， 欺骗行为； 骗子,商务英语
writ,rɪt,,n.令状； 传票； 公文,商务英语
framework,'fremwɝk,,n.构架， 框架； 参照标准， 准则； 构成方式， 体系,商务英语
overqualified,",ovɚ'kwɔlɪfaɪd",,a.资历过高的,商务英语
telesales,'teliseilz,,n.电话销售,商务英语
constraint,kən'strent,,n.约束， 限制,商务英语
freehold,'frihold,,n.享有全权的或可终身保有的不动产,商务英语
infect,ɪn'fɛkt,,vt.传染， 感染； 影响， 使受影响,商务英语
franchise,'fræntʃaɪz,,vt.赋予特权；给予特许权 n.特许经营权； 特许总代理权； 公民权， 选举权,商务英语
capital,'kæpɪtl,,a.大写的； 可处死刑的 n.首都，首府；资本，资金；大写字母,商务英语
arrears,ə'rɪrz,,n.到期未付账， 欠款； 待完成的事,商务英语
kudos,'kudɑs,,n.名望， 荣誉， 声誉,商务英语
almost,'ɔlmost,,ad.几乎， 差不多,商务英语
hostile,ˈhɑstl,,a.敌对的， 怀敌意的， 不友善的； 敌方的,商务英语
fuel,'fjuəl,,v.…加燃料， 给…加油； 刺激， 激起 n.燃料；养料,商务英语
manner,'mænɚ,,n.方式，方法,商务英语
employee,ɪmˈplɔɪi;ɛmplɔɪˈi,,n.受雇者， 雇员,商务英语
lab,læb,,n.实验室,商务英语
harmful,'hɑrmfəl,,a.有害的,商务英语
associate,ə'soʃɪet,,vi.结交 a.副的 vt.把…联系在一起；使联合，使有联系 n.伙伴；同事，合伙人；大专毕业证书,商务英语
automation,",ɔtə'meʃən",,n.自动化， 自动操作,商务英语
ambitious,æm'bɪʃəs,,a.有雄心的， 有抱负的； 热望的； 有野心的,商务英语
judgment,'dʒʌdʒmənt,,n.判断； 审判， 判决； 评价， 意见,商务英语
function,'fʌŋkʃən,,n.〔事物的〕功能；作用；〔某人的〕职责 v.起作用，正常运转,商务英语
defective,dɪ'fɛktɪv,,a.有缺陷的,商务英语
raise,rez,,v.增加； 获得； 提出； 举起， 提升； 筹集， 征集； 唤起， 引起； 养育； 种植 n.涨薪水；增加,商务英语
employer,ɪm'plɔɪɚ,,n.雇主,商务英语
floatation,flo'teʃən,,n.以公开发行股票的方式开办公司； 发行， 发售,商务英语
stationery,'steʃənɛri,,n.文具， 信纸； 办公用品,商务英语
mineral,'mɪnərəl,,a.矿物的， 矿质的 n.矿物，矿石,商务英语
stock,stɑk,,a.常用的， 常备的,商务英语
representative,'rɛprɪ'zɛntətɪv,,a.有代表性的， 典型的 n.销售代表；代表，代理人,商务英语
point-of-sale,",pɔintəv'seil",,a.销售点的,商务英语
traffic,'træfɪk,,v.买卖 n.流动的车辆及行人，交通；交易,商务英语
counting,'kaʊntɪŋ,,n.计数， 计算,商务英语
beneath,bɪˈniːθ,,ad.在底下； 在下方 prep.在…之下；在…下面；劣于，比不上；在…掩盖下；不值得，不配；在…支配下，在…影响下,商务英语
comparison,kəm'pærɪsn,,n.比较， 对照； 比喻,商务英语
including,ɪn'klʊdɪŋ,,prep.包括,商务英语
law,lɔ,,n.法律(体系),商务英语
franchiser,'fræntʃaɪzɚ,,n.特许； 经营授予人,商务英语
void,vɔɪd,,a.无效的 n.空虚， 寂寞,商务英语
swap,swɑp,,v.调换， 互换； 兑换 n.交换,商务英语
ritual,'rɪtʃuəl,,a.作为仪式一部分的； 例行公事的 n.典礼，仪式；例行公事，老规矩,商务英语
lay,le,,v.放置， 放下； 覆盖， 铺， 砌； 设置， 安置， 布置； 下， 产卵， 生蛋； 使处于； 提出， 主张,商务英语
dispense,dɪ'spɛns,,vt.分配， 分发； 配， 发,商务英语
liability,'laɪə'bɪləti,,n.〔尤指法律上对还款、赔偿等的〕责任，义务,商务英语
licensor,'laisənsə,,n.许可者， 认可者,商务英语
revert,rɪ'vɝt,,v.恢复,商务英语
plenty,'plɛnti,,ad.足够地， 充分地； 很多， 非常 a.充裕的，充分的，足够的 n.许多，大量；充足，充分，丰富；繁荣,商务英语
adventure,əd'vɛntʃɚ,,n.异乎寻常的经历， 奇遇； 冒险， 冒险活动； 投机买卖,商务英语
annul,ə'nʌl,,vt.废除， 取消,商务英语
bookkeeping,"'bʊk,kipɪŋ",,n.簿记， 记账,商务英语
condition,kən'dɪʃən,,v.〔通过影响或训练〕使习惯于，使适应,商务英语
improve,ɪm'pruv,,vi.改善， 变得更好 vt.改进，改善,商务英语
obligation,",ɑblɪ'ɡeʃən",,n.义务， 责任,商务英语
rarely,'rɛrli,,ad.稀少地， 很少地， 难得地， 不常,商务英语
cartel,kɑr'tɛl,,n.卡特尔； 联合企业,商务英语
basic,'besɪk,,a.基础的，基本的，根本的,商务英语
taxation,tæk'seʃən,,n.税收,商务英语
absolve,əb'zɑlv,,vt.豁免； 免除； 解除责任,商务英语
forthcoming,",fɔrθ'kʌmɪŋ",,a.即将发生的,商务英语
franchisee,",fræntʃaɪ'zi",,n.特许经营人,商务英语
lavatory,'lævətɔri,,n.厕所， 盥洗室,商务英语
bush,buʃ,,n.灌木， 矮树丛； 未开垦的荒地， 荒野； 酒店,商务英语
cause,kɔz,,vt.造成，引起；使得；使遭受，给…带来 n.原因； 事业； 奋斗目标,商务英语
technique,tɛk'nik,,n.技术， 技能； 技巧， 手艺,商务英语
effective,ɪ'fɛktɪv,,a.有效的； 起作用的； 给人印象深刻的； 实际的， 事实上的,商务英语
debtor,'dɛtɚ,,n.债务人； 借方,商务英语
convey,kən've,,vt.表达， 传达； 传递； 运送， 输送； 转让,商务英语
design,dɪ'zaɪn,,vt.设计；计划；预定，指定 n.图纸； 设计， 构思； 图案； 企图， 图谋,商务英语
extra,'ɛkstrə,,ad.特别地 a.额外的，外加的 n.额外的事物； 另外的收费,商务英语
land,lænd,,v.靠岸， 登陆， 着陆 n.陆地，地面；田地，土地；国家，国土,商务英语
working,'wɝkɪŋ,,a.实用的； 工作的； 有职业,商务英语
coincidence,ko'ɪnsɪdəns,,n.巧合， 巧事； 同时发生； 一致， 符合,商务英语
redeem,rɪ'dim,,vt.兑现； 还清； 弥补， 补偿， 抵消； 解救， 救赎； 使免咎， 挽回声誉； 履行， 遵守； 将兑取现金； 赎回,商务英语
bust,bʌst,,vi.爆裂，坏掉；破产 vt.打破，打碎；使破产 n.胸像， 半身像； 胸部， 胸围； 破产； 爆裂,商务英语
detrimental,",dɛtrɪ'mɛntl",,a.损害的，有害的，不利的，伤害的 n.有害的人,商务英语
remuneration,"rɪ,mjunə'reʃən",,n.报酬； 赔偿金,商务英语
department,dɪ'pɑrtmənt,,n.部， 部门； 系,商务英语
direction,dəˈrɛkʃən; (also) daɪˈrɛkʃən,,n.方向,商务英语
exhibition,ˌɛksəˈbɪʃən,,n.展览,商务英语
follower,'fɑloɚ,,n.市场追随者,商务英语
penetration,",pɛnɪ'treʃən",,n.进入， 穿过， 渗透； 洞察力， 领悟力,商务英语
chief,tʃif,,a.主要的， 首要的； 主任的， 首席的， 为首的 n.首领，领袖；酋长，族长,商务英语
countryside,'kʌntrɪsaɪd,,n.农村， 乡下,商务英语
compensatory,"kəm'pɛnsə,tori",,a.补偿用的； 有偿还作用的,商务英语
dictaphone,'diktəfəun,,n.录音电话机,商务英语
automatic,'ɔtə'mætɪk,,a.自动的；机械的，无意识的；必然的，自然的 n.自动手枪； 有自动装置的汽车,商务英语
entrepreneurial,",ɑntrəprə'njʊrɪəl",,a.企业家的,商务英语
doubtful,'daʊtfəl,,a.疑惑的， 怀疑的； 令人生疑的； 难以预测的,商务英语
inspector,ɪn'spɛktɚ,,n.巡视员； 检查员， 视察员,商务英语
opening,'opənɪŋ,,a.开的， 开始的 n.口子，洞，孔，通道；开始，开端，最初；空地；空缺，空职位,商务英语
despite,dɪ'spaɪt,,prep.不管， 尽管,商务英语
assimilation,əˌsɪməˈleʃən,,n.同化； 吸收,商务英语
dexterity,dɛk'stɛrəti,,n.纯熟， 灵巧,商务英语
merchandise,'mɝtʃəndaɪs,,n.商品； 货物,商务英语
industrial,ɪn'dʌstrɪəl,,a.工业的， 产业的,商务英语
obey,ə'be,,v.服从， 听从， 遵守,商务英语
conduct,kən'dʌkt,,vt.进行， 管理， 操控； 指挥， 引导； 输送， 传导； 表现 n.举止， 行为； 管理， 实施,商务英语
inflate,ɪn'flet,,vt.使充气； 使膨胀； 使得意， 使骄傲； 抬高； 使膨胀,商务英语
fiduciary,"fɪ'djʊʃɪ,ɛri",,a.信托的 n.受托人,商务英语
stable,'stebl,,a.稳定的，不变的，稳固的；沉稳的，持重的 n.厩， 马厩， 牛棚,商务英语
quantitative,'kwɑntətetɪv,,a.数量的； 定量的,商务英语
remission,rɪ'mɪʃən,,n.豁免， 免除； 缓和； 宽恕,商务英语
distributorship,"di'stribjutə,ʃip",,n.经销,商务英语
equilibrium,",ikwɪ'lɪbrɪəm",,n.平衡， 均衡； 均势； 平静,商务英语
respond,rɪ'spɑnd,,vi.反应，响应；回答，作答，答复 vt.以…回答,商务英语
maintenance,'mentənəns,,n.维修， 保养； 抚养费； 维持， 保持,商务英语
perishables,'pɛrɪʃəblz,,n.易腐食品,商务英语
lame,lem,,a.跛的，瘸的；残废的；站不住脚的，无说服力的；差劲的，蹩脚的 v.变跛， 成残废,商务英语
tug,tʌɡ,,v.用力拖 n.拖船； 猛拉， 牵引,商务英语
marry,'mæri,,vi.结婚， 结合 vt.同…结婚，娶，嫁；为…证婚，为…主持婚礼；把…嫁出，为…娶亲,商务英语
underinsured,",ʌndərɪn'ʃʊrd",,a.保险不足的,商务英语
advertising,'ædvɚ'taɪzɪŋ,,n.广告业； 登广告； 做广告,商务英语
absorb,æbˈsɔrb; æbˈzɔrb; əbˈsɔrb,,v.兼并； 担负； 吸收； 吸引…的注意； 把…并入,商务英语
supply,sə'plaɪ,,n.供应量，供给量 v.供应，供给，提供〔所需物品〕,商务英语
Eurocurrency,'juərəuˌkʌrənsi,,n.欧洲货币,商务英语
creditworthiness,'kreditˌwəːðinis,,n.信誉卓著； 支付能力； 偿付能力； 偿清能力； 信贷价值,商务英语
sourcing,'sɔ:siŋ,,n.采购,商务英语
theocracy,θɪ'ɑkrəsi,,n.神权政治； 僧侣政治,商务英语
concern,kən'sɝn,,n.关切的事，有关的事；关心，担心；关系，关联；公司，企业 vt.涉及， 有关； 使关心， 使担心,商务英语
revamp,",ri'væmp",,vt.重组； 修订， 修改,商务英语
fracture,'fræktʃɚ,,v.断裂，折断 n.裂缝， 裂痕， 折断,商务英语
merge,mɝdʒ,,v.兼并； 结合， 合并， 合为一体； 联合,商务英语
liable,'laɪəbl,,a.可能的， 大概的； 有责任的， 有义务的； 易于…的， 有…倾向的,商务英语
p.a.,,,abbr.每年（Per Annum）；私人助理（Private Assistant）,商务英语
codetermination,",kodɪ,tɝmɪ'neʃən",,n.共同决策制； 职工参与决策,商务英语
let,lɛt,,vt.允许； 让； 假设； 出租,商务英语
press,prɛs,,v.压， 按， 挤； 压榨， 压迫； 催促， 逼迫 n.报刊，报界，新闻界，新闻媒介；出版社，通讯社；印刷机；压，按，挤,商务英语
cargo,'kɑrɡo,,n.货物,商务英语
apprentice,ə'prɛntɪs,,n.学徒， 徒弟； 初学者； 实习生,商务英语
element,'ɛləmənt,,n.基本部分；要素,商务英语
confidential,",kɑnfɪ'dɛnʃl",,a.秘密的， 机密的； 信任的； 亲密的； 担任机密工作的,商务英语
undue,",ʌn'du",,a.不适当的； 未到期的,商务英语
anthropology,'ænθrə'pɑlədʒi,,n.人类学,商务英语
inefficiency,ɪnə'fɪʃənsi,,n.无效率； 无能,商务英语
mankind,mæn'kaɪnd,,n.人类,商务英语
abundant,ə'bʌndənt,,a.丰富的， 充裕的； 大量的,商务英语
pace,pes,,v.踱步， 用步子测量 n.一步，步幅，步伐；步速，速度；节奏,商务英语
probable,'prɑbəbl,,a.很可能的， 有可能是真实的； 有希望的； 可信的,商务英语
own-brand,'əun'brænd,,a.使用自己品牌的,商务英语
opposite,ˈɑpəzɪt; ˈɑpəsɪt,,prep.在…的对面 a.对立的，截然相反的，完全不同的 n.相反的人[事物]，对立物 ad.在对面,商务英语
forecast,'fɔrkæst,,n&vt.预测， 预报， 预示,商务英语
deteriorate,dɪ'tɪrɪəret,,v.恶化， 变坏,商务英语
recognize,ˈrɛkəɡˌnaɪz,,vt.承认， 认可； 认出， 识别,商务英语
warehouse,'wɛrhaʊs,,n.仓库， 货栈,商务英语
processor,'prɑsɛsɚ,,n.加工业者； 处理器,商务英语
debasement,di'beismənt,,n.降低； 贬值,商务英语
input,'ɪn'pʊt,,n.输入；投入；输入物，输入的数据 vt.把…输入计算机,商务英语
untapped,",ʌn'tæpt",,a.未开发利用的,商务英语
abnormal,æbˈnɔːrml,,a.反常的， 异常的； 变态的； 不规则的,商务英语
decision-making,dɪ'sɪʒən mekɪŋ,,n.决策； 拍板,商务英语
wane,wen,,n&v.减少， 衰退； 亏,商务英语
reality,rɪ'æləti,,n.现实， 实际； 真实， 逼真,商务英语
difference,'dɪfrəns,,n.差异， 差别； 差额； 不和， 分歧,商务英语
creditor,'krɛdɪtɚ,,n.债权人， 贷方,商务英语
infringe,ɪn'frɪndʒ,,v.违反； 侵犯， 侵害,商务英语
memorandum,",mɛmə'rændəm",,n.备忘录， 便笺,商务英语
resign,rɪ'zaɪn,,v.辞职； 放弃； 使顺从,商务英语
sweeping,'swipɪŋ,,a.一扫而去的； 清扫的； 全面的， 广阔的； 决定性的,商务英语
mailshot,'melʃɑt,,n.邮寄广告单,商务英语
diligent,'dɪlɪdʒənt,,a.勤奋的， 用功的， 勤勉的,商务英语
entertainment,ˌɛntɚ'tenmənt,,n.娱乐， 文娱节目， 表演会； 招待， 款待， 请客,商务英语
jurisdiction,",dʒʊrɪs'dɪkʃən",,n.权限； 司法权， 审判权， 裁判权,商务英语
rapport,ræ'pɔr,,n.和睦， 融洽,商务英语
take-up,'teikʌp,,n.拉紧， 收缩； 拿起， 举起,商务英语
availability,"ə,velə'bɪləti",,n.获得或利用的可能性， 有效性,商务英语
scrutiny,'skrutəni,,n.详细检查， 仔细观察,商务英语
prize,praɪz,,a.第一流的，了不起的 n.奖赏，奖金，奖品；值得追求的东西 vt.珍惜， 珍藏； 给…很高的评价,商务英语
accident,'æksədənt,,n.意外事件， 事故； 意外因素,商务英语
marine,mə'rin,,a.海的， 海生的， 海产的； 海军的； 海事的， 海运的 n.海军陆战队士兵,商务英语
moment,'momənt,,n.片刻， 瞬间； 时刻； 重要的时刻； 机会， 时机,商务英语
promote,prə'mot,,vt.提升， 提拔， 晋升； 促进， 增进； 发扬； 发起， 创办； 促销， 宣传， 推销,商务英语
instinctive,ɪn'stɪŋktɪv,,a.本能的， 直觉的,商务英语
routine,rʊ'tin,,a.例行的， 常规的 n.例行公事，惯例，惯常的程序,商务英语
excuse,ɪkˈskjus; ɪkˈskjuz,,vt.原谅，宽恕；免除责任；为…辩解，作为开脱…的理由 n.借口； 辩解,商务英语
scenario,sə'nærɪo,,n.情节， 剧本； 方案,商务英语
attack,ə'tæk,,n&v.攻击， 袭击； 发作,商务英语
tariff,'tærɪf,,n.关税， 税率； 价目表， 收费表,商务英语
e-commerce,ˈiːˌkɒmɜːs,,n.电子商务,商务英语
currency,ˈkɜrənsi,,n.通货， 货币； 通行， 流行,商务英语
distribute,dɪ'strɪbjut,,vt.分发， 分送； 分销； 使分布， 散布,商务英语
attach,ə'tætʃ,,vt.系， 贴， 连接； 附加； 使依恋， 使喜爱； 认为有； 使附属,商务英语
graphic,'græfɪk,,a.〔叙述或描写〕清楚详细的，细致的〔尤指包含令人不愉快的细节〕,商务英语
depreciation,"dɪ,priʃɪ'eʃən",,n.折旧； 贬值,商务英语
retention,rɪ'tɛnʃən,,n.保留， 保持,商务英语
situation,ˌsɪtʃʊˈeʃən,,n.形势， 环境， 状况； 位置， 地点； 职位； 职务,商务英语
validate,'vælɪdet,,vt.使生效， 使合法化,商务英语
latest,'letɪst,,a.最近的， 最新的,商务英语
legislation,",lɛdʒɪs'leʃən",,n.法律， 法规； 立法， 法律的制定,商务英语
actuals,'æktʃuəlz,,n.现货， 实货,商务英语
receive,rɪ'siv,,vt.收到， 接到， 领到； 接受， 得到； 接待， 接见， 欢迎； 遭受， 受到， 遭到,商务英语
participate,pɑr'tɪsə'pet,,v.参与， 参加,商务英语
ingredient,ɪn'ɡridɪənt,,n.组成部分， 成分； 原料； 要素， 因素,商务英语
consolidate,kən'sɑlɪdet,,v.巩固， 加强； 联为一体， 合并,商务英语
surplus,'sɝpləs,,a.过剩的， 多余的 n.过剩，剩余，盈余,商务英语
correspondence,",kɔrə'spɑndəns",,n.信件， 函件； 通信， 通信联系； 符合， 一致； 相似,商务英语
deflation,dɪ'fleʃən,,n.通货紧缩,商务英语
refresh,ri'frɛʃ,,vt.使清新； 使恢复精力， 使振作精神， 使恢复活力； 重新振作,商务英语
lottery,'lɑtəri,,n.碰运气的事； 彩票， 抽彩给奖法,商务英语
withdrawal,wɪð'drɔəl,,n.取回， 提款； 撤退， 撤军； 收回， 撤回， 撤销,商务英语
declaration,",dɛklə'reʃən",,n.宣布， 宣告； 宣言， 声明； 申报,商务英语
diagram,'daɪəɡræm,,vt.图解 n.图解， 简图， 图表,商务英语
disparate,'dɪspərət,,a.毫不相干的； 迥然不同的,商务英语
marketing,'mɑrkɪtɪŋ,,n.行销； 在市场上买卖； 买东西,商务英语
clientele,'klaɪən'tɛl,,n.〔定期光顾某商店、餐馆等的所有〕顾客，主顾,商务英语
realise,"'riəlaiz, 'ri:-",,vt.认识到， 了解； 实现,商务英语
speech,spitʃ,,n.说话， 讲话， 演说； 言语， 言论； 说话方式,商务英语
clap,klæp,,v.拍，拍手；匆忙处理；迅速移动；带进；投入 n.拍手， 鼓掌； 轻拍声， 掌声； 霹雳声； 轰隆声,商务英语
quit,kwɪt,,vt.停止， 放弃； 离开， 辞,商务英语
prosperous,'prɑspərəs,,a.繁荣的， 兴旺的,商务英语
economical,",ɛkə'nɑmɪkl",,a.节约的， 省俭的； 经济的； 简练的； 经济学的,商务英语
chart,tʃɑrt,,n.图，图表；航海图 vt.用图表表示， 在图上表示,商务英语
pseudo-academic,'sjuːdəuˌækə'demik,,a.伪学术的,商务英语
insurance,ɪn'ʃʊrəns,,n.保险； 保险费； 保险单； 保险业,商务英语
till,tɪl,,prep&conj.直到 n.钱柜； 电动现金出纳机； 备用现金； 放钱处,商务英语
attend,ə'tɛnd,,vi.注意， 倾听； 侍奉， 伴随； 专心于 vt.参加，上；照顾，关心,商务英语
consortium,kənˈsɔrʃiəm,,n.财团； 国际性协议； 合伙， 联合,商务英语
goods,ɡʊdz,,n.商品， 货物,商务英语
source,sɔrs,,n.源， 发源地； 来源， 出处,商务英语
tilt,tɪlt,,n&v.倾斜， 倾侧,商务英语
secure,sə'kjʊr,,a.安全的；牢固的；无忧虑的 vt.得到， 获得； 使安全， 保卫； 缚牢,商务英语
align,ə'laɪn,,v.排成一条直线； 与…结盟； 与…一致,商务英语
participant,pɑr'tɪsəpənt,,n.参加者， 参与者,商务英语
frill,frɪl,,n.无用的装饰,商务英语
domestic,də'mɛstɪk,,a.本国的， 国内的； 家的， 家用的； 驯养的,商务英语
initiate,ɪ'nɪʃɪet,,v.开办； 开始， 发起； 使初步了解； 接纳， 让…加入 n.新入会的人,商务英语
budgetary,'bʌdʒɪtɛri,,a.预算的,商务英语
outsource,'aʊtsɔrs,,v.外部采办， 外购； 外包,商务英语
late,let,,ad.迟， 晚 a.迟的，晚的；晚期的，末期的；最近的，新近的；已故的；以前的,商务英语
compile,kəm'paɪl,,vt.汇编， 编制； 编纂； 收集,商务英语
vitality,vaɪ'tæləti,,n.生命力， 活力,商务英语
immense,ɪ'mɛns,,a.广大的， 巨大的,商务英语
stability,stə'bɪləti,,n.稳定， 稳固， 稳定性,商务英语
budget,'bʌdʒɪt,,vi.编预算，作安排 a.低廉的， 收费公道的 n.预算，预算拨款 vt.规划，安排,商务英语
realize,ˈriəˌlaɪz,,vt.认识到， 了解； 实现,商务英语
actual,'æktʃuəl,,a.实际的， 事实上的； 真实的,商务英语
accountable,ə'kaʊntəbl,,a.负责的,商务英语
tension,'tɛnʃən,,n.紧张， 紧张状态； 拉紧， 绷紧； 张力， 拉力,商务英语
definite,'dɛfɪnət,,a.明确的； 肯定的， 一定的,商务英语
last,læst,,ad.上一次；最后 vi.持续， 维持 a.最近的，刚过去的；最后的，最后剩下的；最不可能的，最不适当的；最终的，结论性的,商务英语
pastime,'pæstaɪm,,n.消遣， 娱乐,商务英语
oversubscribe,'ovɚsəb'skraɪbd,,vt.超额认购,商务英语
adapt,ə'dæpt,,v.适应,商务英语
prosecute,'prɑsɪ'kjʊt,,vi.起诉， 告发 vt.对…提起公诉，告发，检举；继续从事,商务英语
batch,bætʃ,,n.一批， 一组， 一群； 一批生产量,商务英语
weight,wet,,n.重量；砝码；重压；重要性，价值；权，权数 vt.加重量于,商务英语
doubt,daʊt,,n.疑惑，疑问；怀疑 vt.怀疑， 不相信,商务英语
cheerful,'tʃɪrfl,,a.高兴的， 使人感到愉快的,商务英语
verbal,'vɝbl,,a.口头的； 用言辞的， 用文字的； 动词的,商务英语
merit,'mɛrɪt,,n.长处，优点；价值；功绩，功劳 vt.值得， 应受,商务英语
solicitor,sə'lɪsɪtɚ,,n.初级律师， 事务律师,商务英语
develop,dɪ'vɛləp,,v.发达， 发展； 开发， 研制； 显影； 发育， 生长， 进化,商务英语
misunderstand,",mɪsʌndɚ'stænd",,vt.误解， 误会， 曲解,商务英语
guilty,'ɡɪlti,,a.有罪的； 内疚的,商务英语
measure,'mɛʒɚ,,vi.有…长,商务英语
crossroads,'krɔsrodz,,n.十字路口,商务英语
district,'dɪstrɪkt,,n.区， 地区， 行政区,商务英语
statutory,stætʃʊˌtɔrɪ,,a.法定的， 法规的， 依照法令的,商务英语
overall,",ovə'rɔl",,ad.总的来说 a.从头到尾的；总的，包括一切的，全面的 n.宽大罩衫；,商务英语
receipt,rɪ'sit,,n.收据，收条,商务英语
foodstuff,'fudstʌf,,n.食品； 粮食,商务英语
basement,'besmənt,,n.地下室， 地窖； 底座， 底部,商务英语
bailment,'belmənt,,n.委托， 寄托,商务英语
memory,'mɛməri,,n.记忆， 记忆力； 回忆； 纪念； 储存,商务英语
warrantee,",wɔrən'ti",,n.被保证人,商务英语
impossible,ɪm'pɑsəbl,,a.不可能的， 办不到的； 难以忍受的； 很难对付的,商务英语
effort,'ɛfɚt,,n.努力， 尽力； 努力的成果， 成就,商务英语
house,haʊs,,n.议院 v.让…居住，给…提供住房,商务英语
agriculture,'æɡrɪkʌltʃɚ,,n.农业， 农学,商务英语
weapon,'wɛpən,,n.武器， 兵器,商务英语
prudent,'prʊdnt,,a.审慎的， 小心谨慎的,商务英语
counterfoil,'kaʊntɚfɔɪl,,n.票据， 存根,商务英语
wreckage,'rɛkɪdʒ,,n.残骸； 遭难,商务英语
steady,'stɛdi,,a.稳的，平稳的；稳定的，持续的；稳重的，坚定的；稳固的 v.平稳， 稳定,商务英语
enclose,ɪn'kloz,,vt.围住， 包住； 把…装入信封， 附上,商务英语
enhance,ɪn'hæns,,vt.提高， 增加， 加强,商务英语
evaluator,i'væljueitə,,n.估价者； 评价者,商务英语
harvest,'hɑrvɪst,,v.收割； 收获 n.收获，收割，收成,商务英语
yen,jɛn,,n.日元,商务英语
disease,dɪ'ziz,,n.疾病； 不健全， 弊端,商务英语
start,stɑrt,,vi.开始，着手；起身，动身，出发；吃惊，惊起 vt.开始，着手；发动；使发生，引起；开设，创办 n.开始， 开端， 起点； 出发， 动身； 吃惊， 惊起， 惊跳,商务英语
purchase,'pɝtʃəs,,n.购买；购买的物品 vt.买， 购买,商务英语
volatile,'vɑlətl,,a.不稳定的； 反复无常的； 挥发性的,商务英语
transshipment,træns'ʃɪpmənt,,n.转运,商务英语
technician,tɛk'nɪʃən,,n.技术员， 技师,商务英语
footnote,'fʊt'not,,n.脚注,商务英语
disposable,dɪ'spozəbl,,a.可任意使用的； 税后的； 用后即丢弃的,商务英语
endorse,ɪn'dɔrs,,vt.背书； 赞同； 认可,商务英语
manage,'mænɪdʒ,,vi.处理， 设法对付 vt.管理，经营，处理；设法做到；控制，驾驭,商务英语
equal,'ikwəl,,a.相等的，同样的；匹敌的，不相上下的；胜任的，有能力的 v.等于，相等；比得上，与…相等 n.同等的人； 匹敌者,商务英语
alike,ə'laɪk,,ad.一样地， 相似地； 同样程度地 a.相似的，相像的；同样的,商务英语
genius,'dʒinjəs,,n.天才； 天赋,商务英语
fund,fʌnd,,n.基金；专款 v.为〔活动、组织、事件等〕提供资金，资助,商务英语
infrastructure,'ɪnfrə'strʌktʃɚ,,n.基础结构， 基础设施,商务英语
recipient,rɪ'sɪpɪənt,,n.接受者， 接收者,商务英语
typical,'tɪpɪkl,,a.典型的， 有代表性的； 特有的， 独特的,商务英语
embargo,ɪm'bɑrɡo,,n.禁止贸易令，禁运 vt.禁止， 禁止出入港口,商务英语
quotation,kwo'teʃən,,n.引用， 引证； 引文， 引语， 语录； 商业行情； 估价； 报价， 牌价， 行情， 报价单， 股票牌价,商务英语
finance,'faɪnæns,,n.财政；金融 v.为…提供资金,商务英语
incur,ɪn'kɝ,,vt.招致， 引起； 遭受,商务英语
rewarding,rɪ'wɔrdɪŋ,,a.有报酬的； 值得做的,商务英语
regulate,'rɛɡjulet,,vt.管理， 控制； 调整， 调节； 使规则化， 使条理化,商务英语
interactive,",ɪntɚ'æktɪv",,a.互动式的,商务英语
scapegoat,'skepɡot,,n.替罪羊， 代人受过的人,商务英语
required,rɪ'kwaɪrd,,a.必需的,商务英语
freebie,'friːbi,,n.赠品， 免费物,商务英语
payable,'peəbl,,a.可付的； 应付的,商务英语
recruitment,rɪ'krʊtmənt,,n.招收,商务英语
premise,ˈpremɪs,,n.前提,商务英语
payment,'pemənt,,n.支付， 付款； 支付的款项,商务英语
enter,'ɛntɚ,,vi.进入， 进去 vt.进入；参加；登记，登录；把…编入；开始从事,商务英语
savings,'sevɪŋz,,n.积蓄， 存款,商务英语
tram,træm,,n.有轨电车,商务英语
lonely,'lonli,,a.孤独的， 寂寞的； 荒凉的， 人迹稀少的,商务英语
deprive,dɪ'praɪv,,vt.剥夺， 使丧失,商务英语
tenant,'tɛnənt,,n.房客， 佃户,商务英语
gallery,'gæləri,,n.画廊， 美术馆； 楼座； 长廊， 走廊,商务英语
hardware,'hɑrdwɛr,,n.〔计算机〕硬件,商务英语
plaintiff,'plentɪf,,n.起诉人， 原告,商务英语
deputy,'dɛpjuti,,a.代理的； 副的 n.代理人，代表；副手,商务英语
taxable,'tæksəbl,,a.应征税的,商务英语
dossier,do'sjɛi,,n.档案； 卷宗,商务英语
destroy,dɪ'strɔɪ,,vt.毁坏， 毁灭； 消灭,商务英语
heritage,'hɛrɪtɪdʒ,,n.遗产， 继承物,商务英语
ambulance,'æmbjələns,,n.救护车； 野战医院,商务英语
extraction,ɪk'strækʃən,,n.抽出， 取出； 提取； 血统,商务英语
lessor,lɛ'sɔr,,n.出租人,商务英语
jobbing,'dʒɑbɪŋ,,a.做零活的,商务英语
priority,praɪ'ɔrəti,,n.优先； 重点； 优先考虑的事,商务英语
Euro,'juərəu,,n.欧元,商务英语
junior,'dʒunɪɚ,,a.年少的，较年幼的；资历较浅的，地位较低的 n.年少者； 地位较低者， 晚辈； 三年级学生,商务英语
judicial,dʒʊ'dɪʃəl,,a.审判的， 司法的； 公正的， 明断的； 法庭的， 法官的,商务英语
provide,prə'vaɪd,,vt.提供， 供给； 规定,商务英语
allocate,'æləket,,vt.分配， 分派， 把…拨给,商务英语
latent,'letnt,,a.潜在的， 隐伏的， 不易察觉的,商务英语
deregulate,",di'rɛɡjulet",,vt.撤销管制,商务英语
niche,niʃ,,n.合适的位置； 壁龛； 专门市场； 利基市场,商务英语
consultation,",kɑnsl'teʃən",,n.磋商， 商议,商务英语
valuable,ˈvæljuəbəl; ˈvæljə-,,a.值钱的，贵重的,商务英语
pirate,'paɪrət,,n.非法盗印者，侵犯版权者；海盗 vt.盗用， 盗版， 非法盗印,商务英语
enterprise,'ɛntɚ'praɪz,,n.事业； 事业心， 进取心； 企业， 公司,商务英语
bright,braɪt,,a.明亮的； 晴朗的； 欢快的， 兴高采烈的； 聪明的； 鲜艳的,商务英语
emigrate,'ɛmɪɡret,,v.移居外国， 移民,商务英语
lot,lɑt,,n.许多， 大量； 抽签， 签； 命运， 运气； 一块地， 场地,商务英语
tourist,'tʊrɪst,,n.旅游者， 观光者,商务英语
competence,'kɑmpɪtəns,,n.能力； 胜任， 称职,商务英语
rebound,rɪ'baʊnd,,v.回升； 弹回， 跳回 n.复兴； 振作,商务英语
fundraising,"'fʌnd,rezɪŋ",,n.资金筹集； 募捐,商务英语
wholesale,'holsel,,n.批发，趸售 a.批发的，整批卖的,商务英语
premium,'primɪəm,,a.高级的， 优质的； 售价高的 n.保险金；额外费用，加付款；奖品，赠品，额外津贴,商务英语
consult,kən'sʌlt,,vi.交换意见， 商议； 当顾问 vt.请教，找…商量；咨询；查阅，查看,商务英语
smash,smæʃ,,v.粉碎，打烂；猛撞，猛击；破产，瓦解 n.破碎； 猛击， 猛撞,商务英语
fixable,'fiksəbl,,a.可固定的； 可确定的,商务英语
ledger,'lɛdʒɚ,,n.分类账； 分账户,商务英语
wealth,wɛlθ,,n.财富， 财产； 丰富， 大量； 资源,商务英语
means,minz,,n.手段， 方法， 工具； 金钱； 财产， 收入,商务英语
chain,tʃen,,n.链子，链条 v.〔尤指为防逃跑或被盗而用链条〕拴住，束缚,商务英语
efficient,ɪ'fɪʃnt,,a.效率高的； 有能力的； 有效的； 生效的,商务英语
initial,ɪ'nɪʃəl,,a.开始的，最初的 n.名字的首字母 v.在〔文件〕上签上姓名的首字母〔使其成为正式文件或表示同意〕,商务英语
chair,tʃɛr,,n.椅子；主席，主席席位 vt.当…的主席， 主持,商务英语
consistent,kən'sɪstənt,,a.坚持的， 一贯的； 一致的， 符合的,商务英语
reverse,rɪ'vɝs,,vi.反向，逆转，倒转 a.反向的， 相反的， 倒转的 vt.撤销，推翻；使位置颠倒，使互换位置；使反向，使倒转 n.相反情况，对立面；反面，背面，后面；挫折，逆境,商务英语
pipeline,'paɪplaɪn,,v.用管道输送， 为…安装管道 n.管道；供应线，商品供应线,商务英语
downtime,'daʊntaɪm,,n.停工期,商务英语
earnings,'ɝnɪŋz,,n.收入； 收益， 利润,商务英语
swop,swɔp,,v.调换， 互换； 兑换 n.交换,商务英语
chat,tʃæt,,n&vi.聊天， 闲谈,商务英语
permanent,'pɝmənənt,,a.永久的， 永恒的； 固定的,商务英语
centralization,ˌsentrəlai'zeiʃən,,n.集权； 集中化,商务英语
fetch,fɛtʃ,,vt.拿来； 请来， 接去； 售得， 卖得,商务英语
summarize,'sʌməraɪz,,v.总结， 概述， 归纳,商务英语
quick,kwɪk,,ad.快地， 迅速地 a.快的，迅速的；灵敏的，敏捷的；性急的，不耐烦的,商务英语
endorsement,ɪn'dɔrsmənt,,n.背书,商务英语
indemnification,"in,demnifi'keiʃən",,n.赔偿； 补偿金； 保障,商务英语
compact,'kɑmpækt,,a.紧凑的， 紧密的； 袖珍的 n.契约， 协议,商务英语
chequebook,'tʃekbuk,,n.支票簿,商务英语
outlay,'aʊtle,,n.费用,商务英语
replace,rɪ'ples,,vt.代替， 取代； 更换， 调换； 把…放回原处,商务英语
appointment,ə'pɔɪntmənt,,n.任命， 委派； 委任的职位； 约定,商务英语
aviation,",evɪ'eʃən",,n.航空， 航空学； 飞机制造业,商务英语
experience,ɪk'spɪrɪəns,,n.经验；阅历，经历；体验 vt.体验， 经历； 感受,商务英语
runaway,'rʌnəwe,,a.控制不住的； 逃跑的,商务英语
hit,hɪt,,v.打， 击， 击中； 碰撞； 伤害， 殃及 n.一击，击打，击中；成功而风行一时的事物,商务英语
major,'medʒɚ,,vi.主修， 专攻 a.较大的；主要的；重大的 n.少校；专业，专业学生,商务英语
beat,bit,,vi.跳动 vt.打；打败，战胜；难倒，使无法解答 n.跳动； 有节奏的敲击； 拍子， 节拍,商务英语
emphasis,'ɛmfəsɪs,,n.强调， 重点,商务英语
interrupt,'ɪntə'rʌpt,,vt.打断， 打扰； 中止， 阻碍， 间断,商务英语
feasible,'fizəbl,,a.可行的； 可能的； 可用的,商务英语
affair,ə'fɛr,,n.〔非配偶的〕暧昧关系，通奸，私通,商务英语
bear,bɛr,,vi.忍受；倾向于；运走，携带 vt.生育；承担；运输；怀有，心怀；写有 n.熊； 卖空者， 看跌的人； 粗鲁的人,商务英语
proofread,'prufrid,,v.校对,商务英语
potential,pə'tɛnʃl,,a.潜在的，可能的 n.潜力， 潜能,商务英语
wildcat,'waɪldkæt,,a.高风险的,商务英语
group,ɡrup,,n.组，群，类；集体，团体 vt.集合， 聚集； 把…分类,商务英语
obtain,əb'ten,,vi.通用， 流行， 存在 vt.获得，得到,商务英语
impressionable,ɪm'prɛʃənəbl,,a.容易受感动的； 敏感的,商务英语
semi-skilled,semiskild,,a.半熟练的,商务英语
hostess,'hostəs,,n.女主人； 女服务员， 女乘务员,商务英语
gross,ɡros,,a.总的，毛的；严重的；显著的；粗俗的，粗野的；臃肿的 vt.获得…总收入 n.总额， 总量,商务英语
minutes,'mɪnɪts,,n.会议记录,商务英语
island,'aɪlənd,,a.岛的 n.岛，岛屿,商务英语
nimble,'nɪmbl,,a.敏捷的； 机智的,商务英语
CAD,kæd,,n.计算机辅助设计,商务英语
format,'fɔrmæt,,n.设计，安排；格式，样式，版式 vt.使格式化,商务英语
allotment,ə'lɑtmənt,,n.配股； 分派， 分配； 分配额,商务英语
particular,pɚ'tɪkjəlɚ,,a.特别的，特殊的，特有的；特定的，某一的；详细的，详尽的，精密的；讲究的，挑剔的，苛求的 n.细节， 细目， 详情,商务英语
history,ˈhɪstrɪ,,n.历史， 史学； 史册； 个人经历， 履历； 病历， 病史,商务英语
illegal,ɪ'ligl,,a.不合法的， 非法的,商务英语
stimulate,'stɪmjə'let,,vt.刺激， 激励； 激发； 促进,商务英语
careless,'kɛrləs,,a.粗心的， 草率的； 随便的， 自然的； 不关心的， 淡漠的,商务英语
square,skwɛr,,vi.相符， 一致； 打成平局 a.正方形的；成直角的；平方的 n.广场；正方形；平方 vt.求…的平方根；使相符，使一致；使打平；使变直；结清,商务英语
commute,kə'mjʊt,,vi.坐车往返通勤；乘公交车上下班，经常乘车往返于两地 vt.减；折合，折偿 n.上下班交通,商务英语
retrench,ri'trɛntʃ,,v.紧缩开支， 节省,商务英语
sustain,sə'sten,,vt.保持， 使持续下去； 供养， 维持； 支持； 承受， 支撑； 经受， 遭受,商务英语
entertain,",ɛntɚ'ten",,vt.使感兴趣； 使娱乐； 招待， 款待； 持有， 怀有,商务英语
request,rɪ'kwɛst,,n&vt.请求； 需要,商务英语
CBA,,,abbr.中国篮球协会（China Basketball Association）；成本效益分析（Cost-Benefit Analysis）,商务英语
credentials,krə'dɛnʃlz,,n.证明， 资格； 文凭； 证明书， 证件,商务英语
mathematics,",mæθə'mætɪks",,n.数学,商务英语
overdraft,'ovɚdræft,,n.透支， 透支的款项,商务英语
part,pɑrt,,n.部分 v.（使）分开，（使）分离 ad.不完全地，部分地,商务英语
logistics,lə'dʒɪstɪks,,n.物流； 后勤,商务英语
percent,pɚ'sɛnt,,n.百分之一,商务英语
point,pɔɪnt,,v.指， 指向， 指明 n.要点，论点，观点；点，小数点；时刻，地点；尖，尖端；分数，得分；目的，意图；条款，细目,商务英语
penetrate,'pɛnətret,,v.透入， 渗入， 进入； 刺入， 刺穿； 洞察， 了解,商务英语
banking,'bæŋkɪŋ,,n.银行业务； 银行业,商务英语
principal,'prɪnsəpl,,a.重要的，主要的 n.负责人， 校长； 资本， 本金； 主要演员， 主角,商务英语
pare,pɛr,,vt.剥， 削； 削减,商务英语
general,'dʒɛnrəl,,a.全体的，普遍的，一般的，普通的；笼统的，大体的 n.将军,商务英语
lender,'lɛndɚ,,n.贷方,商务英语
specimen,'spɛsəmən,,n.样本， 标本,商务英语
exotic,ɪɡ'zɑtɪk,,a.奇异的； 外来的； 异国情调的,商务英语
relief,rɪ'lif,,n.减免； 轻松， 宽慰； 缓解， 减轻， 解除； 使得到调剂； 接替， 替下； 救济， 赈灾； 浮雕,商务英语
manpower,'mænpaʊɚ,,n.人力,商务英语
boycott,'bɔɪkɑt,,n&vt.抵制， 拒绝参与,商务英语
dimension,"dəˈmɛnʃən, daɪ-",,n.〔形势或品质的〕方面，部分,商务英语
introduction,",ɪntrə'dʌkʃən",,n.介绍； 引进， 传入； 引言， 绪论， 导言,商务英语
ceiling,'silɪŋ,,n.天花板， 顶篷； 最高限度， 最大限额,商务英语
process,proˈsɛs;(for n.)prɑsɛs,,n.过程，进程；工序，制作法；程序，传票 vt.加工， 处理， 办理,商务英语
temp,tɛmp,,n.临时雇员， 替班,商务英语
restore,rɪ'stɔr,,vt.恢复， 使回复； 修复， 整修； 归还； 使复原； 使复位,商务英语
subscribe,səb'skraɪb,,vi.订阅，订购；认购；同意，赞成 vt.捐助， 赞助,商务英语
bookkeeper,'bʊkkipɚ,,n.记账人,商务英语
flagship,'flæɡʃɪp,,n.旗舰， 同类产品中的佼佼者,商务英语
clear,klɪr,,ad.清晰地 vi.变晴； 变清澈 a.清楚的；无疑的；晴朗的，清澈的；畅通的；条理清楚的 vt.扫清；使清楚；使清白无辜，证明…无罪,商务英语
concentration,'kɑnsn'treʃən,,n.专注， 专心； 集中； 浓缩， 浓度,商务英语
encounter,ɪn'kaʊntɚ,,n&vt.遇到， 遭遇， 遭到,商务英语
clean,klin,,ad.完全地， 一干二净地 a.干净的，清洁的；清白的；公正的；熟练的，干净利落的 vt.把…弄干净，擦净,商务英语
economics,'ikə'nɑmɪks; 'ɛkə'nɑmɪks,,n.经济学,商务英语
listed,'lɪstɪd,,a.列出的； 上市的,商务英语
build,bɪld,,vi.建造，建筑；建设，建立；增大，加强 vt.建造，修建；建立，创立 n.体型， 体格,商务英语
gratitude,'ɡrætɪtud,,n.感激， 感谢,商务英语
approve,ə'prʊv,,vi.赞成 vt.赞成，同意，称许；批准，对…表示认可；核对,商务英语
mean,min,,v.表…的意思， 意指， 意为， 意味着…； 意欲 n.平均值，平均数,商务英语
earn,ɝn,,vt.挣得； 获得,商务英语
wireless,'waɪərləs,,a.无线的,商务英语
hurry,'hɝrɪ,,vi.赶紧；匆忙 vt.使加快，催促；急运，急派 n.仓促， 匆忙,商务英语
attendance,ə'tɛndəns,,n.出席； 出席人数； 护理， 照料,商务英语
account,ə'kaʊnt,,vi.说明…的原因； 占 n.记述，报告；账，账户；解释,商务英语
intangible,ɪn'tændʒəbl,,a.难以理解的； 无形的,商务英语
sometime,'sʌmtaɪm,,ad.将来某个时候；日后；过去某个时间；一度，从前 a.以前的， 一度的,商务英语
mostly,'mostli,,ad.主要地； 通常； 几乎全部地， 多半,商务英语
quantifiable,"'kwɑntə,faɪəbl",,a.可以计量的,商务英语
resent,rɪ'zɛnt,,vt.对…表示愤恨， 怨恨,商务英语
advance,əd'væns,,vi.提高；前进；取得进展；上涨，增加 a.预先的； 先行的 vt.预先发放，预先垫付；提前，使提前发生；提出 n.前进；进展，改进；增长，增加；预付,商务英语
allay,ə'le,,vt.使缓和,商务英语
skimming,'skɪmɪŋ,,n.以高价在短期最大限度赢利,商务英语
tramp,træmp,,v.脚步沉重地走； 踩踏 n.流浪者；长途跋涉，徒步旅行；沉重的脚步声；不定期货船,商务英语
impulsive,ɪm'pʌlsɪv,,a.冲动的； 推动的,商务英语
appreciate,ə'priʃɪet,,vi.增值 vt.重视；为…表示感激；意识到,商务英语
qualitative,'kwɑlətetɪv,,a.质量的， 质的； 定性的,商务英语
record,(for v.) rɪˈkɔrd; (for n.) ˈrekərd;ˈrɛkɚd,,a.创纪录的， 空前的 n.记录，记载，报告；经历，履历，历史；最高纪录，最好成绩；唱片 vt.记录， 记载， 登记； 录音， 录影， 录下,商务英语
diverse,daɪ'vɝs,,a.不同的， 相异的； 多种多样的,商务英语
reimbursement,",riɪm'bɝsmənt",,n.付还， 退还,商务英语
railway,'relwe,,n.铁路,商务英语
strict,strɪkt,,a.严格的， 严厉的； 严谨的， 精确的， 严密的； 完全的,商务英语
rally,'ræli,,v.集合， 团结； 恢复， 重新振作 n.价格骤然回升；集会，大会；汽车拉力赛,商务英语
jump,dʒʌmp,,vi.跳跃；暴涨，激增 vt.越过，跳过；猛增 n.跳， 跃； 暴涨， 激增,商务英语
knowledge,'nɑlɪdʒ,,n.知识， 学问； 见闻； 理解， 了解； 熟悉,商务英语
happen,'hæpən,,vi.发生； 碰巧,商务英语
letterhead,'lɛtɚhɛd,,n.信的抬头， 信头,商务英语
going,'ɡoɪŋ,,a.现有的； 工作中的， 运转中的,商务英语
festival,ˈfɛstəvl,,n.节； 节日， 喜庆日,商务英语
mile,maɪl,,n.英里,商务英语
impact,ɪm'pækt,,n.影响， 作用； 冲击， 碰撞 vt.冲撞； 挤满， 充满,商务英语
profile,'profaɪl,,n.简介，人物简介；传略；形象，侧面，轮廓；姿态，引人注目的状态 vt.为…描绘； 写…的传略,商务英语
preference,'prɛfrəns,,n.偏爱； 偏爱的事物； 优先； 特惠,商务英语
mainstream,'menstrim,,n.主流,商务英语
bill,bɪl,,n.账单；议案，法案；纸币，钞票；单子；节目单；招贴，海报 vt.贴海报宣布； 给…开账单,商务英语
opportunity,ˌɑpɚˈtunətɪ,,n.机会， 时机,商务英语
CEO,",si: i: 'əʊ",,n.〔大公司的〕总裁，首席执行官,商务英语
court,kɔrt,,n.法庭， 法院； 朝廷， 宫廷； 院子； 球场,商务英语
distort,dɪ'stɔrt,,vt.扭曲， 弄歪， 歪曲,商务英语
misuse,",mɪs'jus",,v.滥用， 误用； 虐待,商务英语
subsidiary,səb'sɪdɪɛri,,a.辅助的， 次要的， 附设的 n.子公司，附属机构,商务英语
venture,'vɛntʃɚ,,vi.冒险，大胆行事 n.风险投资，风险项目，创立新企业；冒险，冒险旅行 vt.敢于， 大胆表示； 拿…冒险， 冒…的险,商务英语
population,",pɑpju'leʃən",,n.人口； 一类人,商务英语
mill,mil,,v.磨， 碾 n.磨坊，碾磨机；制造厂，工厂,商务英语
valuation,",vælju'eʃən",,n.估价,商务英语
cancellation,",kænsə'leʃən",,n.注销,商务英语
discern,dɪ'sɝn,,vi.辨明 vt.看出，察觉出；识别；认识，了解,商务英语
route,raʊt,,n.路线， 路程,商务英语
flexible,'flɛksəbl,,a.易弯曲的， 柔韧的； 灵活的， 可变通的,商务英语
adult,'ædʌlt,,a.成年人的，适宜于成年人的；成年的；成熟的 n.成年人,商务英语
replenish,rɪ'plɛnɪʃ,,vt.充实； 添加； 补偿； 替代,商务英语
relative,'rɛlətɪv,,a.相关的，有关的；相对的，比较的 n.亲人， 亲属， 亲戚,商务英语
attitude,'ætɪtʊd,,n.态度， 看法； 姿势,商务英语
average,'ævərɪdʒ,,a.平均的；平常的，普通的 v.平均 n.平均数，平均,商务英语
treatment,'tritmənt,,n.治疗， 疗法； 对待， 待遇； 处理,商务英语
mirror,'mɪrɚ,,n.镜，镜子；榜样，典型 vt.反映； 反射， 映照,商务英语
compare,kəm'pɛr,,vi.相比， 比得上 vt.比较，对照；比作,商务英语
sustainable,sə'stenəbl,,a.可持续的,商务英语
amenity,ə'mɛnəti,,n.生活福利设施； 舒适条件； 适意； 宜人之处,商务英语
off-season,"'ɔf,sizən",,a.淡季的 n.淡季,商务英语
annuity,ə'nuəti,,n.年金,商务英语
characteristic,",kærəktə'rɪstɪk",,a.典型的； 特性的 n.典型；特性,商务英语
journal,'dʒɝnl,,n.期刊， 杂志， 日报； 日志， 日记,商务英语
composition,",kɑmpə'zɪʃən",,n.作文； 乐曲作品； 创作； 构成， 成分； 结构， 布局,商务英语
integral,'ɪntɪɡrəl,,a.构成整体所必需的， 基本的,商务英语
consignment,kən'saɪnmənt,,n.运送之物,商务英语
assembly,ə'sɛmbli,,n.立法机构； 议会； 集会， 集合， 集会的人们； 组装， 装配,商务英语
hearing,'hɪrɪŋ,,n.听力， 听觉； 听力所及的范围； 意见听取会； 申辩的机会,商务英语
hotel,ho'tɛl,,n.旅馆， 饭店， 酒店,商务英语
acquisition,",ækwɪ'zɪʃən",,n.取得， 习得， 学会； 增添的人； 公司之间的收购， 购进,商务英语
deadline,ˈdedlaɪn,,n.最后期限，截止日期,商务英语
rigid,'rɪdʒɪd,,a.严格的； 死板的； 坚硬的， 坚固的,商务英语
so-called,",so'kɔld",,a.所谓的， 号称的,商务英语
spare,spɛr,,a.备用的；多余的，空闲的 v.省出，抽出 n.备件， 备用品,商务英语
mine,maɪn,,v.开矿， 采掘 n.矿，矿山，矿井,商务英语
grateful,'ɡretfl,,a.感激的， 感谢的； 受欢迎的,商务英语
chip,tʃɪp,,v.削下， 凿下 n.碎片；芯片；瑕疵,商务英语
cut-rate,"'kʌt,reit",,a.削价出售的； 便宜的,商务英语
business,ˈbɪznɪs,,n.生意， 业务； 事务， 职责； 营业； 工商企业， 商店,商务英语
retailer,'ri:teilə,,n.零售商,商务英语
staff,stæf,,n.员工，全体职工，工作人员 vt.为…配备人员,商务英语
possible,'pɑsəbl,,a.可能的， 有可能做到的； 尚可接受的， 合适的,商务英语
involve,ɪn'vɑlv,,vt.使卷入， 使参与， 牵涉； 包含， 含有， 包括； 涉及,商务英语
assemble,ə'sɛmbl,,vt.集合， 聚集， 召集； 装配,商务英语
requisite,'rɛkwəzɪt,,a.需要的；必要的 n.必需品； 必要条件,商务英语
march,mɑrtʃ,,v.行进，行军 n.示威游行；抗议游行,商务英语
meet,mit,,v.遇见，会合；接；和…见面，和…会面；满足，符合；会见，相识；集合，开会；遭到，经历；满足，符合；应付，如期偿付 n.运动会,商务英语
publicize,'pʌblɪsaɪz,,vt.公开； 宣传,商务英语
complicated,'kɑmplɪketɪd,,a.复杂的， 难懂的； 琢磨不透的,商务英语
cultivate,'kʌltɪvet,,vt.耕作， 栽培， 养殖； 培养； 陶冶； 发展,商务英语
maximum,ˈmæksəməm,,a.最大的， 最高的， 顶点的 n.最大量，最高值；极限，顶,商务英语
borrow,'bɑro,,vt.借， 借入； 采用,商务英语
inch,ɪntʃ,,v.缓慢地移动 n.英寸；少许，少量；短距离,商务英语
thrive,θraɪv,,vi.兴旺， 繁荣,商务英语
diversification,"dɪ,vɝsɪfɪ'keʃən",,n.多元化,商务英语
desert,(for v.) dɪˈzɝ​t; (for n.) 'dɛzɚt,,a.荒废的， 无人居住的； 沙漠的 n.沙漠；不毛之地 vt.抛弃； 撤离， 从…开小差,商务英语
masterpiece,'mæstəpis,,n.名著； 杰作,商务英语
quarter,'kwɔrtɚ,,vt.将…四等分； 供…住宿,商务英语
represent,",rɛprɪ'zɛnt",,vt.代表， 作为…的代表； 表示， 象征； 描绘， 表现,商务英语
compete,kəm'pit,,vi.竞争， 比赛， 对抗,商务英语
world-class,'wɝldklæs,,a.世界级的,商务英语
dialect,'daɪə'lɛkt,,n.方言， 土语,商务英语
dispatch,dɪ'spætʃ,,n&vt.急报； 速办； 发送， 遣送； 送货,商务英语
Encl.,in'kləuʒə,,n.附件； 围住； 圈地； 围墙,商务英语
rigor,'rɪgɚ,,n.严厉； 苛刻行为； 严酷， 艰苦； 严密， 精确,商务英语
accountant,ə'kaʊntənt,,n.会计， 出纳； 会计师,商务英语
commuter,kə'mjʊtɚ,,n.乘公交车辆上下班者,商务英语
branding,'brændɪŋ,,n.品牌命名,商务英语
sometimes,'sʌmtaɪmz,,ad.有时， 间或,商务英语
foregone,'fɔrɡɔn,,a.先前的， 过去的； 预知的,商务英语
emergency,ɪ'mɝdʒənsi,,n.突发事件， 紧急情况,商务英语
value-added,",vælju'ædɪd",,n.增值,商务英语
hold,hold,,vi.支持住；持续；有效，适用 vt.拿，握；使保持某种状态；掌握；推迟，延迟；拥有，保存；托住，支承；认为，相信；吸引；占据，据守；容纳；举行 n.握住， 抓住； 控制； 货舱； 中断； 暂停,商务英语
trail,trel,,n.痕迹，足迹；小路 vt.被拖在后面； 疲惫地走； 失利； 蔓延； 追踪， 尾随,商务英语
layoff,"'le,ɔf",,n.临时解雇,商务英语
habit,'hæbɪt,,n.习惯， 习性,商务英语
passport,'pæspɔrt,,n.护照,商务英语
cyberspace,'saɪbɚspes,,n.虚拟信息空间， 网络空间， 计算机化世界,商务英语
outdated,'aʊt'detɪd,,a.陈旧的； 过时的,商务英语
prior,'praɪɚ,,ad.在…之前 a.优先的， 在前的,商务英语
reorientate,ˌriː'ɔːrienteit,,vi.重新定向 vt.再调整,商务英语
burglar,'bɝɡlɚ,,n.夜盗， 夜贼,商务英语
clue,klʊ,,n.线索， 提示,商务英语
rubber,'rʌbɚ,,n.橡胶；合成橡胶,商务英语
legal,'ligl,,a.法律上的； 合法的， 法定的,商务英语
club,klʌb,,n.俱乐部， 夜总会； 棍棒， 球棒,商务英语
trait,tret,,n.品质； 特性； 性格； 少许， 微量,商务英语
landmark,'lændmɑrk,,n.路标； 里程碑,商务英语
reply,rɪ'plai,,n&v.回答， 答复,商务英语
disintegration,"dɪs,ɪntə'greʃən",,n.分化； 企业解体， 分散经营； 碎裂； 崩溃,商务英语
CIF,'si'ai'ef,,abbr.到岸价（Cost Insurance and Freight）,商务英语
parcel,'pɑrsl,,n.小包，包裹 vt.把…包起来； 分， 分配,商务英语
proprietorship,"prə'praɪətɚ,ʃɪp",,n.独资企业； 业主产权,商务英语
kermis,'kəːmis,,n.义卖市场,商务英语
prerequisite,",pri'rɛkwəzɪt",,a.不可或缺的，必备的 n.先决条件， 前提,商务英语
count,kaʊnt,,v.数，计算；把…算入；认为，看作；值得考虑，有重要意义 n.计数， 总数； 一项罪状,商务英语
trough,trɔf,,n.槽， 水槽； 低谷， 低潮,商务英语
prospectus,prə'spɛktəs,,n.募股说明书； 计划书；发起书； 产品简介； 广告小册子,商务英语
diversify,daɪˈvɜrsəˌfaɪ,,v.不同； 变得多样化， 多元化,商务英语
graph,ɡræf,,n.图表， 图解， 曲线图,商务英语
contradictory,",kɑntrə'dɪktəri",,a.矛盾的，对立的 n.对立物； 矛盾因素,商务英语
demotivated,diː'məutiveitid,,a.失去动力的,商务英语
vision,'vɪʒən,,n.公司的长远目标； 想象， 幻想， 幻觉， 梦幻； 视力， 视觉,商务英语
reshuffle,",ri'ʃʌfl",,v.改组； 重新洗牌,商务英语
acceptance,ək'sɛptəns,,n.接受， 接纳； 赞同， 承认； 承兑， 认付； 容忍,商务英语
petrol,'pɛtrəl,,n.汽油,商务英语
immediate,ɪ'midɪət,,a.立即的， 即刻的； 直接的； 最接近的， 紧靠着的,商务英语
blame,blem,,vt.责怪，埋怨；把…归咎于 n.责备； 过错， 责任,商务英语
relatively,'rɛlətɪvli,,ad.相对地； 相关地,商务英语
tackle,'tækl,,vt.对付，处理；与…交涉；阻截，擒抱 n.阻截， 擒抱； 用具， 钓具； 辘轳， 滑车,商务英语
solvent,'sɑlvənt,,a.有偿付能力的，不负债的；溶解的 n.溶酶， 溶剂； 解决方法,商务英语
rigour,'riɡə,,n.严厉； 苛刻行为； 严酷， 艰苦； 严密， 精确,商务英语
confusion,kən'fjʊʒən,,n.困惑， 糊涂； 混淆； 混乱， 骚乱,商务英语
distract,dɪ'strækt,,vt.转移， 使分心,商务英语
occasion,ə'keʒn,,n.时刻，时候，场合；重大活动，盛会；时机，机会；起因，理由 vt.引起， 惹起,商务英语
countersign,'kaʊntɚsaɪn,,v.会签； 连署， 副署,商务英语
loan,lon,,n.贷款；暂借，暂借之物 vt.借出， 贷给,商务英语
squeeze,skwiz,,vi.挤，挤入，挤过 vt.挤，挤出；压榨，榨取；捏，握 n.挤； 握手； 拮据， 紧缺， 经济困难,商务英语
blank,blæŋk,,a.空白的；茫然的，没有表情的 n.空白； 空白表格,商务英语
landlord,'lændlɔrd,,n.地主， 房东， 店主,商务英语
beginning,bɪ'ɡɪnɪŋ,,n.开始； 起源， 起因； 早期， 萌芽阶段,商务英语
bidder,'bɪdɚ,,n.投标人,商务英语
importance,ɪm'pɔrtns,,n.重要,商务英语
decertify,"di'sɚtə,fai",,v.收回证件,商务英语
session,'sɛʃən,,n.会议， 一届会期； 集会,商务英语
worthy,wɜði,,a.值得的， 配得上的； 有价值的， 可尊敬的,商务英语
back,bæk,,ad.回原处；向后，后退地；以前，往回 v.使后退；支持 a.后面的， 背后的； 向后的， 反向的 n.背后；背部；后部,商务英语
training,'trenɪŋ,,n.培训， 训练， 培养,商务英语
expectation,",ɛkspɛk'teʃən",,n.预料，预期；期待,商务英语
papers,'pepɚz,,n.证件,商务英语
duration,du'reʃən,,n.持续， 持续期间,商务英语
bite,baɪt,,v.咬，叮；刺骨 n.叮， 咬； 咬的伤口； 一口食物， 量不多的一顿饭,商务英语
ferry,'fɛri,,n.渡船，摆渡 vt.渡运； 运送,商务英语
sophisticate,sə'fɪstɪkɪt,,v.诡辩； 弄复杂 n.久经世故的人，老油条,商务英语
contraction,kən'trækʃən,,n.缩紧,商务英语
loaf,lof,,vi.游荡， 闲逛 n.一条面包,商务英语
tank,tæŋk,,n.大容器； 贮水池， 水箱； 坦克,商务英语
reception,rɪ'sɛpʃən,,n.接受， 接纳； 接见， 接待， 迎接， 欢迎； 感受， 反应； 招待会， 欢迎会； 接收效果,商务英语
nuclear,'nuklɪɚ,,a.原子核的； 核心的， 中心的； 核子的， 核能的， 核武器的,商务英语
human,'hjumən,,a.人的， 人类的； 有人性的， 通人情的 n.人，人类,商务英语
continuation,kən'tɪnjʊ'eʃən,,n.持续； 延期交割； 延长期,商务英语
notice,'notɪs,,v.注意到， 察觉到 n.通知，布告；辞职通告；注意，察觉,商务英语
owner,'onɚ,,n.所有人， 物主,商务英语
sole,sol,,a.单独的，唯一的；独有的 n.脚底， 鞋底， 袜底,商务英语
length,lɛŋθ,,n.长， 长度， 距离； 一段， 一节,商务英语
monitor,'mɔnɪtɚ,,vt.监听，监视；监测，检测 n.监听器， 监视器， 检测器； 显示器； 班长,商务英语
advert,ædˈvɚt,,v.注意， 留意 n.广告,商务英语
watered,'wɔtəd,,a.空头发行的； 掺水的； 虚增的,商务英语
complimentary,",kɑmplɪ'mɛntri",,a.免费赠送的； 赞美的,商务英语
tangible,'tændʒəbl,,a.明确的， 实际的； 可触摸的， 可触知的； 有形的,商务英语
home,hom,,ad.在家， 回家， 到家； 在本国， 回本国； 击中要害地， 正中目标地 a.家庭的，家乡的；本国的 n.家庭，家乡；发源地，产地；疗养院；养育院,商务英语
wholly-owned,'həuli'əund,,a.全资的,商务英语
postage,'postɪdʒ,,n.邮费， 邮资,商务英语
schedule,ˈskedʒʊl; skɛdʒʊl,,n.时刻表，日程安排表；清单，明细表 vt.安排,商务英语
print,prɪnt,,v.印，铭刻，打上；印刷；出版；用印刷体写 n.印痕， 印迹； 印刷， 印刷术， 印刷业， 印刷品； 印刷字体； 图片， 版画， 照片,商务英语
apprehend,",æprɪ'hɛnd",,vt.逮捕， 拘押； 领会， 理解,商务英语
headhunt,'hɛd'hʌnt,,vt.挖， 物色,商务英语
material,mə'tɪrɪəl,,a.物质的， 实体的； 身体上的， 肉体的； 重要的， 实质性的 n.物质；材料，原料；素材，资料，题材,商务英语
approximately,ə'prɑksɪmətli,,ad.大约， 近似,商务英语
although,ɔl'ðo,,conj.尽管， 虽然,商务英语
relocate,",ri'loket",,v.重新安置,商务英语
interpret,ɪn'tɝprɪt,,vt.口译， 翻译； 解释， 说明， 诠释； 解释为， 把…理解为,商务英语
iron,'aɪɚn,,v.熨， 烫 n.铁；烙铁，熨斗,商务英语
directorship,də'rɛktɚʃɪp,,n.董事职位； 董事任期,商务英语
recoup,ri'ku:p,,vi.获得补偿 vt.补偿； 恢复， 重获； 偿还,商务英语
grant,ɡrænt,,v.准予， 授予， 同意 n.拨款；同意；承认,商务英语
annulment,ə'nʌlmənt,,n.废除， 取消,商务英语
president,'prɛzɪdənt,,n.总统， 主席； 总裁； 校长， 院长； 会长， 董事长， 社长， 主席,商务英语
explain,ɪk'splen,,v.解释， 说明， 阐明； 辩解,商务英语
qualified,'kwɑlə'faɪd,,a.有保留的； 有资格的； 具备必要条件的， 合格的,商务英语
synergy,'sɪnɚdʒi,,n.协同作用， 协同效应,商务英语
staple,'stepl,,a.稳定的； 稳重的 n.订书钉，U形钉；主食；主要产品 vt.用订书钉订,商务英语
simulation,'sɪmjə'leʃən,,n.模拟， 演练； 模仿， 伪装,商务英语
tax-deductible,'tæksdi'dʌktəbl,,a.可抵扣税的,商务英语
memo,'mɛmo,,n.备忘录， 便笺,商务英语
discount,dɪs'kaʊnt,,n.折扣； 贴现， 贴现率 vt.把…打折扣； 不信； 漠视； 低估,商务英语
royalty,'rɔɪəlti,,n.王族； 专利权税， 版税； 王权,商务英语
collaborate,kə'læbəret,,vi.合作， 协作； 勾结,商务英语
attempt,ə'tɛmpt,,n&v.企图， 试图； 努力， 尝试,商务英语
division,də'vɪʒən,,n.分， 分开； 分配； 隔开； 部门； 分歧， 分裂； 除,商务英语
executive,ɪɡ'zɛkjətɪv,,a.执行的， 行政的 n.执行者，主管，高级行政人员，行政官，董事，经理；行政部门,商务英语
melt,mɛlt,,v.融化； 熔化； 溶解； 消散， 消失,商务英语
stale,stel,,a.变质的， 不新鲜的； 陈旧的， 陈腐的,商务英语
balance,'bæləns,,n.平衡，均衡；收支平衡，差额；结存，结欠；天平，秤；协调，和谐 vt.使平衡， 使均衡； 称； 权衡， 比较,商务英语
bend,bɛnd,,vi.俯身；弯曲，转弯 vt.弯曲；屈服；使集中于 n.弯曲,商务英语
supplier,sə'plaɪɚ,,n.供应商,商务英语
action,'ækʃən,,n.行动， 动作， 行为； 功能； 事件,商务英语
pitch,pɪtʃ,,vi.投掷， 扔； 猛然倒下； (船、 飞机)颠簸 n.球场；程度，强度；高度，高音；沥青；顶点 vt.销售；投掷，扔；使猛然倒下；表达；把…定于特定程度；定调；架设，搭，营,商务英语
gauge,gedʒ,,n.测量仪表；厚度，直径；规格、尺度 vt.估计， 判断； 计量， 度量,商务英语
immaculate,ɪ'mækjələt,,a.纯洁的； 无污迹的； 无过失的,商务英语
belt,bɛlt,,n.腰带， 带状物； 地带， 区域,商务英语
printer,'prɪntɚ,,n.打印机； 印刷工； 印刷机,商务英语
electrical,ɪ'lɛktrɪkl,,a.与电有关的， 电气科学的； 用电的,商务英语
undercut,",ʌndɚ'kʌt",,v.削价与…抢生意； 低报盘,商务英语
cream,krim,,a.奶油色的 n.奶油；奶油色；乳汁食品；面霜 vt.提取奶油；涂面霜,商务英语
litigate,'lɪtɪɡet,,v.提起诉讼,商务英语
sensitive,'sɛnsətɪv,,a.敏感的， 灵敏的； 神经过敏的， 容易生气的； 易受伤害的,商务英语
curry,'kɝi,,n.咖喱； 咖喱菜,商务英语
operative,'ɑpərətɪv,,a.实施的； 工作着的； 操作的； 运转的 n.工人,商务英语
vacant,'vekənt,,a.空着的， 未被占用的； 空缺的； 茫然的， 空虚的,商务英语
heavy,'hɛvi,,a.重的， 沉重的； 大量的； 猛烈的； 严重的， 严厉的； 剧烈的， 繁重的， 过度的； 忧郁的， 沉闷的； 笨重的， 笨拙的； 难消化的； 充满的,商务英语
menace,'mɛnəs,,v.威胁， 威吓 n.具有危险性的人；威胁，威吓；讨厌的人或事,商务英语
plethora,'plɛθərə,,n.过剩， 过多； 多血症,商务英语
afford,ə'fɔrd,,vt.负担得起， 买得起； 抽得出； 提供； 担负得起,商务英语
field,fild,,n.田地， 牧场； 领域， 范围； 实地， 野外； 运动场， 竞技场； 产地， 田； 场； 视野； 战场,商务英语
sideline,'saɪdlaɪn,,n.副业， 兼职； 旁线； 侧道,商务英语
D/A,,,abbr.（商）承兑后日（Days after Acceptance） 存款帐目（Deposit Account） 数字-模拟（Digital-to-Analog） 附凭单（Documents Attached） 承兑交单（Documents against acceptance）,商务英语
invalid,ˈɪnvəlɪd；ɪnˈvælɪd,,vi.变得病弱 a.有病的；供病人用的； 无效的， 作废的， 无用的； 无可靠根据的 n.病弱者，残疾者 vt.使病弱,商务英语
interval,'ɪntɚvl,,n.间隔， 间距； 间歇， 工间休息,商务英语
evaluate,ɪ'væljʊ'et,,vt.评估， 评价； 估值， 估价； 定价,商务英语
counterbalance,",kaʊntɚ'bæləns",,vt.使平均；使平衡；弥补 n.平衡量， 平衡力； 势均力敌,商务英语
acting,'æktɪŋ,,a.代理的,商务英语
status,ˈstetəs,,n.地位， 身份； 情形， 状况,商务英语
amalgamate,ə'mælɡəmet,,v.联合； 合并,商务英语
curve,kɝv,,v.弯曲，成曲线 n.曲线， 弧线； 弯曲部， 弯曲处,商务英语
embarrassed,ɪm'bærəst,,a.窘的； 尴尬的； 局促不安的,商务英语
tailor,'telɚ,,n.裁缝 vt.定制； 裁剪， 缝制； 使适应,商务英语
deliver,dɪ'lɪvɚ,,vt.投递， 送交； 送货； 发表， 宣布， 讲； 给接生， 帮助产下； 给予； 解救， 拯救,商务英语
disseminate,dɪ'sɛmɪnet,,vt.散布， 传播,商务英语
phenomenon,fə'nɑmɪnən,,n.现象,商务英语
quarterly,'kwɔrtɚli,,ad.按季度，一季一次 a.每季的，季度的，每季一次的 n.季刊,商务英语
notify,'notə'fai,,v.通知， 告知， 报告,商务英语
mad,mæd,,a.疯的， 神经错乱的； 恼火的， 狂怒的； 狂热的， 着迷的； 愚蠢的， 疯狂的,商务英语
file,faɪl,,vi.提出申请； 排成纵队行进 n.档案，文件；文件夹，公文柜；纵列 vt.把归档；把…登记备案；提出,商务英语
government,'ɡʌvɚnmənt,,n.政府； 管理， 支配,商务英语
buoyant,'bujənt,,a.漂浮的； 有浮力的； 看涨的,商务英语
laundry,'lɔndri,,n.洗衣房， 洗衣店； 送洗的衣服； 洗好的衣服,商务英语
member,'mɛmbɚ,,n.成员， 会员,商务英语
accumulate,ə'kjumjəlet,,v.积累， 堆积， 积聚,商务英语
crime,kraɪm,,n.罪； 犯罪,商务英语
dwarf,dwɔrf,,a.矮小的，发育不全的 n.矮子，侏儒 vt.使显得矮小， 使相形见绌； 阻碍…的生长,商务英语
disapprove,'dɪsə'prʊv,,v.不赞成， 不同意,商务英语
stand,stænd,,v.站立 n.架；台；座,商务英语
leisure,'liʒɚ,,a.空闲的， 有闲的 n.空闲；悠闲，安逸；空闲时间,商务英语
pavement,'pevmənt,,n.人行道,商务英语
forward,'fɔrwɚd,,n.前锋；期货 vt.促进； 转交， 转运； 发送,商务英语
strike,straɪk,,vi.罢工；打，击，敲；袭击，侵袭；敲响，报时 vt.使突然想到；打，击，敲；侵袭，折磨；给…以深刻印象；发现，找到 n.罢工； 袭击,商务英语
smack,smæk,,ad.直接地， 准确地， 恰好地； 猛烈地， 急剧地 vi.含有…意味，带有…迹象 vt.拍，打，掴；出声地咂嘴 n.掌掴，拍，打；掌掴声，拍击声；出声地吻，响吻,商务英语
non-negotiable,ˌnɔnni'gəuʃiəbl,,a.不可改变的， 不可商量的； 不可转让的,商务英语
health,hɛlθ,,n.健康； 卫生， 保健,商务英语
entrepreneurship,",ɑntrəprə'nɝʃɪp",,n.企业家精神,商务英语
ethical,'ɛθɪkl,,a.道德的； 伦理的； 合乎职业道德标准的,商务英语
autarky,'ɔtɑrki,,n.闭关自守； 自给自足,商务英语
prospect,'prɑspɛkt,,n.前景，前途；可能性；景象，景色；可能成为主顾的人，有希望的候选人 vt.勘探， 勘察,商务英语
radar,'redɑr,,n.雷达,商务英语
withhold,wɪð'hold,,vt.拒绝， 不给； 抑制， 阻止； 隐瞒,商务英语
PIN,pɪn,,n.个人密码,商务英语
gearing,'ɡɪrɪŋ,,n.联动比率， 资本与负债比率,商务英语
machine,mə'ʃin,,n.机器，机械；机构 vt.用机器制造， 用机器加工,商务英语
able,'ebl,,a.有做某事的； 得以…的； 有本事的， 能干的,商务英语
workplace,'wɝkples,,n.工作场所， 车间,商务英语
comparable,'kɑmpərəbl,,a.可比较的， 类似的； 比得上的； 同等的,商务英语
return,rɪ'tɝn,,a.往返的 vt.归还；回报；使回复，使恢复,商务英语
specialize,'spɛʃəlaɪz,,v.专攻； 专门研究； 专门从事,商务英语
krona,'kronə,,n.克朗,商务英语
cheapen,'tʃipən,,v.便宜； 贬损； 变得卑贱,商务英语
subject,ˈsʌbdʒɪkt;(for adj.)ˈsʌbdʒɪkt;(for v.)səbˈdʒɛkt,,a.受…支配的， 取决于…的； 易遭…的 n.主题，题目；学科，科目；对象；主语 vt.使服从； 使遭受,商务英语
bonus,'bonəs,,n.奖金， 红利； 补贴， 额外津贴； 额外给予的东西,商务英语
recognition,",rɛkəɡ'nɪʃən",,n.承认， 确认， 认可； 认出， 识别； 赏识， 表彰； 报偿,商务英语
socio-economic,'səusiəuˌiːkə'nɔmik,,a.社会经济的,商务英语
thrill,θrɪl,,v.非常兴奋， 非常激动 n.兴奋，激动；引起激动的事物,商务英语
main,mein,,a.主要的，最重要的 n.总管道， 干线,商务英语
serve,sɝv,,vi.服务， 供职， 服役； 伺候， 招待， 接待； 有用， 用作， 起…作用， 适合； 发球 vt.为…服务；任；接待；为…端上；符合，适用于，满足；供应；度过；发,商务英语
receptive,rɪ'sɛptɪv,,a.愿意倾听的， 乐于接受的,商务英语
bail,bel,,n.保释金；准许保释 vt.保释； 帮助脱离困境； 用桶舀水,商务英语
cough,kɔf,,n&vi.咳， 咳嗽,商务英语
drown,draʊn,,vi.淹死，溺死 vt.使淹死； 淹没,商务英语
radio,'redɪo,,v.用无线电传送 n.收音机，无线电设备；无线电，无线电传送，无线电广播；无线电广播台,商务英语
arrangement,ə'rendʒmənt,,n.安排，筹划，准备,商务英语
revenue,'rɛvənu,,n.收入， 收益； 税收， 岁入,商务英语
solution,sə'luʃən,,n.解决； 解答； 解决办法； 溶液； 溶解,商务英语
fine,faɪn,,ad.很好 v.处以罚款 a.健康的，舒适的；美好的，极好的，优秀的；纤细的；精制的；颗粒微小的；晴朗的 n.罚款,商务英语
monopoly,mə'nɑpəli,,n.垄断， 独占； 垄断商品,商务英语
diverge,daɪ'vɝdʒ,,vi.分叉； 分歧； 背离,商务英语
opponent,ə'ponənt,,a.对立的； 对抗的 n.敌手，对手；反对者,商务英语
bilingual,'baɪ'lɪŋgwəl,,a.双语的,商务英语
backward,'bækwɚd,,ad.向后， 倒， 逆 a.向后的，相反的；落后的；迟钝的,商务英语
logo,'loɡo,,n.徽标， 标志； 企业标志； 商标,商务英语
accelerate,əkˈsɛləˌret,,v.加速； 促进,商务英语
international,",ɪntɚ'næʃnəl",,a.国际的， 世界的,商务英语
credit,'krɛdɪt,,n.赊账期限；信贷，赊欠；赞扬，荣誉，声望，功劳；学分；信任，相信 vt.信任， 相信； 把…记入贷方； 把…归于,商务英语
combine,kəm'baɪn,,v.联合； 结合； 组合 n.联合企业；联合收割机,商务英语
waste,west,,a.废的，无用的，丢弃的；荒芜的 n.浪费；废料，弃物 vt.浪费， 未充分利用,商务英语
approximation,ə'prɑksə'meʃən,,n.近似值； 接近,商务英语
ideal,aɪ'diəl,,a.理想的，完美的；想象的，空想的；观念的 n.理想； 理想的东西,商务英语
motivated,'məutiveitid,,a.有动机的； 有积极性的,商务英语
illustrate,'ɪləstret,,vt.说明， 阐明； 给…作插图说明,商务英语
equipment,ɪ'kwɪpmənt,,n.设备， 器材,商务英语
difficult,ˈdɪfəkəlt,,a.困难的， 艰难的； 难应付的； 难懂的； 不易相处的,商务英语
arbitrageur,ˌɑːbitrɑː'ʒəː,,n.套汇商人； 套汇掮客,商务英语
menswear,'mɛnzwɛr,,n.男装,商务英语
pressure,'prɛʃɚ,,n.压；压强；催促，压迫 vt.对…施加压力； 迫使， 说服,商务英语
sort,sɔrt,,n.种类，类别；某一种人，某一类人 vt.把…分类， 整理,商务英语
fill,fɪl,,vi.被充满 vt.装满，布满；以…充注，填塞；满足；充任，担任 n.充分,商务英语
feed,fid,,vi.吃，以…为食 vt.喂，为…提供食物；向…提供 n.饲料,商务英语
convenient,kənˈvinjənt,,a.省力的， 方便的； 近处的,商务英语
task,tæsk,,n.任务；作业；工作；苦差事 vt.派给…任务； 使辛劳,商务英语
specialist,'spɛʃəlɪst,,n.专家； 专科医生,商务英语
transit,'træzɪt,,n.运输， 载运,商务英语
dispose,dɪ'spoz,,vi.去掉； 处理， 解决 vt.排列，布置；使倾向于，使易于,商务英语
designation,",dɛzɪɡ'neʃən",,n.指明； 标示； 指定； 称号,商务英语
position,pə'zɪʃən,,n.位置， 方位； 职位， 工作； 姿势， 姿态； 处境， 立场； 地位， 身份,商务英语
curtail,kɚ'tel,,vt.缩短， 削减， 减少,商务英语
add-on,"'æd,ɑn",,n.计算机随机附件； 附加物,商务英语
curtain,'kɝtn,,n.帘； 幕,商务英语
belong,bɪ'lɔŋ,,vi.属于， 是…的成员； 归属于； 应被放置， 应归入； 适合， 合得来,商务英语
differentiation,",dɪfə,rɛnʃi'eʃən",,n.区别,商务英语
patent,'pætnt,,a.专利的，受专利保护的 n.专利，专利权 vt.得到…的专利权,商务英语
paradigm,'pærə'daɪm,,n.范例； 样式,商务英语
refurbishment,rɪ'fɝbɪʃmənt,,n.改造； 建筑改造； 改造工程,商务英语
quantum,'kwɑntəm,,n.定额， 份额； 总量， 定量,商务英语
racket,'rækɪt,,n.敲诈， 勒索， 诈骗； 喧嚷， 吵闹； 球拍,商务英语
conceive,kən'siv,,v.构想出， 认为； 怀,商务英语
delete,dɪ'lit,,vt.删除,商务英语
nonsense,'nɑnsɛns,,n.胡说， 废话； 冒失的行动,商务英语
amortize,'æmɚtaɪz,,vt.分期清偿,商务英语
transform,træns'fɔrm,,vt.使改观， 改革； 变换,商务英语
competitor,kəm'pɛtɪtɚ,,n.竞争者,商务英语
advise,əd'vaɪz,,vi.提供意见， 建议 vt.劝告，忠告；建议；通知，告知,商务英语
positioning,pə'ziʃəniŋ,,n.定位,商务英语
leadership,'lidɚʃɪp,,n.领导才能； 领导， 领导层,商务英语
paradox,'pærədɑks,,n.似乎矛盾而正确的说法； 自相矛盾的人,商务英语
genuine,'dʒɛnjʊɪn,,a.真的， 非人造的； 真实的； 真心的， 真诚的,商务英语
stockbroker,'stɑkbrokɚ,,n.股票经纪人， 股东,商务英语
quittance,'kwitəns,,n.免除债务的证书、 收据； 解除； 赔偿， 补偿,商务英语
make,mek,,n.品牌；类型，型号 vt.做， 制造， 建造； 制定， 产生； 使， 使得， 迫使； 获得， 挣得； 总计， 等于； 成为； 到达； 准备， 整理； 认为， 估计,商务英语
experienced,ɪkˈspɪriənst,,a.有丰富经验的； 老练的,商务英语
categorize,'kætəgə'raɪz,,vt.分类， 归类,商务英语
repeal,rɪ'pil,,vt.废止；撤销 n.废除； 撤销,商务英语
brochure,bro'ʃʊr,,n.小册子,商务英语
spokesman,'spoksmən,,n.发言人,商务英语
downside,'daʊnsaɪd,,n.底侧； 下降趋势； 不利方面,商务英语
supervisory,"'sju:pə,vaizəri",,a.管理的， 监督的,商务英语
equation,ɪ'kweʒn,,n.方程， 等式； 相等； 相提并论,商务英语
lessee,lɛ'si,,n.承租人,商务英语
admittance,əd'mɪtns,,n.许可进入； 入场权,商务英语
structure,'strʌktʃɚ,,n.结构，构造；建筑物 vt.构造， 建造,商务英语
master,'mæstɚ,,n.大师；能手 v.掌握，精通 a.〔文件、录音等〕原始版的，母版的,商务英语
stake,stek,,n.桩，树桩；利害关系；股份，股本；赌金，赌注 vt.以…打赌， 拿…冒险,商务英语
adulterant,ə'dʌltərənt,,n.伪劣商品,商务英语
extraordinary,ɪkˈstrɔrdənerɪ; ɪkˈstrɔrdnˌɛrɪ,,a.不平常的， 特别的,商务英语
amelioration,əˌmiːljə'reiʃən,,n.改善； 改良,商务英语
regulation,ˌrɛɡjəˈleʃən,,n.规章， 规则， 规定， 条例， 法令； 管理， 管制， 控制； 调节， 调整,商务英语
due,du,,a.预定的，预期发生[到达]的,商务英语
complicate,'kɑmplɪket,,v.使复杂化； 使费解或难处理,商务英语
circulation,",sɝkjə'leʃən",,n.循环， 流通；流传， 传播； 发行， 发行量； 流通,商务英语
authentic,ɔ'θɛntɪk,,a.真的， 真正的； 可靠的， 可信的； 真迹的， 原作的,商务英语
contingency,kən'tɪndʒənsi,,n.突发事件， 意外事故； 偶然性,商务英语
accommodation,"ə,kɑmə'deʃən",,n.住处；工作场所,商务英语
b/e,,,abbr.汇票（bill of exchange）；报税单（bill of entry）,商务英语
lodge,lɑdʒ,,vi.暂住，借宿 vt.供…以临时住宿 n.乡间小屋， 旅舍； 寄宿者， 投宿者,商务英语
annoy,ə'nɔɪ,,vt.使生气， 使恼火； 打扰,商务英语
inform,ɪn'fɔrm,,vi.检举， 告发 vt.通知，告诉，向…报告,商务英语
depend,dɪ'pɛnd,,vi.依靠， 依赖； 信赖， 相信； 决定于， 视…而定,商务英语
empirical,ɪm'pɪrɪkl,,a.以经验为依据的， 经验主义的， 经验的,商务英语
commit,kə'mɪt,,vt.犯， 干； 把…托付给； 提交； 使承担义务， 使承诺； 把…置于； 调拨…供使用， 拨出,商务英语
cure,kjʊr,,v.治愈， 医治； 纠正， 消除 n.治愈；良药，疗法,商务英语
crash,kræʃ,,vi.碰撞，倒下，坠落；发出撞击声；垮台，破产 n.碰撞，坠毁；破裂声 vt.撞击， 砸碎； 冲， 闯,商务英语
cover,'kʌvɚ,,vt.盖，覆盖；范围为，占；行，走；包括，涉及，适用于；报道，采访；给…保险，使免受损失；掩护 n.盖子， 套子， 封面； 掩蔽， 掩护,商务英语
firm,fɝm,,a.结实的，坚固的；稳固的；坚定的；坚挺的 v.变得坚实 n.商行，公司,商务英语
bank,bæŋk,,n.银行，库；堤，岸；堆 vt.把钱存入银行,商务英语
contribution,",kɑntrɪ'bjuʃən",,n.贡献， 促成作用； 捐款， 捐献物； 稿件， 文稿,商务英语
meaning,'minɪŋ,,n.意义， 意思， 含义； 重要性， 价值,商务英语
divulge,dɪ'vʌldʒ,,vt.泄露,商务英语
fire,'faɪr,,vi.开火 n.火；炉火；火灾；射击，火力；热情 vt.放，射出；解雇，开除,商务英语
newsagent,'nʊz'edʒənt,,n.报纸、 杂志等的经销商,商务英语
addendum,ə'dɛndəm,,n.附录， 附件,商务英语
moderate,"ˈmɑdərɪt; (for v.,) ˈmɑdərˌeɪt",,a.中等的，适中的；温和的，不偏激的；有节制的，适度的 v.缓和， 适中 n.持温和观点者,商务英语
height,haɪt,,n.身高；高，高度,商务英语
setback,'sɛtbæk,,n.挫折， 倒退， 失败,商务英语
brokerage,'brokərɪdʒ,,n.经纪人佣金； 经纪人业务,商务英语
devaluation,",divæljʊ'eʃən",,n.贬值,商务英语
cut-price,'kʌt'prais,,a.打折的； 廉价的,商务英语
distinguish,dɪ'stɪŋɡwɪʃ,,v.区别， 辨别； 看清， 听出； 使杰出， 使扬名,商务英语
receiver,rɪ'sivɚ,,n.破产案产业管理人； 涉讼财产管理人； 听筒； 接收器,商务英语
divergent,daɪ'vɝdʒənt,,a.分叉的； 有分歧的； 偏离的,商务英语
invent,ɪn'vɛnt,,vt.发明， 创造； 捏造， 虚构,商务英语
haircut,'hɛrkʌt,,n.理发,商务英语
shortcoming,'ʃɔrtkʌmɪŋ,,n.短处， 缺点,商务英语
execute,'ɛksɪkjut,,vt.处死， 处决； 实施， 执行； 使生效,商务英语
substantial,səbˈstænʃəl,,a.可观的， 大量的； 牢固的， 结实的； 真实的， 实质的； 基本上的， 大体上的,商务英语
benefit,'bɛnɪfɪt,,vi.得益 n.好处，益处，帮助；津贴，救济金，保险金 vt.有益于，对…有好处,商务英语
flood,flʌd,,vi.泛滥； 大量涌现 n.洪水；大量，大批 vt.淹没；灌溉,商务英语
labor,'lebɚ,,vi.劳动； 努力； 费力地前行， 吃力地行动 n.劳动；劳工；分娩；阵痛,商务英语
quality,'kwɑləti,,a.优良的， 优质的 n.质，质量；素质；品格，品德，品质；性质，特性,商务英语
vastly,ˈvæstli,,ad.广大地； 许多， 巨大,商务英语
symptom,'sɪmptəm,,n.症状； 征候， 征兆,商务英语
thereby,",ðɛr'baɪ",,ad.因此， 从而， 由此； 以这种方式， 借以,商务英语
boost,bʊst,,vt.提高，使增长；推动，激励；替…做广告，宣扬 n.提高， 增强； 推动， 激励,商务英语
shower,'ʃaʊɚ,,n.阵雨；淋浴 vt.浇， 溅； 倾注， 大量地给予； 淋浴； 下阵雨； 似阵雨般降落,商务英语
overvalued,ˌəuvə'væljud,,a.定价过高的， 估价过高的,商务英语
functional,'fʌŋkʃənl,,a.实用的； 有功能的,商务英语
prominent,'prɑmɪnənt,,a.突出的， 杰出的； 突起的,商务英语
examine,ɪg'zæmɪn,,vt.检查， 仔细观察； 讯问， 审查,商务英语
global,'ɡlobl,,a.球形的； 全球的， 全世界的； 全局的； 总的， 完整的,商务英语
eliminate,ɪ'lɪmɪnet,,vt.排除， 消除， 根除； 消灭； 淘汰,商务英语
over-demand,'əuvəˌdɪ'mɑːnd,,n.需求过量,商务英语
long,lɔŋ,,ad.长期地，长久地 vi.渴望 a.长的；长时间的，长期的 n.长时间， 长时期,商务英语
entitle,ɪn'taɪtl,,vt.授权； 给予权利； 给予资格； 给予称号； 给题名,商务英语
nominal,'nɑmɪnl,,a.名义上的， 有名无实的； 很少的， 象征性的； 名词性的,商务英语
glance,ɡlæns,,v.扫视，匆匆一看 n.一瞥， 扫视,商务英语
excess,'ɛk'sɛs,,a.过量的； 额外的； 附加的 n.过量，无节制；超越，超过；过多的量；超额,商务英语
temperature,ˈtempərtʃʊər; tɛmpɚ-ˌtʃʊr,,n.温度， 体温； 热度， 发烧,商务英语
arbitrator,'ɑrbə'tretɚ,,n.仲裁人,商务英语
relationship,rɪ'leʃən'ʃɪp,,n.关系； 关联,商务英语
dirty,ˈdɝ​tɪ,,a.脏的；卑鄙的；下流的 v.弄脏， 玷污,商务英语
liquidation,",lɪkwɪ'deʃən",,n.清偿， 清算； 肃清； 消灭,商务英语
controller,kən'trolɚ,,n.总会计师； 总稽核,商务英语
middle,'mɪdl,,a.中间的； 中等的， 中级的 n.中间，中部；中等物，中间物,商务英语
reaction,rɪ'ækʃən,,n.反应； 化学反应； 反作用； 反动， 对抗,商务英语
checklist,'tʃɛk'lɪst,,n.核对清单； 一览表； 选民花名册,商务英语
thorough,ˈθʌrəʊ; θʌro,,a.彻底的， 完全的； 仔细周到的； 精心的,商务英语
appeal,ə'pil,,vi.呼吁，恳求；有吸引力，有感染力；上诉，申诉；诉诸，诉请 n.呼吁，恳求；感染力，吸引力；申诉，上诉 vt.将…上诉， 将…移交上级法院审理,商务英语
swamp,swɑmp,,v.陷入困境； 淹没 n.沼泽，沼地,商务英语
entrepreneur,ˌɑntrəprəˈnɝ​,,n.企业家,商务英语
transportation,",trænspɔr'teʃən",,n.运输； 交通运输系统； 运输工具,商务英语
actually,'æktʃuəli,,ad.实际上,商务英语
dedicate,'dɛdɪket,,vt.题献词于…； 把…献给， 把用于,商务英语
evolve,ɪ'vɑlv,,v.演变， 进化， 发展,商务英语
appear,ə'pɪr,,vt.出现， 露出； 似乎， 好像； 发表， 问世,商务英语
abandon,ə'bændən,,vt.离弃，丢弃；遗弃，抛弃；完全放弃 n.放任， 放纵,商务英语
congratulation,"kən,ɡrætʃu'leʃən",,n.祝贺，恭贺,商务英语
collaboration,"kə,læbə'reʃən",,n.合作， 协作； 勾结,商务英语
bureaucracy,bjʊ'rɑkrəsi,,n.官僚主义， 官僚作风； 政府机构， 官僚,商务英语
stagnation,stæg'neʃən,,n.停滞状态,商务英语
progress,'prɑɡrɛs,,vi.前进， 行进； 进步， 提高 n.前进， 进展； 进步， 发展,商务英语
invite,ɪn'vaɪt,,vt.邀请， 聘请； 请求， 征求； 招致； 吸引,商务英语
adverse,"ædˈvɚs, ˈædˌvɚs",,a.不利的； 有害的； 敌对的， 反对的,商务英语
operation,",ɑpə'reʃən",,n.操作， 运转； 经营； 作用； 行动， 活动； 手术； 运算,商务英语
bulletin,'bʊlətɪn,,n.公报， 公告； 新闻快报， 最新消息； 学报， 期刊,商务英语
ratio,'reʃɪo,,n.比， 比率,商务英语
takings,'teikiŋz,,n.营业收入,商务英语
treat,trit,,n.款待，招待；乐事 vt.对待， 处理； 医疗， 医治； 款待， 招待； 探讨， 讨论,商务英语
entrant,'ɛntrənt,,n.进入者； 新学员， 新成员,商务英语
agent,'edʒənt,,n.代理人， 代理商， 经纪人； 政府特工人员， 政府代表； 动因， 原因； 剂； 间谍,商务英语
wool,wʊl,,n.羊毛； 毛绒； 毛纺品,商务英语
announcer,ə'naʊnsɚ,,n.宣告者； 播音员； 报幕者,商务英语
conditional,kən'dɪʃənl,,a.有条件的； 有前提的,商务英语
invest,ɪn'vɛst,,vt.投资； 投入； 授予， 赋予,商务英语
project,prəˈdʒɛkt; prɑdʒɛkt,,vi.伸出， 突出 n.方案， 计划； 工程， 课题， 项目 vt.投掷，发射；放映；设计，规划；突出，使凸出，使伸出,商务英语
reputation,",rɛpju'teʃən",,n.名气， 名声， 名誉,商务英语
consign,kən'saɪn,,vt.托运； 发货； 寄售； 把…交付给； 留出， 拨出,商务英语
debenture,dɪ'bɛntʃɚ,,n.借方； 计入借方的款项； 公司债券,商务英语
inside,'ɪn'saɪd,,ad.在内部，在里面 a.里面的，内部的 prep.在…里面，在…内部；少于 n.里面， 内部,商务英语
presentation,",prizɛn'teʃən",,n.提供； 显示； 外观， 图像； 授予， 赠送； 报告， 介绍， 引见， 呈现； 表现形式； 表演,商务英语
nominate,'nɑmɪnet,,vt.提名； 任命,商务英语
leaver,'livɚ,,n.离职者,商务英语
loom,lum,,vi.阴森地逼近； 隐现； 赫然呈现； 即将来临 n.织布机；隐隐呈现的形象,商务英语
subliminal,",sʌb'lɪmɪnl",,a.潜意识的,商务英语
below-the-line,"bi'ləuðə,lain",,n.线下,商务英语
provincial,prə'vɪnʃl,,a.省的； 地方性的； 褊狭的； 平常的,商务英语
beforehand,bɪ'fɔrhænd,,ad.预先， 事先； 提前地， 超前地,商务英语
abrogate,'æbrəɡet,,vt.废除 ；取消； 抛开,商务英语
suitcase,'sutkes,,n.手提箱， 小型旅行箱， 衣箱,商务英语
out-goings,'aʊtɡoɪŋz,,n.开支,商务英语
owing,'oɪŋ,,a.欠着的， 应付的， 未付的； 感恩的,商务英语
hunger,'hʌŋɡɚ,,vi.渴望， 热望 n.饥饿；缺粮，饥荒；渴望,商务英语
offshore,",ɔf'ʃɔr",,a.向海的； 离岸的； 在海上的,商务英语
assurance,ə'ʃʊrəns,,n.保证， 担保； 把握； 信心,商务英语
fortnight,'fɔrtnaɪt,,n.十四天， 两星期,商务英语
disrupt,dɪs'rʌpt,,vt.使中断； 使分裂； 使瓦解,商务英语
inspect,ɪn'spɛkt,,vt.检查， 审视， 视察,商务英语
regulator,'rɛɡjuletɚ,,n.调整者， 校准者； 标准仪,商务英语
campaign,kæm'pen,,vi.参加运动； 参加竞选 n.活动；运动；战役,商务英语
salvage,'sælvɪdʒ,,vt.抢救，营救 n.抢救； 挽救， 挽回,商务英语
downsize,'daʊnsaɪz,,vt.缩小尺寸； 缩小规模,商务英语
conflict,'kɑnflɪkt,,vi.冲突， 抵触 n.冲突， 抵触； 争论； 战斗， 战争,商务英语
abdication,ˌæbdi'keiʃən,,n.让位； 放弃权力,商务英语
allow,ə'laʊ,,vi.考虑到， 顾及； 体谅 vt.允许，准许；承认；允给,商务英语
defer,dɪ'fɝ,,vi.遵从， 听从， 服从 vt.推迟，拖延；把…委托给,商务英语
knock,nɑk,,v.敲，击，打；碰撞 n.敲击； 碰撞， 撞击,商务英语
cost-effective,'kɔstə'fɛktɪv,,a.划算的,商务英语
update,",ʌp'det",,n.最新信息， 最新资料； 最新版 vt.更新， 使现代化； 为…提供最新信息,商务英语
barrister,'bærɪstɚ,,n.律师,商务英语
rule,rul,,v.统治， 控制， 支配； 裁决 n.统治，管辖；规则，规章，条例，规定，规章制度；习惯，惯例；惯常的事,商务英语
admin,'ædmɪn,,n.经营， 管理,商务英语
amateur,ˈæmətər,,a.业余爱好的， 业余的； 外行的 n.业余爱好者，业余运动员；外行，生手,商务英语
bitter,'bɪtɚ,,a.痛苦的； 有苦味的； 充满仇恨的， 不满的； 激烈的； 令人不快的； 严寒的,商务英语
speed,spid,,vi.飞驰，迅速前进，急行；加速；超速行驶 n.速度，速率；快速，迅速 vt.快速传送； 促进， 使加速,商务英语
auction,'ɔkʃən,,n&vt.拍卖,商务英语
canvass,'kænvəs,,v.游说， 向…拉选票或拉生意,商务英语
admit,əd'mɪt,,vt.承认； 接纳， 准许…进入,商务英语
interest,'ɪntrəst,,n.兴趣 v.使感兴趣，使关注,商务英语
wonder,'wʌndɚ,,v.想知道；对…感到疑惑；感到惊讶 a.非凡的； 奇妙的 n.惊异，惊奇；奇事，奇迹,商务英语
checkout,'tʃɛkaʊt,,n.检查， 测试； 验算； 试验； 调整校正； 检查输出； 工时扣除； 结账； 最后时限,商务英语
shave,ʃev,,vi.修面，刮脸；拼命讨价还价 vt.剃，刮，刨，削；杀价买进 n.修面， 刮脸,商务英语
expropriation,"ɛks,proprɪ'eʃən",,n.没收； 征用,商务英语
antedate,",æntɪ'det",,v.在上写上比实际日期早的日期； 倒填日期； 先于； 使提前发生,商务英语
apply,ə'plaɪ,,vi.申请，请求 vt.应用， 适用； 涂， 敷， 施,商务英语
inferior,ɪn'fɪrɪɚ,,a.劣等的，次的；下级的 n.下级， 下属,商务英语
jargon,'dʒɑrɡən,,n.术语， 行话,商务英语
prepaid,",pri'ped",,a.预付的,商务英语
buyout,'baɪ'aʊt,,n.全部买下， 买断,商务英语
indeed,ɪn'did,,ad.真正地， 当然； 实际上； 确实， 实在,商务英语
underuse,",ʌndɚ'juz",,vt.未充分利用， 浪费地使用， 使用不当,商务英语
layout,'leaʊt,,n.布局， 设计， 安排,商务英语
landing,'lændɪŋ,,n.起货、 卸货处， 码头； 着陆,商务英语
disagree,",dɪsə'ɡri",,v.不符， 不一致； 不同意， 争执； 不适合,商务英语
healthy,'hɛlθi,,a.健康的， 健壮的； 有益健康的； 兴旺发达的， 发展良好的,商务英语
passbook,'pæs'bʊk,,n.银行存折,商务英语
transcend,træn'sɛnd,,vt.超出， 超越范围； 胜过， 优于,商务英语
pander,'pændɚ,,v.勾引； 拉皮条 n.勾引者；拉皮条,商务英语
mark,mɑːk,,v.弄污； 做记号于， 标明； 标志， 表示； 纪念； 给打分 n.痕迹，斑点，污点；记号，标记；分数,商务英语
endanger,ɪn'dendʒɚ,,vt.危及， 危害,商务英语
base,bes,,n.基础，底部；基地，根据地 vt.以…为根部； 把…建立在…的基础上,商务英语
surcharge,'sɝtʃɑrdʒ,,n.额外费； 附加罚款,商务英语
profitability,ˌprɔfitə'biləti,,n.收益性， 利益率,商务英语
employ,ɪm'plɔɪ,,vt.雇用；用，使用，利用 n.受雇， 雇佣,商务英语
subordinate,səˈbɔːdɪnɪt (for n. &adj.) ; səˈbɔːdɪˌnet (for v.),,a.下属的，下级的，级别低的；次要的，从属的 n.下属， 部属， 下级 vt.使处于次要地位， 使从属于,商务英语
achievement,ə'tʃivmənt,,n.成就， 成绩； 达到， 完成， 实现,商务英语
requisition,'rɛkwə'zɪʃən,,v.征用； 要求 n.正式要求；需要；要求；命令，征用；申请领取单,商务英语
trend,trɛnd,,vi.趋向， 倾向 n.趋势，倾向；时髦款式，时尚,商务英语
itinerary,aɪ'tɪnərɛri,,n.旅程； 路线； 旅行记录； 旅行指南,商务英语
loss,lɔs,,n.丧失， 遗失； 损失， 损耗， 亏损； 失败,商务英语
reliable,rɪ'laɪəbl,,a.可靠的， 可信赖的； 确实的,商务英语
compatible,kəm'pætəbl,,a.兼容的； 能和睦相处的， 合得来的,商务英语
incentive,ɪn'sɛntɪv,,a.激励的 n.动机；刺激，鼓励,商务英语
deregulation,"dɪ'rɛgjʊ,leʃən",,n.撤销管理规定， 解除控制， 解除管制,商务英语
enable,ɪ'nebl,,vt.使能够， 使可能， 使可行,商务英语
safety,'sefti,,n.安全； 保险； 安全设备， 保险装置； 安全场所,商务英语
workforce,'wɝkfɔrs,,n.职工总人数， 劳动力,商务英语
provisional,prə'vɪʒənl,,a.暂时的； 临时的,商务英语
stapler,'steplɚ,,n.订书机,商务英语
arise,ə'raɪz,,vi.升起； 产生， 出现； 由…引起， 起源于； 起身， 起床,商务英语
lose,luz,,v.丢失， 丧失； 迷失； 失败， 输掉； 损失； 白费， 浪费； 走慢,商务英语
constitute,'kɑnstətut,,vt.组成， 构成， 形成； 设立， 建立； 任命,商务英语
resilient,rɪ'zɪlɪənt,,a.弹回的， 有回弹力的,商务英语
utilization,ˌjuːtəlaɪ'zeɪʃn,,n.利用,商务英语
agree,ə'ɡri,,vi.赞同， 答应； 相符， 一致； 商定， 约定； 相宜， 适合,商务英语
resistance,rɪ'zɪstəns,,n.反抗； 抵制； 抵抗力， 抵抗性； 阻力， 电阻,商务英语
benchmark,'bɛntʃmɑrk,,n.基准； 用于比较分析的基本性资料,商务英语
face-to-face,"'fes,tə'fes",,a&ad.面对面的,商务英语
enjoyable,ɪn'dʒɔɪəbl,,a.快乐的， 有乐趣的,商务英语
discrepancy,dɪs'krɛpənsi,,n.不相符， 不一致， 差异,商务英语
courier,'kʊrɪɚ,,n.快递； 信使； 送急件的人； 导游； 息票利率； 附息票券,商务英语
spectrum,'spɛktrəm,,n.谱， 光谱， 频谱； 范围， 幅度,商务英语
jilt,dʒɪlt,,vt.抛弃,商务英语
convince,kən'vɪns,,vt.使确信， 使信服， 说服,商务英语
registration,'rɛdʒɪ'streʃən,,n.挂号； 登记， 注册,商务英语
terminate,'tɝmɪnet,,v.停止， 终止， 终结； 解雇,商务英语
refund,ˈrifʌnd,,n.退款 vt.退还,商务英语
contractor,kən'træktɚ,,n.承包商； 签约人,商务英语
broadcast,'brɔdkæst,,v.广播 n.广播，广播节目,商务英语
steel,stil,,a.钢的；钢铁般的，坚强的 vt.给…包上钢；使坚强 n.钢； 坚硬， 坚强,商务英语
internal,ɪn'tɝnl,,a.国内的， 内政的； 内的， 内部的； 内服的； 内心的,商务英语
damages,'dæmidʒis,,n.损害赔偿金,商务英语
classical,'klæsɪkl,,a.古典文学的， 经典的； 人文科学的； 文科的,商务英语
privilege,ˈprɪvəlɪdʒ,,n.特权， 优惠， 特殊利益,商务英语
gimmick,'ɡɪmɪk,,n.花招， 诀窍； 吸引人的噱头,商务英语
substitute,'sʌbstɪtut,,v.用…代替， 替代 n.代替者，代用品,商务英语
foreign,'fɔrən,,a.外国的； 外来的； 异质的； 陌生的； 无关的， 不相干的,商务英语
ineptitude,ɪ'nɛptə'tʊd,,n.不称职； 无能,商务英语
uniform,junəˌfɔrm,,a.相同的， 一律的， 清一色的； 不变的， 始终如一的 n.制服,商务英语
mortgage,'mɔrɡɪdʒ,,n.抵押，抵押贷款 vt.抵押,商务英语
identity,aɪ'dɛntəti,,n.身份； 个性， 特性； 同一性， 一致性,商务英语
scatter,'skætɚ,,vi.分散， 消散 vt.撒，散播；使散开，驱散,商务英语
verify,'vɛrɪfaɪ,,vt.核实， 查对， 查证； 证明， 证实； 检验,商务英语
excursion,ɪk'skɝʒn,,a.优待的 n.远足，短途旅行；游览；游览团体,商务英语
undergo,",ʌndɚ'ɡo",,vt.经历， 经受， 遭受,商务英语
reward,rɪ'wɔrd,,n.报偿，报答；奖赏，报酬，酬金 vt.报答， 酬谢， 奖励,商务英语
include,ɪn'klud,,vt.包含， 包括； 把…计算在内,商务英语
agency,'edʒənsi,,n.经办， 代理， 代理处； 专业行政部门,商务英语
perquisite,'pɝkwəzɪt,,n.外快， 额外收入； 额外津贴； 特权,商务英语
coupon,'kupɑn,,n.礼券， 优惠券； 配给券， 票证； 息票,商务英语
railroad,'relrod,,n.铁路 vt.由铁路运输,商务英语
backdate,'bæk'det,,v.倒填日期； 回溯,商务英语
nucleus,'nuklɪəs,,n.核； 核心， 中心,商务英语
white-collar,'wait'kɔlə,,a.白领的； 脑力劳动的,商务英语
fascinating,'fæsɪnetɪŋ,,a.迷人的； 有极大吸引力的,商务英语
abstract,'æbstrækt,,a.抽象的，不具体的；抽象派的；深奥的，难以理解的 n.摘要， 提要； 抽象派艺术作品 vt.做…的摘要； 提取,商务英语
juice,dʒus,,n.汁， 液， 浆,商务英语
agenda,ə'dʒɛndə,,n.会议议程， 议事日程,商务英语
ill-mannered,'il'mænəd,,a.态度恶劣的,商务英语
altogether,",ɔltə'ɡɛðɚ",,ad.总共； 完全地； 总之,商务英语
appearance,ə'pɪrəns,,n.出现， 出场； 显露， 露面； 外貌， 样子； 出庭,商务英语
liquid,'lɪkwɪd,,a.液体的， 液态的； 清澈的， 晶莹的； 流畅的； 易换为现金的， 易兑现的 n.液体,商务英语
culture,'kʌltʃɚ,,n.文化； 教养； 修养； 培养， 培植； 培养菌,商务英语
comprehensiveness,ˌkɔmpri'hensivnis,,n.综合； 内涵； 包罗万象,商务英语
go-slow,ˌgəu'sləu,,n.怠工,商务英语
seniority,",sinɪ'ɔrəti",,n.资历； 资深； 年长； 职位高,商务英语
collegiate,kə'lidʒɪət,,a.学院的， 由学院组成的,商务英语
guru,'ɡʊru,,n.领袖， 巨头,商务英语
bizarre,bɪ'zɑr,,a.奇形怪状的， 怪诞的,商务英语
poll,pol,,n.民意调查，民意测验；民意调查结果 v.对…进行民意测验[调查],商务英语
pole,pol,,n.柱， 杆； 地极， 磁极， 电极， 极,商务英语
float,flot,,v.发行； 浮动， 漂浮， 飘动,商务英语
axis,'æksɪs,,n.轴， 中心线； 坐标轴， 基准线,商务英语
tight,taɪt,,ad.紧紧地， 牢牢地 a.紧的，紧身的，紧贴的；紧的；密封的，不透的,商务英语
space,spes,,n.空地，场地，场所，区域；空间，面积；太空；篇幅；间隔，距离，空隙；持续时间，期间 vt.把…隔开,商务英语
reference,'rɛfrəns,,n.推荐， 证明书； 提到， 论及； 参考， 查阅； 参考书目； 引文,商务英语
antidumping,'æntɪ'dʌmpɪŋ,,a.反倾销的,商务英语
spite,spaɪt,,n.恶意， 怨恨,商务英语
defendant,dɪ'fɛndənt,,n.被告,商务英语
arrange,ə'rendʒ,,v.安排， 准备； 整理， 排列,商务英语
portfolio,pɔrt'folɪo,,n.有价证券； 投资组合； 公事包， 文件夹,商务英语
punctuality,ˌpʌŋktʃʊˈælətɪ,,n.准时,商务英语
publicity,pʌb'lɪsəti,,n.宣传， 推广， 宣扬； 公众的注意， 名声； 广告,商务英语
depart,dɪ'pɑrt,,v.离开， 出发； 背离， 违反； 开行,商务英语
upturn,'ʌptɝn,,n.好转,商务英语
streamline,'strimlaɪn,,vt.使成流线型； 精简， 使效率更高； 合理化,商务英语
discover,dɪ'skʌvɚ,,n.看出，发现；暴露，显示 vt.发现， 找到， 发觉,商务英语
midday,",mɪd'de",,n.正午， 中午,商务英语
bottom,'bɑtəm,,vi.达最低点 a.最低的；最后的；底部的 n.底部；远端，尽头；臀部,商务英语
receivership,rɪ'sivɚʃɪp,,n.破产管理， 破产在管； 破产管理人的职务,商务英语
commitment,kə'mɪtmənt,,n.承诺， 许诺， 保证； 信奉， 献身； 承担的义务,商务英语
capture,'kæptʃɚ,,vt.俘获，捕获；夺得，占领；引起注意 n.俘获， 捕获； 夺得， 占领； 吸引,商务英语
fixture,'fɪkstʃɚ,,n.固定设备,商务英语
histogram,'hɪstəɡræm,,n.柱状图， 直方图,商务英语
qualification,",kwɑlɪfɪ'keʃən",,n.资格； 资格证明， 合格证书； 限制， 限定； 限定性条件,商务英语
manufacture,'mænjə'fæktʃɚ,,v.〔用机器大量〕生产，制造 n.〔大量商品的〕生产，制造,商务英语
appointee,"ə,pɔɪn'ti",,n.被任命者， 被指定者； 被指定的财产受益者,商务英语
provision,prə'vɪʒn,,n.提供，供给；预备 v.〔尤指为旅行〕给…提供所需品,商务英语
recruit,rɪ'krut,,v.招募；吸收；补充 n.新兵； 新成员,商务英语
speaker,'spikɚ,,n.说话者， 发言者， 演讲者； 讲某种语言的人； 扬声器； 代言人,商务英语
predicament,prɪ'dɪkəmənt,,n.困境， 窘境,商务英语
slogan,'slogən,,n.标语， 口号， 广告语,商务英语
repair,rɪ'pɛr,,v.修理；修补 n.修理；修补；修缮,商务英语
bribery,'braɪbəri,,n.行贿， 受贿,商务英语
arrival,ə'raɪvəl,,n.到达， 抵达； 到达者,商务英语
configuration,"kən,fɪɡjə'reʃən",,n.布置； 配置， 布局， 构造,商务英语
advice,ədˈvaɪs,,n.建议； 劝告， 忠告； 通知,商务英语
scientific,",saɪən'tɪfɪk",,a.科学的,商务英语
insure,ɪn'ʃʊr,,vt.上保险， 给…保险； 保证， 确保,商务英语
protract,pro'trækt,,vt.延长,商务英语
error,'ɛrɚ,,n.错误， 差错； 误差,商务英语
platform,'plæt'fɔrm,,n.台， 平台， 讲台； 站台， 月台； 纲领， 宣言,商务英语
network,'nɛtwɝk,,n.网状物； 广播网， 电视网； 网络， 网状系统,商务英语
differential,'dɪfə'rɛnʃəl,,n.差价,商务英语
jealous,'dʒɛləs,,a.妒忌的， 羡慕的； 猜忌的， 猜疑的； 唯恐失去的； 精心守护的,商务英语
adman,'ædmæn,,n.广告撰写人； 拉广告者； 广告商,商务英语
paper,'pepɚ,,a.纸质的，纸板的 n.纸，墙纸；报纸；文件；文章，论文；书面作业，考卷；票据 vt.用墙纸裱糊,商务英语
array,ə're,,n.展示，陈列，一系列；排列，队形；衣服，盛装；数组，阵列 vt.排列， 配置； 打扮， 装饰,商务英语
parameter,pə'ræmɪtɚ,,n.限定因素；界限，范围,商务英语
spend,spɛnd,,vi.花费， 浪费； 耗尽 vt.花费；消磨，度过,商务英语
steam,stim,,vi.发出蒸汽，冒热气；产生蒸汽；靠蒸汽动力行进 n.蒸汽，水汽 vt.蒸； 煮； 用蒸汽开动,商务英语
endeavour,ɪndɛvəʳ,,vi.努力，尽力；尝试 n.努力， 尽力,商务英语
gilt-edged,'ɡilt'edʒd,,a.金边的； 最上等的,商务英语
track,træk,,v.跟踪， 追踪 n.小路，小径；某事的进程；跑道；轨道；足迹，车辙，踪迹,商务英语
value,'vælju,,n.价值 v.尊重，重视,商务英语
annex,əˈnɛks; æˈnɛks; (for n.) ˈænˌɛks,,vt.兼并，吞并；附加 n.附属建筑物,商务英语
procure,prə'kjʊr,,vt.取得， 获得； 购买,商务英语
modernization,",mɑdɚnə'zeʃən",,n.现代化； 现代化的事物,商务英语
quantity,'kwɑntəti,,n.量， 数量,商务英语
subcontract,",sʌbkən'trækt",,v.分包， 转包 n.转包合同，分包合同,商务英语
advantage,əd'væntɪdʒ,,n.优势， 优点； 利益， 好处,商务英语
stifle,'staɪfl,,vt.使窒息， 闷死， 闷住； 扼杀， 抑制， 阻止； 掩盖， 藏匿,商务英语
assistant,ə'sɪstənt,,a.帮助的，辅助的 n.助手， 助教； 辅助物,商务英语
overestimate,",ovər'ɛstɪmət",,v.高估， 评价过高 n.过高的估计； 过高的评价,商务英语
telegram,'tɛlɪɡræm,,n.电报,商务英语
instead,ɪn'stɛd,,ad.代替， 顶替， 作为替代； 反而， 却,商务英语
ultimately,'ʌltəmɪtlɪ,,ad.最后， 终于； 根本， 基本上,商务英语
command,kə'mænd,,n&v.命令， 指挥； 统帅， 支配； 控制； 掌握， 精通； 俯视； 赢得,商务英语
expensive,ɪk'spɛnsɪv,,a.昂贵的， 奢华的,商务英语
round,raʊnd,,ad.围绕；在…周围 a.圆的，圆形的 n.轮，轮次 v.环绕…而行，绕过，拐过,商务英语
dessert,dɪ'zɝt,,n.甜食， 点心,商务英语
deductible,dɪ'dʌktəbl,,a.可扣除的 n.免赔率； 免赔额； 扣除额,商务英语
variable,'vɛrɪəbl,,a.易变的； 可变的， 可调节的 n.可变因素，变量,商务英语
slash,slæʃ,,vt.砍；大幅度削减 n.砍， 砍痕； 斜线号,商务英语
growth,ɡroθ,,n.增长， 增加； 增长量； 生长， 发展； 生长物,商务英语
counter-productive,",kauntə prə'dʌktiv",,a.产生相反结果或效果的,商务英语
invoice,'ɪnvɔɪs,,v.开具…的发票 n.发票，发货清单,商务英语
seduce,sɪ'dʊs,,vt.勾引； 引诱， 诱使， 唆使,商务英语
vague,veɡ,,a.含糊的， 不明确的， 模糊的,商务英语
exception,ɪk'sɛpʃən,,n.例外， 除外,商务英语
temporary,ˈtempəreri,,a.暂时的，临时的；短暂的 n.临时工， 临时雇员,商务英语
optimal,'ɑptəml,,a.最佳的， 最适度的， 最优的,商务英语
leading,'lidɪŋ,,a.第一位的， 首位的， 领导性的； 最重要的， 主要的； 领衔的,商务英语
allowed,ə'laud,,a.许可的,商务英语
awful,'ɔfl,,a.可怕的； 极坏的； 威严的； 令人不快的， 难过的， 不舒服的； 非常的， 极大的,商务英语
ion,'aɪən,,n.离子,商务英语
laptop,'læptɑp,,n.便携式电脑,商务英语
urge,ɝdʒ,,vt.鼓励，激励；竭力主张，强烈要求；催促，力劝；使加速 n.强烈的欲望， 迫切的要求； 冲动,商务英语
branch,bræntʃ,,v.分离； 分岔 n.树枝，枝；分部，分号，分公司；分科，分支；支流，支线,商务英语
building,'bɪldɪŋ,,n.房屋， 建筑物,商务英语
score,skɔ,,v.记录，得分，记分；获胜，成功；给打分，给…评分；刻痕于，画线于；记号，刻痕 n.得分， 分数， 成绩； 二十； 记号， 刻痕,商务英语
probation,pro'beʃən,,n.试用， 见习； 缓刑； 察看,商务英语
quote,kwot,,v.引用，引述 n.引文，引语；引用,商务英语
enclosure,ɪn'kloʒɚ,,n.附件； 围住； 圈地； 围墙,商务英语
quota,'kwotə,,n.定额， 限额， 配额,商务英语
unanimous,jʊ'nænəməs,,a.全体一致的， 一致同意的， 无异议的,商务英语
saver,'sevɚ,,n.节俭的人； 救星,商务英语
unsatisfactory,",ʌn,sætɪs'fæktəri",,a.不能令人满意的,商务英语
empire,'ɛmpaɪr,,n.帝国,商务英语
absent,ˈæbsnt;(for v.)əbˈsɛnt,,a.缺席的； 缺乏的； 不在意的， 心不在焉的； 茫然的,商务英语
neat,nit,,a.整洁的； 利索的； 匀称的； 纯净的， 不掺水的； 纯的,商务英语
visual,'vɪʒʊəl,,a.视觉的， 看得见的,商务英语
educate,'ɛdʒuket,,vt.教育， 培养； 训练,商务英语
packer,'pækɚ,,n.包装工人， 包装机； 打包商， 包装业者,商务英语
agreement,ə'grimənt,,n.协议， 约定； 同意； 达成协议； 感情融洽,商务英语
appendix,ə'pɛndɪks,,n.阑尾； 附录,商务英语
fairly,'fɛrli,,ad.公正地； 正当地； 尚可， 还,商务英语
handwriting,'hænd'raɪtɪŋ,,n.笔迹， 书法,商务英语
raw,rɔ,,a.自然状态的： 未加工过的； 未煮过的， 生的； 未经分析的， 原始的； 生疏无知的， 未经训练的； 露肉而刺痛的,商务英语
proportional,prə'pɔrʃənl,,a.相称的； 成比例的,商务英语
economy,ɪˈkɑnəmɪ,,n.经济制度， 经济， 经济情况； 省俭， 节约， 充分利用,商务英语
ailment,'elmənt,,n.小病，不适,商务英语
community,kəˈmjunətɪ,,n.社区， 社会； 团体， 界； 群落,商务英语
moratorium,",mɔrə'tɔrɪəm",,n.延期偿还,商务英语
packet,'pækɪt,,n.小包， 小盒,商务英语
version,'vɝʒn,,n.译本； 版本,商务英语
capitalize,'kæpɪtəlaɪz,,vi.利用； 积累资本 vt.用大写字母书写；资本化；从…中获利,商务英语
airport,'ɛrpɔrt,,n.飞机场； 航站楼； 航空港,商务英语
advancement,əd'vænsmənt,,n.前进； 晋升； 预付款项,商务英语
selection,sɪ'lɛkʃən,,n.选择， 挑选； 被挑选出来的人， 精选品； 可供选择的东西,商务英语
nationality,",næʃə'næləti",,n.国籍； 民族,商务英语
guess,ɡɛs,,n&v.猜， 推测,商务英语
guest,ɡɛst,,n.客人 vt.款待,商务英语
institute,'ɪnstɪtut,,n.学会，研究所，学院 vt.建立， 设立,商务英语
detail,dɪˈtel,,vt.详述，详细说明 n.细节， 详情； 枝节， 琐事,商务英语
poster,'postɚ,,n.广告， 广告画； 宣传画； 招贴， 海报,商务英语
hobby,'hɑbi,,n.业余爱好； 癖好,商务英语
BA,",bi: 'ei",,n.文学士,商务英语
appropriate,əˈproprɪət;(for v.) əˈproprɪet,,a.适当的， 恰当的 vt.私占， 侵吞， 挪用； 拨出供专用,商务英语
criterion,kraɪˈtɪriən,,n.〔判断、决定的〕标准，准则,商务英语
least,list,,ad.最少，最小，最不 a.最小的，最少的 n.最小， 最少,商务英语
utility,ju'tɪləti,,n.公用事业〔如煤气、电力等〕,商务英语
manual,'mænjuəl,,a.手工的；用手的 n.手册， 指南,商务英语
cede,sid,,v.割让； 转让,商务英语
measurement,'mɛʒɚmənt,,n.测量， 衡量； 尺寸， 大小,商务英语
dollar,'dɑlɚ,,n.美元， 元,商务英语
optimistic,",ɑptɪ'mɪstɪk",,a.乐观的,商务英语
hungry,ˈhʌŋgrɪ,,a.饥饿的， 感到饿的； 渴望的,商务英语
insolvent,ɪn'sɑlvənt,,a.破产的， 资不抵债的,商务英语
dual,'dʊəl,,a.双重的,商务英语
omnipotent,ɑm'nɪpətənt,,a.全能的， 万能的,商务英语
refuse,ri'fjʊz,,v.拒绝， 谢绝； 拒不， 不肯， 不愿 n.废料， 垃圾,商务英语
retire,rɪ'taɪɚ,,v.退休， 退役； 退下， 退出， 撤退； 就寝,商务英语
aspect,'æspɛkt,,n.样子， 面貌； 方面； 朝向， 方向,商务英语
behavior,bɪ'hevjɚ,,n.举止， 行为,商务英语
stagnant,'stægnənt,,a.停滞的； 萧条的,商务英语
backhander,'bækhændɚ,,n.贿赂， 回扣,商务英语
federation,'fɛdə'reʃən,,n.联合会； 同盟； 联邦； 联合政府,商务英语
minimize,'mɪnɪmaɪz,,vi.达到最低值 vt.最小化；极力贬低，对…作最低估计,商务英语
indulgence,ɪn'dʌldʒəns,,n.放纵； 纵容； 迁就； 嗜好,商务英语
instalment,ɪn'stɔlm(ə)nt,,n.分期付款,商务英语
flavour,'fleivə,,n.味道；风味 vt.给…调味,商务英语
mitigate,'mɪtɪɡet,,vt.使缓和； 减轻,商务英语
holistic,ho'lɪstɪk,,a.整体的， 全盘的,商务英语
distributor,dɪ'strɪbjətɚ,,n.分配者； 批发商,商务英语
bondholder,"'bɑnd,holdɚ",,n.债券持有人,商务英语
oblige,ə'blaɪdʒ,,vi.施恩惠， 帮忙 vt.迫使；施恩于，帮…的忙；使感激,商务英语
CV,",si: 'vi:",,n.简历，履历,商务英语
consumable,kən'suməbl,,a.〔商品、物品〕可消耗的，供消耗的,商务英语
grocery,'ɡrosəri,,n.食品杂货店； 食品杂货业,商务英语
monopolize,mə'nɑpə'laɪz,,vt.垄断， 独占,商务英语
exemplify,ɪɡ'zɛmplɪfaɪ,,v.是…的典型； 例示， 举例证明,商务英语
lease,lis,,v.出租， 租得， 租有 n.租约，租契,商务英语
HRD,,,abbr.高纤维素饮食（High Roughage Diet）；人力资源开发（human resource development）,商务英语
exploit,ɛksplɔɪt; ɪkˈsplɔɪt,,vt.剥削； 利用； 开发， 开采； 探究,商务英语
collateral,kə'lætərəl,,a.并行的； 间接的， 旁系的； 附属的； 担保的,商务英语
register,'rɛdʒɪstɚ,,vi.登记，注册 vt.给…注册，登记；显示，指示，自动记下；表达，流露；注意到，记住；挂号邮寄，托运 n.登记， 注册； 登记簿， 花名册,商务英语
couple,'kʌpl,,v.连接， 结合 n.对，双；夫妻；两三，一些,商务英语
eager,'igɚ,,a.热切的， 渴望的,商务英语
occupancy,'ɑkjəpənsi,,n.占有， 使用； 居住； 供占用的住房,商务英语
voucher,'vaʊtʃɚ,,n.开支清单； 收据， 票券； 优惠券,商务英语
sprint,sprɪnt,,v.疾跑，冲刺 n.全速短跑,商务英语
official,əˈfɪʃəl; oʊˈfɪʃəl,,a.官方的，正式的；官员的；公务的 n.官员， 行政人员； 高级职员,商务英语
DP,,,abbr.防潮的（Damp Proofing）；民主党（Democratic Party）；露点（Dew Point）；数据处理（Data Processing）；难民（Displaced Person）；棒球双杀（Double Play）,商务英语
spring,sprɪŋ,,vi.弹跳；飞快地行动；涌现，突然出现 n.春天，春季；弹簧，发条；泉，泉源；跳，跃 vt.突然提出,商务英语
red,rɛd,,a.红色的 n.红色；红颜料；负债,商务英语
autonomy,ɔ'tɑnəmi,,n.自治， 自治权； 人身自由， 自主权,商务英语
assessment,ə'sɛsmənt,,n.估价， 评估,商务英语
act,ækt,,vi.行动，做；起作用；表演 vt.扮演；装出 n.行为；  法令， 条例； 表演； 幕,商务英语
agricultural,",ægrɪ'kʌltʃərəl",,a.农业的， 农艺的,商务英语
post,post,,v.投寄， 邮寄； 贴出； 宣布， 公布 n.邮政，邮件，邮寄；柱，标杆；职位，岗位；公告,商务英语
jackpot,'dʒækpɑt,,n.头奖； 累积赌注； 巨额奖金,商务英语
leave,liv,,vi.离开，出发 vt.离开；舍弃；留下，剩下；遗留，遗忘；使处于；听任，让；交托，委托 n.许可， 准许； 准假， 假期； 告别,商务英语
stub,stʌb,,n.票据存根， 票根,商务英语
dubious,'dubɪəs,,a.怀疑的； 犹豫不决的， 无把握的； 有问题的， 靠不住的； 含糊的,商务英语
binder,'baɪndɚ,,a.有约束力的 n.临时契约；绑缚者,商务英语
female,'fimel,,a.雌的； 女的 n.女子；雌性的动物,商务英语
reassessment,",riə'sɛsmənt",,n.再估价； 再鉴定,商务英语
RSVP,,,abbr.请回复 Répondez s'il vous plaît（法语）,商务英语
surrender,sə'rɛndɚ,,vi.投降；屈服，让步 vt.交出，放弃 n.投降， 放弃,商务英语
faint,fent,,a.不清楚的，模糊的 v.晕倒，昏厥 n.昏厥,商务英语
add,æd,,vi.增加，补充；相加 vt.接着讲； 附带说明,商务英语
liquidate,'lɪkwɪdet,,v.清偿， 清算； 清理,商务英语
world-wide,'wəːldˌwaid,,a.遍及地球的， 世界范围的,商务英语
minister,'mɪnɪstɚ,,n.部长， 大臣； 公使， 外交使节； 牧师,商务英语
photographic,'fotə'græfɪk,,a.照相的,商务英语
cruel,kruəl,,a.残酷的， 残忍的； 令人痛苦的,商务英语
attributable,ə'trɪbjətəbl,,a.可归因于…的,商务英语
amend,ə'mɛnd,,v.修改， 修订， 改进,商务英语
originally,ə'rɪdʒənəli,,ad.最初， 原先,商务英语
remedy,'rɛmədi,,n.补救办法，改进措施；药品，疗法 vt.改正， 纠正,商务英语
jail,dʒel,,n.监狱， 看守所,商务英语
insist,ɪn'sɪst,,v.坚持； 坚决主张， 坚持要求， 坚决认为； 强调,商务英语
typewriter,'taɪpraɪtɚ,,n.打字机,商务英语
recertification,'riːˌsəːtifi'k3ɪʃən,,n.换发新证,商务英语
nullify,'nʌlɪ'fai,,vt.使无效,商务英语
article,'ɑrtɪkl,,n.文章； 物件， 物品； 条款， 项目； 冠词,商务英语
respect,rɪ'spɛkt,,n.尊敬，敬重 v.尊敬，敬佩，敬重,商务英语
retreat,rɪ'trit,,v.退却，撤退；逃避，躲避；退缩 n.退却， 撤退； 逃避， 躲避； 退缩； 隐静居处， 僻静处,商务英语
volume,'vɑljum,,n.卷， 册， 书卷； 体积， 容积， 容量； 音量， 响度,商务英语
transact,træn'zækt,,v.交易； 执行， 处理,商务英语
mutual,'mjutʃuəl,,a.相互的， 彼此的； 共同的， 共有的,商务英语
port,pɔrt,,n.港口， 口岸,商务英语
skyrocket,'skaɪ'rɑkɪt,,v.猛涨，猛升 n.流星焰火,商务英语
ballooning,bə'lʊnɪŋ,,n.股票上涨； 非法操作价格,商务英语
guideline,'ɡaɪdlaɪn,,n.指导方针，指导原则,商务英语
loose,lus,,a.松的， 宽松的； 不精确的， 不严密的； 自由的， 不受束缚的,商务英语
pharmacy,'fɑrməsi,,n.药房， 药店； 药剂学， 配药,商务英语
adjustment,ə'dʒʌstmənt,,n.调整,商务英语
exchange,ɪks'tʃendʒ,,v.兑换； 调换， 交换， 互换； 交流 n.交换，互换，调换；汇兑，兑换，兑换率,商务英语
hardly,'hɑrdli,,ad.几乎不， 简直； 刚刚， 仅仅； 艰辛地， 费力地,商务英语
rationalization,",ræʃənəlɪ'zeʃən",,n.合理化,商务英语
decimal,'dɛsɪml,,a.十进制的 n.小数,商务英语
trust,trʌst,,vi.依靠， 信赖； 相信， 信任 n.信任，信赖；可信任的人；委托，保管；赊账，赊卖；托拉斯，垄断企业 vt.相信，信赖；委托，托付；依靠，依赖,商务英语
income,'ɪnkʌm,,n.工资， 收入， 收益， 所得,商务英语
private,ˈpraɪvɪt,,a.私人的，个人的；秘密的；私下的；私立的，私营的 n.士兵， 列兵,商务英语
trounce,traʊns,,vt.痛击； 严责， 呵斥,商务英语
technical,'tɛknɪkl,,a.技术的， 工艺的； 专门性的， 专业性的,商务英语
production,prə'dʌkʃən,,n.生产， 制造， 制作； 生产量； 产品， 作品； 出示， 提供,商务英语
culminate,'kʌlmɪnet,,vi.告终； 达到最高点,商务英语
choose,tʃuz,,vt.挑选， 选择； 选定； 愿意,商务英语
collectivism,kə'lɛktɪvɪzəm,,n.集体主义,商务英语
benevolence,bə'nɛvələns,,n.捐款， 捐助物； 善意， 善心,商务英语
overtake,",ovɚ'tek",,v.追上， 赶上， 超过； 突然降临于； 意外地碰上,商务英语
directory,dəˈrɛktəri; (also) daɪˈrɛktəri,,n.人名地址录， 工商行名录， 号码簿， 手册； 董事会,商务英语
foreclose,fɔr'kloz,,vi.取消赎回权 vt.排除， 排斥,商务英语
behave,bɪ'hev,,vi.行为；开动，运转；作出反应 vt.检点的行为,商务英语
factoring,'fæktɚ,,n.贷款保收， 应收账款让售,商务英语
accomplish,ə'kɑmplɪʃ,,vt.达到， 完成， 实现,商务英语
engine,'ɛndʒɪn,,n.发动机； 机车， 火车头,商务英语
irritate,'ɪrɪtet,,vi.激怒； 刺激； 引起恼怒 vt.使恼怒，使烦躁；使不适，使疼痛,商务英语
responsible,rɪ'spɑnsəbl,,a.需负责任的， 应付责任的， 承担责任的； 有责任感的， 有责任心的， 负责可靠的； 责任重大的， 重要的,商务英语
scope,skop,,n.范围； 余地， 机会； 眼界， 见识,商务英语
handset,'hænd'sɛt,,n.无绳电话； 话筒,商务英语
morale,mə'ræl,,n.道德； 士气； 民心； 信念,商务英语
satellite,'sætəlaɪt,,n.卫星， 人造卫星； 附庸国,商务英语
illuminate,ɪ'lumɪnet,,v.照明； 照亮； 阐明， 启发； 说明,商务英语
mistake,mɪ'stek,,v.弄错， 误解， 误会； 把…误认为 n.错误，过失；误解，误会,商务英语
cost-effectiveness,'kɔsti'fektivnis,,n.成本效益； 成本效益比率,商务英语
bargaining,'bɑrgənɪŋ,,n.讨价还价,商务英语
embrace,ɪm'bres,,vt.拥抱；包括，包含；包围，环绕；抓住，欣然接受；信奉 n.拥抱， 怀抱,商务英语
identify,aɪ'dɛntɪfaɪ,,vi.认同； 确定 vt.认出，鉴定；识别，鉴别；把…等同于,商务英语
label,ˈlebəl,,n.标签；称号 vt.贴标签于； 把…称为,商务英语
improvement,ɪm'prʊvmənt,,n.改进， 改善； 增进； 改进处,商务英语
modify,'mɑdɪfaɪ,,vt.修改， 更改； 修饰,商务英语
environment,ɪn'vaɪrənmənt,,n.环境， 周围状况； 自然环境,商务英语
assessable,ə'sesəbl,,a.可评估的， 可估价的； 可征税的,商务英语
mercantilism,mɝ'kæntɪlɪzəm,,n.重商主义； 营利主义； 商人本性,商务英语
pledge,plɛdʒ,,v.保证， 发誓， 许诺 n.誓言，保证,商务英语
pronounce,prə'naʊns,,vi.表态 vt.发…的音；宣布，宣称，断言,商务英语
exempt,ɪg'zɛmpt,,a.被免除的， 被豁免的 vt.免除，豁免,商务英语
slightly,'slaɪtli,,ad.轻微地， 少许地,商务英语
career,kə'rɪr,,n.生涯， 职业， 事业,商务英语
copyright,'kɑpɪraɪt,,a.受版权保护的 n.版权；著作权 vt.获得…的版权,商务英语
education,",ɛdʒu'keʃən",,n.教育， 培养； 训练,商务英语
occupation,",ɑkju'peʃən",,n.职业， 工作； 占用， 占领， 占据； 从事的活动， 消遣,商务英语
release,rɪ'lis,,n&vt.释放， 排放； 解除， 解脱； 放开， 松开； 发布， 发行,商务英语
slim,slɪm,,a.苗条的；薄的；渺茫的；微小的，不充实的 v.减轻体重， 变苗条,商务英语
caption,'kæpʃən,,n.说明文字； 字幕； 标题,商务英语
marketable,'mɑrkɪtəbl,,a.畅销的， 销路好的,商务英语
faulty,'fɔlti,,a.有错误的， 有缺点的， 出毛病的,商务英语
variation,",vɛrɪ'eʃən",,n.变化， 变量； 变动； 变体， 变种； 变奏,商务英语
disappointment,",dɪsə'pɔɪntmənt",,n.失望,商务英语
banknote,'bæŋknot,,n.银行券； 钞票,商务英语
defect,‘dɪfɛkt,,vi.变节， 叛变 n.缺点， 缺陷， 毛病,商务英语
reinforce,",riɪn'fɔrs",,vt.增强， 加强， 增援； 加固,商务英语
slack,slæk,,a.〔绳子等〕不（拉）紧的，松弛的 n.〔绳索的〕松弛部分 v.松懈，懈怠；磨洋工,商务英语
bottleneck,'bɑtlnɛk,,n.瓶颈， 障碍,商务英语
property,'prɑpɚti,,n.财产， 资产， 所有物； 房产， 地产， 物业； 性质， 特性， 性能,商务英语
decline,dɪ'klaɪn,,vi.减少，下降；衰落 vt.婉言拒绝 n.下降， 减少； 谢绝， 拒绝； 斜坡,商务英语
passivity,pæ'sɪvəti,,n.被动,商务英语
judge,dʒʌdʒ,,v.审判，审理，判决；裁判；判断，断定，认为 n.法官， 审判员； 裁判员； 鉴定人， 鉴赏家,商务英语
manipulate,mə'nɪpjulet,,vt.操纵， 控制； 篡改账目等； 巧妙地处理,商务英语
spillover,'spɪlovɚ,,n.溢出； 外流入口； 溢出物； 间接影响,商务英语
similar,'sɪməlɚ,,a.相似的， 类似的,商务英语
partnership,'pɑrtnɚʃɪp,,n.合伙经营， 合伙人身份， 合伙,商务英语
verbalize,'vɝbəlaɪz,,v.描述,商务英语
uneconomical,",ʌn,ikə'nɑmɪkl",,a.不节俭的； 浪费的,商务英语
specify,'spɛsɪfaɪ,,vt.具体指定， 明确说明； 列入清单,商务英语
handle,'hændl,,v.处理，应付；操作；拿，触 n.柄， 把手,商务英语
forth,fɔrθ,,ad.向前； 以后； 往外,商务英语
tough,tʌf,,a.困难的， 难对付的； 坚强的， 能吃苦耐劳的； 坚韧的， 牢固的； 老的， 咬不动的； 粗暴的， 充满暴力的,商务英语
relevance,'rɛləvəns,,n.关联； 相关性,商务英语
patronizing,'petrənaɪzɪŋ,,a.屈尊俯就的； 高人一等的； 要人领情的； 俨然似恩人态度的,商务英语
mailbox,'mel'bɑks,,n.邮筒， 邮箱,商务英语
system,'sɪstəm,,n.系统， 体系； 制度， 体制； 方法， 方式,商务英语
converge,kən'vɝdʒ,,vi.会合； 互相靠拢； 聚集， 集中； 趋近,商务英语
flawed,flɔd,,a.有瑕疵的,商务英语
B-school,,,n.商学院；商业学校（等于business-school）,商务英语
wholesaler,'həʊlseɪlə(r),,n.批发商,商务英语
aid,ed,,n.帮助， 援助； 助手， 辅助设备； 救护， 救助,商务英语
partial,'pɑrʃəl,,a.部分的， 不完全的； 偏爱的； 偏袒的， 偏心的,商务英语
aim,em,,vi.目的在于，企图；瞄准，对准 n.目的；瞄准；针对 vt.把…瞄准； 使针对， 使旨在,商务英语
against,əˈɡɛnst;əˈɡenst,,prep.逆， 反； 违反； 对…不利； 紧靠， 倚在； 与…对照， 对比； 用…抵付； 用…交换； 防备， 预防,商务英语
confident,'kɑnfɪdənt,,a.确信的， 肯定的； 有信心的， 自信的,商务英语
retain,rɪ'ten,,vt.保留， 保持,商务英语
air,ɛr,,v.晾晒， 风干， 通风换气； 吹风； 发表， 表达； 使公开 n.空气；气氛；气派，架势，态度；样子，神态；空中；空军；航空；旋律,商务英语
slowdown,'slo'daʊn,,n.降低速度， 减速,商务英语
courage,'kɝrɪdʒ,,n.勇气， 胆识,商务英语
local,ˈloʊkl,,a.地方性的，当[本]地的 n.本地人，当地居民,商务英语
retail,'ritel,,n&v&ad.零售,商务英语
manufacturer,",mænju'fæktʃərɚ",,n.制造商， 制造厂,商务英语
healthcare,"'hɛlθ,kɛr",,n.卫生保健,商务英语
attosecond,'ætəʊ's3kənd,,n.阿秒,商务英语
withstand,wɪð'stænd,,vt.抵挡， 经受住,商务英语
valid,'vælɪd,,a.有根据的， 确凿的； 有效的， 正当的， 具有法律效力的,商务英语
innovate,'ɪnəvet,,v.创新， 革新,商务英语
accommodate,ə'kɑmədet,,v.向…提供住宿； 容纳， 接纳； 适应； 调和,商务英语
steadily,'stɛdəli,,ad.稳定地； 有规律地,商务英语
yield,jild,,vi.屈服，顺从；倒塌，垮掉；产出，产生；让渡，让与 n.产量， 产额； 收益， 利润,商务英语
administer,əd'mɪnɪstɚ,,vt.管理， 掌管， 料理…的事务； 施行， 实施； 给予， 派给,商务英语
electronic,ɪˌlɛkˈtrɑnɪk,,a.电子的,商务英语
vacation,veˈkeʃən,,vi.度假 n.假期，休假；空出，腾出,商务英语
share,ʃɛr,,v.共享；共用，合用 n.股，股份,商务英语
assertion,ə'sɝʃən,,n.断言； 声称,商务英语
deficit,'dɛfəsɪt,,n.赤字， 亏空， 亏损； 缺乏， 不足； 落后,商务英语
sacred,'sekrɪd,,a.神圣的； 神圣不可侵犯的； 宗教的,商务英语
elegant,'ɛləgənt,,a.优美的， 文雅的， 讲究的； 简练的， 简洁的,商务英语
outcome,'aʊt'kʌm,,n.结果,商务英语
umpire,'ʌmpaɪɚ,,v.仲裁， 任裁判 n.仲裁人，裁判员,商务英语
tender,'tɛndɚ,,vi.投标 a.嫩的；脆弱的；疼痛的，一触即痛的；温柔的 n.投标 vt.提出,商务英语
advertiser,'ædvɚtaɪzɚ,,n.广告商,商务英语
provable,'pruːvəbl,,a.可证明的； 可查明的,商务英语
showpiece,'ʃopis,,n.陈列品； 展品， 样品,商务英语
workload,'wɝklod,,n.工作量,商务英语
curriculum,kə'rɪkjələm,,n.全部课程； 必修课程,商务英语
prototype,'protə'taɪp,,n.原型,商务英语
sharp,ʃɑrp,,ad.正好 a.锋利的，锐利的；强烈的，尖刻的；轮廓分明的，鲜明的；急转的；敏锐的，聪明的，机警的；急剧的，猛烈的；刺耳的，刺鼻的,商务英语
powerful,'paʊɚfl,,a.有力的； 强大的； 有权力的； 强壮的， 强健的,商务英语
anchor,'æŋkɚ,,vi.抛锚， 停泊； 固定， 扎根 n.锚；给人安全感之物 vt.抛，泊；把…系住，使固定；担任主持人,商务英语
acquaintance,ə'kwentəns,,n.认识的人， 熟人； 认识， 了解,商务英语
movement,'muvmənt,,n.动， 运动； 行动， 活动； 举动， 动作； 移动， 迁移； 运动； 倾向， 动向， 趋势； 乐章,商务英语
flier,'flaɪɚ,,n.广告传单； 杰出的人,商务英语
shed,ʃɛd,,vi.泻出；流出；脱落；散发 vt.脱落，脱去；流出，流下；发出，散发；摆脱，去掉，去除 n.棚屋,商务英语
cent,sɛnt,,n.分币； 百,商务英语
rating,'retɪŋ,,n.评级； 收视率， 收听率； 等级， 品级,商务英语
indemnity,ɪn'dɛmnəti,,n.补偿， 赔偿,商务英语
volatility,",vɑlə'tɪləti",,n.无常性； 不稳定； 挥发性,商务英语
autonomous,ɔ'tɑnəməs,,a.自治的； 独立自主的,商务英语
correspond,",kɔrə'spɑnd",,vi.相符合， 相一致； 相当， 相类似； 通信,商务英语
trial,'traɪəl,,n.审判， 审讯； 试， 试用， 试验； 令人讨厌的人,商务英语
spur,spɝ,,vi.策马飞奔 n.刺激；激励 vt.激励，鞭策，促进,商务英语
perception,pɚ'sɛpʃən,,n.感知， 觉察； 认识， 观念， 看法,商务英语
cage,kedʒ,,v.关入笼中 n.笼子,商务英语
undertake,",ʌndɚ'tek",,vt.承担， 着手做； 同意， 答应， 保证,商务英语
optimize,'ɑptɪmaɪz,,vt.使最优化,商务英语
MB,,,abbr.兆位，兆字节（mega byte）,商务英语
down time,'dauntaim,,n.停工期,商务英语
bureau,'bjʊro,,n.司， 局， 处， 社， 所,商务英语
net,nɛt,,a.净的，纯的 n.网，网状系统 vt.净得， 净赚,商务英语
complement,ˈkɑːmplɪment,,n.补充， 互为补充的东西； 编制名额， 装备定额； 补语 vt.补充； 与…相配,商务英语
closure,'kloʒɚ,,n.停业,商务英语
cable,'kebl,,n.缆，电缆；电报 vt.给…发电报， 用电报传送,商务英语
qualify,ˈkwɑləˌfaɪ,,v.胜任， 具有资格， 合格； 说明…合格,商务英语
nasty,'næsti,,a.龌龊的； 下流的， 污秽的； 使人难受的， 令人作呕的； 讨厌的， 难弄的； 激烈的； 严重的； 恶意的， 凶相的,商务英语
shaky,'ʃeki,,a.虚弱的， 颤抖的； 不安的， 不可靠的； 摇晃的， 动摇的,商务英语
border,'bɔrdɚ,,vi.和…接近，与…连接；近似 n.边，边缘；边界，国界 vt.给…加上边， 围； 邻接， 毗连,商务英语
markup,'mɑrkkʌp,,n.标高价目； 涨价， 涨价幅度； 毛利,商务英语
below,bɪ'lo,,ad.在下面， 到下面 prep.在…下面，紧靠在…底下；在…以下；低于,商务英语
articulate,ɑr'tɪkjulet,,a.善于表达的， 发音清晰的； 表达得清楚有力的 vt.明确有力地表达； 清楚地吐， 清晰地发,商务英语
admission,əd'mɪʃən,,n.准许进入； 入场费； 录用， 任用； 承认， 供认,商务英语
expense,ɪk'spɛns,,n.费用，花费,商务英语
blue-collar,"'blu:,kɔlə",,a.体力劳动的,商务英语
ex-dividend,eks'dividend,,n.无息股,商务英语
rumour,'ru:mə,,n.谣言,商务英语
tool,tul,,n.工具， 用具； 方法， 手段,商务英语
impending,ɪm'pɛndɪŋ,,a.即将发生的， 逼近的,商务英语
unit,'junɪt,,n.单位； 部件， 元件， 装置； 一个， 一员； 单元,商务英语
factorage,'fæktərɪdʒ,,n.融资商佣金； 代理商佣金,商务英语
contemporary,kən'tɛmpərɛri,,a.当代的；同时代的 n.同代人， 当代人,商务英语
creditworthy,'krɛdɪtwɝði,,a.信用好的,商务英语
collect,kə'lɛkt,,v.收集，采集；使集中 n.〔某些基督教仪式中的〕短祷文,商务英语
dusty,'dʌsti,,a.满是灰尘的； 粉状的； 浅灰色的； 枯燥无味的,商务英语
amusement,ə'mjuzmənt,,n.娱乐， 消遣， 娱乐活动,商务英语
attn,ə'tɛn,,abbr.注意（attention）,商务英语
facilitate,fə'sɪlə'tet,,vt.使…变得容易， 使便利； 推动； 促进,商务英语
endow,ɪn'daʊ,,vt.资助， 捐赠， 向…捐钱； 给予， 赋予； 认为…具有某种特质,商务英语
leverage,'lɛvərɪdʒ,,n.力量， 影响； 杠杆作用， 杠杆的力量； 财务杠杆,商务英语
c/o,,,abbr.产地证明书（certificate of origin）；由转交（care of）,商务英语
financial,faɪˈnænʃəl;fəˈnæ-,,a.财政的， 金融的,商务英语
dumb,dʌm,,a.哑的； 说不出话的， 沉默的,商务英语
media,'miːdiə,,n.媒体； 新闻媒介， 传播媒介,商务英语
acculturation,"ə,kʌltʃə'reʃən",,n.文化传入； 文化适应； 同化过程,商务英语
reallocate,",ri'æləket",,vt.再分配， 重新分配,商务英语
pollute,pə'lut,,vt.弄脏， 污染； 玷污， 败坏,商务英语
running,'rʌnɪŋ,,a.运营的； 连续的,商务英语
telegraph,'tɛlɪɡræf,,v.打电报 n.电报机,商务英语
disappoint,'dɪsə'pɔɪnt,,vt.使失望； 使落空,商务英语
weakness,'wiknəs,,n.虚弱， 衰弱， 软弱； 缺点， 弱点； 偏好， 嗜好,商务英语
predict,prɪ'dɪkt,,v.预言； 预料， 预告,商务英语
dictate,'dɪktet,,v.口述， 使听写； 命令， 支配； 要求 n.命令； 规定， 要求,商务英语
gilt,ɡɪlt,,n.金色涂层，镀金材料 a.镀金的,商务英语
commensurate,"kəˈmɛnsərɪt, -ʃə-",,a.同等的； 相称的,商务英语
photocopy,'fotokɑpi,,n&v.影印,商务英语
render,'rɛndɚ,,vt.发出， 开出； 使得， 致使； 给予， 提供； 翻译,商务英语
abroad,ə'brɔd,,ad.到国外， 在国外； 在传播， 在流传 a.国外的,商务英语
undermine,'ʌndɚ'maɪn,,vt.暗中破坏； 逐渐削弱； 侵蚀…的基础,商务英语
radical,'rædɪkl,,a.根本的，基本的；激进的；彻底的，完全的 n.激进分子,商务英语
manifest,'mænɪfɛst,,a.明显的，显然的，明了的 vt.显示，表明，证明；使显现，使显露 n.舱单； 载货目录， 载货清单,商务英语
endeavor,ɪn'dɛvɚ,,vi.努力，尽力；尝试 n.努力， 尽力,商务英语
stonewalling,ˌstəun'wɔːliŋ,,n.妨碍或阻碍议程,商务英语
drawer,drɔr,,n.抽屉； 开票人,商务英语
just-in-time,'dʒʌstɪntaɪm,,n.准时制生产,商务英语
adjacent,ə'dʒesnt,,a.邻近的， 毗连的,商务英语
employment,ɪm'plɔɪmənt,,n.雇用； 工作,商务英语
requirement,rɪ'kwaɪɚmənt,,n.要求， 必要条件； 需要； 必需品,商务英语
transport,'trænspɔrt,,vt.运输，运送 n.运输， 运输系统； 运输工具,商务英语
specific,spɪ'sɪfɪk,,a.具体的，特定的，特有的 n.特效药,商务英语
prioritize,praɪ'ɔrətaɪz,,v.优先考虑， 确定优先次序,商务英语
super,'sʊpɚ,,a.超级的， 极好的,商务英语
PA,'pi 'e,,n.有线广播系统；扩音系统,商务英语
application,ˌæpləˈkeʃən,,n.申请， 申请表， 申请书； 应用， 实施； 实用性； 施用， 敷用， 涂抹,商务英语
productive,prə'dʌktɪv,,a.多产的； 富饶的； 富有成效的,商务英语
engage,ɪn'ɡedʒ,,vi.参加， 从事 vt.吸引；占用；使从事，使忙于；雇用，聘；使订婚,商务英语
appetite,'æpəˌtaɪt,,n.胃口， 食欲； 欲望,商务英语
strategy,'strætədʒi,,n.战略； 策略,商务英语
drawee,drɔ'i,,n.受票人,商务英语
risky,'rɪski,,a.有风险的， 危险的； 冒险的,商务英语
remainder,rɪ'mendɚ,,n.余下的部分； 其余的人； 廉价出售的图书,商务英语
dull,dʌl,,a.不景气的； 乏味的， 单调的； 晦暗的； 阴沉的； 低沉的， 沉闷的； 愚钝的， 笨的； 钝的， 不锋利的,商务英语
collapse,kə'læps,,n&v.崩溃， 倒塌,商务英语
territory,'tɛrətɔri,,n.领土， 版图； 领域， 区域， 范围,商务英语
reason,ˈrizən,,vi.推论， 推理； 劝说 n.理由，原因；理性，判断力；理智，清醒的头脑；道理，情理 vt.论证，推断，分析；与…评理，劝说,商务英语
amendment,ə'mɛndmənt,,n.修正案； 修正； 改进， 改善； 纠正,商务英语
bootleg,'butlɛɡ,,v.私自贩运， 非法酿酒,商务英语
benchmarking,"'bentʃ,mɑ:kiŋ",,n.标杆分析法， 基准化分析法,商务英语
accurate,'ækjərət,,a.准确的， 精确的； 正确无误的,商务英语
concession,kən'sɛʃən,,n.让步， 妥协； 特许， 特许权； 承认， 认可,商务英语
maintain,men'ten,,vt.维持， 保持； 维修， 保养； 坚持， 主张； 赡养， 负担,商务英语
shift,ʃɪft,,v.移动，转移；改变，转变 n.转换， 转变； 轮班,商务英语
counterfeits,'kauntəfits,,n.冒牌货； 伪造品,商务英语
uneconomic,",ʌn,ikə'nɑmɪk",,a.不经济的， 赚不到钱的,商务英语
expertise,'ɛkspɝ'tiz,,n.专门知识， 专长,商务英语
bargain,ˈbɑrɡɪn,,vi.讨价还价 n.特价商品，便宜的东西；协议；交易,商务英语
professional,prə'fɛʃənl,,a.职业的，专业的，专门的 n.职业选手， 专业人员,商务英语
securities,si'kjuəritis,,n.证券； 有价证券,商务英语
maximize,'mæksɪmaɪz,,v.最大化,商务英语
nil,nɪl,,n.无， 零,商务英语
jam,dʒæm,,vi.挤入； 卡住 n.果酱；拥挤，堵塞，阻塞；卡住 vt.压紧，拧紧；突然用力推；将…塞进，堵塞，挤满；使卡住；干扰,商务英语
annual,'ænjuəl,,a.每年的，年度的，一年一次的 n.年报， 年刊， 年鉴； 一年生植物,商务英语
exclusive,ɪk'sklusɪv,,a.奢华的，高级的；专有的，独有的，独享的；独家的；排斥的，排他的；不包括…的，不把…计算在内的 n.独家新闻,商务英语
palatial,pə'leʃl,,a.富丽堂皇的,商务英语
dissuade,dɪ'swed,,vt.劝阻,商务英语
shopping,'ʃɑpɪŋ,,n.买东西， 购物,商务英语
conclusive,kən'klusɪv,,a.决定性的； 结论的,商务英语
margin,'mɑrdʒən,,n.利润； 页边空白； 差数， 差额； 余地， 余裕； 极限， 界限； 边， 边缘； 赚头， 利润； 保证金， 定金,商务英语
broke,brok,,a.破产的， 一文不名的,商务英语
nail,nel,,n.钉，钉子，钉状物；指甲，爪 vt.钉， 使牢固,商务英语
remain,rɪ'men,,v.继续，依然,商务英语
demand,dɪ'mænd,,n.请求偿付；要求；需要，需求 vt.要求， 强令； 需要； 询问,商务英语
acquiesce,",ækwi'es",,vi.默许； 默认,商务英语
slow,sloʊ,,a.慢的，缓慢的；迟钝的，不灵巧的；清淡的，不忙碌的 v.放慢， 减速,商务英语
grade,ɡred,,n.等级，级别；成绩，分数；年级 vt.对…按级分类； 对…进行评分,商务英语
letter,'lɛtɚ,,n.信，函 v.把字(母)写[画，绘]于,商务英语
extraterritoriality,",ɛkstrə,tɛrə,torɪ'æləti",,n.治外法权； 不受管辖,商务英语
overtime,",ovə'taɪm",,ad.超时 a.超时的 n.加班，加班费,商务英语
deposit,dɪ'pɑzɪt,,n.定金，押金；存款；沉积物，矿床，矿藏 vt.使沉淀； 存放， 寄存； 储蓄,商务英语
dissipate,'dɪsɪpet,,vi.消散，消失 vt.使消散， 使消失， 驱散； 浪费， 挥霍,商务英语
depositor,dɪ'pɑzɪtɚ,,n.存款者， 储户,商务英语
fluctuation,",flʌktʃʊ'eʃən",,n.波动， 变动， 涨跌,商务英语
corruption,kə'rʌpʃən,,n.腐化， 堕落； 腐烂； 腐败， 贪污,商务英语
bodywork,'bɑdɪwɝk,,n.车身,商务英语
skillful,'skɪlfəl,,a.灵巧的， 熟练的； 有技术的,商务英语
accuse,ə'kjuz,,vt.指控， 控告； 指责,商务英语
complexity,kəm'plɛksəti,,n.复杂,商务英语
bearish,'bɛrɪʃ,,a.卖空的； 行情看跌的,商务英语
accentuate,ək'sɛntʃuet,,vt.强调， 突出； 重读,商务英语
guarantee,",ɡærən'ti",,n.保证书；保单；担保；抵押品 vt.保证， 担保,商务英语
recommend,'rɛkə'mɛnd,,vt.推荐， 介绍； 建议， 劝告； 使可取， 使受欢迎,商务英语
predecessor,'prɛdəsɛsɚ,,n.前任， 前辈； 原有事物， 前身,商务英语
acquire,ə'kwaɪr,,vt.购得， 占有； 取得， 获得； 学到； 养成,商务英语
tactic,'tæktɪk,,n.策略； 战术， 兵法,商务英语
worth,wɝθ,,a.值…的，值得…的 prep.值…钱， 相当于…价值 n.价值,商务英语
visionary,'vɪʒənɛri,,a.有远见卓识的； 梦幻的， 耽于幻想的,商务英语
diversity,dɪˈvəsɪti,,n.差异， 不同； 多样性； 相异； 相差,商务英语
default,dɪ'fɔlt,,vi.不履行义务， 拖欠 n.违约，拖欠；弃权；预设；缺省，缺乏,商务英语
helicopter,'hɛlɪkɑptɚ,,n.直升机,商务英语
encryption,ɛn'krɪpʃən,,n.编码,商务英语
vendor,'vɛndɚ,,n.卖方,商务英语
beverage,'bɛvərɪdʒ,,n.饮料,商务英语
spreadsheet,'sprɛdʃit,,n.空白表格； 电子制表软件； 电子数据表,商务英语
grace,ɡres,,n.优美，优雅 v.为…增色，美化，使优美,商务英语
advertisement,",ædvɚ'taɪzmənt",,n.广告； 公告， 启事； 广告活动， 宣传,商务英语
dividend,'dɪvɪdɛnd,,n.红利， 股息； 回报， 效益； 被除数,商务英语
ripe,raɪp,,a.熟的， 成熟的； 时机成熟的,商务英语
attribute,ə'trɪbjut,,vt.把…归因于， 把归于 n.属性， 特性， 品质,商务英语
mechanism,'mɛkənɪzəm,,n.机械装置； 机制， 机理； 办法， 途径； 机构， 结构,商务英语
synergic,si'nəːdʒik,,a.协作的， 合作的,商务英语
up-market,'ʌpmɑːkit,,a&ad.高端市场的,商务英语
triumph,ˈtraɪəmf,,vi.获胜， 得胜， 成功 n.凯旋，胜利，成功；喜悦,商务英语
outweigh,'aʊt'we,,v.在重量上超过,商务英语
walk-out,'wɔːk'aut,,n.罢工,商务英语
black,blæk,,a.黑色的；黑暗的；黑人的；不加奶的；暗淡的，毫无希望的 v.变黑 n.黑色；黑人,商务英语
optimum,'ɑptəməm,,a.最合适的；最优的，最佳的 n.最大限度； 最优效果； 最佳条件,商务英语
holder,'holdɚ,,n.持有者， 占有者； 支托物， 夹具,商务英语
suppress,sə'prɛs,,vt.压制， 镇压； 禁止发表， 查禁； 抑制， 忍住； 阻止…的生长,商务英语
broker,'brokɚ,,n.经纪人， 代理人,商务英语
palpable,'pælpəbl,,a.可触知的； 明显的,商务英语
tour,tʊr,,v.旅行， 观光； 巡回 n.旅行，游览；周转，流通，循环,商务英语
call,kɔl,,vi.叫；访问 vt.把…叫做；打电话给；叫；呼唤；召开 n.喊叫； 电话， 通电话； 访问,商务英语
consensus,kən'sɛnsəs,,n.一致， 一致同意,商务英语
calm,kɑm,,vi.平静下来 a.平静的； 镇定的， 沉着的 vt.使平静，使镇定,商务英语
kick,kɪk,,v.踢 n.踢；极大的乐趣,商务英语
absolute,'æbsəlut,,a.绝对的， 完全的； 十足的， 地道的； 确实的， 肯定的； 不受任何限制的,商务英语
supervise,'sʊpɚ'vaɪz,,v.监督， 管理， 指导,商务英语
canteen,kænˈtiːn,,n.食堂， 小卖部； 水壶,商务英语
overtrade,",əuvə'treid",,vi.贸易过度,商务英语
dilemma,"dəˈlɛmə, daɪ-",,n.困境， 进退两难的局面,商务英语
rub,rʌb,,vt.擦， 摩擦,商务英语
TT,,,abbr.电汇（Telegraphic Transfer）；总时间（Total Time）；技术术语（Technical Term）；经结核菌素试验的（Tuberculin Tested）,商务英语
strength,strɛŋθ,,n.力， 力气， 力量； 实力； 长处， 优点； 强度， 浓度； 人力， 兵力,商务英语
wealthy,'wɛlθi,,a.富裕的； 丰富的,商务英语
administration,"əd,mɪnɪ'streʃən",,n.管理， 经营； 支配； 管理部门， 行政机关； 实行， 执行,商务英语
sterling,'stɝlɪŋ,,n.英镑〔指英国货币〕 a.优秀的，出色的,商务英语
liquidity,lɪ'kwɪdəti,,n.流动性； 资产折现力,商务英语
run,rʌn,,vi.跑；行驶；伸展，延展；进行，运转，运行；竞选；流，淌；延续，连续；变成，变得 vt.使滑动，使移动；经营，管理；开动，操作；载送，运送 n.跑步， 奔跑； 路程， 行程， 航程； 运行； 一连串， 连续,商务英语
bomb,bɑm,,n.炸弹；高压喷雾器 vt.投弹， 轰炸,商务英语
operator,'ɑpəretɚ,,n.操作员； 话务员， 报务员， 接线员； 手术者,商务英语
research,'risɝtʃ,,n&v.研究， 调查,商务英语
scrutinize,'skrutənaɪz,,v.详细检查， 细看,商务英语
blackout,'blækaʊt,,n.灯火管制； 断电； 新闻封锁； 撤销保险单,商务英语
landlady,'lændledi,,n.女房东,商务英语
refresher,ri'freʃə,,n.进修； 补习,商务英语
view,vju,,n.风景，景色；看法，见解；视野，眼界 vt.看待， 考虑， 估量； 观察， 看,商务英语
affiliation,"ə,fɪlɪ'eʃən",,n.加入； 附属； 联系,商务英语
furniture,'fɝnɪtʃɚ,,n.家具， 器具； 设备， 装置,商务英语
counterpart,'kaʊntɚpɑrt,,n.与对方地位相当的人， 与另一方作用相当的物； 对手； 副本,商务英语
segment,'sɛɡmənt,,v.分割市场 n.部分，片段，断片；瓣；部门,商务英语
jet,dʒɛt,,vi.喷射， 喷出； 乘喷气式飞机 n.喷气发动机，喷气式飞机；喷射，射流；喷口，喷嘴，喷射口,商务英语
inflationary,ɪn'fleʃənɛri,,a.通货膨胀的,商务英语
subjugate,'sʌbdʒuɡet,,vt.使屈从； 使服从； 制服； 克制， 抑制,商务英语
huge,hjudʒ,,a.巨大的， 庞大的,商务英语
throughput,'θrʊ'pʊt,,n.生产量； 生产能力,商务英语
donate,'donet,,v.捐赠， 赠送,商务英语
dust,dʌst,,v.去掉灰尘；撒，把撒于 n.尘土， 灰尘； 粉末,商务英语
results,rɪˈzʌlts,,n.一个会计期间的损益状况,商务英语
palace,ˈpælɪs,,n.宫， 宫殿； 豪华住宅； 豪华娱乐场所,商务英语
attractive,ə'træktɪv,,a.吸引人的， 引人注意的； 漂亮的， 迷人的,商务英语
imagine,ɪ'mædʒɪn,,vt.想象； 设想， 料想， 猜想； 以为,商务英语
upkeep,'ʌpkip,,n.保养费,商务英语
cater,'ketɚ,,vi.满足需要， 迎合； 提供饮食及服务， 承办酒席,商务英语
significant,sɪɡ'nɪfɪkənt,,a.相当数量的； 重要的， 意义重大的； 意味深长的,商务英语
bold,bold,,a.大胆的， 冒失的； 鲜明的， 醒目的； 粗的,商务英语
duplicate,'duplɪket,,a.完全一样的； 复制的 n.完全一样的东西；复制品；副本 vt.复制， 复印； 重复,商务英语
arbitration,",ɑrbɪ'treʃən",,n.仲裁,商务英语
decrease,dɪ'kris,,v.减少， 减弱， 降低 n.减少， 减小， 减少额， 减少量,商务英语
pacesetter,'pessɛtɚ,,n.领跑人； 带头人,商务英语
catalogue,'kætəlɔɡ,,n.产品目录,商务英语
difficulty,'dɪfɪkəlti,,n.困难； 难事， 难题； 困境,商务英语
embarrassing,ɪm'bærəsɪŋ,,a.令人难堪的,商务英语
installment,ɪn'stɔlmənt,,n.分期付款,商务英语
abatement,ə'betmənt,,n.冲销； 降低； 打折扣； 负税， 减税,商务英语
crop,krɑp,,v.种植； 收获， 收割； 修剪； 吃草， 吃去嫩叶； 露出 n.庄稼，农作物；收获量，收成；一批，一群，一大堆；短发，剪短,商务英语
deskill,di:'skil,,vt.使非技能化,商务英语
nod,nɑd,,v.点头；点头同意，点头示意；打瞌睡，打盹 n.点头,商务英语
blind,blaɪnd,,a.瞎的，盲的；盲从的 vt.使变瞎，使…看不见 n.遮蔽物,商务英语
hidden,'hɪdn,,a.隐藏的,商务英语
submit,səb'mɪt,,vi.屈从，服从，听从 vt.呈送， 提交； 主张， 建议,商务英语
occupy,'ɑkjupaɪ,,vt.占， 占用， 占领； 使忙碌， 使从事,商务英语
boom,buːm,,vi.激增， 繁荣， 迅速发展； 发出隆隆声 n.激增，繁荣，迅速发展；隆隆声，嗡嗡声,商务英语
affluent,'æfluənt,,a.富裕的， 富足的,商务英语
abolish,ə'bɑlɪʃ,,vt.废除， 废止； 完全破坏,商务英语
abstain,əb'sten,,vi.弃权； 戒除,商务英语
absence,'æbsns,,n.缺席； 缺席的时间， 外出期； 缺乏， 缺少,商务英语
attract,ə'trækt,,vt.吸引； 引诱,商务英语
book,bʊk,,n.书，书籍 v.预订，预购，预约,商务英语
show,ʃo,,vi.显现， 显露， 露面； 演出， 放映 n.表演，节目；演出，上映；展览，展览物，展览会；显示，展示；表面，外观 vt.给看，显示，出示；引领，带领；教，告知，说明；表明，证明,商务英语
description,dɪ'skrɪpʃən,,n.描写， 描述； 说明书； 作图； 种类， 性质,商务英语
disappear,'dɪsə'pɪr,,vi.消失， 不见； 消亡， 失踪,商务英语
redundant,rɪ'dʌndənt,,a.失业， 被解雇的； 多余的， 过剩的,商务英语
recession,rɪ'sɛʃən,,n.不景气， 衰退； 衰退期； 撤回， 退回,商务英语
button,'bʌtn,,v.扣上， 扣紧 n.纽扣；按钮，电钮,商务英语
typist,'taɪpɪst,,n.打字员,商务英语
conclusion,kən'kluʒn,,n.结论， 推论； 结尾； 缔结， 议定,商务英语
durable,'dʊrəbl,,a.耐用的； 持久的,商务英语
hypermarket,'haɪpɚmɑrkɪt,,n.特大超市， 超大型自助商场,商务英语
negative,'nɛɡətɪv,,a.否定的，消极的；负的 n.底片， 负数,商务英语
impose,ɪm'poz,,vi.利用， 占便宜； 欺骗 vt.把…强加于；征；处以,商务英语
decentralization,lɪ'zsɛntrəlaɪ'zeʃən,,n.权力下放； 分散经营； 分权,商务英语
self-employed,'selfəm'plɔid,,a.自己经营的,商务英语
defend,dɪ'fɛnd,,vt.防守， 保护； 为…辩护,商务英语
arrive,ə'raɪv,,vi.到达；到来，发生 vt.达到； 得出结论； 达成,商务英语
stagflation,stæɡ'fleʃən,,n.滞胀,商务英语
statement,'stetmənt,,n.陈述， 声明， 说法； 结算单， 报表； 报告书； 财务报告； 申报； 借贷对照表； 清单,商务英语
trademark,'tred'mɑrk,,n.商标， 牌号； 特征， 标记,商务英语
factor,'fæktɚ,,n.因素， 要素,商务英语
delivery,dɪ'lɪvəri,,n.投递， 送交； 交付， 交货； 分娩； 投递的邮件； 分送的货物； 讲话方式， 演讲风格,商务英语
election,ɪ'lɛkʃən,,n.选举， 推举； 当选,商务英语
lavish,'lævɪʃ,,a.过分丰富的，无节制的；过分慷慨的，浪费的 vt.慷慨地给予； 挥霍,商务英语
introduce,ˌɪntrə'dus,,vt.介绍； 引进， 传入； 提出， 提出供讨论； 投放,商务英语
barometer,bə'rɑmɪtɚ,,n.气压计， 晴雨表； 指标,商务英语
futures,'fjʊtʃɚz,,n.期货； 期货交易； 期货合同,商务英语
XD,eks'dividend,,n.无息股,商务英语
bond,bɑnd,,v.黏合， 结合 n.联结，联系；黏结剂，黏合剂；公债，债券；契约，合同,商务英语
momentum,mo'mɛntəm,,n.动力， 冲力， 势头； 动量,商务英语
target,'tɑrɡɪt,,n.靶；目标 vt.把…作为目标,商务英语
antitrust,",æntɪ'trʌst",,a.反托拉斯的， 反垄断的,商务英语
bourse,bʊrs,,n.证券交易所,商务英语
obstruct,əb'strʌkt,,vi.设置障碍， 妨碍 vt.阻塞，堵塞；阻碍，阻止，妨碍,商务英语
guidance,'gaɪdns,,n.咨询， 指导； 领导，引导,商务英语
nervous,'nɝvəs,,a.神经紧张的， 情绪不安的， 害怕的； 神经的， 神经系统的， 神经性的,商务英语
understaffed,",ʌndɚ'stæft",,a.人手不足的,商务英语
hype,haɪp,,n.大肆宣传,商务英语
risk,rɪsk,,n.危险，风险；引起危险的事物 vt.冒…的危险； 使遭受危险,商务英语
worksheet,'wɝkʃit,,n.工作单,商务英语
rise,raɪz,,vi.上升，上涨；升起；站起，起床；增强，增加；反抗 n.上涨， 增加， 升高； 兴起， 升高； 加薪； 岗， 高地， 高坡,商务英语
underpin,",ʌndɚ'pɪn",,v.加固…的基础； 巩固， 支撑,商务英语
container,kən'tenɚ,,n.容器； 集装箱,商务英语
discard,dɪsˈkɑːrd,,vt.丢弃； 放弃， 抛弃； 解雇 n.被抛弃的东西,商务英语
leader,'lidɚ,,n.领导者， 领袖,商务英语
bounce,baʊns,,v.弹起，反弹，跳起；支票被银行退票 n.弹， 反弹,商务英语
subsidy,'sʌbsədi,,n.津贴， 补贴， 补助金,商务英语
VAT,væt,,n.增值税〔英国和欧盟附加在商品价格和服务费上的税〕,商务英语
raft,ræft,,vi.乘筏子渡河 n.木排；充气救生筏，救生圈；大量，许多 vt.用筏子运送,商务英语
experimental,ɛk'spɛrɪ'mɛntəl,,a.实验的， 试验的,商务英语
decide,dɪ'saɪd,,vi.决定， 拿定主意； 判决 vt.决定，对…作出判断；使下决心；解决，裁决,商务英语
negotiable,nɪ'ɡoʃɪəbl,,a.可协商解决的； 可转让的,商务英语
rent,rɛnt,,v.付租金； 租借， 租用； 出租， 出借 n.租金；出租的财产,商务英语
merchandising,'mɝtʃəndaɪzɪŋ,,n.销售管理,商务英语
axe,æks,,n&vt.解雇,商务英语
billing,'bɪlɪŋ,,n.开账单,商务英语
vocational,vo'keʃənl,,a.职业的， 业务的,商务英语
anxious,'æŋkʃəs,,a.焦虑的， 忧虑的， 担心的； 急于的， 渴望的,商务英语
liquidator,'lɪkwɪ'detɚ,,n.清算人,商务英语
revaluate,ri:'væljueit,,vt.使升值； 重新估价,商务英语
broad,brɔd,,a.宽阔的， 宽广的； 概括的， 广泛的； 宽容的； 明白清楚的,商务英语
catch,kætʃ,,vt.抓住， 握住； 赶上； 引起； 染上， 感染； 偶然撞见， 偶然发觉； 听清楚， 领会,商务英语
embed,ɪm'bɛd,,vt.把…嵌入， 扎牢； 使深留于脑中,商务英语
financially,faɪ'nænʃəli,,ad.财政上,商务英语
plan,plæn,,v.计划， 给…制订计划 n.计划，打算；方法；平面图，示意图，设计图,商务英语
cash,kæʃ,,n.现金，现钱 vt.兑换成现金,商务英语
designate,'dɛzɪɡnet,,vt.指派， 委任； 指定； 标出， 标明； 把…定名为， 称呼,商务英语
item,'aɪtəm,,n.条， 条款， 项目； 一条， 一则； 商品， 产品,商务英语
probability,'prɑbə'bɪləti,,n.可能性， 可能发生的事； 概率,商务英语
double,'dʌbl,,a.成对的，成双的 n.两倍，双倍（的量、数） v.（使）加倍,商务英语
photocopier,'fotokɑpɪɚ,,n.复印机,商务英语
downtown,'daʊn'taʊn,,ad.向[在]城镇商业中心区，向[在]巿中心,商务英语
stainless,ˈsteɪnlɪs,,a.纯洁的； 不生锈的,商务英语
explicit,ɪk'splɪsɪt,,a.详述的， 明确的， 明晰的； 直言的， 毫不隐瞒的， 露骨的,商务英语
mastermind,'mæstəmaɪnd,,n.才华横溢的人，才子；出谋划策者 vt.出谋划策； 幕后操纵,商务英语
slide,slaɪd,,vi.滑，滑动；悄悄地溜走；不知不觉地陷入 n.滑动； 跌落； 幻灯片,商务英语
inconsiderate,",ɪnkən'sɪdərət",,a.轻率的； 不顾及别人的,商务英语
style,staɪl,,n.风格，文体；式样；流行式样，时尚 vt.设计,商务英语
excessive,ɪkˈsɛsɪv,,a.过多的， 过分的， 过度的， 极度的,商务英语
card,kɑrd,,n.牌， 纸牌； 卡片； 名片， 身份证； 信用卡； 引人发笑的人， 怪人,商务英语
hoarding,'hɔrdɪŋ,,n.囤积； 贮藏钱财； 现金贮藏论,商务英语
implicit,ɪm'plɪsɪt,,a.不言明的， 含蓄的； 内含的， 固有的； 无疑问的， 无保留的,商务英语
widget,'wɪdʒɪt,,n.小装置， 小器械； 装饰品,商务英语
guard,ɡɑrd,,vi.防止， 防范 n.警戒，警备；警卫员，看守，卫兵；防护装置 vt.守卫，保卫,商务英语
settle,'sɛtl,,vi.安家； 飞落， 停留； 安定； 下沉； 平静， 稳定 vt.解决，调停；安排；支付，结算，偿还；使安定,商务英语
direct,dəˈrɛkt; daɪˈrɛkt,,ad.直接地 a.直接的；率直的；正好的 vt.把…对准， 针对； 管理， 指导； 给…指路； 指示； 导演， 指挥,商务英语
pattern,'pætɚn,,n.型，模式，样式；图案，图样，花样；形式，方式；模范，典范 vt.仿制， 模仿， 使照…样子,商务英语
increment,'ɪŋkrəmənt,,n.增加； 增值， 增价； 提薪， 增加工资,商务英语
vehicle,ˈviəkəl,,n.交通工具， 车辆； 传播媒介； 工具， 手段,商务英语
labour,'leibə,,vi.劳动； 努力； 费力地前行， 吃力地行动 n.劳动；劳工；分娩；阵痛,商务英语
supermarket,'sʊpɚ'mɑrkɪt,,n.超级市场,商务英语
preferential,",prɛfə'rɛnʃl",,a.优先的； 特惠的,商务英语
cushion,'kʊʃən,,v.对…起缓冲作用 n.垫子，坐垫,商务英语
modern,'mɑdɚn,,a.现代的， 近代的； 新式的， 时髦的,商务英语
abate,ə'bet,,v.减价， 还价； 减少； 降低,商务英语
glorious,'ɡlɔriəs; 'ɡloriəs,,a.光荣的； 壮丽的， 辉煌的； 令人愉快的， 极好的,商务英语
seldom,'sɛldəm,,ad.很少， 不常,商务英语
bilateral,",baɪ'lætərəl",,a.双边的， 双方的,商务英语
financing,fɪ'nænsɪŋ,,n.融资,商务英语
multi-brand,'mʌltɪbrænd,,a.多品牌的,商务英语
aptitude,"ˈæptɪˌtud, -ˌtjud",,n.才能， 资质， 天资； 倾向,商务英语
insider,ɪn'saɪdɚ,,n.业内人士， 内线,商务英语
stress,strɛs,,n.压力，重压；紧张，紧迫；强调，重视，重要性；应力；重音 vt.强调， 着重； 重读,商务英语
severance,'sɛvərəns,,n.断绝， 切断,商务英语
explore,ɪk'splɔr,,v.勘探， 探险； 调查； 仔细查阅； 探索， 探究,商务英语
display,dɪ'sple,,vt.陈列，展览；显示，表现 n.展览， 显示； 显示器， 荧光屏,商务英语
shirk,ʃə:k,,v.推卸或逃避； 开小差,商务英语
biennial,baɪ'ɛnɪəl,,a.两年一次的； 持续两年的,商务英语
electricity,ɪ'lɛk'trɪsəti,,n.电； 电学； 电力供应， 电流,商务英语
climate,ˈklaɪmɪt,,n.气候， 气候区； 风气， 思潮,商务英语
great,ɡret,,a.大的， 巨大的； 伟大的， 重大的； 美妙的， 极好的； 充分的， 详尽的； 擅长的,商务英语
organization,",ɔrɡənə'zeʃən",,n.组织， 机构； 团体； 体制； 全体行政人员； 条理， 系统,商务英语
width,wɪdθ,,n.宽度； 广阔， 宽阔； 一幅,商务英语
finalize,'faɪnəlaɪz,,vt.完成， 结束； 最终确定,商务英语
dominance,'dɔmɪnəns,,n.绝对优势； 支配地位， 统治地位,商务英语
certain,'sɝtn,,a.某， 某一， 某种； 肯定的， 无疑的； 必然的； 不可避免的,商务英语
preside,prɪ'zaɪd,,vi.担任主席， 主持； 管辖， 指挥,商务英语
economic,"ˌikəˈnɑmɪk, ˌɛkəˈ-nɑmɪk",,a.合算的， 有利可图的； 经济的， 经济上的； 经济学的,商务英语
board,bɔrd,,vi.登机， 上船； 搭伙， 膳宿 n.木板，纸板；牌子，黑板；伙食；董事会，理事会 vt.上,商务英语
statistics,stə'tɪstɪks,,n.统计； 统计资料； 统计学； 统计数据,商务英语
indicator,'ɪndɪketɚ,,n.指标,商务英语
offspring,'ɔfsprɪŋ,,n.崽； 子孙， 后代,商务英语
cut-throat,kʌtθrəut,,a.残酷的；凶狠的 n.凶手,商务英语
shut,ʃʌt,,vi.关上 vt.关闭；合上，合拢；停止营业；封闭,商务英语
booking,'bʊkɪŋ,,n.预订，预约,商务英语
mature,mə'tʃʊr,,v.到期；成熟，长成 a.熟的， 成熟的； 成年人的； 深思熟虑的， 慎重的； 到期的， 应支付的,商务英语
fee,fi,,n.费， 酬金； 对职业性服务的报酬,商务英语
section,'sɛkʃən,,n.部分； 章节； 部门， 科； 截面， 剖面,商务英语
rework,",ri'wɝk",,vt.重做,商务英语
riverboat,"'rɪvɚ,bot",,n.内河船,商务英语
undercharge,",ʌndɚ'tʃɑrdʒ",,v.少算价钱， 低收费,商务英语
influence,'ɪnfluəns,,n.影响，影响力；产生影响力的人；势力，权势 vt.影响,商务英语
containerization,kənˌteinərai'zeiʃən,,n.货柜运输,商务英语
threaten,'θrɛtn,,vi.构成威胁； 可能发生 vt.威胁，恐吓；预示快要来临，是…的征兆,商务英语
commercialize,kə'mɝʃlaɪz,,vt.使商业化,商务英语
talent,'tælənt,,n.天资， 才能； 人才,商务英语
negotiate,nɪ'ɡoʃɪet,,vi.协商， 谈判， 议定 vt.商议，磋商；转让，议付；顺利通过，成功越过,商务英语
hunt,hʌnt,,n&v.打猎； 搜寻， 寻找； 驱逐， 追逐， 追捕,商务英语
package,'pækɪdʒ,,a.组合的；一揽子的 n.包裹，包装；一揽子交易 vt.把…打包， 把…装箱； 包装， 把…装袋,商务英语
crisis,'kraɪsɪs,,n.危机， 危急关头； 存亡之际； 决定性时刻， 关键阶段,商务英语
agiotage,'ædʒətɪdʒ,,n.汇兑业务； 证券投机,商务英语
orient,'orɪənt,,vt.使适应；确定方向；使朝东 n.东方；东方诸国 a.东方的 vi.向东,商务英语
temporarily,ˈtɛmpəˌrɛrili,,ad.暂时地， 临时地,商务英语
postcode,'post'kod,,n.邮编,商务英语
entitlement,ɪn'taɪtlmənt,,n.应得的权利； 津贴,商务英语
billboard,'bɪlbɔrd,,vt.宣传 n.告示牌； 广告牌,商务英语
inner,'ɪnɚ,,a.内部的， 里面的； 内在的， 内心的； 隐晦的,商务英语
market,'mɑrkɪt,,n.市场，集市，股市；行情，销路 vt.销售， 出售,商务英语
keen,kin,,a.渴望的； 热心的； 精明的； 敏锐的， 敏捷的； 激烈的， 强烈的； 锋利的； 刺人的,商务英语
absenteeism,",æbsən'tiɪzəm",,n.长期在外； 旷工； 旷课,商务英语
obsolescence,'ɑbsə'lɛsns,,n.陈旧； 荒废,商务英语
detective,dɪ'tɛktɪv,,a.侦查的 n.侦探， 私人侦探,商务英语
transfer,træns'fɝ,,vi.迁移，转移；调动，转学；转车，换乘 vt.搬，转移；调动，转学；转让，过户 n.转移， 调动， 移动； 转车， 换乘,商务英语
backlog,'bæklɔɡ,,n.订单积压， 未交订货； 积压未办之事,商务英语
producer,prə'dʊsɚ,,n.生产者,商务英语
correction,kə'rɛkʃən,,n.纠正， 改正,商务英语
perceive,pɚ'siv,,v.感知， 察觉； 认识到， 意识到， 理解,商务英语
omit,ə'mɪt,,v.省略； 删去， 删节； 遗漏， 疏忽， 忽略； 忘记,商务英语
option,'ɑpʃən,,n.选择权， 买卖特权； 选择自由； 选择； 选择的事物； 选课,商务英语
centimeter,"'sɛntə,mitɚ",,n.厘米,商务英语
sponsor,'spɑnsɚ,,vt.发起，主办；资助，赞助；支持 n.发起者， 主办者， 赞助人； 赞助商， 赞助机构； 证券发行； 证券发行公司担保人,商务英语
acute,ə'kjut,,a.严重的， 激烈的； 敏锐的； 急性的； 尖的， 锐的,商务英语
jog,dʒɑɡ,,n&v.轻推， 轻撞； 缓步前进， 慢跑,商务英语
handbook,'hændbʊk,,n.手册， 便览,商务英语
ascertain,'æsɚ'ten,,vt.弄清， 查明； 确定,商务英语
crucial,'krʊʃəl,,a.至关重要的， 决定性的； 严酷的,商务英语
launder,'lɔndɚ,,v.洗涤,商务英语
contribute,kən'trɪbjut,,vi.捐献，作出贡献；有助于，促成；起作用；投稿 vt.捐， 捐献， 捐款； 投； 贡献,商务英语
forbid,fɚ'bɪd,,vt.禁止； 阻止,商务英语
microscope,'maɪkrəskop,,n.显微镜,商务英语
highlight,'haɪlaɪt,,vt.强调，突出，使显著 n.最精彩的部分， 最重要的事件,商务英语
candidate,"ˈkændɪˌdet, -dɪt",,n.申请求职者； 投考者； 候选人,商务英语
database,'detəbes,,n.数据库,商务英语
alone,ə'lon,,ad.单独地， 独自地； 只有 a.单独的；单单，仅；唯一的,商务英语
strive,straɪv,,vi.奋斗， 努力； 反抗,商务英语
along,ə'lɔŋ,,ad.向前； 一道， 一起 prep.沿着,商务英语
billion,'bɪljən,,num.〈美〉十亿； 〈英〉亿万， 兆,商务英语
reject,rɪ'dʒɛkt,,vt.拒绝， 驳回； 摒弃； 拒纳， 退回 n.被拒货品， 不合格产品， 次品,商务英语
hospitality,",hɑspɪ'tæləti",,n.款待， 好客， 殷勤,商务英语
sheer,ʃɪr,,ad.垂直地，陡峭地 vi.急转向， 偏航 a.完全的，十足的；陡峭的，垂直的；极薄的，透明的,商务英语
compliment,ˈkɑːmplɪmənt,,vt.称赞， 恭维,商务英语
profit,'prɑfɪt,,vi.得益 n.利润，收益；益处 vt.有益于，有利于,商务英语
lawyer,'lɔjɚ,,n.律师,商务英语
amount,ə'maʊnt,,vi.总计；等于 n.数额， 数量； 总和， 总额,商务英语
original,ə'rɪdʒənl,,a.起初的， 原来的； 独创的， 新颖的； 原版的， 原件的 n.原件，原作,商务英语
sap,sæp,,vi.削弱， 耗尽 n.树液，体液，汁液,商务英语
assignment,ə'saɪnmənt,,n.任务； 作业； 分配， 指派,商务英语
album,'ælbəm,,n.相片册； 邮票簿； 粘贴簿,商务英语
nylon,'naɪlɑn,,n.尼龙,商务英语
rebate,'ribet,,n.回扣； 折扣； 部分退款,商务英语
electric,ɪ'lɛktrɪk,,a.电的； 电动的； 导电的,商务英语
terminal,tɝ​mənl,,a.晚期的， 不治的； 末端的， 终点的； 不可救药的 n.终点；  终端； 接线端,商务英语
increase,'ɪnkris,,v.增长， 增加， 增强 n.增长， 增加， 增强,商务英语
diminish,dɪ'mɪnɪʃ,,v.变小， 减少， 降低,商务英语
spread,sprɛd,,vt.展开，伸开；散布，蔓延；涂，敷 n.传播， 蔓延； 幅度， 范围； 涂抹食品的酱； 整版的文章； 差幅； 异期差额， 买卖报价的差额， 差价； 赚头， 毛利； 风险的分散,商务英语
idealize,aɪ'diə'laɪz,,v.理想化,商务英语
stagnate,stæɡ'net,,v.停滞； 变萧条,商务英语
leasehold,'lis'hold,,n.通过租契获得的财产； 租期； 租借权， 租赁权,商务英语
interruption,",ɪntə'rʌpʃən",,n.中断； 打断,商务英语
disjointed,dɪs'dʒɔɪntɪd,,a.脱节的； 杂乱的,商务英语
attention,ə'tɛnʃən,,n.注意， 留意； 立正,商务英语
depression,dɪ'prɛʃən,,n.抑郁， 沮丧； 不景气， 萧条； 洼地， 凹陷,商务英语
clinic,'klɪnɪk,,n.医务室， 门诊所,商务英语
affiliate,ə'fɪlɪet,,vt.使隶属于 n.附属机构， 分公司； 成员， 联号,商务英语
reduction,rɪ'dʌkʃən,,n.减少， 缩减,商务英语
simply,'sɪmpli,,ad.简单地； 完全， 简直； 仅仅， 只不过； 朴素地,商务英语
disproportionate,disprə'pɔ:ʃənət,,a.不相称的； 不均衡的,商务英语
customer,'kʌstəmɚ,,n.主顾， 顾客， 消费者,商务英语
equivalent,ɪ'kwɪvələnt,,a.相等的，等价的，相当的 n.相等物， 等价物； 意义相同的词,商务英语
greeting,'ɡritɪŋ,,n.问候， 招呼,商务英语
alienate,'eiljəneit,,vt.使疏远， 离间； 转让， 让渡； 使转移,商务英语
awake,ə'wek,,vi.醒来；意识到 a.醒着的； 警觉的， 意识到的 vt.唤醒；使觉醒,商务英语
equity,'ɛkwəti,,n.公平；公正,商务英语
retrospect,'rɛtrəspɛkt,,n.回顾,商务英语
ban,bæn,,vt.取缔，查禁；禁止 n.禁止， 禁令,商务英语
ungeared,'ʌn'giəd,,a.无借贷的,商务英语
offer,'ɔfɚ,,n.提供，提供物；提议；报价，开价，出价 vt.给予， 提供， 提出； 表示愿意； 提议,商务英语
bar,bɑr,,n.棒，块，杆，横木；闩，栅栏条；障碍；酒吧，售酒的柜台 vt.在…设栅栏； 阻止； 阻塞， 封锁； 限制,商务英语
suffer,'sʌfɚ,,vi.忍受痛苦； 受损失 vt.忍受，承受；遭受,商务英语
diplomatic,",dɪplə'mætɪk",,a.外交的， 从事外交的； 策略的， 有手腕的,商务英语
fix,fɪks,,vi.固定 vt.修理，校准；固定，安装；安排；确定；整理；准备，做 n.困境,商务英语
projector,prə'dʒɛktɚ,,n.放映机,商务英语
draft,dræft,,n.汇票； 付款通知； 吃水； 草案,商务英语
complex,ˈkɑmplɛks;kəmˈplɛks,,a.由许多部分组成的， 复合的； 复杂的， 难懂的 n.综合体， 集合体； 情结， 夸大的情绪反应,商务英语
honest,'ɑnɪst,,a.诚实的； 公正的； 坦率的， 真诚的,商务英语
manufacturing,",mænju'fæktʃərɪŋ",,n.制造业,商务英语
pension,'pɛnʃən,,n.养老金，抚恤金 vt.发给…养老金,商务英语
rank,ræŋk,,n.等级；〔尤指〕军衔，军阶 v.级别高于 a.难闻的，臭的,商务英语
outlet,'aʊtlɛt,,n.出口， 出路； 发泄途径； 排泄口； 渠道； 销路； 品牌折扣店,商务英语
haulage,'hɔlɪdʒ,,n.托运； 路上运输； 路上运费,商务英语
addition,ə'dɪʃən,,n.加， 加法； 附加部分； 增加的人或物,商务英语
overcharge,",ovɚ'tʃɑrdʒ",,v.索价过高；过量装填；过度充电 n.超载； 过高的要价,商务英语
cosmic,'kɑzmɪk,,a.宇宙的， 外层空间的； 无比巨大的， 无穷尽的,商务英语
adjourn,ə'dʒɝn,,v.延期， 休会,商务英语
ad,'e 'di,,n.广告,商务英语
brainstorm,'bren'stɔrm,,n&v.集体讨论,商务英语
shrink,ʃrɪŋk,,v.起皱； 收缩； 退缩， 畏缩,商务英语
documentation,'dɑkjəmɛn'teʃən,,n.〔用于引证的〕文件资料，证明文件,商务英语
hierarchy,'haɪərɑrki,,n.等级制度； 统治集团， 领导层,商务英语
personal,'pɝsənl,,a.个人的， 私人的； 针对个人的， 有关私人的， 涉及隐私的； 亲自的； 本人的； 身体的， 外貌的,商务英语
haggle,'hæɡl,,v.讨价还价,商务英语
panic,'pænɪk,,v.恐慌， 惊慌失措 n.恐慌，慌乱,商务英语
underestimate,/ˌʌndərˈestɪmeɪt/,,vt.对…估计不足， 低估 n.估计不足， 低估,商务英语
solvency,'sɔlvənsi,,n.偿债能力； 周转情况,商务英语
plastic,'plæstɪk,,n.塑料 a.塑料制的,商务英语
delay,dɪ'le,,n&v.推迟； 耽误,商务英语
plant,plænt,,v.种， 植， 播种； 放置， 安插 n.作物，植物；工厂；间谍，密探,商务英语
checkbook,'tʃekbuk,,n.支票簿,商务英语
enquiry,"ɛnˈkwaɪri, ˈɛnkwəri",,n.询问， 查询； 询盘， 询价,商务英语
simultaneously,saɪməl'tenɪəsli,,ad.同时地,商务英语
competitive,kəm'pɛtətɪv,,a.竞争的， 比赛的； 好竞争的， 求胜心切的； 有竞争力的,商务英语
consideration,"kən,sɪdə'reʃən",,n.考虑， 要考虑的事； 体贴， 关心； 报酬,商务英语
payroll,'perol,,n.职工名册； 薪金名册， 工资表； 工资总额， 工资单,商务英语
hurt,hɝ​t,,vi.痛，受痛苦 vt.使受伤，弄痛；伤…的感情；危害；损害 n.伤害,商务英语
heyday,'hede,,n.全盛时期， 兴旺期,商务英语
deal,dil,,vi.做生意 vt.分给，发；给予 n.交易； 协议,商务英语
miscellaneous,'mɪsə'lenɪəs,,a.混杂的； 多方面的； 多才多艺的,商务英语
scheme,skim,,v.密谋， 策划 n.计划，方案；阴谋,商务英语
labourer,'lebərɚ,,n.体力劳动者,商务英语
affect,ə'fɛkt,,vt.影响， 作用； 感动； 侵袭,商务英语
admire,ədˈmaɪr,,vt.羡慕， 赞赏， 钦佩,商务英语
dead,dɛd,,ad.完全地； 直接地 a.死的；无生气的；无声响的,商务英语
customize,'kʌstəmaɪz,,vt.定制， 定做,商务英语
viability,",vaɪə'bɪləti",,n.盈利能力,商务英语
amuse,ə'mjuz,,vt.逗乐， 使…开心； 给…提供娱乐,商务英语
multinational,",mʌltɪ'næʃnəl",,a.多国的； 跨国公司的 n.跨国公司,商务英语
search,sɝtʃ,,n&vt.搜寻， 搜查； 探索， 调查,商务英语
servant,'sɝvənt,,n.仆人； 雇员,商务英语
responsibility,rɪˌspɑːnsəˈbɪləti,,n.责任， 责任心； 职责， 义务,商务英语
enquire,ɪn'kwaɪr,,vt.打听， 询问； 调查， 查问,商务英语
experimentation,"ɪk,spɛrɪmɛn'teʃən",,n.实验； 试验； 实验法,商务英语
sudden,'sʌdn,,a.突然的， 意外的， 出乎意料的,商务英语
subsequent,'sʌbsɪkwənt,,a.随后的， 后来的,商务英语
indicate,'ɪndɪket,,vt.标示， 指示， 指出； 表明， 暗示,商务英语
panel,'pænl,,n.面， 板； 专门小组， 评判小组； 控制板， 仪表盘,商务英语
dear,dɪr,,a.亲爱的，心爱的；昂贵的，高的；热切的 int.啊，哎呀 n.亲爱的人,商务英语
innovation,",ɪnə'veʃən",,n.新方法， 新事物； 革新， 创新,商务英语
charge,tʃɑrdʒ,,vi.收费， 要价； 冲锋， 向前冲 n.价钱，费用；管理，照管；控告，指责；电荷，充电，负荷 vt.索，要…支付；控告，指责；使充电，使充满,商务英语
outstanding,'aʊt'stændɪŋ,,a.突出的， 杰出的， 显著的； 未付的； 未解决的,商务英语
contain,kən'ten,,vt.包含， 容纳； 装有； 控制， 抑制,商务英语
incorrect,",ɪnkə'rɛkt",,a.错误的， 不正确的,商务英语
oval,'ovl,,a.椭圆的 n.椭圆形,商务英语
founder,'faʊndɚ,,n.创始人； 铸工,商务英语
alternate,ˈɔltɚˌnet;(for adj.)ˈɔ:ltərnət,,a.交替的， 轮流的； 间隔的 v.轮流， 交替,商务英语
medicine,ˈmedɪsn; mɛdəsn,,n.药， 内服药； 医学， 医术,商务英语
procedure,prə'sidʒɚ,,n.程序， 手续， 步骤； 常规， 办事惯例,商务英语
sample,'sæmpl,,n.样品，试样，抽样，样本 vt.从…抽样； 品尝， 体验,商务英语
integrate,'ɪntɪɡret,,v.成为一体， 合并,商务英语
applicant,'æplɪkənt,,n.申请人， 候补人,商务英语
battle,'bætl,,vi.战斗， 斗争 n.战斗，作战；斗争，决斗,商务英语
plunge,plʌndʒ,,vi.投入；一头进入；猛冲；猛跌，骤降 vt.把…投入；使突然陷入，遭受 n.投身入水； 猛跌， 骤降； 使猛然投入、 进入、 陷入,商务英语
skeptical,'skɛptɪkl,,a.表示怀疑的,商务英语
petition,pə'tɪʃən,,v.请愿， 正式请求 n.请愿书，申请书；诉状,商务英语
somewhat,'sʌmwʌt,,ad.有点儿， 稍微,商务英语
decipher,dɪ'saɪfɚ,,v.破解,商务英语
accrual,ə'krʊəl,,n.增长额， 利息,商务英语
validity,və'lɪdəti,,n.有效性； 有效期； 合法性； 正当， 正确,商务英语
earnest,'əːnist,,a.认真的，诚挚的 n.认真， 诚挚； 定金， 保证金； 预兆， 前兆,商务英语
extractive,ik'stræktiv,,a.提取的， 萃取的； 采掘的； 可榨取的,商务英语
kite,kaɪt,,v.使用骗钱 n.风筝；鸢,商务英语
interview,'ɪntɚvju,,n.接见，访问；面试，面谈 vt.接见， 会见， 采访,商务英语
essential,ɪ'sɛnʃl,,a.极其重要的；必不可少的 n.必需品；必不可少的东西,商务英语
expenditure,ɪk'spɛndɪtʃɚ,,n.经费， 费用， 支出额； 花费， 支出， 消耗,商务英语
beg,bɛɡ,,v.乞讨， 乞求； 请求， 恳求,商务英语
observe,əb'zɝv,,vt.注意到， 察觉到； 观测， 观察； 遵守， 奉行； 说， 评论,商务英语
furnish,'fɝnɪʃ,,vt.为…配备家具， 装备； 供应， 提供,商务英语
bet,bɛt,,n.打赌；赌注 vt.用…打赌， 与…打赌， 打赌； 敢说， 确信,商务英语
insolvency,ɪn'sɑlvənsi,,n.无力偿还； 破产,商务英语
exploratory,ɪk'splɔrətɔri,,a.探险的； 探测的,商务英语
differentiate,",dɪfə'rɛnʃɪet",,vi.区分，区别 vt.区分； 使不同， 使有差异,商务英语
reticent,'rɛtɪsnt,,a.沉默寡言的,商务英语
beginner,bɪ'gɪnɚ,,n.初学者， 新手， 生手,商务英语
garment,'gɑrmənt,,n.衣服， 服装,商务英语
amalgamation,"ə,mælgə'meʃən",,n.合并,商务英语
laborer,'lebərɚ,,n.体力劳动者,商务英语
prospective,prə'spɛktɪv,,a.潜在的， 预期的， 未来的， 即将发生的,商务英语
disadvantage,",dɪsəd'væntɪdʒ",,n.缺点； 不利， 不利条件； 损害,商务英语
deduct,dɪ'dʌkt,,vt.扣除， 减去,商务英语
lay-off,'leiɔf,,n.临时解雇,商务英语
image,'ɪmɪdʒ,,n.形象， 声誉； 影像， 映像， 图像； 形象的描述； 象征， 比喻； 肖像,商务英语
consultancy,kən'sʌltənsi,,n.咨询； 咨询公司,商务英语
workfare,'wəːkfeə,,n.工作福利， 工作福利制,商务英语
dishonest,dɪs'ɑnɪst,,a.不诚实的,商务英语
garbage,'ɡɑrbɪdʒ,,n.废料， 垃圾； 废话； 无用的资料,商务英语
gazump,gə'zʌmp,,v.抬价敲诈； 欺诈,商务英语
affirm,ə'fɝm,,vt.断言， 申明； 证实， 确认； 批准， 使生效,商务英语
celebration,",sɛlɪ'breʃən",,n.庆祝会， 典礼， 宗教仪式,商务英语
renovate,'rɛnəvet,,vt.修复， 整修…如新； 更新； 革新； 使恢复活力,商务英语
piece,pis,,v.拼凑， 拼合 n.块，片，段，件；断片，碎块；一件，一张,商务英语
temptation,tɛmp'teʃən,,n.诱惑， 引诱； 诱惑物,商务英语
adjust,ə'dʒʌst,,v.理算保险索赔； 校正， 校准； 调整， 调节， 改变…以适应,商务英语
carry,ˈkærɪ,,vt.运， 搬， 抱， 背； 传递； 输送； 执行； 携带， 怀着； 具有， 附有， 包含； 支撑， 承载,商务英语
burst,bɝst,,vi.爆炸，破裂；挤满，充满；突然发作，突然发生 vt.使爆裂 n.突然破裂， 爆发； 脉冲,商务英语
finances,'fainænsiz,,n.经费,商务英语
debt,dɛt,,n.欠债， 债务； 负债,商务英语
venue,'vɛnju,,n.地点,商务英语
regulatory,'regjulətəri,,a.管理的； 调整的,商务英语
clash,klæʃ,,v&n.发生冲突； 不协调； 撞击声,商务英语
overturn,'ovətɝn,,v.翻倒， 倾覆， 推翻,商务英语
compel,kəm'pɛl,,vt.强迫,商务英语
capable,'kepəbl,,a.能干的， 有能力的， 有才能的,商务英语
depress,dɪ'prɛs,,vt.使沮丧， 使消沉； 使不景气， 削弱； 按下， 压下； 使贬值,商务英语
trainee,",tre'ni",,n.受训者,商务英语
packing,'pækɪŋ,,n.包装； 包装法； 包装材料,商务英语
content,'kɑntɛnt,,a.满足的， 满意的 vt.使满足,商务英语
deed,did,,n.行为； 事迹； 契约； 证书,商务英语
collector,kə'lɛktɚ,,n.收款人； 收税人； 收集者； 收藏家,商务英语
burden,'bɝdn,,n.负担，负重；负荷，载重；义务，责任 vt.加负荷于， 使负重； 加重压于； 烦扰,商务英语
precaution,prɪ'kɔʃən,,n.预防， 防备， 警惕,商务英语
lemon,'lɛmən,,n.柠檬； 柠檬树； 柠檬黄， 淡黄色,商务英语
desktop,'dɛsk'tɑp,,n.台式电脑； 桌面,商务英语
personality,",pɝsə'næləti",,n.人格， 个性； 人物， 名人,商务英语
alert,ə'lɝt,,a.机警的，机灵的，活泼的 vt.向…报警，使警觉；使认识到，使意识到 n.警戒， 戒备； 警报,商务英语
terminology,",tɝmə'nɑlədʒi",,n.专业名词， 术语,商务英语
sanction,'sæŋkʃən,,n.正式许可，批准，接受 v.批准，准许,商务英语
rate,ret,,vi.被评价， 被列入特定级别 n.速度，进度；比率，率；价格，费用 vt.对…估价，评估；给…定级，把…列为；值得，应得,商务英语
skill,skɪl,,n.技能， 技巧， 手艺； 熟巧， 能力,商务英语
obsolescent,",ɑbsə'lɛsnt",,a.逐渐被废弃的； 即将过时的,商务英语
achievable,ə'tʃivəbl,,a.可完成的； 可达到的,商务英语
rock-bottom,'rɔk'bɔtəm,,a.最低的， 最低水平的， 最低限度的 n.最低点,商务英语
client,'klaɪənt,,n.委托人， 当事人； 顾客,商务英语
divide,dɪ'vaɪd,,vi.分开，分叉 vt.分，分开，分隔；划分；分配；除；使产生分歧 n.分歧， 分开； 分界线， 分水岭,商务英语
proprietor,prə'praɪətɚ,,n.所有者， 经营者,商务英语
class,klæs,,n.班级； 阶级， 等级； 课； 门类， 种类,商务英语
contend,kən'tɛnd,,vi.争夺，竞争；斗，争斗 vt.声称， 主张,商务英语
lump,lʌmp,,vi.结块 n.块，小方块；肿块 vt.把…归并到一起,商务英语
conversion,kən'vɝʒn,,n.转化； 转变； 改变信仰， 皈依,商务英语
digital,'dɪdʒɪtl,,a.数字的； 数位的， 数字显示的,商务英语
living,'lɪvɪŋ,,a.活的，生活的；有生命力的，活生生的；在使用中的，现行的；生动的，逼真的 n.生计， 生活,商务英语
attendee,ə'tɛn'di,,n.出席者； 在场者,商务英语
bound,baʊnd,,a.有义务的；必定的；受约束的；装有封面的 vt.束缚；使跳跃 n.范围；跳跃 vi.限制；弹起,商务英语
false,fɔls,,a.错误的； 假的， 伪造的； 不忠实的， 无信义的； 不诚实的,商务英语
specification,'spɛsəfə'keʃən,,n.详述； 规格； 说明书,商务英语
revocable,'revəkəbəl,,a.可撤销的； 可废止的,商务英语
dinner,'dɪnɚ,,n.正餐； 宴会,商务英语
fork,fɔrk,,n.叉； 分岔口,商务英语
form,fɔrm,,v.形成； 构成 n.形状；形态；类型，种类；表格；精神状态，竞技状态,商务英语
management,'mænɪdʒmənt,,n.管理， 经营； 管理层， 管理部门， 管理人员,商务英语
appraise,ə'prez,,vt.估价； 评价,商务英语
publish,'pʌblɪʃ,,vt.出版， 刊印； 公布， 发表,商务英语
cheque,tʃɛk,,n.支票,商务英语
correspondent,",kɔrə'spɑndənt",,a.一致的， 符合的 n.通讯员，记者；异地代理商；代理银行,商务英语
renew,rɪ'nʊ,,v.更新， 恢复； 延长…的有效期； 重新开始， 继续,商务英语
avoid,ə'vɔɪd,,vt.避开， 避免； 撤销； 防止,商务英语
bid,bɪd,,vi.喊价，出价，投标 n.企图，努力；喊价，出价，投标 vt.出， 喊； 祝， 表示； 命令， 吩咐,商务英语
waiver,'wevɚ,,n.放弃,商务英语
astonish,ə'stɑnɪʃ,,vt.使大吃一惊,商务英语
comprehensive,ˌkɑːmprɪˈhensɪv,,a.全面的； 详尽的； 综合的； 有充分理解力的,商务英语
prompt,prɑmpt,,a.敏捷的，及时的；迅速的；即期要送的；即期要付的 vt.促使，推动；给提词 n.提词， 提示,商务英语
merger,'mɝdʒɚ,,n.合并， 兼并,商务英语
withdraw,wɪð'drɔ,,vi.缩回， 退出； 撤退 vt.收回，撤销；撤退；提款,商务英语
promotion,prə'moʃən,,n.晋升； 促销； 宣传， 推广,商务英语
assign,ə'saɪn,,vt.指派， 选派； 指定； 分配； 布置,商务英语
corridor,'kɔrɪdɔr,,n.走廊， 过道,商务英语
practice,'præktɪs,,n.练习； 实行， 实施； 业务， 开业； 惯例,商务英语
select,sə'lɛkt,,a.精选的， 挑选出来的； 优等的， 第一流的 vt.选择，挑选,商务英语
overstaffed,",ovɚ'stæft",,a.人员超编的,商务英语
fulfill,ful'fil,,vt.履行， 实现， 完成,商务英语
advanced,əd'vænst,,a.超前的， 先进的； 高级的； 年迈的； 后阶段的,商务英语
crowd,kraʊd,,vi.聚集，群集；挤，涌 n.群，人群，群众；一群，一批 vt.挤满， 塞满； 挤， 推,商务英语
recommendation,",rɛkəmɛn'deʃən",,n.推荐， 介绍； 建议， 劝告； 优点， 长处， 可取之处,商务英语
welfare,'wɛl'fɛr,,n.福利； 福利救济,商务英语
legislative,'lɛdʒɪsletɪv,,a.立法的，有立法权的；根据法律执行的；立法机关的，由立法机关成员组成的 n.立法机关,商务英语
output,'aʊtpʊt,,n.产量；输出，输出功率；产品；作品 vt.输出,商务英语
authorization,",ɔθərɪ'zeʃən",,n.授权； 委托； 核定； 批准； 预算拨款授权,商务英语
recognise,'rekəgnaiz,,vt.承认， 认可； 认出， 识别,商务英语
warranty,'wɔrənti,,n.担保书， 证书， 保单； 保修单； 保证， 担保； 担保条款,商务英语
model,'mɑdl,,vi.当模特儿展示 a.模范的，榜样的 n.模型，原型；模特儿；模范，榜样，典型；型号，样式 vt.做…的模型；仿效，模仿,商务英语
drag,dræg,,vi.拖着脚步走，在地上拖着行进；慢吞吞地进行，拖延 vt.拖，拉；打捞 n.累赘， 障碍； 一吸， 一抽， 一饮,商务英语
sequel,'sikwəl,,n.后续， 续集； 后果； 继之而来的事,商务英语
duty-free,'dju:ti'fri:,,a.免税的,商务英语
sentence,'sɛntəns,,n.句子；宣判，判决 vt.宣判， 判决,商务英语
inquire,ɪn'kwaɪr,,vt.打听， 询问； 调查， 查问,商务英语
likely,'laɪkli,,ad.可能地 a.可能的，有希望的；适合的,商务英语
issue,'ɪʃu,,n.问题，争论点，论点；颁布；发行，出版；一期，号；分发，流出 vt.发行， 颁布； 出版； 流出， 发出； 开出； 发行； 分发， 发给,商务英语
maturity,mə'tʃʊrəti,,n.到期日； 偿还期,商务英语
director,"dəˈrɛktɚ, daɪ-",,n.指导者； 主管； 董事； 校长； 导演； 指挥,商务英语
metal,'mɛtl,,n.金属， 合金,商务英语
index,'ɪndɛks,,n.索引；标志，表示；指数，率 vt.为…编索引， 把…编入索引,商务英语
shareholder,'ʃɛrholdɚ,,n.股东,商务英语
autarchy,'ɔtɑrki,,n.独裁， 专制； 自给自足经济,商务英语
announce,ə'naʊns,,vt.宣布， 发表； 声称， 述说； 预告， 预示,商务英语
traditional,trə'dɪʃənl,,a.传统的,商务英语
operate,'ɑpə'ret,,v.经营， 管理； 操作， 操纵， 控制； 运转， 运行； 活动； 起作用， 发生影响； 动手术,商务英语
tiptop,"'tɪp,tɑp",,a.第一流的； 顶点的 n.顶点；极点；第一流,商务英语
economize,ɪ'kɑnə'maɪz,,v.节约， 节省； 充分利用,商务英语
vintage,'vɪntɪdʒ,,a.古老的； 最佳的； 上等的 n.制造年期；葡萄收获期；葡萄酒；酿酒，酿造年份,商务英语
embarkation,",ɛmbɑr'keʃən",,n.上船； 登记； 从事， 开始,商务英语
affinity,ə'fɪnəti,,n.亲和力； 相似； 共鸣； 密切关系,商务英语
template,'tɛmplet,,n.模板,商务英语
judgement,'dʒʌdʒmənt,,n.判断； 审判， 判决； 评价， 意见,商务英语
ERP,",i ɑr'pi",,abbr.企业资源计划（Enterprise Resource Planning）；有效辐射功率（effective radiated power）,商务英语
alive,ə'laɪv,,a.活着的， 存在的； 有活力的， 活跃的,商务英语
proportion,prə'pɔrʃən,,n.比例； 部分， 份儿； 均衡， 匀称,商务英语
penalize,'pinəlaɪz,,v.处罚,商务英语
trade-off,"'treidɔf,-ɔ:f",,n.取舍； 权衡； 物物交换,商务英语
plate,pleɪt,,n.盘，碟；金属板；平板，薄板，薄片 vt.镀， 电镀,商务英语
tournament,ˈtɝ​nəmənt,,n.比赛， 锦标赛,商务英语
subscription,səb'skrɪpʃən,,n.订金； 认购,商务英语
bankruptcy,'bæŋkrʌptsi,,n.破产,商务英语
inflation,ɪn'fleʃən,,n.通货膨胀； 充气； 膨胀,商务英语
cycle,'saɪkl,,vi.骑自行车， 骑摩托车； 循环 n.循环；周期；自行车，摩托车；整个系列 vt.使循环,商务英语
lure,lʊr,,vt.吸引，引诱，诱惑 n.吸引力， 诱惑物； 诱饵， 鱼饵,商务英语
disposal,dɪ'spozl,,n.丢掉， 清除； 处置； 解决； 排列， 布置； 配置,商务英语
settlement,'sɛtlmənt,,n.解决， 调停； 移民， 定居； 清偿， 结算； 殖民地， 租界,商务英语
delegate,"ˈdɛləgɪt; (for v.,) ˈdɛləˌgeɪt",,n.代理； 大会代表； 代表， 代表团成员 vt.委派…为代表； 授， 把…委托给,商务英语
literature,lɪtərəˌtʃʊr,,n.文学， 文学作品； 文献， 图书资料； 印刷品,商务英语
commentator,'kɑmən'tetɚ,,n.评论员； 解说员,商务英语
library,laɪˌbrɛrɪ,,n.图书馆， 藏书室， 书库， 藏书楼； 丛书， 文库； 藏书,商务英语
slump,slʌmp,,vi.大幅度下降， 暴跌； 突然倒下 n.暴跌；萧条期,商务英语
end-product,'end'prɔdʌkt,,n.制成品， 最终产品,商务英语
profligacy,'prɔfliɡəsi,,n.恣意挥霍， 极度浪费,商务英语
ability,əˈbɪlətɪ,,n.能力，能够,商务英语
camera,'kæmərə,,n.照相机， 摄影机， 摄像机,商务英语
urgent,'ɝdʒənt,,a.紧急的； 急迫的,商务英语
programme,proɡrəm,,v.编程 n.程序,商务英语
table,'tebl,,n.桌子；表格 vt.提交讨论， 把…列入议事日程,商务英语
immigration,",ɪmɪ'ɡreʃən",,n.移民入境,商务英语
break,brek,,vi.破， 断裂； 破晓； 转晴 n.中断，间歇；休息；机遇；破晓 vt.打破，破碎；中断；违反,商务英语
change,tʃendʒ,,vi.改变；换衣，换车 vt.改变，更改；交换，兑换 n.变化； 交换； 找头， 零钱,商务英语
suggestion,sə'dʒɛstʃən,,n.建议， 意见， 提议； 暗示， 示意， 联想； 细微的迹象,商务英语
restaurant,ˈrestərənt; rɛstərənt,,n.餐馆， 饭店,商务英语
conglomerate,kən'ɡlɑːmərət,,n.联合大企业， 跨行业公司， 集团企业； 聚集体， 混合体,商务英语
joke,dʒok,,vi.说笑话， 开玩笑 n.笑话，玩笑,商务英语
disposition,'dɪspə'zɪʃən,,n.性情， 天性； 意向， 倾向； 排列， 部署； 处置； 支配； 裁决,商务英语
century,ˈsɛntʃərɪ,,n.世纪， 百年,商务英语
hide,haɪd,,vi.藏 vt.把…藏起来，隐蔽；遮掩，隐瞒 n.兽皮,商务英语
irrevocable,ɪ'rɛvəkəbl,,a.不可撤销的， 不可取消的,商务英语
ETA,'eitɑ:; 'i:tə; 'eitə,,n.〔飞机、舰船等的〕估计到达时间,商务英语
corporate,ˈkɔːrpərət,,a.法人团体的， 法人组织的， 公司的； 全体的， 共同的,商务英语
wooden,'wʊdn,,a.木制的， 木头的； 木头似的， 呆板的,商务英语
instruction,ɪn'strʌkʃən,,n.命令，指示,商务英语
report,rɪ'pɔrt,,vi.报到； 报告， 汇报； 报道； 隶属， 对负责 n.报告，汇报；报道；名誉；传说，传闻 vt.报告，汇报；报道；告发,商务英语
facilities,fə'silitiz,,n.设备,商务英语
complete,kəm'plit,,a.完整的； 已完成的， 终结的； 彻底的 vt.完成，结束；使完整，使完全,商务英语
compensate,'kɑmpɛnset,,v.补偿， 弥补， 抵消,商务英语
married,'mærɪd,,a.婚姻的； 已婚的,商务英语
transaction,træn'zækʃən,,n.交易， 业务,商务英语
accomplishment,ə'kɑmplɪʃmənt,,n.成绩； 成就； 造诣； 完成， 实现,商务英语
flexitime,'flɛksɪtaɪm,,n.弹性上班制,商务英语
sign,saɪn,,v.签名， 签署； 做手势 n.标记，符号，记号；招牌；姿势，手势；暗语，暗号；征兆，迹象，痕迹,商务英语
notepad,'not'pæd,,n.笔记本,商务英语
cotton,'kɑtn,,v.领会； 产生好感 n.棉花，棉；棉线，棉纱,商务英语
political,pə'lɪtɪkl,,a.政治的， 政治上的； 政党的， 党派的,商务英语
edge,ɛdʒ,,vi.侧着移动， 徐徐移动 n.棱，边缘；刀口，刃；优势，优越条件,商务英语
proceeds,'prosidz,,n.收益， 进款,商务英语
publication,",pʌblɪ'keʃən",,n.出版， 发行； 出版物； 公布， 发表,商务英语
limit,'lɪmɪt,,n.限度，极限 v.〔在量、数上〕限制，限定,商务英语
claim,klem,,vt.声称，断言；对…提出要求，索取；使失踪或死亡；需要，值得 n.要求； 索赔； 声称， 断言,商务英语
antique,æn'tik,,a.古时的，古老的；陈旧的；古董的 n.古物， 古玩， 古董,商务英语
widespread,ˈwʌɪdsprɛd,,a.普遍的； 分布广的,商务英语
petroleum,pə'trolɪəm,,n.石油,商务英语
depreciate,dɪ'priʃɪet,,v.贬值； 折旧,商务英语
fasten,'fæsən,,vi.扎牢， 系牢 vt.固定，系牢，绑紧，扣住,商务英语
overpay,",əuvə'pei",,vi.付得过多 vt.多付,商务英语
discretion,dɪ'skrɛʃən,,n.判断力； 谨慎， 慎重,商务英语
level,'lɛvl,,a.平的，水平的；一般高的；不相上下的；平稳的，冷静的，平淡的 v.变平坦 n.水平面，水平线；高度；等级，水平,商务英语
disruption,dɪs'rʌpʃən,,n.中断； 分裂； 破坏； 瓦解,商务英语
dirt,dɝt,,n.污物， 污垢； 泥土,商务英语
luminary,'lʊmə'nɛri,,n.名人； 杰出人物； 发光体,商务英语
weighting,'weitiŋ,,n.额外津贴,商务英语
establish,ɪˈstæblɪʃ,,vt.建立， 设立； 确立， 使得到承认； 确认； 安顿,商务英语
plus,plʌs,,a.表示加的，正的；附加的；有增益的 prep.加，加上 n.加号， 正号； 有利因素,商务英语
expansion,ɪk'spænʃən,,n.扩大； 扩张， 扩展； 膨胀,商务英语
relevant,'rɛləvənt,,a.有关的； 切题的,商务英语
synthetic,sɪn'θɛtɪk,,a.合成的， 人造的； 虚假的； 综合性的,商务英语
license,'laɪsns,,n.执照， 许可证,商务英语
expand,ɪk'spænd,,vi.膨胀； 扩大； 变大 vt.扩大，扩充，扩展,商务英语
subcommittee,'sʌbkəmɪti,,n.下设委员会； 小组， 小组委员会， 分会,商务英语
headquarters,'hɛdkwɔrtɚz,,n.总部， 总店； 司令部， 指挥部,商务英语
deduction,dɪ'dʌkʃən,,n.扣除， 减除,商务英语
dilution,dɪ'ljʊʃən,,n.价值降低； 股本稀释； 产权削弱,商务英语
fiscal,'fɪskl,,a.国库的， 财政的,商务英语
adjuster,ə'dʒʌstɚ,,n.理算师,商务英语
dish,dɪʃ,,n.碟， 盘； 菜肴， 一盘菜,商务英语
prediction,prɪ'dɪkʃən,,n.预言； 预报,商务英语
survey,ˈsɝˌve; (for v.) sɝˈve,,n.调查， 勘察； 测量， 勘测； 全面审视， 概括论述 vt.调查； 检视； 测量， 勘测； 全面审视， 概括论述,商务英语
plug,plʌɡ,,vt.公开推荐；把…塞住，用…塞住 n.插头， 插座； 塞子， 栓,商务英语
tense,tɛns,,a.紧张的；拉紧的，绷紧的 v.拉紧， 绷紧 n.时态,商务英语
postpone,po'spon,,vt.延迟， 延期， 推迟,商务英语
bride,braɪd,,n.新娘,商务英语
point-of-sales,'pɔintəv'seil(z),,a.销售点的,商务英语
hammer,'hæmɚ,,vi.敲打； 反复推敲 n.榔头，锤子 vt.锤击，敲打；锻造,商务英语
seal,sil,,n.封铅，封条，封印；印章；海豹 vt.密封； 盖章于,商务英语
recipe,'rɛsəpi,,n.烹饪法， 食谱； 方法， 秘诀， 诀窍,商务英语
mental,'mɛntl,,a.精神的， 思想上的， 心理的； 精神不正常的， 精神病的； 治疗精神病的； 智力的， 脑力的,商务英语
storage,'stɔrɪdʒ,,n.储藏， 贮藏； 存储； 贮藏量； 保管费， 储存费； 包租费； 仓库,商务英语
investigate,ɪn'vɛstɪɡet,,v.调查， 调查研究； 审查,商务英语
decent,'disnt,,a.像样的， 体面的； 正派的， 得体的,商务英语
aftermarket,"'æftər,mɑrkɪt",,n.修配用零部件市场,商务英语
switch,swɪtʃ,,v.转换， 改变 n.开关，电闸；转换，改变,商务英语
head,hɛd,,vi.朝…行进,商务英语
total,'totl,,vi.总计， 合计 a.总的，全部的；完全的，彻底的 n.总数，总计 vt.计算…的总和,商务英语
considerable,kən'sɪdərəbl,,a.相当大的,商务英语
productivity,",prodʌk'tɪvəti",,n.生产力， 生产率,商务英语
reserve,rɪ'zɝv,,v.预订 n.储备（物）,商务英语
timescale,taimskeil,,n.时标,商务英语
viable,'vaiəbl,,a.可行的； 能养活的； 有利可图的， 可盈利的,商务英语
consumer,kən'sumɚ,,n.消费者， 用户； 消耗者,商务英语
brief,brif,,a.短暂的；简洁的，简要的 n.摘要，概要 vt.向…介绍基本情况， 作…的提要,商务英语
by-product,"'baɪ,prɑdəkt",,n.副产品,商务英语
keyboard,'ki'bɔrd,,n.键盘,商务英语
economist,ɪ'kɑnəmɪst,,n.经济学家,商务英语
initiative,ɪ'nɪʃətɪv,,n.主动性， 首创精神； 倡议； 主动权,商务英语
recover,rɪ'kʌvɚ,,v.复原， 恢复； 寻回， 收复， 重新得到； 挽回， 弥补,商务英语
influx,'ɪnflʌks,,n.流入； 注入； 汇集,商务英语
nature,'netʃɚ,,n.自然界， 大自然； 禀性， 天性； 性格， 性情； 类型,商务英语
embark,ɪm'bɑrk,,vi.上船； 着手， 开始工作,商务英语
cross,krɔs,,v.穿越；相交；画十字；在支票上画两条平行线 a.易怒的， 发怒的； 交叉的， 交互的 n.十字架，十字形的东西；交叉路；苦难,商务英语
proviso,prə'vaɪzo,,n.限制性条款； 附加条文,商务英语
demanding,dɪ'mændɪŋ,,a.过分要求的， 苛求的,商务英语
drill,drɪl,,v.钻， 打； 操练， 训练 n.钻头，钻床；操练，训练,商务英语
friction,'frɪkʃən,,n.摩擦； 矛盾， 冲突,商务英语
pitfall,'pɪt'fɔl,,n.隐患， 易犯的错误； 陷阱， 圈套,商务英语
clerk,klɝk,,n.职员， 店员， 办事员,商务英语
acknowledge,ək'nɑlɪdʒ,,vt.确认收悉； 承认， 承认…的权威； 对…表示谢意； 报偿,商务英语
luxury,'lʌɡʒəri,,a.奢华的 n.奢侈，华贵；奢侈品,商务英语
worthwhile,'wɝθ'waɪl,,a.值得的,商务英语
infringement,ɪn'frɪndʒmənt,,n.违反； 侵犯， 侵害,商务英语
mould,məuld,,n.霉，霉菌；模子，模型，铸模；性格，气质 vt.用模子制作， 浇铸， 塑造； 使形成， 影响…的形成； 把…塑造成,商务英语
hoard,hɔrd,,v.贮藏， 囤积 n.贮藏，聚藏,商务英语
specialty,'spɛʃəlti,,n.专长； 特产； 特色经营,商务英语
windfall,'wɪndfɔl,,n.意外之财,商务英语
vary,ˈveri,,v.有变化， 相异； 改变， 变更,商务英语
nation,'neʃən,,n.民族； 国家； 部落,商务英语
registered,'rɛdʒɪstɚd,,a.已登记的； 已注册的； 挂号的,商务英语
respondent,rɪ'spɑndənt,,a.回答的 n.回答者,商务英语
determination,dɪˌtɜːrmɪˈneɪʃn,,n.决心， 决定； 确定， 测定； 诉讼的终止,商务英语
discipline,'dɪsəplɪn,,n.纪律；训练，训导；惩罚，处分；学科 vt.训练， 训导； 处罚,商务英语
back-up,'bækʌp,,n.备份,商务英语
stakeholder,ˈsteɪkhoʊldər,,n.赌金保管者,商务英语
somewhere,'sʌmwɛr,,ad.在某处， 到某处； 大约， 大概,商务英语
objective,əb'dʒɛktɪv,,a.客观的， 不带偏见的 n.目标，目的,商务英语
injure,'ɪndʒɚ,,vt.伤害； 损坏， 损害， 损伤,商务英语
freeze,friz,,vt.使结冰；冻结 n.冻结； 冰冻期,商务英语
scandal,'skændl,,n.丑事， 丑闻； 流言蜚语； 反感， 愤慨,商务英语
geography,dʒiˈɑɡrəfɪ,,n.地理,商务英语
composite,kɑm'pɑzɪt,,a.合成的，复合的 n.合成物， 复合材料,商务英语
freelance,'frilæns,,vi.当自由职业者 a.自由职业的,商务英语
estimate,"'ɛstə,met",,n&vt.估计； 评价； 判断,商务英语
expiry,ɪk'spaɪəri,,n.满期， 到期,商务英语
diploma,dɪ'plomə,,n.毕业证书， 学位证书； 执照； 资格证书,商务英语
injury,'ɪndʒəri,,n.伤害， 毁坏， 损害； 受伤处,商务英语
exhibit,ɪɡ'zɪbɪt,,vt.显示，显出；展出，展览，陈列 n.展览品， 陈列品； 展览会， 展出,商务英语
brand,brænd,,n.品牌，商标，牌子；烙印 vt.铭刻于， 打烙印于， 以烙铁打； 加污名于， 谴责,商务英语
recent,'risnt,,a.最近的， 新近的， 近来的； 近代的,商务英语
suspension,sə'spɛnʃən,,n.暂停， 中止； 暂令停止参加， 暂时剥夺； 悬架， 悬置机构； 悬浮液； 悬， 挂， 吊； 暂停营业； 停止支付,商务英语
altruistic,",æltrʊ'ɪstɪk",,a.利他的， 不自私的； 利他主义的,商务英语
alcohol,'ælkəhɔl,,n.酒精， 乙醇； 含酒精的饮料,商务英语
proposal,prə'pozl,,n.提议， 建议， 计划； 求婚,商务英语
deny,dɪ'nai,,vt.否认， 不承认； 拒绝给予， 拒绝…的要求,商务英语
subtract,səb'trækt,,vt.减去； 扣除,商务英语
allowance,ə'laʊəns,,n.津贴， 补贴， 零用钱,商务英语
interpreter,ɪn'tɝprɪtɚ,,n.口译员； 翻译器,商务英语
portable,'pɔrtəbl,,a.便于携带的，轻便的，手提式的 n.便携式计算机,商务英语
nationalization,ˌnæʃənəlai'zeiʃən,,n.国有化,商务英语
accept,əkˈsɛpt,,vi.同意， 认可 vt.接受，领受；认可；承兑；相信,商务英语
secondary,'sɛkəndɛri,,a.中等的， 中学的； 次要的， 第二位的； 辅助的， 从属的,商务英语
badge,bædʒ,,n.徽章， 证章； 标记， 标志； 象征,商务英语
mission,'mɪʃən,,n.使命， 任务， 天职； 代表团， 使团,商务英语
adopt,ə'dɑpt,,vt.收养； 采取， 采纳， 采用； 正式通过， 批准,商务英语
expire,ɪk'spaɪɚ,,vi.期满， 终止； 断气， 死亡,商务英语
smuggle,'smʌgl,,vi.走私， 偷带， 偷运 vt.走私，非法私运；偷运，偷带,商务英语
autumn,'ɔtəm,,n.秋， 秋季； 成熟期,商务英语
toiletry,'tɔɪlɪtri,,n.化妆品， 化妆用具,商务英语
impeccable,ɪm'pɛkəbl,,a.无瑕疵的， 没有缺点的,商务英语
motor,'motɚ,,n.发动机， 电动车,商务英语
conservative,kən'sɝvətɪv,,a.保守的，守旧的；谨慎的；不时新的，传统的 n.保守的人,商务英语
conference,'kɑnfərəns,,n.会议， 讨论会； 讨论， 商谈,商务英语
access,'æksɛs,,n.通道，入口；接近，进入；享用权 vt.存取； 获取计算机数据,商务英语
activity,ækˈtɪvətɪ,,n.业务； 活动， 行动； 活跃， 活力,商务英语
apprehension,",æprɪ'hɛnʃən",,n.了解， 理解； 领悟力， 悟性； 忧虑； 逮捕,商务英语
sum,sʌm,,n.金额，款项,商务英语
ballyhoo,'bælɪhu,,n.招揽生意的广告； 大吹大擂,商务英语
auctioneer,",ɔkʃə'nɪr",,n.拍卖商,商务英语
current,kɝ​ənt,,a.现时的，当今的；通行的，通用的；流行的，流传的 n.流； 趋势， 倾向,商务英语
exporter,ɛk'spɔrtɚ,,n.出口商,商务英语
secretary,'sɛkrətɛrɪ,,n.秘书； 书记； 部长， 大臣,商务英语
headhunter,'hɛdhʌntɚ,,n.猎头公司； 物色人才者,商务英语
obligate,"'ɑblɪ,ɡeɪt",,v.使在道义上负责， 有责任； 使负有义务； 强迫,商务英语
variety,və'raɪəti,,n.变化， 多样化； 种类， 品种,商务英语
audit,'ɔdɪt,,vt.审计， 检查,商务英语
disturb,dɪ'stɝb,,vt.打扰， 妨碍； 使不安， 使烦恼； 弄乱， 打乱,商务英语
lecture,'lɛktʃɚ,,v.做讲座， 做演讲； 训斥， 谴责； 告诫 n.讲座，讲课；演说，演讲,商务英语
appraiser,ə'prezɚ,,n.鉴定人； 估价人,商务英语
unemployed,",ʌnɪm'plɔɪd",,a.失业的， 没有工作的； 未动用的， 闲置的,商务英语
key,kiː,,a.重要的，主要的 n.钥匙；关键，要害；键；调；答案，题解；图例，略语表 vt.键入,商务英语
accountability,"ə,kaʊntə'bɪləti",,n.有责任， 有义务,商务英语
calendar,'kæləndɚ,,n.日历， 月历,商务英语
decision,dɪ'sɪʒn,,n.决定； 决心； 坚定， 果断,商务英语
necessary,ˈnɛsəˌsɛri,,a.必要的，必需的，必不可少的,商务英语
garage,gəˈrɑ:ʒ; ɡəˈrɑʒ,,n.车库； 加油站,商务英语
mogul,'məugl,,n.巨头， 泰斗， 大人物， 巨擘,商务英语
speculate,'spɛkjə'let,,v.推测， 推断； 投机， 做投机买卖； 思索， 沉思,商务英语
launch,lɔntʃ,,vt.使下水；发射，投射；发动，发起；投放，推出；使开始从事 n.发射， 下水； 投放,商务英语
store,stɔr,,n.商店，店铺；储存，储备；仓库 vt.储藏， 储备， 存储,商务英语
dismantle,dɪs'mæntl,,vt.拆开， 拆卸； 废除， 取消,商务英语
confirm,kən'fɝm,,vt.证实， 肯定； 进一步确定， 确认； 批准； 加强， 坚定,商务英语
cement,sə'mɛnt,,n.水泥；胶结材料 vt.黏结， 胶合； 巩固， 使团结,商务英语
dealer,'dilɚ,,n.发牌者； 经销商； 商人； 证券商,商务英语
acquaint,ə'kwent,,vt.使熟悉； 使认识,商务英语
appoint,ə'pɔɪnt,,vt.任命， 委派； 委任； 约定， 确定， 指定,商务英语
ATM,",ei ti: 'em",,n.自动取款机，自动柜员机,商务英语
makeup,"'mek,ʌp",,n.化妆品,商务英语
country,'kʌntri,,n.国家； 乡下， 农村,商务英语
commercial,kə'mɝʃəl,,a.商业的，商务的；可获利的 n.广告节目,商务英语
showroom,'ʃorʊm,,n.展厅,商务英语
joint,dʒɔɪnt,,a.合办的；连接的；共同的，联合的 n.关节； 接头， 接合处,商务英语
separate,(for v.) sɛpəˌret; (for adj.) sɛprɪt,,vi.分离； 分居 a.不同的， 个别的， 有差异的； 单独的， 各自的； 分离的， 分开的 vt.使分开；划分；区分，识别,商务英语
declare,dɪ'klɛr,,vi.表态 vt.宣布，宣告，声明；断言，宣称；申报,商务英语
willing,'wɪlɪŋ,,a.愿意的， 乐意的； 出于自愿的,商务英语
reasonable,'riznəbl,,a.合理的， 有道理的； 公道的； 通情达理的， 讲理的； 明智的； 尚好的， 过得去的,商务英语
dislike,dɪs'laɪk,,n&vt.不喜爱， 厌恶,商务英语
buy,baɪ,,v.购买， 交易； 收买,商务英语
self-made,'self'meid,,a.白手起家的,商务英语
available,ə'veləbl,,a.可利用的； 可得到的； 通用的； 现成可使用的； 有效的； 可取得联系的； 可交谈的， 可会见的,商务英语
express,ɪk'sprɛs,,ad.用快递方式； 乘直达快车 a.特快的，直达的，专递的；明确的，明白表示的 vt.表示；用言词表达 n.快递；快车,商务英语
advocate,ˈædvəkeɪt；-et,,vt.提倡， 鼓吹， 主张 n.提倡者； 辩护者， 律师； 代言人,商务英语
denationalize,",di'næʃnəlaɪz",,vt.私营化， 使非国有化， 去国有化； 开除…国籍,商务英语
zero,ˈzɪro,,num.零 n.零点； 零度,商务英语
horizontal,'hɔrə'zɑntl,,a.地平的， 水平的,商务英语
regularly,'regjuləli,,ad.定期地， 有规律地,商务英语
arbitrage,",ɑ:bi'trɑ:ʒ, 'ɑ:bitridʒ",,n.套利， 套购， 套汇； 仲裁,商务英语
trivial,'trɪvɪəl,,a.琐碎的， 不重要的,商务英语
awareness,ə'wɛrnəs,,n.知道,商务英语
luggage,'lʌɡɪdʒ,,n.行李,商务英语
postcard,'post'kɑrd,,n.明信片,商务英语
drawback,'drɔbæk,,n.缺点； 障碍， 不利条件,商务英语
write-off,'raɪtɔf,,n.注销,商务英语
dynamic,daɪ'næmɪk,,a.精力充沛的；有创新思想的；志在成功的 n.〔导致某种行动或变化的〕动力，活力,商务英语
reluctant,rɪ'lʌktənt,,a.不情愿的， 勉强的,商务英语
sector,'sɛktɚ,,n.部分； 部门； 防御地段， 防区； 扇形,商务英语
coordinate,ko'ɔrdɪnet,,a.同等的， 并列的 vt.调节， 协调 n.坐标,商务英语
ensure,ɪn'ʃʊr,,vt.保证， 担保， 确保,商务英语
dumping,'dʌmpɪŋ,,n.倾销,商务英语
epidemic,",ɛpɪ'dɛmɪk",,a.流行性的， 流传极广的； 感染性的； 会蔓延开的 n.流行病；流传，盛行,商务英语
sink,sɪŋk,,vi.下沉，沉没；降低，下落；陷入；衰退，恶化 vt.使下沉，使沉没；降低；掘，挖，凿 n.水槽， 水池， 洗涤槽,商务英语
degree,dɪ'ɡri,,n.度数； 程度； 学位,商务英语
thin,θɪn,,ad.薄，细；稀疏 a.薄的，细的，瘦的；稀薄的，淡薄的；交易清淡的 v.变薄， 变细， 变稀,商务英语
flavor,'flevɚ,,n.味道；风味 vt.给…调味,商务英语
brake,brek,,vi.制动；被刹住 n.闸，刹车，制动器 vt.刹住， 用闸放慢速度,商务英语
off-the-shelf,'ɔfðə'ʃɛlf,,a.现货供应的， 不用定制的,商务英语
opt,ɑpt,,vi.选择， 挑选,商务英语
fast-expanding,'fɑːstˌiks'pændiŋ,,a.快速扩张的,商务英语
extract,'ɛkstrækt,,vt.取出， 抽出， 拔出； 提取， 提炼， 榨取； 获得， 索取； 摘录， 抄录 n.摘录， 选段； 提出物， 精， 汁,商务英语
obscure,əb'skjʊr,,a.不著名的，不重要的；费解的，模糊不清的 vt.使变模糊； 掩盖,商务英语
procurement,prə'kjʊrmənt,,n.获得； 购买的行为,商务英语
forge,fɔrdʒ,,vt.伪造 ， 假冒； 锻造， 锤炼,商务英语
accountancy,ə'kaʊntənsi,,n.会计工作； 财会部门,商务英语
carpet,'kɑrpɪt,,n.地毯,商务英语
hint,hɪnt,,n.暗示 v.暗示，示意,商务英语
solve,sɑlv,,vt.解决， 解答,商务英语
conspire,kən'spaɪɚ,,vi.密谋； 合力， 协作,商务英语
Internet,'ɪntɚnɛt,,n.国际互联网， 因特网,商务英语
demonstrate,'dɛmən'stret,,vi.举行示威游行 vt.示范；论证，证明；说明，演示；显示，表露,商务英语
organise,"'ɔrgə,naɪz",,vt.组织， 安排； 使有条理； 使有机化,商务英语
region,'ridʒən,,n.地区， 地带， 区域； 领域； 范围， 幅度,商务英语
yearly,'jɪrli,,ad.每年一次地 a.每年的，每年一次的；一年一度的,商务英语
support,sə'pɔrt,,n.支持，资助；支撑，支撑物；支持者；拥护，鼓励；生活费 vt.支持， 支撑； 鼓励； 拥护， 为…助威； 供养， 资助， 维持； 证实,商务英语
coin,kɔɪn,,v.杜撰； 铸造 n.硬币，钱币,商务英语
drop,drɑp,,vt.落下；下降，降低；停止，放弃 n.下降； 下降的距离； 滴； 微量， 一点点,商务英语
questionnaire,ˌkwɛstʃənˈɛr,,n.调查表； 问卷， 征求意见表,商务英语
hire,'haɪɚ,,v.雇用 n.租用， 雇用,商务英语
breakthrough,'brek'θrʊ,,n.突破， 突破性进展， 重要的新发现,商务英语
idea,aɪ'diə,,n.主意， 想法； 概念， 思想； 计划， 打算,商务英语
pending,'pɛndɪŋ,,a.未决定的， 待定的； 即将发生的， 迫近的 prep.直到，在等待…期间,商务英语
destination,",dɛstɪ'neʃən",,n.目的地， 终点； 目的， 目标,商务英语
inventory,'ɪnvəntɔri,,n.库存目录； 清单； 存货； 细账,商务英语
pure,pjʊr,,a.纯粹的； 纯的， 纯净的， 纯洁的； 无瑕的； 贞洁的； 纯理论的， 抽象的； 完全的， 十足的， 彻底的,商务英语
perpetuate,pɚ'pɛtʃuet,,vt.使永久； 使长存,商务英语
misconception,'mɪskən'sɛpʃən,,n.误解； 错误想法； 错误印象,商务英语
damp,dæmp,,v.打湿；减弱，抑制 a.潮湿的，微湿的 n.潮湿， 湿气,商务英语
proprietary,prə'praɪətɛri,,a.独家制造的,商务英语
backing,'bækɪŋ,,n.资助,商务英语
gap,ɡæp,,n.缺口， 裂口； 间隔； 空白； 差距； 分歧， 隔阂,商务英语
screw,skru,,n.螺丝 vt.用螺丝固定； 拧， 拧紧， 旋,商务英语
copywriter,'kɑpɪraɪtɚ,,n.广告文字撰稿人,商务英语
assent,ə'sɛnt,,v.赞成，同意 n.赞同； 财产转让证书,商务英语
turnover,'tɝn'ovɚ,,n.营业额， 成交量； 人员调整， 人员更替率； 周转额,商务英语
successful,sək'sɛsfl,,a.成功的； 有成就的,商务英语
normal,'nɔrml,,a.正常的， 平常的； 标准的； 精神健全的； 正规的， 规范的,商务英语
figure,'fɪɡjɚ,,vt.计算； 认为， 猜想,商务英语
allocation,",ælə'keʃən",,n.拨款； 分配， 分派； 分配物,商务英语
slight,slaɪt,,a.轻微的，不足道的；少许的，稍微的；纤弱的，不结实的；纤细的，瘦弱的 vt.怠慢，轻视，藐视；疏忽 n.轻视,商务英语
airmail,'ɛrmel,,n.航空邮件，航空邮政 vt.航空邮寄,商务英语
previous,'privɪəs,,ad.在…之前 a.以前的，先前的；先的,商务英语
argue,'ɑrgjʊ,,vi.辩论，争论 vt.主张， 论证， 辨明； 说服， 劝说,商务英语
consumption,kən'sʌmpʃən,,n.消耗量， 消费量； 消耗， 消费， 挥霍,商务英语
off-the-peg,'ɔfðə'pɛɡ,,a.现成的,商务英语
superior,sʊˈpɪrɪɚ,,a.较高的， 上级的； 优越的， 优于…的； 优良的， 卓越的； 有优越感的， 高傲的 n.上司，长官,商务英语
provisionally,prə'viʒənəli,,ad.临时地,商务英语
litigation,'lɪtə'geʃən,,n.诉讼,商务英语
succeed,sək'sid,,vi.成功；继承，接着发生 vt.接替， 继承； 继…之后,商务英语
noncommittal,",nɑnkə'mɪtl",,a.不明朗的； 不能退款的； 不可归还的； 不承担义务的,商务英语
periodical,",pɪrɪ'ɑdɪkl",,a.周期的， 定期的， 时而发生的 n.期刊,商务英语
subsidize,'sʌbsə'daɪz,,vt.给…津贴， 资助， 补助； 用贿赂换得帮助， 用钱买通， 向…行贿,商务英语
location,lo'keʃən,,n.场所， 地点； 位置； 外景拍摄地,商务英语
compensation,",kɑmpɛn'seʃən",,n.补偿的款物， 赔款； 补偿， 赔偿； 补偿交易,商务英语
leaflet,'liflət,,v.散发传单 n.传单，散页印刷品，小册子,商务英语
punctual,'pʌŋtʃʊəl,,a.严守时刻的， 准时的,商务英语
accessory,ək'sɛsəri,,n.附件，配件，附属品,商务英语
bankrupt,'bæŋkrʌpt,,a.破产的；已彻底失败的；彻底缺乏的 vt.使破产；使枯竭 n.破产者,商务英语
compromise,'kɑmprəmaɪz,,vi.妥协 vt.危及；放弃 n.和解； 妥协； 折中,商务英语
advertise,'ædvɚtaɪz,,vi.登广告， 做广告， 登公告 vt.为…做广告，宣传；公告，公布,商务英语
sack,sæk,,v.解雇,商务英语
software,'sɔftwɛr,,n.软件； 计算方法,商务英语
reach,ritʃ,,v.达到〔某一阶段等〕 n.伸手可及的距离,商务英语
seminar,'sɛmɪnɑr,,n.研究班， 研讨会,商务英语
comparative,kəm'pærətɪv,,a.比较的， 相对的,商务英语
competition,",kɑmpə'tɪʃən",,n.竞争， 比赛,商务英语
react,ri'ækt,,vi.反应， 作出反应； 起作用， 有影响； 反对， 反抗， 反其道而行； 起化学反应,商务英语
odyssey,'ɑdəsi,,n.长期冒险的旅途,商务英语
feedback,'fidbæk,,n.反馈， 反馈信息,商务英语
lineskipper,'lainˌskipə,,n.抢先者； 加塞者,商务英语
problem,'prɑbləm,,n.问题， 疑难问题， 需认真对付的困难； 习题， 几何作图题,商务英语
backer,'bækɚ,,n.资助者,商务英语
terms,tɝmz,,n.条件， 条款； 费用,商务英语
hazard,'hæzɚd,,n.危险 vt.尝试着做； 冒…风险,商务英语
review,rɪ'vju,,n.审查，检查，检讨 v.评审，审查，检讨,商务英语
justify,'dʒʌstə'fai,,vt.证明…正当， 表明…合理合法， 为…辩护； 证明…无罪,商务英语
connection,kə'nɛkʃən,,n.连接， 关系,商务英语
deeply,'diplɪ,,ad.深深地， 强烈地； 在深处； 低沉地,商务英语
asleep,ə'slip,,a.睡着的， 睡熟的,商务英语
tighten,'taɪtn,,v.变紧， 绷紧,商务英语
guide,ɡaɪd,,v.带领， 给…领路； 指导 n.指南，指导；导游，向导；路标,商务英语
inclusive,ɪn'klusɪv,,a.包含的； 包括一切在内的， 包括一切费用在内的， 所有数目包括在内的； 一切的； 范围广的， 内容丰富的,商务英语
efficiency,ɪˈfɪʃənsɪ,,n.效率， 效能； 功效,商务英语
goal,ɡol,,n.目标， 目的； 进球得分； 球门,商务英语
method,'mɛθəd,,n.方法， 办法； 秩序， 条理,商务英语
overhead,",ovɚ'hɛd",,ad.在头顶上 a.在头顶上的，上面的，架空的 n.间接费用； 日常开支； 企业一般管理费用,商务英语
contract,'kɑntrækt,,vi.缩小，收缩；订合同 n.合同， 契约 vt.感染， 染上； 订； 使皱缩； 使缩小,商务英语
conclude,kən'klud,,v.推断出， 推论出； 结束； 缔结， 议定,商务英语
profitable,'prɑfɪtəbl,,a.有利可图的， 有益的,商务英语
bespoke,bɪ'spok,,a.订货的； 定做的； 预约的,商务英语
innovative,'ɪnəvetɪv,,a.革新的， 新颖的， 创新的； 富有革新精神的,商务英语
exist,ɪɡ'zɪst,,vi.存在； 生存,商务英语
unemployment,",ʌnɪm'plɔɪmənt",,n.失业； 失业人数,商务英语
exact,ɪɡ'zækt,,a.确切的， 精确的,商务英语
forwarder,'fɔrwɚdɚ,,n.转运商， 代运人,商务英语
force,fɔrs,,vt.强迫， 迫使； 用力推动； 强行打开,商务英语
breakage,'brekɪdʒ,,n.破损， 损耗量,商务英语
centigrade,'sɛntɪɡred,,a.摄氏的； 百分度的 n.摄氏度,商务英语
managerial,",mænə'dʒɪrɪəl",,a.管理方面的,商务英语
gravitate,'ɡrævɪtet,,vi.下跌， 下降； 受…吸引,商务英语
trudge,trʌdʒ,,v.跋涉；步履艰难地走，费力地走 n.跋涉， 艰难的步行,商务英语
seasonal,'sizənl,,a.季节的， 季节性的,商务英语
freight,fret,,n.货物；货运；运费 vt.运送， 装货于,商务英语
confidentiality,",kɑnfɪ,dɛnʃɪ'æləti",,n.机密性,商务英语
range,rendʒ,,vi.变动，变化；论及，涉及；漫游，来回行动，四处搜索 n.系列，一系列；幅度，范围；射程，距离；脉；靶场，射击场 vt.使排列成行； 把…分类,商务英语
distribution,'dɪstrə'bjʊʃən,,n.分销； 分发， 分配； 散布， 分布,商务英语
overseas,",ovɚ'siz",,ad.在海外，在国外 a.海外的， 国外的， 外国的,商务英语
capacity,kə'pæsəti,,n.容量， 容积； 才能， 能力； 性能； 身份， 职位； 生产能力,商务英语
saturate,'sætʃərɪt,,vt.使湿透， 浸透； 使充满， 使饱和,商务英语
flat,flæt,,ad.平直地； 直截了当地 a.萧条的；平的，平坦的；固定的，统一的；漏气的；单调的，沉闷的；扁平的；浅的 n.一套房间，公寓套房；单元住宅,商务英语
recall,'rikɔl,,vi.记得，回想 vt.回忆；召回，叫回；回收；收回 n.召回,商务英语
course,kɔrs,,n.课程； 过程， 进程； 一道菜； 行动方针， 做法； 路线， 航线,商务英语
copy,'kɑpi,,v.抄写； 复印； 复制； 模仿， 仿效， 抄袭 n.抄本，副本；一册，一份,商务英语
mediation,midɪ'eʃən,,n.调解； 仲裁,商务英语
precise,prɪ'saɪs,,a.精确的， 准确的； 严谨的,商务英语
interlude,'ɪntɚ'lʊd,,n.间隔的时间， 间歇,商务英语
sensible,'sɛnsəbl,,a.明理的； 明智的， 合情理的； 有知觉的,商务英语
regular,'rɛgjəlɚ,,a.定期的， 固定的； 规则的， 有规律的； 正规的， 正式的； 匀称的， 整齐的； 常规的， 经常的,商务英语
dispute,'dɪs'pjʊt,,vi.争论， 争辩 n.争论， 争吵 vt.对…表示异议，就…发生争论,商务英语
precious,'prɛʃəs,,a.珍贵的， 宝贵的， 贵重的,商务英语
observation,",ɑbzɚ'veʃən",,n.观察，注意；监视,商务英语
sell,sɛl,,vi.卖， 销售 vt.卖，出售，向…推销；出卖，背叛,商务英语
workaholic,ˌwɜrkəˈhɔlɪk,,n.工作狂,商务英语
suggest,sə'dʒɛst,,vt.建议， 提议； 表明， 暗示； 使人想到,商务英语
refurbish,",ri'fɝbɪʃ",,vt.刷新； 再磨光,商务英语
brain,bren,,n.脑，大脑 v.重击〔某人〕的头部〔幽默用法〕,商务英语
apologize,ə'pɑlədʒaɪz,,vi.道歉， 认错； 辩护， 辩解,商务英语
inhabitant,ɪn'hæbɪtənt,,n.居民， 住户,商务英语
lead,lid; lɛd,,v.领导，管理，引导；领路，为…带路，为…引路，指引；导致，通向；诱使，致使；过；领先 n.领导， 榜样； 主角， 主要演员； 铅,商务英语
token,'tokən,,a.象征性的 n.专用辅币，代金券；信物，标志,商务英语
expect,ɪk'spɛkt,,vt.期待， 盼望； 认为； 预料， 预计…可能发生； 要求， 认为…必要,商务英语
liberalization,",lɪbərəlaɪ'zeʃən",,n.自由主义化,商务英语
site,saɪt,,n.地点，场所 vt.使坐落在， 设置,商务英语
massive,'mæsɪv,,a.大的， 大而重的， 大块的； 大量的， 大规模的,商务英语
emotion,ɪ'moʃən,,n.情感； 激动， 激情,商务英语
depth,dɛpθ,,n.〔情感的〕强烈程度；〔情况的〕严重程度,商务英语
assess,ə'sɛs,,vt.对…进行估价； 确定…的数额； 评价， 评论； 评估,商务英语
behaviour,bɪ'hevjər,,n.举止， 行为,商务英语
owe,o,,vt.欠； 应把…归功于； 感激， 感恩,商务英语
asset,'æsɛt,,n.〔公司的〕资产，财产,商务英语
inscrutable,ɪn'skrʊtəbl,,a.不能预测的； 难以理解的； 不可思议的,商务英语
minimum,'mɪnɪməm,,a.最低的， 最小的 n.最小量，最低限度,商务英语
scarce,skɛrs,,a.缺乏的， 不足的； 稀有的， 罕见的,商务英语
privatize,"'praivə,taiz",,vt.使私有化,商务英语
apology,ə'pɑlədʒi,,n.道歉， 认错； 愧悔； 辩护， 辩解,商务英语
date,det,,vi.起， 始； 进行约会 n.日期；时期，年代；约会；枣 vt.给…注明日期；和…约会,商务英语
argument,'ɑrɡjumənt,,n.争论， 辩论； 理由， 论据， 论点； 说理， 论证,商务英语
reveal,rɪ'vil,,vt.揭露， 泄露； 展现， 显示,商务英语
theoretical,",θiə'rɛtɪkəl",,a.理论的； 精于理论的,商务英语
depot,'dipo,,n.仓库， 栈房； 火车站， 公共汽车站,商务英语
hostel,'hɑstl,,n.青年旅舍； 招待所,商务英语
prescriptive,prɪ'skrɪptɪv,,a.说明性的； 规定的； 约定俗成的,商务英语
adequate,ˈædɪkwət,,a.充足的， 足够的； 适当的； 胜任的； 差强人意的,商务英语
corn,kɔrn,,n.玉米； 谷物， 庄稼,商务英语
sound,saʊnd,,n.声，声音 v.听起来；看起来；好像 a.明智的；合理的；正确的,商务英语
overdraw,",ovɚ'drɔ",,v.透支,商务英语
harbor,'hɑrbɚ,,n.港口， 海港,商务英语
treasurer,'trɛʒərɚ,,n.司库； 财务主管,商务英语
dozen,'dʌzn,,n.打， 十二个,商务英语
tremendous,trə'mɛndəs,,a.巨大的， 极大的； 精彩的， 了不起的,商务英语
follow-up,'fɑlo ʌp,,n.后续； 后续行动,商务英语
barrier,'bærɪɚ,,n.障碍物， 屏障； 隔阂； 壁垒； 界线； 检票口,商务英语
adversarial,",ædvɚ'sɛrɪəl",,a.敌手的； 敌对的； 对抗的,商务英语
create,krɪ'et,,vt.创造， 创作， 创建； 引起， 产生,商务英语
justice,'dʒʌstɪs,,n.正义， 公平， 公正； 司法， 法律制裁； 法官， 审判员,商务英语
bearer,'bɛrɚ,,n.持有人， 持票人,商务英语
tycoon,taɪ'kun,,n.商业巨头， 大亨,商务英语
criminal,'krɪmɪnl,,a.犯罪的， 刑事的 n.罪犯,商务英语
blow,blo,,vi.吹，充气；吹响，吹奏；爆炸，炸毁 n.打， 打击,商务英语
notebook,'notbʊk,,n.笔记本,商务英语
development,dɪ'vɛləpmənt,,n.发展； 展开； 事态发展， 新情况； 开发； 发展的结果,商务英语
curious,'kjʊrɪəs,,a.好奇的； 爱打听的； 古怪的， 难理解的， 奇特的， 稀奇的,商务英语
individual,ˌɪndəˈvɪdʒʊəl,,a.个别的，单独的，个人的；独特的，个性的 n.个人， 个体； 独立单位,商务英语
resource,'risɔrs,,n.资源〔指土地、矿产等〕 v.向…提供资源,商务英语
tax,tæks,,n.税；负担 vt.对…征税； 使负重担， 使费尽力气； 责备， 谴责,商务英语
neomercantilist,ˌniəu'məːkəntailist,,n.新重商主义者,商务英语
blueprint,'blʊ'prɪnt,,n.蓝图,商务英语
capitalization,",kæpɪtəlɪ'zeʃən",,n.资本化,商务英语
addressee,",ædrɛ'si",,n.收件人,商务英语
interim,'ɪntərɪm,,a.暂时的，临时的 n.间歇， 过渡期间,商务英语
council,'kaʊnsl,,n.委员会， 理事会,商务英语
fraud,frɔd,,n.欺诈， 欺骗， 诈骗； 骗子,商务英语
testimony,'tɛstə'moni,,n.证词； 证据， 证明,商务英语
safe,sef,,a.安全的，平安的；牢靠的，可靠的；谨慎的，稳健的 n.保险箱,商务英语
enforce,ɪn'fɔrs,,vt.实施， 生效， 执行； 强迫， 迫使,商务英语
ground,ɡraʊnd,,v.禁止〔飞机或飞行员〕飞行，使停飞 a.〔咖啡或坚果〕磨细的，磨碎的,商务英语
embassy,'ɛmbəsi,,n.大使馆； 大使馆全体工作人员,商务英语
departure,dɪ'pɑrtʃɚ,,n.出发， 起程； 背离， 违反,商务英语
send,sɛnd,,vi.寄信； 派人 vt.发送，寄；派遣，打发；促使，使进入；发送，发射,商务英语
purpose,'pɝpəs,,n.目的， 意图； 用途； 效果； 意志， 决心,商务英语
regret,rɪ'ɡrɛt,,n&v.懊悔， 遗憾； 抱歉,商务英语
penalty,'pɛnəlti,,n.处罚， 惩罚； 罚金， 罚款,商务英语
line,laɪn,,vi.排队 n.种类，类型；流水线，生产线；线条，纹路；皱纹；方针；电话线；线；排，行；路线，航线，铁路线；行业 vt.使排成一行；用线标示，画线于,商务英语
scale,skel,,n.规模，范围，程度 v.攀登,商务英语
hero,'hɪro,,n.英雄； 男主角， 男主人公,商务英语
recovery,rɪ'kʌvəri,,n.恢复； 痊愈； 追回， 寻回， 收复,商务英语
hedge,hɛdʒ,,vi.避免直接回答；   套头交易； 以套期保值避免损失 n.保值措施；套期保值；树篱；防备；障碍物；套头，两面下注以避免损失 vt.用篱笆围,商务英语
aware,ə'wɛr,,a.意识到的， 觉察到的,商务英语
security,sə'kjʊrəti,,n.保安措施，安全工作,商务英语
award,ə'wɔrd,,vt.授予，给予；判给，裁定 n.奖， 奖品， 奖金判定,商务英语
organize,ɔrɡənˌaɪz,,vt.组织， 安排； 使有条理； 使有机化,商务英语
marriage,'mærɪdʒ,,n.结婚， 婚姻； 婚礼,商务英语
eligible,'ɛlɪdʒəbl,,a.具备条件的， 有资格的； 合适的， 合意的,商务英语
station,ˈsteɪʃən,,n.车站；所，局，台；岗位，位置 vt.安置， 派驻,商务英语
alarm,ə'lɑrm,,n.惊恐；警报；警报器；闹钟 vt.使惊恐； 报警,商务英语
appraisal,ə'prezl,,n.估计， 估量； 评价,商务英语
challenger,'tʃælɪndʒɚ,,n.挑战者,商务英语
disequilibrium,",dɪs,ikwɪ'lɪbrɪəm",,n.失去平衡， 不平衡,商务英语
continual,kən'tɪnjuəl,,a.连续的； 不停的,商务英语
smooth,smʊð,,a.平滑的，平整的，光滑的；平稳的，平静的；顺利的，流畅的；温和的；圆滑的；调匀的 vt.弄平， 使平整； 使平稳； 消除,商务英语
orientation,orɪɛn'teʃən,,n.定向； 方向， 目标， 方位； 熟悉情况， 适应， 情况介绍,商务英语
refreshment,ri'frɛʃmənt,,n.饮食，食物和饮料,商务英语
cost,kɔst,,n.价格，成本，费用；代价，损失 vt.价钱为， 使花费； 使付出； 使丧失,商务英语
satisfy,'sætɪsfaɪ,,vt.满足， 使满意； 使确信， 使弄清楚； 符合， 达到； 清偿， 还清债务,商务英语
will,wɪl,,n.意志， 决心； 愿望， 意愿； 遗嘱 vt.用意志力驱使,商务英语
implementation,ˌimplimen'teiʃən,,n.执行； 贯彻,商务英语
match,mætʃ,,v.相配， 相称； 结婚； 与…结婚； 与…匹敌， 同…较量， 比得上； 和…相配， 和…相称， 相适合 n.比赛，竞赛；火柴；配偶；婚姻；对手；匹配，相配的人,商务英语
fault,fɔlt,,n.缺点，毛病；错误；过失；故障 vt.找…的缺点， 挑剔， 指责,商务英语
lorry,'lɔri,,n.卡车， 货车,商务英语
carrier,'kærɪɚ,,n.运输公司， 运输工具； 带菌者； 载重架， 置物架； 搬运人， 承运人,商务英语
response,rɪ'spɑns,,n.回答， 答复； 反应， 响应,商务英语
divest,daɪ'vɛst,,vt.出售； 剥夺,商务英语
treaty,'triti,,n.协议， 条约,商务英语
collectable,kə'lɛktəbl,,a.可收集的，可代收的 n.收藏品,商务英语
challenge,'tʃælɪndʒ,,n.艰巨的任务；怀疑，质问；挑战，邀请比赛 vt.反对， 公然反抗； 向…挑战； 对…质疑， 对…怀疑,商务英语
dignity,'dɪɡnəti,,n.庄严， 端庄； 尊严； 高贵,商务英语
ounce,aʊns,,n.盎司； 少量,商务英语
delegation,",dɛlɪ'ɡeʃən",,n.代表团,商务英语
rival,'raɪvl,,a.竞争的，对抗的 n.竞争对手，敌手；可匹敌的人 vt.与…竞争； 与…匹敌， 比得上,商务英语
intend,ɪn'tɛnd,,vt.想要， 打算， 计划； 打算使…， 想让…做,商务英语
