word,phonetic,pos,definition,source
abruptly,ə'brʌptli,,ad.突然地,四级
absorb,æbˈsɔrb; æbˈzɔrb; əbˈsɔrb,,v.吸收（液体、气体等）,四级
abuse,ə'bjus,,v.滥用，虐待,四级
academic,",ækə'dɛmɪk",,a.学校(院)的，学术的,四级
access,'æksɛs,,v.获取 n.接近，入口,四级
accessible,ək'sɛsəbl,,a.易接近的,四级
accommodate,ə'kɑmədet,,v.适合， 提供住宿,四级
accomplish,ə'kɑmplɪʃ,,v.完成,四级
accumulate,ə'kjumjəlet,,v.积累，增加,四级
accurate,'ækjərət,,a.精确的，准确的,四级
achieve,ə'tʃiv,,v.完成，实现,四级
acknowledge,ək'nɑlɪdʒ,,v.承认(…的权威),四级
acquire,ə'kwaɪr,,v.获得,四级
acute,ə'kjut,,a.敏锐的,四级
adapt,ə'dæpt,,v.适应于,四级
addiction,ə'dɪkʃən,,n.上瘾,四级
additional,ə'dɪʃənl,,a.额外的,四级
address,ə'drɛs,,v.解决,四级
adequate,ˈædɪkwət,,a.足够的,四级
administration,"əd,mɪnɪ'streʃən",,n.管理，政府,四级
administrative,əd'mɪnɪstretɪv,,a.管理的,四级
admire,ədˈmaɪr,,v.钦佩，称赞,四级
admiration,",ædmə'reʃən",,n.钦佩，称赞,四级
admission,əd'mɪʃən,,n.准许进(加)入；入场费；承认,四级
admit,əd'mɪt,,v.承认，容许,四级
advance,əd'væns,,v & n.前进，提前,四级
advanced,əd'vænst,,a.高级的,四级
advancement,əd'vænsmənt,,n.进步，提升,四级
advice,ædˈvaɪs; əd'vaɪs,,n.建议,四级
advisory,əd'vaɪzəri,,n.报告,四级
advocate,ˈædvəkeɪt；-et,,n & v.倡导,四级
advocator,'ædvəkeɪtə,,n.主张者，倡导者,四级
affectionate,ə'fɛkʃənət,,a.深情的，柔情的,四级
affirmation,",æfɚ'meʃən",,n.断言，肯定,四级
affirm,ə'fɝm,,v.断言，声明,四级
afford,ə'fɔrd,,v.负担得起,四级
agency,'edʒənsi,,n.机构,四级
aggressive,ə'ɡrɛsɪv,,a.挑衅的，好斗的；有上进心的,四级
album,'ælbəm,,n.粘贴簿，集邮簿，像册,四级
alcohol,'ælkəhɔl,,n.酒精,四级
alert,ə'lɝt,,v.提醒； a.机警的,四级
alter,'ɔltɚ,,v.改变,四级
altitude,'æltɪtud,,"n.海拔, 高度",四级
ambitious,æm'bɪʃəs,,a.有雄心的，野心勃勃的,四级
analyze,"'ænə,laɪz",,v.分析,四级
ancient,ˈeɪnʃənt,,a.古代的,四级
announce,ə'naʊns,,v.宣布，声称,四级
annual,'ænjuəl,,a.每年的,四级
annually,'ænjuəli,,ad.每年，一年一次,四级
anticipate,æn'tɪsə'pet,,v.预感,四级
antique,æn'tik,,n.古玩，古董,四级
apartment,ə'pɑrtmənt,,n.公寓,四级
appeal,ə'pil,,n &v.吸引，呼吁,四级
appearance,ə'pɪrəns,,"n.外表, 出现",四级
appetite,'æpɪtaɪt,,"n.欲望, 胃口",四级
applicant,'æplɪkənt,,n.申请人,四级
application,ˌæpləˈkeʃən,,n.申请，应用,四级
apply,ə'plaɪ,,"v.应用, 申请",四级
appoint,ə'pɔɪnt,,v.任命，委派；约定，确定，指定,四级
appointment,ə'pɔɪntmənt,,n.约会,四级
appreciate,ə'priʃɪet,,v.感激，欣赏,四级
appreciation,"ə,priʃɪ'eʃən",,n.评价，感激,四级
approach,ə'protʃ,,v.靠近 n.接近，方法,四级
approve,ə'prʊv,,v.赞成，同意,四级
approval,əˈpruvl,,n.批准，认可，赞成,四级
approximately,ə'prɑksɪmətli,,ad.大约,四级
architect,'ɑrkɪtɛkt,,n.建筑师,四级
archive,'ɑrkaɪv,,n.档案文件,四级
arrange,ə'rendʒ,,v.把…（系统地）分类,四级
arrest,ə'rɛst,,v.逮捕,四级
ashamed,ə'ʃemd,,a.害羞的,四级
assemble,ə'sɛmbl,,v.组装；集合,四级
assembly,ə'sɛmbli,,n.装配,四级
asset,'æsɛt,,n.有价值的人(或物)资产,四级
assign,ə'saɪn,,v.分配，布置,四级
assignment,ə'saɪnmənt,,n.作业,四级
associate,ə'soʃɪet,,v.交往；把……联系起来,四级
assume,ə'sum,,v.假定，认为,四级
assumption,ə'sʌmpʃən,,n.假定，假设,四级
astonish,ə'stɑnɪʃ,,v.使惊讶，使大为吃惊,四级
atmosphere,'ætməsfɪr,,n.气氛；大气；空气,四级
attempt,ə'tɛmpt,,n & v.尝试，试图,四级
automatic,'ɔtə'mætɪk,,a.自动的,四级
available,ə'veləbl,,a.可利用的，现有的；可获得的,四级
avail,ə'vel,,"v.有益, 有帮助",四级
average,'ævərɪdʒ,,a.平常的,四级
aviation,",evɪ'eʃən",,n.航空,四级
aviate,'evɪet,,v.驾驶飞机,四级
avoid,ə'vɔɪd,,v.避免,四级
award,ə'wɔrd,,v.授予；判给 n.奖(金),四级
awareness,ə'wɛrnəs,,n.意识,四级
background,'bækɡraʊnd,,n.背景,四级
backward,'bækwɚd,,ad.向后的,四级
ban,bæn,,v.禁止,四级
bankrupt,'bæŋkrʌpt,,a.破产的，倒闭的,四级
bargain,ˈbɑːɡɪn,,n.讨价还价,四级
battle,'bætl,,n.战争，战役,四级
behave,bɪ'hev,,v.表现,四级
beneficial,",bɛnɪ'fɪʃl",,a.有利的，有益的,四级
benefit,'bɛnɪfɪt,,v.有益于，有助于,四级
bid,bɪd,,n & v.出价，投标,四级
blame,blem,,v.指责，责怪,四级
bless,blɛs,,v.祝福,四级
block,blɑk,,v.阻碍；街区,四级
bogus,'bogəs,,a.假冒的,四级
boost,bʊst,,"n.推动,宣扬 v.促使，促进",四级
bother,'bɑðɚ,,v.打扰；麻烦,四级
broad,brɔd,,a.宽的,四级
budget,'bʌdʒɪt,,n.预算 v.编预算,四级
burden,'bɝdn,,n.负担，包袱,四级
bureau,'bjʊro,,n.局,四级
calculate,'kælkjulet,,v.计算,四级
campaign,kæm'pen,,n.活动,四级
cancel,'kænsl,,v.取消,四级
candidate,"ˈkændɪˌdet, -dɪt",,n.申请求职者；投考者；候选人,四级
canteen,kænˈtiːn,,n.食堂,四级
capable,'kepəbl,,a.能干的，有能力的,四级
caregiver,ˈkerɡɪvər,,n.照料者,四级
careless,'kɛrləs,,a.粗心的,四级
casual,'kæʒʊəl,,a.偶然的，随便的,四级
catalogue,'kætəlɔɡ,,v.把……编入目录,四级
caution,'kɔʃən,,v & n.小心，谨慎,四级
cautious,'kɔʃəs,,a.谨慎的,四级
ceremony,ˈsɛrəˌmoʊni,,n.典礼，仪式,四级
challenge,'tʃælɪndʒ,,n & v.挑战；质疑,四级
chap,tʃæp,,n.小伙子，小家伙，家伙,四级
character,'kærəktɚ,,n.角色,四级
characterize,'kærəktə'raɪz,,v.以……特点,四级
charity,'tʃærəti,,n.慈善（行为）,四级
cheek,tʃik,,n.脸颊,四级
chef,ʃɛf,,n.厨师,四级
chemical,'kɛmɪkl,,a.化学的 n. 化学制品,四级
choke,tʃok,,v.使窒息,四级
circumstance,'sɝkəmstæns,,n.环境，境遇,四级
cite,saɪt,,v.引用,四级
citizen,'sɪtɪzn,,n.公民,四级
civilian,sə'vɪlɪən,,n.平民，百姓,四级
civilized,sɪvlˌaɪzd,,a.文明的,四级
classify,'klæsɪfaɪ,,v.把…分类，把…分级,四级
classification,",klæsɪfɪ'keʃən",,n.分类，级别,四级
client,'klaɪənt,,n.客户,四级
clinic,'klɪnɪk,,n.诊所,四级
clumsy,'klʌmzi,,a.笨拙的，不圆滑的,四级
coach,kotʃ,,v & n.教练,四级
colleague,'kɑliɡ,,n.同事,四级
collision,kə'lɪʒən,,n.撞击；冲突,四级
combine,kəm'baɪn,,v.联合，结合,四级
comment,'kɑmɛnt,,n.评论,四级
commit,kə'mɪt,,v.犯罪，承担义务,四级
commitment,kə'mɪtmənt,,n.承诺，保证,四级
committee,kə'mɪti,,n.委员会,四级
compare,kəm'pɛr,,v.比较，对照,四级
compel,kəm'pɛl,,v.强迫,四级
compensate,'kɑmpɛnset,,v.弥补，补偿,四级
compensation,",kɑmpɛn'seʃən",,n.弥补，补偿,四级
compete,kəm'pit,,v.竞争,四级
competitiveness,kəm'pɛtətɪvnɪs,,n.竞争力,四级
competitor,kəm'pɛtɪtɚ,,n.竞争者，对手,四级
complacency,kəm'plesnsi,,n.自满，满足,四级
complain,kəm'plen,,v.抱怨,四级
complaint,kəm'plent,,n.抱怨; 投诉,四级
complete,kəm'plit,,v.完成 a.完整的，彻底的,四级
complicated,'kɑmplɪketɪd,,a.复杂的，难懂的,四级
comply,kəm'plaɪ,,v.遵从,四级
component,kəm'ponənt,,n.成分,四级
concentration,'kɑnsn'treʃən,,n.集中,四级
concept,'kɑnsɛpt,,n.观点，观念,四级
concern,kən'sɝn,,v & n.涉及，关系到,四级
conclusion,kən'kluʒn,,n.结论,四级
confidence,'kɑnfɪdəns,,n.信心,四级
confirm,kən'fɝm,,v.确认；证实；批准,四级
conflict,'kɑnflɪkt,,v.冲突,四级
conform,kən'fɔrm,,v.相一致，遵守,四级
confront,kən'frʌnt,,v.面对,四级
connectivity,",kɑnɛk'tɪvɪti",,n.连接，联系,四级
conscience,ˈkɑːnʃəns,,n.良心,四级
consensus,kən'sɛnsəs,,n.一致意见,四级
consent,kən'sɛnt,,v.允许，同意 n.同意，一致,四级
consequence,'kɑnsəkwɛns,,n.结果，成果,四级
conservative,kən'sɝvətɪv,,a.保守的，传统的,四级
considerable,kən'sɪdərəbl,,a.相当大(或多)的,四级
considerably,kən'sɪdərəbli,,ad.相当地，非常地,四级
considerate,kənˈsɪdərɪt,,a.体贴的；考虑周到的,四级
consist,kən'sɪst,,v.由……组成,四级
consistent,kən'sɪstənt,,a.一致的,四级
conspicuous,kən'spɪkjʊəs,,a.显著地,四级
constant,'kɑnstənt,,a.不断的，持续的,四级
constantly,'kɑnstəntli,,ad.不断地，时常地,四级
construction,kən'strʌkʃən,,n.建筑,四级
constructive,kən'strʌktɪv,,a.建设的，建设性的,四级
consult,kən'sʌlt,,v.咨询,四级
consultant,kən'sʌltənt,,n.顾问,四级
consumption,kən'sʌmpʃən,,n.消费，消耗,四级
contact,'kɑntækt,,v & n.联系，接触,四级
contemporary,kən'tɛmpərɛri,,a.当代的，现代的,四级
content,'kɑntɛnt,,n.内容,四级
context,'kɑntɛkst,,n.背景，环境,四级
contract,'kɑntrækt,,n.合同,四级
contrast,'kɑntræst,,n.对比，反差 v.对比,四级
contribute,kən'trɪbjut,,v.捐款，贡献,四级
contribution,",kɑntrɪ'bjuʃən",,n.贡献；捐献,四级
convenient,kən'vinɪənt,,a.方便的,四级
conventional,kən'vɛnʃənl,,a.传统的,四级
convey,kən've,,v.传达，传递,四级
cooperative,ko'ɑpərətɪv,,a.合作的,四级
corporate,ˈkɔːrpərət,,a.法人的；团体的；社团的,四级
counsel,'kaʊnsl,,v.忠告，建议,四级
couple,'kʌpl,,n.夫妻，情侣,四级
courageous,kə'redʒəs,,a.有勇气的,四级
crash,kræʃ,,n & v.坠落;坠毁;撞击,四级
creativity,",krie'tɪvəti",,n.创造力,四级
crisis,'kraɪsɪs,,n.危机,四级
critic,'krɪtɪk,,n.批评家，评论家,四级
critical,'krɪtɪkl,,a.批评的，爱挑剔的,四级
criticize,'krɪtə'saɪz,,v.批评；评论,四级
criticism,'krɪtə'sɪzəm,,n.批评,四级
cultivate,'kʌltɪvet,,v.培养,四级
curb,kɝb,,v & n.控制,四级
curiosity,",kjʊrɪ'ɑsəti",,n.好奇心,四级
curious,'kjʊrɪəs,,a.好奇的,四级
current,kɝ​ənt,,a.当前的,四级
currently,'kɝrəntlɪ,,ad.当前；一般地,四级
debt,dɛt,,n.债务,四级
decent,'disnt,,a.正派的，体面的,四级
decline,dɪ'klaɪn,,v.下降，减少；拒绝,四级
decorate,'dɛkəret,,v.装饰,四级
definition,",dɛfɪ'nɪʃən",,n.定义,四级
degree,dɪ'ɡri,,n.程度,四级
delay,dɪ'le,,v.推迟，延期,四级
deliberate,dɪ'lɪbərət,,a.故意的,四级
delightful,dɪ'laɪtfl,,a.高兴的,四级
deliver,dɪ'lɪvɚ,,v.发表,四级
demand,dɪ'mænd,,v & n.需求，要求,四级
democratic,'dɛmə'krætɪk,,a.民主的,四级
demonstrate,'dɛmən'stret,,v.证明；展示,四级
density,'dɛnsəti,,n.密度,四级
department,dɪ'pɑrtmənt,,n.部门,四级
depressed,dɪ'prɛst,,a.沮丧的；萧条的,四级
depressing,dɪ'prɛsɪŋ,,a.令人沮丧的,四级
deprive,dɪ'praɪv,,v.剥夺，夺去，使丧失,四级
derive,dɪ'raɪv,,v.得到，导出,四级
deserve,dɪ'zɝv,,v.值得,四级
desire,dɪ'zaɪɚ,,n.渴望，欲望,四级
despite,dɪ'spaɪt,,prep.不管,四级
dessert,dɪ'zɝt,,n.甜点,四级
detail,'ditel,,n.细节,四级
detailed,dɪ'teld,,a.细节的，详细的,四级
detect,dɪ'tɛkt,,v.觉察;检测,四级
detection,dɪ'tɛkʃən,,n.侦查；察觉,四级
detective,dɪ'tɛktɪv,,n.侦探,四级
determine,dɪ'tɝmɪn,,v.决定；下决心,四级
determination,dɪˌtɜːrmɪˈneɪʃn,,n.意志,四级
device,dɪ'vaɪs,,n.装置，设备,四级
devote,dɪ'vot,,v.奉献，致力于,四级
dictator,'dɪktetɚ,,n.独裁者；专制者,四级
diligent,'dɪlɪdʒənt,,a.勤奋的,四级
diploma,dɪ'plomə,,n.文凭,四级
disadvantage,",dɪsəd'væntɪdʒ",,n.不利情况，缺点,四级
disappear,'dɪsə'pɪr,,v.不见，消失,四级
discharge,dɪs'tʃɑrdʒ,,v.释放；排出 解雇,四级
discount,dɪs'kaʊnt,,n.折扣,四级
discover,dɪ'skʌvɚ,,v.发现,四级
disorderly,dɪs'ɔrdɚli,,a.杂乱的,四级
display,dɪ'sple,,n & v.展览,四级
dispute,'dɪs'pjʊt,,n & v.辩论，争论,四级
dissatisfy,"dɪs'sætɪs,fai",,v.不满意,四级
distance,'dɪstəns,,n.距离,四级
distant,'dɪstənt,,a.遥远的,四级
distinguish,dɪ'stɪŋɡwɪʃ,,v.区别，区分,四级
distinguished,dɪ'stɪŋgwɪʃt,,a.显著的，杰出的,四级
distract,dɪ'strækt,,v.分心,四级
distracted,dɪ'stræktɪd,,a.分心的,四级
distraction,dɪ'strækʃən,,n.消遣；分心,四级
distribute,dɪ'strɪbjut,,v.分发,四级
district,'dɪstrɪkt,,n.区,四级
diverse,daɪ'vɝs,,a.各种各样的,四级
diversity,dɪˈvəsɪti,,n.多样性；差异,四级
divide,dɪ'vaɪd,,v.分开,四级
division,də'vɪʒən,,n.除法；部门,四级
document,dɑkjəmənt,,n.文件,四级
dominant,'dɑmɪnənt,,a.占优势的,四级
domination,",dɑmə'neʃən",,n.主导,四级
donation,do'neʃən,,n.捐赠,四级
donate,'donet,,v.捐赠,四级
dormitory,'dɔrmətɔri,,n.宿舍,四级
downfall,'daʊnfɔl,,n.（雨等的）大下特下,四级
download,",daʊn'lod",,v.下载,四级
dramatically,drə'mætɪkli,,ad.戏剧性地，引人注目地,四级
dropout,'drɑpaʊt,,n.辍学,四级
due,du,,a.到期的,四级
dump,dʌmp,,v.倾倒；倾销,四级
durable,'dʊrəbl,,a.持久的，耐用的,四级
ease,iz,,n.轻松，舒适,四级
easygoing,"'izɪ,goɪŋ",,a.脾气随和的，温和的,四级
effect,ɪ'fɛkt,,n.影响,四级
efficiently,ɪ'fɪʃəntli,,a.有效地,四级
eliminate,ɪ'lɪmɪnet,,v.消除,四级
embarrass,ɪm'bærəs,,v.尴尬,四级
embarrassed,ɪm'bærəst,,a.尴尬的；窘迫的,四级
embrace,ɪm'bres,,v.拥抱；接受；采纳,四级
emergence,ɪ'mɝdʒəns,,n.出现，发生,四级
emergency,ɪ'mɝdʒənsi,,n.紧急情况,四级
emission,ɪ'mɪʃən,,n.排放，辐射,四级
emit,ɪ'mɪt,,v.发出，排出,四级
emotional,ɪ'moʃənl,,a.情绪的；容易激动的；感动人的,四级
emphasize,'ɛmfəsaɪz,,v.强调,四级
encourage,ɪn'kɝrɪdʒ,,v.鼓励,四级
endurance,ɪn'dʊrəns,,n.耐力,四级
endure,ɪn'dʊr,,v.忍耐；容忍,四级
engage,ɪn'ɡedʒ,,v.忙于，从事；吸引,四级
engagement,ɪn'ɡedʒmənt,,n.约会,四级
enhance,ɪn'hæns,,v.提高；加强；增加,四级
enormous,ɪ'nɔrməs,,a.巨大的,四级
enrich,ɪn'rɪtʃ,,v.丰富；使富有,四级
enroll,ɪn'rol,,v.注册,四级
enrollment,ɪn'rolmənt,,n.入学人数,四级
ensure,ɪn'ʃʊr,,v.确保,四级
entertaining,",ɛntɚ'tenɪŋ",,a.有趣的，使人愉快的,四级
equal,'ikwəl,,a.相等的，平等的,四级
equality,ɪ'kwɑləti,,n.平等,四级
equivalent,ɪ'kwɪvələnt,,a.相等的，相当的,四级
equivalence,ɪ'kwɪvələns,,n.等值，相等,四级
era,'ɪrə,,n.纪元，年代,四级
essay,'ɛse,,n.散文，文章,四级
essentially,ɪ'sɛnʃəli,,ad.本质上地；必须的,四级
establish,ɪˈstæblɪʃ,,v.建立，创办，设立,四级
establishment,ɪ'stæblɪʃmənt,,n.确立，制定；公司；设施,四级
esteem,ɪ'stim,,n.自尊,四级
estimate,"'ɛstə,met",,v.估计,四级
evidence,'ɛvɪdəns,,n.根据，证据，迹象,四级
evident,'ɛvɪdənt,,a.明显的,四级
evil,'ivl,,n.邪恶，罪恶,四级
evolve,ɪ'vɑlv,,v.使发展,四级
exaggerate,ɪɡ'zædʒəret,,v.夸张,四级
excellent,'ɛksələnt,,a.卓越的，杰出的，极好的,四级
exception,ɪk'sɛpʃən,,n.例外,四级
excessive,ɪkˈsɛsɪv,,a.过度的,四级
exchange,ɪks'tʃendʒ,,n & v.交换，交流,四级
exclude,ɪk'sklʊd,,v.排除，不包括,四级
expand,ɪk'spænd,,v.扩大,四级
exploit,ɪk'splɔɪt,,v.开采,四级
explore,ɪk'splɔr,,v.探索,四级
explosion,ɪk'sploʒən,,n.爆炸,四级
expose,ɪk'spoz；ek-,,v.暴露,四级
exposure,ɪk'spoʒɚ,,n.暴露；揭露,四级
expressiveness,ik'spresivnis,,n.表达,四级
extension,ɪk'stɛnʃən,,n.分机,四级
extracurricular,",ɛkstrəkə'rɪkjəlɚ",,a.课外的,四级
facility,fə'sɪləti,,n.设施,四级
faith,feθ,,n.信任,四级
familiar,fə'mɪljɚ,,a.熟悉的,四级
fantasize,'fæntəsaɪz,,v.想象，幻想,四级
fascinate,'fæsə'net,,v.强烈地吸引，迷住,四级
fascination,",fæsɪ'neʃən",,n.魅力；入迷,四级
fatal,'fetl,,a.致命的，攸关的,四级
fate,fet,,n.命运,四级
fatigue,fə'tig,,n.疲劳，疲乏,四级
favorable,'fevərəbl,,a.赞同的,四级
feasible,'fizəbl,,a.可行的；可能的；可用的,四级
feature,'fitʃɚ,,n.特点,四级
feedback,'fidbæk,,n.反馈,四级
fiction,'fɪkʃən,,n.小说，虚构的文学作品,四级
figure,'fɪɡjɚ,,n.人物；数字,四级
financial,faɪ'nænʃl,,a.财政的，经济的,四级
finance,'faɪnæns,,n.财政 v.筹集资金,四级
fine,faɪn,,v.罚款,四级
fitness,ˈfɪtnɪs,,n.健康,四级
flexible,'flɛksəbl,,a.灵活的,四级
foothold,'fʊt'hold,,n.立足处（攀登时脚踩的地方）,四级
formulate,'fɔrmjə'let,,v.规定，制定,四级
fortunately,'fɔrtʃənətli,,ad.幸运地,四级
foundation,faʊn'deʃən,,n.地基；基础；基金会,四级
frighten,'fraɪtn,,v.使惊恐，使恐慌,四级
frontier,frʌn'tɪr,,n.边境,四级
function,'fʌŋkʃən,,v & n.功能，运行,四级
fund,fʌnd,,n.基金，储备； v.提供资金,四级
fuss,fʌs,,n.大惊小怪,四级
gambling,'gæmblɪŋ,,n.赌博,四级
gap,ɡæp,,n.差距;缝隙缺口,四级
garage,gəˈrɑʒ; gəˈrɑdʒ,,n.车库,四级
gear,ɡɪr,,n.齿轮 v.使合适,四级
gender,'dʒɛndɚ,,n.性别,四级
generalization,",dʒɛnrələ'zeʃən",,n.一般化,四级
generation,'dʒɛnə'reʃən,,n.一代人，产生,四级
generosity,",dʒɛnə'rɑsəti",,n.慷慨，大方,四级
generous,'dʒɛnərəs,,a.慷慨的,四级
genuine,'dʒɛnjʊɪn,,a.真正的,四级
gift,ɡɪft,,n.礼物；天赋,四级
gloomy,'ɡlumi,,a.阴沉的，沮丧的,四级
glorious,'ɡlɔriəs; 'ɡloriəs,,a.辉煌的,四级
grab,ɡræb,,v.抢先，抢占，抢夺,四级
grocery,'ɡrosəri,,n.杂货店,四级
groundlessly,'graundlisli,,ad.无缘无故地，无根据地,四级
guarantee,",ɡærən'ti",,n & v.保证，担保,四级
guideline,'ɡaɪdlaɪn,,n.指导原则,四级
guilt,ɡɪlt,,n.有罪，犯罪行为,四级
gym,dʒɪm,,n.体育馆，健身房,四级
handle,'hændl,,v.控制，处理,四级
hardworking,"'hɑrd,wɝkɪŋ",,a.苦干的，不辞辛劳的,四级
harm,hɑrm,,n & v.有害,四级
harmful,'hɑrmfəl,,a.有害的,四级
harmony,'hɑrməni,,n.和谐,四级
harsh,hɑrʃ,,a.严酷的,四级
hazard,'hæzɚd,,n.危险,四级
highlight,'haɪlaɪt,,v & n.照亮；突出；强调,四级
hire,'haɪɚ,,v.雇佣,四级
homemaker,'hommekɚ,,n.主妇,四级
honesty,'ɑnəsti,,n.诚实,四级
honor,ɑnɚ,,v.纪念,四级
hospitalize,'hɑspɪtə'laɪz,,v.就医,四级
household,'haʊshold,,n.家庭，一家人,四级
humanity,hjʊ'mænəti,,n.人类，总称人(性),四级
identical,aɪ'dɛntɪkl,,a.相同的,四级
identify,aɪ'dɛntɪfaɪ,,v.认出，识别；视为,四级
identification,aɪˌdentɪfɪ'keʃn,,n.鉴定，识别；认同；身份证明,四级
identity,aɪ'dɛntəti,,n.身份,四级
ignorance,'ɪɡnərəns,,n.无知，愚昧,四级
ignore,ɪɡ'nɔr,,v.忽视，不顾,四级
illegal,ɪ'ligl,,a.非法的,四级
illustrate,'ɪləstret,,"v.说明,阐明",四级
image,'ɪmɪdʒ,,n.形象，声誉，印象,四级
imaginary,ɪ'mædʒɪnɛri,,a.虚构的，想象的,四级
immobile,ɪ'mobl,,a.稳定的，不变的,四级
impact,ɪm'pækt,,n.影响,四级
impermanent,ɪm'pɝmənənt,,a.非永久（性）的；不持久的，暂时的,四级
impermanency,im'pə:mənənsi,,n.非永久性,四级
implement,'ɪmplɪmɛnt,,v.实施，执行,四级
imply,ɪm'plai,,v.意味；暗示,四级
import,'ɪmpɔt,,n & v.进口,四级
impose,ɪm'poz,,v.强加,四级
improper,ɪm'prɑpɚ,,a.不合适的，不适当的,四级
inadequate,ɪn'ædɪkwət,,a.不足的，不够的,四级
inappropriate,'ɪnə'proprɪət,,a.不合适的,四级
include,ɪn'klud,,v.包含,四级
incredible,ɪn'krɛdəbl,,a.不可思议的,四级
indicate,'ɪndɪket,,v.表明,四级
indispensable,'ɪndɪ'spɛnsəbl,,a.必不可少的,四级
individual,",ɪndɪ'vɪdʒuəl",,n.个人,四级
induce,ɪn'dus,,v.引诱,四级
inevitable,ɪn'ɛvɪtəbl,,a.不可避免的,四级
infinite,'ɪnfɪnət,,a.无限的,四级
inflation,ɪn'fleʃən,,n.通货膨胀,四级
inflate,ɪn'flet,,v.膨胀,四级
influence,'ɪnfluəns,,v & n.影响,四级
influential,",ɪnflu'ɛnʃl",,a.有影响力的,四级
ingredient,ɪn'ɡridɪənt,,n.成分，原料,四级
inherit,ɪn'hɛrɪt,,v.继承,四级
initiate,ɪ'nɪʃɪet,,v.开始，发起,四级
initiative,ɪ'nɪʃətɪv,,n.主动权，自主权,四级
injure,'ɪndʒɚ,,v.使受伤,四级
innocent,'ɪnəsnt,,a.无辜的，天真的；,四级
innovation,",ɪnə'veʃən",,n.改革，创新,四级
insecure,",ɪnsɪ'kjʊr",,a.不安全的,四级
insight,'ɪn'saɪt,,n.洞察力，洞悉,四级
inspiration,ˌɪnspəˈreʃən,,n.灵感,四级
inspire,ɪn'spaɪɚ,,v.激发；鼓舞；使产生灵感,四级
install,ɪn'stɔl,,v.安装,四级
installation,'ɪnstə'leʃən,,n.安装，就任,四级
installment,ɪn'stɔlmənt,,n.安装，分期付款,四级
instant,'ɪnstənt,,a.立即的；紧急的；速溶的，方便的,四级
institute,'ɪnstɪtut,,n & v.建立,四级
institution,",ɪnstɪ'tuʃən",,n.社会公共机构；制度，习俗；设立，制定,四级
instruction,ɪn'strʌkʃən,,n.命令，指示，用法说明,四级
instruct,ɪn'strʌkt,,v.指导；通知；命令；教授,四级
instrument,'ɪnstrəmənt,,n.仪器，器械，工具,四级
intake,'ɪn'tek,,n.摄入,四级
integrity,ɪn'tɛɡrəti,,n.完整，综合,四级
intelligence,ɪn'tɛlɪdʒəns,,n.智力，智慧，理解力,四级
intelligent,ɪn'tɛlɪdʒənt,,a.智能的,四级
intend,ɪn'tɛnd,,v.打算,四级
interconnect,",ɪntɚkə'nɛkt",,v.相互联系,四级
interdependence,",ɪntɚdɪ'pɛndəns",,n.相互依靠,四级
interpret,ɪn'tɝprɪt,,v.解释,四级
interracial,",ɪntə'reʃl",,a.种族间的,四级
intervention,",ɪntɚ'vɛnʃən",,n.干涉,四级
interview,'ɪntɚvju,,n.会见；面谈（试） v.采访,四级
invade,ɪn'ved,,v.侵入，侵略,四级
invalid,ˈɪnvəlɪd；ɪnˈvælɪd,,a.无效的,四级
invest,ɪn'vɛst,,v.投资,四级
involve,ɪn'vɑlv,,v.卷入，包含,四级
irrationally,ɪ'ræʃnəlɪ,,ad.不合理地，无理性地,四级
irritate,'ɪrɪtet,,v.激怒,四级
issue,'ɪʃu,,v.发行 n.问题,四级
item,'aɪtəm,,n.条，条款,四级
joint,dʒɔɪnt,,a.联合的,四级
keenly,'ki:nli,,ad.敏锐地,四级
launch,lɔntʃ,,v.发射,四级
laundry,'lɔndri,,n.洗衣房；要洗的衣服,四级
legal,'ligl,,a.法律的,四级
leisure,'liʒɚ,,n.悠闲，空闲,四级
lengthy,'lɛŋθi,,a.长的，漫长的,四级
liability,'laɪə'bɪləti,,n.责任,四级
literature,lɪtərəˌtʃʊr,,n.文学，文学作品；文献,四级
loan,lon,,n.贷款,四级
locate,ˈloˌket; loˈket,,v.位于，定位,四级
lodge,lɑdʒ,,v.住宿，暂住,四级
logic,'lɑdʒɪk,,n.逻辑,四级
loyalty,'lɔɪəlti,,n.忠诚，忠实,四级
mainstream,'menstrim,,n.主流,四级
maintain,men'ten,,v.维持，主张,四级
major,'medʒɚ,,a.主要的 v.主修,四级
majority,mə'dʒɔrəti,,n.多数,四级
makeup,"'mek,ʌp",,n.化装,四级
malfunction,",mæl'fʌŋkʃən",,n.失灵，故障,四级
manufacture,'mænjə'fæktʃɚ,,v.制造，生产,四级
margin,'mɑrdʒən,,n.边缘，范围,四级
marvelous,'mɑrvələs,,a.引起惊异的,四级
masculine,'mæskjəlɪn,,a.男性的,四级
massive,'mæsɪv,,a.巨大的 大量的,四级
matter,'mætɚ,,v.要紧，重要,四级
maximum,ˈmæksəməm,,n & a.最大值的，最大量的,四级
means,minz,,n.方法,四级
measure,'mɛʒɚ,,n.分量，尺寸，量具，测量； v.测量,四级
mechanic,mə'kænɪk,,n.机械师,四级
mechanism,'mɛkənɪzəm,,n.机制，机能,四级
merit,'mɛrɪt,,n.优点，成绩 v.值得,四级
migration,maɪ'ɡreʃən,,n.迁移，移民,四级
military,'mɪlətɛri,,a.军队的，军事的,四级
mineral,'mɪnərəl,,a.矿物的，似矿物的,四级
miscalculation,ˌmɪskælkjʊ'leɪʃn,,n.算错，误算,四级
miserable,'mɪzrəbl,,a.痛苦的,四级
misguided,",mɪs'ɡaɪdɪd",,a.被误导的,四级
mislead,'mɪs'lid,,v.误导,四级
mission,'mɪʃən,,n.使命，任务；代表团,四级
misunderstand,",mɪsʌndɚ'stænd",,v.误解,四级
monitor,'mɔnɪtɚ,,v.监控，监听,四级
motivate,'motə'vet,,v.促动，激发，诱导,四级
motivation,",motə'veʃən",,n.激励，刺激,四级
mutual,'mjutʃuəl,,a.相互的,四级
narrow,'næro,,v.限制,四级
needy,'nidi,,a.贫穷的,四级
negative,'nɛɡətɪv,,a.否定的；消积的,四级
negotiate,nɪ'ɡoʃɪet,,v.谈判，协商，交涉,四级
neighborhood,"'nebɚ,hʊd",,n.地区,四级
obstacle,'ɑbstəkl,,n.阻碍,四级
obtain,əb'ten,,v.获得,四级
occupation,",ɑkju'peʃən",,n.职业，工作,四级
operation,",ɑpə'reʃən",,n.手术；行动,四级
opposite,ˈɑpəzɪt; ˈɑpəsɪt,,a.相反的,四级
organ,'ɔrɡən,,n.器官,四级
original,ə'rɪdʒənl,,a.原始的，最初的,四级
originate,əˈrɪdʒəˌnet,,v.开始,四级
outline,'aʊtlaɪn,,n.梗概，提纲，草稿，要点,四级
overcome,",ovɚ'kʌm",,v.战胜，克服,四级
overestimate,",ovər'ɛstɪmət",,v.对（数量）估计过高,四级
overflow,",ovɚ'flo",,v.溢出，淹没,四级
overload,",ovɚ'lod",,n.使负担太重,四级
overtake,",ovɚ'tek",,v.超车,四级
overweight,'ovə'wet,,v.超重的,四级
overwhelm,",ovɚ'wɛlm",,v.压倒，战胜,四级
painful,'penfl,,a.痛苦的，疼痛的，令人不快的,四级
participate,pɑr'tɪsə'pet,,v.参与，参加,四级
particular,pɚ'tɪkjəlɚ,,a.特别的，挑剔的,四级
passionate,'pæʃənət,,a.热情的,四级
passion,'pæʃən,,n.热情，激情,四级
passive,'pæsɪv,,a.被动的,四级
patiently,'peʃəntli,,ad.耐心地,四级
pattern,'pætɚn,,n.模式,四级
peaceful,'pisfəl,,a.平静的，和平的,四级
peer,pɪr,,n.同龄人,四级
perceive,pɚ'siv,,v.察觉,四级
performance,pɚ'fɔrməns,,n.演出，履行，表现,四级
permanent,'pɝmənənt,,a.永久的,四级
persistence,pɚ'sɪstəns,,n.坚持不懈,四级
personality,",pɝsə'næləti",,n.个性，性格,四级
perspective,pɚ'spɛktɪv,,n.视角，观点；远景,四级
persuade,pɚ'swed,,v.说服,四级
persuasion,pɚ'sweʒn,,n.劝说,四级
physical,'fɪzɪkl,,a.身体上的,四级
physics,'fɪzɪks,,n.物理，物理学,四级
picky,'pɪki,,a.挑剔的,四级
pioneer,",paɪə'nɪr",,v.开拓，开发,四级
planet,'plænɪt,,n.行星,四级
pledge,plɛdʒ,,n.保证，誓言,四级
poison,'pɔɪzn,,v.使中毒,四级
poll,pol,,n.民意调查,四级
pop,pɑp,,v.突然出现，跳出,四级
porter,'pɔrtɚ,,n.搬运工,四级
pose,poz,,v.摆姿势，装腔作势 n.姿势,四级
position,pə'zɪʃən,,n.职位,四级
postgraduate,post'ɡrædjet,,n.研究生,四级
potential,pə'tɛnʃl,,n.潜力 a.有可能的；潜在的,四级
praise,prez,,v.赞扬，赞美,四级
predict,prɪ'dɪkt,,v.预言，预测，预告,四级
preference,'prɛfrəns,,n.偏爱,四级
pregnant,'prɛɡnənt,,a.怀孕的,四级
prejudice,'prɛdʒədɪs,,n &v.偏见,四级
preservation,",prɛzɚ'veʃən",,n.保存，保留,四级
prevail,pri'vel,,v.流行，盛行,四级
prevent,pri'vɛnt,,v.预防,四级
preventable,pri'vɛntəbl,,a.可预防的,四级
previous,'privɪəs,,a.之前的 ad.先前地,四级
previously,'priviəsli,,ad.事先,四级
primarily,praɪ'mɛrəli,,ad.主要地，首先,四级
primitive,'prɪmətɪv,,a.原始的；简单的,四级
principle,'prɪnsəpl,,n.原则，原理,四级
priority,praɪ'ɔrəti,,n.优先，优先权,四级
privacy,'praɪvəsi,,n.隐私,四级
process,'prɑsɛs,,n.过程，进程；工序；(法律)程序 v.处理,四级
productive,prə'dʌktɪv,,a.富有成效的,四级
profitable,'prɑfɪtəbl,,a.有利可图的，有益的,四级
profound,prə'faʊnd,,a.深厚的,四级
programming,'proɡræmɪŋ,,n.计划，节目(单)，程序； vt.编程,四级
prohibit,prə'hɪbɪt,,v.禁止，阻止，防止,四级
project,prəˈdʒɛkt; prɑdʒɛkt,,n.工程，作业,四级
prominent,'prɑmɪnənt,,a.杰出的，突起的，凸出的,四级
promising,'prɑmɪsɪŋ,,a.有希望的，有前途的,四级
promote,prə'mot,,v.促进，提升，推销,四级
prompt,prɑmpt,,a.敏捷的；v. 敦促,四级
proportion,prə'pɔrʃən,,n.比例，部分,四级
prospect,'prɑspɛkt,,n.前景,四级
provoke,prə'vok,,v.激起，挑起,四级
psychological,",saɪkə'lɑdʒɪkl",,a.心理上的,四级
publicize,'pʌblɪsaɪz,,v.宣布,四级
punctual,'pʌŋtʃʊəl,,a.准时的,四级
pursue,pə'sʊ,,v.追求,四级
qualification,",kwɑlɪfɪ'keʃən",,n.资格(证明)，合格证书,四级
qualify,ˈkwɑləˌfaɪ,,v.使……有资格,四级
quality,'kwɑləti,,n.品质,四级
quantity,'kwɑntəti,,n.量，数量,四级
quit,kwɪt,,v.放弃,四级
raise,rez,,v.提高，筹款，抚养,四级
range,rendʒ,,n.范围 v.在范围内变化,四级
rank,ræŋk,,v.分等级 n.衔，阶层,四级
rare,rɛr,,a.罕有的，少见的,四级
rational,'ræʃnəl,,a.神智清楚的,四级
realistic,",riə'lɪstɪk",,a.现实的，实际的,四级
rearrange,",riə'rendʒ",,v.重新安排,四级
reception,rɪ'sɛpʃən,,n.接待,四级
recession,rɪ'sɛʃən,,n.衰退,四级
recharge,"ri:'tʃɑ:dʒ, 'ri:tʃɑ:dʒ",,v.再充电,四级
recommend,'rɛkə'mɛnd,,v.推荐，劝告，使受欢迎,四级
recover,rɪ'kʌvɚ,,v.恢复，重新获得,四级
recruit,rɪ'krut,,v.招募，吸收 n.新兵，新成员,四级
reduce,rɪ'dʊs,,v.减少,四级
refreshing,ri'frɛʃɪŋ,,a.恢复活力的,四级
refuel,ri'fjʊəl,,v.（给）加油，加燃料,四级
refusal,rɪ'fjuzl,,n.拒绝,四级
regular,'rɛgjəlɚ,,a.有规律的，经常的,四级
regularly,'reɡjələli,,ad.定期地，有规律地,四级
regulate,'rɛɡjulet,,v.管理,四级
regulation,ˌrɛɡjəˈleʃən,,n.管理；规则,四级
relative,'rɛlətɪv,,a.相对的 n.亲戚,四级
release,rɪ'lis,,v.发布，释放,四级
relevant,'rɛləvənt,,a.有关的，中肯的,四级
reliable,rɪ'laɪəbl,,a.可靠的，可信赖的,四级
relieve,rɪ'liv,,v.解除，减轻，缓解,四级
reluctant,rɪ'lʌktənt,,a.不愿意的，勉强的,四级
remedy,'rɛmədi,,n.药物,四级
remove,rɪ'muv,,v.消除，移除,四级
render,'rɛndɚ,,v.给予,四级
renew,rɪ'nʊ,,v.更新,四级
repave,ri:'peɪv,,v.再铺，重新铺砌,四级
replace,rɪ'ples,,v.代替,四级
represent,",rɛprɪ'zɛnt",,v.代表,四级
representative,'rɛprɪ'zɛntətɪv,,n.代表,四级
reputation,",rɛpju'teʃən",,n.名气，名声，名誉,四级
request,rɪ'kwɛst,,n.要求,四级
require,rɪ'kwaɪr,,v.要求，命令,四级
rescue,'rɛskju,,v.营救，援救,四级
reservation,",rɛzɚ'veʃən",,n.预定,四级
resident,'rɛzɪdənt,,n.居民,四级
resign,rɪ'zaɪn,,v.辞职,四级
resist,rɪ'zɪst,,v.抵抗，抗拒,四级
resolve,rɪ'zɑlv,,v.解决，下决心,四级
respectful,rɪ'spɛktfəl,,a.有礼貌的，尊重的,四级
responsibility,rɪˌspɑːnsəˈbɪləti,,n.责任,四级
responsible,rɪ'spɑnsəbl,,a.负责的，有责任的,四级
restock,ˌri:'stɒk,,v.重新进货，再储存,四级
restore,rɪ'stɔr,,v.修复,四级
restrict,rɪ'strɪkt,,v.限制，限定,四级
restriction,rɪ'strɪkʃən,,n.限制，限定,四级
retail,'ritel,,v & n.零售,四级
reveal,rɪ'vil,,v.揭露，揭示,四级
revenge,rɪ'vɛndʒ,,n.报仇,四级
revenue,'rɛvənu,,n.收入,四级
reverse,rɪ'vɝs,,a & n.（使）反转,四级
revise,rɪ'vaɪz,,v.修订,四级
revolution,'rɛvə'lʊʃən,,n.革命,四级
reward,rɪ'wɔrd,,n & v.报答，奖赏,四级
riotous,'raɪətəs,,a.狂暴的,四级
rocket,'rɑkɪt,,n.火箭 v.猛增,四级
routinely,rʊ'tinli,,ad.例行公事地,四级
saint,sent,,n.圣人,四级
save,sev,,v.节省,四级
schedule,'skɛdʒul; (canadian) ˈʃɛdʒʊl; ˈʃɛdjʊl,,n.日程表,四级
scholarship,'skɑlɚʃɪp,,n.奖学金,四级
scope,skop,,n.范围,四级
scratch,skrætʃ,,n.抓，划痕,四级
screen,skrin,,v.筛查,四级
secure,sə'kjʊr,,v.确保……安全,四级
seldom,'sɛldəm,,ad.很少，罕见,四级
selection,sɪ'lɛkʃən,,n.选择，挑选,四级
selective,sɪ'lɛktɪv,,"a.选择的,精选的",四级
selfish,'sɛlfɪʃ,,a.自私的,四级
sensitive,'sɛnsətɪv,,a.敏感的,四级
separately,'sɛprətli,,ad.分别地，另行,四级
session,'sɛʃən,,n.开会，会议,四级
severe,sɪ'vɪr,,a.严重的,四级
shock,ʃɑk,,v.感到震惊,四级
shortcut,"'ʃɔrt,kʌt",,n.捷径，近路,四级
showmanship,'ʃomənʃɪp,,n.主技演出的技巧,四级
sightseeing,'saɪtsiɪŋ,,n.观光,四级
signal,'sɪgnl,,n & v.信号，发信号,四级
significant,sɪɡ'nɪfɪkənt,,a.重要的,四级
similar,'sɪməlɚ,,a.相似的,四级
simplicity,sɪm'plɪsəti,,n.简单,四级
site,saɪt,,n.场所，地址,四级
situation,",sɪtʃu'eʃən",,n.情况,四级
skyrocket,'skaɪ'rɑkɪt,,v.突升，猛涨,四级
slave,sleɪv,,n.奴隶,四级
socialize,'soʃəlaɪz,,v.交往，联谊,四级
solution,sə'luʃən,,n.解决，解答，解决办法,四级
spare,spɛr,,a.空闲的,四级
specialize,'spɛʃəlaɪz,,v.专业从事,四级
specific,spɪ'sɪfɪk,,a.特定的，具体的,四级
specify,'spɛsɪfaɪ,,v.指定，具体说明,四级
sponsor,'spɑnsɚ,,v.赞助,四级
spontaneous,spɑn'tenɪəs,,a.自发的,四级
spread,sprɛd,,v.传播，扩撒,四级
standardize,'stændɚdaɪz,,v.使标准化,四级
startle,'stɑrtl,,v.吃惊,四级
steady,'stɛdi,,a.稳定的，逐步的,四级
steal,stil,,v.偷窃,四级
steer,stɪr,,v.驾驶,四级
stereotype,'stɛrɪətaɪp,,n.老套，固定模式,四级
stimulate,'stɪmjə'let,,v.刺激,四级
stock,stɑk,,n.库存，股票,四级
strategy,'strætədʒi,,n.策略，战略,四级
stressful,'strɛsfl,,a.充满著压力的，充满著紧张的,四级
stress,strɛs,,"n.压力,重音",四级
strict,strɪkt,,a.严格的,四级
structure,'strʌktʃɚ,,n.结构,四级
struggle,'strʌɡl,,v.搏斗,四级
subsidize,'sʌbsə'daɪz,,v.提供补贴,四级
substantial,səbˈstænʃəl,,a.大量的,四级
suffer,'sʌfɚ,,v.受痛苦,四级
sufficient,səˈfɪʃənt,,a.足够的,四级
superior,səˈpɪriər,,a.上级的，较高的 n.上级，长官,四级
supervision,",sʊpɚ'vɪʒən",,n.监督,四级
suppose,sə'poz,,v.料想，以为；假定；期望,四级
surf,sɝf,,v.冲浪,四级
survey,ˈsɝˌve; (for v.) sɝˈve,,v.调查，审视，仔细考虑 n.勘测，测量，测绘，调查,四级
suspect,sʌspɛkt; (for v.) səˈspɛkt,,v.怀疑，猜想 n.嫌疑犯,四级
sustain,sə'sten,,n.维持,四级
sustainable,sə'stenəbl,,a.可持续的,四级
swift,swɪft,,a.迅速的,四级
switch,swɪtʃ,,v.转变，改变,四级
symbol,'sɪmbl,,n.象征，标志,四级
sympathy,'sɪmpəθi,,n.同情心,四级
tackle,'tækl,,v.处理,四级
tailor,'telɚ,,v.调整使适应,四级
takeoff,'tekɔf,,n.起飞,四级
tank,tæŋk,,n.油箱，水箱,四级
tasteless,'testləs,,a.无味的,四级
technical,'tɛknɪkl,,a.技术的,四级
technique,tɛk'nik,,n.技术，技能；技巧，手艺,四级
technician,tɛk'nɪʃən,,n.技术员，技师,四级
tedious,'tidɪəs,,a.单调沉闷的,四级
temptation,tɛmp'teʃən,,n.诱惑，引诱,四级
tension,'tɛnʃən,,n.紧张,四级
tent,tɛnt,,n.帐篷,四级
terribly,'tɛrəbli,,ad.可怕地，非常,四级
therapy,'θɛrəpi,,n.疗法 治疗,四级
threaten,'θrɛtn,,v.威胁,四级
tide,taɪd,,n & v.顺应潮水航行,四级
tighten,'taɪtn,,a.紧的，紧缩的,四级
tiny,'taɪni,,a.微小的,四级
tolerance,'tɑlərəns,,n.宽容，容忍,四级
toothache,'tuθek,,n.牙痛，牙疼,四级
track,træk,,"n &v.跟踪,足迹",四级
trait,tret,,n.性格,四级
transaction,træn'zækʃən,,n.交易，业务，事务,四级
transfer,træns'fɝ,,v & n.转换，调换,四级
transportation,",trænspɔr'teʃən",,n.运输,四级
treatment,'tritmənt,,n.治疗，对待,四级
tremble,'trɛmbl,,v.颤抖,四级
triumph,'traɪʌmf,,n.胜利,四级
tuition,tʊ'ɪʃən,,n.学费,四级
tumor,'tjʊmɚ,,n.瘤,四级
ultimately,'ʌltɪmətli,,ad.最后，最终,四级
unaffordable,ˌʌnə'fɔ:dəbl,,a.买不起的，负担不起的,四级
uncertain,ʌn'sɝtn,,a.不确定的,四级
undermine,'ʌndɚ'maɪn,,v.暗中破坏,四级
unique,jʊ'nik,,a.独特的，唯一的,四级
universal,'jʊnə'vɝsl,,a.普遍的，宇宙的，全世界的,四级
upbringing,'ʌpbrɪŋɪŋ,,n.养育，培养，教养,四级
update,",ʌp'det",,v.更新，使现代化,四级
valid,'vælɪd,,a.有效的,四级
value,'vælju,,v.重视,四级
vanish,'vænɪʃ,,v.消失,四级
variety,və'raɪəti,,n.多样,四级
vehicle,'viːɪkl,,n.车辆,四级
version,'vɝʒn,,n.版本,四级
view,vju,,v.看待,四级
violate,'vaɪəlet,,v.违反,四级
virtually,ˈvɜrtʃuəli,,ad.几乎，差不多,四级
virus,'vaɪrəs,,n.病毒,四级
visibility,'vɪzə'bɪləti,,n.能见度,四级
visible,'vɪzəbl,,a.看得见的,四级
vital,'vaɪtl,,a.重要的,四级
vocabulary,və'kæbjəlɛri,,n.词汇,四级
vote,vot; voʊt,,v.投票，选举,四级
wise,waɪz,,a.聪明的，有智慧的,四级
witness,ˈwɪtnɪs,,n.目击者，目击,四级
worsen,'wɝsn,,v.（使）变得更坏,四级
worthwhile,'wɝθ'waɪl,,a.有价值的,四级
yield,jild,,v.屈服，产出 n.产量,四级
comprehensive,ˌkɑːmprɪˈhensɪv,,a.综合的，全面的,四级
synthetic,sɪn'θɛtɪk,,a.合成的，人造的,四级
undergo,",ʌndɚ'ɡo",,v.承受,四级
fair,fɛr,,n.集市,四级
bakery,'bekəri,,n.面包店,四级
lap,læp,,n.膝盖,四级
sideways,'saɪdwez,,ad.向侧面,四级
swallow,'swɑlo,,v.咽下，吞下,四级
durability,ˌdjʊərə'bɪlətɪ,,n.持久,四级
symbolize,'sɪmbəlaɪz,,v.象征,四级
everlasting,",ɛvɚ'læstɪŋ",,a.永恒的,四级
wedding,'wɛdɪŋ,,n.婚礼,四级
excess,'ɛk'sɛs,,n.过量，过度,四级
instance,'ɪnstəns,,n.情况，例子,四级
slightly,'slaɪtli,,ad.轻微地,四级
undertake,",ʌndɚ'tek",,v.承担,四级
frown,fraʊn,,v.皱眉,四级
overcharge,",ovɚ'tʃɑrdʒ",,v.向……多收费,四级
grid,ɡrɪd,,n.输电网,四级
vary,ˈveri,,v.变化；不同,四级
evolutionary,",ivə'luʃənɛri",,a.演变的，进化的,四级
psychologist,saɪ'kɑlədʒɪst,,n.心理学家,四级
substitute,'sʌbstɪtut,,v & n.代替,四级
dictate,'dɪktet,,v & n.命令，规定,四级
subdivision,",sʌbdɪ'vɪʒn",,n.分区,四级
utility,ju'tɪləti,,n.使用，公共设施,四级
prohibitively,prəʊˈhɪbɪtɪvlɪ,,ad.过分地，非常地,四级
sway,swe,,v.影响,四级
reproductive,",riprə'dʌktɪv",,a.生殖的，再生的,四级
exhaust,ɪɡ'zɔst,,v.使筋疲力尽,四级
domestic,də'mɛstɪk,,a.国内的,四级
fetch,fɛtʃ,,v.取回,四级
retrain,ˌri:ˈtreɪn,,v.再教育；再训练,四级
biological,",baɪə'lɑdʒɪkl",,a.生物的,四级
perception,pɚ'sɛpʃən,,n.感知,四级
consume,kənˈsum,,v.消费，消耗,四级
solely,'solli,,ad.单独地，唯一地,四级
characteristic,",kærəktə'rɪstɪk",,n.特点,四级
complex,"kəm'plɛks; 'kɑm,plɛks",,a.复杂的,四级
response,rɪ'spɑns,,n.反应,四级
rate,ret,,n.比率，速率,四级
solid,'sɑlɪd,,a.扎实的，坚实的,四级
prepare,prɪ'pɛr,,v.做准备,四级
unwilling,ʌn'wɪlɪŋ,,a.不愿意的,四级
mature,mə'tʃʊr,,a.成熟的,四级
deadline,ˈdedlaɪn,,n.最后期限,四级
retirement,rɪ'taɪɚmənt,,n.退休,四级
appealing,əˈpiːlɪŋ,,a.吸引人的,四级
barely,'bɛrli,,ad.仅仅，几乎不,四级
unbearable,ʌn'bɛrəbl,,a.无法忍受的,四级
grave,ɡrev,,n.坟墓,四级
implication,'ɪmplɪ'keʃən,,n.含义，暗示,四级
menu,'mɛnju,,n.菜单,四级
standpoint,'stændpɔɪnt,,n.立场,四级
justice,'dʒʌstɪs,,n.公正,四级
expectation,",ɛkspɛk'teʃən",,n.期望,四级
professional,prə'fɛʃənl,,a.专业的,四级
radically,'rædɪkli,,ad.完全地，彻底地,四级
voluntary,'vɑləntɛri,,a.自愿的，主动的,四级
independently,",ɪndɪ'pɛndəntli",,ad.独立地,四级
favor,'fevɚ,,"v.偏好, 赞同",四级
puzzling,'pʌzlɪŋ,,a.令人困惑的,四级
tremendous,trə'mɛndəs,,a.巨大的,四级
strain,stren,,v.扭伤，拉伤,四级
exhibition,",ɛksɪ'bɪʃən",,n.展览,四级
gallery,'gæləri,,n.美术馆,四级
evaluate,ɪ'væljʊ'et,,v.评价,四级
dust,dʌst,,n.灰尘,四级
accompany,ə'kʌmpəni,,v.陪伴,四级
submit,səb'mɪt,,v.提交,四级
awful,'ɔfl,,a.可怕的，骇人的,四级
chat,tʃæt,,v.聊天,四级
underline,'ʌndəlaɪn,,v.强调,四级
survival,sɚ'vaɪvl,,n.幸存,四级
dishonest,dɪs'ɑnɪst,,a.不诚实的,四级
neglect,nɪ'glɛkt,,v.忽视,四级
treasure,'trɛʒɚ,,v.珍爱,四级
rigorous,'rɪɡərəs,,a.严格的,四级
counseling,'kaʊnslɪŋ,,n.咨询服务,四级
competent,'kɑmpɪtənt,,a.胜任的，有能力的,四级
divine,dɪ'vaɪn,,a.神圣的,四级
assess,ə'sɛs,,v.评价,四级
reassess,'riə'sɛs,,v.重新评估,四级
rude,rud,,a.粗鲁的,四级
tough,tʌf,,a.困难的,四级
justify,'dʒʌstə'fai,,v.证明……正当,四级
persistent,pə'zɪstənt,,a.持续的，坚持的,四级
surpass,sə'pæs,,v.超过,四级
dilemma,dɪˈlemə,,n.困境,四级
generate,'dʒɛnəret,,v.产生,四级
primary,'praɪmɛri,,a.主要的，基本的,四级
vitally,'vaɪtəli,,ad.极其重要地,四级
confuse,kən'fjʊz,,v.使混淆，迷惑,四级
reframe,rɪ'freɪm,,v.重新装裱,四级
inquiry,"ɪn'kwaɪri; 'ɪn,kwaɪri; 'ɪnkwəri; 'ɪŋkwaɪri",,n.询问,四级
intention,ɪn'tɛnʃən,,n.打算，意图,四级
engine,'ɛndʒɪn,,n.引擎，发动机,四级
occasion,ə'keʒn,,n.场合,四级
extensively,ik'stensivli,,ad.广泛地,四级
column,'kɑləm,,n.专栏,四级
melt,mɛlt,,v.融化,四级
sensible,'sɛnsəbl,,a.明智的,四级
essential,ɪ'sɛnʃl,,a.本质的，必须的,四级
solve,sɔlv,,v.解决,四级
seize,siz,,v.抓住,四级
alternative,ɔl'tɝnətɪv,,n.代替品,四级
prosperity,prɑ'spɛrəti,,n.繁荣,四级
conservation,",kɑnsɚ'veʃən",,n.保护，保存,四级
slippery,'slɪpəri,,a.模糊的，不明确的，滑的,四级
destruction,dɪ'strʌkʃən,,n.破坏,四级
preserve,prɪ'zɝv,,v.保护,四级
abstract,'æbstrækt,,a.抽象的,四级
mystery,ˈmɪstri,,n.迷，神秘的事物,四级
refine,rɪ'faɪn,,v.改善，精炼,四级
quotation,kwo'teʃən,,n.引文,四级
react,ri'ækt,,v.对……作出反应,四级
replacement,rɪ'plesmənt,,n.代替,四级
consequently,'kɑnsəkwɛntli,,ad.结果,四级
soar,sɔr,,v.猛增,四级
incline,ɪn'klaɪn,,v.倾向于,四级
minor,'maɪnɚ,,a.小的,四级
grief,ɡrif,,n.悲伤,四级
facilitate,fə'sɪlə'tet,,v.使便利，促进,四级
simplify,'sɪmplɪfaɪ,,v.简化,四级
procedure,prə'sidʒɚ,,n.程序,四级
disservice,dɪs'sɝvɪs,,n.伤害，帮倒忙,四级
phenomenon,fə'nɑmɪnən,,n.现象,四级
endanger,ɪn'dendʒɚ,,v.危及，危害，濒临危险,四级
overwhelming,",ovɚ'wɛlmɪŋ",,a.压倒性的,四级
observe,əb'zɝv,,v.遵守,四级
entertainment,'ɛntɚ'tenmənt,,n.娱乐,四级
optimistic,",ɑptɪ'mɪstɪk",,a.乐观的,四级
adversity,əd'vɝsəti,,n.逆境，不幸,四级
misguide,mɪs'gaɪd,,v.误导,四级
energetic,",ɛnɚ'dʒɛtɪk",,a.精力充沛的,四级
unintended,",ʌnɪn'tɛndɪd",,a.意想不到的,四级
setting,'sɛtɪŋ,,n.背景，环境,四级
tempting,'tɛmptɪŋ,,a.诱人的，吸引人的,四级
interruption,",ɪntə'rʌpʃən",,n.打扰，中断,四级
prescription,prɪ'skrɪpʃən,,n.处方,四级
paradox,'pærədɑks,,n.悖论，自相矛盾,四级
namely,'nemli,,ad.即，也就是,四级
undoubtedly,ʌn'daʊtɪdli,,ad.无疑,四级
distinctive,dɪ'stɪŋktɪv,,a.独特的，与众不同的,四级
retreat,rɪ'trit,,v.退避，后退,四级
entitle,ɪn'taɪtl,,v.使具有权利，使具有资格,四级
fussy,'fʌsi,,a.大惊小怪的，小题大做的,四级
dishwasher,'dɪʃwɔʃɚ,,n.洗碗机,四级
forum,'fɔrəm,,n.论坛,四级
inadequacy,ɪn'ædɪkwəsi,,n.不足,四级
lobby,'lɑbi,,n.大堂 v.游说,四级
agent,'edʒənt,,n.代理商,四级
convince,kən'vɪns,,v.使相信,四级
flexibility,",flɛksə'bɪləti",,n.灵活性；适应性,四级
plastic,'plæstɪk,,a.塑料的,四级
frame,frem,,n.框架,四级
groundsheet,'graʊnd'ʃit,,n.防潮布,四级
geographic,",dʒiə'ɡræfɪk",,a.地理的,四级
diplomatic,",dɪplə'mætɪk",,a.外交的,四级
judgement,'dʒʌdʒmənt,,n.判断，决定,四级
private,'praɪvət,,a.私人的,四级
cozy,'kozi,,a.舒适的,四级
mill,mɪl,,n.工厂,四级
enable,ɪ'nebl,,v.使能够……,四级
laborious,lə'bɔrɪəs,,a.费力的,四级
delight,dɪ'laɪt,,n.高兴,四级
scale,skel,,n.规模，比例,四级
amusing,ə'mjuzɪŋ,,a.有趣的，好玩儿的,四级
panic,'pænɪk,,a.恐慌的,四级
consciousness,'kɑnʃəsnəs,,n.意识,四级
statistics,stə'tɪstɪks,,n.统计学；数据,四级
bride,braɪd,,n.新娘,四级
absent,ˈæbsənt,,a.缺席的,四级
annoy,ə'nɔɪ,,v.使反感，厌烦,四级
insist,ɪn'sɪst,,v.主张，坚持,四级
forefinger,'fɔrfɪŋɡɚ,,n.食指,四级
bow,baʊ,,v.鞠躬,四级
gesture,'dʒɛstʃɚ,,n.手势，姿势,四级
harvest,'hɑrvɪst,,n.丰收，收获,四级
sticky,'stɪki,,a.粘的,四级
resistance,rɪ'zɪstəns,,"n.抵制, 抵抗力",四级
bacteria,bæk'tɪrɪə,,n.细菌,四级
particle,'pɑrtɪkl,,n.微粒,四级
gum,ɡʌm,,n.牙龈,四级
resemble,rɪ'zɛmbl,,v.像，相似,四级
trace,tres,,n.痕迹,四级
discrimination,"dɪ,skrɪmɪ'neʃən",,n.歧视,四级
pointless,'pɔɪntləs,,a.无意义的,四级
rental,'rɛntl,,n.租,四级
indifferent,ɪn'dɪfrənt,,a.冷漠的,四级
reflect,rɪ'flɛkt,,v.反映,四级
liberation,",lɪbə'reʃən",,n.解放,四级
option,'ɑpʃən,,n.选择,四级
initially,ɪ'nɪʃəli,,ad.最初，起初,四级
attribute,ə'trɪbjut,,v.归因于,四级
accelerate,əkˈsɛləˌret,,v.加速,四级
sphere,sfɪr,,"n.球体, 范围",四级
widespread,ˈwʌɪdsprɛd,,a.普遍的，广泛的,四级
transform,træns'fɔrm,,v.改变,四级
immeasurable,ɪ'mɛʒərəbl,,a.无法估量的,四级
contaminate,kən'tæmɪnet,,v.污染，弄脏,四级
territory,'tɛrətɔri,,n.领土，领域,四级
virtual,[ˈvɜ:rtʃuəl],,a.虚拟的,四级
invariably,ɪn'vɛrɪəbli,,ad.不变地，一直,四级
long,lɔŋ,,v.渴望,四级
welfare,'wɛl'fɛr,,n.福利,四级
lessen,'lɛsn,,v.减少,四级
unrest,ʌn'rɛst,,n.不安定，动荡,四级
authoritative,ə'θɔrətetɪv,,a.权威的,四级
neutral,'nʊtrəl,,a.中立的,四级
racially,'reʃəli,,ad.种族上地,四级
disappointing,",dɪsə'pɔɪntɪŋ",,a.令人失望的,四级
plant,plænt,,n.工厂,四级
inspector,ɪn'spɛktɚ,,n.检查员,四级
headquarter,'hɛd'kwɔrtɚ,,v.设立总部，在…设立总部,四级
worldwide,'wɝldwaɪd,,ad.全世界范围地,四级
council,'kaʊnsl,,n.议会,四级
clue,klʊ,,n.线索,四级
cheat,tʃit,,"v.欺骗, 作弊",四级
insult,ɪn'sʌlt,,v.侮辱,四级
distress,dɪ'strɛs,,v.使痛苦，悲痛,四级
discourage,dɪs'kɝɪdʒ,,"v.使气馁, 阻碍",四级
prosper,'prɑspɚ,,v.繁荣,四级
retain,rɪ'ten,,"v.保留,留用",四级
contest,kən'tɛst,,n.比赛,四级
proposal,prə'pozl,,n.提议,四级
combination,",kɑmbɪ'neʃən",,n.联合，结合,四级
promotional,prə'moʃənl,,a.促销的,四级
smooth,smʊð,,a.光滑的,四级
intense,ɪn'tɛns,,a.强烈的,四级
irregular,ɪ'rɛɡjəlɚ,,a.不规律的,四级
incidence,'ɪnsɪdəns,,n.几率，发生率,四级
shade,ʃed,,n.阴凉处,四级
pension,'pɛnʃən,,n.养老金,四级
deepen,'dipən,,v.使加深，加剧,四级
complement,ˈkɑːmplɪment,,v.补充,四级
squeeze,skwiz,,v.压，榨,四级
civilization,",sɪvələ'zeʃən",,n.文明,四级
extraordinary,ɛkˈstrɔrdənˌɛri; ɪkˈstrɔrdəˌnɛri; ˌɛkstrəˈɔrdəˌnɛri,,a.非凡的,四级
poisonous,'pɔɪzənəs,,a.有毒的，有害的,四级
recycle,",ri'saɪkl",,v.循环，再利用,四级
inquire,ɪn'kwaɪr,,v.询问,四级
mask,mæsk,,v.掩饰,四级
symptom,'sɪmptəm,,n.症状,四级
plague,pleɡ,,v.使困扰,四级
twist,twɪst,,v.扭曲，使弯曲,四级
terminal,ˈtɜːrmɪnl,,n.终点站，航空站,四级
passively,'pæsivli,,ad.消极地,四级
outcome,'aʊt'kʌm,,n.结果,四级
signature,'sɪgnətʃɚ,,n.签名,四级
task,tæsk,,n.任务，工作,四级
convincing,kən'vɪnsɪŋ,,a.令人信服的,四级
downsize,'daʊnsaɪz,,v.裁员,四级
foreseeable,fɔr'siəbl,,a.可以预见的,四级
status,ˈstætəs; ˈstetəs,,n.地位,四级
preferentially,",prefə'renʃəli",,ad.优先地,四级
source,sɔrs,,n.来源,四级
riot,'raɪət,,n.暴乱,四级
grain,ɡren,,n.谷物，粮食,四级
retailer,'ri:teilə,,n.零售商,四级
amaze,ə'mez,,v.使吃惊,四级
origin,'ɔrɪdʒɪn,,n.起源,四级
commencement,kə'mɛnsmənt,,n.毕业典礼,四级
innovate,'ɪnəvet,,v.创新，革新,四级
hit,hɪt,,"n.成功, 打击",四级
crucial,'krʊʃəl,,a.至关重要的,四级
breakthrough,'brek'θrʊ,,n.突破,四级
exile,'ɛksaɪl,,n.流放，放逐,四级
element,'ɛləmənt,,n.元素，要素,四级
interpretation,ɪn'tɝprɪ'teʃən,,n.阐释，说明,四级
accustom,ə'kʌstəm,,v.使习惯,四级
superficial,",supɚ'fɪʃl",,a.肤浅的,四级
respectively,rɪ'spɛktɪvli,,ad.各自地,四级
fundamentally,",fʌndə'mɛntəli",,ad.根本上,四级
cruelty,'krʊəlti,,n.残暴，残酷,四级
govern,'ɡʌvɚn,,v.管理，支配,四级
hinder,'hɪndɚ,,v.阻碍,四级
undervalue,",ʌndɚ'vælju",,v.低估,四级
evaluation,"ɪ,væljʊ'eʃən",,n.评价，评估,四级
define,dɪ'faɪn,,v.下定义，确定,四级
backslide,",bæk'slaid",,n & v.倒退，退步,四级
offense,ə'fɛns,,n.过错，犯罪,四级
convict,kən'vɪkt,,v.证明…有罪,四级
marginalize,'mɑrdʒɪnəlaɪz,,v.边缘化，排斥,四级
desert,(for v.) dɪˈzɝ​t; (for n.) 'dɛzɚt,,v.抛弃,四级
sentence,'sɛntəns,,v & n.判决,四级
reserve,rɪ'zɝv,,v.留出，预定,四级
penalty,'pɛnəlti,,n.惩罚,四级
logically,'lɑdʒɪkli,,ad.合乎情理地，符合逻辑地,四级
abundant,ə'bʌndənt,,a.大量的，丰富的,四级
overstate,",ovɚ'stet",,v.夸张，夸大,四级
snack,snæk,,n.零食，小吃,四级
via,"ˈvaɪə, ˈviə",,prep.通过,四级
fade,fed,,v.逐渐消失,四级
resistant,rɪ'zɪstənt,,a.抵抗的，抵制的,四级
theory,'θiəri,,n.理论,四级
protest,ˈproʊtest,,v.抗议,四级
reject,rɪ'dʒɛkt,,v.拒绝，驳回,四级
flaw,flɔ,,n.缺点，错误,四级
seemingly,'simɪŋli,,ad.表面上看,四级
objection,əb'dʒɛkʃən,,n.反对,四级
fancy,'fænsi,,a.华丽的，别致的,四级
hub,hʌb,,n.中心,四级
incomparable,ɪn'kɑmprəbl,,a.无比的，无可匹敌的,四级
incentive,ɪn'sɛntɪv,,n.动机，刺激,四级
startup,'stɑrt'ʌp,,n.启动，开办,四级
reproduce,",riprə'dus",,"v.复制, 再生",四级
distinct,dɪ'stɪŋkt,,a.明显的；有区别的,四级
stake,stek,,n.风险,四级
moral,'mɔrəl,,"a.精神上的, 道德的",四级
opponent,ə'ponənt,,n.对手,四级
explicitly,ɪk'splɪsɪtli,,ad.直接地，明确地,四级
rival,'raɪvl,,n.对手,四级
confrontation,",kɑnfrən'teʃən",,n.冲突，对抗,四级
stale,stel,,a.乏味的，没有新意的,四级
reinforce,",riɪn'fɔrs",,v.加强，强化,四级
ring,rɪŋ,,n.拳击台,四级
attendance,ə'tɛndəns,,n.出席，到场,四级
flow,flo,,n&v.流动,四级
mood,mud,,n.心情,四级
mutually,'mjutʃuəli,,ad.互相地,四级
review,rɪ'vju,,n&v.回顾；复习,四级
elegant,'ɛləgənt,,a.优雅的,四级
hospitable,hɑ'spɪtəbl,,a.热情友好的,四级
constitute,'kɑnstətut,,v.组成,四级
programmer,'progræmɚ,,n.程序设计员,四级
sophisticated,sə'fɪstɪketɪd,,a.复杂的；世故的,四级
ignorant,'ɪɡnərənt,,a.无知的,四级
imitate,'ɪmɪtet,,v.模仿,四级
trigger,'trɪɡɚ,,v.引发，引起,四级
code,kod,,n.代码，密码,四级
investigate,ɪn'vɛstɪɡet,,v.调查,四级
outgoing,'aʊt'goɪŋ,,a.开朗的；外出的,四级
evolution,ˌɛvəˈluʃən; (occas.) ˌ ivəˈluʃən,,n.演变，进化,四级
resourceful,rɪ'sɔrsfl,,a.机智的；资源丰富的,四级
myth,mɪθ,,n.神话,四级
legend,'lɛdʒənd,,n.传奇,四级
philosopher,fə'lɑsəfɚ,,n.哲学家,四级
concrete,'kɑŋkrit,,a.具体的,四级
emerge,ɪ'mɝdʒ,,v.出现,四级
stir,stɝ,,v.搅动；煽动，激起,四级
senior,'sinɪɚ,,n.老年人,四级
nutritious,nʊ'trɪʃəs,,a.营养的,四级
expert,"'ɛkspɝt; (for adj., also) ɛksˈpɝt ; ɪkˈspɝt",,a.熟练的，内行的,四级
carpenter,ˈkɑːrpəntər,,n.木匠,四级
dampen,'dæmpən,,v.抑制,四级
grant,ɡrænt,,v.授予；允许,四级
security,sə'kjʊrəti,,n.安全，安保,四级
steep,stip,,a.急剧升/降的；陡峭的,四级
implementation,ɪmplɪmen'teɪʃ(ə)n,,n.实现，履行,四级
weaken,'wikən,,v.减少，减弱,四级
puzzle,'pʌzl,,n&v.迷惑,四级
memorize,'mɛmə'raɪz,,v.熟记，牢记,四级
cater,'ketɚ,,v.迎合,四级
a,ə; e,,art.一(个)；每一(个),四级
abandon,ə'bændən,,v.丢弃；放弃，抛弃,四级
ability,ə'bɪləti,,n.能力；能耐，本领,四级
able,'ebl,,a.有能力的；出色的,四级
abnormal,æbˈnɔːrml,,a.不正常的；变态的,四级
aboard,ə'bɔrd,,ad.在船(车)上；上船,四级
about,ə'baʊt,,prep.关于；在…周围,四级
above,ə'bʌv,,prep.在…上面；高于,四级
abroad,ə'brɔd,,ad.(在)国外；到处,四级
absence,'æbsns,,n.缺席，不在场；缺乏,四级
absent,ˈæbsənt,,a.不在场的；缺乏的,四级
absolute,'æbsəlut,,a.绝对的；纯粹的,四级
absolutely,'æbsəlutli,,ad.完全地；绝对地,四级
absorb,æbˈsɔrb; æbˈzɔrb; əbˈsɔrb,,v.吸收；使专心,四级
abstract,'æbstrækt,,a.抽象的 n.摘要,四级
abundant,ə'bʌndənt,,a.丰富的；大量的,四级
abuse,ə'bjus,,v.滥用；虐待 n.滥用,四级
academic,",ækə'dɛmɪk",,a.学院的；学术的,四级
academy,ə'kædəmi,,n.私立中学；专科院校,四级
accelerate,əkˈsɛləˌret,,v.(使)加快；促进,四级
acceleration,ək'sɛlə'reʃən,,n.加速；加速度,四级
accent,'æksɛnt,,n.口音，腔调；重音,四级
accept,ækˈsɛpt; əkˈsɛpt,,v.接受；同意,四级
acceptable,ək'sɛptəbl,,a.可接受的，合意的,四级
acceptance,ək'sɛptəns,,n.接受，验收；承认,四级
access,'æksɛs,,n.接近；通道，入口,四级
accessary,æk'sɛsəri,,n.同谋，从犯,四级
accident,'æksədənt,,n.意外的；事故,四级
accidental,",æksɪ'dɛntl",,a.偶然的；非本质的,四级
accommodate,ə'kɑmədet,,v.容纳；供应，供给,四级
accommodation,"ə,kɑmə'deʃən",,n.招待设备；预定铺位,四级
accompany,ə'kʌmpəni,,v.陪伴，陪同；伴随,四级
accomplish,ə'kɑmplɪʃ,,v.达到(目的)；完成,四级
accord,ə'kɔrd,,v.使一致；给予,四级
accordance,ə'kɔrdns,,n.一致；和谐；授予,四级
accordingly,ə'kɔrdɪŋli,,ad.因此，所以；照着,四级
account,ə'kaʊnt,,n.记述；解释；帐目,四级
accumulate,ə'kjumjəlet,,v.积累 v.堆积,四级
accuracy,'ækjərəsi,,n.准确(性)；准确度,四级
accurate,'ækjərət,,a.准确的，正确无误的,四级
accuse,ə'kjuz,,v.指责；归咎于,四级
accustom,ə'kʌstəm,,v.使习惯,四级
accustomed,ə'kʌstəmd,,a.惯常的；习惯的,四级
ache,ek,,v.痛；想念 n.疼痛,四级
achieve,ə'tʃiv,,v.完成，实现；达到,四级
achievement,ə'tʃivmənt,,n.完成；成就，成绩,四级
acid,'æsɪd,,n.酸；酸的，酸性的,四级
acquaintance,ə'kwentəns,,n.认识；了解；熟人,四级
acquire,ə'kwaɪr,,v.取得；获得；学到,四级
acre,'ekɚ,,n.英亩(=607亩),四级
across,ə'krɔs,,prep.横过；在…对面,四级
act,ækt,,v.行动；见效 n.行为,四级
action,'ækʃən,,n.行动；作用；功能,四级
active,'æktɪv,,a.活跃的；积极的,四级
activity,æk'tɪviti,,n.活动；活力；行动,四级
actor,'æktɚ,,n.男演员；演剧的人,四级
actress,'æktrɪs,,n.女演员,四级
actual,'æktʃuəl,,a.实际的；现行的,四级
actually,'æktʃuəli,,ad.实际上；竟然,四级
acute,ə'kjut,,a.尖的，锐的；敏锐的,四级
ad,'e 'di,,n.广告,四级
adapt,ə'dæpt,,v.使适应；改编,四级
add,æd,,v.添加，附加，掺加,四级
addition,ə'dɪʃən,,n.加，加法；附加物,四级
additional,ə'dɪʃənl,,a.附加的，追加的,四级
address,ə'drɛs,,n.地址；演说；谈吐,四级
adequate,ˈædɪkwət,,a.足够的；可以胜任的,四级
adjective,'ædʒɪktɪv,,n.形容词 a.形容词的,四级
adjust,ə'dʒʌst,,v.调整，调节；校正,四级
administration,"əd,mɪnɪ'streʃən",,n.管理；管理部门,四级
admire,ədˈmaɪr,,v.钦佩，羡慕，赞赏,四级
admission,əd'mɪʃən,,n.允许进入；承认,四级
admit,əd'mɪt,,v.承认；准许…进入,四级
adopt,ə'dɑpt,,v.收养；采用；采取,四级
adult,'ædʌlt,,n.成年人 a.成年的,四级
advance,əd'væns,,v.前进；提高 n.进展,四级
advanced,əd'vænst,,a.先进的；高级的,四级
advantage,əd'væntɪdʒ,,n.优点，优势；好处,四级
adventure,əd'vɛntʃɚ,,n.冒险；惊险活动,四级
adverb,'ædvɝb,,n.副词,四级
advertisement,",ædvɚ'taɪzmənt",,n.广告；公告；登广告,四级
advice,ædˈvaɪs; əd'vaɪs,,n.劝告；忠告；意见,四级
advisable,əd'vaɪzəbl,,n.明智的；可取的,四级
advise,əd'vaɪz,,v.劝告；建议；通知,四级
aeroplane,'ɛrə'plen,,n.飞机,四级
affair,ə'fɛr,,n.事情，事件；事务,四级
affect,ə'fɛkt,,v.影响；感动,四级
affection,ə'fɛkʃən,,n.慈爱，爱；爱慕,四级
afford,ə'fɔrd,,v.担负得起…；提供,四级
afraid,ə'fred,,a.害怕的；担心的,四级
Africa,ˈæfrɪkə,,n.非洲,四级
African,'æfrɪkən,,a.非洲的 n.非洲人,四级
after,'æftɚ,,prep.在…以后；次于,四级
afternoon,",æftɚ'nun",,n.下午，午后,四级
afterward,ˈæftərwərd,,ad.后来，以后,四级
again,ə'ɡɛn,,ad.又一次；而且,四级
against,ə'ɡɛnst,,prep.倚在；逆，对着,四级
age,edʒ,,n.年龄；时代 v.变老,四级
agency,'edʒənsi,,n.经办；代理；代理处,四级
agent,'edʒənt,,n.代理人，代理商,四级
aggressive,ə'ɡrɛsɪv,,a.侵略的；好斗的,四级
ago,ə'ɡo,,ad.以前,四级
agony,'æɡəni,,n.极度痛苦,四级
agree,ə'ɡri,,v.同意；持相同意见,四级
agreement,ə'grimənt,,n.协定，协议；同意,四级
agriculture,'æɡrɪkʌltʃɚ,,n.农业，农艺；农学,四级
ahead,ə'hɛd,,ad.在前；向前；提前,四级
aid,ed,,n.帮助，救护；助手,四级
aim,em,,v.瞄准，针对；致力,四级
air,ɛr,,n.空气；空中；外观,四级
aircraft,'ɛr'kræft,,n.飞机，飞行器,四级
airline,'ɛrlaɪn,,n.航空公司；航线,四级
airplane,ˈerpleɪn,,n.飞机,四级
airport,'ɛr'pɔrt,,n.机场，航空站,四级
alarm,ə'lɑrm,,n.惊恐，忧虑；警报,四级
alcohol,'ælkəhɔl,,n.酒精，乙醇,四级
alike,ə'laɪk,,a.同样的，相同的,四级
alive,ə'laɪv,,a.活着的；活跃的,四级
all,ɔl,,a.全部的 prep.全部,四级
allow,ə'laʊ,,v.允许，准许；任,四级
alloy,'ælɔɪ,,n.合金；(金属的)成色,四级
almost,'ɔlmost,,ad.几乎，差不多,四级
alone,ə'lon,,a.单独的 ad.单独地,四级
along,ə'lɔŋ,,prep.沿着 ad.向前,四级
aloud,ə'laʊd,,ad.出声地，大声地,四级
alphabet,'ælfə'bɛt,,n.字母表，字母系统,四级
already,ɔl'rɛdi,,ad.早已，已经,四级
also,'ɔlso,,ad.亦，也；而且，还,四级
alter,'ɔltɚ,,v.改变，变更；改做,四级
alternative,ɔl'tɝnətɪv,,n.替换物；取舍，抉择,四级
although,ɔl'ðo,,conj.尽管，虽然,四级
altitude,'æltɪtud,,n.高，高度；高处,四级
altogether,",ɔltə'ɡɛðɚ",,ad.完全；总而言之,四级
aluminium,",æljə'mɪnɪəm",,n.铝,四级
always,'ɔlwez,,ad.总是，一直；永远,四级
amaze,ə'mez,,v.使惊奇，使惊愕,四级
ambition,æm'bɪʃən,,n.雄心，抱负，野心,四级
ambulance,'æmbjələns,,n.救护车；野战医院,四级
America,əˈmɛrɪkə,,n.美洲；美国,四级
American,əˈmɛrɪkən,,a.美洲的 n.美国人,四级
among,ə'mʌŋ,,prep.在…之中,四级
amongst,ə'mʌŋst,,prep.在…之中(=among),四级
amount,ə'maʊnt,,n.总数；数量；和,四级
ampere,,,n.安培,四级
amplify,'æmplɪfaɪ,,v.放大，增强；扩大,四级
amuse,ə'mjuz,,v.逗…乐；给…娱乐,四级
analyse,'æn(ə)laɪz,,v.分析，分解，解析,四级
analysis,ə'næləsɪs,,n.分析，分解，解析,四级
ancestor,'ænsɛstɚ,,n.祖宗，祖先,四级
anchor,'æŋkɚ,,n.锚 v.抛锚，停泊,四级
ancient,ˈeɪnʃənt,,a.古代的，古老的,四级
and,"ənd, ən,ænd",,conj.和，又，并，则,四级
angel,'endʒl,,n.天使，神差，安琪儿,四级
anger,'æŋɡɚ,,n.怒，愤怒 v.使发怒,四级
angle,'æŋɡl,,n.角，角度,四级
angry,'æŋɡri,,a.愤怒的，生气的,四级
animal,'ænɪml,,n.动物，兽 a.动物的,四级
ankle,'æŋkl,,n.踝，踝节部,四级
announce,ə'naʊns,,v.宣布，宣告，发表,四级
announcer,ə'naʊnsɚ,,n.宣告者；播音员,四级
annoy,ə'nɔɪ,,v.使恼怒；打搅,四级
annual,'ænjuəl,,a.每年的 n.年报,四级
another,ə'nʌðɚ,,a.再一个的；别的,四级
answer,'ænsɚ,,v.回答；响应；适应,四级
ant,ænt,,n.蚂蚁,四级
anticipate,æn'tɪsə'pet,,v.预料，预期，期望,四级
anxiety,æŋ'zaɪəti,,n.焦虑，忧虑；渴望,四级
anxious,'æŋkʃəs,,a.忧虑的；渴望的,四级
any,'ɛni,,a.什么，一些；任何的,四级
anybody,,,prep.任何人,四级
anyhow,'ɛnɪ'haʊ,,ad.无论如何,四级
anyone,'ɛnɪ'wʌn,,pron.任何人,四级
anything,'ɛnɪ'θɪŋ,,pron.任何事物；一切,四级
anyway,'ɛnɪ'we,,ad.无论如何,四级
anywhere,'ɛnɪwɛr,,ad.在什么地方,四级
apart,ə'pɑrt,,ad.相隔；分开；除去,四级
apartment,ə'pɑrtmənt,,n.一套公寓房间,四级
apologize,ə'pɑlədʒaɪz,,v.道歉，谢罪，认错,四级
apology,ə'pɑlədʒi,,n.道歉，认错，谢罪,四级
apparatus,ˌæpəˈrætəs,,n.器械，仪器；器官,四级
apparent,ə'pærənt,,a.表面上的；明显的,四级
appeal,ə'pil,,vi&n.呼吁；申述,四级
appear,ə'pɪr,,v.出现；来到；似乎,四级
appearance,ə'pɪrəns,,n.出现，来到；外观,四级
appetite,'æpɪtaɪt,,n.食欲，胃口；欲望,四级
apple,'æpl,,n.苹果，苹果树,四级
appliance,ə'plaɪəns,,n.用具，器具，器械,四级
applicable,'æplɪkəbl,,a.能应用的；适当的,四级
application,ˌæpləˈkeʃən,,n.请求，申请；施用,四级
apply,ə'plaɪ,,v.应用，实施，使用,四级
appoint,ə'pɔɪnt,,v.任命，委任；约定,四级
appointment,ə'pɔɪntmənt,,n.任命；约定，约会,四级
appreciate,ə'priʃɪet,,v.欣赏；领会；感谢,四级
approach,ə'protʃ,,v.向…靠近 n.靠近,四级
appropriate,əˈpropriɪt,,a.适当的，恰当的,四级
approval,əˈpruvl,,n.赞成，同意；批准,四级
approve,ə'prʊv,,v.赞成，称许；批准,四级
approximate,ə'prɑksɪmət,,a.近似的 v.近似,四级
approximately,ə'prɑksɪmətli,,ad.近似地，大约,四级
April,'eprəl,,n.四月,四级
Arabian,ə'rebiən,,a.阿拉伯的,四级
arbitrary,ˈɑːrbətreri,,a.随心所欲的；专断的,四级
architecture,'ɑrkə'tɛktʃɚ,,n.建筑学；建筑式样,四级
area,'ɛrɪə,,n.面积；地区；领域,四级
argue,'ɑrgjʊ,,v.争论，争辩，辩论,四级
argument,'ɑrɡjumənt,,n.争论，辩论；理由,四级
arise,ə'raɪz,,v.出现；由…引起,四级
arithmetic,ə'rɪθmətɪk,,n.算术，四则运算,四级
arm,ɑrm,,n.臂；臂状物；武器,四级
army,'ɑrmi,,n.军队；陆军,四级
around,ə'raʊnd,,prep.在…周围,四级
arouse,ə'raʊz,,v.引起，唤起；唤醒,四级
arrange,ə'rendʒ,,v.筹备；整理；调解,四级
arrangement,ə'rendʒmənt,,n.整理，排列；安排,四级
arrest,ə'rɛst,,v.逮捕，拘留；阻止,四级
arrival,ə'raɪvəl,,n.到达；到来；到达者,四级
arrive,ə'raɪv,,v.到达；来临；达到,四级
arrow,'æro,,n.箭；箭状物,四级
art,ɑrt,,n.艺术，美术；技术,四级
article,'ɑrtɪkl,,n.文章；条款；物品,四级
artificial,",ɑrtɪ'fɪʃl",,a.人工的；娇揉造作的,四级
artist,'ɑrtɪst,,n.艺术家，美术家,四级
artistic,ɑr'tɪstɪk,,a.艺术的；艺术家的,四级
as,"æz,əz",,conj.当…的时候,四级
ash,æʃ,,n.灰，灰末；骨灰,四级
ashamed,ə'ʃemd,,a.惭愧(的)；羞耻(的),四级
Asia,ˈeʒə;ˈeʃə,,n.亚洲,四级
Asian,"ˈeʒən, ˈeʃən",,a.亚洲的 n.亚洲人,四级
aside,ə'saɪd,,ad.在旁边，到旁边,四级
ask,æsk,,v.问；要求；邀请,四级
asleep,ə'slip,,a.睡着的，睡熟的,四级
aspect,'æspɛkt,,n.方面；样子，外表,四级
assemble,ə'sɛmbl,,v.集合，召集；装配,四级
assembly,ə'sɛmbli,,n.集合；集会；装配,四级
assess,ə'sɛs,,v.对(财产等)估价,四级
assign,ə'saɪn,,v.指派；分配；指定,四级
assignment,ə'saɪnmənt,,n.任务，指定的作业,四级
assist,ə'sɪst,,v.援助，帮助；搀扶,四级
assistant,ə'sɪstənt,,n.助手，助理；助教,四级
associate,ə'soʃɪet,,v.交往 n.伙伴，同事,四级
association,"ə,soʃɪ'eʃən",,n.协会，团体；联合,四级
assume,ə'sum,,v.假定；承担；呈现,四级
assure,ə'ʃʊr,,v.使确信；向…保证,四级
astonish,ə'stɑnɪʃ,,v.使惊讶，使吃惊,四级
astronaut,'æstrə'nɔt,,n.宇宙航行员，宇航员,四级
at,æt; ət,,prep.在…里；在…时,四级
athlete,'æθlit,,n.运动员；田径运动员,四级
Atlantic,ət'læntɪk,,a.大西洋的 n.大西洋,四级
atmosphere,'ætməsfɪr,,n.大气；空气；气氛,四级
atmospheric,",ætməs'fɛrɪk",,a.大气的；大气层的,四级
atom,'ætəm,,n.原子；微粒；微量,四级
atomic,ə'tɑmɪk,,a.原子的；原子能的,四级
attach,ə'tætʃ,,v.缚，系，贴；附加,四级
attack,,,vt&vi&n.攻击，进攻,四级
attain,ə'ten,,v.达到，获得，完成,四级
attempt,ə'tɛmpt,,v.尝试，试图 n.企图,四级
attend,ə'tɛnd,,v.出席；照顾，护理,四级
attention,ə'tɛnʃən,,n.注意，留心；注意力,四级
attentive,ə'tɛntɪv,,a.注意的；有礼貌的,四级
attitude,'ætɪtʊd,,n.态度，看法；姿势,四级
attract,ə'trækt,,v.吸引；引起，诱惑,四级
attraction,ə'trækʃən,,n.吸引；吸引力；引力,四级
attractive,ə'træktɪv,,a.有吸引力的,四级
attribute,ə'trɪbjut,,v.把…归因于 n.属性,四级
audience,'ɔdɪəns,,n.听众，观众，读者,四级
August,ɔɡəst,,n.八月,四级
aunt,ænt,,n.伯母，婶母，姑母,四级
aural,,,a.耳的，听觉的,四级
Australia,ɔ'streljə,,n.澳大利亚,四级
Australian,ɑ'strelɪən,,a.澳大利亚的,四级
author,'ɔθɚ,,n.作者，作家,四级
authority,ə'θɔrəti,,n.当局，官方；权力,四级
auto,'ɔto,,n.(口语)汽车,四级
automatic,'ɔtə'mætɪk,,a.自动的；机械的,四级
automation,",ɔtə'meʃən",,n.自动，自动化,四级
automobile,",ɔtəmə'bil",,n.汽车，机动车,四级
autumn,'ɔtəm,,n.秋，秋季,四级
auxiliary,ɔːɡ'zɪlɪəri,,a.辅助的；附属的,四级
available,ə'veləbl,,a.可利用的；通用的,四级
avenue,'ævənu,,n.林荫道，道路；大街,四级
average,'ævərɪdʒ,,n.平均数 a.平均的,四级
aviation,",evɪ'eʃən",,n.航空，航空学,四级
avoid,ə'vɔɪd,,v.避免，躲开；撤消,四级
await,ə'wet,,v.等候，期待,四级
awake,ə'wek,,a.醒着的 v.唤醒,四级
award,ə'wɔrd,,n.奖，奖品；判定,四级
aware,ə'wɛr,,a.知道的，意识到的,四级
away,əˈwe,,ad.离开，远离；…去,四级
awful,'ɔfl,,a.令人不愉快的,四级
awfully,'ɔfli,,ad.令人畏惧的；很,四级
awkward,'ɔkwɚd,,a.笨拙的；尴尬的,四级
ax,æks,,n.斧子,四级
axis,'æksɪs,,n.轴，轴线；中心线,四级
baby,bebɪ,,n.婴儿；孩子气的人,四级
back,bæk,,ad.在后；回原处；回,四级
background,'bækɡraʊnd,,n.背景，后景，经历,四级
backward,'bækwɚd,,a.向后的；倒的 ad.倒,四级
bacteria,bæk'tɪrɪə,,n.细菌,四级
bad,bæd,,a.坏的，恶的；严重的,四级
badly,'bædli,,ad.坏，差；严重地,四级
badminton,'bædmɪntən,,n.羽毛球,四级
bag,bæɡ,,n.袋，包，钱包，背包,四级
baggage,'bæɡɪdʒ,,n.行李,四级
bake,bek,,v.烤，烘，焙；烧硬,四级
balance,'bæləns,,v.使平衡；称 n.天平,四级
ball,bɔl,,n.球，球状物；舞会,四级
balloon,bə'lun,,n.气球，玩具气球,四级
banana,bə'nænə,,n.香蕉；芭蕉属植物,四级
band,bænd,,n.乐队；带；波段,四级
bang,bæŋ,,n.巨响，枪声；猛击,四级
bank,bæŋk,,n.银行；库；岩，堤,四级
banner,'bænɚ,,n.旗，旗帜，横幅,四级
bar,bɑr,,n.酒吧间；条，杆；栅,四级
barber,'bɑrbɚ,,n.理发师,四级
bare,bɛr,,a.赤裸的；仅仅的,四级
bargain,ˈbɑːɡɪn,,n.交易 v.议价；成交,四级
bark,,,n.吠叫声 vi.吠，叫,四级
barn,bɑrn,,n.谷仓；牲口棚,四级
barrel,'bærəl,,n.桶；圆筒；枪管,四级
barrier,'bærɪɚ,,n.栅栏，屏障；障碍,四级
base,bes,,n.基础，底层；基地,四级
basic,'besɪk,,a.基本的，基础的,四级
basically,'besɪkli,,ad.基本上,四级
basin,'besn,,n.盆，洗脸盆；盆地,四级
basis,'besɪs,,n.基础，根据,四级
basket,'bæskɪt,,n.篮，篓，筐,四级
basketball,'bæskɪtbɔl,,n.篮球；篮球运动,四级
bat,bæt,,n.球拍；短棍；蝙蝠,四级
bath,bɑːθ,,n.浴，洗澡；浴缸,四级
bathe,beð,,v.给…洗澡；弄湿,四级
bathroom,'bæθrum,,n.浴室；盥洗室,四级
battery,'bæt(ə)rɪ,,n.电池；一套，一组,四级
battle,'bætl,,n.战役；斗争 v.作战,四级
bay,be,,n.湾；山脉中的凹处,四级
be,bi,,aux.v&vi是，在，做,四级
beach,bitʃ,,n.海滩，湖滩，河滩,四级
beam,bim,,n.梁；横梁；束，柱,四级
bean,bin,,n.豆，蚕豆,四级
bear,bɛr,,n.熊；粗鲁的人,四级
beard,bɪrd,,n.胡须，络腮胡子,四级
beast,bist,,n.兽，野兽；牲畜,四级
beat,bit,,vt&vi.打，敲；打败,四级
beautiful,'bjʊtəfəl,,a.美的，美丽的,四级
beauty,'bjuti,,n.美，美丽；美人,四级
because,bɪ'kɔz,,conj.由于，因为,四级
become,bɪ'kʌm,,v.变成；成为，变得,四级
bed,bɛd,,n.床，床位；圃；河床,四级
bee,bi,,n.蜂，密蜂；忙碌的人,四级
beef,bif,,n.牛肉；菜牛,四级
beer,bɪr,,n.啤酒,四级
before,bɪ'fɔr,,prep.在…以前；向…,四级
beg,bɛɡ,,vt&vi.乞求；请求,四级
beggar,'bɛɡɚ,,n.乞丐，穷人,四级
begin,bɪ'ɡɪn,,v.开始 v.开始,四级
beginner,bɪ'gɪnɚ,,n.初学者，生手,四级
beginning,bɪ'ɡɪnɪŋ,,n.开始，开端；起源,四级
behalf,bɪ'hæf,,n.利益，维护，支持,四级
behave,bɪ'hev,,v.表现，举止；运转,四级
behavior,bɪ'hevjɚ,,n.行为，举止，态度,四级
behind,bɪ'haɪnd,,prep.在…后面,四级
being,'biɪŋ,,n.存在；生物；生命,四级
belief,bɪ'lif,,n.信任，相信；信念,四级
believe,bɪ'liv,,v.相信；认为,四级
bell,bɛl,,n.钟，铃，门铃；钟声,四级
belong,bɪ'lɔŋ,,v.属于，附属,四级
beloved,bɪ'lʌvd,,a.为…的爱的 n.爱人,四级
below,bɪ'lo,,prep.在…下面(以下),四级
belt,bɛlt,,n.带，腰带；皮带；区,四级
bench,bɛntʃ,,n.长凳，条凳；工作台,四级
bend,bɛnd,,v.使弯曲 v.弯曲,四级
beneath,bɪˈniːθ,,prep.在…下方,四级
beneficial,",bɛnɪ'fɪʃl",,a.有利的，有益的,四级
benefit,'bɛnɪfɪt,,n.利益；恩惠；津贴,四级
berry,'bɛri,,n.浆果(如草莓等),四级
beside,bɪ'saɪd,,prep.在…旁边,四级
besides,bɪ'saɪdz,,ad.而且prep除…之外,四级
best,bɛst,,a.最好的；最大的,四级
bet,bɛt,,vt&vi&n.打赌,四级
betray,bɪ'tre,,v.背叛；辜负；泄漏,四级
better,'bɛtɚ,,a.较好的 ad.更好地,四级
between,bɪ'twin,,prep.在…中间,四级
beyond,bɪ'jɑnd,,prep.在…的那边,四级
Bible,'baɪbl,,n.基督教《圣经》,四级
bicycle,'baɪsɪkl,,n.自行车，脚踏车,四级
big,bɪɡ,,a.大的，巨大的,四级
bike,baɪk,,n.自行车 v.骑自行车,四级
bill,bɪl,,n.账单；招贴；票据,四级
billion,'bɪljən,,num.万亿(英),四级
bind,baɪnd,,v.捆绑；包扎；装钉,四级
biology,baɪ'ɑlədʒi,,n.生物学；生态学,四级
bird,bɝd,,n.鸟，禽,四级
birth,bɝθ,,n.分娩，出生；出身,四级
birthday,'bɝθde,,n.生日，诞生的日期,四级
biscuit,'bɪskɪt,,n.(英)饼干；(美)软饼,四级
bit,bɪt,,n.一点，一些，小片,四级
bite,baɪt,,v.咬，叮，螫；剌穿,四级
bitter,,,a.痛苦的；严寒的,四级
bitterly,'bɪtɚli,,ad.苦苦地；悲痛地,四级
black,blæk,,a.黑色的；黑暗的,四级
blackboard,'blækbɔrd,,n.黑板,四级
blade,bled,,n.刀刃，刀片；叶片,四级
blame,blem,,v.责备，把…归咎于,四级
blank,blæŋk,,a.空白的 n.空白,四级
blanket,'blæŋkɪt,,n.毛毯，毯子，羊毛毯,四级
blast,blæst,,n.爆炸，冲击波 v.炸,四级
blaze,blez,,n.火；闪光 v.燃烧,四级
bleed,blid,,v.出血，流血；泌脂,四级
blend,blɛnd,,vt&vi&n.混和,四级
bless,blɛs,,v.为…祝福,四级
blind,blaɪnd,,a.瞎的；盲目的,四级
block,blɑk,,n.街区 v.堵塞，拦阻,四级
blood,blʌd,,n.血，血液；血统,四级
bloom,blum,,n.花；开花，开花期,四级
blossom,'blɑsəm,,n.花，开花 v.开花,四级
blow,blo,,v.吹，吹动；吹响,四级
blue,blu,,a.蓝色的 n.蓝色,四级
board,bɔrd,,n.板 v.上(船、车等),四级
boast,bost,,v.自夸 v.吹嘘,四级
boat,bot,,n.小船，艇；渔船,四级
body,'bɑdi,,n.身体；主体；尸体,四级
boil,bɔɪl,,v.沸腾；汽化vt煮沸,四级
bold,bold,,a.大胆的；冒失的,四级
bolt,bolt,,n.螺栓；插销 v.闩门,四级
bomb,bɑm,,n.炸弹 v.轰炸,四级
bond,bɑnd,,n.联结，联系；公债,四级
bone,bon,,n.骨，骨骼,四级
book,bʊk,,n.书，书籍 v.预定,四级
boot,but,,n.靴子，长统靴,四级
booth,bʊθ,,n.货摊；公用电话亭,四级
border,,,n.边，边缘；边界,四级
bore,bɔr,,v.使厌烦；钻，挖,四级
born,bɔrn,,a.天生的；出生的,四级
borrow,'bɑro,,v.借，借用，借人,四级
bosom,'bʊzəm,,n.胸，胸部；内心,四级
boss,bɑs,,n.老板，上司 v.指挥,四级
both,boθ,,pron.两者(都),四级
bother,'bɑðɚ,,v.烦扰，迷惑 n.麻烦,四级
bottle,'bɑtl,,n.瓶，酒瓶；一瓶,四级
bottom,'bɑtəm,,n.底，底部，根基,四级
bough,baʊ,,n.树枝,四级
bounce,baʊns,,v.反跳，弹起；跳起,四级
bound,baʊnd,,a.一定的；有义务的,四级
boundary,'baʊndri,,n.分界线，边界,四级
bow,baʊ,,n.弓；蝴蝶结；鞠躬,四级
bowl,bol,,n.碗，钵；碗状物,四级
box,bɑks,,n.箱，盒；包箱,四级
boy,bɔɪ,,n.男孩，少年；家伙,四级
brain,bren,,n.脑，脑髓；脑力,四级
brake,brek,,n.闸，刹车 v.制动,四级
branch,bræntʃ,,n.树枝；分部；分科,四级
brand,brænd,,n.商品；烙印 v.铭刻,四级
brandy,'brændi,,n.白兰地酒,四级
brass,bræs,,n.黄铜；黄铜器,四级
brave,brev,,a.勇敢的，华丽的,四级
bread,brɛd,,n.面包；食物，粮食,四级
breadth,brɛdθ,,n.宽度，幅度；幅面,四级
break,brek,,v.打破；损坏；破坏,四级
breakfast,'brɛkfəst,,n.早饭，早餐,四级
breast,brɛst,,n.乳房；胸脯，胸膛,四级
breath,brɛθ,,n.气息，呼吸；气味,四级
breathe,brið,,v.呼吸 v.呼吸,四级
breed,brid,,n.品种 v.使繁殖,四级
breeze,briz,,n.微风，和风,四级
brick,brɪk,,n.砖，砖块；砖状物,四级
bridge,brɪdʒ,,n.桥，桥梁；桥牌,四级
brief,brif,,a.简短的；短暂的,四级
bright,braɪt,,a.明亮的；聪明的,四级
brighten,'braɪtn,,v.使发光；使快活,四级
brilliant,'brɪljənt,,a.光辉的；卓越的,四级
brim,brɪm,,n.边，边缘；帽沿,四级
bring,brɪŋ,,v.带来；引出；促使,四级
brisk,brɪsk,,a.活泼的；清新的,四级
bristle,'brɪsl,,n.短而硬的毛；鬃毛,四级
Britain,'brɪtən,,n.不列颠，英国,四级
British,'brɪtɪʃ,,a.不列颠的，英联邦的,四级
brittle,,,a.脆的；易损坏的,四级
broad,brɔd,,a.宽的，阔的；广泛的,四级
broadcast,'brɔdkæst,,n.广播，播音,四级
broken,'brokən,,a.被打碎的，骨折的,四级
bronze,brɑnz,,n.青铜；青铜制品,四级
brood,brud,,n.同窝幼鸟 v.孵(蛋),四级
brook,brʊk,,n.小河，溪流,四级
broom,brum,,n.扫帚,四级
brother,'brʌðɚ,,n.兄弟；同事，同胞,四级
brow,braʊ,,n.额；眉，眉毛,四级
brown,braʊn,,n.褐色，棕色,四级
bruise,bruz,,n.青肿，伤痕；擦伤,四级
brush,brʌʃ,,n.刷子，毛刷；画笔,四级
brute,brut,,n.禽兽，畜生,四级
bubble,'bʌbl,,n.泡 v.冒泡，沸腾,四级
bucket,'bʌkɪt,,n.水桶；吊桶；铲斗,四级
bud,bʌd,,n.芽，萌芽；蓓蕾,四级
build,bɪld,,v.建筑；建立；创立,四级
building,'bɪldɪŋ,,n.建筑物，大楼；建筑,四级
bulb,bʌlb,,n.电灯泡；球状物,四级
bulk,bʌlk,,n.物体，容积，大批,四级
bull,bʊl,,n.公牛；雄的象,四级
bullet,'bʊlɪt,,n.枪弹，子弹，弹丸,四级
bunch,bʌntʃ,,n.束，球，串；一群,四级
bundle,'bʌndl,,n.捆，包，束；包袱,四级
burden,'bɝdn,,n.担子，重担；装载量,四级
bureau,'bjʊro,,n.局，司，处；社，所,四级
burn,bɝn,,v.烧，燃烧 n.烧伤,四级
burst,bɝst,,v.使爆裂 vi&n.爆炸,四级
bury,'bɛri,,v.埋葬，葬；埋藏,四级
bus,bʌs,,n.公共汽车,四级
bush,bʊʃ,,n.灌木，灌木丛，矮树,四级
business,ˈbɪznəs,,n.商业，生意；事务,四级
busy,'bɪzi,,a.忙的，繁忙的,四级
but,bʌt,,conj.但是，可是,四级
butcher,ˈbʊtʃər,,n.屠夫；屠杀者,四级
butter,'bʌtɚ,,n.黄油；奶油,四级
butterfly,'bʌtɚflaɪ,,n.蝴蝶,四级
button,'bʌtn,,n.扣子；按钮 v.扣紧,四级
buy,baɪ,,v.买，购买 v.买,四级
by,baɪ,,prep.在…旁；被，由,四级
cabbage,ˈkæbɪdʒ,,n.洋白菜，卷心菜,四级
cabin,'kæbɪn,,n.小屋；船舱，机舱,四级
cabinet,'kæbɪnət,,n.橱，柜；内阁,四级
cable,'kebl,,n.缆，索；电缆；电报,四级
cafe,kæ'fe,,n.咖啡馆；小餐厅,四级
cafeteria,",kæfə'tɪrɪə",,n.自助食堂,四级
cage,kedʒ,,n.笼；鸟笼，囚笼,四级
cake,kek,,n.饼，糕，蛋糕,四级
calculate,'kælkjulet,,v.计算；估计；计划,四级
calculation,",kælkju'leʃən",,n.计算，计算结果,四级
calculator,'kælkjuletɚ,,n.计算器，计算者,四级
calendar,'kæləndɚ,,n.日历，历书；历法,四级
call,kɔl,,v.把…叫做；叫，喊,四级
calm,kɑm,,a.静的，平静的,四级
camel,'kæml,,n.骆驼,四级
camera,'kæmərə,,n.照相机，摄影机,四级
camp,kæmp,,n.野营，营地，兵营,四级
campaign,kæm'pen,,n.战役；运动,四级
campus,'kæmpəs,,n.校园，学校场地,四级
can,kæn,,n.罐头，听头；容器,四级
Canada,'kænədə,,n.加拿大,四级
Canadian,kə'nedɪən,,a.加拿大的,四级
canal,kə'næl,,n.运河；沟渠；管,四级
cancel,'kænsl,,v.取消，撤消；删去,四级
cancer,'kænsɚ,,n.癌，癌症，肿瘤,四级
candidate,"ˈkændɪˌdet, -dɪt",,n.候选人；投考者,四级
candle,'kændl,,n.蜡烛；烛形物；烛光,四级
candy,'kændi,,n.糖果；砂糖结晶,四级
cannon,'kænən,,n.大炮，火炮；榴弹炮,四级
canoe,kə'nu,,n.独木舟，皮艇，划子,四级
canteen,kænˈtiːn,,n.小卖部；临时餐室,四级
canvas,'kænvəs,,n.粗帆布；一块油画布,四级
cap,kæp,,n.帽子，便帽；帽状物,四级
capable,'kepəbl,,a.有能力的，有才能的,四级
capacity,kə'pæsəti,,n.容量；能力；能量,四级
capital,'kæpɪtl,,n.资本，资金；首都,四级
captain,ˈkæptən,,n.陆军上尉；队长,四级
captive,'kæptɪv,,n.俘虏，被监禁的人,四级
capture,'kæptʃɚ,,v.捕获，俘获；夺得,四级
car,kɑr,,n.汽车，小汽车，轿车,四级
carbon,'kɑrbən,,n.碳,四级
card,kɑrd,,n.卡，卡片，名片,四级
care,kɛr,,v.关心，介意 n.小心,四级
career,kə'rɪr,,n.生涯，职业，经历,四级
careful,'kɛrfl,,a.仔细的；细致的,四级
careless,'kɛrləs,,a.粗心的，漫不经心的,四级
cargo,'kɑrɡo,,n.船货，货物,四级
carpenter,ˈkɑːrpəntər,,n.木工，木匠,四级
carpet,'kɑrpɪt,,n.地毯，毡毯，毛毯,四级
carriage,'kærɪdʒ,,n.客车厢；四轮马车,四级
carrier,'kærɪɚ,,n.运输工具；运载工具,四级
carrot,'kærət,,n.胡罗卜,四级
carry,'kæri,,v.携带；运载；传送,四级
cart,kɑrt,,n.二轮运货马车,四级
carve,kɑrv,,v.刻，雕刻；切开,四级
case,kes,,n.情况；事实；病例,四级
cash,kæʃ,,n.现金，现款,四级
cassette,kə'sɛt,,n.盒式录音带；盒子,四级
cast,kæst,,v.投，扔，抛；浇铸,四级
castle,'kæsl,,n.城堡；巨大建筑物,四级
casual,'kæʒʊəl,,a.偶然的；随便的,四级
cat,kæt,,n.猫，猫科，猫皮,四级
catalog,'kætəlɔg,,n.目录，目录册,四级
catch,kætʃ,,v.捉住；赶上；领会,四级
cathedral,kə'θidrəl,,n.总教堂；大教堂,四级
cattle,'kætl,,n.牛；牲口，家畜,四级
cause,kɔz,,n.原因，理由；事业,四级
cave,kev,,n.山洞，洞穴，窑洞,四级
cease,sis,,vi&vi&n.停止，停息,四级
ceiling,'silɪŋ,,n.天花板，顶蓬,四级
celebrate,'sɛlɪbret,,v.庆祝；歌颂，赞美,四级
cell,sɛl,,n.细胞；小房间,四级
cellar,'sɛlɚ,,n.地窑，地下室,四级
cement,sə'mɛnt,,n.水泥；胶泥 v.粘结,四级
cent,sɛnt,,n.分；分币；百,四级
centigrade,'sɛntɪɡred,,a.百分度的,四级
centimetre,'sɛntɪmitɚ,,n.公分，厘米,四级
central,'sɛntrəl,,a.中心的；主要的,四级
centre,sɛntɚ,,n.中心；中枢 v.集中,四级
century,'sɛntʃəri,,n.世纪，百年,四级
ceremony,ˈsɛrəˌmoʊni,,n.典礼，仪式；礼节,四级
certain,'sɝtn,,a.确实的；肯定的,四级
certainly,'sɝtnli,,ad.一定，必定；当然,四级
certainty,'sɝtnti,,n.必然；肯定,四级
certificate,"sɚˈtɪfɪkɪt; (for v.,) sɚˈtɪfɪˌket",,n.证书，证件，执照,四级
chain,tʃen,,n.链，链条，项圈,四级
chair,tʃɛr,,n.椅子；主席,四级
chairman,'tʃɛrmən,,n.主席；议长，会长,四级
chalk,tʃɔk,,n.白垩；粉笔,四级
challenge,'tʃælɪndʒ,,n.挑战；要求，需要,四级
chamber,ˈtʃeɪmbər,,n.会议室；房间；腔,四级
champion,'tʃæmpɪən,,n.冠军，得胜者,四级
chance,tʃæns,,n.机会，机遇；可能性,四级
change,tʃendʒ,,n.改变，变化；零钱,四级
channel,'tʃænl,,n.海峡；渠道；频道,四级
chapter,'tʃæptɚ,,n.章，回，篇,四级
character,'kærəktɚ,,n.性格；特性；角色,四级
characteristic,",kærəktə'rɪstɪk",,a.特有的 n.特性,四级
charge,tʃɑrdʒ,,v.索价；控告 n.费用,四级
charity,'tʃærəti,,n.施舍；慈善事业,四级
charming,'tʃɑrmɪŋ,,a.迷人的，可爱的,四级
chart,tʃɑrt,,n.图，图表；海图,四级
chase,tʃeɪs,,n.追逐，追赶，追求,四级
cheap,tʃip,,a.廉价的；劣质的,四级
cheat,tʃit,,v.骗取；哄 v.行骗,四级
check,tʃɛk,,v.检查；制止 n.检查,四级
cheek,tʃik,,n.面颊，脸蛋,四级
cheer,tʃɪr,,v.使振作；欢呼,四级
cheerful,'tʃɪrfl,,a.快乐的，愉快的,四级
cheese,tʃiz,,n.奶酪，干酪,四级
chemical,'kɛmɪkl,,a.化学的 n.化学制品,四级
chemist,'kɛmɪst,,n.化学家；药剂师,四级
chemistry,'kɛmɪstri,,n.化学,四级
cheque,tʃɛk,,n.支票,四级
cherry,'tʃɛri,,n.樱桃；樱桃树,四级
chess,tʃɛs,,n.棋；国际象棋,四级
chest,tʃɛst,,n.胸腔，胸膛；箱子,四级
chew,tʃʊ,,v.咀嚼，嚼碎,四级
chicken,ˈtʃɪkən,,n.小鸡，小鸟；鸡肉,四级
chief,tʃif,,a.主要的；首席的,四级
child,tʃaɪld,,n.小孩，儿童；儿子,四级
childhood,'tʃaɪldhʊd,,n.童年，幼年；早期,四级
childish,'tʃaɪldɪʃ,,a.孩子的；幼稚的,四级
chill,tʃɪl,,v.使变冷 n.寒冷,四级
chimney,'tʃɪmni,,n.烟囱，烟筒；玻璃罩,四级
chin,tʃɪn,,n.颏，下巴,四级
China,tʃaɪnə,,n.中国,四级
Chinese,",tʃai'ni:z",,a.中国的 n.中国人,四级
chocolate,'tʃɑklət,,n.巧克力；巧克力糖,四级
choice,tʃɔɪs,,n.选择，抉择,四级
choke,tʃok,,v.使窒息；塞满,四级
choose,tʃuz,,v.选择，挑选；情愿,四级
chop,tʃɑp,,v.砍，劈；切细 v.砍,四级
Christian,'krɪstʃən,,n.基督教徒；信徒,四级
Christmas,ˈkrɪsməs,,n.圣诞节,四级
church,tʃɝtʃ,,n.教堂，礼拜堂；教会,四级
cigaret,",siɡə'ret, 'siɡ-",,n.香烟，纸烟，卷烟,四级
cinema,'sɪnəmə,,n.电影院；电影，影片,四级
circle,'sɝkl,,n.圆，圆周；圈子,四级
circuit,'sɝkɪt,,n.电路；环行；巡行,四级
circular,'sɝkjəlɚ,,a.圆的；循环的,四级
circulate,'sɝkjəlet,,v.使循环 v.循环,四级
circumference,sɚ'kʌmfərəns,,n.圆周，周长，圆周线,四级
circumstance,'sɝkəmstæns,,n.情况，条件；境遇,四级
citizen,'sɪtɪzn,,n.公民；市民，居民,四级
city,'sɪti,,n.城市，都市,四级
civil,'sɪvl,,a.公民的；文职的,四级
civilization,",sɪvələ'zeʃən",,n.文明，文化；开化,四级
civilize,'sɪvəlaɪz,,v.使文明；教育,四级
claim,klem,,v.声称，主张；索取,四级
clap,klæp,,v.拍手 v.拍，轻拍,四级
clarify,'klærəfaɪ,,v.澄清，阐明,四级
clasp,klæsp,,n.扣子，钩子；别针,四级
class,klæs,,n.班，班级；阶级,四级
classical,'klæsɪkl,,a.古典的；经典的,四级
classification,",klæsɪfɪ'keʃən",,n.分类；分级；分类法,四级
classify,'klæsɪfaɪ,,v.把…分类,四级
classmate,'klæsmet,,n.同班同学,四级
classroom,'klæs'rʊm; 'klæs'rʊm,,n.教室，课堂,四级
claw,klɔ,,n.爪，脚爪，螯,四级
clay,kle,,n.粘土，泥土；肉体,四级
clean,klin,,a.清洁的；纯洁的,四级
clear,klɪr,,a.清晰的 v.清除,四级
clearly,'klɪrli,,ad.明白地，清晰地,四级
clerk,klɝk,,n.店员；办事员，职员,四级
clever,'klɛvɚ,,a.聪明的；机敏的,四级
cliff,klɪf,,n.悬崖，峭壁,四级
climate,'klaɪmət,,n.气候；风土，地带,四级
climb,klaɪm,,v.攀登，爬 v.爬,四级
cloak,klok,,n.斗篷；覆盖(物),四级
clock,klɑk,,n.钟，仪表,四级
close,kloz,,v.关，闭；结束,四级
closely,'klosli,,ad.紧密地，接近地,四级
cloth,klɔθ,,n.布；衣料；桌布,四级
clothe,kloð,,v.给…穿衣服,四级
clothes,kloz,,n.衣服，服装；被褥,四级
clothing,'kloðɪŋ,,n.衣服，被褥,四级
cloud,klaʊd,,n.云；云状物；阴影,四级
cloudy,'klaʊdi,,a.多云的；云一般的,四级
club,klʌb,,n.俱乐部，夜总会,四级
clue,klʊ,,n.线索，暗示，提示,四级
clumsy,'klʌmzi,,a.笨拙的；愚笨的,四级
coach,kotʃ,,n.长途公共汽车,四级
coal,kol,,n.煤，煤块,四级
coarse,kɔrs,,a.粗的，粗糙的,四级
coast,kost,,n.海岸，海滨(地区),四级
coat,kot,,n.外套，上衣；表皮,四级
cock,kɑk,,n.公鸡；雄禽；旋塞,四级
code,kod,,n.准则；法典；代码,四级
coffee,'kɔfi,,n.咖啡，咖啡茶,四级
coil,kɔɪl,,n.(一)卷；线圈 v.卷,四级
coin,kɔɪn,,n.硬币；铸造(硬币),四级
cold,kold,,a.冷的；冷淡的 n.冷,四级
collapse,kə'læps,,v.倒坍；崩溃，瓦解,四级
collar,'kɑlɚ,,n.衣领，项圈,四级
colleague,'kɑliɡ,,n.同事，同僚,四级
collect,kə'lɛkt,,v.收集 v.收款,四级
collection,kə'lɛkʃən,,n.搜集，收集；收藏品,四级
collective,kə'lɛktɪv,,a.集体的；集合性的,四级
college,'kɑlɪdʒ,,n.学院；大学,四级
collision,kə'lɪʒən,,n.碰撞；冲突,四级
colonel,'kɝnl,,n.陆军上校；中校,四级
colony,'kɑləni,,n.殖民地；侨居地,四级
color,'kʌlɚ,,n.颜色，彩色；颜料,四级
column,'kɑləm,,n.柱，支柱，圆柱,四级
comb,kom,,n.梳子 v.梳理,四级
combination,",kɑmbɪ'neʃən",,n.结合，联合；化合,四级
combine,kəm'baɪn,,v.使结合；兼有,四级
come,kʌm,,v.来，来到；出现,四级
comfort,'kʌmfɚt,,n.舒适；安慰 v.安慰,四级
comfortable,'kʌmftəbl,,a.舒适的，安慰的,四级
command,kə'mænd,,v.命令，指挥；控制,四级
commander,kə'mændɚ,,n.司令官，指挥员,四级
comment,'kɑmɛnt,,n.评论，意见；注释,四级
commerce,'kɑmɝs,,n.商业，贸易；社交,四级
commercial,kə'mɝʃəl,,a.商业的；商品化的,四级
commission,kə'mɪʃən,,n.委任状；委员会,四级
commit,kə'mɪt,,v.犯(错误);干(坏事),四级
committee,kə'mɪti,,n.委员会；全体委员,四级
common,'kɑmən,,a.普通的；共同的,四级
commonly,'kɑmənli,,ad.普通地，一般地,四级
communicate,kə'mjunɪket,,v.通讯；传达；传播,四级
communication,"kə,mjunɪ'keʃən",,n.通讯；传达；交通,四级
communism,'kɑmjʊ'nɪzəm,,n.共产主义,四级
communist,'kɑmjənɪst,,n.共产党员,四级
community,kə'mjʊnəti,,n.社区；社会；公社,四级
companion,kəm'pænɪən,,n.同伴；共事者；伴侣,四级
company,'kʌmpəni,,n.公司，商号；同伴,四级
comparative,kəm'pærətɪv,,a.比较的，相对的,四级
compare,kəm'pɛr,,v.比较，对照；比作,四级
comparison,kəm'pærɪsn,,n.比较，对照；比似,四级
compass,'kʌmpəs,,n.罗盘，指南针；圆规,四级
compel,kəm'pɛl,,v.强迫，迫使屈服,四级
compete,kəm'pit,,v.比赛；竞争；对抗,四级
competent,'kɑmpɪtənt,,a.有能力的；应该做的,四级
competition,",kɑmpə'tɪʃən",,n.竞争，比赛,四级
compile,kəm'paɪl,,v.编辑，编制，搜集,四级
complain,kəm'plen,,v.抱怨，拆苦；控告,四级
complaint,kəm'plent,,n.抱怨；怨言；控告,四级
complete,kəm'plit,,a.完整的；完成的,四级
completely,kəm'plitli,,ad.十分，完全地,四级
complex,"kəm'plɛks; 'kɑm,plɛks",,a.结合的；复杂的,四级
complicate,,,vt.使复杂；使陷入,四级
complicated,'kɑmplɪketɪd,,a.复杂的，难懂的,四级
component,kəm'ponənt,,n.组成部分；分；组件,四级
compose,kəm'poz,,v.组成，构成；创作,四级
composition,",kɑmpə'zɪʃən",,n.构成；作品；写作,四级
compound,'kɑmpaʊnd,,n.化合物；复合词,四级
comprehension,",kɑmprɪ'hɛnʃən",,n.理解，理解力；领悟,四级
comprehensive,ˌkɑːmprɪˈhensɪv,,a.广泛的；理解的,四级
compress,kəm'prɛs,,v.压紧，压缩,四级
comprise,kəm'praɪz,,v.包含，包括；构成,四级
compromise,'kɑmprəmaɪz,,n.妥协，和解,四级
compute,kəm'pjʊt,,v.计算，估计，估算,四级
computer,kəm'pjutɚ,,n.计算机，电脑,四级
comrade,'kɑmræd,,n.同志，亲密的同伴,四级
conceal,kən'sil,,v.把…隐藏起来,四级
concentrate,'kɑnsn'tret,,v.集中；聚集；浓缩,四级
concentration,'kɑnsn'treʃən,,n.集中；专注；浓缩,四级
concept,'kɑnsɛpt,,n.概念，观念，设想,四级
concern,kən'sɝn,,n.关心，挂念；关系,四级
concerning,kən'sɝnɪŋ,,prep.关于,四级
concert,'kɑnsɚt,,n.音乐会，演奏会,四级
conclude,kən'klud,,v.推断出；结束,四级
conclusion,kən'kluʒn,,n.结论，推论；结尾,四级
concrete,'kɑŋkrit,,n.混凝土；具体物,四级
condemn,kən'dɛm,,v.谴责，指责；判刑,四级
condense,kən'dɛns,,v.压缩，使缩短,四级
condition,kən'dɪʃən,,n.状况，状态；环境,四级
conduct,kən'dʌkt,,n.举止，行为；指导,四级
conductor,kən'dʌktɚ,,n.售票员；(乐队)指挥,四级
conference,'kɑnfərəns,,n.会议，讨论会,四级
confess,kən'fɛs,,v.供认，承认；坦白,四级
confidence,'kɑnfɪdəns,,n.信任；信赖；信心,四级
confident,'kɑnfɪdənt,,a.确信的，自信的,四级
confine,kən'faɪn,,v.限制；禁闭,四级
confirm,kən'fɝm,,v.证实，肯定；批准,四级
conflict,'kɑnflɪkt,,n.争论；冲突；斗争,四级
confuse,kən'fjʊz,,v.使混乱，混淆,四级
confusion,kən'fjʊʒən,,n.混乱；骚乱；混淆,四级
congratulate,kən'ɡrætʃulet,,v.祝贺，向…道喜,四级
congratulation,"kən,ɡrætʃu'leʃən",,n.祝贺；祝贺词,四级
congress,'kɑŋɡrəs,,n.大会；国会，议会,四级
conjunction,kən'dʒʌŋkʃən,,n.接合，连接；连接词,四级
connect,kə'nɛkt,,v.连接，连结；联系,四级
connection,kə'nɛkʃən,,n.连接，联系；连贯性,四级
conquer,'kɑŋkɚ,,v.征服，战胜；破除,四级
conquest,'kɑŋkwɛst,,n.攻取，征服；克服,四级
conscience,ˈkɑːnʃəns,,n.良心，道德心,四级
conscious,'kɑnʃəs,,a.意识到的；有意的,四级
consciousness,'kɑnʃəsnəs,,n.意识，觉悟；知觉,四级
consent,kən'sɛnt,,n.同意，赞成 v.同意,四级
consequence,'kɑnsəkwɛns,,n.结果，后果,四级
consequently,'kɑnsəkwɛntli,,ad.因此，因而，所以,四级
conservation,",kɑnsɚ'veʃən",,n.保存，保护；守恒,四级
conservative,kən'sɝvətɪv,,a.保守的 n.保守的人,四级
consider,kən'sɪdɚ,,v.认为；考虑；关心,四级
considerable,kən'sɪdərəbl,,a.相当大的；重要的,四级
considerate,kənˈsɪdərɪt,,a.考虑周到的；体谅的,四级
consideration,"kən,sɪdə'reʃən",,n.考虑，思考；体贴,四级
consist,kən'sɪst,,v.由…组成；在于,四级
consistent,kən'sɪstənt,,a.坚持的，一贯的,四级
constant,'kɑnstənt,,a.经常的；永恒的,四级
constitution,'kɑnstə'tʊʃən,,n.章程；体质；构造,四级
construct,kən'strʌkt,,v.建造；建设；构筑,四级
construction,kən'strʌkʃən,,n.建造；建筑；建筑物,四级
consult,kən'sʌlt,,v.请教，查阅,四级
consume,kənˈsum,,v.消耗，消费；消灭,四级
consumption,kən'sʌmpʃən,,n.消耗量；消耗,四级
contact,'kɑntækt,,v.使接触；与…联系,四级
contain,kən'ten,,v.包含，容纳；等于,四级
container,kən'tenɚ,,n.容器；集装箱,四级
contemporary,kən'tɛmpərɛri,,a.当代的，同时代的,四级
contempt,kən'tɛmpt,,n.轻蔑；藐视；受辱,四级
content,'kɑntɛnt,,a.满意的，满足的,四级
contest,kən'tɛst,,v.争夺，争取；辩驳,四级
continent,'kɑntɪnənt,,n.大陆；陆地；洲,四级
continual,kən'tɪnjuəl,,a.不断的；连续的,四级
continue,kən'tɪnju,,v.继续，连续；延伸,四级
continuous,kən'tɪnjʊəs,,a.连续不断的，持续的,四级
contract,'kɑntrækt,,n.契约，合同；婚约,四级
contradiction,",kɑntrə'dɪkʃən",,n.矛盾，不一致；否认,四级
contrary,'kɑntrɛri,,a.相反的 n.相反,四级
contrast,'kɑntræst,,n.对比，对照，悬殊,四级
contribute,kən'trɪbjut,,v.捐献，捐助；投稿,四级
control,kən'trol,,v.控制，克制 n.控制,四级
convenience,kən'vinɪəns,,n.便利，方便；厕所,四级
convenient,kən'vinɪənt,,a.便利的；近便的,四级
convention,kən'vɛnʃən,,n.习俗，惯例；公约,四级
conventional,kən'vɛnʃənl,,a.普通的；习惯的,四级
conversation,",kɑnvɚ'seʃən",,n.会话，非正式会谈,四级
conversely,'kɑnvɝsli,,ad.相反地,四级
conversion,kən'vɝʒn,,n.转变，转化；改变,四级
convert,kən'vɝt,,v.使转变；使改变,四级
convey,kən've,,v.传送；运送；传播,四级
convince,kən'vɪns,,v.使确信，使信服,四级
cook,kʊk,,v.烹调，煮 v.烧菜,四级
cool,kul,,a.凉的，冷静的,四级
cooperate,koʊˈɑːpəreɪt,,v.合作，协作；配合,四级
coordinate,ko'ɔrdɪnet,,v.使协调，调节,四级
cope,kop,,v.对付，应付,四级
copper,'kɑpɚ,,n.铜；铜币，铜制器,四级
copy,'kɑpi,,n.抄件 v.抄写，复制,四级
cord,kɔrd,,n.细绳，粗线，索,四级
cordial,'kɔrdʒəl,,a.真诚的，诚恳的,四级
core,kɔr,,n.果实的心，核心,四级
corn,kɔrn,,n.谷物；(英)小麦,四级
corner,'kɔrnɚ,,n.角；犄角；边远地区,四级
corporation,",kɔrpə'reʃən",,n.公司，企业；社团,四级
correct,kə'rɛkt,,a.正确的 v.纠正,四级
correction,kə'rɛkʃən,,n.改正，纠正，修改,四级
correspond,",kɔrə'spɑnd",,v.相符合；相当,四级
correspondent,",kɔrə'spɑndənt",,n.通信者；通讯员,四级
corresponding,",kɔrə'spɑndɪŋ",,a.相应的；符合的,四级
corridor,'kɔrɪdɔr,,n.走廊，回廊，通路,四级
cost,kɔst,,n.价格，代价；成本,四级
costly,'kɔstli,,a.昂贵的；价值高的,四级
cottage,'kɑtɪdʒ,,n.村舍，小屋,四级
cotton,'kɑtn,,n.棉；棉线；棉布,四级
cough,kɔf,,v.咳，咳嗽 n.咳嗽,四级
could,kʊd,,aux.v(can的过去式),四级
council,'kaʊnsl,,n.理事会，委员会,四级
count,kaʊnt,,v.计算 v.数，计数,四级
counter,'kaʊntɚ,,n.柜台；计数器,四级
country,'kʌntri,,n.国家，国土；农村,四级
countryside,'kʌntrɪsaɪd,,n.乡下，农村,四级
county,'kaʊnti,,n.英国的郡，美国的县,四级
couple,'kʌpl,,n.夫妇；(一)对；几个,四级
courage,'kɝrɪdʒ,,n.勇气，胆量，胆识,四级
course,kɔrs,,n.课程；过程；一道菜,四级
court,kɔrt,,n.法院，法庭；庭院,四级
cousin,'kʌzn,,n.堂(或表)兄弟(姐妹),四级
cover,'kʌvɚ,,v.盖，包括 n.盖子,四级
cow,kaʊ,,n.母牛，奶牛；母兽,四级
coward,'kaʊɚd,,n.懦夫；胆怯者,四级
crack,kræk,,n.裂缝，裂纹 v.爆裂,四级
craft,kræft,,n.工艺；手艺，行业,四级
crane,kren,,n.起重机，摄影升降机,四级
crash,kræʃ,,v.碰撞，坠落 n.碰撞,四级
crawl,krɔl,,v.爬，爬行,四级
crazy,'krezi,,a.疯狂的，荒唐的,四级
cream,krim,,n.奶油，乳脂；奶油色,四级
create,krɪ'et,,v.创造；引起，产生,四级
creative,krɪ'etɪv,,a.创造性的，创作的,四级
creature,'kritʃɚ,,n.生物，动物，家畜,四级
credit,'krɛdɪt,,n.信用贷款；信用,四级
creep,krip,,v.爬行；缓慢地行进,四级
crew,krʊ,,n.全体船员,四级
cricket,'krɪkɪt,,n.板球；蟋蟀,四级
crime,kraɪm,,n.罪，罪行；犯罪,四级
criminal,'krɪmɪnl,,n.犯人，罪犯，刑事犯,四级
cripple,'krɪpl,,n.跛子；残废的人,四级
crisis,'kraɪsɪs,,n.危机；存亡之际,四级
critic,'krɪtɪk,,n.批评家，爱挑剔的人,四级
critical,'krɪtɪkl,,a.决定性的；批评的,四级
criticism,'krɪtə'sɪzəm,,n.批评；批判；评论,四级
criticize,'krɪtə'saɪz,,v.批评；评论；非难,四级
crop,krɑp,,n.农作物，庄稼；一熟,四级
cross,krɔs,,v.穿过；使交叉,四级
crow,kro,,n.鸦，乌鸦 v.啼,四级
crowd,kraʊd,,n.群；大众；一伙人,四级
crown,kraʊn,,n.王冠，冕；花冠,四级
crude,krud,,a.简陋的；天然的,四级
cruel,'kruəl,,a.残忍的，残酷的,四级
crush,krʌʃ,,v.压碎，碾碎；镇压,四级
crust,krʌst,,n.面包皮；硬外皮,四级
cry,kraɪ,,v.哭，哭泣；叫喊,四级
crystal,'krɪstl,,n.水晶，结晶体；晶粒,四级
cube,kjʊb,,n.立方形；立方,四级
cubic,'kjubɪk,,a.立方形的；立方的,四级
cucumber,"'kjʊ,kʌmbɚ",,n.黄瓜,四级
cultivate,'kʌltɪvet,,v.耕；种植；培养,四级
culture,'kʌltʃɚ,,n.文化，文明；教养,四级
cunning,'kʌnɪŋ,,a.狡猾的，狡诈的,四级
cup,kʌp,,n.杯子；(一)杯；奖杯,四级
cupboard,'kʌbɚd,,n.碗柜，碗碟橱；食橱,四级
cure,kjʊr,,v.医治；消除 n.治愈,四级
curiosity,",kjʊrɪ'ɑsəti",,n.好奇，好奇心；珍品,四级
curious,'kjʊrɪəs,,a.好奇的；稀奇古怪的,四级
curl,kɝl,,n.卷毛；螺旋 v.卷曲,四级
current,kɝ​ənt,,a.当前的；通用的,四级
curse,kɝs,,n.诅咒，咒骂；天谴,四级
curtain,'kɝtn,,n.帘，窗帘；幕(布),四级
curve,kɝv,,n.曲线；弯 v.弄弯,四级
cushion,'kʊʃən,,n.垫子，坐垫，靠垫,四级
custom,'kʌstəm,,n.习惯，风俗；海关,四级
customer,'kʌstəmɚ,,n.顾客，主顾,四级
cut,kʌt,,v.切，割，剪；减少,四级
cycle,'saɪkl,,n.n自行车，循环,四级
daily,'delɪ,,a.每日的 n.日报,四级
dairy,'dɛri,,n.牛奶场；乳制品,四级
dam,dæm,,n.水坝，水堤；障碍物,四级
damage,'dæmɪdʒ,,v.损害，毁坏 n.损害,四级
damp,dæmp,,a.潮湿的，有湿气的,四级
dance,dæns,,v.跳舞；摇晃 n.舞,四级
danger,'dendʒɚ,,n.危险；危险事物,四级
dangerous,'dendʒərəs,,a.危险的，不安全的,四级
dare,dɛr,,vt&aux.v敢；竟敢,四级
daring,'dɛrɪŋ,,a.大胆的，勇敢的,四级
dark,dɑrk,,a.暗的；黑色的,四级
darling,'dɑrlɪŋ,,n.亲爱的人；宠儿,四级
dash,dæʃ,,v.使猛撞；溅 n.猛冲,四级
data,'detə,,n.数据; n.资料,四级
date,det,,n.日期 v.注…日期,四级
daughter,'dɔtɚ,,n.女儿,四级
dawn,dɔn,,n.黎明；开端 v.破晓,四级
day,de,,n.(一)天，白昼，白天,四级
daylight,'delaɪt,,n.白昼，日光；黎明,四级
dead,dɛd,,a.死的，无生命的,四级
deadly,'dɛdli,,a.致命的，死一般的,四级
deaf,dɛf,,a.聋的；不愿听的,四级
deal,dil,,n.买卖；待遇 v.给予,四级
dear,dɪr,,a.亲爱的 int.啊,四级
death,dɛθ,,n.死，死亡；灭亡,四级
debate,dɪ'bet,,n&vi.争论，辩论,四级
debt,dɛt,,n.债，债务，欠债,四级
decade,'dɛked,,n.十年，十年期,四级
decay,dɪ'ke,,v.腐烂；衰败 n.腐烂,四级
deceit,dɪ'sit,,n.欺骗，欺诈,四级
deceive,dɪ'siv,,v.欺骗，蒙蔽，行骗,四级
December,dɪ'sɛmbɚ,,n.十二月,四级
decent,'disnt,,a.正派的；体面的,四级
decide,dɪ'saɪd,,v.决定，决心；解决,四级
decision,dɪ'sɪʒn,,n.决定，决心；果断,四级
deck,dɛk,,n.甲板；舱面；层面,四级
declare,dɪ'klɛr,,v.断言；声明；表明,四级
decorate,'dɛkəret,,v.装饰，装璜，修饰,四级
decrease,dɪ'kris,,vi&n.减少，减少,四级
deduce,dɪ'dʊs,,v.演绎，推论，推断,四级
deed,did,,n.行为；功绩；契约,四级
deep,dip,,a.深的；纵深的,四级
deepen,,,vt.加深 vi.深化,四级
deer,dɪr,,n.鹿,四级
defeat,dɪ'fit,,v.战胜，击败；挫败,四级
defect,‘dɪfɛkt,,n.缺点，缺陷，欠缺,四级
defence,di'fens,,n.防御；防务；辩护,四级
defend,dɪ'fɛnd,,v.保卫，防守,四级
define,dɪ'faɪn,,v.给…下定义；限定,四级
definite,'dɛfɪnət,,a.明确的；肯定的,四级
definitely,'dɛfɪnətli,,ad.一定地，明确地,四级
definition,",dɛfɪ'nɪʃən",,n.定义，释义；定界,四级
degree,,,n.程度；度；学位,四级
delay,dɪ'le,,v.推迟；耽搁；延误,四级
delegation,",dɛlɪ'ɡeʃən",,n.代表团,四级
delete,dɪ'lit,,v.删除；擦掉,四级
delicate,ˈdɛlɪkɪt,,a.纤细的；易碎的,四级
delicious,dɪ'lɪʃəs,,a.美味的，怡人的,四级
delight,dɪ'laɪt,,n.快乐 v.使高兴,四级
deliver,dɪ'lɪvɚ,,v.投递，送交；发表,四级
delivery,dɪ'lɪvəri,,n.投递；交付；分娩,四级
demand,dɪ'mænd,,v.要求；需要；询问,四级
democracy,dɪˈmɑkrəsi,,n.民主，民主制,四级
democratic,'dɛmə'krætɪk,,a.民主的，民主政体的,四级
demonstrate,'dɛmən'stret,,v.说明；论证；表露,四级
dense,dɛns,,a.密集的；浓厚的,四级
density,'dɛnsəti,,n.密集，稠密；密度,四级
deny,dɪ'nai,,v.否定；拒绝相信,四级
depart,dɪ'pɑrt,,v.离开，起程；出发,四级
department,dɪ'pɑrtmənt,,n.部，司，局，处，系,四级
departure,dɪ'pɑrtʃɚ,,n.离开，出发，起程,四级
depend,dɪ'pɛnd,,v.依靠，依赖；相信,四级
dependent,dɪ'pɛndənt,,a.依靠的，依赖的,四级
deposit,dɪ'pɑzɪt,,v.使沉淀；存放,四级
depress,dɪ'prɛs,,v.使沮丧；按下,四级
depth,dɛpθ,,n.深度；深厚；深处,四级
derive,dɪ'raɪv,,v.取得 v.起源,四级
descend,dɪ'sɛnd,,v.下来，下降；下倾,四级
describe,dɪ'skraɪb,,v.形容；描写，描绘,四级
description,dɪ'skrɪpʃən,,n.描写，形容；种类,四级
desert,(for v.) dɪˈzɝ​t; (for n.) 'dɛzɚt,,n.沙漠 v.离弃；擅离,四级
deserve,dɪ'zɝv,,v.应受，值得,四级
design,dɪ'zaɪn,,v.设计 n.设计；图样,四级
desirable,dɪ'zaɪərəbl,,a.值得相望的；可取的,四级
desire,dɪ'zaɪɚ,,v.相望；要求 n.愿望,四级
desk,,,n.书桌，办公桌,四级
despair,dɪ'spɛr,,n.绝望 v.绝望,四级
desperate,'dɛspərət,,a.拼死的；绝望的,四级
despise,dɪ'spaɪz,,v.鄙视，蔑视,四级
despite,dɪ'spaɪt,,prep.不管，不顾,四级
destination,",dɛstɪ'neʃən",,n.目的地，终点；目标,四级
destroy,dɪ'strɔɪ,,v.破坏；消灭；打破,四级
destruction,dɪ'strʌkʃən,,n.破坏，毁灭，消灭,四级
detail,'ditel,,n.细节；枝节；零件,四级
detect,dɪ'tɛkt,,v.察觉，发觉；侦察,四级
detection,,,n.察觉，发觉；侦察,四级
determination,dɪˌtɜːrmɪˈneɪʃn,,n.决心；决定；确定,四级
determine,dɪ'tɝmɪn,,v.决定；查明；决心,四级
develop,dɪ'vɛləp,,v.发展；形成；开发,四级
development,dɪ'vɛləpmənt,,n.发展；开发；生长,四级
device,,,n.器械，装置；设计,四级
devil,'dɛvl,,n.魔鬼，恶魔,四级
devise,dɪ'vaɪz,,v.设计，发明,四级
devote,dɪ'vot,,v.将…奉献，致力于,四级
dew,du,,n.露，露水,四级
diagram,'daɪəɡræm,,n.图解，图表，简图,四级
dial,'daɪəl,,n.钟面；拨号盘 v.拨,四级
dialect,'daɪə'lɛkt,,n.方言，土语，地方话,四级
dialog,"'daɪə,lɑg",,n.对话，对白,四级
diameter,daɪ'æmɪtɚ,,n.直径,四级
diamond,'daɪəmənd,,n.金钢石，钻石；菱形,四级
diary,'daɪəri,,n.日记，日记簿,四级
dictate,'dɪktet,,vt&vi.口授；命令,四级
dictation,dɪk'teʃən,,n.口授笔录，听写,四级
dictionary,'dɪkʃə'nɛri,,n.词典，字典,四级
die,daɪ,,v.死，死亡；灭亡,四级
differ,'dɪfɚ,,v.不同，相异,四级
difference,'dɪfrəns,,n.差别；差；分歧,四级
different,'dɪfrənt,,a.差异的；各种的,四级
difficult,'dɪfɪkəlt,,a.困难的；难对付的,四级
difficulty,'dɪfɪkəlti,,a.困难；难事；困境,四级
dig,dɪɡ,,v.掘，挖；采掘,四级
digest,daɪ'dʒɛst,,v.消化；领会 n.文摘,四级
digital,'dɪdʒɪtl,,a.数字的，计数的,四级
diligent,'dɪlɪdʒənt,,a.勤勉的，勤奋的,四级
dim,dɪm,,a.昏暗的；朦胧的,四级
dimension,dɪ'mɛnʃ(ə)n; daɪ-,,n.尺寸，尺度；面积,四级
dinner,'dɪnɚ,,n.正餐，主餐；宴会,四级
dip,dɪp,,v.浸，蘸 v.浸一浸,四级
direct,dɪˈrɛkt; daɪˈrɛkt,,a.直接的；直率的,四级
direction,,,n.方向，方位；指导,四级
directly,dəˈrektli,,ad.直接地；立即,四级
director,dɪˈrɛktɚ; daɪˈrɛktɚ,,n.指导者；理事；导演,四级
dirt,dɝt,,n.尘，土；污物，污垢,四级
dirty,ˈdɝ​tɪ,,a.脏的；下流的,四级
disable,dɪs'ebl,,v.使无能，使伤残,四级
disadvantage,",dɪsəd'væntɪdʒ",,n.不利，不利地位,四级
disagree,",dɪsə'ɡri",,v.有分歧；不一致,四级
disappear,'dɪsə'pɪr,,v.不见，失踪；消失,四级
disappoint,'dɪsə'pɔɪnt,,v.使失望，使受挫折,四级
disaster,dɪ'zæstɚ,,n.灾难，灾祸；天灾,四级
discard,dɪsˈkɑːrd,,v.丢弃，抛弃，遗弃,四级
discharge,dɪs'tʃɑrdʒ,,v.释放；排出 n.释放,四级
discipline,'dɪsəplɪn,,n.纪律；训练 v.训练,四级
disclose,dɪs'kloz,,v.揭开，揭发；透露,四级
discourage,dɪs'kɝɪdʒ,,v.使泄气，使灰心,四级
discover,dɪ'skʌvɚ,,v.发现；暴露，显示,四级
discovery,dɪ'skʌvəri,,n.发现；被发现的事物,四级
discuss,dɪ'skʌs,,v.讨论，谈论；论述,四级
discussion,dɪ'skʌʃən,,n.讨论，谈论；论述,四级
disease,dɪ'ziz,,n.病，疾病；病害,四级
disguise,dɪs'ɡaɪz,,v.隐瞒，掩埋 n.假装,四级
disgust,dɪs'ɡʌst,,n.厌恶，憎恶,四级
dish,dɪʃ,,n.碟，盘子；菜肴,四级
dishonour,dɪs'ɑnɚ,,n.不光彩；丢脸的人,四级
disk,dɪsk,,n.圆盘，唱片；磁盘,四级
dislike,dɪs'laɪk,,vt&n.不喜爱，厌恶,四级
dismiss,dɪs'mɪs,,v.不再考虑；解雇,四级
disorder,,,n.混乱，杂乱；骚乱,四级
display,dɪ'sple,,v.陈列，展览；显示,四级
displease,dɪs'pliz,,v.使不愉快，使生气,四级
disposal,dɪ'spozl,,n.丢掉，处理，销毁,四级
dispose,dɪ'spoz,,v.去掉，丢掉；销毁,四级
dispute,'dɪs'pjʊt,,v.争论，争执 n.争论,四级
dissatisfy,"dɪs'sætɪs,fai",,v.使不满，使不平,四级
dissolve,dɪ'zɑlv,,v.使溶解；解散,四级
distance,'dɪstəns,,n.距离，间距；远处,四级
distant,'dɪstənt,,a.在远处的，疏远的,四级
distinct,dɪ'stɪŋkt,,a.与其它不同的,四级
distinction,dɪ'stɪŋkʃən,,n.差别，不同，区分,四级
distinguish,dɪ'stɪŋɡwɪʃ,,v.区别，辨别，认别,四级
distress,dɪ'strɛs,,n.忧虑，悲伤；不幸,四级
distribute,dɪ'strɪbjut,,v.分发，分送；分布,四级
distribution,'dɪstrə'bjʊʃən,,n.分发，分配；分布,四级
district,'dɪstrɪkt,,n.区；地区，区域,四级
disturb,dɪ'stɝb,,v.打扰，扰乱；弄乱,四级
ditch,dɪtʃ,,n.沟，沟渠，渠道,四级
dive,daɪv,,v.跳水；潜水；俯冲,四级
diverse,daɪ'vɝs,,a.不一样的，相异的,四级
divide,dɪ'vaɪd,,v.分；分配；分开,四级
division,də'vɪʒən,,n.分，分配；除法,四级
divorce,,,n.离婚，离异 vi.离婚,四级
do,du,,aux.v v.做，干，办,四级
dock,dɑk,,n.船坞；码头；船厂,四级
doctor,'dɑktɚ,,n.医生，医师；博士,四级
document,dɑkjəmənt,,n.公文，文件；证件,四级
dog,dɔɡ,,n.狗，犬，犬科动物,四级
dollar,'dɑlɚ,,n.元(货币单位),四级
domestic,də'mɛstɪk,,a.本国的；家庭的,四级
donkey,'dɔŋki,,n.驴；笨蛋,四级
door,dɔr,,n.门，通道；一家,四级
dorm,dɔrm,,n.宿舍,四级
dormitory,'dɔrmətɔri,,n.集体寝室；宿舍,四级
dose,dos,,n.剂量，用量；一剂,四级
dot,dɑt,,n.点，圆点 v.打点于,四级
double,'dʌbl,,a.两倍的；双的,四级
doubt,daʊt,,n.怀疑；疑虑 v.怀疑,四级
doubtful,'daʊtfəl,,a.难以预测的；怀疑的,四级
doubtless,'daʊtləs,,ad.无疑地；很可能,四级
down,daʊn,,ad.向下，在下面,四级
downstairs,'daʊn'stɛrz,,ad.在楼下 a.楼下的,四级
downward,'daʊnwɚd,,a.向下的 ad.向下地,四级
dozen,'dʌzn,,n.一打，十二个,四级
draft,dræft,,n.草稿；汇票 v.起草,四级
drag,dræg,,v.拖，拉；拖曳,四级
dragon,'dræɡən,,n.龙；凶暴的人,四级
drain,dren,,v.排去；放水 n.耗竭,四级
drama,,,n.一出戏剧，剧本,四级
dramatic,drə'mætɪk,,a.引人注目的，戏剧的,四级
draw,drɔ,,v.画，划；拖；拨出,四级
drawer,drɔr,,n.抽屉,四级
drawing,'drɔɪŋ,,n.图画，素描；绘图,四级
dread,drɛd,,n.畏惧；恐怖 v.惧怕,四级
dream,drim,,n.梦；梦想 v.做梦,四级
dress,drɛs,,n.女服，童装；服装,四级
drift,drɪft,,v.漂流，漂泊 n.漂流,四级
drill,drɪl,,n.钻头；操练 v.钻孔,四级
drink,drɪŋk,,v.饮 v.喝 n.饮料,四级
drip,drɪp,,v.滴下；漏水 n.水滴,四级
drive,draɪv,,v.驾驶；打入；驱,四级
driver,'draɪvɚ,,n.驾驶员，司机,四级
drop,drɑp,,v.使落下；降低,四级
drought,draʊt,,n.旱灾，干旱,四级
drown,draʊn,,v.淹死，溺死,四级
drug,drʌg,,n.药，药物，药材,四级
drum,drʌm,,n.鼓；鼓状物，圆桶,四级
drunk,drʌŋk,,a.醉的；陶醉的,四级
dry,draɪ,,a.干的，干燥的,四级
duck,dʌk,,n.鸭，雌鸭；鸭肉,四级
due,du,,a.预期的；应给的,四级
dull,dʌl,,a.枯燥的；不鲜明的,四级
dumb,dʌm,,a.哑的；无言的,四级
dump,dʌmp,,v.倾卸，倾倒；倾销,四级
durable,'dʊrəbl,,a.耐久的，耐用的,四级
duration,du'reʃən,,n.持续，持久,四级
during,'dʊrɪŋ,,prep.在…期间,四级
dusk,dʌsk,,n.薄暮，黄昏，幽暗,四级
dust,dʌst,,n.尘土，灰尘,四级
duty,'dʊti,,n.职责；责任；税,四级
dwelling,'dwɛlɪŋ,,n.住处，寓所,四级
dye,daɪ,,v.染 n.染料；染色,四级
dying,'daɪɪŋ,,a.垂死的；临终的,四级
dynamic,daɪ'næmɪk,,a.有活力的；动力的,四级
each,itʃ,,pron.各，各自 a.各,四级
eager,'igɚ,,a.渴望的，热切的,四级
eagle,'igl,,n.鹰,四级
ear,ɪr,,n.耳朵；听力，听觉,四级
early,'ɝli,,ad.早 a.早的，早期的,四级
earn,ɝn,,v.赚得，挣得；获得,四级
earnest,'ɜːnɪst,,a.认真的，诚恳的,四级
earth,ɝθ,,n.地球；陆地，地面,四级
earthquake,'ɝθ'kwek,,n.地震；大震荡,四级
ease,iz,,n.容易，舒适 v.缓和,四级
easily,'izəli,,ad.容易地；舒适的,四级
east,ist,,n.东；东部 ad.在东方,四级
eastern,'istɚn,,a.东方的；朝东的,四级
easy,'izi,,a.容易的；安逸的,四级
eat,it,,v.吃，喝 v.吃饭,四级
echo,'ɛko,,n.回声，反响 v.重复,四级
economic,"ˌikəˈnɑmɪk, ˌɛkəˈ-nɑmɪk",,a.经济的，经济学的,四级
economical,",ɛkə'nɑmɪkl",,a.节约的；经济学的,四级
economy,ɪ'kɑnəmi,,n.经济；节约，节省,四级
edge,ɛdʒ,,n.边缘，边；刀口,四级
edition,ɪ'dɪʃən,,n.版，版本，版次,四级
editor,'ɛdɪtɚ,,n.编辑，编者，校订者,四级
educate,'ɛdʒuket,,v.教育；培养；训练,四级
education,",ɛdʒu'keʃən",,n.教育；训导；教育学,四级
effect,ɪ'fɛkt,,n.结果；效果，效力,四级
effective,ɪ'fɛktɪv,,a.有效的；有影响的,四级
efficiency,ɪ'fɪʃənsi,,n.效率；功效，效能,四级
efficient,ɪ'fɪʃnt,,a.效率高的，有能力的,四级
effort,'ɛfɚt,,n.努力；努力的成果,四级
egg,ɛɡ,,n.蛋，鸡蛋，卵,四级
eight,et,,num.八，八个，第八,四级
eighteen,",e'tin",,num.十八，十八个,四级
eighth,etθ,,num.第八 n.八分之一,四级
eighty,ˈeti,,num.八十，八十个,四级
either,'iðɚ,,pron.(两者)任何一个,四级
elaborate,ɪ'læbəret,,a.复杂的；精心制作的,四级
elastic,ɪ'læstɪk,,n.松紧带 a.有弹性的,四级
elbow,'ɛlbo,,n.肘，肘部；弯管,四级
elder,'ɛldɚ,,a.年龄较大的 n.长者,四级
elect,ɪ'lɛkt,,v.选举，推选；选择,四级
election,ɪ'lɛkʃən,,n.选举，选择权；当选,四级
electric,ɪ'lɛktrɪk,,a.电的，电动的,四级
electrical,ɪ'lɛktrɪkl,,a.电的，电气科学的,四级
electricity,ɪ'lɛk'trɪsəti,,n.电，电学；电流,四级
electron,ɪ'lɛktrɑn,,n.电子,四级
electronic,ɪˌlekˈtrɑːnɪk,,a.电子的,四级
electronics,"ɪ,lɛk'trɑnɪks",,n.电子学,四级
element,'ɛləmənt,,n.成分；要素；元素,四级
elementary,",ɛlɪ'mɛntri",,a.基本的；初级的,四级
elephant,'ɛlɪfənt,,n.象,四级
elevator,'ɛlɪvetɚ,,n.电梯；升降机,四级
eleven,ɪ'lɛvn,,num.十一，十一个,四级
eleventh,ɪ'lɛvnθ,,num.第十一(个),四级
eliminate,ɪ'lɪmɪnet,,v.消灭，消除，排除,四级
elimination,"ɪ,lɪmə'neʃən",,n.消灭，排除，消除,四级
else,ɛls,,ad.其它，另外 a.别的,四级
elsewhere,els'weə; 'elsweə,,ad.在别处，向别处,四级
embarrass,ɪm'bærəs,,v.使窘迫，使为难,四级
embrace,ɪm'bres,,v.拥抱；包括；包围,四级
emerge,ɪ'mɝdʒ,,v.出现，涌现；冒出,四级
emergency,ɪ'mɝdʒənsi,,n.紧急情况，突然事件,四级
emit,ɪ'mɪt,,v.散发；发射；发表,四级
emotion,ɪ'moʃən,,n.情感，感情；激动,四级
emotional,ɪ'moʃənl,,a.感情的，情绪的,四级
emperor,'ɛmpərɚ,,n.皇帝,四级
emphasis,'ɛmfəsɪs,,n.强调，重点，重要性,四级
emphasize,'ɛmfəsaɪz,,v.强调，着重,四级
empire,'ɛmpaɪr,,n.帝国,四级
employ,ɪm'plɔɪ,,v.雇用；用；使忙于,四级
employee,ɪm'plɔɪi,,n.受雇者，雇员，雇工,四级
employer,ɪm'plɔɪɚ,,n.雇佣者，雇主,四级
employment,ɪm'plɔɪmənt,,n.工业；雇用；使用,四级
empty,ˈɛmptɪ,,a.空的；空洞的,四级
enable,ɪ'nebl,,v.使能够，使可能,四级
enclose,ɪn'kloz,,v.围住，圈起；附上,四级
encounter,ɪn'kaʊntɚ,,v.遭遇，遇到 n.遭遇,四级
encourage,ɪn'kɝrɪdʒ,,v.鼓励，支持，助长,四级
end,ɛnd,,n.末端；目标 v.结束,四级
ending,'ɛndɪŋ,,n.结尾，结局；死亡,四级
endless,'ɛndləs,,a.无止境的,四级
endure,ɪn'dʊr,,v.忍受；容忍,四级
enemy,'ɛnəmi,,n.敌人；仇敌；敌兵,四级
energy,'ɛnɚdʒi,,n.活力；精力；能,四级
enforce,ɪn'fɔrs,,v.实施，执行；强制,四级
engage,ɪn'ɡedʒ,,v.使从事于；聘用,四级
engine,'ɛndʒɪn,,n.发动机，引擎；机车,四级
engineer,",ɛndʒɪ'nɪr",,n.工程师，技师,四级
engineering,'ɛndʒə'nɪrɪŋ,,n.工程，工程学,四级
England,'iŋɡlənd,,n.英格兰；英国,四级
English,ɪŋɡlɪʃ,,n.英语 a.英国人的,四级
Englishman,'iŋɡliʃmən,,n.英国男子,四级
enjoy,ɪn'dʒɔɪ,,v.享受；欣赏，喜爱,四级
enlarge,ɪn'lɑrdʒ,,v.扩大，扩展；放大,四级
enormous,ɪ'nɔrməs,,a.巨大的，庞大的,四级
enough,ɪ'nʌf,,a.足够的 ad.足够地,四级
ensure,ɪn'ʃʊr,,v.保证；保护；赋予,四级
enter,'ɛntɚ,,v.走进，进入；参加,四级
entertain,",ɛntɚ'ten",,v.使欢乐；招待,四级
enthusiasm,ɪn'θuzɪæzəm,,n.热情，热心，热忱,四级
enthusiastic,"ɪn,θuzɪ'æstɪk",,a.热情的，热心的,四级
entire,ɪn'taɪɚ,,a.全部的，整个的,四级
entitle,ɪn'taɪtl,,v.给…权利(或资格),四级
entrance,'ɛntrəns,,n.入口，门口；进入,四级
entry,'ɛntri,,n.入口处；登记；进入,四级
envelope,'envələʊp; 'ɒn-,,n.信封；封套；封皮,四级
environment,ɪn'vaɪrənmənt,,n.环境，外界；围绕,四级
envy,'ɛnvi,,vt&n.妒忌；羡慕,四级
equal,'ikwəl,,a.相等的；平等的,四级
equality,ɪ'kwɑləti,,n.等同，平等；相等,四级
equation,ɪ'kweʒn,,n.方程(式)；等式,四级
equip,ɪ'kwɪp,,v.装备，配备,四级
equipment,ɪ'kwɪpmənt,,n.装备，设备，配备,四级
equivalent,ɪ'kwɪvələnt,,a.相等的；等量的,四级
era,'ɪrə,,n.时代，年代；纪元,四级
erect,ɪ'rɛkt,,v.建造；使竖立,四级
error,'ɛrɚ,,n.错误，谬误；差错,四级
escape,ɪˈskep,,v.逃跑；逸出 n.逃跑,四级
especially,ɪ'spɛʃəli,,ad.特别，尤其，格外,四级
essay,'ɛse,,n.短文，散文，小品文,四级
essential,ɪ'sɛnʃl,,a.必要的，本质的,四级
establish,ɪˈstæblɪʃ,,v.建立，设立；确立,四级
establishment,ɪ'stæblɪʃmənt,,n.建立，设立，确立,四级
estimate,"'ɛstə,met",,v.估计，评价 n.估计,四级
Europe,'jʊrəp,,n.欧洲,四级
European,'jʊrə'piən,,a.欧洲的 n.欧洲人,四级
evaluate,ɪ'væljʊ'et,,v.评价，估…的价,四级
evaporate,ɪ'væpəret,,v.使蒸发 v.蒸发,四级
eve,iːv,,n.前夜，前夕，前一刻,四级
even,'ivən,,ad.甚至；甚至更，还,四级
evening,'ivnɪŋ,,n.傍晚，黄昏，晚上,四级
event,ɪ'vɛnt,,n.事件，大事；事变,四级
eventually,ɪ'vɛntʃuəli,,ad.终于；最后,四级
ever,'ɛvɚ,,ad.在任何时候；曾经,四级
every,'ɛvri,,a.每一的；每隔…的,四级
everybody,'ɛvrɪbɑdi,,pron.每人，人人,四级
everyday,'ɛvrɪde,,a.每天的，日常的,四级
everyone,'ɛvrɪwʌn,,pron.每人，人人,四级
everything,'ɛvrɪ'θɪŋ,,pron.每件事，事事,四级
everywhere,'ɛvrɪwɛr,,ad.到处，处处,四级
evidence,'ɛvɪdəns,,n.根据；证据，证人,四级
evident,'ɛvɪdənt,,a.明显的，明白的,四级
evil,'ivl,,n.邪恶；祸害 a.坏的,四级
evolution,ˌɛvəˈluʃən; (occas.) ˌ ivəˈluʃən,,n.进化，演化；发展,四级
evolve,ɪ'vɑlv,,v.使进化；使发展,四级
exact,ɪɡ'zækt,,a.确切的；精确的,四级
exactly,ɪɡ'zæktli,,ad.确切地；恰恰正是,四级
exaggerate,ɪɡ'zædʒəret,,vt&vi.夸大，夸张,四级
exam,ɪg'zæm,,n.考试；检查，细查,四级
examination,ɪg'zæmə'neʃən,,n.考试；检查，细查,四级
examine,ɪg'zæmɪn,,v.检查，仔细观察,四级
example,ɪg'zæmpl,,n.例子，实例；模范,四级
exceed,ɪk'sid,,v.超过，胜过；超出,四级
exceedingly,ɪk'sidɪŋli,,ad.极端地，非常,四级
excellent,'ɛksələnt,,a.优秀的，杰出的,四级
except,ɪk'sɛpt,,prep.除…之外,四级
exception,ɪk'sɛpʃən,,n.例外，除外,四级
excess,'ɛk'sɛs,,n.超越；过量；过度,四级
excessive,ɪkˈsɛsɪv,,a.过多的，极度的,四级
exchange,ɪks'tʃendʒ,,v.交换；交流 n.交换,四级
excite,ɪk'saɪt,,v.使激动；引起,四级
exciting,ɪk'saɪtɪŋ,,a.令人兴奋的,四级
exclaim,ɪk'sklem,,v.呼喊；惊叫,四级
exclude,ɪk'sklʊd,,v.把…排除在外,四级
exclusively,ɪk'sklʊsɪvli,,ad.专门地,四级
excursion,ɪk'skɝʒn,,n.远足；短途旅行,四级
excuse,ɪk'skjʊs,,v.原谅；免除 n.借口,四级
execute,'ɛksɪkjut,,v.将…处死；实施,四级
executive,ɪɡ'zɛkjətɪv,,a.执行的 n.执行者,四级
exercise,'ɛksɚsaɪz,,n.锻炼，训练 v.练习,四级
exert,ɪɡ'zɝt,,v.尽(力)，运用,四级
exhaust,ɪɡ'zɔst,,v.使筋疲力尽；用尽,四级
exhibit,ɪɡ'zɪbɪt,,v.显示；陈列，展览,四级
exhibition,",ɛksɪ'bɪʃən",,n.展览，陈列；展览会,四级
exist,ɪɡ'zɪst,,v.存在；生存，生活,四级
existence,ɪɡ'zɪstəns,,n.存在，实在；生存,四级
exit,'ɛɡzɪt,,n.出口；退场 v.退出,四级
expand,ɪk'spænd,,v.扩大；使膨胀,四级
expansion,ɪk'spænʃən,,n.扩大，扩充；扩张,四级
expect,ɪk'spɛkt,,v.预料，预期；等待,四级
expectation,",ɛkspɛk'teʃən",,n.期待，期望，预期,四级
expense,ɪk'spɛns,,n.花费，消费；费用,四级
expensive,ɪk'spɛnsɪv,,a.昂贵的，花钱多的,四级
experience,ɪk'spɪrɪəns,,n.经验，感受；经历,四级
experiment,ɪk'sperɪmənt,,n.实验；试验,四级
experimental,ɛk'spɛrɪ'mɛntəl,,a.实验的，试验的,四级
expert,"'ɛkspɝt; (for adj., also) ɛksˈpɝt ; ɪkˈspɝt",,n.专家 a.熟练的,四级
explain,ɪk'splen,,v.解释；为…辩解,四级
explanation,",ɛksplə'neʃən",,n.解释，说明；辩解,四级
explode,ɪk'splod,,v.使爆炸 v.爆炸,四级
exploit,ɪk'splɔɪt,,v.剥削；利用；开拓,四级
explore,ɪk'splɔr,,vt&vi.探险，探索,四级
explosion,ɪk'sploʒən,,n.爆炸，爆发，炸裂,四级
explosive,ɪk'splosɪv; ɪk'splozɪv,,n.炸药 a.爆炸的,四级
export,ˈekspɔːrt；ɪkˈ-,,v.输出，出口；运走,四级
expose,ɪk'spoz；ek-,,v.使暴露；揭露,四级
exposure,ɪk'spoʒɚ,,n.暴露；揭露；曝光,四级
express,ɪk'sprɛs,,v.表示 n.快车，快递,四级
expression,ɪk'sprɛʃən,,n.词句；表达；表情,四级
extend,ɪk'stɛnd,,v.延长；扩大；致,四级
extension,ɪk'stɛnʃən,,n.延长部分；伸展,四级
extensive,ɪk'stɛnsɪv,,a.广阔的；广泛的,四级
extent,,,n.广度；范围；程度,四级
exterior,ɪk'stɪrɪɚ,,a.外部的；对外的,四级
external,ɪk'stɝnl,,a.外部的，外面的,四级
extra,'ɛkstrə,,a.额外的 ad.特别地,四级
extraordinary,ɛkˈstrɔrdənˌɛri; ɪkˈstrɔrdəˌnɛri; ˌɛkstrəˈɔrdəˌnɛri,,a.非同寻常的，特别的,四级
extreme,ɪk'strim,,a.极度的；尽头的,四级
extremely,ɪk'strimli,,ad.极端，极其，非常,四级
eye,aɪ,,n.眼睛；眼力；鉴赏力,四级
eyesight,'aɪsaɪt,,n.视力，目力,四级
fable,'febl,,n.寓言；虚构的故事,四级
fabric,'fæbrɪk,,n.织物，纺织品；结构,四级
face,fes,,n.脸；表面；外表,四级
facility,fə'sɪləti,,n.设备；容易；便利,四级
fact,fækt,,n.事实；实际，实情,四级
factor,'fæktɚ,,n.因素；因子，系数,四级
factory,'fæktri,,n.工厂，制造厂,四级
faculty,'fæklti,,n.才能，能力；系，科,四级
fade,fed,,v.褪色；逐渐消失,四级
Fahrenheit,'færən'haɪt,,n.华氏温度计,四级
fail,fel,,v.失败；失灵；不能,四级
failure,'feljɚ,,n.失败；失败的人,四级
faint,fent,,a.微弱的；虚弱的,四级
fair,fɛr,,a.公平的；相当的,四级
fairly,'fɛrli,,ad.相当；公平地,四级
faith,feθ,,n.信任，信心；信仰,四级
faithful,'feθfəl,,a.忠诚的；如实的,四级
fall,fɔl,,v.落下；跌倒；陷落,四级
FALSE,fɔls,,a.不真实的；伪造的,四级
fame,fem,,n.名声，名望,四级
familiar,fə'mɪljɚ,,a.熟悉的；冒昧的,四级
family,'fæməli,,n.家，家庭；家族,四级
famine,'fæmɪn,,n.饥荒；严重的缺乏,四级
famous,'feməs,,a.著名的，出名的,四级
fan,fæn,,n.(运动等)狂热爱好者,四级
fancy,'fænsi,,n.想象力；设想；爱好,四级
far,fɑr,,a.远的 ad.远，遥远,四级
fare,fɛr,,n.车费，船费，票价,四级
farewell,",fɛr'wɛl",,int.再会 n.告别,四级
farm,fɑrm,,n.农场，农庄；饲养场,四级
farmer,'fɑmɚ,,n.农民，农夫；农场主,四级
farther,'fɑrðɚ,,ad.更远地 a.更远的,四级
fashion,'fæʃən,,n.样子，方式；风尚,四级
fashionable,'fæʃnəbl,,a.流行的，时髦的,四级
fast,fæst,,a.快的；偏快的 ad.快,四级
fasten,'fæsən,,v.扎牢，扣住,四级
fatal,'fetl,,a.致命的；命运的,四级
fate,fet,,n.命运，天数,四级
father,'fɑðɚ,,n.父亲；神父；创始人,四级
fatigue,fə'tig,,n.疲劳，劳累,四级
fault,fɔlt,,n.缺点；过失；故障,四级
faulty,'fɔlti,,a.有错误的，有缺点的,四级
favour,ˈfevɚ,,n.好感；赞同；恩惠,四级
favourable,'feivərəbl,,a.有利的；赞成的,四级
favourite,'fevərɪt,,a.特别受喜爱的,四级
fear,fɪr,,n.害怕；担心 v.害怕,四级
fearful,'fɪrfəl,,a.害怕的，可怕的,四级
feasible,'fizəbl,,a.可行的；可能的,四级
feast,fist,,n.盛宴，筵席；节日,四级
feather,'fɛðɚ,,n.羽毛；翎毛；羽状物,四级
feature,'fitʃɚ,,n.特征，特色；面貌,四级
February,'fɛbrʊ'ɛri,,n.二月,四级
federal,'fɛdərəl,,a.联邦的；联盟的,四级
fee,fi,,n.费，酬金；赏金,四级
feeble,'fibl,,a.虚弱的；微弱的,四级
feed,fid,,v.喂(养) v.吃饲料,四级
feedback,'fidbæk,,n.回授，反馈，反应,四级
feel,fiːl,,v.有知觉 v.触，摸,四级
feeling,'filɪŋ,,n.感情；感觉，知觉,四级
fellow,'fɛlo,,n.人，家伙；伙伴,四级
female,'fimel,,n.雌性的动物；女子,四级
fence,fɛns,,n.栅栏,四级
fertile,ˈfɝtəl; (canadian) ˈfɝˌtaɪl,,a.肥沃的；多产的,四级
fertilizer,'fɝtəlaɪzɚ,,n.肥料,四级
festival,ˈfɛstəvəl,,n.节日；音乐节,四级
fetch,fɛtʃ,,v.拿来；请来，接去,四级
fever,'fivɚ,,n.发热，发烧；狂热,四级
few,fju,,a.很少的；少数的,四级
fibre,'faibə,,n.纤维，纤维质,四级
fiction,'fɪkʃən,,n.小说；虚构，杜撰,四级
field,fild,,n.田野；田；运动场,四级
fierce,fɪrs,,a.凶猛的，狂热的,四级
fifteen,",fɪf'tin",,num.十五；十五个,四级
fifth,fɪfθ,,num.第五 n.五分之一,四级
fifty,'fɪfti,,num.五十，五十个,四级
fight,faɪt,,v.打(仗)；斗争,四级
figure,'fɪɡjɚ,,n.数字；外形；人物,四级
file,faɪl,,n.档案 v.把…归档,四级
fill,fɪl,,v.装满，盛满；占满,四级
film,fɪlm,,n.影片；胶卷；薄层,四级
filter,'fɪltɚ,,v.过滤 n.滤纸,四级
final,'faɪnl,,a.最后的；决定性的,四级
finally,'faɪnəli,,ad.最后；不可更改的,四级
finance,'faɪnæns,,n.财政，金融；财源,四级
financial,faɪ'nænʃl,,a.财政的，金融的,四级
find,faɪnd,,v.找到；发觉；找出,四级
finding,'faɪndɪŋ,,n.发现；调查的结果,四级
fine,faɪn,,a.美好的；纤细的,四级
finger,'fɪŋɡɚ,,n.手指；指状物,四级
finish,'fɪnɪʃ,,v.完成，结束 n.结束,四级
fire,faɪr,,n.火；火灾 v.开火,四级
fireman,'faɪrmən,,n.消防队员；司炉工,四级
firm,fɝm,,n.商行，商号，公司,四级
first,fɝst,,num.第一 ad.最初,四级
fish,fɪʃ,,n.鱼，鱼肉 v.钓鱼,四级
fisherman,'fɪʃɚmən,,n.渔民，渔夫，打鱼人,四级
fist,fɪst,,n.拳(头),四级
fit,fɪt,,v.适合；安装 v.适合,四级
five,faɪv,,num.五，五个，第五,四级
fix,fɪks,,v.使固定；决定,四级
flag,flæg,,n.旗，旗帜；旗舰旗,四级
flame,flem,,n.火焰；光辉；热情,四级
flare,flɛr,,v.闪耀 v.使闪亮,四级
flash,flæʃ,,n.闪光 v.闪，闪烁,四级
flat,flæt,,a.平的，扁平的,四级
flavour,'fleivə,,n.味，味道；风味,四级
fleet,flit,,n.舰队；船队，机群,四级
flesh,flɛʃ,,n.肉，肌肉；肉体,四级
flexible,'flɛksəbl,,a.易弯曲的；灵活的,四级
flight,flaɪt,,n.航班；飞行；逃跑,四级
float,flot,,v.漂浮 v.使漂浮,四级
flock,flɑk,,n.羊群，群；大量,四级
flood,flʌd,,n.洪水 v.淹没,四级
floor,flɔr,,n.地板；楼层,四级
flour,'flaʊɚ,,n.面粉，粉；粉状物质,四级
flourish,ˈflɜːrɪʃ,,v.繁荣，茂盛，兴旺,四级
flow,flo,,v.流动；飘垂；涨潮,四级
flower,'flaʊɚ,,n.花，花卉；开花,四级
flu,flu,,n.流行性感冒,四级
fluent,'fluənt,,a.流利的，流畅的,四级
fluid,'fluɪd,,n.流体，液体,四级
flush,flʌʃ,,v.奔流；(脸)发红,四级
fly,flaɪ,,n.蝇，苍蝇 v.飞行,四级
focus,'fokəs,,v.聚焦，注视 n.焦点,四级
fog,fɔɡ,,n.雾；烟雾，尘雾,四级
fold,fold,,v.折叠；合拢 n.褶,四级
folk,fok,,n.人们，家属，亲属,四级
follow,'fɑlo,,v.跟随；结果是,四级
following,'fɑloɪŋ,,a.接着的；下列的,四级
fond,fɑnd,,a.喜爱的；溺爱的,四级
food,fud,,n.食物，食品，养料,四级
fool,ful,,n.蠢人，傻子 v.欺骗,四级
foolish,'fulɪʃ,,a.愚蠢的；鲁莽的,四级
foot,fʊt,,n.脚；最下部；英尺,四级
football,'fʊtbɔl,,n.足球比赛；足球,四级
footstep,'fʊtstɛp,,n.脚步；脚步声；足迹,四级
for,fɚ; strong form fɔr,,prep.为；给；因为,四级
forbid,fɚ'bɪd,,v.禁止，不许；阻止,四级
force,fɔrs,,v.强迫 n.力，力量,四级
forecast,'fɔrkæst,,n.预测，预报 v.预示,四级
forehead,'fɔr'hɛd,,n.额头，前部,四级
foreign,'fɔrən,,a.外国的；外来的,四级
foreigner,'fɔrənɚ,,n.外国人,四级
foremost,'fɔr'most,,a.最初的；第一流的,四级
forest,'fɔrɪst,,n.森林；森林地带,四级
forever,fɚ'ɛvɚ,,ad.永远，总是，老是,四级
forget,fɚ'ɡɛt,,v.忘记，遗忘,四级
forgive,fɚ'ɡɪv,,v.原谅，饶恕，宽恕,四级
fork,fɔrk,,n.餐叉；叉；分叉,四级
form,fɔrm,,n.形式；形状 v.形成,四级
formal,'fɔrml,,a.正式的；礼仪上的,四级
formation,fɔr'meʃən,,n.形成；构成；形成物,四级
former,'fɔrmɚ,,a.在前的 n.前者,四级
formula,'fɔrmjələ,,n.公式，式,四级
forth,fɔrθ,,ad.向前；向外，往外,四级
fortnight,'fɔrtnaɪt,,n.两星期，十四天,四级
fortunate,'fɔrtʃənət,,a.幸运的，侥幸的,四级
fortunately,'fɔrtʃənətli,,ad.幸运地，幸亏,四级
fortune,'fɔrtʃən,,n.命运，运气；财产,四级
forty,'fɔrti,,num.四十，第四十,四级
forward,'fɔrwɚd,,ad.向前；今后，往后,四级
found,faʊnd,,v.创立，创办；建立,四级
foundation,faʊn'deʃən,,n.基础；地基；基金,四级
fountain,'faʊntn,,n.泉水，喷泉；源泉,四级
four,fɔr,,num.四，四个，第四,四级
fourteen,",fɔr'tin",,num.十四，第十四,四级
fourth,fɔrθ,,num.第四，四分之一,四级
fox,fɑks,,n.狐狸；狡猾的人,四级
fraction,'frækʃən,,n.小部分；片断；分数,四级
fragment,'fræɡmənt,,n.碎片，破片，碎块,四级
frame,frem,,n.框架，框子；构架,四级
framework,'fremwɝk,,n.框架，构架，结构,四级
France,frɑːns,,n.法国，法兰西,四级
frank,fræŋk,,a.坦白的，直率的,四级
free,fri,,a.自由的；空闲的,四级
freedom,'fridəm,,n.自由；自主,四级
freely,'frili,,ad.自由地；直率地,四级
freeze,friz,,v.冻；结冻 v.使结冰,四级
freight,fret,,n.货运；货物；运费,四级
French,fren(t)ʃ,,a.法国的 n.法国人,四级
frequency,'frikwənsi,,n.屡次；次数；频率,四级
frequent,'frikwənt,,a.时常发生的；经常的,四级
frequently,'frikwəntli,,ad.时常，常常,四级
fresh,frɛʃ,,a.新的；新鲜的,四级
friction,'frɪkʃən,,n.摩擦，摩擦力,四级
Friday,"'fraɪdeɪ; (occas.,) ˈfraɪdi",,n.星期五,四级
fridge,frɪdʒ,,n.电冰箱,四级
friend,frɛnd,,n.朋友，友人,四级
friendly,'frɛndli,,a.友好的，友谊的,四级
friendship,'frɛndʃɪp,,n.友谊，友好,四级
frighten,'fraɪtn,,v.使惊恐，吓唬,四级
frog,frɔɡ,,n.蛙,四级
from,,,prep.从…来；离开,四级
front,frʌnt,,a.前面的 n.前部,四级
frontier,frʌn'tɪr,,n.边境；边疆；新领域,四级
frost,frɔst,,n.冰冻，严寒；霜,四级
frown,fraʊn,,v.皱眉，蹙额,四级
fruit,frut,,n.水果；果实；成果,四级
fruitful,'frutfl,,a.多产的；肥沃的,四级
fry,fraɪ,,v.油煎，油炸，油炒,四级
fuel,'fjuəl,,n.燃料 v.给…加燃料,四级
fulfil,ful'fil,,v.履行；满足；完成,四级
full,fʊl,,a.满的；完全的,四级
fun,fʌn,,n.乐趣，娱乐；玩笑,四级
function,'fʌŋkʃən,,n.功能；职务；函数,四级
fund,fʌnd,,n.资金；基金；存款,四级
fundamental,",fʌndə'mɛntl",,a.基础的，基本的,四级
funeral,'fjunərəl,,n.葬礼，丧礼，丧葬,四级
funny,'fʌni,,a.古怪的；滑稽的,四级
fur,fɝ,,n.软毛；毛皮，裘皮,四级
furious,'fjʊrɪəs,,a.狂怒的；狂暴的,四级
furnace,'fɝnɪs,,n.炉子，熔炉；鼓风炉,四级
furnish,'fɝnɪʃ,,v.供应，提供；装备,四级
furniture,,,n.家具；装置，设备,四级
further,'fɝðɚ,,ad.更远地 a.更远的,四级
furthermore,",fɝðɚ'mɔr",,ad.而且，此外,四级
future,'fjʊtʃɚ,,n.将来，未来；前途,四级
gain,ɡen,,v.获得；增加 n.增进,四级
gallery,'gæləri,,n.长廊，游廊；画廊,四级
gallon,'ɡælən,,n.加仑,四级
game,ɡem,,n.游戏；比赛；猎物,四级
gang,ɡæŋ,,n.一帮，一伙,四级
gap,ɡæp,,n.缺口；间隔；差距,四级
garage,gəˈrɑʒ; gəˈrɑdʒ,,n.车库；加油站,四级
garbage,'ɡɑrbɪdʒ,,n.垃圾，污物，废料,四级
garden,'ɡɑrdn,,n.花园，菜园；公园,四级
gardener,'gɑrdənɚ,,n.园丁，花匠,四级
gas,ɡæs,,n.煤气；气体；汽油,四级
gaseous,'ɡæsɪəs,,a.气体的，气态的,四级
gasoline,'gæsəlin,,n.(美)汽油,四级
gasp,ɡæsp,,v.气喘，喘息,四级
gate,ɡet,,n.大门；篱笆门,四级
gather,'ɡæðɚ,,v.聚集；集合vt收集,四级
gauge,gedʒ,,v.量，测量 n.量器,四级
gay,ɡe,,a.快乐的；鲜明的,四级
gaze,ɡeɪz,,v.凝视，盯，注视,四级
general,'dʒɛnrəl,,a.总的；一般的n将军,四级
generally,'dʒɛnrəli,,ad.一般地；通常地,四级
generate,'dʒɛnəret,,v.发生；引起；生殖,四级
generation,'dʒɛnə'reʃən,,n.一代，一代人；产生,四级
generator,'dʒɛnəretɚ,,n.发电机；发生者,四级
generous,'dʒɛnərəs,,a.慷慨的；宽厚的,四级
genius,'dʒinjəs,,n.天才，天赋，天资,四级
gentle,'dʒɛntl,,a.和蔼的；轻柔的,四级
gentleman,'dʒɛntlmən,,n.绅士；有教养的人,四级
gently,'dʒɛntli,,ad.有礼貌地；柔和地,四级
genuine,'dʒɛnjʊɪn,,a.真的；真正的,四级
geography,dʒɪ'ɑɡrəfi,,n.地理，地理学,四级
geometry,dʒɪ'ɑmətri,,n.几何，几何学,四级
germ,dʒɝm,,n.微生物，细菌，幼芽,四级
German,'dʒɜːmən,,a.德国的 n.德国人,四级
Germany,'dʒɝməni,,n.德意志，德国,四级
gesture,'dʒɛstʃɚ,,n.姿势，手势；姿态,四级
get,ɡɛt,,v.变得，成为；到达,四级
ghost,ɡost,,n.鬼，灵魂；鬼魂,四级
giant,'dʒaɪənt,,n.巨人；巨物,四级
gift,ɡɪft,,n.礼物，赠品；天赋,四级
girl,ɡɝl,,n.女孩子，姑娘；女儿,四级
give,ɡɪv,,v.做，作；送给,四级
glad,ɡlæd,,a.高兴的；乐意的,四级
glance,ɡlæns,,v.看一下 n.一瞥,四级
glare,ɡlɛr,,v.瞪眼 n.瞪眼,四级
glass,ɡlæs,,n.玻璃；玻璃杯,四级
glide,ɡlaɪd,,v.滑动；消逝 n.滑行,四级
glimpse,ɡlɪmps,,v.瞥见 n.一瞥，一看,四级
glitter,'ɡlɪtɚ,,v.闪闪发光 n.闪光,四级
globe,ɡlob,,n.地球，世界；地界仪,四级
gloomy,'ɡlumi,,a.黑暗的；令人沮丧的,四级
glorious,'ɡlɔriəs; 'ɡloriəs,,a.光荣的；壮丽的,四级
glory,'ɡlɔri,,n.光荣；荣誉的事,四级
glove,ɡlʌv,,n.手套,四级
glow,ɡlo,,n.白热光 v.发白热光,四级
glue,ɡlu,,n.胶，胶水 v.胶合,四级
go,go,,v.去；走；变为,四级
goal,ɡol,,n.球门；得分；目的,四级
goat,ɡot,,n.山羊,四级
God,ɡɑd,,n.神，神像；上帝,四级
gold,ɡold,,n.金；钱财 a.金制的,四级
golden,'ɡoldən,,a.金色的；极好的,四级
golf,gɔlf,,n.高尔夫球,四级
good,ɡʊd,,a.好的；有本事的,四级
goodness,'ɡʊdnəs,,n.优良，德性，仁慈,四级
goods,ɡʊdz,,n.货物，商品,四级
goose,ɡus,,n.鹅，雌鹅,四级
govern,'ɡʌvɚn,,v.统治，治理；支配,四级
government,'ɡʌvɚnmənt,,n.政府；治理；政治,四级
governor,'ɡʌvɚnɚ,,n.州长；主管人员,四级
gown,ɡaʊn,,n.长袍，长外衣,四级
grace,ɡres,,n.优美，文雅；雅致,四级
graceful,'ɡresfl,,a.优美的，优雅的,四级
gracious,'ɡreʃəs,,a.有礼貌的；仁慈的,四级
grade,ɡred,,v.给…分等级 n.等级,四级
gradual,'ɡrædʒuəl,,a.逐渐的；渐进的,四级
gradually,'grædʒʊəli,,ad.逐渐地，逐步地,四级
graduate,ˈɡrædʒuˌet,,n.毕业生 v.大学毕业,四级
grain,ɡren,,n.谷物，谷粒；颗粒,四级
grammar,'græmɚ,,n.语法；语法书,四级
grammatical,grə'mætɪkl,,a.语法上的,四级
gramme,ɡræm,,n.克(重量单位),四级
grand,ɡrænd,,a.宏伟的；重大的,四级
granddaughter,'ɡrændɔtɚ,,n.孙女，外孙女,四级
grandfather,'græn'fɑðɚ,,n.祖父；外祖父,四级
grandmother,'ɡrænmʌðɚ,,n.祖母，外祖母,四级
grandson,'ɡrænsʌn,,n.孙子，外孙子,四级
grant,ɡrænt,,n.授给物 v.授予,四级
grape,ɡrep,,n.葡萄；葡萄藤,四级
graph,ɡræf,,n.(曲线)图，图表,四级
grasp,ɡræsp,,v.抓紧；掌握 n.抓,四级
grass,ɡræs,,n.草；牧草；草地,四级
grateful,'ɡretfl,,a.感激的；令人愉快的,四级
gratitude,'ɡrætɪtud,,a.感激，感谢，感恩,四级
grave,ɡrev,,n.坟墓 a.严重的,四级
gravity,'ɡrævəti,,n.重力，引力；严重性,四级
gray,ɡre,,a.灰色的 n.灰色,四级
great,ɡret,,a.大的；伟大的,四级
greatly,'ɡretli,,ad.大大地，非常,四级
greedy,'gridi,,a.贪吃的；贪婪的,四级
Greek,grik,,a.希腊的 n.希腊人,四级
green,ɡrin,,a.绿色的 n.绿色,四级
greenhouse,'ɡrinhaʊs,,n.温室，玻璃暖房,四级
greet,ɡrit,,v.问候，招呼；反应,四级
greeting,'ɡritɪŋ,,n.问候，招呼，致敬,四级
grey,ɡre,,a.灰色的 n.灰色,四级
grieve,griv,,v.使悲痛 v.悲痛,四级
grind,ɡraɪnd,,v.磨(碎)；磨快,四级
grip,ɡrɪp,,v.握紧，抓牢 n.紧握,四级
groan,ɡron,,v.哼，呻吟 n.呻吟,四级
grocer,ɡrosɚ,,n.食品商；杂货商,四级
grocery,'ɡrosəri,,n.食品杂货店,四级
gross,ɡros,,a.总的；严重的,四级
ground,ɡraʊnd,,n.地；场地；根据,四级
group,ɡrup,,n.小组，群 v.聚集,四级
grow,ɡro,,v.生长；变得；增长,四级
growth,ɡroθ,,n.增长；增长量；生长,四级
guarantee,,,n.保证；担保物,四级
guard,ɡɑrd,,v.守卫；看守 n.卫兵,四级
guess,ɡɛs,,vt&vi&n.猜测，推测,四级
guest,ɡɛst,,n.客人，宾客；旅客,四级
guidance,'gaɪdns,,n.引导，指导，领导,四级
guide,ɡaɪd,,n.导游者 v.给…导游,四级
guilty,'ɡɪlti,,a.内疚的；有罪的,四级
gulf,ɡʌlf,,n.海湾,四级
gum,ɡʌm,,n.口香糖；树胶,四级
gun,ɡʌn,,n.枪，炮，手枪,四级
gunpowder,'ɡʌnpaʊdɚ,,n.黑色火药；有烟火药,四级
gymnasium,dʒɪm'nezɪəm,,n.体育馆，健身房,四级
habit,'hæbɪt,,n.习惯；习性,四级
habitual,hə'bɪtʃuəl,,a.习惯性的，惯常的,四级
hair,hɛr,,n.头发，毛发；毛,四级
haircut,'hɛrkʌt,,n.理发,四级
half,hæf,,n.半，一半 a.一半的,四级
hall,hɔl,,n.门厅；过道；会堂,四级
halt,hɔlt,,v.停止；立定 n.停住,四级
hamburger,hæmbɝ​ɡɚ,,n.汉堡包，牛肉饼,四级
hammer,'hæmɚ,,n.锤，榔头 v.锤击,四级
hand,hænd,,n.手；人手；指针,四级
handful,"'hænd,fʊl",,n.一把；少数，一小撮,四级
handkerchief,'hæŋkɚtʃɪf,,n.手帕,四级
handle,'hændl,,n.柄，把手 v.拿，触,四级
handsome,'hænsəm,,a.英俊的；相当大的,四级
handwriting,'hænd'raɪtɪŋ,,n.笔迹，手迹，书法,四级
handy,'hændi,,a.手边的；便于使用的,四级
hang,hæŋ,,v.挂，悬；吊死,四级
happen,'hæpən,,v.发生；碰巧，恰好,四级
happiness,ˈhæpinəs,,n.幸福，幸运；快乐,四级
happy,'hæpɪ,,a.快乐的；幸福的,四级
harbour,hɑrbɚ,,n.海港，港口 v.庇护,四级
hard,hɑrd,,a.硬的；困难的,四级
harden,'hɑrdn,,v.使变硬 v.变硬,四级
hardly,'hɑrdli,,ad.几乎不，简直不,四级
hardship,'hɑrdʃɪp,,n.艰难，困苦,四级
hardware,'hɑrdwɛr,,n.五金器具；硬件,四级
hare,hɛr,,n.野兔,四级
harm,hɑrm,,n.伤害，损害 v.损害,四级
harmful,'hɑrmfəl,,a.有害的,四级
harmony,'hɑrməni,,n.调合，协调，和谐,四级
harness,'hɑrnɪs,,v.治理 n.马具，挽具,四级
harsh,hɑrʃ,,a.严厉的；刺耳的,四级
harvest,'hɑrvɪst,,n.收获，收成 v.收割,四级
haste,hest,,n.急速，急忙；草率,四级
hasten,'hesn,,v.催促 v.赶紧,四级
hasty,'hesti,,a.急速的；仓促的,四级
hat,hæt,,n.帽子(一般指有边的),四级
hatch,hætʃ,,v.孵出 v.(蛋)孵化,四级
hate,het,,v.恨，憎恨；不喜欢,四级
hateful,'hetfəl,,a.可恨的，可恶的,四级
hatred,'hetrɪd,,n.憎恶，憎恨，仇恨,四级
have,"hæv; (also, as before 'to') hæf",,v.aux已经 v.有；吃,四级
hawk,hɔk,,n.鹰，隼,四级
hay,heɪ,,n.干草,四级
hazard,'hæzɚd,,n.危险；公害,四级
he,hi,,pron.(主格)他,四级
head,hɛd,,n.头；上端 v.率领,四级
headache,ˈhɛdˌek,,n.头痛；头痛的事,四级
heading,'hɛdɪŋ,,n.标题，题词，题名,四级
headline,'hɛdlaɪn,,n.大字标题；新闻提要,四级
headmaster,",hɛd'mæstɚ",,n.校长,四级
headquarters,'hɛdkwɔrtɚz,,n.司令部；总部,四级
heal,hil,,v.治愈；使和解,四级
health,hɛlθ,,n.健康，健康状况,四级
healthy,'hɛlθi,,a.健康的；有益健康的,四级
heap,hip,,n.(一)堆；大量,四级
hear,hɪr,,v.听见；审讯；听说,四级
heart,hɑrt,,n.心，内心；勇气,四级
heat,hit,,n.热，炎热 v.变热,四级
heating,'hitɪŋ,,n.加热，供暖,四级
heaven,'hɛvn,,n.天堂；天，天空,四级
heavily,'hɛvɪli,,ad.重重地；大量地,四级
heavy,'hɛvi,,a.重的；大的；充满的,四级
hedge,hɛdʒ,,n.篱笆，树篱；障碍物,四级
heel,hil,,n.脚后跟，踵，后跟,四级
height,haɪt,,n.高，高度；高处,四级
heir,ɛr,,n.后嗣，继承人,四级
helicopter,'hɛlɪkɑptɚ,,n.直升机,四级
hell,hɛl,,n.地狱；极大的痛苦,四级
hello,"hɛˈlo, hə-",,int.喂,四级
helmet,'hɛlmɪt,,n.头盔，钢盔,四级
help,hɛlp,,v.帮助；援助 n.帮手,四级
helpful,'hɛlpfl,,a.给予帮助的；有用的,四级
helpless,'hɛlpləs,,a.无助的；无能的,四级
hen,hɛn,,n.母鸡，雌禽,四级
hence,hɛns,,ad.因此，所以；今后,四级
her,hɚ,,pron.(宾格)她；她的,四级
herd,hɝd,,n.兽群，牧群 v.放牧,四级
here,hɪr,,ad.这里；向这里,四级
hero,'hɪro,,n.男主角；英雄；勇士,四级
heroic,hə'roɪk,,a.英雄的；英勇的,四级
heroine,'hɛroɪn,,n.女主角；女英雄,四级
hers,hɝz,,pron.她的(所有物),四级
herself,hɝ'sɛlf,,pron.她自己；她亲自,四级
hesitate,'hɛzɪtet,,v.犹豫，踌躇；含糊,四级
hi,haɪ,,int.嗨(表示问候等),四级
hide,haɪd,,v.把…藏起来；隐瞒,四级
high,haɪ,,a.高的；高级的 ad.高,四级
highly,'haɪli,,ad.高度地，很，非常,四级
highway,'haɪwe,,n.公路；大路,四级
hill,hɪl,,n.小山，山岗；丘陵,四级
hillside,'hɪl'saɪd,,n.(小山)山腰，山坡,四级
him,hɪm,,pron.(宾格)他,四级
himself,hɪm'sɛlf,,pron.他自己；他亲自,四级
hint,hɪnt,,n.暗示，示意；建议,四级
hire,'haɪɚ,,v.租借 n.租用，雇用,四级
his,hɪz,,pron.他的，他的东西,四级
historical,hɪ'stɔrɪkl,,a.历史的，有关历史的,四级
history,ˈhɪstəri; ˈhɪstri,,n.历史；个人经历,四级
hit,hɪt,,v.打；碰撞 n.击,四级
hobby,'hɑbi,,n.业余爱好，癖好,四级
hold,hold,,v.拿住；掌握；拥有,四级
hole,hol,,n.洞；孔眼，裂开处,四级
holiday,'hɑləde,,n.假日，节日；假期,四级
hollow,'hɑlo,,a.空的；空洞的,四级
holy,'holi,,a.神圣的；圣洁的,四级
home,hom,,n.家；家乡 a.家庭的,四级
honest,'ɑnɪst,,a.诚实的；可敬的,四级
honesty,'ɑnəsti,,n.诚实，正直,四级
honey,'hʌni,,n.蜜，蜂蜜；甜，甜蜜,四级
honeymoon,'hʌnɪmun,,n.蜜月,四级
honour,'ɔnə,,n.光荣；尊敬，敬意,四级
honourable,'ɔnərəbl,,a.诚实的；光荣的,四级
hook,hʊk,,n.钩，挂钩 v.钩住,四级
hope,hop,,n&vt&vi.希望,四级
hopeful,'hopfl,,a.有希望的,四级
hopeless,ˈhoʊpləs,,a.没有希望的，绝望的,四级
horizon,hə'raɪzn,,n.地平线；眼界，见识,四级
horizontal,'hɔrə'zɑntl,,a.地平的；水平的,四级
horn,hɔrn,,n.号角；警报器；角,四级
horror,'hɔrɚ,,n.恐怖；战栗；憎恶,四级
horse,hɔrs,,n.马；马科动物,四级
horsepower,'hɔrs'paʊɚ,,n.马力,四级
hospital,'hɑspɪtl,,n.医院,四级
host,host,,n.主人；东道主,四级
hostess,'hostəs,,n.女主人；空姐,四级
hostile,ˈhɑstəl,,a.敌方的；不友善的,四级
hot,hɑt,,a.热的；刺激的；辣的,四级
hotel,ho'tɛl,,n.旅馆,四级
hour,'aʊɚ,,n.小时；时间，时刻,四级
house,haʊs,,n.房屋，住宅；商号,四级
household,'haʊshold,,n.家庭，户；家务,四级
housewife,'haʊs'waɪf,,n.家庭主妇,四级
how,haʊ,,ad.怎么；怎样；多少,四级
however,haʊ'ɛvɚ,,ad.然而；不管怎样,四级
huge,hjudʒ,,a.巨大的，庞大的,四级
human,'hjumən,,a.人的，人类的 n.人,四级
humble,'hʌmbl,,a.谦逊的；地位低下的,四级
humid,'hjumɪd,,a.湿的，湿气重的,四级
humorous,'hjumərəs,,a.富于幽默的，诙谐的,四级
humour,'hju:mə,,n.幽默，诙谐，幽默感,四级
hundred,'hʌndrəd,,num.百，百个 n.许多,四级
hunger,'hʌŋɡɚ,,n.饿，饥饿；渴望,四级
hungry,'hʌŋɡri,,a.饥饿的；渴望的,四级
hunt,hʌnt,,n.打猎；搜寻 v.追猎,四级
hurry,'hɝrɪ,,v.赶紧 v.催促,四级
hurt,hɝ​t,,v.使受伤；使痛心,四级
husband,'hʌzbənd,,n.丈夫,四级
hut,hʌt,,n.小屋，棚屋,四级
hydrogen,'haɪdrədʒən,,n.氢,四级
I,aɪ,,pron.(主格)我,四级
ice,aɪs,,n.冰，冰块 v.冰镇,四级
idea,aɪ'diə,,n.想法；思想；意见,四级
ideal,aɪ'diəl,,a.理想的；观念的,四级
identical,aɪ'dɛntɪkl,,a.完全相同的；同一的,四级
identify,aɪ'dɛntɪfaɪ,,v.认出，识别，鉴定,四级
idiom,'ɪdɪəm,,n.习语，成语,四级
idle,'aɪdl,,a.空闲的；懒散的,四级
if,ɪf,,conj.假如，如果,四级
ignorant,'ɪɡnərənt,,a.不知道的；无知的,四级
ignore,ɪɡ'nɔr,,v.不顾，不理，忽视,四级
ill,ɪl,,a.有病的；坏的 ad.坏,四级
illegal,ɪ'ligl,,a.不合法的，非法的,四级
illness,'ɪlnəs,,n.病，疾病,四级
illustrate,'ɪləstret,,v.(用图等)说明,四级
illustration,",ɪlə'streʃən",,n.说明，图解；例证,四级
image,'ɪmɪdʒ,,n.像；形象；映象,四级
imaginary,ɪ'mædʒɪnɛri,,a.想象中的，假想的,四级
imagination,"ɪ,mædʒɪ'neʃən",,n.想象；想象力；空想,四级
imagine,ɪ'mædʒɪn,,v.想象，设想；料想,四级
imitate,'ɪmɪtet,,v.模仿，仿效；仿制,四级
immediate,ɪ'midɪət,,a.立即的；直接的,四级
immediately,ɪ'midɪətli,,ad.立即；直接地,四级
immense,ɪ'mɛns,,a.巨大的；极好的,四级
immigrant,'ɪmɪɡrənt,,n.移民 a.移民的,四级
impact,ɪm'pækt,,n.影响，作用；冲击,四级
impatient,,,a.不耐烦的，急躁的,四级
implication,'ɪmplɪ'keʃən,,n.含义，暗示，暗指,四级
imply,ɪm'plai,,v.暗示，意指,四级
import,,,vt&n.输入，进口,四级
importance,ɪm'pɔrtns,,n.重要；重要性,四级
important,ɪm'pɔrtnt,,a.重要的；有势力的,四级
impose,ɪm'poz,,v.把…强加；征(税),四级
impossible,ɪm'pɑsəbl,,a.不可能的，办不到的,四级
impress,ɪm'prɛs,,v.给…深刻印象,四级
impression,ɪm'prɛʃən,,n.印；印象；印记,四级
impressive,ɪm'prɛsɪv,,a.给人印象深刻的,四级
imprison,ɪm'prɪzn,,v.关押，监禁；限制,四级
improve,ɪm'pruv,,v.使更好 v.改善,四级
improvement,ɪm'prʊvmənt,,n.改进，改善；改进处,四级
in,ɪn,,prep.在…里ad进，入,四级
inch,ɪntʃ,,n.英寸,四级
incident,'ɪnsɪdənt,,n.发生的事；事件,四级
incline,ɪn'klaɪn,,n.斜坡 v.使倾斜,四级
include,ɪn'klud,,v.包括，包含,四级
income,'ɪnkʌm,,n.收入；收益；进款,四级
incorrect,",ɪnkə'rɛkt",,a.不正确的，错误的,四级
increase,'ɪnkris,,vt&vi&n.增加,四级
increasingly,ɪn'krisɪŋli,,ad.日益，越来越多地,四级
indeed,ɪn'did,,ad.真正地；确实,四级
indefinite,ɪn'dɛfɪnət,,a.不明确的；不定的,四级
independence,",ɪndɪ'pɛndəns",,n.独立，自主，自立,四级
independent,'ɪndɪ'pɛndənt,,a.独立的；自主的,四级
index,'ɪndɛks,,n.索引；指数；指标,四级
India,'ɪndɪə,,n.印度,四级
Indian,'ɪndɪən,,a.印度的 n.印度人,四级
indicate,'ɪndɪket,,v.标示，表示；表明,四级
indication,",ɪndɪ'keʃən",,n.指示；表示；表明,四级
indifferent,ɪn'dɪfrənt,,a.冷漠的；不积极的,四级
indignant,ɪn'dɪɡnənt,,a.愤慨的，义愤的,四级
indirect,",ɪndə'rɛkt",,a.间接的；不坦率的,四级
indispensable,'ɪndɪ'spɛnsəbl,,a.必不可少的，必需的,四级
individual,",ɪndɪ'vɪdʒuəl",,a.个别的；独特的,四级
indoors,",ɪn'dɔrz",,ad.在室内，在屋里,四级
industrial,ɪn'dʌstrɪəl,,a.工业的；产业的,四级
industrialize,ɪn'dʌstrɪəlaɪz,,v.使工业化,四级
industry,'ɪndəstri,,n.工业，产业；勤劳,四级
inefficient,",ɪnɪ'fɪʃnt",,a.效率低的，无能的,四级
inevitable,ɪn'ɛvɪtəbl,,a.不可避免的，必然的,四级
inexpensive,",ɪnɪk'spɛnsɪv",,a.花费不多的，廉价的,四级
infant,'ɪnfənt,,n.婴儿 a.婴儿的,四级
infect,ɪn'fɛkt,,v.传染；感染,四级
infer,ɪn'fɝ,,v.推论，推断；猜想,四级
inferior,ɪn'fɪrɪɚ,,a.下等的；劣等的,四级
infinite,'ɪnfɪnət,,a.无限的；无数的,四级
influence,'ɪnfluəns,,n.影响；势力 v.影响,四级
influential,",ɪnflu'ɛnʃl",,a.有影响的；有权势的,四级
inform,ɪn'fɔrm,,v.通知，向…报告,四级
information,'ɪnfɚ'meʃən,,n.消息，信息；通知,四级
inhabit,ɪn'hæbɪt,,v.居住于，栖息于,四级
inhabitant,ɪn'hæbɪtənt,,n.居民，住户,四级
inherit,ɪn'hɛrɪt,,v.继承(传统等),四级
initial,ɪ'nɪʃəl,,a.最初的；词首的,四级
injection,ɪn'dʒɛkʃən,,n.注射，注入；充满,四级
injure,'ɪndʒɚ,,v.伤害，损害，损伤,四级
injury,,,n.损害，伤害；受伤处,四级
ink,ɪŋk,,n.墨水，油墨,四级
inn,ɪn,,n.小旅店；小酒店,四级
inner,'ɪnɚ,,a.内部的；内心的,四级
innocent,'ɪnəsnt,,a.清白的，幼稚的,四级
input,'ɪn'pʊt,,n.输入；投入的资金,四级
inquire,ɪn'kwaɪr,,v.打听，询问；调查,四级
inquiry,"ɪn'kwaɪri; 'ɪn,kwaɪri; 'ɪnkwəri; 'ɪŋkwaɪri",,n.询问，打听；调查,四级
insect,'ɪnsɛkt,,n.昆虫，虫,四级
insert,'ɪnsɝt,,v.插入；嵌入；登载,四级
inside,'ɪn'saɪd,,prep.在…里面 n.内部,四级
insist,ɪn'sɪst,,v.坚持；坚持要求,四级
inspect,ɪn'spɛkt,,v.检查，审查；检阅,四级
inspection,ɪn'spɛkʃən,,n.检查，审查；检阅,四级
inspire,ɪn'spaɪɚ,,v.鼓舞；给…以灵感,四级
install,ɪn'stɔl,,v.安装，设置,四级
installation,'ɪnstə'leʃən,,n.安装；装置；设施,四级
instance,'ɪnstəns,,n.例子，实例，事例,四级
instant,'ɪnstənt,,n.瞬间 a.立即的,四级
instantly,'ɪnstəntli,,ad.立即，即刻,四级
instead,ɪn'stɛd,,ad.代替，顶替；反而,四级
instinct,'ɪnstɪŋkt,,n.本能；直觉；生性,四级
institute,'ɪnstɪtut,,n.研究所；学院,四级
institution,",ɪnstɪ'tuʃən",,n.协会；制度，习俗,四级
instruct,ɪn'strʌkt,,v.教；指示；通知,四级
instruction,ɪn'strʌkʃən,,n.命令；教学；教训,四级
instrument,'ɪnstrəmənt,,n.仪器；工具；乐器,四级
insufficient,",ɪnsə'fɪʃnt",,a.不足的；不适当的,四级
insult,ɪn'sʌlt,,vt&n.侮辱，凌辱,四级
insurance,ɪn'ʃʊrəns,,n.保险；保险费,四级
insure,ɪn'ʃʊr,,v.给…保险；确保,四级
intellectual,",ɪntə'lɛktʃuəl",,n.知识分子 a.智力的,四级
intelligence,ɪn'tɛlɪdʒəns,,n.智力；理解力；情报,四级
intelligent,ɪn'tɛlɪdʒənt,,a.聪明的；理智的,四级
intend,,,vt.想要，打算；意指,四级
intense,ɪn'tɛns,,a.强烈的；紧张的,四级
intensity,ɪn'tɛnsəti,,n.强烈，剧烈；强度,四级
intensive,ɪn'tɛnsɪv,,a.加强的；精耕细作的,四级
intention,ɪn'tɛnʃən,,n.意图，意向，目的,四级
intentional,ɪn'tɛnʃənl,,a.故意的，有意识的,四级
interaction,",ɪntə'rækʃən",,n.相互作用；干扰,四级
interest,'ɪntrəst,,n.兴趣；利益；利息,四级
interesting,'ɪntrəstɪŋ,,a.有趣的，引人入胜的,四级
interfere,",ɪntɚ'fɪr",,v.干涉，干预；妨碍,四级
interference,",ɪntɚ'fɪrəns",,n.干涉，干预；阻碍,四级
interior,ɪn'tɪrɪɚ,,a.内的；内地的n内部,四级
intermediate,",ɪntɚ'midɪət",,a.中间的；中级的,四级
internal,ɪn'tɝnl,,a.内的；国内的,四级
international,",ɪntɚ'næʃnəl",,a.国际的，世界(性)的,四级
interpret,ɪn'tɝprɪt,,v.解释，说明；口译,四级
interpretation,ɪn'tɝprɪ'teʃən,,n.解释；口译,四级
interpreter,ɪn'tɝprɪtɚ,,n.译员，口译者,四级
interrupt,'ɪntə'rʌpt,,v.打断，打扰；中止,四级
interruption,",ɪntə'rʌpʃən",,n.中断，打断；障碍物,四级
interval,'ɪntɚvl,,n.间隔；休息；间距,四级
interview,'ɪntɚvju,,n.接见；会见；面谈,四级
intimate,ˈɪntəmɪt,,a.亲密的；个人的,四级
into,ˈɪntu,,prep.进，入；进入到,四级
introduce,ˌɪntrə'dus,,v.介绍；引进，传入,四级
introduction,",ɪntrə'dʌkʃən",,n.介绍；引进；引言,四级
invade,ɪn'ved,,v.入侵，侵略；侵袭,四级
invasion,ɪn'veʒn,,n.入侵，侵略；侵犯,四级
invent,ɪn'vɛnt,,v.发明，创造；捏造,四级
invention,ɪn'vɛnʃən,,n.发明，创造；捏造,四级
inventor,ɪn'vɛntɚ,,n.发明者；发明家,四级
invest,ɪn'vɛst,,v.投资；投入,四级
investigate,ɪn'vɛstɪɡet,,vt&vi.调查,四级
investigation,"ɪn,vɛstɪ'ɡeʃən",,n.调查，调查研究,四级
investment,ɪn'vɛstmənt,,n.投资，投资额，投入,四级
invisible,ɪn'vɪzəbl,,a.看不见的，无形的,四级
invitation,ˌɪnvɪˈteɪʃn,,n.邀请，招待；请柬,四级
invite,ɪn'vaɪt,,v.邀请，聘请；招待,四级
involve,ɪn'vɑlv,,v.使卷入；牵涉,四级
inward,'ɪnwɚd,,a.里面的 ad.向内,四级
iron,'aɪɚn,,n.铁；烙铁 v.烫(衣),四级
irregular,ɪ'rɛɡjəlɚ,,a.不规则的；不整齐的,四级
island,'aɪlənd,,n.岛，岛屿,四级
isolate,aɪslˌet,,v.使隔离，使孤立,四级
issue,'ɪʃu,,n.问题；发行 v.发行,四级
it,aɪ ti,,pron.这，那，它,四级
Italian,ɪˈtæljən,,a.意大利的n意大利人,四级
item,'aɪtəm,,n.条，条款；一条,四级
its,ɪts,,pron.它的,四级
itself,ɪt'sɛlf,,pron.它自己；自身,四级
jacket,'dʒækɪt,,n.短上衣，茄克衫,四级
jail,dʒel,,n.监狱 v.监禁,四级
jam,dʒæm,,n.果酱,四级
January,'dʒænjʊ'ɛri,,n.一月,四级
Japan,dʒə'pæn,,n.日本，日本国,四级
Japanese,",dʒæpə'niz",,a.日本的 n.日本人,四级
jar,dʒɑr,,n.罐子，坛子，广口瓶,四级
jaw,dʒɔ,,n.颌，颚,四级
jazz,dʒæz,,n.爵士音乐，爵士舞曲,四级
jealous,'dʒɛləs,,a.妒忌的；猜疑的,四级
jet,dʒɛt,,n.喷气式飞机；喷嘴,四级
jewel,'dʒuəl,,n.宝石；宝石饰物,四级
jewish,'dʒʊɪʃ,,a.犹太人的,四级
job,dʒɒb,,n.职业；工作；零活,四级
join,dʒɔɪn,,v.参加；连接,四级
joint,dʒɔɪnt,,n.接头，接缝；关节,四级
joke,dʒok,,n.笑话 v.说笑话,四级
jolly,'dʒɑli,,a.快活的；令人高兴的,四级
journal,'dʒɝnl,,n.日报，杂志；日志,四级
journalist,'dʒɝnəlɪst,,n.记者，新闻工作者,四级
journey,'dʒɝni,,n.旅行，旅程 n.旅行,四级
joy,dʒɔɪ,,n.欢乐，喜悦；乐事,四级
joyful,'dʒɔɪfl,,a.十分喜悦的，快乐的,四级
judge,dʒʌdʒ,,n.法官；裁判员,四级
judgement,'dʒʌdʒmənt,,n.意见；审判；判断,四级
juice,dʒus,,n.(水果等)汁，液,四级
July,dʒʊˈlaɪ,,n.七月,四级
jump,dʒʌmp,,v.跳；暴涨 v.跳过,四级
June,dʒun,,n.六月,四级
jungle,'dʒʌŋɡl,,n.丛林，密林，莽丛,四级
junior,'dʒunɪɚ,,a.年少的 n.晚辈,四级
jury,'dʒʊri,,n.陪审团；评奖团,四级
just,dʒʌst,,ad.刚才；只是；正好,四级
justice,'dʒʌstɪs,,n.正义，公正；司法,四级
justify,,,vt.证明…是正当的,四级
keen,kin,,a.热心的；激烈的,四级
keep,kip,,v.保持；坚持,四级
keeper,'kipɚ,,n.看护人；饲养员,四级
kettle,'kɛtl,,n.水壶，水锅,四级
key,kiː,,n.钥匙；键；答案,四级
keyboard,'ki'bɔrd,,n.键盘,四级
kick,kɪk,,vi&vt&n.踢,四级
kid,kɪd,,n.小孩，儿童，少年,四级
kill,kɪl,,v.杀死；扼杀；消磨,四级
kilogram,'kɪləɡræm,,n.千克，公斤,四级
kilometre,kɪ'lɔmɪtɚ,,n.千米，公里,四级
kind,kaɪnd,,n.种类,四级
kindness,'kaɪndnəs,,n.仁慈，好意,四级
king,kɪŋ,,n.国王，君主,四级
kingdom,'kɪŋdəm,,n.王国；领域，界,四级
kiss,kɪs,,v.吻 v.接吻 n.吻,四级
kitchen,'kɪtʃɪn,,n.厨房，灶间,四级
kite,kaɪt,,n.风筝,四级
knee,ni,,n.膝，膝盖，膝关节,四级
kneel,nil,,v.跪，跪下，跪着,四级
knife,naɪf,,n.小刀，刀，餐刀,四级
knit,nɪt,,v.把…编结 v.编织,四级
knob,nɑb,,n.门把，拉手；旋纽,四级
knock,nɑk,,vi&vt&n.敲，击，打,四级
knot,nɑt,,n.(绳的)结，(树的)节,四级
know,no,,v.知道；认识；通晓,四级
knowledge,'nɑlɪdʒ,,n.知识，学识；知道,四级
lab,læb,,n.实验室，研究室,四级
label,ˈlebəl,,n.标签；标记，符号,四级
laboratory,'læbrə'tɔri,,n.实验室，研究室,四级
labour,'leibə,,n.劳动；工作；劳工,四级
lace,les,,n.鞋带，系带；花边,四级
lack,læk,,vi&vi&n.缺乏，不足,四级
ladder,'lædɚ,,n.梯子，梯状物,四级
lady,'ledi,,n.女士，夫人；贵妇人,四级
lag,læɡ,,v.走得慢 n.落后,四级
lake,lek,,n.湖,四级
lamb,læm,,n.羔羊，小羊；羔羊肉,四级
lame,lem,,a.跛的；瘸的，残废的,四级
lamp,læmp,,n.灯,四级
land,lænd,,n.陆地；土地 v.上岸,四级
landing,'lændɪŋ,,n.上岸，登陆，着陆,四级
landlady,'lændledi,,n.女房东；女地主,四级
landlord,'lændlɔrd,,n.地主；房东，店主,四级
lane,len,,n.(乡间)小路；跑道,四级
language,'læŋɡwɪdʒ,,n.语言，语言课程,四级
lantern,'læntɚn,,n.提灯，灯笼,四级
lap,læp,,n.膝部；一圈,四级
large,lɑrdʒ,,a.大的；巨大的,四级
largely,'lɑrdʒli,,ad.大部分；大量地,四级
laser,'lezɚ,,n.激光,四级
last,læst,,a.最后的 ad.最后,四级
late,let,,a.迟的 ad.迟，晚,四级
lately,,,ad.最近，不久前,四级
later,'letɚ,,ad.后来；过一会儿,四级
Latin,'lætn,,a.拉丁的 n.拉丁语,四级
latter,'lætɚ,,a.(两者中)后者的,四级
laugh,læf,,v.笑，发笑 n.笑,四级
laughter,'læftɚ,,n.笑，笑声,四级
launch,lɔntʃ,,v.发射，投射；发动,四级
laundry,'lɔndri,,n.洗衣房，洗衣店,四级
lavatory,'lævətɔri,,n.盥洗室，厕所,四级
law,lɔ,,n.法律，法令；法则,四级
lawn,lɔn,,n.草地，草坪，草场,四级
lawyer,'lɔjɚ,,n.律师；法学家,四级
lay,le,,v.置放；铺设；设置,四级
layer,'leɪr,,n.层，层次；铺设者,四级
layout,,,n.布局，安排，设计,四级
lazy,'lezi,,a.懒惰的，懒散的,四级
lead,lid,,n.铅，铅制品,四级
leader,'lidɚ,,n.领袖，领导人；首领,四级
leadership,'lidɚʃɪp,,n.领导,四级
leading,'lidɪŋ,,a.指导的；最主要的,四级
leaf,lif,,n.叶，叶子,四级
league,lig,,n.同盟，联盟；联合会,四级
leak,lik,,v.漏；泄露 n.漏洞,四级
lean,lin,,v.倾斜，屈身；靠,四级
leap,lip,,v.跳，跃 n.跳跃,四级
learn,lɝn,,vi&vt.学，学习,四级
learned,'lɝnd; lɝ​nɪd,,a.有学问的；学术上的,四级
learning,'lɝnɪŋ,,n.学习；学问，知识,四级
least,list,,a.最少的 ad.最少,四级
leather,'lɛðɚ,,n.皮革；皮革制品,四级
leave,liv,,v.离去 v.离开,四级
lecture,'lɛktʃɚ,,n&vi.演讲，讲课,四级
left,lɛft,,a.左边的 ad.在左边,四级
leg,lɛɡ,,n.腿，腿部,四级
legal,'ligl,,a.法律的；合法的,四级
legend,'lɛdʒənd,,n.传说，传奇,四级
leisure,'liʒɚ,,n.空闲时间；悠闲,四级
lemon,'lɛmən,,n.柠檬，柠檬树,四级
lend,lɛnd,,v.把…借给，贷(款),四级
length,[leŋθ],,n.长，长度；一段,四级
lens,lɛnz,,n.透镜，镜片；镜头,四级
less,lɛs,,a.更少的 ad.更少地,四级
lessen,'lɛsn,,v.减少，减轻；缩小,四级
lesson,'lɛsn,,n.功课，课；课程,四级
lest,lɛst,,conj.惟恐，以免,四级
let,lɛt,,v.允许，让；使,四级
letter,'lɛtɚ,,n.信；证书；字母,四级
level,'lɛvl,,n.水平面 a.水平的,四级
lever,'lɛvɚ,,n.杆，杠杆；控制杆,四级
liable,'laɪəbl,,a.易于…的；可能的,四级
liar,'laɪɚ,,n.说谎的人,四级
liberal,'lɪbərəl,,a.心胸宽大的；慷慨的,四级
liberate,'lɪbə'ret,,v.解放；释放,四级
liberation,",lɪbə'reʃən",,n.解放,四级
liberty,'lɪbɚti,,n.自由；释放；许可,四级
librarian,laɪ'brɛrɪən,,n.图书馆馆长,四级
library,laɪˌbrɛrɪ,,n.图书馆；藏书,四级
license,'laɪsns,,n.许可；执照 v.准许,四级
lick,lɪk,,v.舔；舔吃,四级
lid,lɪd,,n.盖子，盖，囊盖,四级
lie,laɪ,,v.躺，平放；位于,四级
lieutenant,lu'tɛnənt,,n.陆军中尉；副职官员,四级
life,laɪf,,n.生命；一生；寿命,四级
lifetime,'laɪftaɪm,,n.一生，终身,四级
lift,lɪft,,v.提起，提高 n.电梯,四级
light,laɪt,,a.轻的，少量的,四级
lighten,'laɪtn,,v.照亮，使明亮,四级
lightly,'laɪtli,,ad.轻轻地，轻松地,四级
lightning,'laɪtnɪŋ,,n.闪电，闪电放电,四级
like,laɪk,,v.喜欢；喜爱；希望,四级
likely,'laɪkli,,a.可能的 ad.很可能,四级
likewise,'laɪkwaɪz,,ad.同样地；也，又,四级
limb,lɪm,,n.肢，臂，翼；树枝,四级
lime,laɪm,,n.石灰,四级
limit,'lɪmɪt,,n.限度；限制；范围,四级
limitation,",lɪmɪ'teʃən",,n.限制；限度，局限,四级
limited,'lɪmɪtɪd,,a.有限的,四级
line,laɪn,,n.线；排；路线；线条,四级
linen,'lɪnɪn,,n.亚麻布；亚麻织物,四级
liner,'laɪnɚ,,n.班船，班机,四级
link,lɪŋk,,v.有环连接 n.环,四级
lion,'laɪən,,n.狮子；勇猛的人,四级
lip,lɪp,,n.嘴唇,四级
liquid,'lɪkwɪd,,n.液体 a.液体的,四级
liquor,'lɪkɚ,,n.酒；溶液，液剂,四级
list,lɪst,,n.表，目录 n.列举,四级
listen,'lɪsn,,v.听，留神听；听从,四级
listener,'lɪsənɚ,,n.听者，听众之一,四级
liter,litɚ,,n.升(容量单位),四级
literary,lɪtərɛri,,a.文学(上)的,四级
literature,lɪtərəˌtʃʊr,,n.文学；文献,四级
little,'lɪtl,,a.小的；少；幼小的,四级
live,laɪv；lɪv,,v.居住；活 a.活的,四级
lively,'laɪvli,,a.活泼的；逼真的,四级
liver,'lɪvɚ,,n.肝；肝脏,四级
living,'lɪvɪŋ,,a.活的 n.生活，生计,四级
load,lod,,v.装；装满 n.负载,四级
loaf,lof,,n.一条面包，一个面包,四级
loan,,,n.贷款；暂借 vt.借出,四级
local,ˈloʊkl,,a.地方的；局部的,四级
locate,ˈloˌket; loˈket,,v.探明，找出，查出,四级
location,lo'keʃən,,n.位置，场所,四级
lock,lɑk,,n.锁 v.锁上，锁住,四级
locomotive,",lokə'motɪv",,n.火车头，机车,四级
lodge,lɑdʒ,,v.暂住，借宿，投宿,四级
log,lɔɡ,,n.原木，木料,四级
logic,'lɑdʒɪk,,n.逻辑，推理；逻辑性,四级
logical,'lɑdʒɪkl,,a.逻辑的；符合逻辑的,四级
lonely,'lonli,,a.孤独的；荒凉的,四级
long,lɔŋ,,v.渴望，极想念,四级
look,lʊk,,v.看，显得 n.看,四级
loop,lup,,n.圈，环，环孔,四级
loose,lus,,a.松的；宽松的,四级
loosen,'lusn,,v.解开；使松驰,四级
lord,lɔrd,,n.贵族；上帝,四级
lorry,'lɔri,,n.运货汽车，卡车,四级
lose,luz,,v.失去；迷失；输掉,四级
loss,lɔs,,n.遗失；损失；失败,四级
lot,lɑt,,n.许多，大量；签，阄,四级
loud,laʊd,,a.响亮的；吵闹的,四级
loudspeaker,",laʊd'spikɚ",,n.扬声器，喇叭,四级
love,lʌv,,v.爱，喜欢 n.爱,四级
lovely,'lʌvli,,a.可爱的；令人愉快的,四级
lover,'lʌvɚ,,n.爱好者；情人；情侣,四级
low,ləʊ,,a.低的，矮的；低下的,四级
lower,'loɚ,,a.较低的 v.放下,四级
loyal,'lɔɪəl,,a.忠诚的，忠心的,四级
loyalty,'lɔɪəlti,,n.忠诚，忠心,四级
luck,lʌk,,n.运气；好运，幸运,四级
lucky,'lʌki,,a.幸运的；吉祥的,四级
luggage,'lʌɡɪdʒ,,n.行李；皮箱，皮包,四级
lumber,'lʌmbɚ,,n.木材；木料；制材,四级
lump,lʌmp,,n.团，块；肿块,四级
lunch,lʌntʃ,,n.午餐，(美)便餐,四级
lung,lʌŋ,,n.肺脏，肺,四级
luxury,'lʌɡʒəri,,n.奢侈，奢华；奢侈品,四级
machine,mə'ʃin,,n.机器；机械,四级
mad,mæd,,a.发疯的；恼火的,四级
madam,'mædəm,,n.夫人，女士，太太,四级
magazine,'mæɡəzin,,n.杂志，期刊,四级
magic,'mædʒɪk,,n.魔法，巫术；戏法,四级
magnet,'mægnɪt,,n.磁铁，磁石，磁体,四级
magnetic,mæg'nɛtɪk,,a.磁的，有吸引力的,四级
magnificent,mæg'nɪfəsnt,,n.壮丽的；华丽的,四级
maid,med,,n.女佣，女仆；少女,四级
mail,mel,,n.邮件 v.邮寄,四级
main,meɪn,,a.主要的，最重要的,四级
mainland,'menlænd,,n.大陆,四级
mainly,'menli,,ad.主要地，大体上,四级
maintain,men'ten,,v.维持；赡养；维修,四级
maintenance,'mentənəns,,n.维持，保持；维修,四级
major,'medʒɚ,,a.较大的 n.专业,四级
majority,mə'dʒɔrəti,,n.多数，大多数,四级
make,mek,,v.使；做，制造,四级
male,mel,,a.男的，雄的 n.男子,四级
man,mæn,,n.男人；人；人类,四级
manage,'mænɪdʒ,,v.管理；设法；对付,四级
management,'mænɪdʒmənt,,n.管理；经营，处理,四级
manager,'mænɪdʒɚ,,n.经理，管理人,四级
mankind,mæn'kaɪnd,,n.人类,四级
manly,'mænli,,a.男子气概的，果断的,四级
manner,'mænɚ,,n.方式；态度；礼貌,四级
manual,'mænjuəl,,a.体力的 n.手册,四级
manufacture,'mænjə'fæktʃɚ,,v.制造 n.制造；产品,四级
manufacturer,",mænju'fæktʃərɚ",,n.制造商；制造厂,四级
many,'mɛni,,a.许多的 pron.许多人,四级
map,mæp,,n.地图；图；天体图,四级
marble,'mɑrbl,,n.大理石,四级
March,mɑrtʃ,,n.三月,四级
margin,'mɑrdʒən,,n.页边的空白；边缘,四级
marine,mə'rin,,a.海的；海上的,四级
mark,mɑːk,,n.斑点；记号 v.标明,四级
market,'mɑrkɪt,,n.市场；集市；销路,四级
marriage,'mærɪdʒ,,n.结婚，婚姻；婚礼,四级
married,'mærɪd,,a.已婚的；婚姻的,四级
marry,'mæri,,v.娶，嫁 v.结婚,四级
marvellous,'mɑrvələs,,a.奇迹般的；了不起的,四级
Marxism,'ma:ksizəm,,n.马克思主义,四级
Marxist,'mɑrksɪst,,a.马克思主义的,四级
mask,mæsk,,n.面具；伪装 v.掩饰,四级
mass,mæs,,n.众多；团；群众,四级
master,'mæstɚ,,n.主人；能手；硕士,四级
masterpiece,'mæstəpis,,n.杰作，名著,四级
mat,mæt,,n.席子；草席；垫子,四级
match,mætʃ,,n.比赛，竞赛；对手,四级
mate,met,,n.伙伴，同事；配偶,四级
material,mə'tɪrɪəl,,n.材料；素材a物质的,四级
materialism,mə'tɪrɪəlɪzəm,,n.唯物主义,四级
mathematical,",mæθə'mætɪkl",,a.数学的，数学上的,四级
mathematics,",mæθə'mætɪks",,n.数学,四级
maths,mæθs,,n.(英)数学,四级
matter,'mætɚ,,n.事情；物质 v.要紧,四级
mature,mə'tʃʊr,,a.成熟的 v.使成熟,四级
maximum,ˈmæksəməm,,n.最大量 a.最大的,四级
may,me,,v.aux可能；可以，祝,四级
maybe,'mebi,,ad.大概，或许；也许,四级
mayor,'meɚ,,n.市长,四级
me,mi,,pron.(宾格)我,四级
meadow,'mɛdo,,n.草地，牧草地,四级
meal,mil,,n.膳食，一餐,四级
mean,min,,v.作…解释；意指,四级
meaning,'minɪŋ,,n.意义，意思；意图,四级
means,minz,,n.方法，手段，工具,四级
meantime,'min'taɪm,,n.其时，其间 ad.当时,四级
meanwhile,'minwaɪl,,ad.同时，当时,四级
measurable,'mɛʒərəbl,,a.可测量的,四级
measure,'mɛʒɚ,,v.量，测量 n.分量,四级
measurement,'mɛʒɚmənt,,n.衡量，测量；尺寸,四级
meat,mit,,n.肉,四级
mechanic,mə'kænɪk,,n.技工，机械，机修工,四级
mechanical,mɪ'kænɪkəl,,a.机械的；力学的,四级
mechanically,mɪ'kænɪkəli,,ad.机械地,四级
mechanics,mə'kænɪks,,n.力学；技术性细节,四级
medal,'mɛdl,,n.奖章，勋章，纪念章,四级
medical,'mɛdɪkl,,a.医学的；内科的,四级
medicine,'mɛdsn,,n.内服药；医学,四级
Mediterranean,",mɛdətə'renɪən",,n.地中海 a.地中海的,四级
medium,'midɪəm,,n.媒质；中间a中等的,四级
meet,mit,,v.遇见 v.相遇,四级
meeting,'mitɪŋ,,n.聚集，会合，会见,四级
melon,'mɛlən,,n.瓜，甜瓜,四级
melt,,,vi.融化 vt.使融化,四级
member,'mɛmbɚ,,n.成员，会员,四级
memorial,mə'morɪəl,,a.纪念的；记忆的,四级
memory,'mɛməri,,n.记忆；回忆；存储,四级
mend,mɛnd,,v.修理，修补，缝补,四级
mental,'mɛntl,,a.智力的；精神的,四级
mention,'mɛnʃən,,vt&n.提及，说起,四级
menu,'mɛnju,,n.菜单；饭菜，菜肴,四级
merchant,'mɝtʃənt,,n.商人；零售商,四级
mercury,,,n.水银，汞,四级
mercy,'mɝsi,,n.仁慈，慈悲，恩惠,四级
mere,mɪr,,a.仅仅的；纯粹的,四级
merely,'mɪrli,,ad.仅仅，只不过,四级
merit,'mɛrɪt,,n.长处，优点；功过,四级
merry,'mɛri,,a.欢乐的，愉快的,四级
mess,mɛs,,n.混乱，混杂，肮脏,四级
message,'mɛsɪdʒ,,n.信息，消息；启示,四级
messenger,'mɛsndʒɚ,,n.送信者，信使,四级
metal,'mɛtl,,n.金属，金属制品,四级
meter,'mitɚr,,n.计量器，计，表,四级
method,'mɛθəd,,n.方法，办法；教学法,四级
metre,ˈmitɚ,,n.米，公尺,四级
metric,'mɛtrɪk,,a.公制的，米制的,四级
microcomputer,'maɪkrokəm'pjʊtɚ,,n.微型计算机，微机,四级
microphone,'maɪkrə'fon,,n.话筒，麦克风,四级
microscope,'maɪkrəskop,,n.显微镜,四级
midday,",mɪd'de",,n.正午，中午,四级
middle,'mɪdl,,n.中部 a.中部的,四级
midnight,'mɪdnaɪt,,n.午夜，子夜，夜半,四级
midst,mɪdst,,n.中部，中间，当中,四级
might,maɪt,,v.aux可能，会，也许,四级
mild,maɪld,,a.和缓的；温柔的,四级
mile,maɪl,,n.英里,四级
military,'mɪlətɛri,,a.军事的；军人的,四级
milk,mɪlk,,n.乳，牛奶 v.挤(奶),四级
mill,mɪl,,n.磨坊；制造厂,四级
millimetre,"'mili,mi:tə",,n.毫米,四级
million,'mɪljən,,num.百万 n.许多,四级
mind,maɪnd,,n.头脑；理智；记忆,四级
mine,maɪn,,pron.我的,四级
miner,'maɪnɚ,,n.矿工,四级
mineral,'mɪnərəl,,n.矿物 a.矿物的,四级
minimum,'mɪnɪməm,,n.最小量 a.最小的,四级
minister,'mɪnɪstɚ,,n.部长，大臣；公使,四级
ministry,'mɪnɪstri,,n.(政府的)部,四级
minor,'maɪnɚ,,a.较小的；较次要的,四级
minority,maɪ'nɔrəti,,n.少数；少数民族,四级
minus,'maɪnəs,,a.负的 prep.减(去),四级
minute,'mɪnɪt,,n.分，分钟；一会儿,四级
miracle,'mɪrəkl,,n.奇迹，令人惊奇的人,四级
mirror,'mɪrɚ,,n.镜子 v.反映，反射,四级
miserable,'mɪzrəbl,,a.痛苦的，悲惨的,四级
mislead,'mɪs'lid,,v.使误入岐途,四级
miss,mɪs,,n.小姐,四级
missile,'mɪsl,,n.发射物；导弹,四级
missing,'mɪsɪŋ,,a.缺掉的，失去的,四级
mission,'mɪʃən,,n.使命，任务；使团,四级
mist,mɪst,,n.薄雾,四级
mistake,mɪ'stek,,n.错误 v.误解，弄错,四级
Mister,'mistə,,n.先生,四级
mistress,'mɪstrəs,,n.女主人；夫人,四级
misunderstand,",mɪsʌndɚ'stænd",,v.误解，误会，曲解,四级
mix,mɪks,,v.使混合，混淆,四级
mixture,'mɪkstʃɚ,,n.混合；混合物,四级
moan,mon,,n.呻吟声 v.呻吟,四级
mobile,ˈmobəl; ˈmoˌbaɪl; ˈmoˌbil,,a.运动的；流动的,四级
mode,mod,,n.方式，样式,四级
model,'mɑdl,,n.模型；模式；模特儿,四级
moderate,"ˈmɑdərɪt; (for v.,) ˈmɑdərˌeɪt",,a.温和的；有节制的,四级
modern,'mɑdɚn,,a.现代的，近代的,四级
modest,'mɑdɪst,,a.有节制的；谦虚的,四级
modify,'mɑdɪfaɪ,,v.更改，修改；修饰,四级
moist,mɔɪst,,a.湿润的；多雨的,四级
moisture,'mɔɪstʃɚ,,n.潮湿，湿气；温度,四级
molecule,'mɑlɪkjul,,n.分子，克分子,四级
moment,'momənt,,n.片刻，瞬间，时刻,四级
Monday,ˈmʌnde; ˈmʌndɪ,,n.星期一,四级
money,'mʌni,,n.货币；金钱，财富,四级
monitor,'mɔnɪtɚ,,n.班长；监视器,四级
monkey,'mʌŋki,,n.猴子，猿,四级
month,mʌnθ,,n.月，月份,四级
monthly,'mʌnθli,,a.每月的 ad.每月,四级
monument,'mɑnjumənt,,n.纪念碑；纪念馆,四级
mood,mud,,n.心情，情绪；语气,四级
moon,mun,,n.月球，月亮；卫星,四级
moral,'mɔrəl,,a.道德的；合乎道德的,四级
more,mɔr,,a.更多的 ad.更,四级
moreover,mɔr'ovɚ,,ad.再者，加之，此外,四级
morning,'mɔrnɪŋ,,n.早晨，上午,四级
mortal,'mɔrtl,,a.终有一死的；致死的,四级
mosquito,məˈskiːtoʊ,,n.蚊子,四级
most,most,,a.最多的 ad.最，很,四级
mostly,'mostli,,ad.主要的，大部分,四级
mother,'mʌðɚ,,n.母亲，妈妈,四级
motion,'moʃən,,n.运动；手势；提议,四级
motivate,'motə'vet,,v.促动；激励，激发,四级
motive,'motɪv,,n.动机，目的,四级
motor,'motɚ,,n.发动机；机动车,四级
mould,məuld,,n.模子，模型 v.浇铸,四级
mount,maʊnt,,v.登上，爬上 n.…山,四级
mountain,ˈmaʊntn,,n.山，山岳；山脉,四级
mourn,mɔrn,,v.哀痛，哀悼,四级
mouse,maʊs,,n.鼠，耗子,四级
mouth,maʊθ,,n.嘴，口，口腔,四级
mouthful,'maʊθ'fʊl,,n.满口，一口，少量,四级
move,muv,,v.移动；感动 n.动,四级
movement,'muvmənt,,n.动作，活动；移动,四级
movie,'muvi,,n.电影；电影院,四级
much,mʌtʃ,,ad.非常，很 a.许多的,四级
mud,mʌd,,n.软泥，泥浆,四级
muddy,'mʌdi,,a.多泥的，泥泞的,四级
mug,mʌɡ,,n.大杯,四级
multiple,'mʌltəpl,,a.复合的；并联的,四级
multiply,'mʌltɪplaɪ,,v.使增加；乘,四级
murder,'mɝdɚ,,n&vi.谋杀，凶杀,四级
murderer,'mɝdərɚ,,n.杀人犯，凶手,四级
muscle,'mʌsl,,n.肌肉，肌；体力,四级
museum,mju'ziəm,,n.博物馆；展览馆,四级
mushroom,'mʌʃrʊm,,n.蘑菇，菌类植物,四级
music,'mjuzɪk,,n.音乐，乐曲，乐谱,四级
musical,'mjuzɪkl,,a.音乐的；和谐的,四级
musician,mjʊ'zɪʃən,,n.音乐家；作曲家,四级
must,mʌst,,v.aux必须；必然要,四级
mute,mjut,,a.缄默的 n.哑巴,四级
mutter,'mʌtɚ,,v.轻声低语；抱怨,四级
mutton,'mʌtn,,n.羊肉,四级
mutual,'mjutʃuəl,,a.相互的；共同的,四级
my,maɪ,,pron.我的,四级
myself,maɪ'sɛlf,,pron.我自己；我亲自,四级
mysterious,mɪ'stɪrɪəs,,a.神秘的；难以理解的,四级
mystery,ˈmɪstri,,n.神秘；神秘的事物,四级
nail,nel,,n.钉；指甲 v.钉,四级
naked,'nekɪd,,a.裸体的；无遮敝的,四级
name,nem,,n.名字；名誉 v.说出,四级
namely,'nemli,,ad.即，也就是,四级
nap,næp,,n.小睡，打盹，瞌睡,四级
narrow,'næro,,a.狭的，狭窄的,四级
nasty,'næsti,,a.龌龊的；淫猥的,四级
nation,'neʃən,,n.民族；国家,四级
national,'næʃnəl,,a.民族的；国家的,四级
nationality,",næʃə'næləti",,n.国籍；民族，族,四级
native,'netɪv,,a.本土的 n.本地人,四级
natural,'nætʃrəl,,a.自然界的；天然的,四级
naturally,'nætʃrəli,,ad.自然地；天然地,四级
nature,'netʃɚ,,n.大自然；本性；性质,四级
naughty,'nɔti,,a.顽皮的，淘气的,四级
naval,'nevl,,a.海军的，军舰的,四级
navigation,'nævə'geʃən,,n.航行；航海术；导航,四级
navy,'nevi,,n.海军,四级
near,nɪr,,ad.近，接近 a.近的,四级
nearby,",nɪr'baɪ",,a.附近的 ad.在附近,四级
nearly,'nɪrli,,ad.差不多；密切地,四级
neat,nit,,a.整洁的；熟练的,四级
necessarily,",nɛsə'sɛrəli",,ad.必然，必定,四级
necessary,ˈnɛsəˌsɛri,,a.必要的；必然的,四级
necessity,nə'sɛsəti,,n.必要性；必然性,四级
neck,nɛk,,n.颈，脖子,四级
necklace,'nɛkləs,,n.项链，项圈,四级
need,nid,,v.需要 v.aux需要,四级
needle,'nidl,,n.针，缝补，编织针,四级
needless,,,a.不需要的,四级
negative,'nɛɡətɪv,,a.否定的；消极的,四级
neglect,nɪ'glɛkt,,v.忽视，忽略；疏忽,四级
Negro,'nigro,,n.黑人,四级
neighbour,'neɪbə(r); 'neɪbɚ,,n.邻居，邻国，邻人,四级
neighbourhood,nebɚˌhʊd,,n.邻居关系；邻近,四级
neither,ˈniðɚ; ˈnaɪðɚ,,a.(两者)都不的,四级
nephew,'nɛfju,,n.侄子，外甥,四级
nerve,nɝv,,n.神经；勇敢，胆量,四级
nervous,'nɝvəs,,a.神经的；易激动的,四级
nest,nɛst,,n.巢，窝，穴,四级
net,nɛt,,n.网，网状物；通信网,四级
network,'nɛtwɝk,,n.网状物；网络,四级
neutral,'nʊtrəl,,a.中立的；中性的,四级
never,'nɛvɚ,,ad.永不，决不；不,四级
nevertheless,",nɛvɚðə'lɛs",,conj.然而 ad.仍然,四级
new,nu,,a.新的；新近出现的,四级
newly,'nuli,,ad.新近，最近,四级
news,nuz,,n.新闻，消息,四级
newspaper,'nuzpepɚ,,n.报纸，报,四级
next,nɛkst,,a.紧接的；贴近的,四级
nice,naɪs,,a.美好的，令人愉快的,四级
niece,nis,,n.侄女，外甥女,四级
night,naɪt,,n.夜，夜间,四级
nine,naɪn,,num.九，九个,四级
nineteen,",naɪn'tin",,num.十九，十九个,四级
ninety,'naɪnti,,num.九十，九十个,四级
ninth,naɪnθ,,num.第九；九分之一,四级
nitrogen,'naɪtrədʒən,,n.氮,四级
no,no,,ad.不；并不 a.没有,四级
noble,'nobl,,a.贵族的；高尚的,四级
nobody,"'nəubədi, -bɔdi",,pron.谁也不；无人,四级
nod,nɑd,,v.点(头)；点头表示,四级
noise,nɔɪz,,n.喧闹声；响声；噪声,四级
noisy,'nɔɪzi,,a.嘈杂的；喧闹的,四级
none,nʌn,,pron.没有人 ad.毫不,四级
nonsense,,,n.胡说，废话,四级
noon,nun,,n.正午，中午,四级
nor,nɔr,,conj.也不；不,四级
normal,'nɔrml,,a.正常的，普通的,四级
normally,'nɔrmli,,ad.通常，正常地,四级
north,nɔrθ,,n.北，北方 a.北方的,四级
northeast,'nɔrθ'ist,,n.东北 a.位于东北的,四级
northern,'nɔrðɚn,,a.北方的，北部的,四级
northwest,'nɔrθ'wɛst,,n.西北 a.位于西北的,四级
nose,noz,,n.鼻子；突出部分,四级
not,nɑt,,ad.不，没有,四级
note,not,,n.笔记；便条；注释,四级
notebook,'notbʊk,,n.笔记本，期票簿,四级
nothing,'nʌθɪŋ,,n.没有东西 ad.毫不,四级
notice,'notɪs,,v.注意 n.通知；注意,四级
noticeable,'notɪsəbl,,a.显而易见的；重要的,四级
noun,naʊn,,n.名词,四级
novel,ˈnɑːvl,,n.小说 a.新的,四级
November,no'vɛmbɚ,,n.十一月,四级
now,naʊ,,ad.现在；立刻；于是,四级
nowadays,'naʊədez,,ad.现今，现在,四级
nowhere,'no'wɛr,,ad.任何地方都不,四级
nuclear,'nuklɪɚ,,a.原子核的；核心的,四级
nucleus,'nuklɪəs,,n.核，核心；(原子)核,四级
nuisance,'nusns,,n.讨厌的东西,四级
number,'nʌmbɚ,,n.数，数字；号码,四级
numerous,'numərəs,,a.为数众多的；许多,四级
nurse,nɝs,,n.保姆；护士 v.看护,四级
nursery,'nɝsəri,,n.托儿所；苗圃,四级
nut,nʌt,,n.坚果，干果；螺母,四级
nylon,'naɪlɑn,,n.尼龙，耐纶,四级
oak,ok,,n.栎属植物；栎木,四级
oar,ɔr,,n.浆，橹,四级
obey,ə'be,,v.顺从 v.服从,四级
object,'ɑbdʒɛkt,,n.物，物体；目的,四级
objection,əb'dʒɛkʃən,,n.反对，异议；不喜欢,四级
objective,əb'dʒɛktɪv,,a.客观的；无偏见的,四级
oblige,ə'blaɪdʒ,,v.迫使；施恩惠于,四级
observation,",ɑbzɚ'veʃən",,n.注意；观察；观察力,四级
observe,əb'zɝv,,v.遵守；看到；说,四级
observer,əb'zɝvɚ,,n.观察员，观测者,四级
obstacle,'ɑbstəkl,,n.障碍，障碍物，妨害,四级
obtain,əb'ten,,v.获得，得到，买到,四级
obvious,'ɑbvɪəs,,a.明显的，显而易见的,四级
obviously,'ɑbvɪəsli,,ad.明显地，显然地,四级
occasion,ə'keʒn,,n.场合，时刻；时机,四级
occasional,ə'keʒənl,,a.偶然的；临时的,四级
occasionally,,,ad.偶然；非经常地,四级
occupation,",ɑkju'peʃən",,n.占领，占据；职业,四级
occupy,'ɑkjupaɪ,,v.占领；占，占有,四级
occur,ə'kɝ,,v.发生；出现，存在,四级
occurrence,ə'kʌrəns,,n.发生，出现；事件,四级
ocean,,,n.海洋；洋,四级
Oceania,",oʃɪ'ænɪə",,n.大洋洲,四级
October,ɑk'tobɚ,,n.十月,四级
odd,ɑd,,a.奇数的；单只的,四级
odour,'əudə,,n.气味，香气；味道,四级
of,ʌv; əv,,prep.…的；由于,四级
off,ɔf,,ad.(离)开；(停)止,四级
offend,ə'fɛnd,,v.冒犯 v.犯过错,四级
offer,'ɔfɚ,,v.提供；提出 n.提供,四级
office,'ɔfɪs,,n.办公室；处，局，社,四级
officer,'ɔfɪsɚ,,n.官员；干事；军官,四级
official,,,a.官员的；官方的,四级
often,'ɔf(tə)n; 'ɑf(tə)n,,ad.经常，常常,四级
oh,o,,int.嗬，哦，唉呀,四级
oil,ɔɪl,,n.油；石油 v.加油于,四级
okay,",o'kɛi",,(缩作OK)a&ad.对，好,四级
old,old,,a.老的；…岁的,四级
omit,ə'mɪt,,v.省略，省去；遗漏,四级
on,ɑn,,prep.在…上；在…旁,四级
once,wʌns,,ad.一次；曾经 n.一次,四级
one,wʌn,,num.一 pron.一个人,四级
oneself,wʌn'sɛlf,,pron.自己；亲自,四级
onion,'ʌnjən,,n.洋葱，洋葱头,四级
only,'onli,,ad.只，仅仅 a.唯一的,四级
onto,"ˈɑnˌtu, -tə, ˈɔn-",,prep.到…上,四级
open,'opən,,a.开的；开放的 v.开,四级
opening,'opənɪŋ,,a.开始的 n.开始,四级
opera,'ɑprə,,n.歌剧,四级
operate,'ɑpə'ret,,v.操作；施行手术,四级
operation,",ɑpə'reʃən",,n.操作；手术；运算,四级
operational,'ɑpə'reʃənl,,a.操作上的；可使用的,四级
operator,'ɑpəretɚ,,n.操作人员，接线员,四级
opinion,ə'pɪnjən,,n.意见，看法，主张,四级
opponent,ə'ponənt,,n.对手，敌手；对抗者,四级
opportunity,"ˌɑpɚˈtunɪti, -ˈtju-",,n.机会，良机,四级
oppose,ə'poz,,v.反对；反抗,四级
opposite,ˈɑpəzɪt; ˈɑpəsɪt,,a.对面的 n.对立物,四级
oppress,ə'prɛs,,v.压迫，压制；压抑,四级
optical,'ɑptɪkl,,a.眼的；光学的,四级
optimistic,",ɑptɪ'mɪstɪk",,a.乐观的；乐观主义的,四级
option,'ɑpʃən,,n.选择，选择权,四级
optional,'ɑpʃənl,,a.可以任意选择的,四级
or,ɔr,,conj.或，或者；即,四级
oral,'ɔrəl,,a.口头的；口的,四级
orange,'ɔrɪndʒ,,n.橙(树)；柑(树),四级
orbit,'ɔrbɪt,,n.运行轨道 v.环绕,四级
orchestra,,,n.管弦乐队,四级
order,'ɔrdɚ,,n.次序；整齐 v.命令,四级
orderly,'ɔrdɚli,,a.整洁的；有秩序的,四级
ordinary,'ɔrdnɛri,,a.平常的；平凡的,四级
ore,ɔr,,n.矿，矿石，矿砂,四级
organ,'ɔrɡən,,n.器官；机构；管风琴,四级
organic,ɔr'gænɪk,,a.有机体的；器官的,四级
organism,'ɔrɡənɪzəm,,n.生物体；有机体,四级
organization,",ɔrɡənə'zeʃən",,n.组织；团体，机构,四级
organize,ɔrɡənˌaɪz,,v.组织，编组,四级
oriental,",orɪ'ɛntəl",,a.东方的；东方国家的,四级
origin,'ɔrɪdʒɪn,,n.起源，由来；出身,四级
original,ə'rɪdʒənl,,a.最初的；新颖的,四级
ornament,'ɔrnəmənt,,n.装饰物；装饰,四级
orphan,'ɔrfn,,n.孤儿,四级
other,'ʌðɚ,,a.另外的；其余的,四级
otherwise,'ʌðɚwaɪz,,ad.另外；要不然,四级
ought,ɔt,,v.aux应当，应该,四级
ounce,aʊns,,n.盎司，英两,四级
our,aʊr,,pron.我们的,四级
ours,ɑrz,,pron.我们的,四级
ourselves,ɑr'sɛlvz,,pron.我们自己,四级
out,aʊt,,ad.出，在外；现出来,四级
outcome,'aʊt'kʌm,,n.结果，后果，成果,四级
outdoor,'aʊt'dɔr,,a.户外的，室外的,四级
outdoors,'aʊt'dɔrz,,ad.在户外，在野外,四级
outer,'aʊtɚ,,a.外部的，外面的,四级
outlet,'aʊtlɛt,,n.出口，出路；排遣,四级
outline,'aʊtlaɪn,,n.轮廓；略图；大纲,四级
outlook,'aʊtlʊk,,n.观点，看法；展望,四级
output,'aʊtpʊt,,n.产量；输出量；输出,四级
outset,'aʊtsɛt,,n.开始，开端,四级
outside,",aʊt'saɪd",,n.外部；外表a外部的,四级
outskirt,"'aʊt,skɝt",,n.外边，郊区,四级
outstanding,'aʊt'stændɪŋ,,a.突出的，杰出的,四级
outward,'aʊtwɚd,,a.外面的；向外的,四级
outwards,'aʊtwɚdz,,ad.向外，往海外,四级
oven,'ʌvn,,n.炉，灶；烘箱,四级
over,'ovɚ,,prep.在…上方；超过,四级
overall,",ovə'rɔl",,n.工装裤 a.全面的,四级
overcoat,'ovɚkot,,n.外衣，大衣,四级
overcome,",ovɚ'kʌm",,v.战胜，克服,四级
overhead,,,a.在头顶上的；架空的,四级
overlook,",ovɚ'lʊk",,v.眺望；看漏；放任,四级
overnight,'ovənaɪt,,ad.一夜；突然,四级
overseas,",ovɚ'siz",,ad.海外 a.在海外的,四级
overtake,",ovɚ'tek",,v.追上，赶上；压倒,四级
overtime,",ovə'taɪm",,a.超时的，加班的,四级
owe,o,,v.欠；应把…归功于,四级
owl,aʊl,,n.猫头鹰，枭,四级
own,on,,a.自己的 v.有，拥有,四级
owner,'onɚ,,n.物主，所有人,四级
ownership,'onɚʃɪp,,n.所有(权)，所有制,四级
ox,ɑks,,n.牛；公牛，阉牛,四级
pace,pes,,n.步，步速 v.踱步,四级
pacific,pə'sɪfɪk,,a.和平的 n.太平洋,四级
pack,pæk,,v.捆扎；挤满 n.包,四级
package,'pækɪdʒ,,n.包裹，包，捆,四级
packet,'pækɪt,,n.小包(裹)，小捆,四级
pad,pæd,,n.垫；本子 v.填塞,四级
page,peɪdʒ,,n.页,四级
pain,pen,,n.痛，疼痛；辛苦,四级
painful,'penfl,,a.使痛的；费力的,四级
paint,peɪnt,,v.画；油漆 v.绘画,四级
painter,'pentɚ,,n.漆工，画家，绘画者,四级
painting,'pentɪŋ,,n.油画；绘画；着色,四级
pair,pɛr,,n.一对 v.成对，配对,四级
palace,'pælis,,n.宫，宫殿,四级
pale,,,a.苍白的；浅的,四级
palm,pɑm,,n.手掌，手心；掌状物,四级
pan,pæn,,n.平底锅，盘子,四级
panel,'pænl,,n.专门小组；面，板,四级
paper,'pepɚ,,n.纸；官方文件；文章,四级
parade,pə'red,,n.游行；检阅 v.游行,四级
paragraph,'pærəɡræf,,n.(文章的)段，节,四级
parallel,'pærəlɛl,,a.平行的；相同的,四级
parcel,'pɑrsl,,n.包裹，小包，邮包,四级
pardon,'pɑrdn,,n.原谅；赦免 v.原谅,四级
parent,'pɛrənt,,n.父亲，母亲，双亲,四级
park,pɑrk,,n.公园；停车场,四级
parliament,'pɑrləmənt,,n.议会，国会,四级
part,pɑrt,,n.一部分；零件；本份,四级
partial,'pɑrʃəl,,a.部分的；不公平的,四级
participate,pɑr'tɪsə'pet,,v.参与，参加；分享,四级
particle,'pɑrtɪkl,,n.粒子，微粒,四级
particular,pɚ'tɪkjəlɚ,,a.特殊的；特定的,四级
particularly,pɚ'tɪkjəlɚli,,ad.特别，尤其，格外,四级
partly,'pɑrtli,,ad.部分地，不完全地,四级
partner,'pɑrtnɚ,,n.伙伴；搭挡；配偶,四级
party,'pɑrti,,n.党，党派；聚会,四级
pass,pæs,,v.经过；通过；度过,四级
passage,'pæsɪdʒ,,n.通过；通路，通道,四级
passenger,'pæsɪndʒɚ,,n.乘客，旅客，过路人,四级
passion,'pæʃən,,n.激情，热情；爱好,四级
passive,'pæsɪv,,a.被动的；消极的,四级
passport,'pæspɔrt,,n.护照,四级
past,pæst,,a.过去的 n.过去,四级
paste,pest,,n.糊，酱；浆湖,四级
pat,pæt,,n&vt&n.轻拍,四级
patch,pætʃ,,n.补钉；碎片 v.补缀,四级
path,pæθ,,n.路，小道；道路,四级
patience,'peʃns,,n.忍耐，容忍，耐心,四级
patient,'peʃnt,,a.忍耐的 n.病人,四级
pattern,'pætɚn,,n.型，式样，模，模型,四级
pause,pɔz,,n&vi.中止，暂停,四级
paw,,,n.脚爪，爪子,四级
pay,pe,,v.支付；付给；给予,四级
payment,'pemənt,,n.支付，支付的款项,四级
pea,pi,,n.豌豆；豌豆属植物,四级
peace,pis,,n.和平；和睦；平静,四级
peaceful,'pisfəl,,a.和平的；安静的,四级
peach,pitʃ,,n.桃子，桃树,四级
peak,pik,,n.山顶，巅 a.最高的,四级
pear,pɛr,,n.梨子，梨树,四级
peasant,'pɛznt,,n.农民,四级
peculiar,pɪ'kjulɪɚ,,a.特有的；特别的,四级
pen,pɛn,,n.钢笔，自来水笔,四级
pencil,'pɛnsl,,n.铅笔,四级
penetrate,,,vt.穿过 vi.穿入,四级
penny,'pɛni,,n.(英)便士；(美)分,四级
people,'pipl,,n.人民，民族；人,四级
per,pɚ,,prep.每,四级
perceive,pɚ'siv,,v.察觉，发觉；理解,四级
percent,pɚ'sɛnt,,n.百分之…,四级
percentage,pɚ'sɛntɪdʒ,,n.百分比，百分率,四级
perfect,ˈpɝfɪkt; (for v.) pɝˈfɛkt,,a.完美的；完全的,四级
perform,pɚ'fɔrm,,v.履行，执行；演出,四级
performance,pɚ'fɔrməns,,n.履行；演出；行为,四级
perhaps,pɚ'hæps,,ad.也许，可能，多半,四级
period,'pɪrɪəd,,n.时期；学时；句号,四级
permanent,'pɝmənənt,,a.永久的，持久的,四级
permission,pɚ'mɪʃən,,n.允许，许可，同意,四级
permit,pɚ'mɪt,,v.允许 n.执照,四级
persist,pɚ'sɪst,,v.坚持，固执；持续,四级
person,'pɝsn,,n.人；人身；本人,四级
personal,'pɝsənl,,a.个人的；本人的,四级
personnel,",pɝsə'nɛl",,n.全体人员，全体职员,四级
perspective,pɚ'spɛktɪv,,n.透视；远景；观点,四级
persuade,pɚ'swed,,v.说服 v.被说服,四级
pessimistic,",pɛsɪ'mɪstɪk",,a.悲观的；厌世的,四级
pet,pɛt,,n.爱畜；宠儿a宠爱的,四级
petrol,'pɛtrəl,,n.(英)汽油,四级
petroleum,pə'trolɪəm,,n.石油,四级
phase,fez,,n.阶段；方面；相位,四级
phenomenon,fə'nɑmɪnən,,n.现象,四级
philosopher,fə'lɑsəfɚ,,n.哲学家,四级
philosophy,fə'lɑsəfi,,n.哲学；哲理；人生观,四级
phone,fon,,n.电话，电话机；耳机,四级
photo,'foto,,n.照片，相片,四级
photograph,'fotəɡræf,,n.照片，相片,四级
phrase,frez,,n.短语；习惯用语,四级
physical,'fɪzɪkl,,a.物质的；物理的,四级
physician,fɪ'zɪʃən,,n.医生，内科医生,四级
physicist,'fɪzɪsɪst,,n.物理学家,四级
physics,'fɪzɪks,,n.物理学,四级
piano,pɪ'æno,,n.钢琴,四级
pick,pɪk,,n.镐，鹤嘴锄,四级
picnic,'pɪknɪk,,n.郊游，野餐 v.野餐,四级
picture,'pɪktʃɚ,,n.画，图片 v.画,四级
pie,paɪ,,n.(西点)馅饼,四级
piece,pis,,n.碎片，块 v.拼合,四级
pierce,pɪrs,,v.剌穿 v.穿入,四级
pig,pɪɡ,,n.猪，小猪，野猪,四级
pigeon,'pɪdʒɪn,,n.鸽子,四级
pile,paɪl,,n.堆 v.堆叠，累积,四级
pill,pɪl,,n.药丸，丸剂,四级
pillar,'pɪlɚ,,n.柱，柱子；栋梁,四级
pillow,'pɪlo,,n.枕头,四级
pilot,'paɪlət,,n.领航员；飞行员,四级
pin,pɪn,,n.针，饰针 n.别住,四级
pinch,pɪntʃ,,v.捏，拧，掐掉,四级
pine,paɪn,,n.松树，松木,四级
pink,pɪŋk,,n.粉红色 a.粉红色的,四级
pint,paɪnt,,n.品脱,四级
pioneer,",paɪə'nɪr",,n.拓荒者；先驱者,四级
pipe,paɪp,,n.管子，导管；烟斗,四级
pit,pɪt,,n.坑，地坑；煤矿,四级
pitch,pɪtʃ,,n.沥青,四级
pity,'pɪti,,n.怜悯；遗憾 v.同情,四级
place,ples,,n.地方，地点；住所,四级
plain,plen,,n.平原 a.清楚的,四级
plan,plæn,,n&vt.计划，打算,四级
plane,plen,,n.平面；飞机,四级
planet,'plænɪt,,n.行星,四级
plant,plænt,,n.植物；工厂 v.栽种,四级
plantation,plæn'teʃən,,n.种植园；栽植,四级
plastic,'plæstɪk,,a.可塑的 n.塑料,四级
plate,pleɪt,,n.板，片，盘 v.电镀,四级
platform,'plæt'fɔrm,,n.平台；站台；讲台,四级
play,ple,,v.玩，游戏；演奏,四级
player,'pleɚ,,n.游戏的人；比赛者,四级
playground,'ple'graʊnd,,n.操场，运动场,四级
pleasant,'plɛznt,,a.令人愉快的，舒适的,四级
please,pliz,,v.使高兴，请vi满意,四级
pleasure,ˈplɛʒɚ,,n.愉快，快乐；乐事,四级
plentiful,'plɛntɪfəl,,a.丰富的，富裕的,四级
plenty,'plɛnti,,n.丰富，充足，大量,四级
plot,plɑt,,n.小块土地 v.密谋,四级
plough,plaʊ,,n.犁 vt&vi.犁，耕,四级
plug,plʌɡ,,n.塞子；插头 v.塞,四级
plunge,plʌndʒ,,v.使投入；使陷入,四级
plural,'plʊrəl,,a.复数的 n.复数,四级
plus,plʌs,,prep.加，加上 a.正的,四级
pocket,'pɑkɪt,,n.衣袋 n.袖珍的,四级
poem,'poəm,,n.诗，韵文，诗体文,四级
poet,'poət,,n.诗人,四级
poetry,'poətri,,n.诗，诗歌，诗作,四级
point,pɔɪnt,,n.点；要点；细目；分,四级
poison,'pɔɪzn,,n.毒，毒药 v.毒害,四级
poisonous,'pɔɪzənəs,,a.有毒的，有害的,四级
pole,pol,,n.杆，柱,四级
police,pə'lis,,n.警察；警察当局,四级
policeman,pə'lismən,,n.警察,四级
policy,'pɑləsi,,n.政策，方针,四级
polish,'pɑlɪʃ,,v.磨光；使优美,四级
polite,pə'laɪt,,a.有礼貌的；有教养的,四级
political,pə'lɪtɪkl,,a.政治的，政治上的,四级
politician,",pɑlə'tɪʃən",,n.政治家；政客,四级
politics,'pɑlətɪks,,n.政治，政治学；政纲,四级
pollute,pə'lut,,v.弄脏，污染，沾污,四级
pollution,pə'luʃən,,n.污染,四级
pond,pɑnd,,n.池塘,四级
pool,pul,,n.水塘，游泳池，水池,四级
poor,pʊr,,a.贫穷的；贫乏的,四级
pop,pɑp,,n.流行音乐，流行歌曲,四级
popular,'pɑpjəlɚ,,a.民众的；流行的,四级
population,",pɑpju'leʃən",,n.人口；全体居民,四级
pork,pɔrk,,n.猪肉,四级
port,pɔrt,,n.港，港口,四级
portable,'pɔrtəbl,,a.轻便的；手提的,四级
porter,'pɔrtɚ,,n.搬运工人,四级
portion,'pɔrʃən,,n.一部分；一分,四级
portrait,'pɔrtrɪt,,n.消像，画像,四级
position,pə'zɪʃən,,n.位置；职位；姿势,四级
positive,'pɑzətɪv,,a.确定的；积极的,四级
possess,pə'zɛs,,v.占用，拥有(财产),四级
possession,pə'zɛʃən,,n.有，所有；占有物,四级
possibility,",pɑsə'bɪləti",,n.可能；可能的事,四级
possible,'pɑsəbl,,a.可能的；可能存在的,四级
possibly,'pɑsəbli,,ad.可能地；也许,四级
post,post,,n.柱，桩，杆 v.贴出,四级
postage,'postɪdʒ,,n.邮费，邮资,四级
postman,'postmən,,n.邮递员,四级
postpone,po'spon,,v.延迟，推迟，延缓,四级
pot,pɑt,,n.锅，壶，罐，盆,四级
potato,pə'teto,,n.马铃薯，土豆,四级
potential,pə'tɛnʃl,,a.潜在的 n.潜力,四级
pound,paʊnd,,n.磅；英磅,四级
pour,pɔr,,v.灌，倒 v.倾泻,四级
poverty,'pɑvɚti,,n.贫穷，贫困,四级
powder,'paʊdɚ,,n.粉末；药粉；火药,四级
power,'paʊɚ,,n.能力；力；权；幂,四级
powerful,'paʊɚfl,,a.强有力的；有权威的,四级
practical,'præktɪkl,,a.实践的；实用的,四级
practically,'præktɪkli,,ad.实际上；几乎,四级
practice,'præktɪs,,n.实践；练习；业务,四级
practise,'præktɪs,,v.练习，实习，训练,四级
praise,prez,,n.赞扬，赞美 v.赞扬,四级
pray,pre,,vt&vi.请求；祈祷,四级
precaution,prɪ'kɔʃən,,n.预防；警惕,四级
preceding,'prisidɪŋ,,a.在前的；在先的,四级
precious,'prɛʃəs,,a.珍贵的，宝贵的,四级
precise,prɪ'saɪs,,a.精确的，准确的,四级
precision,prɪ'sɪʒn,,n.精确，精密，精密度,四级
predict,prɪ'dɪkt,,v.预言，预告，预测,四级
preface,'prɛfəs,,n.序言，前言，引语,四级
prefer,prɪ'fɝ,,v.宁可，宁愿,四级
preferable,'prɛfrəbl,,a.更可取的，更好的,四级
preference,'prɛfrəns,,n.偏爱，优先；优先权,四级
prejudice,'prɛdʒədɪs,,n.偏见，成见,四级
preliminary,prɪ'lɪmɪnɛri,,a.预备的，初步的,四级
preparation,",prɛpə'reʃən",,n.准备，预备；制备,四级
prepare,prɪ'pɛr,,vt&vi.准备，预备,四级
preposition,",prɛpə'zɪʃən",,n.前置词，介词,四级
prescribe,prɪ'skraɪb,,v.命令；处(方),四级
presence,'prɛzns,,n.出席，到场；在,四级
present,'prɛznt,,a.现在的 n.目前,四级
presently,'prɛzntli,,ad.一会儿；目前,四级
preserve,prɪ'zɝv,,v.保护；保存；腌渍,四级
president,'prɛzɪdənt,,n.总统；校长；会长,四级
press,prɛs,,v.压，按，揿；催促,四级
pressure,'prɛʃɚ,,n.压力；压力；压，按,四级
pretend,prɪ'tɛnd,,v.假托，借口vi假装,四级
pretty,'prɪti,,a.漂亮的，标致的,四级
prevail,pri'vel,,v.胜，优胜；流行,四级
prevent,pri'vɛnt,,v.预防，防止；阻止,四级
previous,'privɪəs,,a.先的；前的 ad.在前,四级
price,praɪs,,n.价格，价钱；代价,四级
pride,praɪd,,n.骄傲；自豪 v.自夸,四级
primarily,praɪ'mɛrəli,,ad.首先；主要地,四级
primary,'praɪmɛri,,a.最初的；基本的,四级
prime,praɪm,,a.首要的 n.春，青春,四级
primitive,'prɪmətɪv,,a.原始的；粗糙的,四级
prince,prɪns,,n.王子，亲王,四级
princess,prɪnˌsɛs,,n.公主，王妃,四级
principal,'prɪnsəpl,,a.主要的 n.负责人,四级
principle,'prɪnsəpl,,n.原则，原理；主义,四级
print,prɪnt,,v.印刷 n.印刷；正片,四级
prior,'praɪɚ,,a.在先的；优先的,四级
prison,'prɪzn,,n.监狱，监禁,四级
prisoner,'prɪznɚ,,n.囚犯,四级
private,'praɪvət,,a.私人的；私下的,四级
privilege,ˈprɪvəlɪdʒ,,n.特权，优惠,四级
prize,praɪz,,n.奖赏，奖金 v.珍视,四级
probability,'prɑbə'bɪləti,,n.可能性；概率,四级
probable,'prɑbəbl,,a.或有的；大概的,四级
probably,,,ad.或许，大概,四级
problem,'prɑbləm,,n.问题；习题，问题,四级
procedure,prə'sidʒɚ,,n.程序；手续；过程,四级
proceed,pro'sid,,v.进行；继续进行,四级
process,'prɑsɛs,,n.过程；工序 v.加工,四级
procession,prə'sɛʃən,,n.队伍，行列,四级
produce,prə'dus,,v.生产；产生；展现,四级
product,'prɑdʌkt,,n.产品，产物；(乘)积,四级
production,prə'dʌkʃən,,n.生产；产品；总产量,四级
profession,prə'fɛʃən,,n.职业,四级
professional,prə'fɛʃənl,,a.职业的 n.专业人员,四级
professor,,,n.教授,四级
profit,'prɑfɪt,,n.益处；利润 v.得益,四级
program,'proɡræm,,n.节目单；大纲；程序,四级
progress,'prɑɡrɛs,,n.前进，进展；进步,四级
progressive,prə'ɡrɛsɪv,,a.进步的；向前进的,四级
prohibit,prə'hɪbɪt,,v.禁止，阻止,四级
project,prəˈdʒɛkt; prɑdʒɛkt,,n.方案，工程 v.伸出,四级
prominent,'prɑmɪnənt,,a.实起的；突出的,四级
promise,'prɑmɪs,,n.诺言；指望 v.允诺,四级
promote,prə'mot,,v.促进，发扬；提升,四级
prompt,prɑmpt,,a.及时的 v.敦促,四级
pronoun,'pronaʊn,,n.代名词,四级
pronounce,prə'naʊns,,v.发…的音；宣布,四级
pronunciation,"prə,nʌnsɪ'eʃən",,n.发音，发音法,四级
proof,pruf,,n.证据；证明；校样,四级
proper,'prɑpɚ,,a.适合的；合乎体统的,四级
property,'prɑpɚti,,n.财产，资产；性质,四级
proportion,prə'pɔrʃən,,n.比，比率，部分,四级
proportional,prə'pɔrʃənl,,a.比例的；相称的,四级
proposal,prə'pozl,,n.提议，建议；求婚,四级
propose,prə'poz,,v.提议 v.求婚,四级
prospect,'prɑspɛkt,,n.展望；前景，前程,四级
prosperity,prɑ'spɛrəti,,n.繁荣；昌盛，兴旺,四级
prosperous,'prɑspərəs,,a.繁荣的，昌盛的,四级
protect,prə'tɛkt,,v.保护，保卫，警戒,四级
protection,prə'tɛkʃən,,n.保护，警戒,四级
protective,prə'tɛktɪv,,a.保护的，防护的,四级
protein,'protin,,n.蛋白质，朊,四级
protest,ˈproʊtest,,vt&vi&n.抗议,四级
proud,praʊd,,a.骄傲的；自豪的,四级
prove,pruv,,v.证明 v.结果是,四级
provide,prə'vaɪd,,v.提供；装备，供给,四级
provided,,,conj.以…为条件,四级
province,'prɑvɪns,,n.省；领域，部门,四级
provision,prə'vɪʒn,,n.供应；预备；存粮,四级
psychological,",saɪkə'lɑdʒɪkl",,a.心理的，心理学的,四级
public,'pʌblɪk,,a.公众的 n.公众,四级
publication,",pʌblɪ'keʃən",,n.公布；出版；出版物,四级
publish,'pʌblɪʃ,,v.公布；发表；出版,四级
pull,pʊl,,v.拉，拖；拉，拉力,四级
pulse,pʌls,,n.脉搏；脉冲，脉动,四级
pump,pʌmp,,n.泵 v.用抽机抽,四级
punch,pʌn(t)ʃ,,v.冲出 n.冲压机,四级
punctual,'pʌŋtʃʊəl,,a.严守时刻的；准时的,四级
punish,'pʌnɪʃ,,v.罚，惩罚，处罚,四级
pupil,pjupl,,n.学生，小学生,四级
purchase,'pɝtʃəs,,n.买，购买 v.买,四级
pure,pjʊr,,a.纯粹的；纯洁的,四级
purple,'pɝpl,,n.紫色 a.紫的,四级
purpose,'pɝpəs,,n.目的；意图；效果,四级
purse,pɝs,,n.钱包，小钱袋，手袋,四级
pursue,pə'sʊ,,v.追赶，追踪；进行,四级
push,pʊʃ,,v.推，逼迫 v.推,四级
put,pʊt,,v.放，摆；使处于,四级
puzzle,'pʌzl,,n.难题；谜 v.使迷惑,四级
qualify,ˈkwɑləˌfaɪ,,v.使具有资格,四级
quality,'kwɑləti,,n.质量；品质，特性,四级
quantity,'kwɑntəti,,n.量，数量，分量,四级
quarrel,'kwɔrəl,,n.争吵，吵架，口角,四级
quarter,'kwɔrtɚ,,n.四分之一；一刻钟,四级
queen,kwin,,n.王后；女王,四级
question,'kwɛstʃən,,n.发问；问题；疑问,四级
queue,kju,,n.行列 v.排队等候,四级
quick,kwɪk,,a.快的；敏捷的,四级
quiet,'kwaɪət,,a.寂静的；安静的,四级
quit,kwɪt,,v.离开，退出；停止,四级
quite,kwaɪt,,ad.完全；相当；的确,四级
quotation,kwo'teʃən,,n.引用；引文；报价单,四级
quote,kwot,,v.引用，引证；报价,四级
rabbit,'ræbɪt,,n.兔子，野兔,四级
race,res,,n.比赛，竞赛，竞争,四级
racial,'reʃl,,a.种族的，人种的,四级
rack,ræk,,n.搁物架；行李架,四级
radar,'redɑr,,n.雷达，无线电探测器,四级
radiation,",redɪ'eʃən",,n.放射，发射；辐射能,四级
radio,'redɪo,,n.无线电；收音机,四级
radioactive,'redɪo'æktɪv,,a.放射性的,四级
radius,'redɪəs,,n.半径,四级
rag,ræɡ,,n.破布，碎布，抹布,四级
rail,rel,,n.横条，横杆；铁轨,四级
railroad,'relrod,,n.铁路 v.由铁路运输,四级
railway,'relwe,,n.铁路，铁道,四级
rain,reɪn,,n.雨，雨水 v.下雨,四级
rainbow,'renbo,,n.虹，彩虹,四级
rainy,'reni,,a.下雨的，多雨的,四级
raise,rez,,v.举起；引起；提高,四级
range,rendʒ,,n.排，行；山脉；范围,四级
rank,ræŋk,,n.排，横行；社会阶层,四级
rapid,'ræpɪd,,a.快的 n.急流,四级
rare,rɛr,,a.稀薄的；稀有的,四级
rarely,'rɛrli,,ad.很少，难得,四级
rat,ræt,,n.老鼠，耗子,四级
rate,ret,,n.比率；速度；价格,四级
rather,'ræðɚ,,ad.宁可，宁愿；相当,四级
ratio,'reʃɪo,,n.比，比率,四级
rational,'ræʃnəl,,a.理性的；出于理性的,四级
raw,rɔ,,a.未煮过的；未加工的,四级
ray,,,n.光线，射线，辐射线,四级
reach,ritʃ,,v.抵达；伸出vi达到,四级
react,ri'ækt,,v.起反应；有影响,四级
reaction,rɪ'ækʃən,,n.反应；反作用,四级
read,"rid; (read, read) rɛd",,v.读，看懂 v.读,四级
reader,'ridɚ,,n.读者；读物，读本,四级
reading,'ridɪŋ,,n.读，阅读；读书,四级
ready,'rɛdi,,a.准备好的；愿意的,四级
real,'riəl,,a.真的；现实的,四级
reality,rɪ'æləti,,n.现实；真实,四级
realize,rɪəˌlaɪz,,v.实现；认识到,四级
really,,,ad.真正地；实在,四级
realm,rɛlm,,n.王国，国土；领域,四级
rear,rɪr,,n.后部，后面；背面,四级
reason,ˈrizən,,n.理由；理性 v.推理,四级
reasonable,'riznəbl,,a.合情合理的；公道的,四级
rebel,rɪ'bɛl,,v.造反 n.造反者,四级
recall,'rikɔl,,v.回想；叫回；收回,四级
receipt,rɪ'sit,,n.收到；收条，收据,四级
receive,rɪ'siv,,v.收到；得到；接待,四级
receiver,rɪ'sivɚ,,n.收受者，收件人,四级
recent,'risnt,,a.新近的，最近的,四级
recently,'risntli,,ad.最近，新近,四级
reception,rɪ'sɛpʃən,,a.接待；招待会；接受,四级
recognition,",rɛkəɡ'nɪʃən",,n.认出，识别；承认,四级
recognize,ˈrɛkəɡˌnaɪz,,v.认识，认出；承认,四级
recommend,'rɛkə'mɛnd,,v.推荐，介绍；劝告,四级
recommendation,",rɛkəmɛn'deʃən",,n.推荐，介绍；劝告,四级
record,(for v.) rɪˈkɔrd; (for n. adj.) ˈrɛkɚd,,n.记录；履历 v.记录,四级
recorder,rɪ'kɔrdɚ,,n.记录者；录音机,四级
recover,rɪ'kʌvɚ,,v.重新获得；挽回,四级
recovery,,,n.重获；痊愈，恢复,四级
red,rɛd,,a.红色的 n.红色,四级
reduce,rɪ'dʊs,,v.减少，减小；简化,四级
reduction,rɪ'dʌkʃən,,n.减少，减小，缩减,四级
refer,rɪ'fɝ,,v.使求助于 v.谈到,四级
reference,'rɛfrəns,,n.参考；出处；提及,四级
refine,rɪ'faɪn,,vt&vi.精炼，提纯,四级
reflect,rɪ'flɛkt,,v.反射；反映；思考,四级
reflection,rɪ'flɛkʃən,,n.反射；映象；反映,四级
reflexion,rɪ'flɛkʃən,,n.反射；映象；反映,四级
reform,rɪ'fɔrm,,vt&n.改革，改良,四级
refresh,ri'frɛʃ,,v.使清新vi恢复精神,四级
refrigerator,rɪ'frɪdʒəretɚ,,n.冰箱，冷藏库,四级
refusal,rɪ'fjuzl,,n.拒绝,四级
refuse,ri'fjʊz,,v.拒绝 v.拒绝,四级
regard,rɪ'ɡɑrd,,v.把…看作；尊敬,四级
regarding,rɪ'ɡɑrdɪŋ,,prep.关于,四级
regardless,rɪ'ɡɑrdləs,,ad.不顾一切地,四级
region,'ridʒən,,n.地区，地带；领域,四级
register,'rɛdʒɪstɚ,,n&vt.登记，注册,四级
regret,rɪ'ɡrɛt,,v.懊悔；抱歉 n.懊悔,四级
regular,'rɛgjəlɚ,,a.规则的；整齐的,四级
regulate,'rɛɡjulet,,v.管理，控制；调整,四级
regulation,ˌrɛɡjəˈleʃən,,n.规则，规章；管理,四级
reinforce,",riɪn'fɔrs",,v.增援，支援；加强,四级
reject,rɪ'dʒɛkt,,v.拒绝；丢掉；驳回,四级
relate,rɪ'let,,v.叙述；使联系,四级
relation,rɪ'leʃən,,n.关系，联系；家属,四级
relationship,rɪ'leʃən'ʃɪp,,n.关系，联系,四级
relative,'rɛlətɪv,,a.有关系的；相对的,四级
relativity,",rɛlə'tɪvəti",,n.相关性；相对性,四级
relax,rɪ'læks,,v.使松弛 v.松弛,四级
release,rɪ'lis,,v.释放；放松；发表,四级
relevant,'rɛləvənt,,a.有关的，贴切的,四级
reliability,"rɪ,laɪə'bɪləti",,n.可靠性,四级
reliable,rɪ'laɪəbl,,a.可靠的，可信赖的,四级
relief,rɪ'lif,,n.减轻；救济；援救,四级
relieve,rɪ'liv,,v.减轻，解除；救济,四级
religion,rɪ'lɪdʒən,,n.宗教；宗教信仰,四级
religious,rɪ'lɪdʒəs,,a.宗教的；虔诚的,四级
reluctant,rɪ'lʌktənt,,a.不愿的，勉强的,四级
rely,rɪ'laɪ,,v.依赖，依靠；信赖,四级
remain,rɪ'men,,v.剩下，余留；保持,四级
remark,rɪ'mɑrk,,vt&vi&n.评论，谈论,四级
remarkable,rɪ'mɑrkəbl,,a.异常的，非凡的,四级
remedy,'rɛmədi,,n&vt.治疗；补救,四级
remember,rɪ'mɛmbɚ,,v.记得，想起；记住,四级
remind,rɪ'maɪnd,,v.提醒，使想起,四级
remote,rɪ'mot,,a.相隔很远的；冷淡的,四级
removal,rɪ'muvl,,n.移动；迁移；除掉,四级
remove,rɪ'muv,,v.移动，搬开；脱掉,四级
render,'rɛndɚ,,v.表示，给予；使得,四级
renew,rɪ'nʊ,,v.使更新 v.更新,四级
rent,rɛnt,,n.租金，租 v.出租,四级
repair,rɪ'pɛr,,vt&n.修理，修补,四级
repeat,rɪ'pit,,v.重说，重做 n.重复,四级
repeatedly,rɪ'pitɪdli,,ad.重复地；一再,四级
repetition,'rɛpə'tɪʃən,,n.重复，反复,四级
reply,rɪ'plai,,vi&n.回答，答复,四级
report,rɪ'pɔrt,,vt&vi.报告；汇报,四级
reporter,rɪ'pɔrtɚ,,n.记者，通讯员,四级
represent,",rɛprɪ'zɛnt",,v.描绘；代表；象征,四级
representative,'rɛprɪ'zɛntətɪv,,a.代表性的 n.代表,四级
reproduce,",riprə'dus",,vt&vi.繁殖，生殖,四级
republic,rɪ'pʌblɪk,,n.共和国，共和政体,四级
reputation,",rɛpju'teʃən",,n.名誉，名声；好名声,四级
request,rɪ'kwɛst,,n&v.请求，要求,四级
require,rɪ'kwaɪr,,v.需要；要求，命令,四级
requirement,rɪ'kwaɪɚmənt,,n.需要；要求,四级
rescue,'rɛskju,,v.营救，解救，救援 n.营救，解救，救援,四级
resemble,rɪ'zɛmbl,,v.像，类似,四级
reserve,rɪ'zɝv,,v.储备，保留；预定,四级
reservior,,,n.水库；蓄水池,四级
residence,'rɛzɪdəns,,n.居住；驻扎；住处,四级
resident,,,a.居住的 n.居民,四级
resign,rɪ'zaɪn,,v.放弃 v.辞职,四级
resist,rɪ'zɪst,,vt&vi.抵抗，抵制,四级
resistance,rɪ'zɪstəns,,n.抵抗；抵制；抵抗力,四级
resistant,rɪ'zɪstənt,,a.抵抗的，反抗的,四级
resolution,",rɛzə'luʃən",,n.坚决，坚定；决定,四级
resolve,rɪ'zɑlv,,v.解决；决心 n.决心,四级
resort,rɪ'zɔrt,,vi&n.求助，凭借;诉诸于,四级
respective,rɪ'spɛktɪv,,a.各自的，各个的,四级
respectively,rɪ'spɛktɪvli,,ad.各自地，分别地,四级
respond,rɪ'spɑnd,,v.作答；响应,四级
response,rɪ'spɑns,,n.作答，回答；响应,四级
restless,'rɛstləs,,a.不安定的，焦虑的,四级
restore,rɪ'stɔr,,v.恢复；归还；修补,四级
restrain,rɪ'stren,,v.抑制，遏制；限制,四级
restraint,rɪ'strent,,n.抑制；遏制；克制,四级
restrict,rɪ'strɪkt,,v.vt限制，限定，约束,四级
resume,rɪˈzjuːm; ˈrɛzjʊmeɪ,,v.恢复；重新开始,四级
retain,rɪ'ten,,v.保持，保留，保有,四级
retire,rɪ'taɪɚ,,v.退下；引退；就寝,四级
retreat,rɪ'trit,,v.(被迫)退却，后退,四级
reveal,rɪ'vil,,v.展现；揭示，揭露,四级
reverse,rɪ'vɝs,,v.颠倒，翻转 n.背面,四级
review,rɪ'vju,,v.再检查 n.复习,四级
revise,rɪ'vaɪz,,v.修订，校订；修改,四级
revolt,rɪ'volt,,vi&n.反抗，造反,四级
revolution,'rɛvə'lʊʃən,,n.革命；旋转，绕转,四级
revolutionary,'rɛvə'lʊʃə'nɛri,,a.革命的 n.革命者,四级
reward,rɪ'wɔrd,,n.报答；报酬 v.报答,四级
rhythm,'rɪðəm,,n.韵律，格律；节奏,四级
rib,rɪb,,n.肋，肋骨,四级
ribbon,'rɪbən,,n.缎带，丝带；带,四级
rid,rɪd,,v.使摆脱，使去掉,四级
ridge,rɪdʒ,,n.脊；岭，山脉；垄,四级
ridiculous,rɪ'dɪkjələs,,a.荒谬的，可笑的,四级
rifle,'raɪfl,,n.步枪，来复枪,四级
rigid,'rɪdʒɪd,,a.刚硬的；僵硬的,四级
ripe,raɪp,,a.熟的；时机成熟的,四级
risk,rɪsk,,n.风险，危险，冒险,四级
rival,'raɪvl,,n.竞争者 a.竞争的,四级
roar,rɔr,,v.吼叫；呼喊 n.吼,四级
roast,rost,,vt&vi.烤，炙，烘,四级
robot,'robɑt,,n.机器人；自动机,四级
rocket,'rɑkɪt,,n.n. n.火箭，火箭发动机,四级
rod,rɑd,,n.杆，竿，棒,四级
roll,rol,,vi&vt.滚动；转动,四级
roller,'rolɚ,,n.滚柱，滚筒，滚轴,四级
Roman,'romən,,n.古罗马人 a.罗马的,四级
romantic,ro'mæntɪk,,a.浪漫的；传奇的,四级
rotary,'rotəri,,a.旋转的，转动的,四级
rotate,'rotet,,v.旋转 v.使旋转,四级
rotation,ro'teʃən,,n.旋转，转动；循环,四级
rotten,'rɑtn,,a.腐烂的，发臭的,四级
rough,rʌf,,a.表面不平的；粗略的,四级
rouse,raʊz,,v.唤醒，唤起；惊起,四级
route,raʊt,,n.路，路线，路程,四级
routine,rʊ'tin,,n.例行公事 a.日常的,四级
row,ro,,n.(一)排，(一)行,四级
royal,'rɔɪəl,,a.王的；皇家的,四级
rug,rʌɡ,,n.小地毯；毛毯,四级
rural,'rʊrəl,,a.农村的，田园的,四级
rush,rʌʃ,,v.冲，奔 v.催促,四级
rust,rʌst,,n.锈 v.生锈，氧化,四级
sack,sæk,,n.袋，麻袋；开除,四级
sacrifice,'sækrɪfaɪs,,n&vt.牺牲；南祭,四级
saddle,'sædl,,n.鞍子，马鞍,四级
sail,sel,,n.帆；船 v.航行,四级
sake,[sek],,n.缘故，理由,四级
sample,'sæmpl,,n.样品；实例，标本,四级
satellite,'sætəlaɪt,,n.卫星；人造卫星,四级
satisfactory,",sætɪs'fæktəri",,a.令人满意的，良好的,四级
saucer,'sɔsɚ,,n.茶托，浅碟,四级
sausage,'sɔsɪdʒ,,n.香肠，腊肠,四级
saw,sɔ,,n.锯子 v.锯，锯开,四级
say,se,,v.比如说[用于举例],四级
scale,skel,,n.天平，磅秤，秤,四级
scan,skæn,,v.细看；浏览；扫描,四级
scarcely,'skɛrsli,,ad.仅仅；几乎不,四级
scatter,'skætɚ,,v.使消散；撒；散播,四级
scenery,'sinəri,,n.舞台布景；风景,四级
schedule,'skɛdʒul; (canadian) ˈʃɛdʒʊl; ˈʃɛdjʊl,,n.时间表；计划表,四级
scheme,skim,,n.计划，规划；诡计,四级
scholar,'skɑlɚ,,n.学者(尤指文学方面),四级
scientific,",saɪən'tɪfɪk",,a.科学(上)的,四级
scissors,'sɪzɚz,,n.剪刀，剪子,四级
score,skɔ,,n.得分，比数，成绩,四级
scout,skaʊt,,n.侦察员，侦察机,四级
scrape,skrep,,vt&vi&n.刮，擦,四级
scratch,skrætʃ,,vt&vi&n.搔；抓,四级
screw,skru,,n.螺旋，螺丝 v.拧紧,四级
seal,sil,,n.封蜡；印记 v.封,四级
secondary,'sɛkəndɛri,,a.第二的；次要的,四级
secretary,'sɛkrətɛrɪ,,n.秘书；书记；大臣,四级
section,'sɛkʃən,,n.切片；一段；部门,四级
secure,sə'kjʊr,,a.安心的；安全的,四级
security,sə'kjʊrəti,,n.安全，安全感,四级
seed,sid,,n.种(子)，籽，萌芽,四级
seek,sik,,v.寻找，探索；试图,四级
seize,siz,,v.抓住，逮捕；夺取,四级
semiconductor,",sɛmɪkən'dʌktɚ",,n.n. n.半导体,四级
senate,'sɛnət,,n.参议院，上院,四级
senior,'sinɪɚ,,a.年少的；地位较高的,四级
sensible,'sɛnsəbl,,a.感觉得到的；明智的,四级
sensitive,'sɛnsətɪv,,a.敏感的；灵敏的,四级
separate,(for v.) sɛpəˌret; (for adj.) sɛprɪt,,a.分离的；个别的,四级
sequence,'sikwəns,,n.连续，继续；次序,四级
series,'sɪriz,,n.连续，系列；丛书,四级
serve,,,vt.为…服务；招待,四级
session,'sɛʃən,,n.会议，一段时间,四级
setting,'sɛtɪŋ,,n.安装，调整；环境,四级
settle,'sɛtl,,v.安排；安放；调停,四级
settlement,'sɛtlmənt,,n.解决；殖民，殖民地,四级
severe,sɪ'vɪr,,a.严格的；严厉的,四级
sew,so,,v.缝制 v.缝纫,四级
shade,ʃed,,n.荫；遮光物 v.荫蔽,四级
shave,ʃev,,v.剃，刮 v.修面,四级
shear,ʃɪr,,v.剪；剥夺 v.剪,四级
shed,,,vt.流出；散发；脱落,四级
sheet,ʃit,,n.被单；纸张；薄板,四级
shelf,ʃɛlf,,n.搁板，架子,四级
shelter,'ʃɛltɚ,,n.隐蔽处；掩蔽，庇护,四级
shield,ʃild,,n.盾；防护物 v.保护,四级
shift,ʃɪft,,v.替换，转移 n.转换,四级
shiver,'ʃɪvɚ,,v.颤抖，哆嗦 n.冷颤,四级
shoot,ʃut,,v.发射；射中 n.发芽,四级
shore,ʃɔr,,n.滨，岸,四级
shortage,'ʃɔrtɪdʒ,,n.不足，缺少，不足额,四级
shortly,'ʃɔrtli,,ad.立刻；简短地,四级
shot,ʃɑt,,n.发射；弹丸；射门,四级
shower,'ʃaʊɚ,,n.阵雨；(一)阵；淋浴,四级
shriek,ʃrik,,v.尖声喊叫 n.尖叫声,四级
sideways,'saɪdwez,,ad.斜着，斜向一边地,四级
sightseeing,'saɪtsiɪŋ,,n.观光，游览,四级
sign,saɪn,,n.符号；招牌 n.签名,四级
signal,'sɪgnl,,n.信号 v.发信号,四级
signature,'sɪgnətʃɚ,,n.署名，签字，签名,四级
significance,sɪɡ'nɪfɪkəns,,n.意义，意味；重要性,四级
significant,sɪɡ'nɪfɪkənt,,n.有意义的；重要的,四级
silence,'saɪləns,,n.沉默 v.使沉默,四级
silent,'saɪlənt,,a.沉默的；寂静无声的,四级
silk,sɪlk,,n.蚕丝，丝，丝织品,四级
silly,'sɪli,,a.傻的，愚蠢的,四级
silver,,,n.银；银子；银器,四级
similar,'sɪməlɚ,,a.相似的，类似的,四级
similarly,'sɪməlɚli,,ad.类似地，相似地,四级
simplicity,,,n.简单，简易；朴素,四级
simplify,'sɪmplɪfaɪ,,v.简化，使单纯,四级
simply,'sɪmpli,,ad.简单地；朴素地,四级
sincere,sɪn'sɪr,,a.真诚的；真挚的,四级
singular,'sɪŋɡjəlɚ,,a.单一的；非凡的,四级
site,saɪt,,n.地点，地基；场所,四级
sketch,skɛtʃ,,n.略图；速写；概略,四级
skilled,skɪld,,a.有技能的，熟练的,四级
skillful,'skɪlfəl,,a.灵巧的，娴熟的,四级
skim,skɪm,,v.掠过，擦过；略读,四级
slam,slæm,,v.使劲关，砰地放下,四级
sleeve,sliv,,n.袖子，袖套,四级
slender,'slɛndɚ,,a.细长的；微薄的,四级
slice,slaɪs,,n.薄片，切片；部分,四级
slide,slaɪd,,v.滑 v.使滑动 n.滑,四级
slippery,'slɪpəri,,a.滑的，使人滑跤的,四级
slit,slɪt,,n.裂缝 v.切开，撕开,四级
slope,slop,,n.倾斜；斜面 v.倾斜,四级
smart,smɑrt,,a.巧妙的；洒脱的,四级
soak,sok,,v.浸，泡 v.浸泡,四级
soil,sɔɪl,,v.弄脏 v.变脏,四级
solar,'solɚ,,a.太阳的，日光的,四级
sole,sol,,n.脚底，鞋底，袜底,四级
solemn,'sɑləm,,a.庄严的；隆重的,四级
solid,'sɑlɪd,,a.固体的 n.固体,四级
soluble,'sɑljəbl,,a.可溶的；可以解决的,四级
solution,sə'luʃən,,n.解决，解答；溶解,四级
solve,sɔlv,,v.解答，解释，解决,四级
somebody,'sʌmbədi,,pron.某人，有人,四级
somehow,'sʌmhaʊ,,ad.由于某种原因,四级
sometime,'sʌmtaɪm,,ad.在某一时候；从前,四级
somewhat,'sʌmwʌt,,pron.一点儿 ad.有点,四级
sophisticated,sə'fɪstɪketɪd,,a.老于世故的；高级的,四级
sore,sɔr,,a.痛的；恼火的 n.疮,四级
sorrow,sɑro,,n.悲痛，悲哀，悲伤,四级
sort,sɔrt,,n.种类；类别 v.整理,四级
sound,saʊnd,,a.健康的；完好的,四级
sour,'saʊɚ,,a.酸的；脾气坏的,四级
sow,so,,v.播(种) v.播种,四级
spacecraft,'speskræft,,n.航天器，宇宙飞船,四级
spade,sped,,n.铲，铁锹,四级
span,spæn,,n.跨距；一段时间,四级
spare,spɛr,,v.节约 a.多余的,四级
spark,spɑrk,,n.火花， n.火星,四级
specialist,'spɛʃəlɪst,,n.专家,四级
specialize,'spɛʃəlaɪz,,v.成为…专家；专攻,四级
specific,,,a.特有的；具体的,四级
specify,'spɛsɪfaɪ,,v.指定，详细说明,四级
specimen,'spɛsəmən,,n.样本，标本，样品,四级
sphere,sfɪr,,n.球，圆体；范围,四级
spill,spɪl,,v.使溢出 v.溢出,四级
spin,spɪn,,v.纺；使旋转 n.旋转,四级
spite,spaɪt,,"n.n. n.恶意,怨恨,不顾 n.vt. n.刁难,欺侮",四级
split,splɪt,,v.劈开 v.被劈开,四级
spoil,spɔɪl,,v.损坏，糟蹋；宠坏,四级
sponsor,'spɑnsɚ,,n.发起者 v.发起,四级
sportsman,'spɔrtsmən,,n.运动员,四级
spray,spreɪ,,n.浪花；喷雾 v.喷,四级
spring,sprɪŋ,,v.跳，跃 n.跳跃；泉,四级
spur,spɝ,,n.刺激物 v.刺激,四级
square,skwɛr,,n.正方形；广场,四级
squeeze,skwiz,,vt&vi.榨，挤；压榨,四级
stability,stə'bɪləti,,n.稳定，稳定性，巩固,四级
stable,'stebl,,a.稳定的，不变的,四级
stack,stæk,,n.堆，垛 v.堆积,四级
staff,stæf,,n.工作人员；参谋,四级
stage,stedʒ,,n.舞台；戏剧；阶段,四级
stain,sten,,v.沾污；给…着色,四级
stair,stɛr,,n.楼梯,四级
stake,stek,,n.桩；赌金；奖品,四级
stale,stel,,n.陈腐的；走了气的,四级
static,'stætɪk,,a.静的；静态的,四级
statistical,stə'tɪstɪkl,,a.统计的，统计学的,四级
statue,'stætʃu,,n.塑像，雕像，铸像,四级
status,ˈstætəs; ˈstetəs,,n.地位，身分,四级
steady,'stɛdi,,a.稳固的 v.使稳定,四级
steam,stim,,n.蒸汽 v.蒸发 v.蒸,四级
steamer,'stimɚ,,n.轮船，汽船,四级
steel,stil,,n.钢，钢铁,四级
steep,stip,,a.险峻的，陡峭的,四级
steer,stɪr,,vt&vi.驾驶,四级
stem,stɛm,,n.茎，(树)干 v.起源,四级
sticky,'stɪki,,a.粘性的；胶粘的,四级
stiff,stɪf,,a.硬的；僵直的,四级
stimulate,'stɪmjə'let,,v.刺激，激励，激发,四级
sting,stɪŋ,,v.刺；刺痛 vi&n.刺,四级
stir,stɝ,,v.动；拨动；激动,四级
stock,stɑk,,n.原料；库存品；股本,四级
stocking,'stɑkɪŋ,,n.长(统)袜,四级
stoop,stʊp,,v.俯身；弯身 n.弯腰,四级
storage,'stɔrɪdʒ,,n.贮藏；贮藏量,四级
store,stɔr,,n.贮藏；贮存品；商店,四级
storey,'stɔri,,n.(层)楼,四级
stove,stov,,n.炉，火炉，电炉,四级
strain,stren,,v.拉紧 v.尽力,四级
strange,strendʒ,,a.陌生的；奇怪的,四级
stranger,'strendʒɚ,,n.陌生人；新来者,四级
strap,stræp,,n.带子 v.捆扎,四级
strategy,'strætədʒi,,n.战略；策略,四级
straw,strɔ,,n.稻草，麦杆吸管,四级
strengthen,'strɛŋθn,,v.加强，巩固,四级
stress,strɛs,,n.压力；重音 v.着重,四级
stretch,strɛtʃ,,v.伸展 v.伸 n.伸展,四级
string,strɪŋ,,n.线，细绳；一串,四级
strip,strɪp,,v.剥；夺去 n.条带,四级
stripe,straɪp,,n.条纹，条子,四级
stroke,strok,,n.打，击；鸣声；中风,四级
structural,'strʌktʃərəl,,a.结构的，构造的,四级
stuff,stʌf,,n.材料 v.装，填，塞,四级
submarine,",sʌbmə'rin",,a.水下的 n.潜水艇,四级
submerge,səb'mɝdʒ,,v.浸没 v.潜入水中,四级
submit,səb'mɪt,,v.使服从 v.服从,四级
subsequent,'sʌbsɪkwənt,,a.随后的，后来的,四级
substance,'sʌbstəns,,n.物质；实质；本旨,四级
substantial,səbˈstænʃəl,,a.物质的；坚固的,四级
substitute,'sʌbstɪtut,,n.代替人 v.用…代替,四级
subtract,səb'trækt,,v.减，减去，去掉,四级
subway,'sʌbwe,,n.地道；地下铁路,四级
succession,sək'sɛʃən,,n.连续；继任，继承,四级
successive,sək'sɛsɪv,,a.连续的；接连的,四级
suck,sʌk,,v.吸，吮，啜；吸收,四级
sufficient,səˈfɪʃənt,,a.足够的，充分的,四级
suit,sut,,n.起拆，诉讼 v.适合,四级
sulfur,'sʌlfɚ,,n.硫(磺)，硫黄,四级
sulphur,'sʌlfə,,n.硫(磺)，硫黄,四级
sum,sʌm,,n.总数；金额 v.共计,四级
summarize,'sʌməraɪz,,v.概括，概述，总结,四级
superficial,",supɚ'fɪʃl",,a.表面的；肤浅的,四级
superior,səˈpɪriər,,a.较高的；优越的,四级
supplement,'sʌplɪmənt,,n&vt.增补，补充,四级
suppose,sə'poz,,v.猜想；假定；让,四级
supreme,suˈprim,,a.最高的；最大的,四级
surgery,'sɝdʒəri,,n.外科，外科手术,四级
surrender,sə'rɛndɚ,,v.交出 v.投降,四级
surroundings,sə'raʊndɪŋz,,n.周围的事物，环境,四级
survey,ˈsɝˌve; (for v.) sɝˈve,,v.俯瞰；检查；测量,四级
survive,sɚ'vaɪv,,v.幸免于 v.活下来,四级
suspect,sʌspɛkt; (for v.) səˈspɛkt,,v.怀疑 v.疑心,四级
suspend,sə'spɛnd,,v.吊，悬；推迟,四级
suspicion,,,n.怀疑，疑心，猜疑,四级
suspicious,sə'spɪʃəs,,a.怀疑的；可疑的,四级
sustain,sə'sten,,v.支撑；供养；忍受,四级
swallow,'swɑlo,,n.燕子,四级
sway,swe,,v.摇动 v.摇；摇动,四级
swear,swɛr,,v.宣(誓) v.诅咒,四级
sweater,'swɛtɚ,,n.厚运动衫，毛线衫,四级
sweep,swip,,v.扫；刮起；扫过,四级
swell,swɛl,,v.膨胀；隆起；增长,四级
swift,swɪft,,a.快的；反应快的,四级
swing,swɪŋ,,v.摇摆；回转 n.摇摆,四级
switch,swɪtʃ,,n.开关；转换 v.转换,四级
sword,sɔːrd,,n.剑，刀,四级
symbol,'sɪmbl,,n.象征；符号，记号,四级
sympathetic,",sɪmpə'θɛtɪk",,a.同情的；和谐的,四级
sympathize,'sɪmpə'θaɪz,,v.同情；同感，共鸣,四级
synthetic,sɪn'θɛtɪk,,a.综合的；合成的,四级
systematical,",sistə'mætikl",,a.有系统的；有计划的,四级
tag,tæɡ,,n.附加语；标签,四级
tailor,'telɚ,,n.裁缝 v.裁制衣服,四级
tale,tel,,n.故事，传说,四级
talent,'tælənt,,n.天才；才能；人才,四级
talk,tɔk,,v.讲话 v.谈论,四级
tame,teɪm,,a.驯服的；顺从的,四级
tank,tæŋk,,n.坦克；大容器，槽,四级
tap,tæp,,vt&vi&n.轻叩,四级
taste,test,,n.味觉，品味,四级
technical,'tɛknɪkl,,a.技术的，工艺的,四级
technician,tɛk'nɪʃən,,n.技术员，技师,四级
tedious,'tidɪəs,,a.冗长乏味的，沉闷的,四级
telegram,'tɛlɪɡræm,,n.电报,四级
telescope,'tɛlɪskop,,n.望远镜,四级
temple,'tɛmpl,,n.圣堂，神殿，庙宇,四级
temporary,'tɛmpə'rɛri,,a.暂时的，临时的,四级
tempt,tɛmpt,,v.引诱，诱惑；吸引,四级
temptation,tɛmp'teʃən,,n.诱惑，引诱,四级
tend,tɛnd,,v.照管，照料，护理,四级
tendency,'tɛndənsi,,n.趋向，趋势，倾向,四级
tender,'tɛndɚ,,a.嫩的；脆弱的,四级
tense,tɛns,,n.时态，时,四级
tension,'tɛnʃən,,"n.n. n.紧张,不安,拉紧,张力",四级
terminal,ˈtɜːrmɪnl,,a.末端的 n.末端,四级
terrible,'tɛrəbl,,a.可怕的；极度的,四级
territory,'tɛrətɔri,,n.领土，版图；领域,四级
terror,'tɛrɚ,,n.恐怖，惊骇,四级
textile,'tɛkstaɪl,,n.n. n.纺织品 a.纺织的,四级
theoretical,",θiə'rɛtɪkəl",,a.理论(上)的,四级
thereby,",ðɛr'baɪ",,ad.因此，从而，由此,四级
therefore,'ðɛrfɔr,,ad.因此，所以,四级
thermometer,θɚ'mɑmɪtɚ,,n.温度计，寒暑表,四级
thickness,ˈθɪknɪs,,n.厚(度)；密(度),四级
thorough,ˈθʌrəʊ; θʌro,,a.彻底的；详尽的,四级
thoughtful,'θɔtfl,,a.沉思的；体贴的,四级
thread,θrɛd,,n.线；丝；螺纹；头绪,四级
threat,θrɛt,,n.威胁，恐吓，凶兆,四级
threaten,'θrɛtn,,vt&vi.威胁，恐吓,四级
thrive,θraɪv,,v.兴旺，繁荣，旺盛,四级
throat,θrot,,n.咽喉，喉咙；嗓音,四级
throughout,θrʊ'aʊt,,prep.遍及 ad.到处,四级
thrust,θrʌst,,v.插，刺 n.插；讽刺,四级
thunder,'θʌndɚ,,n.雷 v.打雷 v.吼出,四级
thus,ðʌs,,ad.如此，这样；因而,四级
tide,taɪd,,n.潮，潮汐；潮流,四级
tidy,'taɪdi,,a.整洁的；整齐的,四级
tin,tɪn,,n.锡；罐头,四级
tip,tɪp,,v.轻击 v.给小费,四级
tire,'taɪɚ,,v.疲劳，累；厌倦,四级
tissue,'tɪʃu,,n.薄绢；薄纸；组织,四级
toast,tost,,n.烤面包 v.烘，烤,四级
toe,to,,n.脚趾，足尖,四级
toilet,'tɔɪlət,,n.厕所，盥洗室，浴室,四级
tolerance,'tɑlərəns,,n.忍受，容忍；公差,四级
tolerate,'tɑləret,,v.忍受，容忍，宽恕,四级
tone,ton,,n.音；腔调；声调,四级
torch,tɔrtʃ,,n.火炬，火把；手电筒,四级
torture,'tɔrtʃɚ,,n.拷问；折磨 v.拷打,四级
total,'totl,,a.总的 v.合计，总共,四级
touch,tʌtʃ,,v.触摸；触动；感动 n.触,四级
tough,tʌf,,a.坚韧的；健壮的,四级
tour,,,n&vi.旅行，游历,四级
tourist,'tʊrɪst,,n.旅游者，观光者,四级
towel,'taʊəl,,n.毛巾，手巾,四级
tower,'taʊɚ,,n.塔 v.屹立，高耸,四级
trace,tres,,n.痕迹；丝毫 v.跟踪,四级
track,træk,,n.行踪；路径；轨道,四级
tractor,'træktɚ,,n.拖拉机；牵引车,四级
trade,tred,,n.贸易；职业 v.交易,四级
traffic,'træfɪk,,n.交通，通行；交通量,四级
tragedy,'trædʒədi,,n.悲剧；惨事，惨案,四级
trail,trel,,n.痕迹；小径 v.跟踪,四级
transfer,træns'fɝ,,v.转移；调动vi转移,四级
transform,træns'fɔrm,,v.改变；改造；变换,四级
transformation,",trænsfɚ'meʃən",,n.变化；改造；转变,四级
transformer,træns'fɔrmɚ,,n.变压器，转换器,四级
transistor,træn'zɪstɚ,,n.晶体管,四级
transmission,træns'mɪʃən,,n.传送；传动；发射,四级
transmit,trænzˈmɪt,,v.传送，传达；发射,四级
transparent,træns'pærənt,,a.透明的；易识破的,四级
transport,'trænspɔrt,,v.运输 n.运输,四级
transportation,",trænspɔr'teʃən",,n.运输，运送，客运,四级
trap,træp,,n.陷阱；诡计 v.诱骗,四级
tray,tre,,n.(浅)盘，托盘，碟,四级
treasure,'trɛʒɚ,,n.财富；珍宝 v.珍视,四级
treat,trit,,v.对待；处理 n.款待,四级
treatment,'tritmənt,,n.待遇；治疗，疗法,四级
treaty,'triti,,n.条约；协议，协定,四级
tremble,'trɛmbl,,v.发抖，哆嗦；摇动,四级
tremendous,trə'mɛndəs,,a.极大的，非常的,四级
trend,trɛnd,,v.伸向；倾向 n.倾向,四级
trial,'traɪəl,,n.试，试验；审判,四级
triangle,'traɪæŋɡl,,n.三角(形),四级
trick,trɪk,,n.诡计；窍门 v.哄骗,四级
trim,trɪm,,a.整齐的 v.使整齐,四级
triumph,'traɪʌmf,,n.凯旋；胜利 v.成功,四级
troop,trʊp,,n.军队；一群，大量,四级
tropical,'trɑpɪkl,,a.热带的,四级
troublesome,'trʌblsəm,,a.令人烦恼的；麻烦的,四级
trumpet,'trʌmpɪt,,n.喇叭，小号,四级
trunk,trʌŋk,,n.树干；大衣箱，皮箱,四级
trust,trʌst,,n.信任 v.相信；委托,四级
truth,trʊθ,,n.真理；真实；真实性,四级
tube,tub,,n.管；电子管，显像管,四级
tune,tun,,n.调子；和谐 v.调谐,四级
tunnel,'tʌnl,,n.隧道，坑道，地道,四级
turbine,'tɝbaɪn,,n.叶轮机，汽轮机,四级
twin,twɪn,,a.孪生的 n.孪生儿,四级
twist,twɪst,,v.捻；拧 vi&n.扭弯,四级
type,taɪp,,n.型，类型 v.打字,四级
typewriter,'taɪpraɪtɚ,,n.打字机,四级
typical,'tɪpɪkl,,a.典型的，代表性的,四级
typist,'taɪpɪst,,n.打字员,四级
tyre,'taɪɚ,,n.轮胎，车胎,四级
ultimate,'ʌltəmət,,a.最后的，最终的,四级
unconscious,ʌn'kɑnʃəs,,a.不省人事的,四级
uncover,ʌn'kʌvɚ,,v.揭开…的盖子,四级
undergo,",ʌndɚ'ɡo",,v.经历，经受，忍受,四级
undergraduate,",ʌndɚ'ɡrædʒuət",,n.大学在校生,四级
underline,'ʌndəlaɪn,,v.划线于…之下,四级
underneath,",ʌndɚ'niθ",,ad.在下面，在底下,四级
undertake,",ʌndɚ'tek",,v.从事；承担；保证,四级
undo,ʌn'du,,v.解开，打开；取消,四级
undoubtedly,ʌn'daʊtɪdli,,ad.无容置疑，肯定地,四级
uneasy,ʌn'izi,,a.心神不安的，忧虑的,四级
unexpected,'ʌnɪk'spɛktɪd,,a.想不到的，意外的,四级
uniform,'junɪfɔrm,,a.一样的 n.制服,四级
union,'junɪən,,n.联合；团结；协会,四级
unique,jʊ'nik,,a.唯一的，独一无二的,四级
unit,'junɪt,,n.单位；单元；部件,四级
unite,ju'naɪt,,v.联合 v.使联合,四级
unity,'junəti,,n.单一；统一；团结,四级
universal,'jʊnə'vɝsl,,a.宇宙的；普遍的,四级
unknown,",ʌn'non",,a.不知道的；未知的,四级
unless,ən'lɛs,,conj.除非，如果不,四级
unlike,'ʌn'laɪk,,a.不同的 prep.不象…,四级
unlikely,ʌn'laɪkli,,a.未必的，未必可能的,四级
unload,'ʌn'lod,,v.卸(货) v.卸货,四级
upper,'ʌpɚ,,a.上面的；地位较高的,四级
upright,'ʌpraɪt,,a.垂直的；正直的,四级
upset,ʌp'sɛt,,v.弄翻，打翻，倾覆,四级
upward,'ʌpwɚd,,a.向上的，上升的,四级
urban,'ɝbən,,"a.a. a.都市的,住在都市的",四级
urge,ɝdʒ,,v.推进；催促 n.冲动,四级
urgent,'ɝdʒənt,,a.紧急的；强求的,四级
usage,'jusɪdʒ,,n.使用，对待；惯用法,四级
utility,ju'tɪləti,,n.效用，有用，实用,四级
utilize,'juːtəlaɪz,,v.利用,四级
utmost,'ʌt'most,,a.最远的 n.极限,四级
utter,'ʌtɚ,,a.完全的，彻底的,四级
vacant,'vekənt,,a.空的；未被占用的,四级
vacuum,'vækjʊəm,,n.真空；真空吸尘器,四级
vague,veɡ,,a.模糊的，含糊的,四级
vain,ven,,a.徒劳的；自负的,四级
valid,'vælɪd,,a.有效的；正当的,四级
value,'vælju,,n.价值；价格 v.评价,四级
van,væn,,n.大篷车，运货车,四级
vanish,'vænɪʃ,,v.突然不见，消失,四级
vapour,'vepɚ,,n.汽，蒸气,四级
variable,'vɛrɪəbl,,a.易变的 n.变量,四级
variation,",vɛrɪ'eʃən",,n.变化，变动；变异,四级
variety,və'raɪəti,,n.多样化；种类；变种,四级
various,'vɛrɪəs,,a.各种各样的，不同的,四级
vary,ˈveri,,v.改变；使多样化,四级
vast,væst,,a.巨大的；大量的,四级
vehicle,'viːɪkl,,n.车辆，机动车,四级
velocity,vəˈlɑsəti,,n.速度，速率,四级
venture,'vɛntʃɚ,,n&vi.冒险 v.敢于,四级
verify,'vɛrɪfaɪ,,v.证实，查证；证明,四级
version,'vɝʒn,,n.译文；说法；改写本,四级
vertical,'vɝtɪkl,,a.垂直的，竖式的,四级
vessel,'vɛsl,,n.容器；船，飞船；管,四级
veteran,'vɛtərən,,n.老兵，老手,四级
via,"ˈvaɪə, ˈviə",,prep.经过；通过,四级
vibrate,vaɪ'breɪt,,v.使颤动 v.颤动,四级
vice,vaɪs,,n.罪恶；恶习；缺点,四级
vigorous,'vɪɡərəs,,a.朝气蓬勃的,四级
vinegar,'vɪnɪɡɚ,,n.醋,四级
violent,'vaɪələnt,,a.猛烈的；狂暴的,四级
violet,'vaɪələt,,n.紫罗兰,四级
virtually,ˈvɜrtʃuəli,,ad.实际上，事实上,四级
virtue,'vɝtʃʊ,,n.善；美德；优点,四级
visible,'vɪzəbl,,a.可见的，看得见的,四级
vision,'vɪʒən,,n.视；想象力；梦幻,四级
visual,'vɪʒʊəl,,a.看的；看得见的,四级
vital,'vaɪtl,,a.生命的；有生命力的,四级
vitamin,'vaɪtəmɪn,,n.维生素，维他命,四级
vivid,'vɪvɪd,,a.鲜艳的；生动的,四级
volcano,vɑl'keno,,n.火山,四级
volt,volt,,n.伏特，伏,四级
voltage,'voltɪdʒ,,n.电压,四级
volume,'vɑljum,,n.卷，册；容积；音量,四级
voluntary,'vɑləntɛri,,a.自愿的，志愿的,四级
voyage,'vɔɪɪdʒ,,n&vi.航海，航空 n.字,四级
wage,wedʒ,,v.开展(运动),四级
waggon,'wægən,,n.四轮运货马车,四级
waken,'wekən,,v.醒来 v.弄醒,四级
wander,'wɑndɚ,,v.漫游；迷路；离题,四级
want,wɑnt,,n.需要；缺乏,四级
warmth,wɔrmθ,,n.暖和，温暖；热烈,四级
water,ˈwɔtɚ; ˈwɑtɚ,,n.水 v.使湿，灌溉,四级
waterproof,'wɔtɚpruf,,a.不透水的，防水的,四级
wave,wev,,n.波；波涛 v.波动,四级
wax,waks,,n.蜡，蜂蜡,四级
weaken,'wikən,,v.削弱 v.变弱,四级
weakness,'wiknəs,,n.虚弱，软弱；弱点,四级
wear,wɛr,,v.磨损,四级
weave,wiv,,v.织，编 v.纺织,四级
weed,wid,,n.杂草，野草 v.除草,四级
weep,wip,,v.哭泣，流泪,四级
weld,wɛld,,vt&n.焊接，熔接,四级
welfare,'wɛl'fɛr,,n.幸福，福利,四级
wheat,wit,,n.小麦,四级
wheel,wil,,n.轮，车轮,四级
whilst,hwailst,,conj&n.当…的时候,四级
whip,wɪp,,v.鞭笞；搅打 n.鞭子,四级
whisper,'wɪspɚ,,v.低声地讲 v.低语,四级
whistle,'wɪsl,,n.口哨 v.吹口哨,四级
wholly,'holli,,ad.完全地，全部,四级
wicked,'wɪkɪd,,a.坏的；令人厌恶的,四级
widen,'waɪdn,,v.加宽 v.变宽,四级
widow,'wɪdo,,n.寡妇,四级
width,wɪdθ,,n.宽阔，广阔；宽度,四级
willing,'wɪlɪŋ,,a.愿意的，心甘情愿的,四级
wind,wɪnd; (for v.) waɪnd,,v.绕，缠绕 v.卷曲,四级
wing,wɪŋ,,n.翼，翅膀，翅,四级
wire,'waɪɚ,,n.金属线；电缆；电信,四级
wit,wɪt,,n.智力，才智，智能,四级
withdraw,wɪð'drɔ,,v.收回；撤回vi撤退,四级
withstand,wɪð'stænd,,v.抵挡，反抗,四级
witness,ˈwɪtnɪs,,n.证据；证人 v.目击,四级
wooden,'wʊdn,,a.木制的；呆板的,四级
wool,wʊl,,n.羊毛；毛线，绒线,四级
workman,'wɝkmən,,n.工人，劳动者，工匠,四级
workshop,'wɝkʃɑp,,n.车间，工场；创作室,四级
worm,wɝm,,n.虫，蠕虫,四级
worship,'wɝʃɪp,,n.礼拜；崇拜 v.崇拜,四级
worst,wɝst,,a.最坏的 ad.最坏地,四级
worth,wɝθ,,a.值…的 n.价值,四级
worthless,ˈwərthləs,,a.无价值的，无用的,四级
worthwhile,'wɝθ'waɪl,,a.值得花时间的,四级
worthy,wɜði,,a.有价值的；值得的,四级
wound,wund,,n.创伤，伤 v.使受伤,四级
wrap,ræp,,v.裹，包，捆 n.披肩,四级
wreck,rɛk,,n.失事；残骸 v.破坏,四级
wrist,rɪst,,n.腕，腕关节,四级
yard,jɑrd,,n.院子，庭院；场地,四级
yawn,jɔn,,v.打呵欠 n.呵欠,四级
yearly,'jɪrli,,a.每年的 ad.一年一度,四级
yield,jild,,vt&vi.出产 n.产量,四级
youth,jʊθ,,n.青春；青年们；青年,四级
zone,zon,,n.地区，区域，范围,四级
cancel,'kænsl,,vt.取消， 撤销； 删去,四级
explosive,ɪk'splosɪv; ɪk'splozɪv,,a.爆炸的； 极易引起争论的 n.炸药,四级
numerous,'numərəs,,a.众多的,四级
govern,'ɡʌvɚn,,vi.居支配地位， 占优势 vt.统治，治理，支配,四级
analyse,'æn(ə)laɪz,,vt.分析； 分解； 解析,四级
discourage,dɪs'kɝɪdʒ,,vt.使泄气， 使灰心； 阻止， 劝阻,四级
resemble,rɪ'zɛmbl,,vt.像， 类似于,四级
remote,rɪ'mot,,a.遥远的； 偏僻的； 关系疏远的； 脱离的； 微乎其微的； 孤高的， 冷淡的； 遥控的,四级
salary,'sæləri,,n.薪金， 薪水,四级
pollution,pə'luʃən,,n.污染， 污染物,四级
pretend,prɪ'tɛnd,,vt.装作， 假装,四级
kettle,'kɛtl,,n.水壶,四级
wreck,rɛk,,n.失事；残骸；精神或身体已垮的人 vt.破坏,四级
drunk,drʌŋk,,a.醉的； 陶醉的,四级
calculate,'kælkjulet,,vt.计算； 估计； 计划,四级
persistent,pə'zɪstənt,,a.坚持的， 不屈不挠的； 持续不断的； 反复出现的,四级
sake,sek,,n.缘故， 理由,四级
conceal,kən'sil,,vt.把…隐藏起来， 掩盖， 隐瞒,四级
audience,'ɔdɪəns,,n.听众， 观众， 读者,四级
meanwhile,'minwaɪl,,ad.与此同时,四级
possess,pə'zɛs,,vt.占用， 拥有,四级
competent,'kɑmpɪtənt,,a.有能力的， 能胜任的,四级
investment,ɪn'vɛstmənt,,n.投资， 投资额； 投入,四级
neutral,'nʊtrəl,,a.中立的； 中性的,四级
scratch,skrætʃ,,v.抓，搔，扒；刮，擦；刻出 n.抓痕， 划痕； 抓， 搔， 刮,四级
optional,'ɑpʃənl,,a.可以任选的,四级
require,rɪ'kwaɪr,,vt.需要； 要求； 命令,四级
circular,'sɝkjəlɚ,,a.圆的；循环的；兜圈子的 n.通知， 通告,四级
analysis,ə'næləsɪs,,n.分析， 分析报告； 分解； 解析,四级
click,klɪk,,v.发出咔嗒声；点击 n.咔嗒声,四级
fashionable,'fæʃnəbl,,a.流行的， 时髦的,四级
devise,dɪ'vaɪz,,vt.设计， 发明,四级
apparent,ə'pærənt,,a.表面上的， 明显的,四级
journalist,ˈdʒɝ​nlɪst,,n.新闻工作者， 新闻记者,四级
exposure,ɪk'spoʒɚ,,n.暴露， 揭露； 曝光,四级
temper,'tɛmpɚ,,n.韧度；心情，情绪 vt.调和， 使缓和； 【冶】使回火,四级
protective,prə'tɛktɪv,,a.保护的， 防护的,四级
sideways,'saɪdwez,,adv&adj.从一边， 向一边； 在一边； 斜着， 侧身,四级
multicultural,'mʌltɪ'kʌltʃərəl,,a.融合多种文化的,四级
object,'ɑbdʒɛkt,,vi.反对， 不赞成 n.实物， 物体； 目的， 目标； 对象， 客体； 宾语,四级
humble,'hʌmbl,,a.谦逊的； 地位低下的； 简陋的,四级
chapter,'tʃæptɚ,,n.章， 回， 篇,四级
harbour,hɑrbɚ,,n.海港，港口 vt.庇护； 心怀,四级
independent,'ɪndɪ'pɛndənt,,a.独立的， 自主的； 无偏见的； 不相关联的,四级
carriage,'kærɪdʒ,,n.客车厢， 四轮马车,四级
cliff,klɪf,,n.悬崖， 峭壁,四级
infinite,'ɪnfɪnət,,a.无限的； 无穷的,四级
concede,kən'sid,,vt.承认， 承认…为真； 承认失败； 允许， 让予； 让步， 认输,四级
elect,ɪ'lɛkt,,vt.选举， 推选； 选择,四级
weekly,'wikli,,ad.每周 a.每周的,四级
result,rɪ'zʌlt,,vi.发生； 结果 n.结果；成果；比分,四级
golf,gɔlf,,n.高尔夫球运动,四级
selfish,'sɛlfɪʃ,,a.自私的， 利己的,四级
sexism,'sɛk'sɪzəm,,n.性别偏见， 性别歧视,四级
commission,kə'mɪʃən,,n.委任状；委员会；佣金，回扣；授权，委托 vt.委任， 委托,四级
headline,'hɛdlaɪn,,n.大字标题； 新闻提要,四级
connect,kə'nɛkt,,vt.连接， 结合， 联系； 给…接通电话,四级
rational,'ræʃnəl,,a.理性的， 理智的； 合理的,四级
policy,'pɑləsi,,n.政策， 方针； 保险单,四级
editorial,",ɛdɪ'tɔrɪəl",,a.编辑的，主笔的，编者的；社论的，社论式的 n.社论， 重要评论,四级
resume,rɪˈzjuːm; ˈrɛzjʊmeɪ,,vt.重新开始， 继续， 恢复 n.摘要， 概要； 简历,四级
rebuild,",ri'bɪld",,v.重建， 改造； 复原,四级
committee,kə'mɪti,,n.委员会， 全体委员,四级
namely,'nemli,,ad.即， 也就是,四级
artistic,ɑr'tɪstɪk,,a.艺术的， 艺术家的； 富有艺术性的， 精美的； 精彩的,四级
union,'junɪən,,n.工会， 联盟； 联合， 团结； 一致,四级
plentiful,'plɛntɪfəl,,a.丰富的， 充足的； 大量的,四级
halt,hɔlt,,vt.停止，立定 n.停住,四级
component,kəm'ponənt,,a.组成的， 构成的 n.组成部分，部件，组件,四级
consultant,kən'sʌltənt,,n.顾问； 会诊医师， 专科医生,四级
sunset,'sʌnsɛt,,n.日落； 晚霞,四级
obvious,'ɑbvɪəs,,a.明显的,四级
illustration,",ɪlə'streʃən",,n.说明， 图解， 例证,四级
disguise,dɪs'ɡaɪz,,vt.假扮，化装，伪装；掩盖，掩饰 n.用来伪装的东西； 伪装， 掩饰,四级
wrap,ræp,,vt.裹，包，捆 n.披肩,四级
surgery,'sɝdʒəri,,n.外科， 外科手术； 手术室,四级
liberal,'lɪbərəl,,a.心胸宽大的， 慷慨的； 自由的， 自由主义的,四级
violent,'vaɪələnt,,a.暴力引起的， 暴力的； 猛烈的， 剧烈的,四级
harmony,'hɑrməni,,n.调和， 协调， 和谐,四级
resolve,rɪ'zɑlv,,n&v.解决， 解答； 决定， 决意,四级
chill,tʃɪl,,v.变冷，感到冷 n.寒冷， 寒气； 风寒， 寒战,四级
confront,kən'frʌnt,,vt.迎面遇到， 遭遇； 勇敢地面对， 正视； 使对质， 使当面对证,四级
dominate,'dɑmɪnet,,vi.拥有优势 vt.在…中占首要地位；支配，统治，控制；耸立于，俯视,四级
imitate,'ɪmɪtet,,vt.模仿， 仿效， 仿制,四级
faithful,'feθfəl,,a.忠诚的； 如实的； 尽职的,四级
reproduce,",riprə'dus",,v.复制， 再现； 繁殖， 生殖,四级
institution,",ɪnstɪ'tuʃən",,n.协会； 制度， 习俗,四级
pad,pæd,,n.垫，衬垫；便笺本；发射台，直升机起落场 vt.填塞,四级
provocation,",prɑvə'keʃən",,n.激怒， 刺激； 挑衅， 挑拨,四级
ambition,æm'bɪʃən,,n.雄心， 抱负； 野心； 期望得到的东西,四级
scholarship,'skɑlɚʃɪp,,n.奖学金； 学问， 学识,四级
exceed,ɪk'sid,,vt.超过， 胜过， 超出,四级
besides,bɪ'saɪdz,,ad.而且 prep.除…之外,四级
preposition,",prɛpə'zɪʃən",,n.介词,四级
enlarge,ɪn'lɑrdʒ,,vt.扩大， 扩展， 放大,四级
implement,'ɪmplɪmɛnt,,n.工具， 器具， 用具 vt.使生效， 履行， 实施,四级
export,ˈekspɔːrt；ɪkˈ-,,vt.输出， 出口 n.输出， 出口； 输出品， 出口额,四级
Christ,kraɪst,,n.基督， 救世主,四级
murder,'mɝdɚ,,n.谋杀，凶杀；谋杀罪 v.谋杀；杀害,四级
pat,pæt,,a.非常恰当的， 适时的 n.轻拍,四级
fantasy,'fæntəsi,,n.想象， 幻想； 想象的产物,四级
horsepower,'hɔrs'paʊɚ,,n.马力,四级
visibility,'vɪzə'bɪləti,,n.可见度， 能见度； 可见性， 明显性,四级
invitation,ˌɪnvɪˈteɪʃn,,n.邀请， 招待； 请柬； 吸引， 诱惑,四级
paw,pɔ,,v.用爪子抓， 用蹄扒； 翻找 n.爪子,四级
enormous,ɪ'nɔrməs,,a.巨大的， 庞大的,四级
moisture,'mɔɪstʃɚ,,n.潮湿， 湿气,四级
toast,tost,,n.烤面包；祝酒，祝酒词 vt.烘， 烤； 向…祝酒， 为…干杯,四级
frustrate,'frʌstret,,vt.使沮丧， 使灰心； 挫败， 使受挫折,四级
external,ɪk'stɝnl,,a.外部的， 外面的,四级
aside,ə'saɪd,,ad.在旁边， 到旁边,四级
circumstance,ˈsɝ​kəmˌstəns,,n.情况， 条件； 境遇， 境况； 经济情况,四级
revise,rɪ'vaɪz,,v.修订， 修改； 复习,四级
authority,ə'θɔrəti,,n.官方； 权力； 当权者， 行政管理机构； 权威， 专家,四级
creature,'kritʃɚ,,n.创造物， 产物； 生物， 动物， 家畜,四级
harm,hɑrm,,n&vt.伤害， 损害,四级
semiconductor,",sɛmɪkən'dʌktɚ",,n.半导体,四级
rope,rop,,n.绳，索 vt.用绳捆,四级
provided,prə'vaɪdɪd,,conj.假如， 若是,四级
instrument,'ɪnstrəmənt,,n.仪器， 工具； 乐器,四级
gasoline,'gæsəlin,,n.汽油,四级
indispensable,'ɪndɪ'spɛnsəbl,,a.必不可少的， 必需的,四级
medium,'midɪəm,,a.中等的 n.媒体；媒介物，传导体,四级
lens,lɛnz,,n.透镜， 镜片， 镜头,四级
wisdom,'wɪzdəm,,n.智慧， 才智； 名言,四级
fatal,'fetl,,a.致命的， 命运的； 重大的， 决定性的,四级
nowhere,'no'wɛr,,ad.任何地方都不,四级
motive,'motɪv,,n.动机， 目的,四级
romantic,ro'mæntɪk,,a.浪漫的； 多情的； 有浪漫色彩的， 传奇性的； 不切实际的， 空想的,四级
motivate,'motə'vet,,vt.作为…的动机； 激励， 激发,四级
spoil,spɔɪl,,v.损坏，糟蹋；宠坏，溺爱；变质 n.战利品， 掠夺物,四级
airline,'ɛrlaɪn,,n.航空公司； 航线,四级
multiply,'mʌltɪplaɪ,,vt.增加， 繁殖； 乘,四级
ridge,rɪdʒ,,n.脊， 山脊； 垄， 埂， 脊状突起,四级
pilot,'paɪlət,,a.试验性的， 试点的 n.引航员；飞行员 vt.驾驶；为引航；试验，试用,四级
umbrella,ʌm'brɛlə,,n.伞， 雨伞,四级
approval,əˈpruvl,,n.赞成， 同意， 批准,四级
mobile,ˈməʊbl;mobil,,a.运动的； 流动的； 多变的,四级
perform,pɚ'fɔrm,,vt.做， 履行， 完成； 表演， 演出； 工作情况， 表现,四级
multiple,'mʌltəpl,,a.复合的，多重的，多样的 n.倍数,四级
peak,pik,,vi.达到高峰， 达到最大值 a.最大值的，高峰的 n.山顶，顶点,四级
evolution,ˌɛvəˈluʃən; (occas.) ˌ ivəˈluʃən,,n.进化， 演化， 发展,四级
portrait,'pɔrtrɪt,,n.肖像， 画像,四级
halfway,",hæf'we",,ad.半路地； 在中途， 在半途 a.中途的；部分的；不彻底的,四级
expose,ɪk'spoz；ek-,,vt.使接触； 揭露,四级
concentrate,'kɑnsn'tret,,v.全神贯注，全力以赴；集中，聚集；浓缩 n.浓缩物， 浓缩液,四级
magnet,'mægnɪt,,n.磁铁， 磁体； 有吸引力的人或事物,四级
explosion,ɪk'sploʒən,,n.爆炸， 爆发， 炸裂； 激增， 扩大,四级
weld,wɛld,,n&vt.焊接， 熔接,四级
up-to-date,'ʌptə 'det,,a.直到最近的， 现代的； 跟上时代的,四级
complaint,kəm'plent,,n.抱怨， 怨言； 控告,四级
translation,træns'leʃən,,n.翻译； 译文， 译本,四级
cancer,'kænsɚ,,n.癌， 癌症； 肿瘤,四级
personnel,",pɝsə'nɛl",,n.人员， 员工,四级
hopeless,ˈhoʊpləs,,a.没有希望的， 绝望的,四级
outlook,'aʊtlʊk,,n.观点， 看法； 展望， 前景,四级
fountain,'faʊntn,,n.泉水； 喷泉； 源泉,四级
offense,ə'fɛns,,n.犯规， 违法行为； 冒犯， 得罪,四级
breadth,brɛdθ,,n.宽度； 幅度， 幅面,四级
catalog,'kætəlɔg,,n.目录，目录册；一系列 vt.将…编入目录， 将编目,四级
channel,'tʃænl,,n.海峡， 水道， 航道； 渠道， 途径； 频道,四级
focus,'fokəs,,v.聚焦；集中 n.焦点； 中心,四级
invisible,ɪn'vɪzəbl,,a.看不见的， 无形的,四级
entire,ɪn'taɪɚ,,a.全部的， 整个的,四级
pea,pi,,n.豌豆,四级
pill,pɪl,,n.药丸,四级
wrist,rɪst,,n.腕， 腕关节,四级
approach,ə'protʃ,,vt.向…靠近 n.靠近,四级
myth,mɪθ,,n.杜撰出来的人； 神话,四级
flour,'flaʊr,,n.面粉； 粉， 粉状物质,四级
implication,'ɪmplɪ'keʃən,,n.含意， 暗示， 暗指； 卷入， 牵连,四级
camel,'kæml,,n.骆驼,四级
fierce,fɪrs,,a.凶猛的； 狂热的,四级
bump,bʌmp,,vi.碰，撞；颠簸着前进 n.碰撞， 猛撞； 肿块； 隆起物,四级
reservation,",rɛzɚ'veʃən",,n.预订； 保留； 犹豫； 保留地,四级
per,pɚ,,prep.每， 每一,四级
proceed,pro'sid,,vi.继续进行； 行进， 前进,四级
considering,kən'sɪdərɪŋ,,prep.鉴于， 考虑到， 顾及,四级
corporation,",kɔrpə'reʃən",,n.公司， 企业， 社团,四级
loyalty,'lɔɪəlti,,n.忠诚， 忠心,四级
bulb,bʌlb,,n.电灯泡， 球状物,四级
dismiss,dɪs'mɪs,,vt.不再考虑； 解雇， 解散； 驳回,四级
propose,prə'poz,,v.提议， 建议， 提出； 提名， 推荐； 打算， 计划； 求婚,四级
intelligence,ɪn'tɛlɪdʒəns,,n.智力； 理解力； 情报,四级
reform,rɪ'fɔrm,,n&v.改革， 改良， 改造； 改正， 改过自新,四级
draught,drɑft,,n.穿堂风，冷风 a.〔啤酒〕桶装的，散装的,四级
daylight,'delaɪt,,n.白昼， 日光， 黎明,四级
install,ɪn'stɔl,,vt.安装， 设置； 使就职， 任命,四级
integration,'ɪntə'greʃən,,n.综合,四级
indication,",ɪndɪ'keʃən",,n.指示， 表示， 表明； 象征， 迹象,四级
bulk,bʌlk,,vi.变得越来越大； 使更大 n.物体；体积；大批,四级
coach,kotʃ,,n.长途公共汽车；教练，指导；旅客车厢 vt.训练， 指导， 辅导,四级
despair,dɪ'spɛr,,n.绝望 v.绝望，感到无望,四级
champion,'tʃæmpɪən,,n.冠军， 得胜者； 捍卫者， 拥护者,四级
gum,ɡʌm,,n.口香糖； 树胶,四级
circuit,'sɝkɪt,,n.电路， 线路； 环行， 巡行,四级
pine,paɪn,,vi.消瘦， 衰弱； 痛苦， 悲哀； 渴望 n.松树，松木,四级
magnificent,mæg'nɪfəsnt,,n.宏伟的， 壮丽的； 华丽的； 极好的,四级
guy,gaɪ,,n.家伙， 伙计,四级
respectively,rɪ'spɛktɪvli,,ad.各自地， 各个地， 分别地,四级
protection,prə'tɛkʃən,,n.保护， 防护,四级
pint,paɪnt,,n.品脱,四级
restrict,rɪ'strɪkt,,vt.限制， 约束， 限定,四级
instant,'ɪnstənt,,a.立即的； 紧急的； 可以速食的 n.瞬间,四级
conjunction,kən'dʒʌŋkʃən,,n.接合， 连接， 联合； 连词,四级
peer,pɪr,,vi.仔细看， 费力地看 n.同龄人，同等地位的人；贵族,四级
orderly,'ɔrdɚli,,a.整洁的； 有秩序的,四级
costly,'kɔstli,,a.昂贵的， 价值高的,四级
roast,rost,,v.烤，炙，烘 a.烤过的， 烘过的 n.烤肉,四级
violence,'vaɪələns,,n.猛烈， 激烈； 暴力,四级
succession,sək'sɛʃən,,n.连续； 一连串； 接替， 继任， 继承,四级
accordingly,ə'kɔrdɪŋli,,ad.因此， 所以； 照着,四级
consequence,'kɑnsəkwɛns,,n.结果， 后果； 重要， 重大,四级
product,'prɑdʌkt,,n.产品， 产物； 乘积,四级
particularly,pɚ'tɪkjəlɚlɪ,,ad.特别， 尤其,四级
dominant,'dɑmɪnənt,,a.占优势的， 支配的， 统治的； 居高临下的， 高耸的,四级
heading,'hɛdɪŋ,,n.标题， 题词， 题名； 新闻提要,四级
lover,'lʌvɚ,,n.爱好者； 情人,四级
vinegar,'vɪnɪɡɚ,,n.醋,四级
intellectual,",ɪntə'lɛktʃuəl",,a.智力的 n.知识分子,四级
cheat,tʃit,,v.欺骗；作弊；哄，行骗 n.欺骗， 欺骗行为； 骗子,四级
framework,'fremwɝk,,n.框架， 结构； 准则； 体系,四级
undoubtedly,ʌn'daʊtɪdli,,ad.毋庸置疑地， 肯定地,四级
infect,ɪn'fɛkt,,vt.传染， 感染； 影响,四级
tide,taɪd,,n.潮， 潮汐； 潮流， 趋势,四级
prohibit,prə'hɪbɪt,,vt.禁止， 不准,四级
bacteria,bæk'tɪrɪə,,n.细菌,四级
minor,'maɪnɚ,,vi.辅修 a.较小的，较少的；次要的 n.未成年人；辅修科目,四级
arrow,'æro,,n.箭， 箭状物； 箭头符号,四级
cop,kɑp,,n.警察,四级
fuel,'fjuəl,,vi.加燃料； 加油 n.燃料，燃料剂 vt.给…加燃料；刺激,四级
hostile,ˈhɑstl,,a.敌方的； 不友善的,四级
aeroplane,ˈɛrəˌplen,,n.飞机,四级
manner,'mænɚ,,n.方式； 态度； 风度； 礼貌， 规矩,四级
employee,ɪmˈplɔɪi;ɛmplɔɪˈi,,n.受雇者， 雇员， 雇工,四级
associate,ə'soʃɪet,,vi.结合； 交往 a.副的 vt.把…联系在一起；使联合 n.伙伴，同事,四级
pray,pre,,v.祈祷， 祈求； 请求， 恳求,四级
lad,læd,,n.男孩， 小伙子,四级
crawl,krɔl,,vi.爬， 爬行； 缓慢地行进,四级
identical,aɪ'dɛntɪkl,,a.完全相同的， 同一的,四级
lag,læɡ,,vi.走得慢 n.落后,四级
towel,'taʊəl,,n.毛巾， 手巾,四级
charity,'tʃærəti,,n.救济金， 施舍物； 慈善团体， 慈善事业； 宽大， 宽容,四级
academic,",ækə'dɛmɪk",,a.学院的； 学术的； 纯理论的， 不切实际的,四级
function,'fʌŋkʃən,,vi.运作， 运行 n.功能；职务，职责,四级
employer,ɪm'plɔɪɚ,,n.雇佣者， 雇主,四级
pit,pɪt,,n.地洞，坑；煤矿，矿井 vt.使有坑,四级
lap,læp,,v.舔； 拍打 n.膝部；一圈，一段,四级
mineral,'mɪnərəl,,n.矿物， 矿石， 矿物质,四级
stock,stɑk,,a.常用的， 常备的 n.原料，库存品；股本，公债；世系，血统；汤汁；家畜，牲畜 vt.储备,四级
representative,'rɛprɪ'zɛntətɪv,,a.有代表性的， 典型的 n.代表，代理人,四级
suspend,sə'spɛnd,,vt.暂停， 终止； 吊， 悬,四级
pigeon,'pɪdʒɪn,,n.鸽子,四级
well-known,",wɛl'non",,a.众所周知的， 著名的,四级
beneath,bɪˈniːθ,,ad.在下方， 在底下 prep.在…下方；低于，次于；在…掩盖下；连…也不值得，有失…的身份,四级
terror,'tɛrɚ,,n.恐怖， 惊骇； 引起恐怖的人或事,四级
comparison,kəm'pærɪsn,,n.比较， 对照； 比拟， 比喻,四级
surge,sɝdʒ,,vi.蜂拥而出；洋溢，奔放；汹涌，奔腾 n.大浪， 波涛； 高涨； 汹涌,四级
lest,lɛst,,conj.唯恐， 以免,四级
heroic,hə'roɪk,,a.英雄的； 英勇的,四级
sway,swe,,v.摇，摇动；动摇 n.摇摆， 摇动； 起支配作用的影响,四级
basis,'besɪs,,n.基础， 根据； 原则,四级
tutor,'tʊtɚ,,v.当…导师， 当…家庭教师 n.导师；家庭教师，私人教师,四级
senator,'sɛnətɚ,,n.参议员,四级
adventure,əd'vɛntʃɚ,,n.奇遇； 冒险， 冒险活动,四级
successive,sək'sɛsɪv,,a.连续的， 接连的,四级
condition,kən'dɪʃən,,n.状况， 状态； 环境,四级
thirsty,'θɝsti,,a.渴的； 渴望的,四级
ceremony,ˈsɛrəˌmoʊni,,n.典礼， 仪式， 礼节,四级
obligation,",ɑblɪ'ɡeʃən",,n.义务， 责任,四级
improve,ɪm'pruv,,v.变得更好； 改善； 提高,四级
gym,dʒɪm,,n.体育馆； 健身房,四级
rarely,'rɛrli,,ad.很少， 难得,四级
evil,'ivl,,a.坏的 n.邪恶，祸害,四级
governor,'ɡʌvɚnɚ,,n.州长； 主管人员； 理事， 董事,四级
twist,twɪst,,v.缠绕，盘绕；转动，旋动；捻，搓；歪曲，曲解；扭歪，扭伤；曲折前进；转身 n.扭弯； 转折， 转变； 弯曲， 曲折处,四级
locate,ˈloˌket; loˈket,,vt.探明， 找出； 把…设置在， 使…坐落于,四级
unite,ju'naɪt,,v.联合， 统一,四级
lavatory,'lævətɔri,,n.盥洗室， 厕所,四级
exterior,ɪk'stɪrɪɚ,,a.外部的；对外的 n.外部， 外表,四级
technique,tɛk'nik,,n.技术， 技巧， 技能,四级
combat,'kɑmbæt,,n.战争，斗争，格斗 vt.与…斗争， 与…战斗,四级
troop,trʊp,,vi.成群结队而行 n.军队，部队；一群，大量,四级
scenery,'sinəri,,n.风景， 景色； 舞台布景,四级
unity,'junəti,,n.单一， 统一， 团结； 和睦， 协调,四级
effective,ɪ'fɛktɪv,,a.有效的； 有影响的,四级
pursue,pə'sʊ,,vt.继续； 从事； 追赶， 追踪； 追求,四级
similarly,'sɪməlɚli,,ad.类似地， 相似地,四级
convey,kən've,,vt.表达， 传递； 运送， 输送,四级
muscle,'mʌsl,,n.肌肉， 体力； 力量， 实力,四级
design,dɪ'zaɪn,,vt.设计；预定，指定 n.设计， 构想； 图样； 企图,四级
extra,'ɛkstrə,,ad.特别地 a.额外的；特别的 n.额外的事物， 额外费用,四级
generous,'dʒɛnərəs,,a.慷慨的； 宽厚的； 大量的,四级
victim,'vɪktɪm,,n.牺牲者， 受害者,四级
possibility,",pɑsə'bɪləti",,n.可能； 可能的事,四级
lane,len,,n.小路； 跑道； 航道， 航线,四级
garlic,'ɡɑrlɪk,,n.大蒜,四级
chief,tʃif,,a.主要的，为首的；总的 n.首领， 长官； 酋长， 族长,四级
accord,ə'kɔrd,,vi.相符合； 相一致 n.一致，符合；谅解，协议 vt.使符合；使一致；调节；授予，赠与，给予,四级
aircraft,'ɛr'kræft,,n.飞机， 飞行器,四级
automatic,'ɔtə'mætɪk,,a.自动的，机械的；不假思索的，无意识的；必然的，自然的 n.自动手枪； 有自动装置的汽车,四级
doubtful,'daʊtfəl,,a.难以预测的； 怀疑的,四级
despite,dɪ'spaɪt,,prep.不管， 不顾,四级
opening,'opənɪŋ,,a.开首的，开始的 n.口子， 洞， 孔； 开始； 空缺,四级
industrial,ɪn'dʌstrɪəl,,a.工业的， 产业的,四级
obey,ə'be,,v.顺从， 服从,四级
conduct,kən'dʌkt,,n.举止， 行为； 指导； 管理； 实施 vt.进行； 管理， 指挥， 引导； 传输， 传导,四级
stable,'stebl,,a.稳定的，不变的；沉稳的，持重的 n.厩， 马厩， 牛棚,四级
lamb,læm,,n.羔羊， 小羊； 羔羊肉,四级
pillow,'pɪlo,,n.枕头,四级
harness,'hɑrnɪs,,vt.治理；给上挽具 n.马具， 挽具,四级
fantastic,fæn'tæstɪk,,a.极好的， 极出色的， 了不起的； 极大的； 难以相信的； 异想天开的， 不实际的； 奇异的， 古怪的,四级
sketch,skɛtʃ,,v.绘…的略图， 画…的素描； 概述 n.略图；梗概；素描，速写,四级
tidy,'taɪdi,,a.整洁的，整齐的 v.整洁， 整齐,四级
respond,rɪ'spɑnd,,vi.回答， 答复； 作出反应， 响应,四级
incident,'ɪnsɪdənt,,n.发生的事， 事件,四级
maintenance,'mentənəns,,n.维持； 保养； 抚养费,四级
marry,'mæri,,v.娶， 嫁； 为…证婚； 结婚， 结合,四级
decay,dɪ'ke,,vi.腐烂；衰败 n.腐烂,四级
absorb,æbˈsɔrb; æbˈzɔrb; əbˈsɔrb,,vt.吸收； 吸引…的注意， 使全神贯注； 把…并入， 同化,四级
supply,sə'plaɪ,,n&vt.供给， 供应,四级
concern,kən'sɝn,,n.关切的事，有关的事；关心，挂念；关系，关联；公司，企业 vt.涉及， 有关； 使关心， 使担心,四级
circulate,'sɝkjəlet,,v.循环， 流通； 流传， 散布， 传播,四级
liberty,'lɪbɚti,,n.自由； 许可， 准许； 过于随便， 放肆,四级
liable,'laɪəbl,,a.易于…的； 可能的,四级
cargo,'kɑrɡo,,n.船货， 货物,四级
confidential,",kɑnfɪ'dɛnʃl",,a.秘密的， 机密的； 亲信的,四级
drift,drɪft,,vi.漂流，漂泊 n.漂流； 大意， 主旨； 趋势,四级
element,'ɛləmənt,,n.成分， 要素， 元素； 基础， 纲要； 自然力,四级
chaos,'keɑs,,n.混乱， 紊乱,四级
mankind,mæn'kaɪnd,,n.人类,四级
abundant,ə'bʌndənt,,a.丰富的， 富裕的； 大量的， 充足的,四级
pace,pes,,vi.踱步 n.步，步速；速度；节奏,四级
exclaim,ɪk'sklem,,vi.呼喊， 惊叫,四级
probable,'prɑbəbl,,a.很可能的， 大概的,四级
forecast,'fɔrkæst,,v.预测， 预报 n.预测，预报,四级
uncover,ʌn'kʌvɚ,,vt.揭露， 暴露； 揭开…的盖子,四级
recognize,ˈrɛkəɡˌnaɪz,,vt.认出， 识别； 承认； 赏识， 表彰， 报偿,四级
pack,pæk,,vt.捆扎，把…打包；使挤在一起，塞满 n.包， 小盒,四级
restraint,rɪ'strent,,n.抑制， 限制， 克制； 约束措施， 约束条件,四级
input,'ɪn'pʊt,,n.输入；投入的资金；输入的数据 vt.把…输入计算机,四级
cue,kju,,n.暗示，信号；提示 vt.提示； 暗示,四级
volt,volt,,n.伏特， 伏,四级
reality,rɪ'æləti,,n.现实， 实际； 真实,四级
stereotype,'stɛrɪətaɪp,,n.陈规，老套，固定的模式；铅版 vt.把…浇铸成铅版； 对…形成固定看法,四级
enroll,ɪn'rol,,vi.入学，加入 vt.招收， 吸收,四级
offend,ə'fɛnd,,vt.冒犯， 伤害…的感情； 使厌恶； 违反,四级
molecule,'mɑlɪkjul,,n.分子,四级
resign,rɪ'zaɪn,,vi.辞职 vt.辞去， 放弃； 使听从， 使顺从,四级
bathe,beð,,v.洗澡； 游泳,四级
workman,'wɝkmən,,n.工人， 劳动者， 工匠,四级
sophisticated,sə'fɪstɪketɪd,,a.老于世故的； 高级的； 精密的， 复杂的； 高雅的,四级
sunrise,'sʌnraɪz,,n.日出； 朝霞,四级
entertainment,ˌɛntɚ'tenmənt,,n.娱乐， 文娱节目， 表演会； 招待， 款待， 请客,四级
document,dɑkjəmənt,,n.公文，文件；证件 vt.用文件等证明,四级
starve,stɑrv,,v.挨饿， 饿死,四级
battery,'bæt(ə)rɪ,,n.电池， 蓄电池； 排炮， 炮组； 一系列， 一套,四级
chase,tʃeɪs,,v.追逐， 追赶； 追求,四级
accident,'æksədənt,,n.意外， 事故,四级
marine,mə'rin,,a.海的， 海生的； 海事的， 海军的， 海运的 n.海军陆战队士兵,四级
clay,kle,,n.黏土， 泥土； 肉体,四级
anyway,'ɛnɪ'we,,ad.无论如何， 至少； 不论以何种方式， 无论从什么角度,四级
promote,prə'mot,,vt.促进， 增进， 发扬； 提升； 宣传， 推销,四级
routine,rʊ'tin,,a.例行的， 常规的 n.例行公事，惯例，惯常的程序,四级
attack,ə'tæk,,n.攻击，打击；突然发作 vt.攻击， 进攻,四级
humour,'hju:mə,,n.幽默， 诙谐， 幽默感,四级
divorce,dɪ'vɔrs,,v.离婚； 分离， 脱离 n.离婚，离异,四级
currency,ˈkɜrənsi,,n.通货， 货币； 通行， 流行,四级
canal,kə'næl,,n.运河， 沟渠； 管,四级
attach,ə'tætʃ,,vt.缚， 系， 贴； 附加； 使依恋， 使喜爱； 使附属； 认为有,四级
distribute,dɪ'strɪbjut,,vt.分发， 分送； 分布,四级
ankle,'æŋkl,,n.踝， 踝关节,四级
convict,kən'vɪkt,,vt.证明…有罪， 宣判…有罪 n.囚犯,四级
legislation,",lɛdʒɪs'leʃən",,n.法律， 法规； 立法， 法律的制定,四级
clause,klɔz,,n.条款； 从句， 分句,四级
quiz,kwɪz,,n.智力竞赛，问答比赛；小测验 vt.考查， 盘问,四级
participate,pɑr'tɪsə'pet,,vi.参与， 参加； 分享,四级
ingredient,ɪn'ɡridɪənt,,n.组成部分， 成分； 原料； 要素， 因素,四级
surplus,'sɝpləs,,a.过剩的， 多余的 n.过剩，剩余，盈余,四级
correspondence,",kɔrə'spɑndəns",,n.信件， 函件； 通信， 通信联系； 符合， 一致， 相似,四级
refresh,ri'frɛʃ,,v.振作精神， 恢复活力,四级
librarian,laɪ'brɛrɪən,,n.图书馆管理员,四级
intimate,ˈɪntəmɪt,,a.亲密的；个人的 n.至交， 密友 vt.暗示， 提示,四级
reporter,rɪ'pɔrtɚ,,n.记者,四级
declaration,",dɛklə'reʃən",,n.宣布， 宣告； 宣言， 声明； 申报,四级
disclose,dɪs'kloz,,v.揭示； 透露,四级
religion,rɪ'lɪdʒən,,n.宗教， 宗教信仰,四级
diagram,'daɪəɡræm,,n.图解， 图表， 简图,四级
claw,klɔ,,v.抓， 撕 n.爪，脚爪，螯,四级
torture,'tɔrtʃɚ,,n.拷问；折磨 vt.拷打,四级
prayer,prɛr,,n.祷告， 祈祷； 祷文； 祈求， 祈望,四级
tragedy,'trædʒədi,,n.悲剧， 惨事， 惨案； 悲剧艺术,四级
charm,tʃɑrm,,n.迷人的特性，魅力；符咒，咒文 vt.吸引， 迷住,四级
clap,klæp,,v.拍手，轻拍 n.拍手， 鼓掌,四级
purple,'pɝpl,,a.紫的 n.紫色,四级
quit,kwɪt,,vt.停止， 放弃； 离开， 辞,四级
economical,",ɛkə'nɑmɪkl",,a.节约的； 经济学的,四级
prosperous,'prɑspərəs,,a.繁荣的， 兴旺的,四级
polish,'pɑlɪʃ,,vt.磨光；修改，润色，使优美 n.擦光剂,四级
cabinet,'kæbɪnət,,n.橱， 柜； 内阁,四级
chart,tʃɑrt,,n.图表；航海图 vt.用图表表示， 在图上表示,四级
optical,'ɑptɪkl,,a.眼的， 光学的， 视觉的,四级
fashion,'fæʃən,,n.样子， 方式； 时尚； 流行款式,四级
insurance,ɪn'ʃʊrəns,,n.保险， 保险费,四级
preface,ˈpref.ɪs,,n.序言， 前言， 引言,四级
principle,'prɪnsəpl,,n.原则， 原理， 道义； 基本信念， 信条,四级
lid,lɪd,,n.盖子， 盖,四级
tedious,'tidɪəs,,a.冗长乏味的， 沉闷的,四级
source,sɔrs,,n.河的源头， 根源； 来源， 出处,四级
secure,sə'kjʊr,,a.安全的，可靠的；牢固的，稳固的；无忧虑的，安心的 vt.得到， 获得； 使安全， 保卫； 缚牢,四级
domestic,də'mɛstɪk,,a.本国的； 家庭的； 驯养的,四级
deception,dɪ'sɛpʃən,,n.欺骗； 诡计， 骗局,四级
basically,'besɪkli,,ad.基本上， 从根本上说,四级
donation,do'neʃən,,n.捐款， 捐赠物； 捐赠， 赠送,四级
avenue,'ævənu,,n.林荫道， 道路， 大街,四级
immense,ɪ'mɛns,,a.巨大的； 极好的,四级
budget,'bʌdʒɪt,,v.规划，安排；编预算 a.低廉的， 收费公道的 n.预算，预算拨款,四级
given,'ɡɪvn,,a.规定的，特定的；假设的；已知的；有癖好的，有倾向的 prep.考虑到,四级
hay,heɪ,,n.干草,四级
chest,tʃɛst,,n.胸腔， 胸膛； 箱子,四级
tension,'tɛnʃən,,n.紧张， 不安； 拉紧； 张力， 拉力,四级
definite,'dɛfɪnət,,a.明确的， 肯定的,四级
reflection,rɪ'flɛkʃən,,n.映像， 倒影； 反射； 反映， 表达； 非议； 沉思， 反省,四级
ultimate,ˈʌltəmɪt,,a.最后的，最终的 n.终极， 顶点,四级
campus,'kæmpəs,,n.校园， 学校场地,四级
adapt,ə'dæpt,,vt.使适应； 改编,四级
solicitor,sə'lɪsɪtɚ,,n.律师， 法律顾问,四级
cheerful,'tʃɪrfl,,a.快乐的， 愉快的； 使人感到愉快的,四级
merit,'mɛrɪt,,n.长处，优点，价值；功劳，成绩 vt.值得， 应受,四级
misunderstand,",mɪsʌndɚ'stænd",,vt.误解， 误会,四级
guilty,'ɡɪlti,,a.内疚的； 有罪的,四级
measure,'mɛʒɚ,,vt.测量，度量；衡量 n.分量； 尺寸； 量具； 计量单位； 量度， 测量； 措施， 办法,四级
overall,",ovə'rɔl",,a.全面的， 总体的， 全部的,四级
receipt,rɪ'sit,,n.发票， 收据； 收入， 进款； 收到， 接到,四级
assume,ə'sum,,vt.假定， 假设， 臆断； 承担， 担任； 呈现,四级
pepper,'pɛpɚ,,n.胡椒，胡椒粉 vt.在…上撒； 使布满,四级
plural,'plʊrəl,,a.复数的 n.复数,四级
doctoral,'dɔktərəl,,a.博士的,四级
concept,'kɑnsɛpt,,n.概念， 观念， 设想,四级
resistant,rɪ'zɪstənt,,a.抵抗的， 抗…的， 耐…的,四级
effort,'ɛfɚt,,n.努力， 努力的成果,四级
video,'vɪdɪo,,a.录像的；电视的 n.录像,四级
disaster,dɪ'zæstɚ,,n.灾难， 灾祸， 天灾； 彻底的失败,四级
agriculture,'æɡrɪkʌltʃɚ,,n.农业， 农学,四级
weapon,'wɛpən,,n.武器， 兵器,四级
grocer,ɡrosɚ,,n.食品商， 杂货商,四级
stare,stɛr,,n&vi.盯， 凝视,四级
painful,'penfl,,a.疼痛的， 引起疼痛的； 困难的； 令人不快的,四级
vote,vot; voʊt,,v.投票； 表决 n.票，选票；选举，投票，表决；表决结果，投票总数,四级
steady,'stɛdi,,vi.稳定 a.稳的，平稳的；稳定的，持续的；稳固的,四级
enhance,ɪn'hæns,,vt.提高， 增加， 加强,四级
enclose,ɪn'kloz,,vt.围住， 圈起； 附上； 把…装入信封,四级
convention,kən'vɛnʃən,,n.习俗， 惯例； 公约； 会议,四级
disease,dɪ'ziz,,n.病， 疾病； 不健全； 弊端,四级
center,'sɛntɚ,,n.圆心， 正中； 中心,四级
suspicion,sə'spɪʃən,,n.怀疑， 疑心， 猜疑； 一点儿， 少量,四级
purchase,'pɝtʃəs,,vt.买，购买 n.购买； 购买的物品,四级
refusal,rɪ'fjuzl,,n.拒绝,四级
technician,tɛk'nɪʃən,,n.技术员， 技师,四级
generic,dʒə'nɛrɪk,,a.【生物】 属的， 类的； 一般的， 普通的,四级
genius,'dʒinjəs,,n.天才， 天赋， 天资； 天才人物,四级
alike,ə'laɪk,,ad.一样地， 相似地； 同样程度地 a.同样的，相同的,四级
fund,fʌnd,,n.资金，基金；存款 vt.为…提供资金,四级
gravity,ˈɡrævətɪ,,n.重力， 引力； 严重性； 严肃， 庄重,四级
typical,'tɪpɪkl,,a.典型的， 代表性的,四级
quotation,kwo'teʃən,,n.引文， 引语， 语录； 报价， 牌价， 行情,四级
finance,'faɪnæns,,v.筹措资金 n.财政，金融；财源，财务情况,四级
studio,'studɪo,,n.画室， 摄影室； 播音室， 录音室， 摄影棚,四级
tray,tre,,n.盘， 托盘， 碟,四级
downward,'daʊnwɚd,,ad.向下地 a.向下的,四级
cabbage,ˈkæbɪdʒ,,n.洋白菜， 卷心菜,四级
regulate,'rɛɡjulet,,vt.管理， 控制； 调整， 调节,四级
palm,pɑm,,n.手掌， 掌状物； 棕榈树,四级
hydrogen,'haɪdrədʒən,,n.氢,四级
infant,'ɪnfənt,,a.婴儿的； 幼稚的 n.婴儿,四级
hen,hɛn,,n.母鸡， 雌禽,四级
whoever,hʊ'ɛvɚ,,pron.谁； 无论谁； 究竟是谁,四级
carbon,'kɑrbən,,n.碳,四级
unload,'ʌn'lod,,v.卸， 卸货； 下客； 退出子弹； 卸下胶卷,四级
payment,'pemənt,,n.支付， 支付的款项,四级
specifically,spə'sɪfɪkli,,ad.特别地， 特定地； 明确地， 具体地,四级
controversial,",kɑntrə'vɝʃl",,a.引起争论的， 有争议的,四级
attain,ə'ten,,vt.达到， 获得， 完成,四级
trap,træp,,n.陷阱，捕捉器；圈套，诡计；困境 vt.设陷阱捕捉； 诱骗,四级
gallery,'gæləri,,n.画廊， 美术馆； 楼座； 旁听席； 回廊， 走廊,四级
hardware,'hɑrdwɛr,,n.五金器具； 硬件,四级
deputy,'dɛpjuti,,n.副职， 副手； 代表， 代理人,四级
warmth,wɔrmθ,,n.暖和， 温暖； 热烈， 热情， 热心,四级
supreme,suˈprim,,a.最高的， 最大的； 极度的， 最重要的,四级
ambulance,'æmbjələns,,n.救护车； 野战医院,四级
priority,praɪ'ɔrəti,,n.优先， 重点； 优先考虑的事,四级
slope,slop,,v.倾斜 n.倾斜；斜面,四级
philosophy,fə'lɑsəfi,,n.哲学， 哲理， 人生哲学,四级
preventive,pri'vɛntɪv,,a.预防性的,四级
creative,krɪ'etɪv,,a.创造性的， 创作的,四级
junior,'dʒunɪɚ,,a.年少的；资历较浅的 n.晚辈； 三年级学生,四级
allocate,'æləket,,vt.分配， 分派， 把…拨给,四级
provide,prə'vaɪd,,vt.提供， 供给,四级
standpoint,'stændpɔɪnt,,n.立场， 观点,四级
worship,'wɝʃɪp,,n.礼拜；崇拜；信奉 vt.崇拜,四级
lawn,lɔn,,n.草地， 草坪， 草场,四级
primary,'praɪmɛri,,a.首要的， 主要的； 基本的； 最初的， 初级的,四级
log,lɔɡ,,n.原木，木料；航海日志 vt.正式记录,四级
solar,'solɚ,,a.太阳的， 日光的； 太阳能的,四级
consume,kənˈsum,,vt.消费， 吃完， 喝光； 毁灭； 使着迷， 充满,四级
formation,fɔr'meʃən,,n.形成， 构成， 形成物； 队形， 排列,四级
layer,'leɪr,,n.层， 层次,四级
triangle,'traɪæŋɡl,,n.三角,四级
accidental,",æksɪ'dɛntl",,a.偶然的， 意外的,四级
assure,ə'ʃʊr,,vt.使确信； 确保， 向…保证,四级
consult,kən'sʌlt,,vt.请教； 查阅； 商议,四级
theme,θim,,n.主题， 题目,四级
smash,smæʃ,,v.粉碎，打烂；狠打，猛击；破灭，失败；猛撞，猛冲 n.破碎 ； 猛击， 猛撞； 轰动的演出， 巨大的成功,四级
merely,'mɪrli,,ad.仅仅， 只不过,四级
contradiction,",kɑntrə'dɪkʃən",,n.矛盾， 不一致； 否认， 反驳,四级
fuss,fʌs,,n&vi.忙乱； 大惊小怪， 小题大做； 烦恼， 过于忧虑,四级
wealth,wɛlθ,,n.财富， 财产； 丰富,四级
editor,'ɛdɪtɚ,,n.编辑， 编者， 校订者,四级
barrel,'bærəl,,n.桶； 圆筒； 枪管,四级
means,minz,,n.方法， 手段， 工具； 金钱， 财产,四级
desire,dɪ'zaɪɚ,,vt.渴望；要求 n.愿望； 欲望,四级
survive,sɚ'vaɪv,,vi.活下来， 幸存 vt.从…逃出，幸免于；从中挺过来；比…活得长,四级
efficient,ɪ'fɪʃnt,,a.效率高的； 有能力的,四级
initial,ɪ'nɪʃəl,,a.最初的，开始的 n.首字母,四级
unfortunately,ʌn'fɔrtʃənətli,,ad.不幸地,四级
consistent,kən'sɪstənt,,a.坚持的， 一贯的； 一致的， 符合的,四级
reverse,rɪ'vɝs,,v.撤销，推翻；反向，倒转；彻底改变 a.反向的， 相反的， 倒转的 n.相反，对立面；反面，背面，后面；挫折，逆境,四级
heterogeneity,ˌhetərədʒə'niːəti,,n.异种， 异质， 不同成分,四级
sword,sɔːrd,,n.剑， 刀,四级
permanent,'pɝmənənt,,a.永久的， 固定的,四级
barely,'bɛrli,,ad.仅仅， 只不过， 几乎不,四级
summarize,'sʌməraɪz,,vt.概括， 概述， 总结,四级
chap,tʃæp,,n.小伙子， 男人， 家伙,四级
facility,fə'sɪləti,,n.设备； 容易； 场所,四级
beam,bim,,n.梁，横梁；束，柱；笑容，喜色 vt.面露喜色； 定向发出， 播送,四级
alliance,ə'laɪəns,,n.结盟， 联盟,四级
civilization,",sɪvələ'zeʃən",,n.文明， 文化； 开化,四级
fiction,'fɪkʃən,,n.小说； 虚构， 杜撰,四级
possession,pə'zɛʃən,,n.有， 所有； 所有物,四级
replace,rɪ'ples,,vt.代替， 取代； 更换， 调换； 把…放回原处,四级
appointment,ə'pɔɪntmənt,,n.任命； 约定； 约会； 委任的职位,四级
hip,hɪp,,n.臀部， 髋部,四级
merry,'mɛri,,a.欢乐的， 愉快的,四级
dam,dæm,,n.水坝，水堤；障碍物 vt.筑堤挡住,四级
pessimistic,",pɛsɪ'mɪstɪk",,a.悲观的,四级
commander,kə'mændɚ,,n.司令官， 指挥员,四级
bloom,blum,,v.开花 n.花，开花，开花期；青春焕发,四级
major,'medʒɚ,,a.较大的；主要的；重大的 n.少校； 专业,四级
zone,zon,,n.地区， 区域， 范围,四级
emphasis,'ɛmfəsɪs,,n.强调； 重点， 重要性,四级
interrupt,'ɪntə'rʌpt,,v.打断， 打扰， 中断,四级
feasible,'fizəbl,,a.可行的， 可能的,四级
prescribe,prɪ'skraɪb,,vt.开； 吩咐采用； 规定， 指定,四级
potential,pə'tɛnʃl,,a.潜在的，可能的 n.潜力， 潜能,四级
bean,bin,,n.豆， 蚕豆,四级
accustomed,ə'kʌstəmd,,a.惯常的， 习惯的,四级
combination,",kɑmbɪ'neʃən",,n.结合， 联合； 化合,四级
obtain,əb'ten,,v.获得； 通用， 流行； 存在,四级
turbine,'tɝbaɪn,,n.叶轮机， 汽轮机,四级
repeatedly,rɪ'pitɪdli,,ad.一再， 再三， 多次地,四级
curiosity,",kjʊrɪ'ɑsəti",,n.好奇， 好奇心； 奇物， 奇事， 珍品,四级
gross,ɡros,,a.总的； 严重的； 粗俗的； 臃肿的,四级
workshop,'wɝkʃɑp,,n.车间， 作坊， 创作室； 研讨会， 讲习班,四级
resist,rɪ'zɪst,,v.抵抗， 反抗， 抵制； 抗， 耐； 忍住， 拒受…的影响,四级
liter,litɚ,,n.升,四级
format,'fɔrmæt,,n.设计，安排；格式，样式，版式 vt.使格式化,四级
sacrifice,'sækrɪfaɪs,,v.牺牲，舍身；献祭，供奉 n.牺牲； 供奉； 祭品,四级
illegal,ɪ'ligl,,a.不合法的， 非法的,四级
stimulate,'stɪmjə'let,,vt.刺激， 激励， 激发,四级
formal,'fɔrml,,a.正式的， 礼仪上的,四级
congratulate,kən'ɡrætʃulet,,vt.祝贺， 向…道喜,四级
rainbow,'renbo,,n.虹， 彩虹,四级
soak,sok,,v.浸， 泡,四级
soar,sɔr,,vi.猛增， 剧增； 高飞， 升腾； 高涨； 高耸， 屹立,四级
salesman,'selzmən,,n.售货员， 推销员,四级
interference,",ɪntɚ'fɪrəns",,n.干涉， 干预， 阻碍,四级
fibre,'faibə,,n.纤维， 纤维质,四级
sustain,sə'sten,,vt.保持， 使持续下去； 供养， 维持； 支持， 支撑； 经受， 遭受,四级
entertain,",ɛntɚ'ten",,vt.使欢乐； 招待， 请客,四级
altitude,'æltɪtud,,n.海拔， 高度； 高处,四级
classify,'klæsɪfaɪ,,vt.把…分类， 把…分级,四级
ease,iz,,n.容易；舒适 vt.缓和,四级
critical,'krɪtɪkl,,a.决定性的； 批评的,四级
colony,'kɑləni,,n.殖民地； 侨居地， 聚居地； 群体， 集群,四级
mathematics,",mæθə'mætɪks",,n.数学,四级
wagon,'wægən,,n.四轮马车， 大篷车； 铁路货车， 客货两用车,四级
elsewhere,ˌels'weə,,ad.在别处， 向别处,四级
penetrate,'pɛnətret,,vt.透入， 渗入， 进入； 刺穿； 洞察， 了解,四级
principal,'prɪnsəpl,,a.最重要的，主要的 n.负责人， 校长； 资本， 本金； 主要演员， 主角,四级
tend,tɛnd,,vi.照管， 照料， 护理 vt.易于，往往会；趋向，倾向,四级
exceedingly,ɪk'sidɪŋli,,ad.极端地， 非常,四级
specimen,'spɛsəmən,,n.样本， 标本， 样品,四级
relief,rɪ'lif,,n.轻松， 宽慰； 缓解； 调剂， 消遣； 接替,四级
dimension,"dəˈmɛnʃən, daɪ-",,n.尺寸， 尺度； 方面， 特点； 面积， 规模,四级
introduction,",ɪntrə'dʌkʃən",,n.介绍， 引进； 引言,四级
deserve,dɪ'zɝv,,vt.应受， 值得,四级
process,proˈsɛs;(for n.)prɑsɛs,,n.过程；制作法；程序 vt.加工； 办理,四级
philosopher,fə'lɑsəfɚ,,n.哲学家， 哲人,四级
restore,rɪ'stɔr,,vt.恢复， 使回复； 修复， 整修； 归还， 交还,四级
therapy,'θɛrəpi,,n.治疗， 理疗,四级
alternative,ɔl'tɝnətɪv,,a.两者选一的， 供选择的； 另类的 n.替换物，选择；选择的自由,四级
banner,'bænɚ,,n.横幅； 旗， 旗帜,四级
concentration,'kɑnsn'treʃən,,n.集中； 专注， 专心； 浓缩， 浓度,四级
encounter,ɪn'kaʊntɚ,,vt.遭遇，遇到 n.遭遇,四级
soda,'sodə,,n.碳酸钠， 纯碱； 汽水， 苏打水,四级
colleague,'kɑliɡ,,n.同事， 同僚,四级
gratitude,'ɡrætɪtud,,n.感激， 感谢， 感恩,四级
approve,ə'prʊv,,vt.赞成， 称许； 批准,四级
interaction,",ɪntə'rækʃən",,n.相互作用， 干扰,四级
chew,tʃʊ,,vt.咀嚼， 嚼碎,四级
interfere,",ɪntɚ'fɪr",,vi.干涉， 干预， 妨碍,四级
apartment,ə'pɑrtmənt,,n.一套公寓房间,四级
account,ə'kaʊnt,,vi.说明原因； 占 n.记述；解释；账目,四级
uneasy,ʌn'izi,,a.心神不安的， 忧虑的,四级
tolerate,'tɑləret,,vt.忍受， 容忍； 容许， 承认,四级
developmental,"dɪ,vɛləp'mɛntl",,a.发展的,四级
stack,stæk,,n.堆，垛 vt.堆积， 堆放于,四级
underline,'ʌndəlaɪn,,vt.在…下面画线； 强调， 使…突出,四级
innocent,'ɪnəsnt,,a.清白的； 幼稚的； 没有恶意的,四级
compassion,kəm'pæʃən,,n.同情， 怜悯,四级
alphabet,'ælfə'bɛt,,n.字母表， 字母系统,四级
parliament,'pɑrləmənt,,n.议会， 国会,四级
evaluation,"ɪ,væljʊ'eʃən",,n.评价； 估计,四级
crack,kræk,,vi.爆裂； 噼啪地响； 打， 击 n.裂缝，裂纹；破裂声,四级
bind,baɪnd,,vt.捆绑， 包扎； 装订； 约束； 使结合， 使黏合,四级
trim,trɪm,,a.整齐的 vt.使整齐,四级
appreciate,ə'priʃɪet,,vt.重视， 赏识； 领会， 体会； 感谢； 增值,四级
dental,'dɛntl,,a.牙齿的， 牙科的,四级
predictable,prɪ'dɪktəbl,,a.可预料的,四级
diverse,daɪ'vɝs,,a.不一样的， 相异的； 多种多样的,四级
railway,'relwe,,n.铁路,四级
cube,kjʊb,,a.清澈透明的 n.立方形，立方,四级
rally,'ræli,,v.集合， 团结； 恢复， 重新振作 n.集会；公路汽车赛,四级
prime,praɪm,,a.首要的；最好的 n.青春；全盛时期 vt.使准备好,四级
happen,'hæpən,,vi.发生； 碰巧， 恰好,四级
festival,ˈfɛstəvl,,n.节日； 音乐节,四级
mild,maɪld,,a.温柔的； 温暖的； 轻微的,四级
profile,'profaɪl,,n.侧面；人物简介；轮廓，形象；姿态，引人注目的状态 vt.为…描绘； 写…的传略,四级
loyal,'lɔɪəl,,a.忠诚的， 忠心的,四级
preference,'prɛfrəns,,n.喜爱， 偏爱； 偏爱的事物； 优先,四级
impact,ɪm'pækt,,n.影响， 作用， 冲击,四级
opportunity,ˌɑpɚˈtunətɪ,,n.机会， 良机,四级
active,'æktɪv,,a.活跃的， 积极的； 主动的； 起作用的,四级
dorm,dɔrm,,n.宿舍,四级
whichever,wɪtʃ'ɛvɚ,,pron&adj.无论哪个， 无论哪些,四级
court,kɔrt,,n.法院， 法庭； 庭院； 宫廷； 球场,四级
venture,'vɛntʃɚ,,v.冒险， 敢于 n.风险投资，风险项目,四级
mill,mɪl,,v.磨， 碾 n.磨坊；碾磨机；制造厂，工厂,四级
bucket,'bʌkɪt,,n.水桶， 吊桶； 铲斗,四级
senior,'sinɪɚ,,a.资格较老的，地位较高的；年长的 n.较年长者； 毕业班学生,四级
dose,dos,,n.剂量， 用量， 一剂,四级
route,raʊt,,n.路线， 路程,四级
enthusiasm,ɪn'θuzɪæzəm,,n.热情， 热心， 热忱； 巨大兴趣,四级
flexible,'flɛksəbl,,a.易弯曲的， 灵活的,四级
adult,'ædʌlt,,a.成年的； 成年人的， 适宜于成年人的 n.成年人,四级
attitude,'ætɪtʊd,,n.态度， 看法； 姿势,四级
relative,'rɛlətɪv,,a.有关系的，相对的 n.亲属， 亲戚,四级
organ,'ɔrɡən,,n.器官； 机构； 管风琴； 新闻媒介,四级
average,'ævərɪdʒ,,a.平均的；平常的 v.平均 n.平均数，平均,四级
treatment,'tritmənt,,n.待遇； 治疗， 疗法； 对待， 处理,四级
compare,kəm'pɛr,,vt.比较， 对照； 把…比作,四级
pluralism,'plʊər(ə)lɪz(ə)m,,n.多重性； 兼职， 兼任,四级
influential,",ɪnflu'ɛnʃl",,a.有影响的； 有权势的,四级
shiver,'ʃɪvɚ,,n&vi.战栗， 颤抖,四级
Bible,'baɪbl,,n.圣经,四级
liquor,'lɪkɚ,,n.酒， 烈性酒,四级
honourable,'ɔnərəbl,,a.光荣的； 可敬的； 正直的,四级
characteristic,",kærəktə'rɪstɪk",,a.特有的，典型的 n.特性,四级
transparent,træns'pærənt,,a.透明的； 易识破的； 明显的， 清楚的,四级
interior,ɪn'tɪrɪɚ,,a.内部的；内地的 n.内部,四级
rouse,raʊz,,vt.惊起； 唤起； 唤醒,四级
journal,'dʒɝnl,,n.日报， 杂志， 日志,四级
grasp,ɡræsp,,vt.抓紧，握紧；理解 n.抓； 理解,四级
involvement,ɪn'vɔlvmənt,,n.连累； 包含,四级
spark,spɑrk,,vi.发出火花 n.火花，火星,四级
unlike,'ʌn'laɪk,,a.不同的 prep.不像…,四级
assembly,ə'sɛmbli,,n.立法机构； 议会； 集合； 集会的人们； 装配， 组装,四级
hearing,'hɪrɪŋ,,n.听力， 听觉； 听力所及之距离； 意见听取会； 申辩的机会,四级
acquisition,",ækwɪ'zɪʃən",,n.取得， 获得， 习得； 获得物， 增添的人,四级
volcano,vɑl'keno,,n.火山,四级
rigid,'rɪdʒɪd,,a.严格的； 死板的； 刚硬的， 僵硬的,四级
deadline,ˈdedlaɪn,,n.最后期限,四级
so-called,",so'kɔld",,a.所谓的， 号称的,四级
grateful,'ɡretfl,,a.感激的； 令人愉快的,四级
chip,tʃɪp,,n.屑片， 碎片； 炸土豆条； 集成电路片， 集成块； 缺口， 瑕疵,四级
chin,tʃɪn,,n.颏， 下巴,四级
emotional,ɪ'moʃənl,,a.感情的， 情绪的,四级
operational,'ɑpə'reʃənl,,a.运转的； 可使用的； 操作上的,四级
staff,stæf,,n.工作人员；参谋 vt.为…配备人员,四级
involve,ɪn'vɑlv,,vt.使卷入， 牵涉； 包含， 含有,四级
noticeable,'notɪsəbl,,a.显而易见的,四级
assemble,ə'sɛmbl,,v.集合， 召集； 装配,四级
blast,blæst,,n.爆炸，冲击波；一阵 vt.炸,四级
series,'sɪriz,,n.一系列， 连续； 丛书， 连续剧,四级
complicated,'kɑmplɪketɪd,,a.复杂的， 难懂的,四级
cultivate,'kʌltɪvet,,vt.耕作， 种植； 培养， 陶冶,四级
maximum,ˈmæksəməm,,a.最大的， 最高的， 顶点的 n.最大量，顶点,四级
thrive,θraɪv,,vi.兴旺， 繁荣， 旺盛,四级
purse,pɝs,,n.钱包， 女用小提包,四级
represent,",rɛprɪ'zɛnt",,vt.作为…的代表； 表示， 象征； 描绘， 表现,四级
compete,kəm'pit,,vi.比赛， 竞争， 对抗,四级
dialect,'daɪə'lɛkt,,n.方言， 土语， 地方话,四级
accountant,ə'kaʊntənt,,n.会计人员， 会计师,四级
stocking,'stɑkɪŋ,,n.长袜,四级
dim,dɪm,,a.昏暗的；朦胧的；模糊不清的 v.变暗淡,四级
emergency,ɪ'mɝdʒənsi,,n.紧急情况， 突然事件,四级
dip,dɪp,,v.蘸，浸 n.游一会儿泳,四级
recreational,",rɛkri'eʃənəl",,a.休养的； 娱乐的,四级
faculty,'fæklti,,n.才能， 能力； 系， 科； 全体教员,四级
trail,trel,,n.痕迹，小径 vt.跟踪， 追踪,四级
passport,'pæspɔrt,,n.护照,四级
prior,'praɪɚ,,a.在前的； 优先的,四级
considerate,kənˈsɪdərɪt,,a.考虑周到的， 体贴的， 体谅的,四级
clue,klʊ,,n.线索， 暗示， 提示,四级
legal,'ligl,,a.法律的； 合法的,四级
bracket,'brækɪt,,n.括号 vt.把…归为同一类,四级
highway,'haɪwe,,n.公路， 大路,四级
vanish,'vænɪʃ,,v.突然不见， 消失； 不复存在， 绝迹,四级
signal,'sɪgnl,,a.显著的， 重大的 n.信号，暗号；标志，表示 vt.发信号；标志着,四级
sightseeing,'saɪtsiɪŋ,,n.观光， 游览,四级
parcel,'pɑrsl,,n.包裹，小包，邮包 vt.分， 分配； 把…包起来， 捆扎,四级
static,'stætɪk,,a.静的，静态的；静止的，停滞的 n.静电,四级
journey,ˈdʒɝ​nɪ,,vi.旅行 n.旅行，旅程,四级
planet,'plænɪt,,n.行星,四级
finally,'faɪnlɪ,,ad.最后； 决定性地,四级
exhaust,ɪɡ'zɔst,,vt.使筋疲力尽；用尽；详尽论述 n.排气装置； 废气,四级
creep,krip,,vi.爬行， 缓慢地行进,四级
strap,stræp,,n.带子 vt.捆扎； 用绷带包扎,四级
grape,ɡrep,,n.葡萄， 葡萄藤,四级
conviction,kən'vɪkʃən,,n.确信； 坚定的信仰； 说服， 信服； 定罪， 判罪,四级
scholar,'skɑlɚ,,n.学者； 奖学金获得者,四级
straw,strɔ,,n.稻草； 麦秆吸管， 吸管,四级
regarding,rɪ'ɡɑrdɪŋ,,prep.关于,四级
graph,ɡræf,,n.图， 图表,四级
vision,'vɪʒən,,n.想象力； 梦幻； 视力， 视觉,四级
accompany,ə'kʌmpəni,,vt.陪伴， 陪同， 伴随； 为…伴奏,四级
petrol,'pɛtrəl,,n.汽油,四级
acceptance,ək'sɛptəns,,n.接受； 承认； 容忍,四级
relativity,",rɛlə'tɪvəti",,n.相对论； 相关性,四级
beneficial,",bɛnɪ'fɪʃl",,a.有利的， 有益的,四级
tackle,'tækl,,vt.对付，处理；与…交涉；阻截，擒抱 n.阻截， 擒抱； 用具， 钓具； 辘轳， 滑车,四级
reckon,'rɛkən,,vt.认为， 估计； 指望， 盼望； 测算， 测量,四级
confusion,kən'fjʊʒən,,n.困惑， 糊涂； 混淆； 骚乱,四级
occasion,ə'keʒn,,n.场合，时刻；重大活动；时机；起因 vt.引起,四级
loan,lon,,n&v.贷款， 借,四级
virtual,ˈvɝ​tʃʊəl,,a.实质上的， 事实上的， 实际上的,四级
squeeze,skwiz,,v.挤；压榨，榨取；捏，握 n.挤； 握手； 拮据， 紧缺,四级
blank,blæŋk,,a.空白的；茫然的，无表情的 n.空白； 空白表格,四级
landlord,'lændlɔrd,,n.地主， 房东； 店主,四级
session,'sɛʃən,,n.会议， 一届会期； 集会,四级
additional,ə'dɪʃənl,,a.附加的， 追加的,四级
worthy,wɜði,,a.有价值的， 值得的,四级
endless,ˈɛndlɪs,,a.无止境的,四级
expectation,",ɛkspɛk'teʃən",,n.期待， 期望， 预期； 前程， 成功的前景,四级
title,'taɪtl,,n.标题， 题目； 称号， 头衔； 权利， 权益,四级
mist,mɪst,,v.蒙上薄雾； 模糊 n.薄雾,四级
primarily,praɪ'mɛrəli,,ad.首先； 主要地,四级
duration,du'reʃən,,n.持续， 持久,四级
plantation,plæn'teʃən,,n.种植园， 人工林,四级
ignore,ɪɡ'nɔr,,vt.不顾， 不理， 忽视,四级
loaf,lof,,vi.游荡， 闲逛 n.面包,四级
nuclear,'nuklɪɚ,,a.核子的， 核能的， 核武器的； 核心的,四级
reception,rɪ'sɛpʃən,,n.招待会， 欢迎会； 接受； 接待； 接收效果,四级
outward,'aʊtwɚd,,a.外面的； 外表的； 向外的,四级
bloody,'blʌdi,,ad.[用于加强语气]非常，很 a.[用于加强语气]非常的；该死的；流血的；嗜杀的 vt.血染,四级
poetry,'poətri,,n.诗， 诗歌， 诗集,四级
owner,'onɚ,,n.物主， 所有人,四级
vapour,'vepɚ,,n.蒸汽,四级
sole,sol,,a.单独的， 唯一的 n.脚底，鞋底，袜底,四级
jury,'dʒʊri,,n.陪审团； 评奖团,四级
holy,'holi,,a.神圣的， 圣洁的， 虔诚的,四级
spelling,'spɛlɪŋ,,n.拼字， 拼法， 拼写法,四级
relax,rɪ'læks,,v.放松， 松弛； 放宽， 缓和,四级
priest,prist,,n.神父， 牧师,四级
monitor,'mɔnɪtɚ,,n.班长；监视器，检测器；显示器 vt.监听； 检测,四级
permission,pɚ'mɪʃən,,n.允许， 许可， 准许,四级
grand,ɡrænd,,a.宏伟的； 重大的； 傲慢的； 派头大的； 绝佳的； 全部的,四级
schedule,ˈskedʒʊl; skɛdʒʊl,,n.时刻表，日程安排表；清单，明细表 vt.安排， 排定,四级
postage,'postɪdʒ,,n.邮费， 邮资,四级
tame,teɪm,,a.驯服的，顺从的；沉闷的，乏味的 vt.制服， 控制并利用； 驯化， 驯服,四级
material,mə'tɪrɪəl,,a.物质的， 实体的； 肉体的； 重要的， 实质性的 n.材料，素材,四级
universe,'junɪvɝs,,n.宇宙， 世界； 领域， 范围,四级
interpret,ɪn'tɝprɪt,,v.解释， 说明； 口译,四级
spectacular,spɛk'tækjəlɚ,,a.壮观的，引人注目的 n.壮观的演出； 惊人之举,四级
inherit,ɪn'hɛrɪt,,vi.成为继承人 vt.继承,四级
peculiar,pɪ'kjulɪɚ,,a.奇怪的， 古怪的； 特有的,四级
blanket,'blæŋkɪt,,n.毛毯， 毯子， 羊毛毯,四级
grant,ɡrænt,,n.授予物；补助金 vt.授予， 给予； 同意,四级
injection,ɪn'dʒɛkʃən,,n.注射， 注入； 充满,四级
envy,'ɛnvi,,n.妒忌，羡慕；妒忌的对象 vt.妒忌， 羡慕,四级
hut,hʌt,,n.小屋， 棚屋,四级
invincible,ɪn'vɪnsəbl,,a.不能征服的， 无敌的,四级
discount,dɪs'kaʊnt,,n.折扣 vt.将…打折扣； 不信； 漠视， 低估,四级
convert,kən'vɝt,,v.转变， 转化； 改变,四级
construct,kən'strʌkt,,vt.建造； 构思 n.建筑物； 构想， 观念,四级
attempt,ə'tɛmpt,,vt.尝试， 试图， 努力,四级
thick,θɪk,,ad.厚厚地 a.厚的，密的，浓的；不清楚的，口音重的,四级
superficial,",supɚ'fɪʃl",,a.表面的， 肤浅的,四级
division,də'vɪʒən,,n.分， 分配； 除法； 分歧； 分裂,四级
executive,ɪɡ'zɛkjətɪv,,a.执行的 n.执行者,四级
navigation,'nævə'geʃən,,n.航行， 航海， 航空； 导航， 领航,四级
melt,mɛlt,,v.融化； 熔化； 消散,四级
hook,hʊk,,v.钩住 n.钩，挂钩,四级
stale,stel,,a.不新鲜的； 陈腐的， 过时的,四级
balance,'bæləns,,vt.使平衡；称；权衡，比较 n.天平； 平衡； 结存， 结欠,四级
cigar,sɪ'ɡɑr,,n.雪茄烟,四级
action,'ækʃən,,n.行动； 已做的事； 作用， 功能； 情节,四级
stadium,'stedɪəm,,n.运动场， 体育场,四级
whereas,'wɛr'æz,,conj.然而， 但是， 尽管,四级
pitch,pɪtʃ,,vi.投， 掷； 架设， 搭， 营； 颠簸 n.球场；程度，强度；高度；音高；沥青 vt.投掷；使猛然倒下；表达；把…定于特定程度；定调,四级
kindness,'kaɪndnəs,,n.仁慈， 好意,四级
adoptive,ə'dɑptɪv,,a.收养关系的； 采用的,四级
chop,tʃɑp,,vt.砍，劈；切细 n.排骨,四级
electrical,ɪ'lɛktrɪkl,,a.电的， 电气科学的,四级
statue,'stætʃu,,n.塑像， 雕像， 铸像,四级
being,'biɪŋ,,n.存在； 生物， 生命,四级
sensitive,'sɛnsətɪv,,a.敏感的， 灵敏的， 神经过敏的； 容易生气的， 易受伤害的,四级
protest,prəˈtɛst;protɛst,,v.抗议， 反对 n.抗议， 反对,四级
classification,",klæsɪfɪ'keʃən",,n.分类， 分级， 分类法； 类别， 级别,四级
vacant,'vekənt,,a.空的， 未被占用的； 空缺的； 茫然的， 空虚的,四级
physicist,'fɪzɪsɪst,,n.物理学家,四级
afford,ə'fɔrd,,vt.担负得起； 提供,四级
underground,ʌndɚˈɡraʊnd,,ad.在地下，往地下；秘密地，不公开地 a.地下的；秘密的，不公开的 n.地铁； 地下组织,四级
curse,kɝs,,v.诅咒，咒骂 n.天谴； 祸害， 祸根,四级
impression,ɪm'prɛʃən,,n.印象； 印记,四级
baseball,'besbɔl,,n.棒球,四级
interval,'ɪntɚvl,,n.间隔， 间距； 幕间休息,四级
evaluate,ɪ'væljʊ'et,,vt.评价； 估…的价,四级
machinery,mə'ʃinəri,,n.机器， 机械,四级
status,ˈstetəs,,n.地位， 身份； 情形， 状况,四级
shield,ʃild,,n.防护物，护罩；盾 vt.保护， 防护,四级
upset,ʌp'sɛt,,a.心烦的， 苦恼的； 不适的 vt.使心烦意乱，使苦恼，使不适；搅乱；弄翻，倾覆 n.翻倒；搅乱；不安；不适,四级
inference,'ɪnfərəns,,n.推断结果， 结论； 推论， 推理， 推断,四级
curve,kɝv,,v.弯曲 n.曲线，弯，弯曲处,四级
dot,dɑt,,n.点，圆点 vt.打点于,四级
skim,skɪm,,v.撇去， 掠过， 擦过； 浏览， 略读,四级
phenomenon,fə'nɑmɪnən,,n.现象,四级
notify,'notə'fai,,vt.通知， 告知， 报告,四级
mention,'mɛnʃən,,n&vt.提及， 说起,四级
stream,strim,,v.流出， 涌出 n.河，溪流；一股，一串,四级
laundry,'lɔndri,,n.洗衣房， 洗衣店； 待洗的衣服， 洗好的衣服,四级
accumulate,ə'kjumjəlet,,v.积累， 堆积,四级
crime,kraɪm,,n.罪， 罪行， 犯罪,四级
heave,hiv,,vi.起伏，隆起；呕吐，恶心 vt.举起，提起，拉起，拖；扔；发出 n.举起； 起伏， 升降,四级
leisure,'liʒɚ,,n.空闲时间； 悠闲,四级
nourish,'nɜrɪʃ,,vt.提供养分， 养育,四级
surround,sə'raʊnd,,vt.围， 围绕； 圈住,四级
mat,mæt,,n.席子， 垫子,四级
cigarette,"ˌsɪɡəˈrɛt, ˈsɪɡəˌrɛt",,n.香烟， 纸烟， 卷烟,四级
torch,tɔrtʃ,,n.火炬， 火把； 手电筒,四级
positive,'pɑzətɪv,,a.确实的， 明确的； 积极的， 肯定的,四级
favourite,'fevərɪt,,a.特别受喜爱的 n.特别受喜爱的人,四级
menu,'mɛnju,,n.菜单,四级
prospect,'prɑspɛkt,,v.勘探， 勘察 n.前景， 前途， 可能性； 景象， 景色； 可能成为主顾的人； 有希望的候选人,四级
radar,'redɑr,,n.雷达,四级
refugee,'rɛfjʊdʒi,,n.难民,四级
aluminium,",æljə'mɪnɪəm",,n.铝,四级
comparable,'kɑmpərəbl,,a.可比较的； 类似的； 比得上的,四级
specialize,'spɛʃəlaɪz,,vi.成为…专家； 专攻,四级
rotate,'rotet,,v.旋转， 转动； 轮流,四级
instance,'ɪnstəns,,n.例子， 实例， 事例,四级
opera,'ɑprə,,n.歌剧,四级
presumably,prɪ'zuməbli,,ad.大概， 可能， 据推测,四级
conscience,ˈkɑːnʃəns,,n.良心， 道德心,四级
subject,ˈsʌbdʒɪkt;(for adj.)ˈsʌbdʒɪkt;(for v.)səbˈdʒɛkt,,n.题目； 学科； 主语 vt.使隶属,四级
practically,'præktɪkli,,ad.几乎， 简直； 实际上,四级
recognition,",rɛkəɡ'nɪʃən",,n.认出， 识别； 承认； 赏识， 表彰， 报偿,四级
cassette,kə'sɛt,,n.盒式录音带,四级
blade,bled,,n.刀刃， 刀片， 叶片,四级
arrangement,ə'rendʒmənt,,n.整理， 排列， 安排； 准备工作,四级
revenue,'rɛvənu,,n.收入， 收益； 税收， 岁入,四级
strip,strɪp,,v.脱光衣服；剥夺，夺去 n.条带,四级
solution,sə'luʃən,,n.解决； 解决办法； 溶液,四级
continuous,kən'tɪnjʊəs,,a.连续不断的； 延伸的,四级
opponent,ə'ponənt,,n.对手， 敌手， 对抗者,四级
accelerate,əkˈsɛləˌret,,vt.使加快， 使增速,四级
backward,'bækwɚd,,ad.[-]倒； 向后， 往回 a.向后的，倒的；落后的，进步慢的,四级
grain,ɡren,,n.谷物， 谷粒； 颗粒； 少量， 微量,四级
maid,med,,n.女仆， 侍女,四级
residence,'rɛzɪdəns,,n.住处， 住宅； 居住； 居住资格,四级
credit,'krɛdɪt,,n.信贷，赊欠；赞扬，荣誉；学分；信任 vt.相信； 把…记入贷方； 把…归于,四级
regardless,rɪ'ɡɑrdləs,,ad.不顾后果地； 不管怎样， 无论如何,四级
oxygen,'ɑksɪdʒən,,n.氧， 氧气,四级
intensive,ɪn'tɛnsɪv,,a.加强的； 精深的， 透彻的； 精耕细作的,四级
alter,'ɔltɚ,,vt.改变， 变更， 变动,四级
combine,kəm'baɪn,,v.结合， 联合； 化合 n.联合企业； 联合收割机,四级
ideal,aɪ'diəl,,a.理想的；观念的；空想的 n.理想； 理想的东西,四级
bearing,'bɛrɪŋ,,n.举止， 风度； 方位， 方向感； 影响,四级
illustrate,'ɪləstret,,vt.说明,四级
occur,ə'kɝ,,vi.发生， 出现， 存在； 被想起， 被想到,四级
comedy,'kɑmədi,,n.喜剧， 喜剧性,四级
broom,brum,,n.扫帚,四级
establishment,ɪ'stæblɪʃmənt,,n.建立， 设立， 确立； 企业； 当权人物,四级
pressure,'prɛʃɚ,,n.压，压强；压迫 vt.对…施加压力， 迫使,四级
breeze,briz,,vi.飘然而行 n.微风，和风,四级
trash,træʃ,,n.垃圾，废物；拙劣的文学作品；没用的人，社会渣滓，败类 vt.捣毁， 破坏,四级
painter,'pentɚ,,n.漆工； 画家,四级
millimetre,"'mili,mi:tə",,n.毫米,四级
horn,hɔrn,,n.角； 号角； 警报器,四级
specialist,'spɛʃəlɪst,,n.专家,四级
infer,ɪn'fɝ,,vt.推论， 推断； 猜想,四级
compass,'kʌmpəs,,n.罗盘， 指南针； 圆规； 界限， 范围,四级
background,'bækɡraʊnd,,n.出身背景， 经历； 背景资料； 背景， 底子,四级
sore,sɔr,,a.痛的；恼火的；急剧的，剧烈的 n.疮， 痛处,四级
dispose,dɪ'spoz,,vt.处理， 解决； 使倾向于,四级
glow,ɡlo,,v.发白热光 n.白热光；脸红；激情,四级
curtain,'kɝtn,,n.门帘， 窗帘； 幕,四级
laughter,'læftɚ,,n.笑， 笑声,四级
constitution,'kɑnstə'tʊʃən,,n.宪法， 章程； 组成； 设立,四级
blend,blɛnd,,n&v.混合,四级
certificate,"sɚˈtɪfɪkɪt; (for v.,) sɚˈtɪfɪˌket",,n.证书， 证件， 执照,四级
mess,mɛs,,n.凌乱状态，混乱的局面；困境 vt.弄糟， 弄脏， 搞乱,四级
sour,'saʊɚ,,a.酸的；馊的，酸味的；脾气坏的 v.变酸， 变馊； 变得乖戾,四级
delete,dɪ'lit,,vt.删除， 擦掉,四级
nonsense,'nɑnsɛns,,n.胡说， 废话； 冒失的行动,四级
stain,sten,,vt.玷污；给…着色 n.污点， 污迹,四级
transform,træns'fɔrm,,vt.使改观， 改革； 变换， 把…转换成,四级
leadership,'lidɚʃɪp,,n.领导,四级
genuine,'dʒɛnjʊɪn,,a.真的， 真正的； 真诚的,四级
X-ray,'eksreɪ,,n.X射线， X光,四级
physical,'fɪzɪkl,,a.身体的； 物理的； 物质的， 有形的,四级
fulfil,ful'fil,,vt.履行， 实现， 完成； 满足， 使满意,四级
wicked,'wɪkɪd,,a.坏的， 令人厌恶的； 淘气的， 顽皮的,四级
spokesman,'spoksmən,,n.发言人,四级
equation,ɪ'kweʒn,,n.方程， 等式,四级
impressive,ɪm'prɛsɪv,,a.给人深刻印象的,四级
compound,'kɑmpaʊnd,,a.复合的， 化合的 n.化合物，复合物；复合词 vt.使恶化， 加重； 使化合， 使合成,四级
structure,'strʌktʃɚ,,n.结构，构造 vt.建造,四级
intensity,ɪn'tɛnsəti,,n.强烈， 剧烈； 强度,四级
waken,'wekən,,v.醒来， 弄醒,四级
stake,stek,,n.桩；利害关系；股份；赌金，赌注 vt.以…打赌， 拿…冒险,四级
extraordinary,ɪkˈstrɔrdənerɪ; ɪkˈstrɔrdnˌɛrɪ,,a.非同寻常的， 特别的,四级
witness,ˈwɪtnɪs,,n.证据；目击者，证人 vt.目击； 为…作证， 证明,四级
concerning,kən'sɝnɪŋ,,prep.关于,四级
attraction,ə'trækʃən,,n.吸引， 吸引力； 引力； 具有吸引力的事物,四级
conventional,kən'vɛnʃənl,,a.普通的； 习惯的， 常规的； 因循守旧的,四级
regulation,ˌrɛɡjəˈleʃən,,n.规章， 规则； 管理， 控制； 调节,四级
puzzle,'pʌzl,,v.迷惑，为难；苦思 n.智力测验； 谜， 难题， 令人费解的事； 困惑， 迷惑,四级
circulation,",sɝkjə'leʃən",,n.循环； 流传； 发行， 流通,四级
bake,bek,,vt.烤， 烘， 焙,四级
mere,mɪr,,a.仅仅的； 纯粹的,四级
accommodation,"ə,kɑmə'deʃən",,n.住处； 膳宿,四级
evident,'ɛvɪdənt,,a.明显的， 明白的,四级
suburb,'sʌbɝb,,n.郊区， 郊外， 近郊,四级
lodge,lɑdʒ,,v.暂住，借宿 n.乡间小屋； 旅舍,四级
threat,θrɛt,,n.威胁， 恐吓； 凶兆， 征兆,四级
writer,'raɪtɚ,,n.作者， 作家,四级
simplify,'sɪmplɪfaɪ,,vt.简化， 使简明,四级
breast,brɛst,,n.乳房； 胸脯， 胸膛,四级
invention,ɪn'vɛnʃən,,n.发明， 创造； 捏造,四级
mercy,'mɝsi,,n.仁慈， 宽容； 恩惠； 幸运,四级
annoy,ə'nɔɪ,,vt.使恼怒； 打搅,四级
curl,kɝl,,n.鬈发； 卷曲， 卷曲物,四级
inform,ɪn'fɔrm,,vi.告发， 告密 vt.通知；报告,四级
psychological,",saɪkə'lɑdʒɪkl",,a.心理的,四级
glue,ɡlu,,n.胶，胶水 vt.胶合,四级
commit,kə'mɪt,,vt.犯， 干； 使承诺； 把…托付给； 调拨…供使用， 拨出,四级
scream,skrim,,vi.尖叫，呼啸 n.尖叫声,四级
sorrow,sɑro,,n.悲痛， 悲哀， 悲伤； 伤心事， 不幸的事,四级
crash,kræʃ,,vi.发出撞击声；垮台，破产；冲，闯 vt.碰撞；坠落 n.碰撞； 破裂声,四级
patch,pætʃ,,n.补丁；斑，与周围不同的部分；一小块地 vt.补， 修补,四级
observer,əb'zɝvɚ,,n.观察员， 观察者,四级
character,'kærɪktɚ,,n.性格， 特性； 性质； 人物， 角色； 符号； 字,四级
reflect,rɪ'flɛkt,,v.反映， 显示； 反射， 映现； 深思， 考虑， 反省,四级
procession,prə'sɛʃən,,n.队伍， 行列,四级
contribution,",kɑntrɪ'bjuʃən",,n.贡献， 促成作用； 捐款， 捐献物； 稿件,四级
Marxist,'mɑrksɪst,,a.马克思主义的 n.马克思主义者,四级
bang,bæŋ,,vi.猛击， 猛撞； 发出砰的一声， 砰砰地响 n.巨响，枪声；猛击 vt.猛击，猛撞；砰地敲,四级
brow,braʊ,,n.额， 眉， 眉毛,四级
meaning,'minɪŋ,,n.意义， 意思； 目的； 重要性,四级
ignorant,'ɪɡnərənt,,a.不知道的， 无知的,四级
magnetic,mæg'nɛtɪk,,a.磁的； 有吸引力的,四级
band,bænd,,n.乐队；群，伙；带；条纹；波段 vt.用带绑扎,四级
orbit,'ɔrbɪt,,n.轨道 vt.做轨道运行,四级
comprise,kəm'praɪz,,vt.包含， 包括， 构成,四级
moderate,"ˈmɑdərɪt; (for v.,) ˈmɑdərˌeɪt",,a.中等的； 温和的， 稳健的； 有节制的 v.和缓， 减轻； 节制,四级
resident,'rɛzɪdənt,,a.居住的， 定居的； 住校的， 住院的 n.居民，定居者；住院医生,四级
spray,spreɪ,,v.喷， 溅散 n.浪花，水花；喷雾,四级
distinguish,dɪ'stɪŋɡwɪʃ,,vt.区别， 辨别， 识别； 使显出特色， 使杰出,四级
receiver,rɪ'sivɚ,,n.听筒； 接收器,四级
outer,'aʊtɚ,,a.外面的， 外层的,四级
invent,ɪn'vɛnt,,vt.发明， 创造； 捏造,四级
fluent,'fluənt,,a.流利的， 流畅的,四级
shortcoming,'ʃɔrtkʌmɪŋ,,n.短处， 缺点,四级
substantial,səbˈstænʃəl,,a.可观的， 大量的； 结实的， 坚固的； 实质的， 真实的,四级
execute,'ɛksɪkjut,,vt.将…处死； 实施， 执行,四级
benefit,'bɛnɪfɪt,,v.有益于； 得益 n.利益，恩惠；救济金，保险金，津贴,四级
flood,flʌd,,v.淹没； 涌入 n.洪水；大量,四级
vitamin,'vaɪtəmɪn,,n.维生素,四级
intention,ɪn'tɛnʃən,,n.意图， 意向， 目的,四级
rude,rud,,a.粗鲁的， 不礼貌的； 粗糙的， 粗陋的,四级
symptom,'sɪmptəm,,n.症状； 征候， 征兆,四级
pillar,'pɪlɚ,,n.柱， 柱子； 栋梁,四级
thereby,",ðɛr'baɪ",,ad.因此， 从而， 由此,四级
unique,jʊ'nik,,a.唯一的， 独一无二的； 极不寻常的， 极好的,四级
funeral,'fjunərəl,,n.葬礼， 丧礼， 丧葬,四级
boost,bʊst,,vt.提高，使增长；推动，激励；替…做广告，宣扬 n.提高， 增长； 推动， 激励,四级
fireman,'faɪrmən,,n.消防队员； 司炉工,四级
sincere,sɪn'sɪr,,a.真诚的， 诚挚的,四级
male,mel,,a.男的，雄的 n.男子， 雄性动物,四级
ministry,'mɪnɪstri,,n.部,四级
religious,rɪ'lɪdʒəs,,a.宗教的； 笃信宗教的， 虔诚的,四级
nevertheless,",nɛvɚðə'lɛs",,ad.仍然， 然而,四级
prominent,'prɑmɪnənt,,a.突出的， 杰出的； 突起的， 凸出的,四级
shelter,'ʃɛltɚ,,n.掩蔽处，躲避处；住所；掩蔽，保护 vt.掩蔽， 庇护； 躲避,四级
outset,'aʊtsɛt,,n.开始， 开端,四级
jewel,'dʒuəl,,n.宝石； 宝石饰物,四级
scan,skæn,,vt.细看，审视；扫描，浏览 n.扫描,四级
association,"ə,soʃɪ'eʃən",,n.协会， 团体； 联合， 交往,四级
fundamental,",fʌndə'mɛntl",,a.基础的，基本的 n.基本原则,四级
eliminate,ɪ'lɪmɪnet,,vt.消灭， 消除， 排除； 淘汰,四级
global,'ɡlobl,,a.全球的， 全世界的； 总的， 完整的,四级
entitle,ɪn'taɪtl,,vt.给…权利； 给题名,四级
outline,'aʊtlaɪn,,n.提纲，要点；外形，略图 vt.概述； 描…外形,四级
fade,fed,,vi.褪色；逐渐消失；凋谢 vt.使褪色,四级
unless,ən'lɛs,,conj.除非， 如果不,四级
butterfly,'bʌtɚflaɪ,,n.蝴蝶,四级
excess,'ɛk'sɛs,,a.过量的， 额外的 n.超越； 过量， 过度,四级
glance,ɡlæns,,vi.看一下 n.一瞥 vt.用扫视； 反射,四级
perspective,pɚ'spɛktɪv,,n.视角， 观点； 远景， 景观； 透视画法， 透视图,四级
relationship,rɪ'leʃən'ʃɪp,,n.关系， 关联,四级
equality,ɪ'kwɑləti,,n.等同， 平等， 相等,四级
destruction,dɪ'strʌkʃən,,n.破坏， 毁灭， 消灭,四级
dictation,dɪk'teʃən,,n.口授； 听写,四级
stiff,stɪf,,ad.极其， 非常； 僵硬地 a.硬的，僵直的；不灵活的；拘谨的，生硬的；费劲的；强烈的,四级
expression,ɪk'sprɛʃən,,n.词语； 表达； 表情,四级
invade,ɪn'ved,,vt.入侵， 侵略， 侵袭,四级
reaction,rɪ'ækʃən,,n.反应； 反作用,四级
childhood,'tʃaɪldhʊd,,n.童年， 幼年， 早期,四级
wolf,wʊlf,,n.狼,四级
accordance,ə'kɔrdns,,n.一致； 和谐,四级
thorough,ˈθʌrəʊ; θʌro,,a.彻底的， 详尽的,四级
appeal,ə'pil,,vi.呼吁，恳求；申诉，上诉 vt.上诉 n.感染力， 吸引力； 呼吁， 上诉,四级
democracy,dɪˈmɑkrəsi,,n.民主， 民主制； 民主国家,四级
transportation,",trænspɔr'teʃən",,n.运输， 运送， 客运,四级
dye,daɪ,,vt.染 n.染料； 染色,四级
evolve,ɪ'vɑlv,,vt.使进化， 使发展,四级
extensive,ɪk'stɛnsɪv,,a.广阔的， 广泛的,四级
congratulation,"kən,ɡrætʃu'leʃən",,n.贺词； 祝贺， 恭喜,四级
abandon,ə'bændən,,vt.离弃，丢弃；遗弃，抛弃；放弃 n.放任； 纵情,四级
definitely,'dɛfɪnətli,,ad.一定地， 明确地,四级
inspire,ɪn'spaɪɚ,,vi.吸气； 赋予灵感 vt.鼓舞，给…以灵感,四级
marvelous,'mɑrvələs,,a.奇迹般的， 了不起的,四级
household,'haʊshold,,a.家庭的； 家喻户晓的 n.家庭，户；家务,四级
geometry,dʒɪ'ɑmətri,,n.几何， 几何学,四级
ratio,'reʃɪo,,n.比， 比率,四级
devote,dɪ'vot,,vt.将…奉献给； 把…专用,四级
agent,'edʒənt,,n.代理人， 代理商； 政府代表； 动因， 原因； 剂,四级
wool,wʊl,,n.羊毛； 毛线， 绒线,四级
wholly,'holli,,ad.完全地， 全部地,四级
instinct,'ɪnstɪŋkt,,n.本能， 天性； 直觉,四级
approximate,ə'prɑksɪmət,,a.近似的 vt.近似； 估计,四级
invest,ɪn'vɛst,,v.投资， 投入； 授予,四级
afterward,ˈæftərwərd,,ad.后来， 以后,四级
reputation,",rɛpju'teʃən",,n.名誉， 名气， 名声,四级
project,prəˈdʒɛkt; prɑdʒɛkt,,v.伸出； 投射； 预计 n.方案， 计划； 课题， 项目； 工程,四级
shrug,ʃrʌɡ,,n&v.耸肩,四级
independence,",ɪndɪ'pɛndəns",,n.独立， 自主， 自立,四级
coordination,"ko,ɔrdɪ'neʃən",,n.同等； 调和,四级
presentation,",prizɛn'teʃən",,n.提供， 显示； 外观， 图像； 授予， 赠送； 报告， 介绍； 表演,四级
diameter,daɪ'æmɪtɚ,,n.直径,四级
barn,bɑrn,,n.谷仓； 牲口棚,四级
bark,bɑrk,,vi.吠，叫 n.吠声， 叫声； 树皮,四级
loop,lup,,v.成环， 成圈 n.圈，环，回路；循环,四级
restrain,rɪ'stren,,vt.阻止， 控制； 抑制， 遏制,四级
greedy,'gridi,,a.贪吃的； 贪婪的； 渴望的,四级
awkward,'ɔkwɚd,,a.笨拙的， 尴尬的； 难操纵的， 使用不便的； 不灵巧的,四级
bare,bɛr,,a.赤裸的；光秃的，无遮盖的；刚刚够的，勉强的 vt.露出， 显露,四级
ruin,'ruɪn,,v.毁坏 n.毁灭；废墟,四级
crane,kren,,n.起重机， 摄影升降机； 鹤,四级
beard,bɪrd,,n.胡须， 络腮胡子,四级
impatient,ɪm'peʃnt,,a.不耐烦的， 急躁的,四级
spill,spɪl,,v.溢出，洒落 n.溢出,四级
owing,'oɪŋ,,a.应付的， 未付的,四级
collection,kə'lɛkʃən,,n.搜集， 聚集， 积聚； 收集， 收取； 收藏品， 收集的东西,四级
gardener,'gɑrdənɚ,,n.园丁， 花匠,四级
conquest,'kɑŋkwɛst,,n.攻取， 征服， 克服,四级
finding,'faɪndɪŋ,,n.发现； 调查的结果； 裁决,四级
dense,dɛns,,a.密集的， 浓厚的； 密度大的,四级
fortnight,'fɔrtnaɪt,,n.两星期， 十四天,四级
laboratory,ˈlæbrəˌtɔrɪ,,n.实验室， 研究室,四级
inspect,ɪn'spɛkt,,vi.进行检查； 进行视察 vt.检查，审查；检阅,四级
campaign,kæm'pen,,vi.参加运动； 参加竞选 n.战役；运动,四级
systematical,ˌsɪstə'mætɪk(l),,a.有系统的， 有计划的,四级
vital,'vaɪtl,,a.致命的， 生死攸关的； 极其重要的； 生命的， 有生命力的,四级
conflict,'kɑnflɪkt,,vi.冲突， 抵触 n.冲突， 抵触， 争论； 战斗， 战争,四级
farewell,",fɛr'wɛl",,n.告别， 欢送会,四级
allow,ə'laʊ,,vt.允许， 准许； 同意给； 承认； 允许…进入,四级
appliance,ə'plaɪəns,,n.用具， 器具， 器械； 家电,四级
mass,mæs,,a.大量的，大规模的 v.聚集， 集中 n.众多，大量；团，块，堆；群众；质量,四级
lord,lɔrd,,n.领主， 君主， 贵族,四级
detect,dɪ'tɛkt,,vt.察觉， 发觉； 侦查出,四级
amateur,ˈæmətər,,a.业余爱好的， 业余的； 外行的 n.业余爱好者；外行,四级
poisonous,'pɔɪzənəs,,a.有毒的； 恶毒的,四级
condemn,kən'dɛm,,vt.谴责， 指责； 判…刑， 宣告…有罪,四级
beast,bist,,n.兽， 野兽， 牲畜； 凶残的人， 令人厌憎的人,四级
assistance,ə'sɪstəns,,n.协助， 援助,四级
commerce,'kɑmɝs,,n.商业， 贸易； 社交,四级
gesture,'dʒɛstʃɚ,,v.做手势 n.姿势，手势，姿态,四级
admit,əd'mɪt,,vt.承认， 供认； 准许…进入,四级
poem,'poəm,,n.诗,四级
interest,'ɪntrəst,,n.兴趣；利益，利害关系；利息 vt.使感兴趣,四级
gulf,ɡʌlf,,n.海湾； 巨大的分歧,四级
poet,'poət,,n.诗人,四级
definition,",dɛfɪ'nɪʃən",,n.定义， 释义， 定界； 清晰， 鲜明,四级
shave,ʃev,,v.剃，刮，刨，削；修面，刮脸 n.修面， 刮脸,四级
organic,ɔr'gænɪk,,a.有机体的， 有机物的,四级
mask,mæsk,,n.面具，面罩，口罩；伪装 vt.遮盖， 掩饰,四级
summary,'sʌməri,,a.概括的， 概要的； 实时的， 即决的 n.摘要，概要，一览,四级
apply,ə'plaɪ,,vi.适用； 申请， 请求； 涂， 敷， 施 vt.应用，实施；使用；涂敷；把…施于,四级
inferior,ɪn'fɪrɪɚ,,a.下等的，劣等的；次于…的 n.下级， 下属,四级
steamer,'stimɚ,,n.轮船， 汽船,四级
recently,'risntli,,ad.最近， 新近,四级
overlook,",ovɚ'lʊk",,vt.忽视； 宽恕； 俯瞰,四级
politician,",pɑlə'tɪʃən",,n.政治家， 政客,四级
incredible,ɪn'krɛdəbl,,a.不能相信的， 不可信的； 难以置信的， 不可思议的； 惊人的,四级
dramatic,drə'mætɪk,,a.引人注目的， 激动人心的； 突然的,四级
mosquito,məˈskiːtoʊ,,n.蚊子,四级
guitar,ɡɪ'tɑr,,n.吉他， 六弦琴,四级
layout,'leaʊt,,n.布局， 安排， 设计,四级
artificial,",ɑrtɪ'fɪʃl",,a.人工的， 人为的； 矫揉造作的； 模拟的,四级
imaginary,ɪ'mædʒɪnɛri,,a.想象中的， 假想的,四级
removal,rɪ'muvl,,n.除去， 消除； 移动， 搬迁,四级
formula,'fɔrmjələ,,n.公式， 方程式； 原则， 方案； 配方,四级
comment,'kɑmɛnt,,vi.评论 n.评论，意见，注释；闲话，议论,四级
revolt,rɪ'volt,,v.反叛，起义；反抗，违抗；厌恶，生反感 n.反叛， 起义,四级
disgust,dɪs'ɡʌst,,n&vt.厌恶， 憎恶,四级
stem,stɛm,,vi.起源 n.茎，干；词干 vt.堵住， 止住， 停住,四级
sunshine,'sʌnʃaɪn,,n.日光， 阳光,四级
trend,trɛnd,,vi.伸向；倾向 n.倾向,四级
achievement,ə'tʃivmənt,,n.完成； 成就， 成绩,四级
mechanic,mə'kænɪk,,n.技工， 机修工； 力学， 机械学； 过程， 方法， 技术性细节,四级
desirable,dɪ'zaɪərəbl,,a.值得向往的， 令人满意的,四级
balcony,'bælkənɪ,,n.阳台； 楼厅， 楼座,四级
consist,kən'sɪst,,vi.由…组成； 在于； 一致,四级
preparation,",prɛpə'reʃən",,n.准备， 预备； 制剂,四级
reliable,rɪ'laɪəbl,,a.可靠的， 可信赖的,四级
relate,rɪ'let,,vi.有关， 涉及； 符合； 相处 vt.使有关联；讲述，叙述,四级
critic,'krɪtɪk,,n.批评家， 爱挑剔的人,四级
elevator,'ɛlɪvetɚ,,n.电梯， 升降机,四级
grammar,'græmɚ,,n.语法； 语法书,四级
enable,ɪ'nebl,,vt.使能够， 使可能,四级
preliminary,prɪ'lɪmɪnɛri,,a.预备的，初步的 n.初步做法， 起始行为,四级
dependent,dɪ'pɛndənt,,a.依靠的， 依赖的； 取决于…的,四级
obstacle,'ɑbstəkl,,n.障碍， 障碍物， 妨碍,四级
profession,prə'fɛʃən,,n.职业； 声明， 表白,四级
calculator,'kælkjuletɚ,,n.计算器， 计算者,四级
van,væn,,n.大篷车， 运货车,四级
biology,baɪ'ɑlədʒi,,n.生物学， 生态学,四级
worm,wɝm,,n.虫， 蠕虫,四级
compress,kəm'prɛs,,vt.压紧， 压缩,四级
arise,ə'raɪz,,vi.出现； 由…引起； 起身， 起床,四级
collaborative,kə'læbəretɪv,,a.合作的， 协作的， 协力完成的,四级
cherish,'tʃɛrɪʃ,,vt.珍爱； 怀有,四级
constitute,'kɑnstətut,,vt.组成， 形成； 设立； 任命,四级
cattle,'kætl,,n.牛； 牲口， 家畜,四级
imagination,"ɪ,mædʒɪ'neʃən",,n.想象， 想象力， 空想； 想象出,四级
resistance,rɪ'zɪstəns,,n.反抗， 抵制； 抵抗力， 抵抗性； 阻力； 电阻,四级
underneath,",ʌndɚ'niθ",,ad.在下面，在底下 prep.在…下面，在…底下 n.下部， 底部,四级
nursery,'nɝsəri,,n.托儿所， 保育室； 苗圃,四级
mate,met,,v.成为配偶， 交配 n.伙伴，同事；配偶，配对物；大副,四级
convince,kən'vɪns,,vt.使确信， 使信服， 说服,四级
emperor,'ɛmpərɚ,,n.皇帝,四级
prolong,prəˈlɑːŋ,,vt.拉长， 延长,四级
theory,'θiəri,,n.理论， 原理； 学说； 意见， 看法,四级
distress,dɪ'strɛs,,n.忧虑， 痛苦， 悲伤； 不幸,四级
flock,flɑk,,n.羊群， 群； 大量,四级
internal,ɪn'tɝnl,,a.内的； 国内的； 内心的,四级
extension,ɪk'stɛnʃən,,n.延长部分， 伸展； 电话分机， 分机号码,四级
signature,'sɪgnətʃɚ,,n.署名， 签字， 签名,四级
steep,stip,,a.险峻的， 陡峭的； 过高的； 急剧的,四级
thumb,θʌm,,v.示意要求搭车 n.拇指,四级
republican,rɪ'pʌblɪkən,,a.共和政体的；共和党的 n.共和党人,四级
literary,lɪtərɛri,,a.文学的； 文人的， 书卷气的,四级
architect,'ɑrkɪtɛkt,,n.建筑师， 设计师； 缔造者,四级
forehead,'fɔr'hɛd,,n.额头； 前部,四级
classical,'klæsɪkl,,a.古典的， 经典的,四级
privilege,ˈprɪvəlɪdʒ,,n.特权； 优惠,四级
foundation,faʊn'deʃən,,n.基础；,四级
substitute,'sʌbstɪtut,,n.代替人；代用品 vt.用…代替,四级
punch,pʌntʃ,,vt.猛击；穿孔 n.猛击； 冲床； 穿孔机； 力量， 效力,四级
naturally,'nætʃrəli,,ad.当然； 天然地； 天生地,四级
flexibility,",flɛksə'bɪləti",,n.灵活性， 机动性， 柔韧性,四级
mysterious,mɪ'stɪrɪəs,,a.神秘的， 诡秘的,四级
moreover,mɔr'ovɚ,,ad.而且， 再者， 此外,四级
identity,aɪ'dɛntəti,,n.身份； 个性， 特性； 同一性， 一致性,四级
scatter,'skætɚ,,v.撒， 散播； 散开， 驱散,四级
installation,'ɪnstə'leʃən,,n.安装； 装置， 设施； 就任， 就职,四级
writing,'raɪtɪŋ,,n.书写， 写； 著作,四级
federal,'fɛdərəl,,a.联邦的， 联盟的,四级
violate,'vaɪəlet,,vt.违反， 违背； 亵渎； 侵犯； 妨碍,四级
verify,'vɛrɪfaɪ,,vt.证实， 查证， 证明,四级
collective,kə'lɛktɪv,,a.集体的，集合性的 n.团体， 集体,四级
excursion,ɪk'skɝʒn,,n.远足， 短途旅行,四级
steer,stɪr,,v.掌舵， 驾驶； 操纵,四级
event,ɪ'vɛnt,,n.事件， 大事， 事变,四级
academy,ə'kædəmi,,n.研究会， 学会； 专门学校,四级
undergo,",ʌndɚ'ɡo",,vt.经历， 经受， 忍受； 接受,四级
reward,rɪ'wɔrd,,n.报答，奖赏；报酬，酬金 vt.报答， 酬谢， 奖励,四级
include,ɪn'klud,,vt.包括， 包含,四级
sympathize,'sɪmpə'θaɪz,,vi.同情， 怜悯； 体谅； 赞同,四级
alongside,ə'lɔŋ'saɪd,,ad.在旁边，沿着边，并排地 prep.在…旁边， 沿着…的边； 和…在一起,四级
swallow,'swɑlo,,n.燕子；吞，咽 vt.吞， 咽； 轻信， 轻易接受； 承受， 使不流露； 咽下口水,四级
agency,'edʒənsi,,n.经办， 代理； 代理处； 专门行政部门,四级
coupon,'kupɑn,,n.礼券， 优惠券， 配给券； 联票； 票证,四级
railroad,'relrod,,n.铁路 vt.由铁路运输,四级
nucleus,'nuklɪəs,,n.核心； 核,四级
fascinating,'fæsɪnetɪŋ,,a.迷人的， 有极大吸引力的,四级
abstract,'æbstrækt,,a.抽象的，抽象派的 n.摘要， 梗概； 抽象派艺术作品 vt.做…的摘要； 提取,四级
sting,stɪŋ,,v.刺，蜇，叮 n.刺伤处，蜇伤处,四级
haste,hest,,n.急速， 急忙； 草率,四级
agenda,ə'dʒɛndə,,n.议事日程,四级
appearance,ə'pɪrəns,,n.出现， 来到； 外观,四级
liquid,'lɪkwɪd,,a.液体的； 清澈的； 流畅的 n.液体,四级
culture,'kʌltʃɚ,,n.文化， 文明； 教养； 培养； 培养菌,四级
sleeve,sliv,,n.袖子， 袖套,四级
devotion,dɪ'voʃən,,n.献身， 奉献； 忠实； 热爱； 虔诚,四级
anonymous,ə'nɑnəməs,,a.匿名的； 无名的； 无特色的,四级
stir,stɝ,,v.搅动；拨动；激动；唤起 n.搅拌， 搅动； 激动， 骚乱,四级
fisherman,'fɪʃɚmən,,n.渔民， 渔夫,四级
span,spæn,,n.跨距，一段时间 vt.持续， 贯穿； 包括； 横跨， 跨越,四级
insult,ɪn'sʌlt,,vt.侮辱， 凌辱 n.侮辱， 凌辱,四级
existence,ɪɡ'zɪstəns,,n.存在， 实在， 生存,四级
craft,kræft,,n.工艺， 手艺； 船， 航空器,四级
butcher,ˈbʊtʃər,,n.肉商，肉贩，屠夫 vt.屠宰， 残杀,四级
poll,pol,,n.民意测验；政治选举，大选 vt.对…进行民意测验； 获得,四级
minority,maɪ'nɔrəti,,n.少数； 少数民族,四级
pole,pol,,n.杆； 极， 磁极， 电极,四级
float,flot,,v.浮动， 漂浮； 飘动,四级
graceful,'ɡresfl,,a.优美的， 优雅的； 得体的,四级
fourfold,'fɔrfold,,ad.四倍， 四重 a.四倍的，四重的,四级
preferable,'prɛfrəbl,,a.更可取的， 更好的， 更合意的,四级
reference,'rɛfrəns,,n.提到， 论及； 参考； 引文； 参考书目； 证明书， 证明人,四级
frog,frɔɡ,,n.蛙,四级
spite,spaɪt,,n.恶意，怨恨 vt.刁难， 欺侮,四级
chamber,ˈtʃeɪmbər,,n.会议室， 会所； 房间； 腔， 室,四级
arrange,ə'rendʒ,,v.安排， 准备， 整理,四级
coarse,kɔrs,,a.粗的， 粗糙的； 粗劣的； 粗俗的,四级
nephew,'nɛfju,,n.侄子， 外甥,四级
publicity,pʌb'lɪsəti,,n.公众的注意， 名声； 宣传， 宣扬,四级
depart,dɪ'pɑrt,,vi.离开， 起程， 出发,四级
exaggerate,ɪɡ'zædʒəret,,v.夸大， 夸张,四级
imply,ɪm'plai,,vt.暗示， 意指,四级
capture,'kæptʃɚ,,vt.捕获， 俘获； 夺得,四级
commitment,kə'mɪtmənt,,n.承诺， 许诺， 保证； 信奉， 献身； 承担的义务,四级
spade,sped,,n.铲， 铁锹,四级
manufacture,'mænjə'fæktʃɚ,,vt.制造，加工 n.制造， 制造业,四级
sequence,'sikwəns,,n.连续， 接续， 一连串； 次序， 顺序,四级
collision,kə'lɪʒən,,n.碰撞； 冲突， 抵触,四级
qualification,",kwɑlɪfɪ'keʃən",,n.资格， 资格证明， 合格证书； 限制， 限定,四级
provision,prə'vɪʒn,,n.供应； 准备； 条款， 规定； 给养， 口粮,四级
recruit,rɪ'krut,,vt.招募，吸收 n.新兵； 新成员,四级
thrust,θrʌst,,vt.插；戳，刺 n.戳， 刺； 要点， 要旨； 推力,四级
fame,fem,,n.名声， 名望,四级
replacement,rɪ'plesmənt,,n.代替， 取代； 更换， 调换； 替代的人,四级
mud,mʌd,,n.泥， 泥浆,四级
mug,mʌɡ,,n.大杯 vt.对…行凶抢劫,四级
pond,pɑnd,,n.池塘,四级
arrival,ə'raɪvəl,,n.到达， 到来； 到达者， 到达物,四级
scientific,",saɪən'tɪfɪk",,a.科学的,四级
frequent,'frikwənt,,a.时常发生的，常见的 v.常到， 常去,四级
according,ə'kɔrdɪŋ,,a.相等的， 一致的， 依…而定的,四级
insure,ɪn'ʃʊr,,vt.为…投保； 确保,四级
powder,'paʊdɚ,,n.粉， 粉末,四级
membership,'mɛmbɚʃɪp,,n.会员身份， 会籍； 全体会员， 会员数,四级
error,'ɛrɚ,,n.错误， 谬误， 差错,四级
platform,'plæt'fɔrm,,n.平台， 站台， 讲台； 纲领， 宣言,四级
network,'nɛtwɝk,,n.网状物； 广播网， 电视网； 网络,四级
jealous,'dʒɛləs,,a.妒忌的， 猜疑的； 精心守护的,四级
rust,rʌst,,v.生锈， 氧化 n.铁锈,四级
trace,tres,,n.痕迹；丝毫，少许 vt.跟踪； 追溯； 描摹,四级
Negro,'nigro,,n.黑人,四级
modernization,",mɑdɚnə'zeʃən",,n.现代化,四级
grave,ɡrev,,a.严重的； 严肃的 n.坟墓,四级
criminology,",krɪmɪ'nɑlədʒi",,n.犯罪学， 刑事学,四级
advantage,əd'væntɪdʒ,,n.优点， 优势， 好处,四级
assistant,ə'sɪstənt,,a.助理的， 辅助的 n.助手，助理，助教,四级
inn,ɪn,,n.小旅店， 小酒店,四级
instead,ɪn'stɛd,,ad.作为替代； 却， 反而,四级
controversy,ˈkɑntrəvɝ​sɪ,,n.争论， 辩论,四级
command,kə'mænd,,vt.命令， 指挥， 控制,四级
newsstand,"'njʊz,stænd",,n.报摊， 杂志摊,四级
worthless,ˈwərthləs,,a.无价值的， 无用的,四级
performance,pɚ'fɔrməns,,n.演出； 执行， 完成； 工作情况， 表现； 工作性能,四级
dessert,dɪ'zɝt,,n.甜食， 点心,四级
ambassador,æm'bæsədɚ,,n.大使， 使节， 派驻国际组织的代表,四级
anticipate,æn'tɪsə'pet,,vt.预料， 预期， 期望； 先于…行动； 提前使用,四级
variable,'vɛrɪəbl,,a.易变的 n.变量,四级
temple,'tɛmpl,,n.圣堂， 神殿， 庙宇,四级
growth,ɡroθ,,n.增长， 增长量； 生长， 生长物,四级
landscape,ˈlændskep,,n.风景，景色；风景画；全景 vt.美化…的景观,四级
weave,wiv,,v.织， 编,四级
carrot,'kærət,,n.胡萝卜,四级
normally,'nɔrmli,,ad.通常； 正常地,四级
exception,ɪk'sɛpʃən,,n.例外， 除外,四级
vague,veɡ,,a.模糊的， 含糊的,四级
temporary,ˈtempəreri,,a.暂时的， 临时的,四级
fare,fɛr,,vi.进展 n.车费，船费，票价,四级
desperate,'dɛspərət,,a.拼死的， 不顾一切的； 绝望的； 极需要的,四级
leading,'lidɪŋ,,a.指导的， 带头的； 最主要的； 饰演主角的,四级
awful,'ɔfl,,a.令人不愉快的， 难过的； 非常的， 极大的,四级
accuracy,'ækjərəsi,,n.准确， 精确,四级
handy,'hændi,,a.手边的， 便于使用的,四级
urge,ɝdʒ,,vt.鼓励；推进，催促；竭力主张，强烈要求 n.冲动， 强烈的欲望,四级
resolution,",rɛzə'luʃən",,n.正式决定， 决议； 决心， 决意； 解决， 解答； 分辨率， 清晰度,四级
via,"ˈvaɪə, ˈviə",,prep.经过， 通过,四级
setting,'sɛtɪŋ,,n.环境， 背景， 布景； 调节， 设定的位置,四级
score,skɔ,,v.得， 给…打分； 画线于， 做记号于； 赢得 n.得分，比数，成绩；二十,四级
quote,kwot,,vt.引用，援引 n.引文， 引语； 报价， 牌价； 引号,四级
graduate,ˈɡrædʒuˌet,,a.研究生的 v.毕业 n.毕业生；研究生,四级
famine,'fæmɪn,,n.饥荒； 严重的缺乏,四级
gramme,ɡræm,,n.gram的英式拼法,四级
absent,ˈæbsnt;(for v.)əbˈsɛnt,,a.缺席的， 不在场的； 缺乏的， 不存在的； 心不在焉的,四级
rag,ræɡ,,n.破布， 碎布； 破旧衣服,四级
visual,'vɪʒʊəl,,a.看得见的 n.视觉资料,四级
understanding,",ʌndɚ'stændɪŋ",,a.体谅的， 宽容的， 通情达理的 n.理解，理解力；谅解；协议；相互理解，融洽,四级
empire,'ɛmpaɪr,,n.帝国,四级
educate,'ɛdʒuket,,vt.教育， 培养， 训练,四级
fairy,'fɛri,,n.小精灵， 小仙子,四级
ashamed,ə'ʃemd,,a.惭愧的， 羞耻的， 害臊的,四级
instruct,ɪn'strʌkt,,vt.指示， 命令； 通知； 教授， 训练,四级
rat,ræt,,n.鼠,四级
mayor,'meɚ,,n.市长,四级
virtually,ˈvɜrtʃuəli,,ad.实际上， 事实上,四级
fairly,'fɛrli,,ad.相当， 尚可， 还； 公平地,四级
handwriting,'hænd'raɪtɪŋ,,n.笔迹， 手迹； 书法,四级
merchant,'mɝtʃənt,,n.商人,四级
raw,rɔ,,a.自然状态的， 未加工过的； 生的； 未经分析的， 原始的； 生疏无知的， 未经训练的； 露肉而刺痛的,四级
proportional,prə'pɔrʃənl,,a.比例的， 成比例的,四级
economy,ɪˈkɑnəmɪ,,n.经济； 节约， 节省,四级
community,kəˈmjunətɪ,,n.社区， 社会， 公社； 团体， 界； 群落,四级
packet,'pækɪt,,n.小包， 小盒,四级
version,'vɝʒn,,n.译本； 说法； 改写本,四级
airport,'ɛrpɔrt,,n.机场， 航空港,四级
courtyard,'kɔrtjɑrd,,n.庭院， 院子,四级
nationality,",næʃə'næləti",,n.国籍； 民族,四级
selection,sɪ'lɛkʃən,,n.选择， 挑选； 被挑选出来的人， 精选品； 可供选择的东西,四级
institute,'ɪnstɪtut,,n.研究所，学院 vt.建立， 设立,四级
aboard,ə'bɔrd,,adv&prep.在船上， 上船,四级
endure,ɪn'dʊr,,v.忍受， 容忍； 持久， 持续,四级
detail,dɪˈtel,,n.细节，枝节；零件 vt.详细说明,四级
shortly,'ʃɔrtli,,ad.立刻， 不久； 不耐烦地； 简短地,四级
hobby,'hɑbi,,n.业余爱好， 癖好,四级
appropriate,əˈproprɪət;(for v.) əˈproprɪet,,a.适当的， 恰当的,四级
providing,prə'vaɪdɪŋ,,conj.倘若,四级
fate,fet,,n.命运， 天数,四级
throat,θrot,,n.咽喉， 喉咙； 嗓音,四级
utility,ju'tɪləti,,n.效用， 有用， 实用； 公用事业,四级
immediately,ɪ'midɪətli,,ad.立即， 马上； 直接地， 紧接地,四级
manual,'mænjuəl,,a.用手的；手工做的 n.手册， 指南,四级
measurement,'mɛʒɚmənt,,n.衡量， 测量； 尺寸， 大小,四级
optimistic,",ɑptɪ'mɪstɪk",,a.乐观的， 乐观主义的,四级
vocabulary,və'kæbjəlɛri,,n.词汇表， 词汇， 语汇,四级
retire,rɪ'taɪɚ,,vi.退休， 退役； 退下， 退出， 撤退； 就寝,四级
aspect,'æspɛkt,,n.方面； 朝向， 方向； 样子， 外表,四级
particle,'pɑrtɪkl,,n.粒子， 微粒； 小品词， 语助词,四级
aggressive,ə'ɡrɛsɪv,,a.侵略的， 好斗的； 敢做敢为的； 有进取心的,四级
behavior,bɪ'hevjɚ,,n.行为， 举止， 表现,四级
musician,mjʊ'zɪʃən,,n.音乐家， 乐师,四级
minimize,'mɪnɪmaɪz,,vt.将…减少； 最小化,四级
descend,dɪ'sɛnd,,vi.下来， 下降； 下倾,四级
saint,sent,,n.圣徒； 圣人， 道德高尚的人； [用于人名或地名等前]圣,四级
density,'dɛnsəti,,n.密集， 稠密； 密度,四级
logical,'lɑdʒɪkl,,a.逻辑的， 合乎常理的,四级
oblige,ə'blaɪdʒ,,vt.迫使； 施恩于， 帮…的忙； 使感激,四级
slam,slæm,,v.砰地关上；猛力拉，砰地放下；猛烈抨击 n.砰的一声,四级
characterize,'kærəktə'raɪz,,vt.成为…的特征， 以…为特征； 描绘的特性， 描述,四级
swing,swɪŋ,,v.摇摆，回转；突然转向 n.摇摆； 秋千,四级
ridiculous,rɪ'dɪkjələs,,a.荒谬的， 可笑的,四级
handbag,'hænd'bæg,,n.手提包,四级
invasion,ɪn'veʒn,,n.入侵， 侵略， 侵犯,四级
spin,spɪn,,v.旋转；晕眩；纺，织；绞干，甩干 n.旋转， 自转,四级
severe,səˈvɪr,,a.严重的； 严厉的， 严格的； 严峻的， 艰难的； 朴素的， 不加装饰的,四级
emerge,ɪ'mɝdʒ,,vi.出现， 涌现， 冒出,四级
shallow,'ʃælo,,a.浅的；浅薄的 n.浅滩， 浅水处,四级
lease,lis,,n.租约，租契 vt.出租； 租得， 租有,四级
exploit,ɛksplɔɪt; ɪkˈsplɔɪt,,vt.剥削； 利用； 开拓 n.业绩， 功绩,四级
slap,slæp,,vt.掴，掌击，拍；啪的一声放 n.掴， 掌击， 拍,四级
spit,spɪt,,v.吐唾沫，吐出 n.唾沫， 唾液,四级
scout,skaʊt,,v.侦察， 寻找 n.侦察员，侦察机，侦察舰；童子军,四级
anniversary,",ænɪ'vɝsəri",,n.周年纪念日,四级
register,'rɛdʒɪstɚ,,v.登记， 注册； 指示， 自动记下； 流露； 表示， 表达； 把挂号 n.登记；登记表,四级
restless,'rɛstləs,,a.焦躁不安的； 静不下来的， 运动不止的,四级
persuasive,pɚ'swesɪv,,a.劝诱的； 有说服力的,四级
fleet,flit,,n.舰队， 船队,四级
communicate,kə'mjunɪket,,v.通讯； 交际， 交流； 连接， 相通； 传达， 传播； 传染,四级
evidence,'ɛvɪdəns,,n.根据， 证据； 证人,四级
saddle,'sædl,,n.鞍，鞍状物；车座 vt.给…装鞍； 使承担任务,四级
rural,'rʊrəl,,a.农村的， 乡村的,四级
official,əˈfɪʃəl; oʊˈfɪʃəl,,a.官员的；官方的，正式的 n.官员， 行政人员， 高级人员,四级
historical,hɪ'stɔrɪkl,,a.历史的， 有关历史的,四级
repetition,'rɛpə'tɪʃən,,n.重复， 反复,四级
fortunately,'fɔrtʃənətli,,ad.幸运地； 幸亏,四级
acid,'æsɪd,,a.酸的， 酸性的 n.酸,四级
transmission,træns'mɪʃən,,n.传播， 发射； 传送， 传递； 传染,四级
shortage,'ʃɔrtɪdʒ,,n.不足， 缺少,四级
discrimination,"dɪ,skrɪmɪ'neʃən",,n.区别， 辨别； 识别力； 差别对待， 歧视,四级
female,'fimel,,a.雌的； 女的 n.雌性动物；女子,四级
microphone,'maɪkrə'fon,,n.扩音器， 话筒， 麦克风,四级
swift,swɪft,,a.快的； 反应快的； 敏捷的,四级
surrender,sə'rɛndɚ,,n&v.交出， 放弃； 投降,四级
faint,fent,,a.不清楚的，模糊的 v.晕倒，昏厥 n.昏厥,四级
world-wide,'wɜːldwaɪd,,a.遍及全球的,四级
minister,'mɪnɪstɚ,,n.部长， 大臣； 公使， 外交使节； 牧师,四级
pose,poz,,vi.摆姿势；假装，装腔作势 vt.使摆好姿势；造成，引起；提出，陈述 n.样子， 姿势,四级
remedy,'rɛmədi,,n.补救办法，纠正办法；药品；治疗法 vt.补救， 纠正； 医治， 治疗,四级
jail,dʒel,,n.监狱，看守所 vt.监禁， 拘留； 塞满； 卡住； 干扰,四级
consent,kən'sɛnt,,vi.同意 n.同意，赞成,四级
insist,ɪn'sɪst,,v.坚持， 坚决认为； 坚持要求,四级
typewriter,'taɪpraɪtɚ,,n.打字机,四级
helpless,'hɛlpləs,,a.无助的； 无能的； 无法抗拒的,四级
respect,rɪ'spɛkt,,n.尊敬；尊重；问候；方面 vt.尊敬； 尊重,四级
volume,'vɑljum,,n.卷， 册， 书卷； 容积， 体积； 音量， 响度,四级
retreat,rɪ'trit,,n&vi.退却， 撤退； 退避， 退缩,四级
ache,ek,,vi.疼痛；渴望 n.疼痛,四级
mutual,'mjutʃuəl,,a.相互的； 共同的,四级
shell,ʃɛl,,n.壳，贝壳；外壳，框架；炮弹 vt.剥…的壳； 炮击,四级
guideline,'ɡaɪdlaɪn,,n.指导方针， 准则,四级
loose,lus,,a.松的； 不精确的， 不严密的； 散漫的,四级
therefore,'ðɛrfɔr,,ad.因此， 所以,四级
exchange,ɪks'tʃendʒ,,n&v.交换； 交流； 兑换,四级
hesitate,ˈhɛzətet,,vi.犹豫， 踌躇； 含糊； 不情愿,四级
rifle,'raɪfl,,n.来复枪， 步枪,四级
private,ˈpraɪvɪt,,a.私人的；秘密的；私下的；私营的 n.士兵， 列兵,四级
baggage,'bæɡɪdʒ,,n.行李,四级
companion,kəm'pænɪən,,n.同伴， 共事者； 伴侣,四级
breakdown,'brek'daʊn,,n.垮， 衰竭； 损坏， 故障； 倒塌,四级
paste,pest,,n.糊，糨糊 vt.粘， 贴,四级
overtake,",ovɚ'tek",,vt.追上， 超过； 突然降临于， 意外地碰上,四级
jeans,dʒiːnz,,n.工装裤， 牛仔裤,四级
overnight,'ovənaɪt,,ad.整夜， 通宵； 一夜间， 突然 a.一整夜的； 一夜间的， 突然的,四级
behave,bɪ'hev,,v.表现， 举止； 运转， 作出反应,四级
stretch,strɛtʃ,,v.伸展，延续；伸长，拉长；倾注全力；紧张 n.一段时间， 一段路程， 连绵的一片； 伸展， 延伸,四级
undo,ʌn'du,,vt.解开， 打开； 取消， 撤销,四级
accomplish,ə'kɑmplɪʃ,,vt.达到； 完成,四级
laser,'lezɚ,,n.激光,四级
mixture,'mɪkstʃɚ,,n.混合， 混合物,四级
engine,'ɛndʒɪn,,n.引擎， 发动机； 机车,四级
responsible,rɪ'spɑnsəbl,,a.需负责任的， 承担责任的； 有责任感的， 负责可靠的； 责任重大的， 重要的,四级
scope,skop,,n.范围； 余地， 机会,四级
democratic,'dɛmə'krætɪk,,a.民主的， 民主政体的,四级
medal,'mɛdl,,n.奖牌， 奖章， 勋章,四级
satellite,'sætəlaɪt,,n.卫星， 人造卫星,四级
bullet,'bʊlɪt,,n.枪弹， 子弹， 弹丸,四级
recorder,rɪ'kɔrdɚ,,n.录音机， 录像机； 记录装置， 记录仪,四级
identify,aɪ'dɛntɪfaɪ,,vi.一致 vt.认出，鉴定；把…等同于,四级
embrace,ɪm'bres,,n.拥抱，怀抱 vt.拥抱； 包括； 包围,四级
nitrogen,'naɪtrədʒən,,n.氮,四级
pour,pɔr,,v.灌， 倒； 倾泻,四级
label,ˈlebəl,,n.标签；标记，符号 vt.贴标签于； 把…称为,四级
improvement,ɪm'prʊvmənt,,n.改进， 改善； 改进处,四级
slippery,'slɪpəri,,a.滑的； 狡猾的,四级
scissors,'sɪzɚz,,n.剪刀,四级
significance,sɪɡ'nɪfɪkəns,,n.意义， 含义； 重要性， 重大,四级
modify,'mɑdɪfaɪ,,vt.更改， 修改； 修饰,四级
horizon,hə'raɪzn,,n.地平线； 眼界， 见识,四级
environment,ɪn'vaɪrənmənt,,n.环境， 外界； 围绕,四级
airplane,ˈɛrplen,,n.飞机,四级
pledge,plɛdʒ,,n.保证，誓言 vt.保证， 许诺,四级
progressive,prə'ɡrɛsɪv,,a.前进的； 渐进的； 进行式的,四级
reservoir,"'rɛzɚ,vɔr",,n.水库， 蓄水池； 储藏， 汇集,四级
deliberate,dɪ'lɪbərət,,a.故意的， 蓄意的； 慎重的， 深思熟虑的 v.仔细考虑， 思考,四级
swear,swɛr,,v.宣誓； 咒骂,四级
atmosphere,'ætməsfɪr,,n.大气， 空气； 气氛， 环境,四级
decorate,'dɛkəret,,vt.装饰， 装潢， 修饰,四级
copyright,'kɑpɪraɪt,,n.版权,四级
biotechnology,'baɪotɛk'nɑlədʒi,,n.生物工艺学,四级
career,kə'rɪr,,n.生涯， 职业， 经历,四级
occupation,",ɑkju'peʃən",,n.占领， 占据； 职业； 从事的活动， 消遣,四级
tendency,'tɛndənsi,,n.趋向， 趋势， 倾向,四级
release,rɪ'lis,,vt.释放， 排放； 解除， 解脱； 放开， 松开； 发布； 发行,四级
charter,'tʃɑrtɚ,,a.包租的， 租用的 n.宪章，共同纲领；特许状，许可证；包租 vt.包，租,四级
slim,slɪm,,a.苗条的；薄的；少的 v.减轻体重， 变苗条,四级
arithmetic,ə'rɪθmətɪk,,n.算术， 四则运算,四级
rib,rɪb,,n.肋骨,四级
faulty,'fɔlti,,a.有错误的， 有缺点的,四级
liberate,'lɪbə'ret,,vt.解放， 释放,四级
rid,rɪd,,vt.使摆脱， 解除…的负担， 从…中清除,四级
variation,",vɛrɪ'eʃən",,n.变化， 变动； 变异； 变奏,四级
moral,'mɔrəl,,a.道德的，有道德的 n.品行； 道德规范； 寓意,四级
defect,‘dɪfɛkt,,v.变节， 叛变 n.缺点， 缺陷， 欠缺,四级
reinforce,",riɪn'fɔrs",,vt.增强， 加强， 增援,四级
explode,ɪk'splod,,vi.爆炸； 激增； 发怒 vt.使爆炸,四级
casual,'kæʒʊəl,,a.偶然的； 非正式的； 临时的， 不定期的； 漠不关心的， 冷淡的,四级
decline,dɪ'klaɪn,,v.下降， 减少； 衰退， 衰落； 谢绝， 拒绝 n.下降，减少；衰退,四级
property,'prɑpɚti,,n.财产， 所有物； 房产； 物业； 性质， 性能,四级
succeeding,sək'siːdɪŋ,,a.以后的， 随后的,四级
brave,brev,,a.勇敢的； 华丽的,四级
similar,'sɪməlɚ,,a.相似的， 类似的,四级
viewpoint,'vjupɔɪnt,,n.观点， 看法， 见解,四级
anyhow,'ɛnɪ'haʊ,,ad.无论如何， 不管怎么说； 随随便便地， 杂乱无章地,四级
specify,'spɛsɪfaɪ,,vt.指定； 详细说明,四级
whistle,'wɪsl,,v.吹口哨， 鸣笛声； 呼啸而过 n.口哨；呼啸而过,四级
handle,'hændl,,n.柄，把手 vt.拿， 触； 操作， 处理,四级
forth,fɔrθ,,ad.向前； 向外， 往外,四级
tough,tʌf,,a.困难的， 难对付的； 坚强的， 能吃苦耐劳的； 健壮的； 坚硬的， 严格的； 老的， 硬的； 粗暴的， 充满暴力的,四级
crossing,'krɔsɪŋ,,n.人行横道， 交叉口； 横渡,四级
script,skrɪpt,,n.剧本， 广播稿； 书写用的字母； 笔迹， 手迹,四级
submerge,səb'mɝdʒ,,v.淹没， 潜入水中,四级
system,'sɪstəm,,n.系统； 制度， 体制； 方法， 做法； 身体,四级
compose,kəm'poz,,vt.组成， 构成； 创作， 为…谱曲； 使平静， 使镇静,四级
spot,spɑt,,n.点，斑点；地点，处所；少量 vt.认出， 发现； 玷污,四级
roller,'rolɚ,,n.滚筒， 滚轴,四级
partial,'pɑrʃəl,,a.部分的； 不公平的； 偏爱的， 偏袒的,四级
aid,ed,,n.帮助； 救护； 助手； 辅助手段,四级
tone,ton,,n.腔调， 语气； 音调； 风格， 气度； 色调， 明暗,四级
confident,'kɑnfɪdənt,,a.确信的， 肯定的； 自信的,四级
retain,rɪ'ten,,vt.保留， 保持,四级
swell,swɛl,,vi.膨胀，隆起；增长，增强，增多，扩大 n.波浪起伏； 鼓起， 隆起； 增强,四级
skilled,skɪld,,a.有技能的； 熟练的； 需要技能的,四级
local,ˈloʊkl,,a.地方性的； 本地的； 局部的； 狭隘的,四级
remind,rɪ'maɪnd,,vt.提醒， 使想起,四级
crude,krud,,a.简陋的， 天然的； 粗鲁的， 粗俗的,四级
manufacturer,",mænju'fæktʃərɚ",,n.制造商； 制造厂,四级
crew,krʊ,,n.全体船员； 一队工作人员,四级
valid,'vælɪd,,a.有效的； 正当的； 有根据的， 有理的,四级
withstand,wɪð'stænd,,vt.抵挡， 反抗,四级
defeat,dɪ'fit,,n&vt.战胜， 挫败,四级
vacuum,'vækjʊəm,,v.用吸尘器清扫 n.真空；真空吸尘器,四级
encourage,ɪn'kɝrɪdʒ,,vt.鼓励， 怂恿； 促进， 助长， 激发,四级
bubble,'bʌbl,,vi.冒泡； 沸腾 n.泡,四级
era,'ɪrə,,n.时代， 年代， 纪元,四级
yield,jild,,v.出产；让出，放弃；屈服，顺从；倒塌，垮掉 n.产量,四级
electronic,ɪˌlɛkˈtrɑnɪk,,a.电子的 n.电子学； 电子设备,四级
vacation,veˈkeʃən,,n.假期， 休假,四级
outcome,'aʊt'kʌm,,n.结果,四级
elegant,'ɛləgənt,,a.优美的， 文雅的， 讲究的； 简练的， 简洁的,四级
tender,'tɛndɚ,,a.嫩的；脆弱的；疼痛的，一触即痛的；温柔的 vt.提出 n.投标,四级
curriculum,kə'rɪkjələm,,n.课程， 全部课程,四级
meantime,'min'taɪm,,n.其间， 同时,四级
powerful,'paʊɚfl,,a.强大的， 有力的， 有权的； 强壮的， 强健的,四级
slip,slɪp,,v.滑跤，滑落，溜；下降，跌落；悄悄放进 n.疏漏， 差错,四级
species,'spiʃiz,,n.种， 类,四级
anchor,'æŋkɚ,,v.抛锚， 停泊； 把…系住， 使固定； 担任主持人； 固定， 扎根 n.锚；给人安全感的物,四级
preceding,'prisidɪŋ,,a.在前的， 在先的， 前面的,四级
cite,saɪt,,vt.引用， 引证； 传唤， 传讯； 表彰， 嘉奖,四级
logic,'lɑdʒɪk,,n.逻辑， 推理， 逻辑学,四级
acquaintance,ə'kwentəns,,n.认识， 了解； 熟人,四级
royal,'rɔɪəl,,a.王室的， 皇家的,四级
internship,'ɪntɝnʃɪp,,n.实习生身份； 实习医师期,四级
shed,ʃɛd,,vt.脱落，脱去；流出，流下；发出，散发 n.棚， 小屋， 货棚,四级
eyesight,'aɪsaɪt,,n.视力， 目力,四级
precision,prɪ'sɪʒn,,n.精确， 精密,四级
glove,ɡlʌv,,n.手套,四级
screen,skrin,,n.屏幕，银幕；屏风；帘，纱窗 vt.掩蔽， 遮蔽； 放映， 播放； 审查， 甄别,四级
naked,'nekɪd,,a.裸体的； 无遮蔽的,四级
trial,'traɪəl,,n.试， 试验； 审判； 讨厌的人,四级
correspond,",kɔrə'spɑnd",,vi.相符合， 相当； 通信,四级
spur,spɝ,,n.刺激物 vt.刺激， 鞭策， 激励,四级
perception,pɚ'sɛpʃən,,n.感知， 觉察； 认识， 观念， 看法,四级
rear,rɪr,,a.后部的，背后的 n.后部，背面；后方 vt.抚养， 饲养； 种植,四级
amongst,ə'mʌŋst,,prep.在…之中,四级
undertake,",ʌndɚ'tek",,vt.从事； 承担； 同意； 保证,四级
insect,'ɪnsɛkt,,n.昆虫， 虫,四级
bureau,'bjʊro,,n.局， 司， 处， 社， 所,四级
moist,mɔɪst,,a.湿润的， 潮湿的,四级
cable,'kebl,,n.缆， 索， 电缆； 电报,四级
qualify,ˈkwɑləˌfaɪ,,v.胜任， 具有资格， 合格； 限定,四级
intense,ɪn'tɛns,,a.强烈的； 紧张的； 认真的； 热情的,四级
pregnant,'prɛɡnənt,,a.怀孕的， 妊娠的,四级
border,'bɔrdɚ,,n.边，边缘，边界 vt.给…加上边， 围； 邻接； 与…接壤,四级
estate,ɪ'stet,,n.土地， 住宅区， 地产； 财产， 遗产； 庄园， 种植园,四级
applicable,'æplɪkəbl,,a.能应用的； 合适的， 适当的,四级
admission,əd'mɪʃən,,n.允许进入； 承认； 入场费， 入场券,四级
brass,bræs,,n.黄铜， 黄铜器， 铜管乐器,四级
expense,ɪk'spɛns,,n.花费， 消费； 费用， 开支； 业务费用,四级
rumour,'ru:mə,,n.谣传， 谣言,四级
contemporary,kən'tɛmpərɛri,,a.当代的；同时代的 n.同代人， 当代人,四级
gear,ɡɪr,,n.齿轮，传动装置，排挡；用具，设备；衣服 vt.使适应， 使适合,四级
boundary,'baʊndri,,n.分界线， 边界,四级
rob,rɑb,,vt.抢劫， 盗窃,四级
elderly,'ɛldɚli,,a.较老的，年长的 n.到了晚年的人， 老年人,四级
financial,faɪˈnænʃəl;fəˈnæ-,,a.财政的， 金融的,四级
rod,rɑd,,n.杆， 棒,四级
dumb,dʌm,,a.哑的； 无言的； 说不出话的,四级
respective,rɪ'spɛktɪv,,a.各自的， 各个的， 分别的,四级
media,'miːdiə,,n.新闻媒介， 传播媒介,四级
favour,ˈfevɚ,,n.好感；赞同；恩惠 vt.赞同； 喜爱， 偏爱； 有利于,四级
pollute,pə'lut,,vt.弄脏， 污染； 腐蚀,四级
harden,'hɑrdn,,v.变硬； 变得坚强,四级
eve,iːv,,n.前夜， 前夕， 前一刻,四级
pronoun,'pronaʊn,,n.代词,四级
define,dɪ'faɪn,,vt.给…下定义， 限定,四级
dictate,'dɪktet,,v.口授； 命令， 规定， 要求 n.命令， 指挥,四级
construction,kən'strʌkʃən,,n.建造； 建筑物； 结构,四级
predict,prɪ'dɪkt,,vt.预言， 预告， 预测,四级
dump,dʌmp,,vt.倾卸，倾倒；倾销 n.垃圾场,四级
render,'rɛndɚ,,vt.使得， 致使； 给予， 提供； 翻译,四级
universal,'jʊnə'vɝsl,,a.普遍的； 通用的； 全世界的,四级
chemist,'kɛmɪst,,n.化学家， 药剂师,四级
frontier,frʌn'tɪr,,n.边境， 边疆； 新领域,四级
abroad,ə'brɔd,,ad.到国外； 在传播， 在流传,四级
radical,'rædɪkl,,ad.根本的，基本的；激进的，激进派的 n.激进分子,四级
relieve,rɪ'liv,,vt.使轻松， 使宽慰， 缓解； 使得到调剂； 接替,四级
drawer,drɔr,,n.抽屉,四级
requirement,rɪ'kwaɪɚmənt,,n.要求； 必要条件； 需要， 需要的东西,四级
transport,'trænspɔrt,,vt.运输 n.运输， 运输工具,四级
employment,ɪm'plɔɪmənt,,n.工作； 雇用； 使用,四级
specific,spɪ'sɪfɪk,,a.特有的；具体的，明确的 n.详情， 细节,四级
application,ˌæpləˈkeʃən,,n.申请， 申请书； 施用， 涂抹； 应用， 实施； 实用性,四级
engage,ɪn'ɡedʒ,,vt.使从事； 聘用； 吸引； 占用； 使订婚,四级
acre,'ekɚ,,n.英亩,四级
whisper,'wɪspɚ,,v.低声地讲 n.低语， 耳语,四级
appetite,'æpəˌtaɪt,,n.食欲， 胃口； 欲望,四级
semester,səˈmɛstɚ,,n.学期,四级
strategy,'strætədʒi,,n.战略， 策略,四级
dull,dʌl,,a.乏味的， 单调的； 晦暗的， 阴沉的； 低沉的； 笨的； 钝的,四级
collapse,kə'læps,,v.倒坍；塌下 n.突然失败；突然瓦解,四级
clumsy,'klʌmzi,,a.笨拙的， 愚笨的； 粗陋的； 不得体的,四级
territory,'tɛrətɔri,,n.领土， 版图； 领域,四级
concession,kən'sɛʃən,,n.让步， 妥协； 特许， 特许权； 承认， 认可,四级
accurate,'ækjərət,,a.准确的， 正确无误的,四级
maintain,men'ten,,vt.维持； 维修， 保养； 主张； 赡养,四级
shift,ʃɪft,,v.移动，转移；改变，转变 n.转换， 转变； 轮班,四级
echo,'ɛko,,v.重复， 模仿； 发出回声 n.回声；反响，共鸣,四级
erect,ɪ'rɛkt,,a.竖直的， 垂直的 vt.建造；使竖立,四级
bargain,ˈbɑrɡɪn,,vi.讨价还价 n.特价商品；协议，交易,四级
professional,prə'fɛʃənl,,a.职业的，专业的，专门的 n.自由职业者， 专业人员,四级
elective,ɪ'lɛktɪv,,a.选举的，有选举权的；可任意选择的 n.选修课程,四级
accusation,",ækju'zeʃən",,n.谴责； 【律】 指控,四级
protein,'protin,,n.蛋白质,四级
annual,'ænjuəl,,a.每年的，一年一次的 n.年报， 年鉴； 一年生的植物,四级
exclusive,ɪk'sklusɪv,,a.奢华的，高级的；独有的，独享的；排斥的，排他的；不包括…的，不把…计算在内的 n.独家新闻,四级
jar,dʒɑr,,v.感到不快； 震动， 摇动 n.罐子，坛子，广口瓶,四级
poverty,'pɑvɚti,,n.贫穷， 贫困,四级
resort,rɪ'zɔrt,,vi.求助，凭借，诉诸 n.求助， 凭借， 诉诸； 求助的对象， 采用的手段； 常去之地， 胜地,四级
goodness,ˈgʊdnɪs,,int.天哪 n.善良， 美德， 好意,四级
lightning,'laɪtnɪŋ,,n.闪电， 电光,四级
jaw,dʒɔ,,n.颌， 颚,四级
margin,'mɑrdʒən,,n.页边空白； 差数， 差额； 余地； 边缘,四级
remain,rɪ'men,,vi.剩下，余留；保持；仍然是 n.残余； 残骸； 遗迹,四级
amaze,ə'mez,,vt.使惊奇， 使惊愕,四级
refine,rɪ'faɪn,,vt.精炼， 精制， 提纯； 使优美， 使完善,四级
mount,maʊnt,,v.登上；发起；安放；增加，加剧 n.山， 峰,四级
demand,dɪ'mænd,,vt.要求， 需要； 查问,四级
mystery,ˈmɪstri,,n.神秘； 神秘的人,四级
atomic,ə'tɑmɪk,,a.原子的， 原子能的， 原子武器的,四级
deposit,dɪ'pɑzɪt,,vt.使沉淀；存放，储蓄 n.定金， 押金； 存款； 矿藏,四级
centimetre,'sɛntɪmitɚ,,n.公分， 厘米,四级
telescope,'tɛləˌskop,,n.望远镜,四级
rotten,'rɑtn,,a.腐烂的； 令人不愉快的； 糟糕的,四级
skillful,'skɪlfəl,,a.灵巧的， 娴熟的,四级
flash,flæʃ,,vi.闪， 闪烁； 飞驰 n.闪光；闪光灯,四级
accuse,ə'kjuz,,vt.指责， 归咎于,四级
housing,'haʊzɪŋ,,n.房屋， 住宅； 住房建筑， 住房供给； 外壳， 外罩,四级
devil,'dɛvl,,n.魔鬼， 恶魔； 家伙， 人,四级
guarantee,",ɡærən'ti",,n.保证；保证书；担保物 vt.保证， 担保,四级
recommend,'rɛkə'mɛnd,,vt.推荐， 举荐； 劝告， 建议； 使成为可取； 使受欢迎,四级
acquire,ə'kwaɪr,,vt.取得， 获得， 学到,四级
fertile,ˈfɝtəl; (canadian) ˈfɝˌtaɪl,,a.肥沃的； 多产的； 丰富的,四级
automobile,",ɔtəmə'bil",,n.汽车， 机动车,四级
notion,'noʃən,,n.概念， 观念； 意图， 想法， 念头,四级
diversity,dɪˈvəsɪti,,n.多样性； 差异； 不同点,四级
helicopter,'hɛlɪkɑptɚ,,n.直升机,四级
tractor,'træktɚ,,n.拖拉机， 牵引车,四级
patience,'peʃns,,n.忍耐， 耐心,四级
grace,ɡres,,n.优美，优雅；风度，魅力；宽限，缓期 vt.使优美,四级
advertisement,",ædvɚ'taɪzmənt",,n.广告， 公告， 登广告； 广告活动， 宣传,四级
ripe,raɪp,,a.熟的； 时机成熟的,四级
attribute,ə'trɪbjut,,vt.把…归因于 n.属性,四级
mechanism,'mɛkənɪzəm,,n.机械装置； 机制， 机理； 办法， 途径,四级
detection,dɪ'tɛkʃən,,n.察觉， 发觉； 侦查， 探测,四级
triumph,ˈtraɪəmf,,vi.成功 n.凯旋，胜利,四级
vice,vaɪs,,n.罪恶； 恶习， 缺点； 虎钳,四级
horror,'hɔrɚ,,n.恐怖； 憎恶； 令人恐怖的事物,四级
poison,'pɔɪzn,,n.毒，毒药 vt.毒害,四级
thoughtful,'θɔtfl,,a.沉思的； 体贴的,四级
gram,ɡræm,,n.克,四级
empower,ɪm'paʊɚ,,vt.授权于； 使能够,四级
riot,'raɪət,,vi.聚众闹事 n.暴乱，骚乱；极度丰富 vt.把浪费在放荡的生活上,四级
arouse,ə'raʊz,,vt.引起； 唤起， 唤醒,四级
nest,nɛst,,v.筑巢 n.巢，窝，穴,四级
tour,tʊr,,n&vi.旅行， 游历,四级
calm,kɑm,,a.静的，平静的 v.平静， 镇静,四级
boring,'bɔrɪŋ,,a.令人厌烦的， 乏味的， 无聊的,四级
classic,'klæsɪk,,a.最优秀的，典型的，标准的；传统式样的，典雅的 n.文学名著， 经典作品， 杰作； 优秀的典范； 古典文学， 古典语文研究,四级
ownership,'onɚʃɪp,,n.所有， 所有制,四级
metric,'mɛtrɪk,,a.公制的， 米制的,四级
absolute,'æbsəlut,,a.十足的， 地道的； 绝对的， 完全的； 不受任何限制的,四级
ash,æʃ,,n.灰， 灰末； 骨灰,四级
describe,dɪ'skraɪb,,vt.形容； 描写； 画出,四级
suck,sʌk,,v.吸， 吮， 啜； 吸收,四级
grab,ɡræb,,v.抓取，攫取；赶紧做；抓住；抓，夺 n.抓， 夺,四级
rub,rʌb,,vt.擦， 摩擦,四级
presently,'prɛzntli,,ad.不久， 一会儿； 现在， 目前,四级
wealthy,'wɛlθi,,a.富有的， 富裕的,四级
rug,rʌɡ,,n.地毯,四级
jazz,dʒæz,,n.爵士音乐， 爵士舞曲,四级
dusk,dʌsk,,n.薄暮， 黄昏； 幽暗,四级
administration,"əd,mɪnɪ'streʃən",,n.管理； 管理部门， 行政机关； 实行， 执行,四级
occasional,ə'keʒənl,,a.偶尔的， 间或发生的,四级
boast,bost,,vi.自夸；自豪 vt.自夸，吹嘘；以拥有…而自豪 n.自吹自擂， 自夸的话,四级
operator,'ɑpəretɚ,,n.操作人员； 话务员， 报务员,四级
debate,dɪ'bet,,n&v.争论， 辩论,四级
spacecraft,'speskræft,,n.航天器， 宇宙飞船,四级
furniture,'fɝnɪtʃɚ,,n.家具,四级
segment,'sɛɡmənt,,n.部分， 片段； 瓣,四级
stripe,straɪp,,n.条纹,四级
jet,dʒɛt,,vi.乘喷气式飞机 n.喷气式飞机；喷嘴；喷射,四级
helpful,'hɛlpfl,,a.给予帮助的； 有用的,四级
statistic,stə'tɪstɪk,,n.统计数值， 统计资料； 统计学,四级
attractive,ə'træktɪv,,a.有吸引力的， 引起注意的,四级
superb,/suːˈpɜːrb/,,a.极好的； 高质量的,四级
mold,mold,,n.霉，霉菌；模型，铸模；性格 vt.用模子制作， 塑造； 使形成， 影响…的形成,四级
engineering,'ɛndʒə'nɪrɪŋ,,n.工程， 工程学,四级
significant,sɪɡ'nɪfɪkənt,,a.相当数量的； 重要的， 意义重大的， 意味深长的,四级
bold,bold,,a.勇敢的； 鲁莽的； 粗体的， 黑体的； 醒目的,四级
bleed,blid,,vi.出血， 流血； 泌脂 vt.勒索…的钱,四级
delicious,dɪ'lɪʃəs,,a.美味的； 芬芳的， 怡人的； 有趣的,四级
catalogue,'kætəlɔɡ,,n.目录 v.为…编目录，把…列入目录中,四级
whatever,wət'ɛvɚ,,ad.[用于否定句中以加强语气]任何； 无论什么,四级
decrease,dɪ'kris,,v.减少 n.减少,四级
volunteer,",vɑlən'tɪr",,v.自愿提供； 自愿， 志愿 n.志愿者；志愿兵,四级
museum,mjuˈzɪəm,,n.博物馆,四级
ignorance,'ɪɡnərəns,,n.无知， 愚昧,四级
senate,'sɛnət,,n.参议院， 上院,四级
trumpet,'trʌmpɪt,,n.喇叭，小号 vt.大声宣告， 鼓吹,四级
bolt,bolt,,n.螺栓，插销 vt.闩门,四级
string,strɪŋ,,vi.连成一串； 排成一行前进 n.线，细绳；一串，一行 vt.缚，扎，挂；串起，穿；使排成一列；伸展，拉直,四级
import,'ɪmpɔt,,vt.输入， 进口 n.输入， 进口； 进口商品； 意义， 重要性,四级
occupy,'ɑkjupaɪ,,vt.占领， 占， 占有,四级
submit,səb'mɪt,,vi.屈从， 听从， 服从 vt.呈送，提交；主张，建议；使服从，使降服,四级
mood,mud,,n.心情， 情绪； 语气,四级
boom,buːm,,vi.激增， 繁荣， 迅速发展； 发出隆隆声 n.激增，繁荣，迅速发展；隆隆声，嗡嗡声,四级
absence,'æbsns,,n.缺席， 不在； 缺席的时间， 外出期； 缺乏， 不存在,四级
attract,ə'trækt,,vt.吸引， 引起…注意,四级
edition,ɪ'dɪʃən,,n.版， 版本， 版次,四级
simplicity,sɪm'plɪsəti,,n.简单， 简易； 朴素,四级
cautious,'kɔʃəs,,a.十分小心的， 谨慎的,四级
disappear,'dɪsə'pɪr,,vi.不见， 失踪， 消失,四级
summit,'sʌmɪt,,n.最高点， 峰顶； 最高级会议,四级
recession,rɪ'sɛʃən,,n.衰退， 衰退期,四级
conclusion,kən'kluʒn,,n.结论， 推论； 结尾； 缔结， 议定,四级
typist,'taɪpɪst,,n.打字员,四级
durable,'dʊrəbl,,a.耐久的， 耐用的,四级
negative,'nɛɡətɪv,,a.否定的，消极的；负的；阴性的 n.负片， 底片； 负数,四级
impose,ɪm'poz,,vi.利用， 占便宜； 欺骗 vt.把…强加于；征,四级
ally,'ælaɪ,,v.结盟， 联合 n.同盟国， 同盟者； 支持者,四级
statement,'stetmənt,,n.陈述， 声明； 结算单， 报表,四级
hence,hɛns,,ad.因此， 所以； 今后,四级
memorial,məˈmɔrɪəl,,a.纪念的，悼念的 n.纪念碑， 纪念堂， 纪念仪式,四级
factor,'fæktɚ,,n.因素； 因子； 系数,四级
boot,but,,n.靴子， 长筒靴； 行李箱； 解雇,四级
pinch,pɪntʃ,,vt.捏，拧 n.撮， 微量,四级
delivery,dɪ'lɪvəri,,n.投递， 交付； 分娩； 讲话方式； 投递的邮件,四级
rack,ræk,,n.挂架，搁架 vt.使痛苦， 折磨； 尽力使用,四级
election,ɪ'lɛkʃən,,n.选举； 选择权； 当选,四级
conquer,'kɑŋkɚ,,vt.征服， 战胜； 破除， 克服,四级
learned,'lɝnd; lɝ​nɪd,,a.有学问的； 学术上的,四级
substance,'sʌbstəns,,n.物质； 实质； 大意， 要旨； 根据， 理由,四级
frown,fraʊn,,n&vi.皱眉， 蹙额,四级
bond,bɑnd,,v.黏合， 结合 n.联结，联系；公债；契约，合同,四级
target,'tɑrɡɪt,,n.目标 vt.把…作为目标； 瞄准,四级
wax,waks,,n.蜡，蜂蜡 vt.给…上蜡,四级
grind,ɡraɪnd,,v.磨， 磨快,四级
urban,'ɝbən,,a.城市的， 都市的； 住在都市的,四级
furthermore,",fɝðɚ'mɔr",,ad.而且， 此外,四级
guidance,'gaɪdns,,n.引导， 指导， 领导,四级
risk,rɪsk,,n.危险，风险；引起危险的事物 vt.冒…的危险， 使遭受危险,四级
flame,flem,,n.火焰， 光辉； 热情,四级
container,kən'tenɚ,,n.容器； 集装箱,四级
leader,'lidɚ,,n.领袖， 领导人， 首领,四级
delicate,ˈdɛlɪkɪt,,a.纤细的， 易碎的； 微妙的； 精美的,四级
discard,dɪsˈkɑːrd,,vt.丢弃， 抛弃， 遗弃,四级
fancy,'fænsi,,a.昂贵的； 别致的 n.想象力，设想；爱好 vt.喜欢；想象，猜想,四级
rebel,rɪ'bɛl,,vi.反叛， 造反； 反对， 不服从 n.反叛分子， 反对者,四级
bounce,baʊns,,v.弹起，反弹；颠簸 n.弹， 反弹,四级
usage,'jusɪdʒ,,n.使用； 对待； 惯用法,四级
tissue,'tɪʃu,,n.组织； 薄绢， 薄纸， 手巾纸,四级
experimental,ɛk'spɛrɪ'mɛntəl,,a.实验的， 试验的,四级
loosen,'lusn,,vt.解开； 放松， 松弛,四级
rent,rɛnt,,v.租借，租用；出租，出借 n.租金； 出租,四级
nearby,",nɪr'baɪ",,ad.在附近 a.附近的,四级
carpenter,ˈkɑːrpəntər,,n.木工， 木匠,四级
cart,kɑrt,,n.运货马车,四级
modest,'mɑdɪst,,a.谦虚的； 适中的； 羞怯的,四级
cast,kæst,,vt.投，扔，抛；浇铸 n.演员表， 全体演员； 石膏绷带； 铸型， 铸件； 投， 抛,四级
anxious,'æŋkʃəs,,a.忧虑的， 令人焦急的； 渴望的,四级
hatred,'hetrɪd,,n.憎恶， 憎恨， 仇恨,四级
crush,krʌʃ,,vt.压碎， 碾碎； 摧毁， 压垮,四级
largely,'lɑrdʒli,,ad.大部分， 大量地,四级
slice,slaɪs,,n.薄片，切片；部分 vt.切， 削,四级
frost,frɔst,,v.结霜 n.冰冻，严寒；霜,四级
electron,ɪ'lɛktrɑn,,n.电子,四级
incline,ɪn'klaɪn,,v.倾斜； 弯； 倾向于 n.斜坡,四级
truly,ˈtruːli,,ad.真正地； 忠实地,四级
cash,kæʃ,,n.现金，现款 vt.把…兑现,四级
counsel,'kaʊnsl,,n.律师，法律顾问；忠告，劝告 vt.劝告， 提议,四级
item,'aɪtəm,,n.条， 条款， 一条,四级
gene,dʒin,,n.基因,四级
liver,'lɪvɚ,,n.肝,四级
suicide,'suɪsaɪd,,n&v.自杀,四级
violet,'vaɪələt,,a.紫色的 n.紫罗兰,四级
hollow,'hɑlo,,a.空的， 空洞的； 沉闷的； 虚伪的,四级
trunk,trʌŋk,,n.树干； 大衣箱， 皮箱； 汽车后备箱； 象鼻,四级
saving,'sevɪŋ,,n.节省， 节约； 储蓄金， 存款,四级
rely,rɪ'laɪ,,vi.依靠， 依赖； 信赖， 指望,四级
hospitalize,'hɑspɪtə'laɪz,,vt.就医,四级
slide,slaɪd,,v.滑；悄悄地移动 n.滑动； 滑道， 滑面； 幻灯片,四级
utilize,'juːtəlaɪz,,vt.利用,四级
sticky,'stɪki,,a.黏性的， 胶黏的；  湿热的,四级
prevail,pri'vel,,vi.流行， 盛行,四级
waist,west,,n.腰， 腰部,四级
excessive,ɪkˈsɛsɪv,,a.过多的， 极度的,四级
flesh,flɛʃ,,n.肉， 肌肉， 肉体,四级
jungle,'dʒʌŋɡl,,n.丛林， 密林， 莽丛； 乱七八糟的一堆,四级
portion,'pɔrʃən,,n.一部分，一份 vt.分配， 把…分给,四级
settle,'sɛtl,,v.安排， 安放； 调停； 支付， 核算； 安家； 飞落， 停留； 安定,四级
pattern,'pætɚn,,n.型，式样，模型 vt.仿制， 使照…样子,四级
harsh,hɑrʃ,,a.严厉的； 粗糙的,四级
connexion,kə'nekʃən,,n.connection的英式拼法,四级
vehicle,ˈviəkəl,,n.车辆， 机动车； 传播媒介， 工具， 手段,四级
scrape,skrep,,v.刮，擦 n.刮， 擦； 刮擦声,四级
hardship,'hɑrdʃɪp,,n.艰难， 困苦,四级
confuse,kən'fjʊz,,vt.使困惑， 把…弄糊涂； 混淆， 把…混同； 混乱， 搞乱,四级
cushion,'kʊʃən,,n.垫子， 坐垫， 靠垫,四级
scold,skold,,v.责骂， 训斥,四级
glorious,'ɡlɔriəs; 'ɡloriəs,,a.光荣的； 壮丽的； 令人愉快的,四级
civilize,'sɪvəlaɪz,,vt.使文明， 使开化， 教育,四级
physician,fɪ'zɪʃən,,n.内科医生,四级
architecture,'ɑrkə'tɛktʃɚ,,n.建筑学； 建筑式样， 建筑风格,四级
stress,strɛs,,n.压力；强调；重要性；应力；重音 vt.强调， 着重； 重读,四级
grip,ɡrɪp,,v.握紧，抓牢；吸引住 n.紧握,四级
explore,ɪk'splɔr,,vt.探险， 探索； 仔细查阅， 探究,四级
display,dɪ'sple,,vt.陈列， 展览， 显示,四级
electricity,ɪ'lɛk'trɪsəti,,n.电,四级
climate,ˈklaɪmɪt,,n.气候； 风土， 地带； 风气， 气氛,四级
conductor,kən'dʌktɚ,,n.售票员， 列车长； 指挥； 导体,四级
bore,bɔr,,vt.使厌烦；钻，挖 n.令人讨厌的人,四级
crust,krʌst,,n.面包皮， 硬外皮； 外壳， 地壳,四级
disorder,dɪs'ɔrdɚ,,n.混乱， 杂乱， 骚乱,四级
criticize,'krɪtə'saɪz,,vt.批评； 评论； 非难,四级
organization,",ɔrɡənə'zeʃən",,n.组织， 团体， 机构,四级
rage,redʒ,,vi.狂吹； 汹涌； 激烈进行； 发怒， 发火 n.狂怒，盛怒；风靡一时的事物，时尚,四级
width,wɪdθ,,n.宽阔， 广阔； 宽度,四级
dairy,'dɛri,,a.乳制品的 n.牛奶场；乳制品,四级
board,bɔrd,,vi.搭伙； 膳宿 n.板，牌子；木板，纸板；委员会，董事会；伙食 vt.上,四级
economic,"ˌikəˈnɑmɪk, ˌɛkəˈ-nɑmɪk",,a.经济的，经济学的 n.经济学； 经济状况,四级
stuff,stʌf,,n.材料，东西 vt.装， 填， 塞； 让…吃饱,四级
arrest,ə'rɛst,,vt.逮捕，拘留；停止，阻止；吸引 n.逮捕， 拘留， 扣留,四级
widow,'wɪdo,,n.寡妇,四级
distinction,dɪ'stɪŋkʃən,,n.差别， 不同， 区分,四级
mature,mə'tʃʊr,,a.成熟的；成年人的；深思熟虑的；到期的，应支付的 vt.使成熟,四级
navy,'nevi,,n.海军,四级
fee,fi,,n.费； 酬金， 赏金,四级
section,'sɛkʃən,,n.部分， 章节； 部门， 科； 截面， 剖面,四级
influence,'ɪnfluəns,,n.影响，作用；影响力，势力；产生影响力的人 vt.影响,四级
whip,wɪp,,vt.鞭笞；猛地移动；搅打成糊状 n.鞭子,四级
protocol,'protə'kɔl,,n.礼仪， 礼节； 草案， 议定书,四级
whale,wel,,n.鲸,四级
provoke,prə'vok,,vt.对…挑衅， 激怒； 激起， 引起,四级
threaten,'θrɛtn,,v.威胁， 恐吓； 预示快要来临， 是…的征兆； 构成威胁； 可能发生,四级
talent,'tælənt,,n.天才， 才能； 人才,四级
percentage,pɚ'sɛntɪdʒ,,n.百分比， 百分率,四级
negotiate,nɪ'ɡoʃɪet,,v.洽谈， 协商； 顺利通过， 成功越过； 协商， 谈判,四级
strain,stren,,v.扭伤， 拉伤； 尽力； 拉紧 n.拉紧；过劳；极度紧张；张力；扭伤，拉伤；旋律；品种，家系；气质，个性特点,四级
hunt,hʌnt,,v.打猎； 搜寻； 驱逐,四级
violin,",vaɪə'lɪn",,n.小提琴,四级
remonstrate,rɪ'mɑnstret,,v.抗议,四级
package,'pækɪdʒ,,n.包裹，包装；一揽子交易 vt.把…打包； 包装,四级
visible,'vɪzəbl,,a.可见的， 看得见的， 有形的,四级
crisis,'kraɪsɪs,,n.危机， 存亡之际； 关键阶段,四级
rail,rel,,vi.责骂， 抱怨 n.栏杆，横杆；铁轨，轨道；铁路,四级
survival,sɚ'vaɪvl,,n.幸存； 幸存者， 残存物,四级
germ,dʒɝm,,n.微生物， 细菌； 幼芽,四级
inner,'ɪnɚ,,a.内部的； 内心的,四级
market,'mɑrkɪt,,n.市场； 股市； 行情， 销路,四级
keen,kin,,a.热心的； 激烈的； 敏锐的， 敏捷的,四级
glimpse,ɡlɪmps,,vi.看一眼，一瞥 vt.瞥见 n.一瞥， 一看,四级
detective,dɪ'tɛktɪv,,n.侦探， 私人侦探,四级
transfer,træns'fɝ,,v.搬， 转移； 调动， 转学； 转让， 过户； 乘车， 转乘,四级
footstep,'fʊtstɛp,,n.脚步， 脚步声， 足迹,四级
veteran,'vɛtərən,,n.老兵， 老手,四级
indifferent,ɪn'dɪfrənt,,a.冷漠的， 不积极的； 一般的， 平平的,四级
outside,",aʊt'saɪd",,a.外部的 prep.在…的外面； 向…的外面； 除…以外 n.外部，外表,四级
nerve,nɝv,,n.神经； 勇敢， 胆量,四级
affection,ə'fɛkʃən,,n.感情； 爱， 爱慕,四级
eagle,'igl,,n.鹰,四级
cruise,krʊz,,vi.航游，巡航；缓慢巡行 n.航游， 游弋,四级
elementary,",ɛlɪ'mɛntri",,a.基本的， 初级的,四级
topic,'tɑpɪk,,n.题目， 论题， 话题,四级
solemn,'sɑləm,,a.庄严的， 隆重的； 严肃的,四级
perceive,pɚ'siv,,vt.感知， 感觉， 察觉； 认识到， 意识到； 理解,四级
omit,ə'mɪt,,vt.省略； 遗漏,四级
embarrass,ɪm'bærəs,,vt.使窘迫， 使为难,四级
option,'ɑpʃən,,n.选择， 选择权， 选择自由； 选择的事物或人， 选课,四级
erroneous,ɪ'ronɪəs,,a.错误的， 不正确的,四级
raid,red,,n&vt.袭击； 突入查抄， 突入搜捕； 劫掠,四级
politics,'pɑlətɪks,,n.政治， 政治学； 政纲， 政见,四级
acute,ə'kjut,,a.严重的； 急性的； 灵敏的， 敏锐的； 精明的,四级
limitation,",lɪmɪ'teʃən",,n.限制， 限度； 局限,四级
sponsor,'spɑnsɚ,,n.发起者 vt.发起； 资助， 赞助； 支持,四级
kindergarten,'kɪndɚɡɑrtn,,n.幼儿园,四级
unexpected,'ʌnɪk'spɛktɪd,,a.想不到的， 意外的,四级
crucial,'krʊʃəl,,a.至关重要的， 决定性的,四级
contribute,kən'trɪbjut,,v.捐献， 捐款； 投稿,四级
faith,feθ,,n.信任； 信心； 信仰， 信条； 忠诚,四级
generator,'dʒɛnəretɚ,,n.发电机； 发生器,四级
insert,'ɪnsɝt,,vt.插入， 嵌入； 登载,四级
remark,rɪ'mɑrk,,vt.说；评论说 n.话语； 谈论， 评论,四级
forbid,fɚ'bɪd,,vt.禁止， 不许， 阻止,四级
microscope,'maɪkrəskop,,n.显微镜,四级
necessarily,",nɛsə'sɛrəli",,ad.必要地； 必然,四级
highlight,'haɪlaɪt,,vt.强调，突出，使显著 n.最精彩的部分； 最重要的事件,四级
candidate,"ˈkændɪˌdet, -dɪt",,n.候选人； 投考者， 申请求职者,四级
billion,'bɪljən,,num.十亿,四级
parallel,'pærəlɛl,,a.平行的；类似的；并列的，并联的 n.可相比拟的事物；相似处；平行线，平行面；纬线 vt.与…平行； 与…相似， 与…相当， 比得上,四级
reject,rɪ'dʒɛkt,,vt.拒绝； 拒纳， 退回 n.次品,四级
patient,ˈpeʃənt,,a.忍耐的，有耐心的 n.病人,四级
cashier,kæ'ʃɪr,,n.出纳,四级
sheer,ʃɪr,,ad.垂直地，陡峭地 vi.急转向， 偏离 a.完全的，十足的；陡峭的，垂直的；极薄的，透明的,四级
miracle,'mɪrəkl,,n.奇迹， 令人惊奇的人,四级
profit,'prɑfɪt,,vi.受益 n.益处；利润，收益 vt.有益于，有利于,四级
original,ə'rɪdʒənl,,a.最初的；新颖的；原版的 n.原件， 原作,四级
wit,wɪt,,n.风趣； 妙语； 智力， 才智， 智能,四级
handful,"'hænd,fʊl",,n.一把， 少数， 一小撮,四级
assignment,ə'saɪnmənt,,n.任务， 指定的作业； 分配， 指派,四级
nylon,'naɪlɑn,,n.尼龙,四级
yawn,jɔn,,vi.打呵欠 n.呵欠,四级
electric,ɪ'lɛktrɪk,,a.电的， 电动的,四级
terminal,tɝ​mənl,,a.晚期的，不治的；末端的，终点的，极限的 n.终点； 终端； 接线端,四级
kingdom,'kɪŋdəm,,n.王国； 领域； 界,四级
differ,'dɪfɚ,,vi.不同， 相异； 发生分歧,四级
various,'vɛrɪəs,,a.各种各样的， 不同的,四级
latter,'lætɚ,,a.后者的； 后一半的,四级
depression,dɪ'prɛʃən,,n.抑郁， 沮丧； 不景气， 萧条； 洼地， 凹陷,四级
reduction,rɪ'dʌkʃən,,n.减少， 缩小； 下降， 降低,四级
extent,ɪk'stɛnt,,n.广度； 范围； 程度,四级
equivalent,ɪ'kwɪvələnt,,a.相等的，等量的 n.相等物， 等价物,四级
gaol,dʒeɪl,,vt.监禁 n.监狱,四级
conversely,'kɑnvɝsli,,ad.相反,四级
sauce,sɔs,,n.调味汁， 作料,四级
ban,bæn,,vt.取缔，查禁；禁止 n.禁止， 禁令,四级
fascinate,'fæsə'net,,vi.有吸引力， 迷人 vt.迷住，强烈吸引,四级
suffer,'sʌfɚ,,v.遭受， 忍受， 容许； 受痛苦， 受损,四级
diplomatic,",dɪplə'mætɪk",,a.外交的， 从事外交的； 策略的， 有手腕的,四级
bat,bæt,,n.蝙蝠； 球棒， 球拍,四级
neighbourhood,nebɚˌhʊd,,n.四邻； 附近； 接近,四级
draft,dræft,,n.草稿；汇票；征兵；通风 vt.起草； 征募,四级
complex,ˈkɑmplɛks;kəmˈplɛks,,a.由许多部分组成的， 复合的； 复杂的， 难懂的,四级
rank,ræŋk,,v.给…评定等级； 列入， 占特定等级 n.军衔，职衔；地位，社会阶层；排，行列,四级
assumption,ə'sʌmpʃən,,n.假定， 臆断； 担任， 承担,四级
pension,'pɛnʃən,,n.养老金，抚恤金 vt.发给…养老金,四级
giant,'dʒaɪənt,,a.巨大的 n.巨人，巨物；才智超群的人,四级
fluid,'fluɪd,,a.流动的 n.流体，液体,四级
bay,be,,n.湾； 分隔间,四级
outlet,'aʊtlɛt,,n.出口， 出路； 发泄途径,四级
neglect,nɪ'glɛkt,,v.疏于照料；疏忽 n.疏忽,四级
addition,ə'dɪʃən,,n.加， 加法； 附加物,四级
gang,ɡæŋ,,vi.聚集， 结成一伙 n.一帮，一伙,四级
shrink,ʃrɪŋk,,v.起皱； 收缩； 退缩， 畏缩,四级
ancestor,'ænsɛstɚ,,n.祖宗， 祖先； 原型； 先驱,四级
textile,'tɛkstaɪl,,a.纺织的 n.纺织品；纺织业,四级
former,'fɔrmɚ,,a.在前的 n.前者,四级
panic,'pænɪk,,v.恐慌， 惊慌失措 n.恐慌，惊慌，慌乱,四级
extend,ɪk'stɛnd,,v.延长， 扩大； 提供， 给予； 伸展， 达到,四级
fold,fold,,v.折叠，合拢 n.褶， 折叠的部分,四级
plastic,'plæstɪk,,a.塑料的；可塑的 n.塑料， 塑料制品； 信用卡,四级
globe,ɡlob,,n.地球， 世界； 地球仪； 球体,四级
chemical,'kɛmɪkl,,a.化学的 n.化学制品,四级
interpretation,ɪn'tɝprɪ'teʃən,,n.解释； 口译； 艺术处理,四级
ax,æks,,n.斧子,四级
intermediate,",ɪntɚ'midɪət",,a.中间的； 中级的,四级
folk,fok,,n.人们； 家属， 亲属； 大伙儿， 各位,四级
consideration,"kən,sɪdə'reʃən",,n.考虑， 思考， 要考虑的事； 体贴， 关心,四级
competitive,kəm'pɛtətɪv,,a.竞争的， 比赛的； 好竞争的， 求胜心切的； 有竞争力的,四级
enquiry,"ɛnˈkwaɪri, ˈɛnkwəri",,n.询问,四级
applause,ə'plɔz,,n.鼓掌， 掌声,四级
frank,fræŋk,,a.坦白的， 直率的,四级
abuse,ə'bjus,,vt.滥用； 虐待， 伤害； 辱骂， 毁谤 n.滥用； 虐待， 伤害； 辱骂， 毁谤,四级
prove,pruv,,v.证实， 证明； 结果是,四级
scheme,skim,,v.密谋， 策划 n.计划，方案；阴谋,四级
affect,ə'fɛkt,,vt.影响； 感动,四级
deaf,dɛf,,a.聋的； 不愿听的,四级
admire,ədˈmaɪr,,vt.钦佩， 羡慕； 赞赏， 称赞， 夸奖,四级
consequently,'kɑnsəkwɛntli,,ad.因此， 因而， 所以,四级
virus,'vaɪrəs,,n.病毒； 病毒性疾病， 病毒病,四级
drain,dren,,v.排去，放水 n.耗竭； 排水沟， 排水管,四级
isolate,aɪslˌet,,vt.使隔离， 使孤立,四级
sailor,'selɚ,,n.水手， 海员,四级
amuse,ə'mjuz,,vt.逗…乐， 给…娱乐,四级
inward,'ɪnwɚd,,ad.向内 a.里面的；内心的,四级
responsibility,rɪˌspɑːnsəˈbɪləti,,n.责任， 责任心； 职责， 义务,四级
enquire,ɪn'kwaɪr,,v.询问,四级
civil,'sɪvl,,a.公民的； 文职的； 民用的； 民事的， 民法的； 文明的,四级
popularity,",pɑpju'lærəti",,n.普及， 流行； 声望,四级
subsequent,'sʌbsɪkwənt,,a.随后的， 后来的,四级
indicate,'ɪndɪket,,vt.标示， 表示， 表明,四级
scarcely,'skɛrsli,,ad.几乎不， 简直不； 决不； 刚刚， 才,四级
panel,'pænl,,n.专门小组； 面， 板； 控制板， 仪表盘,四级
outstanding,'aʊt'stændɪŋ,,a.突出的， 杰出的； 未解决的； 未偿付的,四级
charge,tʃɑrdʒ,,v.索价；控告；充电，充满；向前冲 n.费用； 管理； 控告， 指责； 电荷， 充电,四级
sew,so,,v.缝制， 缝纫,四级
oval,'ovl,,a.椭圆形的 n.椭圆形,四级
column,'kɑləm,,n.柱， 支柱， 圆柱； 纵队； 栏， 专栏,四级
procedure,prə'sidʒɚ,,n.程序， 手续， 步骤,四级
sample,'sæmpl,,n.样品，试样，样本 vt.从…抽样； 品尝， 体验,四级
integrate,'ɪntɪɡret,,v.成为一体， 合并,四级
survivor,sɚ'vaɪvɚ,,n.生还者； 残存物,四级
applicant,'æplɪkənt,,n.申请人,四级
tropical,'trɑpɪkl,,a.热带的； 炎热的,四级
partner,'pɑrtnɚ,,vi.做…的搭档 n.伙伴，合伙人，搭档，配偶,四级
plunge,plʌndʒ,,n&v.纵身投入， 猛冲； 猛跌,四级
diagnose,",daɪəɡ'nos",,vt.诊断,四级
somewhat,'sʌmwʌt,,ad.有点儿 pron.一点儿,四级
earnest,'ɜːnɪst,,a.认真的， 诚恳的,四级
spider,'spaɪdɚ,,n.蜘蛛,四级
interview,'ɪntɚvju,,n&vt.接见， 会见； 面谈， 面试； 采访,四级
essential,ɪ'sɛnʃl,,a.必要的；本质的 n.要素； 必需品,四级
clarify,'klærəfaɪ,,vt.澄清， 阐明,四级
furnace,'fɝnɪs,,n.炉子， 熔炉， 鼓风炉,四级
ditch,dɪtʃ,,n.沟， 沟渠， 渠道,四级
deck,dɛk,,n.甲板， 舱面； 层面,四级
scare,skɛr,,v.吓， 使害怕； 受惊吓， 感到害怕 n.惊恐，恐慌,四级
thunder,'θʌndɚ,,vi.打雷， 轰隆响； 大声喊， 吼 n.雷，雷声；擂鼓般的响声，轰隆声,四级
observe,əb'zɝv,,vt.注意到， 观察； 评说； 遵守,四级
humorous,'hjumərəs,,a.幽默的， 诙谐的,四级
furnish,'fɝnɪʃ,,vt.供应， 提供； 装备,四级
bet,bɛt,,vt.打赌；敢说，确信 n.打赌； 赌金， 赌注,四级
contact,'kɑntækt,,n.接触；联系，交往 vt.与…接触， 与…取得联系,四级
rare,rɛr,,a.稀有的， 冷僻的； 珍奇的； 出类拔萃的； 稀薄的； 煎得嫩的,四级
discharge,dɪs'tʃɑrdʒ,,v.释放， 排出； 卸货 n.释放， 放电,四级
exclude,ɪk'sklʊd,,vt.把…排除在外,四级
scary,'skɛri,,a.引起惊慌的,四级
criticism,'krɪtə'sɪzəm,,n.批评， 批判； 评论， 评论文章,四级
utmost,'ʌt'most,,a.最远的 n.极限,四级
image,'ɪmɪdʒ,,n.像； 形象； 映像； 形象的描述,四级
consultancy,kən'sʌltənsi,,n.咨询公司,四级
ribbon,'rɪbən,,n.缎带， 丝带； 色带,四级
garbage,'ɡɑrbɪdʒ,,n.垃圾， 废物； 废话； 无用的资料,四级
complain,kəm'plen,,vi.抱怨， 诉苦； 控告， 投诉,四级
mainland,'menlænd,,n.大陆,四级
homogeneous,",homə'dʒinɪəs",,a.同种类的， 同性质的， 有相同特征的,四级
anxiety,æŋ'zaɪəti,,n.焦虑， 忧虑； 渴望， 热望,四级
temptation,tɛmp'teʃən,,n.诱惑， 引诱,四级
adjust,ə'dʒʌst,,vt.调整， 调节， 校正,四级
popularize,'pɑpjələraɪz,,vt.普及,四级
burst,bɝst,,vi.爆裂，爆炸；挤满；突然打开；突然发作 vt.使爆炸；突然打开 n.爆炸,四级
vigorous,'vɪɡərəs,,a.朝气蓬勃的； 有力的， 用力的,四级
debt,dɛt,,n.债， 债务， 欠债,四级
refrigerator,rɪ'frɪdʒəretɚ,,n.冰箱， 冷藏库,四级
necessity,nə'sɛsəti,,n.必需品； 必要性， 需要,四级
fog,fɔɡ,,n.雾， 烟雾， 尘雾,四级
frame,frem,,n.框架，框子，构架 vt.给…镶框； 陷害， 诬告； 制定； 表达,四级
lucky,'lʌki,,a.幸运的， 侥幸的； 吉利的,四级
origin,'ɔrɪdʒɪn,,n.起源， 起因； 出身， 血统,四级
industrialize,ɪn'dʌstrɪəlaɪz,,v.工业化,四级
clash,klæʃ,,vi.发生冲突；不协调；砰地相撞，发出刺耳的撞击声 n.冲突； 不协调； 刺耳的撞击声,四级
compel,kəm'pɛl,,vt.强迫， 迫使屈服,四级
capable,'kepəbl,,a.有能力的， 有才能的,四级
depress,dɪ'prɛs,,vt.使沮丧； 使不景气； 削弱， 抑制,四级
parade,pə'red,,v.游行， 列队前进； 招摇而行 n.游行；检阅,四级
burden,'bɝdn,,n.重担，精神负担 vt.加重压于， 烦扰； 负担， 装载,四级
precaution,prɪ'kɔʃən,,n.预防； 防备， 警惕,四级
lemon,'lɛmən,,n.柠檬； 柠檬树； 柠檬黄， 淡黄色,四级
personality,",pɝsə'næləti",,n.人格， 个性； 人物， 名人,四级
plot,plɑt,,v.密谋， 计划； 绘制…的平面图， 在图上标绘…的位置 n.故事情节；计划，密谋；小块土地,四级
sanction,'sæŋkʃən,,vt.批准，认可 n.批准， 认可； 约束因素， 约束力；  国际制裁,四级
rate,ret,,vi.被评价； 被列入特定级别 n.速度，速率；比率；价格，费用；等级 vt.评估；给…定级，把…列为；值得，应得,四级
alert,ə'lɝt,,a.警觉的，留神的，注意的 vt.使认识到，使意识到 n.警戒， 戒备； 警报,四级
await,ə'wet,,vt.等候； 期待； 将降临到…身上,四级
sin,sɪn,,vi.犯戒律， 犯过失 n.罪，罪孽,四级
client,'klaɪənt,,n.委托人， 当事人， 顾客,四级
prosperity,prɑ'spɛrəti,,n.繁荣， 兴旺,四级
divide,dɪ'vaɪd,,v.分，分开；分配，分享；除；产生分歧 n.分歧； 分界线， 分水岭,四级
contrary,'kɑntrɛri,,a.相反的 n.相反,四级
lump,lʌmp,,v.结块； 将…归并在一起 n.块，肿块,四级
digital,'dɪdʒɪtl,,a.数字的， 数位的,四级
brilliant,'brɪljənt,,a.光辉的； 卓越的,四级
historic,hɪ'stɔrɪk,,a.历史上著名的， 具有重大历史意义的,四级
oven,ˈʌvən,,n.炉， 烤箱,四级
bound,baʊnd,,vi.跳跃；弹回，反跃 a.一定的；有义务的 vt.跳跃；弹回，反跃；成为…的界限，给…划界 n.跳跃； 界限， 限制,四级
counter,'kaʊntɚ,,n.柜台； 计数器； 筹码,四级
rhythm,'rɪðəm,,n.韵律， 节奏,四级
stroke,strok,,n.中风；一举，一次努力；划桨，划水；击，敲；报时的钟声；笔画，一笔；抚摸 vt.抚摸,四级
breed,brid,,v.繁殖； 养育， 培育； 酿成， 产生 n.品种,四级
management,'mænɪdʒmənt,,n.管理； 处理； 管理部门； 管理人员,四级
publish,'pʌblɪʃ,,vt.公布， 发表； 出版， 刊印,四级
realm,rɛlm,,n.界， 领域， 范围； 王国， 国度,四级
correspondent,",kɔrə'spɑndənt",,n.通讯员， 记者,四级
avoid,ə'vɔɪd,,vt.避免， 躲开； 撤销,四级
renew,rɪ'nʊ,,v.重新开始， 继续； 更新； 恢复； 延长有效期,四级
bid,bɪd,,n.企图，努力；喊价，出价，投标 vt.喊价， 投标， 出； 祝， 表示； 命令,四级
prompt,prɑmpt,,a.敏捷的，及时的 vt.促使，推动；提示 n.提示台词， 提示,四级
astonish,ə'stɑnɪʃ,,vt.使惊讶， 使吃惊,四级
comprehensive,ˌkɑːmprɪˈhensɪv,,a.广泛的， 综合的； 理解的,四级
tunnel,'tʌnl,,v.挖， 开 n.隧道，坑道，地道,四级
withdraw,wɪð'drɔ,,v.收回， 撤回； 撤退,四级
assign,ə'saɪn,,vt.指派， 分配， 布置； 指定,四级
elaborate,ɪ'læbəret,,a.复杂的； 精心制作的 v.详述， 详细制订,四级
feather,'fɛðɚ,,n.羽毛， 翎毛,四级
corridor,'kɔrɪdɔr,,n.走廊， 回廊， 通路,四级
decade,'dɛked,,n.十年， 十年期,四级
expert,"'ɛkspɝt; (for adj., also) ɛksˈpɝt ; ɪkˈspɝt",,a.熟练的 n.专家,四级
select,sə'lɛkt,,a.精选的， 挑选出来的； 优等的， 第一流的 vt.选择，挑选,四级
fulfill,ful'fɪl,,vt.履行， 实现， 完成； 满足， 使满意,四级
crowd,kraʊd,,v.聚集； 挤满； 挤； 推 n.群，一批,四级
congress,'kɑŋɡrəs,,n.代表大会； [C-]国会， 议会,四级
advanced,əd'vænst,,a.先进的； 高级的； 年迈的； 后阶段的,四级
mechanical,mɪ'kænɪkəl,,a.机械的， 机械制造的； 机械学的， 力学的； 呆板的,四级
recommendation,",rɛkəmɛn'deʃən",,n.推荐， 推荐信； 建议； 优点， 可取之处,四级
welfare,'wɛl'fɛr,,n.幸福； 福利， 福利救济,四级
flourish,ˈflɜːrɪʃ,,vi.繁荣，茂盛，兴旺 vt.挥动,四级
output,'aʊtpʊt,,n.产量；输出；输出功率 vt.输出,四级
fatigue,fə'tig,,v.疲劳 n.疲劳，劳累,四级
striking,'straɪkɪŋ,,a.显著的， 突出的； 惹人注目的， 容貌出众的,四级
vessel,'vɛsl,,n.容器； 船； 飞船； 管,四级
majority,mə'dʒɔrəti,,n.多数， 大多数,四级
drag,dræg,,v.拖，拉；迫使，硬拉；拖着脚步走 n.累赘； 一吸， 一抽,四级
crown,kraʊn,,n.王冠， 冕,四级
likely,'laɪkli,,ad.可能 a.可能的；适合的,四级
inquire,ɪn'kwaɪr,,v.打听， 询问； 调查,四级
gymnasium,dʒɪm'nezɪəm,,n.体育馆， 健身房,四级
issue,'ɪʃu,,v.发行， 分发， 发出 n.问题；发行，分发,四级
vain,ven,,a.徒劳的； 自负的,四级
lower,'loɚ,,a.较低的；下面的 vt.放下， 降低,四级
index,'ɪndɛks,,n.索引； 指数， 指标,四级
fry,fraɪ,,vt.油煎， 油炸， 油炒,四级
youngster,'jʌŋstɚ,,n.青年， 年轻人， 孩子,四级
odd,ɑd,,a.奇特的； 临时的； 奇数的； 单只的； 剩余的， 挂零的,四级
lung,lʌŋ,,n.肺,四级
conservation,",kɑnsɚ'veʃən",,n.保存； 保护； 守恒,四级
distraction,dɪ'strækʃən,,n.分心的事； 心烦意乱； 精神错乱； 娱乐， 消遣,四级
supplement,'sʌplɪmənt,,n.增补， 补充； 增刊， 副刊 vt.增补， 补充,四级
contrast,'kɑntræst,,vi.形成对比， 对比之下显出区别 n.对比， 对照； 反差 vt.对比，对照,四级
paragraph,'pærəɡræf,,n.段， 节,四级
judgement,'dʒʌdʒmənt,,n.意见； 审判； 判断,四级
proportion,prə'pɔrʃən,,n.比例； 部分， 份儿； 均衡， 相称,四级
widen,'waɪdn,,v.加宽， 变宽,四级
crystal,'krɪstl,,n.水晶， 结晶体， 晶粒,四级
occurrence,ə'kʌrəns,,n.发生， 出现； 发生的事件,四级
inflation,ɪn'fleʃən,,n.通货膨胀； 膨胀,四级
thinking,'θɪŋkɪŋ,,a.深思的， 有理性的 n.想法，意见，见解,四级
cycle,'saɪkl,,n.循环（周期） v.骑自行车,四级
disposal,dɪ'spozl,,n.丢掉， 销毁； 处理； 排列， 布置,四级
settlement,'sɛtlmənt,,n.解决； 协议； 居留地,四级
delegate,"ˈdɛləgɪt; (for v.,) ˈdɛləˌgeɪt",,n.代表， 代表团成员 vt.委派…为代表； 授 ， 把…委托给,四级
literature,lɪtərəˌtʃʊr,,n.文学， 文学作品； 文献， 图书资料,四级
sphere,sfɪr,,n.球， 球体； 范围,四级
inquiry,"ɪn'kwaɪri; 'ɪn,kwaɪri; 'ɪnkwəri; 'ɪŋkwaɪri",,n.询问， 打听； 调查,四级
prejudice,'prɛdʒədɪs,,n.偏见，成见 vt.使有偏见； 对…不利， 损害,四级
dissolve,dɪ'zɑlv,,v.溶解； 解散； 消失， 减弱； 结束,四级
digest,daɪ'dʒɛst,,vt.消化； 领会 n.文摘； 摘要,四级
angle,'æŋɡl,,n.角， 角度； 观点， 立场,四级
immigrant,'ɪmɪɡrənt,,n.移民， 侨民,四级
tradition,trə'dɪʃən,,n.传统， 惯例,四级
ability,əˈbɪlətɪ,,n.能力， 本领； 才能， 才智,四级
urgent,'ɝdʒənt,,a.紧急的， 急迫的,四级
belief,bɪ'lif,,n.信任， 相信； 信念,四级
bundle,'bʌndl,,n.捆，包，束；包袱 vt.收集， 归拢； 把…塞入,四级
suggestion,sə'dʒɛstʃən,,n.建议， 意见； 细微的迹象； 暗示,四级
systematic,'sɪstə'mætɪk,,a.有系统的， 有计划的,四级
cupboard,'kʌbɚd,,n.柜橱；  碗碟橱， 食橱,四级
generally,'dʒɛnrəli,,ad.一般地， 通常地； 普遍地,四级
bacon,'bekən,,n.咸肉,四级
likewise,'laɪkwaɪz,,ad.同样地； 也， 又,四级
slender,'slɛndɚ,,a.细长的， 苗条的； 微薄的， 不足的,四级
troublesome,'trʌblsəm,,a.令人烦恼的， 麻烦的,四级
instruction,ɪn'strʌkʃən,,n.命令， 指示； 用法说明； 教学， 教导,四级
oral,'ɔrəl,,a.口头的； 口的,四级
married,'mærɪd,,a.已婚的； 婚姻的,四级
transaction,træn'zækʃən,,n.办理， 处理； 交易， 业务； 会报， 学报,四级
conscious,'kɑnʃəs,,a.意识到的， 自觉的； 神志清醒的； 有意的， 存心的,四级
fur,fɝ,,n.软毛， 毛皮， 裘皮； 毛皮衣服,四级
auto,'ɔto,,n.汽车,四级
sigh,saɪ,,vi.叹气， 叹息 n.叹息,四级
constant,'kɑnstənt,,a.经常的，不断的，连续发生的；永恒的；忠实的，忠诚的 n.常数， 恒量,四级
pants,pænts,,n.长裤， 便裤； 内裤,四级
mislead,'mɪs'lid,,vt.给…错误印象， 使误解； 把…带错路； 使误入歧途,四级
split,splɪt,,v.分裂，分离；被撕裂，裂开；分担，分享 n.裂口,四级
orchestra,'ɔrkɪstrə,,n.管弦乐队,四级
publication,",pʌblɪ'keʃən",,n.出版， 发行； 公布， 发表,四级
sufficient,səˈfɪʃənt,,a.足够的， 充分的,四级
claim,klem,,vt.声称，主张；对…提出要求，索取；以…为其成果；需要，值得 n.要求， 认领， 索赔； 声称； 断言,四级
antique,æn'tik,,a.古时的， 过时的 n.古物，古董,四级
sow,so,,v.播， 播种,四级
widespread,ˈwʌɪdsprɛd,,a.分布广的， 普遍的,四级
petroleum,pə'trolɪəm,,n.石油,四级
communication,"kə,mjunɪ'keʃən",,n.通讯， 交流， 交际； 通信工具， 交通联系,四级
directly,dəˈrektli,,ad.直接地； 正好地， 截然； 立即,四级
tolerance,'tɑlərəns,,n.忍受， 容忍， 忍耐力； 公差,四级
kneel,nil,,vi.跪， 跪下， 跪着,四级
porter,'pɔrtɚ,,n.搬运工人； 看门人， 大楼管理员,四级
fasten,'fæsən,,v.扎牢， 扣住,四级
contest,kən'tɛst,,n.竞赛， 争夺 vt.争夺， 与…竞争； 对…提出质疑， 辩驳,四级
author,'ɔθɚ,,n.著作家， 作者,四级
dirt,dɝt,,n.灰尘， 土； 污物， 污垢,四级
astrophysics,",æstro'fɪzɪks",,n.天体物理学,四级
greenhouse,'ɡrinhaʊs,,n.温室， 暖房,四级
preserve,prɪ'zɝv,,vt.保护， 维持； 保存； 腌制,四级
plus,plʌs,,a.表示加的；正的 prep.加，加上 n.加号， 正号,四级
establish,ɪˈstæblɪʃ,,vt.建立， 设立； 确立； 证实,四级
expansion,ɪk'spænʃən,,n.扩大， 扩充， 扩张， 膨胀,四级
relevant,'rɛləvənt,,a.有关的， 切题的,四级
entry,'ɛntri,,n.入口处； 登记； 进入； 参赛者名单； 条目,四级
license,'laɪsns,,n.许可，执照 vt.准许,四级
synthetic,sɪn'θɛtɪk,,a.综合的， 合成的； 虚假的,四级
headquarters,'hɛdkwɔrtɚz,,n.司令部， 总部,四级
expand,ɪk'spænd,,vt.扩大， 使膨胀,四级
gaze,ɡeɪz,,n&vi.凝视， 盯， 注视,四级
essay,'ɛse,,n.短文， 散文， 小品文,四级
survey,ˈsɝˌve; (for v.) sɝˈve,,vt.俯瞰； 检查； 测量 n.调查， 勘察； 测量， 勘测； 全面审视， 概括论述,四级
plug,plʌɡ,,n.插头，插座；塞子，栓 vt.把…塞住， 用…塞住,四级
bunch,bʌntʃ,,vi.集中， 挤在一起； 形成一束 n.群，伙；束，串，捆 vt.使成一束,四级
thermometer,θɚ'mɑmɪtɚ,,n.温度计， 寒暑表,四级
tense,tɛns,,a.拉紧的；紧张的 v.拉紧， 绷紧 n.时态,四级
postpone,po'spon,,vt.延迟， 延期,四级
bride,braɪd,,n.新娘,四级
favourable,'feivərəbl,,a.有利的， 赞成的； 顺利的,四级
hammer,'hæmɚ,,v.锤击 n.锤，榔头,四级
candy,ˈkændɪ,,n.糖果,四级
seal,sil,,n.封铅，封条；印，图章；海豹 vt.封,四级
mental,'mɛntl,,a.心理的， 精神的， 思想上的； 精神病的； 智力的,四级
decent,'disnt,,a.像样的， 过得去的， 体面的； 宽厚的， 大方的； 正派的； 合乎礼仪的， 得体的,四级
storage,'stɔrɪdʒ,,n.贮藏； 贮藏量,四级
investigate,ɪn'vɛstɪɡet,,v.调查， 研究,四级
racial,'reʃl,,a.种族的， 人种的,四级
switch,swɪtʃ,,v.转换， 改变 n.开关，电闸；转换，改变,四级
niece,nis,,n.侄女， 外甥女,四级
considerable,kən'sɪdərəbl,,a.相当大的； 重要的,四级
auxiliary,ɔːɡ'zɪlɪəri,,a.辅助的， 附属的； 后备的,四级
heal,hil,,vi.愈合， 痊愈， 恢复健康 vt.使愈合，治愈，使康复；调停，消除,四级
reserve,rɪ'zɝv,,vt.保留，留存；预订 n.储备； 保留； 拘谨， 矜持； 替补队员， 后备部队； 自然保护区,四级
somehow,'sʌmhaʊ,,ad.由于某种原因， 不知怎么的； 以某种方式,四级
dive,daɪv,,vi.跳水； 潜水；  俯冲,四级
brick,brɪk,,n.砖， 砖块， 砖状物,四级
sympathy,'sɪmpəθi,,n.同情； 一致， 支持， 赞同,四级
heap,hip,,n.堆， 大量,四级
consumer,kən'sumɚ,,n.消费者， 用户， 消耗者,四级
rescue,'rɛskju,,n&vt.营救， 救援,四级
cripple,'krɪpl,,n.跛子；残疾人 vt.使跛； 使残疾,四级
highly,'haɪli,,ad.高度地， 极， 非常赞许地,四级
brief,brif,,a.简短的，短暂的 vt.向…介绍基本情况，做…的提要 n.概要， 摘要,四级
keyboard,'ki'bɔrd,,n.键盘,四级
initiative,ɪ'nɪʃətɪv,,n.主动性； 首创精神； 主动的行动， 倡议； 主动权,四级
recover,rɪ'kʌvɚ,,v.重新获得， 挽回； 恢复,四级
determine,dɪ'tɝmɪn,,vi.决意 vt.决定；查明；使下决心,四级
nature,'netʃɚ,,n.大自然； 本性； 性质,四级
social,'soʃl,,a.社会的； 交际的， 社交的,四级
medication,'mɛdɪ'keʃən,,n.药物治疗； 药物,四级
drill,drɪl,,v.钻， 打； 训练 n.钻头；操练，训练,四级
intelligent,ɪn'tɛlɪdʒənt,,a.聪明的， 理智的,四级
whilst,hwailst,,conj.当…的时候,四级
clerk,klɝk,,n.店员， 办事员， 职员,四级
lobby,'lɑbi,,v.向进行游说 n.大厅；休息室；院外活动集团,四级
acknowledge,ək'nɑlɪdʒ,,vt.承认， 承认…的权威； 告知收到， 确认； 对…表示感谢， 报偿,四级
equip,ɪ'kwɪp,,vt.装备， 配备； 使有准备,四级
radiation,",redɪ'eʃən",,n.放射物， 辐射能； 辐射,四级
Christian,'krɪstʃən,,a.基督教的 n.基督教徒，信徒,四级
pulse,pʌls,,vi.搏动， 跳动 n.脉搏；脉冲,四级
luxury,'lʌɡʒəri,,n.奢侈； 奢侈品,四级
spiritual,'spɪrɪtʃʊəl,,a.精神的， 心灵的； 宗教的,四级
worthwhile,'wɝθ'waɪl,,a.值得花时间的， 值得做的,四级
mould,məuld,,n.霉，霉菌；模型，铸模；性格，气质 vt.用模子做， 浇铸； 使形成， 把…铸造成,四级
increasingly,ɪn'krisɪŋli,,ad.日益， 越来越多地,四级
elbow,'ɛlbo,,n.肘，肘部 vt.用肘部， 用肘挤,四级
salad,'sæləd,,n.色拉， 凉拌菜,四级
strategic,strə'tidʒɪk,,a.对全局有重要意义的， 关键的； 战略的,四级
vary,ˈveri,,v.改变； 多样化,四级
readily,'rɛdɪli,,ad.乐意地， 欣然地； 容易地； 很快地， 立即,四级
stoop,stʊp,,v.俯身，弯腰；堕落，自贬 n.弯腰， 曲背,四级
upper,'ʌpɚ,,a.上面的， 地位较高的,四级
rocket,'rɑkɪt,,vi.迅速上升， 猛涨 n.火箭,四级
splendid,'splɛndɪd,,a.壮丽的； 极好的,四级
county,'kaʊnti,,n.郡， 县,四级
respondent,rɪ'spɑndənt,,n.回答者； 响应者； 被告,四级
episode,'ɛpɪsod,,n.一个事件； 插曲， 片段； 连续剧的一集,四级
convenience,kən'vinɪəns,,n.方便； 便利设施,四级
determination,dɪˌtɜːrmɪˈneɪʃn,,n.决心， 决定； 确定,四级
discipline,'dɪsəplɪn,,n.纪律；训练；惩罚；学科 vt.训练； 惩罚， 处罚,四级
behalf,bɪ'hæf,,n.利益,四级
evidently,'ɛvɪdəntli,,ad.明显地， 显然,四级
objective,əb'dʒɛktɪv,,a.客观的， 无偏见的 n.目标，目的,四级
injure,'ɪndʒɚ,,vt.伤害， 损害， 使遭受损伤,四级
victimize,'vɪktɪmaɪz,,vt.使受害， 使牺牲,四级
exert,ɪɡ'zɝt,,vt.尽； 运用,四级
province,'prɑvɪns,,n.省； 领域， 范围,四级
scandal,'skændl,,n.丑事， 丑闻； 流言蜚语； 反感， 愤慨,四级
horrible,ˈhɑːrəbl,,a.令人恐惧的， 可怕的； 骇人听闻的； 极讨厌的， 使人不愉快的； 糟透的,四级
estimate,"'ɛstə,met",,vt.估计； 评价 n.估计； 评价， 看法,四级
strengthen,'strɛŋθn,,vt.加强， 巩固,四级
drip,drɪp,,vi.滴下，漏水 n.水滴； 滴水声,四级
injury,'ɪndʒəri,,n.损害， 伤害； 受伤处,四级
exhibit,ɪɡ'zɪbɪt,,vt.显示；陈列，展览 n.展览品,四级
brand,brænd,,n.品牌；烙印 vt.铭刻， 打烙印于； 加污名于， 谴责,四级
mushroom,'mʌʃrʊm,,vi.迅速成长 n.蘑菇,四级
alcohol,'ælkəhɔl,,n.酒精， 乙醇,四级
choke,tʃok,,vt.使窒息； 塞满， 塞住,四级
proposal,prə'pozl,,n.提议， 建议； 求婚,四级
inevitable,ɪn'ɛvɪtəbl,,a.不可避免的， 必然的,四级
deny,dɪ'nai,,vt.否定， 否认； 拒绝…的要求,四级
miserable,'mɪzrəbl,,a.痛苦的； 悲惨的； 令人难受的,四级
recreation,",rɛkrɪ'eʃən",,n.娱乐活动， 消遣,四级
subtract,səb'trækt,,vt.减， 减去， 去掉,四级
allowance,ə'laʊəns,,n.津贴， 补贴； 零用钱,四级
portable,'pɔrtəbl,,a.便于携带的， 手提式的,四级
ancient,ˈenʃənt,,a.古代的， 古老的； 年老的， 看上去很老的,四级
glory,'ɡlɔri,,n.光荣， 荣誉的事； 美丽,四级
secondary,'sɛkəndɛri,,a.次要的， 第二的； 中等的； 辅助的， 从属的,四级
mission,'mɪʃən,,n.使命， 任务； 使团,四级
attorney,ə'tɝni,,n.律师， 代理人,四级
wander,'wɑndɚ,,vi.漫游， 闲逛， 漫步； 偏离正道； 走神， 恍惚,四级
adopt,ə'dɑpt,,vt.收养； 采用， 采取； 正式通过， 批准,四级
oppose,ə'poz,,vt.反对； 反抗,四级
singular,'sɪŋɡjəlɚ,,a.单数的； 非凡的， 奇特的； 独一无二的,四级
device,dɪ'vaɪs,,n.器械， 装置， 设备； 手段， 策略,四级
mainframe,'menfrem,,n.主机， 大型机,四级
motor,'motɚ,,n.发动机， 电动车,四级
minus,'maɪnəs,,a.负的 prep.减 n.负数；减号,四级
conservative,kən'sɝvətɪv,,a.保守的，守旧的；不时兴的，传统的 n.保守的人,四级
access,'æksɛs,,n.接近；通道，入口；接近的机会 vt.存取,四级
conference,'kɑnfərəns,,n.会议， 讨论会； 讨论， 商谈,四级
activity,ækˈtɪvətɪ,,n.活动； 活力； 行动,四级
primitive,'prɪmətɪv,,a.原始的，早期的；简单的；粗糙的 n.原人； 原始事物,四级
advisable,əd'vaɪzəbl,,a.明智的， 可取的,四级
dormitory,'dɔrmətɔri,,n.集体寝室， 宿舍,四级
overcome,",ovɚ'kʌm",,vt.战胜， 克服； 压倒， 使受不了,四级
cooperate,koʊˈɑːpəreɪt,,vi.合作， 协作； 配合,四级
cabin,'kæbɪn,,n.小屋； 船舱， 机舱,四级
sum,sʌm,,vi.共计 n.总数；金额；算术,四级
current,kɝ​ənt,,a.当前的， 通用的； 流行的， 流传的,四级
heel,hil,,n.脚后跟， 踵； 后跟,四级
variety,və'raɪəti,,n.多样化； 种类； 变种,四级
disturb,dɪ'stɝb,,vt.打扰， 扰乱； 弄乱； 使不安,四级
copper,'kɑpɚ,,n.铜； 铜币， 铜制器,四级
persist,pɚ'sɪst,,vi.坚持， 持续,四级
audio,'ɔdɪo,,a.听觉的， 声音的,四级
civilian,sə'vɪlɪən,,n.平民， 百姓,四级
pump,pʌmp,,n.泵 vt.抽， 泵送， 打气,四级
pierce,pɪrs,,vt.刺穿， 穿孔于,四级
teenager,'tinedʒɚ,,n.青少年,四级
apart,ə'pɑrt,,ad.成距离，相间隔；分开，除去 a.分离的， 分隔的,四级
calendar,'kæləndɚ,,n.日历， 历书， 历法,四级
offensive,ə'fɛnsɪv,,a.冒犯的，无礼的；进攻的，攻击性的 n.进攻， 攻势,四级
cartoon,kɑr'tun,,n.卡通画， 幽默画； 动画片， 卡通片,四级
speculate,'spɛkjə'let,,v.推测， 推断； 投机， 做投机买卖,四级
launch,lɔntʃ,,vt.发射，投射，发动；使下水 n.发射； 下水,四级
amid,ə'mɪd,,prep.在…中间， 在…之中， 被…围绕,四级
beloved,bɪ'lʌvd,,a.所钟爱的， 所爱戴的,四级
single,'sɪŋɡl,,a.单一的；独身的；单程的 n.单程票；,四级
confirm,kən'fɝm,,vt.证实， 肯定； 确认； 批准,四级
cement,sə'mɛnt,,n.水泥，胶泥 vt.黏结； 巩固， 使团结,四级
subway,'sʌbwe,,n.地道； 地铁,四级
gallon,'ɡælən,,n.加仑,四级
acquaint,ə'kwent,,vt.使认识， 使了解,四级
appoint,ə'pɔɪnt,,vt.任命， 委任； 约定， 指定,四级
elastic,ɪ'læstɪk,,a.有弹性的， 灵活的 n.松紧带,四级
assist,ə'sɪst,,vt.援助， 帮助， 协助,四级
vast,væst,,a.巨大的， 大量的； 浩瀚的,四级
intervene,",ɪntɚ'vin",,vi.干涉， 调停， 干预； 插入， 介入； 干扰， 打扰,四级
undergraduate,",ʌndɚ'ɡrædʒuət",,n.大学本科生,四级
symbol,'sɪmbl,,n.象征； 符号， 标志,四级
commercial,kə'mɝʃəl,,a.商业的， 商务的； 商品化的， 商业性的,四级
joint,dʒɔɪnt,,a.连接的； 共同的 n.接头，接缝；关节,四级
reasonable,'riznəbl,,a.通情达理的， 讲道理的； 合理的； 公道的； 尚好的， 过得去的,四级
available,ə'veləbl,,a.现成可使用的， 通用的； 可取的； 联系的； 可得到的,四级
confine,kən'faɪn,,vt.限制， 使局限； 使不外出， 禁闭,四级
advocate,ˈædvəkeɪt；-et,,vt.拥护， 提倡， 主张 n.拥护者， 提倡者； 辩护者， 律师,四级
frequency,'frikwənsi,,n.屡次； 次数， 频率,四级
horizontal,'hɔrə'zɑntl,,a.地平的， 水平的,四级
luggage,'lʌɡɪdʒ,,n.行李,四级
lick,lɪk,,vt.舔，舔吃；打败，克服；轻拍，吞卷 n.舔； 少量， 少许,四级
missile,'mɪsl,,n.导弹， 飞弹， 投射物,四级
dynamic,daɪ'næmɪk,,a.有活力的；动力的；不断变化的 n.动力； 动力学,四级
satisfactory,",sætɪs'fæktəri",,a.令人满意的,四级
military,'mɪlətɛri,,a.军事的，军用的 n.军队， 武装力量,四级
reluctant,rɪ'lʌktənt,,a.不情愿的， 勉强的,四级
generate,'dʒɛnəret,,vt.发生， 引起； 生殖,四级
unusual,ʌnˈjuʒəl,,a.不平常的， 少有的； 独特的， 与众不同的,四级
sector,'sɛktɚ,,n.部门， 部分； 防御地段， 防区； 扇形,四级
passion,'pæʃən,,n.激情， 热情； 酷爱,四级
extreme,ɪk'strim,,a.极度的；末端的 n.极端， 过分,四级
coil,kɔɪl,,n.卷，圈；线圈 vt.卷,四级
ensure,ɪn'ʃʊr,,vt.保证； 保护,四级
coordinate,ko'ɔrdɪnet,,a.同等的， 并列的 vt.协调， 调节 n.坐标,四级
organism,'ɔrɡənɪzəm,,n.生物， 有机体； 机体， 有机组织,四级
athlete,'æθlit,,n.运动员， 体育家,四级
epidemic,",ɛpɪ'dɛmɪk",,a.流行性的；传染的 n.流行病； 传播,四级
suppose,sə'poz,,vt.猜想， 假定， 让； [常用于被动语态]期望， 认为应该,四级
upright,'ʌpraɪt,,ad.挺直着， 竖立着 a.垂直的；正直的，诚实的,四级
remarkable,rɪ'mɑrkəbl,,a.值得注意的， 引人注目的； 异常的， 非凡的,四级
brake,brek,,v.制动； 刹住， 用闸使放慢速度 n.闸，刹车,四级
tube,tub,,n.管， 电子管， 显像管,四级
naval,'nevl,,a.海军的,四级
failure,'feljɚ,,n.失败， 失败的人； 失灵， 故障； 不履行,四级
accountancy,ə'kaʊntənsi,,n.会计工作； 会计学,四级
forge,fɔrdʒ,,vt.打制， 锻造； 伪造,四级
carpet,'kɑrpɪt,,n.地毯,四级
solve,sɑlv,,vt.解答； 解释； 解决,四级
hint,hɪnt,,v.暗示， 示意 n.暗示，示意；细微的迹象；建议,四级
knot,nɑt,,vi.打结 n.结；节疤；节 vt.把…打成结,四级
demonstrate,'dɛmən'stret,,vt.说明； 论证； 表露,四级
region,'ridʒən,,n.地区， 地带， 区域； 范围， 幅度,四级
support,sə'pɔrt,,vt.支撑；支持；供养；证实 n.支持， 支撑物， 支持者,四级
yearly,'jɪrli,,ad.一年一度地 a.每年的,四级
deceive,dɪ'siv,,vt.欺骗， 蒙蔽， 行骗,四级
saucer,'sɔsɚ,,n.茶托， 碟子,四级
hire,'haɪɚ,,n&vt.租用； 雇用,四级
kid,kɪd,,v.戏弄， 开玩笑 n.小孩；年轻人,四级
donkey,ˈdɑŋkɪ,,n.驴； 笨蛋,四级
destination,",dɛstɪ'neʃən",,n.目的地， 终点， 目标,四级
vertical,'vɝtɪkl,,a.垂直的， 竖式的,四级
learning,'lɝnɪŋ,,n.学习； 学问， 知识,四级
monument,'mɑnjumənt,,n.纪念碑， 纪念馆； 历史遗迹,四级
misconception,'mɪskən'sɛpʃən,,n.误解,四级
damp,dæmp,,a.潮湿的，微湿的 n.潮湿，湿气 vt.使潮湿； 使沮丧； 抑制,四级
vivid,'vɪvɪd,,a.鲜艳的； 生动的， 栩栩如生的,四级
honey,'hʌni,,n.蜜， 蜂蜜； 甜， 甜蜜； [常用于称呼] 宝贝儿,四级
screw,skru,,n.螺丝 vt.固定， 拧紧,四级
gap,ɡæp,,n.缺口； 间隔； 差距； 缺陷,四级
missing,'mɪsɪŋ,,a.缺掉的， 失踪的,四级
emphasize,'ɛmfəsaɪz,,vt.强调， 着重,四级
virtue,'vɝtʃʊ,,n.善， 美德； 优点， 长处,四级
normal,'nɔrml,,a.正常的， 平常的； 正规的， 规范的,四级
socialist,'soʃəlɪst,,n.社会主义者,四级
gradual,'ɡrædʒuəl,,a.逐渐的， 渐进的； 坡度平缓的,四级
figure,'fɪɡjɚ,,v.出现； 合乎情理； 计算； 认为， 猜想 n.数字；人物；算术；体形，体态；轮廓；画像，塑像；图，图形,四级
ore,ɔr,,n.矿， 矿石,四级
slight,slaɪt,,a.轻微的，微小的 v.侮慢；轻视，冷落,四级
previous,'privɪəs,,a.先的， 前的； 以前的,四级
transmit,trænzˈmɪt,,vt.传送， 传递； 传染； 播送， 发射,四级
socialism,'soʃəlɪzəm,,n.社会主义,四级
consumption,kən'sʌmpʃən,,n.消耗， 消费,四级
argue,'ɑrgjʊ,,vi.争辩， 争论 vt.争论，争辩，辩论；主张；说服,四级
technology,tɛkˈnɑlədʒɪ,,n.工艺学； 工艺， 技术,四级
weaken,'wikən,,v.削弱， 变弱,四级
voltage,'voltɪdʒ,,n.电压,四级
damn,dæm,,interjection.该死，见鬼〔表示很生气或失望〕 ad.非常，很 a.该死的〔表示对某人或某事物生气〕,四级
superior,sʊˈpɪrɪɚ,,a.上级的，较高的；优越的；有优越感的，高傲的 n.上级， 长官,四级
location,lo'keʃən,,n.位置， 场所； 外景拍摄地,四级
compensation,",kɑmpɛn'seʃən",,n.补偿， 赔偿,四级
bankrupt,'bæŋkrʌpt,,a.破产的,四级
punctual,'pʌŋtʃʊəl,,a.严守时刻的， 准时的,四级
advertise,'ædvɚtaɪz,,vt.为…做广告， 宣传； 公告； 登广告,四级
compromise,'kɑmprəmaɪz,,v.妥协； 危及； 放弃 n.妥协，和解，折中办法,四级
sack,sæk,,n.麻袋，包；解雇；洗劫，劫掠 vt.解雇； 洗劫， 劫掠,四级
software,'sɔftwɛr,,n.软件,四级
seminar,'sɛmɪnɑr,,n.研究班， 研讨会,四级
comparative,kəm'pærətɪv,,a.比较的， 相对的,四级
competition,",kɑmpə'tɪʃən",,n.竞争， 比赛,四级
fruitful,'frutfl,,a.多产的， 肥沃的,四级
react,ri'ækt,,vi.反应， 作出反应,四级
dragon,'dræɡən,,n.龙,四级
hesitant,'hɛzɪtənt,,a.犹豫的； 吞吞吐吐的,四级
beyond,bɪ'jɑnd,,ad.在更远处， 再往后 prep.在…的那边，远于；迟于；越出,四级
hell,hɛl,,n.地狱； 极大的痛苦,四级
feedback,'fidbæk,,n.回授， 反馈， 反应,四级
hazard,'hæzɚd,,n.危险；公害 vt.尝试着做； 冒…风险,四级
justify,'dʒʌstə'fai,,vt.证明…是正当的,四级
voluntary,'vɑləntɛri,,a.自愿的， 志愿的,四级
connection,kə'nɛkʃən,,n.联系， 关系； 连接， 衔接； 连贯性； 熟人， 关系,四级
proof,pruf,,a.耐…的， 能防…的 n.证据，证明；校样，样张,四级
timber,'tɪmbɚ,,n.木材， 原木； 大木料， 栋木,四级
roar,rɔr,,v.吼叫，怒号，咆哮；轰鸣；大声喊出，大声表示 n.呐喊声， 咆哮声， 吼叫声； 轰鸣,四级
presence,'prɛzns,,n.出席， 到场； 存在； 仪表， 仪态,四级
phase,fez,,n.阶段； 方面； 相， 相位,四级
surrounding,sə'raʊndɪŋ,,a.附近的；四周的,四级
efficiency,ɪˈfɪʃənsɪ,,n.效率； 功效， 效能,四级
overhead,",ovɚ'hɛd",,ad.在头顶上 a.在头顶上的，架空的 n.经常费用， 管理费用,四级
contract,'kɑntrækt,,v.缩小； 订合同； 感染， 染上 n.契约， 合同,四级
conclude,kən'klud,,v.推断出， 推论出； 结束， 终了； 缔结， 议定,四级
comprehension,",kɑmprɪ'hɛnʃən",,n.理解， 理解力， 领悟； 理解力测验,四级
beggar,'bɛɡɚ,,n.乞丐 vt.使贫穷,四级
leather,'lɛðɚ,,n.皮革， 皮革制品,四级
comb,kom,,n.梳子；鸡冠，冠状物 vt.梳理； 在…搜寻； 彻底搜查,四级
innovative,'ɪnəvetɪv,,a.创新的， 革新的,四级
insight,'ɪn'saɪt,,n.洞察力； 洞悉； 深刻见解,四级
fabric,'fæbrɪk,,n.织物， 纺织品； 结构,四级
revolutionary,'rɛvə'lʊʃə'nɛri,,a.革命的，革新的 n.革命者,四级
following,'fɑloɪŋ,,a.接着的，下列的 n.一批追随者,四级
exact,ɪɡ'zækt,,a.确切的，精确的 vt.强求， 索取,四级
indoor,'ɪndɔr,,ad.在室内， 在户内 a.室内的,四级
force,fɔrs,,vt.强迫；用力推动，用力打开 n.军队， 兵力； 暴力， 武力； 力， 力气； 影响力， 效力,四级
centigrade,'sɛntɪɡred,,a.百分度的； 摄氏的,四级
sexual,sɛkʃʊəl,,a.性的， 两性的； 性别的,四级
sympathetic,",sɪmpə'θɛtɪk",,a.同情的； 和谐的； 赞同的， 支持的； 合意的,四级
freight,fret,,n.货运；货物；运费 vt.运送,四级
range,rendʒ,,v.变动； 漫游， 四处搜索； 使排列成行 n.一系列；范围；射程，距离；脉；射击场,四级
distribution,'dɪstrə'bjʊʃən,,n.分发， 分配； 分布,四级
tyre,'taɪɚ,,n.轮胎， 车胎,四级
derive,dɪ'raɪv,,v.取得； 起源,四级
capacity,kə'pæsəti,,n.容量； 能力， 才能； 能量； 身份， 地位,四级
cope,kop,,vi.应付， 处理,四级
overseas,",ovɚ'siz",,ad.在海外 a.在海外的,四级
impress,ɪm'prɛs,,vi.给人印象，引人注目 vt.给…深刻印象；印，压印 n.印记； 特征,四级
confess,kən'fɛs,,vt.供认， 坦白； 承认,四级
leak,lik,,v.漏；泄露 n.漏洞,四级
ghost,ɡost,,n.鬼， 灵魂， 鬼魂,四级
feature,'fitʃɚ,,vi.起重要作用 n.特征，特色；面貌；特写，专题节目；故事片 vt.突出；由…主演,四级
lean,lin,,v.倾斜；屈身；靠 a.瘦的； 贫瘠的,四级
flat,flæt,,ad.平直地； 直截了当地 a.平的；固定的；漏气的；平淡的；沉闷的；浅的 n.一套房间，单元住宅,四级
recall,'rikɔl,,v.回忆； 召回， 叫回； 收回， 撤销,四级
leap,lip,,v.跳，跃 n.跳跃； 骤变,四级
waterproof,'wɔtɚpruf,,a.不透水的， 防水的,四级
barber,'bɑrbɚ,,n.理发师,四级
precise,prɪ'saɪs,,a.精确的， 准确的； 严谨的,四级
sensible,'sɛnsəbl,,a.明智的； 合情理的； 有知觉的,四级
objection,əb'dʒɛkʃən,,n.反对， 异议； 反对的理由,四级
dispute,'dɪs'pjʊt,,v.争论， 争执； 对…表示异议 n.争论,四级
precious,'prɛʃəs,,a.珍贵的， 宝贵的,四级
observation,",ɑbzɚ'veʃən",,n.注意， 观察； 言论， 评论； 观察资料,四级
tremble,'trɛmbl,,vi.发抖，哆嗦；摇动 n.颤抖； 摇晃， 摇动,四级
suspect,sʌspɛkt; (for v.) səˈspɛkt,,a.可疑的， 不信任的 vt.疑有；推测；对…表示怀疑 n.嫌疑犯，可疑分子,四级
apologize,ə'pɑlədʒaɪz,,vi.道歉， 谢罪， 认错,四级
inhabitant,ɪn'hæbɪtənt,,n.居民， 住户,四级
fraction,'frækʃən,,n.小部分； 片断； 分数,四级
filter,'fɪltɚ,,v.过滤，透；走漏 n.滤纸， 过滤嘴,四级
sunlight,'sʌnlaɪt,,n.日光， 阳光,四级
site,saɪt,,n.地点，场所 vt.使坐落在； 设置,四级
emotion,ɪ'moʃən,,n.情感， 感情； 激动,四级
massive,'mæsɪv,,a.大的， 大而重的； 大块的； 大量的， 大规模的,四级
cease,sis,,v.停止， 终止,四级
assess,ə'sɛs,,vt.对估价； 评价， 评论,四级
asset,'æsɛt,,n.资产， 财产； 有价值的特性或技能， 优点,四级
owe,o,,vt.欠； 应把…归功于； 感激， 感恩,四级
scarce,skɛrs,,a.缺乏的， 不足的； 稀少的， 罕见的,四级
minimum,'mɪnɪməm,,a.最低的， 最小的 n.最低限度；最小量,四级
queue,kju,,vi.排队等候 n.长队，行列,四级
mathematical,",mæθə'mætɪkl",,a.数学的,四级
apology,ə'pɑlədʒi,,n.道歉， 认错， 谢罪,四级
magic,'mædʒɪk,,a.有魔力的； 魔术的 n.魔法，魅力,四级
argument,'ɑrɡjumənt,,n.争论， 辩论； 理由； 说理， 论证,四级
reveal,rɪ'vil,,vt.揭露， 泄露； 展现， 显示,四级
data,'detə,,n.资料，数据,四级
theoretical,",θiə'rɛtɪkəl",,a.理论的,四级
adequate,ˈædɪkwət,,a.足够的； 可以胜任的,四级
utter,'ʌtɚ,,a.完全的，彻底的 vt.发出， 说， 讲,四级
onion,'ʌnjən,,n.洋葱； 洋葱类植物,四级
vibrate,vaɪ'breɪt,,v.颤动,四级
drum,drʌm,,v.有节奏地敲击 n.鼓，鼓状物；圆桶,四级
sausage,'sɔsɪdʒ,,n.香肠， 腊肠,四级
hopeful,'hopfl,,a.有希望的,四级
tremendous,trə'mɛndəs,,a.极大的， 非常的； 精彩的， 了不起的,四级
condense,kən'dɛns,,v.冷凝， 凝结； 浓缩， 压缩， 简缩,四级
barrier,'bærɪɚ,,n.栅栏； 检票口； 屏障； 障碍， 隔阂,四级
realistic,",riə'lɪstɪk",,a.现实的； 实际可行的； 现实主义的； 逼真的,四级
justice,'dʒʌstɪs,,n.正义， 公正； 司法,四级
create,krɪ'et,,vt.创造； 引起， 产生,四级
criminal,'krɪmɪnl,,a.犯罪的， 刑事的 n.犯人，罪犯，刑事犯,四级
tag,tæɡ,,vi.尾随 n.附加语；标签 vt.给…加上标签,四级
notebook,'notbʊk,,n.笔记本,四级
curious,'kjʊrɪəs,,a.好奇的； 奇怪的,四级
indirect,",ɪndə'rɛkt",,a.间接的， 婉转的,四级
individual,ˌɪndəˈvɪdʒʊəl,,a.个别的；独特的 n.个人， 个体,四级
resource,'risɔrs,,n.资源； 财力； 应付办法， 谋略,四级
ugly,'ʌɡli,,a.丑陋的； 可怕的,四级
nuisance,'nusns,,n.讨厌的东西,四级
tax,tæks,,n.税，税款；负担 vt.对…征税； 使负担重， 使费尽力气,四级
earthquake,'ɝθ'kwek,,n.地震， 大震荡,四级
excitement,ɪk'saɪtmənt,,n.刺激， 激动， 兴奋； 令人兴奋的事， 刺激的因素,四级
nightmare,'naɪt'mɛr,,n.噩梦； 可怕的事物， 无法摆脱的恐惧,四级
cord,kɔrd,,n.细绳， 粗线， 索； 灯芯绒裤,四级
ending,'ɛndɪŋ,,n.结尾， 结局； 死亡,四级
core,kɔr,,n.果实的心； 核心， 要点,四级
council,'kaʊnsl,,n.理事会， 委员会,四级
enforce,ɪn'fɔrs,,vt.实施， 执行； 强制， 强迫， 迫使,四级
embassy,'ɛmbəsi,,n.大使馆； 大使馆全体成员,四级
departure,dɪ'pɑrtʃɚ,,n.离开， 起程， 出发； 背离， 违背,四级
dash,dæʃ,,vi.猛冲，击碎 vt.使猛撞，飞奔；溅 n.猛冲； 破折号,四级
concrete,'kɑŋkrit,,a.实在的， 具体的 n.混凝土；具体物,四级
penalty,'pɛnəlti,,n.处罚， 惩罚； 罚金,四级
sociology,",sosɪ'ɑlədʒi",,n.社会学,四级
link,lɪŋk,,v.连接，联系 n.环节， 联系， 纽带,四级
flee,fli,,v.逃走， 逃掉， 逃离； 避开， 逃避,四级
distinct,dɪ'stɪŋkt,,a.与其他不同的； 清楚的， 明显的,四级
scale,skel,,n.大小，规模；等级，级别；天平，磅秤；比例；刻度，标度；鳞 vt.攀登， 爬越,四级
recovery,rɪ'kʌvəri,,n.恢复， 痊愈； 追回， 寻回， 收复,四级
hedge,hɛdʒ,,v.用篱笆围； 避免直接回答 n.篱笆，树篱；障碍物,四级
tune,tun,,n.调子；和谐 vt.调整， 调节； 为调音,四级
weep,wip,,v.哭泣， 流泪； 渗出,四级
aware,ə'wɛr,,a.知道的， 意识到的,四级
drama,'drɑmə,,n.戏剧， 剧本； 戏剧性事件,四级
security,sə'kjʊrəti,,n.安全， 保障； 抵押品； 证券,四级
limp,lɪmp,,a.软的；不强壮的 v.〔因一腿受伤而〕跛行，一瘸一拐地走 n.跛行,四级
award,ə'wɔrd,,n.奖，奖品；判定 vt.授予， 给予； 判给， 裁定,四级
organize,ɔrɡənˌaɪz,,vt.组织， 把…编组； 使有条理,四级
marriage,'mærɪdʒ,,n.结婚， 婚姻； 婚礼,四级
stove,stov,,n.炉， 火炉， 电炉,四级
alarm,ə'lɑrm,,n.惊恐；忧虑；警报 vt.使惊恐； 使担心,四级
weed,wid,,v.除草 n.杂草，野草,四级
continual,kən'tɪnjuəl,,a.连续的； 频频的,四级
herd,hɝd,,n.兽群，牧群 vt.放牧,四级
limb,lɪm,,n.肢， 臂， 腿； 树枝,四级
balloon,bə'lun,,n.气球， 玩具气球,四级
motion,'moʃən,,v.打手势， 示意 n.运动；手势，眼色，动作；提议,四级
limited,'lɪmɪtɪd,,a.有限的,四级
idle,'aɪdl,,a.空闲的，懒散的；无用的 v.虚度， 无所事事,四级
confidence,'kɑnfɪdəns,,n.信任， 信赖； 信心， 自信,四级
arbitrary,ˈɑːrbətreri,,a.随心所欲的， 专断的,四级
fearful,'fɪrfəl,,a.害怕的， 可怕的； 不安的， 忧虑的,四级
accent,'æksɛnt,,n.口音， 腔调； 重音,四级
passive,'pæsɪv,,a.被动的， 消极的,四级
fertilizer,'fɝtəlaɪzɚ,,n.肥料,四级
lorry,'lɔri,,n.运货汽车， 卡车,四级
carrier,'kærɪɚ,,n.运输工具， 运载工具； 带菌者； 载重架， 置物架,四级
fragment,'fræɡmənt,,v.成碎片 n.碎片，破片，碎块,四级
corresponding,",kɔrə'spɑndɪŋ",,a.相应的， 符合的,四级
response,rɪ'spɑns,,n.回答， 答复； 反应， 响应,四级
treaty,'triti,,n.条约， 协议， 协定,四级
responsive,rɪ'spɑnsɪv,,a.响应的； 敏感的， 易受影响的,四级
ounce,aʊns,,n.盎司,四级
challenge,'tʃælɪndʒ,,n.挑战；邀请比赛；艰巨的任务；怀疑，质问 vt.反对， 公然反抗； 向…挑战； 对…质疑,四级
emit,ɪ'mɪt,,vt.散发； 发射； 发表,四级
category,'kætəɡɔri,,n.种类， 类， 类别,四级
rival,'raɪvl,,a.竞争的，对抗的 n.竞争对手，敌手；可与匹敌的人 vt.与 …竞争； 与…匹敌， 比得上,四级
intend,ɪn'tɛnd,,vt.想要， 打算； 意思是； 打算使,四级
snap,snæp,,v.咔嚓折断，啪地绷断；吧嗒一声；猛咬；厉声说话，怒声责骂 a.仓促的， 突然的 n.吧嗒声；快照,四级
