word,phonetic,pos,definition,source
back,bæk,,"ad.回原处 n.背,后面 a.后面的 v.后退",托福
significant,sɪɡ'nɪfɪkənt,,"a.重要的,意义重大的",托福
skill,skɪl,,"n.技能,技巧",托福
public,'pʌblɪk,,"a.公共的,公开的 n.公众",托福
go,go,,"v.去,离开,进行",托福
fish,fɪʃ,,n.鱼 v.钓鱼,托福
set,sɛt,,"n.(一)套 v.放置,设定",托福
once,wʌns,,"ad.一次,曾经 conj.一旦…(就…)",托福
table,'tebl,,"n.桌子,表格",托福
demand,dɪ'mænd,,"n&v.要求,需要",托福
day,de,,"n.天,一昼夜,时期",托福
south,saʊθ,,n.南部 a.南方的 ad.在南方,托福
almost,'ɔlmost,,"ad.几乎,差不多",托福
local,ˈloʊkl,,"a.当地的,局部的 n.当地人",托福
open,'opən,,"a.开的,开放的 v.开",托福
cover,'kʌvɚ,,"v.(掩)盖,包括,报道 n.盖子,封面",托福
purpose,'pɝpəs,,"n.目的,意图",托福
reach,ritʃ,,"v.到达,伸出,达成 n.范围",托福
various,'vɛrɪəs,,"a.不同的,多样的,多方面的",托福
late,let,,"a.晚的,最近的 ad.迟,晚",托福
sometime,'sʌmtaɪm,,ad.将来(或过去)某个时候 a.以前的,托福
function,'fʌŋkʃən,,"n.功能,职务 v.运行,起作用",托福
able,'ebl,,"a.能够…的,得以…的",托福
allow,ə'laʊ,,"v.允许(…进入),同意给,承认",托福
middle,'mɪdl,,"n.中部,中间 a.中部的,中间的",托福
home,hom,,n.家(乡),托福
European,'jʊrə'piən,,a.欧洲的 n.欧洲人,托福
reason,ˈrizən,,"n.原因v分析,推理",托福
rise,raɪz,,"n&v.上升,升起",托福
member,'mɛmbɚ,,"n.成员,会员",托福
toward,tɔrd; təˈwɔrd,,"prep.向,朝,接近",托福
house,haʊs,,n.房屋 v.给…房子住,托福
characteristic,",kærəktə'rɪstɪk",,"n.特性,特征 a.特有的,典型的",托福
last,læst,,"a.刚过去的,最后的 ad.最后 v.持续",托福
location,lo'keʃən,,"n.位置,地点",托福
today,tə'de,,"n.今天,现今",托福
culture,'kʌltʃɚ,,"n.文化,文明",托福
infant,'ɪnfənt,,n.婴儿,托福
left,lɛft,,a.左边的 ad.向左 n.左边,托福
recent,'risnt,,"a.近来的,新近的",托福
Europe,'jʊrəp,,n.欧洲,托福
family,'fæməli,,"n.家,家庭",托福
site,saɪt,,"n.位置,地点 v.使位于,设置",托福
incorrect,",ɪnkə'rɛkt",,"a.不正确的,错误的",托福
agricultural,",ægrɪ'kʌltʃərəl",,a.农业的,托福
generally,'dʒɛnrəli,,"ad.通常,普遍地",托福
property,'prɑpɚti,,"n.财产,所有物",托福
atmosphere,'ætməsfɪr,,"n.大气,空气,气氛",托福
themselves,ðɛm'sɛlvz,,pron.他(她、它)们自己,托福
though,ðo,,"conj.尽管,虽然 ad.可是",托福
strong,strɔŋ,,"a.强烈的,坚强的,强壮的",托福
clear,klɪr,,a&ad.清晰的(地) v.清除 v.变清澈,托福
reduce,rɪ'dʊs,,"v.减少,缩小",托福
deposit,dɪ'pɑzɪt,,"v.沉淀,存放,堆积 n.存款,堆积物",托福
west,wɛst,,"n.西(方,部) a.西方(部)的 ad.向西方",托福
thus,ðʌs,,"ad.如此,因此",托福
cannot,'kænɑt,,conj.不能,托福
statement,'stetmənt,,"n.陈述,声明",托福
settle,'sɛtl,,"v.解决,定居,安顿",托福
melt,mɛlt,,"v.(使)融化,(使)消散,(使)逐渐消失",托福
Pacific,pə'sɪfɪk,,n.太平洋,托福
available,ə'veləbl,,"a.可利用的,可得到的,有空的",托福
direct,dɪˈrɛkt; daɪˈrɛkt,,"a&ad.直接的 v.对准,指导",托福
industry,'ɪndəstri,,"n.工业,产业",托福
language,'læŋɡwɪdʒ,,n.语言,托福
vary,ˈveri,,"v.改变,变化,使多样化",托福
glass,ɡlæs,,"n.玻璃,玻璃杯,[pl]眼镜",托福
range,rendʒ,,"n.范围,山脉 v.变动,排列",托福
subject,ˈsʌbdʒekt,,"n.主题,学科 v.使服从",托福
deep,dip,,a.深的 ad.深深地,托福
green,ɡrin,,"a.绿色的,生的 v.使…变绿",托福
charge,tʃɑrdʒ,,"v.指控,收费,充电",托福
travel,'trævl,,"n&v.旅行,移动,传播",托福
dry,draɪ,,"a.干的,干燥的 v.(使)变干",托福
role,rol,,"n.作用,角色",托福
establish,ɪˈstæblɪʃ,,"v.建立,确立,创办",托福
right,raɪt,,"a&ad.对(的),右(的) n.权利 v.扶直,纠正",托福
lower,'loɚ,,"a.较低的,下面的 v.降下,放低",托福
center,'sɛntɚ,,"n&a.中心(的) v.居中,使集中",托福
roman,'romən,,"a&n.罗马(的),罗马人(的)",托福
tend,tɛnd,,"v.易于,趋向 v.照料",托福
longer,'lɔŋɡɚ,,ad&a.比较久(的),托福
just,dʒʌst,,"ad.正好,仅仅,刚才 a.公平的",托福
lack,læk,,"v&n.缺乏,不足",托福
compare,kəm'pɛr,,"v.比较,对比,比喻 n.比较",托福
away,əˈwe,,"ad.在远处,离去",托福
insect,'ɪnsɛkt,,"n.昆虫,虫",托福
experience,ɪk'spɪrɪəns,,"n&vt.经历,经验",托福
measure,'mɛʒɚ,,"n.措施,量度,尺寸 v.测量",托福
replace,rɪ'ples,,"v.取代,替换,放回原处",托福
attract,ə'trækt,,v.吸引,托福
snow,sno,,n.雪 v.下雪,托福
salt,sɔlt,,"n.盐 v.腌,盐渍",托福
hunt,hʌnt,,"n&v.狩猎,追捕,搜寻",托福
clay,kle,,"n.黏土,泥土",托福
turn,tɝn,,"v.转动,扭转,(使)变成",托福
feature,'fitʃɚ,,"n.特征 v.以为特色,起作用",托福
marine,mə'rin,,"n.船舶,水兵 a.海(洋)的,海军(事)的",托福
weather,'wɛðɚ,,"n.天气,气象 v.风化,经受风雨(侵蚀)",托福
popular,'pɑpjəlɚ,,"a.流行的,通俗的,受欢迎的",托福
consider,kən'sɪdɚ,,"v.考虑,认为",托福
necessary,ˈnɛsəˌsɛri,,"a.必要的,必然的 n.必需品",托福
researcher,ri'sɝtʃɚ,,"n.研究者,调查者",托福
upper,'ʌpɚ,,"a.上面的,上部的",托福
wide,waɪd,,"a.宽阔的,广泛的",托福
forest,'fɔrɪst,,n.森林 v.种植于,托福
current,kɝ​ənt,,a.当前的 n.趋势,托福
learn,lɝn,,"v.学会,学习,得知",托福
select,sə'lɛkt,,"v.选择,挑选 a.精选的",托福
improve,ɪm'pruv,,"v.改善,改进",托福
western,'wɛstɚn,,"a.西方的,西部的 n.西方人",托福
lake,lek,,n.湖,托福
value,'vælju,,"n.价值 v.评估,重视",托福
factory,'fæktri,,"n.工厂,制造厂",托福
school,skul,,"n.学校,学院 v.教育",托福
warm,wɔrm,,"a&ad.温暖的 v.变暖,使暖和",托福
scientific,",saɪən'tɪfɪk",,a.科学的,托福
raise,rez,,"n.上升,增高 v.升起,举起,提出",托福
political,pə'lɪtɪkl,,"a.政治的,政党的",托福
maintain,men'ten,,"v.维持,保持",托福
ant,ænt,,n.蚂蚁,托福
affect,ə'fɛkt,,"v.影响,作用",托福
fit,fɪt,,"v.适合,适应,安装",托福
periodic,",pɪrɪ'ɑdɪk",,"a.周期的,定期的",托福
metal,'mɛtl,,n.金属 v.(以金属)覆盖、装配,托福
importance,ɪm'pɔrtns,,n.重要(性),托福
native,'netɪv,,"a.本国的,本土的,当地的 n.本地人",托福
identify,aɪ'dɛntɪfaɪ,,"v.识别,鉴定",托福
valley,'væli,,n.山谷,托福
specific,spɪ'sɪfɪk,,"a.特定的,具体的",托福
short,ʃɔrt,,"a.短的,矮的",托福
foot,fʊt,,"n.足,脚",托福
style,staɪl,,"n.风格,式样",托福
hard,hɑrd,,"a.硬的,困难的 ad.努力地,强烈地",托福
origin,'ɔrɪdʒɪn,,"n.起源,来源",托福
grain,ɡren,,"n.谷物,颗粒 v.形成(颗粒),(用谷物)喂养",托福
national,'næʃnəl,,"a.国家的,民族的",托福
near,nɪr,,ad.在近处 v&prep.靠(接)近 a.接近的,托福
person,'pɝsn,,n.人,托福
primary,'praɪmɛri,,"a.首要的,主要的,最初的 n.居首位的事物",托福
mammal,'mæml,,n.哺乳动物,托福
formation,fɔr'meʃən,,"n.形成,构成,编队",托福
deer,dɪr,,n.鹿,托福
complex,"kəm'plɛks; 'kɑm,plɛks",,"a.复杂的,复合的",托福
past,pæst,,"a.以前的 prep&ad.经过,过 n.过去",托福
say,se,,"v.说,表明",托福
flow,flo,,"n&v.流动,淹没",托福
break,brek,,"n.休息 v.打破,弄坏",托福
low,ləʊ,,"a&ad.低(的),低下(的)",托福
seed,sid,,n.种子 v.播种,托福
perhaps,pɚ'hæps,,"ad.也许,可能",托福
steam,stim,,"n.蒸汽v蒸,蒸发",托福
picture,'pɪktʃɚ,,"n.画,照片 v.描绘,构想",托福
east,ist,,n.东(方，部)a东方(部)的 ad.向东方,托福
agriculture,'æɡrɪkʌltʃɚ,,"n.农业,农学",托福
particle,'pɑrtɪkl,,"n.微粒,极小量",托福
aspect,'æspɛkt,,"n.方面,外观",托福
industrial,ɪn'dʌstrɪəl,,"a.工业的,产业的",托福
field,fild,,"n.田地,领域",托福
experiment,ɪk'sperɪmənt,,"n.试验 v.尝试,做实验",托福
itself,ɪt'sɛlf,,pron.它自己,托福
relate,rɪ'let,,"v.叙述,使有联系,有关联",托福
yet,jɛt,,"ad.还,已经 conj.然而",托福
instrument,'ɪnstrəmənt,,"n.仪器,工具",托福
speed,spid,,"n.速度 v.加速,急行",托福
thousand,'θaʊznd,,"n.一千(个),许许多多,成千上万",托福
print,prɪnt,,"v.印刷,冲洗(照片)",托福
therefore,'ðɛrfɔr,,"ad.因此,所以",托福
tradition,trə'dɪʃən,,"n.传统,惯例",托福
goods,ɡʊdz,,"n.货物,商品",托福
represent,",rɛprɪ'zɛnt",,"v.代表,表现,描绘",托福
iceberg,'aɪs'bɝg,,"n.冰山,冷若冰霜的人",托福
our,aʊr,,pron.我们的,托福
man,mæn,,"n.男人,人(类)",托福
store,stɔr,,"v.储存,贮藏 n.商店",托福
depend,dɪ'pɛnd,,"v.依靠,取决于",托福
heavy,'hɛvi,,"a&ad.重的,大量的",托福
general,'dʒɛnrəl,,"a.普遍的,概括的",托福
story,'stɔri,,"n.故事,小说",托福
technology,tɛk'nɑlədʒi,,"n.工艺,技术",托福
rain,reɪn,,n.雨 v.下雨,托福
contrast,'kɑntræst,,"v&n.对比,对照",托福
predator,'prɛdətɚ,,"n.掠夺者,食肉动物",托福
against,ə'ɡɛnst,,"prep.反对,逆,防御",托福
survive,sɚ'vaɪv,,"v.活着,幸存",托福
biological,",baɪə'lɑdʒɪkl",,a.生物(学)的,托福
nature,'netʃɚ,,"n.自然(界),本性",托福
expression,ɪk'sprɛʃən,,"n.措辞,表达",托福
solar,'solɚ,,a.太阳(能)的,托福
teacher,'titʃɚ,,n.教师,托福
off,ɔf,,"ad.掉(下),离开,停止",托福
town,taʊn,,"n.城市,城镇",托福
architecture,'ɑrkə'tɛktʃɚ,,"n.建筑,建筑学",托福
train,tren,,"v.训练,培训",托福
contribute,kən'trɪbjut,,"v.捐助,贡献",托福
least,list,,"ad&a.最小的,最少的",托福
pass,pæs,,"v.通过,经过",托福
always,'ɔlwez,,"ad.总是,一直,始终,",托福
normal,'nɔrml,,"a.正常的,正规的",托福
mineral,'mɪnərəl,,"n.矿物,矿石",托福
primarily,praɪ'mɛrəli,,"ad.主要地,起初地",托福
knowledge,'nɑlɪdʒ,,"n.知识,学问",托福
ask,æsk,,"v.询问,请求,邀请",托福
observe,əb'zɝv,,"v.注意到,观察,监视",托福
simple,'sɪmpl,,"a.简单的,朴素的",托福
slow,sloʊ,,"a.慢的 v.放慢,减速",托福
canal,kə'næl,,"n.运河,沟渠",托福
craft,kræft,,"n.工艺,手艺",托福
name,nem,,n.名字 v.命名,托福
reflect,rɪ'flɛkt,,"v.反映,反射",托福
addition,ə'dɪʃən,,"n.加,增加,附加物",托福
argue,'ɑrgjʊ,,"v.说服,争论,辩论",托福
draw,drɔ,,"v.画,拖,移动",托福
theater,'θiətɚ,,"n.戏院,剧场",托福
above,ə'bʌv,,"prep.在…上方,多(大,高)于 ad.在上面",托福
especially,ɪ'spɛʃəli,,"ad.特别,尤其",托福
central,'sɛntrəl,,"a.中心的,主要的,重要的",托福
apply,ə'plaɪ,,"v.申请,应用",托福
quickly,'kwɪkli,,ad.快速地,托福
every,'ɛvri,,"a.每个,一切的,每隔",托福
successful,sək'sɛsfl,,"a.成功的,圆满的",托福
frequent,'frikwənt,,"a.频繁的,经常的",托福
surround,sə'raʊnd,,"v.包围,环绕",托福
practice,'præktɪs,,n&v.练习,托福
introduce,ˌɪntrə'dus,,"v.介绍,引进",托福
aggressive,ə'ɡrɛsɪv,,"a.侵略的,进攻性的",托福
act,ækt,,"v.行动,表演 n.行为",托福
Canada,'kænədə,,n.加拿大,托福
extreme,ɪk'strim,,"a.极度的,极端的 n.极端,过分",托福
test,tɛst,,"n&vt.试验,测试",托福
glacial,'ɡleʃl,,"a.冰川(期)的,非常冷的",托福
sense,sɛns,,"v.感觉,意识到",托福
eat,it,,v.吃,托福
single,'sɪŋɡl,,"a.单一的,单个的,独身的",托福
quality,'kwɑləti,,"n.质量,品质,性质",托福
teach,titʃ,,"v.讲授,教授",托福
continent,'kɑntɪnənt,,"n.大陆,洲",托福
cycle,'saɪkl,,"n.循环,周期 v.骑自行(摩托)车,循环",托福
previous,'privɪəs,,"a.以前的,先于,在之前",托福
northern,'nɔrðɚn,,"a.北方的,北部的",托福
separate,(for v.) sɛpəˌret; (for adj.) sɛprɪt,,"v.分开,隔开",托福
cost,kɔst,,"n.价格,成本 v.花费,使付出",托福
advantage,əd'væntɪdʒ,,"n.优势,有利条件 v.有利于",托福
transportation,",trænspɔr'teʃən",,n.运输(工具、系统),托福
discovery,dɪ'skʌvəri,,"n.发现,发现物",托福
stream,strim,,"n.小河,溪流 v.涌流(出)",托福
obtain,əb'ten,,"v.获得,得到",托福
recognize,ˈrɛkəɡˌnaɪz,,"v.认出,确认,意识到",托福
parent,'pɛrənt,,n.父母亲,托福
hypothesis,haɪ'pɑθəsɪs,,n.假设,托福
England,'iŋɡlənd,,n.英格兰,托福
rural,'rʊrəl,,a.农村的,托福
concern,kən'sɝn,,"v.有关于,使担心,",托福
get,ɡɛt,,"v.获得,得到",托福
substance,'sʌbstəns,,"n.物质,实质,主旨",托福
original,ə'rɪdʒənl,,"a.原始的,最初的",托福
easily,'izəli,,ad.容易地,托福
channel,'tʃænl,,"n.[常pl]通道,渠道",托福
belong,bɪ'lɔŋ,,v.属于,托福
construction,kən'strʌkʃən,,"n.建造,结构",托福
swim,swɪm,,n&v.游泳,托福
southern,'sʌðɚn,,"a.南的,南方的",托福
worth,wɝθ,,"prep.相当于…价值的,值得…的 n.价值",托福
run,rʌn,,"v.跑,运转,经营",托福
imply,ɪm'plai,,"v.暗示, 意味",托福
basic,'besɪk,,"a.基本的,基础的",托福
internal,ɪn'tɝnl,,"a.内在的,国内的",托福
crystal,'krɪstl,,n.水晶,托福
explanation,",ɛksplə'neʃən",,"n.解释,说明",托福
evolve,ɪ'vɑlv,,"v.演变,进化,发展",托福
hundred,'hʌndrəd,,"n.百,[pl]数以百计",托福
start,stɑrt,,"v.开始,出发",托福
beg,bɛɡ,,"v.请求,乞求",托福
rapid,'ræpɪd,,"a.快的,迅速的",托福
quantity,'kwɑntəti,,"n.量,数量",托福
illustrate,'ɪləstret,,"v.说明,阐明",托福
locate,ˈloˌket; loˈket,,"v.定位,把…设置在",托福
remove,rɪ'muv,,"v.移开,去除",托福
across,ə'krɔs,,"prep.穿过,在对面",托福
whose,huz,,"pron.谁的,那(些)人的",托福
typical,'tɪpɪkl,,"a.典型的,有代表性的",托福
matter,'mætɚ,,"n.事情,情况 v.要紧",托福
resource,'risɔrs,,n.资源,托福
eastern,'istɚn,,"a.东方的,东部的",托福
half,hæf,,"n&a.一半,半个的",托福
migration,maɪ'ɡreʃən,,"n.移居,迁移",托福
course,kɔrs,,"n.过程,课程",托福
date,det,,"n.日期,时期 v.追溯到",托福
merchant,'mɝtʃənt,,n.商人,托福
face,fes,,"n.脸 v.面向,面对",托福
coast,kost,,"n.海岸,海滨",托福
machine,mə'ʃin,,"n.机器,机械",托福
claim,klem,,"n&v.声称,要求",托福
religious,rɪ'lɪdʒəs,,a.宗教的,托福
twentieth,ˈtwentiəθ,,"num.第二十,二十分之一",托福
throughout,θrʊ'aʊt,,"prep.遍及,贯穿 ad.始终",托福
special,'spɛʃl,,"a.特别的,特殊的",托福
plate,pleɪt,,"n.盘子,碟",托福
mark,mɑːk,,"n.痕迹,记号 v.做标记",托福
atomic,ə'tɑmɪk,,"a.原子的,原子能的",托福
rapidly,'ræpɪdli,,ad.迅速地,托福
wood,wʊd,,"n.木头,木材",托福
leader,'lidɚ,,n.领导者,托福
fire,faɪr,,"n.火 v.开火,解雇,点燃",托福
entire,ɪn'taɪɚ,,"a.全部的,整个的",托福
plain,plen,,"n.平原,草原 a.清晰的,简单的",托福
extend,ɪk'stɛnd,,"v.延伸,扩展",托福
difficulty,'dɪfɪkəlti,,"n.困难,难点",托福
core,kɔr,,"n.核心,要点",托福
easy,'izi,,"a.容易的,轻松的",托福
constant,'kɑnstənt,,"a.不变的,持续的",托福
adult,'ædʌlt,,n.成年人,托福
consist,kən'sɪst,,"v.由组成,在于",托福
figure,'fɪɡjɚ,,"n.图形,外形 v.计算,认为",托福
cold,kold,,"a.(寒)冷的 n.(寒)冷,感冒",托福
education,",ɛdʒu'keʃən",,n.教育,托福
railroad,'relrod,,n.铁路 v.由铁道运输 v.在铁路公司工作,托福
law,lɔ,,n.法律,托福
unlike,'ʌn'laɪk,,a.不同的 prep.不象…,托福
expand,ɪk'spænd,,"v.扩大,扩展,膨胀",托福
brain,bren,,"n.脑,头脑",托福
carbon,'kɑrbən,,n.碳,托福
return,rɪ'tɝn,,"v.返回,恢复,归还",托福
cell,sɛl,,"n.单元,细胞",托福
either,'iðɚ,,ad.[否]也 a&pron.任一的,托福
company,'kʌmpəni,,n.公司,托福
grass,ɡræs,,n.草,托福
engine,'ɛndʒɪn,,"n.发动机,引擎",托福
stimulus,'stɪmjələs,,"n.促进(因素),刺激(物)",托福
hour,'aʊɚ,,"n.小时,钟点",托福
program,'proɡræm,,"n.节目,计划,程序 v.编程",托福
prevent,pri'vɛnt,,"v.防止,预防",托福
per,pɚ,,"prep.每,每一",托福
sell,sɛl,,"v.出售,卖",托福
damage,'dæmɪdʒ,,"v&n.损害,毁坏",托福
unusual,ʌn'jʊʒʊəl,,"a.异常的,独特的",托福
lie,laɪ,,"v.躺,说谎",托福
wall,wɔl,,"n.墙 v.围住,隔开",托福
landscape,'lænd'skep,,"n.风景,全景 v.美化",托福
brief,brif,,"n.摘要,大纲 a.简短的",托福
associate,ə'soʃɪet,,"v.联合,结交 n.伙伴 a.副的",托福
rare,rɛr,,"a.稀有的,珍奇的",托福
minor,'maɪnɚ,,"a.较小的,次要的",托福
artisan,'ɑrtəzn,,"n.工匠,技工",托福
meteorite,'mitɪəraɪt,,"n.陨石, 流星",托福
define,dɪ'faɪn,,"v.定义,详细说明",托福
cool,kul,,"v.冷却,(使)冷静",托福
oxygen,'ɑksɪdʒən,,n.氧,托福
daily,'delɪ,,"a.每日的,日常的",托福
Africa,ˈæfrɪkə,,n.非洲,托福
erosion,ɪ'roʒən,,"n.腐蚀,侵蚀",托福
want,wɑnt,,v.想要,托福
response,rɪ'spɑns,,"n.回答,响应,反应",托福
third,θɝd,,"num.第三,三分之一",托福
decade,'dɛked,,"n.十年,十",托福
emphasize,'ɛmfəsaɪz,,"v.强调,着重",托福
baby,bebɪ,,n.婴孩,托福
volcanic,vɑl'kænɪk,,"a.火山的,猛烈的",托福
organization,",ɔrɡənə'zeʃən",,"n.组织,机构,团体",托福
colonial,kə'lonɪəl,,a.殖民地的,托福
preserve,prɪ'zɝv,,"v.保护,保存",托福
detail,'ditel,,"n.细节,详情 v.详述",托福
bone,bon,,"n.骨,骨骼",托福
position,pə'zɪʃən,,"n.位置,职务,立场 v.安置",托福
protect,prə'tɛkt,,v.保护,托福
labor,'lebɚ,,n.工人 v.劳动,托福
degree,dɪ'ɡri,,"n.学位,程度,度数",托福
revolution,'rɛvə'lʊʃən,,n.革命,托福
read,"rid; (read, read) rɛd",,"v.读,理解",托福
positive,'pɑzətɪv,,"a.积极的,肯定的",托福
receive,rɪ'siv,,"v.接到,收到,接待",托福
route,raʊt,,"n.路线,途径",托福
statue,'stætʃu,,"n.塑像,雕像",托福
meter,'mitɚr,,"n.米,公尺",托福
jupiter,'dʒʊpətɚ,,n.木星,托福
organic,ɔr'gænɪk,,"a.有机(体)的,有机物的",托福
apparent,ə'pærənt,,"a.明显的,表面上的",托福
motion,'moʃən,,"n.运动,动作",托福
you,ju,,"pron.你,你们",托福
composition,",kɑmpə'zɪʃən",,"n.成分,作品,合成物",托福
stage,stedʒ,,"n.舞台,阶段",托福
cut,kʌt,,"v.切,割,剪",托福
vegetation,'vɛdʒə'teʃən,,"n.植物,草木",托福
winter,'wɪntɚ,,n.冬季 v.过冬,托福
eventually,ɪ'vɛntʃuəli,,"ad.最后,终于",托福
expose,ɪk'spoz；ek-,,"v.暴露,显露",托福
dinosaur,'daɪnə'sɔr,,n.恐龙,托福
literature,lɪtərəˌtʃʊr,,"n.文学,文献",托福
project,prəˈdʒɛkt; prɑdʒɛkt,,"n.计划,工程v设计,计划",托福
meet,mit,,"v.遇见,见面",托福
benefit,'bɛnɪfɪt,,"n.利益 v.有益于,得益",托福
whether,'wɛðɚ,,"conj.是否,不管,无论",托福
slowly,'sloli,,"ad.慢慢地,迟缓地",托福
thing,θɪŋ,,"n.东西,事情",托福
facial,'feʃl,,"a.脸部的,面部的",托福
liquid,'lɪkwɪd,,n.液体 a.液体的,托福
cultural,'kʌltʃərəl,,"a.文化的,教养的",托福
differ,'dɪfɚ,,"v.不同,有区别 n.区别",托福
never,'nɛvɚ,,"ad.决不,从未",托福
science,'saɪəns,,n.科学,托福
spread,sprɛd,,"v.传播,展开,散布",托福
whig,hwiɡ,,n.辉格党,托福
encourage,ɪn'kɝrɪdʒ,,"v.鼓励,促进,支持",托福
newspaper,'nuzpepɚ,,n.报纸,托福
party,'pɑrti,,"n.政党,聚会",托福
data,'detə,,"n.数据,资料",托福
coal,kol,,n.煤,托福
combine,kəm'baɪn,,"v.联合,使结合",托福
happen,'hæpən,,"v.发生,碰巧,出现",托福
five,faɪv,,"num.五,五个",托福
cretaceous,krɪ'teʃəs,,n&a.白垩纪(的),托福
book,bʊk,,n.书,托福
quite,kwaɪt,,"ad.相当,完全,十分",托福
already,ɔl'rɛdi,,ad.已经,托福
nearly,'nɪrli,,"ad.几乎,差不多",托福
collect,kə'lɛkt,,v.收集,托福
sand,sænd,,"n.沙,沙子",托福
hot,hɑt,,"a.热的,辣的,强烈的",托福
terrestrial,tə'rɛstrɪəl,,a.陆地的,托福
leaf,lif,,n.叶子,托福
sequence,'sikwəns,,"n.次序,顺序",托福
star,stɑr,,"n.星,明星 v.以星状物装饰,变成演员",托福
estimate,"'ɛstə,met",,"n&v.估计,估价",托福
drill,drɪl,,"n.钻子 v.练习,钻孔",托福
transport,'trænspɔrt,,n&v.运输,托福
groundwater,'graʊnd'wɔtɚ,,n.地下水,托福
international,",ɪntɚ'næʃnəl",,"a.国际的,世界的",托福
serve,sɝv,,"v.服务,担任",托福
favor,'fevɚ,,"n.好感 v.偏爱,支持",托福
root,rut,,"n.根 v.生根,扎根",托福
huge,hjudʒ,,"a.巨大的,庞大的",托福
put,pʊt,,"v.放,安置",托福
whale,wel,,n.鲸 v.捕鲸,托福
exchange,ɪks'tʃendʒ,,"v&n.交换,兑换",托福
ecosystem,"'ɛko,sɪstəm",,n.生态系统,托福
distance,'dɪstəns,,"n.距离,路程",托福
assume,ə'sum,,"v.假定,设想",托福
egg,ɛɡ,,n.蛋,托福
opinion,ə'pɪnjən,,"n.意见,看法",托福
principle,'prɪnsəpl,,"n.原理,原则",托福
global,'ɡlobl,,"a.全球性的,总的",托福
cause,kɔz,,"v.引起,使发生 n.原因",托福
eye,aɪ,,n.眼睛,托福
introductory,",ɪntrə'dʌktəri",,"a.引导的,介绍的",托福
weight,wet,,"n.重量,负担 v.加重量于",托福
variation,",vɛrɪ'eʃən",,"n.变化,变动",托福
sculpture,'skʌlptʃɚ,,"n.雕塑,雕刻",托福
student,'studnt,,n.学生,托福
bacteria,bæk'tɪrɪə,,n.细菌,托福
presence,'prɛzns,,"n.出席,存在",托福
accept,ækˈsɛpt; əkˈsɛpt,,"v.接受,承认,同意",托福
accumulate,ə'kjumjəlet,,"v.积聚,堆积",托福
colony,'kɑləni,,n.殖民地,托福
gradual,'ɡrædʒuəl,,"a.逐渐的,逐步的",托福
piece,pis,,"n.片,块 v.拼合(凑)",托福
solid,'sɑlɪd,,n.固体,托福
action,'ækʃən,,"n.行动,行为,作用",托福
service,'sɝvɪs,,"n.公共设施,服务 v.服务",托福
destroy,dɪ'strɔɪ,,"v.破坏,毁灭,消灭",托福
relative,'rɛlətɪv,,"a.相对的,相关的 n.亲属",托福
military,'mɪlətɛri,,a.军事的 n.军队,托福
memory,'mɛməri,,"n.记忆(力),回忆",托福
potential,pə'tɛnʃl,,a.潜在的 n.潜能,托福
sign,saɪn,,"n.标记,符号 v.做标记",托福
electricity,ɪ'lɛk'trɪsəti,,"n.电流,电",托福
dioxide,daɪ'ɑksaɪd,,n.二氧化物,托福
perform,pɚ'fɔrm,,"v.执行,履行,表演",托福
situation,",sɪtʃu'eʃən",,"n.情形,境遇",托福
evolution,ˌɛvəˈluʃən; (occas.) ˌ ivəˈluʃən,,"n.进化,发展,演变",托福
soon,sun,,"ad.不久,很快",托福
fill,fɪl,,v.装满,托福
fort,fɔrt,,"n.堡垒,要塞",托福
content,'kɑntɛnt,,"n.内容 v.使满足,使安心",托福
success,sək'sɛs,,"n.成功,成就",托福
signal,'sɪgnl,,"n.信号,标志 v.发信号,标志着",托福
generation,'dʒɛnə'reʃən,,"n.一代人(或产品),产生,发生",托福
vast,væst,,"a.巨大的,辽阔的,大量的",托福
manufacture,'mænjə'fæktʃɚ,,"vt&n.制造,制造业[pl]产品",托福
compete,kəm'pit,,"v.竞争,比赛",托福
link,lɪŋk,,"v.连接,联系 n.联系",托福
blood,blʌd,,n.血 v.流血,托福
commercial,kə'mɝʃəl,,"a.商业的,贸易的",托福
approach,ə'protʃ,,"v.靠近,接近 n.途径,方法",托福
predict,prɪ'dɪkt,,"v.预知,预言",托福
step,stɛp,,"n.(脚)步,步骤,台阶 v.行走,踏上",托福
stand,stænd,,"v.站,坐落,处于",托福
release,rɪ'lis,,"vt&n.释放,解脱",托福
plan,plæn,,"n.计划 v.计划,设计",托福
sample,'sæmpl,,"n.样品,样本 v.采样,取样",托福
expansion,ɪk'spænʃən,,"n.膨胀,扩展,扩充",托福
extensive,ɪk'stɛnsɪv,,"a.广泛的,广阔的",托福
reveal,rɪ'vil,,"v.揭露,显示",托福
helium,'hilɪəm,,n.氦,托福
regular,'rɛgjəlɚ,,"a.规则的,定期的",托福
effort,'ɛfɚt,,"n.努力,成就",托福
mile,maɪl,,n.英里,托福
irrigation,ˌɪrɪˈɡeʃn,,n.灌溉,托福
next,nɛkst,,n&a.下一个的 prep.靠近,托福
actual,'æktʃuəl,,"a.实际的,真实的",托福
egyptian,ɪ'dʒɪpʃ(ə)n,,n&a.埃及人(的),托福
attempt,ə'tɛmpt,,"n&vt.尝试,企图,努力",托福
finally,'faɪnəli,,"ad.最后,终于",托福
serious,'sɪrɪəs,,"a.严肃的,认真的,严重的",托福
clock,klɑk,,n.时钟,托福
adapt,ə'dæpt,,"v.适应,改编",托福
observation,",ɑbzɚ'veʃən",,"n.观察,观测",托福
fine,faɪn,,"a.好的,优质的,健康的",托福
mar,mɑr,,"n.污点,瑕疵 v.破坏",托福
distinguish,dɪ'stɪŋɡwɪʃ,,"v.区别,辨别",托福
decrease,dɪ'kris,,"v&n.减少,降低",托福
Dutch,dʌtʃ,,n.荷兰人 a.荷兰的,托福
African,'æfrɪkən,,n.非洲人 a.非洲的,托福
rich,rɪtʃ,,a.富有的 n.有钱人,托福
negative,'nɛɡətɪv,,"a.否定的,消极的",托福
vessel,'vɛsl,,"n.船,容器,血管",托福
galaxy,'ɡæləksi,,"n.银河,星系",托福
focus,'fokəs,,"v.集中,聚集 n.焦点,中心",托福
instead,ɪn'stɛd,,"ad.代替,反而",托福
democrat,'dɛməkræt,,"n.民主主义者,美国民主党人",托福
aquifer,'ækwɪfɚ,,"n.含水土层,蓄水层",托福
road,rod,,"n.道路,途径",托福
bank,bæŋk,,n.银行 v.把(钱)存入银行,托福
drift,drɪft,,v&n.漂流,托福
appearance,ə'pɪrəns,,"n.出现,露面,外貌",托福
wire,'waɪɚ,,"n.金属丝,电线 v.安装电线,发电报",托福
Australia,ɔ'streljə,,n.澳大利亚,托福
price,praɪs,,"n.价格,价值 v.给…定价,估价",托福
outside,",aʊt'saɪd",,"prep&n&ad&a.(在,向)的外面(的)",托福
bottom,'bɑtəm,,"n.底部,底端",托福
Greek,grik,,n.希腊人 a.希腊的,托福
decline,dɪ'klaɪn,,"v&n.下降,衰退",托福
business,ˈbɪznəs,,"n.商业,事务,生意",托福
display,dɪ'sple,,"n&vt.陈列,展览,显示",托福
immediate,ɪ'midɪət,,"a.直接的, 立即的",托福
crater,'kretɚ,,n.弹坑,托福
strike,straɪk,,"v&n.罢工,袭击,打",托福
feed,fid,,v.喂养,托福
aggression,ə'ɡrɛʃən,,"n.进攻,侵略",托福
master,'mæstɚ,,"v.控制,精通 n.主人",托福
emerge,ɪ'mɝdʒ,,"v.浮现,显露",托福
nation,'neʃən,,"n.国家,民族",托福
import,'ɪmpɔt,,"vt&n.进口,输入,[pl]进口商品",托福
muscle,'mʌsl,,n.肌肉,托福
organize,ɔrɡənˌaɪz,,"v.组织,安排",托福
personal,'pɝsənl,,"a.私人的,个人的",托福
careful,'kɛrfl,,"a.小心的,仔细的",托福
danger,'dendʒɚ,,n.危险(物),托福
equal,'ikwəl,,a.同样的 v.等于,托福
desire,dɪ'zaɪɚ,,"n&vt.渴望,要求",托福
publish,'pʌblɪʃ,,"v.出版,发表",托福
bear,bɛr,,"v.忍受,承担",托福
total,'totl,,"a.全部的,完全的 n.总数",托福
character,'kærəktɚ,,"n.特征,品质",托福
season,'sizn,,n.季节,托福
turtle,'tɝtl,,n.海龟,托福
useful,'jusfl,,"a.有用的,有益的",托福
generate,'dʒɛnəret,,"v.产生,发生",托福
breathe,brið,,v.呼吸,托福
park,pɑrk,,n.公园 v.停放(汽车等),托福
pheromone,'fɛrəmon,,n.<生化>信息素,托福
characterize,'kærəktə'raɪz,,v.以…为特征,托福
loss,lɔs,,"n.丧失,遗失,损失",托福
pay,pe,,"v.付款,给予(注意等),付出代价 n.工资",托福
diversity,dɪˈvəsɪti,,"n.多样性,差异",托福
simply,'sɪmpli,,ad.简单地,托福
real,'riəl,,"a.真的,真实的",托福
stability,stə'bɪləti,,n.稳定性,托福
solution,sə'luʃən,,"n.解决,解答",托福
era,'ɪrə,,"n.时代,纪元",托福
climax,'klaɪmæks,,"n.高潮,顶点",托福
standard,'stændɚd,,"n.标准,规格 a.标准的",托福
task,tæsk,,"n.任务,作业",托福
speak,spik,,"v.说话,谈话",托福
shift,ʃɪft,,"v&n.转移,转变,转换",托福
additional,ə'dɪʃənl,,"a.另外的,附加的",托福
considerable,kən'sɪdərəbl,,"a.重要的,相当大的,可观的",托福
British,'brɪtɪʃ,,a.英国(人)的 n.英国人,托福
mine,maɪn,,n.矿 v.采矿,托福
geologist,dʒɪ'ɑlədʒɪst,,n.地质学者,托福
isolate,aɪslˌet,,"v.使隔离,使孤立",托福
attention,ə'tɛnʃən,,"n.注意,关心",托福
again,ə'ɡɛn,,"ad.再,又",托福
settlement,'sɛtlmənt,,"n.解决,协议,居留地",托福
wealth,wɛlθ,,"n.财富,财产",托福
prove,pruv,,"v.证明,证实",托福
achieve,ə'tʃiv,,"v.完成,达到",托福
eighteenth,'e'tinθ,,"num.第十八,十八分之一",托福
opportunity,"ˌɑpɚˈtunɪti, -ˈtju-",,n.机会,托福
continuous,kən'tɪnjʊəs,,"a.连续的,持续的",托福
flower,'flaʊɚ,,"n.花 v.开花,繁荣",托福
stratum,'stretəm,,"n.地层,阶层",托福
kilometer,ˈkɪləˌmitɚ; kəˈlɑmətɚ,,"n.千米,公里",托福
paper,'pepɚ,,"n.纸,报纸",托福
red,rɛd,,"n&a.红色(的),",托福
arrange,ə'rendʒ,,"v.安排,排列",托福
promote,prə'mot,,"v.促进,提升",托福
prefer,prɪ'fɝ,,"v.更喜欢,宁愿",托福
inhabitant,ɪn'hæbɪtənt,,"n.居民,居住者",托福
Mediterranean,",mɛdətə'renɪən",,n.地中海,托福
issue,'ɪʃu,,"n&v.问题,分发,颁布",托福
fungus,'fʌŋɡəs,,"n.真菌,真菌类植物",托福
analysis,ə'næləsɪs,,"n.分析,解析",托福
pot,pɑt,,"n.罐,壶",托福
fuller,fʊlɚ,,n.漂洗工,托福
slight,slaɪt,,"a.轻微的,微小的",托福
month,mʌnθ,,n.月,托福
hydrogen,'haɪdrədʒən,,n.氢,托福
depth,dɛpθ,,n.深度,托福
upon,ə'pɑn,,prep.在之上,托福
visible,'vɪzəbl,,"a.看得见的,显而易见的",托福
belief,bɪ'lif,,"n.信念,信仰",托福
skeleton,'skɛlɪtn,,"n.骨架,纲要",托福
absorb,æbˈsɔrb; æbˈzɔrb; əbˈsɔrb,,"v.吸收,吸引",托福
advertise,'ædvɚtaɪz,,"v.登广告,宣传",托福
host,host,,n.主人,托福
enable,ɪ'nebl,,"v.使能够,使可能",托福
basin,'besn,,"n.脸盆,盆地",托福
money,'mʌni,,"n.钱,货币",托福
gather,'ɡæðɚ,,"v.聚集,集合,收集",托福
note,not,,"n.便条,笔记 v.注意,记录",托福
flood,flʌd,,"v.淹没,充满 n.洪水",托福
black,blæk,,"a.黑暗的,黑人的",托福
soldier,'soldʒɚ,,"n.士兵,军人",托福
artistic,ɑr'tɪstɪk,,a.艺术的,托福
shell,ʃɛl,,"n.(贝)壳,外壳 v.剥壳,炮击",托福
section,'sɛkʃən,,n.部分,托福
big,bɪɡ,,a.大的,托福
device,dɪ'vaɪs,,"n.装置,设备",托福
fast,fæst,,"a&ad.快的,迅速的",托福
drop,drɑp,,"v.下降,放弃 n.下降",托福
nitrogen,'naɪtrədʒən,,n.氮,托福
surprise,sɚ'praɪz,,n.惊奇 v.使惊奇,托福
transform,træns'fɔrm,,"v.改变,转换",托福
television,'tɛlɪvɪʒn,,n.电视(机),托福
band,bænd,,"n.乐队 v.联合,结合",托福
sufficient,səˈfɪʃənt,,"a.足够的,充分的",托福
private,'praɪvət,,"a.私人的,私有的",托福
Asia,ˈeʒə;ˈeʃə,,n.亚洲,托福
dust,dʌst,,"n.尘土,粉末 v.除尘,撒(粉末等)",托福
attitude,'ætɪtʊd,,"n.态度,看法",托福
painter,'pentɚ,,"n.画家,油漆匠",托福
birth,bɝθ,,n.出生,托福
English,ɪŋɡlɪʃ,,"n&a.英语,英国人(的)",托福
agree,ə'ɡri,,"v.同意,赞成",托福
expensive,ɪk'spɛnsɪv,,"a.昂贵的,高价的",托福
valuable,ˈvæljuəbəl; ˈvæljə-,,"a.贵重的,有价值的",托福
approximate,ə'prɑksɪmət,,"a.近似的,大约的 v.近似,接近",托福
fuel,'fjuəl,,n.燃料 v.加燃料,托福
blue,blu,,"n.蓝色 a.蓝色的,忧郁的",托福
visual,'vɪʒʊəl,,"a.视觉的,看得见的",托福
shop,ʃɑp,,n.商店 v.买东西,托福
push,pʊʃ,,"n&v.推,推动",托福
offer,'ɔfɚ,,"n&vt.给予,提供",托福
wear,wɛr,,"v.穿,戴",托福
dye,daɪ,,n.染料 v.给…染色,托福
future,'fjʊtʃɚ,,"n.未来,将来",托福
share,ʃɛr,,"v.分享,分担",托福
writer,'raɪtɚ,,"n.作者,作家",托福
hide,haɪd,,"v.躲藏,隐瞒",托福
fee,fi,,"n.费, 酬金",托福
tell,tel,,"v.告诉,讲述",托福
practical,'præktɪkl,,"a.实际的,实践的,实用的",托福
electron,ɪ'lɛktrɑn,,n.电子,托福
bill,bɪl,,n.帐单 v.开帐单,托福
rhythm,'rɪðəm,,"n.节奏,韵律",托福
topic,'tɑpɪk,,"n.话题,主题",托福
ritual,'rɪtʃuəl,,"n.仪式,典礼",托福
existence,ɪɡ'zɪstəns,,n.存在(物),托福
spring,sprɪŋ,,"n.春天,泉 v.跳,涌现",托福
communication,"kə,mjunɪ'keʃən",,"n.交流,通讯",托福
lightning,'laɪtnɪŋ,,n.闪电,托福
account,ə'kaʊnt,,"n.记述,帐(户),解释 v.说明,占",托福
connect,kə'nɛkt,,"v.连接,联系",托福
folk,fok,,n.人们,托福
block,blɑk,,"v.堵塞,妨碍",托福
photograph,'fotəɡræf,,"n.照片,相片 v.拍照",托福
village,'vɪlɪdʒ,,n.村庄,托福
thin,θɪn,,a&ad.薄、细、瘦(的),托福
beneath,bɪˈniːθ,,"prep.在…下,(地位等)低于 ad.在下方",托福
head,hɛd,,"n.头部,头脑v前进,领导",托福
survival,sɚ'vaɪvl,,"n.幸存,生存",托福
university,",junɪ'vɝsəti",,n.(综合)大学,托福
concentration,'kɑnsn'treʃən,,"n.集中,专心",托福
invention,ɪn'vɛnʃən,,"n.发明,创造",托福
extinct,ɪk'stɪŋkt,,"a.熄灭的,灭绝的",托福
avoid,ə'vɔɪd,,"v.避免,预防",托福
carve,kɑrv,,"v.雕刻,切割",托福
interior,ɪn'tɪrɪɚ,,a.内部的,托福
electrical,ɪ'lɛktrɪkl,,"a.电的,与电有关的",托福
continental,",kɑntɪ'nɛntl",,a.大陆的,托福
technological,tɛknə'lɑdʒɪkl,,a.科技的,托福
death,dɛθ,,"n.死,死亡",托福
wave,wev,,"n.波(浪) v.挥动,波动",托福
explosion,ɪk'sploʒən,,"n.爆炸,爆发",托福
network,'nɛtwɝk,,"n.网络,网状物",托福
density,'dɛnsəti,,n.密度,托福
flight,flaɪt,,"n.飞行,航班",托福
class,klæs,,"n.阶级,班级,课",托福
financial,faɪ'nænʃl,,"a.财政的,金融的",托福
moon,mun,,"n.月球,月亮",托福
tissue,'tɪʃu,,"n.组织,纸巾",托福
indeed,ɪn'did,,"ad.真正地,的确,事实上",托福
prepare,prɪ'pɛr,,"v.预备,准备",托福
cotton,'kɑtn,,n.棉花,托福
crust,krʌst,,"n.外壳,硬壳,面包皮",托福
trace,tres,,"v.追踪,探索 n.痕迹",托福
discussion,dɪ'skʌʃən,,n.讨论,托福
floor,flɔr,,"n.地面,地板",托福
fiber,'faɪbɚ,,n.光纤,托福
geological,dʒɪə'lɑdʒɪkl,,a.地质学的,托福
escape,ɪˈskep,,"v.逃跑,逃脱",托福
dense,dɛns,,"a.密集的,浓厚的",托福
stimulate,'stɪmjə'let,,"v.刺激,激励",托福
reflection,rɪ'flɛkʃən,,"n.反映,考虑",托福
accurate,'ækjərət,,"a.准确的,精确的",托福
whole,hol,,"a.全部的,完整的",托福
increasingly,ɪn'krisɪŋli,,"ad.日益,愈加",托福
spot,spɑt,,"n.地点,污点 v.认出,玷污",托福
length,[leŋθ],,n.长度,托福
advertisement,",ædvɚ'taɪzmənt",,n.广告,托福
top,tɑp,,"n.顶部,顶端",托福
tropical,'trɑpɪkl,,"a.热带的,炎热的",托福
efficient,ɪ'fɪʃnt,,"a.效率高的,有能力的",托福
nutrient,'nutrɪənt,,n.营养品 a.营养的,托福
ten,tɛn,,"num.十,十个",托福
pastoralist,,,"n.田园诗的作者,牧民",托福
Britain,'brɪtən,,n.英国,托福
search,sɝtʃ,,"v.搜寻,调查",托福
leatherback,'lɛðɚbæk,,n.棱龟(大海龟之一种),托福
boundary,'baʊndri,,"n.边界,分界线",托福
sky,skaɪ,,"n.天,天空",托福
steel,stil,,"n.钢,钢铁",托福
thick,θɪk,,"a.厚的,粗的",托福
fail,fel,,"v.失败,没有通过",托福
Atlantic,ət'læntɪk,,n.大西洋 a.大西洋的,托福
computer,kəm'pjutɚ,,"n.计算机,电脑",托福
fruit,frut,,"n.水果,果实",托福
tension,'tɛnʃən,,"n.紧张,拉力 vt.使拉紧,使绷紧",托福
performance,pɚ'fɔrməns,,"n.履行,执行,表演",托福
audience,'ɔdɪəns,,"n.听众,观众",托福
Cambrian,'kæmbriən,,n.威尔斯人,托福
free,fri,,"a&ad.自由的(地),免费的(地) v.解放",托福
conflict,'kɑnflɪkt,,"n.冲突,战斗 v.冲突,抵触",托福
freeze,friz,,"v.(使)结冰,(使)冷冻",托福
climatic,klaɪ'mætɪk,,a.气候上的,托福
musical,'mjuzɪkl,,"a.音乐的,悦耳的",托福
familiar,fə'mɪljɚ,,"a.熟悉的,常见的",托福
Chinese,",tʃai'ni:z",,n&a.中国人(的),托福
shelf,ʃɛlf,,"n.架子,搁板",托福
fly,flaɪ,,"v.乘,飞(行) n.苍蝇",托福
microscope,'maɪkrəskop,,n.显微镜,托福
comparison,kəm'pærɪsn,,"n.比较,对照",托福
appeal,ə'pil,,"n&v.呼吁,上诉",托福
map,mæp,,n.地图 v.绘制地图,托福
cue,kju,,"n.暗示,提示",托福
atom,'ætəm,,n.原子,托福
civilization,",sɪvələ'zeʃən",,"n.文明,文化",托福
model,'mɑdl,,"n.模型 v.模仿,展示",托福
item,'aɪtəm,,"n.项目,条款",托福
seventeenth,",sɛvn'tinθ",,"num.第十七,十七分之一",托福
skin,skɪn,,n.皮肤,托福
shelter,'ʃɛltɚ,,"n.掩蔽,庇护所 v.掩蔽,躲避",托福
inside,'ɪn'saɪd,,"ad&prep.在…里面,少于 n&a.里面(的)",托福
rainfall,'ren'fɔl,,"n.降雨,降雨量",托福
try,traɪ,,"v&n.尝试,试验",托福
something,'sʌmθɪŋ,,"pron.某事,某物 ad.有点,大约",托福
gain,ɡen,,"n&v.获得,增益",托福
habit,'hæbɪt,,"n.习惯,习性",托福
ceramic,sə'ræmɪk,,a.陶器的 n.陶瓷制品,托福
famous,'feməs,,"a.著名的,出名的,",托福
report,rɪ'pɔrt,,"n.报告 v.报导,汇报",托福
moral,'mɔrəl,,"a.道德(上)的,精神的",托福
buy,baɪ,,"v.买 n.购买,买卖",托福
sleep,slip,,"vi&n.睡,睡觉",托福
decision,dɪ'sɪʒn,,"n.决定,决议",托福
stable,'stebl,,a.稳定的,托福
remember,rɪ'mɛmbɚ,,"v.回忆起,记得",托福
series,'sɪriz,,"n.系列,连续",托福
white,waɪt,,n&ad.白色(的),托福
due,du,,a.应有的 n.应得物,托福
song,sɔŋ,,n.歌(曲),托福
soft,sɔft,,"a.软的,温和的",托福
lichen,'laɪkən,,"n.青苔,苔藓",托福
stem,stɛm,,"n.茎,干 v.起源于 v.堵住",托福
car,kɑr,,n.汽车,托福
habitat,'hæbə'tæt,,"n.栖息地,住处",托福
bur,bɚ,,n.刺果,托福
unique,jʊ'nik,,"a.唯一的,独特的",托福
coastal,'kostl,,"a.海岸的,沿海的",托福
whereas,'wɛr'æz,,"conj.然而,反之,尽管",托福
consequence,'kɑnsəkwɛns,,n.结果,托福
California,",kælɪ'fɔnjə",,"n.加利福尼亚,加州",托福
trail,trel,,n.踪迹 v.追踪,托福
rely,rɪ'laɪ,,"v.依赖,依靠",托福
tribe,traɪb,,"n.部落,部族",托福
average,'ævərɪdʒ,,n&a.平均(的) v.平均,托福
appropriate,əˈpropriɪt,,a.适当的,托福
here,hɪr,,"ad.在这里,这时",托福
nor,nɔr,,conj.也不,托福
external,ɪk'stɝnl,,n&a.外部(的),托福
insert,'ɪnsɝt,,"v.插入,嵌入",托福
stud,stʌd,,"v.镶嵌,点缀",托福
proportion,prə'pɔrʃən,,n.比例,托福
concept,'kɑnsɛpt,,"n.观念,概念",托福
geometric,",dʒiə'mɛtrɪk",,a.几何(学)的,托福
inner,'ɪnɚ,,"a.内部的,里面的,内心的",托福
resemble,rɪ'zɛmbl,,"v.象,类似于",托福
scale,skel,,"n.规模,等级,比例",托福
dark,dɑrk,,n.黑暗,托福
intense,ɪn'tɛns,,"a.强烈的,激烈的",托福
dominate,'dɑmɪnet,,"v.支配,占优势",托福
wild,waɪld,,a.野生的 n.荒野,托福
ton,tʌn,,"n.吨,大量",托福
ship,ʃɪp,,"n.船 v.航运,载运",托福
significance,sɪɡ'nɪfɪkəns,,"n.意义,重要性",托福
Mexico,'mɛksɪko,,n.墨西哥(拉丁美洲国家),托福
ordinary,'ɔrdnɛri,,"a.平常的,普通的",托福
case,kes,,"n.事例,情形",托福
compose,kəm'poz,,"v.组成,写作",托福
Rome,rəum,,n.罗马,托福
permit,pɚ'mɪt,,"n.通行证,执照 v.许可,允许",托福
capable,'kepəbl,,"a.有能力的,能干的",托福
fully,'fʊli,,"ad.充分地,完全地",托福
factual,'fæktʃuəl,,"a.事实的,实际的",托福
tiny,'taɪni,,"a.很少的,微小的",托福
mouth,maʊθ,,"n.口,嘴",托福
connection,kə'nɛkʃən,,"n.连接,关系",托福
Philadelphia,",filə'delfjə; -fiə",,n.费城(美国宾西法尼亚州东南部港市),托福
strength,strɛŋθ,,"n.力,力量",托福
professional,prə'fɛʃənl,,"a.专业的,职业的",托福
virtually,ˈvɜrtʃuəli,,"ad.事实上,实质上",托福
diet,'daɪət,,"n.通常所吃的食物,会议",托福
phenomenon,fə'nɑmɪnən,,n.现象,托福
permanent,'pɝmənənt,,"a.永久的,持久的",托福
column,'kɑləm,,"n.圆柱,专栏",托福
warmer,'wɔrmɚ,,"n.使热的人,温热装置",托福
rest,rɛst,,n&v.休息,托福
leg,lɛɡ,,"n.腿 v.走,跑",托福
contact,'kɑntækt,,"n.接触,联系",托福
paleolithic,",pelɪo'lɪθɪk",,a.旧石器时代的,托福
hear,hɪr,,"v.听到,听说",托福
crow,kro,,n.乌鸦 v.啼叫,托福
spend,spɛnd,,"v.花费,度过",托福
respond,rɪ'spɑnd,,"v.回答,响应,作出反应",托福
minute,'mɪnɪt,,"n.分钟,片刻",托福
Washington,ˈwɑʃɪŋtən,,n.华盛顿,托福
machinery,mə'ʃinəri,,"n.机械,机器",托福
unit,'junɪt,,"n.个体,(计量)单位",托福
improvement,ɪm'prʊvmənt,,"n.改进,进步",托福
deal,dil,,"n.交易 v.处理,分配",托福
compound,'kɑmpaʊnd,,n.混合物,托福
fear,fɪr,,"n.恐怖,害怕 v.害怕,畏惧",托福
feather,'fɛðɚ,,"n.羽毛,轻的东西",托福
specialize,'spɛʃəlaɪz,,v.专攻,托福
bed,bɛd,,"n.床,基础 v.安置",托福
initial,ɪ'nɪʃəl,,"a.最初的,初始的",托福
inch,ɪntʃ,,n.英寸,托福
evaporate,ɪ'væpəret,,"v.(使)蒸发,消失",托福
electric,ɪ'lɛktrɪk,,a.电的,托福
nucleus,'nuklɪəs,,n.核子,托福
ecologist,i'kɑlədʒɪst,,n.生态学者,托福
exercise,'ɛksɚsaɪz,,"n&v.运动,练习",托福
despite,dɪ'spaɪt,,"prep.尽管,不论",托福
Indian,'ɪndɪən,,n.印度(人),托福
independent,'ɪndɪ'pɛndənt,,"n.中立派,无党派者",托福
neighbor,'nebɚ,,"n.邻居,邻国",托福
migrate,'maɪɡret,,"v.迁移,转移",托福
contribution,",kɑntrɪ'bjuʃən",,n.贡献,托福
divide,dɪ'vaɪd,,"v.分,划分",托福
prey,pre,,"v.捕食,掠夺",托福
expect,ɪk'spɛkt,,"v.期待,预期",托福
creature,'kritʃɚ,,n.创造物,托福
billion,'bɪljən,,n&a.十亿(的),托福
die,daɪ,,v.死亡,托福
innovation,",ɪnə'veʃən",,"n.改革,创新",托福
depression,dɪ'prɛʃən,,"n.沮丧,消沉",托福
edge,ɛdʒ,,"n.边(缘) v.侧着移动,徐徐移动",托福
ever,'ɛvɚ,,"ad.曾经,永远",托福
job,dʒɒb,,"n.工作,职业",托福
protection,prə'tɛkʃən,,n.保护,托福
timberline,"'tɪmbɚ,laɪn",,n.树带界线,托福
acquire,ə'kwaɪr,,"v.获得,学到",托福
association,"ə,soʃɪ'eʃən",,"n.协会,联合,结交",托福
abundant,ə'bʌndənt,,"a.丰富的,充裕的",托福
regard,rɪ'ɡɑrd,,"n.尊敬 v.看待,当作",托福
nothing,'nʌθɪŋ,,pron.没有什么 n.没有 ad.毫不,托福
yield,jild,,"v.生产,获利,屈服",托福
adaptation,",ædæp'teʃən",,"n.适应, 改编, 改写本",托福
attack,ə'tæk,,"v&n.攻击,进攻",托福
contemporary,kən'tɛmpərɛri,,n.同时代的人 a.当代的,托福
wealthy,'wɛlθi,,a.富有的,托福
construct,kən'strʌkt,,"v.建造,构造,创立",托福
adopt,ə'dɑpt,,"v.采用,收养",托福
petroleum,pə'trolɪəm,,n.石油,托福
summer,'sʌmɚ,,n.夏季,托福
competition,",kɑmpə'tɪʃən",,"n.竞争,竞赛",托福
boat,bot,,"n.小船,艇",托福
demonstrate,'dɛmən'stret,,"v.示范,证明,论证",托福
crack,kræk,,"n.裂缝,噼啪声 v.(使)破裂",托福
dissolve,dɪ'zɑlv,,"v.溶解,解散",托福
moisture,'mɔɪstʃɚ,,"n.潮湿,湿气",托福
vapor,ˈveɪpər,,n.水蒸气,托福
equipment,ɪ'kwɪpmənt,,"n.装备,设备",托福
threaten,'θrɛtn,,"v.恐吓,威胁",托福
succession,sək'sɛʃən,,"n.连续,继承",托福
annual,'ænjuəl,,a.年度的,托福
cattle,'kætl,,"n.牛,家养牲畜",托福
six,sɪks,,"num.六,六个",托福
underground,ʌndɚˈɡraʊnd,,"a.地下的,地面下的",托福
comet,'kɑmət,,n.彗星,托福
creation,krɪ'eʃən,,"n.创造,创作物",托福
feel,fiːl,,"v.感觉,触摸 v.有知觉",托福
jazz,dʒæz,,n.爵士乐,托福
Maya,'mɑːjə,,"n.玛雅人,玛雅语",托福
capital,'kæpɪtl,,"n.首都 a.首都的,重要的",托福
poor,pʊr,,"a.贫穷的,可怜的",托福
depict,dɪ'pɪkt,,"v.描述,描写",托福
prior,'praɪɚ,,"a.优先的,在前的",托福
fantasy,'fæntəsi,,n.幻想,托福
ecological,'ikə'lɑdʒɪkl,,a.生态学的,托福
acorn,'ekɔrn,,"n.橡树果,橡子",托福
employ,ɪm'plɔɪ,,v.雇用,托福
fair,fɛr,,a&ad.公平的,托福
immigrant,'ɪmɪɡrənt,,"n.移民,侨民",托福
pump,pʌmp,,"n.泵,抽水机",托福
fresh,frɛʃ,,"a.新鲜的,无经验的",托福
industrialization,"in,dʌstriəlai'zeiʃən, -li'z-",,"n.工业化,产业化",托福
suitable,'sutəbl,,"a.适当的,相配的",托福
cultivate,'kʌltɪvet,,"v.培养,耕作",托福
tie,taɪ,,"v.扎,捆绑",托福
derive,dɪ'raɪv,,"v.获取,得自,起源",托福
retain,rɪ'ten,,"v.保持,保留",托福
chance,tʃæns,,n.机会,托福
civil,'sɪvl,,"a.公民的,文明的",托福
prehistoric,",prihɪ'stɔrɪk",,a.史前的,托福
exhibit,ɪɡ'zɪbɪt,,"n&v.展览,陈列,展示",托福
numerous,'numərəs,,"a.众多的,许多的",托福
hunter,'hʌntɚ,,n.猎人,托福
Florida,'flɔridə,,n.佛罗里达(美国州名),托福
rule,rul,,"n.规则,条例 v.支配,统治",托福
game,ɡem,,n.比赛,托福
obsidian,əb'sɪdɪən,,n.[矿]黑曜石,托福
migratory,'maɪɡrətɔri,,"a.迁移的,流浪的",托福
nestling,'nɛstlɪŋ,,"n.尚未离巢的小鸟,婴孩",托福
sculptor,'skʌlptɚ,,n.雕刻家,托福
complicate,'kɑmplɪket,,v.(使)变复杂,托福
progress,'prɑɡrɛs,,"n&v.前进,进步,发展",托福
consumer,kən'sumɚ,,n.消费者,托福
frontier,frʌn'tɪr,,"n.国境,边疆",托福
suit,sut,,"v.合适,相配",托福
kill,kɪl,,"v.杀死,毁掉",托福
distinct,dɪ'stɪŋkt,,"a.清楚的,明显的,不同的",托福
responsible,rɪ'spɑnsəbl,,"a.有责任的,负责的",托福
decorative,'dɛkəretɪv,,a.装饰的,托福
president,'prɛzɪdənt,,"n.总统,会长",托福
parasite,'pærəsaɪt,,n.寄生虫,托福
final,'faɪnl,,"a.最后的,最终的",托福
modify,'mɑdɪfaɪ,,"v.更改,修改",托福
finish,'fɪnɪʃ,,"n&v.完成,结束",托福
tone,ton,,n.音调,托福
abundance,ə'bʌndəns,,"n.丰富,充裕",托福
vocabulary,və'kæbjəlɛri,,"n.词汇,词表",托福
alder,'ɔldɚ,,n.[植]桤木,托福
title,'taɪtl,,"n.标题 v.加标题于,赋予称",托福
moreover,mɔr'ovɚ,,"ad.此外,而且",托福
propose,prə'poz,,"v.打算,向提议,求婚",托福
street,strit,,n.街道,托福
collection,kə'lɛkʃən,,n.收藏(品),托福
seven,'sɛvn,,"num.七,七个",托福
explicit,ɪk'splɪsɪt,,"a.明确的,清晰的",托福
reaction,rɪ'ækʃən,,"n.反应,反作用",托福
molecule,'mɑlɪkjul,,n.分子,托福
readily,'rɛdɪli,,"ad.乐意地,欣然",托福
mix,mɪks,,"v.使混和,混淆",托福
document,dɑkjəmənt,,"n.公文,文件 v.记载",托福
waste,west,,v&n.浪费,托福
ancestor,'ænsɛstɚ,,"n.祖先,祖宗",托福
scholar,'skɑlɚ,,n.学者,托福
join,dʒɔɪn,,"v.参加,加入,连接",托福
access,'æksɛs,,"n.入口,通道 v.进入",托福
pullman,'pulmən,,"n.卧车,普式火车",托福
raw,rɔ,,"a.自然状态的,生的,原始的",托福
horse,hɔrs,,n.马,托福
mechanism,'mɛkənɪzəm,,n.机械装置,托福
textile,'tɛkstaɪl,,n.纺织品,托福
rocky,'rɑki,,"a.岩石的,稳固的",托福
care,kɛr,,"n&v.关心,担忧,照顾",托福
citizen,'sɪtɪzn,,"n.市民,公民",托福
interaction,,,n.交互作用,托福
beyond,bɪ'jɑnd,,"prep.远于,越出 ad.在更远处",托福
desertification,"dɪ,zɝtɪfɪ'keʃən",,"n.荒漠化,沙漠化",托福
gold,ɡold,,"n.黄金,金币 a.金的",托福
analyze,"'ænə,laɪz",,"v.分析,分解",托福
night,naɪt,,"n.夜,夜晚",托福
army,'ɑrmi,,n.军队,托福
expedition,",ɛkspə'dɪʃən",,"n.远征,探险队",托福
conduct,kən'dʌkt,,"n.行为 v.引导,管理",托福
principal,'prɪnsəpl,,"a.主要的,首要的 n.资本",托福
front,frʌnt,,n&a.前面(的) v.面向,托福
convention,kən'vɛnʃən,,"n.习俗,惯例",托福
seek,sik,,"v.寻找,探索",托福
surge,sɝdʒ,,"n&v.(波涛)汹涌,涌起",托福
ogallala,,,n.奥加拉拉(美国地名),托福
availability,"ə,velə'bɪləti",,"n.可用性,有效性,实用性",托福
sophisticate,sə'fɪstɪkɪt,,"a.诡辩的,久经世故的",托福
archaeological,",ɑ:kiə'lɔdʒikəl",,a.考古学的,托福
universe,'junɪvɝs,,"n.宇宙,万物",托福
impulse,'ɪmpʌls,,n.冲动 vt.推动,托福
debris,də'bri,,"n.碎片,残骸",托福
unknown,",ʌn'non",,"a.不知道的,未知的",托福
tooth,tuθ,,n.牙齿,托福
twenty,'twɛnti,,"num.二十,二十个",托福
office,'ɔfɪs,,"n.办公室,事务所",托福
wet,wɛt,,"a.湿的,多雨的",托福
texture,'tɛkstʃɚ,,"n.质地,(材料等的)结构",托福
remarkable,rɪ'mɑrkəbl,,"a.非凡的,显著的",托福
enormous,ɪ'nɔrməs,,"a.巨大的,庞大的",托福
archaeologist,",ɑrkɪ'ɑlədʒɪst",,n.考古学家,托福
neither,ˈniðɚ; ˈnaɪðɚ,,a&pron.两者都不 conj.既不也不,托福
formal,'fɔrml,,"a.正式的,正规的",托福
perspective,pɚ'spɛktɪv,,"n.视角,观点,远景",托福
cetacean,sɪ'teʃən,,n.鲸类动物,托福
sunlight,'sʌnlaɪt,,"n.日光,阳光",托福
gap,ɡæp,,"n.缺口裂缝,差距",托福
destructive,dɪ'strʌktɪv,,a.破坏(性)的,托福
plankton,'plæŋktən,,n.浮游生物,托福
radio,'redɪo,,"n.收音机,无线电",托福
reproduce,",riprə'dus",,"v.再生,复制",托福
enter,'ɛntɚ,,"v.进入,参加",托福
oak,ok,,"n.橡树,橡木",托福
key,kiː,,"n.关键,钥匙",托福
silver,'sɪlvɚ,,n.银 v.镀银,托福
hole,hol,,"n.洞,孔 v.凿洞",托福
nearby,",nɪr'baɪ",,"a.附近的,邻近的 ad.在附近",托福
yellow,'jeloʊ,,n&a.黄色(的),托福
press,prɛs,,"n&v.压,压迫 n.报刊,新闻界",托福
credit,'krɛdɪt,,"n.信任 v.相信,信任",托福
ware,wer,,"n.陶器,器皿",托福
diameter,daɪ'æmɪtɚ,,n.直径,托福
neanderthal,ni'ændətɑ:l; -θɔ:l,,ad.穴居人的,托福
frame,frem,,"n.镜框,构架 v.镶框,制定",托福
distinction,dɪ'stɪŋkʃən,,"n.差别,区分,优秀",托福
French,fren(t)ʃ,,n&a.法国(人)(的),托福
ideal,aɪ'diəl,,"n.理想 a.理想的,完美的",托福
exact,ɪɡ'zækt,,"a.精确的,准确的",托福
behind,bɪ'haɪnd,,"prep.在…后,落后于 ad.在后面",托福
foreign,'fɔrən,,a.外国的,托福
flat,flæt,,a.平坦的,托福
enjoy,ɪn'dʒɔɪ,,"v.享受,喜爱",托福
furthermore,",fɝðɚ'mɔr",,"ad.而且,此外",托福
independence,",ɪndɪ'pɛndəns",,"n.独立,自主",托福
beach,bitʃ,,n.海滩,托福
technical,'tɛknɪkl,,"a.技术的,技巧的",托福
artificial,",ɑrtɪ'fɪʃl",,"a.人造的,虚伪的",托福
drive,draɪv,,n&v.驾驶,托福
respect,rɪ'spɛkt,,"n&v.尊敬,敬重",托福
precede,prɪ'sid,,"v.领先(于),在之前,先于",托福
guild,ɡɪld,,"n.行会,协会",托福
nile,naɪl,,n.尼罗河,托福
instance,'ɪnstəns,,"n.实例,建议",托福
decoration,",dɛkə'reʃən",,n.装饰(品),托福
decay,dɪ'ke,,"v&n.衰退,腐败",托福
originate,əˈrɪdʒəˌnet,,"v.起源于,创始",托福
radiation,",redɪ'eʃən",,"n.放射物,辐射",托福
massive,'mæsɪv,,"a.巨大的,大规模的",托福
fundamental,",fʌndə'mɛntl",,"a.基础的,基本的",托福
height,haɪt,,"n.高度,海拔",托福
butterfly,'bʌtɚflaɪ,,n.蝴蝶,托福
reproduction,",riprə'dʌkʃən",,"n.再现,复制品",托福
asteroid,'æstərɔɪd,,n.小行星,托福
tunnel,'tʌnl,,"n.隧道,地道",托福
apartment,ə'pɑrtmənt,,n.公寓住宅,托福
him,hɪm,,pron.他,托福
burn,bɝn,,v.烧 n.烧伤,托福
export,ˈekspɔːrt；ɪkˈ-,,"v&n.输出,出口",托福
flash,flæʃ,,"n&v.闪光,闪现",托福
secondary,'sɛkəndɛri,,"a.次要的,二级的",托福
pottery,'pɑtəri,,n.陶器,托福
chimpanzee,",tʃɪmpæn'zi",,n.黑猩猩,托福
onto,"ˈɑnˌtu, -tə, ˈɔn-",,prep.在之上,托福
occupy,'ɑkjupaɪ,,"v.占,占领",托福
harvest,'hɑrvɪst,,"n.收获 v.收获,收割",托福
disappear,'dɪsə'pɪr,,v.消失,托福
Australian,ɑ'strelɪən,,n.澳大利亚(的),托福
conclusion,kən'kluʒn,,"n.结束,结论",托福
dominant,'dɑmɪnənt,,"a.有统治权的,占优势的",托福
pull,pʊl,,"v.拉,拖,拔",托福
tuna,'tunə,,n.金枪鱼,托福
restrict,rɪ'strɪkt,,"v.限制,约束",托福
distribution,'dɪstrə'bjʊʃən,,"n.分发,分配,分布",托福
movie,'muvi,,n.电影,托福
projection,prə'dʒɛkʃən,,n.发射,托福
stretch,strɛtʃ,,"v&n.伸展,延伸",托福
goal,ɡol,,"n.目的,目标",托福
requirement,rɪ'kwaɪɚmənt,,"n.需求,要求",托福
operate,'ɑpə'ret,,"v.操作,运转",托福
trap,træp,,"v.设圈套,陷入(困境) n.圈套",托福
reject,rɪ'dʒɛkt,,"v.拒绝,退回",托福
majority,mə'dʒɔrəti,,n.大多数,托福
volume,'vɑljum,,"n.卷,册",托福
float,flot,,"v&n.漂浮,浮现",托福
zone,zon,,"n.地域,地带 v.分成区",托福
pastoralism,'pæstərəlizm,,"n.田园主义,牧歌体",托福
reliable,rɪ'laɪəbl,,"a.可靠的,可信赖的",托福
frequency,'frikwənsi,,"n.频率,发生次数",托福
geologic,dʒɪə'lɑdʒɪk,,a.地质的,托福
extent,ɪk'stɛnt,,"n.范围,程度,广度",托福
pleistocene,'plaistəusi:n,,n&a.[地]更新世(的)(一段时期),托福
enhance,ɪn'hæns,,"v.提高,增强",托福
accompany,ə'kʌmpəni,,"v.陪伴,伴奏",托福
interpret,ɪn'tɝprɪt,,"v.解释,说明",托福
snowfall,'snofɔl,,"n.降雪,降雪量",托福
storm,stɔrm,,"n.暴风雨,暴风雪",托福
musician,mjʊ'zɪʃən,,n.音乐家,托福
critical,'krɪtɪkl,,"a.批评的,挑剔的,决定性的",托福
Netherlands,'neðələndz,,n.荷兰[国家],托福
choose,tʃuz,,"v.选择,选定",托福
polar,'polɚ,,"a.(近)地极的,对立的",托福
pollutant,pə'lutənt,,n.污染物质,托福
unable,ʌn'ebl,,"a.不能的,不会的",托福
elite,ɪˈliːt,,"n.精英,精华",托福
branch,bræntʃ,,"n.树枝,分部,分支",托福
seawater,"'si:,wɔ:tə, -wɔ-",,n.海水,托福
Chicago,ʃɪ'kɑɡo,,n.芝加哥,托福
walk,wɔk,,"v.行,走 n.步行",托福
Health,hɛlθ,,n.健康,托福
decorate,'dɛkəret,,v.装饰,托福
portion,'pɔrʃən,,n.一部分,托福
combination,",kɑmbɪ'neʃən",,"n.结合,联合,合并",托福
active,'æktɪv,,"a.积极的,活跃的,起作用的",托福
division,də'vɪʒən,,"n.分开,分割,区分",托福
pure,pjʊr,,"a.纯的,纯粹的",托福
engage,ɪn'ɡedʒ,,"v.雇佣,从事,参加",托福
stay,ste,,"v&n.逗留,保持,延缓",托福
regulate,'rɛɡjulet,,"v.管理,控制,调整",托福
send,sɛnd,,"v.发送,派遣",托福
copper,'kɑpɚ,,"n.铜,警察",托福
engineer,",ɛndʒɪ'nɪr",,"n.工程师 v.设计,建造",托福
critic,'krɪtɪk,,"n.批评家,评论家",托福
investment,ɪn'vɛstmənt,,"n.投资,可获利的东西",托福
Boston,'bɔstən,,n.波士顿,托福
opportunist,",ɑpɚ'tunɪst",,"n.机会主义者,投机取巧者",托福
dependent,dɪ'pɛndənt,,"a.依靠的,依赖的",托福
week,wik,,"n.星期,周",托福
balance,'bæləns,,n.平衡 v.使平衡,托福
pollution,pə'luʃən,,n.污染,托福
mother,'mʌðɚ,,n.母亲,托福
drought,draʊt,,"n.干旱,缺乏",托福
survey,ˈsɝˌve; (for v.) sɝˈve,,n&vt.调查,托福
repeat,rɪ'pit,,"n&v.重复,重做,使再现",托福
reflective,rɪ'flɛktɪv,,"a.反射的,反映的,沉思的",托福
status,ˈstætəs; ˈstetəs,,"n.身份,地位,情形,",托福
authority,ə'θɔrəti,,"n.权威,权力",托福
perception,pɚ'sɛpʃən,,"n.观念,洞察力,认识能力",托福
ridge,rɪdʒ,,"n.背脊,山脊",托福
stress,strɛs,,"n.压力,重点 v.着重,强调",托福
accumulation,"ə,kjʊmjə'leʃən",,"n.积聚,堆积物",托福
bound,baʊnd,,"n.范围,界限",托福
Alaska,ə'læskə,,n.阿拉斯加州(美国州名),托福
context,'kɑntɛkst,,n.上下文,托福
perfect,ˈpɝfɪkt; (for v.) pɝˈfɛkt,,"a.完美的 v.使完美,修改",托福
millennium,məˈlɛniəm,,"n.太平盛世,一千年",托福
somewhat,'sʌmwʌt,,"ad.稍微,有点,有些",托福
China,tʃaɪnə,,"n.中国,瓷器",托福
favorable,'fevərəbl,,"a.赞成的,有利的",托福
broad,brɔd,,"a.宽的,广泛的",托福
risk,rɪsk,,"vt&n.冒险,风险",托福
antarctica,æn'tɑrktɪkə,,n.南极洲,托福
kinetoscope,"ki'netəskəup, -'ni:-",,n.活动电影放映机,托福
absence,'æbsns,,"n.不在, 缺席, 缺乏, 没有",托福
representative,'rɛprɪ'zɛntətɪv,,"n.代表 a典型的, 有代表性的",托福
enlarge,ɪn'lɑrdʒ,,"v.扩大, 放大",托福
defense,dɪ'fɛns,,"n.国防部,防卫",托福
category,'kætəɡɔri,,n.种类,托福
intensity,ɪn'tɛnsəti,,"n.强度,强烈",托福
abandon,ə'bændən,,"v.放弃,遗弃",托福
relation,rɪ'leʃən,,"n.关系,联系",托福
virus,'vaɪrəs,,n.病毒,托福
exhibition,",ɛksɪ'bɪʃən",,"n.表现,展览会",托福
alter,'ɔltɚ,,v.改变,托福
myth,mɪθ,,n.神话,托福
arid,'ærɪd,,"a.干旱的,贫瘠的",托福
erode,ɪ'rod,,"v.侵蚀,腐蚀",托福
dramatic,drə'mætɪk,,"a.戏剧性的,生动的",托福
arise,ə'raɪz,,"v.出现,发生,起因于",托福
reverse,rɪ'vɝs,,"v.颠倒,倒转",托福
capacity,kə'pæsəti,,"n.容量,能力",托福
competitor,kəm'pɛtɪtɚ,,n.竞争者,托福
promise,'prɑmɪs,,"vt&n.允诺,答应",托福
wooden,'wʊdn,,a.木制的,托福
portray,pɔr'tre,,v.描绘,托福
composer,kəm'pozɚ,,"n.作家,作曲家",托福
stick,stɪk,,"n.棍 v.刺,戳",托福
glaciation,'glesɪ'eʃən,,"n.冻结成冰,冰河作用",托福
arm,ɑrm,,"n.臂 v.供给,武装",托福
transfer,træns'fɝ,,"n&v.迁移,移动,转移",托福
arch,ɑrtʃ,,n.拱门v(使)弯成弓形,托福
prediction,prɪ'dɪkʃən,,n.预言,托福
stencil,'stɛnsl,,"n.模版,蜡纸 v.用蜡纸印刷",托福
distinctive,dɪ'stɪŋktɪv,,"a.有区别的,独特的",托福
tail,tel,,"n.尾巴 v.跟踪,尾随",托福
France,frɑːns,,"n.法国,法兰西",托福
toxic,'tɑksɪk,,"a.有毒的,中毒的",托福
magnetic,mæg'nɛtɪk,,"a.磁的,有吸引力的",托福
visit,'vɪzɪt,,"n&v.拜访,访问",托福
apart,ə'pɑrt,,"ad.相间隔,分离 a.分离(隔)的",托福
gull,ɡʌl,,n.海鸥 v.欺骗,托福
herbivore,ɝ​bəˌvɔr,,n.草食动物,托福
cross,krɔs,,"n.十字,交叉 v.使交叉,横过",托福
tornado,tɔr'nedo,,n.龙卷风,托福
metallic,mə'tælɪk,,a.金属(性)的,托福
loud,laʊd,,"a&ad.高声的,大声地",托福
drain,dren,,"n.排水,消耗",托福
realize,rɪəˌlaɪz,,"v.认识到,了解",托福
shallow,'ʃælo,,a.浅的,托福
surplus,'sɝpləs,,"n.剩余,过剩",托福
explore,ɪk'splɔr,,"v.探险,探测",托福
classify,'klæsɪfaɪ,,"v.分类,分等",托福
possibility,",pɑsə'bɪləti",,n.可能性,托福
novel,ˈnɑːvl,,"n.小说,长篇故事",托福
afford,ə'fɔrd,,"v.提供,给予",托福
southeast,",saʊθ'ist",,n&a.东南(的),托福
narrow,'næro,,"a.狭窄(隘)的,勉强的 v.变窄,压缩",托福
northwest,'nɔrθ'wɛst,,n&a.西北方(的),托福
collision,kə'lɪʒən,,"n.碰撞,冲突",托福
lung,lʌŋ,,"n.肺,呼吸器",托福
diverse,daɪ'vɝs,,"a.不同的,变化多的",托福
temperate,'tɛmpərət,,"a.温和的,适度的,有节制的",托福
widespread,ˈwʌɪdsprɛd,,"a.分布广泛的,普遍的",托福
isotope,'aɪsə'top,,n.同位素,托福
detect,dɪ'tɛkt,,"v.察觉,侦查,发现",托福
nevertheless,",nɛvɚðə'lɛs",,"ad.尽管如此 conj.然而,不过",托福
wheat,wit,,n.小麦,托福
peak,pik,,"n.山顶,顶点",托福
parlor,'pɑrlɚ,,"n.客厅,会客室",托福
navigate,'nævə'get,,"v.航行,航海",托福
tendency,'tɛndənsi,,"n.趋向,倾向",托福
flourish,ˈflɜːrɪʃ,,"v&n.繁荣,茂盛",托福
catch,kætʃ,,"v.捕获,抓住",托福
evolutionary,",ivə'luʃənɛri",,"a.进化的,发展的,演变的",托福
bead,bid,,"n.珠子,水珠",托福
variability,",vɛrɪə'bɪləti",,n.可变性,托福
turbine,'tɝbaɪn,,n.涡轮,托福
highland,'haɪlənd,,"n.高地,丘陵地带",托福
meat,mit,,"n.(食用)肉,肉类",托福
match,mætʃ,,"v.相配,相称",托福
tall,tɔl,,"a.高的,长的",托福
communicate,kə'mjunɪket,,"v.沟通,通信,传达",托福
distribute,dɪ'strɪbjut,,"v.分发,分配",托福
comparative,kəm'pærətɪv,,"a.比较的,相当的",托福
newly,'nuli,,"a.重新,最近",托福
mill,mɪl,,"v.碾磨,搅拌",托福
indirect,",ɪndə'rɛkt",,"a.间接的,迂回的",托福
stop,stɑp,,"n&v.停止,阻止",托福
destruction,dɪ'strʌkʃən,,"n.破坏,毁灭",托福
customer,'kʌstəmɚ,,n.消费者,托福
suddenly,'sʌdənli,,ad.突然地,托福
multiple,'mʌltəpl,,a.多样的 n.倍数,托福
vitamin,'vaɪtəmɪn,,"n.维他命,维生素",托福
manner,'mænɚ,,"n.礼貌,方式",托福
vegetable,ˈvɛdʒtəbəl; ˈvɛdʒətəbəl,,"n.蔬菜,植物",托福
conclude,kən'klud,,"v.推断出,结束,总结",托福
barrier,'bærɪɚ,,"n.障碍物,栅栏",托福
mud,mʌd,,"n.泥,泥浆",托福
motif,mo'tif,,"n.主题,主旨",托福
wheel,wil,,"n.轮 v.推,拉,转动",托福
rough,rʌf,,"a.粗糙的,大致的",托福
corridor,'kɔrɪdɔr,,n.走廊,托福
challenger,'tʃælɪndʒɚ,,n.挑战者,托福
fragment,'fræɡmənt,,n.碎片 v.(使)成碎片,托福
occasionally,o'keʒənəli,,"ad.有时候,偶而",托福
component,kəm'ponənt,,n.成分,托福
beaver,'bivɚ,,n.海狸(毛皮),托福
comprehension,",kɑmprɪ'hɛnʃən",,"n.理解,包含",托福
physiological,",fɪzɪə'lɑdʒɪkl",,a.生理(学)的,托福
ceremony,ˈsɛrəˌmoʊni,,"n.典礼,仪式",托福
altitude,'æltɪtud,,n.高度(海拔),托福
arrive,ə'raɪv,,"v.到达,抵达",托福
exploit,ɪk'splɔɪt,,"v.开拓,开采",托福
microscopic,",maɪkrə'skɑpɪk",,"a.显微镜的,极小的",托福
schedule,'skɛdʒul; (canadian) ˈʃɛdʒʊl; ˈʃɛdjʊl,,"n.时刻表,日程 v.安排,排定",托福
former,'fɔrmɚ,,"a.从前的,以前的",托福
career,kə'rɪr,,"n.事业,生涯",托福
aim,em,,"n.目标v对瞄准,打算",托福
inventor,ɪn'vɛntɚ,,n.发明家,托福
consume,kənˈsum,,"v.消耗,消费,消灭",托福
examine,ɪg'zæmɪn,,"v.检查,调查,考试",托福
atmospheric,",ætməs'fɛrɪk",,a.大气的,托福
fore,fɔr,,"a.在前的 n.前头,船头",托福
province,'prɑvɪns,,n.省(一个国家的大行政区),托福
introduction,",ɪntrə'dʌkʃən",,"n.介绍,传入",托福
encode,ɪn'kod,,v.把编码,托福
squirrel,'skwɝrəl,,n.松鼠,托福
random,'rændəm,,"n&a.任意(的),随便(的)",托福
tulip,'tʊlɪp,,n.郁金香,托福
invent,ɪn'vɛnt,,"v.发明,创造",托福
pueblo,pjʊ'ɛblo,,n.印第安人村庄,托福
pound,paʊnd,,"n.磅,英镑 v.(连续)猛击,捣碎",托福
pebble,'pɛbl,,"n.小圆石,小鹅卵石",托福
lot,lɑt,,"n.许多,大量",托福
obvious,'ɑbvɪəs,,"a.明显的,显而易见的",托福
station,ˈsteɪʃən,,"n.(车)站,台 v.安置,派驻",托福
limestone,'laɪmston,,n.石灰石,托福
sumerian,,,n.闪族人[语],托福
brown,braʊn,,"n&a.棕色(的),人名",托福
gazelle,gə'zɛl,,"n.瞪羚,小羚羊",托福
Columbia,kə'lʌmbɪr,,n.哥伦比亚,托福
statistic,stə'tɪstɪk,,n.统计数值,托福
evaporation,"ɪ,væpə'reʃən",,n.蒸发,托福
archaeology,",ɑrkɪ'ɑlədʒi",,n.考古学,托福
dweller,'dwɛlɚ,,"n.居住者,居民",托福
possess,pə'zɛs,,"v.占有,拥有",托福
elsewhere,els'weə; 'elsweə,,ad.在别处,托福
seasonal,'sizənl,,"a.季节的,周期性的",托福
assemble,ə'sɛmbl,,"v.集合,聚集,装配",托福
mask,mæsk,,n.面具,托福
reality,rɪ'æləti,,"n.真实,事实",托福
alone,ə'lon,,a.单独的,托福
college,'kɑlɪdʒ,,n.学院,托福
definition,",dɛfɪ'nɪʃən",,"n.定义,解说",托福
dead,dɛd,,a.死的 n.死者,托福
regional,'ridʒənl,,"a.整个地区的,地域性地",托福
border,'bɔrdɚ,,"n.边界 v.与接壤,接近",托福
household,'haʊshold,,n.家庭,托福
trend,trɛnd,,"n&v.倾向,趋势",托福
sandstone,'sænd'ston,,n.沙岩,托福
Sweden,'swidən,,n.瑞典,托福
suck,sʌk,,"v.吸,吮",托福
speech,spitʃ,,n.演说,托福
consequent,'kɑnsəkwənt,,"n.推论,结论",托福
crisis,'kraɪsɪs,,"n.决定性时刻,危机",托福
modem,'mo'dɛm,,n.[计]调制解调器,托福
literary,lɪtərɛri,,a.文学的,托福
pioneer,",paɪə'nɪr",,"n.先驱者,创始人 v.开拓(创)",托福
criticize,'krɪtə'saɪz,,"v.批评,责备",托福
originally,ə'rɪdʒənəli,,"ad.最初,原先",托福
salinity,sə'lɪnəti,,"n.盐分,盐度",托福
room,rum,,n.房间,托福
shrub,ʃrʌb,,"n.灌木, 灌木丛",托福
weapon,'wɛpən,,n.武器,托福
clean,klin,,"a.清洁的 v.打扫,使干净",托福
corn,kɔrn,,n.玉米,托福
dynasty,'daɪnəsti,,"n.朝代,王朝",托福
livestock,'laɪvstɑk,,n.家畜,托福
drama,'drɑmə,,n.戏剧,托福
photography,fə'tɑɡrəfi,,n.摄影,托福
colonist,'kɑlənɪst,,"n.殖民地居民,殖民者",托福
extra,'ɛkstrə,,a.额外的,托福
algae,'ældʒi,,n.水藻,托福
lowland,'lolənd,,n.低地,托福
otherwise,'ʌðɚwaɪz,,"conj.否则 ad.否则,除此以外",托福
round,raʊnd,,a.圆的 ad.在周围 prep.大约,托福
imagine,ɪ'mædʒɪn,,"v.想象,设想",托福
selection,sɪ'lɛkʃən,,"n.选择,挑选",托福
vertebrate,'vɝtɪbrət,,n.脊椎动物,托福
sixteenth,'sɪks'tinθ,,"num.第十六,十六分之一",托福
recover,rɪ'kʌvɚ,,"v.恢复,复原,重获",托福
forward,'fɔrwɚd,,"ad.向前,从今往后 a.前部的",托福
expense,ɪk'spɛns,,"n.费用,代价",托福
smooth,smʊð,,"a.光滑的,平整的 v.弄平",托福
talk,tɔk,,v&n.谈话,托福
scheme,skim,,"n.安排 v.计划,策划",托福
tower,'taʊɚ,,"n.塔,城堡",托福
bright,braɪt,,a.明亮的,托福
anthropologist,",ænθrə'pɑlədʒɪst",,n.人类学家,托福
discipline,'dɪsəplɪn,,"n.纪律,学科 v.训练",托福
opposite,ˈɑpəzɪt; ˈɑpəsɪt,,"a.相对的,对面的 n.相反的事物",托福
oyster,'ɔɪstɚ,,"n.牡蛎,蚝",托福
interval,'ɪntɚvl,,"n.间隔,距离",托福
volcano,vɑl'keno,,n.火山,托福
love,lʌv,,n&v.爱,托福
mind,maɪnd,,"n.头脑,意见 v.介意,注意",托福
steady,'stɛdi,,"a.稳固的,坚定的",托福
full,fʊl,,"n.全部 a.充满的,完全的",托福
universal,'jʊnə'vɝsl,,"a.普遍的,全体的",托福
union,'junɪən,,"n.联合,联盟",托福
terrain,tə'reɪn,,n.地形,托福
fluid,'fluɪd,,"n.液体 a.流体的,流动的",托福
wildebeest,'wɪldəbist,,n.羚羊(其中一种),托福
resistance,rɪ'zɪstəns,,"n.反抗,抵抗",托福
rabbit,'ræbɪt,,n.兔,托福
candidate,"ˈkændɪˌdet, -dɪt",,"n.候选人,投考者",托福
museum,mju'ziəm,,n.博物馆,托福
hormone,'hɔrmon,,"n.荷尔蒙,激素",托福
countryside,'kʌntrɪsaɪd,,n.乡下地方,托福
thereby,",ðɛr'baɪ",,"ad.因此,从而",托福
violin,",vaɪə'lɪn",,n.小提琴,托福
bad,bæd,,"a.劣质的,有害的,坏的",托福
copy,'kɑpi,,"n.副本 v.复印,抄袭",托福
distant,'dɪstənt,,"a.远的,疏远的",托福
lens,lɛnz,,"n.透镜,镜头",托福
track,træk,,"n.轨道,踪迹 v.跟踪",托福
porcelain,ˈpɔrsələn,,"n.瓷,瓷器",托福
pellet,'pɛlɪt,,n.小球,托福
physics,'fɪzɪks,,n.物理学,托福
spectrum,'spɛktrəm,,n.光谱,托福
forth,fɔrθ,,"ad.往前,向外",托福
mesozoic,",mesəu'zəuik; ,mez-",,n&a.中生代(的),托福
assign,ə'saɪn,,"v.分配,指派",托福
giant,'dʒaɪənt,,"n.巨人,天才",托福
superior,səˈpɪriər,,"n.长者,上级 a.较高的,上级的",托福
sheet,ʃit,,"n.(一)片,(一)张",托福
rigid,'rɪdʒɪd,,"a.刚硬的,严格的",托福
Denmark,'denma:k,,n.丹麦,托福
symbol,'sɪmbl,,"n.符号,记号,象征",托福
gar,gɑː,,"n.雀鳝属鱼, 雀鳝",托福
functional,'fʌŋkʃənl,,a.功能的,托福
cultivation,'kʌltə'veʃən,,"n.培养,教养",托福
impossible,ɪm'pɑsəbl,,a.不可能的,托福
domestic,də'mɛstɪk,,"a.国内的,家庭的",托福
emphasis,'ɛmfəsɪs,,"n.强调,重点",托福
colonize,'kɑlənaɪz,,"v.拓殖,殖民",托福
flipper,'flɪpɚ,,n.鳍状肢,托福
peninsula,pə'nɪnsələ,,n.半岛,托福
acid,'æsɪd,,n.酸 a.酸的,托福
droplet,'drɑplət,,n.小滴,托福
paleontologist,",pelɪɑn'tɑlədʒɪst",,n.古生物学者,托福
apprentice,ə'prɛntɪs,,n.学徒 v.当学徒,托福
grandma,ɡrænmɑ,,n.奶奶,托福
justify,'dʒʌstə'fai,,v.证明是正当的,托福
cereal,'sɪrɪəl,,n.谷类食品,托福
investigation,"ɪn,vɛstɪ'ɡeʃən",,"n.调查,研究",托福
rail,rel,,"n.栏杆 v.抱怨,责骂",托福
post,post,,"n.邮政(件),职位 v.邮寄,贴出",托福
lock,lɑk,,n.锁 v.锁上,托福
feeling,'filɪŋ,,"n.触觉,知觉",托福
ore,ɔr,,n.矿石,托福
fossilization,fɔsilai'zeiʃən,,n.化石作用,托福
precise,prɪ'saɪs,,"a.精确的,准确的",托福
consistent,kən'sɪstənt,,"a.一致的,调和的",托福
homeland,'homlænd,,"n.祖国,本国",托福
policy,'pɑləsi,,"n.政策,方针",托福
wrong,rɔŋ,,"a&ad.错误的,不正当的",托福
transition,træn'zɪʃən,,"n.转变,过渡",托福
Greece,ɡriːs,,n.希腊,托福
screen,skrin,,"n.屏幕 v.掩蔽,放映",托福
freezing,'frizɪŋ,,"a.冰冻的,严寒的",托福
mislead,'mɪs'lid,,v.误导,托福
hind,haɪnd,,"a.后边的,后面的",托福
psychological,",saɪkə'lɑdʒɪkl",,a.心理(上)的,托福
venus,'vinəs,,"n.维纳斯,金星",托福
aid,ed,,"n.帮助,资助",托福
fern,fɝn,,n.蕨类植物,托福
aurora,ɔ:'rɔ:rə,,"n.黎明的女神,极光",托福
zebra,'zɛbrə; 'zi-,,n.斑马,托福
heart,hɑrt,,"n.心,心脏",托福
whatever,wət'ɛvɚ,,"pron.凡是,无论什么 a.无论怎样的",托福
skull,skʌl,,"n.头脑,头骨",托福
list,lɪst,,"n.目录,列表 v.列出",托福
scandinavian,",skændi'neiviən; -vjən",,n.斯堪的纳维亚人[语],托福
Paris,'pærɪs,,n.巴黎,托福
handle,'hændl,,"v.处理,操作",托福
profit,'prɑfɪt,,"n.利润,益处 v.得益,有利于",托福
revise,rɪ'vaɪz,,"v.修订,校订",托福
fracture,'fræktʃɚ,,"v.(使)破碎,(使)破裂",托福
hence,hɛns,,"ad.因此,从此",托福
investigator,ɪn'vɛstɪɡetɚ,,n.调查人,托福
rent,rɛnt,,"v.租用,出租 n.租金",托福
interpretation,ɪn'tɝprɪ'teʃən,,"n.解释,阐明",托福
overcome,",ovɚ'kʌm",,"v.战胜,克服",托福
dam,dæm,,"n.水坝,障碍",托福
reduction,rɪ'dʌkʃən,,"n.减少,缩影",托福
unless,ən'lɛs,,"conj.如果不,除非",托福
preference,'prɛfrəns,,"n.偏爱,优先选择",托福
transformation,",trænsfɚ'meʃən",,"n.变化,转化",托福
calculate,'kælkjulet,,"v.计算,考虑",托福
basket,'bæskɪt,,"n.篮,一篮",托福
establishment,ɪ'stæblɪʃmənt,,"n.确立,制定",托福
canopy,'kænəpi,,"n.天篷,遮篷",托福
dig,dɪɡ,,v.挖,托福
consumption,kən'sʌmpʃən,,n.消费,托福
reservoir,"'rɛzɚ,vɔr",,"n.水库,蓄水池",托福
description,dɪ'skrɪpʃən,,"n.描写,记述",托福
pore,pɔr,,n.小孔,托福
operation,",ɑpə'reʃən",,"n.运转,操作,实施",托福
cast,kæst,,"v.投, 抛",托福
oral,'ɔrəl,,a.口头的,托福
circumstance,'sɝkəmstæns,,"n.环境,详情,境况",托福
potash,'pɑtæʃ,,"n.碳酸钾,苛性钾",托福
severe,sɪ'vɪr,,"a.严厉的,剧烈的,严重的",托福
satellite,'sætəlaɪt,,n.人造卫星,托福
trouble,'trʌbl,,"n&v.烦恼,麻烦",托福
string,strɪŋ,,n.线 v.排成一列,托福
architect,'ɑrkɪtɛkt,,n.建筑师,托福
exhibitor,ɪg'zɪbɪtɚ,,"n.展出者,显示者",托福
classical,'klæsɪkl,,"a.古典的,正统派的",托福
extract,'ɛkstrækt,,"v.取出,提取 n.摘录",托福
none,nʌn,,"ad.决不,毫不 pron.一个也没有",托福
compact,'kɑmpækt,,v.使坚实 n.契约,托福
undergo,",ʌndɚ'ɡo",,"v.经历,遭受",托福
fragile,'frædʒəl,,"a.易碎的,脆的",托福
responsibility,rɪˌspɑːnsəˈbɪləti,,"n.责任,职责",托福
exaggerate,ɪɡ'zædʒəret,,"v.夸大,夸张",托福
output,'aʊtpʊt,,"n.产量,输出",托福
skyscraper,'skaɪ'skrepɚ,,n.摩天楼,托福
wing,wɪŋ,,n.翅膀 v.飞过,托福
disease,dɪ'ziz,,n.疾病,托福
resist,rɪ'zɪst,,"v.抵抗,反抗",托福
win,wɪn,,"v.(获)胜,赢得",托福
fluctuation,",flʌktʃʊ'eʃən",,"n.波动,起伏",托福
breed,brid,,"v.教养,抚养 n.品种",托福
partner,'pɑrtnɚ,,n.合伙人,托福
argument,'ɑrɡjumənt,,n.争论,托福
solve,sɔlv,,"v.解决,解答",托福
cage,kedʒ,,n.笼,托福
shale,ʃel,,"n.页岩,泥板岩",托福
productivity,",prodʌk'tɪvəti",,n.生产力,托福
furniture,'fɝnɪtʃɚ,,"n.家具,设备",托福
systematic,'sɪstə'mætɪk,,"a.系统的,体系的",托福
attribute,ə'trɪbjut,,"n.属性,品质,特征",托福
maker,'mekɚ,,n.制造者,托福
variable,'vɛrɪəbl,,"a.多变的,可变的 n.变量",托福
preservation,",prɛzɚ'veʃən",,n.保存,托福
initiate,ɪ'nɪʃɪet,,"v.开始,发起",托福
breakfast,'brɛkfəst,,n.早餐 vi进早餐,托福
perceive,pɚ'siv,,"v.察觉,感知",托福
convince,kən'vɪns,,"v.使确信, 使信服",托福
competitive,kəm'pɛtətɪv,,a.竞争的,托福
clue,klʊ,,n.线索,托福
nervous,'nɝvəs,,"a.紧张的,不安的",托福
count,kaʊnt,,"v.数,计算",托福
adjust,ə'dʒʌst,,"v.调整,校准",托福
challenge,'tʃælɪndʒ,,n&v.挑战,托福
hyper,'haɪpɚ,,"a.亢奋的,高度紧张的",托福
eliminate,ɪ'lɪmɪnet,,"v.排除,除去",托福
warren,'wɔrən,,"n.养兔场,大杂院",托福
resident,'rɛzɪdənt,,n.居民,托福
vent,vɛnt,,"n.出口 v.排出,发泄",托福
pole,pol,,"n.柱,地极",托福
storage,'stɔrɪdʒ,,"n.贮藏(量),存储",托福
investor,ɪn'vɛstɚ,,n.投资者,托福
loose,lus,,"n.解放,放任 v.弄松, 释放",托福
miss,mɪs,,"n.过错 v.错过,遗漏",托福
upward,'ʌpwɚd,,a.向上的 ad.以上,托福
linguistic,lɪŋ'gwɪstɪk,,a.语言(学)上的,托福
primitive,'prɪmətɪv,,"a.原始的,远古的",托福
uniform,'junɪfɔrm,,n.制服 v.使统一,托福
vision,'vɪʒən,,"n.幻想,视觉",托福
graze,ɡrez,,"v.放牧,掠过",托福
cucumber,"'kjʊ,kʌmbɚ",,n.黄瓜,托福
exception,ɪk'sɛpʃən,,"n.除外,例外",托福
elaborate,ɪ'læbəret,,"a.详尽的,复杂的 v.详述",托福
failure,'feljɚ,,n.失败,托福
secure,sə'kjʊr,,"a.安全的,可靠的 v.保护",托福
pool,pul,,n.池,托福
mystery,ˈmɪstri,,"n.神秘,神秘的事物",托福
coat,kot,,"n.外套 v.涂上,包上",托福
mature,mə'tʃʊr,,a.成熟的 v.使成熟,托福
sustain,sə'sten,,"v.支撑,维持",托福
latitude,'lætɪtud,,"n.纬度,范围",托福
clothe,kloð,,"v.给穿衣,覆盖",托福
coin,kɔɪn,,n.硬币 v.铸造(硬币),托福
news,nuz,,"n.新闻,消息",托福
organ,'ɔrɡən,,"n.器官,机构",托福
earthenware,'ɝθnwɛr,,"n.土器,陶器",托福
refuse,ri'fjʊz,,v.拒绝,托福
hill,hɪl,,"n.小山,丘陵",托福
wagon,'wægən,,"n.四轮马车,货车",托福
rite,raɪt,,"n.仪式,典礼",托福
achievement,ə'tʃivmənt,,"n.成就,功绩",托福
inhabit,ɪn'hæbɪt,,"v.居住于,栖息",托福
locust,'lokəst,,n.蝗虫,托福
federal,'fɛdərəl,,"a.联邦的,联合的",托福
govern,'ɡʌvɚn,,"v.统治,支配,管理",托福
philosophy,fə'lɑsəfi,,n.哲学,托福
endure,ɪn'dʊr,,"v.耐久,忍耐",托福
offspring,'ɔfsprɪŋ,,"n.儿女,子孙",托福
Hawaii,hə'waii:,,n.夏威夷,托福
brick,brɪk,,n.砖块,托福
convert,kən'vɝt,,"v.使转变,转换",托福
pigeon,'pɪdʒɪn,,n.鸽子,托福
celebrity,sə'lɛbrəti,,"n.名声,名人",托福
devise,dɪ'vaɪz,,"v.设计,发明",托福
your,"jʊr, jɔr, jor,jə",,"pron.你的,你们的",托福
territory,'tɛrətɔri,,"n.领土,地域",托福
interact,",ɪntɚ'ækt",,"v.互相作用,互相影响",托福
gulf,ɡʌlf,,"n.海湾,深渊",托福
bond,bɑnd,,"n.结合,协定 v.使结合,粘合",托福
cluster,'klʌstɚ,,"n.串,丛",托福
calcium,'kælsɪəm,,n.钙,托福
vital,'vaɪtl,,"a.重大的,至关重要的",托福
poetry,'poətri,,n.诗,托福
notice,'notɪs,,n.通知 v.注意到,托福
inland,",ɪn'lænd",,"a.内陆的,国内的",托福
voice,vɔɪs,,"n.嗓音,意见 v.说(话)",托福
double,'dʌbl,,n&a.两倍(的) v.使加倍,托福
entrance,'ɛntrəns,,n.入口,托福
chemistry,'kɛmɪstri,,n.化学,托福
oppose,ə'poz,,"v.反对,对抗",托福
portrait,'pɔrtrɪt,,"n.肖像,人像",托福
agent,'edʒənt,,n.代理(商),托福
weave,wiv,,"v.织,编",托福
scatter,'skætɚ,,"v.撒(播),分散",托福
empty,ˈɛmptɪ,,"a.空的 v.(使)空,倒出",托福
islander,'aɪləndɚ,,n.岛上居民,托福
recognition,",rɛkəɡ'nɪʃən",,"n.识别,确认",托福
tile,taɪl,,"n.瓦片,瓷砖",托福
indication,",ɪndɪ'keʃən",,"n.指示,表示,迹象",托福
implement,'ɪmplɪmɛnt,,"v.履行,实施 n.工(器,用)具",托福
limitation,",lɪmɪ'teʃən",,"n.限制,局限性",托福
piano,pɪ'æno,,n.钢琴,托福
proxy,'prɑksi,,n.代理人,托福
neolithic,ˌniəˈlɪθɪk,,a.新石器时代的,托福
voyage,'vɔɪɪdʒ,,n&v.航海,托福
inspire,ɪn'spaɪɚ,,"v.鼓舞,激起,给…以灵感",托福
spore,spɔr,,n.孢子,托福
Texas,'teksəs,,n.德克萨斯州(美国州名),托福
strain,stren,,"n&v.拉紧,紧张,劳累",托福
imitate,'ɪmɪtet,,"v.模仿,仿制",托福
timber,'tɪmbɚ,,"n.木材,木料",托福
rank,ræŋk,,"n.等级,阶层 v.排列",托福
concentrate,'kɑnsn'tret,,"v.专心,集中,浓缩",托福
container,kən'tenɚ,,n.容器,托福
article,'ɑrtɪkl,,"n.文章,论文",托福
sink,sɪŋk,,v.下沉,托福
ecology,ɪ'kɑlədʒi,,n.生态学,托福
drink,drɪŋk,,v.喝酒,托福
runoff,'rʌnɔf,,"n.径流量,流出",托福
watercolor,"'wɔ:tə,kʌlə, 'wɔ-",,"n.水彩颜料,水彩画(法)",托福
streamline,'strimlaɪn,,a.流线型的,托福
self,,,"n.自己,自我",托福
reward,rɪ'wɔrd,,n.报酬 v.酬劳,托福
mantle,'mæntl,,"n.斗蓬 v.披风,覆盖",托福
telescope,'tɛlɪskop,,n.望远镜,托福
subsequent,'sʌbsɪkwənt,,"a.后来的,并发的",托福
hungry,'hʌŋɡri,,"a.饥饿的,渴望的",托福
episode,'ɛpɪsod,,n.一段情节,托福
crossbill,"'krɔs,bɪl",,n.交喙鸟,托福
emergence,ɪ'mɝdʒəns,,"n.浮现,露出",托福
cheap,tʃip,,"a.便宜的,不值钱的",托福
sort,sɔrt,,"n.种类v分类,拣选",托福
industrialize,ɪn'dʌstrɪəlaɪz,,v.使工业化,托福
burial,'bɛrɪəl,,n.埋葬,托福
hominid,'hɑmɪnɪd,,n.原始人类,托福
laboratory,'læbrə'tɔri,,n.实验室,托福
cinema,'sɪnəmə,,"n.电影院,电影",托福
compass,'kʌmpəs,,"n.罗盘,指南针",托福
kittiwake,'kitiweik,,n.三趾鸥,托福
mode,mod,,"n.方式,模式",托福
entertainment,'ɛntɚ'tenmənt,,"n.款待,娱乐",托福
everything,'ɛvrɪ'θɪŋ,,pron.每件事物,托福
purchase,'pɝtʃəs,,v.购买,托福
sanctuary,'sæŋktʃuɛri,,n.避难所,托福
bus,bʌs,,n.公共汽车,托福
theatrical,θɪ'ætrɪkl,,a.戏剧性的,托福
profession,prə'fɛʃən,,"n.职业,专业",托福
theme,θim,,n.主题,托福
gravel,'ɡrævl,,n.砂砾(层),托福
laborer,'lebərɚ,,n.劳动者,托福
proton,'protɑn,,n.质子,托福
commerce,'kɑmɝs,,n.商业,托福
decide,dɪ'saɪd,,"v.决定,判决",托福
fireplace,'faɪɚples,,n.壁炉,托福
aluminum,ə'lʊmɪnəm,,n.铝,托福
firm,fɝm,,n.公司,托福
collide,kə'laɪd,,"v.碰撞,抵触",托福
fight,faɪt,,"n&v.战斗,打架,斗争",托福
puzzle,'pʌzl,,n.难题 v.(使)迷惑,托福
performer,pɚ'fɔrmɚ,,n.表演者,托福
twist,twɪst,,"v.缠绕,拧,扭曲",托福
dramatically,drə'mætɪkli,,"ad.戏剧地,引人注目地",托福
listen,'lɪsn,,v.听,托福
dependence,dɪ'pɛndəns,,"n.依靠,信任",托福
struggle,'strʌɡl,,"v.努力,奋斗,挣扎",托福
German,'dʒɜːmən,,n.德国人 a.德国的,托福
irregular,ɪ'rɛɡjəlɚ,,"a.不规则的,无规律的",托福
centimeter,"'sɛntə,mitɚ",,n.厘米,托福
colonization,",kɑlənɪ'zeʃən",,"n.殖民地化,殖民",托福
fund,fʌnd,,"n.资金 v.支助,投资",托福
historian,hɪ'stɔrɪən,,n.历史学家,托福
female,'fimel,,n.女性,托福
emit,ɪ'mɪt,,"v.发出,放射",托福
retreat,rɪ'trit,,"v.撤退,退却",托福
deficiency,dɪ'fɪʃənsi,,"n.缺乏,不足",托福
rotate,'rotet,,v.(使)旋转,托福
invertebrate,ɪn'vɝtɪbret,,"a&n.无脊椎的,无骨气的人",托福
symbiotic,sɪmbaɪ'ɑtɪk,,a.共生的,托福
alternative,ɔl'tɝnətɪv,,"a.选择性的,二中择一的",托福
bridge,brɪdʒ,,"n.桥 v.架桥,渡过",托福
vertical,'vɝtɪkl,,"a.垂直的,直立的",托福
circle,'sɝkl,,"n.圆(圈) v.围着,盘旋",托福
quarter,'kwɔrtɚ,,"n.四分之一,一刻钟",托福
fix,fɪks,,"v.修理,安装,整理",托福
doubt,daʊt,,"n&v.怀疑,怀疑",托福
Tennessee,ˌtɛnɪˈsiː,,n.田纳西州,托福
eruption,ɪ'rʌpʃən,,"n.爆发,火山灰",托福
treat,trit,,"vt&n.对待,款待",托福
politician,",pɑlə'tɪʃən",,"n.政治家,政客",托福
politics,'pɑlətɪks,,"n.政治,政治学",托福
mail,mel,,"n.邮件,邮政",托福
beauty,'bjuti,,"n.美,美景",托福
format,'fɔrmæt,,"n.设计,格式",托福
Spanish,'spænɪʃ,,"a&n.西班牙(的),西班牙人(的)",托福
confirm,kən'fɝm,,"v.确定,确认",托福
bubble,'bʌbl,,"n.泡 v.冒泡,起泡",托福
engraving,ɪn'ɡrevɪŋ,,"n.雕刻术,雕版",托福
specimen,'spɛsəmən,,"n.范例,标本,样品",托福
tide,taɪd,,"n.潮,潮汐",托福
ray,re,,"n.光线,射线",托福
weigh,weɪ,,v.称重量,托福
encounter,ɪn'kaʊntɚ,,"v&n.遭遇,遇到",托福
costume,'kɑstum,,"n.装束,服装",托福
plane,plen,,"n.平面,飞机",托福
nouveau,nu:'vəu,,"a.新近到达的,最近产生的",托福
gland,ɡlænd,,n.腺,托福
emission,ɪ'mɪʃən,,"n.散发,发行,排放",托福
log,lɔɡ,,"n.原木,航海日志 v.正式记录",托福
glaze,ɡlez,,v.变呆滞 v.上釉 n.釉(料),托福
martian,'mɑ:ʃən,,n&a.火星人(的),托福
bee,bi,,n.蜜蜂,托福
latter,'lætɚ,,"a.后者的,后面的",托福
occurrence,ə'kʌrəns,,"n.发生,出现",托福
anything,'ɛnɪ'θɪŋ,,pron.任何事,托福
prevail,pri'vel,,"v.流行,获胜",托福
reliance,rɪ'laɪəns,,"n.信任,信心,依靠",托福
roof,ruf,,n.屋顶,托福
mercantile,'mɝkəntɪl,,"a.贸易的,商业的",托福
overall,",ovə'rɔl",,"a.全部的,全面的",托福
fossilize,'fɔsilaiz,,"v.成化石,陈腐",托福
chain,tʃen,,"n.链(条),一连串,一系列",托福
pose,poz,,"n.姿势,姿态 v.摆姿势",托福
cylinder,'sɪlɪndɚ,,"n.圆筒,圆柱体",托福
countercurrent,"'kaʊntɚ,kɝənt",,"n.逆流,反向电流",托福
score,skɔ,,n.得分,托福
potter,'pɑtɚ,,"n.陶工,制陶工人",托福
aesthetic,ɛs'θɛtɪk,,"a.美学的,审美的",托福
neighborhood,"'nebɚ,hʊd",,"n.附近,邻近",托福
hemisphere,'hɛmɪsfɪr,,n.半球,托福
excavate,'ɛkskə'vet,,"v.挖掘,开凿",托福
reclamation,",rɛklə'meʃən",,"n.开垦,改造",托福
admire,ədˈmaɪr,,"v.赞美,钦佩,羡慕",托福
ensure,ɪn'ʃʊr,,"v.确保,保证",托福
weak,wik,,"a.虚弱的,淡的",托福
excite,ɪk'saɪt,,"v.使兴奋,激动",托福
orbit,'ɔrbɪt,,n.轨道 v.(绕…)作轨道运行,托福
sale,sel,,"n.出售,卖出",托福
blow,blo,,"v.风吹,吹气于",托福
pair,pɛr,,"n.一对,一双",托福
grind,ɡraɪnd,,"v.磨(碎),折磨",托福
cease,sis,,"v.停止,终了",托福
incorporate,ɪn'kɔːpəreɪt,,"v.合并,组成公司",托福
classroom,'klæs'rʊm; 'klæs'rʊm,,n.教室,托福
box,bɑks,,"n.盒子,箱",托福
biologist,baɪ'ɑlədʒɪst,,n.生物学家,托福
aboriginal,",æbə'rɪdʒənl",,"a.土著的,原来的",托福
automatically,ɔːtə'mætɪklɪ,,"ad.自动地,机械地",托福
crude,krud,,"a.天然的,未加工的,粗鲁的",托福
version,'vɝʒn,,"n.译文,译本",托福
drawing,'drɔɪŋ,,"n.图画,制图",托福
capture,'kæptʃɚ,,"n&v.捕获,俘获,夺取",托福
hang,hæŋ,,"v.悬挂,附着",托福
income,'ɪnkʌm,,"n.收入,收益,",托福
freedom,'fridəm,,n.自由,托福
Mississippi,ˌmisiˈsipi,,"n.密西西比河,密西西比州(美国州名)",托福
cartoon,kɑr'tun,,"n.漫画,卡通画",托福
separation,",sɛpə'reʃən",,"n.分离,分开",托福
recharge,"ri:'tʃɑ:dʒ, 'ri:tʃɑ:dʒ",,"v.再充电,再进攻,恢复精力",托福
motivation,",motə'veʃən",,n.动机,托福
gene,dʒin,,"n.[遗传]因子,[遗传]基因",托福
penetrate,'pɛnətret,,"v.穿透,渗透,看穿",托福
collective,kə'lɛktɪv,,"a.集体的,共同的",托福
nerve,nɝv,,"n.神经,胆量",托福
engrave,ɪn'ɡrev,,"v.雕刻,使铭记",托福
strait,stret,,n.地峡,托福
flake,flek,,"n.薄片 v.使成薄片,剥落",托福
disadvantage,",dɪsəd'væntɪdʒ",,"n.不利,缺点,劣势",托福
constitute,'kɑnstətut,,"v.构成,组成,建立",托福
graham,'ɡreiəm,,a.全麦(面粉)的,托福
reference,'rɛfrəns,,"n.提及,涉及,参考",托福
eight,et,,"num.八,八个,第八",托福
turnpike,'tɝn'paɪk,,n.收费公路,托福
load,lod,,"n.负荷,装载量 v.装(载),使负担",托福
trigger,'trɪɡɚ,,"v.引发,引起 n.板机",托福
mixture,'mɪkstʃɚ,,n.混合(物),托福
geology,dʒɪ'ɑlədʒi,,"n.地质学,地质概况",托福
spin,spɪn,,"v.旋转,纺纱",托福
expressive,ɪk'sprɛsɪv,,"a.表达的,意味深长的",托福
row,ro,,"n.排,行v划(船)",托福
secrete,sɪ'krit,,"v.隐藏,隐匿",托福
discourage,dɪs'kɝɪdʒ,,"v.使气馁,阻碍",托福
tremendous,trə'mɛndəs,,"a.巨大的,惊人的",托福
crab,kræb,,n.蟹,托福
garden,'ɡɑrdn,,n.(菜、花)园,托福
astronomer,ə'strɑnəmɚ,,n.天文学家,托福
bare,bɛr,,"a.赤裸的,无遮蔽的",托福
Erie,'iəri,,n.伊利(人),托福
inhibit,ɪn'hɪbɪt,,v.阻止妨碍抑制,托福
Yucatan,ju:kə'ta:n,,n.尤卡坦半岛,托福
alkali,'ælkə'lai,,n.碱 a.碱性的,托福
complexity,kəm'plɛksəti,,"n.复杂(性),复杂的事物",托福
sedimentary,",sɛdɪ'mɛntri",,"a.沉积的,沉淀性的",托福
accelerate,əkˈsɛləˌret,,"v.加速,促进",托福
Spain,spen,,n.西班牙(欧洲南部国家),托福
window,'wɪndo,,"n.窗,窗口",托福
text,tɛkst,,"n.正文,课文",托福
sing,sɪŋ,,"v.唱,演唱",托福
assist,ə'sɪst,,"v.援助,帮助",托福
representation,'rɛprɪzɛn'teʃən,,"n.表示法,表现,陈述",托福
regulation,ˌrɛɡjəˈleʃən,,n.规则,托福
enclose,ɪn'kloz,,"v.放入封套,围绕",托福
fluctuate,'flʌktʃʊ'et,,"v.变动,波动",托福
furnace,'fɝnɪs,,"n.炉子,熔炉",托福
reptile,'rɛptaɪl,,n.爬虫动物,托福
popularity,",pɑpju'lærəti",,"n.普及,流行",托福
whom,hum,,pron.谁,托福
bake,bek,,"v.烘焙,烤",托福
ash,æʃ,,"n.灰(烬),[植]岑树",托福
institution,",ɪnstɪ'tuʃən",,"n.公共机构,协会,制度",托福
symbolic,sɪm'bɑlɪk,,"a.象征的,符号的",托福
religion,rɪ'lɪdʒən,,"n.宗教,信仰",托福
conserve,kən'sɝv,,"v.保存,保藏",托福
pit,pɪt,,"n.深坑,陷阱v窖藏,使凹下",托福
traffic,'træfɪk,,"n.交通,运输",托福
Harvard,'hɑvəd,,n.哈佛大学(美国),托福
Himalaya,",himə'leiə",,n.喜马拉雅山,托福
digest,daɪ'dʒɛst,,"v.消化,融会贯通",托福
application,ˌæpləˈkeʃən,,"n.请求,申请,应用",托福
gravity,'ɡrævəti,,"n.地心引力,重力",托福
explorer,ɪk'splɔrɚ,,n.探险者,托福
educate,'ɛdʒuket,,"v.教育,培养",托福
sudden,'sʌdn,,"a.突然的,意外的",托福
precipitation,prɪ'sɪpə'teʃən,,n.仓促,托福
sheep,ʃip,,"n.羊,绵羊",托福
mercy,'mɝsi,,"n.仁慈,宽恕,怜悯",托福
lewis,'lʊɪs,,"n.[机] 吊楔,起重爪",托福
oceanic,'oʃɪ'ænɪk,,a.海洋的,托福
award,ə'wɔrd,,"n.奖,奖品 v.授予,判给",托福
comfortable,'kʌmftəbl,,"a.舒适的,充裕的",托福
sail,sel,,"v.航行(于),启航",托福
recall,'rikɔl,,"v.回忆,记起 n.召回",托福
publisher,'pʌblɪʃɚ,,"n.出版者,发行人",托福
seat,sit,,n.座位 v.使坐下,托福
usual,'juʒuəl,,"a.平常的,通常的",托福
touch,tʌtʃ,,"v.接触,达到",托福
boom,buːm,,"n.繁荣 v.发隆隆声,兴隆",托福
administration,"əd,mɪnɪ'streʃən",,"n.管理,经营",托福
outflow,'aʊtflo,,n.流出(物),托福
durable,'dʊrəbl,,"a.持久的,耐用的",托福
undertake,",ʌndɚ'tek",,"v.承担,采取",托福
finance,'faɪnæns,,"n.财政 v.供给经费,筹措资金",托福
seal,sil,,"n.封铅 vt封, 密封",托福
assumption,ə'sʌmpʃən,,"n.假定, 设想",托福
Ohio,əu'haiəu,,n.俄亥俄州(美国州名),托福
guide,ɡaɪd,,"n.领路人,指南 vt指导, 支配",托福
exceed,ɪk'sid,,"v.超越, 胜过",托福
reform,rɪ'fɔrm,,"vt&n.改革, 革新",托福
switch,swɪtʃ,,"n.开关 vt转换, 转变",托福
southwestern,",sauθ'westən",,"a.西南的, 来自西南的",托福
infantile,'ɪnfəntaɪl,,a.幼稚的，幼儿的,托福
brother,'brʌðɚ,,n.兄弟,托福
crucial,'krʊʃəl,,a.至关紧要的,托福
amnesia,æm'niʒə,,n.健忘症,托福
toy,tɔɪ,,n.玩具,托福
silent,'saɪlənt,,"a.寂静的, 沉默的",托福
nutritional,njʊ'trɪʃənl,,"a.营养的,滋养的",托福
taste,test,,"v.品尝, 体验",托福
contradict,'kɑntrə'dɪkt,,"v.同矛盾, 同抵触",托福
verbal,'vɝbl,,a.口头的,托福
attach,ə'tætʃ,,"v.缚上, 配属,隶属于",托福
supplement,'sʌplɪmənt,,"n.补充, 附录",托福
delivery,dɪ'lɪvəri,,"n.递送,交付,传输",托福
span,spæn,,n.跨度v横越,托福
comparable,'kɑmpərəbl,,"a.可比较的, 比得上的",托福
satisfy,'sætɪsfaɪ,,"v.满足,使满意",托福
panel,'pænl,,"n.面，板,专门小组",托福
react,ri'ækt,,"v.起反应, 起作用",托福
freshwater,'frɛʃwɔtɚ,,n.淡水,托福
successive,sək'sɛsɪv,,"a.连续的, 接连的",托福
official,əˈfɪʃəl; oʊˈfɪʃəl,,"n.官员 a.官方的,正式的",托福
save,sev,,"v.解救, 保存",托福
appreciate,ə'priʃɪet,,"v.赏识, 感激",托福
friend,frɛnd,,"n.朋友, 赞助者, 助手",托福
outline,'aʊtlaɪn,,"n.大纲 v.描画轮廓,略述",托福
crustal,'krʌstl,,a.地壳的,托福
threat,θrɛt,,"n.恐吓, 凶兆, 威胁",托福
carbohydrate,",kɑrbo'haɪdret",,"n.碳水化合物,醣类",托福
periodical,",pɪrɪ'ɑdɪkl",,"a.周期的, 定期的 n期刊, 杂志",托福
nine,naɪn,,"num.九,九个",托福
strengthen,'strɛŋθn,,"v.加强, 巩固",托福
quartz,kwɔrts,,n.石英,托福
sociologist,",sosɪ'ɑlədʒɪst",,n.社会学家,托福
classic,'klæsɪk,,"a.最优秀的,标准的 n杰作",托福
sum,sʌm,,"n.总数,总和 v.共计,概括",托福
delicate,ˈdɛlɪkɪt,,"a.精巧的, 精致的",托福
leadership,'lidɚʃɪp,,"n.领导能力,领导阶层",托福
king,kɪŋ,,n.国王,托福
colleague,'kɑliɡ,,"n.同事, 同僚",托福
seafloor,"'si,flor",,n.海底,托福
bronze,brɑnz,,n.青铜,托福
medium,'midɪəm,,"n.媒体,方法 a.中间的",托福
dome,dom,,n.圆屋顶,托福
script,skrɪpt,,"n.手稿, 手迹",托福
hotel,ho'tɛl,,"n.旅馆, 客栈,",托福
found,faʊnd,,"v.建立, 创办",托福
twice,twaɪs,,"ad.两次, 两倍",托福
instruction,ɪn'strʌkʃən,,"n.命令,指示,用法说明",托福
thrive,θraɪv,,"v.兴旺,繁荣",托福
fiction,'fɪkʃən,,"n.虚构,小说",托福
motor,'motɚ,,n.发动机,托福
partially,'pɑrʃəli,,ad.部分地,托福
Germany,'dʒɝməni,,n.德国,托福
beautiful,'bjʊtəfəl,,a.美丽的,托福
vehicle,'viːɪkl,,"n.交通工具, 车辆",托福
marsh,mɑrʃ,,"n.湿地,沼泽",托福
freight,fret,,n.货物 v.运送,托福
trust,trʌst,,"v.信任, 信赖",托福
intrigue,'ɪn'triɡ,,"v.激起兴趣,耍阴谋 n.阴谋，密谋",托福
artwork,'ɑrt'wɝk,,"n.艺术品,美术品",托福
hatch,hætʃ,,"n.孵化 vt孵出, 策划",托福
shore,ʃɔr,,"n.岸, 海滨",托福
utilize,'juːtəlaɪz,,v.利用,托福
classification,",klæsɪfɪ'keʃən",,"n.分类, 分级",托福
tube,tub,,n.管子,托福
kiln,kɪln,,"n.窑,炉",托福
implication,'ɪmplɪ'keʃən,,"n.含意, 暗示",托福
expert,"'ɛkspɝt; (for adj., also) ɛksˈpɝt ; ɪkˈspɝt",,"n.专家, 行家",托福
awareness,ə'wɛrnəs,,"n.知道, 晓得",托福
drag,dræg,,"v.拖, 拖曳",托福
indium,'ɪndiəm,,n.[化]铟,托福
precious,'prɛʃəs,,"a.宝贵的,珍爱的",托福
velocity,vəˈlɑsəti,,"n.速度, 速率",托福
burst,bɝst,,"v.爆裂, 炸破",托福
academy,ə'kædəmi,,"n.学院,学会,专科学校",托福
path,pæθ,,"n.小路, 路线",托福
refine,rɪ'faɪn,,"v.精炼, 精制",托福
imprint,'ɪmprɪnt,,v.留下烙印,托福
intellectual,",ɪntə'lɛktʃuəl",,"a.智力的, 有智力的",托福
impression,ɪm'prɛʃən,,"n.印象, 感想",托福
Pennsylvania,",pɛnsəl'veɪnjə",,n.宾夕法尼亚州（美国州名）,托福
iridium,ɪ'rɪdɪəm,,n.[化]铱,托福
pick,pɪk,,"v.挑选,采摘",托福
cent,sɛnt,,"n.(货币单位)分, 分币",托福
mobility,mo'bɪləti,,"n.活动性, 灵活性",托福
inference,'ɪnfərəns,,n.推论,托福
integrate,'ɪntɪɡret,,"v.使成整体, 结合",托福
rush,rʌʃ,,"n&v.冲,匆忙,突袭",托福
spray,spreɪ,,n.喷雾 vt喷射,托福
strongly,'strɔŋli,,ad.强烈地；强有力地,托福
lay,le,,"v.放置,铺设",托福
bite,baɪt,,"n&v.咬, 刺痛",托福
harm,hɑrm,,"v.伤害, 损害",托福
footprint,'fʊtprɪnt,,n.足迹,托福
herself,hɝ'sɛlf,,pron.她自己,托福
sponsor,'spɑnsɚ,,"n.发起人 v发起, 主办, 赞助",托福
calorie,'kæləri,,n.卡路里,托福
unpredictable,",ʌnprɪ'dɪktəbl",,a.不可预知的,托福
automobile,",ɔtəmə'bil",,n.汽车,托福
collector,kə'lɛktɚ,,"n.收藏家, 征收者",托福
cooperation,"ko,ɑpə'reʃən",,"n.合作, 协作",托福
enzyme,'ɛnzaɪm,,n.[生化]酶,托福
employee,ɪm'plɔɪi,,"n.职工, 雇员",托福
irrigate,'ɪrəget,,v.灌溉,托福
dozen,'dʌzn,,"n.一打, 十二个",托福
retrieve,rɪ'triv,,"v.恢复,挽回,取回",托福
printer,'prɪntɚ,,"n.印刷工,打印机",托福
silt,sɪlt,,n.淤泥 v.(使)淤塞,托福
roll,rol,,"v.(使)滚动,卷",托福
surveyor,sɚ'veɚ,,"n.测量员, 检查员",托福
worldwide,'wɝldwaɪd,,a.全世界的,托福
acre,'ekɚ,,"n.英亩, 地产",托福
nuclear,'nuklɪɚ,,"a.核子的, 原子能的",托福
nutrition,nu'trɪʃən,,"n.营养, 营养学",托福
larva,'lɑrvə,,n.幼虫,托福
exposition,",ɛkspə'zɪʃən",,"n.展览会, 说明",托福
sharp,ʃɑrp,,"a.锐利的,明显的,急剧的",托福
peasant,'pɛznt,,n.农夫,托福
plastic,'plæstɪk,,n.塑料(制品) a.塑胶的,托福
genetic,dʒə'nɛtɪk,,"a.遗传的, 起源的",托福
page,peɪdʒ,,"n.页,记录",托福
accumulator,ə'kjumjəletɚ,,"n.蓄电池,积聚者",托福
chief,tʃif,,"n.首领 a.主要的, 首要的",托福
imitation,",ɪmɪ'teʃən",,"n.模仿, 效法",托福
beneficial,",bɛnɪ'fɪʃl",,"a.有利的, 有益的",托福
lip,lɪp,,n.嘴唇,托福
fertilizer,'fɝtəlaɪzɚ,,n.肥料,托福
rainwater,'renwɔtɚ,,n.雨水,托福
satire,'sætaɪɚ,,n.讽刺(文学),托福
epoch,'ɛpək,,"n.新纪元, 时代",托福
impressive,ɪm'prɛsɪv,,"a.给人深刻印象的, 感人的",托福
brush,brʌʃ,,"n.刷子, 毛刷, 画笔 vt刷, 掸, 拂",托福
Massachusetts,",mæsə'tʃu:sits",,n.马萨诸塞(美国州名),托福
realism,'riəlɪzəm,,n.现实主义,托福
watch,wɑtʃ,,"v.看,注视,照顾",托福
foundation,faʊn'deʃən,,"n.基础, 根本",托福
evident,'ɛvɪdənt,,"a.明显的, 显然的",托福
marry,'mæri,,"v.娶, 嫁,和结婚",托福
race,res,,n.种族 v赛跑,托福
orient,'orɪənt,,"v.使适应,使朝向 n东方",托福
barren,'bærən,,"a.不生育的,贫瘠的 n.荒地",托福
prosperity,prɑ'spɛrəti,,n.繁荣,托福
lava,'lɑvə,,"n.熔岩, 火山岩",托福
pace,pes,,n.步调 v踱步,托福
empire,'ɛmpaɪr,,n.帝国,托福
contract,'kɑntrækt,,"n.合同 v缩小,订合同",托福
deco,deu'kəu,,n.装饰派艺术,托福
descriptive,dɪ'skrɪptɪv,,"a.描述的, 叙述的",托福
ruminant,'ruːmɪnənt,,"n&a.反刍动物(的), 沉思的",托福
stoneware,'ston'wɛr,,n.瓷器,托福
mirror,'mɪrɚ,,"n.镜子 v.反映,映出",托福
barb,bɑrb,,n.鱼钩 v.装倒钩于,托福
forage,'fɔrɪdʒ,,n.草料,托福
norm,nɔrm,,"n.标准,规范",托福
nitinol,'nitinɔl,,n.[冶]镍钛诺(镍和钛的非磁性合金),托福
chick,tʃɪk,,n.小鸡,托福
condense,kən'dɛns,,"v.(使)浓缩, 精简",托福
cope,kop,,"v.应付,处理",托福
frost,frɔst,,n.霜 v.结霜,托福
client,'klaɪənt,,"n.[计]顾客, 客户, 委托人",托福
potentially,pə'tɛnʃəli,,ad.潜在地,托福
fertile,ˈfɝtəl; (canadian) ˈfɝˌtaɪl,,"a.肥沃的, 富饶的, 能繁殖的",托福
attain,ə'ten,,"v.达到, 获得",托福
background,'bækɡraʊnd,,"n.背景,后台",托福
facilitate,fə'sɪlə'tet,,"v.促进, 帮助",托福
flexible,'flɛksəbl,,"a.易弯曲的,灵活的,柔韧的",托福
precisely,prɪ'saɪsli,,ad.正好,托福
egalitarian,ɪ'gælə'tɛrɪən,,a.平等主义的,托福
plover,'plʌvɚ,,n.千鸟,托福
shelve,ʃɛlv,,v.搁置,托福
judge,dʒʌdʒ,,"n.法官,裁判员 v断定,裁决",托福
progressive,prə'ɡrɛsɪv,,"a.先进的,前进的 n.进步分子",托福
adjacent,ə'dʒesnt,,"a.邻近的,毗连的",托福
unfortunately,ʌn'fɔrtʃənətli,,"ad.不幸地, 遗憾地",托福
participate,pɑr'tɪsə'pet,,"v.参与, 参加",托福
downward,'daʊnwɚd,,a.向下的,托福
warbler,'wɔrblɚ,,n.鸣鸟,托福
specialization,",spɛʃəlɪ'zeʃən",,"n.特殊化, 专门化",托福
media,'miːdɪə,,n.媒体,托福
confuse,kən'fjʊz,,"v.搞乱,使糊涂",托福
twig,twɪɡ,,n.嫩枝,托福
workweek,'wɝkwik,,n.一星期工作时间,托福
extensively,ik'stensivli,,ad.广泛地，彻底地,托福
clement,'klɛmənt,,a.仁慈的，温和的,托福
nutritious,nʊ'trɪʃəs,,"a.有营养的, 滋养的",托福
throw,θro,,"v.扔,投,掷",托福
herb,ɝb,,"n.药草, 香草",托福
affair,ə'fɛr,,"n.事务,事件",托福
mold,mold,,"n.模子vt浇铸, 塑造",托福
mammoth,'mæməθ,,"n.猛犸,长毛象 a.庞大的",托福
tellurium,te'ljʊərɪəm,,n.碲,托福
hopewell,,,n.霍普韦尔,托福
facility,fə'sɪləti,,"n.设备,便利，能力",托福
percentage,pɚ'sɛntɪdʒ,,"n.百分数, 百分率",托福
butter,'bʌtɚ,,"n.黄油,牛油",托福
ignore,ɪɡ'nɔr,,"v.不理睬, 忽视",托福
evaluate,ɪ'væljʊ'et,,"v.评价, 估计",托福
occupation,",ɑkju'peʃən",,"n.职业, 占有",托福
chip,tʃɪp,,n.碎片 v.削成碎片,托福
fauna,'fɔnə,,n.动物群,托福
cook,kʊk,,"n.厨师 v烹调, 煮",托福
discharge,dɪs'tʃɑrdʒ,,"v&n.释放,排出",托福
indicator,'ɪndɪketɚ,,n.指示器,托福
steamboat,'stimbot,,n.汽船,托福
heighten,'haɪtn,,"v.提高, 升高",托福
archaeopteryx,'ɑrkɪ'ɑptɛrɪks,,n.始祖鸟(古代生物),托福
disclaimer,dɪs'klemɚ,,"n.放弃, 弃权",托福
desirable,dɪ'zaɪərəbl,,"a.值得拥有的,可取的",托福
carbonate,'kɑrbənət,,n.碳酸盐,托福
southeastern,",saʊθ'istɚn",,a.东南方的,托福
harmful,'hɑrmfəl,,"a.有害的, 伤害的",托福
scarce,skɛrs,,"a.缺乏的,不足的,",托福
profound,prə'faʊnd,,"a.深刻的, 意义深远的",托福
insulation,",ɪnsə'leʃən",,n.绝缘,托福
modest,'mɑdɪst,,"a.谦虚的, 适度的",托福
presentation,",prizɛn'teʃən",,"n.介绍, 陈述",托福
obviously,'ɑbvɪəsli,,ad.明显地,托福
Missouri,mɪ'zʊri,,n.密苏里州(美国州名),托福
department,dɪ'pɑrtmənt,,"n.部, 局",托福
jet,dʒɛt,,n.喷气式飞机,托福
senate,'sɛnət,,n.参议院,托福
mobile,ˈmobəl; ˈmoˌbaɪl; ˈmoˌbil,,"a.可移动的, 易变的",托福
salty,'sɔlti,,a.咸的,托福
pearl,pɝl,,n.珍珠,托福
rice,raɪs,,"n.稻, 米",托福
westward,'wɛstwɚdz,,"n.西方a&ad西方的, 向西",托福
slope,slop,,n.斜坡 v(使)顺斜,托福
being,'biɪŋ,,"n.存在, 生命",托福
forecast,'fɔrkæst,,"v.预见,预测",托福
excellent,'ɛksələnt,,"a.卓越的, 极好的",托福
conceal,kən'sil,,"v.隐藏, 隐瞒",托福
seep,sip,,v.渗出,托福
naturalist,'nætʃrəlɪst,,n.自然主义者,托福
shield,ʃild,,"v.防护,遮蔽",托福
stomach,'stʌmək,,n.胃,托福
sloth,sloθ,,n.懒惰,托福
target,'tɑrɡɪt,,"n.目标, 对象",托福
battle,'bætl,,"n.战役 vi作战, 战斗",托福
interfere,",ɪntɚ'fɪr",,"v.干涉,妨碍",托福
perceptual,pɚ'sɛptʃuəl,,"a.感性的,知觉的",托福
plentiful,'plɛntɪfəl,,"a.丰富的,充裕的",托福
childhood,'tʃaɪldhʊd,,n.孩童时期,托福
proterozoic,,,n&a.原生代(的),托福
falcon,'fælkən,,n.猎鹰,托福
orchid,'ɔrkɪd,,n.兰花,托福
cement,sə'mɛnt,,"n.水泥,接合剂 v接合,粘牢",托福
shade,ʃed,,"n.荫,阴凉处vi渐变 ,遮蔽",托福
semiarid,",sɛmɪ'ærɪd",,a.半干旱的,托福
renaissance,'rɛnəsɑns,,n.文艺复兴(时期),托福
maintenance,'mentənəns,,"n.维护, 保持",托福
deliver,dɪ'lɪvɚ,,"v.递送, 陈述，交付",托福
sibling,'sɪblɪŋ,,n.兄弟姐妹,托福
regardless,rɪ'ɡɑrdləs,,"a.不管,不顾",托福
click,klɪk,,v.发出滴答声,托福
board,bɔrd,,n.木板,托福
strip,strɪp,,"v.剥, 剥去",托福
stock,stɑk,,n.库存，股票 v.储备,托福
kestrel,'kestrəl,,n.(一种)鹰,托福
suppress,sə'prɛs,,"v.镇压,抑制",托福
bell,bɛl,,"n.铃, 钟",托福
tire,'taɪɚ,,"n&v.疲劳,厌倦",托福
camel,'kæml,,n.骆驼,托福
spontaneous,spɑn'tenɪəs,,"a.自发的,自然产生的",托福
lift,lɪft,,"v.举起,提高",托福
earthquake,'ɝθ'kwek,,"n.地震, [喻]在震荡, 在变动",托福
cognitive,'kɑɡnətɪv,,a.认知的，认识能力的,托福
maximum,ˈmæksəməm,,"n.最大量, 最大限度",托福
spiral,'spaɪrəl,,v.盘旋,托福
relevant,'rɛləvənt,,"a.相关的, 切题的",托福
elect,ɪ'lɛkt,,"v.选举, 选择",托福
straight,stret,,"a.直的,连续的",托福
animation,",ænɪ'meʃən",,"n.兴奋,活跃",托福
elevation,",ɛlɪ'veʃən",,"n.上升, 提高",托福
debate,dɪ'bet,,"v.争论, 辩论",托福
sahara,sə'hɑ:rə; -'heə-,,n.撒哈拉沙漠,托福
lend,lɛnd,,"v.借给, 贷(款)",托福
wavelength,'wevlɛŋθ,,n.波长,托福
passenger,'pæsɪndʒɚ,,n.乘客,托福
highway,'haɪwe,,n.公路,托福
molt,molt,,"vi&n.脱毛,换毛",托福
columbian,kə'lʌmbiən,,"a.美国的, 美洲的,哥伦布的",托福
equivalent,ɪ'kwɪvələnt,,"a.相等的,相当的n等价物",托福
graduate,ˈɡrædʒuˌet,,n.毕业生,托福
everywhere,'ɛvrɪwɛr,,"ad.到处, 无论何处",托福
outward,'aʊtwɚd,,a.外表(面)的 ad.向外,托福
succeed,sək'sid,,"v.成功, 继承, 接着发生",托福
aware,ə'wɛr,,"a.意识到,知道的",托福
commodity,kə'mɑdəti,,n.日用品,托福
experimental,ɛk'spɛrɪ'mɛntəl,,a.实验(性)的，试验(性)的,托福
hit,hɪt,,v.打，击,托福
crystalline,ˈkrɪstəlɪn; ˈkrɪstəlˌaɪn,,"a.水晶(般)的,透明的",托福
speculation,",spɛkju'leʃən",,"n.思索, 做投机买卖",托福
sit,sɪt,,v.坐,托福
thirty,'θɝti,,num.三十,托福
prize,praɪz,,n.奖(金，品)vt珍视，珍惜,托福
profitable,'prɑfɪtəbl,,"a.有益的,有利可图的",托福
revolutionary,'rɛvə'lʊʃə'nɛri,,a.革命的,托福
luxury,'lʌɡʒəri,,"n.奢侈, 华贵",托福
scandinavia,",skændi'neiviə; -vjə",,n.斯堪的纳维亚（北欧地名）,托福
wool,wʊl,,"n.羊毛,毛织品",托福
proper,'prɑpɚ,,"a.适当的,正确的",托福
dairy,'dɛri,,"n.牛奶场,乳品店",托福
phase,fez,,"n.阶段,方面",托福
substantial,səbˈstænʃəl,,"a.可观的,牢固的，实质的",托福
continually,kən'tɪnjʊəli,,ad.不断地，频繁地,托福
confine,kən'faɪn,,v.限制 n.界限,托福
calcite,'kælsaɪt,,n.方解石,托福
realm,rɛlm,,n.领域,托福
orchestra,'ɔrkɪstrə,,n.管弦乐队,托福
me,mi,,pron.我,托福
southward,'sʌðəd,,a.向南 a向南的,托福
intermediate,",ɪntɚ'midɪət",,a.中间的 n媒介,托福
proponent,prə'ponənt,,n.支持者，拥护者,托福
tip,tɪp,,"n.末端,小费 v倾斜",托福
partnership,'pɑrtnɚʃɪp,,n.合伙(关系),托福
gender,'dʒɛndɚ,,"n.性别,(语法中的)性",托福
republican,rɪ'pʌblɪkən,,"a&n.共和政体的,共和党人(的)",托福
strict,strɪkt,,"a.严格的, 严厉的",托福
ichthyosaur,"'ɪkθɪə,sɔr",,n.鱼龙,托福
India,'ɪndɪə,,n.印度,托福
niche,niʃ,,"n.壁龛,合适的职务(环境、位置等)",托福
magazine,'mæɡəzin,,"n.杂志, 期刊",托福
logical,'lɑdʒɪkl,,"a.符合逻辑的,合理的",托福
cavity,'kævəti,,"n.洞, 空穴",托福
primate,'praɪmet,,n.灵长类(动物),托福
tribal,'traɪbl,,"a.部落的,种族的",托福
storytelling,"'storɪ,tɛlɪŋ",,"n.说书, 讲故事",托福
oven,'ʌvn,,n.烤箱,托福
district,'dɪstrɪkt,,"n.区域,行政区",托福
wait,wet,,v&n.等待,托福
stationary,'steʃənɛri,,"a.固定的,静止不动的",托福
measurement,'mɛʒɚmənt,,"n.测量法,度量,",托福
pleasure,ˈplɛʒɚ,,"n.愉快,乐趣",托福
snowflake,'snoflek,,n.雪花,托福
swallow,'swɑlo,,"n&v.吞下,咽下",托福
insufficient,",ɪnsə'fɪʃnt",,a.不足的,托福
imagination,"ɪ,mædʒɪ'neʃən",,n.想象(力),托福
telephone,'tɛlə'fon,,n.电话,托福
pterosaur,"'tɛrə,sɔr",,n.翼龙,托福
fifteen,",fɪf'tin",,num.十五,托福
bay,,,n.海湾,托福
squeeze,skwiz,,"n&v.压榨, 挤",托福
realist,'riəlɪst,,n.现实主义者,托福
pack,pæk,,"v.捆扎,打包 n.包",托福
populate,'pɑpjulet,,"v.构成人口, 居住于",托福
gallery,'gæləri,,"n.走廊,画廊",托福
defend,dɪ'fɛnd,,"v.防护, 辩护",托福
porous,'pɔrəs,,a.多孔渗水的,托福
dot,dɑt,,"n.点 vt打点于,点缀",托福
disturb,dɪ'stɝb,,"v.打扰,弄乱",托福
harbor,'hɑrbɚ,,n.海港,托福
tract,trækt,,"n.传单,小册子,大片(土地或森林)",托福
merely,'mɪrli,,"ad.仅仅, 只, 不过",托福
protein,'protin,,n.蛋白质,托福
inexpensive,",ɪnɪk'spɛnsɪv",,"a.廉价的,便宜的",托福
equatorial,",ɛkwə'tɔrɪəl",,a.(近)赤道的,托福
tiredness,'taiədnis,,"n.疲劳,疲倦",托福
hollow,'hɑlo,,"n.洞, 窟窿 v.挖空,弄凹",托福
slip,slɪp,,"n&v.滑倒,滑动",托福
illuminate,ɪ'lumɪnet,,"v.照明,阐释, 说明",托福
influential,",ɪnflu'ɛnʃl",,"a.有影响的, 有势力的",托福
spear,spɪr,,"n.矛, 枪",托福
behave,bɪ'hev,,"v.表现,行为, 举止",托福
equip,ɪ'kwɪp,,"v.装备, 配备",托福
fourth,fɔrθ,,num.第四个,托福
everyday,'ɛvrɪde,,a.每天的，日常的,托福
realistic,",riə'lɪstɪk",,a.现实(主义)的,托福
review,rɪ'vju,,"vt&n.回顾,复习,评论",托福
iodine,aɪədaɪn,,"n.碘, 碘酒",托福
hypothalamus,",haɪpə'θæləməs",,n.[解剖]视丘下部,托福
tablet,'tæblət,,n.药片,托福
songbird,'sɔŋbɝd,,"n.鸣禽,鸣鸟",托福
aside,ə'saɪd,,"ad.在旁边,到旁边",托福
illusion,ɪ'luʒn,,n.幻想,托福
cliff,klɪf,,"n.悬崖, 绝壁",托福
else,ɛls,,"a.别的,其他的 ad另外",托福
interplay,",ɪntɚ'plɛi",,n.相互影响,托福
topi,'topi,,"n.遮阳帽,[动]转角牛羚",托福
stiff,stɪf,,a.(僵)硬的；生硬的,托福
cow,kaʊ,,n.母牛,托福
terminal,ˈtɜːrmɪnl,,"n.终点(站),终端",托福
herd,hɝd,,n.兽群 v.使集中，把…赶在一起,托福
ceremonial,",sɛrɪ'monɪəl",,n.仪式 a.正式的,托福
piston,'pɪstən,,n.活塞,托福
tolerate,'tɑləret,,"v.忍受,容忍",托福
virtue,'vɝtʃʊ,,"n.美德, 贞操",托福
icebox,'aɪsbɑks,,n.冷藏库,托福
roost,rust,,v& n.栖息鸟巢,托福
tropic,'trɑpɪk,,"n.回归线,热带 a.热带的",托福
nestle,'nɛsl,,"v.依偎,（舒适地）安顿",托福
tactic,'tæktɪk,,"n.策略, 战略",托福
contaminate,kən'tæmɪnet,,"v.弄脏, 污染",托福
Japanese,",dʒæpə'niz",,"n&a.日本人(的), 日语（的）",托福
cap,kæp,,"n.帽子,盖 vt覆盖,胜过",托福
carver,'kɑ:və,,n.雕刻匠,托福
accomplish,ə'kɑmplɪʃ,,"v.完成,实现",托福
properly,'prɑpɚli,,ad.适当地；正确地,托福
kohoutek,kə'hu:tek,,n.[天]科胡特克彗星,托福
mere,mɪr,,"a.仅仅的,起码的",托福
immune,ɪ'mjʊn,,a.免疫的,托福
gill,ɡɪl,,"n.鳃,及耳[液量单位]",托福
disagreement,",dɪsə'ɡrimənt",,n.不一致；争论,托福
entrepreneur,ˌɑntrəprəˈnɝ​,,"n.企业家, 主办人",托福
ingredient,ɪn'ɡridɪənt,,"n.成分, 因素",托福
prominent,'prɑmɪnənt,,"a.显著的,杰出的, 突出的",托福
exploration,",ɛksplə'reʃən",,"n.探险, 探测",托福
fashion,'fæʃən,,"n.方式,流行款式 v.形成,塑造",托福
alarm,ə'lɑrm,,"n.警报 vt恐吓, 警告",托福
husband,'hʌzbənd,,n.丈夫,托福
proceed,pro'sid,,"v.进行,继续下去",托福
feat,fit,,n.功绩，伟业,托福
angle,'æŋɡl,,"n.[数]角,角落",托福
coordinate,ko'ɔrdɪnet,,v.调节，协调,托福
substitute,'sʌbstɪtut,,"v.代替,替换",托福
meaningful,'minɪŋfl,,a.意味深长的,托福
agrarian,ə'ɡrɛrɪən,,"a.有关土地的, 耕地的",托福
message,'mɛsɪdʒ,,"n.消息,信息",托福
margin,'mɑrdʒən,,"n.边缘,余地,页边空白",托福
airplane,ˈerpleɪn,,n.飞机,托福
utility,ju'tɪləti,,"n.效用,公用",托福
warn,wɔrn,,v.警告，告诫,托福
motive,'motɪv,,n.动机，目的,托福
letter,'lɛtɚ,,n.信，函件，字母,托福
contrary,'kɑntrɛri,,"a.相反的 n.反面, 相反",托福
canoes,,,n.独木舟,托福
adequate,ˈædɪkwət,,"a.足够的,适当的",托福
starling,'stɑrlɪŋ,,n.欧掠鸟,托福
correspond,",kɔrə'spɑnd",,"v.符合,相当",托福
fifteenth,'fɪf'tinθ,,num.第十五,托福
invade,ɪn'ved,,v.侵略,托福
sensitive,'sɛnsətɪv,,"a.敏感的,灵敏的",托福
humidity,hju'mɪdəti,,"n.湿气,潮湿",托福
additive,'ædətɪv,,a.附加的 n.添加剂,托福
hope,hop,,"v&n.希望,信心",托福
peripheral,pə'rɪfərəl,,"a.外围的,不重要的",托福
Egypt,'idʒɪpt,,n.埃及,托福
steadily,'stɛdəli,,"ad.稳定地,坚定地",托福
odor,'oʊdə,,n.气味,托福
deprive,dɪ'praɪv,,"v.剥夺,使丧失",托福
shoot,ʃut,,"v.发射, 开枪",托福
conquer,'kɑŋkɚ,,"v.征服, 战胜",托福
loyalty,'lɔɪəlti,,n.忠诚,托福
unexpected,'ʌnɪk'spɛktɪd,,"a.想不到的,意外的",托福
eagle,'igl,,n.鹰,托福
exchanger,iks'tʃeindʒə,,"n.交换器, 换热器",托福
strictly,'strɪktli,,ad.严格地,托福
psychodynamic,",psaikəudai'næmik",,a.精神动力的,托福
lighthouse,'laɪthaʊs,,n.灯塔,托福
chart,tʃɑrt,,n.图表 vt制图,托福
palm,pɑm,,"n.手掌,掌状物",托福
innovative,'ɪnəvetɪv,,"a.创新的, 革新的",托福
impose,ɪm'poz,,"v.强加,征收(税款)",托福
underlie,",ʌndɚ'laɪ",,"v.位于之下, 成为的基础",托福
enemy,'ɛnəmi,,n.敌人,托福
expectation,",ɛkspɛk'teʃən",,"n.期待,预料",托福
farmland,'fɑrmlænd,,n.农田,托福
disperse,dɪ'spɝs,,"v.分散, 疏散",托福
relic,'rɛlɪk,,"n.遗物, 废墟",托福
pile,paɪl,,n.一堆，一叠 v堆积,托福
smell,smɛl,,"n.气味v嗅, 闻到",托福
management,'mænɪdʒmənt,,"n.经营,管理,处理",托福
gallium,'gælɪəm,,n.镓,托福
lion,'laɪən,,n.狮子,托福
suspend,sə'spɛnd,,"v.暂停,悬，挂",托福
camera,'kæmərə,,n.照相机,托福
ion,'aɪən,,n.离子,托福
ink,ɪŋk,,n.墨水,托福
eggshell,'ɛɡʃɛl,,"n.蛋壳, 易碎的东西",托福
invader,ɪn'vedɚ,,n.侵略者,托福
interview,'ɪntɚvju,,n.接见，会见；面谈,托福
pigment,'pɪgmənt,,"n.天然色素,颜料",托福
hire,'haɪɚ,,v.／n租用，雇用,托福
finger,'fɪŋɡɚ,,n.手指 v用手指拨弄,托福
silversmith,'sɪlvɚsmɪθ,,n.银器匠,托福
poet,'poət,,n.诗人,托福
biome,'baɪom,,n.(生态)生物群系,托福
darkness,'dɑrknəs,,"n.黑暗,漆黑",托福
mount,maʊnt,,"v.登上 n山,峰",托福
sodium,'sodɪəm,,n.[化] 钠,托福
ready,'rɛdi,,a.有准备的,托福
Hispanic,hi'spænik,,a.西班牙的,托福
instinct,'ɪnstɪŋkt,,n.本能,托福
reformer,rɪ'fɔrmɚ,,"n.改革家, 改革运动者",托福
minimize,'mɪnɪmaɪz,,v.将减到最少,托福
Mississippian,",mɪsə'sɪpɪən",,a.密西西比河的 n密西西比州人,托福
browse,braʊz,,"v&n.浏览, 放牧",托福
southwest,",saʊθ'wɛst",,n.西南方(的),托福
convex,'kɑnvɛks,,a.凸出的,托福
magma,'mæɡmə,,"n.岩浆, 糊剂",托福
intention,ɪn'tɛnʃən,,"n.意图, 目的",托福
wash,wɑːʃ,,"n&v.洗,洗涤",托福
trader,'tredɚ,,n.商人,托福
injury,'ɪndʒəri,,"n.伤害,侮辱",托福
sight,saɪt,,"n.视力, 视域",托福
meeting,'mitɪŋ,,n.会议,托福
fault,fɔlt,,"n.过错 v.挑剔,弄错",托福
address,ə'drɛs,,"n.地址,演说 vt写地址,演说",托福
saturate,'sætʃərɪt,,"v.使湿透,饱和",托福
terrace,ˈterəs,,"n.平台,阳台 v.使成梯形地",托福
secret,'sikrɪt,,n&a.秘密(的),托福
swamp,swɑmp,,"n.沼泽,湿地",托福
inclusion,ɪn'kluʒn,,n.包含,托福
navigation,'nævə'geʃən,,"n.航海,航行",托福
sheer,ʃɪr,,a&ad.十足的，陡峭的,托福
cadmium,'kædmɪəm,,n.[化]镉,托福
banker,'bæŋkɚ,,n.银行家,托福
designate,'dɛzɪɡnet,,"v.指明,指定",托福
abstract,'æbstrækt,,"n.摘要,抽象",托福
assessment,ə'sɛsmənt,,n.估计；评估,托福
dominance,'dɔmɪnəns,,"n.支配,优势",托福
anger,'æŋɡɚ,,n.怒 v.恼火,托福
drum,drʌm,,n.鼓,托福
horticulture,'hɔrtɪ'kʌltʃɚ,,n.园艺,托福
compress,kəm'prɛs,,"v.压缩,摘要叙述",托福
constitution,'kɑnstə'tʊʃən,,"n.宪法,章程",托福
cone,kon,,n.圆锥体；,托福
fade,fed,,v.褪去，褪色,托福
lifestyle,'laɪfstaɪl,,n.生活方式,托福
patent,'pætnt,,n&a.专利(权)(的),托福
invest,ɪn'vɛst,,v.投资，投入,托福
lord,lɔrd,,"n.封建领主,君主",托福
debt,dɛt,,n.债务,托福
dispersal,dɪ'spɝsl,,"n.散布,传播,分散",托福
residential,",rɛzɪ'dɛnʃl",,"a.住宅的, 居住的",托福
Indiana,",indi'ænə",,n.印地安那州,托福
mild,maɪld,,"a.温和的, 轻微的,适度的",托福
tectonic,tɛk'tɑnɪk,,"a.构造的, 建筑的",托福
firn,fɪrn,,"n.粒雪, 积雪",托福
adulthood,'ædʌlthʊd,,n.成人期,托福
consciously,'kɑnʃəsli,,"ad.有意识地, 自觉地",托福
advocate,ˈædvəkeɪt；-et,,"v.提倡,鼓吹",托福
sixteen,",sɪks'tin",,num.十六,托福
supernatural,",supɚ'nætʃrəl",,"a&n.超自然(的), 神奇(的)",托福
nomadism,"'nəumædizəm, 'nɔ-",,"n.游牧,流浪",托福
catastrophe,kə'tæstrəfi,,n.大灾难,托福
selenium,sə'linɪəm,,n.[化]硒,托福
poem,'poəm,,n.诗,托福
ballet,bæ'le,,n.芭蕾(舞),托福
unhappy,ʌn'hæpi,,"a.不幸的, 不快乐的",托福
Bantu,bæn'tu:,,"n.班图人, 班图语",托福
ratio,'reʃɪo,,"n.比, 比率",托福
noise,nɔɪz,,"n.喧闹声, 噪声",托福
inadequate,ɪn'ædɪkwət,,"a.不充分的,不适当的",托福
strategy,'strætədʒi,,n.策略,托福
geothermal,",dʒio'θɝml",,a.地热的,托福
reclaim,rɪ'klem,,"v.要回,开垦,回收",托福
restoration,'rɛstə'reʃən,,"n.恢复, 归还",托福
eddy,'ɛdi,,"n.旋转,漩涡",托福
wherever,wɛr'ɛvɚ,,conj.无论在哪里 ad.无论什么地方,托福
legislation,",lɛdʒɪs'leʃən",,"n.立法,法律的制定(或通过)",托福
welfare,'wɛl'fɛr,,n.福利,托福
telecommuting,"'tɛlɪkə,mjʊtɪŋ",,"n.远程联机,  远程办公",托福
crowd,kraʊd,,n.人群 v拥挤,托福
presumably,prɪ'zuməbli,,"ad.大概,可能,据推测",托福
metabolism,mɛ'tæbəlɪzəm,,n.新陈代谢,托福
transplant,træns'plænt,,"v.移栽,移植 n(器官)移植",托福
repress,rɪ'prɛs,,v.抑制，镇压,托福
subway,'sʌbwe,,"n.地铁, 地下通道",托福
geographical,dʒɪə'græfɪkl,,a.地理(学)的,托福
pride,praɪd,,n.自豪,托福
refrigerator,rɪ'frɪdʒəretɚ,,n.电冰箱,托福
fir,fɝ,,n.[植]冷杉,托福
reserve,rɪ'zɝv,,"v.储备,保留",托福
court,kɔrt,,n.法庭，庭院,托福
superorganism,",sju:pə'rɔ:ɡənizəm",,n.[生]超个体(指群居昆虫等的群体),托福
calculation,",kælkju'leʃən",,"n.计算,考虑",托福
rational,'ræʃnəl,,"a.理性的,合理的",托福
criterion,kraɪˈtɪriən,,n.标准,托福
linen,'lɪnɪn,,n.亚麻布（制品）,托福
Harlem,'hɑləm,,n.(纽约的）黑人住宅区,托福
orleans,ɔ:'liənz,,n.奥尔良[法国],托福
orientation,orɪɛn'teʃən,,n.方向，目标,托福
foster,'fɔstɚ,,v.收养；培养，促进,托福
inevitable,ɪn'ɛvɪtəbl,,"a.不可避免的, 必然的",托福
controversial,",kɑntrə'vɝʃl",,"a.有争议的,引起争论的",托福
dream,drim,,"v.做梦 n梦,梦想",托福
geographic,",dʒiə'ɡræfɪk",,a.地理(学)的,托福
projector,prə'dʒɛktɚ,,n.放映机,托福
peepshow,'pi:pʃəu,,n.西洋镜,托福
anemone,ə'nɛməni,,"n.[植]银莲花, [动]海葵",托福
handedness,'hændɪdnɪs,,n.用右手或左手的习惯,托福
harmony,'hɑrməni,,"n.协调,融洽",托福
nut,nʌt,,n.坚果,托福
billfish,"'bɪl,fɪʃ",,"n.长嘴鱼,尖嘴鱼",托福
identical,aɪ'dɛntɪkl,,"a.同一的,相同的",托福
mutual,'mjutʃuəl,,"a.相互的,共有的",托福
regularity,ˌrɛɡjəˈlærətɪ,,"n.规律性,规则性",托福
realization,",riələ'zeʃən",,n.实现,托福
plow,plaʊ,,"v.耕, 犁",托福
minimum,'mɪnɪməm,,"a.最小的 n.最小值,",托福
truly,ˈtruːli,,ad.真正地；忠实地,托福
figurine,",fɪɡjə'rin",,n.小雕像,托福
polygon,'pɑlɪɡɑn,,"n.[数]多角形,多边形",托福
hypothesize,haɪ'pɑθəsaɪz,,"v.假设,猜测",托福
depletion,dɪ'pliʃən,,n.损耗,托福
request,rɪ'kwɛst,,"v.请求, 要求",托福
conservation,",kɑnsɚ'veʃən",,"n.保存,保持",托福
ammonia,ə'monɪə,,"n.[化]氨, 氨水",托福
beringia,,,n.白令海和楚可奇海海域,托福
violent,'vaɪələnt,,"a.猛烈的,暴力的",托福
arrival,ə'raɪvəl,,"n.到来, 到达",托福
sedimentation,",sɛdɪmɛn'teʃən",,"n.沉淀,沉降",托福
rectangular,rɛk'tæŋgjəlɚ,,a.长方形的，矩形的,托福
agency,'edʒənsi,,"n.代理处, 中介",托福
questionnaire,ˌkwɛstʃənˈɛr,,"n.调查表, 问卷",托福
temple,'tɛmpl,,"n.庙, 寺",托福
remote,rɪ'mot,,"a.遥远的, 偏僻的",托福
asphalt,'æsfɔlt,,n.沥青,托福
evergreen,'ɛvɚɡrin,,n.常绿树 a.常绿的,托福
lizard,'lɪzɚd,,n.[动]蜥蜴,托福
ornament,'ɔrnəmənt,,"n&vt.装饰(品),美化",托福
parental,pə'rɛntl,,a.父母的,托福
illumination,ɪ'lʊmə'neʃən,,"n.阐明, 启发",托福
healthy,'hɛlθi,,a.健康的,托福
simplify,'sɪmplɪfaɪ,,"v.单一化,简单化",托福
equator,ɪ'kwetɚ,,n.赤道,托福
advertiser,'ædvɚtaɪzɚ,,"n.登广告者,广告客户",托福
persian,,,n.波斯人[语],托福
neonate,'nionet,,n.初生婴儿,托福
genius,'dʒinjəs,,"n.天才, 天赋",托福
caterpillar,'kætɚpɪlɚ,,n.毛虫,托福
drainage,'drenɪdʒ,,"n.排水系统,下水道",托福
criticism,'krɪtə'sɪzəm,,"n.批评, 批判",托福
impress,ɪm'prɛs,,"v.印,留下印象",托福
smile,smaɪl,,vi&n.微笑,托福
silk,sɪlk,,n.丝绸,托福
friction,'frɪkʃən,,"n.摩擦,摩擦力",托福
excess,'ɛk'sɛs,,n&a.过量(的),托福
zinc,zɪŋk,,n.锌,托福
vulnerable,'vʌlnərəbl,,a.易受伤的，脆弱的,托福
proposal,prə'pozl,,"n.提议,建议",托福
effectively,ɪ'fɛktɪvli,,ad.有效地,托福
flee,fli,,"v.逃避,逃跑,消失",托福
wartime,'wɔrtaɪm,,n.战时,托福
Euphrates,ju:'freiti:z,,n.幼发拉底河,托福
gypsum,'dʒɪpsəm,,"n.石膏,",托福
objective,əb'dʒɛktɪv,,"n.目标,目的a客观的",托福
inspiration,ˌɪnspəˈreʃən,,n.灵感,托福
shrine,ʃraɪn,,"n.圣地, 神龛",托福
meltwater,"'mɛlt,wɔtɚ",,n.冰雪融化成的水,托福
sector,'sɛktɚ,,"n.部分, 部门",托福
bulb,bʌlb,,"n.鳞茎,球形物",托福
trillion,'trɪljən,,num.万亿,托福
isolation,",aɪsə'leʃən",,n.隔离，孤立,托福
frontality,frɔn'tɔliti,,n.正面描绘,托福
Tasmania,tæz'meiniə; -njə,,"n.塔斯马尼亚岛, 塔斯马尼亚州(澳大利亚州名)",托福
Latin,'lætn,,"n&a.拉丁文,拉丁语(的)",托福
abroad,ə'brɔd,,"ad.到国外,在国外",托福
burgess,'bɝdʒɪs,,n.(英国)市民，镇民,托福
split,splɪt,,v.分裂；撕裂 n裂口,托福
alternate,'ɔltɚnət,,"v.交替, 轮流",托福
guarantee,",ɡærən'ti",,"n.保证(书)vt保证, 担保",托福
manganese,",mæŋɡə'niz",,n.n〈化〉锰,托福
ultimately,'ʌltɪmətli,,ad.最后，最终,托福
strange,strendʒ,,"a.陌生的,奇怪的",托福
journey,'dʒɝni,,n.旅行,托福
igneous,'ɪgnɪəs,,"a.(指岩石)火成的, 火的",托福
Zealand,'zilənd,,n.西兰岛(丹麦最大的岛),托福
gaseous,'ɡæsɪəs,,"a.气体的,气态的",托福
buck,bʌk,,n.(一)美元；雄鹿(兔),托福
enrich,ɪn'rɪtʃ,,"v.充实,使富裕",托福
metropolis,mə'trɑpəlɪs,,"n.首都,大城市",托福
botanical,bə'tænɪkl,,a.植物(学)的,托福
wife,wʌɪf,,n.妻子,托福
urge,ɝdʒ,,v.鼓励；强烈要求 n.强烈的欲望,托福
lomas,,,n.洛马斯(阿根廷东部的一城镇),托福
deform,dɪ'fɔrm,,v.(使)变形,托福
safe,sef,,a.安全的 n.保险箱,托福
confederacy,kən'fɛdərəsi,,"n.联盟,邦联",托福
spite,spaɪt,,"n.(in ～ of)不顾,不管",托福
fertilize,'fɝtəlaɪz,,v.使肥沃；使多产,托福
withstand,wɪð'stænd,,"v.抵挡, 经受住",托福
immense,ɪ'mɛns,,"a.极广大的, 无边的,",托福
singer,'sɪŋɚ,,n.歌手,托福
raft,ræft,,"n.木排(筏),救生圈 v用筏子渡河",托福
offshore,",ɔf'ʃɔr",,"a&ad.离岸的,近海的",托福
hierarchy,'haɪərɑrki,,n.等级制度,托福
commission,kə'mɪʃən,,"n.委员会 vt委任,委托",托福
intend,ɪn'tɛnd,,"v.想要, 打算",托福
democratic,'dɛmə'krætɪk,,"a.民主的,民主主义的",托福
interlock,'ɪntɚlɑk,,v.互锁,托福
truth,trʊθ,,"n.事实,真理",托福
attachment,ə'tætʃmənt,,"n.附件,附加装置",托福
closet,'klɑzət,,"n.壁橱,储藏室",托福
insulate,ˈɪnsəˌleɪt ; ˈɪnsjʊˌleɪt,,"v.使绝缘, 隔离",托福
mission,'mɪʃən,,"n.使命,任务",托福
odd,ɑd,,"a.奇特的,奇数的 n.[ pl]机会",托福
Illinois,",ili'nɔi(z)",,n.伊利诺斯州(美国州名),托福
sieve,sɪv,,"n.n 筛,滤网 v.筛, 过滤",托福
prosperous,'prɑspərəs,,a.繁荣的，兴旺的,托福
alpine,'ælpain,,"a.高山的, 阿尔卑斯山的",托福
monumental,",mɑnju'mɛntl",,"a.纪念碑的,不朽的",托福
twelve,twɛlv,,num.十二,托福
payment,'pemənt,,"n.付款, 报酬, 偿还",托福
shed,ʃɛd,,"v.脱落,流出 n棚屋",托福
spectator,'spɛktetɚ,,n.观众(指比赛或表演),托福
partly,'pɑrtli,,ad.在一定程度上，部分地,托福
thrust,θrʌst,,v.推，插；刺 n.要旨,托福
delay,dɪ'le,,"v./n耽搁, 延迟",托福
don,dɒn,,"n.先生,阁下",托福
novelty,'nɑvlti,,"n.新颖, 新奇事物",托福
bend,bɛnd,,"v.弯曲,屈服",托福
duration,du'reʃən,,n.持续时间,托福
everyone,'ɛvrɪwʌn,,pron.每个人,托福
segment,'sɛɡmənt,,"n.段, 节",托福
compaction,kəm'pækʃən,,"n.压紧,紧束之状态",托福
carpenter,ˈkɑːrpəntər,,n.木匠,托福
assistant,ə'sɪstənt,,"n.助手, 助教",托福
tape,tep,,"n.带子, 磁带",托福
disaster,dɪ'zæstɚ,,n.灾难,托福
astonish,ə'stɑnɪʃ,,v.使惊讶,托福
adaptive,ə'dæptɪv,,"a.适合的, 适应的",托福
liberal,'lɪbərəl,,n.自由主义者 a.慷慨的,托福
perfectly,'pɝfɪktli,,ad.理想地；完美地,托福
manage,'mænɪdʒ,,v.管理，经营，处理,托福
hair,hɛr,,"n.头发, 毛发",托福
admission,əd'mɪʃən,,"n.允许进入, 承认, 许可",托福
manufacturer,",mænju'fæktʃərɚ",,"n.制造业者, 厂商",托福
census,'sɛnsəs,,n.人口普查,托福
Seattle,si'ætl,,n.西雅图,托福
altogether,",ɔltə'ɡɛðɚ",,"a.完全地, 总而言之",托福
spectacular,spɛk'tækjəlɚ,,"a.引人入胜的, 壮观的",托福
mathematician,",mæθəmə'tɪʃən",,n.数学家,托福
beam,bim,,"n.梁, 桁条",托福
kerosene,'kɛrəsin,,n.煤油,托福
buffalo,'bʌfəlo,,n.美洲野牛,托福
cosmic,'kɑzmɪk,,a.宇宙的,托福
underwater,",ʌndɚ'wɔtɚ",,a.在水中生长的,托福
superiority,"su,pɪrɪ'ɔrəti",,"n.优越, 高傲",托福
horizontal,'hɔrə'zɑntl,,"a.地平线的, 水平的",托福
eleven,ɪ'lɛvn,,n.十一,托福
breath,brɛθ,,"n.呼吸, 气息",托福
compensate,'kɑmpɛnset,,"v.偿还, 补偿",托福
acceptance,ək'sɛptəns,,"n.接受,接纳",托福
naturalistic,",nætʃrə'lɪstɪk",,"a.自然的, 自然主义的",托福
cenozoic,",si:nə'zəuik",,"n.新生代,新生代之岩层 a新生界的",托福
plantation,plæn'teʃən,,"n.种植园,人工林",托福
propulsion,,,n.推进(力),托福
brilliant,'brɪljənt,,a.光辉的，卓越的，杰出的,托福
chamber,ˈtʃeɪmbər,,"n.室, 会议厅",托福
parallel,'pærəlɛl,,"n.相似处；平行线 a.平行的,类似的",托福
drastically,'dræstikəli,,"ad.大幅度地, 彻底地",托福
tomb,tum,,n.坟墓,托福
obstacle,'ɑbstəkl,,"n.障碍, 妨害物",托福
Italy,'ɪtəlɪ,,n.意大利(欧洲南部国家),托福
subtle,'sʌtl,,"a.微妙的；诡秘的,精细的",托福
trolley,'trɑli,,n.电车,托福
totally,'totəli,,"ad.完全地, 整全地",托福
fulfill,ful'fil,,"v.履行,实现",托福
distort,dɪ'stɔrt,,"v.歪曲, 扭曲,变形",托福
narrative,'nærətɪv,,"n.故事,叙述 a.叙述的",托福
reasonable,'riznəbl,,"a.合理的,通情达理的",托福
consideration,"kən,sɪdə'reʃən",,"n.考虑, 体贴",托福
wilderness,'wɪldɚnəs,,n.荒野,托福
fur,fɝ,,n.毛皮,托福
woodcut,'wʊdkʌt,,n.木刻,托福
extraordinary,ɛkˈstrɔrdənˌɛri; ɪkˈstrɔrdəˌnɛri; ˌɛkstrəˈɔrdəˌnɛri,,"a.非凡的, 特别的",托福
delta,'dɛltə,,n.三角州,托福
putrefy,'pju:trifai,,"v.(使)化脓, (使)腐烂",托福
postulate,'pɑstʃəlet,,"v.要求, 假定",托福
trip,trɪp,,n.旅行，旅游,托福
resistant,rɪ'zɪstənt,,"a.抵抗的, 有抵抗力的",托福
peculiar,pɪ'kjulɪɚ,,"a.奇怪的, 特殊的, 独特的",托福
preparation,",prɛpə'reʃən",,"n.准备,预备",托福
gray,ɡre,,"a.灰色的, 暗淡的",托福
regiment,'rɛdʒɪmənt,,n.(军队的)团；大量 vt严格地管制,托福
bury,'bɛri,,"v.埋葬, 掩埋",托福
procedure,prə'sidʒɚ,,"n.程序, 手续",托福
thank,θæŋk,,v.感谢,托福
conquest,'kɑŋkwɛst,,n.征服 战利品,托福
workshop,'wɝkʃɑp,,"n.车间, 工场",托福
replacement,rɪ'plesmənt,,n.代替，更换,托福
wonder,'wʌndɚ,,"n&v.惊奇, 想知道,",托福
slide,slaɪd,,"v&n.滑动,下滑",托福
deplete,dɪ'plit,,"v.耗尽, 使衰竭",托福
toddler,'tɑdlɚ,,n.初学走路的孩子,托福
opponent,ə'ponənt,,a.对立的 n.对手,托福
Amsterdam,",æmstɚ'dæm",,n.阿姆斯特丹(荷兰首都),托福
carrier,'kærɪɚ,,n.运送者,托福
soda,'sodə,,"n.苏打, 碳酸水",托福
remind,rɪ'maɪnd,,"v.提醒, 使想起",托福
reproductive,",riprə'dʌktɪv",,"a.生殖的,再生的,复制的",托福
troop,trʊp,,n.[ pl]军队；一群,托福
abigail,"'æbi,ɡeil",,n.(贵妇人的贴身)使女,托福
educational,",ɛdʒu'keʃənl",,a.教育(上)的,托福
zigzag,'zɪɡzæɡ,,"n.Z字形, 锯齿形",托福
argon,'ɑrgɑn,,n.[化]氩,托福
genetically,dʒə'nɛtɪklɪ,,ad.遗传(基因)方面,托福
shortage,'ʃɔrtɪdʒ,,"n.不足, 缺乏",托福
himself,hɪm'sɛlf,,pron.他自己,托福
occasion,ə'keʒn,,"n.场合,时机",托福
symptom,'sɪmptəm,,"n.症状, 征兆",托福
render,'rɛndɚ,,"v.使得,提供",托福
robin,'rɑbɪn,,n.知更鸟,托福
monitor,'mɔnɪtɚ,,v.监听(视；测) n检测器,托福
psychologist,saɪ'kɑlədʒɪst,,n.心理学者,托福
tourist,'tʊrɪst,,n.旅行者,托福
Marseille,ma:'seil,,n.马赛(法国港口城市),托福
diver,'daɪvɚ,,n.潜水者,托福
vigorous,'vɪɡərəs,,"a.精力充沛的,有力的",托福
elliptical,ɪ'lɪptɪkl,,"a.椭圆的,省略的",托福
hop,hɑp,,"n&v.跳跃, 单脚跳",托福
worksheet,'wɝkʃit,,n.工作记录表,托福
circulation,",sɝkjə'leʃən",,"n.循环,流通,发行额",托福
broadcast,'brɔdkæst,,"n&v.广播, 播音",托福
sphere,sfɪr,,"n.球, 范围",托福
seabed,'sibɛd,,"n.海底, 海床",托福
multiply,'mʌltɪplaɪ,,"v.繁殖, 乘",托福
angiosperm,"'ændʒɪo,spɝm",,n.被子植物,托福
inclination,'ɪnklə'neʃən,,"n.倾斜, 弯曲",托福
bud,bʌd,,n.芽 vi发芽,托福
circadian,sɝ'kedɪən,,"a.昼夜节律的,生理节奏的",托福
seaway,'siwe,,n.海上航道,托福
congress,'kɑŋɡrəs,,"n.(美国等国的)国会,议会",托福
oversea,'ovɚ'si,,"a.外国的, 海外的",托福
moth,mɔθ,,"n.蛾, 蛀虫",托福
honor,ɑnɚ,,n&v.尊敬,托福
frighten,'fraɪtn,,"v.使惊吓 ,惊恐",托福
zoologist,zo'ɑlədʒɪst,,n.动物学家,托福
library,laɪˌbrɛrɪ,,n.图书馆,托福
decomposition,",dikɑmpə'zɪʃən",,"n.分解, 腐烂",托福
catalog,'kætəlɔg,,n.目录 v.编目录,托福
door,dɔr,,n.门,托福
observer,əb'zɝvɚ,,"n.观测者, 观察员",托福
flock,flɑk,,n.羊群 v.聚集，成群,托福
Caledonian,",kæli'dəunjən",,"n&a.古苏格兰人(的), 苏格兰人（的）",托福
volunteer,",vɑlən'tɪr",,n.志愿者,托福
wetland,'wɛtlənd,,"n.潮湿的土壤, 沼泽地",托福
harsh,hɑrʃ,,"a.粗糙的,严厉的",托福
coma,'komə,,n.昏迷,托福
fabric,'fæbrɪk,,"n.结构, 织物, 构造",托福
cooler,'kulɚ,,n.冷却器,托福
participant,pɑr'tɪsəpənt,,n.参与者,托福
advent,'ædvənt,,n.出现，到来,托福
soften,'sɔfn,,"v.(使)变柔软,(使)变柔和",托福
synthetic,sɪn'θɛtɪk,,"a.合成的, 综合的",托福
exposure,ɪk'spoʒɚ,,"n.暴露, 揭露",托福
chondrite,"'kɑn,draɪt",,n.球粒状陨石,托福
digestive,daɪ'dʒɛstɪv,,a.消化的,托福
northeast,'nɔrθ'ist,,n&a.东北(的),托福
constituent,kən'stɪtʃuənt,,"n.选民,成分 a组成的,构成的",托福
sketch,skɛtʃ,,n.略图 v素描；概述,托福
embryo,'ɛmbrɪo,,n.胚胎,托福
magnify,'mæɡnɪfaɪ,,"v.放大, 扩大",托福
allende,,,"n.阿连德(在墨西哥, 西经 100o01' 北纬 25o20')",托福
metropolitan,",mɛtrə'pɑlɪtən",,a.大城市的，大都会的,托福
notably,'notəbli,,ad.显著地；著名地,托福
loan,lon,,n.贷款 v.借出，贷给,托福
nonetheless,'nʌnðə'lɛs,,"ad.虽然如此,但是",托福
hinterland,'hɪntɚlænd,,"n.内地, 穷乡僻壤",托福
mechanize,'mɛkənaɪz,,v.机械化,托福
finch,fɪntʃ,,n.雀类,托福
morning,'mɔrnɪŋ,,"n.早晨, 上午",托福
tin,tɪn,,n.锡,托福
moss,mɔs,,"n.苔, 藓",托福
Oregon,'ɔriɡən; -ɡɔn,,n.俄勒冈州(美国州名),托福
couple,'kʌpl,,n.夫妇 v结合,托福
willing,'wɪlɪŋ,,"a.乐意的, 自愿的",托福
steppe,stɛp,,n.特指西伯利亚一带没有树木的大草原,托福
occasional,ə'keʒənl,,"a.偶然的,临时的",托福
patch,pætʃ,,"n.补丁 vt补,修补",托福
devote,dɪ'vot,,"v.投入于, 献身",托福
noticeable,'notɪsəbl,,a.显而易见的,托福
mad,mæd,,"a.疯狂的,狂热的",托福
spirit,'spɪrɪt,,"n.精神, 灵魂",托福
lunar,'lunɚ,,a.月亮的,托福
presidency,'prɛzɪdənsi,,n.任期,托福
viewer,'vjuɚ,,"n.电视观众,阅读器",托福
horizon,hə'raɪzn,,n.地平(线,托福
academic,",ækə'dɛmɪk",,"a.学院的, 理论的",托福
fin,fɪn,,"n.鳍, 鱼翅",托福
stamp,stæmp,,"n.邮票,图章 v.跺脚,盖章",托福
subtractive,səb'træktɪv,,"a.减去的,负的",托福
motivate,'motə'vet,,v.激发,托福
undoubtedly,ʌn'daʊtɪdli,,"ad.无庸置疑地,的确地",托福
granite,'grænɪt,,n.花岗岩,托福
quilt,kwɪlt,,"n.被子 v.缝被,缝制",托福
suppose,sə'poz,,"v.推想, 假设",托福
campaign,kæm'pen,,"n.运动,战役 vi发起运动",托福
mandan,'mændæn,,"n.曼丹人, 曼丹语",托福
invisible,ɪn'vɪzəbl,,"a.看不见的, 无形的",托福
neutron,'nʊtrɑn,,n.中子,托福
dwell,dwɛl,,v.居住,托福
ward,wɔrd,,"n.病房,受监护人",托福
moderate,"ˈmɑdərɪt; (for v.,) ˈmɑdərˌeɪt",,"a.中等的, 适度的",托福
territorial,",tɛrə'tɔrɪəl",,a.领土的,托福
predominate,prɪ'dɑmə'net,,"v.占优势, 支配",托福
inform,ɪn'fɔrm,,"v.通知, 告诉",托福
chiefly,'tʃifli,,"ad.首要,主要地",托福
champion,'tʃæmpɪən,,"n.拥护者vt 拥护, 支持",托福
craftspeople,"'kræfts,pipl",,n.工匠; 手艺人,托福
likewise,'laɪkwaɪz,,"ad.同样地, 此外",托福
intelligence,ɪn'tɛlɪdʒəns,,"n.智力, 聪明",托福
visitor,'vɪzɪtɚ,,"n.访问者, 来宾",托福
unskilled,",ʌn'skɪld",,"a.不熟练的,拙劣的",托福
progressively,prə'ɡrɛsɪvli,,ad.日益增多地,托福
thickness,ˈθɪknɪs,,"n.厚度, 浓度, 稠密",托福
graphic,'græfɪk,,"a.绘画似的, 图解的",托福
termite,'tɝmaɪt,,n.白蚁,托福
analogy,ə'nælədʒi,,"n.类似, 类推",托福
sure,ʃʊər; ʃʊr,,"a.对有把握 ad的确, 当然",托福
wrap,ræp,,v.包，裹 n披肩，围巾,托福
inability,",ɪnə'bɪləti",,"n.无能, 无力",托福
jump,dʒʌmp,,n&v.跳跃,托福
consciousness,'kɑnʃəsnəs,,"n.意识；觉悟,知觉",托福
reindeer,'rendɪr,,n.驯鹿,托福
oxide,'ɑksaɪd,,n.氧化物,托福
kingdom,'kɪŋdəm,,n.王国,托福
compression,kəm'prɛʃən,,"n.浓缩, 压缩",托福
slush,slʌʃ,,n.烂泥 v溅湿,托福
hurt,hɝ​t,,v.伤害,托福
seldom,'sɛldəm,,"ad.很少, 不常",托福
repression,rɪ'prɛʃən,,"n.镇压, 抑制",托福
recovery,rɪ'kʌvəri,,"n.恢复, 痊愈",托福
father,'fɑðɚ,,n.父亲,托福
voyager,'vɔɪɪdʒɚ,,"n.航行者, 航海者",托福
horn,hɔrn,,n.触角 v.强行介入,托福
phonograph,'fonəɡræf,,"n.留声机, 电唱机",托福
accustom,ə'kʌstəm,,v.使习惯于,托福
welcome,ˈwelkəm,,vt& n.欢迎 a受欢迎的,托福
Eurasia,juə'reiʃə,,n.欧亚大陆,托福
extraction,ɪk'strækʃən,,"n.抽出,拔出",托福
literally,'lɪtərəli,,"ad.逐字地,正确地",托福
Italian,ɪˈtæljən,,"n&a.意大利人(的), 意大利语（的）",托福
railway,'relwe,,n.铁路,托福
cobalt,'kobɔlt,,n.[化]钴,托福
wish,wɪʃ,,"n.愿望v希望, 想要",托福
wale,wel,,n.条痕,托福
accident,'æksədənt,,"n.意外事件, 事故",托福
tongue,tʌŋ,,n.舌头,托福
concur,kən'kɝ,,v.同时发生,托福
uncommon,ʌn'kɑmən,,"a.不凡的, 难得的",托福
simplification,",sɪmplɪfɪ'keʃən",,n.简化,托福
chemically,'kemikəli,,"ad.用化学, 以化学方法",托福
rotation,ro'teʃən,,n.旋转,托福
peculiarity,pɪ'kjʊlɪ'ærəti,,"n.特性, 怪癖",托福
uncertain,ʌn'sɝtn,,"a.不确定的,不稳定的,",托福
fluke,fluk,,n.侥幸，偶然的机会,托福
basically,'besɪkli,,"ad.基本上, 主要地",托福
circulate,'sɝkjəlet,,"v.(使)循环,传播",托福
intricate,'ɪntrɪkət,,"a.复杂的,难懂的",托福
coarse,kɔrs,,"a.粗糙的,粗俗的",托福
feedback,'fidbæk,,"n.反馈, 反应",托福
cure,kjʊr,,"n&v.治愈, 治疗",托福
Norway,'nɔrweɪ,,n.挪威(北欧国家),托福
encouragement,ɪn'kɝɪdʒmənt,,"n.鼓励, 奖励",托福
chew,tʃʊ,,v.咀爵,托福
bombard,bɑm'bɑrd,,v.炮轰；轰击,托福
praise,prez,,"v&n.赞扬,称赞",托福
editor,'ɛdɪtɚ,,"n.编辑,编者",托福
venture,'vɛntʃɚ,,n&v.冒险,托福
soluble,'sɑljəbl,,"a.可溶的, 可溶解的",托福
Oceania,",oʃɪ'ænɪə",,n.大洋洲,托福
temporary,'tɛmpə'rɛri,,"a.暂时的, 临时的,",托福
election,ɪ'lɛkʃən,,n.选举,托福
backbone,'bæk'bon,,n.脊梁骨；支柱,托福
medical,'mɛdɪkl,,a.医学的，医疗的,托福
orderly,'ɔrdɚli,,a.整齐的，有秩序的,托福
chemist,'kɛmɪst,,"n.化学家, 药剂师",托福
trample,'træmpl,,"v.践踏, 轻视",托福
mountainous,'maʊntənəs,,"a.多山的, 巨大的",托福
removal,rɪ'muvl,,n.除去，移动,托福
potassium,pə'tæsɪəm,,n.钾,托福
cascade,kæ'sked,,n.小瀑布,托福
reconstruction,",rikən'strʌkʃən",,"n.重建, 改造",托福
restless,'rɛstləs,,"a.得不到休息的, 不安宁的",托福
accordingly,ə'kɔrdɪŋli,,"ad.因此, 相应地, 于是",托福
silicate,'sɪlɪket,,n.硅酸盐,托福
locomotive,",lokə'motɪv",,"n.机车, 火车头",托福
predominant,prɪ'dɑmənənt,,"a.主要的,占优势的",托福
boil,bɔɪl,,"n.沸点 v煮沸, 激动",托福
saturn,'sætɝn,,n.土星,托福
groove,ɡruv,,n.沟，槽,托福
assert,ə'sɝt,,"v.断言, 声称",托福
journeyman,'dʒɝnɪmən,,n.熟练工人,托福
chondrule,'kɑndrʊl,,n.陨石球粒,托福
accessible,ək'sɛsəbl,,"a.可得到的,易接近的",托福
dimension,dɪ'mɛnʃ(ə)n; daɪ-,,"n.尺寸, 尺度",托福
bacterial,bæk'tɪrɪəl,,a.细菌的,托福
medicine,'mɛdsn,,n.药,托福
homo,'homo,,"n.人, 同性恋者",托福
nose,noz,,n.鼻,托福
incubation,",ɪŋkju'beʃən",,"n.孵化, 熟虑",托福
northeastern,",nɔrθ'istɚn",,"a.东北方的, 在东北的",托福
waterway,'wɔtɚwe,,"n.水路, 排水沟",托福
excavation,",ɛkskə'veʃən",,"n.挖掘, 发掘",托福
fraction,'frækʃən,,"n.小部分, 片断",托福
mutualism,ˈmjuːtʃʊəˌlɪzəm,,"n.互助论,互利共生",托福
weaken,'wikən,,"v.削弱, (使)变弱",托福
wolf,wʊlf,,n.狼,托福
bore,bɔr,,v.使厌烦 n令人讨厌的人(或事),托福
probe,prob,,"v.探查, 查明",托福
smoke,smok,,"v.抽烟, 吸烟",托福
capillary,'kæpəlɛri,,n&a.毛细管；毛状的,托福
behavioral,bɪ'hevjərəl,,a.行为的,托福
pleasant,'plɛznt,,"a.令人愉快的,舒适的",托福
thread,θrɛd,,"n.线(索),思路 vt穿(过)，通过",托福
subsequently,'sʌbsɪkwəntli,,a.其次，接着,托福
intact,ɪn'tækt,,"a.完好无缺的, 未经触碰的",托福
blacksmith,'blæksmɪθ,,"n.锻工, 铁匠",托福
repair,rɪ'pɛr,,n.修理 vt修理(补),托福
electronic,ɪˌlekˈtrɑːnɪk,,a.电子的,托福
specify,'spɛsɪfaɪ,,"v.指定, 详细说明",托福
besides,bɪ'saɪdz,,"prep.除之外 ad.此外, 也",托福
platform,'plæt'fɔrm,,"n.站台, 讲台",托福
surrounding,sə'raʊndɪŋ,,"n.围绕物,环境 a周围的",托福
tobacco,tə'bæko,,n.烟草(制品),托福
rival,'raɪvl,,"v.竞争,对抗",托福
agreement,ə'grimənt,,"n.同意, 一致",托福
custom,'kʌstəm,,"n.习惯, 风俗,",托福
costly,'kɔstli,,a.昂贵的，代价高的,托福
exert,ɪɡ'zɝt,,"v.尽(力),发挥",托福
director,dɪˈrɛktɚ; daɪˈrɛktɚ,,"n.主管,导演",托福
gift,ɡɪft,,"n.赠品, 天赋",托福
repeatedly,rɪ'pitɪdli,,"ad.重复地, 再三地",托福
tentacle,'tɛntəkl,,n.(动物)触角,托福
fertility,fɚ'tɪləti,,"n.肥沃, 多产",托福
simplicity,sɪm'plɪsəti,,"n.简单, 朴素",托福
annually,'ænjuəli,,ad.每年；按年计算,托福
enthusiasm,ɪn'θuzɪæzəm,,"n.热情, 热衷",托福
rear,rɪr,,n& a.后部(面，方)(的) vt养，种,托福
stagecoach,'stedʒkotʃ,,n.公共马车,托福
attraction,ə'trækʃən,,n.吸引(力)；具有吸引力的事物(或人),托福
investigate,ɪn'vɛstɪɡet,,"v.调查, 研究",托福
locally,'lokəli,,"ad.在本地, 地方性地, 局部地",托福
excessive,ɪkˈsɛsɪv,,"a.过多的,过分的",托福
adjustment,ə'dʒʌstmənt,,"n.调整, 调节",托福
figurative,'fɪgərətɪv,,a.比喻的，借喻的,托福
inscription,ɪn'skrɪpʃən,,"n.题字, 碑铭",托福
appalachian,",æpə'leitʃjən",,a.阿帕拉契山脉的,托福
declaration,",dɛklə'reʃən",,"n.宣布, 声明",托福
markedly,'ma:kidli,,"ad.显著地,明显地",托福
attend,ə'tɛnd,,"v.出席, 参加,照料",托福
climb,klaɪm,,"v.攀登, 爬",托福
effectiveness,ə'fɛktɪvnɪs,,n.效力,托福
grant,ɡrænt,,"v.授予,同意，准予",托福
optical,'ɑptɪkl,,"a.视觉的, 光学的",托福
overcast,",ovɚ'kæst",,"v.遮盖,变暗 n.覆盖, 阴天",托福
noisy,'nɔɪzi,,"a.吵杂的, 聒噪的",托福
muscular,'mʌskjəlɚ,,a.肌肉发达的，强壮的,托福
remarkably,rɪ'mɑkəblɪ,,ad.非凡地；显著地,托福
team,tim,,"n.队, 组",托福
surpass,sə'pæs,,"v.超越, 胜过",托福
institute,'ɪnstɪtut,,n.学院 vt建立，设立,托福
versus,'vɝsəs,,"prep.对抗, 与相对",托福
cheep,tʃip,,n.吱吱的叫声 v吱吱地叫,托福
predecessor,'prɛdəsɛsɚ,,"n.前辈, 前任",托福
flora,'flɔrə,,n.[罗神]花神,托福
pollinator,'pɑlɪnetɚ,,n.授花粉器,托福
descendant,dɪ'sɛndənt,,"n.子孙, 后裔",托福
somehow,'sʌmhaʊ,,"ad.以某种方式,不知怎么地",托福
hall,hɔl,,"n.会堂, 大厅",托福
efficiently,ɪ'fɪʃəntli,,ad.有效地；能胜任地,托福
tightly,'taɪtli,,"ad.紧紧地, 坚固地",托福
medieval,",midɪ'ivəl",,a.中世纪的,托福
jewelry,'dʒʊəlri,,n.珠宝,托福
differently,'dɪfərəntli,,ad.不同地，有差别地,托福
church,tʃɝtʃ,,n.教堂,托福
putt,pʌt,,"v.短打,把球轻轻打进洞",托福
notion,'noʃən,,"n.概念,观念,想法",托福
reshape,riˈʃep,,"v.改造, 再成形",托福
pond,pɑnd,,n.池塘,托福
metabolic,",mɛtə'bɑlɪk",,a.新陈代谢的,托福
methane,'mɛθen,,"n.甲烷,沼气",托福
tar,tɑr,,"n.焦油, 柏油",托福
fundamentally,",fʌndə'mɛntəli",,"ad.从根本上, 基本地",托福
unprecedented,ʌn'prɛsɪdɛntɪd,,"a.空前的, 前所未有的",托福
conservative,kən'sɝvətɪv,,"a.保守的,守旧的",托福
identity,aɪ'dɛntəti,,"n.一致, 身份, 特征",托福
expenditure,ɪk'spɛndɪtʃɚ,,"n.支出, 花费",托福
cohesive,ko'hisɪv,,a.粘着的,托福
practically,'præktɪkli,,"ad.实际上,几乎，简直",托福
crew,krʊ,,n.全体人员,托福
circular,'sɝkjəlɚ,,"a.圆形的, 循环的",托福
forerunner,'fɔr'rʌnɚ,,n.先驱(者),托福
alertness,ə'lɝtnɪs,,"n.警戒, 机敏",托福
invasion,ɪn'veʒn,,n.入侵,托福
recurrence,rɪ'kɝəns,,"n.复发, 重现",托福
hawk,hɔk,,n.鹰,托福
predatory,'prɛdətɔri,,"a.掠夺的,捕食生物的",托福
complement,ˈkɑːmplɪment,,n.补足物,托福
humid,'hjumɪd,,"a.充满潮湿的, 湿润的",托福
limb,lɪm,,"n.肢, 翼, 分支",托福
user,'juzɚ,,n.使用者,托福
moraine,mə'ren,,n.冰碛,托福
sandy,'sændi,,"a.沙的, 沙质",托福
jurassic,dʒu'ræsik,,a.侏罗纪的,托福
literacy,'lɪtərəsi,,"n.有文化,有教养",托福
prosper,'prɑspɚ,,v.兴旺，繁荣,托福
traditionally,trə'diʃənəli,,"ad.传统上, 照惯例",托福
plot,plɑt,,"n.小块土地,(小说的)情节vt密谋",托福
meadow,'mɛdo,,"n.草地, 牧场",托福
intelligent,ɪn'tɛlɪdʒənt,,"a.聪明的, 智能的",托福
comment,'kɑmɛnt,,n.评论，意见 vt评论,托福
analogous,ə'næləɡəs,,a.类似的,托福
cavendish,'kævəndɪʃ,,"n.(一种压成饼状的)板烟, 烟草饼",托福
actress,'æktrɪs,,n.女演员,托福
examination,ɪg'zæmə'neʃən,,"n.考试, 检查, 细查",托福
council,'kaʊnsl,,n.委员会，理事会,托福
exogenous,ɛks'ɑdʒɪnəs,,"a.外生的,外界产生的",托福
informative,ɪn'fɔrmətɪv,,"a.提供消息的, 情报的",托福
ooze,uz,,n.软泥 v渗出,托福
educator,'ɛdʒə'ketɚ,,n.教育家,托福
radically,'rædɪkli,,"ad.根本地, 完全地",托福
republic,rɪ'pʌblɪk,,"n.共和国, 共和政体",托福
dwarf,dwɔrf,,"n.矮子, 侏儒",托福
choreographer,",kɔri'ɔɡrəfə",,n.舞蹈指导,托福
marriage,'mærɪdʒ,,"n.结婚, 婚姻",托福
severely,sə'vɪrli,,"ad.严格地, 激烈地",托福
propagate,'prɑpə'get,,v.繁(增)殖；传播,托福
confusion,kən'fjʊʒən,,"n.混乱, 混淆",托福
celebrate,'sɛlɪbret,,"v.庆祝, 祝贺",托福
environmentalist,"ɪn,vaɪrən'mɛntəlɪst",,"n.环境保护论者, 环境论者, 环境论信奉者",托福
outstanding,'aʊt'stændɪŋ,,"a.优秀的, 突出的,",托福
endogenous,ɛn'dɑdʒənəs,,"a.内生的, 内成的",托福
horseshoe,'hɔrʃʃu,,n.马蹄铁,托福
probability,'prɑbə'bɪləti,,n.可能性,托福
boy,bɔɪ,,n.男孩,托福
specifically,spə'sɪfɪkli,,ad.特别地；明确地，具体地,托福
vote,vot; voʊt,,n&v.投票,托福
susceptible,sə'sɛptəbl,,"a.易受外界影响的,易受感染的",托福
envision,ɪn'vɪʒn,,v.想象；预想,托福
upside,'ʌpsaɪd,,"n.上边,上部",托福
adept,ə'dɛpt,,"a.熟练的, 老练的 n老手, 擅长者",托福
notation,no'teʃən,,n.符号,托福
ease,iz,,n.安逸,托福
capsize,'kæpsaɪz,,v.(特指船)倾覆,托福
elicit,ɪ'lɪsɪt,,"v.得出, 引出, 抽出, 引起",托福
financier,",fɪnən'sɪr",,"n.财政家, 金融家",托福
obscure,əb'skjʊr,,"a.暗的 vt使暗,使不明显",托福
turbulent,'tɝbjələnt,,"a.狂暴的,动荡的",托福
simultaneously,saɪməl'tenɪəsli,,ad.同时地,托福
rodent,'rodnt,,n.啮齿类动物,托福
prose,proz,,n.散文,托福
seafarer,'sifɛrɚ,,"n.船员, 航海家",托福
impart,ɪm'pɑrt,,"v.传授, 赋予, 告知",托福
uneven,ʌn'ivən,,"a.不平坦的,不均匀的",托福
repudiate,rɪ'pjudɪet,,v.批判,托福
faunal,'fɔ:nəl,,a.动物区系的,托福
nighttime,"'naɪt,taɪm",,n.夜间,托福
hardly,'hɑrdli,,"ad.几乎不,刚刚",托福
pry,praɪ,,v.探查,托福
exclusive,ɪk'sklusɪv,,"a.排外的,独占的,唯一的",托福
enterprise,'ɛntɚ'praɪz,,"n.企业, 事业",托福
discard,dɪsˈkɑːrd,,"v.丢弃, 抛弃",托福
simulation,'sɪmjə'leʃən,,"n.仿真, 假装",托福
resolve,rɪ'zɑlv,,"v.解决, 决定",托福
mat,mæt,,n.席子，垫子,托福
quick,kwɪk,,"a&ad.快的, 迅速的",托福
hero,'hɪro,,n.英雄,托福
manipulate,mə'nɪpjulet,,"v.操纵,影响",托福
solo,'solo,,n.独奏曲 a单独的,托福
designer,dɪ'zaɪnɚ,,n.设计者,托福
karst,kɑrst,,n.石灰岩地区常见的地形,托福
interstellar,",ɪntɚ'stɛlɚ",,a.星际的,托福
scratch,skrætʃ,,"v& n.抓，搔,划(痕)",托福
recycle,",ri'saɪkl",,"v.使再循环, 反复应用 n再循环, 再生, 重复利用",托福
uncover,ʌn'kʌvɚ,,v.揭露，揭示,托福
gibraltar,dʒi'brɔ:ltə,,n.直布罗陀(海峡),托福
refill,'rifɪl,,"v.再装满,再充填",托福
fame,fem,,"n.名声, 名望",托福
caravan,'kærəvæn,,"n.旅行队,商队, 大篷车",托福
microorganism,",maɪkro'ɔrgən,ɪzəm",,n.微生物,托福
probable,'prɑbəbl,,"a.很可能的, 大概的",托福
compromise,'kɑmprəmaɪz,,"v&n.妥协, 让步",托福
inequality,",ɪnɪ'kwɑləti",,"n.不平等, 不平均",托福
physicist,'fɪzɪsɪst,,"n.物理学者, 唯物论者",托福
intensive,ɪn'tɛnsɪv,,"a.强烈的, 精深的",托福
forget,fɚ'ɡɛt,,"v.忘记, 忽略",托福
postal,'postl,,"a.邮政的,邮局的",托福
queen,kwin,,"n.王后, 女王",托福
sailor,'selɚ,,"n.海员, 水手",托福
intervention,",ɪntɚ'vɛnʃən",,n.干涉,托福
immobile,ɪ'mobl,,"a.不动的, 静止的",托福
entity,'ɛntəti,,n.实体,托福
calendar,'kæləndɚ,,"n.日历, 历法",托福
stabilize,'stebəlaɪz,,v.稳定,托福
tune,tun,,"n.曲调vt调音, 调整",托福
predominantly,prɪ'dɑmɪnəntli,,"ad.主要地, 占优势地",托福
disgust,dɪs'ɡʌst,,n.厌恶vi令人厌恶，作呕,托福
deficient,dɪ'fɪʃnt,,"a.缺乏的, 不足的",托福
assistance,ə'sɪstəns,,"n.协助, 援助, 补助,",托福
persistent,pə'zɪstənt,,a.持久稳固的,托福
prestige,prɛ'stidʒ,,"n.声望, 威望",托福
mound,maʊnd,,n.土墩，沙土堆,托福
fashionable,'fæʃnəbl,,"a.流行的, 时髦的",托福
sect,sɛkt,,"n.宗派, 教派",托福
exclude,ɪk'sklʊd,,"v.把排除在外, 排斥",托福
vaudeville,'vɔdəvɪl,,n.歌舞杂耍,托福
scent,sɛnt,,n.气味,托福
uncertainty,ʌn'sɝtnti,,"n.无常, 不确定",托福
carnivore,'kɑrnɪvɔr,,n.食肉动物,托福
civilian,sə'vɪlɪən,,n.平民,托福
hunger,'hʌŋɡɚ,,"n.饥饿, 欲望",托福
publication,",pʌblɪ'keʃən",,"n.出版(物), 发行",托福
prolong,prəˈlɑːŋ,,"v.延长, 拖延",托福
plaster,'plæstɚ,,n.石膏 vt敷以膏药,托福
sadness,'sædnəs,,"n.悲哀, 悲伤",托福
theorize,'θiəraɪz,,"v.建立理论, 理论化",托福
tundra,'tʌndrə,,"n.苔原, 冻土地带",托福
concert,'kɑnsɚt,,n.音乐会,托福
localize,'lokəlaɪz,,"v.集中,局部化",托福
dependable,dɪ'pɛndəbl,,"a.可靠的, 可信赖的",托福
anomaly,ə'nɑməli,,"n.不规则, 异常的人或物",托福
displace,dɪs'ples,,"v.转移, 取代",托福
gravitational,",ɡrævɪ'teʃənl",,"a.重力的, 引力作用的",托福
pronounce,prə'naʊns,,"v.发音, 宣告",托福
abundantly,ə'bʌndəntli,,"ad.大量地, 丰富地",托福
liberate,'lɪbə'ret,,"v.解放, 释放",托福
intensify,ɪn'tɛnsɪfaɪ,,"v.加强,强化",托福
accord,ə'kɔrd,,"n&v.一致, 协定",托福
pollute,pə'lut,,"v.弄脏, 污染",托福
cuneiform,"'kjʊnɪə,fɔrm",,"a&n.楔形的,楔形文字(的)",托福
gamma,'gæmə,,"n.100万分之1克, 微克",托福
icy,'aɪsi,,"a.冰冷的, 冷淡的",托福
nebula,'nɛbjələ,,n.星云,托福
security,sə'kjʊrəti,,n.安全,托福
supervise,'sʊpɚ'vaɪz,,"v.监督, 管理",托福
parasitic,",pærə'sɪtɪk",,"a.寄生的, 由寄生虫引起的",托福
documentation,'dɑkjəmɛn'teʃən,,n.文件,托福
lithosphere,'lɪθəsfɪr,,n.[地]岩石圈,托福
richness,'ritʃnis,,n.富饶；富裕,托福
sulfate,"'sʌl,fet",,n.硫酸盐,托福
unity,'junəti,,"n.团结, 联合",托福
wildlife,'waɪldlaɪf,,n.野生动植物,托福
alike,ə'laɪk,,"a.相同的, 相似的",托福
sport,spɔrt,,"n.运动,运动会",托福
steamship,'stim'ʃɪp,,"n.汽船, 轮船",托福
lithospheric,",liθəu'sferik",,a.岩石圈的; 陆界的,托福
hammer,'hæmɚ,,"n.槌,锤子 v锤击",托福
disturbance,dɪ'stɝbəns,,"n.骚动, 动乱",托福
voter,'votɚ,,n.投票者,托福
anywhere,'ɛnɪwɛr,,ad.无论何处,托福
April,'eprəl,,n.四月,托福
meager,'migɚ,,n.兆,托福
incomplete,'ɪnkəm'plit,,"a.不完全的, 不完整的",托福
lecture,'lɛktʃɚ,,n&v.演讲,托福
tolerance,'tɑlərəns,,n.宽容，容忍,托福
hostile,ˈhɑstəl,,a.敌对的,托福
triangle,'traɪæŋɡl,,"n.三角形,三角关系",托福
unchanging,ʌn'tʃendʒɪŋ,,a.不变的,托福
cargo,'kɑrɡo,,"n.船货,货物",托福
reconstruct,",rikən'strʌkt",,"v.重建, 改造",托福
conventionally,kən'venʃənəli,,ad.照惯例,托福
rainy,'reni,,a.下雨的，多雨的,托福
trial,'traɪəl,,"n.试验, 考验",托福
wound,wund,,"n.创伤, 伤口",托福
forbid,fɚ'bɪd,,"v.禁止, 不许",托福
judgment,'dʒʌdʒmənt,,n.判断,托福
nickel,'nɪkl,,"n.镍, 镍币",托福
Georgia,'dʒɔ:dʒjə,,n.(美)乔治亚州,托福
ourselves,ɑr'sɛlvz,,pron.我们自己,托福
rid,rɪd,,"v.使摆脱, 使去掉",托福
integral,'ɪntɪɡrəl,,"a.完整的, 整体的",托福
pasture,'pæstʃɚ,,n.牧草地，牧场 vt放牧,托福
overwhelm,",ovɚ'wɛlm",,"v.打击, 压倒, 打败",托福
prolific,prə'lɪfɪk,,a.多产的；多子嗣的,托福
moist,mɔɪst,,a.潮湿的，湿润的,托福
coral,'kɔrəl,,n.珊瑚(虫),托福
cite,saɪt,,"v.引用, 引证",托福
barrel,'bærəl,,n.桶,托福
reef,rif,,"n.礁,暗礁",托福
liberty,'lɪbɚti,,"n.自由, 特权",托福
millimeter,'mɪləˌmitə,,n.毫米,托福
molecular,mə'lɛkjəlɚ,,a.分子的,托福
exterior,ɪk'stɪrɪɚ,,a.外部的 n外部,托福
lifetime,'laɪftaɪm,,"n.一生, 终生",托福
antiquity,æn'tɪkwəti,,n.古代,托福
adobe,'ədobɪ,,n.泥砖，土坯,托福
absorption,"əbˈsɔrpʃən, -ˈzɔrp-",,n.吸收,托福
sensitivity,'sɛnsə'tɪvəti,,"n.敏感, 灵敏(度)",托福
studio,'studɪo,,"n.画室,工作室",托福
inevitably,ɪn'ɛvɪtəbli,,ad.不可避免地；必然地,托福
fifty,'fɪfti,,num.五十,托福
swing,swɪŋ,,"v.摇摆, 摆动",托福
utilitarian,",jutɪlɪ'tɛrɪən",,a.功利的 n功利主义者,托福
alive,ə'laɪv,,"a.活着的, 活泼的",托福
thoroughly,ˈθʌrəʊli; θʌroli,,"ad.十分地, 彻底地",托福
hardy,'hɑːdɪ,,a.能吃苦耐劳的，坚强的,托福
stunt,stʌnt,,n.特技；噱头 v阻碍正常成长,托福
accomplishment,ə'kɑmplɪʃmənt,,"n.成就, 完成",托福
routine,rʊ'tin,,"n.例行公事, 常规",托福
nourish,'nɜrɪʃ,,"v.滋养, 使健壮,",托福
busy,'bɪzi,,a.忙碌的,托福
ultraviolet,",ʌltrə'vaɪələt",,a.紫外线的 n紫外线辐射,托福
pyramid,'pɪrəmɪd,,n.金字塔(形结构)；锥状物,托福
cannonball,'kænənbɔl,,n.炮弹,托福
transitional,træn'zɪʃənl,,"a.变迁的, 过渡期的",托福
amplification,",æmpləfə'keʃən",,n.扩大,托福
subsurface,sʌb'sɝfɪs,,"a.地下的, 表面下的n地表下岩石",托福
philosopher,fə'lɑsəfɚ,,"n.哲学家, 哲人",托福
semiskilled,",sɛmaɪ'skɪld",,a.半熟练的,托福
relax,rɪ'læks,,"v.放松,休息",托福
mackerel,'mækrəl,,n.鲭,托福
witness,ˈwɪtnɪs,,"n.目击者；证据(言) vt目击,作证",托福
midwest,",mid'west",,n.中西部,托福
scrub,skrʌb,,n.灌木丛,托福
textbook,'tɛkstbʊk,,"n.教科书, 课本",托福
sharply,'ʃɑrpli,,ad.锋利地；剧烈地,托福
sunrise,'sʌnraɪz,,n.日出,托福
mutoscope,'mju:təskəup,,n.(早期的)电影放映机,托福
summarize,'sʌməraɪz,,"v.概述, 总结",托福
stalk,stɔk,,"n.茎，梗 v跟踪,高视阔步地走",托福
numerical,nʊ'mɛrɪkl,,"a.数字的, 用数表示的",托福
dynamic,daɪ'næmɪk,,"a.动力的, 动力学的",托福
fellow,'fɛlo,,"n.家伙, 同事",托福
punishment,'pʌnɪʃmənt,,"n.惩罚, 处罚",托福
ethnic,'ɛθnɪk,,"a.人种的, 种族的",托福
goat,ɡot,,n.山羊,托福
cottonwood,'kɑtnwʊd,,n.[植]三叶杨,托福
theorist,'θiərɪst,,n.理论家,托福
mental,'mɛntl,,"a.精神的,智力的",托福
web,wɛb,,n.网,托福
pursue,pə'sʊ,,"v.追赶, 追踪",托福
resilience,rɪˈzɪliəns,,n.弹性，弹力,托福
outbreak,'aʊtbrek,,"n.爆发, 发作",托福
mutually,'mjutʃuəli,,"ad.互相地, 互助",托福
driver,'draɪvɚ,,n.驾驶员，司机,托福
leather,'lɛðɚ,,"n.皮革, 皮革制品",托福
neon,'niɑn,,n.[化]氖,托福
cash,kæʃ,,n.现金 vt兑现,托福
dog,dɔɡ,,"n.狗, 犬",托福
bladder,'blædɚ,,"n.膀胱, 气泡",托福
cry,kraɪ,,v&n.哭,托福
tale,tel,,"n.故事,传说",托福
cord,kɔrd,,"n.绳索, 束缚",托福
wed,wɛd,,"v.娶, 嫁, 结婚",托福
advancement,əd'vænsmənt,,"n.前进, 进步",托福
dedicate,'dɛdɪket,,"v.献(身), 致力",托福
thirteen,'θɝ'tin,,num.十三,托福
respiration,",rɛspə'reʃən",,"n.呼吸, 呼吸作用",托福
cheaply,'tʃi:pli,,ad.廉价地；粗俗地,托福
safety,'sefti,,"n.安全, 保险",托福
coach,kotʃ,,n.教练；长途公共汽车 vt训练，指导,托福
transit,'træzɪt,,n.运输，载运,托福
soap,sop,,n.肥皂,托福
quiet,'kwaɪət,,"a.安静的, 宁静的",托福
corona,kə'ronə,,n.冠壮物,托福
therapy,'θɛrəpi,,n.治疗,托福
speculative,'spɛkjələtɪv,,"a.推测的, 思索的,投机的",托福
impressionist,ɪm'prɛʃənɪst,,n.印象主义者,托福
incentive,ɪn'sɛntɪv,,"a.刺激的, 鼓励的 n动机",托福
pilot,'paɪlət,,"n.飞行员, 领航员",托福
disposal,dɪ'spozl,,"n.处理, 处置",托福
spectacle,'spɛktəkl,,"n.景象, 场面,奇观",托福
flour,'flaʊɚ,,n.面粉,托福
latent,'letnt,,"a.潜在的, 潜伏的",托福
silica,'sɪlɪkə,,n.[化]硅石,托福
deaf,dɛf,,a.聋的,托福
bureau,'bjʊro,,n.局，办事处,托福
tow,to,,"v.拖, 曳",托福
rudimentary,",rudɪ'mɛntri",,"a.基本的,初步的,未充分发展的",托福
involvement,ɪn'vɔlvmənt,,"n.连累, 包含",托福
opening,'opənɪŋ,,"n.开口, 开始",托福
otter,'ɑtɚ,,"n.水獭, 水獭皮",托福
let,lɛt,,v.允许，让,托福
illustration,",ɪlə'streʃən",,"n.说明, 例证",托福
pant,pænt,,v.喘 n.喘息,托福
shatter,'ʃætɚ,,v.粉碎，破灭,托福
makeup,"'mek,ʌp",,"n.化妆品,组成, 结构",托福
neutral,'nʊtrəl,,"a.中立的, 中性的",托福
anticipate,æn'tɪsə'pet,,"v.预期(料),期望",托福
valid,'vælɪd,,"a.有效的,有根据的,合法的",托福
borrow,'bɑro,,"v.借, 借入",托福
indoor,'ɪndɔr,,"a.户内的, 室内的",托福
grassland,'ɡræslænd,,"n.牧草地, 草原",托福
purely,'pjʊrli,,ad.仅仅；简单地,托福
deciduous,dɪ'sɪdʒuəs,,"a.每年落叶的, 非永久性的",托福
scene,sin,,"n.场面, 情景",托福
fifth,fɪfθ,,a.第五的,托福
broadside,'brɔdsaɪd,,n.(船)舷侧,托福
mood,mud,,"n.心情, 情绪",托福
tethys,'ti:θis,,"n.古地中海,  特提斯海",托福
decipher,dɪ'saɪfɚ,,v.译解,托福
divert,dɪˈvɚt,,"v.使转向,转移",托福
broadway,ˈbrɔːdˌweɪ,,n& a.百老汇大街(的),托福
thorough,ˈθʌrəʊ; θʌro,,"a.十分的, 彻底的",托福
interrupt,'ɪntə'rʌpt,,"v.打断, 妨碍, 插嘴",托福
compel,kəm'pɛl,,"v.强迫, 迫使",托福
dislike,dɪs'laɪk,,"v.讨厌, 不喜欢",托福
unfamiliar,",ʌnfə'mɪlɪɚ",,a.不熟悉的,托福
shortly,'ʃɔrtli,,"ad.立刻, 马上",托福
fence,fɛns,,n.栅栏 v用篱笆围住,托福
raven,'revən,,n.大乌鸦,托福
pamphlet,ˈpæmflɪt,,n.小册子,托福
dive,daɪv,,"v.潜水, 跳水",托福
swarm,swɔrm,,"n.蜂群, 一大群",托福
fuse,fjuz,,n.保险丝 v熔合,托福
ruin,'ruɪn,,v& n.毁灭(坏),托福
commuter,kə'mjʊtɚ,,"n.通勤者, 每日往返上班者",托福
movable,'mʊvəbl,,a.活动的，变动的,托福
harden,'hɑrdn,,"v.(使)变硬, (使)坚强",托福
alloy,'ælɔɪ,,n.合金,托福
astronomy,ə'strɑnəmi,,n.天文学,托福
bind,baɪnd,,v.捆绑(扎)；结(粘)合,托福
tear,(for v.) ˈter; (for n.) ˈtir,,n.眼泪 v撕(裂),托福
conversion,kən'vɝʒn,,"n.变换, 转化",托福
easter,istəʳ,,n.[宗](耶稣)复活节,托福
weed,wid,,"n.野草, 杂草",托福
negotiate,nɪ'ɡoʃɪet,,"v.商议, 谈判",托福
tidal,'taɪdl,,"a.潮汐的, 定时涨落的",托福
flask,flæsk,,n.长颈瓶,托福
eusocial,ju:'səuʃəl,,a.(昆虫)完全社会性的,托福
gardening,'gɑrdnɪŋ,,n.园艺,托福
fat,fæt,,a.肥胖的,托福
deepen,'dipən,,"v.加深, 深化",托福
oliver,'ɑləvɚ,,n.脚踏铁槌,托福
canvas,'kænvəs,,n.帆布；(帆布)油画,托福
ideology,",aidi'ɔlədʒi, ,idi-",,n.意识形态,托福
turkey,'tɝki,,"n.土耳其,火鸡",托福
slice,slaɪs,,n.薄片 v切(片),托福
solitary,'sɑlətɛri,,a.孤独的,托福
intensively,in'tensivli,,"ad.加强地, 集中地",托福
unstable,ʌn'stebl,,"a.不牢固的, 不稳定的",托福
reheat,riː'hiːt,,v.再热,托福
via,"ˈvaɪə, ˈviə",,"prep.经,通过,经由",托福
financially,faɪ'nænʃəli,,ad.财政上(金融上),托福
diversification,"dɪ,vɝsɪfɪ'keʃən",,"n.变化, 多样化",托福
sedentary,'sɛdntɛri,,"a.久坐的,固定不动的",托福
descend,dɪ'sɛnd,,"v.下来, 下降",托福
outwork,'aʊtwɝk,,n.外包活,托福
eohippus,",io'hɪpəs",,n.<古生>始祖马,托福
conductor,kən'dʌktɚ,,"n.领导者, 经理",托福
blast,blæst,,n.爆炸；一阵(疾风等) vt炸，炸掉,托福
nutritionally,nju:'triʃənəli,,"ad.在营养上, 营养方面",托福
prime,praɪm,,"a.首要的,最好的",托福
fold,fold,,n./v折叠,托福
wake,wek,,"v.醒来,唤醒",托福
worm,wɝm,,n.虫，蠕虫,托福
mythical,'mɪθɪkl,,"a.神话的, 虚构的",托福
handcraft,'hændkræft,,"n.手工, 手艺",托福
endanger,ɪn'dendʒɚ,,v.危及,托福
wage,wedʒ,,n.工资 v发动,托福
sweep,swip,,"v.打扫, 清扫",托福
porosity,pɔ'rɑsəti,,n.多孔性,托福
windmill,'wɪnd'mɪl,,n.风车,托福
backup,"'bæk,ʌp",,"n.后援, 支持",托福
intent,ɪn'tɛnt,,"n.意图, 目的",托福
understory,"'ʌndɚ,stɔri; 'ʌndɚ,stori",,n.林下叶层,托福
shaman,'ʃæmən,,"n.萨满教的道士, 僧人或巫师",托福
stylize,"'staɪ,laɪz",,"v.使风格化, 仿效的风格",托福
autonomous,ɔ'tɑnəməs,,a.自治的,托福
pipeline,'paɪplaɪn,,"n.管道, 传递途径",托福
renew,rɪ'nʊ,,"v.更新, 恢复",托福
dandelion,'dændɪlaɪən,,n.蒲公英,托福
monopoly,mə'nɑpəli,,n.垄断(者),托福
membership,'mɛmbɚʃɪp,,"n.成员资格,全体会员",托福
gate,ɡet,,n.大门,托福
homogeneous,",homə'dʒinɪəs",,"a.同质的,相似的",托福
substantially,səb'stænʃəli,,ad.大体上；本质上,托福
internally,in'tə:nəli,,"ad.内部地, 国内地",托福
flame,flem,,"n.火焰, 光辉",托福
breeze,briz,,"n.微风 vi吹微风,逃走",托福
poorly,ˈpʊərlɪ; pʊrlɪ,,a.不舒服的  ad贫穷地,托福
popularly,'pɑpjəlɚli,,"ad.大众地, 通俗地",托福
devoid,dɪ'vɔɪd,,"a.全无的, 缺乏的",托福
manifest,'mænɪfɛst,,v.显示，表明，证明,托福
Guinea,'ɡɪni,,n.几内亚,托福
landform,'lænd'fɔrm,,"n.地形, 地貌",托福
mistake,mɪ'stek,,"n.错误 v.弄错,误解",托福
pinpoint,'pɪnpɔɪnt,,"v.确定,精确地定位 a.十分精确的",托福
relief,rɪ'lif,,n.轻松，缓解,托福
rancher,'ræntʃɚ,,"n.大牧场主, 大牧场工人",托福
mosaic,mo'zeɪk,,n.镶嵌细工，马赛克,托福
maturation,",mætʃu'reʃən",,"n.化脓, 成熟",托福
recruitment,rɪ'krʊtmənt,,"n.征募新兵, 补充",托福
preschooler,",pri'skʊlɚ",,n.(美)学龄前儿童,托福
miniature,ˈmɪniətʃɚ; ˈmɪnɪtʃɚ,,a.小型的，微小的 n微小的模型,托福
speculate,'spɛkjə'let,,"v.推测, 思索, 做投机买卖",托福
pale,pel,,a.苍白的；淡的 vi变得苍白，变得暗淡,托福
loft,lɔft,,n.阁楼,托福
exotic,ɪɡ'zɑtɪk,,a.外来的,托福
practitioner,præk'tɪʃənɚ,,"n.从业者, 开业者",托福
ear,ɪr,,n.耳朵,托福
photosynthesis,",foto'sɪnθəsɪs",,n.光合作用,托福
diffuse,dɪ'fjus,,"v.散播,传播",托福
arc,ɑrk,,"n.弧, 弓形",托福
flagellum,flə'dʒɛləm,,n.[动]鞭毛,托福
cloth,klɔθ,,"n.布, 织物",托福
collapse,kə'læps,,"v&n.倒塌, 崩溃",托福
phytoremediation,",faɪtorɪ,midi'eʃən",,"n.植物除污, 植物治理法",托福
mustard,'mʌstɚd,,"n.芥菜, 芥末",托福
chlorosis,klə'rosɪs,,"n.萎黄病, 变色病",托福
daylight,'delaɪt,,"n.日光, 白昼",托福
piecework,'piswɝk,,n.计件工作,托福
luck,lʌk,,"n.运气, 好运",托福
moment,'momənt,,n.片刻，瞬间,托福
ingenuity,",ɪndʒə'nuəti",,"n.机灵, 独创性",托福
gear,ɡɪr,,n.齿轮 v.使适应,托福
intimate,ˈɪntəmɪt,,"a.亲密的,私人的",托福
efficiency,ɪ'fɪʃənsi,,"n.效率, 功效",托福
Polynesian,",pɔli'ni:ziən; -ʒiən",,"n.波利尼西亚人, 波利尼西亚语",托福
inaccurate,ɪn'ækjərət,,"a.不准确的, 错误的",托福
eighteen,",e'tin",,num.十八,托福
lumber,'lʌmbɚ,,"n.木材,木料",托福
monument,'mɑnjumənt,,n.纪念碑,托福
garrison,'gærəsn,,"n.守备队, 驻地",托福
starve,stɑrv,,v.(使)饿死,托福
employment,ɪm'plɔɪmənt,,n.雇用,托福
crevice,'krɛvɪs,,n.裂缝,托福
port,pɔrt,,n.港口,托福
scavenger,'skævɪndʒɚ,,"n.清道夫,食腐动物",托福
antibiotic,",æntɪbaɪ'ɑtɪk; ˌæntaɪ-",,n.抗生素,托福
complain,kəm'plen,,"v.抱怨,控诉",托福
patron,'petrən,,n.资助人，赞助人,托福
legume,'lɛgjʊm,,"n.豆类, 豆荚",托福
entry,'ɛntri,,"n.进入, 入口",托福
cohesion,ko'hiʒən,,"n.结合, 凝聚",托福
bag,bæɡ,,n.袋子,托福
stave,stev,,n.桶材；窄板  v敲破,托福
fungal,'fʌŋɡl,,a.真菌的,托福
outlet,'aʊtlɛt,,"n.出口, 出路",托福
interconnect,",ɪntɚkə'nɛkt",,v.使互相连接,托福
synthesize,'sɪnθəsaɪz,,"v.综合, 合成",托福
magnetosphere,"mæg'nitə,sfɪr",,n.磁气圈,托福
chisel,'tʃɪzl,,n.凿子 v砍凿,托福
disguise,dɪs'ɡaɪz,,n&v.伪装，掩饰,托福
vein,ven,,n.静脉，血管,托福
curve,kɝv,,"n&v.曲线,弯曲",托福
bloodhound,'blʌdhaʊnd,,n.一种大侦探犬,托福
conception,kən'sɛpʃən,,"n.观念, 概念",托福
rental,'rɛntl,,n.租金额,托福
informal,ɪn'fɔrml,,a.不正式的,托福
ambitious,æm'bɪʃəs,,a.有雄心的,托福
measurable,'mɛʒərəbl,,a.可测量的,托福
stroke,strok,,n.划桨；击,托福
enforce,ɪn'fɔrs,,"v.实施, 执行,加强",托福
tannin,'tænɪn,,n.[化]丹宁酸,托福
disagree,",dɪsə'ɡri",,"v.不一致, 不适宜",托福
joint,dʒɔɪnt,,n.关节；接头,托福
tourism,'tʊrɪzəm,,"n.旅游业, 观光",托福
woody,'wʊdi,,"a.多树木的,木质的",托福
card,kɑrd,,"n.纸牌, 卡片",托福
ownership,'onɚʃɪp,,"n.所有权, 物主身份",托福
prehistory,",pri'hɪstri",,"n.史前时代, 史前学",托福
centralize,'sɛntrəlaɪz,,"v.集聚, 集中",托福
silicon,'sɪlɪkən,,n.[化]硅,托福
stony,'stoni,,"a.多石的, 无情的",托福
steep,stip,,"a.陡峭的,急剧的",托福
evening,'ivnɪŋ,,"n.傍晚, 晚间",托福
depart,dɪ'pɑrt,,v.离开，出发,托福
consistently,kən'sɪstəntli,,ad.一致地；始终如一地,托福
cajun,'keidʒən,,n.移居美国路易斯安纳州的法人后裔,托福
intrinsically,ɪn'trɪnsɪkli,,"ad.内在地, 固有地",托福
rod,rɑd,,"n.杆, 棒",托福
bread,brɛd,,"n.面包, 生计",托福
glow,ɡlo,,"v.发光, 发热",托福
flush,flʌʃ,,v.冲洗；(脸)发红,托福
geologically,",dʒiə'lɔdʒikəli",,ad.地质学上,托福
gratify,'grætə'fai,,v.使满足,托福
crane,kren,,n.起重机,托福
ledge,lɛdʒ,,"n.岩架,岩石突出部",托福
knife,naɪf,,"n.刀, 餐刀",托福
squash,skwɔʃ,,v.压碎；硬塞n美国南瓜,托福
cowboy,'kaʊbɔɪ,,n.牧童；牛仔,托福
notable,'notəbl,,"a.值得注意的, 显著的",托福
erect,ɪ'rɛkt,,"v.建造,竖立,使直立",托福
maritime,'mærɪtaɪm,,"a.海上的, 海事的",托福
vastly,ˈvæstli,,ad.巨大地；广阔地,托福
bicycle,'baɪsɪkl,,"n.脚踏车, 自行车",托福
fascinate,'fæsə'net,,v.使着迷,托福
shellfish,'ʃɛl'fɪʃ,,"n.贝, 甲壳类动物",托福
dy,dai,,n.[化]镝(=dysprosium),托福
inferior,ɪn'fɪrɪɚ,,"a.下等的, 下级的",托福
rub,rʌb,,"v.擦,擦掉",托福
beat,bit,,v.打；战胜,托福
fan,fæn,,n.(风)扇 vt扇，煽动,托福
agriculturalist,",æɡrɪ'kʌltʃərəlɪst",,n.农学家,托福
cooperate,koʊˈɑːpəreɪt,,"v.合作, 协作",托福
adorn,ə'dɔrn,,v.装饰,托福
Pakistan,'pækistæn,,n.巴基斯坦(南亚国家),托福
rhetorical,rɪ'tɔrɪkl,,a.带修辞色彩的,托福
formula,'fɔrmjələ,,"n.公式, 规则",托福
leap,lip,,v&n.跳跃,托福
inferential,",ɪnfə'rɛnʃəl",,"a.推理的, 推论的",托福
reel,ril,,n.卷轴 vt卷，绕,托福
partial,'pɑrʃəl,,"a.部分的,局部的",托福
crown,kraʊn,,n.王冠，冕,托福
mysterious,mɪ'stɪrɪəs,,a.神秘的,托福
audio,'ɔdɪo,,"a.音频的,声音的",托福
planetarium,'plænə'tɛrɪəm,,n.天文馆,托福
spider,'spaɪdɚ,,"n.蜘蛛,三脚架",托福
humorous,'hjumərəs,,"a.幽默的,诙谐的",托福
aristocratic,"ə,rɪstə'krætɪk",,"a.贵族政治的,贵族的",托福
parrot,'pærət,,n.鹦鹉,托福
bush,bʊʃ,,n.矮树丛,托福
radar,'redɑr,,"n.雷达,电波探测器",托福
strand,strænd,,v.使搁浅,托福
conductance,kən'dʌktəns,,"n.电导, 导率",托福
filter,'fɪltɚ,,"v.过滤 ,透(过)",托福
rainforest,'ren'fɔrɪst,,n.雨林,托福
endocrine,'ɛndəkrɪn,,n.内分泌,托福
hemlock,'hɛmlɑk,,"n.铁杉,毒芹",托福
determination,dɪˌtɜːrmɪˈneɪʃn,,"n.决心, 果断",托福
exclusively,ɪk'sklʊsɪvli,,ad.专门地，排除其他地,托福
quotation,kwo'teʃən,,"n.引文,引语",托福
discern,dɪ'sɝn,,"v.察觉出,识别",托福
professor,prə'fɛsɚ,,n.教授,托福
deposition,",dɛpə'zɪʃən",,"n.沉积, 免职",托福
handful,"'hænd,fʊl",,"n.一把, 少数",托福
flaw,flɔ,,n.缺点，瑕疵,托福
shuttle,'ʃʌtl,,n.航天飞机；梭子 v穿梭来回(运送),托福
necessity,nə'sɛsəti,,"n.需要,必需品",托福
reasonably,'riznəbli,,ad.有理地；合理地,托福
chill,tʃɪl,,v.使变冷(冷冻) n寒冷,托福
pink,pɪŋk,,n&a.粉红色(的),托福
ceiling,'silɪŋ,,"n.天花板, 上限",托福
commensalism,kə'mɛnsəlɪzəm,,n.共栖,托福
parasitism,"'pærəsaɪt,ɪzm",,"n.寄生状态, 寄生病",托福
outdoor,'aʊt'dɔr,,"a.室外的, 户外的",托福
blanket,'blæŋkɪt,,n.毯子,托福
modernize,mɑdɚnˌaɪz,,v.使现代化,托福
boredom,'bɔrdəm,,n.厌倦,托福
somewhere,'sʌmwɛr,,"ad.某处, 在某处",托福
happiness,ˈhæpinəs,,"n.幸福, 快乐",托福
currency,ˈkɜrənsi,,n.流通,托福
county,'kaʊnti,,"n.县, 郡",托福
correspondence,",kɔrə'spɑndəns",,"n.通信, 信件, 相符",托福
confidence,'kɑnfɪdəns,,n.信心,托福
coverage,'kʌvərɪdʒ,,n.覆盖,托福
botany,'bɑtəni,,n.植物学,托福
seemingly,'simɪŋli,,ad.表面上地,托福
feminist,'fɛmənɪst,,n.男女平等主义者,托福
radium,'redɪəm,,n.[化]镭,托福
transmit,trænzˈmɪt,,"v.传送,传达",托福
persist,pɚ'sɪst,,"v.坚持, 持续",托福
warrior,'wɔrɪɚ,,n.勇士，武士,托福
portable,'pɔrtəbl,,"a.便于携带的,轻便的",托福
gentle,'dʒɛntl,,"a.温和的, 文雅的",托福
swift,swɪft,,"a.迅速的,敏捷的",托福
suspect,sʌspɛkt; (for v.) səˈspɛkt,,"v.推测,怀疑",托福
sleepy,'slipi,,"a.困乏的,欲睡的",托福
weakness,'wiknəs,,"n.虚弱,弱点",托福
outgoing,'aʊt'goɪŋ,,a.外向的,托福
combat,'kɑmbæt,,"n.战斗,格斗",托福
dispute,'dɪs'pjʊt,,"n&v.争论,争端",托福
Baltic,'bɔ:ltik,,"n.a波罗的海的, 波罗的语的",托福
male,mel,,"a.男的, 雄的",托福
prevalent,'prɛvələnt,,"a.普遍的, 流行的",托福
convey,kən've,,"v.搬运,传达",托福
recruit,rɪ'krut,,"v.招募,吸收 n.新成员, 新兵",托福
hereditary,hə'rɛdə'tɛri,,"a.世袭的,遗传的",托福
counterpart,'kaʊntɚpɑrt,,"n.职务相当的人,副本",托福
personality,",pɝsə'næləti",,"n.人格,个性",托福
strut,strʌt,,n.高视阔步 v.昂首阔步地走,托福
prowl,praʊl,,v.巡游,托福
worship,'wɝʃɪp,,"n&vt.崇拜, 爱慕",托福
hat,hæt,,n.帽子 vt戴帽子,托福
avenue,'ævənu,,"n.林荫道,方法",托福
consensus,kən'sɛnsəs,,n.一致，同意,托福
sugar,'ʃʊgɚ,,n.糖,托福
ethic,'ɛθɪk,,n.道德规范,托福
individualistic,ˌɪndɪˌvɪdʒʊr'lɪstɪk,,a.个人主义的,托福
stylistic,staɪ'lɪstɪk,,"a.风格上的,文体上",托福
eka,,,n.准(第一),托福
check,tʃɛk,,"v.检查 n.核对,支票",托福
cabin,'kæbɪn,,"n.小屋, 船舱",托福
convenient,kən'vinɪənt,,"a.便利的,方便的",托福
geography,dʒɪ'ɑɡrəfi,,n.地理(学),托福
bottle,'bɑtl,,n.瓶子 vt用瓶装,托福
exaggeration,"ɪɡ,zædʒə'reʃən",,n.夸张,托福
hamper,'hæmpɚ,,"v.妨碍, 牵制",托福
unpleasant,ʌn'plɛznt,,a.不愉快的；不合意的,托福
softwood,'sɔftwʊd,,n.软木材,托福
arsenic,'ɑrsnɪk,,"n.[化]砷, 砒霜",托福
bean,bin,,"n.豆, 豆形果实",托福
slate,slet,,"n.板岩,石板",托福
reptilian,rɛp'tɪlɪən,,n.爬行类动物,托福
overirrigation,,,n.过量灌溉,托福
bold,bold,,"a.大胆的, 无礼的",托福
conclusive,kən'klusɪv,,"a.决定性的,结论性的",托福
file,faɪl,,"n.文档 vt登记备案 ,提出",托福
honeybee,'hʌnɪbi,,n.蜜蜂,托福
satiric,sə'tɪrɪk,,"a.讽刺的,挖苦的",托福
refresh,ri'frɛʃ,,"v.(使)精神振作,(使)恢复活力",托福
starvation,stɑr'veʃən,,"n.饥饿, 饿死",托福
personally,'pə:sənəli,,ad.亲自；就个人来说,托福
spruce,sprʊs,,n.云杉,托福
comprehend,",kɑmprɪ'hɛnd",,v.理解，领会,托福
diffusion,dɪ'fjʊʒən,,n.传播，散布,托福
differentiate,",dɪfə'rɛnʃɪet",,"v.区分 ,区别",托福
radical,'rædɪkl,,a.根本的；激进的 n激进分子,托福
whenever,wɛn'ɛvɚ,,conj.无论何时，随时,托福
stiffen,'stɪfn,,v.弄硬；加强,托福
simulate,'sɪmjulet,,"v.模拟, 模仿",托福
fetus,'fitəs,,n.胎儿,托福
feeder,'fidɚ,,n.饲养员,托福
reminder,rɪ'maɪndɚ,,n.提醒物；暗示,托福
foodstuff,'fudstʌf,,"n.食品, 粮食",托福
shepherd,'ʃɛpɚd,,n.牧羊人 v.带领，引导,托福
pine,paɪn,,n.松(树) vi消瘦,托福
informant,ɪn'fɔrmənt,,"n.通知者, 告密者",托福
allocate,'æləket,,"v.分派, 分配",托福
cedar,'sidɚ,,n.雪松,托福
vanish,'vænɪʃ,,v.消失,托福
slab,slæb,,n.厚板，平板,托福
coexist,",koɪɡ'zɪst",,v.共存,托福
marble,'mɑrbl,,n.大理石,托福
moose,mus,,n.[动] 驼鹿,托福
cod,kɒd,,abbr.货到付款 (Cash on Delivery) n鳕鱼,托福
migrant,'maɪɡrənt,,"n.移居者, 候鸟",托福
aviation,",evɪ'eʃən",,"n.航空,飞机制造业",托福
frontal,'frʌntl,,n.前沿,托福
hexagonal,hɛk'sægənl,,"a.六角形的,六边的",托福
journal,'dʒɝnl,,"n.定期刊物, 杂志",托福
assure,ə'ʃʊr,,"v.使确信, 确保",托福
sizable,'saɪzəbl,,a.相当大的,托福
decompose,",dikəm'poz",,v.(使)腐烂,托福
scout,skaʊt,,n.侦察员 vi侦察,托福
mineralization,",minərəlai'zeiʃən, -li'z-",,"n.矿化作用,成矿作用",托福
krypton,'krɪp'tɑn,,n.[化] 氪,托福
diminish,dɪ'mɪnɪʃ,,"v.(使)减少, (使)变小",托福
residual,rɪ'zɪdʒuəl,,"a.剩余的, 残留的",托福
chlorophyll,'klɔrəfɪl,,n.[生化]叶绿素,托福
xenon,'zinɑn,,"n.氙(惰性气体的一种,元素符号Xe)",托福
coil,kɔɪl,,"v.盘绕, 卷",托福
penicillin,",pɛnɪ'sɪlɪn",,n.[微]青霉素（一种抗菌素，音译名为盘尼西林）,托福
homestead,'homstɛd,,n.家宅，宅基,托福
prestigious,prɛ'stɪdʒəs,,a.享有声望的,托福
frustration,frʌ'streʃən,,"n.挫败, 挫折",托福
servant,'sɝvənt,,n.仆人,托福
imitative,'ɪmɪtetɪv,,"a.仿制的,模仿的",托福
lesson,'lɛsn,,n.功课,托福
incubate,'ɪŋkjubet,,v.孵卵,托福
hectare,'hɛktɛr,,n.公顷（等于1万平方米）,托福
alert,ə'lɝt,,a.警觉的n戒备,托福
committee,kə'mɪti,,n.委员会,托福
chocolate,'tʃɑklət,,n.巧克力,托福
loosely,'lusli,,ad.松散地,托福
creator,krɪ'etɚ,,"n.创建者, 创作者",托福
dirt,dɝt,,"n.污垢, 泥土",托福
Asian,"ˈeʒən, ˈeʃən",,"n&a.亚洲(的), 亚洲人(的)",托福
enthusiastic,"ɪn,θuzɪ'æstɪk",,"a.热心的, 热情的",托福
proof,pruf,,n.证据，证明,托福
infrastructure,'ɪnfrə'strʌktʃɚ,,"n.下部构造,基础下部组织",托福
novelist,'nɑvlɪst,,n.(长篇)小说家,托福
peruvian,pə'ru:vjən,,n&a.秘鲁人(的),托福
static,'stætɪk,,"a.静态的, 静止的",托福
osprey,'ɑspre,,"n.白色的羽毛, 鱼鹰",托福
Scotland,'skɔtlənd,,"n.苏格兰(英国的一部分,在不列颠北部)",托福
underneath,",ʌndɚ'niθ",,ad.在下面 prep在的下面,托福
pillar,'pɪlɚ,,"n.柱子, 栋梁",托福
affection,ə'fɛkʃən,,"n.影响, 感情",托福
someone,'sʌmwʌn,,"pron.有人, 某人",托福
kneel,nil,,v.跪下,托福
evaluation,"ɪ,væljʊ'eʃən",,"n.估价, 评价",托福
huckleberry,'hʌkl'bɛri,,n.越橘类,托福
elk,ɛlk,,n.麋鹿,托福
darken,'dɑrkən,,v.(使)变暗,托福
suffer,'sʌfɚ,,"v.遭受, 经历",托福
jaw,dʒɔ,,"n.颚,下巴",托福
hardship,'hɑrdʃɪp,,"n.困苦, 艰难",托福
historically,his'tɔrikəli,,ad.历史上地,托福
disorient,"dɪsˈɔriˌɛnt, -ˈor-",,"v.使失去方向感, 使迷惑",托福
anthocyanin,",ænθə'saɪənɪn",,"n.[植]花青素, [化]花色醣苔",托福
acidic,ə'sɪdɪk,,"a.酸的,酸性的",托福
elder,'ɛldɚ,,"n.年长者, 老人",托福
modification,",mɑdɪfɪ'keʃən",,"n.更改, 修改",托福
anyone,'ɛnɪ'wʌn,,pron.任何一个,托福
fingerboard,'fɪŋgəbɔːd,,n.键盘,托福
watercraft,'wɔtəkræft,,n.船只,托福
buildup,'bɪldʌp,,"n.集结, 增长",托福
varnish,'vɑrnɪʃ,,n.清漆；光泽 v.涂清漆，使光亮,托福
warfare,'wɔrfɛr,,"n.战争, 作战, 冲突, 竞争",托福
cop,kɑp,,"n.警官, 巡警",托福
symbiosis,",sɪmbaɪ'osɪs",,"n.[生]共生(现象),合作关系",托福
presidential,'prɛzədɛnʃəl,,a.总统的,托福
sponge,spʌndʒ,,n.海绵 vt擦,托福
gut,ɡʌt,,n.内脏,托福
Russia,'rʌʃə,,n.俄罗斯,托福
powder,'paʊdɚ,,"n.粉(末) v搽粉,撒粉",托福
organizational,ˌɔːrɡənəˈzeɪʃənl,,a.组织的,托福
abruptly,ə'brʌptli,,ad.突然地；粗鲁地,托福
administrative,əd'mɪnɪstretɪv,,a.管理的，行政的,托福
hypothetical,",haɪpə'θɛtɪkl",,a.假说的，臆说的,托福
pastoral,'pæstərəl,,a.田园生活的，宁静的,托福
overtime,",ovə'taɪm",,n.超时,托福
interglacial,",ɪntɚ'gleʃəl",,a.间冰期的,托福
bias,'baɪəs,,n.偏见vt使存偏见,托福
ahead,ə'hɛd,,"a&ad.在前, 向前",托福
lamp,læmp,,n.灯,托福
conform,kən'fɔrm,,"v.使一致, 遵从",托福
detractor,dɪ'træktɚ,,n.诽谤者,托福
timescale,,,"n.时标, 时间量程",托福
stove,stov,,n.炉,托福
sailfish,'seilfiʃ,,n.旗鱼,托福
marlin,'mɑrlɪn,,n.枪鱼,托福
swordfish,'sɔrdfɪʃ,,n.旗鱼,托福
commit,kə'mɪt,,"v.犯罪, 承诺, 委托",托福
renewal,rɪ'nuəl,,"n.更新, 恢复",托福
false,fɔls,,a.错误的；假的,托福
Eurasian,juə'reiʃən,,"a.欧亚的, 欧亚人的",托福
tolerant,'tɑlərənt,,"a.宽容的, 容忍的",托福
dull,dʌl,,a.乏味的；阴沉的,托福
depress,dɪ'prɛs,,"v.使沮丧, 使消沉",托福
fortunate,'fɔrtʃənət,,"a.幸运的, 侥幸的",托福
buoyant,'bujənt,,"a.有浮力的, 轻快的",托福
slick,slɪk,,a.圆滑的；精巧的,托福
shine,ʃaɪn,,"v.照耀,发光 n光泽",托福
kinship,'kɪnʃɪp,,n.血族关系,托福
helpful,'hɛlpfl,,a.有益的；给予帮助的,托福
domestication,"də,mɛstə'keʃən",,"n.驯养, 教化",托福
blur,blɝ,,"v.弄脏 n.污点, 模糊",托福
replenish,rɪ'plɛnɪʃ,,v.补充,托福
fellowship,'fɛloʃɪp,,n.伙伴关系,托福
tutelage,'tʊtəlɪdʒ,,n.监护,托福
freudian,'frɔidjən,,"n.n&a,佛洛伊德学说(的)",托福
controversy,ˈkɑːntrəvɜːrsi,,"n.论争, 辩论",托福
blubber,'blʌbɚ,,"n.鲸脂,哭号v哭号",托福
basalt,bə'sɔlt,,n.玄武岩,托福
predation,prɪ'deʃən,,n.掠食,托福
qualification,",kwɑlɪfɪ'keʃən",,"n.资格, 条件",托福
perish,'pɛrɪʃ,,v.丧生，消亡,托福
photographer,fə'tɑgrəfɚ,,n.摄影师,托福
boule,bʊl,,n.人造宝石，议会,托福
Berlin,bɝ'lɪn,,n.柏林[德国],托福
trance,træns,,n&v.恍惚；出神,托福
opaque,o'pek,,"a.不透明的,难懂的",托福
vigorously,'vɪgərəsli,,ad.精力旺盛地；健壮地,托福
lease,lis,,"n.租赁vt出租,租得",托福
brightly,'braɪtlɪ,,ad.明亮地,托福
underlies,",ʌndɚ'laɪ",,"v.位于之下, 成为的基础",托福
telecommunication,",tɛlɪkə,mjʊnə'keʃən",,n.电信，远程通信,托福
recur,rɪ'kɝ,,v.再发生，重现,托福
reset,'risɛt,,v.重新安排,托福
constructive,kən'strʌktɪv,,"a.建设性的,构造上的",托福
habituation,"hə,bitju'eiʃən",,n.适应,托福
generalization,",dʒɛnrələ'zeʃən",,"n.一般化, 归纳, 概括",托福
shock,ʃɑk,,n&v.震动；震惊,托福
permanence,'pɝmənəns,,"n.永久, 持久",托福
tine,taɪn,,"n.(尖)齿, 叉",托福
vacation,vəˈkeɪʃn; veɪ-,,"n.假期,休假",托福
briefly,'brifli,,ad.简短地；简略地,托福
precipitate,prɪ'sɪpɪtet,,v.促成；使沉淀 n沉淀物,托福
Scottish,'skɔtiʃ,,"n.苏格兰人(的), 苏格兰语（的）",托福
Norwegian,nɔ:'wi:dʒən,,"a.挪威的 n挪威人, 挪威语",托福
lime,laɪm,,"n.酸橙,石灰",托福
ball,bɔl,,"n.球, 球状物",托福
joiner,'dʒɔɪnɚ,,n.工匠,托福
bulk,,,"n.(大)块,主体 vt使更大",托福
repetition,'rɛpə'tɪʃən,,n.重复，反复,托福
patronage,'pætrənɪdʒ,,n.赞助；光顾(买东西),托福
bacterium,bæk'tɪrɪəm,,n.细菌,托福
carman,'kɑrmən,,"n.车夫,司机",托福
incise,ɪn'saɪz,,"v.切入, 切割",托福
shaft,ʃæft,,n.柄，杆,托福
leak,lik,,v.(使)漏；泄露 n漏洞,托福
energetic,",ɛnɚ'dʒɛtɪk",,"a.精力充沛的,积极的",托福
restore,rɪ'stɔr,,"v.恢复,重建",托福
Mexican,'mɛksɪkən,,n&a.墨西哥(的)， 墨西哥人(的),托福
cat,kæt,,n.猫,托福
bit,bɪt,,n.一点儿，少许；小片,托福
doctor,'dɑktɚ,,n.医生；博士,托福
crumple,'krʌmpl,,v.(使)皱，扭曲；(使)崩溃,托福
equality,ɪ'kwɑləti,,"n.等同性, 平等",托福
developmental,"dɪ,vɛləp'mɛntl",,"a.发展的, 进化的",托福
await,ə'wet,,v.等候,托福
saline,'selin,,a.含盐的；咸的,托福
minimal,'mɪnɪməl,,"a.最小的, 最小限度的",托福
warmth,wɔrmθ,,"n.暖和, 温暖",托福
newborn,'nubɔrn,,n.婴儿,托福
opposition,'ɑpə'zɪʃən,,"n.反对,相反",托福
shadow,'ʃædo,,n.阴影；影子,托福
magic,'mædʒɪk,,n.魔术；魔力 a有魔力的,托福
meal,mil,,"n.餐, 一顿饭",托福
mechanical,mɪ'kænɪkəl,,"a.机械的, 机械制的",托福
alien,"ˈeliən,ˈeljən",,a.外国(人)的 n.外国(星)人,托福
chapbook,"'tʃæp,bʊk",,n.畅销故事书,托福
shoe,ʃu,,n.鞋,托福
Manhattan,mæn'hæt(ə)n,,n.曼哈顿岛(美国纽约一区),托福
distract,dɪ'strækt,,"v.转移,分散",托福
satisfactory,",sætɪs'fæktəri",,a.令人满意的,托福
devastate,'dɛvəstet,,v.毁坏,托福
Holland,'hɑlənd,,n.荷兰,托福
glue,ɡlu,,n.胶(水) vt胶合,托福
prospect,'prɑspɛkt,,"n.前景, 景象",托福
arcade,ɑr'ked,,n.拱廊,托福
navigational,",nævə'geʃənəl",,"a.导航的, 航行的",托福
deterioration,"dɪ,tɪrɪə'reʃən",,"n.变坏, 退化",托福
pursuit,pɚ'sut,,"n.追求,追逐",托福
soak,sok,,"n&v.浸泡, 渗透",托福
metallurgy,'mɛtəlɝdʒi,,"n.冶金, 冶金术",托福
taxes,tæksi:z,,"n.赋税,  税收",托福
solidify,sə'lɪdɪfaɪ,,"v.(使)凝固,团结",托福
belt,bɛlt,,"n.带子, 地带",托福
cape,kep,,"n.海角,斗篷",托福
spoil,spɔɪl,,v.损坏；溺爱 vi变质,托福
meticulously,me'tikjuləsli,,"ad.仔细地,谨慎地",托福
configuration,"kən,fɪɡjə'reʃən",,"n.构造, 结构",托福
unaided,ʌn'edɪd,,"a.未受协助的, 独立的",托福
perplex,pɚ'plɛks,,v.使困惑，使费解,托福
unnecessary,ʌn'nɛsə'sɛri,,"a.不必要的,多余的",托福
concave,kɑn'kev,,a.凹的 n凹(面),托福
beak,bik,,"n.鸟嘴, 喙",托福
descent,dɪ'sɛnt,,"n.下降,下倾",托福
outermost,'aʊtɚ'most,,"a.最外方的,离中心最远的",托福
duck,dʌk,,n.鸭，鸭肉,托福
duty,'dʊti,,"n.义务, 责任",托福
yard,jɑrd,,n.院子，场地,托福
legendary,'lɛdʒən'dɛri,,a.闻名的；传说的,托福
haul,hɔl,,vt& n.(用力)拖，拉,托福
congressional,kən'ɡrɛʃənl,,a.会议的；国(议)会的,托福
abstraction,æb'strækʃən,,n.提取,托福
eel,il,,n.鳗鱼,托福
hazard,'hæzɚd,,n.危险 vt冒…风险,托福
December,dɪ'sɛmbɚ,,n.十二月(略作Dec),托福
overlap,'ovəlæp,,"v.重叠, 重复",托福
width,wɪdθ,,"n.宽度, 广度",托福
pet,pɛt,,n.宠物,托福
camouflage,'kæmə'flɑʒ,,v&n.伪装,托福
adverse,"ædˈvɚs, ˈædˌvɚs",,a.不利的，有害的,托福
postage,'postɪdʒ,,n.邮费,托福
prairie,'prɛri,,"n.大草原,牧场,",托福
triumph,'traɪʌmf,,n.胜利 v.获胜,托福
cylindrical,sə'lɪndrɪkl,,a.圆柱形的,托福
reinforce,",riɪn'fɔrs",,v.增强，加强,托福
bent,bɛnt,,"n.倾向, 爱好",托福
son,sʌn,,n.儿子,托福
stimulation,ˌstɪmjʊ'leʃn,,"n.激励,刺激",托福
hibernate,'haɪbɚnet,,v.冬眠,托福
auxiliary,ɔːɡ'zɪlɪəri,,"a.辅助的, 补助的",托福
athlete,'æθlit,,n.运动员,托福
kettle,'kɛtl,,"n.壶, 罐, 釜, 鼓",托福
shut,ʃʌt,,"v.关上, 关闭",托福
priority,praɪ'ɔrəti,,n.优先(权),托福
salary,'sæləri,,n.薪水,托福
collaboration,"kə,læbə'reʃən",,n.合作，协作,托福
waterpower,"'wɔ:tə,pauə, 'wɔ-",,n.水力(水力发电),托福
pollen,'pɑlən,,n.花粉,托福
dealer,'dilɚ,,"n.经销商, 商人",托福
firmly,'fɝmli,,ad.坚固地，稳定地,托福
relieve,rɪ'liv,,"v.减轻, 解除",托福
defensive,dɪ'fɛnsɪv,,n&a.防御(的),托福
equilibrium,",ikwɪ'lɪbrɪəm",,n.平衡,托福
symbolize,'sɪmbəlaɪz,,v.象征,托福
concrete,'kɑŋkrit,,a.实在的，具体的 n混凝土,托福
brea,'breiə,,n.布雷亚(美国加州地名),托福
upset,ʌp'sɛt,,"v.搅乱,使心烦 n不安",托福
exocrine,'ɛksəkrɪn,,a.[医]外分泌的,托福
definite,'dɛfɪnət,,"a.明确的,一定的",托福
formerly,'fɔrmɚli,,"ad.从前, 以前",托福
camp,kæmp,,n.营地 v.宿营,托福
cosmos,'kɑzmos,,n.宇宙,托福
overlie,'ovɚ'lai,,v.躺在上面,托福
shorten,'ʃɔrtn,,"v.缩短, (使)变短",托福
aboard,ə'bɔrd,,prep&ad.在(船、飞机、车)上，上船,托福
blend,blɛnd,,v.(使)混和n混合物,托福
participation,"pɑr,tɪsɪ'peʃən",,n.参加，参与,托福
brass,bræs,,n.黄铜(制品),托福
detectable,dɪ'tɛktəbl,,"a.可发现的,可察觉的",托福
adhere,əd'hɪr,,"v.粘附,遵守",托福
accommodate,ə'kɑmədet,,"v.容纳,提供(住处),适应",托福
toolmaker,"'tʊl,mekɚ",,n.精密工具制造者,托福
printmaking,"'prɪnt,mekɪŋ",,n.版画复制(术),托福
populous,'pɑpjələs,,a.人口稠密的,托福
wallpaper,'wɔlpepɚ,,n.墙纸,托福
reputation,",rɛpju'teʃən",,"n.名誉, 名声",托福
gasoline,'gæsəlin,,n.汽油,托福
invite,ɪn'vaɪt,,v.邀请；征求,托福
tap,tæp,,n&v.塞子，龙头；轻叩(拍),托福
igloo,'ɪglʊ,,n.圆顶建筑,托福
endless,'ɛndləs,,"a.无止境的,无穷的",托福
formalize,'fɔrməlaɪz,,"v.使正式, 形式化",托福
edition,ɪ'dɪʃən,,"n.版,版本",托福
sew,so,,"v.缝合, 缝纫",托福
inefficient,",ɪnɪ'fɪʃnt",,"a.效率低的,效率差的",托福
geographer,dʒɪ'ɑɡrəfɚ,,n.地理学者,托福
laser,'lezɚ,,n.激光,托福
foul,faʊl,,"a.邪恶的,下流的 n犯规 v弄脏",托福
willow,'wɪlo,,n.柳(树),托福
continuity,'kɑntə'nʊəti,,"n.连续性, 连贯性",托福
meteoric,",mitɪ'ɔrɪk",,"a.流星的,大气的",托福
explode,ɪk'splod,,v.爆炸；爆发,托福
recipient,rɪ'sɪpɪənt,,n.接受者，接收者,托福
Michigan,'miʃigən,,n.密歇根州(美国州名),托福
favorite,'fevərɪt,,a.喜爱的 n特别喜爱的人(或物),托福
anxious,'æŋkʃəs,,"a.渴望的, 忧虑的",托福
harness,'hɑrnɪs,,n.马具 v.治理，束以马具,托福
adoption,ə'dɑpʃən,,"n.采用, 收养",托福
vie,vaɪ,,v.竞争,托福
instruct,ɪn'strʌkt,,"v.教导, 指示",托福
carol,'kærəl,,"n.颂歌, 欢乐的歌",托福
god,ɡɑd,,"n.神, 上帝",托福
girl,ɡɝl,,n.女孩,托福
comedy,'kɑmədi,,n.喜剧,托福
provision,prə'vɪʒn,,"n.供应,预备",托福
exceptionally,ɪk'sɛpʃənəli,,"ad.格外地, 特别地",托福
fieldstone,'fi:ldstəun,,"n.散石,大卵石",托福
ranch,ræntʃ,,v.经营牧场n牧场,托福
imperial,ɪm'pɪrɪəl,,a.帝国的，帝王的,托福
defenseless,dɪ'fɛnslɪs,,a.无防备的,托福
furnish,'fɝnɪʃ,,"v.布置, 装备, 提供",托福
lag,læɡ,,v.落后 n滞后,托福
lumiere,,,n.彩色照相术,托福
accompaniment,ə'kʌmpənɪmənt,,"n.陪伴物, 伴奏",托福
pretend,prɪ'tɛnd,,v.假装，装作,托福
thresh,θrɛʃ,,"v.打谷, 脱粒, 反复得做",托福
repetitive,rɪ'pɛtətɪv,,"a.重复的,反复的",托福
mule,mjul,,"n.骡子,十分固执的人",托福
prone,pron,,a.易于…的，很可能…的,托福
wipe,waɪp,,"v.擦, 揩",托福
individualism,",ɪndɪ'vɪdʒuəlɪzəm",,"n.个人主义, 利己主义",托福
Russian,'rʌʃən,,a& n.俄罗斯(语)(的),托福
formulate,'fɔrmjə'let,,v.构想出，规划,托福
krill,krɪl,,n.[动]磷虾(单复同),托福
forty,'fɔrti,,num.四十,托福
coastline,'kostlaɪn,,n.海岸线,托福
unevenly,ʌn'ivənli,,"ad.不平坦地, 不均衡地",托福
assess,ə'sɛs,,"v.估定,评定",托福
sick,sɪk,,a.有病的；恶心的,托福
drapery,'drepəri,,n.布业，布匹,托福
nick,nɪk,,n.小伤口，刻痕,托福
Ute,jut,,"n.犹特人(美洲印第安人的一种), 犹特语",托福
ordinarily,",ɔrdn'ɛrəli",,ad.平常地；普通地,托福
headquarter,'hɛd'kwɔrtɚ,,v.将之总部设在,托福
peach,pitʃ,,n.桃(树),托福
radiocarbon,",redɪo'kɑrbən",,n.放射性炭,托福
afield,ə'fild,,"ad.远离着(家乡), 去远处",托福
relocate,",ri'loket",,v.重新部署,托福
enormously,ɪ'nɔrməsli,,"ad.极度,大量",托福
saltwater,'sɔlt'wɔtɚ,,"a.盐水的, 海产的",托福
pipe,paɪp,,n.管子,托福
mute,mjut,,"a.哑的,不发音的 vt消除(声音)",托福
deglaciation,"di,ɡleiʃi:'eiʃən",,n.冰消作用,托福
glen,ɡlɛn,,"n.峡谷, 溪谷",托福
poison,'pɔɪzn,,n.毒药vt 下毒,托福
wax,waks,,"n.蜡, 蜡状物",托福
neglect,nɪ'glɛkt,,vt&n.忽视，忽略,托福
pangaea,pæn'dʒi:ə,,"n.泛古陆,  泛大陆",托福
fahrenheit,'færən'haɪt,,n.华氏温度计,托福
lys,li:s,,n.[化]赖氨酸,托福
Sac,sæk,,"n.〈生〉囊,液囊",托福
midcontinent,,,n.大陆中部,托福
emperor,'ɛmpərɚ,,"n.皇帝, 君主",托福
mainstay,'menste,,n.支柱;骨干,托福
connecticut,kə'netikət,,n.(美国）康涅狄格,托福
wholly,'holli,,"ad.整个,全部",托福
brilliance,'brɪljəns,,n.光辉，辉煌,托福
Oklahoma,",əuklə'həumə",,n.俄克拉荷马州,托福
rhinoceros,raɪ'nɑsərəs,,n.[动]犀牛,托福
externally,ɪk'stɝnli,,"ad.外部地, 外面地",托福
successor,sək'sɛsɚ,,"n.接班人, 继任人",托福
tax,tæks,,"n.税,税款",托福
plumb,plʌm,,"v.（用铅垂）测量,探测",托福
lessen,'lɛsn,,"v.减少,缩小",托福
trout,traʊt,,n.鲑鱼,托福
permian,'pə:miən,,n&a.[地]二叠纪(的),托福
superintendent,",supərɪn'tɛndənt",,n.主管人，监管人,托福
friendly,'frɛndli,,"a.友好的, 友谊的",托福
wasteful,'westfl,,a.浪费的，挥霍的,托福
foraminifera,"fə,ræmi'nifərə",,n.有孔虫类,托福
peace,pis,,"n.和平, 安静",托福
domain,do'men,,"n.领地,范围",托福
agitate,ˈædʒɪˌteɪt,,"v.搅动,煽动",托福
farce,fɑrs,,n.闹剧；荒唐可笑,托福
aborigine,'æbə'rɪdʒəni,,n.土著居民,托福
attest,ə'tɛst,,v.证明,托福
aggressiveness,ə'grɛsɪvnɪs,,"n.进取精神, 侵犯",托福
privately,'praɪvɪtli,,ad.秘密，一个人,托福
vague,veɡ,,"a.不明确的,模糊的",托福
lawlike,'lɔ:laik,,a.似法律的,托福
oppositely,'ɔpəzitli,,"ad.相反地, 相对地",托福
anecdotal,",ænɪk'dotl",,"a.轶事的,趣闻的",托福
ounce,aʊns,,n.盎司,托福
disorder,dɪs'ɔrdɚ,,n.混乱 vt扰乱,托福
defeat,dɪ'fit,,"vt&n.击败,战败",托福
synchronization,",sɪnkrənaɪ'zeʃən",,n.同步化,托福
dress,drɛs,,"n.连衣裙,女装 v打扮",托福
biographer,baɪˈɑːɡrəfər,,n.传记作者,托福
creativity,",krie'tɪvəti",,n.创造(力),托福
illness,'ɪlnəs,,"n.疾病, 生病",托福
curriculum,kə'rɪkjələm,,n.课程,托福
Anglo,'æŋɡləu,,"n.盎格鲁, 英裔美国人",托福
revival,rɪ'vaɪvl,,"n.复兴, 复活",托福
Hampshire,'hæmpʃə,,n.汉普郡(英国南部之一郡),托福
worthwhile,'wɝθ'waɪl,,a.值得做的,托福
spy,spaɪ,,"n.间谍, 侦探 v侦察",托福
instinctive,ɪn'stɪŋktɪv,,"a.本能的,直觉的",托福
signaler,'siɡnələ,,n.信号员,托福
retire,rɪ'taɪɚ,,v.退休,托福
turbulence,'tɝbjələns,,"n.骚乱, 动荡",托福
paradigm,'pærə'daɪm,,n.范例,托福
insight,'ɪn'saɪt,,"n.洞察力, 见识",托福
penchant,'pentʃənt,,n.喜好(倾向),托福
sinkhole,'sɪŋkhəʊl,,n.污水池,托福
neptune,'nɛptjun,,n.[天]海王星,托福
cyanide,"'saɪə,naɪd",,n.[化]氰化物,托福
gin,dʒɪn,,n.杜松烧酒  v开始,托福
flax,flæks,,n.亚麻,托福
revolve,rɪ'vɔlv,,v.旋转,托福
withdraw,wɪð'drɔ,,"v.收回,撤消",托福
purple,'pɝpl,,a.紫色的,托福
comprise,kəm'praɪz,,"v.包含, 由组成",托福
timer,'taɪmɚ,,"n.计时员, 定时器",托福
supplant,sə'plænt,,v.排挤，取代,托福
harpsichord,'hɑ:psikɔ:d,,n.大键琴,托福
peaceful,'pisfəl,,"a.a 和平的, 平静的",托福
reign,ren,,"n.君主统治 v.统治, 支配",托福
appreciation,"ə,priʃɪ'eʃən",,"n.感谢, 感激",托福
tempt,tɛmpt,,"v.吸引,诱惑",托福
boast,bost,,v&n.自夸,托福
revitalize,",ri'vaɪtəlaɪz",,v.新生,托福
spiritual,'spɪrɪtʃʊəl,,a.精神上的,托福
clan,klæn,,"n.氏族,部落",托福
fictional,'fikʃənl,,"a.虚构的,小说的",托福
heterogeneous,'hɛtərə'dʒinɪəs,,"a.异种的, 异质的",托福
diversion,dəˈvɝʒən; dəˈvɝʃən; daɪˈvɝʒən; daɪˈvɝʃən,,"n.转向, 转移",托福
protrude,pro'trud,,v.突出,托福
recrystallize,ri:'kristəlaiz,,v.( 使) 再结晶,托福
warp,wɔrp,,"v.弯曲,歪曲",托福
Nevada,nə'vædə,,n.内华达州(美国西部内陆州),托福
amusement,ə'mjuzmənt,,"n.娱乐, 消遣",托福
monetary,'mʌnɪtɛri,,"a.货币的, 金融的",托福
reed,rid,,n.芦苇,托福
legislature,'lɛdʒɪsletʃɚ,,n.立法机关,托福
baboon,bæ'buːn,,n.[动]狒狒,托福
wedge,wɛdʒ,,"n.楔 vt楔入, 楔进",托福
overgraze,",əuvə'ɡreiz",,vt.使过度放牧,托福
embed,ɪm'bɛd,,"v.使插入, 嵌入",托福
blowhole,'blohol,,"n.喷水孔, 通风孔",托福
imagist,'imidʒist,,n&a.意像派者(的),托福
antenna,æn'tɛnə,,n.天线,托福
receptor,rɪ'sɛptɚ,,n.接受器,托福
magenta,mə'dʒɛntə,,n&a.红紫色(的),托福
valse,vɑ:ls,,v.轻轻地走 n.华尔兹,托福
rebellion,rɪ'bɛljən,,n.反叛，反抗,托福
discoverer,dis'kʌvərə,,n.发现者,托福
charcoal,'tʃɑrkol,,n.木炭,托福
conifer,'kɑnəfɚ,,"n.[植]松类, 针叶树",托福
botanist,'bɑtənɪst,,n.植物学家,托福
narrator,næ'retɚ,,n.讲述者,托福
critically,'krɪtɪkli,,"ad.批评性地, 危急地",托福
Inca,'iŋkə,,n.印加人(古代秘鲁土著人),托福
woolen,'wʊlɪn,,a.毛线的 n.毛制品,托福
dialogue,'daɪəlɑɡ,,n.对话,托福
void,vɔɪd,,a.无效的,托福
variously,'veəriəsli,,"ad.不同地, 各种各样地",托福
dictate,'dɪktet,,v.口授；命令,托福
incursion,ɪn'kɝʒn,,n.侵犯，入侵,托福
sweet,swit,,a.甜的,托福
decode,,,"v.解码, 译解",托福
advantageous,'ædvən'tedʒəs,,a.有利的,托福
legend,'lɛdʒənd,,n.传说,托福
toll,tol,,n.过路(桥)费,托福
deliberate,dɪ'lɪbərət,,"a.故意的,深思熟虑的",托福
milk,mɪlk,,"n.乳, 牛奶",托福
subside,səb'saɪd,,"v.下沉,平静",托福
socially,'soʃəli,,ad.社交上；社会上,托福
inventory,'ɪnvəntɔri,,"n.详细目录, 存货(清单)",托福
twin,twɪn,,n.双胞胎中一人 v.使成对,托福
drastic,'dræstɪk,,"a.激烈的, 极端的",托福
chapel,'tʃæpl,,n.小教堂,托福
tenement,'tɛnəmənt,,n.公寓,托福
daguerreotype,də'ɡɛrətaɪp,,n.(早期)银板照相,托福
staple,'stepl,,v.订 a主要的,托福
fatty,'fæti,,a.脂肪的,托福
mainland,'menlænd,,n.大陆,托福
disrupt,dɪs'rʌpt,,v.使中断，扰乱,托福
rend,rɛnd,,v.撕裂，猛拉,托福
maser,'meizər,,n.微波激射器,托福
spinal,'spaɪnl,,a.脊椎骨 n.脊髓麻醉,托福
clockwise,'klɑk'waɪz,,ad.／ a顺时针方向地(的),托福
generic,dʒə'nɛrɪk,,a.种类的，类属的,托福
resin,'rɛzn,,n.树脂 vt涂树脂于,托福
backward,'bækwɚd,,"a&ad.向后的, 落后的",托福
carving,'kɑrvɪŋ,,n.雕刻(品),托福
frown,fraʊn,,v.／ n皱眉，蹙额,托福
feasible,'fizəbl,,a.可行的,托福
distrust,dɪs'trʌst,,n&vt.不信任，怀疑,托福
incredible,ɪn'krɛdəbl,,a.不可信的；不可思议的,托福
smother,'smʌðɚ,,v.窒息,托福
stain,sten,,n.污点v染污,托福
cavern,'kævɚn,,n.洞穴，大山洞,托福
minuscule,'mɪnəskjul,,n&a.草写小字(的),托福
envelop,ɪn'vɛləp,,"v.包封, 遮盖",托福
fortunately,'fɔrtʃənətli,,ad.幸运地，幸亏,托福
dormant,'dɔrmənt,,a.冬眠的,托福
coppersmith,'kɔpəsmiθ,,n.铜匠,托福
intrinsic,ɪn'trɪnsɪk,,"a.内在的, 固有的",托福
portability,potə'bɪləti,,"n.可携带, 轻便",托福
pest,pɛst,,n.害虫,托福
potato,pə'teto,,n.马铃薯,托福
clarify,'klærəfaɪ,,"v.澄清, 阐明",托福
extermination,"ik,stə:mi'neiʃən",,"n.消灭, 根绝",托福
suburbanization,"sə,bə:bənai'zeiʃən, ni'z-",,n.市郊化,托福
succulent,'sʌkjələnt,,a.多汁的,托福
medal,'mɛdl,,n.奖牌，奖章,托福
micron,'maɪkrɑn,,"n.微米,百万分之一米",托福
publicize,'pʌblɪsaɪz,,v.宣传,托福
spout,spaʊt,,v.喷出,托福
catastrophic,",kætə'strɑfɪk",,"a.悲惨的, 灾难的",托福
sensory,'sɛnsəri,,"a.知觉的, 感觉的",托福
fodder,'fɑdɚ,,"n.饲料, 草料",托福
photoflash,"'fotə,flæʃ",,n.（照相）闪光灯,托福
substantiated,,,"vt.证实, 实体化",托福
cramp,kræmp,,n.痉挛 v.限制，束缚,托福
reversal,rɪ'vɝsl,,"n.翻转, 倒转, 反转",托福
psychologically,saɪkə'lɑdʒɪkli,,"ad.精神上地, 心理上地",托福
virtuosity,",vɝtʃu'ɑsəti",,n.艺术鉴别力,托福
leafy,'lifi,,a.叶状的；叶茂的,托福
perishable,'pɛrɪʃəbl,,a.容易腐烂的,托福
retract,rɪ'trækt,,"v.缩回, 撤销",托福
Israel,ˈɪzrɪəl,,n.[地名] 以色列,托福
retrieval,rɪ'trivl,,n.取回，补偿,托福
insist,ɪn'sɪst,,"v.坚持, 强调",托福
inject,ɪn'dʒɛkt,,"v.注射, 注入",托福
domelike,'dəumlaik,,a.穹顶状的,托福
savannah,sə'vænə,,n.(南美)大草原,托福
snake,snek,,n.蛇,托福
pour,pɔr,,"v.灌,注,倾泻",托福
navigator,'nævɪɡetɚ,,n.航海家,托福
vacuum,'vækjʊəm,,n.真空,托福
elliot,eli'ɔt,,n.埃利奥特(男子名),托福
perry,'pɛri,,n.梨子酒,托福
liter,litɚ,,n.公升,托福
arthropod,"'ɑrθrə,pɑd",,n&a.节肢动物(的),托福
airflow,'ɛrflo,,n.气流,托福
departure,dɪ'pɑrtʃɚ,,"n.启程, 出发",托福
momentum,mo'mɛntəm,,"n.动力, 势头",托福
spearhead,'spɪr'hɛd,,v.充当先锋,托福
unjust,'ʌn'dʒʌst,,a.不公平的,托福
industrialism,ɪn'dʌstrɪəlɪzəm,,"n.产业主义,工业制度",托福
drug,drʌg,,n.药,托福
environmentally,"ɪn,vaɪrən'mɛntlɪ",,ad.在环境方面地,托福
gem,dʒɛm,,"n.宝石, 珍宝",托福
detract,dɪ'trækt,,v.转移,托福
swirl,swɝl,,n&v.旋转，漩涡,托福
bluefin,'blu:fin,,n.金枪鱼,托福
radiant,'redɪənt,,"a.发光的, 辐射的",托福
potent,'potnt,,"a.强有力的,有效的",托福
sociobiology,",səusiəubai'ɔlədʒi, -ʃi-",,n.生物社会学,托福
ideological,",aɪdɪə'lɑdʒɪkl",,a.意识形态的,托福
solidarity,",sɑlɪ'dærəti",,n.团结,托福
providence,'prɑvɪdəns,,n.深谋远虑，远见,托福
catharsis,kə'θɑrsɪs,,n.宣泄，净化,托福
contradictory,",kɑntrə'dɪktəri",,a.相矛盾的,托福
chloride,'klɔraɪd,,n.[化]氯化物,托福
archaic,ɑr'keɪk,,"a.古代的, 陈旧的",托福
aristocrat,ə'rɪstəkræt,,n.贵族,托福
consolidate,kən'sɑlɪdet,,"v.合并,统一,巩固",托福
spark,spɑrk,,n.火花 v.触发，引起,托福
plug,plʌɡ,,v.塞 n插头,托福
spine,spaɪn,,n.脊柱,托福
absolute,'æbsəlut,,"a.完全的, 绝对的",托福
lade,led,,"v.装载,装货",托福
Soviet,'sauviət; 'sɔ-,,n&a.苏维埃(的),托福
humanity,hjʊ'mænəti,,n.人性,托福
budget,'bʌdʒɪt,,n.预算 v做预算,托福
magnesium,mæg'nizɪrm,,n.[化]镁,托福
engulf,ɛnˈɡʌlf,,v.吞没,托福
frigid,'frɪdʒɪd,,a.寒冷的,托福
grandiose,'ɡrændɪos,,"a.宏伟的,堂皇的",托福
citizenship,'sɪtɪzənʃɪp,,n.公民的身份,托福
despondent,dɪ'spɑndənt,,"a.失望的, 沮丧的",托福
identifiable,"aɪ,dɛntɪ'faɪəbl",,a.可辨认的,托福
cellular,'sɛljəlɚ,,a.细胞组成的，多孔的,托福
universality,",jʊnəvɝ'sæləti",,"n.普遍性, 一般性",托福
widen,'waɪdn,,"v.加宽,扩展",托福
Impressionism,"ɪm'prɛʃən,ɪzəm",,"n.印象派, 印象主义",托福
steer,stɪr,,"v.操纵, 驾驶",托福
moderately,'mɑdərətli,,ad.适度地,托福
writing,'raɪtɪŋ,,"n.笔迹, 作品",托福
symbolism,'sɪmbəlɪzəm,,n.象征主义,托福
acute,ə'kjut,,"a.敏锐的, 急性的",托福
romance,ro'mæns,,n.恋爱关系；浪漫气氛,托福
bowl,bol,,n.碗,托福
unreliable,",ʌnrɪ'laɪəbl",,a.不可靠的,托福
unfortunate,ʌn'fɔrtʃənət,,a.不幸的,托福
weekly,'wikli,,a.每周的 ad一周一次地 n周报,托福
compensation,",kɑmpɛn'seʃən",,"n.补偿, 赔偿",托福
vine,vaɪn,,n.葡萄树；藤本植物,托福
hardness,'hɑrdnɪs,,n.硬度,托福
aerodynamic,",ɛrodaɪ'næmɪk",,a.空气动力学的,托福
command,kə'mænd,,n&v.命令；指挥,托福
arbitrary,ˈɑːrbətreri,,"a.任意的, 武断的",托福
pianist,'pɪənɪst,,n.钢琴家,托福
slender,'slɛndɚ,,"a.苗条的, 微薄的",托福
admit,əd'mɪt,,"v.承认,准许",托福
alp,ælp,,n.高山,托福
commonplace,'kɑmən'ples,,n.寻常的事物,托福
vase,veɪs; veɪz,,n.(花)瓶,托福
deliberately,dɪ'lɪbərətli,,ad.故意地,托福
recommend,'rɛkə'mɛnd,,"v.推荐,劝告",托福
dual,'dʊəl,,"a.双的, 二重的",托福
mouse,maʊs,,n.鼠,托福
craftsmanship,'kræftsmənʃɪp,,n.技术,托福
beast,bist,,n.野兽，牲畜,托福
affinity,ə'fɪnəti,,"n.密切关系,类同",托福
diagonal,daɪ'æɡənl,,n&a.对角线(的),托福
exhaust,ɪɡ'zɔst,,"v.使筋疲力尽,耗尽",托福
resemblance,rɪ'zɛmbləns,,n.相似，形似,托福
nontraditional,",nɔntrə'diʃənəl",,a.非传统的,托福
disprove,",dɪs'pruv",,"v.反驳,证明为误",托福
skeptical,'skɛptɪkl,,a.怀疑的,托福
shirt,ʃɝt,,n.衬衫,托福
plenty,'plɛnti,,"n.丰富, 大量",托福
appropriately,"ə'proprɪ,etlɪ",,ad.适当地,托福
emotionally,ɪ'moʃənli,,"ad.感情上地, 冲动地",托福
freshly,'freʃlɪ,,ad.新近，刚才,托福
unbelievable,",ʌnbɪ'livəbl",,a.难以置信的,托福
simultaneous,",saɪml'tenɪəs",,"a.同时发生的,同步的",托福
induce,ɪn'dus,,"v.促使,引诱",托福
woodworker,"'wud,wə:kə",,n.木工,托福
conversation,",kɑnvɚ'seʃən",,n.会话,托福
translate,træns'let,,v.翻译,托福
transaction,træn'zækʃən,,n.交易，业务,托福
eager,'igɚ,,"a.热心于, 渴望着",托福
skillful,'skɪlfəl,,"a.熟练的, 灵巧的",托福
fate,fet,,"n.天数,命运",托福
possession,pə'zɛʃən,,"n.财产, 所有",托福
invariably,ɪn'vɛrɪəbli,,ad.不变地，始终如一地,托福
Babylonian,",bæbi'ləunjən",,"n.巴比伦人(的), 巴比伦语（的）",托福
urbanization,",ɝbənɪ'zeʃən",,n.都市化,托福
tram,træm,,n.有轨电车,托福
sulfur,'sʌlfɚ,,n.[化] 硫磺,托福
stripe,straɪp,,n.条纹,托福
ought,ɔt,,"aux.应当, 应该",托福
volatile,'vɑlətl,,"a.动荡不定的,反复无常的",托福
densely,'dɛnsli,,ad.浓密地,托福
biography,baɪ'ɑɡrəfi,,n.传记,托福
inscribe,ɪn'skraɪb,,v.题写,托福
intercity,",ɪntɚ'sɪti",,a.城市间的,托福
alongside,ə'lɔŋ'saɪd,,prep&ad.在旁边,托福
erratic,ɪ'rætɪk,,a.古怪的，飘忽不定的,托福
overly,'ovɚli,,"ad.过度地, 极度地",托福
uplift,'ʌplɪft,,v.提高；振奋(精神),托福
workday,'wɝkde,,n.工作日,托福
golden,'ɡoldən,,a.金(黄)色的；金的,托福
officially,ə'fɪʃəli,,"ad.职务上, 正式",托福
sacrifice,'sækrɪfaɪs,,n& vt.牺牲，献祭,托福
trick,trɪk,,n.诡计 v.欺诈,托福
melody,'mɛlədi,,n.旋律，曲调,托福
array,ə're,,"n&v.展示,排列",托福
thunderstorm,'θʌndɚstɔrm,,n.雷暴雨,托福
frog,frɔɡ,,n.青蛙,托福
deception,dɪ'sɛpʃən,,"n.欺骗, 诡计",托福
snap,snæp,,"v.喀嚓折断,拍快照 n吧嗒声",托福
typify,'tɪpɪfaɪ,,v.代表,托福
gently,'dʒɛntli,,"ad.轻轻地, 温柔地",托福
astronomical,",æstrə'nɑmɪkl",,"a.天文学的, 巨大的",托福
quantify,'kwɑntɪfaɪ,,"v.用数量表示,量化",托福
startle,'stɑrtl,,v.震惊,托福
peregrine,"'periɡrin, -ɡrain, -ɡri:n",,"n.游隼 a外来的,移住的",托福
optimal,'ɑptəml,,a.最理想的,托福
tapestry,'tæpəstri,,n.挂毯,托福
polish,'pɑlɪʃ,,v.磨光，擦亮,托福
capability,ˌkeɪpəˈbɪləti,,n.能力，才能,托福
mechanization,",mɛkənɪ'zeʃən",,n.机械化,托福
influx,'ɪnflʌks,,n.流入,托福
sculptural,'skʌlptʃərəl,,a.雕刻的,托福
calm,kɑm,,"a.镇定的,平静的 v(使)平静",托福
announce,ə'naʊns,,"v.宣布,宣告",托福
leisure,'liʒɚ,,"n.闲暇, 休闲",托福
essence,'ɛsns,,n.本质，实质,托福
landmass,'lændmæs,,n.大陆,托福
shrimp,ʃrɪmp,,n.小虾 v捕虾,托福
ornamentation,",ɔrnəmɛn'teʃən",,n.装饰,托福
freely,'frili,,ad.自由地；慷慨地,托福
undesirable,",ʌndɪ'zaɪərəbl",,a.令人不悦的，讨厌的,托福
globe,ɡlob,,"n.球体,地球仪",托福
grasshopper,'ɡræshɑpɚ,,n.蚱蜢，蝗虫,托福
elegant,'ɛləgənt,,"a.优雅的, 雅致的",托福
shiny,'ʃaɪni,,a.发光的；磨光的,托福
glassmaker,"'ɡlæs,mekɚ",,n.玻璃工人,托福
spectacularly,spɛkˈtækjəlɚli,,"ad.壮观地, 令人吃惊地",托福
nss,,,n.卫星导航系统(供氮系统),托福
submerge,səb'mɝdʒ,,v.浸没，淹没,托福
terminology,",tɝmə'nɑlədʒi",,n.术语(学),托福
unclear,",ʌn'klɪr",,a.不清楚的,托福
unimportant,'ʌnɪm'pɔrtnt,,a.不重要的,托福
ubiquitous,ju'bɪkwɪtəs,,a.到处存在的,托福
demise,dɪ'maɪz,,"n.死亡,让位",托福
conspicuous,kən'spɪkjʊəs,,"a.显著的, 显眼的",托福
error,'ɛrɚ,,"n.错误, 过失",托福
deadly,'dɛdli,,a.致命的,托福
barter,'bɑrtɚ,,v.交易,托福
nomadic,"nəu'mædik, nɔ-",,"a.游牧的, 流浪的",托福
merge,mɝdʒ,,"v.结合,合并",托福
seashore,'siʃɔr,,"n.海岸, 海滨",托福
nonhuman,",nɔn'hju:mən",,a.非人类的,托福
cottage,'kɑtɪdʒ,,"n.村舍,小别墅",托福
fairground,'fɛrɡraʊnd,,"n.游乐场, 集市",托福
lengthen,'lɛŋθən,,"v.变长,延伸",托福
candle,'kændl,,n.蜡烛,托福
kilogram,'kɪləɡræm,,"n.[物]千克, 公斤",托福
naturalism,'nætʃrəlɪzəm,,n.自然主义,托福
input,'ɪn'pʊt,,n.输入，投入,托福
delight,dɪ'laɪt,,"n&v.高兴,欣喜",托福
telegraph,'tɛlɪɡræf,,n&v.(打)电报,托福
stance,stæns,,n.站姿，立场,托福
kitchen,'kɪtʃɪn,,n.厨房,托福
tour,tʊr,,n&v.旅行，游历,托福
maple,'mepl,,n.枫树,托福
contraction,kən'trækʃən,,n.收缩,托福
hinge,hɪndʒ,,n.（门、盖等的）铰链,托福
biotic,baɪ'ɑtɪk,,"a.有关生命的,生物的",托福
maturity,mə'tʃʊrəti,,"n.成熟,(票据)到期",托福
honest,'ɑnɪst,,"a.诚实的, 正直的",托福
firewood,'faɪɚwʊd,,"n.木柴, 柴火",托福
barn,bɑrn,,"n.[农]谷仓, 畜棚, 畜舍, 机器房",托福
joke,dʒok,,"n.笑话, 玩笑",托福
granular,'grænjəlɚ,,"a.由小粒而成的,粒状的",托福
preindustrial,",priɪn'dʌstriəl",,"a.未工业化的, 工业化前的",托福
thaw,θɔ,,"n.融化,解冻",托福
quarry,'kwɔri,,n.采石场 v.挖出,托福
ethology,iː'θɒlədʒɪ,,"n.动物行动学, 人种学",托福
amendment,ə'mɛndmənt,,"n.改善, 改正",托福
curious,'kjʊrɪəs,,"a.好奇的, 奇特的",托福
faith,feθ,,"n.信仰, 信念",托福
overtake,",ovɚ'tek",,v.追上，超过,托福
neck,nɛk,,"n.脖子, 颈",托福
impurity,ɪm'pjʊrəti,,n.不纯；杂质,托福
formidable,'fɔrmɪdəbl,,a.可怕的；难以克服的,托福
acceptable,ək'sɛptəbl,,"a.可接受的, 合意的",托福
forager,,,n.强征(粮食)者,托福
impend,ɪmˈpɛnd,,v.迫近，逼近,托福
glasslike,,,a.玻璃状的,托福
translucent,træns'lusnt,,a.半透明的,托福
topsoil,'tɑp'sɔɪl,,n.表层土,托福
interrelationship,",ɪntərɪ'leʃnʃɪp",,n.相互关系,托福
blade,bled,,"n.刀刃, 刀片",托福
pocket,'pɑkɪt,,n.衣袋，小袋,托福
hillside,'hɪl'saɪd,,n.山腰,托福
beside,bɪ'saɪd,,"prep.在…旁边,和…相比",托福
subscribe,səb'skraɪb,,"v.订阅, 签名,捐赠",托福
buffer,'bʌfɚ,,n.缓冲器,托福
embody,ɪm'bɑdi,,v.使具体化,托福
happy,'hæpɪ,,a.快乐的，幸福的,托福
net,nɛt,,"n.网, 网络",托福
litter,'lɪtɚ,,n.垃圾 v乱扔东西,托福
outsider,'aʊt'saɪdɚ,,"n.外行, 局外人",托福
aragonite,"ə'rægə,naɪt",,"n.[矿]霰石, 文石",托福
convenience,kən'vinɪəns,,"n.便利,适宜",托福
promotion,prə'moʃən,,n.提升；促进,托福
unaltered,ʌn'ɔltɚd,,a.未被改变的,托福
bath,bɑːθ,,"n.沐浴, 浴室",托福
directional,də'rɛkʃənl,,a.方向的,托福
holding,'holdɪŋ,,n.保持，固定,托福
romantic,ro'mæntɪk,,"a.传奇式的, 浪漫的",托福
treeless,'tri:lis,,a.没有树木的,托福
recorder,rɪ'kɔrdɚ,,"n.记录员, 记录器",托福
seller,'sɛlɚ,,n.售货者,托福
noticeably,'notɪsəbli,,ad.显著地，显然,托福
plunge,plʌndʒ,,"v& n.投入, 跳进",托福
eradicate,ɪ'rædɪket,,v.根除,托福
caste,kæst,,n.印度的世袭阶级,托福
inherit,ɪn'hɛrɪt,,v.继承,托福
gosling,'ɡɑzlɪŋ,,n.小鹅，年轻无知的人,托福
formally,'fɔrmli,,"ad.正式地, 形式上",托福
rattle,'rætl,,v.嘎嘎作响n咯咯声;吵闹声,托福
residence,'rɛzɪdəns,,"n.居住, 住处",托福
antecedent,'æntə'sidnt,,a.先行的 n.祖先,托福
stake,stek,,n.树桩,托福
disloyalty,dis'lɔiəlti,,n.不忠实,托福
certainty,'sɝtnti,,"n.确定, 确实的事情",托福
nystatin,"'nistətin, nis'tætin",,n.[微]制霉菌素,托福
compile,kəm'paɪl,,"v.编译, 编辑",托福
prodigious,prə'dɪdʒəs,,"a.巨大的, 惊人的",托福
mural,'mjʊrəl,,a.墙壁的  n壁画,托福
fountain,'faʊntn,,n.喷泉,托福
gatherer,'ɡæðərɚ,,"n.收集者, 收集器",托福
shoemaking,"'ʃu:,meikiŋ",,n.制鞋,托福
electrically,ɪ'lektrɪkəlɪ,,ad.用电力;有关电地,托福
generous,'dʒɛnərəs,,"a.慷慨的,丰富的",托福
sprawl,sprɔl,,v.伸开,托福
petal,'pɛtl,,n.花瓣,托福
technologically,",teknə'lɔdʒikli",,ad.科技地,托福
proportionately,prə'pɔ:ʃənit,,"ad.相称地, 成比例地",托福
germanium,dʒɝ'menɪəm,,n.锗,托福
likelihood,'laɪklɪhʊd,,n.可能(性),托福
charter,'tʃɑrtɚ,,v.租 n宪章,托福
threshold,'θrɛʃhold,,"n.门槛, 开端",托福
sparse,spɑrs,,"a.稀少的, 稀疏的",托福
statuary,'stætʃuɛri,,n.雕象,托福
hypha,'haɪfə,,n.[植]菌丝,托福
farsighted,'fɑr'saɪtɪd,,"a.有先见之明的, 远视的",托福
fatten,'fætn,,v.养肥；使肥沃,托福
spit,spɪt,,n.唾液 v吐(唾沫),托福
crawl,krɔl,,"vi&n.爬行, 蠕动",托福
cautious,'kɔʃəs,,"a.谨慎的, 小心的",托福
expanse,ɪk'spæns,,n.广阔；宽阔的区域,托福
dawn,dɔn,,"n.黎明 vi破晓,开始出现",托福
pram,præm,,n.婴儿车,托福
purify,'pjʊrɪfaɪ,,v.使纯净,托福
wonderful,ˈwʌndərfl,,"a.精彩的, 极好的",托福
Sanskrit,'sænskrit,,n& a.梵语(的),托福
orbital,'ɔrbɪtl,,a.轨道的,托福
quit,kwɪt,,"v.离开, 辞职",托福
confront,kən'frʌnt,,"v.面临, 对抗",托福
bison,'baɪsn,,n.(美洲)野牛,托福
sideways,'saɪdwez,,"a&ad.旁的, 横向的",托福
hyksos,'hiksɔs,,n.希克索斯王朝(古埃及王朝之一),托福
arduous,'ɑrdʒuəs,,"a.费力的, 辛勤的",托福
boulder,'boldɚ,,n.大石头,托福
saint,sent,,"n.圣人, 圣徒",托福
bathhouse,"'bæθ,haʊs",,"n.公共浴室, 澡堂,",托福
dilute,daɪ'l(j)ut,,v.稀释，冲淡,托福
principally,'prɪnsəpli,,ad.主要地,托福
imbalance,ɪm'bæləns,,"n.不平衡,不均衡",托福
ionize,'aɪənaɪz,,"v.使离子化 ,电离",托福
immigration,",ɪmɪ'ɡreʃən",,n.移民入境,托福
agitation,",ædʒɪ'teʃən",,n.鼓动，焦虑,托福
vivid,'vɪvɪd,,a.生动的，栩栩如生的,托福
necessitate,nə'sɛsɪtet,,"v.使成为必需,迫使",托福
Hollywood,ˈhɑliˌwʊd,,n.好莱坞,托福
poverty,'pɑvɚti,,"n.贫穷, 贫困",托福
blossom,'blɑsəm,,n.花 v.开花,托福
demographic,",dɛmə'ɡræfɪk",,a.人口统计学的,托福
accidentally,",æksə'dɛntli",,"a.意外的,偶然(发生)的",托福
shipbuilding,"'ʃɪp,bɪldɪŋ",,n.造船,托福
duct,dʌkt,,"n.管道, 导管 vt.用导管输送",托福
sweat,swɛt,,n.汗 v(使)出汗,托福
empirical,ɪm'pɪrɪkl,,a.经验主义的,托福
mediate,'midɪet,,"v.调停, 斡旋",托福
bloodstream,'blʌdstrim,,n.血流,托福
verify,'vɛrɪfaɪ,,"v.核实, 证明",托福
reelection,",riə'lɛkʃən",,"n.再选, 改选",托福
dwelling,'dwɛlɪŋ,,n.住处,托福
foremost,'fɔr'most,,"a.最重要的,最初的",托福
midair,mɪd'ɛr,,n.半空中,托福
crocodile,'krɑkə'daɪl,,"n.鳄鱼, 鳄鱼皮",托福
sister,'sɪstɚ,,n.姐妹,托福
calve,kæv,,"v.生小牛, (使)冰山崩解",托福
integration,'ɪntə'greʃən,,n.综合,托福
usefulness,'jʊsfəlnəs,,"n.有用, 有效性",托福
olfactory,ɑl'fæktəri,,a.嗅觉的,托福
cranial,'krenɪəl,,a.头盖(形)的,托福
prerequisite,",pri'rɛkwəzɪt",,n.先决条件,托福
occupational,",ɑkju'peʃənl",,a.职业的,托福
eclipse,ɪ'klɪps,,n.(日、月)食 vt形成(日、月)食,托福
refute,ri'fjʊt,,v.驳斥，驳倒,托福
updraft,'ʌpdræft,,n.上升气流,托福
deliberation,"dɪ,lɪbə'reʃən",,n.仔细考虑；商量,托福
flagpole,'flæɡpol,,n.旗杆,托福
invoke,ɪn'vok,,v.恳求,托福
hypersensitive,",haɪpɚ'sɛnsətɪv",,a.过份敏感的,托福
unavoidable,",ʌnə'vɔɪdəbl",,a.不可避免的,托福
lucky,'lʌki,,"a.幸运的, 吉祥的",托福
upcoming,'ʌpkʌmɪŋ,,a.即将来临的,托福
February,'fɛbrʊ'ɛri,,n.二月(略作Feb),托福
lug,lʌɡ,,v.(用力)拖拉,托福
broadly,'brɔdli,,"ad.宽广地, 广泛",托福
friendship,'frɛndʃɪp,,"n.友谊, 友好",托福
twain,twein,,"n.两, 双, 二",托福
pathogen,'pæθədʒən,,"n.[微生物]病菌, 病原体",托福
memorable,'mɛmərəbl,,"a.难忘的,重大的",托福
auditory,'ɔdətɔri,,"a.耳的, 听觉的",托福
avant,ə'vɑnt,,"a.先锋的,激进的",托福
tertiary,'tɝʃɪ'ɛri,,"a.第三的, 第三位的",托福
submarine,",sʌbmə'rin",,n.潜水艇,托福
locality,lo'kæləti,,"n.位置, 地点",托福
questionable,'kwɛstʃənəbl,,a.可疑的,托福
Inuit,'injuit,,"n.因纽特人,  因纽特语",托福
alga,'ælgɚ,,"n.藻类,海藻",托福
dialect,'daɪə'lɛkt,,n.方言,托福
respectively,rɪ'spɛktɪvli,,"ad.分别地, 各个地",托福
absent,ˈæbsənt,,a.缺席的；缺乏的,托福
feldspar,'fɛldspɑr,,n.[矿]长石,托福
biology,baɪ'ɑlədʒi,,n.(生物)学,托福
fatal,'fetl,,a.致命的，灾难性的,托福
romanticism,ro'mæntə'sɪzəm,,"n.浪漫精神, 浪漫主义",托福
needlework,'nidlwɝk,,"n.刺绣, 缝纫",托福
palace,'pælis,,"n.宫, 宫殿",托福
ingenious,ɪn'dʒinɪəs,,a.设计独特的，巧妙的,托福
framework,'fremwɝk,,"n.框架, 体系, 结构",托福
imposition,",ɪmpə'zɪʃən",,n.强迫接受,托福
meantime,'min'taɪm,,"n&ad.同时, 其间",托福
caribou,'kærɪbu,,n.北美产驯鹿(=Rangifer),托福
attentive,ə'tɛntɪv,,"a.注意的, 留意的",托福
lifelong,'laɪf'lɔŋ,,a.终生的,托福
August,ɔɡəst,,n.八月(略作Aug),托福
motionless,'moʃnləs,,"a.不动的, 静止的",托福
renewable,rɪ'nuəbl,,"a.可更新的, 可再生的",托福
aural,'ɔrəl,,a.听觉的,托福
amateur,ˈæmətər,,n.业余爱好者,托福
tangle,'tæŋɡl,,v.(使)乱作一团 n混乱,托福
onset,'ɑnsɛt,,n.开始；攻击,托福
flank,flæŋk,,n.肋，侧边,托福
ornamental,",ɔrnə'mɛntl",,a.装饰的  n装饰品,托福
connective,kə'nɛktɪv,,"a.连合的, 连接的",托福
meaningless,'minɪŋləs,,a.无意义的,托福
capitalist,'kæpɪtəlɪst,,a.资本主义的 n资本家,托福
estate,ɪ'stet,,"n.财产, 地产",托福
cenotes,sɪ'note,,n.天然井,托福
mesquite,'meskiːt; me'skiːt,,n.豆科灌木,托福
actively,'æktivli,,"ad.活跃地, 积极地",托福
prison,'prɪzn,,n.监狱,托福
whistle,'wɪsl,,v.吹口哨，鸣笛 n哨子,托福
seedling,'sidlɪŋ,,n.幼苗,托福
lace,les,,"n.花边,系带 vt用系带束紧",托福
constrict,kən'strɪkt,,v.压缩,托福
electromagnetic,"ɪ,lɛktromæɡ'nɛtɪk",,a.电磁的,托福
Virginian,və'dʒinjən,,n.弗吉尼亚州的人,托福
dryness,'draɪnɪs,,n.干燥,托福
locale,lo'kæl,,"n.现场, 场所",托福
rodeo,'rodɪo,,"n.马术竞技表演会, 将牛、马驱集在一起",托福
endurance,ɪn'dʊrəns,,"n.忍耐(力), 持久(力)",托福
tribute,'trɪbjut,,n.颂词，称赞,托福
mussel,'mʌsl,,"n.[动]贻贝, 蚌类",托福
cyan,'saɪən,,"n.蓝绿色, 青色",托福
jungle,'dʒʌŋɡl,,n.(热带)丛林,托福
clam,klæm,,n.蛤,托福
angry,'æŋɡri,,a.发怒的，生气的,托福
usher,'ʌʃɚ,,v.引，领，陪同,托福
fusion,'fjʊʒən,,"n.熔化,融合",托福
scarcely,'skɛrsli,,"ad.几乎不, 简直没有",托福
herald,'hɛrəld,,"n.使者 v.预报, 标志",托福
mismatch,'mɪsmætʃ,,"n&v.配错, 不相匹配",托福
stitch,stɪtʃ,,"v.缝, 缝合",托福
suspicious,sə'spɪʃəs,,"a.可疑的,多疑的",托福
monarch,'mɑnɚk,,n.君主,托福
extol,ɪk'stol,,v.赞美,托福
squat,skwɑt,,v.蹲(下),托福
rope,rop,,"n.绳, 索",托福
verse,vɝs,,n.诗(句),托福
spoon,spʊn,,n.匙，调羹,托福
chaos,'keɑs,,n.混乱，紊乱,托福
prizefight,'praizfait,,n.职业拳击赛,托福
inactivity,",ɪnæk'tɪvəti",,"n.不活动, 迟钝",托福
confident,'kɑnfɪdənt,,"a.自信的, 确信的",托福
shipment,'ʃɪpmənt,,"n.装船, 出货",托福
unprotected,",ʌnprə'tɛktɪd",,"a.无保护的, 未做防护措施的",托福
spawn,spɔn,,v.产卵 n.卵,托福
lobe,lob,,n.耳垂，(肺，肝等的)叶,托福
plummet,'plʌmɪt,,n.铅锤 vi垂直落下,托福
biologically,baiə'lɔdʒikli,,ad.生物学地,托福
firearm,'faɪr'ɑrm,,"n.火器,枪炮",托福
communal,kəˈmjunəl,,a.公共的，集体的,托福
kick,kɪk,,v.踢,托福
boost,bʊst,,v.推进,托福
linguist,'lɪŋgwɪst,,n.语言学家,托福
cortex,'kɔrtɛks,,"n.外皮, （大脑）皮层",托福
objectively,əbˈdʒɛktɪvlɪ,,ad.客观地,托福
chilly,'tʃɪli,,a.寒冷的,托福
artifact,"'ɑrtə,fækt",,n.人造物品,托福
statesman,'stetsmən,,n.政治家,托福
curator,kjʊ'retɚ,,n.管理者,托福
tally,'tæli,,n.记分  vi符合,托福
corporation,",kɔrpə'reʃən",,"n.公司, 法人",托福
expertise,'ɛkspɝ'tiz,,n.专门知识(或技能等)，专长,托福
coincide,",koɪn'saɪd",,"v.一致, 符合",托福
operator,'ɑpəretɚ,,"n.操作员, 技工",托福
originator,ə'rɪdʒənətɚ,,"n.创始人, 发起人",托福
pacifier,'pæsɪfaɪɚ,,n.调停者，和解人,托福
Indus,'indəs,,n.印度河（印度西北部的河流）,托福
asymmetrical,",esɪ'mɛtrɪkl",,"a.不对称的,不均匀的",托福
lady,'ledi,,"n.女士,夫人,小姐",托福
quantifiable,"'kwɑntə,faɪəbl",,"a.可以计量的, 可量化的",托福
pul,pul,,n.普尔(阿富汗辅币单位),托福
temper,'tɛmpɚ,,"n.脾气,韧度 vt调和",托福
humanness,'hju:mənis,,"n.为人,人性",托福
companion,kəm'pænɪən,,"n.同伴, 共事者",托福
slave,sleɪv,,n.奴隶,托福
pinniped,'pɪnəpɛd,,a.鳍足类的,托福
companionship,kəm'pænjən'ʃɪp,,n.友谊,托福
archaeocyte,,,n.原始(生殖)细胞,托福
protective,prə'tɛktɪv,,"a.给予保护的, 保护的",托福
incidental,'ɪnsə'dɛntl,,a.偶然的；附带的,托福
intruder,ɪn'trudɚ,,n.入侵者,托福
conjunction,kən'dʒʌŋkʃən,,"n.联合, 关联",托福
ornate,ɔr'net,,"a.华丽的, 装饰的",托福
intentionally,in'tenʃənli,,"ad.有意地,故意地",托福
impractical,ɪm'præktɪkl,,"a.不切实际的,不实用的",托福
steal,stil,,"v.偷, 窃取",托福
rhetoric,'rɛtərɪk,,"n.雄辩言辞,修辞学",托福
clump,klʌmp,,n.(树，草)丛 v.使成一丛,托福
immaturity,ɪmə'tjʊrəti,,n.不成熟,托福
understandable,'ʌndɚ'stændəbl,,"a.可理解的,能够懂的",托福
register,'rɛdʒɪstɚ,,n& vt.登记(表)，注册,托福
offset,",ɔf'sɛt",,v.补偿，抵消,托福
faculty,'fæklti,,n.能力，院系，全体教员,托福
divorce,dɪ'vɔrs,,"n&v.离婚, 脱离",托福
daytime,'detaɪm,,"n.白天, 日间",托福
dare,dɛr,,"v.敢, 挑战",托福
overcrowd,",əuvə'kraud",,v.过度拥挤,托福
marvelous,'mɑrvələs,,"a.令人惊异的, 非凡的",托福
foolish,'fulɪʃ,,a.愚蠢的，荒谬的,托福
opportunistic,",ɑpɚtu'nɪstɪk",,"a.机会主义的, 投机取巧的",托福
brine,braɪn,,n.盐水,托福
naive,naɪ'iv,,a.天真的,托福
merchandise,'mɝtʃəndaɪs,,"n.商品, 货物",托福
jade,dʒed,,n.玉，翡翠,托福
lapis,'lepɪs,,n.[化]天青石(常用于化学中的矿物命名),托福
breakthrough,'brek'θrʊ,,n.突破,托福
manager,'mænɪdʒɚ,,"n.经理, 管理人员",托福
compositional,",kɑmpə'zɪʃənl",,"a.合成的,组成的",托福
youngster,'jʌŋstɚ,,"n.年青人,  少年",托福
ideologically,",aidiə'lɔdʒikali",,"ad.意识形态上地, 思想上地",托福
interpersonal,'ɪntɚ'pɝsnl,,"a.人与人之间的, 人际关系的",托福
Afghanistan,"æf'gænə,stæn",,n.阿富汗(西南亚国家),托福
lazuli,'læzjulai,,n.天青石,托福
electronically,"i,lek'trɔnikli",,"ad.电子地, 通过电子手段",托福
sewage,'sʊɪdʒ,,"n.污水, 污物",托福
authorize,'ɔθəraɪz,,v.批准,托福
municipal,mju'nɪsɪpl,,a.市政的,托福
imagery,'ɪmɪdʒəri,,"n.意象, 肖像",托福
refreeze,ri:'fri:z,,"vt.再结冰, 重新冻结",托福
hydrologic,,,a.水文的,托福
dietary,"'daɪə,tɛri",,a.饮食的 n.规定的食物,托福
hydropower,"'haɪdro,paʊɚ",,n.水力发出的电力,托福
granule,'grænjʊl,,n.小粒，微粒,托福
further,'fɝðɚ,,"a&ad.更远的,更进一步地",托福
recreational,",rɛkri'eʃənəl",,"a.娱乐的, 消遣的",托福
insecure,",ɪnsɪ'kjʊr",,"a.不安全的,不稳固的",托福
dealing,'dilɪŋ,,"n.行为, 交易",托福
circumvent,",sɝkəm'vɛnt",,"v.绕行,设法避开",托福
chunk,tʃʌŋk,,"n.大块,相当大的部分（数量）",托福
staff,stæf,,n.全体职工，全体人员,托福
achondrite,"e'kɑn,draɪt",,n.不含球粒陨石,托福
asset,'æsɛt,,n.资产,托福
navigable,'nævɪɡəbl,,"a.可航行的,可操纵的",托福
flutter,'flʌtɚ,,v.振翼；飘动,托福
pitch,pɪtʃ,,"n.球场,强度v扔,猛然倒下",托福
multiplicity,",mʌltɪ'plɪsəti",,n.多样性,托福
figuratively,'fɪgjərətɪvli,,ad.比喻地,托福
crime,kraɪm,,n.犯罪,托福
speaker,'spikɚ,,"n.说话者, 演讲人",托福
undermine,'ʌndɚ'maɪn,,v.破坏,托福
greener,'ɡri:nə,,n.生手,托福
entrepreneurial,",ɑntrəprə'njʊrɪəl",,"a.企业家的,  企业性质的",托福
foliage,'folɪɪdʒ,,"n.树叶,植物",托福
vice,vaɪs,,"n.缺点, 恶习",托福
supreme,suˈprim,,"a.最高的, 至上的",托福
maximize,'mæksɪmaɪz,,"v.取最大值, 最佳化",托福
bushman,'buʃmən,,n.丛林居民,托福
grade,ɡred,,"n.等级 v.评分,分等级",托福
marshy,'mɑ:ʃi,,"a.沼泽般的,湿软的",托福
anxiety,æŋ'zaɪəti,,"n.忧虑, 焦急",托福
retirement,rɪ'taɪɚmənt,,n.退休,托福
sympathetic,",sɪmpə'θɛtɪk",,a.同情的,托福
manifestation,'mænəfɛ'steʃən,,"n.显示, 表现",托福
excitement,ɪk'saɪtmənt,,"n.刺激, 兴奋",托福
porcupine,'pɔrkjə'paɪn,,n.[动]豪猪,托福
amaze,ə'mez,,v.使吃惊,托福
barge,bɑrdʒ,,n.驳船 vi猛撞,托福
keyboard,'ki'bɔrd,,n.键盘,托福
hook,hʊk,,n.钩 v.钩住,托福
experimentation,"ɪk,spɛrɪmɛn'teʃən",,n.实验,托福
percussion,pɚ'kʌʃən,,"n.碰撞, 打击乐器",托福
plausible,'plɔzəbl,,a.似真实合理的,托福
crisscross,"'krɪs,krɔs",,"v.交叉, 来回移动 n.十字形",托福
blink,blɪŋk,,"v&n.眨眼, 闪烁",托福
rift,rɪft,,n.裂口 v.裂开,托福
radiator,'redɪ'etɚ,,n.暖气片，散热器,托福
myriad,'miriəd,,a.无数的 n无数,托福
clavichord,'klævɪkɔrd,,n.翼琴(钢琴的前身),托福
trilobite,'traɪləbaɪt,,n.[古生]三叶虫,托福
converter,kən'vɝtɚ,,n.转炉,托福
layout,'leaʊt,,n.布局，安排,托福
claw,klɔ,,n.(脚)爪,托福
repel,rɪ'pɛl,,"v.排斥,击退",托福
sierra,sɪ'ɛrə,,"n.[地]齿状山脊, [鱼]马鲛",托福
legitimate,ləˈdʒɪtəmɪt,,a.合法的,托福
plus,plʌs,,prep.加上 a正的,托福
octopus,'ɑktəpəs,,n.章鱼,托福
temporal,'tɛmpərəl,,"a.现世的, 暂时的",托福
unpredictability,ˌʌnprɪˌdɪktə'bɪlətɪ,,n.不可预测性,托福
minimalist,'mɪnɪmlɪst,,n.最低限要求者,托福
magical,'mædʒɪkl,,"a.魔术的, 神奇的",托福
storefront,'stɔr'frʌnt,,"n.店头, 店面",托福
makeshift,'mek'ʃɪft,,a.临时的 n.临时替代物,托福
plight,plaɪt,,n.困境,托福
cactus,'kæktəs,,n.[植]仙人掌,托福
solemn,'sɑləm,,"a.庄严的,严肃的",托福
reap,rip,,"v.收割, 收获",托福
improvise,'ɪmprəvaɪz,,v.即兴创作,托福
ascend,ə'sɛnd,,"v.攀登, 上升",托福
showman,'ʃomən,,"n.戏剧制作人, 玩杂耍的",托福
summit,'sʌmɪt,,"n.顶点, 最高阶层",托福
appointment,ə'pɔɪntmənt,,"n.约会, 指定",托福
lawyer,'lɔjɚ,,n.律师,托福
Alaskan,ə'læskən,,n.阿拉斯加人 a阿拉斯加的,托福
constrain,kən'stren,,"v.强迫, 限制",托福
exploitation,",ɛksplɔɪ'teʃən",,"n.开发, 开采",托福
doctrine,'dɑktrɪn,,"n.教条, 学说",托福
immeasurably,ɪ'mɛʒərəbli,,"ad.无法计量地, 无限地",托福
ambition,æm'bɪʃən,,"n.野心, 雄心",托福
perpetuate,pɚ'pɛtʃuet,,"v.使永存, 使不朽",托福
afterlife,'æftəlaɪf,,"n.来世, 后来的岁月",托福
bask,bæsk,,v.晒太阳,托福
humanitarian,"hju,mænɪ'tɛrɪən",,n&a.人道主义者(的),托福
shoemaker,'ʃʊ'mekɚ,,n.鞋匠,托福
prairies,,,n.大草原,托福
handicraft,'hændɪkræft,,n.手工艺(品),托福
logically,'lɑdʒɪkli,,"ad.符合逻辑地, 逻辑上地",托福
airstream,'ɛrstrim,,n.气流,托福
whoever,hʊ'ɛvɚ,,"pron.任何人, 无论谁",托福
unsafe,ʌn'sef,,a.不安全的,托福
flashbulb,'flæʃbʌlb,,n.[摄]闪光灯泡,托福
bovine,'bovaɪn,,a.(似)牛的，迟钝的,托福
thoughtful,'θɔtfl,,a.深思的,托福
ignite,ɪɡ'naɪt,,v.点火,托福
icicle,'aɪsɪkl,,n.冰柱,托福
unbroken,ʌn'brokən,,a.不间断的,托福
funnel,'fʌnl,,"n.漏斗,烟囱",托福
fastidious,fæ'stɪdɪəs,,"a.过分讲究的, 挑剔的",托福
overshadow,'ovɚ'ʃædo,,"v.遮蔽, 使失色",托福
hare,hɛr,,n.野兔,托福
consult,kən'sʌlt,,"v.商量, 商议",托福
inhospitable,",ɪnhɑ'spɪtəbl",,"a.不好客的,不适于居住的",托福
artistically,a:'tistikəli,,"ad.艺术地, 在艺术上",托福
pigmentation,",pɪɡmɛn'teʃən",,n.染色,托福
quincy,'kwinsi,,n.昆西(美国伊利诺斯州西部一城市),托福
afternoon,",æftɚ'nun",,n.午后,托福
rumen,'ruːmen,,n.瘤胃(反刍动物的第一胃),托福
aristocracy,",ærɪ'stɑkrəsi",,n.贵族（政治）,托福
advise,əd'vaɪz,,"v.劝告, 忠告, 警告, 建议",托福
impair,ɪm'pɛr,,"v.损害,削弱",托福
greedy,'gridi,,a.贪婪的,托福
broadleaf,"'brɔd,lif",,"n.阔叶烟草,阔叶树",托福
pierce,pɪrs,,v.刺穿,托福
bluish,'bluɪʃ,,a.带蓝色的,托福
autobiographical,",ɔtə,baɪə'græfɪkl",,a.自传的,托福
Parisian,pə'rizjən,,n&a.巴黎(人)(的),托福
halfway,",hæf'we",,a.中途的ad半路地,托福
instability,",ɪnstə'bɪləti",,n.不稳定(性),托福
fabricate,'fæbrɪket,,"v.编造, 虚构",托福
ring,rɪŋ,,n.环 v.包围,托福
embrace,ɪm'bres,,v.拥抱,托福
corruption,kə'rʌpʃən,,n.腐化；贪污,托福
postwar,'post'wɔr,,a.战后的,托福
orange,'ɔrɪndʒ,,n.橘子,托福
license,'laɪsns,,n.许可证 vt许可,托福
heel,hil,,n.脚后跟,托福
whichever,wɪtʃ'ɛvɚ,,"pron.无论那一个, 任何一个",托福
brant,brænt,,n.黑雁,托福
obsession,əb'sɛʃ(ə)n,,"n.迷住, 困扰",托福
scurry,'skɝi,,v.疾行,托福
subtropical,",sʌb'trɑpɪkl",,a.亚热带的,托福
comfort,'kʌmfɚt,,n./v安慰,托福
banana,bə'nænə,,n.香蕉,托福
Vancouver,væn'ku:və,,n.温哥华（城市名),托福
thorn,θɔrn,,n.[植]刺,托福
megawatt,'mɛɡəwɑt,,n.兆瓦特,托福
cellar,'sɛlɚ,,"n.地窖, 地下室",托福
pain,pen,,n.痛苦 v.使痛苦,托福
arboreal,ɑr'bɔrɪəl,,a.树木的,托福
multicellular,",mʌlti'sɛljəlɚ; ,mʌltaɪsɛljəlɚ",,a.多细胞的,托福
hail,hel,,"n.雹 v.下雹,高呼",托福
slop,slɑp,,"v.溢出, 溅溢",托福
spontaneously,spɔn'teniəsli,,ad.自发地,托福
limner,'limnə,,n.素描者,托福
elective,ɪ'lɛktɪv,,"a.选举的,随意选择的",托福
devour,dɪ'vaʊɚ,,"v.吞食,吞没",托福
repertoire,'rɛpɚ'twɑr,,n.全部节目,托福
swimmer,'swɪmɚ,,n.游泳者,托福
physically,'fɪzɪkli,,ad.身体上地,托福
eagerly,'igɚli,,"ad.热心地,急切地",托福
protectionist,prə'tɛkʃənɪst,,n.保护贸易论(者),托福
husbandry,'hʌzbəndri,,n.管理,托福
barely,'bɛrli,,"ad.仅仅, 几乎不能",托福
fortification,",fɔrtɪfɪ'keʃən",,n.防御工事,托福
ill,ɪl,,"a.有病的,坏的",托福
vascular,'væskjəlɚ,,"a.血管的,  脉管的",托福
glassy,'ɡlæsi,,a.象玻璃的,托福
trunk,trʌŋk,,"n.树干, 行李箱",托福
tenth,tɛnθ,,"num.第十, 十分之一",托福
unavailable,'ʌnə'veləbl,,a.难以获得的,托福
sulfuric,sʌl'fjʊrɪk,,"a.[化] 硫磺的,含硫的",托福
latest,'letɪst,,a.最近的,托福
redefine,",ridɪ'faɪn",,v.重新定义,托福
greenhouse,'ɡrinhaʊs,,"n.温室, 花房",托福
instinctively,in'stiŋktivli,,ad.本能地,托福
universally,",junɪ'vɝsəli",,ad.普遍地,托福
guard,ɡɑrd,,n.警戒 v.守卫,托福
clearer,'klɪərə,,a.更清楚的,托福
matrix,'metrɪks,,n.矩阵,托福
complaint,kəm'plent,,"n.诉苦, 抱怨",托福
graduation,",ɡrædʒu'eʃən",,n.毕业典礼,托福
huddle,'hʌdl,,"n&v.拥挤,挤作一团",托福
bloom,blum,,"v.(使)开花,(使)繁盛",托福
epitome,ɪ'pɪtəmi,,n.摘要,托福
subspecies,sʌb'spiʃiz,,n.[生]亚种,托福
scrap,skræp,,n.碎片 v.废弃,托福
celebration,",sɛlɪ'breʃən",,"n.庆祝, 庆典",托福
mist,mɪst,,n.薄雾,托福
joy,dʒɔɪ,,"n.欢乐, 喜悦",托福
propel,prə'pɛl,,"v.推进, 驱使",托福
chalk,tʃɔk,,n.粉笔,托福
weaver,'wivɚ,,n.织布者,托福
dropstone,,,n.滴石,托福
unlimited,ʌn'lɪmɪtɪd,,a.无限的；过渡的,托福
respondent,rɪ'spɑndənt,,"n.应答者, 被告",托福
portrayal,pɔr'treəl,,"n.描画, 描写",托福
declare,dɪ'klɛr,,v.宣布，声明,托福
curtain,'kɝtn,,n.窗帘,托福
hexagon,'hɛksəɡɑn,,"n.六角形, 六边形",托福
poetic,po'ɛtɪk,,a.诗歌的,托福
undisturbed,",ʌndɪ'stɝbd",,a.未受干扰的,托福
ascent,ə'sɛnt,,"n.上升,提高",托福
Talbot,'tɔ:lbət,,n.[动]塔尔博特提猎狗,托福
query,'kwɪri,,"n&v.质问,疑问",托福
evoke,ɪ'vok,,"v.唤起, 引起",托福
amass,ə'mæs,,v.积累，积聚,托福
poll,pol,,"n.民意测验, 投票",托福
causal,'kɔzl,,a.原因的,托福
glide,ɡlaɪd,,v&n.滑行,托福
metalworker,"'metəl,wə:kə",,n.金工工人,托福
sinuous,'sɪnjʊəs,,a.蜿蜒的,托福
floral,'flɔrəl,,"a.花的,像花的",托福
grasp,ɡræsp,,"v.抓住,领会",托福
incongruous,ɪn'kɑŋɡruəs,,"a.不协调的,不一致的",托福
overlook,",ovɚ'lʊk",,"v&n.俯瞰,忽视",托福
adventurer,əd'vɛntʃərɚ,,n.冒险家,托福
personalize,'pɝsənəlaɪz,,"v.个人化, 私人化",托福
tenant,'tɛnənt,,"n.承租人, 房客",托福
herbaceous,ɝ'beʃəs,,a.草本植物的,托福
sap,sæp,,n.树液  vt耗尽,托福
respective,rɪ'spɛktɪv,,"a.分别的, 各自的",托福
primordial,praɪ'mɔrdɪəl,,"a.原始的,最初的",托福
oversee,'ovɚ'si,,v.监督，监管,托福
deity,'deəti,,"n.神, 神性",托福
phosphorus,'fɑsfərəs,,n.磷,托福
unearned,",ʌn'ɝnd",,a.不劳而获的,托福
burrow,'bɝro,,n.洞穴 v.挖地洞,托福
infrequent,ɪn'frikwənt,,"a.不频发的,不常见的",托福
acclaim,ə'klem,,"n&v.喝采, 欢呼",托福
peg,pɛɡ,,n.小钉 v.钉，固定,托福
translation,træns'leʃən,,"n.翻译, 译文",托福
yarn,jɑn,,n.纱线 v.讲故事,托福
plasma,'plæzmə,,n.血浆,托福
London,ˈlʌndən,,n.伦敦,托福
originality,ə'rɪdʒə'næləti,,n.独创性,托福
ford,fɔrd,,n.浅滩 v徒涉,托福
mortise,'mɔrtɪs,,n.榫眼  v用榫接合,托福
wander,'wɑndɚ,,"v.漫步, 徘徊",托福
mate,met,,"n.配偶, 对手",托福
microbial,maɪ'krobɪəl,,"a.微生物的,  由细菌引起的",托福
intervene,",ɪntɚ'vin",,v.干涉，干预,托福
ironwork,'aiənwə:k,,n.铁制品,托福
unearth,ʌn'ɝθ,,v.掘出,托福
microbiologist,",maikrəu,bai'ɔləgist",,n.微生物学家,托福
situate,'sɪtʃʊet,,v.位于，坐落在,托福
mallet,'mælɪt,,n.槌棒,托福
alcohol,'ælkəhɔl,,"n.酒精,酒",托福
guncotton,"'gʌn,kɑtn",,n.[军]强棉药,托福
approval,əˈpruvl,,"n.赞同,批准, 认可",托福
fathom,'fæðəm,,n.长度单位(6英尺),托福
accidental,",æksɪ'dɛntl",,a.意外的，偶然(发生)的,托福
disastrous,dɪ'zæstrəs,,"a.灾难性的, 极糟的",托福
execute,'ɛksɪkjut,,"v.执行, 处决",托福
supersonic,",supɚ'sɑnɪk",,n&a.超声波(的),托福
exemplify,ɪɡ'zɛmplɪfaɪ,,"v.例证, 例示",托福
sixth,sɪksθ,,"num.第六, 六分之一",托福
sex,,,"n.性别,性",托福
pantomime,'pæntəmaɪm,,n.哑剧,托福
alligator,'ælɪɡetɚ,,n.产于美洲的鳄鱼,托福
continuum,kən'tɪnjuəm,,n.连续统一体,托福
transparent,træns'pærənt,,"a.透明的, 显然的",托福
conscious,'kɑnʃəs,,a.意识到的，自觉的,托福
spherical,'sfɪrɪkəl,,a.球(面、状)的,托福
retail,'ritel,,n.／v／ad零售,托福
Japan,dʒə'pæn,,n.日本,托福
microwave,'maɪkrə'wev,,n.微波(波长为1毫米至30厘米的高频电磁波),托福
adversely,æd'vɝsli,,"ad.不利地,逆向地",托福
indirectly,",ɪndə'rɛktli",,ad.间接地,托福
domesticate,də'mɛstɪket,,"v.驯养, 教化",托福
philosophical,",fɪlə'sɑfɪkl",,"a.哲学的, 达观的",托福
deceive,dɪ'siv,,"v.欺骗, 行骗",托福
aesthetically,ɛs'θɛtɪkli,,ad.有审美能力地,托福
anthropology,'ænθrə'pɑlədʒi,,n.人类学,托福
functionalism,'fʌŋkʃənəlɪzəm,,"n.功能主义, 机能心理学",托福
talent,'tælənt,,"n.天才,才能",托福
continuation,kən'tɪnjʊ'eʃən,,n.继续(部分)；续篇,托福
detach,dɪ'tætʃ,,"v.拆卸,使分开",托福
hydrodynamic,",haɪdrodaɪ'næmɪk",,a.水力的,托福
shoreline,'ʃɔrlaɪn,,n.海岸线,托福
sedge,sɛdʒ,,n.[植]莎草,托福
disproportionate,disprə'pɔ:ʃənət,,a.不成比例的,托福
tanker,'tæŋkɚ,,n.油轮,托福
lament,lə'mɛnt,,n.悲伤v哀悼,托福
systematically,",sɪstə'mætɪkl",,"ad.有系统地, 有条理地",托福
curiosity,",kjʊrɪ'ɑsəti",,n.好奇心,托福
ancestral,æn'sɛstrəl,,a.祖先的,托福
resume,rɪˈzjuːm; ˈrɛzjʊmeɪ,,v.(中断后)继续 n摘要；简历,托福
eligible,'ɛlɪdʒəbl,,"a.有资格的, 合适的",托福
absolutely,'æbsəlutli,,"ad.完全地, 绝对地",托福
senator,'sɛnətɚ,,n.参议员,托福
pig,pɪɡ,,n.猪,托福
marvel,'mɑrvl,,n.令人惊奇的事物(或人物),托福
afraid,ə'fred,,a.害怕的,托福
estuary,'ɛstʃʊ'ɛri,,"n.河口, 江口",托福
seismic,'saɪzmɪk,,a.[地]地震的,托福
radius,'redɪəs,,n.半径（范围）,托福
withdrawal,wɪð'drɔəl,,"n.收回, 撤退",托福
ember,'ɛmbɚ,,"n.灰烬, 余烬",托福
launch,lɔntʃ,,vt&n.发射,托福
sorghum,'sɔrgəm,,n.[植]高粱属的植物,托福
paleoecologist,,,n.古生态学家,托福
primal,'praɪml,,a.最初的,托福
regulatory,'reɡjulətəri,,"a.管理的, 控制的",托福
isotopic,",aisəu'tɔpik",,"a.同位素的,合痕的",托福
captain,ˈkæptən,,"n.首领, 船长",托福
extension,ɪk'stɛnʃən,,"n.延长, 扩充",托福
ultimate,'ʌltəmət,,"a.最后的, 最终的n终极(限)",托福
omit,ə'mɪt,,"v.省略,遗漏",托福
applicable,'æplɪkəbl,,"a.合适的, 适用的,",托福
snowstorm,'snostɔrm,,n.暴风雪,托福
macdonald,mək'dɔnəld,,n.麦当劳快餐店,托福
locomotion,",lokə'moʃən",,"n.运动, 移动",托福
persuasively,pɚ'swesɪvli,,ad.有说服力的,托福
livable,'livəbl,,a.适于居住的,托福
pretty,'prɪti,,"a.漂亮的, 可爱的",托福
dime,daɪm,,n.<美> 一角硬币,托福
testify,'tɛstɪfaɪ,,"v.证明, 证实",托福
outlying,'aʊtlaɪɪŋ,,a.远离中心的，偏僻的,托福
dollar,'dɑlɚ,,"n.元, 美元",托福
lid,lɪd,,"n.盖子,vt给盖盖子",托福
privilege,ˈprɪvəlɪdʒ,,n.特权，优惠,托福
ethological,",i:θə'lɔdʒikəl",,"n.行为性的,  行为学的",托福
disruption,dɪs'rʌpʃən,,n.分裂,托福
subsistence,səb'sɪstəns,,"n.生存, 生活, 留存",托福
notwithstanding,",nɑtwɪθ'stændɪŋ",,prep.／ ad尽管,托福
autumn,'ɔtəm,,n.秋天,托福
clip,klɪp,,n.夹子 vt夹住,托福
impetus,'ɪmpɪtəs,,"n.推动力, 促进",托福
grower,'ɡroɚ,,n.种植者，栽培者,托福
sophistication,"sə,fɪstɪ'keʃən",,"n.老练, 精明",托福
instructive,ɪn'strʌktɪv,,"a.有益的, 教育性的",托福
manual,'mænjuəl,,"a.手工的 n手册,指南",托福
mundane,mʌn'den,,"a.平凡的, 世俗的",托福
raindrop,'ren'drɑp,,"n.雨滴, 雨点",托福
appoint,ə'pɔɪnt,,"v.任命, 委派",托福
inflation,ɪn'fleʃən,,"n.通货膨胀, 膨胀",托福
sunflower,'sʌnflaʊɚ,,n.[植]向日葵,托福
doorway,'dɔr'we,,n.门口,托福
injure,'ɪndʒɚ,,v.伤害，损害,托福
instigate,'ɪnstə'get,,v.鼓动,托福
spill,spɪl,,v.(使)溢出 n溢出,托福
January,'dʒænjʊ'ɛri,,n.一月(略作Jan),托福
gateway,'ɡetwe,,n.入口；通道,托福
rigorously,'rigərəsli,,ad.严格地,托福
roam,rom,,"v.漫游, 闲逛",托福
onrushing,"'ɑn,rʌʃɪŋ",,a.猛冲的,托福
tricycle,'traɪsɪkl,,n.三轮车,托福
hydrological,",haidrə'lɔdʒikəl",,a.水文学的,托福
foresee,fɔr'si,,"v.预见, 预知",托福
ignorance,'ɪɡnərəns,,n.无知,托福
constitutional,",kɑnstə'tuʃənl",,a.法治的；体质的,托福
orogeny,ɔ'rɑdʒəni,,n.[地] 山岳之形成,托福
accuse,ə'kjuz,,"v.控告, 谴责",托福
administrator,əd'mɪnɪstretɚ,,"n.管理人,行政官",托福
trainer,'trenɚ,,n.训练者,托福
temporarily,ˈtɛmpəˌrɛrili,,ad.临时,托福
befit,bɪ'fɪt,,v.适合,托福
compost,'kɑmpost,,n.混合肥料,托福
collaborator,kə'læbə'retɚ,,n.合作者,托福
lodge,lɑdʒ,,v.(让)暂住 n乡间小屋，旅舍,托福
endow,ɪn'daʊ,,"v.捐赠, 赋予",托福
patience,'peʃns,,"n.耐性, 忍耐",托福
residency,'rɛzɪdənsi,,"n.居住, 住所",托福
cosmopolitan,'kɑzmə'pɑlətn,,"a.全球的,四海为家的 n世界主义者",托福
shower,'ʃaʊɚ,,"n.阵雨, 淋浴",托福
collaborative,kə'læbəretɪv,,"a.合作的, 协作的",托福
westerner,'westənə,,n.美国之西部的人,托福
refrigerate,rɪ'frɪdʒəret,,"v.使冷冻, 使冷藏",托福
clergy,'klɝdʒi,,"n.圣职者, 牧师",托福
brewster,'bru:stə,,n.酿造者,托福
rage,redʒ,,n.愤怒,托福
execution,",ɛksɪ'kjuʃən",,"n.处决, 执行",托福
tough,tʌf,,a.坚韧的，强硬的，困难的,托福
skirt,skɝt,,n.裙子,托福
lithograph,'lɪθəɡræf,,"n.石版画, 平版印刷",托福
cling,klɪŋ,,"v.紧贴, 附着",托福
yew,ju,,"n.紫杉, 紫杉木",托福
wholesale,'holsel,,n.批发 a.大规模的,托福
cart,kɑrt,,n.大车，手推车,托福
adrift,ə'drɪft,,"a&ad.漂流的,漫无目的",托福
mystical,'mɪstɪkl,,a.神秘的,托福
coerce,ko'ɝs,,v.强制,托福
crash,kræʃ,,v.碰撞，撞击,托福
eccentricity,",ɛksɛn'trɪsəti",,n.反常，怪癖,托福
distasteful,dɪs'testfl,,"a.味道差的,反感的",托福
tragedy,'trædʒədi,,"n.悲剧, 惨案",托福
lantern,'læntɚn,,n.灯笼，提灯,托福
diagram,'daɪəɡræm,,n.图表,托福
spell,spɛl,,v.拼写,托福
durability,",djuərə'biləti",,"n.经久, 耐久力",托福
stark,stɑrk,,a.荒凉的；严酷的 ad.完全,托福
code,,,n.代码 vt把…编码,托福
revere,rɪ'vɪr,,"v.尊敬,敬畏",托福
crush,krʌʃ,,vt&n.压碎,托福
goose,ɡus,,n.鹅,托福
tabulate,'tæbjulet,,v.把制成表格,托福
please,pliz,,ad.请 v使高兴,托福
uniquely,ju:'ni:kli,,"ad.adv独特地, 唯一地",托福
birch,bɝtʃ,,"n.桦树, 白桦",托福
adaptability,"ə,dæptə'bɪləti",,n.适应性,托福
caledonian,",kæli'dəunjən",,n&a.苏格兰人(的),托福
strive,straɪv,,"v.努力, 奋斗",托福
qualitative,'kwɑlətetɪv,,"a.性质上的, 定性的",托福
gram,ɡræm,,n.克,托福
prohibitive,prə'hɪbətɪv,,"a.禁止的, 抑制的",托福
prospector,'prɑspɛktɚ,,"n.探勘者, 采矿者",托福
contradiction,",kɑntrə'dɪkʃən",,"n.反驳, 矛盾",托福
auditorium,",ɔdɪ'tɔrɪəm",,"n.听众席,观众席,",托福
remark,rɪ'mɑrk,,"n.备注,评论 vt评论",托福
rote,rot,,n.死记硬背,托福
battleship,'bætlʃɪp,,n.战舰,托福
regime,re'ʒim,,"n.政权制度,政权",托福
skepticism,"'skɛptɪ,sɪzəm",,n.怀疑论,托福
economist,ɪ'kɑnəmɪst,,n.经济学者,托福
commandment,kə'mændmənt,,n.戒律,托福
glimpse,ɡlɪmps,,n.一瞥v瞥见,托福
preferable,'prɛfrəbl,,"a.更好的,更合意的",托福
delineate,dɪ'lɪnɪet,,v.描绘,托福
rugged,'rʌɡɪd,,"a.高低不平的, 崎岖的",托福
referent,'rɛfərənt,,n.指示物,托福
inadequacy,ɪn'ædɪkwəsi,,n.不充分,托福
Gypsy,'dʒipsi,,"n&a.吉普赛人(的),吉普赛语（的）",托福
outwash,'aʊtwɑʃ,,n.[地质]冰水沉积,托福
crumble,'krʌmbl,,"v.弄碎,崩溃",托福
dissatisfaction,dɪs'sætɪs'fækʃən,,n.不满,托福
knap,næp,,v.敲击,托福
basaltic,bə'sɔ:ltik,,a.玄武岩的,托福
plateau,plæ'to,,"n.高地, 高原",托福
carbonic,kɑr'bɑnɪk,,a.(含)碳的,托福
lengthy,'lɛŋθi,,a.冗长的,托福
intersect,'ɪntɚ'sɛkt,,"v.贯穿, 交叉",托福
masterpiece,'mæstəpis,,"n.杰作, 名著",托福
Yale,jeil,,n.耶鲁,托福
redwood,'rɛdwʊd,,n.[植]红杉,托福
connoisseur,",kɑnə'sɝ",,n.鉴赏家,托福
accessory,ək'sɛsəri,,n.附件 a.辅助的,托福
seriousness,'sɪrɪəsnəs,,"n.严肃, 认真",托福
finely,'faɪnli,,"ad.细微地,美好地",托福
preferentially,",prefə'renʃəli",,"a.优先的, 优待的",托福
acquisition,",ækwɪ'zɪʃən",,n.获得(物),托福
march,mɑrtʃ,,n&v.行军,托福
lane,len,,"n.小路, 小巷",托福
sterile,'stɛrəl,,"a.贫脊的,不结果的",托福
seaweed,'si'wid,,"n.海草, 海藻",托福
preschool,'pri'skʊl,,a.未满学龄的n幼儿园,托福
smelt,smɛlt,,v.熔解，熔炼,托福
streambed,'stri:mbed,,n.河床,托福
hint,hɪnt,,"n.暗示,  线索",托福
rally,'ræli,,n.集会 v集合,托福
luckily,'lʌkɪli,,ad.幸运地,托福
drawback,'drɔbæk,,"n.缺点,障碍",托福
successional,sək'seʃənl,,"a.接连著的, 连续性的",托福
drake,dreɪk,,"n.公鸭, 蜉蝣类",托福
salinization,",selɪnaɪ'zeʃən",,n.盐渍化,托福
shrinkage,'ʃrɪŋkɪdʒ,,n.收缩,托福
detachment,dɪ'tætʃmənt,,"n.冷漠, 脱离",托福
oblige,ə'blaɪdʒ,,v.迫使；施恩于,托福
gully,'ɡʌli,,"n.小峡谷, 排水沟",托福
inconclusive,",ɪnkən'klusɪv",,"a.非决定性的,不确定的",托福
innovator,"'ɪnə,vetɚ",,"n.改革者, 革新者",托福
pulverization,",pʌlvərai'zeiʃən, -ri'z-",,"n.弄成粉, 粉碎",托福
homemaking,"'həum,meikiŋ",,n.家政,托福
rebuild,",ri'bɪld",,"v.重建, 改造",托福
intestine,ɪn'tɛstɪn,,"a.内部的,国内的",托福
tavern,'tævɚn,,"n.酒馆, 客栈",托福
uncompetitive,ʌnkəm'petɪtɪv,,a.非竞争性的,托福
tenfold,'tenfəʊld,,a.十倍的 ad成十倍,托福
panic,'pænɪk,,n.恐(惊)慌 v(使)恐慌,托福
aircraft,'ɛr'kræft,,n.航行器,托福
desiccation,",dɛsɪ'keʃən",,n.干燥,托福
chimney,'tʃɪmni,,"n.烟囱, 灯罩",托福
shin,ʃɪn,,n.胫骨,托福
mandarin,'mændərɪn,,"n.官话,普通话",托福
conceive,kən'siv,,v.构想，设想,托福
guilde,,,"n.行会, 协会",托福
earn,ɝn,,v.赚得,托福
Iroquois,'irəkwɔiz,,n.易洛魁族人,托福
pen,pɛn,,n.钢笔 v.写,托福
quietly,ˈkwaɪətli,,"ad.平静地,寂静地",托福
ectotherm,"'ɛktə,θɚm",,"n.[动] 冷血动物,变温动物",托福
miner,'maɪnɚ,,n.矿工,托福
vas,væs,,"n.血管, 脉管",托福
aqueduct,'ækwɪ'dʌkt,,"n.沟渠,导水管",托福
triple,'trɪpl,,"n.三倍数, 三个一组",托福
meanwhile,'minwaɪl,,ad.其间,托福
ravage,'rævɪdʒ,,n&v.毁坏,托福
befriend,bi'frend,,"v.待人如友,帮助",托福
adaptable,ə'dæptəbl,,"a.能适应的,适应性强的",托福
converge,kən'vɝdʒ,,"v.聚合, 集中",托福
fortune,'fɔrtʃən,,"n.财富, 运气",托福
phosphorescence,",fɑsfə'rɛsns",,n.磷光,托福
endeavor,ɪn'dɛvɚ,,"n&v.尽力, 努力",托福
supervisor,'supɚvaɪzɚ,,n.管理人；监督人,托福
Portugal,'pɔtjuɡəl,,n.葡萄牙(欧洲西南部国家),托福
safely,'sefli,,"ad.安全地, 确实地",托福
invisibly,in'vizəbli,,"ad.看不见地, 看不出地",托福
visibility,'vɪzə'bɪləti,,n.可见度,托福
generalize,'dʒɛnrəlaɪz,,"v.归纳, 概括",托福
levy,'lɛvi,,v.征收(税等) n征税,托福
rye,raɪ,,n.裸麦,托福
unpopular,ʌn'pɑpjəlɚ,,"a.不流行的, 不受欢迎的",托福
holocene,'hɔləsi:n,,n&a.[地]全新世(的),托福
titanium,taɪ'tenɪəm; tɪ-,,n.[化]钛,托福
linear,'lɪnɪɚ,,"a.线的, 直线的",托福
tang,tæŋ,,v.有浓味 n特殊气味,托福
thesis,'θisɪs,,"n.论题, 论文",托福
astronaut,'æstrə'nɔt,,n.宇航员,托福
reuse,",ri'jʊs",,v.再使用 n重新使用,托福
antagonism,æn'tæɡənɪzəm,,"n.对抗(状态), 对抗性",托福
rehabilitation,ˌriːəˌbɪlɪ'teʃn,,n.复原,托福
canoe,kə'nu,,n.独木舟,托福
dramatize,'dræmətaɪz,,v.编写剧本,托福
leisurely,'liʒɚli,,a.从容地，慢慢地,托福
Minneapolis,",mini'æpəlis",,n.明尼苏达[美国州名],托福
apple,'æpl,,n.苹果,托福
Ontario,ɔn'tεəriəu,,n.安大略湖[北美洲],托福
June,dʒun,,n.六月(略作Jun),托福
quote,kwot,,"v.引用, 引证",托福
delft,"delft, 'delftwεə",,n.代夫特(荷兰城市)陶器,托福
beef,bif,,n.牛肉,托福
unobtainable,",ʌnəb'tenəbl",,"a.无法得到的,难获得的",托福
utterly,'ʌtɚli,,"ad.完全地,绝对地",托福
reddish,'rɛdɪʃ,,a.微红的,托福
rejection,rɪ'dʒɛkʃən,,n.拒绝,托福
outweigh,'aʊt'we,,v.在重量(或价值等)上超过,托福
chariot,'tʃærɪət,,n.战车,托福
communicative,kə'mjunɪketɪv,,"a.健谈的,交流的",托福
conversely,'kɑnvɝsli,,"ad.倒地,逆地",托福
instrumentalist,",ɪnstrə'mɛntəlɪst",,n.乐器演奏家,托福
racial,'reʃl,,"a.人种的, 种族的",托福
Arab,'ærəb,,n&a.阿拉伯人(的),托福
loom,lum,,n.织布机 vi迫近,托福
platelet,'pletlət,,n.[解] 血小板,托福
ambient,'æmbɪənt,,a.周围的 n周围环境,托福
accrete,ə'krit,,"v.共生, 附着, 增加",托福
bubbly,'bʌbli,,a.多泡的,托福
metalwork,'met(ə)lwɜːk,,n.金属制品,托福
resent,rɪ'zɛnt,,"v.愤恨, 怨恨",托福
correlation,",kɔrə'leʃən",,n.相互关系,托福
devotion,dɪ'voʃən,,"n.献身, 热爱",托福
useless,,,"a.无用的, 无效的",托福
keen,kin,,a.锋利的,托福
bulldozer,'bʊl'dozɚ,,n.推土机,托福
politically,pə'lɪtɪkli,,ad.政治上地,托福
centigrade,'sɛntɪɡred,,a.摄氏的,托福
alchemist,'ælkəmɪst,,n.炼金术士,托福
optimum,'ɑptəməm,,n&a.最适宜(的),托福
mechanic,mə'kænɪk,,n.技工,托福
blame,blem,,n&vt.责备,托福
presently,'prɛzntli,,"ad.目前, 不久",托福
reelect,",riə'lɛkt",,"v.重选, 改选",托福
warehouse,'wɛrhaʊs,,n.仓库，货栈,托福
ensue,ɪn'su,,v.接着发生，接踵而来,托福
cherry,'tʃɛri,,n.樱桃,托福
historic,hɪ'stɔrɪk,,"a.有历史意义的, 历史的",托福
monster,'mɑnstɚ,,n.怪物,托福
tapeworm,'tepwɝm,,n.[动]绦虫,托福
languish,'læŋɡwɪʃ,,"v.憔悴, 凋萎",托福
mythology,mɪ'θɑlədʒi,,n.神话,托福
lateness,'leitnis,,"n.迟, 晚",托福
amid,ə'mɪd,,prep.在中,托福
mythological,",mɪθə'lɑdʒɪkl",,a.神话(学)的,托福
prototype,'protə'taɪp,,n.原型,托福
newcomer,'nukʌmɚ,,n.新来的人；移民,托福
holiday,'hɑləde,,n.假日,托福
gravitas,'ɡrævitæs,,n.庄严(举止),托福
foresightedness,,,n.先见之明,托福
prerecord,",prirɪ'kɔrd",,v.事先录音,托福
brittle,'brɪtl,,"a.易碎的, 脆弱的",托福
dispense,dɪ'spɛns,,"v.分发, 分配",托福
inedible,ɪn'ɛdəbl,,a.不能吃的，不宜食用的,托福
lure,lʊr,,v.引诱,托福
swiftly,'swɪftli,,"ad.很快地, 即刻",托福
risky,'rɪski,,a.危险的,托福
gibbon,'ɡɪbən,,n.长臂猿,托福
raccoon,ræ'kun,,n.<美>[动]浣熊,托福
peep,pip,,"n&vi.窥视, 偷看",托福
arousal,ə'raʊzl,,"n.觉醒, 激励",托福
neurotransmitter,'nʊrotrænzmɪtɚ,,n.[生化]神经传递素,托福
avalanche,'ævəlæntʃ,,n.雪崩,托福
skyrocket,'skaɪ'rɑkɪt,,n.冲天火箭（烟火）,托福
skate,sket,,n.冰鞋 vi溜冰,托福
ibex,'aɪbɛks,,n.野生山羊,托福
monkey,'mʌŋki,,n.猴子,托福
cessation,sɛ'seʃən,,n.停止,托福
shovel,'ʃʌvl,,"n.铲,挖斗机",托福
eccentric,ɪk'sɛntrɪk,,a.古怪的 n.怪人,托福
steamer,'stimɚ,,"n.汽船, 蒸汽机",托福
sentimental,'sɛntə'mɛntl,,a.感伤的；多愁善感的,托福
iridescent,",ɪrɪ'dɛsnt",,a.闪光的，现晕光的,托福
eocene,'i:əusi:n,,n&a.始新世(的),托福
cushion,'kʊʃən,,n.垫子,托福
bowel,'baʊəl,,n.肠,托福
technician,tɛk'nɪʃən,,"n.技术员, 技师",托福
maybe,'mebi,,"ad.大概, 或许",托福
snowdrift,'snodrɪft,,n.雪堆,托福
seventy,'sɛvnti,,num.七十,托福
cleaner,'klinɚ,,"n.清洁工人, 清洁器",托福
accordion,ə'kɔrdɪən,,n.手风琴,托福
manure,mə'nʊr,,n.肥料,托福
clover,'klovɚ,,n.[植]三叶草,托福
heater,'hitɚ,,n.加热器,托福
circumference,sɚ'kʌmfərəns,,"n.圆周, 周围",托福
treatment,'tritmənt,,"n.待遇, 对待",托福
sanitation,",sænɪ'teʃən",,n.卫生(设施),托福
entertainer,'ɛntɚ'tenɚ,,"n.款待者, 表演娱乐节目的人",托福
scrape,skrep,,v&n.刮，擦,托福
violently,'vaɪələntli,,"ad.猛烈地, 激烈地",托福
masonry,'mesənri,,"n.石工术, 石匠职业",托福
flexibility,",flɛksə'bɪləti",,"n.灵活性, 弹性",托福
obstruct,əb'strʌkt,,v.阻塞，堵塞,托福
mediocre,",midɪ'okɚ",,a.平庸的,托福
tributary,'trɪbjə'tɛri,,a&n.支流(的)，进贡(的),托福
choosy,'tʃuzi,,a.好挑剔的,托福
distinguishable,dɪ'stɪŋgwɪʃəbl,,"a.可区别的, 可辨别的",托福
commute,kə'mjʊt,,"v.通勤, 折换 n.乘车上下班",托福
absenteeism,",æbsən'tiɪzəm",,"n.旷课, 旷工",托福
pointillist,'pɔintilist,,n.点彩派画家,托福
crudely,'kru:dli,,"ad.粗糙地, 粗鲁地",托福
ride,raɪd,,"v.骑, 乘",托福
epistle,ɪ'pɪsl,,n.书信,托福
endotherms,'endəθə:m,,"n.温血动物, 恒温动物",托福
disseminate,dɪ'sɛmɪnet,,v.散布，传播,托福
berg,bɝg,,n.冰山,托福
corpus,'kɔrpəs,,"n.资料, 文集",托福
unchangeable,ʌn'tʃeindʒəbl,,"a.不变的,不能改变的",托福
patriot,'petrɪət,,n.爱国者,托福
gel,dʒɛl,,n.凝胶体 v成冻胶,托福
ignorant,'ɪɡnərənt,,a.无知的,托福
illusory,ɪ'lusəri,,a.虚幻的,托福
sparsely,'spɑrsli,,ad.稀疏地,托福
methyl,'mɪθɪl,,"n.甲基, 木精",托福
worshipper,'wɝʃɪpɚ,,n.礼拜者,托福
saturday,sætɚdɪ; -de,,n.星期六,托福
watercourses,'wɔtɚkɔrs,,"n.水流, 河道",托福
luxurious,lʌɡ'ʒʊrɪəs,,"a.奢侈的, 豪华的",托福
receptacle,rɪ'sɛptəkl,,n.容器,托福
motorcycle,'motɚ'saɪkl,,"n.摩托车, 机车",托福
recreation,",rɛkrɪ'eʃən",,"n.消遣, 娱乐",托福
vest,vest,,"n.汗衫 vt使穿衣服, 授予",托福
chemurgy,'kɛmɝdʒi,,"n.[化]农业化工,实用化学",托福
imitator,'ɪmɪtetɚ,,n.模仿者,托福
edifice,'ɛdɪfɪs,,"n.大厦, 大建筑物",托福
wary,'wɛri,,a.机警的,托福
surmise,sɝ'maɪz,,v.猜测,托福
disdain,dɪs'den,,n.轻蔑 v蔑视,托福
poisonous,'pɔɪzənəs,,"a.有毒的, 恶意的",托福
anti,'æntaɪ,,n.反对者 a反对的,托福
continuator,"kən'tɪnjʊ,etɚ",,n.继续者,托福
grid,ɡrɪd,,"n.格子, 栅格",托福
predispose,'pridɪ'spoz,,"v.(使)易罹患, (使)预先偏向于",托福
aviator,,,n.飞行员,托福
preposterous,prɪ'pɑstərəs,,"a.荒谬的, 可笑的",托福
subtlety,'sʌtlti,,"n.微妙, 精明",托福
suburb,'sʌbɝb,,"n.市郊, 郊区",托福
streetcar,'stritkɑr,,n.路面电车,托福
oscillate,'ɑsɪlet,,v.振荡,托福
aptly,'æptli,,"ad.适当地,适宜地",托福
underfoot,",ʌndɚ'fʊt",,"ad.在脚下面, 踩着地",托福
ox,ɑks,,"n.牛, 公牛",托福
developer,dɪ'vɛləpɚ,,n.开发者,托福
worry,ˈwɜːri,,"n&v.烦恼, 忧虑",托福
gourd,ɡʊrd,,n.葫芦,托福
landowner,'lændonɚ,,n.土地所有者,托福
crossing,'krɔsɪŋ,,n.交叉口,托福
pane,pen,,n.窗格玻璃；长方块,托福
undisputed,",ʌndɪ'spjutɪd",,a.无可置辩的,托福
maneuver,mə'nʊvɚ; mə'njʊvɚ,,n.策略[ pl]演习 v(巧妙)控制；用策略,托福
predictability,"prɪ,dɪktə'bɪləti",,n.可预见性,托福
celsius,'sɛlsɪəs,,a.摄氏的,托福
uncomfortable,ʌn'kʌmftəbl,,a.不舒服的，不自在的,托福
revitalization,ˌrivaɪtlɪ'zeʃən,,n.新生 复兴,托福
redbud,"'rɛd,bʌd",,n.紫荆属植物,托福
bullrush,'bulrʌʃ,,n.芦苇,托福
speculator,'spɛkjuletɚ,,n.投机者,托福
homesteader,"'hom,stɛdɚ",,"n.农场所有权人, 自耕农",托福
valve,vælv,,"n.阀,活门",托福
inaccessible,",ɪnæk'sɛsəbl",,"a.难接近的, 难达到的",托福
draft,dræft,,n.草稿 v.草拟,托福
qualify,ˈkwɑləˌfaɪ,,"v.(使)胜任,(使)合格",托福
nodule,'nɑdʒul,,n.节结,托福
skillfully,'skɪlfəli,,"ad.巧妙地,技术好地",托福
competence,'kɑmpɪtəns,,n.能力,托福
dormancy,'dɔrmənsi,,n.休眠,托福
supposedly,sə'pozɪdli,,"ad.推测地, 大概",托福
basketry,'bɑ:skitri,,n.篓编织品,托福
bark,bɑrk,,n.吠声,托福
amuse,ə'mjuz,,"v.使发笑,使愉快",托福
legal,'ligl,,"a.法律的,合法的",托福
eukaryotic,"ju:,kæri'ɔtik",,a.真核状态的,托福
emulsion,ɪ'mʌlʃən,,n.乳状液,托福
shake,ʃek,,n&  v.摇动，颤抖,托福
condensation,",kɑndɛn'seʃən",,n.浓缩,托福
rebound,rɪ'baʊnd,,n./v回弹,托福
indefinite,ɪn'dɛfɪnət,,a.不明确的，含糊的,托福
insignificant,",ɪnsɪɡ'nɪfɪkənt",,"a.无关紧要的,  可忽略的",托福
handmade,'hænd'med,,a.手工的,托福
Iceland,'aislənd,,"n.冰岛(欧洲岛名,在大西洋北部,近北极圈)",托福
incandescent,'ɪnkən'dɛsnt,,"a.遇热发光的, 白炽的",托福
implicitly,im'plisitli,,"ad.含蓄地,  暗中地",托福
rob,rɑb,,v.抢夺,托福
fanciful,'fænsɪfl,,"a.想像的, 奇怪的",托福
fixture,'fɪkstʃɚ,,n.固定物(装置),托福
battery,'bæt(ə)rɪ,,n.电池,托福
deprecate,'dɛprəket,,"v.抨击, 反对",托福
infusion,ɪn'fjuʒn,,n.灌输,托福
carriage,'kærɪdʒ,,"n.马车, 客车",托福
worsen,'wɝsn,,v.恶化,托福
portraitist,'pɔrtrətɪst,,n.肖像画家,托福
rhythmical,ˈrɪðmɪkl,,"a.节奏的, 合拍的",托福
exploratory,ɪk'splɔrətɔri,,"a.勘探的, 探索的",托福
coconut,'kokənʌt,,n.椰子,托福
infancy,'ɪnfənsi,,n.幼年,托福
visualize,'vɪʒuəlaɪz,,v.想象，设想,托福
credence,'kridns,,n.信任,托福
encase,ɪn'kes,,"v.装入, 包住",托福
bemoan,bɪ'mon,,v.哀叹,托福
maroon,mə'run,,n.栗色 a栗色的,托福
legally,'li:gəli,,"ad.法律上, 合法地",托福
inspection,ɪn'spɛkʃən,,"n.检查, 视察",托福
immunity,ɪ'mjʊnəti,,n.免疫性,托福
tariff,'tærɪf,,n.关税,托福
restriction,rɪ'strɪkʃən,,"n.限制, 约束",托福
asthenosphere,"æs'θinə,sfɪr",,n.岩流圈,托福
violet,'vaɪələt,,n.紫罗兰 a紫色的,托福
periphery,pə'rɪfəri,,n.外围,托福
insure,ɪn'ʃʊr,,"v.给保险,确保",托福
insult,ɪn'sʌlt,,"n&vt.侮辱, 辱骂",托福
supercontinent,'supɚkɑntɪnənt,,n.[地]超大陆,托福
notorious,no'tɔrɪəs,,a.臭名昭著的,托福
idiom,'ɪdɪəm,,"n.成语, 方言",托福
psychology,saɪ'kɑlədʒi,,n.心理学,托福
discrete,dɪ'skrit,,"a.不连续的, 离散的",托福
hieroglyphic,",haɪərə'glɪfɪk",,n.象形文字,托福
hurricane,hʌrɪˌken,,"n.飓风, 狂风",托福
condenser,kən'dɛnsɚ,,"n.冷凝器, 电容器",托福
bilingual,'baɪ'lɪŋgwəl,,a.能说两种语言的,托福
abolish,ə'bɑlɪʃ,,"v.废止, 废除",托福
entitle,ɪn'taɪtl,,"v.给权利(或资格), 给题名",托福
streptomycin,",strɛptə'maɪsɪn",,n.链霉素,托福
innermost,'ɪnɚmost,,"a.最里面的, 内心的",托福
sting,stɪŋ,,"n&v.刺, 刺痛",托福
jellyfish,'dʒɛlɪfɪʃ,,n.水母,托福
stagnant,'stægnənt,,a.停滞的；萧条的,托福
afar,ə'fɑ:,,ad.遥远地,托福
epic,'ɛpɪk,,"n.史诗, 伟大事迹",托福
circumscribe,",sɝkəm'sraɪb",,v.在…周围画线；限制,托福
inactive,ɪn'æktɪv,,"a.不活动的, 怠惰的",托福
DNA,",di:,en'ei",,abbr.[生化]脱氧核糖核酸(=deoxyribonucleic acid),托福
alkaloid,'ælkə'lɔɪd,,n.[化]生物碱,托福
televise,'tɛlɪvaɪz,,"v.广播, 播映",托福
stump,stʌmp,,"n.树桩;残余部分 v.笨重地走,使为难",托福
reciprocate,rɪ'sɪprəket,,"v.互换,  交换",托福
discourse,'dɪskɔrs,,"n&v.谈话, 演讲",托福
labellum,lə'bɛləm,,n.（兰花的） 唇瓣,托福
fishery,'fɪʃəri,,"n.渔业, 水产业",托福
necrosis,nɛ'krosɪs,,n.坏死,托福
eastward,'istwɚdz,,a.向东的 ad.向东,托福
stag,stæɡ,,n.牡鹿vi不带女伴参加晚会,托福
encroach,ɪn'krotʃ,,"v.侵占,侵犯",托福
rotary,'rotəri,,a.旋转的,托福
syllable,'sɪləbl,,n.音节,托福
sequoia,sɪ'kwɔɪə,,n.[植] 美洲杉,托福
humor,'hjʊmɚ,,"n.幽默, 诙谐",托福
tempera,'temp(ə)rə,,n.蛋彩画,托福
dogwood,'dɔɡwʊd,,n.山茱萸,托福
Switzerland,'swɪtsələnd,,n.瑞士(欧洲中部国家),托福
immigrate,'ɪmɪɡret,,v.移入,托福
plank,plæŋk,,n.厚木板(条),托福
lighten,'laɪtn,,"v.减轻,点亮",托福
cripple,'krɪpl,,n.跛子 v削弱,托福
brand,brænd,,"n.商标, 牌子, 烙印",托福
notoriously,noˈtɔːriəsli,,"ad.臭名昭著地, 众所周知地",托福
naked,'nekɪd,,"a.裸体的, 无遮盖的",托福
plutonic,plu:'tɔnik,,a.火成岩的,托福
aggravate,'æɡrəvet,,"v.使恶化, 加重",托福
neutralize,'nʊtrə'laɪz,,v.压制,托福
memorial,mə'morɪəl,,"n.纪念物, 纪念馆",托福
condor,'kɑndɔr,,"n.[动]秃鹰, 秃鹫",托福
disappointment,",dɪsə'pɔɪntmənt",,n.失望,托福
sprout,spraʊt,,v.萌芽 n苗芽,托福
badly,'bædli,,"ad.严重地, 恶劣地",托福
corpse,kɔrps,,n.尸体,托福
sake,[sek],,n.缘故，理由,托福
attainment,ə'tenmənt,,n.达到,托福
careless,'kɛrləs,,"a.粗心的, 疏忽的",托福
progression,prə'ɡrɛʃən,,"n.行进, 级数",托福
cable,'kebl,,n.缆绳；电缆,托福
oceanographer,",oʃɪə'nɑgrəfɚ",,"n.海洋学者, 海洋研究者",托福
legitimately,li'dʒitimitli,,"ad.正当地, 合理地",托福
estuarine,'ɛstjʊərɪn,,"a.入海的, 在入海口形成的",托福
cup,kʌp,,n.杯子,托福
speciality,",spɛʃɪ'æləti",,"n.特性, 特质",托福
waterfront,'wɔtɚfrʌnt,,"n.水边地码头区, 滨水地区",托福
carboniferous,",kɑrbə'nɪfərəs",,n.石炭层,托福
believable,bi'li:vəbl,,a.可信的,托福
regularize,'rɛɡjələraɪz,,"v.使有规则, 使有秩序",托福
casual,'kæʒʊəl,,"a.偶然的, 不经意的",托福
skeletal,'skɛlətl,,"a.骨骼的, 梗概的",托福
landmark,'lændmɑrk,,"n.(航海)陆标, 地界标",托福
hinder,'hɪndɚ,,"v.阻碍, 打扰",托福
elemental,",ɛlɪ'mɛntl",,"a.元素的,自然力的",托福
serpentine,'sɝpəntin,,a.蜿蜒的,托福
bog,bɑɡ,,n.沼泽,托福
reside,rɪ'zaɪd,,v.居住,托福
toe,to,,"n.趾, 脚趾",托福
tentatively,'tɛntətɪvli,,"ad.试验性地,犹豫不决地",托福
brightness,'braɪtnɪs,,"n.光亮, 明亮",托福
regeneration,ridʒɛnə'reʃən,,"n.再生, 重建",托福
contour,'kɑntʊr,,n.轮廓,托福
kiwi,'kiwi,,n.[鸟]几维(一种新西兰产的无翼鸟),托福
hummingbird,'hʌmɪŋbɝd,,n.蜂雀,托福
ridiculous,rɪ'dɪkjələs,,"a.荒谬的, 可笑的",托福
resolution,",rɛzə'luʃən",,"n.决心,决议",托福
unsuitable,ʌn'sutəbl,,"a.不适宜的, 不合适的",托福
hydroponic,",haɪdrə'pɑnɪk",,a.溶液培养的,托福
currier,'kɝɪɚ,,n.制革匠,托福
Semitic,si'mitik; se-,,n./a闪族人(语) (的),托福
randomly,'rændəmlɪ,,"ad.随便地,任意地",托福
intergalactic,",ɪntɚɡə'læktɪk",,"a.银河间的, 星际间的",托福
diffuses,dɪ'fjus,,"v.扩散,弥漫",托福
synonymous,sɪ'nɑnɪməs,,a.同义的,托福
arrow,'æro,,"n.箭, 箭头记号",托福
discoloration,",dɪs,kʌlə'reʃən",,"n.变色, 污点",托福
laborious,lə'bɔrɪəs,,"a.艰苦的, 费劲的",托福
backdrop,'bæk'drɑp,,"n.背景幕, 背景",托福
refractory,rɪ'fræktəri,,"a.难控制的,耐火的",托福
soilless,'sɔillis,,a.不用泥土(培植)的,托福
tight,taɪt,,a.紧的,托福
chest,tʃɛst,,n.胸腔，橱,托福
nebular,'nebjulə,,a.[天]星云的,托福
mint,mɪnt,,n.薄荷,托福
chair,tʃɛr,,"n.椅子,主席 vt担任主席",托福
merit,'mɛrɪt,,n.优点，功绩 v.值得,托福
specially,'spɛʃəli,,ad.专门地；特别地,托福
someday,"'sʌm,de",,ad.有朝一日,托福
journalism,'dʒɝnl'ɪzəm,,n.新闻业；新闻工作,托福
circuit,'sɝkɪt,,"n.电路,巡回",托福
complementary,'kɑmplə'mɛntri,,"a.补充的, 补足的",托福
nectar,'nɛktɚ,,"n.[希神] 神酒, 任何美味的饮料, 花蜜",托福
package,'pækɪdʒ,,"n.包裹, 包 v.打包",托福
USA,ju: es 'ei,,abbr.美国(美利坚合众国),托福
adornment,ə'dɔ:nmənt,,"n.装饰, 装饰品",托福
photo,'foto,,n.照片,托福
imperative,ɪm'pɛrətɪv,,"n.命令,祈使语气 a.命令的,强制的",托福
lesley,lesli,,n.莱斯利（女子名）,托福
ppm,,,abbr.百万分率，百万分之…（parts per million）,托福
purification,",pjʊrəfə'keʃən",,n.净化,托福
assortment,ə'sɔrtmənt,,"n.分类,混合物",托福
saving,'sevɪŋ,,"n.存款 a.搭救的, 节约的",托福
astound,ə'staʊnd,,"v.使惊骇, 使大吃一惊",托福
ID,ɪd,,"abbr.身份 (identification, identity) n.遗传素质",托福
germinate,'dʒɝmɪnet,,"v.发芽,使生长",托福
nitric,'naɪtrɪk,,"a.[化]氮的, 含氮的",托福
luncheon,'lʌntʃən,,"n.午宴, 正式的午餐",托福
viscosity,vɪs'kɑsəti,,"n.粘质, 粘性",托福
intrude,ɪn'trʊd,,"v.侵入,强挤入",托福
dating,'deɪtɪŋ,,n.约会 v.约会,托福
muddy,'mʌdi,,"a.多泥的, 泥泞的",托福
hive,haɪv,,"n.蜂房 v.(使)入蜂箱, 群居",托福
incomprehensible,"ɪn,kɑmprɪ'hɛnsəbl",,"a.费解的,不可思议的",托福
evidently,'ɛvɪdəntli,,"ad.显然,清楚地",托福
label,ˈlebəl,,"n.标签,商标 v.贴标签于",托福
symmetrical,sɪ'mɛtrɪkl,,a.匀称的，对称的,托福
lily,'lɪli,,"n.百合,百合花 a.纯洁的",托福
theropod,'θɪərə(ʊ)pɒd,,a.兽性的，野兽般的,托福
supporter,sə'pɔrtɚ,,"n.支持者, 赡养者",托福
precarious,prɪ'kɛrərɪəs,,"a.危险的,不确定的",托福
wispy,'wispi,,"a.纤细的, 脆弱的",托福
artificially,",a:ti'fiʃəli",,"ad.人工地,不自然地",托福
exempt,ɪg'zɛmpt,,v.免除 a.被免除的,托福
vacancy,'vekənsi,,"n.空白, 空缺",托福
rehabilitate,",riə'bɪlə,tet",,"v.修复, 改造",托福
persuade,pɚ'swed,,"v.说服, 劝说, (使)相信",托福
sunset,'sʌnsɛt,,"n.日落, 晚年",托福
intoxication,"ɪn,tɑksə'keʃən",,"n.陶醉,中毒",托福
genuine,'dʒɛnjʊɪn,,"a.真实的, 真正的, 诚恳的",托福
whereby,wɛr'bai,,"ad.凭什么, 为何",托福
auger,'ɔgɚ,,n.螺丝钻 vt.用钻子钻洞于,托福
alteration,",ɔltə'reʃən",,"n.变更, 改造",托福
longtime,'lɔŋtaɪm,,a.(已持续)长时间的 ad.长久地,托福
customary,'kʌstə'mɛri,,"a.习惯的, 惯例的",托福
validate,'vælɪdet,,"v.[律]使有效, 使生效",托福
sulfide,"'sʌl,faɪd",,n.<美>[化]硫化物,托福
sensibility,",sɛnsə'bɪləti",,"n.敏感性,识别力",托福
ether,'iθɚ,,"n.天空醚, 大气",托福
tenon,'tenən,,"n.[木工]榫 vt.接榫, 造榫",托福
whittle,'wɪtl,,"v.切, 削 n.屠刀",托福
supersede,",supɚ'sid",,"v.代替, 取代",托福
dehydrate,di'haɪdret,,v.(使)脱水,托福
amino,ə'mino,,a.氨基的 n.[化学] 氨基,托福
subjective,səb'dʒɛktɪv,,"a.主观的, 个人的",托福
milky,'mɪlki,,"a.牛奶的,乳白色的",托福
fertilization,",fɝtlə'zeʃən",,"n.肥沃, 施肥, 授精",托福
celestial,sə'lɛstʃəl,,a.天上的 n.神仙,托福
appreciable,ə'priʃəbl,,"a.可感知的,相当可观的",托福
eject,ɪ'dʒɛkt,,"v.逐出,喷射",托福
victory,'vɪktəri,,"n.胜利,[罗神]胜利女神",托福
tent,tɛnt,,n.帐篷,托福
petrifaction,",pɛtrə'fækʃən",,"n.石化, 化石",托福
regolith,"'rɛgə,lɪθ",,"n.[地质]风化层, 土被",托福
marrow,'mæro,,"n.精华, 活力",托福
rim,rɪm,,"n.边, 轮缘 v.镶边",托福
ptarmigan,'tɑrmɪɡən,,n.松鸡类,托福
hydroxyapatite,"hai,drɔksi'æpətait",,n.[矿]羟磷灰石,托福
percolate,'pɝkəlet,,"n.滤过之液体,滤液 v.过滤",托福
stun,stʌn,,"v.使晕倒,打晕 n.打昏,惊倒",托福
rapidity,rə'pɪdəti,,"n.速度,迅速,急速",托福
mudflats,´mʌdflæt,,n.泥滩,托福
mineralize,"'mɪnrəl,aɪz",,"v.使矿物化,采集矿物",托福
calcareous,kæl'kɛrɪəs,,"a.钙质的,石灰质的",托福
tailor,'telɚ,,"n.裁缝 v.剪裁, 缝制",托福
eyebrow,'aɪbraʊ,,n.眉毛,托福
bedcover,'bɛdkʌvɚ,,n.被面,托福
pillow,'pɪlo,,"n.枕头, 枕垫 v.枕着",托福
heal,hil,,"v.治愈, 医治",托福
vaguely,'veɡli,,"ad.含糊地, 暧昧地",托福
hundredfold,"'hʌndrəd,fold",,"a.百倍的 n.百倍, 百重",托福
agriculturally,,,ad.农业上,托福
pinhead,'pɪnhɛd,,"n.针头, 小东西",托福
immersion,ɪ'mɝʃən,,"n.沉浸,专心",托福
founding,'faʊndɪŋ,,a.创办的 n.资金,托福
indispensable,'ɪndɪ'spɛnsəbl,,n.不可缺少之物 a.不可缺少的,托福
nail,nel,,"n.指甲,钉子 v.将钉牢",托福
entertain,",ɛntɚ'ten",,"v.娱乐,招待",托福
scuba,'skjʊbə,,n.水中呼吸器,托福
frustrate,'frʌstret,,"v.挫败, 阻挠 n.挫败的",托福
sunlit,'sʌnlɪt,,"a.被日光照射了的, 阳光照射的",托福
unsatisfactory,",ʌn,sætɪs'fæktəri",,"a.不令人满意的,不满足的",托福
separately,'sɛprətli,,"ad.分别地,分离地",托福
collectible,kə'lɛktəbl,,"a.可收集的, 可代收的",托福
mercury,,,"n.水银, 汞",托福
rider,'raɪdɚ,,"n.骑手, 附文, 扶手",托福
opera,'ɑprə,,n.歌剧,托福
orchestral,ɔr'kɛstrəl,,"a.管弦乐的,管弦乐队的",托福
landslide,'lændslaɪd,,"n.[地]山崩, 滑坡",托福
counteract,",kaʊntɚ'ækt",,"v.抵消, 中和, 阻碍",托福
stature,'stætʃɚ,,"n.身高,(精神、道德等的)高度",托福
relaxation,'rilæk'seʃən,,"n.松弛, 放宽",托福
remediation,"rɪ,midɪ'eʃən",,"n.补习,补救",托福
unincorporated,",ʌnɪn'kɔːpəreɪtɪd",,"n.未联合的,未合并的",托福
profile,'profaɪl,,"n.侧面,轮廓",托福
spurge,spə:dʒ,,n.[植]大戟,托福
corner,'kɔrnɚ,,"n.角落, (街道)拐角处 v.迫至一隅,把难住",托福
calotype,'kælətaip,,n.光力照像法,托福
fringe,frɪndʒ,,"n.边缘, 须边 a.边缘的",托福
molasses,mə'læsɪz,,n.<美>糖蜜,托福
torque,tɔrk,,"n.扭矩, 转矩",托福
battlefield,'bætlfild,,"n.战场, 沙场",托福
dish,dɪʃ,,"n.盘, 碟 v.把…装盘",托福
needlefish,"'nidl,fɪʃ",,n.[动] 颌针鱼(一种长嘴便鳞之海鱼),托福
discriminate,dɪ'skrɪmɪnet,,"v.歧视,区别待遇",托福
fireball,'faɪr'bɔl,,"n.火球, 大流星",托福
improvisation,",ɪmprəvaɪ'zeʃən",,n.即席创作,托福
recommendation,",rɛkəmɛn'deʃən",,"n.推荐, 介绍(信)",托福
meteor,'mitɪɚ,,"n.流星, 大气现象",托福
comprehensible,'kɑmprɪ'hɛnsəbl,,a.可理解的,托福
etch,ɛtʃ,,v.蚀刻,托福
my,maɪ,,pron.我的,托福
hay,heɪ,,n.干草,托福
hale,heɪl,,a.强壮的 v.硬拖,托福
instantly,'ɪnstəntli,,"ad.立即地, 即刻地",托福
ingoing,"'ɪn,goɪŋ",,"a.进入的 n.进入,迁就",托福
realistically,",riə'lɪstɪkli",,"ad.现实地,逼真地",托福
artistry,'ɑrtɪstri,,n.艺术之性质,托福
knowledgeable,'nɑlɪdʒəbl,,"a.知识渊博的, 有见识的",托福
cannon,'kænən,,"n.大炮, 加农炮 v.炮轰",托福
recede,rɪ'sid,,v.后退,托福
organically,ɔ:'ɡænikli,,"ad.器官上地, 有机地",托福
unintentionally,ˌʌnɪn'tenʃənəli,,"ad.无意地,非故意地",托福
geomagnetic,",dʒiomæg'nɛtɪk",,"a.地磁的,地磁气的",托福
magnetize,'mægnə'taɪz,,"v.使磁化, 吸引",托福
recess,'risɛs,,"n.(墙壁等的)凹进处 v.使凹进,休假",托福
bonito,bə'ni:təu,,n.鲣,托福
hatchling,,,n.人工孵化的鱼苗或小鸟,托福
specialist,'spɛʃəlɪst,,"n.专门医师, 专家",托福
vocal,'vokl,,"a.声音的,有声的 n.元音",托福
hilly,'hɪli,,"a.多小山的, 多坡的",托福
elongate,ɪ'lɔŋɡet,,"v.拉长, (使)伸长 a.伸长的",托福
linoleum,lɪ'nolɪəm,,"n.油布, 油毯",托福
armor,'ɑrmɚ,,n.装甲 v.为…装甲,托福
customarily,'kʌstəmərəli,,"ad.通常,习惯上",托福
comprehensive,ˌkɑːmprɪˈhensɪv,,"a.全面的,能充分理解的",托福
franklin,'fræŋklin,,"n.小地主, 乡绅",托福
morally,'mɔrəli,,ad.道德上,托福
lathe,leð,,n.车床 vt.用车床加工,托福
inherent,ɪn'hɪrənt,,"a.固有的,与生俱来的",托福
grand,ɡrænd,,"a.盛大的,极重要的",托福
inconspicuous,'ɪnkən'spɪkjʊəs,,"a.不显眼的,不引人注意的",托福
integrity,ɪn'tɛɡrəti,,"n.正直, 诚实, 完整",托福
enroll,ɪn'rol,,"v.登记, 招收, 参加",托福
utterance,'ʌtərəns,,"n.意见, 说话, 发表",托福
treasury,'trɛʒəri,,"n.财政部, 国库",托福
apparatus,ˌæpəˈrætəs,,"n.器械, 设备, 仪器",托福
heartbeat,'hɑrtbit,,n.心跳,托福
mast,mæst,,"n.桅,桅杆 vt.装桅杆于",托福
unify,'junɪfaɪ,,"v.统一,使成一体",托福
scat,skæt,,v.迅速走开 n.爵士音乐中无意义的音节的演唱,托福
unexplored,",ʌnɪk'splɔrd",,a.[地质] 未勘查过的,托福
playground,'ple'graʊnd,,"n.运动场, 操场",托福
upland,'ʌplənd,,"n.丘陵地, 高地 a.高地的,山地的",托福
woodpecker,'wʊdpɛkɚ,,n.[鸟]啄木鸟,托福
friendliness,'frɛndlɪnɪs,,"n.友谊,友善",托福
sympathy,'sɪmpəθi,,"n.同情, 同情心",托福
wingspan,'wɪŋ'spæn,,n.[空]翼展,托福
counter,'kaʊntɚ,,"n.计算器,柜台 ad&prep.相反地",托福
campus,'kæmpəs,,"n.<美>校园,大学教育",托福
flicker,'flɪkɚ,,"n&v.闪烁,摇曳",托福
approve,ə'prʊv,,"v.赞成, 批准",托福
anvil,'ænvɪl,,n.[解]砧骨,托福
proximity,prɑk'sɪməti,,"n.接近, 亲近",托福
excellence,'ɛksləns,,"n.优秀, 卓越",托福
loggerhead,'lɔɡəhɛd,,"n.傻子,铁球棒",托福
pertain,pɝ'ten,,"v.适合, 属于",托福
demonstration,",dɛmən'streʃən",,"n.示范, 实证",托福
dike,daɪk,,n.堤防 v.筑堤提防,托福
ineffective,",ɪnɪ'fɛktɪv",,"a.无效的, (指人)工作效率低的",托福
explosive,ɪk'splosɪv; ɪk'splozɪv,,"a.爆炸(性)的,暴露 n.爆炸物",托福
rooftop,'rʊf'tɑp,,n.屋顶 a.屋顶上的,托福
interplanetary,",ɪntɚ'plænətɛri",,"a.太阳系内的,行星间的",托福
actor,'æktɚ,,"n.男演员,行动者",托福
lovely,'lʌvli,,"a.可爱的,有趣的",托福
caput,'kepət,,"n.头, 首",托福
receptiveness,ri'septivnis,,"n.感受性,接受能力",托福
punish,'pʌnɪʃ,,"v.惩罚,处罚",托福
animate,'ænɪmet,,v.鼓舞 a.生气勃勃的,托福
militaristic,",mɪlɪtə'rɪstɪk",,a.军国主义的,托福
acreage,'ekərɪdʒ,,"n.英亩数, 面积",托福
impersonation,"im,pə:sə'neiʃən",,n.扮演,托福
reabsorb,",ri:əb'sɔ:b",,"v.再吸附,重吸收",托福
interference,",ɪntɚ'fɪrəns",,"n.冲突, 干涉",托福
overturn,'ovətɝn,,"n.倾覆, 破灭 v.推翻, 颠倒",托福
duke,dʊk,,n.公爵,托福
squarely,'skwɛrli,,"ad.方形地, 直角地",托福
Henderson,'hendəsn,,n.亨德森（姓氏）,托福
pronoun,'pronaʊn,,n.代名词,托福
prisoner,'prɪznɚ,,a.囚犯的 n.战俘,托福
October,ɑk'tobɚ,,n.十月(略作Oct),托福
rawhide,'rɔhaɪd,,n.生牛皮 vt.用生牛皮鞭抽打 a.生牛皮的,托福
nonagricultural,",nɔnæɡri'kʌltʃərəl",,a.非农业的,托福
dale,del,,"n.宽谷, 溪谷",托福
devastation,",devə'steiʃən",,"n.毁坏,荒废",托福
fletcher,'fletʃə,,"n.<古>造箭者,弗莱彻",托福
paradoxically,",pærə'dɔksikəli",,"ad.相矛盾地,似非而是地",托福
credible,'krɛdəbl,,"a.可信的,可靠的",托福
flute,flut,,"n.长笛 v.吹长笛,刻槽",托福
automate,'ɔtəmet,,"v.使自动化, 自动操作",托福
pedagogy,'pɛdə'godʒi,,"n.教学, 教授",托福
pregnant,'prɛɡnənt,,"a.怀孕的, 重要的",托福
trait,tret,,"n.显著的特点, 特性",托福
autonomy,ɔ'tɑnəmi,,n.自治,托福
exuberant,iɡ'zju:bərənt,,"a.繁茂的,生气勃勃的",托福
option,'ɑpʃən,,"n.选项, 选择权",托福
reaper,'ripɚ,,"n.收割者, 收割机",托福
anxiously,'æŋkʃəsli,,"ad.忧虑地, 不安地",托福
elephant,'ɛlɪfənt,,n.象,托福
plague,pleɡ,,"n.瘟疫,麻烦 v.折磨, 使苦恼",托福
bellow,'bɛlo,,"v.怒吼, 咆哮",托福
unreal,",ʌn'riəl",,"a.不真实的, 虚幻的",托福
fond,fɑnd,,"a.喜欢的,温柔的",托福
toad,tod,,n.[动]蟾蜍,托福
heave,hiv,,"v.举起 n.举起,投掷",托福
parade,pə'red,,"n.游行,炫耀 v.游行,炫耀",托福
receptive,rɪ'sɛptɪv,,"a.善于接受的,能容纳的",托福
scope,skop,,n.(活动)范围,托福
unplanned,",ʌn'plænd",,"a.意外的,在计划外的",托福
longevity,lɔn'dʒɛvəti,,"n.长命, 寿命",托福
submit,səb'mɪt,,"v.(使)服从,递交",托福
nomad,'nomæd,,"n.游牧部落的人,流浪者 a.游牧的",托福
Mongolia,mɔŋ'ɡəuliə; 'mɔn-,,n.蒙古,托福
clarity,'klærəti,,"n.清楚,透明",托福
sexually,'sɛkʃʊəli,,"ad.性别地,两性之间地",托福
lifeway,"'laɪf,we",,"n.生活方式, 生活",托福
facade,fə'sɑd,,n.正面,托福
torrid,'tɔrɪd,,"a.晒热的,热情的",托福
kindergarten,'kɪndɚɡɑrtn,,"n.幼儿园 a.幼儿园的,启蒙阶段的",托福
neuron,'nʊrɑn,,"n.[解]神经细胞,神经元",托福
transmission,træns'mɪʃən,,"n.播送, 发射",托福
eukaryote,jʊ'kæriot; jʊ'kæriət,,n.〈生〉真核细胞,托福
commensal,kə'mɛnsl,,"a.共餐的 n.共食伙伴, 共生物",托福
living,'lɪvɪŋ,,"n.生活,生计 a.活的,逼真的",托福
inadvertently,'ɪnəd'vɝtntli,,"ad.非故意地,不注意地",托福
volt,volt,,"n.(马术中的)环骑,[电工]伏特",托福
roadbed,"'rod,bɛd",,n.路基,托福
encompass,ɪn'kʌmpəs,,"v.包围,环绕",托福
outnumber,'aʊt'nʌmbɚ,,"v.数目超过, 比多",托福
scar,skɑr,,"n.伤痕,疤痕 v.结疤,使留下伤痕",托福
metabolize,mɛ'tæbəlaɪz,,v.产生代谢变化,托福
administer,əd'mɪnɪstɚ,,"v.管理, 给予, 执行",托福
fasten,'fæsən,,"v.扎牢,扣住",托福
diversify,daɪˈvɜrsəˌfaɪ,,"v.使多样化, 作多样性的投资",托福
grumble,'ɡrʌmbl,,a.嘟囔地说 n.怨言 v.发牢骚,托福
degradation,",dɛɡrə'deʃən",,"n.降级, 降格, 退化",托福
neurospora,"njuə'rɔspərə, ,njuərəu'spɔ:rə",,n.[微]脉孢菌,托福
subsidy,'sʌbsədi,,"n.补助金,津贴",托福
commonsense,'kɔmən'sens,,"a.常识的,具有常识的",托福
destination,",dɛstɪ'neʃən",,n.目的地,托福
yellowstone,'jeləustəun,,"n.黄石国家公园, 黄石河",托福
mosquito,məˈskiːtoʊ,,n.蚊子,托福
paucity,'pɔ:siti,,n.极小量,托福
infect,ɪn'fɛkt,,"v.[医] 传染, 感染",托福
burin,'bjʊrɪn,,"n.冰凿,雕刻刀",托福
walrus,'wɔlrəs,,"n.[动]海象, 海象胡须",托福
deserve,dɪ'zɝv,,"v.应受, 值得",托福
incubator,'ɪŋkjubetɚ,,"n.培养的器具, 孵卵器",托福
poorhouse,'pɔrhaʊs,,n.救济院,托福
subsidize,'sʌbsə'daɪz,,"v.资助,津贴",托福
excitation,",ɛksaɪ'teʃən",,"n.刺激,兴奋, 激动",托福
amniotic,",æmnɪ'otɪk",,a.[昆] 羊膜的,托福
porpoise,'pɔrpəs,,"n.[动]海豚, 小鲸",托福
spew,spju,,"v.喷涌,呕吐",托福
emanate,ˈɛməˌneɪt,,"v.散发,发出",托福
noxious,'nɑkʃəs,,a.有害的,托福
deviate,'divɪet,,"v.偏离,偏轨",托福
shun,ʃʌn,,"v.避开,避免",托福
individually,ˌɪndɪˈvɪdʒuəli,,"ad.个别地,单独地",托福
aggregation,",ægrɪ'geʃən",,"n.集合,集合体",托福
erectus,,,a.[拉丁语]直立的,托福
sleepiness,'slipɪnɪs,,"n.想睡,瞌睡",托福
oneness,'wʌnnəs,,"n.单一,  统一",托福
remainder,rɪ'mendɚ,,"n.残余, 剩余物 a.剩余的",托福
passive,'pæsɪv,,"a.被动的,消极的",托福
excrete,ɪk'skrit,,"v.排泄, 分泌",托福
namely,'nemli,,"ad.即,也就是",托福
infection,ɪn'fɛkʃən,,"n.传染病, 影响,",托福
piling,'paɪlɪŋ,,"n.打桩, 打桩工程",托福
button,'bʌtn,,"n.钮扣 v.扣住,扣紧",托福
workforce,'wɝkfɔrs,,"n.劳动力,职工总数",托福
analyst,'ænəlɪst,,"n.分析家, 分解者",托福
gradient,'ɡredɪənt,,"a.倾斜的 n.梯度,坡度",托福
brace,bres,,"n.支柱 v.支住,撑牢",托福
quest,kwɛst,,"n.寻求 v.追求,探索",托福
regulator,'rɛɡjuletɚ,,"n.调整者,调整器",托福
toolmaking,"'tu:l,meikiŋ",,"n.工具(或刀具)制造,机床维修",托福
essay,'ɛse,,n.散文,托福
morphology,mɔr'fɑlədʒi,,"n.[生物]形态学, [语法]词法",托福
hiccup,'hɪkəp,,n.打嗝 v.打嗝,托福
sow,so,,"n.大母猪 v.播种,散布",托福
platypus,'plætɪpəs,,n.[动]鸭嘴兽,托福
nurse,nɝs,,"n.护士,保姆 v.护理,照料",托福
damp,dæmp,,"n.湿气 a.潮湿的 v.使潮湿,阻尼",托福
halite,'hælaɪt,,n.[化]岩盐,托福
subsist,səb'sɪst,,"v.生存, 存在, 供养",托福
straighten,'stretn,,"v.(使)弄直, 伸直",托福
July,,,n.七月(略作Jul),托福
lump,lʌmp,,"n.肿块,笨人 v.使成块状",托福
balloon,bə'lun,,n.气球 v.膨胀,托福
meteorologist,'mitɪə'rɑlədʒɪst,,n.气象学者,托福
rust,rʌst,,"n.铁锈 v.(使)生锈,锈蚀",托福
undeveloped,",ʌndɪ'vɛləpt",,"a.不发达的, 未开发的",托福
conestoga,",kɔnis'təugə",,n.一种大篷马车,托福
unexpectedly,'ʌnik'spektidli,,"ad.出乎意料地,意外地",托福
disappearance,",dɪsə'pɪrəns",,"n.不见,消失",托福
abrupt,ə'brʌpt,,"a.突然的,陡峭的,生硬的",托福
nowcasting,,,n.预告,托福
readership,'ridɚʃɪp,,"n.读者的身分, 读者人数",托福
pencil,'pɛnsl,,n.铅笔,托福
wharf,wɔrf,,n.码头 v.靠在码头,托福
individuality,",ɪndɪ,vɪdʒu'æləti",,"n.个性,(通常用复数)个人的嗜好",托福
squander,'skwɑndɚ,,v.浪费 n.浪费,托福
cheese,tʃiz,,n.干酪,托福
mesopotamian,,,n.美索不达米亚（两河流域）,托福
birdlike,"'bə:d,laik",,"a.敏捷轻快的,似鸟的",托福
somerset,"'sʌməsit, -set",,n.翻筋斗 vi.翻筋斗,托福
appetite,'æpɪtaɪt,,"n.食欲,欲望",托福
shrink,ʃrɪŋk,,"v.收缩, (使)皱缩 n.收缩",托福
dampen,'dæmpən,,"v.使潮湿,沮丧",托福
textural,'tekstʃərəl,,"a.组织的,结构的",托福
ribbon,'rɪbən,,"n.缎带,丝带 v.撕成条",托福
derrick,'dɛrɪk,,"n.起重机, (钻井)井口上的铁架塔",托福
phoenix,'finɪks,,"n.凤凰,完人",托福
impersonal,ɪm'pɝsnl,,"a.客观的,没有人情味的",托福
secular,'sɛkjəlɚ,,"a.长期的,世俗的",托福
onward,'ɑnwɚd,,"a.向前的 ad.向前,在前面",托福
expend,ɪk'spɛnd,,"v.花费,消耗,支出",托福
imaginary,ɪ'mædʒɪnɛri,,"a.假想的,虚构的",托福
kinetic,kɪ'nɛtɪk,,"a.(运)动的,动力(学)的",托福
commitment,kə'mɪtmənt,,"n.委托事项,许诺",托福
pluto,'plu:təu,,"n.冥王星, 阴间之神",托福
chicopee,'tʃikə'pi:,,n.奇科皮（美国马萨诸塞州西南部城市）,托福
seaport,'sipɔrt,,"n.海港, 港口都市",托福
patchy,'pætʃi,,"a.补丁的, 不调和的",托福
sacred,'sekrɪd,,"a.神的,害怕的",托福
clinical,'klɪnɪkl,,"a.临床的,诊所的",托福
verbalize,'vɝbəlaɪz,,"v.用语言描述,累赘",托福
generator,'dʒɛnəretɚ,,"n.发电机, 发生器",托福
uphold,ʌpˈhoʊld,,"v.支持, 赞成",托福
fare,fɛr,,"n.费用,票价 v.遭遇, 进展",托福
cellulose,'sɛljulos,,"n.纤维素,（植物的）细胞膜质",托福
Patricia,pə'triʃə,,n.帕特丽夏（女子名）,托福
yam,yam,,"n.山药, 洋芋",托福
sharper,'ʃɑrpɚ,,"n.磨具,(赌博中的)骗子",托福
candlelight,'kændllaɪt,,"n.烛火,黄昏",托福
allocation,",ælə'keʃən",,"n.分配,安置",托福
vantage,'væntɪdʒ,,"n.优势,有利情况",托福
flowerbed,'fləuəbed,,"n.花床,花圃",托福
debatable,dɪ'betəbəl,,"a.成问题的,未决定的",托福
petrochemical,'pɛtro'kɛmɪkl,,a.石化的 n.石化产品,托福
objectify,əb'dʒɛktɪfaɪ,,"v.使客观化,具体化",托福
alternatively,ɔl'tɝnətɪvli,,"ad.做为选择,二者择一地",托福
lawn,lɔn,,"n.草坪, (均匀生长于固体培养基的)菌苔",托福
intelligible,ɪn'tɛlɪdʒəbl,,"a.可理解的,明了的",托福
deviation,'divɪ'eʃən,,"n.背离,偏离",托福
vacate,ˈveɪˌkeɪt; veɪˈkeɪt,,"v.腾出, 空出,离(职),退(位)",托福
subtropic,,,"a.亚热带的,副热带的",托福
scenic,ˈsinɪk,,"a.舞台的, 景色优美的 n.风景照片",托福
comic,'kɑmɪk,,"n.滑稽演员 a.滑稽的, 喜剧的",托福
tusk,tʌsk,,n.长牙 v.以牙刺戳,托福
meaty,'miti,,"a.肉的,多肉的",托福
resilient,rɪ'zɪlɪənt,,n.帕特森（美国一座城市）,托福
indigestible,",ɪndɪ'dʒɛstəbl",,"a.不吸收的,难理解的",托福
subtitle,'sʌb'taɪtl,,n.说明对白的字幕 v.给…加字幕,托福
prolifically,prəu'lifikəli,,"a.丰富地,多产地",托福
elevator,'ɛlɪvetɚ,,"n.电梯,升降机",托福
rigidity,rɪ'dʒɪdəti,,"n.刻板,严格",托福
soar,sɔr,,"v.高飞,昂扬 n.高涨程度",托福
dismantle,dɪs'mæntl,,v.拆除,托福
refinery,rɪ'faɪnəri,,n.精炼厂,托福
riverbank,'rɪvɚbæŋk,,"n.河堤, 河岸",托福
landslip,'lænd'slɪp,,"n.[地]山崩,塌方",托福
ephemeral,ə'fɛmərəl,,"a.朝生暮死的, 短暂的",托福
clerk,klɝk,,"n.职员, 办事员",托福
monotonous,mə'nɑtənəs,,"a.单调的,无抑扬顿挫的",托福
aquatic,ə'kwætɪk,,"a.水的,水生的 n.水生动物",托福
vibration,vaɪ'breʃən,,"n.振动,颤动",托福
loop,lup,,"n.环,回路 v.使成环,打环",托福
unionization,",ju:njənai'zeiʃən, -ni'z-",,"n.联合, 结合",托福
aboveground,"ə'bʌv,graʊnd",,a.在地面上的 ad.地面上地,托福
encroachment,ɪn'krotʃmənt,,"n.侵蚀, 侵犯",托福
semicircular,"'semi'sə:kjulə, ,semai-",,a.半圆的,托福
handsome,'hænsəm,,"a.英俊的,大方的",托福
snout,snaʊt,,"n.猪嘴,鼻子",托福
weightlessness,'weitlisnis,,n.无重状态,托福
suggestive,sə'dʒɛstɪv,,"a.提示的,暗示的",托福
rougher,'rʌfə,,"n.粗切机,粗选槽",托福
peat,pit,,"n.泥煤, 泥炭块",托福
mystique,mɪ'stik,,"n.神秘性,奥秘",托福
lengthwise,"'lɛŋθ,waɪz",,a.纵长的 ad.纵长地,托福
sensation,sɛn'seʃən,,"n.感觉,感情",托福
Victorian,vik'tɔ:riən,,a.维多利亚女王时代的,托福
contend,kən'tɛnd,,"v.斗争, 竞争, 主张",托福
grace,ɡres,,"n.优美, 雅致 v.使优雅",托福
Chile,'tʃili,,n.智利,托福
hander,'hændə,,"n.支持器,夹头",托福
ninety,'naɪnti,,num.九十,托福
alpha,'ælfə,,n.希腊字母的第一个字母,托福
slumber,'slʌmbɚ,,n.睡眠 v.睡眠,托福
dart,dɑrt,,"n.标枪, 镖 v.投掷",托福
prevalence,'prɛvələns,,"n.流行,普遍",托福
cousin,'kʌzn,,"n.堂兄弟姊妹, 表兄弟姊妹",托福
negligible,'nɛɡlɪdʒəbl,,"a.可以忽略的, 不予重视的",托福
finite,'faɪnaɪt,,"a.有限的,限定的",托福
sleeper,'slipɚ,,"n.睡眠,枕木",托福
colonizer,'kɔlənaizə,,"n.殖民者,殖民地开拓者, 移民",托福
welland,'welənd,,n.韦兰（加拿大东南部港口城市）,托福
unmatched,'ʌn'mætʃt,,"a.无与伦比的,不相配的",托福
nutritive,'njʊtrətɪv,,a.营养的 n.营养物,托福
revision,rɪ'vɪʒən,,"n.修订,修正,修订本",托福
inception,ɪn'sɛpʃən,,"n.起初, 获得学位",托福
clearing,'klɪrɪŋ,,"n.结算,空旷地 vi.澄清",托福
morris,'mɔrɪs,,n.莫理斯舞(英国传统民间舞蹈),托福
nonfiction,",nɑn'fɪkʃən",,n.非小说的散文文学,托福
straightforward,",stret'fɔrwɚd",,"a.正直的,简单的 ad.坦率地",托福
brilliantly,'briljəntli,,"ad.辉煌地,灿烂地",托福
bull,bʊl,,"n.[动]公牛, 粗壮如牛的人",托福
eighty,ˈeti,,"num.八十, 八十个",托福
flexibly,'fleksəbli,,"ad.易曲地, 柔软地",托福
sandal,'sændl,,"n.凉鞋, 檀香",托福
cumulative,'kjumjəletɪv,,a.累积的,托福
creep,krip,,"v.爬, 蹑手蹑脚 n.爬行",托福
tan,tæn,,n.日晒后的颜色 a.棕褐色的 v.晒成褐色,托福
wisdom,'wɪzdəm,,"n.智慧,学识",托福
rigor,'rɪgɚ,,"n.严格,精确",托福
grotto,'ɡrɑto,,"n.洞穴,人工洞室",托福
salad,'sæləd,,n.色拉,托福
prostrate,'prɑstret,,"a.降伏的,俯卧的 v.使屈服",托福
protector,prə'tɛktɚ,,n.保护者,托福
bode,bəud,,v.预示,托福
club,klʌb,,"n.俱乐部,(扑克牌)梅花 v.募集",托福
hump,hʌmp,,"n.驼峰,峰丘 v.(使)隆起",托福
blaze,blez,,"n.火焰 v.照耀,激发",托福
indecipherable,'ɪndɪ'saɪfrəbl,,"a.无法解释的,难辨认的",托福
substantiate,səb'stænʃɪet,,"v.使实体化,证实",托福
ghost,ɡost,,"n.鬼, 幽灵",托福
faint,fent,,n.昏晕 v.昏晕 a.头晕的,托福
Peru,pə'rʊ,,n.秘鲁,托福
diva,'divə,,n.歌剧中的首席女主角,托福
nonstop,nɑn'stɑp,,"a.不断的,直达的 ad.不休息地",托福
bifocal,'baɪ'fokl,,a.双焦点的,托福
cougar,'kuɡɚ,,n.[动]美洲狮(尤指Felis concolor),托福
versatile,'vɝsətl,,"a.多才多艺的,万能的",托福
smear,smɪr,,"v.涂污,弄脏 n.油迹, 涂片",托福
ocher,'okɚ,,"n.黄土, 赭土",托福
mentally,'mɛntli,,"ad.精神上, 智力上",托福
obliterate,ə'blɪtə'ret,,"v.涂去, 删除, 使湮没",托福
aspiration,'æspə'reʃən,,"n.热望, 渴望",托福
conceivable,kən'sivəbl,,"a.可能的,想得到的",托福
internationally,",intə'næʃənəli",,"ad.国际性地, 在国际间",托福
greenish,'ɡrinɪʃ,,a.呈绿色的,托福
succinct,sək'sɪŋkt,,"a.简洁的, 紧身的",托福
midway,'mɪd'we,,"n.中途,半路 a.中途的 ad.在中途",托福
unsung,",ʌn'sʌŋ",,"a.未唱的,未赞颂的",托福
fungicide,'fʌŋgə'saɪd,,n.杀真菌剂,托福
popularize,'pɑpjələraɪz,,v.普及,托福
changeable,'tʃendʒəbl,,"a.可改变的,无常的",托福
responsive,rɪ'spɑnsɪv,,"a.响应的,应答的",托福
amplify,'æmplɪfaɪ,,"v.放大,详述",托福
notebook,'notbʊk,,"n.笔记簿, 笔记本",托福
pertinent,'pɝtnənt,,"a.有关的,相干的",托福
concise,kən'saɪs,,"a.简明的,简练的",托福
utilization,ˌjuːtəlaɪ'zeɪʃn,,n.利用,托福
theoretical,",θiə'rɛtɪkəl",,"a.理论的,理论上的",托福
figural,'fɪgjʊr(ə)l,,"a.借喻的,比喻的",托福
determinant,dɪ'tɝmɪnənt,,a.决定性的 n.决定因素,托福
overtax,'ovɚ'tæks,,"v.课税过重, 使负担过度",托福
youth,jʊθ,,"n.青春,少年",托福
custodial,kʌ'stodɪəl,,"a.保管的,保管人的 n.[宗]圣物保管容器",托福
academician,",ækədə'mɪʃən",,"n.院士, 大学生",托福
cole,kol,,"n.油菜, 小菜",托福
flatter,'flætɚ,,"v.过分夸赞, 奉承,使满意",托福
impressionistic,",ɪmprɛʃə'nɪstɪk",,"a.印象派的,给人深刻印象的",托福
faction,'fækʃən,,"n.派别,小集团",托福
fortuitously,fɔ:'tjuətəsli,,"ad.偶然地,意外地",托福
thriller,'θrɪlɚ,,"n.使人毛骨悚然的东西, 使人毛骨悚然的小说",托福
plentifully,'plentifuli,,"ad.丰富地,富裕地",托福
monopolize,mə'nɑpə'laɪz,,"v.独占, 垄断",托福
burden,'bɝdn,,"n.担子, 负担 v.烦扰",托福
breadbasket,'brɛdbæskɪt,,"n.<俚>胃, 腹",托福
annihilate,ə'naɪəlet,,"v.消灭,湮灭",托福
sectional,'sɛkʃənl,,"a.可组合的,部分的",托福
jealousy,'dʒɛləsi,,"n.嫉妒,猜疑",托福
garbage,'ɡɑrbɪdʒ,,"n.垃圾, 废物",托福
routinely,rʊ'tinli,,ad.例行公事地,托福
predicament,prɪ'dɪkəmənt,,"n.困境,窘状",托福
thermometer,θɚ'mɑmɪtɚ,,"n.温度计, 体温计",托福
divergence,dəˈvɜrdʒəns; daɪˈvɜrdʒəns,,n.分歧,托福
oceanography,",oʃə'nɑɡrəfi",,n.海洋学,托福
outbuilding,'aʊt'bɪldɪŋ,,"n.[建]外屋, (指车库, 谷仓等)",托福
forbes,'fɔ:bəz,,n.福布斯（美国著名财经杂志）,托福
grama,'grɑmə,,n.美国西部产的一种牧草,托福
rhyolite,"'raɪə,laɪt",,n.[地]流纹岩,托福
decisive,dɪ'saɪsɪv,,"a.决定性的,果断的",托福
comparably,'kɔmpərəbli,,"ad.同等地,可比较地",托福
transmitter,træns'mɪtɚ,,"n.转送者,传导物,发射机",托福
exponential,'ɛkspə'nɛnʃəl,,"n.指数 a.指数的, 幂数的",托福
gesso,'dʒesəu,,"n.(雕刻、绘画用的)石膏, 石膏粉",托福
attendant,ə'tɛndənt,,n.服务员 a.伴随的,托福
capitalism,'kæpɪtəlɪzəm,,n.资本主义,托福
deference,'dɛfərəns,,"n.顺从, 尊重",托福
cumbersome,'kʌmbəsəm,,"a.笨重的,累赘的",托福
weft,wɛft,,"n.[纺]织物,信号旗",托福
dire,'daiə,,"a.可怕的,极端的",托福
pendant,'pɛndənt,,"n.垂饰, 下垂物",托福
basketmaking,,,n.篮子编织,托福
generalist,'dʒɛnrəlɪst,,"n.多面手,通才",托福
kennel,'kɛnl,,"n.狗窝 v.置于狗窝,关进狗窝",托福
postmaster,'postmæstɚ,,n.邮局局长,托福
interestingly,'ɪntrəstɪŋlɪ,,ad.有趣地,托福
perfume,pɚ'fjum,,"n.芳香,香水 v.使发香,洒香水于",托福
concomitant,kən'kɑmətənt,,a.伴随的 n.伴随物,托福
patient,'peʃnt,,n.病人 a.耐心的,托福
reckless,'rɛkləs,,"a.不计后果的,鲁莽的",托福
rigidly,'ridʒidli,,"ad.坚硬地, 严格地",托福
renounce,rɪ'naʊns,,"v.宣布放弃,断绝关系",托福
overhang,",ovɚ'hæŋ",,"v.悬于之上,悬垂 n.屋檐",托福
observatory,əb'zɝvətɔri,,"a.天文台,气象台",托福
urbanism,"'ɝbən,ɪzəm",,"n.都市生活,都市化",托福
refrigeration,rifrɪdʒə'reʃən,,"n.冷藏, 致冷",托福
stuff,stʌf,,"n.原料,素材资料 v.塞满",托福
harshly,'ha:ʃli,,"ad.严厉地, 苛刻地",托福
chitin,'kaɪtɪn,,"n.壳质, 角素",托福
polymer,'pɑlɪmɚ,,n.聚合体,托福
Jules,dʒulz,,n.朱尔斯（男子名）,托福
reviewer,rɪ'vjuɚ,,"n.批评家,评论家",托福
triassic,traɪ'æsɪk,,a.[地]三叠纪的 n.三叠纪,托福
adjunct,'ædʒʌŋkt,,"n.附件, 助手 a.附属的",托福
glasswork,"'glæs,wərk",,n.玻璃制品 v.制成玻璃状的,托福
sate,set,,v.使心满意足,托福
flier,'flaɪɚ,,"n.飞行者,快车,宣传单",托福
deplorable,dɪ'plɔrəbl,,"a.可叹的,凄惨的",托福
instructor,ɪn'strʌktɚ,,"n.教师,指导书",托福
midday,",mɪd'de",,n.正午,托福
auto,'ɔto,,"n.自动,<美口>汽车",托福
loneliness,'lonlɪnɪs,,"n.孤独, 寂寞",托福
hopeless,ˈhoʊpləs,,"a.没有希望的,不可救药",托福
interchangeable,",ɪntɚ'tʃendʒəbl",,"a.可互换的,可交换的",托福
bizarre,bɪ'zɑr,,"a.奇异的(指态度,容貌,款式等)",托福
laundry,'lɔndri,,"n.洗衣店, 要洗的衣服",托福
definitive,dɪ'fɪnətɪv,,"a.最后的,确定的",托福
puncture,'pʌŋktʃɚ,,n.小孔 v.刺破,托福
glandular,'glændʒəlɚ,,"a.腺的,腺状的",托福
glycoside,"'glaɪkə,saɪd",,"n.[化]配醣, 配糖类",托福
interactive,",ɪntɚ'æktɪv",,"a.交互式的,相互作用的",托福
preform,pri'fɔrm,,v.预先形成 n.粗加工的成品,托福
unusable,",ʌn'juzəbl",,"a.不能用的,与众不同的",托福
inducible,in'dju:səbl,,"a.可诱导的,可导致的",托福
sepal,'sɛpl,,n.萼片,托福
snippet,'snippit,,"n.小片, 片断",托福
correlate,'kɔrəlet,,v.相互关联 a.相互关联的,托福
beetle,'biːt(ə)l,,n.甲虫,托福
glycoprotein,",glaɪkə(ʊ)'prəʊtiːn",,"n.[化]糖蛋白类, 醣蛋白",托福
cardiac,'kɑrdɪæk,,"n.强心剂 a.心脏的, (胃的)贲门的",托福
glial,'ɡlaɪə,,a.神经胶质的,托福
autonomic,",ɔtə'nɑmɪk",,"a.自治的, 自律的",托福
ending,'ɛndɪŋ,,"n.结尾, 结局",托福
preoccupation,"prɪ,ɑkju'peʃən",,"n.全神贯注,当务之急",托福
coyote,"kaɪˈoti, ˈkaɪˌot",,"n.一种产于北美大草原的小狼, 山狗",托福
endowment,ɪn'daʊmənt,,"n.捐赠,天资,捐款",托福
puddle,'pʌdl,,"n.水坑, 泥潭 v.搅浊,搅泥泞",托福
flare,flɛr,,"n.闪光, 闪耀 v.闪光,闪耀",托福
proboscis,pro'bɑsɪs,,"n.鼻子,[昆] 喙",托福
crimson,'krɪmzn,,a.深红色的 v.变深红色 n.深红色,托福
exhaustion,ɪg'zɔstʃən,,"n.耗尽枯竭,疲惫,竭尽",托福
winner,'wɪnɚ,,"n.胜利者,优胜者",托福
anthropological,",ænθrəpə'lɑdʒɪkl",,"a.人类学的,人类学上的",托福
sticky,'stɪki,,"a.粘的, 粘性的",托福
structurally,'strʌktʃərəli,,ad.在结构上,托福
wholesome,'holsəm,,"a.有益的,健康的,健全的",托福
polyphony,pə'lɪf(ə)nɪ,,"n.复调音乐, 多音",托福
cornet,'kɔrnɪt,,"n.圆锥形纸袋, 短号",托福
maize,mez,,"n.玉米, 黄色 a.玉米色的",托福
chivalry,'ʃɪvəlri,,"n.骑士精神, 骑士制度",托福
unadorned,'ʌnə'dɔ:nd,,"a.朴素的,未装饰的",托福
brave,brev,,a.勇敢的,托福
compatible,kəm'pætəbl,,"a.谐调的,兼容的",托福
hotelkeeper,"ho'tɛl,kipɚ",,n.旅馆经营者,托福
inn,ɪn,,n.(尤指乡村或公路边的) 旅馆 vi.住旅馆,托福
multitude,"ˈmʌltɪˌtud, -ˌtjud",,"n.多数, 群众",托福
paraphrase,ˈpærəfreɪz,,v.解释 n.释义,托福
unselfish,ʌn'sɛlfɪʃ,,"a.无私的,慷慨的",托福
disco,'dɪsko,,n.迪斯科舞厅,托福
nonself,'nɔn'self,,n.(有机体的)异物,托福
ragtime,'ræɡtaɪm,,n.拉格泰姆音乐 a.使人发笑的,托福
unrestricted,",ʌnrɪ'strɪktɪd",,"a.自由的,无限制的",托福
quasar,'kwezɑr,,"n.恒星状球体, 类星体",托福
concertina,",kɑnsɚ'tinə",,n.类似风琴的六角形的乐器,托福
bedroom,'bɛdrum,,n.卧室,托福
quill,kwɪl,,"n.羽茎,大翎毛 vt.刺穿",托福
bolster,'bolstɚ,,n.垫子 v.支持,托福
halt,hɔlt,,"n.停止,暂停 v.停止,使立定",托福
exhale,ɛks'hel,,"v.呼气,发出",托福
angstrom,'æŋstrəm,,n.[物理]埃(长度单位),托福
microscopy,maɪ'krɑskəpi,,"n.显微镜检查,显微镜使用",托福
narcotic,nɑr'kɑtɪk,,"n.麻醉药,镇静剂 a.麻醉的",托福
narcosis,nɑː'kəʊsɪs,,"n.昏迷状态, 麻醉",托福
complication,",kɑmplɪ'keʃən",,"n.复杂化, (使复杂的)因素",托福
embolism,"'ɛmbə,lɪzəm",,"n.加闰日, 栓塞",托福
rupture,'rʌptʃɚ,,"v.破裂,裂开 n.破裂, 决裂",托福
abrasion,ə'breʒən,,n.磨损,托福
proportionally,prəu'pɔ:ʃənəli,,"ad.成比例地,相称地",托福
virgo,'və:ɡəu,,"n.室女宫,室女(星)座",托福
freighter,'fretɚ,,"n.货船,承运人",托福
thinly,'θinli,,"ad.稀疏地,瘦",托福
morality,məˈræləti,,"n.道德,品行",托福
Andromeda,æn'drɑmədə,,"n.埃塞俄比亚的公主, 仙女座",托福
yardstick,'jɑrd'stɪk,,"n.<美> 码尺, 准绳",托福
exalt,ɪɡ'zɔlt,,v.晋升,托福
monoxide,"mɔ'nɔksaid, mə-",,n.一氧化物,托福
comply,kəm'plaɪ,,"v.顺从,答应",托福
owe,o,,"v.欠(债等),感激",托福
ingot,'ɪŋgət,,"n.[冶]锭铁, 工业纯铁",托福
premature,",primə'tʃʊr",,"a.未成熟的,早熟的",托福
grievance,'grivəns,,"n.委屈, 冤情, 不平",托福
conjectural,kən'dʒɛktʃərəl,,"a.推测的,好推测的",托福
knot,nɑt,,n.(绳等的)结 v.打结,托福
notch,nɑtʃ,,"n.槽口,刻痕 v.刻凹痕",托福
oystercatcher,'ɔɪstɚkætʃɚ,,n.〈动〉蛎鹬,托福
shorebird,,,"n.岸禽类鸟,沙禽",托福
photogrammetry,",fotə'ɡræmɪtri",,n.照相测量法,托福
mandible,'mændɪbl,,"n.下颚, 下颚骨",托福
attire,ə'taiə,,n.服装 v.打扮,托福
corrosion,kə'roʒən,,"n.侵蚀,腐蚀状态",托福
upright,'ʌpraɪt,,"a.正直的 n.垂直, 竖立",托福
unravel,ʌn'rævl,,"v.拆开,拆开",托福
glassmaking,"'ɡlɑ:s,meikiŋ, 'ɡlæs-",,n.玻璃(或玻璃器皿等)制造(术),托福
Katherine,'kæθərin,,n.凯瑟琳（女子名）,托福
malleability,",mæliə'biliti",,"n.有延展性, 柔韧性",托福
deft,deft,,"a.敏捷熟练的, 灵巧的",托福
robust,ro'bʌst,,a.精力充沛的,托福
baedeker,'beidikə,,"n.旅行指南, 入门手册",托福
sword,sɔːrd,,n.剑,托福
microfossil,",maikrəu'fɔsəl",,"n.微体化石,微化石",托福
entomb,ɪn'tum,,"v.埋葬, 成为的坟墓",托福
burgher,'bɝɡɚ,,"n.公民, 市民",托福
puffin,'pʌfɪn,,n.[鸟]角嘴海雀,托福
insoluble,ɪn'sɑljəbl,,"a.不能溶解的, 不能解决的",托福
reliability,"rɪ,laɪə'bɪləti",,n.可靠性,托福
unemployed,",ʌnɪm'plɔɪd",,"a.失业的, 未被利用的",托福
immobility,"i,məu'biləti",,"n.牢固,不动",托福
preside,prɪ'zaɪd,,"v.主持,管理",托福
spacious,'speʃəs,,"a.广大的,大规模的",托福
hydrographic,",haidrəu'ɡræfik",,"a.水道测量数的,水道学的",托福
portraiture,'pɔrtrətʃɚ,,n.肖像画法,托福
talented,'tæləntɪd,,a.有才能的,托福
homework,'hom'wɝk,,"n.家庭作业, 副业",托福
filmmaker,"'fɪlm,meɪkə",,n.电影摄制者,托福
understate,'ʌndɚ'stet,,"v.打着折扣说,有意轻描淡写",托福
narrate,næret,,"v.叙述,作解说",托福
lean,lin,,"n.倾斜,倚靠 v.依靠,倾斜 a.贫乏的",托福
consort,"'kɑn,sɔrt",,"v.结交,符合 n.配偶",托福
gannet,'ɡænɪt,,n.塘鹅,托福
underwing,'ʌndəwiŋ,,"n.后翅, 后翅色彩瑰丽的蛾",托福
exorbitant,ɪɡ'zɔrbɪtənt,,"a.（要价等）过高的,（性格等）过分的",托福
gondwanaland,ɡɔnd'wɑ:nəlænd,,n.[地]冈瓦纳大陆,托福
gunpowder,'ɡʌnpaʊdɚ,,"n.黑色火药, 有烟火药",托福
herring,'hɛrɪŋ,,"n.青鱼, 鲱",托福
earner,'ɝnɚ,,n.赚钱的人,托福
angular,'æŋɡjəlɚ,,"a.[生物] 有角的,生硬的,笨拙的",托福
wren,rɛn,,n.[动] 鹪鹩,托福
weary,'wɪri,,"a.疲倦的,厌倦的 v.疲倦,厌倦",托福
kinglet,'kɪŋlɪt,,"n.<贬>懦弱的国王,小国君主",托福
uniformity,",jʊnə'fɔrməti",,"n.一致,均匀",托福
screw,skru,,"n.螺丝钉,螺旋 v.调节,旋",托福
priestess,'pri:stis,,"n.女祭司, (基督教会以外的)神职人员",托福
neoclassical,",nio'klæsɪkl",,a.新古典主义的,托福
thousandfold,'θaʊznd'fold,,ad.千倍地 a.千倍的,托福
enjoyment,ɪn'dʒɔɪmənt,,"n.享乐, 快乐",托福
forester,'fɔrɪstɚ,,"n.林务官, 森林人",托福
spoilage,'spɔɪlɪdʒ,,n.损坏,托福
nonthreatening,,,a.非胁迫的,托福
solder,'sɑdɚ,,n.焊料 v.焊接,托福
tumble,'tʌmbl,,"n.跌倒,翻斤斗 v.翻倒, 摔倒",托福
harshness,'ha:ʃnis,,"n.粗糙的事物, 严肃, 刺耳",托福
collagen,'kɑlədʒən,,n.胶原质,托福
surgeon,'sɝdʒən,,n.外科医生,托福
idle,'aɪdl,,"a.空闲的,懒惰的 v.虚度, 闲散",托福
sumptuous,'sʌmptʃuəs,,"a.奢侈的,华丽的",托福
synchrotron,"'siŋkrəutrɔn, 'sin-",,n.同步加速器,托福
landlord,'lændlɔrd,,"n.房东,地主",托福
familiarity,"fə,mɪlɪ'ærəti",,"n.熟悉,通晓,精通",托福
stringent,'strɪndʒənt,,"a.严厉的,迫切的",托福
signature,'sɪgnətʃɚ,,"n.签名,信号",托福
cabinetmaker,'kæbɪnətmekɚ,,"n.家具师,细工木匠",托福
chord,kɔrd,,"n.弦,和音",托福
supervisory,"'sju:pə,vaizəri",,a.监督的,托福
resentment,rɪ'zɛntmənt,,"n.怨恨,愤恨",托福
purposely,'pɝpəsli,,"ad.故意地,蓄意地",托福
irresponsibly,",iri'spɔnsəbli",,"ad.不负责任地,不可靠地",托福
quench,kwɛntʃ,,"v.结束,熄灭",托福
grapple,'græpl,,"v.格斗,抓住 n.格斗",托福
haunt,hɔnt,,v.出没于,托福
revealingly,ri'vi:liŋli,,"ad.启发人地,袒胸露肩地",托福
obedience,ə'bidjəns,,"n.服众, 顺从",托福
rearrange,",riə'rendʒ",,"v.再排列,重新整理",托福
roar,rɔr,,"n.吼叫, 怒号 v.滚动,咆哮",托福
armory,'ɑrməri,,"n.兵工厂,军械库",托福
tuck,tʌk,,"n.缝摺, 活力 v.卷起,大口的吃",托福
slippery,'slɪpəri,,"a.滑的,光滑的",托福
courtship,'kɔ:tʃip,,"n.求爱, 求爱时期",托福
sleek,slik,,"a.圆滑的,使…光滑",托福
corselet,'kɔrslɪt,,"n.盔甲,胸衣",托福
keel,kil,,"n.龙骨(船的脊骨),平底船 v.装以龙骨,倾覆",托福
needle,'nidl,,"n.针 v.缝纫,刺激",托福
secrecy,'sikrəsi,,"n.秘密,保密",托福
lira,'lɪrə,,n.里拉（意大利货币单位）,托福
livelihood,'laɪvlɪhʊd,,"n.生计,谋生",托福
impediment,ɪm'pɛdɪmənt,,"n.妨碍,口吃, 障碍物",托福
bow,baʊ,,"n.弓,弓形 v.鞠躬,弯腰",托福
nurture,'nɝtʃɚ,,"n.养育,教育 v.养育,给与营养物",托福
silhouette,",sɪlu'ɛt",,"n.侧面影象,轮廓 v.使…照出影子来",托福
inward,'ɪnwɚd,,"ad.向内,在内 a.向内的,内在的",托福
misinterpret,'mɪsɪn'tɝprɪt,,v.曲解,托福
marketable,'mɑrkɪtəbl,,"a.市场的,可销售的",托福
mudstone,"'mʌd,ston",,n.[地]泥岩,托福
carcass,'kɑrkəs,,n.(屠宰后)畜体,托福
subdivide,'sʌbdɪvaɪd,,"v.再分, 细分",托福
meteoritic,",mi:tiə'ritik",,"a.陨星的,陨石的",托福
offshoot,'ɔfʃut,,"n.分支, 支流",托福
inborn,",ɪn'bɔrn",,"a.天生的,生来的",托福
stereotypical,",steriə'tipikl",,"a.老一套的,陈规的",托福
manipulation,"mə,nɪpjʊ'leʃən",,"n.处理,操纵",托福
lifelike,'laɪf'laɪk,,"a.栩栩如生的,逼真的",托福
bipedal,baɪ'pɛdəl,,"a.两足动物的,两足的",托福
antiquate,"'æntə,kwet",,"a.旧式的,过时的",托福
chondritic,kɔn'dritik,,a.球粒状陨石的,托福
replicate,'rɛplɪket,,v.复制 a.复制的,托福
painful,'penfl,,"a.疼痛的,使痛苦的",托福
weldon,'weldən,,n.韦尔登（男子名）,托福
scorch,skɔrtʃ,,"v.烧焦,枯萎 n.烧焦,枯黄",托福
stonework,'ston'wɝk,,"n.石雕工艺, 做石工的场所",托福
shipwreck,'ʃɪprɛk,,"n.船只失事,海难 v.使失事",托福
uncle,'ʌŋkl,,"n.伯父,叔父,援助者",托福
unanswered,ʌn'ɑnsɚd,,"a.未答复的,无反应的",托福
misfortune,'mɪs'fɔrtʃən,,"n.不幸, 灾祸",托福
greet,ɡrit,,"v.问候,向致意",托福
aggregate,'æɡrɪɡət; (for v.) æɡrɪˌɡet,,"n.合计 v.聚集, 集合",托福
journalist,'dʒɝnəlɪst,,"n.新闻记者,从事新闻杂志业的人",托福
mantel,mæntl,,n.壁炉架,托福
desalination,",di,sælɪ'neʃən",,"n.减少盐分, 脱盐作用",托福
slit,slɪt,,"v.撕裂 n.裂缝, 狭长切口",托福
hydraulic,haɪ'drɔlɪk,,"a.水力的,水压的",托福
reappear,",riə'pɪr",,v.再出现,托福
carton,'kɑrtn,,"n.硬纸盒, 纸板箱",托福
wan,wɑn,,"a.苍白的,病态的 v.(使)变苍白",托福
elegance,'ɛləgəns,,"n.高雅,典雅",托福
horsepower,'hɔrs'paʊɚ,,n.马力,托福
quiver,'kwɪvɚ,,"n.震动,颤抖 v.颤抖,射中",托福
airport,'ɛr'pɔrt,,"n.机场,航空站",托福
eternal,ɪ'tɝnl,,"a.永恒的,永远的",托福
duchenne,du:'ʃen,,n.杜氏营养不良症,托福
reopen,",ri'opən",,"v.重开,再开始",托福
immutable,ɪ'mjutəbl,,"a.不变的,不可变的",托福
pave,pev,,"v.铺,安排",托福
permeability,",pɝmɪə'bɪləti",,n.渗透性,托福
afterwards,'æftɚwɚdz,,"ad.然后, 后来地",托福
consolidation,"kən,sɑlə'deʃən",,"n.巩固, 合并",托福
waterfowl,'wɔtɚfaʊl,,"n.水鸟, 水禽",托福
efficacious,",efi'keiʃəs",,"a.有效的,灵验的",托福
permeable,'pɝmɪəbl,,"a.有浸透性的, 能透过的",托福
fanwise,'fænwaiz,,ad& a.呈扇形展开的,托福
riverbed,"'rɪvɚ,bɛd",,n.河床,托福
destine,'dɛstɪn,,"v.注定, 预定",托福
expertly,'ɛkspɚtli,,ad.熟练地,托福
stipulate,'stɪpjulet,,"v.规定, 保证",托福
sandbar,'sændbɑr,,n.沙洲,托福
contingent,kən'tɪndʒənt,,"a.可能发生的, 附随的 n.偶然的事情",托福
congenial,kən'dʒinɪəl,,"a.意气相投的,性格相似的",托福
faucet,'fɔsɪt,,"n.龙头, (连接管子的)插口",托福
alienate,'eiljəneit,,v.疏远,托福
implicit,ɪm'plɪsɪt,,"a.暗示的,盲从的",托福
preponderance,prɪ'pɑndərəns,,"n.优势,占优势",托福
imperfect,ɪm'pɝfɪkt,,"a.有缺点的,未完成的 n.未完成体",托福
homeotherm,'həumiəθə:m,,n.<主美>恒温动物,托福
envy,'ɛnvi,,"n.羡慕,嫉妒 v.羡慕,嫉妒",托福
drape,drep,,n.窗帘 v.使褶皱,托福
drip,drɪp,,n.水滴 v.(使)滴下,托福
jewel,'dʒuəl,,n.宝石,托福
practicality,'præktɪ'kæləti,,"n.实用性,实际",托福
pictorial,pɪk'tɔrɪəl,,a.图示的 n.画报,托福
bland,blænd,,"a.温和的,乏味的 v.变得乏味",托福
mortal,'mɔrtl,,"n.凡人,人类 a.必死的,致命的",托福
unschooled,",ʌn'sku:ld",,"a.天生的,未受学校教育的",托福
harmless,'hɑrmləs,,a.无害的,托福
burgeon,'bɝdʒən,,n.嫩芽 v.萌芽,托福
ashcan,'æʃkæn,,"n.垃圾桶, 深水炸弹",托福
literalness,'litərəlnis,,"n.文字的,表面意义上的",托福
flyspeck,"'flaɪ,spɛk",,"n.污点,小斑 v.弄脏",托福
rennin,'renɪn,,n.高血压蛋白原酶,托福
hormonal,hɔr'monl,,"a.荷尔蒙的,激素的",托福
angiotensin,",ændʒɪo'tɛnsən",,n.[医]血管紧缩素,托福
deprivation,",dɛprɪ'veʃən",,n.剥夺,托福
aldosterone,"æl'dɑstə,ron",,"n.[生化]醛甾酮,醛固酮",托福
mandate,'mændet,,"n.(书面)命令,训令 v.委任统治",托福
henceforth,",hɛns'fɔrθ",,"ad.今后,自此以后",托福
mammalian,mæˈmeɪlɪən,,n.哺乳动物 a.哺乳动物的,托福
unfairly,ʌn'fɛəli,,"ad.不公平地,不正当地",托福
irrelevant,ɪ'rɛləvənt,,"a.不相干的,不切题的",托福
jury,'dʒʊri,,n.[律] 陪审团 a.[海]临时应急的,托福
burdensome,'bɝdnsəm,,"a.繁重的,难以承担的",托福
confederate,kən'fɛdəret,,"n.同盟者,同盟国 a.同盟的 v.(使)联盟, 联合",托福
pardon,'pɑrdn,,"v.原谅,宽恕 n.原谅",托福
convict,kən'vɪkt,,v.证明有罪 n.罪犯,托福
authorization,",ɔθərɪ'zeʃən",,"n.授权,认可",托福
gymnastic,dʒɪm'næstɪks,,"a.体操的,体育的 n.训练课程",托福
stagger,'stægɚ,,"v.蹒跚,交错 a.交错的",托福
peacetime,'pis'taɪm,,n.和平时期 a.和平时期的,托福
readjust,",riə'dʒʌst",,"v.重新调整,再调整",托福
rivalry,'raɪvlri,,"n.竞争,竞赛,敌对",托福
nobility,no'bɪləti,,"n.高贵,贵族",托福
revive,rɪ'vaɪv,,"v.苏醒, (使)复兴",托福
ponderous,'pɑndərəs,,"a.笨重的,沉闷的",托福
thresher,'θrɛʃɚ,,"n.打谷者, 打谷机, [鱼]长尾鲨",托福
utensil,jʊ'tɛnsl,,n.器具,托福
knight,naɪt,,n.(欧洲中世纪的)骑士 v.授以爵位,托福
intentional,ɪn'tɛnʃənl,,"a.故意的,策划的",托福
thrifty,'θrɪfti,,a.节约的,托福
enactment,ɪ'næktmənt,,"n.设定,制定",托福
proclaim,prə'klem,,"v.宣布,声明,显露",托福
seafood,'sifud,,"n.海产食品, 海味",托福
besiege,bɪ'sidʒ,,"v.围困,围攻",托福
unsubstantiated,",ʌnsəb'stænʃɪetɪd",,"a.未经证实的,无事实根据的",托福
unaware,",ʌnə'wɛr",,"a.不知道的, 没觉察到的",托福
semimolten,,,a.半熔的,托福
incinerate,in'sinəreit,,"v.把烧成灰,烧弃",托福
topographical,,,"a.地志的,地形学的",托福
festival,ˈfɛstəvəl,,"n.节日,喜庆日 a.节日的,快乐的",托福
canyon,'kænjən,,"n.<美>峡谷, 溪谷",托福
falconer,'fɔː(l)k(ə)nə; 'fɒlk(ə)nə,,"n.以鹰狩猎者,养鹰者",托福
lien,'liən,,"n.留置权,抵押品所产生的利息",托福
prejudice,'prɛdʒədɪs,,"n.偏见,损害 v.损害,有偏见",托福
starfish,'stɑr'fɪʃ,,n.海星,托福
extraordinarily,ɪk'strɔdɪn(ə)rəlɪ,,"ad.非常,格外地",托福
dismember,dɪs'mɛmbɚ,,"v.肢解,割断手足",托福
unquestionably,ʌn'kwɛstʃənəbli,,"ad.无可非议地,确凿地",托福
phylum,'faɪləm,,"n.(生物分类学上的)门, 语群",托福
spinet,ˈspɪnɪt,,"n.古时的小型竖琴, 小型立式钢琴",托福
avail,ə'vel,,"v.有益于,有帮助 n.效用, 利益",托福
supremacy,su'prɛməsi,,"n.地位最高的人,至高,霸权",托福
rumor,'rʊmɚ,,"n.流言,谣言 v.谣传, 传闻",托福
passageway,"'pæsɪdʒ,we",,"n.过道,出入口",托福
Gothic,'ɡɔθik,,"n.哥特式 a.哥特式的,野蛮的",托福
bluff,blʌf,,"n.断崖,诈骗 a.绝壁的 v.诈骗",托福
versatility,",vɝsə'tɪləti",,n.多功能性,托福
tonal,'tonl,,a.音调的,托福
pedal,'pɛdl,,n.踏板 v.踩的踏板,托福
inconvenient,",ɪnkən'vinɪənt",,"a.不便的,打扰的",托福
contributor,kən'trɪbjətɚ,,"n.贡献者,捐助者",托福
overcultivation,,,n.耕种过度,托福
penetration,",pɛnɪ'treʃən",,"n.穿过, 渗透, 突破",托福
subtract,səb'trækt,,"v.(～ from)减去, 减",托福
hearth,hɑrθ,,"n.壁炉地面, 家庭（生活）",托福
saguaro,sə'ɡwɑro,,n.仙人掌之一种,托福
transcend,træn'sɛnd,,"v.超越, 胜过",托福
taproot,'tæpruːt,,"n.[植]主根, 直根",托福
firing,'faɪərɪŋ,,"n.开火, 生火 v.开火,烧制",托福
distributor,dɪ'strɪbjətɚ,,"n.发行人,经销商",托福
signify,'sɪɡnɪfaɪ,,"v.颇为重要, 意味",托福
heed,hid,,"n.注意,留意 v.注意,留意",托福
seminar,'sɛmɪnɑr,,"n.研究会,讨论发表会",托福
flavor,'flevɚ,,"n.情味, 风味 v.加味于",托福
dissatisfy,"dɪs'sætɪs,fai",,"v.使感觉不满, 不满足",托福
adequacy,'ædəkwəsi,,"n.适当, 足够",托福
uninteresting,ʌn'ɪntrəstɪŋ,,a.无趣味的，乏味的,托福
minstrel,'mɪnstrəl,,n.吟游诗人(或歌手),托福
irreversible,",ɪrɪ'vɝsəbl",,"a.不可逆的,不能取消的",托福
commend,kə'mɛnd,,"v.称赞, 表扬, 推荐",托福
ling,lɪŋ,,"n.鳕鱼, 石南之一种",托福
phosphate,'fɑsfet,,n.磷酸盐,托福
apiece,ə'pis,,"ad.每个, 每人, 各",托福
walker,'wɔkɚ,,"n.徒步者, 参加竞走者",托福
distinctly,dɪ'stɪŋktli,,"ad.清楚地, 显然",托福
deteriorate,dɪ'tɪrɪəret,,v.(使)恶化,托福
taut,tɔt,,"a.(绳子)拉紧的,紧张的 vt.使纠缠",托福
spur,spɝ,,"n.踢马剌 v.鞭策, 刺激",托福
stretcher,'strɛtʃɚ,,"n.担架, 延伸器",托福
hoof,huf,,n.蹄 v踢,托福
discolor,dɪs'kʌlɚ,,"v.使脱色, (使)变色,(使)退色",托福
foreleg,'fɔrlɛɡ,,n.前肢(指四肢或多肢动物的)前脚,托福
buckskin,'bʌkskɪn,,"n.鹿皮裤, 鹿皮",托福
fortify,'fɔrtɪfaɪ,,"v.增强(体力,结构等) v.筑防御工事",托福
suspender,sə'spɛndɚ,,"n.吊裤带, 悬挂物, 吊杆, 袜吊",托福
buckle,'bʌk(ə)l,,"n.带扣 v扣住, 变弯曲",托福
chafe,tʃef,,"v.(将皮肤等)擦热, 使恼火",托福
tourniquet,'tɝnəkət,,"n.止血带, 压脉器",托福
bandanna,bæn'dænə,,n.大手帕,托福
charm,tʃɑrm,,"n.吸引力, 魅力 v.迷人, 使陶醉",托福
vestigial,vɛ'stɪdʒɪəl,,"a.退化的,发育不全的",托福
harem,'hærəm,,"n.（伊斯兰教教徒之）闺房, 为一个雄性动物所控制的许多雌性动物",托福
nonfunctional,,,a.不运行的,托福
everest,ˈɛvərɪst,,n.珠穆朗玛峰(世界最高峰),托福
trench,trɛntʃ,,"n.沟渠, 堑壕 v.掘沟, 挖战壕",托福
Monroe,mən'rəu,,n.门罗(m),托福
concede,kən'sid,,"v.勉强, 承认, 退让 vi让步",托福
jawbone,'dʒɔbon,,"n.颚骨, 下颚骨, 信用 v赊买",托福
selective,sɪ'lɛktɪv,,"a.选择的, 选择性的",托福
Iraq,ɪ'rɑk,,n.伊拉克共和国,托福
grande,'ɡrændə; 'ɡrɑŋdi,,a.重大的，显要的,托福
facelift,'feslɪft,,n.整容手术（除去面部皱纹）,托福
donation,do'neʃən,,"n.捐赠品, 捐款, 贡献",托福
massif,mæ'sif,,n.山丘,托福
atlas,,,"n.地图, 地图集",托福
wireless,'waɪərləs,,a.无线的 n.无线,托福
sterilize,'stɛrəlaɪz,,"v.杀菌, 消毒, 使成不毛",托福
reenter,ri'ɛntɚ,,"n.重进入, 再加入 v.重返",托福
retard,'rɪtɑrd,,"v.延迟, 妨碍 n.延迟",托福
logic,'lɑdʒɪk,,"n.逻辑, 逻辑学 a.逻辑的",托福
rot,rɑt,,"v.(使)腐烂, (使)腐败 n腐烂, 腐败",托福
satisfaction,",sætɪs'fækʃən",,"n.满意, 满足, 令人满意的事物",托福
rapport,ræ'pɔr,,"n.和谐, 亲善",托福
elevate,'ɛlɪvet,,"v.举起, 提升的职位",托福
gripe,ɡraɪp,,"n.紧握, 柄 v.握紧",托福
gossip,'ɡɑsɪp,,"n.闲话, 闲谈",托福
attendance,ə'tɛndəns,,"n.出席, 出席的人数",托福
socialization,",soʃələ'zeʃən",,"n.社会化, 社会主义化",托福
Irish,ˈaɪrɪʃ,,"n&a.爱尔兰人(的),爱尔兰语（的）",托福
eyewitness,'aɪwɪtnəs,,"n.目击者, 见证人",托福
conglomerate,kən'ɡlɑːmərət,,v.聚结 n.企业集团,托福
gang,ɡæŋ,,"n.(一)伙, (一)群",托福
entail,ɪn'tel,,"v.使必需, 使蒙受 n.[建]限定继承权",托福
punch,pʌn(t)ʃ,,"v.冲孔, 打孔",托福
railhead,'relhɛd,,"n.铺设中的铁路末端, 终点",托福
preferential,",prɛfə'rɛnʃl",,a.优先的；选择的,托福
cerebral,sə'ribrəl,,"a.脑的, 大脑的",托福
Kenya,ˈkiːnjə,,n.肯尼亚,托福
alphabet,'ælfə'bɛt,,n.字母表,托福
cleanly,'klinli,,"ad.干净地, 清洁地",托福
quina,'kwaɪnɚ,,"n.[植]金鸡纳树皮, 奎宁",托福
unresolved,",ʌnrɪ'zɑlvd",,a.未解决的，未决定的,托福
lunch,lʌntʃ,,n.午餐,托福
exhilarate,ɪɡ'zɪləret,,"v.使高兴, 使愉快",托福
choreography,",kɔrɪ'ɑɡrəfi",,"n.舞蹈术, 舞台舞蹈",托福
teem,tim,,v.大量出现,托福
lately,'letli,,"ad.近来, 最近",托福
scarcity,'skɛrsəti,,"n.缺乏, 不足",托福
premiere,prɪ'mɪr,,v.初次公演 n.初次的演出 a.杰出的,托福
screening,'skrinɪŋ,,"n.放映 v.遮蔽,筛选",托福
exemplary,ɪɡ'zɛmpləri,,"a.典范的,惩戒性的",托福
Austrian,'ɔstriən,,"n.奥地利人 a.奥地利的, 奥地利人的",托福
watershed,'wɔtɚʃɛd,,n.分水岭,托福
periodization,",piəriədai'zeiʃən",,n.(历史等的)时期(或时代)划分,托福
homemaker,'hommekɚ,,n.主妇,托福
chronicle,'krɑnɪkl,,n.编年史 v.编入编年史,托福
substrate,'sʌbstret,,"n.（土地）底层,基础",托福
sustenance,'sʌstənəns,,"n.食物, 生计, (受)支持",托福
charitable,'tʃærətəbl,,"a.慈善事业的,慷慨的,仁慈的",托福
tremendously,trɪ'mɛndəsli,,"ad.非常地,可怕地,惊人地",托福
outlook,'aʊtlʊk,,"n.景色, 展望",托福
perceptive,pɚ'sɛptɪv,,"a.感知的,知觉的",托福
legacy,'lɛgəsi,,"n.遗赠(物), 遗产",托福
painstaking,'penztekɪŋ,,"n.辛苦 a.辛苦的, 辛勤的",托福
unsure,",ʌn'ʃʊr",,"a.没有自信的, 不确定的",托福
loess,'loɪs,,n.黄土,托福
reflectivity,",ri:flek'tiviti",,n.反射率,托福
dishabituate,",dɪshə'bɪtjʊeɪt",,"vt.使戒除(或放弃)习惯,使不习惯",托福
roughness,'rʌfnɪs,,"n.粗糙, 未加工, 粗糙程度",托福
responsiveness,rɪ'spɑnsɪvnɪs,,"n.响应能力,有同情心",托福
partition,pɑr'tɪʃən,,"v.区分, 分割 n分割, 划分",托福
electro,ɪ'lɛktro,,"n.电镀物品, 电版",托福
neutrality,nu'træləti,,"n.中立, 中性",托福
alkaline,'ælkə'laɪn,,a.碱性的，碱的,托福
ballad,'bæləd,,"n.民歌, 流行歌曲",托福
ratify,'rætɪfaɪ,,"v.批准, 认可",托福
conflate,kən'fleit,,v.合并,托福
cardboard,'kɑrdbɔrd,,n.纸板,托福
catechism,'kætəkɪzəm,,"n.问答教学法, 问答集",托福
convection,kən'vɛkʃən,,"n.传送, 对流",托福
rewrite,'riraɪt,,"v.重写, 改写",托福
counterbalance,",kaʊntɚ'bæləns",,"v.使平均, 弥补 n.平衡量, 平衡力",托福
creditor,'krɛdɪtɚ,,n.债权人,托福
regionalization,",ri:dʒənəlai'zeiʃən",,"n.分成地区, 按地区安排",托福
cany,'keini,,"a.藤的,状似手杖的",托福
telescopic,telɪ'skɒpɪk,,"a.望远镜的,[眼科] 远视的",托福
crayfish,'kre'fɪʃ,,n.小龙虾,托福
geophysical,",dʒio'fɪzɪkl",,a.地球物理学的,托福
ample,'æmpl,,"a.充足的, 丰富的",托福
synchronize,'sɪŋkrənaɪz,,v.同步,托福
fluffy,'flʌfi,,"a.绒毛似的, 蓬松的",托福
militarily,"'militərili, ,mili'tεərili",,"ad.以武力, 以军事行动",托福
precision,prɪ'sɪʒn,,"n.精确, 精密度, 精度",托福
clause,klɔz,,"n.子句, 条款",托福
enforcer,in'fɔ:sə,,"n.实施者,强制执行者",托福
ostracize,'ɑstrəsaɪz,,"v.(古希腊)贝壳放逐法, 放逐, 排斥",托福
extracurricular,",ɛkstrəkə'rɪkjəlɚ",,"a.课外的, 业余的",托福
habitual,hə'bɪtʃuəl,,"a.习惯的, 惯常的",托福
chronobiology,",krɔnəbai'ɔlədʒi",,"n.[生]时间生物学, 生物钟学",托福
thinker,'θiŋkə,,"n.思想者, 思想家, 心智",托福
songwriter,'sɔŋraɪtɚ,,n.歌曲作家，歌曲作者,托福
spotlight,'spɑtlaɪt,,n.聚光灯,托福
inducement,ɪn'dusmənt,,"n.诱因, 刺激物",托福
vogue,voɡ,,"n.、a流行（的）, 时髦（的）",托福
overgeneralize,,,v.太笼统地概括,托福
catalogue,'kætəlɔɡ,,n.目录,托福
keplerian,kep'liəriən,,"a.开普勒理论的,开普勒定律的",托福
grinder,'ɡraɪndɚ,,"n.磨工, 研磨者",托福
Galilean,",gæli'li(:)ən",,"a.伽利略的, 加利利的（位于巴基斯坦北部）",托福
align,ə'laɪn,,v.排列，使结盟,托福
diffusely,di'fju:zli,,"ad.广泛地,扩散地",托福
caucasian,kɔˈkeʒən,,"n.高加索人 a.高加索的, 白种人的",托福
Korean,kə'riən,,"n.韩国人, 韩国语 a朝鲜人的, 朝鲜语的",托福
crescent,'krɛsnt,,"n.新月, 月牙",托福
dodge,dɑdʒ,,"v./n避开, 躲避",托福
surrender,sə'rɛndɚ,,"v&n.放弃, 投降",托福
preach,pritʃ,,v.鼓吹,托福
impatient,ɪm'peʃnt,,"a.焦躁的,不耐心的",托福
gospel,'ɡɑspl,,n.〈圣经·新约〉福音书,托福
thirst,θɝst,,"n.口渴,热望 v.渴望",托福
ductless,'dʌktlis,,a.无导管的,托福
ridicule,'rɪdɪ'kjʊl,,"n.嘲笑, 奚落 v.嘲笑",托福
admiration,",ædmə'reʃən",,"n.钦佩, 赞美, 羡慕",托福
garland,'gɑrlənd,,n.花环 vt戴花环,托福
recreate,",rikrɪ'et",,"v.(使)得到休养, (使)得到娱乐",托福
uncritical,",ʌn'krɪtɪkl",,"a.无批判力的,不加批判的",托福
resonator,'rɛzə'netɚ,,n.共鸣器,托福
Jewett,'dʒu:it,,n.朱厄特（姓氏）,托福
chaotic,ke'ɑtɪk,,"a.混乱的, 无秩序的",托福
fen,fɛn,,"n.沼泽, 沼池",托福
toss,tɔs,,"v.投, 掷",托福
glance,ɡlæns,,"n./v一瞥,匆匆一看",托福
pretension,prɪ'tɛnʃən,,"n.借口, 要求, 自负",托福
remuneration,"rɪ,mjunə'reʃən",,n.报酬,托福
expressiveness,ik'spresivnis,,"n.表现, 表示",托福
scant,skænt,,"a.缺乏的,不足的 v节省,减少",托福
pancreatic,",pæŋkrɪ'ætɪk",,"a.胰的,胰腺的",托福
pancreas,'pæŋkrɪəs,,n.[解]胰腺,托福
juice,dʒus,,"n.(水果)汁, 液",托福
celebratory,'sɛləbrətɔri,,a.快乐的,托福
digestion,daɪdʒɛstʃən,,"n.消化力, 领悟",托福
endocrinology,",ɛndokrə'nɑlədʒi",,n.内分泌学,托福
intestinal,ɪn'tɛstɪnl,,a.肠的,托福
secretin,sɪ'kriːtɪn,,n.分泌素,托福
hamlin,'hæmlin,,n.哈姆林（姓氏）,托福
crustacean,krʌ'steʃən,,a.甲壳类的 n.甲壳纲动物,托福
dragon,'dræɡən,,"n.龙, 凶暴的人",托福
consultant,kən'sʌltənt,,"n.顾问, 商议者, 咨询者",托福
lobster,'lɑbstɚ,,n.龙虾,托福
bliss,blɪs,,"n.福佑, 天赐的福 v.狂喜",托福
empress,'ɛmprəs,,"n.皇后, 女皇帝, 皇太后, 极有权力的女人",托福
pomegranate,'pɑmɪɡrænɪt,,n.[植]石榴,托福
misunderstand,",mɪsʌndɚ'stænd",,"v.误解, 误会",托福
spatter,'spætɚ,,v.溅污 n滴落,托福
refurbish,",ri'fɝbɪʃ",,"v.再磨光, 刷新",托福
mottle,'mɑtl,,"v.使有斑点 n杂色, 斑点",托福
indifferent,ɪn'dɪfrənt,,"a.漠不关心的,中性的",托福
doubtful,'daʊtfəl,,"a.可疑的, 不确的, 疑心的",托福
idealization,"ai'diəlai'zeiʃən, -li'z-",,"n.理想化, 理想化的事物",托福
fidelity,fɪ'dɛləti,,"n.忠实, 诚实, 忠诚, 保真度, (收音机, 录音设备等的)逼真度, 保真度, 重现精度",托福
appreciably,ə'pri:ʃəbli,,"ad.略微, 有一点",托福
exceedingly,ɪk'sidɪŋli,,"ad.非常,极度地",托福
immensely,i'mensli,,"ad.极大地,无限地",托福
interdependent,",ɪntɚdɪ'pɛndənt",,"a.相互依赖的,互助的",托福
understandably,",ʌndə'stændəbli",,ad.可理解地,托福
misunderstanding,",mɪsʌndɚ'stændɪŋ",,"n.误会, 误解",托福
emblem,'ɛmbləm,,"n.象征, 徽章 vt.用象征表示",托福
lyrical,'lɪrɪkl,,"a.抒情诗调的, 充满感情的",托福
module,'mɑdʒul,,"n.模数, 模块",托福
Yuan,ju:'ɑ:n,,n.元(中国货币单位),托福
victimize,'vɪktɪmaɪz,,"v.使牺牲,使受害",托福
uppermost,'ʌpɚmost,,a&ad.至上的，最高的,托福
cheater,'tʃitɚ,,"n.骗子, 欺诈者, 背叛者",托福
beggar,'bɛɡɚ,,n.乞丐,托福
siliceous,sɪ'lɪʃəs,,a.硅酸的；硅土的,托福
grassy,'ɡræsi,,"a.绿色的, 象草的",托福
ape,ep,,n.猿,托福
suburban,sə'bɝbən,,"a.郊外的, 偏远的",托福
edible,'ɛdəbl,,a.可食用的,托福
hiss,hɪs,,"v.嘶嘶作声, 用嘘声表示",托福
scramble,'skræmbl,,"n&v.混乱, 攀爬",托福
discontent,",dɪskən'tɛnt",,n.不满a不满的vt使不满,托福
tressed,trest,,a.有一绺绺长发的,托福
rib,rɪb,,n.肋骨vt戏弄,托福
bongo,'bɔŋɡəu,,"n.非洲产大羚羊, 一种用手指敲的小鼓",托福
recital,rɪ'saɪtl,,"n.朗诵, 背诵, 独奏会",托福
restaurant,ˈrɛstəˌrɑnt; ˈrɛstərənt; ˈrɛsˌtrɑnt,,"n.餐馆, 饭店",托福
nursery,'nɝsəri,,n.托儿所,托福
dizzy,'dɪzi,,a.(指人)晕眩的 v.使人晕眩的,托福
stir,stɝ,,"n.轰动, 搅动 v.搅拌,激起",托福
woodwind,'wudwind,,n.木管乐器,托福
humble,'hʌmbl,,"a.卑下的, 微贱的 v.使卑下, 挫",托福
unsuccessful,",ʌnsək'sɛsfl",,"a.不成功的,失败的",托福
seeker,'sikɚ,,"n.搜索者, 探求者",托福
unfavorably,ʌn'feivərəbli,,"ad.不利地,不适宜地",托福
spatial,'speʃl,,a.空间的,托福
symphony,'sɪmfəni,,"n.交响乐, 交响曲",托福
chronological,",krɑnə'lɑdʒɪkl",,a.按年代顺序排列的,托福
superb,/suːˈpɜːrb/,,"a.庄重的, 华丽的, 极好的",托福
pylon,'paɪlən,,"n.塔门, 路标塔",托福
acquaintance,ə'kwentəns,,"n.相识, 熟人",托福
decease,dɪ'sis,,n.死亡 v.死,托福
cult,kʌlt,,"n.祭仪, 礼拜式",托福
divine,dɪ'vaɪn,,"a.神圣的, 非凡的 n牧师 v占卜",托福
colonel,'kɝnl,,"n.陆军上校, 团长",托福
marshal,'mɑrʃəl,,"n.元帅 v整顿, 排列",托福
dilemma,dɪˈlemə,,"n.进退两难的局面, 困难的选择",托福
validity,və'lɪdəti,,"n.有效性, 合法性, 正确性",托福
Militant,'mɪlɪtənt,,a.好战的n好斗者,托福
dismiss,dɪs'mɪs,,"v.解散, 下课, 解职,",托福
superficial,",supɚ'fɪʃl",,"a.表面的, 肤浅的n浅薄的人",托福
federalist,'fɛdərəlɪst,,"n.联邦党,联邦制拥护者",托福
biographical,",baɪə'græfɪkl",,"a.传记的,传记体的",托福
magnetism,'mægnə'tɪzəm,,"n.磁, 磁力, 吸引力, 磁学",托福
sonar,'sonɑr,,"n.声纳, 声波定位仪",托福
perennial,pə'rɛnɪəl,,"a.终年的, 长期的",托福
infiltration,",ɪnfɪl'treʃən",,n.渗透,托福
breakage,'brekɪdʒ,,"n.破坏, 破损, 破损量",托福
bounce,baʊns,,"v.(使)反跳, 弹起 n(球)跳起, 弹回",托福
apace,ə'pes,,"ad.快速地, 急速地",托福
herbicide,'ɝbɪsaɪd,,n.除草剂,托福
compactness,kəm'pæktnis,,"n.紧密, 简洁",托福
pluck,plʌk,,"n.勇气v拔, 采集",托福
springboard,'sprɪŋbɔrd,,n.跳板vi利用跳板,托福
hurl,hɝl,,n.用力或猛烈的投掷v用力投掷,托福
genu,ˈdʒɛnjuː,,n.膝,托福
localization,ˌloʊkəlaɪ'zeɪʃn,,"n.地方化, 局限, 定位",托福
airborne,'ɛr'bɔrn,,"a.空运的, 空气传播的",托福
catalyst,'kætəlɪst,,n.催化剂,托福
rarity,'rɛrəti,,n.稀有,托福
fend,fend,,"v.保护, 供养",托福
beneficiary,",bɛnɪ'fɪʃɪɛri",,"n.受惠者, 受益人",托福
leaflet,'liflət,,"n.小叶, 传单",托福
genotype,"'dʒɛno,taɪp",,n.基因型,托福
affordable,ə'fɔrdəbl,,a.负担得起的,托福
myxoma,mɪk'somə,,n.[医]粘液瘤,托福
reply,rɪ'plai,,"n.答复, 答辩v答复, 回击",托福
importation,",impɔ:'teiʃən",,"n.进口, 输入品",托福
deny,dɪ'nai,,"v.否认, 拒绝",托福
intaglio,ɪn'tælɪəʊ; -'tɑːl-,,"n.凹雕, 阴雕vt凹雕",托福
elaboration,"ɪ,læbə'reʃən",,"n.苦心经营, 详尽的细节",托福
congenital,kən'dʒɛnɪtl,,"a.先天的,天生的,天赋的",托福
blockage,'blɑkɪdʒ,,"n.封锁, 妨碍",托福
photodissociation,",fotodɪ,sosi'eʃɪn",,"n.[物][化]光离解,光解 (作用)",托福
survivor,sɚ'vaɪvɚ,,"n.生还者, 残存物",托福
uninhabited,",ʌnɪn'hæbɪtɪd",,"a.无人居住的,杳无人迹的",托福
aphid,'eɪfɪd,,n.[动]蚜虫,托福
weekend,ˈwikend,,"n.周末, 周末休假 a周末的",托福
Miami,,,n.迈阿密(美国佛罗里州达东南部港市),托福
weekday,'wikde,,"n.周日, 平日",托福
paralyze,"'pærə,laɪz",,"v.使瘫痪, 使麻痹",托福
articulate,ɑr'tɪkjulet,,"a.有关节的, 发音清晰的 v用关节连接, 接合",托福
airway,'ɛrwe,,"n.空中航线, 通风孔",托福
outgassing,,,n.除气 v除气 a释气的,托福
overrun,'ovərʌn,,"n.泛滥成灾 v超过, 泛滥",托福
fever,'fivɚ,,"n.发烧, 狂热 v(使)发烧, 狂热",托福
loosen,'lusn,,"v.解开, 放松, 松开",托福
Netherland,,,n.荷兰,托福
incorrectly,",ɪnkə'rɛktli",,"ad.错误地,不适当地",托福
Athens,'æθɪnz,,n.雅典(希腊首都),托福
tollgate,"'təulɡeit, 'tɔl-",,"n.征收通行税的关卡, 关门",托福
bravely,'brevli,,ad.勇敢地,托福
unwilling,ʌn'wɪlɪŋ,,"a.不愿意的,不情愿的",托福
impressively,im'presivli,,"a.令人难忘地,  令人印象深刻地",托福
overkill,'ovɚkɪl,,n.过度的杀伤威力 v.超量杀伤,托福
Athenian,ə'θi:njən,,n./a雅典(人)(的),托福
outskirt,"'aʊt,skɝt",,"n.外边, 郊区",托福
milligram,'mɪlɪɡræm,,n.毫克,托福
supplier,sə'plaɪɚ,,"n.供应者, 补充者",托福
closeness,'klosnɪs,,"n.紧闭, 狭窄",托福
stately,'stetli,,"a.庄严的, 堂皇的",托福
infinitesimally,infini'tesiməli,,ad.极小地,托福
viability,",vaɪə'bɪləti",,n.生存能力,托福
lyric,'lɪrɪk,,"n.抒情诗, 歌词",托福
dispose,dɪ'spoz,,"v.处理,布置, 安排",托福
uranus,ˈjʊrənəs; jʊˈrenəs,,n.天王星,托福
rocket,'rɑkɪt,,n.火箭,托福
insulator,'ɪnsəletɚ,,"n.绝缘体, 绝热器",托福
keelboat,"'kil,bot",,n.一种河船,托福
manageable,'mænɪdʒəbl,,a.易处理的，易管理的,托福
metaphor,'mɛtəfɚ,,"n.隐喻, 暗喻",托福
disaffection,",dɪsə'fɛkʃən",,n.不满,托福
requisition,'rɛkwə'zɪʃən,,n.正式请求；征用,托福
reprint,",ri'prɪnt",,v.再版,托福
cheerful,'tʃɪrfl,,"a.愉快的, 高兴的",托福
entwine,ɪn'twaɪn,,"v.(使)缠住, (使)盘绕",托福
untie,ʌn'taɪ,,"v.解开,  松开",托福
impermeable,ɪm'pɝmɪəbl,,a.不能渗透的,托福
condenses,kən'densiz,,"v.浓缩,  压缩",托福
pork,pɔrk,,"n.猪肉,",托福
looseness,'lu:snis,,"n.松开, 解除",托福
anchor,'æŋkɚ,,n.锚 v抛锚,托福
governmental,",ɡʌvɚn'mɛntl",,a.政府的,托福
auction,'ɔkʃən,,n.／ vt拍卖,托福
successively,sək'sɛsɪvli,,ad.一个接一个地,托福
obey,ə'be,,"v.服从, 顺从",托福
romanize,'rəumənaiz,,"v.古罗马化, 用罗马字书写",托福
permeate,'pɝmɪet,,"v.弥漫, 渗透",托福
teacup,ˈtiˌkʌp,,n.茶杯,托福
allay,ə'le,,"v.减轻, 减少",托福
characterization,",kærəktəraɪ'zeʃən",,"n.描述, 人物之创造",托福
earthen,'ɝθn,,"a.土制的, 陶制的",托福
insistence,in'sistəns,,"n.坚持, 坚决主张",托福
whence,wɛns,,ad.从何处；从那里,托福
nonporous,'nɔn'pɔ:rəs,,a.无细孔的,托福
turnover,'tɝn'ovɚ,,"n.翻转,营业额",托福
fork,fɔrk,,"n.叉, 叉状物 vi分叉",托福
deed,did,,n.行为，事迹；契约,托福
southernmost,'sʌðɚnmost,,a.最南的,托福
landless,'lændləs,,a.无土地的，无陆地的,托福
enhancement,in'hænsmənt,,"n.增进, 增加",托福
memorize,'mɛmə'raɪz,,"v.记住, 记忆",托福
session,'sɛʃən,,"n.会议, 开庭",托福
indeterminate,'ɪndɪ'tɝmənət,,"a.不确定的, 含混的",托福
unbalance,'ʌn'bæləns,,"v.使失衡,使精神紊乱n失衡",托福
conclusively,kən'klu:sivli,,"ad.最后地, 确定地",托福
fortuitous,fɔr'tuɪtəs,,"a.偶然的, 幸运的",托福
hieroglyph,'haɪərəɡlɪf,,"n.象形文字, 图画文字",托福
admirable,'ædmərəbl,,"a.令人钦佩的,令人赞赏的",托福
democratization,"dɪ,mɑkrətɪ'zeʃən",,n.民主化,托福
peacefully,pisfəli,,"ad.平静地,  和平地",托福
upheaval,ʌp'hivl,,n.剧变,托福
inflection,ɪn'flɛkʃən,,n.变形,托福
stocking,'stɑkɪŋ,,n.长袜,托福
radiometric,",reidiəu'metrik",,"a.辐射测量的,  辐射度的",托福
balkan,'bɔ:lkən,,n&a.巴尔干半岛(的),托福
thwart,θwɔrt,,v.阻挠,托福
hieratic,'haɪə'rætɪk,,"a.僧侣的, 僧侣用的",托福
cater,'ketɚ,,"v.迎合,提供饮食及服务",托福
intonation,",ɪntə'neʃən",,"n.语调, 声调",托福
composite,kɑm'pɑzɪt,,"a.合成的, 复合的 n合成物",托福
fibrous,'faɪbrəs,,"a.含纤维的, 纤维性的",托福
pedagogic,",pɛdə'ɡɑdʒɪk",,"a.教师的, 教育学的, 教授法的",托福
floe,flo,,"n.大浮冰, 浮殡冰块",托福
bony,'boni,,"a.多骨的, 瘦骨嶙峋的",托福
synonym,ˈsɪnənɪm,,n.同义字,托福
listener,'lɪsənɚ,,"n.收听者, 听众",托福
conductivity,",kɑndʌk'tɪvəti",,"n.传导性, 传导率",托福
physiology,'fɪzɪ'ɑlədʒi,,n.生理学,托福
miocene,'maiəusi:n,,"a.中新世的, 中新统的",托福
eletricity,,,"n.电, 电学",托福
nowhere,'no'wɛr,,"ad.无处,任何地方都不",托福
depiction,dɪ'pɪkʃən,,"n.描写, 叙述",托福
gun,ɡʌn,,"n.炮, 枪,",托福
groom,ɡrum,,v.刷洗 n新郎；马夫,托福
unfair,'ʌn'fɛr,,a.不公平的,托福
prickly,'prikli,,a.多刺的,托福
recurrent,rɪ'kɝənt,,"a.再发生的, 周期性的",托福
pear,pɛr,,"n.梨子, 梨树",托福
monoid,'mɔnɔid,,n.独异点,托福
affront,ə'frʌnt,,v.侮辱，冒犯,托福
deflect,dɪ'flɛkt,,"v.(使)偏斜, (使)偏转",托福
harper,'hɑ:pə,,"n.弹竖琴者, 竖琴师",托福
discernible,dɪ'zɝnəbl,,a.可辨别的,托福
selfish,'sɛlfɪʃ,,a.自私的,托福
Maine,mein,,n.缅因州(美国东北角的州),托福
watery,'wɑtəri,,"a.(似)水的, 潮湿的",托福
fad,fæd,,"n.时尚, 一时流行的狂热",托福
secretary,'sɛkrətɛrɪ,,"n.秘书, 部长",托福
shy,ʃaɪ,,"a.怕羞的, 畏缩的",托福
catchment,'kætʃmənt,,"n.排水,集水",托福
underscore,",ʌndɚ'skɔr",,v.画底线,托福
tambourine,",tæmbə'rin",,n.小手鼓,托福
fluidity,flʊ'ɪdəti,,"n.流动性,变移性",托福
ongoing,'ɑnɡoɪŋ,,a.正在进行的,托福
unhindered,ʌn'hɪndɚd,,"a.无阻的, 不受阻碍的",托福
fleet,flit,,"n.舰队 v疾驰,掠过",托福
almanac,'ɔlmənæk,,"n.历书, 年鉴",托福
breathtaking,'brɛθtekɪŋ,,"a.令人赞叹的,  壮观的",托福
coniferous,ko'nɪfərəs,,"a.松类的,  结球果的",托福
loyalist,'lɔɪəlɪst,,"n.忠诚的人, 反对独立者",托福
pray,pre,,"v.祈祷, 恳求",托福
incoming,'ɪnkʌmɪŋ,,a.引入的,托福
unpredictably,ˌʌnprɪˈdɪktəblɪ,,"ad.不可预见地,  不能预料地",托福
scraping,'skrepɪŋ,,v&n.刮，擦,托福
reorganize,rɪ'ɔrgə'naɪz,,"v.改组, 整顿",托福
Turkic,'tə:kik,,"n.土耳其语(的), 土耳其语系者(的)",托福
immature,",ɪmə'tʃʊr",,"a.不成熟的, 未完全发展的",托福
accuracy,'ækjərəsi,,"n.精确性, 正确度",托福
momentarily,",momən'tɛrəli",,"ad.暂时地, 立刻地",托福
overconfident,əʊvə'kɒnfɪd(ə)nt,,"a.自负的, 过于自信的",托福
expansionist,ɪk'spænʃənɪst,,n&a.扩张主义(的),托福
bother,'bɑðɚ,,"v&n.烦扰, 打扰 v",托福
boss,bɑs,,"n.老板, 上司 vt指挥",托福
crowbar,'krobɑr,,"n.撬棍, 铁橇",托福
interdependence,",ɪntɚdɪ'pɛndəns",,n.互相依赖,托福
magnitude,'mæɡnɪtud,,"n.大小, 数量,量级",托福
broaden,'brɔdn,,"v.放宽, 变宽, 扩大, 加宽",托福
till,tɪl,,"prep.直到, 在以前",托福
inappropriate,'ɪnə'proprɪət,,"a.不适当的, 不合宜的",托福
jar,dʒɑr,,n.罐子 v刺激，震动,托福
residue,'rɛzɪdu,,"n.残渣, 剩余物",托福
enterprising,'ɛntɚpraɪzɪŋ,,"a.有事业心的, 有进取心的",托福
moisten,'mɔɪsn,,v.弄湿 vi变潮湿,托福
medicinal,mɪ'dɪsənəl,,a.药物的，治疗的,托福
tribespeople,'traɪbzpipl,,[复]n.部落(或宗族等)成员,托福
unattractive,",ʌnə'træktɪv",,"a.无魅力的, 无吸引力的",托福
tug,tʌɡ,,"n&v.用力拉, 拖船",托福
envelope,'envələʊp; 'ɒn-,,"n.信封, 封套",托福
crucible,'krʊsəbl,,"n.坩锅, 严酷的考验",托福
misty,'mɪsti,,a.有薄雾的,托福
unbreakable,ʌn'brekəbl,,"a.不易破碎的, 牢不可破的",托福
thumb,θʌm,,n.拇指,托福
intermittently,intə'mitəntli,,ad.间歇地,托福
flotation,flo'teʃən,,n.浮选,托福
healthful,'hɛlθfl,,a.有益健康的,托福
mesh,mɛʃ,,n.网，筛孔,托福
hydration,haɪ'dreʃən,,n.水合作用,托福
leafcutter,,,n.[昆]南美切叶蚁,托福
zagros,'zægrəs,,n.扎格罗斯山脉[伊朗西南部],托福
Arabian,ə'rebiən,,n.阿拉伯人 a阿拉伯(人)的,托福
bypass,'baɪpæs,,"v.绕开, 忽视 n旁道",托福
segregate,'sɛɡrɪɡet,,v.隔离,托福
willingness,ˈwɪlɪŋnɪs,,"n.乐意, 愿意",托福
marketplace,'mɑrkɪtples,,"n.集会场所, 市场",托福
revenue,'rɛvənu,,"n.收入,税收",托福
unconsciously,ʌn'kɑnʃəsli,,ad.无意识地；不觉察地,托福
forebear,'fɔrbɛr,,"n.祖先, 祖宗",托福
snail,snel,,n.蜗牛,托福
topography,tə'pɑgrəfi,,n.地形学,托福
clergyman,'klɝdʒɪmən,,"n.牧师, 教士",托福
perm,pɝm,,v./n电烫（头发）,托福
Haiti,'heiti,,n.海地,托福
fatigue,fə'tig,,n.疲劳，劳累 v(使)疲劳,托福
wreck,rɛk,,v.毁坏；使遇难 n失事(船等)，残骸,托福
disintegrate,dɪs'ɪntɪɡret,,v.分裂成小片，瓦解,托福
moody,'mudi,,"a.易怒的, 情绪化的",托福
faithful,'feθfəl,,"a.守信的, 忠实的",托福
awesome,'ɔsəm,,"a.可怕的, 表示敬畏的",托福
kink,kɪŋk,,"n.结 v纠结,纽绞",托福
hydroelectric,",haɪdroɪ'lɛktrɪk",,a.水力电气的,托福
favorably,'feivərəbli,,"ad.赞同地, 亲切地",托福
proud,praʊd,,"a.自豪的, 得意的",托福
unemployment,",ʌnɪm'plɔɪmənt",,"n.失业, 失业人数",托福
preferably,'prɛfərəbli,,"ad.更好地,宁愿",托福
driveway,'draɪvwe,,n.车道,托福
spacecraft,'speskræft,,n.太空船,托福
hermit,'hɝmɪt,,"n.隐士, 隐居者",托福
hurry,'hɝrɪ,,"v.赶紧,匆忙",托福
grab,ɡræb,,"v.抢夺, 攫取",托福
pathway,'pæθwe,,"n.路, 径",托福
guideline,'ɡaɪdlaɪn,,n.方针,托福
November,no'vɛmbɚ,,n.十一月(略作Nov),托福
lvory,,,n.象牙,托福
deluge,'dɛljʊdʒ,,"n.洪水, 豪雨",托福
minutely,maɪ'njutlɪ,,"a.每分钟的,持续的",托福
landlocked,'lændlɑkt,,"a.陆地包围的, 内陆水域的",托福
rape,rep,,"n&v.掠夺, 强奸",托福
monolithic,",mɑnə'lɪθɪk",,"n.单片电路, 单块集成电路",托福
cohesiveness,ko'hisɪvnɪs,,"n.粘合, 凝聚性",托福
peculiarly,pɪ'kjʊljɚli,,"ad.古怪地,  特有地",托福
cruise,krʊz,,"vi&n.巡游, 漫游",托福
oceanographic,",əuʃiənəu'ɡræfik",,a.海洋学的,托福
vicious,'vɪʃəs,,a.恶毒的，凶残的,托福
turnip,'tɝnɪp,,n.[植]芜箐(甘蓝),托福
deck,dɛk,,"n.甲板, 舰板",托福
congestion,kən'dʒɛstʃən,,"n.拥塞, 充血",托福
engender,ɪn'dʒɛndɚ,,v.造成,托福
workplace,'wɝkples,,n.工作场所,托福
meticulous,mə'tɪkjələs,,"a.一丝不苟的, 缜密的",托福
fluent,'fluənt,,"a.流利的, 流畅的",托福
impermanence,"im'pə:mənəns,-nənsi",,"n.暂时, 无常",托福
impenetrable,ɪm'pɛnɪtrəbl,,"a.不能穿过的, 不可理喻的",托福
expendable,ɪk'spɛndəbl,,"n.消耗品, 可牺牲的",托福
undeniable,'ʌndɪ'naɪəbl,,"a.不可否认的, 无可辩驳的",托福
conqueror,'kɑŋkərɚ,,"n.征服者, 胜利者",托福
incur,ɪn'kɝ,,v.招致,托福
backbreaking,"'bæk,breikiŋ",,"a.非常辛苦的,极累人的",托福
commercialize,kə'mɝʃlaɪz,,v.使商业化,托福
landsman,'lændzmən,,"n.同胞,同乡",托福
albedo,æl'bido,,n.[天文](星体)反照率,托福
verbalizable,ˈvə:bəlaizəbl,,a.可用言辞表达的,托福
incompatibility,"'ɪnkəm,pætə'bɪləti",,"n.不两立, 不相容",托福
gist,dʒɪst,,"n.要点, 要旨",托福
doll,dɑl,,"n.洋娃娃, 玩偶",托福
forefront,'fɔrfrʌnt,,"n.最前部, 最前线",托福
classicism,'klæsɪsɪzəm,,"n.古典主义,古典风格",托福
foresight,'fɔrsaɪt,,"n.远见, 深谋远虑",托福
infertile,ɪn'fɝtl,,"a.贫瘠的, 不能生育的",托福
horticultural,",hɔrtɪ'kʌltʃərəl",,a.园艺的,托福
parcel,'pɑrsl,,"n.包裹 vt打包, 捆扎",托福
hospitalize,'hɑspɪtə'laɪz,,"v.就医,  使住院",托福
scanty,'skænti,,"a.缺乏的,不足的",托福
verbally,'vɝbli,,"ad.用言辞地, 口头地",托福
juicy,'dʒusi,,a.多汁(液)的,托福
trim,trɪm,,vt&n.修剪,托福
physiologically,",fiziə'lɔdʒikəli",,"ad.生理上, 在生理学上",托福
viewpoint,'vjupɔɪnt,,n.观点,托福
chipmunk,'tʃɪpmʌŋk,,n.[动] 花栗鼠,托福
birthday,'bɝθde,,n.生日,托福
jay,dʒe,,n.松鸡；鸟,托福
kernel,'kɝnl,,n.果仁，核心,托福
wine,waɪn,,n.(葡萄)酒,托福
incline,ɪn'klaɪn,,v.(使)倾斜；倾向于， n斜面,托福
stereotype,'stɛrɪətaɪp,,n.老套，固定模式,托福
magnet,'mægnɪt,,"n.磁体, 磁铁",托福
trivial,'trɪvɪəl,,a.琐碎的，不重要的,托福
distortion,dɪs'tɔrʃən,,"n.扭曲, 变形,曲解",托福
circumstantially,,,"ad.因情形地,  附随地",托福
repute,rɪ'pjut,,"n.名誉, 名声 v认为",托福
grizzly,'grɪzli,,a.灰(白)色的,托福
zoo,zu,,n.动物园,托福
Americanism,ə'merikənizəm,,"a.美国所创, 美国风俗, 美国精神",托福
implicate,'ɪmplɪket,,"v.含意, 暗示",托福
shortwave,"'ʃɔrt,wev",,n.短波,托福
processor,'prɑsɛsɚ,,n.加工业者；处理机,托福
fleshy,'flɛʃi,,"a.肉的, 多肉的",托福
fallout,'fɔlaʊt,,"n.辐射微尘, 原子尘, 附带结果",托福
pluralism,'plʊər(ə)lɪz(ə)m,,"n.复数, 兼职",托福
alumnus,ə'lʌmnəs,,"n.男毕业生, 男校友",托福
heritage,'hɛrɪtɪdʒ,,"n.遗产, 继承权",托福
tenet,'tɛnɪt,,n.原则,托福
logger,'lɔɡɚ,,"n.樵夫, 圆木装车机",托福
geochemical,",dʒi:ə'kemikəl",,a.地球化学的,托福
cloudlike,,,a.云雾状的,托福
aide,ed,,"n.助手, 副官",托福
vegetative,'vɛdʒə'tetɪv,,"a.植物生长的,植物人状态的",托福
quickest,kwikist,,a.最快的,托福
overgrow,"'ovɚ,gro",,v.长满,托福
enlargement,ɪn'lɑrdʒmənt,,n.放大,托福
downhill,,,ad.下坡；向下,托福
idiomatic,",ɪdɪə'mætɪk",,a.地道的 成语的,托福
reckon,'rɛkən,,"v.计算,估计",托福
chromosphere,"'kromə,sfɪr",,n.色球,托福
nonproductive,",nɑnprə'dʌktɪv",,a.非生产性的,托福
traverse,trə'vɝs,,v.横渡，横越,托福
grammar,'græmɚ,,n.文法,托福
caliber,'kæləbɚ,,"n.口径, 才干",托福
junior,'dʒunɪɚ,,a.年少的；资历较浅的 n年少者；晚辈,托福
photosphere,"'fotə,sfɪr",,n.光球,托福
millet,'mɪlɪt,,"n.[植]稷, 粟",托福
ruler,'rulɚ,,"n.统治者, (直)尺",托福
intimacy,'ɪntɪməsi,,"n.亲密, 隐私",托福
coalescence,",koə'lɛsns",,"n.合并, 接合",托福
tantamount,'tæntə'maʊnt,,"a.同等的,相当于",托福
rag,ræɡ,,n.抹布,托福
zero,ˈzɪərəʊ,,"num.零点, 零度",托福
inorganic,'ɪnɔr'gænɪk,,"a.无机的, 非自然生长的",托福
forever,fɚ'ɛvɚ,,"ad.永远, 永恒",托福
preen,prin,,v.整理羽毛，(人)打扮修饰,托福
marvelously,'ma:vləsli,,"ad.奇迹般地,奇异地",托福
cavalry,'kævlri,,n.骑兵,托福
unacceptable,",ʌnək'sɛptəbl",,"a.不能接受的, 不受欢迎的",托福
unprofitable,ʌn'prɑfɪtəbl,,"a.没有利润的, 无益的",托福
fray,fre,,n.吵架 v.磨破，恼火,托福
reradiate,"ri'redɪ,et",,vt.再辐射(转播),托福
forge,fɔrdʒ,,"v.铸造, 伪造",托福
tinge,tɪndʒ,,n.(清淡的)色调 vt给…着色,托福
weld,wɛld,,v& n.焊接，焊缝,托福
fanners,'fænɚ,,"n.电风扇,通风机",托福
attractiveness,ə'træktɪvnɪs,,"n.魅力,  吸引力",托福
unparalleled,ʌn'pærəlɛld,,"a.无比的, 空前的",托福
saddle,'sædl,,n.鞍；(自行车)座 vt装鞍,托福
contamination,"kən,tæmi'neiʃən",,"n.污染, 污染物",托福
dyestuff,"'daɪ,stʌf",,n.染料,托福
disadvantageous,",dɪsædvæn'tedʒəs",,a.不利的,托福
southerner,'sʌðɚnɚ,,"n.南方人, 居住在南方的人",托福
drab,dræb,,"a.土褐色的, 单调的",托福
vicinity,və'sɪnəti,,"n.邻近, 附近",托福
resourcefulness,ri'sɔ:sfəlnis,,n.足智多谋,托福
micronesian,",maikrəu'ni:ziən; -ʒən",,n&a.密克罗尼西亚人(的),托福
outrigger,'aʊt'rɪgɚ,,n.(承力外伸)支架,托福
narration,nə'reʃən,,n.叙述,托福
ere,ɛr,,pron&conj.在…之前,托福
usable,'jʊzəbl,,"a.[亦作useable] 可用的, 合用的",托福
harmonious,hɑr'monɪəs,,"a.和谐的, 和睦的",托福
anew,ə'nʊ,,"ad.重新, 再",托福
ironically,aɪ'rɑnɪkli,,ad.具有讽刺意味地；嘲讽地,托福
genre,'ʒɑnrə,,"n.类型, 流派",托福
marginal,'mɑrdʒɪnl,,"a.边缘的, 边际的",托福
visually,'vɪʒʊəli,,"ad.在视觉上地, 真实地",托福
primacy,'praɪməsi,,n.首位,托福
sago,'seɡo,,"n.西米, 西米椰子",托福
breadfruit,'brɛdfrut,,n.面包果树,托福
taro,'tærəʊ,,n.芋头,托福
sugarcane,"'ʃugə,kein",,n.[植]甘蔗,托福
predetermine,",pridɪ'tɝmɪn",,v.预先确定,托福
nobody,"'nəubədi, -bɔdi",,"pron.无人, 没有任何人",托福
hazardous,'hæzɚdəs,,"a.危险的, 冒险的",托福
unsuspected,",ʌnsə'spektid",,"a.未知的, 未被怀疑的",托福
missionary,'mɪʃənɛri,,"n&a.传教士(的) ,传教的,",托福
underestimate,/ˌʌndərˈestɪmeɪt/,,vt& n.估计不足，低估,托福
nitrate,'naɪtret,,"n.[化]硝酸盐, 硝酸钾",托福
exportation,",ɛkspɔr'teʃən",,n.出口,托福
extremity,ɪk'strɛməti,,n.极度，绝境,托福
converse,kən'vəʳs,,v.交谈 n反面说法 a相反的,托福
grounding,'graʊndɪŋ,,"n.基础训练, 染色的底色, [电]接地",托福
spillage,'spɪlɪdʒ,,"n.溢出, 溢出量",托福
curiously,'kjʊrɪəsli,,ad.好奇地,托福
timely,'taɪmli,,"a.及时的, 适时的",托福
ashore,ə'ʃɔr,,"ad.向岸地, 在岸上地",托福
redesign,",ridɪ'zaɪn",,v&n.重新设计,托福
citizenry,'sɪtɪzənri,,n.公民成市民(集合称),托福
scenario,sə'nærɪo,,n.剧情说明书，剧本,托福
duplicate,'duplɪket,,n.复制品 a复制的 vt复制，复印,托福
wad,wɑd,,n.填料 vt填塞,托福
smelter,'smɛltɚ,,"n.熔炉, 熔炼工",托福
diamond,'daɪəmənd,,"n.钻石,金钢石",托福
crook,krʊk,,v.使弯曲,托福
pennycress,,,n.[植]菥蓂,托福
resort,rɪ'zɔrt,,vi& n.求助，采用,托福
hydroponically,,,"n.水耕法,  水栽培",托福
petiole,"'pɛtɪ,ol",,"n.叶柄, 柄部",托福
mobilize,'mobəlaɪz,,v.动员,托福
conveniently,kən'vi:njəntli,,ad.方便地；合宜地,托福
roller,'rolɚ,,n.滚筒,托福
paramount,'pærəmaʊnt,,a.极为重要的,托福
Shoshone,ʃəu'ʃəuni,,n.美国休休尼族印第安人;休休尼语,托福
puff,pʌf,,v.喘气；抽烟,托福
salmon,'sæmən,,"n.[鱼]鲑鱼, 大麻哈鱼",托福
oxfordshire,'ɔksfədʃiə,,n.牛津郡[英国],托福
Isle,aɪl,,n.( 小)岛,托福
gaslit,'ɡæslit,,a.以煤气灯照明的,托福
londoner,'lʌndənə,,n.伦敦人,托福
microbe,'maɪkrob,,"n.微生物, 细菌",托福
tepee,'tipi,,n.美国印第安人的圆锥形帐篷,托福
Pawnee,pɔn'i,,n.波尼族人(语),托福
experimenter,ik'sperimentə,,n.实验者,托福
virtual,[ˈvɜ:rtʃuəl],,"a.实质的, 虚拟的",托福
inter,ɪn'tə,,v.埋葬,托福
spare,spɛr,,a.备用的；多余的,托福
inanimate,ɪn'ænɪmət,,a.无生命的,托福
halve,hæv,,"v.二等分,  分享",托福
commentary,'kɑməntɛri,,"n.注释, 解说词",托福
handsomely,'hænsəmli,,"ad.漂亮地,慷慨地",托福
outcrop,"'autkrɔp, ,aut'krɔp",,n.露出地面的岩层,托福
breadth,brɛdθ,,"n.宽度, (布的)幅宽, (船)幅",托福
parish,'pærɪʃ,,n.教区,托福
nucleic,nu'kliɪk,,a.核的,托福
pavement,'pevmənt,,"n.人行道, 公路",托福
avid,",ævid",,a.渴望的,托福
pity,'pɪti,,"v.可怜 n怜悯, 同情",托福
ascribe,ə'skraɪb,,"v.归因于, 归咎于",托福
innumerable,ɪ'nʊmərəbl,,"a.无数的,数不清的",托福
totality,to'tæləti,,n.全部，总数,托福
emigration,",ɛmə'greʃən",,"n.移民出境, 侨居",托福
peck,pɛk,,"vt& n.啄,小口地吃",托福
patriarch,'petrɪɑrk,,"n.家长, 族长, 创办人",托福
grandeur,'ɡrændʒɚ,,"n.庄严, 伟大",托福
everlasting,",ɛvɚ'læstɪŋ",,"a.永恒的, 持久的",托福
detritus,dɪ'traɪtəs,,n.碎石,托福
hover,'hʌvɚ,,v.盘旋,托福
completion,kəm'pliʃən,,n.完成,托福
abound,ə'baʊnd,,"v.富于,  充满",托福
lipid,lɪpɪd,,"n.脂质, 油脂",托福
smoky,'smoki,,"a.冒烟的, 烟状的",托福
confer,kən'fɝ,,"v.授予, 协商",托福
primeval,prai'mi:vəl,,"a.原始的, 早期的",托福
viral,'vaɪrəl,,a.滤过性毒菌的,托福
subtraction,səb'trækʃən,,n.减少,托福
concentric,kən'sɛntrɪk,,"a.同中心的, 同轴的",托福
iconography,'aɪkə'nɑgrəfi,,"n.肖像学, 肖像画法",托福
mite,maɪt,,"n.微小的东西,",托福
innate,ɪ'net,,"a.先天的, 天生的",托福
indigenous,ɪn'dɪdʒənəs,,"a.本地的, 天生的",托福
fog,fɔɡ,,"n.雾, 烟雾",托福
remnant,'rɛmnənt,,"n.残余, 剩余",托福
graceful,'ɡresfl,,a.优美的,托福
toehold,'tohold,,"n.（攀岩时的）立足点,（发展的）起点",托福
wise,waɪz,,"a.英明的, 明智的",托福
eon,'iən,,"n.永世, 无数的年代",托福
planetary,'plænətɛri,,a.行星的,托福
cuspidor,"'kʌspə,dɔr",,n.痰盂,托福
activist,'æktɪvɪst,,"n.激进主义分子, 行动主义分子",托福
hue,hjuː,,n.色彩，色调,托福
identification,aɪˌdentɪfɪ'keʃn,,"n.辨认, 鉴定",托福
weakly,'wikli,,"a&ad.虚弱地, 软弱地",托福
doorknob,'dɔrnɑb,,n.门把手,托福
incessant,ɪn'sɛsnt,,"a.不断的,  无尽的",托福
fancy,'fænsi,,v.喜欢n爱好；想象力,托福
widow,'wɪdo,,n.寡妇,托福
preliminary,prɪ'lɪmɪnɛri,,"a.预备的, 初步的",托福
tieback,"'taɪ,bæk",,"n.牵索,  拉条",托福
loyal,'lɔɪəl,,"a.忠诚的, 忠心的",托福
afloat,ə'flot,,"a&ad.飘浮的, 传播的",托福
mistrust,",mɪs'trʌst",,"n&v.不信任, 猜疑",托福
interviewer,'ɪntɚvjuɚ,,n.会见者,托福
affectional,ə'fekʃənəl,,"a.情感上的,  爱情的",托福
southerly,'sʌðɚli,,a.向南方的 ad在南方,托福
covering,'kʌvərɪŋ,,n.遮盖物,托福
abnormal,æbˈnɔːrml,,"a.反常的, 变态的",托福
shopper,'ʃɑpɚ,,n.购物者,托福
correspondingly,",kɔrə'spɑndɪŋli",,ad.相应地,托福
varicolored,"'vɛəri,kʌləd",,"a.杂色的,  多色的",托福
flap,flæp,,n.片状垂悬物；飘动 v飘动，拍动,托福
psychoanalyst,",saɪko'ænəlɪst",,n.心理分析学者,托福
stagecraft,'stedʒkræft,,"n.编剧才能,演出技术",托福
lifeblood,'laɪf'blʌd,,"n.生命必须的血液, 活力的源泉",托福
autobiography,",ɔtəbaɪ'ɑɡrəfi",,n.自传,托福
bedpan,'bɛdpæn,,"n.便盆, 睡床用脚炉",托福
streak,strik,,n.条纹vi疾驶 vt加条纹,托福
duet,dʊ'ɛt,,n.二重奏,托福
daughter,'dɔtɚ,,n.女儿,托福
sentimentalized,",sɛntɪ'mɛntəlaɪz",,"v.流于感伤,  变多愁善感",托福
rentable,'rentəbl,,a.可出租的,托福
voluminous,və'lʊmənəs,,"a.卷数多的,大量的",托福
glare,ɡlɛr,,"n.闪耀光, 刺眼 v发眩光, 瞪视",托福
stint,stɪnt,,"v.紧缩,节省",托福
glory,'ɡlɔri,,"n.荣誉, 光荣",托福
wand,wɑnd,,n.魔杖；[乐]指挥棒,托福
cud,kʌd,,n.反刍的食物,托福
inhibition,ˌɪnhɪˈbɪʃn,,"n.禁止, 阻止",托福
innocent,'ɪnəsnt,,"a.清白的, 无罪的, 天真的",托福
chomp,tʃɑmp,,"v.大声地咀嚼, 反复咀嚼",托福
civic,'sɪvɪk,,"a.市的, 市民的",托福
stout,staʊt,,a.发胖的；结实的,托福
inconsistency,",ɪnkən'sɪstənsi",,n.矛盾,托福
perceivable,pə'si:vəbl,,a.可知觉的,托福
posit,'pɑzɪt,,v.安置,托福
incompletely,",inkəm'pli:tli",,ad.不完全地,托福
subjugate,'sʌbdʒuɡet,,v.使屈服，征服,托福
lamina,'læmənə,,"n.薄板, 薄层",托福
uniformitarianism,",jʊnə,fɔrmə'tɛrɪən,ɪzm",,n.[地质]均变论,托福
guidance,'gaɪdns,,"n.指导, 领导",托福
disappoint,'dɪsə'pɔɪnt,,v.使失望,托福
wit,wɪt,,"n.智力, 才智",托福
contributory,kən'trɪbjətɔri,,"a.贡献的, 捐助的",托福
beloved,bɪ'lʌvd,,a.心爱的 n所爱的人,托福
ration,'ræʃən,,"n.定额, 定量",托福
sunshine,'sʌnʃaɪn,,n.阳光,托福
exponent,ɪk'sponənt,,"n.阐述者,倡导者",托福
intellectually,ˌɪntlˈɛktʃʊəli,,"ad.理智地, 与智力(或思维)有关地",托福
concoct,kən'kɑkt,,v.编造；调制,托福
darling,'dɑrlɪŋ,,"n.心爱的人, 亲爱的",托福
leaning,'linɪŋ,,"n.倾斜, 倾向",托福
seclusion,sɪ'klʊʒən,,n.隔离,托福
vulnerability,",vʌlnərə'bɪləti",,"n.弱点, 攻击",托福
candid,'kændɪd,,"a.率直的, 坦诚的",托福
puritan,'pjʊrɪtən,,n.清教徒 a清教徒的,托福
regurgitate,rɪ'ɡɝdʒɪtet,,"v.反刍,（液体）回流",托福
ruminate,'rumɪnet,,"v.反刍, 沉思",托福
flatten,'flætn,,"v.变平, 变单调",托福
milkweed,"'mɪlk,wid",,n.乳草属植物,托福
divergent,daɪ'vɝdʒənt,,"a.分歧的,分开的, 偏离的",托福
unproven,ʌn'prʊvən,,"a.未经证明的, 未经检验的",托福
permafrost,'pɝməfrɔst,,n.[地]永久冻结带,托福
stocky,'stɑki,,"a.矮壮的, 健壮结实的",托福
convergence,kən'vɝdʒəns,,"n.集中, 收敛",托福
conceivably,kən'sivəbli,,"ad.可想到地, 想象中",托福
rat,ræt,,n.老鼠,托福
statistical,stə'tɪstɪkl,,"a.统计的, 统计学的",托福
Venice,ˈvɛnɪs,,n.威尼斯(意大利港市),托福
tiffany,'tɪfəni,,n.纱的一种,托福
chase,tʃeɪs,,"v.追赶, 追逐",托福
hardware,'hɑrdwɛr,,n.五金器具,托福
bunch,bʌntʃ,,"n.串, 束 v捆成一束",托福
uproot,",ʌp'rut",,"v.连根拔起, 根除",托福
refuge,'rɛfjʊdʒ,,"n.庇护, 避难所",托福
unnatural,ʌn'nætʃrəl,,"a.不自然的, 反常的",托福
powerfully,'pauəfəli,,"ad.非常地,强有力地",托福
nursing,'nɝsɪŋ,,"n.看护, 养育",托福
enamel,ɪ'næml,,"n.珐琅, 瓷釉",托福
gossamer,'ɡɑsəmɚ,,n.蛛丝，薄纱  a轻而薄的,托福
unnecessarily,ʌn'nesisərili,,"ad.不必要地,  徒然",托福
cube,kjʊb,,"n.立方体, 立方",托福
monogamous,mə'nɑɡəməs,,"n.一夫一妻的, 单配的",托福
unwieldy,ʌn'wildi,,a.笨重的，笨拙的,托福
coloration,",kʌlə'reʃən",,"n.染色, 着色",托福
butler,'bʌtlɚ,,"n.仆役长, 男管家",托福
Caribbean,kæri'bi(:)ən,,n.加勒比海,托福
anatomy,ə'nætəmi,,"n.剖析, 解剖学",托福
flop,flɑp,,v.猛落，惨败,托福
pulse,pʌls,,"n.脉搏, 脉冲",托福
genuinely,'dʒenjuinli,,"ad.真正地,  由衷地",托福
bomb,bɑm,,n.炸弹 vt投弹于,托福
flint,flɪnt,,"n.打火石, 燧石",托福
vicissitude,vɪ'sɪsɪtud,,n.变迁兴衰,托福
quantitative,'kwɑntətetɪv,,"a.数量的, 定量的",托福
suitably,'sutəbli,,"ad.合适地, 适宜地",托福
colorless,'kʌlɚlɪs,,"a.无色的, 无趣味的",托福
cider,'saɪdɚ,,n.苹果酒,托福
bard,bɑrd,,n.吟游诗人,托福
chop,tʃɑp,,v.砍，劈，斩,托福
presage,'prɛsɪdʒ,,n.预兆 v预示,托福
flatboat,"'flæt,bəut",,n.(浅水)平底船,托福
onion,'ʌnjən,,n.洋葱,托福
cleanliness,'klɛnlɪnəs,,"n.洁癖, 清洁",托福
peal,pil,,n.钟声  v(使)鸣响,托福
mow,mo,,v.割(草),托福
professionalism,prə'fɛʃənə'lɪzəm,,"n.职业水准或特性, 职业化",托福
monochrome,'mɑnəkrom,,n.单色 单色的,托福
incessantly,in'sesntli,,ad.不间断地,托福
damper,'dæmpɚ,,"n.风阀, 减音器",托福
lightweight,'laɪtwet,,"n.轻量级选手, 不能胜任者",托福
polychrome,"'pɑlɪ,krom",,a.彩饰的 n多彩艺术品,托福
coriander,",kɔrɪ'ændɚ",,n.[植]胡荽,托福
tedium,'tidɪəm,,"n.厌烦, 沉闷",托福
foothill,'futhil,,"n.山麓小丘, 丘陵地带",托福
momentous,mo'mɛntəs,,"a.重要的, 重大的",托福
chateau,ʃæ'to,,n.城堡,托福
provincialism,prə'vɪnʃə'lɪzəm,,n.地方风尚,托福
husk,hʌsk,,"n.外壳；v剥壳,削皮",托福
seashell,'si'ʃɛl,,n.海贝壳,托福
emigrant,'ɛmɪɡrənt,,"n.移居外国者, 移民",托福
quitter,'kwɪtɚ,,"n.轻易停止的人, 懦夫",托福
unsettle,",ʌn'sɛtl",,v.不安,托福
feasibility,",fizə'bɪləti",,"n.可行性, 可能性",托福
unending,ʌn'ɛndɪŋ,,"a.不断的, 不断重复的",托福
dispatch,dɪ'spætʃ,,"v.分派, 派遣",托福
eradication,"ɪ,rædɪ'keʃən",,"n.连根拔除, 根除",托福
fun,fʌn,,"n.娱乐, 玩笑",托福
disapproval,'dɪsə'prʊvl,,n.不赞成,托福
junction,'dʒʌŋkʃən,,"n.连接, 接合",托福
upriver,'ʌp'rivə,,a.上游的 ad在上游,托福
reorient,",ri'ɔrɪɛnt",,v.重定的方向(或方位),托福
portend,pɔr'tɛnd,,v.预示,托福
neatness,'ni:tnis,,"n.整洁, 干净",托福
nonnative,'nɔn'neitiv,,"n.非本地的,  非本地人",托福
chug,tʃʌg,,n.轧轧响声 v.发出轧轧声,托福
intercommunity,",ɪntɚkə'mjʊnəti",,"n.共同性, 共有",托福
shear,ʃɪr,,"v.剪, 剪切",托福
townspeople,'taʊnz'pipl,,"n.市民, 镇民",托福
Utopian,ju:'təupiən,,a.乌托邦式的，梦想的,托福
intensely,in'tensli,,ad.激烈地；热切地,托福
biogeochemical,"'baiəu,dʒi:əu'kemikəl",,a.生物地球化学的,托福
loder,'ləudə,,n.[计]装填器,托福
homespun,'homspʌn,,n.手织物,托福
unwelcome,ʌn'wɛlkəm,,"a.不受欢迎的, 讨厌的",托福
avoidable,ə'vɔɪdəbl,,a.可避免的,托福
referee,",rɛfə'ri",,"n.裁判员 v裁判, 仲裁",托福
predetermined,",pridɪ'tɝmɪnd",,a.预订的,托福
unselective,,,a.非选择性的,托福
sensitively,'sensətivli,,"ad.易感知地,  神经过敏地",托福
authenticity,",ɔθɛn'tɪsəti",,"n.确实性, 真实性",托福
discredit,dɪs'krɛdɪt,,v.怀疑  n丧失名誉,托福
superorganisms,",sju:pə'rɔ:ɡənizəm",,n.[生]超个体(指群居昆虫等的群体),托福
exclusion,ɪk'skluʒn,,"n.排除, 除外",托福
floodplain,'flʌdplein,,"n.泛洪平原, 漫滩",托福
preservative,prɪ'zɝvətɪv,,n.防腐剂,托福
sill,sɪl,,n.基石(岩床底面),托福
insightful,'ɪnsaɪtfəl,,"a.有深刻见解的, 富有洞察力的",托福
misdeed,",mɪs'did",,"n.罪行, 犯罪",托福
proficient,prə'fɪʃnt,,n.精通,托福
salmonberry,'sæmənbɛri,,n.美洲大树莓,托福
optimization,",ɑptəmɪ'zeʃən",,"n.最佳化, 最优化",托福
snugly,'snʌɡli,,"ad.舒适温暖地, 整洁地",托福
dripstone,'dripstəun,,n.滴水石,托福
counterexample,'kaʊntɚɪg'zæmpl,,n.反例,托福
dapple,'dæpl,,"n.斑纹, 斑点 v.(使）有斑纹",托福
multifaceted,",mʌltɪ'fæsɪtɪd",,a.多层面的,托福
flesh,flɛʃ,,n.肉，果肉,托福
alluvial,ə'lʊvɪəl,,"a.冲积的, 淤积的",托福
welt,wɛlt,,"n.鞭痕, 贴边vt贴边于",托福
rootless,'rutləs,,"a.无根的, 无根据的",托福
fecund,'fikənd,,"a.生殖力旺盛的, 多产的",托福
proliferation,"prəu-,lifə'reiʃən",,"n.增殖, 分芽繁殖",托福
loam,lom,,n.肥土,托福
petticoat,'pɛtɪkot,,"n.衬裙, 裙子",托福
reluctant,rɪ'lʌktənt,,"a.不情愿的, 勉强的",托福
stratify,'strætɪfaɪ,,v.(使)成层,托福
basketwork,'bæskɪtwɝk,,n.编织物,托福
commercialization,"kə,mɝʃəlɪ'zeʃən",,n.商品化,托福
acidity,ə'sɪdəti,,"n.酸度, 酸性, [医]酸过多, 胃酸过多",托福
tray,tre,,"n.盘, 碟",托福
intently,ɪn'tɛntli,,"ad.专心地, 集中地",托福
excel,ɪk'sɛl,,"v.优秀, 胜过他人",托福
diligence,'dɪlɪdʒəns,,n.勤奋,托福
separable,'sɛpərəbl,,"a.可分离的, 可分的",托福
breast,brɛst,,n.胸脯，乳房,托福
thimble,'θɪmbl,,n.顶针；嵌环,托福
overload,",ovɚ'lod",,v.使超载  n超载,托福
cyclic,'saɪklɪk,,"a.循环的,周期性的",托福
worst,wɝst,,a& ad.最坏(的)，最差(的),托福
buyer,'baɪɚ,,"n.买主, 顾客",托福
dim,dɪm,,"v.(使)暗淡,(使)模糊",托福
lop,lɑp,,"v.剪去, 砍掉",托福
harmfully,'ha:mfəli,,"ad.伤害地,有害地",托福
boxlike,'bɔkslaik,,a.象箱子一样的,托福
amazingly,ə'meiziŋli,,"ad.惊奇地, 惊人地",托福
pinhole,'pɪnhol,,"n.针孔, 小孔",托福
admittedly,əd'mɪtɪdli,,"ad.不可否认的, 公认地",托福
maternal,mə'tɝnl,,"a.母亲的, 母系的",托福
wintertime,'wintətaim,,"n.冬, 冬季",托福
pliable,,,a.柔顺的,托福
anthropologically,",ænθrəpə'lɔdʒikəli",,ad.人类学上,托福
cobble,'kɑbl,,"n.圆石,鹅卵石 v.修补",托福
bachelor,'bætʃəlɚ,,"n.单身汉, 文理学士",托福
literate,'lɪtərət,,a.有读写能力的；有文化修养的,托福
totemism,"'totə,mɪzəm",,"n.对图腾的信仰, 图腾制度",托福
enigmatic,'ɛnɪg'mætɪk,,"a.谜的, 莫明其妙的",托福
illiterate,ɪ'lɪtərət,,n.文盲 a不识字的,托福
allusion,ə'lʊʒən,,"n.提及, 暗示",托福
inquire,ɪn'kwaɪr,,"v.询问,  查究",托福
proclivity,prə'klɪvəti,,n.倾向,托福
awkwardly,'ɔ:kwə:dli,,"ad.笨拙地, 无技巧地",托福
contention,kən'tɛnʃən,,"n.争夺, 争论",托福
recount,rɪ'kaʊnt,,v.叙述,托福
sorrow,sɑro,,"n.悲哀, 悲痛",托福
escutcheon,ɪ'skʌtʃən,,"n.有花纹的盾, 锁眼盖, 孔罩",托福
horticulturalist,,,n.园艺家,托福
reunion,riː'juːnjən; -ɪən,,"n.团圆, 重聚",托福
alphabetically,",ælfə'bɛtɪkli",,ad.按字母表顺序地,托福
carelessly,'kɛəlisli,,ad.粗心地；疏忽地,托福
supermodel,'supɚmɑdl,,n.超级名模,托福
brusquely,'brʌskli,,"ad.唐突地, 粗率地",托福
stubble,'stʌbl,,"n.短须, 麦茬",托福
solely,'solli,,"ad.独自地, 单独地",托福
flout,flaʊt,,"vt&n.轻视, 嘲笑",托福
chihuahua,tʃɪ'wɑwɑ,,n.吉娃娃(一种产于墨西哥的狗),托福
morphological,",mɔrfə'lɑdʒəkəl",,a.形态学的,托福
reactive,rɪ'æktɪv,,"a.反应的, 反作用的",托福
Philippine,'filipi:n,,"a.菲律宾的, 菲律宾人的",托福
geothermally,,,a.地热的,托福
inflow,'ɪnflo,,"n.流入, 流入物",托福
subfreezing,",sʌb'fri:ziŋ",,a.低于冰点的,托福
anthropomorphism,",ænθrəpə'mɔrfɪzəm",,"n.拟人论,拟人观",托福
slot,slɑt,,n.狭缝；空位,托福
mansion,'mænʃən,,"n.大厦, 官邸",托福
awkward,'ɔkwɚd,,"a.难使用的, 笨拙的",托福
constraint,kən'strent,,"n.约束, 强制",托福
linger,'lɪŋɡɚ,,"v.逗留, 闲荡",托福
confinement,kən'faɪnmənt,,"n.限制, 禁闭",托福
centrally,'sentrəli,,"ad.在中心, 在中央",托福
adversity,əd'vɝsəti,,"n.灾祸, 逆境",托福
imaginative,ɪ'mædʒɪnətɪv,,a.富有想象力的,托福
incapacitated,",inkə'pæsi,teitid",,vt.使不能,托福
onslaught,'ɑnslɔt,,n.冲击,托福
industrialist,ɪn'dʌstrɪəlɪst,,"n.工业家, 实业家,",托福
relay,rɪ'le,,n.接力赛；中继转播(设备) vt转述；转播,托福
soloist,'soloɪst,,"n.独奏者, 独唱者",托福
interstitial,",ɪntɚ'stɪʃl",,"a.空隙的, 裂缝的,",托福
intertidal,",ɪntɚ'taɪdl",,n&a.潮间带(的),托福
refreshment,ri'frɛʃmənt,,"n.点心, 精力恢复",托福
sickness,'sɪknəs,,"n.疾病, 呕吐",托福
distill,dɪs'tɪl,,"v.蒸馏, 滴下, 吸取",托福
noble,'nobl,,"a.高尚的,贵族的",托福
patrol,pə'trol,,"v.出巡, 巡逻",托福
pony,'poni,,n.矮种马，小马,托福
intertwine,",ɪntɚ'twaɪn",,"v.(使)纠缠,(使)缠绕",托福
morale,mə'ræl,,"n.士气, 民心",托福
incompatible,",ɪnkəm'pætəbl",,"a.不相容的 ,矛盾的",托福
buddy,'bʌdi,,"n.<美口>密友, 伙伴",托福
pristine,'prɪstin,,a.质朴的,托福
sludge,slʌdʒ,,"n.软泥, 淤泥",托福
Swiss,swɪs,,"n./ a瑞士(的), 瑞士人(的)",托福
hallmark,'hɔlmɑrk,,n.特点,托福
jean,dʒɪn,,n.牛仔裤,托福
beau,bo,,n.花花公子,托福
vibrato,vɪ'brɑto,,"n.颤音, 振动",托福
sparrow,'spæro,,n.[鸟]麻雀,托福
blackbird,'blækbɝd,,n.山鸟类,托福
rhythmic,"'riðmik, 'riθ-",,"a.节奏的, 合拍的",托福
waling,'weiliŋ,,n.横撑,托福
lacuna,lə'kjʊnə,,"n.空白, 空隙",托福
enigma,ɪ'nɪgmə,,"n.谜, 难以理解的事物",托福
tendon,'tɛndən,,n.[解]腱,托福
fiddler,'fɪdlɚ,,"n.拉提琴的人,游手好闲的人",托福
carnival,'kɑrnɪvl,,"n.狂欢节, 饮宴狂欢",托福
assemblage,ə'sɛmblɪdʒ,,"n.集合, 集会",托福
saucer,'sɔsɚ,,"n.茶托, 碟子",托福
dedication,",dɛdɪ'keʃən",,"n.贡献, 奉献",托福
qualitatively,"'kwɑlə,tetɪvli",,ad.质量上,托福
redwing,'rɛdwɪŋ,,n.[动](欧洲产的)红翼鸫,托福
vigilance,'vɪdʒələns,,"n.警戒, 警惕",托福
adventurous,əd'vɛntʃərəs,,a.冒险的；惊险的,托福
telltale,'tɛltel,,a.泄密的,托福
ordinance,'ɔrdnəns,,n.法令，条例,托福
tether,ˈteðər,,n.范围,托福
overestimate,",ovər'ɛstɪmət",,vt&n.评价过高,托福
syrup,'sɪrəp,,"n.糖浆, 果汁",托福
gild,ɡɪld,,v.镀金,托福
ductile,'dʌktaɪl,,"a.易延展的, 易教导的",托福
anonymous,ə'nɑnəməs,,a.无名的；匿名的,托福
grateful,'ɡretfl,,"a.感激的, 感谢的",托福
sewerage,'suərɪdʒ,,"n.排水设备, 污水",托福
dissolution,",dɪsə'luʃən",,"n.分解, 解散",托福
urbanity,ɝ'bænəti,,"n.有礼貌, 文雅",托福
avoidance,ə'vɔɪdəns,,n.避免,托福
permineralization,,,n.完全矿化,托福
amenable,ə'minəbl,,a.顺从的；对…负有责任(义务)的,托福
binge,bɪndʒ,,"n.狂闹, 狂欢",托福
immerse,ɪ'mɝs,,"v.沉浸, 使陷入",托福
quicksand,'kwɪksænd,,"n.流沙, 敏捷",托福
modernization,",mɑdɚnə'zeʃən",,n.现代化,托福
cabbage,ˈkæbɪdʒ,,"n.[植]甘蓝, 卷心菜",托福
malleable,'mælɪəbl,,"a.有延展性的, 可锻的",托福
einkorn,'aɪnkɔːn,,n.单粒小麦,托福
carrot,'kærət,,n.胡萝卜,托福
unanticipated,'ʌnæn'tisipeitid,,a.不曾预料到的,托福
pistachio,pɪ'stæʃɪo,,n.[植]阿月浑子树,托福
dredge,drɛdʒ,,"n.挖泥机 v挖掘,",托福
propriety,prə'praɪəti,,n.适当,托福
glassware,'glɑːsweə,,n.玻璃器具类,托福
affluent,'æfluənt,,"a.丰富的, 富裕的",托福
courtyard,'kɔrtjɑrd,,"n.庭院, 院子",托福
singleton,'sɪŋɡltən,,"n.一个, 独身",托福
wrestle,'rɛsl,,"n./v摔跤, 角力",托福
nationalistic,",næʃnə'lɪstɪk",,a.国家主义的,托福
soothe,sʊð,,"v.缓和, 安慰",托福
deteriorates,dɪ'tɪrɪəret,,v.恶化，变坏,托福
stabilization,",stebɪlɪ'zeʃən",,n.稳定性,托福
aspire,ə'spaɪr,,"v.热望, 立志",托福
joinery,'dʒɔɪnəri,,n.木工职业,托福
mechanically,mɪ'kænɪkəli,,ad.机械地；无意识地,托福
stride,straɪd,,"v.大步走(过), 跨过",托福
windswept,'windswept,,"a.风刮的, 被风吹扫的",托福
swiftness,'swiftnis,,n.迅速，敏捷,托福
radioactivity,",redɪoæk'tɪvəti",,n.放射能,托福
seabird,'sibɝd,,n.海鸟(如海鸥),托福
Reykjavik,'reikjəvik; -vi:k,,n.雷克雅末(冰岛首都),托福
brook,brʊk,,n.小溪 vt容忍,托福
polarize,'polə'raɪz,,"v.(使)偏振, (使)极化",托福
degas,di'gæs,,v.除去瓦斯,托福
midnight,'mɪdnaɪt,,n.午夜,托福
Utah,'ju:tɑ:,,"n.犹他州(略作Ut,UT)",托福
trickle,'trɪkl,,v.滴流,托福
admiral,'ædmərəl,,"n.海军上将, 舰队司令",托福
slat,slæt,,n.板条v打击,托福
hydrosphere,'haɪdrosfɪr,,"n.水圈, 水气",托福
geyser,'ɡaɪzɚ,,n.天然热喷泉,托福
stabilizer,'stebə'laɪzɚ,,"n.稳定器, 安定装置",托福
exoskeleton,'ɛksoskɛlɪtn,,n.[动] 外骨骼,托福
dimply,dimpli,,"a.有酒窝的, 有凹处的",托福
clamor,'klæmə,,n.喧闹,托福
mob,mɑb,,"n.暴民 vt成群围住,聚众袭击",托福
enjoyable,ɪn'dʒɔɪəbl,,"a.有趣的, 愉快的",托福
reluctantly,rɪ'lʌktəntli,,a.不情愿地；勉强地,托福
overbalance,",ovɚ'bæləns",,v.失去平衡,托福
carbonization,",kɑ:bənai'zeiʃən,-ni'z-",,n.碳化(物),托福
marshland,'mɑrʃlænd,,n.沼泽地,托福
viscera,'vɪsərə,,"n.内脏,内部的东西",托福
lethal,'liθl,,a.致命的 n致死因子,托福
superbly,sʊ'pɝbli,,"ad.雄伟地, 壮丽地",托福
shipwright,"'ʃɪp,raɪt",,n.造船者,托福
ghostly,'ɡostli,,a.可怕的,托福
thrift,θrɪft,,n.节俭,托福
conservatism,kən'sɝvətɪzəm,,n.保守主义,托福
leaky,'liki,,a.漏的,托福
blacken,'blækən,,"v.使变黑, 诽谤",托福
fiercely,'fiəsli,,"ad.猛烈地, 厉害地",托福
fox,fɑks,,n.狐狸 v奸狡地行动,托福
verb,vɝb,,n.[语]动词,托福
faultfinding,"'fɔlt,faɪndɪŋ",,"n.找茬,挑剔",托福
steadfastly,"'stɛd,fæstli",,"ad.踏实地, 不变地",托福
untold,",ʌn'told",,"a.未说过的,未透露的",托福
intolerant,ɪn'tɑlərənt,,"a.不宽容的, 偏狭的",托福
venue,'vɛnju,,"n.审判地, 集合地",托福
encapsulate,ɪn'kæpsjə'let,,v.装入胶囊，压缩,托福
evanescent,",ɛvə'nɛsnt",,"a.迅速消失的, 短暂的",托福
archipelago,'ɑrkə'pɛlə'go,,"n.群岛, 多岛海",托福
usefully,'ju:sfəli,,ad.有用地,托福
encyclopedia,ɪnˌsaɪkləˈpidiɚ,,n.百科全书,托福
multivolume,",mʌlti'vɔlju:m",,a.多卷的,托福
supportive,sə'pɔrtɪv,,a.支持的,托福
anathema,ə'næθəmə,,n.诅咒,托福
patty,'pæti,,"n.小馅饼,",托福
workmanship,'wɝkmənʃɪp,,"n.手艺, 技艺",托福
documentary,'dɑkjə'mɛntri,,"n.记录片 a纪录的, 文件的",托福
untraditional,,,"a.非传统的,不符合传统的",托福
thoughtless,'θɔtləs,,a.欠考虑的,托福
modernist,'mɑdɚnɪst,,"n.现代主义者, 现代人",托福
bergere,,,n.围手椅,托福
mainstream,'menstrim,,n.主流,托福
photojournalism,",foto'dʒɝnəlɪzəm",,n.摄影新闻工作,托福
souvenir,",suvə'nɪr",,n.纪念品,托福
regionalist,'ri:dʒənəlist,,"n.地方主义者, 地方主义作家",托福
reportedly,rɪ'pɔrtɪdli,,"ad.据传说, 据传闻",托福
reachable,'ritʃəbl,,"a.可达成的, 可获得的",托福
paradox,'pærədɑks,,"n.似非而是的论点, 自相矛盾的话",托福
stratosphere,'strætəsfɪr,,"n.平流层, 高层次",托福
Americana,ə'merikɑ:nə,,"n.有关美国的文物, 史料",托福
desirability,"dɪ,zaɪrə'bɪləti",,"n.愿望, 希求",托福
inflexibly,in'fleksəbli,,"ad.不弯曲地, 不屈地",托福
implausible,ɪm'plɔzəbl,,"a.难信的, 似乎不合情理的",托福
convincingly,kən'vɪnsɪŋli,,"ad.令人信服地, 有说服力地",托福
unwillingness,ʌn'wiliŋnis,,"n.不愿意, 不情愿",托福
generically,dʒi'nerikəli,,"ad.属类地, 属类上",托福
stronghold,'strɔŋhold,,"n.要塞, 据点",托福
drench,drɛntʃ,,v.湿透,托福
industrially,in'dʌstriəli,,ad.企业[工业]地,托福
vitality,vaɪ'tæləti,,"n.活力, 生命力",托福
restatement,ri:'steitmənt,,"n.再声明, 重述",托福
constituency,kənˈstɪtʃʊənsɪ,,"n.(选区的)选民,  支持者",托福
eclectic,ɪ'klɛktɪk,,a.折衷的 n.折衷主义者,托福
preparedness,prɪ'pɛrdnəs,,"n.有准备, 已准备",托福
wrinkle,'rɪŋkl,,n.皱纹 v使皱,托福
eyeball,'aɪbɔl,,"n.眼球, 眼珠子",托福
persuasive,pɚ'swesɪv,,n.说服者a善说服的,托福
seedy,'sidi,,"a.多种子的, 结籽的",托福
thoughtfully,'θɔtfəli,,"ad.思虑地, 仔细地",托福
unbiased,ʌn'baɪəst,,a.公正的,托福
square,skwɛr,,"a.正方形的,平方的 n正方形；广场",托福
plethora,'plɛθərə,,"n.过剩,过量",托福
openly,'opənli,,"ad.不隐瞒地, 公然地",托福
conditioner,kən'dɪʃənɚ,,"n.调节者, 调节装置",托福
dung,dʌŋ,,n.粪 vt施粪肥于,托福
substantive,səb'stæntɪv,,a.独立存在的，直接的,托福
automatic,'ɔtə'mætɪk,,"n.自动机械 a自动的,机械的",托福
replenishment,rɪ'plɛnɪʃmənt,,"n.补给, 补充",托福
fanner,'fænɚ,,n.通风机,托福
globally,,,"ad.世界上, 全世界",托福
invigorate,ɪn'vɪɡəret,,v.鼓舞,托福
civet,'sɪvɪt,,n.[动物]麝猫,托福
drown,draʊn,,"v.溺死, 淹没",托福
setup,"'sɛt,ʌp",,"n.装备, 安装,计划",托福
untrue,ʌn'tru,,"a.不真实的, 不正确的",托福
dolphin,'dɑlfɪn,,n.海豚,托福
rephrase,",ri'frez",,v.改述,托福
overproduction,",əuvəprə'dʌkʃən",,n.生产过剩,托福
moat,mot,,"n.护城河, 城壕",托福
replica,'rɛplɪkə,,n.复制品,托福
minority,maɪ'nɔrəti,,"n.少数, 少数民族",托福
forum,'fɔrəm,,"n.讨论会, 论坛",托福
aridity,æ'rɪdəti,,"n.干旱, 乏味",托福
purge,pɝdʒ,,v.清洗(除) n清洗,托福
therapist,'θɛrəpɪst,,n.临床医学家,托福
attacker,ə'tækɚ,,n.攻击者,托福
regrettable,rɪ'ɡrɛtəbl,,"a.可惜的, 遗憾的",托福
cheer,tʃɪr,,n& v.欢呼,托福
schist,ʃɪst,,n.[地]片岩,托福
Thai,taɪ,,"n.泰国人, 泰国语",托福
rime,raɪm,,"n.结晶, v使蒙霜",托福
loyally,'lɔiəli,,ad.忠诚,托福
artiste,ɑr'tist,,n.技艺家,托福
symbolically,sim'bɔlikəli,,ad.象征(性)地,托福
misinterprete,,,v.误解,托福
controllable,kən'troləbl,,"a.可管理的, 可控制的",托福
categorically,",kæti'gɔrikli",,"ad.断然地, 明确地",托福
outwit,",aʊt'wɪt",,"v.瞒骗, 以智取胜",托福
intelligently,in'telidʒəntli,,ad.聪明地；理智地,托福
problematic,'prɑblə'mætɪk,,"a.问题的, 有疑问的",托福
restlessness,rɛstlɪsnɪs,,"n.辗转不安, 烦躁不安",托福
bearing,'bɛrɪŋ,,n.举止，风度,托福
clutch,klʌtʃ,,"v.抓住, 攫住",托福
uncarved,,,a.没雕刻的,托福
macaque,mə'kɑk,,n.短尾猿,托福
villager,'vɪlɪdʒɚ,,n.村民,托福
fallacy,'fæləsi,,"n.谬误, 谬论",托福
vitascope,'vaitəskəup,,n.老式放映机,托福
unfocused,",ʌn'fəukəst",,"a.未聚焦的,无焦点的",托福
anyplace,'ɛnɪples,,ad.任何地方,托福
stealthy,'stɛlθi,,"a.鬼鬼祟祟的, 秘密的",托福
beng,,,n.大麻,托福
hut,hʌt,,"n.小屋, 棚屋",托福
douse,daʊs,,v.熄灭；浸，洒,托福
silvery,'sɪlvəri,,"a.含银的,银色光泽的",托福
healer,'hilɚ,,"n.医治者, 治病术士",托福
holy,'holi,,"a.神圣的, 圣洁的",托福
diviner,di'vainə,,"n.占卜者, 占卦的人",托福
panhandle,"'pæn,hændl",,n.狭长地带 v乞讨,托福
belter,'beltə,,"n.非常好, 出色的例子",托福
foe,fo,,"n.敌人,危害物",托福
terylene,"'terəli:n, -ri-",,n.涤纶,托福
humorously,'hju:mərəsli,,"ad.幽默地, 滑稽地",托福
nylon,'naɪlɑn,,n.尼龙,托福
elimination,"ɪ,lɪmə'neʃən",,"n.排除,消除",托福
nowadays,'naʊədez,,"ad.现今, 现在",托福
permission,pɚ'mɪʃən,,"n.许可, 允许",托福
crease,kris,,n.折缝，皱褶 v(使)起皱,托福
rayon,'reɑn,,"n.人造丝, 人造纤维",托福
olive,'ɑlɪv,,n.橄榄树,托福
indigo,'ɪndɪɡo,,"n.靛, 靛青",托福
woad,wod,,n.[植]菘蓝,托福
needlelike,'ni:dllaik,,a.针状的,托福
mote,məʊt,,"n.尘埃, 微粒",托福
salal,sə'læl,,n.[植](产于北美洲太平洋沿岸的)沙龙白珠树,托福
abnormality,",æbnɔr'mæləti",,n.变态 畸形,托福
hugely,'hju:dʒli,,"ad.巨大地, 非常地",托福
acetate,'æsɪtet,,n.[化]醋酸盐,托福
micronutrient,",maɪkro'njʊtrɪənt",,n.[生]微量营养素,托福
turmeric,'tɝmərɪk,,"n.[植]姜黄, 姜黄根, 姜黄根粉末",托福
christian,'krɪstʃən,,"n./a基督徒,基督教的",托福
saffron,'sæfrən,,n.[植]藏红花,托福
overprint,'ovəprɪnt,,"vt& n.套印, 印戳",托福
religiously,rɪ'lɪdʒəsli,,"ad.虔诚地, 笃信地",托福
deem,dim,,"v.认为, 相信",托福
storyteller,'stɔrɪtɛlɚ,,"n.说故事的人, 作家",托福
ritualize,'rɪtʃuəlaɪz,,"v.使仪式化, 奉行仪式主义",托福
teller,'tɛlɚ,,"n.讲话的人, 告诉的人",托福
abruptness,ə'brʌptnis,,"n.唐突,粗鲁",托福
pantomimic,",pæntə'mimik",,a.哑剧的,托福
slider,'slaɪdɚ,,"n.滑雪者, 滑冰者",托福
subglacial,sʌb'gleɪʃəl,,a.冰川下的,托福
cute,kjʊt,,"a.可爱的, 聪明的",托福
hike,haɪk,,n&v.徒步旅行,托福
rhythmically,'riðmikli,,ad.有节奏地,托福
sincerity,sɪn'sɪərəti,,"n.诚挚, 真实",托福
cleverness,'klevənis,,"n.聪明, 机灵",托福
bombardment,bɑm'bɑrdmənt,,"n.炮击, 轰击",托福
lounger,'laundʒə,,"n.漫步的人, 懒人",托福
northward,'nɔrθwɚdz,,ad.向北 a.向北的,托福
dugout,'dʌɡaʊt,,"n.防空洞, 独木舟",托福
moccasin,'mɑkəsn,,"n.鹿皮鞋, 软拖鞋",托福
interruption,",ɪntə'rʌpʃən",,"n.中断, 打断",托福
chronologically,krɔnə'lɔdʒikli,,a.按年代的,托福
activate,'æktə'vet,,"v.激活, 使活动",托福
episodic,",ɛpɪ'sɑdɪk",,"a.插曲式的,短暂的",托福
fiord,fjɔːd,,"n.(尤指挪威的)海湾, 峡湾",托福
esteem,ɪ'stim,,n.／ vt尊重，敬重,托福
colosseum,",kɔlə'siəm",,"n.罗马圆形大剧场(建于公元80年,耗时5年,至今大部分尚存)",托福
holder,'holdɚ,,"n.持有者, 占有者",托福
achievable,ə'tʃivəbl,,"a.做得成的, 可完成的",托福
fixation,fɪk'seʃən,,"n.固定, 注视",托福
acknowledge,ək'nɑlɪdʒ,,"v.承认, 答谢",托福
uncooperative,",ʌnko'ɑpərətɪv",,"a.不合作的, 不配合的",托福
hub,hʌb,,"n.中心,轮轴",托福
meteoroid,"'mitɪər,ɔɪd",,n.流星体,托福
threadlike,'θredlaik,,a.线状的,托福
pulp,pʌlp,,n.酱；果肉；纸浆,托福
physician,fɪ'zɪʃən,,"n.医师, 内科医师",托福
sod,sɑd,,n.草地,托福
clench,klɛntʃ,,v.捏紧；紧紧握住,托福
fist,fɪst,,n.拳头,托福
supplementation,",sʌpləmən'teʃən",,"n.增补,补充",托福
disrepute,",dɪsrɪ'pjut",,n.坏名声,托福
syndrome,'sɪndrəm,,n.综合病症,托福
rectify,'rɛktɪfaɪ,,"v.矫正, 调整",托福
herein,",hɪr'ɪn",,"ad.在此处, 此中",托福
denial,dɪ'naɪəl,,"n.否认,谢绝",托福
sugarlike,,,a.类糖的(糖似的),托福
rake,rek,,"n.耙子, 斜度",托福
survivability,",səvaivə'biliti",,n.残存性,托福
theological,",θiə'lɑdʒɪkl",,a.神学(上)的,托福
dorsal,'dɔrsl,,"a.背的, 脊的",托福
irritability,",ɪrətə'bɪləti",,"n.过敏性, 兴奋性",托福
neurilemmal,,,"a.神经膜的, 神经鞘的",托福
neuroglia,njʊ'rɑglɪə,,n.[解]神经胶(质),托福
mushroom,'mʌʃrʊm,,n.蘑菇,托福
breakdown,'brek'daʊn,,"n.崩溃, 衰弱",托福
yeast,jist,,"n.酵母, 发酵粉",托福
concurrent,kən'kɝənt,,a.一致的；同时的,托福
stratification,",strætɪfɪ'keʃən",,"n.分层, 成层法",托福
microcosm,'maɪkrokɑzəm,,n.微观世界,托福
unsureness,,,"n.不确定, 缺乏自信",托福
fright,fraɪt,,"n.惊骇, 吃惊",托福
belie,bɪ'laɪ,,v.掩饰,托福
hesitant,'hɛzɪtənt,,"a.迟疑的, 犹豫不定的",托福
sewer,'suɚ,,n.排水沟，下水道,托福
slum,slʌm,,n.贫民窟,托福
detection,dɪ'tɛkʃən,,"n.察觉, 侦查",托福
glider,'ɡlaɪdɚ,,"n.滑行(或物), 滑翔机",托福
anytime,"'ɛnɪ,taɪm",,"ad.任何时候, 无论何时",托福
intuitive,ɪn'tuɪtɪv,,a.有直觉力的，直觉到的,托福
undernutrition,",ʌndənʊ'trɪʃən; ,ʌndənjʊ'trɪʃən",,n.营养不良,托福
urgent,'ɝdʒənt,,"a.急迫的, 紧急的",托福
hohokam,həu'həukɑ:m,,a.霍霍坎文化的,托福
irresponsible,",ɪrɪ'spɑnsəbl",,"a.不负责任的, 不可靠的",托福
retrospect,'rɛtrəspɛkt,,n.回顾,托福
chronic,'krɑnɪk,,"a.慢性的, 延续很长的",托福
index,'ɪndɛks,,"n.索引, 指数",托福
flatfish,'flætfɪʃ,,n.比目鱼,托福
attic,'ætɪk,,n.阁楼,托福
sundial,'sʌn'daɪəl,,"n.日昝仪, 日规",托福
butte,bjut,,n.孤立的丘,托福
lightly,'laɪtli,,"ad.轻轻地, 轻松地",托福
uneducated,ʌn'ɛdʒuketɪd,,a.没受教育的；文盲的,托福
securely,sɪ'kjʊrli,,ad.安全地；无疑地,托福
uncorrupt,'ʌnkə'rʌpt,,ad.不腐败的;廉洁的,托福
landscapist,"'lænd,skeipist",,n.风景画家,托福
scenery,'sinəri,,"n.风景, 景色",托福
complimentary,",kɑmplɪ'mɛntri",,a.称赞的；免费的,托福
incorporation,"ɪn,kɔrpə'reʃən",,n.合并；组建公司,托福
sobriquet,'sobrɪkɛi,,"n.假名, 绰号",托福
socialize,'soʃəlaɪz,,"v.使社会化, 使社会主义化",托福
rename,",ri'nem",,"v.重新命名, 改名",托福
awaken,ə'wekən,,"v.唤醒, 醒来",托福
afflict,ə'flɪkt,,"v.使痛苦, 折磨",托福
governance,'gʌvɚnəns,,"n.统治, 管理",托福
methodically,məˈθɑːdɪkli,,"ad.有条不紊地, 有方法地",托福
feverishly,'fi:vəriʃli,,"ad.兴奋地, 发热地",托福
personnel,",pɝsə'nɛl",,"n.人员, 职员",托福
antifungal,",ænti'fʌŋɡəl; ,æntaɪfʌŋɡəl",,"a.抗真菌的, 杀真菌的",托福
senior,'sinɪɚ,,"a.年长的, 资格较老的",托福
flashy,'flæʃi,,a.浮华的,托福
dimly,'dɪmli,,"ad.微暗, 朦胧",托福
earthward,'ɝθwɚd,,"ad.向地球, 向地面",托福
justice,'dʒʌstɪs,,"n.正义, 公平",托福
overwhelmingly,",ovɚ'hwɛlmɪŋli",,"ad.压倒性地, 不可抵抗地",托福
assembly,ə'sɛmbli,,n.集会，集合;组装,托福
stressful,'strɛsfl,,"a.紧张的, 压力重的",托福
exertion,ɪɡ'zɝʃən,,"n.努力, 发挥,运用",托福
deformity,dɪ'fɔrməti,,"n.残缺, 畸形",托福
disruptive,dɪs'rʌptɪv,,"a.使破裂的, 分裂性的",托福
girder,'ɡədɚ,,n.梁,托福
bustle,'bʌsl,,v.匆匆忙忙,托福
unforeseen,",ʌnfɔr'sin",,a.无法预料的,托福
conversational,",kɑnvɚ'seʃənl",,"a.会话的, 对话的",托福
governor,'ɡʌvɚnɚ,,"n.统治者, 管理者",托福
abbreviate,ə'brivɪ'et,,"v.缩写, 简化",托福
restrain,rɪ'stren,,"v.抑制, 制止",托福
broadcaster,'brɔdkæstɚ,,"n.播送设备, 广播员",托福
adviser,əd'vaɪzɚ,,"n.顾问,",托福
clarification,",klærəfə'keʃən",,"n.澄清, 净化",托福
awful,'ɔfl,,"a.可怕的, 威严的,",托福
speechwriter,"'spitʃ,raitə",,n.演讲稿撰写人,托福
televisual,",tɛlɪ'vɪʒʊəl",,a.电视的,托福
electrify,ɪ'lɛktrə'fai,,"v.使充电, 使通电",托福
legislative,'lɛdʒɪsletɪv,,"a.立法的, 立法机关的",托福
melodic,mə'lɑdɪk,,"a.有旋律的,调子美妙的",托福
predictably,pri'diktəbli,,"ad.可预言地, 不出所料地",托福
climatically,klai'mætikli,,"ad.气候上, 风土上",托福
lethargic,lɪ'θɑːdʒɪk,,a.昏睡的,托福
chicken,ˈtʃɪkən,,n.小鸡,托福
compute,kəm'pjʊt,,"v.计算, 估计",托福
pathology,pə'θɑlədʒi,,n.病理学,托福
offend,ə'fɛnd,,"v.犯罪, 冒犯",托福
disk,dɪsk,,"n.磁盘,圆盘",托福
helper,'hɛlpɚ,,"n.帮忙者, 助手",托福
triangular,traɪ'æŋgjəlɚ,,"a.三角形的, 三人间的",托福
counsel,'kaʊnsl,,n.律师 vt劝告，提议,托福
programme,proɡrəm,,"n.程序, 编程",托福
curvature,'kɝvətʃɚ,,"n.弯曲, 曲率",托福
endpoint,"'ɛnd,pɔɪnt",,n.端点,托福
vocational,vo'keʃənl,,a.职业的，业务的,托福
datebase,,,"n.数据库, 资料库",托福
compulsory,kəm'pʌlsəri,,"a.强制的,  义务的",托福
shyness,'ʃainis,,"n.羞怯, 胆怯",托福
lethargy,'lɛθɚdʒi,,n.无生气,托福
hostility,hɑ'stɪləti,,"n.敌意, 不友善",托福
credential,krə'dɛnʃl,,"n.外交使节所递的国书, 信任状",托福
disorientation,"dis,ɔ:rien'teiʃən",,"n.迷失方向, 迷惑",托福
additionally,ə'dɪʃənli,,"ad.另外, 同时",托福
uninterrupted,",ʌn,ɪntə'rʌptɪd",,"a.不停的, 连续的",托福
bureaucratization,"bjuə,rɔkrətai'zeiʃən, -ti'z-",,n.官化,托福
excursion,ɪk'skɝʒn,,n.远足，短途旅行,托福
dissension,dɪ'sɛnʃən,,"n.意见不同, 纠纷",托福
embryonic,",ɛmbrɪ'ɑnɪk",,a.胚胎的，萌芽期的,托福
breakup,'brek'ʌp,,"n.破裂, 崩溃",托福
necklace,'nɛkləs,,n.项链,托福
bylaw,"'baɪ,lɔ",,"n.附则, 法规",托福
republish,ri'pʌblɪʃ,,"v.再版, 重新发表",托福
publicly,'pʌblikli,,"ad.公然地, 舆论上",托福
distantly,'distəntli,,"a.疏远的, 遥远的",托福
oily,'ɔɪli,,"a.油的, 油滑的",托福
assault,ə'sɔlt,,"n&v.攻击, 袭击",托福
fierce,fɪrs,,"a.凶猛的, 猛烈的",托福
categorize,'kætəgə'raɪz,,"v.加以类别, 分类",托福
severity,sə'vɛrəti,,"n.严肃, 严格",托福
definitively,'definitivli,,"ad.决定性地, 最后地",托福
lineage,'lɪnɪɪdʒ,,"n.血统, 世系",托福
slam,slæm,,v.砰地关上(放下),托福
flaming,'flemɪŋ,,a.熊熊燃烧的；热情的,托福
pique,pik,,"n.生气, 愤怒",托福
internet,'ɪntɚnɛt,,n.国际互联网，因特网,托福
newscast,'njʊzkæst,,n.<美>新闻广播,托福
fateful,'fetfl,,a.重大的；不幸的,托福
antipathy,æn'tɪpəθi,,"n.憎恶, 反感",托福
hurtle,'hɝtl,,v.急飞,托福
glisten,'ɡlɪsn,,v.闪光,托福
predate,pri'det,,"v.提早日期, 居先",托福
Finnish,'finiʃ,,a.芬兰的,托福
cenote,sɪ'note,,n.天然井,托福
empathy,'ɛmpəθi,,"n.移情作用, 共鸣",托福
hardwood,'hɑrdwʊd,,"n.硬木, 阔叶树",托福
sash,sæʃ,,n.腰带，肩带,托福
prohibit,prə'hɪbɪt,,"v.禁止, 阻止",托福
foment,fə(ʊ)'ment,,v.[医]热敷,托福
gesture,'dʒɛstʃɚ,,"n.姿态, 手势",托福
pretentious,prɪ'tɛnʃəs,,a.自命不凡的，自负的,托福
heredity,hə'rɛdəti,,"n.遗传, 形质遗传",托福
yean,ji:n,,"v.生产, 生育",托福
dining,'daɪnɪŋ,,n.吃饭,托福
amenity,ə'mɛnəti,,"n.宜人, 礼仪",托福
changeover,'tʃendʒ'ovɚ,,"n.转换, 大变更",托福
meander,mɪ'ændɚ,,v.蜿蜒而行,托福
skylight,'skaɪ'laɪt,,n.天窗,托福
palatable,'pælətəbl,,a.味美的,托福
contender,kən'tɛndɚ,,n.竞争者,托福
invariable,ɪn'vɛrərɪəbl,,"n&a.不变的, 永恒的",托福
depreciation,"dɪ,priʃɪ'eʃən",,"n.贬值, 减价",托福
unspecified,",ʌn'spɛsɪfaɪd",,a.未详细说明的,托福
disability,",dɪsə'bɪləti",,"n.无力, 残疾",托福
helplessness,,,n.无能为力,托福
retentive,rɪ'tɛntɪv,,a.有记忆力的,托福
amplifier,'æmplɪfaɪɚ,,"n.扩音器, 放大器",托福
scan,skæn,,n&v.扫描；浏览,托福
unfailingly,ʌn'feiliŋli,,"ad.无穷尽地, 可靠地",托福
swell,swɛl,,"v.(使)膨胀, 增大",托福
needless,'nidləs,,"a.不需要的, 不必要的",托福
bulge,bʌldʒ,,n&v.膨胀，鼓起,托福
undiscovered,'ʌndis'kʌvəd,,a.未被发现的,托福
helplessly,'helplisli,,ad.无能为力地,托福
overnight,'ovənaɪt,,ad& a.(在)整夜(的)；突然(的),托福
dentist,'dɛntɪst,,n.牙科医生,托福
optometrist,ɑp'tɑmətrɪst,,"n.验光师, 视力测定者",托福
merciless,'mə:silis,,a.残忍的；无情的,托福
strenuous,'strɛnjuəs,,"a.奋发的, 费力的, 积极的",托福
passion,'pæʃən,,n.激情，热情,托福
emancipate,ɪ'mænsɪpet,,"v.释放, 解放",托福
protagonist,prə'tæɡənɪst,,n.提倡者，支持者,托福
leo,'li:əu,,n.[天]狮子座，狮子宫,托福
cruel,'kruəl,,"a.残酷的, 悲惨的",托福
grimly,'grɪmlɪ,,"ad.严格地,冷酷地",托福
apportion,ə'pɔrʃən,,v.分配,托福
commentator,'kɑmən'tetɚ,,"n.评论员, 解说员",托福
repay,ri'pɛi,,"v.偿还, 报答",托福
earning,'ɝnɪŋ,,"n.所得,收入",托福
bankruptcy,'bæŋkrʌptsi,,n.破产,托福
subjugation,",sʌbdʒə'ɡeʃən",,"n.镇压, 平息",托福
uncontrollably,",ʌnkən'trəuləbli",,"a.无法管束的, 控制不住的",托福
lazily,'leizili,,ad.懒洋洋地,托福
radioactive,'redɪo'æktɪv,,a.放射性的，有辐射能的,托福
consortium,kənˈsɔrʃiəm,,"n.财团, 联合, 合伙",托福
preventive,pri'vɛntɪv,,a.预防性的,托福
supplementary,",sʌplɪ'mɛntri",,a.增补的，补充的,托福
multidirectional,",mʌltɪdaɪ'rɛkʃənəl",,a.多方向的,托福
booklet,'bʊklət,,n.小册子,托福
curio,'kjʊrɪo,,"n.古董, 古玩",托福
chandler,'tʃændlɚ,,n.杂货零售商,托福
speck,spɛk,,n.斑点,托福
stair,stɛr,,n.楼梯,托福
encircle,ɪn'sɝkl,,"v.环绕, 围绕",托福
surmount,sɚ'maʊnt,,v.克服；置于…顶上,托福
heading,'hɛdɪŋ,,n.标题,托福
Californian,ˌkælɪˈfɔːnɪən,,n.加利福尼亚州人 a加州的,托福
reaumur,'reiəmjuə,,n&a.列氏温度计(的),托福
mycology,maɪ'kɑlədʒi,,n.[植]真菌学,托福
glean,ɡlin,,"v.拾落穗, 收集",托福
nevus,'ni:vəs,,n.[医]痣,托福
watcher,'wɔtʃɚ,,"n.监票员, 看守人",托福
filament,'fɪləmənt,,"n.细丝, 灯丝",托福
thermal,'θɝml,,"a.热的, 热量的",托福
ostrich,'ɔstrɪtʃ,,n.鸵鸟,托福
faintly,'fentli,,"ad.微弱地, 朦胧地",托福
dazzlingly,'dæzliŋli,,"ad.灿烂地, 耀眼地",托福
tint,tɪnt,,n.色彩,托福
varve,vɑrv,,n.[地质]纹泥,托福
server,'sɝvɚ,,n.服务器,托福
benign,bɪ'naɪn,,"a.仁慈的, 温和的, 良性的",托福
feathery,'fɛðəri,,"a.生有羽毛的,柔软如羽毛的",托福
churn,tʃɝn,,"v.搅拌, 搅动",托福
awhile,ə'waɪl,,"ad.片刻, 一会儿",托福
proudly,'praʊdli,,ad.骄傲地,托福
pedestrian,pə'dɛstrɪən,,n.步行者，行人,托福
oilskin,'ɔɪlskɪn,,"n.油布, 防水布",托福
splash,splæʃ,,"n&v.溅, 飞溅",托福
unnoticed,",ʌn'notɪst",,"a.不被注意的, 被忽视的",托福
thunderous,'θʌndərəs,,"a.打雷的, 雷鸣般的",托福
faraway,'fɑrəwe,,a.遥远的,托福
ploy,plɔɪ,,n.花招，手段,托福
noisily,'nɔ:izili,,ad.吵闹地,托福
squeak,skwik,,n.吱吱声 v.吱吱叫,托福
crouch,kraʊtʃ,,"v.蜷缩, 蹲伏",托福
regain,rɪ'ɡen,,v.收回；恢复,托福
outcome,'aʊt'kʌm,,"n.结果, 成果",托福
heroism,'hɛroɪzəm,,"n.英雄品质, 英雄主义",托福
inconspicuously,",inkəns'pikjuəsli",,"ad.难以觉察地, 不显著地",托福
matron,'metrən,,n.主妇；护士长,托福
suspension,sə'spɛnʃən,,"n.暂停, 中止",托福
stratagem,'strætədʒəm,,"n.战略, 计谋",托福
brood,brud,,v.沉思；孵蛋 n一窝,托福
vole,vol,,n.田鼠,托福
mimic,'mɪmɪk,,"v.模仿, 模拟",托福
unmanageable,ʌn'mænɪdʒəbl,,"a.难处理的, 难控制的",托福
rivet,'rɪvɪt,,n.铆钉  v固定,托福
hairy,'hɛri,,a.毛发的，多毛的,托福
reception,rɪ'sɛpʃən,,n.招待会；接受,托福
flyway,"'flaɪ,we",,n.候鸟迁徙所经的路径,托福
nozzle,'nɑzl,,"n.管口, 喷嘴",托福
bonanza,bə'nænzə,,n.走运，发财,托福
electrician,ɪ'lɛk'trɪʃən,,"n.电工, 电学家",托福
overburden,əʊvə'bɜːd(ə)n,,"v.装载过多, 负担过多",托福
lavish,'lævɪʃ,,a.无节制的；浪费的 vt慷慨给予，挥霍,托福
bravery,'brevəri,,n.勇敢,托福
creek,krik,,"n.小溪, 小河,",托福
waster,'westɚ,,"n.挥霍者, 废品",托福
Stamford,'stæmfəd,,n.斯坦福德[美国康涅狄格州西南部城市],托福
gallon,'ɡælən,,n.加仑,托福
beer,bɪr,,n.啤酒,托福
tact,tækt,,"n.机智, 手法",托福
trapper,'træpɚ,,"n.捕兽者, 捕捉器",托福
romantically,rə'mæntikəli,,"ad.浪漫地, 空想地",托福
prosecute,'prɑsɪ'kjʊt,,v.起(公)诉，告发,托福
sonic,'sɑnɪk,,a.音速的,托福
enthusiast,ɪn'θuzɪæst,,"n.热心家, 狂热者",托福
smoothly,'smʊðli,,ad.平稳地,托福
gingham,'ɡɪŋəm,,n.条纹棉布,托福
slipper,'slɪpɚ,,n.拖鞋,托福
instantaneous,",ɪnstən'tenɪəs",,a.瞬间的，即刻的,托福
shoeshine,'ʃuːʃaɪn,,"n.鞋油, 擦皮鞋",托福
politely,pə'laɪtli,,ad.有礼貌地,托福
modestly,mɑdɪstlɪ,,"ad.谨慎地, 适当地",托福
balcony,'bælkəni,,"n.阳台, 包厢",托福
loudspeaker,",laʊd'spikɚ",,"n.扩音器, 喇叭",托福
confluence,'kɑnfluəns,,n.汇合,托福
crunch,krʌntʃ,,vi&n.嘎吱嘎吱地响(声),托福
juggle,'dʒʌɡl,,v&n.玩杂耍,托福
seize,siz,,"v.抓住,夺取",托福
mormon,'mɔ:mən,,"n.摩门教徒, 一夫多妻主义者",托福
atheist,'eθɪɪst,,n.无神论者,托福
gallop,'ɡæləp,,"n./v疾驰, 飞奔",托福
trestle,'trɛsl,,"n.架柱, 支架",托福
ravine,rə'vin,,"n.沟壑, 峡谷",托福
spidery,'spaɪdəri,,"a.蜘蛛(网)一般的, 细长足的",托福
wildcatter,"'waid,kætə",,n.投机份子,托福
onlooker,'ɑnlʊkɚ,,n.旁观者,托福
folly,'fɑli,,"n.愚蠢, 荒唐事",托福
lubricate,'lubrɪket,,v.润滑 v加润滑油,托福
trespasser,'trespəsə,,"n.侵入者, 侵犯者",托福
waxes,,,n.蜡，蜂蜡 vt给…上蜡,托福
grocery,'ɡrosəri,,n.食品杂货店,托福
refiner,rɪ'faɪnɚ,,"n.精炼者, 精炼机",托福
richly,'rɪtʃli,,"ad.富裕地, 丰富地",托福
remodel,",ri'mɑdl",,"v.重新塑造, 改造",托福
kier,kiə(r),,n.漂煮锅,托福
seepage,'sipɪdʒ,,"n.渗流, 渗出的量",托福
cooperative,ko'ɑpərətɪv,,"a.合作的, 协力的",托福
ponytail,'ponɪ'tel,,n.马尾辫(一种发型),托福
disuse,dɪs'jus,,"n&v.废弃, 废止",托福
adequately,'ædikwitli,,ad.充分地,托福
wither,'wɪðɚ,,"v.凋谢,枯萎",托福
facsimile,fæk'sɪməli,,"n.摹写, 传真",托福
unproductive,'ʌnprə'dʌktɪv,,"a.不生产的, 徒劳的",托福
methodical,mə'θɑdɪkl,,a.有条理的，井然的,托福
contest,kən'tɛst,,"n&v.论争, 竞赛",托福
bike,baɪk,,"n.脚踏车, 自行车",托福
indulge,ɪn'dʌldʒ,,v.纵容,托福
unnoticeable,'ʌn'nəutisəbl,,a.不引人注意的(,托福
termination,'tɝmə'neʃən,,n.终止,托福
dismay,dɪs'me,,"n&v.沮丧, 绝望",托福
irreparable,ɪ'rɛpərəbl,,a.无法修复的，不能挽回的,托福
birthright,'bɝθraɪt,,"n.生来就有的权利, 长子继承权",托福
negotiation,"nɪ,ɡoʃɪ'eʃən",,"n.商议, 谈判",托福
fruitless,'frutləs,,a.不结果实的,托福
conscription,kən'skrɪpʃən,,n.征召,托福
aloof,ə'luf,,a.冷漠的,托福
downtown,'daʊn'taʊn,,ad.在市区 a.市区的,托福
delectable,dɪ'lɛktəbl,,a.使人愉快的,托福
intermittent,",ɪntɚ'mɪtənt",,a.间歇的，断断续续的,托福
hatchery,'hætʃəri,,n.孵卵所,托福
doggedly,'dɔgidli,,"ad.固执地, 顽强地",托福
depot,'dipo,,"n.贮藏所, 仓库",托福
Minnesota,",mini'səutə",,n.明尼苏达州(美国州名),托福
erupt,ɪ'rʌpt,,v.喷出 vi爆发,托福
truck,trʌk,,"n.卡车, 敞棚货车",托福
phonetic,fə'nɛtɪk,,"a.语音的,语音学的",托福
lap,læp,,n.膝上；一圈 v.舔(食)；拍打,托福
chic,ʃɪk,,"a.别致的, 时髦的",托福
executive,ɪɡ'zɛkjətɪv,,n.主管，行政官a行政的,托福
slapstick,'slæpstɪk,,"n.闹剧, 趣剧",托福
hairdo,'hɛrdu,,n.发型,托福
maraca,məˈrækə,,n.[音]沙球,托福
beater,'bitɚ,,n.搅拌器,托福
picnic,'pɪknɪk,,n.野餐,托福
craze,krez,,n.狂热,托福
synthesizer,'sɪnθəsaɪzɚ,,"n.综合者, [电子]合成器",托福
liberation,",lɪbə'reʃən",,"n.释放, 解放",托福
thunder,'θʌndɚ,,"n.雷,雷声",托福
blip,blɪp,,"n.（在雷达屏幕显示出的）物体光点, 尖音信号",托福
excessively,ɪk'sɛsɪvli,,"ad.过分地, 过度地, 极度地",托福
indiscernible,",ɪndɪ'sɜːnɪb(ə)l",,a.看不清的,托福
lopsided,",lɑp'saɪdɪd",,"a.倾向一方的, 不平衡的",托福
hippopotamus,ˌhɪpəˈpɑtəməs,,n.河马,托福
laugh,læf,,"v&n.笑, 笑声",托福
groan,ɡron,,"n&v.呻吟, 叹息",托福
sneeze,sniz,,n.喷嚏 vi打喷嚏,托福
tapir,'teɪpə; -ɪə,,n.[动]貘,托福
scream,skrim,,"v./n尖声叫, 尖叫声",托福
horsefly,'hɔrsflaɪ,,n.马蝇,托福
nonelectronic,'nɔnilek'trɔnik,,a.非电子的,托福
vestige,'vɛstɪdʒ,,n.痕迹,托福
baseball,'besbɔl,,n.棒球(运动),托福
reverently,'revərəntli,,"ad.恭敬地, 虔诚地",托福
homeless,'homləs,,"a.无家的, 无家可归的",托福
mystify,'mɪstə'fai,,v.迷惑,托福
mesmerize,'mɛzməraɪz,,v.施催眠术,托福
undifferentiated,'ʌndɪfə'rɛnʃɪ'etɪd,,"a.无差别的, 一致的",托福
gravitation,",ɡrævɪ'teʃən",,"n.地心吸力, 引力作用",托福
springtime,'sprɪŋ'taɪm,,"n.春天, 春季",托福
sled,slɛd,,n.(小)雪撬,托福
ski,ski,,n.滑雪板 vi滑雪,托福
swampy,'swɔmpi,,a.沼泽的，似沼泽的,托福
pickaxe,'pɪkæks,,"n.鹤嘴锄, 手镐",托福
cubic,'kjubɪk,,"a.立方体的, 立方的",托福
taint,tent,,v.感染 n污点,托福
pestilential,",pɛstɪ'lɛnʃl",,"a.引起瘟疫的, 有害的",托福
miasmic,mai'æzmik,,"a.毒气的, 瘴气的",托福
onstage,'ɔn'stedʒ,,"a.台上的,舞台表演区的",托福
holm,həʊm,,n.(河，湖中的)小岛,托福
anymore,ɛnɪ'mɔr,,"ad.不再, 再也不",托福
trainload,'treinləud,,"n.装载量, 列车载重",托福
ziggurat,'zɪɡəræt,,n.古代亚述及巴比伦之金字形神塔(顶上有神殿),托福
shapeless,'ʃepləs,,"a.不成形的, 无定形的",托福
troupe,trʊp,,n.剧团,托福
postmodern,",post'mɑdɚn",,a.后现代主义的,托福
expressionless,ik'spreʃənlis,,a.无表情的,托福
clumsy,'klʌmzi,,a.笨拙的,托福
foghorn,'fɔɡhɔrn,,"n.[航海]雾角,尖而响的声音",托福
majestic,mə'dʒɛstɪk,,a.雄伟的，壮丽的,托福
viennese,",viə'ni:z",,n&a.维也纳人（语）(的),托福
commissioner,kə'mɪʃənɚ,,"n.委员, 专员",托福
plum,plʌm,,"n.[植] 李子, 洋李",托福
seaman,'simən,,"n.海员, 水手",托福
stilt,stɪlt,,"n.高跷, 支柱",托福
stele,stil,,"n.石碑,  匾额",托福
chronology,krə'nɑlədʒi,,"n.年代学, 年表",托福
overt,o'vɝt,,"a.明显的, 公然的",托福
colorfully,,,"a.华美的, 富有色彩的",托福
eminence,'ɛmɪnəns,,"n.出众, 显赫",托福
beacon,'bikən,,n.信号灯，闪光灯,托福
stubbornness,'stʌbɚnnɪs,,"n.倔强, 顽强",托福
prearrange,",priə'rendʒ",,v.预先安排,托福
persevere,",pɝsə'vɪr",,v.坚持,托福
softball,'sɔftbɔl,,"n.垒球运动, 垒球",托福
Shakespeare,'ʃekspɪr,,"n.莎士比亚(1564-1616,英国剧作家,诗人)",托福
abuse,ə'bjus,,"n&v.滥用, 虐待,辱骂",托福
cither,'siθə,,n.齐特拉琴(古希腊一种类似竖琴的古乐器),托福
modernistic,",mɑdɚ'nɪstɪk",,"a.现代的, 现代主义的",托福
wick,wɪk,,"n.蜡烛心, 灯芯",托福
corp,'kɔrp,,n.公司,托福
sturdiness,'stə:dinis,,"n.强健, 雄壮, 坚固",托福
wicker,'wɪkɚ,,n.柳条 a柳条制的,托福
austere,ɔ'stɪr,,"a.简朴的, 严厉的",托福
nationwide,",neʃn'waɪd",,a.全国性的,托福
astrological,",æstrə'lɔdʒik,-kəl",,"a.占星的, 占星术的",托福
mirage,mə'rɑʒ,,"n.海市蜃楼,幻想",托福
repertory,'rɛpɚtɔri,,n.仓库,托福
rescue,'rɛskju,,v.／ n营救，救援,托福
nearness,'niənis,,"n.靠近, 接近",托福
pavlova,pæv'ləuvə,,n.奶油水果蛋白饼,托福
nourishment,'nɝɪʃmənt,,"n.食物, 营养品",托福
schoolroom,'skulrum,,n.教室,托福
helpless,'hɛlpləs,,"a.无助的,没用的",托福
grandparents,'græn'pɛrənts,,"n.外祖父母, 祖父母",托福
fruitfulness,'fru:tfulnis,,"n.多产, 肥沃",托福
cathedral,kə'θidrəl,,n.大教堂,托福
ignition,ɪɡ'nɪʃən,,"n.点火, 点燃",托福
midwestern,ˌmɪd'wɛstən,,a.美国中西部的,托福
interject,",ɪntɚ'dʒɛkt",,"v.插嘴, 突然插入",托福
lightness,'laɪtnɪs,,"n.轻盈, 灵活",托福
idyllic,aɪ'dɪlɪk,,"a.田园短诗的, 牧歌的",托福
resonance,'rɛznəns,,"n.共鸣,  反响",托福
allegory,'æləɡɔri,,n.寓言,托福
rainbow,'renbo,,n.彩虹,托福
pretense,'pritɛns,,"n.借口,伪装，自吹",托福
gratuitous,ɡrə'tuɪtəs,,a.无缘无故的；免费的,托福
liveliness,'laɪvlɪnɪs,,n.活泼,托福
stench,stɛntʃ,,"n.恶臭, 臭气",托福
slime,slaɪm,,"n.粘土, 粘液",托福
tern,tɝn,,"n.三个一组, [鸟]燕鸥",托福
starlike,"'stɑr,laɪk",,"a.星形的, 星般闪烁的",托福
slimy,'slaɪmi,,"a.黏滑的, 卑劣的",托福
germ,dʒɝm,,"n.微生物, 细菌",托福
storeroom,'stɔrum,,"n.储藏室, 库房",托福
Oakland,'əuklənd,,n.奥克兰(美国加利福尼亚州西部城市),托福
allude,ə'lʊd,,v.暗指，提及,托福
sunburst,'sʌnbɝst,,n.从云隙射下的阳光,托福
lordly,'lɔrdli,,a.高贵的；高傲的,托福
ditch,dɪtʃ,,"n.沟,  壕沟",托福
rebellious,rɪ'bɛljəs,,a.反抗的，难控制的,托福
disciple,dɪ'saɪpl,,"n.信徒, 弟子",托福
arctic,'ɑrktɪk,,a.北极的 n北极(圈),托福
tadpole,'tæd'pol,,n.[动]蝌蚪,托福
propensity,prə'pɛnsəti,,n.倾向,托福
wildflower,"'waild,flauə",,n.野花,托福
stifle,'staɪfl,,"v.窒息, 抑制",托福
whip,wɪp,,n.鞭子 v鞭打,托福
debut,de'bju,,n.首次演出，初次露面,托福
sufficiency,sə'fɪʃnsi,,n.充足；充裕,托福
rebel,rɪ'bɛl,,n.反叛分子 v.反叛；反对,托福
foray,'fɔre,,v&n.突袭，偷袭,托福
pupil,pjupl,,n.小学生,托福
lacquer,'lækɚ,,"n.漆, 漆器",托福
gobi,'ɡəubi,,n.戈壁,托福
maiden,'medn,,"n.少女, 处女",托福
academically,",ækə'dɛmɪkəli",,ad.学业上,托福
vaccinate,'væksə'net,,v.接种疫苗，给…打防疫针,托福
summarization,",sʌmərai'zeiʃən, -ri'z-",,"n.摘要, 概要",托福
flu,flu,,n.流感,托福
haphazardly,",hæp'hæzədli",,"ad.不规则地, 随意地",托福
geometrically,",dʒiə'metrikəli",,ad.成几何级数(图形)地,托福
solidly,'sɑlɪdli,,"ad.坚硬地, 稳固地",托福
timid,'tɪmɪd,,"a.胆小的, 羞怯的",托福
embroider,ɪm'brɔɪdɚ,,v.刺绣，修饰,托福
drugstore,'drʌɡstɔr,,"n.药房, 杂货店",托福
speckle,'spɛkl,,n.小斑点  vt点缀,托福
gentlemanly,'dʒent(ə)lmənlɪ,,a.绅士派头的,托福
gamble,'ɡæmbl,,v& n.(打)赌；投机，冒险,托福
override,",ovɚ'raɪd",,v.不顾，否决,托福
citadel,ˈsɪtədəl,,"n.根据地, 大本营",托福
fresher,'frɛʃɚ,,"n.大学一年级新生, 新鲜人",托福
outcry,'aʊtkraɪ,,n.大声疾呼,托福
edit,'ɛdɪt,,"v.编辑, 校订",托福
postgraduate,post'ɡrædjet,,n.研究生,托福
manifesto,",mænɪ'fɛsto",,"n.宣言, 声明",托福
treasurer,'trɛʒərɚ,,"n.司库,财务主管",托福
gnaw,nɔ,,v.啃，咬,托福
endear,ɪn'dɪr,,v.使亲密,托福
industrious,ɪn'dʌstrɪəs,,"a.勤劳的, 勤奋的",托福
participator,pa:'tisipeitə,,n.参加者,托福
trespass,'trɛspəs,,n&v.侵犯，擅自进入,托福
darn,dɑrn,,v.缝补，补缀,托福
irony,'aɪrəni,,"n.反话, 讽刺",托福
cheerless,'tʃɪrləs,,a.不快活的,托福
sovereignty,'sɑvrənti,,"n.君主, 主权",托福
renunciation,"rɪ,nʌnsɪ'eʃən",,n.放弃，抛弃,托福
Calvinist,'kælvinist,,n.加尔文教徒(见Calvin),托福
sociability,",soʃə'bɪləti",,"n.好交际,善于交际",托福
frivolity,fri'vəliti,,"n.轻薄,轻浮",托福
womanhood,'wʊmən'hʊd,,"n.女人,女人气质",托福
stern,stɝn,,a.严厉的 n.船尾,托福
patriarchal,",petrɪ'ɑrkl",,"a.家长的, 族长的",托福
disinterest,dɪs'ɪntrəst,,"n.无兴趣, 不关心",托福
grip,ɡrɪp,,v.握紧，抓牢,托福
luce,lju:s,,n.一种成鱼,托福
writhe,raið,,v.翻滚，扭动,托福
overhead,",ovɚ'hɛd",,ad& a.在头顶上(的),托福
embroidery,ɪm'brɔɪdəri,,n.刺绣(品),托福
hobby,'hɑbi,,n.业余爱好,托福
radish,'rædɪʃ,,n.[植]萝卜,托福
ventilation,",vɛntl'eʃən",,"n.通风, 流通空气",托福
babble,'bæbl,,v.说蠢话，牙牙学语,托福
belle,bɛl,,n.美女,托福
fragility,frə'dʒɪləti,,"n.脆弱, 虚弱",托福
innocence,'ɪnəsns,,n.清白,托福
nonconformity,",nɑnkən'fɔrmɪti",,n.不信奉国教,托福
cardinal,'kɑrdɪnl,,"a.主要的, 最重要的",托福
willingly,'wɪlɪŋli,,"ad.自动地, 欣然地",托福
fervor,'fə:və,,"n.热情, 热烈",托福
undergraduate,",ʌndɚ'ɡrædʒuət",,n.(尚未取得学位的)大学生,托福
rosy,'rozi,,"a.蔷薇色的, 玫瑰红色的",托福
telecommuter,",telikə'mju:tə",,n.远程工作者,托福
seduce,sɪ'dʊs,,v.勾引；引诱,托福
programmer,'progræmɚ,,"n.程序师, 程序规划员",托福
paycheck,"'pe,tʃɛk",,"n.薪水支票, 工资",托福
disillusion,",dɪsɪ'luʒn",,v.醒悟,托福
accountant,ə'kaʊntənt,,"n.会计(员), 会计师",托福
tranquil,ˈtræŋkwəl,,a.安静的,托福
solitude,'sɑlətud,,n.孤独,托福
chary,ˈtʃeri,,a.小心的，审慎的,托福
farmhand,'fɑrmhænd,,n.农业工人，农场工人,托福
tardiness,'tɑrdɪnɪs,,n.缓慢,托福
harvester,'hɑrvɪstɚ,,n.收割机,托福
reliant,rɪ'laɪənt,,"a.信赖的, 依靠的",托福
facet,'fæsɪt,,"n.小平面, 方面, 刻面",托福
transpose,træn'spoz,,"v.调换, 颠倒顺序",托福
culturally,'kʌltʃərəli,,"ad.人文地, 文化地",托福
iconographic,"ai,kɔnə'ɡræfik",,"a.肖像的, 图像材料的",托福
earnestness,'ə:nistnis,,"n.坚定, 认真",托福
folkloric,fəuk'lɔ:rik,,"a.民间传说的, 民俗的",托福
vibrant,'vaɪbrənt,,a.震动的；明亮的,托福
unfold,ʌn'fold,,"v.展开,显露，展现",托福
coherence,ko'hɪrəns,,n.一致,托福
reprieve,rɪ'priv,,n& v.缓刑，暂时解救,托福
malfunction,",mæl'fʌŋkʃən",,n.故障,托福
eloquent,'ɛləkwənt,,"a.雄辩的, 有口才的",托福
introspective,'ɪntrə'spɛktɪv,,a.反省的,托福
etching,'ɛtʃɪŋ,,n.蚀刻版画,托福
gouache,ɡu'ɑʃ,,n.树胶水彩画,托福
frisky,'friski,,"a.活泼的, 欢闹的",托福
yelp,jɛlp,,n.咆哮,托福
barrelful,'bærəlfʊl,,"n.一桶之量, 大量",托福
chorus,'kɔrəs,,n.合唱(队),托福
unwell,ʌn'wɛl,,a.不舒服的,托福
displacement,dɪs'plesmənt,,"n.移置, 转移, 取代",托福
chaotically,kei'ɔtikli,,ad.浑沌地,托福
bathe,beð,,v.沐浴 n.洗澡,托福
fearsome,'fɪrsəm,,a.可怕的,托福
scour,'skaʊɚ,,v.四处搜索；洗涤,托福
philology,fɪ'lɑlədʒi,,"n.语言学, 文献学",托福
gentleman,'dʒɛntlmən,,"n.阁下, 先生",托福
unobservable,'ʌnəb'zə:vəbl,,a.不可见的,托福
sluggishly,'slʌgiʃli,,"a.缓慢的, 懒惰的",托福
balsam,'bɔlsəm,,n.香液,托福
weightily,'weitili,,"ad.沉重地, 重要地",托福
zoology,"zəu'ɔlədʒi, zu:-",,"n.动物学, 生态",托福
horseback,'hɔrsbæk,,"n.马背, 隆起的条状地带",托福
replant,",ri:'plɑ:nt, -'plænt",,"v.再植, 改种",托福
nonessential,",nɔni'senʃəl",,a.非本质的,托福
grammatical,grə'mætɪkl,,"a.语法的,合乎文法的",托福
sensational,sɛn'seʃənl,,"a.轰动的, 耸人听闻的",托福
filmy,'fɪlmi,,"a.薄膜的, 朦胧的",托福
pearly,'pɝli,,a.珍珠似的,托福
arrest,ə'rɛst,,"v.逮捕, 拘留",托福
nationally,'næʃənəli,,"ad.全国性地, 在全国范围内",托福
listless,'lɪstləs,,"a.倦怠的, 冷漠的",托福
aloft,ə'lɔft,,"ad.在高处, 在上",托福
hacienda,",hæsɪ'ɛndə",,n.庄园,托福
vaguest,,,a.含糊的，不明确的,托福
furnishing,'fə:niʃiŋ,,n.供给(装备),托福
oversight,'ovɚsaɪt,,"n.疏忽,  看管",托福
veteran,'vɛtərən,,"n.老兵,老手 a.经验丰富的",托福
stinger,'stɪŋɚ,,"n.刺激者, 讽刺者",托福
inundate,'ɪnʌndet,,v.淹没,托福
dusty,'dʌsti,,"a.满是灰尘的, 粉状的",托福
suffice,sə'faɪs,,v.足够 v.使满足,托福
luster,'lʌstɚ,,"n.光彩, 光泽",托福
housewares,'haʊswɛrz,,n.家用器皿,托福
drainpipe,'drenpaɪp,,n.排水管,托福
trash,træʃ,,"n.垃圾, 废物",托福
clayware,'kleiwεə,,n.黏土制品,托福
weedy,'widi,,a.杂草多的,托福
mermaid,'mɝmed,,n.美人鱼,托福
hart,hɑrt,,n.雄赤鹿,托福
chant,tʃænt,,n.圣歌,托福
plaza,'plæzə,,n.广场，集市,托福
slay,sle,,v.杀死，宰杀,托福
falsely,'fɔ:lsli,,"a.虚伪地,  错误地",托福
emergent,ɪ'mɝdʒənt,,a.紧急的,托福
landownership,"'lænd,əunəʃip",,n.土地所有,托福
metaphysical,",mɛtə'fɪzɪkl",,"a.形而上学的, 纯粹哲学的",托福
feeble,'fibl,,"a.虚弱的, 衰弱的",托福
joyous,'dʒɔɪəs,,"a.快乐的, 高兴的",托福
forceful,'fɔrsfl,,"a.有力的, 强烈的",托福
reluctance,rɪ'lʌktəns,,"n.不愿, 勉强",托福
engagement,ɪn'ɡedʒmənt,,"n.约会, 婚约",托福
swear,swɛr,,"v.宣誓, 发誓",托福
lover,'lʌvɚ,,"n.爱人, 爱好者",托福
epithet,'ɛpɪθɛt,,"n.绰号, 称号",托福
collapsible,kə'læpsəbl,,a.可折叠的;可拆卸的,托福
scruffy,'skrʌfi,,a.肮脏的，不洁的,托福
derisive,dɪ'raɪsɪv,,a.嘲笑的,托福
messy,'mɛsi,,"a.肮脏的, 凌乱的",托福
misery,'mɪzəri,,"n.痛苦, 苦恼",托福
fragmentary,'frægmən'tɛri,,a.由碎片组成的,托福
oxidizable,'ɔksidaizəbl,,a.可氧化的,托福
difluoride,,,n.二氟化物,托福
zirconium,zɚ'konɪəm,,n.锆,托福
publicity,pʌb'lɪsəti,,n.公开,托福
relict,'rɛlɪkt,,n.残遗物,托福
effortlessly,'efətlisli,,"ad.毫不费力地, 轻易地",托福
defensible,dɪ'fɛnsəbl,,a.可防御的,托福
idealistic,"ai,diə'listik,-kəl",,"a.理想主义的, 空想的",托福
blister,'blɪstɚ,,n.水泡,托福
statuette,",stʃʊjʊ'ɛt",,n.小雕像,托福
featureless,'fitʃɚləs,,"a.无特色的, 平凡的",托福
creed,krid,,n.信条,托福
scraggly,'skræɡli,,"a.零乱的, 锯齿状的",托福
zeal,zil,,"n.热心, 热情",托福
slapdash,'slæpdæʃ,,a.匆促的,托福
badge,bædʒ,,"n.徽章, 证章",托福
shrubby,'ʃrʌbi,,a.灌木的,托福
brutal,'brutl,,"a.残忍的, 兽性的",托福
impinge,ɪm'pɪndʒ,,v.撞击,托福
scrubbiness,,,"a.褴褛的,灌木丛生的",托福
flavin,'flævɪn,,"n.[化]黄素, 四羟酮醇",托福
mountainside,'maʊntənsaɪd,,"n.山腹, 山腰",托福
sunbaked,'sʌnbeikt,,a.晒干的,托福
testimony,'tɛstə'moni,,"n.证词, 宣言",托福
alumina,ə'lumɪnə,,n.[化]氧化铝(亦称矾土),托福
hairlike,'hεəlaik,,"a.毛一般的, 细微的",托福
coating,'kotɪŋ,,"n.被覆, 衣料",托福
wee,wi,,"a.很少的, 微小的",托福
watertight,'wɔtɚtaɪt,,"a.不漏水的, 无懈可击的",托福
rationalism,'ræʃnə'lɪzəm,,"n.理性主义, 唯理论",托福
willful,'wɪlfəl,,"a.任性的, 故意的",托福
worthiness,'wə:ðinis,,"n.价值,值得",托福
moralistic,",mɔrə'lɪstɪk",,"a.狭隘道德观的, 说教的",托福
conscientious,'kɑnʃɪ'ɛnʃəs,,a.认真的，勤勤恳恳的,托福
syntax,'sɪntæks,,"n.语法, 句法",托福
nonsense,'nɑnsɛns,,"n.胡说, 废话",托福
loudness,'laudnis,,"n.大声, 喧闹",托福
terminate,'tɝmɪnet,,"v.停止, 终止",托福
playful,'plefl,,a.爱玩耍的；幽默的,托福
discontinuity,",dɪs,kɑntə'nuəti",,"n.不连续, 中断",托福
prosaic,prə'zeɪk,,"a.单调乏味的,平淡的",托福
discrimination,"dɪ,skrɪmɪ'neʃən",,n.歧视；辨别力,托福
vowel,'vaʊəl,,n&a.元音(的),托福
dew,du,,n.露水,托福
shroud,ʃraʊd,,"n.裹尸布, 寿衣 v.用裹尸布裹, 遮蔽",托福
fearless,'fɪrləs,,a.不怕的，无畏的,托福
doom,dʊm,,v.注定，命定 n厄运,托福
install,ɪn'stɔl,,"v.安装, 安置",托福
landholder,"'lænd,həuldə",,"n.地主, 土地拥有者",托福
emergency,ɪ'mɝdʒənsi,,"n.紧急情况, 突然事件",托福
workable,'wɝkəbl,,"a.可经营的, 可使用的",托福
moralism,'mɒr(ə)lɪz(ə)m,,"n.道德主义, 说教",托福
dune,dʊn,,n.沙丘,托福
monarchy,'mɑnɚki,,"n.君主政体, 君主国",托福
nationalism,'næʃnəlɪzəm,,"n.民族主义, 国家主义",托福
flowerpot,'flaʊəpɒt,,"n.花盆, 花钵",托福
resale,'risel,,"n.再贩卖, 转售",托福
dubious,'dubɪəs,,"a.可疑的, 不确定的",托福
centralization,英 [ˌsentrəlaɪ'zeɪʃn] 美 [ˌsentrəlaɪ'zeɪʃn],,"n.集中, 中央集权化",托福
profusion,prəˈfjuʒən,,n.丰富,托福
seacoast,"'si,kost",,n.海滨,托福
lush,lʌʃ,,"a.茂盛的, 丰富的",托福
champagne,ʃæm'pen,,n.香槟酒,托福
pesky,'pɛski,,a.讨厌的，烦人的,托福
sorrowful,'sɑrofl,,a.悲伤的，使人伤心的,托福
overtone,'ovɚ'ton,,n.寓意；眩外音；暗示,托福
towel,'taʊəl,,n.毛巾,托福
purposefully,'pə:pəsfuli,,"ad.有目的地, 蓄意地",托福
dislodge,dɪs'lɑdʒ,,v.驱逐,托福
lint,lɪnt,,n.绷带用麻布,托福
shortness,'ʃɔ:tnis,,n.短缺,托福
softness,'sɔftnɪs,,"n.柔和, 温柔",托福
domestically,də'mɛstɪkli,,"ad.家庭式地,国内地",托福
behaviorist,bi'heivjərist,,"n.行为主义者, 行为科学家",托福
foil,fɔɪl,,"n.箔, 金属薄片",托福
newsworthy,'nuzwɝði,,a.有报导价值的,托福
imminent,'ɪmɪnənt,,"a.逼近的, 即将发生的",托福
proficiently,prə'fiʃəntli,,ad.熟练地,托福
locomotor,'lokə'motɚ,,a.运动的,托福
cloudy,'klaʊdi,,"a.多云的, 阴天的",托福
wirephoto,"'waiə,fəutəu",,n.有线传真,托福
attractively,ə'træktivli,,ad.有吸引力地，诱人地,托福
snowy,'snoɪ,,"a.雪的, 多雪的",托福
inaugurate,ɪ'nɔɡjəret,,v.开始；举行就职典礼,托福
kit,kɪt,,"n.成套工具, 用具包",托福
comminute,'kɒməˌnjuːt,,"v.使成粉末,粉碎",托福
indebted,ɪn'dɛtɪd,,"a.受惠的, 负债的",托福
cache,kæʃ,,v.贮藏，隐藏  n藏物处,托福
germination,",dʒɝmə'neʃən",,"n.萌芽, 发生",托福
unseen,",ʌn'sin",,a.未见过的,托福
guest,ɡɛst,,"n.客人, 来宾",托福
cognition,kɑɡ'nɪʃən,,n.认识,托福
forelimb,'fɔ:lim,,n.前肢,托福
limy,'laɪmi,,"a.含石灰的, 石灰似的",托福
lithographic,",lɪθə'græfɪk",,"a.石版印刷的, 石版的",托福
lagoon,lə'gʊn,,n.泻湖 礁湖,托福
numeral,'numərəl,,n.数字,托福
eloquently,'ɛləkwəntli,,"ad.雄辩地, 有口才地",托福
extravagantly,ɪk'strævəgəntli,,ad.挥霍无度地,托福
crest,krɛst,,"n.浪尖, 冠",托福
centrality,sɛn'træləti,,"n.中心, 中央",托福
insatiable,ɪn'seʃəbl,,"a.不知足的, 贪求无厌的",托福
prospective,prə'spɛktɪv,,a.预期的,托福
bewilder,bɪ'wɪldɚ,,v.使迷惑，使难住,托福
obstruction,"əb'strʌkʃən, ɔb-",,"n.阻塞, 妨碍",托福
procure,prə'kjʊr,,"v.获得, 取得",托福
subsidiary,səb'sɪdɪɛri,,"a.辅助的, 补充的",托福
putrefaction,ˌpjutrəˈfækʃən,,"n.腐败, 腐败物",托福
pasteurization,",pæstərə'zeʃən",,"n.加热杀菌法, 巴斯德杀菌法",托福
summertime,'sʌmɚtaɪm,,n.夏季,托福
meltdown,'mɛltdaʊn,,n.彻底垮台,托福
chlorate,'klorɪt,,n.[化]氯酸盐,托福
intersection,",ɪntɚ'sɛkʃən",,"n.交集, 交叉点",托福
stepper,'stɛpɚ,,"n.行走的人或动物, 跳舞者",托福
supposition,",sʌpə'zɪʃən",,"n.假定, 想象",托福
smoothness,'smʊðnɪs,,n.平坦， 光滑,托福
vertically,'vɝtɪkli,,ad.垂直地,托福
dichotomy,daɪ'kɑtəmi,,"n.两分, 二分法",托福
clipper,'klɪpɚ,,"n.大剪刀, 快速帆船修剪者",托福
fruitful,'frutfl,,"a.果实结得多的, 多产的",托福
flag,flæg,,n.旗，旗帜,托福
acoustical,ə'kʊstɪkl,,"a.听觉的, 声学的",托福
kitchenware,'kɪtʃɪnwɛr,,n.厨房用具,托福
intimidate,ɪn'tɪmɪdet,,v.胁迫,托福
serviceable,'sɝvɪsəbl,,a.有用地，耐用的,托福
chalky,'tʃɔki,,a.白垩的,托福
Yorkshire,'jɔrkʃɚ,,"n.约克郡,约克夏(英国英格兰原郡名)",托福
royalty,'rɔɪəlti,,"n.皇室, 王权",托福
renowned,ri'naund,,"a.有名的, 有声誉的",托福
worthy,wɜði,,"a.值得的,有价值的",托福
kinfolk,"'kinfəuk,-fəuks",,n.亲属,托福
prompt,prɑmpt,,v.推动；提示,托福
nonliving,nɒn'lɪvɪŋ,,"a.无生命的, 非活体的",托福
impervious,ɪm'pɝvɪəs,,a.不透的；不受影响的,托福
deceptive,dɪ'sɛptɪv,,a.骗人的，造成假象的,托福
wok,wɑk,,n.锅，炒菜锅,托福
appraisal,ə'prezl,,"n.估计, 评估",托福
lone,lon,,a.孤独的，寂寞的,托福
dissenter,di'sentə,,n.持异议者,托福
enure,ɪn'jʊr,,v.使习惯于 v.变得更有利,托福
conformity,kən'fɔrməti,,"n.一致, 符合",托福
unanimity,ˌjunəˈnɪmətɪ,,n.全体一致,托福
pedagogical,pedə'gɔdʒikəl,,a.教学(法)的,托福
hopper,'hɑpɚ,,n.单足跳者,托福
affirm,ə'fɝm,,"v.断言, 确认",托福
scientifically,saɪən'tɪfɪkli,,"ad.科学地, 系统地",托福
modus,'məudus,,"n.方法, 形式",托福
laborsaving,"'leibə,seiviŋ",,a.节省劳力的;省力气的,托福
spontaneity,",spɑntə'neəti",,n.自发性,托福
respectable,rɪ'spɛktəbl,,a.可敬的；有身价的,托福
paperback,'pepɚbæk,,"n.平装本, 纸面本",托福
strap,stræp,,"n.带, 皮带 v.用带捆扎",托福
topical,'tɑpɪkl,,a.有关时事的,托福
exclaim,ɪk'sklem,,"v.呼喊, 惊叫",托福
ratchet,'rætʃɪt,,"n.棘轮, 棘齿",托福
humiliate,hju'mɪlɪet,,"v.羞辱, 使丢脸",托福
conduction,kən'dʌkʃən,,n.传导,托福
indefinitely,ɪn'dɛfɪnətli,,ad.不确定地,托福
unused,'ʌn'jʊzd,,a.不用的；未消耗的,托福
ala,'elə,,"n.(昆虫的)翼, 翅",托福
virgin,'vɝdʒɪn,,"n.处女, 未婚女子",托福
terrifyingly,'terifaiiŋli,,ad.恐怖地,托福
conference,'kɑnfərəns,,"n.会议, 讨论会",托福
kinsman,'kɪnzmən,,"n.男性亲戚, 同族者",托福
Norman,'nɔrmən,,n&a.法国诺曼第人(的),托福
chaste,tʃest,,"a.贞洁的, 朴素的",托福
sully,'sʌli,,v.玷污,托福
incapable,ɪn'kepəbl,,a.无能力的,托福
mouldy,'moldi,,"a.发霉的, 腐朽的, 旧式的",托福
condemn,kən'dɛm,,"v.判刑,谴责",托福
handicap,'hændɪ'kæp,,n.障碍 v.妨碍,托福
dumb,dʌm,,"a.哑的,沉默的",托福
hygiene,'haɪdʒin,,"n.卫生, 卫生学",托福
happily,'hæpɪli,,"ad.幸福地, 愉快地",托福
slothful,'sloθfl,,a.偷懒的,托福
forefather,'fɔr'fɑðɚ,,"n.祖先, 祖宗",托福
soundly,'saʊndli,,"ad.完全地, 健全地",托福
asleep,ə'slip,,a.睡着的,托福
torpor,'tɔrpɚ,,"n.麻木,不活泼",托福
lull,lʌl,,v.缓和 n暂时的平息,托福
lash,læʃ,,n& v.鞭打,托福
cementation,",simɛn'teʃən",,n.粘固,托福
anyway,'ɛnɪ'we,,"ad.无论如何, 总之",托福
trumpeter,'trʌmpɪtɚ,,"n.喇叭手, 号兵",托福
breathless,'brɛθləs,,"a.无声息的, 喘不过气来的",托福
convene,kən'vin,,"v.召集, 集合",托福
wingless,'wiŋlis,,"a.无翼的, 没有翅膀的",托福
modal,'modl,,"a.模态的, 形态上的",托福
sweaty,'swɛti,,"a.出汗的, 吃力的",托福
brawl,brɔl,,"v.争吵, 怒骂",托福
useable,'ju:zəbl,,"a.可用的, 有效的",托福
operational,'ɑpə'reʃənl,,"a.操作的, 运作的",托福
clockmaker,"'klɔk,meikə",,n.制造或修理钟表者,托福
linkage,'lɪŋkɪdʒ,,n.联接,托福
offensive,ə'fɛnsɪv,,"a.冒犯的, 无礼的",托福
midst,mɪdst,,n.中部，中间,托福
multifunctional,",mʌlti'fʌŋkʃənəl",,a.多功能的,托福
vigor,'vɪgɚ,,"n.精力, 活力",托福
singular,'sɪŋɡjəlɚ,,n.单数 a.单一的,托福
parliament,'pɑrləmənt,,"n.国会, 议会",托福
oust,aʊst,,"v.剥夺,取代,罢免",托福
promptly,'prɑmptli,,"ad.敏捷地, 迅速地",托福
sage,sedʒ,,a.智慧的  n智者,托福
rejoin,",ri'dʒɔɪn",,"v.再结合, 再加入",托福
courage,'kɝrɪdʒ,,"n.勇气, 精神",托福
debtor,'dɛtɚ,,n.债务人,托福
penal,'pinl,,a.刑事的,托福
wrapper,'ræpɚ,,"n.包装材料,包装纸",托福
outright,'aʊtraɪt,,"a.直率的, 彻底的 ad直率地, 彻底地",托福
orphanage,'ɔrfənɪdʒ,,"n.孤儿院, 孤儿身份",托福
authentic,ɔ'θɛntɪk,,"a.可信的,真正的",托福
florist,'flɔrɪst,,n.种花人,托福
fragrance,'fregrəns,,"n.芬芳, 香气",托福
daddy,'dædi,,n.爸爸,托福
eventual,i'ventʃuəl,,"a.最后的, 结局的",托福
agonize,'æɡənaɪz,,"v.使极度痛苦, 折磨",托福
oft,ɔft,,"ad.常常, 再三",托福
horde,hɔrd,,n.游牧部落,托福
primer,'praɪmɚ,,"n.初级读本,原始物",托福
revert,rɪ'vɝt,,v.回复,托福
copyright,'kɑpɪraɪt,,"n.版权, 著作权",托福
nephew,'nɛfju,,"n.侄子, 外甥",托福
Dutchman,'dʌtʃmən,,n.荷兰人,托福
van,væn,,"n.有篷货车, 前驱 vt用车搬运",托福
salesperson,'selzpɝsn,,n.售货员,托福
jewellery,'dʒu:əlri,,n.[总称]珠宝,托福
pelt,pɛlt,,"n.投掷, 毛皮 v剥的皮, 投掷",托福
Lowa,'ləuwə,,n.爱荷华州(美国中西部的一州),托福
pella,'pelə,,n.斗篷,托福
goldsmith,'gold'smɪθ,,n.金匠,托福
saw,sɔ,,"n.锯 v锯,锯开",托福
woodblock,'wudblɔk,,n.木板 〈印〉木版,托福
upwind,",ʌp'wɪnd",,a.逆风的 ad逆风地,托福
volatility,",vɑlə'tɪləti",,n.挥发性,托福
nostalgic,nɒ'stældʒɪk,,"a.乡愁的, 怀旧的",托福
longing,'lɔŋɪŋ,,n.渴望 a渴望的,托福
homesick,'homsɪk,,"a.想家的,思乡病的",托福
pike,paɪk,,"n.长枪, 梭子鱼 vt用矛刺穿",托福
seaboard,'sibɔrd,,"n.海岸, 沿海地方 a海滨的",托福
bench,bɛntʃ,,"n.长椅子,替补队员 vt给…以席位",托福
corrosive,kə'rosɪv,,"a.腐蚀的, 蚀坏的 n腐蚀物",托福
rut,rʌt,,"n.定例, 惯例 v在形成车辙",托福
tenuous,'tɛnjuəs,,"a.纤细的,稀薄的",托福
guarantor,'ɡærəntɚ,,n.[律]保证人,托福
omnipotent,ɑm'nɪpətənt,,"a.全能的, 无所不能的",托福
overland,'ovɚlænd,,"a./ad经过陆地的, 陆上的",托福
Interstate,'ɪntɚstet,,a.州际的,托福
carnation,kɑr'neʃən,,"n.荷兰石竹, 康乃馨, 粉红色",托福
priest,prist,,n.牧师,托福
obedient,oˈbidiənt,,"a.顺从的,孝顺的",托福
sty,staɪ,,"n.猪栏 v住在猪圈里, 关入猪栏",托福
undecided,",ʌndɪ'saɪdɪd",,"a.未定的, (天气等)不稳定的",托福
oasis,o'esɪs,,"n.(沙漠中)绿洲,舒适的地方",托福
irregularly,i'regjuləli,,"ad.不规则地,不整齐地",托福
gregarious,grɪ'gɛrɪəs,,"a.社交的,群居的",托福
honey,'hʌni,,"n.(蜂)蜜,宝贝 a甜美的",托福
hitherto,",hɪðɚ'tu",,"ad.迄今,至今",托福
heroic,hə'roɪk,,"a.英雄的, 英勇的",托福
pervasive,pɚ'vesɪv,,"a.普遍的,深入的",托福
uninhabitable,",ʌnɪn'hæbɪtəbl",,a.不适宜居住的,托福
venom,'vɛnəm,,"n.(蛇的)毒液, 恶意 vt放毒, 使恶毒",托福
placental,plə'sentl,,a.胎盘的 n有胎盘哺乳动物,托福
spiny,'spaɪni,,"a.多剌的, 剌状的",托福
anteater,'æntitɚ,,n.[动]食蚁动物,托福
postpone,po'spon,,"v.推迟, 使延期",托福
modulate,'mɑdʒəlet,,"v.调整, 调节, (信号)调制",托福
vagary,'veiɡəri,,"n.奇特行为, 奇想",托福
modulation,",mɑdʒu'leʃən",,n.调制,托福
acoustic,ə'kʊstɪk,,"a.有关声音的, 声学的",托福
marsupial,mɑr'supɪəl,,n.有袋动物 a有袋动物的,托福
dwindle,'dwɪndl,,v.缩小,托福
outpouring,'aʊtpɔrɪŋ,,"n.倾泄, 流出, 流露",托福
beluga,bə'luɡə,,"n.(欧洲)白色大鳇鱼, 白鲸",托福
insensitivity,",insensə'tiviti",,"n.感觉迟钝,不灵敏性",托福
anaerobic,",ænɛ'robɪk",,"a.厌氧的,厌气的",托福
enrichment,ɪn'rɪtʃmənt,,"n.发财致富, 丰富, 肥沃",托福
coincidence,ko'ɪnsɪdəns,,"n.一致,  同时发生或同时存在(尤指偶然)的事",托福
advice,ædˈvaɪs; əd'vaɪs,,"n.忠告, 建议",托福
printmaker,'prɪntmekɚ,,n.版画复制匠,托福
lithography,lɪ'θɑɡrəfi,,n.平版印刷术,托福
rationale,",ræʃə'næl",,n.基本原理,托福
serigraphy,sə'riɡrəfi,,"n.绢印, 绢网印艺术",托福
curly,'kɝli,,"a.卷曲的, 弯曲的, (木材)有皱状纹理的",托福
mayor,'meɚ,,n.市长,托福
chimp,tʃɪmp,,n.(非洲)黑猩猩,托福
waterworks,'wɔtɚwɝks,,"n.自来水厂,供水系统",托福
lieu,lu,,n.场所,托福
parkway,'pɑrk'we,,"n.公园道路, 驾车专用道路",托福
serene,sə'rin,,a.平静的 n宁静,托福
boulevard,ˈbʊləˌvɑrd,,n.<美>林荫大道,托福
omission,ə'mɪʃən,,"n.冗长,疏漏",托福
implementation,ɪmplɪmen'teɪʃ(ə)n,,n.执行,托福
multipurpose,",mʌlti'pə:pəs",,"a.多种用途的, 多目标的",托福
restful,'rɛstfl,,a.宁静的,托福
preexist,priɪg'zɪst,,v.先前存在,托福
incipient,ɪn'sɪpɪənt,,"a.初期的,初始的",托福
metamorphic,'mɛtə'mɔrfɪk,,"a.变质的,变性的",托福
sidewalk,'saɪdwɔk,,n.人行道,托福
libelous,'laibələs,,"a.诽谤的,损害名誉的",托福
broker,'brokɚ,,"n.掮客, 经纪人",托福
Washingtonian,",wɔʃiŋ'təuniən; ,wɔ:ʃ-",,n./a(美国)华盛顿市(或州)人,托福
sensationalism,sɛn'seʃənəlɪzəm,,"n.追求轰动效应, 感觉论",托福
aromatic,",ærə'mætɪk",,a.芬芳的,托福
unmistakable,",ʌnmɪ'stekəbl",,"a.明显的,不会弄错的",托福
weird,wɪrd,,"a.怪异的, 超自然的, 不可思议的",托福
pollinate,'pɑlənet,,v.对授粉,托福
runway,'rʌnwe,,"n.飞机跑道, 斜坡跑道, 河道",托福
irresistible,",ɪrɪ'zɪstəbl",,"a.不可抵抗的,不能压制的",托福
rampant,'ræmpənt,,"a.猖獗的, 蔓生的",托福
crossbreed,"'krɔs,brid",,n.[生物]杂种 v异种交配,托福
gorgeous,'ɡɔrdʒəs,,"a.华丽的, 灿烂的",托福
intrusion,ɪn'truʒn,,"n.闯入, 侵扰",托福
pinch,pɪntʃ,,"n.捏, 撮 v夹痛,节省",托福
inactivate,"ɪn'æktə,vet",,"v.使不活泼, 阻止活动",托福
degrade,dɪ'ɡred,,"v.(使)降级, (使)堕落",托福
pollination,ˌpɑləˈneʃən,,n.授粉,托福
recognizable,",rɛkəɡ'naɪzəbl",,"a.可辨认的,可认识的",托福
unwillingly,'ʌn'wiliŋli,,"ad.不情愿地,勉强地",托福
impartially,im'pa:ʃəli,,"ad.公平地,无私地",托福
dose,dos,,"n.剂量, (一)剂 v(给)服药",托福
retrain,ri:'trein,,"v.重新教育, 再教育",托福
irrationally,i'ræʃənli,,"ad.无理性地,不合理地",托福
boon,bʊn,,"n.恩惠, 福利",托福
democracy,dɪˈmɑkrəsi,,"n.民主政治, 民主主义",托福
unavoidably,",ʌnə'vɔidəbli",,"ad.不可避免地,不得已地",托福
layman,'lemən,,n.外行,托福
racetrack,'restræk,,"n.(主要用于赛马, 赛狗的)跑道",托福
inoffensive,",ɪnə'fɛnsɪv",,"a.不触犯人的,无害的",托福
boomer,'bumɚ,,n.生育高峰中出生的人,托福
cynthia,'sinθiə,,"n.月亮女神, 月亮",托福
struggler,'strʌglə,,"n.奋斗者,斗争者",托福
honorable,ˈɑnərəbəl,,"a.光荣的,高贵的",托福
impregnate,ɪm'prɛɡnet,,"v.使怀孕, 使受精 a怀孕的, 充满的",托福
enthusiastically,"in,θju:zi'æstikəli",,"ad.热心地,满腔热情地",托福
consecutive,kən'sɛkjətɪv,,"a.连贯的,连续不断的",托福
needy,'nidi,,"a.贫困的, 缺乏生活必需品的",托福
bequest,bi'kwest,,"n.遗产, 遗赠",托福
childless,'tʃaɪldləs,,a.无儿女的,托福
cuticle,'kjʊtɪkl,,"n.表皮,角质层",托福
spiky,'spaɪki,,"a.大钉似的, 尖刻的",托福
waxy,'wæksi,,"a.象蜡的,苍白的, 柔软的,",托福
unpalatable,ʌn'pælətəbl,,"a.味道差的,难吃的",托福
epidermis,",ɛpɪ'dɝmɪs",,"n.[生]表皮, 上皮",托福
immobilize,ɪ'mobə'laɪz,,v.固定不动,托福
deterrent,dɪ'tɝənt,,n.威慑 a遏制的,托福
infest,ɪn'fɛst,,"v.骚扰,大批滋生",托福
rancho,'ræntʃo,,n.大牧场(或大农场)工人住的棚屋,托福
breach,britʃ,,"n.破坏, 裂口 vt打破, 突破",托福
crayon,ˈkreɪən; ˈkreɪˌɑn,,"n.有色粉笔, 蜡笔",托福
unwary,ʌn'wɛri,,"a.粗心的, 不警惕的",托福
sapiens,"ˈsepiəns, -ɛnz",,a.（拉）现代人的,托福
mastodon,"'mæstə,dɑn",,"n.[古生]乳齿象, 庞然大物",托福
suspicion,sə'spɪʃən,,"n.猜疑, 怀疑",托福
preeminent,pri'ɛmɪnənt,,a.卓越的,托福
ingeniously,in'dʒi:njəsli,,"ad.贤明地,有才能地",托福
daunt,dɔ:nt,,v.沮丧,托福
monochromatic,",mɑnəkrə'mætɪk",,a.单色的,托福
educable,'ɛdʒʊkəbl,,"a.可教育的, 可培养的",托福
tame,teɪm,,"a.(指动物)驯服的,平淡的 v驯养, 驯服",托福
clever,'klɛvɚ,,"a.机灵的, 聪明的",托福
scam,skæm,,n.诡计 v诓骗,托福
pin,pɪn,,"n.钉, 栓 vt钉住, 牵制",托福
astute,ə'stut,,"a.机敏的, 狡猾的",托福
dash,dæʃ,,"n.冲撞, 破折号 v猛掷, 冲撞",托福
emboss,ɪm'bɔs,,"v.饰以浮饰, 使浮雕出来",托福
yolk,jok,,"n.蛋黄, [生物] 卵黄",托福
embellish,im'beliʃ,,v.修饰,托福
learner,'lɝnɚ,,"n.学习者, 初学者",托福
theft,θɛft,,"n.偷, 行窃",托福
unread,",ʌn'rɛd",,"a.没有人看的, 无学问的",托福
reinterpretation,"ri:in,tə:pri'teiʃən",,n.重新解释,托福
tread,trɛd,,"n.踏, 步态 v踏,  跳",托福
postdate,'post'det,,v.填迟的日期 n事后日期,托福
mania,'menɪə,,"n.[医]颠狂, 狂躁, 癖好, 狂热",托福
basement,'besmənt,,"n.地下室, 墙脚",托福
smuggle,'smʌgl,,"v.走私, 偷带",托福
stash,stæʃ,,v.存放 n隐藏处,托福
quarrelsome,'kwɔrəlsəm,,"a.喜欢吵架的,好争论的",托福
speedy,'spidi,,"a.快的, 迅速的",托福
prepay,pri'pe,,v.预付,托福
loathsome,'loθsəm,,a.讨厌的,托福
counterfeit,'kaʊntɚ'fɪt,,n.赝品  a伪造的 v伪造,托福
sender,'sɛndɚ,,"n.寄件人,发送人",托福
affix,ə'fɪks,,"v.使附于, 粘贴 n[语]词缀",托福
obsess,əb'sɛs,,"v.迷住, 使困扰",托福
demolish,dɪ'mɑlɪʃ,,"v.毁坏, 推翻, 粉碎",托福
golf,gɔlf,,n.高尔夫球 vi打高尔夫球,托福
glaciate,'ɡleisieit,,"v.使结冰, 以冰(或冰河)覆盖",托福
ambience,'æmbɪəns,,"n.周围环境, 气氛",托福
cab,kæb,,n.出租汽车,托福
frenzy,'frɛnzi,,"n.狂暴, 狂怒 vt使发狂",托福
melodrama,'mɛlədrɑmə,,n.情节剧,托福
treasure,'trɛʒɚ,,"n.财宝, 财富 vt珍爱",托福
Cincinnati,",sɪnsə'næti",,n.辛辛那提（美国俄亥俄州西南部城市）,托福
trove,trov,,"n.被发现的东西, 收藏的东西",托福
acronym,'ækrənɪm,,n.只取首字母的缩写词,托福
bet,bɛt,,"n.赌, 打赌 v赌, 赌钱",托福
vault,vɔlt,,n.拱顶 v做成弧形,托福
labyrinth,'læbərɪnθ,,"n.迷路, 迷宫, 难解的事物",托福
rubble,'rʌbl,,n.碎石,托福
recipe,'rɛsəpi,,n.处方,托福
rainer,'reinə,,"n.人工降雨装置,喷灌装置",托福
yesteryear,'jɛstɚjɪr,,n.去年 ad过去不久的岁月,托福
lore,lɔr,,"n.学问,（动物的）眼光知识",托福
adjoin,ə'dʒɔɪn,,"v.邻接, 毗连",托福
mortar,'mɔrtɚ,,"n.灰泥,迫击炮 vt用灰泥结合",托福
incongruity,",ɪnkɑŋ'grʊəti",,"n.不调和的, 不适宜的",托福
tableland,'tebllænd,,n.高原,托福
perfection,pɚ'fɛkʃən,,"n.尽善尽美, 完美, 完成",托福
fullness,'fʊlnəs,,"n.满, 丰富, 成熟",托福
recoil,'rikɔɪl,,"n.畏缩, 弹回 vi退却, 畏缩",托福
musicologist,",mju:zi'kɔlədʒist",,n.音乐学者,托福
forte,'fɔrte,,n.长处,托福
percussive,pɚ'kʌsɪv,,"a.冲击的,叩诊的",托福
multistory,"'mʌlti,stɔ:ri",,"a.多层的,有多层楼的",托福
hammerhead,'hæmɚhɛd,,"n.锤头 a锤头状的, 鲁钝的",托福
induct,ɪn'dʌkt,,"v.感应,引导",托福
coincident,ko'ɪnsɪdənt,,"a.一致的,符合的",托福
assort,ə'sɔrt,,v.分类配全,托福
forgiveness,fɚ'ɡɪvnəs,,"n.宽恕, 宽仁之心",托福
spoonful,'spʊn'fʊl,,n.一匙,托福
oat,ot,,"n.[植]燕麦, 麦片粥",托福
differentiating,",dɪfə'rɛnʃɪ,etɪŋ",,a.微分的,托福
symphonic,sɪm'fɑnɪk,,"a.交响乐的, 和声的",托福
sad,sæd,,"a.忧愁的, 悲哀的",托福
violinist,",vaɪə'lɪnɪst",,"n.小提琴演奏者, 小提琴家",托福
cellist,'tʃɛlɪst,,n.大提琴演奏家,托福
upsurge,'ʌpsɝdʒ,,n.高潮 vi涌起,托福
phenomenal,fɪ'nɒmɪn(ə)l,,"a.现象的,显著的",托福
midocean,,,n.海洋中央,托福
deformation,'difɔr'meʃən,,n.变形,托福
omnibus,'ɑmnɪbəs,,"n.公共汽车, 精选集 a综合性的",托福
accessibility,"æk,sɛsə'bɪləti",,"n.易接近, 可到达的",托福
unoccupied,",ʌn'ɑkjupaɪd",,"a.空闲的,未占领的",托福
catalyze,"'kætə,laɪz",,"v.催化, 刺激, 促进",托福
vacant,'vekənt,,"a.空的, 头脑空虚的,空缺的",托福
suite,sut; swit,,"n.(一批)随员, (一套)家具, 组",托福
scavenge,'skævɪndʒ,,"v.打扫, 以(腐肉)为食",托福
subdivision,",sʌbdɪ'vɪʒn",,"n.细分, 一部",托福
juvenile,'dʒʊvənaɪl,,"a.青少年的 n青少年, 少年读物",托福
betray,bɪ'tre,,"v.出卖, 背叛",托福
sensible,'sɛnsəbl,,"a.有感觉的, 明智的",托福
treetop,'tri'tɑp,,n.树稍,托福
ancestry,'ænsɛstri,,"n.祖先(集合称), 血统",托福
virginal,'vɝdʒɪnl,,"a.处女的, 无瑕的",托福
dulcimer,'dʌlsɪmɚ,,n.[乐] 洋琴,托福
unpublished,",ʌn'pʌbliʃt",,"a.未公开出版的,未发表过的",托福
paddle,'pædl,,"n.短桨, 划桨 v划桨,拌",托福
twine,twaɪn,,"n.合股线 v织, (使)缠绕",托福
jumble,'dʒʌmbl,,"v.混杂, 搞乱 n混乱",托福
bituminous,bə'tʊmənəs,,"a.沥青的,含沥青的",托福
practicable,'præktɪkəbl,,"a.可实行的,可用的",托福
acquaint,ə'kwent,,"v.使熟知, 通知",托福
toil,tɔɪl,,"n.苦工, 圈套 v费力地做",托福
insurmountable,",ɪnsɚ'maʊntəbl",,"a.不能克服的,不能超越的",托福
instantaneously,",ɪnstən'tenɪəsli",,"ad.即刻,突如其来地",托福
prohibitively,prəu'hibitivli,,"ad.禁止地,过分地",托福
video,'vɪdɪo,,"n.录象, 视频 a视频的",托福
unprocessed,ʌn'prəusest,,a.未被加工的,托福
standardize,'stændɚdaɪz,,"v.使符合标准, 使标准化",托福
uncooked,",ʌn'kʊkt",,a.未煮过的,托福
forecaster,'fɔrkæstɚ,,n.预报员,托福
stormy,'stɔrmi,,"a.暴风雨的, 激烈的, 暴怒的",托福
untouched,ʌn'tʌtʃt,,"a.未触及的, 未改变的",托福
mennonite,"'mɛnən,aɪt",,n.门诺派教徒,托福
police,pə'lis,,n.警察 vt管辖 a警察的,托福
humility,hju'mɪləti,,n.谦卑,托福
torrential,tə'rɛnʃl,,"a.猛烈的,汹涌的",托福
dissipate,'dɪsɪpet,,"v.驱散, 消散",托福
advantageously,",ædvən'teidʒəsli",,"ad.有利地,方便地",托福
merchandis,,,"n.商品,货物 v买卖",托福
hospital,'hɑspɪtl,,n.医院,托福
proboscidean,",prəubə'sidiən, prə,bɔsi'di:ən",,a.长鼻类的 n长鼻目动物,托福
sift,sɪft,,v.详审,托福
premium,'primɪəm,,"n.额外费用, 奖金, 奖赏",托福
neat,nit,,"a.整洁的, 灵巧的, 优雅的",托福
precursor,pri'kɝsɚ,,n.先驱,托福
economize,ɪ'kɑnə'maɪz,,"v.节省, 有效地利用",托福
haven,'hevn,,"n.港口, 避难所",托福
tranquillity,,,n.宁静,托福
competitiveness,kəm'pɛtətɪvnɪs,,"n.竞争力,好竞争",托福
atomization,",ætəumai'zeiʃən, -mi'z-",,"n.分离成原子, 雾化",托福
custodian,kʌ'stodɪən,,n.管理人,托福
stagnate,stæɡ'net,,"v.(使)淤塞, (使)停滞, (使)沉滞, (使)变萧条",托福
emigrate,'ɛmɪɡret,,"v.移居, 移民",托福
regret,rɪ'ɡrɛt,,"n./v遗憾, 抱歉,后悔",托福
civility,sə'vɪləti,,"n.礼貌, 端庄",托福
unbridgeable,'ʌn'bridʒəbl,,"a.不能架桥的,不能逾越的",托福
determinedly,di'tə:mindli,,"ad.决然地,断然地",托福
abandonment,ə'bændənmənt,,n.放弃,托福
mimetic,mɪ'mɛtɪk,,"a.模仿的,拟态的",托福
fictive,'fiktiv,,"a.虚构的, 想象上的",托福
shudder,'ʃʌdɚ,,"n.震动 vi战栗, 发抖",托福
violence,'vaɪələns,,"n.猛烈, 暴力, 暴虐",托福
insanity,ɪn'sænəti,,"n.精神错乱, 疯狂, 愚顽",托福
pinon,'pinjən,,"n.矮松, 矮松果",托福
juniper,'dʒunɪpɚ,,n.[植]刺柏属丛木或树木,托福
eke,ik,,"v.补充, 增加",托福
hem,hɛm,,"n.边,缘 v给缝边",托福
wring,rɪŋ,,"v.绞, 扭, 折磨 n绞, 扭动",托福
briny,'braɪni,,"a.盐水的, 咸的, 海水的",托福
midlatitude,,,n.中间纬度,托福
regenerate,rɪ'dʒɛnəret,,"v.使新生, 重建 a新生的, 更新的",托福
eviscerate,ɪ'vɪsəret,,"v.取出内脏, 除去精华",托福
sparingly,'spɛəriŋli,,"ad.节俭地, 保守地",托福
squirt,skwɝt,,v.喷出,托福
sanction,'sæŋkʃən,,"n.支持, 制裁 vt支持, 鼓励",托福
antagonistic,"æn,tæɡə'nɪstɪk",,"a.敌对的,对抗性的",托福
buggy,'bʌɡi,,a.多虫的 n童车,托福
infrequently,in'fri:kwəntli,,"ad.罕见地, 稀少的",托福
quiescent,kwɪ'ɛsnt,,a.静止的,托福
inanity,i'nænəti,,"n.空虚, 愚蠢",托福
romancer,rəu'mænsə,,"n.传奇小说作家, 讲虚构故事的人",托福
strikingly,'straɪkɪŋli,,"ad.醒目地, 引人侧目地",托福
akin,ə'kɪn,,a.同类的,托福
voracious,və'reʃəs,,"a.狼吞虎咽的, 贪婪的",托福
gourmet,'ɡʊrme,,n.美食家,托福
supremely,su'primli,,"ad.无上地, 崇高地",托福
absurd,"əbˈsɚd, -ˈzɚd",,"a.荒谬的, 可笑的",托福
complacence,kəm'plesns,,n.自满,托福
pleasantly,'plezntli,,ad.令人愉快地；舒适地,托福
supervision,",sʊpɚ'vɪʒən",,"n.监督, 管理",托福
humanist,'hjʊmənɪst,,"n.人道主义者, 人文主义者",托福
cannibalism,"'kænəbl,ɪzəm",,n.同类相食,托福
satirist,'sætərɪst,,n.讽刺作家,托福
distend,dɪ'stɛnd,,"v.(使)扩大, (使)扩张",托福
balmy,'bɑmi,,"a.芳香的, 温和的",托福
compo,'kɑmpo,,"n.组合物,混合涂料",托福
pressurize,'prɛʃəraɪz,,"v.增压, 密封",托福
freshness,'frɛʃnɪs,,"n.新鲜, 精神饱满",托福
wearer,'wɛrɚ,,"n.穿用者, 佩带者",托福
dimensional,dɪ'menʃənəl,,"a.维度的, 空间的, 尺寸的",托福
dependably,di'pendəbli,,ad.可信任地,托福
reexamine,",riɛɡ'zæmɪn",,v.复试,托福
behalf,bɪ'hæf,,n.利益,托福
sanctimonious,",sæŋktɪ'monɪəs",,"a.伪装虔诚的, 道貌岸然的",托福
nominate,'nɑmɪnet,,"v.提名, 推荐",托福
frenetic,frə'nɛtɪk,,"a.发狂的, 狂热的",托福
distinctively,dis'tiŋktivli,,"ad.ad/ 区别地, 特殊地",托福
prod,prɑd,,v.刺,托福
secondhand,'sɛkəndhænd,,"a.a&ad  二手的, 间接的",托福
irreverence,ɪ'rɛvərəns,,a.不尊敬的,托福
briskness,'brisknis,,"n.敏捷, 活泼",托福
famine,'fæmɪn,,"n.饥荒,",托福
ethically,'ɛθɪkli,,ad.伦理(学)上,托福
juxtaposition,",dʒʌkstəpə'zɪʃən",,"n.毗邻, 并置",托福
platitudinous,",plæti'tju:dinəs",,"a.平凡的,  陈腐的",托福
moralize,'mɔrəlaɪz,,"v.教化 ,说教",托福
platitude,'plætɪtud,,n.陈词滥调,托福
irreverent,ɪ'rɛvərənt,,"a.不敬的,  无礼的",托福
megalopolis,",mɛgə'lɑpəlɪs",,"n.巨大都市, 人口稠密地带",托福
comer,'kʌmɚ,,"n.来者, 新来者",托福
conurbation,'kɑnɝ'beʃən,,n.有卫星城的大都市,托福
elusive,ɪ'lusɪv,,"a.难懂的, 难捉摸的",托福
scowl,skaʊl,,"n.愁容, 皱眉 v皱眉",托福
subterranean,",sʌbtə'renɪən",,a.地下的,托福
ramble,'ræmbl,,n.漫步  vi闲逛；漫谈,托福
pharmacy,'fɑrməsi,,"n.药房, 药剂学",托福
gyration,dʒaɪ'reʃən,,"n.旋回, 回转",托福
miraculous,mɪ'rækjələs,,"a.奇迹的,不可思议的",托福
grainy,'ɡreni,,"a.粒状的, 木纹状的",托福
vagueness,veɪɡnəs,,"n.暧昧, 含糊",托福
urbanize,'ə:bənaiz,,"v.使都市化, 使文雅",托福
miracle,'mɪrəkl,,"n.奇迹, 奇事",托福
quaint,kwent,,"a.离奇有趣的, 奇怪的",托福
counterclockwise,'kaʊntɚ'klɑk'waɪz,,n&a.反时针方向(的),托福
entanglement,ɪn'tæŋɡlmənt,,n.纠缠,托福
diagonally,daɪ'ægənəli,,"ad.斜对地,  对角地",托福
rustproof,'rʌstpruf,,"a.不锈的, 抗锈的",托福
enclosure,ɪn'kloʒɚ,,"n.围住, 围栏",托福
installation,'ɪnstə'leʃən,,"n.安装, 装置",托福
galvanize,'ɡælvənaɪz,,"v.通电流于, 电镀",托福
matrilinear,",mætri'lini:ə",,a.母系的,托福
underworld,'ʌndɚ'wɝld,,n.黑社会,托福
oval,'ovl,,"n&a.卵形(的), 椭圆(的)",托福
crimp,krɪmp,,"v.起皱, 卷曲, 抑制",托福
serrate,sə'ret,,a.锯齿状的,托福
convivial,kən'vɪvɪəl,,"a.好交际的, 愉快而随和的",托福
foreshadow,fɔr'ʃædo,,v.预示,托福
plaint,plent,,"n.[诗]悲叹, 抱怨",托福
waterborne,'wɔtəbɔn,,"ad.水上的,  水运的",托福
amazement,ə'mezmənt,,"n.惊愕, 惊异",托福
urgency,'ɝdʒənsi,,"n.紧急, 紧急的事",托福
unpromising,ʌn'prɑmɪsɪŋ,,a.没有希望的(结果未必良好的),托福
deter,dɪ'tɝ,,v.阻止,托福
bluntly,'blʌntli,,"ad.坦率地, 率直地",托福
overcharge,",ovɚ'tʃɑrdʒ",,"v.讨价过高,夸张,过度充电",托福
calibration,",kælɪ'breʃən",,"n.标度, 刻度",托福
subclass,'sʌbklæs,,"n.[生]亚纲, 子集",托福
luminous,'lʊmənəs,,"a.发光的,清楚的,明白易懂的",托福
simplistic,sɪm'plɪstɪk,,a.过分简单化的,托福
teapot,'ti'pɑt,,n.茶壶,托福
specification,'spɛsəfə'keʃən,,"n.详述, 规格",托福
rationally,'ræʃənli,,ad.理性地,托福
prominence,'prɑmɪnəns,,"n.突出, 显著",托福
importer,ɪm'pɔrtɚ,,"n.输入者, 进口商",托福
foundry,'faʊndri,,"n.铸造, 铸造场",托福
systematize,'sɪstəmətaɪz,,v.系统化,托福
persuasion,pɚ'sweʒn,,"n.说服, 说服力",托福
penalty,'pɛnəlti,,"n.处罚, 罚款",托福
singly,'sɪŋɡli,,"ad.单独地, 个别地",托福
gloss,ɡlɑs,,n.光泽，注解,托福
refinement,rɪ'faɪnmənt,,"n.精致, 文雅",托福
guess,ɡɛs,,"v.猜测, 推测",托福
gaze,ɡeɪz,,"v.盯, 凝视",托福
earthworm,'ɝθwɝm,,n.蚯蚓,托福
fantastic,fæn'tæstɪk,,"a.幻想的, 奇异的",托福
lateral,'lætərəl,,"n.侧部, 支线 a侧面的",托福
intimately,ˈɪntəmɪtlɪ,,"ad.密切地,  亲密地",托福
nostril,'nɑstrəl,,n.鼻孔,托福
bis,bɪs,,"ad.二度, 二回",托福
uniqueness,jʊ'niknɪs,,"n.唯一性, 独特性",托福
deferential,ˌdefə'rɛnʃl,,"a.恭敬的, 顺从的",托福
shaper,'ʃeipə,,"n.造形者, 塑造者",托福
genial,'dʒinɪəl,,a.亲切的,托福
avocational,,,"n.娱乐,  消遣",托福
occupancy,'ɑkjəpənsi,,n.占有,托福
mildly,'maɪldli,,"ad.温和地, 适度地",托福
bundle,'bʌndl,,n.捆v捆扎,托福
ethnographic,",eθnə'ɡræfik",,"a.民族志学的,  人种志学的",托福
infinite,'ɪnfɪnət,,a.无限的，无穷的,托福
wearability,",wεərə'biləti",,"n.耐磨性, 磨损性",托福
masthead,'mæsthɛd,,"n.桅顶, 报头",托福
gazette,ɡə'zet,,"n.报纸, 政府的公报",托福
disc,dɪsk,,"n.圆盘, 唱片",托福
spheroidal,sfɪə'rɒɪdəl,,a.球状的,托福
flattish,'flætɪʃ,,"a.有点平凡的, 稍平的",托福
businesswoman,"'biznis,wumən",,n.妇女实业家,托福
expo,'ɛkspoʊ,,"n.博览会, 展览会",托福
slander,'slændɚ,,vt&n.诽谤,托福
signer,'saɪnɚ,,"n.签名人, (用手势) 示意者",托福
silurian,sai'ljuəriən; si-,,a.〈地〉志留纪的,托福
explosively,ik'spləusivli,,"ad.爆发地, 引起爆炸地",托福
lastly,'læstli,,"ad.最后, 终于",托福
radial,'redɪəl,,"a.光线的, 放射状的",托福
culminate,'kʌlmɪnet,,v.达到顶点,托福
restraint,rɪ'strent,,"n.抑制, 制止",托福
frill,frɪl,,n.皱边,托福
facilitation,"fə,sɪlə'teʃən",,"n.简易化, 助长",托福
provocative,prə'vɑkətɪv,,a.煽动的 n刺激物,托福
megafossil,,,n.大化石,托福
cryptic,'krɪptɪk,,"a.秘密的, 含义模糊的",托福
inspect,ɪn'spɛkt,,"v.检查, 视察",托福
genesis,'dʒɛnəsɪs,,n.起源,托福
conspiracy,kən'spɪrəsi,,"n.共谋, 阴谋",托福
jobber,'dʒɑbɚ,,"n.临时工, 批发商",托福
wholesaler,'həʊlseɪlə(r),,n.批发商,托福
cigar,sɪ'ɡɑr,,n.雪茄,托福
sweatshop,'swɛtʃɑp,,"n.血汗工厂(指工人劳动条件差,工作时间长,工资低的工场或工厂)",托福
retailer,'ri:teilə,,n.零售商人,托福
cabinet,'kæbɪnət,,"n.橱柜, a<美>内阁的",托福
orthopteran,ɔr'θɑptərən,,n.直翅类的昆虫,托福
heyday,'hede,,n.全盛时期,托福
sideline,'saɪdlaɪn,,"n.副业, 边界线",托福
modicum,'mɑdɪkəm,,"n.少量, 一点点",托福
handbook,'hændbʊk,,"n.手册, 便览",托福
bitter,'bɪtɚ,,"a.苦的, 痛苦的",托福
lonely,'lonli,,"a.孤独的, 寂寞的",托福
shutter,'ʃʌtɚ,,n.百叶窗；(照相机的)快门,托福
shoulder,'ʃoldɚ,,"n.肩(部)t肩负, 承当",托福
decorator,'dɛkəretɚ,,n.油漆工,托福
wonderfully,'wʌndɚfəli,,ad.令人惊讶地；奇妙地,托福
unimaginable,",ʌnɪ'mædʒɪnəbl",,"a.不能想象的, 想象不到的",托福
ruthlessly,'ru:θlisli,,"ad.冷酷地, 残忍地",托福
unknowing,ʌn'noɪŋ,,"a.没查觉的, 无知的",托福
haste,hest,,"n.匆忙, 急忙",托福
scruple,'skrupl,,"n&v.踌躇, 犹豫",托福
equitable,'ekwitəbl,,"a.公平的, 公正的",托福
laurasia,lɔ:'reiʃə,,n.[地质] 劳亚古大陆,托福
innkeeper,'ɪn'kipɚ,,n.旅馆主人,托福
buzz,bʌz,,n.嗡嗡声 v嗡嗡作响,托福
peddler,'pɛdlɚ,,"n.小贩, 传播者",托福
educationally,",edju'keiʃənəli",,"ad.教育的, 有关教育的",托福
tractor,'træktɚ,,n.拖拉机,托福
constellation,",kɑnstə'leʃən",,"n.[天]星群, 星座",托福
exam,ɪg'zæm,,"n.考试, 测验",托福
working,'wɝkɪŋ,,n.工作,托福
inclusive,ɪn'klusɪv,,a.包含在内的,托福
grandparent,'græn'pɛrənt,,"n.祖父或祖母, 祖父母",托福
contractor,kən'træktɚ,,"n.订约人, 承包人",托福
cubism,'kjubɪzəm,,n.立体派,托福
woodcarving,'wʊd'kɑrvɪŋ,,"n.木雕, 木刻",托福
prodigy,'prɑdədʒi,,"n.惊人的事物, 天才",托福
nonconformist,",nɑnkən'fɔrmɪst",,a.不信奉英国国教的 n非国教徒,托福
fascination,",fæsɪ'neʃən",,"n.魔力,  魅力, 迷恋",托福
rectangle,'rɛktæŋɡl,,"n.长方形, 矩形",托福
aloud,ə'laʊd,,ad.大声地,托福
walnut,'wɔlnət,,"n.胡桃, 胡桃木",托福
profitability,,,"n.收益性, 利益率",托福
renter,'rɛntɚ,,n.租贷人,托福
claimant,'klemənt,,"n.要求者,申请者, 原告",托福
sadden,'sædn,,v.悲哀,托福
beard,bɪrd,,n.胡须,托福
skeletally,,,"a.骨骼的, 梗概的",托福
muscularly,,,a.肌肉的,托福
tinplate,'tinpleit,,"n.镀锡铁皮, 马口铁",托福
tomato,tə'meto,,"n.番茄, 西红柿",托福
starch,stɑrtʃ,,n.淀粉,托福
grape,ɡrep,,"n.葡萄, 葡萄树",托福
packer,'pækɚ,,"n.包装工人, 打包机",托福
strawberry,'strɔbɛri,,n.[植]草莓,托福
negate,nɪˈɡet,,"v.否定, 打消",托福
creeper,'kripɚ,,n.爬行者,托福
bluebird,'blubɝd,,n.北美产的蓝知更鸟,托福
lark,lɑrk,,"n.云雀, 百灵鸟",托福
communally,kə'mjunəli,,"ad.共同地, 社区地",托福
rooster,'rustɚ,,"n.雄禽,",托福
sociably,'səuʃəbli,,ad.和蔼可亲地,托福
perch,pɝtʃ,,n.栖息处 v暂栖，停留,托福
geometrical,dʒɪə'mɛtrɪkl,,"a.几何学的,  几何的",托福
awake,ə'wek,,"v.醒,唤醒 a警觉的, 醒的",托福
radiate,'redɪet,,"v.放射, 辐射",托福
obsolete,ɑbsəˌlit,,"a.已废弃的, 过时的",托福
rarefy,"'rɛrə,fai",,v.稀薄,托福
crossbones,'krɔsbonz,,n.交叉腿骨的图形,托福
figurehead,'fɪgjɚ'hɛd,,"n.装饰船头的雕像, 破浪神",托福
snipe,snaɪp,,n.[鸟]鹬,托福
intricately,ˈɪntrəkɪtlɪ,,"ad.杂乱地,  复杂地",托福
icon,'aɪkɑn,,"n.图标, 肖像",托福
antelope,'æntɪlop,,n.羚羊,托福
interferometer,",ɪntɚfɪ'rɑmətɚ",,n.干涉计,托福
hardworking,"'hɑrd,wɝkɪŋ",,"a.努力工作的,  勤奋的",托福
proprietorship,"prə'praɪətɚ,ʃɪp",,n.所有权,托福
aie,,,n.急性包涵(体)脑炎,托福
imbibe,ɪm'baɪb,,v.吸收,托福
agility,ə'dʒiləti,,"n.敏捷, 活泼",托福
delightful,dɪ'laɪtfl,,"a.令人愉快的,  可喜的",托福
overheat,",ovɚ'hit",,v.使过热， 变得过热,托福
rehydrate,ri:'haidreit,,"v.[化] 再水化, 再水合",托福
efficacy,'ɛfɪkəsi,,"n.功效, 效验",托福
dilution,dɪ'ljʊʃən,,n.稀释,托福
festive,'fɛstɪv,,"a.庆祝的, 喜庆的",托福
zealous,'zɛləs,,a.热心的,托福
bust,bʌst,,"n.半身像, 胸像",托福
equestrian,ɪ'kwɛstrɪən,,a.骑马的 n骑手,托福
urn,ɝn,,"n.瓮, 缸",托福
timidity,tɪ'mɪdəti,,n.胆怯,托福
stonemason,'stonmesn,,n.石匠,托福
biter,'baɪtɚ,,"n.咬人的动物, 骗子",托福
bitterness,'bɪtɚnɪs,,"n.苦味, 辛酸",托福
plainspoken,'plein'spəukən,,"a.老实说的,直言的",托福
grit,ɡrɪt,,n.粗砂 v研磨,托福
aero,'ɛro,,"a.航空的,  飞行的",托福
cheapen,'tʃipən,,"v.减价, 跌价",托福
thorny,'θɔrni,,"a.多刺的, 痛苦的",托福
inchworm,'ɪntʃwɝm,,n.[昆] 尺蠖,托福
escalator,'ɛskə'letɚ,,n.电动扶梯,托福
voltage,'voltɪdʒ,,"n.[电工]电压, 伏特数",托福
smite,smaɪt,,v.重击,托福
follower,'fɑloɚ,,"n.追随者, 信徒",托福
indifference,ɪn'dɪfrəns,,n.不关心,托福
eyelid,"'aɪ,lɪd",,"n.眼皮, 眼睑",托福
comfortably,'kʌmftəbli,,ad.舒适地,托福
hatchet,'hætʃɪt,,n.短柄斧,托福
axe,æks,,"n.斧, (经费的)大削减",托福
ambidextrous,'æmbə'dɛkstrəs,,a.十分灵巧的,托福
attributable,ə'trɪbjətəbl,,a.可归因于的,托福
predominance,prɪ'dɑmɪnəns,,n.优势,托福
petrify,'pɛtrɪfaɪ,,"v.石化,吓呆",托福
polarity,pə'lærəti,,n.极性,托福
ax,æks,,n.斧头 vt削减,托福
ferromagnetic,",fɛromæɡ'nɛtɪk",,a.铁磁的,托福
afterward,ˈæftərwərd,,"ad.然后, 后来",托福
occupant,'ɑkəpənt,,"n.占有者, 居住者",托福
inflexible,ɪn'flɛksəbl,,"a.不可弯曲的, 僵硬的",托福
lotus,'lotəs,,n.[植] 莲(花) a.贪图安乐的,托福
inexplicable,",ɪnɪk'splɪkəbl",,a.无法解释的，难理解的,托福
nineteen,",naɪn'tin",,num.十九,托福
therapeutic,",θɛrə'pjutɪk",,"a.治疗的, 治疗学的 n治疗剂, 治疗学家",托福
restrictive,rɪ'strɪktɪv,,a.限制性的,托福
ail,el,,v.生病，使苦恼,托福
unbind,",ʌn'baind",,"v.解开, 解放",托福
Grecian,'ɡriʃən,,"a.希腊的, 希腊式的 n希腊学家",托福
defender,dɪ'fɛndɚ,,"n.防卫者, 拥护者",托福
volcanism,'vɑlkənɪzm,,n.火山作用,托福
subduction,səb'dʌkʃən,,n.[地]潜没(指地壳的板块沉到另一板块之下),托福
diverge,daɪ'vɝdʒ,,v.分歧,托福
electrocardiogram,"ɪ,lɛktro'kɑrdɪoɡræm",,n.[医]心电图,托福
grope,ɡrop,,v./ n摸索,托福
hesitate,'hɛzɪtet,,"v.犹豫, 踌躇",托福
electroencephalogram,"ɪ,lektrəʊɪn'sef(ə)ləgræm; -'kef-",,n.[医]脑电图,托福
blackout,'blækaʊt,,n.灯火管制，断电,托福
jolt,dʒolt,,v& n.(使)颠簸；震动,托福
bandleader,'bændlidɚ,,n.伴舞乐队的指挥,托福
ballroom,'bɔl'rʊm,,"n.舞厅, 跳舞场",托福
memorandum,",mɛmə'rændəm",,"n.备忘录, 便笺",托福
nickname,'nɪk'nem,,"n.绰号, 昵称",托福
pepper,'pɛpɚ,,n.胡椒粉,托福
accusation,",ækju'zeʃən",,"n.谴责, [律]指控",托福
obligate,"'ɑblɪ,ɡeɪt",,v.使负义务 a有责任的,托福
forbearance,fɔr'bɛrəns,,n.自制，忍耐,托福
consent,kən'sɛnt,,n& vi.同意，赞成,托福
Thames,temz,,"n.泰晤士河(流经牛津,伦敦等)",托福
maverick,'mævərɪk,,a.标新立异的；持不同意见的,托福
commemorate,kə'mɛməret,,v.纪念,托福
blower,'bloɚ,,"n.吹制工, 送风机",托福
goldfish,'ɡoldfɪʃ,,n.金鱼,托福
decor,de'kɔr,,n.舞台装饰,托福
fresco,'frɛsko,,n.壁画 vt作壁画于,托福
rook,rʊk,,n.白嘴鸦；赌棍  vt骗,托福
fitting,'fɪtɪŋ,,a.适合的n试穿，装配,托福
equilateral,'ikwə'lætərəl,,a.等边的 n等边形,托福
honeycomb,'hʌnɪkom,,"n.蜂房, 蜂巢",托福
romanticize,rəu'mæntisaiz,,"v.浪漫化, 传奇化",托福
misconception,'mɪskən'sɛpʃən,,n.误解,托福
conviction,kən'vɪkʃən,,"n.深信,  定罪",托福
poster,'postɚ,,"n.海报, 招贴",托福
tessellation,",tesi'leiʃən",,n.棋盘形嵌石饰,托福
victim,'vɪktɪm,,"n.受害人,牺牲品",托福
cate,ket,,"n.佳肴, 美食",托福
arouse,ə'raʊz,,"v.唤醒,鼓励 v.睡醒",托福
officeholder,"'ɔfɪs,holdɚ",,"n.官员,公务员",托福
pentagon,'pɛntəɡɑn,,"n.五角形, 五边形",托福
corset,'kɔrsɪt,,"n.束腹, 妇女的胸衣 v.严格控制",托福
sheepskin,'ʃipskɪn,,"n.羊皮(革,纸), 毕业证书",托福
perimeter,pə'rɪmɪtɚ,,"n.[树数] 周长, 周界",托福
denomination,"dɪ,nɑmɪ'neʃən",,"n.面额,名称,教派",托福
breech,britʃ,,"n.臀部,后膛 vt.给…穿上裤子",托福
mitigate,'mɪtɪɡet,,"v.减轻,缓和",托福
mighty,'maɪti,,n.有势力的人 a.有势力的,托福
spaceship,'spesʃɪp,,n.太空船,托福
adventure,əd'vɛntʃɚ,,"n.冒险 v.冒险,大胆说出来",托福
feud,fjʊd,,"n.不和,争执 v.长期争斗",托福
ted,tɛd,,vt.翻晒 n.泰德,托福
venturesome,'vɛntʃɚsəm,,"a.危险的,冒险的",托福
knuckle,'nʌkl,,"n.指节, 关节 v.开始工作",托福
receiver,rɪ'sivɚ,,"n.接受者, 接收器, 收信机",托福
wrist,rɪst,,"n.手腕, 腕关节",托福
familiarization,"fə,miljərai'zeiʃən, -ri'z-",,"n.亲密, 熟悉, 精通",托福
bulldoze,'bʊldoz,,"v.威吓, 欺负",托福
mason,'mesn,,n.泥瓦匠 vt.用砖瓦砌成,托福
woodlot,'wudlɔt,,n.植林地(尤指附属林场地),托福
profoundly,prə'faʊndli,,"ad.深深地, 衷心地",托福
hone,hon,,n.磨（刀）石vt用磨刀石磨,托福
tele,'tɛli,,n.电视,托福
uncounted,ʌn'kaʊntɪd,,"a.无数的,没有数过的",托福
profiteer,",prɑfə'tɪə",,n.奸商 v.牟取暴利,托福
arsenal,'ɑ:sənəl,,"n.兵工厂, 军械库",托福
ordnance,'ɔrdnəns,,n.军火,托福
tycoon,taɪ'kun,,"n.企业界大亨, 将军",托福
knit,nɪt,,"v.编织, 密接 n.编织物",托福
stickpin,'stikpin,,n.领带夹(指插于领带上的装饰别针),托福
cane,ken,,"n.藤条,手杖 v.以杖击, 以藤编制",托福
flamboyant,flæm'bɔɪənt,,"a.辉耀的,艳丽的",托福
rumble,'rʌmbl,,"v.隆隆声,低沉地说 n.隆隆声, 吵嚷声",托福
gunfire,'ɡʌnfaɪɚ,,n.炮火,托福
shrill,ʃrɪl,,a.尖声的 v.尖声叫出,托福
ameliorate,ə'milɪə'ret,,"v.改善, 改进",托福
bugle,'bjuɡl,,"n.喇叭,军号 v.吹号集合",托福
heartbreak,'hɑrtbrek,,n.心碎；伤心事,托福
northerner,'nɔrðənɚ,,"n.北国人, 北方人",托福
tingle,'tɪŋɡl,,"v.造成麻刺的感觉,使感刺痛",托福
achingly,'ekɪŋli,,"ad.极其,非常痛地",托福
desolate,'dɛsələt,,"a.荒凉的, 无人烟的",托福
helicopter,'hɛlɪkɑptɚ,,"n.直升(飞)机, 直升机",托福
ankle,'æŋkl,,n.[解]踝,托福
dishonest,dɪs'ɑnɪst,,a.不诚实的,托福
shortcut,"'ʃɔrt,kʌt",,n.捷径,托福
roadway,'rodwe,,"n.车行道, 路面",托福
royal,'rɔɪəl,,"a.皇家的, 高贵的",托福
promoter,prə'motɚ,,"n.促进者, 助长者",托福
hydra,'haidrə,,"n.[希神]九头怪蛇, 难以根除之祸害, [动]水螅",托福
coelenterate,sɪ'lɛntəret,,n.[动]腔肠动物 a.腔肠动物的,托福
plantlike,,,a.似植物的,托福
homeownership,,,n.房主,托福
acceleration,ək'sɛlə'reʃən,,"n.加速度,加速",托福
traction,'trækʃən,,"n.牵引,牵引力",托福
dictaphone,'diktəfəun,,n.录音电话机（商标名称） [商标名] 录音机,托福
utter,'ʌtɚ,,"a.全然的, 绝对的 v.发出, 发射",托福
succinctly,sək'siŋktli,,"ad.简洁地, 简便地",托福
standpoint,'stændpɔɪnt,,"n.立场, 观点",托福
codify,'kɔdifai,,"v.把…编成法典, 编纂",托福
soul,sol,,"n.灵魂, 精髓",托福
airy,'ɛri,,"a.通风的, 轻快的",托福
dread,drɛd,,"n.恐惧,可怕的人(或物) v.惧怕 a.恐怖的",托福
sway,swe,,"v&n.摇摆, 支配",托福
reconstitute,",ri'kɑnstətut",,"v.重新组成, 重新设立",托福
overexploitation,"'əuvə,reksplɔi'teiʃən",,"n.(对资源等的)过度开采,(对工人等的)过度剥削",托福
designation,",dɛzɪɡ'neʃən",,"n.指示, 指定, 名称",托福
wretched,'rɛtʃɪd,,"a.可怜的, 恶劣的",托福
entrench,ɪn'trɛntʃ,,"v.以壕沟防护,保护",托福
thousandth,'θaʊznθ,,"a.第一千的, 千分之一的",托福
woodworking,"'wʊd,wɝkɪŋ",,"n.木工艺, 木工行业 a.干木工活的",托福
demolition,",dɛmə'lɪʃən; ,dimə'lɪʃən",,"n.毁坏, 毁坏之遗迹",托福
magnification,",mæɡnɪfɪ'keʃən",,"n.扩大, 放大倍率",托福
bat,bæt,,"n.蝙蝠, 球棒 v用球棒击球",托福
sawyer,sɔjɚ,,"n.锯木匠, 漂流水中的树木",托福
wavy,'wevi,,"a.波状的,不稳的",托福
cooper,'kupɚ,,n.制桶工人 v.制桶,托福
forestall,fɔː'stɔːl,,"v.之前, 先(用先发制人的方法)预防, 阻止",托福
melange,mei'la:nʒ,,"n.混合物, 杂录",托福
waterside,'wɔtɛrsaɪd,,"n.n& a.水边(的),湖畔(的)",托福
irrational,ɪ'ræʃənl,,"a.无理性的, 失去理性的 n.无理数",托福
cherish,'tʃɛrɪʃ,,"v.珍爱, 怀抱(希望等)",托福
improbable,ɪm'prɑbəbl,,"a.不大可能的, 不像会发生的, 似不可信的",托福
kiosk,'kiɑsk,,n.亭子,托福
cordwainer,'kɔrdwenɚ,,n.鞋匠,托福
sear,sɪr,,"a.烤焦的, 枯萎的 v.烤焦,变干枯",托福
negligibly,'neglidʒibli,,"ad.可忽略不计地, 微不足道地, 极小地",托福
abut,ə'bʌt,,"v.邻接, 毗邻",托福
annex,əˈnɛks; æˈnɛks; (for n.) ˈænˌɛks,,"n.附件 v.并吞, 附加",托福
proliferate,prə'lɪfə'ret,,"v.繁殖,使激增, 使扩散",托福
spank,spæŋk,,v.鞭策前进 v.轻快的移动 n.拍击,托福
peart,piət,,"a.有精神的, 快活的",托福
Indonesia,"'indəu'ni:zjə,-ʒə",,n.印尼(东南亚岛国),托福
Thailand,'taɪlænd; -lənd,,n.泰国,托福
biodiversity,",baɪodaɪ'vɝsəti",,n.生物多样性,托福
gust,ɡʌst,,"n.一阵狂风,（感情的）迸发，汹涌",托福
newberry,,,n.纽伯里,托福
keenly,'ki:nli,,"ad.敏锐地, 强烈地, 热心地",托福
captivate,'kæptɪvet,,"v.迷住, 迷惑",托福
philanthropist,fɪ'lænθrəpɪst,,"n.慈善家,博爱的人",托福
purplish,'pɝplɪʃ,,a.略带紫色的,托福
venerable,'vɛnərəbl,,"a.值得尊敬的, 庄严的",托福
sargeant,,,n.萨金特,托福
unmarried,",ʌn'mærɪd",,"a.未婚的, 单身的",托福
gentility,dʒɛn'tɪləti,,"n.文雅, 出身高贵, 有教养",托福
plasticity,plæ'stɪsəti,,"n.可塑性, 塑性",托福
carpet,'kɑrpɪt,,n.地毯,托福
adolescent,",ædə'lɛsnt",,a.青春期的 n.青少年,托福
regimentation,",redʒimen'teiʃən",,"n.管辖,严格控制",托福
rarer,'reərə,,"a.稀罕的,  珍贵的",托福
jibe,dʒaɪb,,"v.嘲笑, 与一致, 使转向",托福
knead,nid,,"v.揉(面等)成团, 按摩",托福
nonchalant,",nɑnʃə'lɑnt",,"a.若无其事的, 不关心的, 冷淡的",托福
humanlike,,,a.似人类的,托福
boron,'borɑn,,n.[化]硼,托福
dump,dʌmp,,"v.倾倒(垃圾), 倾卸 n.堆存处",托福
topographically,",tɔpə'græfikli",,ad.地形地,托福
mandatory,'mændətɔri,,"a.命令的, 托管的",托福
scholarly,'skɑlɚli,,"a.学者气质的, 学者风度的",托福
offering,'ɔfərɪŋ,,"n.提供, 奉献物",托福
chlorine,'klɔrin,,n.[化]氯,托福
bromine,'bromin,,n.[化]溴,托福
gush,ɡʌʃ,,"v.涌出,滔滔不绝 n.迸发",托福
kea,'kiə,,n.食肉鹦鹉,托福
hillbilly,'hɪlbɪli,,"n.山地内部的贫农,乡下人",托福
pont,pɔnt,,n.(南非的)缆拉渡船,托福
resettle,ri:'setl,,"v.(使)重新定居,再坐下来",托福
pivotal,'pɪvətl,,"a.重要的, 轴的",托福
untimely,ʌn'taɪmli,,"a&ad.不适时的, 不合时宜的",托福
sack,sæk,,"n.大袋, 大袋之量 v.解雇, 洗劫",托福
pointe,pwæŋt,,n.（芭蕾舞中的）足尖舞,托福
woodcutting,"'wud,kʌtiŋ",,"a.木雕的 n.伐木, 木刻",托福
chapter,'tʃæptɚ,,"n.(书籍)章,回",托福
homely,'homli,,"a.家常的,平凡的",托福
circulatory,'sɝkjələtɔri,,"a.循环的, 循环系统的",托福
variance,'vɛrɪəns,,"n.不一致, 变化,",托福
affiliate,ə'fɪlɪet,,v.使隶属于 n.附属机构,托福
unquestioning,ʌn'kwɛstʃənɪŋ,,"a.无条件的, 不犹豫的",托福
primatology,",praɪmə'tɑlədʒi",,n.灵长类动物学,托福
demerit,di'mɛrɪt,,"n.缺点,过失",托福
inferiority,"ɪn,fɪrɪ'ɔrəti",,"n.自卑, 次等",托福
tyrannical,tɪ'rænɪkl,,"a.暴虐的, 压制的, 残暴的",托福
potentiality,"pə,tɛnʃɪ'æləti",,"n.(用复数)潜能,可能性",托福
applicability,",æplɪkə'bɪləti",,"n.适用性, 适应性",托福
enlightenment,ɪn'laɪtnmənt,,"n.启迪, 教化",托福
terrible,'tɛrəbl,,"a.很糟的, 极坏的,骇人的",托福
glossy,'ɡlɑsi,,"a.平滑的, 有光泽的",托福
relevance,'rɛləvəns,,"n.中肯, 适当",托福
wanderer,'wɑndərɚ,,"n.流浪者, 徘徊者, 迷路的动物",托福
rebirth,",ri'bɝθ",,"n.复活, 新生",托福
unfertilized,ʌn'fɜːtɪlaɪzd,,"a.未施肥的,  未受精的",托福
untreated,",ʌn'tritɪd",,"a.未经处理的, 未经治疗的",托福
folklore,'foklɔr,,"n.民间传说, 民俗学",托福
fumigate,'fjumɪɡet,,"v.熏制, 以烟熏消毒",托福
unverified,"ʌn'vɛrɪ,faɪd",,"a.未经证实的,  未经核对的",托福
veil,vel,,"n.面纱 v.遮蔽, 掩饰",托福
uncontested,",ʌnkən'tɛstɪd",,"a.无争论的, 无异议的",托福
inspector,ɪn'spɛktɚ,,"n.检查员, 巡视员",托福
nutritionist,nu'trɪʃənɪst,,n.营养学家,托福
dismal,'dɪzməl,,"a.阴沉的, 凄凉的n沼泽",托福
thicken,'θɪkən,,"v.(使)变厚, (使)变粗",托福
courageous,kə'redʒəs,,a.勇敢的,托福
roe,ro,,"n.鱼卵,獐鹿",托福
unrecognizable,",ʌnrɛkəɡ'naɪzəbl",,"a.未被承认的, 无法识别的",托福
soup,sup,,n.汤,托福
directive,daɪ'rɛktɪv,,n.指示 a.指导的,托福
september,sɛp'tɛmbɚ,,n.九月(略作Sep),托福
unreachable,ʌn'ri:tʃəbl,,"a.不能到达的,  不能得到的",托福
stew,"stu, stju",,"v.炖, 焖",托福
slowness,'slonɪs,,"n.缓慢, 迟钝",托福
slavery,'slevəri,,"n.奴隶身分, 奴隶制度",托福
herculean,",hə:kju'li:ən; hə'ku:liən",,"a.极困难的,需要大力气的",托福
colossal,kə'lɑsl,,"a.巨大的,  <口>异常的",托福
prudent,'prʊdnt,,"a.审慎的,小心谨慎的",托福
liable,'laɪəbl,,"a.有责任的, 易的, 有倾向的",托福
imprisonment,ɪm'prɪznmənt,,"n.关押,监禁",托福
sour,'saʊɚ,,"a.酸的, 发酵的 v.变酸",托福
treason,'trizn,,"n.叛逆, 通敌, 背信",托福
wold,'wəuld,,"n.无树木的山地, 荒野",托福
abalone,",æbə'loni",,n.[动]鲍鱼(软体动物),托福
mime,maɪm,,n.哑剧 v.做哑剧表演,托福
dram,dræm,,"n.液量特兰(药衡系统中的容量单位),  少量",托福
desperate,'dɛspərət,,"a.不顾一切的, 拚死的, 令人绝望的",托福
retool,",ri'tul",,"v.将机械重新整备, 重组",托福
urchin,'ɜːtʃɪn,,"n.顽童, [动物]刺猥, [动物]海胆",托福
relational,rɪ'leʃənl,,"a.有关系的, 亲属的",托福
demobilize,di'mobəlaɪz,,"v.使复员, 使退伍, 遣散",托福
bid,bɪd,,"v.出价, 投标 n.投标,企图",托福
palimpsest,'pælɪmpsɛst,,n.重写本,托福
hermetic,hɝ'mɛtɪk,,"a.密封的, 与外界隔绝的",托福
lust,lʌst,,"n.繁殖力, 强烈的性欲 v.强烈欲望",托福
posthumously,'pɔstjuməsli,,ad.在死后,托福
outfit,'aʊtfɪt,,"n.用具, 全套装配, vt配备, 装备",托福
revolt,rɪ'volt,,"v& n.反抗,反叛",托福
maw,mɔ,,"n.动物的胃,口部",托福
utmost,'ʌt'most,,"n.极限, 最大可能 a.极度的, 最远的",托福
bryn,,,n.布琳,托福
consistency,kən'sɪstənsi,,"n.坚固性, 浓度, 一致性",托福
sentimentalism,",sɛntə'mɛntl,ɪzəm",,"n.感情主义, 沉于情感",托福
philosophic,",fɪlə'sɑfɪkl",,"a.哲学的, 哲学家的",托福
trilogy,'trɪlədʒi,,"n.三部剧, 三部曲",托福
diction,'dɪkʃən,,"n.措辞, 用语, 言语",托福
stylish,'staɪlɪʃ,,"a.时髦的, 漂亮的, 流行的",托福
embarrass,ɪm'bærəs,,"v.使困窘, 使局促不安",托福
vocation,vo'keʃən,,"n.召唤,天职,职业",托福
arena,ə'rinə,,"n.竞技场, 舞台",托福
waist,west,,"n.腰部, 衣服的上身部分",托福
irritate,'ɪrɪtet,,"v.激怒, 使急躁",托福
storehouses,'stɔrhaʊs,,"n.仓库,  储藏所,  宝藏",托福
uncharted,",ʌn'tʃɑrtɪd",,"a.地图上没标明的,未知的",托福
hanker,'hæŋkɚ,,"v.渴望, 追求",托福
rattlesnake,'rætlsnek,,n.<美>[动]响尾蛇,托福
glamorous,'glæmərəs,,"a.富有魅力的, 迷人的",托福
brim,brɪm,,"n.(杯, 碗等)边, 边缘 v.注满",托福
boot,but,,n.<美> (长统)靴,托福
garb,ɡɑrb,,n.服装 v.装扮,托福
flannel,'flænl,,n.法兰绒(衣服),托福
thigh,θaɪ,,"n.大腿, 股",托福
collarless,'kɔləlis,,"a.无领的,无马轭(或颈圈)的",托福
cowhand,'kaʊhænd,,n.<美>(牧场的)牧牛工,托福
taxonomy,tæk'sɑnəmi,,"n.分类法, 分类学",托福
narrower,,,"a.有限的, 精密的 n.海峡",托福
waterfall,'wɔtɚfɔl,,"n.瀑布, 瀑布似的东西",托福
hibernation,",haibə'neiʃən",,"n.过冬, 冬眠, 避寒",托福
evenness,'i:vənnis,,"n.平均, 平等, 平坦",托福
poikilotherm,'pɔikiləθə:m,,"n.[动]变温动物,冷血动物",托福
unload,'ʌn'lod,,v.卸货 v.摆脱之负担,托福
depositor,dɪ'pɑzɪtɚ,,"n.寄托者, 存款人",托福
lyrically,,,"ad.抒情地,  狂热地",托福
theatrically,θi'ætri'kəli,,ad.戏剧化地,托福
splinter,'splɪntɚ,,"n.尖片, 碎片 v.分裂",托福
tonnage,'tʌnɪdʒ,,"n.登记吨位, 排水量",托福
seagoing,'sɪ'goɪŋ,,"a.适于远航的,出海的",托福
jacket,'dʒækɪt,,"n.夹克,护封 v.给穿夹克",托福
fisherman,'fɪʃɚmən,,"n.渔民, 渔夫",托福
mainsheet,"'men,ʃit",,n.主桅帆操纵索,托福
oblivious,ə'blɪvɪəs,,"a.没注意到, 健忘的",托福
coaming,'komɪŋ,,"n.舱口栏板, 边材",托福
lad,læd,,"n.少年, 青年男子",托福
tilt,tɪlt,,"v.(使)倾斜, 以言词或文字抨击",托福
choppy,'tʃɑpi,,"a.（海等）波浪起伏的, (指风)不断改变方向的",托福
illustrator,'ɪləstretɚ,,"n.插图画家,说明者",托福
ectothermic,,,n.变温动物,托福
poikilothermic,,,"a.[动]变温的, 冷血动物的",托福
locomote,'ləukəməut,,"v.移动, 行动",托福
inadequately,in'ædikwitli,,"ad.不够地,  不够好",托福
onetime,'wʌntaim,,"a.从前的,  一度的 ad.从前",托福
citation,saɪ'teʃən,,"n.引用,表扬",托福
stillness,'stɪlnəs,,"n.静止, 沉静",托福
eyesight,'aɪsaɪt,,"n.视力, 目力",托福
comical,'kɑmɪkl,,"a.好笑的, 滑稽的",托福
mollusk,'mɔləsk,,n.[动]软体动物,托福
rediscover,",ridɪ'skʌvɚ",,v.重新发现,托福
eminent,'ɛmɪnənt,,"a.著名的,  卓越的",托福
bleak,blik,,"a.寒冷的,荒凉的, 黯淡的",托福
silence,'saɪləns,,"n.寂静, 沉默 v.使沉默",托福
sequester,sɪ'kwɛstɚ,,"v.使隐退, 扣押, 没收",托福
metazoan,",mɛtə'zoən",,n&a.[动]后生动物(的),托福
abreast,ə'brɛst,,"ad.并肩地, 并排地",托福
serum,'sɪrəm,,"n.浆液, 血清",托福
adrenaline,æˈdrɛnəˌlɪn,,n.肾上腺素(使激动兴奋等),托福
milieu,mi'ljɜː,,"n.周围, 环境",托福
compensatory,"kəm'pɛnsə,tori",,"a.赔偿的, 补偿的",托福
unconventional,",ʌnkən'vɛnʃənl",,"a.非传统的, 不合惯例的",托福
gibe,dʒaib,,"v.嘲笑,讥笑 n.嘲笑",托福
proprietor,prə'praɪətɚ,,"n.所有者, 经营者",托福
mess,mɛs,,"n.混乱, 脏乱 v.弄乱",托福
silly,'sɪli,,"a.愚蠢的, 可笑的",托福
metric,'mɛtrɪk,,"a.米制的, 公制的",托福
lintel,'lɪntl,,"n.[建]楣, 过梁",托福
untapped,",ʌn'tæpt",,"a.塞子未开的, 未使用的",托福
mysteriously,mɪs'tɪrɪəsli,,"ad.神秘地,  故弄玄虚地",托福
corral,kə'ræl,,n.畜栏 v.关进畜栏,托福
prevention,pri'vɛnʃən,,"n.预防, 防止",托福
playwright,'pleraɪt,,n.剧作家,托福
Cuban,'kju:bən,,n.古巴人 a.古巴(人)的,托福
char,tʃɑr,,v.烧焦 n.碳,托福
tavernkeeper,,,n.小餐馆老板,托福
upgrade,",ʌp'ɡred",,"n.升级, 上升 v.使升级, 提升 ad.往上",托福
incident,'ɪnsɪdənt,,"n.事件 a.附带的, 易于发生的",托福
slavish,'slevɪʃ,,"a.奴隶的, 盲从的, 专横的",托福
emotive,ɪ'motɪv,,"a.感情的, 引起强烈感情的",托福
physic,'fɪzɪk,,n.医术 vt.治愈,托福
synapsis,si'næpsis,,"n.[生]染色体结合, 突触",托福
unsophisticated,",ʌnsə'fɪstɪketɪd",,"a.不谙世故的, 不复杂的",托福
unspoiled,'ʌn'spɔɪld,,"a.未损坏的, 未宠坏的",托福
arthritis,ɑr'θraɪtɪs,,n.关节炎,托福
whim,wɪm,,"n.一时的兴致, 奇想",托福
hospitable,hɑ'spɪtəbl,,"a.好客的, 宜人的",托福
carnivorous,kɑrˈnɪvərəs,,"a.食肉的, 肉食性的",托福
depredation,",dɛprə'deʃən",,"n.掠夺, 破坏痕迹",托福
nostalgia,nə'stældʒə,,"n.乡愁, 怀旧之情",托福
stewpot,"'stjʊ,pɑt",,n.双把炖锅,托福
adolescence,",ædə'lɛsns",,n.青春期,托福
ministry,'mɪnɪstri,,n.(政府的)部门,托福
Toronto,tə'rɑnto,,n.多伦多（加拿大）,托福
narrowly,'næroli,,"ad.勉强地, 精细地",托福
proficiency,prə'fɪʃənsi,,"n.熟练, 精通, 熟练程度",托福
spar,spɑr,,"n.争论,园材(如桅,桁等)",托福
hometown,'homtaʊn,,n.故乡,托福
sociology,",sosɪ'ɑlədʒi",,n.社会学,托福
dough,do,,n.生面团,托福
flair,flɛr,,"n.才能, 本领",托福
esoteric,",ɛsə'tɛrɪk",,"a.秘传的,  神秘的,  难懂的",托福
potion,'poʃən,,"n.一服, 一剂",托福
laboriously,lə'bɔ:riəsli,,"ad.艰难地,  辛勤地",托福
elixir,ɪ'lɪksɚ,,"n.炼金药, 不老长寿药",托福
inextricably,ˌɪnɪkˈstrɪkəbli,,"ad.分不开地, 无法摆脱地",托福
imprecise,'ɪmprɪ'saɪs,,a.不精确的,托福
bestow,bɪ'sto,,"v.给予,利用",托福
bless,blɛs,,"v.祝福, 保佑",托福
quaker,'kweikə,,"n.教友派信徒, 贵格会会员",托福
alternately,'ɔltɚnɪtli,,"ad.交替地,轮流地",托福
thermodynamic,",θɝmodaɪ'næmɪks",,"a.热力学的, 使用热动力的",托福
uncrumple,ʌn'krʌmpl,,"vt.去掉…的皱纹,使回复到平整状态",托福
dinner,'dɪnɚ,,"n.正餐, 宴会",托福
untwist,ʌn'twɪst,,"v.拆开(搓合的绳,线等), 解开",托福
selfless,sɛlflɪs,,a.无私的,托福
obligation,",ɑblɪ'ɡeʃən",,"n.义务, 职责, 债务",托福
fanatical,fə'nætikl,,"a.狂热的, 入迷的",托福
coax,koks,,"v.巧妙地（耐心地）处理,哄",托福
flue,flu,,"n.烟道, 暖气管",托福
pivot,'pɪvət,,n.枢轴 v.在枢轴上转动,托福
coordination,"ko,ɔrdɪ'neʃən",,n.协调,托福
cancel,'kænsl,,v.取消， 废除； 删去， 删除； 抵消,托福
recline,rɪ'klaɪn,,v.向后倚靠， 斜倚,托福
explosive,ɪk'splosɪv; ɪk'splozɪv,,a.爆炸的，爆发的；使人冲动的 n.炸药,托福
prepare,prɪ'pɛr,,v.准备， 预备,托福
crusade,kru'sed,,v.加入十字军， 投身正义运动 n.十字军；斗争，运动,托福
supplant,sə'plænt,,vt.取代， 代替,托福
surgeon,'sɝdʒən,,n.外科医师,托福
abrupt,ə'brʌpt,,a.突然的， 意外的； 唐突的， 鲁莽的,托福
discourage,dɪs'kɝɪdʒ,,vt.使泄气， 使灰心； 阻止， 劝阻,托福
predispose,'pridɪ'spoz,,v.事先影响某人； 易受感染,托福
spontaneous,spɑn'tenɪəs,,a.自发的， 自然产生的； 自然的， 无雕饰的,托福
convection,kən'vɛkʃən,,n.对流； 传送,托福
wreck,rɛk,,vt.使失事；破坏 n.沉船； 失事,托福
twinkling,'twɪŋklɪŋ,,a.闪光的 n.瞬间，一眨眼,托福
gloomy,'ɡlumi,,a.忧郁的， 令人沮丧的； 昏暗的， 阴暗的， 阴沉的,托福
reproach,rɪ'protʃ,,v&n.指责， 斥责， 批评,托福
customs,'kʌstəmz,,n.关税， 进口税； 海关,托福
warrant,'wɔrənt,,n.授权，批准；许可证；委任状，执行令 vt.保证， 担保； 使正当,托福
sake,sek,,n.缘故， 理由； 好处,托福
conceal,kən'sil,,vt.隐蔽； 隐瞒； 覆盖,托福
solid,'sɑlɪd,,a.固体的；实心的；结实的，稳固的；可靠的；连续的 n.固体,托福
narrative,'nærətɪv,,a.叙述性的 n.叙述；记叙体，叙述技巧,托福
coincide,",koɪn'saɪd",,vi.同时发生； 一致， 相符； 重合,托福
circular,'sɝkjəlɚ,,a.圆形的， 环形的； 循环的； 绕行的,托福
scratch,skrætʃ,,vt.刮擦，划；抓，搔 n.划痕； 挠痒,托福
require,rɪ'kwaɪr,,vt.需要； 要求， 命令,托福
cooperative,ko'ɑpərətɪv,,a.合作的，协作的；配合的 n.合作企业,托福
willow,'wɪlo,,n.柳， 柳树； 柳木制品,托福
corporeal,kɔr'pɔrɪəl,,a.肉体的， 身体的； 物质的； 实体的,托福
irritable,'ɪrɪtəbl,,a.急躁的， 易怒的； 易受刺激的； 过敏的,托福
triple,'trɪpl,,v.增至三倍 a.三部分的； 三方的； 三倍的,托福
temper,'tɛmpɚ,,n.脾气，性情 vt.缓和， 调节,托福
legible,'lɛdʒəbl,,a.清楚的； 易读的,托福
tickle,'tɪkl,,v.发痒；使高兴，逗乐 n.痒,托福
cardiac,'kɑrdɪæk,,a.心脏的； 心脏病的,托福
accessible,ək'sɛsəbl,,a.易接近的； 可得到的； 可进入的,托福
ageism,'edʒ'ɪzəm,,n.年龄歧视,托福
cliff,klɪf,,n.悬崖， 峭壁,托福
roll,rol,,v.滚动，转动；卷，绕；摇摆，摇晃 n.卷； 卷形物； 名单， 花名册,托福
notable,'notəbl,,a.值得注意的，明显的；显著的；著名的；重要的 n.名人， 要人,托福
concede,kən'sid,,v.承认； 让步； 允许,托福
unparalleled,ʌn'pærəlɛld,,a.空前的， 无比的,托福
evaporate,ɪ'væpəret,,v.蒸发； 消失， 不复存在,托福
luminosity,",lʊmə'nɑsəti",,n.亮度， 发光度； 光明,托福
commission,kə'mɪʃən,,n.授权，委任；委员会；佣金，回扣 vt.委托， 授权,托福
policy,'pɑləsi,,n.政策， 方针； 原则； 保险单,托福
resume,rɪ'zuːm,,v.重新开始， 继续,托福
provocative,prə'vɑkətɪv,,a.挑衅的， 煽动性的； 惹人讨厌的； 挑逗的,托福
address,əˈdrɛs;(for n)ˈædres; ædrɛs,,v.作讲话； 写姓名地址 n.地址；讲话,托福
spiral,'spaɪrəl,,vi.盘旋；盘旋上升；急剧增长 a.螺旋形的 n.螺旋形； 螺旋式的上升,托福
artistic,ɑr'tɪstɪk,,a.艺术的； 富有艺术性的， 精美的； 有艺术天赋的,托福
ramble,'ræmbl,,vi.漫游；漫谈，闲聊 n.漫步,托福
vocation,vo'keʃən,,n.职业； 使命感； 圣召,托福
halt,hɔlt,,v.停住， 停下 n.停止，阻止；暂停,托福
throw,θro,,v.投，掷，抛；丢，扔；使陷入，使处于；使困惑，使吃惊 n.投， 掷， 抛； 投掷的距离,托福
sunset,'sʌnsɛt,,n.日落， 傍晚,托福
stature,'stætʃɚ,,n.身材， 身高； 地位， 声望， 名望,托福
dogged,'dɔɡɪd,,a.顽强的， 坚持不懈的； 顽固的， 固执的,托福
plasma,'plæzmə,,n.血浆； 等离子体,托福
exorbitant,ɪɡ'zɔrbɪtənt,,a.过高的， 不合理的,托福
surgery,'sɝdʒəri,,n.外科手术； 外科学； 手术室， 诊疗室,托福
violent,'vaɪələnt,,a.暴力的； 感情强烈的， 激情的； 强烈的， 激烈的,托福
inaccessible,",ɪnæk'sɛsəbl",,a.难达到的， 不可及的； 不能得到的,托福
resolve,rɪ'zɑlv,,v.解决；决定，决心；分解；显现 n.决心， 决议,托福
choreograph,'kɔriəɡrɑ:f,,v.设计舞蹈动作， 编舞,托福
confront,kən'frʌnt,,vt.使面临， 使遭遇； 对抗,托福
nonverbal,",nɑn'vɝbl",,a.非语言的,托福
deploy,dɪ'plɔɪ,,vt.部署， 调度； 利用,托福
reproduce,",riprə'dus",,v.繁殖， 生育； 复制； 再现,托福
skeleton,'skɛlɪtn,,n.梗概， 提纲； 骨架， 骨骼； 框架,托福
huddle,'hʌdl,,vi.聚集在一起， 挤作一团； 蜷缩， 缩成一团， 蜷缩 n.挤在一起的人,托福
syntactic,sɪn'tæktɪk,,a.句法的； 按照句法的,托福
rendition,rɛn'dɪʃən,,n.表演， 演唱； 提供， 给予； 翻译,托福
intersection,",ɪntɚ'sɛkʃən",,n.交点； 十字路口， 道路交叉口,托福
scholarship,'skɑlɚʃɪp,,n.奖学金； 学问， 学识,托福
myriad,'miriəd,,a.无数的； 大量的 n.无数；大量,托福
besides,bɪ'saɪdz,,ad.而且， 还有 prep.除…之外,托福
implement,'ɪmplɪmɛnt,,vt.使生效， 执行， 实施,托福
disperse,dɪ'spɝs,,v.分散， 散开； 疏散； 散布,托福
erratic,ɪ'rætɪk,,a.古怪的， 反复无常的； 不规则的； 不稳定的,托福
incinerate,in'sinəreit,,vt.焚化， 焚毁,托福
fantasy,'fæntəsi,,n.想象， 幻想,托福
capillary,'kæpəlɛri,,a.毛状的； 毛细血管的 n.毛细血管,托福
deform,dɪ'fɔrm,,v.变形,托福
erode,ɪ'rod,,v.侵蚀， 腐蚀,托福
informative,ɪn'fɔrmətɪv,,a.提供消息的， 给予知识的； 见闻广博的,托福
check,tʃɛk,,n.支票；账单；,托福
frustrate,'frʌstret,,vt.使感到灰心， 挫败； 阻止,托福
sparse,spɑrs,,a.稀疏的， 稀少的； 贫乏的,托福
gorgeous,'ɡɔrdʒəs,,a.漂亮的； 令人愉快的； 华丽的， 灿烂的,托福
pragmatic,præg'mætɪk,,a.务实的， 注重实效的， 实用的,托福
erosion,ɪ'roʒən,,n.腐蚀， 侵蚀； 削弱， 减少,托福
methane,'mɛθen,,n.甲烷， 沼气,托福
tectonic,tɛk'tɑnɪk,,a.地壳构造的,托福
superstitious,'sʊpɚ'stɪʃəs,,a.迷信的， 受迷信思想支配的,托福
ascend,ə'sɛnd,,v.上升， 升高； 攀登,托福
elasticity,",ilæ'stɪsəti",,n.弹力； 弹性,托福
proactive,",pro'æktɪv",,a.积极主动的； 先发制人的,托福
aboriginal,",æbə'rɪdʒənl",,a.原始的；土著的，土生土长的 n.土著,托福
indispensable,'ɪndɪ'spɛnsəbl,,a.必不可少的,托福
lens,lɛnz,,n.透镜； 镜头； 镜片,托福
embody,ɪm'bɑdi,,vt.表达， 体现； 含有,托福
verifiable,"'vɛrə,faɪəbl",,a.可证实的， 可核实的,托福
comprehensible,'kɑmprɪ'hɛnsəbl,,a.可理解的， 能懂的， 能充分理解的,托福
motive,'motɪv,,a.发动的； 导致运动的 n.动机，目的,托福
elliptical,ɪ'lɪptɪkl,,a.椭圆的； 隐晦的； 省略的， 简略的,托福
emancipate,ɪ'mænsɪpet,,vt.解放， 解除,托福
romantic,ro'mæntɪk,,a.爱情的； 浪漫的， 富有情调的； 多情的； 不切实际的， 幻想的； [R-]浪漫主义的,托福
motivate,'motə'vet,,vt.激励； 激发,托福
spoil,spɔɪl,,v.破坏； 宠坏， 溺爱； 变质,托福
multiply,'mʌltɪplaɪ,,v.增加； 繁殖； 乘,托福
pasture,'pæstʃɚ,,n.牧场，草原；,托福
conducive,kən'dusɪv,,a.有助于…的， 有益于…的,托福
pilot,'paɪlət,,a.试验性的 n.飞行员，领航员；领导人 vt.驾驶， 领航； 试行， 试用； 使通过， 引导,托福
curative,'kjʊrətɪv,,a.有助于治疗的，有疗效的 n.药物,托福
cartilage,'kɑrtɪlɪdʒ,,n.软骨,托福
snide,snaɪd,,a.伪造的； 不诚实的； 讽刺的， 挖苦的， 含沙射影的,托福
multiple,'mʌltəpl,,a.多样的；多重的 n.倍数,托福
expose,ɪk'spoz；ek-,,vt.暴露， 显露； 揭露， 揭穿； 使接触， 使面临,托福
magnet,'mægnɪt,,n.磁铁， 磁体； 有吸引力的人,托福
versatile,'vɝsətl,,a.多才多艺的； 多用途的,托福
concentrate,'kɑnsn'tret,,v.集中，专心；,托福
versus,'vɝsəs,,prep.对， 对抗； 与…相对， 与…相比,托福
penmanship,'pɛnmən'ʃɪp,,n.书法,托福
tundra,'tʌndrə,,n.苔原， 冻原， 冻土地带,托福
explosion,ɪk'sploʒən,,n.爆炸； 爆发； 激增,托福
tinker,'tɪŋkɚ,,vi.做焊锅匠；做拙劣修补 n.补锅匠,托福
populate,'pɑpjulet,,vt.居住于,托福
puncture,'pʌŋktʃɚ,,v.刺穿；泄气，挫伤 n.小孔； 刺伤,托福
permit,pɚ'mɪt,,v.允许， 许可 n.许可证， 执照,托福
translation,træns'leʃən,,n.翻译； 译文， 译本,托福
personnel,",pɝsə'nɛl",,n.全体人员， 员工,托福
splash,splæʃ,,v.溅， 泼 n.重点文章；溅上的液体；斑点,托福
fountain,'faʊntn,,n.喷泉； 丰富来源， 源泉,托福
porcelain,ˈpɔrsələn,,n.瓷器， 瓷,托福
catalog,'kætəlɔg,,n.目录,托福
part-time,",pɑrt'taɪm",,a.兼职的； 部分时间的,托福
pioneer,",paɪə'nɪr",,vt.开拓，开创 n.开拓者， 创始人,托福
chilly,'tʃɪli,,a.寒冷的； 冷淡的， 不友好的,托福
flagellum,flə'dʒɛləm,,n.[昆] 鞭毛；鞭子；鞭状匍匐枝,托福
rhinoceros,raɪ'nɑsərəs,,n.犀牛,托福
implication,'ɪmplɪ'keʃən,,n.含义； 暗示， 暗指； 卷入， 牵连,托福
fierce,fɪrs,,a.凶猛的， 残忍的； 狂热的， 强烈的； 激烈的， 猛烈的,托福
reservation,",rɛzɚ'veʃən",,n.预约， 预订； 保留意见， 疑惑； 居留地,托福
block,blɑk,,vt.阻塞；阻碍，妨碍 n.大块； 街区； 障碍物,托福
cordial,'kɔrdʒəl,,a.亲切的， 热诚的,托福
odorous,'odərəs,,a.有气味的， 难闻的； 香的， 芬芳的,托福
cooperation,"ko,ɑpə'reʃən",,n.合作， 协作,托福
conceit,kən'sit,,n.自负， 自大,托福
modulate,'mɑdʒəlet,,v.调整， 调节； 调制,托福
mottled,'mɑtld,,a.有杂色的， 斑驳的,托福
morphology,mɔr'fɑlədʒi,,n.形态学， 形态论,托福
distant,'dɪstənt,,a.远离的， 遥远的； 疏远的， 冷淡的； 久远的； 不同的,托福
resonance,'rɛznəns,,n.共振， 共鸣； 回声， 反响,托福
propose,prə'poz,,v.建议， 提议； 提名， 推荐； 打算， 计划； 求婚,托福
spearhead,'spɪr'hɛd,,n.先锋，前锋，先头部队 vt.为…作先锋； 带头做,托福
seismograph,'saɪzməɡræf,,n.地震仪， 测震仪,托福
reform,rɪ'fɔrm,,n&v.改革， 改造， 革新； 改正， 改过自新,托福
angular,'æŋɡjəlɚ,,a.有角的， 尖角的； 消瘦的， 瘦骨嶙峋的,托福
daylight,'delaɪt,,n.日光； 白昼,托福
podium,'podɪəm,,n.讲坛， 讲台； 指挥台,托福
binary,'baɪnəri,,a.二进制的； 二元的； 由两部分组成的,托福
ensue,ɪn'su,,vi.继而发生， 接着发生,托福
crazy,'krezi,,a.疯狂的， 不理智的； 狂热的， 热衷的； 精神失常的,托福
microscopic,",maɪkrə'skɑpɪk",,a.用显微镜可见的； 极小的,托福
homage,'hɑmɪdʒ,,n.尊敬， 敬意,托福
penicillin,",pɛnɪ'sɪlɪn",,n.青霉素， 盘尼西林,托福
pine,paɪn,,vi.憔悴； 难过， 悲伤 n.松树,托福
enlightenment,ɪn'laɪtnmənt,,n.启发， 教化， 启迪； [the E-]启蒙运动,托福
irony,'aɪrəni,,n.反话， 讽刺， 嘲弄； 具有讽刺意味的事,托福
mandatory,'mændətɔri,,n.强制的，法定的，义务的； 受托人； 代理人,托福
caterpillar,'kætɚpɪlɚ,,n.毛毛虫,托福
hypertext,'haɪpɚ'tɛkst,,n.超文本,托福
bedrock,'bɛdrɑk,,n.基础， 根基； 基岩,托福
syndrome,'sɪndrəm,,n.综合征； 典型表现,托福
newsprint,'nuzprɪnt,,n.新闻纸,托福
tow,to,,vt&n.拖， 牵引,托福
harmonic,hɑr'mɑnɪk,,n.泛音；,托福
haul,hɔl,,v.拖，拖运 n.拖， 拉， 拖运； 一次获得的数量； 旅行的距离,托福
energetic,",ɛnɚ'dʒɛtɪk",,a.精力充沛的， 积极的,托福
quilt,kwɪlt,,v.缝被；缝制 n.被褥,托福
premier,prɪ'mɪr,,a.第一的， 首要的； 最著名的 n.首相，总理,托福
allergic,ə'lɝdʒɪk,,a.过敏的， 变态反应的； 对…讨厌的,托福
oceanographer,",oʃɪə'nɑgrəfɚ",,n.海洋学者,托福
anecdote,'ænɪkdot,,n.秘闻； 轶事， 趣闻,托福
officious,ə'fɪʃəs,,a.爱发号施令的， 爱指手画脚的,托福
infiltrate,ɪn'fɪltret,,v.渗入， 渗透； 悄悄进入， 潜入,托福
minor,'maɪnɚ,,vi.辅修 a.较小的；次要的 n.未成年人；辅修科目,托福
hostile,ˈhɑstl,,a.不友好的， 敌意的； 敌方的,托福
flora,'flɔːrə,,n.植物群,托福
celestial,sə'lɛstʃəl,,a.天空的， 天上的,托福
decode,ˌdiː'koud,,vt.译， 解， 破译,托福
bruise,bruz,,v.出现伤痕；挫伤 n.伤痕， 擦痕， 青肿,托福
crawl,krɔl,,v.缓慢行进；爬行 n.缓慢的速度,托福
identical,aɪ'dɛntɪkl,,a.相同的； 同一的,托福
unaided,ʌn'edɪd,,a.未受协助的， 独立的,托福
ambitious,æm'bɪʃəs,,a.有雄心的， 有野心的,托福
academic,",ækə'dɛmɪk",,a.学术的；学校的，学院的；纯理论的 n.大学教师,托福
coral,'kɔrəl,,a.珊瑚色的， 红色的 n.珊瑚,托福
function,'fʌŋkʃən,,v.运行； 起作用 n.机能，功能，作用；函数,托福
raise,rez,,v.举起，提升；直立；增加；募集；饲养，养育；引起；提出 n.提升， 增加,托福
delinquency,dɪ'lɪŋkwənsi,,n.行为不良； 过失， 失职,托福
pipe,paɪp,,vt.用管道输送；用线路系统传输 n.管子， 管道； 烟斗,托福
pliant,'plaɪənt,,a.柔软的； 温顺的； 易受影响的,托福
revere,rɪ'vɪr,,vt.尊敬， 敬畏,托福
representative,'rɛprɪ'zɛntətɪv,,a.典型的， 有代表性的 n.代表，代理人,托福
sneaky,'sniki,,a.偷偷摸摸的， 鬼鬼祟祟的,托福
longitude,'lɑndʒətud,,n.经度， 经线,托福
pigeon,'pɪdʒɪn,,n.鸽子,托福
lax,læks,,a.懒散的； 不严格的， 马虎的,托福
comparison,kəm'pærɪsn,,n.比较， 对比； 比拟， 比喻,托福
lay,le,,v.产； 放置； 铺； 筹划， 设置； 提出， 提交,托福
hatch,hætʃ,,v.孵化，孵出 n.开口； 舱门,托福
patriot,'petrɪət,,n.爱国者,托福
pernicious,pɚ'nɪʃəs,,a.有害的， 恶性的,托福
revert,rɪ'vɝt,,v.恢复； 归还， 归属,托福
cohabitation,"ko,hæbə'teʃən",,n.同居， 同住,托福
herbivore,ɝ​bəˌvɔr,,n.食草动物,托福
successive,sək'sɛsɪv,,a.接替的， 继承的； 接连的， 连续的,托福
adventure,əd'vɛntʃɚ,,n.奇遇； 冒险活动,托福
ceremony,ˈsɛrəˌmoʊni,,n.典礼， 仪式； 礼节,托福
improve,ɪm'pruv,,v.改善， 改进， 增进； 好转， 进步,托福
idyllic,aɪ'dɪlɪk,,a.田园诗般的， 田园风光的， 牧歌的,托福
hawk,hɔk,,n.鹰，隼；主战分子 vt.叫卖， 兜售,托福
speckle,'spɛkl,,v.弄上斑点；点缀 n.斑点； 色斑,托福
emanate,ˈɛməˌneɪt,,v.散发； 表现， 显示,托福
exterior,ɪk'stɪrɪɚ,,a.外部的，外表的 n.外部， 外表,托福
captivity,kæp'tɪvəti,,n.囚禁， 拘留,托福
levy,'lɛvi,,vt.征收 n.征收额； 税款； 征兵,托福
effective,ɪ'fɛktɪv,,a.有效的， 生效的； 显著的； 实际的， 事实上的,托福
muscle,'mʌsl,,n.肌肉； 体力， 力量， 实力； 影响力,托福
generous,'dʒɛnərəs,,a.慷慨的， 大方的； 大量的， 丰富的； 宽厚的， 宽宏大量的,托福
flux,flʌks,,n.变迁， 不断的变动,托福
jelly,'dʒɛli,,n.果冻， 胶状物,托福
probe,prob,,v.探查，探测；盘问，追问 n.探针； 探测器； 探索， 调查,托福
crescent,'krɛsnt,,a.新月形的；逐渐增强的 n.新月； 新月形， 月牙形,托福
inflate,ɪn'flet,,v.充气， 膨胀； 鼓吹， 吹捧； 涨价,托福
stable,'stebl,,a.稳定的，安定的；牢固的；沉稳的 n.马厩,托福
quantitative,'kwɑntətetɪv,,a.数量的， 定量的,托福
clamor,'klæmə,,n.吵闹， 喧哗,托福
harness,'hɑrnɪs,,vt.利用…产生动力；给上挽具 n.马具,托福
foment,fou'ment,,vt.煽动， 挑起， 激起,托福
respond,rɪ'spɑnd,,vi.回答， 答复； 作出反应； 响应,托福
incident,'ɪnsɪdənt,,n.事情， 事件； 摩擦， 冲突,托福
cluster,'klʌstɚ,,vi.成群， 成串； 丛生； 群集 n.簇，团，串，丛；群,托福
prey,pre,,vi.捕食，捕获 n.猎物； 受害者， 牺牲品,托福
attire,ə'taiə,,n.穿着，服饰 vt.给…穿衣， 打扮,托福
tug,tʌɡ,,v.拖，,托福
neuron,'nʊrɑn,,n.神经元， 神经细胞,托福
vertebrate,'vɝtɪbrət,,a.有脊椎的 n.脊椎动物,托福
expedition,",ɛkspə'dɪʃən",,n.远征； 探险,托福
concert,'kɑnsɚt,,n.音乐会， 演奏会； 一致,托福
absorb,æbˈsɔrb; æbˈzɔrb; əbˈsɔrb,,vt.吸收； 理解， 掌握； 吸引…的注意， 使全神贯注； 使并入， 同化,托福
supply,sə'plaɪ,,n.供应；储备；补给 vt.供给， 供应； 满足， 弥补,托福
concern,kən'sɝn,,vt.涉及，关系到；使关心，使担忧 n.关心， 挂念； 关系； 有关的事， 负责的事； 公司， 企业,托福
circulate,'sɝkjəlet,,v.循环； 流通； 传播， 流传,托福
incubate,'ɪŋkjubet,,v.孵化； 培育； 潜伏,托福
rectify,'rɛktɪfaɪ,,vt.矫正， 纠正； 整顿,托福
antonym,'æntənɪm,,n.反义词,托福
integrity,ɪn'tɛɡrəti,,n.正直； 完整,托福
refrain,rɪ'fren,,v.抑制； 戒除 n.反复句，副歌,托福
pact,pækt,,n.协议， 条约， 公约,托福
notation,no'teʃən,,n.符号， 记号,托福
liable,'laɪəbl,,a.有责任的， 有义务的； 易于…的,托福
homing,'homɪŋ,,a.有返回原地本能的,托福
state,stet,,v.陈述， 说明， 声明； 规定 n.情况，状况；国家；州,托福
cargo,'kɑrɡo,,n.货物,托福
press,prɛs,,v.压， 按， 挤； 压榨， 压迫； 催促， 逼迫 n.报刊；新闻界，新闻工作者；报道，评论；出版社；印刷厂；压，按，挤,托福
jumble,'dʒʌmbl,,vt.混杂，掺杂 n.杂乱的一堆， 混乱的一团,托福
element,'ɛləmənt,,n.元素，要素，组成部分；,托福
environmental,"ɪn,vaɪrən'mɛntl",,a.有关环境的， 自然环境的， 生态环境的； 环境的,托福
picky,'pɪki,,a.挑剔的， 难以取悦的,托福
crustacean,krʌ'steʃən,,a.甲壳类的 n.甲壳类动物,托福
exclaim,ɪk'sklem,,v.惊叫， 呼喊,托福
opposite,ˈɑpəzɪt; ˈɑpəsɪt,,a.对面的；对立的；相反的 prep.在…对面 n.对立面；对立物,托福
pack,pæk,,v.收拾，打包；捆扎；塞满 n.包， 包裹,托福
restraint,rɪ'strent,,n.抑制， 克制； 限制； 约束力； 管制措施,托福
aftermath,'æftəmæθ,,n.后果， 余波,托福
pollutant,pə'lutənt,,n.污染物质， 有害物质,托福
untapped,",ʌn'tæpt",,a.未开发的， 未使用的,托福
cue,kju,,n.暗示， 提示,托福
effluent,'ɛflʊənt,,n.流出物， 废水， 污水,托福
untamed,",ʌn'temd",,a.未驯服的， 难驾驭的,托福
stereotype,'stɛrɪətaɪp,,n.陈规；固定形式，老套；刻板印象 vt.对…形成固定看法,托福
enroll,ɪn'rol,,v.登记， 注册； 招收,托福
sweeping,'swipɪŋ,,a.彻底的，广泛的；〈贬〉笼统的，一概而论的 n.清扫， 扫除； 垃圾,托福
ardent,'ɑrdnt,,a.热心的， 热情洋溢的,托福
cohesive,ko'hisɪv,,a.黏着的； 使凝结的， 使内聚的,托福
battery,'bæt(ə)rɪ,,n.电池； 排炮； 一系列， 一批,托福
clay,kle,,n.泥土， 黏土,托福
irreverent,ɪ'rɛvərənt,,a.不敬的,托福
promote,prə'mot,,vt.促进； 提升； 宣传， 推销,托福
façade,fə'sɑːd,,n.正面； 表面,托福
divorce,dɪ'vɔrs,,v.与…离婚； 使分离， 使脱离 n.离婚；分离，脱离,托福
distribute,dɪ'strɪbjut,,vt.分配， 分发； 散布,托福
attach,ə'tætʃ,,vt.连接； 依附于； 系， 贴， 连接； 使依恋， 使喜爱 ； 认为有,托福
cornerstone,'kɔrnɚston,,n.墙角石， 奠基石； 基础,托福
quiz,kwɪz,,n.小测验；智力竞赛 vt.测验； 盘问， 查问， 询问,托福
inclination,'ɪnklə'neʃən,,n.爱好， 意愿； 趋向， 趋势； 倾斜度,托福
participate,pɑr'tɪsə'pet,,vi.参与， 参加,托福
ingredient,ɪn'ɡridɪənt,,n.成分， 要素； 原料,托福
consolidate,kən'sɑlɪdet,,v.巩固； 合并,托福
biochemical,'baɪo'kɛmɪkl,,a.生物化学的， 生化的,托福
librarian,laɪ'brɛrɪən,,n.图书馆馆长； 图书管理员,托福
contour,'kɑntʊr,,n.等高线； 轮廓,托福
lyric,'lɪrɪk,,a.抒情的 n.抒情诗；,托福
suborn,sə'bɔrn,,vt.收买， 买通， 唆使,托福
clan,klæn,,n.家族， 宗族， 氏族； 帮派,托福
purple,'pɝpl,,a.紫色的 n.紫色,托福
quit,kwɪt,,v.停止； 放弃； 离开； 辞,托福
clam,klæm,,n.蛤， 蛤肉； 〈口〉守口如瓶的人， 寡言的人,托福
economical,",ɛkə'nɑmɪkl",,a.经济的， 实惠的； 节俭的， 节约的； 精打细算的,托福
polish,'pɑlɪʃ,,v.磨光， 擦亮； 修改， 润色 n.上光剂,托福
cabinet,'kæbɪnət,,n.内阁； 储藏柜， 陈列柜,托福
ordinal,'ɔrdənl,,a.序数的；顺序的 n.序数词,托福
insurance,ɪn'ʃʊrəns,,n.保险； 保险费； 保险业,托福
principle,'prɪnsəpl,,n.原则； 原理； 道德准则， 行为规范； 信念,托福
tedious,'tidɪəs,,a.单调乏味的， 令人厌烦的,托福
source,sɔrs,,n.源， 源泉； 来源， 出处； 信息来源,托福
telecommunication,",tɛlɪkə,mjʊnə'keʃən",,n.电信,托福
participant,pɑr'tɪsəpənt,,n.参与者； 参赛者,托福
initiate,ɪ'nɪʃɪet,,vt.发起， 开始， 创始； 接纳， 让…加入 n.新加入组织的人,托福
domestic,də'mɛstɪk,,a.国内的； 家庭的； 驯养的,托福
detergent,dɪ'tɝdʒənt,,a.净化的， 清洁的 n.清洁剂,托福
glare,ɡlɛr,,v.怒目而视； 发出刺眼的光 n.耀眼的光；怒视，瞪眼,托福
terrestrial,tə'rɛstrɪəl,,a.陆地的， 陆生的， 陆栖的； 地球的,托福
deception,dɪ'sɛpʃən,,n.骗局； 诡计； 欺骗， 欺诈,托福
compile,kəm'paɪl,,vt.汇编； 编辑， 编纂,托福
bias,'baɪəs,,n.偏见，偏心 vt.使有偏见， 使偏心,托福
fume,fjum,,vi.冒烟； 大为恼火,托福
budget,'bʌdʒɪt,,v.做预算 a.价格低廉的 n.预算,托福
radiate,'redɪet,,v.辐射， 发射； 流露， 显示； 自中心向各方伸展,托福
tension,'tɛnʃən,,n.紧张； 拉紧； 张力,托福
tenuous,'tɛnjuəs,,a.纤细的； 稀薄的； 脆弱的,托福
reflection,rɪ'flɛkʃən,,n.反映； 映像； 深思， 考虑； 回忆； 记录， 描述,托福
campus,'kæmpəs,,n.校园,托福
ultimate,ˈʌltəmɪt,,a.最后的，最终的；根本的 n.最好的事物； 最大的或最先进的事物,托福
prosecute,'prɑsɪ'kjʊt,,v.起诉， 控告， 检举； 担任控方律师； 继续从事,托福
verbal,'vɝbl,,a.口头的； 言辞的； 动词的,托福
district,'dɪstrɪkt,,n.地区， 区域； 管区， 行政区,托福
arboreal,ɑr'bɔrɪəl,,a.树栖的； 树木的,托福
overall,",ovə'rɔl",,ad.总共 a.全面的，综合的 n.工作服， 工装裤,托福
assume,ə'sum,,vt.假定； 承担,托福
pepper,'pɛpɚ,,n.胡椒；辣椒 vt.撒胡椒粉； 大量给予,托福
mellow,'mɛlo,,a.醇香的；柔和的；成熟的 v.醇香； 柔和； 成熟,托福
concept,'kɑnsɛpt,,n.概念， 观念； 设想,托福
impersonal,ɪm'pɝsnl,,a.没有人情味的， 冷淡的； 客观的,托福
millennium,məˈlɛniəm,,n.一千年，千年期,托福
resistant,rɪ'zɪstənt,,a.抵抗的， 有抵抗力的； 抵制的； 抗…的， 耐…的,托福
salamander,'sæləmændɚ,,n.火蜥蜴； 火蛇,托福
disaster,dɪ'zæstɚ,,n.灾难； 彻底的失败,托福
stark,stɑrk,,ad.十足 a.赤裸的；严酷的，严峻的；明显的，鲜明的；十足的，极端的,托福
hitch,hɪtʃ,,v.搭便车；提起，拉起；拴住 n.故障， 障碍,托福
perceptual,pɚ'sɛptʃuəl,,a.感知的， 知觉的,托福
furry,ˈfɜri,,a.毛皮似的； 盖着毛皮的； 生苔的,托福
enhance,ɪn'hæns,,vt.提高； 增强,托福
convention,kən'vɛnʃən,,n.会议； 习俗， 惯例； 公约,托福
cranial,'krenɪəl,,n.头盖骨的， 颅骨的,托福
purchase,'pɝtʃəs,,n.购买；购买的物品 vt.购买,托福
shore,ʃɔr,,n.滨，岸 vt.支撑， 支持,托福
teem,tim,,vi.充满， 到处都是,托福
anomie,'ænəmi,,n.社会道德沦丧， 失范； 混乱,托福
chlorine,'klɔrin,,n.氯,托福
manage,'mænɪdʒ,,v.勉力完成； 应付； 操纵， 控制； 管理,托福
equal,'ikwəl,,a.相同的 vt.等于；相当于 n.同等的人； 相等的事物,托福
stylish,'staɪlɪʃ,,a.漂亮的， 时髦的； 高雅的， 有格调的,托福
marvel,'mɑrvl,,v.对…感到惊异，大为赞叹 n.令人惊异的人， 奇迹； 不凡的成果,托福
silicon,'sɪlɪkən,,n.硅,托福
silicate,'sɪlɪket,,n.硅酸盐,托福
fund,fʌnd,,n.基金，专款；储备，蕴藏； vt.为…提供资金,托福
gravity,ˈɡrævətɪ,,n.重力； 严重性； 严肃， 庄严,托福
recipient,rɪ'sɪpɪənt,,n.接受者， 收受者,托福
mesmerize,'mɛzməraɪz,,vt.施催眠术； 使入迷， 迷住,托福
finance,'faɪnæns,,vt.给…提供资金 n.财政，金融；,托福
stash,stæʃ,,vt.隐藏，藏匿 n.贮藏物,托福
parking,'pɑrkɪŋ,,n.机动车停放； 停车场,托福
studio,'studɪo,,n.工作室， 画室； 摄影室， 演播室， 录音室； 练习室； 电影公司,托福
incur,ɪn'kɝ,,vt.招致， 招惹， 遭受,托福
downward,'daʊnwɚd,,ad.向下，往下 a.向下的,托福
plump,plʌmp,,a.微胖的； 丰满的,托福
abreast,ə'brɛst,,ad.并列地， 并排地,托福
recoil,'rikɔɪl,,vi.弹回；后退，退缩；产生后坐力 n.后退， 退缩； 反冲， 后坐力,托福
regulate,'rɛɡjulet,,v.管理， 控制； 调整， 调节； 校准,托福
interactive,",ɪntɚ'æktɪv",,a.交互式的； 合作的， 互相配合的,托福
listless,'lɪstləs,,a.倦怠的， 没精打采的,托福
gland,ɡlænd,,n.腺,托福
complementary,'kɑmplə'mɛntri,,a.补充的； 互补的,托福
consistency,kən'sɪstənsi,,n.浓度， 密度； 一致性， 协调； 连接， 结合,托福
ordeal,ɔr'dil,,n.折磨； 严峻考验,托福
primate,'praɪmet,,n.灵长类， 灵长目动物； 大主教,托福
wispy,'wɪspi,,a.成束的； 纤细的,托福
premise,ˈpremɪs,,n.房屋和地基， 经营场址； 前提， 假设,托福
colonize,'kɑlənaɪz,,vt.聚居于， 大批生长于； 开拓殖民地， 移居于,托福
season,'sizn,,n.季节； 时节； 时期,托福
controversial,",kɑntrə'vɝʃl",,a.引起争论的， 有争议的,托福
attain,ə'ten,,vt.达到； 获得,托福
tenant,'tɛnənt,,n.房客，承租人 vt.居住,托福
gallery,'gæləri,,n.画廊， 美术馆,托福
restoration,'rɛstə'reʃən,,n.恢复； 整修， 修复； 复位， 复原； 归还,托福
pale,pel,,vi.变得苍白， 变得暗淡 a.苍白的；淡色的；暗淡的，微弱的,托福
hardware,'hɑrdwɛr,,n.五金制品， 金属制品； 硬件,托福
batter,'bætɚ,,v.连续猛击 n.击球手； 面糊,托福
wretch,rɛtʃ,,n.不幸的人； 恶棍， 无赖,托福
priority,praɪ'ɔrəti,,n.优先权， 优先； 优先考虑的事， 最重要的事,托福
metallic,mə'tælɪk,,a.金属般的； 金属制的； 含金属的,托福
creative,krɪ'etɪv,,a.有创造力的， 创造性的,托福
mythology,mɪ'θɑlədʒi,,n.神话； 神话学； 虚幻的想法,托福
shuttle,'ʃʌtl,,v.穿梭往返；短程往返运送 n.航天飞机； 梭子； 航班,托福
allocate,'æləket,,vt.分配， 分派， 把…拨给,托福
bagel,'beɡl,,n.硬面包圈,托福
primary,'praɪmɛri,,a.最初的； 首要的； 基本的,托福
log,lɔɡ,,n.原木，木材；日志，航海日志，飞行日志 vt.记录； 伐木,托福
enterprise,'ɛntɚ'praɪz,,n.企业， 公司； 事业,托福
falcon,'fælkən,,n.猎鹰， 隼,托福
ventilation,",vɛntl'eʃən",,n.通风设备； 空气流通,托福
solar,'solɚ,,a.太阳的， 日光的； 太阳能的,托福
consume,kənˈsum,,vt.消耗， 损耗； 消费； 吃， 喝； 使充满； 烧毁， 毁灭,托福
formation,fɔr'meʃən,,n.形成， 构成； 形成物； 编队,托福
psychoanalysis,'saɪkoə'næləsɪs,,n.心理分析， 精神分析,托福
bilingualism,baɪ'lɪŋgwəlɪzəm,,n.双语现象,托福
competence,'kɑmpɪtəns,,n.能力， 胜任； 权限； 技能,托福
fuse,fjuz,,v.融合；熔接；熔化；因保险丝烧断而断电；合并 n.保险丝； 引信； 导火线,托福
frivolous,'frɪvələs,,a.琐碎的， 无关紧要的； 愚蠢的， 可笑的； 无聊的， 不严肃的， 轻佻的,托福
pretext,'pritɛkst,,n.借口， 托词,托福
emergent,ɪ'mɝdʒənt,,a.突现的； 新兴的； 紧急的,托福
assure,ə'ʃʊr,,vt.确保； 使确信,托福
consult,kən'sʌlt,,v.请教； 商议； 参考， 翻阅,托福
funding,'fʌndɪŋ,,n.基金， 资金； 提供资金,托福
survive,sɚ'vaɪv,,v.幸免， 幸存； 继续存在， 存货； 艰难度过； 比…长命,托福
initial,ɪ'nɪʃəl,,a.开始的，最初的 n.词首大写字母,托福
rudimentary,",rudɪ'mɛntri",,a.未充分发展的， 原始的； 基本的， 基础的,托福
adversary,'ædvɚsɛri,,n.对手， 敌手,托福
postulate,'pɑstʃəlet,,vt.假定， 假设,托福
infest,ɪn'fɛst,,vt.大批滋生， 大批出没于,托福
satiric,sə'tɪrɪk,,a.讽刺的， 嘲讽的,托福
eternal,ɪ'tɝnl,,a.永恒的， 不朽的,托福
crumple,'krʌmpl,,v.变皱， 起皱； 破裂； 崩溃， 垮台,托福
satire,'sætaɪɚ,,n.讽刺文学， 讽刺作品； 讽刺,托福
prevalent,'prɛvələnt,,a.流行的， 普遍的,托福
cling,klɪŋ,,vi.附着， 黏住； 紧紧抓住； 挨近,托福
clip,klɪp,,v.夹住，扣住；修剪；剪下 n.夹子， 回形针， 别针； 弹夹， 弹仓； 电影片段， 剪报,托福
oasis,o'esɪs,,n.绿洲； 避风港,托福
nutrient,'nutrɪənt,,a.滋养的， 有营养的 n.滋养物，营养品,托福
compact,'kɑmpækt,,a.紧凑的；简洁的 vt.压缩,托福
outlaw,'aʊtlɔ,,vt.宣布…为非法 n.罪犯， 歹徒， 亡命之徒； 被剥夺法律权益者,托福
irrigate,'ɪrəget,,vt.灌溉； 冲洗,托福
shrivel,'ʃrɪvl,,v.枯萎,托福
encrust,ɪn'krʌst,,v.在表面形成硬壳， 结壳； 用…装饰外层,托福
upsurge,'ʌpsɝdʒ,,n.高涨； 激增,托福
dam,dæm,,n.坝，堤 vt.筑坝； 控制,托福
bloom,blum,,v.开花 n.花；开花；青春焕发,托福
denote,dɪ'not,,v.表示， 意指； 标示， 预示， 象征,托福
zone,zon,,vt.将…划做特殊区域；分区，划分地带 n.地区， 地域， 地带； 气候带,托福
audible,'ɔdəbl,,a.听得见的,托福
exhort,ɪɡ'zɔrt,,vt.劝告， 规劝， 告诫,托福
propagate,'prɑpə'get,,v.繁殖； 散布， 传播,托福
checked,tʃɛkt,,a.格子花纹的； 棋盘状的,托福
necessitate,nə'sɛsɪtet,,vt.需要， 使成为必要,托福
orthodox,'ɔrθədɑks,,a.传统的； 正统的,托福
depredation,",dɛprə'deʃən",,n.劫掠， 掠夺， 破坏,托福
combination,",kɑmbɪ'neʃən",,n.结合， 混合； 化合； 组合,托福
ambush,'æmbʊʃ,,n&vt.埋伏， 伏击,托福
jewelry,'dʒʊəlri,,n.〈总称〉首饰； 珠宝,托福
obtain,əb'ten,,v.获得； 通用， 流行,托福
statesman,'stetsmən,,n.政治家,托福
quadruple,kwɑ'drupl,,v.成四倍 a.四部分组成的；四倍的 n.四倍,托福
adept,ə'dɛpt,,a.熟练的，精通的，内行的 n.行家， 熟手,托福
curiosity,",kjʊrɪ'ɑsəti",,n.好奇心， 求知欲； 罕见而有趣之物， 珍品,托福
repute,rɪ'pjut,,v.称为，认为 n.名声， 名誉,托福
nimble,'nɪmbl,,a.敏捷的， 灵活的,托福
amiable,'emɪəbl,,a.可爱的； 友好的， 和蔼的， 亲切的,托福
format,'fɔrmæt,,n.设计，安排；格式，样式 vt.使格式化,托福
sacrifice,'sækrɪfaɪs,,v.牺牲，献出；以…做祭献 n.牺牲， 献身； 献祭， 祭品,托福
particular,pɚ'tɪkjəlɚ,,a.特定的；独特的；详细的；挑剔的 n.详情， 细目,托福
corps,kɔrz,,n.军团， 兵团； 特种部队； 一群人， 一组人,托福
pause,pɔz,,n&v.中止， 暂停,托福
formal,'fɔrml,,a.正规的， 正式的； 形式的,托福
rainbow,'renbo,,n.彩虹,托福
instructor,ɪn'strʌktɚ,,n.导师， 讲师； 教练， 指导员,托福
fervor,'fə:və,,n.热情， 热烈,托福
ample,'æmpl,,a.富足的， 充足的， 丰富的； 宽敞的,托福
cohesion,ko'hiʒən,,n.内聚力； 凝聚力； 团结， 结合,托福
entertain,",ɛntɚ'ten",,v.招待， 款待； 使快乐， 娱乐,托福
ease,iz,,v.缓和， 减轻 n.不费力，容易；悠闲，自在,托福
condiment,'kɑndɪmənt,,n.调味品,托福
certitude,'sə:titju:d,,n.确定， 确信； 必然性,托福
overrun,'ovərʌn,,v.超过，溢出；泛滥；横行 n.泛滥； 超出的部分,托福
deceptive,dɪ'sɛptɪv,,a.欺骗性的， 导致误解的,托福
mathematics,",mæθə'mætɪks",,n.数学,托福
reactor,rɪ'æktɚ,,n.反应堆,托福
cookout,"'kuk,aut",,n.野外烧烤宴会,托福
envision,ɪn'vɪʒn,,vt.想象， 展望， 预想,托福
outcry,'aʊtkraɪ,,n.大声疾呼， 强烈的抗议,托福
penetrate,'pɛnətret,,v.刺穿； 渗透； 洞察,托福
paddle,'pædl,,v.用桨划船； 涉水， 戏水 n.桨；桡足,托福
reschedule,",ri'skɛdʒul",,vt.重新计划， 重订…的时间表,托福
principal,'prɪnsəpl,,a.主要的，最重要的 n.校长； 资本； 主角,托福
tend,tɛnd,,v.趋于， 易于； 照料， 看护,托福
somber,ˈsɑːmbər,,a.昏暗的； 忧郁的,托福
synonym,ˈsɪnənɪm,,n.同义词,托福
equitable,'ekwitəbl,,a.公平的， 公正的,托福
inconspicuous,'ɪnkən'spɪkjʊəs,,a.不引人瞩目的， 不显眼的,托福
specimen,'spɛsəmən,,n.标本， 样本； 范例； 抽样,托福
exotic,ɪɡ'zɑtɪk,,a.外来的， 来自异国的； 奇异的,托福
relief,rɪ'lif,,n.缓解， 减轻， 轻松； 援救， 救济； 宽慰； 浮雕,托福
boycott,'bɔɪkɑt,,vt.联合抵制， 拒绝购买,托福
introduction,",ɪntrə'dʌkʃən",,n.介绍； 传入， 引进； 导言， 绪论,托福
subscribe,səb'skraɪb,,v.订购， 订阅； 申请， 预订； 捐助， 赞助,托福
therapy,'θɛrəpi,,n.治疗， 疗法,托福
chromosome,'kroməsom,,n.染色体,托福
concentration,'kɑnsn'treʃən,,n.专注， 专心； 浓度， 含量； 集中， 聚集,托福
velocity,vəˈlɑsəti,,n.速度， 速率； 迅速,托福
fellowship,'fɛloʃɪp,,n.友谊； 奖学金； 团体， 协会,托福
colleague,'kɑliɡ,,n.同事， 同僚,托福
unadorned,'ʌnə'dɔ:nd,,a.未装饰的， 朴实的,托福
confession,kən'fɛʃən,,n.供认， 招供， 坦白； 供词； 承认,托福
meridian,mə'rɪdɪən,,n.子午线， 经线,托福
interfere,",ɪntɚ'fɪr",,vi.干涉， 干扰， 妨碍,托福
apartment,ə'pɑrtmənt,,n.公寓套房； 房间,托福
tolerate,'tɑləret,,vt.忍受； 容许， 承认,托福
stack,stæk,,v.堆积， 堆放 n.堆,托福
resent,rɪ'zɛnt,,v.憎恶， 愤恨， 怨恨,托福
fiery,'faɪəri,,a.似火的； 易怒的， 暴躁的,托福
mime,maɪm,,v.模拟，模仿 n.喜剧； 哑剧； 哑剧演员； 模拟表演,托福
ambiguous,æm'bɪɡjuəs,,a.不明确的， 模棱两可的,托福
parliament,'pɑrləmənt,,n.国会， 议会,托福
allay,ə'le,,vt.减轻， 减少,托福
path,pæθ,,n.道路； 路线； 小路， 小径,托福
crack,kræk,,v.破裂，断裂；发出爆裂声；重击，猛击；崩溃，,托福
dote,dot,,vi.溺爱,托福
retrieval,rɪ'trivl,,n.数据检索； 取回， 索回,托福
conceivable,kən'sivəbl,,a.可能的； 可信的， 可想象的,托福
cube,kjʊb,,n.立方体； 立方形的东西； 立方,托福
synchronize,'sɪŋkrənaɪz,,v.同步， 同时发生,托福
sequoia,sɪ'kwɔɪə,,n.美洲杉， 红杉,托福
impact,ɪm'pækt,,v.影响； 冲击， 撞击 n.影响； 冲击， 撞击,托福
mild,maɪld,,a.轻微的； 温和的； 随和的,托福
profile,'profaɪl,,n.人物专访；概述，传略，人物简介；面部的侧影；轮廓，外形 vt.扼要介绍， 概述,托福
bill,bɪl,,n.账单；纸币，钞票；议案，法案；节目单；招贴，海报 vt.用招贴宣布； 给…开账单,托福
tributary,'trɪbjə'tɛri,,n.支流；,托福
clog,klɑg,,v.堵塞，阻塞 n.障碍,托福
senior,'sinɪɚ,,a.地位较高的；,托福
dilate,daɪˈlet,,v.膨胀， 扩大； 详述,托福
domain,do'men,,n.领土； 领域,托福
census,'sɛnsəs,,n.人口普查， 人口统计,托福
smear,smɪr,,v.胡乱涂抹；弄脏；诽谤，诋毁 n.污迹， 污斑； 诽谤， 诋毁； 涂片,托福
willful,'wɪlfəl,,a.成心的， 有意的； 任性的,托福
relative,'rɛlətɪv,,a.相对的；有关的 n.亲属， 亲戚,托福
average,'ævərɪdʒ,,a.平均的；一般的；平庸的 v.平均为 n.平均水平；平均数,托福
compare,kəm'pɛr,,v.比较， 相比， 对比,托福
pluralism,'plʊər(ə)lɪz(ə)m,,n.多元化， 多元性； 多元主义,托福
influential,",ɪnflu'ɛnʃl",,a.有影响力的； 有权势的,托福
amenity,ə'mɛnəti,,n.生活设施；便利设施,托福
bequeath,bɪ'kwið,,vt.遗赠； 流传,托福
transparent,træns'pærənt,,a.透明的； 明显的， 显而易见的； 直率的,托福
adaptive,ə'dæptɪv,,a.适合的， 有适应性的,托福
mint,mɪnt,,v.铸造 n.薄荷； 造币厂； 大量的钱,托福
grasp,ɡræsp,,vt&n.抓住； 掌握， 理解， 领会,托福
journal,'dʒɝnl,,n.期刊， 杂志； 日记， 日志,托福
pave,pev,,v.铺； 密布,托福
distinctive,dɪ'stɪŋktɪv,,a.出众的， 有特色的,托福
chaotic,ke'ɑtɪk,,a.混乱的， 无秩序的,托福
brag,bræɡ,,v.吹嘘， 自夸， 自吹自擂,托福
annoyed,ə'nɔɪd,,a.生气的,托福
chimpanzee,",tʃɪmpæn'zi",,n.黑猩猩,托福
term,tɝm,,n.学期；期限，期间；条件，条款；术语 vt.把…称为,托福
volcano,vɑl'keno,,n.火山,托福
acquisition,",ækwɪ'zɪʃən",,n.习得， 获得； 收购， 购置,托福
rigid,'rɪdʒɪd,,a.严格的； 刚硬的， 不易弯曲的； 死板的， 刻板的； 僵硬的,托福
deadline,ˈdedlaɪn,,n.最后期限， 截止时间,托福
so-called,",so'kɔld",,a.所谓的,托福
mine,maɪn,,pron.我的 v.开矿，采矿；在…布雷 n.矿， 矿井； 地雷， 水雷,托福
advent,'ædvent,,n.到来， 来临； 出现,托福
medieval,",midɪ'ivəl",,a.中世纪的， 中古的,托福
staff,stæf,,n.全体职工；行政人员；棍棒 vt.为…配备人员； 任职于,托福
involve,ɪn'vɑlv,,vt.包含； 牵涉， 牵连； 使参加,托福
stage,stedʒ,,n.阶段；步骤；舞台；戏剧 vt.上演； 筹划,托福
complicated,'kɑmplɪketɪd,,a.难懂的， 复杂的,托福
maximum,ˈmæksəməm,,a.最大的，最大限度的 n.最大量， 极限,托福
finch,fɪntʃ,,n.雀类,托福
syllabus,'sɪləbəs,,n.教学大纲， 课程提纲,托福
fragrant,'fregrənt,,a.芬芳的， 香的,托福
tolerant,'tɑlərənt,,a.宽容的； 容忍的,托福
dialect,'daɪə'lɛkt,,n.方言， 土话,托福
rigor,'rɪgɚ,,n.严格； 严酷,托福
dim,dɪm,,a.模糊的；暗淡的；朦胧的；不乐观的 v.变暗淡； 变冷漠,托福
impel,ɪm'pɛl,,vt.驱使， 促使,托福
lichen,'laɪkən,,n.青苔， 地衣,托福
paralyze,"'pærə,laɪz",,vt.使瘫痪， 使麻痹； 使无效,托福
besiege,bɪ'sidʒ,,vt.包围； 使应接不暇,托福
exemplary,ɪɡ'zɛmpləri,,a.模范的； 典型的,托福
faculty,'fæklti,,n.学院； 全体教职员工； 能力,托福
photodissociation,",fotodɪ,sosi'eʃɪn",,n.光解,托福
adamant,'ædəmənt,,a.坚定不移的， 坚决的； 固执的,托福
hydraulic,haɪ'drɔlɪk,,a.水力的， 液压的； 液压驱动的； 与水力系统有关的,托福
habit,'hæbɪt,,n.习惯； 习性， 脾性,托福
limestone,'laɪmston,,n.石灰石,托福
considerate,kənˈsɪdərɪt,,a.考虑周到的， 体贴的， 体谅的,托福
livestock,'laɪvstɑk,,n.〈总称〉家畜， 牲畜,托福
clue,klʊ,,n.线索； 提示,托福
meteorite,'mitɪəraɪt,,n.陨石,托福
molten,'moltən,,a.熔化的， 熔融的,托福
radius,'redɪəs,,n.半径； 周围， 范围,托福
signal,'sɪgnl,,v.发信号，示意；标志 a.显要的， 重大的 n.信号，暗号；标志,托福
scruffy,'skrʌfi,,a.不整洁的， 邋遢的,托福
impair,ɪm'pɛr,,vt.削弱； 损害,托福
sumptuous,'sʌmptʃuəs,,a.奢华的， 豪华的,托福
stray,stre,,vi.迷路；分心，走神；离题 a.迷路的；,托福
static,'stætɪk,,a.静态的， 静止的； 静电的； 静力的 n.静电噪音；静电；[-s]静力学,托福
kinship,'kɪnʃɪp,,n.血缘关系， 亲属关系,托福
exhaust,ɪɡ'zɔst,,n.废气；排气管 vt.用尽， 耗尽； 使非常疲倦； 详尽讨论,托福
soluble,'sɑljəbl,,a.可溶的； 可解决的,托福
varied,'vɛrɪd,,a.各式各样的,托福
intriguing,ɪn'triɡɪŋ,,a.引起兴趣的， 吸引人的,托福
strap,stræp,,n.带 vt.用带捆扎， 束牢； 用绷带包扎,托福
diversify,daɪˈvɜrsəˌfaɪ,,v.多样化， 不同,托福
graph,ɡræf,,n.图表,托福
feast,fist,,v.尽情享用 n.节日；盛宴，宴会,托福
sodium,'sodɪəm,,n.钠,托福
imbibe,ɪm'baɪb,,v.喝； 吸收， 接受,托福
impermeable,ɪm'pɝmɪəbl,,a.不可渗透的， 不透水的,托福
precautionary,"prɪ'kɔʃən,ɛri",,a.预防的,托福
pretentious,prɪ'tɛnʃəs,,a.自负的,托福
tackle,'tækl,,v.对付，处理；阻截；抢球 n.拦截； 用具,托福
solvent,'sɑlvənt,,a.有溶解力的； 有偿付能力的 n.溶剂,托福
nude,nud,,a.裸体的,托福
distract,dɪ'strækt,,vt.分散注意力， 使分心,托福
palate,'pælət,,n.上腭； 味觉， 品尝力,托福
influenza,",ɪnflu'ɛnzə",,n.流行性感冒,托福
loan,lon,,n.贷款；出借，借出；暂借的东西 vt.借出； 贷给,托福
virtual,ˈvɝ​tʃʊəl,,a.模拟的， 虚拟的； 实际上的， 事实上的,托福
squeeze,skwiz,,v.挤压；挤入；挤过，塞入；压榨，榨取；,托福
endless,ˈɛndlɪs,,a.无止境的， 无穷尽的,托福
pound,paʊnd,,v.猛击；捣碎；怦怦跳 n.磅； 英镑,托福
load,lod,,n.负荷，负担；装载 vt.装载， 使负担,托福
plantation,plæn'teʃən,,n.种植园； 人造林,托福
ignore,ɪɡ'nɔr,,vt.忽视； 不顾， 不理,托福
hemisphere,'hɛmɪsfɪr,,n.半球； 大脑半球,托福
continuation,kən'tɪnjʊ'eʃən,,n.延长， 延续， 持续； 延长物， 扩建物； 延续部分,托福
applaud,ə'plɔd,,v.鼓掌， 喝彩； 称赞,托福
lunar,'lunɚ,,a.月亮的,托福
poetry,'poətri,,n.诗歌； 诗集； 诗意,托福
arrogant,'ærəɡənt,,a.傲慢的， 自大的,托福
relay,rɪ'le,,vt.转播； 传达， 转述 n.接替人员， 轮换者； 接力赛； 中继设备,托福
permission,pɚ'mɪʃən,,n.允许， 同意； 许可证， 书面许可,托福
permeate,'pɝmɪet,,v.弥漫； 渗透,托福
monogamous,mə'nɑɡəməs,,a.一夫一妻制的； 单配的,托福
schedule,ˈskedʒʊl; skɛdʒʊl,,vt.安排，预定 n.时刻表， 日程表； 清单， 明细表,托福
apprehend,",æprɪ'hɛnd",,vt.逮捕； 领会， 理解,托福
crippling,'krɪplɪŋ,,a.令人震惊的； 严重损害身体的； 极其有害的,托福
inherit,ɪn'hɛrɪt,,v.继承， 遗传而得,托福
arduous,'ɑrdʒuəs,,a.费力的， 艰巨的,托福
interpret,ɪn'tɝprɪt,,v.解释， 说明； 理解； 翻译,托福
faction,'fækʃən,,n.派别， 派系， 小集团； 派系斗争,托福
beach,bitʃ,,n.海滩， 湖滩， 河滩,托福
universe,'junɪvɝs,,n.宇宙； 世界,托福
blanket,'blæŋkɪt,,n.毯子； 覆盖物,托福
grant,ɡrænt,,v.给予，授予；允许，同意；承认 n.拨款； 津贴； 授予物,托福
recoup,ri'ku:p,,vt.收回， 弥补,托福
aquifer,'ækwɪfɚ,,n.含水土层,托福
append,ə'pɛnd,,vt.附加， 增补,托福
newsletter,'nuzlɛtɚ,,n.时事通讯,托福
copilot,"'ko,paɪlət",,n.副驾驶员,托福
frigid,'frɪdʒɪd,,a.寒冷的； 冷淡的,托福
relic,'rɛlɪk,,n.遗物， 遗迹， 遗风,托福
bellows,'bɛloz,,n.风箱,托福
discount,dɪs'kaʊnt,,n.折扣 vt.把…打折扣； 不全信， 漠视， 低估,托福
convert,kən'vɝt,,v.改变； 转变， 转化,托福
construct,kən'strʌkt,,vt.建造； 创立 n.构想， 观念,托福
attempt,ə'tɛmpt,,n&vi.尝试； 努力,托福
rivalry,'raɪvlri,,n.竞争 ； 敌对,托福
charisma,kə'rɪzmə,,n.超凡魅力； 感召力； 号召力,托福
division,də'vɪʒən,,n.除， 除法； 分开， 分隔； 分配； 部分； 分歧， 分裂； 部门,托福
balance,'bæləns,,vt.使平衡，使均衡 n.天平， 秤； 平衡； 差额； 余款,托福
stalk,stɔk,,v.偷偷接近； 跟踪； 趾高气扬地走 n.茎，梗，柄,托福
pancreas,'pæŋkrɪəs,,n.胰腺,托福
supplier,sə'plaɪɚ,,n.供应者， 供应商， 供货方,托福
patriarchic,",peitri'a:kik",,a.家长的， 族长的； 德高望重的,托福
mimic,'mɪmɪk,,a.模仿的， 模拟的 vt.模仿；像 n.模仿者；小丑,托福
pitch,pɪtʃ,,n.音高，音调；倾斜度；沥青，柏油；,托福
feat,fit,,n.功绩， 壮举,托福
incessant,ɪn'sɛsnt,,a.不断的， 不停的,托福
torrent,'tɔrənt,,n.洪流， 急流； 爆发， 迸发,托福
appreciation,"ə,priʃɪ'eʃən",,n.欣赏； 理解， 体谅； 感激； 鉴定， 评价,托福
statue,'stætʃu,,n.雕像,托福
sense,sɛns,,v.觉得， 意识到 n.感官，官能；感觉；判断力；意义，意思,托福
brew,brʊ,,v.酿造；冲泡；酝酿，行将发生 n.冲泡的饮料； 啤酒,托福
pretension,prɪ'tɛnʃən,,n.要求， 主张； 自命不凡； 虚饰,托福
deflect,dɪ'flɛkt,,v.偏斜， 转向,托福
virtuous,'vɝtʃuəs,,a.有道德的， 品行端正的， 品德高的； 〈贬〉自命清高的， 自以为是的,托福
invalid,ˈɪnvəlɪd；ɪnˈvælɪd,,a.无效的； 无可靠根据的， 站不住脚的 n.病弱者， 残疾者,托福
legitimate,ləˈdʒɪtəmɪt,,a.合法的， 法定的； 正当合理的， 合情合理的,托福
interval,'ɪntɚvl,,n.间隔时间； 间距； 幕间休息,托福
whereby,wɛr'bai,,ad&conj.借以， 凭,托福
evaluate,ɪ'væljʊ'et,,vt.评价， 估计,托福
status,ˈstetəs,,n.身份， 地位； 情况,托福
ooze,uz,,v.渗出，慢慢流出；洋溢着，充满 n.泥浆； 缓慢渗出,托福
renown,rɪ'naʊn,,n.名望， 声誉,托福
semantic,sɪ'mæntɪk,,a.语义的,托福
upset,ʌp'sɛt,,a.心烦意乱的； 不适的 vt.使心烦意乱； 颠覆， 推翻； 搅乱 n.困扰， 麻烦； 出乎意料的结局； 苦恼,托福
diffusion,dɪ'fjʊʒən,,n.散布， 扩散； 传播,托福
curve,kɝv,,v.弄弯，成曲线形 n.曲线； 曲线图； 弯曲,托福
dot,dɑt,,v.星罗棋布于；打点于；点缀 n.点， 圆点； 小数点,托福
skim,skɪm,,v.撇去； 掠过， 擦过； 浏览， 略读,托福
skip,skɪp,,v.跳；跳过，略过，漏过；不出席 n.跳； 跳过,托福
disseminate,dɪ'sɛmɪnet,,v.散布， 传播,托福
liquefy,'lɪkwɪfaɪ,,v.溶解， 液化,托福
exodus,'ɛksədəs,,n.大批离去， 成群外出,托福
mention,'mɛnʃən,,v.提及， 说起,托福
stream,strim,,v.涌 n.溪流； 串， 股,托福
laundry,'lɔndri,,n.洗衣店， 洗衣房； 洗好的衣服； 待洗的衣服,托福
digression,daɪ'grɛʃən,,n.离题， 扯到枝节上； 题外话， 枝节内容,托福
grudge,ɡrʌdʒ,,v.勉强做； 不情愿地给 n.怨恨，积怨,托福
herald,'hɛrəld,,vt.预示；宣布，宣告 n.信使； 预示， 预兆,托福
accumulate,ə'kjumjəlet,,v.积累， 积聚， 堆积,托福
coalition,ˌkoʊəˈlɪʃn,,n.联盟， 同盟； 结合， 联合,托福
dwarf,dwɔrf,,a.矮小的 vt.使显得矮小，使相形见绌 n.侏儒， 矮人,托福
crime,kraɪm,,n.犯罪； 罪行,托福
leisure,'liʒɚ,,n.空闲， 闲暇,托福
surround,sə'raʊnd,,v.包围， 圈住； 围绕， 环绕,托福
mar,mɑr,,vt&n.损坏， 损毁,托福
mat,mæt,,n.垫子,托福
forward,'fɔrwɚd,,ad.向前； vt.发送；转交，转递,托福
melanin,'mɛlənɪn,,n.黑色素,托福
assimilate,ə'sɪməlet,,v.透彻理解， 吸收， 消化； 同化,托福
ethical,'ɛθɪkl,,a.道德的,托福
zealous,'zɛləs,,a.狂热的， 热烈的， 充满激情的,托福
comparable,'kɑmpərəbl,,a.可比较的， 类似的； 比得上的,托福
bait,bet,,n.鱼饵，诱饵 vt.下诱饵； 激怒,托福
mail,mel,,n.邮件 vt.邮寄,托福
dimensional,dɪ'menʃənəl,,a.…度空间的,托福
subject,ˈsʌbdʒɪkt;(for adj.)ˈsʌbdʒɪkt;(for v.)səbˈdʒɛkt,,a.受…支配的 n.主题；对象 vt.使服从,托福
recognition,",rɛkəɡ'nɪʃən",,n.承认， 认同； 认出， 识别， 辨认； 赏识,托福
disinterest,dɪs'ɪntrəst,,n.无兴趣， 冷漠； 客观， 公正,托福
lunge,lʌndʒ,,vi&n.猛冲， 猛扑,托福
convene,kən'vin,,v.召集， 召开； 聚集， 集合,托福
revenue,'rɛvənu,,n.收入； 税收,托福
strip,strɪp,,vt.剥夺，剥掉；脱去…的衣服 n.条， 带状物； 条纹,托福
monopoly,mə'nɑpəli,,n.垄断， 专卖； 垄断商品， 专卖商品； 独占， 专利,托福
negotiation,"nɪ,ɡoʃɪ'eʃən",,n.商议， 谈判； 流通,托福
grain,ɡren,,n.谷物； 颗粒； 纹理； 少量,托福
credit,'krɛdɪt,,vt.把…归于 n.荣誉； 学分； 信用； 贷款,托福
oxygen,'ɑksɪdʒən,,n.氧， 氧气,托福
combine,kəm'baɪn,,v.联合， 结合,托福
alter,'ɔltɚ,,vt.改变,托福
fraudulent,'frɔdʒələnt,,a.欺诈的， 欺骗性的,托福
waste,west,,a.无用的，废弃的；荒芜的 n.浪费；废料，废弃物 vt.浪费， 消耗,托福
approximation,ə'prɑksə'meʃən,,n.接近； 近似值,托福
syllable,'sɪləbl,,n.音节,托福
comedy,'kɑmədi,,n.喜剧； 喜剧性， 滑稽， 幽默,托福
literacy,'lɪtərəsi,,n.有文化， 有教养； 读写能力,托福
originate,əˈrɪdʒəˌnet,,v.起源； 发起； 创立,托福
compass,'kʌmpəs,,n.罗盘，罗盘仪；,托福
soloist,'soloɪst,,n.独奏者， 独唱者， 单独表演者,托福
nonetheless,'nʌnðə'lɛs,,ad.虽然如此， 但是， 依然,托福
dispose,dɪ'spoz,,v.安排， 布置； 使倾向于,托福
disconcert,'dɪskən'sɝt,,vt.使惊慌， 使不安； 使困惑,托福
constitution,'kɑnstə'tʊʃən,,n.宪法， 章程； 体质； 构成,托福
paradigm,'pærə'daɪm,,n.范例， 典范,托福
blend,blɛnd,,v.混合，混杂 n.混合； 混合物,托福
overact,'ovɚ'ækt,,v.把表演得过火； 表现做作,托福
fidelity,fɪ'dɛləti,,n.忠诚， 忠实； 精确， 逼真,托福
conceive,kən'siv,,v.构思， 构想， 设想； 怀孕,托福
incursion,ɪn'kɝʒn,,n.袭击， 突然入侵； 介入,托福
nonsense,'nɑnsɛns,,n.胡说， 废话； 冒失的行为,托福
stain,sten,,v.沾污；留下污渍 n.污点， 污渍,托福
balk,bɔk,,v.畏缩； 阻止； 妨碍 n.障碍,托福
electrode,ɪ'lɛktrod,,n.电极,托福
airborne,'ɛr'bɔrn,,a.空气传播的； 空运的,托福
reckless,'rɛkləs,,a.轻率的， 鲁莽的， 无所顾忌的,托福
oversleep,ovə'slip,,v.睡过头； 睡得过久,托福
bald,bɔld,,a.光秃的， 秃头的； 简单的， 单调的,托福
paradox,'pærədɑks,,n.似非而是的论点； 自相矛盾的话,托福
oratorio,",ɔrə'tɔrɪo",,n.清唱剧， 宗教剧,托福
X-ray,'eksreɪ,,n.X射线， X光； X光照片,托福
physical,'fɪzɪkl,,a.物理的；物质的，有形的；身体的，肉体的 n.体检,托福
categorize,'kætəgə'raɪz,,vt.将…分类， 把…加以分类,托福
mania,'menɪə,,n.躁狂； 狂热； 癖好,托福
poetic,po'ɛtɪk,,a.诗歌的； 诗意的,托福
opposed,ə'pozd,,a.反对的； 截然不同的,托福
familiarize,fə'mɪlɪəraɪz,,vt.使熟悉,托福
apportionment,ə'pɔrʃənmənt; ə'porʃənmənt,,n.分派， 分摊， 分配,托福
thread,θrɛd,,v.穿；穿过，通过 n.线； 线索； 思路,托福
enrollment,ɪn'rolmənt,,n.登记， 注册； 入学,托福
tyrannical,tɪ'rænɪkl,,a.专制的， 残暴的， 专横的,托福
stake,stek,,n.股份；赌注；利害关系 vt.以…打赌， 拿…冒险,托福
fortify,'fɔrtɪfaɪ,,vt.支持， 给…以勇气； 加强， 增强； 筑防御工事于,托福
due,du,,a.到期的； 预期的； 应得的； 恰当的， 适当的； 应支付的,托福
ripen,'raɪpən,,v.成熟,托福
conform,kən'fɔrm,,vi.遵守， 服从； 符合； 适应,托福
bake,bek,,v.烘， 烤， 焙,托福
authentic,ɔ'θɛntɪk,,a.真正的， 真实的； 逼真的； 可靠的,托福
opal,'opl,,n.蛋白石,托福
lodge,lɑdʒ,,v.正式提出； 租住， 借宿； 为…提供住宿； 寄存 n.巢穴；旅社；乡间小屋,托福
threat,θrɛt,,n.恐吓， 威胁； 坏兆头， 危险迹象,托福
rayon,'reɑn,,n.人造丝， 人造纤维,托福
devoid,dɪ'vɔɪd,,a.全无的,托福
mercy,'mɝsi,,n.宽恕； 仁慈； 恩惠， 幸运,托福
curl,kɝl,,v.卷曲，蜷缩 n.卷发； 卷曲状； 卷曲物,托福
inform,ɪn'fɔrm,,vt.通知， 通告； 了解， 熟悉； 告发， 检举， 告密,托福
depend,dɪ'pɛnd,,v.依靠， 依赖； 取决于,托福
dearth,də:θ,,n.缺乏， 短缺,托福
commit,kə'mɪt,,vt.承诺； 犯错； 犯罪； 忠于,托福
patch,pætʃ,,vt.修补，打补丁 n.小片， 小块； 补丁； 小块土地,托福
presidency,'prɛzɪdənsi,,n.职位； 任期,托福
scurry,'skɝi,,vi&n.急跑， 疾行,托福
scornful,'skɔ:nful,,a.轻蔑的， 鄙视的,托福
cholesterol,kə'lɛstərɔl,,n.胆固醇,托福
magnetic,mæg'nɛtɪk,,a.磁的， 磁石的； 有磁性的； 有吸引力的,托福
stick,stɪk,,v.刺，戳，插；粘住，粘贴；放置；卡住 n.棍， 棒； 手杖,托福
orbit,'ɔrbɪt,,v.作轨道运行 n.轨道；势力范围,托福
band,bænd,,vi.联合，集合 n.乐队； 群， 伙； 带； 波段， 频带,托福
beneficent,bɪ'nɛfɪsnt,,a.有益的； 行善的， 慈善的,托福
comprise,kəm'praɪz,,vt.包含； 由…组成,托福
moderate,"ˈmɑdərɪt; (for v.,) ˈmɑdərˌeɪt",,a.适度的； 温和的； 普通的 v.缓和，使适中 n.持温和意见的人,托福
resident,'rɛzɪdənt,,a.常驻的；居住的 n.居民； 住宿者， 旅客； 住院实习医生,托福
upheaval,ʌp'hivl,,n.剧变， 动乱， 大变动,托福
receiver,rɪ'sivɚ,,n.接收器； 听筒； 接收者； 官方接管人,托福
gilding,'ɡɪldɪŋ,,n.镀金； 贴金层， 镀金层； 金色涂层,托福
execute,'ɛksɪkjut,,vt.执行， 履行， 实施； 将…处死， 处决； 完成,托福
substantial,səbˈstænʃəl,,a.实质的； 坚固的； 可观的， 大量的,托福
balm,bɑm,,n.香脂油， 药膏； 镇痛剂， 安慰剂,托福
Paleolithic,",pelɪo'lɪθɪk",,a.旧石器时代的 n.旧石器时代,托福
benefit,'bɛnɪfɪt,,v.受益； 得益于 n.益处，好处；恩惠；津贴,托福
quality,'kwɑləti,,a.优良的， 优质的 n.质，质量；品德，品质；性质，特性,托福
unique,jʊ'nik,,a.唯一的； 独特的， 罕见的； 特有的,托福
boost,bʊst,,vt.提高，推进；替…做广告，宣扬 n.增加， 帮助,托福
sober,'sobɚ,,a.清醒的，未醉的；持重的，冷静的；素净的 v.清醒； 变得冷静,托福
male,mel,,a.雄的，公的；,托福
maternal,mə'tɝnl,,a.母亲的， 母系的,托福
prolific,prə'lɪfɪk,,a.多产的； 富有创造力的,托福
expel,ɪk'spɛl,,vt.开除； 驱逐； 排出,托福
shelter,'ʃɛltɚ,,n.掩蔽处，庇护所；居所，住所；掩蔽，保护 vt.保护， 掩蔽； 躲避,托福
externality,",ɛkstɚ'næləti",,n.外部性， 外界效应,托福
latitude,'lætɪtud,,n.纬度；,托福
vigor,'vɪgɚ,,n.活力， 精力,托福
scan,skæn,,vt.细察，审视；扫描；粗略地看，浏览 n.扫描检查； 浏览,托福
industry,'ɪndəstri,,n.勤劳， 勤奋； 工业， 行业,托福
eliminate,ɪ'lɪmɪnet,,vt.消除； 淘汰,托福
augment,ɔɡ'mɛnt,,vt.增加， 提高,托福
tangent,'tændʒənt,,a.切线的， 相切的 n.切线；正切,托福
benign,bɪ'naɪn,,a.良性的； 有利的； 善良的， 和蔼的,托福
destruction,dɪ'strʌkʃən,,n.毁坏， 毁灭,托福
acquit,ə'kwɪt,,vt.宣告无罪； 表现,托福
stiff,stɪf,,ad.极其， 非常； 僵硬地 a.硬的，僵直的；呆板的；拘谨的；艰难的，费劲的；强烈的,托福
prosper,'prɑspɚ,,vi.繁荣， 兴旺； 成功,托福
blizzard,'blɪzɚd,,n.暴风雪， 大风雪,托福
appeal,ə'pil,,vi.上诉，起诉；呼吁，恳求；吸引 n.上诉， 申诉； 呼吁， 恳求； 感染力， 吸引力,托福
swamp,swɑmp,,n.沼泽地，湿地 vt.使陷入， 淹没； 使应接不暇， 使疲于应对,托福
entrepreneur,ˌɑntrəprəˈnɝ​,,n.企业家； 承包人,托福
transportation,",trænspɔr'teʃən",,n.运输； 运输系统， 运输工具,托福
dedicate,'dɛdɪket,,vt.致力于， 奉献给； 题献词于上,托福
dye,daɪ,,v.染色 n.颜料，染料,托福
extensive,ɪk'stɛnsɪv,,a.广大的， 广阔的； 广泛的， 大量的,托福
monotonous,mə'nɑtənəs,,a.单调的， 无聊的,托福
negate,nɪˈɡet,,vt.取消； 否定,托福
impart,ɪm'pɑrt,,vt.传授； 传达； 给予,托福
inspire,ɪn'spaɪɚ,,vt.鼓舞， 激励； 给…以灵感,托福
bureaucracy,bjʊ'rɑkrəsi,,n.官僚主义， 官僚作风； 政府机构， 官僚机构,托福
geometry,dʒɪ'ɑmətri,,n.几何， 几何学,托福
devote,dɪ'vot,,vt.为…付出； 献身于,托福
delectable,dɪ'lɛktəbl,,a.美味可口的； 有吸引力的； 令人喜爱的， 赏心悦目的,托福
barb,bɑrb,,n.鱼钩， 倒钩； 挖苦的话,托福
alumnus,ə'lʌmnəs,,n.校友，毕业生,托福
far-fetched,'fɑ:'fetʃt,,a.牵强的,托福
approximate,ə'prɑksɪmət,,a.大约的， 近似的 vt.接近， 近似,托福
craftsman,'kræftsmən,,n.能工巧匠， 手艺人， 工艺师,托福
project,prəˈdʒɛkt; prɑdʒɛkt,,v.放映； 规划； 预测， 推想 n.方案； 课题， 项目； 工程,托福
aberrant,æ'bɛrənt,,a.越轨的； 异常的,托福
lope,lop,,vi.轻松地大步跑 n.轻快的步伐,托福
lateral,'lætərəl,,a.侧面的， 旁边的； 横向的,托福
hinterland,'hɪntɚlænd,,n.内地， 腹地； 内地贸易区,托福
nominate,'nɑmɪnet,,vt.任命， 指定； 提名， 推荐,托福
tread,trɛd,,v.踏，践踏；行走 n.轮胎面； 脚步声； 步法,托福
diameter,daɪ'æmɪtɚ,,n.直径,托福
stationary,'steʃənɛri,,a.静止的； 固定的， 稳定的， 不变的,托福
barn,bɑrn,,n.谷仓； 牲口棚,托福
bark,bɑrk,,v.吠叫； 厉声质问 n.树皮；犬吠声,托福
kennel,'kɛnl,,n.狗窝； 养狗场,托福
ellipse,ɪ'lɪps,,n.椭圆， 椭圆形,托福
bare,bɛr,,a.赤裸的；光秃的，无遮盖的；最基本的 vt.脱掉； 显露,托福
sidewalk,'saɪdwɔk,,n.人行道,托福
formidable,'fɔrmɪdəbl,,a.难对付的； 强大的； 令人敬畏的,托福
abound,ə'baʊnd,,vi.富于； 大量存在； 充满,托福
suitcase,'sutkes,,n.手提箱， 衣箱,托福
invert,'ɪnvɝt,,vt.使倒转， 使倒置， 使颠倒,托福
discrete,dɪ'skrit,,a.分离的， 个别的； 离散的,托福
temperate,'tɛmpərət,,a.气候温和的， 温带的； 温和的， 自我克制的,托福
immutable,ɪ'mjutəbl,,a.不可改变的， 永恒不变的,托福
disrupt,dɪs'rʌpt,,vt.使中断； 扰乱； 使分裂， 使瓦解,托福
scar,skɑr,,vt.给…留下疤痕；给…留下精神创伤；损害…的外观 n.疤痕； 创伤,托福
abort,ə'bɔrt,,v.夭折， 中止； 使流产,托福
hypothetical,",haɪpə'θɛtɪkl",,a.假设的,托福
coefficient,",koɪ'fɪʃnt",,n.系数,托福
converse,kən'vəʳs,,vi.交谈，会话 a.逆向的，相反的 n.相反的事物； 反面,托福
gospel,'ɡɑspl,,n.准则， 信条； 绝对真理； [G-]福音； 福音音乐； 训示,托福
eccentric,ɪk'sɛntrɪk,,a.古怪的， 反常的 n.古怪的人,托福
appliance,ə'plaɪəns,,n.用具， 器具； 装置,托福
alloy,'ælɔɪ,,n.合金 vt.使成合金,托福
defer,dɪ'fɝ,,v.推迟， 延期,托福
drowsy,'draʊzi,,a.昏昏欲睡的； 催眠的,托福
lore,lɔr,,n.学问， 学识； 传说， 传统,托福
mast,mæst,,n.船桅； 旗杆； 天线塔,托福
mass,mæs,,a.大量的 n.质量；块，团；众多；群众，平民百姓,托福
muggy,'mʌɡi,,a.闷热的,托福
revoke,rɪ'vok,,vt.撤销， 撤回； 取消， 废除,托福
proper,'prɑpɚ,,a.正确的； 合乎体统的， 适当的； 固有的， 特有的,托福
renaissance,ˈrenəsɑ:ns; ˌrɛnəˈsɑns,,n.[the R-] 文艺复兴， 文艺复兴时期； 复兴， 再生,托福
poisonous,'pɔɪzənəs,,a.有毒的， 有害的； 恶毒的,托福
auction,'ɔkʃən,,n&v.拍卖,托福
allot,ə'lɑt,,vt.分配， 配给， 拨给,托福
propel,prə'pɛl,,vt.推进， 驱使； 激励,托福
admit,əd'mɪt,,v.承认； 准许…进入， 接纳,托福
rampant,'ræmpənt,,a.猖獗的， 肆虐的； 蔓生的,托福
interest,'ɪntrəst,,n.兴趣，关注；业余爱好；利息；利害关系 vt.使感兴趣， 引起…关注,托福
uneven,ʌn'ivən,,a.不平均的； 不平坦的； 不规则的； 不势均力敌的； 不公平的,托福
twig,twɪɡ,,n.嫩枝， 小枝,托福
immature,",ɪmə'tʃʊr",,a.未成熟的， 未充分发展的,托福
organic,ɔr'gænɪk,,a.有机的； 器官的； 有机体的,托福
chaste,tʃest,,a.贞洁的； 简朴的， 朴实的,托福
mask,mæsk,,n.面具；面罩；假面具，,托福
evacuation,"ɪ,vækjʊ'eʃən",,n.撤离,托福
patron,'petrən,,n.资助人， 赞助人； 老主顾， 顾客,托福
apply,ə'plaɪ,,v.申请， 请求； 适用； 应用， 运用； 涂， 敷， 施,托福
stew,"stu, stju",,v.炖， 煨； 思考； 不安， 担忧 n.炖菜；不安，担忧,托福
overlook,",ovɚ'lʊk",,vt.俯瞰， 眺望； 忽略； 对…不予考虑,托福
incredible,ɪn'krɛdəbl,,a.惊人的， 难以置信的,托福
layout,'leaʊt,,n.编排， 版面设计； 规划， 布局,托福
landing,'lændɪŋ,,n.登陆； 着陆， 降落,托福
formula,'fɔrmjələ,,n.公式， 方程式； 分子式； 配方,托福
avalanche,'ævəlæntʃ,,n&v.雪崩； 山崩,托福
revolt,rɪ'volt,,v.反叛，反抗；违抗；厌恶，反感 n.起义， 叛乱， 反抗,托福
disgust,dɪs'ɡʌst,,vt.厌恶， 嫌恶,托福
tribute,'trɪbjut,,n.贡品； 颂词， 称赞； 悼念， 致哀； 礼物,托福
endanger,ɪn'dendʒɚ,,vt.危及， 危害,托福
base,bes,,a.卑鄙的， 不道德的 vt.把设在；,托福
stem,stɛm,,vt.阻止，遏制；起源 n.茎， 干,托福
subordinate,səˈbɔːdɪnɪt (for n. &adj.) ; səˈbɔːdɪˌnet (for v.),,a.次要的；下级的 vt.使处于次要地位， 使从属于 n.部属， 下属,托福
trend,trɛnd,,n.趋势， 倾向,托福
mechanic,mə'kænɪk,,n.技工， 机修工,托福
revolution,'rɛvə'lʊʃən,,n.革命； 巨变； 旋转,托福
reliable,rɪ'laɪəbl,,a.可靠的， 可信赖的,托福
incentive,ɪn'sɛntɪv,,n.刺激； 动机,托福
relate,rɪ'let,,v.叙述， 讲述； 有关联,托福
preliminary,prɪ'lɪmɪnɛri,,a.预备的，初步的 n.初步做法， 起始行为,托福
obstacle,'ɑbstəkl,,n.障碍， 妨害物,托福
leftover,'lɛftovɚ,,a.剩余的,托福
collaborative,kə'læbəretɪv,,a.合作的， 协作的,托福
constitute,'kɑnstətut,,v.组成； 设立； 制定,托福
indict,ɪn'daɪt,,vt.控诉， 起诉， 控告,托福
courier,'kʊrɪɚ,,n.送急件的人， 信使； 旅游服务员,托福
convince,kən'vɪns,,vt.使确信， 说服,托福
mate,met,,v.交配 n.配偶；朋友，伙伴；同事；大副,托福
stampede,stæm'pid,,v.狂奔，涌向；使仓促行事 n.逃窜， 狂奔； 热潮， 风尚,托福
gorge,ɡɔrdʒ,,v.狼吞虎咽 n.山峡， 峡谷,托福
terminate,'tɝmɪnet,,v.停止， 结束,托福
mannerism,'mænə'rɪzəm,,n.怪癖， 癖性； 过分的独特风格,托福
theory,'θiəri,,n.理论， 原理； 学说； 见解， 看法,托福
confederacy,kən'fɛdərəsi,,n.联盟， 同盟， 联邦； 私党,托福
flock,flɑk,,vi.聚结，成群 n.群； 一群； 大量,托福
extension,ɪk'stɛnʃən,,n.延长； 延伸； 电话分机， 分机号码,托福
internal,ɪn'tɝnl,,a.内在的， 内部的； 国内的， 内政的； 内心的,托福
gender,'dʒɛndɚ,,n.性别； 性,托福
literary,lɪtərɛri,,a.文学的； 文人的， 书卷气的,托福
architect,'ɑrkɪtɛkt,,n.建筑师； 设计师， 缔造者,托福
excise,ɛk'saɪz,,vt.切除； 删去,托福
punch,pʌntʃ,,vt.拳打；打孔；按，压 n.重拳击打； 冲床， 打孔机,托福
across,ə'krɔs,,ad.横过；到对面，向对面 prep.穿过， 越过； 在对面,托福
flexibility,",flɛksə'bɪləti",,n.灵活性； 弹性， 韧性； 适应性,托福
mortgage,'mɔrɡɪdʒ,,n.抵押贷款，按揭；抵押证书 vt.用…作抵押,托福
identity,aɪ'dɛntəti,,n.身份； 特征， 特性； 同一性,托福
federal,'fɛdərəl,,a.联邦的； 联邦制的； 联邦政府的,托福
verify,'vɛrɪfaɪ,,v.检验， 核实,托福
excursion,ɪk'skɝʒn,,n.远足， 短途旅游,托福
inaugurate,ɪ'nɔɡjəret,,vt.为…举行就职典礼； 为…举行开幕式； 开始， 开创,托福
cramp,kræmp,,n.痉挛，抽筋； vt.阻碍， 阻止,托福
academy,ə'kædəmi,,n.学会， 研究院； 专科院校,托福
solitude,'sɑlətud,,n.孤独， 单独； 独处， 独居； 隐居处,托福
reward,rɪ'wɔrd,,n.报答，奖赏，报酬 vt.奖赏， 奖励， 给以报酬,托福
hockey,'hɑki,,n.曲棍球,托福
graze,ɡrez,,v.吃草；放牧；擦伤 n.擦伤,托福
swallow,'swɑlo,,v.吞，咽；吞没，侵吞；轻信，轻易接受；默默忍受；使不流露，抑制 n.燕子； 吞， 咽,托福
perquisite,'pɝkwəzɪt,,n.津贴， 利益； 特权,托福
hominid,'hɑmɪnɪd,,a.灵长目的 n.原始人类；人科动物,托福
nucleus,'nuklɪəs,,n.(原子)核,托福
sting,stɪŋ,,v.刺，蜇；感觉刺痛 n.尾刺； 刺痛,托福
juice,dʒus,,vt.榨出汁液 n.汁， 液,托福
haste,hest,,v.赶快， 匆忙 n.急忙，急速，匆忙,托福
nurture,'nɝtʃɚ,,vt.养育，养护，培养；扶植，支持；滋长，助长 n.养育， 培养,托福
buckle,'bʌkl,,v.扣紧； 变形， 弯曲 n.皮带扣环,托福
degenerate,dɪ'dʒɛnəret,,vi.退化， 衰退 a.堕落的； 退化的,托福
destructive,dɪ'strʌktɪv,,a.破坏性的， 毁灭性的,托福
monastery,'mɑnəstɛri,,n.男修道院， 寺院,托福
devout,dɪ'vaʊt,,a.虔敬的； 诚恳的,托福
censor,'sɛnsɚ,,n.审查员 vt.审查， 检查,托福
devour,dɪ'vaʊɚ,,vt.狼吞虎咽地吃， 吞食； 吞没， 吞噬； 如饥似渴地读,托福
stir,stɝ,,v.搅拌；煽动；激发，打动；行动，活动 n.搅拌， 搅动； 激动， 震动,托福
insult,ɪn'sʌlt,,vt.侮辱， 凌辱 n.侮辱， 凌辱,托福
existence,ɪɡ'zɪstəns,,n.存在， 实在； 生存， 生活,托福
craft,kræft,,v.手工制作 n.手艺，工艺,托福
axis,'æksɪs,,n.轴； 轴线， 中心线,托福
maze,mez,,n.迷宫；复杂难懂的细节；困惑，迷惘 vt.使混乱； 使困惑， 迷惑,托福
float,flot,,v.漂浮， 浮动； 飘动,托福
gaseous,'ɡæsɪəs,,a.气体的， 气态的,托福
negligent,'nɛɡlɪdʒənt,,a.忽略的； 疏忽的； 粗心大意的,托福
expressive,ɪk'sprɛsɪv,,a.有表现力的， 富有表情的； 表示…的， 表现…的,托福
conductivity,",kɑndʌk'tɪvəti",,n.传导性； 传导率,托福
desolate,'dɛsələt,,a.荒凉的， 无人烟的； 不幸的， 忧伤的 vt.使感到悲惨， 使感到凄凉； 使荒芜,托福
coarse,kɔrs,,a.粗糙的； 粗俗的,托福
evade,ɪ'ved,,v.逃避， 回避； 躲开， 避开,托福
associative,ə'soʃɪətɪv,,a.联想的； 结合的； 关联的,托福
exaggerate,ɪɡ'zædʒəret,,v.夸张， 夸大,托福
cortex,'kɔrtɛks,,n.皮层， 皮质,托福
imply,ɪm'plai,,vt.意味着， 暗示； 说明， 表明； 使有必要,托福
offset,",ɔf'sɛt",,n.分支；补偿；抵消 vt.补偿； 抵消,托福
backhand,'bæk'hænd,,n.反手击球,托福
cascade,kæ'sked,,vi.倾泻，流注 n.小瀑布； 倾泻,托福
cavity,'kævəti,,n.腔； 洞， 穴， 窟窿； 龋洞,托福
sequence,'sikwəns,,n.一系列，一连串；顺序，次序，序列 vt.按顺序排列,托福
provision,prə'vɪʒn,,n.供应， 供应品； 条款； 准备， 预备,托福
recruit,rɪ'krut,,v.招募，征募 n.新兵； 新成员,托福
thrust,θrʌst,,v.挤；插；戳，刺 n.戳， 刺； 要旨； 驱动力,托福
abolition,",æbə'lɪʃən",,n.废除， 废止； 废奴运动,托福
sporadic,spə'rædɪk,,a.偶发的， 间或出现的， 零星的,托福
turnout,'tɝnaʊt,,n.出席人数； 产量， 产额,托福
configuration,"kən,fɪɡjə'reʃən",,n.布局， 格局； 结构， 构造， 形状； 配置,托福
scientific,",saɪən'tɪfɪk",,a.科学的； 细致严谨的,托福
spherical,'sfɪrɪkəl,,a.球形的， 球状的,托福
chunk,tʃʌŋk,,n.厚片， 大块； 相当大的部分； 矮胖的人,托福
asteroid,'æstərɔɪd,,n.小行星,托福
commonplace,'kɑmən'ples,,a.普通的， 平凡的 n.平凡的事；老生常谈,托福
libel,'laɪbl,,vt.诽谤 n.诽谤； 诽谤性文字,托福
parameter,pə'ræmɪtɚ,,n.参量， 参数； 界限， 范围,托福
extinct,ɪk'stɪŋkt,,a.灭绝的， 不存在的； 不再活跃的,托福
forerunner,'fɔr'rʌnɚ,,n.先驱者， 开路人； 先兆， 预兆,托福
cubism,'kjubɪzəm,,n.立体派； 立体主义,托福
agonize,'æɡənaɪz,,vi.苦苦思索； 焦虑不已,托福
percolate,'pɝkəlet,,v.过滤；渗入，渗透；逐渐流传，传开 n.滤液,托福
opaque,o'pek,,a.不透明的， 不透光的； 难懂的， 晦涩的,托福
advantage,əd'væntɪdʒ,,n.优点；优势，有利条件 vt.有益于,托福
assistant,ə'sɪstənt,,a.辅助的，助理的；副的 n.助手， 助教,托福
humid,'hjumɪd,,a.湿的， 潮湿的； 湿润的,托福
instead,ɪn'stɛd,,ad.代替， 顶替； 反而， 却,托福
controversy,ˈkɑntrəvɝ​sɪ,,n.争论， 辩论,托福
command,kə'mænd,,n&v.命令； 指挥， 统率,托福
compulsory,kəmˈpʌlsərɪ,,a.必须做的， 义务的； 强制性的； 必修的,托福
abortive,ə'bɔrtɪv,,a.落空的， 失败的,托福
swarm,swɔrm,,vi.云集 v.密集， 云集； 成群地飞行 n.群，一大群,托福
anticipate,æn'tɪsə'pet,,v.预见， 预期； 先于…行动,托福
variable,'vɛrɪəbl,,a.易变的；,托福
temple,'tɛmpl,,n.寺庙， 教堂； 太阳穴,托福
slash,slæʃ,,v.砍；大幅削减 n.砍痕， 伤痕； 斜线号,托福
fabricate,'fæbrɪket,,vt.编造； 制造,托福
uproot,",ʌp'rut",,v.根除； 离开家园,托福
tally,'tæli,,v.吻合 n.记录；账,托福
landscape,ˈlændskep,,n.风景，景色；地貌，地形；风景画 vt.美化…的环境,托福
exception,ɪk'sɛpʃən,,n.除外， 例外,托福
prevailing,pri'velɪŋ,,a.普遍的； 流行的； 一地常刮的， 盛行的,托福
temporary,ˈtempəreri,,a.暂时的， 临时的,托福
habitat,'hæbə'tæt,,n.自然环境， 栖息地,托福
optimal,'ɑptəml,,a.最佳的， 最理想的,托福
desperate,'dɛspərət,,a.绝望的； 不顾死活的， 拼命的； 极度渴望的,托福
awful,'ɔfl,,a.不舒服的； 糟糕的； 可怕的； 非常的,托福
urge,ɝdʒ,,v.促进，力劝；驱赶，驱策 n.强烈的欲望， 冲动,托福
handy,'hændi,,a.可用的； 易使用的， 便利的； 手巧的,托福
anguish,'æŋɡwɪʃ,,v.极度痛苦 n.极度痛苦,托福
refraction,rɪ'frækʃən,,n.折射,托福
visual,'vɪʒʊəl,,a.视觉的,托福
sanctuary,'sæŋktʃuɛri,,n.禁猎区， 动物保护区； 庇护所， 避难所； 圣所， 圣殿,托福
aerobics,ɛ'robɪks,,n.有氧运动,托福
inviting,ɪn'vaɪtɪŋ,,a.动人的， 诱人的； 引人注目的,托福
instruct,ɪn'strʌkt,,vt.指示； 教授,托福
agreeable,ə'ɡriəbl,,a.使人愉快的； 欣然同意的,托福
merchant,'mɝtʃənt,,n.商人,托福
community,kəˈmjunətɪ,,n.社会； 社团； 群落； 共同体,托福
ailment,'elmənt,,n.小病,托福
version,'vɝʒn,,n.译文， 译本； 版本,托福
charismatic,",kærɪz'mætɪk",,a.蒙受神恩的； 有超凡魅力的,托福
overload,",ovɚ'lod",,vt.使超载， 使过载； 使超负荷； 给…增加负担 n.超载； 超负荷,托福
bronze,brɑnz,,a.青铜色的 n.青铜；青铜色；青铜制品；铜牌,托福
staunch,stɔntʃ,,a.坚定的， 忠诚的,托福
selection,sɪ'lɛkʃən,,n.选择， 挑选； 精选； 被挑选出来的人， 精选品； 可供选择的事物,托福
adolescence,",ædə'lɛsns",,n.青春,托福
notch,nɑtʃ,,n.等级，档次；,托福
subculture,'sʌbkʌltʃɚ,,n.亚文化行为观念， 次文化,托福
exhale,ɛks'hel,,v.呼出； 散发,托福
appropriate,əˈproprɪət;(for v.) əˈproprɪet,,a.适当的 vt.拨款； 占用， 挪用,托福
least,list,,ad.最小； 最少； 微不足道 a.最小的；最少的；最不重要的,托福
utility,ju'tɪləti,,n.功用， 效用； 公用事业,托福
abrasion,ə'breʒən,,n.表面磨损,托福
symphony,'sɪmfəni,,n.交响乐， 交响曲； 和谐， 协调,托福
eloquent,'ɛləkwənt,,a.雄辩的 ； 动人的,托福
observatory,əb'zɝvətɔri,,n.天文台， 天文观测站,托福
optimistic,",ɑptɪ'mɪstɪk",,a.乐观的,托福
proponent,prə'ponənt,,n.支持者； 倡导者,托福
insolvent,ɪn'sɑlvənt,,a.财力不足的， 破产的,托福
submarine,",sʌbmə'rin",,a.水下的， 海底的 n.潜水艇,托福
empiricism,ɛm'pɪrə'sɪzəm,,n.经验论， 经验主义,托福
sleek,slik,,a.光滑而有光泽的；线条流畅的；时髦的 vt.使平整光亮,托福
particle,'pɑrtɪkl,,n.微粒， 颗粒； 【语】小品词,托福
musician,mjʊ'zɪʃən,,n.音乐家， 乐师,托福
typify,'tɪpɪfaɪ,,vt.是…的典范； 成为…的特征,托福
stagnant,'stægnənt,,a.不景气的； 停滞的； 迟钝的； 因不流动而污浊的,托福
perceptive,pɚ'sɛptɪv,,a.感知的， 知觉的； 有洞察力的， 理解力强的,托福
annotation,ˌænəˈteʃən,,n.注释， 注解,托福
minimize,'mɪnɪmaɪz,,vt.将…减到最少， 使最小化； 降低， 贬低,托福
sweep,swip,,v.打扫；席卷，横扫；挥动，舞动；迅速传播；,托福
descend,dɪ'sɛnd,,v.遗传； 下降； 起源； 降临， 来临,托福
mechanics,mə'kænɪks,,n.机械学， 力学； 技巧， 方法,托福
toed,tod,,a.有趾的,托福
maglev,'mæglɛv,,n.磁力悬浮火车,托福
logical,'lɑdʒɪkl,,a.逻辑的； 符合逻辑的， 合理的； 有逻辑头脑的,托福
characterize,'kærəktə'raɪz,,vt.以…为特征； 刻画； 描述,托福
descent,dɪ'sɛnt,,n.血统， 世系； 下降,托福
stunt,stʌnt,,vt.阻碍生长；遏制 n.特技表演； 噱头； 愚蠢行为,托福
weird,wɪrd,,a.怪异的， 神秘的,托福
farce,fɑrs,,n.笑剧， 滑稽剧； 闹剧,托福
ridiculous,rɪ'dɪkjələs,,a.荒唐的， 可笑的,托福
intrusion,ɪn'truʒn,,n.侵扰， 干扰； 侵犯； 侵入， 闯入,托福
refute,ri'fjʊt,,vt.反驳， 驳斥,托福
severe,səˈvɪr,,a.严重的； 严厉的； 剧烈的； 严峻的， 艰巨的； 朴素的， 不加装饰的,托福
exemplify,ɪɡ'zɛmplɪfaɪ,,vt.是…的典型； 例示， 举例证明,托福
emerge,ɪ'mɝdʒ,,vi.显露， 暴露； 出来， 现出,托福
lease,lis,,n.租约；租期 vt.出租,托福
exploit,ɛksplɔɪt; ɪkˈsplɔɪt,,vt.开发； 利用； 剥削 n.英勇行为， 业绩， 功绩,托福
eager,'igɚ,,a.渴望的， 热切的,托福
evidence,'ɛvɪdəns,,vt.证明 n.证据； 迹象； 根据,托福
republic,rɪ'pʌblɪk,,n.共和国； 共和政体,托福
errand,'ɛrənd,,n.差事， 差使,托福
flamboyant,flæm'bɔɪənt,,a.艳丽的， 绚丽夺目的； 炫耀的,托福
lethal,'liθl,,a.致命的； 破坏性极大的， 极其有害的,托福
stun,stʌn,,vt.使昏迷； 使震惊； 使…目瞪口呆， 给以深刻印象,托福
repetition,'rɛpə'tɪʃən,,n.重复， 反复； 重复的事,托福
sled,slɛd,,v.乘雪橇， 用雪橇运 n.雪橇；摘棉机,托福
polygamous,pə'lɪgəməs,,a.一夫多妻的， 一妻多夫的,托福
suspense,sə'spɛns,,n.担心， 焦虑； 悬念， 不确定,托福
gemstone,"'dʒɛm,ston",,n.经雕琢的宝石,托福
narrate,næret,,v.讲述， 叙述,托福
spring,sprɪŋ,,v.跳跃；涌现，突然出现；突然提出 n.泉； 弹簧， 发条； 春天； 跳， 跃,托福
autonomy,ɔ'tɑnəmi,,n.自治， 自治权； 自主， 自主权,托福
gibe,dʒaɪb,,n&v.嘲弄， 讥笑,托福
fitness,ˈfɪtnɪs,,n.健康， 健壮； 适合,托福
shred,ʃrɛd,,n.碎片，细条；些许，少量 vt.切碎， 撕碎,托福
kindle,'kɪndl,,v.点燃， 开始燃烧； 激起,托福
surrender,sə'rɛndɚ,,v.投降；放弃，交出 n.投降； 屈服， 屈从； 放弃,托福
faint,fent,,vi.昏厥，晕倒 a.模糊的，不清楚的；无力的，虚弱的；眩晕的 n.昏厥,托福
elm,ɛlm,,n.榆树,托福
shade,ʃed,,n.阴凉处，遮光物；阴暗；色度；差别 vt.遮蔽， 遮光,托福
collide,kə'laɪd,,vi.碰撞， 互撞； 冲突， 抵触,托福
cardinal,'kɑrdɪnl,,a.主要的，最重要的 n.红衣凤头鸟,托福
insist,ɪn'sɪst,,v.坚持要求； 坚决主张,托福
evergreen,'ɛvɚɡrin,,a.常绿的 n.常绿树， 常青树,托福
staggered,'stæɡɚd,,a.交错的， 错开的； 震惊的,托福
volume,'vɑljum,,n.体积， 容积， 容量； 音量； 卷， 册； 书,托福
transact,træn'zækt,,v.交易； 执行， 处理,托福
catalyst,'kætəlɪst,,n.催化剂， 触媒； 促使变化的人,托福
guideline,'ɡaɪdlaɪn,,n.指导方针，指导原则,托福
loose,lus,,a.松散的， 宽松的； 不精确的， 不严密的； 不牢固的； 自由的， 散漫的,托福
loathsome,'loθsəm,,a.令人厌恶的， 讨厌的,托福
flint,flɪnt,,n.燧石， 打火石,托福
preeminent,pri'ɛmɪnənt,,a.卓越的， 杰出的,托福
indignant,ɪn'dɪɡnənt,,a.愤慨的， 恼怒的,托福
decimal,'dɛsɪml,,a.十进位的，小数的 n.小数,托福
hardly,'hɑrdli,,ad.几乎不， 简直不； 刚刚， 仅仅,托福
lasting,'læstɪŋ,,a.持久的， 永久的,托福
cynical,'sɪnɪkl,,a.愤世嫉俗的， 冷嘲热讽的,托福
technical,'tɛknɪkl,,a.技术的， 工艺的； 专业的,托福
outermost,'aʊtɚ'most,,a.最外面的， 离中心最远的,托福
companion,kəm'pænɪən,,n.同伴， 共事者,托福
culminate,'kʌlmɪnet,,vi.达到顶点； 告终； 【天】到中天,托福
tortuous,'tɔrtʃuəs,,a.折磨人的， 令人痛苦的； 曲折的， 蜿蜒的； 含混不清的， 拐弯抹角的,托福
paucity,'pɔ:siti,,n.极小量， 少量,托福
stretch,strɛtʃ,,v.延伸， 拉长 n.一段路程；延伸,托福
strand,strænd,,n.股，缕；部分，方面 vt.使滞留； 使搁浅,托福
accomplish,ə'kɑmplɪʃ,,vt.达到； 完成； 实现,托福
constituent,kən'stɪtʃuənt,,a.有宪法制定或修改权的； 组成的， 构成的 n.选民；要素，成分,托福
intentionally,ɪn'tenʃənli,,ad.有意地， 故意地,托福
irritate,'ɪrɪtet,,vt.激怒， 使烦躁； 刺激,托福
havoc,'hævək,,n.混乱， 大破坏,托福
responsible,rɪ'spɑnsəbl,,a.有责任感的， 负责的； 需负责任的； 责任重大的， 重要的,托福
vagrant,'veɡrənt,,a.漂泊的 n.无业游民，流浪者,托福
medal,'mɛdl,,n.奖牌， 奖章,托福
linen,'lɪnɪn,,n.亚麻织品； 亚麻布,托福
satellite,'sætəlaɪt,,n.卫星； 人造卫星,托福
packed,pækt,,a.拥挤的； 压紧的,托福
illuminate,ɪ'lumɪnet,,vt.照亮； 启发， 启迪； 阐明， 说明,托福
lizard,'lɪzɚd,,n.蜥蜴,托福
delirium,dɪ'lɪrɪəm,,n.精神错乱， 神志失常,托福
preoccupation,"prɪ,ɑkju'peʃən",,n.主要考虑因素； 全神贯注,托福
vow,vaʊ,,v.发誓 n.誓约,托福
cipher,'saɪfɚ,,n.密码， 暗号,托福
protrude,pro'trud,,v.突出， 伸出,托福
residue,'rɛzɪdu,,n.剩余物， 残余物,托福
noted,'notɪd,,a.著名的,托福
frenzy,'frɛnzi,,n.狂暴， 狂热， 疯狂,托福
forum,'fɔrəm,,n.论坛； 讨论会,托福
contempt,kən'tɛmpt,,n.轻视， 鄙视， 轻蔑,托福
horizon,hə'raɪzn,,n.地平线；,托福
undertaking,'ʌndɚ'tekɪŋ,,n.任务， 项目； 事业， 企业； 承诺， 保证,托福
figurative,'fɪgərətɪv,,a.比喻的， 借喻的， 象征的； 形象的,托福
sweat,swɛt,,v.出汗 n.汗；一身汗,托福
progressive,prə'ɡrɛsɪv,,a.进步的； 逐步的， 渐进的； 【语】进行时的,托福
betray,bɪ'tre,,vt.出卖， 泄露； 辜负， 对…不忠； 流露情感,托福
aloft,ə'lɔft,,ad.在高处； 在空中,托福
contributory,kən'trɪbjətɔri,,a.贡献的； 捐助的； 促进的,托福
deliberate,dɪ'lɪbərət,,a.故意的， 蓄意的； 审慎的， 深思熟虑的 v.深思熟虑,托福
swear,swɛr,,v.诅咒； 宣誓， 发誓,托福
atmosphere,'ætməsfɪr,,n.大气， 大气层； 空气； 气氛， 氛围,托福
decorate,'dɛkəret,,v.装饰， 布置,托福
career,kə'rɪr,,n.生涯， 经历； 职业,托福
slacken,'slækən,,v.松弛， 放松； 减缓， 放慢,托福
release,rɪ'lis,,n&vt.释放； 发布， 公开； 发泄,托福
charter,'tʃɑrtɚ,,vt.特许设立，给予特权；包租 n.纲领， 宣言； 宪章； 特许状,托福
abiding,ə'baɪdɪŋ,,a.持久的， 永久的,托福
liberate,'lɪbə'ret,,vt.解放； 释放,托福
moral,'mɔrəl,,a.道德的，道义上的；有道德的，品行端正的；精神的,托福
diminution,/ˌdɪmɪˈnuːʃn/,,n.减少， 缩减,托福
aspire,ə'spaɪr,,v.有志于； 热望， 向往,托福
explode,ɪk'splod,,v.爆炸； 激增； 冲动， 发怒,托福
outbreak,'aʊtbrek,,n.发作； 爆发,托福
nap,næp,,n.小睡， 打盹,托福
manipulate,mə'nɪpjulet,,vt.操作， 处理； 利用， 操纵,托福
similar,'sɪməlɚ,,a.相似的， 类似的,托福
ecological,'ikə'lɑdʒɪkl,,a.生态的,托福
contradict,'kɑntrə'dɪkt,,v.反驳； 同…矛盾， 相抵触,托福
digitize,'dɪdʒɪtaɪz,,vt.数字化,托福
partnership,'pɑrtnɚʃɪp,,n.合伙； 伙伴关系； 合伙人身份,托福
shape,ʃep,,n.形状，外形，样子；体形，身材；形式；幻象；情况，状况 vt.使成为…形状， 塑造； 决定…的形成,托福
verbalize,'vɝbəlaɪz,,v.用言语表达,托福
momentous,mo'mɛntəs,,a.重大的， 重要的,托福
specify,'spɛsɪfaɪ,,vt.使具体化； 明确规定， 详细说明,托福
allegiance,ə'lidʒəns,,n.忠诚， 效忠， 拥戴,托福
wanna,ˈwɑnə,,v.想要,托福
crossing,'krɔsɪŋ,,n.十字路口， 人行横道； 过境处； 交叉点； 穿越， 横渡,托福
relevance,'rɛləvəns,,n.有关， 相关； 中肯， 适当； 重大关系， 意义； 实用性,托福
quarry,'kwɔri,,v.采石； 采集 n.采石场，石矿；猎物，追捕的对象,托福
gravel,'ɡrævl,,n.沙砾， 砾石,托福
malnutrition,'mælnʊ'trɪʃən,,n.营养不良,托福
submerge,səb'mɝdʒ,,v.浸没， 淹没,托福
converge,kən'vɝdʒ,,vi.汇聚， 聚集， 聚合； 相交， 会合； 趋于一致,托福
pertinent,'pɝtnənt,,a.相关的； 恰当的， 贴切的,托福
compose,kəm'poz,,v.创作； 组成； 使安定,托福
giraffe,dʒəˈræf; dʒəˈræf,,n.长颈鹿,托福
supersonic,",supɚ'sɑnɪk",,a.超音速的，超声波的 n.超音速， 超声波,托福
cell,sɛl,,n.细胞； 基层组织； 单人房间； 电池,托福
swell,swɛl,,v.增加，扩大；膨胀，肿胀 n.波浪的涌动； 隆起； 增强， 增加,托福
remind,rɪ'maɪnd,,vt.提醒； 使想起； 使发生联想,托福
crude,krud,,a.天然的， 未提炼的； 粗糙的； 粗俗的,托福
valid,'vælɪd,,a.有根据的， 合理的； 有效的,托福
withstand,wɪð'stænd,,vt.经受住， 耐； 抵挡,托福
inertia,ɪ'nɝʃə,,n.惯性； 惰性,托福
epitomize,ɪ'pɪtəmaɪz,,vt.成为…的缩影； 摘要， 概括， 缩写,托福
wintry,'wɪntri,,a.冬天的； 寒冷的； 冷淡的,托福
encourage,ɪn'kɝrɪdʒ,,v.鼓励， 激励； 促进， 激发,托福
vacuum,'vækjʊəm,,n.真空；真空状态，空白，,托福
era,'ɪrə,,n.纪元， 年代， 时代； 代,托福
administer,əd'mɪnɪstɚ,,vt.管理； 执行； 给予， 提供,托福
transplant,træns'plænt,,vt.移植； 使迁移， 使移居； 移栽， 移种 n.移植,托福
deficit,'dɛfəsɪt,,n.不足额； 赤字， 逆差,托福
elegant,'ɛləgənt,,a.优美的， 高雅的； 雅致的， 精美的； 简练的， 简洁的,托福
cohere,ko'hɪr,,vi.连贯， 一致； 黏合； 齐心协力， 团结一致,托福
snowflake,'snoflek,,n.雪花， 雪片,托福
linger,'lɪŋɡɚ,,vi.徘徊， 流连； 继续存留； 缓慢消失,托福
grasshopper,'ɡræshɑpɚ,,n.蚂蚱， 蝗虫,托福
dispel,dɪ'spɛl,,vt.驱散， 驱逐； 消除,托福
cascara,kæ'skɑ:rə,,n.缓泻剂,托福
slip,slɪp,,v.滑倒，失足；滑落；悄悄疾行，溜；摆脱；下降，跌落；陷入 n.差错， 纰漏； 滑倒； 纸片,托福
species,'spiʃiz,,n.种类， 类群,托福
anchor,'æŋkɚ,,v.抛锚；使固定；扎根，基于；主持 n.锚； 给人安全感的物， 精神支柱,托福
manifesto,",mænɪ'fɛsto",,n.宣言， 声明,托福
quench,kwɛntʃ,,vt.扑灭， 熄灭； 解,托福
spice,spaɪs,,n.香料，调味品；趣味，情趣 vt.加香料于； 给…增添趣味,托福
pedagogy,'pɛdə'godʒi,,n.教育学， 教学法,托福
screen,skrin,,vt.掩蔽；审查；筛选 n.屏幕,托福
autonomous,ɔ'tɑnəməs,,a.自治的； 独立自主的,托福
naked,'nekɪd,,a.裸露的， 无遮盖的； 直白的， 露骨的， 不加掩饰的,托福
vibration,vaɪ'breʃən,,n.振动， 颤动,托福
aerial,'ɛrɪəl,,a.空中的，地表以上的；从飞行器上的 n.天线,托福
trial,'traɪəl,,n.审讯； 试验， 试用； 令人伤脑筋的人,托福
perception,pɚ'sɛpʃən,,n.感知， 感觉； 认识， 观念； 洞察力,托福
saturation,'sætʃə'reʃən,,n.饱和； 饱和度,托福
stylistic,staɪ'lɪstɪk,,a.风格上的， 文体上的,托福
undertake,",ʌndɚ'tek",,v.承担； 进行， 从事,托福
optimize,'ɑptɪmaɪz,,vt.使最优化； 充分利用,托福
indigenous,ɪn'dɪdʒənəs,,a.本地的， 本土的； 土产的； 土著的,托福
visualize,'vɪʒuəlaɪz,,v.想象， 使形象化； 构思,托福
rejuvenate,rɪ'dʒuvənet,,vt.使年轻； 使恢复活力,托福
obituary,o'bɪtʃuɛri,,n.讣闻， 讣告,托福
bureau,'bjʊro,,n.局， 署； 办公室； 机构,托福
moist,mɔɪst,,a.潮湿的； 多雨的,托福
cable,'kebl,,v.给…发电报， 用电报传送 n.缆绳，钢索；电缆；电报,托福
intense,ɪn'tɛns,,a.强烈的； 热切的； 激烈的,托福
thrifty,'θrɪfti,,a.节省的， 节俭的,托福
yelp,jɛlp,,v.尖叫 n.短而尖的叫声,托福
estate,ɪ'stet,,n.地产； 庄园； 个人财产， 遗产,托福
acoustic,ə'kʊstɪk,,a.非电声乐器的， 原声的； 听觉的， 声音的,托福
articulate,ɑr'tɪkjulet,,a.善于表达的； 发音清晰的， 口齿清楚的 v.明确表达， 清楚说明； 清晰地吐， 清晰地发； 用关节连接,托福
brass,bræs,,n.铜管乐器； 黄铜,托福
dignify,'dɪɡnɪfaɪ,,vt.使有尊严， 使高贵； 美化,托福
bluster,'blʌstɚ,,v.虚张声势地恫吓； 猛刮,托福
traverse,trə'vɝs,,v.横穿， 横渡,托福
impending,ɪm'pɛndɪŋ,,a.即将发生的， 迫近的,托福
rigorous,'rɪɡərəs,,a.缜密的， 谨慎的； 严格的， 严厉的,托福
amino,ə'mino,,a.氨基的,托福
secular,'sɛkjəlɚ,,a.现世的； 世俗的； 非宗教的,托福
activate,'æktə'vet,,vt.刺激， 使活动,托福
strenuous,'strɛnjuəs,,a.费劲的， 费力的， 艰苦的； 精力充沛的； 奋力的,托福
lethargy,'lɛθɚdʒi,,n.死气沉沉； 无精打采， 倦怠,托福
amusement,ə'mjuzmənt,,n.可笑； 娱乐， 消遣,托福
boundary,'baʊndri,,n.分界线； 边界,托福
shame,ʃem,,n.羞耻，羞愧，耻辱；可耻的人 vt.使羞愧； 玷辱,托福
endow,ɪn'daʊ,,vt.使天生具有， 赋予； 资助， 捐赠,托福
precipitate,prɪ'sɪpɪtet,,v.使…突然降临；加速；降水；使突然陷入； a.仓促的， 鲁莽的,托福
centric,'sɛntrɪk,,a.以…为中心的,托福
mandate,'mændet,,v.强制执行； 授权 n.授权；委托书，授权令；任期,托福
slog,slɑɡ,,v.艰难行进； 埋头苦干； 猛击,托福
financial,faɪˈnænʃəl;fəˈnæ-,,a.财政的， 财务的， 金融的,托福
respective,rɪ'spɛktɪv,,a.分别的， 各自的,托福
inactivate,"ɪn'æktə,vet",,vt.使不活动， 使不活跃,托福
media,'miːdiə,,n.媒介， 媒体,托福
plaudit,'plɔ:dit,,n.喝彩；赞美,托福
exalt,ɪɡ'zɔlt,,vt.高度赞扬， 褒扬； 提升， 提拔,托福
reversible,rɪ'vɝsəbl,,a.可逆的， 可翻转的； 正反两用的； 可恢复原状的,托福
define,dɪ'faɪn,,vt.定义， 解释； 限定,托福
dictate,'dɪktet,,v.规定；决定；口述；支配 n.命令， 规定,托福
flick,flɪk,,v.轻拍；移动 n.轻拍； 浏览,托福
memorize,'mɛmə'raɪz,,vt.记住， 记忆， 熟记,托福
render,'rɛndɚ,,vt.给予， 提供； 致使； 递交， 呈献； 表达； 翻译,托福
haven,'hevn,,n.港口； 庇护所， 避难所； 栖息处,托福
neon,'niɑn,,n.氖； 霓虹灯,托福
manifest,'mænɪfɛst,,a.明显的 vt.表明，显示 n.货物清单,托福
relieve,rɪ'liv,,vt.缓解， 减轻； 使轻松， 使宽慰； 调剂； 接替， 换班,托福
buffalo,'bʌfəlo,,n.水牛； 野牛,托福
endeavor,ɪn'dɛvɚ,,vi&n.努力， 尽力,托福
quartz,kwɔrts,,n.石英,托福
prelude,'prɛljud,,n.前奏曲， 序幕,托福
adjacent,ə'dʒesnt,,a.邻近的， 毗连的,托福
transport,'trænspɔrt,,n.运输； 运输系统， 运载工具 vt.运输； 传播,托福
grump,ɡrʌmp,,vi.发脾气，发牢骚 n.脾气不好的人,托福
specific,spɪ'sɪfɪk,,a.明确的， 具体的； 特定的， 特有的,托福
sprain,spren,,n&vt.扭伤,托福
prioritize,praɪ'ɔrətaɪz,,v.划分优先顺序； 优先处理,托福
engage,ɪn'ɡedʒ,,v.从事于， 忙于； 吸引； 订婚； 聘用,托福
adroit,ə'drɔɪt,,a.精明的， 干练的； 熟练的， 灵巧的,托福
appetite,'æpəˌtaɪt,,n.胃口， 食欲； 欲望,托福
frivolity,fri'vəliti,,n.轻浮； 愚蠢的行为,托福
strategy,'strætədʒi,,n.战略， 策略,托福
remainder,rɪ'mendɚ,,n.剩余物， 残余； 其他的人； 差数， 余数,托福
clumsy,'klʌmzi,,a.笨拙的； 不得体的， 冒犯人的； 复杂难懂的， 难处理的,托福
territory,'tɛrətɔri,,n.领土， 版图； 领域， 地盘,托福
summon,'sʌmən,,v.传唤， 传讯； 召集， 召开； 鼓起， 振作,托福
grovel,'ɡrɑvl,,vi.摇尾乞怜， 奴颜婢膝,托福
maintain,men'ten,,vt.维持， 保持； 维修， 保养； 主张， 坚持； 赡养， 负担,托福
shift,ʃɪft,,v.转移；改变 n.转移； 改变； 轮班,托福
implore,ɪm'plɔr,,v.哀求， 恳求,托福
rehabilitate,",riə'bɪlə,tet",,vt.使恢复原状， 修复； 改造， 使恢复正常生活； 恢复…的名誉,托福
expertise,'ɛkspɝ'tiz,,n.专门知识， 专长,托福
bargain,ˈbɑrɡɪn,,vi.讨价还价 n.特价商品，廉价货；协议；交易,托福
elective,ɪ'lɛktɪv,,a.选举的； 可选择的； 选修的,托福
pivot,'pɪvət,,v.在枢轴上旋转 n.枢轴；中心点；核心,托福
dissuade,dɪ'swed,,vt.劝阻， 阻止,托福
sneaker,'snikɚ,,n.鬼鬼祟祟的人， 卑鄙者； 运动鞋,托福
conclusive,kən'klusɪv,,a.确定的， 确凿的， 不容置疑的； 结论性的,托福
encompass,ɪn'kʌmpəs,,vt.包含； 环绕,托福
sustenance,'sʌstənəns,,n.食物； 生计； 维持,托福
allergy,'ælɚdʒi,,n.过敏性反应,托福
disinterested,dɪs'ɪntərɪsɪd,,a.客观的， 无私的， 公正的； 无兴趣的， 不关心的,托福
envelope,'envəloup,,n.信封,托福
deposit,dɪ'pɑzɪt,,v.沉淀；堆积；储蓄；,托福
dissipate,'dɪsɪpet,,v.消散， 消失； 挥霍， 浪费,托福
recount,rɪ'kaʊnt,,v.讲述， 描述； 重新清点， 重计,托福
flask,flæsk,,n.细颈瓶； 烧瓶,托福
fluctuation,",flʌktʃʊ'eʃən",,n.波动， 起伏,托福
pliable,'plaɪəbl,,a.易弯曲的， 柔韧的； 易受影响的； 顺从的,托福
flash,flæʃ,,vi.闪光； 反射 n.闪光；闪现,托福
continent,'kɑntɪnənt,,n.大陆， 陆地； 洲,托福
disturbance,dɪ'stɝbəns,,n.打扰； 骚动； 心神不安， 烦恼,托福
confidant,'kɑnfɪdænt,,n.知己， 密友,托福
simultaneous,",saɪml'tenɪəs",,a.同时的， 同步的,托福
guarantee,",ɡærən'ti",,v.保证；担保 n.保证， 担保； 保证书,托福
improvise,'ɪmprəvaɪz,,v.即兴创作； 临时准备,托福
predation,prɪ'deʃən,,n.掠夺； 掠食,托福
recommend,'rɛkə'mɛnd,,vt.推荐； 建议,托福
demobilize,di'mobəlaɪz,,vt.遣散； 使复员,托福
leach,litʃ,,v.过滤；溶解 n.过滤器； 过滤剂,托福
prodigious,prə'dɪdʒəs,,a.巨大的,托福
lost-and-found,ˌlɔːstənd'faund,,n.失物招领,托福
knack,næk,,n.诀窍； 技能， 本领； 习惯， 癖好,托福
default,dɪ'fɔlt,,vi.不履行义务， 违约 n.违约；弃权；缺省,托福
indolent,'ɪndələnt,,a.懒惰的， 懒散的； 不活跃的,托福
tropic,'trɑpɪk,,a.热带的 n.回归线；热带地区,托福
beverage,'bɛvərɪdʒ,,n.饮料,托福
diction,'dɪkʃən,,n.措辞， 用语,托福
ripe,raɪp,,a.熟的； 成熟的,托福
attribute,ə'trɪbjut,,n.属性， 特征 vt.把…归于,托福
genetic,dʒə'nɛtɪk,,a.基因的， 遗传的,托福
triumph,ˈtraɪəmf,,v.获胜， 成功 n.狂喜；胜利，成功,托福
slumber,'slʌmbɚ,,vi.睡眠， 安睡,托福
arouse,ə'raʊz,,vt.唤醒， 唤起； 激起， 引起,托福
nest,nɛst,,v.做窝，筑巢 n.巢， 窝,托福
tout,taʊt,,v.吹捧； 兜售,托福
expropriate,ɛks'proprɪet,,vt.征用， 没收,托福
consensus,kən'sɛnsəs,,n.共识， 一致同意； 舆论,托福
classic,'klæsɪk,,a.经典的；典型的 n.经典作品；,托福
embellish,im'beliʃ,,vt.装饰； 对…添枝加叶， 渲染,托福
metric,'mɛtrɪk,,a.米制的； 公制的,托福
absolute,'æbsəlut,,a.完全的， 绝对的； 地道的； 无疑的， 确凿的； 不受限制的， 不受约束的,托福
retract,rɪ'trækt,,v.收回， 撤销； 缩回,托福
gossip,'ɡɑsɪp,,vi.传播流言飞语， 说长道短 n.闲话，流言飞语；爱说长道短的人,托福
technological,tɛknə'lɑdʒɪkl,,a.技术的， 工艺的,托福
grab,ɡræb,,v.拿， 抓， 夺,托福
silversmith,'sɪlvɚsmɪθ,,n.银匠； 银器商人,托福
antecedent,'æntə'sidnt,,a.先行的 n.祖先，先辈,托福
remains,rɪ'menz,,n.剩余物， 残留物； 古代遗物， 遗迹， 遗址； 遗骸,托福
granular,'grænjəlɚ,,a.粒状的； 含颗粒的,托福
incorporate,ɪn'kɔːrpəreɪt,,vt.纳入， 合并； 包含； 吸收； 注册成立,托福
graphite,ˈɡræfˌaɪt,,n.石墨,托福
boast,bost,,v&n.自我夸耀,托福
reiterate,rɪ'ɪtəret,,vt.反复说， 重申,托福
flank,flæŋk,,n.肋腹；侧面；侧翼 vt.位于…的侧面,托福
counterpart,'kaʊntɚpɑrt,,n.相对物； 职位相当的人； 副本,托福
segment,'sɛɡmənt,,n.音段； 段， 部分,托福
stripe,straɪp,,n.条纹， 斑纹,托福
sovereign,sɑvrɪn,,a.君主的；至高无上的；独立自主的 n.君主， 元首， 最高统治者,托福
gourd,ɡʊrd,,n.葫芦； 葫芦制成的容器,托福
attractive,ə'træktɪv,,a.吸引人的， 有魅力的； 引起注意的,托福
cater,'ketɚ,,v.迎合； 提供饮食,托福
superb,/suːˈpɜːrb/,,a.极好的， 高质量的， 上乘的； 华丽的,托福
engineering,'ɛndʒə'nɪrɪŋ,,n.工程； 工程学,托福
duplicate,'duplɪket,,a.完全相同的；副本的 n.复制品； 副本 vt.复写； 复制； 使加倍,托福
affable,'æfəbl,,a.和蔼可亲的， 易于交谈的， 友善的,托福
decrease,dɪ'kris,,v.减少 n.减少,托福
surmise,sɝ'maɪz,,v.推测， 猜测 n.推测， 猜测,托福
eradicate,ɪ'rædɪket,,vt.根除， 灭绝,托福
germinate,'dʒɝmɪnet,,v.发芽， 萌芽； 发展,托福
trumpet,'trʌmpɪt,,v.鼓吹，宣扬 n.小号， 喇叭,托福
conservationist,",kɑnsɚ'veʃənɪst",,n.自然环境保护论者,托福
despondent,dɪ'spɑndənt,,a.垂头丧气的， 沮丧的,托福
trifle,'traɪfl,,vi.不认真对待， 怠慢 n.少许；琐事，小事；无价值的东西,托福
migrate,'maɪɡret,,v.迁徙； 移居,托福
Easter,istəʳ,,n.复活节,托福
string,strɪŋ,,v.用线串； 悬挂 n.细绳，带子；一串；一系列；弦,托福
submit,səb'mɪt,,v.提交， 呈递； 屈从； 主张， 建议,托福
occupy,'ɑkjupaɪ,,vt.占用； 占据， 占领； 使忙于,托福
import,'ɪmpɔt,,n.进口， 输入； 意义， 要旨， 重要性 vt.进口， 输入,托福
affluent,'æfluənt,,a.丰富的； 富裕的,托福
indigestion,",ɪndɪ'dʒɛstʃən",,n.消化不良,托福
intrude,ɪn'trʊd,,vi.侵入， 闯入； 打扰， 侵扰,托福
simplicity,sɪm'plɪsəti,,n.简单， 容易； 朴素， 质朴,托福
blink,blɪŋk,,v.眨眼睛；闪亮，闪烁 n.眨眼睛,托福
summit,'sʌmɪt,,n.最高点， 峰顶， 极点； 峰会,托福
perfume,pɚ'fjum,,n.香味；香水 vt.使充满香气； 洒香水于,托福
magnify,'mæɡnɪfaɪ,,vt.放大， 扩大； 夸大,托福
redundant,rɪ'dʌndənt,,a.多余的； 累赘的,托福
durable,'dʊrəbl,,a.持久的， 耐用的,托福
impose,ɪm'poz,,v.把…强加于； 征； 处以,托福
mammal,'mæml,,n.哺乳动物,托福
preliterate,pri'lɪtərɪt,,a.文字出现以前的， 没有文字的,托福
factor,'fæktɚ,,n.要素， 因素； 因数； 系数,托福
rite,raɪt,,n.仪式， 典礼,托福
pinch,pɪntʃ,,v.捏，掐；夹痛；偷窃；逮捕 n.捏， 掐； 一撮， 微量,托福
mischievous,'mɪstʃɪvəs,,a.恶作剧的， 顽皮的， 淘气的； 恶意的,托福
conquer,'kɑŋkɚ,,vt.战胜， 征服； 克服,托福
wan,wɑn,,a.苍白的， 无血色的； 憔悴的,托福
continuity,'kɑntə'nʊəti,,n.连贯性， 连续性,托福
sculpture,'skʌlptʃɚ,,n.雕像， 雕塑品； 雕刻术,托福
realization,",riələ'zeʃən",,n.实现； 意识,托福
wax,waks,,v.给…打蜡；渐满 n.蜡； 蜡状物,托福
contamination,"kən,tæmi'neiʃən",,n.污染； 玷污,托福
arable,'ærəbl,,a.可耕作的，适于耕作的 n.可耕地,托福
gist,dʒɪst,,n.主旨， 要点， 大意,托福
urban,'ɝbən,,a.城市的， 市内的,托福
refer,rɪ'fɝ,,v.提到， 谈及； 查阅， 参考,托福
stellar,ˈstelər,,a.星的， 恒星的， 星球的； 精彩的； 优秀的,托福
flame,flem,,v.燃烧； 闪耀 n.火舌，火焰；光芒，光辉；强烈的感情,托福
discard,dɪsˈkɑːrd,,vt.丢弃,托福
subsidy,'sʌbsədi,,n.补助金， 津贴,托福
criteria,kraɪ'tɪrɪə,,n.[criterion的复数形式]标准， 准则,托福
obscene,əb'sin,,a.淫秽的， 下流的； 骇人听闻的； 可憎的， 可恶的,托福
raft,ræft,,v.用筏运送； 乘筏渡河 n.筏，木排；充气船,托福
attentive,ə'tɛntɪv,,a.注意的， 专心的； 关心的,托福
prohibitive,prə'hɪbətɪv,,a.禁止的， 抑制的； 高得令人难以承受的,托福
flair,flɛr,,n.才能， 本领； 天资,托福
modest,'mɑdɪst,,a.谦虚的； 适度的,托福
crush,krʌʃ,,vt.碾碎； 使变形； 镇压,托福
electron,ɪ'lɛktrɑn,,n.电子,托福
embed,ɪm'bɛd,,vt.把…嵌入； 使深留脑中,托福
citadel,ˈsɪtədəl,,n.堡垒， 要塞,托福
promising,'prɑmɪsɪŋ,,a.有希望的； 有前途的,托福
ambivalent,æm'bɪvələnt,,a.对立的， 感情矛盾的,托福
practicable,'præktɪkəbl,,a.能实行的， 可行的， 适用的,托福
physiology,'fɪzɪ'ɑlədʒi,,n.生理学； 生理机能,托福
lofty,'lɔfti,,a.高耸的； 崇高的； 高傲的,托福
explicit,ɪk'splɪsɪt,,a.清楚的； 直率的,托福
utilize,'juːtəlaɪz,,vt.利用,托福
prevail,pri'vel,,vi.盛行， 流行； 战胜， 压倒； 劝说,托福
flake,flek,,v.使成薄片；雪片般落下 n.薄片,托福
browse,braʊz,,v.吃嫩叶或草；浏览 n.嫩叶； 浏览,托福
implicit,ɪm'plɪsɪt,,a.含蓄的； 绝对的； 内含的,托福
purity,'pjʊrəti,,n.纯度； 纯洁， 纯净， 纯粹,托福
portion,'pɔrʃən,,n.部分；一份 vt.划分， 分配,托福
futile,'fjʊtaɪl,,a.无效的， 无用的， 无意义的； 琐细的； 没出息的,托福
pensive,'pɛnsɪv,,a.沉思的； 忧虑的,托福
reliever,rɪ'livɚ,,n.救济者； 缓解物,托福
acumen,əˈkjumən,,n.敏锐， 聪明,托福
abate,ə'bet,,v.减少， 减轻,托福
tragic,'trædʒɪk,,a.悲惨的； 悲剧的,托福
eschew,ɪsˈtʃuː,,vt.避开， 戒除， 回避,托福
physician,fɪ'zɪʃən,,n.内科医生,托福
stardom,'stɑrdəm,,n.明星的身份,托福
amass,ə'mæs,,vt.积聚,托福
venturesome,'vɛntʃɚsəm,,a.敢于冒险的； 有危险的,托福
souvenir,",suvə'nɪr",,n.纪念品， 纪念物,托福
quaint,kwent,,a.古色古香的； 离奇有趣的,托福
grip,ɡrɪp,,v.控制；紧握；吸引住…的注意 n.控制， 影响力； 紧握； 理解,托福
tornado,tɔr'nedo,,n.飓风， 龙卷风,托福
explore,ɪk'splɔr,,v.探索， 勘探； 探险； 探究,托福
acronym,'ækrənɪm,,n.首字母缩写词,托福
noteworthy,'notwɝði,,a.显著的， 值得注目的,托福
shirk,ʃə:k,,v.逃避， 规避,托福
electricity,ɪ'lɛk'trɪsəti,,n.电； 电流,托福
tentative,'tɛntətɪv,,a.试验性的； 不确定的， 暂定的； 犹豫的,托福
cosmos,'kɑzmos,,n.宇宙,托福
climate,ˈklaɪmɪt,,n.气候； 气候区， 地带； 风气， 氛围； 思潮,托福
staggering,'stæɡərɪŋ,,a.巨大的； 势不可挡的； 惊人的， 令人吃惊的,托福
crust,krʌst,,n.地壳； 外壳； 硬的表面； 面包片,托福
criticize,'krɪtə'saɪz,,v.批评； 吹毛求疵， 非难； 评论,托福
incredulous,ɪn'krɛdʒələs,,a.怀疑的， 不轻信的,托福
condole,kən'dəul,,vi.向…吊唁； 慰问,托福
grid,ɡrɪd,,n.格子， 栅格； 地图上的坐标方格， 网格； 输电网， 煤气输送网,托福
circumference,sɚ'kʌmfərəns,,n.周围， 周边； 圆周； 周长,托福
rage,redʒ,,v.猛烈地继续，激烈进行；发怒，怒斥；迅速蔓延，猖獗 n.风靡一时的事物， 时尚； 狂怒,托福
finalize,'faɪnəlaɪz,,vt.使完成； 把…最后定下来； 定稿,托福
hull,hʌl,,n.外壳；船身，船体 vt.给…去外壳,托福
preside,prɪ'zaɪd,,vi.担任主席； 主持； 掌管,托福
board,bɔrd,,v.登机， 上船； 搭伙， 寄宿 n.膳食费用；委员会，董事会；板，木板,托福
economic,"ˌikəˈnɑmɪk, ˌɛkəˈ-nɑmɪk",,a.经济的； 经济上的； 经济学的； 合算的,托福
stuff,stʌf,,n.原料，材料 vt.填满， 塞满； 让…吃饱,托福
offspring,'ɔfsprɪŋ,,n.子孙， 后代； 崽,托福
whim,wɪm,,n.一时的兴致， 冲动； 怪念头， 奇想,托福
arrest,ə'rɛst,,n&vt.逮捕， 拘留； 停止， 阻止； 吸引,托福
assortment,ə'sɔrtmənt,,n.分类； 各种各样,托福
section,'sɛkʃən,,n.部分； 地区； 部门； 段落， 章节； 截面， 剖面,托福
rumor,'rʊmɚ,,n.传闻， 谣言,托福
overflow,",ovɚ'flo",,v.泛滥， 溢出 n.溢出； 容纳不下的物,托福
provoke,prə'vok,,vt.挑动， 激怒， 挑衅； 引发， 引起,托福
enrich,ɪn'rɪtʃ,,vt.使充实； 使肥沃； 使富裕， 使富有,托福
strain,stren,,n.拉力，压力，张力；,托福
otherwise,'ʌðɚwaɪz,,ad.另样，用别的方法；在其他方面 conj.要不然， 否则,托福
marked,mɑrkt,,a.显著的； 有记号的； 被监视的,托福
pathological,'pæθə'lɑdʒɪkl,,a.病态的； 病理学的； 不理智的， 无道理的,托福
recital,rɪ'saɪtl,,n.音乐演奏会； 诗歌朗诵会； 赘述,托福
visible,'vɪzəbl,,a.看得见的， 明显的,托福
intrigue,'ɪn'triɡ,,v.密谋； 迷住 n.阴谋， 诡计,托福
tangle,'tæŋɡl,,v.缠结， 纠结 n.混乱；纠纷，不和,托福
orient,'orɪənt,,n.[O-]东方 vt.使适应； 确定方向， 定位,托福
recurring,rɪ'kɝɪŋ,,a.往复的， 反复的， 再次发生的,托福
tranquil,ˈtræŋkwəl,,a.安静的， 平静的,托福
pleasing,'plizɪŋ,,a.令人高兴的， 愉快的,托福
inner,'ɪnɚ,,a.内部的；内心的 n.内部； 内心,托福
voyage,'vɔɪɪdʒ,,n.旅行； 航程,托福
keen,kin,,a.灵敏的， 敏锐的； 热心的， 渴望的； 激烈的； 锋利的,托福
nutrition,nu'trɪʃən,,n.营养； 营养学,托福
absenteeism,",æbsən'tiɪzəm",,n.旷课； 旷工,托福
cereal,'sɪrɪəl,,n.谷物； 谷类食物,托福
gait,ɡet,,n.步法， 步态,托福
overhaul,'ovɚhɔl,,n.仔细检查； 彻底检修 vt.仔细检查； 彻底检修,托福
elementary,",ɛlɪ'mɛntri",,a.初级的， 基础的； 基本的； 简单的,托福
solemn,'sɑləm,,a.庄严的， 严肃的； 隆重的,托福
perceive,pɚ'siv,,vt.感知， 察觉； 理解,托福
embarrass,ɪm'bærəs,,vt.使尴尬， 使困窘； 使困惑,托福
politics,'pɑlətɪks,,n.政治； 政纲， 政见； 政治事务； 权术； 政治学,托福
acute,ə'kjut,,a.严重的； 极度的， 激烈的； 敏锐的,托福
stigma,'stɪɡmə,,n.污点， 耻辱； 烙印； 特征,托福
pathology,pə'θɑlədʒi,,n.反常， 变态； 病理学； 病状,托福
silica,'sɪlɪkə,,n.硅石， 硅土； 二氧化硅,托福
crucial,'krʊʃəl,,a.至关重要的， 决定性的,托福
contribute,kən'trɪbjut,,v.贡献， 捐赠； 有助于； 投稿,托福
remark,rɪ'mɑrk,,v.评论；谈论；察觉 n.评论， 评语； 注释,托福
microscope,'maɪkrəskop,,n.显微镜,托福
dissenter,di'sentə,,n.不同意者， 反对者,托福
strive,straɪv,,vi.奋斗， 努力； 力求,托福
candidate,"ˈkændɪˌdet, -dɪt",,n.候选人； 投考者,托福
fungus,'fʌŋɡəs,,n.真菌,托福
intelligible,ɪn'tɛlɪdʒəbl,,a.聪明的， 理智的； 易懂的， 易理解的,托福
along,ə'lɔŋ,,ad.向前；一起 prep.沿着,托福
parallel,'pærəlɛl,,a.平行的；相似的 n.相似处；,托福
cashier,kæ'ʃɪr,,n.收银员， 出纳员,托福
inert,ɪ'nɝt,,a.无活动的， 惰性的； 不活泼的， 迟钝的,托福
diet,'daɪət,,vi.节食 n.饮食，食物；规定饮食,托福
dissimulate,di'simjuleit,,v.掩盖， 掩饰， 假装,托福
enzyme,'ɛnzaɪm,,n.酶， 酵素,托福
soccer,'sɑkɚ,,n.足球,托福
breach,britʃ,,n.违背；破裂；缺口 vt.打破； 违反,托福
butter,'bʌtɚ,,n.黄油 vt.涂黄油于,托福
wit,wɪt,,n.智力， 才智； 风趣； 机智幽默的人,托福
respire,rɪ'spaɪɚ,,v.呼吸,托福
selective,sɪ'lɛktɪv,,a.选择的， 选择性的； 精挑细选的,托福
handful,"'hænd,fʊl",,n.一把； 少数人,托福
rebate,'ribet,,n.回扣， 折扣； 退还款,托福
stimulus,'stɪmjələs,,n.刺激（物）；促进因素,托福
systematize,'sɪstəmətaɪz,,vt.使系统化， 使条理化， 使成体系,托福
barter,'bɑrtɚ,,n&v.实物交易， 以物易物,托福
bewilder,bɪ'wɪldɚ,,vt.使迷惑， 使不知所措,托福
regiment,'rɛdʒɪmənt,,n.团；,托福
terminal,tɝ​mənl,,a.末端的 n.终点站；终点；航站楼,托福
kerosene,'kɛrəsin,,n.煤油， 火油,托福
diminish,dɪ'mɪnɪʃ,,v.降低， 贬低； 减少， 减弱,托福
surpass,sə'pæs,,vt.超过， 超越， 胜过,托福
linguist,'lɪŋgwɪst,,n.语言学家； 通晓数国语言的人,托福
oyster,'ɔɪstɚ,,n.牡蛎， 蚝,托福
aloof,ə'luf,,a.远离的； 冷淡的， 冷漠的,托福
idealize,aɪ'diə'laɪz,,vt.将…理想化,托福
gouge,ɡaʊdʒ,,vt.挖出；敲竹杠 n.凿子,托福
attention,ə'tɛnʃən,,n.注意， 留心； 立正,托福
succumb,sə'kʌm,,vi.屈服， 屈从； 死亡,托福
disproportionate,disprə'pɔ:ʃənət,,a.不成比例的,托福
extent,ɪk'stɛnt,,n.程度， 范围,托福
translucent,træns'lusnt,,a.半透明的,托福
magma,'mæɡmə,,n.岩浆,托福
fin,fɪn,,n.鳍； 鳍状物； 翼,托福
sauce,sɔs,,n.调味汁， 佐料,托福
husk,hʌsk,,n.外壳，外皮 vt.去壳， 削皮,托福
fix,fɪks,,v.修理；使固定，安装；安排；找到，确定 n.解决方法； 困境， 窘境,托福
colonial,kə'lonɪəl,,a.殖民的； 殖民国家的,托福
rank,ræŋk,,v.属于某等级， 归类 n.等级；头衔,托福
giant,'dʒaɪənt,,a.巨大的；超群的 n.巨大的动物； 才智超群的人,托福
perch,pɝtʃ,,v.栖息，停留；把…置于较高处；坐于 n.栖息处， 栖木； 高处， 较高的位置； 鲈鱼,托福
ablaze,ə'blez,,a.着火的， 燃烧的； 闪耀的； 情绪激动的,托福
grouse,ɡraʊs,,v.发牢骚，抱怨 n.松鸡； 怨言,托福
addition,ə'dɪʃən,,n.加， 加法； 添加， 增加,托福
overcharge,",ovɚ'tʃɑrdʒ",,v.讨价过高，索价过高；过量装填；渲染，夸张 n.过高的要价； 超载,托福
saucy,'sɔsi,,a.无礼的； 俏皮的； 漂亮的,托福
neglect,nɪ'glɛkt,,vt&n.忽略， 忽视； 疏忽,托福
cosmic,'kɑzmɪk,,a.宇宙的； 无限的,托福
gang,ɡæŋ,,vi.合伙 n.一帮，一伙；帮派,托福
vein,ven,,n.静脉； 叶脉； 纹理， 纹路； 方式， 风格,托福
carve,kɑrv,,v.雕刻； 切,托福
shrink,ʃrɪŋk,,v.收缩， 缩小； 退缩， 畏缩,托福
veil,vel,,n.面纱；遮蔽物 vt.以面纱掩盖； 掩饰,托福
ancestor,'ænsɛstɚ,,n.祖先， 祖宗； 原种； 原型,托福
hierarchy,'haɪərɑrki,,n.统治集团； 等级制度； 阶层,托福
league,lig,,n.联盟， 同盟； 等级， 级别,托福
textile,'tɛkstaɪl,,n.纺织品,托福
locality,lo'kæləti,,n.地点； 位置,托福
uncanny,ʌn'kæni,,a.神秘的； 易乎寻常的,托福
former,'fɔrmɚ,,a.从前的 n.前者,托福
panic,'pænɪk,,n&v.惊慌,托福
extend,ɪk'stɛnd,,v.延长， 延伸； 扩大…的范围； 舒展,托福
fold,fold,,n.褶，褶层；褶皱；褶痕，褶缝；羊栏，,托福
canyon,'kænjən,,n.峡谷,托福
impenetrable,ɪm'pɛnɪtrəbl,,a.不能穿透的； 不可理解的， 高深莫测的,托福
hurl,hɝl,,v.猛投； 大声斥责,托福
intermediate,",ɪntɚ'midɪət",,a.中间的；中级的 n.中间体， 媒介,托福
consideration,"kən,sɪdə'reʃən",,n.考虑， 思考； 体谅， 照顾； 考虑因素， 理由； 报酬,托福
frank,fræŋk,,a.坦白的， 直率的,托福
inscribe,ɪn'skraɪb,,v.写、 题、 铭刻； 铭记,托福
admire,ədˈmaɪr,,vt.钦佩， 仰慕； 欣赏,托福
virus,'vaɪrəs,,n.病毒； 病毒性疾病,托福
rape,rep,,vt&n.强奸； 肆意破坏,托福
metaphor,'mɛtəfɚ,,n.隐喻， 暗喻,托福
genre,'ʒɑnrə,,n.类型； 流派,托福
permanence,'pɝmənəns,,n.永久， 持久,托福
panel,'pænl,,n.面板，镶板；仪表盘；专门小组 vt.镶板,托福
humanity,hjʊ'mænəti,,n.人类； 人性； 人道， 仁慈,托福
outstanding,'aʊt'stændɪŋ,,a.优秀的， 杰出的， 出色的； 未解决的； 未偿付的,托福
adobe,'ədobɪ,,n.泥砖， 土坯,托福
alternate,ˈɔltɚˌnet;(for adj.)ˈɔ:ltərnət,,v.轮流， 交替 a.交替的， 轮流的； 间隔的,托福
unbridgeable,ʌn'brɪdʒəbl,,a.不能架桥的； 不能逾越的,托福
infuriate,ɪn'fjʊrɪet,,vt.激怒,托福
flu,flu,,n.流行性感冒,托福
plunge,plʌndʒ,,v.掉入；暴跌，突降 n.跳水； 猛跌， 骤降； 卷入,托福
skeptical,'skɛptɪkl,,a.怀疑的,托福
decipher,dɪ'saɪfɚ,,vt.破译,托福
burgeon,'bɝdʒən,,vi.迅速成长， 发展,托福
naive,naɪ'iv,,a.天真的， 率真的， 质朴的； 幼稚的， 无知的， 轻信的； 稚拙派的,托福
sewage,'sʊɪdʒ,,n.污水， 污物,托福
essential,ɪ'sɛnʃl,,a.基本的，本质的；极其重要的，必不可少的 n.要素， 实质； 必需品,托福
expenditure,ɪk'spɛndɪtʃɚ,,n.花费， 支出,托福
vent,vɛnt,,n.通风口；出口 vt.表达， 发泄,托福
clarify,'klærəfaɪ,,vt.澄清， 阐明,托福
furnace,'fɝnɪs,,n.火炉， 熔炉； 锅炉,托福
haunt,hɔnt,,vt.出没于；萦绕在心头；长期缠扰 n.常去的地方,托福
scarf,skɑrf,,n.围巾， 披巾， 头巾,托福
congenial,kən'dʒinɪəl,,a.情投意合的； 相宜的， 适宜的； 适当的， 合适的,托福
graphics,'græfɪks,,n.图形， 图像； 制图法， 制图学,托福
observe,əb'zɝv,,v.遵守， 奉行； 观察； 察觉， 看到； 评说， 评论,托福
meaningful,'minɪŋfl,,a.意味深长的； 有目的的， 有用意的； 有意义的,托福
furnish,'fɝnɪʃ,,vt.提供， 供应； 布置， 为…配备家具,托福
larynx,'lærɪŋks,,n.喉,托福
excavation,",ɛkskə'veʃən",,n.挖掘， 发掘； 出土文物； 挖掘现场,托福
rare,rɛr,,a.稀有的， 罕见的； 半熟的,托福
exclude,ɪk'sklʊd,,vt.把…排除在外,托福
amalgamation,"ə,mælgə'meʃən",,n.融合， 合并； 联合， 结合,托福
creativity,",krie'tɪvəti",,n.创造力， 创造性,托福
enlighten,ɪn'laɪtn,,vt.启发， 启迪； 开导； 阐明,托福
needy,'nidi,,a.贫穷的， 贫困的,托福
utmost,'ʌt'most,,a.最大限度的 n.最大限度； 最大量,托福
deduct,dɪ'dʌkt,,vt.扣除， 减去； 推论， 演绎,托福
image,'ɪmɪdʒ,,n.形象， 印象； 画像； 影像， 映像； 意象， 比喻,托福
voracious,və'reʃəs,,a.狼吞虎咽的， 贪婪的； 求知欲强的,托福
unpredictable,",ʌnprɪ'dɪktəbl",,a.不可预知的； 无法预言的,托福
topography,tə'pɑgrəfi,,n.地形学； 地形， 地貌,托福
ribbon,'rɪbən,,n.带状物； 丝带， 缎带； 绶带； 色带,托福
portray,pɔr'tre,,vt.描绘； 扮演， 饰演,托福
trance,træns,,n.恍惚； 昏睡状态,托福
scrub,skrʌb,,v.擦洗；取消 n.灌木丛； 丛林地带,托福
profound,prə'faʊnd,,a.巨大的， 深远的； 知识渊博的； 深奥的,托福
affirm,ə'fɝm,,v.断言， 坚持声称； 证实， 确认,托福
homogeneous,",homə'dʒinɪəs",,a.同类的， 相似的， 同质的,托福
marble,'mɑrbl,,n.大理石； 子弹,托福
waggle,'wæɡl,,v&n.摆动,托福
garb,ɡɑrb,,n.服装，装束 vt.穿着， 装扮,托福
necessity,nə'sɛsəti,,n.必需品； 必要， 需要； 必然性,托福
frame,frem,,n.框架；总的思想，体系 vt.设计， 构成； 给…镶框； 表达,托福
salon,sə'lɑn,,n.营业性的厅； 沙龙； 客厅， 会客厅,托福
vocal,'vokl,,a.声音的，嗓音的，发声的；直言不讳的,托福
origin,'ɔrɪdʒɪn,,n.起源，由来；,托福
plow,plaʊ,,v.耕田， 犁田， 耕作 n.犁,托福
clasp,klæsp,,n.搭扣，扣环；紧抱；紧握 vt.握紧； 抱紧； 扣住， 扣牢,托福
hover,'hʌvɚ,,vi.徘徊， 彷徨； 翱翔， 盘旋,托福
random,'rændəm,,a.随机的，任意的 n.随机， 随意,托福
personality,",pɝsə'næləti",,n.个性； 性格； 名人,托福
terminology,",tɝmə'nɑlədʒi",,n.专门用语， 术语； 术语学,托福
alert,ə'lɝt,,a.警觉的，警惕的 vt.警告，提醒 n.警戒； 警报,托福
rate,ret,,v.估价； 评级， 评价； 把…列为 n.率，比率；速度；价格；等级,托福
plot,plɑt,,n.情节；阴谋，密谋；,托福
sanction,'sæŋkʃən,,vt.同意，许可；惩罚，实施制裁 n.同意， 许可； 约束； 制裁,托福
mosaic,mo'zeɪk,,n.马赛克； 镶嵌工艺,托福
oak,ok,,n.橡树， 橡木,托福
prosperity,prɑ'spɛrəti,,n.繁荣， 兴旺,托福
proprietor,prə'praɪətɚ,,n.所有者， 业主,托福
contrary,'kɑntrɛri,,a.相反的，逆的 n.相反， 反面,托福
rehearse,rɪ'hɝs,,v.预演， 排练； 默诵； 照搬， 重复,托福
thwart,θwɔrt,,vt.阻碍； 使…受挫,托福
gamble,'ɡæmbl,,n&v.投机， 冒险； 赌博， 打赌,托福
pesticide,'pɛstɪsaɪd,,n.杀虫剂， 农药,托福
deport,dɪ'pɔrt,,vt.驱逐出境,托福
syrup,'sɪrəp,,n.糖浆,托福
counter,'kaʊntɚ,,ad.相反地 a.相反的 n.柜台；,托福
conserve,kən'sɝv,,vt.保存， 保藏,托福
Gothic,'gɑːθɪk,,a.哥特式的，哥特风格的 n.哥特式建筑,托福
rhythm,'rɪðəm,,n.节奏， 韵律,托福
rash,ræʃ,,a.鲁莽的，轻率的 n.疹， 皮疹； 一连串令人不快的事物,托福
pottery,'pɑtəri,,n.陶器； 陶器厂， 制陶作坊； 制陶工艺， 陶器制造术,托福
cylinder,'sɪlɪndɚ,,n.圆筒， 圆柱体； 气缸,托福
starch,stɑrtʃ,,n.淀粉；,托福
depose,dɪ'poz,,vt.革除， 罢免， 废黜,托福
correspondent,",kɔrə'spɑndənt",,n.报道者， 记者； 通信者,托福
fort,fɔrt,,n.要塞， 堡垒； 营地,托福
renew,rɪ'nʊ,,vt.使…续期； 重新开始； 重申； 修复,托福
assign,ə'saɪn,,vt.指派； 指定； 分配； 布置,托福
withdraw,wɪð'drɔ,,v.取消； 撤销； 提取； 撤退， 撤离,托福
decade,'dɛked,,n.十年， 十年期,托福
languish,'læŋɡwɪʃ,,vi.憔悴； 凋谢， 枯萎； 受煎熬,托福
melodic,mə'lɑdɪk,,a.旋律的， 曲调的； 音调优美的,托福
congress,'kɑŋɡrəs,,n.[C-] 议会， 国会； 大会,托福
welfare,'wɛl'fɛr,,n.福利； 安宁， 幸福,托福
divine,dɪ'vaɪn,,a.神的，神圣的；非凡的，超人的；极好的，,托福
abhor,əb'hɔr,,vt.憎恨， 厌恶,托福
legislative,'lɛdʒɪsletɪv,,a.立法的， 有立法权的； 根据法规执行的 n.立法机关,托福
flourish,ˈflɜːrɪʃ,,vi.繁荣， 茂盛； 挥舞， 挥动,托福
transcribe,træn'skraɪb,,vt.记录， 抄录； 转录； 改编,托福
foul,faʊl,,a.污秽的， 肮脏的； 充满脏话的， 辱骂性的； 邪恶的,托福
intricate,ˈɪntrəkət,,a.错综复杂的,托福
contemplate,'kɑntəmplet,,v.思量， 考虑， 思忖； 注视， 凝视； 打算,托福
rodent,'rodnt,,a.啮齿目的； 咬的 n.啮齿目动物,托福
context,'kɑntɛkst,,n.上下文； 背景； 环境,托福
drag,dræg,,v.拖动；缓慢而费力地移动；拖沓地进行，拖延 n.累赘， 障碍； 一吸， 一抽， 一饮,托福
zinc,zɪŋk,,n.锌,托福
advisory,əd'vaɪzəri,,a.顾问的，咨询的；劝告的 n.警报,托福
issue,'ɪʃu,,n.问题，争论点；发行；,托福
maturity,mə'tʃʊrəti,,n.成熟； 完备,托福
subsistence,səb'sɪstəns,,n.生存， 生计,托福
lower,'loɚ,,v.降低 a.较低的； 下级的， 下等的,托福
frail,frel,,a.体弱的， 虚弱的； 易碎的,托福
odd,ɑd,,a.单数的； 奇数的； 奇异的， 古怪的； 偶尔发生的,托福
announce,ə'naʊns,,vt.宣布； 通知； 声称， 宣称； 广播， 播音,托福
mechanize,'mɛkənaɪz,,vt.使机械化,托福
additive,'ædətɪv,,n.〔食品的〕添加剂，添加物,托福
decree,dɪ'kri,,v.判决； 颁布 n.政令，法令；裁定，判决,托福
traditional,trə'dɪʃənl,,a.传统的， 惯例的； 口传的， 传说的,托福
conservation,",kɑnsɚ'veʃən",,n.守恒； 保存； 保护,托福
malleable,'mælɪəbl,,a.有延展性的， 易成型的； 易受影响的， 可塑的,托福
supplement,'sʌplɪmənt,,n.补充， 增补； 增刊； 补遗， 附录 vt.补充， 增补,托福
well-heeled,'wel'hi:ld,,a.富有的， 有钱的,托福
contrast,'kɑntræst,,v.对比， 对照 n.对比， 对照,托福
brittle,'brɪtl,,a.易碎的； 脆弱的； 尖利的,托福
affinity,ə'fɪnəti,,n.密切关系； 吸引力； 喜爱,托福
mediate,'midɪet,,v.调解， 调停， 斡旋,托福
amplify,'æmplɪfaɪ,,vt.放大； 增强； 详述， 充实,托福
inflation,ɪn'fleʃən,,n.通货膨胀， 物价上涨； 膨胀,托福
disposal,dɪ'spozl,,n.清除， 外理， 处置； 变卖,托福
matrimony,'mætrɪmoni,,n.婚姻， 婚配,托福
recede,rɪ'sid,,vi.退， 后退； 渐渐远去； 逐渐减弱,托福
delegate,"ˈdɛləgɪt; (for v.,) ˈdɛləˌgeɪt",,n.代表 vt.委派…为代表， 授权,托福
literature,lɪtərəˌtʃʊr,,n.文学； 文学作品； 文献,托福
suffragist,'sʌfrədʒɪst,,n.妇女政权论者,托福
sphere,sfɪr,,n.球； 范围， 领域； 阶层,托福
digest,daɪ'dʒɛst,,v.消化， 吸收； 领悟 n.摘要， 概要,托福
melodious,mə'lodɪəs,,a.旋律优美的， 悦耳的,托福
ethnology,eθ'nɑːlədʒi,,n.民族学， 文化人类学,托福
ability,əˈbɪlətɪ,,n.能力， 才干,托福
veto,'vito,,n.否决权；禁止 vt.否决； 禁止,托福
delight,dɪ'laɪt,,v.愉快，高兴 n.快乐， 高兴； 令人高兴的事， 乐趣,托福
proficient,prə'fɪʃnt,,a.熟练的， 精通的,托福
continuum,kən'tɪnjuəm,,n.统一体,托福
draw,drɔ,,v.吸引，招引；画，描绘；拖，拉；引起，激起；拨出，抽出；提取，支取；推断出；打成平局 n.平局， 和局； 抽签,托福
contender,kən'tɛndɚ,,n.竞争者， 争夺者， 对手,托福
slender,'slɛndɚ,,a.细长的； 苗条的， 纤细的； 微薄的， 不足的,托福
terminus,'tɝmɪnəs,,n.终点站,托福
oral,'ɔrəl,,a.口头的， 口述的； 口腔的,托福
compensate,'kɑmpɛnset,,v.赔偿， 弥补,托福
conscious,'kɑnʃəs,,a.自觉的， 意识到的； 有知觉的， 有意识的； 有意的， 刻意的,托福
transaction,træn'zækʃən,,n.交易， 业务； 办理， 处理,托福
accomplishment,ə'kɑmplɪʃmənt,,n.成就； 完成； 才艺， 技艺,托福
pants,pænts,,n.内裤， 短裤； 裤子,托福
placid,'plæsɪd,,a.平静的， 安静的； 温和的， 文静的,托福
solitary,'sɑlətɛri,,a.孤独的； 单独的， 独自的； 单个的； 唯一的， 仅有的,托福
second,'sɛkənd,,a.第二的；次等的，二等的 v.赞成，附和 num.第二 n.秒；瞬间，片刻,托福
laudable,'lɔdəbl,,a.值得赞美的， 值得称赞的,托福
edge,ɛdʒ,,v.徐徐移动； 略为增加； 给…加边 n.边，边缘；刀口，刃；优势,托福
orchestra,'ɔrkɪstrə,,n.管弦乐队,托福
sufficient,səˈfɪʃənt,,a.足够的， 充分的,托福
glaze,ɡlez,,v.上釉； 给…装玻璃 n.釉料；糖浆,托福
claim,klem,,v&n.声称， 断言； 要求； 索赔,托福
widespread,ˈwʌɪdsprɛd,,a.分布广泛的， 普遍的,托福
antique,æn'tik,,n.古物，,托福
thaw,θɔ,,v.融化，解冻；化冻；变暖；变得友善 n.解冻时期； 缓和,托福
fasten,'fæsən,,v.使固定； 系牢， 扎牢； 握住， 抓牢,托福
toxic,'tɑksɪk,,a.有毒的； 中毒的,托福
contest,kən'tɛst,,vt.竞争； 争辩， 就…提出异议 n.竞赛； 辩论； 争夺,托福
asymmetrical,",esɪ'mɛtrɪkl",,a.不均匀的， 不对称的,托福
turmoil,'tɝmɔɪl,,n.骚动， 混乱； 焦虑,托福
clench,klɛntʃ,,v&n.握紧， 抓牢； 咬紧,托福
modernity,mə'dɝnəti,,n.现代性,托福
schematic,ski'mætɪk,,a.图解的； 纲要的； 严谨的,托福
rekindle,",ri'kɪndl",,vt.重新点燃； 使振作,托福
expansion,ɪk'spænʃən,,n.扩张； 膨胀,托福
wrench,rɛntʃ,,v.扭伤；猛拉，猛扭；使痛苦 n.扭伤； 痛苦， 难受； 扳手,托福
license,'laɪsns,,n.许可证，执照 vt.批准， 许可,托福
puff,pʌf,,v.喘气，喘息；喷出 n.吸； 一缕； 喘息,托福
expand,ɪk'spænd,,v.扩张； 膨胀； 伸展， 伸开,托福
squander,'skwɑndɚ,,vt.浪费， 挥霍,托福
synchronizer,'sɪŋkrənaɪzər,,n.同步装置,托福
perimeter,pə'rɪmɪtɚ,,n.周长； 外缘， 边缘,托福
essay,'ɛse,,n.散文， 随笔； 短文； 评论,托福
retrieve,rɪ'triv,,vt.取回， 索回； 挽回， 扭转颓势； 检索,托福
survey,ˈsɝˌve; (for v.) sɝˈve,,v.调查； 概述 n.调查； 概述,托福
malice,'mælɪs,,n.恶意， 怨恨,托福
postpone,po'spon,,v.延期， 推迟,托福
codify,'kɔdifai,,vt.把…编成法典， 使法律成文化； 整理， 系统化,托福
dorsal,'dɔrsl,,a.背部的， 背脊的,托福
code,kod,,vt.编纂；把…编码 n.法典， 法规； 密码， 代码,托福
potassium,pə'tæsɪəm,,n.钾,托福
displace,dɪs'ples,,vt.取代； 撤职； 迫使…离开家园,托福
hammer,'hæmɚ,,v.锤打 n.锤， 槌； 锤子,托福
ideology,",aidi'ɔlədʒi, ,idi-",,n.思想体系； 意识形态,托福
seal,sil,,vt.密封；确定，使成定局 n.海豹； 封铅， 封条； 印， 图章,托福
investigate,ɪn'vɛstɪɡet,,v.研究， 调查,托福
storage,'stɔrɪdʒ,,n.库房； 贮藏； 存储,托福
troposphere,'tropəsfɪr,,n.对流层,托福
swindle,swɪndl,,vt&n.诈骗， 骗取,托福
illusion,ɪ'luʒn,,n.幻觉， 错觉； 幻想中的事物,托福
productivity,",prodʌk'tɪvəti",,n.生产力， 生产率,托福
reserve,rɪ'zɝv,,n.储备；自然保护区；谨慎；替补队员；后备部队 vt.保留； 预订,托福
subsist,səb'sɪst,,vi.存活， 生存,托福
invertebrate,ɪn'vɝtɪbret,,a.无脊椎的 n.无脊椎动物,托福
dive,daɪv,,vi&n.跳水； 潜水,托福
sympathy,'sɪmpəθi,,n.同情， 同情心； 赞同， 支持,托福
rescue,'rɛskju,,vt&n.营救， 搭救,托福
brief,brif,,a.简短的，短暂的；简洁的,托福
recover,rɪ'kʌvɚ,,v.复原， 恢复； 重新获得； 收回,托福
influx,'ɪnflʌks,,n.注入， 涌入,托福
determine,dɪ'tɝmɪn,,v.查明， 确定； 决心， 决定； 支配， 影响,托福
devastate,'dɛvəstet,,vt.破坏， 毁坏； 令人震惊， 使难以承受,托福
embark,ɪm'bɑrk,,v.上船,托福
cousin,'kʌzn,,n.堂兄弟， 堂姐妹,托福
intelligent,ɪn'tɛlɪdʒənt,,a.有才智的， 聪明的,托福
confer,kən'fɝ,,v.授予； 协商， 商讨,托福
friction,'frɪkʃən,,n.摩擦； 摩擦力； 矛盾， 冲突,托福
walnut,'wɔlnət,,n.胡桃； 胡桃木,托福
incessantly,in'sesntli,,ad.不断地,托福
imagist,'ɪmɪdʒɪst,,a.意象派的 n.意象派诗人,托福
radiation,",redɪ'eʃən",,n.放射； 辐射； 放射物， 放射线； 辐射的热,托福
luxury,'lʌɡʒəri,,a.奢华的 n.奢侈， 奢华； 奢侈品,托福
diagonal,daɪ'æɡənl,,a.斜线的，,托福
knit,nɪt,,v.编结， 编织； 紧密结合， 使紧凑； 愈合； 皱紧， 皱,托福
aroma,ə'romə,,n.芳香， 香味； 气氛， 氛围,托福
subversive,sʌb'vɝsɪv,,a.颠覆性的，破坏性的 n.颠覆分子,托福
strategic,strə'tidʒɪk,,a.对全局有重要意义的， 关键的； 战略性的,托福
wholesome,'holsəm,,a.健康的， 有利健康的； 有道德的,托福
readily,'rɛdɪli,,ad.欣然地； 容易地,托福
convenience,kən'vinɪəns,,n.便利； 便利设施,托福
discipline,'dɪsəplɪn,,vt.训练；惩罚 n.纪律； 学科,托福
calculus,'kælkjələs,,n.微积分； 结石,托福
expedient,ɪk'spidɪənt,,a.得当的， 可取的 n.权宜之计，应急办法，临时手段,托福
emission,ɪ'mɪʃən,,n.散发物， 排放物； 发射， 排放,托福
ensconce,in'skɔns,,vt.使安顿， 安置， 使安坐,托福
freeze,friz,,v.结冰， 凝固,托福
inevitably,ɪn'ɛvɪtəbli,,ad.不可避免地， 必然地,托福
estimate,"'ɛstə,met",,v.评估， 估计； 估价 n.估计； 估价； 评价， 看法,托福
brand,brænd,,vt.铭刻；打烙印于；丑化，败坏名声 n.商标， 品牌； 类型； 烙印,托福
suspension,sə'spɛnʃən,,n.暂停； 暂缓， 推迟， 延期； 悬架； 悬浮液,托福
proposal,prə'pozl,,n.提议， 建议； 求婚,托福
vibrant,'vaɪbrənt,,a.振动的； 活泼的， 充满生气的,托福
insanity,ɪn'sænəti,,n.精神错乱， 疯狂,托福
recreation,",rɛkrɪ'eʃən",,n.娱乐， 消遣,托福
skyscraper,'skaɪ'skrepɚ,,n.摩天楼,托福
portable,'pɔrtəbl,,a.轻便的， 便携的， 手提式的,托福
ancient,ˈenʃənt,,a.古代的； 古老的,托福
antecede,",ænti'si:d",,vt.居先； 高于,托福
squirrel,ˈskwɜ:rəl; skwɝ​əl,,n.松鼠,托福
cognitive,'kɑɡnətɪv,,a.认识的； 认知的， 有感知的,托福
attorney,ə'tɝni,,n.辩护律师； 代理人,托福
adopt,ə'dɑpt,,v.采用； 收养， 领养； 正式通过， 批准,托福
expire,ɪk'spaɪɚ,,vi.到期， 期满， 失效； 断气， 去世,托福
viral,'vaɪrəl,,a.病毒的， 病毒引起的,托福
oppose,ə'poz,,v.反对， 对抗,托福
singular,'sɪŋɡjəlɚ,,a.单数的； 突出的， 卓越的； 异常的,托福
device,dɪ'vaɪs,,n.装置， 设备； 手法， 策略,托福
evaporation,"ɪ,væpə'reʃən",,n.蒸发； 消失， 不存在,托福
commentary,'kɑməntɛri,,n.评论， 注释； 实况报道， 现场解说,托福
homosexuality,",homəsɛkʃʊ'æləti",,n.同性恋； 同性恋行为,托福
minus,'maɪnəs,,a.减的，负的 prep.减 n.负数；减号；不足,托福
conservative,kən'sɝvətɪv,,a.保守的，守旧的；不时新的，传统的 n.保守派,托福
skeletal,'skɛlətl,,a.骨骼的， 骸骨的； 梗概的； 轮廓的,托福
seep,sip,,v.漏出， 渗漏,托福
unsubstantiated,",ʌnsəb'stænʃɪetɪd",,a.未经证实的， 无事实根据的,托福
cabin,'kæbɪn,,n.小屋； 机舱， 船舱,托福
seem,sim,,v.好像， 似乎,托福
apprenticeship,ə'prɛntɪʃɪp,,n.学徒的身份； 学徒的年限,托福
disturb,dɪ'stɝb,,vt.打扰； 搅乱， 弄乱； 使烦恼， 使不安,托福
persist,pɚ'sɪst,,vi.坚持； 持续,托福
pump,pʌmp,,n.泵 vt.抽,托福
pierce,pɪrs,,v.刺穿， 刺破； 穿孔， 打眼,托福
calendar,'kæləndɚ,,n.日历， 挂历， 月历； 日程表,托福
patriarch,'petrɪɑrk,,n.家长， 族长,托福
intern,'ɪntɝn,,n.实习生 vt.拘禁， 软禁,托福
sensual,'sɛnʃuəl,,a.感觉的， 感官的； 肉欲的； 耽于感官享受的,托福
righteous,'raɪtʃəs,,a.正直的， 公正的； 正义的， 正当的,托福
speculate,'spɛkjə'let,,v.推测； 深思， 沉思； 投机， 做投机买卖,托福
closet,'klɑzət,,a.隐蔽的； 私下的， 秘密的 vt.把…关在房间里 n.橱，壁橱,托福
heed,hid,,n&v.注意， 留心,托福
adorn,ə'dɔrn,,vt.装饰， 装扮,托福
monster,'mɑnstɚ,,a.巨大的， 庞大的 n.怪物；庞然大物；恶魔,托福
cement,sə'mɛnt,,n.水泥；胶合剂 vt.巩固； 使团结,托福
subway,'sʌbwe,,n.地铁,托福
scourge,skɝdʒ,,vt.鞭笞；使受苦，折磨 n.鞭子； 祸害； 鞭笞,托福
acquaint,ə'kwent,,vt.使认识； 使熟悉,托福
atrophy,'ætrəfi,,n.萎缩,托福
pulp,pʌlp,,vt.使成浆状 n.纸浆； 浆状物,托福
undergraduate,",ʌndɚ'ɡrædʒuət",,n.大学肄业生； 大学本科生,托福
antibiotic,",æntɪbaɪ'ɑtɪk; ˌæntaɪ-",,a.抗菌的,托福
joint,dʒɔɪnt,,a.连接的； 共同的， 共有的， 联合的 n.关节，骨节；接头，接合处,托福
separate,(for v.) sɛpəˌret; (for adj.) sɛprɪt,,v.分离； 划分； 区别； 分居 a.分离的； 个别的,托福
reasonable,'riznəbl,,a.合理的， 适当的； 通情达理的； 公道的,托福
endangered,ɪn'dendʒɚd,,a.濒危的， 将要灭绝的,托福
haphazard,'hæphæzəd,,a.偶然的， 任意的； 无计划的， 无秩序的,托福
wick,wɪk,,n.蜡烛芯； 灯芯,托福
biannual,baɪ'ænjuəl,,a.一年两次的,托福
elicit,ɪ'lɪsɪt,,vt.得出， 引出； 诱出,托福
relegate,'rɛlɪɡet,,vt.使贬职， 使降级； 放逐， 贬谪,托福
ambiguity,",æmbɪ'ɡjuəti",,n.模棱两可的话； 歧义,托福
trivial,'trɪvɪəl,,a.琐碎的， 微不足道的,托福
awareness,ə'wɛrnəs,,n.知道， 意识， 察觉,托福
postcard,'post'kɑrd,,n.明信片,托福
longevity,lɔn'dʒɛvəti,,n.长寿； 寿命,托福
military,'mɪlətɛri,,a.军事的 n.[the ～]军队， 军方,托福
reluctant,rɪ'lʌktənt,,a.不情愿的， 勉强的,托福
conscientious,'kɑnʃɪ'ɛnʃəs,,a.凭良心的； 认真谨慎的， 一丝不苟的,托福
coil,kɔɪl,,v.盘绕，卷 n.卷； 线圈,托福
authoritative,ə'θɔrətetɪv,,a.官方的； 权威性的， 可信的； 专断的， 命令式的,托福
ensure,ɪn'ʃʊr,,vt.确保， 担保， 保证,托福
organism,'ɔrɡənɪzəm,,n.生物， 有机物； 有机体,托福
epidemic,",ɛpɪ'dɛmɪk",,a.流行性的， 传染性的 n.流行；流行病,托福
suppose,sə'poz,,v.假设， 推测； 认为， 料想； 要不,托福
scruple,'skrupl,,n&vi.踌躇， 顾忌， 顾虑,托福
remarkable,rɪ'mɑrkəbl,,a.显著的， 值得注意的； 非凡的,托福
flavor,'flevɚ,,n.风味，滋味；调味品 vt.给…调味,托福
recess,'risɛs,,n.休会期；休庭；暂停；凹室，,托福
extract,'ɛkstrækt,,vt.取出； 提取， 榨取 n.提出物； 摘录， 选段； 精， 汁,托福
outspoken,aʊt'spokən,,a.直言不讳的， 坦率的,托福
obscure,əb'skjʊr,,a.暗的，模糊的，朦胧的；费解的，晦涩的；不著名的，不重要的 vt.使变模糊； 使费解,托福
noxious,'nɑkʃəs,,a.有害的； 有毒的,托福
bolster,'bolstɚ,,vt.支持；改善 n.垫子， 枕垫,托福
region,'ridʒən,,n.层； 地区， 区域； 范围,托福
deceive,dɪ'siv,,v.欺骗,托福
ingenious,ɪn'dʒinɪəs,,a.巧妙的； 聪明的， 机敏的； 善于创造发明的； 设计独特的， 别致的,托福
questionnaire,ˌkwɛstʃənˈɛr,,n.问卷， 调查表,托福
breakthrough,'brek'θrʊ,,n.突破， 重大进展,托福
snack,snæk,,n.快餐， 小吃， 点心,托福
amphibious,æm'fɪbɪəs,,a.两栖的； 水陆两用的,托福
imprint,'ɪmprɪnt,,vt.使铭记， 使牢记； 压印 n.印记， 印痕； 持久的影响,托福
destination,",dɛstɪ'neʃən",,n.目的地， 终点,托福
yoke,jok,,n.裤腰；牛轭；奴役，束缚 vt.使结合， 连接,托福
vertical,'vɝtɪkl,,a.垂直的，竖直的 n.垂直线,托福
reciprocal,rɪ'sɪprəkl,,a.相互的；互惠的；相应的；,托福
perpetuate,pɚ'pɛtʃuet,,vt.使永存， 使持续,托福
pure,pjʊr,,a.纯洁的； 纯净的； 完全的； 纯理论的， 抽象的,托福
damp,dæmp,,a.潮湿的 n.潮湿；湿气 vt.弄湿； 减弱， 抑制,托福
emphasize,'ɛmfəsaɪz,,vt.强调， 着重,托福
brighten,'braɪtn,,v.更明亮； 快活起来； 有希望,托福
ore,ɔr,,n.矿； 矿物， 矿石,托福
slight,slaɪt,,a.轻微的，微小的 v.侮慢；轻视，冷落,托福
previous,'privɪəs,,a.先前的， 在前的,托福
argue,'ɑrgjʊ,,v.争论， 辩论； 主张， 论证； 说服， 劝说,托福
concomitant,kən'kɑmətənt,,a.伴随的 n.伴随物,托福
cumbersome,'kʌmbəsəm,,a.笨重的； 麻烦的； 累赘的， 冗长的,托福
belie,bɪ'laɪ,,vt.给人以错觉； 掩饰； 证明…不正确,托福
premature,",primə'tʃʊr",,a.早熟的；过早的；不成熟的，仓促的 n.早产儿,托福
superior,sʊˈpɪrɪɚ,,a.较高的；更好的；有优越感的，高傲的；超群的 n.上级， 长官,托福
choir,'kwaɪɚ,,vi.合唱 n.唱诗班，合唱队,托福
compensation,",kɑmpɛn'seʃən",,n.补偿， 赔偿； 赔偿金,托福
accessory,ək'sɛsəri,,a.辅助的 n.附件，零件；配饰；从犯，同谋,托福
ecosystem,"'ɛko,sɪstəm",,n.生态系统,托福
seminar,'sɛmɪnɑr,,n.研讨会； 研讨班,托福
pupil,pjupl,,n.小学生； 瞳孔,托福
naturalist,'nætʃrəlɪst,,n.自然主义者； 博物学家,托福
venom,'vɛnəm,,n.毒液； 恶意， 怨恨,托福
hazard,'hæzɚd,,n.危险；风险 vt.尝试着做； 冒…风险， 使处于危险,托福
melodrama,'mɛlədrɑmə,,n.情节剧， 通俗剧； 戏剧性的事件,托福
vegetative,'vɛdʒə'tetɪv,,a.植物的； 有生长力的,托福
proof,pruf,,a.耐…的， 防…的 n.证据，证明；证词；检验，证实；校样,托福
militant,'mɪlɪtənt,,a.好战的，好暴力的 n.激进分子,托福
phase,fez,,n.相位，月相；阶段，时期 vt.分阶段实行， 逐步做,托福
dilute,daɪ'l(j)ut,,a.冲淡的，稀释的 vt.冲淡， 稀释； 淡化， 削弱,托福
method,'mɛθəd,,n.方法， 办法， 措施； 秩序,托福
contract,'kɑntrækt,,v.订合同； 收缩； 感染， 染上 n.合同， 契约,托福
scroll,skrol,,n.卷轴； 纸卷， 画卷； 名册,托福
sluggish,'slʌɡɪʃ,,a.行动迟缓的； 不活泼的； 无精打采的， 怠惰的,托福
yolk,jok,,n.蛋黄， 卵黄,托福
vascular,'væskjəlɚ,,a.血管的， 脉管的,托福
susceptible,sə'sɛptəbl,,a.易受感染的； 易受影响的； 过敏的； 感情丰富的； 能经受…的， 容许…的,托福
innovative,'ɪnəvetɪv,,a.革新的， 创新的； 富有革新精神的,托福
insight,'ɪn'saɪt,,n.洞察力； 领悟,托福
quiescent,kwɪ'ɛsnt,,a.静止的， 寂静的； 静态的,托福
assail,ə'sel,,vt.抨击， 指责； 猛攻； 困扰,托福
fabric,'fæbrɪk,,n.布料， 织品； 构造， 结构,托福
exact,ɪɡ'zækt,,a.精确的，准确的；严谨的，严格的；,托福
centigrade,'sɛntɪɡred,,a.百分度的； 摄氏温度的,托福
cerebral,sə'ribrəl,,a.大脑的； 理智的,托福
mural,'mjʊrəl,,a.墙壁的； 在墙上的 n.壁画，壁饰,托福
periodic,",pɪrɪ'ɑdɪk",,a.周期的， 定期的,托福
seismology,saɪz'mɑlədʒi,,n.地震学,托福
slander,'slændɚ,,n.诽谤，中伤，诋毁 vt.诽谤， 诋毁,托福
gem,dʒɛm,,n.宝石， 珍品； 美丽绝伦的事物,托福
sedentary,'sɛdntɛri,,a.久坐的， 固定不动的； 土生的， 不迁徙的； 沉积的,托福
capacity,kə'pæsəti,,n.能力； 容量； 职责， 职位； 生产力,托福
hemp,hɛmp,,n.大麻； 由大麻制成的麻醉药,托福
saturate,'sætʃərɪt,,vt.使湿透； 使饱和,托福
counterfeit,'kaʊntɚ'fɪt,,a.伪造的，假冒的 n.赝品 vt.伪造， 仿造,托福
course,kɔrs,,n.课程， 教程； 过程， 进程； 路线； 一道菜,托福
barber,'bɑrbɚ,,v.为…理发； 当理发师 n.理发师,托福
precise,prɪ'saɪs,,a.准确的， 精确的； 严谨的,托福
sensible,'sɛnsəbl,,a.可察觉的， 可感知的； 明智的； 切合实际的； 意识到的,托福
precious,'prɛʃəs,,a.贵重的； 珍爱的,托福
suspect,sʌspɛkt; (for v.) səˈspɛkt,,v.怀疑， 猜想 a.可疑的；不信任的 n.嫌疑犯， 可疑分子,托福
apologize,ə'pɑlədʒaɪz,,vi.道歉， 认错； 辩解,托福
mingle,'mɪŋɡl,,v.混合； 交往,托福
braid,bred,,n.穗带，饰带；发辫 vt.编织； 编成辫子,托福
unravel,ʌn'rævl,,v.澄清； 解体， 瓦解； 解开,托福
edible,'ɛdəbl,,a.可食用的,托福
chorus,'kɔrəs,,n.合唱曲；合唱队；副歌，叠句；齐声，,托福
prone,pron,,a.平卧的， 俯卧的； 易于做…的， 倾向于…的,托福
asset,'æsɛt,,n.资产， 财产； 有价值的人； 长处， 优点,托福
exposition,",ɛkspə'zɪʃən",,n.展览会， 博览会； 阐释,托福
minimum,'mɪnɪməm,,a.最小的，最低的 n.最小值， 最低限度,托福
date,det,,n.日期，日子；时期，年代；约会；,托福
reveal,rɪ'vil,,vt.暴露， 揭露； 展现,托福
depot,'dipo,,n.库房， 仓库； 公共汽车站， 火车站,托福
theoretical,",θiə'rɛtɪkəl",,a.不切实际的； 理论的,托福
owl,aʊl,,n.猫头鹰,托福
sound,saʊnd,,a.可靠的；健康的，完好无损的；合理的 v.似乎； 测量…的深度,托福
harbor,'hɑrbɚ,,vt.窝藏；藏有 n.港口,托福
vibrate,vaɪ'breɪt,,v.颤动， 振动,托福
hospitable,hɑ'spɪtəbl,,a.宜人的； 好客的， 殷勤的； 开通的,托福
multiplicative,'mʌltɪplɪketɪv,,a.倍增的； 乘法的,托福
impetus,'ɪmpɪtəs,,n.促进， 推动； 刺激； 推动力,托福
healing,'hilɪŋ,,a.有治疗功用的 n.康复， 治疗； 复原,托福
realistic,",riə'lɪstɪk",,a.现实的； 逼真的,托福
revitalize,",ri'vaɪtəlaɪz",,vt.使恢复生机， 使再生； 使更强壮,托福
barrier,'bærɪɚ,,n.屏障， 障碍物； 检票口； 障碍， 阻力； 隔阂,托福
caribou,'kærɪbu,,n.北美驯鹿,托福
simmer,'sɪmɚ,,vi.充满；煨，炖 n.煨， 炖,托福
eviscerate,ɪ'vɪsəret,,vt.取出内脏； 除去主要部分,托福
resource,'risɔrs,,n.资源〔指土地、矿产等〕 v.向…提供资源,托福
brace,bres,,vt.绷紧肌肉；使顶住；使防备；加强，加固 n.支架， 托架,托福
brisk,brɪsk,,a.清新的； 敏捷的， 活泼的,托福
nightmare,'naɪt'mɛr,,n.噩梦； 无法摆脱的恐惧； 可怕的事,托福
prolonged,pro'lɔŋd,,a.长期的， 持久的,托福
prestige,prɛ'stidʒ,,n.威望； 声望,托福
spontaneity,",spɑntə'neəti",,n.自发性； 自发行为,托福
core,kɔr,,n.地核；果心，核心；要点，精髓 vt.去掉…的中心部分,托福
famish,'fæmɪʃ,,v.饥饿,托福
fraud,frɔd,,n.骗子， 冒名顶替者； 冒牌货； 欺骗,托福
council,'kaʊnsl,,n.委员会； 地方议会,托福
igneous,'ɪgnɪəs,,a.火的， 似火的； 火成的， 火成岩的,托福
dazzling,'dæzliŋ,,a.令人眼花缭乱的， 耀眼的,托福
rectangle,'rɛktæŋɡl,,n.长方形， 矩形,托福
rotational,ro'teʃənl,,a.旋转的； 轮流的,托福
quash,kwɑʃ,,vt.撤销， 废止； 镇压； 平息,托福
sprawl,sprɔl,,vi.伸开四肢坐；扩展，蔓延 n.扩展， 蔓延； 蔓延物,托福
concrete,'kɑŋkrit,,a.混凝土制的；具体的；确凿的 n.混凝土,托福
rustproof,'rʌstpruf,,a.不锈的,托福
shrimp,ʃrɪmp,,n.小虾,托福
abridge,ə'brɪdʒ,,vt.缩短， 删节， 节略， 精简,托福
penalty,'pɛnəlti,,n.处罚， 惩罚； 罚金； 犯规的处罚,托福
scale,skel,,n.鳞；规模；比例；刻度；【音】音阶；等级，级别 vt.攀登,托福
vegetation,'vɛdʒə'teʃən,,n.植物； 植被,托福
gin,dʒɪn,,n.杜松子酒；弹棉机，,托福
engaging,ɪn'ɡedʒɪŋ,,a.迷人的,托福
contributor,kən'trɪbjətɚ,,n.投稿者； 贡献者， 捐助者； 促成物,托福
subdivide,'sʌbdɪvaɪd,,v.再分， 细分,托福
nosy,'nozi,,a.爱管闲事的， 好打听的,托福
salient,'selɪənt,,a.显著的， 突出的,托福
buck,bʌk,,v.猛然弓背跃起；猛然震荡；抵制，反抗 n.美元； 雄鹿,托福
iceberg,'aɪs'bɝg,,n.冰山； 冷冰冰的人,托福
station,ˈsteɪʃən,,n.所；站；台；岗位；身份，地位 vt.安置； 派驻， 驻扎,托福
feeble,'fibl,,a.虚弱的， 衰弱的， 无力的,托福
herb,ɝb,,n.药草， 香草； 草本植物,托福
herd,hɝd,,v.放牧； 成群， 聚集 n.牧群，兽群；人群，芸芸众生,托福
limb,lɪm,,n.肢， 臂； 主枝,托福
prose,proz,,n.散文,托福
inverse,",ɪn'vɝs",,a.相反的，反向的 n.反面； 倒数,托福
cognition,kɑɡ'nɪʃən,,n.感知， 认知， 认识,托福
confidence,'kɑnfɪdəns,,n.信任； 信心,托福
cuisine,kwɪ'zin,,n.烹饪； 烹调法， 烹调风格,托福
arbitrary,ˈɑːrbətreri,,a.任意的； 专制的， 专断的,托福
intent,ɪn'tɛnt,,a.专心的， 专注的； 急切的 n.意图，目的,托福
readability,ˌriːdə'bɪləti,,n.可读性,托福
interrogate,ɪn'tɛrəɡet,,vt.审问， 讯问， 盘问,托福
astute,ə'stut,,a.机敏的， 精明的,托福
challenge,'tʃælɪndʒ,,n.挑战；艰巨任务，难题；质疑，质问 vt.向…挑战； 公然反抗； 对…质疑,托福
dignity,'dɪɡnəti,,n.尊严， 庄严； 高贵， 尊贵； 自尊， 自重,托福
unearth,ʌn'ɝθ,,vt.掘出， 发掘； 揭露,托福
emit,ɪ'mɪt,,vt.发出； 放射； 排放,托福
snap,snæp,,v.猛咬；折断，断裂；打开，关上；呵斥，厉声说；拍照 a.仓促的， 匆忙的 n.啪嗒声；照片,托福
sleigh,sle,,n.雪橇,托福
govern,'ɡʌvɚn,,v.统治， 治理， 管理； 决定， 支配； 控制， 影响,托福
numerous,'numərəs,,a.许多的； 无数的,托福
seismic,'saɪzmɪk,,a.地震的， 地震引起的； 影响深远的， 重大的,托福
resemble,rɪ'zɛmbl,,vt.与…相似， 像,托福
remote,rɪ'mot,,a.偏僻的， 偏远的； 久远的； 远程的； 关系远的； 微乎其微的； 冷漠的,托福
cafeteria,",kæfə'tɪrɪə",,n.自助餐厅， 自助食堂,托福
rupture,'rʌptʃɚ,,v.破裂； 决裂， 断绝,托福
afflict,ə'flɪkt,,vt.使苦恼， 折磨,托福
fluctuate,'flʌktʃʊ'et,,v.波动； 变化,托福
calculate,'kælkjulet,,v.计算， 核算； 估计， 推测； 计划， 打算,托福
rancorous,'ræŋkərəs,,a.怨恨的， 满怀恶意的,托福
persistent,pə'zɪstənt,,a.坚持的， 百折不挠的； 持续的,托福
authorize,'ɔθəraɪz,,vt.授权； 批准， 许可,托福
trauma,'traʊmə,,n.精神创伤； 外伤； 痛苦经历,托福
groom,ɡrum,,v.刷洗；梳理毛发；培养，,托福
audience,'ɔdɪəns,,n.听众； 观众； 读者,托福
possess,pə'zɛs,,vt.具有， 拥有,托福
dedication,",dɛdɪ'keʃən",,n.献身， 奉献； 献词； 奉献仪式,托福
neutral,'nʊtrəl,,a.中性的； 中立的,托福
optional,'ɑpʃənl,,a.可以任选的， 非强制的,托福
analysis,ə'næləsɪs,,n.分析； 分析报告； 分解,托福
devise,dɪ'vaɪz,,vt.设计； 发明； 想出； 策划， 图谋,托福
apparent,ə'pærənt,,a.显然的， 明显的； 表面上的， 貌似的,托福
journalism,'dʒɝnl'ɪzəm,,n.新闻业， 新闻工作,托福
chronical,'krɑːnɪkl,,a.慢性的， 延续很长的,托福
exposure,ɪk'spoʒɚ,,n.暴露， 显露； 揭露； 曝光； 面临， 遭受,托福
evacuate,ɪ'vækjuet,,v.疏散， 撤离； 排空,托福
clutch,klʌtʃ,,v.企图抓住， 抓紧 n.一次所孵的卵；离合器；掌握，控制；把握，抓紧,托福
dawn,dɔn,,n.破晓， 黎明； 开始， 发端,托福
humble,'hʌmbl,,a.谦卑的；卑贱的；简陋的，低劣的 vt.降低， 贬抑,托福
commodity,kə'mɑdəti,,n.商品； 日用品,托福
independent,'ɪndɪ'pɛndənt,,a.独立的， 自主的； 自立的； 不相干的， 不受影响的； 无偏见的， 中立的； 私立的； 有主见的； 无党派的,托福
glossy,'ɡlɑsi,,a.光滑的； 光彩夺目的； 浮华的,托福
blur,blɝ,,v.变模糊，难以区分；玷污 n.模糊形状； 模糊的记忆； 污点,托福
plausible,'plɔzəbl,,a.似有道理的， 似乎正确的,托福
cider,'saɪdɚ,,n.苹果酒； 苹果汁,托福
hearsay,'hɪrse,,n.谣言， 传闻， 道听途说,托福
mundane,mʌn'den,,a.世俗的； 平凡的,托福
alkali,'ælkə'lai,,n.碱,托福
colonization,",kɑlənɪ'zeʃən",,n.殖民地化,托福
fortuitous,fɔr'tuɪtəs,,a.偶然的， 意外的,托福
equator,ɪ'kwetɚ,,n.赤道,托福
sexism,'sɛk'sɪzəm,,n.性别歧视,托福
incapacitate,",ɪnkə'pæsɪtet",,vt.使无资格； 使失去能力； 使不胜任,托福
deceitful,dɪ'sitfl,,a.欺诈的， 惯于欺骗的， 不诚实的,托福
audition,ɔ'dɪʃən,,n.旁听； 试演,托福
editorial,",ɛdɪ'tɔrɪəl",,a.社论的； 编辑的 n.社论，重要评论,托福
sharpen,'ʃɑrpən,,v.削尖， 磨快； 使敏锐； 变得清晰,托福
sedimentary,",sɛdɪ'mɛntri",,a.沉积的， 沉淀性的,托福
committee,kə'mɪti,,n.委员会,托福
kernel,'kɝnl,,n.仁； 粒； 核心， 要点,托福
stingy,'stɪndʒi,,a.吝啬的， 小气的,托福
excavate,'ɛkskə'vet,,vt.挖掘； 掘出,托福
wipe,waɪp,,v&n.擦， 揩， 抹,托福
subtle,'sʌtl,,a.细微的， 微妙的； 精巧的， 巧妙的； 狡猾的； 敏锐的,托福
foliage,'folɪɪdʒ,,n.叶,托福
photograph,'fotəɡræf,,v.拍照 n.照片,托福
component,kəm'ponənt,,a.组成的， 构成的 n.成分，组成部分,托福
suite,sut; swit,,n.套， 组； 套房,托福
overwhelm,ovɚˈhwɛlm,,vt.淹没， 漫过； 压倒， 击败， 制服； 使难以忍受； 使应接不暇,托福
morgue,mɔrɡ,,n.停尸房， 太平间,托福
unprecedented,ʌn'prɛsɪdɛntɪd,,a.空前的,托福
pocketbook,'pɔkitbuk,,n.钱袋， 皮夹； 财政状况， 财力,托福
charcoal,'tʃɑrkol,,n.木炭,托福
disguise,dɪs'ɡaɪz,,vt&n.掩饰； 伪装， 假装,托福
imperial,ɪm'pɪrɪəl,,a.帝国的， 帝王的； 至尊的； 专横的,托福
wrap,ræp,,vt.包，裹 n.披肩， 围巾； 包装材料,托福
prehistoric,",prihɪ'stɔrɪk",,a.史前的； 陈旧的,托福
facet,'fæsɪt,,n.小平面； 方面,托福
novel,ˈnɑːvl,,a.新颖的 n.小说,托福
tedium,'tidɪəm,,n.单调， 乏味,托福
liberal,'lɪbərəl,,a.自由的， 开明的； 慷慨的； 不严格的； 人文的,托福
standard,'stændɚd,,a.标准的 n.标准，准则,托福
harmony,'hɑrməni,,n.和声； 和谐， 融洽， 协调； 相符， 一致,托福
genial,'dʒinɪəl,,a.亲切的， 和蔼的； 温和的， 温暖的,托福
epitome,ɪ'pɪtəmi,,n.摘要， 梗概； 典型， 典范,托福
sharply,'ʃɑrpli,,ad.急剧地； 猛烈地； 尖刻地； 鲜明地,托福
afoul,ə'faʊl,,ad.相抵触， 有冲突,托福
chill,tʃɪl,,a.寒冷的 v.变冷， 冷却 n.寒冷，寒意,托福
dominate,'dɑmɪnet,,v.支配， 统治； 控制； 盛行,托福
imitate,'ɪmɪtet,,vt.模仿， 效仿； 仿制， 仿造,托福
compute,kəm'pjʊt,,v.计算， 估算,托福
pastel,pæ'stɛl,,a.彩色蜡笔的；柔和的 n.彩色蜡笔,托福
homestead,'homstɛd,,n.家宅， 农庄； 宅地,托福
middleman,'mɪdl'mæn,,n.中间人， 调解人； 经纪人,托福
exceed,ɪk'sid,,v.超过， 超出,托福
avert,ə'vɝt,,vt.避免， 规避； 转移,托福
conversation,",kɑnvɚ'seʃən",,n.交谈， 会话,托福
monarchy,'mɑnɚki,,n.君主制； 君主国,托福
manifestation,'mænəfɛ'steʃən,,n.显示，表明；,托福
vicious,'vɪʃəs,,a.危险的， 罪恶的； 残酷的， 凶残的； 恶性的,托福
lace,les,,v.用带子束紧 n.蕾丝；缎带；鞋带，系带,托福
invitation,ˌɪnvɪˈteɪʃn,,n.邀请； 请柬； 吸引， 诱惑,托福
lithosphere,'lɪθəsfɪr,,n.岩石圈,托福
enormous,ɪ'nɔrməs,,a.巨大的， 极大的,托福
revival,rɪ'vaɪvl,,n.复兴， 再流行； 复苏； 苏醒， 复活； 重演,托福
moisture,'mɔɪstʃɚ,,n.潮湿， 湿气,托福
sloth,sloθ,,n.树懒； 懒散， 怠惰,托福
lack,læk,,n&vt.缺乏， 不足,托福
external,ɪk'stɝnl,,a.外部的， 外面的； 外来的； 对外的,托福
circumstance,ˈsɝ​kəmˌstəns,,n.环境， 条件； 境况， 经济状况,托福
revise,rɪ'vaɪz,,vt.修订， 修改； 复习,托福
authority,ə'θɔrəti,,n.权力，管辖权；,托福
paramount,'pærəmaʊnt,,a.至为重要的； 最高权力的， 至尊的,托福
emerald,'ɛmərəld,,n.祖母绿， 绿宝石； 翡翠绿,托福
legislature,'lɛdʒɪsletʃɚ,,n.立法机关， 立法团体,托福
sociable,'soʃəbl,,a.好交际的， 合群的； 友善的， 友好的,托福
exhilarating,ɪɡ'zɪləretɪŋ,,a.令人高兴的， 使人兴奋的,托福
Saturn,'sætɝn,,n.土星,托福
avenge,ə'vɛndʒ,,vt.复仇， 报仇； 向…报仇,托福
obsolete,ɑbsəˌlit,,a.过时的； 废弃的,托福
instrument,'ɪnstrəmənt,,n.仪器， 器械， 工具； 乐器,托福
medium,'midɪəm,,a.〔大小、水平或数量〕中等的；中号的 n.传播媒介〔如报纸、电视等〕 n.灵媒，巫师，通灵的人,托福
gasoline,'gæsəlin,,n.汽油,托福
interface,'ɪntɚ'fes,,n.界面， 分界面； 接口,托福
sculpt,skʌlpt,,vt.雕刻,托福
lipid,lɪpɪd,,n.脂质， 类脂,托福
fatal,'fetl,,a.致命的； 毁灭性的； 命中注定的,托福
hormone,'hɔrmon,,n.激素， 荷尔蒙,托福
psychology,saɪ'kɑlədʒi,,n.心理学； 心理， 心理特征,托福
outgas,aʊt'gæs,,vt.除去气,托福
ridge,rɪdʒ,,n.脊； 山脊， 山脉； 高压脊； 隆起物,托福
hypothesize,haɪ'pɑθəsaɪz,,v.假定， 假设,托福
puritanical,'pjʊrə'tænɪkl,,a.极守道德的,托福
twine,twaɪn,,v.缠绕， 盘绕， 围绕 n.细绳,托福
mobile,ˈməʊbl;mobil,,a.可移动的； 多变的 n.动的雕塑,托福
perform,pɚ'fɔrm,,v.做， 履行， 完成； 表演， 演出； 执行,托福
retrospective,",rɛtrə'spɛktɪv",,a.回顾的， 追想的； 有追溯效力的,托福
peak,pik,,a.最高的，高峰的 n.最高点， 顶峰,托福
evolution,ˌɛvəˈluʃən; (occas.) ˌ ivəˈluʃən,,n.发展； 演变， 进化， 进化论,托福
lucrative,'lukrətɪv,,a.赚钱的， 获利的， 有利可图的,托福
portrait,'pɔrtrɪt,,n.肖像， 画像； 描写， 描绘,托福
inanity,i'nænəti,,n.空虚， 空洞； 无意义的事物,托福
acidity,ə'sɪdəti,,n.酸度； 酸性,托福
complaint,kəm'plent,,n.诉苦， 抱怨； 投诉； 控告,托福
pinnacle,'pɪnəkl,,n.山顶， 顶峰； 鼎盛时期； 小尖塔,托福
inject,ɪn'dʒɛkt,,vt.注射； 注入， 灌输； 投入,托福
cannibalism,"'kænəbl,ɪzəm",,n.嗜食同类,托福
indifference,ɪn'dɪfrəns,,n.冷漠， 不关心,托福
copious,'kopɪəs,,a.丰富的， 富饶的,托福
inception,ɪn'sɛpʃən,,n.开端， 开始,托福
channel,'tʃænl,,n.频道； 渠道， 途径； 通道； 海峡； 水道， 航道,托福
focus,'fokəs,,v.集中； 聚焦 n.焦点，焦距；中心,托福
hamper,'hæmpɚ,,vt.妨碍，阻挠 n.大篮子,托福
approach,ə'protʃ,,v.接近；,托福
usher,'ʌʃɚ,,v.引领， 引导 n.领座员，招待员,托福
decisive,dɪ'saɪsɪv,,a.决定性的； 果断的,托福
pollinate,'pɑlənet,,vt.给…授粉,托福
concise,kən'saɪs,,a.简明的， 简练的,托福
thesis,'θisɪs,,n.论文； 论题， 论点,托福
bump,bʌmp,,v.碰撞 n.肿块；撞击；碰撞声,托福
precursor,pri'kɝsɚ,,n.先驱； 先兆， 前兆； 前身,托福
revive,rɪ'vaɪv,,v.恢复； 苏醒； 重新利用,托福
fumigate,'fjumɪɡet,,vt.烟熏， 香薰,托福
arid,'ærɪd,,a.干旱的； 贫瘠的； 无趣的,托福
fiber,'faɪbɚ,,n.纤维素； 纤维制品； 纤维,托福
proceed,pro'sid,,vi.进行下去， 继续做； 发生； 继续下去； 行进， 前往,托福
musical,'mjuzɪkl,,a.音乐的；悦耳的；有音乐天赋的，爱好音乐的 n.音乐剧,托福
aria,'ɑrɪə,,n.独唱曲， 咏叹调,托福
bulb,bʌlb,,n.鳞茎； 鳞茎状物； 灯泡,托福
dismiss,dɪs'mɪs,,v.不再考虑， 不接受； 消除， 摒除； 免职， 解雇； 解散， 遣散； 驳回， 不受理,托福
abysmal,ə'bɪzməl,,a.深不可测的； 极坏的， 糟透的,托福
verbiage,'vɝbɪɪdʒ,,n.冗词， 赘言， 废话,托福
underlying,",ʌndɚ'laɪɪŋ",,a.潜在的； 基础的,托福
intelligence,ɪn'tɛlɪdʒəns,,n.智力， 智慧； 情报,托福
utilitarian,",jutɪlɪ'tɛrɪən",,a.实用的；功利主义的 n.功利主义者,托福
even,'ivən,,ad.甚至，连；甚至可以说 a.平滑的，平坦的；平稳的，均匀的；均衡的；平均的；偶数的 v.平坦； 相等,托福
ambience,'æmbɪəns,,n.周围环境， 气氛,托福
install,ɪn'stɔl,,vt.安置， 安装,托福
analyze,"'ænə,laɪz",,vt.分析， 研究,托福
cuneiform,"'kjʊnɪə,fɔrm",,a.〔古代美索不达米亚人使用的〕楔形文字的,托福
bulk,bʌlk,,n.容积， 体积； 主体， 大部分,托福
vacancy,'vekənsi,,n.空房间； 空位， 空缺； 空虚,托福
champion,'tʃæmpɪən,,n.冠军；拥护者 vt.声援,托福
ceramic,sə'ræmɪk,,a.陶器的， 瓷器的,托福
plumage,'plumɪdʒ,,n.鸟类羽毛,托福
circuit,'sɝkɪt,,n.电路； 线路； 巡回； 环行； 环行路线,托福
piracy,'paɪrəsi,,n.海盗行为； 抢劫行为； 剽窃行为,托福
locomotion,",lokə'moʃən",,n.移动； 运动,托福
magnificent,mæg'nɪfəsnt,,a.极好的； 宏伟的， 华丽的； 崇高的， 高尚的,托福
irregular,ɪ'rɛɡjəlɚ,,a.不规则的， 无规律的； 不整齐的； 不合常规的,托福
restrict,rɪ'strɪkt,,vt.限制， 约束,托福
mason,'mesn,,n.石匠， 泥瓦匠,托福
recharge,"ri:'tʃɑ:dʒ, 'ri:tʃɑ:dʒ",,v.充电； 休整； 再装弹药,托福
legislate,'lɛdʒɪslet,,v.制定法律； 通过立法,托福
imperative,ɪm'pɛrətɪv,,a.迫切的，重要紧急的；必要的；命令的；,托福
documentary,'dɑkjə'mɛntri,,a.文件的，文献的；记录的，纪实的 n.纪录片,托福
hitherto,",hɪðɚ'tu",,ad.迄今， 至今,托福
consequence,'kɑnsəkwɛns,,n.结果； 影响； 推理； 重要， 重大,托福
linear,'lɪnɪɚ,,a.线的， 直线的； 线性的； 长度的,托福
robust,ro'bʌst,,a.健壮的， 强壮的,托福
raven,'revən,,a.乌黑光亮的 n.渡鸦,托福
dominant,'dɑmɪnənt,,a.统治的， 支配的， 占优势的； 有统治权的,托福
heading,'hɛdɪŋ,,n.标题； 主题,托福
denounce,dɪ'naʊns,,vt.谴责， 公开指责， 抨击； 告发,托福
swampy,'swɔmpi,,a.沼泽的， 湿地的； 松软的,托福
verge,vɝdʒ,,vi.接近，濒临 n.草地,托福
framework,'fremwɝk,,n.框架， 构架； 原则， 准则； 机制， 结构,托福
milieu,mi'ljɜː,,n.出身背景； 社会环境,托福
microorganism,",maɪkro'ɔrgən,ɪzəm",,n.微生物,托福
entity,'ɛntəti,,n.实体， 独立存在物,托福
chronicle,'krɑnɪkl,,vt.把…载入编年史 n.编年史， 年代记,托福
tide,taɪd,,v.涨落 n.潮， 潮汐； 潮流， 趋势,托福
prohibit,prə'hɪbɪt,,v.禁止， 阻止,托福
frugal,'fruɡl,,a.节约的， 节俭的； 少量的,托福
franchise,'fræntʃaɪz,,n.特权，特许；特许经销权；选举权 vt.赋予特权； 赋予选举权,托福
replica,'rɛplɪkə,,n.复制品,托福
bacteria,bæk'tɪrɪə,,n.细菌,托福
laureate,'lɔrɪət,,a.享有殊荣的 n.桂冠诗人；荣誉获得者,托福
reign,ren,,n.统治，支配；,托福
infirm,ɪn'fɝm,,a.虚弱的； 不坚定的,托福
tempo,'tɛmpo,,n.速度， 节奏； 行进速度,托福
manner,'mænɚ,,n.方式，风格；,托福
associate,ə'soʃɪet,,v.结交； 关联 a.副的；合伙的 n.伙伴,托福
scrupulous,'skrupjələs,,a.多顾虑的， 谨慎的； 一丝不苟的， 严谨的； 审慎正直的， 恪守道德规范的,托福
gleam,ɡlim,,vi.闪光， 闪烁； 流露出 n.微光；一丝，一线；表露,托福
glean,ɡlin,,vt.点滴搜集， 四处收集,托福
detract,dɪ'trækt,,v.减损； 贬低， 诋毁,托福
pin,pɪn,,vt.钉住；固定 n.大头针； 钢钉； 胸针； 徽章,托福
pit,pɪt,,vt.使有坑，使…表面有斑点 n.大坑， 深坑； 矿井； 陷阱,托福
motif,mo'tif,,n.主题， 主旨； 图形,托福
stock,stɑk,,vt.储备，储存 n.库存，现货；备用物；股份，股票；世系，血统；家畜，,托福
suspend,sə'spɛnd,,vt.吊， 悬挂； 暂缓， 暂停， 中止,托福
swap,swɑp,,v.交换，掉换 n.交换， 掉换； 交换物， 被调换者,托福
ritual,'rɪtʃuəl,,a.仪式的； 习惯的， 例行的 n.典礼，仪式；例行公事，老规矩,托福
surge,sɝdʒ,,v.涌动；蜂拥而出；飞涨，,托福
basin,'besn,,n.盆， 脸盆； 盆地； 流域,托福
resolute,'rɛzəlut,,a.坚决的， 果断的,托福
tutor,'tʊtɚ,,v.辅导 n.导师；家庭教师,托福
senator,'sɛnətɚ,,n.参议员,托福
reconcile,'rɛkənsaɪl,,vt.使协调； 使和解； 使顺从,托福
quantify,'kwɑntɪfaɪ,,vt.以数量表示， 量化,托福
annul,ə'nʌl,,vt.宣布无效， 取消， 废除,托福
tempt,tɛmpt,,vt.引诱， 诱惑； 吸引,托福
ethic,'ɛθɪk,,n.伦理；道德体系,托福
basic,'besɪk,,a.基本的， 基础的； 初步的， 初级的,托福
twist,twɪst,,v.缠绕，扭曲；曲解，歪曲 n.转折， 突然变化； 卷曲物,托福
absolve,əb'zɑlv,,vt.赦免； 免除； 宽恕,托福
seclusion,sɪ'klʊʒən,,n.独处， 隐居； 隔离； 与世隔绝， 归隐,托福
boulder,'boldɚ,,n.巨石， 巨砾,托福
locate,ˈloˌket; loˈket,,vt.使坐落于； 找出， 定位,托福
Mesolithic,ˌmiːzə(ʊ)ˈlɪθɪk,,a.中石器时代的 n.中石器时代,托福
bush,buʃ,,n.灌木； 荒野,托福
muse,mjuz,,v.沉思， 冥想 n.灵感,托福
combat,'kɑmbæt,,v&n.战斗， 格斗,托福
despise,dɪ'spaɪz,,vt.鄙视， 看不起,托福
dioxide,daɪ'ɑksaɪd,,n.二氧化物,托福
grievous,'ɡrivəs,,a.令人忧伤的； 极严重的,托福
oblong,'ɑblɔŋ,,a.矩形的，长方形的；椭圆形的 n.矩形， 长方形； 椭圆形,托福
unity,'junəti,,n.团结一致， 统一， 联合； 协调； 统一体,托福
genetics,dʒə'nɛtɪks,,n.遗传学,托福
pursue,pə'sʊ,,v.继续； 从事于； 追击， 追踪； 追求,托福
vulgar,'vʌlɡɚ,,a.下流的， 粗俗的； 普通的， 通俗的,托福
catastrophe,kə'tæstrəfi,,n.灾难， 灾祸； 困难,托福
convey,kən've,,vt.运送， 运输； 传达， 表达,托福
convex,'kɑnvɛks,,a.凸出的,托福
redeem,rɪ'dim,,vt.赎回； 偿清， 付清； 兑换； 弥补， 补偿； 履行， 遵守,托福
skull,skʌl,,n.颅骨， 头骨； 脑袋； 头脑,托福
rationality,",ræʃən'æləti",,n.理性； 合理性,托福
monogamy,mə'nɑɡəmi,,n.一夫一妻制,托福
contaminate,kən'tæmɪnet,,vt.污染,托福
allude,ə'lʊd,,vi.暗指， 影射， 间接提到,托福
torpor,'tɔrpɚ,,n.迟钝； 死气沉沉,托福
chagrin,ʃə'ɡrɪn,,n.懊恼， 失望,托福
predator,'prɛdətɚ,,n.捕食性动物， 食肉动物； 掠夺者， 剥削者,托福
chief,tʃif,,a.主要的；总的；首席的 n.首领； 酋长， 族长,托福
accord,ə'kɔrd,,v.与…一致， 符合 n.协议，条约,托福
forfeit,'fɔrfət,,vt.被没收，丧失 n.罚款； 没收物,托福
foremost,'fɔr'most,,a.最先的； 最著名的， 最重要的,托福
automatic,'ɔtə'mætɪk,,a.自动的；无意识的；必然的，自然的 n.自动手枪； 自动换挡汽车,托福
disintegrate,dɪs'ɪntɪɡret,,v.瓦解； 碎裂,托福
consecutive,kən'sɛkjətɪv,,a.连续不断的， 连贯的,托福
assimilation,əˌsɪməˈleʃən,,n.同化； 吸收,托福
quotient,'kwoʃnt,,n.商； 份额,托福
groan,ɡron,,vi.呻吟；叹息；发出呻吟般的声音 n.呻吟； 抱怨； 呻吟声， 叹息声,托福
merchandise,'mɝtʃəndaɪs,,n.商品，货物 vt.买卖， 经营,托福
pebble,'pɛbl,,n.小圆石， 鹅卵石,托福
conduct,kən'dʌkt,,v.引导； 传导； 进行； 管理， 指挥； 表现 n.行为； 管理， 实施,托福
livelihood,'laɪvlɪhʊd,,n.生计， 谋生手段,托福
reunion,ˌriː'juːniən,,n.团圆， 重聚,托福
fantastic,fæn'tæstɪk,,a.荒诞的， 奇异的； 极好的； 极大的,托福
semiotics,ˌsemi'ɑːtɪks,,n.符号学,托福
indecipherable,'ɪndɪ'saɪfrəbl,,a.无法破译的； 难以领悟的,托福
immigrate,'ɪmɪɡret,,vi.移居入境,托福
apparatus,ˌæpəˈrætəs,,n.器械， 器具， 设备， 装置； 机构， 组织； 器官,托福
decay,dɪ'ke,,v&n.腐烂， 腐朽； 衰退， 衰落,托福
incidental,'ɪnsə'dɛntl,,a.偶然的； 附带发生的， 伴随而来的,托福
induct,ɪn'dʌkt,,vt.使正式就任； 使了解， 传授； 使入伍,托福
fracture,'fræktʃɚ,,v.断裂， 折断； 分裂 n.骨折；断裂；破裂,托福
lessen,'lɛsn,,v.变小， 变少， 减轻,托福
championship,'tʃæmpɪənʃɪp,,n.锦标赛，冠军赛,托福
recycle,",ri'saɪkl",,vt.回收利用， 再应用,托福
marsh,mɑrʃ,,n.沼泽， 湿地,托福
sapphire,'sæfaɪɚ,,a.天蓝色， 蔚蓝色的 n.蓝宝石，青石；蔚蓝色,托福
drift,drɪft,,v.漂流，漂移；漂泊，游荡 n.漂流； 漂泊； 大意， 主旨； 倾向， 趋势,托福
anthropology,'ænθrə'pɑlədʒi,,n.人类学,托福
chaos,'keɑs,,n.混乱,托福
abundant,ə'bʌndənt,,a.大量的， 充足的， 丰富的,托福
absorption,"əbˈsɔrpʃən, -ˈzɔrp-",,n.吸收； 全神贯注， 专心致志,托福
pigment,'pɪgmənt,,n.颜料； 色素,托福
forecast,'fɔrkæst,,vt&n.预报； 预测， 预料,托福
deteriorate,dɪ'tɪrɪəret,,v.变坏， 恶化； 变质,托福
recognize,ˈrɛkəɡˌnaɪz,,vt.认出， 识别； 认可,托福
warehouse,'wɛrhaʊs,,n.仓库， 货栈,托福
bisect,baɪ'sɛkt,,vt.把…二等分， 对半分,托福
induce,ɪn'dus,,vt.引起， 导致； 诱使， 劝诱； 感应,托福
abnormal,æbˈnɔːrml,,a.反常的， 变态的,托福
wane,wen,,vi.衰退，减弱；减少；亏，缺 n.月亏； 衰落,托福
shrewd,ʃrud,,a.敏捷的， 机灵的； 精明的,托福
baffle,'bæfl,,vt.使困惑， 难住,托福
molecule,'mɑlɪkjul,,n.分子,托福
sewerage,'suərɪdʒ,,n.排水系统； 污水处理； 污水,托福
resign,rɪ'zaɪn,,v.辞去， 辞职； 放弃； 顺从， 听从,托福
diligent,'dɪlɪdʒənt,,a.勤奋的， 刻苦的， 勤勉的,托福
seasoning,'sizənɪŋ,,n.调味品， 调料,托福
sophisticated,sə'fɪstɪketɪd,,a.老练的， 见多识广的； 精密的； 复杂的， 先进的； 高雅的， 有教养的,托福
anomaly,ə'nɑməli,,n.反常， 异常； 异常的人,托福
chivalrous,'ʃɪvəlrəs,,a.有骑士精神的； 彬彬有礼的， 殷勤的,托福
dateline,"'det,laɪn",,n.日期栏； 国际日期变更线,托福
grazing,'ɡrezɪŋ,,n.放牧； 牧场,托福
reside,rɪ'zaɪd,,vi.居住于， 定居； 存在， 在于,托福
ware,wer,,n.陶器；器皿；,托福
aluminum,ə'lʊmɪnəm,,n.铝,托福
prize,praɪz,,a.应获奖的； 优秀的， 典范性的 vt.珍视 n.奖品；奖金；难能可贵的东西,托福
accident,'æksədənt,,n.意外事件， 事故,托福
marine,mə'rin,,a.海的；海生的；海上贸易的 n.海军陆战队士兵,托福
ravine,rə'vin,,n.沟壑， 溪谷,托福
incompatible,",ɪnkəm'pætəbl",,a.不兼容的； 不协调的， 合不来的,托福
routine,rʊ'tin,,a.例行的； 常规的 n.例行公事；惯例，常规,托福
distasteful,dɪs'testfl,,a.令人反感的， 讨厌的； 味道不佳的,托福
defense,dɪ'fɛns,,n.防御， 防卫,托福
tariff,'tærɪf,,n.关税； 价目表， 收费表,托福
canal,kə'næl,,n.运河，沟渠 vt.开运河,托福
enlist,ɪn'lɪst,,v.征募； 从军， 参军； 谋取,托福
convict,kən'vɪkt,,vt.定罪，宣告…有罪 n.服刑囚犯,托福
validate,'vælɪdet,,vt.使有效， 使生效； 证实,托福
dynamical,daɪ'næmɪkl,,a.动态的； 动力的； 充满活力的,托福
surplus,'sɝpləs,,a.过剩的， 多余的 n.过剩，剩余；盈余，顺差,托福
grading,'ɡredɪŋ,,n.评分； 等级,托福
decadent,'dɛkədənt,,a.堕落的， 颓废的,托福
gradient,'ɡredɪənt,,n.坡度； 倾斜度， 斜率； 梯度,托福
inhibit,ɪn'hɪbɪt,,vt.阻碍， 抑制,托福
weathering,'wɛðərɪŋ,,n.侵蚀， 风化,托福
intimate,ˈɪntəmɪt,,a.亲密的，密切的；详尽的，精通的；个人隐私的 v.暗示， 透露 n.至交， 密友,托福
disclose,dɪs'kloz,,vt.泄露， 透露； 揭发,托福
religion,rɪ'lɪdʒən,,n.宗教； 宗教信仰； 宗派， 教派,托福
diagram,'daɪəɡræm,,n.图表； 图解,托福
disparate,'dɪspərət,,a.迥然不同的,托福
defiant,dɪ'faɪənt,,a.反叛的， 挑衅的， 公然违抗的,托福
tragedy,'trædʒədi,,n.惨事， 灾难； 悲剧,托福
oxide,'ɑksaɪd,,n.氧化物,托福
startling,'stɑrtlɪŋ,,a.惊人的， 令人吃惊的,托福
bison,'baɪsn,,n.美洲野牛,托福
chart,tʃɑrt,,vt.用图说明；制图；记录，跟踪；计划 n.图表； 航海图,托福
evoke,ɪ'vok,,vt.唤起， 引起， 激起,托福
attend,ə'tɛnd,,v.出席， 参加； 照料， 看管； 专心， 注意； 陪同,托福
shovel,'ʃʌvl,,vt.铲；把…大量投入 n.铲， 铁铲； 挖掘机,托福
embryo,'ɛmbrɪo,,n.胚， 胚胎； 雏形,托福
accounting,ə'kaʊntɪŋ,,n.会计学； 会计,托福
align,ə'laɪn,,v.结盟； 排整齐； 校准； 使一致,托福
secure,sə'kjʊr,,a.安全的，有保障的；可靠的；确定的；,托福
intoxication,"ɪn,tɑksə'keʃən",,n.醉， 醉酒； 极度兴奋,托福
wasp,wɑsp,,n.黄蜂,托福
canopy,'kænəpi,,n.天篷； 罩盖， 遮篷； 天蓬似的树阴,托福
neutron,'nʊtrɑn,,n.中子,托福
locomotive,",lokə'motɪv",,a.运动的； 移动的 n.机车，火车头,托福
tile,taɪl,,vt.铺瓦；铺地砖 n.瓦片； 地砖,托福
immense,ɪ'mɛns,,a.巨大的， 极大的,托福
avenue,'ævənu,,n.途径， 手段； 大街,托福
vacate,ˈveɪˌkeɪt; veɪˈkeɪt,,vt.腾出， 空出； 离， 退,托福
inherent,ɪn'hɪrənt,,a.固有的； 内在的,托福
brush,brʌʃ,,v.刷，拂；轻碰 n.画笔； 刷子； 轻碰； 小冲突,托福
advantageous,'ædvən'tedʒəs,,a.有利的,托福
given,'ɡɪvn,,a.规定的，特定的；假定的 prep.考虑到， 鉴于,托福
hay,heɪ,,n.干草,托福
encroach,ɪn'krotʃ,,vi.侵占； 侵蚀， 蚕食,托福
pronounced,prə'naʊnst,,a.显著的； 明确的,托福
perish,'pɛrɪʃ,,v.灭亡； 湮灭， 毁灭； 老化,托福
definite,'dɛfɪnət,,a.清楚的， 确切的； 肯定的,托福
stipulate,'stɪpjulet,,v.规定， 明确要求； 约定,托福
wary,'wɛri,,a.小心翼翼的， 留神的， 警惕的,托福
adapt,ə'dæpt,,v.适合； 适应； 调整； 改编， 改写,托福
batch,bætʃ,,v.分批处理 n.一批，一组，一群；一批生产的量,托福
stagecoach,'stedʒkotʃ,,n.公共马车， 驿站马车,托福
insufficient,",ɪnsə'fɪʃnt",,a.不足的， 不够的,托福
intrinsic,ɪn'trɪnsɪk,,a.固有的， 本质的， 内在的,托福
guilty,'ɡɪlti,,a.有罪的， 犯罪的； 内疚的,托福
measure,'mɛʒɚ,,v.量，测量 n.措施，办法,托福
vestige,'vɛstɪdʒ,,n.遗迹， 残余； 丝毫， 一点儿,托福
interstellar,",ɪntɚ'stɛlɚ",,a.星际的,托福
luminous,'lʊmənəs,,a.发光的， 明亮的,托福
lash,læʃ,,v.将系牢，捆绑；猛烈打击；鞭打；猛烈抨击，严厉斥责 n.鞭打； 睫毛,托福
maritime,'mærɪtaɪm,,a.海的， 海事的； 航海的,托福
rattle,'rætl,,v.发出咔嗒声；使紧张，使恐惧 n.咔嗒声； 拨浪鼓,托福
warp,wɔrp,,v.扭曲，弯曲，变形；,托福
basement,'besmənt,,n.地下室， 地窖； 建筑物的底部,托福
injurious,ɪn'dʒʊrərɪəs,,a.侮辱的， 诽谤的； 造成伤害的， 有害的,托福
chant,tʃænt,,v.唱圣歌； 反复呼喊 n.圣歌；单调的吟唱；反复呼喊的话语,托福
commune,"kə'mju:n, 'kɔmju:n",,vi.与…亲密地交谈 n.群体， 公社,托福
babble,'bæbl,,v.胡言乱语； 含糊不清地说； 喋喋不休,托福
focalize,'fokəlaɪz,,v.调节焦距； 使聚焦； 使集中,托福
ceremonial,",sɛrɪ'monɪəl",,a.礼仪的，礼节的 n.礼仪， 礼节,托福
toady,'todi,,vi.谄媚，奉承 n.谄媚者， 马屁精,托福
squabble,'skwɑbl,,vi.发生口角，,托福
rustic,'rʌstɪk,,a.乡村的； 淳朴的； 用粗糙木材制作的,托福
lava,'lɑvə,,n.岩浆， 熔岩,托福
minimal,'mɪnɪməl,,a.最小的； 最低限度的,托福
ecology,ɪ'kɑlədʒi,,n.生态； 生态学； 生态环境,托福
venomous,'vɛnəməs,,a.有毒的， 分泌毒液的； 恶意的， 狠毒的,托福
courageous,kə'redʒəs,,a.勇敢的， 有胆量的,托福
prudent,'prʊdnt,,a.谨慎的； 深谋远虑的,托福
secrete,sɪ'krit,,vt.分泌； 藏匿， 躲藏,托福
steady,'stɛdi,,a.牢固的；稳定的；沉稳的，,托福
enclose,ɪn'kloz,,vt.围住； 把…装入,托福
overview,'ovɚ'vjʊ,,n.梗概， 概述,托福
disease,dɪ'ziz,,n.疾病； 弊端， 恶疾,托福
notwithstanding,",nɑtwɪθ'stændɪŋ",,ad&prep.虽然， 尽管如此,托福
volatile,'vɑlətl,,a.挥发性的， 易挥发的； 不稳定的； 反复无常的,托福
ideomotor,ɪdɪə'motɚ,,a.观念运动的,托福
generic,dʒə'nɛrɪk,,a.种类的， 属的； 一般的， 普通的,托福
endorse,ɪn'dɔrs,,vt.签名； 宣传， 代言； 签署； 赞同， 支持,托福
alike,ə'laɪk,,ad.一样地，相似地；同样程度地 a.相同的， 相似的,托福
genius,'dʒinjəs,,n.天才； 天赋,托福
infrastructure,'ɪnfrə'strʌktʃɚ,,n.基础设施， 基础结构,托福
typical,'tɪpɪkl,,a.典型的， 有代表性的,托福
embargo,ɪm'bɑrɡo,,n.禁止贸易令；,托福
wither,'wɪðɚ,,v.枯萎， 凋谢； 衰退； 萎缩； 破灭,托福
quotation,kwo'teʃən,,n.引文， 引语， 语录； 报价,托福
nocturnal,nɑk'tɝnl,,a.夜行性的； 夜间发生的,托福
corrosion,kə'roʒən,,n.腐蚀， 侵蚀,托福
notorious,no'tɔrɪəs,,a.臭名昭著的， 声名狼藉的,托福
illustrative,ɪ'lʌstrətɪv,,a.作为例证的； 用做说明的； 解释性的,托福
hydrogen,'haɪdrədʒən,,n.氢,托福
superimpose,",supərɪm'poz",,vt.使重叠， 使叠加； 添加,托福
infant,'ɪnfənt,,a.婴儿的； 初期的 n.婴儿，幼儿,托福
artifact,"'ɑrtə,fækt",,n.人工制品， 手工艺品,托福
carbon,'kɑrbən,,n.碳,托福
dinosaur,ˈdaɪnəˌsɔr,,n.恐龙,托福
turnpike,'tɝn'paɪk,,n.收费公路,托福
deprive,dɪ'praɪv,,vt.使失去， 剥夺,托福
tantalizing,'tæntəlaɪzɪŋ,,a.诱人的,托福
swoop,swup,,v.猛扑； 突然袭击 n.突然行动,托福
floral,'flɔrəl,,a.花的， 像花的； 饰以花的， 绘有花的,托福
pest,pɛst,,n.害虫； 令人讨厌的人,托福
swoon,swuːn,,vi&n.昏厥， 昏倒； 痴迷,托福
magnesium,mæg'nizɪrm,,n.镁,托福
infancy,'ɪnfənsi,,n.幼年； 初期,托福
heritage,'hɛrɪtɪdʒ,,n.遗产； 传统,托福
supreme,suˈprim,,a.至高无上的,托福
philosophy,fə'lɑsəfi,,n.哲学； 哲学体系， 思想体系； 人生观， 人生哲学,托福
slope,slop,,v.倾斜 n.斜坡，斜面；斜度,托福
outrageously,aut'reidʒəsli,,ad.令人不能容忍地； 肆无忌惮地,托福
lapse,læps,,vi.期满终止， 失效； 衰退； 背弃 n.失误；失足,托福
regenerate,rɪ'dʒɛnəret,,v.复兴， 振兴； 再生,托福
latent,'letnt,,a.潜在的， 隐伏的； 潜伏的； 休眠的,托福
forestall,fɔːr'stɔːl,,vt.预防， 预先阻止； 先发制人,托福
terrific,tə'rɪfɪk,,a.极好的； 非常的， 极度的； 可怕的,托福
stanza,'stænzə,,n.节， 段,托福
niche,niʃ,,n.生态位； 壁龛,托福
worship,'wɝʃɪp,,n&v.祭拜； 崇拜， 崇敬,托福
lawn,lɔn,,n.草地， 草坪； 操场,托福
infection,ɪn'fɛkʃən,,n.传染， 感染； 传染病,托福
ponderous,'pɑndərəs,,a.笨重的； 笨拙的； 沉闷的,托福
stubborn,'stʌbɚn,,a.顽固的， 倔强的； 难对付的,托福
imprecise,'ɪmprɪ'saɪs,,a.不精确的； 不严密的,托福
formulate,'fɔrmjə'let,,vt.阐明， 确切表达； 规划， 构想； 制定,托福
glorify,'ɡlɔrɪfaɪ,,vt.吹捧， 美化； 赞美， 赞扬,托福
emigrate,'ɛmɪɡret,,v.移民， 移居国外,托福
sinuous,'sɪnjʊəs,,a.蜿蜒的； 迂回的,托福
triangle,'traɪæŋɡl,,n.三角形； 三角形物体,托福
alien,"ˈeliən,ˈeljən",,n.外星人；组织之外的人；外国人，,托福
layer,'leɪr,,n.层， 层次,托福
linguistic,lɪŋ'gwɪstɪk,,a.语言的， 语言学的,托福
sanitation,",sænɪ'teʃən",,n.卫生； 卫生设施， 卫生设备,托福
elite,ɪˈliːt,,a.卓越的，精锐的 n.精英,托福
ornament,'ɔrnəmənt,,n.装饰 vt.装饰， 点缀,托福
chubby,'tʃʌbi,,a.丰满的， 圆胖的,托福
ivory,'aɪvəri,,n.象牙； 象牙制品； 象牙色， 乳白色,托福
anomalous,ə'nɑmələs,,a.异常的； 不规则的,托福
deficient,dɪ'fɪʃnt,,a.不足的， 缺乏的； 有缺陷的， 不完善的,托福
henceforth,",hɛns'fɔrθ",,ad.从此以后,托福
preponderance,prɪ'pɑndərəns,,n.优势,托福
barrel,'bærəl,,n.桶,托福
chain,tʃen,,n.链； vt.用链条拴住； 联号， 连锁店,托福
efficient,ɪ'fɪʃnt,,a.有效的， 有效率的； 有能力的， 能胜任的,托福
unify,'junɪfaɪ,,vt.统一， 联合,托福
consistent,kən'sɪstənt,,a.一致的； 稳定的； 调和的； 始终如一的,托福
reverse,rɪ'vɝs,,v.反转；彻底转变，颠倒；撤销，废除；交换； a.相反的,托福
ravage,'rævɪdʒ,,vt.毁坏； 抢劫， 掠夺,托福
barren,'bærən,,a.贫瘠的， 荒芜的； 不结果实的， 不育的,托福
fungi,ˈfʌnˌdʒaɪ; ˈfʌŋˌgaɪ,,n.[fungus的复数]真菌,托福
permanent,'pɝmənənt,,a.持久的， 永久的； 固定不变的,托福
foster,'fɔstɚ,,v.鼓励，促进，助长；培养，抚育；领养 a.代养的,托福
receptacle,rɪ'sɛptəkl,,n.容器； 插座,托福
summarize,'sʌməraɪz,,v.概括， 总结,托福
facility,fə'sɪləti,,n.设施；设备；容易；灵巧,托福
gregarious,grɪ'gɛrɪəs,,a.群居的； 合群的， 爱社交的,托福
beam,bim,,v.面露喜色；发射，播送；照射 n.束， 波束， 光线； 梁； 笑容， 喜色,托福
beak,bik,,n.鸟嘴， 喙,托福
fiction,'fɪkʃən,,n.小说； 虚构， 编造,托福
bead,bid,,n.珠子； 小滴,托福
replace,rɪ'ples,,vt.替换， 取代； 归还， 把…放回原处,托福
aviation,",evɪ'eʃən",,n.航空， 航空学； 飞行,托福
appointment,ə'pɔɪntmənt,,n.约会， 约定； 任命， 委派； 职位,托福
synthesize,'sɪnθəsaɪz,,vt.合成； 综合,托福
trek,trɛk,,n&v.艰苦跋涉,托福
squash,skwɔʃ,,v.压碎，挤压；挤进，塞入；制止 n.软式墙网球， 壁球； 果汁汽水,托福
major,'medʒɚ,,vi.主修， 专攻 a.较大的；主要的；主修的 n.专业,托福
playwright,'pleraɪt,,n.剧作家,托福
interrupt,'ɪntə'rʌpt,,v.打扰； 中断； 阻碍,托福
beat,bit,,v.打拍子，指挥；敲打；打败，胜过；跳动 a.疲惫的 n.跳动；节拍，节奏；有规律的敲击,托福
feasible,'fizəbl,,a.可行的， 行得通的,托福
prescribe,prɪ'skraɪb,,v.开处方； 规定； 指示,托福
proofread,'prufrid,,v.校对， 校正,托福
potential,pə'tɛnʃl,,a.潜在的； 可能的 n.潜能，潜力,托福
lounge,laʊndʒ,,vi.懒洋洋地站 n.等候室，休息室,托福
gross,ɡros,,a.总的，毛的；粗俗的，粗野的；令人不快的 vt.总收入为 n.一罗；,托福
resist,rɪ'zɪst,,v.抵抗； 耐， 抗,托福
archive,'ɑrkaɪv,,n.档案室 vt.存档,托福
disarm,dɪs'ɑrm,,v.解除武装； 裁军； 消除， 消解,托福
extrapolate,ɪk'stræpə'let,,v.外推； 推断， 推知,托福
stimulate,'stɪmjə'let,,vt.刺激； 激励， 激发,托福
reciprocity,",rɛsɪ'prɑsəti",,n.互惠， 互助； 互惠主义,托福
eclipse,ɪ'klɪps,,vt.遮住光；使相形见绌 n.日食， 月食,托福
square,skwɛr,,a.正方形的；成直角的，方的；平方的 n.正方形；广场；平方 vt.使成正方形； 求平方； 使打成平局,托福
careless,'kɛrləs,,a.粗心的， 疏忽的； 无忧无虑的； 不关心的， 冷漠的,托福
soak,sok,,v.浸泡， 浸湿， 浸透,托福
counteract,",kaʊntɚ'ækt",,vt.消除； 抵消,托福
deserted,dɪ'zɝtɪd,,a.荒废的， 空无一人的； 被离弃的， 被遗弃的,托福
commute,kə'mjʊt,,v.上下班往返， 经常往返； 代偿； 减刑,托福
sustain,sə'sten,,vt.保持， 维持； 支持， 支撑； 经受， 承受,托福
anarchist,'ænɚkɪst,,n.无政府主义者,托福
classify,'klæsɪfaɪ,,vt.分类； 分等,托福
altitude,'æltɪtud,,n.海拔，高度；,托福
request,rɪ'kwɛst,,n&vt.要求， 请求,托福
colony,'kɑləni,,n.群， 群体； 殖民地； 聚居地,托福
wagon,'wægən,,n.四轮马车； 货车,托福
numeric,nuː'merɪk,,a.数字的,托福
debut,de'bju,,n.首次演出； 初次亮相,托福
uphold,ʌpˈhoʊld,,vt.支持， 维护； 维持,托福
dimension,"dəˈmɛnʃən, daɪ-",,n.维，元；尺寸；方面；特点；,托福
nostalgia,nə'stældʒə,,n.思乡病， 乡愁； 怀旧之情， 恋旧,托福
deserve,dɪ'zɝv,,v.应得， 值得,托福
process,proˈsɛs;(for n.)prɑsɛs,,vt.加工，处理 n.过程； 程序， 手续； 工序， 制作法,托福
artisan,'ɑrtəzn,,n.工匠， 手艺人,托福
sprout,spraʊt,,v.发芽，抽条，生长；迅速出现，涌现出 n.新芽， 嫩枝， 苗,托福
restore,rɪ'stɔr,,vt.恢复； 修复； 归还， 交还,托福
viscous,'vɪskəs,,a.黏滞的， 黏性的,托福
nostalgic,nɒ'stældʒɪk,,a.思乡的； 怀旧的,托福
alternative,ɔl'tɝnətɪv,,a.可供替代的； 非传统的 n.可供选择的事物；选择的自由，选择的余地,托福
banner,'bænɚ,,n.横幅,托福
encounter,ɪn'kaʊntɚ,,vt&v.偶然碰到； 遭遇,托福
soda,'sodə,,n.苏打， 纯碱,托福
landslide,'lændslaɪd,,n.山崩， 塌方； 压倒性胜利,托福
prairie,'prɛri,,n.大草原,托福
approve,ə'prʊv,,v.批准； 赞成,托福
chafe,tʃef,,v.擦破， 擦痛； 恼怒， 焦躁,托福
chew,tʃʊ,,v.咀嚼； 思量， 熟思,托福
domicile,'dɑmɪsaɪl,,n.住处， 住所,托福
pedestrian,pə'dɛstrɪən,,a.徒步的； 缺乏想象力的 n.步行者，行人,托福
hurry,'hɝrɪ,,v.使加快，催促；赶快，匆忙 n.急忙， 匆忙， 仓促,托福
account,ə'kaʊnt,,v.说明，解释；占 n.解释， 描述， 叙述； 账目； 账户,托福
radioactive,'redɪo'æktɪv,,a.放射性的， 有辐射的,托福
innocent,'ɪnəsnt,,a.天真的； 清白的； 无恶意的,托福
alphabet,'ælfə'bɛt,,n.字母表,托福
stride,straɪd,,n.大步；步法；,托福
advance,əd'væns,,v.前进，向前移动；发展，进步；促进；预付 a.预先的； 先头的 n.前进；进展；预付,托福
appreciate,ə'priʃɪet,,vt.赏识； 鉴赏， 欣赏； 感激,托福
bleach,blitʃ,,v.变白， 漂白 n.漂白剂,托福
diverse,daɪ'vɝs,,a.不同的； 多样的,托福
rally,'ræli,,v.集合，召集；恢复，重新振作 n.集会， 大会,托福
soft,sɔft,,a.柔软的； 柔和的； 不强烈的； 心肠软的； 软性的,托福
fictitious,fɪk'tɪʃəs,,a.虚构的； 假的； 假装的， 虚伪的,托福
prime,praɪm,,a.主要的；最初的；最好的；首先的 n.全盛时期，盛年 vt.使准备好； 事先指点,托福
intellect,'ɪntəlɛkt,,n.智力， 理解力； 知识分子,托福
amble,'æmbl,,vi.缓行， 漫步,托福
loyal,'lɔɪəl,,a.忠诚的， 忠贞的,托福
preference,'prɛfrəns,,n.偏爱； 优先,托福
mainstream,'menstrim,,n.主流， 主要倾向； 主流思想,托福
opportunity,ˌɑpɚˈtunətɪ,,n.机会， 时机,托福
dissolute,'dɪsəlut,,a.放荡的， 放纵的， 道德沦丧的,托福
court,kɔrt,,n.法院，法庭；宫廷，朝廷；球场 vt.献殷勤， 讨好； 招致； 求爱,托福
chapel,'tʃæpl,,n.教堂； 祈祷室,托福
distort,dɪ'stɔrt,,vt.弄歪； 扭曲， 歪曲,托福
subsidiary,səb'sɪdɪɛri,,a.次要的； 辅助的， 附设的； 附属的 n.子公司；附属机构；支流,托福
venture,'vɛntʃɚ,,v.敢于去； 冒险 n.冒险，投机；投机活动，风险项目,托福
interrelate,'ɪntɚrɪ'let,,v.相互关联， 紧密联系,托福
corrosive,kə'rosɪv,,a.腐蚀的,托福
enthusiasm,ɪn'θuzɪæzəm,,n.热情； 积极性； 热衷的事物,托福
discern,dɪ'sɝn,,vt.洞悉； 识别,托福
propensity,prə'pɛnsəti,,n.倾向， 癖好,托福
entreat,ɪn'trit,,v.乞求， 恳求， 请求,托福
flexible,'flɛksəbl,,a.易弯曲的； 柔韧的； 灵活的， 可变通的,托福
agile,'ædʒl,,a.敏捷的， 灵活的,托福
replenish,rɪ'plɛnɪʃ,,vt.添加， 补充,托福
hoe,ho,,vt.用锄头锄 n.锄头,托福
amenable,ə'minəbl,,a.顺从的， 服从劝导的； 有服从义务的,托福
depict,dɪ'pɪkt,,vt.描写， 描述， 描绘,托福
sustainable,sə'stenəbl,,a.不破坏生态平衡的， 可持续的； 足可支撑的； 可忍受的,托福
hop,hɑp,,v.单足跳行；齐足跳行；跳上 n.蹦跳； 短程旅行,托福
secede,sɪ'sid,,vi.正式脱离， 退出,托福
characteristic,",kærəktə'rɪstɪk",,a.特有的； 典型的 n.特性，特征,托福
interior,ɪn'tɪrɪɚ,,a.内部的；内地的 n.内部； [the ～]内陆,托福
interweave,",ɪntɚ'wiv",,v.交织， 编结,托福
rouse,raʊz,,vt.唤起， 唤醒； 激起， 鼓舞； 激怒,托福
capability,ˌkepəˈbɪlətɪ,,n.能力； 性能； 容量； 潜质,托福
spark,spɑrk,,v.激发，引发，触发；,托福
integral,'ɪntɪɡrəl,,a.构成整体所必需的， 不可或缺的； 完整的,托福
comet,'kɑmət,,n.彗星,托福
assembly,ə'sɛmbli,,n.集会； 集会者； 装配， 安装； 立法机构， 议会,托福
smelting,'smeltɪŋ,,n.冶炼， 熔炼,托福
spare,spɛr,,a.备用的；空闲的 vt.抽出；免除 n.备用品,托福
chip,tʃɪp,,v.削下 n.碎片； 芯片,托福
replicate,'rɛplɪket,,v.复制； 再制， 再生,托福
emotional,ɪ'moʃənl,,a.感情的， 情绪的； 引起情感的； 易动感情的,托福
noticeable,'notɪsəbl,,a.明显的， 值得注意的,托福
assemble,ə'sɛmbl,,v.集合； 装配,托福
hibernation,ˌhaɪbər'neɪʃn,,n.冬眠； 休眠， 蛰伏,托福
transition,træn'zɪʃən,,n.过渡， 过渡时期； 转变,托福
march,mɑrtʃ,,v.前进， 进发； 行进， 齐步走； 游行示威 n.行进，行军；示威游行；进行曲；进行，进展,托福
blast,blæst,,v.爆炸；发出尖响；猛烈抨击 n.一阵； 爆炸； 冲击波； 响声,托福
repel,rɪ'pɛl,,v.击退， 驱逐； 排斥； 抵制， 拒绝； 使反感， 使厌恶,托福
publicize,'pʌblɪsaɪz,,vt.宣传， 推广， 宣扬,托福
underscore,",ʌndɚ'skɔr",,vt.强调； 在…之下画线 n.底线,托福
seashore,'siʃɔr,,n.海岸， 海滨,托福
series,'sɪriz,,n.系列， 连续； 连续剧,托福
cultivate,'kʌltɪvet,,vt.耕种； 培养,托福
thrive,θraɪv,,vi.茂盛； 茁壮成长； 兴旺， 繁荣,托福
imaginative,ɪ'mædʒɪnətɪv,,a.富有想象力的； 创新的,托福
treadmill,'trɛdmɪl,,n.踏车； 枯燥乏味的工作,托福
represent,",rɛprɪ'zɛnt",,vt.代表； 表现； 描绘； 象征,托福
dispatch,dɪ'spætʃ,,vt&n.分派， 派遣； 发送,托福
corpus,'kɔrpəs,,n.文集， 文献， 汇编； 语料库,托福
inconvenient,",ɪnkən'vinɪənt",,a.不便的； 让人不舒服的,托福
dramatize,'dræmətaɪz,,v.改编成戏剧； 戏剧化， 戏剧性地表现,托福
absurd,əbˈsɝ​d,,a.可笑的， 荒唐的,托福
prior,'praɪɚ,,a.在…前的； 优先的,托福
trait,tret,,n.特性， 特点,托福
landmark,'lændmɑrk,,n.路标， 地标； 〈喻〉里程碑,托福
vanish,'vænɪʃ,,vi.消失； 灭绝,托福
vault,vɔlt,,v.跳过 n.拱顶；金库，保险库；撑杆跳,托福
concave,kɑn'kev,,a.凹的,托福
dolphin,'dɑlfɪn,,n.海豚,托福
enactment,ɪ'næktmənt,,n.制订， 颁布； 法律， 法规,托福
planet,'plænɪt,,n.行星,托福
ornithology,",ɔrnɪ'θɑlədʒi",,n.鸟类学,托福
prerequisite,",pri'rɛkwəzɪt",,a.必备的， 作为先决条件的 n.先决条件，前提,托福
count,kaʊnt,,v.数，计算；算入；看做，认为；值得考虑，有重要意义 n.计数， 计算； 总数； 罪状,托福
creep,krip,,vi.缓慢行进； 爬行； 悄悄地移动,托福
deciduous,dɪ'sɪdʒuəs,,a.落叶的； 非永久的， 短暂的,托福
scholar,'skɑlɚ,,n.学者； 奖学金获得者,托福
contradictory,",kɑntrə'dɪktəri",,a.对立的，矛盾的；反驳的 n.对立物； 矛盾因素,托福
accompany,ə'kʌmpəni,,vt.为…伴奏； 陪伴， 陪同； 伴随， 和…一起发生,托福
immediate,ɪ'midɪət,,a.即刻的； 当前的； 最接近的； 紧接的， 紧靠的,托福
perspicuous,pə'spikjuəs,,a.明白易懂的； 明了的,托福
beneficial,",bɛnɪ'fɪʃl",,a.有益的， 有利的,托福
blame,blem,,vt.谴责，责备 n.过失， 责备； 责任,托福
confusion,kən'fjʊʒən,,n.困惑； 混乱， 混淆,托福
platitude,'plætɪtud,,n.陈词滥调， 老生常谈,托福
auditorium,",ɔdɪ'tɔrɪəm",,n.礼堂； 观众席,托福
session,'sɛʃən,,n.会议； 开庭； 开庭期； 一节,托福
tactile,'tæktl,,a.触觉的； 有触觉的； 可感触的,托福
extrinsic,ɛks'trɪnsɪk,,a.外来的， 外在的， 非本质的,托福
bland,blænd,,a.平淡的， 乏味的； 清淡的； 沉稳的,托福
microbe,'maɪkrob,,n.微生物， 细菌,托福
reception,rɪ'sɛpʃən,,n.招待会； 反响； 接纳， 接待； 接收,托福
sole,sol,,a.单独的；唯一的 n.鞋底， 脚底,托福
lumber,'lʌmbɚ,,v.笨拙地移动；迫使担负 n.木材， 木料； 杂物,托福
sledding,'slɛdɪŋ,,n.进展,托福
solo,'solo,,ad.独自，单独地 a.单独的；独唱的，独奏的 n.独唱， 独奏， 独舞,托福
monitor,'mɔnɪtɚ,,vt.监控；调节 n.显示器； 监视器； 班长,托福
tuition,tʊ'ɪʃən,,n.学费； 教学， 讲授,托福
Fahrenheit,'færən'haɪt,,a.华氏温度的 n.华氏温度计,托福
tangible,'tændʒəbl,,a.可触摸的， 可感知的； 明确的， 确凿的； 有形的， 实际的,托福
congest,kən'dʒɛst,,v.充满， 拥塞； 充血,托福
postage,'postɪdʒ,,n.邮资， 邮费,托福
tame,teɪm,,a.驯服的；沉闷的，乏味的 vt.驯化； 控制并利用,托福
cavern,'kævɚn,,n.大洞穴， 大山洞,托福
material,mə'tɪrɪəl,,a.物质的， 身体上的； 重要的； 实质性的， 客观存在的 n.材料，原料；素材，资料,托福
adjoin,ə'dʒɔɪn,,v.贴近， 紧挨， 毗连,托福
spectacular,spɛk'tækjəlɚ,,a.壮观的，引人注目的 n.壮观的场面； 壮观的演出,托福
peculiar,pɪ'kjulɪɚ,,a.独特的； 罕见的； 奇怪的， 古怪的,托福
hue,hjuː,,n.颜色； 色度， 色调； 信仰， 观点； 形式， 样子,托福
idiom,'ɪdɪəm,,n.习惯用语； 术语； 风格， 特色,托福
diplomat,'dɪpləmæt,,n.外交官； 有手腕的人,托福
landmass,'lændmæs,,n.大片陆地,托福
president,'prɛzɪdənt,,n.总统， 校长， 主席,托福
muscular,'mʌskjəlɚ,,a.肌肉的； 肌肉发达的； 强健的， 强壮的,托福
staple,'stepl,,n.主要产品；原材料；主食；订书钉,托福
memo,'mɛmo,,n.备忘录,托福
artifice,'ɑrtɪfɪs,,n.诡计， 奸计； 策略,托福
collaborate,kə'læbəret,,v.协作， 合作； 勾结， 通敌,托福
collaborator,kə'læbə'retɚ,,n.合作者， 协作者； 通敌者,托福
superficial,",supɚ'fɪʃl",,a.肤浅的， 浅薄的； 表面的， 外表的， 外层的,托福
executive,ɪɡ'zɛkjətɪv,,a.执行的， 实施的； 行政的 n.执行者；管理人员；行政负责人,托福
melt,mɛlt,,v.融化， 熔化； 溶化； 消散,托福
hook,hʊk,,v.连接到无线电设备；勾住 n.钩， 吊钩； 钩状物,托福
stadium,'stedɪəm,,n.竞走场； 运动场,托福
refrigerate,rɪ'frɪdʒəret,,vt.冷冻， 冷藏； 使冷却， 使变冷,托福
casualty,'kæʒuəlti,,n.伤亡事故； 伤亡,托福
spatial,'speʃl,,a.空间的,托福
gauge,gedʒ,,n.标准，规格；测量仪表，计量器 vt.测量， 度量,托福
belt,bɛlt,,n.地带， 地区； 腰带， 皮带； 带状物,托福
ridicule,'rɪdɪ'kjʊl,,vt.嘲笑，奚落 n.嘲笑， 奚落,托福
protest,prəˈtɛst;protɛst,,v.抗议， 反对 n.抗议， 反对,托福
sensitive,'sɛnsətɪv,,a.敏感的； 灵敏的,托福
vacant,'vekənt,,a.空的； 闲置的； 茫然的， 空虚的,托福
hoof,huf,,n.蹄,托福
afford,ə'fɔrd,,v.买得起， 担负得起； 冒险做； 提供， 给予,托福
underground,ʌndɚˈɡraʊnd,,ad.在地下， 往地下； 秘密地， 不公开地 a.地下的； 秘密的， 不公开的 记 组合词： under + ground → 地下的,托福
sieve,sɪv,,n.筛子；漏勺 vt.筛， 滤,托福
appease,ə'piz,,vt.平息； 安抚， 抚慰； 绥靖,托福
reddish,'rɛdɪʃ,,a.微红的,托福
impede,ɪm'pid,,vt.妨碍， 阻碍， 阻止,托福
acting,'æktɪŋ,,a.代理的 n.演戏， 表演,托福
machinery,mə'ʃinəri,,n.〈总称〉机器， 机械； 机构,托福
shield,ʃild,,n.防护物；盾 vt.保护,托福
anatomy,ə'nætəmi,,n.解剖； 解剖构造； 剖析,托福
deliver,dɪ'lɪvɚ,,v.传送， 传递； 发表， 宣布； 履行诺言； 移交， 交出； 接生,托福
instantaneous,",ɪnstən'tenɪəs",,a.瞬间的， 即刻的， 立即的,托福
phenomenon,fə'nɑmɪnən,,n.现象， 迹象； 非凡的人,托福
quarterly,'kwɔrtɚli,,ad.按季度，一季一次 a.季度的， 每季一次的 n.季刊,托福
notify,'notə'fai,,vt.通报,托福
smirk,smɝk,,vi.假笑， 得意地笑,托福
barbecue,'bɑrbɪkju,,v.在烤架上烧烤 n.烧烤野餐；金属烤架,托福
abbey,'æbi,,n.修道院； 大教堂,托福
alienable,'elɪənəbl,,a.可转让的,托福
buoyant,'bujənt,,a.有浮力的， 漂浮的； 轻快的， 快乐的； 繁荣的； 看涨的,托福
intrepid,ɪn'trɛpɪd,,a.勇敢的， 无畏的,托福
generalize,'dʒɛnrəlaɪz,,v.概括， 归纳； 推广,托福
accredit,ə'krɛdɪt,,vt.委任， 授权； 把…归于； 正式认可,托福
nourish,'nɜrɪʃ,,vt.滋养； 养育,托福
faucet,'fɔsɪt,,n.龙头， 旋塞,托福
lengthen,'lɛŋθən,,v.延长， 变长,托福
unconsolidated,ˌʌnkən'sɑːlɪdeɪtɪd,,a.松散的， 疏松的,托福
strike,straɪk,,v.碰，撞，撞击；侵袭；突然想到；给…以深刻印象；罢工；敲响 n.罢工； 袭击,托福
subdue,səb'du,,vt.制服， 征服； 抑制， 克制,托福
allege,ə'lɛdʒ,,vt.断言， 宣称,托福
positive,'pɑzətɪv,,a.肯定的； 积极的； 确凿的； 自信的， 乐观的； 正电的,托福
trigger,'trɪɡɚ,,vt.引发，导致 n.扳机,托福
segregate,'sɛɡrɪɡet,,vt.隔离， 使分开,托福
maize,mez,,n.玉米,托福
meticulous,mə'tɪkjələs,,a.细心的， 小心翼翼的,托福
rental,'rɛntl,,a.租用的；出租的 n.租金额； 租赁， 出租,托福
prospect,'prɑspɛkt,,v.勘探， 勘察 n.前景，前途；可能性；景象；期望,托福
radar,'redɑr,,n.雷达,托福
withhold,wɪð'hold,,vt.拒绝给， 不给； 抑制； 忍住,托福
kinetic,kɪ'nɛtɪk,,a.运动的， 运动引起的； 动力学的,托福
specialize,'spɛʃəlaɪz,,v.专攻； 专用于,托福
rotate,'rotet,,v.转动， 旋转； 轮流,托福
instance,'ɪnstəns,,n.例子， 事例,托福
consonant,'kɑnsənənt,,a.和谐的，协调的，符合的 n.辅音,托福
engulf,ɛnˈɡʌlf,,vt.吞没,托福
inheritance,ɪn'hɛrɪtəns,,n.遗产， 继承物； 继承； 遗传,托福
reptile,'rɛptaɪl,,n.爬行动物， 爬虫类； 卑鄙的人,托福
cassette,kə'sɛt,,n.盒式录音带,托福
receptive,rɪ'sɛptɪv,,a.接受得快的； 善于接受的， 能接纳的,托福
blade,bled,,n.刀刃， 刀片； 叶片； 草叶； 桨叶,托福
solution,sə'luʃən,,n.溶液； 解答， 解决,托福
foreshorten,fɔːr'ʃɔːrtn,,vt.用透视法缩小； 缩短， 节略,托福
diverge,daɪ'vɝdʒ,,vi.分开， 叉开； 分歧； 偏离,托福
opponent,ə'ponənt,,a.对立的， 反对的， 对抗的 n.敌手，对手，反对者,托福
accelerate,əkˈsɛləˌret,,v.加快， 加速,托福
emblem,'ɛmbləm,,n.徽章； 标记， 象征,托福
regardless,rɪ'ɡɑrdləs,,ad.不顾， 不管,托福
confiscate,'kɑnfɪsket,,vt.没收， 充公， 征用,托福
filial,'fɪlɪəl,,a.子女的； 子孙后代的,托福
barge,bɑrdʒ,,v.冲撞，乱闯 n.驳船,托福
turtle,'tɝtl,,n.龟， 海龟,托福
meteorology,",mitɪə'rɑlədʒi",,n.气象学,托福
occur,ə'kɝ,,vi.发生， 出现； 存在于,托福
illustrate,'ɪləstret,,vt.说明， 解释； 加插图于； 显示…存在,托福
scuba,'skjʊbə,,n.水中呼吸器， 水肺,托福
definitive,dɪ'fɪnətɪv,,a.确定的，最后的，决定性的；,托福
breeze,briz,,vi.飘然移动 n.微风，和风,托福
trash,træʃ,,n.无价值之物，废物；拙劣的文学作品；没用的人 vt.捣毁， 破坏,托福
horn,hɔrn,,n.角； 号角， 喇叭,托福
troupe,trʊp,,n.剧团； 马戏团； 芭蕾舞团,托福
transit,'træzɪt,,n.运输， 运送； 中转； 转变； 交通运输系统,托福
sore,sɔr,,a.疼痛的；恼火的 n.疮口， 痛处,托福
position,pə'zɪʃən,,vt.安置 n.位置； 职位； 立场； 姿势， 姿态； 见解,托福
curtail,kɚ'tel,,vt.缩短， 缩减， 削减,托福
glow,ɡlo,,vi.发光；发红，发热；洋溢 n.暗淡的光； 容光焕发； 喜悦,托福
patent,'pætnt,,a.有专利的； 显而易见的 vt.取得专利权 n.专利权,托福
sheath,ʃiθ,,n.鞘， 外壳； 套； 护皮； 紧身连衣裙,托福
pollen,'pɑlən,,n.花粉,托福
remodel,",ri'mɑdl",,vt.重新塑造， 改造； 改编； 改变,托福
groove,ɡruv,,n.沟； 槽； 唱片上的纹路,托福
certificate,"sɚˈtɪfɪkɪt; (for v.,) sɚˈtɪfɪˌket",,n.证书， 证明书； 文凭， 结业证书,托福
dispersal,dɪ'spɝsl,,n.疏散； 散布， 散开,托福
quantum,'kwɑntəm,,n.量子,托福
racket,'rækɪt,,n.球拍； 喧嚷， 吵闹； 勒索， 诈骗,托福
mess,mɛs,,n.肮脏，杂乱；混乱，困境 vt.弄脏， 弄乱； 搞糟,托福
sour,'saʊɚ,,v.变酸；变馊；变坏，恶化 a.酸的； 馊的； 乖戾的， 尖酸刻薄的； 酸痛的,托福
transform,træns'fɔrm,,vt.使变形； 改造， 改革； 转换,托福
magnitude,'mæɡnɪtud,,n.巨大； 重要性； 星等， 星球的亮度,托福
genuine,'dʒɛnjʊɪn,,a.真的， 非人造的； 真诚的， 诚实的,托福
agitate,ˈædʒɪˌteɪt,,v.鼓动， 煽动； 激怒， 使激动， 使不安； 搅动,托福
microwave,'maɪkrə'wev,,n.微波； 微波炉,托福
gorilla,ɡə'rɪlə,,n.大猩猩,托福
immune,ɪ'mjʊn,,a.免疫的， 有免疫力的； 不受影响的； 免除的， 豁免的,托福
brochure,bro'ʃʊr,,n.小册子， 说明书,托福
downside,'daʊnsaɪd,,n.缺点， 负面； 底侧； 下降趋势,托福
equation,ɪ'kweʒn,,n.等式， 方程式； 等同， 相等； 均衡,托福
impressive,ɪm'prɛsɪv,,a.给人深刻印象的； 感人的,托福
prospector,'prɑspɛktɚ,,n.勘探者， 采矿者,托福
compound,'kɑmpaʊnd,,n.化合物， vt.使恶化， 使加重； 混合,托福
discredit,dɪs'krɛdɪt,,vt.使丧失声誉；使怀疑 n.名誉丧失,托福
extraordinary,ɪkˈstrɔrdənerɪ; ɪkˈstrɔrdnˌɛrɪ,,a.特别的； 非凡的,托福
spawn,spɔn,,v.产卵；产生，促成 n.卵,托福
sensory,'sɛnsəri,,a.感觉的， 感官的,托福
puzzle,'pʌzl,,n.难题，谜 vt.迷惑， 使困惑,托福
mere,mɪr,,a.仅仅的， 纯粹的,托福
suburb,'sʌbɝb,,n.市郊， 郊区,托福
taut,tɔt,,a.绷紧的； 肌肉结实的； 结构严谨的， 紧凑的,托福
simplify,'sɪmplɪfaɪ,,vt.简化， 使简单， 使单纯,托福
lubricant,'lubrɪkənt,,n.润滑剂,托福
glue,ɡlu,,vt.胶合，黏合；紧附于 n.胶， 胶水,托福
orbital,'ɔrbɪtl,,a.轨道的,托福
solder,'sɑdɚ,,vt.焊接 n.焊料， 焊锡,托福
envelop,ɪn'vɛləp,,vt.包围,托福
firm,fɝm,,a.结实的； 坚定的， 坚决的 n.公司,托福
reflect,rɪ'flɛkt,,v.反射， 映现； 显示， 表明； 仔细考虑， 深思,托福
adventitious,",ædvɛn'tɪʃəs",,a.偶然的， 偶发的,托福
ongoing,'ɑnɡoɪŋ,,a.正在进行的；不间断的；继续存在的 n.前进， 发展,托福
outfit,'aʊtfɪt,,n.全套装备； 全套服装,托福
ignorant,'ɪɡnərənt,,a.无知的， 愚昧的； 无知觉的,托福
extort,ɪk'stɔrt,,vt.勒索， 敲诈， 强夺,托福
trample,'træmpl,,v.踩碎； 践踏， 摧残,托福
negligible,'nɛɡlɪdʒəbl,,a.可以忽略的， 微不足道的； 无关紧要的,托福
setback,'sɛtbæk,,n.挫折， 阻碍； 倒退,托福
spray,spreɪ,,n.浪花；飞沫；,托福
distinguish,dɪ'stɪŋɡwɪʃ,,v.区别， 辨别； 使有别于， 成为…的特征； 看清， 听出； 使杰出， 使著名,托福
primordial,praɪ'mɔrdɪəl,,a.原始的， 最初的； 基本的,托福
husbandry,'hʌzbəndri,,n.耕种， 务农， 农牧业,托福
haircut,'hɛrkʌt,,n.理发,托福
decorative,'dɛkəretɪv,,a.装饰性的， 做装饰用的,托福
pointed,'pɔɪntɪd,,a.尖的， 尖角的； 尖锐的， 尖刻的,托福
enthusiastic,"ɪn,θuzɪ'æstɪk",,a.热情的， 热心的,托福
elongate,ɪ'lɔŋɡet,,v.延长， 伸长,托福
symptom,'sɪmptəm,,n.症状； 征兆,托福
fray,fre,,vi.磨损，磨破；烦躁，恼火 n.争斗,托福
thereby,",ðɛr'baɪ",,ad.因此， 从而,托福
wield,wild,,vt.支配， 掌权， 行使,托福
disastrous,dɪ'zæstrəs,,a.灾难性的,托福
impulse,'ɪmpʌls,,n.冲动， 一时的念头； 刺激， 推动力； 脉冲,托福
crystallize,'krɪstə'laɪz,,v.结晶； 明确,托福
subspecies,sʌb'spiʃiz,,n.亚种,托福
shower,'ʃaʊɚ,,v.淋浴； 下阵雨； 洒落， 纷纷降落； 抛撒 n.阵雨，暴雨；淋浴；一阵，一大批,托福
infectious,ɪn'fɛkʃəs,,a.传染性的， 传染病的； 有感染力的,托福
concur,kən'kɝ,,v.同时发生； 意见一致,托福
nevertheless,",nɛvɚðə'lɛs",,ad.然而， 不过,托福
prominent,'prɑmɪnənt,,a.卓著的， 杰出的； 突起的， 凸出的,托福
insulin,'ɪnsəlɪn,,n.胰岛素,托福
ironic,aɪ'rɑnɪk,,a.说反话的， 讽刺的； 出乎意料的,托福
fundamental,",fʌndə'mɛntl",,a.基础的，基本的，根本的 n.基本原则； 基础,托福
hieratic,'haɪə'rætɪk,,a.僧侣的；,托福
entitle,ɪn'taɪtl,,vt.使…有权； 给题名,托福
monotony,mə'nɑtəni,,n.单调， 千篇一律,托福
outline,'aʊtlaɪn,,n.轮廓； 概要， 大纲 vt.描绘； 略述,托福
counselor,'kaʊnslɚ,,n.顾问； 律师,托福
fade,fed,,v.褪色； 凋谢； 逐渐消失,托福
overdue,'ovɚ'dʊ,,a.过期未付的， 逾期的； 过度的， 过火的； 迟到的， 延误的,托福
nominal,'nɑmɪnl,,a.名义上的； 微不足道的,托福
excess,'ɛk'sɛs,,a.过量的； 额外的 n.过度， 超过,托福
perspective,pɚ'spɛktɪv,,n.展望； 观点， 看法； 远景； 透视图， 透视法； 前途,托福
galaxy,'ɡæləksi,,n.星系； [G-]银河系， 银河； 群英,托福
invade,ɪn'ved,,v.侵入， 侵略； 侵扰,托福
intervening,",ɪntɚ'vinɪŋ",,a.介于中间的， 发生于期间的,托福
clump,klʌmp,,v.聚集， 成群； 以沉重的脚步行走 n.丛，簇，束；块，团；群，组,托福
thorough,ˈθʌrəʊ; θʌro,,a.彻底的； 详尽的； 一丝不苟的,托福
democracy,dɪˈmɑkrəsi,,n.民主政体， 民主制度； 民主国家； 民主精神,托福
peninsula,pə'nɪnsələ,,n.半岛,托福
evolve,ɪ'vɑlv,,v.发展； 进化,托福
congratulation,"kən,ɡrætʃu'leʃən",,n.祝贺， 道喜,托福
abandon,ə'bændən,,vt.离弃，放弃 n.放纵， 放任,托福
extol,ɪk'stol,,vt.赞美， 颂扬,托福
household,'haʊshold,,a.家庭的，家用的；家喻户晓的 n.家庭,托福
adverse,"ædˈvɚs, ˈædˌvɚs",,a.负面的； 不利的； 逆的,托福
bulletin,'bʊlətɪn,,n.新闻简报； 公告， 布告； 简报,托福
ratio,'reʃɪo,,n.比， 比率,托福
junction,'dʒʌŋkʃən,,n.交叉点， 汇合处； 连接， 接合,托福
electrolysis,"ɪ,lɛk'trɑləsɪs",,n.电解作用； 电解术,托福
bandanna,bæn'dænə,,n.色彩鲜艳的围巾,托福
instinct,'ɪnstɪŋkt,,n.本能， 直觉； 生性， 天性,托福
gourmet,'ɡʊrme,,a.美味的 n.美食家,托福
reputation,",rɛpju'teʃən",,n.名声， 声望， 名誉,托福
spike,spaɪk,,n.长钉， 大钉； 猛增， 急升,托福
shrub,ʃrʌb,,n.灌木,托福
presentation,",prizɛn'teʃən",,n.提供， 显示； 介绍， 陈述； 赠送； 表演,托福
genesis,'dʒɛnəsɪs,,n.起源， 开端,托福
subliminal,",sʌb'lɪmɪnl",,a.下意识的， 潜意识的,托福
engrave,ɪn'ɡrev,,vt.雕刻； 铭刻,托福
tavern,'tævɚn,,n.小旅馆， 客栈； 小酒店,托福
glimmer,'ɡlɪmɚ,,vi.发微光； 隐约出现 n.闪烁的微光；隐约的迹象；一丝，一线,托福
awkward,'ɔkwɚd,,a.别扭的； 笨拙的； 难处理的， 棘手的； 难操纵的,托福
adhesive,əd'hisɪv,,a.带黏性的 n.胶合剂,托福
monumental,",mɑnju'mɛntl",,a.纪念碑的； 不朽的,托福
ruin,'ruɪn,,vt.破坏，毁灭；使破产 n.毁灭，毁坏；,托福
spill,spɪl,,v.溢出，溅出；蜂拥而出 n.溢出， 泄漏,托福
celebrate,sɛləˌbret,,v.赞美； 庆祝,托福
cradle,'kredl,,n.摇篮； 发源地,托福
abut,ə'bʌt,,v.邻接， 毗邻,托福
folkway,'fəukwei,,n.社会风俗,托福
mountainous,'maʊntənəs,,a.多山的； 巨大的,托福
laboratory,ˈlæbrəˌtɔrɪ,,n.实验室， 研究室,托福
geometric,",dʒiə'mɛtrɪk",,a.几何的， 几何学的,托福
Latin,'lætn,,a.拉丁的；拉丁语的 n.拉丁语,托福
inspect,ɪn'spɛkt,,vt.检查， 视察,托福
campaign,kæm'pen,,vi.竞选；参加战斗 n.竞选活动； 活动； 战役,托福
vital,'vaɪtl,,a.生死攸关的； 至关重要的； 精力充沛的， 有活力的,托福
conflict,'kɑnflɪkt,,vi.冲突； 不一致； 争论 n.冲突； 争论,托福
engraving,ɪn'ɡrevɪŋ,,n.雕刻术， 刻版术； 版画,托福
rough,rʌf,,a.粗糙不平的；粗暴的；艰难的 n.高低不平的地面,托福
lawsuit,'lɔsut,,n.诉讼,托福
sequential,sɪ'kwɛnʃl,,a.序列的； 连续的； 随之而来的,托福
detect,dɪ'tɛkt,,vt.发现， 察觉； 探测； 查明,托福
derivative,də'rɪvətɪv,,a.派生的，引出的；无创意的 n.派生词， 衍生词； 派生物,托福
amateur,ˈæmətər,,a.业余爱好的； 业余的 n.业余爱好者；外行,托福
rodeo,'rodɪo,,n.牛仔竞技表演,托福
assistance,ə'sɪstəns,,n.帮助， 援助,托福
commerce,'kɑmɝs,,n.贸易， 商业； 交往， 交流,托福
canvass,'kænvəs,,v.游说， 拉选票； 细查,托福
gulf,ɡʌlf,,n.海湾； 分歧， 隔阂， 鸿沟,托福
causal,'kɔzl,,a.原因的， 因果关系的,托福
tectonics,tɛk'tɑnɪks,,n.构造地质学,托福
wonder,'wʌndɚ,,v.诧异；纳闷，想知道 n.惊奇， 惊异； 奇迹， 奇事,托福
mansion,'mænʃən,,n.公寓， 府邸； 大厦,托福
gull,ɡʌl,,n.鸥， 海鸥,托福
summary,'sʌməri,,a.概括的， 概要的； 即刻的， 立即的 n.摘要，概要,托福
illusory,ɪ'lusəri,,a.虚幻的， 幻觉的,托福
nickel,'nɪkl,,n.镍； 五分镍币,托福
accustom,ə'kʌstəm,,vt.使习惯于,托福
entail,ɪn'tel,,vt.牵涉； 使必要， 需要,托福
inferior,ɪn'fɪrɪɚ,,a.劣等的，较差的；次要的；级别低的 n.下级， 下属， 晚辈,托福
dramatic,drə'mætɪk,,a.戏剧的； 引人注目的； 突然的， 巨大的； 戏剧性的,托福
spinet,ˈspɪnɪt,,n.小型立式钢琴,托福
mosquito,məˈskiːtoʊ,,n.蚊子,托福
parasite,'pærəsaɪt,,n.寄生物； 食客,托福
artificial,",ɑrtɪ'fɪʃl",,a.人工的， 人造的， 假的； 矫揉造作的， 假装,托福
deficiency,dɪ'fɪʃənsi,,n.不足， 缺乏,托福
imaginary,ɪ'mædʒɪnɛri,,a.想象中的， 虚构的， 假想的,托福
removal,rɪ'muvl,,n.除去； 移动， 搬迁,托福
comment,'kɑmɛnt,,v&n.评论； 注释,托福
vaporize,'vepə'raɪz,,v.蒸发， 汽化,托福
transcend,træn'sɛnd,,vt.超越,托福
spiny,'spaɪni,,a.长满刺的， 多刺的， 带刺的； 棘手的,托福
chronological,",krɑnə'lɑdʒɪkl",,a.按年代顺序排列的， 年代学的,托福
humanitarian,"hju,mænɪ'tɛrɪən",,a.人道主义的，慈善的 n.人道主义者， 博爱者， 慈善家,托福
employ,ɪm'plɔɪ,,vt.用，使用；雇用 n.受雇， 雇用,托福
surcharge,'sɝtʃɑrdʒ,,n.额外费用，增收费，附加费 vt.收取额外费用,托福
sturdy,'stɝdi,,a.健壮的， 结实的； 稳固的； 顽强的,托福
fable,'febl,,n.寓言； 谎言,托福
balcony,'bælkənɪ,,n.阳台； 楼厅， 楼座,托福
instill,ɪn'stɪl,,vt.慢慢灌输； 逐渐培养,托福
consist,kən'sɪst,,vi.在于， 存在于； 由…组成， 由…构成,托福
palatable,'pælətəbl,,a.美味的， 可口的； 合意的， 认可的,托福
compatible,kəm'pætəbl,,a.协调的， 一致的； 兼容的； 能和睦相处的,托福
critic,'krɪtɪk,,n.评论家， 批评家； 吹毛求疵者,托福
tenement,'tɛnəmənt,,n.廉租公寓,托福
photosynthesis,",foto'sɪnθəsɪs",,n.光合作用,托福
sidebar,'saɪdbɑːr,,n.补充报道,托福
crest,krɛst,,v.达到顶点 n.顶峰，顶点；浪尖；羽冠,托福
profession,prə'fɛʃən,,n.职业； 同行； 专业； 宣称,托福
deplore,dɪ'plɔr,,vt.悲叹， 哀叹， 公开谴责,托福
compress,kəm'prɛs,,v.压缩； 缩短； 浓缩,托福
grimly,'grɪmlɪ,,ad.冷酷地； 严肃地； 坚定地,托福
cherish,'tʃɛrɪʃ,,vt.爱护， 珍爱； 怀有， 抱有,托福
outlive,",aʊt'lɪv",,vt.比…长命， 比…耐久,托福
patronize,ˈpeɪtrəˌnaɪz;ˈpætrənˌaɪz,,v.以高人一等的态度对待； 光顾； 赞助， 资助,托福
eminent,'ɛmɪnənt,,a.显著的， 杰出的,托福
underneath,",ʌndɚ'niθ",,ad.在下面 prep.在…下面,托福
spectrum,'spɛktrəm,,n.谱， 光谱， 频谱； 范围， 幅度,托福
prolong,prəˈlɑːŋ,,vt.拉长， 延长,托福
refund,ˈrifʌnd,,n.偿还额； 退款 vt.退还， 偿付,托福
distress,dɪ'strɛs,,n.痛苦，忧伤；贫困，窘迫；遇难 vt.使痛苦， 使悲伤， 使忧虑,托福
remnant,'rɛmnənt,,n.残余物； 布头； 遗迹,托福
broadcast,'brɔdkæst,,v.广播，播放 n.广播， 广播节目,托福
compressible,kəm'presbl,,a.可压缩的,托福
steep,stip,,a.陡的，陡峭的；急剧的；过高的 v.浸泡； 沉浸,托福
classical,'klæsɪkl,,a.经典的， 古典的,托福
immunity,ɪ'mjʊnəti,,n.免疫力； 保护； 免除， 豁免,托福
privilege,ˈprɪvəlɪdʒ,,vt.给予特权，特别优待 n.特权， 特殊待遇； 特殊利益， 优惠； 荣耀， 荣幸,托福
shroud,ʃraʊd,,vt.隐藏，遮蔽 n.裹尸布， 寿衣； 遮蔽物,托福
substitute,'sʌbstɪtut,,v.代替 n.代替者，代替品,托福
criss-cross,'kris krɔs,,v.构成十字形图案；交叉往来 a.纵横交错的,托福
uniform,junəˌfɔrm,,a.统一的； 均匀的 n.制服,托福
choppy,'tʃɑpi,,a.波浪起伏的， 不平静的； 不连贯的， 支离破碎的,托福
blaze,blez,,vi.燃烧， 着火； 发光， 放光彩； 怒视 n.火焰；光辉，强烈的光；迸发,托福
bountiful,'baʊntɪfl,,a.慷慨的； 大量的， 充足的,托福
meager,'migɚ,,a.不足的， 贫乏的； 消瘦的,托福
scatter,'skætɚ,,v.使分散， 驱散， 散开； 撒播,托福
violate,'vaɪəlet,,vt.违反， 违背； 亵渎； 侵犯， 干扰,托福
methanol,'mɛθənɔl,,n.甲醇,托福
steer,stɪr,,v.驾驶，为…操舵；引导 n.食用公牛,托福
pheromone,'fɛrəmon,,n.信息素,托福
collective,kə'lɛktɪv,,a.集体的，共同的 n.集体， 共同体,托福
buddy,'bʌdi,,n.密友； 搭档， 伙伴,托福
undergo,",ʌndɚ'ɡo",,vt.经历； 遭受,托福
outlying,'aʊtlaɪɪŋ,,a.边远的， 偏僻的； 无关的， 题外的,托福
delineate,dɪ'lɪnɪet,,vt.描绘， 描述； 解释,托福
agency,'edʒənsi,,n.代理处， 经销机构； 专门机构,托福
coupon,'kupɑn,,n.礼券， 优惠券； 配给券， 票证,托福
multitude,"ˈmʌltɪˌtud, -ˌtjud",,n.大量， 众多； 群众， 民众； 人群,托福
inhabit,ɪn'hæbɪt,,vt.居住于， 栖居于,托福
innate,ɪ'net,,a.天生的， 固有的； 内在的， 直觉的,托福
siege,sidʒ,,n.包围， 围困； 封锁,托福
gratify,'grætə'fai,,vt.使满意， 使高兴； 满足,托福
fascinating,'fæsɪnetɪŋ,,a.迷人的， 醉人的,托福
abstract,'æbstrækt,,a.抽象的；抽象派的 n.摘要， 梗概 vt.做…的摘要； 提取,托福
agenda,ə'dʒɛndə,,n.议程， 议程表,托福
liquid,'lɪkwɪd,,a.液体的，液态的，流体的；清澈的；流畅的 n.液体； 液态,托福
quasar,'kwezɑr,,n.类星体,托福
anonymous,ə'nɑnəməs,,a.匿名的， 不具名的； 无特色的， 无个性特征的,托福
fake,feɪk,,v.伪造； 伪装,托福
span,spæn,,n.跨度；持续时间 vt.跨越； 持续， 贯穿； 包括,托福
desegregate,",di'sɛɡrɪɡet",,v.废除种族隔离,托福
girder,'ɡədɚ,,n.主梁， 大梁,托福
bizarre,bɪ'zɑr,,a.奇形怪状的， 古怪可笑的， 怪诞的,托福
perfect,ˈpɝfɪkt; (for v.) pɝˈfɛkt,,a.完美的， 理想的； 完全的， 十足的 vt.使完美， 使熟练,托福
prefer,prɪ'fɝ,,v.更喜欢， 宁愿,托福
astronomical,",æstrə'nɑmɪkl",,a.天文学的； 极大的， 庞大的,托福
ascribe,ə'skraɪb,,vt.把…归于； 归咎于,托福
pole,pol,,n.地极； 磁极， 电极； 柱， 杆， 杖； 极端,托福
minority,maɪ'nɔrəti,,n.少数； 少数民族,托福
allure,əˈlʊr,,n&v.诱惑， 吸引,托福
reference,'rɛfrəns,,n.提到， 论及， 涉及； 引文， 参考； 介绍,托福
conspiracy,kən'spɪrəsi,,n.密谋； 阴谋,托福
chamber,ˈtʃeɪmbər,,n.会议厅； 议院； 洞穴； 腔， 室； 房间,托福
arrange,ə'rendʒ,,v.布置； 安排， 筹备,托福
aristocratic,"ə,rɪstə'krætɪk",,a.贵族的， 有贵族气派的,托福
trivialize,'trɪvɪəlaɪz,,vt.使显得琐碎； 轻视,托福
depart,dɪ'pɑrt,,vi.离开； 背离,托福
exponent,ɪk'sponənt,,n.解释者； 倡导者， 拥护者； 指数， 幂,托福
accordion,ə'kɔrdɪən,,n.手风琴,托福
incongruity,",ɪnkɑŋ'grʊəti",,n.不一致， 不和谐,托福
solicit,sə'lɪsɪt,,v.恳请； 乞求； 征求； 勾引； 招揽,托福
rhyme,raɪm,,v.押韵；和…同韵 n.押韵； 同韵词， 押韵词,托福
fossil,'fɑsl,,a.化石的；陈腐的 n.化石； 老顽固,托福
disciple,dɪ'saɪpl,,n.门徒， 弟子， 追随者,托福
collision,kə'lɪʒən,,n.碰撞； 冲突， 抵触,托福
manufacture,'mænjə'fæktʃɚ,,vt.大量制造，成批生产；捏造 n.大量制造；,托福
arthritis,ɑr'θraɪtɪs,,n.关节炎,托福
focal,'fokl,,a.焦点的； 很重要的,托福
spinning,'spɪnɪŋ,,a.旋转的 n.纺纱,托福
squid,skwɪd,,n.鱿鱼， 枪乌贼,托福
slogan,'slogən,,n.标语， 口号； 广告语,托福
bosom,'bʊzəm,,n.胸部， 乳房； 胸怀， 内心,托福
tract,trækt,,n.地域； 领域； 传单， 小册子； 大片,托福
mercury,'mɜːrkjəri,,n.[M-]水星； 水银， 汞,托福
interact,",ɪntɚ'ækt",,vi.相互作用； 互相配合,托福
powder,'paʊdɚ,,n.粉， 粉末； 散剂； 火药， 炸药,托福
bestow,bɪ'sto,,vt.赠与， 授予， 献给,托福
aggregate,'æɡrɪɡət; (for v.) æɡrɪˌɡet,,n.聚集物； 总计 vt.聚集； 总计,托福
differential,'dɪfə'rɛnʃəl,,a.差别的，有区别的；微分的 n.差别， 差异； 微分,托福
forsake,"fɔrˈsek, fə-",,vt.遗弃， 放弃， 抛弃,托福
rust,rʌst,,v.生锈 n.锈， 铁锈； 锈病,托福
trace,tres,,vt.查出，找到；追溯；探索；描摹；追述 n.痕迹； 微量， 少许； 扫描线,托福
stylized,'stailaizd,,a.非写实的； 程式化的,托福
array,ə're,,n.一系列；阵列 vt.布置， 排列； 部署,托福
terrorism,'tɛrərɪzəm,,n.恐怖主义,托福
nominee,",nɑmɪ'ni",,n.被提名者， 被任命者,托福
discriminate,dɪ'skrɪmɪnet,,v.区别； 歧视,托福
camouflage,'kæmə'flɑʒ,,n&vt.掩饰， 伪装,托福
track,træk,,v.跟踪， 追踪 n.跑道；小路；轨迹；足迹,托福
annex,əˈnɛks; æˈnɛks; (for n.) ˈænˌɛks,,vt.兼并； 附加,托福
enslave,ɪn'slev,,vt.奴役,托福
centennial,sɛn'tɛnɪəl,,n.百年纪念,托福
monetary,'mʌnɪtɛri,,a.金钱的， 货币的,托福
rush,rʌʃ,,v.冲，突进；奔，急速流动；仓促从事；突袭 n.冲，急速行进；匆忙；,托福
demolish,dɪ'mɑlɪʃ,,vt.拆除； 破坏； 驳倒， 推翻,托福
shellfish,'ʃɛl'fɪʃ,,n.贝类， 有壳的水生动物,托福
trade,tred,,v.交易， 买卖； 互相交换 n.贸易，商业；交易；职业，行业,托福
gush,ɡʌʃ,,v.滔滔不绝地说；喷涌 n.喷出， 涌出； 迸发， 发作,托福
derivation,'dɛrə'veʃən,,n.起源， 发源； 派生,托福
spew,spju,,v.喷涌；射出；呕吐，呕出 n.喷出物,托福
comic,'kɑmɪk,,a.可笑的，滑稽的；喜剧的 n.喜剧演员,托福
weave,wiv,,v.迂回行进；编织；编造，编纂 n.编法， 织法,托福
normally,'nɔrmli,,ad.通常地； 正常地,托福
vague,veɡ,,a.模糊的； 不明确的,托福
fare,fɛr,,vi.进展 n.费用,托福
juridical,dʒʊ'rɪdɪkl,,a.法律的， 司法的,托福
ephemeral,ə'fɛmərəl,,a.短暂的， 转瞬即逝的,托福
accuracy,'ækjərəsi,,n.准确， 精确,托福
curtsy,'kɝtsi,,vi.行屈膝礼 n.屈膝礼,托福
setting,'sɛtɪŋ,,n.环境； 背景； 布景； 曲； 底座， 底板,托福
score,skɔ,,v.评分；划；获胜，成功 n.得分， 分数； 乐谱； 抓痕， 划痕； 二十,托福
quote,kwot,,v.引用；,托福
unanimous,jʊ'nænəməs,,a.全体一致的， 一致同意的,托福
quota,'kwotə,,n.配额， 限额， 定额,托福
scorn,skɔrn,,v.轻蔑， 鄙视； 不屑于 n.轻蔑，鄙视,托福
thermal,'θɝml,,a.热的，热量的；保暖的，防寒的 n.上升的热气流,托福
percussion,pɚ'kʌʃən,,n.打击乐器,托福
nationalism,'næʃnəlɪzəm,,n.国家主义； 民族主义， 民族优越感,托福
sulfur,'sʌlfɚ,,n.硫； 硫黄,托福
terrain,tɛˈren,,n.地势， 地形； 地带,托福
navigate,'nævə'get,,v.航行， 横渡； 导航； 设法完成,托福
culpable,'kʌlpəbl,,a.有罪的； 该谴责的， 难辞其咎的,托福
raw,rɔ,,a.生的， 未烹制的； 自然状态的， 未经加工的； 生疏的， 无经验的； 粗犷的； 原始的， 未经处理的,托福
sprinkle,'sprɪŋkl,,v.撒，洒，喷 n.少量,托福
backlighting,bæk'laɪtɪŋ,,n.逆光,托福
municipal,mju'nɪsɪpl,,a.市政的； 内政的； 地方性的,托福
institute,'ɪnstɪtut,,vt.设立；制定；开创 n.研究所， 学院,托福
endure,ɪn'dʊr,,vt.忍受， 忍耐； 持久， 持续,托福
feign,fen,,vt.装作， 假装； 伪造,托福
poster,'postɚ,,n.海报， 招贴画； 发布消息的人,托福
shortly,'ʃɔrtli,,ad.不久； 简要地； 不耐烦地,托福
criterion,kraɪˈtɪriən,,n.〔判断、决定的〕标准，准则,托福
essence,'ɛsns,,n.本质， 精髓,托福
pore,pɔr,,vi.仔细阅读，审阅；审视 n.气孔， 小孔,托福
ambient,'æmbɪənt,,a.周围的， 周围环境的； 产生轻松氛围的,托福
insistence,in'sistəns,,n.坚持， 坚决主张,托福
manual,'mænjuəl,,a.手工的；体力的 n.手册， 指南,托福
ornamental,",ɔrnə'mɛntl",,a.装饰性的，装饰用的 n.装饰物,托福
sentimental,'sɛntə'mɛntl,,a.情感的； 伤感的， 多愁善感的,托福
maneuver,mə'nʊvɚ; mə'njʊvɚ,,v.操纵，控制；耍花招 n.策略； 花招,托福
dual,'dʊəl,,a.双的， 二重的,托福
retire,rɪ'taɪɚ,,v.退休， 引退， 退役； 退出； 撤退； 就寝,托福
dexterous,'dɛkstrəs,,a.惯用右手的； 灵巧的， 熟练的,托福
aspect,'æspɛkt,,n.方面； 朝向， 方向； 外表， 外观,托福
vegetarian,ˌvɛdʒəˈtɛrɪən,,a.素食者的 n.素食者,托福
aggressive,ə'ɡrɛsɪv,,a.侵略的， 挑衅的； 强有力的； 敢作敢为的， 有进取心的,托福
resilience,rɪˈzɪliəns,,n.弹力， 弹性； 复原力； 适应力,托福
corona,kə'ronə,,n.日冕， 日华； 光环,托福
midterm,",mɪd'tɝm",,a.中间的，期中的 n.期中考试； 中期； 期中,托福
signify,'sɪɡnɪfaɪ,,v.意味； 表示， 预示； 要紧， 有重要性,托福
suction,'sʌkʃən,,n.吸， 抽吸； 吸力,托福
holistic,ho'lɪstɪk,,a.整体的， 全面的； 功能整体性的,托福
stratum,'stretəm,,n.岩层；地层,托福
swing,swɪŋ,,v.摆动，摇荡；突然转向，突然转身 n.摆动， 摇摆； 秋千,托福
turbulent,'tɝbjələnt,,a.动乱的； 狂暴的， 汹涌的,托福
overt,o'vɝt,,a.公开的， 非秘密的,托福
invasion,ɪn'veʒn,,n.侵入， 侵略， 侵犯,托福
forefront,'fɔrfrʌnt,,n.最前沿， 最前线； 中心,托福
spin,spɪn,,v.快速旋转；纺纱；吐丝；甩干衣服 n.旋转,托福
grocery,'ɡrosəri,,n.杂货店； 杂货,托福
shallow,'ʃælo,,a.浅的；,托福
scout,skaʊt,,v.侦察；寻找；搜索 n.侦察员； 侦察机； 童子军,托福
edifice,'ɛdɪfɪs,,n.大厦， 宏伟的建筑物,托福
register,'rɛdʒɪstɚ,,v&n.登记， 注册,托福
persuasive,pɚ'swesɪv,,a.有说服力的， 让人信服的,托福
couple,'kʌpl,,n.对，双；夫妇，情侣；几个人，几件事 vt.连接， 结合,托福
communicate,kə'mjunɪket,,v.交流， 沟通； 传达， 传播； 通信,托福
saddle,'sædl,,n.马鞍；车座 vt.给…备鞍,托福
rural,'rʊrəl,,a.乡村的， 农村的； 田园的,托福
acclaim,ə'klem,,n&vt.喝彩， 称赞,托福
concord,'kɑŋkɔrd,,n.和睦； 公约,托福
acid,'æsɪd,,a.酸的， 酸味的； 尖刻的， 刻薄的 n.酸，酸性物质,托福
shortage,'ʃɔrtɪdʒ,,n.不足， 缺乏,托福
blush,blʌʃ,,vi.脸红；羞愧 n.脸上泛起的红晕,托福
overgraze,ˌouvər'greɪz,,v.过度放牧,托福
dubious,'dubɪəs,,a.怀疑的， 拿不准的； 可疑的， 靠不住的,托福
clipper,'klɪpɚ,,n.快速帆船； 剪刀,托福
swift,swɪft,,a.敏捷的，速度快的 n.雨燕,托福
ductile,'dʌktaɪl,,a.有延性的， 韧性的； 易引导的， 易受影响的,托福
conciliate,kən'sɪlɪet,,vt.安抚， 抚慰； 调和,托福
utensil,jʊ'tɛnsl,,n.用具； 器皿,托福
accede,ək'sid,,vi.即位， 就任； 同意,托福
ratify,'rætɪfaɪ,,vt.正式批准， 使正式生效,托福
vivify,"'vɪvə,fai",,vt.赋予生气； 使生动， 使活跃,托福
pose,poz,,vt.摆姿势；造成；提出 n.姿势,托福
amend,ə'mɛnd,,vt.修正， 修订,托福
erupt,ɪ'rʌpt,,v.突然发生， 爆发； 喷出,托福
benevolent,bə'nɛvələnt,,a.慈善的； 善心的,托福
consent,kən'sɛnt,,vi&n.同意， 赞成， 准许,托福
respect,rɪ'spɛkt,,vt.尊重，尊敬；遵守 n.尊敬， 尊重； 重视； 方面,托福
retreat,rɪ'trit,,vi.退却，撤退；退缩 n.退却， 撤退； 隐退处,托福
fusion,'fjʊʒən,,n.熔化， 熔解； 熔合； 核聚变； 联合， 合并,托福
parachute,'pærə'ʃʊt,,v.跳伞； 空投 n.降落伞,托福
behaviorism,"bɪ'hevjɚ,ɪzəm",,n.行为主义,托福
mutual,'mjutʃuəl,,a.相互的； 共有的,托福
shell,ʃɛl,,n.壳，外壳；壳状物；骨架，框架；外表；炮弹 vt.给…去壳； 炮击,托福
carnivore,'kɑrnɪvɔr,,n.食肉动物,托福
pharmacy,'fɑrməsi,,n.药店； 药剂学,托福
therefore,'ðɛrfɔr,,ad.因此，从而 conj.因此,托福
exchange,ɪks'tʃendʒ,,vt.兑换；交易；调换，交换；交流 n.交易； 兑换； 交换； 交流,托福
crooked,'krʊkɪd,,a.不诚实的； 欺诈的； 弯曲的,托福
contiguous,kən'tɪɡjuəs,,a.接壤的， 毗邻的； 不间断的,托福
nourishment,'nɝɪʃmənt,,n.营养， 营养品,托福
connote,kə'not,,v.意味着； 暗示,托福
puddle,'pʌdl,,n.水坑， 水洼,托福
primal,'praɪml,,a.最初的； 主要的， 首要的,托福
paste,pest,,v.粘贴；拼贴 n.面团； 糨糊,托福
directory,dəˈrɛktəri; (also) daɪˈrɛktəri,,n.人名地址录， 电话号码簿； 目录,托福
jeans,dʒɪːnz,,n.牛仔裤,托福
monarch,'mɑnɚk,,n.君主， 帝王,托福
overnight,'ovənaɪt,,ad.整夜； 一夜之间 a.通宵的， 一整夜的； 一夜之间的,托福
behave,bɪ'hev,,v.行为， 表现； 表现得体， 有礼貌； 作出反应,托福
laser,'lezɚ,,n.激光； 激光器,托福
scope,skop,,n.范围， 界限； 眼界， 见识； 余地， 机会,托福
notate,'nouteɪt,,vt.以符号表示， 把…写成记号,托福
archaeology,",ɑrkɪ'ɑlədʒi",,n.考古学,托福
molecular,mə'lɛkjəlɚ,,a.分子的； 摩尔的； 由分子组成的,托福
morale,mə'ræl,,n.士气， 斗志,托福
periphery,pə'rɪfəri,,n.外围， 边缘,托福
fresco,'frɛsko,,v.绘湿壁画于 n.湿壁画；湿壁画技法,托福
identify,aɪ'dɛntɪfaɪ,,v.识别； 鉴定； 找到， 发现,托福
embrace,ɪm'bres,,v.拥抱；包含；欣然接受 n.拥抱,托福
nitrogen,'naɪtrədʒən,,n.氮,托福
artesian,ɑr'tiʒən,,a.自流水的， 喷水的,托福
label,ˈlebəl,,vt.标记 n.标签； 称号,托福
aquarium,ə'kwɛrɪəm,,n.养鱼缸； 水族馆,托福
modify,'mɑdɪfaɪ,,vt.修改， 更改； 缓和； 【语】修饰,托福
soprano,sə'prɑno,,n.女高音,托福
mortify,'mɔrtɪfaɪ,,vt.使蒙受屈辱， 使难堪,托福
cram,kræm,,v.填塞， 塞满； 匆忙准备， 临时死记硬背,托福
clone,klon,,n.克隆动物，无性繁殖动物；复制品，翻版 vt.克隆， 以无性繁殖技术复制,托福
detest,dɪ'tɛst,,v.憎恶,托福
enunciate,ɪ'nʌnsɪet,,v.清晰地发音； 表达， 阐明,托福
reservoir,"'rɛzɚ,vɔr",,n.水库， 蓄水池； 储备， 储藏,托福
exempt,ɪg'zɛmpt,,a.被免除的，被豁免的 vt.免除， 豁免,托福
degenerative,dɪ'dʒɛnərətɪv,,a.衰退的， 堕落的； 变性的,托福
crab,kræb,,n.蟹， 螃蟹,托福
feminist,'fɛmənɪst,,n.女权主义者,托福
aesthetic,esˈθetɪk; ɛsˈθɛtɪk,,a.审美的， 美学的； 美的， 艺术的,托福
backup,"'bæk,ʌp",,n.后援，增援；,托福
arithmetic,ə'rɪθmətɪk,,n.算术,托福
hardy,'hɑːrdi,,a.强壮的； 耐寒的； 能吃苦耐劳的,托福
caption,'kæpʃən,,n.说明文字；标题；字幕 vt.给加说明文字,托福
mismanage,'mɪs'mænɪdʒ,,vt.对…管理不当， 处理不当,托福
carbohydrate,",kɑrbo'haɪdret",,n.碳水化合物,托福
subconscious,",sʌb'kɑnʃəs",,a.下意识的， 潜意识的 n.下意识，潜意识,托福
eject,ɪ'dʒɛkt,,v.逐出， 驱赶； 喷出， 喷射； 弹出,托福
meteorologist,'mitɪə'rɑlədʒɪst,,n.气象学者,托福
defect,‘dɪfɛkt,,vi.变节， 叛变 n.瑕疵， 缺陷； 过失,托福
obedience,ə'bidjəns,,n.服从， 顺从,托福
reinforce,",riɪn'fɔrs",,vt.加固， 加强； 增援,托福
casual,'kæʒʊəl,,a.非正式的， 随便的； 漫不经心的； 漠不关心的， 冷淡的； 偶然的， 碰巧的； 临时的,托福
rim,rɪm,,n.边，轮缘；边界 vt.给…镶边,托福
decline,dɪ'klaɪn,,n&v.下降； 衰退； 拒绝， 谢绝,托福
rip,rɪp,,v.扯破，撕坏 n.裂口， 裂缝,托福
property,'prɑpɚti,,n.财产， 所有物； 所有权； 房产， 地产； 特性,托福
debris,dəˈbri,,n.岩屑； 残骸； 碎屑,托福
scuffle,'skʌfl,,n&vi.扭打， 混战,托福
luster,'lʌstɚ,,n.光亮， 光泽； 荣耀,托福
handle,'hændl,,v.处理；对待；操纵；触，摸 n.柄， 把手， 拉手,托福
urbanization,",ɝbənɪ'zeʃən",,n.都市化,托福
tough,tʌf,,a.坚韧的； 棘手的， 困难的； 强健的， 吃苦耐劳的； 粗暴的； 严格的； 老的,托福
yeast,jist,,n.酵母， 发酵粉,托福
script,skrɪpt,,n.剧本，脚本，广播稿；笔迹；字母表 vt.为电影写剧本,托福
melody,'mɛlədi,,n.旋律， 曲调； 乐曲， 歌曲,托福
trilogy,'trɪlədʒi,,n.三部剧， 三部曲,托福
spot,spɑt,,v.认出，发现 n.地点； 斑点； 少量,托福
sterile,'stɛrəl,,a.不育的； 贫瘠的； 无菌的； 无结果的， 没有实际价值的； 刻板的,托福
watercourse,'wɔtɚkɔrs,,n.水道， 河道,托福
catholic,kæθəlɪk,,a.广泛的，包罗万象的；[C-]天主教的 n.[C-]天主教,托福
mighty,'maɪti,,a.强有力的； 巨大的,托福
partial,'pɑrʃəl,,a.部分的， 不完全的； 偏爱的， 癖好的； 偏袒的,托福
pictorial,pɪk'tɔrɪəl,,a.图示的，有图片的；绘画的，图画的 n.画报， 画刊,托福
slough,slʌf; slaʊ; slu,,vt.使脱落 n.泥坑， 沼泽； 绝境,托福
drench,drɛntʃ,,vt.使湿透,托福
retain,rɪ'ten,,vt.保持， 保留,托福
drastic,'dræstɪk,,a.剧烈的， 猛烈的， 激烈的,托福
epoch,'ɛpək,,n.新纪元， 时代,托福
retail,'ritel,,ad.以零售方式 v.零售；以…价格销售 n.零售,托福
crew,krʊ,,n.全体船员； 全体工作人员,托福
spear,spɪr,,v.刺，戳 n.矛， 枪； 嫩叶,托福
innovate,'ɪnəvet,,v.革新， 创新,托福
extravagant,ɪk'strævəgənt,,a.放肆的， 过分的； 奢侈的， 铺张的,托福
accommodate,ə'kɑmədet,,v.提供； 容纳； 适应， 顺应,托福
bubble,'bʌbl,,n.泡；,托福
yield,jild,,v.生产，出产；屈服，顺从；让出，放弃；变形，弯曲 n.产量； 收益,托福
protagonist,prə'tæɡənɪst,,n.主角， 主人公； 领导者， 倡导者,托福
vacation,veˈkeʃən,,vi.度假 n.假期,托福
sacred,'sekrɪd,,a.宗教的； 上帝的， 神圣的,托福
outcome,'aʊt'kʌm,,n.结果， 成果,托福
polar,'polɚ,,a.极的， 极地的； 磁极的； 正好相反的， 截然对立的,托福
tender,'tɛndɚ,,a.嫩的；脆弱的；温柔的，亲切的 v.提出；投标 n.投标,托福
vapor,ˈveɪpər,,n.蒸气， 潮气,托福
curriculum,kə'rɪkjələm,,n.课程,托福
meditate,'mɛdɪtet,,v.沉思， 冥想； 考虑； 谋划,托福
prototype,'protə'taɪp,,n.原型， 雏形,托福
meantime,'min'taɪm,,n&ad.其时， 同时,托福
dehydrate,di'haɪdret,,v.脱水,托福
cite,saɪt,,vt.引用， 引证； 传唤， 传讯； 表彰， 嘉奖,托福
blurt,blɝt,,vt.脱口而出,托福
atom,'ætəm,,n.原子； 微粒， 微量,托福
internship,'ɪntɝnʃɪp,,n.实习期,托福
pertain,pɝ'ten,,vi.存在； 适用,托福
shed,ʃɛd,,vt.抛弃；摆脱；流出；散发；发出；脱落 n.小屋,托福
spun,spʌn,,a.拉成丝的,托福
tolerable,'tɑlərəbl,,a.可忍受的， 可容忍的； 尚好的， 过得去的,托福
bicameral,",baɪ'kæmərəl",,a.两院制的， 有两个议院的,托福
correspond,",kɔrə'spɑnd",,vi.相一致， 符合； 相当于； 通信,托福
spur,spɝ,,n.刺激；激励；马刺 vt.激励， 鼓舞； 刺激， 促进,托福
mode,mod,,n.方式， 形式； 风格； 时尚,托福
rear,rɪr,,a.后部的， 后面的 vt.养育，抚养，培养；饲养 n.后部，后方；臀部,托福
elapse,ɪ'læps,,vi.消逝， 流逝,托福
symmetry,'sɪmətri,,n.对称； 相似， 相仿,托福
insect,'ɪnsɛkt,,n.昆虫， 虫,托福
complement,ˈkɑːmplɪment,,vt.补充， 补足， 使完善； 与…相配 n.补充物， 补足物； 足数， 足额； 补足语,托福
qualify,ˈkwɑləˌfaɪ,,v.具有资格， 合格； 有权； 限定， 修饰,托福
bode,bəud,,vi.预示,托福
already,ɔl'rɛdi,,ad.已， 已经,托福
Pueblo,'pweblou,,n.普韦布洛印第安人村落； 普韦布洛人,托福
applicable,'æplɪkəbl,,a.可应用的， 可实施的； 适当的， 合适的,托福
admission,əd'mɪʃən,,n.准许进入； 入场费； 承认,托福
adhere,əd'hɪr,,vi.黏附， 附着； 坚持； 遵守,托福
sediment,sɛdəmənt,,n.沉淀物， 沉积物,托福
tremulous,'trɛmjələs,,a.发抖的， 颤抖的； 害怕的,托福
hybrid,'haɪbrɪd,,a.杂交产生的；混合的，合成的 n.杂交植物； 混合物， 合成物,托福
panorama,",pænə'ræmə",,n.全景， 全貌； 概观， 综述,托福
adaptable,ə'dæptəbl,,a.能适应的； 可改编的,托福
contemporary,kən'tɛmpərɛri,,a.当代的；,托福
mock,mɑk,,v.嘲笑，嘲弄；模仿；蔑视， n.模拟考试,托福
credence,'kridns,,n.可信性， 真实性； 信任； 信念,托福
gear,ɡɪr,,n.齿轮，传动装置；挡；设备 vt.调节， 使适应,托福
facilitate,fə'sɪlə'tet,,vt.推动， 促进,托福
rob,rɑb,,vt.抢夺， 抢掠； 剥夺， 使失去,托福
rod,rɑd,,n.杆， 棒,托福
roe,ro,,n.鱼卵,托福
quiver,'kwɪvɚ,,vi.颤动， 抖动 n.颤抖；箭筒,托福
encase,ɪn'kes,,vt.包住,托福
telegraph,'tɛlɪɡræf,,v.打电报， 发电报 n.电报；电报机,托福
disappoint,'dɪsə'pɔɪnt,,v.失望， 扫兴,托福
rebellious,rɪ'bɛljəs,,a.反叛的， 叛逆的； 叛乱的,托福
gloss,ɡlɑs,,v.有光泽 n.光泽，色泽；亮光漆；注解,托福
ration,'ræʃən,,n.配给量，定量；给养，口粮 vt.配给， 定量供应,托福
construction,kən'strʌkʃən,,n.构造， 结构； 建筑物,托福
predict,prɪ'dɪkt,,v.预言， 预测,托福
dump,dʌmp,,vt.丢弃，倾倒；抛弃；推卸；倾销 n.垃圾场,托福
universal,'jʊnə'vɝsl,,a.普遍的， 全体的； 通用的， 万能的； 宇宙的， 全世界的,托福
subjective,səb'dʒɛktɪv,,a.主观的， 个人的,托福
blossom,'blɑsəm,,vi.开花； 长成 n.花,托福
radical,'rædɪkl,,a.根本的；激进的，极端的；全新的，不同凡响的 n.激进分子； 游离基， 自由基,托福
blunt,blʌnt,,a.钝的；不敏感的；直率的 vt.使迟钝； 使减弱,托福
irresistible,",ɪrɪ'zɪstəbl",,a.无法抗拒的， 诱人的； 不能自已的,托福
doodle,'dudl,,vi.乱涂， 胡画,托福
intuitive,ɪn'tuɪtɪv,,a.直觉的,托福
minute,'mɪnɪt,,a.细微的， 极小的； 细致入微的， 详细的 n.分， 分钟； 一会儿， 片刻； 时刻,托福
analogy,ə'nælədʒi,,n.类比， 类推,托福
transcendent,træn'sɛndənt,,a.卓越的， 出众的,托福
swirl,swɝl,,v.打旋， 旋转 n.漩涡；螺旋形,托福
application,ˌæpləˈkeʃən,,n.请求， 申请； 应用， 运用； 敷用,托福
productive,prə'dʌktɪv,,a.生产的； 能产的， 多产的； 富有成效的,托福
hummingbird,'hʌmɪŋbɝd,,n.蜂鸟,托福
semester,səˈmɛstɚ,,n.学期,托福
hypothesis,haɪ'pɑθəsɪs,,n.假设， 假说； 前提,托福
collapse,kə'læps,,v&n.崩溃， 倒塌； 虚脱,托福
dull,dʌl,,a.乏味的， 单调的； 迟钝的； 无光泽的； 萧条的； 阴沉的， 昏暗的,托福
ferment,fɚ'mɛnt,,v.发酵； 骚动 n.发酵； 动乱， 骚动,托福
comprehend,",kɑmprɪ'hɛnd",,v.理解， 领会； 包括， 由…组成,托福
potency,'potnsi,,n.影响力， 支配力； 效力,托福
accurate,'ækjərət,,a.正确无误的， 精确的,托福
octopus,'ɑktəpəs,,n.章鱼,托福
prostitution,'prɑstə'tʊʃən,,n.卖淫； 出卖灵魂， 堕落； 滥用,托福
legend,'lɛdʒənd,,n.传奇故事， 传说； 传奇文学,托福
paraphrase,ˈpærəfreɪz,,v.解释； 改写 n.释义,托福
erect,ɪ'rɛkt,,a.直立的 vt.建立； 竖立,托福
exalted,ɪg'zɔltɪd,,a.崇高的， 高贵的， 显赫的,托福
identification,aɪˌdentɪfɪ'keʃn,,n.身份证明； 辨认， 鉴定,托福
protein,'protin,,n.蛋白质,托福
annual,'ænjuəl,,a.每年的，一年一度的 n.年报， 年刊， 年鉴； 一年生植物,托福
exclusive,ɪk'sklusɪv,,a.独占的；除外的，排他的；奢华的 n.独家新闻,托福
jar,dʒɑr,,v.震动；冲突，抵触；感到不快 n.坛子； 广口瓶,托福
poverty,'pɑvɚti,,n.贫穷， 贫困,托福
repertoire,'rɛpɚ'twɑr,,n.常备剧目， 保留剧目； 可表演节目； 全部才能,托福
resort,rɪ'zɔrt,,vi.求助 n.度假胜地； 手段,托福
dwindle,'dwɪndl,,v.减少； 缩小,托福
lightning,'laɪtnɪŋ,,a.闪电般的， 快速的 n.闪电,托福
jaw,dʒɔ,,n.颌，颚；,托福
reef,rif,,n.礁， 暗礁,托福
margin,'mɑrdʒən,,n.边缘； 页边空白； 差数， 差额； 余地， 余裕,托福
nail,nel,,n.指甲，爪；钉 vt.将…钉牢， 钉住,托福
tarnish,'tɑrnɪʃ,,v.失去光泽；玷污，败坏 n.污点； 瑕疵,托福
sunlit,'sʌnlɪt,,a.阳光照射的,托福
refine,rɪ'faɪn,,vt.精炼， 精制； 使完善； 净化， 提纯,托福
mount,maʊnt,,v.增加；登上，攀登；骑上，乘上；发起，组织，开展 n.山， 山峰； 支架， 底座,托福
coexist,",koɪɡ'zɪst",,vi.共存,托福
acquiesce,",ækwi'es",,vi.默许， 默认,托福
pathetic,pə'θɛtɪk,,a.可怜的， 引起怜悯的， 令人怜惜的,托福
turkey,'tɝki,,n.火鸡； 失败,托福
atomic,ə'tɑmɪk,,a.原子的； 原子能的,托福
overtime,",ovə'taɪm",,ad.加班 a.超时的， 加班的,托福
scorch,skɔrtʃ,,v.烧焦；枯萎，枯黄 n.焦痕,托福
telescope,'tɛləˌskop,,n.望远镜,托福
mound,maʊnd,,n.土墩， 土丘； 堆， 垛,托福
gentility,dʒɛn'tɪləti,,n.有教养， 文雅,托福
accuse,ə'kjuz,,vt.谴责； 指责， 归咎； 指控， 控告,托福
algebra,'ældʒɪbrə,,n.代数,托福
espouse,ɪ'spaʊz,,vt.支持， 拥护， 赞成,托福
predecessor,'prɛdəsɛsɚ,,n.前辈； 前任； 原有事物,托福
acquire,ə'kwaɪr,,vt.获得， 取得,托福
tactic,'tæktɪk,,n.手段，策略；,托福
worth,wɝθ,,a.值…的，价值…的，值得…的 n.价值； 财产,托福
automobile,",ɔtəmə'bil",,n.汽车， 机动车,托福
fertile,ˈfɝtəl; (canadian) ˈfɝˌtaɪl,,a.肥沃的， 富饶的； 能结果的， 能繁殖的； 想象力丰富的,托福
diversity,dɪˈvəsɪti,,n.多样性,托福
notion,'noʃən,,n.概念， 观念； 想法,托福
captive,'kæptɪv,,a.被监禁的，被困住的；受控制的 n.俘虏， 战俘,托福
dividend,'dɪvɪdɛnd,,n.红利， 股息； 回报， 效益； 被除数,托福
popular,'pɑpjəlɚ,,a.通俗的； 受欢迎的； 流行的,托福
vice,vaɪs,,n.恶行， 恶习； 副， 代理,托福
esteem,ɪ'stim,,n&vt.尊重， 敬重,托福
outweigh,'aʊt'we,,vt.超过,托福
shear,ʃɪr,,v.剪； 切断， 剪切,托福
wedge-shaped,'wedʒˌʃeɪpt,,a.楔形的,托福
alga,'ælgɚ,,n.水藻,托福
dupe,dju:p,,n.上当者 vt.欺骗， 愚弄,托福
meteor,'mitɪɚ,,n.流星,托福
empower,ɪm'paʊɚ,,v.授权， 准许； 使控制局势,托福
suppress,sə'prɛs,,vt.抑制， 阻止； 镇压， 压制； 禁止发表， 查禁； 阻止…的生长,托福
crater,'kretɚ,,n.火山口； 坑,托福
gravitational,",ɡrævɪ'teʃənl",,a.重力的， 万有引力的,托福
wrinkle,'rɪŋkl,,v.起皱纹 n.皱纹,托福
calm,kɑm,,a.平静的；镇静的，沉着的 vt.使平静， 使镇定， 平息,托福
supervise,'sʊpɚ'vaɪz,,vt.监督； 指导,托福
fabulous,'fæbjələs,,a.寓言式的； 难以置信的； 极好的,托福
dilemma,"dəˈlɛmə, daɪ-",,n.困境， 进退两难的局面,托福
rub,rʌb,,n&v.擦， 摩擦,托福
through,θru,,ad.从头到尾，自始至终；直达，径直；彻底，完全 a.完成的， 结束的； 直达的， 直通的 prep.穿过，通过；从头到尾，自始至终；经由，以；因为，由于,托福
rug,rʌɡ,,n.地毯； 围毯,托福
hieroglyph,'haɪərəɡlɪf,,n.象形文字， 象形符号,托福
towering,'taʊərɪŋ,,a.高耸的； 杰出的,托福
occasional,ə'keʒənl,,a.偶然的， 不经常的； 临时的,托福
enact,ɪ'nækt,,v.制定法律， 颁布； 扮演,托福
deviant,'divɪənt,,a.不正常的，越出常规的 n.不正常的人,托福
pharaoh,'ferou,,n.法老,托福
scrutinize,'skrutənaɪz,,v.仔细检查， 细察,托福
realtor,'riːəltər,,n.房地产经纪人,托福
debate,dɪ'bet,,v&n.辩论； 讨论， 争论,托福
spacecraft,'speskræft,,n.航天器， 宇宙飞船,托福
extinguish,ɪk'stɪŋɡwɪʃ,,vt.熄灭， 扑灭； 消灭， 毁灭， 使破灭,托福
vulnerable,'vʌlnərəbl,,a.易受攻击的， 易受伤的,托福
preach,pritʃ,,v.布道， 讲道； 竭力鼓吹， 宣讲， 宣传； 说教,托福
fibrous,'faɪbrəs,,a.含纤维的； 纤维状的,托福
recollection,",rɛkə'lɛkʃən",,n.记忆力； 回忆， 记忆； 回想起来的事,托福
subjugate,'sʌbdʒuɡet,,vt.征服， 制伏， 使服从,托福
donate,'donet,,vt.捐赠； 赠送,托福
deplete,dɪ'plit,,vt.使枯竭， 耗尽,托福
bonanza,bə'nænzə,,n.富矿带； 带来好运的事； 兴盛， 繁荣,托福
statistic,stə'tɪstɪk,,n.统计数字，统计资料；,托福
nicotine,'nɪkətɪn,,n.尼古丁,托福
taboo,tə'bu,,a.忌讳的 n.禁忌，忌讳；禁止，避讳,托福
mold,mold,,n.霉菌；模型 vt.塑造,托福
bold,bold,,a.大胆的； 冒失的； 粗体的； 醒目的,托福
significant,sɪɡ'nɪfɪkənt,,a.有重大意义的， 重要的， 显著的； 意味深长的,托福
tentacle,'tɛntəkl,,n.触角， 触须， 触手,托福
overlap,'ovəlæp,,v.交叠， 部分重叠 n.重叠； 重叠的部分,托福
volunteer,",vɑlən'tɪr",,v.自愿做 a.志愿的， 义务的 n.志愿者；志愿军,托福
senate,'sɛnət,,n.参议院； 上院,托福
assassinate,ə'sæsn'et,,vt.暗杀， 行刺； 诋毁,托福
crow,kro,,v.啼叫， 打鸣； 得意洋洋 n.乌鸦,托福
bolt,bolt,,v.逃跑；闩上 n.插销， 门闩； 闪电,托福
congressional,kən'ɡrɛʃənl,,a.立法机构的； 代表大会的； 国会的,托福
boon,bʊn,,n.恩惠， 恩赐； 益处,托福
novelty,'nɑvlti,,n.新奇， 新颖； 新奇的事物,托福
boom,buːm,,vi.迅速发展，激增；发出低沉有力的声音 n.激增， 繁荣； 繁荣昌盛期,托福
abolish,ə'bɑlɪʃ,,vt.废止， 废除,托福
absence,'æbsns,,n.缺席； 缺乏,托福
attract,ə'trækt,,vt.吸引,托福
critique,krɪ'tik,,n.批评，评论 vt.写评论,托福
cautious,'kɔʃəs,,a.小心的， 谨慎的,托福
recession,rɪ'sɛʃən,,n.衰退， 衰退时期， 萧条时期； 撤回， 退回,托福
situated,'sɪtʃuetɪd,,a.坐落在…的； 处于…境地的,托福
malicious,mə'lɪʃəs,,a.怀有恶意的， 恶毒的,托福
vigilance,'vɪdʒələns,,n.警戒， 警惕,托福
ally,'ælaɪ,,v.结盟 n.同盟国； 结盟者， 支持者,托福
concentric,kən'sɛntrɪk,,a.同心的,托福
mantle,'mæntl,,n.覆盖物； 披风， 斗篷； 纱罩； 【地】地幔,托福
outrageous,aʊt'redʒəs,,a.残暴的； 骇人的； 反常的， 过度的,托福
abbreviate,ə'brivɪ'et,,vt.缩略， 缩写,托福
lavish,'lævɪʃ,,a.大方的， 慷慨的； 大量的； 浪费的 vt.慷慨给予，滥用；浪费，挥霍,托福
substance,'sʌbstəns,,n.物质； 主旨， 实质； 根据； 重要性,托福
varnish,'vɑrnɪʃ,,vt.上清漆 n.清漆,托福
tribal,'traɪbl,,a.部落的， 宗族的； 种族的,托福
bond,bɑnd,,v.黏合， 结合 n.联结，黏结；债券；黏合剂；契约，合同,托福
momentum,mo'mɛntəm,,n.动量； 动力， 冲力； 势头,托福
target,'tɑrɡɪt,,n.目标，对象；靶子 vt.把…作为目标,托福
discourse,'dɪskɔrs,,vi.讲述， 论述 n.演讲； 论文； 话语,托福
obstruct,əb'strʌkt,,vt.妨碍， 阻挠； 阻塞,托福
grind,ɡraɪnd,,v.打磨；磨，碾 n.磨碎， 碾碎； 苦差事,托福
bony,'boni,,a.瘦骨嶙峋的； 似骨的； 多骨的,托福
labyrinth,'læbərɪnθ,,n.迷宫； 错综复杂的事件,托福
aquatic,ə'kwætɪk,,a.水生的； 水上的,托福
cape,kep,,n.海角， 岬； 斗篷， 披肩,托福
microprocessor,",maɪkro'prosɛsɚ",,n.微处理器,托福
delicate,ˈdɛlɪkɪt,,a.易损的； 微妙的； 精巧的； 娇弱的， 纤细的,托福
rebel,rɪ'bɛl,,vi.造反， 起义， 反抗 n.叛逆者， 起义者,托福
modeling,'mɑdlɪŋ,,n.立体感； 建模， 造型,托福
bounce,baʊns,,v.弹起，反弹 n.弹跳； 反弹力,托福
ammonia,ə'monɪə,,n.氨， 氨水,托福
crustal,'krʌstl,,a.外壳的， 地壳的,托福
tissue,'tɪʃu,,n.纸巾，面巾纸,托福
experimental,ɛk'spɛrɪ'mɛntəl,,a.实验的， 用于实验的,托福
cart,kɑrt,,n.运货马车；手推车 vt.用车装运,托福
cast,kæst,,vt.浇铸；投掷；投射；蜕 n.铸件； 演员表， 全体演员； 投， 抛,托福
anxious,'æŋkʃəs,,a.渴望的； 担忧的； 令人焦虑的,托福
slice,slaɪs,,n.薄片；部分，份额 vt.把…切成片,托福
auditory,'ɔdətɔri,,a.耳的； 听觉的,托福
frost,frɔst,,v.结霜，蒙上霜 n.霜； 霜冻； 严寒,托福
larva,'lɑrvə,,n.〔昆虫的〕幼虫，幼体,托福
burrow,'bɝro,,v.挖掘，挖地洞；寻找，,托福
incline,ɪn'klaɪn,,v.倾斜； 倾向于 n.斜坡， 斜面,托福
olfactory,ɑl'fæktəri,,a.嗅觉的,托福
elevate,'ɛlɪvet,,vt.举起， 抬高； 提升职位； 使情绪高昂， 使兴高采烈,托福
designate,'dɛzɪɡnet,,a.已任命但尚未就职的 vt.命名；任命；指明，标示,托福
slick,slɪk,,a.光滑的； 熟练的； 圆滑的， 口齿伶俐的； 精巧的， 巧妙的,托福
oppressive,ə'prɛsɪv,,a.压迫的， 压制的； 令人焦虑的,托福
item,'aɪtəm,,n.项目， 条款； 一件商品； 一条， 一则,托福
canvas,'kænvəs,,n.画布； 油画； 帆布,托福
superintendent,",supərɪn'tɛndənt",,n.主管， 负责人； 指挥者， 管理者； 警长,托福
invasive,ɪn'vesɪv,,a.侵入的， 侵略的； 开刀的,托福
calculable,'kælkjələbl,,a.可计算的； 能预测的； 可信的,托福
hollow,'hɑlo,,a.空心的，中空的；凹陷的；空洞的，虚伪的；沉闷的， vt.挖空， 凿空,托福
shipwright,"'ʃɪp,raɪt",,n.造船者， 造船工人； 修船工,托福
epic,'ɛpɪk,,a.史诗般的； 艰苦卓绝的； 壮丽的， 宏大的 n.史诗；史诗般的电影；壮举,托福
downtown,'daʊn'taʊn,,ad.在市中心； 往市中心 a.市中心的,托福
rely,rɪ'laɪ,,vi.依赖， 依靠； 信赖， 信任,托福
moor,mur,,v.停泊， 系泊 n.沼泽；旷野，荒野,托福
slide,slaɪd,,v.滑动 n.滑动； 滑坡， 滑道； 幻灯片,托福
hydrothermal,",haɪdrə'θɝml",,a.热液的,托福
sticky,'stɪki,,a.黏的， 黏性的； 闷热的； 棘手的,托福
grill,ɡrɪl,,vt.烧烤；拷问，盘问 n.烤架,托福
care,kɛr,,v.关心， 关怀； 介意； 担忧 n.小心，谨慎；照看，照料；忧虑，焦虑,托福
pattern,'pætɚn,,n.模式，方式；样式，图案；样品，样本 vt.仿制； 使形成， 促成,托福
settle,'sɛtl,,v.安定， 安顿， 定居； 结束， 解决； 决定， 确定； 平静下来； 支付， 结算； 飞落， 停留,托福
increment,'ɪŋkrəmənt,,n.增加； 增量； 定期的加薪,托福
harsh,hɑrʃ,,a.恶劣的， 严酷的； 刺耳的； 粗糙的， 毛糙的,托福
smother,'smʌðɚ,,vt.使窒息而死； 厚厚地覆盖； 抑制， 扼杀； 把闷熄,托福
cramped,kræmpt,,a.狭小的， 狭窄的； 受限制的； 密小难认的,托福
vehicle,ˈviəkəl,,n.交通工具， 车辆； 工具， 手段,托福
scrape,skrep,,v.刮掉，擦掉；发出刺耳的刮擦声；,托福
kiln,kɪln,,n.窑， 炉,托福
bleak,blik,,a.阴冷的； 无望的， 令人沮丧的； 乏味的； 荒凉的,托福
meteorological,",mitɪərə'lɑdʒɪkl",,a.气象学的； 气象的,托福
cushion,'kʊʃən,,vt.起缓冲作用 n.垫子,托福
glorious,'ɡlɔriəs; 'ɡloriəs,,a.壮丽的， 辉煌的； 光荣的； 令人愉快的， 极好的,托福
bilateral,",baɪ'lætərəl",,a.有两边的； 双边的,托福
plateau,plæ'to,,vi.保持稳定水平 n.高原；稳定期，停滞期,托福
aptitude,"ˈæptɪˌtud, -ˌtjud",,n.适合， 恰当； 天资， 才能， 资质,托福
daisy,'dezi,,n.雏菊； 一流的人物,托福
stress,strɛs,,v.强调； 重读； 焦虑不安 n.压力；强调；精神压力，紧张；重音，重读,托福
reliance,rɪ'laɪəns,,n.依靠， 依赖； 信任,托福
display,dɪ'sple,,vt&n.陈列； 展示； 显示,托福
gnaw,nɔ,,v.啃， 咬,托福
disorder,dɪs'ɔrdɚ,,n.混乱， 凌乱； 动乱， 骚乱； 失调， 紊乱,托福
aggravate,'æɡrəvet,,vt.恶化， 加重； 激怒,托福
disquiet,dɪs'kwaɪət,,v.不安，忧虑 n.不安， 忧虑,托福
addictive,ə'dɪktɪv,,a.使人上瘾的； 使人沉醉的， 醉心的,托福
yarn,jɑn,,n.纱， 纱线； 故事,托福
spurn,spə:n,,vt&n.拒绝； 摈弃,托福
orchid,'ɔrkɪd,,n.兰， 兰花,托福
dairy,'dɛri,,a.乳品的 n.牛奶场；乳品店；奶制品,托福
plaque,plæk,,n.匾额； 牙斑,托福
membrane,'mɛmbren,,n.薄膜； 细胞膜,托福
mature,mə'tʃʊr,,a.成熟的；,托福
scavenger,'skævɪndʒɚ,,n.捡破烂的人， 拾荒者； 食腐动物,托福
alleviate,ə'livɪ'et,,vt.减轻， 缓解， 缓和,托福
talent,'tælənt,,n.天赋； 才干； 人才,托福
scoff,skɔf,,vi.嘲笑， 讥笑,托福
sacrificial,",sækrɪ'fɪʃl",,a.供奉的， 献祭的， 牺牲的,托福
factual,'fæktʃuəl,,a.实际的， 真实的， 事实的,托福
negotiate,nɪ'ɡoʃɪet,,v.谈判， 商议； 商定， 达成； 通过， 越过,托福
moth,mɔθ,,n.蛾,托福
germ,dʒɝm,,n.微生物， 细菌； 萌芽,托福
shatter,'ʃætɚ,,v.粉碎， 破碎； 破灭； 散开， 吹散； 给予极大打击,托福
credentialism,"krɪ'dɛnʃə,lɪzəm",,n.文凭主义,托福
glimpse,ɡlɪmps,,n.一看，一瞥 vt.瞥见,托福
moss,mɔs,,n.苔藓,托福
detective,dɪ'tɛktɪv,,a.侦探的 n.侦探，私人侦探,托福
transfer,træns'fɝ,,v.转移；转学；转让；换乘 n.转移； 转学； 转让； 换乘,托福
resin,'rɛzn,,n.树脂,托福
affection,ə'fɛkʃən,,n.喜爱，钟爱；,托福
diversion,dəˈvɝʒən; dəˈvɝʃən; daɪˈvɝʒən; daɪˈvɝʃən,,n.消遣， 娱乐； 转移， 转换,托福
omit,ə'mɪt,,vt.省略， 删去； 遗漏， 忽略,托福
courteous,'kɝtɪəs,,a.谦恭的， 有礼貌的,托福
limitation,",lɪmɪ'teʃən",,n.限制； 局限性,托福
sponsor,'spɑnsɚ,,vt.主办；赞助 n.发起者； 赞助者,托福
jog,dʒɑɡ,,vi.慢跑； 轻轻触碰,托福
ascertain,'æsɚ'ten,,vt.弄清， 查明,托福
insert,'ɪnsɝt,,vt.插入,托福
jot,dʒɑt,,vt.草草记下， 匆匆记下,托福
Neolithic,ˌniəˈlɪθɪk,,a.新石器时代的,托福
highlight,'haɪlaɪt,,vt.强调，突出；以强烈光线照射 n.最精彩部分,托福
database,'detəbes,,n.数据库,托福
sac,sæk,,n.囊， 液囊,托福
patient,ˈpeʃənt,,a.有耐心的，能忍耐的 n.病人， 患者,托福
reject,rɪ'dʒɛkt,,vt.拒绝， 抵制； 抛弃， 摈弃， ， 丢弃； 拒收， 不录用； 排斥 n.被拒货品， 不合格产品,托福
sheer,ʃɪr,,ad.垂直地，陡峭地 vi.急转， 偏离 a.陡峭的；完全的，十足的，全然的；绝对的；极薄的,托福
imitation,",ɪmɪ'teʃən",,n.模仿， 仿效； 仿制； 仿造品,托福
compliment,ˈkɑːmplɪmənt,,vt.赞美， 称赞 n.赞美；,托福
miracle,'mɪrəkl,,n.奇事， 奇迹,托福
rinse,rɪns,,vt.冲洗，漂洗，冲刷 n.漂洗， 冲洗， 洗涤； 染发剂,托福
amount,ə'maʊnt,,vi.总计 n.总额,托福
comply,kəm'plaɪ,,vi.服从； 遵守,托福
sap,sæp,,vt.使衰竭；削弱，逐渐破坏 n.液， 汁； 精力； 笨蛋,托福
spellbind,"'spɛl,baɪnd",,vt.用妖术迷惑； 迷住， 使入迷,托福
nectar,'nɛktɚ,,n.花蜜； 甘美的饮料， 琼浆玉液,托福
feudal,'fjudl,,a.封建的,托福
kingdom,'kɪŋdəm,,n.王国； 领域， 界,托福
spread,sprɛd,,v.展开；蔓延，扩散；散布；涂，敷 n.传播， 蔓延； 涉及幅度， 活动范围,托福
puppet,'pʌpɪt,,n.木偶； 玩偶； 傀儡， 受人操纵的人,托福
educated,'ɛdʒə'ketɪd,,a.受过教育的， 有教养的,托福
favor,'fevɚ,,n.帮助； 赞同， 支持； 偏爱,托福
latter,'lætɚ,,a.后面的，后半期的；后者的 n.后者,托福
clinic,'klɪnɪk,,n.门诊部， 诊所,托福
affiliate,ə'fɪlɪet,,vt.使隶属于 n.分公司,托福
simply,'sɪmpli,,ad.简单地， 简明地； 简直； 仅仅， 只； 朴素地， 简朴地,托福
recessive,rɪ'sɛsɪv,,a.隐性的,托福
equivalent,ɪ'kwɪvələnt,,a.相同的； 相当的 n.对等物；等价物,托福
momentary,'moməntɛri,,a.片刻的， 瞬间的， 暂时的,托福
hypocritical,",hɪpə'krɪtɪkl",,a.伪善的， 虚伪的,托福
constricted,kən'strɪktɪd,,a.狭窄的； 收缩的； 抑制的， 约束的,托福
sensational,sɛn'seʃənl,,a.轰动性的， 引起哗然的， 耸人听闻的； 〈口〉极好的， 绝妙的,托福
canoe,kə'nu,,vi.乘独木舟，划独木舟 n.独木舟,托福
wedge,wɛdʒ,,n.楔子；楔形物 vt.■入， 塞入,托福
alienate,'eiljəneit,,vt.使疏远， 使不友好； 转让， 让渡,托福
awake,ə'wek,,v.唤醒；醒；觉醒，醒悟 a.醒着的； 警觉的,托福
plague,pleɡ,,vt.困扰，使苦恼；纠缠 n.鼠疫； 传染病； 祸患， 灾害,托福
perpetual,pɚ'pɛtʃuəl,,a.连续不断的； 永久的， 长期的,托福
retrospect,'rɛtrəspɛkt,,n.回顾， 反顾,托福
fascinate,'fæsə'net,,v.深深吸引， 迷住,托福
offer,'ɔfɚ,,v.提供；自愿给予；提出，提议 n.提议； 报价， 出价； 特价,托福
diplomatic,",dɪplə'mætɪk",,a.外交的， 从事外交的； 有策略的， 有手腕的， 老练的,托福
projector,prə'dʒɛktɚ,,n.放映机， 幻灯机， 投影仪,托福
draft,dræft,,a.供役使的 n.草图，草稿；汇票；气流 vt.起草；征募，选派,托福
loath,loθ,,a.不情愿的， 勉强的,托福
complex,ˈkɑmplɛks;kəmˈplɛks,,a.合成的， 综合的； 复杂的， 错综的， 难以理解的 n.建筑群； 综合体， 集合体； 情结,托福
humidity,hju'mɪdəti,,n.湿度； 潮湿,托福
fluid,'fluɪd,,a.液体的； 流动的 n.液体，流体,托福
pamphlet,ˈpæmflɪt,,n.小册子,托福
healthful,'hɛlθfl,,a.有益健康的,托福
posit,'pɑzɪt,,vt.安排； 假定,托福
ornate,ɔr'net,,a.华丽的， 豪华的,托福
metropolis,mə'trɑpəlɪs,,n.首府； 大都市,托福
documentation,'dɑkjəmɛn'teʃən,,n.文件； 归档， 文献记录,托福
proliferate,prə'lɪfə'ret,,vi.激增， 迅速繁殖,托福
personal,'pɝsənl,,a.个人的， 私人的； 亲自的,托福
plastic,'plæstɪk,,a.塑料的； 可塑的； 做作的， 虚伪的 n.塑料,托福
delay,dɪ'le,,v.耽搁，延迟 n.耽搁， 延迟,托福
onslaught,'ɑnslɔt,,n.冲击； 攻击， 猛攻,托福
transient,ˈtrænʃnt; trænʃənt,,a.短暂的， 转瞬即逝的； 临时的,托福
disrepute,",dɪsrɪ'pjut",,n.坏名声， 不光彩,托福
plank,plæŋk,,n.木板； 政策要点， 政纲的核心,托福
heyday,'hede,,n.全盛期,托福
sponge,spʌndʒ,,v.用海绵擦， 揩 n.海绵；寄生虫,托福
deal,dil,,v.处理， 对付； 给予； 做买卖， 经营 n.交易，买卖；协议,托福
spaghetti,spə'ɡɛti,,n.意大利式细面条,托福
insulate,ˈɪnsəˌleɪt ; ˈɪnsjʊˌleɪt,,vt.使隔离， 使隔绝,托福
scheme,skim,,v.密谋， 秘密策划， 图谋 n.计划，方案；阴谋；体系，体制,托福
affect,ə'fɛkt,,vt.影响； 感染,托福
drain,dren,,v.流走，流出；使耗尽 n.下水道， 排水沟； 排放； 消耗,托福
smoothly,'smʊðli,,ad.顺利地； 平稳地； 平静地,托福
isolate,aɪslˌet,,vt.使隔离， 使孤立,托福
civil,'sɪvl,,a.市民的， 公民的， 平民的； 民事的； 国家的， 政府的； 文明的， 有教养的,托福
subsequent,'sʌbsɪkwənt,,a.随后的； 并发的,托福
indicate,'ɪndɪket,,v.表明， 显示； 指出， 指示； 象征， 预示； 暗示， 间接提及,托福
metabolic,",mɛtə'bɑlɪk",,a.新陈代谢的,托福
completion,kəm'pliʃən,,n.完成， 实现； 结束,托福
contain,kən'ten,,vt.包含， 容纳； 控制； 防止…蔓延,托福
litter,'lɪtɚ,,v.乱扔； 使凌乱 n.废弃物，垃圾；一窝幼崽,托福
sew,so,,v.缝， 做针线活； 缝补， 缝上,托福
oval,'ovl,,a.卵形的，椭圆形的 n.卵形， 椭圆形,托福
column,'kɑləm,,n.专栏； 圆柱， 支柱； 纵队,托福
indigent,'ɪndɪdʒənt,,a.贫困的， 贫穷的,托福
biography,baɪ'ɑɡrəfi,,n.传记,托福
procedure,prə'sidʒɚ,,n.程序， 手续， 步骤,托福
sample,'sæmpl,,n.样品，标本 vt.抽样调查； 品尝， 体验,托福
integrate,'ɪntɪɡret,,v.合并， 成为一体,托福
operant,'ɑpərənt,,a.运转中的；生效的；操作性的 n.起作用的人,托福
cellist,'tʃɛlɪst,,n.大提琴演奏家,托福
applicant,'æplɪkənt,,n.申请者,托福
awesome,'ɔsəm,,a.使人敬畏的； 使人恐惧的,托福
admiration,",ædmə'reʃən",,n.钦佩， 赞赏， 羡慕,托福
Jupiter,'dʒʊpətɚ,,n.木星,托福
pique,pik,,vt.激怒；激起，引起 n.恼怒， 生气； 怨恨,托福
planetary,'plænətɛri,,a.行星的,托福
ultraviolet,",ʌltrə'vaɪələt",,a.紫外的,托福
diagnose,",daɪəɡ'nos",,v.诊断； 判断,托福
petition,pə'tɪʃən,,v.请愿， 正式请求 n.请愿；请愿书；诉状,托福
somewhat,'sʌmwʌt,,ad.稍微， 有点,托福
vicinity,və'sɪnəti,,n.邻近， 附近,托福
earnest,'ɜːrnɪst,,a.认真的；真诚的 n.诚挚； 认真,托福
validity,və'lɪdəti,,n.合法性； 符合逻辑,托福
crevice,'krɛvɪs,,n.缺口， 裂缝,托福
precede,prɪ'sid,,v.在…之前， 先于,托福
humorous,'hjumərəs,,a.幽默的， 滑稽的， 诙谐的,托福
bet,bɛt,,v.打赌； 敢说， 确信 n.打赌；赌注,托福
differentiate,",dɪfə'rɛnʃɪet",,v.不同， 区别,托福
discharge,dɪs'tʃɑrdʒ,,v.释放； 放； 解雇； 清偿； 履行 n.流出物； 放电,托福
disadvantage,",dɪsəd'væntɪdʒ",,n.缺点， 障碍， 不利之处,托福
plaster,'plæstɚ,,v.在…上抹灰泥， 厚厚地涂 n.灰浆，灰泥，石膏,托福
metropolitan,",mɛtrə'pɑlɪtən",,a.大都市的； 本土的,托福
eclecticism,ɪ'klektɪsɪzəm,,n.折中主义,托福
garbage,'ɡɑrbɪdʒ,,n.垃圾， 废物； 废话， 无聊的东西； 垃圾箱,托福
suspicious,sə'spɪʃəs,,a.可疑的， 令人怀疑的； 不信任的， 猜疑的， 多疑的,托福
complain,kəm'plen,,v.诉苦， 抱怨； 投诉； 控告,托福
polygamy,pə'lɪɡəmi,,n.一夫多妻制， 一妻多夫制， 多配偶制,托福
renovate,'rɛnəvet,,vt.修复； 更新， 翻新,托福
adjust,ə'dʒʌst,,v.调整， 调节； 适合， 适应； 校正， 校准,托福
debt,dɛt,,n.债务； 负债情况； 罪过,托福
perpendicular,'pɝpən'dɪkjəlɚ,,a.成直角的，垂直的 n.垂直线,托福
ordinate,'ɔrdɪnət,,n.纵坐标,托福
deem,dim,,vt.认为， 相信,托福
stiffen,'stɪfn,,v.变僵硬； 变坚定， 变强硬,托福
compel,kəm'pɛl,,vt.驱使， 强迫,托福
depress,dɪ'prɛs,,vt.降低， 削弱； 使沮丧； 使萧条,托福
pendant,'pɛndənt,,n.垂饰， 下垂物,托福
repress,rɪ'prɛs,,vt.克制， 抑制； 镇压， 压制,托福
riddle,'rɪdl,,n.谜；谜语；难解之谜；粗筛 vt.使布满窟窿,托福
apprise,ə'praiz,,vt.通知， 告诉,托福
candid,'kændɪd,,a.坦白的， 直率的， 直言不讳的,托福
client,'klaɪənt,,n.委托人， 当事人； 顾客,托福
plankton,'plæŋktən,,n.浮游生物,托福
conversion,kən'vɝʒn,,n.转变， 变换； 改变信仰， 皈依,托福
brilliant,'brɪljənt,,a.给人印象深刻的； 闪耀的； 杰出的， 卓越的,托福
practical,'præktɪkl,,a.实用的； 实际的； 现实的,托福
deductive,dɪ'dʌktɪv,,a.演绎的， 推论的,托福
breathing,'briðɪŋ,,n.呼吸,托福
bound,baʊnd,,a.被束缚的，有义务的 v.跳跃； 弹回； 形成…的界线， 给…划界,托福
falter,'fɔltɚ,,v.衰退， 衰落； 发抖， 结巴地说； 蹒跚,托福
breed,brid,,v.〔动物〕交配繁殖 n.〔宠物或牲畜的〕品种,托福
elusive,ɪ'lusɪv,,a.难以理解的， 难懂的； 难捕捉的； 逃避的,托福
appraise,ə'prez,,vt.估价； 估量； 评价， 评定,托福
pyramid,'pɪrəmɪd,,n.金字塔； 锥体； 金字塔形物； 金字塔式的组织,托福
realm,rɛlm,,n.王国， 国度； 界， 范围， 领域,托福
avoid,ə'vɔɪd,,vt.避免， 规避,托福
comprehensive,ˌkɑːmprɪˈhensɪv,,a.全面的； 综合的,托福
entourage,'ɑnturɑʒ,,n.〈总称〉随从， 随行人员,托福
prompt,prɑmpt,,a.敏捷的；及时的，迅速的 vt.促进，推动；提示；鼓励 n.提词， 提示,托福
tunnel,'tʌnl,,v.开凿隧道； 挖地道 n.隧道；地道,托福
elaborate,ɪ'læbəret,,a.精心制作的， 复杂精美的 v.详述； 详细制订， 精心制作,托福
fulfill,ful'fɪl,,vt.履行； 实现； 符合， 具备,托福
advanced,əd'vænst,,a.先进的； 高级的， 高等的； 晚期的， 后期的,托福
output,'aʊtpʊt,,n.产量； 输出； 产生,托福
fatigue,fə'tig,,n.劳累； 疲劳,托福
inactive,ɪn'æktɪv,,a.不活动的； 怠惰的,托福
modem,'mo'dɛm,,n.调制解调器,托福
costume,ˈkɑsˌtum,,n.服饰； 服装， 装束； 戏装,托福
crown,kraʊn,,v.加冕； 使圆满， 使完美 n.王冠；花冠,托福
inquire,ɪn'kwaɪr,,v.打听， 询问,托福
gymnasium,dʒɪm'nezɪəm,,n.体育馆； 健身房,托福
vain,ven,,a.徒然的， 无效的； 自负的， 虚荣的,托福
harmonious,hɑr'monɪəs,,a.和谐的， 协调的； 和睦的， 融洽的,托福
filament,'fɪləmənt,,n.灯丝； 细丝,托福
spheroid,'sfɪrɔɪd,,n.球状体， 椭球体,托福
operate,'ɑpə'ret,,v.运转， 开动； 动手术； 经营， 管理； 起作用,托福
verdict,'vɝdɪkt,,n.裁定； 判断； 意见,托福
stereo,'stɛrɪo,,a.立体声的 n.立体声,托福
doctrine,'dɑktrɪn,,n.教条， 教义； 学说,托福
template,'tɛmplet,,n.模板， 样板,托福
proportion,prə'pɔrʃən,,n.比例； 部分； 均衡， 相称,托福
crystal,'krɪstl,,n.水晶；晶体，,托福
prophet,'prɑfɪt,,n.先知； 预言者； 拥护者， 鼓吹者,托福
pursuit,pɚ'sut,,n.追求；,托福
cowhand,'kaʊhænd,,n.牛仔， 牧牛工,托福
plate,pleɪt,,n.盘子；板条，板材；号码牌 vt.镀， 电镀； 覆盖,托福
tournament,ˈtɝ​nəmənt,,n.比赛； 锦标赛,托福
ruthless,'rʊθləs,,a.无情的， 残酷的， 冷酷的； 坚决的， 彻底的,托福
lure,lʊr,,vt.吸引，诱惑 n.诱惑力； 诱饵,托福
simile,'sɪməli,,n.明喻,托福
inflammation,'ɪnflə'meʃən,,n.炎症， 发炎,托福
dissolve,dɪ'zɑlv,,v.溶解； 清除； 解散， 结束,托福
prejudice,'prɛdʒədɪs,,n.偏见，成见 vt.使产生偏见； 使…受到损害， 有损于,托福
angle,'æŋɡl,,v.把…放置成一角度； 使带上倾向性 n.角；角度，立场，观点,托福
immigrant,'ɪmɪɡrənt,,a.移来的，移民的 n.移民； 侨民,托福
urgent,'ɝdʒənt,,a.急迫的， 紧迫的,托福
optic,'ɑptɪk,,a.眼的；视觉的；光学上的 n.光学仪器,托福
bundle,'bʌndl,,n.捆，束；包袱 vt.收集， 归拢； 把…塞入,托福
soybean,"'sɔɪ,bin",,n.大豆,托福
counseling,'kaʊnslɪŋ,,n.咨询； 辅导,托福
thorn,θɔrn,,n.刺， 荆棘； 带刺小灌木,托福
break,brek,,v.破，裂，碎；使中止，打断，断绝；损坏，弄坏；违犯；打破；破晓 n.打断， 中止； 休息时间； 破裂,托福
composer,kəm'pozɚ,,n.作曲家， 作曲者,托福
predominate,prɪ'dɑmə'net,,vi.统治， 支配， 占优势,托福
porous,'pɔrəs,,a.有孔的， 多孔的； 能渗透的,托福
systematic,'sɪstə'mætɪk,,a.系统的， 体系的,托福
vogue,voɡ,,a.流行的， 时髦的 n.时尚，风气，流行,托福
combustible,kəm'bʌstəbl,,a.可燃的， 易燃的,托福
reapply,",riə'plaɪ",,v.再申请； 再利用,托福
likewise,'laɪkwaɪz,,ad.同样； 也,托福
bacon,'bekən,,n.咸肉， 熏肉,托福
hide,haɪd,,v.躲藏；掩藏；掩盖 n.兽皮,托福
polygon,'pɑlɪɡɑn,,n.多角形， 多边形,托福
corporate,ˈkɔːrpərət,,a.法人的， 公司的； 共同的， 全体的,托福
instruction,ɪn'strʌkʃən,,a.说明用法的 n.教导；,托福
shuffle,'ʃʌfl,,v&n.拖着脚走； 洗； 蒙混； 搅乱,托福
infatuate,ɪn'fætjʊɪt,,vt.使迷恋； 使糊涂,托福
constant,'kɑnstənt,,a.坚定的；稳定的；不变的，持续的 n.常数， 恒量,托福
debatable,dɪ'betəbəl,,a.有争议的,托福
lament,lə'mɛnt,,n.挽歌，悼词 vt.抱怨； 痛惜,托福
outrage,'aʊtredʒ,,n.暴行；,托福
diffuse,dɪ'fjus,,v.散播， 传播； 漫射， 扩散 a.扩散的， 漫射的； 冗长的,托福
communal,kəˈmjunəl,,a.公共的， 共享的； 社区的,托福
split,splɪt,,v.分开，分裂；撕裂；分担，分享；断绝关系，分手 n.裂口； 分化， 分裂,托福
contagious,kən'tedʒəs,,a.传染性的； 有感染力的,托福
immerse,ɪ'mɝs,,vt.使浸没于； 使沉浸于， 使陷入,托福
publication,",pʌblɪ'keʃən",,n.出版， 发行； 出版物； 公布， 发表,托福
lust,lʌst,,v.对…有强烈的欲望 n.性欲；强烈的欲望,托福
sardonic,sɑːrˈdɑːnɪk,,a.嘲笑的， 讥讽的,托福
squirt,skwɝt,,v.喷射，喷；向…喷射 n.喷射； 〈口， 贬〉无名小辈,托福
sow,so,,v.播种， 种； 灌输； 煽动,托福
petroleum,pə'trolɪəm,,n.石油,托福
novice,'nɑvɪs,,n.生手， 新手； 新信徒,托福
portraiture,'pɔrtrətʃɚ,,n.画像技法； 肖像， 画像,托福
peripheral,pə'rɪfərəl,,a.不重要的； 外围的,托福
incoming,'ɪnkʌmɪŋ,,a.引入的；新任的；正来临的，刚收到的 n.进来，到来；,托福
inanimate,ɪn'ænɪmət,,a.无生命的； 无生气的,托福
level,'lɛvl,,a.平坦的；等高的 n.水平；高度；级别 vt.夷平， 使平坦,托福
preserve,prɪ'zɝv,,vt.保护， 维护； 保存， 保养,托福
lush,lʌʃ,,a.茂盛的,托福
establish,ɪˈstæblɪʃ,,vt.建立， 设立； 安置， 使定居； 确定， 证实,托福
mammoth,'mæməθ,,a.巨大的 n.猛犸， 毛象,托福
relevant,'rɛləvənt,,a.相关的， 有关的； 中肯的， 贴切的； 有价值的， 有意义的,托福
deter,dɪ'tɝ,,v.威慑， 阻止,托福
synthetic,sɪn'θɛtɪk,,a.合成的，综合的；人造的,托福
proclaim,prə'klem,,v.宣布， 声明； 显示,托福
bunch,bʌntʃ,,v.捆成一束； 聚集 n.簇，束，捆；帮，伙,托福
jolt,dʒolt,,v.震动，颠簸；震惊 n.震动， 颠簸； 震惊； 一阵强烈的感情等,托福
jeopardize,'dʒɛpɚdaɪz,,vt.破坏， 危及,托福
provincialism,prə'vɪnʃə'lɪzəm,,n.地方主义， 乡土性,托福
predominant,prɪ'dɑmənənt,,a.占优势的， 主导的， 支配的； 显著的， 盛行的,托福
domesticate,də'mɛstɪket,,vt.驯养， 驯化； 使精于家务， 使喜爱家居,托福
recipe,'rɛsəpi,,n.食谱； 方法， 秘诀， 诀窍,托福
roost,rust,,vi.栖息 n.栖息处， 鸟巢,托福
apportion,ə'pɔrʃən,,vt.分配； 分派,托福
mental,'mɛntl,,a.精神的； 智力的； 精神健康的,托福
decent,'disnt,,a.体面的； 适当的， 得体的； 令人满意的； 正派的,托福
afloat,ə'flot,,ad.漂浮地 a.漂浮的；有偿债能力的，能维持下去的,托福
switch,swɪtʃ,,v.转变， 改变； 交换， 掉换 n.开关，电闸；转换，改变；枝条，鞭子,托福
auxiliary,ɔːɡ'zɪlɪəri,,a.辅助的， 补助的， 补充的； 备用的， 后备的,托福
savage,'sævɪdʒ,,a.凶残的；野蛮的，未开化的 n.野蛮人，未开化的人 vt.残害； 激烈抨击,托福
viable,'vaɪəbl,,a.可行的， 可实施的； 可生长发育的,托福
facial,'feʃl,,a.面部的； 面部用的,托福
by-product,"'baɪ,prɑdəkt",,n.副产品； 副作用， 意外结果,托福
console,'kɑnsol,,vt.安慰， 抚慰,托福
auspicious,ɔ'spɪʃəs,,a.吉兆的， 吉利的； 幸运的,托福
chance,tʃæns,,v.碰巧， 偶然发生； 冒…的险 n.机会；可能性，偶然性；偶然的事,托福
medication,'mɛdɪ'keʃən,,n.药物治疗； 药物,托福
demanding,dɪ'mændɪŋ,,a.苛求的， 难满足的； 需要高的， 费力的,托福
drill,drɪl,,v.钻，打眼；训练 n.钻； 训练,托福
corollary,'kɔrəlɛri,,n.必然的结果； 推断,托福
conjure,'kʌndʒɚ,,v.变魔术， 变戏法； 召唤,托福
acknowledge,ək'nɑlɪdʒ,,v.承认， 确认； 对…表示感谢,托福
receptor,rɪ'sɛptɚ,,n.感受器； 受体,托福
dormant,'dɔrmənt,,a.静止的； 休眠的； 隐匿的,托福
lobby,'lɑbi,,v.游说 n.休息室，大厅；游说团,托福
pulse,pʌls,,n.脉搏， 脉率； 脉冲,托福
descriptive,dɪ'skrɪptɪv,,a.描述性的， 叙述的,托福
reconstruction,",rikən'strʌkʃən",,n.复兴； 改造， 再建,托福
hereditary,hə'rɛdə'tɛri,,a.遗传的； 可继承的， 世袭的,托福
stumble,'stʌmbl,,vi.绊脚； 蹒跚而行； 结巴,托福
lineage,'lɪnɪɪdʒ,,n.宗系， 世系， 血统,托福
lighthearted,'lait'hɑ:tid,,a.无忧无虑的； 愉快的,托福
hoard,hɔrd,,v.贮藏，囤积 n.储藏， 贮存,托福
vary,ˈveri,,v.改变， 变化,托福
coherent,ko'hɪrənt,,a.条理清楚的， 连贯的； 有表达能力的,托福
ledge,lɛdʒ,,n.突出部分； 暗礁,托福
delta,'dɛltə,,n.三角洲； 希腊字母表的第四个字母,托福
episode,'ɛpɪsod,,n.一段时期； 片段， 插曲； 一集,托福
infrared,",ɪnfrə'rɛd",,a.红外线的；产生红外线的 n.红外线,托福
respondent,rɪ'spɑndənt,,a.回答的 n.回答者，响应者；调查对象；被告,托福
ponder,'pɑndɚ,,v.思索， 沉思,托福
animate,'ænɪmet,,a.活的， 有生命的 vt.赋予生命， 使有活力,托福
scene,sin,,n.地点， 现场； 景色； 一场， 一个镜头； 场面； 活动领域， 圈子,托福
objective,əb'dʒɛktɪv,,a.客观的 n.目标，目的,托福
exert,ɪɡ'zɝt,,vt.运用， 行使； 施加； 努力， 竭力,托福
scandal,'skændl,,n.丑事， 丑闻； 恶意诽谤， 流言蜚语； 可耻的行为,托福
dormancy,'dɔrmənsi,,n.休眠； 催眠状态； 隐匿,托福
hinder,'hɪndɚ,,vt.阻碍， 妨碍,托福
scent,sɛnt,,n.香味，香气；气味；踪迹，线索；香水 vt.闻出； 察觉,托福
exhibit,ɪɡ'zɪbɪt,,v.陈列，展览；显示，表现 n.展览， 陈列,托福
adjunct,'ædʒʌŋkt,,n.附加物， 附件； 附加语， 修饰语,托福
mushroom,'mʌʃrʊm,,vi.迅速成长 n.蘑菇,托福
pinpoint,'pɪnpɔɪnt,,a.准确的， 精确的 vt.精准定位；准确解释 n.极小的范围；光点,托福
altruistic,",æltrʊ'ɪstɪk",,a.利他的， 无私心的， 为他人着想的,托福
extremity,ɪk'strɛməti,,n.末端； 极端， 极度,托福
deny,dɪ'nai,,v.否认； 拒绝承认； 拒绝给予,托福
alchemist,'ælkəmɪst,,n.炼金术士,托福
trench,trɛntʃ,,v.挖沟 n.沟渠，壕沟；战壕,托福
miserable,'mɪzrəbl,,a.痛苦的； 可怜的； 令人不快的,托福
subtract,səb'trækt,,vt.减去,托福
dent,dɛnt,,vt.使凹下；挫伤，损害 n.缺口， 凹痕,托福
hurricane,ˈhʌrɪken,,n.飓风， 暴风,托福
asthma,'æzmə,,n.哮喘,托福
hike,haɪk,,v&n.徒步旅行， 远足,托福
zigzag,'zɪɡzæɡ,,vi.曲折行进 a.之字形的，弯弯曲曲的 n.之字形,托福
mission,'mɪʃən,,n.代表团， 使团； 任务， 使命,托福
generalization,",dʒɛnrələ'zeʃən",,n.概括， 归纳,托福
biologist,baɪ'ɑlədʒɪst,,n.生物学家,托福
rancher,'ræntʃɚ,,n.牧场主； 大农场工人,托福
hustle,'hʌsl,,v.推搡，硬挤 n.忙碌；喧闹,托福
mercantile,'mɝkəntɪl,,a.贸易的， 商业的； 重商主义的,托福
dosage,'dosɪdʒ,,n.剂量,托福
motor,'motɚ,,a.机动的；肌肉运动的 n.发动机， 电动机,托福
access,'æksɛs,,n.通道；接近，进入；机会 vt.进入； 使用； 存取,托福
primitive,'prɪmətɪv,,a.原始的，远古的；简单的，粗糙的 n.原始人； 原始事物,托福
advisable,əd'vaɪzəbl,,a.可取的， 适当的； 明智的,托福
dormitory,'dɔrmətɔri,,n.宿舍,托福
hind,haɪnd,,a.后面的， 在后的,托福
overcome,",ovɚ'kʌm",,vt.战胜， 克服,托福
sum,sʌm,,v.共计， 合计， 总计 n.和，总数；金额，数额；算术,托福
stratigraphy,strə'tɪgrəfi,,n.地层学； 地层中的岩石组成,托福
obliterate,ə'blɪtə'ret,,vt.覆盖； 消灭； 忘却,托福
current,kɝ​ənt,,a.现行的， 当前的； 流通的； 最近的 n.流；潮流，趋势,托福
bookstore,bʊkstɔr,,n.书店,托福
obligate,"'ɑblɪ,ɡeɪt",,vt.使负义务， 强迫,托福
democrat,'dɛməkræt,,n.民主主义者； [D-]民主党人,托福
angiosperm,"'ændʒɪo,spɝm",,n.被子植物,托福
audit,'ɔdɪt,,vt.旁听； 审计,托福
cactus,'kæktəs,,n.仙人掌,托福
copper,'kɑpɚ,,n.铜； 铜币,托福
audio,'ɔdɪo,,a.音频的； 声音的,托福
patriarchy,'petrɪɑrki,,n.父权制， 父系社会， 家长统治,托福
incense,'ɪnsɛns,,n.〔燃烧时发出怡人香味的〕香 v.使〔某人〕十分愤怒,托福
offensive,ə'fɛnsɪv,,a.攻击性的；冒犯的，使人不快的；攻方的 n.进攻， 攻击； 攻势,托福
texture,'tɛkstʃɚ,,n.质地； 纹理； 结构,托福
amid,ə'mɪd,,prep.在…中， 被…围绕,托福
launch,lɔntʃ,,vt.发动，发起；推出；使下水；,托福
silt,sɪlt,,v.阻塞 n.淤泥,托福
quell,kwɛl,,vt.制止， 镇压； 缓解， 减轻,托福
understate,'ʌndɚ'stet,,vt.轻描淡写， 避重就轻地说,托福
confirm,kən'fɝm,,vt.证实； 使巩固； 批准,托福
detectable,dɪ'tɛktəbl,,a.可发觉的， 可察觉的,托福
bud,bʌd,,vi.发芽， 萌芽 n.芽；蓓蕾,托福
uppermost,'ʌpɚmost,,ad.在最上面， 在最重要的位置 a.最高的，最上面的；最重要的,托福
expeditious,",ɛkspə'dɪʃəs",,a.迅速而有效的， 迅速完成的,托福
gallop,'ɡæləp,,v.飞奔， 疾驰,托福
neoclassical,",nio'klæsɪkl",,a.新古典主义的,托福
mortality,mɔr'tæləti,,n.死亡率,托福
vast,væst,,a.巨大的； 大量的； 范围广的,托福
dissent,dɪ'sɛnt,,vi.不同意，持异议 n.不同意见， 异议,托福
symbol,'sɪmbl,,n.符号， 标志； 象征,托福
ignite,ɪɡ'naɪt,,v.点燃， 着火,托福
declare,dɪ'klɛr,,v.表明； 断言， 声称； 申报,托福
calamitous,kə'læmɪtəs,,a.灾难性的,托福
available,ə'veləbl,,a.可得到的， 可找到的； 有空的,托福
unequal,ʌn'ikwəl,,a.不同的， 不相等的； 不平等的， 不相称的； 不胜任的,托福
confine,kən'faɪn,,vt.限制； 禁闭,托福
advocate,ˈædvəkeɪt；-et,,vt.提倡 n.倡导者,托福
posthumous,'pɑstʃəməs,,a.死后的， 身后的,托福
horizontal,'hɔrə'zɑntl,,a.水平的； 与地面平行的,托福
consort,"'kɑn,sɔrt",,vi.结交； 鬼混 n.配偶； 团伙,托福
drawback,'drɔbæk,,n.缺点， 障碍， 不利条件； 退款， 退税,托福
missile,'mɪsl,,n.发射物； 导弹， 飞弹,托福
variant,'vɛrɪənt,,a.不同的， 变异的 n.变体，变形,托福
generate,'dʒɛnəret,,vt.产生； 引起， 导致,托福
beaver,'bivɚ,,vi.忙于 n.海狸； 海狸毛皮,托福
passion,'pæʃən,,n.激情， 热情,托福
extreme,ɪk'strim,,a.极度的；极端的 n.极端,托福
anecdotal,",ænɪk'dotl",,a.轶话的， 逸闻趣事的,托福
coordinate,ko'ɔrdɪnet,,v.协调， 相配合 n.同等物； 坐标,托福
athlete,'æθlit,,n.运动员， 体育家,托福
despoil,dɪ'spɔɪl,,vt.夺取， 掠夺； 蹂躏,托福
query,'kwɪri,,v.向…提问； 对…表示怀疑 n.疑问，问题,托福
degree,dɪ'ɡri,,n.程度； 度数； 学位； 等级,托福
dismal,'dɪzməl,,a.阴沉的， 阴郁的； 忧郁的， 沮丧的； 差劲的,托福
vocalize,'vokə'laɪz,,v.用言语表达； 说， 唱， 发声,托福
astronomy,ə'strɑnəmi,,n.天文学,托福
ranch,ræntʃ,,n.大牧场， 饲养场,托福
tube,tub,,n.管； 管状物； 管状器官,托福
discord,'dɪskɔrd,,n.不一致； 不和， 纷争； 不和谐,托福
ripple,'rɪpl,,v.起涟漪； 扩散 n.细浪，涟漪,托福
dismay,dɪs'me,,vt.使气馁，使沮丧；使诧异 n.灰心， 气馁； 诧异,托福
naval,'nevl,,a.海军的,托福
hint,hɪnt,,v.暗示， 示意 n.暗示，提示；,托福
myopic,maɪ'ɑpɪk,,a.近视的； 缺乏远见的,托福
illegible,ɪ'lɛdʒəbl,,a.难以辨认的， 模糊的,托福
demonstrate,'dɛmən'stret,,v.论证， 证明； 表现， 显露； 示范， 演示； 游行示威,托福
decompose,",dikəm'poz",,v.分解； 腐烂,托福
throng,θrɔŋ,,v.群集， 拥向 n.一大群人,托福
monument,'mɑnjumənt,,n.纪念碑； 历史遗迹,托福
inventory,'ɪnvəntɔri,,n.目录， 清单； 库存,托福
saunter,'sɔntɚ,,vi&n.闲逛， 漫步,托福
vivid,'vɪvɪd,,a.清晰的； 鲜明的； 生动的； 活泼的,托福
blues,bluz,,n.布鲁斯音乐， 蓝调,托福
defecate,'dɛfəket,,vi.排便； 澄清,托福
assent,ə'sɛnt,,n&vi.同意， 赞成,托福
virtue,'vɝtʃʊ,,n.美德； 优点,托福
coverage,'kʌvərɪdʒ,,n.新闻报道； 覆盖范围,托福
perishable,'pɛrɪʃəbl,,a.易腐的， 易变质的,托福
gradual,'ɡrædʒuəl,,a.逐渐的， 逐步的； 坡度平缓的， 不陡的,托福
figure,'fɪɡjɚ,,n.身材，体形；轮廓；数字；图形，图表；人物，,托福
corrupt,kə'rʌpt,,a.堕落的，腐化的；腐败的，,托福
commemorate,kə'mɛməret,,vt.庆祝， 纪念,托福
transmit,trænzˈmɪt,,v.传送， 传递， 输送； 传播， 传染,托福
consumption,kən'sʌmpʃən,,n.消耗； 消费； 食用,托福
repertory,'rɛpɚtɔri,,n.保留剧目； 保留剧目轮演； 库存， 储备； 仓库,托福
hazel,'hezl,,n.榛树 a.〔眼睛〕绿褐色的,托福
voltage,'voltɪdʒ,,n.电压， 伏特数,托福
vaccine,væk'sin,,n.疫苗,托福
zest,zɛst,,n.趣味； 热情， 狂热,托福
drought,draʊt,,n.干旱， 旱灾,托福
periodical,",pɪrɪ'ɑdɪkl",,a.周期的， 定期的 n.期刊，杂志,托福
bluff,blʌf,,v.虚张声势，吓唬 a.直率的， 坦率的 n.悬崖，峭壁；虚张声势，唬人,托福
punctual,'pʌŋtʃʊəl,,a.守时的,托福
compromise,'kɑmprəmaɪz,,n&v.妥协， 折中,托福
advertise,'ædvɚtaɪz,,vt.为…做广告， 宣传； 公告， 公布,托福
yogurt,'joɡət,,n.酸奶,托福
comparative,kəm'pærətɪv,,a.比较的；比较级的；相对的 n.比较级,托福
hesitant,'hɛzɪtənt,,a.犹豫的， 吞吞吐吐的， 犹豫不定的,托福
feedback,'fidbæk,,n.反馈； 反馈信息,托福
folklore,'foklɔr,,n.民间传说； 民俗学,托福
credential,krə'dɛnʃl,,n.证书； 文凭； 资格,托福
justify,'dʒʌstə'fai,,v.证明…是正当的； 为…辩护,托福
review,rɪ'vju,,vt&n.审查； 复习； 回顾； 评论； 检阅,托福
entrench,ɪn'trɛntʃ,,vt.使根深蒂固， 牢固确立,托福
timber,'tɪmbɚ,,n.木材， 木料,托福
roam,rom,,vi.漫游，漫步，闲逛 n.漫步， 漫游,托福
simulate,'sɪmjulet,,vt.模仿， 模拟； 假装， 伪装,托福
tenet,'tɛnɪt,,n.原则； 信条； 教义,托福
spectacle,'spɛktəkl,,n.精彩的表演；壮观的场面；奇观；壮丽的景象；,托福
efficiency,ɪˈfɪʃənsɪ,,n.效率， 功效,托福
ethnic,'ɛθnɪk,,a.种族的； 民族的,托福
lettuce,'lɛtɪs,,n.生菜； 莴苣,托福
intact,ɪn'tækt,,a.无损伤的， 完整的,托福
motto,'mɑto,,n.座右铭； 箴言， 格言,托福
juvenile,'dʒʊvənaɪl,,a.幼稚的， 不成熟的； 少年的， 未成年的 n.幼体；未成年人，少年,托福
pervasive,pɚ'vesɪv,,a.普遍深入的； 遍及的， 弥漫的,托福
tableland,'tebllænd,,n.高原， 台地,托福
hive,haɪv,,v.入蜂箱；群居 n.蜂箱， 蜂房； 闹市， 忙碌之地,托福
laborious,lə'bɔrɪəs,,a.艰苦的， 费力的， 艰难的； 勤劳的,托福
flag,flæg,,v.标记 n.旗帜；标记,托福
racing,'resɪŋ,,a.比赛的 n.比赛， 竞赛,托福
sympathetic,",sɪmpə'θɛtɪk",,a.感应的， 交感的； 有同情心的； 体谅的,托福
freight,fret,,n.货运；运费 vt.运送， 货运； 使充满,托福
wear,wɛr,,v.穿，戴；留；面露，面带；磨损，用旧 n.穿戴， 衣着； 服装， 穿戴物； 磨损， 损坏,托福
botany,'bɑtəni,,n.植物学； 植物,托福
range,rendʒ,,v.变动； 散布； 漫游 n.范围；山脉；一系列；射程，距离,托福
topsoil,'tɑp'sɔɪl,,n.表层土,托福
aurora,ɔː'rɔːrə,,n.极光,托福
glamorous,'glæmərəs,,a.富有魅力的， 迷人的,托福
disprove,",dɪs'pruv",,vt.证明…不成立， 证明…是错误的,托福
derive,dɪ'raɪv,,v.取得； 起源,托福
overseas,",ovɚ'siz",,ad.在海外，在国外 a.海外的， 国外的,托福
leak,lik,,v.漏，渗出，泄漏 n.漏洞， 裂缝； 泄露； 走漏,托福
complacence,kəm'plesns,,n.自满， 满足,托福
assert,ə'sɝt,,v.断言， 声称,托福
recall,'rikɔl,,v.回忆起，回想起；召回，叫回；收回，撤销 n.记忆力， 记性； 召回,托福
flap,flæp,,n.拍打；振翅；封盖，,托福
leap,lip,,vi.跳跃； 急速行动； 骤变； 激增 n.跳跃；骤变；激增,托福
regular,'rɛgjəlɚ,,a.规则的， 有规律的； 整齐的， 匀称的； 频繁的， 经常的； 正常的； 经常的； 正规的， 正式的,托福
glacial,'ɡleʃl,,a.冰川期的， 冰河时代的； 寒冷的， 冰冷的； 冷若冰霜的,托福
picturesque,",pɪktʃə'rɛsk",,a.如画的； 别致的； 生动的,托福
informed,ɪn'fɔrmd,,a.有学识的； 见多识广的， 有见识的,托福
dispute,'dɪs'pjʊt,,v.争论； 对…表示异议 n.争论；纠纷,托福
aggression,ə'ɡrɛʃən,,n.侵略； 敌对的情绪或行为,托福
refurbish,",ri'fɝbɪʃ",,vt.再装修， 重新装饰,托福
rugged,'rʌɡɪd,,a.崎岖的， 凹凸不平的； 艰难的； 粗犷的； 结实的， 耐用的； 粗野的， 不文雅的,托福
lead,lid; lɛd,,v.领导，引导；领先，占首位；通向，导致，,托福
fraction,'frækʃən,,n.小部分， 一点儿， 少许,托福
token,'tokən,,a.象征性的 n.表示，标志，象征；记号；信物；代币；礼券，代价券,托福
filter,'fɪltɚ,,v.过滤；筛选；走漏；渗入，透过 n.过滤器； 筛选,托福
expect,ɪk'spɛkt,,v.预期， 期望， 指望,托福
emotion,ɪ'moʃən,,n.感情， 激情， 情绪,托福
soothe,sʊð,,vt.缓和， 减轻； 抚慰， 安慰,托福
cease,sis,,v&n.结束， 终止， 停止,托福
assess,ə'sɛs,,vt.估价； 评定,托福
etiquette,'ɛtɪkɛt,,n.礼节， 礼仪,托福
prescription,prɪ'skrɪpʃən,,n.处方， 药方； 开处方， 开药方,托福
spectator,'spɛktetɚ,,n.观众； 旁观者,托福
submission,səb'mɪʃən,,n.屈服， 服从； 提交， 呈递； 提交物； 看法， 意见,托福
scarce,skɛrs,,a.缺乏的； 稀有的， 罕见的,托福
obsess,əb'sɛs,,v.迷住； 牵挂,托福
utter,'ʌtɚ,,a.完全的 vt.出声；说,托福
adequate,ˈædɪkwət,,a.适当的； 足够的； 适当的， 胜任的,托福
fauna,'fɔnə,,n.动物群,托福
uniformity,",jʊnə'fɔrməti",,n.同样， 一致； 一致性,托福
bustle,'bʌsl,,vi.奔忙， 匆匆忙忙 n.忙乱嘈杂，喧嚣,托福
dozen,'dʌzn,,n.一打， 十二个,托福
tremendous,trə'mɛndəs,,a.惊人的； 巨大的,托福
condense,kən'dɛns,,v.压缩； 凝结,托福
substantiate,səb'stænʃɪet,,vt.证实， 证明,托福
divert,dɪˈvɚt,,vt.转移…的注意力， 使分心； 使娱乐； 使转向， 使改道,托福
hygiene,'haɪdʒin,,n.卫生； 卫生学,托福
sage,sedʒ,,a.贤明的；审慎的 n.智者， 圣人,托福
tycoon,taɪ'kun,,n.巨头， 大亨,托福
conspicuous,kən'spɪkjʊəs,,a.显眼的， 明显的,托福
justice,'dʒʌstɪs,,n.法官； 司法； 正义， 公正,托福
verse,vɝs,,n.诗歌； 韵文； 诗节,托福
furious,'fjʊrɪəs,,a.狂怒的， 狂暴的； 强烈的， 猛烈的,托福
individual,ˌɪndəˈvɪdʒʊəl,,a.单独的；独特的 n.个人， 个体,托福
salmon,'sæmən,,n.鲑鱼， 大马哈鱼,托福
bouquet,bu'ke,,n.花束； 香味， 芬芳,托福
instinctual,ɪn'stɪŋktʃuəl,,a.本能的,托福
constrain,kən'stren,,vt.束缚， 限制,托福
empress,'ɛmprəs,,n.女皇， 皇后,托福
informant,ɪn'fɔrmənt,,n.提供消息或情报的人， 线人； 提供资料的人； 合作者,托福
tendon,'tɛndən,,n.腱,托福
interim,'ɪntərɪm,,a.暂时的， 过渡的 n.间歇，过渡期间,托福
testimony,'tɛstə'moni,,n.证词； 证据， 证明,托福
enforce,ɪn'fɔrs,,vt.实施， 生效， 执行； 强迫， 迫使,托福
glitter,'ɡlɪtɚ,,vi.闪烁，闪耀 n.灿烂的光辉； 诱惑力， 魅力,托福
destined,'dɛstɪnd,,a.注定的； 以…为目的地的,托福
fragile,'frædʒəl,,a.易碎的； 脆弱的； 纤巧的； 虚弱的,托福
painstaking,'penztekɪŋ,,a.煞费苦心的， 勤勉的,托福
sociology,",sosɪ'ɑlədʒi",,n.社会学,托福
stout,staʊt,,a.结实的， 强壮的； 肥胖的； 顽强的,托福
gigantic,dʒaɪ'ɡæntɪk,,a.巨大的， 庞大的,托福
distinct,dɪ'stɪŋkt,,a.明显的， 清楚的； 确实的； 截然不同的,托福
forage,'fɔrɪdʒ,,vi.觅食；搜寻 n.草料， 饲料,托福
nomadic,"nəu'mædik, nɔ-",,a.游牧的； 流浪的,托福
geology,dʒɪ'ɑlədʒi,,n.地质学； 地质概况,托福
hedge,hɛdʒ,,v.用篱笆围； 避免直接回答 n.树篱；防止损失的措施；防备,托福
dragonfly,ˈdrægənˌflaɪ,,n.蜻蜓,托福
aware,ə'wɛr,,a.知道的； 意识到的,托福
eligible,'ɛlɪdʒəbl,,a.符合条件的， 合格的； 适合的,托福
alarm,ə'lɑrm,,n.闹钟；警报 vt.使惊恐； 使担心,托福
weed,wid,,n.杂草； 水草,托福
Babylonian,",bæbi'ləunjən",,a.巴比伦的；奢华的 n.巴比伦人,托福
glacier,'ɡleʃɚ,,n.冰川， 冰河,托福
ultimatum,",ʌltɪ'metəm",,n.最后通牒,托福
horde,hɔrd,,n.一大群人； 游牧部落,托福
rainfall,'ren'fɔl,,n.降雨； 降雨量,托福
racism,'resɪzəm,,n.种族主义， 种族歧视,托福
orientation,orɪɛn'teʃən,,n.方向， 方位； 定位； 培训； 情况介绍,托福
luxurious,lʌɡ'ʒʊrɪəs,,a.奢侈的， 奢华的,托福
motion,'moʃən,,v.做动作， 示意 n.运动，移动；动作；提议，动议,托福
idle,'aɪdl,,a.懒散的；没有工作的，闲散的；空闲的；漫无目的的；无用的，无效的 v.无所事事， 虚度,托福
plight,plaɪt,,n.困境， 苦境,托福
match,mætʃ,,v.匹配 n.比赛；对手,托福
fault,fɔlt,,n.过错， 过失； 缺点， 弱点； 断层,托福
interplay,",ɪntɚ'plɛi",,n&vi.相互作用， 相互影响,托福
hail,hel,,v.招呼； 高呼； 赞扬， 称颂； 下冰雹 n.冰雹；一阵,托福
accent,'æksɛnt,,n.重音； 口音； 重音符号 vt.重读,托福
passive,'pæsɪv,,a.被动的， 消极的； 被动语态的,托福
nauseous,'nɔʃəs,,a.恶心的； 令人作呕的， 令人厌恶的,托福
fragment,'fræɡmənt,,v.分裂， 成碎片 n.碎片， 断片,托福
granite,'grænɪt,,n.花岗岩， 花岗石,托福
response,rɪ'spɑns,,n.回答； 反应， 响应,托福
refreshing,ri'frɛʃɪŋ,,a.使人耳目一新的； 提神的， 使人精神振作的,托福
oblivious,ə'blɪvɪəs,,a.遗忘的； 未注意的， 不知不觉的,托福
category,'kætəɡɔri,,n.种类； 范畴,托福
rival,'raɪvl,,a.竞争的， 对抗的 vt.与…相匹敌，比得上 n.竞争对手,托福
