word,phonetic,pos,definition,source
"a, an",eɪ; æn,art.,1.,英语专业四八级词汇表
"a, an",eɪ; æn,,(泛指)任何一 2. 某一个 3. 每一 4.,英语专业四八级词汇表
"a, an",eɪ; æn,,(表示类别)一种，一类 5.,英语专业四八级词汇表
"a, an",eɪ; æn,,(用于某些物质名词之前)一份，一客等 6.,英语专业四八级词汇表
"a, an",eɪ; æn,,(在艺术家的名字之前)…的作品 7. 同一,英语专业四八级词汇表
abacus,ˈæbəkəs,n.,算盘,英语专业四八级词汇表
abandon,əˈbændən,v.,1. 抛弃，放弃 2. 离弃(家园、船只、飞机等) 3. 遗弃(妻、子女等),英语专业四八级词汇表
abase,əˈbeɪs,v.,贬抑，使谦卑,英语专业四八级词汇表
abate,əˈbeɪt,,v.,英语专业四八级词汇表
abate,əˈbeɪt,,(指风势、疼痛等)减弱，减轻，减退,英语专业四八级词汇表
abbey,ˈæbɪ,n.,修道院，僧院，庵堂,英语专业四八级词汇表
abbreviate,əˈbriːvɪeɪt,v.,缩短(字、词组等)，缩写,英语专业四八级词汇表
abbreviation,əˌbriːvɪˈeɪʃn,n.,缩写,英语专业四八级词汇表
ABC,ˌeɪ biː ˈsiː,,n.,英语专业四八级词汇表
ABC,ˌeɪ biː ˈsiː,,(pl ABC’s或 ABCs) 1. 字母表 2.,英语专业四八级词汇表
ABC,ˌeɪ biː ˈsiː,,(某一方面的)基础知识,英语专业四八级词汇表
abdicate,ˈæbdɪkeɪt,v.,正式放弃(官职、权利)，让位，退位，逊位,英语专业四八级词汇表
abdomen,ˈæbdəmən,n.,腹(部)，下腹,英语专业四八级词汇表
abdominal,æbˈdɒmɪnəl,adj.,腹(部)的，下腹的,英语专业四八级词汇表
abduct,"əbˈdʌkt, æb-",v.,诱拐，拐走，绑架,英语专业四八级词汇表
aberrant,ˈæberənt,adj.,不循常轨的，不走正路的,英语专业四八级词汇表
abhor,əbˈhɔː,v.,憎恨(某人、某事物)，厌恶，讨厌,英语专业四八级词汇表
abide,əˈbaɪd,v.,忍受，容忍 || abide by遵守(法律等)，  信守(诺言等),英语专业四八级词汇表
abiding,əˈbaɪdɪŋ,,adj.,英语专业四八级词汇表
abiding,əˈbaɪdɪŋ,,(信念等)永恒的，持久的,英语专业四八级词汇表
ability,əˈbɪlətɪ,n.,1. 能力 2. 才能，才智 || to the best of one’s ability尽力地,英语专业四八级词汇表
abject,ˈæbdʒekt,adj.,1.,英语专业四八级词汇表
abject,ˈæbdʒekt,,(境况)凄惨的，绝望的 2.,英语专业四八级词汇表
abject,ˈæbdʒekt,,(人、动作或行为)无耻的，下贱的，卑鄙的,英语专业四八级词汇表
ablaze,əˈbleɪz,adj.,1. 着火，燃烧着 2. 闪耀，灯火辉煌,英语专业四八级词汇表
able,ˈeɪbl,adj.,1. 能，能够 2. 能干的，有才华的,英语专业四八级词汇表
ably,ˈeɪblɪ,adv.,能干地，熟练地,英语专业四八级词汇表
abnormal,æbˈnɔːməl,adj.,不正常的,英语专业四八级词汇表
abnormality,ˌæbnɔːˈmælətɪ,n.,不正常，变态,英语专业四八级词汇表
aboard,əˈbɔːd,adv.,& prep. 1. 登上(船、车、飞机等) 2. 在(船、车、飞机等)上,英语专业四八级词汇表
abode,əˈbəʊd,n.,房屋; 家 || of (with) no fixed abode 居无定所,英语专业四八级词汇表
abolish,əˈbɒlɪʃ,n.,废除，消除 v. 废除，取消,英语专业四八级词汇表
abolition,ˌæbəˈlɪʃn,n.,废止，废除,英语专业四八级词汇表
abominable,əˈbɒmɪnəbl,adj.,1. 可憎的，可恶的 2. 糟糕的，极坏的,英语专业四八级词汇表
aboriginal,ˌæbəˈrɪdʒənəl,adj.,1.,英语专业四八级词汇表
aboriginal,ˌæbəˈrɪdʒənəl,,(指人、动植物)土生的，原产地的 2. 土著的，土人的,英语专业四八级词汇表
aborigine,ˌæbəˈrɪdʒɪni,,n.,英语专业四八级词汇表
aborigine,ˌæbəˈrɪdʒɪni,,(澳洲的)土著; 土人,英语专业四八级词汇表
abort,əˈbɔːt,v.,1. 使流产，堕胎 2. 中止，(使)夭折，使(计划)失败,英语专业四八级词汇表
abound,əˈbaʊnd,v.,1. 大量存在，充满 2. 富有…，…丰富,英语专业四八级词汇表
about,əˈbaʊt,adv.,1. 大约，左右 2. 几乎，差不多 3. 到处，四处 4. 在附近 || be about to do sth正要做某事 [come about发生，成为现实] turn about向后转，转过身来[leave (sth) about到处乱放 prep.  1. 关于 2. 大约 3. 在周围，在四周 4. 在身边，在手头 || go about (sth)(着手)做…] set about (doing sth)开始做… /,英语专业四八级词汇表
about,əˈbaʊt,What,about (sth) ? ①…怎么样了?②…好吗?(用于提出建议),英语专业四八级词汇表
above,əˈbʌv,adv.,1. 在上面，在上方 2. 上述，上文  prep. 1. 在…之上，在…上面 2. 超过，多于，高于 || above all首先，最重要的是 /,英语专业四八级词汇表
above,əˈbʌv,be,above one太高深;不易理解,英语专业四八级词汇表
aboveboard,əˌbʌvˈbɔːd,adj.,光明磊落的，光明正大的，率直的,英语专业四八级词汇表
abrasive,əˈbreɪsɪv,adj.,1. 表面磨损的，损伤性的 2. 粗糙的，恼人的,英语专业四八级词汇表
abreast,əˈbrest,adv.,并排，并肩,英语专业四八级词汇表
abridge,əˈbrɪdʒ,v.,缩写，缩短,英语专业四八级词汇表
abroad,əˈbrɔːd,adv.,1. 在国外，往国外 2. 在外传扬; 到外 || go abroad去国外,英语专业四八级词汇表
abrupt,əˈbrʌpt,adj.,1. 突然的，出其 不意的 2. 陡峭的  3. 粗鲁的，无礼的,英语专业四八级词汇表
abruptly,əˈbrʌptlɪ,adv.,1. 突然，猛然 2. 粗暴地,英语专业四八级词汇表
absence,ˈæbsəns,n.,1. 缺席 2. 缺乏，不存在,英语专业四八级词汇表
absent,ˈæbsənt,adj.,1. 缺席的 2. 茫然的，心不在焉的 v. 使(自己)离开 || absent oneself from缺席,英语专业四八级词汇表
absentee,ˌæbsənˈtiː,n.,缺席(缺勤)者,英语专业四八级词汇表
absent-minded,ˌæbsənt ˈmaɪndɪd,adj.,心不在焉的,英语专业四八级词汇表
absolute,ˈæbsəluːt,adj.,1. 绝对的，完全的 2. 肯定的，确定的,英语专业四八级词汇表
absolutely,ˈæbsəluːtlɪ,adv.,1. 绝对地 2. 完全地,英语专业四八级词汇表
absolve,əbˈzɒlv,v.,1. 免除(某人的)承诺(责任等) 2. 赦免，免受惩处，宣告无罪,英语专业四八级词汇表
absorb,əbˈsɔːb,v.,1. 吸收(水、热、光等) 2. 吸引(注意)，使专心，使全神贯注,英语专业四八级词汇表
absorption,əbˈsɔːpʃən,n.,1. 吸收 2. 专注,英语专业四八级词汇表
abstain,əbˈsteɪn,v.,1. 戒绝(喝酒) 2. 放弃(投票等),英语专业四八级词汇表
abstention,əbˈstenʃən,n.,1. 戒绝 2.,英语专业四八级词汇表
abstention,əbˈstenʃən,,(投票)弃权,英语专业四八级词汇表
abstinence,ˈæbstɪnəns,n.,禁欲，节制,英语专业四八级词汇表
abstract,ˈæbstrækt,adj.,抽象的 n. 摘要，概括 v. 1. 提取，抽取 2. 摘录…的要点 3. 转移…(注意等),英语专业四八级词汇表
absurd,əbˈsɜːd,adj.,不合理的，荒谬的，可笑的,英语专业四八级词汇表
abundance,əˈbʌndəns,n.,丰富，充裕，大量,英语专业四八级词汇表
abundant,əˈbʌndənt,adj.,"大量的，充裕的，丰富的 || be abundant in,",英语专业四八级词汇表
abundant,əˈbʌndənt,be,abundant with 有丰富的，有大量的,英语专业四八级词汇表
abuse,əˈbjuːz,v.,1. 辱骂，咒骂 2. 滥用，妄用 3. 虐待  [əˈbjuːs] n. 1. 辱骂，咒骂 2. 滥用，妄用 3. 虐待 4. 弊病，恶习,英语专业四八级词汇表
abusive,əˈbjuːsɪv,adj.,辱骂的，咒骂的,英语专业四八级词汇表
abyss,əˈbɪs,n.,深渊，深坑,英语专业四八级词汇表
academic,ˌækəˈdemɪk,adj.,1. 学校的，学院的 2. 学者式的，非实用的 3. 学术的,英语专业四八级词汇表
academy,əˈkædəmɪ,n.,1. 学院，专科学校，研究院 2. 学会,英语专业四八级词汇表
accede,əkˈsiːd,v.,1. 同意  2. 就职,英语专业四八级词汇表
accelerate,əkˈseləreɪt,,v.,英语专业四八级词汇表
accelerate,əkˈseləreɪt,,(使)加速,英语专业四八级词汇表
accent,ˈæksent,n.,1. 音调，腔调，口音 2. 重音 3. 重音符号 4. 重要性，重点,英语专业四八级词汇表
accentuate,əkˈsentʃʊeɪt,v.,重读，重音读出,英语专业四八级词汇表
accept,əkˈsept,v.,1. 接受  2. 同意,英语专业四八级词汇表
acceptance,əkˈseptəns,n.,接受，领受,英语专业四八级词汇表
access,ˈækses,n.,1.,英语专业四八级词汇表
access,ˈækses,,(接近或进入某地的)方法，通路  2.,英语专业四八级词汇表
access,ˈækses,,(使用某物或接近某人的)机会或权利  v. 存取(计算机文件),英语专业四八级词汇表
accessible,əkˈsesəbl,adj.,易于得到(接近、达到的),英语专业四八级词汇表
accession,əkˈseʃən,n.,就职，登基,英语专业四八级词汇表
accessory,əkˈsesərɪ,n.,附属品，附件,英语专业四八级词汇表
accident,ˈæksɪdənt,n.,意外事件 || by accident偶然地  /without accident平安无事地,英语专业四八级词汇表
accidental,ˌæksɪˈdentəl,adj.,偶然的，意外的,英语专业四八级词汇表
acclaim,əˈkleɪm,v.,欢呼，喝彩，称赞,英语专业四八级词汇表
accommodate,əˈkɒmədeɪt,v.,1. 容纳，接纳，提供…住宿  2. 使适应，使适合，调节 3. 帮助解决(困难),英语专业四八级词汇表
accommodation,əˌkɒməˈdeɪʃən,,n.,英语专业四八级词汇表
accommodation,əˌkɒməˈdeɪʃən,,(usu pl) 住宿等条件，设施,英语专业四八级词汇表
accompaniment,əˈkʌmpənɪmənt,n.,1. 伴随物 2. 伴奏，伴唱,英语专业四八级词汇表
accompanist,əˈkʌmpənɪst,n.,伴奏者，和奏者,英语专业四八级词汇表
accompany,əˈkʌmpənɪ,v.,1. 伴随，陪同 2. 为…伴奏,英语专业四八级词汇表
accomplice,əˈkʌmplɪs,n.,从犯，帮凶,英语专业四八级词汇表
accomplish,əˈkʌmplɪʃ,v.,完成，实现，达到(目的),英语专业四八级词汇表
accomplished,əˈkʌmplɪʃt,adj.,1. 达到的，实现的 2. 熟练的，有造诣的，有素养的,英语专业四八级词汇表
accomplishment,əˈkʌmplɪʃmənt,n.,1. 完成，实现 2. 成就 3. 造诣，技能,英语专业四八级词汇表
accord,əˈkɔːd,v.,符合，一致 n. 协调，一致  || of one’s own accord自愿地，自动地,英语专业四八级词汇表
accordance,əˈkɔːdəns,n.,符合，一致  || in accordance with根据,英语专业四八级词汇表
according,əˈkɔːdɪŋ,,adv.,英语专业四八级词汇表
according,əˈkɔːdɪŋ,,(常用于 according to)  || according to①根据，按照②符合，合乎,英语专业四八级词汇表
accordingly,əˈkɔːdɪŋlɪ,adv.,1. 相应地 2. 因此，所以,英语专业四八级词汇表
accordion,əˈkɔːdɪən,n.,手风琴,英语专业四八级词汇表
account,əˈkaʊnt,n.,1. 账，账目，账户 2. 报道，记载，叙述  3. 原因，理由 || on account of 因为 /take into account考虑，重视,英语专业四八级词汇表
accountable,əˈkaʊntəbl,adj.,有责任的，有义务加以解说的,英语专业四八级词汇表
accountancy,əˈkaʊntənsi,n.,会计职业,英语专业四八级词汇表
accountant,əˈkaʊntənt,n.,会计师，会计,英语专业四八级词汇表
accredit,əˈkredɪt,v.,1. 认为(某说法等)出自某人 2. 委派,英语专业四八级词汇表
accrue,əˈkruː,v.,增加，增长,英语专业四八级词汇表
accumulate,əˈkjʊːmjʊleɪt,v.,积蓄，积累,英语专业四八级词汇表
accuracy,ˈækjʊrəsɪ,n.,精确，准确,英语专业四八级词汇表
accurate,ˈækjʊrət,adj.,准确的，精确的,英语专业四八级词汇表
accusation,ˌækjuːˈzeɪʃən,n.,1. 指责，控告，起诉 2. 罪状，罪名 3. 谴责,英语专业四八级词汇表
accuse,əˈkjuːz,v.,1. 指责，谴责 2. 控诉，控告,英语专业四八级词汇表
accustom,əˈkʌstəm,v.,使习惯,英语专业四八级词汇表
ace,eɪs,n.,1.,英语专业四八级词汇表
ace,eɪs,,(纸牌上的)么点 2. 一流人才，高手，佼佼者 3.,英语专业四八级词汇表
ace,eɪs,,(网球)(对手无法回击的)快速而有力的发球，发球得分,英语专业四八级词汇表
ache,eɪk,v.,&n. 疼痛,英语专业四八级词汇表
achieve,əˈtʃiːv,v.,1. 取得(成绩等) 2. 达到(目的)，取得(胜利),英语专业四八级词汇表
achievement,əˈtʃiːvmənt,n.,1. 完成，达到 2. 成就，成绩,英语专业四八级词汇表
acid,ˈæsɪd,adj.,1. 酸味的，苦味的 2. 尖刻的 n. 1. 酸(含氢的化学物质) 2. 迷幻药,英语专业四八级词汇表
acknowledge,əkˈnɒlɪdʒ,v.,1. 承认 2. 告知收到(信件、礼物等) 3. 表示感谢,英语专业四八级词汇表
acknowledgement,əkˈnɒlɪdʒmənt,n.,1. 承认，接受  2. 感谢，答谢 3.,英语专业四八级词汇表
acknowledgement,əkˈnɒlɪdʒmənt,,(表示受到某物的)回信，收条 4.,英语专业四八级词汇表
acknowledgement,əkˈnɒlɪdʒmənt,,(以微笑等)向人打招呼,英语专业四八级词汇表
acoustics,əˈkuːstɪks,n.,1. 声学，音响学 2. 音响效果,英语专业四八级词汇表
acquaint,əˈkweɪnt,v.,使认识，使了解,英语专业四八级词汇表
acquaintance,əˈkweɪntəns,n.,1. 相识，了解 2. 相识的人，熟人,英语专业四八级词汇表
acquiesce,ˌækwiˈes,v.,默认，顺从，默许,英语专业四八级词汇表
acquire,əˈkwaɪə,v.,1. 取得，获得，习得 2. 学到(知识等),英语专业四八级词汇表
acquisition,ˌækwɪˈzɪʃən,n.,1. 取得，获得 2. 得到的东西,英语专业四八级词汇表
acquit,əˈkwɪt,v.,1. 宣判(某人)无罪 2. 表现，履行，完成,英语专业四八级词汇表
acquittal,əˈkwɪtəl,n.,无罪的判决,英语专业四八级词汇表
acre,ˈeɪkə,n.,英亩,英语专业四八级词汇表
acrimony,ˈækrɪmənɪ,n.,严厉，辛辣,英语专业四八级词汇表
acrobat,ˈækrəbæt,n.,杂技演员,英语专业四八级词汇表
acronym,ˈækrənɪm,n.,首字母缩略词,英语专业四八级词汇表
across,əˈkrɒs,adv.,1. 从一边到另一边，宽 2. 过来，过去 3. 交叉地 || get sth across 使人领会，使人理解 prep. 1. 穿过，跨过 2. 在…的另一边，在…的对面 3. 交叉 4. 遍及…;在…的全境 ||across the country遍及全国,英语专业四八级词汇表
act,ækt,n.,1. 行为，举动，行动 2.,英语专业四八级词汇表
act,ækt,,(戏剧的)一幕 3. 法案 v. 行动，做某事,英语专业四八级词汇表
acting,ˈæktɪŋ,adj.,代理的，代行的,英语专业四八级词汇表
action,ˈækʃən,n.,1. 行动，行为，活动 2. 作用 3. 战斗，战绩 || take action采取行动,英语专业四八级词汇表
activate,ˈæktɪveɪt,v.,1. 使活动，使活跃，使积极 2. 刺激，激化,英语专业四八级词汇表
active,ˈæktɪv,adj.,1. 活跃的，积极的 2. 主动的 3. 在活动中的，现在的 4. 现役的,英语专业四八级词汇表
activist,ˈæktɪvɪst,n.,积极分子,英语专业四八级词汇表
activity,ækˈtɪvətɪ,n.,1. 所做的事情，活动，工作 2. 活动性，活力,英语专业四八级词汇表
actor,ˈæktə,n.,男演员,英语专业四八级词汇表
actress,ˈæktrɪs,n.,女演员,英语专业四八级词汇表
actual,ˈæktʃʊəl,adj.,实际的，现实的，事实上的,英语专业四八级词汇表
actuality,ˌæktʃʊˈælətɪ,n.,实际，真实,英语专业四八级词汇表
actually,ˈæktʃʊəlɪ,adv.,1. 事实上 2. 竟然,英语专业四八级词汇表
acumen,əˈkjuːmən,n.,敏锐，聪明，洞察力,英语专业四八级词汇表
acupuncture,ˈækjʊˌpʌŋktʃə,n.,针灸，针刺法，针疗法,英语专业四八级词汇表
acute,əˈkjuːt,adj.,1. 尖锐的，锐角的 2. 激烈的，严重的 3. 敏锐的 4.,英语专业四八级词汇表
acute,əˈkjuːt,,(疾病)急性的，(疼痛)剧烈的,英语专业四八级词汇表
ad,æd,,(abbre for advertisement) 广告,英语专业四八级词汇表
adamant,ˈædəmənt,adj.,坚定不移的，强硬的,英语专业四八级词汇表
adapt,əˈdæpt,v.,1. 使适应，适合 2. 改编，改写,英语专业四八级词汇表
adaptable,əˈdæptəbl,adj.,能适应新环境的，可改变的,英语专业四八级词汇表
adaptation,ˌædæpˈteɪʃən,n.,1. 改编 2. 适应 3. 改编本，改制物,英语专业四八级词汇表
"adapter, adaptor",əˈdæptə,n.,1. 适配器，转接器(用以转接不可直接连接的器材) 2. 转接器(可使几个用电器连接于同一插座上的一种插头) 3. 改编者,英语专业四八级词汇表
add,æd,v.,1. 加，增加 2.  附言 || add to增加，增添 /,英语专业四八级词汇表
add,æd,add,up to…合计为…,英语专业四八级词汇表
addict,ˈædɪkt; əˈdɪkt,n.,1. 有瘾的人 2. 对某事有强烈兴趣的人,英语专业四八级词汇表
addiction,əˈdɪkʃən,n.,沉溺，瘾,英语专业四八级词汇表
addictive,əˈdɪktɪv,,adj.,英语专业四八级词汇表
addictive,əˈdɪktɪv,,(使人)上瘾的，沉迷的,英语专业四八级词汇表
addition,əˈdɪʃən,n.,加，加法 || in addition (to)另外，除…之外,英语专业四八级词汇表
additional,əˈdɪʃənəl,adj.,附加的，追加的，另外的,英语专业四八级词汇表
additionally,əˈdɪʃənəlɪ,adv.,此外，而且,英语专业四八级词汇表
additive,ˈædɪtɪv,n.,添加物，添加剂,英语专业四八级词汇表
address,əˈdres,n.,通讯处，地址 v. 1.,英语专业四八级词汇表
address,əˈdres,,(在信封、包裹等上)写收信人的地址(姓名) 2. 发表演说 3. 称呼,英语专业四八级词汇表
adept,əˈdept,adj.,擅长的，熟练的，精通的,英语专业四八级词汇表
adequate,ˈædɪkwɪt,adj.,适当的，充分的，足够的,英语专业四八级词汇表
adhere,ədˈhɪə,v.,1. 粘附， 粘着 2. 坚持，遵循,英语专业四八级词汇表
adherence,ədˈhɪərəns,n.,信奉，坚持,英语专业四八级词汇表
adhesive,ədˈhiːsɪv,adj.,粘性物质(如粘胶)的，带粘性的,英语专业四八级词汇表
adjacent,əˈdʒeɪsənt,adj.,邻近的,英语专业四八级词汇表
adjective,ˈædʒɪktɪv,n.,形容词 adj. 形容词的,英语专业四八级词汇表
adjoin,əˈdʒɔɪn,v.,贴近，相接,英语专业四八级词汇表
adjourn,əˈdʒɜːn,,v.,英语专业四八级词汇表
adjourn,əˈdʒɜːn,,(使)休会，中止(开会、行动等),英语专业四八级词汇表
adjudicate,əˈdʒuːdɪkeɪt,v.,充当裁判，裁决，判决,英语专业四八级词汇表
adjunct,ˈædʒʌŋkt,n.,附属物，伴随物,英语专业四八级词汇表
adjust,əˈdʒʌst,v.,1. 整顿，整理，安排 2. 使适应于(新环境等),英语专业四八级词汇表
adjustment,əˈdʒʌstmənt,n.,调整，调节,英语专业四八级词汇表
administer,ədˈmɪnɪstə,v.,1. 管理，主管 2. 执行，施行 3. 给与，用(药等),英语专业四八级词汇表
administration,ədˌmɪnɪˈstreɪʃən,n.,1.,英语专业四八级词汇表
administration,ədˌmɪnɪˈstreɪʃən,,(行政)管理 2.,英语专业四八级词汇表
administration,ədˌmɪnɪˈstreɪʃən,,(AmE)政府,英语专业四八级词汇表
administrative,ədˈmɪnɪstrətɪv,adj.,1. 管理的，行政的 2. 政府的 3. 执行的，施行的，施政的,英语专业四八级词汇表
administrator,ədˈmɪnɪstreɪtə,n.,1. 管理者，行政人员 2. 执行者,英语专业四八级词汇表
admirable,ˈædmərəbl,adj.,令人赞叹的，令人钦佩的,英语专业四八级词汇表
admiral,ˈædmərəl,n.,1. 海军上将 2. 舰队司令,英语专业四八级词汇表
admiration,ˌædməˈreɪʃən,n.,赞赏，羡慕，钦佩,英语专业四八级词汇表
admire,ədˈmaɪə,v.,赞赏，钦佩，羡慕,英语专业四八级词汇表
admissible,ədˈmɪsəbl,adj.,可以接受的，可加以考虑的，可容许的,英语专业四八级词汇表
admission,ədˈmɪʃən,n.,1. 进入的许可 2. 入会费，入场费  3. 承认，供认,英语专业四八级词汇表
admit,ədˈmɪt,v.,1. 允许(人或物)进入 2. 承认，供认，招认 3.,英语专业四八级词汇表
admit,ədˈmɪt,,(指在一范围内)可容纳(某人或某事) || admit of  …容纳得下，有…的余地,英语专业四八级词汇表
admittedly,ədˈmɪtɪdlɪ,adv.,公认地，无可否认地,英语专业四八级词汇表
admonish,ədˈmɒnɪʃ,v.,1. 温和而严正地警告(责备)某人  2. 劝告，告诫,英语专业四八级词汇表
ado,əˈduː,n.,立即,英语专业四八级词汇表
adolescent,ˌædəˈlesənt,adj.,青少年期的 n. 青少年,英语专业四八级词汇表
adopt,əˈdɒpt,v.,1. 采用，采纳，采取(态度等) 2. 收养 3. 接受某种习俗 4. 正式通过,英语专业四八级词汇表
adoption,əˈdɒpʃən,n.,1. 收养，领养 2. 采用,英语专业四八级词汇表
adore,əˈdɔː,v.,1. 敬慕，钟爱，崇拜 2.,英语专业四八级词汇表
adore,əˈdɔː,,(infml)很喜欢,英语专业四八级词汇表
adorn,əˈdɔːn,v.,装饰,英语专业四八级词汇表
adrift,əˈdrɪft,adv.,&adj.,英语专业四八级词汇表
adrift,əˈdrɪft,,(船只)漂泊着(的)，未曾系牢的,英语专业四八级词汇表
adroit,əˈdrɔɪt,adj.,熟练的，机巧的，灵敏的,英语专业四八级词汇表
adult,ˈædʌlt,n.,成年人  adj. 成年人的，已成熟的,英语专业四八级词汇表
adulterate,əˈdʌltəreɪt,v.,掺入(劣等或不纯的物质)，掺杂,英语专业四八级词汇表
adultery,əˈdʌltərɪ,n.,通奸，私通,英语专业四八级词汇表
adulthood,ˈædʌlthʊd,n.,成年,英语专业四八级词汇表
advance,ədˈvɑːns,v.,1. 前进 2. 提前，向前移 n. 1. 前进，进步 2. 贷款，预付款 || in advance预先，在前,英语专业四八级词汇表
advanced,ədˈvɑːnst,adj.,1. 在前面的 2. 高深的，高等的，高级的 3. 高龄的，老迈的  4. 先进的,英语专业四八级词汇表
advantage,ədˈvɑːntɪdʒ,n.,优势，益处，利益 || take advantage of利用，乘…机 /to one’s advantage对某人有利,英语专业四八级词汇表
advantageous,ˌædvənˈteɪdʒəs,adj.,有利的,英语专业四八级词汇表
advent,ˈædvənt,,n.,英语专业四八级词汇表
advent,ˈædvənt,,(重要事件等的)到来、来临,英语专业四八级词汇表
adventure,ədˈventʃə,n.,1. 冒险 2. 奇遇，冒险的经历,英语专业四八级词汇表
adventurism,ədˈventʃərɪzəm,n.,冒险主义,英语专业四八级词汇表
adventurist,ədˈventʃərɪst,adj.,& n. 冒险主义者(的),英语专业四八级词汇表
adventurous,ədˈventʃərəs,adj.,1. 大胆的，富于冒险精神的  2. 充满危险的,英语专业四八级词汇表
adverb,ædvɜːb,n.,副词,英语专业四八级词汇表
adverbial,ədˈvɜːbɪəl,adj.,副词的，状语的 n. 状语,英语专业四八级词汇表
adversary,ˈædvəsərɪ,n.,对手，敌手，敌人,英语专业四八级词汇表
adverse,ˈædvɜːs,adj.,不利的，相反的，敌对的,英语专业四八级词汇表
adversity,ədˈvɜːsətɪ,n.,逆境，厄运，苦难，灾祸,英语专业四八级词汇表
advertise,ˈædvətaɪz,v.,登广告,英语专业四八级词汇表
advertisement,ədˈvɜːtɪsmənt,n.,广告,英语专业四八级词汇表
advertising,ˈædvətaɪzɪŋ,n.,1. 广告宣传 2. 广告业，广告事务,英语专业四八级词汇表
advice,ədˈvaɪs,n.,劝告，忠告，建议,英语专业四八级词汇表
advisable,ədˈvaɪzəbl,adj.,可取的，明智的,英语专业四八级词汇表
advise,ədˈvaɪz,v.,1. 劝告，忠告，建议 2. 通知,英语专业四八级词汇表
"adviser, advisor",ədˈvaɪzə,n.,1. 顾问，指导教授 2. 劝告者,英语专业四八级词汇表
advisory,ədˈvaɪzərɪ,adj.,咨询的，劝告性的,英语专业四八级词汇表
advocacy,ˈædvəkəsɪ,n.,辩护，提倡，拥护,英语专业四八级词汇表
advocate,ˈædvəkeɪt,v.,拥护，提倡 [ˈædvəkɪt] n. 提倡者，拥护者,英语专业四八级词汇表
aerial,ˈeərɪəl,adj.,1. 空气的，大气的 2. 航空的,英语专业四八级词汇表
aerobatics,ˌeərəˈbætɪks,n.,飞行特技(表演),英语专业四八级词汇表
aerobics,eəˈrəʊbɪks,n.,健身舞(操)，有氧健身操,英语专业四八级词汇表
aerodynamics,ˌeərəʊdaɪˈnæmɪks,n.,空气动力学，气体动力学,英语专业四八级词汇表
aeronautics,ˌeərəˈnɔːtɪks,n.,航空学，航空术,英语专业四八级词汇表
aeroplane,ˈeərəpleɪn,,",",英语专业四八级词汇表
aeroplane,ˈeərəpleɪn,,airplane [ˈeəpleɪn] n. 飞机,英语专业四八级词汇表
aerosol,ˈeərəsɒl,n.,烟，雾,英语专业四八级词汇表
aerospace,ˈeərəʊspeɪs,n.,航空宇宙(即大气层及其外的太空),英语专业四八级词汇表
aesthetics,iːsˈθetɪks,n.,美学，审美学,英语专业四八级词汇表
affable,ˈæfəbl,adj.,友善的，和蔼可亲的,英语专业四八级词汇表
affair,əˈfeə,n.,1. 事，事情，事件 2. 事务，事态 3. 恋爱事件，私通事件,英语专业四八级词汇表
affection,əˈfekʃən,n.,慈爱，友爱,英语专业四八级词汇表
affectionate,əˈfekʃənət,adj.,深情的，爱的,英语专业四八级词汇表
affiliate,əˈfɪlɪeɪt,,v.,英语专业四八级词汇表
affiliate,əˈfɪlɪeɪt,,"(指团体)加入(联合),使隶属，附属于",英语专业四八级词汇表
affinity,əˈfɪnətɪ,n.,1. 构造相似，特点相近，关系  2. 喜爱  3. 亲和性，亲和力,英语专业四八级词汇表
affirm,əˈfɜːm,v.,坚称，断言，肯定地说,英语专业四八级词汇表
affirmative,əˈfɜːmətɪv,adj.,肯定的 n. 肯定词，肯定的方式,英语专业四八级词汇表
affix,əˈfɪks,v.,1. 使固定，贴上 2. 签署，盖印章,英语专业四八级词汇表
afflict,əˈflɪkt,v.,使身体(精神)痛苦，折磨,英语专业四八级词汇表
affluent,ˈæflʊənt,adj.,富裕的，富有的,英语专业四八级词汇表
afford,əˈfɔːd,v.,有(能找到)足够的时间(金钱)去(做某事),英语专业四八级词汇表
affordable,əˈfɔːdəbl,adj.,1. 买得起的，有能力购买的 2. 担负得起的，担得起…风险的,英语专业四八级词汇表
affront,əˈfrʌnt,v.,侮辱，冒犯,英语专业四八级词汇表
afield,əˈfiːld,adv.,远离着，在远处,英语专业四八级词汇表
afloat,əˈfləʊt,adv.,&adj. 1. 漂浮地(的) 2. 在船上 3. 无欠债，(经济)上应付自如的(地),英语专业四八级词汇表
afoot,əˈfʊt,adv.,&adj. 在酝酿中，在进行中,英语专业四八级词汇表
afraid,əˈfreɪd,adj.,害怕，畏惧,英语专业四八级词汇表
afresh,əˈfreʃ,,adv.,英语专业四八级词汇表
afresh,əˈfreʃ,,(指从头)再;重新,英语专业四八级词汇表
Africa,ˈæfrɪkə,n.,非洲,英语专业四八级词汇表
African,ˈæfrɪkən,n.,& adj. 非洲人(的),英语专业四八级词汇表
after,ˈɑːftə,prep.,1. 在…之后，在…后面 2. 追赶，追求  3. 照…的样子，依照 || after all毕竟 [be after追求，寻求] one after another一个接一个地 adv. 之后，在后面，后来,英语专业四八级词汇表
aftereffect,ˈɑːftəɪˈfekt,,n.,英语专业四八级词汇表
aftereffect,ˈɑːftəɪˈfekt,,(不良的)后果，后效，副作用,英语专业四八级词汇表
aftermath,ˈɑːftəmæθ,,n.,英语专业四八级词汇表
aftermath,ˈɑːftəmæθ,,(sing)(指不幸的)事件的余波，余殃，后果,英语专业四八级词汇表
afternoon,ˌɑːftəˈnuːn,n.,下午,英语专业四八级词汇表
afterward(s),ˈɑːftəwəd(z),adv.,后来,英语专业四八级词汇表
again,əˈɡeɪn,adv.,1. 再(一次)，又(一次) 2. 重新 || again and again反复地，一再地 [now and again不时地，间或] over and over again一再地 /time and (time) again多次，一再地,英语专业四八级词汇表
against,əˈɡeɪnst,prep.,1. 反对 2. 逆着，冒着 3. 预防，防备 4. 与…对比，以…为背景 5. 靠着，倚 || be against . .. ①反对②违背,英语专业四八级词汇表
age,eɪdʒ,n.,1. 年龄 2. 老年，年岁大 3. 时代，时期 4.,英语专业四八级词汇表
age,eɪdʒ,,(pl)很长时间，很久 || at the age of在…岁时 /be of age成年 v. 变老，长大 || be aged…  有…岁,英语专业四八级词汇表
aged,ˈeɪdʒɪd,adj.,1. 老的，老年的 2. 陈年的,英语专业四八级词汇表
agency,ˈeɪdʒənsɪ,n.,1. 经办，代理，代理权 2. 代理处 3. 机构,英语专业四八级词汇表
agenda,əˈdʒendə,,n.,英语专业四八级词汇表
agenda,əˈdʒendə,,(会议的)议程,英语专业四八级词汇表
agent,ˈeɪdʒənt,n.,代理人，代理商,英语专业四八级词汇表
aggregate,ˈæɡrɪɡeɪt,n.,总数，合计,英语专业四八级词汇表
aggression,əˈɡreʃən,n.,侵略，侵犯,英语专业四八级词汇表
aggressive,əˈɡresɪv,adj.,1. 侵略性的， 攻击性的，爱寻衅的 2. 有进取心的,英语专业四八级词汇表
aggressor,əˈɡresə,n.,侵略者,英语专业四八级词汇表
aggrieved,əˈɡriːvd,adj.,1. 受委屈的，感到痛心的 2. 愤愤不平的,英语专业四八级词汇表
agile,ˈædʒaɪl,adj.,敏捷的，灵活的,英语专业四八级词汇表
agitate,ˈædʒɪteɪt,v.,1. 鼓动，煽动 2. 使焦虑，使不安,英语专业四八级词汇表
agitation,ˌædʒɪˈteɪʃən,n.,1. 鼓动，煽动 2. 激动不安，焦虑,英语专业四八级词汇表
ago,əˈɡəʊ,adv.,…以前,英语专业四八级词汇表
agonizing,ˈæɡənaɪzɪŋ,adj.,使人痛苦的，折磨人的,英语专业四八级词汇表
agony,ˈæɡənɪ,n.,1. 极度的痛苦 2. 痛苦的挣扎,英语专业四八级词汇表
agree,əˈɡriː,v.,1. 赞同，同意， 与…意见一致  2. 与…相符，与…一致 3.,英语专业四八级词汇表
agree,əˈɡriː,,"(性情等)投合，和睦相处 || agree with (about,",英语专业四八级词汇表
agree,əˈɡriː,,on)同意，赞同，一致,英语专业四八级词汇表
agreeable,əˈɡriːəbl,adj.,1. 惬意的，爽快的 2. 易相处的  3. 适宜的，适合的,英语专业四八级词汇表
agreement,əˈɡriːmənt,n.,1. 同意，一致 2. 协定，协议,英语专业四八级词汇表
agricultural,ˌæɡrɪˈkʌltʃərəl,adj.,农业的，农艺的，农学的,英语专业四八级词汇表
agriculture,ˈæɡrɪkʌltʃə,n.,1. 农业，农艺  2. 农学,英语专业四八级词汇表
aground,əˈɡraʊnd,adv.,&adj.,英语专业四八级词汇表
aground,əˈɡraʊnd,,(指船)搁浅，触礁,英语专业四八级词汇表
ah,ɑː,,int.,英语专业四八级词汇表
ah,ɑː,,(表示高兴、惊讶、感叹等)啊,英语专业四八级词汇表
ahead,əˈhed,adv.,在前面， 在前头，向前 || ahead of在…前面，比…进步 /get ahead of  超过…,英语专业四八级词汇表
aid,eɪd,v.,援助，帮助 n. 1. 援助，帮助，救护 2. 助手，辅助物,英语专业四八级词汇表
AIDS,eɪdz,,(abbre for Acquired Immune Deficiency Syndrome) n. 艾滋病，获得性免疫缺损综合症,英语专业四八级词汇表
ailing,ˈeɪlɪŋ,adj.,感觉不舒服，生病的，有病的,英语专业四八级词汇表
ailment,ˈeɪlmənt,n.,轻微的病痛,英语专业四八级词汇表
aim,eɪm,v.,1. 瞄准，对准 2. 计划，打算 n. 目标，目的,英语专业四八级词汇表
aimless,ˈeɪmlɪs,adj.,漫无目标的,英语专业四八级词汇表
air,eə,n.,1. 空气，大气 2. 空中，天空 3. 气氛 4. 态度，神情，风度 || by air乘飞机，用飞机 [on the air广播着，播送着] put on airs摆架子  v. 发表(意见等),英语专业四八级词汇表
airbase,ˈeəbeɪs,n.,军事机场,英语专业四八级词汇表
airborne,ˈeəbɔːn,adj.,1. 空运的，空降的 2.,英语专业四八级词汇表
airborne,ˈeəbɔːn,,(飞机)在空中，飞行中,英语专业四八级词汇表
air-conditioned,ˈeəkənˈdɪʃənd,adj.,有空调设备的,英语专业四八级词汇表
aircraft,ˈeəkrɑːft,n.,航空器，飞机，飞行器，飞船,英语专业四八级词汇表
airfield,ˈeəfiːld,n.,飞机场,英语专业四八级词汇表
airforce,ˈeəfɔːs,n.,空军,英语专业四八级词汇表
airhostess,ˈeəhɒstɪs,,n.,英语专业四八级词汇表
airhostess,ˈeəhɒstɪs,,(客机上的)女服务员，空中小姐,英语专业四八级词汇表
airily,ˈeərɪlɪ,adv.,轻松地，活泼地，轻盈地,英语专业四八级词汇表
airlift,ˈeəˌlɪft,n.,1.,英语专业四八级词汇表
airlift,ˈeəˌlɪft,,(指紧急情况下或陆上交通断绝时的)空运 2. 空中补给线 3. 空运的旅客，空运的货物 4. 空运用的飞机 v. 空运,英语专业四八级词汇表
airline,ˈeəlaɪn,n.,1. 航线  2. 航空公司,英语专业四八级词汇表
airliner,ˈeəˌlaɪnə,n.,定期班机,英语专业四八级词汇表
airmail,ˈeəmeɪl,n.,航空邮件，航空邮政，航空邮票,英语专业四八级词汇表
airport,ˈeəpɔːt,n.,飞机场,英语专业四八级词汇表
airstrip,ˈeəˌstrɪp,,n.,英语专业四八级词汇表
airstrip,ˈeəˌstrɪp,,(飞机紧急降落用的)临时跑道,英语专业四八级词汇表
airtight,ˈeətaɪt,adj.,不透气的，密封的,英语专业四八级词汇表
airway,ˈeəweɪ,n.,1. 航线  2.,英语专业四八级词汇表
airway,ˈeəweɪ,,(pl)航空公司,英语专业四八级词汇表
airy,ˈeərɪ,adj.,1. 通风的 2. 空洞的 3. 快活的，无忧无虑的,英语专业四八级词汇表
aisle,aɪl,,n.,英语专业四八级词汇表
aisle,aɪl,,(教堂、戏院等的)通道，走廊,英语专业四八级词汇表
ajar,əˈdʒɑː,,adj.,英语专业四八级词汇表
ajar,əˈdʒɑː,,(门等)微开着，半开着,英语专业四八级词汇表
alarm,əˈlɑːm,n.,1. 警报 2. 惊恐 v. 1. 向…报警，使警觉  2. 使惊恐,英语专业四八级词汇表
alas,əˈlæs,,int.,英语专业四八级词汇表
alas,əˈlæs,,(表示悲痛、同情、遗憾等)唉，哎呀,英语专业四八级词汇表
album,ˈælbəm,n.,照相簿，邮票册,英语专业四八级词汇表
alchemy,ˈælkəmɪ,n.,炼金术,英语专业四八级词汇表
alcohol,ˈælkəhɒl,n.,乙醇，酒精,英语专业四八级词汇表
alcoholic,ˌælkəˈhɒlɪk,adj.,酒精的，含有酒精的 n. 酗酒者,英语专业四八级词汇表
alcoholism,ˈælkəhɒlɪzəm,n.,酒精中毒，酗酒,英语专业四八级词汇表
ale,eɪl,n.,淡色的啤酒,英语专业四八级词汇表
alert,əˈlɜːt,adj.,1. 警惕的，警觉的 2. 敏捷的，灵活的  n. 警报 ||on the alert (for)警惕着，对…保持戒备(状态)  v. 向…发出警报,英语专业四八级词汇表
alga,ˈælɡə,,(pl algae)n. 水藻，海藻,英语专业四八级词汇表
algebra,ˈældʒɪbrə,n.,代数，代数学,英语专业四八级词汇表
alias,ˈeɪlɪəs,,n.,英语专业四八级词汇表
alias,ˈeɪlɪəs,,(尤指罪犯使用的)化名，别名，假名  adv. 又名，别名,英语专业四八级词汇表
alibi,ˈælɪbaɪ,n.,不在犯罪现场的证据,英语专业四八级词汇表
alien,ˈeɪlɪən,n.,外侨，外国人 adj. 1. 外国的，异邦的 2. 敌对的,英语专业四八级词汇表
alienate,ˈeɪlɪəneɪt,v.,使疏远，离间,英语专业四八级词汇表
align,əˈlaɪn,v.,1. 使成一线，使成一行 2. 使结盟,英语专业四八级词汇表
alike,əˈlaɪk,adj.,相同的，相像的 adv. 同样地，相似地,英语专业四八级词汇表
alimony,ˈælɪmənɪ,,n.,英语专业四八级词汇表
alimony,ˈælɪmənɪ,,(离婚以后或诉讼期间一方给另一方的)赡养费,英语专业四八级词汇表
alive,əˈlaɪv,adj.,1. 活着的，在世的 2. 有活力的，有生气的  3. 充满着…的,英语专业四八级词汇表
alkali,ˈælkəlaɪ,n.,碱,英语专业四八级词汇表
all,ɔːl,adj.,全部的，整个的，所有的 prop. 全体，全部，所有的一切 || above all(参见 above)  [after all(参见 after) ] in all总计 adv. 都，完全 [all but几乎，差一点] all for完全赞成 [all in all归根到底] all of a sudden突然 [go all out全力以赴] all over…在各地，遍及 [all right①行， 好吧② (身体)没问题] all round全面地 [all the more更加] all the same都一样,英语专业四八级词汇表
Allah,ˈælə,n.,阿拉，真主(伊斯兰教信奉之神的称呼),英语专业四八级词汇表
allay,əˈleɪ,v.,消除或减轻(恐惧、怀疑等),英语专业四八级词汇表
allege,əˈledʒ,,v.,英语专业四八级词汇表
allege,əˈledʒ,,(在提不出证明的情况下)断言，声称,英语专业四八级词汇表
allegedly,əˈledʒɪdlɪ,adv.,据称，据指控,英语专业四八级词汇表
allegiance,əˈliːdʒəns,,n.,英语专业四八级词汇表
allegiance,əˈliːdʒəns,,(对首领、国家等的)忠诚,英语专业四八级词汇表
allegory,ˈælɪɡərɪ,n.,寓言(体)，讽喻(风格),英语专业四八级词汇表
allergic,əˈləːdʒɪk,adj.,过敏性的,英语专业四八级词汇表
allergy,ˈælədʒɪ,,n.,英语专业四八级词汇表
allergy,ˈælədʒɪ,,(因食物、药物等而引起的)过敏症，敏感,英语专业四八级词汇表
alleviate,əˈliːvɪeɪt,v.,缓和，减轻(痛苦等),英语专业四八级词汇表
alley,ˈælɪ,n.,1. 小巷，胡同 2.,英语专业四八级词汇表
alley,ˈælɪ,,(保龄球或九柱戏的)球道,英语专业四八级词汇表
alliance,əˈlaɪəns,n.,同盟，联盟,英语专业四八级词汇表
alligator,ˈælɪɡeɪtə,,n.,英语专业四八级词汇表
alligator,ˈælɪɡeɪtə,,(类似鳄鱼的)短吻鳄,英语专业四八级词汇表
allocate,ˈæləkeɪt,v.,分配，配给,英语专业四八级词汇表
allocation,ˌæləˈkeɪʃən,n.,分配，配给,英语专业四八级词汇表
allot,əˈlɒt,n.,分配，配给，分摊,英语专业四八级词汇表
allow,əˈlaʊ,v.,1. 允许，许可 2. 让…得到，同意给予 3. 考虑到 4. 承认，同意其为正当 || allow for考虑…,英语专业四八级词汇表
allowance,əˈlaʊəns,n.,1. 津贴，补助 2. 承认，认可  || make allowance(s) for…考虑到…，体谅到…,英语专业四八级词汇表
alloy,ˈælɔɪ,n.,合金,英语专业四八级词汇表
allude,əˈljuːd,v.,暗指，间接提及,英语专业四八级词汇表
allure,əˈljʊə,v.,引诱，诱惑,英语专业四八级词汇表
allusion,əˈljʊːʒən,n.,暗指，间接提及,英语专业四八级词汇表
ally,ˈælaɪ,n.,同盟国，同盟者[əˈlaɪ] v.,英语专业四八级词汇表
ally,ˈælaɪ,,(使)联合，(使)结盟,英语专业四八级词汇表
almanac,ˈɔːlmənæk,n.,1. 历书，年历，天文历 2. 年鉴,英语专业四八级词汇表
almighty,ɔːlˈmaɪtɪ,adj.,全能的，万能的,英语专业四八级词汇表
almond,ˈɑːmənd,n.,杏仁,英语专业四八级词汇表
almost,ˈɔːlməʊst,adv.,几乎，将近，差一点就…,英语专业四八级词汇表
alms,ɑːmz,n.,施舍物，救济金,英语专业四八级词汇表
alone,əˈləʊn,adj.,1. 单独的，孤独的 2. 只有，惟有 adv. 1. 独自 2. 只有，仅仅 || leave somebody alone别打扰… /,英语专业四八级词汇表
alone,əˈləʊn,let,alone更不用说,英语专业四八级词汇表
along,əˈlɒŋ,prep.,沿着  adv. 向前 || all along一直地，一向 [along with与…一起] get along①进展②相处,英语专业四八级词汇表
alongside,əˌlɒŋˈsaɪd,adv.,相靠着，并肩，并排,英语专业四八级词汇表
aloof,əˈluːf,adj.,冷淡的，冷漠的，疏远的,英语专业四八级词汇表
aloud,əˈlaʊd,adv.,1. 出声地 2. 高声地,英语专业四八级词汇表
alphabet,ˈælfəbet,n.,字母表,英语专业四八级词汇表
alphabetic(al),ˌælfəˈbetɪk(əl),adj.,依字母顺序排列的，字母表的,英语专业四八级词汇表
already,ɔːlˈredɪ,adv.,已经,英语专业四八级词汇表
also,ˈɔːlsəʊ,adv.,也,英语专业四八级词汇表
altar,ˈɔːltə,n.,神坛，祭坛,英语专业四八级词汇表
alter,ˈɔːltə,v.,变动,英语专业四八级词汇表
alteration,ˌɔːltəˈreɪʃən,n.,改变，变更，更改,英语专业四八级词汇表
alternate,ɔːlˈtɜːnət,adj.,交替的，轮流的，交错的  [ˈɔːltəneɪt] v.,英语专业四八级词汇表
alternate,ɔːlˈtɜːnət,,(使)交替，(使)轮流,英语专业四八级词汇表
alternative,ɔːlˈtɜːnətɪv,adj.,1. 两者(或两者以上)选一的，另一可供选择的 2. 选择性的 n. 1. 取舍，抉择 2. 替换物，可供选择的方法,英语专业四八级词汇表
although,ɔːlˈðəʊ,conj.,虽然,英语专业四八级词汇表
altitude,ˈæltɪtjuːd,n.,高，(指海拔)高度,英语专业四八级词汇表
altogether,ˌɔːltəˈɡeðə,adv.,完全地，全部地,英语专业四八级词汇表
"aluminium, aluminum",ˌæləˈmɪniəm;əˈljuːmɪnəm,n.,铝,英语专业四八级词汇表
alumna,əˈlʌmnə,,n.,英语专业四八级词汇表
alumna,əˈlʌmnə,,(AmE)女校友，女毕业生,英语专业四八级词汇表
alumnus,əˈlʌmnəs,n.,男校友，男毕业生,英语专业四八级词汇表
always,ˈɔːlweɪz,adv.,1. 总是，老是 2. 永远,英语专业四八级词汇表
am,æm;əm,,be动词的第一人称单数现在式,英语专业四八级词汇表
amalgamate,əˈmælɡəmeɪt,,v.,英语专业四八级词汇表
amalgamate,əˈmælɡəmeɪt,,(指业务、公司等)合并，混合,英语专业四八级词汇表
amass,əˈmæs,v.,积聚，积累,英语专业四八级词汇表
amateur,ˈæmətə,n.,1. 业余爱好者 2. 技术不精的人  adj. 业余的，非职业性的,英语专业四八级词汇表
amaze,əˈmeɪz,v.,令(人)惊愕，使(人)惊叹,英语专业四八级词汇表
amazing,əˈmeɪzɪŋ,adj.,令(人)惊愕的，使(人)惊叹的,英语专业四八级词汇表
ambassador,æmˈbæsədə,n.,大使，特使,英语专业四八级词汇表
amber,ˈæmbə,n.,琥珀，琥珀色,英语专业四八级词汇表
ambience,ˈæmbɪəns,n.,气氛,英语专业四八级词汇表
ambiguity,æmbɪˈɡjuːɪtɪ,n.,模棱两可，含糊，不明确,英语专业四八级词汇表
ambiguous,æmˈbɪɡjʊəs,adj.,模棱两可的，意义不明确的,英语专业四八级词汇表
ambition,æmˈbɪʃən,n.,1. 志向，抱负，雄心 2. 野心，奢望,英语专业四八级词汇表
ambitious,æmˈbɪʃəs,adj.,1. 有雄心的，野心勃勃的 2. 劲头十足的,英语专业四八级词汇表
ambivalent,æmˈbɪvələnt,,adj.,英语专业四八级词汇表
ambivalent,æmˈbɪvələnt,,(对事物等)抱有矛盾心情的,英语专业四八级词汇表
ambulance,ˈæmbjʊləns,n.,救护车,英语专业四八级词汇表
ambush,ˈæmbʊʃ,n.,埋伏，伏击,英语专业四八级词汇表
amenable,əˈmiːnəbl,adj.,顺从的，服从的，听从的,英语专业四八级词汇表
amend,əˈmend,v.,修改，修正，改进,英语专业四八级词汇表
amendment,əˈmendmənt,n.,修改，修正，改进,英语专业四八级词汇表
amenity,əˈmiːnətɪ,,n.,英语专业四八级词汇表
amenity,əˈmiːnətɪ,,(pl)方便设施，生活福利设施，文娱康乐场所,英语专业四八级词汇表
America,əˈmerɪkə,n.,1. 美洲 2. 美国,英语专业四八级词汇表
American,əˈmerɪkən,adj.,美国的，美洲的 n. 美国人，美洲人,英语专业四八级词汇表
amiable,ˈeɪmɪəbl,adj.,亲切的，和蔼可亲的,英语专业四八级词汇表
amicable,ˈæmɪkəbl,adj.,友好的，和睦的,英语专业四八级词汇表
amid,əˈmɪd,prep.,在…之间，在…中,英语专业四八级词汇表
amidst,əˈmɪdst,prep.,在…中，…之中,英语专业四八级词汇表
amiss,əˈmɪs,adv.,1. 错误地，不正确地 2. 不顺当地，出错 adj. 1. 错误的，有缺陷的  2. 不合适的，不合时宜的,英语专业四八级词汇表
ammeter,ˈæmɪtə,n.,安培计,英语专业四八级词汇表
ammonia,əˈməʊnɪə,n.,氨,英语专业四八级词汇表
ammunition,ˌæmjʊˈnɪʃən,n.,弹药,英语专业四八级词汇表
amnesia,æmˈniːzɪə,n.,丧失记忆，健忘症,英语专业四八级词汇表
amnesty,ˈæmnəstɪ,,n.,英语专业四八级词汇表
amnesty,ˈæmnəstɪ,,(指对政治犯人的)大赦，特赦,英语专业四八级词汇表
among,əˈmʌŋ,prep.,1. 在…中间 2. 被…所围绕 3. 是…之一,英语专业四八级词汇表
amongst,əˈmʌŋst,prep.,在…中间,英语专业四八级词汇表
amoral,eɪˈmɒrəl,adj.,非道德性的，与道德无关的,英语专业四八级词汇表
amount,əˈmaʊnt,n.,1. 总数 2. 数量，数额 v. 1. 合计  2. 相当于，等于 || amount to (数量上)达到，(意义上)等于,英语专业四八级词汇表
ampere,ˈæmpeə,,n.,英语专业四八级词汇表
ampere,ˈæmpeə,,(电流单位)安(培),英语专业四八级词汇表
amphibian,æmˈfɪbɪən,n.,1. 两栖动物 2. 水旱两生植物 3. 水陆(两用)车辆、飞机 adj. 两栖的，水陆两用的,英语专业四八级词汇表
amphibious,æmˈfɪbɪəs,adj.,水陆两栖的(如青蛙等),英语专业四八级词汇表
ample,ˈæmpl,adj.,1. 足够的，充裕的 2. 宽敞的，广大的,英语专业四八级词汇表
amplifier,ˈæmplɪfaɪə,n.,放大器，扩音器,英语专业四八级词汇表
amplify,ˈæmplɪfaɪ,v.,1. 详述，详加解说 2. 放大(声音等)，增强(音量),英语专业四八级词汇表
amuse,əˈmjuːz,v.,1. 逗…乐;逗…笑 2. 给…娱乐(消遣),英语专业四八级词汇表
amusement,əˈmjuːzmənt,n.,1. 喜乐，兴趣 2. 娱乐 3. 文娱活动,英语专业四八级词汇表
an,"ən, æn",,art.,英语专业四八级词汇表
an,"ən, æn",,(意义参见 a条。),英语专业四八级词汇表
"anaemia, anemia",əˈniːmɪə,n.,贫血，贫血症,英语专业四八级词汇表
"anaesthesia, anesthesia",ˌænɪsˈθiːziə,n.,1. 麻醉 2. 失去感觉，麻木,英语专业四八级词汇表
"anaesthetic, anesthetic",ˌænɪsˈθetɪk,,n.,英语专业四八级词汇表
"anaesthetic, anesthetic",ˌænɪsˈθetɪk,,(使人体局部或全身失去知觉的)麻醉剂(药) || local anaesthetic局部麻醉 /general anaesthetic全身麻醉,英语专业四八级词汇表
"anaesthetize, anesthetize",əˈniːsθɪtaɪz,n.,使麻醉，使麻木,英语专业四八级词汇表
anagram,ˈænəɡræm,n.,变形词或词组,英语专业四八级词汇表
anal,ˈeɪnəl,adj.,肛门的,英语专业四八级词汇表
analogue,ˈænəlɒɡ,n.,类似物，相似体,英语专业四八级词汇表
analogy,əˈnælədʒɪ,n.,1. 相似，类似 2. 类推，类比，比拟,英语专业四八级词汇表
"analyse, analyze",ˈænəlaɪz,v.,分析,英语专业四八级词汇表
analysis,əˈnæləsɪs,,(pl analyses) n. 分析，分解 || in the last (final) analysis归根结底，总而言之,英语专业四八级词汇表
analytic(al),ˌænəlˈɪtɪkəl,adj.,分析的，分解的,英语专业四八级词汇表
anarchic,æˈnɑːkɪk,adj.,无政府状态的，无政府主义的，无法无天的,英语专业四八级词汇表
anarchist,ˈænəkɪst,n.,无政府主义者,英语专业四八级词汇表
anarchy,ˈænəkɪ,n.,1. 无政府状态 2. 混乱，无秩序,英语专业四八级词汇表
anatomy,əˈnætəmɪ,n.,1. 解剖学，解剖 2. 人体结构,英语专业四八级词汇表
ancestor,ˈænsestə,n.,祖先，祖宗,英语专业四八级词汇表
ancestral,ænˈsestrəl,adj.,祖先的，祖宗的,英语专业四八级词汇表
ancestry,ˈænsəstri,,n.,英语专业四八级词汇表
ancestry,ˈænsəstri,,(集合名词)祖先，世系,英语专业四八级词汇表
anchor,ˈæŋkə,n.,1. 铁锚 2.,英语专业四八级词汇表
anchor,ˈæŋkə,,(电视节目等)主持人,英语专业四八级词汇表
anchorage,ˈæŋkərɪdʒ,n.,抛锚地，停泊所,英语专业四八级词汇表
anchorman,ˈæŋkəmæn,,(pl anchormen) n. 电(视)台新闻节目主持人,英语专业四八级词汇表
anchorwoman,ˈæŋkəˌwʊmən,,(pl anchorwomen) n. 新闻节目女主持人,英语专业四八级词汇表
ancient,ˈeɪnʃənt,adj.,古代的，古老的，古式的,英语专业四八级词汇表
and,"ənd, ænd",conj.,1. 和，与，以及 2. 加上 3.,英语专业四八级词汇表
and,"ənd, ænd",,(代替 if从句)那么 4.,英语专业四八级词汇表
and,"ənd, ænd",,(表示强调)一再，反复 || and so所以 /and so on等等,英语专业四八级词汇表
anecdote,ˈænɪkdəʊt,n.,轶事,英语专业四八级词汇表
anew,əˈnjuː,adv.,重新，再度,英语专业四八级词汇表
angel,ˈeɪndʒəl,n.,天使,英语专业四八级词汇表
anger,ˈæŋɡə,adj.,怒，愤怒 || in anger生气地，恼怒地  v. 激怒;使发怒,英语专业四八级词汇表
angrily,ˈæŋɡrɪlɪ,adv.,1. 愤怒地，发怒地，生气地 2.,英语专业四八级词汇表
angrily,ˈæŋɡrɪlɪ,,(指天或云)风雨交加地，狂风骤雨地,英语专业四八级词汇表
angry,ˈæŋɡrɪ,adj.,1. 愤怒的，发怒的 2. 狂暴的,英语专业四八级词汇表
anguish,ˈæŋɡwɪʃ,n.,极度痛苦，烦恼,英语专业四八级词汇表
angular,ˈæŋɡjʊlə,adj.,1. 尖锐的，有角的，角形的 2.,英语专业四八级词汇表
angular,ˈæŋɡjʊlə,,(指人)瘦骨嶙峋的,英语专业四八级词汇表
animal,ˈænɪml,n.,1. 动物 2. 野兽 3. 兽性 4. 粗野残暴的人,英语专业四八级词汇表
animate,ˈænɪmət,adj.,1. 有生命的 2. 有生气的 v. 赋予(某事或某人)生命，使活泼,英语专业四八级词汇表
animation,ˌænɪˈmeɪʃən,n.,1. 生气，生机，活泼，兴奋 2. 动画片，动画片制作,英语专业四八级词汇表
animosity,ˌænɪˈmɒsɪtɪ,n.,仇恨，深恶痛绝,英语专业四八级词汇表
ankle,ˈæŋkl,n.,踩，踩关节部,英语专业四八级词汇表
annals,ˈænəlz,n.,编年史，记年表，年鉴,英语专业四八级词汇表
annex,əˈneks,v.,并吞(土地等)，兼并,英语专业四八级词汇表
annihilate,əˈnaɪəleɪt,v.,消灭，歼灭，彻底消除,英语专业四八级词汇表
anniversary,ˌænɪˈvəːsəri,n.,纪念日,英语专业四八级词汇表
announce,əˈnaʊns,v.,1. 宣布，预告 2. 广播，播音 3. 通报，宣告…的来临,英语专业四八级词汇表
announcement,əˈnaʊnsmənt,n.,宣布，通告，预告,英语专业四八级词汇表
announcer,əˈnaʊnsə,n.,1.,英语专业四八级词汇表
announcer,əˈnaʊnsə,,(无线电)广播员 2.,英语专业四八级词汇表
announcer,əˈnaʊnsə,,(戏剧)报幕员,英语专业四八级词汇表
annoy,əˈnɔɪ,v.,1. 使烦恼，使生气 2. 打搅,英语专业四八级词汇表
annoyance,əˈnɔɪəns,n.,烦恼，烦恼事,英语专业四八级词汇表
annual,ˈænjʊəl,adj.,每年的，年度的,英语专业四八级词汇表
annuity,əˈnjuːətɪ,n.,年金,英语专业四八级词汇表
annul,əˈnʌl,v.,宣告(婚姻、条约、契约等)无效，废除，撤销,英语专业四八级词汇表
anode,ˈænəʊd,n.,正极，阳极,英语专业四八级词汇表
anomaly,əˈnɒməlɪ,n.,异常或反常(现象、事物),英语专业四八级词汇表
anonymity,ˌænəˈnɪmətɪ,n.,无名，匿名，作者用名,英语专业四八级词汇表
anonymous,əˈnɒnɪməs,adj.,无名的，不具名的,英语专业四八级词汇表
another,əˈnʌðə,prop.,1. 又一个，再一个 2. 另一个||one after another一个又一个地 [one another相互，彼此] one way or another以某种方式  adj. 1. 另一 2. 又一，再 3. 类似的,英语专业四八级词汇表
answer,ˈɑːnsə,v.,1. 回答 2. 对…负责 3. 适应，符合 || answer back回嘴，顶嘴 /answer for对…负责 n. 1. 回答，答话 2. 答案 || in answer to作为回答，响应,英语专业四八级词汇表
ant,ænt,n.,蚂蚁,英语专业四八级词汇表
antagonism,ænˈtæɡənɪzəm,n.,对抗，对抗性,英语专业四八级词汇表
antagonist,ænˈtæɡənɪst,n.,对抗者，对手,英语专业四八级词汇表
antagonize,ænˈtæɡənaɪz,v.,.使成敌人，使对抗(对立)，引起…的敌意(反感)，树敌,英语专业四八级词汇表
antarctic,ænˈtɑːktɪk,adj.,南极的，南极地区的 || the Antarctic南极地区,英语专业四八级词汇表
antecedent,ˌæntɪˈsiːdənt,adj.,先前的，先行的  n. 前例，前事,英语专业四八级词汇表
antelope,ˈæntɪləʊp,n.,羚羊,英语专业四八级词汇表
antenna,ænˈtenə,n.,1. 触须，触角 2. 天线,英语专业四八级词汇表
anthem,ˈænθəm,n.,1. 圣歌，赞美诗 2. 国歌,英语专业四八级词汇表
anthology,ænˈθɒlədʒɪ,n.,诗集，文集,英语专业四八级词汇表
anthropology,ˌænθrəˈpɒlədʒɪ,n.,人类学,英语专业四八级词汇表
antibiotic,ˌæntɪbaɪˈɒtɪk,n.,抗菌素，抗生素 adj. 抗菌的，抗微生物的,英语专业四八级词汇表
antibody,ˈæntɪbɒdɪ,n.,抗体(体内抗病物质),英语专业四八级词汇表
antic,ˈæntɪk,n.,奇妙，滑稽,英语专业四八级词汇表
anticipate,ænˈtɪsɪpeɪt,v.,1. 预期，预料，期待 2. 抢先行动，先发制人 3. 预先考虑到，料到…并采取行动,英语专业四八级词汇表
anticipation,ænˌtɪsɪˈpeɪʃən,n.,预期，期望,英语专业四八级词汇表
antidote,ˈæntɪdəʊt,n.,解毒剂，解毒药,英语专业四八级词汇表
antilogarithm,ˌæntɪˈlɒɡərɪðəm,,n.,英语专业四八级词汇表
antilogarithm,ˌæntɪˈlɒɡərɪðəm,,(数学的)反对数，逆对数,英语专业四八级词汇表
antipathy,ænˈtɪpəθɪ,n.,憎恶，憎恨，反感，引起反感的事物,英语专业四八级词汇表
antique,ænˈtiːk,adj.,古时的，古式的 n. 古物，古玩,英语专业四八级词汇表
antiquity,ænˈtɪkwətɪ,n.,1. 古老，高龄 2. 古物，古迹，古代风俗习惯,英语专业四八级词汇表
antiseptic,ˌæntɪˈseptɪk,adj.,1. 抗菌的，防腐的 2. 不受感染的，无菌的  n. 抗菌素，防腐剂,英语专业四八级词汇表
antler,ˈæntlə,n.,鹿角,英语专业四八级词汇表
antonym,ˈæntənɪm,n.,反义词,英语专业四八级词汇表
anus,ˈeɪnəs,n.,肛门,英语专业四八级词汇表
anxiety,æŋˈzaɪətɪ,n.,1. 忧虑，担心，焦虑 2. 渴望，热望,英语专业四八级词汇表
anxious,ˈæŋkʃəs,adj.,1. 忧虑的，焦虑的，不安的 2. 渴望的，切望的,英语专业四八级词汇表
anxiously,ˈæŋkʃəslɪ,adv.,1. 忧虑地，焦急地 2. 渴望地,英语专业四八级词汇表
any,ˈenɪ,adj.,1.,英语专业四八级词汇表
any,ˈenɪ,,(用于否定，疑问和条件从句中)一些  2. 任何的，任何一个的 || at any rate(参见 at) /,英语专业四八级词汇表
any,ˈenɪ,in,any case不管怎么样 prop. 1. 一些 2. 任何(人或事物) adv. 一些，少许，略微,英语专业四八级词汇表
anybody,ˈenɪbɒdɪ,prop.,1. 某人，无论谁 2. 任何人,英语专业四八级词汇表
anyhow,ˈenɪhaʊ,adv.,1. 无论如何 2. 以任何可能的方式  3. 无论怎样,英语专业四八级词汇表
anymore,ˌeniˈmɔː,,adv.,英语专业四八级词汇表
anymore,ˌeniˈmɔː,,(不)再，再也(不),英语专业四八级词汇表
anyone,ˈenɪwʌn,prop.,1. 某人，谁 2. 任何人,英语专业四八级词汇表
anything,ˈenɪθɪŋ,prop.,1. 某事，什么事，任何东西 || be anything but根本不是/like anything非常，十分迅速地,英语专业四八级词汇表
anytime,ˈenitaɪm,adv.,在任何时候,英语专业四八级词汇表
anyway,ˈenɪweɪ,adv.,1. 不管怎样，无论如何 2. 不论用何种方法,英语专业四八级词汇表
anywhere,ˈenɪweə,adv.,任何地方，无论何处,英语专业四八级词汇表
apace,əˈpeɪs,adv.,急速地，快捷地,英语专业四八级词汇表
apart,əˈpɑːt,adv.,1. 相隔，相距 2. 离开，离去 3. 拆开 || apart from…且莫说，撇开…不说,英语专业四八级词汇表
apartheid,əˈpɑːtheɪt,n.,种族隔离制度(尤指原南非当局的),英语专业四八级词汇表
apartment,əˈpɑːtmənt,n.,1. 一套房间 2. 一套公寓房间,英语专业四八级词汇表
apathy,ˈæpəθɪ,n.,漠不关心，无动于衷，冷淡,英语专业四八级词汇表
ape,eɪp,n.,类人猿 || play the ape模仿别人 v. 模仿,英语专业四八级词汇表
aperture,ˈæpətʃə,n.,孔，隙，窄的缺口,英语专业四八级词汇表
apex,ˈeɪpeks,n.,顶点，最高点,英语专业四八级词汇表
apiece,əˈpiːs,adv.,各，每个,英语专业四八级词汇表
apologetic,əˌpɒləˈdʒetɪk,adj.,道歉的，认错的,英语专业四八级词汇表
apologize,əˈpɒlədʒaɪz,v.,道歉,英语专业四八级词汇表
apology,əˈpɒlədʒɪ,n.,1. 道歉，认错，谢罪 2.,英语专业四八级词汇表
apology,əˈpɒlədʒɪ,,(为信仰等的)辩解,英语专业四八级词汇表
apoplexy,ˈæpəpleksɪ,n.,中风,英语专业四八级词汇表
apostrophe,əˈpɒstrəfɪ,n.,书写中表示所有或省略的符号(’)(如 I’m中的[’] ),英语专业四八级词汇表
appalling,əˈpɔːlɪŋ,adj.,骇人的，可怕的,英语专业四八级词汇表
apparatus,ˌæpəˈreɪtəs,,"(pl apparatus,",英语专业四八级词汇表
apparatus,ˌæpəˈreɪtəs,,apparatuses) n. 器械，设备,英语专业四八级词汇表
apparel,əˈpærəl,n.,衣服，服装，衣物,英语专业四八级词汇表
apparent,əˈpærənt,adj.,1. 明显的，显而易见的 2. 外表的，表面上的,英语专业四八级词汇表
apparently,əˈpærəntlɪ,adv.,显然，明显地,英语专业四八级词汇表
appeal,əˈpiːl,n.,1. 感染力，吸引力 2. 恳求，呼吁 3. 上诉,英语专业四八级词汇表
appealing,əˈpiːlɪŋ,adj.,吸引人的,英语专业四八级词汇表
appear,əˈpɪə,v.,1. 出现，呈现 2. 到达 3. 似乎，显得，好像,英语专业四八级词汇表
appearance,əˈpɪərəns,n.,1. 出现，出场，露面 2. 外貌，外观，外表,英语专业四八级词汇表
appease,əˈpiːz,v.,使满足，平息，抚慰,英语专业四八级词汇表
append,əˈpend,v.,添加，附加(指加于信末之后),英语专业四八级词汇表
appendicitis,əˌpendɪˈsaɪtɪs,n.,阑尾炎,英语专业四八级词汇表
appendix,əˈpendɪks,,(pl appendixes appendices)  n. 1. 附录 2. 末尾 3. 阑尾,英语专业四八级词汇表
appetite,ˈæpɪtaɪt,n.,食欲，胃口,英语专业四八级词汇表
applaud,əˈplɔːd,v.,1. 鼓掌，欢迎，欢呼 2. 赞成，称赞,英语专业四八级词汇表
applause,əˈplɔːz,n.,1. 鼓掌，喝彩 2. 称赞，赞许,英语专业四八级词汇表
apple,ˈæpl,n.,苹果,英语专业四八级词汇表
appliance,əˈplaɪəns,n.,器具，机械，装置,英语专业四八级词汇表
applicable,ˈæplɪkəbl,adj.,生效的，适用的，可应用的,英语专业四八级词汇表
applicant,ˈæplɪkənt,n.,申请人,英语专业四八级词汇表
application,ˌæplɪˈkeɪʃən,n.,1. 请求，申请，申请表  2. 应用，适用，运用  3. 施用，敷用药等,英语专业四八级词汇表
apply,əˈplaɪ,v.,1. 申请，请求 2. 应用，施用，运用 3. 适用,英语专业四八级词汇表
appoint,əˈpɔɪnt,v.,1. 任命，(委)派 2. 约定(时间、地点),英语专业四八级词汇表
appointee,əˌpɔɪnˈtiː,n.,被任命人，被指定人,英语专业四八级词汇表
appointment,əˈpɔɪntmənt,n.,1. 约会 2. 职务，职位,英语专业四八级词汇表
apposite,ˈæpəzɪt,adj.,适当的，适合的，恰当的,英语专业四八级词汇表
appraisal,əˈpreɪzəl,n.,评定，鉴定，评价,英语专业四八级词汇表
appraise,əˈpreɪz,v.,评定，鉴定，评价,英语专业四八级词汇表
appreciable,əˈpriːʃəbl,adj.,可估计的，可估量的，可察觉到的,英语专业四八级词汇表
appreciate,əˈpriːʃɪeɪt,v.,1. 感谢，感激 2. 欣赏，鉴赏 3. 评价，鉴别,英语专业四八级词汇表
appreciation,əˌpriːʃiˈeɪʃən,n.,1. 欣赏，赏识 2. 感谢,英语专业四八级词汇表
appreciative,əˈpriːʃətɪv,adj.,1. 有欣赏力的，欣赏的  2. 感激的,英语专业四八级词汇表
apprehend,ˌæprɪˈhend,v.,逮捕,英语专业四八级词汇表
apprehension,ˌæprɪˈhenʃən,n.,忧虑，恐惧,英语专业四八级词汇表
apprentice,əˈprentɪs,n.,徒弟，学徒，徒工,英语专业四八级词汇表
approach,əˈprəʊtʃ,v.,1. 靠近，接近 2. 与…打交道  3. 探讨，看待，处理 n. 1. 靠近，接近 2. 探讨，态度，方法,英语专业四八级词汇表
appropriate,əˈprəʊprɪɪt,adj.,适合的，适宜的,英语专业四八级词汇表
approval,əˈpruːvəl,n.,1. 赞成 2. 认可，批准,英语专业四八级词汇表
approve,əˈpruːv,v.,1. 批准，通过 2. 赞成，称许,英语专业四八级词汇表
approximate,əˈprɒksɪmət,adj.,大约，将近,英语专业四八级词汇表
apricot,ˈeɪprɪkɒt,n.,1. 杏  2. 杏黄色,英语专业四八级词汇表
April,ˈeɪprəl,n.,四月,英语专业四八级词汇表
apron,ˈeɪprən,n.,围裙，工作裙,英语专业四八级词汇表
apt,æpt,adj.,1. 恰当的，贴切的 2. 易于…的,英语专业四八级词汇表
aptitude,ˈæptɪtjuːd,n.,1. 自然倾向，天生才能 2. 能力，才能,英语专业四八级词汇表
aquarium,əˈkweərɪəm,n.,水族馆，水族箱，养鱼缸,英语专业四八级词汇表
aquatic,əˈkwtɪk,adj.,水中(生)的,英语专业四八级词汇表
Arabia,əˈreɪbɪə,n.,阿拉伯,英语专业四八级词汇表
Arabian,əˈreɪbɪən,n.,阿拉伯人  adj. 阿拉伯(人)的,英语专业四八级词汇表
Arabic,ˈærəbɪk,adj.,1. 阿拉伯(人)的 2. 阿拉伯语言(文学)的 3. 阿拉伯字母的 n. 阿拉伯语,英语专业四八级词汇表
arbiter,ˈɑːbɪtə,n.,仲裁人，裁决人，公断人,英语专业四八级词汇表
arbitrate,ˈɑːbɪtreɪt,v.,仲裁，公断，裁决,英语专业四八级词汇表
arc,ɑːk,n.,弧线，弧形,英语专业四八级词汇表
arcade,ɑːˈkeɪd,n.,拱廊，(两侧或一侧设有商店的)有盖通道,英语专业四八级词汇表
arch,ɑːtʃ,n.,拱，拱架结构  v. 使…弯成弓形,英语专业四八级词汇表
archaeologist,ˌɑːkɪˈɒlədʒɪst,n.,考古学家,英语专业四八级词汇表
archaeology,ˌɑːkɪˈɒlədʒɪ,n.,考古学,英语专业四八级词汇表
archaic,ɑːˈkeɪɪk,adj.,过时的，陈旧的，古代的,英语专业四八级词汇表
archbishop,ˌɑːtʃˈbɪʃəp,n.,大主教,英语专业四八级词汇表
archer,ˈɑːtʃə,n.,弓箭手，射手,英语专业四八级词汇表
archetype,ˈɑːkɪtaɪp,n.,1. 原型 2. 典型,英语专业四八级词汇表
archipelago,ˌɑːkɪˈpeləɡəʊ,n.,群岛，群岛周围的海,英语专业四八级词汇表
architect,ˈɑːkɪtekt,n.,1. 建筑师，设计师 2. 缔造者,英语专业四八级词汇表
architecture,ˈɑːkɪtektʃə,n.,1. 建筑学 2. 建筑风格 3. 建筑物,英语专业四八级词汇表
archive,ˈɑːkaɪv,n.,1. 档案，文献 2. 档案馆(室),英语专业四八级词汇表
archway,ˈɑːtʃweɪ,n.,1. 拱道 2. 拱门，牌楼,英语专业四八级词汇表
arctic,ˈɑːktɪk,adj.,北极的，北极地区的  || the Arctic北极地区,英语专业四八级词汇表
ardent,ˈɑːdnt,adj.,热情的，炽热的,英语专业四八级词汇表
"ardour, ardor",ˈɑːdə,n.,热情，热心,英语专业四八级词汇表
arduous,ˈɑːdjʊəs,adj.,困难的，艰巨的,英语专业四八级词汇表
are,ɑː,,be动词的现在式复数形式,英语专业四八级词汇表
area,ˈeərɪə,n.,1. 面积 2. 地区 3. 范围，领域,英语专业四八级词汇表
arena,əˈriːnə,n.,1.,英语专业四八级词汇表
arena,əˈriːnə,,(古罗马圆形剧场中央的)竞技场地，竞技场 2. 活动场所，竞争场所,英语专业四八级词汇表
argue,ˈɑːɡjuː,v.,辩论，争论,英语专业四八级词汇表
argument,ˈɑːɡjʊmənt,n.,1. 辩论，争论 2. 论点，论据,英语专业四八级词汇表
argumentative,ˌɑːɡjʊˈmentətɪv,adj.,1.,英语专业四八级词汇表
argumentative,ˌɑːɡjʊˈmentətɪv,,(指人)好争辩的，好争吵的 2. 议论文的,英语专业四八级词汇表
arid,ˈærɪd,adj.,1.,英语专业四八级词汇表
arid,ˈærɪd,,(指土地)干燥的，不毛的 2. 枯燥乏味的，无生气的,英语专业四八级词汇表
arise,əˈraɪz,v.,1. 兴起，发生，出现 2. 站起来，起立，起身,英语专业四八级词汇表
aristocracy,ˌærɪˈstɒkrəsɪ,n.,贵族，贵族阶层，上层阶级,英语专业四八级词汇表
aristocrat,ˈærɪstəkræt,n.,贵族,英语专业四八级词汇表
aristocratic,ˌærɪstəˈkrætɪk,adj.,贵族的,英语专业四八级词汇表
arithmetic,əˈrɪθmətɪk,n.,算术,英语专业四八级词汇表
ark,ɑːk,,n.,英语专业四八级词汇表
ark,ɑːk,,(指圣经中所描述的)方舟,英语专业四八级词汇表
armada,ɑːˈmɑːdə,n.,舰队,英语专业四八级词汇表
armament,ˈɑːməmənt,n.,1. 军备，武装力量 2. 备战,英语专业四八级词汇表
armchair,ˈɑːmtʃeə,n.,有扶手的椅子,英语专业四八级词汇表
"armour, armor",ˈɑːmə,n.,1. 盔甲，铜甲 v. 为…穿盔甲，为…装甲,英语专业四八级词汇表
armoury,ˈɑːməri,n.,军械库，兵工厂,英语专业四八级词汇表
armpit,ˈɑːmˌpɪt,n.,腋下，腋窝,英语专业四八级词汇表
army,ˈɑːmɪ,n.,1. 军队 2. 陆军 3. 军 4. 大军，一大批,英语专业四八级词汇表
aroma,əˈrəʊmə,n.,芳香，香气，香味,英语专业四八级词汇表
aromatic,ˌærəʊˈmætɪk,adj.,芳香的，香气的，香味的,英语专业四八级词汇表
around,əˈraʊnd,adv.,1. 到处 2. 在附近 3. 向四周 4. 大约，在…左右 || be around来(访) prep. 1. 在…周围 2. 在…附近 3. 绕过 4. 各处，到处 || around the clock昼夜不停地 /around the corner①在拐角处②即将到来,英语专业四八级词汇表
arouse,əˈraʊz,v.,1. 唤醒  2. 唤起，激起，引起(注意、同情、嫉妒、怀疑等),英语专业四八级词汇表
arrange,əˈreɪndʒ,v.,1. 整理，分类，排列 2. 筹备，安排  3. 商妥，商定,英语专业四八级词汇表
arrangement,əˈreɪndʒmənt,n.,1. 整理，排列，布置 2. 安排，准备，筹备 3. 商定,英语专业四八级词汇表
array,əˈreɪ,n.,1. 展示，陈列 2. 排列整齐的一队人，一长列(物品) 3.,英语专业四八级词汇表
array,əˈreɪ,,(特殊场合穿的)盛装,英语专业四八级词汇表
arrears,əˈrɪəz,n.,1. 拖欠的债，拖欠的款项 2. 待做的工作,英语专业四八级词汇表
arrest,əˈrest,v.,1. 逮捕，拘留，扣留 2. 抓住，吸引 3. 阻止，阻碍，抑制,英语专业四八级词汇表
arrival,əˈraɪvəl,n.,1. 到达，抵达 2. 到达的人(物),英语专业四八级词汇表
arrive,əˈraɪv,v.,1. 到达，来到 2. 作出(决定)，得出(结论)等,英语专业四八级词汇表
arrogance,ˈærəɡəns,n.,傲慢，自大,英语专业四八级词汇表
arrogant,ˈærəɡənt,,adj·傲慢无礼的，骄傲自大的,英语专业四八级词汇表
arrow,ˈærəʊ,n.,1. 箭 2. 箭头,英语专业四八级词汇表
arsenal,ˈɑːsənl,n.,军械库，兵工厂,英语专业四八级词汇表
arson,ˈɑːsn,n.,纵火(罪)，放火,英语专业四八级词汇表
art,ɑːt,n.,1. 艺术 2. 技艺， 技术 3.,英语专业四八级词汇表
art,ɑːt,,(pl)人文学科,英语专业四八级词汇表
artery,ˈɑːtərɪ,n.,1. 动脉 2. 干线，要道(道路、铁路等),英语专业四八级词汇表
artful,ˈɑːtfʊl,adj.,1. 狡猾的，欺诈的 2. 熟练的，有技巧的，巧妙的,英语专业四八级词汇表
arthritis,ɑːˈθraɪtɪs,n.,关节炎,英语专业四八级词汇表
article,ˈɑːtɪkl,n.,1. 文章，论文 2. 物件，物品 3. 条款，条目,英语专业四八级词汇表
articulate,ɑːˈtɪkjʊlɪt,v.,1. 清楚明白地表 2. 用关节连接,英语专业四八级词汇表
"artifact, artefact",ˈɑːtɪfkt,n.,人工制品,英语专业四八级词汇表
artifice,ˈɑːtɪfɪs,n.,诡计，欺骗,英语专业四八级词汇表
artificial,ˌɑːtɪˈfɪʃəl,adj.,1. 人造的，人工的 2. 假装的，不自然的,英语专业四八级词汇表
artillery,ɑːˈtɪlərɪ,n.,大炮，炮兵部队,英语专业四八级词汇表
artisan,ˌɑːtɪˈzæn,n.,工匠，技工,英语专业四八级词汇表
artist,ˈɑːtɪst,n.,1. 艺术家 2. 擅长做某事之人,英语专业四八级词汇表
artistic,ɑːˈtɪstɪk,adj.,1. 艺术的 2. 雅致的,英语专业四八级词汇表
as,əz; æz,conj.,"1. 像…一样 2. 因为，由于 3. 当，在…时候 4. 按照，依照，如，同 5. 尽管 6. 以便，以致 || as far as 据…，就… [as for至于] as good as几乎已经，实际已经 [as if,",英语专业四八级词汇表
as,əz; æz,as,though就像…似的] as long as只要，长达…之久 /as soon as一…就 adv. 和…一样，像…那样 prop. 像…那样的人(物)  prep. 当作…,英语专业四八级词汇表
ascend,əˈsend,v.,登高，上升，升高,英语专业四八级词汇表
ascendant,əˈsendənt,adj.,权势日益增强的,英语专业四八级词汇表
ascent,əˈsent,n.,1. 上升，升高，攀登 2. 上升坡度，上坡，上坡路,英语专业四八级词汇表
ascertain,ˌæsəˈteɪn,v.,发现，查明，确定,英语专业四八级词汇表
ascetic,əˈsetɪk,n.,&adj. 禁欲(主义)者，苦行(主义)者，禁欲(主义)的，苦行(主义)的,英语专业四八级词汇表
ascribe,əˈskraɪb,v.,把…归因于，认为…是某人所做,英语专业四八级词汇表
ash,æʃ,n.,1. 灰，灰末 2.,英语专业四八级词汇表
ash,æʃ,,(pl)灰烬，灰堆 3.,英语专业四八级词汇表
ash,æʃ,,(pl) 骨灰,英语专业四八级词汇表
ashamed,əˈʃeɪmd,adj.,羞耻的，惭愧的,英语专业四八级词汇表
ashore,əˈʃɔː,adv.,在岸上，在陆上，上岸，上陆,英语专业四八级词汇表
ashtray,ˈæʃtreɪ,n.,烟灰缸，烟灰盘,英语专业四八级词汇表
Asia,ˈeɪʃə,n.,亚洲,英语专业四八级词汇表
Asian,ˈeɪʃən,n.,&adj. 亚洲人(的)，亚洲的,英语专业四八级词汇表
aside,əˈsaɪd,adv.,1. 在旁边，在一边 2.,英语专业四八级词汇表
aside,əˈsaɪd,,(暂且)撇开不谈,英语专业四八级词汇表
ask,ɑːsk,v.,1. 问，询问 2. 要求，请求 3. 邀请 || ask after 问候，问好 /ask for请求，要求,英语专业四八级词汇表
asleep,əˈsliːp,adj.,1. 睡着的 2. 麻木的，麻痹的,英语专业四八级词汇表
aspect,ˈæspekt,n.,1. 方面 2. 面貌，外表,英语专业四八级词汇表
asphalt,ˈæsfælt,n.,1. 沥青，柏油 2. 沥青、碎石和砂的混合物,英语专业四八级词汇表
aspiration,ˌæspɪˈreɪʃən,n.,渴望，志向，抱负,英语专业四八级词汇表
aspire,əˈspaɪə,v.,渴望，追求,英语专业四八级词汇表
aspirin,ˈæsprɪn,n.,阿司匹林,英语专业四八级词汇表
ass,æs,n.,1. 驴 2. 笨蛋，蠢人,英语专业四八级词汇表
assail,əˈseɪl,v.,猛烈攻击，痛打,英语专业四八级词汇表
assailant,əˈseɪlənt,n.,攻击者,英语专业四八级词汇表
assassin,əˈsæsɪn,n.,刺客，暗杀者,英语专业四八级词汇表
assassinate,əˈsæsɪneɪt,v.,暗杀，行刺,英语专业四八级词汇表
assault,əˈsɔːlt,n.,猛烈地攻击，突击，突袭 v. 1. 突击，袭击 2. 殴打 3. 强奸,英语专业四八级词汇表
assemble,əˈsembl,v.,1. 聚集，集合 2. 装配(机器等),英语专业四八级词汇表
assembly,əˈsemblɪ,n.,1. 集合，会合 2. 议会,英语专业四八级词汇表
assent,əˈsent,n.,同意，赞同,英语专业四八级词汇表
assert,əˈsɜːt,v.,1. 宣称，断言 2. 维护，坚持(权利等),英语专业四八级词汇表
assertion,əˈsəːʃən,n.,1. 语气肯定的话，断言 2. 主张，坚持(权力、意见等),英语专业四八级词汇表
assertive,əˈsɜːtɪv,adj.,肯定的，断然的，武断的,英语专业四八级词汇表
assess,əˈses,v.,评估(价值或数额)，评定，核定,英语专业四八级词汇表
assessment,əˈsesmənt,n.,评估，评定，核定,英语专业四八级词汇表
asset,ˈæset,n.,1. 资产，财产 2. 有价值的特性(技能),英语专业四八级词汇表
assiduous,əˈsɪdjʊəs,adj.,刻苦的，勤奋的,英语专业四八级词汇表
assign,əˈsaɪn,v.,1. 分配  (房屋、土地、工作、任务等) 2. 指定(时间、地点等) 3. 委派，指派,英语专业四八级词汇表
assignment,əˈsaɪnmənt,n.,1. 分配，委派 2.,英语专业四八级词汇表
assignment,əˈsaɪnmənt,,(分派)的任务，指定的(课外)作业,英语专业四八级词汇表
assimilate,əˈsɪməleɪt,v.,1. 消化，吸收(食物、思想等)  2. 使…同化,英语专业四八级词汇表
assist,əˈsɪst,v.,援助，帮助,英语专业四八级词汇表
assistance,əˈsɪstəns,n.,援助，帮助,英语专业四八级词汇表
assistant,əˈsɪstənt,n.,1. 助手，助理 2. 助教 adj. 辅助的，助理的,英语专业四八级词汇表
associate,əˈsəʊʃɪeɪt,v.,1. 结交，交往 2. 使联合 3. 联想  [əˈsəʊʃɪət] n. 同事，同伴,英语专业四八级词汇表
association,əˌsəʊsiˈeɪʃən,n.,1. 联合，联盟 2. 联想 3. 协会，社团,英语专业四八级词汇表
assorted,əˈsɔːtɪd,adj.,各种各样的，什锦的，混合的,英语专业四八级词汇表
assortment,əˈsɔːtmənt,n.,各种各样，什锦,英语专业四八级词汇表
assume,əˈsjuːm,v.,1. 假定，设想 2. 承担，接受 3. 装出，佯作 || assuming that…  假定…,英语专业四八级词汇表
assumption,əˈsʌmpʃən,n.,1. 假定，假设 2. 假装,英语专业四八级词汇表
assurance,əˈʃʊərəns,n.,1. 担保，保证 2. 肯定，确信 3. 自信,英语专业四八级词汇表
assure,əˈʃʊə,v.,1. 使确信，使放心，向…保证 2. 保障,英语专业四八级词汇表
assuredly,əˈʃʊərɪdlɪ,adv.,确定地，无疑地,英语专业四八级词汇表
asterisk,ˈæstərɪsk,n.,星状符号,英语专业四八级词汇表
asthma,ˈæsmə,n.,哮喘,英语专业四八级词汇表
astonish,əˈstɒnɪʃ,v.,使吃惊，使惊愕,英语专业四八级词汇表
astonishment,əˈstɒnɪʃmənt,n.,惊讶,英语专业四八级词汇表
astral,ˈæstrəl,adj.,星的，星状的,英语专业四八级词汇表
astray,əˈstreɪ,adj.,&adv. 迷途(的)，越轨(的)，误入歧途(的),英语专业四八级词汇表
astrology,əˈstrɒlədʒɪ,n.,占星学，占星术,英语专业四八级词汇表
astronaut,ˈæstrənɔːt,n.,宇航员,英语专业四八级词汇表
astronomer,əˈstrɒnəmə,n.,天文学家,英语专业四八级词汇表
astronomical,ˌæstrəˈnɒmɪkəl,adj.,1. 天文学的，天体的 2. 极其巨大的,英语专业四八级词汇表
astronomy,əˈstrɒnəmɪ,n.,天文学,英语专业四八级词汇表
astrophysics,ˌæstrəʊˈfɪzɪks,n.,天体物理学,英语专业四八级词汇表
asylum,əˈsaɪləm,n.,1. 庇护(所)，避难(所) 2. 精神病院,英语专业四八级词汇表
asymmetric,ˌeɪsɪˈmetrɪk,adj.,不对称的，不匀称的,英语专业四八级词汇表
at,ət; æt,prep.,1.,英语专业四八级词汇表
at,ət; æt,,(表示地点)在…2.,英语专业四八级词汇表
at,ət; æt,,(表示时间或年龄)在…3.,英语专业四八级词汇表
at,ət; æt,,(表示动作的方向或目标)向;朝着 4.,英语专业四八级词汇表
at,ət; æt,,(表示动作的起因)由于，在…的情况下 5. 在…方面 6.,英语专业四八级词汇表
at,ət; æt,,(表示速度，数量，价格等)按照，以 || at all costs不惜一切代价 [at any rate不管怎样] at ease稍息 [at first最初，开始时] at first sight乍一看，一见面 [at hand 在身边] at home①在家②随便，无拘束③对…很熟悉 [at last最后，终于] at least至少 [at once马上，立即] at present目前，现在 [at school在上学] at sea茫然，不知所措 [at the same time同时] at times有时，间或 [at war处于交战状态] at work干活,英语专业四八级词汇表
athlete,ˈæθliːt,n.,运动员,英语专业四八级词汇表
athletic,æθˈletɪk,adj.,1. 运动的，体育的，运动员的 2. 体格健壮的，活跃的,英语专业四八级词汇表
athletics,æθˈletɪks,n.,体育运动，竞技,英语专业四八级词汇表
Atlantic,ætˈlæntɪk,n.,&adj. 大西洋(的) || the AtIantic (Ocean)大西洋,英语专业四八级词汇表
atlas,ˈætləs,n.,地图册,英语专业四八级词汇表
atmosphere,ˈætməsfɪə,n.,1. 空气 2. 大气，大气层 3. 气氛，环境,英语专业四八级词汇表
atmospheric,ˌætməsˈferɪk,adj.,大气的，大气层的，空气的,英语专业四八级词汇表
atom,ˈætəm,n.,1. 原子 2. 微粒 3. 微量,英语专业四八级词汇表
atrocious,əˈtrəʊʃəs,adj.,非常残忍的，凶暴的，极恶的,英语专业四八级词汇表
atrocity,əˈtrɒsətɪ,n.,1. 暴行，残忍行为 2. 丑恶的事物,英语专业四八级词汇表
attach,əˈtætʃ,v.,1. 缚，系，贴 2. 参加(党派) 3. 把(重点等)放在,英语专业四八级词汇表
attache,əˈtæʃeɪ,n.,使馆随员，使馆职员,英语专业四八级词汇表
attachment,əˈtætʃmənt,n.,1. 联结 2. 联结物 3. 爱慕，情义 4. 喜爱，依恋,英语专业四八级词汇表
attack,əˈtæk,n.,攻击，进攻，攻打 v. 攻击，进攻，侵袭,英语专业四八级词汇表
attain,əˈteɪn,v.,1. 达到，完成，获得，实现 2. 到达，至,英语专业四八级词汇表
attempt,əˈtempt,v.,试做，尝试，企图  n. 1. 尝试，企图 2. 试做的事，未成功的事 3. 攻击，侵害,英语专业四八级词汇表
attend,əˈtend,v.,1. 出席 2. 照料，侍候 3. 注意听  || attend to…专注于…，照顾,英语专业四八级词汇表
attendance,əˈtendəns,n.,1. 出席，到场 2. 出席人数，出席者(总称),英语专业四八级词汇表
attendant,əˈtendənt,n.,1. 侍者，服务员 2. 护理员,英语专业四八级词汇表
attention,əˈtenʃən,n.,1. 注意，专心 2. 立正之姿势 || pay attention to… 注意…,英语专业四八级词汇表
attentive,əˈtentɪv,adj.,1. 注意的，当心的 2. 有礼貌的，照顾周到的，殷勤的,英语专业四八级词汇表
attest,əˈtest,v.,1. 证明，证实 2. 表明,英语专业四八级词汇表
attic,ˈætɪk,n.,顶楼，阁楼,英语专业四八级词汇表
attitude,ˈætɪtjuːd,n.,1. 态度，看法 2. 姿势,英语专业四八级词汇表
attorney,əˈtɜːnɪ,,n.,英语专业四八级词汇表
attorney,əˈtɜːnɪ,,(AmE) 律师,英语专业四八级词汇表
attract,əˈtrækt,v.,1. 引起…的注意(兴趣)  2. 吸引,英语专业四八级词汇表
attraction,əˈtrækʃən,n.,1. 吸引力，诱惑力 2. 吸引物，喜闻乐见的事物,英语专业四八级词汇表
attractive,əˈtræktɪv,adj.,有吸引力的，诱人的，令人愉快的,英语专业四八级词汇表
attrition,əˈtrɪʃən,n.,消耗，磨损,英语专业四八级词汇表
auction,ˈɔːkʃən,n.,拍卖  v. 以拍卖方式出售，拍卖,英语专业四八级词汇表
auctioneer,ˌɔːkʃəˈnɪə,n.,拍卖人,英语专业四八级词汇表
audacious,ɔːˈdeɪʃəs,adj.,1. 愚勇的，大胆的，鲁莽的 2. 放肆的，无礼的,英语专业四八级词汇表
audible,ˈɔːdəbl,adj.,听得见的，可听到的,英语专业四八级词汇表
audience,ˈɔːdɪəns,n.,1. 听众，观众 2. 接见，会见,英语专业四八级词汇表
audio,ˈɔːdiəʊ,adj.,音频的，声音的,英语专业四八级词汇表
audiovisuals,ˌɔːdiəʊˈvɪjʊəlz,,n.,英语专业四八级词汇表
audiovisuals,ˌɔːdiəʊˈvɪjʊəlz,,(pl)视听教具，直观教具,英语专业四八级词汇表
audit,ˈɔːdɪt,v.,"核(数), 查(账等), 稽查， 审计",英语专业四八级词汇表
audition,ɔːˈdɪʃən,,n.,英语专业四八级词汇表
audition,ɔːˈdɪʃən,,(歌手、演员等的)试音，试演,英语专业四八级词汇表
auditor,ˈɔːdɪtə,n.,1. 稽查员，审计员 2. 旁听生,英语专业四八级词汇表
auditorium,ˌɔːdɪˈtɔːriəm,n.,1. 听众席，旁听席 2.,英语专业四八级词汇表
auditorium,ˌɔːdɪˈtɔːriəm,,(AmE) 讲堂，礼堂,英语专业四八级词汇表
augment,ɔːɡˈment,,v.,英语专业四八级词汇表
augment,ɔːɡˈment,,(使)增大，增加，增长，扩张,英语专业四八级词汇表
August,ˈɔːɡəst,n.,八月,英语专业四八级词汇表
august,ɔːˈɡʌst,adj.,威严的，尊严的，威风凛凛,英语专业四八级词汇表
aunt,ɑːnt,n.,1. 姑母，姨母 2. 舅母，伯母,英语专业四八级词汇表
aura,ˈɔːrə,n.,气氛，气息,英语专业四八级词汇表
aural,ˈɔːrəl,adj.,听觉的,英语专业四八级词汇表
auspicious,ɔːˈspɪʃəs,adj.,吉利的，吉祥的,英语专业四八级词汇表
austere,ɒˈstɪə,adj.,1. 严厉的，严峻的 2. 清苦的，困苦的 3. 不加装饰的，朴素的，简朴的,英语专业四八级词汇表
austerity,ɒˈsterətɪ,n.,1. 严峻，严厉 2. 严正，严肃，稳重  3. 简朴，朴素 4.,英语专业四八级词汇表
austerity,ɒˈsterətɪ,,(pl)苦行,英语专业四八级词汇表
Australian,ɒˈstreɪlɪən,n.,&adj. 澳大利亚人(的)，澳大利亚的,英语专业四八级词汇表
authentic,ɔːˈθentɪk,adj.,真正的，真迹的，原作的，正宗的,英语专业四八级词汇表
author,ˈɔːθə,n.,1. 著者，作家 2. 创造者，创始人，发起人,英语专业四八级词汇表
authoritarian,ɔːˌθɒrɪˈteərɪən,n.,&adj. 1. 专横(的)，专制(的) 2. 专制主义者，独裁主义者,英语专业四八级词汇表
authoritative,ɔːˈθɒrətətɪv,adj.,具权威性的，可信赖的,英语专业四八级词汇表
authority,ɔːˈθɒrətɪ;,n.,1. 权，权力 2. 权威 3.,英语专业四八级词汇表
authority,ɔːˈθɒrətɪ;,,(pl art)当局，官方 4. 职权，权限,英语专业四八级词汇表
autobiographic(al),ˌɔːtəbaɪəˈɡræfɪk(əl),adj.,自传的，自传体的,英语专业四八级词汇表
autobiography,ˌɔːtəbaɪˈɒɡrəfɪ,n.,自传,英语专业四八级词汇表
autocrat,ˈɔːtəkræt,n.,1. 独裁者，专制君主 2. 专横霸道的人,英语专业四八级词汇表
autocratic,ˌɔːtəˈkrtɪk,adj.,独裁的，专制的,英语专业四八级词汇表
autograph,ˈɔːtəɡrɑːf,,n.,英语专业四八级词汇表
autograph,ˈɔːtəɡrɑːf,,(名人的)亲笔签名 v.,英语专业四八级词汇表
autograph,ˈɔːtəɡrɑːf,,(名人)亲笔签名，题名、署名于…,英语专业四八级词汇表
automate,ˈɔːtəmeɪt,,v.,英语专业四八级词汇表
automate,ˈɔːtəmeɪt,,(使)自动化,英语专业四八级词汇表
automatic,ɔːtəˈmætɪk,adj.,1. 自动的 2. 无意识的,英语专业四八级词汇表
automation,ˌɔːtəˈmeɪʃən,n.,1. 自动，自动化 2. 自动学,英语专业四八级词汇表
automobile,ˈɔːtəməbiːl,n.,汽车,英语专业四八级词汇表
autonomous,ɔːˈtɒnəməs,adj.,自治的，自主的，有自治权的,英语专业四八级词汇表
autonomy,ɔːˈtɒnəmɪ,n.,自治，自治权,英语专业四八级词汇表
autopsy,ˈɔːtɒpsɪ,n.,验尸，尸体剖验,英语专业四八级词汇表
autumn,ˈɔːtəm,n.,秋天,英语专业四八级词汇表
auxiliary,ɔːɡˈzɪljərɪ,adj.,辅助的，备用的,英语专业四八级词汇表
avail,əˈveɪl,v.,利用,英语专业四八级词汇表
availability,əˌveɪləˈbɪlətɪ,n.,可用性,英语专业四八级词汇表
available,əˈveɪləbl,adj.,可用的，可得到的,英语专业四八级词汇表
avalanche,ˈævəlɑːntʃ,n.,雪崩 v. 崩落，涌至,英语专业四八级词汇表
avenge,əˈvendʒ,v.,为…报仇，为…进行报仇 || avenge oneself on对…进行报仇,英语专业四八级词汇表
avenue,ˈævənjuː,n.,1. 林荫道，道路 2.,英语专业四八级词汇表
avenue,ˈævənjuː,,(AmE)(城市中的)大街 3. 途径，手段,英语专业四八级词汇表
average,ˈævərɪdʒ,n.,平均数，平均标准 v. 平均达到 adj. 普通的，平常的，平均的,英语专业四八级词汇表
avert,əˈvɜːt,v.,1. 防止，避免 2. 移开(目光)，避开不看,英语专业四八级词汇表
aviation,ˌeɪvɪˈeɪʃən,n.,航空，航空学,英语专业四八级词汇表
avid,ˈævɪd,adj.,渴望的，热的,英语专业四八级词汇表
avoid,əˈvɔɪd,v.,避免，回避，躲开,英语专业四八级词汇表
await,əˈweɪt,v.,等待,英语专业四八级词汇表
awake,əˈweɪk,v.,1. 醒过来 2. 醒悟，觉察，明白,英语专业四八级词汇表
awaken,əˈweɪkən,v.,1. 叫醒，闹醒 2. 醒来，觉醒  || awaken to使认识到,英语专业四八级词汇表
award,əˈwɔːd,v.,授予，给以奖励 n. 奖品,英语专业四八级词汇表
aware,əˈweə,adj.,知晓，察觉，意识到,英语专业四八级词汇表
awareness,əˈweənɪs,n.,知晓，察觉，意识到,英语专业四八级词汇表
away,əˈweɪ,adv.,1. 离开 2. 不在 3.,英语专业四八级词汇表
away,əˈweɪ,,"(表示位置、所有权的转移等)拿开，扔掉 4. 离… 远 5. 不间断地…下去 || do away with消灭，取消 [get away from摆脱，逃避] give somebody away背弃 [pass  away去世] right away,",英语专业四八级词汇表
away,əˈweɪ,,straight away立即，马上,英语专业四八级词汇表
awe,ɔː,n.,畏惧，害怕心情 v. 使敬畏，威吓,英语专业四八级词汇表
awesome,ˈɔːsəm,adj.,令人敬畏的，可怕的,英语专业四八级词汇表
awful,ˈɔːfʊl,adj.,1. 令人畏惧的，可怕的，令人敬畏 2. 威严的，庄重的，令人崇敬的 3. 极度的，非常的，极坏的,英语专业四八级词汇表
awfully,ˈɔːfʊlɪ,adv.,1. 令人畏惧地，令人敬畏地 2. 非常，很，了不得,英语专业四八级词汇表
awkward,ˈɔːkwəd,adj.,1. 笨拙的，不熟练的 2. 使用不便的 3. 尴尬的 4. 难应付的，难  处理的,英语专业四八级词汇表
awkwardly,ˈɔːkwədlɪ,adv.,笨拙地，不熟练地,英语专业四八级词汇表
axiom,ˈæksɪəm,n.,公理，格言，原则,英语专业四八级词汇表
axis,ˈæksɪs,n.,1. 轴，轴心  2. 轴线,英语专业四八级词汇表
axle,ˈæksəl,n.,轴，车轴，轴干,英语专业四八级词汇表
babble,ˈbæbl,v.,含糊不清地说，胡言乱语地说,英语专业四八级词汇表
baby,ˈbeɪbɪ;,n.,1. 婴儿，小儿 2. 小动物，幼畜 adj. 微型的,英语专业四八级词汇表
baby-sit,ˈbeɪbisɪt,,v.,英语专业四八级词汇表
baby-sit,ˈbeɪbisɪt,,(代人临时)照看婴儿,英语专业四八级词汇表
bachelor,ˈbætʃələ,n.,1. 未婚男子，单身汉 2. 学士 || Bachelor of Arts文学士 /,英语专业四八级词汇表
bachelor,ˈbætʃələ,,Bachelor of Science理学士,英语专业四八级词汇表
back,bæk,adv.,1. 回来，回去 2. 往后 3. 以前 || back and forth来回地 n. 1. 背 2. 后部 || at one’s back支持某人 [behind one’s back背着某人(说坏话等)] turn one’s back on不理，背弃  v. 1. 支持 2. 后退，使后退 adj. 1. 后面的，背后的 2. 过去的，过期的 3. 迟交的，欠交的,英语专业四八级词汇表
backbiting,ˈbækbaɪtɪŋ,n.,背后诽谤、中伤,英语专业四八级词汇表
backbone,ˈbækbəʊn,n.,1. 脊骨，脊柱，脊椎 2. 支柱，骨干 3. 骨气，坚定的品质,英语专业四八级词汇表
backbreaking,ˈbækbreɪkɪŋ,,adj.,英语专业四八级词汇表
backbreaking,ˈbækbreɪkɪŋ,,(指工作)使人筋疲力尽的，费力的,英语专业四八级词汇表
backdate,ˌbækˈdeɪt,,v.,英语专业四八级词汇表
backdate,ˌbækˈdeɪt,v.,宣布(某事物)自过去某日起即为有效,英语专业四八级词汇表
backdrop,ˈbækdrɒp,n.,1. 背景幕 2. 背景,英语专业四八级词汇表
backfire,ˌbækˈfaɪə,v.,1. 适得其反，招致相反的效果 2.,英语专业四八级词汇表
backfire,ˌbækˈfaɪə,,(指车子等)发出回火声，(指内燃机等)逆火，回火,英语专业四八级词汇表
background,ˈbækɡraʊnd,n.,1. 背景 2. 个人的背景资料,英语专业四八级词汇表
backhand,ˈbækhænd,,n.,英语专业四八级词汇表
backhand,ˈbækhænd,,(网球等)反手抽击,英语专业四八级词汇表
backside,ˈbæksaɪd,n.,臀部,英语专业四八级词汇表
backup,ˈbækʌp,n.,1. 候补，备用物 2. 后备人员，支援者 3.,英语专业四八级词汇表
backup,ˈbækʌp,,(计算机)备份 v.,英语专业四八级词汇表
backup,ˈbækʌp,,(计算机)备份,英语专业四八级词汇表
backward,ˈbækwəd,adj.,1. 向后的 2. 落后的，不发达的  3. 迟钝的,英语专业四八级词汇表
backwards,ˈbækwədz,adv.,1. 向后走，倒退着 2.,英语专业四八级词汇表
backwards,ˈbækwədz,,(顺序)倒，逆 || backwards and forwards来回地,英语专业四八级词汇表
backwater,ˈbækwɔːtə,n.,1. 死水，滞水，淤水 2. 穷乡僻壤,英语专业四八级词汇表
backyard,ˌbækˈjɑːd,,n.,英语专业四八级词汇表
backyard,ˌbækˈjɑːd,,(住宅的)后院,英语专业四八级词汇表
bacon,ˈbeɪkən,n.,咸猪肉，熏猪肉,英语专业四八级词汇表
bacteria,bækˈtɪərɪə,n.,细菌,英语专业四八级词汇表
"bad(worse, worst)",bæd,adj.,1. 坏的，不好的 2. 不舒服 3. 严重的，厉害的 4. 变质的 5. 糟糕的，难闻的 || be bad for对…有害 [feel bad about为…感到难受，抱歉] go bad腐败，变质 /go from bad to worse每况愈下,英语专业四八级词汇表
badge,bædʒ,n.,1. 徽章，像章 2. 标志，象征,英语专业四八级词汇表
badly,ˈbædlɪ,adv.,1. 恶劣地  2. 有缺点地，拙劣地  3. 非常 || be badly off生活拮据，穷困,英语专业四八级词汇表
badminton,ˈbædmɪntən,n.,羽毛球(运动),英语专业四八级词汇表
bad-tempered,bæd ˈtempəd,adj.,脾气坏的,英语专业四八级词汇表
baffle,ˈbæfl,v.,使困惑，使难倒，使受挫,英语专业四八级词汇表
bag,bæɡ,n.,口袋，包  v. 1. 装进口袋 2. 猎获，抓到,英语专业四八级词汇表
baggage,ˈbæɡɪdʒ,n.,行李,英语专业四八级词汇表
baggy,ˈbæɡɪ,adj.,宽松而下垂的,英语专业四八级词汇表
bait,beɪt,n.,1. 饵 2. 引诱物，诱惑物  v. 用饵引诱,英语专业四八级词汇表
bake,beɪk,v.,1. 烤，烘，焙(面包等) 2. 烧硬，焙干(砖头等),英语专业四八级词汇表
baker,ˈbeɪkə,n.,面包师,英语专业四八级词汇表
bakery,ˈbeɪkəri,n.,面包店,英语专业四八级词汇表
balance,ˈbæləns,v.,1.,英语专业四八级词汇表
balance,ˈbæləns,,(用天平)称 2.,英语专业四八级词汇表
balance,ˈbæləns,,(使)平衡，使…均等 3. 权衡，对比，比较 4. 结账，清账 n. 1. 天平，秤 2. 平衡，均势，抵消 3. 结余，余额,英语专业四八级词汇表
balcony,ˈbælkənɪ,n.,1. 阳台 2.,英语专业四八级词汇表
balcony,ˈbælkənɪ,,(剧场的)楼厅,英语专业四八级词汇表
bald,bɔːld,adj.,1. 秃顶的，光秃的 2. 无装饰的，不加虚饰的,英语专业四八级词汇表
bale,beɪl,n.,大包，大捆  v. 把…打包,英语专业四八级词汇表
baleful,ˈbeɪlfəl,adj.,凶恶的，有害的，险恶的,英语专业四八级词汇表
balk,bɔːk,v.,犹豫不决，举棋不定,英语专业四八级词汇表
ballad,ˈbæləd,n.,1. 歌谣，民谣 2. 叙事歌谣,英语专业四八级词汇表
ballast,ˈbæləst,n.,压载物，压舱物 v. 给…装压舱物(压载物),英语专业四八级词汇表
ballerina,ˌbæləˈriːnə,n.,芭蕾舞女演员,英语专业四八级词汇表
ballet,ˈbæleɪ,n.,芭蕾舞(曲、剧、团),英语专业四八级词汇表
ballistics,bəˈlɪstɪks,,n.,英语专业四八级词汇表
ballistics,bəˈlɪstɪks,,(有关枪炮发射的)弹道学 || ballistic missile弹道导弹,英语专业四八级词汇表
balloon,bəˈluːn,n.,气球,英语专业四八级词汇表
ballot,ˈbælət,n.,1. 选票 2.,英语专业四八级词汇表
ballot,ˈbælət,,(不记名)投票 3. 投票总数 || ballot box投票箱  v . 投票,英语专业四八级词汇表
balm,bɑːm,n.,药油,英语专业四八级词汇表
balmy,ˈbɑːmɪ,,adj.,英语专业四八级词汇表
balmy,ˈbɑːmɪ,,(指气候)温和的，和煦的，宜人的,英语专业四八级词汇表
balustrade,ˌbæləˈstreɪd,n.,栏杆，扶栏,英语专业四八级词汇表
bamboo,bæmˈbuː,n.,竹子，竹竿,英语专业四八级词汇表
ban,bæn,v.,& n. 禁止,英语专业四八级词汇表
banal,bəˈnɑːl,adj.,陈腐的，平庸的，乏味的,英语专业四八级词汇表
banana,bəˈnɑːnə,n.,香蕉,英语专业四八级词汇表
band,bænd,n.,1. 一帮，一伙(人)  2. 乐队 3. 带，带形物，箍  4. 镶边，嵌条 5.,英语专业四八级词汇表
band,bænd,,(收音机)波段，频带 v. 1. 用带绑扎 2. 联合,英语专业四八级词汇表
bandage,ˈbændɪdʒ,n.,绷带  v. 用绷带包扎,英语专业四八级词汇表
bandit,ˈbændɪt,n.,土匪，强盗,英语专业四八级词汇表
bandwagon,ˈbændˌwæɡən,n.,潮流，浪头 || jump [climb] get on the bandwagon顺应潮流，随大流,英语专业四八级词汇表
bane,beɪn,n.,祸根，灾星,英语专业四八级词汇表
bang,bæŋ,v.,1. 猛撞，猛敲 2. 砰的关上(门等) 3. 发出砰的一声 n. 1. 猛击 2. 砰的一响,英语专业四八级词汇表
banish,ˈbænɪʃ,v.,1. 放逐，驱逐出境 2. 忘却，不去想,英语专业四八级词汇表
banister,ˈbænɪstə,,n.,英语专业四八级词汇表
banister,ˈbænɪstə,,(楼梯的)扶栏,英语专业四八级词汇表
banjo,ˈbændʒəʊ,,n.,英语专业四八级词汇表
banjo,ˈbændʒəʊ,,(指用于演奏流行音乐的)班卓琴,英语专业四八级词汇表
banker,ˈbæŋkə,n.,银行家，银行高级职员,英语专业四八级词汇表
banking,ˈbæŋkɪŋ,n.,1. 银行业 2. 银行业务,英语专业四八级词汇表
bankrupt,ˈbæŋkrʌpt,v.,使破产 adj. 破产的 || go bankrupt破产,英语专业四八级词汇表
bankruptcy,ˈbæŋkrəpsɪ,n.,破产(状态),英语专业四八级词汇表
banner,ˈbænə,n.,1. 旗帜 2. 横幅 || under the banner of  以…的名义(进行某项工作),英语专业四八级词汇表
banquet,ˈbæŋkwɪt,n.,宴会 v. 宴请，参加宴会,英语专业四八级词汇表
banter,ˈbæntə,n.,嘲弄，戏谑，挖苦 v. 取笑，逗弄，开玩笑,英语专业四八级词汇表
baptism,ˈbæptɪzəm,n.,1.,英语专业四八级词汇表
baptism,ˈbæptɪzəm,,(基督教的)洗礼，浸礼 2. 洗礼，考验,英语专业四八级词汇表
baptize,bæpˈtaɪz,v.,给… 施洗礼,英语专业四八级词汇表
bar,bɑː,n.,1. 酒吧间 2. 条，杆，棒 v. 1. 闩上 2. 阻挡，拦住,英语专业四八级词汇表
barbarian,bɑːˈbeərɪən,n.,野蛮人 adj. 不文明的，野蛮的，残暴的,英语专业四八级词汇表
barbaric,bɑːˈbærɪk,adj.,1. 残暴的 2. 像野蛮人的 n. 野蛮(状态)，未开化状态,英语专业四八级词汇表
barbarous,ˈbɑːbərəs,adj.,1. 未开化的，原始的 2. 野蛮的，残暴的,英语专业四八级词汇表
barbecue,ˈbɑːbɪkjuː,n.,1. 烤肉用的台架 2. 烤肉野餐  v. 在台架上烤(肉),英语专业四八级词汇表
barber,ˈbɑːbə,n.,理发师,英语专业四八级词汇表
bare,beə,adj.,1. 赤裸的，裸露的 2. 无遮蔽的 3. 空的 4. 稀少的，仅有的，勉强的  v. 露出，暴露,英语专业四八级词汇表
barely,ˈbeəlɪ,adv.,勉强，好容易才,英语专业四八级词汇表
bargain,ˈbɑːɡɪn,v.,议价，讨价还价  n. 1. 廉价货 2. 合同，协议 3. 交易 || drive a bargain讨价还价,英语专业四八级词汇表
barge,bɑːdʒ,n.,平底载货船，驳船,英语专业四八级词汇表
baritone,ˈbærɪtəʊn,n.,男中音,英语专业四八级词汇表
barley,ˈbɑːlɪ,n.,大麦,英语专业四八级词汇表
barn,bɑːn,n.,1. 谷仓 2. 牲口棚,英语专业四八级词汇表
"barometre, barometer",bəˈrɒmɪtə,n.,晴雨表，气压表,英语专业四八级词汇表
baron,ˈbærən,n.,1. 男爵 2.,英语专业四八级词汇表
baron,ˈbærən,,(商业界等)巨头，大王，大亨,英语专业四八级词汇表
baroque,bəˈrɒk,adj.,巴罗克风格(17世纪欧洲流行的一种艺术风格)的,英语专业四八级词汇表
barracks,ˈbærəks,n.,1. 营房，兵营 2.,英语专业四八级词汇表
barracks,ˈbærəks,,(工地的)临时棚屋，工棚,英语专业四八级词汇表
barrage,ˈbærɑːʒ,n.,1. 掩护炮火，齐射炮火，齐射式的攻击 2. 拦河坝，堰，水坝,英语专业四八级词汇表
barrel,ˈbærəl,n.,1. 桶 2. 炮管，枪管,英语专业四八级词汇表
barren,ˈbærən,adj.,1.,英语专业四八级词汇表
barren,ˈbærən,,(土地)贫瘠的 2. 不孕的，不育的，不结果实的 3. 无用的，无效果的，无实际内容的,英语专业四八级词汇表
barricade,ˌbærɪˈkeɪd,n.,路障，街垒 v. 设路障，封闭，拦阻,英语专业四八级词汇表
barrier,ˈbærɪə,n.,1. 栅栏，篱笆 2. 障碍，障碍物,英语专业四八级词汇表
barrister,ˈbærɪstə,,n.,英语专业四八级词汇表
barrister,ˈbærɪstə,,(指英国在高等法院出庭辩护的)大律师,英语专业四八级词汇表
barrow,ˈbærəʊ,n.,1. 手推车 2. 独轮手推车,英语专业四八级词汇表
barter,ˈbɑːtə,v.,.&n. 以物易物，以等价物作交换,英语专业四八级词汇表
baseball,ˈbeɪsbɔːl,n.,1. 棒球(运动) 2. 垒球(运动),英语专业四八级词汇表
basement,ˈbeɪsmənt,n.,地下室,英语专业四八级词汇表
bash,bæʃ,v.,使劲打，狠打，痛殴 n. 重击，猛攻 || have a bash at…尝试一下,英语专业四八级词汇表
bashful,ˈbæʃfʊl,adj.,害羞的，羞怯的，腼腆的,英语专业四八级词汇表
basic,ˈbeɪsɪk,adj.,基本的，基础的，首要的,英语专业四八级词汇表
basically,ˈbeɪsɪklɪ,adv.,基本上，根本上，从根本上说,英语专业四八级词汇表
basics,ˈbeɪsɪks,n.,基本因素，基本原理，概要,英语专业四八级词汇表
basin,ˈbeɪsn,n.,1. 盆，水盆，洗脸盆 2. 盆地，流域,英语专业四八级词汇表
basis,ˈbeɪsɪs,,(pl bases) n. 基础，根据  || on the basis of  根据,英语专业四八级词汇表
bask,bɑːsk,v.,舒适地晒太阳,英语专业四八级词汇表
basket,ˈbɑːskɪt,n.,1. 篮，筐 2. 一篮，一筐,英语专业四八级词汇表
basketball,ˈbɑːskɪtbɔːl,n.,1. 篮球 2. 篮球运动,英语专业四八级词汇表
bass,beɪs,n.,1. 男低音(歌手) 2. 低音乐器 3. 低音大提琴 adj.,英语专业四八级词汇表
bass,beɪs,,(男)低音的,英语专业四八级词汇表
bastard,ˈbɑːstəd,n.,1. 私生子 2.,英语专业四八级词汇表
bastard,ˈbɑːstəd,,(动、植)杂种 3.,英语专业四八级词汇表
bastard,ˈbɑːstəd,,(slang)坏种，讨厌鬼，残忍无情的人 4. 假冒品，劣等货，代用品,英语专业四八级词汇表
bastion,ˈbæstɪən,n.,1. 城堡 2. 堡垒,英语专业四八级词汇表
batch,bætʃ,n.,一批，一组，一群,英语专业四八级词汇表
bath,bɑːθ,n.,1. 洗澡，沐浴  2. 澡盆，浴池，浴缸,英语专业四八级词汇表
bathe,beɪð,v.,1. 冲洗(伤口等) 2. 洗澡，沐浴,英语专业四八级词汇表
bathroom,ˈbɑːθrʊm,n.,浴室，盥洗室,英语专业四八级词汇表
baton,ˈbætɒn,n.,1. 乐队指挥棒，警棍 2. 接力棒,英语专业四八级词汇表
battalion,bəˈtælɪən,n.,1. 营 2.,英语专业四八级词汇表
battalion,bəˈtælɪən,,(pl)大军，一大批(物品),英语专业四八级词汇表
batter,ˈbætə,v.,1. 连续猛击，炮击 2. 打烂，用旧,英语专业四八级词汇表
battery,ˈbætərɪ,n.,1. 电池(组)，电瓶 2. 排炮,英语专业四八级词汇表
battle,ˈbætl,n.,1. 战役，战斗 2. 斗争 v. 战斗，与…斗争,英语专业四八级词汇表
battlefield,ˈbætlfiːld,n.,战场,英语专业四八级词汇表
bawl,bɔːl,v.,大喊大叫，大声地喊，咆哮,英语专业四八级词汇表
bayonet,ˈbeɪənɪt,n.,枪刺，刺刀,英语专业四八级词汇表
bazaar,bəˈzɑː,n.,1. 义卖  2.,英语专业四八级词汇表
bazaar,bəˈzɑː,,(东方国家的)市集，商店(集中区),英语专业四八级词汇表
be,bɪː; bɪ,,aux.,英语专业四八级词汇表
be,bɪː; bɪ,v.,1. 是，等于 2. 存在，有 3. 去过(某地)  4. 发生于 5. 做，成为 6.,英语专业四八级词汇表
be,bɪː; bɪ,,(帮助构成被动语态) 7.,英语专业四八级词汇表
be,bɪː; bɪ,,(帮助构成进行时态) 8.,英语专业四八级词汇表
be,bɪː; bɪ,,(与不定式连用，表示约定、计划等),英语专业四八级词汇表
beach,biːtʃ,n.,海滩，湖滩，河滩,英语专业四八级词汇表
beacon,ˈbiːkən,n.,烽火，(警告用的)闪光灯，灯塔,英语专业四八级词汇表
bead,biːd,n.,珠子，念珠,英语专业四八级词汇表
beak,biːk,n.,1.,英语专业四八级词汇表
beak,biːk,,(鸟等的)嘴，嚎 2. 鸟嘴状物,英语专业四八级词汇表
beaker,ˈbiːkə,n.,1.,英语专业四八级词汇表
beaker,ˈbiːkə,,(无柄的)大口酒杯 2.,英语专业四八级词汇表
beaker,ˈbiːkə,,(实验室等处的)烧杯,英语专业四八级词汇表
beam,biːm,n.,1. 梁 2.,英语专业四八级词汇表
beam,biːm,,(日光、灯光等)(一)道，(一)束 v. 1. 微笑 2. 发光,英语专业四八级词汇表
bean,biːn,n.,豆(子)，菜豆 || full of beans (infml)精力充沛的,英语专业四八级词汇表
bean-sprout,ˈbiːnspraʊt,n.,豆芽,英语专业四八级词汇表
beard,bɪəd,,n.,英语专业四八级词汇表
beard,bɪəd,,(下巴上的)胡须，络腮胡子,英语专业四八级词汇表
bearing,ˈbeərɪŋ,n.,1. 举止，风度 2. 方位，方向感 3. 轴承,英语专业四八级词汇表
beast,biːst,n.,1.,英语专业四八级词汇表
beast,biːst,,(四足)兽  2. 牲畜 3. 凶残的人 4. 举止粗鲁的人,英语专业四八级词汇表
beastly,ˈbiːstlɪ,,adj.,英语专业四八级词汇表
beastly,ˈbiːstlɪ,,(指人或物)令人讨厌的，极糟的，可恶的,英语专业四八级词汇表
beat,biːt,v.,1. 打，敲 2. 打败，取胜 3.,英语专业四八级词汇表
beat,biːt,,(心)跳动 || beat about the bush绕弯子说话 [beat off打退 ] beat time打拍子 /,英语专业四八级词汇表
beat,biːt,beat,up somebody痛打某人 n. 1. 敲击 2. 跳动 3. 节拍 4.,英语专业四八级词汇表
beat,biːt,,(警察、哨兵的)巡逻路线,英语专业四八级词汇表
beating,ˈbiːtɪŋ,n.,1. 责打，答打 2. 败北 3.,英语专业四八级词汇表
beating,ˈbiːtɪŋ,,(心脏的)跳动,英语专业四八级词汇表
beautiful,ˈbjuːtəfʊl,adj.,1. 美丽的，漂亮的 2. 极好的，令人愉快的,英语专业四八级词汇表
beautify,ˈbjuːtɪfaɪ,v.,.美化,英语专业四八级词汇表
beauty,ˈbjuːtɪ,n.,1. 美，美丽 2. 妙处，美点 3. 美人，美的东西,英语专业四八级词汇表
because,bɪˈkɒz,conj.,因为 || because of由于，为了,英语专业四八级词汇表
beckon,ˈbekən,v.,向(某人)示意，召唤,英语专业四八级词汇表
become,bɪˈkʌm,v.,1. 变成，成为，变得 2. 对…合适 || become of发生…情况; …怎么啦,英语专业四八级词汇表
bed,bed,n.,1. 床 2. 花圃 3.,英语专业四八级词汇表
bed,bed,,(河，湖，海的)底部 || go to bed去睡觉 [in bed在床上， (在)睡觉] make the bed铺床 /put…to bed安顿…睡觉,英语专业四八级词汇表
bedding,ˈbedɪŋ,n.,寝具,英语专业四八级词汇表
bedroom,ˈbedrʊm,n.,卧室,英语专业四八级词汇表
bedtime,ˈbedtaɪm,n.,上床时间，就寝时间 adj. 适用于(或通常用于)临睡前的,英语专业四八级词汇表
bee,biː,n.,蜂，蜜蜂,英语专业四八级词汇表
beef,biːf,n.,牛肉,英语专业四八级词汇表
beeper,ˈbiːpə,n.,寻呼机,英语专业四八级词汇表
beer,bɪə,n.,啤酒,英语专业四八级词汇表
beet,biːt,n.,1. 甜菜 2. 甜菜根,英语专业四八级词汇表
beetle,ˈbiːtl,n.,甲壳虫,英语专业四八级词汇表
befall,bɪˈfɔːl,v.,发生，降临于，对…发生,英语专业四八级词汇表
befit,bɪˈfɪt,v.,适合于，对…适应,英语专业四八级词汇表
before,bɪˈfɔː,prep.,1.,英语专业四八级词汇表
before,bɪˈfɔː,,(指位置或次序)在…前面 2.,英语专业四八级词汇表
before,bɪˈfɔː,,(指时间)在…以前 || before long  不久，一会儿之后 [the day before yesterday前天] the week before last上星期 conj. 在…之前  adv. 以前,英语专业四八级词汇表
beforehand,bɪˈfɔːhænd,adv.,预先，事先,英语专业四八级词汇表
beg,beɡ,v.,1. 请求，恳求  2. 乞讨，乞求 || I beg your pardon n. ①对不起，请原谅。②请再说一遍。,英语专业四八级词汇表
beggar,ˈbeɡə,n.,乞丐，穷人,英语专业四八级词汇表
begin,bɪˈɡɪn,v.,开始 || to begin with①第一②原先，本来 /begin with以…开始,英语专业四八级词汇表
beginner,bɪˈɡɪnə,n.,初学者，生手,英语专业四八级词汇表
beginning,bɪˈɡɪnɪŋ,n.,1. 开始，开端 2. 开头部分,英语专业四八级词汇表
begrudge,bɪˈɡrʌdʒ,v.,1. 对…不满 2. 妒忌,英语专业四八级词汇表
beguile,bɪˈɡaɪl,v.,1. 使着迷，使陶醉 2. 欺骗，诱骗,英语专业四八级词汇表
behalf,bɪˈhɑːf,n.,"利益(只用于下例词组中) || on behalf of,",英语专业四八级词汇表
behalf,bɪˈhɑːf,on,sb’s behalf①为了…的(利益) ②代表…，替代,英语专业四八级词汇表
behave,bɪˈheɪv,v.,举动，表现，检点(自己的行为) || Behave yourself! 放规矩点!,英语专业四八级词汇表
"behaviour, behavior",bɪˈheɪvjə,n.,举止，行为,英语专业四八级词汇表
behead,bɪˈhed,v.,砍头，斩首,英语专业四八级词汇表
behind,bɪˈhaɪnd,prep.,1. 在…后面，到…后面 2.,英语专业四八级词汇表
behind,bɪˈhaɪnd,,(指时间)比…晚 || behind the scenes在幕后 [behind the times过时，落在时代后面  adv. 1. 在后面，往后面 2. 落后，晚了] fall behind落在后面 [leave behind留下，忘了带] stay behind留下,英语专业四八级词汇表
beige,beɪʒ,adj.,米黄色,英语专业四八级词汇表
being,ˈbiːɪŋ,n.,1. 存在物 2. 生物，人 || human being人,英语专业四八级词汇表
belie,bɪˈlaɪ,v.,掩饰，使人对…产生错觉,英语专业四八级词汇表
belief,bɪˈliːf,n.,1. 信仰 2. 信条 3. 相信 4. 信念 5. 信任,英语专业四八级词汇表
believe,bɪˈliːv,v.,1. 相信 2. 认为 3. 信任，信赖 || believe in相信，信仰 /make believe假装,英语专业四八级词汇表
bell,bel,n.,1. 钟，铃 2. 钟声，铃声,英语专业四八级词汇表
bellow,ˈbeləʊ,v.,1. 吼叫，怒叫 2. 大声发出,英语专业四八级词汇表
belly,ˈbelɪ,n.,1. 腹部 2. 胃部,英语专业四八级词汇表
belong,bɪˈlɒŋ,v.,1. 属于 2. 适合放在(某处) || belong to属于,英语专业四八级词汇表
belongings,bɪˈlɒŋz,n.,财产，所有物,英语专业四八级词汇表
beloved,bɪˈlʌvd,adj.,1. 为…所爱的 2. 被热爱的，敬爱的 n. 心爱的人，爱人,英语专业四八级词汇表
below,bɪˈləʊ,prep.,在…以下，在…下面 adv. 在下面，往下面，在下方,英语专业四八级词汇表
belt,belt,n.,1. 带，腰带 2. 皮带 3. 地带，区,英语专业四八级词汇表
bemoan,bɪˈməʊn,v.,1. 悲叹，哀泣，痛哭 2. 惋惜，不满于,英语专业四八级词汇表
bemused,bɪˈmjuːzd,adj.,困惑不解的，茫然的,英语专业四八级词汇表
bench,bentʃ,n.,1. 长凳 2. 工作台,英语专业四八级词汇表
benchmark,ˈbentʃmɑːk,n.,基准点，参照点,英语专业四八级词汇表
bend,bend,v.,1. 使弯曲 2. 屈身 3. 屈从 4.,英语专业四八级词汇表
bend,bend,,(目光、精力等)集中于 n. 弯曲，弯曲处，拐弯处,英语专业四八级词汇表
beneath,bɪˈniːθ,prep.,在…(正)下方，在…底下，低于,英语专业四八级词汇表
benediction,ˌbenɪˈdɪkʃən,n.,祈福，祝福,英语专业四八级词汇表
beneficial,ˌbenɪˈfɪʃəl,adj.,有益的，有好处的,英语专业四八级词汇表
beneficiary,ˌbenɪˈfɪʃɪərɪ,n.,受惠者，受益人,英语专业四八级词汇表
benefit,ˈbenɪfɪt,n.,1. 利益，好处 2. 恩惠 3. 津贴，救济金，保险赔偿费 v. .有益于,英语专业四八级词汇表
benevolence,bɪˈnevələns,n.,1. 仁慈，慈善，慈悲 2. 善意，善行 3. 捐款,英语专业四八级词汇表
benevolent,bɪˈnevələnt,adj.,仁慈的，慈善的,英语专业四八级词汇表
benign,bɪˈnaɪn,adj.,1. 和蔼的，慈祥 2.,英语专业四八级词汇表
benign,bɪˈnaɪn,,(肿瘤等)良性的,英语专业四八级词汇表
bequeath,bɪˈkwiːð,v.,遗赠，遗留,英语专业四八级词汇表
bequest,bɪˈkwest,n.,遗产，遗赠物,英语专业四八级词汇表
bereaved,bɪˈriːvd,adj.,丧失亲人的,英语专业四八级词汇表
berry,ˈberɪ,n.,浆果,英语专业四八级词汇表
berth,bɜːθ,n.,1.,英语专业四八级词汇表
berth,bɜːθ,,(船或火车上的)卧铺 2. 泊位，锚地,英语专业四八级词汇表
beset,bɪˈset,v.,不断攻击,英语专业四八级词汇表
beside,bɪˈsaɪd,prep.,1. 在…旁边 2. 和…比较 || beside oneself with极度…,英语专业四八级词汇表
besides,bɪˈsaɪdz,prep.,除…之外(尚有…) adv. 而且，还有，除此之外,英语专业四八级词汇表
besiege,bɪˈsiːdʒ,v.,围攻，包围,英语专业四八级词汇表
best,best,,(good的最高级) adj. 最佳的，最好的 || at (the) best充其量不过… /at one’s best全盛时期,英语专业四八级词汇表
bestow,bɪˈstəʊ,v.,把…赠与，把…给予,英语专业四八级词汇表
bestseller,ˌbestˈselə,n.,畅销书,英语专业四八级词汇表
bet,bet,v.,赌，打赌，赌钱 || You bet.,英语专业四八级词汇表
bet,bet,,(slang)当然，一定 n. 赌注，赌钱,英语专业四八级词汇表
betray,bɪˈtreɪ,v.,1. 背叛，出卖 2. 辜负，不忠于 3. 泄露(秘密等),英语专业四八级词汇表
better,ˈbetə,,(good的比较级) adj. 更好的，较佳的 || no better than…与…一样，不  比…好 [be better off生活良好，生活更佳] had better do. ..  最好…,英语专业四八级词汇表
between,bɪˈtwiːn,prep.,1. 在两者之间 2. 一起，合作  || between you and me咱俩私下说 adv. 在中间 || few and far between不常有，稀少,英语专业四八级词汇表
beverage,ˈbevərɪdʒ,n.,饮料,英语专业四八级词汇表
beware,bɪˈweə,v.,注意，小心，提防,英语专业四八级词汇表
bewilder,bɪˈwɪldə,v.,迷惑，把…弄糊涂,英语专业四八级词汇表
bewitch,bɪˈwɪtʃ,v.,1. 施魔力于 2. 使着迷,英语专业四八级词汇表
beyond,bɪˈjɒnd,prep.,1. 在…之外，在…的更远处 2. 到…以后，晚于 3. 超出(能力，范围等) 4. 除了…之外,英语专业四八级词汇表
bias,ˈbaɪəs,n.,&v.,英语专业四八级词汇表
bias,ˈbaɪəs,,(抱有)偏见，(具有)倾向性,英语专业四八级词汇表
Bible,Bible,n.,圣经 || The Bible圣经,英语专业四八级词汇表
bibliography,ˌbɪblɪˈɒɡrəfɪ,n.,书目，目录，参考书目,英语专业四八级词汇表
bicker,ˈbɪkə,,v.,英语专业四八级词汇表
bicker,ˈbɪkə,,(为小事)吵嘴，争吵,英语专业四八级词汇表
bicycle,ˈbaɪsɪkl,n.,自行车,英语专业四八级词汇表
bid,bɪd,v.,1. 命令，吩咐 2.,英语专业四八级词汇表
bid,bɪd,,(拍卖时)喊(价)，出(价)  3. 企图，努力  n. 1. 出价投标 2. 企图，努力,英语专业四八级词汇表
bifocals,baɪˈfəʊkəlz,n.,远近视两用眼镜,英语专业四八级词汇表
big,bɪɡ,adj.,1. 大的 2. 重要的 3. 自大的，说大话的 || talk big吹牛 /big shot重要人物,英语专业四八级词汇表
bigot,ˈbɪɡət,n.,偏执的人，顽固者,英语专业四八级词汇表
bike,baɪk,,(abbre for bicycle) n. 自行车,英语专业四八级词汇表
bikini,bɪˈkiːnɪ,n.,比基尼泳装，三点式泳装,英语专业四八级词汇表
bilateral,ˌbaɪˈlætərəl,adj.,双边的，双方的,英语专业四八级词汇表
bile,baɪl,n.,1. 胆汁 2. 坏脾气,英语专业四八级词汇表
bilingual,ˌbaɪˈlɪŋɡwəl,adj.,熟悉两种语言的，能说两种语言的，两种语言的,英语专业四八级词汇表
bill,bɪl,n.,1. 账单 2. 单子，清单 3. 招贴，广告，传单,英语专业四八级词汇表
billiards,ˈbɪljədz,n.,台球,英语专业四八级词汇表
billion,ˈbɪlɪən,num.,1. 十亿(美制) 2. 万亿，兆(英制),英语专业四八级词汇表
billow,ˈbɪləʊ,n.,1. 波浪般滚滚向前的东西(如烟、火等)  2. 巨浪，波涛,英语专业四八级词汇表
bin,bɪn,,n.,英语专业四八级词汇表
bin,bɪn,,(装货物或垃圾的)大口箱子，垃圾箱,英语专业四八级词汇表
binary,ˈbaɪnərɪ,adj.,1. 由两部分合成的，双重的 2. 二进制的,英语专业四八级词汇表
bind,baɪnd,v.,1. 捆，缚，绑 2. 包扎 3. 装订 4. 使受(法律、誓言等)约束,英语专业四八级词汇表
binder,ˈbaɪndə,n.,1. 装订者，装订机 2. 活页封面,英语专业四八级词汇表
binding,ˈbaɪndɪŋ,n.,书籍的封皮,英语专业四八级词汇表
binge,bɪndʒ,n.,狂饮，纵饮,英语专业四八级词汇表
binoculars,bɪˈnɒkjʊləz,n.,双筒望远镜,英语专业四八级词汇表
biochemistry,ˌbaɪəʊˈkemɪstrɪ,n.,生物化学,英语专业四八级词汇表
biographic(al),ˌbaɪəˈɡræfɪk(əl),adj.,1. 关于一个人生平的 2. 传记的,英语专业四八级词汇表
biography,baɪˈɒɡrəfɪ,n.,1. 传记 2. 传记文学,英语专业四八级词汇表
biological,ˌbaɪəˈlɒdʒɪkəl,adj.,生物(学)的,英语专业四八级词汇表
biologist,baɪˈɒlədʒɪst,n.,生物学家,英语专业四八级词汇表
biology,baɪˈɒlədʒɪ,n.,生物学,英语专业四八级词汇表
biotechnology,ˌbaɪəʊtekˈnɒlədʒɪ,n.,生物工艺学，生物工程,英语专业四八级词汇表
bipartisan,ˌbaɪpɑːtɪˈzæn,adj.,两党的,英语专业四八级词汇表
birch,bɜːtʃ,n.,1. 桦树 2. 桦树条(体罚用),英语专业四八级词汇表
bird,bɜːd,n.,鸟，禽,英语专业四八级词汇表
birth,bɜːθ,n.,1. 分娩，诞生 2. 出身，血统 3. 起源，开始 || give birth to ①生，生产②引起,英语专业四八级词汇表
birthday,ˈbɜːθdeɪ,n.,生日,英语专业四八级词汇表
birthplace,ˈbɜːθpleɪs,n.,1. 诞生地 2. 发源地,英语专业四八级词汇表
birthrate,ˈbɜːθreɪt,n.,出生率,英语专业四八级词汇表
biscuit,ˈbɪskɪt,n.,饼干,英语专业四八级词汇表
bisect,baɪˈsekt,v.,把…分为(通常相等的)两部分，平分,英语专业四八级词汇表
bishop,ˈbɪʃəp,n.,1.,英语专业四八级词汇表
bishop,ˈbɪʃəp,,(基督教的)主教 2.,英语专业四八级词汇表
bishop,ˈbɪʃəp,,(国际象棋)象,英语专业四八级词汇表
bitch,bɪtʃ,n.,1. 母狗 2.,英语专业四八级词汇表
bitch,bɪtʃ,,(derog)恶婆娘，坏脾气的女人,英语专业四八级词汇表
bite,baɪt,v.,1. 咬 2.,英语专业四八级词汇表
bite,baɪt,,(刀，剑等)切入，刺穿 3.,英语专业四八级词汇表
bite,baɪt,,(鱼)上钩 n. 1. 一口，少量(食物) 2. 咬伤 3. 刺痛，剧痛,英语专业四八级词汇表
bitter,ˈbɪtə,adj.,1. 有苦味的 2. 辛酸的，痛苦的 3. 厉害的，剧烈的 4. 严寒的，刺骨的  5. 怀恨的，抱怨的,英语专业四八级词汇表
bitterly,ˈbɪtəlɪ,adv.,1. 带有苦味地 2. 悲痛地，厉害地,英语专业四八级词汇表
bizarre,bɪˈzɑː,adj.,古怪的，怪诞的,英语专业四八级词汇表
black,blæk,adj.,1. 黑的，黑色的 2. 黑人的 3. 黑暗的  4. 阴沉的，愤怒的 || black and blue(打得)青一块紫一块 [in black and white白纸黑字(写下来)] black eye(打得)眼圈发黑 n. 1. 黑，黑色 2. 黑人,英语专业四八级词汇表
blackboard,ˈblækbɔːd,n.,黑板,英语专业四八级词汇表
blacken,ˈblækən,v.,1. 使黑，使暗 2. 损坏形象，中伤，诋毁，抹黑,英语专业四八级词汇表
blackmail,ˈblækmeɪl,n.,1. 讹诈，敲诈，勒索 2. 胁迫，恫吓,英语专业四八级词汇表
blackout,ˈblækaʊt,n.,1.,英语专业四八级词汇表
blackout,ˈblækaʊt,,(战时防止空袭的)灯火管制 2.,英语专业四八级词汇表
blackout,ˈblækaʊt,,(暂时的)失去知觉 3. 封锁消息,英语专业四八级词汇表
blacksmith,ˈblæksmɪθ,n.,铁匠,英语专业四八级词汇表
bladder,ˈblædə,n.,1. 膀胱 2.,英语专业四八级词汇表
bladder,ˈblædə,,(可充气或充水的)囊袋,英语专业四八级词汇表
blade,bleɪd,n.,1. 刀刃，刀口 2. 叶片,英语专业四八级词汇表
blame,bleɪm,v.,1. 责备，谴责，找…的差错 2. 把…归咎，推诿 || be to blame应受责 n. 责备，责怪，责任,英语专业四八级词汇表
blanch,blɑːntʃ,,v.,英语专业四八级词汇表
blanch,blɑːntʃ,,(使)变白，(使)变苍白,英语专业四八级词汇表
bland,blænd,adj.,1.,英语专业四八级词汇表
bland,blænd,,(指食物)无刺激性的，无味道的，清淡的 2.,英语专业四八级词汇表
bland,blænd,,(指人及行为)文雅的，和蔼的，情绪平稳的,英语专业四八级词汇表
blank,blæŋk,adj.,1. 空白的 2. 空虚的，单调的 3. 茫然的 4. 失色的，没有表情的 5. 无韵脚的 n. 空白，空格，空页,英语专业四八级词汇表
blanket,ˈblæŋkɪt,n.,羊毛毯，毯子 adj. 总括的，综合的,英语专业四八级词汇表
blast,blɑːst,n.,1. 一阵(风)，一股(风) 2. 喇叭声，号角声  v. 1. 爆破 2. 摧毁,英语专业四八级词汇表
blatant,ˈbleɪtənt,adj.,极明显的，公然的，无耻的,英语专业四八级词汇表
blaze,bleɪz,n.,1. 火，火焰 2. 光辉，灿烂 3. 迸发，爆发 v. 1. 燃烧，冒火焰 2. 发光，放光彩 3. 发怒,英语专业四八级词汇表
bleach,bliːtʃ,v.,.漂白，变白，脱色 n. 1. 漂白，漂白法  2. 漂白剂,英语专业四八级词汇表
bleak,bliːk,v.,1.,英语专业四八级词汇表
bleak,bliːk,,(指景物)荒凉的，裸露的 2. 无望的，黯淡的 3. 寒冷的，阴沉的,英语专业四八级词汇表
bleat,bliːt,v.,&n.,英语专业四八级词汇表
bleat,bliːt,,(作)羊叫声,英语专业四八级词汇表
bleed,bliːd,v.,1. 出血，流血 2. 悲痛，同情,英语专业四八级词汇表
bleep,bliːp,,n.,英语专业四八级词汇表
bleep,bliːp,,(机器所发出引人注意的)哔哔声 v. 发哔哔声,英语专业四八级词汇表
blemish,ˈblemɪʃ,n.,污点，痕迹，瑕疵 v. 玷污，损伤,英语专业四八级词汇表
blend,blend,v.,混合，混杂,英语专业四八级词汇表
bless,bles,v.,1. 为…祈神赐福 2. 为…祝福 || be blessed with受惠，在…方面有福,英语专业四八级词汇表
blessed,ˈblesɪd,adj.,1. 神圣的，受上帝恩宠的 2. 带来愉快的,英语专业四八级词汇表
blessing,ˈblesɪŋ,n.,1. 祈神赐福的祷告 2. 祝福 3. 使人感到幸福的事情,英语专业四八级词汇表
blind,blaɪnd,adj.,1. 眼睛失明的，盲人的 2. 盲目的，视而不见的，无识别能力的 || go blind失明,英语专业四八级词汇表
blink,blɪŋk,v.,1.,英语专业四八级词汇表
blink,blɪŋk,,(星星)闪烁 2.,英语专业四八级词汇表
blink,blɪŋk,,(眼睛)眨眼,英语专业四八级词汇表
bliss,blɪs,n.,极乐，巨大的幸福,英语专业四八级词汇表
blister,ˈblɪstə,n.,1.,英语专业四八级词汇表
blister,ˈblɪstə,,(皮肤上的)水疤 2.,英语专业四八级词汇表
blister,ˈblɪstə,,(橡胶轮胎上、上过漆的木材上的)气泡,英语专业四八级词汇表
blitz,blɪts,n.,1. 闪电式的猛烈空袭 2.,英语专业四八级词汇表
blitz,blɪts,,(为某特殊目的而进行的)大肆活动，闪电式行动,英语专业四八级词汇表
blizzard,ˈblɪzəd,n.,暴风雪,英语专业四八级词汇表
blob,blɒb,n.,一滴，小圆块，小斑点,英语专业四八级词汇表
block,blɒk,n.,1. 大块 2. 一排房屋，街区 3. 障碍物 v. 阻塞，拦阻，封锁,英语专业四八级词汇表
blockade,blɒˈkeɪd,n.,1. 封锁，堵塞，堵断 2. 堵塞物，障碍物,英语专业四八级词汇表
blond,blɒnd,adj.,1.,英语专业四八级词汇表
blond,blɒnd,,(头发)金黄色的，淡黄色的 2. 白肤金发碧眼的,英语专业四八级词汇表
blonde,blɒnd,n.,白肤金发碧眼的女人(女孩),英语专业四八级词汇表
blood,blʌd,n.,1. 血，血液 2. 血气，气质 3. 血统，种族，家庭,英语专业四八级词汇表
bloody,ˈblʌdɪ,adj.,1. 有血的，出血的 2. 非常恶劣的，使人感到极不愉快的 adv. 很，非常,英语专业四八级词汇表
bloom,bluːm,n.,1. 花，开花 2. 青春 3. 香味 v. 1. 开花 2. 繁盛，茂盛,英语专业四八级词汇表
blossom,ˈblɒsəm,n.,花，开花的状态 v. 1. 开花 2. 发展，繁荣，成长,英语专业四八级词汇表
blot,blɒt,n.,1. 墨渍，污渍  2. 瑕疵，(品格、名誉等上的)污点  v. 1. 弄上墨渍，弄上污渍 2.,英语专业四八级词汇表
blot,blɒt,,(用吸墨水纸等)吸干 3. 玷辱(名誉等),英语专业四八级词汇表
blotter,ˈblɒtə,n.,吸墨纸簿，(大张)吸墨纸,英语专业四八级词汇表
blouse,blaʊz,n.,女衬衫,英语专业四八级词汇表
blue,bluː,adj.,1. 蓝色的 2. 沮丧的，忧郁的 n. 蓝色  ||  once in a blue难得一次 /out of the blue出乎意料地,英语专业四八级词汇表
blueprint,ˈbluːprɪnt,n.,蓝图,英语专业四八级词汇表
blues,bluːz,n.,布鲁斯音乐(歌曲),英语专业四八级词汇表
blunder,ˈblʌndə,n.,错误 v. 弄错，犯大错,英语专业四八级词汇表
blunt,blʌnt,adj.,1. 钝的，不锋利的 2.,英语专业四八级词汇表
blunt,blʌnt,,(举止言谈等)生硬的，直率的，不拐弯抹角的 3.,英语专业四八级词汇表
blunt,blʌnt,,(感觉、理解方面)迟钝的 v. 把…弄钝，把…弄迟钝,英语专业四八级词汇表
blur,blɜː,n.,模糊不清的事物 v. 使模糊，使看不清楚,英语专业四八级词汇表
blurb,blɜːb,,n.,英语专业四八级词汇表
blurb,blɜːb,,(介绍书籍内容的)简要说明,英语专业四八级词汇表
blurt,blɜːt,v.,不假思索地脱口说出,英语专业四八级词汇表
blush,blʌʃ,n.,脸红 v. 感到羞愧,英语专业四八级词汇表
board,bɔːd,n.,1. 木板，板 2. 委员会 3. 伙食 4. 船舷 || above board在桌面上，公开  的，诚实的 [on board在火车上，在船上] board of directors 董事会  v. 登上(飞机、火车、轮船等) || boarding pass登机牌,英语专业四八级词汇表
boardroom,ˈbɔːdruːm,,n.,英语专业四八级词汇表
boardroom,ˈbɔːdruːm,,(公司董事会的)会议室,英语专业四八级词汇表
boast,bəʊst,v.,夸，自夸，夸口 n. 大话，自夸的话,英语专业四八级词汇表
boat,bəʊt,n.,轮船 || be in the same boat命运相同 v. 划船，乘船,英语专业四八级词汇表
bobsleigh,ˈbɒbsleɪ,,，bobsled [ˈbɒbsled] n. 大雪橇,英语专业四八级词汇表
bodily,ˈbɒdɪlɪ,adj.,1. 身体的，肉体的 2. 有实体的 adv. 整个儿地，全部地，全体地,英语专业四八级词汇表
body,ˈbɒdɪ,n.,1. 身体 2. 尸体 3. 团体，机构 4. 主体 5. 物体 || keep body and soul together维持生命,英语专业四八级词汇表
bodyguard,ˈbɒdɪɡɑːd,n.,卫士，卫队,英语专业四八级词汇表
bog,bɒɡ,n.,沼泽，泥塘，沼泽地区 v.,英语专业四八级词汇表
bog,bɒɡ,,(使)陷入泥沼,英语专业四八级词汇表
boggle,ˈbɒɡl,v.,畏缩不前，犹豫,英语专业四八级词汇表
bogus,ˈbəʊɡəs,adj.,假的，假冒的，伪造的,英语专业四八级词汇表
boil,bɔɪl,v.,1. 达到沸点 2.,英语专业四八级词汇表
boil,bɔɪl,,(在沸水中)煮 3. 激动，发怒,英语专业四八级词汇表
boiler,ˈbɔɪlə,n.,锅炉，煮水器,英语专业四八级词汇表
boisterous,ˈbɔɪstərəs,adj.,喧闹的，狂暴的,英语专业四八级词汇表
bold,bəʊld,adj.,1. 大胆的，勇敢的 2. 冒失的 3. 醒目的，粗大的 || as bold as brass极其胆大妄为,英语专业四八级词汇表
boldness,ˈbəʊldnəs,n.,1. 大胆，勇敢 2. 冒失,英语专业四八级词汇表
bolt,bəʊlt,n.,1. 门栓 2. 螺栓 3. 电光，闪电,英语专业四八级词汇表
bomb,bɒm,n.,炸弹  v. 投弹于，轰炸,英语专业四八级词汇表
bombard,bɒmˈbɑːd,v.,炮轰，轰击,英语专业四八级词汇表
bomber,ˈbɒmə,n.,轰炸机,英语专业四八级词汇表
bombshell,ˈbɒmʃel,n.,1. 炸弹 2. 引起震惊的人(事),英语专业四八级词汇表
bond,bɒnd,n.,1. 联结物，(感情上的)联系，关系 2. 债券，票据 3. 契约，合同 v. 使结合，使粘合,英语专业四八级词汇表
bondage,ˈbɒndɪdʒ,n.,奴役，束缚,英语专业四八级词汇表
bone,bəʊn,n.,骨，骨骼,英语专业四八级词汇表
bonfire,ˈbɒnfaɪə,n.,野火，营火,英语专业四八级词汇表
bonnet,ˈbɒnɪt,n.,1. 女帽，童帽 2.,英语专业四八级词汇表
bonnet,ˈbɒnɪt,,(机动车辆的)发动机器罩盖  v. 给…戴帽子,英语专业四八级词汇表
bonus,ˈbəʊnəs,n.,额外给予的东西，奖金，红利,英语专业四八级词汇表
bony,ˈbəʊnɪ,adj.,1. 骨的 2. 多骨的 3. 瘦的，憔悴的,英语专业四八级词汇表
boo,buː,n.,喝倒彩，嘘声  v. 发出嘘声，向…喝倒彩,英语专业四八级词汇表
book,bʊk,n.,1. 书，书籍 2. 簿 3. 卷，篇，册 4.,英语专业四八级词汇表
book,bʊk,,"(pl)账本 v. 订(票，座位，房间等) || book in,",英语专业四八级词汇表
book,bʊk,book,up订(车票，住处等),英语专业四八级词汇表
bookcase,ˈbʊk-keɪs,n.,书橱，书柜,英语专业四八级词汇表
bookish,ˈbʊkɪʃ,adj.,1. 爱读书的，好学的 2. 书生气的,英语专业四八级词汇表
bookkeeping,ˈbʊkˌkiːpɪŋ,n.,簿记,英语专业四八级词汇表
booklet,ˈbʊklɪt,n.,小册子,英语专业四八级词汇表
bookmark,ˈbʊkmɑːk,n.,书签,英语专业四八级词汇表
bookseller,bʊkˌselə,n.,书商,英语专业四八级词汇表
bookshelf,ˈbʊkʃelf,n.,书架,英语专业四八级词汇表
bookshop,ˈbʊkʃɒp,n.,书店,英语专业四八级词汇表
bookstall,ˈbʊkstɔːl,n.,书报摊,英语专业四八级词汇表
bookstore,ˈbʊkstɔː,,n.,英语专业四八级词汇表
bookstore,ˈbʊkstɔː,,(AmE)书店,英语专业四八级词汇表
boon,buːn,n.,恩赐，恩惠,英语专业四八级词汇表
boost,buːst,v.,推动，促进，激励,英语专业四八级词汇表
boot,buːt,n.,长统靴,英语专业四八级词汇表
booth,buːð,n.,1.,英语专业四八级词汇表
booth,buːð,,(有篷的)货摊 2.,英语专业四八级词汇表
booth,buːð,,(AmE)公用电话亭 3.,英语专业四八级词汇表
booth,buːð,,(隔开的)小间,英语专业四八级词汇表
bootleg,ˈbuːtleɡ,v.,非法制造、运送、销售(酒类),英语专业四八级词汇表
booze,buːz,v.,痛饮，狂饮酒 n. 酒，酒宴,英语专业四八级词汇表
border,ˈbɔːdə,n.,1. 边界，国境，边境地区 2. 边，缘，边沿  3. 滚边  v. 接界,英语专业四八级词汇表
bored,bɔːd,adj.,无聊的，无趣的，烦人的,英语专业四八级词汇表
boredom,ˈbɔːdəm,n.,厌烦，厌倦，无趣味,英语专业四八级词汇表
born,bɔːn,adj.,1. 出身于…的 2. 天生的，生来的,英语专业四八级词汇表
borough,ˈbʌrə,n.,1. 享有自治权的市镇 2.,英语专业四八级词汇表
borough,ˈbʌrə,,(BrE)自治市镇,英语专业四八级词汇表
borrow,ˈbɒrəʊ,v.,借用，借,英语专业四八级词汇表
bosom,ˈbʊzəm,n.,1. 胸(=breast) 2. 胸襟，胸怀，内心,英语专业四八级词汇表
boss,bɒs,n.,领班，老板，上司 v. 指挥，把…差来遣去,英语专业四八级词汇表
bossy,ˈbɒsɪ,adj.,爱发号施令的，作威作福的,英语专业四八级词汇表
botanical,bəˈtænɪkəl,adj.,植物学的,英语专业四八级词汇表
botanist,ˈbɒtənɪst,n.,植物学家,英语专业四八级词汇表
botany,ˈbɒtənɪ,n.,植物学,英语专业四八级词汇表
both,bəʊθ,prop.,两者，两人，双方 adj. 两，双 conj.,英语专业四八级词汇表
both,bəʊθ,,(与 and连用)既…又…;不但…而且…,英语专业四八级词汇表
bother,ˈbɒðə,v.,烦扰，打扰 n. 1. 麻烦，纠纷，吵闹 2. 讨厌的人，麻烦的事,英语专业四八级词汇表
bottle,ˈbɒtl,n.,1. 瓶子 2. 一瓶 || hit the bottle酗酒 [keep to the bottle酗酒] over a bottle (of wine)一面喝酒，一面…  v. 把…装入瓶中,英语专业四八级词汇表
bottleneck,ˈbɒtlnek,n.,1. 瓶颈 2. 阻碍进展的事物(状况) 3. 窄路段，交通阻塞点,英语专业四八级词汇表
bottom,ˈbɒtəm,n.,1. 底部，底  2. 尽头，末端 3. 屁股  || from the bottom of one’s heart打心底里，衷心地,英语专业四八级词汇表
bough,baʊ,n.,大树枝,英语专业四八级词汇表
boulevard,ˈbuːləvɑːd,n.,1. 大街，林阴大道 2. 主干道路，大道,英语专业四八级词汇表
bounce,ˈbaʊns,v.,1.,英语专业四八级词汇表
bounce,ˈbaʊns,,(球)反跳，弹起 2.,英语专业四八级词汇表
bounce,ˈbaʊns,,(人)跳(起) 3. 拍(球)，使跳回 4. 使撞击  n. 1. 弹(力)  2. 跳跃，跳动,英语专业四八级词汇表
boundary,ˈbaʊndrɪ,n.,界线，边界,英语专业四八级词汇表
boundless,ˈbaʊndlɪs,adj.,无边际的， 无限的,英语专业四八级词汇表
bountiful,ˈbaʊntɪfl,adj.,慷慨的，大方的,英语专业四八级词汇表
bounty,ˈbaʊntɪ,n.,1. 慷慨的赠与物，奖金，赏金 2. 慷慨，大方,英语专业四八级词汇表
bouquet,bəʊkeɪ,n.,花束,英语专业四八级词汇表
bourgeois,ˈbʊəʒwɑː,adj.,1. 资产阶级的，中产阶级的 2. 平庸的,英语专业四八级词汇表
bourgeoisie,ˌbʊəʒwɑːˈziː,n.,资产阶级，中产阶级,英语专业四八级词汇表
bout,baʊt,n.,1. 一回，一次，一阵 2. 拳击 3. 摔跤比赛,英语专业四八级词汇表
boutique,bʊːˈtiːk,,n.,英语专业四八级词汇表
boutique,bʊːˈtiːk,,(女士)时装店,英语专业四八级词汇表
bowels,ˈbaʊəlz,n.,1. 肠，肠道 2. 内部，深处,英语专业四八级词汇表
bowling,ˈbəʊlɪŋ,n.,保龄球游戏,英语专业四八级词汇表
boxer,ˈbɒksə,n.,拳击家，拳击员，拳术师,英语专业四八级词汇表
boxing,ˈbɒksɪŋ,n.,拳击，拳术，打拳,英语专业四八级词汇表
boy,bɔɪ,n.,1. 男孩 2. 儿子  3. 茶房，男仆,英语专业四八级词汇表
boycott,ˈbɔɪkɒt,v.,&n.,英语专业四八级词汇表
boycott,ˈbɔɪkɒt,,(联合)抵制,英语专业四八级词汇表
boyfriend,ˈbɔɪfrend,n.,男朋友,英语专业四八级词汇表
bra,brɑː,,(abbre for brassiere) n. 胸罩,英语专业四八级词汇表
brace,breɪs,n.,1. 支柱，支架 2. 一双，一对 3. 大括号{}的前半或后 4.,英语专业四八级词汇表
brace,breɪs,,(pl BrE)(裤子)背带=(AmE) suspenders v. 1. 拉紧，系紧 2. 支住，撑牢  3. 激励，振奋  4. 打起精神，下定决心,英语专业四八级词汇表
bracelet,ˈbreɪslɪt,n.,手镯，臂镯,英语专业四八级词汇表
bracket,ˈbrækɪt,n.,1. 架子  2.,英语专业四八级词汇表
bracket,ˈbrækɪt,,(pl)括号,英语专业四八级词汇表
brag,bræɡ,v.,&n. 夸张，吹牛,英语专业四八级词汇表
braid,breɪd,n.,&v.,英语专业四八级词汇表
braid,breɪd,,(丝线等编成的)穗带，辫带,英语专业四八级词汇表
braille,breɪl,n.,盲文,英语专业四八级词汇表
brain,breɪn,n.,"1. 脑子 2. 脑力，智能 || beat (cudgel,",英语专业四八级词汇表
brain,breɪn,,rack) one’s brain绞尽脑汁 [have sth on the brain一心想着某事] brain drain人才外流，人才流失 /brainwork脑力劳动,英语专业四八级词汇表
brainless,ˈbreɪnləs,adj.,笨的，没头脑的,英语专业四八级词汇表
brainstorming,ˈbreɪnstɔːmɪŋ,n.,献计献策，合力攻关,英语专业四八级词汇表
brainwash,ˈbreɪnwɒʃ,,v.,英语专业四八级词汇表
brainwash,ˈbreɪnwɒʃ,,(derog)对…进行洗脑,英语专业四八级词汇表
brake,breɪk,,n.,英语专业四八级词汇表
brake,breɪk,,(机)闸，刹车 v. 刹(车),英语专业四八级词汇表
branch,brɑːntʃ,n.,1. 支  2. 分部，分行，分店 3. 分科，部门 4. 支流，支脉，支线 v. 分支，分岔,英语专业四八级词汇表
brand,brænd,n.,1. 商标，牌子 2. 烙印， 标记 v. 在…上打烙印，在…上打印记,英语专业四八级词汇表
brandy,ˈbrændɪ,n.,白兰地,英语专业四八级词汇表
brash,bræʃ,adj.,粗鲁的，无礼的，莽撞的,英语专业四八级词汇表
brass,brɑːs,n.,1. 黄铜 2. 黄铜制品 3. 铜管乐器,英语专业四八级词汇表
bravado,brəˈvɑːdəʊ,n.,虚张声势，故作勇敢，逞能,英语专业四八级词汇表
brave,breɪv,adj.,勇敢的;英勇的 v. 不顾，不怕，冒(危险),英语专业四八级词汇表
bravery,ˈbreɪvərɪ,n.,勇敢，无畏,英语专业四八级词汇表
Brazilian,brəˈzɪliən,adj.,巴西的，巴西人的 n. 巴西人,英语专业四八级词汇表
breach,briːtʃ,n.,1. 违反， 不履行 2. 绝交， 不和 3. 破洞，裂缝 v. 冲破，攻破,英语专业四八级词汇表
bread,bred,n.,1. 面包  2. 生计 || earn one’s bread赚钱养家糊口,英语专业四八级词汇表
breadth,bredθ,n.,1. 宽度，阔度 2. 幅度，度量，范围 3. 宽宏大量，宽容,英语专业四八级词汇表
break,breɪk,v.,1. 打破，打碎 2. 中途停止，停下(休息)  3. 违背，违反 || break away from与…脱离 [break down ①(机器等)坏了②(身体)垮了] break forth突然迸发 [break in①非法进入②插嘴，打岔] break off中断 [break out爆发] break the ice打破僵局 [break through突破] break up①打碎，拆散②结束，解散③(BrE)(学校、学生) 开始放假  n. 1. 间歇 2. 破裂，断裂,英语专业四八级词汇表
breakfast,ˈbrekfəst,n.,早餐 ||at breakfast (正在)进早餐 v. 吃早饭,英语专业四八级词汇表
breakthrough,ˈbreɪkθruː,n.,1.,英语专业四八级词汇表
breakthrough,ˈbreɪkθruː,,(敌方防卫线的)突破 2. 重大发现,英语专业四八级词汇表
breast,brest,n.,1. 胸(脯)，胸膛 2. 乳房,英语专业四八级词汇表
breath,breθ,n.,1. 呼吸 2. 空气的轻微流动 || above one’s breath高声地 [below (under) one’s breath低声地] catch one’s breath喘息，松一口气[hold one’s breath(由于害怕等)屏住气] out of breath 上气不接下气/waste one’s breath白费口舌,英语专业四八级词汇表
breathe,briːð,v.,1. 呼吸  2. 吐出 3. 低语,英语专业四八级词汇表
breathless,ˈbreθlɪs,adj.,气喘吁吁的,英语专业四八级词汇表
breathtaking,ˈbreθteɪkɪŋ,adj.,激动人心的，惊人的，非凡的,英语专业四八级词汇表
breed,briːd,n.,品种，种类 v. 1. 繁殖， 育种 2. 饲养 3. 养育，培养，教养,英语专业四八级词汇表
breeze,briːz,n.,微风 v. 吹微风,英语专业四八级词汇表
brevity,ˈbrevətɪ,n.,简短，简洁，短暂,英语专业四八级词汇表
brew,bruː,v.,1. 酿造(啤酒) 2. 泡(茶)，煮(咖啡) 3. 酝酿 n. 1. 酿造物 2.,英语专业四八级词汇表
brew,bruː,,(酿造饮料的)质量，品味,英语专业四八级词汇表
brewery,ˈbruːərɪ,n.,啤酒厂，酿造厂,英语专业四八级词汇表
bribe,braɪb,n.,贿赂 v. 贿赂，收买,英语专业四八级词汇表
bribery,ˈbraɪbərɪ,n.,行贿，行贿的财物,英语专业四八级词汇表
brick,brɪk,n.,砖，砖块,英语专业四八级词汇表
bridal,ˈbraɪdl,adj.,新娘的，婚礼的,英语专业四八级词汇表
bride,braɪd,n.,新娘,英语专业四八级词汇表
bridegroom,ˈbraɪdɡrʊm,n.,新郎,英语专业四八级词汇表
bridge,brɪdʒ,n.,1. 桥 2. 桥牌 v. 1. 填补(鸿沟)，弥补(差距) 2. 架桥,英语专业四八级词汇表
bridle,ˈbraɪdl,n.,笼头，马疆 v. 1. 给…套笼头 2. 约束，控制 3. 动怒，生气,英语专业四八级词汇表
brief,briːf,adj.,1. 简短的，简洁的 2. 短暂的 n. 概要，摘要，短文 || in brief简而言之,英语专业四八级词汇表
briefcase,ˈbriːfkeɪs,n.,公事包,英语专业四八级词汇表
briefing,ˈbriːfɪŋ,n.,1. 情况的简要介绍，简报 2. 基本情况介绍会,英语专业四八级词汇表
briefly,ˈbriːflɪ,adv.,简短地,英语专业四八级词汇表
brigade,brɪˈɡeɪd,n.,1.,英语专业四八级词汇表
brigade,brɪˈɡeɪd,,(军队中的)旅 2.,英语专业四八级词汇表
brigade,brɪˈɡeɪd,,(担任特殊任务的)团、队,英语专业四八级词汇表
bright,braɪt,adj.,1. 明亮的，光明的 2. 晴朗的 3.,英语专业四八级词汇表
bright,braɪt,,(色彩)鲜艳的  4. 开朗的，愉快的  5. 聪明的 6. 欢快的,英语专业四八级词汇表
brighten,ˈbraɪtən,v.,1.,英语专业四八级词汇表
brighten,ˈbraɪtən,,(使)发光，(使)发亮 2.,英语专业四八级词汇表
brighten,ˈbraɪtən,,(使)快活，(使)活跃,英语专业四八级词汇表
brilliance,ˈbrɪljəns,n.,1. 光辉，辉煌 2. 聪颖，才华横溢，卓越,英语专业四八级词汇表
brilliant,ˈbrɪlɪənt,adj.,1. 光辉的，辉煌的 2. 卓越的，聪颖的,英语专业四八级词汇表
brim,brɪm,n.,1. 边，缘 2. 帽檐 v.,英语专业四八级词汇表
brim,brɪm,,(使)充盈，(使)充溢,英语专业四八级词汇表
bring,brɪŋ,v.,1. 拿来，带来  2. 引起 || bring about导致，实现 [bring…around 使…转而同意(某种看法等)] bring back①归还，带回 ②使回想起  ③使恢复 [bring to使苏醒] bring to an end使结束， 使停止  [bring to light发现，让人知道] bring…to reason使…清醒过来 /bring up ①提出 ②抚养,英语专业四八级词汇表
brink,brɪŋk,n.,1.,英语专业四八级词汇表
brink,brɪŋk,,(峭壁顶上的)边缘，(河流等的)边沿，边 2. 边缘 || on the brink of …濒临，正要…之际,英语专业四八级词汇表
brisk,brɪsk,adj.,1. 活跃的，轻快的 2.,英语专业四八级词汇表
brisk,brɪsk,,(天气等)清新的，令人爽快的 3. 兴旺的，生气勃勃的 v. 1. 使活泼，使活跃，兴旺 2. 活泼起来，兴旺起来,英语专业四八级词汇表
bristle,ˈbrɪsl,n.,硬而粗的毛发,英语专业四八级词汇表
British,ˈbrɪtɪʃ,adj.,英国的,英语专业四八级词汇表
Briton,ˈbrɪtən,,n.,英语专业四八级词汇表
Briton,ˈbrɪtən,,(usu fml)英国人,英语专业四八级词汇表
brittle,ˈbrɪtl,adj.,易碎的，脆弱的，易损坏的,英语专业四八级词汇表
broad,brɔːd,adj.,1. 宽阔的 2. 宽广的，广大的 3. 概括的，粗略的,英语专业四八级词汇表
broadcast,ˈbrɔːdkɑːst,v.,广播 n. 广播，播音,英语专业四八级词汇表
broaden,ˈbrɔːdən,v.,放宽，加阔，(使)扩大,英语专业四八级词汇表
broccoli,ˈbrɒkəlɪ,n.,西兰花,英语专业四八级词汇表
brochure,ˈbrəʊʃə,n.,小册子， 介绍手册，指南,英语专业四八级词汇表
broke,brəʊk,adj.,彻底破产的，身无分文的,英语专业四八级词汇表
broken,ˈbrəʊkən,adj.,1. 被打碎的，破碎的，零碎的 2. 断续的 3. 被破坏的 4. 蹩脚的,英语专业四八级词汇表
broker,ˈbrəʊkə,n.,1. 经纪人，掮客，中间人 2. 股票经纪人,英语专业四八级词汇表
brokerage,ˈbrəʊkərɪdʒ,n.,1. 经纪业，掮客业务 2. 经纪费用，佣金,英语专业四八级词汇表
bronchitis,brɒŋˈkaɪtɪs,n.,支气管炎,英语专业四八级词汇表
bronze,brɒnz,n.,1. 青铜，古铜 2. 青铜制(艺术)品 3. 青铜色  v.,英语专业四八级词汇表
bronze,brɒnz,,(使)变成青铜色,英语专业四八级词汇表
brooch,brəʊtʃ,n.,胸针，饰针,英语专业四八级词汇表
brood,bruːd,n.,1.,英语专业四八级词汇表
brood,bruːd,,(鸡等)一窝，同窝幼鸟 2.,英语专业四八级词汇表
brood,bruːd,,"(同类或同种的)一伙，一组(事物) v. 1. 孵(蛋),孵出 2. 盘算，细想，沉思",英语专业四八级词汇表
brook,brʊk,n.,小河，小溪,英语专业四八级词汇表
broom,bruːm,n.,扫帚,英语专业四八级词汇表
brothel,ˈbrɒθəl,n.,妓院,英语专业四八级词汇表
brother,ˈbrʌðə,n.,1. 兄弟 2. 同伙 3. 教友,英语专业四八级词汇表
brotherhood,ˈbrʌðəhʊd,n.,1. 手足情谊，兄弟关系 2. 同业，同僚,英语专业四八级词汇表
brother-in-law,ˈbrʌðəɪnlɔː,n.,姐夫，妹夫,英语专业四八级词汇表
brotherly,ˈbrʌðəlɪ,adj.,兄弟的，兄弟般的，友爱的,英语专业四八级词汇表
brow,braʊ,n.,眉;眉毛(= eyebrow),英语专业四八级词汇表
brown,braʊn,adj.,棕色的  n. 棕色,英语专业四八级词汇表
browse,braʊz,v.,1. 浏览(书刊)  2.,英语专业四八级词汇表
browse,braʊz,,(牲畜)吃草,英语专业四八级词汇表
browser,ˈbraʊzə,n.,浏览器,英语专业四八级词汇表
bruise,bruːz,n.,1.,英语专业四八级词汇表
bruise,bruːz,,(人体、水果或植物等碰撞后产生的)青肿或伤痕 2.,英语专业四八级词汇表
bruise,bruːz,,(感情等方面)挫伤 v. 1. 使(皮肉)青肿，碰伤(水果、植物等) 2. 碾碎，捣烂(水果等)  3. 挫伤(感情等),英语专业四八级词汇表
brunch,brʌntʃ,n.,晚吃的早餐，早吃的午餐，早午餐,英语专业四八级词汇表
brunette,bruːˈnet,n.,深褐色头发的白种女子,英语专业四八级词汇表
brunt,brʌnt,n.,首当其冲||bear the brunt of sth首当其冲,英语专业四八级词汇表
brush,brʌʃ,n.,1. 刷子，毛刷 2. 画笔，毛笔 v. 1. 刷，掸，拂 2. 擦过，掠过,英语专业四八级词汇表
brusque,bruːsk,adj.,轻率的，鲁莽的,英语专业四八级词汇表
brutal,ˈbruːtəl,adj.,残忍的，兽性的,英语专业四八级词汇表
brute,bruːt,n.,1. 残酷无情的人 2. 野兽，畜生 adj. 粗暴的,英语专业四八级词汇表
brutish,ˈbruːtɪʃ,adj.,野兽般的，野蛮的，残忍的,英语专业四八级词汇表
bubble,ˈbʌbl,n.,泡，水泡，气泡  v. 吹泡，起泡,英语专业四八级词汇表
buck,bʌk,n.,雄鹿，雄兔  adj. 雄的,英语专业四八级词汇表
bucket,ˈbʌkɪt,n.,1. 水桶，提桶，吊桶 2. 一桶,英语专业四八级词汇表
buckle,ˈbʌkl,n.,1. 皮带扣环，装饰用扣环 v. 用扣环扣住 2.,英语专业四八级词汇表
buckle,ˈbʌkl,,(使)弯曲，扭曲 3. 挡不住，屈服,英语专业四八级词汇表
bud,bʌd,n.,1. 芽，萌芽状态 2. 蓓蕾,英语专业四八级词汇表
Buddha,ˈbʊdə,n.,佛，佛陀,英语专业四八级词汇表
Buddhism,ˈbʊdɪzəm,n.,佛教,英语专业四八级词汇表
Buddhist,ˈbʊdɪst,n.,佛教徒 adj. 佛教的，佛的,英语专业四八级词汇表
buddy,ˈbʌdɪ,n.,1. 同伴，伙伴，好朋友 2. 老兄，老弟(用作称呼),英语专业四八级词汇表
budge,bʌdʒ,,v.,英语专业四八级词汇表
budge,bʌdʒ,,(使)微微移动,英语专业四八级词汇表
budget,ˈbʌdʒɪt,n.,1. 预算 2. 金额，预算拨款 v. 编制预算，安排开支,英语专业四八级词汇表
buff,bʌf,n.,&adj. 暗黄色(的),英语专业四八级词汇表
buffalo,ˈbʌfələʊ,n.,水牛，野牛,英语专业四八级词汇表
buffer,ˈbʌfə,n.,起缓冲作用的人(物)，缓冲器 v. 缓冲，减轻,英语专业四八级词汇表
bug,bʌɡ,n.,1. 小虫 2. 病菌 3. 窃听器 4.,英语专业四八级词汇表
bug,bʌɡ,,(电脑等的)故障 v. 1. 装窃听器 2. 不断地烦扰，纠缠,英语专业四八级词汇表
buggy,ˈbʌɡɪ,n.,1. 轻型马车 2. 手推车，婴儿车,英语专业四八级词汇表
bugle,ˈbjuːɡl,n.,军号，喇叭,英语专业四八级词汇表
build,bɪld,v.,1. 建筑，建造 || build up ①建立起②增强(体质)，加强(力量)③积累，积聚  n. 1. 身材，体型 2. 结构,英语专业四八级词汇表
builder,ˈbɪldə,n.,1. 建筑工人，施工人员 2. 建设者，建立者,英语专业四八级词汇表
building,ˈbɪldɪŋ,n.,楼房，建筑物,英语专业四八级词汇表
bulb,bʌlb,n.,1. 电灯泡 2. 球状物,英语专业四八级词汇表
bulge,bʌldʒ,n.,1. 突出，膨胀 2. 激增 v. 突出，膨胀,英语专业四八级词汇表
bulk,bʌlk,n.,容量，体积，数量,英语专业四八级词汇表
bulky,ˈbʌlkɪ,adj.,庞大的，巨大的，笨重的,英语专业四八级词汇表
bull,bʊl,n.,公牛 adj. 1. 公的，雄的 2. 哄抬价格的，行情上涨的  v. 1. 强行(使) …通过 2. 从事投机使(证券等)价格上涨,英语专业四八级词汇表
bulldozer,ˈbʊldəʊzə,n.,推土机,英语专业四八级词汇表
bullet,ˈbʊlɪt,n.,枪弹，子弹，弹丸,英语专业四八级词汇表
bulletin,ˈbʊlətɪn,n.,公报，公告,英语专业四八级词汇表
bullheaded,ˈbʊlˌhedɪd,,adj.,英语专业四八级词汇表
bullheaded,ˈbʊlˌhedɪd,,(derog)愚笨固执的，顽固的,英语专业四八级词汇表
bullish,ˈbʊlɪʃ,,adj.,英语专业四八级词汇表
bullish,ˈbʊlɪʃ,,(行情等)看涨的，上涨的,英语专业四八级词汇表
bully,ˈbʊlɪ,v.,欺侮，强迫… (做某事) n. 恃强凌弱的人,英语专业四八级词汇表
bum,bʌm,n.,1. 屁股，臀部 2. 流浪汉，乞丐，懒汉,英语专业四八级词汇表
bump,bʌmp,v.,1. 碰撞 2. 撞击 3. 颠簸地行驶 n. 1. 碰撞 2. 肿块,英语专业四八级词汇表
bumper,ˈbʌmpə,n.,汽车前后的保险杠，减震物 adj. 特大的，丰盛的,英语专业四八级词汇表
bun,bʌn,n.,1. 小而圆的甜面包 2.,英语专业四八级词汇表
bun,bʌn,,(头发扎成的)髻,英语专业四八级词汇表
bunch,bʌntʃ,,n.,英语专业四八级词汇表
bunch,bʌntʃ,,(一)球，(一)束，(一)串 v. 使成一束 (一捆等),英语专业四八级词汇表
bundle,ˈbʌndl,n.,1. 包袱，包裹 2. 捆， 束，包,英语专业四八级词汇表
bungalow,ˈbʌŋɡələʊ,n.,平房,英语专业四八级词汇表
bunk,bʌŋk,n.,1.,英语专业四八级词汇表
bunk,bʌŋk,,(架设于壁上的)狭窄铺位 2. 双层床的上铺或下铺,英语专业四八级词汇表
bunker,ˈbʌŋkə,n.,1.,英语专业四八级词汇表
bunker,ˈbʌŋkə,,(船上的)煤仓 2.,英语专业四八级词汇表
bunker,ˈbʌŋkə,,(高尔夫的)沙坑,英语专业四八级词汇表
buoy,bɔɪ,n.,浮标，浮筒 v. 1. 使浮着 2. 鼓励，支持,英语专业四八级词汇表
buoyancy,ˈbɔɪənsɪ,n.,1. 浮性，浮力 2. 轻松愉快的心情，乐观情绪 3.,英语专业四八级词汇表
buoyancy,ˈbɔɪənsɪ,,(物价、商业活动)回升，保持上涨走势,英语专业四八级词汇表
burden,ˈbɜːdən,n.,担子，负担,英语专业四八级词汇表
burdensome,ˈbɜːdnsəm,adj.,沉重的，麻烦的,英语专业四八级词汇表
bureau,ˈbjʊərəʊ,n.,1. 办公署，局，司，处 2.,英语专业四八级词汇表
bureau,ˈbjʊərəʊ,,(附有镜子的)五斗橱，写字台,英语专业四八级词汇表
bureaucracy,bjʊəˈrɒkrəsɪ,n.,1. 官僚制度，官僚体制 2. 官僚作风,英语专业四八级词汇表
burglar,ˈbɜːɡlə,n.,盗贼,英语专业四八级词汇表
burglary,ˈbɜːɡlərɪ,n.,夜盗行为，盗窃,英语专业四八级词汇表
burial,ˈberɪəl,n.,埋葬，葬礼,英语专业四八级词汇表
burn,bɜːn,v.,1. 烧毁，烧掉 2. 燃烧，烧着 3. 烫着，烧着 || burn down烧毁 [burn off烧掉] burn the midnight oil开夜车 [burn out(火自行)熄灭; 烧光某物] burn up ①烧掉 ② 烧旺  n. 灼伤,英语专业四八级词汇表
burrow,ˈbʌrəʊ,n.,洞穴，藏身处  v. 1. 掘洞穴 2. 寻找，翻找,英语专业四八级词汇表
burst,bɜːst,v.,1. 爆裂，炸破，冲破 2. 突然发生，突然发作 3. 忽然出现 || burst into ①闯进 ②突然开始  /burst out爆发 n. 1. 突然破裂，爆炸 2. 突发，一阵迸发,英语专业四八级词汇表
bury,ˈberɪ,v.,1. 埋葬，葬  2. 埋藏，遮盖，掩蔽  || be buried in全神贯注于,英语专业四八级词汇表
bus,bʌs,n.,公共汽车,英语专业四八级词汇表
bush,bʊʃ,n.,1. 灌木，矮树 2. 灌木丛,英语专业四八级词汇表
bushel,ˈbʊʃəl,n.,蒲式耳 (计量谷物等的容量单位),英语专业四八级词汇表
bushy,ˈbʊʃɪ,,n.,英语专业四八级词汇表
bushy,ˈbʊʃɪ,,(指毛发)浓密的，丛生的,英语专业四八级词汇表
business,ˈbɪznɪs,n.,1. 商业，生意，营业 2. 商店，商行  3. 职责，事务，事 || on business因工作，因商务,英语专业四八级词汇表
businessman,ˈbɪznɪsmən,,(pl businessmen) n. 商人，实业家,英语专业四八级词汇表
bustle,ˈbʌsl,v.,喧扰地忙乱，匆忙，奔忙 n. 热闹的活动,英语专业四八级词汇表
busy,ˈbɪzɪ,adj.,繁忙的，忙碌的  v. 忙碌，(使)忙,英语专业四八级词汇表
but,"bʌt, bət",conj.,但是，可是 || not only…but also. .. 不但…而且…  prep. 除了，除开，要不是 || but for要不是因为某人或某事; 如果没有某人或某事  adv. 仅仅，只不过,英语专业四八级词汇表
butcher,ˈbʊtʃə,n.,1. 屠夫，卖肉者 2. 屠杀者,英语专业四八级词汇表
butler,ˈbʌtlə,n.,男管家,英语专业四八级词汇表
butter,ˈbʌtə,n.,黄油 v. 涂上黄油,英语专业四八级词汇表
butterfly,ˈbʌtəflaɪ,n.,蝴蝶,英语专业四八级词汇表
buttock,ˈbʌtək,,n.,英语专业四八级词汇表
buttock,ˈbʌtək,,(半边)屁股，臀部,英语专业四八级词汇表
button,ˈbʌtn,n.,钮扣  v. 扣上钮扣,英语专业四八级词汇表
buy,baɪ,v.,1. 买 2. 换取 n. 廉价货，便宜货，合算的买卖,英语专业四八级词汇表
buzz,bʌz,n.,1. 嗡嗡声 2. 嘈杂声 v. 1. 发出嗡嗡声 2. 发出嘈杂声,英语专业四八级词汇表
by,baɪ,prep.,1. 在…旁边 2.,英语专业四八级词汇表
by,baɪ,,(表示手段、方式等)被，由，靠 3. 取道，经由，通过 4. 不迟于，到…的时候 5. 按…计算 || by accident偶然地 [by air 乘飞机] by chance偶然地，碰巧 [by day在白天] by means of借助，靠 [by mistake出于误会] by night在晚上 [by oneself独自] by the way顺便说一件事 [by turns轮流] one by one一个接着一个地 adv. 1. 在一旁 2. 过去，从旁经过 || by and by不久，过一会儿 [by and large总的来说] lay by，put by储蓄,英语专业四八级词汇表
bye,baɪ,int.,再见,英语专业四八级词汇表
bypass,ˈbaɪpɑːs,,n.,英语专业四八级词汇表
bypass,ˈbaɪpɑːs,,(绕过市镇的)旁道，迂回道  v. 绕过，回避,英语专业四八级词汇表
by-product,ˈbaɪˌprɒdʌkt,n.,副产品,英语专业四八级词汇表
byte,baɪt,,n.,英语专业四八级词汇表
byte,baɪt,,(二进制)字节，(二进)位组,英语专业四八级词汇表
cab,kæb,n.,1. 出租汽车  2. 司机室,英语专业四八级词汇表
cabaret,ˈkæbəreɪ,,n.,英语专业四八级词汇表
cabaret,ˈkæbəreɪ,,(餐馆、夜总会等的)歌舞表演,英语专业四八级词汇表
cabbage,ˈkæbɪdʒ,n.,卷心菜,英语专业四八级词汇表
cabin,ˈkæbɪn,n.,1.,英语专业四八级词汇表
cabin,ˈkæbɪn,,(简陋的)小屋 2. 船舱，机舱,英语专业四八级词汇表
cabinet,ˈkæbɪnɪt,n.,1. 橱柜  2. 内阁,英语专业四八级词汇表
cable,ˈkeɪbl,n.,1. 缆，索，钢丝绳 2. 电缆，海底电缆，海底电报 v. .拍(海底)电报,英语专业四八级词汇表
cache,kæʃ,n.,密藏的物品,英语专业四八级词汇表
cackle,ˈkækl,v.,1.,英语专业四八级词汇表
cackle,ˈkækl,,(母鸡)咯咯叫 2.,英语专业四八级词汇表
cackle,ˈkækl,,(刺耳地)格格地笑,英语专业四八级词汇表
cactus,ˈkæktəs,n.,仙人掌,英语专业四八级词汇表
cadet,kəˈdet,,n.,英语专业四八级词汇表
cadet,kəˈdet,,(军校或警官学校的)学生,英语专业四八级词汇表
cadre,ˈkɑːdə,n.,干部,英语专业四八级词汇表
café,ˈkæfeɪ,n.,咖啡馆，小餐馆，快餐厅,英语专业四八级词汇表
cafeteria,ˌkæfəˈtɪərɪə,n.,自助餐厅,英语专业四八级词汇表
cage,keɪdʒ,n.,笼，鸟笼 v. 把…关入笼中,英语专业四八级词汇表
cajole,kəˈdʒəʊl,,v.,英语专业四八级词汇表
cajole,kəˈdʒəʊl,,(以甜言蜜语)哄骗，诱骗,英语专业四八级词汇表
cake,keɪk,n.,糕，饼,英语专业四八级词汇表
calamity,kəlˈæmətɪ,n.,大灾祸，灾难，极不幸的事件,英语专业四八级词汇表
calcium,ˈkælsɪəm,n.,钙,英语专业四八级词汇表
calculate,ˈkælkjʊleɪt,v.,1. 计算，核算 2. 预测，推测,英语专业四八级词汇表
calculating,ˈkælkjʊleɪtɪŋ,,adj.,英语专业四八级词汇表
calculating,ˈkælkjʊleɪtɪŋ,,(derog)工于心计的，用尽心机的,英语专业四八级词汇表
calculation,ˌkælkjʊˈleɪʃən,n.,1. 计算 2. 计算的结果 3. 谨慎计算，深思熟虑,英语专业四八级词汇表
calculator,ˈkælkjʊleɪtə,n.,计算器,英语专业四八级词汇表
calculus,ˈkælkjʊləs,n.,微积分(学),英语专业四八级词汇表
calendar,ˈkælɪndə,n.,1. 日历，月历 2. 历法,英语专业四八级词汇表
"calibre, caliber",ˈkælɪbə,n.,1. 品质，水准  2. 管(枪炮)的口径，子弹的大小,英语专业四八级词汇表
call,kɔːl,v.,1. 叫做，称为 2. 叫，喊，呼唤 3.,英语专业四八级词汇表
call,kɔːl,,(给某人)打电话 4. 来访，拜访|| call away叫走 [call back①再来(访问) ②给…回电] call by 顺道来访 [call for①邀约②拿取(某物)③需要] call in 召来，请来 [call off取消] call on拜访 [call on sb to do sth号召，呼吁] call to mind (使)想起 /call up①给…打电话②征召…入伍  n. 1. 呼喊声，叫声 2. 来访，拜访 3. 打电话 4. 召唤，号召,英语专业四八级词汇表
calligraphy,kəˈlɪɡrəfɪ,n.,书法(艺术),英语专业四八级词汇表
callous,ˈkæləs,adj.,无同情心的，硬心肠的，冷漠的,英语专业四八级词汇表
callow,ˈkæləʊ,adj.,年幼的，未成熟的，无经验的,英语专业四八级词汇表
calm,kɑːm,adj.,1. 安静的，镇静的 2.,英语专业四八级词汇表
calm,kɑːm,,(天气)无风的 3.,英语专业四八级词汇表
calm,kɑːm,,(海面)平静的 v.,英语专业四八级词汇表
calm,kɑːm,,(使)平静，(使)宁静，(使)镇定,英语专业四八级词汇表
calorie,ˈkælərɪ,,n.,英语专业四八级词汇表
calorie,ˈkælərɪ,,(热量单位)卡路里,英语专业四八级词汇表
camel,ˈkæməl,n.,骆驼,英语专业四八级词汇表
cameo,ˈkæmɪəʊ,n.,1. 刻有浮雕的宝石 2.,英语专业四八级词汇表
cameo,ˈkæmɪəʊ,,(文艺或戏剧)小品,英语专业四八级词汇表
camera,ˈkæmərə,n.,照相机，摄影机,英语专业四八级词汇表
camouflage,ˈkæməflɑːʒ,n.,伪装，保护色，掩饰 v. 用伪装遮掩(某人或某事物),英语专业四八级词汇表
camp,kæmp,n.,1. 营，野营，兵营 2. 野营地，帐篷 3. 阵营 v. 设营，宿营，露营,英语专业四八级词汇表
campaign,kæmˈpeɪn,n.,1. 运动，有组织的活动 2. 军事行动 3. 竞选 v. 参加运动，发起运动,英语专业四八级词汇表
campus,ˈkæmpəs,n.,校园,英语专业四八级词汇表
Canadian,kəˈneɪdɪən,n.,加拿大人 adj. 加拿大(人)的,英语专业四八级词汇表
canal,kəˈnæl,n.,1. 运河 2. 沟渠，水道,英语专业四八级词汇表
canary,kəˈneərɪ,n.,1. 金丝雀 2. 淡黄色(=canary yellow),英语专业四八级词汇表
cancel,ˈkænsəl,v.,1. 取消 2. 删去，省略，划掉,英语专业四八级词汇表
cancer,ˈkænsə,n.,癌，癌症,英语专业四八级词汇表
candid,ˈkændɪd,adj.,忠实的，率直的，坦诚的,英语专业四八级词汇表
candidate,ˈkændɪdət,n.,1. 候选人 2. 应试者，应考者,英语专业四八级词汇表
candle,ˈkændl,n.,蜡烛，烛形物 || candle stick烛台,英语专业四八级词汇表
candy,ˈkændɪ,n.,糖果,英语专业四八级词汇表
cane,keɪn,n.,1. 细长而有节的茎 2. 手杖,英语专业四八级词汇表
canine,ˈkeɪnaɪn,adj.,犬的，犬属的 n. 犬，犬属动物,英语专业四八级词汇表
cannery,ˈkænərɪ,n.,罐头食品厂,英语专业四八级词汇表
cannibal,ˈkænɪbəl,n.,1. 食人肉者 2. 同类相食的动物,英语专业四八级词汇表
cannon,ˈkænən,n.,大炮,英语专业四八级词汇表
canny,ˈkænɪ,adj.,精明的，机警的，不易受骗的,英语专业四八级词汇表
canoe,kəˈnuː,n.,.独木舟,英语专业四八级词汇表
canon,ˈkænən,n.,1. 教会法规 2.,英语专业四八级词汇表
canon,ˈkænən,,(行为或思想的)规范; 准则 3.,英语专业四八级词汇表
canon,ˈkænən,,(任职大教堂的)教士,英语专业四八级词汇表
canopy,ˈkænəpɪ,n.,1.,英语专业四八级词汇表
canopy,ˈkænəpɪ,,(床等物上面的)篷盖 2.,英语专业四八级词汇表
canopy,ˈkænəpɪ,,(飞机的)驾驶舱盖,英语专业四八级词汇表
canteen,kænˈtiːn,n.,1.,英语专业四八级词汇表
canteen,kænˈtiːn,,(工厂、公司等内部)食堂(小卖部)  2. 一套刀叉匙餐具,英语专业四八级词汇表
canter,ˈkæntə,n.,慢跑，小跑,英语专业四八级词汇表
Cantonese,ˌkæntəˈniːz,n.,& adj. 1. 粤语(的)，广州话(的) 2. 广州人(的)，广东人(的),英语专业四八级词汇表
canvas,ˈkænvəs,n.,1. 帆布 2. 画布，油画,英语专业四八级词汇表
canvass,ˈkænvəs,v.,1. 在或向…游说(以争取选票或调查意见) 2. 详细检查，讨论,英语专业四八级词汇表
canyon,ˈkænjən,,n.,英语专业四八级词汇表
canyon,ˈkænjən,,(AmE)(深的)峡谷,英语专业四八级词汇表
cap,kæp,n.,1. 便帽，军帽  2. 盖，套 v. 1. 覆盖 2. 超过,英语专业四八级词汇表
capability,ˌkeɪpəˈbɪlətɪ,n.,1. 能力，才能 2. 素质，潜能,英语专业四八级词汇表
capable,ˈkeɪpəbl,adj.,有能力的，有才能的,英语专业四八级词汇表
capacity,kəˈpæsətɪ,n.,1. 容量 2. 能力 3. 资格，地位,英语专业四八级词汇表
capillary,kəˈpɪlərɪ,n.,毛细管，毛细血管,英语专业四八级词汇表
capital,ˈkæpɪtəl,n.,1. 首都，首府，省会 2. 大写字母 3. 资本 adj. 1. 首位的，重要的，基本的 2. 资本的 3. 可处死刑的，致死的,英语专业四八级词汇表
capitalism,ˈkæpɪtəlɪzəm,n.,资本主义，资本主义制度,英语专业四八级词汇表
capitalist,ˈkæpɪtlɪst,n.,1. 资本家，富豪 2. 资本主义者  adj. 资本主义的,英语专业四八级词汇表
capitalize,ˈkæpɪtəlaɪz,v.,1. 用大写字母写 2. 为…提供资金，投资于 ||capitalize on利用,英语专业四八级词汇表
capitulate,kəˈpɪtʃʊleɪt,,v.,英语专业四八级词汇表
capitulate,kəˈpɪtʃʊleɪt,,(向某人)投降(指根据商定的条件),英语专业四八级词汇表
caprice,kəˈpriːs,n.,反复无常，善变,英语专业四八级词汇表
capricious,kəˈprɪʃəs,adj.,反复无常的，善变的，任性的,英语专业四八级词汇表
capsize,kæpˈsaɪz,v.,使(船)倾覆，(船)倾覆,英语专业四八级词汇表
capsule,ˈkæpsjuːl,n.,1. 药丸，胶囊 2. 太空舱,英语专业四八级词汇表
captain,ˈkæptɪn,n.,1. 首领，队长 2. 船长，舰长，机长  3. 上尉,英语专业四八级词汇表
caption,ˈkæpʃən,n.,图片上的说明文字，(报刊文章的)标题,英语专业四八级词汇表
captivate,ˈkæptɪveɪt,v.,迷惑，吸引，使着迷,英语专业四八级词汇表
captive,ˈkæptɪv,n.,俘虏 adj. 被捕的，被监禁的,英语专业四八级词汇表
captivity,kæpˈtɪvətɪ,n.,被俘，被监禁,英语专业四八级词汇表
capture,ˈkæptʃə,v.,1. 捕获，俘获 2. 夺得，占领 3. 赢得，引起(注意) n. 1. 捕获，获得 2. 俘虏，战利品，缴获品,英语专业四八级词汇表
car,kɑː,n.,1. 小汽车 2.,英语专业四八级词汇表
car,kɑː,,(一节)客车或货车等,英语专业四八级词汇表
carat,ˈkærət,n.,开(黄金成色的单位，表示所含纯金量)，克拉(珠宝的重量单位),英语专业四八级词汇表
caravan,ˈkærəvæn,n.,1.,英语专业四八级词汇表
caravan,ˈkærəvæn,,(往返于沙漠等地带的)商队，旅行队  2. 结队成列的车马  3. 有篷的车辆，马戏团(吉普赛人)旅行用的大篷车,英语专业四八级词汇表
carbohydrate,ˌkɑːbəʊˈhaɪdreɪt,n.,碳水化合物,英语专业四八级词汇表
carbon,ˈkɑːbən,n.,1. 碳  2. 复写纸,英语专业四八级词汇表
card,kɑːd,n.,1. 纸牌 2. 卡片(明信片，贺年片等),英语专业四八级词汇表
cardboard,ˈkɑːdbɔːd,n.,厚纸板,英语专业四八级词汇表
cardiac,ˈkɑːdɪæk,adj.,心脏(病)的,英语专业四八级词汇表
cardigan,ˈkɑːdɪɡən,n.,开襟羊毛衫,英语专业四八级词汇表
care,keə,n.,"1. 小心，谨慎，注意 2. 关怀，爱护 3. 照管，管理 4. 忧虑，烦恼，牵累 || care of由…转交 [take care注意，当心] take care of照料…,照顾 /with care留心，注意  v. 1. 关心，担心，介意，在乎 2. 关怀，照顾 3. 喜欢，愿意",英语专业四八级词汇表
career,kəˈrɪə,n.,1. 生涯，经历 2. 专业，职业,英语专业四八级词汇表
carefree,ˈkeəfriː,adj.,无忧无虑的，无牵无挂的,英语专业四八级词汇表
careful,ˈkeəfʊl,adj.,1. 小心的，注意的，谨慎的 2. 细心的，周密细致的,英语专业四八级词汇表
carefully,ˈkeəfəlɪ,adv.,小心地，谨慎地,英语专业四八级词汇表
careless,ˈkeəlɪs,adj.,1. 粗心的，疏忽的 2. 漫不经心，不介意的,英语专业四八级词汇表
caress,kəˈres,n.,抚爱，轻吻  v. 抚爱，轻轻拥抱,英语专业四八级词汇表
caretaker,ˈkeəteɪkə,,n.,英语专业四八级词汇表
caretaker,ˈkeəteɪkə,,(建筑物的)管理员 || caretaker government看守政府,英语专业四八级词汇表
cargo,ˈkɑːɡəʊ,n.,货物，船货,英语专业四八级词汇表
caricature,ˈkærɪkətjʊə,n.,漫画，讽刺画，讽刺文章 v. 将…画成漫画，讽刺地描述，使滑稽化,英语专业四八级词汇表
carnage,ˈkɑːnɪdʒ,n.,大屠杀，杀戮,英语专业四八级词汇表
carnal,ˈkɑːnəl,adj.,肉体的，感官的,英语专业四八级词汇表
carnation,kɑːˈneɪʃn,n.,康乃馨，麝香石竹,英语专业四八级词汇表
carnival,ˈkɑːnɪvəl,n.,狂欢节,英语专业四八级词汇表
carnivore,ˈkɑːnɪvɔː,n.,食肉动物,英语专业四八级词汇表
carol,ˈkærəl,,n.,英语专业四八级词汇表
carol,ˈkærəl,,(圣诞)颂歌,英语专业四八级词汇表
carp,kɑːp,n.,鲤鱼,英语专业四八级词汇表
carpenter,ˈkɑːpəntə,n.,木工，木匠,英语专业四八级词汇表
carpet,ˈkɑːpɪt,n.,地毯,英语专业四八级词汇表
carriage,ˈkærɪdʒ,n.,1.,英语专业四八级词汇表
carriage,ˈkærɪdʒ,,(四轮)马车 2. 客车车厢,英语专业四八级词汇表
carrier,ˈkærɪə,n.,1. 搬运人，递送人，运载工具 2. 载重架，托架，传导管 3. 带菌者，媒介物 4. 航空母舰(=aircraft carrier),英语专业四八级词汇表
carrot,ˈkærət,n.,胡萝卜,英语专业四八级词汇表
carry,ˈkærɪ,v.,1. 运送，搬运 2. 携带，佩带，怀有 3. 支撑，支持 4. 刊登，广播 || carry away使激动得失去自制能力 [carry off夺走，抢走] carry on 继续下去  [carry out实行，执行] carry through进行到底，完成 /carry weight(说话等)有分量，有影响,英语专业四八级词汇表
cart,kɑːt,n.,1. 手推车 2. 二轮运货马车  || put the cart before the horse本末倒置,英语专业四八级词汇表
carton,ˈkɑːtən,n.,纸板盒，纸板箱,英语专业四八级词汇表
cartoon,kɑːˈtuːn,n.,卡通片，漫画,英语专业四八级词汇表
cartridge,ˈkɑːtrɪdʒ,n.,1. 弹药筒，子弹，枪弹 2.,英语专业四八级词汇表
cartridge,ˈkɑːtrɪdʒ,,(电唱机)唱头 3. 录音带盒,英语专业四八级词汇表
carve,kɑːv,v.,1. 雕刻 2. 切(熟肉)，切开,英语专业四八级词汇表
cascade,kæˈskeɪd,n.,瀑布 v. 像瀑布般冲下或倾泻,英语专业四八级词汇表
cash,kæʃ,n.,现金，现款 v. 把…兑现,英语专业四八级词汇表
cashier,kæˈʃɪə,n.,1.,英语专业四八级词汇表
cashier,kæˈʃɪə,,(餐馆、旅行社等)出纳员 2.,英语专业四八级词汇表
cashier,kæˈʃɪə,,(BrE)银行的出纳员=(AmE) teller,英语专业四八级词汇表
cashmere,kæʃˈmɪə,n.,开司米(一种优质细软羊毛),英语专业四八级词汇表
cask,kɑːsk,n.,木桶,英语专业四八级词汇表
cassette,kəˈset,n.,1. 盒子，暗盒 2. 录音带盒 3. 盒式录音带  || cassette tape recorder盒式录音机,英语专业四八级词汇表
cast,kɑːst,v.,1. 投，掷，抛 2. 投射(光、影等) 3. 投(票) n. 1. 演员的阵容，演员表 2. 铸造，铸型,英语专业四八级词汇表
caste,kɑːst,n.,1. 印度的世袭阶级 2. 任何排他的社会阶层,英语专业四八级词汇表
castle,ˈkɑːsl,n.,城堡,英语专业四八级词汇表
casual,ˈkæʒjʊəl,adj.,1. 偶然的，碰巧的 2. 随便的 3. 临时的,英语专业四八级词汇表
casualty,ˈkæʒjʊəltɪ,n.,意外或战争中的伤亡者,英语专业四八级词汇表
cat,kæt,n.,猫 || It rains cats and dogs. 大雨滂沱。,英语专业四八级词汇表
"catalogue, catalog",ˈkætəlɒɡ,,n.,英语专业四八级词汇表
"catalogue, catalog",ˈkætəlɒɡ,,(图书或商品等的)目录 v. 为…编目录，把…编入目录,英语专业四八级词汇表
catalyst,ˈkætəlɪst,n.,催化剂，刺激(促进)因素,英语专业四八级词汇表
cataract,ˈkætərækt,n.,1. 大瀑布 2. 白内障,英语专业四八级词汇表
catastrophe,kəˈtæstrəfɪ,,n.,英语专业四八级词汇表
catastrophe,kəˈtæstrəfɪ,,(突然的)大灾祸，大灾害,英语专业四八级词汇表
catcall,ˈkætkɔːl,v.,&n.,英语专业四八级词汇表
catcall,ˈkætkɔːl,,(吹)哨，(发)嘘声(表示不满)，喝倒彩,英语专业四八级词汇表
catch,kætʃ,v.,1. 抓住，握住 2. 赶上，搭上(车、船等)  3. 染上(疾病)  4. 听清，听懂 5. 突然碰上 6. 吸引，引起注意 || be caught in遇到(雨等) [catch fire着火，燃着] catch hold of抓住，抓牢 [catch on  ①变得风行起来②理解，了解] catch sight (of)望见 /catch up (with)赶上  n. 1. 窗钩，门扣 2. 潜在的问题，诡计,英语专业四八级词汇表
catchword,ˈkætʃwɜːd,n.,代表性口号，标语,英语专业四八级词汇表
catchy,ˈkætʃɪ,,adj.,英语专业四八级词汇表
catchy,ˈkætʃɪ,,(指曲调等)易记的，口头禅的,英语专业四八级词汇表
categorical,ˌkætəˈɡɒrɪkl,,adj.,英语专业四八级词汇表
categorical,ˌkætəˈɡɒrɪkl,,(言辞)无附带条件的，绝对的，直截了当的,英语专业四八级词汇表
category,ˈkætəɡərɪ,n.,类别，类型，种类,英语专业四八级词汇表
cater,ˈkeɪtə,v.,1. 供应伙食，提供娱乐节目，为(宴会等)供应酒菜 2. 迎合，投合,英语专业四八级词汇表
caterpillar,ˈkætəpɪlə,n.,1.,英语专业四八级词汇表
caterpillar,ˈkætəpɪlə,,(蝴蝶等的)幼虫 2. 拖拉机、坦克车等的履带,英语专业四八级词汇表
cathedral,kəˈθiːdrəl,n.,大寺院，大教堂,英语专业四八级词汇表
cathode,ˈkæθəʊd,n.,阴极,英语专业四八级词汇表
Catholic,ˈkæθəlɪk,adj.,天主教的 n. 天主教徒,英语专业四八级词汇表
Catholicism,kəˈθɒləsɪzəm,n.,天主教教义(信仰),英语专业四八级词汇表
cattle,ˈkætl,n.,1. 牛 2. 牲口，家畜,英语专业四八级词汇表
catwalk,ˈkætwɔːk,,n.,英语专业四八级词汇表
catwalk,ˈkætwɔːk,,(桥面、大型机器等旁边的)狭窄过道,英语专业四八级词汇表
cauliflower,ˈkɒlɪflaʊə,n.,菜花，花菜,英语专业四八级词汇表
causal,kɔːzəl,adj.,1. 原因的，构成原因的，因果关系的  2. 表示原因的,英语专业四八级词汇表
cause,kɔːz,v.,1. 使产生，使发生，引起 2. 使得 n. 1. 原因，起因 2. 理由，缘故 3. 事业，(奋斗的)目标,英语专业四八级词汇表
caution,ˈkɔːʃən,n.,1. 当心，谨慎 2. 告诫，警告  v. 警告，告诫,英语专业四八级词汇表
cautious,ˈkɔːʃəs,adj.,细心的，谨慎的,英语专业四八级词汇表
cavalry,ˈkævlrɪ,n.,骑兵，骑兵部队,英语专业四八级词汇表
cave,keɪv,n.,山洞，洞穴,英语专业四八级词汇表
cavern,ˈkævən,n.,大洞穴，大山洞,英语专业四八级词汇表
caviar,ˈkævɪɑː,n.,鱼子酱,英语专业四八级词汇表
cavity,ˈkævətɪ,n.,洞，穴,英语专业四八级词汇表
cease,siːs,v.,停止，结束,英语专业四八级词汇表
cedar,ˈsiːdə,n.,雪松，香柏(木),英语专业四八级词汇表
cede,siːd,,v.,英语专业四八级词汇表
cede,siːd,,(战败后)割让(土地等),英语专业四八级词汇表
ceiling,ˈsiːlɪŋ,n.,1. 天花板，顶篷 2.,英语专业四八级词汇表
ceiling,ˈsiːlɪŋ,,(规定价格、工资等的)最高限度,英语专业四八级词汇表
celebrate,ˈselɪbreɪt,v.,庆祝,英语专业四八级词汇表
celebrated,ˈselɪbreɪtɪd,adj.,有名的，声誉卓著的,英语专业四八级词汇表
celebration,ˌselɪˈbreɪʃən,n.,庆祝，庆祝会，典礼,英语专业四八级词汇表
celebrity,sɪˈlebrətɪ,n.,1. 名誉，名声 2. 名人，名流,英语专业四八级词汇表
celery,ˈselərɪ,n.,芹菜,英语专业四八级词汇表
celestial,sɪˈlestɪəl,adj.,天上的，天空的，天国的,英语专业四八级词汇表
cell,sel,n.,1. 细胞 2. 单人牢房 3. 电池,英语专业四八级词汇表
cellar,ˈselə,n.,地窖,英语专业四八级词汇表
cello,ˈtʃeləʊ,n.,大提琴,英语专业四八级词汇表
cellular,ˈseljʊlə,adj.,1. 多孔的 2. 细胞的，有细胞的，细胞质的,英语专业四八级词汇表
celluloid,ˈseljʊlɔɪd,n.,1. 赛璐珞(坚硬胶片) 2. 拍成的电影,英语专业四八级词汇表
Celsius,ˈselsɪəs,adj.,&n. 摄氏(的),英语专业四八级词汇表
cement,sɪˈment,n.,水泥,英语专业四八级词汇表
cemetery,ˈsemɪtrɪ,n.,墓地，公墓,英语专业四八级词汇表
censor,ˈsensə,,n.,英语专业四八级词汇表
censor,ˈsensə,,(书报、电影等的)审查员，检查员  v. 审查，检查,英语专业四八级词汇表
censorious,senˈsɔːrɪəs,adj.,苛求的，吹毛求疵的，好挑剔的,英语专业四八级词汇表
censorship,ˈsensəʃɪp,n.,审查，检查，检查制度,英语专业四八级词汇表
censure,ˈsenʃə,v.,严厉批评某人，正式责备某人,英语专业四八级词汇表
census,ˈsensəs,n.,人口调查，人口普查,英语专业四八级词汇表
cent,sent,n.,分(货币单位),英语专业四八级词汇表
centenary,senˈtiːnərɪ,n.,一百周年纪念,英语专业四八级词汇表
centigrade,ˈsentɪɡreɪd,adj.,1. 百分度的 2. 摄氏温度计的,英语专业四八级词汇表
"centimetre, centimeter",ˈsentɪmiːtə,n.,公分，厘米,英语专业四八级词汇表
central,ˈsentrə,adj.,1. 中心的，中央的 2. 中枢的，核心的,英语专业四八级词汇表
"centralise, centralize",ˈsentrəlaɪz,v.,使集中，使聚集在一起,英语专业四八级词汇表
"centre, center",ˈsentə,n.,1. 中心，圆心，核心 2.,英语专业四八级词汇表
"centre, center",ˈsentə,,(某种活动的)集中地点，汇集处  3.,英语专业四八级词汇表
"centre, center",ˈsentə,,(政党等的)中间派 v. 集中于,英语专业四八级词汇表
centrist,ˈsentrɪst,n.,&adj. 支持中间派的(人)，执行中间路线者，温和派,英语专业四八级词汇表
century,ˈsentʃʊrɪ,n.,世纪，百年,英语专业四八级词汇表
ceramic,sɪˈræmɪk,n.,制陶业，陶器，陶瓷工艺,英语专业四八级词汇表
cereal,ˈsɪərɪəl,n.,谷类食物，谷物,英语专业四八级词汇表
cerebral,ˈserɪbrəl,adj.,1. 脑的，大脑的 2. 深思的，理智的,英语专业四八级词汇表
ceremonial,ˌserɪˈməʊnjəl,adj.,仪式上的，礼仪上的 n. 礼仪，仪式，典礼,英语专业四八级词汇表
ceremonious,ˌserɪˈməʊniəs,adj.,讲究礼节的，拘泥于形式的,英语专业四八级词汇表
ceremony,ˈserɪmənɪ,n.,1. 典礼，仪式 2. 礼节，礼仪,英语专业四八级词汇表
certain,ˈsɜːtən,adj.,1. 某，某一，某种 2. 确凿的，无疑的 3. 一定的，必然的，确信的，有把握的  || for certain确实，一定 /make certain of弄明白，确定,英语专业四八级词汇表
certainly,ˈsɜːtənlɪ,adv.,1. 一定，必定 2.,英语专业四八级词汇表
certainly,ˈsɜːtənlɪ,,(表示同意)当然可以，没问题,英语专业四八级词汇表
certainty,ˈsɜːtəntɪ,n.,1. 确实性 2. 确实的事,英语专业四八级词汇表
certificate,səˈtɪfɪkət,n.,证书，证明书,英语专业四八级词汇表
certify,ˈsɜːtɪfaɪ,v.,证明，证实,英语专业四八级词汇表
certitude,ˈsɜːtɪtjuːd,n.,确定，坚定不移,英语专业四八级词汇表
cesspit,ˈsespɪt,n.,粪坑，垃圾坑，污水坑,英语专业四八级词汇表
chain,tʃeɪn,n.,1. 链，链条，项圈，表链 2. 一连串，一系列，连锁 3. 枷锁，镣铐，囚禁，束缚 v. 用链条拴住，拘禁，束缚,英语专业四八级词汇表
chair,tʃeə,n.,1. 椅子 2.,英语专业四八级词汇表
chair,tʃeə,,(会议的)主席，主席的职位 3. 大学教授的职位 || take the chair主持会议 v. 主持(会议),英语专业四八级词汇表
chairman,ˈtʃeəmən,n.,1. 主席 2. 议长，会长，委员长 3. 董事长，总裁,英语专业四八级词汇表
chalet,ˈʃæleɪ,,n.,英语专业四八级词汇表
chalet,ˈʃæleɪ,,(瑞士的)木屋,英语专业四八级词汇表
chalk,tʃɔːk,n.,粉笔  v. .用粉笔写字,英语专业四八级词汇表
challenge,ˈtʃælɪndʒ,n.,1. 挑战，要求决斗，邀请比赛 2. 异议，质问怀疑 v. 1. 向…挑战 2. 对…表示异议， 非难， 怀疑,英语专业四八级词汇表
challenging,ˈtʃælɪndʒɪŋ,adj.,1. 引起兴趣的，使人思考的，激发干劲的 2. 困难的,英语专业四八级词汇表
chamber,ˈtʃeɪmbə,n.,1. 会议室，会议厅 2. 房间，寝室,英语专业四八级词汇表
champagne,ʃæmˈpeɪn,n.,香槟酒,英语专业四八级词汇表
champion,ˈtʃæmpɪən,n.,1. 冠军，优胜者 2. 拥护者，战士，斗士  v. 拥护，支持,英语专业四八级词汇表
championship,ˈtʃæmpiənʃɪp,n.,1. 锦标赛 2. 冠军身份(称号) 3. 捍卫，拥护,英语专业四八级词汇表
chance,tʃɑːns,n.,1. 机会 2. 可能性 3. 偶然性，运气  || by chance偶然地 [take a chance(s)冒险，试试] take one’s chance听天由命,英语专业四八级词汇表
chancellor,ˈtʃɑːnsələ,n.,1.,英语专业四八级词汇表
chancellor,ˈtʃɑːnsələ,,(BrE)大臣，法官 2.,英语专业四八级词汇表
chancellor,ˈtʃɑːnsələ,,(德国、奥地利的)总理 3.,英语专业四八级词汇表
chancellor,ˈtʃɑːnsələ,,(大学)校长,英语专业四八级词汇表
change,tʃeɪndʒ,v.,1. 改变 2. 换，交换，改换 3. 起变化 || change into变为 [change sth into使…变成，换成] change one’s mind改变主意[change trains换车，转车 n. 1. 改变，变更 2. 零钱，找给的钱] for a change换换环境,英语专业四八级词汇表
changeable,ˈtʃeɪndʒəbl,adj.,易变的，可换的,英语专业四八级词汇表
channel,ˈtʃænəl,n.,1. 海峡，水道，航道 2. 波道，频道  3. 渠道，途径,英语专业四八级词汇表
chant,tʃɑːnt,n.,1. 吟唱 2. 反复的大声说 3. 吟唱的曲调 v. 吟唱，反复说,英语专业四八级词汇表
chaos,ˈkeɪɒs,n.,混乱状态 || in chaos处于混乱状态,英语专业四八级词汇表
chap,tʃæp,n.,家伙，小伙子,英语专业四八级词汇表
chapel,ˈtʃæpəl,,n.,英语专业四八级词汇表
chapel,ˈtʃæpəl,,(基督教)小教堂,英语专业四八级词汇表
chaplain,ˈtʃæplɪn,,n.,英语专业四八级词汇表
chaplain,ˈtʃæplɪn,,(随军或驻医院、学校等的)牧师、 神父,英语专业四八级词汇表
chapter,ˈtʃæptə,n.,1.,英语专业四八级词汇表
chapter,ˈtʃæptə,,(书的)章回 2.,英语专业四八级词汇表
chapter,ˈtʃæptə,,(历史或人生的)重要章节,英语专业四八级词汇表
character,ˈkærəktə,n.,1. 特性，性质，特征 2.,英语专业四八级词汇表
character,ˈkærəktə,,(小说，戏剧等)人物，角色 3. 字，书写符号，印刷符号,英语专业四八级词汇表
"characterise, characterize",ˈkærəktəraɪz,v.,1. 成为…的特征，以…为特征 2. 描写(人或物)的特性，描绘,英语专业四八级词汇表
characteristic,ˌkærəktəˈrɪstɪk,adj.,特有的，独特的，表示特性的  n.,英语专业四八级词汇表
characteristic,ˌkærəktəˈrɪstɪk,,(pl)特性， 特征，特色,英语专业四八级词汇表
charcoal,ˈtʃɑːkəʊl,,n.,英语专业四八级词汇表
charcoal,ˈtʃɑːkəʊl,,(木)炭，炭笔,英语专业四八级词汇表
charge,tʃɑːdʒ,v.,1. 要(价)，收(费)，要(人)支付 2. 冲锋 3. 以某事指控某人，(指在法庭上)控告某人 n. 1. 费用，价钱，应付项目 2. 掌管，照管，监护 3. 负荷，电荷 4. 指控，控告，指责,英语专业四八级词汇表
chargeable,ˈtʃɑːdʒəbl,adj.,1. 可控告的 2. 可向某人收取(费用)的 3. 可充电的,英语专业四八级词汇表
chariot,ˈtʃærɪət,n.,古时的双轮马车(战车),英语专业四八级词汇表
charisma,kəˈrɪzmə,n.,1. 吸引人效忠的能力，号召力 2. 神授的力量(才能),英语专业四八级词汇表
charismatic,ˌkærɪzˈmætɪk,adj.,1. 有号召力的，有神授能力的 2.,英语专业四八级词汇表
charismatic,ˌkærɪzˈmætɪk,,(宗教组织)崇尚神赐天赋的,英语专业四八级词汇表
charitable,ˈtʃærətəbl,adj.,1. 慈善的 2. 宽厚的，慷慨的,英语专业四八级词汇表
charity,ˈtʃærətɪ,n.,1. 慈善事业，慈善行为 2. 施舍  3. 慈悲，博爱,英语专业四八级词汇表
charm,tʃɑːm,n.,魅力，魔力  v. 迷住，使…陶醉,英语专业四八级词汇表
charming,ˈtʃɑːmɪŋ,adj.,媚人的，可爱的，极好的,英语专业四八级词汇表
chart,tʃɑːt,n.,1. 海图，航(线)图 2. 图表，表，曲线图 v. 1. 制…的海图，把(航线等)绘入海图 2. 用图像表示(或说明),英语专业四八级词汇表
charter,tʃɑːtə,n.,1. 宪章 2. 航海图，航行图 v. 绘图表，制图表,英语专业四八级词汇表
chartered,ˈtʃɑːtəd,adj.,特许的，持有特许证的  || chartered flight包机航班,英语专业四八级词汇表
charwoman,ˈtʃɑːwʊmən,,(pl charwomen) n. 清洁女工,英语专业四八级词汇表
chase,tʃeɪs,v.,追逐追赶，追击 n. 追逐，追赶，追击,英语专业四八级词汇表
chasm,ˈkæzəm,n.,1.,英语专业四八级词汇表
chasm,ˈkæzəm,,(地壳的)裂隙，断层 2. 分歧，隔阂,英语专业四八级词汇表
chaste,tʃeɪst,adj.,纯洁的，贞节的,英语专业四八级词汇表
chastity,ˈtʃæstətɪ,n.,贞洁，贞节，纯洁,英语专业四八级词汇表
chat,tʃæt,v.,闲谈，聊天 n. 闲谈，聊天，非正式谈话,英语专业四八级词汇表
chatter,ˈtʃætə,v.,1. 喋喋不休，饶舌 2.,英语专业四八级词汇表
chatter,ˈtʃætə,,(鸟)啁啾，(松鼠等)吱吱叫，(溪流)潺潺作声，(机器)颤动 3.,英语专业四八级词汇表
chatter,ˈtʃætə,,(牙齿)打战 n. 喋喋不休，啁啾，震颤声,英语专业四八级词汇表
chatterbox,ˈtʃætəbɒks,n.,喋喋不休的人，话匣子,英语专业四八级词汇表
chauffeur,ˈʃəʊfə,n.,私家雇用的司机,英语专业四八级词汇表
chauvinism,ˈʃəʊvɪnɪzəm,n.,大国沙文主义，大民族主义,英语专业四八级词汇表
cheap,tʃiːp,adj.,1. 便宜的，价钱低的 2. 低劣的，蹩脚的 3. 庸俗可鄙的,英语专业四八级词汇表
cheat,tʃiːt,n.,1. 欺诈，骗取 2. 骗子 v. 欺诈，骗取,英语专业四八级词汇表
check,tʃek,v.,"1. 检查，检验，核对 2. 制止，控制，妨碍，停止 || check in,",英语专业四八级词汇表
check,tʃek,check,at投  宿(旅社)，记账 [check out (of)结账，搬出(旅社)] check (up) on核对… /check over核对，检查 n. 1. 方格图案，格子织物 2. 制止，停止，妨碍 3. 检查，检验，核对 4. 账单 5.,英语专业四八级词汇表
check,tʃek,,(BrE)支票,英语专业四八级词汇表
checklist,ˈtʃekˌlɪst,n.,名单，清单,英语专业四八级词汇表
checkmate,ˈtʃekmeɪt,n.,1.,英语专业四八级词汇表
checkmate,ˈtʃekmeɪt,,(象棋)被将死时王棋的位置，将杀 2. 彻底失败 v. 1.,英语专业四八级词汇表
checkmate,ˈtʃekmeɪt,,(象棋)将死(对方的王棋) 2. 制止，使彻底失败,英语专业四八级词汇表
checkout,ˈtʃekaʊt,,n.,英语专业四八级词汇表
checkout,ˈtʃekaʊt,,(自助商店等的)付款台，结账处,英语专业四八级词汇表
checkpoint,ˈtʃekpɔɪnt,n.,检查哨，关卡,英语专业四八级词汇表
cheek,tʃiːk,n.,1. 面颊，脸蛋 2. 厚脸皮，没礼貌的话(行为),英语专业四八级词汇表
cheer,tʃɪə,v.,1. 使振奋，使高兴，使快慰 2. 欢呼，高呼 3. 为…喝彩，向…欢呼 n. 1. 振奋，高兴 2. 欢呼，喝彩,英语专业四八级词汇表
cheerful,ˈtʃɪəfʊl,adj.,1. 快乐的，高兴的 2. 使人愉快的，使人振奋的,英语专业四八级词汇表
cheese,tʃiːz,n.,乳酪，干酪,英语专业四八级词汇表
chef,ʃef,n.,厨师，主厨,英语专业四八级词汇表
chemical,ˈkemɪkəl,n.,化学制品 adj. 化学的,英语专业四八级词汇表
chemist,ˈkemɪst,n.,1. 化学家，化学师 2.,英语专业四八级词汇表
chemist,ˈkemɪst,,(BrE)药剂师=(AmE) druggist,英语专业四八级词汇表
chemistry,ˈkemɪstrɪ,n.,化学,英语专业四八级词汇表
"cheque, check",tʃek,n.,支票,英语专业四八级词汇表
cherish,ˈtʃerɪʃ,v.,1. 珍爱 2. 抱有(希望)，怀有(感情),英语专业四八级词汇表
cherry,ˈtʃerɪ,n.,樱桃，樱桃树,英语专业四八级词汇表
chess,tʃes,n.,国际象棋,英语专业四八级词汇表
chest,tʃest,n.,1. 胸膛 2. 箱子，柜子，盒子,英语专业四八级词汇表
chestnut,ˈtʃesnʌt,n.,1. 栗子 2. 栗树，栗木,英语专业四八级词汇表
chew,tʃuː,v.,1. 咀嚼，嚼碎 2. 深思，回味，体味(某事物),英语专业四八级词汇表
chic,ʃiːk,n.,&adj. 别致(的)，时髦(的)，讲究(的),英语专业四八级词汇表
chick,tʃɪk,n.,雏鸡，小鸡,英语专业四八级词汇表
chicken,ˈtʃɪkɪn,n.,1. 小鸡，鸡，家禽 2. 鸡肉,英语专业四八级词汇表
chief,tʃiːf,adj.,1. 主要的，首要的 2. 首席的，主任的  n. 1. 首领，领袖  2. 主任，首长 3. 头目，头子,英语专业四八级词汇表
chiefly,ˈtʃiːflɪ,adv.,主要地，首要地，尤其,英语专业四八级词汇表
chieftain,ˈtʃiːftən,n.,酋长，首领,英语专业四八级词汇表
child,tʃaɪld,,(pl children)  n. 1. 孩子，儿童 2. 产物 || be with child怀孕 /be child’s play容易之极,英语专业四八级词汇表
childhood,ˈtʃaɪldhʊd,n.,幼年(时代)，童年,英语专业四八级词汇表
childish,ˈtʃaɪldɪʃ,adj.,1. 孩子的，孩子所特有的 2. 幼稚的，傻气的,英语专业四八级词汇表
chill,tʃɪl,n.,1. 寒冷，寒气 2. 寒战，寒意 v. 1. 使变冷， 使感到寒冷 2. 使寒心，使扫兴,英语专业四八级词汇表
chilli,ˈtʃɪlɪ,n.,辣椒的一种，辣酱,英语专业四八级词汇表
chilly,ˈtʃɪlɪ,adj.,凉飕飕的,英语专业四八级词汇表
chime,tʃaɪm,n.,钟声 v. 1. 发出钟声，奏出和谐的音调 2. 符合，协调，一致 || chime in with sth符合某事,英语专业四八级词汇表
chimney,ˈtʃɪmnɪ,n.,烟囱，烟筒,英语专业四八级词汇表
chimpanzee,ˌtʃɪmpənˈziː,,n.,英语专业四八级词汇表
chimpanzee,ˌtʃɪmpənˈziː,,(非洲的)黑猩猩,英语专业四八级词汇表
chin,ˈtʃɪn,n.,颇，下巴,英语专业四八级词汇表
china,ˈtʃaɪnə,n.,瓷器，陶器,英语专业四八级词汇表
Chinese,ˌtʃaɪˈniːz,n.,1. 中国人 2. 汉语 adj. 1. 中国的  2. 中国人的 3. 汉语的,英语专业四八级词汇表
chip,tʃɪp,n.,碎片，薄片,英语专业四八级词汇表
chirp,tʃɜːp,,v.,英语专业四八级词汇表
chirp,tʃɜːp,,(小鸟等)唧唧叫，啁啾,英语专业四八级词汇表
chisel,ˈtʃɪzl,n.,凿子 v. 用凿子刻、雕、凿,英语专业四八级词汇表
chivalry,ˈʃɪvəlrɪ,n.,1.,英语专业四八级词汇表
chivalry,ˈʃɪvəlrɪ,,(中世纪)骑士制度，骑士精神 2. 骑士风度 3.,英语专业四八级词汇表
chivalry,ˈʃɪvəlrɪ,,(男士对女性)彬彬有礼，男士风度,英语专业四八级词汇表
chlorophyll,ˈklɒrəfɪl,n.,叶绿素 chloroplast [ˈklɒ:rəplæst] n. 叶绿体,英语专业四八级词汇表
chocolate,ˈtʃɒklət,n.,巧克力 adj. 1. 巧克力的 2. 巧克力色，赭色的,英语专业四八级词汇表
choice,ˈtʃɔɪs,n.,1. 选择，抉择 2. 被选中的东西，入选者，精华 3. 供选择的种类  adj. 精选的，上等的,英语专业四八级词汇表
choir,ˈkwaɪə,n.,1.,英语专业四八级词汇表
choir,ˈkwaɪə,,(教堂里的)唱诗班 2. 唱诗班的席位,英语专业四八级词汇表
choke,tʃəʊk,v.,1. 使窒息，窒息，噎住 2. 使塞住不通 3. 抑制，使不能出声,英语专业四八级词汇表
cholera,ˈkɒlərə,n.,霍乱(病),英语专业四八级词汇表
cholesterol,kəˈlestərɒl,n.,胆固醇,英语专业四八级词汇表
choose,tʃuːz,v.,1. 选择，挑选 2. 决定，愿意，偏要,英语专业四八级词汇表
chop,tʃɒp,v.,劈，砍，剁碎  n. 一片肉，肉排,英语专业四八级词汇表
choppy,ˈtʃɒpɪ,adj.,波涛汹涌的,英语专业四八级词汇表
chopsticks,ˈtʃɒpstɪks,n.,筷子,英语专业四八级词汇表
choral,ˈkɔːrəl,adj.,唱诗班的，合唱团的,英语专业四八级词汇表
chord,kɔːd,n.,1. 和弦，和音 2.,英语专业四八级词汇表
chord,kɔːd,,(几何的)弦,英语专业四八级词汇表
chore,tʃɔː,n.,杂务，单调乏味的例行工作,英语专业四八级词汇表
choreography,ˌkɒrɪˈɒɡrəfɪ,n.,舞蹈编排，舞蹈艺术,英语专业四八级词汇表
chorus,ˈkɔːrəs,n.,合唱，合唱队，歌舞团 || in chorus齐声，一齐 v. 合唱，异口同声地说,英语专业四八级词汇表
Christ,kraɪst,n.,基督，耶稣,英语专业四八级词汇表
christen,ˈkrɪsən,v.,1. 为…施洗礼，(洗礼时)给…命名  2. 为(船只等)举行仪式命名  3. 首次使用,英语专业四八级词汇表
Christianity,ˌkrɪstɪˈænətɪ,n.,基督教,英语专业四八级词汇表
Christmas,ˈkrɪsməs,n.,圣诞节,英语专业四八级词汇表
chrome,krəʊm,n.,铬，铬钢,英语专业四八级词汇表
chromosome,ˈkrəʊməsəʊm,n.,染色体,英语专业四八级词汇表
chronic,ˈkrɒnɪk,adj.,1.,英语专业四八级词汇表
chronic,ˈkrɒnɪk,,(病症)长期未愈的，慢性的 2. 极坏的，极差的,英语专业四八级词汇表
chronicle,krɒnɪkl,n.,编年史，年代记 v. 把…载入编年史，记载,英语专业四八级词汇表
chronological,ˌkrɒnəˈlɒdʒɪkəl,adj.,按年月顺序排列的,英语专业四八级词汇表
chronology,krəˈnɒlədʒɪ,n.,1. 年代 2. 编年表,英语专业四八级词汇表
chrysanthemum,krɪˈsænθəməm,n.,菊(花),英语专业四八级词汇表
chubby,ˈtʃʌbɪ,adj.,圆胖丰满的，稍胖的,英语专业四八级词汇表
chuck,tʃʌk,v.,. 1. 抛掷，投掷 2. 放弃，抛弃,英语专业四八级词汇表
chuckle,ˈtʃʌkl,v.,轻声地笑，窃笑,英语专业四八级词汇表
chum,tʃʌm,n.,好友，密友,英语专业四八级词汇表
chunk,tʃʌŋk,n.,厚厚一片，大块,英语专业四八级词汇表
church,ˈtʃɜːtʃ,n.,1. 教堂，礼拜堂 2. 教会，教派 3. 神职 4. 礼拜 || at church做礼拜,英语专业四八级词汇表
churchyard,ˈtʃəːtʃjɑːd,n.,教堂墓地,英语专业四八级词汇表
churlish,ˈtʃəːlɪʃ,adj.,脾气坏的，粗暴的,英语专业四八级词汇表
churn,tʃɜːn,n.,搅乳器 v. 剧烈搅动，(波浪)翻腾,英语专业四八级词汇表
cider,ˈsaɪdə,n.,苹果汁，苹果酒,英语专业四八级词汇表
cigar,sɪˈɡɑː,n.,雪茄烟,英语专业四八级词汇表
cigarette,ˌsɪɡəˈret,n.,纸烟，香烟，卷烟,英语专业四八级词汇表
cinder,ˈsɪndə,n.,煤渣，煤屑，矿渣，熔渣,英语专业四八级词汇表
cinema,ˈsɪnəmɑː,n.,1. 电影院 2. 电影艺术，电影业  || go to the cinema看电影,英语专业四八级词汇表
circle,ˈsɜːkl,n.,1. 圆，圈，环状物 2.,英语专业四八级词汇表
circle,ˈsɜːkl,,(具有共同兴趣、利益的人们所形成的)圈子，小组，集团  v. 环绕，环行，围,英语专业四八级词汇表
circuit,ˈsɜːkɪt,n.,1. 巡回，环行 2. 电路,英语专业四八级词汇表
circular,ˈsɜːkjʊlə,adj.,圆形的，环形的,英语专业四八级词汇表
circulate,ˈsɜːkjʊleɪt,v.,1.,英语专业四八级词汇表
circulate,ˈsɜːkjʊleɪt,,(使)循环 2. 散布，流动 3. 流通，流动，巡回,英语专业四八级词汇表
circulation,ˌsɜːkjʊˈleɪʃən,n.,1. 循环 2. 流通，流传 3.,英语专业四八级词汇表
circulation,ˌsɜːkjʊˈleɪʃən,,(报纸、书刊的)销售量,英语专业四八级词汇表
circumference,səˈkʌmfərəns,n.,圆周，周长,英语专业四八级词汇表
circumstance,ˈsɜːkəmstəns,n.,1.,英语专业四八级词汇表
circumstance,ˈsɜːkəmstəns,,(pl)情况，情形，环境  2.,英语专业四八级词汇表
circumstance,ˈsɜːkəmstəns,,(pl)境况，境遇 || under the circumstances在那种情况下 /,英语专业四八级词汇表
circumstance,ˈsɜːkəmstəns,under,no circumstance无论如何,英语专业四八级词汇表
circumstantial,ˌsɜːkəmˈstænʃəl,adj.,1.,英语专业四八级词汇表
circumstantial,ˌsɜːkəmˈstænʃəl,,(指描述)详细的 2.,英语专业四八级词汇表
circumstantial,ˌsɜːkəmˈstænʃəl,,(指证据)有充分细节却无法证实的,英语专业四八级词汇表
circumvent,ˌsɜːkəmˈvent,v.,绕过，巧妙地回避，设法回避,英语专业四八级词汇表
circus,ˈsɜːkəs,n.,1.,英语专业四八级词汇表
circus,ˈsɜːkəs,,(圆形的)马戏场，杂技团 2. 马戏(杂技)的表演 3. 马戏团,英语专业四八级词汇表
cite,saɪt,v.,引用，引证，举(例),英语专业四八级词汇表
citizen,ˈsɪtɪzn,n.,1. 公民 2. 市民,英语专业四八级词汇表
citizenship,ˈsɪtɪzənʃɪp,n.,公民资格，公民身份,英语专业四八级词汇表
city,ˈsɪtɪ,n.,城市,英语专业四八级词汇表
civic,ˈsɪvɪk,adj.,城市的，都市的，市民的，公民的,英语专业四八级词汇表
civil,ˈsɪvəl,adj.,1. 市民的，公民的 2. 非军职的,英语专业四八级词汇表
civilian,sɪˈvɪlɪən,n.,&adj. 平民，平民的,英语专业四八级词汇表
civilisation，civilization,ˌsɪvəlaɪˈzeɪʃən,n.,文明，文化,英语专业四八级词汇表
"civilise, civilize",ˈsɪvəlaɪz,v.,1. 使文明，使开化 2. 教化，教育,英语专业四八级词汇表
clad,klæd,adj.,穿着衣服的，被覆盖的,英语专业四八级词汇表
claim,kleɪm,v.,1.,英语专业四八级词汇表
claim,kleɪm,,(根据权利)要求，认领，索取 2. 声称，主张 n. 1.,英语专业四八级词汇表
claim,kleɪm,,(根据权利而提出的)要求 2.,英语专业四八级词汇表
claim,kleɪm,,(对某事物的)权利，所有权,英语专业四八级词汇表
claimant,ˈkleɪmənt,n.,申请者，要求者，索赔人,英语专业四八级词汇表
clam,klæm,n.,蛤(肉)，蚌,英语专业四八级词汇表
clamber,ˈklæmbə,n.,攀登，爬,英语专业四八级词汇表
"clamour, clamor",ˈklæmə,n.,吵闹，喧哗，叫喊  v. 喧嚷，叫嚣，大声呼喊,英语专业四八级词汇表
clamp,klæmp,n.,钳，夹子 v. 钳紧，夹住,英语专业四八级词汇表
clan,klæn,n.,氏族，家族，宗派,英语专业四八级词汇表
clandestine,klænˈdestɪn,adj.,秘密的，保密的，暗中的,英语专业四八级词汇表
clang,klæŋ,v.,发出叮当声,英语专业四八级词汇表
clap,klæp,v.,1. 拍，轻拍 2. 拍手 n. 霹雳声，破裂声,英语专业四八级词汇表
clarify,ˈklærɪfaɪ,v.,澄清，阐明，弄明白,英语专业四八级词汇表
clarity,ˈklærətɪ,n.,清晰，明晰,英语专业四八级词汇表
clash,klæʃ,v.,1. 冲突，交锋，产生矛盾 2. 发出金属的撞击声  n. 冲突，不一致,英语专业四八级词汇表
clasp,klɑːsp,v.,1. 扣住，扣紧，钩住 2. 拥抱，抱紧 3. 紧握  n. 1. 扣子，钩子 2. 拥抱，紧握,英语专业四八级词汇表
class,klɑːs,n.,1.,英语专业四八级词汇表
class,klɑːs,,(学校的)班级 2. 等级 3. 阶级 4.,英语专业四八级词汇表
class,klɑːs,,(一节)课  v. 把…划分为类别,英语专业四八级词汇表
classic,ˈklæsɪk,adj.,1.,英语专业四八级词汇表
classic,ˈklæsɪk,,(文学、艺术等)第一流的，最优秀的，规范的 2. 古典(指古罗马  或古希腊文艺)的，古典派的 3. 在文学史(历史上)著名的 n. 1. 文豪，大艺术家 2. 杰作，名著 3.,英语专业四八级词汇表
classic,ˈklæsɪk,,(pl)经典(著作)，(古罗马或古希腊的)经典著作,英语专业四八级词汇表
classical,ˈklæsɪkəl,adj.,1. 古典的 2. 传统的，正统的，经典的,英语专业四八级词汇表
classification,ˌklæsɪfɪˈkeɪʃən,n.,1. 分类，分级 2. 分类法 3. 类别，等级,英语专业四八级词汇表
classified,ˈklæsɪfaɪd,adj.,1. 分类的，被归入类别的 2.,英语专业四八级词汇表
classified,ˈklæsɪfaɪd,,(政府情报等)机密的，保密的,英语专业四八级词汇表
classify,ˈklæsɪfaɪ,v.,1. 把…分类，把(货物等)分等级  2. 把…归入一类 3. 确定…为机密,英语专业四八级词汇表
classmate,ˈklɑːsmeɪt,n.,同学，同班同学,英语专业四八级词汇表
classroom,ˈklɑːsruːm,n.,教室,英语专业四八级词汇表
clatter,ˈklætə,v.,发出哗啦声，发出碰撞声,英语专业四八级词汇表
clause,klɔːz,n.,1. 子句，从句 2.,英语专业四八级词汇表
clause,klɔːz,,(合同、法例等)条款,英语专业四八级词汇表
claustrophobia,ˌklɔːstrəˈfəʊbɪə,n.,幽闭恐怖(症),英语专业四八级词汇表
claw,klɔː,,n.,英语专业四八级词汇表
claw,klɔː,,(鸟兽的)爪,英语专业四八级词汇表
clay,kleɪ,n.,粘土，泥土,英语专业四八级词汇表
clean,kliːn,adj.,1. 清洁的，干净的 2. 清白的，纯洁的 || do a clean job干得很出色 v. 弄干净，打扫 || clean out打扫干净，清除 /clean up收拾，整理干净,英语专业四八级词汇表
cleaner,ˈkliːnə,n.,1. 做清扫工作的人(物) 2.,英语专业四八级词汇表
cleaner,ˈkliːnə,,(pl. )洗衣店,英语专业四八级词汇表
cleanse,ˈklenz,v.,使清洁，净化，使纯洁,英语专业四八级词汇表
clear,klɪə,adj.,"1. 明确的，清楚的，明白的 2. 清晰的，清澈的 3. 晴朗 4. 畅通无阻的||keep clear of避开 /make clear表明，讲清楚 v. 1. 清除，扫清 2. 澄清 3. 通过 4. 偿清(债务),办完(手续) ||clear up①(天)放晴②澄清",英语专业四八级词汇表
clearance,ˈklɪərəns,n.,1. 清除，清理 2. 许可(证)，批准 || a clearance sale (商店)清仓大贱卖,英语专业四八级词汇表
clearway,ˈklɪəweɪ,n.,遇障方可停车的道路,英语专业四八级词汇表
cleavage,ˈkliːvɪdʒ,n.,裂缝，分裂,英语专业四八级词汇表
cleave,kliːv,v.,劈开，砍开,英语专业四八级词汇表
clench,klentʃ,v.,1. 握紧(拳头等)，咬紧(牙关)  2. 捏紧，抓牢,英语专业四八级词汇表
clergy,ˈklɜːdʒɪ,n.,牧师，神职人员,英语专业四八级词汇表
clergyman,ˈklɜːdʒɪmən,,(pl clergymen) n.,英语专业四八级词汇表
clergyman,ˈklɜːdʒɪmən,,(基督教的)教士(牧师),英语专业四八级词汇表
clerk,klɑːk,n.,1. 职员，办事员，书记员  2. 管理员 3.,英语专业四八级词汇表
clerk,klɑːk,,(AmE)店员,英语专业四八级词汇表
clever,ˈklevə,adj.,1. 聪明的，善于学习的 2. 灵巧的，机敏的 || be clever at擅长于/be clever with善于使用,英语专业四八级词汇表
cliche,ˈkliːʃeɪ,n.,陈词滥调,英语专业四八级词汇表
click,klɪk,,n.,英语专业四八级词汇表
click,klɪk,,(摄影机等的)卡嗒声  v. 1. 发出卡嗒声  2. 露出端倪，顿悟 3. 成功,英语专业四八级词汇表
client,ˈklaɪənt,n.,1. 委托人，(律师的)当事人，(私人医生的)病人 2.,英语专业四八级词汇表
client,ˈklaɪənt,,(商店等)顾客,英语专业四八级词汇表
cliff,klɪf,n.,悬崖绝壁,英语专业四八级词汇表
climactic,klaɪˈmæktɪk,adj.,高潮的，巅峰的，顶点的,英语专业四八级词汇表
climate,ˈklaɪmɪt,n.,1. 气候  2. 一般(社会)趋势，(社会)风气,英语专业四八级词汇表
climb,klaɪm,v.,攀登，爬上，升 n. 攀登，爬(山等),英语专业四八级词汇表
clinch,klɪntʃ,v.,1. 钉牢 2. 解决，确定，决定 3.,英语专业四八级词汇表
clinch,klɪntʃ,,(拳击)扭住(对方)，互相扭住,英语专业四八级词汇表
cling,klɪŋ,v.,1. 粘住，缠住  2. 依附，依靠 3. 紧紧握住，紧紧抱住,英语专业四八级词汇表
clinic,ˈklɪnɪk,n.,1. 诊所，门诊所 2. 医务室,英语专业四八级词汇表
clinical,ˈklɪnɪkəl,adj.,1. 诊所的，医院的，临床的 2.,英语专业四八级词汇表
clinical,ˈklɪnɪkəl,,(态度等)冷静的，客观的,英语专业四八级词汇表
cloak,kləʊk,n.,1. 大警，斗篷 2. 掩饰，藉口,英语专业四八级词汇表
clock,klɒk,n.,"钟 || around the clock日以继夜地 [put the clock back,",英语专业四八级词汇表
clock,klɒk,turn,the clock back把时针拨回，复旧] work against the clock拼命赶时间，抢在时间前面(做某项工作)  v. 给…记时间,英语专业四八级词汇表
clockwise,ˈklɒkwaɪz,adv.,顺时针方向地,英语专业四八级词汇表
clog,klɒɡ,n.,木底鞋，木屐,英语专业四八级词汇表
clone,kləʊn,,n.,英语专业四八级词汇表
clone,kləʊn,,(动植物)无性繁殖系，纯种细胞 v.,英语专业四八级词汇表
clone,kləʊn,,(使某物)无性繁殖，克隆,英语专业四八级词汇表
close,kləʊs,v.,关上，关闭  n. 结束，末尾 adj. 1. 关闭的 2. 紧密的 3. 周密 4. 气闷的 adv. 靠近，挨近，接近,英语专业四八级词汇表
closely,ˈkləʊslɪ,adv.,1. 细心地，严密地  2. 紧密地，紧紧地 3. 密切地，亲密地,英语专业四八级词汇表
closet,ˈklɒzɪt,n.,1. 橱柜  2. 私室，小房间 3. 盥洗室，厕所,英语专业四八级词汇表
closure,ˈkləʊʒə,n.,关闭，终止，结束,英语专业四八级词汇表
clot,klɒt,n.,凝块,英语专业四八级词汇表
cloth,klɒθ,n.,布，织物，衣料,英语专业四八级词汇表
clothes,kləʊðz,n.,衣服,英语专业四八级词汇表
clothing,ˈkləʊðɪŋ,n.,衣服,英语专业四八级词汇表
cloud,klaʊd,n.,1. 云朵，云 2. 一阵，一大群 v. 被(云)遮住，使模糊,英语专业四八级词汇表
cloudy,ˈkləʊdɪ,adj.,多云，有云的,英语专业四八级词汇表
clout,klaʊt,n.,1. 敲，打 2. 影响力，势力 v. 敲击，掌击,英语专业四八级词汇表
clown,klaʊn,n.,1. 小丑，丑角 2. 粗鲁、笨拙的人,英语专业四八级词汇表
club,klʌb,n.,1. 俱乐部，夜总会 2. 棍棒，球棒 v. 用棍棒打,英语专业四八级词汇表
clue,kluː,n.,线索,英语专业四八级词汇表
clump,klʌmp,n.,树丛，草丛 v. 用沉重的脚步行走,英语专业四八级词汇表
clumsy,ˈklʌmzɪ,adj.,笨拙的，粗俗的,英语专业四八级词汇表
cluster,ˈklʌstə,n.,一串，一束，一簇，一群，一组  v. 使成群，把…集成一束(一组)，群集，丛生,英语专业四八级词汇表
clutch,klʌtʃ,v.,抓住，攫住  n. 1.,英语专业四八级词汇表
clutch,klʌtʃ,,(pl)爪子，毒手，控制 2.,英语专业四八级词汇表
clutch,klʌtʃ,,(一把)抓住，攫住,英语专业四八级词汇表
clutter,ˈklʌtə,v.,弄乱，把…弄得杂乱 n. 零乱，杂乱,英语专业四八级词汇表
coach,kəʊtʃ,n.,1. 四轮大马车 2. 长途公共汽车 3.,英语专业四八级词汇表
coach,kəʊtʃ,,(铁路上的)客车 4. 教练，指导 v. 1. 训练，指导，辅导 2. 当教练,英语专业四八级词汇表
coal,kəʊl,n.,煤,英语专业四八级词汇表
coalition,ˌkəʊəˈlɪʃən,n.,政党的联盟，联合,英语专业四八级词汇表
coarse,kɔːs,adj.,1. 粗的，粗糙的，粗劣的 2.,英语专业四八级词汇表
coarse,kɔːs,,(举动等)粗鲁的，粗暴的，粗俗的,英语专业四八级词汇表
coast,kəʊst,n.,海岸，海滨,英语专业四八级词汇表
coastal,ˈkəʊstəl,adj.,海岸的，近海的,英语专业四八级词汇表
coastline,ˈkəʊstlaɪn,n.,海岸线,英语专业四八级词汇表
coat,kəʊt,n.,1. 上衣 2. 一层(油漆等),英语专业四八级词汇表
coax,ˈkəʊks,v.,1. 哄诱，劝诱 2. 用诱哄得到，诱取,英语专业四八级词汇表
cobble,ˈkɒbl,,n.,英语专业四八级词汇表
cobble,ˈkɒbl,,(铺路的)鹅卵石 v. 1. 修补(鞋)  2. 粗制滥造,英语专业四八级词汇表
cobbler,ˈkɒblə,n.,补鞋匠,英语专业四八级词汇表
cobra,ˈkəʊbrə,n.,眼镜蛇,英语专业四八级词汇表
cobweb,ˈkɒbweb,n.,蜘蛛网，蛛丝,英语专业四八级词汇表
cocaine,kəʊˈkeɪn,n.,可卡因,英语专业四八级词汇表
cock,kɒk,n.,公鸡,英语专业四八级词汇表
cockroach,ˈkɒkrəʊtʃ,n.,蟑螂，曱甴,英语专业四八级词汇表
cocktail,ˈkɒkteɪl,n.,1. 鸡尾酒 2. 开胃食品 adj. 鸡尾酒的 || cocktail party鸡尾酒会,英语专业四八级词汇表
cocky,ˈkɒkɪ,adj.,自以为是的，骄傲自大的,英语专业四八级词汇表
cocoa,ˈkəʊkəʊ,n.,可可，可可粉，可可饮料,英语专业四八级词汇表
coconut,ˈkəʊkənʌt,n.,椰子,英语专业四八级词汇表
cod,kɒd,n.,鳕鱼,英语专业四八级词汇表
coddle,ˈkɒdl,v.,娇养，溺爱,英语专业四八级词汇表
code,kəʊd,n.,1. 法典，法规 2. 信号，暗码,英语专业四八级词汇表
co-ed,ˈkəʊˈed,,n.,英语专业四八级词汇表
co-ed,ˈkəʊˈed,,(男女同校的)女生 adj. 男女同校的,英语专业四八级词汇表
coefficient,ˌkəʊɪˈfɪʃənt,n.,系数，率,英语专业四八级词汇表
coerce,kəʊˈɜːs,v.,强制(胁迫)某人做某事,英语专业四八级词汇表
coercion,kəʊˈɜːʃən,n.,强迫，胁迫，被迫,英语专业四八级词汇表
coexist,kəʊɪɡˈzɪst,v.,共存，并存,英语专业四八级词汇表
coffee,ˈkɒfɪ,n.,咖啡,英语专业四八级词汇表
coffin,ˈkɒfɪn,n.,棺，枢,英语专业四八级词汇表
cog,kɒɡ,n.,1.,英语专业四八级词汇表
cog,kɒɡ,,(齿轮的)轮牙，轮齿 2. 不重要的但不可少的人,英语专业四八级词汇表
cognitive,ˈkɒɡnɪtɪv,adj.,认识(力)的，认知的,英语专业四八级词汇表
coherent,kəʊˈhɪərənt,,adj.,英语专业四八级词汇表
coherent,kəʊˈhɪərənt,,(言语、思想等)有条理的，连贯的,英语专业四八级词汇表
cohesive,kəʊˈhiːsɪv,adj.,凝聚的，凝结的,英语专业四八级词汇表
coil,kɔɪl,v.,1.,英语专业四八级词汇表
coil,kɔɪl,,(使)盘绕; 卷起 2. 线圈,英语专业四八级词汇表
coin,kɔɪn,n.,硬币,英语专业四八级词汇表
coinage,ˈkɔɪnɪdʒ,n.,1. 造币，铸币 2. 创造新词 3. 新造的词语,英语专业四八级词汇表
coincide,ˌkəʊɪnˈsaɪd,v.,1. 同时发生 2. 一致，不谋而合,英语专业四八级词汇表
coincidence,kəʊˈɪnsɪdəns,n.,巧合，巧事,英语专业四八级词汇表
coke,kəʊk,n.,焦炭，焦煤,英语专业四八级词汇表
cola,ˈkəʊlə,n.,1. 可乐果树  2. 可乐饮料 || Coca Cola可口可乐,英语专业四八级词汇表
cold,kəʊld,adj.,1. 冷(的) 2. 冷淡的  || give sb the cold shoulder冷淡地对待某人 [in cold blood残酷无情地] pour cold water on，throw cold water on浇冷水使某人泄气 n. 1. 伤风，感冒 2. 寒冷的天气，寒冷 || catch (a) cold伤风，感冒,英语专业四八级词汇表
collaborate,kəˈlæbəreɪt,v.,1. 合作，协力 2.,英语专业四八级词汇表
collaborate,kəˈlæbəreɪt,,(与敌人)勾结,英语专业四八级词汇表
collaboration,kəˌlæbəˈreɪʃən,n.,1. 合作，协作 2. 勾结,英语专业四八级词汇表
collapse,kəˈlæps,v.,1. 崩溃，倒塌 2. 病倒，衰败 n. 1. 崩溃 2. 衰败,英语专业四八级词汇表
collar,ˈkɒlə,n.,1. 衣领，硬领 2.,英语专业四八级词汇表
collar,ˈkɒlə,,(狗等的)脖圈，颈圈,英语专业四八级词汇表
collate,kəˈleɪt,v.,1.,英语专业四八级词汇表
collate,kəˈleɪt,,(仔细)核对，对照，校勘 2.,英语专业四八级词汇表
collate,kəˈleɪt,,(书籍装订前)整理,英语专业四八级词汇表
colleague,ˈkɒliːɡ,n.,同事，同僚,英语专业四八级词汇表
collect,kəˈlekt,v.,1. 收集，搜集，采集，收(租税，账等) 2. 聚集，堆积 3. 募捐 4. 领取，接走,英语专业四八级词汇表
collection,kəˈlekʃən,n.,1. 收藏品，收集物 2. 收集，采集，搜集 3. 收款，募捐，捐款,英语专业四八级词汇表
collective,kəˈlektɪv,adj.,集体的，共同的，集体主义的 n. 集体，集体事业，全体人员,英语专业四八级词汇表
collector,kəˈlektə,n.,1. 收藏家，采集者，搜集者 2. 征收员,英语专业四八级词汇表
college,ˈkɒlɪdʒ,n.,1. 学院 2. 高等专科学校,英语专业四八级词汇表
collegiate,kəˈliːdʒɪət,adj.,学院的，大学的，高等学校(学生)的  n. 高等学校学生,英语专业四八级词汇表
collide,kəˈlaɪd,v.,1.,英语专业四八级词汇表
collide,kəˈlaɪd,,(车、船等)猛撞 2. 冲突,英语专业四八级词汇表
collision,kəˈlɪʒən,n.,碰撞，冲突,英语专业四八级词汇表
colloquial,kəˈləʊkwɪəl,adj.,口语的，会话的，通俗的,英语专业四八级词汇表
collude,kəˈluːd,v.,共谋，勾结，串通,英语专业四八级词汇表
collusion,kəˈluːʒən,n.,共谋，勾结,英语专业四八级词汇表
colonel,ˈkɜːnəl,,n.,英语专业四八级词汇表
colonel,ˈkɜːnəl,,(BrE)陆军(海军陆战队)上校，(AmE)陆军(空军、海军陆战队)上校,英语专业四八级词汇表
colonial,kəˈləʊnɪəl,adj.,1. 殖民地的，关于殖民地的 2.,英语专业四八级词汇表
colonial,kəˈləʊnɪəl,,(cap)(美国独立前)十三州时代的，美国初期的 3. 拥有殖民地的,英语专业四八级词汇表
colonialist,kəˈləʊnɪəlɪst,n.,殖民主义者 adj. 殖民主义的,英语专业四八级词汇表
colonize,ˈkɒlənaɪz,v.,在…开拓殖民地，殖民于,英语专业四八级词汇表
colony,ˈkɒlənɪ,n.,殖民地,英语专业四八级词汇表
colossal,kəˈlɒsəl,adj.,巨大的，庞大的,英语专业四八级词汇表
colossus,kəˈlɒsəs,n.,巨人，巨物,英语专业四八级词汇表
"colour, color",ˈkʌlə,n.,1. 颜色，脸色，色彩 2.,英语专业四八级词汇表
"colour, color",ˈkʌlə,,(pl)旗帜 v. 着色，染上颜色,英语专业四八级词汇表
colourful,ˈkʌləfʊl,adj.,1. 颜色鲜艳的，富于色彩的 2. 丰富多彩的，富有趣味的,英语专业四八级词汇表
colourless,ˈkʌləlɪs,adj.,1. 无色的 2. 无血色的，苍白的 3. 无特色的，平淡无奇的，无趣味的 4. 无偏见的，不偏不倚的,英语专业四八级词汇表
colt,kəʊlt,n.,小雄马，驹,英语专业四八级词汇表
column,ˈkɒləm,n.,1. 柱，支柱，柱状物 2.,英语专业四八级词汇表
column,ˈkɒləm,,(报刊等中的)专栏 3. 纵队，小分(遣)队,英语专业四八级词汇表
columnist,ˈkɒləmnɪst,n.,专栏作家,英语专业四八级词汇表
coma,ˈkəʊmə,n.,昏迷，昏厥,英语专业四八级词汇表
comb,kəʊm,n.,1. 梳子 2. 鸡冠 v. 梳理(头发),英语专业四八级词汇表
combat,ˈkɒmbæt,n.,1. 战斗，格斗，反对 2. 竞争 v. 跟…战斗，反对,英语专业四八级词汇表
combatant,ˈkɒmbətənt,n.,参加战斗者，战斗员,英语专业四八级词汇表
combination,ˌkɒmbɪˈneɪʃən,n.,1. 结合，联合，混合，组合 2. 团体，结合体，混合体 3.,英语专业四八级词汇表
combination,ˌkɒmbɪˈneɪʃən,,(开暗码锁的)组合数码(字码)，暗码,英语专业四八级词汇表
combine,kəmˈbaɪn,v.,1. 使结合，使联合 2. 合并 3. 使化合 n. 1. 联合企业 2. 联合收割机(=combine harvester),英语专业四八级词汇表
combustible,kəmˈbʌstəbl,adj.,易燃的，易着火的,英语专业四八级词汇表
combustion,kəmˈbʌstʃən,n.,燃烧，点火,英语专业四八级词汇表
come,kʌm,v.,1. 来 2. 到来，到达 3. 发生，开始 4. 变得  || come about发生，形成 [come across碰到，找到] come by得到 [come down下降，跌价] come forward站出来 [come from来自，是(某地)的人] come off成功 [come out ①出版②开花，发芽③结果] come round①恢复知觉②(又一度)到来 [come up①引起注意，考虑到②发生③ 走近，走到跟前] come up against遭到 [come upon(偶然)遇见，碰上，发现] come up to及得上，不亚于 /come up with想出(计划、答复等)，提出,英语专业四八级词汇表
comedian,kəˈmiːdɪən,n.,1. 喜剧演员，喜剧作家 2. 丑角式人物,英语专业四八级词汇表
comedy,ˈkɒmədɪ,n.,1. 喜剧，喜剧因素 2. 喜剧场面，喜剧性事件 3. 喜剧作品,英语专业四八级词汇表
comet,ˈkɒmɪt,n.,彗星,英语专业四八级词汇表
comfort,ˈkʌmfət,n.,1. 安慰 2. 舒适，安逸 v. 安慰，使舒适,英语专业四八级词汇表
comfortable,ˈkʌmftəbl,adj.,1. 安慰的 2. 舒适的，轻松自在的,英语专业四八级词汇表
comic,ˈkɒmɪk,adj.,滑稽的，喜剧化的  || comic strip连环漫画,英语专业四八级词汇表
comma,ˈkɒmə,n.,逗号,英语专业四八级词汇表
command,kəˈmɑːnd,v.,1. 指挥，统帅 2. 命令 3. 控制，对…有支配权，拥有…(可供使用) 4. 俯瞰 n. 1. 统帅(地位)，指挥(权) 2. 命令 3. 运用能力 || in command (of)指挥，控制 /take command of (开始)指挥,英语专业四八级词汇表
commander,kəˈmɑːndə,n.,1. 海军中校 2. 司令官，指挥官,英语专业四八级词汇表
commandment,kəˈmɑːndmənt,n.,戒律，圣诫,英语专业四八级词汇表
commemorate,kəˈmeməreɪt,v.,庆祝，纪念,英语专业四八级词汇表
commence,kəˈmens,v.,开始,英语专业四八级词汇表
commend,kəˈmend,v.,1称赞，赞扬 2. 委托，托付,英语专业四八级词汇表
commendation,ˌkɒmenˈdeɪʃən,n.,1. 赞扬，称颂 2. 奖状，荣誉,英语专业四八级词汇表
commensurate,kəˈmenʃərɪt,adj.,相称的，相等的，恰当的,英语专业四八级词汇表
comment,ˈkɒment,n.,& v. 评价，评论,英语专业四八级词汇表
commentary,ˈkɒməntrɪ,n.,1.,英语专业四八级词汇表
commentary,ˈkɒməntrɪ,,(对书籍等的)评语，评注，评论 2. 实况报道,英语专业四八级词汇表
commentate,ˈkɒmenteɪt,vi.,作实况报道，评述,英语专业四八级词汇表
commentator,ˈkɒmənteɪtə,n.,1. 注释者，解说者 2. 实况转播评论员，新闻广播员,英语专业四八级词汇表
commerce,ˈkɒmɜːs,n.,商业，贸易,英语专业四八级词汇表
commercial,kəˈmɜː ʃəl,adj.,商业(上)的，商务的 n. 电台(电视)中的广告节目,英语专业四八级词汇表
commission,kəˈmɪʃən,n.,1. 委任，代办(权) 2. 委任状，委任职权 3. 委员会 4. 佣金  v. 委任，委托,英语专业四八级词汇表
commissioner,kəˈmɪʃənə,n.,1. 专员，委员，政府特派员，高级代表 2. 地方长官，官员,英语专业四八级词汇表
commit,kəˈmɪt,v.,1. 犯(罪)  2. 委托,英语专业四八级词汇表
commitment,kəˈmɪtmənt,n.,1. 信奉，献身 2. 承担的义务 3. 承诺，许诺，保证,英语专业四八级词汇表
committed,kəˈmɪtɪd,adj.,1. 献身的，忠诚的 2. 做出明确承诺的，表示出明确意图的,英语专业四八级词汇表
committee,kəˈmɪtɪ,n.,委员会,英语专业四八级词汇表
commodity,kəˈmɒdətɪ,n.,商品，日用品,英语专业四八级词汇表
common,ˈkɒmən,adj.,1. 普通的，常见的 2. 共同的，共用的 || in common共同，共用 n. 1.,英语专业四八级词汇表
common,ˈkɒmən,,(pl cap)下议院 2. 公用草地,英语专业四八级词汇表
commonplace,ˈkɒmənpleɪs,adj.,平凡的，常见的,英语专业四八级词汇表
commonwealth,ˈkɒmənwelθ,n.,1. 全体国民 2. 国家，共和国 3. 联邦,英语专业四八级词汇表
commune,kəˈmjuːn,n.,1. 公社 2.,英语专业四八级词汇表
commune,kəˈmjuːn,,(法国等国家)最小的行政区 v. 交换思想、意见(感受),英语专业四八级词汇表
communicable,kəˈmjuːnɪkəbl,,adj.,英语专业四八级词汇表
communicable,kəˈmjuːnɪkəbl,,(思想、感觉等)易于传达的，(疾病)可传染的,英语专业四八级词汇表
communicate,kəˈmjuːnɪkeɪt,v.,1. 传达(意见、消息等)，传播，传送 2. 传染(疾病) 3.,英语专业四八级词汇表
communicate,kəˈmjuːnɪkeɪt,,(房间)相连，相通,英语专业四八级词汇表
communication,kəˌmjuːnɪˈkeɪʃən,n.,1. 通信，通讯 2. 传达的信息 3.,英语专业四八级词汇表
communication,kəˌmjuːnɪˈkeɪʃən,,(pl)通讯系统 4. 交通，交通工具,英语专业四八级词汇表
communicative,kəˈmjuːnɪkətɪv,adj.,1. 健谈的，爱说话的 2. 交际的,英语专业四八级词汇表
communion,kəˈmjuːnɪən,n.,1.,英语专业四八级词汇表
communion,kəˈmjuːnɪən,,(信仰、思想、感情等的)交流，共享 2. 圣餐,英语专业四八级词汇表
communique,kəˈmjuːnɪkeɪ,n.,公报,英语专业四八级词汇表
communism,ˈkɒmjʊnɪzəm,n.,共产主义,英语专业四八级词汇表
communist,ˈkɒmjʊnɪst,n.,1. 共产主义者，2.,英语专业四八级词汇表
communist,ˈkɒmjʊnɪst,,(cap)共产党员 adj. 共产主义的，共产党的,英语专业四八级词汇表
community,kəˈmjuːnətɪ,n.,1. 团体，社区，(政治)共同体 2. 同一地区的全体居民，公众,英语专业四八级词汇表
commute,kəˈmjuːt,v.,1. 定时往返两地 2. 减轻(刑罚) 3. 用…交换，改变(付款)方式,英语专业四八级词汇表
compact,kəmˈpækt,adj.,1. 紧密的，结实的 2.,英语专业四八级词汇表
compact,kəmˈpækt,,(文体)简洁的，紧凑的,英语专业四八级词汇表
companion,kəmˈpænjən,n.,1. 同伴，同事 2. 志趣相同的人,英语专业四八级词汇表
companionship,kəmˈpænjənʃɪp,n.,友谊，交往，交情,英语专业四八级词汇表
company,ˈkʌmpənɪ,n.,1. 公司，商号 2. 连，连队 3. 陪伴，陪同 4. 同伴，朋友，客人,英语专业四八级词汇表
comparable,ˈkɒmpərəbl,adj.,类似的，可相比的,英语专业四八级词汇表
comparative,kəmˈpærətɪv,adj.,比较的，比较上的，相当的 n. 比较级,英语专业四八级词汇表
comparatively,kəmˈpærətɪvlɪ,adv.,比较地,英语专业四八级词汇表
compare,kəmˈpeə,v.,1. 比较，对照 2. 比喻，比作 3. 比得上，相比 || compare to 把…比作 /compare with和…比较,英语专业四八级词汇表
comparison,kəmˈpærɪsən,n.,1. 比较，对照 2. 比喻  || beyond comparison无法相比 /,英语专业四八级词汇表
comparison,kəmˈpærɪsən,in,comparison with和…相比较,英语专业四八级词汇表
compartment,kəmˈpɑːtmənt,n.,间隔(如火车车厢里的小房间),英语专业四八级词汇表
compass,ˈkʌmpəs,n.,1. 罗盘，指南针 2.,英语专业四八级词汇表
compass,ˈkʌmpəs,,(pl)圆规,英语专业四八级词汇表
compassion,kəmˈpæʃən,n.,同情，怜悯,英语专业四八级词汇表
compatible,kəmˈpætəbl,adj.,可和谐共处的，相容的，兼容的,英语专业四八级词汇表
compatriot,kəmˈpætrɪət,n.,同国人，同胞,英语专业四八级词汇表
compel,kəmˈpel,v.,强迫，强求,英语专业四八级词汇表
compensate,ˈkɒmpenseɪt,v.,补偿，酬报,英语专业四八级词汇表
compensation,ˌkɒmpenˈseɪʃən,n.,补偿，赔偿,英语专业四八级词汇表
compete,kəmˈpiːt,v.,1. 比赛 2. 竞争，对抗,英语专业四八级词汇表
competence,ˈkɒmpɪtəns,n.,能力，胜任某种工作的资格,英语专业四八级词汇表
competent,ˈkɒmpɪtənt,adj.,能干的，有资  格的,英语专业四八级词汇表
competition,ˌkɒmpɪˈtɪʃən,n.,1. 比赛 2. 竞争,英语专业四八级词汇表
competitive,kəmˈpetətɪv,adj.,1. 竞争性的，  竞争的，有竞争力的 2. 比赛的,英语专业四八级词汇表
competitor,kəmˈpetɪtə,n.,竞争者，对手，敌手,英语专业四八级词汇表
compile,kəmˈpaɪl,v.,编辑，汇编，编纂,英语专业四八级词汇表
complacency,kəmˈpleɪsnsɪ,n.,自满，沾沾自喜，自得,英语专业四八级词汇表
complacent,kəmˈpleɪsənt,adj.,自满，自得,英语专业四八级词汇表
complain,kəmˈpleɪn,v.,抱怨，叫屈，控诉,英语专业四八级词汇表
complaint,kəmˈpleɪnt,n.,1. 怨言，不满，牢骚 2. 投诉，抱怨，诉苦 3. 疾病,英语专业四八级词汇表
complement,ˈkɒmplɪmənt,n.,1. 补充物，配给物 2. 足量，足额 3. 补助语 v. 补充，补足，使完备,英语专业四八级词汇表
complementary,ˌkɒmplɪˈmentərɪ,adj.,补充的，补足的,英语专业四八级词汇表
complete,kəmˈpliːt,adj.,1. 完整的，全部的 2. 完成了的，结束的  v. 1. 完成 2. 使完整，使完备 3. 填写(表格)，填充,英语专业四八级词汇表
completely,kəmˈpliːtlɪ,adv.,完全地,英语专业四八级词汇表
complex,ˈkɒmpleks,adj.,复杂的，综合的 n. 1. 综合企业 2. 一组建筑群,英语专业四八级词汇表
complexion,kəmˈplekʃən,n.,1. 肤色，气色，面色 2. 外观，形势,英语专业四八级词汇表
complexity,kəmˈpleksətɪ,n.,1. 复杂性 2. 错综复杂的事物,英语专业四八级词汇表
compliance,kəmˈplaɪəns,n.,遵从，依照,英语专业四八级词汇表
complicate,ˈkɒmplɪkeɪt,v.,使复杂，变复杂,英语专业四八级词汇表
complicated,ˈkɒmplɪkeɪtɪd,adj.,结构复杂的，难懂的，难解的,英语专业四八级词汇表
complicity,kəmˈplɪsətɪ,n.,同谋，串通,英语专业四八级词汇表
compliment,ˈkɒmplɪmənt,n.,恭维，称赞 v. 称赞,英语专业四八级词汇表
complimentary,ˌkɒmplɪˈmentərɪ,adj.,1. 赞美的，恭维的 2. 赠送的，免费的,英语专业四八级词汇表
comply,kəmˈplaɪ,v.,同意，遵从，依从，应允,英语专业四八级词汇表
component,kəmˈpəʊnənt,adj.,组成的，合成的 n. 组成部分，成分，元件,英语专业四八级词汇表
compose,kəmˈpəʊz,v.,1. 组成，构成 2. 创作，作曲 3. 使安定，使平静,英语专业四八级词汇表
composer,kəmˈpəʊzə,n.,作曲家，创造者,英语专业四八级词汇表
composite,ˈkɒmpəzɪt,adj.,混合成的，综合成的 n. 合成物，复合材料,英语专业四八级词汇表
composition,ˌkɒmpəˈzɪʃən,n.,1. 作文，作品，(大型)乐曲 2. 写作，作曲 3. 构成，成分，合成物 4. 构图,英语专业四八级词汇表
composure,kəmˈpəʊʒə,n.,镇静，沉着，泰然自若,英语专业四八级词汇表
compound,ˈkɒmpaʊnd,n.,1. 混合物，复合词 2. 用围墙圈起的建筑物(场地)adj. 混合的，复合的,英语专业四八级词汇表
comprehend,ˌkɒmprɪˈhend,v.,了解，领会,英语专业四八级词汇表
comprehensible,ˌkɒmprɪˈhensəbl,adj.,能理解的,英语专业四八级词汇表
comprehension,ˌkɒmprɪˈhenʃən,n.,理解,英语专业四八级词汇表
comprehensive,ˌkɒmprɪˈhensɪv,adj.,1. 综合的，全面的 2. 理解的，有理解力的,英语专业四八级词汇表
compress,kəmˈpres,v.,1. 压紧，压缩 2.,英语专业四八级词汇表
compress,kəmˈpres,,(把思想、文字等)浓缩，使更为简练,英语专业四八级词汇表
compressor,kəmˈpresə,n.,压缩机，压气机,英语专业四八级词汇表
comprise,kəmˈpraɪz,v.,1. 包含，包括 2. …组成，构成,英语专业四八级词汇表
compromise,ˈkɒmprəmaɪz,n.,妥协，折衷办法，和解  v. 1. 妥协，互让解决，折衷处理 2. 危及，连累，遭到损害,英语专业四八级词汇表
compulsion,kəmˈpʌlʃən,n.,1. 强制，强迫 2. 难以抗拒的冲动,英语专业四八级词汇表
compulsory,kəmˈpʌlsərɪ,adj.,强迫的，强制的，义务的,英语专业四八级词汇表
compunction,kəmˈpʌŋkʃən,n.,内疚，悔恨,英语专业四八级词汇表
compute,kəmˈpjuːt,v.,计算，估算,英语专业四八级词汇表
computer,kəmˈpjuːtə,n.,计算机，电脑,英语专业四八级词汇表
comrade,ˈkɒmreɪd,n.,同志，亲密同伴，朋友,英语专业四八级词汇表
con,kɒn,v.,骗，哄骗，欺诈,英语专业四八级词汇表
conceal,kənˈsiːl,v.,隐藏,英语专业四八级词汇表
concede,kənˈsiːd,v.,1.,英语专业四八级词汇表
concede,kənˈsiːd,,(常指勉强地)承认 2. 容许，让与,英语专业四八级词汇表
conceit,kənˈsiːt,n.,自负，骄傲自满,英语专业四八级词汇表
conceited,kənˈsiːtɪd,adj.,自负的，自满的,英语专业四八级词汇表
conceivable,kənˈsiːvəbl,adj.,可想到的，可想象的，可能的,英语专业四八级词汇表
conceive,kənˈsiːv,v.,1. 设想，想出，想象 2. 怀(胎)，怀孕,英语专业四八级词汇表
concentrate,ˈkɒnsntreɪt,v.,1. 集中，使集中于一点 2. 聚集 3. 聚精会神，集中思想,英语专业四八级词汇表
concentration,ˌkɒnsnˈtreɪʃən,n.,集中，注意力,英语专业四八级词汇表
concentric,kənˈsentrɪ,adj.,同心的，同轴的,英语专业四八级词汇表
concept,ˈkɒnsept,n.,概念，观念，思想,英语专业四八级词汇表
conception,kənˈsepʃən,n.,1. 概念，观念，理解 2. 构想，看法 3. 受孕，妊娠,英语专业四八级词汇表
conceptual,kənˈseptʃʊəl,adj.,概念的，观念的，抽象的,英语专业四八级词汇表
concern,kənˈsɜːn,v.,1. 涉及，影响 2. 使关心，使挂念，使担心 || as far as…be concerned关于…，至于…  n. 1.,英语专业四八级词汇表
concern,kənˈsɜːn,,(利害)关系，所关切的事 2. 关心，担心，挂念 3. 商行，企业 || show concern for关心,英语专业四八级词汇表
concerning,kənˈsəːnɪŋ,prep.,关于,英语专业四八级词汇表
concert,ˈkɒnsət,n.,1. 音乐会，演奏会 2. 一致，协作，和谐,英语专业四八级词汇表
concerto,kənˈtʃeətəʊ,n.,协奏曲,英语专业四八级词汇表
concession,kənˈseʃən,n.,1. 让步，(退一步)承认 2.,英语专业四八级词汇表
concession,kənˈseʃən,,(政府对采矿权、土地使用权等的)特许，特许权 3. 租界，租借地,英语专业四八级词汇表
conciliate,kənˈsɪlɪeɪt,v.,安抚，抚慰,英语专业四八级词汇表
concise,kənˈsaɪs,adj.,简洁的，简明的,英语专业四八级词汇表
conclude,kənˈkluːd,v.,1. 结束 2. 推断出，断定,英语专业四八级词汇表
conclusion,kənˈkluːʒən,n.,1. 结束，结尾 2. 结论，推论  3.,英语专业四八级词汇表
conclusion,kənˈkluːʒən,,(条约等的)缔结,英语专业四八级词汇表
conclusive,kənˈkluːsɪv,adj.,结论性的，确定的，决定性的,英语专业四八级词汇表
concord,ˈkɒŋkɔːd,n.,一致，和睦,英语专业四八级词汇表
concrete,ˈkɒŋkriːt,adj.,1. 具体的，有形的 2. 明确的 n. 1. 具体物 2. 混凝土，凝结物  v. 用混凝土修筑,英语专业四八级词汇表
concubine,ˈkɒŋkjʊbaɪn,,n.,英语专业四八级词汇表
concubine,ˈkɒŋkjʊbaɪn,,(一夫多妻制国家中的)妾，姨太太，小老婆,英语专业四八级词汇表
concur,kənˈkɜː,v.,1. 同意  2. 同时发生,英语专业四八级词汇表
condemn,kənˈdem,v.,1. 谴责 2. 定罪，判处,英语专业四八级词汇表
condense,kənˈdens,v.,1.,英语专业四八级词汇表
condense,kənˈdens,,(使气体)冷凝，(使)凝结 2. 使浓缩 3. 压缩，缩写(文章等),英语专业四八级词汇表
condescend,ˌkɒndɪˈsend,v.,1. 俯就，屈尊 2. 自以为高人一等,英语专业四八级词汇表
condition,kənˈdɪʃən,n.,1. 条件 2. 状况，状态 3. 环境，形势 || on condition (that) 在…条件下 v. 1. 使取决于，决定，制约 2. 使形成条件反射，使适应，使习惯于 3. 使健  康，使处于良好状态,英语专业四八级词汇表
conditional,kənˈdɪʃənəl,adj.,附有条件的,英语专业四八级词汇表
conditioner,kənˈdɪʃənə,n.,1. 调理的物品(物质) 2. 护发剂，护发素,英语专业四八级词汇表
condolence,kənˈdəʊləns,n.,吊唁，追悼，悼词,英语专业四八级词汇表
condom,ˈkɒndəm,,n.,英语专业四八级词汇表
condom,ˈkɒndəm,,(男用)避孕套,英语专业四八级词汇表
conducive,kənˈdjuːsɪv,adj.,有助于…的，促成…的,英语专业四八级词汇表
conduct,ˈkɒndʌkt,n.,1. 行为，品行，举动 2. 指导，引导 3. 实行，处理，经营 v. 1. 引导，带领，陪伴(游客等)，指导 2. 实施，处理，经营 3. 指挥(乐队等) 4. 传导，传(热、电等),英语专业四八级词汇表
conductor,kənˈdʌktə,n.,1.,英语专业四八级词汇表
conductor,kənˈdʌktə,,(电车等的)售票员，(AmE)列车员 2.,英语专业四八级词汇表
conductor,kənˈdʌktə,,(乐队、合唱队的)指  挥 3. 导体，导线,英语专业四八级词汇表
cone,kəʊn,n.,1. 圆锥体  2. 球果,英语专业四八级词汇表
confection,kənˈfekʃən,n.,甜食,英语专业四八级词汇表
confederacy,kənˈfedərəsɪ,,(also confederation [kənˌfedəˈreɪʃən] ) n. 1. 联邦，同盟，联盟 2.,英语专业四八级词汇表
confederacy,kənˈfedərəsɪ,,(cap)(美国南北战争时)南部邦联,英语专业四八级词汇表
confederate,kənˈfedərɪt,n.,1. 共谋者，同党 2. 盟友，同盟者,英语专业四八级词汇表
confer,kənˈfɜː,v.,1. 商讨 2. 授予，颁赠(勋衔、学位等),英语专业四八级词汇表
conference,ˈkɒnfərəns,n.,1. 讨论，会谈 2.,英语专业四八级词汇表
conference,ˈkɒnfərəns,,(正式的)会议，讨论会,英语专业四八级词汇表
confess,kənˈfes,v.,1. 供认，坦白，承认 2. 忏悔(罪恶等),英语专业四八级词汇表
confession,kənˈfeʃən,n.,忏悔，认错，招供,英语专业四八级词汇表
confetti,kənˈfetɪ,,n.,英语专业四八级词汇表
confetti,kənˈfetɪ,,(婚礼时投撒在新娘和新郎身上的)五彩纸屑,英语专业四八级词汇表
confidant,ˌkɒnfɪˈdænt,n.,知己，心腹,英语专业四八级词汇表
confide,kənˈfaɪd,v.,1. 吐露(秘密等) 2. 信托，委托,英语专业四八级词汇表
confidence,ˈkɒnfɪdəns,n.,1. 信任 2. 信心，自信，把握 3.,英语专业四八级词汇表
confidence,ˈkɒnfɪdəns,,(向知心人)吐露的秘密，说私房话,英语专业四八级词汇表
confident,ˈkɒnfɪdənt,adj.,确信的，肯定的，自信的,英语专业四八级词汇表
confidential,ˌkɒnfɪˈdenʃəl,adj.,1. 秘密的，机密的，保密的 2. 极受信任的，负责机密工作的,英语专业四八级词汇表
configuration,kənˌfɪɡəˈreɪʃə,n.,构造，外形，布置，结构,英语专业四八级词汇表
confine,kənˈfaɪn,v.,1. 幽禁，监禁 2. 限制，把…局限于,英语专业四八级词汇表
confinement,kənˈfaɪnmənt,n.,1. 幽禁，挽留，监禁 2. 分娩 3. 限制，局限,英语专业四八级词汇表
confirm,kənˈfɜːm,v.,1. 证实，认可 2. 使坚定，加强,英语专业四八级词汇表
confirmation,ˌkɒnfəˈmeɪʃən,n.,确认，认可，证实,英语专业四八级词汇表
confiscate,ˈkɒnfɪskeɪt,v.,没收(私人财产)，把…充公,英语专业四八级词汇表
conflate,kənˈfleɪt,v.,合并，合成,英语专业四八级词汇表
conflict,ˈkɒnflɪkt,n.,1. 斗争，战斗 2. 抵触，冲突,英语专业四八级词汇表
conform,kənˈfɔːm,,v.,英语专业四八级词汇表
conform,kənˈfɔːm,,(使)一致，(使)符合，(使)遵照，(使)适应,英语专业四八级词汇表
conformity,kənˈfɔːmətɪ,n.,1. 依照，遵从 2. 符合，一致 || in conformity with遵照,英语专业四八级词汇表
confront,kənˈfrʌnt,v.,1.,英语专业四八级词汇表
confront,kənˈfrʌnt,,(困难等)临头 2.,英语专业四八级词汇表
confront,kənˈfrʌnt,,(使)面对，使)面临 3. 勇敢地面对(危险等)，正视，对抗,英语专业四八级词汇表
confrontation,ˌkɒnfrʌnˈteɪʃən,n.,对抗，对峙，冲突,英语专业四八级词汇表
confuse,kənˈfjuːz,v.,1. 混淆，弄错 2. 把…弄糊涂，使…慌乱,英语专业四八级词汇表
confusion,kənˈfjuːʒn,n.,混乱，混乱状态，骚乱,英语专业四八级词汇表
congenial,kənˈdʒiːnɪəl,adj.,令人愉快的，适意的，意气相投的，情投意合的,英语专业四八级词汇表
congenital,kənˈdʒenɪtəl,,adj.,英语专业四八级词汇表
congenital,kənˈdʒenɪtəl,,(疾病)先天的,英语专业四八级词汇表
congested,kənˈdʒestɪd,adj.,堵塞的，不畅通的,英语专业四八级词汇表
congestion,kənˈdʒestʃən,n.,1. 阻塞，拥挤 2. 充血,英语专业四八级词汇表
congratulate,kənˈɡrætʃʊleɪt,v.,.祝贺，向…致祝贺词,英语专业四八级词汇表
congratulation,kənˌɡrætʃʊˈleɪʃən,n.,1. 祝贺，庆贺 2.,英语专业四八级词汇表
congratulation,kənˌɡrætʃʊˈleɪʃən,,(pl)祝贺词 int.,英语专业四八级词汇表
congratulation,kənˌɡrætʃʊˈleɪʃən,,(pl)祝贺!,英语专业四八级词汇表
congregate,ˈkɒnɡrɪɡeɪt,v.,集合，聚集,英语专业四八级词汇表
congregation,ˌkɒŋɡrɪˈɡeɪʃən,n.,1. 聚集，集会 2. 人群 3.,英语专业四八级词汇表
congregation,ˌkɒŋɡrɪˈɡeɪʃən,,(教堂中的)会众,英语专业四八级词汇表
congress,ˈkɒŋɡres,n.,1.,英语专业四八级词汇表
congress,ˈkɒŋɡres,,(代表)大会 2.,英语专业四八级词汇表
congress,ˈkɒŋɡres,,(cap)国会，议会 3. 聚会，会议,英语专业四八级词汇表
congressman,ˈkɒŋɡrɪsmən,,n.,英语专业四八级词汇表
congressman,ˈkɒŋɡrɪsmən,,(AmE)国会议员,英语专业四八级词汇表
congruence,ˈkɒŋɡrʊəns,,，congruency [ˈkɒŋɡrʊənsɪ]  n. 1. 一致，和谐 2. 相合， 全等,英语专业四八级词汇表
congruent,ˈkɒnɡrʊənt,adj.,1. 一致的，和谐的 2. 相合的，全等的,英语专业四八级词汇表
conical,ˈkɒnɪkəl,adj.,圆锥的，圆锥形的,英语专业四八级词汇表
conifer,ˈkɒnɪfə,n.,针叶树(如松树等),英语专业四八级词汇表
coniferous,kəʊˈnɪfərəs,adj.,针叶树的,英语专业四八级词汇表
conjecture,kənˈdʒektʃə,v.,推测，猜测,英语专业四八级词汇表
conjunction,kənˈdʒʌŋkʃən,n.,连接词,英语专业四八级词汇表
conjure,ˈkʌndʒə,v.,1. 变魔术，耍戏法 2.,英语专业四八级词汇表
conjure,ˈkʌndʒə,,(用魔术般)变出，(变戏法般地)使…呈现,英语专业四八级词汇表
connect,kəˈnekt,v.,1. 连接，连结 2. 把…联系起来，联想,英语专业四八级词汇表
"connection, connexion",kəˈnekʃən,n.,1. 连接 2. 联系 3. 连接物，连接点 4. 亲戚,英语专业四八级词汇表
connoisseur,ˌkɒnəˈsɜː,,n.,英语专业四八级词汇表
connoisseur,ˌkɒnəˈsɜː,,(艺术品、美酒等的)鉴赏家,英语专业四八级词汇表
connotation,ˌkɒnəˈteɪʃən,n.,含蓄，涵义,英语专业四八级词汇表
connote,kəˈnəʊt,v.,意味着，暗指，暗示,英语专业四八级词汇表
conquer,ˈkɒŋkə,v.,1. 征服，攻克，战胜，占领 2. 克服(困难等)，破除(坏习惯等),英语专业四八级词汇表
conqueror,ˈkɒŋkərə,n.,征服者，胜利者,英语专业四八级词汇表
conquest,ˈkɒŋkwest,n.,1. 征服，击败 2. 战利品，征服的土地,英语专业四八级词汇表
conscience,ˈkɒnʃəns,n.,良心，天良 || for conscience’(s) sake为了问心无愧 /,英语专业四八级词汇表
conscience,ˈkɒnʃəns,have,a guilty conscience内疚,英语专业四八级词汇表
conscientious,ˌkɒnʃɪˈenʃəs,adj.,审慎正直的，认真的，本着良心的,英语专业四八级词汇表
conscientiously,ˌkɒnʃɪˈenʃəslɪ,adv.,认真地，诚心诚意地,英语专业四八级词汇表
conscious,ˈkɒnʃəs,adj.,1. 有意识的，意识到的，自觉的 2. 神志清醒的,英语专业四八级词汇表
consciousness,kɒnʃəsnɪs,n.,意识，知觉，觉悟，自觉,英语专业四八级词汇表
conscript,kənˈskrɪpt,v.,征召服兵役 n. 应征入伍者,英语专业四八级词汇表
consecrate,ˈkɒnsɪkreɪt,v.,1. 使圣化，奉…为神圣 2. 奉献,英语专业四八级词汇表
consecutive,kənˈsekjʊtɪv,adj.,连续的，接续的,英语专业四八级词汇表
consensus,kənˈsensəs,,n.,英语专业四八级词汇表
consensus,kənˈsensəs,,(意见等的)一致，一致同意，共识,英语专业四八级词汇表
consent,kənˈsent,v.,同意，答应，承诺,英语专业四八级词汇表
consequence,ˈkɒnsɪkwəns,n.,1. 结果，后果 2. 重要(性),英语专业四八级词汇表
consequent,ˈkɒnsɪkwənt,adj.,随之而来的，由…所导致的,英语专业四八级词汇表
consequently,ˈkɒnsɪkwəntlɪ,adv.,因而，所以,英语专业四八级词汇表
conservation,ˌkɒnsəˈveɪʃən,n.,1. 保存 2.,英语专业四八级词汇表
conservation,ˌkɒnsəˈveɪʃən,,(森林等自然资源的)保护，资源保护区,英语专业四八级词汇表
conservatism,kənˈsɜːvətɪzəm,n.,1. 保守，守旧性 2. 保守主义,英语专业四八级词汇表
conservative,kənˈsɜːvətɪv,adj.,1. 保守的 2. 拘谨的，谨慎的 n. 1. 因循守旧者，保守者  2. 保守党党员,英语专业四八级词汇表
conserve,kənˈsɜːv,v.,节约使用，保存,英语专业四八级词汇表
consider,kənˈsɪdə,v.,1. 考虑，细想 2. 认为，把…看作 3. 考虑到，照顾，体谅,英语专业四八级词汇表
considerable,kənˈsɪdərəbl,adj.,1. 值得考虑的 2. 值得重视的，重要的 3. 相当大(或多)的,英语专业四八级词汇表
consideration,kənˌsɪdəˈreɪʃən,n.,1. 考虑，思考 2. 需要考虑的事，所考虑的事 3. 体谅，照顾,英语专业四八级词汇表
considering,kənˈsɪdərɪŋ,prep.,就…而论，照…来说,英语专业四八级词汇表
consign,kənˈsaɪn,v.,1. 寄售(货品)，托运 2. 寄售，托付，委托,英语专业四八级词汇表
consignment,kənˈsaɪnmənt,n.,1. 寄售的货物 2. 寄售，托付，委托,英语专业四八级词汇表
consist,kənˈsɪst,v.,1. 由…组成，由…构成 2. 在于，存在于,英语专业四八级词汇表
consistency,kənˈsɪstənsɪ,n.,1. 一贯，前后一致，稳定性  2.,英语专业四八级词汇表
consistency,kənˈsɪstənsɪ,,(液体的)浓度,英语专业四八级词汇表
consistent,kənˈsɪstənt,adj.,1. 坚固的，坚实的 2. 一致的，连贯的，始终如一的,英语专业四八级词汇表
console,kənˈsəʊl,v.,安慰，慰问 n. 仪表板，控制台，键盘之入口,英语专业四八级词汇表
consolidate,kənˈsɒlɪdeɪt,v.,1. 巩固，加强 2. 综合，统一，合并,英语专业四八级词汇表
consonant,ˈkɒnsənənt,n.,辅音，辅音字母 adj. 一致的，和谐的,英语专业四八级词汇表
consortium,kənˈsɔːtɪəm,n.,联合，合伙，国际财团,英语专业四八级词汇表
conspicuous,kənˈspɪkjʊəs,adj.,显著的，引人注目的,英语专业四八级词汇表
conspiracy,kənˈspɪrəsɪ,n.,阴谋，秘密策划,英语专业四八级词汇表
conspire,kənˈspaɪə,v.,密谋，搞阴谋，图谋,英语专业四八级词汇表
constable,ˈkʌnstəbl,,n.,英语专业四八级词汇表
constable,ˈkʌnstəbl,,(BrE)警察，警官,英语专业四八级词汇表
constancy,ˈkɒnstənsɪ,n.,1. 持久不变，始终如一 2. 忠实，忠诚,英语专业四八级词汇表
constant,ˈkɒnstənt,n.,1. 坚定的，坚贞的，永恒的 2. 经常的，不断的,英语专业四八级词汇表
constantly,ˈkɒnstəntlɪ,adv.,1. 经久不变地，永恒地  2. 经常地，不断地,英语专业四八级词汇表
constellation,ˌkɒnstəˈleɪʃən,n.,星座，星群,英语专业四八级词汇表
constituency,kənˈstɪtjʊənsɪ,n.,1. 全体选民，选区的选民  2. 选区,英语专业四八级词汇表
constituent,kənˈstɪtjʊənt,n.,1. 选民，选举人 2. 成分，要素 adj. 组成的，形成的,英语专业四八级词汇表
constitute,ˈkɒnstɪtjuːt,v.,构成，组成,英语专业四八级词汇表
constitution,ˌkɒnstɪˈtjuːʃən,n.,1. 宪法 2. 体质，体格 3. 构造，结构,英语专业四八级词汇表
constitutional,ˌkɒnstɪˈtjuːʃənəl,adj.,1. 体格的，体质上的 2. 构成的 3. 符合宪法的，宪法所规定的,英语专业四八级词汇表
constrain,kənˈstreɪn,v.,强迫，强制,英语专业四八级词汇表
constraint,kənˈstreɪnt,n.,约束力，束缚，限制，克制,英语专业四八级词汇表
construction,kənˈstrʌkʃən,n.,1. 建造，建筑，建设 2. 建筑方法，结构，建造物 3. 句法关系，句法结构,英语专业四八级词汇表
constructive,kənˈstrʌktɪv,adj.,建设性的，有益的,英语专业四八级词汇表
consul,ˈkɒnsəl,n.,领事,英语专业四八级词汇表
consulate,ˈkɒnsjʊlɪt,n.,领事馆,英语专业四八级词汇表
consult,kənˈsʌlt,v.,1. 找…商议 2. 找(医生)诊治 3. 翻阅，查考(书籍，地图等) || consult with和…商议,英语专业四八级词汇表
consultant,kənˈsʌltənt,n.,1. 顾问，专家 2.,英语专业四八级词汇表
consultant,kənˈsʌltənt,,(BrE)医院的高级顾问医师,英语专业四八级词汇表
consultation,ˌkɒnsəlˈteɪʃən,n.,请教，咨询，磋商,英语专业四八级词汇表
consume,kənˈsjuːm,v.,1. 消费，耗尽 2. 烧毁，吃光，饮尽,英语专业四八级词汇表
consumer,kənˈsjuːmə,n.,消费者,英语专业四八级词汇表
consummate,kənˈsʌmət,adj.,完全无缺的，完美的,英语专业四八级词汇表
consumption,kənˈsʌmpʃən,n.,消费(量)，消耗,英语专业四八级词汇表
contact,ˈkɒntækt,v.,使接触，与…接触(或联系) n. 1. 接触，联系 2. 交往，交际 || make contact with sb(sth)与某人(事)交谈、会晤、取得联系,英语专业四八级词汇表
contagious,kənˈteɪdʒəs,,adj.,英语专业四八级词汇表
contagious,kənˈteɪdʒəs,,(接触)传染的,英语专业四八级词汇表
contain,kənˈteɪn,v.,1. 包含，容纳 2. 控制，抑制，遏制,英语专业四八级词汇表
container,kənˈteɪnə,n.,1. 容器 2. 集装箱  || container ship集装箱船,英语专业四八级词汇表
containerization,kənˌteɪnəraɪˈzeɪʃən,n.,集装箱化,英语专业四八级词汇表
contaminate,kənˈtæmɪneɪt,v.,污染，玷污，弄脏,英语专业四八级词汇表
contemplate,ˈkɒntempleɪt,v.,1. 沉思，仔细考虑，意欲 2. 注视，凝视,英语专业四八级词汇表
contemporary,kənˈtemprərɪ,adj.,1. 当代的 2. 同时代的，同年龄的 n. 同期的人，同辈,英语专业四八级词汇表
contempt,kənˈtempt,n.,轻视，轻蔑,英语专业四八级词汇表
contemptuous,kənˈtemptʃʊəs,adj.,表示轻蔑的，藐视的,英语专业四八级词汇表
contend,kənˈtend,v.,1. 搏斗，争斗 2. 争，竞争 3. 声称，主张,英语专业四八级词汇表
contented,kənˈtentɪd,adj.,满意的，知足的,英语专业四八级词汇表
contention,kənˈtenʃən,n.,1. 争论，争辩，论战 2. 论点，主张,英语专业四八级词汇表
contest,kənˈtest,v.,争夺，竞争 [ˈkɒntest] n. 1. 争夺 2. 竞赛，比赛,英语专业四八级词汇表
contestant,kənˈtestənt,n.,竞争者，选手,英语专业四八级词汇表
context,ˈkɒntekst,n.,1.,英语专业四八级词汇表
context,ˈkɒntekst,,(文章的)上下文，前后关系 2.,英语专业四八级词汇表
context,ˈkɒntekst,,(事物等发生的)来龙去脉,英语专业四八级词汇表
continent,ˈkɒntɪnənt,n.,大陆，陆地，大洲,英语专业四八级词汇表
continental,ˌkɒntɪˈnentəl,adj.,1. 大陆上的，大陆性的 2. 欧洲大陆的,英语专业四八级词汇表
contingency,kənˈtɪndʒənsɪ,n.,偶发事件，意料不到的事情,英语专业四八级词汇表
continue,kənˈtɪnjuː,v.,继续，接着说,英语专业四八级词汇表
continuity,kɒntɪˈnjuːətɪ,n.,连贯性，连续性，持续性,英语专业四八级词汇表
continuous,kənˈtɪnjʊəs,adj.,持续的，不间断的，连续的,英语专业四八级词汇表
continuum,kənˈtɪnjʊəm,n.,连续统一体,英语专业四八级词汇表
contort,kənˈtɔːt,v.,扭曲，歪曲,英语专业四八级词汇表
contour,ˈkɒntʊə,n.,1. 轮廓，外形，海岸线 2. 等高线，地形线,英语专业四八级词汇表
contraception,ˌkɒntrəˈsepʃən,n.,避孕(法),英语专业四八级词汇表
contraceptive,ˌkɒntrəˈseptɪv,n.,&adj. 避孕药(的)，避孕用具(的)，避孕(的),英语专业四八级词汇表
contract,ˈkɒntrækt,n.,契约，合同 v. 1. 订立合约，签订合同 2. 使缩小，(使)收缩 3. 得病，感染疾病,英语专业四八级词汇表
contraction,kənˈtrækʃən,n.,1. 收缩，缩小 2. 缩略字，缩写词,英语专业四八级词汇表
contractor,kənˈtræktə,n.,承包商，承建商,英语专业四八级词汇表
contradict,ˌkɒntrəˈdɪkt,v.,1. 否定 2. 与…矛盾,英语专业四八级词汇表
contradiction,ˌkɒntrəˈdɪkʃən,n.,矛盾,英语专业四八级词汇表
contradictory,ˌkɒntrəˈdɪktəri,adj.,1. 相互矛盾的，对立的 2. 爱反驳别人的,英语专业四八级词汇表
contrary,ˈkɒntrərɪ,adj.,相反的，相对的，对抗的 || on the contrary相反,英语专业四八级词汇表
contrast,ˈkɒntrɑːst,n.,对比，比照 [kənˈtrɑːst] v. 使对比，形成对照,英语专业四八级词汇表
contribute,kənˈtrɪbjuːt,v.,1. 捐助，捐赠 2. 投稿  3. 贡献，对…作出贡献,英语专业四八级词汇表
contribution,ˌkɒntrɪˈbjuːʃən,n.,1. 捐款 2. 投稿 3. 贡献,英语专业四八级词汇表
contributor,kənˈtrɪbjʊtə,n.,投稿者，捐助者,英语专业四八级词汇表
contrive,kənˈtraɪv,v.,发明， 设计，设法做到,英语专业四八级词汇表
control,kənˈtrəʊl,v.,控制，抑制 n. 控制，支配，调节，抑制 || in control指挥、管理、支配某事 [out of control失去控制] under control抑制，控制,英语专业四八级词汇表
controversial,ˌkɒntrəˈvɜːʃəl,adj.,引起争论的，有争议的,英语专业四八级词汇表
controversy,"ˈkɒntrəvɜːsɪ, kənˈtrɒvəsɪ",n.,争论，辩论,英语专业四八级词汇表
conurbation,ˌkɒnɜːˈbeɪʃən,n.,连带卫星城镇和市郊的大都市,英语专业四八级词汇表
convene,kənˈviːn,v.,召集会议,英语专业四八级词汇表
convenience,kənˈviːnjəns,n.,1. 便利，方便 2. 方便的时候，适当的机会 3. 便利设施,英语专业四八级词汇表
convenient,kənˈviːnjənt,adj.,便利的，方便的，合适的,英语专业四八级词汇表
convention,kənˈvenʃən,n.,1.,英语专业四八级词汇表
convention,kənˈvenʃən,,(传统性的)习惯  2. 代表大会，定期大会,英语专业四八级词汇表
conventional,kənˈvenʃənəl,adj.,习惯的，常规的,英语专业四八级词汇表
converge,kənˈvɜːdʒ,v.,聚集， 集中一点，汇合,英语专业四八级词汇表
conversant,kənˈvɜːsənt,adj.,精通的，内行的，熟知,英语专业四八级词汇表
conversation,ˌkɒnvəˈseɪʃən,n.,会话，闲谈,英语专业四八级词汇表
conversion,kənˈvɜːʃən,n.,1. 转变，变换 2. 信仰的改变 3. 兑换,英语专业四八级词汇表
convert,kənˈvɜːt,v.,1. 改变，转变 2. 改变…的信仰 3. 兑换 n. 改变信仰的人，皈依者,英语专业四八级词汇表
convertible,kənˈvɜːtəbl,adj.,可改变的，可转换的，可兑换的,英语专业四八级词汇表
convex,kɒnˈveks,adj.,凸圆的，凸面的,英语专业四八级词汇表
convey,kənˈveɪ,v.,1. 运输，运送 2. 传达，传递,英语专业四八级词汇表
convict,kənˈvɪkt,v.,证明、宣判…有罪，定罪 n. 被判入狱的罪犯,英语专业四八级词汇表
conviction,kənˈvɪkʃən,n.,1. 定罪 2. 信念，坚信,英语专业四八级词汇表
convince,kənˈvɪns,v.,1. 使确信，使信服 2. 说服,英语专业四八级词汇表
convincing,kənˈvɪnsɪŋ,adj.,有说服力的，令人信服的,英语专业四八级词汇表
convoy,ˈkɒnvɔɪ,v.,护送，护卫，护航 n. 1. 护送，护卫 2. 护送队,英语专业四八级词汇表
convulse,kənˈvʌls,v.,1. 使震动，使震撼 2. 使抽筋,英语专业四八级词汇表
cook,kʊk,v.,1. 烹调，煮 2. 窜改(账目等)，捏造 n. 厨子，厨师,英语专业四八级词汇表
cooker,ˈkʊkə,n.,炊事用具(炉、锅等),英语专业四八级词汇表
cookery,ˈkʊkərɪ,n.,烹调术，烹饪法,英语专业四八级词汇表
cookie,ˈkʊkɪ,n.,1. 甜饼干  2. 家伙,英语专业四八级词汇表
cool,kuːl,adj.,1. 凉爽的，凉快的 2. 冷静的 3. 冷淡的 n. 1. 凉快，清凉 2. 冷静，镇定 adv. 冷静地，镇定地 v. 1. 冷下来 2. 使变冷,英语专业四八级词汇表
cooler,ˈkuːlə,n.,1. 冷却器，冷却剂 2. 冷饮品,英语专业四八级词汇表
coop,kuːp,,n.,英语专业四八级词汇表
coop,kuːp,,(饲养小动物的)笼，栏  v. 将…禁锢在狭小空间，拘禁,英语专业四八级词汇表
cooperate,kəʊˈɒpəreɪt,v.,合作，协力,英语专业四八级词汇表
cooperation,kəʊˌɒpəˈreɪʃən,n.,合作，协力，合作的意愿,英语专业四八级词汇表
cooperative,kəʊˈɒpərətɪv,n.,合作社，合作商店(企业等) adj. 1. 合作的，协作的 2. 有合作意向的，乐意合作的,英语专业四八级词汇表
coordinate,kəʊˈɔːdɪneɪt,v.,调节，协调，统筹,英语专业四八级词汇表
cop,kɒp,n.,警察,英语专业四八级词汇表
cope,kəʊp,,v.,英语专业四八级词汇表
cope,kəʊp,,(成功地)对付，应付,英语专业四八级词汇表
copier,kɒpiə,n.,复印机,英语专业四八级词汇表
copper,ˈkɒpə,n.,1. 铜 2. 铜币,英语专业四八级词汇表
copy,ˈkɒpɪ,n.,1. 抄本，复制本，副本 2.,英语专业四八级词汇表
copy,ˈkɒpɪ,,(书的)一本，(报纸的)一份 3. 复制品 v. 1. 抄写，复写 2. 仿制，仿效,英语专业四八级词汇表
copyright,ˈkɒpɪraɪt,n.,版权，著作权,英语专业四八级词汇表
coral,ˈkɒrəl,n.,珊瑚,英语专业四八级词汇表
cord,kɔːd,n.,1. 绳索，带子 2. 小电线 3. 键 4. 灯芯绒,英语专业四八级词汇表
cordial,ˈkɔːdɪəl,adj.,热情友好的，热诚的,英语专业四八级词汇表
corduroy,ˈkɔːdərɔɪ,n.,1灯芯绒 2.,英语专业四八级词汇表
corduroy,ˈkɔːdərɔɪ,,(pl)灯芯绒裤子,英语专业四八级词汇表
core,kɔː,n.,1. 果核，果心 2. 核心,英语专业四八级词汇表
cork,kɔːk,n.,软木，软木塞,英语专业四八级词汇表
corn,kɔːn,n.,1. 谷物，五谷 2. 玉米 3. 鸡眼,英语专业四八级词汇表
cornea,ˈkɔːnɪə,n.,角膜,英语专业四八级词汇表
corner,ˈkɔːnə,n.,1. 角落，角 2. 街道等的拐角处 || be in a tight corner陷入困境 /round the corner①在拐角处 ②不远，就在眼前  v. 1. 使…陷入困境，使…走投无路 2. 控制(买卖活动),英语专业四八级词汇表
cornerstone,ˈkɔːnəstəʊn,n.,1. 基石，奠基石 2. 基础,英语专业四八级词汇表
cornet,ˈkɔːnɪt,n.,1. 短号  2.,英语专业四八级词汇表
cornet,ˈkɔːnɪt,,(盛冰淇淋的)圆锥形蛋卷,英语专业四八级词汇表
corollary,kəˈrɒlərɪ,n.,必然结果，推论,英语专业四八级词汇表
coronation,ˌkɒrəˈneɪʃən,n.,加冕礼，即位典礼,英语专业四八级词汇表
coroner,ˈkɒrənə,n.,验尸官,英语专业四八级词汇表
corporal,ˈkɔːpərəl,adj.,肉体的，身体的,英语专业四八级词汇表
corporate,ˈkɔːpərət,adj.,1. 团体的，全体的 2. 公司的,英语专业四八级词汇表
corporation,ˌkɔːpəˈreɪʃən,n.,1.,英语专业四八级词汇表
corporation,ˌkɔːpəˈreɪʃən,,(AmE)有限公司，公司，企业 2. 社团，法人,英语专业四八级词汇表
corps,kɔː,n.,1. 特种部队，军团 2. 共同工作、活动的一群人,英语专业四八级词汇表
corpse,kɔːps,n.,尸体,英语专业四八级词汇表
corpulent,ˈkɔːpjʊlənt,adj.,肥胖的，臃肿的,英语专业四八级词汇表
corpus,ˈkɔːpəs,n.,文集，资料，汇编,英语专业四八级词汇表
correct,kəˈrekt,adj.,1. 正确的 2.,英语专业四八级词汇表
correct,kəˈrekt,,(行为、礼貌等)恰当的  v. 校阅，校正仪表等,英语专业四八级词汇表
correction,kəˈrekʃən,n.,1. 订正，修正 2. 惩戒,英语专业四八级词汇表
correlate,ˈkɒrəleɪt,n.,有相互关系的东西，相关物 v. 使有相互关系，互相有关系,英语专业四八级词汇表
correspond,ˌkɒrɪˈspɒnd,v.,1. 符合，一致 2. 相当，相应  3. 通信,英语专业四八级词汇表
correspondent,ˌkɒrɪˈspɒndənt,n.,通信者，(新闻)通讯员，记者,英语专业四八级词汇表
corridor,ˈkɒrɪdɔː,n.,走廊，通道,英语专业四八级词汇表
corroborate,kəˈrɒbəreɪt,v.,证实，支持(某种说法、信仰、理论等),英语专业四八级词汇表
corrode,kəˈrəʊd,,v.,英语专业四八级词汇表
corrode,kəˈrəʊd,,(使)腐蚀，侵蚀,英语专业四八级词汇表
corrosion,kəˈrəʊʒən,n.,腐蚀,英语专业四八级词汇表
corrugated,ˈkɒrəɡeɪtɪd,adj.,起皱的，波纹的，有瓦楞的,英语专业四八级词汇表
corrupt,kəˈrʌpt,adj.,1. 腐败的，贪污的 2. 腐烂的，污浊的 v. 1. 使败坏，腐蚀，使腐坏  2. 贿赂,英语专业四八级词汇表
corruption,kəˈrʌpʃən,n.,1. 贪污，腐败 2. 讹误,英语专业四八级词汇表
cosmetic,kɒzˈmetɪk,n.,化妆品 adj. 化妆用的，装点门面的,英语专业四八级词汇表
cosmic,ˈkɒzmɪk,adj.,宇宙的,英语专业四八级词汇表
cosmopolitan,ˌkɒzməˈpɒlɪtən,adj.,1. 世界主义的  2. 全世界的，全世界各地都有的,英语专业四八级词汇表
cosmos,ˈkɒzmɒs,n.,宇宙,英语专业四八级词汇表
cost,kɒst,n.,1. 成本，价格，费用 2. 代价 || at all costs 不惜任何代价，无论如何 [at the cost of以…为代价 ] to one’s cost吃了苦头之后才… v. 1. 使花费，值(多少钱) 2. 付出代价，使丧失 3. 估计…的成本,英语专业四八级词汇表
costly,ˈkɒstlɪ,adj.,1. 昂贵的，代价高的 2. 价值高的，豪华的,英语专业四八级词汇表
costume,ˈkɒstjuːm,n.,服装，剧装，戏服,英语专业四八级词汇表
"cosy, cozy",ˈkəʊzɪ,adj.,温暖舒适的，安逸的,英语专业四八级词汇表
cot,kɒt,n.,1. 幼儿床(通常设有栏杆) 2. 简易床(如行军床),英语专业四八级词汇表
cottage,ˈkɒtɪdʒ,n.,村舍，小屋,英语专业四八级词汇表
cotton,ˈkɒtn,n.,1. 棉花 2. 棉纱，棉线,英语专业四八级词汇表
couch,kaʊtʃ,n.,睡椅，长沙发椅,英语专业四八级词汇表
cough,kɒf,n.,&v. 咳嗽,英语专业四八级词汇表
could,kəd; kʊd,,aux.,英语专业四八级词汇表
could,kəd; kʊd,v.,1.,英语专业四八级词汇表
could,kəd; kʊd,,can的过去式 2. 在转述句中代替 can使用 3. 表示有可能的事 4. 用来表示请求,英语专业四八级词汇表
council,ˈkaʊnsəl,n.,1. 理事会，委员会 2. 地方议会,英语专业四八级词汇表
council(l)or,ˈkaʊnsələ,n.,1. 评议员，顾问，参事 2.,英语专业四八级词汇表
council(l)or,ˈkaʊnsələ,,(市、镇等议会的)议员,英语专业四八级词汇表
counsel,ˈkaʊnsəl,n.,1. 辩护律师 2.,英语专业四八级词汇表
counsel,ˈkaʊnsəl,,(专业)意见，忠告，劝告 v. 劝告，提供意见,英语专业四八级词汇表
counsel(l)or,ˈkaʊnsələ,n.,顾问，律师,英语专业四八级词汇表
count,kaʊnt,v.,"1. 数数，计算 2. 计入，包括 || count on,",英语专业四八级词汇表
count,kaʊnt,count,upon指望…,英语专业四八级词汇表
countable,ˈkaʊntəbəl,adj.,可数的,英语专业四八级词汇表
countenance,ˈkaʊntənəns,n.,1. 面部表情，面容 2. 赞成，支持 v. 支持，鼓励,英语专业四八级词汇表
counter,ˈkaʊntə,n.,1. 柜台 2. 筹码 adj. 1. 相反的，对立的 2. 反对的，敌意的,英语专业四八级词汇表
counteract,ˌkaʊntəˈrækt,v.,抵消，中和，消解，抵制,英语专业四八级词汇表
counterattack,ˈkaʊntərəˌtæk,v.,反攻，反击,英语专业四八级词汇表
counterbalance,ˌkaʊntəˈbæləns,v.,使平衡，弥补，抵消  [ˈkaʊntəbæləns] n. 平衡(力)，抗衡(力),英语专业四八级词汇表
counterdrug,ˈkaʊntədrʌɡ,n.,解瘾药，起相反作用的药,英语专业四八级词汇表
counterfeit,ˈkaʊntəfɪt,adj.,伪造的，仿造的 n. 伪造物，假冒物，仿制品  v. 伪造，仿制,英语专业四八级词汇表
counterpart,ˈkaʊntəpɑːt,n.,相对应的人(物),英语专业四八级词汇表
countess,ˈkaʊntɪs,n.,1. 女伯爵 2. 伯爵夫人,英语专业四八级词汇表
countless,ˈkaʊntlɪs,adj.,无数的,英语专业四八级词汇表
country,ˈkʌntrɪ,n.,1. 国家，祖国 2. 乡间，农村 3. 国民，全国,英语专业四八级词汇表
countryside,ˈkʌntrɪsaɪd,n.,乡下，农村,英语专业四八级词汇表
county,ˈkaʊntɪ,n.,1.,英语专业四八级词汇表
county,ˈkaʊntɪ,,(BrE)郡 2.,英语专业四八级词汇表
county,ˈkaʊntɪ,,(AmE)县,英语专业四八级词汇表
coup,kuː,n.,砰然的一击，妙计，出乎意料的行动,英语专业四八级词汇表
couple,ˈkʌpl,n.,1.,英语专业四八级词汇表
couple,ˈkʌpl,,(一)对，(一)双 2. 夫妇，未婚夫妻  3. 几个，三两个 || a couple of  两个，几个,英语专业四八级词汇表
coupon,ˈkuːpɒn,n.,优惠券，赠券，票证,英语专业四八级词汇表
courage,ˈkʌrɪdʒ,n.,勇气，胆量,英语专业四八级词汇表
courageous,kəˈreɪdʒəs,adj.,勇敢的，有胆量的，无畏,英语专业四八级词汇表
courier,ˈkʊrɪə,n.,1. 特别信使 2. 向导，旅游服务员,英语专业四八级词汇表
course,kɔːs,n.,1. 课程，学程 2. 过程 3. 道路，方针，路线  || in the course of在…中，在…过程中 /of course当然  adv. 当然，自然,英语专业四八级词汇表
court,kɔːt,n.,1. 法院，法庭 2.,英语专业四八级词汇表
court,kɔːt,,(网球等)球场 v. 求爱,英语专业四八级词汇表
courteous,ˈkɜːtjəs,adj.,有礼貌的,英语专业四八级词汇表
courtship,ˈkɔːtʃɪp,n.,求爱，求婚,英语专业四八级词汇表
courtyard,ˈkɔːtjɑːd,n.,庭院，院子,英语专业四八级词汇表
cousin,ˈkʌzən,n.,堂(表)兄弟姐妹,英语专业四八级词汇表
covenant,ˈkʌvənənt,n.,契约，盟约,英语专业四八级词汇表
cover,ˈkʌvə,v.,1. 遮盖，覆盖 2. 掩护，掩盖 3. 包括，包含 n. 1. 盖子，套子，罩子 2.,英语专业四八级词汇表
cover,ˈkʌvə,,(一本书的)封面，封皮 || under the cover of在…的掩护下,英语专业四八级词汇表
coverage,ˈkʌvərɪdʒ,n.,1. 报道 2. 赔偿范围，保险额 3. 范围,英语专业四八级词汇表
covert,ˈkʌvət,adj.,秘密的，隐秘的，暗地的,英语专业四八级词汇表
covet,ˈkʌvɪt,v.,垂涎，觊觎，贪图,英语专业四八级词汇表
coward,ˈkaʊəd,n.,怯懦，胆怯者,英语专业四八级词汇表
cowardice,ˈkaʊədɪs,n.,胆小，怯懦,英语专业四八级词汇表
cowardly,ˈkaʊədlɪ,adj.,怯懦的，胆小的,英语专业四八级词汇表
cowboy,ˈkaʊbɔɪ,n.,牧童，牛仔,英语专业四八级词汇表
coy,kɔɪ,adj.,害羞的，腼腆的，忸怩的,英语专业四八级词汇表
crab,kræb,n.,螃蟹,英语专业四八级词汇表
crack,kræk,v.,1.,英语专业四八级词汇表
crack,kræk,,(使)裂开，(使)破裂 2.,英语专业四八级词汇表
crack,kræk,,(使)发出噼啪声 3. 撬开，砸开 4.,英语专业四八级词汇表
crack,kræk,,(嗓子)变粗 || crack down镇压，取缔，扫荡 5. 解开(密码)等 n. 1. 裂缝，裂口 2. 爆裂声，轰隆 3. 猛烈的一击 4.,英语专业四八级词汇表
crack,kræk,,(嗓子)突然失声，变粗,英语专业四八级词汇表
cracker,ˈkrækə,n.,1. 爆竹(=firecracker) 2.,英语专业四八级词汇表
cracker,ˈkrækə,,(AmE)一种薄脆饼干,英语专业四八级词汇表
crackle,ˈkrækl,v.,发轻微的爆裂声(如干柴燃烧时的响声)，发噼啪声,英语专业四八级词汇表
cradle,ˈkreɪdl,n.,1. 摇篮  2. 策源地，发源地,英语专业四八级词汇表
craft,krɑːft,,n.,英语专业四八级词汇表
craft,krɑːft,,(特殊的)技术，手工艺,英语专业四八级词汇表
craftsman,ˈkrɑːftsmən,,(pl craftsmen) n. 工匠，手艺精巧的人,英语专业四八级词汇表
crafty,ˈkrɑːftɪ,adj.,狡猾的，狡诈的,英语专业四八级词汇表
crag,kræɡ,n.,悬崖，峭壁,英语专业四八级词汇表
cram,kræm,v.,1. 把…塞进，把…塞满(装满)，挤满 2. 临时死记硬背记功课,英语专业四八级词汇表
cramp,kræmp,n.,痉挛  v. 1. 使痉挛 2. 束缚，约束，妨碍发育、发展 3. 妨碍某人充分发挥才能,英语专业四八级词汇表
crane,kreɪn,n.,1. 鹤 2. 吊车，起重机,英语专业四八级词汇表
cranky,ˈkræŋkɪ,adj.,1. 古怪的人、念头 2.,英语专业四八级词汇表
cranky,ˈkræŋkɪ,,(指机器等)靠不住的，摇晃的，不稳的 3. 脾气坏的,英语专业四八级词汇表
crap,kræp,n.,胡扯，废话,英语专业四八级词汇表
crash,kræʃ,v.,1. 碰撞，坠落 2. 发出撞击(或爆裂)声 3. 失败，垮台，崩溃 n. 1. 碰撞， 坠落 2. 撞击声，爆裂声 3. 失败，垮台，崩溃,英语专业四八级词汇表
crate,kreɪt,n.,柳条箱，木(板条)箱,英语专业四八级词汇表
crater,ˈkreɪtə,n.,1. 火山口 2. 弹坑,英语专业四八级词汇表
crave,kreɪv,v.,热望，渴望,英语专业四八级词汇表
craven,ˈkreɪvən,adj.,怯懦的，胆小的,英语专业四八级词汇表
crawl,krɔːl,v.,1. 爬，爬行，甸甸前进 2. 缓慢地移动，徐徐前进 n. 1. 爬，爬行，甸甸前进 2. 缓慢的行进,英语专业四八级词汇表
crayon,ˈkreɪən,n.,彩色蜡笔(粉笔),英语专业四八级词汇表
craze,kreɪz,n.,时尚，时髦的东西，狂热,英语专业四八级词汇表
crazy,ˈkreɪzɪ,adj.,1. 疯狂的，古怪的，蠢的 2. 狂热的，热衷的，着迷的,英语专业四八级词汇表
creak,kriːk,v.,&n. 吱吱作响，吱吱声,英语专业四八级词汇表
cream,kriːm,n.,1. 乳脂，(鲜)奶油 2. 雪花膏，膏状物  3. 奶油色，米色 4. 精华 adj. 奶油色的，米色的,英语专业四八级词汇表
creamy,ˈkriːmɪ,adj.,1. 乳脂状的 2. 多乳脂的,英语专业四八级词汇表
crease,kriːs,n.,1. 折痕，皱褶，皱纹 2.,英语专业四八级词汇表
crease,kriːs,,(球赛场地上划的)界线 v.,英语专业四八级词汇表
crease,kriːs,,(使)起折痕，(使)起皱,英语专业四八级词汇表
create,kriːˈeɪt,v.,1. 创造，创作 2. 引起，产生，造成,英语专业四八级词汇表
creation,kriːˈeɪʃən,n.,1. 创造，创作 2. 作品,英语专业四八级词汇表
creative,kriːˈeɪtɪv,adj.,有创造性的，创作的,英语专业四八级词汇表
creativity,ˌkriːeɪˈtɪvətɪ,n.,创造力，创造,英语专业四八级词汇表
creator,kriːˈeɪtə,n.,人，动物，生物,英语专业四八级词汇表
creature,ˈkriːtʃə,n.,1. 创造物 2. 生物，动物,英语专业四八级词汇表
credentials,krɪˈdenʃəlz,n.,1. 资格证书，国书 2.,英语专业四八级词汇表
credentials,krɪˈdenʃəlz,,(个人能力及信用的)证明书，证件,英语专业四八级词汇表
credibility,ˌkredɪˈbɪlɪtɪ,n.,可靠性，可信性,英语专业四八级词汇表
credible,ˈkredəbl,adj.,可信的，可靠的,英语专业四八级词汇表
credit,ˈkredɪt,n.,1. 信任 2. 信用，信用往来，赊欠 3. 信誉，声望，威信 4. 荣誉，光荣 5. 学分 6.,英语专业四八级词汇表
credit,ˈkredɪt,,(银行)存款，债权  || be a credit to 为…增光 v. 相信，信任,英语专业四八级词汇表
creditor,ˈkredɪtə,n.,债权人，债主,英语专业四八级词汇表
credulous,ˈkredjʊləs,adj.,轻信的，易受骗的,英语专业四八级词汇表
creed,kriːd,,n.,英语专业四八级词汇表
creed,kriːd,,(宗教)信条，教义,英语专业四八级词汇表
creek,kriːk,n.,小溪，小河,英语专业四八级词汇表
creep,kriːp,v.,1. 爬行 2. 蹑手蹑脚地走，悄悄地走,英语专业四八级词汇表
cremate,krɪˈmeɪt,v.,火化，火葬,英语专业四八级词汇表
crematorium,ˌkreməˈtɔːrɪəm,n.,火葬场,英语专业四八级词汇表
creole,ˈkriːəʊl,n.,1.,英语专业四八级词汇表
creole,ˈkriːəʊl,,(usu cap)混合语(由不同语言混合而成，用作某群体的主要语言)  2.,英语专业四八级词汇表
creole,ˈkriːəʊl,,(西印度群岛的或通用西班牙语的美洲国家的)克里奥尔人,英语专业四八级词汇表
crescent,ˈkresnt,n.,1. 新月，弯月，上、下弦月 2. 新月形的物体(如新月形的街道),英语专业四八级词汇表
crest,krest,n.,1. 鸟冠，鸡冠，冠毛 2.,英语专业四八级词汇表
crest,krest,,(头盔上的)羽饰，翎毛 3. 山顶，顶点，顶峰 4.,英语专业四八级词汇表
crest,krest,,(信纸等上面的)纹章，饰章,英语专业四八级词汇表
crew,kruː,n.,全体船员，全体乘务员,英语专业四八级词汇表
crib,krɪb,n.,1. 饲料槽 2. 马厩图(如基督教会圣诞节所陈列的马厩模型，展示耶稣在伯利恒诞生之情景),英语专业四八级词汇表
crime,kraɪm,n.,罪行，罪恶,英语专业四八级词汇表
criminal,ˈkrɪmɪnl,adj.,犯罪的，刑事的 n. 罪犯，犯人,英语专业四八级词汇表
crimson,ˈkrɪmzn,n.,深红，绯红 adj. 深红色的，绯红色的 v.,英语专业四八级词汇表
crimson,ˈkrɪmzn,,(使)变绯红色,英语专业四八级词汇表
cringe,krɪndʒ,v.,1. 畏缩，退缩 2. 奉承，卑躬屈膝,英语专业四八级词汇表
crinkle,ˈkrɪŋkl,n.,皱纹 v.,英语专业四八级词汇表
crinkle,ˈkrɪŋkl,,(使)起皱,英语专业四八级词汇表
cripple,ˈkrɪpl,n.,跛足的人，残废人 v. 1. 使…残废 2. 使…受损害，使…丧失活动能力,英语专业四八级词汇表
crisis,ˈkraɪsɪs,n.,1. 危机 2. 危急存亡之际，决定性时刻，转折点,英语专业四八级词汇表
crisp,krɪsp,adj.,1. 脆的，硬而易碎的 2. 清新的，爽快的 3. 干脆明确的(态度等),英语专业四八级词汇表
criterion,kraɪˈtɪərɪən,,（pl criteria) n. 标准，准则,英语专业四八级词汇表
critic,ˈkrɪtɪk,n.,批评家，评论家,英语专业四八级词汇表
critical,ˈkrɪtɪkəl,adj.,1. 批评(性)的，评论(性)的 2. 对…表示谴责的，对…感到不满的 3. 紧要的，关键性的，危害的,英语专业四八级词汇表
criticism,ˈkrɪtɪsɪzəm,n.,1. 评论文章，评论 2. 批评，指责，非难,英语专业四八级词汇表
"criticize, criticise",ˈkrɪtɪsaɪz,v.,1. 批评，批判，评价，评论  2. 非难，挑剔,英语专业四八级词汇表
critique,krɪˈtiːk,n.,评论性文章(书籍)，评论,英语专业四八级词汇表
croak,krəʊk,v.,&n. 1.,英语专业四八级词汇表
croak,krəʊk,,(作)蛙鸣声，(发出)哑声 2. 用低沉沙哑的声音说话,英语专业四八级词汇表
crockery,ˈkrɒkərɪ,,n.,英语专业四八级词汇表
crockery,ˈkrɒkərɪ,,(杯、碟等)瓦器，陶器,英语专业四八级词汇表
crocodile,ˈkrɒkədaɪl,n.,1. 鳄鱼，鳄鱼皮 2. 双列队行进的学童,英语专业四八级词汇表
crook,krʊk,n.,1. 小偷，贼，坏蛋 2. 弯曲(处),英语专业四八级词汇表
crooked,ˈkrʊkɪd,adj.,1. 弯曲的，扭曲的 2. 不诚实的，行为不端的,英语专业四八级词汇表
crop,krɒp,n.,1.,英语专业四八级词汇表
crop,krɒp,,(pl)庄稼 2. 收成 3. 一批，一群，大量  v. 1. 收割，收获 2. 修剪，剪短 3. 突然发生，出现 || crop up意外地发生和出现,英语专业四八级词汇表
cross,krɒs,n.,1. 十字形、叉形记号、十字架等 2. 杂交，杂种 v. 1. 越过，穿过，渡过  2. 交叉，相交 || cross out划掉,英语专业四八级词汇表
crossbow,ˈkrɒsbəʊ,n.,石弓，弩,英语专业四八级词汇表
crosscheck,ˈkrɒstʃek,v.,反复核对、查证,英语专业四八级词汇表
cross-examine,ˌkrɒs ɪɡˈzæmɪn,v.,1.,英语专业四八级词汇表
cross-examine,ˌkrɒs ɪɡˈzæmɪn,,(用于法律)严诘，盘问(某人) 2. 追问，详询(某人),英语专业四八级词汇表
crossing,ˈkrɒsɪŋ,n.,1. 横渡，横穿 2. 交叉，交叉点，十字路口 3. 渡口,英语专业四八级词汇表
crossroads,ˈkrɒsrəʊdz,n.,十字路口,英语专业四八级词汇表
crossword,ˈkrɒswɜːd,n.,纵横字谜，填字游戏,英语专业四八级词汇表
crotch,krɒtʃ,n.,胯(人体两腿分叉处),英语专业四八级词汇表
crouch,kraʊtʃ,n.,蹲伏，蜷缩，屈(膝)，(低)头,英语专业四八级词汇表
crow,krəʊ,n.,1. 鸦，乌鸦 2. 鸡啼 v. 1.,英语专业四八级词汇表
crow,krəʊ,,(雄鸡)啼 2. 吹嘘，得意洋洋,英语专业四八级词汇表
crowd,kraʊd,n.,群，人群 v. 聚集，群集,英语专业四八级词汇表
crown,kraʊn,n.,1. 王冠，冕 2. 君王，王权，王国政府 3. 头顶，顶部，顶峰 v.  1. 为…加冕 2. 使圆满完成,英语专业四八级词汇表
crucial,ˈkruːʃəl,adj.,极重要的，决定性的，关键性的,英语专业四八级词汇表
crucify,ˈkruːsɪfaɪ,v.,1. 钉在十字架上处死 2.,英语专业四八级词汇表
crucify,ˈkruːsɪfaɪ,,(公开地)虐待，迫害，折磨,英语专业四八级词汇表
crude,kruːd,adj.,1. 天然的，未加工的 2. 粗糙的，简陋的 3. 粗野的，未加修饰的，赤裸裸的  n. 原油,英语专业四八级词汇表
cruel,ˈkrʊəl,adj.,1. 残忍的，残酷的 2. 令人痛苦的,英语专业四八级词汇表
cruelty,ˈkrʊəltɪ,n.,1. 残忍，残酷 2.,英语专业四八级词汇表
cruelty,ˈkrʊəltɪ,,(pl)残酷的行为,英语专业四八级词汇表
cruise,kruːz,v.,1. 巡航，游弋 2. 旅行，漫游,英语专业四八级词汇表
cruiser,ˈkruːzə,n.,1. 巡洋舰 2. 有船舱的游艇,英语专业四八级词汇表
crumb,krʌm,n.,面包屑,英语专业四八级词汇表
crumble,ˈkrʌmbl,v.,1. 弄碎，粉碎 2. 崩溃，瓦解,英语专业四八级词汇表
crunch,krʌntʃ,v.,1.,英语专业四八级词汇表
crunch,krʌntʃ,,(嘎吱作响的)啃，咬，嚼 2. 在…上嘎吱作响地走  n. 嘎吱声,英语专业四八级词汇表
crusade,kruːˈseɪd,n.,1.,英语专业四八级词汇表
crusade,kruːˈseɪd,,(usu cap)十字军东征 2. 运动，斗争  v. 介入，参与(运动),英语专业四八级词汇表
crush,krʌʃ,v.,1. 压碎 2. 压服，压倒 n. 1. 压碎 2.,英语专业四八级词汇表
crush,krʌʃ,,(水果的)汁,英语专业四八级词汇表
crust,krʌst,n.,1.,英语专业四八级词汇表
crust,krʌst,,(面包等)皮，外壳 2. 硬外皮，外壳,英语专业四八级词汇表
crutch,krʌtʃ,n.,1. 拐杖，丁字形的拐杖 2. 支柱，支架,英语专业四八级词汇表
crux,krʌks,n.,关键，问题的症结,英语专业四八级词汇表
cry,kraɪ,v.,1. 哭，流泪 2. 发出叫声，叫喊 n. 1. 哭泣 2.,英语专业四八级词汇表
cry,kraɪ,,(表示种种感情的)叫声,英语专业四八级词汇表
crypt,krɪpt,n.,地窖，教堂的地下室,英语专业四八级词汇表
cryptic,ˈkrɪptɪk,adj.,隐藏的， 隐义的，神秘的,英语专业四八级词汇表
crystal,ˈkrɪstl,n.,1. 水晶  2. 结晶,英语专业四八级词汇表
cub,kʌb,n.,幼兽,英语专业四八级词汇表
cube,kjuːb,n.,1. 立方体，正六面体 2. 立方,英语专业四八级词汇表
cubic,ˈkjuːbɪk,adj.,1. 立方体的，立方形的 2. 三次的，立方的,英语专业四八级词汇表
cuckoo,ˈkʊkuː,n.,布谷鸟，杜鹃,英语专业四八级词汇表
cucumber,ˈkjuːkʌmbə,n.,黄瓜,英语专业四八级词汇表
cuddle,ˈkʌdl,v.,1. 搂抱，拥抱 2. 依偎着睡，蜷着身体睡  n. 拥抱，紧抱,英语专业四八级词汇表
cudgel,ˈkʌdʒəl,n.,棒，短棍,英语专业四八级词汇表
cue,kjuː,n.,1.,英语专业四八级词汇表
cue,kjuː,,(给演员等所作的)提示，提词 2. 暗示，指引,英语专业四八级词汇表
cuff,kʌf,n.,袖口，袖头  v. 掌击，轻拍,英语专业四八级词汇表
cuisine,kwɪˈziːn,n.,烹饪,英语专业四八级词汇表
culminate,ˈkʌlmɪneɪt,v.,达到顶点(高潮)，以…告终 || culminate in达到…高峰，终于,英语专业四八级词汇表
culprit,ˈkʌlprɪt,n.,罪犯，犯法者,英语专业四八级词汇表
cult,kʌlt,n.,1. 狂热崇拜，邪教 2. 时尚，风靡一时的喜好、事物,英语专业四八级词汇表
cultivate,ˈkʌltɪveɪt,v.,1. 耕，耕作 2. 栽培(植物)，养殖(鱼类等) 3. 培养，修习，陶冶  (思想、感情等),英语专业四八级词汇表
cultivated,ˈkʌltɪveɪtɪd,adj.,有教养的，有修养的，文雅的,英语专业四八级词汇表
cultural,ˈkʌltʃərəl,adj.,1. 文化上的，文化的，人文的 2. 有教养的,英语专业四八级词汇表
culture,ˈkʌltʃə,n.,1. 文化，精神文明 2. 教养，陶冶，修养 3. 栽培，养殖，培养,英语专业四八级词汇表
cumbersome,ˈkʌmbəsəm,adj.,笨重的,英语专业四八级词汇表
cumulative,ˈkjuːmjʊlətɪv,adj.,累积的，渐增的,英语专业四八级词汇表
cunning,ˈkʌnɪŋ,adj.,&n. 狡猾(的)，狡诈(的),英语专业四八级词汇表
cup,kʌp,n.,1. 杯子 2.,英语专业四八级词汇表
cup,kʌp,,(一)杯 3. 奖杯，优胜杯 v. 使…成杯状,英语专业四八级词汇表
cupboard,ˈkʌbəd,n.,碗橱， 食品橱，壁橱,英语专业四八级词汇表
curable,ˈkjʊərəbl,adj.,可医治的，医得好的,英语专业四八级词汇表
curator,kjʊəˈreɪtə,,n.,英语专业四八级词汇表
curator,kjʊəˈreɪtə,,(博物馆等)馆长,英语专业四八级词汇表
curb,kɜːb,n.,1. 勒马的链条(皮带) 2. 控制，约束，抑制  v. 1. 给(马)装上勒马链，勒住(马) 2. 控制，约束，抑制,英语专业四八级词汇表
curd,kɜːd,n.,凝乳，凝乳状物,英语专业四八级词汇表
cure,kjʊə,v.,1. 治愈 2. 纠正，矫正  n. 1. 治愈，痊愈 2. 疗法，对策 3. 治疗，疗程,英语专业四八级词汇表
curfew,ˈkɜːfjuː,n.,宵禁,英语专业四八级词汇表
curiosity,ˌkjʊrɪˈɒsətɪ,n.,1. 好奇(心) 2. 奇品，珍品，古玩,英语专业四八级词汇表
curious,ˈkjʊərɪəs,adj.,1. 好奇的，有求知欲的 2. 奇特的，不寻常的,英语专业四八级词汇表
curl,kɜːl,n.,1. 卷毛，卷发 2. 卷曲物，螺旋状 v. 1. 蜷缩 2.,英语专业四八级词汇表
curl,kɜːl,,(烟)缭绕,英语专业四八级词汇表
currency,ˈkʌrənsɪ,n.,货币，通货，流通,英语专业四八级词汇表
current,ˈkʌrənt,adj.,1. 目前运用的，广泛流通的 2. 现在的，目前的 n. 1. 水流，气流 2. 思潮，倾向,英语专业四八级词汇表
currently,ˈkʌrəntlɪ,adv.,现在，目前,英语专业四八级词汇表
curriculum,kəˈrɪkjʊləm,n.,课程  || curriculum vitae履历，简历,英语专业四八级词汇表
curry,ˈkʌrɪ,n.,1. 咖喱粉 2. 用咖喱烹调的菜肴 v. 用咖喱调制,英语专业四八级词汇表
curse,kɜːs,n.,诅咒，咒骂，骂人话  v. 诅咒，咒骂,英语专业四八级词汇表
cursed,ˈkəːsɪd,adj.,可憎的，可恶的，讨厌的,英语专业四八级词汇表
cursive,ˈkɜːsɪv,,adj.,英语专业四八级词汇表
cursive,ˈkɜːsɪv,,(指书法)草书的，草体的,英语专业四八级词汇表
cursor,ˈkɜːsə,,n.,英语专业四八级词汇表
cursor,ˈkɜːsə,,(电脑屏幕上可移动的)光标,英语专业四八级词汇表
cursory,ˈkɜːsərɪ,adj.,粗略的，匆促的，草率的,英语专业四八级词汇表
curt,kɜːt,,adj.,英语专业四八级词汇表
curt,kɜːt,,(言词)简短的，草率无礼的,英语专业四八级词汇表
curtail,kɜːˈteɪl,v.,缩短，减缩,英语专业四八级词汇表
curtain,ˈkɜːtn,n.,1. 帘，窗帘，门帘 2. 幕，启幕，落幕,英语专业四八级词汇表
curve,kɜːv,n.,1. 曲线 2. 弯曲，转弯 v. 转弯,英语专业四八级词汇表
cushion,ˈkʊʃən,n.,垫子，坐垫，靠垫,英语专业四八级词汇表
custard,ˈkʌstəd,n.,1.,英语专业四八级词汇表
custard,ˈkʌstəd,,(BrE)蛋奶甜羹 2. 乳蛋糕,英语专业四八级词汇表
custody,ˈkʌstədɪ,n.,1. 监护权，监管 2. 扣留，监禁,英语专业四八级词汇表
custom,ˈkʌstəm,n.,习惯，风俗，惯例,英语专业四八级词汇表
customary,ˈkʌstəmərɪ,adj.,习惯的，惯例的，通常的,英语专业四八级词汇表
customer,ˈkʌstəmə,n.,顾客,英语专业四八级词汇表
cut,kʌt,v.,1. 分割，切开 2. 削减，缩短 || cut across走捷径 [cut down削减，压缩] cut in插嘴 [cut off①删去②停止，戒掉(吸烟)] cut up切碎 n. 1. 破口，伤口 2. 削减，减少,英语专业四八级词汇表
cute,kjuːt,adj.,娇小可爱的,英语专业四八级词汇表
cutlery,ˈkʌtlərɪ,n.,刀具，餐具,英语专业四八级词汇表
cyberspace,ˈsaɪbəspeɪs,n.,网络(网上)空间,英语专业四八级词汇表
cycle,ˈsaɪkl,n.,1. 周期，循环 2.,英语专业四八级词汇表
cycle,ˈsaɪkl,,(无线电)周(波)  v. 1. 循环，轮转 2. 骑自行车(三轮脚踏车，机器脚踏车),英语专业四八级词汇表
cyclic(al),ˈsaɪklɪk(əl),adj.,循环的，周期的,英语专业四八级词汇表
cyclist,ˈsaɪklɪst,n.,骑自行车(三轮脚踏车、机器脚踏车)的人,英语专业四八级词汇表
cyclone,ˈsaɪkləʊn,n.,旋风，飓风,英语专业四八级词汇表
cylinder,ˈsɪlɪndə,n.,1. 圆筒，圆柱体 2. 汽缸 3.,英语专业四八级词汇表
cylinder,ˈsɪlɪndə,,(印刷机)滚筒 4.,英语专业四八级词汇表
cylinder,ˈsɪlɪndə,,(左轮手枪的)旋转枪膛 5. 圆柱体体积,英语专业四八级词汇表
cynic,ˈsɪnɪk,n.,愤世嫉俗的人，好挖苦的人,英语专业四八级词汇表
cynical,ˈsɪnɪkəl,adj.,愤世嫉俗的，(对人性或动机)怀疑的,英语专业四八级词汇表
cynicism,ˈsɪnɪsɪzəm,n.,愤世嫉俗的态度,英语专业四八级词汇表
Czar,zɑː,n.,俄国沙皇(= Tsar),英语专业四八级词汇表
Dacron,ˈdækrɒn,n.,涤纶，的确良,英语专业四八级词汇表
dad,dæd,n.,爸爸，爹爹,英语专业四八级词汇表
daddy,ˈdædɪ,n.,爸爸，爹爹,英语专业四八级词汇表
daffodil,ˈdæfədɪl,n.,水仙花,英语专业四八级词汇表
daft,dɑːft,adj.,傻的，愚蠢的,英语专业四八级词汇表
dagger,ˈdæɡə,n.,匕首，短剑 || at daggers drawn剑拔弩张，势不两立 v. 用匕首刺,英语专业四八级词汇表
daily,ˈdeɪlɪ,adj.,每日的，日常的 adv. 每日，天天 n. 日报,英语专业四八级词汇表
dainty,ˈdeɪntɪ,adj.,1. 娇美的，晴朗的 2. 秀丽的，精致的  n. 1. 美味的食物 2. 珍品,英语专业四八级词汇表
dairy,ˈdeərɪ,n.,牛奶公司，乳品店，牛奶场 adj. 牛奶的，乳品的,英语专业四八级词汇表
dais,ˈdeɪɪs,n.,讲台,英语专业四八级词汇表
daisy,ˈdeɪzɪ,n.,雏菊花,英语专业四八级词汇表
dam,dæm,n.,堤坝 v. 1. 筑堤坝 2. 阻止，抑制(情感等),英语专业四八级词汇表
damage,ˈdæmɪdʒ,n.,1. 损害，损失 2.,英语专业四八级词汇表
damage,ˈdæmɪdʒ,,(pl)损害赔偿金  v. 损伤，破坏,英语专业四八级词汇表
damn,dæm,,int.,英语专业四八级词汇表
damn,dæm,,(表示愤怒、厌烦、失望等)该死的，他妈的 v. 1. 指责，谴责 2. 咒骂 n. 1. 咒骂 2. 丝毫，多一点点,英语专业四八级词汇表
damned,dæmd,adj.,打入地狱的，该死的，糟糕的，讨厌的 adv.,英语专业四八级词汇表
damned,dæmd,,(infml)非常,英语专业四八级词汇表
dampen,ˈdæmpən,v.,1. 使潮湿 2. 使减弱，抑制,英语专业四八级词汇表
damper,ˈdæmpə,n.,气门，气闸,英语专业四八级词汇表
damsel,ˈdæmzl,n.,未婚少女,英语专业四八级词汇表
dance,dɑːns,v.,1. 跳舞，舞蹈 2. 跳跃 n. 1. 舞蹈，舞曲，舞会 2. 跳跃,英语专业四八级词汇表
dancer,ˈdɑːnsə,n.,跳舞者，舞蹈演员，舞女,英语专业四八级词汇表
dandelion,ˈdændɪlaɪən,n.,蒲公英,英语专业四八级词汇表
danger,ˈdeɪndʒə,n.,1. 危险，危险事物 2. 威胁,英语专业四八级词汇表
dangle,ˈdæŋɡl,,v.,英语专业四八级词汇表
dangle,ˈdæŋɡl,,(使)悬荡，(使)悬垂,英语专业四八级词汇表
dank,dæŋk,adj.,阴湿的，湿冷的,英语专业四八级词汇表
Danish,ˈdeɪnɪʃ,adj.,丹麦的，丹麦人的，丹麦语的 n. 丹麦人，丹麦语,英语专业四八级词汇表
dapper,ˈdæpə,adj.,衣着整洁的,英语专业四八级词汇表
dappled,ˈdæpld,adj.,有斑点的，斑驳的,英语专业四八级词汇表
dare,deə,,aux.,英语专业四八级词汇表
dare,deə,,v.,英语专业四八级词汇表
dare,deə,,(用于疑 问、否定、条件句)敢，竟敢  v. 1. 敢，敢做，敢尝试 2. 激，向…挑战  n. 挑战,英语专业四八级词汇表
daring,ˈdeərɪŋ,n.,大胆，勇敢 adj. 大胆的，勇敢的，震惊的,英语专业四八级词汇表
dark,dɑːk,adj.,1. 黑暗的，阴暗的 2. 深色的，黑色的 3. 阴郁的，沉闷的,英语专业四八级词汇表
darken,ˈdɑːkən,v.,使变暗，使变黑，使变深,英语专业四八级词汇表
darkness,ˈdɑːknəs,n.,1. 黑暗，阴暗 2. 无知，愚昧 3. 邪恶,英语专业四八级词汇表
darling,ˈdɑːlɪŋ,n.,心爱的人(动物)，亲爱的，宠儿 adj. 心爱的，喜爱的，宠爱的,英语专业四八级词汇表
darn,dɑːn,v.,.织补 n. 织补处,英语专业四八级词汇表
dart,dɑːt,n.,飞镖 v. 猛冲，投掷，发射,英语专业四八级词汇表
dash,dæʃ,v.,1. 猛冲，猛掷 2. 砸碎 n. 1. 飞奔，短跑 2. 少许 3. 破折号,英语专业四八级词汇表
data,ˈdeɪtə,n.,资料，数据,英语专业四八级词汇表
database,ˈdeɪtəˌbeɪs,n.,资料库，数据库,英语专业四八级词汇表
dated,ˈdeɪtɪd,adj.,旧式的，过时的,英语专业四八级词汇表
daughter,ˈdɔːtə,n.,女儿,英语专业四八级词汇表
daughter-in-law,ˈdɔːtər ɪn lɔː,n.,儿媳妇,英语专业四八级词汇表
daunt,dɔːnt,v.,使胆怯，使畏缩,英语专业四八级词汇表
dauntless,ˈdɔːntlɪs,adj.,无所畏惧的，勇敢的,英语专业四八级词汇表
dawdle,ˈdɔːdl,v.,闲荡，耽误，偷懒,英语专业四八级词汇表
dawn,dɔːn,n.,1. 黎明，拂晓 2. 开端，起始 v. 1. 破晓 2. 开始，展现,英语专业四八级词汇表
day,deɪ,n.,"1. 天，白天 2. 日光，阳光 3. 时期，时代 || a day off不工作的一天 [all day 整天，从早到晚] by day在白天 [call it a day收工，结束] day and night日日夜夜 [day by day一天天] day in,",英语专业四八级词汇表
day,deɪ,day,out日复一日 [in all one's born days一生中] of the day当代的，当时的 /to this day迄今 adj. 白昼的，日间的,英语专业四八级词汇表
daybreak,ˈdeɪbreɪk,n.,黎明，破晓,英语专业四八级词汇表
daydream,ˈdeɪdriːm,v.,& n.,英语专业四八级词汇表
daydream,ˈdeɪdriːm,,(做)白日梦，幻想，空想,英语专业四八级词汇表
daylight,ˈdeɪlaɪt,n.,日光，天明,英语专业四八级词汇表
daytime,ˈdeɪtaɪm,n.,白天，日间 adj. 白昼的，日间发生的,英语专业四八级词汇表
daze,deɪz,v.,1. 使发昏，使茫然 2. 使眼花缭乱，使惊奇  n. 迷乱，恍惚,英语专业四八级词汇表
dazzle,ˈdæzl,v.,1. 使眼花，耀眼 2. 使惊奇，使倾倒 n. 闪耀，耀眼,英语专业四八级词汇表
deacon,ˈdiːkən,n.,教会中的执事,英语专业四八级词汇表
dead,ded,adj.,1. 死的，死一般的，静止的 2. 完全的 3. 无生气的  n. 死者 adv. 全然地，绝对地，直接地,英语专业四八级词汇表
deaden,ˈdedən,v.,"减轻力量(强度),减缓…的感觉，使钝",英语专业四八级词汇表
deadline,ˈdedlaɪn,n.,截止时间(期限),英语专业四八级词汇表
deadly,ˈdedlɪ,adj.,致命的，势不两立的，死气沉沉的 adv. 死一般地，非常，极度,英语专业四八级词汇表
deadweight,ˈdedweɪt,n.,静止重量，净重,英语专业四八级词汇表
deaf,def,adj.,1. 聋的，失聪的 2. 不愿听的,英语专业四八级词汇表
dealer,ˈdiːlə,n.,商人，证券经纪人,英语专业四八级词汇表
dealing,ˈdiːlɪŋ,n.,1. 分发  2. 对待 3. 交易，来往,英语专业四八级词汇表
dean,diːn,n.,1. 教务长 2.,英语专业四八级词汇表
dean,diːn,,(大学的)学院院长，系主任 v. 担任教务长(院长、系主任等),英语专业四八级词汇表
dear,dɪə,adj.,1. 亲爱的，心爱的，可爱的 2. 宝贵的，昂贵的 3. 忠心的，热切的  || dear knows天晓得 int.,英语专业四八级词汇表
dear,dɪə,,(表示惊讶、悲伤、苦恼等)呵，哎呀,英语专业四八级词汇表
death,deθ,n.,1. 死，死亡 2. 毁灭，结束  || as sure as death千真万确,英语专业四八级词汇表
deathly,ˈdeθlɪ,adj.,致死的，致命的，死一般的 adv. 死一般地，极其，非常,英语专业四八级词汇表
debacle,deɪˈbɑːkl,n.,崩溃，大败,英语专业四八级词汇表
debase,dɪˈbeɪs,v.,使贬值，降低…的身份，贬低,英语专业四八级词汇表
debate,dɪˈbeɪt,v.,1. 辩论，讨论 2. 考虑，盘算 n. 辩论，争论，辩论比赛,英语专业四八级词汇表
debilitate,dɪˈbɪlɪteɪt,v.,使衰弱(虚弱),英语专业四八级词汇表
debit,ˈdebɪt,,n.,英语专业四八级词汇表
debit,ˈdebɪt,,(账簿中的)收方，借方  v. 把…记入借方,英语专业四八级词汇表
debris,ˈdeɪbriː,n.,残骸，废墟，破瓦残砾,英语专业四八级词汇表
debt,det,n.,债，债务，欠债,英语专业四八级词汇表
debtor,ˈdetə,n.,债务人,英语专业四八级词汇表
debug,ˌdiːˈbʌɡ,v.,1. 拆除窃听器 2. 消除(电脑程序中的)错误,英语专业四八级词汇表
debut,ˈdeɪbjuː,n.,初次登台，初次公开露面,英语专业四八级词汇表
decade,ˈdekeɪd,n.,十年，十,英语专业四八级词汇表
decadent,ˈdekədənt,adj.,颓废的，衰落的，堕落的,英语专业四八级词汇表
decay,dɪˈkeɪ,v.,1. 使腐败，使腐烂 2. 使衰弱，使衰退  n. 1. 腐烂，腐朽 2. 衰退，衰败,英语专业四八级词汇表
decease,dɪˈsiːs,v.,死，亡故,英语专业四八级词汇表
deceased,dɪˈsiːst,adj.,去世的 n. 死者,英语专业四八级词汇表
deceit,dɪˈsiːt,n.,欺骗，欺诈，骗术,英语专业四八级词汇表
deceitful,dɪˈsiːtfəl,adj.,欺诈的，不诚实的,英语专业四八级词汇表
deceive,dɪˈsiːv,v.,欺骗，欺诈,英语专业四八级词汇表
decelerate,ˌdiːˈseləreɪt,,v.,英语专业四八级词汇表
decelerate,ˌdiːˈseləreɪt,,(使)减速，减缓,英语专业四八级词汇表
December,dɪˈsembə,n.,十二月,英语专业四八级词汇表
decency,ˈdiːsənsɪ,n.,1. 合家，得体 2. 宽容，大方 3. 正派，合乎礼仪，体面 4.,英语专业四八级词汇表
decency,ˈdiːsənsɪ,,(pl)礼仪，行为，准则,英语专业四八级词汇表
decent,ˈdiːsənt,adj.,1. 体面的，得体的，正当的 2. 严肃的，高雅的，正派的 3. 和气的，过得去的，宽容的,英语专业四八级词汇表
deception,dɪˈsepʃən,n.,欺骗，诡计，骗局,英语专业四八级词汇表
deceptive,dɪˈseptɪv,adj.,欺骗的，虚假的，容易使人上当的,英语专业四八级词汇表
decibel,ˈdesɪbel,n.,分贝,英语专业四八级词汇表
decide,dɪˈsaɪd,v.,1. 决定，选定 2. 解决，判决 3. 使下决心，使决定,英语专业四八级词汇表
decidedly,dɪˈsaɪdɪdɪ,adv.,下定决心地，毅然决然地,英语专业四八级词汇表
decimal,ˈdesɪml,n.,小数，十进小数 adj. 小数的，十进位的,英语专业四八级词汇表
decimate,ˈdesɪmeɪt,v.,大批杀死，毁掉…的大部分,英语专业四八级词汇表
decipher,dɪˈsaɪfə,v.,译解(密码)，解开(疑团),英语专业四八级词汇表
decision,dɪˈsɪʒən,n.,1. 决定，抉择，判决 2. 果断，决心,英语专业四八级词汇表
decisive,dɪˈsaɪsɪv,adj.,1. 坚决的，果断的，有决定作用的 2. 确定的，明确的,英语专业四八级词汇表
deckhand,ˈdekhænd,n.,在甲板上工作的海员，水手,英语专业四八级词汇表
declaim,dɪˈkleɪm,v.,高声朗诵，慷慨陈词，大声辩说,英语专业四八级词汇表
declaration,ˌdekləˈreɪʃən,n.,宣告，宣言，布告,英语专业四八级词汇表
declare,dɪˈkleə,v.,1. 宣告，公告，2. 表明，断言 3. 申报(纳税品等),英语专业四八级词汇表
decline,dɪˈklaɪn,v.,1. 衰退，下降，减少 2. 拒绝，婉辞  n. 1. 下降，减少 2. 衰退，衰落期,英语专业四八级词汇表
decode,ˌdiːˈkəʊd,v.,译解(密码),英语专业四八级词汇表
decompose,ˌdiːkəmˈpəʊz,v.,1. 使变坏，腐烂 2. 分解,英语专业四八级词汇表
decor,ˈdeɪkɔː,,n.,英语专业四八级词汇表
decor,ˈdeɪkɔː,,(房间、舞台等的)布置(装饰)，陈设,英语专业四八级词汇表
decorate,ˈdekəreɪt,v.,装饰，装修，粉刷 decorator,英语专业四八级词汇表
decoration,ˌdekəˈreɪʃən,n.,装饰，装饰品，装潢,英语专业四八级词汇表
decorative,ˈdekərətɪv,adj.,美观的，装饰的,英语专业四八级词汇表
decorous,ˈdekərəs,adj.,得体的，合宜的,英语专业四八级词汇表
decorum,dɪˈkɔːrəm,n.,礼节，得体，稳重,英语专业四八级词汇表
decoy,ˈdiːkɔɪ,n.,用作诱饵的人(物)  v. 用诱饵诱骗，使落入圈套,英语专业四八级词汇表
decrease,dɪˈkriːs,,v.,英语专业四八级词汇表
decrease,dɪˈkriːs,,(使)减少，减弱，减轻 n. 减少，减少额,英语专业四八级词汇表
decree,dɪˈkriː,n.,命令，法令，判决 v. 命令，颁布命令，判定,英语专业四八级词汇表
decry,dɪˈkraɪ,n.,责难，(公开)谴责,英语专业四八级词汇表
dedicate,ˈdedɪkeɪt,v.,1. 以…奉献 2. 为…举行落成仪式  3. 把(一生等)献给，把(时间、精力等)用于,英语专业四八级词汇表
deduce,dɪˈdjuːs,v.,推论，演绎,英语专业四八级词汇表
deduct,dɪˈdʌkt,v.,扣除，减去,英语专业四八级词汇表
deductible,dɪˈdʌktəbl,adj.,可扣除的,英语专业四八级词汇表
deduction,dɪˈdʌkʃən,n.,1. 推论，演绎 2. 扣除(额)，减去,英语专业四八级词汇表
deed,diːd,n.,1. 事情，作为，行动 2. 契约，证书,英语专业四八级词汇表
deem,diːm,v.,认为，相信，视为,英语专业四八级词汇表
deep,diːp,adj.,1. 深的，厚的，纵深的 2.,英语专业四八级词汇表
deep,diːp,,(颜色)深色的，(声音)低沉的 3. 强烈的，深奥的，高明的 adv. 深深地，在深处,英语专业四八级词汇表
deepen,ˈdiːpən,v.,使变深，变强烈,英语专业四八级词汇表
deeply,ˈdiːplɪ,adv.,深深地,英语专业四八级词汇表
deer,dɪə,n.,鹿,英语专业四八级词汇表
deface,dɪˈfeɪs,v.,损坏…的表面(外观)，磨损,英语专业四八级词汇表
defame,dɪˈfeɪm,v.,诽谤，中伤,英语专业四八级词汇表
default,dɪˈfɔːlt,n.,1. 违约，缺席，拖欠 2.,英语专业四八级词汇表
default,dɪˈfɔːlt,,(电脑的)预设，预置(值) v. 不履行，不到场，未付(债等),英语专业四八级词汇表
defeat,dɪˈfiːt,v.,击败，战胜，挫败 n. 击败，败北,英语专业四八级词汇表
"defence, defense",dɪˈfens,n.,1. 保护，防御 2. 防御工事 3. 答辩，辩词,英语专业四八级词汇表
defend,dɪˈfend,v.,1. 防御，保卫 2. 为…辩护,英语专业四八级词汇表
defendant,dɪˈfendənt,n.,被告,英语专业四八级词汇表
defender,dɪˈfendə,n.,防御者，保卫者，辩护人,英语专业四八级词汇表
defensible,dɪˈfensəbl,adj.,可防御的，能辩护的,英语专业四八级词汇表
defensive,dɪˈfensɪv,adj.,1. 防御性的 2. 自卫的，时刻防备的,英语专业四八级词汇表
defer,dɪˈfɜː,v.,延缓，拖延 || defer to遵从，听从,英语专业四八级词汇表
defiance,dɪˈfaɪəns,n.,违抗，蔑视，挑战,英语专业四八级词汇表
deficiency,dɪˈfɪʃənsɪ,n.,1. 缺乏，短缺 2. 缺点，毛病,英语专业四八级词汇表
deficient,dɪˈfɪʃənt,adj.,有缺陷的，缺乏的，不足的,英语专业四八级词汇表
deficit,ˈdefɪsɪt,n.,赤字，亏损,英语专业四八级词汇表
define,dɪˈfaɪn,v.,解释，给…下定义，确定…的范围(界限),英语专业四八级词汇表
definite,ˈdefɪnət,adj.,清楚的，肯定的，明显的,英语专业四八级词汇表
definitely,ˈdefɪnɪtlɪ,adv.,1. 当然，一定，确定 2.,英语专业四八级词汇表
definitely,ˈdefɪnɪtlɪ,,(和否定词连用)对，绝对,英语专业四八级词汇表
definition,ˌdefɪˈnɪʃən,n.,定义，限定，清晰,英语专业四八级词汇表
definitive,dɪˈfɪnətɪv,adj.,1. 确定的，有权威的，不能(不必)改变的 2. 决定性的,英语专业四八级词汇表
deflate,dɪˈfleɪt,v.,1. 放掉(轮胎等)的气，缩小 2. 泄气  3. 紧缩(通货),英语专业四八级词汇表
deflect,dɪˈflekt,,v.,英语专业四八级词汇表
deflect,dɪˈflekt,,(使)偏斜，转向,英语专业四八级词汇表
defoliate,ˌdiːˈfəʊlɪeɪt,v.,毁掉(树木、花草的)叶,英语专业四八级词汇表
deform,dɪˈfɔːm,v.,毁坏…的外形，使成畸形,英语专业四八级词汇表
defraud,dɪˈfrɔːd,v.,诈取，诈骗,英语专业四八级词汇表
defrost,ˌdiːˈfrɒst,v.,使解冻，给(冰箱等)除霜,英语专业四八级词汇表
deft,deft,adj.,灵巧的，熟练的，机敏的,英语专业四八级词汇表
defunct,dɪˈfʌŋkt,adj.,死的，已废止的,英语专业四八级词汇表
defuse,ˌdiːˈfjuːz,v.,1. 拆除(炸弹等的)信管 2. 缓和，平息，消除危险,英语专业四八级词汇表
defy,dɪˈfaɪ,v.,1. 违抗，蔑视 2. 激(某人)做,英语专业四八级词汇表
degenerate,dɪˈdʒenərət,adj.,退步的，退化的，堕落的 n. 堕落者，腐化者 [dɪˈdʒenəreɪt] v. 退化，衰败，堕落,英语专业四八级词汇表
degrade,dɪˈɡreɪd,v.,1. 使降级，降低，2. 有辱…的人格，使丢脸,英语专业四八级词汇表
degree,dɪˈɡriː,n.,1. 度数，等级，程度 2. 学位,英语专业四八级词汇表
dehydrate,ˌdiːˈhaɪdreɪ,,v.,英语专业四八级词汇表
dehydrate,ˌdiːˈhaɪdreɪ,,(使)脱水，除去…的水分,英语专业四八级词汇表
deify,ˈdiːɪfaɪ,v.,把…神化，把…奉若神明,英语专业四八级词汇表
deity,ˈdiːɪtɪ,n.,神，女神,英语专业四八级词汇表
delay,dɪˈleɪ,v.,&n. 耽搁，延迟，延期,英语专业四八级词汇表
delegate,ˈdelɪɡət,n.,代表，代表团团员 [ˈdelɪɡeɪt] v. 授权，委托，委派…为代表,英语专业四八级词汇表
delegation,ˌdelɪˈɡeɪʃən,n.,代表团，委派,英语专业四八级词汇表
delete,dɪˈliːt,v.,删去，划掉,英语专业四八级词汇表
deli,ˈdelɪ,,n.,英语专业四八级词汇表
deli,ˈdelɪ,,(AmE)(infml)熟食(店),英语专业四八级词汇表
deliberately,dɪˈlɪbəreɪtlɪ,adv.,故意地，蓄意地,英语专业四八级词汇表
deliberation,dɪˌlɪbəˈreɪʃən,n.,1. 考虑，研讨，商议 2. 审慎，从容，沉着,英语专业四八级词汇表
delicacy,ˈdelɪkəsɪ,n.,1. 精致，优美，细微 2. 美味，佳肴,英语专业四八级词汇表
delicate,ˈdelɪkət,adj.,1. 易碎的，娇弱的 2. 精密的，精致的 3. 微妙的 4. 清香的，清淡的,英语专业四八级词汇表
delicatessen,ˌdelɪkəˈtesn,n.,熟食店，熟食,英语专业四八级词汇表
delicious,dɪˈlɪʃəs,adj.,1. 美味的，可口的，芳香的 2. 怡人的,英语专业四八级词汇表
delight,dɪˈlaɪt,n.,欣喜，乐趣 v. 喜欢，乐于，使快乐,英语专业四八级词汇表
delightful,dɪˈlaɪtfʊl,adj.,令人愉快的,英语专业四八级词汇表
delimit,diːˈlɪmɪt,v.,确定…的范围(界线),英语专业四八级词汇表
delineate,dɪˈlɪnɪeɪt,v.,描绘，描述，勾画…的轮廓,英语专业四八级词汇表
delinquency,dɪˈlɪŋkwənsɪ,n.,1. 失职 2. 违法行为 3. 少年犯罪 4. 拖欠的债务,英语专业四八级词汇表
delinquent,dɪˈlɪŋkwənt,n.,& adj. 犯法的，有过失的，(尤指少年犯)违法者,英语专业四八级词汇表
delirious,dɪˈlɪrɪəs,adj.,精神错乱的，胡言乱语的，极度兴奋的,英语专业四八级词汇表
deliver,dɪˈlɪvə,v.,1. 送交，投递，交出 2. 给(产妇)接生，生(婴儿)  3. 发表(演讲等) 4. 给予(打击)  5. 解救,英语专业四八级词汇表
deliverance,dɪˈlɪvərəns,n.,解救，拯救,英语专业四八级词汇表
deliverer,dɪˈlɪvərə,n.,护送者，交付者，救助者,英语专业四八级词汇表
delivery,dɪˈlɪvərɪ,n.,1. 交付，投递，交出 2. 分娩 3. 演讲的风格(方式),英语专业四八级词汇表
delta,ˈdeltə,,n.,英语专业四八级词汇表
delta,ˈdeltə,,(河口的)三角洲,英语专业四八级词汇表
delude,dɪˈluːd,v.,误导，欺骗，哄骗,英语专业四八级词汇表
deluge,ˈdeljuːdʒ,n.,大雨，暴雨，洪水 v. 淹没，涌现,英语专业四八级词汇表
delusion,dɪˈluːʒən,n.,欺骗，错觉，幻想,英语专业四八级词汇表
delve,delv,v.,1. 搜寻，翻查 2. 探索，钻研,英语专业四八级词汇表
"demagogue, demagog",ˈdeməɡɒɡ,n.,蛊惑民心的政客，煽动家,英语专业四八级词汇表
demagogy,ˈdeməɡɒɡɪ,,，demagoguery [ˈdeməɡɒɡərɪ]  n. 蛊惑民心的策略和手段,英语专业四八级词汇表
demand,dɪˈmɑːnd,v.,&n. 要求，请求，需求,英语专业四八级词汇表
demanding,dɪˈmɑːndɪŋ,adj.,要求高的，费力(心)的,英语专业四八级词汇表
demean,dɪˈmiːn,v.,1. 使丢脸，贬低自己，降低…的身份  2. 贬损,英语专业四八级词汇表
"demeanour, demeanor",dɪˈmiːnə,n.,行为，举止,英语专业四八级词汇表
demented,dɪˈmentɪd,adj.,疯狂的，精神错乱的,英语专业四八级词汇表
demerit,diːˈmerɪt,n.,过失，缺点,英语专业四八级词汇表
demo,ˈdeməʊ,n.,示威游行,英语专业四八级词汇表
demobilize,diːˈməʊbɪlaɪz,v.,使复员，退伍，遣散(军队),英语专业四八级词汇表
democracy,dɪˈmɒkrəsɪ,n.,1. 民主政体，民主政府，民主国家 2. 民主作风，民主精神,英语专业四八级词汇表
democrat,ˈdeməkræt,n.,民主主义者，民主人士,英语专业四八级词汇表
democratic,ˌdeməˈkrætɪk,adj.,民主的，民主国家的，民主主义的,英语专业四八级词汇表
demography,dɪˈmɒɡrəfɪ,n.,人口统计学，人口学,英语专业四八级词汇表
demolish,dɪˈmɒlɪʃ,v.,拆毁，废除，吃完,英语专业四八级词汇表
demon,ˈdiːmən,n.,1. 恶魔，恶棍，调皮鬼 2. 精力充沛的人，技艺出众的人,英语专业四八级词汇表
demonic,dɪˈmɒnɪk,adj.,魔鬼(似)的，神通广大的,英语专业四八级词汇表
demonstrable,ˈdemənstrəbl,adj.,可表明的，可证实的,英语专业四八级词汇表
demonstrate,ˈdemənstreɪt,v.,证明，示范，参加示威游行,英语专业四八级词汇表
demonstration,ˌdemənˈstreɪʃən,n.,论证，示范，示威游行(集会),英语专业四八级词汇表
demonstrative,dɪˈmɒnstrətɪv,adj.,1. 易流露 感情的，喜怒形于色 2. 指示的，明白表示的,英语专业四八级词汇表
"demoralize, demoralise",dɪˈmɒrəlaɪz,v.,使士气低落，使泄气，使失去斗志,英语专业四八级词汇表
demote,ˌdiːˈməʊt,v.,使降级，使降职,英语专业四八级词汇表
den,den,n.,兽穴，窝，私室,英语专业四八级词汇表
denial,dɪˈnaɪəl,n.,否认，拒绝，抛弃,英语专业四八级词汇表
denim,ˈdenɪm,n.,斜纹粗棉布，(pl)斜纹棉布裤，牛仔裤,英语专业四八级词汇表
denizen,ˈdenɪzn,n.,"生活在特定地方的人(动植物),居民",英语专业四八级词汇表
denominate,dɪˈnɒmɪneɪt,v.,给…命名，表明,英语专业四八级词汇表
denomination,dɪˌnɒmɪˈneɪʃən,n.,1. 命名，名称，分类 2. 宗派，教派 3.,英语专业四八级词汇表
denomination,dɪˌnɒmɪˈneɪʃən,,(货币)面额，(度量衡等的)单位,英语专业四八级词汇表
denominator,dɪˈnɒmɪneɪtə,n.,分母,英语专业四八级词汇表
denote,dɪˈnəʊt,v.,指示，表示，意思是,英语专业四八级词汇表
denounce,dɪˈnaʊns,v.,指责，痛斥，告发,英语专业四八级词汇表
dense,dens,adj.,密集的，稠密的，不易看透的,英语专业四八级词汇表
densely,denslɪ,adv.,稠密地，密集地,英语专业四八级词汇表
density,ˈdensətɪ,n.,稠密，密度,英语专业四八级词汇表
dent,dent,n.,缺口，凹痕 v. 使凹陷,英语专业四八级词汇表
dental,ˈdentl,adj.,牙齿的，牙科的,英语专业四八级词汇表
dentist,ˈdentɪst,n.,牙科医生,英语专业四八级词汇表
dentistry,ˈdentɪstrɪ,n.,牙科学，牙医术,英语专业四八级词汇表
denture,ˈdentʃə,n.,假牙，托牙,英语专业四八级词汇表
deny,dɪˈnaɪ,v.,否认，拒绝承认，不准,英语专业四八级词汇表
deodorant,diːˈəʊdərənt,n.,除臭剂,英语专业四八级词汇表
depart,dɪˈpɑːt,v.,启程，离开，辞世  || depart from背离， 违反，离开,英语专业四八级词汇表
department,dɪˈpɑːtmənt,n.,1.,英语专业四八级词汇表
department,dɪˈpɑːtmənt,,(政府、学校等的)部门，科系，所 2. 活动领域，知识范围,英语专业四八级词汇表
departure,dɪˈpɑːtʃə,n.,1. 离开，启程，开始 2. 背离,英语专业四八级词汇表
depend,dɪˈpend,v.,1. 取决于，视…而定 2. 信赖，确信 || That all depends; It all depends那得看情况,英语专业四八级词汇表
"dependant, dependent",dɪˈpendənt,n.,受扶养者，受扶养家属,英语专业四八级词汇表
dependence,dɪˈpendəns,n.,1. 依靠，依赖 2. 相信，信赖  3. 对(药物的)依赖，毒瘾,英语专业四八级词汇表
dependent,dɪˈpendənt,adj.,1. 依赖的，取决于…的，从属的 2. 有瘾的,英语专业四八级词汇表
depict,dɪˈpɪkt,,v.,英语专业四八级词汇表
depict,dɪˈpɪkt,,(用图画、文字)表示，描述，描绘,英语专业四八级词汇表
deplete,dɪˈpliːt,v.,大量削减数量(能力、价值)，消耗,英语专业四八级词汇表
deplore,dɪˈplɔː,v.,哀叹，悲叹，对…深表遗憾,英语专业四八级词汇表
deploy,dɪˈplɔɪ,v.,1. 部署，调度，调动 2. 施展，利用,英语专业四八级词汇表
depopulate,ˌdiːˈpɒpjʊleɪt,v.,使人口减少,英语专业四八级词汇表
deport,dɪˈpɔːt,v.,把(外国人)驱逐出境,英语专业四八级词汇表
depose,dɪˈpəʊz,v.,1. 罢免，废黜 2. 宣誓作证,英语专业四八级词汇表
deposit,dɪˈpɒzɪt,v.,1. 放下，放置 2. 使…沉淀，使沉积 3. 存放，存储，寄存 4.,英语专业四八级词汇表
deposit,dɪˈpɒzɪt,,(预付)定金 n. 1. 沉淀物 2. 寄存物，存款 3. 保证金，押金，订金人,英语专业四八级词汇表
deposition,ˌdepəˈzɪʃən,n.,1. 免职，废黝 2. 沉淀物，沉积 3. 作证,英语专业四八级词汇表
depository,dɪˈpɒzɪtərɪ,n.,储藏室，仓库,英语专业四八级词汇表
depot,ˈdepəʊ,n.,1. 仓库，储藏处 2. 公共汽车车库 3.,英语专业四八级词汇表
depot,ˈdepəʊ,,(AmE)火车站,英语专业四八级词汇表
deprecate,ˈdeprəkeɪt,v.,反对，对…表示不赞成,英语专业四八级词汇表
depreciate,dɪˈpriːʃɪeɪt,v.,1.,英语专业四八级词汇表
depreciate,dɪˈpriːʃɪeɪt,,(货币)贬值，降价 2. 轻视，贬低,英语专业四八级词汇表
depreciation,dɪˌpriːʃɪˈeɪʃən,n.,1. 价值跌落，贬值，折旧 2. 贬低,英语专业四八级词汇表
depress,dɪˈpres,v.,1. 使消沉，使抑郁，使萧条 2. 压下，按下 3. 削弱，降低,英语专业四八级词汇表
depressed,dɪˈprest,adj.,1. 抑郁的，沮丧的 2. 不景气的，萧条的 3. 压下的，凹陷的,英语专业四八级词汇表
depressing,dɪˈpresɪŋ,adj.,令人沮丧的，压抑的，使降低的,英语专业四八级词汇表
depression,dɪˈpreʃən,n.,1. 沮丧，抑郁，萧条(期)  2. 凹地，洼地，低压(地区),英语专业四八级词汇表
deprive,dɪˈpraɪv,v.,剥夺，使丧失，使不能做 deprivation,英语专业四八级词汇表
depth,depθ,n.,1. 深，深度，深奥 2.,英语专业四八级词汇表
depth,depθ,,(pl)深渊，深处，正中，3.,英语专业四八级词汇表
depth,depθ,,(学识等)渊博，(兴趣等)强烈 || in depth深入的(地)，彻底的(地)，纵深的(地) /out of one’s depth; beyond one’s depth ①深不着底 ②非…所能理解，为…力所不及,英语专业四八级词汇表
deputation,ˌdepjʊˈteɪʃən,n.,代表，代理人，代表团,英语专业四八级词汇表
deputy,ˈdepjʊtɪ,n.,1. 代表，代理人 2. 副职，副手 3.,英语专业四八级词汇表
deputy,ˈdepjʊtɪ,,(法国等)众议员,英语专业四八级词汇表
derail,dɪˈreɪl,v.,使(火车等)出轨,英语专业四八级词汇表
Derby,ˈdɑːbɪ,n.,1.,英语专业四八级词汇表
Derby,ˈdɑːbɪ,,(cap) 德比马赛 2. 马赛，大赛,英语专业四八级词汇表
deregulate,ˌdiːˈreɡjʊleɪt,v.,撤销对…的管制规定，解除对…的控制,英语专业四八级词汇表
derelict,ˈderəlɪkt,adj.,被弃置的，破败的，荒废的  n. 被遗弃的人,英语专业四八级词汇表
deride,dɪˈraɪd,v.,嘲笑，愚弄,英语专业四八级词汇表
derision,dɪˈrɪʒən,n.,嘲笑，愚弄,英语专业四八级词汇表
derivation,ˌderɪˈveɪʃən,n.,1. 得到，推论 2. 起源，出身 3. 派生，词源,英语专业四八级词汇表
derivative,dɪˈrɪvətɪv,adj.,派生的，衍生的，缺乏独创性的,英语专业四八级词汇表
derive,dɪˈraɪv,v.,1. 取得，得到 2. 追溯…的起源(由来)，衍生 3. 推论出，引申出,英语专业四八级词汇表
derogatory,dɪˈrɒɡətrɪ,adj.,贬义的，诽谤的,英语专业四八级词汇表
derrick,ˈderɪk,n.,转臂起重机，钻井塔，油井架,英语专业四八级词汇表
descend,dɪˈsend,v.,1. 下降，下跌，落下 2. 递减 3. 袭击，突然访问 4. 祖传，起源于，是…的后裔,英语专业四八级词汇表
descendant,dɪˈsendənt,n.,后裔，子孙 adj. 下降的，派生的，(从祖先)传下的,英语专业四八级词汇表
descent,dɪˈsent,n.,1. 下降，下来 2. 下倾，斜坡 3. 血统，世袭，遗传 4. 袭击，突然的访问,英语专业四八级词汇表
describe,dɪˈskraɪb,v.,1. 叙述，描写，形容 2. 描绘，画，把…说成,英语专业四八级词汇表
description,dɪˈskrɪpʃən,n.,1. 叙述，描写，描绘 2. 种类，性质,英语专业四八级词汇表
descriptive,dɪˈskrɪptɪv,adj.,叙述的，描写的，描述性的,英语专业四八级词汇表
desegregate,ˌdiːˈseɡrɪɡeɪt,v.,废除…的种族隔离,英语专业四八级词汇表
deserve,dɪˈzɜːv,v.,应得，应受，值得,英语专业四八级词汇表
desiccate,ˈdesɪkeɪt,,v.,英语专业四八级词汇表
desiccate,ˈdesɪkeɪt,,(使)变干燥，使干涸,英语专业四八级词汇表
design,dɪˈzaɪn,n.,& v. 1. 设计，图样，图案 2. 计划，图谋，打算 3. 构思，方案,英语专业四八级词汇表
designate,ˈdezɪɡneɪt,v.,1·标出，指明，称呼 2. 指派，任命  adj. 已受委派(当选)而尚未就职的，候任的,英语专业四八级词汇表
designation,ˌdezɪɡˈneɪʃən,n.,1. 标示，指定 2. 命名，称呼  3. 指派，委任,英语专业四八级词汇表
designer,dɪˈzaɪnə,n.,设计者，构思者，谋划者 adj. 由设计师专门设计的，标出设计师姓名的,英语专业四八级词汇表
desirable,dɪˈzaɪərəbl,adj.,理想的，值得拥有的，可取的,英语专业四八级词汇表
desire,dɪˈzaɪə,n.,& v. 1. 意欲，渴望，愿望 2. 要求，请求,英语专业四八级词汇表
desirous,dɪˈzaɪərəs,adj.,希望，渴望,英语专业四八级词汇表
desk,desk,n.,1. 书桌，办公桌 2. 服务台，问讯台 3. 部，司，室,英语专业四八级词汇表
desktop,ˈdesktɒp,n.,桌面 adj. 小型电脑的，使用小型电脑的,英语专业四八级词汇表
desolate,ˈdesələt,adj.,1. 孤独凄凉的，阴郁的，可怜的 2. 荒凉的，荒废的,英语专业四八级词汇表
desolation,ˌdesəˈleɪʃən,n.,1. 荒芜，凄凉，荒废 2. 悲哀，孤寂,英语专业四八级词汇表
despair,dɪˈspeə,n.,& v. 绝望，失望,英语专业四八级词汇表
desperate,ˈdespərɪt,adj.,1. 绝望的，孤注一掷的 2. 亡命的，不顾一切的,英语专业四八级词汇表
desperation,ˌdespəˈreɪʃən,n.,绝望，拼命，铤而走险,英语专业四八级词汇表
despicable,ˈdespɪkəbl,adj.,可鄙的，卑劣的,英语专业四八级词汇表
despise,dɪˈspaɪz,v.,鄙视，蔑视，轻视,英语专业四八级词汇表
despite,dɪˈspaɪt,n.,1. 侮辱，伤害 2. 恶意，怨恨 prep. 尽管，不顾，虽然,英语专业四八级词汇表
despoil,dɪˈspɔɪl,v.,抢劫，掠夺,英语专业四八级词汇表
despot,ˈdespɒt,n.,有至高无上权力的统治者，暴君,英语专业四八级词汇表
despotism,ˈdespətɪzəm,n.,专制君主的统治，暴政,英语专业四八级词汇表
dessert,dɪˈzɜːt,,n.,英语专业四八级词汇表
dessert,dɪˈzɜːt,,(饭后的)甜点，甜食,英语专业四八级词汇表
destination,ˌdestɪˈneɪʃən,n.,终点，目的地，目标,英语专业四八级词汇表
destine,ˈdestɪn,v.,命定，注定，指定,英语专业四八级词汇表
destined,ˈdestɪnd,adj.,命中注定的，预定的,英语专业四八级词汇表
destiny,ˈdestɪnɪ,n.,命运，天命,英语专业四八级词汇表
destitute,ˈdestɪtjuːt,adj.,1. 贫困的，赤贫的 2. 缺少的，毫无…的,英语专业四八级词汇表
destroy,dɪˈstrɔɪ,v.,毁灭，破坏，消灭,英语专业四八级词汇表
destroyer,dɪˈstrɔɪə,n.,1. 破坏者 2. 驱逐舰,英语专业四八级词汇表
destruction,dɪˈstrʌkʃən,n.,毁坏， 毁灭，消灭,英语专业四八级词汇表
destructive,dɪˈstrʌktɪv,adj.,破坏(性)的，毁灭(性)的，非建设性的,英语专业四八级词汇表
detach,dɪˈtætʃ,v.,拆卸，使分离，派遣,英语专业四八级词汇表
detachable,dɪˈtætʃəbl,adj.,可拆卸的，可分开的,英语专业四八级词汇表
detached,dɪˈtætʃt,adj.,1.,英语专业四八级词汇表
detached,dɪˈtætʃt,,(住宅)独立式的 2. 不带私人感情的，公正的，超然的,英语专业四八级词汇表
detachment,dɪˈtætʃmənt,n.,1. 超然，公正，不偏不倚 2. 分遣队，支队,英语专业四八级词汇表
detail,ˈdiːteɪl,n.,1. 细节，琐事，详述 2. 分配，(人员的)选派 3. 选派的人(小组、分队等)  || go into detail(s)详细叙述，逐一说明 /in detail①详细地②逐渐地 v. 详细说明，派遣,英语专业四八级词汇表
detain,dɪˈteɪn,v.,拘留，扣押，耽搁,英语专业四八级词汇表
detect,dɪˈtekt,v.,发现，查明，测出,英语专业四八级词汇表
detective,dɪˈtektɪv,n.,1. 侦探 2. 发现者，探测者 adj.,英语专业四八级词汇表
detective,dɪˈtektɪv,,(关于)侦探的，探测(用)的,英语专业四八级词汇表
detector,dɪˈtektə,n.,1. 发现者，探测者 2. 探测器，检验器，检波器,英语专业四八级词汇表
detention,dɪˈtenʃən,n.,阻止，滞留，监禁  || detention centre拘留所,英语专业四八级词汇表
deter,dɪˈtɜː,v.,1. 威慑住，吓住 2. 阻止，防止,英语专业四八级词汇表
detergent,dɪˈtɜːdʒənt,n.,洗涤剂，去污剂 adj. 洗涤的，去污的,英语专业四八级词汇表
deteriorate,dɪˈtɪərɪəreɪt,v.,恶化，(使)变坏，退化,英语专业四八级词汇表
determination,dɪˌtɜːmɪˈneɪʃən,n.,1. 坚定，果断， 毅力 2. 决心， 决定， 规定 3. 确定，测定,英语专业四八级词汇表
determine,dɪˈtɜːmɪn,v.,1. 下决心，决意，决定 2. 确定，测定 3. 限制，规定，裁定,英语专业四八级词汇表
determiner,dɪˈtɜːmɪnə,n.,限定词,英语专业四八级词汇表
deterrent,dɪˈterənt,n.,阻碍物，制止物 adj. 威慑的，遏制的,英语专业四八级词汇表
detest,dɪˈtest,v.,厌恶，憎恶，讨厌,英语专业四八级词汇表
detonate,ˈdetəneɪt,v.,引爆，起爆，爆炸,英语专业四八级词汇表
detour,ˈdiːtʊə,n.,弯路，兜圈子，离题 v. 绕道，绕过，使离题,英语专业四八级词汇表
detract,dɪˈtrækt,v.,贬低，诋毁，减损,英语专业四八级词汇表
detriment,ˈdetrɪmənt,n.,损害，伤害,英语专业四八级词汇表
detrimental,ˌdetrɪˈmentəl,adj.,有害的，不利的,英语专业四八级词汇表
devastate,ˈdevəsteɪt,v.,摧毁，破坏，毁灭,英语专业四八级词汇表
develop,dɪˈveləp,v.,1. 使形成，研制 2.,英语专业四八级词汇表
develop,dɪˈveləp,,(使)发展，增长，发达 3.,英语专业四八级词汇表
develop,dɪˈveləp,,(逐渐)显现，(逐渐)获得，(开始)患(病等) 4. 发挥，展开，详细阐述 5. 开发(土地资源等) 6. 使(胶卷等)显影，冲印,英语专业四八级词汇表
development,dɪˈveləpmənt,n.,1. 发展，开拓，成长 2. 开发，培育，发达 3. 产物，事态发展，新情况 4. 开发的房地产，新建的住宅 区 5. 显影,英语专业四八级词汇表
deviant,ˈdiːvɪənt,adj.,偏离正道的，不正常的，越轨的,英语专业四八级词汇表
deviate,ˈdiːvɪeɪt,v.,背离，偏离，越(轨),英语专业四八级词汇表
deviation,ˌdiːvɪˈeɪʃən,n.,背离，偏离，偏差,英语专业四八级词汇表
device,dɪˈvaɪs,n.,1. 装置，器具，仪器 2. 手段，策略，诡计 3. 手法，技巧，图案 || leave to one’s own devices听任…自便，让…自行发展,英语专业四八级词汇表
devil,ˈdevəl,n.,1. 恶魔，魔鬼，恶棍 2. 家伙，淘气鬼，冒失鬼 || a devil of非常糟糕的，极麻烦的，异常的 [go to the devil①完蛋，毁灭②滚开，见鬼去] Talk of the devil; Speak of the devil (and he will appear)说到曹操，曹操就到,英语专业四八级词汇表
devilish,ˈdevəlɪʃ,adj.,恶魔似的，坏透的,英语专业四八级词汇表
devious,ˈdiːvɪəs,adj.,1. 迂回的，曲折的 2. 不坦率的，不大老实的,英语专业四八级词汇表
devise,dɪˈvaɪz,v.,计划，发明，设计,英语专业四八级词汇表
devoid,dɪˈvɔɪd,adj.,缺少…的，没有…的,英语专业四八级词汇表
devolve,dɪˈvɒlv,v.,把(权力、职责等)移交给,英语专业四八级词汇表
devote,dɪˈvəʊt,v.,奉献，把…专用于  || devote oneself to 献身于，致力于， 沉溺于,英语专业四八级词汇表
devotion,dɪˈvəʊʃən,n.,1. 献身，奉献，忠实 2. 热爱，专用，专心 3. 虔诚,英语专业四八级词汇表
devour,dɪˈvaʊə,v.,1. 吞噬，吞食，耗尽 2. 狼吞虎咽地吃(光) 3. 贪婪地看(听、读等) 4. 占据…的全部注意力，充满,英语专业四八级词汇表
devout,dɪˈvaʊt,adj.,虔诚的， 诚挚的，衷心的,英语专业四八级词汇表
dew,djuː,n.,露，露水，小水珠,英语专业四八级词汇表
dewdrop,ˈdjuːdrɒp,n.,露珠,英语专业四八级词汇表
dexterity,dekˈsterətɪ,n.,灵巧，熟练，机敏,英语专业四八级词汇表
diabetes,ˌdaɪəˈbiːtiːz,n.,糖尿病,英语专业四八级词汇表
diagnose,ˈdaɪəɡnəʊz,v.,诊断(疾病)，判断，调查分析(问题等的)原因(性质),英语专业四八级词汇表
diagnosis,ˌdaɪəɡˈnəʊsɪs,n.,"诊断(结论),调查分析，判断",英语专业四八级词汇表
diagnostic,ˌdaɪəɡˈnɒstɪk,adj.,诊断的，判断的,英语专业四八级词汇表
diagonal,daɪˈæɡənəl,adj.,1. 对角的，对角线的 2. 倾斜的，斜线的 n. 对角线，斜线,英语专业四八级词汇表
diagram,ˈdaɪəɡræm,n.,图表，图解，示意图,英语专业四八级词汇表
dial,ˈdaɪəl,n.,1.,英语专业四八级词汇表
dial,ˈdaɪəl,,(仪表等)刻度盘，钟面，表盘 2.,英语专业四八级词汇表
dial,ˈdaɪəl,,(电话机的)拨号盘，转盘 v. 1. 调频道，收听(看)  2. 拨(电话号码)，与…通电话,英语专业四八级词汇表
dialect,ˈdaɪəlekt,n.,方言，土话，行话,英语专业四八级词汇表
dialectic,ˌdaɪəˈlektɪk,,，dialectics n. 辩证法,英语专业四八级词汇表
"dialogue, dialog",ˈdaɪəlɒɡ,n.,1. 对话，交谈 2.,英语专业四八级词汇表
"dialogue, dialog",ˈdaɪəlɒɡ,,(小说、戏剧中的)对白，(国家、组织之间的)对话，讨论,英语专业四八级词汇表
diameter,daɪˈæmɪtə,n.,直径，径，放大率,英语专业四八级词汇表
diametrically,ˌdaɪəˈmetrɪklɪ,adv.,完全，全然,英语专业四八级词汇表
diamond,ˈdaɪəmənd,n.,金刚石，钻石，菱形钻石,英语专业四八级词汇表
"diarrhoea,diarrhea",ˌdaɪəˈrɪə,n.,腹泻,英语专业四八级词汇表
diary,ˈdaɪərɪ,n.,日记，日志，日记簿,英语专业四八级词汇表
dice,daɪs,n.,骰子，色子 v. 1. 用骰子赌博 2. 把(肉、蔬菜等)切成丁,英语专业四八级词汇表
dichotomy,daɪˈkɒtəmɪ,n.,一分为二，二分法，对分,英语专业四八级词汇表
dictate,dɪkˈteɪt,v.,1. 口述，(使)听写 2. 命令，强行规定  3. 支配，驱使,英语专业四八级词汇表
dictation,dɪkˈteɪʃən,n.,口授，听写，命令,英语专业四八级词汇表
dictator,dɪkˈteɪtə,n.,1. 独裁者，专制者 2. 口授者 3.,英语专业四八级词汇表
dictator,dɪkˈteɪtə,,(左右风尚时装等的)权威,英语专业四八级词汇表
dictatorship,dɪkˈteɪtəʃɪp,n.,独裁，独裁国家，专政,英语专业四八级词汇表
diction,ˈdɪkʃən,n.,措词，用语，发音(法),英语专业四八级词汇表
dictionary,ˈdɪkʃənrɪ,n.,词典，字典，辞书,英语专业四八级词汇表
dictum,ˈdɪktəm,n.,正式声明，断言，格言,英语专业四八级词汇表
didactic,dɪˈdæktɪk,adj.,教诲的，说教的,英语专业四八级词汇表
diddle,ˈdɪdl,v.,欺骗,英语专业四八级词汇表
die,daɪ,v.,1. 死，结束，灭亡 2. 逐渐消失，停止 || be dying for; be dying to渴望，巴不得立刻 [die away变弱，渐渐停止] die hard ①(习俗等)难根绝，难改掉②顽固到底，难断气 [die off相继死去] die out ①逐渐消失②灭绝 /never say die别气馁，别灰心,英语专业四八级词汇表
diehard,ˈdaɪhɑːd,n.,死硬派，老顽固,英语专业四八级词汇表
diesel,ˈdiːzəl,n.,柴油，内燃机车，柴油车,英语专业四八级词汇表
diet,ˈdaɪət,n.,日常饮食，食物，规定饮食 || be on a diet; go on a diet节食，吃限定的食物 v. 节食，按规定进食,英语专业四八级词汇表
dietary,ˈdaɪətərɪ,adj.,饮食的，有关饮食的,英语专业四八级词汇表
"dietician, dietitian",ˌdaɪəˈtɪʃən,n.,饮食学家，膳食学家,英语专业四八级词汇表
differ,ˈdɪfə,v.,1. 相异，有区别 2. 持不同看法,英语专业四八级词汇表
difference,ˈdɪfrəns,n.,差异，不同，分歧  || make a difference①区别对待②有关系，起作用 /split the difference折中，妥协,英语专业四八级词汇表
different,ˈdɪfrənt,adj.,1. 不同的，有差别的 2. 个别的，另外的 3. 各种各样的，与众不同的,英语专业四八级词汇表
differential,ˌdɪfəˈrenʃəl,adj.,差别的，差额的，独特的  n.,英语专业四八级词汇表
differential,ˌdɪfəˈrenʃəl,,(同类人、物间的)差异，差额，差价,英语专业四八级词汇表
differentiate,ˌdɪfəˈrenʃɪeɪt,v.,区分，(使)不同，构成…间的差别,英语专业四八级词汇表
difficult,ˈdɪfɪkəlt,adj.,1. 难做的，困难的 2. 难对付的，不易相处的,英语专业四八级词汇表
difficulty,ˈdɪfɪkəltɪ,n.,1. 困难，困境，难题 2. 麻烦  || make a difficulty; make difficulties刁难，提出异议,英语专业四八级词汇表
diffidence,ˈdɪfɪdəns,n.,缺乏自信，胆怯，羞怯,英语专业四八级词汇表
diffident,ˈdɪfɪdənt,adj.,缺乏自信的，胆怯的，羞怯的,英语专业四八级词汇表
diffuse,dɪˈfjuːz,v.,1. 扩散，(使)四散，弥漫 2. 传播，散步 adj. 1. 弥漫的，四散的 2.,英语专业四八级词汇表
diffuse,dɪˈfjuːz,,(文章等)冗长的,英语专业四八级词汇表
dig,dɪɡ,v.,1. 挖，掘，(挖掘似地)掏 2. 费力地行路 3. 触，碰，戳 4.,英语专业四八级词汇表
dig,dɪɡ,,(仔细)寻找，收集 5. 领会，理解，欣赏 || dig sb in the ribs用肘碰一下某人(示意其对可笑的事表示欣赏) [dig at; make a dig at挖苦，嘲讽] dig in①挖壕固守，使(自己)站稳脚跟，巩固(自己的地位)②开始(大)吃 [dig out 挖出，掘出] dig up掘起，挖掘出 n. 1. 捅，戳，推一下 2. 挖，掘 3. 嘲讽，挖苦 4. 考古发掘(地点、遗迹),英语专业四八级词汇表
digest,"daɪˈdʒest, dɪˈdʒest",v.,1. 消化(食物) 2.,英语专业四八级词汇表
digest,"daɪˈdʒest, dɪˈdʒest",,(经反复思考)吸收，领悟，理解 3. 整理，压缩，节略 n. 摘要，文摘，汇编,英语专业四八级词汇表
digestible,dɪˈdʒestəbl,adj.,易消化的,英语专业四八级词汇表
digestion,dɪˈdʒestʃən,n.,1. 消化(作用)，消化力 2. 领悟，理解,英语专业四八级词汇表
digestive,dɪˈdʒestɪv,adj.,消化的，助消化的,英语专业四八级词汇表
digit,ˈdɪdʒɪt,n.,1.,英语专业四八级词汇表
digit,ˈdɪdʒɪt,,(0到 9中的任何一个)数字，数位 2. 手指，脚趾,英语专业四八级词汇表
digital,ˈdɪdʒɪtəl,adj.,1. 数字的，数字显示的 2. 手指(脚趾)的，指(趾)状的,英语专业四八级词汇表
dignified,ˈdɪɡnɪfaɪd,adj.,有尊严的，庄严的，高贵的,英语专业四八级词汇表
dignify,ˈdɪɡnɪfaɪ,v.,1. 使有尊严，使变得庄严，给…增光 2. 抬高…的身价,英语专业四八级词汇表
dignitary,ˈdɪɡnɪtərɪ,n.,显贵，要人,英语专业四八级词汇表
dignity,ˈdɪɡnətɪ,n.,1. 尊严，高贵，体面 2. 庄严，端庄 3. 官阶，职位 || beneath one's dignity有失某人身份(体面) /stand on one's dignity坚持受到应有的礼遇，保持尊严,英语专业四八级词汇表
digress,daɪˈɡres,v.,离题,英语专业四八级词汇表
"dike, dyke",daɪk,n.,堤坝，排水沟,英语专业四八级词汇表
dilapidated,dɪˈlæpɪdeɪtɪd,adj.,倒塌的，荒废的，破旧的,英语专业四八级词汇表
dilate,daɪˈleɪt,v.,张大，扩大,英语专业四八级词汇表
dilemma,dɪˈlemə,,n.,英语专业四八级词汇表
dilemma,dɪˈlemə,,(进退两难的)窘境，困境，进退维谷,英语专业四八级词汇表
dilettante,ˌdɪlɪˈtæntɪ,n.,浮泛的涉猎者，业余爱好者,英语专业四八级词汇表
diligence,ˈdɪlɪdʒəns,n.,勤奋，用功,英语专业四八级词汇表
diligent,ˈdɪlɪdʒənt,adj.,勤勉的，勤奋的，坚持不懈的,英语专业四八级词汇表
dilute,daɪˈljuːt,v.,1. 稀释，冲淡 2. 削弱，减轻 adj. 经稀释的，淡的，减弱了的,英语专业四八级词汇表
dim,dɪm,adj.,1. 暗淡的，昏暗的 2. 模糊不清的，朦胧的  3. 迟钝的，愚蠢的 v. 使暗淡，(使)变模糊，(使)失去光泽,英语专业四八级词汇表
dime,daɪm,,n.,英语专业四八级词汇表
dime,daɪm,,(美国、加拿大等国的货币单位)一角，十分钱,英语专业四八级词汇表
dimensional,dɪˈmenʃənəl,adj.,尺寸的，(构成复合词) …维的，…度的  || three-dimensional三维的,英语专业四八级词汇表
diminish,dɪˈmɪnɪʃ,v.,1. 减少，(使)减小，降低 2. 贬低，使降级，削弱,英语专业四八级词汇表
dimple,ˈdɪmpl,n.,酒窝，窝,英语专业四八级词汇表
dine,daɪn,v.,进正餐，用膳，宴请,英语专业四八级词汇表
diner,ˈdaɪnə,n.,1. 就餐者，餐馆顾客 2. 餐车 3.,英语专业四八级词汇表
diner,ˈdaɪnə,,(公路边的)小饭馆,英语专业四八级词汇表
dinghy,ˈdɪŋɡɪ,n.,无篷小艇,英语专业四八级词汇表
dingy,ˈdɪndʒɪ,adj.,肮脏的，褪色的，暗淡的,英语专业四八级词汇表
dining,ˈdaɪnɪŋ,n.,吃饭，就餐,英语专业四八级词汇表
dinner,ˈdɪnə,n.,正餐，宴会,英语专业四八级词汇表
diocese,ˈdaɪəsɪs,n.,主教教区,英语专业四八级词汇表
diode,ˈdaɪəʊd,n.,二极管,英语专业四八级词汇表
dioxide,daɪˈɒksaɪd,n.,二氧化物,英语专业四八级词汇表
dip,dɪp,v.,1. 浸，蘸，伸入 2. 放低，降下  || dip one’s hand into one’s pocket花钱，解囊捐钱 n. 1. 浸，蘸 2. 游泳，(在河、海等中)洗澡 3. 涉足，涉猎 4. 倾斜，下降，减少 5. 浸液，溶液,英语专业四八级词汇表
diphthong,ˈdɪfθɒŋ,n.,双元音，复合元音,英语专业四八级词汇表
diploma,dɪˈpləʊmə,n.,毕业文凭，学位证书,英语专业四八级词汇表
diplomacy,dɪˈpləʊməsɪ,n.,外交(手腕)，手段，策略,英语专业四八级词汇表
diplomat,ˈdɪpləmæt,n.,外交家，外交官,英语专业四八级词汇表
diplomatic,ˌdɪpləˈmætɪk,adj.,外交的，有手腕的，圆滑的,英语专业四八级词汇表
dipper,ˈdɪpə,n.,1. 长柄勺 2.,英语专业四八级词汇表
dipper,ˈdɪpə,,(cap)北斗七星,英语专业四八级词汇表
dire,ˈdaɪə,adj.,可怕的，悲惨的，不祥的,英语专业四八级词汇表
direction,dɪˈrekʃən,n.,1. 方向，方面，指引 2. 指导，管理，命令 3. 导演，指挥,英语专业四八级词汇表
directive,dɪˈrektɪv,n.,指令，训令,英语专业四八级词汇表
directly,dɪˈrektlɪ,adv.,1. 直接地，直截了当地，坦率地  2. 正好地，截然 3. 立即，马上,英语专业四八级词汇表
director,dɪˈrektə,n.,1. 董事，经理 2. 主管，主任，指导者  3. 导演,英语专业四八级词汇表
directory,dɪˈrektərɪ,n.,1. 人名地址录，工商行名录，电话号码簿 2. 董事会 3. 指南,英语专业四八级词汇表
dirt,dɜːt,n.,. 1. 污物，尘垢，烂泥 2. 泥土，泥地 3. 下流话，脏话，肮脏(状态) || (as) cheap as dirt便宜透顶的 /,英语专业四八级词汇表
dirt,dɜːt,treat,someone like dirt;  treat someone like a piece of dirt视某人如草芥，瞧不起某人,英语专业四八级词汇表
dirty,ˈdɜːtɪ,adj.,1. 肮脏的，污染的，脏的 2. 下流的，卑鄙的，令人憎恨的 3. 令人不快的，(脸色)难看的，(天气)恶劣的,英语专业四八级词汇表
disability,ˌdɪsəˈbɪlətɪ,n.,1·无能，无力 2. 伤残，残障，残疾,英语专业四八级词汇表
disable,dɪsˈeɪbl,v.,使丧失能力，(常用被动语态)使伤残,英语专业四八级词汇表
disadvantage,ˌdɪsədˈvɑːntɪdʒ,n.,1. 不利地位，不利 2. 弊端，损害，(名誉、信用等方面的)损失 || at a disadvantage处于不利地位 /to the disadvantage of sb; to sb’s disadvantage对某人不利 v. 使处于不利地位，损害，损失,英语专业四八级词汇表
disadvantaged,ˌdɪsədˈvɑːntɪdʒd,adj.,处于不利地位的，下层社会的，贫困的,英语专业四八级词汇表
disadvantageous,ˌdɪsædvənˈteɪdʒəs,adj.,1. 不利的  2. 蔑视的,英语专业四八级词汇表
disagree,dɪsəˈɡriː,v.,1. 不一致，不符，(食物天气等)不适宜 2. 意见不合，有分歧 3. 争吵，争论,英语专业四八级词汇表
disagreeable,ˌdɪsəˈɡriːəbl,adj.,1. 令人不快的，讨厌的，不合意的 2. 不友善的，难相处的,英语专业四八级词汇表
disappear,ˌdɪsəˈpɪə,v.,消失，失踪，绝迹,英语专业四八级词汇表
disappoint,ˌdɪsəˈpɔɪnt,v.,使失望，使扫兴，使(希望等)破灭,英语专业四八级词汇表
disappointing,ˌdɪsəˈpɔɪntɪŋ,adj.,令人失望的，使人扫兴的,英语专业四八级词汇表
disappointment,ˌdɪsəˈpɔɪntmənt,n.,失望，扫兴,英语专业四八级词汇表
disapproval,ˌdɪsəˈpruːvəl,n.,不赞成，否决，不喜欢,英语专业四八级词汇表
disapprove,ˌdɪsəˈpruːv,v.,不同意，不准许，不喜欢,英语专业四八级词汇表
disarm,dɪsˈɑːm,v.,1. 缴…的械，解除…的武装，裁减军备 2. 使无害，使息怒,英语专业四八级词汇表
disarmament,dɪsˈɑːməmənt,n.,裁军，裁减军备,英语专业四八级词汇表
disarray,ˌdɪsəˈreɪ,n.,混乱，紊乱，零乱,英语专业四八级词汇表
disassociate,ˌdɪsəˈsəʊʃieɪt,,v.,英语专业四八级词汇表
disassociate,ˌdɪsəˈsəʊʃieɪt,,(在思想上)把…分开，使分离,英语专业四八级词汇表
disaster,dɪˈzɑːstə,n.,1. 灾难，大祸，大不幸 2. 彻底的失败 3. 祸患,英语专业四八级词汇表
disastrous,dɪˈzɑːstrəs,adj.,灾难性的，极不幸的，极坏的,英语专业四八级词汇表
disavow,ˌdɪsəˈvaʊ,v.,否认，不承认,英语专业四八级词汇表
disband,dɪsˈbænd,v.,解散，遣散,英语专业四八级词汇表
disbelief,ˌdɪsbɪˈliːf,n.,不相信，怀疑,英语专业四八级词汇表
disbelieve,ˌdɪsbɪˈliːv,v.,不相信，怀疑,英语专业四八级词汇表
"disc, disk",dɪsk,n.,圆盘，盘状物，(电脑)磁盘,英语专业四八级词汇表
discard,dɪˈskɑːd,v.,丢掉，舍弃,英语专业四八级词汇表
discern,dɪˈsɜːn,v.,看出，了解，识别,英语专业四八级词汇表
discernible,dɪˈsɜːnəbl,adj.,依稀可辨的,英语专业四八级词汇表
discerning,dɪˈsɜːnɪŋ,adj.,识别力强的，有洞察力的，有鉴赏力的,英语专业四八级词汇表
discharge,dɪsˈtʃɑːdʒ,v.,&n. 1. 允许…离开，释放，开除 2. 发射，击发(枪、炮等) 3. 派出，放出，发泄 4. 卸(货)，下(客) 5. 完成，履行,英语专业四八级词汇表
disciple,dɪˈsaɪpl,n.,信徒，门徒，追随者,英语专业四八级词汇表
disciplinary,ˈdɪsɪplɪnərɪ,adj.,1. 纪律处分的，执行纪律的，惩戒性的 2. 有关学科的,英语专业四八级词汇表
discipline,ˈdɪsɪplɪn,n.,1. 训练，纪律，行为准则 2. 克制，规章制度，管教 3. 处罚，惩罚 4. 学科，科目 v. 训练，控制，惩罚,英语专业四八级词汇表
disclaim,dɪsˈkleim,v.,否认， 拒绝承认，放弃,英语专业四八级词汇表
disclose,dɪsˈkləʊz,v.,1.,英语专业四八级词汇表
disclose,dɪsˈkləʊz,,(使)显露，揭露，泄露 2. 公开，表明，说出,英语专业四八级词汇表
disclosure,dɪsˈkləʊʒə,n.,揭发，透露，标明,英语专业四八级词汇表
disco,ˈdɪskəʊ,n.,迪斯科舞厅,英语专业四八级词汇表
disconcert,ˌdɪskənˈsɜːt,v.,1. 使仓皇失措，使窘迫 2. 挫败，打乱,英语专业四八级词汇表
discontent,ˌdɪskənˈtent,n.,不满，不满足,英语专业四八级词汇表
discord,ˈdɪskɔːd,n.,1.,英语专业四八级词汇表
discord,ˈdɪskɔːd,,(意见)不合，不和，争论 2.,英语专业四八级词汇表
discord,ˈdɪskɔːd,,(音乐)不和谐,英语专业四八级词汇表
discount,dɪsˈkaʊnt,v.,怀疑地看待，漠视，低估 [ˈdɪskaʊnt] n.,英语专业四八级词汇表
discount,dɪsˈkaʊnt,,(打)折扣 || at a discount打折扣,英语专业四八级词汇表
discourage,dɪˈskʌrɪdʒ,v.,1. 使丧失勇气，使灰心 2. 阻拦,英语专业四八级词汇表
discourse,ˈdɪskɔːs,n.,论文，演讲，交谈，篇章,英语专业四八级词汇表
discover,dɪsˈkʌvə,v.,发现，找到，使被知晓,英语专业四八级词汇表
discovery,dɪˈskʌvərɪ,n.,发现，发觉，被发现的人(事物),英语专业四八级词汇表
discredit,dɪsˈkredɪt,v.,使不可置信，使丢脸 n. 丧失名誉，丧失信誉,英语专业四八级词汇表
discreet,dɪˈskriːt,,adj.,英语专业四八级词汇表
discreet,dɪˈskriːt,,(言行)谨慎的，慎重的，不显眼的,英语专业四八级词汇表
discrepancy,dɪˈskrepənsɪ,n.,差异，不符合,英语专业四八级词汇表
discrete,dɪˈskriːt,adj.,个别的，分离的，不连续的,英语专业四八级词汇表
discretion,dɪˈskreʃən,n.,1. 谨慎 2. 自由裁夺，酌处权 || at discretion随意，任意 [at the discretion of听凭处置] with discretion慎重地,英语专业四八级词汇表
discriminate,dɪˈskrɪmɪneɪt,v.,区别，辨别，有差别的对待  adj. 有区别的，有差别的，有识别力的,英语专业四八级词汇表
discrimination,dɪˌskrɪmɪˈneɪʃən,n.,1. 区别，辨别，识别力 2. 差别对待，歧视,英语专业四八级词汇表
discus,ˈdɪskəs,n.,铁饼,英语专业四八级词汇表
discuss,dɪˈskʌs,v.,讨论，商讨，论述,英语专业四八级词汇表
discussion,dɪˈskʌʃən,n.,谈论，讨论，论述,英语专业四八级词汇表
disdain,dɪsˈdeɪn,v.,&n. 鄙视，鄙弃，不屑 disdainful,英语专业四八级词汇表
disease,dɪˈziːz,n.,疾病，弊病，病害  v. 使有病，使不健全,英语专业四八级词汇表
disembark,ˌdɪsɪmˈbɑːk,,v.,英语专业四八级词汇表
disembark,ˌdɪsɪmˈbɑːk,,(使)下船，登岸，卸(货),英语专业四八级词汇表
disenchant,ˌdɪsɪnˈtʃɑːnt,v.,使不再着迷，不抱幻想,英语专业四八级词汇表
disentangle,ˌdɪsɪnˈtæŋɡl,v.,解开…的结，清理出,英语专业四八级词汇表
"disfavour, disfavor",ˌdɪsˈfeɪvə,n.,不喜欢，不赞成，反感,英语专业四八级词汇表
disgrace,dɪsˈɡreɪs,n.,1. 丢脸，耻辱 2. 失宠，失势 v. 使丢脸，使受耻辱，使失去地位,英语专业四八级词汇表
disgraceful,dɪsˈɡreɪsfʊl,adj.,丢脸的，可耻的，不名誉的,英语专业四八级词汇表
disguise,dɪsˈɡaɪz,v.,&n. 假扮，伪装，掩盖,英语专业四八级词汇表
disgust,dɪsˈɡʌst,n.,厌恶，恶心，作呕 v. 使讨厌，使厌恶，使作呕,英语专业四八级词汇表
disgusting,dɪsˈɡʌstɪŋ,adj.,令人作呕的，令人恶心的,英语专业四八级词汇表
dish,dɪʃ,n.,1. 碟，盘，盘状物 2. 菜肴 3.,英语专业四八级词汇表
dish,dɪʃ,,(pl)(就餐时用过的)所有餐具  v. 把(食物)装盘，使成碟状 || dish out①供给，分发②端上(菜) /dish up盛菜，把(食物)装盘,英语专业四八级词汇表
dishonest,dɪsˈɒnɪst,n.,不诚实的，不老实的，不正直的,英语专业四八级词汇表
"dishonour, dishonor",dɪsˈɒnə,n.,不名誉，耻辱，丢脸(的人、事)  v. 1. 使受耻辱，使丢脸 2. 拒绝承兑(支票),英语专业四八级词汇表
"dishonourable, dishonorable",dɪsˈɒnərəbəl,adj.,不名誉的，不光彩的，可耻的,英语专业四八级词汇表
dishwasher,dɪʃˌwɒʃə,n.,洗碟机,英语专业四八级词汇表
disillusion,ˌdɪsɪˈluːʒən,v.,使幻想破灭，使醒悟，使不再着迷,英语专业四八级词汇表
disillusioned,ˌdɪsɪˈluːʒənd,,adj.,英语专业四八级词汇表
disillusioned,ˌdɪsɪˈluːʒənd,,(对某人、某事)大失所望，幻想破灭,英语专业四八级词汇表
disinfect,ˌdɪsɪnˈfekt,v.,杀菌(消毒),英语专业四八级词汇表
disinfectant,ˌdɪsɪnˈfektənt,adj.,消毒的，杀菌的 n. 消毒剂，杀菌剂,英语专业四八级词汇表
disintegrate,dɪsˈɪntɪɡreɪt,v.,粉碎，瓦解,英语专业四八级词汇表
disintegration,dɪsˌɪntɪˈɡreɪʃən,n.,破裂，分裂，瓦解,英语专业四八级词汇表
disinterested,dɪsˈɪntrəstɪd,adj.,无私的，公正的,英语专业四八级词汇表
disjointed,dɪsˈdʒɔɪntɪd,adj.,不连贯的，支离破碎的,英语专业四八级词汇表
disjunctive,dɪsˈdʒʌŋktɪv,,adj.,英语专业四八级词汇表
disjunctive,dɪsˈdʒʌŋktɪv,,(连词)转折的，反意的,英语专业四八级词汇表
dislike,dɪsˈlaɪk,v.,厌恶，不喜欢,英语专业四八级词汇表
dislocate,ˈdɪsləkeɪt,v.,1. 使脱位，使脱臼 2. 扰乱，使混乱,英语专业四八级词汇表
dislodge,dɪsˈlɒdʒ,v.,逐出，用力移出,英语专业四八级词汇表
disloyal,dɪsˈlɔɪəl,adj.,不忠实的，背叛的 disloyalty,英语专业四八级词汇表
dismal,ˈdɪzməl,adj.,阴暗的，忧郁的，无希望的,英语专业四八级词汇表
dismantle,dɪsˈmæntl,v.,拆开，拆卸,英语专业四八级词汇表
dismay,dɪsˈmeɪ,,v.,英语专业四八级词汇表
dismay,dɪsˈmeɪ,,(使)惊恐，使沮丧，使绝望,英语专业四八级词汇表
dismiss,dɪsˈmɪs,v.,1. 免…之职，解雇 2. 让…离开，遣散 3. 不理会，抛弃，不认真考虑,英语专业四八级词汇表
dismissal,dɪsˈmɪsəl,n.,1. 解散，打发走 2. 解雇，撤职 3. 不予考虑,英语专业四八级词汇表
disobedience,ˌdɪsəˈbiːdiəns,n.,不服从，违抗,英语专业四八级词汇表
disobey,ˌdɪsəˈbeɪ,v.,不服从，违抗，漠视,英语专业四八级词汇表
disorder,dɪsˈɔːdə,n.,1. 杂乱，混乱 2. 散乱，骚动 3. 失调，不适 v. 1. 使零乱，扰乱 2. 使失调，使不适,英语专业四八级词汇表
disparate,ˈdɪspərət,adj.,无从比较的，根本不同的，异类的,英语专业四八级词汇表
disparity,dɪˈspærətɪ,n.,不等，差异，悬殊,英语专业四八级词汇表
"dispatch, despatch",dɪˈspætʃ,v.,1. 发送，派遣，打发 2. 迅速处理，处决 n. 1. 急件，公文 2. 发送，派遣 3. 速办,英语专业四八级词汇表
dispel,dɪˈspel,v.,驱散，消除,英语专业四八级词汇表
dispensable,dɪˈspensəbl,adj.,不必要的，不重要的,英语专业四八级词汇表
dispensary,dɪˈspensərɪ,,n.,英语专业四八级词汇表
dispensary,dɪˈspensərɪ,,(医院、学校等的)药房，医务室，诊所,英语专业四八级词汇表
dispensation,ˌdɪspenˈseɪʃən,n.,1. 分配，分发 2. 天命，天道 3. 赦免，特准,英语专业四八级词汇表
dispense,dɪˈspens,v.,1. 分配，分发 2. 配(药)，配(方),英语专业四八级词汇表
disperse,dɪˈspɜːs,,v.,英语专业四八级词汇表
disperse,dɪˈspɜːs,,(使)分散，驱散，疏散,英语专业四八级词汇表
dispirited,dɪˈspɪrɪtɪd,adj.,气馁的，垂头丧气的,英语专业四八级词汇表
displace,dɪsˈpleɪs,v.,1. 移置，使脱离正常位置 2. 替代,英语专业四八级词汇表
displacement,dɪsˈpleɪsmənt,n.,1. 移置，移位 2. 置换，取代(作用),英语专业四八级词汇表
display,dɪˈspleɪ,v.,陈列，展示，展览,英语专业四八级词汇表
displease,dɪsˈpliːz,v.,触怒，使生气,英语专业四八级词汇表
displeasure,dɪsˈpleʒə,n.,不满，不悦，生气,英语专业四八级词汇表
disposable,dɪˈspəʊzəbl,adj.,1. 可(任意)处理的，可自由支配的 2. 一次性使用的，不回收的,英语专业四八级词汇表
disposal,dɪˈspəʊzl,n.,1. 清除，销毁，丢掉 2. 处置，处理，布置 || at sb’s disposal; in sb’s disposal任某人处理，任某人支配,英语专业四八级词汇表
dispose,dɪˈspəʊz,v.,1. 排列，配置 2. 清除，销毁 3. 安排，处理 4. 使倾向于 ||dispose of①丢掉，清除②赠送，卖掉③处理，解决,英语专业四八级词汇表
disposition,ˌdɪspəˈzɪʃən,n.,性格，性情,英语专业四八级词汇表
disprove,ˌdɪsˈpruːv,v.,证明…不能成立，反证,英语专业四八级词汇表
dispute,dɪˈspjuːt,v.,&n. 1. 争吵，争论，争夺 2. 质疑，反对 3. 阻止，反抗,英语专业四八级词汇表
disqualify,dɪsˈkwɒlɪfaɪ,v.,使不能，使不合格，吊销资格,英语专业四八级词汇表
disregard,ˌdɪsrɪˈɡɑːd,v.,&n. 不理会，不顾，忽视,英语专业四八级词汇表
disrepute,ˌdɪsrɪˈpjuːt,n.,丧失名誉，声名狼藉,英语专业四八级词汇表
disrespect,ˌdɪsrɪˈspekt,n.,不尊敬，无礼,英语专业四八级词汇表
disrupt,dɪsˈrʌpt,v.,扰乱，破坏,英语专业四八级词汇表
dissatisfaction,dɪˌsætɪsˈfækʃən,n.,不满意，不高兴,英语专业四八级词汇表
dissatisfy,ˌdɪsˈsætɪsfaɪ,v.,使不满意，使不高兴,英语专业四八级词汇表
dissect,dɪˈsekt,v.,解剖,英语专业四八级词汇表
disseminate,dɪˈsemɪneɪt,v.,散布，传播,英语专业四八级词汇表
dissension,dɪˈsenʃən,n.,分歧，争论，争吵,英语专业四八级词汇表
dissent,dɪˈsent,n.,& v. 不同意，持异议,英语专业四八级词汇表
dissertation,ˌdɪsəˈteɪʃən,,n.,英语专业四八级词汇表
dissertation,ˌdɪsəˈteɪʃən,,(学位)论文  || PhD dissertation博士学位论文,英语专业四八级词汇表
disservice,dɪsˈsɜːvɪs,n.,损害，伤害，危害,英语专业四八级词汇表
dissident,ˈdɪsɪdənt,n.,&adj. 持异议的(人)，持不同政见的(人)，离心的,英语专业四八级词汇表
dissimilar,dɪˈsɪmɪlə,adj.,不同的，不相似的,英语专业四八级词汇表
dissipated,ˈdɪsɪpeɪtɪd,adj.,放荡的，浪费的,英语专业四八级词汇表
dissociate,dɪˈsəʊʃɪeɪt,v.,把…分开，使…分离,英语专业四八级词汇表
dissolute,ˈdɪsəluːt,n.,& adj. 放荡的(人)，过不道德生活的(人),英语专业四八级词汇表
dissolution,ˌdɪsəˈluːʃən,n.,1. 解散，解除，分解 2. 溶解，液化,英语专业四八级词汇表
dissolve,dɪˈzɒlv,v.,1. 使溶解，使液化 2. 解散，中止 3.,英语专业四八级词汇表
dissolve,dɪˈzɒlv,,(使)衰弱，减退 4. 解决，澄清,英语专业四八级词汇表
dissonance,ˈdɪsənəns,n.,不和谐，不协调，不一致,英语专业四八级词汇表
dissuade,dɪˈsweɪd,v.,劝阻，阻止,英语专业四八级词汇表
distance,ˈdɪstəns,n.,1. 距离，远处，遥远 2. 进展(程度) 3.,英语专业四八级词汇表
distance,ˈdɪstəns,,(时间)间隔，(关系)疏远 || at a distance有相当距离 [go the distance(在运动比赛中)坚持到底，成功地完成任务] keep one's distance保持距离 /keep someone at a distance 冷淡待人，与某人保持距离,英语专业四八级词汇表
distant,ˈdɪstənt,adj.,1. 遥远的，远亲的 2. 疏远的，冷淡的,英语专业四八级词汇表
distil(l),dɪˈstɪl,v.,1. 蒸馏，用蒸馏法提取(去除) 2. 吸取…的精华，提炼，浓缩,英语专业四八级词汇表
distillation,ˌdɪstɪˈleiʃən,n.,蒸馏，蒸馏法,英语专业四八级词汇表
distinct,dɪˈstɪŋkt,adj.,1. 不同的，个别的，单独的 2. 清晰的，分明的，确实的,英语专业四八级词汇表
distinction,dɪˈstɪŋkʃən,n.,1. 区分，不同，特征 2. 卓越，著名，优良 3. 荣誉(称号)，殊勋，奖赏,英语专业四八级词汇表
distinctive,dɪˈstɪŋktɪv,adj.,特殊的，有特色的，区别性的,英语专业四八级词汇表
distinguish,dɪˈstɪŋɡwɪʃ,v.,1. 区分，辨别，认明 2. 看清，发现，听出 3. 使有区别，使具有特色 || distinguish oneself表现杰出，使受人注意,英语专业四八级词汇表
distinguishable,dɪˈstɪŋɡwɪʃəbl,adj.,可区分的，可分辨的,英语专业四八级词汇表
distinguished,dɪˈstɪŋɡwɪʃt,adj.,卓越的，杰出的，著名的,英语专业四八级词汇表
distort,dɪˈstɔːt,v.,1. 扭曲，使变形 2. 歪曲，曲解 3. 使(声音、信号等)失真,英语专业四八级词汇表
distract,dɪˈstrækt,v.,1. 转移(注意力)，使分心 2. 使转变，使转向 3. 使困惑，使混乱,英语专业四八级词汇表
distraction,dɪˈstrækʃən,n.,分心的事，心烦意乱，精神错乱,英语专业四八级词汇表
distraught,dɪˈstrɔːt,adj.,心烦意乱的，极其烦恼的，心神狂乱的,英语专业四八级词汇表
distress,dɪˈstres,n.,1.,英语专业四八级词汇表
distress,dɪˈstres,,(精神上的)痛苦，忧虑，悲伤 2. 不适，疼痛 3. 贫困，灾难 4. 危难，困境 v. 使痛苦，使苦恼，使紧张,英语专业四八级词汇表
distribute,dɪˈstrɪbjuːt,v.,1. 分发，分配 2. 分散，散布，散播 3. 分(开)，把…分类,英语专业四八级词汇表
distribution,ˌdɪstrɪˈbjuːʃən,n.,1. 分发，分配，配给物 2. 散布，分布 3. 销售(量),英语专业四八级词汇表
district,ˈdɪstrɪkt,n.,区，行政区，区域,英语专业四八级词汇表
distrust,dɪsˈtrʌst,v.,&n. 不信任，疑惑，怀疑,英语专业四八级词汇表
disturb,dɪˈstɜːb,v.,1. 打扰，扰乱，妨碍 2. 使精神不安，使情绪波动，使担忧,英语专业四八级词汇表
disturbance,dɪˈstɜːbəns,n.,1. 打扰，妨碍 2. 心神不安，烦恼 3. 混乱，骚乱,英语专业四八级词汇表
disunite,ˌdɪsjuːˈnaɪt,v.,使分离，使分裂，使纷争,英语专业四八级词汇表
disuse,dɪsˈjuːs,n.,不用，废弃,英语专业四八级词汇表
ditch,dɪtʃ,n.,沟，壕沟，渠(道),英语专业四八级词汇表
dither,ˈdɪðə,v.,犹豫不决，迟疑不决,英语专业四八级词汇表
ditto,ˈdɪtəʊ,n.,同上，同前，复制品,英语专业四八级词汇表
ditty,ˈdɪtɪ,n.,小曲，歌谣,英语专业四八级词汇表
dive,daɪv,v.,1. 潜水，跳水 2. 俯冲，跳伞，急剧下降 3. 突然把手伸入，潜没，消失 4. 潜心钻研，探究，全身心投入 n. 1. 跳水，潜水，俯冲 2. 急剧下降 3. 探究，潜心钻研,英语专业四八级词汇表
diver,ˈdaɪvə,n.,跳水者，潜水员，潜水艇,英语专业四八级词汇表
diverge,daɪˈvɜːdʒ,v.,分叉，分歧，分开,英语专业四八级词汇表
divergent,daɪˈvɜːdʒənt,adj.,1. 分叉的，叉开的 2. 有分歧的，不同的，偏离的,英语专业四八级词汇表
diverse,daɪˈvɜːs,adj.,不同的，多种多样的，多变化的,英语专业四八级词汇表
diversify,daɪˈvɜːsɪfaɪ,v.,使不同，使多样化,英语专业四八级词汇表
diversion,daɪˈvɜːʃən,n.,1. 转移，转向，偏离 2. 消遣，娱乐,英语专业四八级词汇表
diversity,daɪˈvɜːsətɪ,n.,多样性，歧异，不同点,英语专业四八级词汇表
divert,daɪˈvɜːt,v.,1. 使转向，使(河流等)改道，转移…的注意力 2. 使得到消遣，给…娱乐 3. 盗用，贪污,英语专业四八级词汇表
divide,dɪˈvaɪd,v.,1. 分割，分切，分隔 2. 除 3. 使分裂，使产生分歧，离间,英语专业四八级词汇表
dividend,ˈdɪvɪdend,n.,1. 被除数 2. 红利，股息,英语专业四八级词汇表
divine,dɪˈvaɪn,adj.,1. 神的，上帝的，神圣的 2. 非凡的，极好的,英语专业四八级词汇表
divinity,dɪˈvɪnətɪ,n.,1. 神 性，神力，神奇 2. 神，上帝 3. 神学,英语专业四八级词汇表
divisible,dɪˈvɪzəbl,adj.,可分的，可除尽的,英语专业四八级词汇表
division,dɪˈvɪʒən,n.,1. 分开，分配，分隔 2. 部分，区，部门 3. 界限，划分物 4. 分歧，分裂 5. 刻度，标度,英语专业四八级词汇表
divisive,dɪˈvaɪsɪv,adj.,离间的，造成不和的，引起分歧的,英语专业四八级词汇表
divorce,dɪˈvɔːs,n.,&v. 1. 离婚 2.,英语专业四八级词汇表
divorce,dɪˈvɔːs,,(使)分离，脱离,英语专业四八级词汇表
divulge,daɪˈvʌldʒ,v.,泄露 (秘密等),英语专业四八级词汇表
dizzy,ˈdɪzɪ,adj.,1. 头晕目眩的，头昏眼花的，使人晕眩的 2. 不知所措的，使人困惑的 3. 愚蠢的，笨的,英语专业四八级词汇表
do,duː,,aux.,英语专业四八级词汇表
do,duː,v.,1.,英语专业四八级词汇表
do,duː,,(辅助动词，用于构成疑问、否定句)  2.,英语专业四八级词汇表
do,duː,,(代替别的动词) 3.,英语专业四八级词汇表
do,duː,,(用于加强语气) 4.,英语专业四八级词汇表
do,duː,,(帮助构成倒装句)  v. 1. 做，干，执行 2. 进展，结束，完成 3. 制作，生产，给予 4. 足够，合适，行 5. 学习，解答，研究 6. 烹调，供应，对待 7. 与…有关 || do away with废除，杀死 [do in①杀死，干掉②使筋疲力尽] do one's best尽力 [do up①扣上，包扎②修理，修葺，整新] have to do with;be to do with  与…有关 [dos and don'ts行为准则，须知] do with需要，想要，对待 /do without将就，没有…也行,英语专业四八级词汇表
docile,ˈdəʊsaɪl,adj.,驯服的，易控制的，易教的,英语专业四八级词汇表
dock,dɒk,n.,1. 码头，船坞 2.,英语专业四八级词汇表
dock,dɒk,,(法庭中的)被告席，犯人栏  v. 1. 使(船)靠码头，领(船)进港 2.,英语专业四八级词汇表
dock,dɒk,,(宇宙飞行器)在外层空间对接,英语专业四八级词汇表
dockyard,ˈdɒkjɑːd,n.,修船厂，造船厂,英语专业四八级词汇表
doctor,ˈdɒktə,n.,1. 医生，大夫 2. 博士 v. 1. 医治 2. 修理，改编 3. 窜改，伪造,英语专业四八级词汇表
doctorate,ˈdɒktərɪt,n.,博士学位,英语专业四八级词汇表
doctrine,ˈdɒktrɪn,n.,1. 信条，教条，主义 2. 学说，原理，教诲,英语专业四八级词汇表
document,ˈdɒkjʊmənt,n.,文件，证件，证据,英语专业四八级词汇表
documentary,dɒkjʊˈmentərɪ,adj.,1. 文件的，书面(证明)的，证件的 2.,英语专业四八级词汇表
documentary,dɒkjʊˈmentərɪ,,(影片、电视节目等)纪实的，纪录的 n. 纪录影片，纪实节目，纪实小说,英语专业四八级词汇表
dodge,dɒdʒ,v.,1. 躲开，闪开 2. 躲避，施计逃避义务(责任等) n. 1. 躲闪，躲避 2. 妙计，伎俩,英语专业四八级词汇表
dog,dɒɡ,n.,"1. 狗，雄兽，禽兽般的人 2. 家伙 || dog days (三)伏天，酷热期 [a dog’s life穷困潦倒的生活，落魄的日子] go to the dogs潦倒，堕落，毁灭 [love me,",英语专业四八级词汇表
dog,dɒɡ,love,my dog爱屋及乌] rain cats and dogs大雨傍沱 [put on (the) dog 摆架子，装腔作势，摆阔气] wake a sleeping dog惹是生非，惹麻烦 /work like a dog 拼命工作，苦干 v. 1. 跟踪，尾随 2. 困扰，折磨,英语专业四八级词汇表
dog-eared,ˈdɒɡ ɪəd,,adj.,英语专业四八级词汇表
dog-eared,ˈdɒɡ ɪəd,,(书页)折角的，(书)翻旧的，破旧的,英语专业四八级词汇表
dogged,ˈdɒɡɪd,adj.,顽强的，坚持不懈的,英语专业四八级词汇表
dogma,ˈdɒɡmə,n.,教义，信条，教条,英语专业四八级词汇表
dogmatic,dɒɡˈmætɪk,adj.,教条的，固执己见的，武断的,英语专业四八级词汇表
dog-tired,ˈdɒɡtaɪəd,adj.,累极了的,英语专业四八级词汇表
do-it-yourself,ˌduː ɪt jɔːˈself,n.,& adj. 万事不求人的，自己动手的，自行维修的,英语专业四八级词汇表
doldrums,ˈdɒldrəmz,n.,赤道无风带 || in the doldrums ①精神不振，无精打采 ②不活跃，无进展,英语专业四八级词汇表
doleful,ˈdəʊlfʊl,adj.,忧愁的，不高兴的,英语专业四八级词汇表
doll,dɒl,n.,1. 玩偶，洋娃娃 2. 喜爱的人，小宝贝 v. 把…装扮得漂漂亮亮，把…打扮得花枝招展,英语专业四八级词汇表
dollar,ˈdɒlə,,n.,英语专业四八级词汇表
dollar,ˈdɒlə,,(美国、加拿大等国的货币单位)元,英语专业四八级词汇表
dollop,ˈdɒləp,,n.,英语专业四八级词汇表
dollop,ˈdɒləp,,(食物的)一块，一团,英语专业四八级词汇表
dolphin,ˈdɒlfɪn,n.,海豚,英语专业四八级词汇表
domain,dəʊˈmeɪn,n.,1. 领域，范围，范畴 2. 领土，领地，势力范围,英语专业四八级词汇表
dome,dəʊm,n.,圆屋顶，苍弯，半球形物,英语专业四八级词汇表
domestic,dəˈmestɪk,adj.,1. 家的，家庭的，家用的 2.,英语专业四八级词汇表
domestic,dəˈmestɪk,,(动物)非野生的，驯养的 3. 国内的，国产的，自制的,英语专业四八级词汇表
domesticate,dəˈmestɪkeɪt,v.,1. 使(某人)习惯于(喜爱)家务(家庭生活) 2. 驯养(动物),英语专业四八级词汇表
domesticity,ˌdəʊmeˈstɪsətɪ,n.,家庭生活,英语专业四八级词汇表
domicile,ˈdɒmɪsɑɪl,n.,住处，住所,英语专业四八级词汇表
dominant,ˈdɒmɪnənt,adj.,1. 占优势的，支配的，显著的 2. 占首位的，主要的 3. 居高临下的，高耸的,英语专业四八级词汇表
dominate,ˈdɒmɪneɪt,v.,1. 支配，统治，控制 2. 占首要地位 3. 俯视，耸立于,英语专业四八级词汇表
domineer,ˌdɒmɪˈnɪə,v.,霸道，专横，作威作福,英语专业四八级词汇表
domineering,ˌdɒmɪˈnɪərɪŋ,adj.,盛气凌人的，专横的，作威作福的,英语专业四八级词汇表
dominion,dəˈmɪnɪən,n.,1. 统治，管辖，支配权 2. 领土，版图,英语专业四八级词汇表
domino,ˈdɒmɪnəʊ,n.,多米诺骨牌,英语专业四八级词汇表
don,dɒn,n.,1. 西班牙人名前的尊称 2.,英语专业四八级词汇表
don,dɒn,,(英国牛津大学和剑桥大学的)教师  v. 穿上，戴上,英语专业四八级词汇表
donate,dəʊˈneɪt,v.,捐赠，赠送,英语专业四八级词汇表
donation,dəʊˈneɪʃən,n.,捐赠，赠品，捐款,英语专业四八级词汇表
donator,dəʊˈneɪtə,n.,捐赠者,英语专业四八级词汇表
done,dʌn,adj.,完成的，结束的，(食物)煮熟  || over and done with完结，了结，结束 /,英语专业四八级词汇表
done,dʌn,What,is done cannot be undone. 木已成舟。,英语专业四八级词汇表
donkey,ˈdɒŋkɪ,n.,驴，笨蛋，固执的人  || donkey’s years; donkey’s ears (infml) 很久，多年,英语专业四八级词汇表
donor,ˈdəʊnə,n.,捐赠者，遗赠者 adj. 捐赠的，赠与的,英语专业四八级词汇表
donut,ˈdəʊnʌt,n.,油炸面圈(=doughnut),英语专业四八级词汇表
doodle,ˈduːdl,,v.,英语专业四八级词汇表
doodle,ˈduːdl,,(心不在焉地)乱涂,英语专业四八级词汇表
doom,duːm,n.,1. 命运，厄运，毁灭 2. 判决，定罪 v. 1. 注定，命定，使…的失败(毁灭等)成为必然 2. 判定，判决,英语专业四八级词汇表
doomed,duːmd,adj.,注定要失败(遭厄运)的，劫数难逃的,英语专业四八级词汇表
doomsday,ˈduːmzdeɪ,n.,世界末日  || till doomsday永远，到世界末日,英语专业四八级词汇表
door,dɔː,n.,1. 门，出入口，门状物 2. 家，户，门面 3. 门路，通道 || behind closed doors; behind locked doors秘密的(地)，背地里(的) [be on the door在门口工作(如收票)] (from) door to door从一处直接至另一处，挨门逐户地 [by the back door秘密地，走后门，耍手段] out of doors在户外，在露天 /packed to the doors被挤得水泄不通,英语专业四八级词汇表
doorstep,ˈdɔːstep,n.,门阶,英语专业四八级词汇表
doorway,ˈdɔːweɪ,n.,门口，门道,英语专业四八级词汇表
dope,dəʊp,n.,1. 迷幻药，麻醉药 2. 呆子，傻瓜,英语专业四八级词汇表
dormant,ˈdɔːmənt,adj.,1. 睡着的，休眠的，蛰伏的 2. 暂停的，中止的 3. 潜伏的，潜在的,英语专业四八级词汇表
dosage,ˈdəʊsɪdʒ,,n.,英语专业四八级词汇表
dosage,ˈdəʊsɪdʒ,,(药的)剂量，服法,英语专业四八级词汇表
dose,dəʊs,n.,1.,英语专业四八级词汇表
dose,dəʊs,,(药物等的一次)剂量，一服 2. 一次，一份  v.,英语专业四八级词汇表
dose,dəʊs,,(按剂量)给…服药,英语专业四八级词汇表
dossier,ˈdɒsɪeɪ,n.,卷宗，档案，材料汇编,英语专业四八级词汇表
dot,dɒt,n.,1. 点，小圆点少量，一点儿 v. 加点，点缀，散布于 || on the dot准时,英语专业四八级词汇表
dote,dəʊt,v.,溺爱,英语专业四八级词汇表
doting,ˈdəʊtɪŋ,adj.,1. 溺爱的，偏爱的 2. 老糊涂的，(树木)腐朽的,英语专业四八级词汇表
double,ˈdʌbl,adj.,1. 成双的，双重的，双层的 2. 两倍的，双人的，特大的 adv. 两倍地，双重地，重叠地 n. 1. 两倍，相似的对应物，双人房间 2. 后备演员，替补 3. 折叠，折回  v. 使加倍，折叠，复制 || at the double; on the double①迅速地，立即地②以跑步方式,英语专业四八级词汇表
doubt,daʊt,v.,1. 不能肯定，认为…不大可能 2. 怀疑，不信任 || beyond doubt无疑地，确实地 [in doubt不确定的，可怀疑的] no doubt①确实地，我确信，我想②很可能，公认地,英语专业四八级词汇表
doubtful,ˈdaʊtfʊl,adj.,1. 疑惑的，(可)怀疑的 2. 含糊不清的，未定的，有问题的,英语专业四八级词汇表
doubtless,ˈdaʊtlɪs,adv.,1. 无疑地，肯定地 2. 很可能地，公认地,英语专业四八级词汇表
dough,dəʊ,n.,生面(团),英语专业四八级词汇表
dove,dʌv,n.,鸽子，主和派人士,英语专业四八级词汇表
dowager,ˈdaʊədʒə,n.,老年贵妇人，受有亡夫遗产(称号)的寡妇,英语专业四八级词汇表
down-and-out,daʊnˈændaʊt,adj.,&n. 穷困潦倒的(人)，走投无路的(人),英语专业四八级词汇表
downcast,ˈdaʊnkɑːst,adj.,垂头丧气的，(目光)朝下的,英语专业四八级词汇表
downfall,ˈdaʊnfɔːl,n.,1. 大阵雨(或雪) 2. 垮 台，毁灭,英语专业四八级词汇表
downgrade,ˈdaʊnɡreɪd,v.,降级(降职)，降低重要性,英语专业四八级词汇表
downhearted,ˌdaʊnˈhɑːtɪd,adj.,情绪低落的，消沉的,英语专业四八级词汇表
downhill,ˌdaʊnˈhɪl,adj.,& adv. 下山的，下坡的，向山下 || go downhill每况愈下，走下 坡路,英语专业四八级词汇表
downpour,ˈdaʊnpɔː,n.,倾盆大雨,英语专业四八级词汇表
downright,ˈdaʊnraɪt,adj.,1. 清楚的，明确的 2. 直率的，老实的 3. 十足的，彻头彻尾的,英语专业四八级词汇表
downstairs,ˌdaʊnˈsteəz,adj.,&adv. 到楼下，在楼下，楼下的,英语专业四八级词汇表
downstream,ˌdaʊnˈstriːm,adv.,&adj. 在下游，顺流地，下游的,英语专业四八级词汇表
downtime,ˈdaʊntaɪm,,n.,英语专业四八级词汇表
downtime,ˈdaʊntaɪm,,(尤指电脑的)停机时间,英语专业四八级词汇表
downtown,ˌdaʊnˈtaʊn,adj.,"&adv. 往(在)城镇中心区(的),闹市区(的) n.",英语专业四八级词汇表
downtown,ˌdaʊnˈtaʊn,,(城镇的)较低地区，商业区，闹市区,英语专业四八级词汇表
downward,ˈdaʊnwəd,adj.,向下的，下行的,英语专业四八级词汇表
dowry,ˈdaʊərɪ,n.,嫁妆,英语专业四八级词汇表
doze,dəʊz,v.,&n. 打瞌睡，昏昏欲睡，小睡 || doze off 打吨儿，走神,英语专业四八级词汇表
dozen,ˈdʌzn,n.,1. 一打，十二个 2. 十来个 adj. 十二个的，一打的 || by the dozen ①成打的(地)②大量的(地) /dozens of很多,英语专业四八级词汇表
drab,dræb,adj.,1. 黄褐色的，浅褐色的 2. 枯燥无味的,英语专业四八级词汇表
"draughtsman, draftsman",ˈdrɑːftsmən,n.,法案(议案)的起草人,英语专业四八级词汇表
drag,dræɡ,v.,1. 拖，拉，曳 2. 缓慢地移动，拖着脚步走 3. 把…硬拖去,英语专业四八级词汇表
dragon,ˈdræɡən,n.,龙,英语专业四八级词汇表
dragonfly,ˈdræɡənflaɪ,n.,蜻蜓,英语专业四八级词汇表
drain,dreɪn,v.,1.,英语专业四八级词汇表
drain,dreɪn,,(使)慢慢流走，排出，把…弄干 2. 喝干 3. 使精疲力竭 n. 1. 排水沟(管) 2. 消耗，(人才等)外流 || down the drain被浪费掉，化为乌有,英语专业四八级词汇表
drainage,ˈdreɪnɪdʒ,n.,排水系统,英语专业四八级词汇表
drama,ˈdrɑːmə,n.,1. 戏剧(作品)，剧本 2. 戏剧性(场景、事件等),英语专业四八级词汇表
dramatic,drəˈmætɪk,adj.,1. 戏剧(性)的，刺激的，激动人心的 2. 引人注目的，印象深刻的，突然的,英语专业四八级词汇表
dramatist,ˈdræmətɪst,n.,剧作家，编剧,英语专业四八级词汇表
dramatize,ˈdræmətaɪz,v.,把(小说等)改编成剧本，戏剧化，戏剧性地描述,英语专业四八级词汇表
drape,dreɪp,v.,1. 将(衣物、帘等)悬挂，披 2. 使随便地悬挂，任意地伸出,英语专业四八级词汇表
drapery,ˈdreɪpərɪ,,，drapes n. 布，窗帘，帷,英语专业四八级词汇表
drastic,ˈdræstɪk,adj.,激烈的，猛烈的,英语专业四八级词汇表
draught,drɑːft,n.,1. 通风气流，通风装置 2. 一饮(服)的量，吃水(深度) 3. 拖，拉 4.,英语专业四八级词汇表
draught,drɑːft,,(啤酒等)汲取，散装啤酒,英语专业四八级词汇表
"draughty, drafty",ˈdrɑːftɪ,adj.,通风的，有穿堂风的,英语专业四八级词汇表
drawback,ˈdrɔːbæk,n.,缺点，不利条件，短处,英语专业四八级词汇表
drawer,drɔː,n.,抽屉,英语专业四八级词汇表
drawing,ˈdrɔːɪŋ,n.,1. 图画，草图，制图(技巧) 2. 拉，拔，抽签,英语专业四八级词汇表
drawl,drɔːl,v.,&n. 慢吞吞地说，拉长调子讲话,英语专业四八级词汇表
dread,dred,v.,&n. 畏惧，厌恶，担忧,英语专业四八级词汇表
dreadful,ˈdredfʊl,adj.,1. 可怕的，令人敬畏的 2. 厉害的，讨厌的，极端的,英语专业四八级词汇表
dream,driːm,,1. 梦 2. 梦想，理想，美境 || beyond sb's wildest dreams出乎意料的， 超过某人所望的 /like a dream 轻而易举 地，完美地 v. 1. 做梦，梦见 2. 梦想，幻想 3. 想象，料到,英语专业四八级词汇表
dreary,ˈdrɪərɪ,adj.,令人沮丧的，沉闷的，单调乏味的,英语专业四八级词汇表
dredge,dredʒ,v.,疏浚，挖掘,英语专业四八级词汇表
dregs,dreɡz,n.,渣滓，残渣，糟粕,英语专业四八级词汇表
drench,drentʃ,v.,使湿透，浸湿,英语专业四八级词汇表
dress,dres,n.,1. 连衣裙，套裙 2. 服装，礼服，外穿的衣服 v. 1.,英语专业四八级词汇表
dress,dres,,(给…)穿衣 2. 包扎(伤口) 3. 布置，整治，调整 4. 为(禽畜)洗杀加工 || dress up ①穿上盛装②装扮，修饰,英语专业四八级词汇表
dressing,ˈdresɪŋ,n.,1. 穿衣，包扎伤口 2.,英语专业四八级词汇表
dressing,ˈdresɪŋ,,(处理伤口的纱布、油膏等)敷料 3.,英语专业四八级词汇表
dressing,ˈdresɪŋ,,(食物)调料,英语专业四八级词汇表
dressing-gown,ˈdresɪŋɡaʊn,n.,晨衣,英语专业四八级词汇表
dressy,ˈdresɪ,adj.,1. 穿着入时的，爱穿花哨衣服的 2.,英语专业四八级词汇表
dressy,ˈdresɪ,,(衣物)漂亮的，讲究的，特殊场合穿的,英语专业四八级词汇表
dribble,ˈdrɪbl,v.,1.,英语专业四八级词汇表
dribble,ˈdrɪbl,,(一点一滴地)落下，滴下，淌 2. 运球,英语专业四八级词汇表
drift,drɪft,v.,1. 漂流，漂浮 2. 无目的地移动，游荡 n. 1. 吹积物，漂流物 2. 漂流，倾向  3. 大意，主旨,英语专业四八级词汇表
drill,drɪl,n.,1. 钻孔机，钻头  2. 操练，训练  v. 1. 打眼，钻孔 2. 操练，训练,英语专业四八级词汇表
drily,ˈdraɪlɪ,adv.,干燥地， 干巴巴地，冷淡地,英语专业四八级词汇表
drink,drɪŋk,v.,1. 喝，吸入 2. 酗酒，祝酒 n. 1. 饮料 2. 酒，喝酒,英语专业四八级词汇表
drip,drɪp,v.,1. 滴下，滴水 2. 溢出，充满  n. 滴下，滴水声,英语专业四八级词汇表
dripping,ˈdrɪpɪŋ,,n.,英语专业四八级词汇表
dripping,ˈdrɪpɪŋ,,(烤肉上滴下的)油滴,英语专业四八级词汇表
drive,draɪv,v.,1. 驾驶，赶(车)，开车送(某人) 2. 驱赶，驱动，迫使 3. 打，敲 4. 猛冲  5.,英语专业四八级词汇表
drive,draɪv,,(雨)倾盆而下 || be driving at意指，暗示 n. 1. 乘车，开车兜风 2. 车行道 3. 猛击，逼迫  4. 干劲，积极性，欲望 5. 运动,英语专业四八级词汇表
drive-in,ˈdraɪvɪn,n.,&adj.,英语专业四八级词汇表
drive-in,ˈdraɪvɪn,,(顾客无须下车即可得到服务的)“免下车”(餐馆、影院、银行等),英语专业四八级词汇表
driver,ˈdraɪvə,n.,驾驶者，监工,英语专业四八级词汇表
drizzle,ˈdrɪzl,v.,&n.,英语专业四八级词汇表
drizzle,ˈdrɪzl,,(下)毛毛雨，涓涓细流,英语专业四八级词汇表
drone,drəʊn,v.,1. 发出嗡嗡声 2. 以(低沉、单调的声调)谈(唱、说)n. 嗡嗡声，沉闷单调的谈话,英语专业四八级词汇表
drool,druːl,v.,1. 流口水，流涎 2. 对…流露出痴迷的神情,英语专业四八级词汇表
droop,druːp,v.,&n. 低垂，下垂，消沉,英语专业四八级词汇表
drop,drɒp,n.,1. 滴(剂)，一点点 2. 降落，下降，落差  v. 1. 滴下，(使)落下，倒下 2.,英语专业四八级词汇表
drop,drɒp,,(使)下降，减少，降低 3. 卸(客、货)，空投 4. 终止，放弃 5. 落后 6. 随便地写，随口说出 7. 投寄(书信) 8. 使退出，把…除名 9. 遗漏  || drop back;  drop behind落后 [drop in顺便或偶然到访] drop out退出，退学,英语专业四八级词汇表
drought,draʊt,n.,旱灾，干旱,英语专业四八级词汇表
drown,draʊn,v.,1.,英语专业四八级词汇表
drown,draʊn,,(使)淹死，溺死 2. 淹没，(把声音等)盖过,英语专业四八级词汇表
drowse,draʊz,v.,&n. 假寐，半醒半睡，打瞌睡,英语专业四八级词汇表
drowsy,ˈdraʊzɪ,adj.,半醒半睡的，(使人)昏昏欲睡的，困,英语专业四八级词汇表
drug,drʌɡ,n.,药，麻醉剂，致瘾的毒品 v. 给…服药，下麻醉药于,英语专业四八级词汇表
druggist,ˈdrʌɡɪst,n.,药剂师，药商,英语专业四八级词汇表
drugstore,ˈdrʌɡstɔː,n.,药房(兼售杂货、化妆品等),英语专业四八级词汇表
drum,drʌm,n.,鼓，鼓状物，鼓状容器 v. 敲鼓，敲出似鼓的声音,英语专业四八级词汇表
drummer,ˈdrʌmə,n.,鼓手,英语专业四八级词汇表
drumstick,ˈdrʌmˌstɪk,n.,1. 鼓槌 2.,英语专业四八级词汇表
drumstick,ˈdrʌmˌstɪk,,(熟的鸡、火鸡等的)腿,英语专业四八级词汇表
drunk,drʌŋk,adj.,醉的，喝醉的,英语专业四八级词汇表
drunkard,ˈdrʌŋkəd,n.,醉汉，酒徒,英语专业四八级词汇表
drunken,ˈdrʌŋkən,,adj.,英语专业四八级词汇表
drunken,ˈdrʌŋkən,,(常)醉的，因饮酒而引起的,英语专业四八级词汇表
dry,draɪ,adj.,1. 干(燥)的 2. 冷冰冰的，不露感情的，冷面幽默的 3. 枯燥乏味的 || run dry流干，被耗尽 v. 使变干，使脱水,英语专业四八级词汇表
dry-clean,ˌdraɪ ˈkliːn,v.,干洗,英语专业四八级词汇表
dry-cleaner,ˌdraɪ ˈkliːnə,n.,干洗店,英语专业四八级词汇表
dual,ˈdjuːəl,adj.,双的，双重的,英语专业四八级词汇表
dub,dʌb,v.,1. 起绰号 2.,英语专业四八级词汇表
dub,dʌb,,(为影片)配音,英语专业四八级词汇表
dubious,ˈdjuːbɪəs,adj.,怀疑的，可疑的，令人怀疑的,英语专业四八级词汇表
duchess,ˈdʌtʃɪs,n.,公爵夫人，女公爵,英语专业四八级词汇表
duchy,ˈdʌtʃɪ,n.,公爵的领地,英语专业四八级词汇表
duckling,ˈdʌklɪŋ,n.,雏鸭，(食用的)小鸭肉,英语专业四八级词汇表
duct,dʌkt,n.,管道，槽，输气管,英语专业四八级词汇表
due,djuː,adj.,1. 欠的，应支付的，应得的 2. 适当的，充分的 3. 约定的，预期的，期满的 || become due;come due; fall due期满，到期  n. 1. 应得物，应有的权益 2.,英语专业四八级词汇表
due,djuː,,(pl)应交款，税 [due to①应归功于，归咎于②由于，因为] give sb his due公道地对待，给某人应有的评价,英语专业四八级词汇表
duel,ˈdjuːəl,v.,&n. 决斗，斗争,英语专业四八级词汇表
duet,djuːˈet,n.,二重唱，二重奏,英语专业四八级词汇表
duff,dʌf,adj.,无价值的，无用的 v. 未击中，弄糟,英语专业四八级词汇表
duke,djuːk,n.,公爵,英语专业四八级词汇表
dull,dʌl,adj.,1. 不鲜明的，隐约的，钝的 2. 愚钝的，笨的，麻木的 3. 单调乏味的，沉闷的，阴郁的 4. 不活跃的，呆滞的，无生气的,英语专业四八级词汇表
duly,ˈdjuːlɪ,adv.,1. 正当地，适当地 2. 按时地，适时地,英语专业四八级词汇表
dumb,dʌm,adj.,1. 哑的，不能说话的 2.,英语专业四八级词汇表
dumb,dʌm,,(因恐惧、害羞等)说不出话的，沉默的，不愿开口的,英语专业四八级词汇表
"dumbfound, dumfound",dʌmˈfaʊnd,v.,使受惊而说不出话来，使惊讶,英语专业四八级词汇表
dummy,ˈdʌmɪ,n.,1. 仿造物，假的(人或物)，人体模型  2. 傀儡,英语专业四八级词汇表
dump,dʌmp,v.,1. 倾倒，倾卸，扔掉 2. 丢弃，摆脱，推销 3.,英语专业四八级词汇表
dump,dʌmp,,(向国外)倾销，抛售 4. 堆放，大量放出 n. 1. 垃圾废物堆(场)，脏乱的地方 2. 倾倒，倾销，临时堆积处  || (down) in the dumps沮丧的，抑郁的,英语专业四八级词汇表
dumpling,ˈdʌmplɪŋ,n.,汤团，饺子,英语专业四八级词汇表
dumpy,ˈdʌmpɪ,,adj.,英语专业四八级词汇表
dumpy,ˈdʌmpɪ,,(指人)矮胖的,英语专业四八级词汇表
dunce,dʌns,n.,智力迟钝的学习者，蠢材，笨蛋,英语专业四八级词汇表
dune,djuːn,n.,沙丘,英语专业四八级词汇表
dung,dʌŋ,,n.,英语专业四八级词汇表
dung,dʌŋ,,(动物的)粪，污秽，令人厌恶的东西,英语专业四八级词汇表
dungarees,ˌdʌŋɡəˈriːz,,n.,英语专业四八级词汇表
dungarees,ˌdʌŋɡəˈriːz,,(粗棉布)长工作服，工装裤,英语专业四八级词汇表
dungeon,ˈdʌndʒən,n.,土牢，地牢,英语专业四八级词汇表
duo,ˈdjuːəʊ,n.,成对的表演者，二重唱(奏)表演者,英语专业四八级词汇表
dupe,djuːp,v.,欺骗，愚弄 n. 受骗的人，上当者,英语专业四八级词汇表
duplicity,djuːˈplɪsətɪ,n.,口是心非，欺骗，奸诈,英语专业四八级词汇表
durable,ˈdjʊərəbl,adj.,持久的，耐用的，耐穿的 n.,英语专业四八级词汇表
durable,ˈdjʊərəbl,,(pl)耐用品,英语专业四八级词汇表
duration,djʊəˈreɪʃən,n.,持续(时间),英语专业四八级词汇表
during,ˈdjʊərɪŋ,prep.,在…的期间,英语专业四八级词汇表
dusk,dʌsk,n.,黄昏，傍晚，幽暗,英语专业四八级词汇表
dustpan,ˈdʌstpæn,n.,簸箕,英语专业四八级词汇表
dusky,ˈdʌskɪ,adj.,深褐色的，黑黝黝的,英语专业四八级词汇表
dust,dʌst,n.,尘埃，灰尘，粉 || as dry as dust枯燥无味的，令人厌烦的 [dust and ashes令人失望的事物] in the dust入土的(地)，死去的(地)，受辱的(地) /,英语专业四八级词汇表
dust,dʌst,throw,dust into sb’s eyes迷惑(蒙蔽)某人 v. 1. 除去…的灰尘，擦净，扫去 2. 撒粉于，使沾上灰尘,英语专业四八级词汇表
dustbin,ˈdʌstbɪn,n.,垃圾箱，垃圾堆,英语专业四八级词汇表
dustcart,ˈdʌstkɑːt,n.,垃圾车,英语专业四八级词汇表
duster,ˈdʌstə,n.,揩布，扫帚，拂尘，除尘器,英语专业四八级词汇表
dustman,ˈdʌstmən,n.,清洁工人，,英语专业四八级词汇表
dusty,ˈdʌstɪ,adj.,1. 多尘的，粉状的 2. 浅灰色的 3. 干巴巴的,英语专业四八级词汇表
Dutch,dʌtʃ,adj.,1. 荷兰的，荷兰人(语)的 2. 各自付费的，自带食品的 || beat the Dutch令人吃惊，了不起 /go Dutch各自付账，平摊费用,英语专业四八级词汇表
dutiful,ˈdjuːtɪfʊl,adj.,1. 尽职的，负责的 2. 顺从的，孝顺的，恭敬的,英语专业四八级词汇表
duty,ˈdjuːtɪ,n.,1. 职责，义务，责任(感) 2. 税 || off duty 下了班的，不当班的 /on duty ①上班的，值班的②在服役的,英语专业四八级词汇表
duty-free,ˌdjuːtɪ ˈfriː,adj.,&adv. 免税地(的),英语专业四八级词汇表
dwarf,dwɔːf,n.,矮子，矮小的人(动物、植物) v. 使矮小(显得渺小)，使相形见续出,英语专业四八级词汇表
dwell,dwel,v.,居住，生活于，栖息 || dwell on ①老想着，详述，长谈②凝视，持续,英语专业四八级词汇表
dweller,ˈdwelə,n.,居民，居住者,英语专业四八级词汇表
dwelling,ˈdwelɪŋ,,n.,英语专业四八级词汇表
dwelling,ˈdwelɪŋ,,(常)住处，居所,英语专业四八级词汇表
dwindle,ˈdwɪndl,v.,渐渐减少(缩小)，衰落,英语专业四八级词汇表
dye,daɪ,n.,染料，染色 v. 给…染色,英语专业四八级词汇表
dynamic,daɪˈnæmɪk,adj.,1. 能动的，有活力的，强有力的 2. 动力的，力(学)的，动态的,英语专业四八级词汇表
dynamics,daɪˈnæmɪks,n.,力学，动力学,英语专业四八级词汇表
dynamism,ˈdaɪnəmɪzəm,n.,精力，活力，劲头，推动力,英语专业四八级词汇表
dynamite,ˈdaɪnəmaɪt,n.,1. 炸药 2. 轰动一时的人物 (事物)，具有爆炸性的事物  v. 炸毁，爆破，破坏,英语专业四八级词汇表
dynasty,ˈdɪnəstɪ; US ˈdaɪ-,n.,王朝，朝代,英语专业四八级词汇表
each,iːtʃ,prop.,每个，各自  adj. 每，各，各自的 adv. 每个，每,英语专业四八级词汇表
eager,ˈiːɡə,adj.,热切的，热衷的，渴望的  || be eager to do sth渴望做某事,英语专业四八级词汇表
eagerness,ˈiːɡənəs,n.,热切，渴望,英语专业四八级词汇表
eagle,ˈiːɡl,n.,鹰，雕,英语专业四八级词汇表
earache,ˈɪəreɪk,n.,耳痛,英语专业四八级词汇表
eardrum,ˈɪədrʌm,n.,鼓膜，耳膜,英语专业四八级词汇表
earl,ɜːl,n.,伯爵,英语专业四八级词汇表
early,ˈɜːlɪ,adj.,1. 早的，初期的 2. 早日的，及早的 adv. 早，初期,英语专业四八级词汇表
earmark,ˈɪəmɑːk,,v.,英语专业四八级词汇表
earmark,ˈɪəmɑːk,,(为某目的)指定(安排),英语专业四八级词汇表
earn,ɜːn,v.,1. 赚得，挣得 2. 博得，赢得  || earn one’s living谋生,英语专业四八级词汇表
earnest,ˈɜːnɪst,adj.,"认真的，诚挚的，热切的 n. /in earnest①有决心和精力②认真(地),一本正经地",英语专业四八级词汇表
earnings,ˈəːnɪŋz,n.,1. 工资，收入 2. 利润，收益,英语专业四八级词汇表
earphone,ˈɪəfəʊn,,n.,英语专业四八级词汇表
earphone,ˈɪəfəʊn,,(pl)头戴受话机，耳机,英语专业四八级词汇表
earplug,ˈɪəplʌɡ,n.,耳塞,英语专业四八级词汇表
earth,ɜːθ,n.,1. 地球 2. 泥土，土壤 3. 大地，地面  || on earth①世界上，在人间②究竟，到底,英语专业四八级词汇表
earthen,ˈɜːθən,adj.,土制的，陶制的,英语专业四八级词汇表
earthenware,ˈɜːθənweə,n.,陶器,英语专业四八级词汇表
earthly,ˈɜːθlɪ,adj.,1. 尘世的，世俗的，世间的 2. 可能的,英语专业四八级词汇表
earth-moving,ɜːθˈmuːvɪŋ,adj.,大量掘土(运土)的,英语专业四八级词汇表
earthquake,ˈɜːθkweɪk,n.,地震,英语专业四八级词汇表
earthwork,ˈɜːθwəːk,n.,土方(工程),英语专业四八级词汇表
earthy,'ɜːθɪ,adj.,1. 泥土的，土状的 2. 未精炼的，天然的 3. 世间的,英语专业四八级词汇表
ease,iːz,n.,"1. 舒适，悠闲，自在 2. 容易，不费力 v. 1. 减轻(痛苦、负担等),缓和，使舒适 2. 放松，调节，使安心 3. 小心缓慢地移动 || at ease①舒适，自由自在，不拘束②稍息 /ill at ease不自在，局促不安",英语专业四八级词汇表
easel,ˈiːzl,n.,画架，黑板架,英语专业四八级词汇表
easily,ˈiːzɪlɪ,adv.,1. 容易地，不费力地，舒适地 2. 无疑，远远,英语专业四八级词汇表
east,iːst,adj.,&adv. 在东方(的)，向东方(的)，从东方来(的) n. 东，东方，东部,英语专业四八级词汇表
Easter,ˈiːstə,n.,复活节,英语专业四八级词汇表
eastern,ˈiːstən,adj.,东方的，东部的,英语专业四八级词汇表
eastward(s),ˈiːstwəd(z),adj.,&adv. 向东(的),英语专业四八级词汇表
easy,ˈiːzɪ,adj.,1. 容易的，不费力的 2. 舒适的，舒畅的 3. 给人方便的 adv. 容易地，顺利地，缓慢地 || take things easy; take it easy不要紧张，不慌不忙，放松,英语专业四八级词汇表
easygoing,ˌiːzɪˈɡəʊɪŋ,adj.,随和的，随便的，随遇而安的,英语专业四八级词汇表
eat,iːt,v.,1. 吃，喝，进餐 2. 侵蚀，吞噬，耗完  || eat one’s words承认说错,英语专业四八级词汇表
eaves,iːvz,n.,屋檐,英语专业四八级词汇表
eavesdrop,ˈiːvzdrɒp,v.,偷听(私人谈话) eavesdropper,英语专业四八级词汇表
ebb,eb,v.,&n. 退潮落潮 || at a low ebb处于低潮， 处于衰退状态 [the ebb and flow 消长，兴衰，起伏] on the ebb 正在衰落(减弱),英语专业四八级词汇表
ebony,ˈebənɪ,adj.,&n. 乌木(色的)，黑檀(色的),英语专业四八级词汇表
eccentric,ɪkˈsentrɪk,adj.,古怪的，异常的 n. 古怪的人,英语专业四八级词汇表
eccentricity,ˌeksenˈtrɪsɪtɪ,n.,古怪，怪癖,英语专业四八级词汇表
echo,ˈekəʊ,v.,1. 发出回声，引起回响，共鸣 2. 随声附和，重复(他人的话等)，模仿 n. 回声，反响，共鸣,英语专业四八级词汇表
eclectic,ɪˈklektɪk,adj.,折衷的，兼收并蓄的，综合的,英语专业四八级词汇表
eclipse,ɪˈklɪps,n.,日蚀，月蚀 v. 1. 遮住(天体)的光 2. 使黯然失色，使相形见绌,英语专业四八级词汇表
ecological,ˌiːkəˈlɒdʒɪkəl,adj.,生态的，生态学的,英语专业四八级词汇表
ecologist,ɪˈkɒlədʒɪst,n.,生态学研究者，生态学家,英语专业四八级词汇表
ecology,iːˈkɒlədʒɪ,n.,生态(学),英语专业四八级词汇表
economic,ˌiːkəˈnɒmɪk,adj.,1. 经济(上)的，经济学的 2. 合算的，有利可图的,英语专业四八级词汇表
economical,ˌiːkəˈnɒmɪkəl,adj.,节俭的，经济的，精打细算的,英语专业四八级词汇表
economics,ˌiːkəˈnɒmɪks,n.,经济学,英语专业四八级词汇表
"economise, economize",ɪˈkɒnəmaɪz,v.,节省，节约，紧缩开支,英语专业四八级词汇表
economist,ɪˈkɒnəmɪst,n.,经济学家，管理人,英语专业四八级词汇表
economy,ɪˈkɒnəmɪ,n.,1. 经济(体系) 2. 节约，节省，简练 adj. 便宜的，经济的，二等的,英语专业四八级词汇表
ecosystem,ˈiːkəʊsɪstəm,n.,生态系(统),英语专业四八级词汇表
ecstasy,ˈekstəsɪ,n.,狂喜，入迷,英语专业四八级词汇表
ecstatic,ɪkˈstætɪk,adj.,使人狂喜的，欣喜若狂的,英语专业四八级词汇表
eczema,ˈeksɪmə,n.,湿疹,英语专业四八级词汇表
eddy,ˈedɪ,n.,漩涡，涡流  v. 旋转，回旋,英语专业四八级词汇表
edge,edʒ,n.,1. 刀口，利刃  2. 边，棱，边缘 v. 1. 给…加上边 2. 使渐进，缓慢地移动，挤进,英语专业四八级词汇表
edgy,ˈedʒɪ,adj.,1. 紧张的，急躁的 2. 刀口锐利的，尖锐的,英语专业四八级词汇表
edible,ˈedɪbl,adj.,可以吃的，适合吃的,英语专业四八级词汇表
edict,ˈiːdɪkt,n.,法令，救令，公告,英语专业四八级词汇表
edifice,ˈedɪfɪs,n.,宏伟的建筑物,英语专业四八级词汇表
edit,ˈedɪt,v.,编辑，剪辑,英语专业四八级词汇表
edition,ɪˈdɪʃən,n.,版，版本,英语专业四八级词汇表
editor,ˈedɪtə,n.,编辑，编者，校订者,英语专业四八级词汇表
editorial,ˌedɪˈtɔːrɪəl,adj.,编辑的，主编的 n.,英语专业四八级词汇表
editorial,ˌedɪˈtɔːrɪəl,,(报纸的)社论，评论,英语专业四八级词汇表
educate,ˈedʒʊkeɪt,v.,教育，培养，训练,英语专业四八级词汇表
education,ˌedʒʊˈkeɪʃən,n.,教育，培养,英语专业四八级词汇表
educational,ˌedʒʊˈkeɪʃənəl,adj.,教育(方面)的，有教育意义的,英语专业四八级词汇表
educationist,ˌedʒʊˈkeɪʃənɪst,n.,教育家(= educationalist ),英语专业四八级词汇表
educator,ˈedjʊkeɪtə,n.,教育工作者，教育家，训练者,英语专业四八级词汇表
eel,iːl,n.,鳗，鳝鱼,英语专业四八级词汇表
eerie,ˈɪərɪ,adj.,怪异可怕的,英语专业四八级词汇表
efface,ɪˈfeɪs,v.,擦掉，抹去，消除,英语专业四八级词汇表
effect,ɪˈfekt,n.,1. 效果，效力，作用 2. 结果 || be of no effect无效 [bring into effect; carry into effect实行，实现] come into effect; go into effect 开始实行，开始生效 [have an effect on sth对…有影响，有效力] in effect实际上，正在实行，有效 [take effect见效，生效] to the effect that. .. 1. 大意是 2. 以便 v. 1. 产生，造成  2. 实现，使生效,英语专业四八级词汇表
effective,ɪˈfektɪv,adj.,1. 有效的，生效的 2. 给人深刻印象的，显著的 3. 真正的，实际的,英语专业四八级词汇表
effeminate,ɪˈfemɪnət,adj.,女人气的，娘娘腔的,英语专业四八级词汇表
efficacy,ˈefɪkəsɪ,n.,功效，效力，效能,英语专业四八级词汇表
efficiency,ɪˈfɪʃənsɪ,n.,效率，功效,英语专业四八级词汇表
efficient,ɪˈfɪʃənt,adj.,1. 效率高的，有能力的，能胜任的 2. 有效的，直接产生结果的,英语专业四八级词汇表
effluent,ˈeflʊənt,n.,废水，污水，排泄物,英语专业四八级词汇表
effort,ˈefət,n.,努力，尽力，尝试 || make an effort作出努力 /spare no effort不遗余力,英语专业四八级词汇表
effusive,ɪˈfjuːsɪv,adj.,过分热情的，太动感情的,英语专业四八级词汇表
egalitarian,ɪˌɡælɪˈteərɪən,adj.,& n. 平等主义的，主张人人平等的，平等主义者,英语专业四八级词汇表
eggplant,ˈeɡplɑːnt,n.,茄子,英语专业四八级词汇表
ego,ˈiːɡəʊ,n.,自我，自负,英语专业四八级词汇表
egocentric,ˌiːɡəʊˈsentrɪk,adj.,自我中心的，自私自利的,英语专业四八级词汇表
egoism,ˈiːɡəʊɪzəm,n.,自我主义，自私自利，利己主义,英语专业四八级词汇表
egoist,ˈiːɡəʊɪst,n.,利己主义者，自私自利的人,英语专业四八级词汇表
egotism,ˈiːɡəʊtɪzəm,n.,自我中心，自负，自大,英语专业四八级词汇表
eh,eɪ,,int.,英语专业四八级词汇表
eh,eɪ,,(表示惊奇、疑问等)啊，呃,英语专业四八级词汇表
eight,eɪt,n.,&adj. 八(的)，八个(的),英语专业四八级词汇表
eighteen,ˌeɪˈtiːn,n.,&adj. 十八(的)，十八个(的),英语专业四八级词汇表
eighteenth,ˌeɪˈtiːnθ,n.,& adj. 第十八(的)，第十八个(的)，十八分之一(的),英语专业四八级词汇表
eighth,eɪtθ,n.,&adj. 第八个(的)，八分之一(的),英语专业四八级词汇表
eightieth,'eɪtiɪθ,n.,&adj. 第八十(的)，第八十个(的)，八十分之一(的),英语专业四八级词汇表
eighty,ˈeɪtɪ,n.,&adj. 八十(的)，八十个(的),英语专业四八级词汇表
either,ˈaɪðə,,prop.,英语专业四八级词汇表
either,ˈaɪðə,,(两者之中)任何一个 adv.,英语专业四八级词汇表
either,ˈaɪðə,,(用于否定句中)也(不)adj.,英语专业四八级词汇表
either,ˈaɪðə,,(两者之中)任何一个的，(两者之中)每一方的 cohj. 或者，要么 || either . ..,英语专业四八级词汇表
either,ˈaɪðə,,or…要么…要么…，不是…就是…,英语专业四八级词汇表
ejaculate,ɪˈdʒækjʊleɪt,v.,呼喊，突然而简短地说,英语专业四八级词汇表
eject,ɪˈdʒekt,v.,1. 驱逐，逐出 2. 喷出，投出，弹出,英语专业四八级词汇表
elapse,ɪˈlæps,n.,& v.,英语专业四八级词汇表
elapse,ɪˈlæps,,(时间)过去，消逝,英语专业四八级词汇表
elastic,ɪˈlæstɪk,adj.,1. 弹 性的，有弹力的 2. 灵活的，可伸缩的 n. 橡皮带，松紧带，橡皮圈,英语专业四八级词汇表
elasticity,ˌelæˈstɪsətɪ,n.,1. 弹性，弹力 2. 灵活性，适应性,英语专业四八级词汇表
elated,ɪˈleɪtɪd,adj.,情绪高昂的，兴高采烈的,英语专业四八级词汇表
elbow,ˈelbəʊ,n.,肘，肘部,英语专业四八级词汇表
elder,ˈeldə,,(old的比较级之一) adj. 1.,英语专业四八级词汇表
elder,ˈeldə,,(两人中)年龄较大的 2. 资格较老的，地位较高的 n. 1. 年龄较大者，老年人 2.,英语专业四八级词汇表
elder,ˈeldə,,(pl)长者，前辈,英语专业四八级词汇表
elderly,ˈeldəlɪ,adj.,上了年纪的，中年以上的,英语专业四八级词汇表
eldest,ˈeldɪst,,(old的最高级之一)adj. 最老的，最年长的,英语专业四八级词汇表
elect,ɪˈlekt,v.,1. 选举，推选 2. 选择，决定 adj. 1. 精选的，卓越的 2. 选定的，选中的，候任的,英语专业四八级词汇表
election,ɪˈlekʃən,n.,选举，推举，当选,英语专业四八级词汇表
electioneering,ɪˌlekʃəˈnɪərɪŋ,n.,竞选活动,英语专业四八级词汇表
elector,ɪˈlektə,n.,选民，选举人，有选举权者,英语专业四八级词汇表
electorate,ɪˈlektərət,n.,全体选民,英语专业四八级词汇表
electric,ɪˈlektrɪk,adj.,1. 电的，导电的，发电的 2. 令人兴奋的，刺激的,英语专业四八级词汇表
electrical,ɪˈlektrɪkəl,adj.,与电有关的，用电的,英语专业四八级词汇表
electrician,ɪˌlekˈtrɪʃən,n.,电器技师，电工，电气专家,英语专业四八级词汇表
electricity,ɪˌlekˈtrɪsətɪ,n.,1. 电，电气，电学 2. 电流，电力,英语专业四八级词汇表
electrify,ɪˈlektrɪfaɪ,v.,1. 使充电，使电气化 2. 使激动，使兴奋,英语专业四八级词汇表
electrocute,ɪˈlektrəkjuːt,v.,电死，以电刑处死,英语专业四八级词汇表
electrode,ɪˈlektrəʊd,n.,电极,英语专业四八级词汇表
electromagnet,ɪˌlektrəʊˈmæɡnɪt,n.,电磁体，电磁铁,英语专业四八级词汇表
electron,ɪˈlektrɒn,n.,电子,英语专业四八级词汇表
electronic,ˌɪlekˈtrɒnɪk,adj.,电子的，电子仪器的,英语专业四八级词汇表
electronics,ɪˌlekˈtrɒnɪks,n.,电子学，电子学的应用,英语专业四八级词汇表
electroplate,ɪˈlektrəpleɪt,v.,电镀 n. 电镀物品,英语专业四八级词汇表
electroscope,ɪˈlektrəskəʊp,n.,验电器,英语专业四八级词汇表
electrostatic,ɪˌlektrəʊˈstætɪk,adj.,静电的,英语专业四八级词汇表
elegant,ˈelɪɡənt,adj.,优雅的，精美的，雅致的,英语专业四八级词汇表
elegance,ˈelɪɡəns,n.,高雅，精美,英语专业四八级词汇表
element,ˈelɪmənt,n.,1. 要素，成分，元素 2. 自然环境，适宜的环境 3.,英语专业四八级词汇表
element,ˈelɪmənt,,(pl)(学科的)基本原则，原理，基础  || in one’s element很适应，得其所 /out of one’s element不适应，不得其所,英语专业四八级词汇表
elemental,ˌelɪˈmentəl,adj.,1. 强劲的，似自然力的 2. 基本的,英语专业四八级词汇表
elementary,ˌelɪˈmentrɪ,adj.,1. 基本的，基础的，初级的  2. 容易的，简易的,英语专业四八级词汇表
elephant,ˈelɪfənt,n.,象,英语专业四八级词汇表
elevate,ˈelɪveɪt,v.,1. 抬起，升高，提高 2. 提高(嗓门等)，振奋(情绪)，提升(职位),英语专业四八级词汇表
elevator,ˈelɪveɪtə,n.,1. 电梯 2. 起卸机,英语专业四八级词汇表
eleven,ɪˈlevn,n.,&adj. 十一(的)，十一个(的),英语专业四八级词汇表
elf,elf,,(pl elves) n. 小精灵，小妖精，小淘气,英语专业四八级词汇表
elicit,ɪˈlɪsɪt,v.,诱出，探出(事实、反应等),英语专业四八级词汇表
eligible,ˈelɪdʒəbl,adj.,有资格的，合适的，合格的,英语专业四八级词汇表
eliminate,ɪˈlɪmɪneɪt,v.,消除，去除，淘汰,英语专业四八级词汇表
elimination,ɪˌlɪmɪˈneɪʃən,n.,1. 消除，去除，淘汰 2. 消元法，消去,英语专业四八级词汇表
elite,eɪˈliːt,n.,精华，精英，中坚,英语专业四八级词汇表
ellipse,ɪˈlɪps,n.,椭圆(形),英语专业四八级词汇表
elliptical,ɪˈlɪptɪkəl,adj.,1. 椭圆形的 2. 意义晦涩的，有言外之意的,英语专业四八级词汇表
elm,elm,n.,榆树,英语专业四八级词汇表
elope,ɪˈləʊp,v.,私奔,英语专业四八级词汇表
eloquence,ˈeləkwəns,n.,雄辩，口才，说服力,英语专业四八级词汇表
eloquent,ˈeləkwənt,adj.,1. 雄辩的，有说服力的，口才好的 2. 意味深长的，明白显示出的,英语专业四八级词汇表
else,els,adv.,&adj. 1. 另外(的)，其他(的)，别的 2. 否则，要不然,英语专业四八级词汇表
elsewhere,ˌelsˈweə,adv.,在别处，到别处,英语专业四八级词汇表
elucidate,ɪˈluːsɪdeɪt,v.,阐明，说明,英语专业四八级词汇表
elude,ɪˈluːd,v.,逃避，避开,英语专业四八级词汇表
elusive,ɪˈluːsɪv,adj.,1. 躲避的，逃避的 2. 难以捉摸的，令人困惑的，易被忘记的,英语专业四八级词汇表
emaciated,ɪˈmeɪʃɪeɪtɪd,adj.,瘦弱的，憔悴的,英语专业四八级词汇表
e-mail,ˈiːmeɪl,n.,& v.,英语专业四八级词汇表
e-mail,ˈiːmeɪl,,(发)电子邮件,英语专业四八级词汇表
emanate,ˈeməneɪt,v.,发自，来自，出自,英语专业四八级词汇表
emancipate,ɪˈmænsɪpeɪt,v.,解放，使不受束缚,英语专业四八级词汇表
embankment,ɪmˈbæŋkmənt,n.,堤，路基,英语专业四八级词汇表
embargo,ɪmˈbɑːɡəʊ,n.,对…实行禁运，禁止(船舶)出入港口，禁止(通商),英语专业四八级词汇表
embark,ɪmˈbɑːk,v.,1.,英语专业四八级词汇表
embark,ɪmˈbɑːk,,(使)上船(飞机等) 2. 从事，着手，发动,英语专业四八级词汇表
embarrass,ɪmˈbærəs,v.,1. 使窘迫，使困扰，使为难 2. 妨碍，牵累,英语专业四八级词汇表
embarrassment,ɪmˈbærəsmənt,n.,窘迫，局促不安,英语专业四八级词汇表
embassy,ˈembəsɪ,n.,大使馆，大使馆官员，大使的地位(职权、使命等),英语专业四八级词汇表
embattled,ɪmˈbætld,adj.,被敌人包围的，处于困境的，四面楚歌的,英语专业四八级词汇表
embed,ɪmˈbed,v.,把…嵌入，埋入，埋置,英语专业四八级词汇表
embellish,ɪmˈbelɪʃ,v.,1. 装饰，布置 2. 给…添加细节，修饰，润饰,英语专业四八级词汇表
embezzle,ɪmˈbezl,v.,盗用，挪用(公款)，侵吞(财物),英语专业四八级词汇表
emblem,ˈembləm,n.,象征，标志，徽章,英语专业四八级词汇表
embody,ɪmˈbɒdɪ,v.,体现，使具体化,英语专业四八级词汇表
emboss,ɪmˈbɒs,v.,使凸起，加浮雕图案于,英语专业四八级词汇表
embrace,ɪmˈbreɪs,v.,1. 拥抱，抱，环绕 2. 包含，包括 3. 接受，利用 4. 信奉 n. 1. 拥抱，怀抱，包围 2. 接受，信奉,英语专业四八级词汇表
embroider,ɪmˈbrɔɪdə,v.,刺绣，润饰,英语专业四八级词汇表
embroidery,ɪmˈbrɔɪdərɪ,n.,刺绣，绣制品,英语专业四八级词汇表
embroil,ɪmˈbrɔɪl,v.,使卷入,英语专业四八级词汇表
embryo,ˈembrɪəʊ,n.,胚胎 || in embryo萌芽的，未发展的，在筹划中的,英语专业四八级词汇表
emend,ɪˈmend,v.,校订，修改(文稿),英语专业四八级词汇表
emerald,ˈemərəld,n.,翡翠，绿宝石，翠绿色,英语专业四八级词汇表
emerge,ɪˈmɜːdʒ,v.,出现，露出，暴露,英语专业四八级词汇表
emergence,ɪˈmɜːdʒəns,n.,出现，露出，暴露,英语专业四八级词汇表
emergency,ɪˈmɜːdʒənsɪ,n.,紧急情况，突然事件，非常时刻,英语专业四八级词汇表
emigrant,ˈemɪɡrənt,n.,移居外国的人，移民,英语专业四八级词汇表
emigrate,ˈemɪɡreɪt,v.,移居外国(外地区),英语专业四八级词汇表
emigration,ˌemɪˈɡreɪʃən,n.,移居外国，移民,英语专业四八级词汇表
eminence,ˈemɪnəns,n.,卓越，杰出,英语专业四八级词汇表
eminent,ˈemɪnənt,adj.,著名的，卓越的，杰出的,英语专业四八级词汇表
emir,eˈmɪə,n.,穆斯林酋长(王公),英语专业四八级词汇表
emissary,ˈemɪsərɪ,n.,密使，特使,英语专业四八级词汇表
emission,ɪˈmɪʃən,n.,1. 发出，发光，发热 2. 流出物，放射物，发射物,英语专业四八级词汇表
emit,ɪˈmɪt,v.,发出，射出,英语专业四八级词汇表
emotion,ɪˈməʊʃən,n.,1. 感情，情绪，情感 2. 激动,英语专业四八级词汇表
emotional,ɪˈməʊʃənəl,adj.,1. 感情(上)的，情绪(上)的 2.,英语专业四八级词汇表
emotional,ɪˈməʊʃənəl,,(易)激动的，(易)动感情的，情绪化的,英语专业四八级词汇表
emotive,ɪˈməʊtɪv,,adj.,英语专业四八级词汇表
emotive,ɪˈməʊtɪv,,(激起)感情的，诉诸感情的，引起情绪反应的,英语专业四八级词汇表
empathy,ˈempəθɪ,n.,1. 同情，同感，共鸣 2. 感情移入,英语专业四八级词汇表
emperor,ˈempərə,n.,皇帝,英语专业四八级词汇表
emphasis,ˈemfəsɪs,n.,强调，重点，重要性 || lay emphasis on sth; put emphasis on sth; place emphasis on sth把重点放在…,英语专业四八级词汇表
emphasize,ˈemfəsaɪz,v.,强调，着重，加强,英语专业四八级词汇表
emphatic,ɪmˈfætɪk,adj.,强调的，着重的，加强语气的,英语专业四八级词汇表
empire,ˈempaɪə,n.,帝国,英语专业四八级词汇表
empirical,ɪmˈpɪrɪkəl,adj.,以实验为根据的，非理论的,英语专业四八级词汇表
empiricism,ɪmˈpɪrɪsɪzəm,n.,经验主义，经验论,英语专业四八级词汇表
employ,ɪmˈplɔɪ,v.,用，使用，雇佣,英语专业四八级词汇表
employe(e),ˌemplɔɪˈiː,n.,受雇者， 雇工，雇员,英语专业四八级词汇表
employer,ɪmˈplɔɪə,n.,雇用者，雇主,英语专业四八级词汇表
employment,ɪmˈplɔɪmənt,n.,1. 雇用 2. 职业，工作,英语专业四八级词汇表
empower,ɪmˈpaʊə,v.,授权于,英语专业四八级词汇表
empress,ˈemprɪs,n.,女皇，皇后,英语专业四八级词汇表
empty,ˈemptɪ,adj.,1. 空的，未占用的 2. 空洞的，空虚的，不真实的 v.,英语专业四八级词汇表
empty,ˈemptɪ,,(使)成为空的，倒空,英语专业四八级词汇表
emulate,ˈemjʊleɪt,v.,赶超，与…竞争，效法,英语专业四八级词汇表
enable,ɪˈneɪbl,v.,使能够，使成为可能，使实现,英语专业四八级词汇表
enact,ɪˈnækt,v.,制订(法律),英语专业四八级词汇表
encampment,ɪnˈkæmpmənt,n.,营房，扎营地,英语专业四八级词汇表
enamel,ɪˈnæməl,n.,搪瓷，瓷釉 v. 涂搪瓷于,英语专业四八级词汇表
encase,ɪnˈkeɪs,v.,把…装入箱(盒、套等)中，包起,英语专业四八级词汇表
enchant,ɪnˈtʃɑːnt,v.,1. 用魔法迷惑，使着魔 2. 使入迷，使陶醉,英语专业四八级词汇表
encircle,ɪnˈsɜːkl,v.,环绕，包围，绕行,英语专业四八级词汇表
enclave,ˈenkleɪv,n.,飞地(被他国领土包围的领土),英语专业四八级词汇表
enclose,ɪnˈkləʊz,v.,1. 围住，圈起，关闭住 2. 封入，附入,英语专业四八级词汇表
enclosure,ɪnˈkləʊʒə,n.,1. 围栏，围墙，圈占地 2.,英语专业四八级词汇表
enclosure,ɪnˈkləʊʒə,,(信函内的)附件，装入物 3. 包围，围住,英语专业四八级词汇表
encompass,ɪnˈkʌmpəs,v.,包含，包括，涉及,英语专业四八级词汇表
encore,ˈɒŋkɔː,int.,再来(演、唱、奏)一个  n.,英语专业四八级词汇表
encore,ˈɒŋkɔː,,(观众或听众提出的)再演(唱、奏)要求，加演(的节目) v. 要求(演员等)再演，重演,英语专业四八级词汇表
encounter,ɪnˈkaaʊntə,v.,1. 偶遇，邂逅 2. 遭到，突遇 n. 1. 遭遇，会战 2. 意外的相见,英语专业四八级词汇表
encourage,ɪnˈkʌrɪdʒ,v.,1. 鼓励，激励，怂恿 2. 赞助，支持，促进,英语专业四八级词汇表
encouragement,ɪnˈkʌrɪdʒmənt,n.,鼓励，赞助，促进,英语专业四八级词汇表
encroach,ɪnˈkrəʊtʃ,v.,侵占，侵犯，侵害,英语专业四八级词汇表
encumber,ɪnˈkʌmbə,v.,1. 塞满，堆满 2. 妨碍某人(某物)自由活动，拖累,英语专业四八级词汇表
"encyclopaedia, encyclopedia",ɪnˌsaɪkləˈpiːdiə,n.,百科全书,英语专业四八级词汇表
end,end,n.,1. 结尾，终结，终点 2. 目的，目标 3. 结果，结局 4. 残屑，残余 || at an end 结束，完结 [come to an end告  终，结束，完结] from end to end从头到尾 [in the end最  终，结果] on end①竖着② 连续地 [make ends meet使收支相抵，量入为出] put an end to…结束，终止，废除 v. 结 束，终止 [end in以…为结果，以…而告终] end up结束，告终,英语专业四八级词汇表
endanger,ɪnˈdeɪndʒə,v.,危及，危害,英语专业四八级词汇表
"endeavour, endeavor",ɪnˈdevə,v.,&n. 努力，力图，尝试,英语专业四八级词汇表
endemic,enˈdemɪk,adj.,地方性的,英语专业四八级词汇表
ending,ˈendɪŋ,n.,结局，结尾,英语专业四八级词汇表
endless,ˈendlɪs,adj.,没完的，无止境的，永久的,英语专业四八级词汇表
endorse,ɪnˈdɔːs,v.,1. 赞同，认可 2. 背书，(在票据等)背面签字，在(驾驶执照上)记录违章事项 3. 在…背面写评论，批注(公文),英语专业四八级词汇表
endow,ɪnˈdaʊ,v.,1. 赋予，授予 2. 资助，捐赠  || be endowed with天生具有…，有…的天赋,英语专业四八级词汇表
endurable,ɪnˈdjʊərəbəl,adj.,可忍耐的，可容忍的,英语专业四八级词汇表
endurance,ɪnˈdjʊərəns,n.,忍耐，耐力，持久力,英语专业四八级词汇表
endure,ɪnˈdjʊə,v.,1. 忍受，忍耐，(常与否定词连用)容忍 2. 持续，持久,英语专业四八级词汇表
endways,ˈendweɪz,adv.,末端向前地，两端相接地(=endwise),英语专业四八级词汇表
enemy,ˈenəmɪ,n.,1. 敌人，仇人 2. 危害物，大害  || make an enemy树敌,英语专业四八级词汇表
energetic,ˌenəˈdʒetɪk,adj.,有力的，精力旺盛的，精神饱满的,英语专业四八级词汇表
energize,ˈenədʒaɪz,v.,1. 供给…能量，使通电 2. 激励，激发，使有活力,英语专业四八级词汇表
energy,ˈenədʒɪ,n.,1. 活力，精力，能力 2. 能，能量,英语专业四八级词汇表
enfeeble,ɪnˈfiːbl,v.,使衰弱，使无力,英语专业四八级词汇表
enfold,ɪnˈfəʊld,v.,1. 围住，裹住，圈起 2. 拥抱,英语专业四八级词汇表
enforce,ɪnˈfɔːs,v.,1. 实施，执行 2. 强制，强迫 3. 加强，坚持(要求、主张等),英语专业四八级词汇表
engage,ɪnˈɡeɪdʒ,v.,1.,英语专业四八级词汇表
engage,ɪnˈɡeɪdʒ,,(使)从事，(使)参加，使卷入  2. 约束，保证，使订婚 3. 雇佣，聘，预订 4. 吸引，占用 5. 与…交战，啮合 || engage in从事于，使忙于,英语专业四八级词汇表
engaged,ɪnˈɡeɪdʒd,adj.,1. 已订婚的，已订约的 2. 忙的，被占用的，受雇的 3. 预订,英语专业四八级词汇表
engagement,ɪnˈɡeɪdʒmənt,n.,1. 约会，约定 2. 订婚，婚约,英语专业四八级词汇表
engender,ɪnˈdʒendə,v.,产生，造成，引起,英语专业四八级词汇表
engine,ˈendʒɪn,n.,1. 引擎，发动机 2. 机车，火车头,英语专业四八级词汇表
engineer,ˌendʒɪˈnɪə,n.,工程师，技师,英语专业四八级词汇表
engineering,ˌendʒɪˈnɪərɪŋ,n.,工程(学)，工程师行业,英语专业四八级词汇表
English,ˈɪŋɡlɪʃ,adj.,英国的，英格兰的，英语的 n. 1. 英语 2. 英国人,英语专业四八级词汇表
Englishman,ˈɪŋɡlɪʃmən,,(pl Englishmen) n. 英国人(尤指男人)，英格兰人,英语专业四八级词汇表
Englishwoman,ˈɪŋɡlɪʃˌwʊmən,,(pl Englishwomen) n. 英国女人，英格兰女人,英语专业四八级词汇表
engrave,ɪnˈɡreɪv,v.,1. 在(石、木等)上雕刻 2. 使深深印入，牢记,英语专业四八级词汇表
engross,ɪnˈɡrəʊs,v.,使全神贯注，使埋首于,英语专业四八级词汇表
engulf,ɪnˈɡʌlf,v.,吞没，淹没，吞食,英语专业四八级词汇表
enhance,ɪnˈhɑːns,v.,增加，提高，增强,英语专业四八级词汇表
enigma,ɪˈnɪɡmə,n.,谜，神秘莫测的人或事物,英语专业四八级词汇表
enigmatic,ˌenɪɡˈmætɪk,adj.,难以理解的，神秘的,英语专业四八级词汇表
enjoy,ɪnˈdʒɔɪ,v.,1. 欣赏，喜爱，享受…的乐趣 2. 享有，享用，经历 || enjoy oneself尽情玩，过得快活,英语专业四八级词汇表
enjoyable,ɪnˈdʒɔɪəbl,adj.,使人快乐的，有乐趣的,英语专业四八级词汇表
enjoyment,ɪnˈdʒɔɪmənt,n.,享乐，乐趣，乐事,英语专业四八级词汇表
enlarge,ɪnˈlɑːdʒ,v.,扩大，放大(照片)，扩展,英语专业四八级词汇表
enlargement,ɪnˈlɑːdʒmənt,n.,扩大，放大，扩建部分,英语专业四八级词汇表
enlighten,ɪnˈlaɪtən,v.,1. 启发，开导，使摆脱偏见(迷信) 2. 指导，教育,英语专业四八级词汇表
enlist,ɪnˈlɪst,v.,1. 使入伍，征募 2. 得到，获得，赢得,英语专业四八级词汇表
enliven,ɪnˈlaɪvən,v.,使活泼，使有生气,英语专业四八级词汇表
enmity,ˈenmətɪ,n.,仇恨，敌意,英语专业四八级词汇表
ennoble,ɪˈnəʊbl,v.,使成为贵族，使高贵(崇高),英语专业四八级词汇表
enormity,ɪˈnɔːmətɪ,n.,1. 巨大，庞大 2. 穷凶极恶，残暴,英语专业四八级词汇表
enormous,ɪˈnɔːməs,adj.,巨大的，庞大的,英语专业四八级词汇表
enough,ɪˈnʌf,adj.,足够的，充分的 adv. 足够地，充分地 n. 足够，充分,英语专业四八级词汇表
enquire,ɪnˈkwaɪə,v.,调查,英语专业四八级词汇表
enquiry,ɪnˈkwaɪərɪ,n.,询问，查问(=inquiry),英语专业四八级词汇表
enrage,ɪnˈreɪdʒ,v.,激怒，使狂怒,英语专业四八级词汇表
enrich,ɪnˈrɪtʃ,v.,使富足，使丰富，充实,英语专业四八级词汇表
ensconce,ɪnˈskɒns,v.,使自己定居(安顿)在安全(秘密、舒适等)的地方,英语专业四八级词汇表
ensemble,ɒnˈsɒmbl,n.,1. 合奏团，合唱团 2. 全体，整体，总效果,英语专业四八级词汇表
enshrine,ɪnˈʃraɪn,v.,把…置于神龛内，把…奉若神明,英语专业四八级词汇表
ensign,ˈensaɪn,n.,1.,英语专业四八级词汇表
ensign,ˈensaɪn,,(尤指海军的)旗，(船上挂的特种的)国旗 2.,英语专业四八级词汇表
ensign,ˈensaɪn,,(AmE)海军少尉,英语专业四八级词汇表
enslave,ɪnˈsleɪv,v.,奴役，使成为奴隶,英语专业四八级词汇表
ensue,ɪnˈsjuː,v.,接着发生，随之而来,英语专业四八级词汇表
ensure,ɪnˈʃʊə,v.,1. 担保，保证(获得)，使…必然发生 2. 使安全,英语专业四八级词汇表
entail,ɪnˈteɪl,v.,使成为必要，需要,英语专业四八级词汇表
entangle,ɪnˈtæŋɡl,v.,缠住，使牵连，使复杂,英语专业四八级词汇表
enter,ˈentə,v.,1. 进入 2. 加入，参加 3. 登记，把…编入 || enter for报名参加,英语专业四八级词汇表
enterprise,ˈentəpraɪz,n.,1. 事业单位，企业，公司 2. 进取心，事业心 3. 带冒险性的计划,英语专业四八级词汇表
entertain,ˌentəˈteɪn,v.,1. 招待，款待 2. 使欢乐，给…娱乐 3. 接受，容纳,英语专业四八级词汇表
entertainer,ˌentəˈteɪnə,n.,演艺人员，专业演员，款待者,英语专业四八级词汇表
entertaining,ˌentəˈteɪnɪŋ,adj.,使人得到娱乐的，有趣的，使人愉快的,英语专业四八级词汇表
entertainment,ˌentəˈteɪnmənt,n.,1. 招待，款待 2. 娱乐，乐趣，文娱节目,英语专业四八级词汇表
enthrone,ɪnˈθrəʊn,v.,使(国王等)登位，立…为国王,英语专业四八级词汇表
enthusiasm,ɪnˈθjuːzɪæzəm,n.,热情，热心，热诚,英语专业四八级词汇表
enthusiast,ɪnˈθjuːziæst,n.,热心者,英语专业四八级词汇表
enthusiastic,ɪnˌθjuːziˈæstɪk,adj.,热情的，热心的，热烈的,英语专业四八级词汇表
entice,ɪnˈtaɪs,v.,引诱，怂，教唆,英语专业四八级词汇表
entire,ɪnˈtaɪə,adj.,完全的，整个的，全部的,英语专业四八级词汇表
entirely,ɪnˈtaɪəlɪ,adv.,全部地，完全地，彻底地,英语专业四八级词汇表
entitle,ɪnˈtaɪtl,v.,1. 定标题，定名称，称呼 2. 给权利，给…资格,英语专业四八级词汇表
entity,ˈentɪtɪ,n.,独立存在体，实体,英语专业四八级词汇表
entourage,ˌɒntʊˈrɑːʒ,n.,随从人员,英语专业四八级词汇表
entrant,ˈentrənt,n.,参加比赛者，新就业者，新学员，新成员,英语专业四八级词汇表
entreat,ɪnˈtriːt,v.,恳求，哀求，请求,英语专业四八级词汇表
entree,ˈɒntreɪ,n.,1. 入场许可，进入权 2.,英语专业四八级词汇表
entree,ˈɒntreɪ,,(BrE)(主菜上桌前的)小菜(开胃菜)，(AmE)主菜，正菜,英语专业四八级词汇表
entrepot,ˈɒntrəpəʊ,n.,仓库，贸易中心，货物集散地,英语专业四八级词汇表
entrepreneur,ˌɒntrəprəˈnɜː,n.,企业家，创业者,英语专业四八级词汇表
entrust,ɪnˈtrʌst,v.,委托，交托，托,英语专业四八级词汇表
entry,ˈentrɪ,n.,1. 入场，进入，入口处 2. 参加者 3. 登记，登录 4.,英语专业四八级词汇表
entry,ˈentrɪ,,(列入的)项目，账目，词条,英语专业四八级词汇表
entwine,ɪnˈtwaɪn,v.,盘绕，使缠绕，使交错,英语专业四八级词汇表
enumerate,ɪˈnjuːməreɪt,v.,列举，枚举,英语专业四八级词汇表
envelop,ɪnˈveləp,v.,1. 包住，裹住，遮盖 2. 围绕，包围,英语专业四八级词汇表
envelope,ˈenvələʊp,n.,信封，封套,英语专业四八级词汇表
enviable,ˈenvɪəbl,adj.,令人羡慕的,英语专业四八级词汇表
envious,ˈenvɪəs,adj.,羡慕的，嫉妒的,英语专业四八级词汇表
environment,ɪnˈvaɪərənmənt,n.,环境，周围状况,英语专业四八级词汇表
environmental,ɪnˌvaɪrənˈmentəl,adj.,环境的,英语专业四八级词汇表
environmentalism,ɪnˌvaɪərənˈmentəlɪzəm,n.,环境论，环境保护主义,英语专业四八级词汇表
environmentalist,ɪnˌvaɪrənˈmentəlɪst,n.,环境保护工作者,英语专业四八级词汇表
envisage,ɪnˈvɪzɪdʒ,v.,1. 想象，设想 2. 正视，面对,英语专业四八级词汇表
envision,ɪnˈvɪʒən,v.,想象，展望,英语专业四八级词汇表
envoy,ˈenvɔɪ,n.,1. 使者，代表 2. 使节，(全权)公使,英语专业四八级词汇表
envy,ˈenvɪ,v.,&n. 妒忌，羡慕,英语专业四八级词汇表
enzyme,ˈenzaɪm,n.,酶，酵素,英语专业四八级词汇表
eon,ˈiːən,n.,极漫长的时期，万古,英语专业四八级词汇表
ephemeral,ɪˈfemərəl,adj.,短暂的，短命的，朝生暮死的,英语专业四八级词汇表
epic,ˈepɪk,,n.,英语专业四八级词汇表
epic,ˈepɪk,,(描写神、伟人事迹的)长诗(电影)，史诗  adj.,英语专业四八级词汇表
epic,ˈepɪk,,(小说)史诗般的，英勇的，壮丽的,英语专业四八级词汇表
epidemic,ˌepɪˈdemɪk,adj.,流行性的，传染的，流传极广的 n. 1. 流行病 2.,英语专业四八级词汇表
epidemic,ˌepɪˈdemɪk,,(流行病的)迅速传播,英语专业四八级词汇表
epigram,ˈepɪɡræm,n.,诙谐短诗，警句,英语专业四八级词汇表
epilog(ue),ˈepɪlɒɡ,n.,1.,英语专业四八级词汇表
epilog(ue),ˈepɪlɒɡ,,(书、剧本、电影、节目等的)结尾部分，后记，跋  2. 收场白,英语专业四八级词汇表
episode,ˈepɪsəʊd,n.,插曲，(文艺作品中)一段情节，(一系列事件中的)一个事件,英语专业四八级词汇表
epitaph,ˈepɪtɑːf,n.,墓志铭,英语专业四八级词汇表
epitome,ɪˈpɪtəmɪ,n.,1. 缩影，梗概 2. 典型，摘要,英语专业四八级词汇表
epoch,ˈiːpɒk,n.,时代，纪元，重要时期,英语专业四八级词汇表
epoch-making,ˈiːpɒk ˈmeɪkɪŋ,adj.,划时代的，开创新纪元的，轰动一时的,英语专业四八级词汇表
equivocal,ɪˈkwɪvəkəl,adj.,有歧义的，模棱两可的，含糊的,英语专业四八级词汇表
equable,ˈekwəbl,adj.,稳定的，均匀的，平和的,英语专业四八级词汇表
equal,ˈiːkwəl,adj.,1. 相等的，相同的，均等的 2. 平等的 3. 胜任的，合适的 n. 相等物，匹敌者 v. 1. 等于 2. 比得上，敌得过,英语专业四八级词汇表
equality,ɪˈkwɒlɪtɪ,n.,平等，同等，相同,英语专业四八级词汇表
equally,ˈiːkwəlɪ,adv.,相等地，平等地，平均地,英语专业四八级词汇表
equate,ɪˈkweɪt,v.,等同，使相等,英语专业四八级词汇表
equation,ɪˈkweɪʒən,n.,方程式，等式,英语专业四八级词汇表
equator,ɪˈkweɪtə,n.,赤道  equatorial,英语专业四八级词汇表
equiangular,iːkwˈQnɡʊlə,adj.,等角的,英语专业四八级词汇表
equidistant,ˌiːkwɪˈdɪstənt,adj.,等距的,英语专业四八级词汇表
equilateral,ˌiːkwɪˈlætərəl,adj.,等边的,英语专业四八级词汇表
equilibrium,ˌiːkwɪˈlɪbriəm,n.,平衡，均势,英语专业四八级词汇表
equinox,ˈiːkwɪnɒks,n.,春分，秋分,英语专业四八级词汇表
equip,ɪˈkwɪp,v.,配备，装备，使有准备,英语专业四八级词汇表
equipment,ɪˈkwɪpmənt,n.,1. 装备，配备 2. 设备，器械 3. 知识，享赋,英语专业四八级词汇表
equitable,ˈekwɪtəbl,adj.,公平合理的，公正的,英语专业四八级词汇表
equity,ˈekwətɪ,n.,1. 公平，公正 2.,英语专业四八级词汇表
equity,ˈekwətɪ,,(pl)(利息不定的)普通股,英语专业四八级词汇表
equivalence,ɪˈkwɪvələns,n.,等效，等值，等量，相当,英语专业四八级词汇表
equivalent,ɪˈkwɪvələnt,adj.,相等的，相当的，等价的  n. 相等物，等价物,英语专业四八级词汇表
era,ˈɪərə,n.,时代，年代，纪元,英语专业四八级词汇表
eradicate,ɪˈrædɪkeɪt,v.,根除，消灭，杜绝,英语专业四八级词汇表
erase,ɪˈreɪz,v.,擦除，抹掉，清除,英语专业四八级词汇表
eraser,ɪˈreɪzə,n.,擦除器，消磁器,英语专业四八级词汇表
erasure,ɪˈreɪʒə,n.,擦掉，消除，涂擦的痕迹,英语专业四八级词汇表
erect,ɪˈrekt,adj.,直立的，竖起的 v. 建造，竖立，使直起,英语专业四八级词汇表
erection,ɪˈrekʃən,n.,1. 建立，树立 2. 建筑物,英语专业四八级词汇表
erode,ɪˈrəʊd,v.,腐蚀，侵蚀，磨损,英语专业四八级词汇表
erosion,ɪˈrəʊʒən,n.,侵蚀，腐蚀,英语专业四八级词汇表
erotic,ɪˈrɒtɪk,adj.,性爱的， 性欲的，色情的,英语专业四八级词汇表
err,ɜː,v.,1. 犯错误，出差错  2. 作恶，犯罪,英语专业四八级词汇表
errand,ˈerənd,,n.,英语专业四八级词汇表
errand,ˈerənd,,(小)差事，(简单的)差使,英语专业四八级词汇表
errant,ˈerənt,adj.,误入歧途的，离正途的,英语专业四八级词汇表
erratic,ɪˈrætɪk,adj.,反复无常的，古怪的，不规则的,英语专业四八级词汇表
erroneous,ɪˈrəʊnɪəs,adj.,错误的,英语专业四八级词汇表
error,ˈerə,n.,错误，差错，谬误,英语专业四八级词汇表
erudite,ˈeruːdaɪt,adj.,博学的,英语专业四八级词汇表
erupt,ɪˈrʌpt,v.,1.,英语专业四八级词汇表
erupt,ɪˈrʌpt,,(火山、喷泉等)喷发，喷出，迸发 2. 爆发，突然发生,英语专业四八级词汇表
eruption,ɪˈrʌpʃən,n.,喷发，喷出物，(战争、情感等)爆发,英语专业四八级词汇表
escalate,ˈeskəleɪt,,v.,英语专业四八级词汇表
escalate,ˈeskəleɪt,,(使)逐步升级，(使)更紧张，(使)越发严重,英语专业四八级词汇表
escalator,ˈeskəleɪtə,,n.,英语专业四八级词汇表
escalator,ˈeskəleɪtə,,(BrE)自动楼梯,英语专业四八级词汇表
escape,ɪˈskeɪp,v.,1. 逃跑，逃脱，脱离 2. 漏出，逃逸 3. 逃避,英语专业四八级词汇表
escapee,ɪˌskeɪˈpiː,n.,越狱犯,英语专业四八级词汇表
eschew,ɪsˈtʃuː,v.,避开，远离,英语专业四八级词汇表
escort,ˈeskɔːt,n.,护卫队，护送者，陪伴 v. 护送，护卫，护航,英语专业四八级词汇表
Eskimo,ˈeskɪməʊ,n.,爱斯基摩人(语),英语专业四八级词汇表
esoteric,ˌesəʊˈterɪk,adj.,只有内行才懂的，难懂的,英语专业四八级词汇表
especial,ɪˈspeʃəl,adj.,特别的，特殊的,英语专业四八级词汇表
especially,ɪˈspeʃəlɪ,adv.,特别，尤其，格外,英语专业四八级词汇表
Esperanto,ˌespəˈræntəʊ,n.,世界语,英语专业四八级词汇表
espionage,ˈespɪənɑːʒ,n.,间谍活动,英语专业四八级词汇表
espouse,ɪˈspaʊz,v.,支持，拥护 espousal,英语专业四八级词汇表
essay,ˈeseɪ,n.,论文，小品文，随笔,英语专业四八级词汇表
essayist,ˈeseɪɪst,,n.,英语专业四八级词汇表
essayist,ˈeseɪɪst,,(文章的)作者，散文作家，小品文作家,英语专业四八级词汇表
essence,ˈesəns,n.,1. 本质，实质，要素 2. 精髓，精华 3. 香精，香料,英语专业四八级词汇表
essential,ɪˈsenʃəl,adj.,1. 必要的，必不可少的 2. 本质的，实质的，基本的 n. 1.,英语专业四八级词汇表
essential,ɪˈsenʃəl,,(pl) 必需品，必要的东西 2. 本质，要素,英语专业四八级词汇表
establish,ɪˈstæblɪʃ,v.,1. 建立，设立，制订 2. 安置，安顿，确立 3. 确定，证实，规定 4. 使开业，使处于(某种位置、状况等),英语专业四八级词汇表
establishment,ɪˈstæblɪʃmənt,n.,1. 设立，建 立， 制定 2. 机构， 企业， 编制 3. 家庭，住宅,英语专业四八级词汇表
estancia,esˈtɑːnsjə,,n.,英语专业四八级词汇表
estancia,esˈtɑːnsjə,,(拉丁美洲的)大庄园，大牧场,英语专业四八级词汇表
estate,ɪˈsteɪt,n.,1. 地产，财产 2. 庄园，种植园 3. 住宅区,英语专业四八级词汇表
esteem,ɪˈstiːm,v.,1. 尊重，尊敬 2. 认为，把…看作 n. 尊重，尊敬,英语专业四八级词汇表
estimable,ˈestɪməbl,adj.,值得尊敬的,英语专业四八级词汇表
estimate,ˈestɪmeɪt,v.,"估计，估计…的意义(价值),评价  [ˈestɪmɪt] n. 估计，估算，评价，评估",英语专业四八级词汇表
estimation,ˌestɪˈmeɪʃən,n.,判断，意见，认为,英语专业四八级词汇表
estrange,ɪˈstreɪndʒ,v.,使疏远，离间,英语专业四八级词汇表
estuary,ˈestʃʊərɪ,n.,港湾，河口湾，三角湾,英语专业四八级词汇表
etc,et ˈsetərə,,(abbre for et cetera)等等之人(物),英语专业四八级词汇表
etceteras,ɪtˈsetərəz,,n.,英语专业四八级词汇表
etceteras,ɪtˈsetərəz,,(pl) (infml)额外事物，零星杂项,英语专业四八级词汇表
etch,etʃ,,v.,英语专业四八级词汇表
etch,etʃ,,(在金属上)蚀刻,英语专业四八级词汇表
eternal,ɪˈtɜːnəl,adj.,永远(不变)的，永恒的,英语专业四八级词汇表
ether,ˈiːθə,n.,乙醚,英语专业四八级词汇表
ethereal,ɪˈθɪərɪəl,adj.,1. 轻飘飘的，缥缈的 2. 精致的，微妙的,英语专业四八级词汇表
ethic,ˈeθɪk,n.,伦理，道德,英语专业四八级词汇表
ethical,ˈeθɪkəl,adj.,伦理的，道德的，合乎道德的,英语专业四八级词汇表
ethics,ˈeθɪks,n.,伦理学，道德规范，道德准则,英语专业四八级词汇表
ethnic,ˈeθnɪk,adj.,种族的，部族的，少数民族的,英语专业四八级词汇表
ethos,ˈiːθɒs,n.,道德观，信仰,英语专业四八级词汇表
etiquette,ˈetɪket,n.,礼节，礼仪,英语专业四八级词汇表
eulogy,ˈjuːlədʒɪ,n.,颂词，颂文,英语专业四八级词汇表
euphemism,ˈjuːfəmɪzəm,n.,婉言，委婉的说法,英语专业四八级词汇表
euphemistic,ˌjuːfɪˈmɪstɪk,adj.,委婉的,英语专业四八级词汇表
euphoria,juːˈfɔːrɪə,n.,幸福愉快的感觉,英语专业四八级词汇表
Europe,ˈjʊərəp,n.,欧洲,英语专业四八级词汇表
European,ˌjʊərəˈpiːən,adj.,欧洲的，欧洲人的 n. 欧洲人,英语专业四八级词汇表
euthanasia,ˌjuːθəˈneɪzɪə,n.,安乐死,英语专业四八级词汇表
evacuate,ɪˈvækjʊeɪt,v.,使撤退，撤离，疏散,英语专业四八级词汇表
evade,ɪˈveɪd,v.,逃避，规避，避开,英语专业四八级词汇表
evaluate,ɪˈvæljʊeɪt,v.,评价，估计,英语专业四八级词汇表
evaluation,ɪˌvæljʊˈeɪʃən,n.,评价，估计,英语专业四八级词汇表
evangelical,ˌiːvænˈdʒelɪkəl,adj.,&n. 福音的，福音派新教会的(教徒)，热衷于传道的,英语专业四八级词汇表
evangelist,ɪˈvændʒəlɪst,n.,福音传道士，旅行布道者,英语专业四八级词汇表
evaporate,ɪˈvæpəreɪt,v.,1.,英语专业四八级词汇表
evaporate,ɪˈvæpəreɪt,,(使)蒸发，挥发，使消失 2.,英语专业四八级词汇表
evaporate,ɪˈvæpəreɪt,,(使)脱水，去除…的水分,英语专业四八级词汇表
evasive,ɪˈveɪsɪv,adj.,1. 躲避的，推诿的 2. 不坦率的，转弯抹角的,英语专业四八级词汇表
eve,iːv,,n.,英语专业四八级词汇表
eve,iːv,,(节日等的)前夜，(重大事件发生的)前夕,英语专业四八级词汇表
evening,ˈiːvnɪŋ,,12. 1. 夜晚，黄昏，傍晚 2. 晚会 3. 后期，末期 || evening dress夜礼服 /evening school夜校,英语专业四八级词汇表
event,ɪˈvent,n.,1. 事件，大事 2.,英语专业四八级词汇表
event,ɪˈvent,,(运动会等的)比赛项目  || at all events; in any event 不论怎样，无论如何 [in the event结果，到头来] in the event of万一，倘若,英语专业四八级词汇表
eventful,ɪˈventfʊl,adj.,充满许多大事的,英语专业四八级词汇表
eventual,ɪˈventʃʊəl,adj.,最后的，最终的，结果的,英语专业四八级词汇表
eventuality,ɪˌventʃʊˈælətɪ,n.,可能发生的事，可能出现的结果,英语专业四八级词汇表
eventually,ɪˈventʃʊəlɪ,adv.,最后，终于,英语专业四八级词汇表
ever,ˈevə,adv.,1.,英语专业四八级词汇表
ever,ˈevə,,(用于否定句、疑问句、条件从句)曾经，无论何时 2.,英语专业四八级词汇表
ever,ˈevə,,(用于肯定句)始终，总是 3.,英语专业四八级词汇表
ever,ˈevə,,(用于加强语气)究竟，到底 ||for eve永远[ever since从…以来] ever so非常,英语专业四八级词汇表
evergreen,ˈevəɡriːn,adj.,&n. 常绿树，常绿的,英语专业四八级词汇表
everlasting,ˌevəˈlɑːstɪŋ,adj.,持续不断的，永久的,英语专业四八级词汇表
evermore,ˌevəˈmɔː,adv.,永久，永远,英语专业四八级词汇表
every,ˈevrɪ,adj.,每个的，每隔…的，所有的 || every now and then; every now and again 间或，不时地 /every other每隔,英语专业四八级词汇表
everybody,ˈevrɪbɒdɪ,prop.,每人，人人,英语专业四八级词汇表
everyday,ˈevrɪdeɪ,adj.,每天的，日常的，普通的,英语专业四八级词汇表
everyone,ˈevrɪwʌn,prop.,每人，人人,英语专业四八级词汇表
everything,ˈevrɪθɪŋ,prop.,1. 每件事，事事 2. 最重要的东西,英语专业四八级词汇表
everywhere,ˈevrɪweə,adv.,到处，处处,英语专业四八级词汇表
evict,ɪˈvɪkt,,v.,英语专业四八级词汇表
evict,ɪˈvɪkt,,"(依法)驱逐(房客),赶出，撵走",英语专业四八级词汇表
eviction,ɪˈvɪkʃən,,n.,英语专业四八级词汇表
eviction,ɪˈvɪkʃən,,(租地、租房等的)收回，(租户等的)驱逐,英语专业四八级词汇表
evidence,ˈevɪdəns,n.,1. 根据，证据，证明 2. 证词,英语专业四八级词汇表
evident,ˈevɪdənt,adj.,明显的，明白的,英语专业四八级词汇表
evidently,ˈevɪdəntlɪ,adv.,明显地，显然，根据现有证据来看,英语专业四八级词汇表
evil,ˈiːvl,n.,1. 邪恶，罪恶，恶行 2. 不幸，不吉，灾难 adj. 1. 坏的，邪恶的，罪恶的 2. 有 害的，中伤的，恶毒的 3. 不幸的，不吉的，不祥的,英语专业四八级词汇表
evince,ɪˈvɪns,v.,表现出，表明，显示,英语专业四八级词汇表
evocative,ɪˈvɒkətɪv,adj.,引起回忆的，唤起感情的,英语专业四八级词汇表
evoke,ɪˈvəʊk,v.,引起，唤起，引发,英语专业四八级词汇表
evolution,ˌiːvəˈluːʃən,n.,1. 进展，发展，演变 2. 进化，演化,英语专业四八级词汇表
evolutionary,ˌiːvəˈluːʃənərɪ,adj.,进化(论)的，由进化产生的，发展的,英语专业四八级词汇表
evolve,ɪˈvɒlv,v.,1.,英语专业四八级词汇表
evolve,ɪˈvɒlv,,(使)发展，进化，演化 2. 设计，使逐步形成 3. 引申出，推论,英语专业四八级词汇表
ewe,juː,n.,母羊，雌羊,英语专业四八级词汇表
exacerbate,ɪɡˈzæsəbeɪt,v.,使加剧，使恶化,英语专业四八级词汇表
exactly,ɪɡˈzæktlɪ,adv.,1. 确切地，精确地 2. 恰好，正是,英语专业四八级词汇表
exaggerate,ɪɡˈzædʒəreɪt,v.,夸张，夸大其词,英语专业四八级词汇表
exalt,ɪɡˈzɔːlt,v.,1. 使升高，提升，提高…的地位(荣誉等) 2. 赞扬，吹捧 3.,英语专业四八级词汇表
exalt,ɪɡˈzɔːlt,,(使)喜悦，(使)得意,英语专业四八级词汇表
exaltation,ˌeɡzɔːlˈteɪʃən,n.,兴高采烈，得意洋洋,英语专业四八级词汇表
exalted,ɪɡˈzɔːltɪd,adj.,1. 高贵的，崇高的 2. 得意洋洋的,英语专业四八级词汇表
exam,ɪɡˈzæm,,(abbre for examination) n. 考试,英语专业四八级词汇表
examination,ɪɡˌzæmɪˈneɪʃən,n.,考试，检验,英语专业四八级词汇表
examine,ɪɡˈzæmɪn,v.,1. 检查，细查，审视 2. 对…进行考试，对…进行查问,英语专业四八级词汇表
example,ɪɡˈzɑːmpl,n.,1. 例子，例证 2. 模范，榜样  || for example例如 /set a good example树立好榜样,英语专业四八级词汇表
exasperate,ɪɡˈzæspəreɪt,v.,激怒，使气恼,英语专业四八级词汇表
excavate,ˈekskəveɪt,v.,1. 挖(洞)，开凿 2. 发掘，使(古物)出土,英语专业四八级词汇表
exceed,ɪkˈsiːd,v.,1. 超越，超出，比…大 2. 凌驾，优于，胜过,英语专业四八级词汇表
exceedingly,ɪkˈsiːdɪŋlɪ,adv.,极度地，非常,英语专业四八级词汇表
excel,ɪkˈsel,v.,1. 胜过，优于，擅长于 2. 突出，超常,英语专业四八级词汇表
excellence,ˈeksələns,n.,1. 优秀，卓越，杰出 2. 优点，美德,英语专业四八级词汇表
excellency,ˈeksələnsɪ,,n.,英语专业四八级词汇表
excellency,ˈeksələnsɪ,,(cap)阁下(对政府等机构中身居高位者的尊称),英语专业四八级词汇表
excellent,ˈeksələnt,adj.,优秀的，卓越的，杰出的,英语专业四八级词汇表
except,ɪkˈsept,prep.,除…之外 || except fo只是，要不是  v. 把…除外，不计,英语专业四八级词汇表
exception,ɪkˈsepʃən,n.,1. 例外，除外 2. 反对，异议,英语专业四八级词汇表
exceptional,ɪkˈsepʃənəl,adj.,1. 异常的，独特的，例外的 2. 优越的，杰出的,英语专业四八级词汇表
excerpt,ˈeksɜːpt,n.,摘录，摘要,英语专业四八级词汇表
excess,ɪkˈses,n.,1. 过多，过剩，过度 2. 过分，无节制 3. 超过，超越，超额量 adj. 过量的，过多的，额外的,英语专业四八级词汇表
excessive,ɪkˈsesɪv,adj.,过多的，过分的，过度的,英语专业四八级词汇表
exchange,ɪksˈtʃeɪndʒ,v.,1. 交换，调换，把…换成 2. 互换，兑换 n. 1. 交换，互换，交 流 2. 交火，争吵 3. 交换所，交易所,英语专业四八级词汇表
excitable,ɪkˈsaɪtəbl,adj.,易激动的，易兴奋的，能被激动的,英语专业四八级词汇表
excite,ɪkˈsaɪt,v.,1. 刺激，使兴奋，使激动 2. 激发，唤起，引起,英语专业四八级词汇表
excited,ɪkˈsaɪtɪd,adj.,激动的，兴奋的,英语专业四八级词汇表
excitement,ɪkˈsaɪtmənt,n.,刺激，兴奋，激动,英语专业四八级词汇表
exciting,ɪkˈsaɪtɪŋ,adj.,令人兴奋的，使人激动的，刺激的,英语专业四八级词汇表
exclaim,ɪkˈskleɪm,,v.,英语专业四八级词汇表
exclaim,ɪkˈskleɪm,,(由于惊讶、痛苦、愤怒、高兴等)呼喊，惊叫，大声说,英语专业四八级词汇表
exclamation,ˌekskləˈmeɪʃən,n.,1. 呼喊，惊叫 2. 感叹，惊叹，感叹词,英语专业四八级词汇表
exclude,ɪkˈskluːd,v.,排除，对…不予考虑，把…拒之门外,英语专业四八级词汇表
excluding,ɪkˈskluːdɪŋ,prep.,除…外，不包括,英语专业四八级词汇表
exclusion,ɪkˈskluːʒən,n.,排除在外，排斥 ||to the exclusion of sb (sth)排除(其他的一切),英语专业四八级词汇表
exclusive,ɪkˈskluːsɪv,adj.,1. 除外的，排外的 2. 专有的，独占的，惟一的,英语专业四八级词汇表
exclusively,ɪkˈskluːsɪvlɪ,adv.,1. 排他地，独占地 2. 仅仅，专门地，单独地,英语专业四八级词汇表
excursion,ɪkˈskɜːʃən,n.,郊游，远足，游览,英语专业四八级词汇表
excusable,ɪkˈskjuːzəbl,adj.,可原谅的,英语专业四八级词汇表
excuse,ɪkˈskjuːz,v.,1. 宽恕，原谅 2. 为…辩解，为…开脱，成为…的理由 3. 免除…的责任 || Excuse me. 对不起，请原谅。[ɪkˈskjuːzs] n. 1. 托辞，借口，理由 2.,英语专业四八级词汇表
excuse,ɪkˈskjuːz,,(pl)歉意，道歉 || make an excuse for为…找个借口 /,英语专业四八级词汇表
excuse,ɪkˈskjuːz,in,excuse of作为…的辩解,英语专业四八级词汇表
execrable,ˈeksɪkrəbl,adj.,极坏的，恶劣的,英语专业四八级词汇表
execute,ˈeksɪkjuːt,v.,1. 实行，实施，执行 2. 处死,英语专业四八级词汇表
execution,ˌeksɪˈkjuːʃən,n.,1. 实行，实施，执行 2. 死刑，处死刑,英语专业四八级词汇表
executioner,ˌeksɪˈkjuːʃənə,n.,死刑执行者，刽子手,英语专业四八级词汇表
executive,ɪɡˈzekjʊtɪv,adj.,1. 执行的，实施的 2. 行政的，经营管理的 n. 1. 行政部门，(工会、党派等的)执行委员会 2. 执行者，行政人员，经理,英语专业四八级词汇表
executor,ɪɡˈzekjʊtə,n.,执行者，实行者，遗嘱执行人,英语专业四八级词汇表
exemplary,ɪɡˈzemplərɪ,adj.,可作楷模的，典范的,英语专业四八级词汇表
exemplify,ɪɡˈzemplɪfaɪ,v.,是…的榜样，举例说明,英语专业四八级词汇表
exempt,ɪɡˈzempt,adj.,被免除义务(责任)的，被赦免的  v. 免除，赦免,英语专业四八级词汇表
exercise,ˈeksəsaɪz,n.,1. 练习，习题 2. 锻炼，运动，操练 3. 运用，行使，履行 v. 1. 锻炼，运动 2. 履行，行使，运用,英语专业四八级词汇表
exercise-book,ˈeksəsaɪz bʊk,n.,练习簿,英语专业四八级词汇表
exert,ɪɡˈzɜːt,v.,1. 运用，行使，发挥(影响等) 2. 用力，尽力 ||exert oneself努力，尽力,英语专业四八级词汇表
exhale,eksˈheɪl,v.,呼(气)，呼出,英语专业四八级词汇表
exhaust,ɪɡˈzɔːst,v.,1. 用完，耗尽，花光 2. 排空，抽完 3. 使筋疲力尽 4. 详尽论述 n. 1. 排气管，排气装置 2. 排出，放出 3. 废气，废液,英语专业四八级词汇表
exhaustive,ɪɡˈzɔːstɪv,adj.,1. 消耗的，枯竭的 2. 全面彻底的，穷尽的，详尽的,英语专业四八级词汇表
exhibit,ɪɡˈzɪbɪt,v.,1. 展览，展出，陈列 2. 表现，显出，显示 n. 陈列品，展览，展览品,英语专业四八级词汇表
exhibition,ˌeksɪˈbɪʃən,n.,1. 展览会，展览(品)，陈列品 2. 表现，表演，显示,英语专业四八级词汇表
exhibitor,ɪɡˈzɪbɪtə,n.,展示者，展出厂商,英语专业四八级词汇表
exhilarate,ɪɡˈzɪləreɪt,v.,使高兴，使兴奋,英语专业四八级词汇表
exhilarating,ɪɡˈzɪləreɪtɪŋ,adj.,使人兴奋的，令人高兴的,英语专业四八级词汇表
exhort,ɪɡˈzɔːt,v.,劝告，规劝，告戒,英语专业四八级词汇表
exile,"ˈeksaɪl, ˈeɡzaɪl",v.,流放，放逐，流亡 n. 1. 流放，放逐 2. 亡命者，流放者,英语专业四八级词汇表
exist,ɪɡˈzɪst,v.,存在，生存，生活,英语专业四八级词汇表
existence,ɪɡˈzɪstəns,n.,1. 存在，生存，生活方式 2. 发生  || come into existence出现，成立，产生,英语专业四八级词汇表
existent,ɪɡˈzɪstənt,adj.,存在的，目前的，现行的,英语专业四八级词汇表
existential,ˌeɡzɪˈstenʃəl,adj.,存在的，与存在有关的，存在主义的,英语专业四八级词汇表
existentialist,ˌeɡzɪˈstenʃəlɪst,n.,存在主义者,英语专业四八级词汇表
exit,ˈeksɪt,n.,出口，离去，退出 v. 退场，退出，出去,英语专业四八级词汇表
exodus,ˈeksədəs,n.,成群离去，大批离开,英语专业四八级词汇表
exonerate,ɪɡˈzɒnəreɪt,v.,使免受责备(指控),英语专业四八级词汇表
exotic,ɪɡˈzɒtɪk,adj.,珍奇的，奇异的，外国产的,英语专业四八级词汇表
expand,ɪkˈspænd,v.,1. 扩大，发展，增长 2. 张开，展开,英语专业四八级词汇表
expanse,ɪkˈspæns,n.,广阔的区域，大片地区，宽广的空间,英语专业四八级词汇表
expansion,ɪkˈspænʃən,n.,1. 扩张，膨胀 2. 张开，伸展 3. 扩大，扩充，发展,英语专业四八级词汇表
expansive,ɪkˈspænsɪv,adj.,1. 友善的，健谈的，豪爽的 2. 可扩大(伸展)的,英语专业四八级词汇表
expect,ɪkˈspekt,v.,1. 期待，盼望，等待 2. 预期，预料  3.,英语专业四八级词汇表
expect,ɪkˈspekt,,(料)想，认为，要求,英语专业四八级词汇表
expectancy,ɪkˈspektənsɪ,n.,预料，期待，盼望,英语专业四八级词汇表
expectant,ɪkˈspektənt,adj.,1. 期待的，怀有希望的 2. 怀孕的,英语专业四八级词汇表
expectation,ˌekspekˈteɪʃən,n.,1. 期待，预期 2. 期望 3.,英语专业四八级词汇表
expectation,ˌekspekˈteɪʃən,,(pl)前程,英语专业四八级词汇表
expedient,ɪkˈspiːdɪənt,adj.,1. 方便的，适当的 2.,英语专业四八级词汇表
expedient,ɪkˈspiːdɪənt,,(行动)有用的，有利的，可取的 n. 权宜之计，应急的办法,英语专业四八级词汇表
expedite,ˈekspɪdaɪt,v.,使(计划等)加快实施，加速(行动等)，促进,英语专业四八级词汇表
expedition,ˌekspɪˈdɪʃən,n.,1. 探险，远征 2. 远征军，探险队,英语专业四八级词汇表
expel,ɪkˈspel,v.,驱逐，开除，排出(气等),英语专业四八级词汇表
expend,ɪkˈspend,v.,花费，用光,英语专业四八级词汇表
expenditure,ɪkˈspendɪtʃə,n.,1. 经费，费用 2. 支出，消耗，花费,英语专业四八级词汇表
expense,ɪkˈspens,n.,1. 费用，消费，支出 2.,英语专业四八级词汇表
expense,ɪkˈspens,,(精力、时间等的)消耗，耗费 3.,英语专业四八级词汇表
expense,ɪkˈspens,,(pl)开支，花费 || at the expense of以…为代价，由…付费,英语专业四八级词汇表
expensive,ɪkˈspensɪv,adj.,高价的，昂贵的,英语专业四八级词汇表
experience,ɪkˈspɪərɪəns,v.,经历，体验，遭受 n. 1. 经验，体验 2. 经历，阅历,英语专业四八级词汇表
experienced,ɪkˈspɪəriənst,n.,有经验的，老练的,英语专业四八级词汇表
experiment,ɪkˈsperɪmənt,n.,实验，试验 ||make an experiment; carry out an experiment进行实验(试验) v. 进行实验(试验) experimental,英语专业四八级词汇表
expert,ˈekspɜːt,n.,专家，能手 adj. 熟练的，内行的，专家的,英语专业四八级词汇表
expertise,ˌekspɜːˈtiːz,n.,专门技能(知识),英语专业四八级词汇表
expire,ɪkˈspaɪə,v.,1. 期满，终止 2. 死亡 3. 呼出，吐气,英语专业四八级词汇表
explain,ɪkˈspleɪn,v.,1. 解释，说明 2. 为…辩解，说明…的理由,英语专业四八级词汇表
explanation,ˌekspləˈneɪʃən,n.,说明，解释，理由,英语专业四八级词汇表
explanatory,ɪkˈsplænətɒrɪ,adj.,说明的，解释的,英语专业四八级词汇表
explicable,ɪkˈsplɪkəbl,adj.,可解释的，可理解的,英语专业四八级词汇表
explode,ɪkˈspləʊd,,v.,英语专业四八级词汇表
explode,ɪkˈspləʊd,,(使)爆炸，(使)爆发，突发,英语专业四八级词汇表
exploration,ˌekspləˈreɪʃən,n.,探险，勘查，探究,英语专业四八级词汇表
exploratory,ɪkˈsplɒrətərɪ,adj.,勘探的，探索的，探测的,英语专业四八级词汇表
explore,ɪkˈsplɔː,v.,1. 探究，探索 2. 勘探，探险，探测,英语专业四八级词汇表
explorer,ɪkˈsplɔːrə,n.,探险家，考察者，勘探器,英语专业四八级词汇表
explosion,ɪkˈspləʊʒən,n.,1. 爆炸，炸裂，爆发 2.,英语专业四八级词汇表
explosion,ɪkˈspləʊʒən,,(大规模地、迅猛地)扩张，激增,英语专业四八级词汇表
explosive,ɪkˈspləʊsɪv,n.,炸药 adj. 爆炸性的，爆发的，激增的,英语专业四八级词汇表
exponent,ɪkˈspəʊnənt,,n.,英语专业四八级词汇表
exponent,ɪkˈspəʊnənt,,(信念等的)倡导者，支持者，代表人物,英语专业四八级词汇表
export,ˈekspɔːt,v.,输出，运走，出口 n. 输出(品)，出口,英语专业四八级词汇表
exporter,ɪkˈspɔːtə,n.,出口商，输出者，出口公司,英语专业四八级词汇表
expose,ɪkˈspəʊz,v.,1. 揭露，暴露，曝光 2. 使无遮蔽，使遭受，使处于…作用(影响)下 3. 陈列，使被看到,英语专业四八级词汇表
exposition,ˌekspəˈzɪʃən,n.,1. 解释，讲解，说明 2. 展出，展览会,英语专业四八级词汇表
exposure,ɪkˈspəʊʒə,n.,1. 暴露，揭露，显露 2. 曝光，曝光时间,英语专业四八级词汇表
expound,ɪkˈspaʊnd,v.,详述，阐述，解释,英语专业四八级词汇表
expression,ɪkˈspreʃən,n.,1. 表示，表达(方式)，词语 2. 表情，神色 3. 表露，体现,英语专业四八级词汇表
expressive,ɪkˈspresɪv,adj.,富于表情的，富于表现力的,英语专业四八级词汇表
expressly,ɪkˈspreslɪ,adv.,1. 明确地 2. 特地，专程地,英语专业四八级词汇表
expressway,ɪkˈspresweɪ,n.,高速公路，快速干道= (AmE) throughway,英语专业四八级词汇表
expropriate,eksˈprəʊprɪeɪt,v.,征用，没收,英语专业四八级词汇表
expulsion,ɪkˈspʌlʃən,n.,开除，驱逐,英语专业四八级词汇表
expunge,ɪkˈspʌndʒ,v.,删去，除去,英语专业四八级词汇表
expurgate,ˈekspəɡeɪt,v.,删除不当之处，修订,英语专业四八级词汇表
exquisite,ˈekskwɪzɪt,adj.,精美的，精致的，精湛的,英语专业四八级词汇表
extant,ekˈstænt,adj.,现存的，尚存的,英语专业四八级词汇表
extend,ɪkˈstend,v.,1. 延长，延期 2. 伸，伸展，拉开 3. 扩大，扩充，扩展,英语专业四八级词汇表
extension,ɪkˈstenʃən,n.,1. 延长，扩张，延伸部分 2.,英语专业四八级词汇表
extension,ɪkˈstenʃən,,(电话)内线分机,英语专业四八级词汇表
extensive,ɪkˈstensɪv,adj.,1. 广阔的，广泛的，广大的 2. 全面的，彻底的，大量的,英语专业四八级词汇表
extent,ɪkˈstent,n.,1. 范围，广度，长度 2. 程度，限度 || to some extent在某种程度上,英语专业四八级词汇表
exterior,ɪkˈstɪərɪə,adj.,1. 外部的，外来的，外表的 2. 对外的，外交的，户外用的 n. 外貌，外表，外部,英语专业四八级词汇表
exterminate,ɪkˈstɜːmɪneɪt,v.,彻底毁灭，根除，灭绝,英语专业四八级词汇表
external,ɪkˈstɜːnəl,adj.,1. 外部的，外面的，外表的 2. 外来的，外界的，对外的,英语专业四八级词汇表
extinct,ɪkˈstɪŋkt,adj.,1. 灭绝的，绝种的 2.,英语专业四八级词汇表
extinct,ɪkˈstɪŋkt,,(火山)死的，熄灭的 3. 消亡的，破灭的,英语专业四八级词汇表
extinction,ɪkˈstɪŋkʃən,n.,消灭，熄灭，绝种,英语专业四八级词汇表
extinguish,ɪkˈstɪŋɡwɪʃ,v.,1. 熄灭，扑灭 2. 破灭，幻灭，使消亡 3. 压制，压抑,英语专业四八级词汇表
extinguisher,ɪkˈstɪŋɡwɪʃə,n.,灭火器，熄灭者,英语专业四八级词汇表
extol(l),ɪkˈstəʊl,v.,颂扬，赞美,英语专业四八级词汇表
extort,ɪkˈstɔːt,v.,强索，勒索，敲诈,英语专业四八级词汇表
extortionate,ɪkˈstɔːʃənət,adj.,勒索的，(要求、价格等)很高的，过分的,英语专业四八级词汇表
extra,ˈekstrə,adj.,1. 额外的，外加的，特别的 2. 特佳的，上好的 adv. 特别地，非常 n. 1. 额外的东西，外加费用 2. 额外人手 3. 号外,英语专业四八级词汇表
extraction,ɪkˈstrækʃən,n.,1. 取出，拔出，强索 2. 拔牙 3. 血统，出身，家世,英语专业四八级词汇表
extractor,ɪkˈstræktə,n.,榨取者，榨汁机，榨油机,英语专业四八级词汇表
extracurricular,ˌekstrəkəˈrɪkjʊlə,adj.,课外的，课程以外的,英语专业四八级词汇表
extradite,ˈekstrədaɪt,v.,引渡(罪犯),英语专业四八级词汇表
extraneous,ɪkˈstreɪnɪəs,adj.,非直接关联的，与正题无关的，外来的,英语专业四八级词汇表
extraordinary,ɪkˈstrɔːdənəri,adj.,1. 非常的，特别的，破例的 2. 离奇的，使人惊奇的，非凡的,英语专业四八级词汇表
extrapolate,ɪkˈstræpəleɪt,v.,推断，推知，推测,英语专业四八级词汇表
extraterrestrial,ˌekstrətəˈrestrɪəl,adj.,地球之外的，来自外星的,英语专业四八级词汇表
extravagance,ɪkˈstrævəɡəns,n.,浪费，奢侈，无节制,英语专业四八级词汇表
extravagant,ɪkˈstrævəɡənt,adj.,1. 浪费的，奢侈的 2. 过度的，放肆的,英语专业四八级词汇表
extreme,ɪkˈstriːm,adj.,1. 末端的，极端的，尽头的 2. 极度的，偏激的，过分的  n. 极端，极度(状态)，过分,英语专业四八级词汇表
extremely,ɪkˈstriːmlɪ,adv.,非常，极其，极端,英语专业四八级词汇表
extremism,ɪkˈstriːmɪzəm,,n.,英语专业四八级词汇表
extremism,ɪkˈstriːmɪzəm,,(政治上)极端主义，过激论,英语专业四八级词汇表
extremist,ɪkˈstriːmɪst,n.,偏激的人，极端主义者,英语专业四八级词汇表
extremities,ɪkˈstremɪtɪs,n.,1.,英语专业四八级词汇表
extremities,ɪkˈstremɪtɪs,,(人的)肢体，手足 2. 极端残暴的行为,英语专业四八级词汇表
extremity,ɪkˈstremɪtɪ,n.,极端，末端，极限，尽头,英语专业四八级词汇表
extricate,ˈekstrɪkeɪt,v.,解救，使摆脱，释放,英语专业四八级词汇表
"extrovert, extravert",ˈekstrəvɜːt,n.,性格外向者，活泼(爱交际)的人,英语专业四八级词汇表
exuberant,ɪɡˈzjuːbərənt,adj.,生气勃勃的，兴高采烈的,英语专业四八级词汇表
exude,ɪɡˈzjuːd,,v.,英语专业四八级词汇表
exude,ɪɡˈzjuːd,,(使)渗出，缓慢流出，分泌出,英语专业四八级词汇表
exult,ɪɡˈzʌlt,v.,狂喜，欢腾,英语专业四八级词汇表
eye,aɪ,n.,1. 眼睛 2. 眼力，视力 3. 环，孔，(针)眼 || catch one’s eye引某人注意 [cry one’s eyes out痛哭，大哭] in someone’s eyes在…心目中，在…看来 [keep an eye on 留神，密切注意，照看] see eye to eye (with sb)(与某人)看法完全一致 [set eyes on看，望着] turn a blind eye to对…熟视无睹 /up to one’s eyes in 忙于 v. 注视,英语专业四八级词汇表
eyeball,ˈaɪbɔːl,n.,眼球,英语专业四八级词汇表
eyebrow,ˈaɪbraʊ,n.,眉毛，眉宇,英语专业四八级词汇表
eye-catching,aɪ ˈkætʃɪŋ,adj.,引人注目的，动人的,英语专业四八级词汇表
eyeglass,ˈaɪɡlɑːs,n.,镜片,英语专业四八级词汇表
eyelash,ˈaɪlæʃ,n.,睫毛,英语专业四八级词汇表
eyeless,ˈaɪlɪs,adj.,无眼的，无视力的,英语专业四八级词汇表
eyelid,ˈaɪlɪd,n.,眼皮，眼睑,英语专业四八级词汇表
eye-opener,aɪˈəʊpənə,n.,使人大开眼界的事物，令人瞠目的事物,英语专业四八级词汇表
eyesight,ˈaɪsaɪt,n.,视力，视觉，目光,英语专业四八级词汇表
eyesore,ˈaɪsɔː,n.,难看的东西，丑陋的物品,英语专业四八级词汇表
eyewash,ˈaɪwɒʃ,n.,1. 洗眼药水 2. 胡说八道，瞎说，弄虚作假,英语专业四八级词汇表
eyewitness,ˈaɪˌwɪtnEs,n.,目击者(=witness),英语专业四八级词汇表
fable,ˈfeɪbl,n.,1. 寓言 2. 虚构的故事 3. 传说，神话,英语专业四八级词汇表
fabric,ˈfæbrɪk,n.,1. 织物，织品 2. 质地，构造，结构,英语专业四八级词汇表
fabricate,ˈfæbrɪkeɪt,v.,捏造，编造，虚构,英语专业四八级词汇表
fabulous,ˈfæbjʊləs,adj.,1. 寓言中的，难以置信的 2. 很好的，绝佳的,英语专业四八级词汇表
facade,fəˈsɑːd,n.,1. 正面，临街正面 2. 假相，外表,英语专业四八级词汇表
face,feɪs,n.,1. 脸，面孔 2. 面容，表情 3. 面子，尊严，自信 4. 正面，表面，外观 || in (the) face of面对，纵然，不顾  [keep a straight face板着面孔 ] make a face;make faces; pull a face; pull faces做鬼脸  /pull a long face拉长脸，愁眉苦脸  v. 1. 朝…，面向… 2. 正视，勇敢面对，面临 || face to face面对面,英语专业四八级词汇表
facet,ˈfæsɪt,n.,1.,英语专业四八级词汇表
facet,ˈfæsɪt,,(宝石等的)琢面 2.,英语专业四八级词汇表
facet,ˈfæsɪt,,(事物等的)一面，方面,英语专业四八级词汇表
facial,ˈfeɪʃəl,adj.,面部的，脸上的,英语专业四八级词汇表
facile,ˈfæsaɪl,adj.,过简易的，肤浅的,英语专业四八级词汇表
facilitate,fəˈsɪlɪteɪt,v.,使容易，使便利，促进,英语专业四八级词汇表
facility,fəˈsɪlətɪ,n.,1.,英语专业四八级词汇表
facility,fəˈsɪlətɪ,,(pl)设备，工具 2. 简易，方便，便利 3. 技能，熟练,英语专业四八级词汇表
facing,ˈfeɪsɪŋ,n.,1.,英语专业四八级词汇表
facing,ˈfeɪsɪŋ,,(墙壁等的)饰面，面层 2.,英语专业四八级词汇表
facing,ˈfeɪsɪŋ,,(衣服等的)镶边，贴边的材料,英语专业四八级词汇表
facsimile,fækˈsɪməlɪ,n.,复本，摹(真)本，图文传真,英语专业四八级词汇表
fact,fækt,n.,1. 事实，真相，实情 2. 真实性，实际，细节 || as a matter of fact事实上，其实 /in (actual) fact其实，实际上，确切地说,英语专业四八级词汇表
faction,ˈfækʃən,,n.,英语专业四八级词汇表
faction,ˈfækʃən,,(政党、组织等内部的)派别，宗派,英语专业四八级词汇表
factitious,fækˈtɪʃəs,adj.,不自然的，人为的,英语专业四八级词汇表
factor,ˈfæktə,n.,因素，要素,英语专业四八级词汇表
factory,ˈfæktərɪ,n.,工厂，制造厂，制造场所,英语专业四八级词汇表
factual,ˈfæktʃʊəl,adj.,事实的，真实的,英语专业四八级词汇表
faculty,ˈfækəltɪ,n.,1. 天赋，才能，官能 2.,英语专业四八级词汇表
faculty,ˈfækəltɪ,,(大学的)系、科，学院 3.,英语专业四八级词汇表
faculty,ˈfækəltɪ,,(院系的)全体教师，(某一职业的)全体从业人员,英语专业四八级词汇表
fad,fæd,,n.,英语专业四八级词汇表
fad,fæd,,(一时的)狂热，时尚,英语专业四八级词汇表
fade,feɪd,v.,1.,英语专业四八级词汇表
fade,feɪd,,(使)褪色，(使)枯萎，变衰 2. 逐渐消失,英语专业四八级词汇表
fag,fæɡ,n.,苦工，苦差事,英语专业四八级词汇表
Fahrenheit,ˈfærənhaɪt,n.,华氏(温度计),英语专业四八级词汇表
fail,feɪl,v.,1. 失败，失去作用，(使)不及格 2. 不，不能，忘记 3. 缺乏，不足 4.,英语专业四八级词汇表
fail,feɪl,,(健康等)  衰退，减弱，消失 5. 使失望，辜负，破产,英语专业四八级词汇表
failing,ˈfeɪlɪŋ,n.,弱点，缺点 prep. 如果没有，若无…,英语专业四八级词汇表
failure,ˈfeɪljə,n.,1. 失败，失败的人(事) 2. 不履行，没做到 3. 故障，失灵,英语专业四八级词汇表
faint,feɪnt,adj.,1. 虚弱的，眩晕的，即将昏晕的 2. 无力的，懦弱的，微弱的 3. 不清楚的，暗淡的，模糊的 4. 微少的，渺茫的 v. 昏厥，晕倒,英语专业四八级词汇表
fainthearted,ˌfeɪnt ˈhɑːtɪd,adj.,怯懦的，胆怯的,英语专业四八级词汇表
fairground,ˈfeəɡraʊnd,n.,游乐场,英语专业四八级词汇表
fairly,feəlɪ,adv.,1. 公正地，正当地，诚实地 2. 完全，简直 3. 相当，还算,英语专业四八级词汇表
fairness,ˈfeərnɪs,n.,公平，晴朗，美好，(皮肤)白哲,英语专业四八级词汇表
fairway,ˈfeəweɪ,,n.,英语专业四八级词汇表
fairway,ˈfeəweɪ,,(高尔夫球场上的)平坦球道,英语专业四八级词汇表
fairy,ˈfeərɪ,n.,小妖精，仙人,英语专业四八级词汇表
fairyland,ˈfeərɪlænd,n.,仙境，仙乡，仙界,英语专业四八级词汇表
faith,feɪθ,n.,1. 信任，信念 2. 信仰，信条 3. 信义，诚意，忠诚 4. 保证，诺言，约定 || have faith in信任,英语专业四八级词汇表
faithful,ˈfeɪθfʊl,adj.,守信的，忠诚的，忠实的,英语专业四八级词汇表
faithfully,ˈfeɪθfʊlɪ,adv.,忠实地，(书信中结尾的客套语)谨启,英语专业四八级词汇表
fake,feɪk,n.,假货，赝品，骗人诡计 adj. 假的，冒充的 v. 伪造，假装，捏造,英语专业四八级词汇表
falcon,ˈfɔːlkən,n.,猎鹰,英语专业四八级词汇表
fallacious,fəˈleɪʃəs,adj.,1. 谬误的 2. 靠不住的，虚妄的,英语专业四八级词汇表
fallacy,ˈfæləsɪ,n.,谬论，谬误推理,英语专业四八级词汇表
fallible,ˈfæləbl,adj.,会犯错误的，易出错的,英语专业四八级词汇表
falsehood,ˈfɔːlshʊd,n.,不实之词，谎言，撒谎,英语专业四八级词汇表
falsetto,fɔːlˈsetəʊ,n.,假声，假(高音)嗓子,英语专业四八级词汇表
falsify,ˈfɔːlsɪfaɪ,v.,窜改，伪造,英语专业四八级词汇表
falsity,ˈfɔːlsətɪ,n.,虚假，虚伪,英语专业四八级词汇表
falter,ˈfɔːltə,v.,1. 蹒跚，踉跄 2. 犹豫，动摇 3. 结巴地说，支吾而语,英语专业四八级词汇表
fame,feɪm,n.,名声，名望，声誉,英语专业四八级词汇表
famed,feɪmd,adj.,有名的，出名的,英语专业四八级词汇表
familial,fəˈmɪliəl,adj.,家庭的，家族的,英语专业四八级词汇表
familiar,fəˈmɪlɪə,adj.,1. 熟悉的，通晓的 2. 无拘束的，随便的，亲近的 || be familiar with与…很熟悉 familiarity,英语专业四八级词汇表
"familiarise, familiarize",fəˈmɪlɪəraɪz,v.,使熟悉，使通晓,英语专业四八级词汇表
family,ˈfæmɪlɪ,n.,1. 家庭，家 2. 子女 3. 家族 4. 族，科 || family planning计划生育,英语专业四八级词汇表
famine,ˈfæmɪn,n.,饥荒,英语专业四八级词汇表
famous,ˈfeɪməs,adj.,著名的，出名的,英语专业四八级词汇表
fanatic,fəˈnætɪk,n.,狂热者，入迷者 adj. 狂热的(= fanatical),英语专业四八级词汇表
fanciful,ˈfænsɪfʊl,adj.,爱空想的，富幻想的，非理性的,英语专业四八级词汇表
fancy,ˈfænsɪ,adj.,1. 作装饰用的，别致的，花哨的 2. 昂贵的，最高档的，精选的 v. 1. 想象，设想 2. 喜爱，爱好 3.,英语专业四八级词汇表
fancy,ˈfænsɪ,,(无根据地)相信，猜想 n. 1. 想像力，幻想力 2. 设想，幻想，空想 3. 爱好，迷恋  || fancy dress化装服饰 /take a fancy to爱上，爱好,英语专业四八级词汇表
"fantasise, fantasize",ˈfæntəsaɪz,v.,想象，幻想,英语专业四八级词汇表
fantastic,fænˈtæstɪk,adj.,1. 极好的，美妙的 2. 不切实际的，异想天开的，古怪的,英语专业四八级词汇表
fantasy,ˈfæntəsɪ,n.,想象，幻想,英语专业四八级词汇表
faraway,ˈfɑːrəweɪ,adj.,1. 遥远的 2.,英语专业四八级词汇表
faraway,ˈfɑːrəweɪ,,(神情)恍惚的，心不在焉的,英语专业四八级词汇表
farce,fɑːs,n.,闹剧，滑稽戏，胡闹，愚蠢可笑的事,英语专业四八级词汇表
fare,feə,n.,车费，路程费 v. 进展，过活,英语专业四八级词汇表
farewell,ˌfeəˈwel,n.,告别，欢送会 adj. 告别的 int. 再会!一路平安!,英语专业四八级词汇表
far-fetched,ˌfɑː ˈfetʃt,adj.,难以置信的，牵强的,英语专业四八级词汇表
farm,fɑːm,n.,农场，农庄，饲养场  v. 务农，耕种,英语专业四八级词汇表
farmer,ˈfɑːmə,n.,1. 农夫，农民，畜牧者 2. 农场主，牧场主，养殖场主,英语专业四八级词汇表
farmhand,ˈfɑːmhænd,n.,农场工人,英语专业四八级词汇表
farmhouse,ˈfɑːmhaʊs,n.,农舍，农庄住宅,英语专业四八级词汇表
farming,ˈfɑːmɪŋ,adj.,&n. 农业(的)，耕种(的)，农事(的),英语专业四八级词汇表
farmland,ˈfɑːmlænd,n.,农田，耕地,英语专业四八级词汇表
farmyard,ˈfɑːmjɑːd,n.,农家庭院,英语专业四八级词汇表
far-off,ˌfɑːˈɒf,adj.,遥远的,英语专业四八级词汇表
far-reaching,ˌfɑːˈrɪːtʃɪŋ,adj.,影响深远的,英语专业四八级词汇表
farsighted,ˌfɑːˈsaɪtɪd,adj.,有远见的，深谋远虑的，目光远大的,英语专业四八级词汇表
farther,ˈfɑːðə,,(far的比较级之一) adj. &adv.,英语专业四八级词汇表
farther,ˈfɑːðə,,(在空间、方向、时间上)更远(的),英语专业四八级词汇表
fascinate,ˈfæsɪneɪt,v.,迷住，使神魂颠倒，强烈地吸引,英语专业四八级词汇表
fascinating,ˈfæsɪneɪtɪŋ,adj.,迷人的，有吸引力的,英语专业四八级词汇表
fascination,ˌfæsɪˈneɪʃən,n.,1. 魅力 2. 迷恋，入迷,英语专业四八级词汇表
"fascism, Fascism",ˈfæʃɪzəm,n.,法西斯主义,英语专业四八级词汇表
"fascist, Fascist",ˈfæʃɪst,n.,法西斯分子，法西斯党徒 adj. 法西斯主义的，法西斯党的,英语专业四八级词汇表
fashion,ˈfæʃən,n.,1. 流行式样，样子，方式 2. 时尚，风尚 ||in (the) fashion合乎时尚 [out of (the) fashion不合乎时尚] come into fashion开始风行/follow the fashion赶时髦,英语专业四八级词汇表
fashionable,ˈfæʃənəbl,adj.,流行的，时尚的，(赶)时髦的,英语专业四八级词汇表
fasten,ˈfɑːsən,v.,扎牢，扣紧，系牢,英语专业四八级词汇表
fastening,ˈfɑːsənɪŋ,n.,紧固件，扣拴物，扎牢,英语专业四八级词汇表
fast-food,ˈfɑːstfuːd,adj.,专门提供快餐服务的，不精细的,英语专业四八级词汇表
fastidious,fəˈstɪdɪəs,adj.,吹毛求疵的，爱挑剔的，难以取'院的,英语专业四八级词汇表
fat,fæt,adj.,1. 肥的，油腻的，多脂肪的 2. 肥胖的，肥沃的，富裕的 3. 收益多的，丰厚的 4. 厚实的，内容充实的 n. 脂肪，脂油,英语专业四八级词汇表
fatal,ˈfeɪtəl,adj.,致命的，毁灭性的,英语专业四八级词汇表
fatalism,ˈfeɪtəlɪzəm,n.,宿命论,英语专业四八级词汇表
fatality,fəˈtælətɪ,n.,暴死，死亡，致命,英语专业四八级词汇表
fate,feɪt,n.,1. 命运，天数，结局 2. 毁灭，灾难，死亡,英语专业四八级词汇表
fated,ˈfeɪtɪd,adj.,1. 命中注定的 2. 很不幸的,英语专业四八级词汇表
fateful,ˈfeɪtfʊl,adj.,重大的，决定性的,英语专业四八级词汇表
fat-head,fæthed,n.,笨蛋，傻瓜,英语专业四八级词汇表
father,ˈfɑːðə,n.,1. 父亲 2.,英语专业四八级词汇表
father,ˈfɑːðə,,(cap)神父 3.,英语专业四八级词汇表
father,ˈfɑːðə,,(pl)祖先，创始人,英语专业四八级词汇表
father-in-law,ˈfɑːðəɪnlɔː,n.,岳父，公公,英语专业四八级词汇表
fatherland,ˈfɑːðəlænd,n.,祖国,英语专业四八级词汇表
fathom,ˈfæðəm,,n.,英语专业四八级词汇表
fathom,ˈfæðəm,,(测水深的度量单位)英噚  v. 1. 测量…的深度 2. 理解，充分了解,英语专业四八级词汇表
fatigue,fəˈtiːɡ,n.,疲劳，劳累,英语专业四八级词汇表
fatten,ˈfætən,v.,1. 使长肥，育肥，使肥沃 2. 装满，充实，增大,英语专业四八级词汇表
fatuous,ˈfætʃʊəs,adj.,蠢的，荒谬的，愚昧的,英语专业四八级词汇表
faucet,ˈfɔːsɪt,,n.,英语专业四八级词汇表
faucet,ˈfɔːsɪt,,(AmE)水龙头,英语专业四八级词汇表
fault,fɔːlt,n.,1. 缺点，毛病，错误 2. 责任，过失，不端行为 || find fault找岔子，抱怨 /,英语专业四八级词汇表
fault,fɔːlt,find,fault with责备，挑剔，吹毛求疵,英语专业四八级词汇表
faulty,ˈfɔːltɪ,adj.,1. 有错误的，有缺点的，不完善的 2. 应受责备的,英语专业四八级词汇表
fauna,ˈfɔːnə,,(pl faunae)  n. 动物群,英语专业四八级词汇表
"favour, favor",ˈfeɪvə,n.,1. 好感，喜爱，欢心 2. 赞同，支持 3. 偏袒，偏爱 4. 恩惠，善意的  行为，优惠 || in favour of① 赞同，支持②有利于 [in sb's favour得某人欢心，受某人欢迎，对某人有利] out of favour with失宠(于)，不受欢迎 /do sb a favour帮某人一个忙 v. 1. 喜爱，偏袒 2. 赐予，给以 3. 支持，鼓励，赞成  4. 有利于，有助于,英语专业四八级词汇表
"favourable, favorable",ˈfeɪvərəbl,adj.,1. 有利的，顺利的，适宜的 2. 称赞的，赞成的，讨人喜欢的,英语专业四八级词汇表
"favourite, favorite",ˈfeɪvərɪt,n.,1. 特别喜爱的人(物)，宠儿，亲信 2. 最有希望的获胜者 adj. 特别喜爱的,英语专业四八级词汇表
"favouritism, favoritism",ˈfeɪvərɪtɪzəm,n.,偏爱，偏袒，徇私,英语专业四八级词汇表
fax,fæks,v.,传真发送 n. 传真系统，传真件,英语专业四八级词汇表
faze,feɪz,v.,使惊慌失措，使震惊得说不出话来,英语专业四八级词汇表
fear,fɪə,v.,&n. 1. 害怕，畏惧 2. 担心，担忧  || for fear of生怕，以免,英语专业四八级词汇表
fearful,ˈfɪəfʊl,adj.,1. 可怕的，吓人的 2. 害怕的，担心的，胆怯的 3. 非常的，极坏的，极大的,英语专业四八级词汇表
fearless,ˈfɪəlɪs,adj.,不怕的，大胆的，无畏的,英语专业四八级词汇表
feasible,ˈfiːzəbl,adj.,可行的，可能的，行得通的,英语专业四八级词汇表
feast,fiːst,n.,盛宴，宴会  v. 大吃大喝，尽情地吃 ||  feast one’s eyes on尽情地欣赏，饱眼福,英语专业四八级词汇表
feat,fiːt,n.,1. 功绩，英勇事迹 2. 武艺，技艺,英语专业四八级词汇表
feather,ˈfeðə,n.,1. 羽毛，翎毛 2. 种类，品质 feathery,英语专业四八级词汇表
feature,ˈfiːtʃə,n.,1. 面貌的一部分，脸形 2.,英语专业四八级词汇表
feature,ˈfiːtʃə,,(pl)面貌，相貌 3. 特征，特点，特色 4.,英语专业四八级词汇表
feature,ˈfiːtʃə,,(电  影)正片，故事片(报纸等的)特写 v. 是…的特色，以…为特色,英语专业四八级词汇表
February,ˈfebrʊərɪ,n.,二月,英语专业四八级词汇表
feckless,ˈfeklɪs,adj.,无用的，不负责任的,英语专业四八级词汇表
fecund,ˈfiːkənd,adj.,肥沃的，丰饶的,英语专业四八级词汇表
federal,ˈfedərəl,adj.,联邦的，联盟的，联合的,英语专业四八级词汇表
federalism,ˈfedərəlɪzəm,n.,联邦主义,英语专业四八级词汇表
federalist,ˈfedərəlɪst,n.,联邦主义者,英语专业四八级词汇表
federate,ˈfedəreɪt,,v.,英语专业四八级词汇表
federate,ˈfedəreɪt,,(州、团体等)组成联邦，结成同盟,英语专业四八级词汇表
federation,ˌfedəˈreɪʃən,n.,联盟，联邦，同盟,英语专业四八级词汇表
fee,fiː,n.,费，酬金，会费,英语专业四八级词汇表
feeble,ˈfiːbl,adj.,虚弱的，软弱的，微弱的,英语专业四八级词汇表
feebleminded,ˈfiːblˈmaɪndɪd,adj.,弱智的，愚笨的，低能的,英语专业四八级词汇表
feed,fiːd,v.,"1. 喂(养),饲(养)，为…提供食物 2. 供应，提供，用…喂 3. 维持，助长，满足 4. 加进(原料等)，投入",英语专业四八级词汇表
feedback,ˈfiːdbæk,n.,反馈，反应，回应,英语专业四八级词汇表
feeder,ˈfiːdə,n.,1. 饲养员 2. 进料器 3. 河流的支流，支线,英语专业四八级词汇表
feel,fiːl,v.,1. 感到，觉得 2. 触，摸 3. 给人某种感觉 || feel like①想要②摸上去如同，感觉像 /feel up to觉得能担当 n. 1. 感觉，触觉，知觉 2. 触，摸,英语专业四八级词汇表
feeler,ˈfiːlə,n.,触角，触须  || put out feelers谨慎地试探别人的观点,英语专业四八级词汇表
feeling,ˈfiːlɪŋ,n.,1. 触觉，知觉，感觉 2. 同情，体谅，情绪 3. 触，摸 4.,英语专业四八级词汇表
feeling,ˈfiːlɪŋ,,(艺术等的)感染力，敏感，鉴赏力 5.,英语专业四八级词汇表
feeling,ˈfiːlɪŋ,,(pl)感情 adj. 有同情心的，激动的，衷心的,英语专业四八级词汇表
feign,feɪn,v.,假装，佯作， 冒充,英语专业四八级词汇表
feint,feɪnt,v.,&n. 佯攻， 虚晃,英语专业四八级词汇表
felicity,fəˈlɪsətɪ,n.,快乐，幸福,英语专业四八级词汇表
fell,fel,v.,击倒，砍伐，砍倒,英语专业四八级词汇表
fellow,ˈfeləʊ,n.,1. 同事，同代人 2. 家伙，小伙子，人 3. 会员，研究员,英语专业四八级词汇表
fellowship,ˈfeləʊʃɪp,n.,1. 团体，协会 2. 友谊，交情 3. 学院董事(研究员)的职位,英语专业四八级词汇表
felony,ˈfelənɪ,n.,重罪,英语专业四八级词汇表
felt,felt,n.,毛毡,英语专业四八级词汇表
female,ˈfiːmeɪl,n.,女子，雌性动物(植物)  adj. 1. 女(性)的，雌(性)的，生产果实的 2. 阴的，凹的,英语专业四八级词汇表
feminine,ˈfemənɪn,adj.,女性的，适于女子的，阴性的,英语专业四八级词汇表
femininity,ˌfemɪˈnɪnɪtɪ,n.,女人的气质,英语专业四八级词汇表
feminism,ˈfemɪnɪzəm,n.,女权运动，男女平等主义,英语专业四八级词汇表
feminist,ˈfemɪnɪst,n.,男女平等主义者 adj. 主张男女平等的,英语专业四八级词汇表
fen,fen,n.,沼泽地区,英语专业四八级词汇表
fend,fend,v.,照顾自己，自谋生路,英语专业四八级词汇表
fender,ˈfendə,n.,壁炉围栏，挡泥板,英语专业四八级词汇表
ferment,fəˈment,v.,1.,英语专业四八级词汇表
ferment,fəˈment,,(使)发酵 2.,英语专业四八级词汇表
ferment,fəˈment,,(使)激动，(使)骚动,英语专业四八级词汇表
fermentation,ˌfɜːmenˈteɪʃən,n.,发酵，激动，骚动,英语专业四八级词汇表
fern,fɜːn,n.,蕨，蕨类植物,英语专业四八级词汇表
ferocious,fəˈrəʊʃəs,adj.,凶恶的，凶猛的，残暴的,英语专业四八级词汇表
ferocity,fəˈrɒsətɪ,n.,凶恶，残暴,英语专业四八级词汇表
ferret,ˈferɪt,n.,搜寻，查获，搜索,英语专业四八级词汇表
ferry,ˈferɪ,n.,渡船，渡口，摆渡 v. 渡运，运送，摆渡,英语专业四八级词汇表
ferryboat,ˈferibəʊt,n.,渡船,英语专业四八级词汇表
fertile,ˈfɜːtaɪl,adj.,1. 肥沃的，富饶的 2. 可繁殖的，能生育的 3. 有才智的，丰富的，富于思想的,英语专业四八级词汇表
"fertilise,fertilize",ˈfɜːtɪlaɪz,v.,使多产，使肥沃,英语专业四八级词汇表
fertilizer,ˈfɜːtɪlaɪzə,n.,化肥，肥料,英语专业四八级词汇表
fervent,ˈfɜːvənt,adj.,热情的，热烈的，热诚的,英语专业四八级词汇表
"fervour, fervor",ˈfɜːvə,n.,热情，热诚,英语专业四八级词汇表
fester,ˈfestə,,v.,英语专业四八级词汇表
fester,ˈfestə,,(伤口)化脓，溃烂,英语专业四八级词汇表
festival,ˈfestəvəl,n.,节日， 喜庆日，纪念活动日 adj. 节日的，喜庆的,英语专业四八级词汇表
festive,ˈfestɪv,adj.,欢乐的，节日的,英语专业四八级词汇表
festivity,feˈstɪvətɪ,n.,庆祝活动，庆典，欢宴,英语专业四八级词汇表
festoon,feˈstuːn,v.,给…花彩 n. 花彩，花饰,英语专业四八级词汇表
fetch,fetʃ,v.,1. 取来，拿来 2. 售得，卖得,英语专业四八级词汇表
fetching,ˈfetʃɪŋ,adj.,迷人的，吸引人的,英语专业四八级词汇表
fete,feɪt,,n.,英语专业四八级词汇表
fete,feɪt,,(室外的)游乐会，义卖会，喜庆日 v. 特别款待，庆祝,英语专业四八级词汇表
fetid,ˈfetɪd,adj.,恶臭的,英语专业四八级词汇表
fetish,ˈfetɪʃ,n.,1. 神物 2. 迷恋之物,英语专业四八级词汇表
fetter,ˈfetə,n.,脚镣，桎梏，束缚 v. 束缚，拘束,英语专业四八级词汇表
fetus,ˈfɪːtəs,n.,胎儿,英语专业四八级词汇表
feud,fjuːd,n.,& v. 宿怨，世仇，长期不和,英语专业四八级词汇表
feudal,ˈfjuːdəl,adj.,封建的，封建制度的,英语专业四八级词汇表
feudalism,ˈfjuːdəlɪzəm,n.,封建主义，封建制度,英语专业四八级词汇表
fever,ˈfiːvə,n.,1. 发热，发烧，热度 2. 狂热，激动，兴奋  || run a fever发烧,英语专业四八级词汇表
feverish,ˈfiːvərɪʃ,adj.,发热的，发烧的，狂热的,英语专业四八级词汇表
few,fjuː,adj.,&prop.,英语专业四八级词汇表
few,fjuː,,(表示否定)很少(的)，几乎没有(的) || a few(表示肯定)有些，几个,英语专业四八级词汇表
fiance,fɪˈɒnseɪ,n.,未婚夫,英语专业四八级词汇表
fiancee,fɪˈɒnseɪ,n.,未婚妻,英语专业四八级词汇表
fiasco,fɪˈæskəʊ,n.,完全失败，惨败,英语专业四八级词汇表
"fibre, fiber",ˈfaɪbə,n.,1.,英语专业四八级词汇表
"fibre, fiber",ˈfaɪbə,,(动植物)纤维 2. 品格，气质， 性情,英语专业四八级词汇表
fibreglass,ˈfaɪbəɡlɑːs,n.,玻璃纤维,英语专业四八级词汇表
fickle,ˈfɪkl,adj.,易变的，无常的，不专的,英语专业四八级词汇表
fiction,ˈfɪkʃən,n.,小说，虚构的事，杜撰的故事,英语专业四八级词汇表
fictitious,fɪkˈtɪʃəs,adj.,非真实的，虚构的，杜撰的,英语专业四八级词汇表
fiddle,ˈfɪdl,n.,1. 欺诈，欺骗行为 2. 小提琴,英语专业四八级词汇表
fiddling,ˈfɪdlɪŋ,adj.,微小的，微不足道的，无足轻重的,英语专业四八级词汇表
fiddly,ˈfɪdlɪ,adj.,难弄的，费事的，不便使用的,英语专业四八级词汇表
fidelity,fɪˈdelɪtɪ,n.,1. 忠诚，忠实 2. 逼真，精确，详实,英语专业四八级词汇表
fidget,ˈfɪdʒɪt,v.,坐立不安，烦躁 n. 坐立不安的人,英语专业四八级词汇表
field,fiːld,n.,1. 田野，田地，露天场地 2. 领域，范围 3. 实地，现场，场 4.,英语专业四八级词汇表
field,fiːld,,(pl)旷野，原野,英语专业四八级词汇表
fieldwork,ˈfiːldwəːk,n.,实地考察，现场调查,英语专业四八级词汇表
fiend,fiːnd,n.,1. 恶魔，魔鬼 2. 迷，狂,英语专业四八级词汇表
fiendish,ˈfiːndɪʃ,adj.,1. 凶猛的，残暴的，极坏的 2. 巧妙而复杂的,英语专业四八级词汇表
fierce,fɪəs,adj.,1. 凶猛的，残忍的 2. 猛烈的，狂热的，强烈的,英语专业四八级词汇表
fiery,ˈfaɪərɪ,adj.,1. 火的，火一般的，火焰的 2. 燃烧着的，激烈的，暴躁的,英语专业四八级词汇表
fifteen,ˌfɪfˈtiːn,n.,&adj. 十五(的)，十五个(的),英语专业四八级词汇表
fifteenth,ˌfɪfˈtiːnθ,n.,&adj. 第十五(的)，第十五个(的)，十五分之一(的),英语专业四八级词汇表
fifth,fɪfθ,n.,&adj. 第五个(的)，五分之一(的),英语专业四八级词汇表
fiftieth,ˈfɪftɪɪθ,n.,&adj. 第五十(的)，第五十个(的)，五十分之一(的),英语专业四八级词汇表
fifty,ˈfɪftɪ,n.,&adj. 五十(的)，五十个(的),英语专业四八级词汇表
fig,fɪɡ,n.,1. 无花果(树)  2. 一点儿，无价值的东西,英语专业四八级词汇表
fight,faɪt,v.,1. 打仗，打架，格斗 2. 与…进行斗争，争论 n. 1. 战斗，打架，互殴 2. 斗志，战斗力 || fight against为反对…而战 /fight for为…而战,英语专业四八级词汇表
fighter,ˈfaɪtə,n.,1. 战士 2. 战斗机,英语专业四八级词汇表
fighting,ˈfaɪtɪŋ,n.,战斗，斗争，搏斗 adj. 战斗的，好斗的，好战的,英语专业四八级词汇表
figment,ˈfɪɡmənt,n.,虚构的事，臆造的事物,英语专业四八级词汇表
figurative,ˈfɪɡərətɪv,adj.,1. 比喻的，借喻的 2. 象征的,英语专业四八级词汇表
figure,ˈfɪɡə,n.,1. 外形，体形，轮廓 2. 数字，位数，符号 3. 图形，图表 4. 人物，身份，地 位 5. 价格，估价 v. 1. 扮演角色，塑造，描述 2. 计算 3. 估计，以为，想象 || figure out ①想出，理解，明白②计算出，解决,英语专业四八级词汇表
figurehead,ˈfɪɡəhed,n.,傀儡，有名无实的领导者,英语专业四八级词汇表
filament,ˈfɪləmənt,n.,细丝，丝状物,英语专业四八级词汇表
filial,ˈfɪlɪəl,adj.,子女(应做)的，孝顺的,英语专业四八级词汇表
fill,fɪl,v.,1. 装满，注满，充满 2. 补上，填补，满足 || fill in①填充，填写②替代，暂代 [fill out填写，填好] fill up填补，装满 /fill sth with sth给…充满(装满)  n. 充分，足够，足量,英语专业四八级词汇表
fillet,ˈfɪlɪt,n.,无骨的肉片  v. 把…切成片,英语专业四八级词汇表
filling,ˈfɪlɪŋ,n.,1. 装填，填充，填补物 2. 馅子,英语专业四八级词汇表
film,fɪlm,n.,1. 电影，影片 2. 胶卷，软片 3. 薄膜，薄层，薄雾  v. 1. 拍摄，把…拍成电影  2. 在…上盖以薄膜,英语专业四八级词汇表
filter,ˈfɪltə,v.,1. 过滤，滤除，使漏出 2. 透过，(消息等)泄漏 n. 1. 过滤器，过滤装置 2. 滤光器，滤色镜,英语专业四八级词汇表
filth,fɪlθ,n.,1. 肮脏，污物  2. 粗话，下流话,英语专业四八级词汇表
filthy,ˈfɪlθɪ,adj.,肮脏的，卑劣的，淫秽的,英语专业四八级词汇表
fin,fɪn,n.,鳍，鳍状物,英语专业四八级词汇表
final,ˈfaɪnəl,adj.,最后的，最终的，决定性的 n. 1. 期终考试，最后一次考试 2. 决赛,英语专业四八级词汇表
finale,fɪˈnɑːlɪ,n.,终曲，结局，(音乐、戏剧等的)最后部分,英语专业四八级词汇表
finalist,ˈfaɪnəlɪst,n.,参加决赛者,英语专业四八级词汇表
finally,ˈfaɪnəlɪ,adv.,1. 最后，终于 2. 决定性地，彻底地,英语专业四八级词汇表
finance,ˈfaɪnæns,n.,1. 财政，财务 2. 资金，经费 3.,英语专业四八级词汇表
finance,ˈfaɪnæns,,(pl)财源，岁入，基金 v. 为…提供资金(经费),英语专业四八级词汇表
financial,faɪˈnænʃəl,adj.,财政的，金融的 financially,英语专业四八级词汇表
financier,faɪˈnænsɪə,n.,财政家，金融家,英语专业四八级词汇表
find,faɪnd,v.,.找到，发现，查出 2. 觉得，觉察，感受到 3. 努力获得，达到 || find out 找出，查明，认识到 n. 发现，发现物,英语专业四八级词汇表
finding,ˈfaɪndɪŋ,n.,1. 心得，研究所得，调查结果 2. 裁决，判决,英语专业四八级词汇表
finely,ˈfaɪnlɪ,adv.,1. 微细地 2. 精确地，精细地,英语专业四八级词汇表
finery,ˈfaɪnərɪ,n.,华丽的衣服,英语专业四八级词汇表
finesse,fɪˈnes,n.,技巧，策略，手腕,英语专业四八级词汇表
finger,ˈfɪŋɡə,n.,手指，手指形东西  v. 用手指触摸，拨弄,英语专业四八级词汇表
fingernail,ˈfɪŋɡəneɪl,n.,手指甲,英语专业四八级词汇表
fingerprint,ˈfɪŋɡəˌprɪnt,n.,指纹 v. 取…指纹,英语专业四八级词汇表
fingertip,ˈfɪŋɡəˌtɪp,n.,指端，指尖 || have sth at one’s fingertips对某物了如指掌 /to one’s fingertips各方面，完全，彻底,英语专业四八级词汇表
finicky,ˈfɪnɪkɪ,adj.,苛求的，过分讲究的,英语专业四八级词汇表
finish,ˈfɪnɪʃ,v.,1. 结束，终止，毁灭 2. 使完美，润色 3. 耗尽，用完 || finish up结束，完成，用完 [finish up with以…结束，最后有] finish with完成，结束  n. 1. 最后部分，结束，终结 2. 完美，完善，完成 3. 抛光(剂)，最后一道工序,英语专业四八级词汇表
finished,ˈfɪnɪʃt,adj.,1. 完结了的，结束了的 2. 精致完美的，绝顶的,英语专业四八级词汇表
finite,ˈfaɪnaɪt,adj.,1. 限定的，有限的 2.,英语专业四八级词汇表
finite,ˈfaɪnaɪt,,(动词)限定式的,英语专业四八级词汇表
fir,fɜː,n.,冷杉木，枞树,英语专业四八级词汇表
fire,ˈfaɪə,n.,1. 火，炉火，取暖设备 2. 火灾 3. 射击，炮火 4. 热情，激情 || catch fire着火 [cease fire停火] on fire 起火，燃烧着 [open fire开火] put out a fire灭火 [set sth on fire; set fire to sth放火烧] under fire遭到炮火轰击，受到攻击(批评等) v. 1. 发射，射击，使燃烧 2. 给…加燃料，烘制 3. 激起，激发 4. 解雇，开除,英语专业四八级词汇表
firearm,ˈfaɪərɑːm,n.,火器，轻武器，枪,英语专业四八级词汇表
fire-bomb,ˈfaɪəbɒm,n.,燃烧弹,英语专业四八级词汇表
firebrand,ˈfaɪəbrænd,n.,煽动者，挑起动乱者,英语专业四八级词汇表
firebrick,ˈfaɪəˌbrɪk,n.,耐火砖，火砖,英语专业四八级词汇表
firecracker,ˈfaɪəˌkrækə,n.,鞭炮，爆竹,英语专业四八级词汇表
firedamp,ˈfaɪədæmp,n.,瓦斯，沼气，甲烷,英语专业四八级词汇表
fire-drill,ˈfaɪədrɪll,n.,消防演习,英语专业四八级词汇表
fire-engine,ˈfaɪəˈendʒɪn,n.,消防车，救火车,英语专业四八级词汇表
firefighter,faɪəˌfaɪtə,,n.,英语专业四八级词汇表
firefighter,faɪəˌfaɪtə,,(尤指护林的)消防人员,英语专业四八级词汇表
fireman,ˈfaɪəmən,n.,1. 消防队员 2. 司炉工，烧火工人,英语专业四八级词汇表
fireplace,ˈfaɪəpleɪs,n.,壁炉,英语专业四八级词汇表
firepower,ˈfaɪəˌpaʊə,n.,火力,英语专业四八级词汇表
fireproof,ˈfaɪəpruːf,adj.,耐火的，防火的,英语专业四八级词汇表
fireside,ˈfaɪəsaɪd,n.,炉边,英语专业四八级词汇表
firewood,ˈfaɪəwʊd,n.,柴,英语专业四八级词汇表
firework,ˈfaɪəwəːk,n.,烟火具，(pl)烟火,英语专业四八级词汇表
first,fɜːst,adj.,1. 第一的，最早的，最初的 2. 主要的，首要的，第一流的 3. 基本的，最起码的 adv. 首先，最初，首次 n. 第一(名)，开始 ||at first 起先，开始时候 [first of all首先，第一] first and last总的看来，彻头彻尾 /from first to last从头至尾，一贯,英语专业四八级词汇表
firstborn,ˈfəːstbɔːn,n.,&adj. 最先出生的，长子，长女,英语专业四八级词汇表
firsthand,ˈfəːsthænd,adj.,& adv. 直接的，第一手(的),英语专业四八级词汇表
first-rate,ˈfəːstreɪt,adj.,第一流的，质量最佳的 adv. 非常健康，身体好,英语专业四八级词汇表
fiscal,ˈfɪskl,adj.,财务的，财政的，会计的,英语专业四八级词汇表
fish,fɪʃ,n.,鱼，鱼类，鱼肉 v. 1. 捕鱼，钓鱼 2. 间接探求，探取，拿出 || fish in troubled waters浑水摸鱼,英语专业四八级词汇表
fisherman,ˈfɪʃəmən,n.,捕鱼人，渔船,英语专业四八级词汇表
fishery,ˈfɪʃərɪ,n.,渔场,英语专业四八级词汇表
fishing,ˈfɪʃɪŋ,n.,钓鱼，捕鱼,英语专业四八级词汇表
fishing-rod,ˈfɪʃɪŋrɒd,n.,钓竿,英语专业四八级词汇表
fishmonger,ˈfɪʃmʌŋɡə,n.,鱼贩，鱼商,英语专业四八级词汇表
fission,ˈfɪʃən,n.,细胞分裂，原子核分裂,英语专业四八级词汇表
fissure,ˈfɪʃə,n.,裂缝，裂隙,英语专业四八级词汇表
fist,fɪst,n.,拳，拳头,英语专业四八级词汇表
fitful,ˈfɪtfʊl,adj.,一阵阵的，不规则的，不安定的,英语专业四八级词汇表
fitness,ˈfɪtnɪs,n.,适合，恰当，健康,英语专业四八级词汇表
fitting,ˈfɪtɪŋ,adj.,适合的，恰当的，相称的 n. 1. 试穿 2. 装配，修整 3.,英语专业四八级词汇表
fitting,ˈfɪtɪŋ,,(pl)(房屋内的)固定装置，设备，配件,英语专业四八级词汇表
five,faɪv,n.,&adj. 五个(的)，五(的),英语专业四八级词汇表
fix,fɪks,v.,1. 使固定，装置，安装 2. 盯住，凝视 3. 确定，决定，安排 4. 修理 || fix up①解决，安排，安定②修理，修补 ③约定,英语专业四八级词汇表
fixed,fɪkst,adj.,固定的，不动的，固执的,英语专业四八级词汇表
fixer,ˈfɪksə,n.,操纵者,英语专业四八级词汇表
fixture,ˈfɪkstʃə,n.,1. 固定装置 2. 预定举行的体育比赛,英语专业四八级词汇表
fizz,fɪz,v.,& n.,英语专业四八级词汇表
fizz,fɪz,,(液体发出的)嘶嘶声,英语专业四八级词汇表
flabby,ˈflæbɪ,,adj.,英语专业四八级词汇表
flabby,ˈflæbɪ,,(肌肉)松软的，软弱无力的,英语专业四八级词汇表
flaccid,ˈflæksɪd,,adj.,英语专业四八级词汇表
flaccid,ˈflæksɪd,,(肌肉等)松软的，软弱无力的,英语专业四八级词汇表
flagpole,ˈflæɡpəʊl,n.,旗杆,英语专业四八级词汇表
flagrant,ˈfleɪɡrənt,adj.,穷凶极恶的，骇人听闻的，明目张胆的,英语专业四八级词汇表
flagship,ˈflæɡʃɪp,n.,旗舰,英语专业四八级词汇表
flagstaff,ˈflæɡstɑːf,n.,旗杆,英语专业四八级词汇表
flail,fleɪl,v.,猛挥，挥舞，乱舞,英语专业四八级词汇表
flair,fleə,n.,天赋，本领，才华,英语专业四八级词汇表
flak,flæk,n.,1. 高射炮(火) 2. 抨击，谴责，强烈反对,英语专业四八级词汇表
flake,fleɪk,n.,小薄片，扁薄的一层  v. 一片片地落下,英语专业四八级词汇表
flamboyant,flæmˈbɔɪənt,adj.,1. 华丽的，鲜艳的 2. 炫耀的，浮华的,英语专业四八级词汇表
flame,fleɪm,n.,火焰，火舌，闪光 || in flames燃烧着 v. 焚烧，发光，闪耀,英语专业四八级词汇表
flammable,ˈflæməbl,adj.,易燃的,英语专业四八级词汇表
flank,flæŋk,n.,腰窝，侧翼 v. 位于…的侧面,英语专业四八级词汇表
flannel,ˈflænəl,n.,1. 法兰绒，绒布 2.,英语专业四八级词汇表
flannel,ˈflænəl,,(pl)法兰绒衣服  adj. 法兰绒的,英语专业四八级词汇表
flap,flæp,v.,1. 拍打，拍动，摆动 2.,英语专业四八级词汇表
flap,flæp,,(鸟)振(翅) 3. 平卧，垂下 n. 1. 拍打，拍动，(鸟的)振翅 2. 下垂物，覆盖物 3.,英语专业四八级词汇表
flap,flæp,,(袋)盖，(帽)边，信封口盖,英语专业四八级词汇表
flash,flæʃ,v.,1. 闪光，闪耀  2. 突发，闪现 3. 飞驰，掠过 n. 1. 闪亮，闪光，闪现 2. 刹那，转瞬间,英语专业四八级词汇表
flashback,ˈflæʃbæk,,n.,英语专业四八级词汇表
flashback,ˈflæʃbæk,,(电影的)闪回，倒叙,英语专业四八级词汇表
flashlight,ˈflæʃlaɪt,n.,闪光灯,英语专业四八级词汇表
flask,flɑːsk,,n.,英语专业四八级词汇表
flask,flɑːsk,,(实验用的)烧瓶，长颈瓶，冷(热)水瓶，保温瓶,英语专业四八级词汇表
flatten,ˈflætən,,v.,英语专业四八级词汇表
flatten,ˈflætən,,(使)变平，(把…)拉平,英语专业四八级词汇表
flatter,ˈflætə,v.,1. 奉承，恭维 2. 使高兴，使满意,英语专业四八级词汇表
flattery,ˈflætərɪ,n.,恭维(话)，奉承,英语专业四八级词汇表
flaunt,flɔːnt,v.,炫耀，夸示,英语专业四八级词汇表
"flavour, flavor",ˈfleɪvə,n.,1. 味，味道，风味 2. 风韵，特色，特点,英语专业四八级词汇表
"flavouring, flavoring",ˈfleɪvərɪŋ,n.,调味品，调味香料,英语专业四八级词汇表
flaw,flɔː,n.,缺点，缺陷，瑕疵 v. 使有缺陷，损害,英语专业四八级词汇表
flawless,ˈflɔːlɪs,adj.,无瑕的，完美的,英语专业四八级词汇表
flax,flæks,n.,亚麻(纤维),英语专业四八级词汇表
flaxen,ˈflæksən,,adj.,英语专业四八级词汇表
flaxen,ˈflæksən,,(毛发)淡黄色的,英语专业四八级词汇表
flea,fliː,n.,跳蚤,英语专业四八级词汇表
fleck,ˈflek,n.,斑点，微粒  v. 使有斑点，使成斑驳,英语专业四八级词汇表
flee,fliː,v.,逃跑，逃离,英语专业四八级词汇表
fleece,fliːs,n.,羊毛 v. 欺诈，敲竹杠，骗取,英语专业四八级词汇表
fleet,fliːt,n.,1. 舰队 2. 船队，机群，(汽)车队,英语专业四八级词汇表
fleeting,ˈfliːtɪŋ,adj.,短暂的，稍纵即逝的,英语专业四八级词汇表
flesh,fleʃ,n.,肉，肉体，果肉  fleshy,英语专业四八级词汇表
flex,fleks,n.,皮线，花线 v. 弯曲，伸展,英语专业四八级词汇表
flexibility,ˌfleksəˈbɪlətɪ,n.,灵活性，机动性，柔韧性,英语专业四八级词汇表
flexible,ˈfleksəbl,adj.,1. 柔韧的，易弯曲的 2. 可变通的，灵活的，易适应的,英语专业四八级词汇表
flexibly,ˈfleksəblɪ,adv.,灵活地,英语专业四八级词汇表
flexitime,ˈfleksɪtaɪm,n.,弹性工作时间制,英语专业四八级词汇表
flick,flɪk,v.,&n. 轻打，轻弹，抽动,英语专业四八级词汇表
flicker,ˈflɪkə,v.,&n. 1.,英语专业四八级词汇表
flicker,ˈflɪkə,,(火焰)闪烁，摇曳 2. 摆动，晃动,英语专业四八级词汇表
flier,flaɪə,n.,飞行物，飞行者,英语专业四八级词汇表
flighty,ˈflaɪtɪ,adj.,善变的，难捉摸的，爱发奇想的,英语专业四八级词汇表
flimsy,ˈflɪmzɪ,adj.,轻而薄的，脆弱的，易损坏的,英语专业四八级词汇表
flinch,flɪntʃ,v.,退缩，畏缩,英语专业四八级词汇表
fling,flɪŋ,v.,投，抛，摔  n. 悠情放纵，尽情欢乐， 一时的(常为放纵的)行乐,英语专业四八级词汇表
flint,flɪnt,n.,燧石，打火石,英语专业四八级词汇表
flip,flɪp,v.,1. 把…抛向空中，捻，快速地翻转(猛然移动) 2. 大怒，强烈地反应 n. 轻弹(打、抛),英语专业四八级词汇表
flippant,ˈflɪpənt,adj.,轻浮的，轻率的,英语专业四八级词汇表
flirt,flɜːt,v.,调情 || flirt with ①不认真地考虑或对待②举动轻率 n. 调情者,英语专业四八级词汇表
flit,flɪt,v.,轻快地飞，掠过,英语专业四八级词汇表
float,fləʊt,v.,1. 漂浮，浮动，漂 2. 成立 3. 建议 n. 1. 漂浮，漂浮物，浮标 2. 游行花车,英语专业四八级词汇表
flock,flɒk,n.,1. 兽群，鸟群，羊群 2. 一伙人 3. 大量 v. 群集，成群行动，簇拥,英语专业四八级词汇表
flog,flɒɡ,v.,重打，鞭打,英语专业四八级词汇表
flood,flʌd,v.,泛滥，淹没，溢出 n. 1. 洪水，水灾 2. 涨潮，涨水 3. 大量，大批,英语专业四八级词汇表
floodgate,ˈflʌdɡeɪt,n.,水闸门，防洪闸门  || open the floodgates①打开水闸②突然解除抑制,英语专业四八级词汇表
floodlight,ˈflʌdlaɪt,n.,水银灯，泛光灯，强力照明,英语专业四八级词汇表
floor,flɔː,n.,1. 地板，地面，底 2. 楼层 3. 议会席，交易厅，发言权 v. 铺设地板，把…打翻在地,英语专业四八级词汇表
flop,flɒp,v.,&n. 1. 笨重地落下或倒下 2. 失败,英语专业四八级词汇表
floppy,ˈflɒpɪ,adj.,松软的，下垂的 || floppy disk; floppy diskette(电脑)软磁盘,英语专业四八级词汇表
floral,ˈflɔːrəl,adj.,用花做的，用花装饰的,英语专业四八级词汇表
florid,ˈflɒrɪd,adj.,过分华丽的，过分装饰的，(脸色)红润的,英语专业四八级词汇表
florist,ˈflɒrɪst,n.,花商,英语专业四八级词汇表
flounder,ˈflaʊndə,v.,1.,英语专业四八级词汇表
flounder,ˈflaʊndə,,(在水中)挣扎，肢体乱动 2. 错乱地说话(行动),英语专业四八级词汇表
flour,ˈflaʊə,n.,面粉,英语专业四八级词汇表
flourish,ˈflʌrɪʃ,v.,&n. 1. 茂盛，繁荣，兴旺 2. 挥舞，挥动，炫耀,英语专业四八级词汇表
flout,flaʊt,v.,蔑视，违抗,英语专业四八级词汇表
flow,fləʊ,v.,1. 流动，涌出，川流不息 2. 来源，产生 3. 飘垂，飘拂，飘扬 n. 1. 流动，流量，流速 2. 涌出，流畅，大量,英语专业四八级词汇表
flowchart,ˈfləʊtʃɑːt,n.,流程图，作业图,英语专业四八级词汇表
flower,ˈflaʊə,n.,1. 花，开花植物 2. 兴盛时期，开花(期)  v. 1. 开花 2. 发育，成熟，繁荣,英语专业四八级词汇表
flowerbed,ˈflaʊəbed,n.,花床，花坛,英语专业四八级词汇表
flowerpot,ˈflaʊəpɒt,n.,花盆,英语专业四八级词汇表
flu,fluː,,(abbre for influenza) n. 流行性感冒,英语专业四八级词汇表
fluctuate,ˈflʌktʃʊeɪt,v.,波动，变动，涨落,英语专业四八级词汇表
fluency,ˈfluːənsɪ,n.,流利，流畅,英语专业四八级词汇表
fluent,ˈfluːənt,adj.,流畅的，流利的,英语专业四八级词汇表
fluff,flʌf,n.,松软的绒毛团，软毛，柔毛 v. 1. 抖松，拍松  2. 把…弄糟，弄错,英语专业四八级词汇表
fluid,ˈfluːɪd,adj.,1. 流动的，流体的，液体的 2. 不固定的，易变的 n. 流体(液体与气体的总称)，液体，流质,英语专业四八级词汇表
fluidity,fluːˈɪdɪtɪ,n.,流动 性，流动状态,英语专业四八级词汇表
fluke,fluːk,n.,侥幸，侥幸的成功,英语专业四八级词汇表
flunk,flʌŋk,v.,通不过(考试等)，评定(某人)不及格,英语专业四八级词汇表
fluorescent,flʊəˈresənt,,adj.,英语专业四八级词汇表
fluorescent,flʊəˈresənt,,(有)荧光的，发荧光的,英语专业四八级词汇表
flurry,ˈflʌrɪ,n.,1. 骤雨，阵雨(风、雪等) 2. 激动，慌张 3. 爆发，骚动 v. 使迷乱，使慌张,英语专业四八级词汇表
flute,fluːt,n.,笛，长笛,英语专业四八级词汇表
flutter,ˈflʌtə,v.,&n. 1. 振翅，拍翼 2. 飘动，摆动 3. 激动，紧张，兴奋,英语专业四八级词汇表
flux,flʌks,n.,不断的变化，变动，变迁,英语专业四八级词汇表
flyer,flaɪə,n.,飞行物，飞行者,英语专业四八级词汇表
flyleaf,ˈflaɪliːf,n.,空白页，扉页,英语专业四八级词汇表
flyover,ˈflaɪəʊvə,n.,1.,英语专业四八级词汇表
flyover,ˈflaɪəʊvə,,(BrE)立交桥，汽车天桥=(AmE) overpass 2.,英语专业四八级词汇表
flyover,ˈflaɪəʊvə,,(AmE) (检阅时飞机)低空编队飞行=(BrE) flypast,英语专业四八级词汇表
flypast,ˈflaɪpɑːst,,n.,英语专业四八级词汇表
flypast,ˈflaɪpɑːst,,(BrE)(检阅时飞机)低空编队飞行,英语专业四八级词汇表
flywheel,ˈflaɪwiːl,n.,飞轮，惯性轮,英语专业四八级词汇表
foam,fəʊm,n.,1. 泡沫，(马等的)涎沫(大汗)，白沫 2. 泡沫材料 v. 1. 起泡沫，冒汗 2. 吐白沫，唾沫四溅,英语专业四八级词汇表
focus,ˈfəʊkəs,n.,1. 焦点，焦距，聚焦 2. 中心，集中点 v. 1. 聚焦，集中 2. 调节…的焦距,英语专业四八级词汇表
fodder,ˈfɒdə,n.,饲料，秣,英语专业四八级词汇表
foe,fəʊ,n.,敌人,英语专业四八级词汇表
"foetus, fetus",ˈfiːtəs,n.,胎儿,英语专业四八级词汇表
fog,fɒɡ,n.,雾,英语专业四八级词汇表
foggy,ˈfɒɡɪ,adj.,有雾的，多雾的，模糊不清的,英语专业四八级词汇表
fogy,ˈfəʊɡɪ,n.,老顽固，老古板，落伍者,英语专业四八级词汇表
foible,ˈfɔɪbl,,n.,英语专业四八级词汇表
foible,ˈfɔɪbl,,(性格上的)小缺点，瑕疵,英语专业四八级词汇表
foist,fɔɪst,v.,把…强加于,英语专业四八级词汇表
folder,ˈfəʊldə,n.,文件夹，纸夹,英语专业四八级词汇表
foliage,ˈfəʊlɪɪdʒ,n.,叶子，簇叶,英语专业四八级词汇表
folivore,ˈfəʊlɪvɔː,n.,食叶动物,英语专业四八级词汇表
folk,fəʊk,n.,1. 人们 2.,英语专业四八级词汇表
folk,fəʊk,,(pl)家人，亲属 adj. 民间的，平民的,英语专业四八级词汇表
folklore,ˈfəʊklɔː,n.,民间传说，民俗(学)，民间传统,英语专业四八级词汇表
follow,ˈfɒləʊ,v.,1. 跟随，接着，沿着…行进 2. 领会，听懂，理解 3. 遵循，听从 4. 是…的  必然结果，因…而起 5. 密切注意，注视，倾听 6. 追求，支持，以…为业 || as follows如下 /,英语专业四八级词汇表
follow,ˈfɒləʊ,,follow suit照着做，跟着做 n. 跟随，追随,英语专业四八级词汇表
follower,ˈfɒləʊə,n.,追随者，拥护者，信徒,英语专业四八级词汇表
following,ˈfɒləʊɪŋ,n.,一批追随者 adj. 1. 下一个的，其次的 2. 下列的，下述的 prep. 在…以后,英语专业四八级词汇表
folly,ˈfɒlɪ,n.,愚昧，愚蠢,英语专业四八级词汇表
fond,fɒnd,adj.,1. 喜爱的，爱好的 2. 溺爱  的，充满柔情的，深情的 3.,英语专业四八级词汇表
fond,fɒnd,,(愿望等)不大可能实现的 || be fond of爱好，喜爱,英语专业四八级词汇表
fondle,ˈfɒndl,v.,抚弄，抚摸，爱抚,英语专业四八级词汇表
font,fɒnt,,n.,英语专业四八级词汇表
font,fɒnt,,(教堂里的)洗礼盆，圣水盆,英语专业四八级词汇表
food,fuːd,n.,食物，食料,英语专业四八级词汇表
foodstuff,ˈfuːdstʌf,n.,食品，食料,英语专业四八级词汇表
fool,fuːl,n.,1. 蠢货，傻瓜 2. 小丑，弄臣，受愚弄的人 || make a fool of sb 愚弄(欺骗)某人 v. 1. 胡混，无所事事 2. 干傻事，开玩笑 3. 欺骗，愚弄,英语专业四八级词汇表
foolish,ˈfuːlɪʃ,adj.,1. 愚蠢的，傻的，笨的 2. 鲁莽的，荒谬的，可笑的,英语专业四八级词汇表
foolproof,ˈfuːlpruːf,adj.,错不了的，不会误用的，易操作的,英语专业四八级词汇表
foot,fʊt,,(pl feet)n. 1. 脚，底部，基部 2. 英尺 || on foot步行 /set foot on; set foot in进入，踏上,英语专业四八级词汇表
football,ˈfʊtbɔːl,n.,1. 足球(比赛) 2. 被踢来踢去的人(难题),英语专业四八级词汇表
footballer,ˈfʊtbɔːlə,,n.,英语专业四八级词汇表
footballer,ˈfʊtbɔːlə,,(BrE)足球运动员，(AmE)橄榄球运动员,英语专业四八级词汇表
footbridge,ˈfʊtˌbrɪdʒ,n.,人行桥，步行桥,英语专业四八级词汇表
foothill,ˈfʊtˌhɪl,,n.,英语专业四八级词汇表
foothill,ˈfʊtˌhɪl,,(pl)山麓小丘,英语专业四八级词汇表
foothold,ˈfʊthəʊld,n.,1. 立足处 2. 根据地，据点，稳固地位,英语专业四八级词汇表
footloose,ˈfʊtluːs,adj.,自由自在的，无拘无束的,英语专业四八级词汇表
footman,ˈfʊtmən,,n.,英语专业四八级词汇表
footman,ˈfʊtmən,,(穿制服的)男仆,英语专业四八级词汇表
footnote,ˈfʊtnəʊt,n.,脚注,英语专业四八级词汇表
footpath,ˈfʊtpɑːθ,n.,小径，人行道,英语专业四八级词汇表
footprint,ˈfʊtˌprɪnt,n.,脚印,英语专业四八级词汇表
footstep,ˈfʊtstep,n.,1. 脚步，脚步声 2. 足迹，踏板,英语专业四八级词汇表
footwear,ˈfʊtweə,n.,鞋子，鞋类,英语专业四八级词汇表
footwork,ˈfʊtwəːk,n.,腿功，步法,英语专业四八级词汇表
for,fɔː,prep.,1. 往，向 2. 给，为了，对于 3. 代表，意味着 4.,英语专业四八级词汇表
for,fɔː,,(表示距离、时间)达，计 5. 赞成，主张 6. 就…而论，鉴于，由于某种原因 conj. 因为,英语专业四八级词汇表
forage,ˈfɒrɪdʒ,n.,饲料，粮草 v. 搜寻，翻寻,英语专业四八级词汇表
foray,ˈfɒreɪ,n.,1. 突袭，袭击 2. 短暂而积极的改换尝试,英语专业四八级词汇表
forbid,fəˈbɪd,v.,1. 禁止，不许 2. 阻止，妨碍,英语专业四八级词汇表
forbidden,fəˈbɪdən,adj.,不允许的，禁止的,英语专业四八级词汇表
forbidding,fəˈbɪdɪŋ,adj.,样子冷淡的，严峻的，令人生畏的,英语专业四八级词汇表
force,fɔːs,n.,1. 力，力量，力气 2. 势力，威力，影响力 3. 军队，兵力，队伍 4. 武力，暴力，压力 5. 效力，约束力，控制力 6.,英语专业四八级词汇表
force,fɔːs,,(pl)三军，军队 || by force凭借暴力，强迫地  v. 1. 强迫，强加，逼 2. 用强暴手段得到，促使,英语专业四八级词汇表
forceful,ˈfɔːsfʊl,adj.,坚强的，强有力的,英语专业四八级词汇表
forceps,ˈfɔːseps,n.,镊子，钳子,英语专业四八级词汇表
forcible,ˈfɔːsəbl,adj.,1. 用暴力的，强行的 2. 有说服力的，强有力的,英语专业四八级词汇表
ford,fɔːd,n.,浅滩 v. 涉水，涉过,英语专业四八级词汇表
fore,fɔː,adj.,&adv. 前面(的)，在前部 n. 前部,英语专业四八级词汇表
forearm,ˈfɔːrɑːm,n.,前臂,英语专业四八级词汇表
forebode,fɔːˈbəʊd,v.,预示(尤指坏事),英语专业四八级词汇表
foreboding,fɔːˈbəʊdɪŋ,n.,不祥的预感,英语专业四八级词汇表
forecast,ˈfɔːkɑːst,v.,&n. 预测，预示，预报.,英语专业四八级词汇表
forecourt,ˈfɔːkɔːt,n.,前庭，前院,英语专业四八级词汇表
forefather,ˈfɔːfɑːðə,,n.,英语专业四八级词汇表
forefather,ˈfɔːfɑːðə,,(pl)祖先，祖宗，前辈,英语专业四八级词汇表
forefinger,ˈfɔːfɪŋɡə,n.,食指,英语专业四八级词汇表
forefront,ˈfɔːfrʌnt,adj.,最前处，最重要的位置,英语专业四八级词汇表
forego,fɔːˈɡəʊ,v.,放弃，弃绝(=forgo),英语专业四八级词汇表
foregoing,ˈfɔːɡəʊɪŋ,adj.,在前的，刚提到的，上述的,英语专业四八级词汇表
foreground,ˈfɔːɡraʊnd,n.,前部，前景,英语专业四八级词汇表
forehead,ˈfɒrɪd,n.,额，前额，前部,英语专业四八级词汇表
foreign,ˈfɒrən,adj.,1. 外国的，对外的，与外国有关的 2. 外来的，外地的，不属于本身的 3. 无关的，题外的,英语专业四八级词汇表
foreigner,ˈfɒrənə,n.,外国人,英语专业四八级词汇表
foreknowledge,fɔːˈnɒlɪdʒ,n.,预知，预见,英语专业四八级词汇表
foreland,ˈfɔːlənd,n.,岬角，海角,英语专业四八级词汇表
foreleg,ˈfɔːleɡ,n.,前腿,英语专业四八级词汇表
foreman,ˈfɔːmən,n.,工头，领班，陪审团团长,英语专业四八级词汇表
foremost,ˈfɔːməʊst,adj.,最著名的，最重要的，最好的,英语专业四八级词汇表
forename,ˈfɔːneɪm,n.,名，教名,英语专业四八级词汇表
forensic,fəˈrensɪk,adj.,法庭(用)的，法学的，与法庭有关的,英语专业四八级词汇表
forerunner,ˈfɔːrʌnə,n.,1. 前驱，先驱者，开路人 2. 前兆，预兆,英语专业四八级词汇表
foresee,fɔːˈsiː,v.,预见，预矢口,英语专业四八级词汇表
foreshadow,fɔːˈʃædəʊ,v.,预示，是…的预兆,英语专业四八级词汇表
foreshore,ˈfɔːʃɔː,n.,海滩，海滨,英语专业四八级词汇表
foresight,ˈfɔːsaɪt,n.,先见之明，远见,英语专业四八级词汇表
forest,ˈfɒrɪst,n.,森林，森林地带,英语专业四八级词汇表
forestall,fɔːˈstɔːl,v.,先发制人，预先阻止,英语专业四八级词汇表
forester,ˈfɒrɪstə,n.,守林人，森林里居住及工作的人,英语专业四八级词汇表
forestry,ˈfɒrɪstrɪ,n.,林学，森林学,英语专业四八级词汇表
foretaste,ˈfɔːteɪst,n.,预先的体验，样品,英语专业四八级词汇表
foretell,fɔːˈtel,v.,预言，预测,英语专业四八级词汇表
forethought,ˈfɔːθɔːt,n.,先见之明，远见,英语专业四八级词汇表
forever,fəˈrevə,adv.,永远地，永久，不断地,英语专业四八级词汇表
forewarn,fɔːˈwɔːn,v.,预先警告,英语专业四八级词汇表
foreword,ˈfɔːwɜːd,n.,前言，引言，序,英语专业四八级词汇表
forfeit,ˈfɔːfɪt,v.,被没收，丧失，失去 n. 罚金，没收物,英语专业四八级词汇表
forgery,ˈfɔːdʒərɪ,,n.,英语专业四八级词汇表
forgery,ˈfɔːdʒərɪ,,(文件、签字等的)伪造，伪造罪，伪造品,英语专业四八级词汇表
forget,fəˈɡet,v.,1. 忘记，忘掉，忽略 2. 不再放在心上,英语专业四八级词汇表
forgetful,fəˈɡetfʊl,adj.,健忘的，不经心的，疏忽的,英语专业四八级词汇表
forgive,fəˈɡɪv,v.,1. 原谅，饶恕，宽恕 2. 豁免,英语专业四八级词汇表
fork,fɔːk,n.,1. 餐叉 2. 叉，耙 3. 岔口，岔路，岔流 v. 1. 分叉，成叉状 2. 叉起，耙，叉,英语专业四八级词汇表
forlorn,fəˈlɔːn,adj.,孤独而凄凉的，无人照顾的，被离弃的,英语专业四八级词汇表
form,fɔːm,v.,1. 形成，构成，塑造 2. 组成，建立，养成  n. 1. 形状，外形，外貌 2. 形体，轮廓，形态 3. 形式，方式，种类 4. 体制，惯例，常规 5. 格式，表格 6. 礼节，礼仪 7. 竞技(健康)状态,英语专业四八级词汇表
formal,ˈfɔːməl,adj.,1. 正式的，正规的，适于正式场合的 2. 匀称的，有条理的，整齐的 3. 外形的，表面的，形式上的 4. 拘谨的，拘泥于形式的 5. 礼节的，例行的,英语专业四八级词汇表
formality,fɔːˈmælətɪ,n.,1. 拘泥形式，礼节，仪式 2. 正规(形式上的)手续,英语专业四八级词汇表
"formalise, formalize",ˈfɔːməlaɪz,v.,使形式化,英语专业四八级词汇表
format,ˈfɔːmæt,n.,样式，格式，板式 v. 编排格式，使(电脑硬、磁盘)格式化,英语专业四八级词汇表
formation,fɔːˈmeɪʃən,n.,1. 组成，形成 2. 组合，安排，结构,英语专业四八级词汇表
formative,ˈfɔːmətɪv,adj.,形成的，成长的,英语专业四八级词汇表
former,ˈfɔːmə,adj.,以前的，从前的，前任的 n. 前者,英语专业四八级词汇表
formerly,ˈfɔːməlɪ,adv.,以前，从前,英语专业四八级词汇表
formidable,ˈfɔːmɪdəbl,adj.,1. 大而可怕的，令人畏惧的 2. 难以应付的，难以战胜的,英语专业四八级词汇表
formula,ˈfɔːmjʊlə,n.,1. 公式，程式 2. 处方，配方 3. 准则，方案 4. 惯例，常规 5. 惯用语，俗套话,英语专业四八级词汇表
formulate,ˈfɔːmjʊleɪt,v.,1. 使公式化 2. 确切地表述，构想，制订,英语专业四八级词汇表
formulation,ˌfɔːmjʊˈleɪʃən,n.,公式化,英语专业四八级词汇表
fornicate,ˈfɔːnɪkeɪt,v.,私通，通奸,英语专业四八级词汇表
forsake,fəˈseɪk,v.,遗弃，抛弃，离开,英语专业四八级词汇表
fort,fɔːt,n.,要塞，堡垒,英语专业四八级词汇表
forte,fɔːt,n.,长处，特长，擅长,英语专业四八级词汇表
forth,fɔːθ,adv.,向前，以后，往外 || and so forth等等,英语专业四八级词汇表
forthcoming,ˌfɔːθˈkʌmɪŋ,adj.,1. 即将发生的，即将来到的 2. 现成的，随要随有的 3. 乐于助人的,英语专业四八级词汇表
forthright,ˈfɔːθraɪt,adj.,直率的，直言不讳的，言行坦诚的,英语专业四八级词汇表
forthwith,ˌfɔːθˈwɪθ,adv.,立即，马上,英语专业四八级词汇表
fortieth,ˈfɔːtɪɪθ,n.,&adj. 第四十(的)，第四十个(的)，四十分之一(的),英语专业四八级词汇表
fortify,ˈfɔːtɪfaɪ,v.,1. 防卫，筑防御工事于 2. 支持 3. 增强，增加(食物的)营养价值,英语专业四八级词汇表
fortitude,ˈfɔːtɪtjuːd,n.,坚忍，刚毅,英语专业四八级词汇表
fortnight,ˈfɔːtnaɪt,,n.,英语专业四八级词汇表
fortnight,ˈfɔːtnaɪt,,(BrE)两星期，十四日,英语专业四八级词汇表
fortress,ˈfɔːtrɪs,n.,城堡，要塞，防御工事,英语专业四八级词汇表
fortuitous,fɔːˈtjuːɪtəs,adj.,偶然的，偶然发生的,英语专业四八级词汇表
fortunate,ˈfɔːtʃənət,adj.,幸运的，侥幸的，吉利的,英语专业四八级词汇表
fortunately,ˈfɔːtʃənətlɪ,adv.,幸亏，幸运地，侥幸,英语专业四八级词汇表
fortune,ˈfɔːtʃən,n.,1. 命运，运气，好运 2. 财富，大量财产 || a big fortune一大笔钱 [tell sb’s fortune给某人算命] make one’s fortune发财，发迹 [seek one’s fortune(离家)寻找发迹的机会] try one’s fortune碰运气,英语专业四八级词汇表
forty,ˈfɔːtɪ,n.,& adj. 四十(的)，四十个(的),英语专业四八级词汇表
forum,ˈfɔːrəm,n.,讲坛，讨论会场，论坛,英语专业四八级词汇表
forward,ˈfɔːwəd,adj.,1. 在前部的，向前的，前方的 2. 早熟的，早的，提前的 3. 热心的，敏捷的 4. 鲁莽的，放肆的 adv. 1. 向前，向将来，今后 2. 提前 || look forward to期待 v. 1. 促进，助长，加速 2. 发送，寄发 3. 传递，转交,英语专业四八级词汇表
forwards,ˈfɔːwədz,adv.,向前，向将来,英语专业四八级词汇表
fossil,ˈfɒsəl,n.,化石,英语专业四八级词汇表
foster,ˈfɒstə,v.,1. 鼓励，促进，培育 2. 收养(小孩)，养育，抚养,英语专业四八级词汇表
found,faʊnd,v.,1. 建立，建造，创立 2. 把…建立在,英语专业四八级词汇表
foundation,faʊnˈdeɪʃən,n.,1. 创立，设立 2. 基础，根据 3. 基金会，机构 4.,英语专业四八级词汇表
foundation,faʊnˈdeɪʃən,,(pl)地基，地脚,英语专业四八级词汇表
fount,faʊnt,n.,源泉，来源，泉,英语专业四八级词汇表
fountain,ˈfaʊntɪn,n.,1. 泉水，喷泉，喷水池 2. 源泉，根源，源头,英语专业四八级词汇表
four,fɔː,n.,&adj. 四(的)，四个(的),英语专业四八级词汇表
fourteen,ˌfɔːˈtiːn,n.,&adj. 十四(的)，十四个(的),英语专业四八级词汇表
fourteenth,ˌfɔːˈtiːnθ,n.,& adj. 第十四个(的)，第十四(的)，十四分之一(的),英语专业四八级词汇表
fourth,fɔːθ,n.,&adj. 第四(的)，四分之一(的),英语专业四八级词汇表
fowl,faʊl,n.,家禽，禽肉,英语专业四八级词汇表
fox,fɒks,n.,狐狸，狡猾阴险的人,英语专业四八级词汇表
foyer,ˈfɔɪeɪ,,n.,英语专业四八级词汇表
foyer,ˈfɔɪeɪ,,(戏院等的)门厅，休息室,英语专业四八级词汇表
fraction,ˈfrækʃən,n.,1. 分数 2. 小部分，片断，碎片 3. 一点,英语专业四八级词汇表
fractional,ˈfrækʃənəl,adj.,1. 分数的，小数的，部分的 2. 轻微的，无足轻重的，微不足道的,英语专业四八级词汇表
fractious,ˈfrækʃəs,adj.,暴躁的，易怒的，脾气坏的,英语专业四八级词汇表
fracture,ˈfræktʃə,n.,骨折，折断，破裂 v.,英语专业四八级词汇表
fracture,ˈfræktʃə,,(使)破裂，(使)折断，破碎,英语专业四八级词汇表
fragile,ˈfrædʒaɪl,adj.,1. 易碎的，脆的，易坏的 2. 脆弱的，虚弱的,英语专业四八级词汇表
fragment,ˈfræɡmənt,n.,1. 碎片，断片 2. 片断，(文艺作品等)残存部分 v. 打碎，碎裂,英语专业四八级词汇表
fragmentary,ˈfræɡməntərɪ,adj.,不完整的，片断的,英语专业四八级词汇表
fragrance,ˈfreɪɡrəns,n.,1. 芳香，香味 2. 香料，香水,英语专业四八级词汇表
fragrant,ˈfreɪɡrənt,adj.,芳香的，有香味的,英语专业四八级词汇表
frail,freɪl,adj.,1. 脆弱的，易损坏的，不坚实的 2. 虚弱的，薄弱的 frailty,英语专业四八级词汇表
frame,freɪm,n.,1. 构架，骨架，结构 2. 框架，框子 3. 体格，身体  v. 1. 给…装框，构筑  2. 构想出，设计，表达,英语专业四八级词汇表
framework,ˈfreɪmwəːk,n.,框架，骨架，架构,英语专业四八级词汇表
franc,fræŋk,n.,法郎,英语专业四八级词汇表
franchise,ˈfræntʃaɪz,n.,选举权，特权，特许,英语专业四八级词汇表
frank,fræŋk,adj.,率直的，坦白的，老实的,英语专业四八级词汇表
frankly,ˈfræŋklɪ,adv.,1. 坦白地，直率地，真诚地 2. 确实，坦白地说,英语专业四八级词汇表
frantic,ˈfræntɪk,adj.,1.,英语专业四八级词汇表
frantic,ˈfræntɪk,,(因恐惧、焦急、喜悦等)发狂(似)的，发疯的 2. 狂乱的，令人绝望的，不顾一切的,英语专业四八级词汇表
fraternal,frəˈtɜːnəl,adj.,兄弟(般)的，友好的,英语专业四八级词汇表
fraternity,frəˈtɜːnətɪ,n.,1·手足之情，兄弟情谊，友爱 2. 同人，同好，同行业的人 3.,英语专业四八级词汇表
fraternity,frəˈtɜːnətɪ,,(AmE)大学生联谊会,英语专业四八级词汇表
fraud,frɔːd,n.,1. 欺骗(行为)，诈骗(罪) 2. 骗子，冒名顶替者,英语专业四八级词汇表
fraudulent,ˈfrɔːdjʊlənt,adj.,1. 欺骗的，诈骗的，不诚实的 2. 骗得的，骗人的,英语专业四八级词汇表
fraught,frɔːt,adj.,1. 充满的 2. 烦恼的，担心的，令人忧虑的 3. 难以应付的,英语专业四八级词汇表
freak,friːk,n.,1. 畸形物，怪物，怪事 2. 迷，狂热爱好者 3. 不寻常的事或行为，不正常的人,英语专业四八级词汇表
freckle,ˈfrekl,n.,雀斑，斑点,英语专业四八级词汇表
free,friː,adj.,1. 自由的，无拘无束的 2. 空闲的，未被占用的 3. 免费的，无偿的 4. 开放的，未固定的 5. 挥霍的，慷慨的 6. 随便的，放肆的 || free of; free from无…的，摆脱  了…的 [free with大手大脚的，随便的] set free释放 v. 解放，释放,英语专业四八级词汇表
freebie,ˈfriːbiː,n.,免费的物品，赠品 adj. 免费的,英语专业四八级词汇表
freedom,ˈfriːdəm,n.,1. 自由，自由权 2. 直爽，坦率，放肆 3. 免除，解脱，释放,英语专业四八级词汇表
freehand,ˈfriːhænd,adj.,&adv. 徒手(做的),英语专业四八级词汇表
freelance,ˈfriːlɑːns,n.,&v.,英语专业四八级词汇表
freelance,ˈfriːlɑːns,,(作为)自由作家(艺术家) adj. &adv. 自由作家(撰稿人)的(地),英语专业四八级词汇表
freely,ˈfriːlɪ,adv.,1. 自由地，无拘无束地，随意地 2. 直率地，坦白地 3. 慷慨地，大量地,英语专业四八级词汇表
freeway,ˈfriːweɪ,,n.,英语专业四八级词汇表
freeway,ˈfriːweɪ,,(AmE)高速公路,英语专业四八级词汇表
freewheel,ˌfriːˈwiːl,v.,1.,英语专业四八级词汇表
freewheel,ˌfriːˈwiːl,,(汽车等)滑行 2. 自由地活动(行动),英语专业四八级词汇表
freeze,friːz,v.,1. 结冰，冰冻，凝固 2. 感到极冷，冻僵 3. 冻结,英语专业四八级词汇表
freezer,ˈfriːzə,n.,冰柜，冷藏室，冷冻室,英语专业四八级词汇表
freezing,ˈfriːzɪŋ,adj.,1. 极冷的，冰冻的，凝固的 2. 冷淡的,英语专业四八级词汇表
freight,freɪt,,n.,英语专业四八级词汇表
freight,freɪt,,(运输)货物，货运，运费,英语专业四八级词汇表
freighter,ˈfreɪtə,n.,货船，运输机,英语专业四八级词汇表
French,frentʃ,adj.,法国的，法语的，法国式的 n. 1. 法语 2. 法国人,英语专业四八级词汇表
Frenchman,ˈfrentʃmən,n.,法国人，法兰西人,英语专业四八级词汇表
frenetic,frəˈnetɪk,adj.,极度激动的，狂热的，狂乱的,英语专业四八级词汇表
frenzied,ˈfrenzɪd,adj.,狂乱的，狂躁的，发狂的,英语专业四八级词汇表
frenzy,ˈfrenzɪ,n.,极度的激动，狂热，狂乱,英语专业四八级词汇表
frequency,ˈfriːkwənsɪ,n.,1. 次数，重复发生率 2. 频繁，频率，周率,英语专业四八级词汇表
frequent,ˈfriːkwənt,adj.,1. 时常发生的，频繁的 2. 经常的，常见的,英语专业四八级词汇表
frequently,ˈfriːkwəntlɪ,adv.,经常地，频繁地,英语专业四八级词汇表
fresco,ˈfreskəʊ,n.,壁画,英语专业四八级词汇表
fresh,freʃ,adj.,1. 新鲜的，新制的，重新的 2.,英语专业四八级词汇表
fresh,freʃ,,(水)淡的 3. 新颖的，另外的 4. 精神饱满的，有生气的 5.,英语专业四八级词汇表
fresh,freʃ,,(气候)清新凉爽的，(颜色)鲜艳的 6. 无经验的,英语专业四八级词汇表
freshman,ˈfreʃmən,n.,1. 新手，生手 2. 大学一年级学生,英语专业四八级词汇表
fret,fret,v.,1.,英语专业四八级词汇表
fret,fret,,(使)烦恼，(使)烦躁，(使)发愁 2. 侵蚀，(使)磨损 n. 苦恼，烦躁，担忧,英语专业四八级词汇表
freshwater,ˈfreʃwɔːtə,adj.,淡水的,英语专业四八级词汇表
fretful,ˈfretfʊl,adj.,苦恼的，烦躁的,英语专业四八级词汇表
friction,ˈfrɪkʃən,n.,摩擦(力)，冲突，不和,英语专业四八级词汇表
Friday,ˈfraɪdɪ,n.,星期五,英语专业四八级词汇表
fridge,frɪdʒ,n.,冰箱,英语专业四八级词汇表
friend,frend,n.,1. 朋友，友人 2. 赞助者，支持者，同情者 || make friends with与…交朋友，与…友好,英语专业四八级词汇表
friendly,ˈfrendlɪ,adj.,1. 友好的，友善的，友谊的 2. 赞成的，有利的，合适的,英语专业四八级词汇表
friendship,ˈfrendʃɪp,n.,友好，友谊，友情,英语专业四八级词汇表
fright,fraɪt,n.,1. 惊骇，惊吓 2. 怪人，怪物,英语专业四八级词汇表
frighten,ˈfraɪtən,v.,使惊恐，吓唬，使害怕,英语专业四八级词汇表
frightened,ˈfraɪtənd,adj.,受惊的，害怕的,英语专业四八级词汇表
frightening,ˈfraɪtənɪŋ,adj.,令人惊恐的，骇人的,英语专业四八级词汇表
frightful,ˈfraɪtfʊl,adj.,可怕的，骇人的，极坏的,英语专业四八级词汇表
frigid,ˈfrɪdʒɪd,adj.,严寒的，寒冷的，冷淡的,英语专业四八级词汇表
frill,frɪl,n.,1. 饰边，褶边，绝边 2. 不必要的装饰，(华而不实的)附加物,英语专业四八级词汇表
fringe,frɪndʒ,n.,1. 刘海，额前短发 2. 饰边，流苏，穗子 3. 边缘，外围 v. 饰…的边，以…为界，围绕,英语专业四八级词汇表
frisk,frɪsk,v.,1. 搜身，搜查 2. 欢快地跑跳,英语专业四八级词汇表
fritter,ˈfrɪtə,v.,浪费，挥霍,英语专业四八级词汇表
frivolity,frɪˈvɒlətɪ,n.,轻浮的(言语、举止)，轻薄，轻松的娱乐,英语专业四八级词汇表
frivolous,ˈfrɪvələs,adj.,1. 轻浮的，妄为的 2. 漫不经心的，轻率的 3. 无聊的，浪费的,英语专业四八级词汇表
frizzy,ˈfrɪzɪ,,adj.,英语专业四八级词汇表
frizzy,ˈfrɪzɪ,,(头发)鬈曲的,英语专业四八级词汇表
fro,frəʊ,adv.,向后 || to and fro来回地,英语专业四八级词汇表
frock,frɒk,n.,女上衣,英语专业四八级词汇表
frog,frɒɡ,n.,蛙，蛙类动物,英语专业四八级词汇表
frogman,ˈfrɒɡmən,n.,蛙人，潜水员,英语专业四八级词汇表
frolic,ˈfrɒlɪk,v.,嬉戏，雀跃,英语专业四八级词汇表
from,frəm; frɒm,prep.,1.,英语专业四八级词汇表
from,frəm; frɒm,,(表示地点)从…来，离开，离… (有多远) 2.,英语专业四八级词汇表
from,frəm; frɒm,,(表示时间)从…  起，(表示区别)和…不同，(表示观点)根据 3.,英语专业四八级词汇表
from,frəm; frɒm,,(表示原料的来源)由…得来 4. 从…去除，  防止 5. 用，从，由于,英语专业四八级词汇表
front,frʌnt,adj.,前部的，前面的，正面的 n. 1. 前部，前面，正面 2. 面，侧 3. 前线，战地，阵线 4. 湖滨，海滨 5. 外表，门面 6. 活动领域，方面 7. 掩护物，幌子 || in front of在…前面,英语专业四八级词汇表
frontage,ˈfrʌntɪdʒ,,n.,英语专业四八级词汇表
frontage,ˈfrʌntɪdʒ,,(建筑物等的)正面空地,英语专业四八级词汇表
frontal,ˈfrʌntəl,adj.,1. 靠正面的，(在)正面的 2. 前额的 3.,英语专业四八级词汇表
frontal,ˈfrʌntəl,,(天气)锋的,英语专业四八级词汇表
frontbench,ˌfrʌntˈbentʃ,,n.,英语专业四八级词汇表
frontbench,ˌfrʌntˈbentʃ,,(英国议会席中两大政党领袖人物就座的)前排,英语专业四八级词汇表
frontier,ˈfrʌntɪə,n.,1. 边界，边境，边疆 2. 边缘，边远地区，(pl)(知识等)未开发的领域,英语专业四八级词汇表
frost,frɒst,n.,1. 冰冻，严寒(期) 2. 霜 v. 结霜，受冻,英语专业四八级词汇表
frostbite,ˈfrɒstbaɪt,n.,冻疮,英语专业四八级词汇表
frosting,ˈfrɒstɪŋ,,n.,英语专业四八级词汇表
frosting,ˈfrɒstɪŋ,,(撒在糕上的)糖霜(=icing),英语专业四八级词汇表
frosty,ˈfrɒstɪ,adj.,1. 霜冻的，结霜的，严寒的 2. 冷淡的，冷若冰霜的,英语专业四八级词汇表
froth,frɒθ,n.,1.,英语专业四八级词汇表
froth,frɒθ,,(液体表面上的)泡，泡沫 2. 空谈，浅薄空洞的想法 v. 起泡沫，冒泡,英语专业四八级词汇表
frown,fraʊn,v.,皱眉，表示不满  n. 皱眉，蹙额,英语专业四八级词汇表
frozen,ˈfrəʊzən,adj.,1. 结冰的，冻住的，严寒的 2. 冷冻的，冷藏的 3. 冷淡的，呆板的,英语专业四八级词汇表
frugal,ˈfruːɡəl,n.,节俭的，节约的，廉价的,英语专业四八级词汇表
fruit,fruːt,n.,1. 水果，果实 2. 成果，收获，结果,英语专业四八级词汇表
fruiterer,ˈfruːtərə,n.,水果商,英语专业四八级词汇表
fruitful,ˈfruːtfʊl,adj.,1. 结果实的，多产的 2. 有用的，成功的，富有成效的,英语专业四八级词汇表
fruition,fruːˈɪʃən,,n.,英语专业四八级词汇表
fruition,fruːˈɪʃən,,(希望、计划等的)实现，完成,英语专业四八级词汇表
fruitless,ˈfruːtlɪs,adj.,1. 不结果实的，无结果的 2. 徒劳的，无用的,英语专业四八级词汇表
frustrate,frʌˈstreɪt,v.,挫败，阻挠，使灰心,英语专业四八级词汇表
frustration,frʌˈstreɪʃən,n.,挫败，挫折，受挫,英语专业四八级词汇表
frying-pan,ˈfraɪɪŋpæn,n.,煎锅，长柄平锅,英语专业四八级词汇表
fuddle,ˈfʌdl,v.,使错乱,英语专业四八级词汇表
fuel,ˈfjuːəl,n.,燃料，养料  v. 给…加燃料，加油,英语专业四八级词汇表
fugitive,ˈfjuːdʒɪtɪv,n.,逃亡者，亡命者，逃犯 adj. 1. 逃跑的，逃亡的 2. 短暂的，瞬间的,英语专业四八级词汇表
fulfil，fulfill,fʊlˈfɪl,v.,1. 完成(任务、计划等)，履行(诺言、责任等) 2. 达到(目的)，满足(愿望、要求等),英语专业四八级词汇表
"fulfilment, fulfillment",fʊlˈfɪlmənt,n.,履行，实现，完成,英语专业四八级词汇表
full,fʊl,adj.,1. 满的，充满的，完全的 2. 彻底的，十足的，最大限度的 3. 丰富的，供应良好的 4. 丰满的，鼓鼓的 5. 宽松的 || in full全部，以全文,英语专业四八级词汇表
full-blown,fʊl ˈbləʊn,,adj.,英语专业四八级词汇表
full-blown,fʊl ˈbləʊn,,(鲜花)盛开的，怒放的,英语专业四八级词汇表
full-length,ˌfʊlˈleŋθ,adj.,1.,英语专业四八级词汇表
full-length,ˌfʊlˈleŋθ,,(照片、镜子等)照出全身的 2. 未缩短的，未删节的，全长的,英语专业四八级词汇表
full-time,ˌfʊlˈtaɪm,adj.,全部规定时间的，专职的，全日制的,英语专业四八级词汇表
fully,ˈfʊlɪ,adv.,完全地，彻底地，充分地,英语专业四八级词汇表
fumble,ˈfʌmbl,v.,1. 瞎摸，摸索 2. 笨手笨脚地做 n. 摸索，乱摸，笨拙地处理,英语专业四八级词汇表
fume,fjuːm,n.,1.,英语专业四八级词汇表
fume,fjuːm,,(pl)(难闻、有害、浓烈的)气体，烟，汽 2. 发怒，烦恼  v. 1. 熏，冒(烟、汽) 2. 发怒，光火,英语专业四八级词汇表
fun,fʌn,n.,1. 娱乐，乐趣，有趣的人(事) 2. 嬉戏，顽皮  || for fun;for the fun of it;for the fun of the thing开玩笑地，为了开心 /make fun of sb; poke fun at sb取笑某人,英语专业四八级词汇表
function,ˈfʌŋkʃən,n.,1. 功能，用途，职责 2. 官能，机能 3. 重大聚会，盛大的社交集会 v. 1. 活动，运转，工作 2. 行使职责，起作用 functional,英语专业四八级词汇表
fund,fʌnd,n.,1.,英语专业四八级词汇表
fund,fʌnd,,(pl)资金，存款，公债 2. 基金，专款，储备  v. 为…提供资金，资助，积累,英语专业四八级词汇表
fundamental,ˌfʌndəˈmentəl,adj.,1. 基础的，基本的，重要的 2. 起始的，主要的，固有的  n.,英语专业四八级词汇表
fundamental,ˌfʌndəˈmentəl,,(pl)基本原则(原理)，根本法则(规律)，纲要,英语专业四八级词汇表
funeral,ˈfjuːnərəl,n.,葬礼，丧礼,英语专业四八级词汇表
funfair,ˈfʌnfeə,,n.,英语专业四八级词汇表
funfair,ˈfʌnfeə,,(露天的)游乐场,英语专业四八级词汇表
fungus,ˈfʌŋɡəs,,(pl fungi) n. 真菌,英语专业四八级词汇表
funicular,fjuːˈnɪkjʊlə,n.,缆车道,英语专业四八级词汇表
funk,fʌŋk,n.,1. 恐惧，忧虑 2. 胆小鬼  v.,英语专业四八级词汇表
funk,fʌŋk,,(因恐惧)避开,英语专业四八级词汇表
funky,ˈfʌŋkɪ,adj.,1. 新式的，时髦的 2.,英语专业四八级词汇表
funky,ˈfʌŋkɪ,,(爵士乐等)有独特节奏和表现力的,英语专业四八级词汇表
funnel,ˈfʌnəl,n.,1. 漏斗 2. 烟囱,英语专业四八级词汇表
funny,ˈfʌnɪ,adj.,1. 滑稽可笑的，有趣的 2. 奇特的，稀奇古怪的,英语专业四八级词汇表
fur,fɜː,n.,1. 毛皮，皮毛 2. 水垢,英语专业四八级词汇表
furious,ˈfjʊərɪəs,adj.,1. 狂怒的，暴怒的 2. 狂暴的，猛烈的，强烈的,英语专业四八级词汇表
furl,fɜːl,v.,卷紧，收拢，收叠,英语专业四八级词汇表
fur-lined,ˈfɜːlaɪnd,adj.,衬毛皮的,英语专业四八级词汇表
furnace,ˈfɜːnɪs,n.,熔炉，火炉，锅炉,英语专业四八级词汇表
furnish,ˈfɜːnɪʃ,v.,供应，提供，为…配备家具,英语专业四八级词汇表
furnishings,ˈfəːnɪʃɪŋz,,n.,英语专业四八级词汇表
furnishings,ˈfəːnɪʃɪŋz,,(房屋里的)家具与陈设等,英语专业四八级词汇表
furniture,ˈfɜːnɪtʃə,n.,家具,英语专业四八级词汇表
furrier,ˈfʌrɪə,n.,皮货商，毛皮商,英语专业四八级词汇表
furrow,ˈfʌrəʊ,n.,1. 沟，犁沟，车辙 2. 皱纹 v. 1. 犁(田)，开沟 2. 使起皱纹,英语专业四八级词汇表
further,ˈfɜːðə,,(far的比较级之一) adj. 更远的，更多的，更进一步的 adv. 更远地，更进一步地,英语专业四八级词汇表
furthermore,ˌfəːðəˈmɔː,adv.,再者，此外，并且,英语专业四八级词汇表
furtive,ˈfɜːtɪv,adj.,1. 偷偷摸摸的，鬼鬼祟祟的 2. 躲躲闪闪的，遮遮掩掩的,英语专业四八级词汇表
fury,ˈfjʊərɪ,n.,1. 愤怒，狂怒 2. 狂暴，猛烈,英语专业四八级词汇表
fusion,ˈfjuːʒən,n.,融合，熔合，聚变,英语专业四八级词汇表
fuss,fʌs,n.,大惊小怪，忙乱，紧张不安 || make a fuss of sb; make a fuss over sb过分体贴(关怀\娇养)某人 v. 小题大做，大惊小怪,英语专业四八级词汇表
fussy,ˈfʌsɪ,adj.,1. 过分注重细节的，爱挑剔的，难以取悦的 2. 目害忙的，大惊小怪的,英语专业四八级词汇表
futile,ˈfjuːtaɪl,adj.,徒劳的，无用的，无效的,英语专业四八级词汇表
futility,fjuːˈtɪlətɪ,n.,无效，无用，无益,英语专业四八级词汇表
future,ˈfjuːtʃə,n.,1. 未来，将来 2. 前途，远景 || in future 从今以后，在今后 /in the future将来 adj. 未来的，今后的，将来的,英语专业四八级词汇表
futuristic,ˌfjuːtʃəˈrɪstɪk,adj.,1. 未来主义的，未来派的 2. 极新潮的，非传统的,英语专业四八级词汇表
fuzz,fʌz,n.,细毛，绒毛，轻柔的物质,英语专业四八级词汇表
fuzzy,ˈfʌzɪ,adj.,1. 绒毛般的，毛茸茸的 2. 模糊的，不清楚的,英语专业四八级词汇表
gabble,ˈɡæbl,v.,急促而含混地说(话),英语专业四八级词汇表
gable,ˈɡeɪbl,n.,三角墙，山(形)墙,英语专业四八级词汇表
gadget,ˈɡædʒɪt,n.,小巧的机器或工具，精巧装置,英语专业四八级词汇表
gag,ɡæɡ,n.,1.,英语专业四八级词汇表
gag,ɡæɡ,,(阻止人讲话的)塞口物 2. 笑话，插科打诨 v. 塞住(某人)的嘴,英语专业四八级词汇表
gaiety,ˈɡeɪətɪ,n.,欢乐，高兴,英语专业四八级词汇表
gaily,ˈɡeɪlɪ,adv.,欢乐地，高兴地,英语专业四八级词汇表
gain,ɡeɪn,v.,1. 获得，博得 2. 赢得，挣得 3. 增加，快 4.,英语专业四八级词汇表
gain,ɡeɪn,,(经过努力)到达 n. 1. 营利，获利，得益 2. 收益，利润 3. 增进,英语专业四八级词汇表
gala,ˈɡɑːlə,n.,盛大的欢庆活动,英语专业四八级词汇表
galaxy,ˈɡæləksɪ,n.,1. 星系  2.,英语专业四八级词汇表
galaxy,ˈɡæləksɪ,,(cap)银河系 3. 一群(杰出或著名的人物),英语专业四八级词汇表
gale,ɡeɪl,n.,1. 大风，强风 2.,英语专业四八级词汇表
gale,ɡeɪl,,(突发的)一阵,英语专业四八级词汇表
gallant,ˈɡælənt,adj.,1. 英勇的，豪侠的 2.,英语专业四八级词汇表
gallant,ˈɡælənt,,(向女人)献殷勤的,英语专业四八级词汇表
gallery,ˈɡælərɪ,n.,1. 美术馆，画廊 2. 顶层楼座,英语专业四八级词汇表
gallon,ˈɡælən,n.,加仑,英语专业四八级词汇表
gallop,ˈɡæləp,n.,飞跑 v.,英语专业四八级词汇表
gallop,ˈɡæləp,,(马等)奔驰,英语专业四八级词汇表
gallows,ˈɡæləʊz,n.,绞刑架,英语专业四八级词汇表
galvanize,ˈɡælvənaɪz,v.,1. 用锌镀(铁)(防锈) 2. 刺激(某人) 3. 使兴奋，激励,英语专业四八级词汇表
gambit,ˈɡæmbɪt,n.,1.,英语专业四八级词汇表
gambit,ˈɡæmbɪt,,(国际象棋的)开局让棋法 2. 为获得优势采取的第一步行动,英语专业四八级词汇表
gamble,ˈɡæmbl,v.,赌博，打赌 n. 赌博，投机，冒险,英语专业四八级词汇表
gambler,ˈɡæmblə,n.,赌徒,英语专业四八级词汇表
game,ɡeɪm,n.,1. 玩耍，游戏 2. 比赛 3.,英语专业四八级词汇表
game,ɡeɪm,,(比赛中的)一局，一场，一盘 4. 计划，策略 5. 猎物,英语专业四八级词汇表
gang,ɡæŋ,,n.,英语专业四八级词汇表
gang,ɡæŋ,,(囚犯等的)一群，(歹徒等的)一帮，(青少年等的)一伙,英语专业四八级词汇表
gangster,ˈɡæŋstə,n.,匪徒，歹徒,英语专业四八级词汇表
gaol,dʒeɪl,n.,监狱，牢狱=(AmE) jail,英语专业四八级词汇表
gaoler,ˈdʒeɪlə,n.,监狱看守=(AmE) jailer,英语专业四八级词汇表
gap,ɡæp,n.,1. 豁缝，裂口，缺口 2. 山峡，隘口 3. 间隙,英语专业四八级词汇表
gape,ɡeɪp,v.,1. 目瞪口呆地凝视 2. 张开，裂开,英语专业四八级词汇表
garage,ˈɡærɑːʒ,n.,1. 汽车库 2. 汽车修理厂 v. 把…送入车库,英语专业四八级词汇表
garbage,ˈɡɑːbɪdʒ,n.,垃圾,英语专业四八级词汇表
garden,ˈɡɑːdən,n.,庭园，花园 v. 从事园艺,英语专业四八级词汇表
garland,ˈɡɑːlənd,n.,花圈，花环,英语专业四八级词汇表
garlic,ˈɡɑːlɪk,n.,大蒜,英语专业四八级词汇表
garment,ˈɡɑːmənt,n.,1.,英语专业四八级词汇表
garment,ˈɡɑːmənt,,(一件)衣服(指长袍，外套)  2.,英语专业四八级词汇表
garment,ˈɡɑːmənt,,(pl)服装，衣着 3. 外衣,英语专业四八级词汇表
garrison,ˈɡærɪsən,n.,驻军，卫戍部队，警卫部队 v. 守卫(都市、要塞等)，驻防(某地)，派(兵)驻防,英语专业四八级词汇表
gas,ɡæs,n.,1. 气态，气体 2. 煤气，可燃气 3. 毒气 4.,英语专业四八级词汇表
gas,ɡæs,,(AmE)汽油,英语专业四八级词汇表
gaseous,ˈɡæsɪəs,adj.,似气体的，含气体的，气体的,英语专业四八级词汇表
gash,ɡæʃ,n.,深长的伤口，切痕,英语专业四八级词汇表
gasoline,ˈɡæsəliːn,,n.,英语专业四八级词汇表
gasoline,ˈɡæsəliːn,,(AmE)汽油(=(BrE) petrol),英语专业四八级词汇表
gasp,ɡɑːsp,v.,1. 喘气，喘息，透不过气 2. 气吁吁地说  n. 喘气，喘息,英语专业四八级词汇表
gastric,ˈɡæstrɪk,adj.,胃的，胃部的,英语专业四八级词汇表
gastritis,ɡæˈstraɪtɪs,n.,胃炎,英语专业四八级词汇表
gate,ɡeɪt,n.,大门，城门，门口,英语专业四八级词汇表
gateway,ˈɡeɪtweɪ,n.,1. 大门口，出入口 2. 途径，门路，方法,英语专业四八级词汇表
gather,ˈɡæðə,v.,1.,英语专业四八级词汇表
gather,ˈɡæðə,,(使)聚集，(使)集拢 2. 搜集，采集，收(庄稼) 3. 渐增，积聚 4. 得出(印象，想法等)，推测,英语专业四八级词汇表
gathering,ˈɡæðərɪŋ,n.,1. 聚集，集会 2. 收集，采集,英语专业四八级词汇表
gauge,ɡeɪdʒ,n.,1. 量具，量器 2. 规格，标准，尺度 v. 1. 量，测量 2. 估计，判定,英语专业四八级词汇表
gaunt,ɡɔːnt,adj.,1. 憔悴的，骨瘦如柴的 2. 荒凉的，不毛的,英语专业四八级词汇表
gauze,ɡɔːz,n.,纱布，薄纱,英语专业四八级词汇表
gay,ɡeɪ,adj.,1. 欢乐的，愉快的 2. 鲜艳的 3. 放荡的 n. 同性恋者,英语专业四八级词汇表
gaze,ɡeɪz,v.,凝视，注视，盯 n. 凝视，注视,英语专业四八级词汇表
gazette,ɡəˈzet,n.,政府公报，(官方)报刊,英语专业四八级词汇表
gear,ɡɪə,n.,1. 齿轮 2. 一套用具,英语专业四八级词汇表
gearbox,ˈɡɪəbɒks,n.,齿轮箱，变速箱,英语专业四八级词汇表
gem,dʒem,n.,宝石，珠宝,英语专业四八级词汇表
gender,ˈdʒendə,,n.,英语专业四八级词汇表
gender,ˈdʒendə,,(语法的)性，性别,英语专业四八级词汇表
gene,dʒiːn,n.,遗传因子，基因,英语专业四八级词汇表
general,ˈdʒenrəl,adj.,1. 一般的，普遍的，综合的 2. 总的，全面的 3. 大体的，笼统的  n. 将军 || in general一般地，大体上,英语专业四八级词汇表
"generalisation, generaliza-tion",ˌdʒenərəlaɪˈzeɪʃən,n.,概括，归纳,英语专业四八级词汇表
"generalise, generalize",ˈdʒenrəlaɪz,v.,概括，归纳，泛论,英语专业四八级词汇表
generally,ˈdʒenrəlɪ,adv.,1. 一般地，通常地 2. 广泛地，普遍地 || generally speaking 一般地说来,英语专业四八级词汇表
generate,ˈdʒenəreɪt,v.,使发生，引起，生成,英语专业四八级词汇表
generation,ˌdʒenəˈreɪʃən,n.,1. 代，一代，世代 2. 生殖，产生，发生,英语专业四八级词汇表
generative,ˈdʒenərətɪv,adj.,生成的  || generative grammar生成语法,英语专业四八级词汇表
generator,ˈdʒenəreɪtə,n.,发电机，发生器,英语专业四八级词汇表
generic,dʒɪˈnerɪk,adj.,一般的，普通的，共有的,英语专业四八级词汇表
generosity,ˌdʒenəˈrɒsətɪ,n.,慷慨，大方,英语专业四八级词汇表
generous,ˈdʒenərəs,adj.,1. 宽宏大量的，慷慨的 2. 丰富的，丰盛的,英语专业四八级词汇表
genesis,ˈdʒenəsɪs,n.,开始，起源,英语专业四八级词汇表
genetic,dʒɪˈnetɪk,adj.,遗传(学)的,英语专业四八级词汇表
genetics,dʒɪˈnetɪks,n.,遗传学,英语专业四八级词汇表
genial,ˈdʒiːnɪəl,adj.,友好的，亲切的，和蔼可亲的,英语专业四八级词汇表
genius,ˈdʒiːnɪəs,n.,天才，天资，天赋,英语专业四八级词汇表
genocide,ˈdʒenəsaɪd,n.,种族灭绝，大屠杀,英语专业四八级词汇表
genre,ˈʒɑːnrə,,n.,英语专业四八级词汇表
genre,ˈʒɑːnrə,,(文艺作品的)类型，流派，风格,英语专业四八级词汇表
genteel,dʒenˈtiːl,adj.,1.,英语专业四八级词汇表
genteel,dʒenˈtiːl,,(做作或过分显示)文雅的，有礼貌的，有教养的 2. 上流社会的,英语专业四八级词汇表
gentility,dʒenˈtɪlətɪ,n.,假装斯文，附庸风雅,英语专业四八级词汇表
gentle,ˈdʒentl,adj.,1. 温柔的，柔和的 2. 有礼貌的，文雅的 3. 出身高贵的,英语专业四八级词汇表
gentleman,ˈdʒentlmən,n.,1. 有身份的人，绅士 2. 君子，有教养的人 3. 先生,英语专业四八级词汇表
genuine,ˈdʒenjʊɪn,adj.,1. 真正的，名副其实的 2. 真诚的，坦率的 3. 纯血统的,英语专业四八级词汇表
geographic(al),ˌdʒiːəˈɡræfɪk(əl),adj.,地理(学)的,英语专业四八级词汇表
geography,dʒɪˈɒɡrəfɪ,n.,1. 地理学 2. 地形，地势,英语专业四八级词汇表
geologist,dʒɪˈɒlədʒɪst,n.,地质学家，地质学者,英语专业四八级词汇表
geology,dʒɪˈɒlədʒɪ,n.,地质学,英语专业四八级词汇表
geometric,ˌdʒiːəˈmetrɪk,adj.,几何学的，几何图形的,英语专业四八级词汇表
geometry,dʒɪˈɒmətrɪ,n.,几何学,英语专业四八级词汇表
geopolitics,ˌdʒɪəʊˈpɒlətɪks,n.,地理政治学，地缘政治学,英语专业四八级词汇表
germ,dʒɜːm,n.,1. 细菌，病菌 2. 种子，幼芽,英语专业四八级词汇表
German,ˈdʒɜːmən,adj.,1. 德国的 2. 德国人的，德语的 n. 德国人，德语,英语专业四八级词汇表
germinate,ˈdʒɜːmɪneɪt,,v.,英语专业四八级词汇表
germinate,ˈdʒɜːmɪneɪt,,(使)发芽,英语专业四八级词汇表
gerund,ˈdʒerənd,,n.,英语专业四八级词汇表
gerund,ˈdʒerənd,,(语法)动名词,英语专业四八级词汇表
gesticulate,dʒeˈstɪkjʊleɪt,v.,做手势(表示示意或强调),英语专业四八级词汇表
gesture,ˈdʒestʃə,n.,1. 姿势，手势 2.,英语专业四八级词汇表
gesture,ˈdʒestʃə,,(外交等方面的)姿态，表示 v. 用手势表示，用动  作示意,英语专业四八级词汇表
get,ɡet,v.,1. 获得 2. 变得 3.,英语专业四八级词汇表
get,ɡet,,(have got)有 4. 到达，来到  5. 使…成某种状态 6. 使…做某事，说服…做某事 || get across解释清楚，使被理解 [get along (with)生活，相处] get (a) round传开，绕过，回避  [get at①拿到，找到②弄清，了解③暗示，意思是] get away逃掉 [get away with成功地行骗，侥幸地获取] get back回来，收回，找回 [get by维持生活，度日] get down ①记下②(从…)下来，下车 ③使沮丧;使抑郁 [get in① 进去②收获(庄稼等)] get off ①动身，离开②逃脱处分③下车 [get on①过活，生活，相处融洽(with)②上车③继续进展] get out①出去;离开②逃脱，摆脱 [get over①克服 ②从(病，损失等)中恢复过来] get round to (doing) sth找到时间(做某事) [get through ①通过(考试等)②度过，用完③接通(电话等)] get together聚会，联欢 /get up①起床，站起身②爬上，登,英语专业四八级词汇表
get-together,ˈɡet təˈɡeðə,,n.,英语专业四八级词汇表
get-together,ˈɡet təˈɡeðə,,(非正式的)聚会，联欢会,英语专业四八级词汇表
ghastly,ˈɡɑːstlɪ,adj.,1. 极坏的，糟透的 2. 可怕的，恐怖的 3. 面色苍白的，面带病容的,英语专业四八级词汇表
ghetto,ˈɡetəʊ,,n.,英语专业四八级词汇表
ghetto,ˈɡetəʊ,,(城市中)的贫民区,英语专业四八级词汇表
ghost,ɡəʊst,n.,鬼，幽灵,英语专业四八级词汇表
ghostly,ˈɡəʊstlɪ,adj.,似鬼的，鬼魂的,英语专业四八级词汇表
giant,ˈdʒaɪənt,adj.,巨大的 n. 巨人，大力士,英语专业四八级词汇表
gibber,ˈdʒɪbə,v.,急促而无意义地说,英语专业四八级词汇表
gibberish,ˈdʒɪbərɪʃ,n.,胡言乱语，莫名其妙的话,英语专业四八级词汇表
gibbon,ˈɡɪbən,n.,长臂猿,英语专业四八级词汇表
giddy,ˈɡɪdɪ,adj.,1. 眩晕的，头晕的 2. 令人头晕的,英语专业四八级词汇表
gift,ɡɪft,n.,1. 礼物，礼品  2. 天赋，天资,英语专业四八级词汇表
gifted,ˈɡɪftɪd,adj.,有天才的，有才能的,英语专业四八级词汇表
gigantic,dʒaɪˈɡæntɪk,adj.,巨大的，似巨人的,英语专业四八级词汇表
giggle,ˈɡɪɡl,v.,吃吃地笑，咯咯地笑，傻笑,英语专业四八级词汇表
gild,ɡɪld,v.,给…镀金，把…漆成金色，使呈金色,英语专业四八级词汇表
gill,ɡɪl,n.,1. 鱼鳃 2.,英语专业四八级词汇表
gill,ɡɪl,,(人的)腮,英语专业四八级词汇表
gimmick,ˈɡɪmɪk,n.,引人注意的把戏，花招,英语专业四八级词汇表
gin,dʒɪn,n.,杜松子酒,英语专业四八级词汇表
ginger,ˈdʒɪndʒə,n.,姜，生姜,英语专业四八级词汇表
"gipsy, gypsy",ˈdʒɪpsɪ,n.,吉普赛人,英语专业四八级词汇表
giraffe,dʒɪˈrɑːf,n.,长颈鹿,英语专业四八级词汇表
girder,ˈɡɜːdə,,n.,英语专业四八级词汇表
girder,ˈɡɜːdə,,(桥梁和大建筑物的)主梁，大梁,英语专业四八级词汇表
girdle,ˈɡɜːdl,n.,女子紧身搭，腰带,英语专业四八级词汇表
girl,ɡɜːl,n.,1. 女孩，姑娘 2. 女仆，保姆 3. 女朋友,英语专业四八级词汇表
girlfriend,ˈɡɜːlfrend,n.,女朋友,英语专业四八级词汇表
gist,dʒɪst,n.,主旨，要点，实质,英语专业四八级词汇表
give,ɡɪv,v.,1. 给，送给 2. 交给，递给 3. 付给，付出 4. 发出(声音) 5.,英语专业四八级词汇表
give,ɡɪv,,(在压力下)倒塌，弯曲等 || give away赠送，分发，泄露，出卖 [give back 归还，返回，恢复] give in ①屈服，让步②交上，呈上 [give out分发，发出] give up①放弃②投降，认输③停止，抛弃,英语专业四八级词汇表
given,ˈɡɪvən,prep.,考虑到 adj. 特定的，规定的,英语专业四八级词汇表
glacial,ˈɡleɪsɪəl,adj.,冰的，冰川(期)的,英语专业四八级词汇表
glacier,ˈɡlæsɪə,n.,冰川,英语专业四八级词汇表
glad,ɡlæd,adj.,1. 高兴的，满意的 2. 使人高兴的，令人喜悦的,英语专业四八级词汇表
gladiator,ˈɡlædɪeɪtə,n.,斗剑者，角斗士,英语专业四八级词汇表
"glamour, glamor",ˈɡlæmə,n.,魅力，吸引力,英语专业四八级词汇表
"glamourous, glamorous",ˈɡlæmərəs,adj.,富有魅力的，美丽动人的,英语专业四八级词汇表
glance,ɡlɑːns,v.,1. 一瞥，扫视 2. 闪光，闪耀 n. 一瞥，眼光,英语专业四八级词汇表
gland,ɡlænd,n.,腺,英语专业四八级词汇表
glare,ɡleə,v.,1. 瞪眼，怒视 2. 令人眩目地照射，闪耀  n. 1. 令人目眩的光，强烈的阳光 2. 瞪眼，怒视,英语专业四八级词汇表
glaring,ˈɡleərɪŋ,adj.,1. 耀眼的，极度光亮的 2. 显眼的，显著的 3. 怒目而视的,英语专业四八级词汇表
glass,ɡlɑːs,n.,1. 玻璃 2. 玻璃杯 3. 镜子 4.,英语专业四八级词汇表
glass,ɡlɑːs,,(pl)眼镜,英语专业四八级词汇表
glasshouse,ˈɡlɑːshaʊs,n.,温室，暖房,英语专业四八级词汇表
glaze,ɡleɪz,v.,1. 给…上釉(上光) 2. 给…装配玻璃 3.,英语专业四八级词汇表
glaze,ɡleɪz,,(眼睛)变呆滞,英语专业四八级词汇表
gleam,ɡliːm,n.,1. 微光，闪光，一线光明 2.,英语专业四八级词汇表
gleam,ɡliːm,,(希望、机智等的)闪现 v. 闪烁，隐约闪光,英语专业四八级词汇表
glean,ɡliːn,,v.,英语专业四八级词汇表
glean,ɡliːn,,(点滴地)搜集(情况等),英语专业四八级词汇表
glee,ɡliː,n.,欢喜，高兴,英语专业四八级词汇表
glide,ɡlaɪd,v.,&n. 1. 滑动，滑行 2. 滑翔,英语专业四八级词汇表
glider,ˈɡlaɪdə,n.,滑翔机,英语专业四八级词汇表
glimmer,ˈɡlɪmə,v.,发出闪烁的微光  n. 微光，微弱的闪光,英语专业四八级词汇表
glimpse,ɡlɪmps,n.,一瞥，一看 2. 隐约的闪现 || get a glimpse of瞥见,英语专业四八级词汇表
glint,ɡlɪnt,v.,&n. 闪光，闪闪发亮,英语专业四八级词汇表
glisten,ˈɡlɪsən,v.,&n. 闪耀,英语专业四八级词汇表
glitter,ˈɡlɪtə,v.,&n. 闪光，反光,英语专业四八级词汇表
gloat,ɡləʊt,v.,幸灾乐祸,英语专业四八级词汇表
global,ˈɡləʊbəl,adj.,1. 球形的 2. 全球的，全  世界的 3. 综合的，全面的,英语专业四八级词汇表
globe,ɡləʊb,n.,1. 球，球状 2. 地球，地球仪,英语专业四八级词汇表
gloom,ɡluːm,n.,1. 黑暗，幽暗 2. 忧郁，阴沉,英语专业四八级词汇表
gloomy,ˈɡluːmɪ,adj.,1. 黑暗的，阴暗的，朦胧的 2. 令人沮丧的 3. 阴郁的，忧闷的，悲观的,英语专业四八级词汇表
glorify,ˈɡlɔːrɪfaɪ,v.,1. 赞美，崇拜 2. 使增光，美化,英语专业四八级词汇表
glorious,ˈɡlɔːrɪəs,adj.,1. 光荣的 2. 辉煌的，壮丽的 3. 令人愉快的,英语专业四八级词汇表
glory,ˈɡlɔːrɪ,n.,1. 光荣，荣誉 2. 壮丽，壮观,英语专业四八级词汇表
glossary,ˈɡlɒsərɪ,n.,词汇表,英语专业四八级词汇表
glossy,ˈɡlɒsɪ,adj.,有光泽的，光滑的,英语专业四八级词汇表
glove,ɡlʌv,,n.,英语专业四八级词汇表
glove,ɡlʌv,,(五指分开的)手套,英语专业四八级词汇表
glow,ɡləʊ,v.,1. 发白热光，发光 2. 容光焕发，发热 n. 1. 白热光，光辉 2. 激情，热烈，兴高采烈,英语专业四八级词汇表
glue,ɡluː,n.,胶，胶水 v. 胶合，粘牢,英语专业四八级词汇表
glum,ɡlʌm,adj.,阴郁的，闷闷不乐的,英语专业四八级词汇表
glutton,ˈɡlʌtən,n.,贪吃者,英语专业四八级词汇表
gnarled,nɑːld,adj.,粗糙而扭曲的,英语专业四八级词汇表
gnaw,nɔː,v.,1. 咬，啮，啃 2. 消耗，侵蚀 3. 折磨，(使)烦恼,英语专业四八级词汇表
go,ɡəʊ,v.,1. 走，离去 2. 进行，进展 3. 变为，变 4.,英语专业四八级词汇表
go,ɡəʊ,,(be going to)(表示打算、计划做某事) || go about从事，干 [go after追逐，追求] go against反对，违反 [go ahead①干吧，开始②走吧(或说吧)] go back 回去 [go by走过，过去] go for为…去，去请，去找 [go in for①从事于②酷爱，追求③参加] go into①进入，通向② 加入，投入③研究，调查 [go off①离去，走掉②停止，消失③变坏④爆炸] go off with ①拿去②拐走 [go on①发生，进行②进展③继续下去] go out①出去，外出参加娱乐②熄灭③罢工 [go over审阅，检查] go round①够用，够分配②四处走动 [go through  ①经历，经过②审阅，检查③ 做完(工作等)] go together相配 [go under沉没] go up增长，提高 [go with①伴随，陪·一起去②与…相配] go without在缺少…的情况下也可勉强应付,英语专业四八级词汇表
goal,ɡəʊl,n.,1. 得分，赢得 2. 目的，目标 3. 终点，目的地 4.,英语专业四八级词汇表
goal,ɡəʊl,,(足球等运动的)球门,英语专业四八级词汇表
goalkeeper,ˈɡəʊlˌkiːpə,n.,守门员,英语专业四八级词汇表
goat,ɡəʊt,n.,山羊,英语专业四八级词汇表
gobble,ˈɡɒbl,v.,狼吞虎咽，囫囵吞食,英语专业四八级词汇表
god,ɡɒd,n.,1. 神 2.,英语专业四八级词汇表
god,ɡɒd,,(cap)上帝，天主,英语专业四八级词汇表
goddess,ˈɡɒdɪs,n.,女神,英语专业四八级词汇表
godfather,ˈɡɒdˌfɑːðə,n.,教父,英语专业四八级词汇表
godmother,ˈɡɒdˌmʌðə,n.,教母,英语专业四八级词汇表
goggle,ˈɡɒɡl,v.,瞪视，瞪大眼睛看,英语专业四八级词汇表
gold,ɡəʊld,n.,1. 金，黄金 2. 金色，黄金色 3. 珍贵的物品 4. 钱财 adj. 1. 金制的 2. 金色的,英语专业四八级词汇表
golden,ˈɡəʊldən,adj.,1. 金黄色的 2. 绝好的，重要的,英语专业四八级词汇表
goldfish,ˈɡəʊldfɪʃ,n.,金鱼,英语专业四八级词汇表
golf,ɡɒlf,n.,高尔夫球,英语专业四八级词汇表
golfer,ˈɡɒlfə,n.,打高尔夫球的人,英语专业四八级词汇表
gong,ɡɒŋ,n.,锣,英语专业四八级词汇表
gonorrh(o)ea,ˌɡɒnəˈriːə,n.,淋病,英语专业四八级词汇表
good,ɡʊd,,(better，best) adj. 1. 好的，优良的 2. 应当的，适合的 3. 熟练的，伶俐的  || as good as和…几乎一样，实际上等于 [be good for对…有用的，有利的 n. 好事，好处 || do someone good对某人有好处] for good永久地，一劳永逸地 /no good无用,英语专业四八级词汇表
good-by(e),ˌɡʊdˈbaɪ,n.,再见,英语专业四八级词汇表
good-hearted,ˌɡʊd ˈhɑːtɪd,adj.,好心肠的，仁慈的,英语专业四八级词汇表
"good-humoured, good-humored",ˌɡʊd ˈhjuːməd,adj.,心情(心态)愉快的,英语专业四八级词汇表
good-looking,ˌɡʊd ˈlʊkɪŋ,,adj.,英语专业四八级词汇表
good-looking,ˌɡʊd ˈlʊkɪŋ,,(外貌)好看的,英语专业四八级词汇表
goodness,ˈɡʊdnɪs,n.,1. 善良，美德 2. 精华，精髓,英语专业四八级词汇表
good-night,ɡʊdˈnaɪt,n.,晚安，再见,英语专业四八级词汇表
goods,ɡʊdz,n.,商品，货物,英语专业四八级词汇表
goodwill,ˌɡʊdˈwɪll,n.,1. 善意，亲善 2. 信誉，声誉,英语专业四八级词汇表
goody,ˈɡʊdɪ,n.,1. 可口的食物 2.,英语专业四八级词汇表
goody,ˈɡʊdɪ,,(小说、电影等中的)主人公，好人,英语专业四八级词汇表
goose,ɡuːs,n.,鹅,英语专业四八级词汇表
gorgeous,ˈɡɔːdʒəs,adj.,1. 异常漂亮的，壮丽的 2. 令人愉快的,英语专业四八级词汇表
gorilla,ɡəˈrɪlə,n.,大猩猩,英语专业四八级词汇表
gosh,ɡɒʃ,,int.,英语专业四八级词汇表
gosh,ɡɒʃ,,(表示惊讶)哎呀,英语专业四八级词汇表
gospel,ˈɡɒspəl,n.,1. 福音，真理，信条 2.,英语专业四八级词汇表
gospel,ˈɡɒspəl,,(cap) (圣经中记载耶稣生平和教诲的)福音书,英语专业四八级词汇表
gossip,ˈɡɒsɪp,v.,闲聊 n. 1. 闲谈，聊天，流言蜚语 2. 喜欢拨弄是非的人,英语专业四八级词汇表
Gothic,ˈɡɒθɪk,adj.,哥特式的,英语专业四八级词汇表
gourmet,ˈɡʊəmeɪ,n.,美食家,英语专业四八级词汇表
govern,ˈɡʌvən,v.,1. 统治，管理 2. 抑制，控制(感情等) 3. 指导，支配，决定,英语专业四八级词汇表
governess,ˈɡʌvənɪs,n.,家庭女教师,英语专业四八级词汇表
government,ˈɡʌvənmənt,n.,1. 统治，管理 2. 政府,英语专业四八级词汇表
governor,ˈɡʌvənə,n.,1. 统治者，管辖者 2. 地方长官(如省长)，(BrE)总督，(AmE)州长,英语专业四八级词汇表
gown,ɡaʊn,n.,长袍，长外衣 v. 使穿长袍，使穿礼服,英语专业四八级词汇表
grab,ɡræb,v.,1. 攫取，抓取 2. 强夺;霸占 3.,英语专业四八级词汇表
grab,ɡræb,,(急速地)抓住，抓牢  n. 掠夺，攫取，(急速)抓住,英语专业四八级词汇表
grace,ɡreɪs,n.,1. 优美，雅致 2. 恩惠，恩赐 3. 风度，魅力 || with (a) bad grace不情愿地，勉强地 /with (a) good grace欣然地,英语专业四八级词汇表
graceful,ˈɡreɪsfʊl,adj.,优美的，雅致的,英语专业四八级词汇表
gracious,ˈɡreɪʃəs,adj.,1. 宽厚的，仁慈的，和蔼的 2. 优美的，雅致的,英语专业四八级词汇表
grade,ɡreɪd,n.,1. 等级，级别，阶段 2. 年级 3. 程度  4. 评分等级,英语专业四八级词汇表
gradual,ˈɡrædʒʊəl,adj.,逐渐的,英语专业四八级词汇表
gradually,ˈɡrædʒʊəlɪ,adv.,逐渐地,英语专业四八级词汇表
graduate,ˈɡrædʒʊeɪt,v.,1. 毕业 2. 取得资格  [ˈɡrædʒʊət] n. 毕业生  adj. 1. 毕了业的 2. 研究生的,英语专业四八级词汇表
graduation,ˌɡrædʒʊˈeɪʃən,n.,1. 毕业 2. 毕业典礼,英语专业四八级词汇表
grain,ɡreɪn,n.,1. 谷物，谷类，粮食 2. 谷粒 3. 粒，细粒,英语专业四八级词汇表
grammar,ˈɡræmə,n.,语法,英语专业四八级词汇表
grammatical,ɡrəˈmætɪkəl,adj.,1. 语法(上)的 2. 符合语法规则的,英语专业四八级词汇表
"gramme, gram",ɡræm,n.,克(重量单位),英语专业四八级词汇表
gramophone,ˈɡræməfəʊn,n.,留声机,英语专业四八级词汇表
grand,ɡrænd,adj.,1. 壮大的，堂皇的 2. 主要的，重要的，伟大的,英语专业四八级词汇表
grandchild,ˈɡrændtʃaɪld,n.,孙子(女)，外孙(女),英语专业四八级词汇表
granddaughter,ˈɡrændˌdɔːtə,,n.,英语专业四八级词汇表
granddaughter,ˈɡrændˌdɔːtə,,(外)孙女,英语专业四八级词汇表
grandeur,ˈɡrændʒə,n.,宏伟，壮观,英语专业四八级词汇表
grandfather,ˈɡrændˌfɑːðə,,n.,英语专业四八级词汇表
grandfather,ˈɡrændˌfɑːðə,,(外)祖父,英语专业四八级词汇表
grandiose,ˈɡrændɪəʊs,adj.,浮夸的，夸大的，铺张的,英语专业四八级词汇表
grandmother,ˈɡrændˌmʌðə,,n.,英语专业四八级词汇表
grandmother,ˈɡrændˌmʌðə,,(外)祖母,英语专业四八级词汇表
grandparent,ˈɡrændˌpeərənt,,n.,英语专业四八级词汇表
grandparent,ˈɡrændˌpeərənt,,(外)祖父(母),英语专业四八级词汇表
grandson,ˈɡrændsʌn,,n.,英语专业四八级词汇表
grandson,ˈɡrændsʌn,,(外)孙,英语专业四八级词汇表
grandstand,ˈɡrændstænd,n.,大看台,英语专业四八级词汇表
granite,ˈɡrænɪt,n.,岗岩石，花岗岩,英语专业四八级词汇表
granny,ˈɡrænɪ,,n.,英语专业四八级词汇表
granny,ˈɡrænɪ,,(外)祖母,英语专业四八级词汇表
grant,ɡrɑːnt,v.,"同意，准予(补助等),授予(权利等) || take sth for granted认为某事当然  n. 同意，准许，授予",英语专业四八级词汇表
granular,ˈɡrænjʊlə,adj.,颗粒的，由颗粒构成的,英语专业四八级词汇表
granule,ˈɡrænjuːl,n.,小颗粒，微粒,英语专业四八级词汇表
grape,ɡreɪp,n.,葡萄,英语专业四八级词汇表
grapevine,ˈɡreɪpvaɪn,n.,1. 葡萄藤 2. 消息的传播途径,英语专业四八级词汇表
graph,ɡrɑːf,n.,图，图表，图解,英语专业四八级词汇表
graphic,ˈɡræfɪk,adj.,1. 生动的，详细的 2. 图的，图解的 3. 书写的,英语专业四八级词汇表
graphics,ˈɡræfɪks,,n.,英语专业四八级词汇表
graphics,ˈɡræfɪks,,(计算机)图形显示,英语专业四八级词汇表
grapple,ˈɡræpl,v.,与…扭打，搏斗,英语专业四八级词汇表
grasp,ˌɡrɑːsp,v.,1. 抓住，抓紧，抱住 2. 掌握，领会 n. 抓，紧握，抱 2. 掌握，了解,英语专业四八级词汇表
grass,ɡrɑːs,n.,1. 草，青草，牧草 2. 草地,英语专业四八级词汇表
grasshopper,ˈɡrɑːshɒpə,n.,蚱蜢,英语专业四八级词汇表
grassland,ˈɡrɑːslænd,n.,草原，草地，牧场,英语专业四八级词汇表
grassroots,ɡrɑːs ˈruːts,,平民百姓,英语专业四八级词汇表
grate,ɡreɪt,n.,炉格，炉栅,英语专业四八级词汇表
grateful,ˈɡreɪtfʊl,adj.,1. 感激的，感谢的 2. 令人愉快的，可喜的 || be grateful to sb for sth为某事而感谢某人,英语专业四八级词汇表
gratify,ˈɡrætɪfaɪ,v.,使高兴，使满意，满足,英语专业四八级词汇表
gratitude,ˈɡrætɪtjuːd,n.,感谢,英语专业四八级词汇表
gratuitous,ɡrəˈtjuːɪtəs,adj.,1. 无偿的，免费的 2. 无缘无故的，不必要的,英语专业四八级词汇表
gravel,ˈɡrævəl,n.,铺路用的碎石，砂砾,英语专业四八级词汇表
graveyard,ˈɡreɪvjɑːd,n.,墓地，坟墓,英语专业四八级词汇表
gravitate,ˈɡrævɪteɪt,,v.,英语专业四八级词汇表
gravitate,ˈɡrævɪteɪt,,(逐渐地、不由自主地)移向某人(某事物);受某人(某事物)吸引,英语专业四八级词汇表
gravity,ˈɡrævətɪ,n.,1. 重力，引力 2. 重要性，严重性,英语专业四八级词汇表
gray,ɡreɪ,n.,灰色 adj. 灰色的,英语专业四八级词汇表
graze,ɡreɪz,,v.,英语专业四八级词汇表
graze,ɡreɪz,,(动物)吃草，放牧,英语专业四八级词汇表
grease,ɡriːs,n.,动物脂，脂肪，润滑脂 v. 涂油脂于，用油脂润滑，使润滑,英语专业四八级词汇表
great,ɡreɪt,adj.,"1. 大的，巨大的 2. 伟大的 3. 非常美好的 4. 重要的，著名的 || a great deal,",英语专业四八级词汇表
great,ɡreɪt,a,good deal大量，…得多  /a great many许许多多，极多,英语专业四八级词汇表
greatly,ˈɡreɪtlɪ,adv.,大大地，非常,英语专业四八级词汇表
greed,ɡriːd,n.,贪心，贪婪,英语专业四八级词汇表
greedy,ˈɡriːdɪ,adj.,1. 贪吃的 2. 贪婪的 3. 渴望的，(兴趣等)强烈的,英语专业四八级词汇表
Greek,ɡriːk,n.,1. 希腊人，希腊语 2. 难懂的事 adj. 希腊的，希腊人的，希腊语的,英语专业四八级词汇表
green,ɡriːn,adj.,1. 绿色的 2. 未熟的 3. 没有经验的 4.,英语专业四八级词汇表
green,ɡriːn,,(脸色)发青的，苍白的 n. 1. 绿色 2.,英语专业四八级词汇表
green,ɡriːn,,(pl)蔬菜,英语专业四八级词汇表
greenery,ˈɡriːnərɪ,n.,绿树，绿色植物,英语专业四八级词汇表
greengrocer,ˈɡriːnˌɡrəʊsə,n.,蔬菜水果商,英语专业四八级词汇表
greenhouse,ˈɡriːnhaʊs,n.,玻璃暖房，温室,英语专业四八级词汇表
greet,ɡriːt,v.,1. 迎接，欢迎，向…致意 2. 呈现在…前,英语专业四八级词汇表
greeting,ˈɡriːtɪŋ,n.,问候，致敬，祝贺,英语专业四八级词汇表
gregarious,ɡrɪˈɡeərɪəs,adj.,1. 爱交际的 2.,英语专业四八级词汇表
gregarious,ɡrɪˈɡeərɪəs,,(指动物、鸟等)群居的、共生的,英语专业四八级词汇表
grenade,ɡrəˈneɪd,n.,手榴弹,英语专业四八级词汇表
grey,ɡreɪ,,(AmE) n. 灰色 adj. 灰色的,英语专业四八级词汇表
greyhound,'greihaond,n.,灵𤟥,英语专业四八级词汇表
grid,ɡrɪd,n.,1. 铁栅，格子 2. 输电网(络) 3. 地图上的坐标方格,英语专业四八级词汇表
grief,ɡriːf,n.,1. 悲痛，悲伤 2. 不幸，灾难，伤心事,英语专业四八级词汇表
grievance,ˈɡriːvəns,n.,怨愤，气恼，委屈,英语专业四八级词汇表
grieve,ɡriːv,v.,1. 感到悲痛，伤心 2. 使伤心，使悲痛,英语专业四八级词汇表
grievous,ˈɡriːvəs,adj.,1. 令人伤心痛苦的 2. 剧烈的，严重的,英语专业四八级词汇表
grill,ɡrɪl,n.,烤架，铁篦子 v. 炙烤,英语专业四八级词汇表
grim,ɡrɪm,adj.,1. 严肃的，严厉的，可怕的 2. 严峻的，严酷的，冷酷的,英语专业四八级词汇表
grimace,ɡrɪˈmeɪs,v.,扭曲脸部以表示痛苦等，扮鬼脸,英语专业四八级词汇表
grime,ɡraɪm,n.,污垢，污物,英语专业四八级词汇表
grin,ɡrɪn,v.,&n. 露齿笑，咧着嘴笑,英语专业四八级词汇表
grind,ɡraɪnd,v.,1. 碾，磨碎 2. 磨光，磨利 3. 摩擦,英语专业四八级词汇表
grinder,ˈɡraɪndə,n.,1. 磨工 2. 研磨器，磨床,英语专业四八级词汇表
grip,ɡrɪp,n.,1. 紧握，紧咬，紧夹 2. 掌握，支配，控制 v. 1. 握(咬、夹)牢 2. 掌握，支配，控制,英语专业四八级词汇表
gripe,ɡraɪp,v.,不停地抱怨，发牢骚,英语专业四八级词汇表
grisly,ˈɡrɪzlɪ,adj.,骇人听闻的，可怕的,英语专业四八级词汇表
grit,ɡrɪt,n.,1. 砂，砂粒，砂砾 2. 坚毅，勇气，决心 v. 1. 咬紧牙关 2. 不畏困难,英语专业四八级词汇表
groan,ɡrəʊn,v.,哼，呻吟 n. 呻吟声，哼声,英语专业四八级词汇表
grocer,ˈɡrəʊsə,n.,食品杂货商店,英语专业四八级词汇表
grocery,ˈɡrəʊsərɪ,n.,食品，杂货,英语专业四八级词汇表
groom,ɡruːm,n.,1. 马夫 2. 新郎 v. 1. 饲养(马等) 2. 打扮，梳妆 3. 培训，训练,英语专业四八级词汇表
groove,ɡruːv,n.,沟，槽,英语专业四八级词汇表
grope,ɡrəʊp,v.,1.,英语专业四八级词汇表
grope,ɡrəʊp,,(暗中) 摸索 2. 探索 n. 摸索,英语专业四八级词汇表
grotesque,ɡrəʊˈtesk,adj.,怪诞的，奇形怪状的，丑陋的,英语专业四八级词汇表
ground,ɡraʊnd,n.,1. 地，地面 2. 地，土地 3. 场所，…场  4.,英语专业四八级词汇表
ground,ɡraʊnd,,(pl)庭园，场地 5.,英语专业四八级词汇表
ground,ɡraʊnd,,(pl)理由，根据 6. 底色，底子 || break new ground，break fresh ground有创新之处，开始新的工作,英语专业四八级词汇表
groundwork,ˈɡraʊndwɜːk,n.,基础，底子,英语专业四八级词汇表
group,ɡruːp,n.,群，批   v. 1. 聚集 2. 集合,英语专业四八级词汇表
grove,ɡrəʊv,n.,小树林，树丛,英语专业四八级词汇表
grovel,ˈɡrɒvəl,v.,1. 甸甸，趴 2. 奴颜屈膝,英语专业四八级词汇表
grow,ɡrəʊ,v.,1. 生长，成长，发育 2. 逐渐变得 3. 种植，培育 || grow up成长，长大,英语专业四八级词汇表
growl,ɡraʊl,v.,1.,英语专业四八级词汇表
growl,ɡraʊl,,(狗等)嗥叫，(雷、炮等)轰鸣 2.,英语专业四八级词汇表
growl,ɡraʊl,,(人) 咆哮，咆哮着说 n.,英语专业四八级词汇表
growl,ɡraʊl,,(狗等的)嗥叫声，(人的)咆哮，(雷、炮等的)轰鸣声,英语专业四八级词汇表
grown-up,ˈɡrəʊnˈʌp,n.,成年人 adj. 成年人的，成熟的,英语专业四八级词汇表
growth,ɡrəʊθ,n.,1. 生长，成长，发育 2. 增长，增大，发展 3. 种植，栽 4. 生长物，产物 5. 瘤，赘生物,英语专业四八级词汇表
grudge,ɡrʌdʒ,v.,1. 妒忌 2. 吝惜，不愿给 n. 妒忌，怨恨，恶意,英语专业四八级词汇表
gruesome,ˈɡruːsəm,adj.,令人震惊的，令人厌恶的,英语专业四八级词汇表
gruff,ɡrʌf,adj.,粗鲁的，草率的，板着脸孔的,英语专业四八级词汇表
grumble,ˈɡrʌmbl,v.,发牢骚 n. 不平，怨言,英语专业四八级词汇表
grumpy,ˈɡrʌmpɪ,adj.,脾气坏的,英语专业四八级词汇表
grunt,ɡrʌnt,v.,1.,英语专业四八级词汇表
grunt,ɡrʌnt,,(猪等)作呼噜声 2.,英语专业四八级词汇表
grunt,ɡrʌnt,,(表示烦恼、反对、不满、轻蔑等)发哼声，咕哝 3. 咕哝着说出 n.,英语专业四八级词汇表
grunt,ɡrʌnt,,(猪等的)呼噜声，咕哝,英语专业四八级词汇表
guarantee,ˌɡærənˈtiː,n.,保证，保证书 v. 保证，担保,英语专业四八级词汇表
guard,ɡɑːd,n.,1. 守卫，看守 2. 卫兵，哨兵，警卫员 v. 1. 保卫，守卫，警卫 2. 看守，监视,英语专业四八级词汇表
guardian,ˈɡɑːdɪən,n.,1. 保护人，监护人 2. 守卫者，保护者,英语专业四八级词汇表
guerrilla,ɡəˈrɪlə,n.,游击队员,英语专业四八级词汇表
guess,ɡes,v.,1. 猜测，推测 2. 猜中，猜对 3. 想，认为 n. 推测;猜测,英语专业四八级词汇表
guest,ɡest,n.,1. 客人，来宾 2. 旅客，寄宿者,英语专业四八级词汇表
guidance,ˈɡaɪdəns,n.,指引，指导，领导,英语专业四八级词汇表
guide,ɡaɪd,n.,1. 向导，领路人，导游者 2. 入门书，手册，指南 v. 1. 为…领路，带领 2. 引导，指引，指导,英语专业四八级词汇表
guillotine,ˈɡɪlətiːn,n.,1. 断头台 2. 切纸机 3.,英语专业四八级词汇表
guillotine,ˈɡɪlətiːn,,(英国议会中)截止辩论交付表决的时限,英语专业四八级词汇表
guilt,ɡɪlt,n.,1. 有罪，罪行 2. 过失，罪责 3. 内疚，羞愧,英语专业四八级词汇表
guise,ɡaɪz,n.,外表，伪装的姿态,英语专业四八级词汇表
guitar,ɡɪˈtɑː,n.,吉他六弦琴  v. 弹吉他,英语专业四八级词汇表
gulf,ɡʌlf,n.,1. 海湾 2. 鸿沟，巨大的分歧,英语专业四八级词汇表
gull,ɡʌl,n.,海鸥,英语专业四八级词汇表
gullible,ˈɡʌləbl,adj.,易受骗的，轻信的,英语专业四八级词汇表
gulp,ɡʌlp,n.,一口 || at a gulp一口喝下 v. 咕噜咕噜地喝,英语专业四八级词汇表
gun,ɡʌn,n.,枪，炮,英语专业四八级词汇表
gunfire,ˈɡʌnfaɪə,n.,炮火声，炮轰声,英语专业四八级词汇表
gunpowder,ˈɡʌnˌpaʊdə,n.,火药,英语专业四八级词汇表
gurgle,ˈɡɜːɡl,v.,&n.,英语专业四八级词汇表
gurgle,ˈɡɜːɡl,,(作)咯咯声，(发)汩汩声,英语专业四八级词汇表
guru,ˈɡʊruː,n.,1. 古鲁(印度的宗教领袖) 2.,英语专业四八级词汇表
guru,ˈɡʊruː,,(受尊敬、有影响力的)教师、权威,英语专业四八级词汇表
gush,ɡʌʃ,v.,1. 喷，涌，涌出 2. 使喷出，使涌出  n. 喷，涌流,英语专业四八级词汇表
gust,ɡʌst,n.,1. 阵风 2  阵,英语专业四八级词汇表
gusto,ˈɡʌstəʊ,n.,兴致勃勃，津津有味，热忱,英语专业四八级词汇表
gut,ɡʌt,n.,肠子，内脏,英语专业四八级词汇表
gutter,ˈɡʌtə,n.,1. 水槽，檐槽 2. 沟，明沟 3. 贫民区,英语专业四八级词汇表
guttural,ˈɡʌtərəl,,adj.,英语专业四八级词汇表
guttural,ˈɡʌtərəl,,(指话语)自喉咙处发出的，带喉音的,英语专业四八级词汇表
guy,ɡaɪ,n.,家伙，人,英语专业四八级词汇表
gym,dʒɪm,,(abbre for gymnasium) n. 体育馆，健身房,英语专业四八级词汇表
gymnasium,dʒɪmˈneɪzɪəm,n.,体育馆，健身房,英语专业四八级词汇表
gymnastic,dʒɪmˈnæstɪk,adj.,体操的， 体育的,英语专业四八级词汇表
gymnastics,dʒɪmˈnæstɪks,n.,体操,英语专业四八级词汇表
"gynaecology, gynecology",ˌɡaɪnɪˈkɒlədʒɪ,n.,妇科学，妇科,英语专业四八级词汇表
ha,hɑː,,(abbre for hectare) n. 公顷,英语专业四八级词汇表
habit,ˈhæbɪt,n.,习惯，习 性，气性,英语专业四八级词汇表
habitable,ˈhæbɪtəbl,adj.,适于居住的,英语专业四八级词汇表
habitat,ˈhæbɪtæt,,n.,英语专业四八级词汇表
habitat,ˈhæbɪtæt,,(动植物的)产地，栖息地,英语专业四八级词汇表
habitation,ˌhæbɪˈteɪʃən,n.,居住,英语专业四八级词汇表
habitual,həˈbɪtʃʊəl,adj.,1. 通常的，惯常的 2. 习惯性的，已养成习惯的,英语专业四八级词汇表
habitue,həˈbɪtʃʊeɪ,n.,常客,英语专业四八级词汇表
hacked,hækt,adj.,生气的，恼火的,英语专业四八级词汇表
hacker,ˈhækə,n.,电脑黑客,英语专业四八级词汇表
hackle,ˈhækl,n.,1. 颈羽，鞍羽 2.,英语专业四八级词汇表
hackle,ˈhækl,,(pl)脾气，怒气 || make sb’s hackles rise; raise sb’s hackles使某人勃然大怒,英语专业四八级词汇表
hackneyed,ˈhæknɪd,adj.,陈腐的，老生常谈的，陈年旧套的,英语专业四八级词汇表
hacksaw,ˈhæksɔː,n.,钢锯,英语专业四八级词汇表
hag,hæɡ,n.,老丑婆，巫婆，母夜叉,英语专业四八级词汇表
haggard,ˈhæɡəd,adj.,憔悴的，形容枯槁的,英语专业四八级词汇表
haggle,ˈhæɡl,v.,争论，讨价还价,英语专业四八级词汇表
hair,heə,n.,1. 头发，毛发，茸毛 2. 些微，一点儿 || hang by a hair千钧一发 [make sb’s hair curl; make sb’s hair stand (up) on end使人毛骨悚然] not turn a hair毫不惊慌，不动声色 /to a hair; to the turn of a hair丝毫不差地，精确地，完全地,英语专业四八级词汇表
haircut,ˈheəkʌt,n.,理发，发型,英语专业四八级词汇表
hairdo,ˈheəduː,n.,发式，发型,英语专业四八级词汇表
hairdresser,ˈheəˌdresə,,n.,英语专业四八级词汇表
hairdresser,ˈheəˌdresə,,(尤指为女子服务的)理发师,英语专业四八级词汇表
hairpiece,ˈheəpiːs,n.,假发,英语专业四八级词汇表
hairpin,ˈheəˌpɪn,n.,1. 发钗，发夹 2.,英语专业四八级词汇表
hairpin,ˈheəˌpɪn,,U字形急转弯,英语专业四八级词汇表
hairy,ˈheərɪ,adj.,多毛的，毛茸茸的，毛制的,英语专业四八级词汇表
hairspray,ˈheəspreɪ,n.,喷发定型剂,英语专业四八级词汇表
hale,heɪl,adj.,|| hale and hearty(老年人)健壮的，矍铄的,英语专业四八级词汇表
half,hɑːf,n.,1. 半个，一半，半点钟 2.,英语专业四八级词汇表
half,hɑːf,,(球赛的)半场 || not a half非常出色的，特大的 [by half大大地，到极大程度] by halves部分地，不完全地 [go halves平分，均摊] not half  ①很小程度上，差距很大地 ② 一点也不，毫不③非常，很  adj. 一半的，不完全的 adv. 一半地，部分地,英语专业四八级词汇表
half-time,ˈhɑːftaɪm,n.,中场休息时间,英语专业四八级词汇表
halfway,ˌhɑːfˈweɪ,adj.,& adv. 半路上(的)，在中途，不彻底(地) || meet someone halfway向某人妥协(让步),英语专业四八级词汇表
hall,hɔːl,n.,大厅，礼堂，门厅,英语专业四八级词汇表
"halleluja, halleluia",ˌhælɪˈluːjə,n.,&int. 哈利路亚(表达赞美上帝的欢呼、歌),英语专业四八级词汇表
hallmark,ˈhɔːlmɑːk;,n.,1.,英语专业四八级词汇表
hallmark,ˈhɔːlmɑːk;,,(金、银等制品上打的)纯度印记 2. 特点，特征,英语专业四八级词汇表
hallo,həˈləʊ,,int.,英语专业四八级词汇表
hallo,həˈləʊ,,"(打招呼、引起注意、表示惊讶或接电话的招呼)嘿，喂(=hello,",英语专业四八级词汇表
hallo,həˈləʊ,,hullo),英语专业四八级词汇表
hallowed,ˈhæləʊd,adj.,神圣的,英语专业四八级词汇表
"Halloween, Hallowe’en",ˌhæləʊˈiːn,n.,万圣节前夕(10月 31日),英语专业四八级词汇表
hallucinate,həˈluːsɪneɪt,v.,产生幻觉,英语专业四八级词汇表
hallucination,həˌluːsɪˈneɪʃən,n.,幻觉,英语专业四八级词汇表
halo,ˈheɪləʊ,n.,1. 光环，光轮 2.,英语专业四八级词汇表
halo,ˈheɪləʊ,,(日\月等的)晕,英语专业四八级词汇表
halt,hɔːlt,n.,暂停前进，中止，停止  || bring to a halt; bring a halt to(使)停止，终 止，制止 /call a halt(命令)停止，途中休息  v. 停止前进，停止，停住,英语专业四八级词汇表
halter,ˈhɔːltə,,n.,英语专业四八级词汇表
halter,ˈhɔːltə,,(马等的)笼头，缰绳,英语专业四八级词汇表
halting,ˈhɔːltɪŋ,adj.,踌躇的，欲言又止的,英语专业四八级词汇表
halve,hɑːv,v.,把…减半，对半分，二等分,英语专业四八级词汇表
ham,hæm,n.,火腿，(兽类的)后腿,英语专业四八级词汇表
hamburger,ˈhæmbɜːɡə,n.,汉堡包,英语专业四八级词汇表
hamlet,ˈhæmlɪt,n.,小村庄,英语专业四八级词汇表
hammer,ˈhæmə,n.,锤，槌，榔头 || under the hammer被拍卖 /up to the hammer第一流的，极好的 v. 1. 用锤敲打，(反复)敲打 2. 彻底击败 3. 连续工作，不懈地致力于,英语专业四八级词汇表
hammock,ˈhæmək,n.,吊床,英语专业四八级词汇表
hamper,ˈhæmpə,v.,阻碍，妨碍,英语专业四八级词汇表
hamstring,ˈhæmstrɪŋ,n.,腿筋，肌腱 v. 使瘫痪，使无能为力,英语专业四八级词汇表
hand,hænd,n.,"1. 手，人手，雇员 2. 钟表的指针 3. 能手，高手 4. 插手，经手 5. 方面 6. 帮助 7. 笔迹，手迹 8. 手艺  || at hand即将来到，近在手边，在附近 [by hand用手(工)，手写的，有专人递送(非邮寄)] change hands转手，易手 [get out of hand难控制，无法约束] get one’s hand in; keep one’s hand in经常练习，保持熟练 [give a (helping) hand; lend a (helping)hand 给予帮助] give someone a free hand放手让某人干 [hand in hand手拉手，密切关联地] have one’s hands full手头工作很忙 [have a hand in对…负部分责任] in hand①随时可用，被拥有②在进行中，待处理③在掌握中，在控制下 [off one’s hands;out of one’s hands已不由某人掌管，不再由某人负责] shake hands with 与…握手 [on hand①随时可用，现有，在手头②在场，到场 ③待处理，待执行] on the one hand,",英语专业四八级词汇表
hand,hænd,on,the other hand一方面，另一方面 [to hand近在手边，在手头，在控制下] try one’s hand (at)试做，试身手 [Many hands make light work. 人多好办事。v. 交，传递 || hands up举起手来] hand down把…传下来 [hand in呈送，交上] hand on 转交，把…传递下去 [hand out ①拿出，取出②分派，施舍] hand over移交，交出。,英语专业四八级词汇表
handbag,ˈhændbæɡ,,n.,英语专业四八级词汇表
handbag,ˈhændbæɡ,,(女用)手提包，(小)旅行包,英语专业四八级词汇表
handbook,ˈhændbʊk,n.,手册，指南,英语专业四八级词汇表
handbrake,ˈhændbreɪk,n.,手刹车,英语专业四八级词汇表
handcuff,ˈhændkʌf,,n.,英语专业四八级词汇表
handcuff,ˈhændkʌf,,(pl)手铐 v. 给…戴上手铐，束缚,英语专业四八级词汇表
handful,ˈhændfʊl,n.,1. 一把 2. 少数，一小撮 || a handful of一把，一小撮,英语专业四八级词汇表
handgun,ˈhændɡʌn,n.,手枪,英语专业四八级词汇表
handicap,ˈhændɪkæp,n.,1. 不利因素，障碍 2. 缺陷，残疾 v. . 1. 给…设置不利条件，妨碍 2. 使身心残障而不能正常活动(生活),英语专业四八级词汇表
handicapped,ˈhændɪkæpt,adj.,有生理缺陷的，智力低下的,英语专业四八级词汇表
handicraft,ˈhændɪkrɑːft,n.,手工艺，手工,英语专业四八级词汇表
handily,ˈhændɪlɪ,adv.,容易地，不费力地,英语专业四八级词汇表
handiness,ˈhændɪnɪs,n.,手工技巧,英语专业四八级词汇表
handiwork,ˈhændɪwɜːk,n.,1. 手工(制品) 2. 某人行动的后果,英语专业四八级词汇表
handkerchief,ˈhæŋkətʃɪf,n.,手帕，方巾,英语专业四八级词汇表
handle,ˈhændl,n.,柄，把手  v. 1. 触，摸，拿 2. 运用，操纵，驾驭 3. 处理，管理，对待 4. 经营，买卖,英语专业四八级词汇表
handlebar,ˈhændlbɑː,,n.,英语专业四八级词汇表
handlebar,ˈhændlbɑː,,(pl)(自行车等)把手,英语专业四八级词汇表
handout,ˈhændaʊt,n.,1. 施舍物，免费派发物 2. 讲义，传单,英语专业四八级词汇表
handpicked,ˌhændˈpɪkt,adj.,精选的,英语专业四八级词汇表
handshake,ˈhændʃeɪk,n.,握手,英语专业四八级词汇表
handsome,ˈhænsəm,adj.,1.,英语专业四八级词汇表
handsome,ˈhænsəm,,(男子)英俊的，(女子)端庄健美的，(体态、形体)好看的 2. 慷慨的，大方的，气量大的 3. 相当大的，可观的,英语专业四八级词汇表
handsomely,ˈhænsəmlɪ,adv.,相当地，慷慨地,英语专业四八级词汇表
handstand,ˈhændstænd,n.,倒立,英语专业四八级词汇表
handwriting,ˈhændˌraɪtɪŋ,n.,笔迹，书写，手写稿,英语专业四八级词汇表
handy,ˈhændɪ,adj.,1. 手边的，近便的 2. 便于使用的，方便的 3. 灵巧的，手巧的 || come in handy有用，派得上用场,英语专业四八级词汇表
handyman,ˈhændɪmæn,n.,善于小修补的人，受雇干零碎杂活的人,英语专业四八级词汇表
hang,hæŋ,v.,1. 悬挂，垂，飘浮 2. 绞死，吊死 3. 晾挂使食用 ||hang about; hang around闲荡，闲呆，围集…周围 [hang back犹豫，畏缩不前] hang on①坚持，(电话)不挂断，握住②倚靠，依赖于，取决于③倾听，仔细考虑 [hang on to①紧紧抓住，依附②保留③依靠，求助于] hang up ①把…挂起来②挂上，挂断(电话)③搁置，耽搁,英语专业四八级词汇表
hangar,ˈhæŋə,n.,飞机库，停机棚,英语专业四八级词汇表
hanger,ˈhæŋə,n.,挂衣钩，衣架,英语专业四八级词汇表
hangings,ˈhæŋɪŋz,n.,悬挂物(如窗帘、帷幔等),英语专业四八级词汇表
hangman,ˈhæŋmən,n.,绞刑吏，刽子手,英语专业四八级词汇表
hangnail,ˈhæŋneɪl,,n.,英语专业四八级词汇表
hangnail,ˈhæŋneɪl,,(指甲根的)倒刺,英语专业四八级词汇表
hangover,ˈhæŋəʊvə,n.,1. 宿醉(饮酒过量后的不适) 2. 遗留物，后遗症，残余的影响,英语专业四八级词汇表
hanker,ˈhæŋkə,v.,渴望，渴求,英语专业四八级词汇表
"hankie, hanky",ˈhæŋkɪ,n.,手帕，纸巾,英语专业四八级词汇表
haphazard,hæpˈhæzəd,adj.,无计划的，随意的，杂乱无章的,英语专业四八级词汇表
hapless,ˈhæplɪs,adj.,不幸的，不走运的,英语专业四八级词汇表
happen,ˈhæpən,v.,1.,英语专业四八级词汇表
happen,ˈhæpən,,(偶然)发生 2. 碰巧，恰好 || as it happens碰巧，偶然 [happen on偶然遇到或发现] happen to发生于,英语专业四八级词汇表
happening,ˈhæpənɪŋ,n.,事情，事件,英语专业四八级词汇表
happily,ˈhæpɪlɪ,adv.,1. 幸福地，幸运地，愉快地 2. 幸而，恰当地,英语专业四八级词汇表
happiness,ˈhæpɪnɪs,n.,1. 幸福，愉快，幸运 2. 恰当，巧妙,英语专业四八级词汇表
happy,ˈhæpɪ,adj.,1. 愉快的，快乐的，满意的 2. 幸运的，合适的,英语专业四八级词汇表
harangue,həˈræŋ,n.,"慷慨激昂的演说，长篇大论的讲话(文章),演讲 v. 向…作慷慨激 昂的演说，大声训斥",英语专业四八级词汇表
harass,"ˈhærəs, həˈræs",v.,烦扰，骚扰,英语专业四八级词汇表
harbinger,ˈhɑːbɪndʒə,n.,前兆，预告者，先驱,英语专业四八级词汇表
"harbour, harbor",ˈhɑːbə,n.,1.,英语专业四八级词汇表
"harbour, harbor",ˈhɑːbə,,(海)港，港湾，港口 2. 避难所，避风港  v. 1. 使船进港停泊 2. 庇护，包庇，隐匿,英语专业四八级词汇表
hard,hɑːd,adj.,1. 坚硬的 2. 困难的，费力的，艰难的 3. 严厉的，苛刻的，难以忍受的 4. 勤奋的，刻苦的 5. 严重的，猛烈的  adv. 1. 努力地，费力地，困难地 2. 厉害地，猛烈地，苛刻地 3. 坚硬地，紧紧地，艰苦地,英语专业四八级词汇表
hardback,ˈhɑːdbæk,n.,硬封面书，精装本,英语专业四八级词汇表
hardbitten,ˈhɑːdˈbɪtən,,adj.,英语专业四八级词汇表
hardbitten,ˈhɑːdˈbɪtən,,(指人)经过磨炼 而变得坚强的,英语专业四八级词汇表
hard-boiled,ˈhɑːdbɔɪld,adj.,1.,英语专业四八级词汇表
hard-boiled,ˈhɑːdbɔɪld,,(蛋)煮老的 2. 无情的，强硬的，无动于衷的,英语专业四八级词汇表
hardcore,ˈhɑːdkɔː,n.,1.,英语专业四八级词汇表
hardcore,ˈhɑːdkɔː,,(用作地基、路基等的)碎石、碎砖等 2.,英语专业四八级词汇表
hardcore,ˈhɑːdkɔː,,(某一组织中的)中间力量，基干部分,英语专业四八级词汇表
harden,ˈhɑːdən,v.,1.,英语专业四八级词汇表
harden,ˈhɑːdən,,(使)变硬，(使)硬化 2.,英语专业四八级词汇表
harden,ˈhɑːdən,,(使)变坚强，加强 3. 使麻木不仁,英语专业四八级词汇表
hardheaded,hɑːdˈhedɪd,adj.,讲究实际的，精明的,英语专业四八级词汇表
hardly,ˈhɑːdlɪ,adv.,1. 几乎不，不十分，大概不 2. 一点也不 3. 粗鲁地，严厉地，苛刻地,英语专业四八级词汇表
hardness,ˈhɑːdnɪs,n.,坚硬，硬度,英语专业四八级词汇表
hardship,ˈhɑːdʃɪp,n.,受苦，苦难，困苦,英语专业四八级词汇表
hardtop,ˈhɑːdtɒp,n.,硬顶小轿车,英语专业四八级词汇表
hardware,ˈhɑːdweə,n.,1. 五金制品，家用器皿 2.,英语专业四八级词汇表
hardware,ˈhɑːdweə,,(电脑等的)硬件，设备 3. 军事装备,英语专业四八级词汇表
hardwood,ˈhɑːdwʊd,n.,硬木(材),英语专业四八级词汇表
hardworking,ˈhɑːdˈwɜːkɪŋ,adj.,努力工作的，勤勉的,英语专业四八级词汇表
hardy,ˈhɑːdɪ,adj.,能吃苦耐劳的，强壮的，耐寒的,英语专业四八级词汇表
hare,heə,n.,野兔,英语专业四八级词汇表
harebrained,ˈheəbreɪnd,adj.,不切实际的，愚蠢的，浮躁的,英语专业四八级词汇表
harelip,ˌheəˈlɪp,n.,唇裂，兔唇,英语专业四八级词汇表
harm,hɑːm,n.,& v. 损害，伤害，危害 || do sb (sth) harm 损害某人(某物) /Harm set; harm get. 害人反害己,英语专业四八级词汇表
harmful,ˈhɑːmfʊl,adj.,有害的，致伤的 harmless [ˈhɑːmlɪs] adj. 1. 无害的，不致伤的，无恶意的 2. 未受损伤的,英语专业四八级词汇表
harmonica,hɑːˈmɒnɪkə,n.,口琴,英语专业四八级词汇表
"harmonise, harmonize",ˈhɑːmənaɪz,v.,1.,英语专业四八级词汇表
"harmonise, harmonize",ˈhɑːmənaɪz,,(使)协调，使一致，融洽 2. 用和声唱(演奏),英语专业四八级词汇表
harmonium,hɑːˈməʊnɪəm,n.,小风琴,英语专业四八级词汇表
harmony,ˈhɑːmənɪ,n.,1. 调和，一致，和谐 2. 和睦，友好,英语专业四八级词汇表
harness,ˈhɑːnɪs,n.,马具，挽具，挽具状带子 v. 1. 给…上马具，套马，扣上带子 2. 利用(自然界的力量)以产生电能等,英语专业四八级词汇表
harpoon,hɑːˈpuːn,v.,用鱼叉叉 n. 鱼叉,英语专业四八级词汇表
harrow,ˈhærəʊ,n.,耙  v. 1. 耙(地) 2.,英语专业四八级词汇表
harrow,ˈhærəʊ,,(使)极其痛苦,英语专业四八级词汇表
harrowing,ˈhærəʊɪŋ,adj.,使人痛苦的，折磨人的,英语专业四八级词汇表
harry,ˈhærɪ,,v.,英语专业四八级词汇表
harry,ˈhærɪ,,(不断)烦扰，使烦恼，折磨，,英语专业四八级词汇表
harsh,hɑːʃ,adj.,1. 刺耳的，刺鼻的，刺目的 2. 严厉的，苛刻的 3. 粗糙的,英语专业四八级词汇表
harvest,ˈhɑːvɪst,n.,1. 收获，收割，收获季节 2. 收成，产量 3. 结果，后果，成果 v. 收获，收割,英语专业四八级词汇表
hash,hæʃ,n.,1. 回锅肉丁 2. 混杂(物)，大杂烩，再次使用的材料 || make a hash of sth把…弄糟，把…搞乱,英语专业四八级词汇表
hassle,ˈhæsəl,n.,1. 麻烦，困难，斗争 2. 争吵，争辩 v. 1. 争辩 2. 不断打扰，烦扰，搅扰,英语专业四八级词汇表
haste,heɪst,n.,1. 急速，紧迫，仓促 2. 草率，急迫 || in haste急速地，匆忙，草率地 [make haste赶紧] Haste makes waste; more haste，less speed. 欲速则不达。hastily,英语专业四八级词汇表
hasten,ˈheɪsən,v.,1. 催促，(使)赶快 2. 加快,英语专业四八级词汇表
hasty,ˈheɪstɪ,adj.,1. 仓促的，匆忙的 2. 轻率的，鲁莽的，性急的,英语专业四八级词汇表
hat,hæt,,n.,英语专业四八级词汇表
hat,hæt,,(有边的)帽子,英语专业四八级词汇表
hatchback,ˈhætʃbæk,,n.,英语专业四八级词汇表
hatchback,ˈhætʃbæk,,(装有向上开的后车门的)小轿车,英语专业四八级词汇表
hatchery,ˈhætʃərɪ,n.,孵卵处，(鱼的)孵化场,英语专业四八级词汇表
hatchet,ˈhætʃɪt,n.,短柄小斧,英语专业四八级词汇表
hate,heɪt,v.,1. 恨，憎恨，仇恨 2. 不愿，不喜欢，遗憾 n. 憎恨，反感,英语专业四八级词汇表
hateful,ˈheɪtfʊl,adj.,可恨的，可恶的，讨厌的,英语专业四八级词汇表
hatred,ˈheɪtrɪd,n.,仇恨，憎恶，敌意,英语专业四八级词汇表
haughty,ˈhɔːtɪ,adj.,傲慢的，神气活现的，,英语专业四八级词汇表
haul,hɔːl,v.,用力拖(拉) n. 1. 一网渔获量，一次得到的数量 2. 拖运的距离(路程),英语专业四八级词汇表
haulage,ˈhɔːlɪdʒ,,n.,英语专业四八级词汇表
haulage,ˈhɔːlɪdʒ,,(公路)货运，运(输)费,英语专业四八级词汇表
haunch,hɔːntʃ,n.,臀部，胯部,英语专业四八级词汇表
haunt,hɔːnt,v.,出没，常去，萦绕 n.,英语专业四八级词汇表
haunt,hɔːnt,,(usu pl)常去之处,英语专业四八级词汇表
haunting,ˈhɔːntɪŋ,adj.,难于忘怀的,英语专业四八级词汇表
have,hæv,,aux.,英语专业四八级词汇表
have,hæv,v.,&v. 1.,英语专业四八级词汇表
have,hæv,,(构成完成式的助动词) 2. 有，拥有 3. 经历，享受，遭受 4. 得到，取得 5. 吃，喝，抽(烟) 6. 允许，容忍 7. 使，令，让 || have on穿着，戴着 [have one-self to thank只能怪自己，得由自己负责] have (got) to不得不，必须 /have done (with) 结束，中止,英语专业四八级词汇表
haven,ˈheɪvən,n.,安全之地，栖息处，避难所,英语专业四八级词汇表
havoc,ˈhævək,n.,大破坏，大毁坏||play havoc with; wreak havoc on造成洗劫(大破坏),英语专业四八级词汇表
hawker,ˈhɔːkə,n.,叫卖小贩,英语专业四八级词汇表
hay,heɪ,,n.,英语专业四八级词汇表
hay,heɪ,,(作饲料用的)干草,英语专业四八级词汇表
haystack,ˈheɪstæk,n.,干草堆,英语专业四八级词汇表
haywire,ˈheɪwaɪə,n.,捆干草用的铁丝 adj. 失去控制的，乱了套的 || go haywire计划等变得混乱不堪，发生故障,英语专业四八级词汇表
hazard,ˈhæzəd,n.,危险，冒险，危害物 v. 冒险提出，尝试，使担风险  hazardous,英语专业四八级词汇表
haze,heɪz,n.,薄雾，阴霾,英语专业四八级词汇表
hazel,ˈheɪzəl,n.,&adj. 淡褐色(的),英语专业四八级词汇表
he,hiː,prop.,他(主格),英语专业四八级词汇表
head,hed,n.,1. 头部，头  2. 头脑，才智，克制力 3. 首脑，首领，长 4. 上端，顶部，前端 5.,英语专业四八级词汇表
head,hed,,(sing pl)(牲口)头数 6.,英语专业四八级词汇表
head,hed,,(pl)(硬币的)正面 || above one’s head; over one’s head①在某人头顶②太深奥，难得不能理解 [make head or tail of 弄清楚，了解] off one’s head 发疯的 [keep one’s head保持  镇静] lose one’s head①丧命 ②慌乱，不知所措 [put heads together集思广益] use one’s head动脑筋 v. 1. 位于…的顶部，在…的前头，超越 2. 朝特定方向行进 3. 为…的首脑，率领，指挥,英语专业四八级词汇表
headache,ˈhedeɪk,n.,1. 头痛 2. 麻烦的事,英语专业四八级词汇表
headdress,ˈhed-dres,n.,头巾，头饰,英语专业四八级词汇表
headgear,ˈhedɡɪə,n.,帽，盔，头饰,英语专业四八级词汇表
headhunter,ˈhedˌhʌntə,n.,1. 收集敌人首级作为战利品者 2. 物色(招聘)高级人才的人(公司),英语专业四八级词汇表
heading,ˈhedɪŋ,n.,标题，题词，信头,英语专业四八级词汇表
headlamp,ˈhedlæmp,n.,车前灯,英语专业四八级词汇表
headland,ˈhedlənd,n.,海角，岬,英语专业四八级词汇表
headlight,ˈhedlaɪt,n.,车前灯,英语专业四八级词汇表
headlong,ˈhedlɒŋ,adj.,&adv. 1. 头朝前的(地) 2. 莽撞的(地)，仓促的(地),英语专业四八级词汇表
headman,ˈhedmæn,,n.,英语专业四八级词汇表
headman,ˈhedmæn,,(村子、部落等的)首领，酋长，头人,英语专业四八级词汇表
headmaster,ˌhedˈmɑːstə,,n.,英语专业四八级词汇表
headmaster,ˌhedˈmɑːstə,,(中小学的)校长,英语专业四八级词汇表
headmistress,ˌhedˈmɪstrɪs,,n.,英语专业四八级词汇表
headmistress,ˌhedˈmɪstrɪs,,(中小学的)女校长,英语专业四八级词汇表
head-on,ˌhedˈɒn,adj.,&adv. 正面相撞(的)，(汽车)正面撞及固定物体的,英语专业四八级词汇表
headphones,ˈhedfəʊnz,n.,耳机，头戴式受话器,英语专业四八级词汇表
headquarters,ˈhedˌkwɔːtəz,n.,1. 司令部，指挥部 2.,英语专业四八级词汇表
headquarters,ˈhedˌkwɔːtəz,,(企业、机构等)总部，总店,英语专业四八级词汇表
headrest,ˈhedrest,,n.,英语专业四八级词汇表
headrest,ˈhedrest,,(座位上的)头垫，头枕,英语专业四八级词汇表
headroom,ˈhedruːm,n.,头上空间，净空高度,英语专业四八级词汇表
headset,ˈhedset,n.,头戴式受话器，耳机,英语专业四八级词汇表
headship,ˈhedʃɪp,,n.,英语专业四八级词汇表
headship,ˈhedʃɪp,,(中小学)校长的职位,英语专业四八级词汇表
headstone,ˈhedstəʊn,n.,墓碑,英语专业四八级词汇表
headstrong,ˈhedstrɒŋ,adj.,自用的，固执任性的，难以驾驭的,英语专业四八级词汇表
headway,ˈhedweɪ,,n.,英语专业四八级词汇表
headway,ˈhedweɪ,,(在困难条件下取得)进步，进展,英语专业四八级词汇表
headwind,ˈhedˌwɪnd,n.,逆风，顶头风,英语专业四八级词汇表
heady,ˈhedɪ,adj.,1. 易使人醉的，烈性的 2. 使人兴奋的 3. 激动得忘乎所以的，一时冲 动的,英语专业四八级词汇表
heal,hiːl,v.,治愈(伤口等)，使恢复健康,英语专业四八级词汇表
health,helθ,n.,健康，健康状况 || drink someone’s health 为某人健康干杯,英语专业四八级词汇表
healthy,ˈhelθɪ,adj.,健康的，健壮的，有益于健康的,英语专业四八级词汇表
heap,hiːp,n.,1.,英语专业四八级词汇表
heap,hiːp,,(一)堆 2. 大量，许多 v. 堆积，堆起，积累,英语专业四八级词汇表
hear,hɪə,v.,1. 听见，听 2. 听到，听说，得知 3. 倾听，听取  || hear from接到…的信(电报等) /hear of听说，听到,英语专业四八级词汇表
hearing,ˈhɪərɪŋ,n.,听力，听觉，听(到)  || hearing aid助听器,英语专业四八级词汇表
hearsay,ˈhɪəseɪ,n.,传闻，道听途说,英语专业四八级词汇表
hearse,hɜːs,n.,灵车，柩车,英语专业四八级词汇表
heart,hɑːt,n.,1. 心脏 2. 内心，心情，心肠 3. 核心，关键  || break one’s heart使某人很伤心 [from the (bottom of one’s) heart; to the bottom of one's heart从心坎里，由衷地] have one’s heart in one’s mouth焦急万分，非常紧张 [heart and soul全心全意地，竭诚地] learn sth by heart记住，背下 [lose heart丧失信心] lose one's heart to倾心于，痴情于 [take heart鼓起勇气或信心] to one’s heart’s content 尽情地，尽量地,英语专业四八级词汇表
heartache,ˈhɑːteɪk,n.,伤心，悲痛，深忧,英语专业四八级词汇表
heartbeat,ˈhɑːtbiːt,n.,心搏，心跳,英语专业四八级词汇表
heartbreak,ˈhɑːtbreɪk,n.,心碎，伤心，悲痛,英语专业四八级词汇表
heartbreaking,ˈhɑːtˌbreɪkɪŋ,adj.,令人心碎的，令人伤心的,英语专业四八级词汇表
heartbroken,ˈhɑːtˌbrəʊkən,adj.,伤心的，悲痛的,英语专业四八级词汇表
hearten,ˈhɑːtən,v.,鼓励，使振作,英语专业四八级词汇表
heartfelt,ˈhɑːtfelt,adj.,衷心的，至诚的,英语专业四八级词汇表
hearth,hɑːθ,n.,炉边,英语专业四八级词汇表
heartily,ˈhɑːtɪlɪ,adv.,1. 尽情地，热心地，痛快地 2. 极其，确实,英语专业四八级词汇表
heartland,ˈhɑːtlænd,n.,心脏地带，中心区域,英语专业四八级词汇表
heartless,ˈhɑːtlɪs,adj.,残忍的，无情的,英语专业四八级词汇表
heartstring,ˈhɑːtstrɪŋ,,n.,英语专业四八级词汇表
heartstring,ˈhɑːtstrɪŋ,,(pl)心弦，内心最深处的感情,英语专业四八级词汇表
heartwarming,ˈhɑːtˌwɔːmɪŋ,adj.,暖人心房的，感人的,英语专业四八级词汇表
hearty,ˈhɑːtɪ,adj.,1. 热情友好的，衷心的 2. 健壮的，精力充沛的 3. 丰盛的 4. 兴高采烈的,英语专业四八级词汇表
heat,hiːt,n.,1. 热，暑热 2. 供热 3. 热度，温度 4. 热情，激动，激烈  v.,英语专业四八级词汇表
heat,hiːt,,(使)变热，加热，(使)激动,英语专业四八级词汇表
heater,ˈhiːtə,n.,暖气装置，发热器，加热器,英语专业四八级词汇表
heath,hiːθ,,n.,英语专业四八级词汇表
heath,hiːθ,,(灌木丛生处的)荒地，荒野,英语专业四八级词汇表
heathen,ˈhiːðən,n.,&adj. 异教徒(的),英语专业四八级词汇表
heating,ˈhiːtɪŋ,n.,暖气系统,英语专业四八级词汇表
heatstroke,ˈhiːtstrəʊk,n.,中暑,英语专业四八级词汇表
heave,hiːv,v.,1. 举起，拉，拖 2. 投掷 3.,英语专业四八级词汇表
heave,hiːv,,(有节奏地)起伏,英语专业四八级词汇表
heaven,ˈhevən,n.,1.,英语专业四八级词汇表
heaven,ˈhevən,,(pl)天，天空 2. 天堂，天国，上帝 3. 极乐，快乐之地 || move  heaven and earth竭尽全力，尽一切可能,英语专业四八级词汇表
heavy,ˈhevɪ,adj.,1. 重的，沉重的 2.,英语专业四八级词汇表
heavy,ˈhevɪ,,(雨等)大量的，强烈的 3. 繁重的，难以对付的 4. 忧愁的，阴郁的，严肃沉闷的,英语专业四八级词汇表
heavyweight,ˈheviweɪt,n.,1. 重量级拳击手 2. 超过平均体重的人 3. 有影响的人物，要人,英语专业四八级词汇表
Hebrew,ˈhiːbruː,n.,希伯来人，希伯来语,英语专业四八级词汇表
heck,hek,n.,& iht. 用以表示轻度的懊恼、惊讶(加强语气),英语专业四八级词汇表
heckle,ˈhekl,v.,诘问，诘难,英语专业四八级词汇表
hectare,ˈhekteə,n.,公顷,英语专业四八级词汇表
hectic,ˈhektɪk,adj.,兴奋的，繁忙的，忙乱的,英语专业四八级词汇表
hector,ˈhektə,v.,威吓，欺凌,英语专业四八级词汇表
hedge,hedʒ,n.,1. 篱笆，树篱 2. 防护(物)，预防措施，用树篱围住，回避,英语专业四八级词汇表
hedgehog,ˈhedʒhɒɡ,n.,刺猬,英语专业四八级词汇表
hedgerow,ˈhedʒrəʊ,n.,一排树篱,英语专业四八级词汇表
hedonism,ˈhɪːdənɪzəm,n.,享乐主义，唯乐论，享乐至上论,英语专业四八级词汇表
hedonist,ˈhiːdənɪst,n.,享乐主义者,英语专业四八级词汇表
heed,hiːd,v.,注意到，留意到 n. 注意，留心,英语专业四八级词汇表
heel,hiːl,n.,1.,英语专业四八级词汇表
heel,hiːl,,(足)跟，(鞋、袜等)后跟 2. 后部 || at sb’s heels; on sb’s heels紧跟在某人后面 v. 给(鞋)装跟，紧跟,英语专业四八级词汇表
hefty,ˈheftɪ,adj.,高大健壮的，有力的，相当大的,英语专业四八级词汇表
hegemony,hɪˈɡemənɪ,n.,霸权,英语专业四八级词汇表
heifer,ˈhefə,n.,小母牛,英语专业四八级词汇表
height,haɪt,n.,1. 高，高度，海拔 2. 高处，高地 3. 顶点，绝顶,英语专业四八级词汇表
heighten,ˈhaɪtən,v.,1. 加高，提高 2. 增加，增大,英语专业四八级词汇表
heinous,ˈheɪnəs,adj.,极其可恶的，邪恶的，十恶不赦的,英语专业四八级词汇表
heir,eə,n.,后嗣，继承人,英语专业四八级词汇表
heiress,ˈeərɪs,n.,女继承人,英语专业四八级词汇表
heirloom,ˈeəluːm,n.,传家宝,英语专业四八级词汇表
helicopter,ˈhelɪkɒptə,n.,直升飞机,英语专业四八级词汇表
helium,ˈhiːlɪəm,n.,氦,英语专业四八级词汇表
hell,hel,n.,1. 地狱，间，苦境 2.,英语专业四八级词汇表
hell,hel,,(加强语气)究竟 int.,英语专业四八级词汇表
hell,hel,,(表示愤怒、失望等)见鬼，该死,英语专业四八级词汇表
hello,həˈləʊ,,int.,英语专业四八级词汇表
hello,həˈləʊ,,(唤起注意、表示问候)喂,英语专业四八级词汇表
helm,helm,n.,舵柄，舵轮,英语专业四八级词汇表
helmet,ˈhelmɪt,n.,头盔,英语专业四八级词汇表
help,help,v.,1. 帮助，救助，促进 2. 治疗，缓解 3. 避免，抑制 4. 使进食，款待 || cannot  help doing sth不禁… /help oneself (to)自用(食物等)，随便吃 n. 1. 帮助，援助 2. 佣人 3. 助手，帮手 4. 补救办法,英语专业四八级词汇表
helper,ˈhelpə,n.,助手，帮手，佣工,英语专业四八级词汇表
helpful,ˈhelpfʊl,adj.,有帮助的，有用的，有益的,英语专业四八级词汇表
helping,ˈhelpɪŋ,,n.,英语专业四八级词汇表
helping,ˈhelpɪŋ,,(饭菜的)一份，一客,英语专业四八级词汇表
helpless,ˈhelplɪs,adj.,1. 无助的，未受到帮助的 2. 不能自助的，无力的 3. 无能的，无效的，没有用的,英语专业四八级词汇表
hem,hem,,n.,英语专业四八级词汇表
hem,hem,,(布的)折边，卷边，滚边  v. 给…镶边，缝边,英语专业四八级词汇表
hemisphere,ˈhemɪˌsfɪə,n.,1.,英语专业四八级词汇表
hemisphere,ˈhemɪˌsfɪə,,(地球、天体的)半球，半球上所有的国家(居民) 2.,英语专业四八级词汇表
hemisphere,ˈhemɪˌsfɪə,,(活动、知识等的)范围(领域),英语专业四八级词汇表
hemline,ˈhemlaɪn,,n.,英语专业四八级词汇表
hemline,ˈhemlaɪn,,(衣裙的)下摆，底边,英语专业四八级词汇表
hemlock,ˈhemlɒk,n.,毒芹,英语专业四八级词汇表
hemophilia,ˌhiːməˈfɪliə,n.,血友症,英语专业四八级词汇表
hemorrhage,ˈhemərɪdʒ,n.,出血，溢血,英语专业四八级词汇表
hemorrhoid,ˈhemərɒd,,n.,英语专业四八级词汇表
hemorrhoid,ˈhemərɒd,,(pl)痔，痔疮,英语专业四八级词汇表
hemp,hemp,n.,大麻,英语专业四八级词汇表
hen,hen,n.,母鸡,英语专业四八级词汇表
hence,hens,adv.,1. 今后，从此 2. 所以，因此,英语专业四八级词汇表
henceforth,ˌhensˈfɔːθ,adv.,从今以后，今后,英语专业四八级词汇表
henchman,ˈhentʃmən,n.,亲信，心腹，帮凶,英语专业四八级词汇表
henpecked,ˈhenpekt,adj.,惧内的，畏妻的，怕老婆的,英语专业四八级词汇表
hepatitis,ˌhepəˈtaɪtɪs,n.,肝炎,英语专业四八级词汇表
her,hɜː,prop.,她(宾格)，她的,英语专业四八级词汇表
herald,ˈherəld,n.,先驱，通报者 v. 宣布，预示…的来临,英语专业四八级词汇表
herb,hɜːb,n.,草本植物，药草，香草,英语专业四八级词汇表
herbivore,ˈhɜːbɪvɔː,n.,食草动物,英语专业四八级词汇表
herbivorous,hɜːˈbɪvərəs,adj.,食草的,英语专业四八级词汇表
herd,hɜːd,n.,1. 兽群，牧群(尤指牛群) 2. 芸芸众生 3. 大批，大量  v. 使集中，使成群，成群驱赶,英语专业四八级词汇表
herdsman,ˈhəːdzmən,n.,牧民，牧主,英语专业四八级词汇表
here,hɪə,adv.,1. 这里，在这里，到这里 2. 这时，现在 3. 在这点上 || here and there各处,英语专业四八级词汇表
hereabouts,ˌhɪərəˈbaʊts,,，hereabout adv. 在附近，在这一带,英语专业四八级词汇表
hereafter,ˌhɪərˈɑːftə,adv.,此后 n. || the hereafter将来，死后的生命,英语专业四八级词汇表
hereby,ˌhɪəˈbaɪ,adv.,以此方式，由此,英语专业四八级词汇表
hereditary,hɪˈredɪtərɪ,adj.,1. 遗传的，世代相传的 2. 继承的，世袭的,英语专业四八级词汇表
heredity,hɪˈredətɪ,n.,遗传，遗传的特征,英语专业四八级词汇表
herein,ˌhɪərˈɪn,adv.,于此处,英语专业四八级词汇表
hereof,ˌhɪərˈɒv,adv.,关于此点,英语专业四八级词汇表
hereto,ˌhɪəˈtuː,adv.,至此,英语专业四八级词汇表
heretofore,ˌhɪətʊˈfɔː,adv.,直到此时，在此之前,英语专业四八级词汇表
heresy,ˈherəsɪ,,n.,英语专业四八级词汇表
heresy,ˈherəsɪ,,(宗教方面)异端，持异端邪说,英语专业四八级词汇表
heretic,ˈherɪtɪk,n.,犯异端罪者，持异端邪说者,英语专业四八级词汇表
heretical,hɪˈretɪkəl,adj.,异端的，持异端观点的,英语专业四八级词汇表
herewith,ˌhɪəˈwɪð,,adv.,英语专业四八级词汇表
herewith,ˌhɪəˈwɪð,,(用于商业函件)同此(函),英语专业四八级词汇表
heritage,ˈherɪtɪdʒ,n.,文化遗产，继承物,英语专业四八级词汇表
hermetic,hɜːˈmetɪk,adj.,不透气的，密封的,英语专业四八级词汇表
hermit,ˈhɜːmɪt,n.,隐居修道士，隐士,英语专业四八级词汇表
hermitage,ˈhɜːmɪtɪdʒ,n.,隐居处，修道院,英语专业四八级词汇表
hero,ˈhɪərəʊ,n.,1. 英雄，勇士，英勇人物 2. 男主角，男主人公,英语专业四八级词汇表
heroic,hɪˈrəʊɪk,adj.,英雄的，英勇的，崇高的,英语专业四八级词汇表
heroin,ˈherəʊɪn,n.,海洛因,英语专业四八级词汇表
heroine,ˈherəʊɪn,n.,1. 女英雄，女勇士 2. 女主角，女主人公,英语专业四八级词汇表
herring,ˈherɪŋ,n.,鲜鱼,英语专业四八级词汇表
hers,hɜːz,prop.,她的(东西),英语专业四八级词汇表
herself,hɜːˈself,,prop.,英语专业四八级词汇表
herself,hɜːˈself,,(反身代词)她自己，(表示强调)她亲自,英语专业四八级词汇表
hesitate,ˈhezɪteɪt,v.,1. 踌躇，犹豫，不愿意 2. 稍停，言语支吾,英语专业四八级词汇表
hesitation,ˌhezɪˈteɪʃən,n.,1. 犹豫，踌躇，疑虑 2. 支吾，结巴,英语专业四八级词汇表
heterodox,ˈhetərədɒks,adj.,异端的,英语专业四八级词汇表
heterogeneous,ˌhetərəˈdʒiːnɪəs,adj.,由不同种类组成的，成分混杂的,英语专业四八级词汇表
hew,hjuː,v.,砍，劈,英语专业四八级词汇表
hexagon,ˈheksəɡən,n.,六边形的，六角形的,英语专业四八级词汇表
heyday,ˈheɪdeɪ,n.,鼎盛时期,英语专业四八级词汇表
hi,haɪ,int.,喂(表示问候、招呼),英语专业四八级词汇表
hiatus,haɪˈeɪtəs,n.,裂口，空隙，脱漏处,英语专业四八级词汇表
hibernate,ˈhaɪbəneɪt,v.,冬眠，蛰伏,英语专业四八级词汇表
"hiccup, hiccough",ˈhɪkʌp,n.,打嗝，打呃,英语专业四八级词汇表
hidden,ˈhɪdən,adj.,隐藏的，隐秘的，神秘的,英语专业四八级词汇表
hide-and-seek,haɪd ænd siːk,n.,& v. 捉迷藏(游戏),英语专业四八级词汇表
hideaway,ˈhaɪdəweɪ,n.,藏身处(=hideout),英语专业四八级词汇表
hidebound,ˈhaɪdbaʊnd,adj.,守旧的，思想偏狭的,英语专业四八级词汇表
hideous,ˈhɪdɪəs,adj.,丑陋的，骇人听闻的，可怕的,英语专业四八级词汇表
hiding,ˈhaɪdɪŋ,n.,|| go into [come out of hiding躲藏起来] 从躲藏处出来 /in hiding  隐藏的,英语专业四八级词汇表
hierarchical,haɪˈrɑːkɪkəl,adj.,等级制的，按等级划分的,英语专业四八级词汇表
hierarchy,ˈhaɪərɑːkɪ,n.,等级制度,英语专业四八级词汇表
hieroglyphics,ˌhaɪrəˈɡlɪfɪks,n.,象形字,英语专业四八级词汇表
hi-fi,ˈhaɪfaɪ,adj.,&n. 高保真度的(音响设备),英语专业四八级词汇表
high,haɪ,adj.,1. 高的，高度的，从高处的 2. 高级的，高等的，上等的 3. 重要的，正中的，全盛的 adv. 高，高价地，高度地 n. 高(峰)，高潮，最高水平 || high and low到处，上上下下 /the high seas公海,英语专业四八级词汇表
highbrow,ˈhaɪbraʊ,n.,& adj. 风雅之士，博学多才(的),英语专业四八级词汇表
highchair,ˌhaɪˈtʃeə,,n.,英语专业四八级词汇表
highchair,ˌhaɪˈtʃeə,,(带托盘的为幼童吃饭用的)高脚椅,英语专业四八级词汇表
high-energy,ˈhaɪˈenədʒɪ,adj.,高能的，高能粒子的，高能物理学的,英语专业四八级词汇表
highhanded,ˈhaɪˈhændɪd,adj.,专横的，高压的,英语专业四八级词汇表
highland,ˈhaɪlənd,n.,&adj. 高地(的)，高原(的)，(pl)山岳地带(的) || the Highlands(苏格兰北部的)高地,英语专业四八级词汇表
highlight,ˈhaɪlaɪt,n.,1. 最有意思(最精彩)的部分 2.,英语专业四八级词汇表
highlight,ˈhaɪlaɪt,,(绘画、摄影等上的)亮部 v. 对…以特别的注意，强调,英语专业四八级词汇表
highly,ˈhaɪlɪ,adv.,1. 高度，非常 2. 赞许地，高价地,英语专业四八级词汇表
Highness,ˈhaɪnɪs,,n.,英语专业四八级词汇表
Highness,ˈhaɪnɪs,,(用于对皇室成员的尊称)殿下，阁下,英语专业四八级词汇表
high-pitched,ˌhaɪˈpɪtʃt,adj.,1. 声调高的，尖声的 2. 格调高的，(人格等)崇高的,英语专业四八级词汇表
high-ranking,ˌhaɪˈræŋkɪŋ,adj.,级别(地位)高的，高级的，显要的,英语专业四八级词汇表
high-rise,ˈhaɪraɪz,adj.,多层的，高层的，高耸的 n. 高层建筑,英语专业四八级词汇表
high-riser,ˈhaɪraɪzə,,n.,英语专业四八级词汇表
high-riser,ˈhaɪraɪzə,,(AmE) 1. 高把手自行车 2. 单人(双人)两用床 3. 高层建筑,英语专业四八级词汇表
high-sounding,ˌhaɪ ˈsaʊndɪŋ,adj.,1. 听起来了不起的，虚夸的 2. 声音响的,英语专业四八级词汇表
high-spirited,ˌhaɪ ˈspɪrɪtɪd,adj.,1. 骄傲的，自豪的 2. 勇敢的，具高尚精神的 3. 烈性的,英语专业四八级词汇表
high-tech,ˌhaɪ ˈtek,adj.,高技术,英语专业四八级词汇表
highway,ˈhaɪweɪ,n.,1. 公路，大路 2.,英语专业四八级词汇表
highway,ˈhaɪweɪ,,(水陆空等的)交通干线,英语专业四八级词汇表
hijack,ˈhaɪdʒæk,v.,拦路抢劫(车、人等)，劫持(飞机等)，向…敲诈勒索,英语专业四八级词汇表
hike,haɪk,n.,& v. 1. 远足，(作)徒步旅行 2. 提高，增加,英语专业四八级词汇表
hiker,ˈhaɪkə,n.,远足者，徒步旅行者,英语专业四八级词汇表
hilarious,hɪˈleərɪəs,adj.,十分有趣的，非常滑稽的，欢闹的,英语专业四八级词汇表
hill,hɪl,n.,1. 小山，山冈，丘陵 2. 斜坡 hilly,英语专业四八级词汇表
hillock,ˈhɪlək,n.,小丘，土墩,英语专业四八级词汇表
hillside,ˈhɪlsaɪd,n.,小山腰，山坡,英语专业四八级词汇表
hilt,hɪlt,,n.,英语专业四八级词汇表
hilt,hɪlt,,(刀剑等的)柄,英语专业四八级词汇表
him,hɪm,prop.,他(宾格),英语专业四八级词汇表
himself,hɪmˈself,,prop.,英语专业四八级词汇表
himself,hɪmˈself,,(反身代词)他自己，(表示强调)他亲自,英语专业四八级词汇表
hind,haɪnd,n.,后面的，在后的 || on one’s hind legs站着，站立,英语专业四八级词汇表
hinder,ˈhɪndə,v.,阻止，阻碍,英语专业四八级词汇表
Hindi,ˈhɪndiː,n.,&adj. 印地语(的),英语专业四八级词汇表
hindmost,ˈhaɪndməʊst,adj.,最后面的,英语专业四八级词汇表
hindquarters,ˈhaɪndˌkwɔːtəz,,n.,英语专业四八级词汇表
hindquarters,ˈhaɪndˌkwɔːtəz,,(动物的)臀及后腿,英语专业四八级词汇表
hindrance,ˈhɪndrəns,n.,1. 障碍，妨碍 2. 妨碍的人(物),英语专业四八级词汇表
hindsight,ˈhaɪndsaɪt,,n.,英语专业四八级词汇表
hindsight,ˈhaɪndsaɪt,,(尤指对失败原因的)事后认识，事后的觉悟,英语专业四八级词汇表
Hindu,ˌhɪnˈduː,n.,&adj. 印度人(的)，印度斯坦人(的),英语专业四八级词汇表
Hinduism,ˈhɪndʊ-ɪzəm,n.,印度教,英语专业四八级词汇表
hinge,hɪndʒ,n.,1. 铰链，枢纽 2. 关键，转折点 v. 装上铰链，用铰链接合 || hinge on; hinge upon①靠铰链转动，附于②随…而定，取决于,英语专业四八级词汇表
hint,hɪnt,n.,& v. 暗示，示意，提示,英语专业四八级词汇表
hinterland,ˈhɪntəlænd,n.,内地，腹地,英语专业四八级词汇表
hip,hɪp,n.,臀部，股,英语专业四八级词汇表
"hippie, hippy",ˈhɪpɪ,n.,嬉皮士,英语专业四八级词汇表
hippopotamus,ˌhɪpəˈpɒtəməs,n.,河马,英语专业四八级词汇表
hire,ˈhaɪə,v.,租，雇 n. 1. 租用，雇用 2. 租金，工钱,英语专业四八级词汇表
his,hɪz,prop.,他的(东西),英语专业四八级词汇表
Hispanic,hɪˈspænɪk,adj.,西班牙和葡萄牙的，西班牙及其他说西班牙语国家的,英语专业四八级词汇表
hiss,hɪs,v.,发出“嘶”声  n. “嘶”声，嘘声,英语专业四八级词汇表
histogram,ˈhɪstəɡræm,n.,统计学上的直方圆，矩形圆,英语专业四八级词汇表
historic,hɪˈstɒrɪk,adj.,历史上有名的，有历史意义的，历史性的,英语专业四八级词汇表
historical,hɪˈstɒrɪkəl,,adj.,英语专业四八级词汇表
historical,hɪˈstɒrɪkəl,,(关于)历史的，历史上的,英语专业四八级词汇表
history,ˈhɪstərɪ,n.,1. 历史，史学 2. 来历，过去事情的记载或叙述，历史记载 3. 个人经历，履历,英语专业四八级词汇表
histrionic,ˌhɪstrɪˈɒnɪk,adj.,1. 做作的，不自然的 2. 表演的，戏剧的,英语专业四八级词汇表
hit,hɪt,v.,1. 打(击)，碰撞，命中 2. 到达，达到 3. 偶然碰上，找到 || hit upon an idea; hit on an idea想出一个主意 n. 1. 击中，一击，抨击 2. 成功的尝试(作品等),英语专业四八级词汇表
hitch,hɪtʃ,v.,1. 钩住，系住 2. 搭便车 n. 1. 意外障碍，暂时的困难 2. 结，绳套 3. 急拉(推),英语专业四八级词汇表
hitchhike,ˈhɪtʃhaɪk,v.,沿途免费搭乘便车旅行,英语专业四八级词汇表
hither,ˈhɪðə,adv.,到此处，向此处 || hither and thither到处，四面八方,英语专业四八级词汇表
hitherto,hɪðəˈtuː,adv.,迄今，至此时,英语专业四八级词汇表
hive,haɪv,n.,1. 蜂箱，蜂房 2. 繁忙的场所,英语专业四八级词汇表
hoard,hɔːd,n.,贮藏物，密封(物)，存积 v. 囤积，贮藏,英语专业四八级词汇表
hoarding,ˈhɔːdɪŋ,n.,大广告牌，围栏(=billboard),英语专业四八级词汇表
hoarse,hɔːs,,adj.,英语专业四八级词汇表
hoarse,hɔːs,,(声音)沙哑的,英语专业四八级词汇表
hoary,ˈhɔːrɪ,,adj.,英语专业四八级词汇表
hoary,ˈhɔːrɪ,,(毛发)年老变灰(白)的，古老的，陈旧的,英语专业四八级词汇表
hoax,həʊks,n.,& v. 恶作剧，戏弄,英语专业四八级词汇表
hobble,ˈhɒbl,v.,&n. 跛行，蹒跚,英语专业四八级词汇表
hobby,ˈhɒbɪ,n.,兴趣，爱好，业余消遣,英语专业四八级词汇表
hobbyhorse,ˈhɒbihɔːs,n.,1. 木马 2. 反复唠叨的话题,英语专业四八级词汇表
hobbyist,ˈhɒbɪɪst,n.,沉溺于某种癖好者,英语专业四八级词汇表
hobgoblin,hɒbˈɡɒblɪn,n.,小精灵，鬼怪,英语专业四八级词汇表
hobnail,ˈhɒɒbneɪl,n.,平头钉,英语专业四八级词汇表
hobnob,ˈhɒbnɒb,v.,交往密切,英语专业四八级词汇表
hockey,ˈhɒkɪ,n.,冰球，曲棍球,英语专业四八级词汇表
hod,hɒd,n.,砖斗，煤斗,英语专业四八级词汇表
hoe,həʊ,n.,锄头 v. 锄,英语专业四八级词汇表
hog,hɒɡ,n.,1. 猪 2. 自私贪婪的人,英语专业四八级词汇表
hoggish,ˈhɒɡɪʃ,,adj·自私而贪婪的,英语专业四八级词汇表
hogshead,ˈhɒɡzhed,n.,大啤酒桶,英语专业四八级词汇表
hoist,hɔɪst,v.,&n. 提升，举起,英语专业四八级词汇表
hold,həʊld,v.,1. 拿着 2. 保持某种位置或状态 3. 容纳，持有，举行 4. 抑制，制止 5. 支撑，支持住 6. 拘留，守住 || hold back①阻止，控制②犹豫，退缩③隐瞒 [hold in约束，抑制] hold on ①(打电话时)别挂断，等一等②坚持下去，继续 [hold to坚持，(使)遵守] hold out坚持，维持，提供 [hold up①阻挡，使停顿  ②拦劫，抢劫] hold water说得通，站得住脚 n. 1. 抓，握，支持物 2. 支配力，控制力，影响 || get hold of; take hold of抓住，得到 /lose hold of没抓住,英语专业四八级词汇表
holdall,ˈhəʊldɔːl,n.,大旅行袋(=carry-all),英语专业四八级词汇表
holder,ˈhəʊldə,n.,1. 持有人，所有人，占有人 2. 容器，支托物,英语专业四八级词汇表
holding,ˈhəʊldɪŋ,n.,1. 佃户租种的土地 2.,英语专业四八级词汇表
holding,ˈhəʊldɪŋ,,(pl)所有物，私有财产,英语专业四八级词汇表
holdup,ˈhəʊldʌp,n.,1. 停顿，延搁 2. 持械抢劫,英语专业四八级词汇表
hole,həʊl,n.,1. 孔，坑，洞(穴) 2. 困境 || pick holes in; pick a hole in找…的岔子，对…吹毛求疵,英语专业四八级词汇表
holiday,ˈhɒlədeɪ,n.,假日，假期 || on holiday在休假中，在度假,英语专业四八级词汇表
holiness,ˈhəʊlɪnɪs,n.,1. 神陛下，(对教皇的尊称)圣,英语专业四八级词汇表
hollow,ˈhɒləʊ,adj.,1. 空(心)的，中空的 2. 凹的，凹陷的 3.,英语专业四八级词汇表
hollow,ˈhɒləʊ,,(声音)空洞的 4. 虚伪的,英语专业四八级词汇表
holly,ˈhɒlɪ,n.,冬青(树枝),英语专业四八级词汇表
holocaust,ˈhɒləkɔːst,n.,大规模的毁坏，大批的人死亡,英语专业四八级词汇表
hologram,ˈhɒləɡræm,n.,全息图，全息照相,英语专业四八级词汇表
holster,ˈhəʊlstə,,n.,英语专业四八级词汇表
holster,ˈhəʊlstə,,(手枪的)皮套,英语专业四八级词汇表
holy,ˈhəʊlɪ,adj.,1. 神圣的，神的 2. 献身于宗教的 3. 圣洁的，至善的 n. 神圣的东西，圣地,英语专业四八级词汇表
homage,ˈhɒmɪdʒ,n.,尊敬，崇敬，敬意,英语专业四八级词汇表
home,həʊm,n.,1. 家，住宅 2. 家乡，故乡，发源地 3. 疗养院，养育院 4.,英语专业四八级词汇表
home,həʊm,,(动、植物的)生息地，产地 || at home在家 [feel at home; be at home感到像在家一样舒适自在] make oneself at home感觉安适，无拘束 adv. 1. 在家，回家 2. 恰到好处地，深深地 || home and dry达到目的，大功告成 adj. 1. 家庭的，家乡的，自制的 2. 国内的，本国的，本地的,英语专业四八级词汇表
homebound,ˈhəʊmbaʊnd,adj.,1. 回家(乡)的，回国的  2. 困居家中的,英语专业四八级词汇表
homecoming,ˈhəʊmˌkʌmɪŋ,n.,返回家中，还乡，归国,英语专业四八级词汇表
homeland,ˈhəʊmlænd,n.,家乡，祖国,英语专业四八级词汇表
homeless,ˈhəʊmləs,adj.,无家可归的,英语专业四八级词汇表
homely,ˈhəʊmlɪ,adj.,1. 简单的，平常的 2. 使人感到舒适的 3. 相貌平平的,英语专业四八级词汇表
homeopath(y)，homoeopath(y),ˌhəʊmɪˈɒpəθɪ,n.,顺势疗法,英语专业四八级词汇表
homestead,ˈhəʊmsted,n.,带农场的家宅,英语专业四八级词汇表
homeward,ˈhəʊmwəd,adj.,&adv. 回家乡去(的)，回国去(的),英语专业四八级词汇表
homework,ˈhəʊmwəːk,n.,家庭作业，功课，(参加会议、讨论前)必要的准备工作,英语专业四八级词汇表
"homey, homy",ˈhəʊmɪ,adj.,像家一样的，舒适惬意的,英语专业四八级词汇表
homicide,ˈhɒmɪsaɪd,n.,杀人,英语专业四八级词汇表
homily,ˈhɒmɪlɪ,n.,长篇说教,英语专业四八级词汇表
homing,ˈhəʊmɪŋ,adj.,1. 有归家本领的，有返回性的 2.,英语专业四八级词汇表
homing,ˈhəʊmɪŋ,,(器械)自动导向的，归航的，导航的,英语专业四八级词汇表
homogeneity,ˌhɒmədʒɪˈnɪːətɪ,n.,同种，同质,英语专业四八级词汇表
homogeneous,ˌhɒməˈdʒiːnɪəs,adj.,同种类的，同性质的，相似的,英语专业四八级词汇表
homosexual,ˌhɒməˈsekʃʊəl,adj.,同性恋的,英语专业四八级词汇表
honest,ˈɒnɪst,adj.,1. 诚实的，正直的，忠实的 2. 老实的，可靠的,英语专业四八级词汇表
honestly,ˈɒnɪstlɪ,adv.,1. 诚实地，正直地  2. 真的，(说)实在的，的确,英语专业四八级词汇表
honesty,ˈɒnɪstɪ,n.,1. 诚实，忠实，正直 2. 坦率，真诚,英语专业四八级词汇表
honey,ˈhʌnɪ,n.,1. 蜂蜜，甜蜜 2.,英语专业四八级词汇表
honey,ˈhʌnɪ,,(称呼)宝贝儿,英语专业四八级词汇表
honeycomb,ˈhʌnikəʊm,n.,蜂巢,英语专业四八级词汇表
honeymoon,ˈhʌnɪmuːn,n.,蜜月,英语专业四八级词汇表
honk,hɒŋk,n.,&v. 1.,英语专业四八级词汇表
honk,hɒŋk,,(发)雁叫声 2.,英语专业四八级词汇表
honk,hɒŋk,,(发)汽车喇叭声,英语专业四八级词汇表
honorary,ˈɒnərərɪ,adj.,名誉的，义务的,英语专业四八级词汇表
"honour, honor",ˈɒnə,n.,1. 荣誉，信誉，正义感 2. 崇敬，敬意 || do honour to①表示敬意②给…带来荣誉，增光 [in honour of表示对…的敬意，为庆祝，为纪念] on one’s word of honour; on one’s honour以名誉担保 /with honours以优异的成绩 v. 1. 使感到荣誉，尊敬，对…表示敬意 2. 信守，兑现,英语专业四八级词汇表
"honourable, honorable",ˈɒnərəbl,adj.,1. 荣誉的，光荣的，增光的 2.,英语专业四八级词汇表
"honourable, honorable",ˈɒnərəbl,,(表示)尊敬的,英语专业四八级词汇表
hood,hʊd,n.,1. 头巾，兜帽，蒙面头套 2.,英语专业四八级词汇表
hood,hʊd,,(汽车等的)篷盖,英语专业四八级词汇表
hoodwink,ˈhʊdwɪŋk,v.,欺骗，蒙混，哄某人上当,英语专业四八级词汇表
hoof,huːf,n.,蹄,英语专业四八级词汇表
hook,hʊk,n.,钩，挂钩 ||  by hook or crook不择手段地，千方百计地 /off the hook脱离险境或困境，脱身   v. 钩住，(用钩)吊挂,英语专业四八级词汇表
hooligan,ˈhuːlɪɡən,n.,流氓，阿飞,英语专业四八级词汇表
hoop,huːp,n.,木环，铁环，圈,英语专业四八级词汇表
hooray,hʊˈreɪ,int.,&n.,英语专业四八级词汇表
hooray,hʊˈreɪ,,(表示高兴鼓励等的叫喊声)好哇!加油，欢呼声,英语专业四八级词汇表
hoot,huːt,n.,1. 鹰叫声 2.,英语专业四八级词汇表
hoot,huːt,,(汽车、汽笛等的)喇叭鸣响声  3.,英语专业四八级词汇表
hoot,huːt,,(反对、轻蔑地)喊叫,英语专业四八级词汇表
hoover,ˈhuːvə,v.,用真空吸尘器吸尘,英语专业四八级词汇表
Hoover,ˈhuːvə,n.,真空吸尘器,英语专业四八级词汇表
hop,hɒp,,v.,英语专业四八级词汇表
hop,hɒp,,(人)单脚跳，(鸟、蛙等)跳跃，跳上 n. 1. 跳(跃) 2.,英语专业四八级词汇表
hop,hɒp,,(飞机)一次的航程,英语专业四八级词汇表
hope,həʊp,v.,希望，期待 n. 1. 希望，期望 2. 被寄以希望的人(东西) || in hopes of; in the hope of怀着…的希望 /,英语专业四八级词汇表
hope,həʊp,lose,hope; give up hope失去希望,英语专业四八级词汇表
hopeful,ˈhəʊpfʊl,,adj.,英语专业四八级词汇表
hopeful,ˈhəʊpfʊl,,(怀着)希望的，有希望的,英语专业四八级词汇表
hopeless,ˈhəʊplɪs,adj.,没有希望的，绝望的，医治不好的,英语专业四八级词汇表
hopper,ˈhɒpə,n.,漏斗，送料斗,英语专业四八级词汇表
horde,hɔːd,,n.,英语专业四八级词汇表
horde,hɔːd,,(移动中的)人群，一大群,英语专业四八级词汇表
horizon,həˈraɪzən,n.,1. 地平(线)，水平线 2.,英语专业四八级词汇表
horizon,həˈraɪzən,,(知识、思想、经验等)范围，眼界，见识  || on the horizon即将来临的，已露端倪的,英语专业四八级词汇表
horizontal,ˌhɒrɪˈzɒntl,adj.,水平的，横的，平坦的 || horizontal bar单杠,英语专业四八级词汇表
hormone,ˈhɔːməʊn,n.,荷尔蒙，激素,英语专业四八级词汇表
horn,hɔːn,n.,1.,英语专业四八级词汇表
horn,hɔːn,,(动物的) 角，触角，角质 2.,英语专业四八级词汇表
horn,hɔːn,,(角制的)号角，(管乐器、汽车等)喇叭，警报器 || blow one’s own horn 自吹自擂,英语专业四八级词汇表
horned,hɔːnd,adj.,有角的,英语专业四八级词汇表
hornet,ˈhɔːnɪt,n.,大黄蜂，马蜂,英语专业四八级词汇表
horoscope,ˈhɒrəskəʊp,n.,星相，占星术,英语专业四八级词汇表
horrendous,hɒˈrendəs,adj.,可怕的，令人惊惧的,英语专业四八级词汇表
horrible,ˈhɒrəbl,adj.,1. 令人毛骨悚然的，可怕的，恐怖的 2. 糟透的，极讨厌的,英语专业四八级词汇表
horrid,ˈhɒrɪd,n.,恐怖的，可怕的,英语专业四八级词汇表
horrific,hɒˈrɪfɪk,adj.,令人恐惧的，可怕的，过分的,英语专业四八级词汇表
horrify,ˈhɒrɪfaɪ,v.,1. 使恐怖，使毛骨悚然 2. 使震惊，使极度厌恶,英语专业四八级词汇表
horror,ˈhɒrə,n.,1. 恐怖，震惊 2. 憎恶,英语专业四八级词汇表
horse,hɔːs,n.,1. 马 2. 跳马，鞍马,英语专业四八级词汇表
horseback,ˈhɔːsbæk,n.,马背  adv. 在马背上 adj. 在马背上的,英语专业四八级词汇表
horsehair,ˈhɔːsheə,n.,马鬃，马尾毛,英语专业四八级词汇表
horseman,ˈhɔːsmən,n.,骑马者，骑手,英语专业四八级词汇表
horseplay,ˈhɔːspleɪ,n.,喧闹的娱乐，胡闹,英语专业四八级词汇表
horsepower,ˈhɔːspaʊə,n.,马力,英语专业四八级词汇表
horseracing,ˈhɔːsˈreɪsɪŋ,n.,赛马运动,英语专业四八级词汇表
horseshoe,ˈhɔːsʃuː,n.,马蹄铁，马掌,英语专业四八级词汇表
horsewhip,ˈhɔːswɪp,n.,马鞭,英语专业四八级词汇表
"horsey, horsy",ˈhɔːsɪ,adj.,1. 马的，似马的 2. 喜爱马和赛马的,英语专业四八级词汇表
horticulture,ˈhɔːtɪkʌltʃə,n.,园艺，园艺学 horticultural,英语专业四八级词汇表
hose,həʊz,n.,1. 软管，水龙带 2. 长筒袜，短筒袜，绑腿,英语专业四八级词汇表
hosiery,ˈhəʊzɪərɪ,,n.,英语专业四八级词汇表
hosiery,ˈhəʊzɪərɪ,,(袜子、内衣等)针织品,英语专业四八级词汇表
hospice,ˈhɒspɪs,n.,1.,英语专业四八级词汇表
hospice,ˈhɒspɪs,,(晚期病人的)安养院 2.,英语专业四八级词汇表
hospice,ˈhɒspɪs,,(救济) 招待所,英语专业四八级词汇表
hospitable,hɒˈspɪtəbl,adj.,1. 好客的，殷勤的，招待周到的 2. 适宜的,英语专业四八级词汇表
hospital,ˈhɒspɪtəl,n.,医院,英语专业四八级词汇表
hospitality,ˌhɒspɪˈtælətɪ,n.,好客，殷勤的款待,英语专业四八级词汇表
hostage,ˈhɒstɪdʒ,n.,人质，抵押品,英语专业四八级词汇表
hostel,ˈhɒstəl,,n.,英语专业四八级词汇表
hostel,ˈhɒstəl,,(专为徒步、骑车旅行的青年设立的)青年招待所，(学生)宿舍,英语专业四八级词汇表
hostess,ˈhəʊstɪs,n.,1. 女主人，女东道主，旅馆的女老板 2.,英语专业四八级词汇表
hostess,ˈhəʊstɪs,,(飞机、列车、公共汽车等上的)女服务员，(餐馆等的)女招待,英语专业四八级词汇表
hostile,ˈhɒstaɪl,adj.,敌方的，敌意的，不友善的,英语专业四八级词汇表
hostility,hɒˈstɪlətɪ,n.,1. 敌意，敌对，对抗 2.,英语专业四八级词汇表
hostility,hɒˈstɪlətɪ,,(pl)战争,英语专业四八级词汇表
hot,hɒt,adj.,1.,英语专业四八级词汇表
hot,hɒt,,(炎)热的，(辛)辣的 2. 热情的，热切的，热中的 3.,英语专业四八级词汇表
hot,hɒt,,(新闻报道)最新的，新发布的 4. 暴躁的，易激动的，激烈的 || hot dog热狗,英语专业四八级词汇表
hotbed,ˈhɒtbed,n.,温床,英语专业四八级词汇表
hot-blooded,ˈhɒtˈblʌdɪd,adj.,1. 易怒的，易激动的 2. 热情的，热烈的,英语专业四八级词汇表
hotchpotch,ˈhɒtʃpɒtʃ,n.,乱七八糟的混杂物,英语专业四八级词汇表
hotel,həʊˈtel,n.,旅馆，酒店,英语专业四八级词汇表
hotelier,həʊˈtelieɪ,n.,旅馆老板，旅馆经理,英语专业四八级词汇表
hotfoot,ˌhɒtˈfʊt,adv.,匆忙地，火速地,英语专业四八级词汇表
hothead,ˈhɒthed,n.,性急的人，暴躁的人，容易冲动的人,英语专业四八级词汇表
hothouse,ˈhɒthaʊs,n.,温室，暖房,英语专业四八级词汇表
hotline,ˈhɒtlaɪn,n.,专用直线电话，热线，直接联系的途径,英语专业四八级词汇表
hotly,ˈhɒtlɪ,adv.,1. 热烈地，激动地，愤怒地 2. 紧紧地，坚决地,英语专业四八级词汇表
hotplate,ˈhɒtpleɪt,n.,加热板,英语专业四八级词汇表
hotpot,ˈhɒtpɒt,n.,炖(焖)的肉和蔬菜，火锅,英语专业四八级词汇表
hound,haʊnd,n.,猎犬，猎狐狗 v. 烦扰，纠缠，追逼,英语专业四八级词汇表
hour,ˈaʊə,n.,1. 小时，时刻，点钟 2. 一小时的行程，(pl)一段时间 || at all hours 在任何时候，始终不间断地 /keep early hours早起早睡 hourly,英语专业四八级词汇表
house,haʊs,n.,1. 房屋，住宅，同住一幢房子的人 2.,英语专业四八级词汇表
house,haʊs,,(用作特定目的的)建筑物，棚，窝 3.,英语专业四八级词汇表
house,haʊs,,(cap)议院，议会 4. 商行，商号，商业机构 5. 家庭，家族，王朝 || the House of Lords(BrE)上议院 /the House of Repre- sentatives (AmE)众议院 v. 1. 给以住宿，收容 2. 把…储藏在房内，包装,英语专业四八级词汇表
houseboat,ˈhaʊsbəʊt,n.,水上住宅，用于居住的船,英语专业四八级词汇表
housebreaker,ˈhaʊsˌbreɪkə,n.,入室行窃的匪徒,英语专业四八级词汇表
housecoat,ˈhaʊskəʊt,,n.,英语专业四八级词汇表
housecoat,ˈhaʊskəʊt,,(女子在家穿的)宽松长袍,英语专业四八级词汇表
housecraft,ˈhaʊskrɑːft,n.,家政(学),英语专业四八级词汇表
household,ˈhaʊshəʊld,n.,家庭，户 adj. 家庭的，家常的，普通的,英语专业四八级词汇表
householder,ˈhaʊsˌhəʊldə,n.,住户，房主，家长,英语专业四八级词汇表
housekeeper,"Ihaos ,khpa",n.,管理家务的主妇，女管家，房屋(办公室等的)管理员,英语专业四八级词汇表
housemaid,ˈhaʊsmeɪd,n.,女佣，女仆,英语专业四八级词汇表
housemaster,ˈhaʊsˌmɑːstə,,n.,英语专业四八级词汇表
housemaster,ˈhaʊsˌmɑːstə,,(寄宿学校的)舍监,英语专业四八级词汇表
housewarming,ˈhaʊsˌwɔːmɪŋ,n.,庆祝乔迁的宴会,英语专业四八级词汇表
housewifery,ˈhaʊswaɪfərɪ,n.,家务，家政,英语专业四八级词汇表
housework,ˈhaʊswɜːk,n.,家务劳动，家事,英语专业四八级词汇表
housing,ˈhaʊzɪŋ,n.,住处，房屋，住宅,英语专业四八级词汇表
hovel,ˈhɒvəl,n.,简陋肮脏的住所，茅舍,英语专业四八级词汇表
hover,ˈhɒvə,v.,飞翔，盘旋，徘徊,英语专业四八级词汇表
hovercraft,ˈhɒvəkrɑːft,n.,气垫船,英语专业四八级词汇表
how,haʊ,adv.,1.,英语专业四八级词汇表
how,haʊ,,(用于疑问句)怎样，怎么，多少 2.,英语专业四八级词汇表
how,haʊ,,(用于感叹句)多么,英语专业四八级词汇表
however,haʊˈevə,adv.,无论如何，不管怎样，(表示惊讶)到底如何 conj. 然而，仍然，但是,英语专业四八级词汇表
howl,haʊl,v.,1. 吠，嚎叫，咆哮 2. 高叫，欢闹 3.,英语专业四八级词汇表
howl,haʊl,,(风)呼啸,英语专业四八级词汇表
howler,ˈhaʊlə,n.,愚蠢而明显的错误,英语专业四八级词汇表
hub,hʌb,n.,1. 轮轴 2.,英语专业四八级词汇表
hub,hʌb,,(活动等的)中心,英语专业四八级词汇表
hubbub,ˈhʌbʌb,n.,1. 喧哗，嘈杂 2. 骚乱，混乱,英语专业四八级词汇表
huckster,ˈhʌkstə,n.,沿街叫卖的小贩,英语专业四八级词汇表
huddle,ˈhʌdl,v.,聚在一起，挤作一团 n. 杂乱的一群,英语专业四八级词汇表
huff,hʌf,n.,脾气暴躁，发怒,英语专业四八级词汇表
hug,hʌɡ,v.,1. 拥抱，紧抱 2. 抱有，坚持(信仰、偏见等)  n. 热烈拥抱，紧抱，搂抱,英语专业四八级词汇表
huge,hjuːdʒ,adj.,巨大的，庞大的,英语专业四八级词汇表
hulk,hʌlk,n.,1. 废船 2. 庞然大物，笨重的人(动物),英语专业四八级词汇表
hulking,ˈhʌlkɪŋ,adj.,大而笨的，笨重的,英语专业四八级词汇表
hum,hʌm,v.,发嗡嗡声，发哼哼声，哼(曲子) n. 嗡嗡声，哼哼声，嘈杂声,英语专业四八级词汇表
human,ˈhjuːmən,n.,人 adj. 1. 人的，人类的 2. 有人性的，通人情的 || human being人,英语专业四八级词汇表
humane,hjuːˈmeɪn,adj.,1. 人道的，仁慈的，有人情味的  2. 人文的,英语专业四八级词汇表
humanism,ˈhjuːmənɪzəm,n.,人道主义，人本主义，人文主义,英语专业四八级词汇表
humanist,ˈhjuːmənɪst,n.,人道主义者，人本主义者，人文主义者,英语专业四八级词汇表
humanitarian,hjuːˌmænɪˈteərɪən,adj.,人道主义的，博爱的，慈善的 n. 人道主义者，博爱者，慈善家,英语专业四八级词汇表
humankind,ˌhjuːmənˈkaɪnd,n.,人，人类(=mankind),英语专业四八级词汇表
humanly,ˈhjuːmənlɪ,adv.,1. 以人的方式，人道地，有人性地 2. 用人力地,英语专业四八级词汇表
humble,ˈhʌmbl,adj.,1. 谦卑的，恭顺的，谦逊的 2. 地位低下的，不显要的 v. 压低(地位、身份等)，使谦卑，使谦逊,英语专业四八级词汇表
humbug,ˈhʌmbʌɡ,n.,1. 骗人的鬼话，花招，骗子 2. 薄荷硬糖   v. 欺诈，哄骗,英语专业四八级词汇表
humdrum,ˈhʌmdrʌm,adj.,平淡的，乏味的，平凡的,英语专业四八级词汇表
humid,ˈhjuːmɪd,adj.,潮湿的，湿润的,英语专业四八级词汇表
humidify,hjuːˈmɪdɪfaɪ,v.,使潮湿，使湿润,英语专业四八级词汇表
humidity,hjuːˈmɪdətɪ,n.,湿度，湿气,英语专业四八级词汇表
humiliate,hjuːˈmɪlɪeɪt,v.,羞辱，使丢脸，使蒙耻 humiliation,英语专业四八级词汇表
humiliating,hjuːˈmɪlɪeɪtɪŋ,adj.,使蒙受耻辱的，丢脸的,英语专业四八级词汇表
humility,hjuːˈmɪlətɪ,n.,谦虚的态度，谦逊,英语专业四八级词汇表
"humour, humor",ˈhjuːmə,n.,1. 幽默(感)，诙谐，风趣 2. 脾性，情绪，心情  v. 使满足，迁就，纵容,英语专业四八级词汇表
"humourous, humorous",ˈhjuːmərəs,adj.,富于幽默的，诙谐的，滑稽的,英语专业四八级词汇表
hump,hʌmp,n.,1. 圆形隆起物，小丘 2. 驼峰 3. 愁闷，烦心  v. 1. 使隆起 2. 背，扛，搬运,英语专业四八级词汇表
humpback,ˈhʌmpbæk,n.,驼背,英语专业四八级词汇表
humus,ˈhjuːməs,n.,腐殖质,英语专业四八级词汇表
hunch,hʌntʃ,n.,基于直觉的想法，直觉，预感,英语专业四八级词汇表
hunchback,ˈhʌntʃbæk,n.,驼背,英语专业四八级词汇表
hundred,ˈhʌndrəd,n.,&adj. 一百(的) || (a) hundred and one许多 /ninety-nine out of a hundred几乎全部,英语专业四八级词汇表
hundredth,ˈhʌndrədθ,n.,&prop. 1. 第一百(个)  2. 百分之一,英语专业四八级词汇表
hundredweight,ˈhʌndrɪdweɪt,n.,英担,英语专业四八级词汇表
hunger,ˈhʌŋɡə,n.,饥饿，饥荒 v. 1. 挨饿，使感到饿 2. 渴望,英语专业四八级词汇表
hungry,ˈhʌŋɡrɪ,adj.,1. 饥饿的，引起食欲的 2. 渴望的,英语专业四八级词汇表
hunk,hʌŋk,n.,大块，大片,英语专业四八级词汇表
hunt,hʌnt,v.,&n. 1. 打猎，追猎 2. 寻找，搜索，追获,英语专业四八级词汇表
hunter,ˈhʌntə,n.,猎人，猎兽，搜寻者,英语专业四八级词汇表
hurdle,ˈhɜːdl,n.,赛跑用的跳栏，障碍，困难 v. 进行跨栏赛,英语专业四八级词汇表
hurl,hɜːl,v.,1. 丢，投，猛掷 2. 发射 3. 推翻，压倒 4. 叫嚷,英语专业四八级词汇表
hurrah,hʊˈrɑː,,int.,英语专业四八级词汇表
hurrah,hʊˈrɑː,,(表示高兴、满意等)万岁，好哇(= hurray)  n. 呼声，喝彩声 v. 叫好，喝彩，欢呼,英语专业四八级词汇表
hurricane,ˈhʌrɪkən,n.,飓风，旋风,英语专业四八级词汇表
hurried,ˈhʌrid,adj.,匆促的，匆忙的，仓促的,英语专业四八级词汇表
hurry,ˈhʌrɪ,v.,急忙，催促，使加快 || hurry up匆忙，赶紧，仓促    n. 急忙，匆忙，紧急  || in a hurry匆忙地，急于，轻易地,英语专业四八级词汇表
hurt,hɜːt,v.,1. 刺痛，使受伤 2. 危害，损害，妨害 3. 伤…的感情，使伤心 n. 1. 伤，痛，(精神上的)痛苦 2. 危害，损害，打击   adj. 伤的，受委屈的，痛苦的,英语专业四八级词汇表
hurtle,ˈhɜːtl,v.,猛冲，飞驰,英语专业四八级词汇表
husband,ˈhʌzbənd,n.,丈夫,英语专业四八级词汇表
husbandry,ˈhʌzbəndrɪ,n.,农牧业，畜牧业,英语专业四八级词汇表
hush,hʌʃ,v.,&n.,英语专业四八级词汇表
hush,hʌʃ,,(使)沉默，(使)安静，寂静,英语专业四八级词汇表
husk,hʌsk,n.,外壳，外皮 v. 除去外壳,英语专业四八级词汇表
husky,ˈhʌskɪ,adj.,喉咙发干的，沙哑的,英语专业四八级词汇表
hustle,ˈhʌsl,v.,1. 催促，赶紧做 2. 猛推，挤，强迫 n. 忙碌，奔忙，(推)挤 || hustle and bustle忙碌，奔忙，繁忙,英语专业四八级词汇表
hut,hʌt,n.,简陋的小屋，棚屋，茅舍,英语专业四八级词汇表
hutch,hʌtʃ,n.,箱笼，兔笼,英语专业四八级词汇表
hybrid,ˈhaɪbrɪd,n.,杂种动物，杂交植物，混合物,英语专业四八级词汇表
hydrant,ˈhaɪdrənt,n.,给水栓，消防栓,英语专业四八级词汇表
hydraulic,haɪˈdrɔːlɪk,adj.,与水或其他液体有关的，水(液)力的，水(液)压的,英语专业四八级词汇表
hydrocarbon,ˌhaɪdrəˈkɑːbən,n.,碳氢化合物,英语专业四八级词汇表
hydrochloric,ˌhaɪdrəˈklɒrɪk,adj.,氯化氢的，盐酸的,英语专业四八级词汇表
hydroelectric,ˌhaɪdrəʊ-ɪˈlektrɪk,adj.,水力发电的，水电的,英语专业四八级词汇表
hydroelectricity,ˌhaɪdrəʊɪlekˈtrɪsɪtɪ,n.,水电,英语专业四八级词汇表
hydrogen,ˈhaɪdrədʒən,n.,氢,英语专业四八级词汇表
hydroxide,haɪˈdrɒksaɪd,n.,氢氧化物,英语专业四八级词汇表
hygiene,ˈhaɪdʒiːn,n.,卫生，卫生学，保健学,英语专业四八级词汇表
hymn,hɪm,n.,赞美诗，圣歌，赞歌 v. 唱赞美诗，颂扬,英语专业四八级词汇表
hype,haɪp,v.,言过其实地宣传 n. 天花乱坠的宣传报道,英语专业四八级词汇表
hyperactive,ˌhaɪpəˈræktɪv,adj.,活跃得反常的，多动的,英语专业四八级词汇表
hypercritical,ˌhaɪpəˈkrɪtɪkəl,adj.,批评苛刻的，吹毛求疵的,英语专业四八级词汇表
hypermarket,ˈhaɪpəmɑːkɪt,n.,巨型超级市场,英语专业四八级词汇表
hypertension,ˌhaɪpəˈtenʃən,n.,高血压，精神过度紧张,英语专业四八级词汇表
hyphen,ˈhaɪfən,n.,连字符，连字号,英语专业四八级词汇表
hyphenate,ˈhaɪfəneɪt,v.,用连字号连接,英语专业四八级词汇表
hypnosis,hɪpˈnəʊsɪs,n.,催眠状态,英语专业四八级词汇表
hypnotic,hɪpˈnɒtɪk,adj.,催眠(术)的，安眠的,英语专业四八级词汇表
hypnotism,ˈhɪpnətɪzəm,n.,催眠(术),英语专业四八级词汇表
hypocrisy,hɪˈpɒkrəsɪ,n.,伪善(行为)，虚伪，矫饰,英语专业四八级词汇表
hypocrite,ˈhɪpəkrɪt,n.,伪善者，伪君子,英语专业四八级词汇表
hypocritical,ˌhɪpəˈkrɪtɪkəl,adj.,伪善的，虚伪的，矫饰的,英语专业四八级词汇表
hypodermic,ˌhaɪpəˈdɜːmɪk,adj.,皮下注射的,英语专业四八级词汇表
hypotenuse,haɪˈpɒtənjuːz,n.,弦，斜边,英语专业四八级词汇表
hypothesis,haɪˈpɒθəsɪs,n.,假设，假定，假说,英语专业四八级词汇表
hysteric,hɪˈsterɪk,adj.,歇斯底里的，有癔病的 n.,英语专业四八级词汇表
hysteric,hɪˈsterɪk,,(~s) 歇斯底里的发作,英语专业四八级词汇表
hysterical,hɪˈsterɪkəl,adj.,歇斯底里的，有癔病的,英语专业四八级词汇表
I,aɪ,prop.,我(主格),英语专业四八级词汇表
ice,aɪs,n.,冰，冰块，冰层 || break the ice(为难办的事)开个头，打破沉默 /on thin ice如  履薄冰地，处于危险境地    v. 冰冻，使结冰,英语专业四八级词汇表
iceberg,ˈaɪsbɜːɡ,n.,冰山，浮在海洋上的冰块,英语专业四八级词汇表
icebox,ˈaɪsbɒks,n.,冰箱，冷冻室,英语专业四八级词汇表
icebreaker,ˈaɪsˌbreɪkə,n.,破冰船,英语专业四八级词汇表
ice-cream,aɪsˈkriːm,n.,冰淇淋 adj. 1. 含冰淇淋的 2. 奶黄色的,英语专业四八级词汇表
icicle,ˈaɪsɪkl,n.,冰柱，冰锥,英语专业四八级词汇表
icing,ˈaɪsɪŋ,,n.,英语专业四八级词汇表
icing,ˈaɪsɪŋ,,(糕饼表层的)糖衣，糖霜,英语专业四八级词汇表
icon,ˈaɪkɒn,,n.,英语专业四八级词汇表
icon,ˈaɪkɒn,,(东正教的)圣像,英语专业四八级词汇表
icy,ˈaɪsɪ,adj.,1. 冰的，冰封的，冰冷的  2. 冷冰冰的，不友好的,英语专业四八级词汇表
idea,aɪˈdɪə,n.,1. 思想，概念，构思 2. 想法，计划，主意 3. 猜想,英语专业四八级词汇表
ideal,aɪˈdɪəl,adj.,1. 理想的，完美的 2. 空想的，不切实际的,英语专业四八级词汇表
idealism,aɪˈdɪəlɪzəm,n.,理想主义，唯心主义,英语专业四八级词汇表
idealist,aɪˈdɪəlɪst,n.,理想主义者，空想家，唯心论者,英语专业四八级词汇表
idealize,aɪˈdɪəlaɪz,v.,将…理想化，将…视为理想的,英语专业四八级词汇表
identical,aɪˈdentɪkəl,adj.,完全相同的，同一的,英语专业四八级词汇表
identification,aɪˌdentɪfɪˈkeɪʃən,n.,1. 认明，确认，识别 2. 身份证明,英语专业四八级词汇表
identify,aɪˈdentɪfaɪ,v.,认明，识别，认同，鉴定,英语专业四八级词汇表
identity,aɪˈdentɪtɪ,n.,1. 身份，本体 2. 相同处，同一(性)，一致,英语专业四八级词汇表
ideological,ˌaɪdɪəˈlɒdʒɪkəl,adj.,思想上的，意识形态的，空论的,英语专业四八级词汇表
ideology,ˌaɪdɪˈɒlədʒɪ,n.,意识形态，思想意识,英语专业四八级词汇表
idiom,ɪdɪəm,n.,成语，惯用语,英语专业四八级词汇表
idiomatic,ˌɪdɪəˈmætɪk,adj.,合乎惯用法的，地道的，关于习语(成语)的,英语专业四八级词汇表
idiosyncrasy,ɪdɪəˈsɪŋkrəsɪ,,n.,英语专业四八级词汇表
idiosyncrasy,ɪdɪəˈsɪŋkrəsɪ,,(个人独有的)习性，癖好，气质,英语专业四八级词汇表
idiot,ˈɪdɪət,n.,傻子，白痴，低能的人 idiotic,英语专业四八级词汇表
idle,ˈaɪdl,adj.,1. 懒惰的，无所事事的 2. 闲散的，闲置的 3. 无根据的，无意义的 v. 1. 虚度，(使)闲散，闲逛 2. 空转 idly,英语专业四八级词汇表
idol,ˈaɪdəl,n.,神像，偶像，崇拜的对象,英语专业四八级词汇表
idolatry,aɪˈdɒlətrɪ,n.,偶像崇拜,英语专业四八级词汇表
"idolise, idolize",ˈaɪdəlaɪz,v.,将…当作偶像崇拜，极度喜爱(仰慕),英语专业四八级词汇表
idyllic,ɪˈdɪlɪk,adj.,田园风光的，质朴宜人的,英语专业四八级词汇表
if,ɪf,conj.,1. 如果，假定 2. 是否 3. 纵然，即使 || if only 要是…多好 /ifs and buts耽搁的理由，借口,英语专业四八级词汇表
ignite,ɪɡˈnaɪt,,v.,英语专业四八级词汇表
ignite,ɪɡˈnaɪt,,(使)燃烧，点燃,英语专业四八级词汇表
ignition,ɪɡˈnɪʃən,n.,1. 点火开关，发火装置 2. 燃烧，点火,英语专业四八级词汇表
ignoble,ɪɡˈnəʊbl,adj.,不光荣的，卑鄙的，可耻的,英语专业四八级词汇表
ignominy,ˈɪɡnəmɪnɪ,n.,耻辱，可耻的行为,英语专业四八级词汇表
ignorance,ˈɪɡnərəns,n.,无知，愚昧，不知,英语专业四八级词汇表
ignorant,ˈɪɡnərənt,adj.,无知的，愚昧的，缺乏教养的,英语专业四八级词汇表
ignore,ɪɡˈnɔː,v.,不理，漠视，忽视,英语专业四八级词汇表
ill,ɪl,adj.,1. 患病的，不健康的 2. 坏的，不良的 3. 不吉利的，邪恶的 adv. 严酷地，不良地，坏地,英语专业四八级词汇表
illegal,ɪˈliːɡəl,adj.,不合法的，非法的,英语专业四八级词汇表
illegible,ɪˈledʒəbl,adj.,难以辨认的，(字迹)模糊的,英语专业四八级词汇表
illegitimate,ɪlɪˈdʒɪtɪmət,adj.,1. 私生的 2. 不合规则的，非法的,英语专业四八级词汇表
illicit,ɪˈlɪsɪt,adj.,违禁的，违法的，不正当的,英语专业四八级词汇表
illiteracy,ɪˈlɪtərəsɪ,n.,文盲，无知，缺乏教育,英语专业四八级词汇表
illiterate,ɪˈlɪtərət,n.,&adj. 文盲(的)，无知的(人),英语专业四八级词汇表
illness,ˈɪlnɪs,n.,病，疾病,英语专业四八级词汇表
illogical,ɪˈlɒdʒɪkəl,adj.,不合逻辑的，不合常理的,英语专业四八级词汇表
illuminate,ɪˈljuːmɪneɪt,v.,1. 照明，照射 2. 用灯装饰 3. 阐明，启发,英语专业四八级词汇表
illumination,ɪˌluːmɪˈneɪʃən,n.,1. 照明，照亮 2. 阐明，启发 3.,英语专业四八级词汇表
illumination,ɪˌluːmɪˈneɪʃən,,(pl)彩灯，灯饰,英语专业四八级词汇表
illusion,ɪˈluːʒən,n.,错觉，幻觉，幻想 illusive,英语专业四八级词汇表
illustrate,ˈɪləstreɪt,v.,1.,英语专业四八级词汇表
illustrate,ˈɪləstreɪt,,(举例)说明，表明 2. 以图作解，加入插图,英语专业四八级词汇表
illustration,ˌɪləˈstreɪʃən,n.,1. 插图，图解 2. 例证，实例,英语专业四八级词汇表
illustrative,ˈɪləstreɪtɪv,adj.,图例(图解)的，作说明用的，解说性的,英语专业四八级词汇表
illustrator,ˈɪləstreɪtə,n.,为书制作插图的人,英语专业四八级词汇表
illustrious,ɪˈlʌstrɪəs,adj.,著名的，杰出的，  显赫的,英语专业四八级词汇表
image,ˈɪmɪdʒ,v.,1. 映像，影像，(肖)像，偶像 2.,英语专业四八级词汇表
image,ˈɪmɪdʒ,,(头脑中的)形象，概念，概括印象，意象 3. 酷似的人(物) 4. 典型，象征,英语专业四八级词汇表
imagery,ˈɪmɪdʒərɪ,n.,形象，意象,英语专业四八级词汇表
imaginable,ɪˈmædʒɪnəbl,adj.,可想像的，想像得到的,英语专业四八级词汇表
imaginary,ɪˈmædʒɪnərɪ,adj.,想像中的，假想的，虚构的,英语专业四八级词汇表
imagination,ɪˌmædʒɪˈneɪʃən,n.,想像力，想像出来的事物，幻觉,英语专业四八级词汇表
imaginative,ɪˈmædʒɪnətɪv,adj.,富于想像力的，想像的,英语专业四八级词汇表
imagine,ɪˈmædʒɪn,v.,1. 想像，设想，幻想 2. 认为，猜想,英语专业四八级词汇表
imbalance,ˌɪmˈbæləns,n.,不平衡，不均衡,英语专业四八级词汇表
imbecile,ˈɪmbəsiːl,n.,低能者，傻瓜,英语专业四八级词汇表
imbecility,ˌɪmbəˈsɪlətɪ,n.,愚蠢(的行为)，低能，智力低下,英语专业四八级词汇表
imbibe,ɪmˈbaɪb,v.,喝，饮，吸收(知识、空气等),英语专业四八级词汇表
imbue,ɪmˈbjuː,v.,灌输，使充满,英语专业四八级词汇表
imitate,ˈɪmɪteɪt,v.,1. 模仿，仿效 2. 效法，模拟，仿制,英语专业四八级词汇表
imitation,ˌɪmɪˈteɪʃən,n.,1. 模仿，仿效，仿造 2. 仿制品，赝品,英语专业四八级词汇表
immaculate,ɪˈmækjʊlət,adj.,整洁的，无瑕的，无误的，一尘不染的,英语专业四八级词汇表
immaterial,ˌɪməˈtɪərɪəl,adj.,1. 不重要的，不相干的 2. 非物质的，非实体的，无形的,英语专业四八级词汇表
immature,ˌɪməˈtjʊə,adj.,1. 不成熟的，不够老练的 2. 发育未完全的，未充分发展的,英语专业四八级词汇表
immeasurable,ɪˈmeʒərəbl,adj.,不可计量的，无限的，无比的,英语专业四八级词汇表
immediate,ɪˈmiːdɪət,adj.,1. 立即的，即时的 2. 最接近的，贴近的，直接的,英语专业四八级词汇表
immediately,ɪˈmiːdɪətlɪ,adv.,1. 立即，马上 2. 直接地，紧接地 conj. 一经…(立即),英语专业四八级词汇表
immense,ɪˈmens,adj.,广大的，巨大的，无限的 immensity,英语专业四八级词汇表
immerse,ɪˈmɜːs,v.,浸入，沉浸于,英语专业四八级词汇表
immigrant,ˈɪmɪɡrənt,,n.,英语专业四八级词汇表
immigrant,ˈɪmɪɡrənt,,(外来的)移民，侨民 adj.,英语专业四八级词汇表
immigrant,ˈɪmɪɡrənt,,(从国外)移来的，移民的，侨民的,英语专业四八级词汇表
immigrate,ˈɪmɪɡreɪt,,v.,英语专业四八级词汇表
immigrate,ˈɪmɪɡreɪt,,(从外国)移入，移居入境,英语专业四八级词汇表
immigration,ˌɪmɪˈɡreɪʃən,n.,移居，移民,英语专业四八级词汇表
imminent,ˈɪmɪnənt,adj.,近的，即将发生的,英语专业四八级词汇表
immobile,ɪˈməʊbaɪl,adj.,固定的，不动的，不能移动的,英语专业四八级词汇表
immoral,ɪˈmɒrəl,adj.,1. 不道德的，邪恶的 2. 放荡的，荒淫的,英语专业四八级词汇表
immortal,ɪˈmɔːtəl,adj.,永垂不朽的，流芳百世的 immortality,英语专业四八级词汇表
immune,ɪˈmjuːn,adj.,有免疫力的，不受影响的，获豁免的  immunity,英语专业四八级词汇表
impact,ˈɪmpækt,n.,1. 冲击(力)，撞击 2. 影响，效果,英语专业四八级词汇表
impair,ɪmˈpeə,v.,损害，削弱,英语专业四八级词汇表
impale,ɪmˈpeɪl,v.,束 J穿，钉住,英语专业四八级词汇表
impart,ɪmˈpɑːt,v.,1. 传授，灌输，给予 2. 告知，通知,英语专业四八级词汇表
impartial,ɪmˈpɑːʃəl,adj.,公平的，不偏不倚的,英语专业四八级词汇表
impasse,ˈæmpɑːs,n.,绝境，僵局，停顿,英语专业四八级词汇表
impassioned,ɪmˈpæʃənd,adj.,充满激情的，热烈的,英语专业四八级词汇表
impassive,ɪmˈpæsɪv,adj.,1. 无动于衷的，无表情的，不动声色的 2. 冷漠的，麻木的,英语专业四八级词汇表
impatience,ɪmˈpeɪʃəns,n.,不耐烦，焦急，焦躁,英语专业四八级词汇表
impatient,ɪmˈpeɪʃənt,adj.,不耐烦的，焦急的，渴望的,英语专业四八级词汇表
impeach,ɪmˈpiːtʃ,v.,弹劾，检举，控告,英语专业四八级词汇表
impeccable,ɪmˈpekəbl,adj.,无瑕疵的，没有缺点的,英语专业四八级词汇表
impede,ɪmˈpiːd,v.,阻碍，妨碍,英语专业四八级词汇表
impediment,ɪmˈpedɪmənt,n.,妨碍(物)，障碍,英语专业四八级词汇表
impel,ɪmˈpel,v.,推动，激励，驱使,英语专业四八级词汇表
impending,ɪmˈpendɪŋ,,adj.,英语专业四八级词汇表
impending,ɪmˈpendɪŋ,,(坏事)即将发生的，临近的,英语专业四八级词汇表
impenetrable,ɪmˈpenɪtrəbl,adj.,1. 不能通过(贯穿)的，刺不进的 2. 不可理解的,英语专业四八级词汇表
imperative,ɪmˈperətɪv,adj.,1. 急需的，绝对必要的 2. 命令(式)的，祈使的，强制的,英语专业四八级词汇表
imperceptible,ˌɪmpəˈseptəbl,,adj.,英语专业四八级词汇表
imperceptible,ˌɪmpəˈseptəbl,,(因细小、轻微等)觉察不出的,英语专业四八级词汇表
imperial,ɪmˈpɪərɪəl,adj.,王室的，帝国的，帝皇的,英语专业四八级词汇表
imperialism,ɪmˈpɪərɪəlɪzəm,n.,帝国主义,英语专业四八级词汇表
imperialist,ɪmˈpɪərɪəlɪst,n.,帝国主义者，皇帝统治的拥护者 adj. 帝国主义的,英语专业四八级词汇表
imperil,ɪmˈperəl,v.,危及，使陷于危险,英语专业四八级词汇表
imperious,ɪmˈpɪərɪəs,adj.,傲慢的，专横的，跋扈的,英语专业四八级词汇表
impersonal,ɪmˈpɜːsənəl,adj.,1. 无个人感情的，与个人无关的 2. 冷淡的，没人情味的,英语专业四八级词汇表
impersonate,ɪmˈpɜːsəneɪt,v.,扮演，模仿,英语专业四八级词汇表
impetuous,ɪmˈpetʃʊəs,adj.,轻率的，鲁莽的，冲动的,英语专业四八级词汇表
impetus,ˈɪmpɪtəs,n.,推动(力)，刺激，促进,英语专业四八级词汇表
impinge,ɪmˈpɪndʒ,v.,对…产生作用，影响,英语专业四八级词汇表
impious,ˈɪmpɪəs,adj.,不敬(神)的，不恭的，不虔诚的,英语专业四八级词汇表
implacable,ɪmˈplækəbl,adj.,不能变动的，难以平息或安抚的,英语专业四八级词汇表
implant,ɪmˈplɑːnt,v.,注入，灌输，植入,英语专业四八级词汇表
implement,ˈɪmplɪmənt,v.,1. 实行，实施，执行 2. 完成，实现   n. 1. 工具，器具 2.,英语专业四八级词汇表
implement,ˈɪmplɪmənt,,(pl)装备，家具，服装,英语专业四八级词汇表
implicate,ˈɪmplɪkeɪt,v.,1. 使牵连其中，涉嫌，涉及 2. 暗示,英语专业四八级词汇表
implication,ˌɪmplɪˈkeɪʃən,n.,1. 牵连，涉及，卷入 2. 暗示，暗指，含意,英语专业四八级词汇表
implicit,ɪmˈplɪsɪt,adj.,1. 含蓄的，不明确的，不直接表明的 2. 绝对的，无疑问的,英语专业四八级词汇表
implore,ɪmˈplɔː,v.,恳求，哀求，央求,英语专业四八级词汇表
imply,ɪmˈplaɪ,v.,1. 暗指，暗示 2. 意味要，必然包含,英语专业四八级词汇表
impolite,ɪmpəˈlaɪt,adj.,不礼貌的，粗鲁的,英语专业四八级词汇表
import,ɪmˈpɔːt,v.,"1. 进口，输入，引进 2. 有关系，有重要性 3. 意味着 n. 1. 进口(商品),输入(物) 2. 意义，重要(性)",英语专业四八级词汇表
importance,ɪmˈpɔːtəns,n.,重要性，重大，名望 || attach importance to重视,英语专业四八级词汇表
important,ɪmˈpɔːtənt,adj.,重要的，重大的，显要的,英语专业四八级词汇表
importer,ɪmˈpɔːtə,n.,从事进口商品(服务)的人(公司),英语专业四八级词汇表
impose,ɪmˈpəʊz,v.,1. 征(税)  2. 把…强加于 3. 利用，占便宜,英语专业四八级词汇表
imposing,ɪmˈpəʊzɪŋ,adj.,壮丽的，雄伟的，给人印象深刻的,英语专业四八级词汇表
imposition,ˌɪmpəˈzɪʃən,n.,强加，(税等的)征收，(惩罚等的)施加,英语专业四八级词汇表
impossibility,ɪmˌpɒsəˈbɪlətɪ,n.,"不可能(性),办不到的事",英语专业四八级词汇表
impossible,ɪmˈpɒsəbl,adj.,1. 不可能的，办不到的，难以置信的 2. 难以忍受的，难对付的,英语专业四八级词汇表
impostor,ɪmˈpɒstə,,n.,英语专业四八级词汇表
impostor,ɪmˈpɒstə,,(冒充他人的)骗子,英语专业四八级词汇表
impotence,ˈɪmpətəns,n.,无能为力，虚弱,英语专业四八级词汇表
impotent,ˈɪmpətənt,adj.,无能的，无力量的,英语专业四八级词汇表
impound,ɪmˈpaʊnd,v.,扣押，没收，充公,英语专业四八级词汇表
impoverish,ɪmˈpɒvərɪʃ,v.,使穷困，使贫困,英语专业四八级词汇表
impractical,ɪmˈpræktɪkəl,adj.,不现实的，不实用的，不切实际的,英语专业四八级词汇表
impregnate,ˈɪmpreɡneɪt,v.,1. 使浸透，使充满 2. 使怀孕,英语专业四八级词汇表
impress,ɪmˈpres,v.,1. 印，压印，盖(印等)于 2. 使铭记，给…深刻的印象，使钦佩,英语专业四八级词汇表
impression,ɪmˈpreʃən,n.,1. 印象，感想，影响 2. 印记,英语专业四八级词汇表
impressionable,ɪmˈpreʃənəbl,adj.,易受影响的,英语专业四八级词汇表
impressive,ɪmˈpresɪv,adj.,令人钦佩的，给人印象深刻的，动人的,英语专业四八级词汇表
imprint,ɪmˈprɪnt,v.,1.,英语专业四八级词汇表
imprint,ɪmˈprɪnt,,(压)印，盖(邮戳等)于 2. 铭刻，牢记 n. 1. 印痕，痕迹，深刻的印象 2. 版本说明,英语专业四八级词汇表
imprison,ɪmˈprɪzən,v.,监禁，关押，束缚,英语专业四八级词汇表
imprisonment,ɪmˈprɪzənmənt,n.,关押，禁锢,英语专业四八级词汇表
improbable,ɪmˈprɒbəbl,adj.,不大可能的，未必属实的,英语专业四八级词汇表
impromptu,ɪmˈprɒmptjuː,adj.,& adv. 即席的(地)，即兴的(地),英语专业四八级词汇表
improper,ɪmˈprɒpə,adj.,1. 不合适的，不正确的 2. 不合礼仪的，不体面的，不道德的,英语专业四八级词汇表
improve,ɪmˈpruːv,v.,1. 改进，提高，改善 2. 增值，利用,英语专业四八级词汇表
improvement,ɪmˈpruːvmənt,n.,1. 改善，好转，增进 2. 增值，利用,英语专业四八级词汇表
improvise,ˈɪmprəvaɪz,,v.,英语专业四八级词汇表
improvise,ˈɪmprəvaɪz,,(即兴、即席地)创作(演奏、讲话),英语专业四八级词汇表
imprudent,ɪmˈpruːdənt,adj.,无礼的，粗鲁的，放肆的,英语专业四八级词汇表
impulse,ˈɪmpʌls,n.,"1. 推动(力),驱使 2. 冲动，心血来潮",英语专业四八级词汇表
impulsive,ɪmˈpʌlsɪv,adj.,易冲动的，由冲动造成的，感情用事的,英语专业四八级词汇表
impure,ɪmˈpjʊə,adj.,1. 不纯净的，不洁的 2. 不道德的，下流的,英语专业四八级词汇表
in,ɪn,prep.,1. 在…之内，在…里面，在…之中 2. 在…期间，在…之后 3. 穿(戴)着 4. 从事于 5. 以…方式，以…的形式，使用 6. 在…方面 adv. 1. 在家，在场 2. 进(入)，在内，加上 3. 流行，时髦，时兴 adj. 1. 在里面的 2. 在朝的 3. 已来到的，已完成的 4. 流行的 || be in for注定要遭受  n.,英语专业四八级词汇表
in,ɪn,,(pl)在朝派，执政党|| the ins and outs详情，底细，来龙去脉,英语专业四八级词汇表
inability,ˌɪnəˈbɪlətɪ,n.,无能力，无力,英语专业四八级词汇表
inaccessible,ˌɪnækˈsesəbl,adj.,1. 达不到的，难得到的 2. 不可进入的，不易接近的,英语专业四八级词汇表
inaction,ɪnˈækʃən,n.,无行动，不活跃，懒散,英语专业四八级词汇表
inadequacy,ɪnˈædɪkwəsɪ,n.,1. 不充分，不足，不胜任 2. 毛病，缺陷，弱点,英语专业四八级词汇表
inadequate,ɪnˈædɪkwɪt,adj.,不充分的，不能胜任的，不适宜的,英语专业四八级词汇表
inadvertent,ˌɪnədˈvɜːtənt,adj.,非故意的，无意的，漫不经心的,英语专业四八级词汇表
inanimate,ɪnˈænɪmət,adj.,无生命的,英语专业四八级词汇表
inappropriate,ɪnəˈprəʊprɪət,,不适宜的，不恰当的,英语专业四八级词汇表
inarticulate,ɪnɑːˈtɪkjʊlət,adj.,1. 不善表达的，非言语表达的 2. 含糊其辞的，口齿不清的,英语专业四八级词汇表
inaugural,ɪˈnɔːɡjʊrəl,adj.,就职的，就任的，开幕的，创始的,英语专业四八级词汇表
inaugurate,ɪˈnɔːɡjʊreɪt,v.,1. 为…举行就职典礼，使正式就任，为…举行开幕式(落成典礼) 2. 开创，开展,英语专业四八级词汇表
inborn,ˌɪnˈbɔːn,adj.,天生的，天赋的，与生俱来的,英语专业四八级词汇表
inbuilt,ˈɪnbɪlt,adj.,内在的，固有的，生来的,英语专业四八级词汇表
incantation,ˌɪnkænˈteɪʃən,n.,咒语，符咒,英语专业四八级词汇表
incapable,ɪnˈkeɪpəbl,adj.,无能力的，不能胜任的，不会的,英语专业四八级词汇表
incapacitate,ˌɪnkəˈpæsɪteɪt,v.,使无能力，使失去能力,英语专业四八级词汇表
incarnate,ɪnˈkɑːneɪt,adj.,1. 人体化的，化身的 2. 具有形体的，拟人化的，具体化的,英语专业四八级词汇表
incarnation,ˌɪnkɑːˈneɪʃən,n.,化身，具体化,英语专业四八级词汇表
incendiary,ɪnˈsendɪərɪ,adj.,1. 放火的，纵火的 2. 煽动性的,英语专业四八级词汇表
incensed,ɪnˈsenst,adj.,盛怒的，十分愤怒的,英语专业四八级词汇表
incentive,ɪnˈsentɪv,n.,刺激，鼓励，推动力,英语专业四八级词汇表
inception,ɪnˈsepʃən,n.,开始，开端,英语专业四八级词汇表
incessant,ɪnˈsesnt,adj.,不停的，连续的，不断的,英语专业四八级词汇表
incest,ˈɪnsest,n.,乱伦,英语专业四八级词汇表
inch,ɪntʃ,n.,1. 英寸 2. 少许 || by inches①逐渐地②勉强地 [every inch完全地，彻头彻尾] inch by inch缓慢地 /,英语专业四八级词汇表
inch,ɪntʃ,,within an inch of十分接近，险些 v. 缓慢地移动，渐进,英语专业四八级词汇表
incidence,ˈɪnsɪdəns,n.,发生率，影响范围,英语专业四八级词汇表
incident,ˈɪnsɪdənt,n.,1. 事情，事件 2. 事故，事变,英语专业四八级词汇表
incidental,ˌɪnsɪˈdentəl,adj.,1. 次要的 2. 伴随的，附带的 3. 偶然发生的,英语专业四八级词汇表
incidentally,ˌɪnsɪˈdentəlɪ,adv.,1. 顺便提一句 2. 偶然地，不经意地,英语专业四八级词汇表
incinerate,ɪnˈsɪnəreɪt,v.,焚化，火化,英语专业四八级词汇表
incipient,ɪnˈsɪpɪənt,adj.,初期的，早期的,英语专业四八级词汇表
incise,ɪnˈsaɪz,v.,切，切开,英语专业四八级词汇表
incisive,ɪnˈsaɪsɪv,adj.,尖锐的，一针见血的，单刀直入的,英语专业四八级词汇表
incite,ɪnˈsaɪt,v.,煽动，激起,英语专业四八级词汇表
inclination,ˌɪnklɪˈneɪʃən,n.,1. 倾斜，点头，弯腰 2. 趋势，趋向 3. 爱好，癖好,英语专业四八级词汇表
incline,ɪnˈklaɪn,v.,1.,英语专业四八级词汇表
incline,ɪnˈklaɪn,,(使)倾向(于)，意欲 2. 赞同，爱好 3. 趋向，趋势 4. 倾斜，弯腰 n. 斜坡，斜面,英语专业四八级词汇表
include,ɪnˈkluːd,v.,包括，包含，把…计算在内,英语专业四八级词汇表
inclusion,ɪnˈkluːʒən,n.,包含，包括,英语专业四八级词汇表
inclusive,ɪnˈkluːsɪv,adj.,一切包括在内的，包含的,英语专业四八级词汇表
incoherent,ˌɪnkəʊˈhɪərənt,adj.,不连贯的，无条理的，语无伦次的,英语专业四八级词汇表
income,ˈɪnkʌm,n.,收入，所得，收益,英语专业四八级词汇表
incoming,ˈɪnkʌmɪŋ,adj.,1. 正来临的 2. 新选的，新来的，继任的,英语专业四八级词汇表
incomparable,ɪnˈkɒmprəbl,adj.,无比的，无双的，不可比拟的,英语专业四八级词汇表
incompatible,ˌɪnkəmˈpætəbl,adj.,1. 合不来的，不能和谐相处的 2. 不相符的，不相配的，不相容的,英语专业四八级词汇表
incompetent,ɪnˈkɒmpɪtənt,adj.,不称职的，无能力的，无资格的,英语专业四八级词汇表
incomplete,ˌɪnkəmˈpliːt,adj.,不完全的，不完善的，未完成的,英语专业四八级词汇表
incomprehensible,ɪnˌkɒmprɪˈhensəbl,adj.,无法理解的，难懂的,英语专业四八级词汇表
inconceivable,ˌɪnkənˈsiːvəbl,adj.,不能想象的，不可思议的,英语专业四八级词汇表
inconsistent,ˌɪnkənˈsɪstənt,adj.,1. 不和谐的，不一致的，不协调的 2. 反复无常的，易变的,英语专业四八级词汇表
incontrovertible,ˌɪnkɒntrəˈvɜːtəbl,adj.,不容置疑的，无可辩驳的,英语专业四八级词汇表
inconvenience,ˌɪnkənˈviːnɪəns,n.,不方便，烦扰 v. 给…带来不便，打扰,英语专业四八级词汇表
inconvenient,ˌɪnkənˈviːnɪənt,adj.,不方便的，打扰的，不合时宜的,英语专业四八级词汇表
incorporate,ɪnˈkɔːpəreɪt,v.,把…合并，并入，收编,英语专业四八级词汇表
increasingly,ɪnˈkriːsɪŋlɪ,adv.,渐增地，日益…，越来越多地,英语专业四八级词汇表
incredible,ɪnˈkredəbl,adj.,1. 难以置信的，不可思议的，精彩的 2. 不能相信的，不可信的,英语专业四八级词汇表
incredibly,ɪnˈkredəblɪ,adv.,1. 非常地，极端地，异乎寻常地 2. 难以置信地，惊人地,英语专业四八级词汇表
incredulous,ɪnˈkredjʊləs,adj.,不轻信的，怀疑的，不相信的,英语专业四八级词汇表
incriminate,ɪnˈkrɪmɪneɪt,v.,牵连，控告,英语专业四八级词汇表
incubate,ˈɪnkjʊbeɪt,v.,1. 孵化，孵(卵) 2. 培养(细菌等)，使繁殖,英语专业四八级词汇表
incubation,ˌɪnkjʊˈbeɪʃən,n.,1. 孵化，孵(卵) 2.,英语专业四八级词汇表
incubation,ˌɪnkjʊˈbeɪʃən,,(疾病的)潜伏期,英语专业四八级词汇表
incubator,ˈɪnkjʊbeɪtə,n.,孵化器，恒温育婴箱,英语专业四八级词汇表
inculcate,ˈɪnkʌlkeɪt,v.,反复灌输，谆谆教诲,英语专业四八级词汇表
incumbent,ɪnˈkʌmbənt,adj.,1. 有责任的，义不容辞的 2. 现任的，在职的 n. 现任者，在职者,英语专业四八级词汇表
incur,ɪnˈkɜː,v.,遭受，蒙受，招致,英语专业四八级词汇表
incurable,ɪnˈkjʊərəbl,adj.,不能治疗的，无可救药的,英语专业四八级词汇表
incursion,ɪnˈkɜːʃən,n.,侵入，侵犯，流入,英语专业四八级词汇表
indebted,ɪnˈdetɪd,adj.,感激的，感恩的,英语专业四八级词汇表
indecent,ɪnˈdiːsənt,adj.,1. 有伤风化的，粗野的 2. 不合适的，不适当的,英语专业四八级词汇表
indecision,ˌɪndɪˈsɪʒən,n.,犹豫，踌躇,英语专业四八级词汇表
indeed,ɪnˈdiːd,adv.,实际上，确实地，真正地,英语专业四八级词汇表
indefensible,ˌɪndɪˈfensəbl,adj.,无法防御的，无法辩护的，站不住脚的,英语专业四八级词汇表
indefinable,ˌɪndɪˈfaɪnəbl,adj.,难以描述的，难下定义的，轮廓不清的,英语专业四八级词汇表
indefinite,ɪnˈdefɪnɪt,adj.,1. 不明确的，模糊的，2. 不确定的，未定的，无限期的,英语专业四八级词汇表
indelible,ɪnˈdelɪbəl,adj.,洗擦不掉的，不可磨灭的,英语专业四八级词汇表
indemnify,ɪnˈdemnɪfaɪ,v.,偿付，赔偿,英语专业四八级词汇表
indemnity,ɪnˈdemnətɪ,n.,1. 保障，保险，赔偿 2. 赔偿物,英语专业四八级词汇表
indent,ɪnˈdent,v.,缩格书写，缩排，使有凹陷,英语专业四八级词汇表
independence,ˌɪndɪˈpendəns,n.,独立，自主，自立,英语专业四八级词汇表
independent,ˌɪndɪˈpendənt,adj.,1. 独立的，自治的  2. 自力更生的，自立的，有主见的,英语专业四八级词汇表
in-depth,ˈɪndepθ,adj.,深入的，彻底的,英语专业四八级词汇表
indeterminate,ˌɪndɪˈtɜːmɪnət,adj.,未确定的，模糊的，未限定的,英语专业四八级词汇表
index,ˈɪndeks,,(pl indices) n. 1. 索引 2. 标志，指标，指数 v. 编索引，使指数化，表明,英语专业四八级词汇表
Indian,ˈɪndɪən,adj.,印度(人)的，印第安人的，印第安语的 n. 印度人，印第安人，印第安语,英语专业四八级词汇表
indicate,ˈɪndɪkeɪt,v.,1. 标示，指示，指出 2. 表明，暗示,英语专业四八级词汇表
indication,ˌɪndɪˈkeɪʃən,n.,标示，指示，暗示,英语专业四八级词汇表
indicative,ɪnˈdɪkətɪv,adj.,标示的，指示的，陈述的,英语专业四八级词汇表
indicator,ˈɪndɪkeɪtə,n.,1. 指示者，指示器，指针 2. 指示牌，(车辆的)方向指示装置,英语专业四八级词汇表
indict,ɪnˈdaɪt,v.,控告，起诉，指控,英语专业四八级词汇表
indifference,ɪnˈdɪfrəns,n.,不感兴趣，不关心，冷漠,英语专业四八级词汇表
indifferent,ɪnˈdɪfrənt,adj.,1. 不感兴趣的，漠不关心的，冷淡的 2. 平常的，无关紧要的，不偏不倚的,英语专业四八级词汇表
indigenous,ɪnˈdɪdʒɪnəs,adj.,本地的，土产的，土生土长的,英语专业四八级词汇表
indigestion,ˌɪndɪˈdʒestʃən,n.,1. 消化不良 2. 不理解，不吸收,英语专业四八级词汇表
indignant,ɪnˈdɪɡnənt,adj.,愤慨的，愤愤不平的,英语专业四八级词汇表
indignation,ˌɪndɪɡˈneɪʃən,n.,愤怒，愤慨，义愤,英语专业四八级词汇表
indignity,ɪnˈdɪɡnətɪ,n.,侮辱，轻蔑，伤害尊严,英语专业四八级词汇表
indigo,ˈɪndɪɡəʊ,n.,靛蓝，深紫蓝色,英语专业四八级词汇表
indirect,ˌɪndɪˈrekt,adj.,1. 间接的，迂回的，曲折的 2. 非直截了当的，非正面的,英语专业四八级词汇表
indiscreet,ɪndɪˈskriːt,adj.,1. 不谨慎的，鲁莽的，轻率的 2. 不稳重的，无礼的,英语专业四八级词汇表
indiscriminate,ˌɪndɪˈskrɪmɪnət,adj.,不加分析的，不加鉴别的，任意而为的,英语专业四八级词汇表
indispensable,ˌɪndɪˈspensəbl,adj.,绝对需要的，不可或缺的,英语专业四八级词汇表
indisposed,ˌɪndɪˈspəʊzd,adj.,1. 身体不适的，微恙的 2. 不愿做的，无意做的,英语专业四八级词汇表
indisputable,ˌɪndɪˈspjuːtəbl,adj.,不可争辩的，不容置疑的，无可否认的,英语专业四八级词汇表
indistinguishable,ˌɪndɪˈstɪŋɡwɪʃəbl,adj.,不能区别的，无法辨别的，(实际上)完全相同的,英语专业四八级词汇表
individual,ˌɪndɪˈvɪdʒʊəl,n.,个人，个体 adj. 1. 单独的，个别的，个人的 2. 特有的，独特的,英语专业四八级词汇表
individuality,ˈɪndɪˌvɪdʒʊˈælətɪ,n.,个性，个人特征,英语专业四八级词汇表
indoctrinate,ɪnˈdɒktrɪneɪt,v.,向…灌输，教导,英语专业四八级词汇表
indolent,ˈɪndələnt,adj.,懒惰的，不活动的，不活跃的,英语专业四八级词汇表
indoor,ˈɪndɔː,adj.,户内的，室内的,英语专业四八级词汇表
indoors,ˈɪndɔːz,adv.,在屋里，往室内,英语专业四八级词汇表
indubitable,ɪnˈdjuːbɪtəbl,adj.,不容置疑的，确实的,英语专业四八级词汇表
induce,ɪnˈdjuːs,v.,1. 引诱，诱导，劝 2. 引起，导致,英语专业四八级词汇表
inducement,ɪnˈdjuːsmənt,n.,诱使，引诱，诱因,英语专业四八级词汇表
induct,ɪnˈdʌkt,v.,使正式就职，吸收会员,英语专业四八级词汇表
induction,ɪnˈdʌkʃən,n.,1. 就职，就职入会等仪式，接纳会员 2. 诱导，引发，催产 3. 归纳法,英语专业四八级词汇表
indulge,ɪnˈdʌldʒ,v.,1. 纵容，放任 2. 沉迷，沉溺于,英语专业四八级词汇表
indulgence,ɪnˈdʌldʒəns,n.,1. 放纵，纵容，沉迷 2. 爱好，嗜好 3. 特赦，赦免,英语专业四八级词汇表
indulgent,ɪnˈdʌldʒənt,adj.,纵容的，宽容的,英语专业四八级词汇表
industrial,ɪnˈdʌstrɪəl,adj.,工业的，产业的，实业的,英语专业四八级词汇表
"industrialise, industrialize",ɪnˈdʌstrɪəlaɪz,,v.,英语专业四八级词汇表
"industrialise, industrialize",ɪnˈdʌstrɪəlaɪz,,(使)工业化,英语专业四八级词汇表
industrialist,ɪnˈdʌstriəlɪst,n.,工业家，实业家,英语专业四八级词汇表
industrious,ɪnˈdʌstrɪəs,adj.,勤奋的，发奋的,英语专业四八级词汇表
industry,ˈɪndəstrɪ,n.,1. 工业，实业，行业 2. 勤奋,英语专业四八级词汇表
ineffective,ˌɪnɪˈfektɪv,adj.,无效果的，无能力的，不起作用的,英语专业四八级词汇表
ineffectual,ˌɪnɪˈfektʃʊəl,adj.,无效的，徒劳无功的，不能干的,英语专业四八级词汇表
inefficient,ˌɪnɪˈfɪʃənt,adj.,1. 效率低的，无效果的，不经济的 2. 能力差的，不称职的,英语专业四八级词汇表
ineluctable,ˌɪnɪˈlʌktəbl,adj.,不可避免的，难免的,英语专业四八级词汇表
inept,ɪˈnept,adj.,1. 不熟练的，不擅长的，无能的 2. 不合适的，不策略的,英语专业四八级词汇表
inequality,ˌɪnɪˈkwɒlətɪ,n.,不平等，不平均，互异，不相同,英语专业四八级词汇表
inert,ɪˈnɜːt,adj.,1. 无活动能力的，无生气的 2. 迟钝的，呆滞的，惰性的,英语专业四八级词汇表
inertia,ɪˈnɜːʃə,n.,1. 无活力，迟钝，懒惰 2. 惰性，保守，惯性,英语专业四八级词汇表
inescapable,ˌɪnɪˈskeɪpəbl,adj.,无法逃避的，不可避免的,英语专业四八级词汇表
inestimable,ɪnˈestɪməbl,adj.,无法评估的，无价的，非常贵重的,英语专业四八级词汇表
inevitable,ɪnˈevɪtəbl,adj.,不可避免的，预期的,英语专业四八级词汇表
inexact,ˌɪnɪɡˈzækt,adj.,不精确的，不准确的，不严谨的,英语专业四八级词汇表
inexhaustible,ˌɪnɪɡˈzɔːstəbl,adj.,无穷尽的，用不完的,英语专业四八级词汇表
inexorable,ɪnˈeksərəbl,adj.,无法改变的，不可阻挡的，不为所动的,英语专业四八级词汇表
inexperienced,ˌɪnɪkˈspɪəriənst,adj.,无经验的，不熟练的,英语专业四八级词汇表
inexplicable,ˌɪnɪkˈsplɪkəbl,adj.,无法解释的，不可思议的，莫名其妙的,英语专业四八级词汇表
infallible,ɪnˈfæləbl,adj.,1. 不会犯错误的，无过失的 2. 极精确的，绝对有效的，万无一失的,英语专业四八级词汇表
infamous,ˈɪnfəməs,adj.,声名狼藉的，恶名昭著的，无耻的,英语专业四八级词汇表
infancy,ˈɪnfənsɪ,n.,幼年期，孩提时期，初期,英语专业四八级词汇表
infant,ˈɪnfənt,n.,婴儿，幼儿,英语专业四八级词汇表
infantile,ˈɪnfəntaɪl,adj.,婴儿(期)的，孩子气的，幼稚的,英语专业四八级词汇表
infantry,ˈɪnfəntrɪ,n.,步兵,英语专业四八级词汇表
infatuated,ɪnˈfætʃʊeɪtɪd,adj.,迷恋的，沉溺的，痴情的,英语专业四八级词汇表
infatuation,ɪnˌfætʃʊˈeɪʃən,n.,热恋，痴情，迷恋,英语专业四八级词汇表
infect,ɪnˈfekt,v.,传染，感染，影响,英语专业四八级词汇表
infection,ɪnˈfekʃən,n.,传染(病)，感染，影响,英语专业四八级词汇表
infectious,ɪnˈfekʃəs,adj.,传染性的，有感染力的,英语专业四八级词汇表
infer,ɪnˈfɜː,v.,推断，推论，推测,英语专业四八级词汇表
inference,ˈɪnfərəns,n.,1. 推论，推理 2. 结论，推断结果,英语专业四八级词汇表
inferior,ɪnˈfɪərɪə,adj.,1.,英语专业四八级词汇表
inferior,ɪnˈfɪərɪə,,(质量等)较劣的，次等的 2.,英语专业四八级词汇表
inferior,ɪnˈfɪərɪə,,(地位等)下级的，低等的，低于,英语专业四八级词汇表
infernal,ɪnˈfɜːnəl,adj.,1. 阴间的，地狱(似)的，魔鬼般的  2. 可恶的，讨厌的,英语专业四八级词汇表
infertile,ɪnˈfɜːtaɪl,adj.,不肥沃的，不能生育的，不结果实的,英语专业四八级词汇表
infest,ɪnˈfest,,v.,英语专业四八级词汇表
infest,ɪnˈfest,,(害虫等)大批出没，遍布，侵扰,英语专业四八级词汇表
infidelity,ˌɪnfɪˈdelətɪ,n.,不忠实，背信，通奸,英语专业四八级词汇表
infighting,ˈɪnfaɪtɪŋ,n.,勾心斗角，暗斗，(拳击)接近战,英语专业四八级词汇表
infiltrate,ˈɪnfɪltreɪt,v.,渗透，(使)渗入，潜入,英语专业四八级词汇表
infinite,ˈɪnfɪnət,adj.,1. 无限的，无穷的，无际的 2. 巨大的，无数的,英语专业四八级词汇表
infinitive,ɪnˈfɪnɪtɪv,n.,原形(动词)，不定式 adj. 原形的，不定式的,英语专业四八级词汇表
infinity,ɪnˈfɪnətɪ,n.,无穷，无限,英语专业四八级词汇表
infirm,ɪnˈfɜːm,adj.,体弱的，虚弱的，意志薄弱的,英语专业四八级词汇表
infirmary,ɪnˈfɜːmərɪ,n.,医院，疗养院，医务室,英语专业四八级词汇表
infirmity,ɪnˈfɜːrmətɪ,n.,体弱，虚弱，衰弱,英语专业四八级词汇表
inflame,ɪnˈfleɪm,v.,使愤怒，使激动,英语专业四八级词汇表
inflamed,ɪnˈfleɪmd,adj.,1. 发炎的，红肿的 2. 愤怒的，激动的,英语专业四八级词汇表
inflammable,ɪnˈflæməbl,adj.,1. 易燃的 2. 易激动的，易激怒的,英语专业四八级词汇表
inflammation,ˌɪnfləˈmeɪʃən,n.,1. 燃烧，激动 2. 发炎，炎症,英语专业四八级词汇表
inflammatory,ɪnˈflæmətərɪ,adj.,使人激愤的，煽动性的,英语专业四八级词汇表
inflate,ɪnˈfleɪt,v.,1. 使充气，使肿大 2. 使通货膨胀,英语专业四八级词汇表
inflation,ɪnˈfleɪʃən,n.,1. 充气，膨胀，夸大 2. 通货膨胀，物价高涨,英语专业四八级词汇表
inflection,ɪnˈflekʃən,n.,词尾变化，音调变化，转调,英语专业四八级词汇表
inflexible,ɪnˈfleksəbl,adj.,1. 不能弯曲的，不能改变的 2. 坚定不移的，不屈的，不受影响的,英语专业四八级词汇表
inflict,ɪnˈflɪkt,v.,1. 予以(打击)，使遭受，强加于 2. 施(刑)，处(罚),英语专业四八级词汇表
inflow,ˈɪnfləʊ,n.,注入，涌入，流入(物、量),英语专业四八级词汇表
influence,ˈɪnflʊəns,v.,影响，左右，支配 n. 1. 影响(力)，感化力，作用 2. 势力，权势,英语专业四八级词汇表
influential,ˌɪnflʊˈenʃəl,adj.,有影响力的，有权势的,英语专业四八级词汇表
influenza,ˌɪnflʊˈenzə,n.,流行性感冒,英语专业四八级词汇表
influx,ˈɪnflʌks,n.,流入，涌入，汇集,英语专业四八级词汇表
inform,ɪnˈfɔːm,v.,1. 通知，告知，使了解 2. 告密，告发,英语专业四八级词汇表
informal,ɪnˈfɔːml,adj.,1. 非正式的，非正规的 2. 不拘礼节的，日常使用的 informality,英语专业四八级词汇表
information,ˌɪnfəˈmeɪʃən,n.,1. 消息，讯息，资料 2. 学识，见闻 3. 通知，告知,英语专业四八级词汇表
informative,ɪnˈfɔːmətɪv,adj.,提供讯息的，增进知识的,英语专业四八级词汇表
informed,ɪnˈfɔːmd,adj.,1. 有学识的，见识广的，有根据的 2. 有见地的，明智的,英语专业四八级词汇表
informer,ɪnˈfɔːmə,n.,告密者，告发者，检举人,英语专业四八级词汇表
infrared,ˌɪnfrəˈred,adj.,红外线的,英语专业四八级词汇表
infrastructure,ˈɪnfrəˌstrʌktʃə,n.,基础结构，基本设施(如运输、动力、通讯等),英语专业四八级词汇表
infringe,ɪnˈfrɪndʒ,v.,1. 违反，违背 2. 干涉，侵犯，干扰,英语专业四八级词汇表
infuriate,ɪnˈfjʊərɪeɪt,v.,使大怒，激怒,英语专业四八级词汇表
infuse,ɪnˈfjuːz,v.,1. 灌输，注入 2. 泡制，被浸泡,英语专业四八级词汇表
ingenious,ɪnˈdʒiːnɪəs,adj.,1. 心灵手巧的，精巧的 2. 有创造性的,英语专业四八级词汇表
ingenuity,ˌɪndʒɪˈnjuːətɪ,n.,1. 心灵手巧，足智多谋，精巧 2. 独创性，富有创造的才能,英语专业四八级词汇表
ingenuous,ɪnˈdʒenjʊəs,adj.,纯朴的，坦率的，天真无邪的,英语专业四八级词汇表
inglorious,ɪnˈɡlɔːrɪəs,adj.,1. 可耻的，不光彩的 2. 不出名的,英语专业四八级词汇表
ingrained,ɪnˈɡreɪnd,adj.,根深蒂固的，一成不变的，积深难除的,英语专业四八级词汇表
ingratiate,ɪnˈɡreɪʃɪeɪt,v.,设法讨好，迎合，取悦,英语专业四八级词汇表
ingratiating,ɪnˈɡreɪʃɪeɪtɪŋ,adj.,讨好的，迎合的，奉承的,英语专业四八级词汇表
ingredient,ɪnˈɡriːdɪənt,n.,1.,英语专业四八级词汇表
ingredient,ɪnˈɡriːdɪənt,,(混合物的)组成成分，(烹调的)原料，配料 2. 要素,英语专业四八级词汇表
inhabit,ɪnˈhæbɪt,v.,居住于，栖息于,英语专业四八级词汇表
inhabitable,ɪnˈhæbɪtəbl,adj.,可居住的，可栖居的,英语专业四八级词汇表
inhabitant,ɪnˈhæbɪtənt,n.,居民，栖居的动物,英语专业四八级词汇表
inhale,ɪnˈheɪl,v.,吸入，吸气,英语专业四八级词汇表
inherent,ɪnˈhɪərənt,adj.,固有的，内在的，天生的,英语专业四八级词汇表
inherit,ɪnˈherɪt,v.,"继承(财产等),从(前人等)接过，得到",英语专业四八级词汇表
inheritance,ɪnˈherɪtəns,n.,1. 继承，遗传 2. 继承物，遗产,英语专业四八级词汇表
inhibit,ɪnˈhɪbɪt,v.,抑制，阻碍，约束,英语专业四八级词汇表
inhuman,ɪnˈhjuːmən,adj.,无人性的，残忍的，野蛮的,英语专业四八级词汇表
inhumane,ˌɪnhjuːˈmeɪn,adj.,不仁慈的，不人道的，不近人情的，无同情心的,英语专业四八级词汇表
inhumanity,ˌɪnhjuːˈmænɪtɪ,n.,无人性，野蛮，不近人情,英语专业四八级词汇表
inimitable,ɪˈnɪmɪtəbl,adj.,无法仿效的，无可比拟的,英语专业四八级词汇表
initial,ɪˈnɪʃəl,adj.,开始的，最初的，词首的 n. 1. 首字母 2.,英语专业四八级词汇表
initial,ɪˈnɪʃəl,,(pl)姓名(组织机构)的开头字母,英语专业四八级词汇表
initially,ɪˈnɪʃəlɪ,adv.,最初，开头，首先,英语专业四八级词汇表
initiate,ɪˈnɪʃɪeɪt,v.,1. 开始实施，创始，发起 2. 介绍(接纳)某人加入(某团体)，传授基  本要领(秘密知识),英语专业四八级词汇表
initiative,ɪˈnɪʃətɪv,adj.,起始的，初步的，创始的 n. 1. 进取心，首创精神，倡议 2. 主动性，主动权 || on one’s own initiative主动地 /take the initiative采取主动，首先采取行动,英语专业四八级词汇表
inject,ɪnˈdʒekt,v.,1. 注射，注入 2. 插(话) 3. 引入,英语专业四八级词汇表
injection,ɪnˈdʒekʃən,n.,注射，注入,英语专业四八级词汇表
injunction,ɪnˈdʒʌŋkʃən,n.,命令，指令，禁止令,英语专业四八级词汇表
injure,ˈɪndʒə,v.,伤害，损害,英语专业四八级词汇表
injurious,ɪnˈdʒʊərɪəs,adj.,1. 有害的，致伤的 2. 不公正的，侮辱的,英语专业四八级词汇表
injury,ˈɪndʒərɪ,n.,伤害，损害，伤口,英语专业四八级词汇表
injustice,ɪnˈdʒʌstɪs,n.,不公正，不公平，非正义,英语专业四八级词汇表
ink,ɪŋk,n.,墨水，油墨，墨汁,英语专业四八级词汇表
inkling,ˈɪŋklɪŋ,n.,暗示，模糊的概念(印象),英语专业四八级词汇表
inlaid,ˌɪnˈleɪd,adj.,镶嵌的，嵌饰的,英语专业四八级词汇表
inland,ˈɪnlənd,adj.,内地的，内陆的 adv. 在内地，在内陆，向内地，向内陆  n. 内地，内陆,英语专业四八级词汇表
in-laws,ˈɪn lɔːz,n.,姻亲,英语专业四八级词汇表
inlet,ˈɪnlet,n.,1. 湾，水湾 2. 入口，进口,英语专业四八级词汇表
inmate,ˈɪnmeɪt,,n.,英语专业四八级词汇表
inmate,ˈɪnmeɪt,,(尤指监狱、医院等机构中)同住的人,英语专业四八级词汇表
inmost,ˈɪnməʊst,adj.,最内的，最深的，最秘密的(=innermost),英语专业四八级词汇表
inn,ɪn,n.,小旅店，客栈，小酒店,英语专业四八级词汇表
innate,ɪˈneɪt,adj.,天生的，固有的，天赋的,英语专业四八级词汇表
inner,ˈɪnə,adj.,内部的，内心的，精神的,英语专业四八级词汇表
innocence,ˈɪnəsəns,n.,1. 无罪，清白 2. 天真，单纯，简单,英语专业四八级词汇表
innocent,ˈɪnəsnt,adj.,1. 清白的，无罪的 2. 单纯的，率真的，不谙世故的 3. 无知的，头脑简单的 4. 无害的,英语专业四八级词汇表
innovate,ˈɪnəveɪt,v.,革新，改革，创新,英语专业四八级词汇表
innovation,ˌɪnəˈveɪʃən,n.,1. 革新，创新 2. 新方法，新发明,英语专业四八级词汇表
innumerable,ɪˈnjuːmərəbl,adj.,无数的，数不清的,英语专业四八级词汇表
inoculate,ɪˈnɒkjʊleɪt,v.,接种，打预防针,英语专业四八级词汇表
inoffensive,ˌɪnəˈfensɪv,adj.,不触犯人的，不招人讨厌的,英语专业四八级词汇表
inordinate,ɪnˈɔːdɪnət,adj.,无节制的，过度的，放纵的,英语专业四八级词汇表
input,ˈɪnpʊt,n.,输入(信息、程序等)，投入  v. 输入,英语专业四八级词汇表
inquest,ˈɪnkwest,n.,审问，审讯，审查,英语专业四八级词汇表
inquire,ɪnˈkwaɪə,v.,询问，查究，调查 || inquire after问候 /inquire into查究，调查,英语专业四八级词汇表
inquiring,ɪnˈkwaɪərɪŋ,adj.,好问的，爱查根问底的，爱打听的,英语专业四八级词汇表
inquiry,ɪnˈkwaɪərɪ,n.,1. 询问，查问，调查 2. 探究，探索,英语专业四八级词汇表
inquisition,ˌɪnkwɪˈzɪʃən,n.,严密审讯，审查，查究,英语专业四八级词汇表
inquisitive,ɪnˈkwɪzətɪv,adj.,好奇的，求知欲强的，好查根究底的,英语专业四八级词汇表
insane,ɪnˈseɪn,adj.,疯狂的，精神失常的，荒唐的,英语专业四八级词汇表
insanity,ɪnˈsænətɪ,n.,疯狂，精神错乱,英语专业四八级词汇表
insatiable,ɪnˈseɪʃəbl,adj.,无法满足的，贪得无厌的,英语专业四八级词汇表
inscribe,ɪnˈskraɪb,v.,刻，题写，题赠,英语专业四八级词汇表
inscription,ɪnˈskrɪpʃən,n.,1. 刻印文字，铭文，碑文 2.,英语专业四八级词汇表
inscription,ɪnˈskrɪpʃən,,(书或画)题词，献词,英语专业四八级词汇表
insect,ˈɪnsekt,n.,昆虫,英语专业四八级词汇表
insecticide,ɪnˈsektɪsaɪd,n.,杀虫剂(药),英语专业四八级词汇表
insensibility,ɪnˌsensəˈbɪlətɪ,n.,1. 无知觉，无意识，无感觉  2. 缺乏反应能力，冷淡,英语专业四八级词汇表
insensitive,ɪnˈsensətɪv,adj.,感觉迟钝的，不敏感的，无感觉的,英语专业四八级词汇表
inseparable,ɪnˈseprəbl,adj.,不可分的，分不开的,英语专业四八级词汇表
insert,ɪnˈsɜːt,v.,插入，嵌入，添加 n. 插页，插入物,英语专业四八级词汇表
inset,ˈɪnset,n.,添入物(指一页印刷品或大图中插入或套印的小图),英语专业四八级词汇表
inside,ˈɪnˈsaɪd,adj.,里面的，内部的，内幕的 adv. 在里面，在屋内，在心里 prep. 在…里面，在…以内 n. 1. 里面，内部，内幕 2. 内侧，内圈 3.,英语专业四八级词汇表
inside,ˈɪnˈsaɪd,,(pl) 肚子，肠胃，内脏 || inside and out①里里外外②彻底地 /,英语专业四八级词汇表
inside,ˈɪnˈsaɪd,,inside out①内外翻转地②彻底地,英语专业四八级词汇表
insider,ɪnˈsaɪdə,n.,内部的人，知情者,英语专业四八级词汇表
insidious,ɪnˈsɪdɪəs,adj.,阴险的，暗中为害的，隐伏的，潜在的,英语专业四八级词汇表
insight,ˈɪnsaɪt,n.,洞察力，深入了解，洞悉,英语专业四八级词汇表
insignificant,ˌɪnsɪɡˈnɪfɪkənt,adj.,小的，无足轻重的，无意义的，无价值的,英语专业四八级词汇表
insincere,ˌɪnsɪnˈsɪə,adj.,不诚恳的，虚伪的，不可信的,英语专业四八级词汇表
insinuate,ɪnˈsɪnjʊeɪt,v.,1. 暗示，含沙射影地说，旁敲侧击地示意 2. 悄然潜入，施计取得宠信,英语专业四八级词汇表
insipid,ɪnˈsɪpɪd,adj.,1. 无味道的 2. 乏味的，无生气的，无特色的,英语专业四八级词汇表
insist,ɪnˈsɪst,v.,1. 坚持，坚决认为 2. 坚决要求，强调,英语专业四八级词汇表
insistent,ɪnˈsɪstənt,adj.,坚持的，持续的,英语专业四八级词汇表
insofar,ˌɪnsəˈfɑː,adv.,|| insofar as至…度，在…范围  (=in so far as),英语专业四八级词汇表
insolent,ˈɪnsələnt,adj.,粗鲁的，无礼的，侮慢的,英语专业四八级词汇表
insoluble,ɪnˈsɒljʊbl,adj.,1. 不能溶解的 2. 不能解决的，不能解释的，无法解答的,英语专业四八级词汇表
insomnia,ɪnˈsɒmnɪə,n.,失眠(症),英语专业四八级词汇表
insomniac,ɪnˈsɒmnɪæk,adj.,&n. 患失眠症的(人),英语专业四八级词汇表
insomuch,ˌɪnsəʊˈmʌtʃ,adv.,|| insomuch as因为，鉴于，至如此程度,英语专业四八级词汇表
inspect,ɪnˈspekt,v.,1. 检查，审查 2. 检阅，视察，参观,英语专业四八级词汇表
inspection,ɪnˈspekʃən,n.,检查，检阅，视察,英语专业四八级词汇表
inspector,ɪnˈspektə,n.,检查员，检阅者，督察员,英语专业四八级词汇表
inspiration,ˌɪnspəˈreɪʃən,n.,1. 鼓舞人心的人(物)，激发 2. 灵感，启示，妙计,英语专业四八级词汇表
inspire,ɪnˈspaɪə,v.,1. 鼓舞，激发，激励 2. 鼓动，驱使，激起灵感,英语专业四八级词汇表
inspiring,ɪnˈspaɪərɪŋ,adj.,鼓舞人心的，启发灵感的,英语专业四八级词汇表
install,ɪnˈstɔːl,v.,1. 安装，设置 2. 安顿，安置 3. 正式任命，任用,英语专业四八级词汇表
installation,ˌɪnstəˈleɪʃən,n.,安装，设备，任职,英语专业四八级词汇表
"instalment, installment",ɪnˈstɔːlmənt,n.,1.,英语专业四八级词汇表
"instalment, installment",ɪnˈstɔːlmənt,,(分期连载的)部分，分册 2. 分期付款,英语专业四八级词汇表
instance,ˈɪnstəns,n.,例子，实例 || for instance例如，比如 /,英语专业四八级词汇表
instance,ˈɪnstəns,in,the first instance首先，第一，最初,英语专业四八级词汇表
instant,ˈɪnstənt,adj.,1. 紧急的，迫切的，立刻的 2.,英语专业四八级词汇表
instant,ˈɪnstənt,,(食品)已配制好的，速溶的，即时的 n. 顷刻，瞬息，时刻,英语专业四八级词汇表
instantaneous,ˌɪnstənˈteɪnɪəs,adj.,瞬间发生的，立即的，即时的,英语专业四八级词汇表
instantly,ˈɪnstəntlɪ,adv.,立即，马上,英语专业四八级词汇表
instead,ɪnˈsted,adv.,代替，替代  || instead of代替，而不是,英语专业四八级词汇表
instep,ˈɪnstep,n.,脚背，鞋面,英语专业四八级词汇表
instigate,ˈɪnstɪɡeɪt,v.,怂恿，唆使，煽动,英语专业四八级词汇表
"instil, instill",ɪnˈstɪl,v.,逐步灌输，注入,英语专业四八级词汇表
instinct,ˈɪnstɪŋkt,n.,1. 本能，天性，直觉 2. 天资，天赋,英语专业四八级词汇表
institute,ˈɪnstɪtjuːt,n.,1. 协会，学会，机构 2. 科研所，学院，研究院  v. 建立，设立，制定,英语专业四八级词汇表
institution,ˌɪnstɪˈtjuːʃən,n.,1.,英语专业四八级词汇表
institution,ˌɪnstɪˈtjuːʃən,,(教育、慈善、医院等)社会公共机构 2. 建立，设立，制定 3. 制度，惯例，习俗,英语专业四八级词汇表
institutional,ˌɪnstɪˈtjuːʃənəl,adj.,1. 由来已久的，习以为常的 2. 公共机构的，慈善机关的,英语专业四八级词汇表
instruct,ɪnˈstrʌkt,v.,1. 教育，指导，讲授 2. 通知 3. 指示，命令,英语专业四八级词汇表
instruction,ɪnˈstrʌkʃən,n.,1. 教育，指导，训练 2.,英语专业四八级词汇表
instruction,ɪnˈstrʌkʃən,,(pl)指示，命令，用法说明,英语专业四八级词汇表
instructive,ɪnˈstrʌktɪv,adj.,有益的，有启发性的,英语专业四八级词汇表
instructor,ɪnˈstrʌktə,n.,1. 教师，指导者 2.,英语专业四八级词汇表
instructor,ɪnˈstrʌktə,,(AmE)大学讲师,英语专业四八级词汇表
instrument,ˈɪnstrʊmənt,n.,1. 乐器 2. 仪器，器械，器具 3. 手段,英语专业四八级词汇表
instrumental,ˌɪnstrʊˈmentəl,adj.,1. 有助的，起作用的 2. 仪器的，用乐器演奏的,英语专业四八级词汇表
insufficient,ˌɪnsəˈfɪʃənt,adj.,不充分的，不足的，不适当，不胜任的,英语专业四八级词汇表
insular,ˈɪnsjʊlə,adj.,1. 岛屿的，海岛的 2. 心胸狭窄的，偏狭的,英语专业四八级词汇表
insulate,ˈɪnsjʊleɪt,v.,1. 隔离，使孤立 2. 使绝缘，使隔绝(热、声音等),英语专业四八级词汇表
insulation,ˌɪnsjʊˈleɪʃən,n.,1. 隔离，绝缘，隔热(音) 2. 绝缘(隔热、隔音等)的材料,英语专业四八级词汇表
insulator,ˈɪnsjʊleɪtə,n.,绝缘体，隔热体，隔音物,英语专业四八级词汇表
insult,ɪnˈsʌlt,v.,1. 侮辱，辱骂 2. 损害[ˈɪnsʌlt] n. 侮辱，凌辱，损伤 || add insult to injury①伤害后再加以侮辱②雪上加霜，更糟的是,英语专业四八级词汇表
insulting,ɪnˈsʌltɪŋ,adj.,1. 侮辱的，无礼的 2. 伤害人的,英语专业四八级词汇表
insuperable,ɪnˈsuːpərəbl,adj.,难以克服的，无法解决的，难以超越的,英语专业四八级词汇表
insurance,ɪnˈʃʊrəns,n.,1. 安全保障 2. 保险，保险业，保险费,英语专业四八级词汇表
insure,ɪnˈʃʊə,v.,1. 保险 2. 保证，确保,英语专业四八级词汇表
insured,ɪnˈʃʊəd,n.,被保险人，保户，投保人,英语专业四八级词汇表
insurer,ɪnˈʃʊərə,n.,承保人，保险公司,英语专业四八级词汇表
insurgent,ɪnˈsɜːdʒənt,adj.,起义的，叛乱的，造反的 n. 叛乱士兵,英语专业四八级词汇表
insurmountable,ˌɪnsəˈmaʊntəbl,adj.,无法超越的，不能克服的,英语专业四八级词汇表
insurrection,ˌɪnsəˈrekʃən,n.,起义，暴动，叛乱,英语专业四八级词汇表
intact,ɪnˈtækt,adj.,无损伤的，完整的，完好无缺的,英语专业四八级词汇表
intake,ˈɪnteɪk,n.,1. 吸入(量)，纳入 2.,英语专业四八级词汇表
intake,ˈɪnteɪk,,(液体等的)进入口，引入口,英语专业四八级词汇表
intangible,ɪnˈtændʒəbl,adj.,1. 触摸不到的，无形的，无实体的 2. 感受不到的，难以捉摸的，无法确定的,英语专业四八级词汇表
integer,ˈɪntɪdʒə,n.,整数，完整体，统一体,英语专业四八级词汇表
integral,ˈɪntɪɡrəl,adj.,不可或缺的，构成整体所必需的，完整的,英语专业四八级词汇表
integrate,ˈɪntɪɡreɪt,v.,1. 使成一体，使完整，使完善 2.,英语专业四八级词汇表
integrate,ˈɪntɪɡreɪt,,(AmE)取消种族隔离，使获得平等待遇,英语专业四八级词汇表
integrity,ɪnˈteɡrətɪ,n.,1. 完整，完全，完善 2. 正直，诚实，廉正,英语专业四八级词汇表
intellect,ˈɪntəlekt,n.,智力，思考能力,英语专业四八级词汇表
intellectual,ˌɪntɪˈlektʃʊəl,n.,知识分子，有理智的人 adj. 智力(发达)的，理智方面的，有知识的,英语专业四八级词汇表
intelligence,ɪnˈtelɪdʒəns,n.,1. 智力，理解力，智慧 2. 情报，谍报 3. 情报人员，情报机构,英语专业四八级词汇表
intelligent,ɪnˈtelɪdʒənt,adj.,聪明的，理智的，明智的,英语专业四八级词汇表
intelligible,ɪnˈtelɪdʒəbl,adj.,可理解的，易于明白的,英语专业四八级词汇表
intend,ɪnˈtend,v.,1. 想要，打算 2. 意指,英语专业四八级词汇表
intense,ɪnˈtens,adj.,1. 强烈的，剧烈的 2. 热切的，热情的 3. 认真的，紧张的,英语专业四八级词汇表
intensify,ɪnˈtensɪfaɪ,v.,加强，增强，加剧,英语专业四八级词汇表
intensity,ɪnˈtensətɪ,n.,1. 强烈，激烈 2.,英语专业四八级词汇表
intensity,ɪnˈtensətɪ,,(电、热、光、声等的)强度,英语专业四八级词汇表
intensive,ɪnˈtensɪv,adj.,1. 加强的，集中的，深入细致的 2. 精耕细作的,英语专业四八级词汇表
intent,ɪnˈtent,n.,1. 意图，目的 2. 意义，含义 || to all intents and purposes在任何一方面，实际上 adj. 1.,英语专业四八级词汇表
intent,ɪnˈtent,,(目光等)不转移的，集中的，热切的 2. 专心致志的，坚决的,英语专业四八级词汇表
intention,ɪnˈtenʃən,n.,1. 意图，打算，目的 2. 意思，含义,英语专业四八级词汇表
intentional,ɪnˈtenʃənəl,adj.,有意的，故意的,英语专业四八级词汇表
interact,ˌɪntərˈækt,v.,相互作用，相互影响,英语专业四八级词汇表
interaction,ˌɪntərˈækʃən,n.,相互作用，相互影响,英语专业四八级词汇表
interactive,ˌɪntərˈæktɪv,adj.,1. 互相作用的，互相影响的 2. 交互式的，人机对话的,英语专业四八级词汇表
intercept,ˌɪntəˈsept,v.,中途拦截，截击，窃听,英语专业四八级词汇表
intercession,ˌɪntəˈseʃən,,n.,英语专业四八级词汇表
intercession,ˌɪntəˈseʃən,,(代为)求情，调解，斡旋,英语专业四八级词汇表
interchange,ˌɪntəˈtʃeɪndʒ,v.,交换，互换，交替发生 n. 1. 交换，互换 2. 立体交叉道,英语专业四八级词汇表
intercom,ˈɪntəkɒm,n.,内部通信联络系统，对讲机,英语专业四八级词汇表
intercontinental,ˌɪntəˌkɒntɪˈnentəl,adj.,洲际的,英语专业四八级词汇表
intercourse,ˈɪntəkɔːs,n.,交往，交际，交流,英语专业四八级词汇表
interdependent,ˌɪntədɪˈpendənt,adj.,互相依赖的，互相依存的,英语专业四八级词汇表
interest,ˈɪntrəst,n.,1. 兴趣，爱好，关注 2. 感兴趣的事，趣味 3.,英语专业四八级词汇表
interest,ˈɪntrəst,,(pl)利益，利害关系，好处 4. 股权，权益，利息 || in the interest(s) of为了…的利益，有助于 v. 1. 使发生兴趣，引起…的注意 2. 使参与，使有关系,英语专业四八级词汇表
interested,ˈɪntrəstɪd,adj.,1. 感兴趣的，关心的 2. 有(利害)关系的，切身的，有私心的,英语专业四八级词汇表
interesting,ˈɪntrɪstɪŋ,adj.,有趣的，令人感兴趣的，令人关注的,英语专业四八级词汇表
interface,ˈɪntəfeɪs,n.,1. 界面，分界面 2.,英语专业四八级词汇表
interface,ˈɪntəfeɪs,,(两个系统互相交接和影响的)接合部位，边缘区域，交接处 v.,英语专业四八级词汇表
interface,ˈɪntəfeɪs,,(使)互相作用,英语专业四八级词汇表
interfere,ˌɪntəˈfɪə,v.,1. 干涉，干预，介入 2. 妨碍，阻挠，打扰,英语专业四八级词汇表
interference,ˌɪntəˈfɪərəns,n.,干涉，干扰，阻碍,英语专业四八级词汇表
interim,ˈɪntərɪm,adj.,暂时的，临时的，中期的，过渡时期的,英语专业四八级词汇表
interior,ɪnˈtɪərɪə,n.,1. 内部，室内 2. 内地，内陆 3. 内心，本质  adj. 1. 内(部)的，内陆的，腹地的 2. 国内的，内政的 3. 本质的，心灵的,英语专业四八级词汇表
interject,ˌɪntəˈdʒekt,v.,突然插入，插话，打断(别人的话),英语专业四八级词汇表
interjection,ˌɪntəˈdʒekʃən,n.,感叹词,英语专业四八级词汇表
interlock,ˌɪntəˈlɒk,v.,使连锁，(使)互相扣住，使连接,英语专业四八级词汇表
interlocutor,ˌɪntəˈlɒkjʊtə,n.,参加对话(讨论)的人,英语专业四八级词汇表
interloper,ˈɪntələʊpə,n.,闯入者，干涉他人事务者,英语专业四八级词汇表
interlude,ˈɪntəluːd,,n.,英语专业四八级词汇表
interlude,ˈɪntəluːd,,(演出、活动间的)暂休，间歇，插曲,英语专业四八级词汇表
intermediary,ˌɪntəˈmiːdɪərɪ,n.,调解人，中间人，斡旋者,英语专业四八级词汇表
intermediate,ˌɪntəˈmiːdɪət,adj.,1. 中间的，居中的 2. 中级的，中等程度的,英语专业四八级词汇表
interment,ɪnˈtɜːmənt,n.,埋葬，安葬,英语专业四八级词汇表
interminable,ɪnˈtɜːmɪnəbl,adj.,冗长乏味的，无休止的，没完没了的,英语专业四八级词汇表
intermingle,ˌɪntəˈmɪŋɡl,v.,使(人、思想、物质等)混合,英语专业四八级词汇表
intermittent,ˌɪntəˈmɪtənt,adj.,断续的，间歇的,英语专业四八级词汇表
internal,ɪnˈtɜːnəl,adj.,1. 内部的，内政的，国内的 2. 内在的，本质的,英语专业四八级词汇表
international,ˌɪntəˈnæʃənəl,adj.,国际的，世界的 |n. 国际比赛，国际比赛选手,英语专业四八级词汇表
internet,ˈɪntənet,n.,因特网，互联网,英语专业四八级词汇表
interpersonal,ˌɪntəˈpɜːsənəl,adj.,人与人之间的，人际的,英语专业四八级词汇表
interplay,ˈɪntəpleɪ,n.,相互作用，相互影响，互相合作,英语专业四八级词汇表
interpose,ˌɪntəˈpəʊz,v.,介入，插入，打断谈话,英语专业四八级词汇表
interpret,ɪnˈtɜːprɪt,v.,1. 解释，说明 2. 了解，理解，体现 3. 传译，担任口译,英语专业四八级词汇表
interpretation,ɪnˌtɜːprɪˈteɪʃən,n.,1. 解释，说明，诠释 2. 翻译，口译,英语专业四八级词汇表
interpreter,ɪnˈtɜːprɪtə,n.,解释者，口译者,英语专业四八级词汇表
interrogate,ɪnˈterəɡeɪt,v.,讯问，审问，盘问,英语专业四八级词汇表
interrupt,ˌɪntəˈrʌpt,v.,1. 打断，中止，打扰 2. 中断，阻碍,英语专业四八级词汇表
intersect,ˌɪntəˈsekt,v.,1. 横断，横切，贯穿 2. 相交，交叉,英语专业四八级词汇表
intersection,ˌɪntəˈsekʃən,n.,1. 横断，交叉，相交 2. 交叉路口，十字路口 3. 交点,英语专业四八级词汇表
intersperse,ˌɪntəˈspɜːs,v.,散置，散布，点缀,英语专业四八级词汇表
interval,ˈɪntəvəl,n.,1. 间隔，空隙，间歇 2.,英语专业四八级词汇表
interval,ˈɪntəvəl,,(BrE)幕间休息 || at intervals不时，相隔一定的距离(或时间) [at long intervals间或] at short intervals常常,英语专业四八级词汇表
intervene,ˌɪntəˈviːn,v.,1. 进入，介入，在其间 2. 干涉，干预,英语专业四八级词汇表
intervention,ˌɪntəˈvenʃən,n.,干涉，干预，介入,英语专业四八级词汇表
interview,ˈɪntəvjuː,v.,1. 接见，会见，采访 2. 对…进行面试(面谈)  n. 1. 接见，会见，会谈 2.,英语专业四八级词汇表
interview,ˈɪntəvjuː,,(记者等的)访问，对申请者的面试,英语专业四八级词汇表
interviewee,ˌɪntəvjuːˈiː,n.,接受面试者，被采访者,英语专业四八级词汇表
interviewer,ˈɪntəvjuːə,n.,采访者，接见者,英语专业四八级词汇表
intestinal,ɪnˈtestɪnəl,adj.,肠的，肠内的,英语专业四八级词汇表
intestine,ɪnˈtestɪn,,n.,英语专业四八级词汇表
intestine,ɪnˈtestɪn,,(pl) 肠,英语专业四八级词汇表
intimacy,ˈɪntɪməsɪ,n.,亲密，亲切，关系密切,英语专业四八级词汇表
intimidate,ɪnˈtɪmɪdeɪt,v.,恫吓，恐吓，威胁,英语专业四八级词汇表
intolerable,ɪnˈtɒlərəbl,adj.,无法忍受的，难以忍受的,英语专业四八级词汇表
intolerant,ɪnˈtɒlərənt,adj.,不(能)容忍的，偏狭的,英语专业四八级词汇表
intonation,ˌɪntəˈneɪʃən,n.,语调，声调,英语专业四八级词汇表
intoxicant,ɪnˈtɒksɪkənt,n.,醉人的物质，酒类,英语专业四八级词汇表
intoxicate,ɪnˈtɒksɪkeɪt,v.,使喝醉，使陶醉，使失去自制力,英语专业四八级词汇表
intractable,ɪnˈtræktəbl,adj.,倔强的，难对付的，难驾驭的,英语专业四八级词汇表
intransigent,ɪnˈtrænsɪdʒənt,adj.,固执己见的，不愿合作的，不妥协的,英语专业四八级词汇表
intricacy,ˈɪntrɪkəsɪ,n.,错综复杂，错综复杂的事物,英语专业四八级词汇表
intricate,ˈɪntrɪkət,adj.,细节繁多的，错综复杂的,英语专业四八级词汇表
intrigue,ɪnˈtriːɡ,v.,1. 耍阴谋诡计，密谋 2. 激起…的兴趣(好奇心)  n. 密谋，诡计,英语专业四八级词汇表
intrinsic,ɪnˈtrɪnsɪk,adj.,固有的，内在的，本质的,英语专业四八级词汇表
introduce,ˌɪntrəˈdjuːs,v.,1. 介绍，引进 2. 插入，传入，采用 3. 提出(话题等)，引出,英语专业四八级词汇表
introduction,ˌɪntrəˈdʌkʃən,n.,1. 介绍，引进，采用 2. 导论，引言，入门(书),英语专业四八级词汇表
introductory,ˌɪntrəˈdʌktərɪ,adj.,引导的，序言的，介绍的,英语专业四八级词汇表
introspection,ˌɪntrəˈspekʃən,n.,反省，内省,英语专业四八级词汇表
introvert,ˈɪntrəvɜːt,n.,内向的人,英语专业四八级词汇表
intrude,ɪnˈtruːd,v.,1. 侵入，闯入 2. 侵扰，干扰 3. 把…强加于,英语专业四八级词汇表
intruder,ɪnˈtruːdə,n.,闯入者，入侵者，夜盗者,英语专业四八级词汇表
intrusive,ɪnˈtruːsɪv,adj.,入侵的，闯入的，打扰的,英语专业四八级词汇表
intuition,ˌɪntjuːˈɪʃən,,h·直觉，直观,英语专业四八级词汇表
intuitive,ɪnˈtjuːɪtɪv,adj.,直觉的，来自直觉的，有直觉力的,英语专业四八级词汇表
inundate,ˈɪnʌndeɪt,v.,泛滥，淹没，充满,英语专业四八级词汇表
invade,ɪnˈveɪd,v.,1. 侵入，侵略，侵占 2. 侵害，侵犯(权利等)，侵袭 3. 涌入,英语专业四八级词汇表
invader,ɪnˈveɪdə,n.,侵略者，入侵者，侵入物,英语专业四八级词汇表
invalidate,ɪnˈvælɪdeɪt,v.,使无效(作废),英语专业四八级词汇表
invaluable,ɪnˈvæljʊəbl,adj.,无价的，非常宝贵的，极贵重的,英语专业四八级词汇表
invariable,ɪnˈveərɪəbl,adv.,不变的，恒定的，始终如一的,英语专业四八级词汇表
invasion,ɪnˈveɪʒən,n.,1. 入侵，侵略，闯入 2. 侵害，侵犯 3. 涌入,英语专业四八级词汇表
invent,ɪnˈvent,v.,1. 发明，创造 2. 捏造，虚构,英语专业四八级词汇表
invention,ɪnˈvenʃən,n.,1. 发明，创造(能力) 2. 发明物 3. 捏造，虚构,英语专业四八级词汇表
inventive,ɪnˈventɪv,adj.,善于发明的，善于创造的,英语专业四八级词汇表
inventor,ɪnˈventə,n.,发明者，创造者,英语专业四八级词汇表
inventory,ˈɪnvəntərɪ,,n.,英语专业四八级词汇表
inventory,ˈɪnvəntərɪ,,(商品的)目录，清单，盘存,英语专业四八级词汇表
inverse,ˌɪnˈvɜːs,n.,相反，颠倒，反面 adj. 相反的，反向的,英语专业四八级词汇表
invert,ɪnˈvɜːt,v.,倒置，颠倒,英语专业四八级词汇表
invest,ɪnˈvest,v.,1. 投资，投入(时间、精力等)，耗费 2. 授予(权利、权力等),英语专业四八级词汇表
investigate,ɪnˈvestɪɡeɪt,v.,调查，调查研究，审查,英语专业四八级词汇表
investigation,ɪnˌvestɪˈɡeɪʃən,n.,调查，研究,英语专业四八级词汇表
investigator,ɪnˈvestɪɡeɪtə,n.,调查者，审阅者,英语专业四八级词汇表
investment,ɪnˈvestmənt,n.,投资，投资额(物等)，投入,英语专业四八级词汇表
investor,ɪnˈvestə,n.,投资者,英语专业四八级词汇表
inveterate,ɪnˈvetərət,adj.,根深蒂固的，由来已久的，成瘾的,英语专业四八级词汇表
invidious,ɪnˈvɪdɪəs,adj.,易招怨恨的，引起不满的，惹人反感的,英语专业四八级词汇表
invigilate,ɪnˈvɪdʒɪleɪt,v.,监考,英语专业四八级词汇表
invigilator,ɪnˈvɪdʒɪleɪtə,n.,监考人,英语专业四八级词汇表
invigorate,ɪnˈvɪɡəreɪt,v.,使充满活力，使健壮，使振奋精神，鼓舞,英语专业四八级词汇表
invincible,ɪnˈvɪnsəbl,adj.,难以征服的，不可战胜的，不能克服的,英语专业四八级词汇表
inviolable,ɪnˈvaɪələbl,adj.,不可侵犯的，不可违背的,英语专业四八级词汇表
invisible,ɪnˈvɪzəbl,adj.,看不见的，无形的，隐匿的,英语专业四八级词汇表
invitation,ˌɪnvɪˈteɪʃən,n.,1. 邀请，请柬 2. 吸引，招致，要求,英语专业四八级词汇表
invite,ɪnˈvaɪt,v.,1. 邀请，请求 2. 吸引，引起,英语专业四八级词汇表
inviting,ɪnˈvaɪtɪŋ,adj.,吸引人的，诱人的,英语专业四八级词汇表
invocation,ˌɪnvəˈkeɪʃən,n.,1. 祷告祈求，求助于神或法律，援用 2. 祷告词,英语专业四八级词汇表
invoice,ˈɪnvɔɪs,v.,&12.,英语专业四八级词汇表
invoice,ˈɪnvɔɪs,,(开)发票，(开列)货品清单,英语专业四八级词汇表
invoke,ɪnˈvəʊk,v.,1. 求助于，恳求，乞求 2. 用法术招魂,英语专业四八级词汇表
involuntary,ɪnˈvɒləntərɪ,adj.,无意的，不由自主的，不自觉的,英语专业四八级词汇表
involve,ɪnˈvɒlv,v.,1. 涉及，使卷入，连累 2. 包括，包围，需要,英语专业四八级词汇表
involved,ɪnˈvɒlvd,adj.,1. 复杂的，混乱的 2. 有关的,英语专业四八级词汇表
invulnerable,ɪnˈvʌlnərəbl,adj.,无法伤害的，攻不破的，无懈可击的,英语专业四八级词汇表
inward,ˈɪnwəd,adj.,1. 在内的，里面(的)，向内的 2. 内心的，精神上的 adv. 向内，向中心,英语专业四八级词汇表
iodide,ˈaɪədaɪd,n.,碘化物,英语专业四八级词汇表
iodine,ˈaɪədiːn,n.,碘，碘酒,英语专业四八级词汇表
ion,ˈaɪən,n.,离子,英语专业四八级词汇表
irascible,ɪˈræsəbl,adj.,易怒的，暴躁的,英语专业四八级词汇表
Irish,ˈaɪərɪʃ,adj.,爱尔兰的， 爱尔兰人的，爱尔兰语的 n. 爱尔兰人，爱尔兰语,英语专业四八级词汇表
iris,ˈaɪərɪs,,(pl irides) n. 虹，彩虹，虹状物,英语专业四八级词汇表
irk,ɜːk,,，. 使苦恼，使厌烦,英语专业四八级词汇表
irksome,ˈɜːksəm,adj.,令人厌烦的，令人不快的,英语专业四八级词汇表
iron,ˈaɪən,n.,1. 铁，铁器，铁制品 2. 熨斗 || in irons上镣铐，入狱 v. 1. 用熨斗烫(衣服等)，烫 2. 给…上镣铐 || iron out①熨烫②解决，消除,英语专业四八级词汇表
ironic,aɪˈrɒnɪk,,，ironical [aɪˈrɒnɪkəl] adj. 讽刺的，反语的，挖苦的,英语专业四八级词汇表
irony,ˈaɪərənɪ,n.,1. 反语(法)，冷嘲，讥讽 2. 有讽刺意味的情况、事情等,英语专业四八级词汇表
irradiate,ɪˈreɪdɪeɪt,v.,照耀，照射,英语专业四八级词汇表
irrational,ɪˈræʃənəl,adj.,无理性的，不合理的，荒谬的,英语专业四八级词汇表
irreconcilable,ɪˈrekənsaɪləbl,adj.,不能和解的，不能调和的,英语专业四八级词汇表
irreducible,ˌɪrɪˈdjuːsɪbl,adj.,不能减低的，不能缩小的，不可简化的,英语专业四八级词汇表
irregular,ɪˈreɡjʊlə,adj.,1. 不规则的，无规律的 2. 不合法的，非正式的，不正当的 3. 不平整的,英语专业四八级词汇表
irrelevant,ɪˈreləvənt,adj.,不相关的，离题的，不重要的,英语专业四八级词汇表
irreparable,ɪˈrepərəbl,adj.,无法修复的，不能挽回的，不能弥补的,英语专业四八级词汇表
irrepressible,ˌɪrɪˈpresəbl,adj.,不能抑制的，不能控制的,英语专业四八级词汇表
irresistible,ˌɪrɪˈzɪstəbl,adj.,不可抗拒的，无法抑制的，富有诱惑力的,英语专业四八级词汇表
irrespective,ˌɪrɪˈspektɪv,adv.,不考虑，不顾及  || irrespective of不顾，不论,英语专业四八级词汇表
irresponsible,ˌɪrɪˈspɒnsəbl,adj.,不负责任的，不可靠的,英语专业四八级词汇表
irretrievable,ˌɪrɪˈtriːvəbl,adj.,不能复得的，无法挽救的，无法弥补的,英语专业四八级词汇表
irreverent,ɪˈrevərənt,,adj.,英语专业四八级词汇表
irreverent,ɪˈrevərənt,,(对神圣之物)不敬的，不虔诚的，无礼的,英语专业四八级词汇表
irreversible,ˌɪrɪˈvɜːsəbl,adj.,不能反转的，不能撤销的，不能更改的,英语专业四八级词汇表
irrevocable,ɪˈrevəkəbl,adj.,不能改变的，不能取消的，不可挽回的,英语专业四八级词汇表
irrigate,ˈɪrɪɡeɪt,v.,1. 灌溉 2. 冲洗(伤口),英语专业四八级词汇表
irrigation,ˌɪrɪˈɡeɪʃən,n.,1. 灌溉，水利 2. 冲洗法,英语专业四八级词汇表
irritable,ˈɪrɪtəbl,adj.,易怒的，急躁的，过敏的,英语专业四八级词汇表
irritant,ˈɪrɪtənt,adj.,有刺激 性的，刺激的 n. 刺激物,英语专业四八级词汇表
irritate,ˈɪrɪteɪt,v.,1. 激怒，使烦躁 2. 使不舒服，刺激,英语专业四八级词汇表
irritating,ˈɪrɪteɪtɪŋ,adj.,恼人的，令人不快的,英语专业四八级词汇表
irritation,ˌɪrɪˈteɪʃən,n.,1. 激怒，刺激 2. 刺激(物)，恼人事,英语专业四八级词汇表
irruption,ɪˈrʌpʃən,n.,突然冲入，闯入,英语专业四八级词汇表
is,ɪz,,be动词的第三人称单数现在时,英语专业四八级词汇表
Islam,ɪzˈlɑːm,n.,伊斯兰教(回教)，伊斯兰教徒，伊斯兰国家(世界),英语专业四八级词汇表
island,ˈaɪlənd,n.,1. 岛，岛状物 2.,英语专业四八级词汇表
island,ˈaɪlənd,,(道路上的)安全岛,英语专业四八级词汇表
isle,aɪl,n.,岛,英语专业四八级词汇表
isolate,ˈaɪsəleɪt,v.,隔离，孤立，使脱离,英语专业四八级词汇表
isolation,ˌaɪsəˈleɪʃən,n.,脱离，隔离，分离，孤立,英语专业四八级词汇表
isotherm,ˈaɪsəθɜːm,n.,等温线，恒温线,英语专业四八级词汇表
isothermal,ˌaɪsəʊˈθɜːməl,adj.,等温线的,英语专业四八级词汇表
isotope,aɪsətəʊp,n.,同位素,英语专业四八级词汇表
Israel,ˈɪzreɪəl,n.,1. 以色列国 2. 犹太民族，希伯来民族,英语专业四八级词汇表
Israeli,ɪzˈreɪlɪ,n.,&adj. 以色列的，以色列人(的)，犹太人(的),英语专业四八级词汇表
issuance,ˈɪʃʊəns,n.,发出，发行，发放,英语专业四八级词汇表
issue,ˈɪʃuː,v.,1.,英语专业四八级词汇表
issue,ˈɪʃuː,,(报刊等)发行，发布，颁布 2. 排出，(使)流出 3. 分配 n. 1. 发行物，(报刊)期号 2. 问题，议题，争论点 3.,英语专业四八级词汇表
issue,ˈɪʃuː,,(水、血等)流出，放出 4. 河口，出口,英语专业四八级词汇表
it,ɪt,prop.,它，这，那,英语专业四八级词汇表
Italian,ɪˈtælɪən,adj.,意大利(人)的，意大利语的 n. 意大利人，意大利语,英语专业四八级词汇表
italic,ɪˈtælɪk,adj.,斜体的,英语专业四八级词汇表
italics,ɪˈtælɪks,n.,印刷的斜体字母,英语专业四八级词汇表
itch,ɪtʃ,v.,感到痒，发痒 n. 1. 痒 2. 渴望 || be itching to do sth; be itching for sth渴望 (做)某事,英语专业四八级词汇表
item,ˈaɪtəm,n.,1. 条，项目，条款 2.,英语专业四八级词汇表
item,ˈaɪtəm,,(新闻等的)一条，一则,英语专业四八级词汇表
"itemise, itemize",ˈaɪtəmaɪz,v.,逐项列出(记载),英语专业四八级词汇表
iterate,ˈɪtəreɪt,v.,反复说，一再提出,英语专业四八级词汇表
itinerant,ɪˈtɪnərənt,adj.,巡回的，流动的,英语专业四八级词汇表
itinerary,aɪˈtɪnərərɪ,n.,旅行计划或记录，旅行路线,英语专业四八级词汇表
its,ɪts,adj.,它的,英语专业四八级词汇表
itself,ɪtˈself,n.,它本身，它自己,英语专业四八级词汇表
ivory,ˈaɪvərɪ,n.,1. 象牙，牙质 2. 象牙色，乳白色 adj. 象牙制的，象牙色的，乳白色的,英语专业四八级词汇表
ivy,ˈaɪvɪ,n.,常春藤 || Ivy League常春藤联盟(美国东部有高度学术水平和社会声誉的名牌大学的通称),英语专业四八级词汇表
jab,dʒæb,v.,&n. 戳，刺，猛击,英语专业四八级词汇表
jack,dʒæk,n.,起重器，千斤顶,英语专业四八级词汇表
jack-in-the-box,ˈdʒækɪnðəˌbɒks,n.,玩偶盒,英语专业四八级词汇表
jacket,ˈdʒækɪt,n.,1. 夹克衫 2. 外罩，保护罩,英语专业四八级词汇表
jade,dʒeɪd,n.,翡翠，玉,英语专业四八级词汇表
jagged,ˈdʒæɡɪd,adj.,边缘不整齐的，有锯齿状缺口的,英语专业四八级词汇表
jail,dʒeɪl,n.,监狱 v. 把…关入监狱,英语专业四八级词汇表
jailer,ˈdʒeɪlə,n.,监狱看守,英语专业四八级词汇表
janitor,ˈdʒænɪtə,n.,管理人,英语专业四八级词汇表
January,ˈdæʒnjʊərɪ,n.,一月,英语专业四八级词汇表
Japanese,ˌdʒæpəˈniːz,n.,日本人 adj. 日本的，日本人的,英语专业四八级词汇表
jar,dʒɑː,n.,大口瓶，壶,英语专业四八级词汇表
jargon,ˈdʒɑːɡən,n.,行话,英语专业四八级词汇表
jasmin(e),ˈdʒæsmɪn,n.,1. 茉莉 2. 淡黄色,英语专业四八级词汇表
javelin,ˈdʒævlɪn,n.,标枪,英语专业四八级词汇表
jaw,dʒɔː,n.,1. 颗 2.,英语专业四八级词汇表
jaw,dʒɔː,,(pl) (动物的)嘴，(钳子等工具)夹住东西的部分,英语专业四八级词汇表
jaywalk,ˈdʒeɪˌwɔːk,v.,无视交通规则任意穿行,英语专业四八级词汇表
jazz,dʒæz,n.,爵士乐,英语专业四八级词汇表
jealous,ˈdʒeləs,adj.,嫉妒的,英语专业四八级词汇表
jealousy,ˈdʒeləsɪ,n.,嫉妒，妒忌,英语专业四八级词汇表
jeans,dʒiːnz,n.,牛仔裤,英语专业四八级词汇表
jeep,dʒiːp,n.,吉普车,英语专业四八级词汇表
jeer,dʒɪə,v.,&n. 嘲笑，嘲弄,英语专业四八级词汇表
jelly,ˈdʒelɪ,n.,1. 果冻 2. 果酱 3. 果冻状物,英语专业四八级词汇表
jellyfish,ˈdʒelɪfɪʃ,n.,水母，海蚕,英语专业四八级词汇表
"jeopardize, jeopardise",ˈdʒepədaɪz,v.,危及，危害,英语专业四八级词汇表
jerk,dʒɜːk,n.,& v. 猛地摇晃，急拉，急抽,英语专业四八级词汇表
jerky,ˈdʒɜːkɪ,adj.,忽动忽停的，结结巴巴的，颠簸不稳的,英语专业四八级词汇表
jest,dʒest,n.,& v. 玩笑,英语专业四八级词汇表
Jesus,ˈdʒiːzəs,n.,耶稣,英语专业四八级词汇表
jet,dʒet,n.,1. 喷气式飞机  2. 喷嘴，喷射口 3.,英语专业四八级词汇表
jet,dʒet,,(喷出的)气体或液体 || jet lag高速飞行后的时差反应,英语专业四八级词汇表
jetty,ˈdʒetɪ,n.,栈桥，防波堤,英语专业四八级词汇表
Jew,dʒuː,n.,犹太人,英语专业四八级词汇表
jewel,ˈdʒuːəl,n.,1. 宝石 2. 贵重物品,英语专业四八级词汇表
"jeweller, jeweler",ˈdʒuːələ,n.,珠宝商，宝石商,英语专业四八级词汇表
"jewellery, jewelry",ˈdʒuːəlrɪ,n.,珠宝，首饰,英语专业四八级词汇表
jigsaw,ˈdʒɪɡsɔː,n.,拼图游戏,英语专业四八级词汇表
jingle,ˈdʒɪŋɡl,n.,1. 叮当声 2. 广告短歌，押韵字句 v.,英语专业四八级词汇表
jingle,ˈdʒɪŋɡl,,(使)发出叮当声,英语专业四八级词汇表
job,dʒɒb,n.,1. 职业，工作 2. 职责，任务,英语专业四八级词汇表
jocular,ˈdʒɒkjʊlə,adj.,滑稽的，诙谐的，爱开玩笑的,英语专业四八级词汇表
jog,dʒɒɡ,v.,1. 慢跑，缓步跑 2. 轻撞，轻推,英语专业四八级词汇表
join,dʒɔɪn,v.,1. 连接，结合 2. 与…一起做某事，与…会合 3. 成为…的一员 || join sth to sth将和…连接起来 /join up 从军  n. 连接处，结合点,英语专业四八级词汇表
joint,dʒɔɪnt,n.,1. 连接处，关节，节 2. 大块肉 adj. 联合的，共同的，,英语专业四八级词汇表
joke,dʒəʊk,n.,笑话 || play a joke on sb与…开玩笑 v. 说笑话，开玩笑,英语专业四八级词汇表
jolly,ˈdʒɒlɪ,adj.,快乐的，令人愉快的 v. 使高兴，使愉快,英语专业四八级词汇表
jolt,dʒəʊlt,v.,摇动，晃动,英语专业四八级词汇表
jostle,ˈdʒɒsl,v.,1. 推、挤(某人) 2. 争抢,英语专业四八级词汇表
jot,dʒɒt,n.,少量，些微 v. 匆匆写下,英语专业四八级词汇表
journal,ˈdʒɜːnl,n.,杂志，期刊,英语专业四八级词汇表
journalist,ˈdʒɜːnəlɪst,n.,新闻工作者，新闻记者,英语专业四八级词汇表
journey,ˈdʒɜːnɪ,n.,旅行，旅程,英语专业四八级词汇表
joy,dʒɔɪ,n.,1. 喜悦，欢乐 2. 令人高兴的事,英语专业四八级词汇表
joyful,ˈdʒɔɪfʊl,adj.,充满欢乐的，令人快乐的,英语专业四八级词汇表
joyous,ˈdʒɔɪəs,adj.,高兴的,英语专业四八级词汇表
joystick,ˈdʒɔɪstɪk,,n.,英语专业四八级词汇表
joystick,ˈdʒɔɪstɪk,,(飞行器)操纵杆，操纵方向的装置,英语专业四八级词汇表
jubilant,ˈdʒuːbɪlənt,adj.,欢欣的，欢腾的,英语专业四八级词汇表
judge,dʒʌdʒ,n.,1. 法官 2.  裁判 3. 鉴定人，鉴赏家 v. 审判，裁决，鉴定,英语专业四八级词汇表
judicial,dʒuːˈdɪʃəl,adj.,1. 司法的，审判的 2. 公平的,英语专业四八级词汇表
judicious,dʒuːˈdɪʃəs,adj.,明智的，有见识的,英语专业四八级词汇表
jug,dʒʌɡ,,n.,英语专业四八级词汇表
jug,dʒʌɡ,,(有柄和嘴的)壶,英语专业四八级词汇表
juggle,ˈdʒʌɡl,n.,& v. 1. 耍把戏，玩杂耍 2. 耍花招，欺骗,英语专业四八级词汇表
juice,dʒuːs,,n.,英语专业四八级词汇表
juice,dʒuːs,,(水果蔬菜或肉的)汁,英语专业四八级词汇表
juicy,ˈdʒuːsɪ,adj.,1. 多汁的 2. 有趣味的 3. 赚钱的，获利的,英语专业四八级词汇表
July,dʒuːˈlaɪ,n.,七月,英语专业四八级词汇表
jumble,ˈdʒʌmbl,,v.,英语专业四八级词汇表
jumble,ˈdʒʌmbl,,(使)混乱 n. 杂乱一团(东西或想法)，混乱,英语专业四八级词汇表
jumbo,ˈdʒʌmbəʊ,adj.,特大的，巨型的,英语专业四八级词汇表
jump,dʒʌmp,v.,1. 跳，跃 2. 跃过 3. 突然一跳，猛地一跳 4. 突升，激增 || jump on责备，责骂 n. 1. 跳跃 2. 需跳越的障碍,英语专业四八级词汇表
junction,ˈdʒʌŋkʃən,n.,交汇处，回合点,英语专业四八级词汇表
juncture,ˈdʒʌŋktʃə,n.,1. 关键时刻 2. 连接，结合点,英语专业四八级词汇表
June,dʒuːn,n.,六月,英语专业四八级词汇表
jungle,ˈdʒʌŋɡl,n.,1. 丛林地带 2. 一堆混乱复杂的事,英语专业四八级词汇表
junior,ˈdʒuːnɪə,adj.,1. 较年幼的 2. 职位低的，下级的  n. 1. 年幼者 2. 地位或等级较低的人,英语专业四八级词汇表
junk,dʒʌŋk,n.,1. 无用的或无价值的东西 2. 废旧杂物,英语专业四八级词汇表
Jupiter,ˈdʒuːpɪtə,n.,木星,英语专业四八级词汇表
jurisdiction,ˌdʒʊərɪsˈdɪkʃən,n.,1. 司法权，审判权 2. 管辖权,英语专业四八级词汇表
juror,ˈdʒʊərə,n.,陪审团成员，陪审员,英语专业四八级词汇表
jury,ˈdʒʊərɪ,n.,1. 陪审团  2.,英语专业四八级词汇表
jury,ˈdʒʊərɪ,,(竞赛时的)评委会,英语专业四八级词汇表
justice,ˈdʒʌstɪs,n.,1. 公正，合理，正义 2. 法律裁判，司法 || bring sb to justice将…绳之以法,英语专业四八级词汇表
justify,ˈdʒʌstɪfaɪ,v.,1. 证明…为正当 2. 成为…的理由，为…辩护,英语专业四八级词汇表
juvenile,ˈdʒuːvənaɪl,adj.,1. 青少年的 2. 适合青少年的，青少年特有的,英语专业四八级词汇表
juxtapose,ˌdʒʌkstəˈpəʊz,v.,将(人或事物)并列或并置,英语专业四八级词汇表
kaleidoscope,kəˈlaɪdəskəʊp,n.,万花筒,英语专业四八级词汇表
kangaroo,ˌkæŋɡəˈruː,n.,大袋鼠,英语专业四八级词汇表
karaoke,‚kærɪ'əʊkɪ,n.,卡拉 OK,英语专业四八级词汇表
karat,ˈkærət,n.,开(纯金含量单位),英语专业四八级词汇表
karate,kəˈrɑːtɪ,n.,空手道,英语专业四八级词汇表
keel,kiːl,,n.,英语专业四八级词汇表
keel,kiːl,,(船的)龙骨 v.,英语专业四八级词汇表
keel,kiːl,,(船)翻转，倾覆,英语专业四八级词汇表
keen,kiːn,adj.,1. 激烈的，强烈的 2. 热心的，渴望的 3. 敏锐的，敏捷的 4. 锋利的，刺人的,英语专业四八级词汇表
keep,kiːp,v.,1. 保留，保持 2. 管理，经营 3. 饲养 4. 照顾 5. 维护，遵守 6. 留住，阻碍 || keep at坚持(做) [keep back①留在后面，不前进②阻止③隐瞒] keep down①限制，控制②压制 [keep off ①避开，不接近②不让…接近，挡开] keep on继续(进行) [keep out of(使)置身于…之外] keep to坚持，保持 [keep up①使(斗志] 价格等)不低落②维持，继续 /keep up with跟上 n. 衣食，生计,英语专业四八级词汇表
keeper,ˈkiːpə,n.,看守人，看护人,英语专业四八级词汇表
kennel,ˈkenəl,n.,狗舍,英语专业四八级词汇表
kernel,ˈkɜːnəl,n.,1.,英语专业四八级词汇表
kernel,ˈkɜːnəl,,(果实的)核，仁 2.,英语专业四八级词汇表
kernel,ˈkɜːnəl,,(问题的)中心，要点，核心,英语专业四八级词汇表
kerosene，kerosine,ˈkerəsiːn,n.,煤油，火油,英语专业四八级词汇表
ketchup,ˈketʃəp,n.,番茄酱,英语专业四八级词汇表
kettle,ˈketl,,n.,英语专业四八级词汇表
kettle,ˈketl,,(烧水用的)水壶，水锅,英语专业四八级词汇表
key,kiː,n.,1. 钥匙 2. 答案，秘诀 3. 要隘，要害 4.,英语专业四八级词汇表
key,kiː,,(钢琴，打字机等的)键,英语专业四八级词汇表
keyhole,Iki:haol,n.,锁眼，钥匙孔,英语专业四八级词汇表
keynote,ˈkiːnəʊt,n.,要旨，要义，主要思想，基调,英语专业四八级词汇表
khaki,ˈkɑːkɪ,n.,"&adj. 土黄色(的),卡其布(的)",英语专业四八级词汇表
kick,kɪk,v.,踢 || kick out  撤职，解雇 n. 1. 踢 2.,英语专业四八级词汇表
kick,kɪk,,(枪的)反冲后坐力,英语专业四八级词汇表
kickoff,ˈkɪkɒf,,n.,英语专业四八级词汇表
kickoff,ˈkɪkɒf,,(足球比赛的)开球,英语专业四八级词汇表
kidnap,ˈkɪdnæp,v.,诱拐(小孩等)，绑架,英语专业四八级词汇表
kidnapper,ˈkɪdnæpə,n.,绑架者，绑匪,英语专业四八级词汇表
kidney,ˈkɪdnɪ,n.,1. 肾脏  2. 性格，脾气,英语专业四八级词汇表
kill,kɪl,v.,1. 杀死，杀害 2. 破坏，消除 || kill off消灭，杀光 n. 1. 杀，杀伤 2. 猎获物,英语专业四八级词汇表
killer,ˈkɪlə,n.,1. 杀人犯，杀手 2. 屠杀者,英语专业四八级词汇表
kilo,ˈkiːləʊ,,(abbre for kilogramme) n. 公斤，千克,英语专业四八级词汇表
kilobyte,ˈkɪləbaɪt,n.,千字节,英语专业四八级词汇表
"kilogramme, kilogram",ˈkɪləɡræm,n.,公斤，千克,英语专业四八级词汇表
kin,kɪn,n.,家属，亲属,英语专业四八级词汇表
kindergarten,ˈkɪndəɡɑːtən,n.,幼儿园,英语专业四八级词汇表
kindhearted,‚kaɪnd'hɑːtɪd,adj.,关心的，仁慈的,英语专业四八级词汇表
kindle,ˈkɪndl,v.,点燃，燃起，着火，开始燃烧,英语专业四八级词汇表
kindly,ˈkaɪndlɪ,adj.,1. 仁慈的，和蔼的，友好的 2.,英语专业四八级词汇表
kindly,ˈkaɪndlɪ,,(气候等)宜人的，温和的 adv. 1. 仁慈地，和蔼地，有礼貌地 2. 诚恳地，衷心地 3. 请(用于客套话),英语专业四八级词汇表
kindness,ˈkaɪndnɪs,n.,1. 仁慈，和气，好意 2. 友好的行为，好事,英语专业四八级词汇表
kindred,kindrid ˈkɪndrɪd,adj.,1. 有血缘关系的，同宗的 2. 志趣相投的人,英语专业四八级词汇表
king,kɪŋ,n.,1. 国王，君主 2. 巨商，(在某一方面)最有势力的人 3.,英语专业四八级词汇表
king,kɪŋ,,(象棋中的)王，(纸 牌中的)K,英语专业四八级词汇表
kingdom,ˈkɪŋdəm,n.,王国,英语专业四八级词汇表
kiosk,ˈkiːɒsk,n.,1.,英语专业四八级词汇表
kiosk,ˈkiːɒsk,,(出售报纸等的)售货亭 2. 电话亭,英语专业四八级词汇表
kiss,kɪs,v.,吻，接吻 n. 吻,英语专业四八级词汇表
kit,kɪt,n.,1. 随身携带物(如衣服、工具等) 2. 配套元件，成套用品(工具),英语专业四八级词汇表
kitchen,ˈkɪtʃɪn,n.,厨房,英语专业四八级词汇表
kite,kaɪt,n.,风筝,英语专业四八级词汇表
kitten,ˈkɪtn,n.,小猫,英语专业四八级词汇表
kiwi,ˈkiːwiː,n.,1. 几维(产于新西兰的鸟) 2. 新西兰人(指士兵或国家运动员) || kiwi fruit弥猴桃,英语专业四八级词汇表
knack,næk,n.,特殊技能,英语专业四八级词汇表
knapsack,ˈnæpsæk,n.,背包(=rucksack),英语专业四八级词汇表
knead,niːd,v.,揉，按摩，捏制,英语专业四八级词汇表
knee,niː,n.,膝，膝关节 || bend one’s knee to向…跪下，屈服于 /drop (on) to one’s knees跪下,英语专业四八级词汇表
kneel,niːl,v.,跪下，跪着,英语专业四八级词汇表
knife,naɪf,n.,刀子，小刀,英语专业四八级词汇表
knight,naɪt,n.,1.,英语专业四八级词汇表
knight,naɪt,,(欧洲中世纪时的)骑士 2.,英语专业四八级词汇表
knight,naɪt,,(近代英国的)爵士 3.,英语专业四八级词汇表
knight,naɪt,,(国际象棋中的)马  v. 封…为骑士(爵士),英语专业四八级词汇表
knighthood,'naɪthʊd,n.,爵士(骑士)称号,英语专业四八级词汇表
knit,nɪt,v.,1. 编结，针织 2. 使密接，结合,英语专业四八级词汇表
knob,nɒb,,n.,英语专业四八级词汇表
knob,nɒb,,(门、抽屉等的)球形捏手,英语专业四八级词汇表
knock,nɒk,v.,1. 打，击，敲 2. 相撞 || knock down①击倒，撞倒，击落②降低(价格等) [knock off①把…敲掉，击倒②停止工作] knock out ①敲空②击倒，打昏 n. 一击，敲门(声),英语专业四八级词汇表
knot,nɒt,n.,1.,英语专业四八级词汇表
knot,nɒt,,(绳等的)结 2. 木头上的节瘤 3. 一小群聚在一起的人 v. 在…上打结，把…结牢,英语专业四八级词汇表
know,nəʊ,v.,1. 知道，了解，懂得 2. 认识，熟识 3. 精通，熟悉 4. 认出，识别,英语专业四八级词汇表
knowhow,ˈnəʊhaʊ,n.,实践知识(技术)，本事，技能,英语专业四八级词汇表
knowledge,ˈnɒlɪdʒ,n.,1. 知识，学识，学问 2. 认识 3. 知道，了解，消息,英语专业四八级词汇表
knowledgeable,ˈnɒlɪdʒəbəl,adj.,有丰富知识的，消息灵通的,英语专业四八级词汇表
known,nəʊn,adj.,1 .,英语专业四八级词汇表
known,nəʊn,know,的过去分词 2. 知道的，闻名的，已知的,英语专业四八级词汇表
knuckle,ˈnʌkl,n.,指关节,英语专业四八级词汇表
Koran,kəˈrɑːn,n.,古兰经,英语专业四八级词汇表
Korean,kə'rɪən,adj.,1. 朝鲜的，朝鲜人的，朝鲜族的 2. 朝鲜语的 n. 1. 朝鲜人，朝鲜族人 2. 朝鲜语,英语专业四八级词汇表
kowtow,ˌkaʊ ˈtaʊ,v.,磕头，顺从，唯命是从,英语专业四八级词汇表
lab,læb,,(abbre for laboratory) n. 实验室,英语专业四八级词汇表
label,ˈleɪbl,n.,1. 标签，标贴 2. 标记，符号 v. 1. 贴标签于 2. 把…称为，把…列为,英语专业四八级词汇表
laboratory,lə'bɒrətərɪ,n.,实验室,英语专业四八级词汇表
laborious,ləˈbɔːrɪəs,adj.,1. 费力的，艰难的 2. 勤勉的,英语专业四八级词汇表
"labour, labor",ˈleɪbə,n.,1. 劳动 2. 劳工，工人 3. 分娩 v. 1. 劳动，辛勤工作 2. 尽力去做  || labour-intensive劳动密集型的,英语专业四八级词汇表
labyrinth,ˈlæbərɪnθ,n.,1. 迷宫，曲径 2. 错综复杂的事物,英语专业四八级词汇表
lace,leɪs,n.,1. 花边 2. 鞋带，带子 v. 1. 用带子绑紧 2. 镶花边于,英语专业四八级词汇表
lack,læk,n.,1. 缺乏，不足 2. 缺少的东西 || for lack of; by lack of; from lack of因缺乏… v. 缺乏，没有 || be lacking不足，不够,英语专业四八级词汇表
lacquer,ˈlækə,n.,1. 漆 2. 发胶  v. 上漆，涂漆,英语专业四八级词汇表
lad,læd,n.,1. 男孩，少年 2. 小伙子,英语专业四八级词汇表
ladder,ˈlædə,n.,梯子，梯状物,英语专业四八级词汇表
ladle,ˈleɪdl,n.,长柄勺  v.,英语专业四八级词汇表
ladle,ˈleɪdl,,(用勺)舀或盛,英语专业四八级词汇表
lady,ˈleɪdɪ,n.,1. 女子，女士 2.,英语专业四八级词汇表
lady,ˈleɪdɪ,,(cap)(对有贵族称号的女士的称呼) …夫人，…小姐,英语专业四八级词汇表
ladybird,ˈleɪdɪbɜːd,n.,瓢虫,英语专业四八级词汇表
lag,læɡ,v.,走得慢，延迟，落后,英语专业四八级词汇表
lager,ˈlɑːɡə,n.,淡啤酒,英语专业四八级词汇表
lagoon,ləˈɡuːn,n.,咸水湖，礁湖,英语专业四八级词汇表
lake,leɪk,n.,湖，湖泊,英语专业四八级词汇表
lamb,læm,n.,1. 羔羊 2. 羔羊肉 3. 温顺的人,英语专业四八级词汇表
lame,leɪm,adj.,1. 跛的，残废的 2. 站不住脚的，理由不足的  v. 1. 使跛 2. 使变得无用,英语专业四八级词汇表
lament,ləˈment,v.,为…悲痛，痛惜  n. 哀歌，挽歌,英语专业四八级词汇表
lamp,læmp,n.,1. 灯 2.,英语专业四八级词汇表
lamp,læmp,,(发出热射线等的)照射器，发热灯,英语专业四八级词汇表
lance,lɑːns,n.,长矛，鱼叉 v. 用矛刺，用柳叶刀切开,英语专业四八级词汇表
land,lænd,n.,1. 陆地 2. 土地，田地 3. 国家，国土 4.,英语专业四八级词汇表
land,lænd,,(pl)地产 || by land走陆路 v.,英语专业四八级词汇表
land,lænd,,(使)着陆，(使)登陆,英语专业四八级词汇表
landing,ˈlændɪŋ,n.,1. 楼梯平台 2. 着陆，登陆，降落,英语专业四八级词汇表
landlady,ˈlændleɪdɪ,n.,1.,英语专业四八级词汇表
landlady,ˈlændleɪdɪ,,(旅馆等的)女店主，女房东 2. 女地主,英语专业四八级词汇表
landlord,ˈlændlɔːd,n.,1. 地主 2.,英语专业四八级词汇表
landlord,ˈlændlɔːd,,(旅馆等的)男店主，房东,英语专业四八级词汇表
landmark,ˈlændmɑːk,n.,1. 地标，路标 2. 里程碑，重大的事件或发现,英语专业四八级词汇表
landowner,ˈlændˌəʊnə,n.,地主，土地所有者,英语专业四八级词汇表
lane,leɪn,n.,1. 小巷，小径 2. 车道，行车线 3.,英语专业四八级词汇表
lane,leɪn,,(船或飞机的)航道 4.,英语专业四八级词汇表
lane,leɪn,,(田径赛的)跑道,英语专业四八级词汇表
language,ˈlæŋɡwɪdʒ,n.,1. 语言 2.,英语专业四八级词汇表
language,ˈlæŋɡwɪdʒ,,(某国、某民族的)语言 3. 符号系统，特殊用语 4. 特别的表达方式,英语专业四八级词汇表
languid,ˈlæŋɡwɪd,adj.,1. 倦怠的 2.,英语专业四八级词汇表
languid,ˈlæŋɡwɪd,,(天气)阴沉的 3.,英语专业四八级词汇表
languid,ˈlæŋɡwɪd,,(市场)不景气,英语专业四八级词汇表
languish,ˈlæŋɡwɪʃ,v.,1. 长期受苦 2. 变得衰弱无力,英语专业四八级词汇表
lantern,ˈlæntən,n.,灯笼，信号灯,英语专业四八级词汇表
lapse,læps,n.,1. 失误，小过失 2.,英语专业四八级词汇表
lapse,læps,,(时间的)流逝 v. 1.,英语专业四八级词汇表
lapse,læps,,(时间的)流逝 2. 逐步陷入，进入(某种状态) 3.,英语专业四八级词汇表
lapse,læps,,(商业合同等)终止,英语专业四八级词汇表
laptop,'læptɒp,n.,便携式计算机,英语专业四八级词汇表
large,lɑːdʒ,adj.,大的 || at large①自由的，未受控制的② 整个的，一般的,英语专业四八级词汇表
largely,ˈlɑːdʒlɪ,adv.,主要地，大部分,英语专业四八级词汇表
larva,ˈlɑːvə,n.,幼虫,英语专业四八级词汇表
laryngitis,‚lærɪn'dʒaɪtɪs,n.,喉炎,英语专业四八级词汇表
larynx,ˈlærɪŋks,n.,喉头,英语专业四八级词汇表
laser,ˈleɪzə,n.,激光，激光器,英语专业四八级词汇表
lash,læʃ,v.,1. 鞭打 2. 急速挥动，急速扭动 n. 1. 鞭打 2. 眼睫毛,英语专业四八级词汇表
lass,læs,n.,小姑娘，少女,英语专业四八级词汇表
lasting,ˈlɑːstɪŋ,,adj·持久的，永久的,英语专业四八级词汇表
lastly,ˈlɑːstlɪ,adv.,最后一点，最后,英语专业四八级词汇表
latch,lætʃ,n.,1. 门闩，窗闩 2. 弹簧锁,英语专业四八级词汇表
late,leɪt,adj.,1. 迟的 2. 后期的，末期的 3. 新近的 4. 已故的  adv. 迟，晚 || at the latest最迟，至迟 /of late近来,英语专业四八级词汇表
lately,ˈleɪtlɪ,adv.,不久前，近来,英语专业四八级词汇表
latent,ˈleɪtənt,adj.,潜伏的，隐藏的,英语专业四八级词汇表
later,ˈleɪtə,adv.,后来，较迟 || later on后来，以后,英语专业四八级词汇表
lateral,ˈlætərəl,adj.,侧面的，横向的，旁支的,英语专业四八级词汇表
lathe,leɪð,n.,车床,英语专业四八级词汇表
Latin,ˈlætɪn,n.,拉丁语 adj. 拉丁语的，拉丁民族的,英语专业四八级词汇表
latitude,ˈlætɪtjuːd,n.,纬度，纬线,英语专业四八级词汇表
latter,ˈlætə,,adj.,英语专业四八级词汇表
latter,ˈlætə,,(时间上)较后的，后期的 n.,英语专业四八级词汇表
latter,ˈlætə,,(两者中的)后者,英语专业四八级词汇表
laugh,lɑːf,v.,笑，发笑 || laugh at嘲笑，漠视 n. 笑，笑声,英语专业四八级词汇表
laughter,ˈlɑːftə,n.,笑，笑声,英语专业四八级词汇表
launch,lɔːntʃ,v.,1. 发射，投射 2. 使(船)下水 3. 发起，展开，开办 n. 发射，(船)下水,英语专业四八级词汇表
launderette,ˌlɔːndəˈret,n.,自助洗衣店,英语专业四八级词汇表
laundry,ˈlɔːndrɪ,n.,1. 洗衣房，洗衣店 2. 要洗或已洗(熨)的衣物,英语专业四八级词汇表
laureate,ˈlɒrɪət,adj.,戴桂冠的,英语专业四八级词汇表
laurel,ˈlɒrəl,n.,1. 月桂树 2.,英语专业四八级词汇表
laurel,ˈlɒrəl,,(pl)荣誉,英语专业四八级词汇表
lava,ˈlɑːvə,,n.,英语专业四八级词汇表
lava,ˈlɑːvə,,(火山喷出的)岩浆，熔岩,英语专业四八级词汇表
lavatory,ˈlævətərɪ,n.,厕所，盥洗室,英语专业四八级词汇表
lavish,ˈlævɪʃ,adj.,1. 挥霍的 2. 无节制的 v. 慷慨地施予，浪费，乱花,英语专业四八级词汇表
law,lɔː,n.,1. 法律，法令，法规 2. 规律，定律,英语专业四八级词汇表
lawful,'lɔːfʊl,adj.,1. 合法的 2. 法定的 3. 守法的,英语专业四八级词汇表
lawn,lɔːn,n.,草坪，草地,英语专业四八级词汇表
lawsuit,ˈlɔːsuːt,n.,诉讼案件,英语专业四八级词汇表
lawyer,ˈlɔːjə,n.,律师,英语专业四八级词汇表
lax,læks,adj.,马虎的，懒散的,英语专业四八级词汇表
layer,ˈleɪə,n.,层，地层，阶层,英语专业四八级词汇表
layman,ˈleɪmən,n.,门外汉,英语专业四八级词汇表
layoff,ˈleɪɒf,n.,1. 暂时解雇 2. 暂时解雇期,英语专业四八级词汇表
layout,ˈleɪaʊt,n.,设计，布局,英语专业四八级词汇表
lazy,ˈleɪzɪ,adj.,1.,英语专业四八级词汇表
lazy,ˈleɪzɪ,,ff惰的 2. 使人倦怠的 || lazy bones懒骨头 lazily,英语专业四八级词汇表
leader,ˈliːdə,n.,领导人，领袖,英语专业四八级词汇表
leadership,ˈliːdəʃɪp,n.,1. 领导，领导能力或地位 2. 领导人,英语专业四八级词汇表
leading,ˈliːdɪŋ,adj.,1. 领导的 2. 主要的 3. 首位的，前列的,英语专业四八级词汇表
leaf,liːf,n.,1. 叶子 2.,英语专业四八级词汇表
leaf,liːf,,(书籍的)一页 3. 薄金属片，箔,英语专业四八级词汇表
leaflet,ˈliːflɪt,n.,1. 小册子 2. 散页印刷品，传单,英语专业四八级词汇表
league,liːɡ,n.,1. 同盟，联盟 2. 联合会,英语专业四八级词汇表
leak,liːk,v.,1.,英语专业四八级词汇表
leak,liːk,,(使)渗漏 2. 使(秘密等)泄露出去 n. 1. 漏洞，裂隙 2. 泄漏，透露,英语专业四八级词汇表
leap,liːp,v.,&n. 1. 跳，跳跃 2.,英语专业四八级词汇表
leap,liːp,,(数字等)激增,英语专业四八级词汇表
learn,lɜːn,v.,1. 学习，学会，学到 2. 得知，认识到,英语专业四八级词汇表
learned,'lɜːnɪd,adj.,博学的，有学问的,英语专业四八级词汇表
learning,ˈlɜːnɪŋ,n.,学问，知识,英语专业四八级词汇表
lease,liːs,n.,租赁，租约 v. 出租，租得,英语专业四八级词汇表
least,liːst,adj.,最小的，最少的 || at (the) least至少，起码 [(not) in the least一点也(不)] least of all最不,英语专业四八级词汇表
leather,ˈleðə,n.,皮革，皮革制品 adj. 皮革的，皮革制的,英语专业四八级词汇表
lecture,ˈlektʃə,n.,演讲，讲课  v. 讲演，给…讲课,英语专业四八级词汇表
lecturer,ˈlektʃərə,n.,1. 演讲者 2.,英语专业四八级词汇表
lecturer,ˈlektʃərə,,(大学)讲师,英语专业四八级词汇表
ledge,ledʒ,n.,架状突出物，壁架,英语专业四八级词汇表
ledger,ˈledʒə,n.,分类账,英语专业四八级词汇表
lee,liː,n.,背风处，避风处 adj. 背风的，下风的,英语专业四八级词汇表
leek,liːk,n.,韭菜,英语专业四八级词汇表
leeway,ˈliːweɪ,n.,1.,英语专业四八级词汇表
leeway,ˈliːweɪ,,(时间、财物等的)富裕 2. 回旋的余地,英语专业四八级词汇表
left,left,adj.,左的，左边的  adv. 往左，向左  n. 左，左侧,英语专业四八级词汇表
left-handed,ˌleftˈhændɪd,adj.,1. 左撇子的，使用左手的 2. 左转的，左旋的,英语专业四八级词汇表
leftovers,ˈleftˌəʊvəz,n.,吃残的东西，剩饭菜,英语专业四八级词汇表
leg,leɡ,n.,1. 腿，桌椅等家具的支脚 2. 一段行程,英语专业四八级词汇表
legacy,ˈleɡəsɪ,n.,1. 遗产 2. 遗留之物，后果,英语专业四八级词汇表
legal,ˈliːɡəl,adj.,1. 法律上的 2. 合法的 3. 法定的,英语专业四八级词汇表
"legalise, legalize",ˈliːɡəlaɪz,v.,使…合法化,英语专业四八级词汇表
legend,ˈledʒənd,n.,1. 传奇(故事)，传说 2. 传说中的人 (或事),英语专业四八级词汇表
legendary,ˈledʒəndərɪ,adj.,传说中的，传奇的,英语专业四八级词汇表
legible,ˈledʒəbl,adj.,"清楚易读的，容易辨认的 legibly,",英语专业四八级词汇表
legible,ˈledʒəbl,,legibility,英语专业四八级词汇表
legislate,ˈledʒɪsleɪt,v.,立法，制定法律,英语专业四八级词汇表
legislation,ˌledʒɪsˈleɪʃən,n.,立法，制定法律,英语专业四八级词汇表
legislative,ˈledʒɪslətɪv,adj.,立法的，有立法权力和职责的,英语专业四八级词汇表
legislature,ˈledʒɪsleɪtə,n.,立法机关,英语专业四八级词汇表
legitimate,lɪˈdʒɪtɪmɪt,adj.,1. 合法的，法律认可的 2. 合乎逻辑的  v. 使合法,英语专业四八级词汇表
legitimize,lɪˈdʒɪtɪmaɪz,v.,1. 使合法，使可接受 2. 给(孩子)合法地位,英语专业四八级词汇表
leisure,ˈleʒə,n.,空闲，悠闲  || at leisure①空闲的②悠闲的 /at one's leisure当…有空的时候,英语专业四八级词汇表
lemon,ˈlemən,n.,柠檬,英语专业四八级词汇表
lemonade,ˌleməˈneɪd,n.,柠檬汁,英语专业四八级词汇表
lend,lend,v.,1. 把…借给  2. 提供，给予,英语专业四八级词汇表
length,leŋθ,n.,长度，距离 || at length①详尽地②最后，终于,英语专业四八级词汇表
lengthen,ˈleŋθən,,v.,英语专业四八级词汇表
lengthen,ˈleŋθən,,(使)延长，(使)延伸,英语专业四八级词汇表
leniency,ˈlɪːnɪənsɪ,,，lenience [ˈlɪːnɪəns] n. 宽大，宽厚，怜悯,英语专业四八级词汇表
lenient,ˈlɪːnɪənt,adj.,宽容的，宽大的,英语专业四八级词汇表
lens,lenz,n.,1. 透镜 2.,英语专业四八级词汇表
lens,lenz,,(眼球的)晶状体 3. 隐形眼镜,英语专业四八级词汇表
lentil,ˈlentɪl,n.,扁豆,英语专业四八级词汇表
leopard,ˈlepəd,n.,豹,英语专业四八级词汇表
leprosy,ˈleprəsɪ,n.,麻风病,英语专业四八级词汇表
Lesbian,ˈlezbɪən,n.,女同性恋者,英语专业四八级词汇表
less,les,adj.,"较少的，更少的 prop. 较少数，较少量 adv. 更少，较少 || even less,",英语专业四八级词汇表
less,les,much,"less,",英语专业四八级词汇表
less,les,still,less更不用说，更何 况 /no less than不少于，多达,英语专业四八级词汇表
lessen,ˈlesən,,v.,英语专业四八级词汇表
lessen,ˈlesən,,(使)减少，(使)缩小，(使)减轻,英语专业四八级词汇表
lesson,ˈlesən,n.,1. 功课，课 2. 一节课 3. 教训,英语专业四八级词汇表
lest,lest,conj.,准恐，以免,英语专业四八级词汇表
let,let,v.,1. 让，允许 2. 出租 || let alone更不用说 [let be听任，不打扰] let go of松开，放开 /let off①放(枪、炮等)②饶恕，从轻发落,英语专业四八级词汇表
lethal,ˈliːθəl,adj.,致命的,英语专业四八级词汇表
letter,ˈletə,n.,1. 字，字母 2. 信 3.,英语专业四八级词汇表
letter,ˈletə,,(pl)文学,英语专业四八级词汇表
lettuce,ˈletɪs,n.,莴苣,英语专业四八级词汇表
"leukemia, leukaemia",luːˈkiːmiə,n.,白血病,英语专业四八级词汇表
level,ˈlevəl,n.,1. 水平面，水平线 2. 水平，标准 adj. 平的，水平的,英语专业四八级词汇表
lever,ˈliːvə,n.,1. 杠杆 2. 手段  v. 用杠杆撬动,英语专业四八级词汇表
leverage,ˈliːvərɪdʒ,n.,杠杆作用,英语专业四八级词汇表
levity,ˈlevətɪ,n.,轻浮，轻率,英语专业四八级词汇表
levy,ˈlevɪ,v.,征收(税等),英语专业四八级词汇表
lexical,ˈleksɪkəl,adj.,字的，词汇的,英语专业四八级词汇表
lexicography,ˌleksɪˈkɒɡrəfɪ,n.,词典学，词典编纂,英语专业四八级词汇表
lexis,ˈleksɪs,n.,词，词汇,英语专业四八级词汇表
liable,ˈlaɪəbl,adj.,1. 有法律责任的，有义务的 2. 易于…的，有…倾向的  liability,英语专业四八级词汇表
liaison,lɪˈeɪzɒn,,n.,英语专业四八级词汇表
liaison,lɪˈeɪzɒn,,(团体或个体间的)联系,英语专业四八级词汇表
liar,ˈlaɪə,n.,说谎者,英语专业四八级词汇表
liberal,ˈlɪbərəl,adj.,1. 宽容大度的 2. 慷慨的，大量的 3. 自由的，随便的 4. 开朗的,英语专业四八级词汇表
liberalism,ˈlɪbərəlɪzəm,n.,1. 宽容 2. 自由主义 3. 开明的思想或见解,英语专业四八级词汇表
liberate,ˈlɪbəreɪt,v.,1. 解放，使获自由 2. 释放，放出,英语专业四八级词汇表
liberation,ˌlɪbəˈreɪʃən,n.,解放,英语专业四八级词汇表
liberty,ˈlɪbətɪ,n.,1. 自由，解放 2. 冒昧 3.,英语专业四八级词汇表
liberty,ˈlɪbətɪ,,(pl)特权，特殊待遇 || at liberty①自由的，  可随意的②有空，闲着 /take the liberty to do sth冒昧地做某事,英语专业四八级词汇表
librarian,laɪˈbreərɪən,n.,图书馆馆员，图书馆管理员,英语专业四八级词汇表
library,ˈlaɪbrərɪ,n.,图书馆，(个人的)书房，书库,英语专业四八级词汇表
"licence, license",ˈlaɪsəns,n.,1. 牌照，许可证，执照 2. 许可，特许,英语专业四八级词汇表
lichen,ˈlaɪkən,n.,地衣,英语专业四八级词汇表
lick,lɪk,v.,舔 n. 1. 舔 2. 少量,英语专业四八级词汇表
lid,lɪd,n.,1. 盖子 2. 眼睑，眼皮,英语专业四八级词汇表
lieu,ljuː,,n.,英语专业四八级词汇表
lieu,ljuː,in,lieu of代替,英语专业四八级词汇表
lieutenant,lefˈtenənt,n.,1. 尉级军官 2. 副官,英语专业四八级词汇表
life,laɪf,n.,1. 生命 2. 生物 3. 生存，人生 4. 活力 || come to life①恢复知觉，苏醒②活  跃起来 [take one's life自杀] take sb's life杀死某人,英语专业四八级词汇表
lifetime,ˈlaɪftaɪm,n.,一生，终生,英语专业四八级词汇表
lift,lɪft,v.,1. 提高，举起 2.,英语专业四八级词汇表
lift,lɪft,,(云等)消散 || lift off升空，起飞 n. 1. 电梯，升降机 2. 免费乘车,英语专业四八级词汇表
ligament,ˈlɪɡəmənt,n.,韧带,英语专业四八级词汇表
lighten,ˈlaɪtən,v.,1.,英语专业四八级词汇表
lighten,ˈlaɪtən,,(使)明亮 2. 减轻…负担 3.,英语专业四八级词汇表
lighten,ˈlaɪtən,,(使)愉快(轻松)起来,英语专业四八级词汇表
lighter,ˈlaɪtə,n.,打火机,英语专业四八级词汇表
lighthouse,ˈlaɪthaʊs,n.,灯塔,英语专业四八级词汇表
lightning,ˈlaɪtnɪŋ,n.,闪电 adj. 闪电式的,英语专业四八级词汇表
likelihood,'laɪklɪhʊd,n.,可能，可能性,英语专业四八级词汇表
likely,ˈlaɪklɪ,adj.,&adv. 可能,英语专业四八级词汇表
liken,ˈlaɪkən,v.,把…比作,英语专业四八级词汇表
likeness,ˈlaɪknɪs,n.,相似，相像,英语专业四八级词汇表
likewise,ˈlaɪkwaɪz,adv.,同样地,英语专业四八级词汇表
liking,ˈlaɪkɪŋ,n.,喜爱，爱好 || have a liking for喜欢 /to sb’s liking合某人的意,英语专业四八级词汇表
lilac,ˈlaɪlək,n.,1. 紫丁香 2. 淡紫色,英语专业四八级词汇表
lily,ˈlɪlɪ,n.,百合，百合花,英语专业四八级词汇表
limb,lɪm,n.,1. 肢，腿，臂 2. 树枝,英语专业四八级词汇表
limelight,ˈlaɪmlaɪt,n.,众人注意的焦点,英语专业四八级词汇表
limestone,ˈlaɪmstəʊn,n.,石灰石,英语专业四八级词汇表
limit,ˈlɪmɪt,v.,限制，限定 n. 1. 界限，限制 2.,英语专业四八级词汇表
limit,ˈlɪmɪt,,(pl)边界，范围 || off limits禁止进入 /,英语专业四八级词汇表
limit,ˈlɪmɪt,,within limits适度地，在合理的范围内,英语专业四八级词汇表
limited,ˈlɪmɪtɪd,adj.,有限的,英语专业四八级词汇表
limousine,ˈlɪməziːn,n.,轿车,英语专业四八级词汇表
line,laɪn,n.,1. 线条，直线 2. 界线，分界线 3. 列，行 4. 线，绳，电话线，铁轨 5. 路线，方针 || in line for有获得…的希望 /in line with与··一致 v. 1. 用线标示，(使)生皱纹 2. 排列成行,英语专业四八级词汇表
lineage,ˈlɪnɪɪdʒ,n.,家系，世系，血统,英语专业四八级词汇表
linear,ˈlɪnɪə,adj.,1. 线的，直线的，线状的 2. 长度的,英语专业四八级词汇表
linen,ˈlɪnɪn,n.,1. 亚麻布 2. 床单，被单，桌布等,英语专业四八级词汇表
linesman,ˈlaɪnzmən,n.,1. 边线裁判员，巡边员 2. 线务员，架线员,英语专业四八级词汇表
linger,ˈlɪŋɡə,v.,逗留，徘徊,英语专业四八级词汇表
linguist,ˈlɪŋɡwɪst,n.,1. 语言学家 2. 通晓数种语言的人,英语专业四八级词汇表
linguistic,lɪŋˈɡwɪstɪk,adj.,语言的，语言学的,英语专业四八级词汇表
linguistics,lɪŋˈɡwɪstɪks,n.,语言学,英语专业四八级词汇表
link,lɪŋk,n.,1. 联系，关联 2. 链环，环节 v. 连接，结合,英语专业四八级词汇表
lion,ˈlaɪən,n.,狮子 || the lion’s share最大的一份,英语专业四八级词汇表
lioness,ˈlaɪənɪs,n.,母狮,英语专业四八级词汇表
lip,lɪp,n.,1. 唇 2.,英语专业四八级词汇表
lip,lɪp,,(杯子等)边，缘,英语专业四八级词汇表
lipstick,ˈlɪpˌstɪk,n.,唇膏，口红,英语专业四八级词汇表
liquid,ˈlɪkwɪd,n.,液体 adj. 1. 液体的 2. 清澈的，清脆的 3. 流动的,英语专业四八级词汇表
liquidate,ˈlɪkwɪdeɪt,v.,1. 消灭，杀戮 2. 清盘(破产公司),英语专业四八级词汇表
liquor,ˈlɪkə,n.,烈性酒，酒精类饮料,英语专业四八级词汇表
list,lɪst,n.,目录，清单，名单 v. 将…列在表上，列单子,英语专业四八级词汇表
listen,ˈlɪsən,,v.,英语专业四八级词汇表
listen,ˈlɪsən,,(留心地)听 || listen in①收听(广播等) ②偷听，监听,英语专业四八级词汇表
literacy,ˈlɪtərəsɪ,n.,识字，会读会写，有学识,英语专业四八级词汇表
literal,ˈlɪtərəl,adj.,1. 逐字的 2. 字面的，原义的,英语专业四八级词汇表
literally,ˈlɪtərəlɪ,adv.,1. 逐字地，确实地 2.,英语专业四八级词汇表
literally,ˈlɪtərəlɪ,,(用以加强语气)简直，毫不夸张地,英语专业四八级词汇表
literary,ˈlɪtərərɪ,adj.,文学(上)的,英语专业四八级词汇表
literate,ˈlɪtərət,adj.,1. 有读写能力的 2. 有文化的，有学识的,英语专业四八级词汇表
literature,ˈlɪtrətʃə,n.,1. 文学(作品) 2. 文献,英语专业四八级词汇表
litigation,ˌlɪtɪˈɡeɪʃən,,n.,英语专业四八级词汇表
litigation,ˌlɪtɪˈɡeɪʃən,,(非刑事的)诉讼,英语专业四八级词汇表
"litre, liter",ˈliːtə,n.,公升,英语专业四八级词汇表
litter,ˈlɪtə,n.,1. 乱丢的废弃物 2. 一胎所生的小动物 v. 在…上乱丢东西，乱丢,英语专业四八级词汇表
little,ˈlɪtl,,(less，least) adj. 1. 小的，少的 2. 不重要的 3. 不足的 adv. 很少，一点也不 prop. 微少，少量 || a little很少 /little by little逐渐地,英语专业四八级词汇表
livelihood,ˈlaɪvlɪhʊd,n.,生计，谋生方式,英语专业四八级词汇表
lively,ˈlaɪvlɪ,adj.,1. 活泼的 2. 生动的 liveliness,英语专业四八级词汇表
liven,ˈlaɪvən,v.,使…有生气，活跃,英语专业四八级词汇表
liver,ˈlɪvə,n.,肝，肝脏,英语专业四八级词汇表
livestock,ˈlaɪvstɒk,n.,牲畜,英语专业四八级词汇表
livid,ˈlɪvɪd,adj.,1. 青灰色的 2. 极生气的,英语专业四八级词汇表
living,ˈlɪvɪŋ,adj.,1. 活着的，现存的 2. 生活的 n. 生计，生活方式 || make a living 谋生,英语专业四八级词汇表
living-room,ˈlɪvɪŋruːm,n.,客厅,英语专业四八级词汇表
lizard,ˈlɪzəd,n.,蜥蜴,英语专业四八级词汇表
load,ləʊd,n.,1. 负担，负荷 2. 载重量，工作量 v. 装(货)，装子弹，装胶卷,英语专业四八级词汇表
loan,ləʊn,n.,1. 借出，贷与 2. 借出之物，贷款 v. 借出，贷与,英语专业四八级词汇表
loathe,ləʊð,v.,憎恨，厌恶,英语专业四八级词汇表
lobby,ˈlɒbɪ,n.,1. 大堂，门厅 2. 院外活动集团 v. 向(议员或官员)游说，疏通,英语专业四八级词汇表
lobe,ləʊb,n.,1. 耳垂 2.,英语专业四八级词汇表
lobe,ləʊb,,(脑、肺等的)叶,英语专业四八级词汇表
lobster,ˈlɒbstə,n.,1. 龙虾 2. 龙虾肉,英语专业四八级词汇表
local,ˈləʊkəl,adj.,本地的，地方的，局部的,英语专业四八级词汇表
locality,ləʊˈkælətɪ,n.,位置，地点，现场,英语专业四八级词汇表
locate,ləʊˈkeɪt,v.,确定…的位置，把…设置在,英语专业四八级词汇表
location,ləʊˈkeɪʃən,n.,1. 位置，地点，场所 2. 定位，安置,英语专业四八级词汇表
lock,lɒk,n.,锁，水闸  v. 锁住，关起来,英语专业四八级词汇表
locker,ˈlɒkə,,n.,英语专业四八级词汇表
locker,ˈlɒkə,,(学校、体育馆等的)储物柜,英语专业四八级词汇表
locomotive,ˌləʊkəˈməʊtɪv,adj.,移动的，机动的 n. 火车头,英语专业四八级词汇表
locust,ˈləʊkəst,n.,蝗虫,英语专业四八级词汇表
lodge,lɒdʒ,v.,1. 暂住，留宿 2. 卡住 3. 正式提出 4. 存放，寄存 n. 小屋,英语专业四八级词汇表
lodging,ˈlɒdʒɪŋ,n.,1. 住所，寓所 2.,英语专业四八级词汇表
lodging,ˈlɒdʒɪŋ,,(pl)出租的房间(公寓),英语专业四八级词汇表
loft,lɒft,n.,阁楼，顶楼,英语专业四八级词汇表
lofty,ˈlɒftɪ,adj.,1.,英语专业四八级词汇表
lofty,ˈlɒftɪ,,(思想等)崇高的 2. 高耸的 3. 高傲的 loftily，loftiness,英语专业四八级词汇表
log,lɒɡ,n.,1. 大木头，原木，木材 2. 航海或飞行日志,英语专业四八级词汇表
logic,ˈlɒdʒɪk,n.,逻辑(学)，逻辑性,英语专业四八级词汇表
logical,ˈlɒdʒɪkəl,adj.,符合逻辑的，逻辑上的,英语专业四八级词汇表
logistics,ləˈdʒɪstɪks,n.,后勤,英语专业四八级词汇表
logo,'lɒɡəʊ,n.,标识,英语专业四八级词汇表
loin,lɔɪn,n.,1.,英语专业四八级词汇表
loin,lɔɪn,,(动物)腰部的肉 2.,英语专业四八级词汇表
loin,lɔɪn,,(pl)腰部,英语专业四八级词汇表
loiter,ˈlɔɪtə,v.,闲逛,英语专业四八级词汇表
loll,lɒl,v.,懒洋洋地呆着、坐着或站着,英语专业四八级词汇表
lonely,'ləʊnlɪ,adj.,1. 孤单的，孤独的 2. 偏僻的，荒凉的  loneliness,英语专业四八级词汇表
lonesome,'ləʊsəm,adj.,1. 孤单的，寂寞的 2. 人迹稀少的,英语专业四八级词汇表
longevity,lɒnˈdʒevətɪ,n.,长寿，长命,英语专业四八级词汇表
longing,ˈlɒŋɪŋ,n.,&adj. 渴望(的),英语专业四八级词汇表
longitude,ˈlɒndʒɪtjuːd,n.,经度,英语专业四八级词汇表
look,lʊk,v.,1. 看 2. 看来 3. 朝向 || look after照料，照顾 [look at看，考虑，审视] look down on轻视，看不起 [look for寻找，寻求] look for-ward to盼望，期待 [look into 检查，调查] look on①旁观 ②认为，看作 [look out①往外看②注意，留神] look over 检查(事物)，过目 [look through查看，审查] look to①指望②留意，负责 [look up 查阅] look up to尊敬 n. 1. 看 2. 外表，神态,英语专业四八级词汇表
lookout,ˈlʊkaʊt,n.,1. 留神观察 2. 监视人，守望者,英语专业四八级词汇表
loop,luːp,n.,圈，环  v.,英语专业四八级词汇表
loop,luːp,,(使)成圈,英语专业四八级词汇表
loophole,ˈluːphəʊl,n.,漏洞,英语专业四八级词汇表
loose,luːs,adj.,1. 松动的，宽松的 2. 不受束缚的 3. 不精确的   v. 释放,英语专业四八级词汇表
loosen,ˈluːsən,,v.,英语专业四八级词汇表
loosen,ˈluːsən,,(使)松开，解开，放宽(限制),英语专业四八级词汇表
loot,luːt,n.,掠夺物，赃物  v. 掠夺，抢劫,英语专业四八级词汇表
lop,lɒp,v.,剪去，砍掉(树枝等),英语专业四八级词汇表
lopsided,ˌlɒp ˈsaɪdɪd,adj.,倾向一边的，不平衡的,英语专业四八级词汇表
lord,lɔːd,n.,1. 统治者，主人 2. 贵族 3.,英语专业四八级词汇表
lord,lɔːd,,(对某些高级官员的尊称)大人，阁下 4.,英语专业四八级词汇表
lord,lɔːd,,(cap)耶稣基督，上帝,英语专业四八级词汇表
lorry,ˈlɒrɪ,,n.,英语专业四八级词汇表
lorry,ˈlɒrɪ,,(BrE)大卡车，运货汽车,英语专业四八级词汇表
lose,luːz,v.,1. 遗失，丧失 2. 失败，输掉 3. 亏损，减少,英语专业四八级词汇表
loss,lɒs,n.,1. 遗失，丧失 2. 失败，输 3. 损失，亏损 || at a loss茫然，不知所措,英语专业四八级词汇表
lost,lɒst,adj.,1. 丢失的 2. 丧失的，失去的 3. 迷失的，迷途的,英语专业四八级词汇表
lot,lɒt,n.,1. 大量，许多 2.,英语专业四八级词汇表
lot,lɒt,,(pl)抽签 3. 命运 || a lot of; lots of许多的，大量的 /a lot 非常，相当,英语专业四八级词汇表
lotion,ˈləʊʃən,n.,护肤液，洗涤剂,英语专业四八级词汇表
lottery,ˈlɒtərɪ,n.,摸彩，奖券,英语专业四八级词汇表
lotus,ˈləʊtəs,n.,荷花,英语专业四八级词汇表
loud,laʊd,adj.,1. 响亮的，大声的 2. 过分鲜亮的,英语专业四八级词汇表
loudspeaker,ˌlaʊdˈspiːkə,n.,扩音器，扬声器,英语专业四八级词汇表
lounge,laʊndʒ,n.,休息室 v. 1. 懒洋洋地靠坐着 2. 闲逛，混时间,英语专业四八级词汇表
louse,laʊs,,n.,英语专业四八级词汇表
louse,laʊs,,(pl lice)虱子，寄生虫,英语专业四八级词汇表
lousy,,,ˈlaʊzɪ /adj. 1. 多虱的 2. 讨厌的，糟 糕的,英语专业四八级词汇表
lovable,ˈlʌvəbl,adj.,可爱的，讨人喜欢的 lovably,英语专业四八级词汇表
love,lʌv,n.,1. 爱，爱情 2. 喜爱，爱好 3. 所爱的人(或物) 4.,英语专业四八级词汇表
love,lʌv,,(网球赛)零分 v. 1. 爱，爱慕 2. 喜欢，爱好,英语专业四八级词汇表
lovely,ˈlʌvlɪ,adj.,1. 美丽的，可爱的 2. 令人愉快的,英语专业四八级词汇表
lover,ˈlʌvə,,12. 1. 情人 2. 爱好者,英语专业四八级词汇表
loving,ˈlʌvɪŋ,adj.,爱的，表示爱的,英语专业四八级词汇表
low,ləʊ,adj.,1. 低的，矮的 2. 低声的 3. 不足的 4. 消沉的 5. 粗俗下流的 6. 卑微的 adv. 向下，低,英语专业四八级词汇表
lowbrow,ˈləʊbraʊ,adj.,无知识的，无文化修养的,英语专业四八级词汇表
lower,'laʊə,v.,降低，放下 adj. 较低的，较下的,英语专业四八级词汇表
loyal,ˈlɔɪəl,adj.,忠诚的，忠实的,英语专业四八级词汇表
loyalty,ˈlɔɪəltɪ,n.,忠实，忠贞,英语专业四八级词汇表
lubricant,ˈluːbrɪkənt,n.,润滑油,英语专业四八级词汇表
lubricate,ˈluːbrɪkeɪt,v.,1. 使润滑，给…上油 2. 起润滑作用,英语专业四八级词汇表
luck,lʌk,n.,运气，命运，幸运 || be in luck交好运 /be out of luck倒霉,英语专业四八级词汇表
lucky,ˈlʌkɪ,adj.,幸运的，好运的 luckily,英语专业四八级词汇表
lucrative,ˈluːkrətɪv,adj.,生利的，赚钱的,英语专业四八级词汇表
ludicrous,ˈluːdɪkrəs,adj.,可笑的，愚蠢的,英语专业四八级词汇表
lug,lʌɡ,v.,用力拖，费力搬运,英语专业四八级词汇表
luggage,ˈlʌɡɪdʒ,n.,行李,英语专业四八级词汇表
lukewarm,ˌluːkˈwɔːm,adj.,1.,英语专业四八级词汇表
lukewarm,ˌluːkˈwɔːm,,(液体)微温的 2. 不热心的,英语专业四八级词汇表
lull,lʌl,v.,1. 哄(婴儿)入睡 2. 使(风暴、波浪等)平息，使(感情等)平息,英语专业四八级词汇表
lullaby,ˈlʌləbaɪ,n.,摇篮曲，催眠曲,英语专业四八级词汇表
luminous,ˈluːmɪnəs,adj.,发光的，光亮的,英语专业四八级词汇表
lump,lʌmp,n.,1.,英语专业四八级词汇表
lump,lʌmp,,(一)块 2. 大量 3. 肿块,英语专业四八级词汇表
lunacy,ˈluːnəsɪ,n.,精神错乱,英语专业四八级词汇表
lunar,ˈluːnə,adj.,月的，月球的，阴历的,英语专业四八级词汇表
lunatic,ˈluːnətɪk,n.,1. 疯子，精神失常者 2. 极愚蠢的人 adj. 1. 精神失常的，疯的 2. 极愚蠢的,英语专业四八级词汇表
lunch,lʌntʃ,n.,午餐,英语专业四八级词汇表
luncheon,ˈlʌntʃən,n.,午餐，午餐会,英语专业四八级词汇表
lung,lʌŋ,n.,肺,英语专业四八级词汇表
lunge,lʌndʒ,v.,猛向前冲，刺，戳,英语专业四八级词汇表
lurch,lɜːtʃ,v.,蹒跚而行，突然倾斜 n. 蹒跚的步态 || leave sb in the lurch弃某人于危难之中,英语专业四八级词汇表
lure,ljʊə,n.,引诱物，诱惑力 v. 引诱，诱惑,英语专业四八级词汇表
lurk,lɜːk,v.,潜伏，暗藏,英语专业四八级词汇表
luscious,ˈlʌʃəs,adj.,1. 美味的，芬芳的 2. 性感的,英语专业四八级词汇表
lush,lʌʃ,,adj.,英语专业四八级词汇表
lush,lʌʃ,,(植物)繁茂的，葱翠的,英语专业四八级词汇表
lust,lʌst,n.,1. 强烈的欲望 2. 性欲 lusty,英语专业四八级词汇表
luster,ˈlʌstə,n.,光泽，荣耀,英语专业四八级词汇表
lute,luːt,n.,诗琴，琵琶,英语专业四八级词汇表
luxuriant,lʌɡˈʒʊərɪənt,adj.,繁密的，茂盛的,英语专业四八级词汇表
luxurious,lʌɡˈʒʊrɪəs,adj.,豪华的，奢侈的,英语专业四八级词汇表
luxury,ˈlʌkʃərɪ,n.,1. 奢侈 2. 奢侈品 3. 豪华,英语专业四八级词汇表
lychee,ˌlaɪˈtʃiː,n.,荔枝,英语专业四八级词汇表
lynch,lɪntʃ,v.,私刑处死,英语专业四八级词汇表
lyric,ˈlɪrɪk,n.,抒情诗 adj. 抒情的,英语专业四八级词汇表
lyrical,ˈlɪrɪkəl,adj.,1. 抒情的 2. 极热情的,英语专业四八级词汇表
macaroni,ˌmækəˈrəʊnɪ,n.,通心粉，通心面,英语专业四八级词汇表
machine,məˈʃiːn,n.,1. 机器，机械 2.,英语专业四八级词汇表
machine,məˈʃiːn,,(政党等的)核心机构,英语专业四八级词汇表
machinery,məˈʃiːnərɪ,n.,1.,英语专业四八级词汇表
machinery,məˈʃiːnərɪ,,(总称)机器，机械 2.,英语专业四八级词汇表
machinery,məˈʃiːnərɪ,,(政府、政党等)机构,英语专业四八级词汇表
macho,'mɑːtʃəʊ,adj.,有男子气概的，强壮的,英语专业四八级词汇表
mackerel,ˈmækrəl,n.,鲭鱼,英语专业四八级词汇表
mackintosh,ˈmækɪntɒʃ,n.,1. 防水胶布 2.,英语专业四八级词汇表
mackintosh,ˈmækɪntɒʃ,,(BrE)雨衣,英语专业四八级词汇表
macroeconomic,ˌmækrəʊekəˈnɒmɪk,adj.,宏观经济的,英语专业四八级词汇表
mad,mæd,adj.,1. 疯的，精神错乱的 2. 愚蠢的 3. 愤怒的 4. 狂热的,英语专业四八级词汇表
madam,ˈmædəm,n.,夫人，太太，小姐,英语专业四八级词汇表
madame,məˈdɑːm,n.,…夫人,英语专业四八级词汇表
madden,ˈmædən,v.,使发狂，使恼火,英语专业四八级词汇表
Mafia,ˈmæfɪə,,n.,英语专业四八级词汇表
Mafia,ˈmæfɪə,,(cap)黑手党,英语专业四八级词汇表
magazine,ˌmæɡəˈziːn,n.,1. 杂志，期刊 2.,英语专业四八级词汇表
magazine,ˌmæɡəˈziːn,,(枪上)弹盒，(相机等)底片盒 3. 弹药库,英语专业四八级词汇表
maggot,ˈmæɡət,n.,蛆,英语专业四八级词汇表
magic,ˈmædʒɪk,n.,1. 魔术，法术 2. 魔力，魅力 adj. 1. 魔术的 2. 不可思议的,英语专业四八级词汇表
magical,ˈmædʒɪkəl,adj.,1. 魔法的，魔术的 2. 不可思议的，迷人的，有魅力的,英语专业四八级词汇表
magician,məˈdʒɪʃən,n.,魔术师，术士,英语专业四八级词汇表
magnanimous,mæɡˈnænɪməs,adj.,宽宏大量的，高尚的,英语专业四八级词汇表
magnate,ˈmæɡneɪt,n.,大富豪，权贵,英语专业四八级词汇表
magnesium,mæɡˈniːzɪəm,n.,镁,英语专业四八级词汇表
magnet,ˈmæɡnɪt,n.,1. 磁铁，磁石 2. 有吸引力的人(物),英语专业四八级词汇表
magnetic,mæɡˈnetɪk,adj.,1. 磁的，有磁性的 2. 有吸引力的，有魅力的,英语专业四八级词汇表
magnetism,ˈmæɡnɪtɪzəm,n.,1. 磁性，磁性作用，磁学 2. 吸引力，魅力,英语专业四八级词汇表
magnificent,mæɡˈnɪfɪsənt,adj.,富丽堂皇的，宏伟的，极好的,英语专业四八级词汇表
magnify,ˈmæɡnɪfaɪ,v.,1. 放大，扩大 2. 夸大,英语专业四八级词汇表
magnitude,ˈmæɡnɪtjuːd,n.,1. 巨大，庞大 2. 重要性，重大 3. 大小，量，亮度,英语专业四八级词汇表
magnolia,mæɡˈnəʊlɪə,n.,木兰,英语专业四八级词汇表
magpie,ˈmæɡpaɪ,n.,鹊,英语专业四八级词汇表
mahogany,məˈhɒɡənɪ,n.,红木，桃花心木,英语专业四八级词汇表
maid,meɪd,n.,1. 女佣 2. 未婚少女 3. 未婚女子,英语专业四八级词汇表
maiden,ˈmeɪdən,n.,少女，处女 adj. 1. 首次的，初次的 2. 未婚的，处女的,英语专业四八级词汇表
mail,meɪl,n.,1. 邮政 2. 邮件 v. 邮寄 || mailing list邮寄名单,英语专业四八级词汇表
mailbox,ˈmeɪlbɒks,n.,邮箱，信箱,英语专业四八级词汇表
maim,meɪm,v.,使残废，使负重伤,英语专业四八级词汇表
mainland,ˈmeɪnlənd,n.,大陆，本土,英语专业四八级词汇表
mainspring,ˈmeɪnsprɪŋ,n.,1.,英语专业四八级词汇表
mainspring,ˈmeɪnsprɪŋ,,(钟表内的)主发条 2. 原动力，主要原因,英语专业四八级词汇表
mainstay,ˈmeɪnsteɪ,n.,1.,英语专业四八级词汇表
mainstay,ˈmeɪnsteɪ,,(船)主牵条 2. 主要依靠,英语专业四八级词汇表
mainstream,ˈmeɪnstriːm,n.,主流，主要倾向 adj. 主流的,英语专业四八级词汇表
maintain,meɪnˈteɪn,v.,1. 维修，保养 2. 赡养，供养 3. 保持 4. 坚持认为，主张,英语专业四八级词汇表
maintenance,ˈmeɪntənəns,n.,1. 维修，保养 2.,英语专业四八级词汇表
maintenance,ˈmeɪntənəns,,(分居丈夫给妻儿的)生活费 3. 维持，保持,英语专业四八级词汇表
maize,meɪz,n.,1. 玉米 2.,英语专业四八级词汇表
maize,meɪz,,(玉米似的)淡黄色,英语专业四八级词汇表
majestic,məˈdʒestɪk,adj.,壮丽的，威严的,英语专业四八级词汇表
majesty,ˈmædʒəstɪ,n.,1.,英语专业四八级词汇表
majesty,ˈmædʒəstɪ,,(cap)陛下(对国王或王后的称呼) 2. 宏伟，庄严,英语专业四八级词汇表
majority,məˈdʒɒrətɪ,n.,大部分，大多数,英语专业四八级词汇表
make-believe,ˈmeɪk bɪˈliːv,n.,1. 假装，虚构，幻想 2. 想像之物,英语专业四八级词汇表
makeshift,ˈmeɪkʃɪft,n.,临时替代品，权宜之计 adj. 临时的，代用的,英语专业四八级词汇表
make-up,ˈmeɪkʌp,n.,1. 化妆 2. 构造，组织 3. 气质，性情,英语专业四八级词汇表
making,ˈmeɪkɪŋ,n.,作，制作 || be the making of sb使某人成功 [have the making of sth有条件成为某物] in the making在制造、形成或发展的过程中,英语专业四八级词汇表
maladjusted,ˌmæləˈdʒʌstɪd,adj.,不能适应环境的，调节不好的,英语专业四八级词汇表
maladministration,ˌmælədˌmɪnɪˈstreɪʃən,n.,处理不善,英语专业四八级词汇表
malady,ˈmælədɪ,n.,1. 病，疾病 2.,英语专业四八级词汇表
malady,ˈmælədɪ,,(社会的)弊病，弊端,英语专业四八级词汇表
malaria,məˈleərɪə,n.,疟疾,英语专业四八级词汇表
male,meɪl,adj.,男性的，雄 性的 n. 男人，雄性动(植)物,英语专业四八级词汇表
malformed,ˌmælˈfɔːmd,adj.,畸形的,英语专业四八级词汇表
malfunction,ˌmælˈfʌŋkʃən,n.,失灵，故障,英语专业四八级词汇表
malice,ˈmælɪs,n.,恶意，敌意，怨恨,英语专业四八级词汇表
malicious,məˈlɪʃəs,adj.,有恶意的，心怀恶意的,英语专业四八级词汇表
malign,məˈlaɪn,,adj.,英语专业四八级词汇表
malign,məˈlaɪn,,(疾病)恶性的，有害的,英语专业四八级词汇表
malignancy,məˈlɪɡnənsɪ,n.,1.,英语专业四八级词汇表
malignancy,məˈlɪɡnənsɪ,,(疾病)恶性 2. 恶意，敌意，怨恨,英语专业四八级词汇表
malignant,məˈlɪɡnənt,adj.,1.,英语专业四八级词汇表
malignant,məˈlɪɡnənt,,(疾病)恶性的，致命的 2. 有恶意的,英语专业四八级词汇表
mall,mɔːl,n.,购物中心,英语专业四八级词汇表
malnutrition,ˌmælnjuːˈtrɪʃən,n.,营养不良,英语专业四八级词汇表
malnutritious,ˌmælnjuːˈtrɪʃəs,adj.,营养不良的,英语专业四八级词汇表
malpractice,ˌmælˈpræktɪs,n.,玩忽职守，渎职,英语专业四八级词汇表
malt,mɔːlt,,n.,英语专业四八级词汇表
malt,mɔːlt,,(用于制啤酒的)麦芽,英语专业四八级词汇表
maltreat,ˌmælˈtriːt,v.,虐待,英语专业四八级词汇表
mammal,ˈmæməl,n.,哺乳动物,英语专业四八级词汇表
mammoth,ˈmæməθ,adj.,巨大的，庞大的 n. 1. 猛犸 2. 庞然大物,英语专业四八级词汇表
man,mæn,n.,1. 成年男子 2. 人类 3. 人,英语专业四八级词汇表
manacle,ˈmænəkl,,n.,英语专业四八级词汇表
manacle,ˈmænəkl,,(pl)镣铐，手铐,英语专业四八级词汇表
manage,ˈmænɪdʒ,v.,1. 经营，管理 2. 设法做到,英语专业四八级词汇表
manageable,ˈmænɪdʒəbl,adj.,易支配的，易管理的,英语专业四八级词汇表
management,ˈmænɪdʒmənt,n.,1. 管理，经营 2. 主管人员，管理部门,英语专业四八级词汇表
manager,ˈmænɪdʒə,n.,经理，主管,英语专业四八级词汇表
managerial,ˌmænɪˈdʒɪəriəl,adj.,经理的，管理的,英语专业四八级词汇表
mandarin,mændərɪn,n.,1.,英语专业四八级词汇表
mandarin,mændərɪn,,(中国清朝)高级官员 2.,英语专业四八级词汇表
mandarin,mændərɪn,,(cap)(中国的)官话(普通话的旧称),英语专业四八级词汇表
mandate,ˈmændeɪt,n.,1. 授权，命令 2. 委托统治权 v. 1. 将(某地)委托某国管理 2. 命令(某人)做某事,英语专业四八级词汇表
mandatory,ˈmændətərɪ,adj.,强制性的，义务性的,英语专业四八级词汇表
mane,meɪn,n.,鬃毛,英语专业四八级词汇表
manful,ˈmænfʊl,adv.,有男子气概的，勇敢的，果断的,英语专业四八级词汇表
manger,ˈmeɪndʒə,,n.,英语专业四八级词汇表
manger,ˈmeɪndʒə,,(牲畜的)饲料槽 || a dog in the manger霸占某些东西而不让他人使用的人，占茅坑不拉屎的人,英语专业四八级词汇表
mango,ˈmæŋɡəʊ,n.,芒果，芒果树,英语专业四八级词汇表
manhood,ˈmænhʊd,n.,成年，成年时期，男子气概,英语专业四八级词汇表
mania,ˈmeɪnɪə,n.,1. 狂躁症 2. 狂热，癖好,英语专业四八级词汇表
maniac,ˈmeɪnɪk,adj.,狂躁的，疯狂的，狂热的 n. 躁狂者，疯子,英语专业四八级词汇表
manic,ˈmænɪk,adj.,躁狂的  n. 躁狂者,英语专业四八级词汇表
manicure,ˈmænɪkjʊə,n.,修甲  v. 为…修指甲,英语专业四八级词汇表
manifest,ˈmænɪfest,adj.,明显的，易明白的 v. 表明，显示,英语专业四八级词汇表
manifestation,ˌmænɪfeˈsteɪʃən,n.,1. 表明，证明 2. 表现形式 3. 现象,英语专业四八级词汇表
manifesto,ˌmænɪˈfestəʊ,n.,宣言，声明,英语专业四八级词汇表
manifold,ˈmænɪfəʊld,adj.,多种的，多方面的,英语专业四八级词汇表
manipulate,məˈnɪpjʊleɪt,v.,1. 熟练地使用，巧妙地处理 2. 操纵，摆布,英语专业四八级词汇表
mankind,ˌmænˈkaɪnd,n.,人类,英语专业四八级词汇表
man-made,ˈmænmeɪd,adj.,人造(工)的，合成的,英语专业四八级词汇表
manner,ˈmænə,n.,1. 方式，方法 2. 态度，举止 3.,英语专业四八级词汇表
manner,ˈmænə,,(pl)礼貌,英语专业四八级词汇表
"manoeuvre, maneuver",məˈnuːvə,n.,1. 部署，巧妙的调动 2. 策略，花招 v.,英语专业四八级词汇表
"manoeuvre, maneuver",məˈnuːvə,,(敏捷地)操纵，(灵巧地)移动,英语专业四八级词汇表
manpower,ˈmænpaʊə,n.,人力，劳动力,英语专业四八级词汇表
mansion,ˈmænʃən,n.,1. 大厦 2. 宅第，公馆,英语专业四八级词汇表
manslaughter,ˈmænˌslɔːtə,n.,过失杀人(罪),英语专业四八级词汇表
mantelpiece,ˈmæntlpiːs,n.,壁炉台,英语专业四八级词汇表
mantle,ˈmæntl,n.,覆盖物，披风，斗篷,英语专业四八级词汇表
manual,ˈmænjʊəl,adj.,1. 手工的，用手的 2. 体力的 n. 手册，指南,英语专业四八级词汇表
manufacture,ˌmænjʊˈfktʃə,,v.,英语专业四八级词汇表
manufacture,ˌmænjʊˈfktʃə,,(用机器大量)生产，制造  n. 制造，制造业，(pl)产品,英语专业四八级词汇表
manure,məˈnjʊə,n.,粪，肥料 v. 施肥于,英语专业四八级词汇表
manuscript,ˈmænjʊskrɪpt,n.,手稿，原稿,英语专业四八级词汇表
many,ˈmenɪ,,(more，most) adj. 许多的，大量的 || a good many;a great many很多的 prop. 许多，大量,英语专业四八级词汇表
Maori,ˈmaʊrɪ,n.,1. 毛利人(新西兰土著人) 2. 毛利语,英语专业四八级词汇表
map,mæp,n.,地图,英语专业四八级词汇表
maple,ˈmeɪpl,n.,槭树，槭木，枫树,英语专业四八级词汇表
mar,mɑː,v.,破坏，毁坏，糟蹋掉,英语专业四八级词汇表
marathon,ˈmærəθən,n.,1. 马拉松赛跑 2. 长距离赛跑  adj. 持续不断的,英语专业四八级词汇表
marble,ˈmɑːbl,n.,大理石 adj. 大理石的，大理石般的,英语专业四八级词汇表
March,mɑːtʃ,n.,三月,英语专业四八级词汇表
march,mɑːtʃ,v.,&n.,英语专业四八级词汇表
march,mɑːtʃ,,(如士兵般)行进,英语专业四八级词汇表
mare,meə,n.,母马，母驴,英语专业四八级词汇表
margarine,ˌmɑːdʒəˈriːn,n.,人造黄油,英语专业四八级词汇表
margin,ˈmɑːdʒɪn,n.,1. 页边的空白处 2. 余额，富裕 3. 边界，边缘地区,英语专业四八级词汇表
marginal,ˈmɑːdʒɪnəl,adj.,1. 空白边缘的，栏外的 2. 微小的，少量的，微不足道的 3. 边缘的,英语专业四八级词汇表
marijuana,ˌmærjʊˈɑːnə,n.,大麻，大麻中的毒质,英语专业四八级词汇表
marine,məˈriːn,adj.,1. 海的，海里的 2. 船舶的，航海的 n. 1. 海运业 2. 海军陆战队士丘,英语专业四八级词汇表
marital,ˈmærɪtl,adj.,婚姻的,英语专业四八级词汇表
maritime,ˈmærɪtaɪm,adj.,海洋的，海运的，海事的,英语专业四八级词汇表
mark,mɑːk,n.,1. 斑点，痕迹 2. 分数 3. 标记，符号 v. 1. 弄脏，留下痕迹 2. 给予分数 3. 标志，表示,英语专业四八级词汇表
marked,mɑːkt,adj.,显著的，明显的,英语专业四八级词汇表
marker,ˈmɑːkə,n.,1. 做标记的人(或工具) 2. 记分员 3.,英语专业四八级词汇表
marker,ˈmɑːkə,,(旗、杆等)标示物,英语专业四八级词汇表
market,ˈmɑːkɪt,n.,1. 市场，集市 2. 销路，需求 || market economy市场经济,英语专业四八级词汇表
marketing,ˈmɑːkɪtɪŋ,n.,销售学，市场推广,英语专业四八级词汇表
marking,ˈmɑːkɪŋ,n.,作记号，记分,英语专业四八级词汇表
marksman,ˈmɑːksmən,n.,神枪手,英语专业四八级词汇表
marmalade,ˈmɑːməleɪd,n.,橘子酱，果酱,英语专业四八级词汇表
marquee,mɑːˈkiː,n.,大帐篷,英语专业四八级词汇表
marriage,ˈmærɪdʒ,n.,1. 婚姻，婚姻生活 2. 婚礼,英语专业四八级词汇表
married,ˈmærɪd,adj.,1. 已婚的 2. 婚姻的,英语专业四八级词汇表
marrow,ˈmærəʊ,n.,1. 骨髓 2. 精髓 3. 葫芦科蔬菜,英语专业四八级词汇表
marry,ˈmærɪ,v.,娶，嫁，和…结婚，使…成婚,英语专业四八级词汇表
Mars,mɑːz,n.,火星,英语专业四八级词汇表
marsh,mɑːʃ,n.,沼泽，沼泽地区,英语专业四八级词汇表
marshal,ˈmɑːʃəl,n.,元帅  v. 整理，排列,英语专业四八级词汇表
mart,mɑːt,n.,市场，商业中心,英语专业四八级词汇表
martial,ˈmɑːʃəl,adj.,战争的，军事的,英语专业四八级词汇表
martyr,ˈmɑːtə,n.,烈士，殉道者,英语专业四八级词汇表
marvel,ˈmɑːvəl,n.,令人惊奇的事物 v. 惊奇，惊异,英语专业四八级词汇表
"marvellous, marvelous",ˈmɑːvələs,adj.,很好的，妙极了的,英语专业四八级词汇表
Marxism,ˈmɑːksɪzəm,n.,马克思主义,英语专业四八级词汇表
Marxist,ˈmɑːksɪst,n.,马克思主义者,英语专业四八级词汇表
mascot,ˈmæskət,n.,吉祥物，吉祥的人,英语专业四八级词汇表
masculine,ˈmæskjʊlɪn,adj.,1. 男性的，有男子气的 2. 阳性的,英语专业四八级词汇表
masculinity,‚mæskjʊ'lɪnətɪ,n.,男子气概,英语专业四八级词汇表
mash,mæʃ,v.,捣烂，压碎 n. 土豆泥,英语专业四八级词汇表
mask,mɑːsk,n.,面罩，假面具 v. 掩饰，伪装,英语专业四八级词汇表
masked,mɑːskt,adj.,1. 戴面具的 2. 隐蔽的,英语专业四八级词汇表
mason,ˈmeɪsən,n.,石匠，泥瓦匠,英语专业四八级词汇表
masquerade,ˌmɑːskəˈreɪd,v.,假装，冒充 n. 1. 化装舞会 2. 假装，伪装,英语专业四八级词汇表
"Mass, mass",mæs,n.,1. 弥撒 2. 弥撒曲,英语专业四八级词汇表
mass,mæs,n.,1. 一大块，大堆 2. 许多，大量 3. 群众，民众 adj. 群众的，大规模的 || mass media(电视、报纸等)大众传播媒体,英语专业四八级词汇表
massacre,ˈmæsəkə,n.,& v. 大屠杀,英语专业四八级词汇表
massage,ˈmæsɑːʒ,n.,& v. 按摩，推拿,英语专业四八级词汇表
massive,ˈmæsɪv,adj.,1. 巨大的，大而结实的 2. 大量的，大规模的，强大的,英语专业四八级词汇表
mast,mɑːst,n.,船桅，挂旗用的)长杆，天线杆,英语专业四八级词汇表
master,ˈmɑːstə,n.,1. 主人 2. 男教师 3. 艺术大师，名家  4.,英语专业四八级词汇表
master,ˈmɑːstə,,(cap)硕士 v. 掌握，精通,英语专业四八级词汇表
mastermind,ˈmɑːstəmaɪnd,,v.,英语专业四八级词汇表
mastermind,ˈmɑːstəmaɪnd,,(巧妙地)策划 n. 聪明人，智多星,英语专业四八级词汇表
masterpiece,ˈmɑːstəpiːs,n.,杰作，代表作,英语专业四八级词汇表
mastery,ˈmɑːstərɪ,n.,1. 控制权，统治权 2. 精通，掌握,英语专业四八级词汇表
mat,mæt,n.,席子，垫子,英语专业四八级词汇表
mate,meɪt,n.,1. 伙伴 2. 伴侣 3. 船长的副手 || the first (second) mate大(二)副,英语专业四八级词汇表
material,məˈtɪərɪəl,n.,物质，材料，资料，素材 adj. 1. 物质的，非精神的 2. 重要的，必需的,英语专业四八级词汇表
"materialise, materialize",məˈtɪərɪəlaɪz,,v.,英语专业四八级词汇表
"materialise, materialize",məˈtɪərɪəlaɪz,,(使)具体化，(使)实现,英语专业四八级词汇表
materialism,məˈtɪərɪəlɪzəm,n.,唯物主义，物质主义,英语专业四八级词汇表
maternal,məˈtɜːnəl,adj.,母亲(般)的，母性的，母系的,英语专业四八级词汇表
maternity,məˈtɜːnətɪ,n.,母性，产科医院 adj. 孕妇的，产妇的,英语专业四八级词汇表
mathematical,ˌmæθɪˈmætɪkəl,adj.,数学(上)的,英语专业四八级词汇表
mathematician,ˌmæθɪməˈtɪʃən,n.,数学家,英语专业四八级词汇表
mathematics,ˌmæθəˈmætɪks,n.,数学,英语专业四八级词汇表
maths,mæθs,,(abbre for mathematics)n. 数学,英语专业四八级词汇表
matinee,ˈmætneɪ,,n.,英语专业四八级词汇表
matinee,ˈmætneɪ,,(电影院或剧院的)下午场,英语专业四八级词汇表
mating,ˈmeɪtɪŋ,n.,交配,英语专业四八级词汇表
matriculate,məˈtrɪkjʊleɪt,v.,被录取入大学,英语专业四八级词汇表
matrix,ˈmeɪtrɪks,n.,1. 发源地，策源地 2. 矩阵,英语专业四八级词汇表
matron,ˈmeɪtrən,n.,1.,英语专业四八级词汇表
matron,ˈmeɪtrən,,(学校的)女舍监 2.,英语专业四八级词汇表
matron,ˈmeɪtrən,,(old use)女护士长,英语专业四八级词汇表
matter,ˈmætə,n.,1. 问题，事情 2. 物质，材料 3. 重要性，重大关系 || a matter of course 理所当然的事 [as a matter of fact事实上] no matter不管… v. 有关系，要紧,英语专业四八级词汇表
mattress,ˈmætrɪs,n.,床褥，床垫,英语专业四八级词汇表
mature,məˈtjʊə,adj.,成熟的，理智的  v.,英语专业四八级词汇表
mature,məˈtjʊə,,(使)成熟 maturity,英语专业四八级词汇表
maul,mɔːl,v.,抓伤，拉伤,英语专业四八级词汇表
mauve,məʊv,n.,&adj. 紫红色(的),英语专业四八级词汇表
maverick,ˈmævərɪk,n.,持异议者，持独立见解者,英语专业四八级词汇表
maxim,ˈmæksɪm,n.,格言,英语专业四八级词汇表
maximum,ˈmæksɪməm,n.,最大值，顶点 adj. 最大的，最高的，最多的,英语专业四八级词汇表
May,meɪ,n.,五月,英语专业四八级词汇表
may,meɪ,,aux.,英语专业四八级词汇表
may,meɪ,v.,1. 可能，也许 2. 可以 3. 祝，愿 || may as well还是…为好,英语专业四八级词汇表
maybe,ˈmeɪbiː,adv.,也许，大概,英语专业四八级词汇表
mayhem,ˈmeɪhem,n.,大混乱，大破坏,英语专业四八级词汇表
mayor,meə,n.,市长,英语专业四八级词汇表
maze,meɪz,n.,1. 迷宫 2. 混乱，迷惑,英语专业四八级词汇表
me,miː,prow.,我(宾格),英语专业四八级词汇表
meadow,ˈmedəʊ,n.,草地，牧地,英语专业四八级词汇表
"meagre, meager",ˈmiːɡə,,adj.,英语专业四八级词汇表
"meagre, meager",ˈmiːɡə,,(人)瘦的，(土地)贫瘩的，少量的,英语专业四八级词汇表
meal,miːl,n.,一餐，用餐时间,英语专业四八级词汇表
meander,mɪˈændə,v.,1. 漫游，闲荡 2. 蜿蜒而流,英语专业四八级词汇表
meaning,ˈmiːnɪŋ,n.,意义，含义，重要性,英语专业四八级词汇表
means,miːnz,n.,1. 方式，方法，手段，工具 2. 收入，财富 || by all means当然可以 [bymeans of用，靠] by no means 决不,英语专业四八级词汇表
meantime,ˈmiːntaɪm,n.,期间，同时 /in the meantime与此同时 adv.,英语专业四八级词汇表
meantime,ˈmiːntaɪm,,(与此)同时,英语专业四八级词汇表
meanwhile,ˈmiːnwaɪl,adv.,1. 在某段期间 2. 与此同时 n. 其时，期间，同时,英语专业四八级词汇表
measles,ˈmiːzlz,n.,麻疹,英语专业四八级词汇表
measurable,ˈmeʒərəbl,adj.,1. 可量度的，可测量的 2. 明显的，相当大的,英语专业四八级词汇表
measure,ˈmeʒə,v.,1. 测量 2. 有…长(或宽，高等) n. 1. 度量，量度单位 2. 标准，尺度 3. 措施，办法 4. 程度，范围,英语专业四八级词汇表
measurement,ˈmeʒəmənt,n.,1. 测定，测量 2.,英语专业四八级词汇表
measurement,ˈmeʒəmənt,,(量得的)尺寸，大小,英语专业四八级词汇表
meat,miːt,n.,肉,英语专业四八级词汇表
Mecca,ˈmekə,n.,1.,英语专业四八级词汇表
Mecca,ˈmekə,,(cap) 麦加(伊斯兰圣地) 2. 许多人想参观的地方,英语专业四八级词汇表
mechanic,mɪˈkænɪk,n.,机械师，技工,英语专业四八级词汇表
mechanical,mɪˈkænɪkəl,adj.,1. 机械的，靠机械的，机械制造的 2. 机械的，呆板的,英语专业四八级词汇表
mechanics,mɪˈkænɪks,n.,1. 力学，机械制造学 2. 结构，技巧,英语专业四八级词汇表
"mechanise, mechanize",ˈmekənaɪz,v.,使(过程、工厂等)机械化,英语专业四八级词汇表
mechanism,ˈmekənɪzəm,n.,1. 机械装置 2. 结构，机制，机构,英语专业四八级词汇表
medal,ˈmedəl,n.,勋章，奖牌，徽章,英语专业四八级词汇表
meddle,ˈmedl,v.,干预，干涉，插手,英语专业四八级词汇表
media,ˈmiːdɪə,,n.,英语专业四八级词汇表
media,ˈmiːdɪə,,(pl)(电视、报纸等)大众传播媒介,英语专业四八级词汇表
mediate,ˈmiːdɪeɪt,v.,调停，斡旋,英语专业四八级词汇表
medicaid,ˈmedɪkeɪd,,n.,英语专业四八级词汇表
medicaid,ˈmedɪkeɪd,,(AmE)医疗补助,英语专业四八级词汇表
medical,ˈmedɪkəl,adj.,医学的，医术的，医疗的,英语专业四八级词汇表
medication,ˌmedɪˈkeɪʃən,n.,药物治疗，药剂，药物,英语专业四八级词汇表
medicine,ˈmedɪsɪn,n.,1. 药 2. 医学，医术,英语专业四八级词汇表
medieval,ˌmedɪˈiːvəl,adj.,中世纪的,英语专业四八级词汇表
mediocre,ˌmiːdɪˈəʊkə,adj.,平庸的，低劣的,英语专业四八级词汇表
meditate,ˈmedɪteɪt,v.,1. 沉思，冥想 2. 仔细计划，策划,英语专业四八级词汇表
Mediterranean,ˌmedɪtəˈreɪnɪən,n.,地中海,英语专业四八级词汇表
medium,ˈmiːdɪəm,adj.,中等的，适中的 n. 1. 媒介，方法，手段 2. 中间，中庸,英语专业四八级词汇表
meek,miːk,adj.,温顺的，逆来顺受的,英语专业四八级词汇表
meet,miːt,v.,1. 遇到，碰上 2. 会见，相会 3. 迎接 4. 满足，符合 n. 运动会,英语专业四八级词汇表
meeting,ˈmiːtɪŋ,n.,1. 会议，集会 2. 聚会，会见 3. 汇合点,英语专业四八级词汇表
megaphone,ˈmeɡəfəʊn,n.,扩音器,英语专业四八级词汇表
melancholy,ˈmelənkəlɪ,n.,&adj. 忧郁(的)，悲伤(的),英语专业四八级词汇表
mellow,ˈmeləʊ,adj.,1.,英语专业四八级词汇表
mellow,ˈmeləʊ,,(水果)甜熟的，甘美的 2.,英语专业四八级词汇表
mellow,ˈmeləʊ,,(颜色)柔和的,英语专业四八级词汇表
melodrama,ˈmelədrɑːmə,n.,1. 情节剧 2. 轰动的事件，感情冲动的言行,英语专业四八级词汇表
melody,ˈmelədɪ,n.,旋律，曲调，美妙的音乐,英语专业四八级词汇表
melon,ˈmelən,n.,瓜，甜瓜,英语专业四八级词汇表
melt,melt,v.,1.,英语专业四八级词汇表
melt,melt,,(使)融化，(使)熔化 2.,英语专业四八级词汇表
melt,melt,,(使)消散，(使)消失 3.,英语专业四八级词汇表
melt,melt,,(态度等)软化,英语专业四八级词汇表
member,ˈmembə,n.,成员，会员,英语专业四八级词汇表
membership,ˈmembəʃɪp,n.,1. 会员资格 2. 全体成员; 成员数,英语专业四八级词汇表
membrane,ˈmembreɪn,n.,膜，薄膜,英语专业四八级词汇表
memento,mɪˈmentəʊ,n.,纪念品,英语专业四八级词汇表
memo,ˈmeməʊ,,(abbre for memorandum)  n. 备忘录，便函,英语专业四八级词汇表
memoir,ˈmemwɑː,,n.,英语专业四八级词汇表
memoir,ˈmemwɑː,,(pl)自传，回忆录,英语专业四八级词汇表
memorable,ˈmemərəbl,adj.,值得纪念的，难忘的 memorably,英语专业四八级词汇表
memorandum,ˌmeməˈrændəm,n.,备忘录，便函,英语专业四八级词汇表
memorial,məˈmɔːrɪəl,n.,纪念碑，纪念物 adj. 纪念的，追悼的,英语专业四八级词汇表
"memorise, memorize",ˈmeməraɪz,v.,记住，熟记,英语专业四八级词汇表
memory,ˈmemərɪ,n.,1. 记忆，记忆力 2. 回忆，怀念 3. 存储器,英语专业四八级词汇表
menace,ˈmenəs,n.,1. 威胁，危险 2. 讨厌的人(或物)  v. 威胁,英语专业四八级词汇表
mend,mend,v.,1. 修理，修补 2. 逐渐康复,英语专业四八级词汇表
menial,ˈmiːnɪəl,,adj.,英语专业四八级词汇表
menial,ˈmiːnɪəl,,(工作)低贱的，枯燥的 n. 做粗重工作的人,英语专业四八级词汇表
meningitis,ˌmenɪnˈdʒaɪtɪs,n.,脑膜炎,英语专业四八级词汇表
menopause,ˈmenəpɔːz,n.,停经期，更年期,英语专业四八级词汇表
menstrual,'menstrʊəl,adj.,月经的,英语专业四八级词汇表
mental,ˈmentəl,adj.,1. 心智的，思想的 2. 精神病的,英语专业四八级词汇表
mentality,menˈtælətɪ,n.,1. 脑力，智力 2. 思想，心态,英语专业四八级词汇表
mention,ˈmenʃən,n.,& v. 提及，谈到,英语专业四八级词汇表
menu,ˈmenjuː,n.,菜单，(计算机荧屏上显示的)选择单，菜单,英语专业四八级词汇表
mercantile,ˈmɜːkəntaɪl,adj.,贸易的，商业的,英语专业四八级词汇表
mercenary,ˈmɜːsɪnərɪ,adj.,图利的，市侩的,英语专业四八级词汇表
merchandise,ˈmɜːtʃəndaɪz,n.,商品，货物,英语专业四八级词汇表
merchant,ˈmɜːtʃənt,n.,商人 adj. 商业的，商人的,英语专业四八级词汇表
merciful,ˈmɜːsɪfʊl,adj.,仁慈的，宽大的,英语专业四八级词汇表
merciless,ˈmɜːsɪlɪs,adj.,残忍的，冷酷无情的,英语专业四八级词汇表
mercury,ˈmɜːkjʊrɪ,n.,1. 水银(柱) 2.,英语专业四八级词汇表
mercury,ˈmɜːkjʊrɪ,,(cap)水星,英语专业四八级词汇表
mercy,ˈmɜːsɪ,n.,宽大，仁慈，怜悯 || at the mercy of由…支配 /have mercy on对…表示怜悯,英语专业四八级词汇表
mere,mɪə,adj.,1. 仅仅，只不过 2. 纯粹的,英语专业四八级词汇表
merely,ˈmɪəlɪ,adv.,仅，只不过,英语专业四八级词汇表
merge,mɜːdʒ,,v.,英语专业四八级词汇表
merge,mɜːdʒ,,(使)合并，(使)并入,英语专业四八级词汇表
merit,ˈmerɪt,n.,优点，长处，功绩，功劳 v. 应得到，值得,英语专业四八级词汇表
mermaid,ˈmɜːmeɪd,n.,美人鱼,英语专业四八级词汇表
merry,ˈmerɪ,adj.,欢乐的，愉快的,英语专业四八级词汇表
merry-go-round,ˈmerɪɡəʊraʊnd,,n.,英语专业四八级词汇表
merry-go-round,ˈmerɪɡəʊraʊnd,,(儿童玩的)旋转木马,英语专业四八级词汇表
mesh,meʃ,n.,1. 网状物，网眼 2. 网状结构 v. 1. 啮合 2. 协调，配合,英语专业四八级词汇表
"mesmerise, mesmerize",ˈmezməraɪz,v.,1. 对…催眠  2. 使…着迷,英语专业四八级词汇表
mess,mes,n.,1. 杂乱的一团 2. 混乱的情形 v. 1. 把…弄糟 2. 干涉,英语专业四八级词汇表
message,ˈmesɪdʒ,n.,1. 信息，口信 2.,英语专业四八级词汇表
message,ˈmesɪdʒ,,(故事等的)启示，主旨,英语专业四八级词汇表
messenger,ˈmesɪndʒə,n.,1. 信使，使者 2. 通信员，传令兵,英语专业四八级词汇表
Messiah,mɪˈsaɪə,n.,1. 救世主，救星 2. 耶稣,英语专业四八级词汇表
metabolism,mɪˈtæbəlɪzəm,n.,新陈代谢,英语专业四八级词汇表
metallic,mɪˈtælɪk,adj.,金属(性)的，金属制的,英语专业四八级词汇表
metallurgy,mɪˈtælədʒɪ,n.,冶金学,英语专业四八级词汇表
metaphor,ˈmetəfə,n.,隐喻,英语专业四八级词汇表
metaphysical,ˌmetəˈfɪzɪkəl,adj.,1. 形而上学的 2.,英语专业四八级词汇表
metaphysical,ˌmetəˈfɪzɪkəl,,(思想)玄奥的,英语专业四八级词汇表
meteor,ˈmiːtɪə,n.,流星,英语专业四八级词汇表
meteorology,ˌmiːtɪəˈrɒlədʒɪ,n.,气象学,英语专业四八级词汇表
meteorological,ˌmiːtɪərəˈlɒdʒɪkəl,adj.,气象(学)的,英语专业四八级词汇表
meter,ˈmiːtə,n.,1.,英语专业四八级词汇表
meter,ˈmiːtə,,(AmE)米 2. 计量器,英语专业四八级词汇表
methane,ˈmiːθeɪn,n.,甲烷，沼气,英语专业四八级词汇表
method,ˈmeθəd,n.,方法，办法,英语专业四八级词汇表
methodical,mɪˈθɒdɪkəl,adj.,有方法的，有条理的，有秩序的,英语专业四八级词汇表
methodology,ˌmeθəˈdɒlədʒɪ,n.,1. 方法论，方法，方式 2. 一套方法,英语专业四八级词汇表
meticulous,mɪˈtɪkjʊləs,adj.,极细致的，体察入微的,英语专业四八级词汇表
metre,ˈmiːtə,,n.,英语专业四八级词汇表
metre,ˈmiːtə,,(BrE) 1. 米，公尺 2. 韵律，拍子,英语专业四八级词汇表
metric,ˈmetrɪk,adj.,公制的，米制的,英语专业四八级词汇表
metro,ˈmetrəʊ,,n.,英语专业四八级词汇表
metro,ˈmetrəʊ,,(大城市的)地下铁路系统,英语专业四八级词汇表
metropolis,məˈtrɒpəlɪs,n.,大城市，都会，首府,英语专业四八级词汇表
metropolitan,ˌmetrəˈpɒlɪtən,adj.,大都市的，首都的,英语专业四八级词汇表
Mexican,ˈmeksɪkən,adj.,墨西哥的，墨西哥人的 n. 墨西哥人,英语专业四八级词汇表
microchip,ˈmaɪkrəʊtʃɪp,n.,微型芯片，集成电路片,英语专业四八级词汇表
microcomputer,ˌmaɪkrəʊkəmˈpjuːtə,n.,微型电脑,英语专业四八级词汇表
microorganism,ˌmaɪkrəʊˈɔːɡənɪzəm,n.,微生物,英语专业四八级词汇表
microphone,ˈmaɪkrəfəʊn,n.,麦克风，扩音器,英语专业四八级词汇表
microprocessor,ˈmaɪkrəʊprəʊsesə,n.,微型处理机,英语专业四八级词汇表
microscope,ˈmaɪkrəskəʊp,n.,显微镜,英语专业四八级词汇表
microwave,ˈmaɪkrəweɪv,n.,微波 adj. 微波的 || microwave oven微波炉,英语专业四八级词汇表
mid,mɪd,adj.,中间的，中央的，中部的,英语专业四八级词汇表
midday,ˌmɪdˈdeɪ,n.,正午，中午,英语专业四八级词汇表
middle,ˈmɪdl,n.,&adj. 中间(的)，中部(的),英语专业四八级词汇表
middleman,ˈmɪdlmæn,n.,经纪人，中间人,英语专业四八级词汇表
midget,ˈmɪdʒɪt,n.,侏儒，矮人 adj. 极小的,英语专业四八级词汇表
midnight,ˈmɪdnaɪt,n.,午夜,英语专业四八级词汇表
midst,mɪdst,n.,中部，中间 || in the midst of在…之中,英语专业四八级词汇表
midway,ˌmɪdˈweɪ,adj.,中途的 adv. 中途地,英语专业四八级词汇表
midwife,ˈmɪdwaɪf,n.,助产士，接生婆,英语专业四八级词汇表
mighty,ˈmaɪtɪ,adj.,强大的，有力的，巨大的,英语专业四八级词汇表
migraine,ˈmiːɡreɪn,n.,偏头痛,英语专业四八级词汇表
migrant,ˈmaɪɡrənt,n.,移民，候鸟,英语专业四八级词汇表
migrate,maɪˈɡreɪt,,v.,英语专业四八级词汇表
migrate,maɪˈɡreɪt,,(鸟等)定期迁徙，移居，迁移,英语专业四八级词汇表
migration,maɪˈɡreɪʃən,n.,迁徙，移居,英语专业四八级词汇表
mild,maɪld,adj.,1. 温和的 2. 温暖的 3. 味淡的 4. 轻微的,英语专业四八级词汇表
mile,maɪl,n.,英里,英语专业四八级词汇表
mileage,ˈmaɪlɪdʒ,n.,英里数，按英里计数的运费,英语专业四八级词汇表
"mileometre, milometer",maɪˈlɒmɪtə,,n.,英语专业四八级词汇表
"mileometre, milometer",maɪˈlɒmɪtə,,(汽车等的英里数)计程器,英语专业四八级词汇表
militant,ˈmɪlɪtənt,adj.,好斗的，富有战斗精神的 n. 好斗的人，富有战斗精神的人,英语专业四八级词汇表
militarism,ˈmɪlɪtərɪzəm,n.,军国主义，尚武精神,英语专业四八级词汇表
military,ˈmɪlɪtərɪ,adj.,军事的，军用的，军人的 n. 军人，军方,英语专业四八级词汇表
militia,mɪˈlɪʃə,n.,民兵，民兵队伍,英语专业四八级词汇表
militiaman,mɪˈlɪʃəmən,n.,民兵,英语专业四八级词汇表
milk,mɪlk,n.,乳，牛奶，白色汁液 || milk shake奶昔 v. 挤(牛的)奶，出奶,英语专业四八级词汇表
milkman,ˈmɪlkmən,n.,送牛奶的人,英语专业四八级词汇表
milky,ˈmɪlkɪ,adj.,1. 牛奶的 2. 掺奶的 3. 多乳的 4. 乳白色的，像牛奶的 ||Milky Way 银河,英语专业四八级词汇表
mill,mɪl,n.,1. 碾磨机，磨坊 2. 工厂 v. 碾磨，磨碎,英语专业四八级词汇表
millennium,mɪˈlenɪəm,n.,1. 千年，千年期 2.,英语专业四八级词汇表
millennium,mɪˈlenɪəm,,(未来的) 太平盛世,英语专业四八级词汇表
millet,ˈmɪlɪt,n.,小米,英语专业四八级词汇表
"milligramme, milligram",ˈmɪlɪɡræm,n.,毫克,英语专业四八级词汇表
"millimetre, millimeter",ˈmɪlɪˌmiːtə,n.,毫米,英语专业四八级词汇表
million,ˈmɪljən,n.,1. 百万 2.,英语专业四八级词汇表
million,ˈmɪljən,,(pl)无数 || millions of好几百万…,英语专业四八级词汇表
millionaire,ˌmɪljəˈneə,n.,百万富翁，巨富,英语专业四八级词汇表
millipede,ˈmɪlɪpiːd,n.,千足虫,英语专业四八级词汇表
mimic,ˈmɪmɪk,,v.,英语专业四八级词汇表
mimic,ˈmɪmɪk,,(尤指为逗笑而)模仿 n. 模仿他人言行者 adj. 假装的,英语专业四八级词汇表
mince,mɪns,v.,剁碎，绞碎  n. 肉馅,英语专业四八级词汇表
mind,maɪnd,n.,1. 思想，精神，头脑 2. 心情，情绪 3. 看法，见解 4. 智力，有才智的人 || bear in mind;keep in mind 牢记 [change one's mind改变主意] make up one's mind下定决心 [speak one's mind直言不讳] to my mind依我看 v. 1. 介意 2. 注意，小心 3. 专心于,英语专业四八级词汇表
minefield,ˈmaɪnfiːld,n.,布雷区,英语专业四八级词汇表
miner,ˈmaɪnə,n.,矿工,英语专业四八级词汇表
mineral,ˈmɪnərəl,n.,矿物，矿石 adj. 含矿物质的,英语专业四八级词汇表
mingle,ˈmɪŋɡl,v.,使混合，混入,英语专业四八级词汇表
miniature,ˈmɪnətʃə,n.,缩样，缩影 adj. 小型的，微小的,英语专业四八级词汇表
minibus,ˈmɪnɪbʌs,n.,小型公共汽车，小巴,英语专业四八级词汇表
minimum,ˈmɪnɪməm,n.,"&adj. 最小量(的),最低限度(的)",英语专业四八级词汇表
minister,ˈmɪnɪstə,n.,1. 部长，大臣 2. 牧师,英语专业四八级词汇表
ministry,ˈmɪnɪstrɪ,n.,1.,英语专业四八级词汇表
ministry,ˈmɪnɪstrɪ,,(政府的)部 2. 牧师的职务，全体牧师,英语专业四八级词汇表
mink,mɪŋk,n.,水貂，貂皮,英语专业四八级词汇表
minor,ˈmaɪnə,adj.,较少的，较小的，较次要的,英语专业四八级词汇表
minority,maɪˈnɒrətɪ,n.,少数，少数派，少数民族,英语专业四八级词汇表
minus,ˈmaɪnəs,prep.,1. 减去 2.,英语专业四八级词汇表
minus,ˈmaɪnəs,,(气温)零下 adj. 1. 负的，零下的 2. 劣(低)于…的,英语专业四八级词汇表
miracle,ˈmɪrəkl,n.,奇迹，不可思议的事,英语专业四八级词汇表
miraculous,mɪˈrkjʊləs,adj.,奇迹般的，非凡的,英语专业四八级词汇表
mirage,ˈmɪrɑːʒ,n.,海市蜃楼，幻像,英语专业四八级词汇表
mire,ˈmaɪə,n.,沼地，泥潭,英语专业四八级词汇表
mirror,ˈmɪrə,n.,镜子 v. 反映，映出,英语专业四八级词汇表
mirth,mɜːθ,n.,欢笑，高兴,英语专业四八级词汇表
misadventure,ˌmɪsədˈventʃə,n.,厄运，灾祸,英语专业四八级词汇表
misapprehend,ˌmɪsæprɪˈhend,v.,误解，误会,英语专业四八级词汇表
misapprehension,ˌmɪsæprɪˈhenʃən,n.,误解，误会,英语专业四八级词汇表
misappropriate,ˌmɪsəˈprəʊprɪeɪt,v.,盗用，侵吞，滥用,英语专业四八级词汇表
misbehave,ˌmɪsbɪˈheɪv,v.,行为不检，举止无理,英语专业四八级词汇表
miscalculate,ˌmɪsˈkælkjʊleɪt,v.,误算，失算,英语专业四八级词汇表
miscarriage,ˌmɪsˈkærɪdʒ,n.,1. 失败，失策 2.,英语专业四八级词汇表
miscarriage,ˌmɪsˈkærɪdʒ,,(邮件等)误送，未送到 3. 小产，流产,英语专业四八级词汇表
miscellaneous,ˌmɪsəˈleɪnɪəs,adj.,各式各样的，混杂的，多方面的,英语专业四八级词汇表
mischief,ˈmɪstʃɪf,n.,1. 调皮，恶作剧 2. 伤害，损害,英语专业四八级词汇表
mischievous,ˈmɪstʃɪvəs,adj.,恶作剧的，有害的,英语专业四八级词汇表
misconduct,ˌmɪsˈkɒndʌkt,n.,品行不良，行为不检，不贞,英语专业四八级词汇表
miser,ˈmaɪzə,n.,守财奴，吝音鬼,英语专业四八级词汇表
miserable,ˈmɪzərəbl,adj.,1. 痛苦的，悲惨的 2. 令人难受的，糟糕的 3. 低劣的，少得可怜的,英语专业四八级词汇表
misery,ˈmɪzərɪ,n.,痛苦，悲惨,英语专业四八级词汇表
misfit,ˈmɪsfɪt,n.,1. 不合身的衣着 2. 不适应环境的人,英语专业四八级词汇表
misfortune,ˌmɪsˈfɔːtʃən,n.,厄运，不幸,英语专业四八级词汇表
misgiving,ˌmɪsˈɡɪvɪŋ,n.,疑虑，担忧,英语专业四八级词汇表
mislead,ˌmɪsˈliːd,v.,把…引入歧途，使误解,英语专业四八级词汇表
misplace,ˌmɪsˈpleɪs,v.,1. 把…放错地方，遗失 2. 把(感情等)误给不该得到的对象,英语专业四八级词汇表
missile,ˈmɪsaɪl,n.,导弹，发射物,英语专业四八级词汇表
missing,ˈmɪsɪŋ,adj.,1. 找不到的，下落不明的 2. 失踪的,英语专业四八级词汇表
mission,ˈmɪʃən,n.,1. 使命，任务 2. 代表团，特使团,英语专业四八级词汇表
missionary,ˈmɪʃənrɪ,n.,传教士,英语专业四八级词汇表
mist,mɪst,n.,薄雾，朦胧，模糊,英语专业四八级词汇表
mistake,mɪˈsteɪk,v.,误解，弄错 || mistake sb for把…错认为 n. 错误，过失,英语专业四八级词汇表
mistaken,mɪˈsteɪkən,adj.,错误的，误解的，弄错的,英语专业四八级词汇表
Mister,ˈmɪstə,n.,先生,英语专业四八级词汇表
mistress,ˈmɪstrɪs,n.,1. 女主人，老板娘 2. 情妇,英语专业四八级词汇表
misty,ˈmɪstɪ,adj.,1. 有薄雾的，薄雾笼罩的 2. 朦胧不清的，模糊的,英语专业四八级词汇表
misunderstand,ˌmɪsˌʌndəˈstænd,v.,误会，误解,英语专业四八级词汇表
misunderstanding,'mɪsʌndə(r)'stændɪŋ,n.,误会，误解,英语专业四八级词汇表
mitigate,ˈmɪtɪɡeɪt,v.,减轻…的严重性，缓和,英语专业四八级词汇表
mitten,ˈmɪtən,n.,露指手套，连指手套,英语专业四八级词汇表
mix,mɪks,v.,1.,英语专业四八级词汇表
mix,mɪks,,(使)混合，调制 2. 交往,英语专业四八级词汇表
mixer,ˈmɪksə,n.,1. 搅拌器 2. 调酒用的饮料,英语专业四八级词汇表
mixture,ˈmɪkstʃə,n.,混合物，混合,英语专业四八级词汇表
moan,məʊn,v.,1. 呻吟 2. 抱怨 n. 1. 呻吟(声)，呜咽(声) 2. 抱怨,英语专业四八级词汇表
moat,məʊt,n.,壕沟，护城河,英语专业四八级词汇表
mob,mɒb,n.,1. 喧嚷的群众 2. 暴民，暴徒,英语专业四八级词汇表
mobile,ˈməʊbaɪl,adj.,可移动的，机动的 || mobile phone 移动电话,英语专业四八级词汇表
"mobilise, mobilize",ˈməʊbɪlaɪz,v.,1. 动员，调动，集合  2. 动员起来,英语专业四八级词汇表
mobility,məʊ'bɪlətɪ,n.,可动性，机动性，流动性,英语专业四八级词汇表
mock,mɒk,v.,&n. 嘲笑，嘲弄,英语专业四八级词汇表
mockery,ˈmɒkərɪ,n.,嘲弄，挖苦,英语专业四八级词汇表
mode,məʊd,n.,1. 方式，模式 2. 时尚,英语专业四八级词汇表
model,ˈmɒdl,n.,1. 模型 2. 模特儿 3. 模范，典范 4. 式样，型号,英语专业四八级词汇表
modem,ˈməʊdem,n.,调制解调器,英语专业四八级词汇表
moderate,ˈmɒdərət,adj.,1. 适度的，中等的 2. 温和的，有节制的 [ˈmɒdəreɪt] v.,英语专业四八级词汇表
moderate,ˈmɒdərət,,(使)和缓，变缓和，(使)减轻，节制,英语专业四八级词汇表
modern,ˈmɒdən,adj.,现代的，近代的，时髦的,英语专业四八级词汇表
"modernise, modernize",ˈmɒdənaɪz,v.,使现代化,英语专业四八级词汇表
modernism,ˈmɒdənɪzəm,n.,现代主义，现代派,英语专业四八级词汇表
modernization,ˌmɒdənaɪˈzeɪʃən,n.,现代化,英语专业四八级词汇表
modest,ˈmɒdɪst,adj.,1. 谦虚的 2. 适度的，不过分的 3. 端庄的 4. 朴素的,英语专业四八级词汇表
modesty,ˈmɒdɪstɪ,n.,谦虚，虚心,英语专业四八级词汇表
modify,ˈmɒdɪfaɪ,v.,1.,英语专业四八级词汇表
modify,ˈmɒdɪfaɪ,,(略微)修改，变更 2. 调节，缓和 3.,英语专业四八级词汇表
modify,ˈmɒdɪfaɪ,,(形容词或副词的)修饰,英语专业四八级词汇表
modular,ˈmɒdjʊlə,adj.,1. 标准化的，模块化的 2. 分单元的,英语专业四八级词汇表
module,ˈmɒdjuːl,,n.,英语专业四八级词汇表
module,ˈmɒdjuːl,,(太空船上的)舱,英语专业四八级词汇表
moist,mɔɪst,adj.,潮湿的，多雨的,英语专业四八级词汇表
moisture,ˈmɔɪstʃə,n.,潮湿，湿度，水分,英语专业四八级词汇表
"moisturise, moisturize",ˈmɔɪstʃəraɪz,v.,给…增加水分,英语专业四八级词汇表
molecule,ˈmɒlɪkjuːl,n.,分子，微粒,英语专业四八级词汇表
molest,məˈlest,v.,骚扰，干扰，使烦恼,英语专业四八级词汇表
mollify,ˈmɒlɪfaɪ,v.,抚慰，平息,英语专业四八级词汇表
moment,ˈməʊmənt,n.,1. 片刻，瞬间 2. 某一时刻 3. 重要性,英语专业四八级词汇表
momentary,ˈməʊməntrɪ,adj.,瞬息间的，短暂的,英语专业四八级词汇表
momentous,məʊˈmentəs,adj.,重要的，重大的,英语专业四八级词汇表
momentum,məʊˈmentəm,n.,1. 动力，冲力，势头 2. 动量,英语专业四八级词汇表
monarch,ˈmɒnək,n.,君主，帝王,英语专业四八级词汇表
monarchy,ˈmɒnəkɪ,n.,1. 君主制 2. 君主国,英语专业四八级词汇表
monastery,ˈmɒnəstrɪ,n.,修道院，寺院,英语专业四八级词汇表
Monday,ˈmʌndɪ,n.,星期一,英语专业四八级词汇表
monetary,ˈmʌnɪtərɪ,adj.,货币的，金钱的，金融的,英语专业四八级词汇表
money,ˈmʌnɪ,n.,金钱，货币，财富,英语专业四八级词汇表
Mongolian,mɒŋ'ɡəʊljən,adj.,1. 蒙古的 2. 蒙古人的 3. 蒙古语的 n. 1. 蒙古人 2. 蒙古语,英语专业四八级词汇表
mongrel,ˈmʌŋɡrəl,n.,1. 杂种狗 2. 混血儿 3. 杂种动物或植物，起源混杂的事物,英语专业四八级词汇表
monitor,ˈmɒnɪtə,v.,监听，监视 n. 1. 显示屏，监护仪 2. 监听员 3. 班长,英语专业四八级词汇表
monk,mʌŋk,n.,僧侣，和尚，修道士,英语专业四八级词汇表
monkey,ˈmʌŋkɪ,n.,猴子,英语专业四八级词汇表
monochrome,ˈmɒnəkrəʊm,adj.,1. 黑白的 2. 单色的 n. 单色复制品，单色的画、照片等,英语专业四八级词汇表
monogamy,məˈnɒɡəmɪ,n.,一夫一妻(制),英语专业四八级词汇表
monolith,ˈmɒnəlɪθ,n.,单块巨石,英语专业四八级词汇表
monologue,ˈmɒnəlɒɡ,n.,独白,英语专业四八级词汇表
"monopolise, monopolize",məˈnɒpəlaɪz,v.,垄断，独占,英语专业四八级词汇表
monopoly,məˈnɒpəlɪ,n.,垄断，独占，专卖(权),英语专业四八级词汇表
monotone,ˈmɒnətəʊn,,n.,英语专业四八级词汇表
monotone,ˈmɒnətəʊn,,(说话或唱歌)单调音,英语专业四八级词汇表
monotonous,məˈnɒtənəs,adj.,单调的，无变化的，令人厌倦的,英语专业四八级词汇表
monotony,məˈnɒtənɪ,n.,单调，无变化,英语专业四八级词汇表
monsoon,ˌmɒnˈsuːn,n.,季候风,英语专业四八级词汇表
monster,ˈmɒnstə,n.,1. 怪物，怪兽，庞然大物 2. 凶残的人  adj. 巨大的，像怪物的,英语专业四八级词汇表
monstrous,ˈmɒnstrəs,adj.,1. 穷凶极恶的，可怕的 2. 巨大的，畸形的,英语专业四八级词汇表
montage,ˈmɒntɑːʒ,n.,1. 合成照片 2.,英语专业四八级词汇表
montage,ˈmɒntɑːʒ,,(电影)蒙太奇,英语专业四八级词汇表
month,mʌnθ,n.,月,英语专业四八级词汇表
monthly,'mʌnθlɪ,adj.,每月的，每月一次的 n. 月刊,英语专业四八级词汇表
monument,ˈmɒnjʊmənt,n.,1. 纪念碑，纪念馆 2. 遗址 3.,英语专业四八级词汇表
monument,ˈmɒnjʊmənt,,(不朽的)作品，成就，事业,英语专业四八级词汇表
monumental,ˌmɒnjʊˈmentəl,adj.,1. 纪念性的 2. 不朽的,英语专业四八级词汇表
mood,muːd,n.,1. 心情，情绪 2. 心境不好，闹脾气 3. 语气,英语专业四八级词汇表
moon,muːn,n.,1. 月亮，月光 2. 卫星,英语专业四八级词汇表
moonlight,ˈmuːnlaɪt,n.,月光,英语专业四八级词汇表
moonlighting,ˈmuːnlaɪtɪŋ,n.,同时兼两个职业(本职工作外第二职业),英语专业四八级词汇表
mop,mɒp,n.,拖把  v. 用拖把擦(拖),英语专业四八级词汇表
mope,məʊp,v.,抑郁不乐，顾影自怜 ||  mope around无精打采地徘徊,英语专业四八级词汇表
moral,ˈmɒrəl,adj.,道德上的，有道德的 n.,英语专业四八级词汇表
moral,ˈmɒrəl,,(故事等的)教训，寓意,英语专业四八级词汇表
morale,məˈrɑːl,n.,士气，斗志,英语专业四八级词汇表
morality,məˈrælətɪ,n.,道德，教训，寓意,英语专业四八级词汇表
morbid,ˈmɔːbɪd,adj.,病态的，不正常的,英语专业四八级词汇表
more,mɔː,adv.,1. 更，越发 2. 另外，附加的 || all the more 更加，越发 [more or less几乎，  大约] no more不再 [no more than至多，不超过] once more再一次 [not any more不再] what’s more而且,英语专业四八级词汇表
moreover,mɔːˈrəʊvə,adv.,此外，而且,英语专业四八级词汇表
mores,ˈmɔːreɪz,n.,风俗，道德风尚,英语专业四八级词汇表
moribund,ˈmɒrɪbʌnd,adj.,垂死的,英语专业四八级词汇表
morning,ˈmɔːnɪŋ,n.,早晨，上午,英语专业四八级词汇表
morphine,ˈmɔːfiːn,n.,吗啡,英语专业四八级词汇表
mortal,ˈmɔːtəl,adj.,1. 终有一死的 2. 人类的，凡人的 3. 致命的  n. 凡人,英语专业四八级词汇表
mortality,mɔːˈtælətɪ,n.,1. 必死的命运 2. 死亡人数，死亡率,英语专业四八级词汇表
mortar,ˈmɔːtə,n.,1. 灰浆，灰泥 2. 迫击炮,英语专业四八级词汇表
mortgage,ˈmɔːɡɪdʒ,n.,1. 抵押，抵押借款 2. 抵押契据，按揭,英语专业四八级词汇表
mortuary,ˈmɔːtjʊərɪ,n.,停尸房，殓房,英语专业四八级词汇表
mosaic,məʊˈzeɪɪk,n.,1. 镶嵌细工 2. 马赛克,英语专业四八级词汇表
mosque,mɒsk,n.,伊斯兰教的寺院，清真寺,英语专业四八级词汇表
mosquito,məsˈkiːtəʊ,n.,蚊子,英语专业四八级词汇表
moss,mɒs,n.,苔藓，青苔,英语专业四八级词汇表
most,məʊst,adv.,最，非常 adj. 1. 最多的 2. 大多数的 prop. 最大量，大部分 || at (the) most至多，不超过 /,英语专业四八级词汇表
most,məʊst,make,the most of充分利用,英语专业四八级词汇表
mostly,'məʊstlɪ,adv.,多半，主要地,英语专业四八级词汇表
motel,məʊˈtel,n.,汽车旅馆,英语专业四八级词汇表
moth,mɒθ,n.,蛾，蛀虫,英语专业四八级词汇表
mother,ˈmʌðə,n.,母亲,英语专业四八级词汇表
mother-in-law,ˈmʌðəɪnlɔː,n.,岳母，婆婆,英语专业四八级词汇表
motherland,ˈmʌðəlænd,n.,祖国,英语专业四八级词汇表
motif,məʊˈtiːf,n.,1.,英语专业四八级词汇表
motif,məʊˈtiːf,,(图案的)基本花纹 2.,英语专业四八级词汇表
motif,məʊˈtiːf,,(文艺作品的)主题,英语专业四八级词汇表
motion,ˈməʊʃən,n.,1. 动作，移动 2. 动议，提议,英语专业四八级词汇表
motionless,ˈməʊʃənləs,adj.,不动的，静止的,英语专业四八级词汇表
motivate,ˈməʊtɪveɪt,v.,促动，激发，作为…的动机,英语专业四八级词汇表
motivation,ˌməʊtɪˈveɪʃən,n.,动力，促动(激发)因素,英语专业四八级词汇表
motive,ˈməʊtɪv,n.,动机，目的,英语专业四八级词汇表
motley,ˈmɒtlɪ,adj.,混杂的，胡乱凑合的,英语专业四八级词汇表
motor,ˈməʊtə,n.,1. 马达，发动机 2. 汽车，机动车 adj. 机动的，汽车的 || motor-car 汽车 /motorcycle摩托车,英语专业四八级词汇表
motorist,ˈməʊtərɪst,n.,汽车驾驶者,英语专业四八级词汇表
motorway,ˈməʊtəweɪ,n.,高速公路，快车道,英语专业四八级词汇表
motto,'mɑtəʊ,n.,箴言，座右铭,英语专业四八级词汇表
mound,maʊnd,n.,土堆，小丘,英语专业四八级词汇表
mountain,ˈmaʊntɪn,n.,1. 山，高山 2. 大量,英语专业四八级词汇表
mountainous,ˈmaʊntɪnəs,adj.,1. 多山的，山地的 2. 巨大的,英语专业四八级词汇表
mourn,mɔːn,v.,为…哀痛，哀悼,英语专业四八级词汇表
mournful,ˈmɔːnfʊl,adj.,悲哀的，令人伤心的,英语专业四八级词汇表
mouse,maʊs,,(pl mice) n. 1. 老鼠，胆小怕事的人 2. 鼠标,英语专业四八级词汇表
mousse,muːs,n.,冻奶油甜点,英语专业四八级词汇表
"moustache, mustache",məˈstɑːʃ,n.,1. 鬓，小胡子 2.,英语专业四八级词汇表
"moustache, mustache",məˈstɑːʃ,,(哺乳动物的)触须,英语专业四八级词汇表
mouth,maʊθ,n.,嘴，出入口 v. 装腔作势地说,英语专业四八级词汇表
mouthful,'maʊθfʊl,n.,满口，一口,英语专业四八级词汇表
movable,ˈmuːvəbl,adj.,1. 可动的，可移动的 2. 逐年不同的 3.,英语专业四八级词汇表
movable,ˈmuːvəbl,,(财产)动产的,英语专业四八级词汇表
move,muːv,v.,1. 移动，搬动 2. 行动，活动 3. 感动 4. 提议， 动议  n. 一着棋，步骤，行动,英语专业四八级词汇表
movement,ˈmuːvmənt,n.,1. 移动，行动，运动 2. 乐章,英语专业四八级词汇表
movie,ˈmuːvɪ,n.,电影,英语专业四八级词汇表
moving,ˈmuːvɪŋ,adj.,1. 活动的 2. 感人的,英语专业四八级词汇表
mow,məʊ,v.,割(草、禾),英语专业四八级词汇表
Mr.,ˈmɪstə,n.,先生,英语专业四八级词汇表
Mrs.,ˈmɪsɪz,n.,太太，夫人,英语专业四八级词汇表
much,mʌtʃ,,(more，most) adv. 很，非常，几乎  adj. 大量的 prop. 大量，许多,英语专业四八级词汇表
muck,mʌk,n.,垃圾，粪肥 v. 闲逛，鬼混,英语专业四八级词汇表
mud,mʌd,n.,泥，泥浆,英语专业四八级词汇表
muddle,ˈmʌdl,n.,混乱 v. 搞乱，使糊涂，迷惑,英语专业四八级词汇表
muddy,ˈmʌdɪ,adj.,1. 泥泞的，多泥的 2. 浑浊的，模糊的 3. 糊涂的,英语专业四八级词汇表
muffin,ˈmʌfɪn,n.,松饼，小松糕,英语专业四八级词汇表
muffle,ˈmʌfl,v.,抑住(声音)，蒙住(头部或眼睛),英语专业四八级词汇表
mule,mjuːl,n.,骡,英语专业四八级词汇表
multilateral,ˌmʌltɪˈlætərəl,adj.,多边的，涉及多个国家的，涉及多方面的,英语专业四八级词汇表
multimedia,ˌmʌltiˈmiːdiə,n.,多媒体,英语专业四八级词汇表
multiple,ˈmʌltɪpl,adj.,多重的，复合的，多倍的 n. 倍数,英语专业四八级词汇表
multiply,ˈmʌltɪplaɪ,v.,1. 使相乘 2. 增多 3. 繁殖，增殖,英语专业四八级词汇表
multitude,ˈmʌltɪtjuːd,n.,1. 众多，量 2. 大群(人)，大众,英语专业四八级词汇表
mumble,ˈmʌmbl,v.,含糊地说，咕哝  n. 含糊的话，咕哝,英语专业四八级词汇表
mummy,ˈmʌmɪ,n.,木乃伊，干尸,英语专业四八级词汇表
mumps,mʌmps,,n.,英语专业四八级词汇表
mumps,mʌmps,,(传染性的)腮腺炎,英语专业四八级词汇表
mundane,mʌnˈdeɪn,adj.,世俗的，平凡的,英语专业四八级词汇表
municipal,mjuːˈnɪsɪpl,adj.,都市的，市政的,英语专业四八级词汇表
municipality,mjuːˌnɪsɪˈpælətɪ,n.,1. 自治市，自治地区 2. 市政府，市政当局,英语专业四八级词汇表
munitions,mjuːˈnɪʃənz,n.,军火，弹药,英语专业四八级词汇表
mural,ˈmjʊərəl,n.,壁画，壁饰,英语专业四八级词汇表
murder,ˈmɜːdə,v.,& n. 谋杀(罪)murderer,英语专业四八级词汇表
murmur,ˈmɜːmə,n.,1. 沙沙声，潺潺声 2. 怨言，咕哝 3. 低语声  v. 1. 低声说 2. 发低沉连续的声音 3. 咕哝，抱怨,英语专业四八级词汇表
muscle,ˈmʌsl,n.,1. 肌肉 2. 力量,英语专业四八级词汇表
muscular,ˈmʌskjʊlə,adj.,1. 肌肉的 2. 肌肉发达的，强而有力的,英语专业四八级词汇表
muse,mjuːz,v.,沉思，冥想,英语专业四八级词汇表
museum,mjuːˈzɪəm,n.,博物馆,英语专业四八级词汇表
mushroom,ˈmʌʃrʊm,n.,蘑菇，菌类植物 v. 迅速生长或发展,英语专业四八级词汇表
music,ˈmjuːzɪk,n.,音乐，乐曲，乐谱,英语专业四八级词汇表
musical,ˈmjuːzɪkəl,adj.,音乐的，擅长音乐的，悦耳的 n. 音乐片，音乐喜剧,英语专业四八级词汇表
musician,mjuːˈzɪʃən,n.,音乐家,英语专业四八级词汇表
musk,mʌsk,n.,麝香,英语专业四八级词汇表
Muslim,ˈmʊzlɪm,n.,&adj. 回教徒(的)，伊斯兰教徒(的),英语专业四八级词汇表
mussel,ˈmʌsəl,n.,淡菜,英语专业四八级词汇表
must,mʌst,,aux.,英语专业四八级词汇表
must,mʌst,v.,1. 必须，应当 2. 不可 3. 一定，必定  n. 必须做的事，不可少的事,英语专业四八级词汇表
mustard,ˈmʌstəd,n.,1. 芥，芥末 2. 芥末色，淡黄色,英语专业四八级词汇表
muster,ˈmʌstə,v.,集合，召集，收集,英语专业四八级词汇表
mutant,ˈmjuːtənt,,n.,英语专业四八级词汇表
mutant,ˈmjuːtənt,,(生物的)突变体,英语专业四八级词汇表
mute,mjuːt,adj.,沉默的，不说话的 n. 哑巴,英语专业四八级词汇表
mutilate,ˈmjuːtɪleɪt,v.,肢解，使残废,英语专业四八级词汇表
mutter,ˈmʌtə,v.,喃喃低语，抱怨,英语专业四八级词汇表
mutton,ˈmʌtən,n.,羊肉,英语专业四八级词汇表
mutual,ˈmjuːtʃʊəl,adj.,1. 相互的 2. 共同的，共有的,英语专业四八级词汇表
muzzle,ˈmʌzl,n.,1. 动物的口鼻部分 2.,英语专业四八级词汇表
muzzle,ˈmʌzl,,(动物的)口套  v. 给(动物)戴口套,英语专业四八级词汇表
my,maɪ,prop.,我的,英语专业四八级词汇表
myriad,ˈmɪrɪəd,n.,&adj. 无数(的)，极大数量(的),英语专业四八级词汇表
myself,maɪˈself,prop.,我自己，我本人,英语专业四八级词汇表
mysterious,mɪˈstɪərɪəs,adj.,神秘的，难以解释的,英语专业四八级词汇表
mystery,ˈmɪstərɪ,n.,1. 神秘的事物，奥秘 2. 神秘小说，推理小说,英语专业四八级词汇表
mystic,ˈmɪstɪk,adj.,1. 神秘的，难以理解的 2. 神秘主义(者)的 n. 神秘主义者，幻想者,英语专业四八级词汇表
myth,mɪθ,n.,1. 神话 2. 神话式的人(或物) 3. 虚构的故事，荒诞的说法,英语专业四八级词汇表
mythology,mɪˈθɒlədʒɪ,n.,神话，神话集，神话学,英语专业四八级词汇表
nab,næb,v.,1. 抓住，逮捕 2. 抓，获取,英语专业四八级词汇表
nag,næɡ,v.,不停地唠叨，不断地责骂 n. 爱唠叨的人(尤指妇女),英语专业四八级词汇表
nail,neɪl,n.,1. 钉 2. 指甲，爪  v. 将…钉牢，使固定,英语专业四八级词汇表
naive,nɑːˈiːv,adj.,幼稚的，无知的，天真的,英语专业四八级词汇表
naked,ˈneɪkɪd,adj.,1. 裸体的，赤裸的 2. 暴露的，赤裸裸的，无掩饰的,英语专业四八级词汇表
name,neɪm,n.,1. 名字，名称 2. 名声，名誉  || in the name of以…的名义 v. 1. 给…取名 2. 叫出…的名称 3. 提名，任命,英语专业四八级词汇表
namely,ˈneɪmlɪ,adv.,即，就是,英语专业四八级词汇表
namesake,ˈneɪmseɪk,n.,相同姓名的人,英语专业四八级词汇表
nap,næp,n.,& v. 小睡，打盹,英语专业四八级词汇表
nape,neɪp,n.,颈，颈背，后颈,英语专业四八级词汇表
napkin,ˈnæpkɪn,n.,餐巾,英语专业四八级词汇表
nappy,ˈnæpɪ,n.,尿布，尿片,英语专业四八级词汇表
narcissus,nɑːˈsɪsəs,n.,水仙(花),英语专业四八级词汇表
narcotic,nɑːˈkɒtɪk,n.,安眠药，麻醉剂,英语专业四八级词汇表
narrate,nəˈreɪt,v.,叙述，描述,英语专业四八级词汇表
narration,nəˈreɪʃən,n.,叙述，讲述,英语专业四八级词汇表
narrative,ˈnærətɪv,adj.,叙述的，叙事体的 n. 1. 叙述， 记事 2. 叙述手法,英语专业四八级词汇表
narrator,nəˈreɪtə,n.,叙述者，讲述者,英语专业四八级词汇表
narrow,ˈnærəʊ,adj.,1. 狭窄的，有限的 2. 目光短浅的，气量狭小的  v.,英语专业四八级词汇表
narrow,ˈnærəʊ,,(使)变狭窄，(使)缩小,英语专业四八级词汇表
nasal,ˈneɪzəl,adj.,鼻的，鼻音的 n. 鼻音，鼻音字母,英语专业四八级词汇表
nasty,ˈnɑːstɪ,adj.,1. 令人讨厌的 2.,英语专业四八级词汇表
nasty,ˈnɑːstɪ,,(气味等)令人作呕的 3. 卑鄙的 nastily,英语专业四八级词汇表
nation,ˈneɪʃən,n.,国家，民族,英语专业四八级词汇表
national,ˈnæʃənəl,adj.,1. 国家的，全国的，国内的 2. 民族的,英语专业四八级词汇表
nationality,ˌnæʃəˈnælətɪ,n.,1. 国籍 2. 民族,英语专业四八级词汇表
nationwide,",nei丁 an Iwaid",adj.,全国性的,英语专业四八级词汇表
native,ˈneɪtɪv,adj.,1. 出生地的 2. 本国的，本土的 3. 天生的 n. 1. 本地人，本国人 2. 土人，土著,英语专业四八级词汇表
natural,ˈnætʃərəl,adj.,1. 天然的 2. 自然的，正常的 3. 天生的，天赋的,英语专业四八级词汇表
"naturalise, naturalize",ˈnætʃrəlaɪz,v.,使(外国人)归化，入籍,英语专业四八级词汇表
nature,ˈneɪtʃə,n.,1. 大自然 2. 本性，性质,英语专业四八级词汇表
naughty,ˈnɔːtɪ,adj.,顽皮的，淘气的,英语专业四八级词汇表
nausea,ˈnɔːsɪə,n.,1. 作呕，恶心 2. 极端的厌恶,英语专业四八级词汇表
nautical,ˈnɔːtɪkəl,adj.,航海的，船舶的，海员的,英语专业四八级词汇表
naval,ˈneɪvəl,adj.,海军的，军舰的，船的,英语专业四八级词汇表
navel,ˈneɪvəl,,n.,英语专业四八级词汇表
navel,ˈneɪvəl,,(肚)脐,英语专业四八级词汇表
navigate,ˈnævɪɡeɪt,v.,1. 航行，航海，导航 2. 驾驶 3. 横渡,英语专业四八级词汇表
navigation,ˌnævɪˈɡeɪʃən,n.,1. 航行 2. 航海，航空,英语专业四八级词汇表
navy,ˈneɪvɪ,n.,海军,英语专业四八级词汇表
Nazi,ˈnɑːtsɪ,n.,纳粹分子，法西斯分子 adj. 纳粹党的,英语专业四八级词汇表
Nazism,ˈnɑːtsɪzəm,n.,纳粹主义,英语专业四八级词汇表
near,nɪə,adj.,1. 近的，不远的 2. 近似的，接近的 prep. 靠近,英语专业四八级词汇表
nearby,ˈnɪəbaɪ,adj.,附近的 adv. 在附近,英语专业四八级词汇表
nearly,ˈnɪəlɪ,adv.,几乎，差不多,英语专业四八级词汇表
neat,niːt,adj.,1. 整洁的，整齐的 2. 简洁的，匀称的 3.,英语专业四八级词汇表
neat,niːt,,(酒)纯的,英语专业四八级词汇表
nebulous,ˈnebjʊləs,adj.,1. 星云的，星云状的 2. 模糊的，朦胧的,英语专业四八级词汇表
necessarily,ˌnesəˈserəlɪ,adv.,必然，必定,英语专业四八级词汇表
necessary,ˈnesəsərɪ,adj.,1. 必需的，必要的 2. 必然的，不可避免的,英语专业四八级词汇表
necessitate,nɪˈsesɪteɪt,v.,使成为需要，使成为必须,英语专业四八级词汇表
necessity,nɪˈsesətɪ,n.,1. 必需，必要(性) 2. 必需品 3.,英语专业四八级词汇表
necessity,nɪˈsesətɪ,,(pl)贫穷，危急,英语专业四八级词汇表
neck,nek,n.,1. 颈，颈状部分 2. 领圈,英语专业四八级词汇表
necklace,ˈneklɪs,n.,项链,英语专业四八级词汇表
nectar,ˈnektə,n.,1. 花蜜 2. 甜蜜的饮料,英语专业四八级词汇表
need,niːd,n.,1. 需要，必要 2. 需用的东西 3. 贫穷 v. 1. 需要 2. 必须,英语专业四八级词汇表
needle,ˈniːdl,n.,针，针状物,英语专业四八级词汇表
needless,'nɪːdlɪs,adj.,不需要的,英语专业四八级词汇表
needy,ˈniːdɪ,adj.,贫困的,英语专业四八级词汇表
negate,nɪˈɡeɪt,v.,1. 否定，否认 2. 取消，使无效,英语专业四八级词汇表
negative,ˈneɡətɪv,adj.,1. 否定的 2. 消极的 3.,英语专业四八级词汇表
negative,ˈneɡətɪv,,(电)负极的 n. 1. 否定词，否定语 2. 底片,英语专业四八级词汇表
neglect,nɪˈɡlekt,v.,1. 忽略，忽视 2. 遗忘(做某事),英语专业四八级词汇表
negligent,ˈneɡlɪdʒənt,adj.,疏忽的，粗心大意的,英语专业四八级词汇表
negligible,ˈneɡlɪdʒəbl,adj.,微不足道的，可以忽略的,英语专业四八级词汇表
negotiable,nɪˈɡəʊʃɪəbl,adj.,可谈判的，可协商的,英语专业四八级词汇表
negotiate,nɪˈɡəʊʃɪeɪt,v.,谈判，协商,英语专业四八级词汇表
negotiation,nɪˌɡəʊʃɪˈeɪʃən,n.,谈判，协商,英语专业四八级词汇表
Negro,ˈniːɡrəʊ,n.,黑人,英语专业四八级词汇表
"neighbour, neighbor",ˈneɪbə,n.,邻居，邻国 v. 邻近，邻接,英语专业四八级词汇表
neighbourhood，neighborhood,ˈneɪbəhʊd,n.,四邻，附近地区,英语专业四八级词汇表
neither,ˈnaɪðə,adj.,，prop. & conj. 两者都不 || neither…nor既不…也不 adv. 也不,英语专业四八级词汇表
neoclassical,ˌniːəʊˈklæsɪkəl,adj.,新古典主义的,英语专业四八级词汇表
neon,ˈniːɒn,n.,1. 氖 2. 霓虹灯,英语专业四八级词汇表
nephew,ˈnevjuː,n.,侄儿，外甥,英语专业四八级词汇表
nerve,nɜːv,n.,1. 神经 2 勇气，胆量,英语专业四八级词汇表
nervous,ˈnɜːvəs,adj.,1. 神经的 2. 紧张的，胆怯的,英语专业四八级词汇表
nest,nest,n.,1. 窝，巢，穴 2. 掩体，藏匿处 3. 安乐窝,英语专业四八级词汇表
nestle,ˈnesl,v.,安居，偎依,英语专业四八级词汇表
network,ˈnetwɜːk,n.,网状系统，网络,英语专业四八级词汇表
neural,ˈnjʊərəl,adj.,神经的，神经系统的,英语专业四八级词汇表
neurological,ˌnjʊərəˈlɒdʒɪkəl,adj.,神经病学的,英语专业四八级词汇表
neurosis,njʊəˈrəʊsɪs,n.,神经(机能)病，神经官能症,英语专业四八级词汇表
neurotic,njʊəˈrɒtɪk,adj.,神经(机能)病的，神经过敏的 neurotically,英语专业四八级词汇表
neutral,ˈnjuːtrəl,adj.,中立的，中性的,英语专业四八级词汇表
"neutralise, neutralize",ˈnjuːtrəlaɪz,v.,1. 使中立化  2. 使无效 3. 中和,英语专业四八级词汇表
never,ˈnevə,adv.,从未，永不,英语专业四八级词汇表
nevertheless,ˌnevəðəˈles,adv.,&conj. 然而，不过,英语专业四八级词汇表
new,njuː,adj.,1. 新的，新近的 2. 不熟悉的，生疏的,英语专业四八级词汇表
newborn,ˈnjuːbɔːn,adj.,新生的,英语专业四八级词汇表
newly,ˈnjuːlɪ,adv.,1. 最近，新近 2. 以新的方式，重新,英语专业四八级词汇表
news,njuːz,n.,新闻，消息，新闻报道,英语专业四八级词汇表
newscast,ˈnjuːzkɑːst,n.,新闻广播,英语专业四八级词汇表
newsletter,ˈnjuːzˌletə,n.,简讯，时事通讯,英语专业四八级词汇表
newspaper,ˈnjuːsˌpeɪpə,n.,报纸,英语专业四八级词汇表
newsreel,ˈnjuːzriːl,n.,新闻影片,英语专业四八级词汇表
next,nekst,adj.,1. 下一个 的 2. 紧邻的 adv. 1. 然后 2. 下一次  n. 下一个人(或物),英语专业四八级词汇表
nib,nɪb,n.,1. 钢笔尖 2.,英语专业四八级词汇表
nib,nɪb,,(工具的)尖头,英语专业四八级词汇表
nibble,ˈnɪbl,v.,啃，一点一点地咬  n. 啃，轻咬,英语专业四八级词汇表
nice,naɪs,adj.,1. 美好的 2. 微妙的 3. 和蔼的,英语专业四八级词汇表
nicely,ˈnaɪslɪ,adv.,1. 美好地，出色地 2. 精密地，严谨地,英语专业四八级词汇表
niche,nɪtʃ,n.,壁龛,英语专业四八级词汇表
nickel,ˈnɪkəl,n.,1. 镍 2.,英语专业四八级词汇表
nickel,ˈnɪkəl,,(AmE)五分硬币,英语专业四八级词汇表
nickname,ˈnɪkneɪm,n.,绰号，爱称,英语专业四八级词汇表
nicotine,ˈnɪkətiːn,n.,尼古丁,英语专业四八级词汇表
niece,niːs,n.,侄女，外甥女,英语专业四八级词汇表
nigger,ˈnɪɡə,n.,黑人(对黑人的蔑称),英语专业四八级词汇表
nigh,naɪ,adv.,，adj. &prep.,英语专业四八级词汇表
nigh,naɪ,,(old use)近，靠近,英语专业四八级词汇表
night,naɪt,n.,夜晚，黑夜,英语专业四八级词汇表
nightclub,ˈnaɪtklʌb,n.,夜总会,英语专业四八级词汇表
nightgown,ˈnaɪtɡaʊn,n.,睡衣,英语专业四八级词汇表
nightingale,ˈnaɪtɪŋɡeɪl,n.,夜莺,英语专业四八级词汇表
nightmare,ˈnaɪtmeə,n.,1. 噩梦 2. 可怕的经历,英语专业四八级词汇表
nimble,ˈnɪmbl,adj.,1. 敏捷的，迅速的 2. 机智的，反应快的 nimbly,英语专业四八级词汇表
nine,naɪn,n.,&adj. 九(的)，九个(的),英语专业四八级词汇表
nineteen,ˌnaɪnˈtiːn,n.,&adj. 十九，十九个(的),英语专业四八级词汇表
nineteenth,ˌnaɪnˈtiːnθ,n.,&adj. 第十九(的)，第十九个 (的),英语专业四八级词汇表
ninety,ˈnaɪntɪ,n.,&adj. 九十(的)，九十个(的),英语专业四八级词汇表
ninth,naɪnθ,n.,&adj. 第九(的)，第九个(的),英语专业四八级词汇表
nip,nɪp,v.,1. 夹，钳，掐 2. 阻碍，阻止 n. 1. 夹，钳 2. 霜寒，严寒,英语专业四八级词汇表
nipple,ˈnɪpl,n.,1. 乳头 2.,英语专业四八级词汇表
nipple,ˈnɪpl,,(奶瓶的)奶嘴,英语专业四八级词汇表
nirvana,", nɪəˈvɑːnə",n.,涅槃，圆寂，解脱,英语专业四八级词汇表
nitrate,ˈnaɪtreɪt,n.,硝酸盐,英语专业四八级词汇表
nitrogen,ˈnaɪtrədʒən,n.,氮,英语专业四八级词汇表
no,nəʊ,adv.,不，毫不  adj. 无，没有，并非 n. 不，拒绝，否定,英语专业四八级词汇表
nobility,nəʊˈbɪlətɪ,n.,1. 贵族，贵族身份(或气质) 2. 高贵，崇高,英语专业四八级词汇表
noble,nəʊbl,adj.,1. 高尚的 2. 宏伟的 3. 贵族的，高贵的 nobly,英语专业四八级词汇表
nobleman,'nəʊblmən,n.,贵族,英语专业四八级词汇表
nobody,ˈnəʊbədɪ,prop.,没人，无一人 n. 无足轻重的人,英语专业四八级词汇表
nod,nɒd,v.,1. 点头，向…点头示意 2. 打瞌睡,英语专业四八级词汇表
node,nəʊd,n.,1. 节，结，瘤 2. 茎节，硬肿块,英语专业四八级词汇表
noise,nɔɪz,n.,喧闹声，噪音,英语专业四八级词汇表
noisy,ˈnɔɪzɪ,adj.,嘈杂的，喧闹的 noisily,英语专业四八级词汇表
nomad,ˈnəʊmæd,n.,游牧民的一员，流浪者,英语专业四八级词汇表
nomadic,nəʊ'mædɪk,adj.,游牧的，流浪的,英语专业四八级词汇表
nomenclature,nəʊˈmenklətʃə,n.,命名法，专门用语，名称,英语专业四八级词汇表
nominal,ˈnɒmɪnəl,adj.,1. 名义上的 2. 极小的，微薄的  3. 名词(性)的,英语专业四八级词汇表
nominate,ˈnɒmɪneɪt,v.,1. 提名 2. 任命 3. 命名,英语专业四八级词汇表
nomination,ˌnɒmɪˈneɪʃən,n.,提名，任命,英语专业四八级词汇表
nominee,ˌnɒmɪˈniː,n.,被提名者,英语专业四八级词汇表
nonchalant,ˈnɒnʃələnt,adj.,冷淡的，漠不关心的,英语专业四八级词汇表
none,nʌn,prop.,无一 ||  none but只有,英语专业四八级词汇表
nonetheless,ˌnʌnðəˈles,adv.,尽管如此，然而,英语专业四八级词汇表
nonsense,ˈnɒnsəns,n.,1. 胡说，废话 2. 荒谬的念头(想法),英语专业四八级词汇表
nonstop,ˌnɒnˈstɒp,adj.,直达的，不断的 adv. 中途不停地，不断地,英语专业四八级词汇表
noodle,ˈnuːdl,n.,面条,英语专业四八级词汇表
noon,nuːn,n.,正午，中午,英语专业四八级词汇表
nor,nɔː,conj.,也不,英语专业四八级词汇表
Nordic,ˈnɔːdɪk,n.,北欧人 adj. 北欧人的,英语专业四八级词汇表
norm,nɔːm,n.,1. 标准，规范，准则 2.,英语专业四八级词汇表
norm,nɔːm,,(工作量)定额,英语专业四八级词汇表
normal,ˈnɔːməl,adj.,1. 正常的，标准的，常态的 2. 智力正常的，精神健全的,英语专业四八级词汇表
normally,ˈnɔːməlɪ,adv.,正常情况下，通常,英语专业四八级词汇表
north,nɔːθ,n.,北，北方 adj. 北的，北方的 adv. 向北方,英语专业四八级词汇表
northeast,ˌnɔːθˈi:st,n.,东北，东北方 adj. 东北方的  adv. 向东北方,英语专业四八级词汇表
northern,ˈnɔːðən,adj.,北部的,英语专业四八级词汇表
northwest,ˌnɔːθˈwest,n.,西北 adj. 西北 adv. 向西北方,英语专业四八级词汇表
nose,nəʊz,n.,1. 鼻子 2. 嗅觉,英语专业四八级词汇表
nostalgia,nɒˈstældʒɪə,n.,怀旧，留恋往事,英语专业四八级词汇表
nostalgic,nɒˈstældʒɪk,adj.,怀旧的，留恋过去的,英语专业四八级词汇表
nostril,ˈnɒstrɪl,n.,鼻孔,英语专业四八级词汇表
not,nɒt,adv.,不… || not at all别客气,英语专业四八级词汇表
notable,ˈnəʊtəbl,adj.,值得注意的，显著的 notably,英语专业四八级词汇表
notary,ˈnəʊtərɪ,n.,公证人,英语专业四八级词汇表
notation,nəʊˈteɪʃən,n.,1. 记号，标记法 2. 记录,英语专业四八级词汇表
note,nəʊt,n.,1. 笔记，记录 2. 注释 3. 便条 4. 音符 5. 名望 6. 钞票 v. 1. 记下，摘录 2. 注意，注意到,英语专业四八级词汇表
notebook,ˈnəʊtbʊk,n.,笔记本,英语专业四八级词汇表
noted,ˈnəʊtɪd,adj.,著名的，知名的,英语专业四八级词汇表
nothing,ˈnʌθɪŋ,n.,1. 无事，无物 2. 微不足道的事物 || nothing but只不过,英语专业四八级词汇表
notice,ˈnəʊtɪs,n.,1. 告示，通知 2. 注意 3. 介绍，短评 v. 1. 注意到 2. 通知,英语专业四八级词汇表
noticeable,ˈnəʊtɪsəbl,adj.,显而易见的，引人注目的 noticeably,英语专业四八级词汇表
notification,ˌnəʊtɪfɪˈkeɪʃən,n.,1. 通知，告示 2. 通知书,英语专业四八级词汇表
notify,ˈnəʊtɪfaɪ,,v.,英语专业四八级词汇表
notify,ˈnəʊtɪfaɪ,,(正式)通知(某人)，告知,英语专业四八级词汇表
notion,ˈnəʊʃən,n.,1. 概念，观念 2. 想法，见解 3. 打算，意图,英语专业四八级词汇表
notoriety,‚nəʊtə'raɪətɪ,n.,臭名昭著，声名狼藉,英语专业四八级词汇表
notorious,nəʊˈtɔːrɪəs,adj.,臭名昭著的，声名狼藉的,英语专业四八级词汇表
notwithstanding,ˌnɒtwɪθˈstændɪŋ,adv.,&prep. 尽管，还是,英语专业四八级词汇表
nought,nɔːt,n.,1. 零 2. 无(=naught),英语专业四八级词汇表
noun,naʊn,n.,名词,英语专业四八级词汇表
nourish,ˈnʌrɪʃ,v.,1. 滋养，养育 2. 怀有(希望，怨恨等),英语专业四八级词汇表
nourishment,ˈnʌrɪʃmənt,n.,1. 滋养品，食物 2. 滋养状况,英语专业四八级词汇表
novelist,ˈnɒvəlɪst,n.,小说家,英语专业四八级词汇表
novelty,ˈnɒvəltɪ,n.,1. 新颖 2. 新颖的事物  3. 新颖而价廉的小物件,英语专业四八级词汇表
November,nəʊˈvembə,n.,十一月,英语专业四八级词汇表
novice,ˈnɒvɪs,n.,初学者，生手，新手,英语专业四八级词汇表
now,naʊ,n.,1. 现在，即刻 2. 这时候，当时 || now and then不时，常常 /just now刚才 conj. 既然,英语专业四八级词汇表
nowadays,ˈnaʊədeɪz,n.,现今，现在,英语专业四八级词汇表
nowhere,ˈnəʊweə,adv.,任何地方都没有 n. 不知道的地方，没有…的地方,英语专业四八级词汇表
nuance,ˈnjuːɑːns,,n.,英语专业四八级词汇表
nuance,ˈnjuːɑːns,,(色彩，意义，感情等)细微差别,英语专业四八级词汇表
nuclear,ˈnjuːklɪə,adj.,1. 原子核的，运用核能的 2. 核心的，中心的,英语专业四八级词汇表
nucleus,ˈnjuːklɪəs,n.,1. 细胞核，原子核 2. 核，核心，中心,英语专业四八级词汇表
nude,njuːd,adj.,裸体的 n. 裸体者，裸体艺术品,英语专业四八级词汇表
nudge,nʌdʒ,v.,&n. 用肘轻推,英语专业四八级词汇表
nudity,njuːdɪtɪ,n.,裸体，裸露,英语专业四八级词汇表
nuisance,ˈnjuːsəns,n.,令人讨厌的人(或事),英语专业四八级词汇表
numb,nʌm,adj.,失去知觉的，麻木的 v. 使麻木,英语专业四八级词汇表
number,ˈnʌmbə,n.,1. 数字，数量 2. 号码，(期刊等)期，册 || a number of许多，若干 v. 1. 给…编号 2. 总计 3. 把…计入,英语专业四八级词汇表
numeral,ˈnjuːmərəl,n.,数字 adj. 数的，表示数的,英语专业四八级词汇表
numerical,njuːˈmerɪkəl,adj.,数字(上)的，用数字表示的,英语专业四八级词汇表
numerous,ˈnjuːmərəs,adj.,大量的，为数众多的,英语专业四八级词汇表
nun,nʌn,n.,修女，尼姑,英语专业四八级词汇表
nurse,nɜːs,n.,1. 护士 2. 保姆 v. 1. 看护，照料 2. 哺乳  3. 抱(希望等),英语专业四八级词汇表
nursery,ˈnɜːsərɪ,n.,1. 托儿所，保育室 2. 苗圃,英语专业四八级词汇表
nurture,ˈnɜːtʃə,v.,1. 养育，教育 2. 培育，扶植,英语专业四八级词汇表
nut,nʌt,n.,坚果，坚果仁,英语专业四八级词汇表
nutrient,ˈnjuːtrɪənt,adj.,营养的，滋养的 n. 营养物品，养分,英语专业四八级词汇表
nutrition,njuːˈtrɪʃən,n.,1. 营养，滋养 2. 营养物，食物,英语专业四八级词汇表
nutritious,njuːˈtrɪʃəs,adj.,有营养的，营养价值高的，滋养的,英语专业四八级词汇表
nuzzle,ˈnʌzl,v.,用鼻子触(擦，掘),英语专业四八级词汇表
nylon,ˈnaɪlɒn,n.,尼龙,英语专业四八级词汇表
nymph,nɪmf,n.,仙女,英语专业四八级词汇表
oak,əʊk,n.,橡树,英语专业四八级词汇表
oar,ɔː,n.,桨，橹,英语专业四八级词汇表
oasis,əʊˈeɪsɪs,n.,1.,英语专业四八级词汇表
oasis,əʊˈeɪsɪs,,(沙漠中的)绿洲 2.,英语专业四八级词汇表
oasis,əʊˈeɪsɪs,,(在枯燥或不愉快环境中的)胜地,英语专业四八级词汇表
oath,əʊθ,n.,1. 誓言 2. 辱骂 || on oath; under oath发誓说真话,英语专业四八级词汇表
oats,əʊts,n.,燕麦,英语专业四八级词汇表
obedience,əˈbiːdɪəns,n.,服从，顺从,英语专业四八级词汇表
obedient,əˈbiːdɪənt,adj.,顺从的，顺从的，听话的,英语专业四八级词汇表
obese,əʊ'bɪːs,adj.,肥大的，过度肥胖的,英语专业四八级词汇表
obesity,əʊ'bɪːsətɪ,n.,过度肥胖,英语专业四八级词汇表
obey,əˈbeɪ,v.,服从，听从,英语专业四八级词汇表
obituary,əˈbɪtʃʊərɪ,n.,讣告，讣闻,英语专业四八级词汇表
objection,əbˈdʒekʃən,n.,1. 反对，异议 2. 反对的理由,英语专业四八级词汇表
obligation,ˌɒblɪˈɡeɪʃən,n.,责任，义务,英语专业四八级词汇表
obligatory,əˈblɪɡətərɪ,adj.,1.,英语专业四八级词汇表
obligatory,əˈblɪɡətərɪ,,(法律或道义上)应尽的，强制性的 2. 必修的,英语专业四八级词汇表
oblige,əˈblaɪdʒ,v.,1. 迫使 2. 对…感激 3. 施恩惠于,英语专业四八级词汇表
obliterate,əˈblɪtəreɪt,v.,擦掉，消去，去掉…的痕迹,英语专业四八级词汇表
oblivion,əˈblɪvɪən,n.,1. 被忘却 2. 忘记，遗忘,英语专业四八级词汇表
oblivious,əˈblɪvɪəs,adj.,不注意的，被忘记,英语专业四八级词汇表
oblong,ˈɒblɒŋ,n.,&adj.  长方形(的),英语专业四八级词汇表
oboe,ˈəʊbəʊ,n.,双簧管,英语专业四八级词汇表
obscene,əbˈsiːn,adj.,猥亵的，淫乱的,英语专业四八级词汇表
obscenity,əbˈsenətɪ,n.,猥亵的活动(或行为),英语专业四八级词汇表
obscure,əbˈskjʊə,adj.,1. 模糊的，不清楚的 2. 费解的 3. 不出名 v. 使朦胧，遮掩，使难理解,英语专业四八级词汇表
obscurity,əbˈskjʊərətɪ,n.,1. 暖昧，费解 2. 不引人注目,英语专业四八级词汇表
observance,əbˈzɜːvəns,n.,1. 遵守，奉行 2.,英语专业四八级词汇表
observance,əbˈzɜːvəns,,(宗教)仪式，庆祝(节庆),英语专业四八级词汇表
observant,əbˈzɜːvənt,adj.,1. 机警的，善于观察的 2. 严格遵守的,英语专业四八级词汇表
observation,ˌɒbzəˈveɪʃən,n.,1. 观察，注意 2. 观察力 3.,英语专业四八级词汇表
observation,ˌɒbzəˈveɪʃən,,(观察后发表的)评论,英语专业四八级词汇表
observatory,əbˈzɜːvətərɪ,n.,天文台，气象台,英语专业四八级词汇表
observe,əbˈzɜːv,v.,1. 观察 2. 遵守，奉行 3. 评论,英语专业四八级词汇表
observer,əbˈzɜːvə,n.,1. 观察者，旁听者 2. 评论者,英语专业四八级词汇表
obsess,əbˈses,v.,1. 使着迷，萦绕 2. 使困扰,英语专业四八级词汇表
obsessive,əbˈsesɪv,adj.,妄想的 n. 有妄想的人,英语专业四八级词汇表
obsolete,ˈɒbsəliːt,adj.,已废弃的，过时的,英语专业四八级词汇表
obstacle,ˈɒbstəkl,n.,障碍(物)，干扰,英语专业四八级词汇表
obstinate,ˈɒbstɪnət,adj.,1. 固执的，顽固的 2. 难以驾驭的，顽强的,英语专业四八级词汇表
obstruct,əbˈstrʌkt,v.,1. 阻碍，阻塞 2.,英语专业四八级词汇表
obstruct,əbˈstrʌkt,,(故意)妨碍,英语专业四八级词汇表
obstruction,əbˈstrʌkʃən,n.,1. 阻塞，阻碍 2. 障碍物,英语专业四八级词汇表
obtain,əbˈteɪn,v.,得到，获得,英语专业四八级词汇表
obvious,ˈɒbvɪəs,adj.,明显的，显而易见的,英语专业四八级词汇表
occasion,əˈkeɪʒən,n.,1. 场合，时刻 2. 时机，机会 3. 理由,英语专业四八级词汇表
occasional,əˈkeɪʒənəl,adj.,偶尔的，不经常的,英语专业四八级词汇表
occidental,‚ɒksɪ'dentəl,adj.,西方的，西方人的,英语专业四八级词汇表
occupancy,ˈɒkjʊpənsɪ,n.,1. 占有，居住 2. 占有(居住)期间,英语专业四八级词汇表
occupation,ˌɒkjʊˈpeɪʃən,n.,1. 职业 2. 消遣 3. 占有，占用，占领,英语专业四八级词汇表
occupational,ˌɒkjʊˈpeɪʃənəl,adj.,职业的，职业造成的,英语专业四八级词汇表
occupy,ˈɒkjʊpaɪ,v.,1. 占，占用 2. 占领，占据 3. 使忙碌，从事,英语专业四八级词汇表
occur,əˈkɜː,v.,发生，出现 || occur to(念头)出现(在某人的脑子里)，想到,英语专业四八级词汇表
occurrence,əˈkʌrəns,n.,1. 事件，发生的事情 2. 发生，出现,英语专业四八级词汇表
ocean,ˈəʊʃən,n.,海洋,英语专业四八级词汇表
oceanography,‚əʊʃə'nɑɡrəfɪ,n.,海洋学,英语专业四八级词汇表
o'clock,əˈklɒk,adv.,…点钟,英语专业四八级词汇表
October,ɒkˈtəʊbə,n.,十月,英语专业四八级词汇表
octopus,ˈɒktəpəs,n.,章鱼,英语专业四八级词汇表
odd,ɒd,adj.,1. 奇异的，不同寻常的 2. 奇数的 3. 不固定的，临时的 4. …带零数的,英语专业四八级词汇表
odds,ɒdz,n.,1. 可能性，机会 2. 差异 3. 投注赔率 || at odds意见不一致,英语专业四八级词汇表
ode,əʊd,n.,颂诗,英语专业四八级词汇表
"odour, odor",ˈəʊdə,n.,气味,英语专业四八级词汇表
of,əv;ɒv,prep.,1. …的 2. …之中的 3. 由…制成的 4. 关于…的 5.,英语专业四八级词汇表
of,əv;ɒv,,(表示同位关系)即 6. 具有…性质(特征)的 7. 在…期间 8.,英语专业四八级词汇表
of,əv;ɒv,,(表示动作的对象) 9.,英语专业四八级词汇表
of,əv;ɒv,,(表示主格关系),英语专业四八级词汇表
off,ɒf,prep.,1. 从…离开 2. 从…脱离 adj. 1.,英语专业四八级词汇表
off,ɒf,,(离人)较  远的(一侧)，反(面)的 2. 停止了的，休歇的 adv. 1. 离开，脱离 2. 距，离 3.,英语专业四八级词汇表
off,ɒf,,(电等)切断，关掉,英语专业四八级词汇表
"offence, offense",əˈfens,n.,1. 过错，犯罪  2. 冒犯，触怒 3. 伤害人的感情，令人不愉快  的事物,英语专业四八级词汇表
offend,əˈfend,v.,1. 冒犯，触怒，给人不愉快的感觉 2. 犯过错，犯罪,英语专业四八级词汇表
offender,əˈfendə,n.,冒犯者，犯罪者,英语专业四八级词汇表
offensive,əˈfensɪv,adj.,1. 冒犯的 2. 进攻性的 3. 极讨厌的,英语专业四八级词汇表
offer,ˈɒfə,v.,1. 提供，提出，建议 2. 出价，开价 3.,英语专业四八级词汇表
offer,ˈɒfə,,(对神)供奉 n. 1. 提供，提议 2. 报价,英语专业四八级词汇表
offhand,ˌɒfˈhænd,adj.,1. 即席的 2. 草率的，随便的 adv. 即席地，没准备地,英语专业四八级词汇表
office,ˈɒfɪs,n.,1. 办公室 2. 服务处，事务所 3.,英语专业四八级词汇表
office,ˈɒfɪs,,(政府的)部、局、处 4. 官职，处,英语专业四八级词汇表
officer,ˈɒfɪsə,n.,1. 军官 2. 警察 3. 官员，职员,英语专业四八级词汇表
official,əˈfɪʃəl,adj.,官方的，正式的 n. 官员，公务员,英语专业四八级词汇表
offset,ˈɒfset,v.,补偿，抵消 n. 1. 分支，旁支 2. 补偿，抵消,英语专业四八级词汇表
offshore,ˌɒfˈʃɔː,adj.,1. 近海岸的 2. 离海岸的 adv. 1. 近海 2. 离海岸,英语专业四八级词汇表
offspring,ˈɒfsprɪŋ,n.,1. 子孙，后代 2. 结果，产物,英语专业四八级词汇表
often,ˈɒfən,adv.,经常，常常 || as often as not往往，多半 /,英语专业四八级词汇表
often,ˈɒfən,more,often than not多半,英语专业四八级词汇表
oh,əʊ,,int.,英语专业四八级词汇表
oh,əʊ,,(表示惊讶、悲痛等)啊，哦，噢,英语专业四八级词汇表
oil,ɔɪl,n.,油，石油 v. 给…注油,英语专业四八级词汇表
oily,ˈɔɪlɪ,adj.,1.,英语专业四八级词汇表
oily,ˈɔɪlɪ,,(似)油的 2. 涂有油的，含油多的 3. 油滑的,英语专业四八级词汇表
ointment,ˈɔɪntmənt,n.,药膏，软膏,英语专业四八级词汇表
old,əʊld,adj.,1. 年老的，年代久的 2. …岁的 3. 以前的，过去的 4. 陈旧的 5. 熟悉的,英语专业四八级词汇表
old-fashioned,əʊld'fæʃənd,adj.,1. 过时的，老式的 2. 守旧的,英语专业四八级词汇表
olive,ˈɒlɪv,n.,1. 橄榄 2. 橄榄绿,英语专业四八级词汇表
Olympic,əˈlɪmpɪk,adj.,奥林匹克运动会的 || the Olympics;the Olympic games 奥林匹克运动会,英语专业四八级词汇表
omega,ˈəʊmɪɡə,n.,希腊字母表的最后一个字母(Ω),英语专业四八级词汇表
"omelette, omelet",ˈɒmlɪt,n.,煎蛋卷(饼)，炒鸡蛋,英语专业四八级词汇表
omen,ˈəʊmen,n.,征兆，预兆,英语专业四八级词汇表
ominous,ˈɒmɪnəs,adj.,预兆的，不祥的,英语专业四八级词汇表
omission,əˈmɪʃən,n.,1. 省略，删节 2. 遗漏，忽略,英语专业四八级词汇表
omit,əˈmɪt,v.,1. 省略，删除 2. 遗漏，忽略,英语专业四八级词汇表
omniscient,ɒmˈnɪsɪənt,adj.,无所不知的,英语专业四八级词汇表
on,ɒn,prep.,1. 在…上 2. 朝向，针对 3. 依靠，根据 4. 处于(某种状态) 5. 在…时候 6. 关于 adv. 1. 穿着 2.,英语专业四八级词汇表
on,ɒn,,(连接)上去，(安置)上去 3. 继续，向前 adj. 正在发生，正在上映,英语专业四八级词汇表
once,wʌns,adv.,1. 一次，一回 2. 从前，曾经 || all at once突然 [at once①立刻，马上②同时] once and for all一劳永逸 [once in a while偶尔，有时] once more再一次 /once upon a time从前 conj. 一…就…,英语专业四八级词汇表
oncoming,ˈɒnkʌmɪŋ,adj.,即将到来的,英语专业四八级词汇表
one,wʌn,n.,&adj. 一(的)，一个(的) || one by one依次地 prop. 1. 一个人，任何人 2. 某人，某物 ||one another互相 adj. 1. 一个，一种 2. 某一 3. 惟一的 4. 同一的，相同的,英语专业四八级词汇表
oneself,wʌnˈself,prop.,1. 自己，自身 2. 亲自 || (all) by oneself独自地,英语专业四八级词汇表
ongoing,ˈɒnɡəʊɪŋ,adj.,持续的，继续的,英语专业四八级词汇表
onion,ˈʌnɪən,n.,洋葱,英语专业四八级词汇表
onlooker,ˈɒnlʊkə,n.,旁观者,英语专业四八级词汇表
only,ˈəʊnlɪ,adj.,1. 惟一的 2. 独一无二的，最好的 adv. 仅仅 conj. 可是，不过 || if  only要是…多好 [only too非常，完全] not only… but (also) …不但…而且…,英语专业四八级词汇表
onomatopoeia,ˌɒnəˌmætəˈpɪə,n.,拟声，象声词,英语专业四八级词汇表
onset,ˈɒnset,n.,开始，突击,英语专业四八级词汇表
onslaught,ˈɒnslɔːt,n.,猛攻，猛袭,英语专业四八级词汇表
onto,ˈɒntʊ,prep.,到…上,英语专业四八级词汇表
onward,ˈɒnwəd,adj.,& adv. 向前的(地),英语专业四八级词汇表
onwards,ˈɒnwədz,adv.,向前地,英语专业四八级词汇表
ooze,uːz,v.,渗出，慢慢地渗出 n. 污泥，混浊的液体,英语专业四八级词汇表
opal,ˈəʊpəl,,n.,英语专业四八级词汇表
opal,ˈəʊpəl,,(乳色)蛋白石,英语专业四八级词汇表
opaque,əʊˈpeɪk,adj.,不透明的，意义不明确，晦涩的,英语专业四八级词汇表
open,ˈəʊpən,adj.,1. 开着的，敞开的 2. 空旷的，开阔的 3. 悬而未决的 4. 坦率的 5. 可自由参加的，公开的 v. 1. 开，打开 2. 开始，开发 3. 展现  n. 户外 || in the open①在户外②(意见，秘密等)公开,英语专业四八级词汇表
opener,ˈəʊpənə,n.,开启用的工具,英语专业四八级词汇表
opening,'əʊpənɪŋ,n.,1. 口，孔，通路 2. 开端 3.,英语专业四八级词汇表
opening,'əʊpənɪŋ,,(林中)空地，(职位)空缺 adj. 开头的，第一次的,英语专业四八级词汇表
opera,ˈɒprə,n.,歌剧,英语专业四八级词汇表
operate,ˈɒpəreɪt,v.,1. 操作，(使)运转 2. 经营 3. 动手术，开刀,英语专业四八级词汇表
operation,ˌɒpəˈreɪʃən,n.,1. 操作 2. 业务，经营 3. 手术 4. 军事行动 || in operation① 操作中，运转中②实施中，生效 /put into operation使实施，使生效,英语专业四八级词汇表
operational,ˌɒpəˈreɪʃənəl,adj.,1. 可操作的，可使用的 2. 操作上的,英语专业四八级词汇表
operative,ˈɒpərətɪv,adj.,有效的，起作用的，转动的  || the operative word最关键的词,英语专业四八级词汇表
operator,ˈɒpəreɪtə,n.,操作人员，接线员,英语专业四八级词汇表
opinion,əˈpɪnɪən,n.,1. 意见，看法，评价 2. 舆论,英语专业四八级词汇表
opium,ˈəʊpɪəm,n.,鸦片,英语专业四八级词汇表
opponent,əˈpəʊnənt,n.,1. 对手，敌手 2. 反对者,英语专业四八级词汇表
opportunity,ˌɒpəˈtjuːnətɪ,n.,机会，时机,英语专业四八级词汇表
oppose,əˈpəʊz,v.,反对，反抗,英语专业四八级词汇表
opposite,ˈɒpəzɪt,adj.,1. 相反的，对立的 2. 对面的  n. 相对应的人或物，对立物 prep. 在…的对面,英语专业四八级词汇表
opposition,ˌɒpəˈzɪʃən,n.,1. 反对，对抗 2. 相反，对立 3. 反对者，反对派 4. 反对党，在野党,英语专业四八级词汇表
oppress,əˈpres,v.,1. 压迫，压制 2. 压抑，使烦恼,英语专业四八级词汇表
oppressive,əˈpresɪv,adj.,1. 压迫的，残酷的 2. 抑郁的，难忍的,英语专业四八级词汇表
opt,ɒpt,v.,选择，抉择,英语专业四八级词汇表
optical,ˈɒptɪkəl,adj.,1. 视力的，视觉的 2. 光学的,英语专业四八级词汇表
optics,ˈɒptɪks,n.,光学,英语专业四八级词汇表
optimal,ˈɒptɪməl,adj.,最适宜的，最理想的,英语专业四八级词汇表
"optimise, optimize",ˈɒptɪmaɪz,v.,使最优化,英语专业四八级词汇表
optimism,ˈɒptɪmɪzəm,n.,乐观，乐观主义,英语专业四八级词汇表
optimistic,ˌɒptɪmɪstɪk,adj.,乐观的，乐观主义的,英语专业四八级词汇表
optimum,ˈɒptɪməm,adj.,最适宜的，最佳的,英语专业四八级词汇表
option,ˈɒpʃən,n.,选择，选择权,英语专业四八级词汇表
optional,ˈɒpʃənəl,adj.,非强制的，可任意选择的,英语专业四八级词汇表
opulent,ˈɒpjʊlənt,adj.,1. 富裕的 2. 富饶的，充足的,英语专业四八级词汇表
opus,ˈəʊpəs,n.,作品,英语专业四八级词汇表
or,ɔː,conj.,1. 或，还是 2. 否则，不然 3. 或者说  || or so 大约，或许,英语专业四八级词汇表
oracle,ˈɒrəkl,n.,1.,英语专业四八级词汇表
oracle,ˈɒrəkl,,(古希腊的)神论，神论处 2. 贤哲，圣人,英语专业四八级词汇表
oral,ˈɔːrəl,adj.,口头的，口语的，口述的,英语专业四八级词汇表
orange,ˈɒrɪndʒ,n.,1. 橘，柑，橙 2. 橘黄色 adj. 橘黄色的，橙色的,英语专业四八级词汇表
orator,ˈɒrətə,n.,演说家，演讲者,英语专业四八级词汇表
orbit,ˈɔːbɪt,n.,1. 轨道 2.,英语专业四八级词汇表
orbit,ˈɔːbɪt,,(活动)范围 v. 环绕…作轨道运行，沿轨道运行,英语专业四八级词汇表
orbital,ˈɔːbɪtəl,adj.,轨道的，活动范围的,英语专业四八级词汇表
orchard,ˈɔːtʃəd,n.,果园,英语专业四八级词汇表
orchestra,ˈɔːkɪstrə,n.,交响乐团，管弦乐团,英语专业四八级词汇表
orchestrate,ˈɔːkɪstreɪt,v.,1. 为管弦乐团谱写(音乐) 2. 筹划，精心安排,英语专业四八级词汇表
orchid,ˈɔːkɪd,n.,1. 兰花 2. 淡紫色,英语专业四八级词汇表
ordain,ɔːˈdeɪn,v.,1. 任命(某人)任圣职 2.,英语专业四八级词汇表
ordain,ɔːˈdeɪn,,(上帝的)命令,英语专业四八级词汇表
ordeal,ɔːˈdiːl,n.,严峻的考验，痛苦的经历,英语专业四八级词汇表
order,ˈɔːdə,n.,1. 次序，顺序 2. 正常状态 3. 秩序，程序 4. 命令 5. 订货，点菜 6. 汇票，汇单簿 || in order that为… [in order to为了] on order已订购的 v. 1. 命令 2. 订购，点(菜) 3. 安排，整理,英语专业四八级词汇表
orderly,ˈɔːdəlɪ,adj.,1. 有秩序的 2. 整洁的 n.,英语专业四八级词汇表
orderly,ˈɔːdəlɪ,,(医院的)护理员，勤杂工,英语专业四八级词汇表
ordinal,ˈɔːdɪnəl,adj.,序数的  n. 序数词,英语专业四八级词汇表
ordinance,ˈɔːdɪnəns,n.,法令，条例,英语专业四八级词汇表
ordinary,ˈɔːdənrɪ,adj.,普通的，平常的 || out of the ordinary不平常的，非凡的 ordinarily,英语专业四八级词汇表
ore,ɔː,n.,矿石，矿砂,英语专业四八级词汇表
organ,ˈɔːɡən,n.,1. 器官 2. 机构，机关 3. 管风琴，类似风琴的乐器,英语专业四八级词汇表
organic,ɔːˈɡænɪk,adj.,1. 有机物的，有机体的 2. 有组织的，有系统的,英语专业四八级词汇表
"organisation,organization",ˌɔːɡənaɪˈzeɪʃən,n.,1. 团体，组织，机构 2. 组织，安排,英语专业四八级词汇表
"organise, organize",ˈɔːɡənaɪz,v.,1. 组织，安排 2. 筹备，筹办,英语专业四八级词汇表
organism,ˈɔːɡənɪzəm,n.,1. 有机体，生物 2. 有机组织,英语专业四八级词汇表
orgasm,ˈɔːɡæzəm,,n.,英语专业四八级词汇表
orgasm,ˈɔːɡæzəm,,(性交的)高潮,英语专业四八级词汇表
orgy,ˈɔːdʒɪ,n.,1. 狂饮乱舞的聚会 2. 狂欢活动,英语专业四八级词汇表
Orient,ˈɔːrɪənt,n.,东方，亚洲,英语专业四八级词汇表
orient,ˈɔːrɪent,v.,1. 使适应 2. 确定位置,英语专业四八级词汇表
oriental,ˌɔːrɪˈentəl,adj.,东方的，来自东方的 n. 东方人,英语专业四八级词汇表
orientation,ˌɔːriənˈteɪʃən,n.,1. 倾向性 2. 确定方位(方向)，熟悉，适应,英语专业四八级词汇表
origin,ˈɒrɪdʒɪn,n.,1. 起源，开端 2. 血统，出身,英语专业四八级词汇表
original,əˈrɪdʒənəl,adj.,1. 最初的，最早的 2. 独特的，有创造性的 3. 非抄袭的，原作 n. 原版，原样,英语专业四八级词汇表
originality,əˌrɪdʒɪˈnælətɪ,n.,1. 独创性，独特性 2. 新颖,英语专业四八级词汇表
originate,əˈrɪdʒɪneɪt,v.,发源，创始，开始,英语专业四八级词汇表
ornament,ˈɔːnəmənt,n.,装饰品，饰物，装饰 v. 装饰，美化,英语专业四八级词汇表
ornate,ɔːˈneɪt,adj.,大加装饰的，矫揉造作的,英语专业四八级词汇表
orphan,ˈɔːfən,n.,孤儿  v. 使…成为孤儿,英语专业四八级词汇表
orphanage,ˈɔːfənɪdʒ,n.,孤儿院，孤儿的身份,英语专业四八级词汇表
orthodox,ˈɔːθədɒks,adj.,正统的，传统的,英语专业四八级词汇表
orthodoxy,ˈɔːθədɒksɪ,n.,正统，正统的观念(做法),英语专业四八级词汇表
oscillation,ˌɒsɪˈleɪʃən,n.,1. 振动，来回摆动 2. 摇摆，动摇,英语专业四八级词汇表
ostensibly,ɒˈstensəblɪ,adv.,伪装地，表面上地,英语专业四八级词汇表
ostentatious,ˌɒstenˈteɪʃəs,adj.,炫耀的，招摇的，卖弄的,英语专业四八级词汇表
ostrich,ˈɒstrɪtʃ,n.,鸵鸟,英语专业四八级词汇表
other,ˈʌðə,adj.,1. 另外的，其他的 2. 另一方的，其余的 pron. 另外的人(或物) || each other相互，彼此 [none other than不是别的(人或物) …正是…] one after the other一个接一个地 [other than 除…之外] the other day几天前,英语专业四八级词汇表
otherwise,ˈʌðəwaɪz,adv.,1. 不同地，另外 2. 在其他方面 3. 否则，不然 adj. 1. 另外的 2. 其他方面的,英语专业四八级词汇表
ought,ɔːt,,aux.,英语专业四八级词汇表
ought,ɔːt,v.,1.,英语专业四八级词汇表
ought,ɔːt,,(道义上)应该 2. 本当,英语专业四八级词汇表
ounce,aʊns,n.,1. 盎司 2. 少量，少许,英语专业四八级词汇表
our,ˈaʊə,prop.,我们的,英语专业四八级词汇表
ours,ˈaʊəz,prop.,我们的(东西或人),英语专业四八级词汇表
ourselves,aʊəˈselvz,prop.,我们自己,英语专业四八级词汇表
oust,aʊst,v.,驱逐，赶走,英语专业四八级词汇表
out,aʊt,adv.,1. 向外 2. 离家，外出 3. 熄灭 4. 完全 5. 有差错地 || out of ①从…里 ②…之中 ③缺乏，没有④出于，由于 adj. 向外的，外面的,英语专业四八级词汇表
outbreak,ˈaʊtbreɪk,,n.,英语专业四八级词汇表
outbreak,ˈaʊtbreɪk,,(指坏事)突然发生，爆发,英语专业四八级词汇表
outcast,ˈaʊtkɑːst,n.,被逐出家门的人，被社会遗弃者 adj. 被遗弃的，无家可归的,英语专业四八级词汇表
outcome,ˈaʊtkʌm,n.,结果，后果，成果,英语专业四八级词汇表
outcry,ˈaʊtkraɪ,n.,呐喊，抗议,英语专业四八级词汇表
outdated,ˌaʊtˈdeɪtɪd,adj.,过时的，陈旧的,英语专业四八级词汇表
outdoor,ˈaʊtdɔː,adj.,户外的，野外的,英语专业四八级词汇表
outdoors,ˈaʊtdɔːz,adv.,在户外，在野外,英语专业四八级词汇表
outer,ˈaʊtə,adj.,外面的，外侧的，远离中央的,英语专业四八级词汇表
outfit,ˈaʊtfɪt,n.,1. 全套设 备或用具 2. 全套衣装 v. 为…提供设备,英语专业四八级词汇表
outgoing,ˈaʊtɡəʊɪŋ,adj.,1. 卸任的 2. 外向的，善于交际的,英语专业四八级词汇表
outgrow,ˌaʊtˈɡrəʊ,v.,1. 长得太大而不再适合于 2. 长得比别人快,英语专业四八级词汇表
outing,ˈaʊtɪŋ,n.,短途旅行，远足,英语专业四八级词汇表
outlandish,aʊtˈlændɪʃ,adj.,奇异的，古怪的,英语专业四八级词汇表
outlaw,ˈaʊtlɔː,n.,歹徒，罪犯 v. 1. 剥夺…的法律保护 2. 使…成为非法,英语专业四八级词汇表
outlay,ˈaʊtleɪ,n.,开支，支出，费用,英语专业四八级词汇表
outlet,ˈaʊtlet,,n.,英语专业四八级词汇表
outlet,ˈaʊtlet,,(液体或气体的)排泄口，出口，出路,英语专业四八级词汇表
outline,ˈaʊtlaɪn,n.,1. 轮廓 2. 提纲，要点概括 v. 画出…的轮廓，打出…的草图,英语专业四八级词汇表
outlook,ˈaʊtlʊk,n.,1. 景色 2. 前景，前途 3. 观点，看法,英语专业四八级词汇表
outnumber,ˌaʊtˈnʌmbə,v.,比…多，数量上超过…,英语专业四八级词汇表
outpost,ˈaʊtpəʊst,n.,前哨，前哨基地,英语专业四八级词汇表
output,ˈaʊtpʊt,n.,1. 产量， 产品 2. 输出，输出量,英语专业四八级词汇表
outrage,ˈaʊtreɪdʒ,n.,1. 暴行，残暴 2.,英语专业四八级词汇表
outrage,ˈaʊtreɪdʒ,,(暴行激起的)义愤  v. 1. 激起…的义愤 2. 违背,英语专业四八级词汇表
outrageous,aʊtˈreɪdʒəs,adj.,1. 残暴的，激起义愤的 2. 令人震惊的，骇人听闻的,英语专业四八级词汇表
outreach,ˈaʊtriːtʃ,v.,1. 超过 2. 比…到达更远,英语专业四八级词汇表
outright,ˈaʊtraɪt,adv.,1. 彻底地，全部地 2. 直率地 3. 立刻 adj. 彻底的，完全的，直率的,英语专业四八级词汇表
outset,ˈaʊtset,n.,开始，开端,英语专业四八级词汇表
outside,ˌaʊtˈsaɪd,n.,外部，外面，外观，外界 adj. 1. 外部的，室外的 2. 外界的 adv. 向外面，在外面 prep. 1. 在(向) …外 2. 超出…的范围,英语专业四八级词汇表
outskirts,ˈaʊtskɜːts,n.,郊区，郊外,英语专业四八级词汇表
outspoken,ˌaʊtˈspəʊkən,adj.,直言的，坦率的,英语专业四八级词汇表
outstanding,ˌaʊtˈstændɪŋ,adj.,1. 杰出的，优秀的 2. 未付款的，未解决的(问题),英语专业四八级词汇表
outward,ˈaʊtwəd,adj.,1. 向外的，外出的 2. 表面上的，外表上的 3. 向海外的 adv. 向外，在外,英语专业四八级词汇表
outwards,ˈaʊtwədz,adv.,向外，在外，向海外,英语专业四八级词汇表
outweigh,ˌaʊtˈweɪ,v.,比…更重要，在(价值、影响等)超过,英语专业四八级词汇表
oval,ˈəʊvl,adj.,椭圆形的，卵型的,英语专业四八级词汇表
ovation,əʊˈveɪʃən,n.,欢迎，热烈鼓掌,英语专业四八级词汇表
oven,ˈʌvən,n.,烤箱，烤炉,英语专业四八级词汇表
over,ˈəʊvə,prep.,1. 在…上方 2. 高于，优于 3. 遍布，在…的各部分 4. 越过 5. 在…方面 6. 在…期间 adv. 1. 在上，向上 2. 遍布，到处 3. 越过，向那边 4. 结束 5. 剩下 || over and over (again)反复，再三,英语专业四八级词汇表
overall,ˌəʊvərˈɔːl,adj.,全面的，总的 adv. 总体上，总的来说,英语专业四八级词汇表
overboard,ˈəʊvəbɔːd,adv.,向船外，从船上落入水中,英语专业四八级词汇表
overcast,ˌəʊvəˈkɑːst,adj.,1. 多云的，阴暗的 2. 忧郁的,英语专业四八级词汇表
overcoat,ˈəʊvəkəʊt,n.,长大衣,英语专业四八级词汇表
overcome,ˌəʊvəˈkʌm,v.,1. 战胜，克服 2. 制服，压倒,英语专业四八级词汇表
overcrowd,ˌəʊvəˈkaʊd,adj.,挤满，拥塞,英语专业四八级词汇表
overdo,ˌəʊvəˈduː,v.,做(使用) …过度，把…煮太久,英语专业四八级词汇表
overdose,ˈəʊvədəʊs,n.,过量用药,英语专业四八级词汇表
overdraft,ˈəʊvədrɑːft,n.,透支(额),英语专业四八级词汇表
overdue,ˌəʊvəˈdjuː,adj.,延误的，过期的,英语专业四八级词汇表
overflow,ˌəʊvəˈfləʊ,,v.,英语专业四八级词汇表
overflow,ˌəʊvəˈfləʊ,,(使)溢出，(使)泛滥，涌出,英语专业四八级词汇表
overgrown,ˌəʊvəˈɡrəʊn,adj.,草木丛生的，成长过快的,英语专业四八级词汇表
overhead,ˈəʊvəhed,adj.,&adv. 在头顶上(的)，在上面(的),英语专业四八级词汇表
overhear,ˌəʊvəˈhɪə,v.,1. 无意中听到，偶然听到 2. 偷听，窃听,英语专业四八级词汇表
overjoyed,ˌəʊvəˈdʒɔɪd,adj.,兴高采烈的，欣喜若狂的,英语专业四八级词汇表
overlap,ˌəʊvəˈlæp,v.,部分重叠，交搭  n. 重叠(部分),英语专业四八级词汇表
overleaf,ˌəʊvəˈliːf,n.,在一页的背面，下一页,英语专业四八级词汇表
overlook,ˌəʊvəˈlʊk,v.,1. 眺望，俯瞰 2. 忽略，没注意到 3. 宽容，不追究,英语专业四八级词汇表
overly,ˈəʊvəlɪ,adv.,过度地，极度,英语专业四八级词汇表
overnight,ˌəʊvəˈnaɪt,adj.,&adv. 一夜间(的)，突然(的),英语专业四八级词汇表
override,ˌəʊvəˈraɪd,v.,1. 优先，胜过 2. 推翻，使无效,英语专业四八级词汇表
overrule,ˌəʊvəˈruːl,v.,否决，驳回,英语专业四八级词汇表
oversea,ˈəʊvəˈsiː,adv.,在国外，向海外,英语专业四八级词汇表
overseas,ˈəʊvəˈsiːz,adj.,海外的，在国外的 adv. 在国外，向海外,英语专业四八级词汇表
overshadow,ˌəʊvəˈʃædəʊ,v.,1. 使担忧，使伤心 2. 使黯然失色,英语专业四八级词汇表
oversight,ˈəʊvəsaɪt,n.,疏忽，忽略,英语专业四八级词汇表
overstate,ˌəʊvəˈsteɪt,v.,言过其实,英语专业四八级词汇表
overt,ˈəʊvɜːt,adj.,公开的，明显的,英语专业四八级词汇表
overtake,ˌəʊvəˈteɪk,v.,1. 超(车)，超过 2.,英语专业四八级词汇表
overtake,ˌəʊvəˈteɪk,,(不愉快的事)突然发生,英语专业四八级词汇表
overthrow,ˌəʊvəˈθrəʊ,v.,&n. 推倒，颠覆,英语专业四八级词汇表
overtime,ˈəʊvətaɪm,adv.,加班加点地 n. 1. 加班时间，加班费 2.,英语专业四八级词汇表
overtime,ˈəʊvətaɪm,,(体育竞赛中)延长时间,英语专业四八级词汇表
overture,ˈəʊvətjʊə,n.,序曲，前奏曲,英语专业四八级词汇表
overturn,ˌəʊvəˈtɜːn,v.,1. 翻倒，打翻 2. 推翻，颠覆,英语专业四八级词汇表
overview,ˈəʊvəvjuː,n.,概观，概略,英语专业四八级词汇表
overweight,ˌəʊvəˈweɪt,adj.,超重的,英语专业四八级词汇表
overwhelm,ˌəʊvəˈwelm,v.,1. 战胜，压倒，克服 2.,英语专业四八级词汇表
overwhelm,ˌəʊvəˈwelm,,(指感情)压倒，控制,英语专业四八级词汇表
overwhelming,ˌəʊvəˈwelmɪŋ,adj.,压倒一切的，无法抗拒的,英语专业四八级词汇表
ovum,ˈəʊvəm,n.,卵，卵细胞,英语专业四八级词汇表
owe,əʊ,v.,1. 欠 2. 把…归功于,英语专业四八级词汇表
owing,ˈəʊɪŋ,adj.,该付的，未付的 || owing to由于,英语专业四八级词汇表
owl,aʊl,n.,猫头鹰,英语专业四八级词汇表
owner,ˈəʊnə,n.,所有人，业主,英语专业四八级词汇表
ownership,ˈəʊnəʃɪp,n.,物主身份，所有权,英语专业四八级词汇表
ox,ɒks,n.,牛，公牛,英语专业四八级词汇表
oxide,ˈɒksaɪd,n.,氧化物,英语专业四八级词汇表
oxidize,ˈɒksɪdaɪz,v.,使氧化，使生锈,英语专业四八级词汇表
oxygen,ˈɒksɪdʒən,n.,氧气,英语专业四八级词汇表
oyster,ˈɔɪstə,n.,牡蛎,英语专业四八级词汇表
ozone,ˈəʊzəʊn,n.,臭氧,英语专业四八级词汇表
pace,peɪs,n.,1. 步伐，速度 2. 一步，步距 || keep pace with与…并驾齐驱  1. 踱步(于) 2. 为…定速度;为…的标兵,英语专业四八级词汇表
Pacific,pəˈsɪfɪk,adj.,太平洋的 n. 太平洋,英语专业四八级词汇表
pacify,ˈpæsɪfaɪ,v.,1. 抚慰，使…镇静 2. 平息，平定，绥靖,英语专业四八级词汇表
pack,pæk,n.,1. 包，包裹 2. 一群，一组，一堆 3. 一副(纸牌) v. 1. 包装，把…打包，整理行装 2. 装进，塞进,英语专业四八级词汇表
package,ˈpækɪdʒ,n.,1. 包，包裹 2. 一整套,英语专业四八级词汇表
packet,ˈpækɪt,n.,小包，小捆,英语专业四八级词汇表
pact,pækt,n.,契约，公约，条约,英语专业四八级词汇表
pad,pæd,n.,1. 垫子，衬垫，填料 2. 便笺簿 v.,英语专业四八级词汇表
pad,pæd,,(以软物)衬填、填塞,英语专业四八级词汇表
paddle,ˈpædl,n.,船桨，桨状物 v. 1. 荡桨 2.,英语专业四八级词汇表
paddle,ˈpædl,,(用桨状物)拍打,英语专业四八级词汇表
paddock,ˈpædək,n.,1.,英语专业四八级词汇表
paddock,ˈpædək,,(放牧的)围场 2.,英语专业四八级词汇表
paddock,ˈpædək,,(赛马前)马集中的场地,英语专业四八级词汇表
paddy,ˈpædɪ,n.,稻田,英语专业四八级词汇表
padlock,ˈpædlɒk,n.,挂锁，扣锁 v. 用挂锁锁，把…锁上,英语专业四八级词汇表
pagan,ˈpeɪɡən,n.,异教徒，无宗教信仰的人  adj. 异教徒的，无宗教信仰的,英语专业四八级词汇表
page,peɪdʒ,n.,1. 页，一页 2.,英语专业四八级词汇表
page,peɪdʒ,,(pl)记录 3.,英语专业四八级词汇表
page,peɪdʒ,,(报刊的)专页,英语专业四八级词汇表
pageant,ˈpædʒənt,n.,庆典，华丽的展览，壮观的游行,英语专业四八级词汇表
pager,ˈpeɪdʒə,n.,寻呼机,英语专业四八级词汇表
pagoda,pəˈɡəʊdə,n.,塔，宝塔,英语专业四八级词汇表
pail,peɪl,n.,桶，提桶,英语专业四八级词汇表
pain,peɪn,n.,1. 痛苦，悲痛 2. 疼痛 3.,英语专业四八级词汇表
pain,peɪn,,(pl)努力，费心 || take pains尽力，煞费苦心,英语专业四八级词汇表
painful,ˈpeɪnfʊl,adj.,1. 疼痛的，痛苦的 2. 费心的，费力的,英语专业四八级词汇表
painkiller,ˈpeɪnˌkɪlə,n.,止痛药,英语专业四八级词汇表
painstaking,ˈpeɪnzˌteɪkɪŋ,n.,刻苦的，费力的，艰苦的,英语专业四八级词汇表
paint,peɪnt,n.,1. 油漆，涂料，颜料 2. 化妆品，彩色 v. 1. 给…上油漆 2.,英语专业四八级词汇表
paint,peɪnt,,(用颜料)画，绘,英语专业四八级词汇表
painting,ˈpeɪntɪŋ,n.,1. 绘画(艺术)  2. 油画，水彩画 3. 涂漆，着色,英语专业四八级词汇表
pair,peə,n.,1. 一队，一双 2.,英语专业四八级词汇表
pair,peə,,(成对物的)一方 3. 一对夫妇(或舞伴)  || a pair of一副， 一双，一条，一把 v.,英语专业四八级词汇表
pair,peə,,(使)成对，(使)配对,英语专业四八级词汇表
"pajamas, pyjamas",pəˈdʒɑːməz,n.,睡衣,英语专业四八级词汇表
pal,pæl,,n.,英语专业四八级词汇表
pal,pæl,,(infml)伙伴，好朋友 v.,英语专业四八级词汇表
pal,pæl,,(与人)结交，为友,英语专业四八级词汇表
palace,ˈpælɪs,n.,宫，宫殿,英语专业四八级词汇表
palatable,ˈpælətəbl,adj.,1. 味美的，可口的 2. 愉快的，宜人的,英语专业四八级词汇表
palatal,ˈpælətəl,adj.,1. 颚的 2. 音的,英语专业四八级词汇表
palate,ˈpælət,n.,1. 上颚 2. 味觉，鉴赏佳肴美酒的能力,英语专业四八级词汇表
pale,peɪl,adj.,1. 苍白的  2. 淡的，暗淡的 v. 1. 变暗淡  2. 变苍白,英语专业四八级词汇表
palette,pwht,n.,调色板,英语专业四八级词汇表
palpable,ˈpælpəbl,adj.,1. 可触知的 2. 明显的，明白的,英语专业四八级词汇表
pamper,ˈpæmpə,v.,纵容，娇养,英语专业四八级词汇表
pamphlet,ˌpænəˈsɪə,n.,小册子,英语专业四八级词汇表
pan,pæn,n.,平底锅，盘子,英语专业四八级词汇表
panacea,ˌpænəˈsɪə,n.,1. 万灵药 2.,英语专业四八级词汇表
panacea,ˌpænəˈsɪə,,(社会弊端等的)补救方法,英语专业四八级词汇表
pancake,ˈpæŋkeɪk,n.,薄煎饼,英语专业四八级词汇表
panda,ˈpændə,n.,熊猫,英语专业四八级词汇表
pane,peɪn,n.,窗上的玻璃,英语专业四八级词汇表
panel,ˈpænəl,n.,1.,英语专业四八级词汇表
panel,ˈpænəl,,(门窗上的)方格，镶板 2. 仪器板 3. 评议小组，讨论小组,英语专业四八级词汇表
pang,pæŋ,n.,一阵剧痛，一阵极度悲痛,英语专业四八级词汇表
panic,ˈpænɪk,n.,恐慌，惊惶  v.,英语专业四八级词汇表
panic,ˈpænɪk,,(使)恐慌，(使)惊惶 adj. 恐慌的，惊慌的,英语专业四八级词汇表
panorama,ˌpænəˈrɑːmə,n.,1. 风景的全貌，全景 2. 概论，概观,英语专业四八级词汇表
panoramic,ˌpænəˈræmɪk,n.,全景的，全貌的,英语专业四八级词汇表
pant,pænt,n.,& v. 喘气，喘息,英语专业四八级词汇表
panther,ˈpænθə,n.,豹，黑豹，美洲豹,英语专业四八级词汇表
pantomime,ˈpæntəmaɪm,n.,圣诞节上演的儿童哑剧,英语专业四八级词汇表
pants,pænts,n.,1.,英语专业四八级词汇表
pants,pænts,,(BrE)短内裤 2.,英语专业四八级词汇表
pants,pænts,,(AmE)裤子,英语专业四八级词汇表
paper,ˈpeɪpə,n.,1. 纸 2. 报纸 3. 考卷，论文 4.,英语专业四八级词汇表
paper,ˈpeɪpə,,(pl)证件，身份证,英语专业四八级词汇表
paperweight,ˈpeɪpəweɪt,n.,镇纸，纸压,英语专业四八级词汇表
paperwork,ˈpeɪpəwɜːk,n.,文书工作,英语专业四八级词汇表
par,pɑː,n.,1.,英语专业四八级词汇表
par,pɑː,,(两种货币间的)等价，平价 2. 票面价值 3. 常态，标准 || above par①在 票面价值以上②在标准以上 [at par与票面价值相等] on a par with和…同等 /up to par  达到水平(或标准) adj. 1. 与票面价值相等的，平价的 2. 常态的，平均的,英语专业四八级词汇表
parable,ˈpærəbl,n.,寓言，比喻,英语专业四八级词汇表
parachute,ˈpærəʃuːt,n.,降落伞 v. 用降落伞降落，空投,英语专业四八级词汇表
parade,pəˈreɪd,n.,1. 行列，游行 2. 阅兵 v. 1. 列队行进 2. 游行,英语专业四八级词汇表
paradigm,ˈpærədaɪm,n.,1. 范例，事例 2.,英语专业四八级词汇表
paradigm,ˈpærədaɪm,,(名词、动词的)词形变化表,英语专业四八级词汇表
paradise,ˈpærədaɪs,n.,天堂，乐园,英语专业四八级词汇表
paradox,ˈpærədɒks,n.,自相矛盾的事物(思想、言论等),英语专业四八级词汇表
paradoxical,ˌpærəˈdɒksɪkəl,adj.,自相矛盾的,英语专业四八级词汇表
paraffin,ˈpærəfɪn,n.,石蜡,英语专业四八级词汇表
paragraph,pærəɡræɑːf,n.,段，段落,英语专业四八级词汇表
parallel,ˈpærəlel,adj.,1. 平行的 2. 同类的，相似的 n. 1. 平行线 2. 纬线，纬度圈 3. 极相似且可相比的事物,英语专业四八级词汇表
paralysis,pəˈræləsɪs,n.,1. 麻痹，瘫痪，中风 2. 无能，无力,英语专业四八级词汇表
paralytic,ˌpærəˈlɪtɪk,adj.,1. 瘫痪的，患麻痹的 2.,英语专业四八级词汇表
paralytic,ˌpærəˈlɪtɪk,,(BrE)烂醉的,英语专业四八级词汇表
parameter,pəˈræmɪtə,,n.,英语专业四八级词汇表
parameter,pəˈræmɪtə,,(数学)参数，(事物的)限定性因素,英语专业四八级词汇表
paramilitary,ˌpærəˈmɪlɪtərɪ,adj.,准军事的,英语专业四八级词汇表
paramount,ˈpærəmaʊnt,adj.,1. 至高无上的，首要的 2. 胜过…的，卓越的,英语专业四八级词汇表
paranoia,ˌpærəˈnɔɪə,n.,偏执狂，妄想狂,英语专业四八级词汇表
paranoid,ˈpærənɔɪd,adj.,过分猜疑的，患妄想狂的，患偏执狂的,英语专业四八级词汇表
paraphrase,ˈpærəfreɪz,n.,& v. 释义，意译,英语专业四八级词汇表
parasite,ˈpærəsaɪt,n.,1. 寄生虫，寄生植物 2. 食客，靠他人供养的人,英语专业四八级词汇表
parcel,ˈpɑːsəl,n.,包，包裹,英语专业四八级词汇表
pardon,ˈpɑːdən,n.,& v. 原谅，宽恕,英语专业四八级词汇表
pare,peə,v.,切去…的边缘或表皮,英语专业四八级词汇表
parent,ˈpeərənt,n.,父或母,英语专业四八级词汇表
parentage,ˈpeərəntɪdʒ,n.,出身，父母的身份,英语专业四八级词汇表
parenthesis,pəˈrenθəsɪs,n.,1.,英语专业四八级词汇表
parenthesis,pəˈrenθəsɪs,,(usu pl)圆括号 2. 插入语,英语专业四八级词汇表
parenthetical,ˌpærənˈθetɪkəl,adj.,1.,英语专业四八级词汇表
parenthetical,ˌpærənˈθetɪkəl,,(词语)插入的 2. 括号的,英语专业四八级词汇表
parenthood,ˈpeərənthʊd,n.,父母的身份,英语专业四八级词汇表
parish,ˈpærɪʃ,n.,1. 教区 2.,英语专业四八级词汇表
parish,ˈpærɪʃ,,(英国)郡以下的行政区,英语专业四八级词汇表
parking,ˈpɑːkɪŋ,n.,1. 停车场 2. 停车,英语专业四八级词汇表
parliament,ˈpɑːləmənt,n.,国会，议会,英语专业四八级词汇表
parliamentary,ˌpɑːləˈmentərɪ,adj.,议会的，国会的,英语专业四八级词汇表
parody,ˈpærədɪ,n.,游戏文章或音乐 v. 模仿,英语专业四八级词汇表
parole,pəˈrəʊl,n.,& v. 假释，有条件的释放,英语专业四八级词汇表
parrot,ˈpærət,n.,鹦鹉 v. 鹦鹉学舌般地复述，随声附和,英语专业四八级词汇表
parry,ˈpærɪ,v.,闪开，避开,英语专业四八级词汇表
parsley,ˈpɑːslɪ,n.,香菜，欧芹,英语专业四八级词汇表
parson,ˈpɑːsən,n.,牧区牧师,英语专业四八级词汇表
part,pɑːt,n.,1. 部分，片段，部件 2.,英语专业四八级词汇表
part,pɑːt,,(争论的)一方 3. 角色，台词 4. 区域 5. 部位  || for my part至于我，对我来说 [for the most part主要地，就绝大部分而言] in part部分地，在某种程度上 [play a part in在…起作用] take part in参加 v. 1.,英语专业四八级词汇表
part,pɑːt,,(使)分开 2.,英语专业四八级词汇表
part,pɑːt,,(与…)分手，断绝关系,英语专业四八级词汇表
partake,pɑːˈteɪk,v.,1. 参与，参加 2. 分享，分担,英语专业四八级词汇表
partial,ˈpɑːʃəl,adj.,1. 部分的，局部的 2. 偏袒的，不公正的,英语专业四八级词汇表
partiality,ˌpɑːʃɪˈælɪtɪ,n.,1. 偏袒，偏心 2. 偏爱,英语专业四八级词汇表
participant,pɑːˈtɪsɪpənt,n.,参与者，参加者,英语专业四八级词汇表
participate,pɑːˈtɪsɪpeɪt,v.,参与，参加,英语专业四八级词汇表
participle,ˈpɑːtɪsɪpl,,n.,英语专业四八级词汇表
participle,ˈpɑːtɪsɪpl,,(语法)分词,英语专业四八级词汇表
particle,ˈpɑːtɪkl,n.,分子,英语专业四八级词汇表
particular,pəˈtɪkjʊlə,adj.,1. 特别的，特殊的 2. 挑剔的 3. 详细的 || in particular尤其，特别 n. 一项，一条，细节,英语专业四八级词汇表
particularly,pəˈtɪkjʊləlɪ,adv.,特别，尤其,英语专业四八级词汇表
parting,ˈpɑːtɪŋ,adj.,分离的，分开的 n. 1. 分离，分开，离别 2. 分界,英语专业四八级词汇表
partition,pɑːˈtɪʃən,v.,1. 分裂，分割 2. 分隔，隔开 n. 1. 分割，隔开,英语专业四八级词汇表
partly,ˈpɑːtlɪ,adv.,1. 部分地，不完全地 2. 在某种程度上,英语专业四八级词汇表
partner,ˈpɑːtnə,n.,1. 搭档，伙伴 2. 合伙人，合股人，合作者,英语专业四八级词汇表
part-time,ˈpɑːtˈtaɪm,adj.,部分时间的，兼职的 adv. 花部分时间，兼职地,英语专业四八级词汇表
party,ˈpɑːtɪ,n.,1. 聚会，宴会 2. 政党 3. 一伙人,英语专业四八级词汇表
pass,pɑːs,v.,1. 越过，超过 2. 穿过，通过 3. 终止，消失 4. 传递 5.,英语专业四八级词汇表
pass,pɑːs,,(时间)流逝，消磨(时 间) 6. 正式通过，批准 7. 通过(考试)，及格 ||  pass away去世 [pass by漠视，不理会] pass off冒充 /pass out昏过去  n. 1. 考试及格 2. 通行证，护照，入场券 3. 关口，要隘,英语专业四八级词汇表
passage,ˈpæsɪdʒ,n.,1. 通道，过道 2. 通行，通过 3.,英语专业四八级词汇表
passage,ˈpæsɪdʒ,,(法案等)通过 4.,英语专业四八级词汇表
passage,ˈpæsɪdʒ,,(时间)流逝 5.,英语专业四八级词汇表
passage,ˈpæsɪdʒ,,(讲话或乐曲等的)一段，一节,英语专业四八级词汇表
passenger,ˈpæsɪndʒə,n.,乘客，旅客,英语专业四八级词汇表
passerby,ˌpɑːsəˈbaɪ,n.,过路人,英语专业四八级词汇表
passion,ˈpæʃən,n.,1. 激情，热情 2. 强烈爱好,英语专业四八级词汇表
passionate,ˈpæʃənət,adj.,1. 易动情的，充满激情的 2. 热烈的，激昂的,英语专业四八级词汇表
passive,ˈpæsɪv,adj.,1. 被动的，消极的 2. 被动语态的  n. 被动语态,英语专业四八级词汇表
passport,ˈpɑːspɔːt,n.,1. 护照 2. 保障，手段,英语专业四八级词汇表
password,ˈpɑːswɜːd,n.,口令,英语专业四八级词汇表
past,pɑːst,adj.,1. 过去的，从前的 2. 结束了的 n. 1. 过去，从前 2. 往事 prep. 越过，超过 adv. 过,英语专业四八级词汇表
pasta,ˈpæstə,n.,面食，通心粉,英语专业四八级词汇表
paste,peɪst,n.,浆糊，糊状混合物 v. 贴，粘贴,英语专业四八级词汇表
pastel,ˈpæstəl,n.,彩笔粉笔 adj. 1. 彩色粉笔的 2.,英语专业四八级词汇表
pastel,ˈpæstəl,,(色彩)淡而柔和的,英语专业四八级词汇表
pastime,ˈpɑːstaɪm,n.,消遣，娱乐,英语专业四八级词汇表
pastoral,ˈpɑːstərəl,adj.,1. 田园生活的，乡村的 2. 牧师的,英语专业四八级词汇表
pastry,ˈpeɪstrɪ,n.,糕点，酥皮点心,英语专业四八级词汇表
pasture,ˈpɑːstʃə,n.,牧场，牧草，放牧,英语专业四八级词汇表
pat,pæt,v.,&n. 轻拍，轻打,英语专业四八级词汇表
patch,pætʃ,n.,1. 补丁，碎 片 2. 小块土地 3. 眼罩,英语专业四八级词汇表
patchy,ˈpætʃɪ,adj.,1. 斑驳的，不完整的，有补丁的 2. 不调和的,英语专业四八级词汇表
patent,ˈpeɪtənt,n.,专利;专利权，专利证书 adj. 1. 专利的，专卖的 2. 公开的，显然的,英语专业四八级词汇表
path,pæθ,n.,路，小路，路线,英语专业四八级词汇表
pathetic,pəˈθetɪk,adj.,1. 招人怜悯的，悲惨的 2. 感伤的，感情(上)的 3. 令人生厌的,英语专业四八级词汇表
pathology,pəˈθɒlədʒɪ,n.,病理学,英语专业四八级词汇表
pathologic,'pæθə'lɒdʒk,,，pathological [ˌpæθəˈlɒdʒɪkl] adj. 1. 病理学的 2. 病态的 3. 疾病引起的,英语专业四八级词汇表
patience,ˈpeɪʃəns,n.,耐 性，忍耐,英语专业四八级词汇表
patio,ˈpætɪəʊ,,n.,英语专业四八级词汇表
patio,ˈpætɪəʊ,,(与房屋相连的)石地板凉台，院子,英语专业四八级词汇表
patriarch,ˈpeɪtrɪɑːk,n.,1. 德高望重的老人，族长 2. 东正教的主教,英语专业四八级词汇表
patriot,ˈpætrɪət,n.,爱国者，爱国主义者,英语专业四八级词汇表
patriotic,ˌpætrɪˈɒtɪk,adj.,爱国的，有爱国热忱的,英语专业四八级词汇表
patrol,pəˈtrəʊl,n.,1. 巡逻 2. 巡逻队，巡逻兵 v. 巡逻，巡查,英语专业四八级词汇表
patron,ˈpeɪtrən,n.,1. 赞助人，资助人 2. 老顾客，主顾,英语专业四八级词汇表
patronage,ˈpætrənɪdʒ,n.,1. 赞助，资助 2. 光顾 3. 官职任命权,英语专业四八级词汇表
"patronise, patronize",ˈpætrənaɪz,v.,1. 保护，赞助 2. 对…以恩人自居 3. 惠顾,英语专业四八级词汇表
patter,ˈpætə,n.,1. 滴答声 2. 顺口溜  v. 发出滴答声,英语专业四八级词汇表
pattern,ˈpætn,n.,1. 图案，花样 2. 方式，模式,英语专业四八级词汇表
pause,pɔːz,n.,& v. 停顿，暂停，中止,英语专业四八级词汇表
pave,peɪv,v.,筑(路)，铺(路) || pave the way for为…铺平道路,英语专业四八级词汇表
pavement,ˈpeɪvmənt,,n.,英语专业四八级词汇表
pavement,ˈpeɪvmənt,,(BrE)人行道,英语专业四八级词汇表
pavilion,pəˈvɪlɪən,n.,1. 选手席，看台 2.,英语专业四八级词汇表
pavilion,pəˈvɪlɪən,,(展会的)馆 3.,英语专业四八级词汇表
pavilion,pəˈvɪlɪən,,(公园的)亭子，楼阁,英语专业四八级词汇表
paw,pɔː,n.,脚爪，爪子  v. 用爪抓或扒,英语专业四八级词汇表
pay,peɪ,v.,1. 支付，付清 2.,英语专业四八级词汇表
pay,peɪ,,(对…)有利，合算 3. 给予，致以 || pay back偿还，向…报复 [pay for为…而付出代价] pay off ①偿清(债务)②出钱收买③支付工资后解雇 n. 工资,英语专业四八级词汇表
payable,ˈpeɪəbl,adj.,应付的，可支付的,英语专业四八级词汇表
payment,ˈpeɪmənt,n.,1. 支付 2. 付款额，报酬，报偿,英语专业四八级词汇表
payoff,ˈpeɪɒf,n.,1. 结清，付清 2. 报偿，得益 3.,英语专业四八级词汇表
payoff,ˈpeɪɒf,,(事件)结局，了结,英语专业四八级词汇表
payout,ˈpeɪaʊt,n.,花费，支出,英语专业四八级词汇表
payroll,ˈpeɪrəʊl,n.,1. 受雇人员的名单，工资名单 2. 发放的工资总额,英语专业四八级词汇表
pea,piː,n.,豌豆,英语专业四八级词汇表
peace,piːs,n.,1. 和平，安定 2. 安静，寂静 3.,英语专业四八级词汇表
peace,piːs,,(精神上的)安宁 || make peace with与…讲和,英语专业四八级词汇表
peaceful,'pɪːsfʊl,adj.,1. 平静的，安宁的 2. 和平的,英语专业四八级词汇表
peach,piːtʃ,n.,1. 桃子，桃树 2. 桃红色,英语专业四八级词汇表
peacock,ˈpiːkɒk,n.,孔雀,英语专业四八级词汇表
peak,piːk,n.,1. 巅峰，最高点 2. 山顶 adj. 最高的，高峰的,英语专业四八级词汇表
peanut,ˈpiːnʌt,n.,花生,英语专业四八级词汇表
pear,peə,n.,1. 梨 2. 梨树,英语专业四八级词汇表
pearl,pɜːl,n.,1. 珍珠 2. 珍珠色 3. 珍品,英语专业四八级词汇表
peasant,ˈpezənt,n.,农夫，乡巴佬,英语专业四八级词汇表
peat,piːt,n.,泥炭,英语专业四八级词汇表
pebble,ˈpebl,n.,卵石，石子,英语专业四八级词汇表
peck,pek,,v.,英语专业四八级词汇表
peck,pek,,(鸟)以喙啄 n. 啄，啄痕,英语专业四八级词汇表
peculiar,pɪˈkjuːlɪə,adj.,1. 奇怪的，怪癖的 2. 独特的，特有的,英语专业四八级词汇表
peculiarity,pɪˌkjuːlɪˈærətɪ,n.,1. 特色，特性 2. 怪癖 3. 特殊的东西,英语专业四八级词汇表
pedagogic,ˌpedəˈɡɒdʒɪk,,，pedagogical  [ˌpedəˈɡɒdʒɪkəl] adj. 教育学的,英语专业四八级词汇表
pedal,ˈpedəl,n.,踏板  v. 踩踏板，骑(车),英语专业四八级词汇表
pedantic,pɪˈdæntɪk,adj.,学究式的，卖弄学问的,英语专业四八级词汇表
peddle,pedl,v.,叫卖，到处贩卖,英语专业四八级词汇表
"pedlar, peddler",ˈpedlə,n.,小贩,英语专业四八级词汇表
pedestal,ˈpedɪstəl,n.,柱石或雕像的基座,英语专业四八级词汇表
pedestrian,pɪˈdestrɪən,n.,行人,英语专业四八级词汇表
pedigree,ˈpedɪɡriː,n.,家谱，血统 adj.,英语专业四八级词汇表
pedigree,ˈpedɪɡriː,,(动物)纯种的,英语专业四八级词汇表
peek,piːk,v.,&n.,英语专业四八级词汇表
peek,piːk,,(从缝隙或隐蔽处)偷看，窥视，一瞥,英语专业四八级词汇表
peel,piːl,v.,去掉…的皮，剥落  n. 果皮，蔬菜皮,英语专业四八级词汇表
peep,piːp,n.,& v. 偷看，一瞥,英语专业四八级词汇表
peg,peɡ,n.,木栓，楔子，桩钉,英语专业四八级词汇表
pelican,ˈpelɪkən,n.,鹈鹕,英语专业四八级词汇表
pen,pen,n.,钢笔，蘸水笔,英语专业四八级词汇表
penalize,ˈpiːnəlaɪz,v.,对…处以刑罚，(使)处罚,英语专业四八级词汇表
penalty,ˈpenəltɪ,n.,惩罚，刑罚，罚款,英语专业四八级词汇表
pencil,ˈpensəl,n.,铅笔,英语专业四八级词汇表
"pendant, pendent",ˈpendənt,n.,垂饰，下垂物,英语专业四八级词汇表
pendent,ˈpendənt,adj.,1. 下垂的，悬挂着的 2. 未决的，未定的,英语专业四八级词汇表
pending,ˈpendɪŋ,adj.,1. 待决，未决 2. 即将发生，逼近的 prep. 直至，在…期间,英语专业四八级词汇表
pendulum,ˈpendjʊləm,n.,1. 摆，钟摆 2. 摇摆不定的事态,英语专业四八级词汇表
penetrate,ˈpenɪtreɪt,v.,1. 刺入，进入 2. 看穿，识破 3. 渗透,英语专业四八级词汇表
penguin,ˈpeŋɡwɪn,n.,企鹅,英语专业四八级词汇表
peninsula,pɪˈnɪnsjʊlə,n.,半岛,英语专业四八级词汇表
penis,ˈpiːnɪs,n.,阴茎,英语专业四八级词汇表
penny,ˈpenɪ,,(pl pence，pennies) n. 便士,英语专业四八级词汇表
pension,ˈpenʃən,n.,1. 养老金，抚恤金，退休金 2. 津贴，补助金,英语专业四八级词汇表
pensioner,ˈpenʃənə,n.,领养老金或抚恤金者,英语专业四八级词汇表
pentagon,ˈpentəɡən,n.,1. 五角形，五边形 2.,英语专业四八级词汇表
pentagon,ˈpentəɡən,,(cap)五角大楼(美国国防部办公大楼),英语专业四八级词汇表
pentathlon,penˈtæθlən,n.,五项全能运动,英语专业四八级词汇表
penthouse,ˈpenthaʊs,n.,楼顶房间，小棚屋,英语专业四八级词汇表
peony,ˈpiːənɪ,n.,牡丹，芍药,英语专业四八级词汇表
people,ˈpiːpl,n.,1. 人，人们 2. 人民，国民 3. 民族,英语专业四八级词汇表
pepper,ˈpepə,n.,1. 胡椒粉，胡椒 2. 辣椒,英语专业四八级词汇表
peppermint,ˈpepəmɪnt,n.,1. 薄荷，薄荷味 2. 薄荷糖,英语专业四八级词汇表
per,pə; pɜː,prep.,1. 由，经，靠 2. 每 || per annum每年 /per se自，自身，本来,英语专业四八级词汇表
perceive,pəˈsiːv,v.,1. 察觉，发觉 2. 理解，领悟,英语专业四八级词汇表
percent,pəˈsent,n.,百分之,英语专业四八级词汇表
percentage,pəˈsentɪdʒ,n.,1. 百分率，百分数 2. 比例,英语专业四八级词汇表
perceptible,pəˈseptəbl,adj.,1. 可感知的 2. 可理解的，看得出的 3. 相当的 perceptibly,英语专业四八级词汇表
perception,pəˈsepʃən,n.,1. 感觉，知觉 2. 观念，看法 3. 洞察力，理解力,英语专业四八级词汇表
perceptive,pəˈseptɪv,adj.,感觉灵敏的，有洞察力的，有理解力的,英语专业四八级词汇表
perch,pɜːtʃ,v.,1.,英语专业四八级词汇表
perch,pɜːtʃ,,(鸟)栖息 2. 位于高处 n. 1.,英语专业四八级词汇表
perch,pɜːtʃ,,(鸟的)栖木 2. 高的地位或位置,英语专业四八级词汇表
percussion,pəˈkʌʃən,n.,1. 打击乐器 2. 冲突，撞击,英语专业四八级词汇表
perfect,ˈpɜːfɪkt,adj.,1. 完美的，极好的 2. 完全的，绝对的 3. 熟练的，精通的,英语专业四八级词汇表
perfection,pəˈfekʃən,n.,1. 尽善尽美 2. 完美的典型,英语专业四八级词汇表
perform,pəˈfɔːm,v.,1. 做，实行 2. 表演,英语专业四八级词汇表
performance,pəˈfɔːməns,n.,1. 履行，执行 2. 演出,英语专业四八级词汇表
performer,pəˈfɔːmə,n.,表演者，演奏者,英语专业四八级词汇表
perfume,ˈpɜːfjuːm,n.,香味，香水，香料,英语专业四八级词汇表
perfunctory,pəˈfʌŋktərɪ,adj.,敷衍的，马虎的 perfunctorily,英语专业四八级词汇表
perhaps,pəˈhæps,adv.,也许，可能,英语专业四八级词汇表
peril,ˈperɪl,n.,1. 严重的危险 2. 危险的事物,英语专业四八级词汇表
perilous,ˈperɪləs,adj.,多险的，危险的,英语专业四八级词汇表
perimeter,pəˈrɪmɪtə,,n.,英语专业四八级词汇表
perimeter,pəˈrɪmɪtə,,(机场或营地)周围，周边，周长,英语专业四八级词汇表
period,ˈpɪərɪəd,n.,1. 一段时间 2. 一节课 3.,英语专业四八级词汇表
period,ˈpɪərɪəd,,(妇女)例假期 4. 句号,英语专业四八级词汇表
periodic,ˌpɪərɪˈɒdɪk,adj.,周期的，定期的,英语专业四八级词汇表
periodical,ˌpɪərɪˈɒdɪkəl,adj.,定期的，周期的 n. 期刊，杂志,英语专业四八级词汇表
peripheral,pəˈrɪfərəl,adj.,1. 非本质的 2. 外围的，周边的,英语专业四八级词汇表
periphery,pəˈrɪfərɪ,n.,外围，周界，边缘,英语专业四八级词汇表
perish,ˈperɪʃ,,v.,英语专业四八级词汇表
perish,ˈperɪʃ,,(使)枯萎，(使)腐烂，夭折,英语专业四八级词汇表
perjury,ˈpəːdʒərɪ,n.,假誓，伪证(罪),英语专业四八级词汇表
perk,pɜːk,n.,额外津贴 v. || perk up(使)快活起来,英语专业四八级词汇表
permanent,ˈpɜːmənənt,adj.,永久的，持久的,英语专业四八级词汇表
permeate,ˈpɜːmɪeɪt,v.,1. 渗入，透过 2. 弥漫，充满,英语专业四八级词汇表
permissible,pəˈmɪsəbl,adj.,容许的，可准许的,英语专业四八级词汇表
permission,pəˈmɪʃən,n.,许可，同意,英语专业四八级词汇表
permit,pəˈmɪt,v.,允许，许可 n. 执照，许可证,英语专业四八级词汇表
pernicious,pəˈnɪʃəs,adj.,有害的，有毒的,英语专业四八级词汇表
perpendicular,ˌpɜːpənˈdɪkjʊlə,adj.,1. 垂直的，成直角的 2. 竖立的，直立的 3. 陡峭的,英语专业四八级词汇表
perpetrate,ˈpɜːpɪtreɪt,v.,犯(罪)，作(恶),英语专业四八级词汇表
perpetrator,ˈpɜːpɪtreɪtə,n.,犯罪者，作恶者,英语专业四八级词汇表
perpetual,pəˈpetʃʊəl,adj.,1. 永远的，永恒的，不断的 2. 四季开花的,英语专业四八级词汇表
perpetuate,pəˈpetʃʊeɪt,v.,使永久存在，使不朽,英语专业四八级词汇表
perplex,pəˈpleks,v.,1. 使困惑，难住 2. 使复杂化,英语专业四八级词汇表
persecute,ˈpɜːsɪkjuːt,v.,1.,英语专业四八级词汇表
persecute,ˈpɜːsɪkjuːt,,(宗教方面)迫害 2. 困扰，不断麻烦,英语专业四八级词汇表
perseverance,ˌpɜːsɪˈvɪərəns,n.,不屈不挠，坚持不懈,英语专业四八级词汇表
persevere,ˌpɜːsɪˈvɪə,v.,坚持不懈，不屈不挠,英语专业四八级词汇表
Persian,ˈpɜːʃən,adj.,波斯的，波斯人的，波斯语的 n. 波斯语，波斯人,英语专业四八级词汇表
persimmon,pəˈsɪmən,n.,1. 柿子 2. 柿子树,英语专业四八级词汇表
persist,pəˈsɪst,v.,1. 坚持 2. 持续,英语专业四八级词汇表
persistence,pəˈsɪstəns,,，persistency [pəˈsɪstənsɪ]  n. 1. 坚持 2. 持续存在,英语专业四八级词汇表
persistent,pəˈsɪstənt,adj.,1. 坚持的，不屈不挠的 2. 持续不断的，反复出现的,英语专业四八级词汇表
person,ˈpɜːsən,n.,1. 人，自身 2. 人称 || in person亲自,英语专业四八级词汇表
personage,ˈpɜːsənɪdʒ,n.,1. 人，个人 2. 要人，名人,英语专业四八级词汇表
personal,ˈpɜːsənəl,adj.,1. 个人的，私人的 2. 本人的，亲自的 3. 身体的，容貌的,英语专业四八级词汇表
personality,ˌpɜːsəˈnælətɪ,n.,1. 个性，人格 2. 富于个性 3. 名人,英语专业四八级词汇表
personify,pəˈsɒnɪfaɪ,v.,1. 是…的典型，表现 2. 拟人，使人格化,英语专业四八级词汇表
personnel,ˌpɜːsəˈnel,n.,1. 全体人员 2. 人事部门,英语专业四八级词汇表
perspective,pəˈspektɪv,n.,1. 观点，看法 2. 前景，展望 3.,英语专业四八级词汇表
perspective,pəˈspektɪv,,(对事物的)正确判断，洞察力，视角 4. 透视画法，透视图,英语专业四八级词汇表
persuade,pəˈsweɪd,v.,说服，劝服，使…相信,英语专业四八级词汇表
persuasion,pəˈsweɪʒən,n.,1. 说服，劝服，说服力 2. 信念，信仰,英语专业四八级词汇表
persuasive,pəˈsweɪsɪv,adj.,有说服能力的，劝诱的,英语专业四八级词汇表
pertain,pəˈteɪn,v.,1. 与…有关联 2. 依附于(或从属于) 3. 适合，相配,英语专业四八级词汇表
pertinent,ˈpɜːtɪnənt,adj.,1. 恰当的，中肯的 2. 与…有关，关于…的,英语专业四八级词汇表
perturb,pəˈtɜːb,v.,使不安，扰乱,英语专业四八级词汇表
pervade,pa Iveid,v.,弥漫，遍及，充满，渗透,英语专业四八级词汇表
pessimist,ˈpesɪmɪst,n.,悲观主义者，厌世者,英语专业四八级词汇表
pessimistic,ˌpesɪˈmɪstɪk,adj.,悲观的，悲观主义者的，厌世的,英语专业四八级词汇表
pest,pest,n.,1. 害虫 2. 讨厌的人,英语专业四八级词汇表
pester,ˈpestə,v.,麻烦，纠缠,英语专业四八级词汇表
pesticide,ˈpestɪsaɪd,n.,杀虫剂,英语专业四八级词汇表
pet,pet,n.,1. 宠物 2. 受宠爱的人,英语专业四八级词汇表
petal,ˈpetəl,n.,花瓣,英语专业四八级词汇表
petition,pəˈtɪʃən,n.,1. 请愿 2. 请愿书，. 向…请愿(祈求),英语专业四八级词汇表
petrol,ˈpetrəl,n.,汽油=(AmE) gas，gasoline,英语专业四八级词汇表
petroleum,pəˈtrəʊlɪəm,n.,石油,英语专业四八级词汇表
petty,ˈpetɪ,adj.,1. 不重要的，次要的 2. 偏狭的，气量小的 3. 微小的，小规模的,英语专业四八级词汇表
phantom,ˈfæntəm,n.,幽灵，鬼怪,英语专业四八级词汇表
pharmaceutical,ˌfɑːməˈsjuːtɪkəl,,adj.,英语专业四八级词汇表
pharmaceutical,ˌfɑːməˈsjuːtɪkəl,,(制)药的，药剂的，药学的,英语专业四八级词汇表
pharmacist,ˈfɑːməsɪst,n.,1. 制药者 2.,英语专业四八级词汇表
pharmacist,ˈfɑːməsɪst,,(BrE)药剂师,英语专业四八级词汇表
pharmacy,ˈfɑːməsɪ,n.,1. 药学 2. 药房 3. 制药，配药,英语专业四八级词汇表
phase,feɪz,n.,1. 阶段，状态 2. 方面 3.,英语专业四八级词汇表
phase,feɪz,,(月相)盈亏 v. 使分阶段进行,英语专业四八级词汇表
PhD,ˌpiː eɪtʃ ˈdiː,n.,博士学位,英语专业四八级词汇表
pheasant,ˈfezənt,n.,雉，野鸡,英语专业四八级词汇表
phenomenal,fəˈnɒmɪnəl,adj.,1. 现象的 2. 异常的，非凡的,英语专业四八级词汇表
phenomenon,fɪˈnɒmɪnən,,(pl phenomena) n. 现象,英语专业四八级词汇表
philanthropic,ˌfɪlənˈθrɒpɪk,adj.,博爱的，慈善的,英语专业四八级词汇表
philosopher,fɪˈlɒsəfə,n.,哲学家,英语专业四八级词汇表
philosophy,fɪˈlɒsəfɪ,n.,1. 哲学，哲理 2. 人生观，宗旨 3.,英语专业四八级词汇表
philosophy,fɪˈlɒsəfɪ,,(某一门学科的)基本原理,英语专业四八级词汇表
phobia,ˈfəʊbɪə,n.,恐惧症，病态的恐惧,英语专业四八级词汇表
phoenix,ˈfiːnɪks,n.,凤凰，长生鸟,英语专业四八级词汇表
phone,fəʊn,n.,电话 v. 给…打电话,英语专业四八级词汇表
phonetic,fəʊˈnetɪk,adj.,语音的，语音学的,英语专业四八级词汇表
phonology,fəʊˈnɒlədʒɪ,n.,1. 音位学，音系学 2. 语音体系,英语专业四八级词汇表
phosphorous,ˈfɒsfərəs,adj.,磷的，含磷的,英语专业四八级词汇表
phosphorus,ˈfɒsfərəs,n.,磷，磷光体,英语专业四八级词汇表
photo,ˈfəʊtəʊ,n.,照片,英语专业四八级词汇表
photocopier,ˈfəʊtəʊˌkɒpɪə,n.,影印机,英语专业四八级词汇表
photocopy,ˈfəʊtəʊkɒpɪ,n.,影印，影印本  v. 影印,英语专业四八级词汇表
photograph,ˈfəʊtəɡrɑːf,n.,照片 v. 为…照相,英语专业四八级词汇表
photographer,fəˈtɒɡrəfə,n.,摄影师，摄影者,英语专业四八级词汇表
photography,fəˈtɒɡrəfɪ,n.,摄影术,英语专业四八级词汇表
phrase,freɪz,n.,短语，词组 v. 用某种措辞表达,英语专业四八级词汇表
physical,ˈfɪzɪkəl,adj.,1. 物质的，有形的 2. 身体的 3. 自然(界)的 4. 物理的,英语专业四八级词汇表
physician,fɪˈzɪʃən,n.,医生，内科医生,英语专业四八级词汇表
physicist,ˈfɪzɪsɪst,n.,物理学家,英语专业四八级词汇表
physics,ˈfɪzɪks,n.,物理学,英语专业四八级词汇表
physiological,‚fɪzɪə'lɒdʒɪkl,adj.,生理学的，生理的，生理机能的,英语专业四八级词汇表
physiology,ˌfɪzɪˈɒlədʒɪ,adj.,生理学，生理机能,英语专业四八级词汇表
physiotherapy,ˌfɪzɪəʊˈθerəpɪ,n.,物理疗法，理疗,英语专业四八级词汇表
physique,fɪˈziːk,n.,体格,英语专业四八级词汇表
pianist,ˈpiːənɪst,n.,钢琴家，钢琴演奏家,英语专业四八级词汇表
piano,piˈænəʊ,n.,钢琴,英语专业四八级词汇表
pick,pɪk,v.,1. 挑选 2. 采，摘 3. 挑，剔 4. 扒窃 || pick out①选出，拣出②辨别出 /,英语专业四八级词汇表
pick,pɪk,pick,up①拣起②自然学会③ (车辆)中途搭人,英语专业四八级词汇表
picket,ˈpɪkɪt,n.,1.,英语专业四八级词汇表
picket,ˈpɪkɪt,,(劳资纠纷中劳方的)纠察员 2. 哨兵  v. 用纠察包围,英语专业四八级词汇表
pickle,ˈpɪkl,n.,1. 腌菜，泡菜 2. 腌汁，泡菜水 3. 困境，逆境  v. 腌制(食品),英语专业四八级词汇表
pickpocket,ˈpɪkˌpɒkɪt,n.,扒手,英语专业四八级词汇表
picnic,ˈpɪknɪk,n.,野餐  v. 去野餐,英语专业四八级词汇表
pictorial,pɪkˈtɔːrɪəl,adj.,有图的，以图片表示的，形象化的 n. 画刊，画报,英语专业四八级词汇表
picture,ˈpɪktʃə,n.,1. 画，图片，照片 2. 图像，画面 3. 电影,英语专业四八级词汇表
picturesque,ˌpɪktʃəˈresk,adj.,1. 似画的，迷人的 2.,英语专业四八级词汇表
picturesque,ˌpɪktʃəˈresk,,(语言)生动的，形象的,英语专业四八级词汇表
pidgin,ˈpɪdʒɪn,n.,洋泾浜英语，混杂的语言,英语专业四八级词汇表
pie,paɪ,n.,馅饼,英语专业四八级词汇表
piece,piːs,n.,1. 片，块 2. 一件，一张，一个 3.,英语专业四八级词汇表
piece,piːs,,(文艺作品)篇，首 ||go to pieces精神崩溃,英语专业四八级词汇表
pier,pɪə,n.,1. 码头，观光码头 2. 支柱,英语专业四八级词汇表
pierce,pɪəs,v.,刺穿，刺破，突破,英语专业四八级词汇表
piety,ˈpaɪətɪ,n.,虔诚，孝顺,英语专业四八级词汇表
pig,pɪɡ,n.,猪,英语专业四八级词汇表
pigeon,ˈpɪdʒɪn,n.,鸽子,英语专业四八级词汇表
pigsty,ˈpɪɡstaɪ,n.,猪圈，肮脏或邋遢的地方,英语专业四八级词汇表
pike,paɪk,n.,1. 梭鱼，狗鱼 2. 长矛，标枪,英语专业四八级词汇表
pile,paɪl,n.,1. 堆 2. 大量，成堆 v. 1. 堆起，积累 2. 拥，挤,英语专业四八级词汇表
pilgrim,ˈpɪlɡrɪm,n.,朝圣者，香客,英语专业四八级词汇表
pill,pɪl,n.,药丸,英语专业四八级词汇表
pillar,ˈpɪlə,n.,1. 柱，柱石 2. 栋梁，重要成员,英语专业四八级词汇表
pillow,ˈpɪləʊ,n.,枕头,英语专业四八级词汇表
pillowcase,ˈpɪləʊkeɪs,n.,枕套,英语专业四八级词汇表
pilot,ˈpaɪlət,n.,1. 飞行员 2. 领航员，领港员 v. 驾驶(飞机等)，为(船舶)引航,英语专业四八级词汇表
pin,pɪn,n.,1. 别针，大头针 2.,英语专业四八级词汇表
pin,pɪn,,(AmE)胸针，徽章 v. 1.,英语专业四八级词汇表
pin,pɪn,,(用别针)别住 2. 使固定,英语专业四八级词汇表
pinch,pɪntʃ,v.,&n. 1. 捏，掐，夹紧 2. 夹脚 || pinch off掐掉某物 /at a pinch必要时,英语专业四八级词汇表
pine,paɪn,n.,松树,英语专业四八级词汇表
pineapple,ˈpaɪnæpl,n.,菠萝,英语专业四八级词汇表
pink,pɪŋk,adj.,粉红的 n. 粉红,英语专业四八级词汇表
pinpoint,ˈpɪnpɔɪnt,n.,针尖 v. 1. 精确地找出(描述出) 2. 强调,英语专业四八级词汇表
pint,paɪnt,n.,品脱(液量单位),英语专业四八级词汇表
pioneer,ˌpaɪəˈnɪə,n.,先锋，开拓者 || Young Pioneer少先队员 v. 作先锋，倡导,英语专业四八级词汇表
pious,ˈpaɪəs,adj.,1. 虔诚的，笃信的 2. 假虔诚的，虚伪的,英语专业四八级词汇表
pipe,paɪp,n.,1. 管子，导管 2. 烟斗 3. 管乐器，风笛,英语专业四八级词汇表
piracy,ˈpaɪərəsɪ,n.,1. 海盗的掠夺 2. 非法复制，侵犯版权,英语专业四八级词汇表
pirate,ˈpaɪərət,n.,1. 海盗，海盗船 2. 盗版者，非法复制者 3. 无执照广播者,英语专业四八级词汇表
piss,pɪs,v.,尿，小便 || piss about胡闹，浪费时间/piss off ①走开②使厌恶，使失去兴趣,英语专业四八级词汇表
pistol,ˈpɪstəl,n.,手枪,英语专业四八级词汇表
piston,ˈpɪstən,n.,活塞,英语专业四八级词汇表
pit,pɪt,n.,1. 坑，小凹陷 2. 煤矿 3. 乐池,英语专业四八级词汇表
pitcher,ˈpɪtʃə,n.,1.,英语专业四八级词汇表
pitcher,ˈpɪtʃə,,(有柄和嘴的)水壶，大水罐 2.,英语专业四八级词汇表
pitcher,ˈpɪtʃə,,(棒球)投手,英语专业四八级词汇表
pitfall,ˈpɪtfɔːl,n.,未料到的困难(危险),英语专业四八级词汇表
pity,ˈpɪtɪ,n.,1. 怜悯，同情 2. 可惜的事，遗憾的事 v. 同情，怜悯,英语专业四八级词汇表
pivot,ˈpɪvət,n.,1. 支点，枢轴 2. 中心或最重要的人或事物,英语专业四八级词汇表
pivotal,ˈpɪvətəl,adj.,1. 枢 轴的 2. 中枢的，关键的,英语专业四八级词汇表
pizza,ˈpiːtsə,n.,意大利薄饼，比萨饼,英语专业四八级词汇表
place,pleɪs,n.,1. 地方，位置 2. 名次 3. 职位，职责 4. 家，住所 || in place of替代 [in the first place首先] out of place不合适的，不相称的 [take place发生] take the place of代替  . 1. 放置，安置 2. 发出(订单) 3. 任命,英语专业四八级词汇表
placid,ˈplæsɪd,adj.,安静的，平和的,英语专业四八级词汇表
plague,pleɪɡ,n.,瘟疫，祸患,英语专业四八级词汇表
plaid,plæd,n.,方格呢,英语专业四八级词汇表
plaintiff,ˈpleɪntɪf,n.,原告,英语专业四八级词汇表
plan,plæn,n.,1. 计划，规划 2. 设计图，平面图 v. 计划，打算,英语专业四八级词汇表
plane,pleɪn,n.,1. 飞机 2. 水准 3. 平面  adj. 平面的,英语专业四八级词汇表
planet,ˈplænɪt,n.,行星,英语专业四八级词汇表
planetary,ˈplænɪtərɪ,n.,行星的,英语专业四八级词汇表
plank,plæŋk,n.,1. 板条 2. 政策条目，政策要点,英语专业四八级词汇表
plant,plɑːnt,n.,1. 植物 2. 工厂，车间 3. 重型机器，机械设备 v. 1. 种植 2. 栽(赃) 3. 安插(某人),英语专业四八级词汇表
planter,ˈplɑːntə,n.,1. 种植者，栽培者 2. 播种器，种植器 3. 种植园主 4. 花盆,英语专业四八级词汇表
plaque,plɑːk,n.,板饰，匾,英语专业四八级词汇表
plasma,ˈplæzmə,n.,血浆,英语专业四八级词汇表
plaster,ˈplɑːstə,n.,1. 灰泥 2. 石膏 v. 1. 用灰泥涂抹(墙壁) 2. 给(受伤处)打石膏,英语专业四八级词汇表
plastic,ˈplæstɪk,n.,塑料 adj. 塑料的，可塑的,英语专业四八级词汇表
plate,pleɪt,n.,1. 盘，碟 2. 板，片,英语专业四八级词汇表
platform,ˈplætfɔːm,n.,1. 站台，月台 2. 讲台，表演台,英语专业四八级词汇表
platinum,ˈplætɪnəm,n.,白金，铂,英语专业四八级词汇表
platoon,pləˈtuːn,,n.,英语专业四八级词汇表
platoon,pləˈtuːn,,(军队)排,英语专业四八级词汇表
plausible,ˈplɔːzəbl,adj.,1.,英语专业四八级词汇表
plausible,ˈplɔːzəbl,,(声明、争论等)似乎正确的 2. 能说会道的,英语专业四八级词汇表
play,pleɪ,v.,1. 游戏，玩耍 2. 演奏，表演 3. 进行(体育或文艺)比赛 n. 1. 玩耍，游戏 2. 剧本，戏剧 3. 玩笑，玩弄,英语专业四八级词汇表
player,ˈpleɪə,n.,游戏的人，(运动)选手，比赛者，演奏者,英语专业四八级词汇表
playground,ˈpleɪɡraʊnd,n.,游戏场，运动场,英语专业四八级词汇表
playmate,ˈpleɪmeɪt,n.,游戏伙伴,英语专业四八级词汇表
playoff,ˈpleɪɒf,n.,加时赛,英语专业四八级词汇表
playwright,ˈpleɪraɪt,n.,剧作家，编剧家,英语专业四八级词汇表
plaza,ˈplɑːzə,n.,广场，集市场,英语专业四八级词汇表
plea,pliː,n.,1. 恳求，请求  2.,英语专业四八级词汇表
plea,pliː,,(法庭上)辩解,英语专业四八级词汇表
plead,pliːd,v.,1. 恳求，祈求 2.,英语专业四八级词汇表
plead,pliːd,,(法庭上)辩护 3. 以…为理由(或借口),英语专业四八级词汇表
pleasant,ˈplezənt,adj.,令人愉快的，(尤指人)可爱的，友善的，(天气)晴朗的,英语专业四八级词汇表
please,pliːz,,v.,英语专业四八级词汇表
please,pliːz,,(使)高兴，(使)满意 int. 请,英语专业四八级词汇表
pleased,pliːzd,adj.,高兴的，满意的 || be pleased to do 乐意做(某事),英语专业四八级词汇表
pleasing,ˈpliːzɪŋ,adj.,令人愉快的，快乐的,英语专业四八级词汇表
pleasure,ˈpleʒə,n.,1. 快乐，满足 2. 令人愉快的事物，乐事 || take (a) pleasure in以…为乐，欣然,英语专业四八级词汇表
pleat,pliːt,,n.,英语专业四八级词汇表
pleat,pliːt,,(布上的)褶 v. 将…打褶,英语专业四八级词汇表
pledge,pledʒ,n.,1. 誓言，誓约 2. 保证物，信物 v. 1. 保证 2. 抵押,英语专业四八级词汇表
plenary,ˈpliːnərɪ,adj.,1. 全体出席的 2. 完全的，绝对的,英语专业四八级词汇表
plenipotentiary,ˌplenɪpəˈtenʃərɪ,n.,全权大使 adj. 全权代表的，全权大使的,英语专业四八级词汇表
plentiful,ˈplentɪfʊl,adj.,丰富的，充裕的,英语专业四八级词汇表
plenty,ˈplentɪ,n.,充足，大量 || plenty of大量的，充足的,英语专业四八级词汇表
plight,plaɪt,n.,困境,英语专业四八级词汇表
plot,plɒt,n.,1. 情节 2. 阴谋 3.,英语专业四八级词汇表
plot,plɒt,,(地)一块 v. 1. 密谋，策划 2. 绘制,英语专业四八级词汇表
plough，plow,plaʊ,n.,犁 v. 1. 犁，耕 2. 费力地前进,英语专业四八级词汇表
pluck,plʌk,v.,1. 拔，拉 2. 拨(弦) 3. 采，摘  || pluck up 鼓起(勇气),英语专业四八级词汇表
plug,plʌɡ,n.,1. 塞子，栓 2. 电插头 v. 把…塞住,英语专业四八级词汇表
plum,plʌm,n.,梅子，李子,英语专业四八级词汇表
plumb,plʌm,n.,铅锤，测锤  v. 1. 用铅锤测量 2. 探测，了解,英语专业四八级词汇表
plumber,ˈplʌmə,n.,铅管工，管道工,英语专业四八级词汇表
plume,pluːm,n.,羽毛，羽毛饰物  v. 用羽毛装饰,英语专业四八级词汇表
plummet,ˈplʌmɪt,v.,垂直(或突然)落下,英语专业四八级词汇表
plump,plʌmp,adj.,丰满的，圆胖的,英语专业四八级词汇表
plunder,ˈplʌndə,v.,掠夺，抢劫  n. 掠夺，掠夺物,英语专业四八级词汇表
plunger,ˈplʌndʒə,n.,活塞，柱塞,英语专业四八级词汇表
plural,ˈplʊrəl,n.,&adj. 复数(的),英语专业四八级词汇表
plus,plʌs,prep.,加，加上  adj. 1. 正的，…以上的 2. 附加的，有增益的 n. 1. 加号 2. 附加物，多余,英语专业四八级词汇表
plush,plʌʃ,n.,长毛绒,英语专业四八级词汇表
plutonium,pluːˈtəʊnɪəm,n.,钚,英语专业四八级词汇表
pneumonia,njuːˈməʊnɪə,n.,肺炎,英语专业四八级词汇表
poach,pəʊtʃ,v.,1. 偷猎 (或捕杀) 2. 水煮,英语专业四八级词汇表
pocket,ˈpɒkɪt,n.,衣袋，小袋子  adj. 袖珍的，小型的 v. 1. 把…装入袋内 2. 盗用，侵吞(钱等),英语专业四八级词汇表
pockmark,ˈpɒkmɑːk,n.,麻点，痘痕,英语专业四八级词汇表
pod,pɒd,n.,豆荚,英语专业四八级词汇表
poem,ˈpəʊɪm,n.,诗,英语专业四八级词汇表
poet,ˈpəʊɪt,n.,诗人,英语专业四八级词汇表
poetess,ˈpəʊɪtɪs,n.,女诗人,英语专业四八级词汇表
poetic,ˈpəʊɪtɪk,adj.,1. 像诗的，诗意的 2. 诗的,英语专业四八级词汇表
poetry,ˈpəʊɪtrɪ,n.,诗，诗学,英语专业四八级词汇表
poignant,ˈpɔɪnjənt,adj.,辛辣的，伤人感情的,英语专业四八级词汇表
point,pɔɪnt,n.,1. 尖(端) 2. 特定的地点或时刻 3. 得分 4. 论点，要点 5. 目的 6. 小数点  v. 指向，暗示，(使)对准,英语专业四八级词汇表
poise,pɔɪz,n.,1. 沉着，泰然自若 2. 平衡 v. 1. 使平衡 2. 使(头等)保持一定姿势,英语专业四八级词汇表
poison,ˈpɔɪzən,n.,毒物，毒品 v. 1. 使中毒，下毒于 2. 毒害,英语专业四八级词汇表
poisonous,ˈpɔɪzənəs,adj.,有毒的，有害的,英语专业四八级词汇表
poke,pəʊk,v.,1. 伸出 2. 刺，戳，捅，触 n. 刺，触,英语专业四八级词汇表
poker,ˈpəʊkə,n.,1. 拨火棒，通条 2. 扑克游戏,英语专业四八级词汇表
polar,ˈpəʊlə,adj.,1. 南极的，北极的，近极地的 2. 正好相反的 || polar bear北极熊,英语专业四八级词汇表
polarity,pəʊˈlærətɪ,n.,1. 极性，磁性引力 2.,英语专业四八级词汇表
polarity,pəʊˈlærətɪ,,(性格)正相反,英语专业四八级词汇表
polemic,pəˈlemɪk,n.,争论，论战,英语专业四八级词汇表
police,pəˈliːs,n.,警察，警方，公安,英语专业四八级词汇表
policeman,pəˈliːsmən,,(pl policemen) n. 男警察,英语专业四八级词汇表
policewoman,pəˈliːsˌwʊmən,,（pl policewomen) n. 女警察,英语专业四八级词汇表
policy,ˈpɒləsɪ,n.,1. 政策，方针 2. 保险单,英语专业四八级词汇表
polio,ˈpəʊlɪəʊ,n.,小儿麻痹症，脊髓灰质炎,英语专业四八级词汇表
Polish,ˈpɒlɪʃ,adj.,波兰的，波兰人的，波兰语的,英语专业四八级词汇表
polish,ˈpɒlɪʃ,v.,1. 磨光，擦亮 2. 使完善， n. 1. 上光剂 2.,英语专业四八级词汇表
polish,ˈpɒlɪʃ,,(磨后的)光泽,英语专业四八级词汇表
politburo,ˈpɒlɪtbjʊərəʊ,,n.,英语专业四八级词汇表
politburo,ˈpɒlɪtbjʊərəʊ,,(共产党的)政治局,英语专业四八级词汇表
polite,pəˈlaɪt,adj.,有礼貌的，文雅的,英语专业四八级词汇表
political,pəˈlɪtɪkəl,adj.,政治的，政策上的,英语专业四八级词汇表
politician,ˌpɒlɪˈtɪʃən,n.,1. 政治家 2. 政客，玩弄权术者,英语专业四八级词汇表
politics,ˈpɒlɪtɪks,n.,1. 政治，政治活动 2. 政治学 3. 政见,英语专业四八级词汇表
poll,pəʊl,n.,1. 民意测验 2. 选举投票 3. 投票数 v. 1. 对…进行民意测验 2. 投票，得票,英语专业四八级词汇表
pollen,ˈpɒlən,n.,花粉,英语专业四八级词汇表
pollster,ˈpəʊlstə,n.,民意测验者,英语专业四八级词汇表
pollutant,pəˈluːtənt,n.,污染性物质,英语专业四八级词汇表
pollute,pəˈluːt,v.,污染(空气、水、土壤等),英语专业四八级词汇表
pollution,pəˈluːʃən,n.,1. 污染 2. 腐败，堕落,英语专业四八级词汇表
polo,ˈpəʊləʊ,n.,马球,英语专业四八级词汇表
polyester,ˌpɒlɪˈestə,n.,聚酯,英语专业四八级词汇表
polytechnic,ˌpɒlɪˈteknɪk,n.,综合技术学院(校),英语专业四八级词汇表
pompous,ˈpɒmpəs,adj.,浮夸的，自负的,英语专业四八级词汇表
pond,pɒnd,n.,池塘,英语专业四八级词汇表
ponder,ˈpɒndə,v.,仔细考虑，沉思,英语专业四八级词汇表
pony,ˈpəʊnɪ,n.,小马,英语专业四八级词汇表
poor,pʊə,adj.,1. 贫穷的 2. 糟的 3. 不幸的，可怜的,英语专业四八级词汇表
pope,pəʊp,n.,教皇,英语专业四八级词汇表
popcorn,ˈpɒpkɔːn,n.,爆玉米花,英语专业四八级词汇表
poplar,ˈpɒplə,n.,白杨树,英语专业四八级词汇表
poppy,ˈpɒpɪ,n.,罂粟,英语专业四八级词汇表
popular,ˈpɒpjʊlə,adj.,1. 大众喜爱的，流行的 2. 通俗的，普及的 3. 民众的，大众的,英语专业四八级词汇表
"popularise, popularize",ˈpɒpjʊləraɪz,v.,1. 使(事物)受欢迎 2. 普及,英语专业四八级词汇表
popularity,ˌpɒpjʊˈlærətɪ,n.,1. 通俗性，普及 2. 受欢迎,英语专业四八级词汇表
population,ˌpɒpjʊˈleɪʃən,n.,人口，人口总数，全体,英语专业四八级词汇表
populous,ˈpɒpjʊləs,adj.,人口多的，人口稠密的,英语专业四八级词汇表
porcelain,ˈpɔːsəlɪn,n.,瓷，瓷器,英语专业四八级词汇表
porch,pɔːtʃ,n.,门廊，入口处,英语专业四八级词汇表
pork,pɔːk,n.,猪肉,英语专业四八级词汇表
porridge,ˈpɒrɪdʒ,n.,粥,英语专业四八级词汇表
port,pɔːt,n.,1. 港，港口城市 2. 机场，航空站,英语专业四八级词汇表
portable,ˈpɔːtəbl,adj.,轻便的，手提式的,英语专业四八级词汇表
porter,ˈpɔːtə,n.,1. 脚夫，搬运工 2.,英语专业四八级词汇表
porter,ˈpɔːtə,,(BrE)守门人,英语专业四八级词汇表
portfolio,pɔːtˈfəʊlɪəʊ,n.,1. 文件夹，公事包 2. 有价证券清单 3. 部长(大臣的)职位,英语专业四八级词汇表
portion,ˈpɔːʃən,n.,1. 部分  2. 一份,英语专业四八级词汇表
portrait,ˈpɔːtreɪt,n.,肖像，画像,英语专业四八级词汇表
portray,pɔːˈtreɪ,v.,1. 描绘，描写 2. 扮演,英语专业四八级词汇表
pose,pəʊz,v.,1. 摆姿势 2. 装腔作势 3. 提出(问题) || pose as假装，摆出…的样子,英语专业四八级词汇表
position,pəˈzɪʃən,n.,1. 方位，位置 2. 姿态，姿势 3. 情况，状态 4. 身份，地位 5. 职位，职务 v. 放置，给…定位,英语专业四八级词汇表
positive,ˈpɒzətɪv,adj.,1. 确定的，明确的 2. 确信的 3. 积极的，有效的 4. 正极的，阳性的,英语专业四八级词汇表
possess,pəˈzes,v.,1. 拥有 2.,英语专业四八级词汇表
possess,pəˈzes,,(感情或思想等)控制(某人) 3. 掌握(技能),英语专业四八级词汇表
possession,pəˈzeʃən,n.,1. 拥有，所有权 2. 所有物 3. 自制,英语专业四八级词汇表
possibility,ˌpɒsɪˈbɪlətɪ,,12. 1. 可能，可能性 2. 可能的事,英语专业四八级词汇表
possible,ˈpɒsɪbl,adj.,可能的，可接受的，合理的,英语专业四八级词汇表
possibly,ˈpɒsəblɪ,adv.,可能地，也许,英语专业四八级词汇表
postage,ˈpəʊstɪdʒ,n.,邮资，邮费,英语专业四八级词汇表
postcard,ˈpəʊstkɑːd,n.,明信片,英语专业四八级词汇表
poster,ˈpəʊstə,n.,招贴，海报,英语专业四八级词汇表
posthumous,ˈpɒstjʊməs,adj.,1. 遗腹的 2. 死后的，作者死后出版的,英语专业四八级词汇表
postman,ˈpəʊstmən,n.,邮递员,英语专业四八级词汇表
postpone,ˈpəʊstˈpəʊn,v.,延期，延缓,英语专业四八级词汇表
postscript,ˈpəʊsskrɪpt,n.,1.,英语专业四八级词汇表
postscript,ˈpəʊsskrɪpt,,(信上的)附笔，又及 2. 补遗，附录,英语专业四八级词汇表
postulate,ˈpɒstjʊleɪt,v.,假定,英语专业四八级词汇表
posture,ˈpɒstʃə,n.,1. 姿势 2. 态度  v. 1. 故作姿态 2. 摆出…样子,英语专业四八级词汇表
pot,pɒt,n.,锅，罐,英语专业四八级词汇表
potato,pəˈteɪtəʊ,n.,马铃薯，土豆,英语专业四八级词汇表
potency,'pəʊtənsɪ,n.,1. 权势，效力 2. 潜能,英语专业四八级词汇表
potent,ˈpəʊtənt,adj.,有影响力的，很效力的，有说服力的,英语专业四八级词汇表
potential,pəˈtenʃəl,adj.,潜在的，可能的 n. 潜在的可能，潜力,英语专业四八级词汇表
pottery,ˈpɒstərɪ,n.,陶土，陶器,英语专业四八级词汇表
pouch,paʊtʃ,n.,小手袋，邮袋,英语专业四八级词汇表
poultry,ˈpəʊltrɪ,n.,家禽,英语专业四八级词汇表
pounce,paʊns,v.,猛扑，忽然攫住 || pounce on急忙抓住，攫捕,英语专业四八级词汇表
pour,pɔː,v.,1. 倒，灌 2. 蜂拥 3. 倾诉,英语专业四八级词汇表
poverty,ˈpɒvətɪ,n.,1. 贫困 2. 缺乏,英语专业四八级词汇表
powder,ˈpaʊdə,n.,1. 粉末 2. 爽身粉 3. 火药,英语专业四八级词汇表
power,ˈpaʊə,n.,1. 力量 2. 电力，动力 3. 控制力，影响力  4. 权力，权限 5. 强国,英语专业四八级词汇表
powerful,ˈpaʊəfʊl,adj.,1. 强有力的，强大的 2. 有影响力的 3. 效力大的,英语专业四八级词汇表
practicable,ˈpræktɪkəbl,adj.,1. 行得通的，可以实施的  2. 可通行的,英语专业四八级词汇表
practical,ˈpræktɪkəl,adj.,1. 实际的，实践的 2. 实用的 3. 讲实效的,英语专业四八级词汇表
practicality,ˌpræktɪˈkælətɪ,n.,1. 实际，实用，实用性 2. 实际的事,英语专业四八级词汇表
practice,ˈpræktɪs,n.,1. 实习，练习 2. 实践，实施 3. 开业 4. 习惯做法 || put . ..,英语专业四八级词汇表
practice,ˈpræktɪs,in,(into) practice实行，实施,英语专业四八级词汇表
"practise, practice",ˈpræktɪs,v.,1. 实习，练习 2. 开业,英语专业四八级词汇表
practitioner,prækˈtɪʃənə,n.,1. 开业医生(律师) 2. 习艺者，实习者从业者，从医者,英语专业四八级词汇表
pragmatic,præɡˈmætɪk,adj.,重实效的，实用主义的,英语专业四八级词汇表
prairie,ˈpreərɪ,,n.,英语专业四八级词汇表
prairie,ˈpreərɪ,,(尤指北美洲的)大草原,英语专业四八级词汇表
praise,preɪz,v.,&n. 表扬，赞美,英语专业四八级词汇表
pram,præm,,n.,英语专业四八级词汇表
pram,præm,,(手推)婴儿车,英语专业四八级词汇表
prawn,prɔːn,n.,对虾，明虾,英语专业四八级词汇表
pray,preɪ,v.,祈祷，祈求,英语专业四八级词汇表
prayer,preə,n.,祷告，祈祷文;祈求,英语专业四八级词汇表
preach,priːtʃ,v.,1. 讲道，布道 2. 说教，宣扬,英语专业四八级词汇表
precarious,prɪˈkeərɪəs,adj.,1. 不稳定的 2. 根据不足的,英语专业四八级词汇表
precaution,prɪˈkɔːʃən,n.,1. 预防，预防措施 2. 谨慎,英语专业四八级词汇表
precede,prɪˈsiːd,v.,先于…，位于…之前,英语专业四八级词汇表
precedent,ˈpresɪdənt,n.,1.,英语专业四八级词汇表
precedent,ˈpresɪdənt,,(过去的)惯例 2. 先例，前例,英语专业四八级词汇表
precinct,ˈpriːsɪŋkt,n.,1. 区域 2.,英语专业四八级词汇表
precinct,ˈpriːsɪŋkt,,(AmE)选举区，警区,英语专业四八级词汇表
precious,ˈpreʃəs,adj.,珍贵的，宝贵的,英语专业四八级词汇表
precipitate,prɪˈsɪpɪteɪt,v.,1. 使突然发生 2. 猛然抛下 3. 使沉淀,英语专业四八级词汇表
precipitous,prɪˈsɪpɪtəs,adj.,1. 陡峭的 2. 匆忙的，仓促的,英语专业四八级词汇表
precis,ˈpreɪsiː,n.,摘要，梗概 v. 做摘要，写…大意,英语专业四八级词汇表
precise,prɪˈsaɪs,adj.,1. 精确的 2. 恰好的,英语专业四八级词汇表
precision,prɪˈsɪʒən,n.,精确(性)，精密(度) adj. 精密的，精确的,英语专业四八级词汇表
preclude,prɪˈkluːd,v.,阻止，排除,英语专业四八级词汇表
predatory,ˈpredətərɪ,adj.,1. 食肉的 2. 掠夺的,英语专业四八级词汇表
predecessor,ˈpriːdɪsesə,n.,1. 前任者 2. 被取代的事物,英语专业四八级词汇表
predicament,prɪˈdɪkəmənt,n.,困境，穷途,英语专业四八级词汇表
predicate,ˈpredɪkət,n.,谓语,英语专业四八级词汇表
predict,prɪˈdɪkt,v.,预言，预测,英语专业四八级词汇表
prediction,prɪˈdɪkʃən,n.,预言，被预言的事物,英语专业四八级词汇表
predominant,prɪˈdɒmɪnənt,adj.,占优势的，占主导地位的，最显著的,英语专业四八级词汇表
prefabricate,ˌpriːˈfæbrɪkeɪt,,v.,英语专业四八级词汇表
prefabricate,ˌpriːˈfæbrɪkeɪt,,(用预制构件)组装,英语专业四八级词汇表
preface,ˈprefɪs,n.,前言，序 v. 给…作序，作为…的开始,英语专业四八级词汇表
prefer,prɪˈfɜː,v.,更喜欢，宁愿,英语专业四八级词汇表
preferable,ˈprefrəbl,adj.,更适合的，更好的，更可取的 preferably,英语专业四八级词汇表
preference,ˈprefrəns,n.,1. 优先，偏爱 2. 优先权，特惠,英语专业四八级词汇表
preferential,ˌprefəˈrenʃəl,adj.,优先的，优待的，优惠的,英语专业四八级词汇表
prefix,ˈpriːfɪks,n.,前缀,英语专业四八级词汇表
pregnancy,ˈpreɡnənsɪ,n.,1. 怀孕，怀胎期 2. 蕴含,英语专业四八级词汇表
prehistoric,ˌpriːhɪˈstɒrɪk,adj.,史前的 pre- historically,英语专业四八级词汇表
prejudice,ˈpredʒʊdɪs,n.,偏见，成见 v. 1. 使抱偏见 2. 损害,英语专业四八级词汇表
preliminary,prɪˈlɪmɪnərɪ,adj.,预备的，初步的 n. 预备步骤 preliminarily,英语专业四八级词汇表
prelude,ˈpreljuːd,n.,序言，序幕，序曲,英语专业四八级词汇表
premature,ˈpremətjʊə,adj.,1. 过早的，提前的 2. 不成熟的，早熟的 3. 仓促的,英语专业四八级词汇表
premier,ˈpremɪə,n.,首相，总理 adj. 首位的，首要的,英语专业四八级词汇表
première,ˈpremɪə,n.,& v. 初次演出(放映),英语专业四八级词汇表
premise,ˈpremɪs,n.,1. 前提 2.,英语专业四八级词汇表
premise,ˈpremɪs,,(pl)房屋(及其附属建筑、基地等),英语专业四八级词汇表
premium,ˈpriːmɪəm,n.,"1. 保险费 2. 额外费用 || put (set,",英语专业四八级词汇表
premium,ˈpriːmɪəm,,place) a premium on诱发，鼓励,英语专业四八级词汇表
premonition,ˌpriːməˈniʃən,n.,1. 预感，预警 2. 前兆,英语专业四八级词汇表
preoccupation,ˌpriːɒkjʊˈpeɪʃən,n.,1. 全神贯注，专心 2. 令人全神贯注的事物,英语专业四八级词汇表
preoccupied,priːˈɒkjʊpaɪd,adj.,全神贯注的，心事重重的,英语专业四八级词汇表
preparation,ˌprepəˈreɪʃən,n.,准备，筹备，安排,英语专业四八级词汇表
preparatory,prɪˈpærətərɪ,adj.,预备的，筹备的,英语专业四八级词汇表
prepare,prɪˈpeə,v.,1. 准备，筹备 2. 使…有思想准备,英语专业四八级词汇表
preposition,ˌprepəˈzɪʃən,n.,介词,英语专业四八级词汇表
prerequisite,ˌpriːˈrekwɪzɪt,n.,先决条件，前提,英语专业四八级词汇表
preschool,ˈpriːskuːl,adj.,学龄前的 n. 幼儿园，托儿所,英语专业四八级词汇表
prescribe,prɪˈskraɪb,v.,1. 处(方)，开(药)，2. 命令，指示，规定,英语专业四八级词汇表
prescription,prɪˈskrɪpʃən,n.,1. 处方 2. 指示，规定,英语专业四八级词汇表
presence,ˈprezəns,n.,1. 出席，到场 2. 在，存在 3. 仪容，风度,英语专业四八级词汇表
presentation,ˌpreznˈteɪʃən,n.,1. 赠送，授予 2. 介绍，引见 3. 呈现，展示，提出 4. 演出,英语专业四八级词汇表
presently,ˈprezntlɪ,adv.,1. 不久，一会儿 2.,英语专业四八级词汇表
presently,ˈprezntlɪ,,(AmE)现在,英语专业四八级词汇表
preservation,ˌprezəˈveɪʃən,n.,1. 保存，贮藏 2. 保护，保持，维护,英语专业四八级词汇表
preserve,prɪˈzɜːv,v.,保存，保护，维护，维持,英语专业四八级词汇表
preside,prɪˈzaɪd,v.,主持(会议等)，负责指挥,英语专业四八级词汇表
president,ˈprezɪdənt,n.,1. 总统，国家主席 2. 总裁，会长，校长,英语专业四八级词汇表
presidential,ˌprezɪˈdenʃəl,adj.,总统的，总裁的，会长的，校长的,英语专业四八级词汇表
presidium,prɪˈsɪdɪəm,n.,常务委员会，主席团,英语专业四八级词汇表
pressing,ˈpresɪŋ,adj.,急迫的，紧急的 n. 1. 模压制品 2. 唱片，同批制成的唱片,英语专业四八级词汇表
pressure,ˈpreʃə,n.,1. 压力，气压 2.,英语专业四八级词汇表
pressure,ˈpreʃə,,(精神上的)压力，压迫感,英语专业四八级词汇表
prestige,preˈstiːʒ,n.,威望，威信,英语专业四八级词汇表
prestigious,preˈstɪdʒəs,adj.,有声望的，有威信的,英语专业四八级词汇表
presumably,prɪˈzjuːməblɪ,adv.,假定，可能，大概,英语专业四八级词汇表
presume,prɪˈzjuːm,v.,1.,英语专业四八级词汇表
presume,prɪˈzjuːm,,(没有根据地)相信，假设 2. 擅自，敢于,英语专业四八级词汇表
presuppose,ˌpriːsəˈpəʊz,v.,1. 预先假定，预料 2. 以…为前提,英语专业四八级词汇表
"pretence, pretense",prɪˈtens,n.,1. 假装，矫饰 2. 借口，托词 3. 自命，自吹,英语专业四八级词汇表
pretend,prɪˈtend,v.,1. 假装 2. 自命，自称,英语专业四八级词汇表
pretentious,prɪˈtenʃəs,adj.,1. 自负的，自命不凡的 2. 矫饰的，做作的,英语专业四八级词汇表
pretext,ˈpriːtekst,n.,借口，托词,英语专业四八级词汇表
pretty,ˈprɪtɪ,adj.,漂亮的，迷人的 adv. 相当，颇,英语专业四八级词汇表
prevail,prɪˈveɪl,v.,1. 战胜 2. 盛行，流行,英语专业四八级词汇表
prevalent,ˈprevələnt,adj.,普遍的，流行的，盛行的,英语专业四八级词汇表
prevent,prɪˈvent,v.,阻止，防止 || prevent sb from阻止某人做… /prevent sth from阻止某事发生,英语专业四八级词汇表
prevention,prɪˈvenʃən,n.,阻止，防止，预防,英语专业四八级词汇表
previous,ˈpriːvɪəs,adj.,前一个，以前的,英语专业四八级词汇表
prey,preɪ,n.,1. 猎物，牺牲品 2. 捕食 v. 1. 捕食 2.,英语专业四八级词汇表
prey,preɪ,,(疾病等)折磨，困扰,英语专业四八级词汇表
price,praɪs,n.,价格，代价 || at a price以极高的代价 v. 给…定价，标价,英语专业四八级词汇表
priceless,'praɪslɪs,adj.,无价的，极其珍贵的,英语专业四八级词汇表
prick,prɪk,v.,1. 戳穿，刺 2.,英语专业四八级词汇表
prick,prɪk,,(使)感到刺痛 n. 1. 刺痛 2. 刺痕，刺孔 || prick up one's ears竖起耳朵听,英语专业四八级词汇表
pride,praɪd,n.,1. 自豪 2. 自尊(心) 3. 自负 4. 引以自豪的人(或物) v. 以…为自豪,英语专业四八级词汇表
priest,priːst,n.,牧师，神父，教士,英语专业四八级词汇表
primary,ˈpraɪmərɪ,adj.,1. 主要的，首要的 2. 最初的，基本的,英语专业四八级词汇表
prime,praɪm,adj.,1. 主要的 2. 最佳的 3. 最初的 n.,英语专业四八级词汇表
prime,praɪm,,(某人的)鼎盛期,英语专业四八级词汇表
primitive,ˈprɪmɪtɪv,adj.,1. 原始的 2. 粗糙的  3. 纯朴的  n. 原始人,英语专业四八级词汇表
prince,prɪns,n.,1. 王子 2.,英语专业四八级词汇表
prince,prɪns,,(封建时代的)诸侯,英语专业四八级词汇表
princess,prɪnˈses,n.,公主，王妃,英语专业四八级词汇表
principal,ˈprɪnsəpəl,adj.,主要的，首要的 n. 校长,英语专业四八级词汇表
principle,ˈprɪnsəpl,n.,1. 原则，主义 2. 行动准则，道义 3. 原理 || in principle原则上,英语专业四八级词汇表
print,prɪnt,n.,1. 印刷字体 2. 印痕，痕迹 3. 照片，版画 v. 1. 印，印刷 2. 出版 3. 晒印(照片) 4. 把…写成印刷字体 5.,英语专业四八级词汇表
print,prɪnt,,(用计算机)打印,英语专业四八级词汇表
printer,ˈprɪntə,n.,1. 印刷机，打印机 2. 印刷者,英语专业四八级词汇表
prior,ˈpraɪə,adj.,1. 预先的，在前的 2. 较重要的 || prior to在…之前,英语专业四八级词汇表
priority,praɪˈɒrətɪ,n.,1. 优先，优先权 2. 优先考虑的事,英语专业四八级词汇表
prism,ˈprɪzəm,n.,1. 棱柱 (体) 2. 棱镜,英语专业四八级词汇表
prison,ˈprɪzən,n.,监狱,英语专业四八级词汇表
prisoner,ˈprɪzənə,n.,囚犯，俘虏,英语专业四八级词汇表
pristine,ˈprɪstiːn,adj.,纯洁的，原始状态的,英语专业四八级词汇表
privacy,ˈpraɪvəsɪ,n.,1. 独处，隐私 2. 秘密，私下,英语专业四八级词汇表
private,ˈpraɪvɪt,adj.,1. 私人的，个人的 2. 私立的，私营的 3. 秘密的，私下的 4. 幽僻的,英语专业四八级词汇表
privilege,ˈprɪvɪlɪdʒ,n.,特权，特殊权益，特殊荣幸,英语专业四八级词汇表
prize,praɪz,n.,奖品，奖赏 adj. 1. 得奖的，值得给奖的 2. 作为奖品的,英语专业四八级词汇表
probability,ˌprɒbəˈbɪlətɪ,n.,1. 可能性 2. 可能发生的事，可能的结果 3. 概率,英语专业四八级词汇表
probably,'prɒbəblɪ,adv.,很可能，或许,英语专业四八级词汇表
probation,prəˈbeɪʃən,n.,1. 试用期 2. 缓刑,英语专业四八级词汇表
probe,prəʊb,n.,1. 探针 2 探测飞船 3. 探查，彻底调查 v. 探查，查究,英语专业四八级词汇表
problem,ˈprɒbləm,n.,问题，难题,英语专业四八级词汇表
"problematic,problematical",prɒbləˈmætɪk(əl),adj.,有疑问的，未解决的，未定的,英语专业四八级词汇表
procedural,prəˈsiːdʒərəl,adj.,1. 程序上的 2. 程序性的,英语专业四八级词汇表
procedure,prəˈsiːdʒə,n.,1. 程序 2. 手续，步骤，工序,英语专业四八级词汇表
proceed,prəˈsiːd,v.,1. 开始，着手 2. 前进 3. 继续进行 || proceed against起诉(某人)  /proceed from源于某物,英语专业四八级词汇表
proceeding(s),prəˈsiːdɪŋ(z),n.,1. 诉讼(程序) 2. 过程，议程 3. 会议录，(文献)汇编,英语专业四八级词汇表
process,ˈprəʊses,n.,1. 步骤，过程 2. 工序，制作法 || in the process of在…过程中  v. 加工，处理,英语专业四八级词汇表
procession,prəˈseʃən,,n.,英语专业四八级词汇表
procession,prəˈseʃən,,(人或车的)行列,英语专业四八级词汇表
proclaim,prəˈkleɪm,v.,宣布，宣告,英语专业四八级词汇表
procure,prəˈkjʊə,v.,1. 取得，获得 2. 为…作淫媒,英语专业四八级词汇表
prod,prɒd,v.,1. 刺，戳 2. 激励，刺激,英语专业四八级词汇表
prodigal,ˈprɒdɪɡəl,adj.,1. 铺张的，挥霍的 2. 慷慨的 || the prodigal回头的浪子,英语专业四八级词汇表
prodigy,ˈprɒdɪdʒɪ,n.,1. 奇才，天才 2. 奇观，奇迹,英语专业四八级词汇表
producer,prəˈdjuːsə,n.,1. 生产者，制造商 2. 制片人,英语专业四八级词汇表
product,ˈprɒdʌkt,n.,1. 产品，产物 2. 结果，成果 3. 创作，作品,英语专业四八级词汇表
production,prəˈdʌkʃən,n.,1. 生产，制造 2. 生产过程 3. 产量 4. 戏剧，影片，广播节目,英语专业四八级词汇表
productive,prəˈdʌktɪv,adj.,1. 多产的 2. 出产…的， 产生…的,英语专业四八级词汇表
productivity,ˌprɒdʌkˈtɪvətɪ,n.,生产能力，生产率,英语专业四八级词汇表
profess,prəˈfes,v.,1. 公开表示，声称 2. 自称 3. 表明信仰,英语专业四八级词汇表
profession,prəˈfeʃən,n.,1.,英语专业四八级词汇表
profession,prəˈfeʃən,,(尤指从事脑力劳动或受过专门训练的)职业 2. 专业人员 3. 表白，声明,英语专业四八级词汇表
professional,prəˈfeʃənəl,adj.,1. 专业的，职业的 2. 高水准的，内行的 n. 专业人员,英语专业四八级词汇表
professor,prəˈfesə,n.,教授,英语专业四八级词汇表
proficiency,prəˈfɪʃənsɪ,n.,精通，熟练,英语专业四八级词汇表
proficient,prəˈfɪʃənt,adj.,熟练的，精通的,英语专业四八级词汇表
profile,ˈprəʊfaɪl,n.,1.,英语专业四八级词汇表
profile,ˈprəʊfaɪl,,(头像的)侧面 2. 形象，轮廓 3. 人物简介，传略 v. 作简介，画…的侧面像,英语专业四八级词汇表
profit,ˈprɒfɪt,n.,1. 利润 2. 益处 v. 获益，有益于,英语专业四八级词汇表
profiteer,ˌprɒfɪˈtɪə,n.,暴发户，发横财的人，投机商 v. 牟取暴利，投机倒把,英语专业四八级词汇表
profound,prəˈfaʊnd,adj.,1. 深厚的，深刻的，深奥的 2. 知识渊博的,英语专业四八级词汇表
"programme, program",ˈprəʊɡræm,n.,1. 节目，节目单 2. 计划 3. 电脑程序 v. 1. 计划，安排 2.,英语专业四八级词汇表
"programme, program",ˈprəʊɡræm,,(为电脑)编制程序,英语专业四八级词汇表
programmer,ˈprəʊɡræmə,n.,1. 订计划者，节目编排者 2. 程序编制员,英语专业四八级词汇表
progress,ˈprəʊɡres,n.,1. 进步，进展 2. 前进，行进 || in progress在进行中 /make pro-  gress取得进步，取得进展 v. 进步，进展，前进,英语专业四八级词汇表
progressive,prəˈɡresɪv,adj.,1. 不断前进的，渐进的 2. 进步的，先进的 3.,英语专业四八级词汇表
progressive,prəˈɡresɪv,,(动词)进行式的  n. 进步人士,英语专业四八级词汇表
prohibit,prəˈhɪbɪt,v.,1. 禁止 2. 阻止，妨碍,英语专业四八级词汇表
prohibition,ˌprəʊhɪˈbɪʃən,n.,1. 禁止 2. 禁令,英语专业四八级词汇表
project,ˈprɒdʒekt,n.,方案，规划，工程，项目 [prəˈdʒekt] v. 1. 发射，投掷，投(影) 2. 使凸出，突出 3. 规划，设计,英语专业四八级词汇表
projection,prəˈdʒekʃən,n.,1. 设计，规划，计划 2. 投影图 3. 凸出，凸出部 4. 发射，投掷,英语专业四八级词汇表
projector,prəˈdʒektə,n.,投影机，幻灯机，放映机,英语专业四八级词汇表
proletarian,ˌprəʊlɪˈteərɪən,n.,& adj. 无产者(的)，无产阶级(的),英语专业四八级词汇表
proliferation,prəˌlɪfəˈreɪʃən,n.,激增，扩散，增值,英语专业四八级词汇表
prolific,prəˈlɪfɪk,adj.,多产的,英语专业四八级词汇表
prologue,ˈprəʊlɒɡ,n.,1. 开场白，序言 2. 开端，序幕,英语专业四八级词汇表
prolong,prəˈlɒŋ,v.,延长，拖延,英语专业四八级词汇表
prominence,ˈprɒmɪnəns,n.,1. 显著，杰出 2. 凸出部分，凸出物,英语专业四八级词汇表
prominent,ˈprɒmɪnənt,adj.,1. 著名的，杰出的，显著的 2. 凸出的,英语专业四八级词汇表
promise,ˈprɒmɪs,n.,1. 诺言 2. 希望，出息 v. 1. 允诺，答应 2. 给人以…指望,英语专业四八级词汇表
promising,ˈprɒmɪsɪŋ,adj.,有希望的，有前途的，有出息的,英语专业四八级词汇表
promote,prəˈməʊt,v.,1. 提升 2. 促成，促进 3. 宣传，促销 4. 发起，创立,英语专业四八级词汇表
promotion,prəˈməʊʃən,n.,1. 提升 2. 促成，促进 3. 宣传，促销,英语专业四八级词汇表
prone,prəʊn,adj.,1. 易于…的，有…倾向的 2. 俯卧的,英语专业四八级词汇表
pronoun,ˈprəʊnaʊn,n.,代词,英语专业四八级词汇表
pronounce,prəˈnaʊns,v.,1. 发…音 2. 宣布，宣告,英语专业四八级词汇表
pronunciation,prəˌnʌnsɪˈeɪʃən,n.,发音,英语专业四八级词汇表
proofread,ˈpruːfriːd,v.,校对,英语专业四八级词汇表
prop,prɒp,n.,1. 支柱，支持，支撑物 2. 舞台道具,英语专业四八级词汇表
propaganda,ˌprɒpəˈɡændə,n.,宣传,英语专业四八级词汇表
propagate,ˈprɒpəɡeɪt,v.,1. 传播，宣传 2.,英语专业四八级词汇表
propagate,ˈprɒpəɡeɪt,,(使)繁殖,英语专业四八级词汇表
propel,prəˈpel,v.,推进,英语专业四八级词汇表
proper,ˈprɒpə,adj.,1. 正当的，适当的 2. 合乎礼节的，规矩的 3. 特有的，专门的 4. 彻底的，十足的,英语专业四八级词汇表
property,ˈprɒpətɪ,n.,1. 财产，所有物 2. 不动产，房地产 3. 性质，属性,英语专业四八级词汇表
prophecy,ˈprɒfəsɪ,n.,预言，预言能力,英语专业四八级词汇表
prophesy,ˈprɒfəsaɪ,v.,预言，预示,英语专业四八级词汇表
prophet,ˈprɒfɪt,n.,预言家，先知,英语专业四八级词汇表
proponent,prəˈpəʊnənt,n.,倡导者，支持者,英语专业四八级词汇表
proportion,prəˈpɔːʃən,n.,1. 比例，比率 2. 相称，平衡 3. 份，部分 || in proportion成比例 /out of proportion不成比例,英语专业四八级词汇表
proportional,prəˈpɔːʃənəl,adj.,成比例的，相称的,英语专业四八级词汇表
proposal,prəˈpəʊzəl,n.,1. 建议，提议 2. 求婚,英语专业四八级词汇表
propose,prəˈpəʊz,v.,1. 建议，提议 2. 企图，打算 3. 求 (婚),英语专业四八级词汇表
proposition,ˌprɒpəˈzɪʃən,n.,1. 提议，建议 2. 主张 3. 命题,英语专业四八级词汇表
proprietor,prəˈpraɪətə,n.,所有人，业主,英语专业四八级词汇表
prose,prəʊz,n.,散文,英语专业四八级词汇表
prosecute,ˈprɒsɪkjuːt,v.,1. 对…起诉，告发 2. 彻底进行，执行,英语专业四八级词汇表
prosecution,ˌprɒsɪˈkjuːʃən,n.,1. 起诉，检举，告发 2. 执行，贯彻,英语专业四八级词汇表
prospect,ˈprɒspekt,n.,1. 前途，前景 2. 情景，景色 3. 指望，预期,英语专业四八级词汇表
prospective,prəˈspektɪv,adj.,预期的，可能的，未来的,英语专业四八级词汇表
prosperity,prɒˈsperətɪ,n.,繁荣，昌盛,英语专业四八级词汇表
prosperous,ˈprɒspərəs,adj.,繁荣的，昌盛的,英语专业四八级词汇表
prostate,ˈprɒsteɪt,n.,前列腺,英语专业四八级词汇表
prostitute,ˈprɒstɪtjuːt,n.,妓女  v. 出卖，滥用(才能等),英语专业四八级词汇表
prostitution,ˌprɒstɪˈtjuːʃən,n.,卖淫，滥用,英语专业四八级词汇表
protagonist,prəʊˈtæɡənɪst,n.,1. 主角 2. 首创者,英语专业四八级词汇表
protect,prəˈtekt,v.,保护,英语专业四八级词汇表
protection,prəˈtekʃən,n.,1. 保护，防护 2. 防护物,英语专业四八级词汇表
protective,prəˈtektɪv,adj.,1. 保护的，防护的 2. 保护贸易的,英语专业四八级词汇表
protein,ˈprəʊtiːn,n.,蛋白质,英语专业四八级词汇表
protest,ˈprəʊtest,n.,& v. 抗议，反对,英语专业四八级词汇表
Protestant,ˈprɒtɪstənt,n.,新教徒，基督教徒,英语专业四八级词汇表
protocol,ˈprəʊtəkɒl,n.,1. 礼仪，礼节 2. 草案，议定书,英语专业四八级词汇表
prototype,ˈprəʊtətaɪp,n.,原型，典型,英语专业四八级词汇表
protracted,prəˈtræktɪd,adj.,延长的，拖延的,英语专业四八级词汇表
protrude,prəˈtruːd,v.,突出，伸出,英语专业四八级词汇表
proud,praʊd,adj.,1. 自尊的，自豪的 2. 骄傲的，妄自尊大的 || be proud of以…为骄傲,英语专业四八级词汇表
prove,pruːv,v.,1. 证明，证实 2. 证明是，表明是,英语专业四八级词汇表
proverb,ˈprɒvɜːb,n.,谚语，格言,英语专业四八级词汇表
provide,prəˈvaɪd,v.,提供，供给 || provide for ①供养② (法律上)允许,英语专业四八级词汇表
provided,prəˈvaɪdɪd,conj.,以…为条件，假如,英语专业四八级词汇表
provident,ˈprɒvɪdənt,adj.,有先见之明的，节俭的,英语专业四八级词汇表
province,ˈprɒvɪns,n.,1. 省 2. 领域，范围,英语专业四八级词汇表
provincial,prəˈvɪnʃəl,adj.,1. 省的 2. 偏狭的，乡气的,英语专业四八级词汇表
provision,prəˈvɪʒən,n.,1. 供应 2. 准备，预备 3. 规定，条款 4.,英语专业四八级词汇表
provision,prəˈvɪʒən,,(pl)粮食，食品,英语专业四八级词汇表
provisional,prəˈvɪʒənəl,adj.,暂时的，临时的,英语专业四八级词汇表
provocation,ˌprɒvəˈkeɪʃən,n.,1. 挑衅，激怒 2. 激怒的原因，惹人恼火之事,英语专业四八级词汇表
provocative,prəˈvɒkətɪv,adj.,1. 刺激的，挑衅的 2. 挑逗的,英语专业四八级词汇表
provoke,prəˈvəʊk,v.,激怒，煽动，挑起,英语专业四八级词汇表
prowess,ˈpraʊɪs,n.,英勇，杰出的才能,英语专业四八级词汇表
proximity,prɒkˈsɪmətɪ,n.,接近，邻近,英语专业四八级词汇表
prudent,ˈpruːdənt,adj.,谨慎的，精明的,英语专业四八级词汇表
prune,pruːn,n.,梅干，李脯 v. 修剪，删除,英语专业四八级词汇表
pseudo,ˈsjuːdəʊ,adj.,假的，伪的，冒充的,英语专业四八级词汇表
psychiatrist,saɪˈkaɪətrɪst,n.,精神病医生，精神病学者,英语专业四八级词汇表
psychiatry,saɪˈkaɪətrɪ,n.,精神病学，精神病疗法,英语专业四八级词汇表
psycho,ˈsaɪkəʊ,n.,1. 精神分析(学) 2. 神经病患者 3. 精神变态者,英语专业四八级词汇表
psychoanalyst,ˌsaɪkəʊˈænəlɪst,n.,精神分析学家,英语专业四八级词汇表
psychological,ˌsaɪkəˈlɒdʒɪkəl,adj.,1. 心理的，精神的 2. 心理学的,英语专业四八级词汇表
psychologist,saɪˈkɒlədʒɪst,n.,心理学家,英语专业四八级词汇表
psychology,saɪˈkɒlədʒɪ,n.,心理学,英语专业四八级词汇表
psychotherapist,ˌsaɪkəʊˈθerəpɪst,n.,心理治疗学家,英语专业四八级词汇表
psychotherapy,ˌsaɪkəʊˈθerəpɪ,n.,心理疗法，精神疗法,英语专业四八级词汇表
pub,pʌb,n.,小酒吧，小旅馆,英语专业四八级词汇表
puberty,ˈpjuːbətɪ,n.,青春期,英语专业四八级词汇表
public,ˈpʌblɪk,adj.,1. 公众的 2. 政府的 3. 公开的 n. 公众，大众 || in public公开地,英语专业四八级词汇表
publication,ˌpʌblɪˈkeɪʃən,n.,1. 出版，发行 2. 出版物,英语专业四八级词汇表
publish,ˈpʌblɪʃ,v.,1. 出版，发行 2. 公布，发布,英语专业四八级词汇表
publisher,ˈpʌblɪʃə,n.,出版商，出版者,英语专业四八级词汇表
pudding,ˈpʊdɪŋ,n.,布丁(甜点心),英语专业四八级词汇表
puff,pʌf,v.,1. 喘气 2. 喷(烟等) n. 1. 一股(气、烟 等)，一阵 2. 松饼,英语专业四八级词汇表
pull,pʊl,v.,1. 拉，拖，拔 2. 拉伤 3.,英语专业四八级词汇表
pull,pʊl,,(车辆)驶进，驶出 4. 吸引 || pull a face板起脸，拉长脸 [pull down拆毁(建筑物)] pull in(火车)进站，(车辆)靠边停下 /pull out①(火车)离站②(使)撤离，(使)退出 n. 1. 拉，拖，扯 2. 拉绳，把手,英语专业四八级词汇表
pullover,ˈpʊləʊvə,n.,套头毛衣,英语专业四八级词汇表
pulp,pʌlp,n.,1. 肉质，髓 2. 纸浆 3. 低级粗劣的书刊 v. 使成浆状,英语专业四八级词汇表
pulpit,ˈpʊlpɪt,n.,1. 讲道坛 2. 牧师，教士,英语专业四八级词汇表
pulse,pʌls,n.,1. 脉搏，脉冲 2. 节奏，拍子,英语专业四八级词汇表
pump,pʌmp,n.,泵，抽水机，打气筒 v. 用泵打入或抽出，为…打气,英语专业四八级词汇表
pumpkin,ˈpʌmpkɪn,n.,南瓜,英语专业四八级词汇表
pun,pʌn,n.,双关语,英语专业四八级词汇表
punctual,ˈpʌŋktʃʊəl,adj.,准时的，按时的,英语专业四八级词汇表
punctuation,ˌpʌŋktʃʊˈeɪʃən,n.,1. 标点法 2. 标点符号,英语专业四八级词汇表
puncture,ˈpʌŋktʃə,n.,& v. 刺，戳，穿孔,英语专业四八级词汇表
pungent,ˈpʌndʒənt,,n.,英语专业四八级词汇表
pungent,ˈpʌndʒənt,,(气味等)浓烈的,英语专业四八级词汇表
punish,ˈpʌnɪʃ,v.,1. 惩罚，处罚 2. 狠狠地对付，痛击,英语专业四八级词汇表
punishment,ˈpʌnɪʃmənt,n.,惩罚，处罚，刑罚,英语专业四八级词汇表
punitive,ˈpjuːnətɪv,adj.,1. 惩罚的，刑罚的 2. 严厉的,英语专业四八级词汇表
puppet,ˈpʌpɪt,n.,1. 木偶，布偶 2. 傀儡,英语专业四八级词汇表
puppy,ˈpʌpɪ,n.,小狗,英语专业四八级词汇表
purchase,ˈpɜːtʃəs,v.,购买 n. 1. 购买 2. 购得之物,英语专业四八级词汇表
pure,pjʊə,adj.,1. 纯粹的，纯的 2. 纯洁的，无邪的 3. 完全的，彻底的,英语专业四八级词汇表
purely,'pjʊəlɪ,adv.,完全地,英语专业四八级词汇表
purge,pɜːdʒ,n.,1.,英语专业四八级词汇表
purge,pɜːdʒ,,(政治上)清洗，整肃 2. 洗涤，涤除  3. 泻药，. 清洗，整肃,英语专业四八级词汇表
purify,ˈpjʊərɪfaɪ,v.,使纯净，净化,英语专业四八级词汇表
Puritan,ˈpjʊərɪtən,n.,清教徒,英语专业四八级词汇表
purity,ˈpjʊrətɪ,n.,纯洁，纯净，纯粹,英语专业四八级词汇表
purple,ˈpɜːpl,n.,紫色  adj. 紫色的,英语专业四八级词汇表
purport,ˈpɜːpət,n.,主要大意，要领,英语专业四八级词汇表
purpose,ˈpɜːpəs,n.,1. 目的，意图 2. 用途，效果 3. 决心，毅力 || on purpose故意地,英语专业四八级词汇表
purse,pɜːs,n.,钱包,英语专业四八级词汇表
pursuit,pəˈsjuːt,n.,1. 追捕 2. 追求，寻求,英语专业四八级词汇表
push,pʊʃ,v.,1. 推，推进 2. 催逼，促使 n. 推，推动，促进,英语专业四八级词汇表
put,pʊt,v.,1. 放，安置 2. 表达 3. 提交 || put across 使…被理解 [put away储存，把…放好] put down①击败，镇压②写下来 [put forward 建议，提出] put off推迟，延误 [put on①穿，戴②增加③上演] put out扑灭，熄灭 [put through①(电话)把…接通②使经历] put up①举起②张贴③留宿(某人)④把…拍卖 /put up with忍受，容忍,英语专业四八级词汇表
puzzle,ˈpʌzl,v.,使迷惑，使困惑 n. 1. 拼合游戏(或玩具) 2. 谜，难解之事,英语专业四八级词汇表
pyramid,ˈpɪrəmɪd,n.,1. 棱锥体，角锥体 2. 金字塔,英语专业四八级词汇表
python,ˈpaɪθən,n.,蟒蛇,英语专业四八级词汇表
quadrangle,ˈkwɒdræŋɡl,n.,1. 四边形，正方形，长方形 2. 方形庭院,英语专业四八级词汇表
quadrant,ˈkwɒdrənt,n.,四分之一圆周，九十度弧，扇形体,英语专业四八级词汇表
quadratic,kwɒ'drætɪk,adj.,二次的 n. 二次方程式,英语专业四八级词汇表
quadrilateral,ˌkwɒdrɪˈlætərəl,adj.,四边形的，四边的 n. 四边形,英语专业四八级词汇表
quadruple,ˈkwɒdrʊpl,adj.,由四个(部分、个体、群体)组成的 n. & adv. 四倍，四倍的数(量) v. 变成四倍,英语专业四八级词汇表
quaint,kweɪnt,adj.,古雅的，古色古香的,英语专业四八级词汇表
quake,kweɪk,v.,震动，颤抖，哆嗦,英语专业四八级词汇表
Quaker,ˈkweɪkə,n.,基督教教友派教徒，贵格会教徒,英语专业四八级词汇表
qualification,ˌkwɒlɪfɪˈkeɪʃən,n.,1. 限制，条件 2. 授权，批准，使具有资格 3. 资格，资历，(pl)考试合格证明书,英语专业四八级词汇表
qualified,ˈkwɒlɪfaɪd,adj.,1. 有资格的，合适的，胜任的 2. 有限度的，有条件的，有保留的,英语专业四八级词汇表
qualifier,ˈkwɒlɪfaɪə,n.,1. 饰词(如形容词、副词) 2.,英语专业四八级词汇表
qualifier,ˈkwɒlɪfaɪə,,(有资格进入下一轮竞赛的)合格者,英语专业四八级词汇表
qualify,ˈkwɒlɪfaɪ,v.,1. 使合适，(使)具有资格，证明…合格 2. 准予，授予…权利 3. 限制，修饰，使减轻,英语专业四八级词汇表
qualitative,ˈkwɒlɪtətɪv,adj.,质量上的，性质上的，(化学)定性的,英语专业四八级词汇表
quality,ˈkwɒlətɪ,n.,1. 质量，品级，品质 2. 性质，特性,英语专业四八级词汇表
qualm,kwɑːm,n.,疑惧，紧张不安，疑虑,英语专业四八级词汇表
quantifier,ˈkwɒntɪfaɪə,,n.,英语专业四八级词汇表
quantifier,ˈkwɒntɪfaɪə,,(数)量词,英语专业四八级词汇表
quantify,ˈkwɒntɪfaɪ,v.,量度，确定数量，量化,英语专业四八级词汇表
quantitative,ˈkwɒntɪtətɪv,adj.,量的，数量的，定量的,英语专业四八级词汇表
quantity,ˈkwɒntətɪ,n.,1. 量，数量 2. 分量，额，大量,英语专业四八级词汇表
quantum,ˈkwɒntəm,,(pl quanta) n. 1. 量子 2.,英语专业四八级词汇表
quantum,ˈkwɒntəm,,(需要或想要的)数量,英语专业四八级词汇表
quarantine,ˈkwɒrəntiːn,n.,隔离(期间)  v. 对…进行检疫隔离,英语专业四八级词汇表
quarrel,ˈkwɒrəl,v.,1. 争吵，失和 2. 反对，挑剔，抱怨 n. 争吵，失和，抱怨的缘由,英语专业四八级词汇表
quarry,ˈkwɒrɪ,n.,1. 采石场 2. 猎物,英语专业四八级词汇表
quart,kwɔːt,n.,夸脱,英语专业四八级词汇表
quarter,ˈkwɔːtə,n.,1. 四分之一，一刻钟，一季 2.,英语专业四八级词汇表
quarter,ˈkwɔːtə,,(市镇的)区，地方 3. 来源 4.,英语专业四八级词汇表
quarter,ˈkwɔːtə,,(pl)住处，营房，(船上的)住舱区 || a bad quarter of an hour难熬的片刻 [at close quarters彼此非常接近] take up one's quarters住宿 v. 把…分成四部分，供…住宿，驻扎(军队),英语专业四八级词汇表
quarterly,ˈkwɔːtəlɪ,adj.,& adv. 每季的(地)，每季一次的(地)  n. 季刊,英语专业四八级词汇表
quartet,kwɔːˈtet,n.,四重唱(奏、曲)，四重唱乐团,英语专业四八级词汇表
quartz,kwɔːts,n.,石英,英语专业四八级词汇表
quash,kwɒʃ,v.,1. 拒绝接受，取消 2. 镇压，平息,英语专业四八级词汇表
quaver,ˈkweɪvə,v.,用颤声说(唱、演奏)，颤抖 n. 颤音,英语专业四八级词汇表
quay,kiː,n.,码头，驳岸,英语专业四八级词汇表
queen,kwiːn,n.,1. 女王，王后 2. 出众的女人，(同类中)首屈一指者,英语专业四八级词汇表
queer,kwɪə,adj.,1. 古怪的，异常的，可疑的 2. 稍感不适的，想呕吐的,英语专业四八级词汇表
quell,kwel,v.,击败，制止，镇压,英语专业四八级词汇表
quench,kwentʃ,v.,扑灭，解(渴)，终止,英语专业四八级词汇表
querulous,ˈkwerʊləs,adj.,抱怨的，爱发牢骚的,英语专业四八级词汇表
query,ˈkwɪərɪ,n.,& v. 质问，疑问，(提)问题,英语专业四八级词汇表
quest,kwest,,n.,英语专业四八级词汇表
quest,kwest,,(长时间的)搜寻，探求,英语专业四八级词汇表
question,ˈkwestʃən,n.,1. 疑问(句)，问题，难题 2. 提案，议题，提问 || beside the question离题，与题无关 [beyond question; out of question; past question毫无疑问，确定无疑] call sth into question对…提出疑问 [in question①谈(或议)论中的，考虑中的②有疑问的，成问题的] out of the question不可能的，办不到的 /without question毫无疑义 v. 1. 询问，质问，问 2. 怀疑，对…提出异议,英语专业四八级词汇表
questionable,ˈkwestʃənəbl,adj.,有问题的，不确定的，可疑的,英语专业四八级词汇表
question(n)aire,ˌkwestʃəˈneə,,n.,英语专业四八级词汇表
question(n)aire,ˌkwestʃəˈneə,,(调查情况用的)问卷，调查表,英语专业四八级词汇表
queue,kjuː,n.,1. 辫子 2.,英语专业四八级词汇表
queue,kjuː,,(排队等候的)行列，长队 v. 1. 编辫子 2. 排队(等候) || jump the queue插队,英语专业四八级词汇表
quibble,ˈkwɪbl,,v.,英语专业四八级词汇表
quibble,ˈkwɪbl,,(在小问题上)争论，争辩,英语专业四八级词汇表
quickly,'kwɪklɪ,adv.,很快地，短暂地,英语专业四八级词汇表
quicksand,ˈkwɪksænd,n.,流沙,英语专业四八级词汇表
quiet,ˈkwaɪət,adj.,1. 安静的，沉默的，轻声的 2. 寂静的，僻静的，宁静的 3. 温和的，文静的 4.,英语专业四八级词汇表
quiet,ˈkwaɪət,,(颜色等)素净的 v.,英语专业四八级词汇表
quiet,ˈkwaɪət,,(使)安静，平静 n. 安静，静谧，安宁 || at quiet安静的(地)，平静的(地) /,英语专业四八级词汇表
quiet,ˈkwaɪət,on,the quiet悄悄地，秘密地,英语专业四八级词汇表
quietly,'kwaɪətlɪ,adv.,1. 轻声地，安静地，平静地 2. 文静地，静止地 3. 在暗中，秘密地,英语专业四八级词汇表
quilt,kwɪlt,n.,被褥,英语专业四八级词汇表
quintessence,kwɪnˈtesns,n.,典范，完美的典型或实例,英语专业四八级词汇表
quintet,kwɪnˈtet,n.,五重唱(奏、曲)，五重唱(乐团),英语专业四八级词汇表
quip,kwɪp,n.,妙语，俏皮话,英语专业四八级词汇表
quirk,kwɜːk,n.,1. 奇事，巧合 2. 奇怪之举，怪癖,英语专业四八级词汇表
quit,kwɪt,v.,1. 停止，离去，放弃 2. 偿清，回报,英语专业四八级词汇表
quite,kwaɪt,adv.,1. 完全，彻底 2. 很，相当，或多或少 3. 实际上，真正地 || quite a(n) 不寻常的，了不起的，相当的,英语专业四八级词汇表
quitter,ˈkwɪtə,n.,容易放弃者，半途而废不尽职责者,英语专业四八级词汇表
quiver,ˈkwɪvə,v.,&n. 颤抖，抖动,英语专业四八级词汇表
quixotic,kwɪkˈsɒtɪk,adj.,堂吉诃德式的，不切实际的,英语专业四八级词汇表
quiz,kwɪz,n.,1. 考查，测验，查问 2. 答问比赛 v. 对…测验，查问，盘问,英语专业四八级词汇表
quizzical,ˈkwɪzɪkəl,,adj.,英语专业四八级词汇表
quizzical,ˈkwɪzɪkəl,,(笑容、表情)探询的，疑问的，知情的,英语专业四八级词汇表
quota,ˈkwəʊtə,n.,定量，限额，配额,英语专业四八级词汇表
quotation,kwəʊˈteɪʃən,n.,1. 引语，语录，引用 2. 报价，牌价,英语专业四八级词汇表
quote,kwəʊt,v.,1. 引用…的话，引证，引述 2. 报…的价，开价 3. 把…放入括号 n. 1. 引文，引语 2. 牌价，报价,英语专业四八级词汇表
quotient,ˈkwəʊʃənt,n.,商，商数，份额,英语专业四八级词汇表
rabbi,ˈræbaɪ,,n.,英语专业四八级词汇表
rabbi,ˈræbaɪ,,(犹太教的)法学博士，老师，先生，犹太教教士,英语专业四八级词汇表
rabbit,ˈræbɪt,n.,兔，野兔,英语专业四八级词汇表
rabid,ˈræbɪd,adj.,1. 患狂犬病的 2. 狂热的，极端的,英语专业四八级词汇表
rabies,ˈreɪbiːz,n.,狂犬病,英语专业四八级词汇表
racecourse,ˈreɪskɔːs,n.,1. 赛马跑道，赛马场 2.,英语专业四八级词汇表
racecourse,ˈreɪskɔːs,,(赛马、赛车、赛跑等用的)跑道=AmE) racetrack,英语专业四八级词汇表
racer,ˈreɪsə,n.,1. 赛跑者，比赛者 2. 比赛用汽车,英语专业四八级词汇表
racial,ˈreɪʃəl,adj.,种族的，人种的，种族间的,英语专业四八级词汇表
racialism,ˈreɪʃəlɪzəm,n.,1. 种族主义，种族偏见 2. 种族仇视,英语专业四八级词汇表
racing,ˈreɪsɪŋ,n.,赛跑，竞赛，赛马,英语专业四八级词汇表
racism,ˈreɪsɪzəm,n.,1. 种族主义 2. 种族歧视,英语专业四八级词汇表
racist,ˈreɪsɪst,n.,种族主义者 adj. 种族主义的,英语专业四八级词汇表
rack,ræk,,n.,英语专业四八级词汇表
rack,ræk,,(放置物件的)架子 v. 使痛苦，折磨 || rack one’s brains绞尽脑汁,英语专业四八级词汇表
racket,ˈrækɪt,n.,1.,英语专业四八级词汇表
racket,ˈrækɪt,,(网球等的)球拍 2. 喧哗，吵闹 3. 讹诈，欺骗，勒索,英语专业四八级词汇表
radar,ˈreɪdɑː,n.,雷达,英语专业四八级词汇表
radial,ˈreɪdɪəl,adj.,辐射(状)的，星形的,英语专业四八级词汇表
radiance,ˈreɪdiəns,n.,1. 发光，灿烂 2. 容光焕发,英语专业四八级词汇表
radiant,ˈreɪdɪənt,adj.,1. 光芒四射的，光辉灿烂的 2. 容光焕发的，喜形于色的 3. 发出辐射热或能的,英语专业四八级词汇表
radiate,ˈreɪdɪeɪt,v.,1. 发光，放热 2. 辐射，散发,英语专业四八级词汇表
radiation,ˌreɪdɪˈeɪʃən,n.,1. 放射，辐射 2. 放射性，辐射的热、能等,英语专业四八级词汇表
radiator,ˈreɪdɪeɪtə,n.,1. 散热器 2. 冷却器，(汽车的)水箱,英语专业四八级词汇表
radical,ˈrædɪkəl,adj.,1. 根本的，基本的 2. 彻底的，完全的 3.,英语专业四八级词汇表
radical,ˈrædɪkəl,,(对政治)激进的,英语专业四八级词汇表
radicalism,ˈrædɪkəlɪzəm,n.,激进主义，激进的思想和原则,英语专业四八级词汇表
radio,ˈreɪdɪəʊ,n.,1. 无线电通讯 2. 无线电收音机 || on the radio在无线电广播中 v. 用无线电通讯,英语专业四八级词汇表
radioactive,ˌreɪdɪəʊˈæktɪv,adj.,放射性的，有放射能的,英语专业四八级词汇表
radioactivity,ˌreɪdiəʊækˈtɪvɪtɪ,n.,1. 放射性，放射现象 2. 放射出的能量,英语专业四八级词汇表
radiochemical,ˌreɪdiəʊˈkemɪkəl,adj.,放射化学的,英语专业四八级词汇表
radium,ˈreɪdɪəm,n.,镭,英语专业四八级词汇表
radius,ˈreɪdɪəs,n.,1. 半径  2. 半径范围,英语专业四八级词汇表
raffle,ˈræfl,n.,抽彩出售 v. 以抽彩法出售,英语专业四八级词汇表
rag,ræɡ,n.,1. 破布，碎布  2.,英语专业四八级词汇表
rag,ræɡ,,(pl)破旧衣服 || in rags穿着破烂,英语专业四八级词汇表
rage,reɪdʒ,n.,盛怒，狂怒,英语专业四八级词汇表
ragged,ˈræɡɪd,adj.,1. 破旧的，褴褛的 2. 不整齐的，蓬乱的 v. 1. 发怒，动怒 2.,英语专业四八级词汇表
ragged,ˈræɡɪd,,(风、浪、战斗等)猛烈进行,英语专业四八级词汇表
raid,reɪd,n.,袭击，突袭 v. 袭击，劫掠，搜查,英语专业四八级词汇表
raider,ˈreɪdə,n.,袭击者，进行突袭的舰艇、飞机等,英语专业四八级词汇表
rail,reɪl,n.,1. 栏杆，横杆 2. 铁轨，铁路,英语专业四八级词汇表
railway,ˈreɪlweɪ,n.,铁道，铁路,英语专业四八级词汇表
rain,reɪn,n.,1. 雨 2.,英语专业四八级词汇表
rain,reɪn,,(pl)雨季 v. 1. 降雨 2.,英语专业四八级词汇表
rain,reɪn,,(使)雨点般落下,英语专业四八级词汇表
rainbow,ˈreɪnbəʊ,n.,虹，彩虹,英语专业四八级词汇表
raincoat,ˈreɪnkəʊt,n.,雨衣,英语专业四八级词汇表
raindrop,ˈreɪndrɒp,n.,雨点,英语专业四八级词汇表
rainfall,ˈreɪnfɔːl,n.,降雨量,英语专业四八级词汇表
rainforest,ˈreɪnˈfɒrɪst,n.,热带雨林,英语专业四八级词汇表
rainproof,ˈreɪnpruːf,adj.,防雨的,英语专业四八级词汇表
rainy,ˈreɪnɪ,adj.,多雨的，下雨的 || for a rainy day未雨绸缪,英语专业四八级词汇表
raise,reɪz,v.,1. 抬起，举起 2. 提高，增加 3. 养育，栽培 4. 提出(问题等) 5. 召集，筹集 6. 引起，掀起 n.,英语专业四八级词汇表
raise,reɪz,,(工资的)提高,英语专业四八级词汇表
raiser,ˈreɪzə,n.,1. 饲养人，栽培者 2. 发起人,英语专业四八级词汇表
raisin,ˈreɪzən,n.,葡萄干,英语专业四八级词汇表
rake,reɪk,n.,耙子 v. 1.,英语专业四八级词汇表
rake,reɪk,,(用耙子)耙拢，耙松，耙平 2. 扫视，掠过 || rake in赚得(大量钱财) [rake out搜出，探出] rake up①勉强拼凑②翻旧账,英语专业四八级词汇表
rally,ˈrælɪ,,v.,英语专业四八级词汇表
rally,ˈrælɪ,,(为共同目标)集合，召集  n. 集会,英语专业四八级词汇表
RAM,ræm,,n.,英语专业四八级词汇表
RAM,ræm,,(电脑)随机存取存储器,英语专业四八级词汇表
ram,ræm,n.,1. 公羊 2. 冲压机 v. 1. 猛撞 2. 挤入，塞进,英语专业四八级词汇表
ramble,ˈræmbl,v.,1. 漫步，漫游 2.,英语专业四八级词汇表
ramble,ˈræmbl,,(植物)蔓生，丛生 n. 漫步,英语专业四八级词汇表
rambler,ˈræmblə,n.,1. 漫步者 2. 蔓生植物,英语专业四八级词汇表
ramification,ˌræmɪfɪˈkeɪʃən,n.,1. 分支，支派 2.,英语专业四八级词汇表
ramification,ˌræmɪfɪˈkeɪʃən,,(由行动或决定衍生出来的)结果,英语专业四八级词汇表
ramp,ræmp,,n.,英语专业四八级词汇表
ramp,ræmp,,(接连两层的人造)斜坡,英语专业四八级词汇表
rampage,ræmˈpeɪdʒ,v.,狂暴地行动 n. 狂暴行径 ||on the rampage暴跳如雷，横冲直撞,英语专业四八级词汇表
rampant,ˈræmpənt,adj.,1.,英语专业四八级词汇表
rampant,ˈræmpənt,,(指疾病、罪恶等)猖獗的，遏制不住的 2.,英语专业四八级词汇表
rampant,ˈræmpənt,,(指植物)过于繁茂的,英语专业四八级词汇表
rampart,ˈræmpɑːt,n.,1.,英语专业四八级词汇表
rampart,ˈræmpɑːt,,(pl)(城堡等周围宽阔的)防御土墙 2.,英语专业四八级词汇表
rampart,ˈræmpɑːt,,(sing)防御，保护,英语专业四八级词汇表
ranch,rɑːntʃ,n.,大牧场,英语专业四八级词汇表
rancid,ˈrænsɪd,adj.,1.,英语专业四八级词汇表
rancid,ˈrænsɪd,,(指含油脂食物)因变质而有陈腐味道(气味)的 2.,英语专业四八级词汇表
rancid,ˈrænsɪd,,(指气味、味道)如陈腐脂肪味的,英语专业四八级词汇表
rancour,ˈræŋkə,n.,深仇，积怨,英语专业四八级词汇表
random,ˈrændəm,adj.,任意的，随便的 || at random随便地，任意地,英语专业四八级词汇表
randy,ˈrændɪ,adj.,好色的，淫荡的,英语专业四八级词汇表
range,reɪndʒ,n.,1. 排，行，系列 2. 射程，距离 3. 山脉 4. 范围，幅度 v. 1. 排列，安置 2.,英语专业四八级词汇表
range,reɪndʒ,,(在一定范围内)变化 3. 漫游，徘徊 4. 延伸，绵延 || at close range在近距离 /in (within) range在射程内,英语专业四八级词汇表
ranger,ˈreɪndʒə,n.,1. 皇家园林、地产等的管理员 2. 担任巡逻和警戒任务的护林员 3. 武装骑警，突击队员,英语专业四八级词汇表
rank,ræŋk,n.,1. 排，列，行  2. 军衔，地位 3. 显贵，高地位 4.,英语专业四八级词汇表
rank,ræŋk,,(pl)士兵 5. 队形 v. 1. 把…分等级，列为 2. 把…排列整齐,英语专业四八级词汇表
ransom,ˈrænsəm,n.,赎金 v. 赎出，赎回,英语专业四八级词汇表
rap,ræp,n.,1.,英语专业四八级词汇表
rap,ræp,,(轻快的)敲击声 2. 唠叨 || beat the rap 责备某人 /take the rap受罚，背黑锅 v. 1.,英语专业四八级词汇表
rap,ræp,,(轻而快地)敲击(某物) 2. 责备或训斥(某人) 3. 唠叨,英语专业四八级词汇表
rape,reɪp,v.,强奸 n. 1. 强奸 2. 蹂躏,英语专业四八级词汇表
rapid,ˈræpɪd,adj.,1. 迅速的，快速的，敏捷的 2.,英语专业四八级词汇表
rapid,ˈræpɪd,,(斜坡)陡的，险峻的  n.,英语专业四八级词汇表
rapid,ˈræpɪd,,(pl)急滩，湍流,英语专业四八级词汇表
rapidly,ˈræpɪdlɪ,adv.,快速地，迅速地,英语专业四八级词汇表
rapist,ˈreɪpɪst,n.,强奸犯，强奸者,英语专业四八级词汇表
rapport,ræˈpɔː,n.,和睦，融洽,英语专业四八级词汇表
rapprochement,ræˈprɒʃmɒŋ,,n.,英语专业四八级词汇表
rapprochement,ræˈprɒʃmɒŋ,,(尤指国家间)友好关系的恢复,英语专业四八级词汇表
rapt,ræpt,adj.,全神贯注的，入迷的,英语专业四八级词汇表
rapture,ˈræptʃə,n.,着迷，狂喜,英语专业四八级词汇表
rare,reə,adj.,1. 罕见的，稀罕的 2. 稀薄的，稀疏的 3. 极佳的，珍贵的 4.,英语专业四八级词汇表
rare,reə,,(指肉)半熟的,英语专业四八级词汇表
rarely,ˈreəlɪ,adv.,1. 很少，难得 2. 稀奇地，非常地,英语专业四八级词汇表
rarity,ˈreərətɪ,n.,1. 稀有，罕见 2. 稀有的事物，因稀少而珍贵的东西,英语专业四八级词汇表
rascal,ˈrɑːskəl,n.,1. 小淘气，小坏蛋 2. 恶棍，流氓,英语专业四八级词汇表
rash,ræʃ,adj.,鲁莽的，轻率的，匆忙的,英语专业四八级词汇表
rasp,rɑːsp,v.,1. 锉，锉掉 2. 粗声粗气地说 n. 1. 锉子，锉刀 2. 锉磨的声音，粗砺的刺耳声,英语专业四八级词汇表
raspberry,ˈrɑːzbrɪ,n.,1. 覆盆子，山莓 2. 咂舌声(表示嘲笑、轻蔑),英语专业四八级词汇表
rat,ræ他,n.,1. 鼠 2. 叛徒，卑鄙小人,英语专业四八级词汇表
rate,reɪt,n.,1. 比率，率 2. 规定的费用或价 格 3. 等级，程度 4.,英语专业四八级词汇表
rate,reɪt,,(pl)地方税,英语专业四八级词汇表
rateable,ˈreɪtəbl,,adj.,英语专业四八级词汇表
rateable,ˈreɪtəbl,,(指财产)应纳税的,英语专业四八级词汇表
ratepayer,ˈreɪtpeɪə,,n.,英语专业四八级词汇表
ratepayer,ˈreɪtpeɪə,,(地方税)纳税人,英语专业四八级词汇表
rather,ˈrɑːðə,adv.,1. 稍微，颇 2. 宁可，宁愿 || rather…than宁愿,英语专业四八级词汇表
rating,ˈreɪtɪŋ,n.,1. 等级，级别，评定结果 2.,英语专业四八级词汇表
rating,ˈreɪtɪŋ,,(pl) (电视节目、广播节目的)收视率，收听率,英语专业四八级词汇表
ratio,ˈreɪʃɪəʊ,n.,比率，比例,英语专业四八级词汇表
ration,ˈræʃən,n.,1. 定量，配给限额 2.,英语专业四八级词汇表
ration,ˈræʃən,,(pl)(军队等每日的)口粮 v. 1. 限定，配给 2.  定量配给(供应物),英语专业四八级词汇表
rational,ˈræʃənəl,adj.,1. 合理的 2. 理性的，推理的,英语专业四八级词汇表
rationale,ˌræʃəˈnɑːl,n.,基本原理，理论基础,英语专业四八级词汇表
rationalize,ˈræʃənəlaɪz,v.,1. 据理说明 2. 使(制度等)合理化,英语专业四八级词汇表
rattle,ˈrætl,v.,1.,英语专业四八级词汇表
rattle,ˈrætl,,(使)发出格格声 2. 嘎拉嘎拉地快速进行 3. 使不安、紧张，扰乱|| rattle off急促流畅地背诵出 [rattle on] away喋喋不休地说，急促地说 /rattle through匆忙地做,英语专业四八级词汇表
rattlesnake,ˈrætlsneɪk,n.,响尾蛇=(AmE) rattler,英语专业四八级词汇表
ravage,ˈrævɪdʒ,v.,1. 毁坏，摧毁 2. 蹂躏，劫掠 n. 1. 毁坏，蹂躏 2. 毁坏的结果,英语专业四八级词汇表
raven,ˈreɪvən,n.,大乌鸦,英语专业四八级词汇表
ravine,rəˈviːn,n.,深谷，峡谷,英语专业四八级词汇表
ravish,ˈrævɪʃ,v.,使着迷，使心醉,英语专业四八级词汇表
raw,rɔː,adj.,1. 生的，未煮熟的 2. 未加工的，天然的 3. 未经训练的，无经验的 4. 擦掉皮的，疼痛的 5. 技艺上不成熟的,英语专业四八级词汇表
ray,reɪ,n.,光束，光线,英语专业四八级词汇表
razor,ˈreɪzə,n.,剃刀,英语专业四八级词汇表
reach,riːtʃ,v.,1. 到达 2. 伸出，延伸  n. 可及的范围,英语专业四八级词汇表
react,rɪˈækt,v.,1. 反应 2. 反抗，反对 3. 起化学反应,英语专业四八级词汇表
reaction,rɪˈækʃən,n.,1. 反应，回应 2. 反动，复古 3.,英语专业四八级词汇表
reaction,rɪˈækʃən,,(化学、物理)反应 4. 反作用,英语专业四八级词汇表
reactionary,rɪˈækʃənrɪ,adj.,反动的  n. 反动分子,英语专业四八级词汇表
reactor,rɪˈæktə,n.,1. 反应器，反应堆 2. 反应物，反应剂,英语专业四八级词汇表
read,riːd,v.,1. 阅读，朗读 2. 领会，了解 3. 攻读，研究 4.,英语专业四八级词汇表
read,riːd,,(计量器等)显示 5. 可读(做…)，写着… || read aloud 朗读 /read out读出声来,英语专业四八级词汇表
reader,ˈriːdə,n.,1. 读者 2. 读物,英语专业四八级词汇表
readily,ˈredɪlɪ,adv.,1. 简单地，容易地 2. 很快地，立即 3. 欣然，乐意地,英语专业四八级词汇表
readiness,ˈredɪnɪs,n.,1. 准备妥当，预备 2. 意愿，愿意,英语专业四八级词汇表
reading,ˈriːdɪŋ,n.,1. 阅读，朗读 2. 读物，阅读材料,英语专业四八级词汇表
ready,ˈredɪ,adj.,1. 准备好的 2. 愿意的，乐意的 3. 敏捷的，迅速的 4. 在手边的，现成的 || get ready(使)准备好 [make ready准备好] be ready(for) (为…)准备好 /ready-made现成的，预先制成的,英语专业四八级词汇表
reaffirm,ˌriːəˈfɜːm,v.,重申，再确认,英语专业四八级词汇表
real,rɪəl,adj.,1. 真实的，真正的 2. 完全的，十足的,英语专业四八级词汇表
realism,ˈrɪəlɪzəm,n.,现实主义，写实主义,英语专业四八级词汇表
realist,ˈrɪəlɪst,n.,1. 现实主义的画家、作家等 2. 现实主义者,英语专业四八级词汇表
realistic,‚rɪə'lɪstɪk,adj.,1. 现实主义的，现实主义者的 2. 现实的，实际的，逼真的,英语专业四八级词汇表
reality,rɪæˈlətɪ,n.,1. 现实，真相 2. 实际存在的事物,英语专业四八级词汇表
realization,ˌrɪəlaɪˈzeɪʃən,n.,1. 领悟，认识 2. 实现,英语专业四八级词汇表
"realise, realize",ˈrɪəlaɪz,v.,1. 认清，了解 2. 实现,英语专业四八级词汇表
really,ˈrɪəlɪ,adv.,1. 事实上，真实地 2. 非常，完全地 int. 真的(表示兴趣、怀疑、惊讶等),英语专业四八级词汇表
realm,relm,n.,1. 王国，国土 2. 领域，范畴,英语专业四八级词汇表
reap,riːp,v.,"1. 收割(谷物),收获 2. 得到，获得",英语专业四八级词汇表
reappear,ˌriːəˈpɪə,v.,再现,英语专业四八级词汇表
rear,rɪə,n.,后部，背面  v. 饲养，抚养，栽培,英语专业四八级词汇表
rear-admiral,rɪə ˈædmərəl,n.,海军少将,英语专业四八级词汇表
rearguard,ˈrɪəɡɑːd,n.,殿后部队,英语专业四八级词汇表
rearmament,riːˈɑːm,n.,重新武装或装备,英语专业四八级词汇表
rearrange,ˌriːəˈreɪndʒ,v.,1. 重新安排，重新布置 2. 重新安排(计划等),英语专业四八级词汇表
reason,ˈriːzən,n.,1. 理由，原因 2. 理性，判断力 3. 道理，常识 || by reason of由于，因为 /by reason that因为…，由于… v. 1. 推理，思考 2. 论证，辩论，劝说,英语专业四八级词汇表
reasonable,ˈriːzənəbl,adj.,1. 懂道理的，合情合理的 2. 有理智的，明智的 3. 公道的，不贵的,英语专业四八级词汇表
reasoning,ˈriːzənɪŋ,n.,推理，论证,英语专业四八级词汇表
reassemble,ˌriːəˈsembl,v.,1. 重新收集 2. 重新装配,英语专业四八级词汇表
reassessment,ˌriːəˈses,n.,重新评估,英语专业四八级词汇表
reassure,ˌriːəˈʃɔː,v.,使放心，使消除疑虑,英语专业四八级词汇表
rebate,ˈriːbeɪt,,n.,英语专业四八级词汇表
rebate,ˈriːbeɪt,,(债、税等的)可减免的款额，折扣，部分退款,英语专业四八级词汇表
rebel,ˈrebəl,n.,反叛者 v. 反叛，反抗，造反,英语专业四八级词汇表
rebellion,rɪˈbeljən,n.,反叛，反抗，造反,英语专业四八级词汇表
rebellious,rɪˈbeljəs,adj.,显示反叛欲望的，叛逆的，难以控制的,英语专业四八级词汇表
rebirth,ˌriːˈbɜːθ,n.,新生，复兴,英语专业四八级词汇表
rebound,rɪˈbaʊnd,v.,反弹，弹回 n. 反弹，弹回 || on the rebound①在弹回时②失望、沮丧等之余,英语专业四八级词汇表
rebuff,rɪˈbʌf,,n.,英语专业四八级词汇表
rebuff,rɪˈbʌf,,(对好意、请求、友好表示等的)粗暴拒绝，冷落,英语专业四八级词汇表
rebuild,ˌriːˈbɪld,v.,.重建,英语专业四八级词汇表
rebuke,rɪˈbjuːk,v.,谴责，指责，斥责,英语专业四八级词汇表
recall,rɪˈkɔːl,v.,1. 忆起，想起 2. 召回，收回 n. 1. 回忆，回想 2. 召回，收回,英语专业四八级词汇表
recapture,ˌriːˈkæptʃə,v.,1. 重新捕获，收复，夺回 2. 再次经历，再次体验，再产生  n. 重新捕获，再次体验,英语专业四八级词汇表
recede,rɪˈsiːd,v.,后退，退去,英语专业四八级词汇表
receipt,rɪˈsiːt,n.,1. 收到 2. 收据，收条 3.,英语专业四八级词汇表
receipt,rɪˈsiːt,,(pl)进款，收入,英语专业四八级词汇表
receive,rɪˈsiːv,v.,1. 收到，领到，受到 2. 接待，接收…为成员 3. 收听，收看,英语专业四八级词汇表
receiver,rɪˈsiːvə,n.,1. 接收者，受领人 2. 电话听筒，受话器 3. 接收机，收音机,英语专业四八级词汇表
recent,ˈriːsənt,adj.,最近的，近来的,英语专业四八级词汇表
recently,ˈriːsəntlɪ,adv.,最近，近来,英语专业四八级词汇表
reception,rɪˈsepʃən,n.,1. 接待，欢迎，招待 2. 招待会，欢迎会 3. 接受，承认,英语专业四八级词汇表
receptionist,rɪˈsepʃənɪst,n.,接待员，招待员,英语专业四八级词汇表
receptive,rɪˈseptɪv,,adj.,英语专业四八级词汇表
receptive,rɪˈseptɪv,,(对新思想等)易于接受的，能容纳的,英语专业四八级词汇表
recess,rɪˈses,n.,1. 工间休息，休会期，休业期 2. 壁凹，壁龛，壁橱 3. 隐秘处 v. 使凹进,英语专业四八级词汇表
recession,rɪˈseʃən,n.,1.,英语专业四八级词汇表
recession,rɪˈseʃən,,(经济)衰退，不景气 2. 后退，撤退,英语专业四八级词汇表
recipe,ˈresɪpɪ,n.,烹饪法，食谱,英语专业四八级词汇表
recipient,rɪˈsɪpɪənt,n.,接受者，领受者,英语专业四八级词汇表
reciprocal,rɪˈsɪprəkəl,adj.,互惠的，相互的,英语专业四八级词汇表
reciprocate,rɪˈsɪprəkeɪt,v.,1. 互换(某物)，互给(某物) 2. 回报，酬答 3.,英语专业四八级词汇表
reciprocate,rɪˈsɪprəkeɪt,,(指机件)沿直线往复移动,英语专业四八级词汇表
reciprocity,ˌresɪˈprɒsətɪ,n.,相互交换的原则或实践，(尤指)互相让步或互惠,英语专业四八级词汇表
recital,rɪˈsaɪtəl,n.,1. 独唱会，独奏会 2. 一系列事件等的详述 3. 背诵，(尤指面向听众的)朗诵,英语专业四八级词汇表
recitation,ˌresɪˈteɪʃən,n.,1. 当众吟诵，背诵 2. 背诵的散文或诗歌,英语专业四八级词汇表
recite,rɪˈsaɪt,v.,1. 朗诵，背诵 2. 评述，列举,英语专业四八级词汇表
reckless,ˈreklɪs,adj.,轻率的，鲁莽的，不计后果的,英语专业四八级词汇表
reckon,ˈrekən,v.,1. 计算，算出 2. 考虑，认为 3. 料想，估计 || reckon on期待，指望,英语专业四八级词汇表
reclaim,rɪˈkleɪm,v.,1. 要回，回收 2. 开垦(荒地) 3. 改造，感化(罪犯等),英语专业四八级词汇表
recline,rɪˈklaɪn,v.,向后倚靠，躺卧，休息,英语专业四八级词汇表
recognition,ˌrekəɡˈnɪʃən,n.,1. 认出，识别 2. 承认，认可,英语专业四八级词汇表
recognizable,ˈrekəɡnaɪzəbəl,adj.,可识别出的，可承认的,英语专业四八级词汇表
recognize,ˈrekəɡnaɪz,v.,1. 认出，辨认 2. 承认，认可，公认,英语专业四八级词汇表
recollect,ˌrekəˈlekt,n.,回忆，回想,英语专业四八级词汇表
recollection,ˌrekəˈlekʃən,,n.,英语专业四八级词汇表
recollection,ˌrekəˈlekʃən,,(usu pl)记忆力，回想,英语专业四八级词汇表
recommend,ˌrekəˈmend,v.,1. 推荐，介绍 2. 劝告，建议,英语专业四八级词汇表
recommendation,ˌrekəmenˈdeɪʃən,n.,1. 推荐，介绍，介绍信 2. 劝告，建议,英语专业四八级词汇表
recompense,ˈrekəmpens,n.,1. 报酬，酬答 2. 补偿，赔偿,英语专业四八级词汇表
reconcile,ˈrekənsaɪl,v.,1. 使和解，使和好 2. 调和，使一致,英语专业四八级词汇表
reconciliation,ˌrekənˌsɪlɪˈeɪʃən,n.,1. 和解，调和 2.,英语专业四八级词汇表
reconciliation,ˌrekənˌsɪlɪˈeɪʃən,,(争吵等的)止息，复交,英语专业四八级词汇表
reconnaissance,rɪˈkɒnɪsəns,n.,侦察，搜索,英语专业四八级词汇表
reconstruct,ˌriːkənˈstrʌkt,v.,1. 重建，恢复 2.,英语专业四八级词汇表
reconstruct,ˌriːkənˈstrʌkt,,(根据证据或想象)重现,英语专业四八级词汇表
record,ˈrekɔːd,n.,"1. 记录，记载，存证 2. 最好成绩，最高记录 3. 唱片 4. 履历，经历 || break (beat,",英语专业四八级词汇表
record,ˈrekɔːd,,cut) the record打破记录 [hold the record of  保持…的记录 ] off the record非正式的，不供引用的 [on record记录在案的，公开宣布的] rɪˈkɔːd /v. 记录，记载 2. 录音，录影,英语专业四八级词汇表
recorder,rɪˈkɔːdə,n.,1. 录音机，记录器 2. 记录者，记录员,英语专业四八级词汇表
recording,rɪˈkɔːdɪŋ,n.,记录，录制,英语专业四八级词汇表
recoup,rɪˈkuːp,v.,重获(尤指钱)，失而复得,英语专业四八级词汇表
recourse,rɪˈkɔːs,n.,求助的对象 || have recourse to依靠，求助于…,英语专业四八级词汇表
recover,rɪˈkʌvə,n.,1. 取回，复得 2. 恢复，使(身体)复原 3. 挽回，弥补,英语专业四八级词汇表
recovery,rɪˈkʌvərɪ,n.,1. 复得，寻回 2. 痊愈，恢复,英语专业四八级词汇表
recreate,ˌriːkriˈeɪt,v.,重新创造，再创造,英语专业四八级词汇表
recreation,ˌrekrɪˈeɪʃən,n.,娱乐，消遣,英语专业四八级词汇表
recruit,rɪˈkruːt,n.,新兵，新成员，新手 v. 征募(新兵)，吸收(新成员),英语专业四八级词汇表
rectangle,ˈrektæŋɡl,n.,方形，(尤指)长方形，矩形,英语专业四八级词汇表
rectangular,rekˈtæŋɡjʊlə,adj.,长方形的，矩形的,英语专业四八级词汇表
rectification,ˌrektɪfɪˈkeɪʃən,n.,1. 改正，精炼，整流 2. 被改正的事物，经过精炼之物，矫正,英语专业四八级词汇表
rectify,ˈrektɪfaɪ,v.,改正，纠正，核正,英语专业四八级词汇表
rectitude,ˈrektɪtjuːd,n.,正直，刚正，诚实,英语专业四八级词汇表
rector,ˈrektə,n.,教区长,英语专业四八级词汇表
recur,rɪˈkɜː,v.,1. 再发生，复发 2. 重现，回想,英语专业四八级词汇表
recurrence,rɪˈkʌrəns,n.,重现，再次发生,英语专业四八级词汇表
recurrent,rɪˈkʌrənt,adj.,经常发生的，周期性的,英语专业四八级词汇表
recycle,ˌriːˈsaɪkl,v.,再循环，再生利用,英语专业四八级词汇表
red,red,adj.,红的，红色的 n. 红色，红颜料 || Red Cross 红十字(会) [red-handed正在 犯罪的，手沾满鲜血的] red tape繁文褥节,英语专业四八级词汇表
redbrick,ˈredbrɪk,,adj.,英语专业四八级词汇表
redbrick,ˈredbrɪk,,(指英国大学)接近 19世纪或 19世纪末以后建立的,英语专业四八级词汇表
reddish,ˈredɪʃ,adj.,略呈红色的，微红的,英语专业四八级词汇表
redeem,rɪˈdiːm,v.,1. 赎回，挽回 2. 挽救，恢复,英语专业四八级词汇表
redemption,rɪˈdempʃən,n.,赎回，补救，兑现 || beyond (past) redemption无可救药,英语专业四八级词汇表
redemptive,rɪ'demptɪv,adj.,补救的，偿还的,英语专业四八级词汇表
redevelopment,ˌriːdɪˈveləpmənt,n.,重新规划，改造,英语专业四八级词汇表
red-hot,ˈredhɒt,adj.,1.,英语专业四八级词汇表
red-hot,ˈredhɒt,,(指金属)热得通红的，炙热的 2. 极其 3.,英语专业四八级词汇表
red-hot,ˈredhɒt,,(指新闻)全新的，最新的,英语专业四八级词汇表
redistribute,ˌriːdɪˈstrɪbjuːt,v.,重新分配(某事物),英语专业四八级词汇表
redolent,ˈredələnt,adj.,1. 有强烈气味 2. 使人联想或回想起某事物的,英语专业四八级词汇表
redraw,‚rɪː'drɔː,v.,1. 重新划定(边界等) 2. 修订，修改(计划等),英语专业四八级词汇表
redress,rɪˈdres,v.,纠正，补偿 || redress the balance恢复平衡 n. 赔偿(金)，补偿(物),英语专业四八级词汇表
reduce,rɪˈdjuːs,v.,1. 减少，缩减，降低 2. 使…变为(某个状态)，使成为 3. 减肥，节食,英语专业四八级词汇表
reduction,rɪˈdʌkʃən,n.,减少，缩减，降低,英语专业四八级词汇表
redundancy,rɪˈdʌndənsɪ,n.,1. 过多，过剩，多余 2. 人浮于事，裁员 3.,英语专业四八级词汇表
redundancy,rɪˈdʌndənsɪ,,(通常指语言或艺术)多余，累赘，,英语专业四八级词汇表
redundant,rɪˈdʌndənt,adj.,1.,英语专业四八级词汇表
redundant,rɪˈdʌndənt,,(通常指语言或艺术)冗赘的，多余的 2.,英语专业四八级词汇表
redundant,rɪˈdʌndənt,,(因人员过剩)被解雇的，失业的,英语专业四八级词汇表
reed,riːd,n.,1. 芦苇，芦杆 2. 簧(管)乐器,英语专业四八级词汇表
reedy,ˈriːdɪ,adj.,1. 芦苇丛生的 2.,英语专业四八级词汇表
reedy,ˈriːdɪ,,(指嗓音、 声响)尖利刺耳的,英语专业四八级词汇表
reef,riːf,n.,暗礁,英语专业四八级词汇表
reel,riːl,n.,线轴，卷盘 v. 卷，绕,英语专业四八级词汇表
re-examine,ˌriːɪɡˈzæmɪn,v.,再诘问(己方证人),英语专业四八级词汇表
refer,rɪˈfɜː,v.,1. 谈到，提及 2. 呈交，托付 3. 查阅，参考 || refer to①提及②参考,英语专业四八级词汇表
referee,ˌrefəˈriː,n.,1.,英语专业四八级词汇表
referee,ˌrefəˈriː,,(足球、拳击等的)裁判员 2. 仲裁者，调解者 3.,英语专业四八级词汇表
referee,ˌrefəˈriː,,(愿为求职者提供证明的)证明人，介绍人,英语专业四八级词汇表
reference,ˈrefərəns,n.,1. 谈到，提及 2. 参照，参考 3. 附注，旁注 4. 证明书，推荐人,英语专业四八级词汇表
referendum,ˌrefəˈrendəm,,n.,英语专业四八级词汇表
referendum,ˌrefəˈrendəm,,(以表决某政治问题的)全民公决，全民投的票,英语专业四八级词汇表
refine,rɪˈfaɪn,v.,1. 净化，精炼 2. 使文雅，使高尚,英语专业四八级词汇表
refined,rɪˈfaɪnd,adj.,1. 精炼的，精制的 2. 有教养的，举止文雅的,英语专业四八级词汇表
refinement,rɪˈfaɪnmənt,n.,1. 精炼，精制 2. 优美，文雅,英语专业四八级词汇表
refinery,rɪˈfaɪnərɪ,n.,精炼加工厂,英语专业四八级词汇表
reflect,rɪˈflekt,v.,1. 反射，反映 2. 表达，表现 3. 考虑，思考,英语专业四八级词汇表
reflection,rɪˈflekʃən,n.,1. 映像，倒影 2.,英语专业四八级词汇表
reflection,rɪˈflekʃən,,(热、声音等的)反射 3. 沉思，熟虑,英语专业四八级词汇表
reflex,ˈriːfleks,n.,1. 反射作用，条件反射 2. 映像，倒影,英语专业四八级词汇表
reform,rɪˈfɔːm,v.,&n. 改造，改革，改良,英语专业四八级词汇表
reformer,rɪˈfɔːmə,n.,改革者，改造者,英语专业四八级词汇表
refrain,rɪˈfreɪn,v.,抑制，克制，避免,英语专业四八级词汇表
refresh,rɪˈfreʃ,v.,使精神振作，使神清气爽，给予新力量,英语专业四八级词汇表
refreshing,rɪˈfreʃɪŋ,adj.,1. 令人精神愉快的，使精神振作的 2. 使人耳目一新的，清新而有趣的,英语专业四八级词汇表
refreshment,rɪˈfreʃmənt,n.,1. 精神爽快，心旷神怡 2.,英语专业四八级词汇表
refreshment,rɪˈfreʃmənt,,(pl)点心，便餐,英语专业四八级词汇表
refrigerator,rɪˈfrɪdʒəreɪtə,n.,冰箱，冷藏室,英语专业四八级词汇表
refuge,ˈrefjuːdʒ,n.,庇护，避难，避难所,英语专业四八级词汇表
refugee,ˌrefjʊˈdʒiː,n.,避难者，难民,英语专业四八级词汇表
refurbish,ˌriːˈfɜːbɪʃ,v.,翻新，整修,英语专业四八级词汇表
refusal,rɪˈfjuːzəl,n.,拒绝，不允,英语专业四八级词汇表
refuse,rɪˈfjuːz,v.,拒绝，推辞，推却,英语专业四八级词汇表
refute,rɪˈfjuːt,v.,反驳，驳斥,英语专业四八级词汇表
refutation,ˌrefjuːˈteɪʃən,n.,1. 驳斥，辩驳 2. 反驳性论据,英语专业四八级词汇表
regain,rɪˈɡeɪn,v.,1. 取回，恢复 2. 返回,英语专业四八级词汇表
regal,ˈriːɡəl,adj.,帝王(般)的，堂皇的，庄严的,英语专业四八级词汇表
regard,rɪˈɡɑːd,v.,1. 视为，认作 2. 注重，尊敬 n. 1. 注意之点，关系 2. 关心，顾虑 3. 敬重，尊敬 4. 问候，致意 || in (with) regard to关于 [regard sth (sb) as sth (sb)把…当作…] with regards谨此致意(用于信结尾),英语专业四八级词汇表
regarding,rɪˈɡɑːdɪŋ,prep.,关于,英语专业四八级词汇表
regardless,rɪˈɡɑːdlɪs,adj.,不注意的，不留心的 || regardless of不顾，不管,英语专业四八级词汇表
regatta,rɪˈɡætə,n.,划船比赛，赛艇会,英语专业四八级词汇表
regency,ˈriːdʒənsɪ,n.,1. 摄政(期) 2.,英语专业四八级词汇表
regency,ˈriːdʒənsɪ,,(美州立大学的)校务委员职位 3.,英语专业四八级词汇表
regency,ˈriːdʒənsɪ,,(cap)(英国)摄政时期(1810-1820),英语专业四八级词汇表
regeneration,rɪˌdʒenəˈreɪʃən,n.,自新，再生,英语专业四八级词汇表
regent,ˈriːdʒənt,n.,1. 摄政王 2.,英语专业四八级词汇表
regent,ˈriːdʒənt,,(美州立大学的)校务委员,英语专业四八级词汇表
regime,reɪˈʒiːm,n.,政权，政府，政治制度,英语专业四八级词汇表
regiment,ˈredʒɪmənt,n.,1.,英语专业四八级词汇表
regiment,ˈredʒɪmənt,,(军队的)团 2. 一大群,英语专业四八级词汇表
region,ˈriːdʒən,n.,1. 地区，区域 2. 领域，范围,英语专业四八级词汇表
register,ˈredʒɪstə,n.,1. 记录，注册 2. 登记簿，名簿 v. 1. 登记，注册 2.,英语专业四八级词汇表
register,ˈredʒɪstə,,(邮件)挂号,英语专业四八级词汇表
registrar,ˌredʒɪˈstrɑː,n.,1. 户籍员 2.,英语专业四八级词汇表
registrar,ˌredʒɪˈstrɑː,,(大学中主管招生、考试等事务的负责人)注册主任，教务主任 3. 专科住院医师,英语专业四八级词汇表
registration,ˌredʒɪˈstreɪʃən,n.,1. 登记，注册，挂号 2. 登记或注册的项目,英语专业四八级词汇表
registry,ˈredʒɪstrɪ,n.,登记簿，登记处,英语专业四八级词汇表
regress,rɪˈɡres,v.,退步，退化,英语专业四八级词汇表
regression,rɪˈɡreʃən,n.,倒退，回归，退化,英语专业四八级词汇表
regressive,rɪˈɡresiv,adj.,退步的，退化的,英语专业四八级词汇表
regret,rɪˈɡret,v.,懊悔，悔恨，遗憾 n. 懊悔，悔恨，遗憾,英语专业四八级词汇表
regular,ˈreɡjʊlə,adj.,1. 规则的，固定的 2. 整齐的，对称的 3. 合格的，正规的 4. 平常  的，普通的,英语专业四八级词汇表
regularity,ˌreɡjʊˈlærətɪ,n.,规律性，规则性，经常性,英语专业四八级词汇表
regulate,ˈreɡjʊleɪt,v.,1. 管理，控制 2. 调整，调节,英语专业四八级词汇表
regulation,ˌreɡjʊˈleɪʃən,v.,1. 规则，条例，规定，法令 2. 控制，管制,英语专业四八级词汇表
rehabilitate,ˌriːhəˈbɪlɪteɪt,v.,1. 使恢复正常生活 2. 使回复原状，修复 3. 使恢复原有的高职位、地位等,英语专业四八级词汇表
rehearsal,rɪˈhɜːsəl,n.,1. 演习，复述 2. 排演，试演 || dress rehearsal彩排,英语专业四八级词汇表
rehearse,rɪˈhɜːs,v.,1. 排练，排演 2. 讲述(某事物)，(尤指)自述，背诵 3.,英语专业四八级词汇表
rehearse,rɪˈhɜːs,,(通过排演)指导或训练(某人),英语专业四八级词汇表
rehouse,ˌriːˈhaʊz,v.,给(某人)安排房子、住所等,英语专业四八级词汇表
reign,reɪn,n.,1. 统治，支配，势力范围 2. 朝代，在位期间,英语专业四八级词汇表
reimburse,ˌriːɪmˈbɜːs,v.,偿还，退款,英语专业四八级词汇表
rein,reɪn,,n.,英语专业四八级词汇表
rein,reɪn,,(常作复数)疆绳 || give free rein to对(感情或情欲)放任，放纵，使…自由发挥/keep a tight rein on对…严加控制、约束 v.,英语专业四八级词汇表
rein,reɪn,,(用疆绳)勒住(马)(使之放慢或止住脚步),英语专业四八级词汇表
reinforce,ˌriːɪnˈfɔːs,v.,1. 增强，加强，加固 2. 增兵，增援,英语专业四八级词汇表
reinforcement,ˌriːɪnˈfɔːsmənt,n.,1. 增援，加强，加固 2.,英语专业四八级词汇表
reinforcement,ˌriːɪnˈfɔːsmənt,,(pl)援军,英语专业四八级词汇表
reinstate,ˌriːɪnˈsteɪt,v.,使某人恢复原先的(尤指重要的)职位或地位,英语专业四八级词汇表
reject,rɪˈdʒekt,v.,1. 抛弃，丢弃 2. 拒绝，不接受 n. 1. 被抛弃的东西，次品，废品 2. 被弃者,英语专业四八级词汇表
rejection,rɪˈdʒekʃən,n.,1. 拒绝，抛弃 2. 废弃物，排出物,英语专业四八级词汇表
rejoice,rɪˈdʒɔɪs,v.,1. 使喜悦，使欢乐 2. 欣喜，高兴,英语专业四八级词汇表
rejuvenate,rɪˈdʒuːvɪneɪt,v.,使返老还童，使回春,英语专业四八级词汇表
relapse,rɪˈlæps,,v.,英语专业四八级词汇表
relapse,rɪˈlæps,,(疾病)复发，再度陷入，故态复萌,英语专业四八级词汇表
relate,rɪˈleɪt,v.,1. 叙述，讲 2. 使…有关联 3. 与…有关,英语专业四八级词汇表
relation,rɪˈleɪʃən,n.,1. 关联，关系 2.,英语专业四八级词汇表
relation,rɪˈleɪʃən,,(通常用复数)交往，事务 3. 家人，亲属，亲戚,英语专业四八级词汇表
relationship,rɪˈleɪʃənʃɪp,n.,1. 关系，联系 2. 亲戚关系,英语专业四八级词汇表
relative,ˈrelətɪv,n.,家人，亲人，亲戚 adj. 1. 比较的，相对的 2. 与…有关的,英语专业四八级词汇表
relativity,ˌreləˈtɪvətɪ,n.,相对性，相关性,英语专业四八级词汇表
relax,rɪˈæks,v.,1. 使放松，轻松 2. 使缓和，减轻 3. 放宽，松懈,英语专业四八级词汇表
relaxation,ˌriːlækˈseɪʃən,n.,1. 放松，减轻，缓和 2. 轻松，宽心 3. 消遣，娱乐,英语专业四八级词汇表
relay,ˈriːleɪ,n.,1. 补充物资，接替人员，替班 2. 中继器，继电器 3. 中继，转播 4. 接力赛，转播的无线电节目(= relay race) v. 重新放置，再铺设,英语专业四八级词汇表
release,rɪˈliːs,v.,1. 释放，免除 2. 放出，发射 3. 发行，发表，发售 n. 1. 释放，免除 2. 放出，发射,英语专业四八级词汇表
relegate,ˈrelɪɡeɪt,v.,使降位，使降级，贬黜,英语专业四八级词汇表
relent,rɪˈlent,v.,1. 发慈悲，变宽厚 2. 减弱，缓和,英语专业四八级词汇表
relentless,rɪˈlentlɪs,adj.,1. 严格的，苛刻的 2. 不停的，不间断的,英语专业四八级词汇表
relevance,ˈrelɪvəns,n.,相关，切题,英语专业四八级词汇表
relevant,ˈrelɪvənt,adj.,有关的，适宜的，切题的,英语专业四八级词汇表
reliable,rɪˈlaɪəbl,adj.,可靠的，可信赖的,英语专业四八级词汇表
reliability,rɪˌlaɪəˈbɪlətɪ,n.,可靠(性)，可信(性),英语专业四八级词汇表
reliance,rɪˈlaɪəns,n.,1. 依靠，依赖 2. 信任，信赖,英语专业四八级词汇表
relic,ˈrelɪk,n.,1. 遗迹，古物 2. 圣者遗物,英语专业四八级词汇表
relief,rɪˈliːf,n.,1.,英语专业四八级词汇表
relief,rɪˈliːf,,(痛苦、困苦、忧虑等的)减轻，解除 2. 救济，救援，救济物,英语专业四八级词汇表
relieve,rɪˈliːv,v.,1. 减轻，解除(痛苦或困难)  2. 救助，救济 3. 换班，接替,英语专业四八级词汇表
religion,rɪˈlɪdʒən,n.,1. 宗教信仰 2. 宗教,英语专业四八级词汇表
religious,rɪˈlɪdʒəs,adj.,1. 宗教的，信仰宗教的 2. 虔诚的，敬畏神的,英语专业四八级词汇表
relinquish,rɪˈlɪŋkwɪʃ,v.,1. 放弃，废除，摒弃 2. 放松，放开,英语专业四八级词汇表
relish,ˈrelɪʃ,n.,1. 风味，美味，开胃小菜，佐餐品 2. 喜好，兴趣,英语专业四八级词汇表
reluctance,rɪˈlʌktəns,n.,不情愿，勉强,英语专业四八级词汇表
reluctant,rɪˈlʌktənt,adj.,勉强的，不愿的,英语专业四八级词汇表
rely,rɪˈlaɪ,v.,1. 信任，信赖 2. 依赖，依靠 || rely on依赖，指望,英语专业四八级词汇表
remain,rɪˈmeɪn,v.,1. 停留，留下 2. 仍然是，保持,英语专业四八级词汇表
remains,rɪˈmeɪnz,n.,1. 剩余物，残余 2.,英语专业四八级词汇表
remains,rɪˈmeɪnz,,(古建筑等的)遗迹，废墟 3. 遗体，遗骸,英语专业四八级词汇表
remainder,rɪˈmeɪndə,n.,剩余物，剩下的人或物,英语专业四八级词汇表
remark,rɪˈmɑːk,n.,1. 议论，评论，话 2. 注意，留意 v. 1. 谈及，说 2. 谈论，评论 3. 注意，看,英语专业四八级词汇表
remarkable,rɪˈmɑːkəbl,adj.,不平常的，杰出的，值得注意的，显著的,英语专业四八级词汇表
remedial,rɪˈmiːdɪəl,adj.,1. 治疗的，补救的 2.,英语专业四八级词汇表
remedial,rɪˈmiːdɪəl,,(指教育)(为后进学生提供)辅导的，补习的,英语专业四八级词汇表
remedy,ˈremɪdɪ,n.,1. 治疗，治疗法 2. 药物，补救物,英语专业四八级词汇表
remember,rɪˈmembə,v.,1. 记得，忆及 2. 问候，致意,英语专业四八级词汇表
remembrance,rɪˈmembrəns,n.,1. 回想，记忆 2. 纪念品,英语专业四八级词汇表
remind,rɪˈmaɪnd,v.,提醒，使想起,英语专业四八级词汇表
reminder,rɪˈmaɪndə,n.,1. 帮助记忆或起提醒作用的东西  2. 提示,英语专业四八级词汇表
reminiscence,ˌremɪˈnɪsəns,n.,1. 回忆，怀旧 2.,英语专业四八级词汇表
reminiscence,ˌremɪˈnɪsəns,,(pl)旧事，回忆录 3. 令人联想的东西,英语专业四八级词汇表
reminiscent,ˌremɪˈnɪsənt,adj.,使人想起…的，暗示的,英语专业四八级词汇表
remission,rɪˈmɪʃən,n.,1.,英语专业四八级词汇表
remission,rɪˈmɪʃən,,(上帝对罪恶的)宽恕，赦免 2. 减刑 3. 免除，豁免(债务、费  用、处分等) 4.,英语专业四八级词汇表
remission,rɪˈmɪʃən,,(病痛等的)缓解，减轻,英语专业四八级词汇表
remit,rɪˈmɪt,v.,1. 免除，宽恕，取消 2. 使(事物)缓和，放松 3. 汇(款等) 4. 将(待决事项)提交当局处理,英语专业四八级词汇表
remittance,rɪˈmɪtəns,n.,汇款额，汇款,英语专业四八级词汇表
remnant,ˈremnənt,n.,1. 剩余，残余 2. 零头布,英语专业四八级词汇表
remorse,rɪˈmɔːs,n.,1. 悔恨，自责 2. 慈悲，怜惜,英语专业四八级词汇表
remorseful,rɪˈmɔːsfʊl,adj.,悔恨的，自责的,英语专业四八级词汇表
remorseless,rɪˈmɔːslɪls,adj.,1. 不懊悔的，不悔恨的 2. 势不可挡的，无情的,英语专业四八级词汇表
remote,rɪˈməʊt,adj.,1. 遥远的，时间久远的 2. 距离很大的，关系很远的 3. 疏远的，冷淡的,英语专业四八级词汇表
removable,rɪˈmuːvəbl,adj.,1. 可移动的，可拆卸的 2.,英语专业四八级词汇表
removable,rɪˈmuːvəbl,,(指人)可免职的，可除去的,英语专业四八级词汇表
removal,rɪˈmuːvəl,n.,1. 移动，免职，去除 2. 搬迁,英语专业四八级词汇表
remove,rɪˈmuːv,v.,1. 取去，移动 2. 除去，消除 3. 免职，开除 4. 移居,英语专业四八级词汇表
remunerate,rɪˈmjuːnəreɪt,v.,酬报某人(为其工作或服务),英语专业四八级词汇表
remuneration,rɪˌmjuːnəˈreɪʃən,n.,报酬，酬金，薪金,英语专业四八级词汇表
renaissance,rɪˈneɪsəns,n.,1.,英语专业四八级词汇表
renaissance,rɪˈneɪsəns,,(cap)(欧洲 14至 16世纪的)文艺复兴，文艺复兴时期 2. 任何类似的复兴，再生,英语专业四八级词汇表
rend,rend,v.,1. 扯破，割裂 2. 强行夺取,英语专业四八级词汇表
render,ˈrendə,v.,1. 致使，使成 2. 给予，提供,英语专业四八级词汇表
rendezvous,ˈrɒndɪvuː,n.,1. 约会，约会地点 2.,英语专业四八级词汇表
rendezvous,ˈrɒndɪvuː,,(经常的)聚会处,英语专业四八级词汇表
rendition,renˈdɪʃən,n.,1. 演奏，上演 2. 翻译,英语专业四八级词汇表
renegade,ˈrenɪɡeɪd,n.,变节者，叛国者,英语专业四八级词汇表
renew,rɪˈnjuː,v.,1. 更新，使恢复 2. 继续，重新开始 3. 换新，补充,英语专业四八级词汇表
renewal,rɪˈnjuːəl,n.,1. 更新，重建，重申 2. 延期，续期,英语专业四八级词汇表
renounce,rɪˈnaʊns,v.,1.,英语专业四八级词汇表
renounce,rɪˈnaʊns,,(尤指正式地)放弃(某事物的)所有权或占有权 2. 自愿放弃(尤指习惯) 3. 摈弃，背弃 4. 与…断绝关系,英语专业四八级词汇表
renovate,ˈrenəveɪt,v.,修复，整修，革新,英语专业四八级词汇表
renovation,ˌrenəˈveɪʃən,n.,1. 修复，整修 2. 革新，更新，使恢复元气，使复活,英语专业四八级词汇表
renown,rɪˈnaʊn,n.,名望，声誉,英语专业四八级词汇表
renowned,rɪˈnaʊnd,adj.,著名的,英语专业四八级词汇表
rent,rent,n.,租费，租金,英语专业四八级词汇表
rental,ˈrentəl,n.,1. 缴付或收取的租金数额 2. 租赁,英语专业四八级词汇表
renunciation,rɪˌnʌnsɪˈeɪʃən,n.,1. 放弃，断绝联系 2. 忘我，克己,英语专业四八级词汇表
reorient,riːˈɔːrɪent,v.,重新调整方向,英语专业四八级词汇表
rep,rep,n.,1. 销售代表 2. 剧院，剧团,英语专业四八级词汇表
repair,rɪˈpeə,v.,1. 修补，修理 2. 补救，纠正 n. 修补，修理 || make repairs修理，修补,英语专业四八级词汇表
repairable,rɪˈpeərəbl,,adj.,英语专业四八级词汇表
repairable,rɪˈpeərəbl,,(指损失等)可补救的，可弥补的,英语专业四八级词汇表
reparation,ˌrepəˈreɪʃən,n.,1. 补偿，赔偿 2.,英语专业四八级词汇表
reparation,ˌrepəˈreɪʃən,,(向战败者索取的)赔偿，赔款,英语专业四八级词汇表
repay,rɪˈpeɪ,v.,1. 付还，偿还 2. 报答，回报,英语专业四八级词汇表
repayment,rɪˈpeɪmənt,n.,1. 偿还，回报 2. 偿还或回报物，付还款,英语专业四八级词汇表
repeal,rɪˈpiːl,v.,废止(法规等)，撤销，取消,英语专业四八级词汇表
repeat,rɪˈpiːt,v.,重说，重做，重复 n. 重复，重演,英语专业四八级词汇表
repeatedly,rɪˈpiːtɪdlɪ,adv.,反复地，再三地,英语专业四八级词汇表
repel,rɪˈpel,v.,1. 逐退，驱逐 2. 使厌恶，使反感,英语专业四八级词汇表
repellent,rɪˈpelənt,adj.,1. 令人厌恶的，使人反感的 2. 某种物质无法穿透的，防…的 n. 1. 驱虫 2.,英语专业四八级词汇表
repellent,rɪˈpelənt,,(涂在织物、皮革等上的)防水剂,英语专业四八级词汇表
repent,rɪˈpent,v.,悔悟，悔改，悔恨,英语专业四八级词汇表
repentance,rɪˈpentəns,n.,懊悔，悔改，忏悔,英语专业四八级词汇表
repercussion,ˌriːpəˈkʌʃən,n.,反响，深远的影响,英语专业四八级词汇表
repertoire,ˈrepətwɑː,,n.,英语专业四八级词汇表
repertoire,ˈrepətwɑː,,(某一艺术团体、演员、音乐家等可随时演出的)全部节目，剧目,英语专业四八级词汇表
repertory,ˈrepətrɪ,n.,1. 轮演剧目 2.,英语专业四八级词汇表
repertory,ˈrepətrɪ,,(某一艺术团体、演员、音乐家等可随时演出的)全部节目 3. 仓库，库存，贮存,英语专业四八级词汇表
repetition,ˌrepɪˈtɪʃən,n.,1. 重复，反复 2. 背诵文(诗等),英语专业四八级词汇表
repetitive,rɪˈpetɪtɪv,adj.,重复的，反复的,英语专业四八级词汇表
repine,rɪˈpaɪn,v.,埋怨，苦恼,英语专业四八级词汇表
replace,rɪˈpleɪs,v.,1. 放回，置于原处 2. 代替，取代 3. 替换，更换,英语专业四八级词汇表
replacement,rɪˈpleɪsmənt,n.,1. 替代，交换 2. 代用品,英语专业四八级词汇表
replay,ˌriːˈpleɪ,v.,1. 重新(比赛) 2. 重放(录音等),英语专业四八级词汇表
replenish,rɪˈplenɪʃ,v.,1. 再将某物充满 2. 补充某物,英语专业四八级词汇表
replica,ˈreplɪkə,n.,1. 精确的复制品 2. 模型，按比例缩小的复制品,英语专业四八级词汇表
replicate,ˈreplɪkeɪt,v.,仿造，复制,英语专业四八级词汇表
reply,rɪˈplaɪ,v.,&n. 回答，答复 || reply for sb代表某人作答,英语专业四八级词汇表
report,rɪˈpɔːt,n.,1. 报道，报告，记事 2. 传闻，谣言，闲话 v. 报道，报告,英语专业四八级词汇表
reporter,rɪˈpɔːtə,n.,记者，通讯员,英语专业四八级词汇表
repository,rɪˈpɒzɪtərɪ,n.,仓库，贮藏室,英语专业四八级词汇表
represent,ˌreprɪˈzent,v.,1. 代表 2. 描绘，表现 3. 象征，表示 4. 意味着，相当于…,英语专业四八级词汇表
representation,ˌreprɪzenˈteɪʃən,n.,1. 表现，描写 2. 象征，被表现之物 3.,英语专业四八级词汇表
representation,ˌreprɪzenˈteɪʃən,,(pl)申述，抗议,英语专业四八级词汇表
representative,ˌreprɪˈzentətɪv,adj.,1. 典型的，具有代表 性的 2. 代议政治的，代议制的 n. 1. 例子，典型 2. 代表，代理,英语专业四八级词汇表
repress,rɪˈpres,v.,1. 抑制，压制 2. 镇压,英语专业四八级词汇表
repression,rɪˈpreʃən,n.,1. 约束，抑制 2. 压抑，被压抑的欲望或冲动,英语专业四八级词汇表
repressive,rɪˈpresɪv,adj.,1. 抑制的，严厉的 2.,英语专业四八级词汇表
repressive,rɪˈpresɪv,,(法律、制度)残酷的，镇压的,英语专业四八级词汇表
reprimand,ˈreprɪmɑːnd,v.,训诫，申斥,英语专业四八级词汇表
reprisal,rɪˈpraɪzəl,n.,报复(行动),英语专业四八级词汇表
reproach,rɪˈprəʊtʃ,v.,&n. 谴责，责备，责骂,英语专业四八级词汇表
reproduce,ˌriːprəˈdjuːs,v.,1. 复制，再现 2. 生殖，繁殖,英语专业四八级词汇表
reprove,rɪˈpruːv,v.,责备或指责某人，谴责,英语专业四八级词汇表
reptile,ˈreptaɪl,n.,爬虫，爬行动物,英语专业四八级词汇表
republic,rɪˈpʌblɪk,n.,共和国 || the People’s Republic of China中华人民共和国,英语专业四八级词汇表
republican,rɪˈpʌblɪkən,n.,1. 拥护共和政体的人，共和主义者 2.,英语专业四八级词汇表
republican,rɪˈpʌblɪkən,,(cap)(美国)共和党党员,英语专业四八级词汇表
repudiate,rɪˈpjuːdɪeɪt,v.,1. 否认，驳斥 2. 拒绝接受，否定 3. 拒绝偿付(债款)，拒不履行(义务),英语专业四八级词汇表
repugnant,rɪˈpʌɡnənt,adj.,令人厌恶的，令人反感的,英语专业四八级词汇表
repulse,rɪˈpʌls,n.,& v. 1. 击退，击败 2. 排斥，拒绝,英语专业四八级词汇表
repulsion,rɪˈpʌlʃən,n.,1. 击退，击败 2. 厌恶，反感 3. 排斥，斥力,英语专业四八级词汇表
repulsive,rɪˈpʌlsɪv,adj.,讨厌的，令人厌恶的，冷淡的,英语专业四八级词汇表
reputable,ˈrepjʊtəbl,adj.,声誉好的，值得信赖的，受尊敬的,英语专业四八级词汇表
reputation,ˌrepjʊˈteɪʃən,n.,名誉，名声,英语专业四八级词汇表
repute,rɪˈpjuːt,n.,1. 名誉，名声 2. 好名声,英语专业四八级词汇表
request,rɪˈkwest,n.,1. 请求，要求 2. 需要 v. 请求，要求,英语专业四八级词汇表
requiem,ˈrekwɪəm,n.,安魂弥撒，安魂曲,英语专业四八级词汇表
require,rɪˈkwaɪə,v.,1. 需要 2. 要求，命令,英语专业四八级词汇表
requirement,rɪˈkwaɪəmənt,v.,1. 需要之物，需求 2. 必要条件，规定,英语专业四八级词汇表
requisite,ˈrekwɪzɪt,adj.,必要的，必不可少的,英语专业四八级词汇表
requisition,ˌrekwɪˈzɪʃən,n.,1. 正式要求，(尤指军队)征用，(通常指)征用文书 2. 正式要求，征用  v. 1. 正式要求(使用某物)，征用 2. 命令或指示某人做某事,英语专业四八级词汇表
rescue,ˈreskjuː,v.,&n. 解救，挽救,英语专业四八级词汇表
research,rɪˈsɜːtʃ,n.,研究，调查，探索  v. 调查研究,英语专业四八级词汇表
researcher,rɪˈsɜːtʃə,n.,研究人员,英语专业四八级词汇表
resemblance,rɪˈzembləns,n.,1. 相似，类似 2. 相似程度，相似点,英语专业四八级词汇表
resemble,rɪˈzembl,v.,类似，相似,英语专业四八级词汇表
resent,rɪˈzent,v.,怨恨，憎恶,英语专业四八级词汇表
resentful,rɪˈzentfʊl,adj.,感到或表示愤恨的，憎恨的,英语专业四八级词汇表
resentment,rɪˈzentmənt,n.,愤恨，怨恨,英语专业四八级词汇表
reservation,ˌrezəˈveɪʃən,n.,1. 保留的座位、住处等，(座位、住处等的)预订 2. 保留意见，保留态度 3. 道路中央双向交通的分隔带 4.,英语专业四八级词汇表
reservation,ˌrezəˈveɪʃən,,(美国印第安部落的)居留地,英语专业四八级词汇表
reserve,rɪˈzɜːv,n.,1. 储备物，保存物 2. 储藏，保留 || in reserve储存备用 3. 缄默，含蓄 v. 1. 储备，保存 2. 保留，留作专用 3. 预定,英语专业四八级词汇表
reservist,rɪˈzɜːvɪst,n.,预备役军人,英语专业四八级词汇表
reservoir,ˈrezəvwɑː,n.,蓄水池，水库，水塘,英语专业四八级词汇表
reshape,‚rɪː'ʃeɪp,v.,1. 重新塑造，重新定型 2. 重新整理，重新进展,英语专业四八级词汇表
reshuffle,ˌriːˈʃʌfl,v.,1. 改组，调换职务 2. 重新洗(牌) n.,英语专业四八级词汇表
reshuffle,ˌriːˈʃʌfl,,(尤指政治组织的)改组,英语专业四八级词汇表
reside,rɪˈzaɪd,v.,居住，定居 || reside in(指权利等)归属于某人,英语专业四八级词汇表
residence,ˈrezɪdəns,n.,1. 居住，居留 2. 住宅，住处,英语专业四八级词汇表
resident,ˈrezɪdənt,adj.,居住的，居留的  n. 居民，居住者,英语专业四八级词汇表
residential,ˌrezɪˈdenʃəl,adj.,1. 住宅的，适于作住宅的  2. 与居住有关的,英语专业四八级词汇表
residual,rɪˈzɪdʒʊəl,,adj.,英语专业四八级词汇表
residual,rɪˈzɪdʒʊəl,,(作为剩余物)存留下来的，剩余的，残余的,英语专业四八级词汇表
resign,rɪˈzaɪn,v.,1. 放弃，辞去 2. 使听任，使顺从 || resign oneself to sth听任，顺从,英语专业四八级词汇表
resignation,ˌrezɪɡˈneɪʃən,n.,1. 辞职，放弃，辞呈 2. 听任，顺从,英语专业四八级词汇表
resigned,rɪˈzaɪnd,adj.,顺从的  v. 逆来顺受的 || be resigned to sth (doing sth)甘心情愿(做…),英语专业四八级词汇表
resilience,rɪˈzɪlɪəns,n.,1. 弹性，弹力，适应性 2.,英语专业四八级词汇表
resilience,rɪˈzɪlɪəns,,(指人)乐观的性情,英语专业四八级词汇表
resin,ˈrezɪn,n.,1. 树脂 2. 合成树脂,英语专业四八级词汇表
resinous,ˈrezɪnəs,,adj.,英语专业四八级词汇表
resinous,ˈrezɪnəs,,(似)树脂的,英语专业四八级词汇表
resist,rɪˈzɪst,v.,1. 抵抗，对抗，抵制 2. 抗，耐，抵挡住 3. 克制，忍住,英语专业四八级词汇表
resistance,rɪˈzɪstəns,n.,1. 抵抗，抵抗力 2. 阻力 3. 敌对，反对,英语专业四八级词汇表
resistant,rɪˈzɪstənt,adj.,反抗的，有抵抗力的,英语专业四八级词汇表
resistor,rɪˈzɪstə,n.,电阻器,英语专业四八级词汇表
resolute,ˈrezəluːt,adj.,坚决的，果断的,英语专业四八级词汇表
resolution,ˌrezəˈluːʃən,n.,1. 坚决，果断 2. 决议，提案 3. 决心，决定 4. 解决,英语专业四八级词汇表
resolve,rɪˈzɒlv,v.,1. 决定，下决心 2. 解决 n. 决心，决定,英语专业四八级词汇表
resonance,ˈrezənəns,n.,反响，共鸣,英语专业四八级词汇表
resort,rɪˈzɔːt,v.,1. 凭借，求助，诉诸 2. 常去 n. 1. 凭借，手段 2. 常去之处，度假胜地,英语专业四八级词汇表
resounding,rɪˈzaʊndɪŋ,adj.,1. 回响的，共鸣的 2. 惊人的，极大的,英语专业四八级词汇表
resource,rɪˈsɔːs,n.,1.,英语专业四八级词汇表
resource,rɪˈsɔːs,,(pl))资源，富源 2. 机智，策略，智谋 3.,英语专业四八级词汇表
resource,rɪˈsɔːs,,(pl)必要时可给予帮助、安慰或支持的事物,英语专业四八级词汇表
resourceful,rɪˈsɔːsfʊl,adj.,善于随机应变的，机敏的,英语专业四八级词汇表
respect,rɪˈspekt,n.,1. 尊敬，尊重 2. 考虑，关心 3. 方面，着眼点 4. 关系，有关 || with respect to关于，谈到 v. 1. 尊敬，尊重 2. 仔细考虑，顾及,英语专业四八级词汇表
respectability,rɪˌspektəˈbɪlətɪ,n.,名望，体面，得体,英语专业四八级词汇表
respectable,rɪˈspektəbl,adj.,1. 可敬的，高尚的，体面的 2. 相当好的，相当不错的,英语专业四八级词汇表
respectful,rɪˈspektfʊl,adj.,恭敬的，有礼貌的,英语专业四八级词汇表
respective,rɪˈspektɪv,adj.,各自的，各个的，个别的,英语专业四八级词汇表
respiration,ˌrespəˈreɪʃən,n.,1. 呼吸，一次呼吸 2.,英语专业四八级词汇表
respiration,ˌrespəˈreɪʃən,,(植物的)呼吸,英语专业四八级词汇表
respite,ˈrespaɪt,n.,1. 休息，暂时的缓解或放松 2.,英语专业四八级词汇表
respite,ˈrespaɪt,,(义务的)缓期履行，(刑罚的)缓期执行,英语专业四八级词汇表
resplendent,rɪˈsplendənt,adj.,华丽灿烂的，辉煌的,英语专业四八级词汇表
respond,rɪˈspɒnd,v.,1. 作答，回答 2. 反应，回应,英语专业四八级词汇表
respondent,rɪˈspɒndənt,n.,1. 回答者，响应者 2.,英语专业四八级词汇表
respondent,rɪˈspɒndənt,,(离婚案等的)被告,英语专业四八级词汇表
response,rɪˈspɒns,n.,1. 回答 2. 反应,英语专业四八级词汇表
responsibility,rɪˌspɒnsəˈbɪlətɪ,n.,1. 责任，负责 2. 职责，任务,英语专业四八级词汇表
responsible,rɪˈspɒnsɪbl,adj.,1. 责任的，应负责的 2. 可靠的，可信赖的 3.,英语专业四八级词汇表
responsible,rɪˈspɒnsɪbl,,(指职位)责任重大的,英语专业四八级词汇表
responsive,rɪˈspɒnsɪv,adj.,1. 赞同的，支持的 2. 反应灵敏的，易受控制的 3. 回答的，应答的,英语专业四八级词汇表
rest,rest,n.,1. 休息，歇息 2. 支撑物，支持物 || at rest① 安静的，宁静的②过世了的 3.,英语专业四八级词汇表
rest,rest,,(usu the rest)剩余部分，余留者 /have a rest休息一下 v. 1.,英语专业四八级词汇表
rest,rest,,(使)休息，(使)静止 2.,英语专业四八级词汇表
rest,rest,,(使)支撑，(使)倚靠，(使)安放 3. 安息，长眠,英语专业四八级词汇表
restaurant,ˈrestərɒnt,n.,餐馆，饭店，酒楼,英语专业四八级词汇表
restful,ˈrestfʊl,adj.,令人有宁静感的，让人得到休息的,英语专业四八级词汇表
restitution,ˌrestɪˈtjuːʃən,n.,1.,英语专业四八级词汇表
restitution,ˌrestɪˈtjuːʃən,,(物的)归还原主，(事物的)恢复原状 2.,英语专业四八级词汇表
restitution,ˌrestɪˈtjuːʃən,,(对损害等的)赔偿，补偿,英语专业四八级词汇表
restless,ˈrestlɪs,adj.,1. 得不到休息的，不睡的 2. 不安的，焦虑的，烦躁的,英语专业四八级词汇表
restoration,ˌrestəˈreɪʃən,n.,1.,英语专业四八级词汇表
restoration,ˌrestəˈreɪʃən,,(遗失等物)归还原主 2. 恢复 3. 重新采用 4. 修复，整修,英语专业四八级词汇表
restore,rɪˈstɔː,v.,1. 归还，交还 2. 恢复，复兴 3. 修复，重建 4. 使复职或复位,英语专业四八级词汇表
restrain,rɪˈstreɪ,v.,克制，抑制，约束，制止,英语专业四八级词汇表
restraint,rɪˈstreɪnt,n.,1. 抑制，克制 2. 自制，拘泥,英语专业四八级词汇表
restrict,rɪˈstrɪkt,v.,限制，限定,英语专业四八级词汇表
restrictive,rɪˈstrɪktɪv,adj.,1. 限制(性)的，约束(性)的 2.,英语专业四八级词汇表
restrictive,rɪˈstrɪktɪv,,(语法)限定性的,英语专业四八级词汇表
result,rɪˈzʌlt,n.,1. 结果，效果，成绩 2. 计算的结果，答案 || as a result of作为…的结果 v. 1. 发生，起因于 2. 致使，导致,英语专业四八级词汇表
resultant,rɪˈzʌltənt,adj.,因而发生的，必然发生的,英语专业四八级词汇表
resume,rɪˈzjuːm,v.,1. 重新开始，恢复 2. 重新占有，取回，收回,英语专业四八级词汇表
resume,rɪˈzjuːm,n.,1. 摘要，概要 2. 履历，简历,英语专业四八级词汇表
resumption,rɪˈzʌmpʃən,n.,1. 恢复，再开始 2. 取回，收回,英语专业四八级词汇表
resurgent,rɪˈsɜːdʒənt,adj.,复苏的，复兴的,英语专业四八级词汇表
resurrect,ˌrezəˈrekt,v.,1. 使(某人)复活 2. 使(某种做法)复兴，复苏,英语专业四八级词汇表
resuscitation,rɪˌsʌsɪˈteɪʃən,n.,回生，复活,英语专业四八级词汇表
retail,ˈriːteɪl,n.,零售，零卖  adv. 零售地,英语专业四八级词汇表
retailer,riː'teɪlə,n.,零售商,英语专业四八级词汇表
retain,rɪˈteɪn,v.,1. 保存，保留，保持 2. 挡住，留住,英语专业四八级词汇表
retainer,rɪˈteɪnə,n.,1.,英语专业四八级词汇表
retainer,rɪˈteɪnə,,(尤指预付给律师的)聘用定金 2.,英语专业四八级词汇表
retainer,rɪˈteɪnə,,(为外出期间保留租房等而付的)定金,英语专业四八级词汇表
retaliate,rɪˈtælɪeɪt,v.,报复,英语专业四八级词汇表
retard,rɪˈtɑːd,v.,1. 使(某物)放慢或迟缓 2. 阻碍，妨碍,英语专业四八级词汇表
retell,riːˈtel,v.,复述,英语专业四八级词汇表
retention,rɪˈtenʃən,n.,1. 具有，享用 2. 记忆力，记性 3. 挡住，保留，容纳,英语专业四八级词汇表
reticent,ˈretɪsənt,adj.,不轻易暴露思想或感情的，有保留的,英语专业四八级词汇表
retina,ˈretɪnə,n.,视网膜,英语专业四八级词汇表
retire,rɪˈtaɪə,v.,1. 退休，退职 2. 退却，撤退,英语专业四八级词汇表
retirement,rɪˈtaɪəmənt,n.,1. 退休，退职 2. 退却，撤退,英语专业四八级词汇表
retort,rɪˈtɔːt,n.,& v. 反 驳，反唇相讥,英语专业四八级词汇表
retreat,rɪˈtriːt,v.,&n. 撤退，退却,英语专业四八级词汇表
retribution,ˌretrɪˈbjuːʃən,n.,报应，惩罚,英语专业四八级词汇表
retrievable,rɪˈtriːvəbl,,adj.,英语专业四八级词汇表
retrievable,rɪˈtriːvəbl,,(尤作计算机术语)可检索的,英语专业四八级词汇表
retrieval,rɪˈtriːvəl,n.,检索，挽回，恢复,英语专业四八级词汇表
retrieve,rɪˈtriːv,v.,1. 寻回，收回 2. 纠正，挽回,英语专业四八级词汇表
retrospect,ˈretrəspekt,n.,回顾，追溯,英语专业四八级词汇表
retrospective,ˌretrəˈspektɪv,adj.,1. 回顾的 2.,英语专业四八级词汇表
retrospective,ˌretrəˈspektɪv,,(指法律、支付关系等)有追溯效力的,英语专业四八级词汇表
return,rɪˈtɜːn,n.,1. 回来，归还 2. 回报，报答 || in return 作为回报 /in return for作为对…的回报 v. 1. 回来，回去，回归 2. 送回，归还,英语专业四八级词汇表
reunion,ˌriːˈjuːnɪən,n.,1. 聚会，联欢会 2. 重聚，团圆,英语专业四八级词汇表
reunite,ˌriːjuːˈnaɪt,,v.,英语专业四八级词汇表
reunite,ˌriːjuːˈnaɪt,,(使)再结合，(使)重聚,英语专业四八级词汇表
revaluation,riːvæljuːˈeɪʃən,n.,重新估价，(货币的)升值,英语专业四八级词汇表
revamp,riːˈvæmp,v.,修订，重建，改良,英语专业四八级词汇表
reveal,rɪˈviːl,v.,展现，显露，揭露,英语专业四八级词汇表
revel,ˈrevəl,v.,&n. 行乐，狂欢，狂宴,英语专业四八级词汇表
revelation,ˌrevəˈleɪʃən,n.,1. 揭露，透露 2. 揭露出来(而始料未及)的事物,英语专业四八级词汇表
revenge,rɪˈvendʒ,n.,& v. 报仇，报复，雪耻,英语专业四八级词汇表
revenue,ˈrevənjuː,n.,1. 国家的税收，岁入 2.,英语专业四八级词汇表
revenue,ˈrevənjuː,,(pl)收入总额 3.,英语专业四八级词汇表
revenue,ˈrevənjuː,,(个人或国家的)税务所，税务局,英语专业四八级词汇表
revere,rɪˈvɪə,v.,深为尊敬或(尤指宗教上)崇敬某人(某事物),英语专业四八级词汇表
reverence,ˈrevərəns,n.,尊敬，崇敬，敬畏之情,英语专业四八级词汇表
reverend,ˈrevərənd,adj.,1. 应受尊敬的 2.,英语专业四八级词汇表
reverend,ˈrevərənd,,(cap)牧师，大人(用作神职人员的尊称),英语专业四八级词汇表
reverent,ˈrevərənt,,adj.,英语专业四八级词汇表
reverent,ˈrevərənt,,(尤指对宗教)恭敬的，虔诚的,英语专业四八级词汇表
reverie,ˈrevərɪ,n.,白日梦，幻想,英语专业四八级词汇表
reversal,rɪˈvɜːsəl,n.,1. 倒转，颠倒 2. 挫折，倒霉,英语专业四八级词汇表
reverse,rɪˈvɜːs,v.,反转，颠倒，翻转 n. 1. 相反，相对 2.,英语专业四八级词汇表
reverse,rɪˈvɜːs,,(硬币等的)反面，背面 adj. 颠倒的，相反的，背面的，反面的,英语专业四八级词汇表
reversible,rɪˈvɜːsəbl,adj.,可反转的，可撤销的，可逆的,英语专业四八级词汇表
reversion,rɪˈvəːʃən,n.,1. 恢复，回归 2. 未来所有权，复归权,英语专业四八级词汇表
revert,rɪˈvɜːt,v.,1. 恢复(原状) 2. 回到(原话题或思路) 3.,英语专业四八级词汇表
revert,rɪˈvɜːt,,(指财产等)复归或归属于,英语专业四八级词汇表
review,rɪˈvjuː,v.,1. 复习，回顾 2. 考察，检阅 3. 写评论 n. 1. 回顾，温习 2. 检阅，检查 3. 书评，评论,英语专业四八级词汇表
revise,rɪˈvaɪz,v.,1. 校订，修订 2. 修正，改变(看法、意向等) 3.,英语专业四八级词汇表
revise,rɪˈvaɪz,,(BrE)温习(尤指在考试前),英语专业四八级词汇表
revision,rɪˈvɪʒən,n.,1. 修订，校订，修正 2. 修订稿，改订版,英语专业四八级词汇表
revitalize,riːˈvaɪtəlaɪz,v.,使恢复活力,英语专业四八级词汇表
revival,rɪˈvaɪvəl,n.,1. 更新，重新开始 2.,英语专业四八级词汇表
revival,rɪˈvaɪvəl,,(旧戏)重演,英语专业四八级词汇表
revive,rɪˈvaɪv,v.,1.,英语专业四八级词汇表
revive,rɪˈvaɪv,,(使)苏 醒，(使)恢复知觉 2.,英语专业四八级词汇表
revive,rɪˈvaɪv,,(使)复用，(使)复兴,英语专业四八级词汇表
revivify,riːˈvɪvɪfaɪ,v.,给予(某事物)新生命或活力，复兴,英语专业四八级词汇表
revoke,rɪˈvəʊk,v.,1. 撤销或废除(法令等) 2.,英语专业四八级词汇表
revoke,rɪˈvəʊk,,(指玩纸牌者)藏牌,英语专业四八级词汇表
revolt,rɪˈvəʊlt,v.,&n. 反抗，反叛,英语专业四八级词汇表
revolution,ˌrevəˈluːʃən,n.,1. 旋转，环绕 2. 革命，改革,英语专业四八级词汇表
revolutionary,ˌrevəˈluːʃənərɪ,adj.,革命的，带来变革的,英语专业四八级词汇表
revolve,rɪˈvɒlv,v.,1.,英语专业四八级词汇表
revolve,rɪˈvɒlv,,(使)旋转，(使)绕转 2. 考虑，深思,英语专业四八级词汇表
revolver,rɪˈvɒlvə,n.,左轮手枪,英语专业四八级词汇表
revulsion,rɪˈvʌlʃən,n.,1. 厌恶 2. 感情的急剧转变,英语专业四八级词汇表
reward,rɪˈwɔːd,n.,1. 报酬，报答 2. 赏金，酬金 v. 给(某人)报酬或奖赏,英语专业四八级词汇表
rewrite,ˌriːˈraɪt,v.,重写，改写,英语专业四八级词汇表
rhetoric,ˈretərɪk,n.,1. 修辞，修辞学 2. 华丽的辞藻，虚夸的言辞,英语专业四八级词汇表
rhetorical,rɪˈtɒrɪkəl,adj.,1. 修辞的，修辞的 2. 辞藻华丽的，虚夸的,英语专业四八级词汇表
rheumatism,ˈruːmətɪzəm,n.,风湿病,英语专业四八级词汇表
rhino,ˈraɪnəʊ,,n.,英语专业四八级词汇表
rhino,ˈraɪnəʊ,,(abbre for rhinoceros)犀牛,英语专业四八级词汇表
rhinoceros,raɪˈnɒsərəs,n.,犀牛 || have a hide (skin) like a rhinoceros(对受攻击、批评、侮辱等)麻木不仁,英语专业四八级词汇表
rhyme,raɪm,n.,韵，韵脚，同韵词，押韵词 v. 1. 押韵 2. 使押韵,英语专业四八级词汇表
rhythm,ˈrɪðəm,n.,1. 节奏，韵律 2. 有规律的重复,英语专业四八级词汇表
rhythmic,ˈrɪðmɪk,adj.,有节奏的，有规律的,英语专业四八级词汇表
rhythmical,ˈrɪðmɪkəl,adj.,有节奏的，有韵律的,英语专业四八级词汇表
rib,rɪb,n.,肋骨,英语专业四八级词汇表
ribald,ˈrɪbəld,,adj.,英语专业四八级词汇表
ribald,ˈrɪbəld,,(以粗俗、下流或无礼的方式)幽默的,英语专业四八级词汇表
ribbon,ˈrɪbən,n.,带，缎带,英语专业四八级词汇表
rice,raɪs,n.,稻，米，米饭,英语专业四八级词汇表
rich,rɪtʃ,adj.,1. 有钱的，富有的 2. 丰富的，(声音)低沉的，(颜色)浓艳的 3. 贵重的，华丽的 4. 油腻的 n. 富人，财富,英语专业四八级词汇表
rickets,ˈrɪkɪts,n.,佝偻病,英语专业四八级词汇表
rickety,ˈrɪkɪtɪ,adj.,不牢靠的，摇摇欲坠的,英语专业四八级词汇表
rickshaw,ˈrɪkʃɔː,n.,1. 人力车 2. 三轮车,英语专业四八级词汇表
rid,rɪd,v.,使摆脱，使去掉，使获自由 || get rid of①摆脱，解脱②赶走，清除,英语专业四八级词汇表
riddle,rɪdl,n.,谜，谜语,英语专业四八级词汇表
ride,raɪd,v.,骑(马、自行  车、摩托车等) ||  ride rough-shod over粗暴地对待，欺凌 n.,英语专业四八级词汇表
ride,raɪd,,(骑牲口或乘车等的)旅游，旅程,英语专业四八级词汇表
ridge,rɪdʒ,n.,山脊，屋脊，脊，狭长的高地,英语专业四八级词汇表
ridicule,ˈrɪdɪkjuːl,n.,& v. 嘲笑，讥笑,英语专业四八级词汇表
ridiculous,rɪˈdɪkjʊləs,adj.,可笑的，荒谬的,英语专业四八级词汇表
rifle,ˈraɪfl,n.,来复枪，步枪,英语专业四八级词汇表
rifleman,ˈraɪflmən,,n.,英语专业四八级词汇表
rifleman,ˈraɪflmən,,(配备步枪的)步兵,英语专业四八级词汇表
rift,rɪft,n.,裂缝，缝隙,英语专业四八级词汇表
righteous,ˈraɪtʃəs,adj.,1. 正直的，守法的 2. 正义的，正当的,英语专业四八级词汇表
right-hand,ˈraɪthænd,adj.,右手的，右边的，向右的,英语专业四八级词汇表
rightly,ˈraɪtlɪ,adv.,公正地，正确地，恰当地,英语专业四八级词汇表
right-wing,ˈraɪtwɪŋ,adj.,右翼的，极右的,英语专业四八级词汇表
rigid,ˈrɪdʒɪd,adj.,1. 僵硬的，坚挺的 2. 严厉的，刻板的,英语专业四八级词汇表
rigorous,ˈrɪɡərəs,adj.,1. 严厉的，严格的 2. 精确的，严密的 3.,英语专业四八级词汇表
rigorous,ˈrɪɡərəs,,(指天气等)严酷的,英语专业四八级词汇表
rim,rɪm,,n.,英语专业四八级词汇表
rim,rɪm,,(圆形物的)外 缘，边缘,英语专业四八级词汇表
rind,raɪnd,,n.,英语专业四八级词汇表
rind,raɪnd,,(水果、干酪、烟肉等的)外皮,英语专业四八级词汇表
rink,rɪŋk,n.,溜冰场，曲棍球场,英语专业四八级词汇表
rinse,rɪns,v.,1. 略微洗 2. 漂洗，以清水冲洗 || rinse sth out用水冲洗污垢等  n. 1. 冲洗，漂洗 2. 染发水,英语专业四八级词汇表
riot,ˈraɪət,n.,暴动，骚动,英语专业四八级词汇表
rip,rɪp,v.,撕，扯，撕开 n. 长裂痕，裂口,英语专业四八级词汇表
ripe,raɪp,adj.,1. 熟的，成熟的，成熟的 2. 时机成熟的，准备好的 3. 成年的，年高而老练的,英语专业四八级词汇表
ripen,ˈraɪpən,,v.,英语专业四八级词汇表
ripen,ˈraɪpən,,(使)成熟，(变)成熟,英语专业四八级词汇表
ripple,ˈrɪpl,,v.,英语专业四八级词汇表
ripple,ˈrɪpl,,(使)起微波，(使)起涟漪 n. 1. 细浪，涟漪 2. 水的潺潺声,英语专业四八级词汇表
rip-roaring,ˈrɪpˈrɔːrɪŋ,adj.,1. 喧闹的，吵嚷的 2. 巨大的,英语专业四八级词汇表
rise,raɪz,n.,1.,英语专业四八级词汇表
rise,raɪz,,(数量、价格等)增加，升高，增长 2. 兴起，增强 3.,英语专业四八级词汇表
rise,raɪz,,(太阳的)升起 || give  rise to引起，使发生 v. 1. 升起，上升，升高 2. 起立，站起 3. 突出，高出 4. 起来反抗 || rise up升起,英语专业四八级词汇表
risk,rɪsk,n.,风险，危险 v. 1. 使冒危险 2. 冒…之险,英语专业四八级词汇表
risky,ˈrɪskɪ,adj.,危险的，冒险的,英语专业四八级词汇表
rite,raɪt,,n.,英语专业四八级词汇表
rite,raɪt,,(宗教等的)隆重的仪式或典礼,英语专业四八级词汇表
ritual,ˈrɪtʃʊəl,adj.,仪式的，祭典的 n. 1. 仪式，祭典 2. 惯例,英语专业四八级词汇表
rivalry,ˈraɪvəlrɪ,n.,竞赛，较量,英语专业四八级词汇表
river,ˈrɪvə,n.,江，河,英语专业四八级词汇表
rivet,ˈrɪvɪt,n.,铆钉 v. 1. 铆，铆接 2. 将(某物)固定住  3. 吸引(某人),英语专业四八级词汇表
roach,rəʊtʃ,n.,1. 蟑螂 2. 大麻卷烟的烟蒂,英语专业四八级词汇表
road,rəʊd,n.,1. 路，公路，道路 2. 途径，方法 || on the road在旅途中,英语专业四八级词汇表
roadside,ˈrəʊdsaɪd,n.,路边，路旁,英语专业四八级词汇表
roadway,ˈrəʊdweɪ,n.,车行道,英语专业四八级词汇表
roam,rəʊm,v.,漫步，漫游，闲逛,英语专业四八级词汇表
roar,rɔː,n.,吼叫，咆哮 v. 1. 吼叫，咆哮 2. 呼喊，大声喊出 3. 大笑，哄笑,英语专业四八级词汇表
roast,rəʊst,v.,1. 烤，炙 2. 加热，烘  n. 一大块烤肉,英语专业四八级词汇表
rob,rɒb,v.,1. 抢劫，抢夺 2. 剥夺,英语专业四八级词汇表
robbery,ˈrɒbərɪ,n.,抢夺，剥夺,英语专业四八级词汇表
robe,rəʊb,n.,宽松长袍,英语专业四八级词汇表
robin,ˈrɒbɪn,n.,知更鸟，红襟鸟,英语专业四八级词汇表
robot,ˈrəʊbɒt,n.,机器人,英语专业四八级词汇表
robust,rəʊˈbɒst,adj.,强健的，健康的，充满活力的,英语专业四八级词汇表
rocker,ˈrɒkə,n.,弯杆，摇轴,英语专业四八级词汇表
rocket,ˈrɒkɪt,n.,火箭 v. 突然急速上升，火箭式上升,英语专业四八级词汇表
rocky,ˈrɒkɪ,adj.,1. 岩石凹凸不平的 2. 顽固的,英语专业四八级词汇表
rod,rɒd,n.,棍棒，杆，竿,英语专业四八级词汇表
rodent,ˈrəʊdnt,n.,啮齿目动物(如鼠、松鼠或海狸),英语专业四八级词汇表
rodeo,rəʊˈdeɪəʊ,n.,1.,英语专业四八级词汇表
rodeo,rəʊˈdeɪəʊ,,(在牧场中)驱集牛群(为打烙印等) 2. 牛仔竞技表演或比赛,英语专业四八级词汇表
roger,ˈrɒdʒə,,int.,英语专业四八级词汇表
roger,ˈrɒdʒə,,(无线电话用语，表示对方的话)收到了，知道了,英语专业四八级词汇表
role,rəʊl,n.,1. 角色 2. 作用，任务,英语专业四八级词汇表
roll,rəʊl,n.,1. 卷形物，一卷 2. 名单，名簿 3. 滚动，摇摆 v. 1.,英语专业四八级词汇表
roll,rəʊl,,(使)滚动，转动 2. 卷，搓，卷制(某物) 3.,英语专业四八级词汇表
roll,rəʊl,,(使)摇晃或摇动，摇晃而行 4.,英语专业四八级词汇表
roll,rəʊl,,(指眼睛) (使)左右转动，溜转 || roll over滚过，压过,英语专业四八级词汇表
roller,ˈrəʊlə,n.,滚柱，卷轴，压路机,英语专业四八级词汇表
rolling-pin,ˈrəʊlɪŋpɪn,n.,擀面杖,英语专业四八级词汇表
rolling-stock,ˈrəʊlɪŋstɒk,n.,铁路各种车辆的总称,英语专业四八级词汇表
Roman,ˈrəʊmən,n.,&adj.,英语专业四八级词汇表
Roman,ˈrəʊmən,,(古)罗马人(的)，(古)罗马的  || Roman Catholic天主教的，天主教徒 /Roman Catholicism 天主教,英语专业四八级词汇表
romance,rəʊˈmæns,n.,1. 恋情，浪漫史 2. 冒险故事，爱情故事 3. 传奇性，浪漫情调,英语专业四八级词汇表
romantic,rəʊˈmæntɪk,adj.,1. 幻想的 2. 传奇的，浪漫的 3. 不切实际的，虚构的,英语专业四八级词汇表
romanticism,rəʊˈmæntɪsɪzəm,n.,1. 浪漫的感情、态度或行为 2.,英语专业四八级词汇表
romanticism,rəʊˈmæntɪsɪzəm,,(文艺及音乐中的)浪漫主义,英语专业四八级词汇表
Rome,rəʊm,n.,罗马,英语专业四八级词汇表
roof,ruːf,n.,1.,英语专业四八级词汇表
roof,ruːf,,(建筑物，车辆等的)顶 2. 最高点 v. 给…盖顶，为…之顶,英语专业四八级词汇表
rookie,ˈrʊkɪ,n.,新兵，生手，新来的人,英语专业四八级词汇表
room,ruːm,n.,1. 室，房间 2. 空间，空位 3. 余地，机会 || make room for sb (sth)给某人(某物)让出地方,英语专业四八级词汇表
roost,ruːst,n.,巢，鸡窝 v.,英语专业四八级词汇表
roost,ruːst,,(指鸟)栖息,英语专业四八级词汇表
rooster,ˈruːstə,n.,公鸡，雄鸡,英语专业四八级词汇表
root,ruːt,n.,1. 植物的根，根茎 2. 根部 3. 根源，起因，原因 v. 1.,英语专业四八级词汇表
root,ruːt,,(使)生根，(使)扎根 2. 根绝，根除,英语专业四八级词汇表
rope,rəʊp,n.,绳索，粗绳,英语专业四八级词汇表
rose,rəʊz,n.,1. 蔷薇花，玫瑰花 2. 玫瑰色，玫瑰红,英语专业四八级词汇表
rosette,rəʊˈzet,n.,1. 玫瑰形标志，玫瑰花结 2. 石制品等上雕刻的玫瑰形花样,英语专业四八级词汇表
rostrum,ˈrɒstrəm,n.,演讲台，讲坛,英语专业四八级词汇表
rosy,ˈrəʊzɪ,adj.,1. 玫瑰红的，深粉红色的 2. 令人鼓舞的，极有希望的,英语专业四八级词汇表
rot,rɒt,v.,1. 腐烂，枯朽 2. 使腐烂，使无用  || rot away腐烂,英语专业四八级词汇表
rota,ˈrəʊtə,n.,勤务轮值表,英语专业四八级词汇表
rotary,ˈrəʊtərɪ,adj.,1.,英语专业四八级词汇表
rotary,ˈrəʊtərɪ,,(指运动)旋转的 2.,英语专业四八级词汇表
rotary,ˈrəʊtərɪ,,(指机器、发动机等)转动的,英语专业四八级词汇表
rotate,rəʊˈteɪt,v.,1.,英语专业四八级词汇表
rotate,rəʊˈteɪt,,(使)旋转，转动 2.,英语专业四八级词汇表
rotate,rəʊˈteɪt,,(使)轮流，循环,英语专业四八级词汇表
rotational,rəʊˈteɪʃənəl,adj.,1. 旋转的，转动的 2. 轮流的，轮换的,英语专业四八级词汇表
rotor,ˈrəʊtə,n.,机器的旋转部分，(直升飞机的)旋翼,英语专业四八级词汇表
rotten,ˈrɒtən,adj.,腐烂的，已变坏的,英语专业四八级词汇表
rouge,ruːʒ,n.,胭脂，口红 v. 在…上擦口红,英语专业四八级词汇表
rough,rʌf,adj.,1. 表面粗糙的，崎岖不平的，2. 粗暴的，粗野的 3. 约略的，概略的 4. 艰难的，困难的,英语专业四八级词汇表
roughen,ˈrʌfən,,v.,英语专业四八级词汇表
roughen,ˈrʌfən,,(使某物)变得粗糙或不平整,英语专业四八级词汇表
roughly,ˈrʌflɪ,adv.,1. 粗鲁地，粗暴地 2. 大概，大约,英语专业四八级词汇表
roulette,ruːˈlet,n.,轮盘赌,英语专业四八级词汇表
round,raʊnd,adj.,1. 圆的，球形的 2. 旋转的，回旋的 3. 整个的，完全的  adv. 1. 回转地，旋转地 2. 围绕，环绕 3. 朝反方向，转过来 4. 往各处 || all round从头到尾循环一周地，处处 prep. 1. 围绕 2. 在…的周围 3. 在…各处，向…四周 4. 绕过 5. 在…的附近 n. 1. 一圈，一周 2. 一局，一回合 v. 1. 绕过，环绕而行 2. 使成圆形,英语专业四八级词汇表
roundabout,ˈraʊndəbaʊt,n.,环状交通路 adj. 迂回的，间接的，转弯抹角的,英语专业四八级词汇表
rounders,ˈraʊndəs,n.,一种似棒球的游戏,英语专业四八级词汇表
roundup,ˈraʊndʌp,n.,1. 综述，摘要 2. 赶拢，围捕,英语专业四八级词汇表
rouse,raʊz,v.,1. 唤醒，弄醒 2. 激励，激起,英语专业四八级词汇表
route,ruːt,n.,路线，路程,英语专业四八级词汇表
routine,ruːˈtiːn,n.,1. 常规，惯例 2. 例行公事，刻板的工作  adj. 1. 例行的，惯常的 2. 枯燥的，平淡的,英语专业四八级词汇表
rove,raʊv,v.,1. 漂泊，漫游 2.,英语专业四八级词汇表
rove,raʊv,,(指眼睛)环顾,英语专业四八级词汇表
rover,ˈraʊvə,n.,流浪者，漂泊者,英语专业四八级词汇表
row,rəʊ,n.,一行，一列，一排 || in a row连续，一连串 v. 划(船)，荡桨,英语专业四八级词汇表
rowdy,ˈrəʊdɪ,adj.,吵闹的，混乱的,英语专业四八级词汇表
rower,ˈrəʊə,n.,划船的人，划手,英语专业四八级词汇表
royal,ˈrɔɪəl,adj.,1. 王室的，皇家的 2. 威严的，高贵的，盛大的,英语专业四八级词汇表
royalist,ˈrɔɪəlɪst,n.,保皇主义者，保皇党成员,英语专业四八级词汇表
royalty,ˈrɔɪəltɪ,n.,1. 皇室，王族 2. 版税,英语专业四八级词汇表
rub,rʌb,v.,&n. 磨，擦，搓,英语专业四八级词汇表
rubber,ˈrʌbə,n.,1. 橡胶 2. 橡皮,英语专业四八级词汇表
rubbish,ˈrʌbɪʃ,n.,1. 废物，垃圾 2. 废话，胡说八道,英语专业四八级词汇表
rubble,ˈrʌbl,n.,碎石，碎砖烂瓦,英语专业四八级词汇表
rubdown,ˈrʌbdaʊn,n.,1. 擦拭，擦干 2. 擦平，磨平,英语专业四八级词汇表
ruby,ˈruːbɪ,n.,红宝石，红玉,英语专业四八级词汇表
rucksack,ˈrʌksæk,n.,帆布背包,英语专业四八级词汇表
ruckus,ˈrʌkəs,n.,吵闹，争吵,英语专业四八级词汇表
ruddy,ˈrʌdɪ,adj.,1.,英语专业四八级词汇表
ruddy,ˈrʌdɪ,,(指人的脸)红润的，气色好的 2. 发红的，淡红色的,英语专业四八级词汇表
rude,ruːd,adj.,1. 粗鲁的，粗野的 2. 狂暴的，骇人听闻的 3. 原始的，粗鄙的 4. 粗制的，简单的,英语专业四八级词汇表
rudimentary,ˌruːdɪˈmentərɪ,adj.,1. 初步的，基本的 2. 发展不完全的，未发育成熟的,英语专业四八级词汇表
rueful,'ruːfʊl,adj.,表示或感到后悔的,英语专业四八级词汇表
ruffian,ˈrʌfɪən,n.,无法无天的暴徒，恶棍,英语专业四八级词汇表
ruffle,ˈrʌfl,v.,1. 使变皱，弄皱 2. 滋扰，惹怒,英语专业四八级词汇表
rug,rʌɡ,n.,1. 地毯 2. 厚毛毯,英语专业四八级词汇表
rugby,ˈrʌɡbɪ,,n.,英语专业四八级词汇表
rugby,ˈrʌɡbɪ,,(英式)橄榄球(运动)(= rugger),英语专业四八级词汇表
rugged,ˈrʌɡɪd,adj.,1. 崎岖不平的 2.,英语专业四八级词汇表
rugged,ˈrʌɡɪd,,(脸)满是皱纹的，粗犷的 3. 粗俗的，粗鲁的，4. 艰苦的，困难的,英语专业四八级词汇表
rugger,ˈrʌɡə,,n.,英语专业四八级词汇表
rugger,ˈrʌɡə,,(英式)橄榄球(运动)(= rugby),英语专业四八级词汇表
ruin,ˈruːɪn,n.,1. 毁灭，破坏  2. 切 l)废墟 3. 毁灭、败坏的原因 v. 1. 使毁灭，使败坏 2. 使破产,英语专业四八级词汇表
ruinous,ˈruːɪnəs,adj.,导致毁灭的，使人破产的,英语专业四八级词汇表
rule,ruːl,n.,1. 规则，法规 2. 惯常的事，习惯 3. 统治，管理 || as a rule通常，多半 v. 1. 统治，管理 2. 裁决,英语专业四八级词汇表
ruler,ˈruːlə,n.,1. 统治者 2. 尺，界尺,英语专业四八级词汇表
ruling,ˈruːlɪŋ,adj.,统治的，占主导地位的 n. 裁定，判决,英语专业四八级词汇表
rum,rʌm,n.,1. 朗姆酒 2. 酒,英语专业四八级词汇表
rumble,ˈrʌmbl,v.,1. 发出持续的低沉的声音 2. 发着低沉声音(沿某方向)行进 n. 1. 低沉而连续的声音 2.,英语专业四八级词汇表
rumble,ˈrʌmbl,,(在街上)打群架,英语专业四八级词汇表
rummage,ˈrʌmɪdʒ,n.,&v. 翻寻，翻箱倒柜的(地)搜寻,英语专业四八级词汇表
"rumour, rumor",ˈruːmə,n.,谣言，传说，流言,英语专业四八级词汇表
run,rʌn,v.,1. 跑，奔 2. 逃，逃走 3.,英语专业四八级词汇表
run,rʌn,,(使)运转、转动 4.,英语专业四八级词汇表
run,rʌn,,(使)迅速移动 5. 管理，经营 6. 延伸，扩展，经过 7. 竞选 || run across偶然碰见，邂逅 [run after①追②追求] run a-way逃跑 [run away with卷逃，拐走，偷] run down①撞到② 耗尽，变弱 [run into①偶遇 ②陷入③到达] run off印刷，复印 [run on①继续谈②流逝] run out用光，耗尽 [run o-ver①(车辆等)辗过②匆匆读一遍] run up to达及(某数) n. 1. 跑，跑步 2. 远足，游览 3. 行程，航线 4. 一段时间，连续 || in the long run最终地，终极地,英语专业四八级词汇表
runaway,ˈrʌnəweɪ,adj.,1. 逃跑的，私奔的 2.,英语专业四八级词汇表
runaway,ˈrʌnəweɪ,,(指动物或车辆)失去控制的,英语专业四八级词汇表
runner,ˈrʌnə,n.,1. 奔跑的人或动物 2. 走私者 3. 滑冰鞋的滑刀，雪橇的滑行板,英语专业四八级词汇表
runner-up,ˈrʌnəˈʌp,,n.,英语专业四八级词汇表
runner-up,ˈrʌnəˈʌp,,(竞赛中的)第二名，亚军,英语专业四八级词汇表
running,ˈrʌnɪŋ,n.,1. 奔跑，跑步 2.,英语专业四八级词汇表
running,ˈrʌnɪŋ,,(机器等)开动，运转 3. 经营 4. 流出，流出物,英语专业四八级词汇表
runway,ˈrʌnweɪ,n.,1. 飞机跑道，滑路 2.,英语专业四八级词汇表
runway,ˈrʌnweɪ,,(剧场内)伸入观众席的舞台,英语专业四八级词汇表
rupture,ˈrʌptʃə,n.,1. 破裂，断裂 2.,英语专业四八级词汇表
rupture,ˈrʌptʃə,,(友好关系的)决裂，绝交 3. 疝 v. 1.,英语专业四八级词汇表
rupture,ˈrʌptʃə,,(使身体组织、器官等)破裂，裂开 2. 发生疝 3.,英语专业四八级词汇表
rupture,ˈrʌptʃə,,(使关系等)破裂，断绝,英语专业四八级词汇表
rural,ˈrʊərəl,adj.,乡村的，有乡村特色的,英语专业四八级词汇表
russet,ˈrʌsɪt,adj.,柔和的赤褐色的 n. 1. 柔和的赤褐色 2. 一种赤褐色的粗皮苹果,英语专业四八级词汇表
Russian,ˈrʌʃən,adj.,俄国的，俄语的，俄国人的 n. 1. 俄国人，俄罗斯民族 2. 俄语,英语专业四八级词汇表
rust,rʌst,n.,锈  v. 生锈，使生锈,英语专业四八级词汇表
rustic,ˈrʌstɪk,adj.,1. 有农村或村民特色的，有乡村风味的 2. 粗野的，不雅的 3. 用粗糙的木材制作的 n. 乡下人，乡巴佬,英语专业四八级词汇表
rustle,ˈrʌsl,v.,1.,英语专业四八级词汇表
rustle,ˈrʌsl,,(使)某物发出沙沙声 2. 发着窸窣的声音移动 n. 沙沙声,英语专业四八级词汇表
rut,rʌt,n.,1. 车辙，犁沟 2. 生活方式 || be (stuck) in a rut囿于刻板而乏味的生活方式 /get into (out of) a rut开始(不再)过刻板的生活,英语专业四八级词汇表
ruthless,ˈruːθlɪs,adj.,残忍的，无情的,英语专业四八级词汇表
rye,raɪ,n.,黑麦，黑麦粒,英语专业四八级词汇表
Sabbath,ˈsæbəθ,n.,安息日 (犹太教为星期六，基督教为星期日),英语专业四八级词汇表
sabbatical,səˈbætɪkəl,n.,& adj.,英语专业四八级词汇表
sabbatical,səˈbætɪkəl,,(给大学教师用于研究、旅行的)假期(的)，休假(的),英语专业四八级词汇表
sabotage,ˈsæbətɑːʒ,n.,& v. 阴谋破坏,英语专业四八级词汇表
saboteur,ˌsæbəˈtɜː,n.,搞阴谋破坏的人,英语专业四八级词汇表
sacking,ˈsækɪŋ,n.,麻布袋,英语专业四八级词汇表
sacrament,ˈsækrəmən,,n.,英语专业四八级词汇表
sacrament,ˈsækrəmən,,(基督教的)圣礼，圣事,英语专业四八级词汇表
sacred,ˈseɪkrɪd,adj.,1. 神圣的，宗教上的 2. 郑重的，庄严的 3. 受崇敬的，不可冒犯的,英语专业四八级词汇表
sacrifice,ˈsækrɪfaɪs,n.,1. 供奉，祭祀，祭品 2. 牺牲(品) v. 1. 供奉，祭祀 2. 牺牲,英语专业四八级词汇表
sacrilegious,ˈsækrɪlɪdʒ,adj.,亵渎神圣的,英语专业四八级词汇表
sad,sæd,adj.,1. 伤心的，悲哀的 2. 糟透的，可叹的,英语专业四八级词汇表
sadden,ˈsækdən,,v.,英语专业四八级词汇表
sadden,ˈsækdən,,(使某人)悲哀，忧愁,英语专业四八级词汇表
saddle,ˈsædl,n.,鞍，鞍座，(自行车等的)车座,英语专业四八级词汇表
sadism,ˈseɪdɪzəm,n.,1. 虐待狂 2. 性虐待,英语专业四八级词汇表
safari,səˈfɑːrɪ,n.,1. 远征旅行(探险、考察) 2. 探险队，狩猎队,英语专业四八级词汇表
safe,seɪf,adj.,1. 安全的，无危险的 2. 平安的，未受伤害的 3. 保险的，稳妥的 4. 小心的，谨慎的 n. 保险箱,英语专业四八级词汇表
safeguard,ˈseɪfɡɑːd,n.,安全措施，保护性措施 v. 保护或保卫某人(某事物),英语专业四八级词汇表
safety,ˈseɪftɪ,n.,安全，平安，稳妥,英语专业四八级词汇表
saffron,ˈsæfrən,n.,1. 藏红花粉 2. 橙黄色,英语专业四八级词汇表
sag,sæɡ,v.,1. 下沉，下垂，下弯 2.,英语专业四八级词汇表
sag,sæɡ,,(精神)萎靡，(情绪)低落 n. 下陷或松弛的程度，下陷或松弛,英语专业四八级词汇表
saga,ˈsɑːɡə,n.,1.,英语专业四八级词汇表
saga,ˈsɑːɡə,,(指中世纪北欧海盗的)故事，英雄传奇 2. 长篇小说,英语专业四八级词汇表
sagacious,səˈɡeɪʃəs,adj.,聪敏的，睿智的,英语专业四八级词汇表
sagacity,səˈɡæsətɪ,,h·聪敏，睿智,英语专业四八级词汇表
sage,seɪdʒ,adj.,贤明的，明智的 n. 贤哲，圣人,英语专业四八级词汇表
sail,seɪl,n.,1. 帆 2. 乘船旅行 3. 帆船 v. 1. 航行，乘船旅行 2. 起航，开船,英语专业四八级词汇表
sailcloth,ˈseɪlklɒθ,n.,帆布,英语专业四八级词汇表
sailor,ˈseɪlə,n.,海员，水手,英语专业四八级词汇表
saint,seɪnt,n.,1. 圣人，圣者，圣徒 2.,英语专业四八级词汇表
saint,seɪnt,,(St. )圣…(置于圣人名字之前) 3. 极圣洁的人，道德高尚的人,英语专业四八级词汇表
sake,seɪk,n.,缘故 || for the sake of为了…的利益或好处，为了…起见,英语专业四八级词汇表
salad,ˈsæləd,n.,生菜，色拉,英语专业四八级词汇表
salary,ˈsælərɪ,n.,薪水，薪金，薪俸,英语专业四八级词汇表
sale,seɪl,n.,1. 销售，贩卖 2. 贱卖，廉售 || for sale出售，待售 /on sale降价销售中，大拍卖,英语专业四八级词汇表
salesclerk,ˈseɪlzklɑːk,n.,店员，售货员,英语专业四八级词汇表
salesgirl,ˈseɪlzɡɜːl,n.,女店员，女售货员,英语专业四八级词汇表
saleslady,ˈseɪlzleɪdɪ,n.,女店员，女售货员,英语专业四八级词汇表
salesman,ˈseɪlzmən,n.,店员，售货员,英语专业四八级词汇表
salesmanager,ˈseɪlzmænɪdʒə,n.,营业主任，营业经理,英语专业四八级词汇表
salient,ˈseɪlɪənt,adj.,显著的，非常重要的 n. 突出部分，凸起,英语专业四八级词汇表
saline,ˈseɪlaɪn,adj.,含盐的，咸的  n. 盐水,英语专业四八级词汇表
saliva,səˈlaɪvə,n.,唾液口水,英语专业四八级词汇表
salivary,səˈlaɪvərɪ,adj.,唾液的，分泌唾液的,英语专业四八级词汇表
salivate,ˈsælɪveɪt,v.,分泌唾液,英语专业四八级词汇表
salmon,ˈsæmən,n.,1. 鲜，鲜肉 2. 橙红色,英语专业四八级词汇表
salon,ˈsælɒn,n.,1.,英语专业四八级词汇表
salon,ˈsælɒn,,(营业性质的)店，院 2.,英语专业四八级词汇表
salon,ˈsælɒn,,(大房子的)客厅，沙龙，(在客厅中的)聚会，集会,英语专业四八级词汇表
saloon,səˈluːn,n.,1.,英语专业四八级词汇表
saloon,səˈluːn,,(轮船等的)豪华大客厅，交谊厅 2. 大轿车 3. 酒店，酒吧(= saloon bar) 4.,英语专业四八级词汇表
saloon,səˈluːn,,(酒店等的)雅座,英语专业四八级词汇表
salt,sɔːlt,n.,1. 盐，食盐 2. 盐类  v. 加盐于，用盐腌,英语专业四八级词汇表
salty,'sɔːltɪ,adj.,1. 含盐的，咸的 2.,英语专业四八级词汇表
salty,'sɔːltɪ,,(指才智、言语等)活泼的，生动的,英语专业四八级词汇表
salutary,ˈsæljʊtərɪ,adj.,有益的,英语专业四八级词汇表
salute,səˈluːt,v.,1. 行军礼 2. 向…打招呼，致意，迎接 n. 军礼，敬礼,英语专业四八级词汇表
salvage,ˈsælvɪdʒ,n.,1. 营救，抢救(物品或财产) 2. 抢救出的财产，(为抢救财产付的)救援 3. 废料回收 v. 1. 救助，营救 2. 回收利用,英语专业四八级词汇表
salvation,sælˈveɪʃən,n.,1.,英语专业四八级词汇表
salvation,sælˈveɪʃən,,(对人的灵魂的)拯救，超度 2. 拯救，解困,英语专业四八级词汇表
salvo,ˈsælvəʊ,n.,1. 数炮齐发(尤指)礼炮齐鸣 2. 齐声欢呼喝彩,英语专业四八级词汇表
samba,ˈsæmbə,n.,桑巴舞(曲),英语专业四八级词汇表
same,seɪm,adj.,同样的，相同的，同一的 prop. 同样的人或物 adv. 同样地，相同地 || all the same然而，仍然,英语专业四八级词汇表
sampan,ˈsæmpæn,n.,舢板,英语专业四八级词汇表
sample,ˈsæmpl,n.,样品，样本，货样 v. 取…的样品，尝试,英语专业四八级词汇表
sanatorium,ˌsænəˈtɔːrɪəm,n.,疗养院，疗养地=(AmE) sanitarium,英语专业四八级词汇表
sanctification,ˌsæŋktɪfɪˈkeɪʃən,n.,1. 神圣 2. 正当，合法,英语专业四八级词汇表
sanctify,ˈsæŋktɪfaɪ,v.,1. 使神圣化 2. 使正当、合法，认可,英语专业四八级词汇表
sanction,ˈsæŋkʃən,n.,1. 批准，认可 2. 制裁 3. 约束力 v. 1. 同意，认可 2. 承认，接纳,英语专业四八级词汇表
sanctuary,ˈsæŋktʃʊərɪ,n.,1. 圣所，圣地 2. 庇护所，避难所 3. 动物保护区,英语专业四八级词汇表
sanctum,ˈsæŋktəm,n.,1.,英语专业四八级词汇表
sanctum,ˈsæŋktəm,,(寺庙内的)圣所，神殿 2. 私室，书房,英语专业四八级词汇表
sand,sænd,n.,1. 沙 2.,英语专业四八级词汇表
sand,sænd,,(pl)沙地,英语专业四八级词汇表
sandstone,ˈsændstəʊn,n.,沙岩,英语专业四八级词汇表
sandwich,ˈsænwɪdʒ,n.,三明治，夹心面包,英语专业四八级词汇表
sandy,ˈsædɪ,adj.,1. 沙粒的，覆盖着沙的 2. 沙色的,英语专业四八级词汇表
sane,seɪn,adj.,1. 心智健全的，神志正常的 2. 明智的，稳健的,英语专业四八级词汇表
sanguinary,ˈsæŋɡwɪnərɪ,adj.,1. 血腥的，血淋淋的 2. 残酷的，嗜杀的,英语专业四八级词汇表
sanguine,ˈsæŋɡwɪn,adj.,1. 充满希望的，乐观的，快活的 2. 红润的，有血气的,英语专业四八级词汇表
sanitary,ˈsænɪtərɪ,adj.,1. 卫生的，清洁的 2. 保健的,英语专业四八级词汇表
sanity,ˈsænətɪ,n.,1. 神志正常，心智健康 2. 明智，理智,英语专业四八级词汇表
sapling,ˈsæplɪŋ,n.,幼树,英语专业四八级词汇表
sarcasm,ˈsɑːkæzəm,n.,讥讽，讽刺，反话,英语专业四八级词汇表
sarcastic,sɑːˈkæstɪk,adj.,讥讽的，挖苦的,英语专业四八级词汇表
sardine,sɑːˈdiːn,n.,沙丁鱼,英语专业四八级词汇表
sardonic,sɑːˈdɒnɪk,adj.,嘲笑的，讥笑的,英语专业四八级词汇表
sarong,səˈrɒŋ,,n.,英语专业四八级词汇表
sarong,səˈrɒŋ,,(马来民族的)长条围裙，纱笼,英语专业四八级词汇表
sartorial,sɑːˈtɔːrɪəl,adj.,缝制男服的，男装的,英语专业四八级词汇表
Satan,ˈseɪtən,n.,撒旦，魔鬼,英语专业四八级词汇表
satanic,sə'tænɪk,adj.,魔鬼似的，邪恶的,英语专业四八级词汇表
satchel,ˈsætʃəl,n.,书包，小背包,英语专业四八级词汇表
satellite,ˈsætəlaɪt,n.,1. 卫星 2. 人造卫星,英语专业四八级词汇表
satiate,ˈseɪʃɪeɪt,v.,充分满足，使饱满，使生腻,英语专业四八级词汇表
satiation,ˌseɪʃɪˈeɪʃən,n.,充分满足，厌腻,英语专业四八级词汇表
satin,ˈsætɪn,n.,缎，缎子 adj. 像缎子一样光滑的,英语专业四八级词汇表
satire,ˈsætaɪə,n.,1. 讥讽，讽刺作品 2. 讥讽文体,英语专业四八级词汇表
satirical,səˈtɪrɪkəl,adj.,含讽刺意味的，嘲讽的,英语专业四八级词汇表
"satirise, satirize",ˈsætəraɪz,v.,讽刺或讥讽,英语专业四八级词汇表
satirist,ˈsætərɪst,n.,进行讽刺的人，创作讽刺作品的作家,英语专业四八级词汇表
satisfaction,ˌsætɪsˈfækʃən,n.,1. 满意，满足 2. 令人满意的事物,英语专业四八级词汇表
satisfactory,ˌsætɪsˈfæktərɪ,adj.,令人满意的，良好的，圆满的,英语专业四八级词汇表
satisfied,ˈsætɪsfaɪd,adj.,满意的，满足的,英语专业四八级词汇表
satisfy,ˈsætɪsfaɪ,v.,1. 使满意 2. 满足 3. 符合 4. 使确信 || be satisfied with对…满意,英语专业四八级词汇表
Saturn,ˈsætən,n.,土星,英语专业四八级词汇表
saturate,ˈsætʃəreɪt,v.,1. 浸透，浸湿 2. 使饱和,英语专业四八级词汇表
Saturday,ˈsætədɪ,n.,星期六,英语专业四八级词汇表
satyr,ˈsætə,n.,1.,英语专业四八级词汇表
satyr,ˈsætə,,(希腊及罗马神话)(半人半羊的)森林之神 2. 性欲极强的男子，好色之徒,英语专业四八级词汇表
sauce,sɔːs,n.,调味汁，酱油,英语专业四八级词汇表
saucepan,ˈsɔːspən,,n.,英语专业四八级词汇表
saucepan,ˈsɔːspən,,(有柄的)平底锅,英语专业四八级词汇表
saucer,ˈsɔːsə,n.,茶托，茶碟,英语专业四八级词汇表
sauna,ˈsɔːnə,n.,芬兰式蒸汽浴(浴室)，桑拿浴,英语专业四八级词汇表
saunter,ˈsɔːntə,v.,&n. 漫步，闲逛,英语专业四八级词汇表
sausage,ˈsɒsɪdʒ,n.,香肠,英语专业四八级词汇表
savage,ˈsævɪdʒ,adj.,1. 野蛮的，未开化的 2. 凶猛的，残酷的 n. 野人，野蛮人,英语专业四八级词汇表
savagery,ˈsævɪdʒrɪ,n.,野蛮或残酷的行为,英语专业四八级词汇表
savant,ˈsævənt,n.,学者，专家,英语专业四八级词汇表
savings,ˈseɪvɪŋz,n.,储金，储蓄,英语专业四八级词汇表
"saviour, savior",ˈseɪvɪə,n.,1. 救助者，拯救者 2. 救世主(耶稣基督) || the Saviour 耶稣基督,英语专业四八级词汇表
"savour, savor",ˈseɪvə,n.,1. 味道，滋味，风味 2. 情趣，趣味 v. 1. 品尝，欣赏 2. 有某种迹象或痕迹,英语专业四八级词汇表
savoury,ˈseɪvərɪ,adj.,1.,英语专业四八级词汇表
savoury,ˈseɪvərɪ,,(指食物)咸的，辣的 2. 开胃的 3.,英语专业四八级词汇表
savoury,ˈseɪvərɪ,,(usu in negative sentences) 道德高尚的，可敬的,英语专业四八级词汇表
saw,sɔː,n.,锯子 v. 用锯子锯,英语专业四八级词汇表
sawmill,ˈsɔːmɪl,n.,锯木厂,英语专业四八级词汇表
saxophone,ˈsæksəfəʊn,n.,萨克斯管(一种铜管乐器),英语专业四八级词汇表
say,seɪ,v.,1. 说，讲 2. 假定，比方说，姑且说 n. 发言权，决定权,英语专业四八级词汇表
saying,ˈseɪ-ɪŋ,n.,谚语，格言,英语专业四八级词汇表
scab,skæb,n.,1. 痂 2. 疥癣 3. 拒不参加工会的人，工贼,英语专业四八级词汇表
scaffold,ˈskæfəʊld,n.,1. 脚手架，建筑架 2. 绞架，断头台,英语专业四八级词汇表
scaffolding,ˈskæfəldɪŋ,n.,脚手架，搭脚手架的材料,英语专业四八级词汇表
scalar,ˈskeɪlə,n.,&adj. 标量(的)，纯量(的),英语专业四八级词汇表
scallop,ˈskɒləp,n.,扇贝，扇形饰边,英语专业四八级词汇表
scalp,skælp,n.,1. 头皮 2. 头皮屑 v.,英语专业四八级词汇表
scalp,skælp,,(old use)剥(敌人的)头皮,英语专业四八级词汇表
scalpel,ˈskælpəl,n.,手术刀，解剖刀,英语专业四八级词汇表
scan,skæn,v.,1. 审视，扫描 2. 浏览 3.,英语专业四八级词汇表
scan,skæn,,(指诗句)符合韵律 n. 审视，扫描,英语专业四八级词汇表
scandal,ˈskændl,n.,1. 丑事，丑闻 2. 流言蜚语，诽谤,英语专业四八级词汇表
scandalous,ˈskændələs,adj.,1. 丢脸的，令人震惊的 2.,英语专业四八级词汇表
scandalous,ˈskændələs,,(指报道或谣传)含有引起公愤内容的,英语专业四八级词汇表
Scandinavian,ˌskændɪˈneɪvɪən,adj.,斯堪的纳维亚的(包括丹麦、挪威、瑞典、芬兰及冰岛),英语专业四八级词汇表
scanner,ˈskænə,n.,扫描仪,英语专业四八级词汇表
scant,skænt,adj.,不足的; 缺少的,英语专业四八级词汇表
scanty,'skæntɪ,adj.,不足的，医乏的,英语专业四八级词汇表
scapegoat,ˈskeɪpɡəʊt,n.,替罪羊,英语专业四八级词汇表
scar,skɑː,n.,伤痕，疤痕,英语专业四八级词汇表
scarce,skeəs,adj.,1. 缺乏的，不足的，供不应求的 2. 稀有，罕见,英语专业四八级词汇表
scarcely,ˈskeəslɪ,adv.,仅仅，刚刚，几乎没有,英语专业四八级词汇表
scarcity,ˈskeəsətɪ,n.,缺乏，医乏，稀罕,英语专业四八级词汇表
scare,skeə,v.,使吃惊，使惊恐 n. 惊恐，害怕,英语专业四八级词汇表
scaremonger,ˈskeəˌmʌŋɡə,n.,散布引起恐慌的消息、谣言等的人,英语专业四八级词汇表
scarf,skɑːf,n.,围巾，头巾，披巾,英语专业四八级词汇表
scarlet,ˈskɑːlɪt,adj.,鲜红色的，猩红色的，绯红色的,英语专业四八级词汇表
scary,ˈskeərɪ,adj.,1. 可怕的，骇人的 2. 惊慌的，害怕的 3. 胆小的，易受惊的,英语专业四八级词汇表
scathing,ˈskeɪðɪŋ,,adj.,英语专业四八级词汇表
scathing,ˈskeɪðɪŋ,,(评判、批评等)严酷的，苛刻的,英语专业四八级词汇表
scatter,ˈskætə,v.,1. 使分散，使消散 2. 散播，撒播,英语专业四八级词汇表
scatterbrain,ˈskætəbreɪn,n.,精神不集中的人，健忘的人,英语专业四八级词汇表
scavenge,ˈskævɪndʒ,v.,1.,英语专业四八级词汇表
scavenge,ˈskævɪndʒ,,(动物)食腐肉 2. 在废物中寻觅(有用物品) 3. 排除废气,英语专业四八级词汇表
scavenger,ˈskævɪndʒə,n.,"食腐肉的兽(鸟),捡破烂的人",英语专业四八级词汇表
scenario,sɪˈnɑːrɪəʊ,n.,1. 剧本，脚本 2. 概要，梗概,英语专业四八级词汇表
scene,siːn,n.,1. 出事地点，场景 2. 情景，实况 3. 风景，景象 4.,英语专业四八级词汇表
scene,siːn,,(戏剧或电影的)一场，一景 5. 道具布置，布景 6. 吵闹，斗气 ||  behind the scenes秘密地，私下,英语专业四八级词汇表
scenery,ˈsiːnərɪ,n.,1. 风景，景色 2.,英语专业四八级词汇表
scenery,ˈsiːnərɪ,,(舞台的)布景，道具布景,英语专业四八级词汇表
scenic,ˈsiːnɪk,adj.,风景(优美)的，天然景色的,英语专业四八级词汇表
scent,sent,n.,1. 气味，香味 2.,英语专业四八级词汇表
scent,sent,,(猎物的)臭迹 3. 嗅觉,英语专业四八级词汇表
sceptical,ˈskeptɪkəl,adj.,多疑的,英语专业四八级词汇表
scepticism,ˈskeptɪsɪzəm,n.,怀疑态度，怀疑主义,英语专业四八级词汇表
schedule,ˈʃedjuːl,n.,1. 进度表，计划 2. 时刻表，班次表 v. 预定，排定，安排,英语专业四八级词汇表
schema,ˈskiːmə,n.,图解，略图，纲要,英语专业四八级词汇表
schematize,ˈskiːmətaɪz,v.,制订方案,英语专业四八级词汇表
scheme,skiːm,n.,1. 安排，配置，系统 2. 计划，方案 3. 诡计，阴谋 v. 1. 设计，策划 2. 图谋，密谋,英语专业四八级词汇表
schizophrenia,ˌskɪtsəʊˈfriːnɪə,n.,精神分裂症,英语专业四八级词汇表
scholar,ˈskɒlə,n.,1. 学者，博学之士 2. 学生，门徒,英语专业四八级词汇表
scholarly,ˈskɒləlɪ,adj.,1. 博学的，有学者风度的 2. 学术性的,英语专业四八级词汇表
scholarship,ˈskɒləʃɪp,n.,奖学金,英语专业四八级词汇表
scholastic,skəˈlæstɪk,adj.,1. 学校的，学业的 2. 经院哲学的，烦琐哲学的，学究的,英语专业四八级词汇表
school,skuːl,n.,1. 学校 2. 大学的院、系、研究所 3. 学派 4. 上课，上学 || at school上课，上学 /come (go ) to school上学,英语专业四八级词汇表
schoolboy,ˈskuːlbɔɪ,n.,男学生,英语专业四八级词汇表
schoolchild,ˈskuːltʃaɪld,,n.,英语专业四八级词汇表
schoolchild,ˈskuːltʃaɪld,,(中小学的)学生,英语专业四八级词汇表
schoolgirl,ˈskuːlɡɜːl,n.,女学生,英语专业四八级词汇表
schoolmaster,ˈskuːlˌmɑːstə,n.,男教师，校长,英语专业四八级词汇表
schoolmistress,ˈskuːlˌmɪstrɪs,n.,女教师，女校长,英语专业四八级词汇表
science,ˈsaɪəns,n.,1. 科学，科学研究 2. 某门科学,英语专业四八级词汇表
scientific,ˌsaɪənˈtɪfɪk,adj.,科学的，合乎科学原则的,英语专业四八级词汇表
scientist,ˈsaɪəntɪst,n.,科学家,英语专业四八级词汇表
scintillation,‚sɪntɪ'leɪʃən,n.,1. 才智横溢 2. 闪烁，闪耀,英语专业四八级词汇表
scissors,ˈsɪzəz,n.,剪刀,英语专业四八级词汇表
scold,skəʊld,v.,斥责，呵斥,英语专业四八级词汇表
scoop,skuːp,n.,1. 铲子，勺子 2. 抢先报道的新闻 v. 1. 舀出 2. 抢在(对手等)之前报道新闻,英语专业四八级词汇表
scooter,ˈskuːtə,n.,1. 小型摩托车 2. 踏板车,英语专业四八级词汇表
scope,skəʊp,n.,1.,英语专业四八级词汇表
scope,skəʊp,,(问题、学科等的)范围，领域 2.,英语专业四八级词汇表
scope,skəʊp,,(行动或思考的)余地，机会,英语专业四八级词汇表
scorch,skɔːtʃ,v.,烤焦，烧焦，烫焦，灼 n. 烧焦处，焦痕,英语专业四八级词汇表
scorching,ˈskɔːtʃɪŋ,adj.,1. 灼热的，烧焦似的 2.,英语专业四八级词汇表
scorching,ˈskɔːtʃɪŋ,,(批评等)尖刻的，猛烈的,英语专业四八级词汇表
score,skɔː,n.,1. 得分，得点，得分记录 2. 乐谱 3. 二十 || scores of很多 v. 1. 得分，获分 2. 记下，记住，计算 3. 记入总谱，作成管弦乐,英语专业四八级词汇表
scoring,ˈskɔːrɪŋ,n.,1. 得分 2. 总谱,英语专业四八级词汇表
scorn,ˈskɔːn,n.,1. 轻蔑，蔑视 2. 轻蔑、嘲笑的对象 v. 轻蔑，蔑视,英语专业四八级词汇表
scorpion,ˈskɔːpɪən,n.,蝎子,英语专业四八级词汇表
Scotch,skɒtʃ,adj.,苏格兰人的，苏格兰的(主要用于某些产品如酒、汤等) || the Scotch 苏格兰人,英语专业四八级词汇表
scotch,skɒtʃ,v.,粉碎，消灭，戳穿,英语专业四八级词汇表
Scotland,ˈskɒtlənd,n.,苏格兰 || Scotland Yard伦敦警察厅,英语专业四八级词汇表
Scots,skɒts,adj.,苏格兰的，苏格兰人的，苏格兰语的(仅指苏格兰的人、语言和法律),英语专业四八级词汇表
Scotsman,ˈskɒtsmən,,(pl Scotsmen) n. 苏格兰男子,英语专业四八级词汇表
Scotswoman,ˈskɒtsˌwʊmən,,(pl Scotswomen) n. 苏格兰女子,英语专业四八级词汇表
Scottish,ˈskɒtɪʃ,adj.,苏格兰的(用于指苏格兰的人和事)  n. 苏格兰语，苏格兰英语,英语专业四八级词汇表
scoundrel,ˈskʊndrəl,n.,恶棍，流氓，坏蛋,英语专业四八级词汇表
scout,skaʊt,n.,1. 侦察员，侦察机，侦察舰 2. 童子军 3. 物色人才者,英语专业四八级词汇表
scowl,skaʊl,n.,皱眉，怒容 v. 皱眉，怒视,英语专业四八级词汇表
scramble,ˈskræmbl,v.,1. 爬行，攀爬 2. 杂乱蔓延 3. 争夺，抢夺 n. 1. 攀缘，爬行 2. 争夺，抢夺,英语专业四八级词汇表
scrap,skræp,n.,1. 小片，碎屑 2. 废料，废物 3.,英语专业四八级词汇表
scrap,skræp,,(从刊物等剪下以供收集的)图片，文章，残篇,英语专业四八级词汇表
scrape,skreɪp,v.,1. 刮，削，擦，刮落，擦去 2. 刮坏，擦伤 3. 擦过，勉强通过 n. 擦伤，擦痕,英语专业四八级词汇表
scratch,skrætʃ,v.,1. 抓，搔 2. 勾掉，划去 n. 1. 抓，搔 2. 抓痕，搔痕,英语专业四八级词汇表
scrawl,skrɔːl,v.,潦草地书写 n. 潦草的笔迹，潦草的文字，涂鸦,英语专业四八级词汇表
scrawny,ˈskrɔːnɪ,adj.,瘦的，皮包骨的,英语专业四八级词汇表
scream,skriːm,v.,1. 尖声叫喊 2.,英语专业四八级词汇表
scream,skriːm,,(指风、机器等)呼啸，发尖锐声 n. 尖叫声,英语专业四八级词汇表
screech,skriːtʃ,v.,. 1. 发尖声 2. 愤怒或痛苦地尖叫 n. 尖叫，尖锐声,英语专业四八级词汇表
screen,skriːn,n.,1. 屏，幕，帘，帐，隔板 2. 银幕，荧光屏 v. 1. 遮蔽，隐藏，掩护 2. 甄别，选拔 3. 放映或播放(影片或电视节目),英语专业四八级词汇表
screenplay,ˈskriːnpleɪ,n.,电影剧本，剧本,英语专业四八级词汇表
screw,skruː,n.,1. 螺丝钉，螺旋 2. 螺旋式的转动，螺旋的拧动 v. 1.,英语专业四八级词汇表
screw,skruː,,(用螺丝)固定，(用螺钉)钉住 2. 扭紧，旋紧,英语专业四八级词汇表
screwdriver,ˈskruːˌdraɪvə,n.,螺丝刀,英语专业四八级词汇表
scribble,ˈskrɪbl,v.,1. 乱写，乱涂 2. 潦草地书写 n. 乱涂乱写的东西，潦草的字迹,英语专业四八级词汇表
scribe,skraɪb,n.,1.,英语专业四八级词汇表
scribe,skraɪb,,(印刷术发明前的)抄写员 2.,英语专业四八级词汇表
scribe,skraɪb,,(圣经时代的)文士，经师,英语专业四八级词汇表
script,skrɪpt,n.,1. 手迹，笔迹 2. 手稿，原稿，(尤指)戏剧脚本,英语专业四八级词汇表
scripture,ˈskrɪptʃə,n.,1. 圣经 || the scriptures圣经 2.,英语专业四八级词汇表
scripture,ˈskrɪptʃə,,(pl)(基督教以外的)经典，经文 || Buddhist scriptures佛经,英语专业四八级词汇表
scriptwriter,ˈskrɪptˌraɪtə,,n.,英语专业四八级词汇表
scriptwriter,ˈskrɪptˌraɪtə,,(电影、电视及广播剧等的)撰稿人,英语专业四八级词汇表
scroll,skrəʊl,n.,1. 卷轴，纸卷 2.,英语专业四八级词汇表
scroll,skrəʊl,,(石刻或木刻上的)涡卷形装饰或花纹,英语专业四八级词汇表
scrounge,ˈskraʊndʒ,v.,擅取，借取，捞取,英语专业四八级词汇表
scrum,skrʌm,n.,1.,英语专业四八级词汇表
scrum,skrʌm,,(橄榄球赛中)双方球员争球 2. 你争我夺乱成一团的人群,英语专业四八级词汇表
scruple,ˈskruːpl,n.,1. 顾忌，顾虑 2. 重量单位(等于 20格令)  v.,英语专业四八级词汇表
scruple,ˈskruːpl,,(因有顾忌而)犹豫,英语专业四八级词汇表
scrupulous,ˈskruːpjʊləs,adj.,审慎的，严格认真的,英语专业四八级词汇表
"scrutinise, scrutinize",ˈskruːtɪnaɪz,v.,仔细、彻底检查(某事物),英语专业四八级词汇表
scrutiny,ˈskruːtɪnɪ,n.,细察，详审,英语专业四八级词汇表
scuba,ˈskuːbə,n.,水下呼吸器，水肺,英语专业四八级词汇表
scuffle,ˈskʌfl,v.,&n. 扭打，混战,英语专业四八级词汇表
sculptor,ˈskʌlptə,n.,雕塑家，雕刻师,英语专业四八级词汇表
sculpture,ˈskʌlptʃə,n.,1. 雕刻术，雕刻，雕塑 2. 雕刻品，雕塑品,英语专业四八级词汇表
scum,skʌm,n.,1.,英语专业四八级词汇表
scum,skʌm,,(煮沸液体表面的)泡沫，(池塘或其他静止水面上的)浮垢，浮渣 2. 一群坏人或卑贱的人,英语专业四八级词汇表
scupper,ˈskʌpə,v.,1. 故意弄沉(自己的船) 2. 使(某事物)失败，摧毁,英语专业四八级词汇表
scurf,skɜːf,n.,皮屑，头皮屑,英语专业四八级词汇表
scurry,ˈskʌrɪ,v.,小步快跑，快跑 n. 小步快跑,英语专业四八级词汇表
scythe,saɪð,,n.,英语专业四八级词汇表
scythe,saɪð,,(长柄)大镰刀 v. 以大镰刀割,英语专业四八级词汇表
sea,siː,n.,1. 海，海水，海洋 2.,英语专业四八级词汇表
sea,siː,,(用于专有名词中的)海 || the Yellow Sea黄海 [at sea 在海上] go to sea当水手 /on the sea在海边，在海滨,英语专业四八级词汇表
seafood,ˈsiːfuːd,n.,海产食品，海鲜,英语专业四八级词汇表
seagull,ˈsiːɡʌl,n.,海鸥,英语专业四八级词汇表
seam,siːm,n.,缝，接缝,英语专业四八级词汇表
seaman,ˈsiːmən,n.,1. 水兵 2. 海员，水手,英语专业四八级词汇表
seaport,ˈsiːpɔːt,n.,1. 海港 2. 海港市镇,英语专业四八级词汇表
search,sɜːtʃ,v.,1. 搜寻，查究，搜查 2. 探查，探索，追溯  n. 1. 搜寻，搜查 2. 调查，探究 || in search of搜寻，搜查,英语专业四八级词汇表
sea-shell,ˈsiːʃel,n.,海贝壳,英语专业四八级词汇表
seashore,ˈsiːʃɔː,n.,海岸，海滨，海边,英语专业四八级词汇表
seasick,ˈsiːsɪk,adj.,晕船的,英语专业四八级词汇表
seasickness,ˈsiːsɪknəs,n.,晕船,英语专业四八级词汇表
seaside,ˈsiːsaɪd,n.,海滨(尤指度假胜地),英语专业四八级词汇表
season,ˈsiːzən,n.,1. 季节(四季之一) 2.,英语专业四八级词汇表
season,ˈsiːzən,,(特定的)时期，活动期 || in season(指食物)上市，当令，在旺季 /out of season未上市，下市，在淡季 v. 1. 调味，为…加味 2. 使适用，变为适用,英语专业四八级词汇表
seasoning,ˈsiːzənɪŋ,n.,调味品，作料,英语专业四八级词汇表
seat,siːt,n.,1. 座位 2. 席位，席次 3. 臀部 || take a seat 坐下 v. 1. 使坐下 2. 可容纳 /,英语专业四八级词汇表
seat,siːt,be,seated坐着，坐下,英语专业四八级词汇表
seatbelt,ˈsiːtbelt,,n.,英语专业四八级词汇表
seatbelt,ˈsiːtbelt,,(飞机、汽车等)安全带,英语专业四八级词汇表
seaward,ˈsiːwəd,adj.,1. 向海的 2.,英语专业四八级词汇表
seaward,ˈsiːwəd,,(风)从海面吹来的 adv. 向海  n. 朝海的方向,英语专业四八级词汇表
seaweed,ˈsiːwiːd,n.,海藻，(尤指海边岩石上的)海草,英语专业四八级词汇表
secession,sɪˈseʃən,n.,退出，脱离,英语专业四八级词汇表
seclude,sɪˈkluːd,v.,使隔离，使隐退(尤指自己),英语专业四八级词汇表
secluded,sɪˈkluːdɪd,adj.,隐退的，僻静的，隔绝的,英语专业四八级词汇表
secondary,ˈsekəndərɪ,adj.,第二的，从属的，次要的,英语专业四八级词汇表
secondhand,ˌsekəndˈhænd,adj.,1. 用过的，旧的 2. 间接的，二手的,英语专业四八级词汇表
secrecy,ˈsiːkrəsɪ,n.,1. 保密 2. 秘密状态,英语专业四八级词汇表
secret,ˈsiːkrɪt,adj.,1. 秘密的 2.,英语专业四八级词汇表
secret,ˈsiːkrɪt,,(指地方)幽僻的 3. 私下的，秘而不宣的 n. 1. 秘密，机密 2. 秘诀，窍门 3. 奥秘，神秘的事物 || in secret暗地的，偷偷的,英语专业四八级词汇表
secretarial,ˌsekrɪˈteəriəl,adj.,1. 秘书的，书记的 2. 部长的，大臣的,英语专业四八级词汇表
secretariat,ˌsekrəˈteərɪət,n.,秘书处，书记处,英语专业四八级词汇表
secretary,ˈsekrətərɪ,n.,1. 秘书，书记 2. 大臣，部长 3. 干事，文书,英语专业四八级词汇表
secrete,sɪˈkriːt,v.,1.,英语专业四八级词汇表
secrete,sɪˈkriːt,,(指器官)分泌(某物质) 2. 隐藏，藏匿,英语专业四八级词汇表
secretive,ˈsiːkrətɪv,adj.,守口如瓶的,英语专业四八级词汇表
sect,sekt,,n.,英语专业四八级词汇表
sect,sekt,,(尤指宗教的)派别，宗派,英语专业四八级词汇表
sectarian,sekˈteərɪən,adj.,宗派的，教派的,英语专业四八级词汇表
section,ˈsekʃən,n.,1. 部分，片段 2. 部件，零件 3.,英语专业四八级词汇表
section,ˈsekʃən,,(书、文件等的)节，款，项，段 4.,英语专业四八级词汇表
section,ˈsekʃən,,(组  织机构中的)处，科，组等 5.,英语专业四八级词汇表
section,ˈsekʃən,,(城镇、国家或社会的内)地区，区域,英语专业四八级词汇表
sector,ˈsektə,n.,1. 扇形 2.,英语专业四八级词汇表
sector,ˈsektə,,(活动领域的)部门 3. 战区，防区,英语专业四八级词汇表
secular,ˈsekjʊlə,adj.,1. 世俗的，现世的 2.,英语专业四八级词汇表
secular,ˈsekjʊlə,,(指教士)不属修道院的,英语专业四八级词汇表
secure,sɪˈkjʊə,adj.,1. 安全的，保险的 2. 稳固的，牢靠的 v. 1. 使安全，使可靠 2. 获得，取得,英语专业四八级词汇表
security,sɪˈkjʊərətɪ,n.,1. 安全，平安 2. 治安防卫(部门) 3. 债券，股票,英语专业四八级词汇表
sedan,sɪˈdæn,n.,轿子,英语专业四八级词汇表
sedative,ˈsedətɪv,n.,镇静药,英语专业四八级词汇表
sediment,ˈsedɪmənt,n.,1. 沉淀物 2. 沉积物(如沙、砾石、泥等),英语专业四八级词汇表
seduce,sɪˈdjuːs,v.,1. 勾引，诱奸 2. 诱惑，引诱,英语专业四八级词汇表
seductive,sɪˈdʌktɪv,adj.,有魅力的，诱人的,英语专业四八级词汇表
seduction,sɪˈdʌkʃən,n.,1. 引诱，勾引 2. 诱惑力，吸引力,英语专业四八级词汇表
see,siː,v.,1. 看见 2. 了解，领会，明白 3. 会见，访问，接见 4. 想，思考 5. 经历，阅历 6. 留神，当心 || see about处理，安排 [see sb off为某人送行] see through sb (sth)识破，看穿 /see to sth留意，照料,英语专业四八级词汇表
seed,siːd,n.,1. 种，种子 2. 根源，起因，开端 v. 播种,英语专业四八级词汇表
seedling,ˈsiːdlɪŋ,n.,幼苗,英语专业四八级词汇表
seedy,ˈsiːdɪ,adj.,1. 褴褛的，破旧的 2. 精神不佳的，情绪低落的,英语专业四八级词汇表
seek,siːk,v.,1. 寻找，觅求 2. 请求，要求 || seek after (for)试图获得,英语专业四八级词汇表
seem,siːm,v.,似乎，好像，仿佛,英语专业四八级词汇表
seemingly,ˈsiːmɪŋlɪ,adv.,看上去，表面上,英语专业四八级词汇表
seep,siːp,,v.,英语专业四八级词汇表
seep,siːp,,(液体)渗出，渗漏,英语专业四八级词汇表
seesaw,ˈsiːsɔː,n.,1. 跷跷板 2. 上下往复的运动，起伏不定,英语专业四八级词汇表
seethe,siːð,v.,1.,英语专业四八级词汇表
seethe,siːð,,(液体)煮沸，沸腾 2. 激动，骚动 3. 拥挤,英语专业四八级词汇表
segment,ˈseɡmənt,n.,部分，片，片段 v. 分割,英语专业四八级词汇表
segregate,ˈseɡrɪɡeɪt,v.,1. 将…隔离、分开 2. 歧视，不公平对待,英语专业四八级词汇表
segregation,ˌseɡrɪˈɡeɪʃən,n.,1. 分离，隔离 2. 种族歧视,英语专业四八级词汇表
seize,siːz,v.,1. 攫取，抓住 2. 强占，夺取 3. 扣押，没收,英语专业四八级词汇表
seizure,ˈsiːʒə,n.,1. 扣押，没收 2.,英语专业四八级词汇表
seizure,ˈsiːʒə,,(疾病的)突然发作,英语专业四八级词汇表
seldom,ˈseldəm,adv.,很少，不常，难得,英语专业四八级词汇表
select,sɪˈlekt,v.,选择，挑选，选拔 adj. 1. 精选的，杰出的 2. 苛刻的，挑剔的,英语专业四八级词汇表
selection,sɪˈlekʃən,n.,1. 选择，挑选，淘汰 2. 精选集，供选择之物,英语专业四八级词汇表
selective,sɪˈlektɪv,adj.,1. 选择的，选择性的 2. 挑拣的,英语专业四八级词汇表
selenium,sɪˈliːnɪəm,n.,硒,英语专业四八级词汇表
self,self,n.,自己，本身,英语专业四八级词汇表
self-annihilation,ˈself-əˌnaɪəˈleɪʃən,n.,自我毁灭,英语专业四八级词汇表
self-confidence,ˌselfˈkɒnfɪdəns,n.,自信,英语专业四八级词汇表
self-conscious,ˌself ˈkɒnʃəs,adj.,1. 忸怩的，不自然的 2. 自觉的,英语专业四八级词汇表
self-contained,ˌself kənˈteɪnd,adj.,1.,英语专业四八级词汇表
self-contained,ˌself kənˈteɪnd,,(指住所)有独立设施的，(通常指)独门独户的 2.,英语专业四八级词汇表
self-contained,ˌself kənˈteɪnd,,(指人)拘谨的，不需与他人来往的,英语专业四八级词汇表
self-control,ˌself kənˈtrəʊl,n.,自制力,英语专业四八级词汇表
self-criticism,ˌself ˈkrɪtɪsɪzəm,n.,自我批评,英语专业四八级词汇表
self-education,ˈselfˌedʒʊˈkeɪʃən,n.,自我教育，自学,英语专业四八级词汇表
self-effacing,ˌself ɪˈfeɪsɪŋ,adj.,不求闻达的，谦逊的,英语专业四八级词汇表
self-evident,ˌself ˈevɪdənt,adj.,不言而喻的,英语专业四八级词汇表
self-fulfilling,ˌself fʊlˈfɪlɪŋ,adj.,自我满足的,英语专业四八级词汇表
self-government,selfˈɡʌvənmənt,n.,1. 自治 2. 自制,英语专业四八级词汇表
self-interest,ˌself ˈɪntrəst,n.,私利，利己(之心),英语专业四八级词汇表
selfish,ˈselfɪʃ,adj.,自利的，利己的，自私的,英语专业四八级词汇表
selfless,ˈselflɪs,adj.,无私的,英语专业四八级词汇表
self-made,selfˈmeɪd,adj.,靠自己的努力成功的，白手起家的,英语专业四八级词汇表
self-opinionated,ˌself ə'pɪnjəneɪtɪd,adj.,固执己见的，执迷不悟的，刚惶自用的,英语专业四八级词汇表
self-pity,self ˈpɪtɪ,n.,自怜,英语专业四八级词汇表
self-possessed,ˌself pəˈzest,adj.,沉着的，冷静的，有信心的,英语专业四八级词汇表
self-preservation,ˌselfˌprezəˈveɪʃən,n.,自我保护，自身保存,英语专业四八级词汇表
self-reliant,ˌself rɪˈlaɪənt,adj.,依靠自己的，信赖自己的,英语专业四八级词汇表
self-respect,ˌself rɪˈspekt,n.,自尊(心)，自重,英语专业四八级词汇表
self-restraint,ˌself rɪˈstreɪnt,n.,自我约束,英语专业四八级词汇表
self-service,ˌselfˈsɜːvɪs,n.,自我服务，自助式,英语专业四八级词汇表
self-styled,selfˈstaɪld,adj.,自称的，自任的，自行使用某名字，头衔等,英语专业四八级词汇表
self-sufficient,ˌself səˈfɪʃənt,adj.,1. 自己自足的 2. 过于自信的，傲慢的,英语专业四八级词汇表
self-taught,selfˈtɔːt,adj.,自学成才的,英语专业四八级词汇表
self-willed,selfˈwɪld,adj.,执拗的，固执己见的,英语专业四八级词汇表
sell,sel,v.,1. 销售，出售 2. 经营，经销 3. 被卖出，有买主 || sell out卖光，全部卖出,英语专业四八级词汇表
seller,ˈselə,n.,卖者，卖方，卖出的东西 ||seller’s market卖方市场 /best-seller畅销货(书),英语专业四八级词汇表
semantic,sɪˈmæntɪk,adj.,语义的，语义学的,英语专业四八级词汇表
semantics,sɪˈmæntɪks,n.,语义学,英语专业四八级词汇表
semblance,ˈsembləns,n.,外表，外观，相似,英语专业四八级词汇表
semester,sɪˈmestə,n.,一学期,英语专业四八级词汇表
semicolon,ˌsemɪˈkəʊlən,n.,分号,英语专业四八级词汇表
semi-conductor,ˌsemɪkənˈdʌktə,n.,半导体,英语专业四八级词汇表
seminal,ˈsemɪnəl,adj.,1. 种子的，精液的 2. 对以后发展有巨大影响的,英语专业四八级词汇表
semi-skilled,ˌsemɪ ˈskɪld,,adj.,英语专业四八级词汇表
semi-skilled,ˌsemɪ ˈskɪld,,(指工作者)半熟练的，(指工作)为半熟练工作者的,英语专业四八级词汇表
senate,ˈsenɪt,n.,1. 上议院，参议院 2.,英语专业四八级词汇表
senate,ˈsenɪt,,(古罗马的)元老院,英语专业四八级词汇表
senator,ˈsenətə,n.,参议员,英语专业四八级词汇表
senatorial,ˌsenəˈtɔːrɪəl,adj.,参议(院)员的,英语专业四八级词汇表
send,send,v.,1. 送，寄，派，遣 2. 使变成，促使 || send for 派人去叫，召唤 [send sth off 寄出，发送] send sb off为某人送别 [send on转寄，转送] send out①发出，分发②放出，长出 /send up使…上升,英语专业四八级词汇表
senile,ˈsiːnaɪl,adj.,衰老的,英语专业四八级词汇表
senility,sɪˈnɪlətɪ,n.,衰老的状态,英语专业四八级词汇表
senior,ˈsiːnɪə,adj.,年长的，资深的 n. 1. 年长者，资深者 2.,英语专业四八级词汇表
senior,ˈsiːnɪə,,(AmE)高中、学院或大学毕业班的学生，大学四年级的学生,英语专业四八级词汇表
seniority,ˌsiːnɪˈɒrətɪ,n.,1. 年长，级别高，资格老 2. 年长、级别高或资格老的程度,英语专业四八级词汇表
sensation,senˈseɪʃən,n.,1. 感觉，知觉 2. 轰动，激动,英语专业四八级词汇表
sensational,senˈseɪʃənəl,adj.,1. 轰动的，耸人听闻的 2. 极好的，绝妙的,英语专业四八级词汇表
sense,sens,n.,1. 官能，感觉，知觉 2. 辨识，赏识，领悟 3. 意思，意味 4. 意识，自觉 5. 判断力，判断，见识 || in a sense从某种意义上说 [make sense有意义] out of one's senses心智不健全的，癫狂的 v. 感知，理会，了解，明白,英语专业四八级词汇表
senseless,ˈsenslɪs,adj.,1. 无意义的，愚蠢的 2. 无感觉的，失去知觉的,英语专业四八级词汇表
sensibility,ˌsensəˈbɪlətɪ,n.,1. 敏感性，灵敏度 2.,英语专业四八级词汇表
sensibility,ˌsensəˈbɪlətɪ,,(pl)(易生气或易受刺激的)感情,英语专业四八级词汇表
sensible,ˈsensəbl,adj.,1. 明智的，明理的 2. 知道的，察觉的 3. 感觉得到的，显著的,英语专业四八级词汇表
sensitive,ˈsensətɪv,adj.,1. 敏感的，感觉灵敏的 2. 易受伤害的，易被冒犯的 3. 过敏的，神经过敏的,英语专业四八级词汇表
sensitivity,ˌsensɪˈtɪvətɪ,n.,敏感性，灵敏度,英语专业四八级词汇表
sensor,ˈsensə,n.,传感器,英语专业四八级词汇表
sensory,ˈsensərɪ,adj.,感官功能的，感觉的，感受的,英语专业四八级词汇表
sensual,ˈsenʃʊəl,adj.,1. 肉体上的，感官上的 2. 官能享受的，好色的,英语专业四八级词汇表
sensuous,ˈsenʃʊəs,adj.,1. 刺激感官的，激发美感的 2. 官能享受的，好色的,英语专业四八级词汇表
sentence,ˈsentəns,n.,1. 句子 2. 判决 || make sentences with用…造句 v. 宣判，判决 || sentence sb to death判处某人死刑,英语专业四八级词汇表
sentiment,ˈsentɪmənt,n.,1. 柔情，伤感，多愁善感 2. 思想感情，情绪，情操,英语专业四八级词汇表
sentimental,ˌsentɪˈmentəl,adj.,1. 情感的，情绪的 2. 表达或引起柔弱情感的,英语专业四八级词汇表
sentinel,ˈsentɪnəl,n.,岗哨，哨兵,英语专业四八级词汇表
sentry,ˈsentrɪ,n.,哨兵，守护,英语专业四八级词汇表
separate,ˈsepərət,adj.,1. 分离的，分开的 2. 各自的，单独的 [ˈsepəreɪt] v. 1. 使分离，分开，隔开 2. 区分，识别 3.,英语专业四八级词汇表
separate,ˈsepərət,,(夫妻)分居 || separate sth from sth把…从…中分离,英语专业四八级词汇表
separately,ˈsepərətlɪ,adv.,分别地,英语专业四八级词汇表
separation,ˌsepəˈreɪʃən,n.,1. 分离，隔开 2. 分居,英语专业四八级词汇表
separatist,ˈsepərətɪst,n.,分离主义者，独立主义者,英语专业四八级词汇表
September,sepˈtembə,n.,九月,英语专业四八级词汇表
sepulchre,ˈsepəlkə,n.,坟墓，塚,英语专业四八级词汇表
sequel,ˈsiːkwəl,n.,1. 结局，后果 2. 续集，续篇,英语专业四八级词汇表
sequence,ˈsiːkwəns,n.,1. 连续，一连串，系列 2.,英语专业四八级词汇表
sequence,ˈsiːkwəns,,(事情发生的先后)次序，顺序,英语专业四八级词汇表
serenade,ˌserəˈneɪd,n.,小夜曲,英语专业四八级词汇表
serene,sɪˈriːn,adj.,安详的，平静的，宁谧的,英语专业四八级词汇表
serenely,sɪˈriːnlɪ,adv.,安详地，平静地,英语专业四八级词汇表
serenity,sɪˈrenətɪ,n.,平静，宁静,英语专业四八级词汇表
serf,sɜːf,n.,1.,英语专业四八级词汇表
serf,sɜːf,,(封建制度中的)农奴 2. 像奴隶般受奴役的人,英语专业四八级词汇表
sergeant,ˈsɑːdʒənt,n.,1. 士官，中士 2. 警官，巡佐,英语专业四八级词汇表
serial,ˈsɪərɪəl,adj.,1. 连续的 2.,英语专业四八级词汇表
serial,ˈsɪərɪəl,,(指故事等)连续刊登或播出的 n. 连续剧，连载故事,英语专业四八级词汇表
series,ˈsɪəriːz,n.,一连串，一系列，连续,英语专业四八级词汇表
serious,ˈsɪərɪəs,adj.,1. 严肃的，庄重的 2. 严重的，重大的 3. 认真的，真诚的,英语专业四八级词汇表
sermon,ˈsɜːmən,n.,讲道，布道,英语专业四八级词汇表
serpent,ˈsɜːpənt,n.,1. 蛇 2. 狡脍的人 || the old Serpent 魔王，魔鬼,英语专业四八级词汇表
serrated,səˈreɪtɪd,adj.,边缘呈锯齿状的，有锯齿形边缘的,英语专业四八级词汇表
serum,ˈsɪərəm,n.,1.,英语专业四八级词汇表
serum,ˈsɪərəm,,(动物体内的)浆液 2. 血清 3. 免疫血清,英语专业四八级词汇表
servant,ˈsɜːvənt,n.,仆人，佣人,英语专业四八级词汇表
serve,sɜːv,v.,1. 为…服务，为…效劳 2. 服侍，接待 3. 符合某需要或目的,英语专业四八级词汇表
service,ˈsɜːvɪs,n.,1. 服务，效劳 2. 服侍，招待 3. 公益事业，公共服务 4. 维修，保养 5. 宗教仪式 6.,英语专业四八级词汇表
service,ˈsɜːvɪs,,(全套)餐具 || at sb’s service听某人吩咐 [be of service能帮忙的，有用的] do sb a service帮某人忙 /in service ①在使用中②正在服役,英语专业四八级词汇表
serviceable,ˈsɜːvɪsəbl,adj.,1. 可使用的 2. 坚固耐用的,英语专业四八级词汇表
serviceman,ˈsəːvɪsmən,n.,军人,英语专业四八级词汇表
servile,ˈsɜːvaɪl,adj.,奴性的，卑屈的,英语专业四八级词汇表
servility,sɜːˈvɪlətɪ,n.,过分屈从的行为(态度),英语专业四八级词汇表
servitude,ˈsɜːvɪtjuːd,n.,奴役(状况),英语专业四八级词汇表
sesame,ˈsesəmɪ,n.,芝麻,英语专业四八级词汇表
session,ˈseʃən,n.,1. 会议，会期，开庭期 2. 从事某项活动的一段时间,英语专业四八级词汇表
set,set,n.,1. 套，组，副 2. 收音机，电视机，接收机 3. 布景，场景 4. 同类的人，阶层，界 || a set of一套 [TV set电视机] the literary (racing，golfing) set爱好文学(赛马、高尔夫球的)一伙人,英语专业四八级词汇表
setback,ˈsetbæk,n.,挫折，挫败,英语专业四八级词汇表
set-piece,ˈset ˈpiːs,,n.,英语专业四八级词汇表
set-piece,ˈset ˈpiːs,,(小说、电影、戏剧等中)以固定模式或风格安排的场景,英语专业四八级词汇表
settee,seˈtiː,n.,长靠椅，长沙发椅,英语专业四八级词汇表
setting,ˈsetɪŋ,n.,背景，环境,英语专业四八级词汇表
settle,ˈsetl,v.,1. 安家，定居 2. 使镇定，使稳定 3. 了结，决定 4. 安身，安放 5. 停留，栖息 6. 偿付，结算 || settle down定居，过安定的生活 [settle on (upon)决定] settle up付清，了结 /settle with…和…取得谅解,英语专业四八级词汇表
settlement,ˈsetlmənt,n.,1. 移民，殖民 2.,英语专业四八级词汇表
settlement,ˈsetlmənt,,(新的)定居点 3. 解决，和解,英语专业四八级词汇表
settler,ˈsetlə,n.,定居者，殖民者,英语专业四八级词汇表
seven,ˈsevən,n.,&adj. 七(的)，七个(的),英语专业四八级词汇表
seventeen,ˌsevənˈtiːn,n.,&adj. 十七(的)，十七个(的),英语专业四八级词汇表
seventh,ˈsevənθ,n.,&adj. 第七(的),英语专业四八级词汇表
seventieth,ˈsevəntɪɪθ,n.,"&adj. 第七十(的),第七十个(的)",英语专业四八级词汇表
seventy,ˈsevəntɪ,n.,&adj. 七十(的)，七十个(的),英语专业四八级词汇表
sever,ˈsevə,v.,切断，割开,英语专业四八级词汇表
several,ˈsevrəl,adj.,1. 几个的，数个的 2. 各自的，个别的 prop. 几个，数个,英语专业四八级词汇表
severe,sɪˈvɪə,adj.,1. 严厉的，严格的 2.,英语专业四八级词汇表
severe,sɪˈvɪə,,(气候等)严酷的，(痛苦等)剧烈的 3.,英语专业四八级词汇表
severe,sɪˈvɪə,,(状况等)严重的，艰难的 4.,英语专业四八级词汇表
severe,sɪˈvɪə,,(批评等)苛刻的，严厉的,英语专业四八级词汇表
severity,sɪˈverətɪ,n.,1. 严厉 2. 剧烈 3. 朴素 4.,英语专业四八级词汇表
severity,sɪˈverətɪ,,(pl)严厉的惩罚，艰苦的环境,英语专业四八级词汇表
sew,səʊ,v.,缝，缝纫，缝合,英语专业四八级词汇表
sewage,ˈsuːɪdʒ,n.,下水道的污物及污水,英语专业四八级词汇表
sewer,ˈsuːə,n.,下水道，排水管,英语专业四八级词汇表
sewerage,ˈsuːəɪdʒ,,n.,英语专业四八级词汇表
sewerage,ˈsuːəɪdʒ,,(下水道里的)污物,英语专业四八级词汇表
sex,seks,n.,1. 性，性别 2. 性交，性行为,英语专业四八级词汇表
sexism,ˈseksɪzəm,n.,性别偏见，性别歧视,英语专业四八级词汇表
sexist,ˈseksɪst,n.,有性别偏见或性别歧视的人 adj.,英语专业四八级词汇表
sexist,ˈseksɪst,,(表现)性别偏见的,英语专业四八级词汇表
sexual,ˈsekʃʊəl,adj.,1. 性行为的，两性的，性别的 2. 生殖的，有性生殖的,英语专业四八级词汇表
sexuality,ˌsekʃʊˈælətɪ,n.,性别特性或特征，性吸引，性感，性能力,英语专业四八级词汇表
sexy,ˈseksɪ,adj.,1. 引起性欲的，性感的，有魅力的 2.,英语专业四八级词汇表
sexy,ˈseksɪ,,(关于)性交的，性行为的 3. 色情的,英语专业四八级词汇表
shabby,ˈʃæbɪ,adj.,破旧的，褴褛的,英语专业四八级词汇表
shack,ʃæk,n.,简陋的小屋，窝棚,英语专业四八级词汇表
shade,ʃeɪd,n.,1. 荫，阴凉处 2. 阴暗部分，阴影 3.,英语专业四八级词汇表
shade,ʃeɪd,,(色彩的)浓淡 4. 遮罩，帘，幕 v. 1. 荫蔽，遮蔽 2. 渐变,英语专业四八级词汇表
shadow,ˈʃædəʊ,n.,1. 阴影，影子 2. 阴暗部分 3. 幻影，幽灵 4. 微量，少许,英语专业四八级词汇表
shadowy,ˈʃædəʊɪ,adj.,1. 多阴影的，阴暗的 2. 朦胧的,英语专业四八级词汇表
shady,ˈʃeɪdɪ,adj.,1. 遮阳的，背阴的 2. 可疑的，靠不住的,英语专业四八级词汇表
shaft,ʃɑːft,n.,1. 杆状物 2. 竖井，坑道 3. 车辕，车杠,英语专业四八级词汇表
shag,ʃæɡ,,n.,英语专业四八级词汇表
shag,ʃæɡ,,(欧洲或北美的)鸿鹅,英语专业四八级词汇表
shaggy,ˈʃæɡɪ,adj.,1. 毛发粗浓的，乱蓬蓬的 2. 毛茸茸的,英语专业四八级词汇表
shake,ʃeɪk,v.,1.,英语专业四八级词汇表
shake,ʃeɪk,,(使)摇动，(使)挥动，(使)震动 2. 动摇，减弱 3.,英语专业四八级词汇表
shake,ʃeɪk,,(指声音)颤抖 || shake  hands握手 /shake off 摆脱，避开,英语专业四八级词汇表
shaky,ˈʃeɪkɪ,adj.,1. 摇晃的，颤抖的 2. 不稳定的，不可靠的,英语专业四八级词汇表
shall,ʃæl;ʃəl;ʃl,,aux.,英语专业四八级词汇表
shall,ʃæl;ʃəl;ʃl,,v.,英语专业四八级词汇表
shall,ʃæl;ʃəl;ʃl,,(表示将来)将要，会,英语专业四八级词汇表
shallow,ˈʃæləʊ,adj.,1. 浅的 2. 浅薄的，肤浅的,英语专业四八级词汇表
sham,ʃæm,n.,1. 假货，赝品 2. 冒充者，骗子,英语专业四八级词汇表
shamble,ˈʃæmbl,v.,蹒跚而行，拖着脚走,英语专业四八级词汇表
shame,ʃeɪm,n.,1. 惭愧，羞耻，耻辱 2. 可耻之事物或人 3. 遗憾，惋惜之事 v. 1. 使蒙羞，站辱 2. 使感羞耻惭愧,英语专业四八级词汇表
shamefaced,ˌʃeɪmˈfeɪst,adj.,羞愧的，羞怯的,英语专业四八级词汇表
shameful,ˈʃeɪmfʊl,adj.,可耻的，丢脸的,英语专业四八级词汇表
shameless,ˈʃeɪmlɪs,adj.,无耻的，不要脸的,英语专业四八级词汇表
shampoo,ʃæmˈpuː,n.,洗发水,英语专业四八级词汇表
shanghai,ʃæŋˈhaɪ,,v.,英语专业四八级词汇表
shanghai,ʃæŋˈhaɪ,,(slang) 1. 诱骗(强迫)某人做某事 2. 用酒(麻醉剂)使(男子)失去知觉后将其掳走当水手,英语专业四八级词汇表
shape,ʃeɪp,n.,1. 外形，样子 2. 情况，状况 3. 模糊之物 || in shape在形状上，在外形上 /take shape成形 v. 使成形,英语专业四八级词汇表
shapely,ˈʃeɪplɪ,,adj.,英语专业四八级词汇表
shapely,ˈʃeɪplɪ,,(指女子身材)漂亮的，匀称的,英语专业四八级词汇表
share,ʃeə,n.,1. 一份，部分 2. 份额 3. 股票，股 v. 1. 分给，分配，分派 2. 共有，共用 3. 分摊，分享，共同负担 || share in分摊，分享,英语专业四八级词汇表
shareholder,ˈʃeəˌhəʊldə,n.,股东,英语专业四八级词汇表
shark,ʃɑːk,n.,鲨鱼,英语专业四八级词汇表
sharp,ʃɑːp,adj.,1. 锐利的，锋利的 2. 明晰的，明显的 3. 陡峭的，急转的 4. 尖锐的，刺耳的 5. 敏锐的，机警的 6. 尖刻的，苛刻的，严厉的 7. 精明的，狡猾的 adv. 1.,英语专业四八级词汇表
sharp,ʃɑːp,,(时间上)正，准，准时地 2. 突然地，急剧地,英语专业四八级词汇表
sharpen,ˈʃɑːpən,v.,使尖锐，使急剧,英语专业四八级词汇表
sharpener,ˈʃɑːpənə,n.,磨具，削具,英语专业四八级词汇表
shatter,ˈʃætə,v.,粉碎，损毁,英语专业四八级词汇表
shave,ʃeɪv,v.,1. 剃、刮(胡须等)，修面，刮脸 2. 刨，削，刮去薄薄的一层 3. 擦过 n. 1. 剃，刮，修面 2. 擦过，掠过,英语专业四八级词汇表
shawl,ʃɔːl,,n.,英语专业四八级词汇表
shawl,ʃɔːl,,(女用)披肩，围巾,英语专业四八级词汇表
she,ʃiː,prop.,她(主格),英语专业四八级词汇表
sheaf,ʃiːf,n.,1.,英语专业四八级词汇表
sheaf,ʃiːf,,(谷物捆成的)束，捆 2.,英语专业四八级词汇表
sheaf,ʃiːf,,(物品扎成的)捆，步七,英语专业四八级词汇表
shear,ʃɪə,v.,1. 剪(羊)毛 2. 折断，扭断,英语专业四八级词汇表
sheath,ʃiːθ,n.,1.,英语专业四八级词汇表
sheath,ʃiːθ,,(刀、剑等的)鞘，套 2. 避孕套,英语专业四八级词汇表
sheen,ʃiːn,,n.,英语专业四八级词汇表
sheen,ʃiːn,,(物品表面的)光辉，光泽,英语专业四八级词汇表
sheep,ʃiːp,n.,羊，绵羊,英语专业四八级词汇表
sheepish,ˈʃiːpɪʃ,adj.,羞怯的，局促不安的,英语专业四八级词汇表
sheer,ʃiːə,adj.,1. 纯粹的，全然的，地道的 2. 陡峭的，峻峭的,英语专业四八级词汇表
sheet,ʃiːt,n.,1. 被单，褥单 2. 平板，薄片 3. 一片，一大片,英语专业四八级词汇表
sheikh，sheik,ʃeɪk,n.,1.,英语专业四八级词汇表
sheikh，sheik,ʃeɪk,,(阿拉伯人的)家长，酋长 2. 回教教主,英语专业四八级词汇表
shelf,ʃelf,n.,架子，搁板,英语专业四八级词汇表
shell,ʃel,n.,1. 壳，甲，介壳，贝壳 2. 框架，骨架 3. 炮弹 v. 1. 剥壳，去壳 2. 炮击,英语专业四八级词汇表
shellfish,ˈʃelˌfɪʃ,n.,水生有壳动物,英语专业四八级词汇表
shelter,ˈʃeltə,n.,1. 庇护，保护，遮蔽 2. 庇护物，避难所,英语专业四八级词汇表
shepherd,ˈʃepəd,n.,牧羊人，牧人,英语专业四八级词汇表
sheriff,ˈʃerɪf,n.,1.,英语专业四八级词汇表
sheriff,ˈʃerɪf,,(AmE) 县司法官 2.,英语专业四八级词汇表
sheriff,ˈʃerɪf,,(BrE)郡长,英语专业四八级词汇表
sherry,ˈʃerɪ,n.,雪利酒,英语专业四八级词汇表
shield,ʃiːld,n.,1. 盾 2. 防护物，挡板 v. 保护，防御，掩护,英语专业四八级词汇表
shift,ʃɪft,v.,1. 移动，转移，变换 2. 推卸，清除 n. 1. 改变，变换 2. 轮班，换班,英语专业四八级词汇表
shilling,ˈʃɪlɪŋ,n.,先令(英国的货币单位),英语专业四八级词汇表
shimmer,ˈʃɪmə,v.,发闪烁的微光,英语专业四八级词汇表
shin,ʃɪn,n.,1. 外胫，胫骨 2.,英语专业四八级词汇表
shin,ʃɪn,,(牛的)小腿肉,英语专业四八级词汇表
shine,ʃaɪn,v.,1.,英语专业四八级词汇表
shine,ʃaɪn,,(使)发光，(使)发亮 2. 擦亮 3. 显得出众，杰出 n. 光泽，光辉,英语专业四八级词汇表
shiny,ˈʃaɪnɪ,adj.,发亮的，磨光的,英语专业四八级词汇表
ship,ʃɪp,n.,大船，舰  v. 用船运,英语专业四八级词汇表
shipboard,ˈʃɪpbɔːd,adj.,在船上的，在船上使用的或发生的,英语专业四八级词汇表
shipment,ˈʃɪpmənt,n.,1. 装船，装运 2. 装运的货物量,英语专业四八级词汇表
shipping,ˈʃɪpɪŋ,n.,1.,英语专业四八级词汇表
shipping,ˈʃɪpɪŋ,,(指一国或一海港的)船舶 2. 船运，海运,英语专业四八级词汇表
shipwreck,ˈʃɪprek,n.,船难，船只失事，海难 v. 使船遭难，使毁于船难,英语专业四八级词汇表
shipyard,ˈʃɪpjɑːd,n.,船坞，造船厂，修船所,英语专业四八级词汇表
shirk,ʃɜːk,v.,因偷懒·胆怯等)逃避(工作、责任等),英语专业四八级词汇表
shirt,ʃɜːt,n.,男衬衫，衬衫,英语专业四八级词汇表
shit,ʃɪt,n.,1. 讨厌的家伙，卑鄙的人 2. 粪便 int.,英语专业四八级词汇表
shit,ʃɪt,,(slang)(表示恼怒)胡说!讨厌!去他的!,英语专业四八级词汇表
shiver,ˈʃɪvə,v.,&n. 颤抖，发抖,英语专业四八级词汇表
shock,ʃɒk,n.,1. 冲击，震动 2. 电震，电击 3. 休克，震惊，激动 v. 使休克，使震惊，使愤慨，使骇异,英语专业四八级词汇表
shockproof,ˈʃɒkpruːf,,adj.,英语专业四八级词汇表
shockproof,ˈʃɒkpruːf,,(手表)防震的,英语专业四八级词汇表
shoddy,ˈʃɒdɪ,adj.,劣质的，粗制滥造的,英语专业四八级词汇表
shoe,ʃuː,n.,鞋 v. 给(马)钉蹄铁，给…装上鞋状物,英语专业四八级词汇表
shoemaker,ˈʃuːmeɪkə,n.,制(或补)鞋工人，鞋铺老板,英语专业四八级词汇表
shoot,ʃuːt,v.,1. 射击，开枪 2. 射中，射杀 3. 拍摄，摄影 4. 飞快地移动 5. 射门，投篮 n. 抽枝，嫩枝，芽，苗,英语专业四八级词汇表
shop,ʃɒp,n.,1. 商店，店铺 2. 车间，工场 v. 去商店买东西,英语专业四八级词汇表
shopkeeper,ˈʃɒpˌkiːpə,n.,小店店主,英语专业四八级词汇表
shoplift,ˈʃɒpˌlɪft,v.,入店行窃，在商店里偷东西,英语专业四八级词汇表
shopper,ˈʃɒpə,n.,到商店买东西的人,英语专业四八级词汇表
shopping,ˈʃɒpɪŋ,n.,1. 购物 2. 买到的东西,英语专业四八级词汇表
shore,ʃɔː,,n.,英语专业四八级词汇表
shore,ʃɔː,,(河、湖·海等的)岸，滨 || off shore离岸不远 /on shore在岸上,英语专业四八级词汇表
short,ʃɔːt,adj.,1. 短的，近的，矮的，低的 2. 短期的，短暂的 3. 不足的，短缺的 || in short总之，简言之 [run short (of)缺少，快用完] short of ①缺少，不足②未达到③除了…之外，除去,英语专业四八级词汇表
shortage,ˈʃɔːtɪdʒ,n.,不足，缺乏，缺少,英语专业四八级词汇表
shortchange,ˌʃɔːtˈtʃeɪndʒ,v.,1. 少找钱给(顾客) 2. 未给…以公正的报答或酬劳,英语专业四八级词汇表
short-circuit,ˌʃɔːtˈsɜːkɪt,v.,短路,英语专业四八级词汇表
shortcoming,ˈʃɔːtˌkʌmɪŋ,n.,短处，缺点,英语专业四八级词汇表
shortcut,ˈʃɔːtˌkʌt,n.,捷径，近路,英语专业四八级词汇表
shorten,ˈʃɔːtən,,v.,英语专业四八级词汇表
shorten,ˈʃɔːtən,,(使)变短，缩短,英语专业四八级词汇表
shortfall,ˈʃɔːtfɔːl,n.,不足之量，差额,英语专业四八级词汇表
shorthand,ˈʃɔːthænd,n.,速记,英语专业四八级词汇表
shortly,ˈʃɔːtlɪ,adv.,1. 即刻，不久 2. 简要地，扼要地 3. 唐突地，简慢地,英语专业四八级词汇表
shorts,ʃɔːts,n.,短裤,英语专业四八级词汇表
shortsighted,ˌʃɔːtˈsaɪtɪd,adj.,1. 近视的 2. 目光短浅的,英语专业四八级词汇表
short-term,ˌʃɔːtˈtɜːm,adj.,短期的,英语专业四八级词汇表
short-wave,ˈʃɔːtweɪv,n.,短波,英语专业四八级词汇表
shot,ʃɒt,n.,1. 发射，射击，枪声，炮声 2. 射球，投球 3. 弹丸，炮弹 4. 尝试，试图 5. 镜头，景 6.,英语专业四八级词汇表
shot,ʃɒt,,(一次)注射,英语专业四八级词汇表
shotgun,ˈʃɒtɡʌn,,n.,英语专业四八级词汇表
shotgun,ˈʃɒtɡʌn,,(发射铅砂弹的)猎枪,英语专业四八级词汇表
should,ʃəd; ʃʊd,,aux.,英语专业四八级词汇表
should,ʃəd; ʃʊd,v.,1.,英语专业四八级词汇表
should,ʃəd; ʃʊd,,(表示义务)应该 2.,英语专业四八级词汇表
should,ʃəd; ʃʊd,,(表示意愿、要求、建议等)就，该 3. 万一,英语专业四八级词汇表
shoulder,ˈʃəʊldə,n.,肩，肩膀 v. 1. 肩负 2. 以肩冲，挤(路),英语专业四八级词汇表
shout,ʃaʊt,v.,1. 大声喊，呼，叫 2. 大声说 || shout at向…大喊 n. 大叫，呼喊,英语专业四八级词汇表
shove,ʃʌv,v.,& n. 推挤，推撞,英语专业四八级词汇表
shovel,ˈʃʌvəl,n.,铲，锹 v. 1. 铲起，铲动 2. 铲干净,英语专业四八级词汇表
show,ʃəʊ,n.,1. 表示，展示 2. 展览，展览会，竞赛会 3. 公众娱乐，表演 4. 外观，印象 || be on show正在展示之中 v. 1. 给(人)看，出示，2. 显现，出现 3. 带引，带领 4. 解释，说明，示范 5. 表明，证明 6. 施予，给予 || show in领某人进来 [show off炫耀，卖弄] show up ①露出，显出②出席，到场 [show sb around带某人参观某处] show sb out (in)引领某人进入(离开) /,英语专业四八级词汇表
show,ʃəʊ,show,business演艺业，娱乐界,英语专业四八级词汇表
showcase,ˈʃəʊkeɪs,,n.,英语专业四八级词汇表
showcase,ˈʃəʊkeɪs,,(玻璃)陈列柜，陈列橱,英语专业四八级词汇表
showdown,ˈʃəʊdaʊn,,n.,英语专业四八级词汇表
showdown,ˈʃəʊdaʊn,,(为解决争端的)最后较量,英语专业四八级词汇表
shower,ˈʃaʊə,n.,1. 一阵雨、霰或雹 2. 大量涌现的事物 3. 淋浴 v. 1. 下阵雨 2. 淋浴 3. 大量地洒落或倾注,英语专业四八级词汇表
showpiece,ˈʃəʊpiːs,n.,展览品，展览样品,英语专业四八级词汇表
showy,ˈʃəʊɪ,adj.,夸示的，炫耀的,英语专业四八级词汇表
shred,ʃred,n.,1. 碎片，细条 2. 最少量，些微 v. 撕碎，切碎,英语专业四八级词汇表
shrew,ʃruː,n.,1. 一种似鼠的小动物，以昆虫为食 2. 脾气坏而好骂人的女子,英语专业四八级词汇表
shrewd,ʃruːd,adj.,1. 明智的，精明的 2. 狡狯的，明辨的,英语专业四八级词汇表
shriek,ʃriːk,v.,尖叫  n. 尖叫声,英语专业四八级词汇表
shrill,ʃrɪl,,adj.,英语专业四八级词汇表
shrill,ʃrɪl,,(指声音)尖锐的，刺耳的 n. 发出尖锐的声音，以尖锐的声音说…,英语专业四八级词汇表
shrimp,ʃrɪmp,n.,1. 小虾 2. 矮小的人,英语专业四八级词汇表
shrine,ʃraɪn,n.,1. 神皇，圣祠 2. 圣骨箱 3. 圣地，灵地,英语专业四八级词汇表
shrink,ʃrɪŋk,v.,1.,英语专业四八级词汇表
shrink,ʃrɪŋk,,(使)收缩，(使)皱缩 2. 退缩，畏缩  n. 1. 收缩 2. 退缩，畏缩,英语专业四八级词汇表
shrinkage,ˈʃrɪŋkɪdʒ,n.,收缩，缩水,英语专业四八级词汇表
shrivel,ˈʃrɪvəl,,v.,英语专业四八级词汇表
shrivel,ˈʃrɪvəl,,(使某物)萎缩，枯萎(因热、冷或干所致),英语专业四八级词汇表
shroud,ʃraʊd,n.,1. 尸布，寿衣 2. 覆盖物，遮蔽物 v. 1. 以尸布包裹 2. 覆盖，遮蔽,英语专业四八级词汇表
shrub,ʃrʌb,n.,灌木,英语专业四八级词汇表
shrubbery,ˈʃrʌbərɪ,n.,灌木丛,英语专业四八级词汇表
shrubby,ˈʃrʌbɪ,adj.,灌木丛生的,英语专业四八级词汇表
shrug,ʃrʌɡ,,v.,英语专业四八级词汇表
shrug,ʃrʌɡ,,(表示冷淡·怀疑等)耸(肩),英语专业四八级词汇表
shudder,ˈʃʌdə,v.,抽动，战栗，因恐惧或厌恶而发抖,英语专业四八级词汇表
shuffle,ˈʃʌfl,v.,1. 曳(足)而行 2. 洗(纸牌)，弄混，重组,英语专业四八级词汇表
shun,ʃʌn,v.,规避，避免,英语专业四八级词汇表
shunt,ʃʌnt,v.,1. 使(火车)转轨 2. 转移，调动,英语专业四八级词汇表
shut,ʃʌt,v.,1. 关，闭 2. 关上，闭起，能关上 3.,英语专业四八级词汇表
shut,ʃʌt,,(因关闭某物而)夹住 || shut down停工，  关闭 [shut in①关进②围住] shut off①关掉②使隔绝，脱离 [shut out将…关在外面，遮住] shut up①关闭②住口,英语专业四八级词汇表
shutter,ˈʃʌtə,n.,1.,英语专业四八级词汇表
shutter,ˈʃʌtə,,(照相机的)快门 2. 百叶窗，窗板,英语专业四八级词汇表
shuttle,ʃʌtl,n.,1.,英语专业四八级词汇表
shuttle,ʃʌtl,,(织布机的)梭 2. 定期的短程往返班机(车) || shuttle diplomacy穿梭外交 /shuttle service穿梭营运(飞机、公共汽车的定期班次)  v. 穿梭般往返,英语专业四八级词汇表
shy,ʃaɪ,adj.,1. 羞怯的，腼腆的 2. 易受惊的 3. 谨慎的，迟疑的,英语专业四八级词汇表
sibling,ˈsɪblɪŋ,n.,兄弟姊妹,英语专业四八级词汇表
sic,sɪk,adv.,原文如此(引述原文时，对错误或可疑处的附注),英语专业四八级词汇表
sick,sɪk,adj.,1. 不适的，患病的 2. 恶心的，反胃的 3. 厌倦的，厌恶的,英语专业四八级词汇表
sickbay,ˈsɪkbeɪ,,n.,英语专业四八级词汇表
sickbay,ˈsɪkbeɪ,,(船上、寄宿学校等的)病室,英语专业四八级词汇表
sicken,ˈsɪkən,v.,1. 使(某人)感到厌恶或恶心 2. 生病，患病 3. 厌倦或厌恶某事物,英语专业四八级词汇表
sickening,ˈsɪkənɪŋ,adj.,1. 令人厌恶的 2. 厌烦的，厌倦的,英语专业四八级词汇表
sickle,ˈsɪkl,n.,镰刀,英语专业四八级词汇表
sickness,ˈsɪknɪs,n.,"1. 病，病患 2. 作呕，呕吐 || air- (car-,",英语专业四八级词汇表
sickness,ˈsɪknɪs,,sea-) sickness晕机(车、船),英语专业四八级词汇表
side,saɪd,n.,1. 侧面，旁边 2. 边，边缘 3. 方面，性质 4. 一方，一边 5.,英语专业四八级词汇表
side,saɪd,,(相对中线而言)部分，地区，区域 || on all sides 在各方面 [on the other side of在…的另一边] on the safe side稳妥，保险 [side by side 肩并肩地，一起] take the side of站在…的一边 v. 参与，袒护，支持,英语专业四八级词汇表
sideboard,ˈsaɪdbɔːd,n.,1. 餐具柜 2.,英语专业四八级词汇表
sideboard,ˈsaɪdbɔːd,,(pl)腮须，连鬓胡子,英语专业四八级词汇表
sidelight,ˈsaɪdlaɪt,n.,1. 侧光 2.,英语专业四八级词汇表
sidelight,ˈsaɪdlaɪt,,(汽车的)侧灯， (船的)舷灯 3. 侧窗 4. 间接的资料或说明,英语专业四八级词汇表
sideline,ˈsaɪdlaɪn,n.,1.,英语专业四八级词汇表
sideline,ˈsaɪdlaɪn,,(网球场、足球场等的)边线，界线 2.,英语专业四八级词汇表
sideline,ˈsaɪdlaɪn,,(本职工作以外的)副业，兼职,英语专业四八级词汇表
sidestep,ˈsaɪdstep,v.,1. 闪躲(攻击等)而避到一旁 2. 规避，回避,英语专业四八级词汇表
sidewalk,ˈsaɪdwɔːk,,n.,英语专业四八级词汇表
sidewalk,ˈsaɪdwɔːk,,(pl)人行道,英语专业四八级词汇表
sideways,ˈsaɪdweɪz,adv.,斜着，斜向一边地 adj. 横斜的，斜向一边的,英语专业四八级词汇表
sidle,ˈsaɪdl,,v.,英语专业四八级词汇表
sidle,ˈsaɪdl,,(悄悄地)横着走，(偷偷地)侧身挨近,英语专业四八级词汇表
siege,siːdʒ,n.,围困，围攻,英语专业四八级词汇表
sierra,sɪˈerə,n.,锯齿状山脉,英语专业四八级词汇表
sieve,sɪv,n.,漏勺，筛子 v. 筛，筛分,英语专业四八级词汇表
sift,sɪft,v.,1. 筛，过滤 2. 详审，细审,英语专业四八级词汇表
sigh,saɪ,v.,叹息，叹气 n. 叹息，叹气声,英语专业四八级词汇表
sight,saɪt,n.,1. 视力，视觉 2. 看，观看 3. 视域，眼界 4. 情景，景象，风景，名胜 || at the sight of看见 [catch sight of 发现] in sight在看得见的范围内 [lose sight of看不见] out of sight在看不见的地方 v. 看见,英语专业四八级词汇表
sighting,ˈsaɪtɪŋ,n.,被看见的人或事物，看见,英语专业四八级词汇表
sightseeing,ˈsaɪtˌsiːɪŋ,n.,观光，游览,英语专业四八级词汇表
sign,saɪn,n.,1. 记号，符号 2. 姿势，手势 3. 标识，告示，牌示 4. 迹象，征兆 v. 1. 签名，署名，签字于 2. 做手势，做信号,英语专业四八级词汇表
signal,ˈsɪɡnəl,n.,1. 信号，暗号 2. 讯号，讯息 v. 发信号，打信号,英语专业四八级词汇表
signature,ˈsɪɡnətʃə,n.,签字，签名,英语专业四八级词汇表
signet,ˈsɪɡnɪt,n.,图章，私章,英语专业四八级词汇表
significance,sɪɡˈnɪfɪkəns,n.,1. 意义，意味 2. 重要性,英语专业四八级词汇表
significant,sɪɡˈnɪfɪkənt,adj.,1. 重要的，重大的 2. 有特殊意义的,英语专业四八级词汇表
signify,ˈsɪɡnɪfaɪ,v.,1. 意味，表明，表示 2.,英语专业四八级词汇表
signify,ˈsɪɡnɪfaɪ,,(以动作)表示,英语专业四八级词汇表
silage,ˈsaɪlɪdʒ,n.,青贮饲料,英语专业四八级词汇表
silence,ˈsaɪləns,n.,1. 寂静，无声 2. 沉默，无言 v. 使沉默，使安静,英语专业四八级词汇表
silent,ˈsaɪlənt,adj.,1. 寂静的，无声的 2. 缄默的，不语的 || keep silent保持沉默,英语专业四八级词汇表
silhouette,ˌsɪluːˈet,n.,影子，剪影 v. 使显出黑色影像,英语专业四八级词汇表
silica,ˈsɪlɪkə,n.,硅石，二氧化硅,英语专业四八级词汇表
silicon,ˈsɪlɪkən,n.,硅,英语专业四八级词汇表
silk,sɪlk,n.,丝，丝织品，丝绸,英语专业四八级词汇表
silky,ˈsɪlkɪ,adj.,柔软的，光滑的，光亮的,英语专业四八级词汇表
silly,ˈsɪlɪ,adj.,1. 愚蠢的，愚昧的 2. 无聊的,英语专业四八级词汇表
silo,ˈsaɪləʊ,n.,1.,英语专业四八级词汇表
silo,ˈsaɪləʊ,,(导弹)发射井 2.,英语专业四八级词汇表
silo,ˈsaɪləʊ,,(圆柱形的)储料舱,英语专业四八级词汇表
silt,sɪlt,n.,淤泥,英语专业四八级词汇表
silver,ˈsɪlvə,n.,1. 银 2. 银币 3. 银器，银具 4. 银色 v. 1. 镀银于 2. 变白，变银色,英语专业四八级词汇表
silvery,ˈsɪlvərɪ,adj.,1. 光亮的，银色的 2.,英语专业四八级词汇表
silvery,ˈsɪlvərɪ,,(指声音)清脆的,英语专业四八级词汇表
similar,ˈsɪmɪlə,adj.,相似的，近似的,英语专业四八级词汇表
similarity,ˌsɪməˈlærətɪ,n.,1. 相似，类似 2. 相似之处，类似点,英语专业四八级词汇表
simile,ˈsɪmɪlɪ,n.,明喻，明喻的运用,英语专业四八级词汇表
simmer,ˈsɪmə,v.,1. 煨，炖 2. 充满(难以控制的怒火等) 3.,英语专业四八级词汇表
simmer,ˈsɪmə,,(指争吵、争辩等)处于即将爆发的状态,英语专业四八级词汇表
simple,ˈsɪmpl,adj.,1. 简单的，简易的 2. 朴实的，简朴的 3. 天真的，率直的，老实的,英语专业四八级词汇表
simpleton,ˈsɪmpltən,n.,傻瓜，笨蛋,英语专业四八级词汇表
simplicity,sɪmˈplɪsətɪ,n.,简单，简易，朴实，率直,英语专业四八级词汇表
simplify,ˈsɪmplɪfaɪ,v.,使单纯，使简易，简化,英语专业四八级词汇表
simply,ˈsɪmplɪ,adv.,1. 简单地 2. 仅，只，恰好地,英语专业四八级词汇表
simulate,ˈsɪmjʊleɪt,v.,1. 假装，冒充 2. 模拟，模仿,英语专业四八级词汇表
simultaneous,ˌsɪməlˈteɪnɪəs,adj.,同时发生的，同时做出的，同时的,英语专业四八级词汇表
simultaneously,ˌsɪməlˈteɪnɪəslɪ,adv.,同时地，同时发生地,英语专业四八级词汇表
sin,sɪn,n.,1.,英语专业四八级词汇表
sin,sɪn,,(宗教上的)罪，罪孽 2. 过失，失礼,英语专业四八级词汇表
since,sɪns,adv.,1.,英语专业四八级词汇表
since,sɪns,,(与完成时连用)在过去的某日期，事件等以后 2. 从那时到现在 3. 以前 conj. 1. 自以后，从以后 2. 既然，因为,英语专业四八级词汇表
sincere,sɪnˈsɪə,adj.,1. 真实的，真诚的 2. 直率的，不矫情的,英语专业四八级词汇表
sincerity,sɪnˈserətɪ,n.,真实，诚挚，诚实,英语专业四八级词汇表
sinew,ˈsɪnjuː,n.,1. 腱，肌腱 2.,英语专业四八级词汇表
sinew,ˈsɪnjuː,,(pl)肌肉 3.,英语专业四八级词汇表
sinew,ˈsɪnjuː,,(pl)力量或能量的来源,英语专业四八级词汇表
sinful,ˈsɪnfʊl,adj.,有过错的，牙区恶的,英语专业四八级词汇表
sing,sɪŋ,v.,唱，歌唱,英语专业四八级词汇表
singe,sɪndʒ,v.,把…微微烧焦，轻微烫焦 n. 轻微烧焦或烫焦,英语专业四八级词汇表
singer,ˈsɪŋə,n.,歌唱家,英语专业四八级词汇表
single,ˈsɪŋɡl,adj.,1. 单一的，惟一的 2. 各自的，分别的 3. 未婚的，独身的 4. 单人(用的),英语专业四八级词汇表
singlehood,ˌsɪŋɡlˈhʊd,n.,单身，独身,英语专业四八级词汇表
singular,ˈsɪŋɡjʊlə,adj.,1. 殊异的，奇特的 2. 非凡的，卓越的 3.,英语专业四八级词汇表
singular,ˈsɪŋɡjʊlə,,(语法中)单数的,英语专业四八级词汇表
sinister,ˈsɪnɪstə,adj.,1. 邪恶的，险恶的 2. 凶恶的，阴险的,英语专业四八级词汇表
sink,sɪŋk,n.,1. 洗涤槽 2. 污水池，污水坑 v. 1. 沉下，沉落 2. 倾斜，下陷，变低，变弱 3. 沁进，渗入,英语专业四八级词汇表
sinner,ˈsɪnə,n.,有罪过的人,英语专业四八级词汇表
sinuous,ˈsɪnjʊəs,adj.,弯曲的，蜿蜒的,英语专业四八级词汇表
sip,sɪp,v.,小口喝，抿 n. 小口喝，一小口的量,英语专业四八级词汇表
siphon,ˈsaɪfən,n.,1. 虹吸管 2. 虹吸瓶 v. 用虹吸管吸出或排出,英语专业四八级词汇表
sir,sɜː,n.,1. 先生，阁下 2.,英语专业四八级词汇表
sir,sɜː,,(BrE)爵士,英语专业四八级词汇表
siren,ˈsaɪərən,n.,汽笛，警报器,英语专业四八级词汇表
sirloin,ˈsɜːlɔɪn,n.,牛腰上部的肉,英语专业四八级词汇表
sister,ˈsɪstə,n.,1. 姐妹 2. 亲如姐妹之人 3. 修女，尼姑,英语专业四八级词汇表
sit,sɪt,v.,1. 坐 2. 使坐 ||  sit down坐下 [sit for参加考试] sit in静坐示威 /sit up迟睡，熬夜,英语专业四八级词汇表
sitcom,ˈsɪtkɒm,n.,情景喜剧(=situation comedy),英语专业四八级词汇表
site,saɪt,n.,位置，场所,英语专业四八级词汇表
sitting-room,ˈsɪtɪŋruːm,n.,起居室,英语专业四八级词汇表
situate,ˈsɪtjʊeɪt,v.,使…建于或坐落在某处,英语专业四八级词汇表
situation,ˌsɪtʃʊˈeɪʃən,n.,1. 位置，场所 2. 形势，事态，局面 3. 处境，境遇 4. 工作，职业,英语专业四八级词汇表
six,sɪks,n.,& adj. 六(的)，六个(的),英语专业四八级词汇表
sixpence,ˈsɪkspəns,n.,1.,英语专业四八级词汇表
sixpence,ˈsɪkspəns,,(英国旧时)面值六便士的硬币 2. 价值为六便士,英语专业四八级词汇表
sixteen,ˌsɪkˈstiːn,n.,&adj. 十六(的)，十六个(的),英语专业四八级词汇表
sixteenth,ˌsɪkˈstiːnθ,n.,&adj. 第十六(的),英语专业四八级词汇表
sixth,sɪksθ,n.,& adj. 第六(的)，第六个(的),英语专业四八级词汇表
sixtieth,'sɪkstɪɪθ,n.,&adj. 第六十(的)，第六十个(的),英语专业四八级词汇表
sixty,ˈsɪkstɪ,n.,& adj. 六十(的)，六十个(的),英语专业四八级词汇表
size,saɪz,n.,1. 大小，尺寸 2. 号码，尺码,英语专业四八级词汇表
sizeable,ˈsaɪzəbl,adj.,相当大的,英语专业四八级词汇表
sizzle,ˈsɪzl,,v.,英语专业四八级词汇表
sizzle,ˈsɪzl,,(油煎食物时)发出咝咝声,英语专业四八级词汇表
skate,skeɪt,v.,1. 滑冰，溜 冰 2. 滑过，掠过 n. 1. 滑冰，溜冰 2. 冰鞋,英语专业四八级词汇表
skateboard,ˈskeɪtbɔːd,n.,滑板,英语专业四八级词汇表
skeleton,ˈskelɪtən,n.,1. 骨骼，骨架 2. 纲要，轮廓，基干,英语专业四八级词汇表
skeptical,ˈskeptɪkəl,adj.,怀疑的，多疑的,英语专业四八级词汇表
sketch,sketʃ,n.,1. 略图，草图 2. 速写，素描 3. 概略，梗概 4. 短篇作品，小品 5. 短剧，独幕剧 v.,英语专业四八级词汇表
sketch,sketʃ,,(给…)绘略图，速写,英语专业四八级词汇表
ski,skiː,v.,滑雪 n. 雪橇，滑雪屐,英语专业四八级词汇表
skid,skɪd,v.,打滑，滑向一侧 n. 1. 打滑 2. 滑道，滑轨,英语专业四八级词汇表
"skilful, skillful",ˈskɪlfʊl,adj.,灵巧的，熟练的，巧妙的,英语专业四八级词汇表
skill,skɪl,n.,技能，技巧，技,英语专业四八级词汇表
skim,skɪm,v.,1. 从液体表面撇去 2. 略读，快读 3. 擦过，滑过,英语专业四八级词汇表
skimmer,'skɪmə,n.,网勺，漏勺,英语专业四八级词汇表
skin,skɪn,n.,1. 皮，皮肤 2. 兽皮，毛皮 3. 外皮，果皮 4. 奶皮 || skin and bones皮包骨头 v. 剥皮，去皮,英语专业四八级词汇表
skin-diving,'skɪnˈdaɪvɪŋ,n.,轻装潜水(只使用护目镜、脚蹼、水肺或潜水通气管),英语专业四八级词汇表
skinny,'skɪnɪ,adj.,皮包骨的，极瘦的,英语专业四八级词汇表
skip,skɪp,v.,1. 轻快地跳，跳跃 2. 跳绳 3. 跳过，略去,英语专业四八级词汇表
skipper,ˈskɪpə,n.,1. 船长，机长 2.,英语专业四八级词汇表
skipper,ˈskɪpə,,(球队的)队长,英语专业四八级词汇表
skirmish,ˈskɜːmɪʃ,n.,小规模战斗，军事小冲突 v. 小战，小争论,英语专业四八级词汇表
skirt,skɜːt,n.,裙子 v. 1. 位于或环绕…的边缘 2. 回避，避开,英语专业四八级词汇表
skull,skʌl,n.,脑壳，头盖骨,英语专业四八级词汇表
sky,skaɪ,n.,1. 天，天空 2. 天气，气候 || praise sb to the skies把某人捧上天,英语专业四八级词汇表
skylight,ˈskaɪlaɪt,n.,天窗,英语专业四八级词汇表
skyline,ˈskaɪlaɪt,n.,建筑物、树、山等以天空为背景映出的轮廓,英语专业四八级词汇表
skyrocket,ˈskaɪˌrɒkɪt,,v.,英语专业四八级词汇表
skyrocket,ˈskaɪˌrɒkɪt,,(使)物价飞涨,英语专业四八级词汇表
skyscraper,ˈskaɪˌskreɪpə,n.,摩天大楼,英语专业四八级词汇表
slab,slæb,,n.,英语专业四八级词汇表
slab,slæb,,(常指矩形或正方形的石板、木板等)厚板,英语专业四八级词汇表
slack,slæk,adj.,1. 松弛的，没拉紧的 2. 萧条的，清淡的,英语专业四八级词汇表
slacks,slæks,n.,宽松裤,英语专业四八级词汇表
slacken,ˈslækən,,v.,英语专业四八级词汇表
slacken,ˈslækən,,(使)变松，放松,英语专业四八级词汇表
slag,slæɡ,n.,1. 矿渣，熔渣 2. 贱妇，淫妇 v. 侮慢或批评某人,英语专业四八级词汇表
slam,slæm,v.,1. 使劲关，砰然关闭 2. 猛投，猛击 n. 1. 砰(如关门声) 2. 猛击，撞击,英语专业四八级词汇表
slander,ˈslɑːndə,n.,& v. 诽谤，诋毁,英语专业四八级词汇表
slanderous,ˈslɑːndərəs,adj.,诽谤的，中伤的,英语专业四八级词汇表
slang,slæŋ,n.,俚语,英语专业四八级词汇表
slangy,ˈslæŋɪ,adj.,使用俚语的，含有俚语的,英语专业四八级词汇表
slant,slɑːnt,v.,1. 倾斜，歪 2. 有倾向性地报道 n. 1. 斜线，斜面，斜坡 2. 观点，意见，偏见,英语专业四八级词汇表
slap,slæp,n.,掴，拍，掌声 v. 掴，拍打，掌击,英语专业四八级词汇表
slash,slæʃ,v.,1. 挥砍，劈刺 2. 大幅度裁减或削减(某物) 3. 在(衣服)上开长缝作装饰 4. 严厉批评 n. 1. 砍，抽 2. 长的切口或裂口 3. 衣服的叉,英语专业四八级词汇表
slat,slæt,,n.,英语专业四八级词汇表
slat,slæt,,(木制或塑料制的)板条,英语专业四八级词汇表
slate,sleɪt,n.,1. 板石，石板岩 2. 石板，石板瓦 3. 石板(旧时学童书写用具) 4.,英语专业四八级词汇表
slate,sleɪt,,(有关过去错误等的)言行记录 || clean slate良好的经历，历史清白 v. 1. 提名…为候选人，预定 2. 痛斥，抨击,英语专业四八级词汇表
slaughter,ˈslɔːtə,n.,& v. 屠宰，屠杀,英语专业四八级词汇表
slave,sleɪv,n.,1. 奴隶 2. 奴工，苦工 3. 完全受控制之人 v. 1. 奴役 2. 做苦工，做牛马,英语专业四八级词汇表
slavery,ˈsleɪvərɪ,n.,1. 奴隶状态，奴役 2. 奴隶制度 3. 苦役，低酬工作,英语专业四八级词汇表
slavish,ˈsleɪvɪʃ,adj.,1. 奴性的，卑屈的 2. 缺乏独创性的，盲从的,英语专业四八级词汇表
slay,sleɪ,v.,杀，谋杀,英语专业四八级词汇表
sleazy,ˈsliːzɪ,adj.,肮脏的，低劣的，下贱的,英语专业四八级词汇表
sledge,sledʒ,v.,&n.,英语专业四八级词汇表
sledge,sledʒ,,(乘)雪橇=(AmE) sled,英语专业四八级词汇表
sleek,sliːk,adj.,1. 光滑而有光泽的 2.,英语专业四八级词汇表
sleek,sliːk,,(指人)保养得好的，脑满肠肥的 3. 时髦的,英语专业四八级词汇表
sleep,sliːp,n.,1. 睡眠，睡觉 2. 睡眠时间  v. 睡，睡着,英语专业四八级词汇表
sleeper,ˈsliːpə,n.,1. 睡眠者 2. 枕木 3.,英语专业四八级词汇表
sleeper,ˈsliːpə,,(火车的)卧铺车厢,英语专业四八级词汇表
sleepless,'slɪːplɪs,adj.,失眠的，不眠的,英语专业四八级词汇表
sleepy,'slɪːpɪ,adj.,1. 欲睡的，困倦的 2. 静寂的，不活跃的,英语专业四八级词汇表
sleet,slɪːt,n.,霹，雨夹雪，冻雨 v. 降霰，下雨加雪或冻雨,英语专业四八级词汇表
sleeve,slɪːv,n.,1. 袖子，衣袖 2. 唱片封套,英语专业四八级词汇表
sleigh,sleɪ,,n.,英语专业四八级词汇表
sleigh,sleɪ,,(尤指马拉的)雪橇  v. 乘雪橇,英语专业四八级词汇表
slender,ˈslendə,adj.,1. 细长的，苗条的，纤细的 2. 纤巧的，轻盈的 3. 微薄的，不足的,英语专业四八级词汇表
slice,slaɪs,n.,薄片，切片，一片  v. 把…切成薄片,英语专业四八级词汇表
slick,slɪk,adj.,1. 顺利而有效的，不费力的 2.,英语专业四八级词汇表
slick,slɪk,,(指人)圆滑的，油滑的 3. 光滑的 n. 海面浮油,英语专业四八级词汇表
slide,slaɪd,v.,1. 滑动，滑行 2. 溜进，潜行 n. 1. 滑，滑行 2. 滑道，滑坡，滑梯 3. 幻灯片,英语专业四八级词汇表
slight,slaɪt,adj.,1. 轻微的，少量的 2. 纤弱的，脆弱的 v. 轻视，藐视，怠慢,英语专业四八级词汇表
slightly,'slaɪtlɪ,adv.,些许，稍微，轻微地,英语专业四八级词汇表
slim,slɪm,adj.,1. 苗条的，修长的，纤细的 2. 微少的，不足的,英语专业四八级词汇表
slime,slaɪm,n.,1. 稠、软而滑的液态物质，(尤指)泥浆 2.,英语专业四八级词汇表
slime,slaɪm,,(蜗牛等的)劲液,英语专业四八级词汇表
slimnastics,ˌslɪmˈnæstɪks,n.,减肥操,英语专业四八级词汇表
slimy,ˈslaɪmɪ,adj.,1.,英语专业四八级词汇表
slimy,ˈslaɪmɪ,,(似)泥浆的，有泥浆的 2. 奸诈的，虚伪的,英语专业四八级词汇表
sling,slɪŋ,v.,1. 投掷，抛 2. 吊，吊起  n. 吊带，吊链,英语专业四八级词汇表
slink,slɪŋk,v.,1. 鬼鬼祟祟地移动，溜走 2. 扭捏招摇地走,英语专业四八级词汇表
slipper,ˈslɪpə,n.,拖鞋，便鞋,英语专业四八级词汇表
slippery,ˈslɪpərɪ,adj.,1. 光滑的，湿滑的 2. 滑头的，无耻的,英语专业四八级词汇表
slit,slɪt,n.,1. 裂缝，缝隙 2. 细长孔 v. 开细长的裂缝于…,英语专业四八级词汇表
slither,ˈslɪðə,v.,摇晃不稳地滑动或滑行,英语专业四八级词汇表
sliver,ˈslɪvə,,n.,英语专业四八级词汇表
sliver,ˈslɪvə,,(切割、断裂下来的)薄长条，碎片 v.,英语专业四八级词汇表
sliver,ˈslɪvə,,(使某物)破碎、断裂成碎片,英语专业四八级词汇表
slogan,ˈsləʊɡən,n.,标语，口号,英语专业四八级词汇表
slop,slɒp,,v.,英语专业四八级词汇表
slop,slɒp,,(使)溢出，(使液体)溅出,英语专业四八级词汇表
slope,sləʊp,n.,1. 倾斜，坡度 2. 倾斜面，斜坡,英语专业四八级词汇表
slot,slɒt,n.,1.,英语专业四八级词汇表
slot,slɒt,,(可投入东西的)孔 2. 沟，槽，滑道 3. 在名单、系统、组织等中的位置、空位 v. 1. 在(某物)中开缺口、狭缝、沟槽等 2. 把…安插在空位中，安置,英语专业四八级词汇表
slouch,slaʊtʃ,v.,无精打采地坐、立或行动 n. 懒鬼，不中用的人,英语专业四八级词汇表
slow,sləʊ,adj.,1. 缓慢的，迟缓的 2. 费时的 3. 迟钝的，愚笨的 4.,英语专业四八级词汇表
slow,sləʊ,,(指钟表)慢的  v.,英语专业四八级词汇表
slow,sləʊ,,(使)缓行，(使)减速,英语专业四八级词汇表
slowly,ˈsləʊlɪ,adv.,缓慢地,英语专业四八级词汇表
sluggish,ˈslʌɡɪʃ,adj.,1. 行动迟缓的，无精打采的 2.,英语专业四八级词汇表
sluggish,ˈslʌɡɪʃ,,(商业)不景气的，清淡的,英语专业四八级词汇表
slum,slʌm,n.,贫民区，贫民窟,英语专业四八级词汇表
slumber,ˈslʌmbə,v.,&n. 睡眠，沉睡,英语专业四八级词汇表
slump,slʌmp,v.,1. 沉重地倒下或落下 2. 暴跌，剧降,英语专业四八级词汇表
slur,slɜː,v.,1. 含糊不清地念或说 2. 诋毁，诽谤  n. 诽谤，中伤,英语专业四八级词汇表
slurry,ˈslʌrɪ,n.,半流质稀薄混合物,英语专业四八级词汇表
sly,slaɪ,adj.,1. 狡猾的，诡谲的 2. 淘气的，顽皮的 || on the sly秘密地，偷偷地,英语专业四八级词汇表
smack,smæk,v.,1. 掌掴，拍击 2. 咂(唇)作响,英语专业四八级词汇表
small,smɔːl,adj.,1. 小的，少的 2. 小规模的 3. 不重要的，琐碎的,英语专业四八级词汇表
smart,smɑːt,adj.,1. 鲜明的，新奇的，衣冠楚楚的 2. 时髦的 3. 聪敏的，机灵的 4. 轻 快的，敏捷的 5. 严厉的，剧烈的,英语专业四八级词汇表
smash,smæʃ,v.,1.,英语专业四八级词汇表
smash,smæʃ,,(使)破碎，粉碎，打碎 2. 猛撞，猛冲，猛击 3. 痛击，打败，打破(记录等),英语专业四八级词汇表
smear,smɪə,v.,1. 涂，抹(粘性或油性的物质) 2. 弄脏(表面) 3. 低毁，诽谤，玷污 n. 1. 污点，污迹 2. 诽谤，污蔑,英语专业四八级词汇表
smell,smel,n.,1. 嗅觉 2. 气味 3. 臭味 4. 嗅，闻 v. 1. 嗅，闻 2. 嗅出，闻到 3. 有的气味 4. 发出臭味，发臭,英语专业四八级词汇表
smelly,'smelɪ,adj.,发出难闻气味的，有臭味的,英语专业四八级词汇表
smile,smaɪl,n.,& v. 微笑,英语专业四八级词汇表
smith,smɪθ,n.,1. 铁匠 2. 金属工匠,英语专业四八级词汇表
smog,smɒɡ,n.,烟雾,英语专业四八级词汇表
smoke,sməʊk,n.,1. 烟 2. 吸烟 v. 1. 冒烟 2. 抽烟,英语专业四八级词汇表
smokeless,ˈsməʊlɪs,adj.,1.,英语专业四八级词汇表
smokeless,ˈsməʊlɪs,,(燃烧时)无烟的 2.,英语专业四八级词汇表
smokeless,ˈsməʊlɪs,,(环境)无烟的,英语专业四八级词汇表
smoker,ˈsməʊkə,n.,1. 吸烟的人 2.,英语专业四八级词汇表
smoker,ˈsməʊkə,,(火车上的)准予吸烟的车厢,英语专业四八级词汇表
smokestack,ˈsməʊkstæk,,n.,英语专业四八级词汇表
smokestack,ˈsməʊkstæk,,(工厂或轮船的)大烟囱,英语专业四八级词汇表
smoking,ˈsməʊkɪŋ,n.,吸烟，抽烟,英语专业四八级词汇表
smooth,smuːð,adj.,1. 平坦的，光滑的 2. 平稳的，平静的 3. 圆润的，流畅的 4. 圆滑的 5. 和蔼的，温文有礼的 v. 使平滑，使顺利，使平静等 || smooth away使平滑，使顺利,英语专业四八级词汇表
smother,ˈsmʌðə,v.,1. 使窒息，闷死 2. 覆盖，笼罩 3. 忍住，抑制,英语专业四八级词汇表
"smoulder, smolder",ˈsməʊldə,v.,1. 焖烧，熏烧 2.,英语专业四八级词汇表
"smoulder, smolder",ˈsməʊldə,,(情绪)郁积,英语专业四八级词汇表
smudge,smʌdʒ,n.,污点，渍痕  v. 涂污，弄脏,英语专业四八级词汇表
smug,smʌɡ,adj.,自满的，沾沾自喜的,英语专业四八级词汇表
smuggle,ˈsmʌɡl,v.,走私，偷运,英语专业四八级词汇表
snack,snæk,n.,小吃，快餐 || snack bar小吃店，快餐店,英语专业四八级词汇表
snag,snæɡ,n.,1. 潜在的困 难，意外的障碍 2. 尖利的突出物 v. 绊住,英语专业四八级词汇表
snail,sneɪl,n.,蜗牛 || at a snail’s pace极慢的,英语专业四八级词汇表
snake,sneɪk,n.,蛇,英语专业四八级词汇表
snap,snæp,v.,1. 猛咬，折断 2. 折断声，脆裂声 3. 快照 n. 1. 咬，啮，噬 2. 发破裂声而折断 3. 发出清脆声,英语专业四八级词汇表
snapshot,ˈsnæpʃɒt,n.,快,英语专业四八级词汇表
snare,sneə,n.,1. 罗网，陷阱 2. 圈套，诱人上当的事物 v.,英语专业四八级词汇表
snare,sneə,,(用罗网或陷阱)诱捕,英语专业四八级词汇表
snarl,snɑːl,v.,1.,英语专业四八级词汇表
snarl,snɑːl,,(指动物) 吠，咆哮 2. 粗暴地讲话，咆哮着说 n. 嚎叫(声)，咆哮(声),英语专业四八级词汇表
snatch,snætʃ,v.,&n. 抢夺，攫取,英语专业四八级词汇表
sneak,sniːk,v.,潜行，溜走 n. 怯懦鬼祟的人,英语专业四八级词汇表
sneakily,'snɪːkɪlɪ,adv.,偷偷摸摸地，鬼鬼祟祟地,英语专业四八级词汇表
sneer,snɪə,v.,嘲笑，讥消，说轻蔑话,英语专业四八级词汇表
sneeze,sniːz,v.,打喷嚏,英语专业四八级词汇表
snicker,ˈsnɪkə,v.,&n. 暗笑，窃笑,英语专业四八级词汇表
sniff,snɪf,v.,1. 以鼻吸气 2. 嗅，闻,英语专业四八级词汇表
sniffle,ˈsnɪfl,v.,抽鼻子 n. 抽鼻子(声),英语专业四八级词汇表
snigger,ˈsnɪɡə,v.,暗笑，窃笑,英语专业四八级词汇表
snipe,snaɪp,v.,1. 伏击，阻击 2. 抨击,英语专业四八级词汇表
sniper,ˈsnaɪpə,n.,狙击手,英语专业四八级词汇表
snivel,ˈsnɪvəl,v.,抽泣，哭诉,英语专业四八级词汇表
snob,snɒb,n.,势利之人，馅上欺下之人,英语专业四八级词汇表
snobbery,ˈsnɒbərɪ,n.,馅上欺下，势利(言行),英语专业四八级词汇表
snobbish,ˈsnɒbɪʃ,adj.,势利的,英语专业四八级词汇表
snooker,ˈsnuːkə,n.,落袋台球游戏,英语专业四八级词汇表
snooty,ˈsnuːtɪ,adj.,妄自尊大的，傲慢的,英语专业四八级词汇表
snore,snɔː,v.,打鼾，打呼噜 n. 打鼾，发鼾声,英语专业四八级词汇表
snorkel,ˈsnɔːkəl,n.,1. 潜水通气管 2.,英语专业四八级词汇表
snorkel,ˈsnɔːkəl,,(潜水艇的)通气管 v. 用通气管潜水,英语专业四八级词汇表
snort,snɔːt,v.,喷鼻息，鼻子发出喷气声 n. 喷鼻息，鼻息声,英语专业四八级词汇表
snout,snaʊt,n.,1. 动物突出的口鼻部(尤指猪的) 2. 猪鼻状突出物 3.,英语专业四八级词汇表
snout,snaʊt,,(人的)鼻子 4. 向警方告密者 5. 烟草，烟叶,英语专业四八级词汇表
snow,snəʊ,n.,雪 v. 降雪,英语专业四八级词汇表
snub,snʌb,v.,& n. 冷落，怠慢,英语专业四八级词汇表
snuff,snʌf,n.,鼻烟 v. 掐灭，熄灭，扑灭,英语专业四八级词汇表
snug,snʌɡ,adj.,1. 温暖的，舒适的 2.,英语专业四八级词汇表
snug,snʌɡ,,(指衣服)紧贴合身的,英语专业四八级词汇表
so,səʊ,adv.,1. 这么，如此 2.,英语专业四八级词汇表
so,səʊ,,(用于代替上文所用的词语)如此，如是 3. 也，同样 4. 非常，极 5. 不错，的确，确实 || so as to为了，以致 [so far 至此 conj. 1. 因而，所以 2.,英语专业四八级词汇表
so,səʊ,,(. ..,英语专业四八级词汇表
so,səʊ,so,that . .. )(表示目的)目的在于 3.,英语专业四八级词汇表
so,səʊ,,(. ..,英语专业四八级词汇表
so,səʊ,,so+adj. ] adv. +that…)(表示结果)以致,英语专业四八级词汇表
soak,səʊk,v.,浸，泡，(使)浸透 n. 浸，泡，渍,英语专业四八级词汇表
soap,səʊp,n.,肥皂,英语专业四八级词汇表
soapy,ˈsəʊpɪ,adj.,1.,英语专业四八级词汇表
soapy,ˈsəʊpɪ,,(似)肥皂的 2. 谄媚的,英语专业四八级词汇表
soar,sɔː,v.,1. 高飞，翱翔 2. 骤升，腾越,英语专业四八级词汇表
sob,sɒb,v.,呜咽，抽噎 n. 呜咽声，抽噎声,英语专业四八级词汇表
sober,ˈsəʊbə,adj.,1. 未醉的，清醒的 2. 审慎的，镇定的，严肃的,英语专业四八级词汇表
sobriety,səˈbraɪətɪ,n.,审慎，节制,英语专业四八级词汇表
soccer,ˈsɒkə,n.,英式足球,英语专业四八级词汇表
sociable,ˈsəʊʃəbl,adj.,友好的，合群的,英语专业四八级词汇表
socialism,ˈsəʊʃəlɪzəm,n.,社会主义,英语专业四八级词汇表
socialist,ˈsəʊʃəlɪst,n.,1. 社会主义者 2.,英语专业四八级词汇表
socialist,ˈsəʊʃəlɪst,,(cap)社会党人 adj. 社会主义的,英语专业四八级词汇表
society,səˈsaɪətɪ,n.,1. 社会 2. 群体，团体 3. 社团 4. 社交界，上流社会,英语专业四八级词汇表
sociological,ˌsəʊsɪəˈlɒdʒɪkəl,adj.,社会学的，关于社会学的,英语专业四八级词汇表
sociologist,ˌsəʊsɪˈɒlədʒɪst,n.,社会学研究者，社会学家,英语专业四八级词汇表
sociology,ˌsəʊsɪˈɒlədʒɪ,n.,社会学,英语专业四八级词汇表
sock,sɒk,n.,短袜,英语专业四八级词汇表
socket,ˈsɒkɪt,,12. 1. 插座 2. 凹处，窝,英语专业四八级词汇表
soda,ˈsəʊdə,n.,苏打，硼酸车内,英语专业四八级词汇表
sodium,ˈsəʊdɪəm,n.,车内,英语专业四八级词汇表
sofa,ˈsəʊfə,n.,沙发,英语专业四八级词汇表
soft,sɒft,adj.,1. 软的，柔软的 2. 柔滑的，细嫩的 3. 柔和的，不刺目的 4. 轻柔的，温和的 5. 不含酒精的 6. 心软的,英语专业四八级词汇表
soften,ˈsɒfən,v.,1.,英语专业四八级词汇表
soften,ˈsɒfən,,(使)变软 2.,英语专业四八级词汇表
soften,ˈsɒfən,,(使)变温和、柔和、软弱,英语专业四八级词汇表
softly,ˈsɒftlɪ,adv.,柔软地，轻轻地,英语专业四八级词汇表
software,ˈsɒftweə,,n.,英语专业四八级词汇表
software,ˈsɒftweə,,(电脑)软件,英语专业四八级词汇表
soggy,ˈsɒɡɪ,adj.,湿透的，粘湿的,英语专业四八级词汇表
soil,sɔɪl,n.,1. 土壤，土地 2. 国家，国土 v. 1. 弄脏，弄污 2. 污辱，败坏,英语专业四八级词汇表
sol,sɒl,n.,八度音阶中的第五音,英语专业四八级词汇表
solace,ˈsɒlɪs,n.,安慰，慰藉 v. 安慰某人,英语专业四八级词汇表
solar,ˈsəʊlə,adj.,太阳的，与太阳有关的,英语专业四八级词汇表
soldier,ˈsəʊldʒə,n.,士兵，军人,英语专业四八级词汇表
soldierly,ˈsəʊldʒəlɪ,adj.,像军人的，有军人品质的,英语专业四八级词汇表
sole,səʊl,,n.,英语专业四八级词汇表
sole,səʊl,,(人、足、鞋、袜等的)底部，脚掌，鞋底，袜底 adj. 1. 惟一的，仅有的 2. 专用的，独占的,英语专业四八级词汇表
solely,ˈsəʊlɪ,adv.,惟一地，单独地,英语专业四八级词汇表
solemn,ˈsɒləm,adj.,1. 庄严的，肃穆的 2. 真诚的，正式的 3. 隆重的，庄重的,英语专业四八级词汇表
solemnity,səˈlemnətɪ,n.,1. 庄严，严肃 2. 郑重的仪式，典礼,英语专业四八级词汇表
solicit,səˈlɪsɪt,v.,1. 设法获得(某事物)，向(某人)拉(选票) 2.,英语专业四八级词汇表
solicit,səˈlɪsɪt,,(指妓女)拉(客),英语专业四八级词汇表
solicitor,səˈlɪsɪtə,,n.,英语专业四八级词汇表
solicitor,səˈlɪsɪtə,,(BrE)律师,英语专业四八级词汇表
solid,ˈsɒlɪd,adj.,1. 固体的 2. 实心的 3. 结实的，坚固的 4. 可靠的，稳健的 5. 一致的，团结的 6. 连续的，完整的,英语专业四八级词汇表
solidarity,ˌsɒlɪˈdærətɪ,n.,团结，一致,英语专业四八级词汇表
soliloquy,səˈlɪləkwɪ,n.,自言自语，(尤指戏剧中的)独白,英语专业四八级词汇表
solitary,ˈsɒlɪtərɪ,adj.,1. 独居的，孤独的 2. 单个的，惟一的 3. 偏僻的，人迹罕至的,英语专业四八级词汇表
solitude,ˈsɒlɪtjuːd,n.,1. 独居，孤独，单独 2. 人迹罕至之处,英语专业四八级词汇表
solo,ˈsəʊləʊ,n.,1. 独奏(曲)，独唱(曲) 2. 单独表演 adj. 1. 独奏(曲)的，独唱(曲)的 2. 单独的，单独表演的,英语专业四八级词汇表
soloist,ˈsəʊləʊɪst,n.,独唱者，独奏者,英语专业四八级词汇表
soluble,ˈsɒljʊbl,adj.,1. 可溶的 2. 可解决的，可解答的,英语专业四八级词汇表
solution,səˈluːʃən,n.,1. 解答，解决方法 2. 溶解，溶解过程 3. 溶液,英语专业四八级词汇表
solve,sɒlv,v.,解决，解答，解释,英语专业四八级词汇表
solvency,ˈsɒlvənsɪ,n.,偿付能力,英语专业四八级词汇表
solvent,ˈsɒlvənt,n.,溶剂，溶媒 adj. 有偿付能力的，不负债的,英语专业四八级词汇表
sombre,ˈsɒmbə,adj.,1. 暗淡的，阴沉的 2. 忧郁的，严峻的,英语专业四八级词汇表
some,sʌm; səm,adj.,1. 一些，若干 2. 某一个，有一个 3. 相当的(数或量) prop. 1. 一些，若干 2. 有些，某些 adv. 1. 大约 2. 几分，稍微,英语专业四八级词汇表
somebody,ˈsʌmbədɪ,prop.,1. 某人，有人 2. 重要人物(常与不定冠词连用),英语专业四八级词汇表
somehow,ˈsʌmhaʊ,adv.,1. 不知怎么地，反正 2. 以某种方法，设法地,英语专业四八级词汇表
someone,ˈsʌmwʌn,prop.,某人，有人,英语专业四八级词汇表
something,ˈsʌmθɪŋ,prop.,1. 某事，某物 2.,英语专业四八级词汇表
something,ˈsʌmθɪŋ,,(表示模糊概念)若干，什么 n. 重要人物 adv. 1. 几分，大约 2. 很，非常,英语专业四八级词汇表
sometime,ˈsʌmtaɪm,adv.,某个时候 adj. 以前的,英语专业四八级词汇表
sometimes,ˈsʌmtaɪmz,adv.,有时，偶尔，间或,英语专业四八级词汇表
somewhat,ˈsʌmwɒt,adv.,有点，稍微,英语专业四八级词汇表
somewhere,ˈsʌmweə,adv.,在某处，到某处,英语专业四八级词汇表
son,sʌn,n.,儿子,英语专业四八级词汇表
sonar,ˈsəʊnɑː,n.,声纳装置，声纳系统,英语专业四八级词汇表
sonata,səˈnɑːtə,n.,奏鸣曲,英语专业四八级词汇表
song,sɒŋ,n.,歌词，歌曲,英语专业四八级词汇表
son-in-law,ˈsʌn ɪn lɔː,n.,女婿,英语专业四八级词汇表
sonnet,ˈsɒnɪt,n.,十四行诗,英语专业四八级词汇表
soon,suːn,adv.,1. 不久，即刻 2. 快，早 || as soon as一…就… /sooner or later迟早,英语专业四八级词汇表
soot,sʊt,n.,黑烟灰，煤烟，油烟,英语专业四八级词汇表
soothe,suːð,v.,1. 使平静，安慰 2. 使(痛苦、疼痛)缓和或减轻,英语专业四八级词汇表
sophist,ˈsɒfɪst,n.,诡辩者,英语专业四八级词汇表
sophisticate,səˈfɪstɪkeɪt,n.,老于世故的人,英语专业四八级词汇表
sophisticated,səˈfɪstɪkeɪtɪd,adj.,1. 老练的，高雅时髦的  2. 复杂的，精细的，尖端的,英语专业四八级词汇表
sophomore,ˈsɒfəmɔː,,n.,英语专业四八级词汇表
sophomore,ˈsɒfəmɔː,,(四年制大学、学院和中学的) 二年级学生,英语专业四八级词汇表
soprano,səˈprɑːnəʊ,n.,1. 女高音，男童声最高音 2. 女高音歌手，唱最高音者 3. 最高音部乐器,英语专业四八级词汇表
sordid,ˈsɔːdɪd,adj.,1. 卑鄙的，可耻的 2. 肮脏的，破烂的,英语专业四八级词汇表
sore,sɔː,adj.,疼痛的 n. 痛处，溃疡,英语专业四八级词汇表
sorghum,ˈsɔːɡəm,n.,高粱,英语专业四八级词汇表
sorrow,ˈsɒrəʊ,n.,1. 悲伤，悲哀 2. 悔恨,英语专业四八级词汇表
sorrowful,ˈsɒrəʊfʊl,adj.,感到、显得或引起悲哀或懊悔的,英语专业四八级词汇表
sorry,ˈsɒrɪ,adj.,1. 难过的，惋惜的 2. 遗憾的，后悔的 3. 可怜的，可悲的,英语专业四八级词汇表
sort,sɔːt,n.,1. 种类，类别 2. 样子，举止 || all sorts of各种各样的 v. 1. 分类，整理 2. 交往,英语专业四八级词汇表
sortie,ˈsɔːtiː,n.,1. 对不熟悉地方的短访 2. 出击，突击  3. 军事行动中一架飞行器出动的次数，架次,英语专业四八级词汇表
SOS,ˌes əʊ ˈes,n.,紧急求救信号，求助，求救,英语专业四八级词汇表
so-so,ˈsəʊ səʊ,adj.,平平常常的， adv. 平平常常地，勉强地，过得去地,英语专业四八级词汇表
soul,səʊl,n.,1. 灵魂，心灵 2. 心力，精神 3. 人 4. 典范，化身 5. 精髓，精华,英语专业四八级词汇表
soup,suːp,n.,汤，羹,英语专业四八级词汇表
sour,ˈsaʊə,adj.,1. 酸的，酸味的 2. 酸腐的，酸臭的 3. 乖庆的，不友好的  v.,英语专业四八级词汇表
sour,ˈsaʊə,,(使)变酸,英语专业四八级词汇表
source,sɔːs,n.,1. 河源，水源 2. 来源，出处 3.,英语专业四八级词汇表
source,sɔːs,,(pl)原始资料，原始文件等,英语专业四八级词汇表
south,saʊθ,n.,南，南方，南部,英语专业四八级词汇表
southeast,ˌsaʊθˈiːst,n.,东南  adj. 位于东南的，向东南的，来自东南的 adv. 在东南，向东南，从东南,英语专业四八级词汇表
southerly,ˈsʌðəlɪ,adj.,在南方的，向南方的，来自南方的,英语专业四八级词汇表
southern,ˈsʌðən,adj.,南方的，在南方的，有关南方的,英语专业四八级词汇表
southward,ˈsaʊθwəd,adv.,向南方,英语专业四八级词汇表
southwest,ˌsaʊθˈwest,n.,西南 adj. 位于西南的，向西南的，来自西南的 adv. 在西南，向西南，从西南,英语专业四八级词汇表
souvenir,ˌsuːvəˈnɪə,n.,纪念物，纪念品,英语专业四八级词汇表
sovereign,ˈsɒvrɪn,adj.,1. 最高的，无上的 2. 独立的，有主权的  n. 君主，统治者,英语专业四八级词汇表
sovereignty,ˈsɒvrəntɪ,n.,1. 最高统治权，君权 2. 国家的主权,英语专业四八级词汇表
Soviet,ˈsəʊvɪət,n.,苏维埃,英语专业四八级词汇表
soy(a)bean,ˈsɔɪ(ə)biːn,n.,大豆 || soy(a) sauce酱油,英语专业四八级词汇表
spa,spɑː,n.,矿泉，有矿泉的地方 || spa water矿泉水,英语专业四八级词汇表
space,speɪs,n.,1. 空间，太空 2. 间距，距离 3. 空地，场所 4. 期间，一段时间 || in space  在太空中,英语专业四八级词汇表
spacecraft,ˈspeɪskrɑːft,n.,航天器，宇宙飞船,英语专业四八级词汇表
spaceship,ˈspeɪsˌʃɪp,n.,宇宙飞船 || by spaceship乘坐宇宙飞船,英语专业四八级词汇表
spacious,ˈspeɪʃəs,adj.,广大的，宽敞的,英语专业四八级词汇表
spade,ˈspeɪd,n.,1. 铲，铁锹 2. 纸牌中的黑桃 || call a spade a spade直言不讳,英语专业四八级词汇表
Spain,speɪn,n.,西班牙,英语专业四八级词汇表
span,spæn,n.,跨度 v. 横跨，架桥于…,英语专业四八级词汇表
Spaniard,ˈspænjəd,n.,西班牙人,英语专业四八级词汇表
Spanish,ˈspænɪʃ,,adj·西班牙的，西班牙人的，西班牙语的 n. 西班牙语,英语专业四八级词汇表
spanner,ˈspænə,n.,扳手,英语专业四八级词汇表
spare,speə,adj.,1. 多余的，空暇的 2. 备用的 v. 1. 舍弃不用，拨出让给 2. 节约，省用 3. 饶恕，赦免,英语专业四八级词汇表
sparingly,ˈspeərɪŋli,adv.,节约地，俭省地,英语专业四八级词汇表
spark,spɑːk,n.,火星，火花，电花 v. 1. 发出火花，闪出电花 2. 导致，引起,英语专业四八级词汇表
sparkle,ˈspɑːkl,v.,闪闪发光，闪烁，闪耀 n. 闪光，闪耀，火花,英语专业四八级词汇表
sparrow,ˈspærəʊ,n.,麻雀,英语专业四八级词汇表
sparse,spɑːs,adj.,零散的，稀疏的,英语专业四八级词汇表
spasm,ˈspæzəm,n.,1. 痉挛，发作 2.,英语专业四八级词汇表
spasm,ˈspæzəm,,(活动、情感等的)突发，发作,英语专业四八级词汇表
spasmodic,spæzˈmɒdɪk,adj.,1. 时断时续的 2. 痉挛的，痉挛性的,英语专业四八级词汇表
spate,speɪt,n.,大批，大量,英语专业四八级词汇表
spatial,ˈspeɪʃəl,adj.,空间的，存在于空间的,英语专业四八级词汇表
spatter,ˈspætə,v.,1. 洒、溅或泼在(某人或某物)上 2. 滴下，洒落,英语专业四八级词汇表
spawn,spɔːn,,n.,英语专业四八级词汇表
spawn,spɔːn,,(鱼、蛙等水生动物的)卵，子 v. 1. 产卵 2. 大量生产,英语专业四八级词汇表
speak,spiːk,v.,1. 说话，讲话 2. 表达思想 3. 使用(语言) 4. 演说，演讲 || speak for代表…讲话 [speak out大胆地说] speak of谈到，提起 /speak to对…说话,英语专业四八级词汇表
speaker,ˈspiːkə,n.,1. 演说者 2. 讲某种语言的人 3. 扬声器,英语专业四八级词汇表
spear,spɪə,n.,矛，枪，鱼叉,英语专业四八级词汇表
spearhead,ˈspɪəhed,n.,前锋，先头部队,英语专业四八级词汇表
special,ˈspeʃəl,adj.,1. 特殊的，专用的，特设的 2. 附加的，格外的,英语专业四八级词汇表
specialist,ˈspeʃəlɪst,n.,专家,英语专业四八级词汇表
"speciality, specialty",ˌspeʃɪˈælətɪ,n.,1. 特质，特性 2. 专业，专长 3. 特制品，特产品,英语专业四八级词汇表
specialize,ˈspeʃəlaɪz,v.,专攻，专门研究，专门从事,英语专业四八级词汇表
specially,ˈspeʃəlɪ,adv.,1. 特别地，特地 2. 格外地,英语专业四八级词汇表
species,ˈspiːʃiːz,,n.,英语专业四八级词汇表
species,ˈspiːʃiːz,,(sing &pl) 1.,英语专业四八级词汇表
species,ˈspiːʃiːz,,(生物)种 2. 种类,英语专业四八级词汇表
specific,spɪˈsɪfɪk,adj.,1. 明确的，详尽的 2. 特定的，特指的,英语专业四八级词汇表
specify,ˈspesɪfaɪ,v.,指定，载明，详述,英语专业四八级词汇表
specimen,ˈspesɪmən,n.,1. 标本，范例 2. 样品 3. 抽样，取样,英语专业四八级词汇表
speck,spek,n.,微粒，小污点,英语专业四八级词汇表
speckle,ˈspekl,n.,小点，斑点,英语专业四八级词汇表
spectacle,ˈspektəkl,n.,1. 公开展示 2. 景象，光景，壮观 3.,英语专业四八级词汇表
spectacle,ˈspektəkl,,(pl)眼镜,英语专业四八级词汇表
spectacular,spekˈtækjʊlə,adj.,壮观的，引人入胜的,英语专业四八级词汇表
spectator,spekˈteɪtə,n.,观众，旁观者,英语专业四八级词汇表
spectre,ˈspektə,n.,1. 鬼，幽灵 2.,英语专业四八级词汇表
spectre,ˈspektə,,(因可能出现困难而产生的)忧虑，恐惧,英语专业四八级词汇表
spectrum,ˈspektrəm,n.,1. 光谱 2. 波长，范围,英语专业四八级词汇表
speculate,ˈspekjʊleɪt,v.,1. 思索，推测 2. 投机，做投机生意,英语专业四八级词汇表
speculative,ˈspekjʊlətɪv,adj.,1. 思考的，推测出的 2. 投机的，投机生意的,英语专业四八级词汇表
speculatively,ˈspekjʊlətɪvlɪ,adv.,1. 思考地，推测地 2. 投机地,英语专业四八级词汇表
speculator,ˈspekjʊleɪtə,n.,投机者，投机商,英语专业四八级词汇表
speech,spiːtʃ,n.,1. 语言，说话，说话能力 2. 演说，当众讲话,英语专业四八级词汇表
speed,spiːd,n.,1. 速度，速率 2. 快速，迅速 v. 1. 速进，急行 2. 使速进，使急行 3. 增速,英语专业四八级词汇表
speedometer,spɪˈdɒmɪtə,,n.,英语专业四八级词汇表
speedometer,spɪˈdɒmɪtə,,(机动车等的)速度计,英语专业四八级词汇表
speedway,ˈspiːdweɪ,,n.,英语专业四八级词汇表
speedway,ˈspiːdweɪ,,(摩托车等运动项目的)赛车跑道，摩托车赛,英语专业四八级词汇表
spelling,ˈspelɪŋ,n.,拼字，拼法,英语专业四八级词汇表
spend,spend,v.,1. 花费，付出(钱) 2. 耗尽，消耗 3. 消磨，度过 || spend sth on sth花…在…上,英语专业四八级词汇表
sperm,spɜːm,n.,精液，精子,英语专业四八级词汇表
spew,spjuː,,v.,英语专业四八级词汇表
spew,spjuː,,(使)喷出，呕吐,英语专业四八级词汇表
sphere,sfɪə,n.,1. 球体，球形 2. 范围，领域,英语专业四八级词汇表
spice,spaɪs,n.,1. 香料，调味品 2. 意味，风味 v. 1. 加香料于 2. 为…增添趣味,英语专业四八级词汇表
spiced,spaɪst,adj.,含香料的,英语专业四八级词汇表
spicy,ˈspaɪsɪ,adj.,1. 用香料调味的，辛辣的 2. 有刺激性的，有趣味的,英语专业四八级词汇表
spider,ˈspaɪdə,n.,蜘蛛,英语专业四八级词汇表
spike,spaɪk,n.,1. 钉状物 2. 鞋钉 3.,英语专业四八级词汇表
spike,spaɪk,,(谷类等的)穗状物 v. 用钉钉，加鞋钉于,英语专业四八级词汇表
spill,spɪl ,,v.,英语专业四八级词汇表
spill,spɪl ,,(使)溢出，(使)溅出,英语专业四八级词汇表
spin,spɪn,v.,1. 纺纱 2.,英语专业四八级词汇表
spin,spɪn,,(使)快速旋转 3. 杜撰，撰述 n. 旋转,英语专业四八级词汇表
spinach,ˈspɪnɪdʒ,n.,菠菜,英语专业四八级词汇表
spindle,ˈspɪndl,n.,1. 纺锤，锭子 2. 转杆，轴,英语专业四八级词汇表
spine,spaɪn,n.,1. 脊柱，脊椎 2.,英语专业四八级词汇表
spine,spaɪn,,(动植物体上的)刺，棘刺 3. 书脊,英语专业四八级词汇表
spinner,ˈspɪnə,n.,纺纱工人,英语专业四八级词汇表
spinster,ˈspɪnstə,n.,未婚女人，老处女,英语专业四八级词汇表
spiral,ˈspaɪərəl,n.,1. 螺线，螺旋状的物体 2. 不断加强的上升或下降 adj. 螺旋形的，盘旋的 v. 1. 螺旋形移动，盘旋移动 2. 连续增长或减少,英语专业四八级词汇表
spire,ˈspaɪə,,n.,英语专业四八级词汇表
spire,ˈspaɪə,,(圆锥形或角锥形的)尖顶，教堂塔尖,英语专业四八级词汇表
spirit,ˈspɪrɪt,n.,1. 精神，心灵，灵魂 2. 幽灵，鬼怪，妖精 3. 活力，精神，气魄 4. 本质，本旨 5. 情绪，兴致 6. 人，人物 7. 烈性酒 || out of spirits意气消沉，没精打采,英语专业四八级词汇表
spirited,ˈspɪrɪtɪd,adj.,精神饱满的，活跃的,英语专业四八级词汇表
spiritual,ˈspɪrɪtʃʊəl,adj.,1. 精神(上)的，心灵(上)的 2. 宗教的，神圣的,英语专业四八级词汇表
spirituality,ˌspɪrɪtʃʊˈælətɪ,n.,灵性，信仰,英语专业四八级词汇表
spit,spɪt,v.,吐出，吐唾液 || spit out吐出 n. 唾液，口涎,英语专业四八级词汇表
spite,spaɪt,n.,怨恨，恶意 || in spite of不管，不顾 v. 刁难，使恼怒,英语专业四八级词汇表
spiteful,'spaɪtfʊl,adj.,恶意的，怀恨的,英语专业四八级词汇表
splash,splæʃ,v.,1. 溅，泼 2.,英语专业四八级词汇表
splash,splæʃ,,(指液体)飞溅，激溅 n. 1. 飞溅，飞溅声，溅污的斑点 2. 有颜色的斑点,英语专业四八级词汇表
spleen,spliːn,n.,1. 脾，脾脏 2. 坏脾气，怨气,英语专业四八级词汇表
splendid,ˈsplendɪd,adj.,1. 壮丽的，辉煌的 2. 绝妙的，极佳的,英语专业四八级词汇表
"splendour, splendor",ˈsplendə,n.,华丽，壮观，辉煌,英语专业四八级词汇表
splinter,ˈsplɪntə,n.,尖片，碎片  v. 1.,英语专业四八级词汇表
splinter,ˈsplɪntə,,(使)裂成碎片 2.,英语专业四八级词汇表
splinter,ˈsplɪntə,,(从较大的团体中)分裂出来，组成小派别,英语专业四八级词汇表
split,splɪt,v.,1. 裂开，劈开，破裂 2. 撑破，绽裂 3.,英语专业四八级词汇表
split,splɪt,,(使)分裂，分开 n. 1. 裂开，裂口 2. 分裂，分歧,英语专业四八级词汇表
splutter,ˈsplʌtə,v.,1. 急促而慌乱地说 2. 发出劈劈啪啪的溅水声，发毕剥声,英语专业四八级词汇表
spoil,spɔɪl,v.,1. 损坏，糟蹋 2. 宠坏，溺爱 n. 掠夺物，赃物,英语专业四八级词汇表
spoken,ˈspəʊkən,adj.,口头的，口语的,英语专业四八级词汇表
spokesman,ˈspəʊksmən,n.,代言人，发言人,英语专业四八级词汇表
sponge,spʌndʒ,n.,海绵， v. 1. 用海绵等擦拭、洗涤或清除 2. 用海绵吸收(液体),英语专业四八级词汇表
sponsor,ˈspɒnsə,n.,1. 赞助者，主办者，发起者 2. 负责人，保证人,英语专业四八级词汇表
spontaneous,spɒnˈteɪnɪəs,adj.,自发的，自然的，自动的,英语专业四八级词汇表
spook,spuːk,n.,鬼  v. 吓，吓唬,英语专业四八级词汇表
spoon,spuːn,n.,匙，调羹,英语专业四八级词汇表
spoonful,'spuːnfʊl,adj.,一匙之量,英语专业四八级词汇表
sporadic,spəˈrædɪk,adj.,偶发的，零星的,英语专业四八级词汇表
spore,spɔː,n.,芽孢，孢子,英语专业四八级词汇表
sport,spɔːt,n.,1. 运动，活动 2. 娱乐，戏谑 3.,英语专业四八级词汇表
sport,spɔːt,,(pl)运动会 || have sports参加体育运动,英语专业四八级词汇表
sportsman,ˈspɔːtsmən,,(pl sportsmen) n. 1. 运动员，爱好运动者 2. 输得起的人,英语专业四八级词汇表
sportsmanship,ˈspɔːtsmənʃɪp,n.,公正大度  的品质或精神,英语专业四八级词汇表
sportswoman,ˈspɔːtsˌwʊmən,,(pl sportswomen) n. 女运动员,英语专业四八级词汇表
spot,spɒt,n.,1. 点，斑点，污点 2. 地点，场所 || on the spot在现场，当场 v. 1. 察觉，认出 2. 加斑点于，弄脏，站污,英语专业四八级词汇表
spotless,ˈspɒtlɪs,adj.,1. 极清洁的 2. 无瑕疵的，道德上纯洁的,英语专业四八级词汇表
spotlight,ˈspɒtlaɪt,n.,1. 聚光灯 2.,英语专业四八级词汇表
spotlight,ˈspɒtlaɪt,,(众人的)注目，众人注目的焦点,英语专业四八级词汇表
spouse,spaʊz,n.,配偶,英语专业四八级词汇表
spout,spaʊt,n.,1. 喷管，喷口 2. 喷流，水柱 || up the spout (infml)①在绝境中② 怀孕的 v. 1. 喷出，喷射 2. 滔滔不绝，口沫横飞,英语专业四八级词汇表
sprain,spreɪn,v.,扭，扭伤,英语专业四八级词汇表
sprawl,sprɔːl,v.,1. 四肢摊开着坐、卧或倒下，伸展(身体或四肢) 2. 散乱地延伸 n. 1. 四肢伸开的姿势或动作 2. 杂乱的大片地方,英语专业四八级词汇表
spray,spreɪ,n.,1. 水雾，水花，浪花 2. 喷液 3. 喷雾器 v. 喷，喷洒,英语专业四八级词汇表
spread,spred,v.,1. 展开，摊开 2. 涂敷，涂布 3.,英语专业四八级词汇表
spread,spred,,(使)传布，(使)散开 4. 伸展，扩展  n. 1. 范围，广度 2. 传播，蔓延 3. 涂抹于面包上的食品,英语专业四八级词汇表
springboard,ˈsprɪŋbɔːd,n.,1.,英语专业四八级词汇表
springboard,ˈsprɪŋbɔːd,,(跳水运动的)跳板，(体操运动的)踏跳板 2. 发展事业的起点,英语专业四八级词汇表
springlock,ˈsprɪŋlɒk,n.,弹簧锁,英语专业四八级词汇表
sprinkle,ˈsprɪŋkl,v.,洒，喷，淋  n. 少量，少数,英语专业四八级词汇表
sprint,sprɪnt,v.,用全速奔跑，疾跑,英语专业四八级词汇表
sprout,spraʊt,v.,1. 发芽，萌芽 2. 使生长，使发芽 n. 新芽，籽苗,英语专业四八级词汇表
spruce,spruːs,n.,云杉,英语专业四八级词汇表
spur,spɜː,n.,1. 马刺，靴刺 2. 激励物，驱策 v. 1. 以马刺刺激 2. 驱策，激励,英语专业四八级词汇表
spurious,ˈspjʊərɪəs,adj.,1. 不合逻辑的，谬误的 2. 假的，欺骗性的,英语专业四八级词汇表
spy,spaɪ,n.,1. 间谍，密探，侦探 2. 窥视者，秘密监视者 v. 1. 侦察，窥探，秘密监视 2. 观察，发现,英语专业四八级词汇表
squabble,ˈskwɒbl,v.,&n.,英语专业四八级词汇表
squabble,ˈskwɒbl,,(为琐事)争吵，口角,英语专业四八级词汇表
squad,skwɒd,n.,班，小组，小队,英语专业四八级词汇表
squadron,ˈskwɒdrən,n.,1. 英国皇家空军中队 2. 海军中队 3. 骑兵中队，装甲连,英语专业四八级词汇表
squalid,ˈskwɒlɪd,adj.,1. 肮脏的，邋遢的 2. 卑鄙的，下流的,英语专业四八级词汇表
squall,skwɔːl,n.,1. 狂风，暴风 2.,英语专业四八级词汇表
squall,skwɔːl,,(因痛苦或恐惧而发出的)高声哭喊，尖叫 v. 大声哭喊，尖叫,英语专业四八级词汇表
squalor,ˈskwɒlə,n.,1. 污秽 2. 卑鄙,英语专业四八级词汇表
squander,ˈskwɒndə,v.,浪费，挥霍,英语专业四八级词汇表
square,skweə,adj.,1. 正方形的，方的 2. 成直角或近似直角的 3. 平方的，自乘的 4. 公正的，诚实的 n. 1. 正方形 2. 平方，自乘 3. 广场，方场 v. 1. 使成方形 2. 使成直角，使垂直 3. 自乘，得出某数的平方 4. 偿清，结算,英语专业四八级词汇表
squarely,ˈskweəlɪ,adv.,直接地，照直地,英语专业四八级词汇表
squat,skwɒt,v.,1. 蹲踞，跪坐 2.,英语专业四八级词汇表
squat,skwɒt,,(指动物)蜷伏,英语专业四八级词汇表
squawk,skwɔːk,v.,1.,英语专业四八级词汇表
squawk,skwɔːk,,(指鸟)发出响而粗的叫声 2. 大声嘀咕，高声抱怨,英语专业四八级词汇表
squeak,skwiːk,n.,短促而尖利的叫声或响声 v. 1. 发出短促而尖利的声音 2. 以尖利的声音说话 3. 告密，充当告密者,英语专业四八级词汇表
squeal,skwiːl,n.,长而尖的叫声 v. 发出长声尖叫,英语专业四八级词汇表
squeamish,ˈskwiːmɪʃ,adj.,1.,英语专业四八级词汇表
squeamish,ˈskwiːmɪʃ,,(因胃过敏)易恶心的 2. 易受惊的，神经质的,英语专业四八级词汇表
squeeze,ˈskwiːz,v.,1. 挤压，压榨，紧握 2. 榨取，挤出 n. 压榨，紧握,英语专业四八级词汇表
squint,ˈskwɪnt,v.,1. 患斜视 2. 眯着眼睛看，斜视，膘 n. 1. 斜视，斜视症 2. 看，瞥,英语专业四八级词汇表
squire,ˈskwaɪə,n.,1.,英语专业四八级词汇表
squire,ˈskwaɪə,,(英国乡下地区的)乡绅，大地主  2. 治安法官，地方法官,英语专业四八级词汇表
squirm,skwɜːm,v.,1. 蠕动，扭动 2. 羞愧，不舒服,英语专业四八级词汇表
squirrel,ˈskwɪrəl,n.,1. 松鼠 2. 松鼠的毛皮,英语专业四八级词汇表
squirt,skwɜːt,v.,喷，喷出  n. 1. 细的喷流 2. 妄自尊大的人,英语专业四八级词汇表
stab,stæb,v.,1. 刺，戳，刺入 2. 产生刺痛 n. 刺，戳，刺痛，伤痛,英语专业四八级词汇表
stability,stəˈbɪlətɪ,n.,坚固性，稳定性，安定,英语专业四八级词汇表
stabilize,ˈsteɪbɪlaɪz,v.,使稳定，使沉稳,英语专业四八级词汇表
staccato,stəˈkɑːtəʊ,adj.,"&adv. 断续的(地),不连贯的(地)",英语专业四八级词汇表
stack,stæk,n.,1. 整齐叠起的一堆 2. 干草垛,英语专业四八级词汇表
stadium,ˈsteɪdɪəm,n.,运动场，体育场,英语专业四八级词汇表
staff,stɑːf,n.,1. 棍，杖，棒 2. 全体职员，全体工作人员 3. 竿，支柱 4. 参谋，幕僚，参谋部 v. 供以人员，充当职员或幕僚,英语专业四八级词汇表
stag,stæɡ,n.,牡鹿 adj. 只准男子参加的,英语专业四八级词汇表
stage,steɪdʒ,n.,1. 舞台，戏台 2. 活动或注意的中心 3. 阶段，进程 || at this stage眼下，目前 /stage by stage逐步地 v. 1. 把…搬上舞台，上演 2. 举行，策划,英语专业四八级词汇表
stagger,ˈstæɡə,v.,1.,英语专业四八级词汇表
stagger,ˈstæɡə,,(使)摇晃，蹒跚而行 2. 使摇摆，使震惊 3. 间隔，错开,英语专业四八级词汇表
stagnant,ˈstæɡnənt,adj.,1.,英语专业四八级词汇表
stagnant,ˈstæɡnənt,,(指水)因不流动而污浊、腐臭的 2. 停滞的，不景气的,英语专业四八级词汇表
stagnation,stæɡˈneɪʃən,n.,1.,英语专业四八级词汇表
stagnation,stæɡˈneɪʃən,,(水)不流动 2. 停滞，不景气,英语专业四八级词汇表
staid,steɪd,,adj.,英语专业四八级词汇表
staid,steɪd,,(指人、外表、行为、爱好等)古板的，保守的,英语专业四八级词汇表
stain,steɪn,n.,1. 污点，污迹 2. 污点，耻辱  v. 玷污，染污,英语专业四八级词汇表
stainless,'steɪnlɪs,adj.,1. 无污点的，清白的 2. 不锈的，抗锈的,英语专业四八级词汇表
stair,steə,n.,1. 梯级 2.,英语专业四八级词汇表
stair,steə,,(pl)楼梯，阶梯,英语专业四八级词汇表
staircase,ˈsteəkeɪs,n.,楼梯，楼梯间(= stairway),英语专业四八级词汇表
stake,steɪk,n.,1. 桩，柱 2. 利害关系 3. 赌注，赌金,英语专业四八级词汇表
stale,steɪl,adj.,1. 不新鲜的，干瘪无味的 2. 陈腐的，拾人牙慧的 3. 过劳的，疲惫的,英语专业四八级词汇表
stalemate,ˈsteɪlmeɪt,n.,1.,英语专业四八级词汇表
stalemate,ˈsteɪlmeɪt,,(国际象棋中的)僵局，和棋 2. 僵持阶段，僵局 v. 使…陷入僵  局,英语专业四八级词汇表
stallion,ˈstælɪən,n.,种马,英语专业四八级词汇表
stalwart,ˈstɔːlwət,adj.,1. 强壮的，结实的 2. 坚定的，忠实的 n. 忠实拥护者，坚定分子,英语专业四八级词汇表
stamina,ˈstæmɪnə,n.,体力，耐力,英语专业四八级词汇表
stammer,ˈstæmə,v.,结巴，口吃 n. 口吃,英语专业四八级词汇表
stamp,stæmp,n.,1. 邮票，印花 2. 印章，图章 3. 踩，跺，顿足 4. 印记，图记 v. 1. 跺(脚)，顿足 2. 压印，盖章,英语专业四八级词汇表
stampede,stæmˈpiːd,n.,1.,英语专业四八级词汇表
stampede,stæmˈpiːd,,(动物)惊逃，奔窜 2.,英语专业四八级词汇表
stampede,stæmˈpiːd,,(指人)突然的大规模行动，蜂拥 v. 使(动物、人)惊逃，蜂拥,英语专业四八级词汇表
stance,stæns,n.,1. 站立的姿势 2. 姿态，想法，立场,英语专业四八级词汇表
stand,stænd,v.,1. 站立，起立 2. 屹立，竖立 3. 坐落，位于 4. 忍耐，忍受 || stand at attention立正 [stand by①忠于，支持②袖手旁观] stand for ①代表，象征②容忍，允许 [stand out突出，出色] stand up 起立 [stand up for支持，拥护] stand up to经得起…的考验  n. 1. 摊位，货架 2. 置物架,英语专业四八级词汇表
standard,ˈstændəd,n.,1. 标准，基准，规格，规范 2. 旗帜，旗标 3. 直立的支持物，支柱 adj. 1. 标准的 2. 权威的 3. 普通的，通用的,英语专业四八级词汇表
standardize,ˈstændədaɪz,v.,使(某事物)标准化或符合规格,英语专业四八级词汇表
standing,ˈstændɪŋ,n.,1. 地位，身份 2. 持续时间 adj. 常备的，永久的,英语专业四八级词汇表
standpoint,ˈstændpɔɪnt,n.,立场，立脚点，观点,英语专业四八级词汇表
standstill,ˈstændstɪl,n.,静止状态，停顿,英语专业四八级词汇表
stanza,ˈstænzə,,n.,英语专业四八级词汇表
stanza,ˈstænzə,,(诗歌的)节，段(尤指押韵的),英语专业四八级词汇表
stapler,'steɪplə,,n.,英语专业四八级词汇表
stapler,'steɪplə,,(小型手动的)订书机,英语专业四八级词汇表
star,stɑː,n.,1. 星，星状物 2. 明星，高手,英语专业四八级词汇表
starboard,ˈstɑːbəd,,n.,英语专业四八级词汇表
starboard,ˈstɑːbəd,,(船、飞机的)右舷，右侧,英语专业四八级词汇表
starch,stɑːtʃ,n.,1. 淀粉，含淀粉的食物 2. 粉浆 v. 浆(衣服等),英语专业四八级词汇表
stardom,ˈstɑːdəm,n.,明星的身份或地位,英语专业四八级词汇表
stare,steə,v.,盯，凝视，目不转睛地看 || stare at凝视，盯着看 n. 盯，凝视,英语专业四八级词汇表
stark,stɑːk,adj.,1. 显而易见的 2. 光秃秃的，阴郁的 3. 完全的，十足的 adv. 完全地，十足地,英语专业四八级词汇表
starry,ˈstɑːrɪ,adj.,1. 多星的，被星星照亮的 2.,英语专业四八级词汇表
starry,ˈstɑːrɪ,,(眼睛等)闪亮如星的，明亮的,英语专业四八级词汇表
start,stɑːt,n.,1. 开始，出发 2. 开首部分，开初阶段 3. 起点，出发点 4. 惊起，跳起 v. 1. 开始 2.,英语专业四八级词汇表
start,stɑːt,,(使)发生，(使)发起 3.,英语专业四八级词汇表
start,stɑːt,,(使)发动 4. 动身，启程 5. 惊起，跳起,英语专业四八级词汇表
starter,ˈstɑːtə,n.,1. 起跑的人、马或其他动物 2. 起跑裁判员，发令员 3. 开始进行某事者 4. 启动装置 5. 第一道菜,英语专业四八级词汇表
startle,ˈstɑːtl,v.,使惊愕，使吃惊,英语专业四八级词汇表
starvation,stɑːˈveɪʃən,n.,饥饿，饿死,英语专业四八级词汇表
starve,stɑːv,v.,1.,英语专业四八级词汇表
starve,stɑːv,,(使)饿，(使)饿死 2. 感觉很饿,英语专业四八级词汇表
state,steɪt,n.,1. 状态，情形 2. 国家，政府，领土 3. 州，邦 4. 级别，地位，尊严 || state of the art(技术等)最新水平 v. 说，陈述,英语专业四八级词汇表
stately,ˈsteɪtlɪ,adj.,威严的，堂皇的，盛大的,英语专业四八级词汇表
statement,ˈsteɪtmənt,n.,1. 陈述，声明 2. 财务报表 /报告书，结算表,英语专业四八级词汇表
stateroom,ˈsteɪtrʊm,,n.,英语专业四八级词汇表
stateroom,ˈsteɪtrʊm,,(船上的)包舱，特等客舱,英语专业四八级词汇表
statesman,ˈsteɪtsmən,n.,政治家，政治领导人,英语专业四八级词汇表
static,ˈstætɪk,adj.,1. 静止的，稳定的 2. 静电的，静态的 n. 1. 大气静电干扰 2. 静电,英语专业四八级词汇表
station,ˈsteɪʃən,n.,1. 站，所，台，车站等 2. 驻地，停泊地，岗位 3. 电台，广播电台，电视台 4. 社会地位，身份等 v. 驻扎，安置,英语专业四八级词汇表
stationary,ˈsteɪʃənərɪ,adj.,不动的，静止的,英语专业四八级词汇表
stationery,ˈsteɪʃənərɪ,n.,文具,英语专业四八级词汇表
station-wagon,ˈsteɪʃən ˈwæɡən,n.,客货两用轿车，旅行轿车,英语专业四八级词汇表
statistical,stəˈtɪstɪkəl,adj.,统计的，统计学的，以数据表示的,英语专业四八级词汇表
statistician,ˌstætɪˈstɪʃən,n.,统计学家，统计员,英语专业四八级词汇表
statistics,stəˈtɪstɪks,n.,1. 统计，统计数字 2. 统计学,英语专业四八级词汇表
statue,ˈstætʃuː,n.,雕像，塑像,英语专业四八级词汇表
status,ˈsteɪtəs,n.,1. 身份，地位 2. 威望，名望 3. 情形，状况,英语专业四八级词汇表
statute,ˈstætʃuːt,n.,1. 法规，法令 2. 条例，章程,英语专业四八级词汇表
statutory,ˈstætʃʊtərɪ,adj.,法定的，规则要求的,英语专业四八级词汇表
staunch,stɔːntʃ,adj.,坚定而忠实可靠的,英语专业四八级词汇表
stay,steɪ,v.,1. 停留. 逗留 2. 维持. 保持 n. 停留，逗留，做客,英语专业四八级词汇表
steadfast,ˈstedfɑːst,adj.,坚定的，不动摇的,英语专业四八级词汇表
steady,ˈstedɪ,adj.,1. 坚固的，牢靠的 2. 规律的，稳定的 3. 稳健的，可靠的 4. 镇定的  v.,英语专业四八级词汇表
steady,ˈstedɪ,,(使)稳定，(使)稳固,英语专业四八级词汇表
steak,steɪk,n.,1. 牛排 2. 肉片，鱼片，肉排,英语专业四八级词汇表
steal,stiːl,v.,1. 偷，窃取 2. 偷偷地移动，悄悄地走 3. 偷偷地夺取，攫取,英语专业四八级词汇表
stealth,stelθ,n.,秘密的、悄悄的行动,英语专业四八级词汇表
stealthily,ˈstelθɪlɪ,adv.,悄悄地，暗中进行地,英语专业四八级词汇表
stealthy,ˈstelθɪ,adj.,悄悄的，偷偷的,英语专业四八级词汇表
steam,stiːm,n.,蒸汽，水气  v. 1. 蒸发，冒蒸汽 2. 用蒸汽驶动或行进 3. 蒸，蒸煮,英语专业四八级词汇表
steamer,ˈstiːmə,n.,1. 汽船，轮船 2. 蒸笼，蒸锅,英语专业四八级词汇表
steel,stiːl,n.,1. 钢，钢铁 2. 钢制武器 v. 使坚硬,英语专业四八级词汇表
steeple,ˈstiːpl,n.,教堂的(尖塔),英语专业四八级词汇表
steer,stɪə,v.,驾驶(舟、船、汽车等),英语专业四八级词汇表
steering-wheel,ˈstɪərɪŋwiːl,n.,方向盘，舵轮,英语专业四八级词汇表
stench,stentʃ,n.,恶臭，臭气,英语专业四八级词汇表
step,step,n.,1. 步，脚步 2. 脚步声 3. 步幅 4. 梯级，踏级 5. 步骤，措施 || step by step一步一步地 v. 1. 走，举步，踏步 2. 踩,英语专业四八级词汇表
stereo,ˈsterɪəʊ,n.,立体声，立体声系统 adj. 立体声的,英语专业四八级词汇表
stereotype,ˈsterɪətaɪp,n.,1. 模式化的形象、思想、人物等，老一套 2. 铅版 v. 使定型，使固定,英语专业四八级词汇表
sterile,ˈsteraɪl,adj.,1. 不能生殖的，不育的 2.,英语专业四八级词汇表
sterile,ˈsteraɪl,,(指土地)不毛的，荒瘠的 3. 无结果的，无效的 4. 无菌的，消过毒的,英语专业四八级词汇表
sterility,stəˈrɪlətɪ,n.,1. 荒瘠 2. 无生殖力 3. 无菌,英语专业四八级词汇表
sterilize,ˈsterəlaɪz,v.,1. 为…消毒或杀菌 2. 使绝育,英语专业四八级词汇表
sterling,ˈstɜːlɪŋ,adj.,1.,英语专业四八级词汇表
sterling,ˈstɜːlɪŋ,,(指硬币、贵金属)标准纯度的，真的 2.,英语专业四八级词汇表
sterling,ˈstɜːlɪŋ,,(指人、其品质)令人钦佩的，优秀的 n. 英国货币,英语专业四八级词汇表
steroid,ˈsterɔɪd,n.,类固醇，硫类化合物,英语专业四八级词汇表
stethoscope,ˈsteθəskəʊp,n.,听诊器,英语专业四八级词汇表
stew,stjuː,v.,炖，焖 n. 1. 炖肉菜 2. 忧闷，焦虑,英语专业四八级词汇表
steward,Stjoad,,n.,英语专业四八级词汇表
steward,Stjoad,,(飞机、 船上的)服务员,英语专业四八级词汇表
stewardess,，st joadis,,n.,英语专业四八级词汇表
stewardess,，st joadis,,(飞机、船上的)女服务员,英语专业四八级词汇表
sticky,ˈstɪkɪ,adj.,1. 粘的，粘性的 2. 棘手的，尴尬的,英语专业四八级词汇表
stiff,stɪf,adj.,1. 坚硬的，僵直的 2. 不灵活的 3. 拘谨的，呆板的，傲慢的 4. 棘手的，严厉的，剧烈的 5. 高昂的,英语专业四八级词汇表
stiffen,ˈstɪfən,,v.,英语专业四八级词汇表
stiffen,ˈstɪfən,,(使某物)变得(更加)坚硬、僵硬、困难、生硬、强烈等,英语专业四八级词汇表
stifle,ˈstaɪfl,v.,1. 使窒息，窒闷 2. 熄灭，扑灭 3. 抑制，遏止,英语专业四八级词汇表
stigma,ˈstɪɡmə,n.,耻辱，污占,英语专业四八级词汇表
stile,staɪl,,n.,英语专业四八级词汇表
stile,staɪl,,(乡村中供人穿越栅栏、围墙等的)台阶,英语专业四八级词汇表
still,stɪl,adv.,1. 仍，还，尚 2. 然而，还是 3. 更，愈 adj. 1. 静止的，不动的 2. 寂静的，平静的 n. 1. 寂静，万籁俱寂 2. 剧照,英语专业四八级词汇表
stimulant,ˈstɪmjʊlənt,n.,1. 兴奋剂，含兴奋剂的饮料 2. 起刺激、激励作用的事物、活动等,英语专业四八级词汇表
stimulate,ˈstɪmjʊleɪt,v.,1. 激励，促进 2. 刺激，使兴奋,英语专业四八级词汇表
stimulation,ˌstɪmjʊˈleɪʃən,n.,激励，促进,英语专业四八级词汇表
stimulus,ˈstɪmjʊləs,,(pl stimuli) n. 刺激(物)，激励,英语专业四八级词汇表
sting,stɪŋ,v.,刺，鳌，叮 n. 刺伤，刺痛,英语专业四八级词汇表
stink,stɪŋk,v.,发恶臭 n. 恶臭，臭气,英语专业四八级词汇表
stint,stɪnt,n.,定额工作，定量，任期 v. 限制，节制,英语专业四八级词汇表
stipend,ˈstaɪpend,n.,薪俸，薪金,英语专业四八级词汇表
stipulate,ˈstɪpjʊleɪt,v.,讲明，规定(某要求),英语专业四八级词汇表
stir,stɜː,v.,1. 搅和，搅拌 2.,英语专业四八级词汇表
stir,stɜː,,(使)轻轻地移动，动 3. 激起，使激动 n. 1. 搅拌，搅和 2. 骚动，群情激动,英语专业四八级词汇表
stirrup,ˈstɪrəp,n.,马蹬,英语专业四八级词汇表
stitch,stɪtʃ,n.,1.,英语专业四八级词汇表
stitch,stɪtʃ,,(缝纫或手术时的)一针 2.,英语专业四八级词汇表
stitch,stɪtʃ,,(编织时的)一针，一钩 3. 肋部剧痛,英语专业四八级词汇表
stock,stɒk,n.,1. 贮存，储备 2. 存货，现货 3. 股票 || stock certificate股票，证券 [stock dividend红利，股息] stock exchange证券交易所 /stock market股票市场,英语专业四八级词汇表
stockbroker,ˈstɒkˌbrəʊkə,n.,证券经纪人，股票经纪人,英语专业四八级词汇表
stockholder,ˈstɒkˌhəʊldə,n.,股东，股民,英语专业四八级词汇表
stocking,ˈstɒkɪŋ,n.,长袜,英语专业四八级词汇表
stoic,ˈstəʊɪk,n.,禁欲主义者，恬淡寡欲的人,英语专业四八级词汇表
stoical,ˈstəʊɪkəl,adj.,坚忍自持的，能忍受痛苦而无怨言的,英语专业四八级词汇表
stoke,stəʊk,v.,给(炉子)添燃料，烧(火),英语专业四八级词汇表
stomach,ˈstʌmək,n.,1. 胃 2. 腹部 3. 胃口，食欲，爱好,英语专业四八级词汇表
stone,stəʊn,n.,1. 石头，石块 2. 矿岩，岩石 3. 果核 v. 向…扔石头,英语专业四八级词汇表
stoneware,ˈstəʊnweə,n.,粗陶器,英语专业四八级词汇表
stony,ˈstəʊnɪ,adj.,1. 多石的，铺有石块的 2. 冷酷的，无情的,英语专业四八级词汇表
stool,stuːl,n.,凳子,英语专业四八级词汇表
stoop,stuːp,v.,1. 俯身，弯腰 2. 降格，卑屈 n. 1. 弯腰，曲背 2. 降格，卑屈,英语专业四八级词汇表
stop,stɒp,n.,1. 停止，中止 2. 停车站 3. 句号，句点 || bus stop汽车站 [come to a stop 停住] put a stop to something 制止某事 v. 1. 停止 2. 阻止，制止 3. 中止，停，中断 || stop by(顺便)访问 [stop off中途停留，中途下车] stop over中途停留，暂住 /stop short突然停止,英语专业四八级词汇表
stoppage,ˈstɒpɪdʒ,n.,1. 停工 2.,英语专业四八级词汇表
stoppage,ˈstɒpɪdʒ,,(pl)(薪水的)扣除额,英语专业四八级词汇表
stopper,ˈstɒpə,n.,1. 阻塞物，妨碍物 2.,英语专业四八级词汇表
stopper,ˈstɒpə,,(瓶子等的)塞子,英语专业四八级词汇表
storage,ˈstɔːrɪdʒ,n.,贮藏，保管,英语专业四八级词汇表
store,stɔː,n.,1. 储藏，贮存 2. 储藏品，贮存物 3. 仓库，货栈 4. 商店，店铺 v. 储藏，贮存,英语专业四八级词汇表
"storey, story",ˈstɔːrɪ,,n.,英语专业四八级词汇表
"storey, story",ˈstɔːrɪ,,(建筑物的)层，楼,英语专业四八级词汇表
storm,stɔːm,n.,1. 风暴，暴风雨 2. 情感的猛烈发作 v. 1. 狂怒，咆哮 2. 猛攻，突击,英语专业四八级词汇表
story,ˈstɔːrɪ,n.,1. 事迹，轶事，史话 2. 小说，故事，传奇 3. 新闻报道，记事,英语专业四八级词汇表
stout,staʊt,adj.,1. 肥壮的，胖的 2. 结实的，牢固的,英语专业四八级词汇表
stove,stəʊv,n.,火炉，电炉，炉灶,英语专业四八级词汇表
stow,stəʊ,v.,收藏，装载 || stow away偷乘船或飞机,英语专业四八级词汇表
straddle,ˈstrædl,v.,1. 跨坐 或跨立在(某物)上 2. 夹叉射击或轰炸(某目标),英语专业四八级词汇表
straggle,ˈstræɡl,v.,1. 蔓生，蔓延 2. 掉队，落后,英语专业四八级词汇表
straight,streɪt,adj.,1. 笔直的 2. 直接的 3. 整齐的，端正的 4. 正直的，坦率的，诚实的 adv. 1. 笔直地 2. 直接地,英语专业四八级词汇表
straighten,ˈstreɪtən,v.,1.,英语专业四八级词汇表
straighten,ˈstreɪtən,,(使)挺直，纠正，改正 2. 整理，清理 3.,英语专业四八级词汇表
straighten,ˈstreɪtən,,(使)好转，改进,英语专业四八级词汇表
straightforward,ˌstreɪtˈfɔːwəd,adj.,1. 诚实的，坦白的 2. 易懂的，易做的,英语专业四八级词汇表
strain,streɪn,n.,1. 拉紧，扯紧 2. 需费神之事物 3. 劳累，疲惫，竭尽 4. 扭筋，脱臼 v. 1. 拉紧，扯紧，张紧 2. 尽量利用，尽全力 3. 损伤，耗损,英语专业四八级词汇表
strained,ˈstreɪnd,adj.,1. 勉强的，紧张的 2. 心力交瘁的,英语专业四八级词汇表
strait,streɪt,n.,1. 海峡 2. 地峡,英语专业四八级词汇表
straitlaced,ˌstreɪtˈleɪst,,adj.,英语专业四八级词汇表
straitlaced,ˌstreɪtˈleɪst,,(在道德观念等方面)极端严谨的，因循守旧的,英语专业四八级词汇表
strand,strænd,,n.,英语专业四八级词汇表
strand,strænd,,(绳索、缆线等的)一股，一缕,英语专业四八级词汇表
strange,streɪndʒ,adj.,1. 奇怪的，奇异的，奇妙的 2. 对…感到陌生或不习惯的,英语专业四八级词汇表
stranger,ˈstreɪndʒə,n.,陌生人，异乡人，异国人,英语专业四八级词汇表
strangle,ˈstræŋɡl,v.,1. 扼死，勒死 2. 抑制，扼杀,英语专业四八级词汇表
strap,stræp,n.,带，皮带，带条 v. 用带子束住，捆扎,英语专业四八级词汇表
strategic,strəˈtiːdʒɪk,adj.,1. 战略(上)的，策略(上)的 2. 有战略意义的 3.,英语专业四八级词汇表
strategic,strəˈtiːdʒɪk,,(指武器、尤指核武器)战略性的,英语专业四八级词汇表
strategist,ˈstrætɪdʒɪst,n.,战略家，兵法家,英语专业四八级词汇表
strategy,ˈstrætədʒɪ,n.,1. 战略(学)，策略(学)，兵法 2. 策略，谋略，妙计,英语专业四八级词汇表
stratify,ˈstrætɪfaɪ,v.,使分层或分等级等,英语专业四八级词汇表
stratum,ˈstrɑːtəm,n.,1. 岩层 2. 层次，阶层,英语专业四八级词汇表
straw,strɔː,n.,1. 稻草，麦秸 2.,英语专业四八级词汇表
straw,strɔː,,(喝饮料的)吸管,英语专业四八级词汇表
strawberry,ˈstrɔːberɪ,n.,草莓,英语专业四八级词汇表
stray,streɪ,v.,走失，迷路，离题 adj. 1. 流浪的，迷路的 2. 孤零的，离群的,英语专业四八级词汇表
streak,striːk,n.,1. 条纹，纹理 2.,英语专业四八级词汇表
streak,striːk,,(性格上不太好的)特质，性情，癖性 v. 在…上加条纹,英语专业四八级词汇表
stream,striːm,n.,1.,英语专业四八级词汇表
stream,striːm,,(小)河，川，溪流 2.,英语专业四八级词汇表
stream,striːm,,(液体、人、物等的)不断流出 v. 1. 倾注，流出 2. 飘扬，招展,英语专业四八级词汇表
streamline,ˈstriːmlaɪn,v.,1. 把…设计或制成流线型 2. 使精简,英语专业四八级词汇表
street,striːt,n.,街，街道,英语专业四八级词汇表
streetcar,ˈstriːtkɑː,,n.,英语专业四八级词汇表
streetcar,ˈstriːtkɑː,,(AmE)有轨电车,英语专业四八级词汇表
strength,streŋθ,n.,1. 力量，力气，强度 2. 实力，人力，兵力,英语专业四八级词汇表
strengthen,ˈstreŋθən,,v.,英语专业四八级词汇表
strengthen,ˈstreŋθən,,(使)变坚固，加强，增强,英语专业四八级词汇表
strenuous,ˈstrenjʊəs,adj.,1. 费力的，艰辛的 2. 奋发的，努力的,英语专业四八级词汇表
stress,stres,n.,1. 压力，紧迫 2. 重要，强调 3. 重音，重读 v. 1. 强调，着重 2. 用重音读，重读,英语专业四八级词汇表
stressful,ˈstresfʊl,adj.,有压力的,英语专业四八级词汇表
stretch,stretʃ,v.,1. 伸展，张开，拉紧 2. 伸展(四肢)，直躺 3. 滥用，曲解  n. 1. 伸展，张开，拉紧 2.,英语专业四八级词汇表
stretch,stretʃ,,(陆地或水域的)一大片 3. 连续的一段时间,英语专业四八级词汇表
stretcher,ˈstretʃə,n.,担架 || stretcher bearer抬担架的人,英语专业四八级词汇表
strew,struː,v.,撒，播，散,英语专业四八级词汇表
stricken,ˈstrɪkən,adj.,受折磨的 || poverty-stricken贫穷不堪的,英语专业四八级词汇表
strict,strɪkt,adj.,1. 严厉的，严格的 2. 明确的，严密的，精确的 || be strict with对…严格要求,英语专业四八级词汇表
stricture,ˈstrɪktʃə,n.,谴责，苛评,英语专业四八级词汇表
stride,straɪd,v.,1. 大步行走 2. 跨过，跨越 n. 大步，阔步，跨幅,英语专业四八级词汇表
strident,ˈstraɪdənt,,adj.,英语专业四八级词汇表
strident,ˈstraɪdənt,,(指声音，尤指嗓音)粗厉的，尖锐刺耳的,英语专业四八级词汇表
strife,straɪf,n.,争吵，倾轧，敌对，冲突,英语专业四八级词汇表
strike,straik,n.,1. 罢工 2. 攻击(指飞机的空袭) || be on strike罢工 /go on strike继续罢工 v. 1. 打，击，敲 2. 攻击，冲击 3. 罢工 4. 给…以印象，使(人)感到 5.,英语专业四八级词汇表
strike,straik,,(使)发声，(使)鸣，(使)响,英语专业四八级词汇表
striking,ˈstraɪkɪŋ,adj.,引人注目的，显著的,英语专业四八级词汇表
string,strɪŋ,n.,1. 细绳，带子 2. 乐器的弦 3. 以线串成之物，一串，一列 v. 1. 缚，扎，穿 2. 上弦,英语专业四八级词汇表
stringent,ˈstrɪndʒənt,,adj.,英语专业四八级词汇表
stringent,ˈstrɪndʒənt,,(规定、法律等)严格的，严厉的,英语专业四八级词汇表
stripe,straɪp,n.,1. 条纹，斑纹 2.,英语专业四八级词汇表
stripe,straɪp,,(军警等制服上的)级别条纹,英语专业四八级词汇表
striped,straɪpt,adj.,以条纹作标志的，有条纹的,英语专业四八级词汇表
strive,straɪv,v.,1. 抗争，搏斗 2. 奋勉，努力,英语专业四八级词汇表
stroke,strəʊk,n.,1. 打击，一击 2. 身体上部及手臂的活动，一击，一挥，一划，一动 3. 一笔，笔画 4. 钟声，敲击声 5. 中风  v. 抚摸,英语专业四八级词汇表
stroll,strəʊl,n.,& v. 漫步，闲逛，遨游,英语专业四八级词汇表
strong,strɒŋ,adj.,1. 强壮的，强大的，坚固的 2. 浓烈的,英语专业四八级词汇表
stronghold,ˈstrɒŋhəʊld,n.,1. 要塞，堡垒 2. 根据地，大本营,英语专业四八级词汇表
strontium,ˈstrɒntɪəm,n.,锶,英语专业四八级词汇表
structural,ˈstrʌktʃərəl,adj.,结构(上)的，构架(上)的,英语专业四八级词汇表
structure,ˈstrʌktʃə,n.,1. 结构，构造 2. 建筑物，构造物,英语专业四八级词汇表
struggle,ˈstrʌɡl,v.,1. 搏斗，斗争 2. 奋斗，努力 || struggle against与…抗争 n. 1. 打斗，搏斗，战斗，斗争 2. 努力，奋斗,英语专业四八级词汇表
stub,stʌb,n.,1.,英语专业四八级词汇表
stub,stʌb,,(铅笔、香烟等物的)残端，烟蒂，铅笔头 2. 票根，存根 v. 1. 使(脚趾)碰到某物 2.,英语专业四八级词汇表
stub,stʌb,,(在硬物上)碾灭(尤指香烟),英语专业四八级词汇表
stubble,ˈstʌbl,n.,1. 作物收割后遗留在地上的残茎，茬子 2. 短而硬的胡茬子,英语专业四八级词汇表
stubborn,ˈstʌbən,adj.,1. 顽固的，执拗的 2. 棘手的，难对付的,英语专业四八级词汇表
student,ˈstjuːdənt,n.,学生,英语专业四八级词汇表
studio,ˈstjuːdɪəʊ,n.,1. 摄影棚，录音室，演播室 2.,英语专业四八级词汇表
studio,ˈstjuːdɪəʊ,,(画家、摄影师等的)工作室,英语专业四八级词汇表
studious,ˈstjuːdɪəs,adj.,1. 好学的，用功的 2. 仔细的，细心的,英语专业四八级词汇表
study,ˈstʌdɪ,n.,1. 研究，读书 2. 学科，研究对象 3. 书房 v. 1. 学习，研究 2. 核阅，检查,英语专业四八级词汇表
stuff,stʌf,n.,1. 材料，原料 2. 素质，本质  v. 1. 填塞，装填 2.,英语专业四八级词汇表
stuff,stʌf,,(为制作标本)剥制(死动物) 3. 暴食，过食,英语专业四八级词汇表
stuffing,ˈstʌfɪŋ,n.,1.,英语专业四八级词汇表
stuffing,ˈstʌfɪŋ,,(禽等的)填料 2.,英语专业四八级词汇表
stuffing,ˈstʌfɪŋ,,(垫子的)填料,英语专业四八级词汇表
stuffy,ˈstʌfɪ,adj.,1. 通风不良的，令人窒息的 2. 刻板的，呆滞的,英语专业四八级词汇表
stumble,ˈstʌmbl,v.,1. 绊脚，绊跌 2. 蹒跚而行，行动不稳 3. 结结巴巴地说 || stumble across [on] upon偶然碰见，偶尔发现,英语专业四八级词汇表
stump,stʌmp,n.,1. 树桩，残株 2. 残余部分,英语专业四八级词汇表
stun,stʌn,v.,1. 将(人或动物)打昏(尤指击打头部) 2. 使目瞪口呆，使吃惊 3. 令人喜悦,英语专业四八级词汇表
stunt,stʌnt,n.,1. 特技，绝技 2. 花招，噱头 || pull a stunt耍花招,英语专业四八级词汇表
stupefaction,ˌstjuːpɪˈfækʃən,n.,神志不清，目瞪口呆,英语专业四八级词汇表
stupendous,stjuːˈpendəs,adj.,极大的，极感人的，极好的,英语专业四八级词汇表
stupid,ˈstjuːpɪd,adj.,鲁钝的，愚蠢的,英语专业四八级词汇表
stupor,ˈstjuːpə,,n.,英语专业四八级词汇表
stupor,ˈstjuːpə,,(震惊、药物、酒精等造成的)昏迷，神志不清,英语专业四八级词汇表
sturdy,ˈstɜːdɪ,adj.,1. 强健的，结实的 2. 坚定的，不屈不挠的,英语专业四八级词汇表
stutter,ˈstʌtə,v.,& n. 结巴,英语专业四八级词汇表
style,staɪl,n.,1. 风格，作风 2. 文体，文风 3. 时尚，流行样式 4. 风度，体面，高雅脱俗 5.  种类，式样 v. 设计,英语专业四八级词汇表
stylish,ˈstaɪlɪʃ,adj.,有风度的，有气派的,英语专业四八级词汇表
stylistic,staɪˈlɪstɪk,,adj.,英语专业四八级词汇表
stylistic,staɪˈlɪstɪk,,(文学或艺术)风格上的，与风格有关的,英语专业四八级词汇表
subconscious,ˌsʌbˈkɒnʃəs,adj.,下意识的，潜意识的,英语专业四八级词汇表
subdue,səbˈdjuː,v.,1. 征服，克服，压制 2. 缓和，减弱,英语专业四八级词汇表
subjection,səbˈdʒekʃən,n.,征服，臣服,英语专业四八级词汇表
subjective,səbˈdʒektɪv,adj.,1.,英语专业四八级词汇表
subjective,səbˈdʒektɪv,,(指思想、感情等)主观的(属于自我意识方面的) 2. 主观的(以个人的好恶、观点等为依据的,英语专业四八级词汇表
subjectivity,ˌsʌbdʒekˈtɪvətɪ,n.,主观，主观性,英语专业四八级词汇表
subjunctive,səbˈdʒʌŋktɪv,adj.,假设语气的，虚拟语气的 n. 假设(虚拟)语气，假设(虚拟)语气的动词形式,英语专业四八级词汇表
sublime,səˈblaɪm,adj.,1. 崇高的，伟大的 2. 极度的，不顾后果的,英语专业四八级词汇表
submarine,ˌsʌbməˈriːn,n.,潜水艇，潜水舰 adj. 海下的，海底的,英语专业四八级词汇表
submerge,səbˈmɜːdʒ,,v.,英语专业四八级词汇表
submerge,səbˈmɜːdʒ,,(使)沉入或潜入水中，浸没，淹没,英语专业四八级词汇表
submission,səbˈmɪʃən,n.,1. 归顺，屈从，服从 2. 提交，呈送,英语专业四八级词汇表
submissive,səbˈmɪsɪv,adj.,恭顺的，顺从的,英语专业四八级词汇表
submit,səbˈmɪt,v.,1. 服从，屈从 2. 呈送，提交，提出,英语专业四八级词汇表
subordinate,səˈbɔːdɪnət,adj.,下级的，次要的，附属的 n. 属下，部属，属僚 [səˈbɔːdɪneɪt] v. 使居次要地位，使隶属,英语专业四八级词汇表
subordination,səˌbɔːdɪˈneɪʃn,n.,1. 下级地位，下属  2. 隶属，从属 3.,英语专业四八级词汇表
subordination,səˌbɔːdɪˈneɪʃn,,(语法)主从关系,英语专业四八级词汇表
subscribe,səbˈskraɪb,v.,1. 认捐，捐助，应募 2. 订阅(to)，预约(for) 3. 签署,英语专业四八级词汇表
subsequent,ˈsʌbsɪkwənt,adj.,后来的，随后的，继起的,英语专业四八级词汇表
subside,səbˈsaɪd,v.,1. 下降至较低或正常水平 2.,英语专业四八级词汇表
subside,səbˈsaɪd,,(指土地)下陷 3.,英语专业四八级词汇表
subside,səbˈsaɪd,,(指建筑物等)下陷 4. 减弱，减轻，平息,英语专业四八级词汇表
subsidiary,səbˈsɪdɪərɪ,adj.,1. 附属的，次要的 2.,英语专业四八级词汇表
subsidiary,səbˈsɪdɪərɪ,,(指业务机构)附属的，附设的,英语专业四八级词汇表
"subsidise, subsidize",ˈsʌbsɪdaɪz,v.,给…补助金，资助,英语专业四八级词汇表
subsidy,ˈsʌbsɪdɪ,n.,补助金，津贴,英语专业四八级词汇表
substance,ˈsʌbstəns,n.,1. 物质，物 2. 实质，本旨,英语专业四八级词汇表
substandard,ˌsʌbˈstændəd,adj.,低于标准的,英语专业四八级词汇表
substantial,səbˈstænʃəl,adj.,1. 牢固的，坚实的 2. 充裕的，丰足的 3. 主要的，实质性的，实体的,英语专业四八级词汇表
substantiate,səbˈstænʃɪeɪt,v.,证实，证明,英语专业四八级词汇表
substantive,ˈsʌbstəntɪv,adj.,实质的，重要的,英语专业四八级词汇表
substitute,ˈsʌbstɪtjuːt,n.,代理人，代替者，代用品，代替物 v. 代替，替换，代用,英语专业四八级词汇表
substitution,ˌsʌbstɪˈtjuːʃən,n.,代替，代理,英语专业四八级词汇表
subtitle,ˈsʌbtaɪtl,n.,1. 副标题，小标题 2.,英语专业四八级词汇表
subtitle,ˈsʌbtaɪtl,,(pl)字幕,英语专业四八级词汇表
subtle,ˈsʌtl,adj.,1. 微细的，微妙的，难以察觉的 2. 精巧的，精妙的 3. 敏感的，敏锐的,英语专业四八级词汇表
subtlety,ˈsʌtltɪ,n.,1. 精细，巧妙，敏锐 2. 细微的差别等,英语专业四八级词汇表
subtly,ˈsʌtlɪ,adv.,1. 微细地，微妙地 2. 精巧地，精妙地 3. 敏感地，敏锐地,英语专业四八级词汇表
subtract,səbˈtrækt,v.,减去，扣除,英语专业四八级词汇表
subtraction,səbˈtrækʃən,n.,扣除，削减,英语专业四八级词汇表
suburb,ˈsʌbɜːb,n.,郊区，市郊,英语专业四八级词汇表
suburban,səˈbɜːbən,adj.,1. 郊区的，城郊的 2. 见闻不广的，乏味的,英语专业四八级词汇表
suburbanisation,səˈbɜːbənaɪzeɪʃən,n.,郊区化,英语专业四八级词汇表
suburbanite,səˈbɜːbənaɪt,adj.,郊区居民,英语专业四八级词汇表
subversion,səbˈvɜːʃən,v.,1. 颠覆，破坏 2. 道德败坏，不忠,英语专业四八级词汇表
subversive,səbˈvɜːsɪv,adj.,颠覆性的，破坏性的,英语专业四八级词汇表
subvert,sʌbˈvɜːt,v.,1. 颠覆，破坏 2. 使(某人)道德败坏或不忠,英语专业四八级词汇表
subway,ˈsʌbweɪ,,n.,英语专业四八级词汇表
subway,ˈsʌbweɪ,,(AmE)地铁=(BrE) underground tube,英语专业四八级词汇表
succeed,səkˈsiːd,v.,1. 成功，完成 2. 继任，继续,英语专业四八级词汇表
success,səkˈses,n.,1. 成功，成就，胜利 2. 成功的人或事物，成功的例子,英语专业四八级词汇表
successful,səkˈsesfʊl,adj.,取得成功的，达到目的的,英语专业四八级词汇表
succession,səkˈseʃən,n.,1. 继续，连续 2. 连续的若干事物一连串 3. 继承，继承权 ||  in succession连续地，接续地,英语专业四八级词汇表
successive,səkˈsesɪv,adj.,继续的，连续的，接连的,英语专业四八级词汇表
successor,səkˈsesə,n.,继承人，继任者，接班人,英语专业四八级词汇表
succour,ˈsʌkə,v.,&n. 救济，援助,英语专业四八级词汇表
succulent,ˈsʌkjʊlənt,adj.,1.,英语专业四八级词汇表
succulent,ˈsʌkjʊlənt,,(指水果及肉类)汁多味美的 2.,英语专业四八级词汇表
succulent,ˈsʌkjʊlənt,,(指植物)茎叶肥厚含水分多的，肉质的,英语专业四八级词汇表
succumb,səˈkʌm,v.,屈服，不再抗拒,英语专业四八级词汇表
such,sʌtʃ,adj.,1. 如此的，这样的 2. 如此，这样(到某一程度) 3. 上述的 || such as…诸如… /such…that…如此…以致…pron. 某类的人或事物 ||as such根据某词严格的词义,英语专业四八级词汇表
suck,sʌk,v.,吸，啜，吮，咂 n. 吸，啜，吮，咂,英语专业四八级词汇表
suckle,sʌkl,v.,给…喂奶,英语专业四八级词汇表
suction,ˈsʌkʃən,n.,吸，吸力,英语专业四八级词汇表
sudden,ˈsʌdən,adj.,1. 突然的，出乎意料之外的 2. 快速的，急速的 n.,英语专业四八级词汇表
sudden,ˈsʌdən,,(only in all of a sudden)忽然地，突然地，出乎意料地,英语专业四八级词汇表
suddenly,ˈsʌdənlɪ,adv.,突然地，急速地,英语专业四八级词汇表
sue,sjuː,v.,1. 控告(某人) 2. 请求(常于法庭上),英语专业四八级词汇表
suffer,ˈsʌfə,v.,1. 受苦，受害，患病等 2. 经历，遭受(不愉快之事) 3. 忍受，忍耐,英语专业四八级词汇表
sufferable,'sʌfərəbl,adj.,能忍受的,英语专业四八级词汇表
sufferance,ˈsʌfərəns,n.,宽容，容忍 ||on sufferance出于宽容，勉强答应,英语专业四八级词汇表
suffering,ˈsʌfərɪŋ,n.,1. 身体或心灵的痛苦 2.,英语专业四八级词汇表
suffering,ˈsʌfərɪŋ,,(pl)痛苦、不幸的感觉，苦恼,英语专业四八级词汇表
suffice,səˈfaɪs,v.,1. 足够 2. 足够…之需，使满足,英语专业四八级词汇表
sufficiency,səˈfɪʃənsɪ,n.,足量，充足,英语专业四八级词汇表
sufficient,səˈfɪʃənt,adj.,足够的，充分的,英语专业四八级词汇表
suffix,ˈsʌfɪks,n.,后缀,英语专业四八级词汇表
suffocate,ˈsʌfəkeɪt,,v.,英语专业四八级词汇表
suffocate,ˈsʌfəkeɪt,,(使)窒息而死，把…闷死,英语专业四八级词汇表
suffrage,ˈsʌfrɪdʒ,,n.,英语专业四八级词汇表
suffrage,ˈsʌfrɪdʒ,,(政治 性选举的)选举权，投票权,英语专业四八级词汇表
sugar,ˈʃʊɡə,n.,糖，食糖 v. 加糖于,英语专业四八级词汇表
suggest,səˈdʒest,v.,1. 建议，提议 2. 表明，暗示,英语专业四八级词汇表
suggestive,səˈdʒestɪv,adj.,1. 提示的，暗示的 2. 使人产生邪念的,英语专业四八级词汇表
suicidal,ˌsuːɪˈsaɪdəl,adj.,1. 自杀的，有自杀倾向的 2. 毁灭性的，自取灭亡的,英语专业四八级词汇表
suicide,ˈsuːɪsaɪd,n.,自杀,英语专业四八级词汇表
suit,sjuːt,n.,1. 一套衣服 2. 套，副，组 3. 同花色的一副纸牌 4. 请求，恳求 5. 诉讼，控告，法律， v. 1. 适合，使满意，中…的意 2. 相配，合适,英语专业四八级词汇表
suitable,ˈsjuːtəbl,adj.,适合的，适宜的，恰当的,英语专业四八级词汇表
suitability,ˌsjuːtəˈbɪlətɪ,n.,适合，适宜,英语专业四八级词汇表
suitcase,ˈsjuːtkeɪs,n.,小提箱，衣箱,英语专业四八级词汇表
suite,swiːt,n.,1. 一套家具 2. 一套房间，套间 3. 一套物件 4.,英语专业四八级词汇表
suite,swiːt,,(音乐)组曲,英语专业四八级词汇表
suitor,ˈsjuːtə,n.,追求某女子的人,英语专业四八级词汇表
sulk,sʌlk,v.,愠怒，怄气,英语专业四八级词汇表
sulky,'sʌlkɪ,adj.,生气的，愠怒的,英语专业四八级词汇表
sullen,ˈsʌlən,adj.,1. 愠怒的，郁郁不乐的 2. 阴郁的，阴沉的,英语专业四八级词汇表
sully,ˈsʌlɪ,v.,弄脏，玷污,英语专业四八级词汇表
sulphate,ˈsʌlfeɪt,n.,硫酸盐，硫酸酯,英语专业四八级词汇表
sulphur,ˈsʌlfə,n.,硫(矿)，硫磺,英语专业四八级词汇表
sulphurous,ˈsʌlfərəs,,adj.,英语专业四八级词汇表
sulphurous,ˈsʌlfərəs,,(似)硫的=(AmE) sulfureous,英语专业四八级词汇表
sultan,ˈsʌltən,n.,苏丹(伊斯兰国家的君主),英语专业四八级词汇表
sultry,ˈsʌltrɪ,adj.,1.,英语专业四八级词汇表
sultry,ˈsʌltrɪ,,(指大气、天气)闷热的，酷热的，(指人的性情)热情的，急躁的,英语专业四八级词汇表
sum,sʌm,n.,1. 总数，总计 2. 金额，钱数 || in sum简言之 v. 1. 总计，合计 2. 总结，归纳,英语专业四八级词汇表
summarize,ˈsʌməraɪz,v.,摘要，概述,英语专业四八级词汇表
summary,ˈsʌmərɪ,n.,摘要，概略 adj. 简明的，扼要的,英语专业四八级词汇表
summer,ˈsʌmə,n.,夏，夏季,英语专业四八级词汇表
summit,ˈsʌmɪt,n.,1. 顶点，极点 2.,英语专业四八级词汇表
summit,ˈsʌmɪt,,(山的)尖峰，巅峰，高峰 3. 政府首脑会议，高峰会议,英语专业四八级词汇表
summon,ˈsʌmən,v.,1. 召唤，传唤，召集 2. 鼓起(勇气、力量等),英语专业四八级词汇表
summons,ˈsʌmənz,n.,传票，用传票传唤,英语专业四八级词汇表
sumo,ˈsuːməʊ,,n.,英语专业四八级词汇表
sumo,ˈsuːməʊ,,(日本)相扑,英语专业四八级词汇表
sumptuous,ˈsʌmptʃʊəs,adj.,豪华的，奢侈的,英语专业四八级词汇表
sun,sʌn,n.,1. 太阳 2. 阳光,英语专业四八级词汇表
sunbath,ˈsʌnbɑːθ,n.,太阳浴,英语专业四八级词汇表
sunbathe,ˈsʌnbeɪð,v.,沐日光浴,英语专业四八级词汇表
sunburn,ˈsʌnbɜːn,n.,日炙，晒斑，晒黑  v.,英语专业四八级词汇表
sunburn,ˈsʌnbɜːn,,(使)晒黑,英语专业四八级词汇表
Sunday,ˈsʌndɪ,n.,星期日,英语专业四八级词汇表
sundial,ˈsʌndaɪəl,n.,日晷仪，日规,英语专业四八级词汇表
sundry,ˈsʌndrɪ,adj.,不同的，各种的 || all and sundry每个人,英语专业四八级词汇表
sunflower,ˈsʌnˌflaʊə,n.,向日葵,英语专业四八级词汇表
sunken,ˈsʌŋkən,adj.,1. 沉没海底的 2.,英语专业四八级词汇表
sunken,ˈsʌŋkən,,(指面颊等)(因饥饿、疾病等)凹陷的,英语专业四八级词汇表
sunlight,ˈsʌnlaɪt,n.,太阳光,英语专业四八级词汇表
sunny,ˈsʌnɪ,adj.,1. 阳光充足的，晴朗的 2. 快活的，乐观的,英语专业四八级词汇表
sunrise,ˈsʌnraɪz,n.,日出(时分)，黎明,英语专业四八级词汇表
sunset,ˈsʌnset,n.,日落(时分)，傍晚,英语专业四八级词汇表
sunshine,ˈsʌnʃaɪn,n.,日光，阳光,英语专业四八级词汇表
sunstroke,ˈsʌnstrəʊk,n.,中暑,英语专业四八级词汇表
suntan,ˈsʌntæn,,n.,英语专业四八级词汇表
suntan,ˈsʌntæn,,(皮肤的)晒黑,英语专业四八级词汇表
superb,sjuːˈpɜːb,adj.,1. 上乘的，一流的 2. 堂皇的，华丽的,英语专业四八级词汇表
superficial,ˌsjuːpəˈfɪʃəl,adj.,1. 表面的，表面性的 2. 肤浅的，浅薄的,英语专业四八级词汇表
superfluous,sjuːˈpɜːflʊəs,adj.,过剩的，多余的,英语专业四八级词汇表
superhuman,ˌsjuːpəˈhjuːmən,adj.,超乎常人的,英语专业四八级词汇表
superimpose,ˌsjuːpərɪmˈpəʊz,v.,将某物置于另一物之上,英语专业四八级词汇表
superintend,ˌsjuːpərɪnˈtend,v.,管理，监督，主管,英语专业四八级词汇表
superintendent,ˌsjuːpərɪnˈtendənt,n.,1. 督导，总监，总管 2. 英国警察局长,英语专业四八级词汇表
superior,sjuːˈpɪərɪə,adj.,1. 优良的，卓越的 2. 数目较大的，较多的 3.,英语专业四八级词汇表
superior,sjuːˈpɪərɪə,,(职位等)较高的，上级的 4. 傲慢的，自大的 n. 上司，上级，长辈,英语专业四八级词汇表
superiority,sjuːˌpɪərɪˈɒrətɪ,n.,优秀，优越，优胜,英语专业四八级词汇表
superlative,sjuːˈpɜːlətɪv,adj.,1.,英语专业四八级词汇表
superlative,sjuːˈpɜːlətɪv,,(语法)最高级的 2. 最佳的，最好的 n.,英语专业四八级词汇表
superlative,sjuːˈpɜːlətɪv,,(形容词或副词的)最高级,英语专业四八级词汇表
superman,ˈsjuːpəmæn,n.,超人,英语专业四八级词汇表
supermarket,ˈsjuːpəmɑːkɪt,n.,超级市场,英语专业四八级词汇表
supernatural,ˌsja 111uːpəˈnætʃrəl,adj.,超自然的，神灵、幻术等的,英语专业四八级词汇表
supersede,ˌsjuːpəˈsiːd,v.,代替，接替,英语专业四八级词汇表
supersonic,ˌsjuːpəˈsɒnɪk,adj.,超声(频)的，超音速的,英语专业四八级词汇表
superstition,ˌsjuːpəˈstɪʃən,n.,迷信，迷信观念，迷信习俗,英语专业四八级词汇表
superstitious,ˌsjuːpəˈstɪʃəs,adj.,1. 迷信的，由迷信引起的 2. 受迷信思想支配的,英语专业四八级词汇表
supervise,ˈsjuːpəvaɪz,v.,监督，管理，指导,英语专业四八级词汇表
supervision,ˌsjuːpəˈvɪʒən,n.,监督，管理，指导,英语专业四八级词汇表
supervisor,ˈsjuːpəvaɪzə,n.,监督人，管理员，指导者,英语专业四八级词汇表
supper,ˈsʌpə,n.,晚餐 || have supper吃晚饭,英语专业四八级词汇表
supplant,səˈplɑːnt,v.,取代，代替,英语专业四八级词汇表
supple,ˈsʌpl,adj.,柔软的，灵活的,英语专业四八级词汇表
supplement,ˈsʌplɪmənt,n.,1. 增补，补充 2. 增刊，副刊，补编，附录  v. 增补，补充,英语专业四八级词汇表
supplementary,ˌsʌplɪˈmentərɪ,adj.,1. 补充的，附加的 2.,英语专业四八级词汇表
supplementary,ˌsʌplɪˈmentərɪ,,(指角)补角的,英语专业四八级词汇表
supply,səˈplaɪ,v.,1. 供给，供应 2. 满足(需要) n. 供应，供给之物，现货，现货储存量,英语专业四八级词汇表
support,səˈpɔːt,v.,1. 支承，支撑 2. 支持，鼓励 3. 拥护 4. 供养，资助 5. 证实，为…提  供证据 n. 1. 支撑物，支柱 2. 拥护，支持，鼓励,英语专业四八级词汇表
supportive,səˈpɔːtɪv,adj.,赞助的，鼓励的,英语专业四八级词汇表
suppose,səˈpəʊz,v.,1. 认定，假定 2. 推测，猜想，想象 3. 须以…为条件，意味着 4.,英语专业四八级词汇表
suppose,səˈpəʊz,,(构成祈使句，或用以做成一项建议或提议),英语专业四八级词汇表
supposition,ˌsʌpəˈzɪʃən,n.,1. 假定，推测 2. 假定的事物，猜测,英语专业四八级词汇表
suppress,səˈpres,v.,1. 镇压，平定，制止 2. 抑制，隐瞒，扣留,英语专业四八级词汇表
suppression,səˈpreʃən,n.,制止，镇压，查禁,英语专业四八级词汇表
supremacy,sjuːˈpreməsɪ,n.,至高无上，最高权威，最高地位,英语专业四八级词汇表
supreme,sjuːˈpriːm,adj.,1. 最高的，至高无上的 2. 最重要的，最大的,英语专业四八级词汇表
surcharge,ˈsɜːtʃɑːdʒ,n.,额外费，附加费 v. 向…索取额外费，收附加费,英语专业四八级词汇表
sure,ʃʊə,adj.,1. 确信的，肯定的 2. 可靠的，稳妥的 || make sure确定，查明 adv. 1. 确实地，事实上 2. 当然,英语专业四八级词汇表
surely,ˈʃʊəlɪ,adv.,1. 确实地，必然地 2. 稳当地 3. 当然，无疑地,英语专业四八级词汇表
surf,sɜːf,n.,拍岸浪花 v. 冲浪，作冲浪运动,英语专业四八级词汇表
surface,ˈsɜːfɪs,n.,1. 表面 2. 水面 3. 外表 adj. 表面的，外表的，水面的 v. 露出水面，显露，呈现,英语专业四八级词汇表
surfboard,ˈsɜːfbɔːd,n.,冲浪板,英语专业四八级词汇表
surge,sɜːdʒ,v.,1. 在浪涛中或如同波浪般前进 2. 急剧上升 n. 1. 向前或向上的运动 2. 突然发生，激增,英语专业四八级词汇表
surgeon,ˈsɜːdʒən,n.,外科医生,英语专业四八级词汇表
surgery,ˈsɜːdʒərɪ,n.,外科，外科手术,英语专业四八级词汇表
surgical,ˈsɜːdʒɪkl,adj.,外科的，外科手术的，外科用的,英语专业四八级词汇表
surly,ˈsɜːlɪ,adv.,脾气坏的，乖戾的,英语专业四八级词汇表
surmount,səˈmaʊnt,v.,1. 克服，战胜 2. 处于或置于…的顶端,英语专业四八级词汇表
surname,ˈsɜːneɪm,n.,姓,英语专业四八级词汇表
surpass,səˈpɑːs,v.,超越，凌驾，胜过,英语专业四八级词汇表
surplus,ˈsɜːpləs,n.,1. 剩余，过剩 2. 余款，余额 adj. 多余的，盈余的,英语专业四八级词汇表
surprise,səˈpraɪz,n.,1. 惊愕，惊奇 2. 突然，意外之事物 v. 1. 使惊愕，使惊奇 2. 不期而遇，撞见，奇袭 || be surprised感到吃惊 [in surprise 吃惊地] to one’s surprise使某人吃惊的是,英语专业四八级词汇表
surprising,səˈpraɪzɪŋ,adj.,令人吃惊的，奇异的,英语专业四八级词汇表
surreal,səˈrɪəl,adj.,不现实的，梦幻的,英语专业四八级词汇表
surrealist,səˈrɪəlist,adj.,& n. 超现实主义(的)，超现实主义者,英语专业四八级词汇表
surrender,səˈrendə,v.,1. 投降，屈服，认输 2. 交出，放弃 n. 交出，放弃，投降，认输,英语专业四八级词汇表
surreptitious,ˌsʌrəpˈtɪʃəs,adj.,暗中进行的，偷偷的,英语专业四八级词汇表
surrogate,ˈsʌrəɡeɪt,adj.,&n. 代理的(人)，代用的(物品),英语专业四八级词汇表
surround,səˈraʊnd,v.,包围，环绕 n.,英语专业四八级词汇表
surround,səˈraʊnd,,(装饰性的)围绕物,英语专业四八级词汇表
surveillance,sɜːˈveɪləns,n.,1.,英语专业四八级词汇表
surveillance,sɜːˈveɪləns,,(囚犯等的)看守 2. 监督,英语专业四八级词汇表
survey,səˈveɪ,v.,&n. 1. 检查，鉴定 2. 测量，查勘,英语专业四八级词汇表
survival,səˈvaɪvəl,n.,1. 生存，残存 2. 残存者，遗物，遗风,英语专业四八级词汇表
survive,səˈvaɪv,v.,1. 残存，幸存，生还 2. 比…长寿,英语专业四八级词汇表
survivor,səˈvaɪvə,n.,幸存者,英语专业四八级词汇表
susceptible,səˈseptəbl,adj.,1. 易受影响的 2. 易受…之苦的，易得…病的,英语专业四八级词汇表
susceptibility,səˌseptəˈbɪlɪtɪ,n.,1. 易受影响或损害的状况 2.,英语专业四八级词汇表
susceptibility,səˌseptəˈbɪlɪtɪ,,(pl)感情(之脆弱处),英语专业四八级词汇表
suspect,səˈspekt,v.,1. 猜想 2. 怀疑 [ˈsʌspekt] n. 嫌疑犯，可疑分子,英语专业四八级词汇表
suspend,səˈspend,v.,1. 悬挂，吊起 2. 悬浮 3. 暂停，延缓 4. 使停职，暂停权利,英语专业四八级词汇表
suspender,səˈspendə,n.,女用吊袜带，背带,英语专业四八级词汇表
suspense,səˈspens,n.,悬疑，焦虑，悬念,英语专业四八级词汇表
suspension,səˈspenʃən,n.,1. 悬浮，暂停，停职 2.,英语专业四八级词汇表
suspension,səˈspenʃən,,(车辆的)悬挂装置 3. 悬浮(液),英语专业四八级词汇表
suspicion,səˈspɪʃən,n.,怀疑，猜疑，嫌疑，疑心,英语专业四八级词汇表
suspicious,səˈspɪʃəs,adj.,1. 怀疑的，疑心的，多疑的 2. 可疑的,英语专业四八级词汇表
sustain,səˈsteɪn,v.,1. 支撑，承受 2. 维持，支持 3. 蒙受，遭受,英语专业四八级词汇表
sustenance,ˈsʌstɪnəns,n.,食物，营养,英语专业四八级词汇表
swamp,swɒmp,n.,沼泽，沼泽地,英语专业四八级词汇表
swan,swɒn,n.,天鹅,英语专业四八级词汇表
swap,swɒp,v.,交换(物品·位置)n. 1. 交换 2. 交换物,英语专业四八级词汇表
swarm,swɔːm,,n.,英语专业四八级词汇表
swarm,swɔːm,,(昆虫等的)群，人群 v. 拥挤，蜂拥而行,英语专业四八级词汇表
sway,sweɪ,,v.,英语专业四八级词汇表
sway,sweɪ,,(使)摇摆，(使)摆动 n. 摇摆，摆动,英语专业四八级词汇表
swear,sweə,v.,1. 发誓，宣誓 2. 诅咒，咒骂,英语专业四八级词汇表
sweat,swet,n.,1. 汗 2. 发汗，出汗，满身汗 v. 出汗,英语专业四八级词汇表
sweater,ˈswetə,n.,厚运动衫，毛绒衫，卫生衣,英语专业四八级词汇表
sweatshirt,ˈswet-ʃəːt,n.,长袖宽松棉线衫,英语专业四八级词汇表
sweatshop,ˈswet-ʃɒp,n.,血汗工厂(工作条件恶劣而工资低的),英语专业四八级词汇表
Swede,swiːd,n.,瑞典人,英语专业四八级词汇表
sweep,swiːp,n.,1. 扫除，打扫 2. 扫动，挥动 v. 1. 打扫，扫除 2. 扫荡，冲掉 3. 掠过，拂过,英语专业四八级词汇表
sweeping,ˈswiːpɪŋ,adj.,1. 打扫的，清扫的 2. 深远的，有广泛影响的，全面的，决定性的,英语专业四八级词汇表
sweet,swiːt,adj.,1. 甜的，甘的 2. 芬芳的，芳香的 3. 舒服的，甜美的，愉快的 4. 可爱的，迷人的,英语专业四八级词汇表
sweetheart,ˈswiːthɑːt,n.,爱人，情人，恋人,英语专业四八级词汇表
swell,swel,v.,1. 膨胀，增大 2.,英语专业四八级词汇表
swell,swel,,(使)鼓起,英语专业四八级词汇表
swerve,swɜːv,v.,突然转向，转弯,英语专业四八级词汇表
swift,swɪft,adj.,1. 快捷的，迅速的 2. 立刻的，即时的 3. 敏捷的,英语专业四八级词汇表
swim,swɪm,v.,1. 游泳，泅水 2. 游过，横渡 3. 漂浮，浸，泡 n. 游泳,英语专业四八级词汇表
swimmer,ˈswɪmə,n.,游泳者,英语专业四八级词汇表
swim-suit,ˈswɪmsjuːt,n.,女式泳装,英语专业四八级词汇表
swindle,ˈswɪndl,v.,榨取，骗取 n. 诈骗行为，骗人的事物,英语专业四八级词汇表
swindler,ˈswɪndlə,n.,诈骗者，骗子,英语专业四八级词汇表
swine,swaɪn,n.,1. 猪 2. 令人不快的人或事物,英语专业四八级词汇表
swing,swɪŋ,v.,1.,英语专业四八级词汇表
swing,swɪŋ,,(使)来回摆动，摇荡 2.,英语专业四八级词汇表
swing,swɪŋ,,(使)旋转，(使)回旋 n. 1. 摇摆，摆动，旋转，回旋 2. 秋千,英语专业四八级词汇表
swipe,swaɪp,v.,&n. 重击，猛打,英语专业四八级词汇表
swirl,swɜːl,,v.,英语专业四八级词汇表
swirl,swɜːl,,(使)打漩，(使)涡卷 n. 1. 打漩，漩涡，涡流 2. 漩涡状，螺旋形,英语专业四八级词汇表
Swiss,swɪs,n.,瑞士的,英语专业四八级词汇表
switch,swɪtʃ,n.,1. 开关 2. 突然改变，转换 v. 1. 接通或切断(电流) 2. 转变，改变,英语专业四八级词汇表
switchboard,ˈswɪtʃbɔːd,n.,电话交换台、总机或配电板(工作人员),英语专业四八级词汇表
Switzerland,ˈswɪtsələnd,n.,瑞士,英语专业四八级词汇表
swivel,ˈswɪvl,,v.,英语专业四八级词汇表
swivel,ˈswɪvl,,(使)旋转，(使)转动 n. 转环，旋轴,英语专业四八级词汇表
swollen,ˈswəʊlən,adj.,1. 浮肿的 2. 浮夸的，骄傲的,英语专业四八级词汇表
swoop,swuːp,v.,俯冲下来攻击，猛扑 ||  swoop sth away 一下子抓住或抢走某物 n. 飞扑，扑击,英语专业四八级词汇表
sword,sɔːd,n.,剑，刀,英语专业四八级词汇表
syllabic,sɪˈlæbɪk,adj.,1. 音节的，拼音的 2.,英语专业四八级词汇表
syllabic,sɪˈlæbɪk,,(指辅音)自成音节的,英语专业四八级词汇表
syllable,ˈsɪləbl,n.,音节,英语专业四八级词汇表
syllabus,ˈsɪləbəs,n.,教学大纲,英语专业四八级词汇表
symbol,ˈsɪmbəl,n.,象征，符号,英语专业四八级词汇表
symbolic,sɪmˈbɒlɪk,adj.,1. 象征性的，象征的 2. 符号的，记号的 3. 象征主义(派)的,英语专业四八级词汇表
symbolism,ˈsɪmbəlɪzəm,n.,符号的使用，(文艺中的)象征主义，象征手法,英语专业四八级词汇表
"symbolise, symbolize",ˈsɪmbəlaɪz,v.,作为…符号或标志，象征，代表,英语专业四八级词汇表
symmetric,sɪˈmetrɪk,adj.,对称的,英语专业四八级词汇表
symmetry,ˈsɪmətrɪ,n.,对称，匀称,英语专业四八级词汇表
sympathetic,ˌsɪmpəˈθetɪk,adj.,有同情心的，表示同情的,英语专业四八级词汇表
sympathize,ˈsɪmpəθaɪz,v.,同情，同意,英语专业四八级词汇表
sympathy,ˈsɪmpəθɪ,n.,同情，怜悯,英语专业四八级词汇表
symphonic,sɪmˈfɒnɪk,,adj.,英语专业四八级词汇表
symphonic,sɪmˈfɒnɪk,,(似)交响乐的,英语专业四八级词汇表
symphony,ˈsɪmfənɪ,n.,交响乐，交响曲,英语专业四八级词汇表
symposium,sɪmˈpəʊzɪəm,,n.,英语专业四八级词汇表
symposium,sɪmˈpəʊzɪəm,,(专题)研讨会，讨论会,英语专业四八级词汇表
symptom,ˈsɪmptəm,n.,1. 征候，症状 2. 征兆，征候,英语专业四八级词汇表
synagogue,ˈsɪnəɡɒɡ,n.,犹太教堂,英语专业四八级词汇表
syndicate,ˈsɪndɪkɪt,n.,辛迪加，企业组合 v.,英语专业四八级词汇表
syndicate,ˈsɪndɪkɪt,,(经报业联合组织在多家报刊上)发表(文章、连环漫画等),英语专业四八级词汇表
syndrome,ˈsɪndrəʊm,n.,综合征,英语专业四八级词汇表
synonym,ˈsɪnənɪm,n.,同义词,英语专业四八级词汇表
synonymous,sɪˈnɒnɪməs,adj.,同义的,英语专业四八级词汇表
synopsis,sɪˈnɒpsɪs,,n.,英语专业四八级词汇表
synopsis,sɪˈnɒpsɪs,,(书、剧本等的)大纲、提要,英语专业四八级词汇表
synoptic,sɪ'nɑptɪk,adj.,提纲的，概要的,英语专业四八级词汇表
syntactic,sɪnˈtæktɪk,adj.,句法的,英语专业四八级词汇表
syntax,ˈsɪntæks,n.,句法，语句结构,英语专业四八级词汇表
synthesis,ˈsɪnθəsɪs,n.,1. 综合，合成 2. 综合物 3.,英语专业四八级词汇表
synthesis,ˈsɪnθəsɪs,,(化学)合成法,英语专业四八级词汇表
synthesize,ˈsɪnθɪsaɪz,v.,1. 用合成法制造(某物) 2. 合成,英语专业四八级词汇表
synthetic,sɪnˈθetɪk,adj.,1. 综合的，综合性的 2.,英语专业四八级词汇表
synthetic,sɪnˈθetɪk,,(化学)合成的，人造的,英语专业四八级词汇表
syphilis,ˈsɪfɪlɪs,n.,梅毒,英语专业四八级词汇表
syringe,sɪˈrɪndʒ,,n.,英语专业四八级词汇表
syringe,sɪˈrɪndʒ,,(医疗用的)注射器，喷水器 v. 用注水器清洗，冲洗，注射,英语专业四八级词汇表
syrup,ˈsɪrəp,n.,1. 糖浆，糖水 2. 甜而稠的汁液,英语专业四八级词汇表
system,ˈsɪstəm,n.,1. 系统，体系 2. 制度，体制 3. 方式，规律，条理,英语专业四八级词汇表
systematic,ˌsɪstəˈmætɪk,adj.,1. 有计划的，有条不紊的 2. 有规律的，一丝不苟的,英语专业四八级词汇表
tab,tæb,n.,小条，小带，标签,英语专业四八级词汇表
table,ˈteɪbl,n.,1. 桌子 2. 餐食，伙食 3. 表格，目录 || be at the table正在用餐 /,英语专业四八级词汇表
table,ˈteɪbl,lay,(set) the table摆饭桌，放好餐具准备开饭,英语专业四八级词汇表
tablecloth,ˈteɪbəlklɒθ,n.,桌布，台布,英语专业四八级词汇表
tablet,ˈtæblɪt,n.,1. 药片 2.,英语专业四八级词汇表
tablet,ˈtæblɪt,,(肥皂等)小块,英语专业四八级词汇表
taboo,təˈbuː,n.,禁忌，忌讳 adj. 忌讳的，避讳的,英语专业四八级词汇表
tacit,ˈtæsɪt,adj.,心照不宣的，暗含的,英语专业四八级词汇表
tacitly,ˈtæsɪt,adv.,心照不宣地，暗含地,英语专业四八级词汇表
taciturn,ˈtæsɪtɜːn,adj.,沉默寡言的,英语专业四八级词汇表
tackle,ˈtækl,n.,1.,英语专业四八级词汇表
tackle,ˈtækl,,(橄榄球赛中)阻挡并绊倒 对手，抢球 2. 用具，器械 3. 滑车，滑车索具 v. 1. 着手处理，对付 2. 向某人提起(尴尬之事) 3.,英语专业四八级词汇表
tackle,ˈtækl,,(橄榄球赛中)抱住并摔倒或挡住(对方球员)，(球赛中向对方球员)抢球,英语专业四八级词汇表
tacky,ˈtækɪ,adj.,粘的，未干透的,英语专业四八级词汇表
tact,tækt,n.,机智，圆滑，老练,英语专业四八级词汇表
tactful,ˈtæktfʊl,adj.,1. 言行得体的 2. 不得罪人的，机智的，圆滑的,英语专业四八级词汇表
tactic,ˈtæktɪk,n.,1.,英语专业四八级词汇表
tactic,ˈtæktɪk,,(pl)战术，兵法 2. 策略,英语专业四八级词汇表
tactical,ˈtæktɪkl,adj.,1. 战术上的，兵法上的 2. 善于筹划的 3.,英语专业四八级词汇表
tactical,ˈtæktɪkl,,(指武器、炸弹等)短程的，战术的,英语专业四八级词汇表
tactician,tækˈtɪʃən,n.,战术家，兵法家,英语专业四八级词汇表
taffeta,ˈtæfɪtə,n.,塔夫绸,英语专业四八级词汇表
tag,tæɡ,n.,1. 标签，附签 2. 任何松散或不完整的末端,英语专业四八级词汇表
tail,teɪl,n.,1. 尾，尾巴 2. 尾状物 3. 后部，末尾 v. 1. 尾随，跟踪 2. 排在…的后面,英语专业四八级词汇表
tailor,ˈteɪlə,n.,裁缝，成衣匠,英语专业四八级词汇表
tailplane,ˈteɪlpleɪn,,n.,英语专业四八级词汇表
tailplane,ˈteɪlpleɪn,,(飞机的)横尾翼，水平安定面,英语专业四八级词汇表
taint,teɪnt,v.,使腐坏，使感染 n. 腐坏，感染，污点,英语专业四八级词汇表
take,teɪk,v.,1. 握，攫，执 2. 拿，取 3. 捕捉，袭取，占领 4. 得到，享有，享受 5. 接受，领受 6. 记录，记下 7. 需要，花费 8. 假定，推断 9. 拍(照) ||  take after相像 [take away拿走，剥夺，减去] take back拿回，收回 [take down记录] take in欺骗 [take off(飞机)起飞] take on承接(工作等) [take sth out除去] take sb out带某人外出 [take over接收，接管] take place发生 [take to喜爱，嗜好] take up①  承接，从事②花费(时间等),英语专业四八级词汇表
takeaway,ˈteɪkəweɪ,,n.,英语专业四八级词汇表
takeaway,ˈteɪkəweɪ,,(BrE)外卖食物 adj.,英语专业四八级词汇表
takeaway,ˈteɪkəweɪ,,(餐食)带回家的，外卖的,英语专业四八级词汇表
takeover,ˈteɪkˌəʊvə,n.,接管，接收,英语专业四八级词汇表
takings,ˈteɪkɪŋz,,n.,英语专业四八级词汇表
takings,ˈteɪkɪŋz,,(商店、剧场等的)营业所得，收入,英语专业四八级词汇表
tale,teɪl,n.,1. 故事 2. 记述，传闻,英语专业四八级词汇表
talent,ˈtælənt,n.,天赋，天才，才能,英语专业四八级词汇表
talented,ˈtæləntɪd,adj.,有才干的，天才的,英语专业四八级词汇表
talk,tɔːk,v.,1. 说话，谈话 2. 谈论，讨论 || talk about (of)谈论关于… [talking of 谈到…] talk to oneself自言自语 n. 1. 谈话，交谈，对话 2. 非正式的演讲 3. 讲话方式 4. 话题,英语专业四八级词汇表
talkative,ˈtɔːkətɪv,adj.,爱说话的，健谈的，多话的，多嘴的,英语专业四八级词汇表
tall,tɔːl,adj.,高的，高大的,英语专业四八级词汇表
tally,ˈtælɪ,n.,1. 计分，计算 2.,英语专业四八级词汇表
tally,ˈtælɪ,,(用以核对的)标签，票据 v.,英语专业四八级词汇表
tally,ˈtælɪ,,(叙述、数量等)符合，一致,英语专业四八级词汇表
tame,teɪm,adj.,1. 驯良的，驯服的 2. 顺从的，温顺的 v. 驯服，制服,英语专业四八级词汇表
tamper,ˈtæmpə,v.,篡改，干涉,英语专业四八级词汇表
tan,tæn,v.,1. 硝(皮)，靴(革) 2.,英语专业四八级词汇表
tan,tæn,,(使某物)晒成褐色，晒黑 3. 痛打 || tan sb’s hide 痛打某人 n. 1. 黄褐色 2. 晒黑的肤色,英语专业四八级词汇表
tangent,ˈtændʒənt,n.,1. 切线 2. 正切 || go (fly) off at a tangent突然改变思想(行动)等,英语专业四八级词汇表
tangerine,ˌtændʒəˈriːn,n.,1. 橘子 2. 橘红色,英语专业四八级词汇表
tangible,ˈtændʒɪbl,adj.,1. 确实的，真实的 2. 可触知的,英语专业四八级词汇表
tangle,ˈtæŋɡl,v.,1.,英语专业四八级词汇表
tangle,ˈtæŋɡl,,(使某物)乱作一团 2.,英语专业四八级词汇表
tangle,ˈtæŋɡl,,(使)纠缠，(使)混乱  n. 1. 乱七八糟的一堆 2. 混乱,英语专业四八级词汇表
tank,tæŋk,n.,1. 大容器，大桶(箱、槽) 2. 坦克，战车,英语专业四八级词汇表
tanker,ˈtæŋkə,n.,油轮，运油车,英语专业四八级词汇表
tanner,ˈtænə,n.,制革工人，硝皮匠,英语专业四八级词汇表
tannic,ˈtænɪk,adj.,鞣酸的，单宁酸的,英语专业四八级词汇表
"tantalise, tantalize",ˈtæntəlaɪz,v.,逗弄，吊胃口，令人可望而不可及,英语专业四八级词汇表
tantamount,ˈtæntəmaʊnt,,adj.,英语专业四八级词汇表
tantamount,ˈtæntəmaʊnt,,(与某事物)效果相等的，(与某事物)相同的,英语专业四八级词汇表
tantrum,ˈtæntrəm,n.,发脾气，勃然大怒,英语专业四八级词汇表
tape,teɪp,n.,1.,英语专业四八级词汇表
tape,teɪp,,(狭长的) 带子 2. 录音/录像磁带 3. 卷尺，皮尺,英语专业四八级词汇表
tape-recorder,ˈteɪprɪˈkɔːdə,n.,录音机,英语专业四八级词汇表
tape-recording,ˈteɪprɪˈkɔːdɪŋ,n.,录音,英语专业四八级词汇表
tapestry,ˈtæpəstrɪ,n.,绣帷，织锦，挂毯,英语专业四八级词汇表
tapeworm,ˈteɪpwɜːm,n.,绦虫,英语专业四八级词汇表
tar,tɑː,n.,柏油，沥青 v. 铺以柏油，以沥青铺路,英语专业四八级词汇表
target,ˈtɑːɡɪt,n.,1. 靶子，标的 2. 攻击(批评、嘲笑)的对象，目标 3. 拟达到的总数或指标 v. 把…作为目标或对象,英语专业四八级词汇表
tariff,ˈtærɪf,n.,1. 关税 2.,英语专业四八级词汇表
tariff,ˈtærɪf,,(酒店、餐馆等的)价目表,英语专业四八级词汇表
tarmac,ˈtɑːmæk,v.,以碎石沥青铺盖(某物)表面,英语专业四八级词汇表
tarnish,ˈtɑːnɪʃ,,v.,英语专业四八级词汇表
tarnish,ˈtɑːnɪʃ,,(使)失去光泽，(使)变灰暗,英语专业四八级词汇表
tart,tɑːt,adj.,1. 酸的 2. 尖酸的，刻薄的 n. 1. 果馅饼 2. 淫妇,英语专业四八级词汇表
tartan,ˈtɑːtən,n.,1. 花格图案 2. 彩色格呢，苏格兰格呢,英语专业四八级词汇表
tartly,ˈtɑːtlɪ,adv.,1. 辛辣地，刻薄地 2. 尖酸地，讽刺地,英语专业四八级词汇表
task,tɑːsk,n.,任务，工作，作业,英语专业四八级词汇表
taste,teɪst,n.,1. 味道 2. 味觉 3.,英语专业四八级词汇表
taste,teɪst,,(尝的)小量，少量，一口 4. 爱好，嗜好 5. 鉴赏力，品味 6. 经验，体验 v. 1. 尝，品尝 2. 尝起来(有某种味道) 3. 尝到，体验，经历,英语专业四八级词汇表
tasty,ˈteɪstɪ,adj.,美味的，可口的,英语专业四八级词汇表
tatters,ˈtætəz,n.,碎布，破旧的衣服 || in tatters①(指衣服)破旧的②破产的，潦倒的,英语专业四八级词汇表
tattoo,təˈtuː,n.,文身 v. 刺花纹于,英语专业四八级词汇表
tattooist,təˈtuːɪst,,n.,英语专业四八级词汇表
tattooist,təˈtuːɪst,,(职业)文身者,英语专业四八级词汇表
taunt,tɔːnt,v.,讽刺，奚落 n. 嘲笑人的话,英语专业四八级词汇表
taut,tɔːt,adj.,1.,英语专业四八级词汇表
taut,tɔːt,,(指绳索、金属线等)拉紧的 2.,英语专业四八级词汇表
taut,tɔːt,,(指肌肉或神经)紧张的,英语专业四八级词汇表
tavern,ˈtævən,n.,客栈，酒店,英语专业四八级词汇表
tawdry,ˈtɔːdrɪ,adj.,俗丽的，华而不实的,英语专业四八级词汇表
tax,tæks,n.,税，税额 v. 1. 课税于，抽税，征税 2. 使负重荷,英语专业四八级词汇表
taxation,tækˈseɪʃən,n.,课税，税款,英语专业四八级词汇表
taxi,ˈtæksɪ,n.,计程车，出租汽车,英语专业四八级词汇表
tea,tiː,n.,1. 茶，茶叶 2. 午后茶点，下午茶,英语专业四八级词汇表
teach,tiːtʃ,v.,1. 教，讲授 2. 教训，告诫,英语专业四八级词汇表
teacher,ˈtiːtʃə,n.,教师，先生，导师,英语专业四八级词汇表
teacup,ˈtiːkʌp,n.,茶杯,英语专业四八级词汇表
teak,tiːk,n.,柚木,英语专业四八级词汇表
team,tiːm,n.,一起工作(游戏等)的一群人，队， v.,英语专业四八级词汇表
team,tiːm,,(与…)合作,英语专业四八级词汇表
teapot,ˈtiːpɒt,n.,茶壶,英语专业四八级词汇表
tearful,ˈtɪəfʊl,adj.,哭泣的，要哭的,英语专业四八级词汇表
tease,tiːz,v.,取笑，揶揄，嘲弄,英语专业四八级词汇表
teaspoon,ˈtiːspuːn,n.,1. 茶匙 2. 茶匙的量,英语专业四八级词汇表
technical,ˈteknɪkəl,adj.,1. 技术(性)的，工艺的 2. 专门性的，专业的,英语专业四八级词汇表
technicality,ˌteknɪˈkælɪtɪ,n.,1. 术语，专业上的细节 2. 不重要的细节,英语专业四八级词汇表
technician,tekˈnɪʃən,n.,技术员，技师，技术专家,英语专业四八级词汇表
technique,tekˈniːk,n.,1. 技术，技巧，技艺 2. 技法，手法,英语专业四八级词汇表
technocracy,tekˈnɒkrəsɪ,n.,1. 专家政治(由技术专家对国家的治理) 2. 实行专家政治的国家,英语专业四八级词汇表
technology,tekˈnɒlədʒɪ,n.,工业技术，工艺学，应用科学,英语专业四八级词汇表
teddy,ˈtedɪ,n.,玩具熊,英语专业四八级词汇表
tedious,ˈtiːdɪəs,adj.,沉闷的，厌烦的，乏味的,英语专业四八级词汇表
tedium,ˈtiːdɪəm,,12. 厌倦，乏味,英语专业四八级词汇表
teem,tiːm,v.,1. 充满，充足 2. 下大雨,英语专业四八级词汇表
teenager,ˈtiːneɪdʒə,,n.,英语专业四八级词汇表
teenager,ˈtiːneɪdʒə,,(十三岁到十九岁之间的)青少年,英语专业四八级词汇表
teens,tiːnz,n.,青少年期(指十三至十九岁),英语专业四八级词汇表
teeter,ˈtiːtə,v.,步履蹒跚，左摇右摆,英语专业四八级词汇表
telecommunications,ˌtelɪkəˌmjuːnɪˈkeɪʃənz,n.,电信,英语专业四八级词汇表
telegram,ˈtelɪɡræm,n.,电报，电信,英语专业四八级词汇表
telegraph,ˈtelɪɡrɑːf,n.,电报，电报机,英语专业四八级词汇表
telephone,ˈtelɪfəʊn,n.,电话 v. 打电话,英语专业四八级词汇表
telescope,ˈtelɪskəʊp,n.,望远镜,英语专业四八级词汇表
televise,ˈtelɪvaɪz,v.,以电视播放(某事),英语专业四八级词汇表
television,ˈtelɪvɪʒn,n.,电视，电视机,英语专业四八级词汇表
telex,ˈteleks,n.,电传，用户电报，电传打字电报系统,英语专业四八级词汇表
tell,tel,v.,1. 告知，讲述 2. 讲，说，述 3. 吩咐，命令 4. 区别，辨别 5. 了解，知道,英语专业四八级词汇表
teller,ˈtelə,n.,1. 银行出纳员 2.,英语专业四八级词汇表
teller,ˈtelə,,(选举)计票员,英语专业四八级词汇表
telling,ˈtelɪŋ,adj.,有效的，有力的,英语专业四八级词汇表
temper,ˈtempə,n.,1. 心情，脾气，性情，气质 2.,英语专业四八级词汇表
temper,ˈtempə,,(钢等物质的)硬度、韧度，回火度 || be in a (bad) temper在生气，在发怒 [be in a good temper心情好] get into a temper发怒 /,英语专业四八级词汇表
temper,ˈtempə,lose,one’s temper发脾气 v. 1. 回火，锻炼 2. 使软化，调剂，缓和,英语专业四八级词汇表
temperament,ˈtemprəmənt,n.,气质，性情，禀性,英语专业四八级词汇表
temperamental,ˌtemprəˈmentəl,adj.,1. 气质(上)的，生来的 2. 神经质的，变化无常的,英语专业四八级词汇表
temperate,ˈtempərət,adj.,1.,英语专业四八级词汇表
temperate,ˈtempərət,,(指气候)温和的 2. 适度的，有节制的,英语专业四八级词汇表
temperature,ˈtemprətʃə,n.,1. 温度 2. 体温，冷热|| take one’s temperature量某人的体温,英语专业四八级词汇表
temple,ˈtempl,n.,1. 庙宇，神殿 2. 太阳穴,英语专业四八级词汇表
tempo,ˈtempəʊ,n.,1.,英语专业四八级词汇表
tempo,ˈtempəʊ,,(乐曲的)速度节拍 2.,英语专业四八级词汇表
tempo,ˈtempəʊ,,(运动或活动的)速度，进度,英语专业四八级词汇表
temporal,ˈtempərəl,adj.,1. 世俗的，现世的 2. 时间的，表示时间的 3. 太阳穴的,英语专业四八级词汇表
temporary,ˈtemprərɪ,adj.,暂时的，临时的,英语专业四八级词汇表
tempt,tempt,v.,1. 引诱，勾引 2. 诱导，导致,英语专业四八级词汇表
temptation,tempˈteɪʃən,n.,1. 劝诱，诱惑 2. 有诱惑力(或吸引力)之物,英语专业四八级词汇表
ten,ten,n.,&adj. 十(的)，十个(的) || ten to one十之八九 /tens of thousands成千上万的,英语专业四八级词汇表
tenancy,ˈtenənsɪ,n.,1. 租赁期限 2. 租佃，租用,英语专业四八级词汇表
tenant,ˈtenənt,n.,房客，佃户，承租人,英语专业四八级词汇表
tendency,ˈtendənsɪ,n.,倾向，趋势,英语专业四八级词汇表
tender,ˈtendə,adj.,1. 嫩的，柔软的 2. 脆弱的，纤弱的 3. 敏感的，易伤的 4. 温和的，亲切的 n. 照管者，照料者,英语专业四八级词汇表
tendon,ˈtendən,n.,腱,英语专业四八级词汇表
tenet,ˈtenɪt,n.,原则，信条，教义,英语专业四八级词汇表
tennis,ˈtenɪs,n.,网球 || table tennis乒乓球,英语专业四八级词汇表
tenor,ˈtenə,n.,1. 男高音(歌手) 2. 次中音乐器 3.,英语专业四八级词汇表
tenor,ˈtenə,,(书面或口述的)要旨，大意,英语专业四八级词汇表
tensile,ˈtensaɪl,adj.,1. 张力的，紧张的 2. 可延展的，可伸长的,英语专业四八级词汇表
tension,ˈtenʃən,n.,紧张，焦虑,英语专业四八级词汇表
tent,tent,n.,帐篷,英语专业四八级词汇表
tentative,ˈtentətɪv,adj.,1. 试探性的，临时性的 2. 踌躇的，无把握的,英语专业四八级词汇表
tenth,tenθ,n.,& adj. 第十(的)，十分之一(的),英语专业四八级词汇表
tenuous,ˈtenjʊəs,adj.,1. 薄的，细的 2. 细微的,英语专业四八级词汇表
tenure,ˈtenjʊə,n.,1.,英语专业四八级词汇表
tenure,ˈtenjʊə,,(土地或职位的)保有，保有期，保有权，任期 2.,英语专业四八级词汇表
tenure,ˈtenjʊə,,(尤指大学教师的)终身职，终身聘用,英语专业四八级词汇表
tepid,ˈtepɪd,adj.,温的，不冷不热的,英语专业四八级词汇表
term,tɜːm,n.,1. 期限，期间 2. 学期 3.,英语专业四八级词汇表
term,tɜːm,,(pl)条件 4.,英语专业四八级词汇表
term,tɜːm,,(pl)关系，交谊 5. 名词，术语 || be on good terms with someone 与某人交情很好 [be on bad terms with someone与某人关系不好] come to terms谈妥，达成协议 /in terms of在…方面，以…的观点,英语专业四八级词汇表
terminal,ˈtɜːmɪnəl,n.,1. 末端，终点 2. 终点站 3.,英语专业四八级词汇表
terminal,ˈtɜːmɪnəl,,(电脑的)终端机 adj. 1. 每学期的，每期的 2. 末端的，终点的 3. 晚期的,英语专业四八级词汇表
terminate,ˈtɜːmɪneɪt,,v.,英语专业四八级词汇表
terminate,ˈtɜːmɪneɪt,,(使)终止，结束,英语专业四八级词汇表
terminology,ˌtɜːmɪˈnɒlədʒɪ,n.,1.,英语专业四八级词汇表
terminology,ˌtɜːmɪˈnɒlədʒɪ,,(某学科的)专门用语，术语 2. 术语的使用,英语专业四八级词汇表
terrace,ˈterəs,n.,1. 梯田，台地 2.,英语专业四八级词汇表
terrace,ˈterəs,,(梯级宽且矮的)台阶(如看台) 3. 排房(设计相同的一排房屋),英语专业四八级词汇表
terra-cotta,ˌterəˈkɒtə,n.,赤土，赤陶,英语专业四八级词汇表
terrain,təˈreɪn,n.,地形，地势,英语专业四八级词汇表
terrestrial,təˈrestrɪəl,adj.,1. 陆地的，陆栖的 2. 地球的,英语专业四八级词汇表
terrible,ˈterəbl,adj.,1. 可怕的，可怖的 2. 极坏的，很糟的 3. 极端的，严重的,英语专业四八级词汇表
terrific,təˈrɪfɪk,adj.,1. 可怕的，令人恐怖的 2. 极大的，极端的 3. 极妙的;了不起的,英语专业四八级词汇表
terrify,ˈterɪfaɪ,v.,使恐怖，惊吓 || be terrified at对…感到恐惧,英语专业四八级词汇表
territory,ˈterɪtərɪ,n.,1. 领土 2. 土地，区域 3.,英语专业四八级词汇表
territory,ˈterɪtərɪ,,(AmE)属地,英语专业四八级词汇表
terror,ˈterə,n.,1. 恐怖，惊骇 2. 恐怖的实例，令人恐怖的人(或事物) 3. 讨厌的人,英语专业四八级词汇表
terrorist,ˈterərɪst,n.,恐怖主义者，恐怖分子,英语专业四八级词汇表
terry,ˈterɪ,,n.,英语专业四八级词汇表
terry,ˈterɪ,,(纺织)毛圈制品，毛巾布,英语专业四八级词汇表
terse,tɜːs,adj.,用词简练的，洗练的,英语专业四八级词汇表
tertiary,ˈtɜːʃərɪ,adj.,第三等的，第三的,英语专业四八级词汇表
test,test,n.,1. 测验，考试 2. 试验，测试 v. 试验，考验，检验,英语专业四八级词汇表
testament,ˈtestəmənt,n.,1.,英语专业四八级词汇表
testament,ˈtestəmənt,,(某事物的)确实证明 2. 遗嘱,英语专业四八级词汇表
testator,te'steɪtə,n.,立有遗嘱的人,英语专业四八级词汇表
testify,ˈtestɪfaɪ,v.,1. 作证，证实 2. 表明，证明,英语专业四八级词汇表
testimony,ˈtestɪmənɪ,n.,1.,英语专业四八级词汇表
testimony,ˈtestɪmənɪ,,(书面或口头的)证词(尤指发誓后作出的) 2.,英语专业四八级词汇表
testimony,ˈtestɪmənɪ,,(对事物的)见证或证明,英语专业四八级词汇表
tether,ˈteðə,,n.,英语专业四八级词汇表
tether,ˈteðə,,(拴牲畜用的)绳，链,英语专业四八级词汇表
text,tekst,n.,1. 正文，本文，语篇 2. 原文 3. 课文,英语专业四八级词汇表
textbook,ˈtekstbʊk,n.,课本，读本,英语专业四八级词汇表
textile,ˈtekstaɪl,n.,纺织品，织物，纺织原料 adj. 纺织的，织物的,英语专业四八级词汇表
textual,ˈtekstʃʊəl,adj.,正文的，篇章的,英语专业四八级词汇表
texture,ˈtekstʃə,n.,质地，纹理，织法,英语专业四八级词汇表
than,ðæn,conj.,1. 比，比较 2. 除…之外 || would rather than 与其…不如… /,英语专业四八级词汇表
than,ðæn,no,sooner…than… 刚…就…,英语专业四八级词汇表
thank,θæŋk,v.,谢，感谢，道谢 n.,英语专业四八级词汇表
thank,θæŋk,,(pl)谢意，谢忱，感谢的表示 || thanks to多亏，由于,英语专业四八级词汇表
thankful,ˈθæŋkfʊl,adj.,1. 欣慰的 2. 感谢的，感激的,英语专业四八级词汇表
Thanksgiving,ˌθæŋksˈɡɪvɪŋ,n.,感恩节,英语专业四八级词汇表
that,ðæt,adj.,那，那个 prop. 1. 那，那个 2. 上述的… 3.,英语专业四八级词汇表
that,ðæt,,(作关系代词)那，那个 ||  that is to say即，也就是说 conj.,英语专业四八级词汇表
that,ðæt,,(用于引导名词从句),英语专业四八级词汇表
thatch,θætʃ,n.,1. 茅草，芦苇 2. 浓密的头发 v. 用茅草盖(屋顶)，用茅草做…顶,英语专业四八级词汇表
thaw,θɔː,v.,1.,英语专业四八级词汇表
thaw,θɔː,,(使)解冻，融化 2. 变得温和，无拘束 n. 解冻(期)，融雪(期),英语专业四八级词汇表
the,"ðə, ðɪ; ðiː",,def.,英语专业四八级词汇表
the,"ðə, ðɪ; ðiː",art.,1.,英语专业四八级词汇表
the,"ðə, ðɪ; ðiː",,(用于指已知的事物) 2.,英语专业四八级词汇表
the,"ðə, ðɪ; ðiː",,(表示独一无二的事物) 3.,英语专业四八级词汇表
the,"ðə, ðɪ; ðiː",,(表示类别) 4.,英语专业四八级词汇表
the,"ðə, ðɪ; ðiː",,(表示特指) 5.,英语专业四八级词汇表
the,"ðə, ðɪ; ðiː",,(表示每一),英语专业四八级词汇表
"theatre, theater",ˈθɪətə,n.,1. 剧场，剧院 2. 阶梯式的教室(或会场) 3. 戏剧，戏剧文学，艺术 4.,英语专业四八级词汇表
"theatre, theater",ˈθɪətə,,(事件、活动的)舞台，现场,英语专业四八级词汇表
theatrical,θɪˈætrɪkəl,adj.,1. 戏院的，戏剧的 2. 夸张的，做作的，戏剧性的,英语专业四八级词汇表
thee,ðiː,,prop.,英语专业四八级词汇表
thee,ðiː,,(old use)你,英语专业四八级词汇表
theft,θeft,n.,偷窃，盗窃,英语专业四八级词汇表
their,ðeə,prop.,他(它)们的,英语专业四八级词汇表
theirs,ðeəz,,prop.,英语专业四八级词汇表
theirs,ðeəz,,(物主代词)他(她、它)们的东西,英语专业四八级词汇表
them,ðem,,prop.,英语专业四八级词汇表
them,ðem,,(they的宾格)他(她、它)们,英语专业四八级词汇表
thematic,θɪˈmætɪk,adj.,主题的，题目的，与主题或题目相关的,英语专业四八级词汇表
theme,θiːm,n.,1. 话题，主题 2. 主旋律，基调,英语专业四八级词汇表
themselves,ðəmˈselvz,prop.,1.,英语专业四八级词汇表
themselves,ðəmˈselvz,,(they的反身代词)他(她、它)们自己 2.,英语专业四八级词汇表
themselves,ðəmˈselvz,,(they的强调形式)他(她、它)们自己,英语专业四八级词汇表
then,ðen,adv.,1. 那时，其时 2. 然后，后来 3. 那么，就 4. 此外，还有 || now and then 时时，时常 /then and there当场，当时,英语专业四八级词汇表
theological,ˌθɪəˈlɒdʒɪkəl,adj.,神学的,英语专业四八级词汇表
theology,θɪˈɒlədʒɪ,n.,1. 神学，宗教研究 2. 宗教信仰,英语专业四八级词汇表
theorem,ˈθɪərəm,n.,1. 定理(尤指以公式表示的)  2.,英语专业四八级词汇表
theorem,ˈθɪərəm,,(数学的)命题,英语专业四八级词汇表
theoretical,ˌθɪəˈretɪkəl,adj.,理论上的，推理的,英语专业四八级词汇表
theory,ˈθɪərɪ,n.,1. 学说，论说，原理 2. 理论,英语专业四八级词汇表
therapeutic,ˌθerəˈpjuːtɪk,adj.,治疗术的，治病的,英语专业四八级词汇表
therapist,ˈθerəpɪst,,n.,英语专业四八级词汇表
therapist,ˈθerəpɪst,,(某疗法的)治疗专家,英语专业四八级词汇表
therapy,ˈθerəpɪ,,n.,英语专业四八级词汇表
therapy,ˈθerəpɪ,,(疾病或心理的)治疗，疗法,英语专业四八级词汇表
there,ðeə,adv.,1. 在那里，往那里 2.,英语专业四八级词汇表
there,ðeə,,(用于引起某人对某物的注意) 3.,英语专业四八级词汇表
there,ðeə,,(与动词 be连用，表示存在) 4. 在那一点上，有关那一点 5.,英语专业四八级词汇表
there,ðeə,,(位于句首，需重读，表示强调) || here and  there到处，四处 /over there在那边(的),英语专业四八级词汇表
thereabout(s),ˈðeərəbaʊt(s),adv.,1. 在附近的某地  2. 大约，左右,英语专业四八级词汇表
thereafter,ðeərˈɑːftə,adv.,此后，其后,英语专业四八级词汇表
thereby,ðeəˈbaɪ,adv.,因此，借以,英语专业四八级词汇表
therefore,ˈðeəfɔː,adv.,&conj. 因此，所以,英语专业四八级词汇表
therein,ðeərˈɪn,adv.,1. 在那里，在其中 2. 在那方面，在那一点上,英语专业四八级词汇表
thereof,ðeərˈɒv,adv.,由此，且,英语专业四八级词汇表
thereto,ðeəˈtuː,adv.,附之，随附,英语专业四八级词汇表
thereupon,ˌðeərəˈpɒn,adv.,1. 于是 2. 随即,英语专业四八级词汇表
therewith,ðeəˈwɪθ,adv.,1. 外加 2. 随即,英语专业四八级词汇表
thermal,ˈθɜːməl,adj.,1. 热的，热量的 2. 温暖的，热的 3.,英语专业四八级词汇表
thermal,ˈθɜːməl,,(指衣物)保暖的，防寒的 n. 热气流,英语专业四八级词汇表
thermocouple,ˈθɜːməʊkʌpl,n.,热电偶，温差电偶,英语专业四八级词汇表
thermodynamics,ˌθɜːməʊdaɪˈnæmɪks,n.,热力学,英语专业四八级词汇表
thermometer,θəˈmɒmɪtə,n.,度计，寒暑表,英语专业四八级词汇表
thermonuclear,ˌθɜːməʊˈnjuːklɪə,adj.,热核反应的，热核的,英语专业四八级词汇表
thermostat,ˈθɜːməstæt,n.,恒温器,英语专业四八级词汇表
thesaurus,θɪˈsɔːrəs,,n.,英语专业四八级词汇表
thesaurus,θɪˈsɔːrəs,,(按词义而不是按首字母次序编排的)分类词典，分类词汇，词库,英语专业四八级词汇表
these,ðiːz,,prop.,英语专业四八级词汇表
these,ðiːz,,(this的复数)这些,英语专业四八级词汇表
thesis,ˈθiːsɪs,n.,1. 学位论文，论文 2. 论点，论题,英语专业四八级词汇表
they,ðeɪ,,prop.,英语专业四八级词汇表
they,ðeɪ,,(主格)他(她、它)们,英语专业四八级词汇表
thick,θɪk,adj.,1. 厚的，粗的 2. 稠密的，密集的 3.,英语专业四八级词汇表
thick,θɪk,,(指液体)稠的，浓厚的 4. 愚笨的，迟钝的 5. 亲密的,英语专业四八级词汇表
thicket,ˈθɪkɪt,n.,灌木丛,英语专业四八级词汇表
thick-skinned,ˌθɪkˈskɪnd,adj.,脸皮厚的，对批评或侮辱感觉迟钝的,英语专业四八级词汇表
thief,θiːf,n.,小偷，窃贼,英语专业四八级词汇表
thigh,θaɪ,n.,股，大腿,英语专业四八级词汇表
thin,θɪn,adj.,1. 薄的，细的 2. 稀薄的 3. 瘦的 4. 稀疏的，寥寥的 5.,英语专业四八级词汇表
thin,θɪn,,(指液体)稀薄的，淡的 v. 使(变)薄，使(变)瘦，使(变)稀疏,英语专业四八级词汇表
thing,θɪŋ,n.,1. 东西，物 2. 题目，主题 3. 情况，事件 || all things considered通盘来看 [among other things此外(还)] first things first重要的事情先做 /for one thing首先，举个例说,英语专业四八级词汇表
think,θɪŋk,v.,1. 思索，考虑 2. 认为，以为 3. 构想，想象 4. 有意，打算 5. 预料，企图 [think about①考虑，慎思②回想，回顾] think lightly of轻视 [think nothing of不把…当作一回事] think of①考虑，打算 ②想念，想起③想出 /think over仔细考虑,英语专业四八级词汇表
thinker,ˈθɪŋkə,n.,思考者，思想家,英语专业四八级词汇表
thinking,ˈθɪŋkɪŋ,n.,1. 思想，思考 2. 意见，看法,英语专业四八级词汇表
third,θɜːd,n.,&adj. 第三 (的)，三分之一(的),英语专业四八级词汇表
thirst,θɜːst,n.,1. 渴，口渴 2. 渴望，热望,英语专业四八级词汇表
thirsty,ˈθɜːstɪ,adj.,1. 口渴的 2. 渴望的,英语专业四八级词汇表
thirteen,ˌθɜːˈtiːn,n.,&adj. 十三(的)，十三个(的),英语专业四八级词汇表
thirteenth,ˌθɜːˈtiːnθ,n.,& adj. 第十三(的),英语专业四八级词汇表
thirtieth,ˈθɜːtɪɪθ,n.,&adj. 第三十(的),英语专业四八级词汇表
thirty,ˈθɜːtɪ,n.,& adj. 三十(的)，三十个(的),英语专业四八级词汇表
this,ðɪs,prop.,&adj. 这，这个,英语专业四八级词汇表
thistle,ˈθɪsl,n.,蓟，蓟属植物,英语专业四八级词汇表
thorn,θɔːn,n.,1. 刺，棘 2. 荆棘,英语专业四八级词汇表
thorough,ˈθʌrə,adj.,1. 完全的，彻底的 2. 十足的，根本的 3. 细心的，不厌其烦的，详尽的,英语专业四八级词汇表
thoroughbred,ˈθʌrəbred,n.,& adj.,英语专业四八级词汇表
thoroughbred,ˈθʌrəbred,,(指动物)优良种(的),英语专业四八级词汇表
thoroughfare,ˈθʌrəfeə,n.,大街，通衢,英语专业四八级词汇表
those,ðəʊz,prop.,那些,英语专业四八级词汇表
thou,ðaʊ,,prop.,英语专业四八级词汇表
thou,ðaʊ,,(old use) 汝，你,英语专业四八级词汇表
though,ðəʊ,conj.,虽然 adv. 可是，然而,英语专业四八级词汇表
thought,θɔːt,n.,1. 思索，思考 2. 思想，思潮 3. 考虑，关怀 4. 观念，概念，意向，企图  || after much thought仔细考虑后 /on(upon)second thoughts经再次考虑,英语专业四八级词汇表
thoughtful,ˈθɔːtfʊl,adj.,1. 沉思的，思考的 2. 体贴的，考虑周到的,英语专业四八级词汇表
thoughtless,ˈθɔːtlɪs,adj.,1. 无思想的 2. 粗心的，疏忽的 3. 自私的，不顾及他人的,英语专业四八级词汇表
thoughtlessness,9a:tlasnas,n.,1. 粗心大意  2. 自私,英语专业四八级词汇表
thousand,ˈθaʊzənd,,n.,英语专业四八级词汇表
thousand,ˈθaʊzənd,adj.,千(的)，千个(的) || thousands of成千上万的，数千的,英语专业四八级词汇表
thrash,θræʃ,v.,1. 打(谷物)，脱谷 2. 鞭打，痛打，击败 3. 猛烈舞(挥)动,英语专业四八级词汇表
thread,θred,n.,1. 线，纱，丝 2. 线状物 3. 脉络，头绪，思路,英语专业四八级词汇表
threadbare,ˈθredbeə,adj.,1.,英语专业四八级词汇表
threadbare,ˈθredbeə,,(指织物、衣服等)磨薄的，破旧的 2. 陈腐的,英语专业四八级词汇表
threat,θret,n.,1. 恐吓，威胁 2. 恶兆，坏兆头 3. 造成威胁的人或事物,英语专业四八级词汇表
threaten,ˈθretən,v.,1. 恐吓，威胁 2. 预示，有…的征兆,英语专业四八级词汇表
three,θriː,n.,&adj. 三(的)，三个(的),英语专业四八级词汇表
three-quarters,ˈθriː'kwɒtəz,adj.,四分之三的 n.,英语专业四八级词汇表
three-quarters,ˈθriː'kwɒtəz,,(英式橄榄球)中卫,英语专业四八级词汇表
thresh,θreʃ,,v.,英语专业四八级词汇表
thresh,θreʃ,,(用机器)脱粒，(尤指旧时以手持工具)打麦等,英语专业四八级词汇表
threshold,ˈθreʃhəʊld,n.,1. 门槛，门口 2. 开端，开始,英语专业四八级词汇表
thrice,θraɪs,adv.,三次，三倍,英语专业四八级词汇表
thrift,θrɪft,n.,节俭，俭约,英语专业四八级词汇表
thrifty,ˈθrɪftɪ,adj.,节俭的，俭约的,英语专业四八级词汇表
thrill,θrɪl,n.,1.,英语专业四八级词汇表
thrill,θrɪl,,(一阵)激动，战栗，震颤 2. 使(人)心情激荡的书(影剧等) v. 使震颤，使激动,英语专业四八级词汇表
thriller,ˈθrɪlə,n.,情节扣人心弦的小说(影剧等),英语专业四八级词汇表
thrive,θraɪv,v.,兴盛，成功，繁荣,英语专业四八级词汇表
throat,θrəʊt,n.,1. 喉头 2. 咽喉，喉咙 3. 咽喉状的东西，(瓶子等的)颈,英语专业四八级词汇表
throatily,ˈθrəʊtɪlɪ,adv.,1. 带喉音地 2. 声音嘶哑地,英语专业四八级词汇表
throb,θrɒb,v.,1.,英语专业四八级词汇表
throb,θrɒb,,(指心脏、脉搏等)跳动(尤指跳动较快或较强)，悸动 2.,英语专业四八级词汇表
throb,θrɒb,,(有规律地)跳动(震颤或发出声响),英语专业四八级词汇表
throne,θrəʊn,n.,1. 宝座，御座 2. 王权，王位,英语专业四八级词汇表
throng,θrɒŋ,n.,群，群众 v. 群集，蜂拥,英语专业四八级词汇表
throttle,ˈθrɒtl,v.,使窒息，勒死 || throttle sth back(控制燃料、蒸汽等的供给以)降低车速 n. 节流阀，风门,英语专业四八级词汇表
through,θruː,prep.,1. 从一端至另一端，穿过，经过 2. 从头至尾，自始至终 3. 遍及，历经 4. 由于，因为  || go ( get ) through通过，经过 adv. 1. 贯穿地，自始至终 2. 彻底地，完全地 3. 全程地，直达地 /all through始终，一直 adj. 1. 做完的，完成 2. 直达的，直通的 3. 已断绝交往的,英语专业四八级词汇表
throughout,θruːˈaʊt,prep.,遍及，在整个期间 adv. 一直，全部，各处，各方面,英语专业四八级词汇表
throughput,ˈθruːpʊt,n.,1.,英语专业四八级词汇表
throughput,ˈθruːpʊt,,(工厂等的)一定时间内的生产量 2.,英语专业四八级词汇表
throughput,ˈθruːpʊt,,(电脑)总处理能力,英语专业四八级词汇表
throw,θrəʊ,v.,1. 掷，投，抛 2. 摔倒，摔下 3. 投向，投射，给予 || throw off摆脱，除去,英语专业四八级词汇表
thrush,θrʌʃ,n.,画眉,英语专业四八级词汇表
thrust,θrʌst,v.,1. 插，刺，戳 2. 刺进，插入 3. 用力推，推进，冲 n. 1. 推，刺，戳 2. 推进力,英语专业四八级词汇表
thud,θʌd,n.,沉闷的声响 v. 砰然移动、落下或打击某物,英语专业四八级词汇表
thug,θʌɡ,n.,暴徒，流氓,英语专业四八级词汇表
thumb,θʌm,n.,大拇指 || all thumbs笨手笨脚 v. 1. 以拇指翻动(书页等) 2. 翘起拇指要求搭便车,英语专业四八级词汇表
thumbtack,ˈθʌmtæk,n.,图钉,英语专业四八级词汇表
thump,θʌmp,v.,1. 揍，打，重击 2. 砰然地响 n. 重击(声),英语专业四八级词汇表
thunder,ˈθʌndə,n.,1. 雷，雷声 2. 似雷的响声，轰响 v. 1. 打雷 2. 轰轰作响 3. 大声说，吼叫，强烈谴责,英语专业四八级词汇表
thunderclap,ˈθʌndəklæp,n.,1. 雷声，霹雳  2. 突然而可怕的事情或消息,英语专业四八级词汇表
thunderous,ˈθʌndərəs,adj.,雷鸣般的，声音很大的,英语专业四八级词汇表
thunderstorm,ˈθʌndəstɔːm,n.,雷雨,英语专业四八级词汇表
Thursday,ˈθɜːzdɪ,n.,星期四,英语专业四八级词汇表
thus,ðʌs,adv.,1. 如此，这样 2. 因此，于是 3. 到这地步，到这程度,英语专业四八级词汇表
thwart,θwɔːt,v.,阻挠，使…受挫,英语专业四八级词汇表
thy,ðaɪ,,prop.,英语专业四八级词汇表
thy,ðaɪ,,(thou的所有格)你的,英语专业四八级词汇表
thyroid,ˈθaɪrɔɪd,n.,甲状腺,英语专业四八级词汇表
tiara,tɪˈɑːrə,n.,1.,英语专业四八级词汇表
tiara,tɪˈɑːrə,,(女用)冕头饰 2.,英语专业四八级词汇表
tiara,tɪˈɑːrə,,(天主教教皇戴的)三重冕,英语专业四八级词汇表
tick,tɪk,n.,1. 滴答声(尤指钟表的) 2. 核对记号，勾号 v. 1.,英语专业四八级词汇表
tick,tɪk,,(指钟等)作滴答声 2. 用记号标出,英语专业四八级词汇表
ticket,ˈtɪkɪt,n.,1. 票，入场券 2. 标签 3. 交通违例通知单,英语专业四八级词汇表
tickle,ˈtɪkl,v.,1. 胳肢，呵痒 2. 使愉悦，满足,英语专业四八级词汇表
tidal,ˈtaɪdəl,adj.,潮的，有潮的，受潮汐影响的,英语专业四八级词汇表
tide,taɪd,n.,1. 潮水，潮汐 2. 浪潮 3. 潮流，趋势,英语专业四八级词汇表
tidy,ˈtaɪdɪ,adj.,1. 整洁的，整齐的，有条不紊的 2. 相当大的，可观的 v. 使整洁，整理， 收拾,英语专业四八级词汇表
tie,taɪ,n.,1. 绳索，带子，线，结 2. 领带 3.,英语专业四八级词汇表
tie,taɪ,,(pl)缘分，关系 4.,英语专业四八级词汇表
tie,taɪ,,(竞赛的)同分，平手 5. 束缚，累赘 v. 1. 捆绑，系，拴 2. 打(结等) 3. 系上或系牢,英语专业四八级词汇表
tier,tɪə,n.,一排(指座位)，(阶梯式的)一层,英语专业四八级词汇表
tie-up,ˈtaɪʌp,n.,1. 联系，协作 2.,英语专业四八级词汇表
tie-up,ˈtaɪʌp,,(工作、进展等的)停顿，停滞不前,英语专业四八级词汇表
tiger,ˈtaɪɡə,n.,老虎,英语专业四八级词汇表
tight,taɪt,adj.,1. 紧的，牢固的 2. 紧身的，紧贴的 3. 紧密的，密封的 4. 紧凑的，装满的,英语专业四八级词汇表
tighten,ˈtaɪtən,,v.,英语专业四八级词汇表
tighten,ˈtaɪtən,,(使)变紧，加固 || tighten one’s belt 勒紧裤带(准备挨饿),英语专业四八级词汇表
tile,taɪl,n.,瓦，瓷砖,英语专业四八级词汇表
tilt,tɪlt,,v.,英语专业四八级词汇表
tilt,tɪlt,,(使)倾斜，(使) 翘起 n. 倾斜，斜坡 || at full tilt全速地,英语专业四八级词汇表
timber,ˈtɪmbə,n.,1. 木材，木料 2. 树木,英语专业四八级词汇表
time,taɪm,n.,1. 时刻 2. 时间，期间 3. 次，回 4. 时候 5. 时代 6. 倍 7. 节拍 || at the same time同时 [all the times 一直] be in time for…赶得上，及时 [for a long time长时间] for the first time初次，首次 [for the time being暂时] from time to time时常 [have a good time过得很愉快] in no time立即 [in time①来得及②不久] keep good (bad) time(钟表)时间准确(不准确) [keep time使合拍] last time 上一次 /on time准时，按时  v. 1. 安排…的时间 2. 测定…的时间,英语专业四八级词汇表
timely,ˈtaɪmlɪ,adj.,及时的，适时的，合时宜的,英语专业四八级词汇表
timetable,ˈtaɪmˌteɪbl,n.,时间表，时刻表,英语专业四八级词汇表
timid,ˈtɪmɪd,adj.,胆小的，羞怯的,英语专业四八级词汇表
timidity,tɪˈmɪdɪtɪ,n.,羞怯，胆怯,英语专业四八级词汇表
tin,tɪn,n.,1. 锡 2. 洋铁罐  v. 把…装罐,英语专业四八级词汇表
tinder,ˈtɪndə,n.,干燥易燃之物,英语专业四八级词汇表
tinge,tɪndʒ,v.,1. 使某物稍染颜色 2. 使某事物略受影响 n. 淡淡的色调或痕迹,英语专业四八级词汇表
tingle,ˈtɪŋɡl,,v.,英语专业四八级词汇表
tingle,ˈtɪŋɡl,,(感到)刺痛 n. 刺痛之感,英语专业四八级词汇表
tinker,ˈtɪŋkə,,v.,英语专业四八级词汇表
tinker,ˈtɪŋkə,,(进行拙劣地)修补 n. 1. 拙劣的修补 2. 流动补锅工人,英语专业四八级词汇表
tinkle,ˈtɪŋkl,n.,1一连串的丁零声 2. 电话通话 v.,英语专业四八级词汇表
tinkle,ˈtɪŋkl,,(使某物)发出丁零声,英语专业四八级词汇表
tinny,ˈtɪnɪ,adj.,1.,英语专业四八级词汇表
tinny,ˈtɪnɪ,,(指金属制品)不结实的 2. 发出薄的金属声的,英语专业四八级词汇表
tint,tɪnt,n.,1. 色度，颜色的浓淡 2. 染发剂 3. 染发 v. 在(某物)上着色,英语专业四八级词汇表
tiny,ˈtaɪnɪ,adj.,微小的，渺小的,英语专业四八级词汇表
tipper,'tɪpə,n.,付小费的人,英语专业四八级词汇表
tiptoe,ˈtɪptəʊ,n.,脚尖  v. 踮着脚走,英语专业四八级词汇表
tirade,taɪˈreɪd,n.,长篇的谴责，滔滔不绝的批评或批评性的讲话,英语专业四八级词汇表
tire,ˈtaɪə,v.,1.,英语专业四八级词汇表
tire,ˈtaɪə,,(使)疲倦 2.,英语专业四八级词汇表
tire,ˈtaɪə,,(使)厌倦,英语专业四八级词汇表
tired,ˈtaɪəd,adj.,1. 疲倦的，疲乏的 2. 厌倦的，厌烦的,英语专业四八级词汇表
tiresome,ˈtaɪəsəm,adj.,令人厌倦的，讨人嫌的,英语专业四八级词汇表
tissue,ˈtɪʃuː,n.,1.,英语专业四八级词汇表
tissue,ˈtɪʃuː,,(任何种类的)织物 2.,英语专业四八级词汇表
tissue,ˈtɪʃuː,,(动植物的)组织 3. 薄纸，面纸,英语专业四八级词汇表
titan,ˈtaɪtən,n.,高大、强壮、智力高、重要的人,英语专业四八级词汇表
titanic,taɪˈtænɪk,adj.,巨大的，极大的,英语专业四八级词汇表
title,ˈtaɪtl,n.,1. 名称，标题 2. 称号，头衔 3. 权利，资格 4.,英语专业四八级词汇表
title,ˈtaɪtl,,(某些比赛的)冠军,英语专业四八级词汇表
to,tə; tʊ; tuː,prep.,1. 向，往 2. 到，到达 3. 为了 4. 引起，致使 5. 比 6. 按照，符合,英语专业四八级词汇表
toad,təʊd,n.,蟾蜍，癞蛤蟆,英语专业四八级词汇表
toast,təʊst,n.,1. 烤面包片，吐司 2. 祝酒辞，敬酒 . 1. 烤，烘 2. 使暖和 3. 为…举杯祝酒，为…干杯,英语专业四八级词汇表
tobacco,təˈbækəʊ,n.,1. 烟草，烟叶 2. 烟草制品,英语专业四八级词汇表
tobacconist,təˈbækənɪst,n.,烟草店老板,英语专业四八级词汇表
today,təˈdeɪ,n.,1. 今天 2. 目前 adv. 1. 今天 2. 目前，当今,英语专业四八级词汇表
toddle,ˈtɒdl,,v.,英语专业四八级词汇表
toddle,ˈtɒdl,,(尤指幼儿)摇摇摆摆地走,英语专业四八级词汇表
toe,təʊ,n.,1. 脚趾，足尖 2.,英语专业四八级词汇表
toe,təʊ,,(鞋、袜的)足尖部,英语专业四八级词汇表
toenail,ˈtəʊneɪl,,n.,英语专业四八级词汇表
toenail,ˈtəʊneɪl,,(人的)趾甲,英语专业四八级词汇表
toffee,ˈtɒfɪ,n.,乳脂糖，太妃糖,英语专业四八级词汇表
together,təˈɡeðə,adv.,1. 一起地，共同地  2. 相互，彼此 || together…with与…一起,英语专业四八级词汇表
toil,tɔɪl,n.,1. 苦工，苦活 2. 跋涉 v. 1. 辛苦工作 2. 艰难跋涉,英语专业四八级词汇表
toilet,ˈtɔɪlɪt,n.,1. 盥洗室，厕所 2. 梳洗，化妆,英语专业四八级词汇表
token,ˈtəʊkən,n.,1. 标记，象征 2. 代币，辅币 3. 代价券，礼券,英语专业四八级词汇表
tolerable,ˈtɒlərəbl,adj.,可容忍的，尚好的,英语专业四八级词汇表
tolerance,ˈtɒlərəns,n.,1. 容忍，宽容 2. 韧性，耐心 3. 容许的偏差，偏差，容限,英语专业四八级词汇表
tolerant,ˈtɒlərənt,adj.,容忍的，宽容的,英语专业四八级词汇表
tolerate,ˈtɒləreɪt,v.,1. 容忍，宽容 2. 忍受,英语专业四八级词汇表
toleration,ˌtɒləˈreɪʃən,n.,容忍，宽容，忍受,英语专业四八级词汇表
tom,tɒm,n.,雄猫,英语专业四八级词汇表
tomato,təˈmɑːtəʊ,n.,番茄，西红柿,英语专业四八级词汇表
tomb,tuːm,n.,坟墓，陵墓,英语专业四八级词汇表
tomorrow,təˈmɒrəʊ,adv.,明天 n. 1. 明天 2. 未来，来日,英语专业四八级词汇表
ton,tʌn,n.,吨,英语专业四八级词汇表
tonal,ˈtəʊnəl,adj.,声音的，音调的,英语专业四八级词汇表
tone,təʊn,n.,1. 声音，音调 2. 语调，语气 3. 风格，气度 4. 色调 v. 用某种调子说，定调 || tone down缓和，减弱,英语专业四八级词汇表
tongs,tɒŋz,n.,夹子，夹东西的工具,英语专业四八级词汇表
tongue,tʌŋ,n.,1. 舌，舌头 2. 语言，口语 3. 舌状物 4. 口才 || hold one's tongue一言不发,英语专业四八级词汇表
tonic,ˈtɒnɪk,n.,补药，滋补品,英语专业四八级词汇表
tonight,təˈnaɪt,adv.,今晚,英语专业四八级词汇表
tonnage,ˈtʌnɪdʒ,n.,1. 吨位(指船的载重量) 2. 每吨货物的运费,英语专业四八级词汇表
too,tuː,adv.,1. 也，而且 2. 太，过分 || all too太 [too… for someone to do something 太…以致某人不能做某事] cannot be too…无论…也不过分 /only too…非常,英语专业四八级词汇表
tool,tuːl,n.,1. 工具，器具 2. 走狗，傀儡,英语专业四八级词汇表
tooth,tuːθ,,(pl teeth) n. 1. 牙齿 2. 齿状物,英语专业四八级词汇表
toothache,ˈtuːθeɪk,n.,牙痛,英语专业四八级词汇表
toothbrush,ˈtuːθbrʌʃ,n.,牙刷,英语专业四八级词汇表
toothpaste,ˈtuːθpeɪst,n.,牙膏,英语专业四八级词汇表
top,tɒp,n.,1. 顶，巅 2. 上表面，上边 3. 首位，首席 4. 顶点，极点 || on top of在…的上方 v. 1. 达于…的顶峰 2. 超越,英语专业四八级词汇表
topic,ˈtɒpɪk,n.,话题，题目,英语专业四八级词汇表
topographer,tə'pɒɡrəfə,n.,地形学家，地志学家,英语专业四八级词汇表
topple,ˈtɒpl,v.,1.,英语专业四八级词汇表
topple,ˈtɒpl,,(使)不稳而倒下，摇摇欲坠 2. 使(某物)倒下，倒塌 3. 推翻，打倒,英语专业四八级词汇表
topsoil,ˈtɒpsɔɪl,n.,表土(土壤的表面或上层),英语专业四八级词汇表
torch,tɔːtʃ,n.,1. 火炬，火把 2.,英语专业四八级词汇表
torch,tɔːtʃ,,(BrE)手电筒=(AmE) flashlight,英语专业四八级词汇表
torment,ˈtɔːment,n.,1. 痛苦，折磨 2. 令人痛苦或烦恼的人或物 v. 1. 使痛苦，使烦恼 2. 折磨,英语专业四八级词汇表
tornado,tɔːˈneɪdəʊ,n.,龙卷风,英语专业四八级词汇表
torpedo,tɔːˈpiːdəʊ,n.,鱼雷，水雷 v. 用鱼雷轰击,英语专业四八级词汇表
torrent,ˈtɒrənt,n.,1. 急流，湍流 2.,英语专业四八级词汇表
torrent,ˈtɒrənt,,(感情等的)爆发，(言语、质问等的)迸发,英语专业四八级词汇表
torrential,təˈrenʃəl,adj.,似急流的,英语专业四八级词汇表
torrid,ˈtɒrɪd,adj.,1.,英语专业四八级词汇表
torrid,ˈtɒrɪd,,(指气候、国家)炎热而干燥的 2. 热情的，情欲炽烈的,英语专业四八级词汇表
torsion,ˈtɔːʃən,n.,1. 扭转，扭曲 2. 被扭转成的螺旋形,英语专业四八级词汇表
torso,ˈtɔːsəʊ,n.,1.,英语专业四八级词汇表
torso,ˈtɔːsəʊ,,(人体的)躯干 2.,英语专业四八级词汇表
torso,ˈtɔːsəʊ,,(人体的)躯干雕塑像,英语专业四八级词汇表
tortoise,ˈtɔːtəs,n.,乌龟,英语专业四八级词汇表
tortuous,ˈtɔːtʃʊəs,adj.,1. 弯弯曲曲的 2.,英语专业四八级词汇表
tortuous,ˈtɔːtʃʊəs,,(文章等)不直接阐明的，含混不清的,英语专业四八级词汇表
torture,ˈtɔːtʃʊə,n.,1. 拷问 2. 折磨，痛苦 v. 1. 拷问，拷打 2. 使痛苦(苦恼),英语专业四八级词汇表
Tory,ˈtɔːrɪ,n.,&adj.,英语专业四八级词汇表
Tory,ˈtɔːrɪ,,(英国)保守党，保守党党员，保守党的,英语专业四八级词汇表
toss,tɒs,v.,1. 投，扔，抛 2.,英语专业四八级词汇表
toss,tɒs,,(使)颠簸，(使)摇摆 3.,英语专业四八级词汇表
toss,tɒs,,(指身体部分)突然举起，突然抬起 4. 轻拌 5. 掷(钱币)(看其正反)以决定某事  n. 1. 投，扔，抛 2. 一点点，丝毫,英语专业四八级词汇表
total,ˈtəʊtəl,adj.,1. 全部的，总计的 2. 完全的，彻底的 n. 总数，总额  v. 总计，合计,英语专业四八级词汇表
totalitarian,ˌtəʊtalɪˈteərɪən,adj.,极权主义的,英语专业四八级词汇表
totalitarianism,ˌtəʊtalɪˈteərɪənɪzm,n.,极权主义,英语专业四八级词汇表
totter,ˈtɒtə,v.,1. 踉跄，蹒跚 2. 摇摇欲坠,英语专业四八级词汇表
touch,tʌtʃ,v.,1. 接触，触摸 2. 轻击 3. 触动，感动 4. 涉及，提到 || touch on…略微论及 n. 1. 触，接触 2. 触觉  3. 一笔，笔画 4. 少许 5. 联系 || get in touch with sb与…取得联系 [keep in touch with sb 与…保持联系] lose touch失去联系,英语专业四八级词汇表
touchdown,ˈtʌtʃdaʊn,,n.,英语专业四八级词汇表
touchdown,ˈtʌtʃdaʊn,,(飞机)着陆，降落,英语专业四八级词汇表
touching,ˈtʌtʃɪŋ,adj.,动人的,英语专业四八级词汇表
tough,tʌf,adj.,1.,英语专业四八级词汇表
tough,tʌf,,(物体)坚韧的，坚硬的 2.,英语专业四八级词汇表
tough,tʌf,,(肉等)硬的，咬不动的 3.,英语专业四八级词汇表
tough,tʌf,,(身体)强壮的，结实的 4. 顽固的，不屈不挠的 5.,英语专业四八级词汇表
tough,tʌf,,(工作等)费力的，棘手的,英语专业四八级词汇表
tour,tʊə,n.,1. 旅行，游览 2. 观摩，参观 3. 巡回演出 4. 公差 v. 1. 旅行，游历 2. 巡回演出,英语专业四八级词汇表
tourism,ˈtʊərɪzəm,n.,旅游业,英语专业四八级词汇表
tourist,ˈtʊərɪst,n.,旅游者,英语专业四八级词汇表
tournament,ˈtʊənəmənt,n.,比赛，竞赛,英语专业四八级词汇表
tout,taʊt,v.,招徕，兜售 n. 卖黄牛票者,英语专业四八级词汇表
tow,təʊ,v.,& n. 拖，拉，牵引,英语专业四八级词汇表
toward(s),təˈwɔːd(z),prep.,1. 向，对 2. 对于，关于  3. 接近 4. 为了,英语专业四八级词汇表
towel,ˈtaʊəl,n.,毛巾，手巾,英语专业四八级词汇表
tower,taʊə,n.,1. 塔，高楼 2.,英语专业四八级词汇表
tower,taʊə,,(作发射信号、广播等用)铁塔  v. 高耸，屹立,英语专业四八级词汇表
town,taʊn,n.,1. 城镇，市镇 2. 闹市，市中心,英语专业四八级词汇表
townsfolk,taʊnzfəʊk,n.,镇民,英语专业四八级词汇表
township,ˈtaʊnʃɪp,n.,区(美国、加拿大县以下的行政区分),英语专业四八级词汇表
townsman,'taʊnzmən,n.,住在镇里的人,英语专业四八级词汇表
toxic,ˈtɒksɪk,adj.,有毒(性)的,英语专业四八级词汇表
toy,tɔɪ,n.,玩具 v. 1.,英语专业四八级词汇表
toy,tɔɪ,,(以…)自娱，不太认真地考虑 2. 玩弄,英语专业四八级词汇表
trace,treɪs,v.,1. 跟踪，追踪 2. 追溯 3. 探索，探查 4. 描绘 n. 1. 踪迹，痕迹 2. 微量，少许,英语专业四八级词汇表
track,træk,n.,1. 小径，小道 2. 跑道，田径运动 3. 铁轨，轨道 4. 履带  v. 1. 跟踪，尾随 2. 走过,英语专业四八级词汇表
tract,trækt,n.,1. 一大片土地，地带 2.,英语专业四八级词汇表
tract,trækt,,(人体、动物的)系统，道，束,英语专业四八级词汇表
tractable,ˈtræktəbl,adj.,易处理的，易驾驭的，温顺的,英语专业四八级词汇表
tractor,ˈtræktə,n.,拖拉机,英语专业四八级词汇表
trade,treɪd,n.,1. 交易，买卖 2. 行业 3. 贸易额，交易量 4．职业，手艺 || trade union 工会  v. 1. 买卖，经商 2. 交换 [trade in折价换取] trade off 权衡，比较,英语专业四八级词汇表
trademark,ˈtreɪdmɑːk,n.,商标,英语专业四八级词汇表
tradesman,'treɪdzmən,n.,商人，店主，零售商,英语专业四八级词汇表
tradition,trəˈdɪʃən,n.,1. 传统 2. 惯例，规矩,英语专业四八级词汇表
traditional,trəˈdɪʃənəl,adj.,按照传统的，传统的,英语专业四八级词汇表
traffic,ˈtræfɪk,n.,1. 交通，运输，通行 2.,英语专业四八级词汇表
traffic,ˈtræfɪk,,(尤指非法物品的)交易，买卖 3. 运输业 4. 交通量，运输量,英语专业四八级词汇表
trafficker,ˈtræfɪkə,n.,做非法买卖者，贩卖毒品者,英语专业四八级词汇表
tragedian,trəˈdʒiːdɪən,n.,1. 悲剧作家 2. 悲剧演员,英语专业四八级词汇表
tragedy,ˈtrædʒɪdɪ,n.,1. 悲剧，悲剧性作品 2. 惨事，惨案,英语专业四八级词汇表
tragic,ˈtrædʒɪk,adj.,1. 悲 J渗的，不幸的 2. 悲剧的,英语专业四八级词汇表
trail,treɪl,n.,1. 足迹，踪迹 2. 小径，小路 3.,英语专业四八级词汇表
trail,treɪl,,(人流、车流等)一股，(烟、尘等)一缕 v. 1. 拖，拖曳 2. 跟踪，尾随 3.,英语专业四八级词汇表
trail,treɪl,,(植物)蔓生,英语专业四八级词汇表
trailer,ˈtreɪlə,n.,1. 拖车，挂车 2.,英语专业四八级词汇表
trailer,ˈtreɪlə,,(影视节目的)预告片,英语专业四八级词汇表
training,ˈtreɪnɪŋ,n.,锻炼，训练，培养,英语专业四八级词汇表
trait,treɪt,,n.,英语专业四八级词汇表
trait,treɪt,,(人的)个性，显著的特点,英语专业四八级词汇表
traitor,ˈtreɪtə,n.,叛徒，卖国贼,英语专业四八级词汇表
tram,træm,,n.,英语专业四八级词汇表
tram,træm,,(BrE)(有轨)电车=(AmE) streetcar,英语专业四八级词汇表
tramp,træmp,n.,1. 流浪汉，漂泊者 2. 长途徒步旅行 3. 重步声 v. 1. 用沉重的脚步行走 2. 跋涉,英语专业四八级词汇表
trample,ˈtræmpl,v.,践踏，蹂躏,英语专业四八级词汇表
trance,trɑːns,n.,1. 昏睡状态，催眠状态 2. 出神，发呆,英语专业四八级词汇表
tranquil,ˈtræŋkwɪl,adj.,平静的，安宁的,英语专业四八级词汇表
tranquility,træŋˈkwɪlɪtɪ,n.,平静，安宁,英语专业四八级词汇表
transaction,trænˈzækʃən,n.,1. 办理，处理 2. 业务，交易 3.,英语专业四八级词汇表
transaction,trænˈzækʃən,,(pl)(学术团体会议的)议事录，公报,英语专业四八级词汇表
transcend,trænˈsend,v.,1. 超出(超越) …的范围 2. 优于(胜过)某人(事物),英语专业四八级词汇表
transcendental,ˌtrænsenˈdentl,adj.,1. 超凡的，卓越的 2. 超验的，先验的,英语专业四八级词汇表
transcendentalism,ˌtrænsenˈdentəlɪzəm,n.,先验论，先验论哲学,英语专业四八级词汇表
transcribe,trænˈskraɪb,v.,1. 抄写，誊写 2. 用音标标出 3. 改编(乐曲) 4. 复制，转录,英语专业四八级词汇表
transfigure,trænsˈfɪɡə,v.,改变…的外表(尤指改好),英语专业四八级词汇表
transform,trænsˈfɔːm,v.,使完全改变，使改观,英语专业四八级词汇表
transformation,ˌtrænsfəˈmeɪʃən,,n.,英语专业四八级词汇表
transformation,ˌtrænsfəˈmeɪʃən,,(外观或性质的)改变，改观,英语专业四八级词汇表
transfuse,trænsˈfjuːz,v.,输(血),英语专业四八级词汇表
transient,ˈtrænzɪənt,adj.,短暂的，转瞬即逝的 n. 仅短暂在某地停留或工作的人,英语专业四八级词汇表
transistor,tærnˈzɪstə,n.,1. 晶体管 2. 晶体管收音机,英语专业四八级词汇表
transit,ˈtrænsɪt,n.,1. 通过，经过 2. 运输，运送，载运,英语专业四八级词汇表
transition,trænˈsɪʃən,n.,转变，过渡，变迁,英语专业四八级词汇表
transitive,ˈtrænsɪtɪv,,adj.,英语专业四八级词汇表
transitive,ˈtrænsɪtɪv,,(指动词)及物的,英语专业四八级词汇表
transitory,ˈtrænsɪtərɪ,adj.,短暂的，片刻的,英语专业四八级词汇表
translate,trænsˈleɪt,v.,1. 翻译 2. 解释，阐明 3. 变换，转化 || translate sth into sth把…译成…，使以另一种形式出现,英语专业四八级词汇表
translation,trænsˈleɪʃən,n.,1. 翻译，译文，译本 2. 转变，变化,英语专业四八级词汇表
translator,trænsˈleɪtə,n.,译者(尤指笔译者),英语专业四八级词汇表
translucent,trænzˈluːsənt,adj.,半透明的，透光的,英语专业四八级词汇表
transmission,trænzˈmɪʃən,n.,1. 传送，中转 2. 电视或无线电播送,英语专业四八级词汇表
transmit,trænzˈmɪt,v.,1. 播送，传送 2. 转送，传达 3. 传染，传播 4. 传导，传动,英语专业四八级词汇表
transmutation,ˌtrænzmjuːˈteɪʃən,,h·变形，变质，(生物的)变种，演变,英语专业四八级词汇表
transmute,trænzˈmjuːt,v.,使变形，使变质，使转化(成为更好),英语专业四八级词汇表
transparency,træns'pærənsɪ,n.,透明，透明性，透明物,英语专业四八级词汇表
transparent,træns'pærənt,adj.,1. 透明的，透光的 2. 易懂的 3. 显而易见的,英语专业四八级词汇表
transpire,trænˈspaɪə,v.,1.,英语专业四八级词汇表
transpire,trænˈspaɪə,,(指事情、秘密等)公开，为人所知 2. 发生 3.,英语专业四八级词汇表
transpire,trænˈspaɪə,,(指植物等)(从叶面)散发(水汽),英语专业四八级词汇表
transplant,trænsˈplɑːnt,v.,1. 移植(植物) 2. 移植(器官、皮肤、头发等),英语专业四八级词汇表
transport,trænˈspɔːt,v.,1. 运输，输送 2. 放逐，流放 n. 1. 运输 2. 运输工具,英语专业四八级词汇表
transportation,ˌtrænspɔːˈteɪʃən,n.,1. 运输 2. 运输工具,英语专业四八级词汇表
transpose,trænˈspəʊz,v.,换位，调位,英语专业四八级词汇表
transposition,ˌtrænspəˈzɪʃən,,n.,英语专业四八级词汇表
transposition,ˌtrænspəˈzɪʃən,,(位置的)互换，变调,英语专业四八级词汇表
trap,træp,n.,1. 捕捉器，陷阱 2. 诡计，圈套 v. 1. 设陷阱捕捉 2. 诱骗，使堕入圈套 3. 使陷入困境,英语专业四八级词汇表
trash,træʃ,n.,1. 废话，糟粕 2. 垃圾=(AmE) rubbish,英语专业四八级词汇表
trauma,ˈtrɔːmə,n.,1.,英语专业四八级词汇表
trauma,ˈtrɔːmə,,(精神上的创伤) 2. 痛苦，不幸 3. 创伤，外伤,英语专业四八级词汇表
travel,ˈtrævəl,v.,1. 旅行，游历 2. 行进，移动 n. 1. 旅行，游历 2.,英语专业四八级词汇表
travel,ˈtrævəl,,(pl)海外旅行，长途旅行,英语专业四八级词汇表
"traveller, traveler",ˈtrævələ,n.,旅行者,英语专业四八级词汇表
traverse,trəˈvɜːs,v.,横越，穿过 n. 1. 横越，贯穿 2. 横断物，横杆，横线,英语专业四八级词汇表
trawl,trɔːl,n.,1. 拖网 2. 排钩 v. 1. 用拖网或排钩捕鱼 2. 查阅(档案等),英语专业四八级词汇表
trawler,ˈtrɔːlə,n.,拖网渔船,英语专业四八级词汇表
tray,treɪ,n.,托盘，浅盘，碟,英语专业四八级词汇表
treacherous,ˈtretʃərəs,adj.,1. 背叛的，不忠的 2. 危险的,英语专业四八级词汇表
treachery,'tretʃərɪ,n.,背叛，不忠,英语专业四八级词汇表
tread,tred,v.,踩，踏，走,英语专业四八级词汇表
treason,ˈtriːzən,n.,叛国罪，叛逆，不忠,英语专业四八级词汇表
treasonable,'trɪːzənəbl,adj.,叛国的，叛逆的,英语专业四八级词汇表
treasure,ˈtreʒə,n.,1. 金银财宝，财富 2. 瑰宝，不可多得的人才  v. 1. 珍重，珍惜 2. 珍藏,英语专业四八级词汇表
treasure-house,ˈtreʒəhaʊs,n.,宝库，宝藏库,英语专业四八级词汇表
treat,triːt,v.,1. 对待，看待 2. 处理，使用 3. 治疗 4. 讨论，探讨 5. 谈判，磋商 6. 款待，招待 n. 1. 难得的乐事 2. 款待，招待,英语专业四八级词汇表
treatise,ˈtriːtɪz,,n.,英语专业四八级词汇表
treatise,ˈtriːtɪz,,(专题)论文,英语专业四八级词汇表
treatment,ˈtriːtmənt,n.,1. 待遇，对待 2. 处理 3. 治疗，疗法,英语专业四八级词汇表
treaty,ˈtriːtɪ,n.,1.,英语专业四八级词汇表
treaty,ˈtriːtɪ,,(国与国间缔结的)条约 2.,英语专业四八级词汇表
treaty,ˈtriːtɪ,,(人与人之间的)协商，协议，谈判,英语专业四八级词汇表
tree,triː,n.,树，树木,英语专业四八级词汇表
treeline,ˈtriːlaɪn,n.,林木线(高纬度地区树木生长的上限),英语专业四八级词汇表
trek,trek,n.,艰辛的路程，旅行，迁移,英语专业四八级词汇表
tremble,ˈtrembl,v.,1. 哆嗦，震颤 2. 摇动，摆动 3. 焦虑，担忧,英语专业四八级词汇表
tremendous,trɪˈmendəs,adj.,1. 惊人的，巨大的 2. 绝好的，极棒的,英语专业四八级词汇表
tremor,ˈtremə,n.,1. 颤动，颤抖 2. 激动，兴奋,英语专业四八级词汇表
trench,trentʃ,n.,1. 沟渠，壕沟 2. 战壕,英语专业四八级词汇表
trend,trend,n.,趋势，趋向 v. 向，倾向,英语专业四八级词汇表
trespass,ˈtrespəs,v.,1. 非法侵入他人地界 2. 侵占或无理使用(他人房间等) 3. 犯过失，在宗教或道德方面犯罪 n. 1. 有关非法侵入的法律 2. 并非有意的非法侵入 3. 罪过，过失,英语专业四八级词汇表
trestle,tresl,n.,支架，条凳,英语专业四八级词汇表
trial,ˈtraɪəl,n.,1. 尝试，试验 2. 审讯，审判 3. 考验，磨难,英语专业四八级词汇表
triangle,ˈtraɪæŋɡl,n.,三角(形),英语专业四八级词汇表
triangular,traɪˈæŋɡjʊlə,adj.,1. 三角形的 2. 涉及三人的,英语专业四八级词汇表
tribal,ˈtraɪbəl,adj.,部落的,英语专业四八级词汇表
tribe,traɪb,n.,种族，部落,英语专业四八级词汇表
tribunal,traɪˈbjuːnəl,n.,审理团，特别法庭,英语专业四八级词汇表
tributary,ˈtrɪbjʊtərɪ,n.,1. 支流 2. 进贡者(国)，附庸国 adj. 1. 支流的 2. 附庸的，附属的,英语专业四八级词汇表
tribute,ˈtrɪbjuːt,n.,1. 表示敬意或称赞的行动(言语或礼物) 2. 贡品，贡金,英语专业四八级词汇表
trick,trɪk,n.,1. 诡计，花招 2. 恶作剧 3. 戏法，把戏 4. 窍门，诀窍 5. 癖好 v. 哄骗，欺骗,英语专业四八级词汇表
trickle,ˈtrɪkl,v.,1. 滴流，滴淌 2. 缓慢地移动,英语专业四八级词汇表
tricky,ˈtrɪkɪ,adj.,1. 诡计多端的 2. 难以捉摸的，难以对付的,英语专业四八级词汇表
trifle,ˈtraɪfl,n.,1. 小事，琐碎之物 2. 少量的钱 3. 稍微，有点,英语专业四八级词汇表
trigger,ˈtrɪɡə,,n.,英语专业四八级词汇表
trigger,ˈtrɪɡə,,(枪的)扳机，触发器 v. 激发起，引起,英语专业四八级词汇表
trill,trɪl,n.,1.,英语专业四八级词汇表
trill,trɪl,,(人或鸟发出的)颤动声 2.,英语专业四八级词汇表
trill,trɪl,,(音的)颤动，颤音 3.,英语专业四八级词汇表
trill,trɪl,,(舌的)颤音，颤动辅音  v. 1. 用颤音发声，用颤音唱(某乐音) 2. 用颤音发(某字母的)音，发某字母的颤音,英语专业四八级词汇表
trilogy,ˈtrɪlədʒɪ,n.,三部曲,英语专业四八级词汇表
trim,trɪm,v.,1. 修剪，整饰 2. 装饰,英语专业四八级词汇表
trinity,ˈtrɪnɪtɪ,n.,1. 三件套，三合一，三人小组 2.,英语专业四八级词汇表
trinity,ˈtrɪnɪtɪ,,(cap)三圣 || the Trinity(基督教教义中的圣父、圣子、圣灵)三位一体,英语专业四八级词汇表
trinket,ˈtrɪŋkɪt,n.,小装饰品，琐物,英语专业四八级词汇表
trio,ˈtriːəʊ,n.,1. 三人组，三件套，三合一 2. 三重奏，三重唱,英语专业四八级词汇表
trip,trɪp,n.,短途旅行，远足 || make a trip to旅行至 v. 跌倒，绊倒,英语专业四八级词汇表
triple,ˈtrɪpl,adj.,三倍的，三重的 v. 增至三倍,英语专业四八级词汇表
tripod,ˈtraɪpɒd,,n.,英语专业四八级词汇表
tripod,ˈtraɪpɒd,,(照相机、望远镜等的)三脚架,英语专业四八级词汇表
tripper,ˈtrɪpə,n.,远足者，短途旅行者,英语专业四八级词汇表
triumph,ˈtraɪəmf,n.,凯旋，胜利，成功,英语专业四八级词汇表
triumphant,traɪˈʌmfənt,adj.,胜利的，成功的,英语专业四八级词汇表
trivia,ˈtrɪvɪə,n.,无关紧要的事物(细节或信息),英语专业四八级词汇表
trivial,ˈtrɪvɪəl,adj.,不重要的，琐屑的，无价值的,英语专业四八级词汇表
trolley,ˈtrɒlɪ,n.,1. 手推车 2.,英语专业四八级词汇表
trolley,ˈtrɒlɪ,,(BrE)无轨电车(=trolley bus),英语专业四八级词汇表
trombone,trɒmˈbəʊn,n.,长号，拉管,英语专业四八级词汇表
troop,truːp,n.,1.,英语专业四八级词汇表
troop,truːp,,(人、动物的)群 2. 军队,英语专业四八级词汇表
trophy,ˈtrəʊfɪ,n.,1. 奖品(尤指体育比赛的) 2.,英语专业四八级词汇表
trophy,ˈtrəʊfɪ,,(狩猎、战争等中获得的)纪念品，战利,英语专业四八级词汇表
tropic,ˈtrɒpɪk,n.,1. 回归线 2.,英语专业四八级词汇表
tropic,ˈtrɒpɪk,,(pl)热带地区,英语专业四八级词汇表
tropical,ˈtrɒpɪkəl,adj.,热带的,英语专业四八级词汇表
trot,trɒt,v.,1.,英语专业四八级词汇表
trot,trɒt,,(马等)疾走 2. 小跑，快步走 n. 1.,英语专业四八级词汇表
trot,trɒt,,(马)快步，小跑 2. 疾走，小跑 3.,英语专业四八级词汇表
trot,trɒt,,(马小跑的)蹄声,英语专业四八级词汇表
trouble,ˈtrʌbl,n.,1. 困难，麻烦，担忧 2. 被(责  怪)责难的 处境 3. 烦劳，费劲 4. 故障，疾病 5.,英语专业四八级词汇表
trouble,ˈtrʌbl,,(政治或社会方面的)动乱 || be in trouble处于困境 /get into trouble遭到麻烦 v. 1.,英语专业四八级词汇表
trouble,ˈtrʌbl,,(使)烦恼、忧虑 2. 麻烦(某人),英语专业四八级词汇表
troublemaker,ˈtrʌblˌmeɪkə,n.,制造麻烦者，闹事者，捣乱者,英语专业四八级词汇表
troubleshooter,ˈtrʌbəlˌʃuːtə ,n.,解决麻烦问题或故障的能手,英语专业四八级词汇表
troublesome,ˈtrʌbəlsəm,adj.,令人烦恼的，讨厌的,英语专业四八级词汇表
trough,trɒf,n.,1. 饲料槽，饮水槽 2. 排水沟 3. 波谷，低谷 4.,英语专业四八级词汇表
trough,trɒf,,(气象)低压槽,英语专业四八级词汇表
trounce,traʊns,v.,1. 打败，击败 2. 严惩，痛打,英语专业四八级词汇表
troupe,truːp,n.,表演团体,英语专业四八级词汇表
trousers,ˈtraʊzəz,n.,裤子，长裤,英语专业四八级词汇表
trout,traʊt,n.,鳟鱼,英语专业四八级词汇表
truant,ˈtruːənt,n.,逃学者，旷课者 || play truant逃学，旷课,英语专业四八级词汇表
truce,truːs,n.,休战，停战协定,英语专业四八级词汇表
truck,trʌk,n.,1.,英语专业四八级词汇表
truck,trʌk,,(载货)卡车，货车 2.,英语专业四八级词汇表
truck,trʌk,,(BrE)铁路敞篷货车,英语专业四八级词汇表
trudge,trʌdʒ,v.,缓慢或吃力地走,英语专业四八级词汇表
true,truː,adj.,1. 真实的，确实的 2. 忠实的，忠诚的 || be true of对…也一样 /come true 实现,英语专业四八级词汇表
truism,ˈtruːɪzm,n.,不言而喻的道理,英语专业四八级词汇表
truly,ˈtruːlɪ,adv.,1. 正确地，事实上 2. 真正地,英语专业四八级词汇表
trump,trʌmp,n.,王牌 || trump card王牌，制胜的一手 v. 出王牌，出王牌取胜,英语专业四八级词汇表
trumpet,ˈtrʌmpɪt,n.,喇叭,英语专业四八级词汇表
trundle,ˈtrʌndl,,v.,英语专业四八级词汇表
trundle,ˈtrʌndl,,(使某物)沉重地滚动或移动,英语专业四八级词汇表
trunk,trʌŋk,n.,1. 树干 2. 躯干 3. 大衣箱 4. 象鼻 5. 车尾箱,英语专业四八级词汇表
trust,trʌst,n.,1. 信任，信赖 2. 托管，信托 3. 职责，责任 4. 信托财产，信托物 5. 托拉斯 v. 1. 信任，信赖 2. 委托，托付 3. 倚靠，依赖 4. 希望，盼望,英语专业四八级词汇表
trustee,trʌˈstiː,n.,1. 受信托人 2.,英语专业四八级词汇表
trustee,trʌˈstiː,,(机构的)管理班子成员,英语专业四八级词汇表
trustworthy,ˈtrʌstˌwəːðɪ,adj.,值得信任的，可靠的,英语专业四八级词汇表
truth,truːθ,n.,1. 事实，真相 2. 真实性 3. 真理,英语专业四八级词汇表
truthful,'truːθfʊl,adj.,诚实的，如实的，真实的,英语专业四八级词汇表
try,traɪ,v.,1. 尝试 2. 试验，试用 3. 审问，审判 || try on 试穿 [try one’s best尽力] try out sth试用，试验 n. 尝试,英语专业四八级词汇表
trying,ˈtraɪɪŋ,adj.,极为恼人的，令人难堪的,英语专业四八级词汇表
tryout,ˈtraɪaʊt,,n.,英语专业四八级词汇表
tryout,ˈtraɪaʊt,,(对人或事物的质量或表现的)测试，试用，试演,英语专业四八级词汇表
Tsar,zɑː,n.,俄国沙皇(= Czar),英语专业四八级词汇表
tub,tʌb,n.,1. 桶，盆 2. 浴盆，浴缸,英语专业四八级词汇表
tuba,ˈtjuːbə,n.,大号(一种低调管乐器),英语专业四八级词汇表
tube,tjuːb,n.,1. 管，筒 2. 金属软管 3. 地下铁道 4.,英语专业四八级词汇表
tube,tjuːb,,(AmE)真空管,英语专业四八级词汇表
tuberculosis,tjuːˌbɜːkjʊˈləʊsɪs,n.,结核(病)，肺结核,英语专业四八级词汇表
tubular,ˈtjuːbjʊlə,adj.,1. 管状的 2. 有管的，由管构成的,英语专业四八级词汇表
tuck,tʌk,v.,1. 塞进，插进 2. 卷起，折起 3. 打褶桐,英语专业四八级词汇表
Tuesday,ˈtjuːzdɪ,n.,星期二,英语专业四八级词汇表
tuft,tʌft,,n.,英语专业四八级词汇表
tuft,tʌft,,(在底部丛生的或聚集的)一簇，(毛发、羽毛或草丛等)一束,英语专业四八级词汇表
tug,tʌɡ,v.,用力拖，使劲拉 n. 1. 猛拉，拖 2. 拖船(=tugboat),英语专业四八级词汇表
tuition,tjuːˈɪʃən,n.,学费,英语专业四八级词汇表
tulip,ˈtjuːlɪp,n.,郁金香,英语专业四八级词汇表
tumble,ˈtʌmbl,n.,1. 滚动，翻滚 2. 体操技巧动作表演 3. 跌倒，跌落，下台 v. 1. 跌倒，滚落 2. 忽然下台，垮台 3. 领会，顿悟,英语专业四八级词汇表
tummy,ˈtʌmɪ,n.,胃，肚子,英语专业四八级词汇表
tumour,ˈtjuːmə,,n.,英语专业四八级词汇表
tumour,ˈtjuːmə,,(肿)瘤，肿块,英语专业四八级词汇表
tumult,ˈtjuːmʌlt,n.,1. 喧嚣，纷扰 2.,英语专业四八级词汇表
tumult,ˈtjuːmʌlt,,(心境的)烦乱，激昂,英语专业四八级词汇表
tumultuous,tjuːˈmʌltʃʊəs,adj.,1. 混乱的，狂暴的 2. 嘈杂的，喧闹的,英语专业四八级词汇表
tuna,ˈtjuːnə,n.,金枪鱼,英语专业四八级词汇表
tune,tjuːn,n.,1. 曲调，旋律 2. 调和，和谐 3. 声调，语气 ||change one’s tune改变调子  (观点等)，变卦 v. 1. 为(乐器)调音 2. 调整(收音机)，收听 3. 调节 || tune in to (a station)收听(某电台),英语专业四八级词汇表
tunnel,ˈtʌnəl,n.,隧道，坑道 v. 开隧道，开隧道穿过,英语专业四八级词汇表
turbid,ˈtɜːbɪd,adj.,1.,英语专业四八级词汇表
turbid,ˈtɜːbɪd,,(指液体)浑浊的 2. 紊乱的，混乱的,英语专业四八级词汇表
turbine,ˈtɜːbaɪn,n.,涡轮机,英语专业四八级词汇表
turbot,ˈtɜːbət,n.,扁平的大海鱼,英语专业四八级词汇表
turbulence,ˈtɜːbjʊləns,n.,1. 动荡，骚乱 2. 猛烈的(或不稳定的)水气流,英语专业四八级词汇表
turbulent,ˈtɜːbjʊlənt,adj.,1.,英语专业四八级词汇表
turbulent,ˈtɜːbjʊlənt,,(空气或水)流动猛烈而不稳定的 2. 混乱的，不安的,英语专业四八级词汇表
turf,tɜːf,n.,1. 草皮，草皮块 2. 赛马，跑马场 3.,英语专业四八级词汇表
turf,tɜːf,,(自己的)领域，地盘 v. 1. 用草皮铺(地) 2. 抛出(东西)，赶走(人),英语专业四八级词汇表
turkey,tɜːkɪ,n.,火鸡,英语专业四八级词汇表
turmoil,ˈtɜːmɔɪl,n.,骚动，混乱,英语专业四八级词汇表
turn,tɜːn,v.,1.,英语专业四八级词汇表
turn,tɜːn,,(使)绕中心点旋转，转动 2. 翻，翻转 3. 改变方向 4. 绕过 5. 转身，回头 6.,英语专业四八级词汇表
turn,tɜːn,,(使)变为 || turn about C around)转向 [turn against敌对，反目] turn down ①拒绝②减弱，降低 [turn in 交还，归还] turn into变成 [turn off关掉] turn on打开 [turn out①关，熄(灯)②驱逐] turn out to be结果是 [turn over思考，考虑] turn to求教于 n. 1. 转动，旋转 2. 转向，转弯 3. 机会，轮流交替 4. 转折点 5. 转变 || by turns轮流 [in turn依次] take one's turn轮到某人,英语专业四八级词汇表
turner,ˈtɜːnə,n.,铁匠，车床工人,英语专业四八级词汇表
turning,ˈtɜːnɪŋ,n.,1. 旋转，翻转，弯曲 2. 转角处，拐角 || turning point转折点,英语专业四八级词汇表
turnip,ˈtɜːnɪp,n.,萝卜,英语专业四八级词汇表
turnout,ˈtɜːnaʊt,n.,1. 出席人数 2. 清扫,英语专业四八级词汇表
turnover,ˈtɜːnˌəʊvə,n.,1.,英语专业四八级词汇表
turnover,ˈtɜːnˌəʊvə,,(一定时期的)营业额 2.,英语专业四八级词汇表
turnover,ˈtɜːnˌəʊvə,,(商店的)货物周转率 3. 人事变动率,英语专业四八级词汇表
turnpike,ˈtɜːnpaɪk,n.,高速公路(尤指收费高速公路),英语专业四八级词汇表
turret,ˈtʌrɪt,n.,1. 塔楼，角楼 2. 炮塔,英语专业四八级词汇表
turtle,ˈtɜːtl,n.,海龟，甲鱼,英语专业四八级词汇表
turtleneck,ˈtɜːtlnek,n.,高而紧的(但不翻转的)领口，有这种领口的衣服(尤指毛衣),英语专业四八级词汇表
tutelage,ˈtjuːtɪlɪdʒ,n.,1. 保护，监护，守护 2. 指导，教导,英语专业四八级词汇表
tutor,ˈtjuːtə,n.,家庭教师，私人教师,英语专业四八级词汇表
tutorial,tjuːˈtɔːrɪəl,adj.,导师的，家庭教师的 n.,英语专业四八级词汇表
tutorial,tjuːˈtɔːrɪəl,,(大学教师的)辅导课，辅导时间,英语专业四八级词汇表
tweed,twiːd,n.,1. 粗花呢 2.,英语专业四八级词汇表
tweed,twiːd,,(pl)花呢服装,英语专业四八级词汇表
twelfth,twelfθ,n.,&adj. 第十二(的)，十二分之一(的),英语专业四八级词汇表
twelve,twelv,n.,&adj. 十二(的)，十二个(的),英语专业四八级词汇表
twentieth,ˈtwentɪəθ,n.,&adj. 第二十(的)，二十分之一(的),英语专业四八级词汇表
twenty,ˈtwentɪ,n.,&adj. 二十(的)，二十个(的),英语专业四八级词汇表
twice,twaɪs,adv.,两次，两倍,英语专业四八级词汇表
twig,twɪɡ,n.,嫩枝，细枝,英语专业四八级词汇表
twilight,ˈtwaɪlaɪt,,n.,英语专业四八级词汇表
twilight,ˈtwaɪlaɪt,,(日出前或日落后的)微明，曙光，薄暮,英语专业四八级词汇表
twin,twɪn,n.,双胞胎之一 adj. 孪生的，双胞胎的,英语专业四八级词汇表
twinkle,ˈtwɪŋkl,v.,1. 闪烁，闪耀 2.,英语专业四八级词汇表
twinkle,ˈtwɪŋkl,,(指眼睛)闪亮，(指眼  睑)闪动，眨眼 n. 1. 闪烁，闪光 2. 闪亮，闪动，急动,英语专业四八级词汇表
twirl,twɜːl,v.,1.,英语专业四八级词汇表
twirl,twɜːl,,(使)转动 2.,英语专业四八级词汇表
twirl,twɜːl,,(使)盘绕 3. 快速转动，旋转 n. 旋转，急转,英语专业四八级词汇表
twist,twɪst,v.,1. 搓，捻，绞 2. 转动，拧，扭 3. 曲解 4. 盘旋，迂回 n. 1. 搓，捻，绞 2. 弯曲，曲折,英语专业四八级词汇表
twitch,twɪtʃ,n.,& v. 痉挛，抽搐,英语专业四八级词汇表
two,tuː,n.,& adj. 二(的)，二个(的),英语专业四八级词汇表
type,taɪp,n.,1. 典型，模范 2. 样式，类型 3. 活字，铅字 || a type of一种 v. 打字,英语专业四八级词汇表
typewriter,ˈtaɪpˌraɪtə,n.,打字机,英语专业四八级词汇表
typhoon,taɪˈfuːn,n.,台风,英语专业四八级词汇表
typical,ˈtɪpɪkəl,adj.,典型的，象征性的,英语专业四八级词汇表
typist,ˈtaɪpɪst,n.,打字员,英语专业四八级词汇表
typographical,ˌtaɪpəˈɡræfɪkəl,adj.,印刷上的,英语专业四八级词汇表
typography,taɪˈpɒɡrəfɪ,n.,活版印刷，排字及印刷,英语专业四八级词汇表
tyrannical,tɪˈrænɪkəl,,adj.,英语专业四八级词汇表
tyrannical,tɪˈrænɪkəl,,(似)暴君的，专制的，暴虐的,英语专业四八级词汇表
tyrannize,ˈtɪrənaɪz,v.,施行暴政，虐待,英语专业四八级词汇表
tyranny,ˈtɪrənɪ,n.,1. 暴政，专制，暴虐行为 2. 专横,英语专业四八级词汇表
tyrant,ˈtaɪərənt,n.,1. 专制统治者，暴君，恶霸 2. 专横的掌权者,英语专业四八级词汇表
"tyre, tire",ˈtaɪə,n.,轮胎，车胎,英语专业四八级词汇表
ubiquitous,juːˈbɪkwɪtəs,adj.,普遍存在的，无处不有的,英语专业四八级词汇表
UFO,ˌjuː ef ˈəʊ,,(abbre for Unidentified Flying Object) n. 不明飞行物，飞碟,英语专业四八级词汇表
ugly,ˈʌɡlɪ,adj.,1. 丑陋的 2. 可怕的，可怖的;3. 讨厌的，令人不愉快的 4. 丑恶的，邪恶的 5. 阴沉的，不祥的,英语专业四八级词汇表
ulcer,ˈʌlsə,n.,溃疡,英语专业四八级词汇表
ulterior,ʌlˈtɪərɪə,adj.,1. 隐秘的 2. 别有用心的,英语专业四八级词汇表
ultimate,ˈʌltɪmət,adj.,1. 最后的，最终的 2. 极点的，绝顶的 3. 基本的，首要的,英语专业四八级词汇表
ultimatum,ˌʌltɪˈmeɪtəm,,(pl ultimatums) n. 最后通牒,英语专业四八级词汇表
ultrasonic,ˌʌltrəˈsɒnɪk,adj.,超声(波)的,英语专业四八级词汇表
ultrasound,ˈʌltrəsaʊnd,n.,超声(波),英语专业四八级词汇表
ultraviolet,ˌʌltrəˈvaɪələt,adj.,1. 紫外的 2. 紫外线的,英语专业四八级词汇表
umbrella,ʌmˈbrelə,n.,伞,英语专业四八级词汇表
umpire,ˈʌmpaɪə,,n.,英语专业四八级词汇表
umpire,ˈʌmpaɪə,,(棒球、网球等的)裁判 v. 当…的裁判，当裁判员,英语专业四八级词汇表
unabashed,ˌʌnəˈbæʃt,adj.,不害羞的，不怕难为情的,英语专业四八级词汇表
unabated,ˌʌnəˈbeɪtɪd,adj.,并未消减的,英语专业四八级词汇表
unable,ʌnˈeɪbl,adj.,无法的，不能的,英语专业四八级词汇表
unacceptable,ˌʌnəkˈseptəbl,adj.,不能接受的，不能赞同的，不能原谅的,英语专业四八级词汇表
unaccountable,ˌʌnəˈkaʊntəbl,adj.,1. 无法解释的，难以说明的 2.,英语专业四八级词汇表
unaccountable,ˌʌnəˈkaʊntəbl,,(对自己的行为等)不必负责任的,英语专业四八级词汇表
unaffected,ˌʌnəˈfektɪd,adj.,1. 无变化的，不受影响的 2. 不矫揉造作的，真挚的,英语专业四八级词汇表
unanimous,juːˈnænɪməs,adj.,一致同意的，一致通过的,英语专业四八级词汇表
unashamed,ˌʌnəˈʃeɪmd,adj.,无羞耻心的，不觉难堪的,英语专业四八级词汇表
unaware,ˌʌnəˈweə,adj.,不知道，未察觉,英语专业四八级词汇表
unawares,ˌʌnəˈweəz,adv.,吃惊地，未料到地,英语专业四八级词汇表
unbearable,ʌnˈbeərəbl,adj.,难以忍受的，不能容忍的，承受不住的,英语专业四八级词汇表
unbecoming,ˌʌnbɪˈkʌmɪŋ,adj.,1. 不适合穿用的，不合适的 2. 不适当的，不得体的,英语专业四八级词汇表
unbelievable,ˌʌnbɪˈliːvəbl,adj.,不可信的，难以置信的，惊人的,英语专业四八级词汇表
uncanny,ʌnˈkænɪ,adj.,异乎寻常的，出乎意料的,英语专业四八级词汇表
unceremonious,ˌʌnˌserɪˈməʊnɪəs,adj.,无正规形式的，不拘礼节的,英语专业四八级词汇表
uncertain,ʌnˈsɜːtən,adj.,1. 无把握 2. 不可信赖的 3. 可能变化的 4. 犹豫的，迟疑不决的,英语专业四八级词汇表
uncharitable,ˌʌnˈtʃærɪtəbl,adj.,无慈悲心的，严厉的，苛刻的,英语专业四八级词汇表
uncle,ˈʌŋkl,n.,伯父，叔父，舅父,英语专业四八级词汇表
uncomfortable,ʌnˈkʌmfətəbl,adj.,1. 不舒服的 2. 不自在的,英语专业四八级词汇表
uncompromising,ʌnˈkɒmprəmaɪzɪŋ,adj.,不妥协的，坚定的，不让步的,英语专业四八级词汇表
unconcern,ˌʌnkənˈsɜːn,n.,不关心，冷漠,英语专业四八级词汇表
unconditional,ˌʌnkənˈdɪʃənəl,adj.,无条件的，绝对的,英语专业四八级词汇表
unconscious,ʌnˈkɒnʃəs,adj.,1. 失去知觉的 2. 无意地说出或做出的,英语专业四八级词汇表
uncooperative,ˌʌnkəʊˈɒpərətɪv,adj.,不愿合作的,英语专业四八级词汇表
uncouth,ʌnˈkuːθ,adj.,粗野的，无教养的,英语专业四八级词汇表
uncover,ʌnˈkʌvə,v.,1. 移去(某物)的遮盖物，揭开(某物)的盖子 2. 揭露，发现,英语专业四八级词汇表
under,ˈʌndə,prep.,1. 在…之下，在…下面 2. 少于，低于 3. 在…统治之下 4. 处于…状态之下 5. 在…(负荷、条件等之下)，因为 6. 在…中,英语专业四八级词汇表
underachieve,ˌʌndərəˈtʃiːv,v.,成绩不理想,英语专业四八级词汇表
underbrush,ˈʌndəbrʌʃ,n.,灌木丛=(AmE) undergrowth,英语专业四八级词汇表
undercharge,ˌʌndəˈtʃɑːdʒ,v.,向(某人)少要价钱,英语专业四八级词汇表
underclass,ˈʌndəklɑːs,n.,1. 下层社会 2.,英语专业四八级词汇表
underclass,ˈʌndəklɑːs,,(AmE)(大学或中学的)低年级 adj.,英语专业四八级词汇表
underclass,ˈʌndəklɑːs,,(AmE)(大学或中学的)低年级的,英语专业四八级词汇表
undercut,ˈʌndəkʌt,v.,削价(与竞争者)抢生意，减价竞争,英语专业四八级词汇表
underdeveloped,ˌʌndədɪˈveləpt,,adj.,英语专业四八级词汇表
underdeveloped,ˌʌndədɪˈveləpt,,(国家等)经济不发达的,英语专业四八级词汇表
underdog,ˈʌndədɒɡ,n.,受欺压者，处于劣势的一方,英语专业四八级词汇表
underdone,ˌʌndəˈdʌn,,adj.,英语专业四八级词汇表
underdone,ˌʌndəˈdʌn,,(指烹饪)未熟透的,英语专业四八级词汇表
underestimate,ˌʌndərˈestɪmeɪt,v.,低估，看轻,英语专业四八级词汇表
undergo,ˌʌndəˈɡəʊ,v.,经历，经受,英语专业四八级词汇表
undergraduate,ˌʌndəˈɡrædʒʊət,n.,大学本科生，大学 adj. 大学本科生的,英语专业四八级词汇表
underground,ˌʌndəˈɡraʊnd,adj.,1. 地下的，地面下的 2. 秘密的，不公开的 n.,英语专业四八级词汇表
underground,ˌʌndəˈɡraʊnd,,(BrE)地铁=(AmE) subway adv. 1. 在地下 2. 秘密地，隐蔽地,英语专业四八级词汇表
undergrowth,ˈʌndəɡrəʊθ,n.,灌木丛(指大树下的),英语专业四八级词汇表
underhand,ˌʌndəˈhænd,adj.,暗中或秘密进行的，诡诈的,英语专业四八级词汇表
underlie,ˌʌndəˈlaɪ,v.,构成…的基础,英语专业四八级词汇表
underline,ˌʌndəˈlaɪn,v.,1. 在…下面划线 2. 强调，加强,英语专业四八级词汇表
underling,ˈʌndəlɪŋ,n.,职位低的人，下属,英语专业四八级词汇表
undermine,ˌʌndəˈmaɪn,v.,1. 损毁…的地基 2. 削弱 3. 逐渐摧毁,英语专业四八级词汇表
underneath,ˌʌndəˈniːθ,prep.,在…下面，在…底下 adv. 在下面，在底下,英语专业四八级词汇表
underpass,ˈʌndəpɑːs,n.,1.,英语专业四八级词汇表
underpass,ˈʌndəpɑːs,,(高架桥下的)通道或路段 2. 地下通道,英语专业四八级词汇表
underprivileged,ˌʌndəˈprɪvəlɪdʒd,adj.,生活水平或享有的权利比别人低的，贫困的,英语专业四八级词汇表
undersell,ˌʌndəˈsel,v.,以低于(竞争者)的价格出售(货物),英语专业四八级词汇表
underside,ˈʌndəsaɪd,n.,下侧，下部表面，底面，底部,英语专业四八级词汇表
understand,ˌʌndəˈstænd,v.,1. 理解，懂得 2. 了解，意识到 3. 获悉，听说 4. 省略 || make oneself understood使别人理解自己的意思,英语专业四八级词汇表
understandable,ˌʌndəˈstændəbl,adj.,能懂的，可理解的，可同情的,英语专业四八级词汇表
understanding,ˌʌndəˈstændɪŋ,n.,1. 理解，领会，认识 2. 理解力，判断力 3. 谅解，协定 4. 相互理解，同情，融洽 adj. 1. 有理解力的，有洞察力的 2. 能谅解的，宽容的,英语专业四八级词汇表
understate,ˌʌndəˈsteɪt,v.,1. 很有节制地陈述或表达(某事物) 2. 少说，少报(某数目等),英语专业四八级词汇表
understudy,ˈʌndəstʌdɪ,n.,替补演员，替手 v. 充当…的替补演员，当(某人)的替手,英语专业四八级词汇表
undertake,ˌʌndəˈteɪk,v.,1. 试图，企图 2. 着手做，从事 3. 承担;接受 4. 同意;保证,英语专业四八级词汇表
undertaker,ˈʌndəˌteɪkə,n.,殡葬业人员,英语专业四八级词汇表
underwater,ˌʌndəˈwɔːtə,adj.,1. 水面下面的 2. 水下使用的，水下行动的,英语专业四八级词汇表
underwear,ˈʌndəweə,n.,衬衣，内衣,英语专业四八级词汇表
underworld,ˈʌndəwɜːld,n.,下流社会，黑社会,英语专业四八级词汇表
underwrite,ˌʌndəˈraɪt,v.,1. 在(保险单，或船舶保险单)下方签署并承担损失或损坏之责  2.,英语专业四八级词汇表
underwrite,ˌʌndəˈraɪt,,(按商定的价格)认购(某公司)的全部剩余证券，包销(证券) 3. 同意资助(某事业),英语专业四八级词汇表
undesirable,ˌʌndɪˈzaɪərəbl,adj.,1. 可能招致麻烦或不便的，不想要的 2.,英语专业四八级词汇表
undesirable,ˌʌndɪˈzaɪərəbl,,(指人、人的习惯等)不受大家欢迎的，令人不快的，讨厌的,英语专业四八级词汇表
undignified,ʌnˈdɪɡnɪfaɪd,adj.,不庄重的，不像样子的,英语专业四八级词汇表
undo,ʌnˈduː,v.,1. 解开，打开，使松开 2. 取消，消除,英语专业四八级词汇表
undoubted,ʌnˈdaʊtɪd,adj.,无疑的，肯定的，毋庸置疑的,英语专业四八级词汇表
undreamed-of,ʌnˈdriːmd ɒv,adj.,梦想不到的，难以想像的,英语专业四八级词汇表
undue,ˌʌnˈdjuː,adj.,过分的，不当的,英语专业四八级词汇表
undulate,ˈʌndjʊleɪt,v.,波动，起伏,英语专业四八级词汇表
unduly,ʌnˈdjuːlɪ,adv.,过分地，不当地,英语专业四八级词汇表
unearth,ʌnˈɜːθ,v.,1. 发掘，挖出 2. 搜寻到 3. 发现并披露,英语专业四八级词汇表
uneasiness,ʌnˈiːzɪnəs,adj.,心神不安，担心，忧虑,英语专业四八级词汇表
uneasy,ʌnˈiːzɪ,adj.,1. 不安的，担心的 2. 不舒服的，拘束的,英语专业四八级词汇表
uneatable,ˌʌnˈiːtəbl,adj.,不适于食用的,英语专业四八级词汇表
uneconomic,ˌʌnˌiːkəˈnɒmɪk,adj.,不大可能盈利的，不经济的,英语专业四八级词汇表
uneducated,ʌnˈedʒʊkeɪtɪd,adj.,未受良好教育的，缺乏修养的,英语专业四八级词汇表
unemployed,ˌʌnɪmˈplɔɪd,adj.,失业的,英语专业四八级词汇表
unemployment,ˌʌnɪmˈplɔɪmənt,n.,1. 失业 2. 失业人数,英语专业四八级词汇表
unequivocal,ˌʌnɪˈkwɪvəkl,adj.,清楚明白的,英语专业四八级词汇表
unethical,ˌʌnˈeθɪkl,adj.,无原则的,英语专业四八级词汇表
uneven,ˌʌnˈiːvn,adj.,1. 不平坦的 2. 不平衡的，不均等的,英语专业四八级词汇表
unexpected,ˌʌnɪkˈspektɪd,adj.,没有料到的，想不到的，突如其来的,英语专业四八级词汇表
unfailing,ʌnˈfeɪlɪŋ,adj.,1. 无穷无尽的，永恒的 2. 可靠的，确实的,英语专业四八级词汇表
unfair,ˌʌnˈfeə,adj.,1. 不公正的，不公平的 2. 违反规则或准则的,英语专业四八级词汇表
unfaithful,ˌʌnˈfeɪθfʊl,adj.,1. 有通奸行为的，不忠的 2. 不忠实的，背叛的,英语专业四八级词汇表
unfamiliar,ˌʌnfəˈmɪlɪə,adj.,不熟悉的,英语专业四八级词汇表
unfathomable,ʌnˈfæðəməbl,adj.,1. 深得无法到达底部的 2. 神秘莫测的，不可解的,英语专业四八级词汇表
unfold,ʌnˈfəʊld,v.,1. 展开，打开，摊开 2. 展现，披露，挑明,英语专业四八级词汇表
unforeseen,ˌʌnfɔːˈsiːn,adj.,未预见到的，意料之外的,英语专业四八级词汇表
unforgettable,ˌʌnfəˈɡetəbl,adj.,难忘的，永远记得的,英语专业四八级词汇表
unfortunate,ʌnˈfɔːtʃənət,adj.,1. 不幸的，倒霉的，时运不济的 2. 不成功的 3. 不吉利的,英语专业四八级词汇表
ungainly,ʌnˈɡeɪnlɪ,adj.,难看的，不雅的,英语专业四八级词汇表
ungodly,ˌʌnˈɡɒdlɪ,adj.,1. 不敬神的，邪恶的 2.,英语专业四八级词汇表
ungodly,ˌʌnˈɡɒdlɪ,,(时间)不合时宜的，非常不方便的,英语专业四八级词汇表
ungracious,ˌʌnˈɡreɪʃəs,adj.,1. 勉强的 2. 不礼貌的,英语专业四八级词汇表
ungrateful,ʌnˈɡreɪtfʊl,adj.,不感激的，忘恩负义的,英语专业四八级词汇表
unhappy,ʌnˈhæpɪ,adj.,悲伤的，难过的，不幸福的，不高兴的,英语专业四八级词汇表
unhealthy,ʌnˈhelθɪ,adj.,1. 不健康的 2. 有害于健康的，不卫生的 3. 有害身心健康的，病态的,英语专业四八级词汇表
unheard-of,ˌʌnˈhɜːd ɒv,adj.,前所未闻的，空前的,英语专业四八级词汇表
unicorn,ˈjuːnɪkɔːn,n.,独角兽,英语专业四八级词汇表
uniform,ˈjuːnɪfɔːm,n.,制服，军服 adj. 1. 始终如一的，一贯的 2. 完全相同的，清一色的,英语专业四八级词汇表
unify,ˈjuːnɪfaɪ,v.,使(某物)成一体，使统一,英语专业四八级词汇表
unilateral,ˌjuːnɪˈlætrəl,adj.,单方面的，单边的,英语专业四八级词汇表
uninformed,ˌʌnɪnˈfɔːmd,adj.,1. 信息不足的，情况不明的 2. 未受教育的，无知的,英语专业四八级词汇表
unintelligible,ˌʌnɪnˈtelɪdʒəbl,adj.,不可能理解的，难懂的,英语专业四八级词汇表
union,ˈjuːnɪən,n.,1. 联邦，联盟 2. 联合，合并 3. 团结，一致，融洽 4. 协会，联合会，工会,英语专业四八级词汇表
unique,juːˈniːk,adj.,1. 独特的，无可匹敌的 2. 惟一的，(书籍)孤本的 3. 稀罕的，不寻常的,英语专业四八级词汇表
unisex,ˈjuːnɪseks,adj.,不分男女的，男女皆宜的,英语专业四八级词汇表
unison,ˈjuːnɪzn,n.,1. 齐唱，齐奏 2. 一致的或协调的行动,英语专业四八级词汇表
unit,ˈjuːnɪt,n.,1. 单位 2.,英语专业四八级词汇表
unit,ˈjuːnɪt,,(计量或计数的)单位，单元 3. 小队，部队 4. 元件，设备,英语专业四八级词汇表
unite,juːˈnaɪt,v.,1. 使粘合，使混合 2. 使联合，使统一,英语专业四八级词汇表
united,juːˈnaɪtɪd,adj.,1. 和睦的 2. 团结的，联合的 3.,英语专业四八级词汇表
united,juːˈnaɪtɪd,,(政治上)统一的，结盟的,英语专业四八级词汇表
unity,ˈjuːnətɪ,n.,1. 单一，J准一，统一，一体 2. 统一的事物，统一体，整体 3.,英语专业四八级词汇表
unity,ˈjuːnətɪ,,(目标、思想、情感等)和谐，协调，和睦，团结，一致,英语专业四八级词汇表
universal,ˌjuːnɪˈvɜːsl,adj.,1. 全体的，普遍的 2. 宇宙的，全世界的 3. 万能的，通用的,英语专业四八级词汇表
universe,ˈjuːnɪvɜːs,n.,1. 宇宙，天地万物 2. 星河，银河系,英语专业四八级词汇表
university,ˌjuːnɪˈvɜːsətɪ,,n.,英语专业四八级词汇表
university,ˌjuːnɪˈvɜːsətɪ,,(综合性)大学,英语专业四八级词汇表
unjust,ˌʌnˈdʒʌst,adj.,非正义的，不公平的,英语专业四八级词汇表
unkempt,ˌʌnˈkempt,adj.,不整洁的，(头发)蓬乱的,英语专业四八级词汇表
unkind,ˌʌnˈkaɪnd,adj.,不亲切的，不和蔼的，残忍的，苛刻的,英语专业四八级词汇表
unknown,ˌʌnˈnəʊn,adj.,1. 未知的，不详的 2. 无名的，陌生的,英语专业四八级词汇表
unlawful,ˌʌnˈlɔːfʊl,adj.,1. 不法的，违法的 2. 不正当的，不道德的,英语专业四八级词汇表
unleash,ʌnˈliːʃ,v.,把(情绪、力量等)宣泄出来，释放 || unleash sth(against [on] upon sb /,英语专业四八级词汇表
unleash,ʌnˈliːʃ,,sth)宣泄，释放,英语专业四八级词汇表
unless,ənˈles,conj.,如果不，除非,英语专业四八级词汇表
unlike,ʌnˈlaɪk,adj.,不相似的，不同的 prep. 不像…，和…不同,英语专业四八级词汇表
unlikely,ˌʌnˈlaɪklɪ,adj.,不大可能发生的，未必会发生的，未必会成功的,英语专业四八级词汇表
unlisted,ˌʌnˈlɪstɪd,adj.,1.,英语专业四八级词汇表
unlisted,ˌʌnˈlɪstɪd,,(证券)未上市的，(证券价格)未列表公布的 2. 未列入电话簿的,英语专业四八级词汇表
unlimited,ˌʌnˈlɪmɪtɪd,adj.,无限的，(数或量)极大的,英语专业四八级词汇表
unload,ˌʌnˈləʊd,v.,从(某物)上卸下货物,英语专业四八级词汇表
unlock,ˌʌnˈlɒk,v.,开锁,英语专业四八级词汇表
unnatural,ʌnˈnætʃrəl,adj.,1. 不自然的，反常的 2. 虚假的，做作的，勉强的,英语专业四八级词汇表
unnecessary,ʌnˈnesəsrɪ,adj.,不需要的,英语专业四八级词汇表
unnerve,ˌʌnˈnɜːv,v.,使(某人)失去自制力、信心或勇气,英语专业四八级词汇表
unobtrusive,ˌʌnəbˈtruːsɪv,adj.,不太显著的，不招摇的，谨慎的,英语专业四八级词汇表
unoccupied,ˌʌnˈɒkjʊpaɪd,adj.,1. 未被占用的，无人住的 2.,英语专业四八级词汇表
unoccupied,ˌʌnˈɒkjʊpaɪd,,(指地区或国家)未沦陷的,英语专业四八级词汇表
unofficial,ˌʌnəˈfɪʃl,adj.,非官方的，非正式的,英语专业四八级词汇表
unorthodox,ˌʌnˈɔːθədɒks,adj.,非正统的，非正规的,英语专业四八级词汇表
unpack,ˌʌnˈpæk,v.,打开(包装)取出某物,英语专业四八级词汇表
unpalatable,ʌnˈpælətəbl,adj.,1. 不好吃的，不可口的 2. 使人不快的 3. 无法认同的,英语专业四八级词汇表
unparalleled,ʌnˈpærəleld,adj.,无比的，无双的,英语专业四八级词汇表
unpleasant,ʌnˈpleznt,adj.,使人不愉快的，不合意的,英语专业四八级词汇表
unplug,ˌʌnˈplʌɡ,v.,1. 拔出(电器)的电源插头 2. 除去(某物)的障碍物,英语专业四八级词汇表
unpopular,ˌʌnˈpɒpjʊlə,adj.,不得人心的，不受欢迎的,英语专业四八级词汇表
unprecedented,ʌnˈpresɪdentɪd,adj.,无前例的，空前的,英语专业四八级词汇表
unpredictable,ˌʌnprɪˈdɪktəbl,adj.,无法预料的，易变的，不稳定的,英语专业四八级词汇表
unprejudiced,ˌʌnˈpredʒʊdɪst,adj.,无偏见的，公正的,英语专业四八级词汇表
unpretentious,ˌʌnprɪˈtenʃəs,adj.,不炫耀的，谦逊的,英语专业四八级词汇表
unprincipled,ʌnˈprɪnsəpld,adj.,不道德的，肆无忌惮的，无原则的,英语专业四八级词汇表
unprofessional,ˌʌnprəˈfeʃənl,adj.,1.,英语专业四八级词汇表
unprofessional,ˌʌnprəˈfeʃənl,,(尤指行为)违反职业准则的 2.,英语专业四八级词汇表
unprofessional,ˌʌnprəˈfeʃənl,,(指一件工作等)未按专业水平做的,英语专业四八级词汇表
unqualified,ʌnˈkwɒlɪfaɪd,adj.,无资格的，不合格的,英语专业四八级词汇表
unquestionable,ʌnˈkwestʃənəbl,adj.,无疑的，确实的,英语专业四八级词汇表
unquestioning,ʌnˈkwestʃənɪŋ,adj.,不提出疑问的，无异议的,英语专业四八级词汇表
unravel,ʌnˈrævl,v.,1. 解开(线团)，拆开(布等) 2. 解决，澄清,英语专业四八级词汇表
unreal,ˌʌnˈrɪəl,,adj.,英语专业四八级词汇表
unreal,ˌʌnˈrɪəl,,(指经历)不真实的，想象的,英语专业四八级词汇表
unreasonable,ʌnˈriːznəbl,adj.,1.,英语专业四八级词汇表
unreasonable,ʌnˈriːznəbl,,(指人)不讲道理的 2. 不合理的，过分的,英语专业四八级词汇表
unrelenting,ˌʌnrɪˈlentɪŋ,adj.,1.,英语专业四八级词汇表
unrelenting,ˌʌnrɪˈlentɪŋ,,(强度等)未降低的，持续的 2.,英语专业四八级词汇表
unrelenting,ˌʌnrɪˈlentɪŋ,,(指人)冷酷的，不愿宽容的,英语专业四八级词汇表
unremitting,ˌʌnrɪˈmɪtɪŋ,adj.,不间断的，坚持不懈的,英语专业四八级词汇表
unrest,ˌʌnˈrest,n.,不安，动乱,英语专业四八级词汇表
unruly,ʌnˈruːlɪ,adj.,不守规矩的,英语专业四八级词汇表
unscrew,ˌʌnˈskruː,v.,旋松(螺丝、螺母等),英语专业四八级词汇表
unseemly,ʌnˈsiːmlɪ,adj.,不适宜的，不得体的,英语专业四八级词汇表
unsettle,ˌʌnˈsetl,v.,使人不安，扰乱,英语专业四八级词汇表
unsettled,ʌnˈsetld,adj.,不稳定的，不安宁的,英语专业四八级词汇表
unsightly,ʌnˈsaɪtlɪ,adj.,难看的，丑陋的,英语专业四八级词汇表
unskilled,ˌʌnˈskɪld,adj.,无特殊技能的,英语专业四八级词汇表
unsociable,ʌnˈsəʊʃəbl,adj.,不好交际的，不合群的,英语专业四八级词汇表
unsuspecting,ˌʌnsəˈspektɪŋ,adj.,无猜疑的，可信任的,英语专业四八级词汇表
unswerving,ʌnˈswɜːvɪŋ,adj.,坚定的，不改变的,英语专业四八级词汇表
untenable,ˌʌnˈtenəbl,,adj.,英语专业四八级词汇表
untenable,ˌʌnˈtenəbl,,(指理论等)站不住脚的，不堪一击的,英语专业四八级词汇表
untidy,ʌnˈtaɪdɪ,adj.,不整齐的，凌乱的,英语专业四八级词汇表
untie,ʌnˈtaɪ,v.,解开，松开,英语专业四八级词汇表
until,ənˈtɪl,prep.,&conj. 1. 到…时候;到…为止 2. 直到…才 || it was not until…that…直到…才,英语专业四八级词汇表
untimely,ʌnˈtaɪmlɪ,adj.,1. 不适时的，不合时宜的 2. 过早的,英语专业四八级词汇表
untiring,ʌnˈtaɪərɪŋ,adj.,不知疲倦的，坚持不懈的,英语专业四八级词汇表
untold,ˌʌnˈtəʊld,adj.,1. 未说过的，未透露的 2. 无数的，无限的,英语专业四八级词汇表
untouchable,ʌnˈtʌtʃəbl,,adj.,英语专业四八级词汇表
untouchable,ʌnˈtʌtʃəbl,,(印度的)不可接触的，不可接触者(种姓制度中最底层的人)n. 不可接触者，(种姓制度中最底层的人)，贱民,英语专业四八级词汇表
untruth,ˌʌnˈtruːθ,n.,1. 假话 2. 虚假,英语专业四八级词汇表
unusual,ʌnˈjuːʒʊəl,adj.,1. 不平常的，少有的 2. 与众不同的，独特的,英语专业四八级词汇表
unveil,ˌʌnˈveɪl,v.,1. 除去…的面纱(盖布)等，揭开 2. 为…揭幕,英语专业四八级词汇表
unwieldy,ʌnˈwiːldɪ,adj.,笨拙的，不灵便的,英语专业四八级词汇表
unwilling,ʌnˈwɪlɪŋ,adj.,不愿意的，不情愿的,英语专业四八级词汇表
unwind,ˌʌnˈwaɪnd,v.,1.,英语专业四八级词汇表
unwind,ˌʌnˈwaɪnd,,(使某物)从卷状或团状等展开，解开(卷绕之物) 2.,英语专业四八级词汇表
unwind,ˌʌnˈwaɪnd,,(工作或紧张后)放松，松弛,英语专业四八级词汇表
unwise,ˌʌnˈwaɪz,adj.,不明智的，愚蠢的,英语专业四八级词汇表
unwitting,ʌnˈwɪtɪŋ,adj.,不知情的，无意的,英语专业四八级词汇表
unworldly,ˌʌnˈwɜːldlɪ,adj.,非世俗的，超凡的,英语专业四八级词汇表
up,ʌp,adv.,1. 向上，向楼上，向顶部 2. 向(或处于)直立姿势，起来 3. 在上面，在高处，在楼上 4. 彻底地，完全地 || up and down上上下下，来来去去 [up to . .. 一直到…，至多…] be up to①够…，合格做…，有资格做…②该由…负责，在于…，取决于(某人) prep. 1. 往(或在卜二的上端，向(或在) …的较高处 2. 沿…而去,英语专业四八级词汇表
upbringing,ˈʌpbrɪŋɪŋ,n.,养育，抚育,英语专业四八级词汇表
upcoming,ˈʌpˌkʌmɪŋ,adj.,即将来临的,英语专业四八级词汇表
update,ˌʌpˈdeɪt,v.,更新，使现代化  || update sb (on sth)向…提供最新信息 n. 更新，提供最新信息,英语专业四八级词汇表
upfront,ˌʌpˈfrʌnt,adj.,直率的，直截了当的,英语专业四八级词汇表
upgrade,ˌʌpˈɡreɪd,v.,提高某人(某事物)的级别或等级，提高…档次 || upgrade sb (sth) to sb (sth)提升,英语专业四八级词汇表
upheaval,ʌpˈhiːvl,n.,剧变，动乱,英语专业四八级词汇表
uphold,ˌʌpˈhəʊd,v.,1. 举起 2. 支持,英语专业四八级词汇表
upholster,ˌʌpˈhəʊlstə,v.,给(沙发等)装上垫子、弹簧、布面等,英语专业四八级词汇表
upkeep,ʌpkiːp,n.,保养(费)，维修(费),英语专业四八级词汇表
uplift,ˌʌpˈlɪft,v.,激励，(在道德方面)使高尚 n.,英语专业四八级词汇表
uplift,ˌʌpˈlɪft,,(精神、道德或情绪方面的)振奋，提高,英语专业四八级词汇表
upmarket,ˌʌpˈmɑːkɪt,,adj.,英语专业四八级词汇表
upmarket,ˌʌpˈmɑːkɪt,,(BrE)优质价高的，高档的,英语专业四八级词汇表
upon,əˈpɒn,prep.,在…之上,英语专业四八级词汇表
upper,ˈʌpə,adj.,上(面)的，上首的，(河的)上流的,英语专业四八级词汇表
upright,ˈʌpraɪt,adj.,1. 直立的，垂直的 2. 正直的，诚实的,英语专业四八级词汇表
uprising,ˈʌpraɪzɪŋ,n.,起义，暴动,英语专业四八级词汇表
uproar,ˈʌprɔː,n.,1. 骚乱，骚动 2. 吵闹，喧嚣,英语专业四八级词汇表
uproot,ˌʌpˈruːt,v.,将(植物)连根拔起 || uproot oneself /sb (from sth)迫使某人(自己)离开出生地或定居处,英语专业四八级词汇表
upset,ˌʌpˈset,v.,1. 使人心烦意乱 2. 使(肠胃)不适 3. 弄翻，打翻 4. 打乱，搅乱 n. 1. 翻倒，颠覆 2. 混乱，搅乱 3. 心烦意乱,英语专业四八级词汇表
upside,ˈʌpsaɪd,n.,上侧，上面，上部 || turn (sth) upside down颠倒，翻过来 /upside down上下颠倒,英语专业四八级词汇表
upstairs,ˌʌpˈsteəz,adv.,往楼上，在楼上 adj. 在楼上的,英语专业四八级词汇表
upstart,ˈʌpstɑːt,n.,暴发户,英语专业四八级词汇表
upstream,ˌʌpˈstriːm,adv.,& adj. 向上游(的)，逆流(的),英语专业四八级词汇表
upsurge,ˈʌpsɜːdʒ,n.,1. 急剧增长 2. 突发,英语专业四八级词汇表
up-to-date,ˌʌp tə ˈdeɪt,adj.,1. 直至目前的，包含最新信息的 2. 现代化的 3. 跟上时代的，新式的,英语专业四八级词汇表
uptown,ˌʌpˈtaʊn,adv.,&adj.,英语专业四八级词汇表
uptown,ˌʌpˈtaʊn,,(AmE)朝(向、在)城镇住宅区(的),英语专业四八级词汇表
upward(s),ˈʌpwəd(z),adj.,向上的，上升的 adv. 以上，超过,英语专业四八级词汇表
uranium,jʊəˈreɪnɪəm,n.,铀,英语专业四八级词汇表
urban,ˈɜːbən,adj.,城市的，都市的,英语专业四八级词汇表
urge,ɜːdʒ,v.,催促，力劝，激励 n. 1. 驱策力，推动力 2. 强烈的欲望，迫切的要求,英语专业四八级词汇表
urgent,ˈɜːdʒənt,adj.,1. 急迫的，紧要的 2. 催逼的，坚持要求的,英语专业四八级词汇表
urinate,ˈjʊərɪneɪt,v.,排尿，撒尿,英语专业四八级词汇表
urine,ˈjʊərɪn,n.,尿,英语专业四八级词汇表
us,ʌs,prop.,我们(宾格),英语专业四八级词汇表
usage,ˈjuːsɪdʒ,n.,1. 使用，用法 2. 习惯，习俗 3. 惯用法，习语,英语专业四八级词汇表
use,juːz,v.,1. 使用，运用 2. 消耗，耗费 [juːs] n. 1. 使用，运用 2. 使用价值，效用 || be in use使用之中 /be of great use很有用/,英语专业四八级词汇表
use,juːz,out,of use不再使用 /,英语专业四八级词汇表
use,juːz,make,use of sth (sb)利用/,英语专业四八级词汇表
use,juːz,put,(sth) to use运用,英语专业四八级词汇表
used,juːst,,adj.,英语专业四八级词汇表
used,juːst,,(指衣服、汽车等)用旧了的，使用过的，二手的,英语专业四八级词汇表
useful,ˈjuːsfʊl,adj.,1. 有用的，实用的 2. 有益的,英语专业四八级词汇表
useless,ˈjuːslɪs,adj.,无用的，无效的，无价值的,英语专业四八级词汇表
user,ˈjuːzə,n.,使用者，用户,英语专业四八级词汇表
usher,ˈʌʃə,n.,领座员，迎宾员 v. 引导，引(进),英语专业四八级词汇表
usual,ˈjuːʒʊəl,adj.,通常的，惯常的 || as usual像平常一样，照例,英语专业四八级词汇表
usually,ˈjuːʒʊəlɪ,adv.,平常，通常,英语专业四八级词汇表
usurer,ˈjuːʒərə,n.,放高利贷者,英语专业四八级词汇表
usurp,juːˈzɜːp,v.,篡夺(权力或地位),英语专业四八级词汇表
utensil,juːˈtensl,n.,器皿，用具,英语专业四八级词汇表
utilitarian,ˌjuːtɪlɪˈteərɪən,adj.,实用的，功利的,英语专业四八级词汇表
utility,juːˈtɪlətɪ,n.,1. 实用，效用 2. 公用事业 adj. 实用的，有多种用途的,英语专业四八级词汇表
utilize,ˈjuːtɪlaɪz,v.,利用，应用,英语专业四八级词汇表
utmost,ˈʌtməʊst,adj.,最大的，极度的 n. 极限， || do (try)one's utmost(to do sth)竭力，竭尽所能,英语专业四八级词汇表
Utopia,juːˈtəʊpɪə,n.,乌托邦，理想国,英语专业四八级词汇表
vacancy,ˈveɪkənsɪ,n.,1. 空，未占用 2. 空白，空间 3. 空虚，茫然 4. 空缺,英语专业四八级词汇表
vacant,Iveikant,adj.,1. 空的 2. 空缺的，悬空的 3. 空虚的，茫然的,英语专业四八级词汇表
vacate,vəˈkeɪt,v.,空出，让出,英语专业四八级词汇表
vacation,vəˈkeɪʃən,n.,假期,英语专业四八级词汇表
vaccinate,ˈvæksɪneɪt,v.,给…种痘，给…注射疫苗，打预防针,英语专业四八级词汇表
vaccination,ˌvæksɪˈneɪʃən,n.,种痘，疫苗接种,英语专业四八级词汇表
vaccine,ˈvæksiːn,n.,痘苗，疫苗,英语专业四八级词汇表
vacuum,ˈvækjʊəm,n.,真空，真空状态  || vacuum cleaner真空吸尘器 /vacuum flash  保温瓶,英语专业四八级词汇表
vagabond,ˈvæɡəbɒnd,n.,流浪者，漂泊者,英语专业四八级词汇表
vagrant,ˈveɪɡrənt,n.,无业游民，流浪者,英语专业四八级词汇表
vague,veɪɡ,adj.,朦胧的，含糊的,英语专业四八级词汇表
vaguely,ˈveɪɡlɪ,adv.,1. 含糊地 2. 大致上 3. 心不在焉地,英语专业四八级词汇表
vain,veɪn,adj.,1. 自负的，得意的 2. 徒劳的，徒然的 3. 空虚的，枉然的 || in vain徒  然，徒劳无功,英语专业四八级词汇表
Valentine,ˈvæləntaɪn,,n.,英语专业四八级词汇表
Valentine,ˈvæləntaɪn,,(西方的)情人节,英语专业四八级词汇表
valet,ˈvæleɪ,n.,1.,英语专业四八级词汇表
valet,ˈvæleɪ,,(为男主人照料衣食等事务的)男仆 2.,英语专业四八级词汇表
valet,ˈvæleɪ,,(旅馆中负责该类事务的)服务员 v. 1. 洗刷及修补 2. 为 (某人)照料衣食,英语专业四八级词汇表
valiant,ˈvælɪənt,adj.,勇敢的，英勇的,英语专业四八级词汇表
valid,ˈvælɪd,adj.,1. 正确的，有根据的 2. 有效的,英语专业四八级词汇表
validate,ˈvælɪdeɪt,v.,使生效，证实,英语专业四八级词汇表
validity,vəˈlɪdətɪ,n.,1.,英语专业四八级词汇表
validity,vəˈlɪdətɪ,,(法律上)有效，合法 2. 合逻辑，正确(性),英语专业四八级词汇表
valley,ˈvælɪ,n.,谷，山谷，河谷，溪谷,英语专业四八级词汇表
"valour, valor",ˈvælə,n.,勇武，英勇,英语专业四八级词汇表
valuable,ˈvæljʊəbl,adj.,1. 值钱的，贵重的 2. 有用的，有价值的，重要的,英语专业四八级词汇表
value,ˈvæljuː,n.,1. 价值 2. 用处，重要性 3. 交换价值，价格 4. 等值 v. 1. 定…的价 2. 重视，尊重,英语专业四八级词汇表
values,ˈvæljuːz,,n.,英语专业四八级词汇表
values,ˈvæljuːz,,(pl)价值观念，道德观念，行为标准，准则,英语专业四八级词汇表
valve,vælv,n.,1. 活门，阀 2.,英语专业四八级词汇表
valve,vælv,,(心脏或血管的)瓣膜,英语专业四八级词汇表
van,væn,n.,1. 大篷货车 2.,英语专业四八级词汇表
van,væn,,(AmE)有篷盖的铁路货车,英语专业四八级词汇表
vandal,ˈvændəl,n.,恣意破坏艺术品、公物、私人财产、自然美景等的人,英语专业四八级词汇表
vandalism,ˈvændəlɪzəm,n.,恣意破坏公物等的行为,英语专业四八级词汇表
vanguard,ˈvænɡɑːd,n.,1. 先导，先锋 2. 前卫，先头部队,英语专业四八级词汇表
vanilla,vəˈnɪlə,n.,1. 香子兰 2. 香草精 || vanilla ice-cream香草冰淇淋 /vanilla essence香精,英语专业四八级词汇表
vanish,ˈvænɪʃ,v.,1. 突然消失，消散 2. 消逝，绝迹,英语专业四八级词汇表
vanity,ˈvænətɪ,n.,1. 虚荣，自负 2. 空虚，虚幻,英语专业四八级词汇表
vanquish,ˈvæŋkwɪʃ,v.,征服，战胜(对手等),英语专业四八级词汇表
vantage,ˈvɑːntɪdʒ,n.,优势，有利地位,英语专业四八级词汇表
vaporize,ˈveɪpəraɪz,,v.,英语专业四八级词汇表
vaporize,ˈveɪpəraɪz,,(使)汽化，(使)蒸发,英语专业四八级词汇表
"vapour, vapor",ˈveɪpə,n.,1. 蒸汽，雾 2. 虚幻之物,英语专业四八级词汇表
variable,ˈveərɪəbl,adj.,变化的，可变的，易变的 n.,英语专业四八级词汇表
variable,ˈveərɪəbl,,(pl)可变的事物，可变的量,英语专业四八级词汇表
variant,ˈveərɪənt,n.,变体，变种，变型,英语专业四八级词汇表
variation,ˌveərɪˈeɪʃən,n.,变化，变动,英语专业四八级词汇表
varicose,ˈværɪkəʊs,adj.,1. 曲张的，膨胀的 2. 静脉曲张的,英语专业四八级词汇表
variety,vəˈraɪətɪ,n.,1. 多样性，变化性 2. 品种，变种 3. 种类,英语专业四八级词汇表
various,ˈveərɪəs,adj.,1. 不同的，各种各样的 2. 多个的,英语专业四八级词汇表
vary,ˈveərɪ,v.,1. 有变化，相异 2. 改变，变更,英语专业四八级词汇表
vase,vɑːz,,n.,英语专业四八级词汇表
vase,vɑːz,,(装饰用的)瓶，花瓶,英语专业四八级词汇表
vast,vɑːst,adj.,1. 巨大的，广袤的 2. 庞大的，众多的，无数的,英语专业四八级词汇表
vat,væt,n.,大桶,英语专业四八级词汇表
vault,vɔːlt,n.,1. 拱顶 2. 地窖，地下室 3.,英语专业四八级词汇表
vault,vɔːlt,,(设于地下的)金库，保险库 4. 拱券状覆盖物 5. 撑杆跳 v.,英语专业四八级词汇表
vault,vɔːlt,,(用手或杆支撑)跳跃，撑杆跳,英语专业四八级词汇表
veal,viːl,n.,小牛肉,英语专业四八级词汇表
veer,vɪə,v.,转向，改变方向,英语专业四八级词汇表
vegetable,ˈvedʒtəbl,n.,蔬菜,英语专业四八级词汇表
vegetarian,ˌvedʒɪˈteərɪən,n.,素食者 adj. 1. 素食者的，素食主义的 2. 不含肉类的，全素的,英语专业四八级词汇表
vegetation,ˌvedʒɪˈteɪʃən,n.,植物，草木,英语专业四八级词汇表
vehement,ˈviːəmənt,adj.,感情强烈的，热情的,英语专业四八级词汇表
vehicle,ˈviːɪkl,n.,1. 运载工具，车辆 2. 媒介物，手段,英语专业四八级词汇表
veil,veɪl,n.,1. 面纱，面罩 2. 遮蔽物,英语专业四八级词汇表
vein,veɪn,n.,1. 静脉 2. 叶脉，矿脉，纹理，纹路 3. 气质，风格,英语专业四八级词汇表
velocity,vɪˈlɒsətɪ,n.,1.,英语专业四八级词汇表
velocity,vɪˈlɒsətɪ,,(物理学中的)速度 2. 迅速，快速,英语专业四八级词汇表
velvet,ˈvelvɪt,n.,天鹅绒 adj. 天鹅绒的，如天鹅绒的，柔软的，光滑的,英语专业四八级词汇表
vendor,ˈvendə,n.,1. 小贩，沿街叫卖的商贩 2.,英语专业四八级词汇表
vendor,ˈvendə,,(房屋、土地等的)卖主,英语专业四八级词汇表
venerable,venərəbl,adj.,德高望重的，令人景仰的,英语专业四八级词汇表
venerate,ˈvenəreɪt,v.,敬重，崇敬,英语专业四八级词汇表
venereal,vɪ'nɪərɪəl,adj.,性病的 || venereal disease性病,英语专业四八级词汇表
vengeance,ˈvendʒəns,n.,复仇，报复,英语专业四八级词汇表
vengeful,ˈvendʒfʊl,adj.,图谋报复的，报复心重的，复仇的,英语专业四八级词汇表
venison,ˈvenɪzən,n.,鹿肉,英语专业四八级词汇表
venom,ˈvenəm,n.,1.,英语专业四八级词汇表
venom,ˈvenəm,,(毒蛇等的)毒液 2. 恶毒，歹毒 3. 怨恨，痛恨,英语专业四八级词汇表
venomous,ˈvenəməs,adj.,1.,英语专业四八级词汇表
venomous,ˈvenəməs,,(指蛇等)分泌毒液的，有毒的 2. 充满恶意的，恶毒的,英语专业四八级词汇表
vent,vent,n.,1. 通风孔，排气管 2. 排放，发泄 || give vent to sth发泄  v. 发泄(情感),英语专业四八级词汇表
ventilate,ˈventɪleɪt,v.,使通风,英语专业四八级词汇表
ventilation,ˌventɪˈleɪʃən,n.,1. 空气流通 2. 通风设备,英语专业四八级词汇表
ventilator,ˈventɪleɪtə,n.,通风设备，通风口,英语专业四八级词汇表
ventral,ˈventrəl,adj.,腹的，腹部的,英语专业四八级词汇表
ventricle,ˈventrɪkl,n.,1. 心室 2.,英语专业四八级词汇表
ventricle,ˈventrɪkl,,(体内的)室，腔，(尤指)脑室,英语专业四八级词汇表
ventricular,ven'trɪkjʊlə,adj.,1. 心室的 2.,英语专业四八级词汇表
ventricular,ven'trɪkjʊlə,,(体内)室的，腔的,英语专业四八级词汇表
venture,ˈventʃə,n.,冒险，冒险事业 v. 1. 冒险 2. 敢于，胆敢,英语专业四八级词汇表
venue,ˈvenjuː,n.,聚集地点，会场,英语专业四八级词汇表
Venus,ˈviːnəs,n.,金星，太白星,英语专业四八级词汇表
veranda,vəˈrændə,n.,阳台，走廊,英语专业四八级词汇表
verb,vɜːb,n.,动词,英语专业四八级词汇表
verbal,ˈvɜːbl,adj.,1. 口头的 2. 词语的，用词的 3. 动词的,英语专业四八级词汇表
verbatim,vɜːˈbeɪtɪm,adj.,& adv. 一字不差(的)，逐字(的),英语专业四八级词汇表
verdict,ˈvɜːdɪkt,n.,1.,英语专业四八级词汇表
verdict,ˈvɜːdɪkt,,(陪审团的)裁决，裁定 2. 判断，意见,英语专业四八级词汇表
verdure,ˈvɜːdʒə ,n.,青葱的草木，翠绿,英语专业四八级词汇表
verge,vɜːdʒ,n.,边缘，边际 || be on the verge of濒于，濒临  v. 接近，濒临,英语专业四八级词汇表
verify,ˈverɪfaɪ,v.,核实，查证,英语专业四八级词汇表
veritable,ˈverɪtəbl,adj.,名副其实的，真正的,英语专业四八级词汇表
vermin,ˈvɜːmɪn,n.,1. 害兽及害鸟 2. 害虫 3. 为害社会或他人的人,英语专业四八级词汇表
vernacular,vəˈnækjʊlə,adj.,用本国语的，用地方话的 n. 本地话，本国语,英语专业四八级词汇表
vernal,ˈvɜːnl,adj.,春季的，适合春季的，在春季的,英语专业四八级词汇表
versatile,ˈvɜːsətaɪl,adj.,1. 多才多艺的 2. 用途广泛的,英语专业四八级词汇表
versatility,ˌvɜːsəˈtɪlətɪ,n.,1. 多才多艺 2. 多功能,英语专业四八级词汇表
verse,vɜːs,n.,1. 韵文 2. 诗歌，诗,英语专业四八级词汇表
version,ˈvɜːʃən,n.,1. 说法，看法 2. 译文，译本 3. 版本，变形，变体,英语专业四八级词汇表
versus,ˈvɜːsəs,,prep.,英语专业四八级词汇表
versus,ˈvɜːsəs,,(比赛等中)对，与…相对,英语专业四八级词汇表
vertebrate,ˈvɜːtɪbrɪt,adj.,有脊椎的，脊椎动物的 n. 脊椎动物,英语专业四八级词汇表
vertex,ˈvɜːteks,,"(pl vertexes,",英语专业四八级词汇表
vertex,ˈvɜːteks,,vertices) n. 顶点，极点,英语专业四八级词汇表
vertical,ˈvɜːtɪkl,adj.,垂直的，直立的 n. 垂直线，垂直面,英语专业四八级词汇表
vertically,ˈvɜːtɪklɪ,adv.,垂直地,英语专业四八级词汇表
verve,vɜːv,n.,活力，精神,英语专业四八级词汇表
very,ˈverɪ,adv.,很，非常  adj. 1. 同一的，真正的 2. 极端的 3.,英语专业四八级词汇表
very,ˈverɪ,,(表示强调),英语专业四八级词汇表
vessel,ˈvesl,n.,1. 船，舰 2. 容器，器皿,英语专业四八级词汇表
vest,vest,n.,1.,英语专业四八级词汇表
vest,vest,,(BrE)汗衫 2.,英语专业四八级词汇表
vest,vest,,(AmE)背心，马甲=(BrE) waistcoat 3. 内衣，衬衣,英语专业四八级词汇表
vestige,ˈvestɪdʒ,n.,1. 遗迹，痕迹 2. 毫无，一点也不 3. 退化的器官，退化器官的痕迹,英语专业四八级词汇表
veteran,ˈvetərən,n.,老兵，老手，退伍军人 adj. 老兵的，富有经验的,英语专业四八级词汇表
veterinary,ˈvetərɪnərɪ,adj.,动物疾病的，兽医的,英语专业四八级词汇表
veto,ˈviːtəʊ,n.,1.,英语专业四八级词汇表
veto,ˈviːtəʊ,,(pl)否决权 2. 否决或禁止某事物的声明 v. 否决或禁止(某事物),英语专业四八级词汇表
vex,veks,v.,使苦恼，使困扰，激怒,英语专业四八级词汇表
vexation,vekˈseɪʃən,n.,1. 烦恼，忧虑 2. 使人烦恼或忧虑的事物,英语专业四八级词汇表
vexatious,vekˈseɪʃəs,adj.,使人恼怒或忧虑的,英语专业四八级词汇表
via,ˈvaɪə,prep.,1. 途径，取道 2. 凭借，通过,英语专业四八级词汇表
viable,ˈvaɪəbl,adj.,可行的,英语专业四八级词汇表
vial,ˈvaɪəl,n.,玻璃的小容器，(尤指)小药水瓶，小香水瓶(=phial),英语专业四八级词汇表
vibrant,ˈvaɪbrənt,adj.,1. 颤动的，响亮的 2. 充满生气的，兴奋的 3. 鲜明的，醒目的,英语专业四八级词汇表
vibrate,vaɪˈbreɪt,v.,1.,英语专业四八级词汇表
vibrate,vaɪˈbreɪt,,(使某物)颤动，振动 2.,英语专业四八级词汇表
vibrate,vaɪˈbreɪt,,(使某物)振动出声或发颤音,英语专业四八级词汇表
vibration,vaɪˈbreɪʃən,n.,1. 振动，颤动 2.,英语专业四八级词汇表
vibration,vaɪˈbreɪʃən,,(偏离平衡位置的)一次往复振动 3.,英语专业四八级词汇表
vibration,vaɪˈbreɪʃən,,(pl) (由某人、事物、地方等引起的)感触，感受,英语专业四八级词汇表
vicar,ˈvɪkə,n.,教区牧师,英语专业四八级词汇表
vicarage,ˈvɪkərɪdʒ,n.,教区牧师的住宅,英语专业四八级词汇表
vicarious,vaɪˈkeərɪəs,adj.,1. 设身处地的，间接感受到的 2. 代别人做的、感受的或经历的,英语专业四八级词汇表
vicariously,vɪˈkeərɪəslɪ,adv.,设身处地地，间接感受到地,英语专业四八级词汇表
vice,vaɪs,n.,1. 罪恶，堕落 2. 缺点，毛病,英语专业四八级词汇表
vicinity,vɪˈsɪnətɪ,n.,1. 附近，邻近 2. 附近地区,英语专业四八级词汇表
vicious,ˈvɪʃəs,adj.,1. 恶毒的，残忍的 2. 邪恶的，罪恶的 3. 危险的，险恶的 4. 谬误的,英语专业四八级词汇表
viciousness,'vɪʃəsnɪs,n.,1. 恶意，凶恶 2. 危险，险恶 3. 堕落 4. 剧烈,英语专业四八级词汇表
victim,ˈvɪktɪm,n.,1.,英语专业四八级词汇表
victim,ˈvɪktɪm,,(祭神的)牺牲品，祭品 2. 牺牲者，受害者，受灾者,英语专业四八级词汇表
victimize,ˈvɪktɪmaɪz,v.,1. 责怪(处罚)某人不当(使之受冤或代人受过) 2. 不正当地使某人受损害(受苦难)，欺侮某人,英语专业四八级词汇表
victor,ˈvɪktə,n.,胜利者，获胜者,英语专业四八级词汇表
victorious,vɪk'tɔːrɪəs,adj.,获胜的，胜利的,英语专业四八级词汇表
victory,ˈvɪktərɪ,n.,胜利，战胜,英语专业四八级词汇表
video,ˈvɪdɪəʊ,adj.,电视录像的 n. 电视录像 || 录影 /video tape录像带/,英语专业四八级词汇表
video,ˈvɪdɪəʊ,video,(tape) recorder录像机,英语专业四八级词汇表
videophone,ˈvɪdiəʊfəʊn,n.,可视电话，电视电话,英语专业四八级词汇表
vie,vaɪ,v.,竞争,英语专业四八级词汇表
view,vjuː,n.,1. 视力，视野 2. 景色，景象 3. 看法，意见  v. 1. 认为 2. 观察，检查,英语专业四八级词汇表
viewfinder,ˈvjuːˌfaɪndə,,n.,英语专业四八级词汇表
viewfinder,ˈvjuːˌfaɪndə,,(照相机)取景器,英语专业四八级词汇表
viewpoint,ˈvjuːpɔɪnt,n.,观点，看法,英语专业四八级词汇表
vigil,ˈvɪdʒɪl,n.,1. 守夜，彻夜不眠 2.,英语专业四八级词汇表
vigil,ˈvɪdʒɪl,,(宗教节日的)前夕,英语专业四八级词汇表
vigilant,ˈvɪdʒɪlənt,adj.,警觉的，警惕的,英语专业四八级词汇表
vignette,vɪˈnjet,n.,1. 小插图 2. 短文，简介,英语专业四八级词汇表
"vigour, vigor",ˈvɪɡə,n.,精力，活力，魄力,英语专业四八级词汇表
vigorous,ˈvɪɡərəs,adj.,强壮的，精力充沛的,英语专业四八级词汇表
vile,vaɪl,adj.,1. 卑鄙的，邪恶的 2. 极其讨厌的,英语专业四八级词汇表
villa,ˈvɪlə,n.,别墅,英语专业四八级词汇表
village,ˈvɪlɪdʒ,n.,乡村，村庄,英语专业四八级词汇表
villager,ˈvɪlɪdʒə,n.,村民,英语专业四八级词汇表
villain,ˈvɪlən,n.,1.,英语专业四八级词汇表
villain,ˈvɪlən,,(故事中的)反派角色 2. 坏蛋，恶徒 3.,英语专业四八级词汇表
villain,ˈvɪlən,,(BrE)罪犯,英语专业四八级词汇表
villainous,ˈvɪlənəs,adj.,1. 恶棍似的，邪恶的 2. 极坏的,英语专业四八级词汇表
vindicate,ˈvɪndɪkeɪt,v.,1. 为…辩护 2. 证明…正确,英语专业四八级词汇表
vindictive,vɪnˈdɪktɪv,adj.,志在报复的，报复性的,英语专业四八级词汇表
vine,vaɪn,n.,1. 葡萄树 2. 藤本植物，蔓，藤,英语专业四八级词汇表
vinegar,ˈvɪnɪɡə,n.,醋,英语专业四八级词汇表
vineyard,ˈvɪnjəd,n.,葡萄园,英语专业四八级词汇表
vintage,ˈvɪntɪdʒ,n.,酒酿造的年份 adj. 1. 第一流的，上乘之作的 2.,英语专业四八级词汇表
vintage,ˈvɪntɪdʒ,,(BrE)(指汽车)老式的,英语专业四八级词汇表
viola,vɪˈəʊlə,n.,中提琴,英语专业四八级词汇表
violate,ˈvaɪəleɪt,v.,1. 违犯，违反 2. 侵犯，妨碍,英语专业四八级词汇表
violation,ˌvaɪəˈleɪʃən,n.,违反，亵渎，干扰，强奸,英语专业四八级词汇表
violence,ˈvaɪələns,n.,1. 狂暴，猛烈 2. 暴力，暴行,英语专业四八级词汇表
violent,ˈvaɪələnt,adj.,1. 剧烈的，猛烈的 2. 厉害的，极端的 3(人)暴戾的 4.,英语专业四八级词汇表
violent,ˈvaɪələnt,,(死伤等)暴力造成的 5.,英语专业四八级词汇表
violent,ˈvaɪələnt,,(感情、言语等)激昂的，激烈的,英语专业四八级词汇表
violet,ˈvaɪəlɪt,n.,紫罗兰  adj. 紫色的,英语专业四八级词汇表
violin,ˌvaɪəˈlɪn,n.,小提琴,英语专业四八级词汇表
violinist,ˌvaɪəˈlɪnɪst,n.,小提琴手,英语专业四八级词汇表
VIP,ˌviː aɪ ˈpiː,n.,要人，社会名流,英语专业四八级词汇表
viral,ˈvaɪərəl,,adj.,英语专业四八级词汇表
viral,ˈvaɪərəl,,(似)病毒的，病毒引起的,英语专业四八级词汇表
virgin,ˈvɜːdʒɪn,n.,处女 adj. 1. 处女的 2. 未开发的 3. 首次的,英语专业四八级词汇表
virginal,ˈvɜːdʒɪnl,adj.,童贞的，处女的，适于处女的,英语专业四八级词汇表
virile,ˈvɪraɪl,adj.,有生殖力的，有男子气概的，精力充沛的,英语专业四八级词汇表
virtually,ˈvɜːtʃʊəlɪ,adv.,实际上，简直，差不多,英语专业四八级词汇表
virtue,ˈvɜːtʃuː,n.,1. 德行，美德 2. 优良品德 3. 优点，好处 || by virtue of由于…,英语专业四八级词汇表
virtuous,ˈvɜːtʃʊəs,adj.,1. 有道德的，善良的 2. 自命高尚的，自以为是的,英语专业四八级词汇表
virulent,ˈvɪrʊlənt,adj.,1. 致命的，剧毒的 2. 恶意的，仇恨的,英语专业四八级词汇表
virus,ˈvaɪərəs,n.,病毒,英语专业四八级词汇表
visa,ˈviːzə,,n.,英语专业四八级词汇表
visa,ˈviːzə,,(护照等的)签证 || an entry visa入境签证 /an exit visa出境签证,英语专业四八级词汇表
visage,ˈvɪzɪdʒ,n.,脸，面貌，容貌,英语专业四八级词汇表
viscera,ˈvɪsərə,n.,内脏，(指)肠,英语专业四八级词汇表
viscount,ˈvaɪkaʊnt,n.,子爵(英国贵族头衔),英语专业四八级词汇表
visibility,ˌvɪzəˈbɪlətɪ,n.,1. 可见性，明显性 2. 可见度，能见度,英语专业四八级词汇表
visible,ˈvɪzəbl,adj.,1. 可见的，看得见的 2. 明显的，显然的,英语专业四八级词汇表
vision,ˈvɪʒən,n.,1. 视力，视觉 2. 远见，眼光 3. 想象，幻想,英语专业四八级词汇表
visionary,ˈvɪʒənərɪ,adj.,1. 有远见的 2. 空想的，不切实际的,英语专业四八级词汇表
visit,ˈvɪzɪt,v.,1. 游览，访问，参观 2. 巡视，调查 n. 访问，参观,英语专业四八级词汇表
visitation,ˌvɪzɪˈteɪʃən,n.,1. 正式访问，视察，巡视 2. 来访,英语专业四八级词汇表
visitor,ˈvɪzɪtə,n.,访问者，巡视者,英语专业四八级词汇表
vista,ˈvɪstə,n.,1.,英语专业四八级词汇表
vista,ˈvɪstə,,(从两排树木、建筑物等中间望过去的)景色，远景 2. 回顾(往事)，展望(前景),英语专业四八级词汇表
visual,ˈvɪʒʊəl,adj.,1. 视觉的，视力的 2. 看得见的,英语专业四八级词汇表
visualize,ˈvɪʒʊəlaɪz,v.,想象，设想,英语专业四八级词汇表
vital,ˈvaɪtl,adj.,1. 生命的，与生命有关的 2. 紧要的，关系重大的 3. 致命的 4. 生气勃勃的,英语专业四八级词汇表
vitality,ˈvaɪtəlɪtɪ,n.,1. 活力 2. 生机，元气,英语专业四八级词汇表
vitalize,ˈvaɪtəlaɪz,v.,赋予生命，激励,英语专业四八级词汇表
vitamin,ˈvɪtəmɪn,n.,维生素,英语专业四八级词汇表
vivacity,vɪ'væsətɪ,n.,活泼，开朗,英语专业四八级词汇表
vivid,ˈvɪvɪd,adj.,1.,英语专业四八级词汇表
vivid,ˈvɪvɪd,,(指颜色等)强烈的，鲜明的 2. 有生气的，活泼的 3. 逼真的，生动的,英语专业四八级词汇表
vocabulary,vəˈkæbjʊlərɪ,n.,1. 词汇，语汇 2. 词汇表,英语专业四八级词汇表
vocal,ˈvəʊkəl,adj.,1. 声音的，发声的，口头的 2. 畅所欲言的，直言的 n.,英语专业四八级词汇表
vocal,ˈvəʊkəl,,(爵士乐或流行音乐的)歌唱部分,英语专业四八级词汇表
vocalist,ˈvəʊkəlɪst,n.,歌唱家，歌手,英语专业四八级词汇表
vocalization,ˌvəʊkəlaɪˈzeɪʃən,n.,说话，唱歌，发声,英语专业四八级词汇表
vocally,ˈvəʊkəlɪ,adv.,1. 用嗓音，口头地 2. 自由地，直言地,英语专业四八级词汇表
vocation,vəʊˈkeɪʃən,n.,职业,英语专业四八级词汇表
vocative,ˈvɒkətɪv,,n.,英语专业四八级词汇表
vocative,ˈvɒkətɪv,,(某些屈折语中的)呼格，(用作呼格的)名词、代词、形容词,英语专业四八级词汇表
vodka,ˈvɒdkə,n.,伏特加酒(俄罗斯一种无色的烈酒),英语专业四八级词汇表
vogue,vəʊɡ,n.,流行，时尚  || come into vogue开始流行 /go out of vogue过时/,英语专业四八级词汇表
vogue,vəʊɡ,in,vogue 流行中,英语专业四八级词汇表
voice,vɔɪs,n.,1. 声音，歌声 2. 发音能力，嗓子 3. 发言权 4. 语态 || at the top of one’s voice拉直嗓子叫，竭尽全力地说 /in a low voice小声地说,英语专业四八级词汇表
void,vɔɪd,n.,空间，真空 adj. 1. 空的，空虚的 2. 无效的，作废的,英语专业四八级词汇表
volatile,ˈvɒlətaɪl,adj.,1.,英语专业四八级词汇表
volatile,ˈvɒlətaɪl,,(指液体)易挥发的 2.,英语专业四八级词汇表
volatile,ˈvɒlətaɪl,,(指人)情绪(兴趣)多变的，无常性的 3.,英语专业四八级词汇表
volatile,ˈvɒlətaɪl,,(指商情等)急剧波动的，不稳定的,英语专业四八级词汇表
volatility,‚vɑlə'tɪlətɪ,n.,1.,英语专业四八级词汇表
volatility,‚vɑlə'tɪlətɪ,,(指液体)易挥发 2.,英语专业四八级词汇表
volatility,‚vɑlə'tɪlətɪ,,(指人)轻浮，反复无常 3.,英语专业四八级词汇表
volatility,‚vɑlə'tɪlətɪ,,(指商情等)急剧波动,英语专业四八级词汇表
volcano,vɒlˈkeɪnəʊ,n.,火山,英语专业四八级词汇表
volitional,vəʊ'lɪʃən,adj.,自愿的,英语专业四八级词汇表
volleyball,ˈvɒlɪbɔːl,n.,排球(运动),英语专业四八级词汇表
volt,vəʊlt,n.,伏特(电压单位),英语专业四八级词汇表
voltage,ˈvəʊltɪdʒ,n.,电压，伏特数,英语专业四八级词汇表
voluble,ˈvɒljʊbl,adj.,1.,英语专业四八级词汇表
voluble,ˈvɒljʊbl,,(指人)喋喋不休的，爱说话的 2.,英语专业四八级词汇表
voluble,ˈvɒljʊbl,,(指说话)快的，流利的,英语专业四八级词汇表
volume,ˈvɒljuːm,n.,1. 音量，响度 2. 体积，容积 3. 卷，册 4. 大量，许多,英语专业四八级词汇表
voluminous,vəˈluːmɪnəs,adj.,1.,英语专业四八级词汇表
voluminous,vəˈluːmɪnəs,,(衣物)肥大的，宽松的 2.,英语专业四八级词汇表
voluminous,vəˈluːmɪnəs,,(指文字)大量的，浩瀚的,英语专业四八级词汇表
voluntary,ˈvɒləntərɪ,adj.,自愿的，自动的，自发的,英语专业四八级词汇表
volunteer,ˌvɒlənˈtɪə,n.,1. 志愿者 2. 志愿兵  v. 1. 自愿效劳，自告奋勇 2. 自动说出,英语专业四八级词汇表
vomit,ˈvɒmɪt,v.,呕吐，作呕,英语专业四八级词汇表
vortex,ˈvɔːteks,n.,1. 漩涡，旋风 2. 使人无法摆脱的境遇,英语专业四八级词汇表
vote,vəʊt,n.,1. 投票，选举，表决 2. 选票，投票数 3. 选举权，投票权，表决权  v. 1. 投票，选举，表决 2. 一致认为，通过 3. 投票决定，决议,英语专业四八级词汇表
voter,ˈvəʊtə,n.,投票人，选举人，表决者,英语专业四八级词汇表
voucher,ˈvaʊtʃə,n.,1.,英语专业四八级词汇表
voucher,ˈvaʊtʃə,,(BrE)代金券，代用券 2. 凭证，收据,英语专业四八级词汇表
vow,vaʊ,n.,誓言，誓约 v. 立誓，起誓,英语专业四八级词汇表
vowel,ˈvaʊəl,n.,元音，元音字母,英语专业四八级词汇表
voyage,ˈvɔɪɪdʒ,n.,&v. 航行，航海,英语专业四八级词汇表
vulgar,ˈvʌlɡə,adj.,1. 粗鲁的，卑下的 2. 庸俗的，低级的,英语专业四八级词汇表
vulgarity,vʌlˈɡærətɪ,n.,1. 粗鄙下流的举动，粗话，下流话 2. 粗俗，下流,英语专业四八级词汇表
vulnerable,ˈvʌlnərəbl,adj.,1. 易受攻击的，有弱点的 2.,英语专业四八级词汇表
vulnerable,ˈvʌlnərəbl,,(指人)易受伤害的，脆弱的，敏感的,英语专业四八级词汇表
vulture,ˈvʌltʃə,n.,秃鹰，兀鹰,英语专业四八级词汇表
waddle,ˈwɒdl,v.,摇摇摆摆地行走 n. 摇摆的行走，蹒跚的步态,英语专业四八级词汇表
wade,weɪd,v.,1. 趟水，跋涉 2. 费力地前进，困难地通过,英语专业四八级词汇表
wafer,ˈweɪfə,n.,威化饼干，圣饼,英语专业四八级词汇表
wag,wæɡ,v.,1. 摇摆(尾巴) 2. 饶舌,英语专业四八级词汇表
wagon,ˈwæɡən,n.,1.,英语专业四八级词汇表
wagon,ˈwæɡən,,(四轮)马车 2.,英语专业四八级词汇表
wagon,ˈwæɡən,,(BrE)(铁路)货车=(AmE) freight car 3. 手推车 || on the wagon戒酒,英语专业四八级词汇表
wail,weɪl,v.,1. 嚎啕大哭 2. 哭着说 3. 发出似哭号的尖声 n. 1. 尖叫，痛哭 2. 尖叫声，痛哭声,英语专业四八级词汇表
waist,weɪst,n.,1. 腰，腰部 2. 中央的细狭部分,英语专业四八级词汇表
waistcoat,ˈweɪskəʊt,,n.,英语专业四八级词汇表
waistcoat,ˈweɪskəʊt,,(西服的)背心,英语专业四八级词汇表
wait,weɪt,n.,等，等待，等候的时间 v. 1. 等，等候 2. 耽搁 || wait for等，等候 /wait on; wait upon服侍，侍候,英语专业四八级词汇表
waiter,'weɪtə,,n.,英语专业四八级词汇表
waiter,'weɪtə,,(男)侍者，服务员,英语专业四八级词汇表
waitress,ˈweɪtrɪs,n.,女侍者，女服务员,英语专业四八级词汇表
waive,weɪv,,v.,英语专业四八级词汇表
waive,weɪv,,(fml)放弃,英语专业四八级词汇表
waken,ˈweɪkən,v.,醒来，唤醒,英语专业四八级词汇表
walk,wɔːk,v.,1. 走，步行 2. 沿着…走，陪…走 n. 1. 步行，散步 2. 步态，步伐 3. 供步行的路，人行道 || walk of life 职业，社会地位 /walkman随身听(录音机),英语专业四八级词汇表
walkway,ˈwɔːkweɪ,n.,人行通道,英语专业四八级词汇表
wall,wɔːl,n.,墙，墙壁,英语专业四八级词汇表
wallet,ˈwɒlɪt,n.,皮夹，钱包,英语专业四八级词汇表
wallow,ˈwɒləʊ,v.,1.,英语专业四八级词汇表
wallow,ˈwɒləʊ,,(在泥、水中)打滚 2. 享乐，放纵自己 n. 1. 打滚，享乐，放纵 2. 泥坑，水坑,英语专业四八级词汇表
walnut,ˈwɔːlnʌt,n.,胡桃，胡桃木，胡桃树,英语专业四八级词汇表
waltz,wɔːls,n.,华尔兹 v. 跳华尔兹,英语专业四八级词汇表
wand,wɒnd,n.,棍，棒，魔杖,英语专业四八级词汇表
wander,ˈwɒndə,v.,1. 漫步，闲逛，徘徊 2. 精神恍惚，胡言乱语,英语专业四八级词汇表
wane,weɪn,v.,1.,英语专业四八级词汇表
wane,weɪn,,(月亮)亏，缺 2. 衰败，变小，变差 n.,英语专业四八级词汇表
wane,weɪn,on,the wane逐渐减弱，衰败,英语专业四八级词汇表
want,wɒnt,v.,1. 想要 2. 追捕，通缉 3. 缺乏，缺少 4. 需要 n. 1. 缺乏 2. 需要,英语专业四八级词汇表
wanton,ˈwɒntən,adj.,1. 不怀好意的，恶意的 2. 反复无常的 3. 茂盛的，滋生的 4. 不道德的，放荡的,英语专业四八级词汇表
war,wɔː,n.,战争,英语专业四八级词汇表
ward,wɔːd,n.,病房，牢房,英语专业四八级词汇表
wardrobe,ˈwɔːdrəʊb,n.,衣橱，衣柜,英语专业四八级词汇表
warehouse,ˈweəhaʊs,n.,仓库，货栈,英语专业四八级词汇表
wares,weəz,n.,货物，商品,英语专业四八级词汇表
warfare,ˈwɔːfeə,n.,战争，交战,英语专业四八级词汇表
warhead,ˈwɔːhed,n.,弹头,英语专业四八级词汇表
warlike,ˈwɔːlaɪk,adj.,战争的，好战的,英语专业四八级词汇表
warlord,ˈwɔːlɔːd,n.,大军阀，军阀,英语专业四八级词汇表
warm,wɔːm,adj.,1. 暖和的，温暖的 2. 保暖的，御寒的 3. 亲热的，热情的，友善的 v.,英语专业四八级词汇表
warm,wɔːm,,(使)暖和，(使)温暖 || warm up(使)做准备动作，(使)做热身运动,英语专业四八级词汇表
warmth,wɔːmθ,n.,温暖，热情,英语专业四八级词汇表
warn,wɔːn,v.,1. 警告，提醒 2. 事先通知,英语专业四八级词汇表
warning,ˈwɔːnɪŋ,n.,1. 预先的通知 2. 预兆，警告,英语专业四八级词汇表
warp,wɔːp,v.,1. 使弯曲，使扭(翘)曲 2. 使(心理、性格)反常，有偏见 3. 曲解，歪曲,英语专业四八级词汇表
warrant,ˈwɒrənt,n.,1. 授权(证)，许可证，逮捕状，搜查令 2.,英语专业四八级词汇表
warrant,ˈwɒrənt,,(正当)理由，证明，保证 v. 使有正当理由，向…保证,英语专业四八级词汇表
warranty,ˈwɒrəntɪ,,n.,英语专业四八级词汇表
warranty,ˈwɒrəntɪ,,(商品的)保证书，保证,英语专业四八级词汇表
warrior,ˈwɒrɪə,n.,武士，战士,英语专业四八级词汇表
warship,ˈwɔːˌʃɪp,n.,军舰，战舰,英语专业四八级词汇表
wartime,ˈwɔːtaɪm,n.,战时,英语专业四八级词汇表
wary,ˈweərɪ,adj.,1. 谨慎的，小心的，警惕的 2. 警防的,英语专业四八级词汇表
was,wəz; wɒz,,be动词第一、第三人称单数过去式,英语专业四八级词汇表
wash,wɒʃ,v.,1. 洗，洗涤  2. 耐洗 3. 洗手，洗脸，洗澡 4. 冲走，卷走  n. 1. 洗，洗涤 2. 待洗之物 3.,英语专业四八级词汇表
wash,wɒʃ,,(船只激起的)波浪 || wash out①把…洗干净 ②(尤指雨)冲垮，冲走 /wash up洗碗碟,英语专业四八级词汇表
washing,ˈwɒʃɪŋ,n.,1. 洗，洗涤 2. 洗的衣物,英语专业四八级词汇表
wasp,wɒsp,n.,1. 黄蜂 2. 脾气暴躁的人，刻毒的人,英语专业四八级词汇表
waste,weɪst,n.,1. 损耗，浪费 2. 废物，废料 3. 荒野，荒地  v. 1. 浪费，滥用 2.,英语专业四八级词汇表
waste,weɪst,,(使)身体消瘦(衰弱) 3. 使荒芜 adj. 1. 荒芜的，荒废的 2. 无用的，废弃的,英语专业四八级词汇表
watch,wɒtʃ,v.,1. 观看，留心看 2. 注意，留神 || watch for寻找，守候 [watch out小心，留神] watch out for密切注意，提防 n. 1. 表，手表 2. 监视，注意 3. 值班时间 /on watch当班，值班,英语专业四八级词汇表
water,ˈwɔːtə,n.,1. 水 2. 水域，水体 || hold water有道理，站得住脚 /throw cold water on  对…泼冷水 v. 1. 在…上泼水，灌溉 2. 供给…饮水 3. 淌口水，流泪,英语专业四八级词汇表
watercolor,ˈwɔːtəˌkʌlə,n.,水彩(颜料)，水彩画,英语专业四八级词汇表
waterfall,ˈwɔːtəfɔːl,n.,瀑布,英语专业四八级词汇表
waterfront,ˈwɔːtəfrʌnt,n.,滨水路，滨水区,英语专业四八级词汇表
watermark,ˈwɔːtəmɑːk,n.,1. 水印 2. 水位标志,英语专业四八级词汇表
watermelon,ˈwɔːtəˌmelən,n.,西瓜,英语专业四八级词汇表
waterproof,ˈwɔːtəpruːf,adj.,不透水的，防水的 n. 防水布 v. 使不透水，使防水,英语专业四八级词汇表
watershed,ˈwɔːtəʃed,n.,分水线，分水岭,英语专业四八级词汇表
watertight,ˈwɔːtətaɪt,adj.,1. 水密的 2. 无懈可击的，严密的,英语专业四八级词汇表
waterway,ˈwɔːtəweɪ,n.,水路，航道,英语专业四八级词汇表
watery,ˈwɔːtərɪ,adj.,似水的，含水多的,英语专业四八级词汇表
watt,wɒt,n.,瓦(电力单位),英语专业四八级词汇表
wave,weɪv,v.,1. 挥动，挥手 2.,英语专业四八级词汇表
wave,weɪv,,(使)飘扬，(使)起伏 3.,英语专业四八级词汇表
wave,weɪv,,(使)成波浪型，(使)卷曲 n. 1. 波浪，波涛 2. 手的挥动 3.,英语专业四八级词汇表
wave,weɪv,,(情绪的)波动，(事物发展的) 高潮 4.,英语专业四八级词汇表
wave,weɪv,,(光，音等的)波,英语专业四八级词汇表
waver,ˈweɪvə,v.,1. 减弱，动摇 2. 犹豫不决,英语专业四八级词汇表
wax,wæks,n.,蜡，火漆，封蜡 v. 给…上蜡,英语专业四八级词汇表
way,weɪ,n.,1. 路，道 2. 方向 3. 距离 4. 方式，方法 5. 点，方面 || by the way顺便说一下 [by way of途经] go out of one's way (to do)不怕麻烦(去做) [in the way挡道] out of the way不挡道 [make way for让路给，为…的发展创造条件] under way在进行中 adv. 远远地，大大地,英语专业四八级词汇表
wayward,ˈweɪwəd,adj.,不易管教的，似孩子般任性的,英语专业四八级词汇表
we,wiː,,prop.,英语专业四八级词汇表
we,wiː,,(主格)我们,英语专业四八级词汇表
weak,wiːk,adj.,1. 弱的，虚弱的，脆弱的 2. 淡的 3. 软弱的，懦弱的 4. 薄弱的,英语专业四八级词汇表
weaken,ˈwiːkən,v.,变弱，削弱,英语专业四八级词汇表
weakness,ˈwiːknɪs,n.,1. 弱，虚弱，软弱 2. 弱的一环，缺点，缺陷 3. 癖好，嗜好,英语专业四八级词汇表
wealth,welθ,n.,1. 财富，(巨额的)财产 2. 大量，丰富 || a wealth of大量的,英语专业四八级词汇表
wealthy,ˈwelθɪ,adj.,富有的,英语专业四八级词汇表
wean,wiːn,v.,给(孩子)断奶 || wean from逐渐使(人)放弃，戒掉,英语专业四八级词汇表
weapon,ˈwepən,n.,武器，兵器,英语专业四八级词汇表
weaponry,ˈwepənrɪ,,n.,英语专业四八级词汇表
weaponry,ˈwepənrɪ,,(总称)武器，兵器,英语专业四八级词汇表
wear,weə,v.,1. 穿，戴，佩 2. 面带(某种表情) 3. 耗损，磨损 || wear off(情感，效果等)逐渐减弱，消逝，磨掉 /wear out①(把…)穿破(用坏)，耗尽②使筋疲力尽 n. 1. 衣服，服装 2. 穿，戴，佩带，蓄留 3. 磨损，损耗 4. 耐久性，耐用性,英语专业四八级词汇表
weary,ˈwɪərɪ,adj.,非常疲倦的 wearily，weariness,英语专业四八级词汇表
weather,ˈweðə,n.,天气，气候 || under the weather不舒服的，有点小病的,英语专业四八级词汇表
weave,wiːv,v.,1. 编织，织 2. 编造，编排 3. 迂回行进 n. 编织法，编织式样,英语专业四八级词汇表
web,web,n.,蜘蛛网，网状物,英语专业四八级词汇表
wed,wed,v.,与…结婚,英语专业四八级词汇表
wedding,ˈwedɪŋ,n.,婚礼,英语专业四八级词汇表
wedge,wedʒ,n.,楔子 v. 用楔子把…固定住,英语专业四八级词汇表
Wednesday,ˈwenzdɪ,n.,星期三,英语专业四八级词汇表
weed,wiːd,n.,杂草 v. 除去杂草,英语专业四八级词汇表
week,wiːk,n.,星期，周,英语专业四八级词汇表
weekday,wiːkdeɪ,n.,工作日,英语专业四八级词汇表
weekend,ˌwiːkˈend,n.,周末,英语专业四八级词汇表
weekly,'wɪːklɪ,adj.,每周的，每周一次的 adv. 每周 n. 周刊，周报,英语专业四八级词汇表
weep,wiːp,v.,流泪，哭泣,英语专业四八级词汇表
weigh,weɪ,v.,1. 称…的重量 2. 重(若干) 3. 斟酌，权衡，掂量,英语专业四八级词汇表
weight,weɪt,n.,1. 重量 2. 沉重之物 3. 砝码，秤碗 4. 价值，重要性 5. 忧愁，负担 || lose weight体重减轻 /put on weight体重增加,英语专业四八级词汇表
weighty,'weɪtɪ,adj.,1. 重的，繁重的 2. 慎重的，需认真考虑的,英语专业四八级词汇表
weird,wɪəd,adj.,古怪的，奇异的，荒谬的,英语专业四八级词汇表
welcome,ˈwelkəm,int.,欢迎 v. & n. 欢迎，迎接 adj. 1. 受欢迎的 2. 可随意使用的,英语专业四八级词汇表
weld,weld,v.,1. 焊接，熔接 2. 使成一体,英语专业四八级词汇表
welfare,ˈwelfeə,n.,1. 幸福，康乐，福利 2. 福利事业,英语专业四八级词汇表
well-being,ˌwel ˈbiːɪŋ,n.,幸福，健康，福利,英语专业四八级词汇表
well-known,ˌwelˈnəʊn,adj.,众所周知的，出名的,英语专业四八级词汇表
well-to-do,ˌweltəˈduː,adj.,富裕的，富有的,英语专业四八级词汇表
Welsh,welʃ,adj.,威尔士的，威尔士语的，威尔士人的 n. 凯尔特语 || the Welsh威尔士人民,英语专业四八级词汇表
were,wə; wɜː,,be动词复数和第二人称单数的过去式; be动词的虚拟语气过去式,英语专业四八级词汇表
west,west,n.,西，西方 adj. 西方的，朝西的，(风)来自西方的 adv. 向西方，在西方,英语专业四八级词汇表
western,ˈwestən,adj.,西方的，西部的 n. 美国西部小说或影片,英语专业四八级词汇表
westward,ˈwestwəd,adj.,朝西的 adv. 向西,英语专业四八级词汇表
wet,wet,adj.,1. 湿的，潮的 2. 下雨的，多雨的 3.,英语专业四八级词汇表
wet,wet,,(BrE)无精打采的 v.,英语专业四八级词汇表
wet,wet,,(使)变湿,英语专业四八级词汇表
whack,wæk,v.,啪的一声打 n. 重击,英语专业四八级词汇表
whale,hweɪl,n.,鲸,英语专业四八级词汇表
wharf,hwɔːf,n.,码头,英语专业四八级词汇表
what,hwɒt,prop.,&adj. 1. 什么 2. 多么，何等 || what for?为什么 /what's more而且，更重要的是,英语专业四八级词汇表
whatever,hwɒtˈevə,prop.,1. 不管…什么，无论什么 2. 究竟什么,英语专业四八级词汇表
wheat,hwiːt,n.,小麦，麦粒,英语专业四八级词汇表
wheel,hwiːl,n.,轮子，方向盘 v. 1. 推动，转动，滚动 2. 突然转过身来 3.,英语专业四八级词汇表
wheel,hwiːl,,(鸟)盘旋,英语专业四八级词汇表
when,hwen,adv.,&conj. 1. 何时 2. 当…时,英语专业四八级词汇表
whenever,hwenˈevə,adv.,&conj. 无论何时，每当,英语专业四八级词汇表
where,hweə,adv.,&conj. 在哪里，往哪里，在…地方,英语专业四八级词汇表
whereabouts,hˈweərəbaʊts,adv.,在哪里 n. 下落，去向,英语专业四八级词汇表
whereas,hweərˈæz,conj.,而，却，反之,英语专业四八级词汇表
whereby,hweəˈbaɪ,adv.,借以，凭那个,英语专业四八级词汇表
wherever,hweərˈevə,adv.,&conj. 无论何处,英语专业四八级词汇表
whether,ˈhweðə,conj.,是否,英语专业四八级词汇表
which,hwɪtʃ,prop.,&adj. 哪一个，那一个，哪一些，那一些,英语专业四八级词汇表
whichever,hwɪtʃˈevə,prop.,&adj. 无论哪个，无论哪些,英语专业四八级词汇表
whiff,hwɪf,n.,1. 一阵(气味、风) 2. 一吸,英语专业四八级词汇表
while,hwaɪl,n.,一段时间，一会儿 conj. 1. 当…的时候 2. 虽然 3. 然而,英语专业四八级词汇表
whim,hwɪm,n.,突然的(怪)念头，一时的兴致,英语专业四八级词汇表
whimsical,ˈhwɪmzɪkəl,adj.,异想天开的，突发奇想的,英语专业四八级词汇表
whip,hwɪp,n.,鞭子 v. 1. 用鞭子抽 2. 搅打(奶油、蛋等),英语专业四八级词汇表
whirl,hwɜːl,v.,1. 使旋转，使急转 2. 卷走 n. 1. 旋转，晕眩 2. 急速而混乱的动作或活动,英语专业四八级词汇表
whirlwind,ˈhwɜːlwɪnd,n.,旋风，龙卷风,英语专业四八级词汇表
whisk,hwɪsk,v.,1. 拂，掸 2. 突然移动或带走 3. 搅打(蛋等) n. 1. 拂，掸 2. 掸帚 3. 搅拌器,英语专业四八级词汇表
whisker,ˈhwɪskə,,n.,英语专业四八级词汇表
whisker,ˈhwɪskə,,(pl) (动物嘴边的)硬须，连鬓胡子,英语专业四八级词汇表
"whiskey, whisky",ˈhwɪskɪ,n.,威士忌,英语专业四八级词汇表
whisper,ˈhwɪspə,v.,1. 低声说，耳语 2. 暗中传说 3.,英语专业四八级词汇表
whisper,ˈhwɪspə,,(叶子、风等)发沙沙声，发飒飒声 n. 1. 低语，耳语 2. 谣传,英语专业四八级词汇表
whistle,ˈhwɪsl,n.,1. 哨子，口笛 2. 哨子声，汽笛声，呼啸声 v. 吹口笛，鸣汽笛,英语专业四八级词汇表
white,hwaɪt,adj.,1. 白的，雪白的 2. 苍白的 3. 白种(人)的  n. 1. 白色 2. 白种人 3. 蛋白，蛋清,英语专业四八级词汇表
whiten,ˈhwaɪtən,v.,使变白,英语专业四八级词汇表
whitewash,ˈwaɪtwɒʃ,n.,1. 石灰水 2. 粉饰，掩饰 3. 彻底失败 v. 1. 刷石灰水于… 2. 掩饰，美化,英语专业四八级词汇表
whizz,hwɪz,,v.,英语专业四八级词汇表
whizz,hwɪz,,(嗖嗖地)飞驰，掠过 n. 1. 嗖嗖声 2. 杰出的人，奇才,英语专业四八级词汇表
who,huː,prop.,谁，…的人,英语专业四八级词汇表
whoever,huːˈevə,prop.,不管谁，任何人,英语专业四八级词汇表
whole,həʊl,adj.,整个的，完全的 n. 全部，整体，全体 || on the whole总的看来,英语专业四八级词汇表
wholesale,ˈhəʊlseɪl,n.,& v. 批发 adj. &adv. 批发(的)，大规模(的),英语专业四八级词汇表
wholesome,ˈhəʊlsəm,adj.,1. 有益健康的 2.,英语专业四八级词汇表
wholesome,ˈhəʊlsəm,,(道德上)健康的,英语专业四八级词汇表
wholly,ˈhəʊllɪ,adv.,完全地，全部地,英语专业四八级词汇表
whom,huːm,prop.,谁,英语专业四八级词汇表
whoop,huːp,v.,大叫，欢呼 n. 欢呼，高喊,英语专业四八级词汇表
whose,huːz,prop.,&adj. 谁的,英语专业四八级词汇表
why,hwaɪ,adv.,为什么 int.,英语专业四八级词汇表
why,hwaɪ,,(表示惊讶、不耐烦等)哎呀，嘿,英语专业四八级词汇表
wick,wɪk,n.,蜡烛芯，灯芯 || get on someone’s wick使某人恼火,英语专业四八级词汇表
wicked,ˈwɪkɪd,adj.,1. 缺德的，牙区恶的 2. 淘气的，恶作剧的,英语专业四八级词汇表
wicker,ˈwɪkə,n.,编结的树枝或藤条,英语专业四八级词汇表
wide,waɪd,adj.,1. 宽的，宽阔的 2. 广大的，广泛的 adv. 完全地，充分地,英语专业四八级词汇表
widen,ˈwaɪdən,v.,变宽，加宽,英语专业四八级词汇表
widespread,ˌwaɪdˈspred,adj.,遍及各地的，普及的,英语专业四八级词汇表
widow,ˈwɪdəʊ,n.,寡妇,英语专业四八级词汇表
width,wɪdθ,n.,宽度,英语专业四八级词汇表
wield,wiːld,v.,行使，运用(权力、影响力等),英语专业四八级词汇表
wife,waɪf,n.,妻子,英语专业四八级词汇表
wig,wɪɡ,n.,假发,英语专业四八级词汇表
wiggle,ˈwɪɡl,v.,扭动，蠕动,英语专业四八级词汇表
wild,waɪld,adj.,1. 野的，野生的 2. 野蛮的，凶猛的 3. 狂热的，着迷的 4. 任性的，胡乱的,英语专业四八级词汇表
willing,ˈwɪlɪŋ,,adj·愿意的，乐意的，热心的,英语专业四八级词汇表
willow,ˈwɪləʊ,n.,柳，柳树,英语专业四八级词汇表
willpower,ˈwɪlˌpaʊə,n.,意志力，克制力,英语专业四八级词汇表
wilt,wɪlt,v.,1.,英语专业四八级词汇表
wilt,wɪlt,,(使)(植物)凋谢，枯萎 2.,英语专业四八级词汇表
wilt,wɪlt,,(使)(人)疲倦，颓丧,英语专业四八级词汇表
wily,ˈwaɪlɪ,adj.,狡猾的，诡计多端的,英语专业四八级词汇表
win,wɪn,v.,1. 赢，获胜 2. 赢得，获得 n. 胜利，成功,英语专业四八级词汇表
wince,wɪns,,v.,英语专业四八级词汇表
wince,wɪns,,(因疼痛、苦'Au等而)畏缩，退缩,英语专业四八级词汇表
windfall,ˈwɪndfɔːl,n.,意外的收获，横财,英语专业四八级词汇表
windmill,ˈwɪndmɪl,n.,风车磨坊，风车,英语专业四八级词汇表
window,ˈwɪndəʊ,n.,窗，窗户,英语专业四八级词汇表
windscreen,ˈwɪndskriːn,,n.,英语专业四八级词汇表
windscreen,ˈwɪndskriːn,,(汽车的)挡风玻璃,英语专业四八级词汇表
windy,ˈwɪndɪ,adj.,有风的，风大的,英语专业四八级词汇表
wine,waɪn,n.,葡萄酒，酒,英语专业四八级词汇表
wing,wɪŋ,n.,1. 翅膀 2. 机翼 3. 厢房，侧翼 4.,英语专业四八级词汇表
wing,wɪŋ,,(政党)左翼，右翼 v. 飞行，飞翔,英语专业四八级词汇表
wink,wɪŋk,v.,1. 眨眼，使眼色 2.,英语专业四八级词汇表
wink,wɪŋk,,(星或光)闪烁 n. 1. 眨眼 2. 一瞬间,英语专业四八级词汇表
winner,ˈwɪnə,n.,胜利者，赢家,英语专业四八级词汇表
winter,ˈwɪntə,n.,冬季 v. 过冬,英语专业四八级词汇表
wipe,waɪp,v.,抹，擦，去除 || wipe off除掉，去掉 /wipe out消灭，歼灭,英语专业四八级词汇表
wire,ˈwaɪə,n.,1. 金属丝，铁丝，电线 2.,英语专业四八级词汇表
wire,ˈwaɪə,,(AmE)电报 v. 1. 给…安装线路 2. 用金属丝缚 3.,英语专业四八级词汇表
wire,ˈwaɪə,,(AmE)打电报给(某人),英语专业四八级词汇表
wisdom,ˈwɪzdəm,n.,智慧,英语专业四八级词汇表
wise,waɪz,adj.,1. 聪明的，有智慧的 2. 有学识的，博学的,英语专业四八级词汇表
wish,wɪʃ,v.,1. 渴望，意欲 2. 祝，祝愿 n. 愿望,英语专业四八级词汇表
wisp,wɪsp,n.,小捆，小束，一把,英语专业四八级词汇表
wit,wɪt,n.,1. 才智，机智，机灵，诙谐 2. 机智的人，才子 || at one's wits' end智穷计尽,英语专业四八级词汇表
witch,wɪtʃ,n.,女巫，巫婆,英语专业四八级词汇表
witchcraft,ˈwɪtʃkrɑːft,n.,魔法，巫术,英语专业四八级词汇表
with,wɪð,prep.,1. 和…在一起 2. 具有，带有 3. 用 4. 至于，关于 5. 随着 6. 与…，跟… 7. 尽管,英语专业四八级词汇表
withdraw,wɪðˈdrɔː,v.,1. 收回，取回 2.,英语专业四八级词汇表
withdraw,wɪðˈdrɔː,,(使)撤退，(使)退出,英语专业四八级词汇表
withdrawal,wɪðˈdrɔːəl,n.,撤退，退回,英语专业四八级词汇表
wither,ˈwɪðə,,v.,英语专业四八级词汇表
wither,ˈwɪðə,,(使)枯萎，(使)凋谢,英语专业四八级词汇表
withhold,wɪðˈhəʊld,v.,不给，拒绝,英语专业四八级词汇表
within,wɪˈðɪn,prep.,1. 在…里面，在…内部 2. 在…范围之内，不超过,英语专业四八级词汇表
without,wɪˈðaʊt,prep.,没有，缺乏，不 || do without没有…也行,英语专业四八级词汇表
withstand,wɪðˈstænd,v.,经得起，顶得住,英语专业四八级词汇表
witness,ˈwɪtnɪs,n.,目击者，证人 v. 1. 目睹，目击 2. 表明，证明，显示,英语专业四八级词汇表
witty,ˈwɪtɪ,adj.,机智的，诙谐的,英语专业四八级词汇表
wizard,ˈwɪzəd,n.,1. 男巫，巫师 2. 鬼才，奇才,英语专业四八级词汇表
wobble,ˈwɒbl,v.,&n. 摇晃，晃动,英语专业四八级词汇表
woe,wəʊ,n.,1. 悲伤，忧伤  2. 苦难,英语专业四八级词汇表
woeful,ˈwəʊfʊl,adj.,悲伤的，忧伤的,英语专业四八级词汇表
wolf,wʊlf,n.,1. 狼 2. 色狼  || cry wolf发假情报，虚报危情,英语专业四八级词汇表
woman,ˈwʊmən,n.,1. 成年女子，妇女，女性 2. 女性特质,英语专业四八级词汇表
womanly,ˈwʊmənlɪ,adj.,有女子气质的，适合女子的  womanliness,英语专业四八级词汇表
wonder,ˈwʌndə,n.,1. 惊奇，惊叹 2. 奇迹，奇观 || do wonders; work wonders创造奇迹  v. 1. 想知道 2. 感到惊异,英语专业四八级词汇表
wonderful,ˈwʌndəfʊl,adj.,绝好的，了不起的,英语专业四八级词汇表
woo,wuː,v.,1. 向…求爱 2. 争取，追求,英语专业四八级词汇表
wood,wʊd,n.,1. 木材，木头 2. 树林，林地,英语专业四八级词汇表
wooden,ˈwʊdən,adj.,1. 木制的 2. 僵硬的，呆板的,英语专业四八级词汇表
wool,wʊl,n.,羊毛，毛线,英语专业四八级词汇表
"woollen, woolen",'wʊlən,adj.,羊毛制的,英语专业四八级词汇表
word,wɜːd,,12. 1. 词，词语 2. 简短的谈话，言语 3. 消息，信息 || have words with与…  吵嘴 [in other words换句话说，也就是说] word for word 逐字地,英语专业四八级词汇表
wording,ˈwɜːdɪŋ,n.,说法，措辞,英语专业四八级词汇表
work,wɜːk,n.,1. 工作，事 2. 职业 3. 作品，著作 || get to work开始工作 [in work有工作的] out of work失业 v. 1. 工作，干活 2. 运转，起作用 3. 使(某人)工作 4. 开动，操作 5. 安排，筹划 || work out①算出，解决(难题)②有…效果，产生…结果③设计，计划 /work up①激怒②(使自己) 逐步激起，产生③逐步发展,英语专业四八级词汇表
workbook,ˈwɜːkbʊk,n.,辅助练习册,英语专业四八级词汇表
worker,ˈwɜːkə,n.,工作者，劳动者,英语专业四八级词汇表
workload,ˈwɜːkləʊd,n.,工作负荷，工作量,英语专业四八级词汇表
workman,ˈwɜːkmən,,n.,英语专业四八级词汇表
workman,ˈwɜːkmən,,(特定行业的)工人，工匠，技工,英语专业四八级词汇表
works,wɜːks,n.,工厂,英语专业四八级词汇表
workshop,ˈwɜːkʃɒp,n.,1. 车间，工场 2. 研讨会，进修班,英语专业四八级词汇表
world,wɜːld,n.,1. 世界，宇宙 2. 界，领域，圈 3. 世人，世事 4. 大量，无数 || not for the world绝不 [on top of theworld幸福到极点] worlds apart天壤之别,英语专业四八级词汇表
worm,wɜːm,n.,1. 虫 2. 可怜虫，寄生虫，可鄙的人 v. 蠕动，扭动,英语专业四八级词汇表
worried,ˈwʌrɪd,adj.,担忧的，发愁的,英语专业四八级词汇表
worry,ˈwʌrɪ,,v.,英语专业四八级词汇表
worry,ˈwʌrɪ,,(使)烦恼，(使)担忧 n. 1. 烦恼，焦虑 2. 令人烦恼的人或事,英语专业四八级词汇表
worse,wɜːs,,(bad的比较级) adv. 1. 更坏，更糟 2. 更严重，更强烈 n. 更坏的事物,英语专业四八级词汇表
worship,ˈwɜːʃɪp,n.,& v. 崇拜，膜拜，敬慕,英语专业四八级词汇表
worst,wɜːst,,(bad的最高级)adj. &adv. 最坏(的)，最糟(的),英语专业四八级词汇表
worth,wɜːθ,prep.,1. 值 2. 值得 n. 价值,英语专业四八级词汇表
worthless,ˈwɜːθlɪs,adj.,1. 无价值的，无用的 2. 卑鄙的，品行不端的,英语专业四八级词汇表
worthwhile,wɜːθˈwaɪl,adj.,值得一试的，值得干的,英语专业四八级词汇表
worthy,ˈwɜːðɪ,adj.,1. 值得…的，足以…的 2. 值得尊敬的，值得注意的,英语专业四八级词汇表
would,wəd; wʊd,,aux.,英语专业四八级词汇表
would,wəd; wʊd,v.,1.,英语专业四八级词汇表
would,wəd; wʊd,,(表示过去将来时)将 2.,英语专业四八级词汇表
would,wəd; wʊd,,(表示意愿)愿，要，偏要 3.,英语专业四八级词汇表
would,wəd; wʊd,,(表示习惯性)总是，总会 4.,英语专业四八级词汇表
would,wəd; wʊd,,(表示推测)大概 5.,英语专业四八级词汇表
would,wəd; wʊd,,(表示虚拟、假设、条件等)要，将要，会，就会,英语专业四八级词汇表
wound,wuːnd,n.,伤口，创伤 v. 伤害，使受伤,英语专业四八级词汇表
wrap,ræp,v.,把…包起来，缠，捆 n. 披肩，围巾,英语专业四八级词汇表
wrapper,ˈræpə,n.,包装纸，封套，封皮,英语专业四八级词汇表
wrath,rɒθ,n.,愤怒，暴怒,英语专业四八级词汇表
wreath,riːθ,n.,花环，花圈,英语专业四八级词汇表
wreathe,riːð,v.,整个缠绕，将…做成环,英语专业四八级词汇表
wreck,rek,n.,1. 失事的船只，残骸 2. 破灭，毁坏 v. 摧毁，破坏,英语专业四八级词汇表
wreckage,ˈrekɪdʒ,n.,残骸，残余,英语专业四八级词汇表
wrench,rentʃ,n.,& v. 猛拧，一扭,英语专业四八级词汇表
wrest,rest,v.,1. 费力扭，拧 2. 费力取得,英语专业四八级词汇表
wrestle,resl,n.,1. 摔跤 2. 斗争，搏斗,英语专业四八级词汇表
wrestling,ˈreslɪŋ,n.,摔跤运动,英语专业四八级词汇表
wretched,ˈretʃɪd,adj.,1. 可怜的，悲惨的 2. 恶劣的，令人讨厌的,英语专业四八级词汇表
wriggle,ˈrɪɡl,v.,&n. 扭动，蠕动,英语专业四八级词汇表
wring,rɪŋ,v.,1. 把…拧干，扭，绞 2. 掐(脖子) 3. 榨取，勒索，逼供,英语专业四八级词汇表
wrinkle,ˈrɪŋkl,n.,皱纹 v.,英语专业四八级词汇表
wrinkle,ˈrɪŋkl,,(使)起皱纹,英语专业四八级词汇表
wrist,rɪst,n.,腕，腕关节,英语专业四八级词汇表
write,raɪt,v.,1. 书写，写 2. 填写，开列 3. 写信给,英语专业四八级词汇表
writer,ˈraɪtə,n.,作者，作家,英语专业四八级词汇表
writhe,raɪð,,v.,英语专业四八级词汇表
writhe,raɪð,,"(人体)扭动，翻滚(尤指因剧痛) || writhe at (under,",英语专业四八级词汇表
writhe,raɪð,,with) sth因某事遭受精神痛苦,英语专业四八级词汇表
writing,ˈraɪtɪŋ,n.,1. 笔迹，字迹 2. 文章 3. 写作，创作,英语专业四八级词汇表
wrong,rɒŋ,adj.,1. 不正当的，不法的 2. 错误的，不适当的 3. 失常的，有毛病的 n. 1. 邪恶，罪行 2. 不义，不公正的对待 || do wrong to…冤屈…，虐待…,英语专业四八级词汇表
wry,raɪ,adj.,1.,英语专业四八级词汇表
wry,raɪ,,(人五官)扭曲的 2. 抑揄的,英语专业四八级词汇表
X-chromosome,eksˈkrəʊməsəʊm,,n.,英语专业四八级词汇表
X-chromosome,eksˈkrəʊməsəʊm,,X染色体,英语专业四八级词汇表
xenophobia,ˌzenəˈfəʊbɪə,n.,恐惧外国人，排外,英语专业四八级词汇表
Xerox,ˈzɪərɒks,n.,1. 静电复印(法) 2.,英语专业四八级词汇表
Xerox,ˈzɪərɒks,,(施乐)静电复印机 v. 用静电复印法复印,英语专业四八级词汇表
X-ray,ˈeks reɪ,,n.,英语专业四八级词汇表
X-ray,ˈeks reɪ,,X射线，X光 adj.,英语专业四八级词汇表
X-ray,ˈeks reɪ,,X射线的，X光的 v. 用 X光检查,英语专业四八级词汇表
yacht,jɒt,n.,快艇，游艇,英语专业四八级词汇表
Yahoo,jəˈhuː,n.,1. 粗鲁的人 2. 雅虎网站,英语专业四八级词汇表
yank,jæŋk,v.,&n. 猛拉,英语专业四八级词汇表
Yankee,ˈjæŋkɪ,,，Yank n. 美国佬，美国人,英语专业四八级词汇表
yardstick,ˈjɑːdstɪk,,n.,英语专业四八级词汇表
yardstick,ˈjɑːdstɪk,,(计量或比较的)标准，码尺,英语专业四八级词汇表
yarn,jɑːn,n.,纱，线,英语专业四八级词汇表
yawn,jɔːn,v.,1. 打哈欠，欠身 2. 裂开，豁开 n. 1. 呵欠 2. 裂口，豁口,英语专业四八级词汇表
year,jɪə,n.,年，岁，年度 || all the year round一年到头 /year after year年复一年地/,英语专业四八级词汇表
year,jɪə,year,in year out年年，岁岁，每年如此,英语专业四八级词汇表
yearly,ˈjɪəlɪ,adj.,一年的，每年的 adv. 一年一次地，每年,英语专业四八级词汇表
yearn,jɜːn,v.,想念，思慕，渴望,英语专业四八级词汇表
yeast,jiːst,n.,酵母，发酵物,英语专业四八级词汇表
yell,jel,v.,叫喊，叫嚷 n. 叫喊声，呐喊,英语专业四八级词汇表
yellow,ˈjeləʊ,n.,黄色 adj. 黄色的,英语专业四八级词汇表
yeoman,ˈjəʊmən,n.,自耕农,英语专业四八级词汇表
yes,jes,adv.,是，是的,英语专业四八级词汇表
yesterday,ˈjestədɪ,adv.,昨天 n. 昨天,英语专业四八级词汇表
yet,jet,adv.,还，尚，仍然 conj. 可是，然而,英语专业四八级词汇表
yield,jiːld,v.,1. 结出(果实)，产生(效果，效益等) 2. 给与，让出 3. 使屈服，使顺从  n. 产量，收益,英语专业四八级词汇表
yoga,ˈjəʊɡə,n.,瑜伽派(印度哲学的一派)，瑜伽(术),英语专业四八级词汇表
yolk,jəʊk,n.,蛋黄，卵黄,英语专业四八级词汇表
you,juː,prop.,你，你们,英语专业四八级词汇表
young,jʌŋ,adj.,年轻的 n. 年轻人,英语专业四八级词汇表
youngster,ˈjʌŋstə,n.,小伙子，年轻人,英语专业四八级词汇表
your,jɔː,prop.,你的，你们的,英语专业四八级词汇表
yours,jɔːz,prop.,你(你们)的(所有物),英语专业四八级词汇表
yourself,jɔːˈself,,(pl yourselves) prop. 你(们)自己,英语专业四八级词汇表
youth,juːθ,n.,1. 年轻，青春 2. 青(少)年时代，青春时期,英语专业四八级词汇表
youthful,ˈjuːθfʊl,adj.,1. 年轻的，青年的 2. 具有青年特性的，适于青年的,英语专业四八级词汇表
yummy,ˈjʌmɪ,adj.,味道好的，好吃的,英语专业四八级词汇表
yuppie,ˈjʌpɪ,n.,雅皮士,英语专业四八级词汇表
zany,ˈzeɪnɪ,adj.,滑稽可笑的，古怪的,英语专业四八级词汇表
zeal,ziːl,n.,热心，热情,英语专业四八级词汇表
zealot,ˈzelət,,n.,英语专业四八级词汇表
zealot,ˈzelət,,(对宗教或政治)极热心的人，狂热者,英语专业四八级词汇表
zealous,ˈzeləs,adj.,热心的，热诚的,英语专业四八级词汇表
zebra,ˈzebrə,n.,斑马,英语专业四八级词汇表
zenith,ˈzenɪθ,n.,1. 天顶(观测者正上方的天空) 2.,英语专业四八级词汇表
zenith,ˈzenɪθ,,(权力、繁荣等的)顶点，巅峰,英语专业四八级词汇表
zero,ˈzɪərəʊ,n.,1. 零，零位 2. 最低点,英语专业四八级词汇表
zest,zest,n.,1. 极大的快乐和乐趣，兴趣 2. 热心，热情 || a zest for life热爱生活(人生),英语专业四八级词汇表
zigzag,ˈzɪɡzæɡ,n.,之字形线条(小径)等 adj.,英语专业四八级词汇表
zigzag,ˈzɪɡzæɡ,,(线条、小径等的)之字形的 v. 作之字形行进,英语专业四八级词汇表
zinc,zɪŋk,n.,锌,英语专业四八级词汇表
Zionism,ˈzaɪənɪzəm,n.,犹太复国主义(运动),英语专业四八级词汇表
zip,zɪp,n.,拉链，拉锁 v. 用拉锁扣上，拉上(拉链),英语专业四八级词汇表
zipper,ˈzɪpə,n.,拉链，拉锁 =(BrE) zip fastener,英语专业四八级词汇表
zone,zəʊn,n.,1. 地区，区域，范围 2. 地带 3. 邮区，时区,英语专业四八级词汇表
zoo,zuː,n.,动物园,英语专业四八级词汇表
zoologist,zʊˈɒlədʒɪst,n.,动物学家,英语专业四八级词汇表
zoology,zəʊˈɒlədʒɪ,n.,动物学,英语专业四八级词汇表
zoom,zuːm,v.,1.,英语专业四八级词汇表
zoom,zuːm,,(飞行器、汽车等)呼啸而过，迅速移动并发出嗡嗡声 2.,英语专业四八级词汇表
zoom,zuːm,,(价格、费用等)飞涨，急升 || zoom in (on sb /sth) /out (照相机等)用变焦距镜头时景物放大或缩小,英语专业四八级词汇表
Zulu,ˈzuːluː,n.,祖鲁人，祖鲁语 adj. 祖鲁人的，祖鲁语的,英语专业四八级词汇表
