word,phonetic,pos,definition,source
a,ə; e,,n.字母A；第一流的；学业成绩达最高标准的评价符号 abbr.[物]安（ampere）,高中
abandon,ə'bændən,,n.放任；狂热 v.遗弃；放弃,高中
ability,ə'bɪləti,,n.能力，能耐；才能,高中
able,'ebl,,a.能；[经管] 有能力的；能干的 n.(Able)人名；(伊朗)阿布勒；(英)埃布尔,高中
abnormal,æbˈnɔːrml,,a.反常的，不规则的；变态的,高中
aboard,ə'bɔrd,,ad.在飞机上；[船] 在船上；在火车上 prep.在…上,高中
abolish,ə'bɑlɪʃ,,v.废除，废止；取消，革除,高中
abortion,ə'bɔrʃən,,n.流产，堕胎，小产；流产的胎儿；（计划等）失败，夭折,高中
about,ə'baʊt,,prep.关于；大约 a.在附近的；四处走动的；在起作用的 ad.大约；周围；到处 n.大致；粗枝大叶；不拘小节的人,高中
above,ə'bʌv,,prep.超过；在……上面；在……之上 ad.在上面；在上文 a.上文的 n.上文,高中
abroad,ə'brɔd,,ad.在国外；到海外 a.往国外的 n.海外；异国,高中
abrupt,ə'brʌpt,,a.生硬的；突然的；唐突的；陡峭的,高中
absence,'æbsns,,n.没有；缺乏；缺席；不注意,高中
absent,ˈæbsənt,,a.缺席的；缺少的；心不在焉的；茫然的 v.使缺席,高中
absolute,'æbsəlut,,a.绝对的；完全的；专制的 n.绝对；绝对事物,高中
absorb,æbˈsɔrb; æbˈzɔrb; əbˈsɔrb,,v.吸收；吸引；承受；理解；使…全神贯注,高中
abstract,'æbstrækt,,n.摘要；抽象；抽象的概念 a.抽象的；深奥的 v.摘要；提取；使……抽象化；转移(注意力、兴趣等)；使心不在焉,高中
absurd,"əbˈsɚd, -ˈzɚd",,a.荒谬的；可笑的 n.荒诞；荒诞作品,高中
abundant,ə'bʌndənt,,a.丰富的；充裕的；盛产,高中
abuse,ə'bjus,,n.滥用；虐待；辱骂；弊端；恶习，陋习 v.滥用；虐待；辱骂,高中
academic,",ækə'dɛmɪk",,a.学术的；理论的；学院的 n.大学生，大学教师；学者,高中
academy,ə'kædəmi,,n.学院；研究院；学会；专科院校,高中
accelerate,əkˈsɛləˌret,,v.使……加快；使……增速,高中
accent,'æksɛnt,,n.口音；重音；强调；特点；重音符号 v.强调；重读；带…口音讲话,高中
accept,ækˈsɛpt; əkˈsɛpt,,v.接受；承认；承担；承兑；容纳,高中
access,'æksɛs,,v.使用；存取；接近 n.进入；使用权；通路,高中
accessible,ək'sɛsəbl,,a.易接近的；可进入的；可理解的,高中
anchor,'æŋkɚ,,n.锚；抛锚停泊；靠山；新闻节目主播 v.抛锚；使固定；主持节目 a.末棒的；最后一棒的,高中
accident,'æksədənt,,n.事故；意外；[法] 意外事件；机遇,高中
accommodation,"ə,kɑmə'deʃən",,n.住处，膳宿；调节；和解；预订铺位,高中
accompany,ə'kʌmpəni,,v.陪伴，伴随；伴奏,高中
accomplish,ə'kɑmplɪʃ,,v.完成；实现；达到,高中
account,ə'kaʊnt,,n.账户；解释；账目，账单；理由；描述 v.解释；导致；报账,高中
accountant,ə'kaʊntənt,,n.会计师；会计人员,高中
accumulate,ə'kjumjəlet,,v.累积；积聚,高中
accuracy,'ækjərəsi,,n.[数] 精确度，准确性,高中
accuse,ə'kjuz,,v.控告，指控；谴责；归咎于,高中
accustomed,ə'kʌstəmd,,a.习惯的；通常的；独有的 v.使习惯于（accustom的过去分词）,高中
ache,ek,,v.疼痛；渴望 n.疼痛,高中
achieve,ə'tʃiv,,v.取得；获得；实现；成功,高中
achievement,ə'tʃivmənt,,n.成就；完成；达到；成绩,高中
acid,'æsɪd,,n.酸；<俚>迷幻药 a.酸的；讽刺的；刻薄的,高中
acknowledge,ək'nɑlɪdʒ,,v.承认；答谢；报偿；告知已收到,高中
acquaintance,ə'kwentəns,,n.熟人；相识；了解；知道,高中
acquire,ə'kwaɪr,,v.获得；取得；学到；捕获,高中
acquisition,",ækwɪ'zɪʃən",,n.获得物，获得；收购,高中
acre,'ekɚ,,n.土地，地产；英亩,高中
across,ə'krɔs,,prep.穿过；横穿 ad.横过；在对面,高中
act,ækt,,v.扮演；装作，举动像 n.行为，行动；法令，法案；（戏剧，歌剧的）一幕，段；装腔作势,高中
action,'ækʃən,,n.行动；活动；功能；战斗；情节,高中
active,'æktɪv,,a.积极的；活跃的；主动的；有效的；现役的 n.主动语态；积极分子,高中
activity,æk'tɪviti,,n.活动；行动；活跃,高中
actor,'æktɚ,,n.男演员；行动者；作用物,高中
actress,'æktrɪs,,n.女演员,高中
actual,'æktʃuəl,,a.真实的，实际的；现行的，目前的,高中
acute,ə'kjut,,a.严重的，[医] 急性的；敏锐的；激烈的；尖声的,高中
AD,,,n.公元；广告（ad）,高中
adapt,ə'dæpt,,v.使适应；改编,高中
adaptation,",ædæp'teʃən",,n.适应；改编；改编本，改写本,高中
add,æd,,v.加；增加；加起来；做加法 n.加法，加法运算,高中
addicted,ə'dɪktɪd,,a.沉溺于某种（尤其是不良的）嗜好的；入了迷的，上了瘾的 v.使…上瘾（addict的过去分词）,高中
addition,ə'dɪʃən,,n.添加；[数] 加法；增加物,高中
address,ə'drɛs,,v.演说；从事；忙于；写姓名地址；向…致辞；与…说话；提出；处理 n.地址；演讲；致辞；说话的技巧；称呼,高中
adequate,ˈædɪkwət,,a.充足的；适当的；胜任的,高中
adjust,ə'dʒʌst,,v.调整，使…适合；校准,高中
adjustment,ə'dʒʌstmənt,,n.调整，调节；调节器,高中
administration,"əd,mɪnɪ'streʃən",,n.管理；行政；实施；行政机构,高中
admirable,'ædmərəbl,,a.令人钦佩的；极好的；值得赞扬的,高中
admire,ədˈmaɪr,,v.钦佩；赞美,高中
admission,əd'mɪʃən,,n.承认；入场费；进入许可；坦白；录用,高中
admit,əd'mɪt,,v.承认；准许进入；可容纳,高中
adolescence,",ædə'lɛsns",,n.青春期,高中
adolescent,",ædə'lɛsnt",,a.青春期的；未成熟的 n.青少年,高中
adopt,ə'dɑpt,,v.采取；接受；收养；正式通过,高中
adore,ə'dɔr,,v.崇拜；爱慕；喜爱；极喜欢 n.(Adore)人名；(法)阿多尔,高中
adult,'ædʌlt,,a.成年的；成熟的 n.成年人,高中
advance,əd'væns,,n.发展；前进；增长；预付款 v.提出；预付；使……前进；将……提前 a.预先的；先行的,高中
advantage,əd'væntɪdʒ,,n.优势；利益；有利条件 v.获利,高中
adventure,əd'vɛntʃɚ,,n.冒险；冒险精神；投机活动 v.冒险；大胆说出,高中
advertise,'ædvɚtaɪz,,v.通知；为…做广告；使突出,高中
advertisement,",ædvɚ'taɪzmənt",,n.广告，宣传,高中
advice,ædˈvaɪs; əd'vaɪs,,n.建议；忠告；劝告；通知,高中
advise,əd'vaɪz,,v.建议；劝告，忠告；通知；警告,高中
advocate,ˈædvəkeɪt；-et,,v.提倡，主张，拥护 n.提倡者；支持者；律师,高中
aeroplane,'ɛrə'plen,,n.飞机（等于airplane）,高中
affair,ə'fɛr,,n.事情；事务；私事；（尤指关系不长久的）风流韵事,高中
affect,ə'fɛkt,,v.影响；感染；感动；假装 n.情感；引起感情的因素,高中
affection,ə'fɛkʃən,,n.喜爱，感情；影响；感染,高中
afford,ə'fɔrd,,v.给予，提供；买得起 n.(Afford)人名；(英)阿福德,高中
afraid,ə'fred,,a.害怕的；恐怕；担心的,高中
Africa,ˈæfrɪkə,,n.非洲,高中
African,'æfrɪkən,,a.非洲的，非洲人的 n.非洲人,高中
after,'æftɚ,,ad.后来，以后 prep.在……之后 conj.在……之后 a.以后的,高中
afternoon,",æftɚ'nun",,n.午后，下午,高中
afterward,ˈæftərwərd,,ad.以后，后来,高中
again,ə'ɡɛn,,ad.又，此外；再一次；再说；增加 n.（英、保）阿盖恩,高中
against,ə'ɡɛnst,,prep.反对，违反；靠；倚；防备 a.不利的；对立的,高中
age,edʒ,,n.年龄；时代；寿命，使用年限；阶段 v.成熟；变老,高中
agency,'edʒənsi,,n.代理，中介；代理处，经销处,高中
agenda,ə'dʒɛndə,,n.议程；日常工作事项；日程表,高中
agent,'edʒənt,,n.代理人，代理商；药剂；特工 vt.由…作中介；由…代理 a.代理的,高中
aggression,ə'ɡrɛʃən,,n.侵略；进攻；侵犯；侵害,高中
aggressive,ə'ɡrɛsɪv,,a.侵略性的；好斗的；有进取心的；有闯劲的,高中
ago,ə'ɡo,,ad.以前，以往 a.以前的；过去的 n.(Ago)人名；(英、西、意、塞、瑞典)阿戈,高中
agree,ə'ɡri,,v.同意，赞成；承认；约定，商定,高中
agreement,ə'grimənt,,n.协议；同意，一致,高中
agricultural,",ægrɪ'kʌltʃərəl",,a.农业的；农艺的,高中
agriculture,'æɡrɪkʌltʃɚ,,n.农业；农耕；农业生产；农艺，农学,高中
ahead,ə'hɛd,,a.向前；在前的；领先 ad.向前地；领先地；在（某人或某事物的）前面；预先；在将来，为未来,高中
aid,ed,,n.援助；帮助；助手；帮助者 v.援助；帮助；有助于,高中
AIDS,edz,,abbr.获得性免疫缺乏综合征；爱滋病（Acquired Immune Deficiency Syndrome）,高中
aim,em,,v.目的在于；引导；把…对准 n.目的；目标；对准,高中
air,ɛr,,n.空气，大气；天空；样子；曲调 v.使通风，晾干；夸耀,高中
aircraft,'ɛr'kræft,,n.飞机，航空器,高中
airline,'ɛrlaɪn,,n.航空公司；航线 a.航线的,高中
airmail,'ɛrmel,,n.航空邮件,高中
airplane,ˈerpleɪn,,n.飞机,高中
airport,'ɛr'pɔrt,,n.机场；航空站,高中
airspace,'ɛr'spes,,n.空域；领空；空间,高中
alarm,ə'lɑrm,,n.闹钟；警报，警告器；惊慌 v.警告；使惊恐,高中
album,'ælbəm,,n.相簿；唱片集；集邮簿；签名纪念册,高中
alcohol,'ælkəhɔl,,n.酒精，乙醇,高中
alcoholic,",ælkə'hɔlɪk",,a.酒精的，含酒精的 n.酒鬼，酗酒者,高中
algebra,'ældʒɪbrə,,n.代数学,高中
alike,ə'laɪk,,a.相似的；相同的 ad.以同样的方式；类似于,高中
alive,ə'laɪv,,a.活着的；活泼的；有生气的,高中
all,ɔl,,a.全部的 ad.全然地；越发 n.全部 pron.全部,高中
allergic,ə'lɝdʒɪk,,a.对…过敏的；对…极讨厌的,高中
alley,'æli,,n.小巷；小路；小径,高中
allocate,'æləket,,v.分配；拨出；使坐落于,高中
allow,ə'laʊ,,v.允许；给予；认可,高中
allowance,ə'laʊəns,,n.津贴，零用钱；允许；限额 v.定量供应,高中
almost,'ɔlmost,,ad.差不多，几乎,高中
alone,ə'lon,,a.独自的；单独的；孤独的 ad.独自地；单独地,高中
along,ə'lɔŋ,,ad.一起；向前；来到 prep.沿着；顺着,高中
alongside,ə'lɔŋ'saɪd,,ad.在旁边 prep.在……旁边,高中
aloud,ə'laʊd,,ad.大声地；出声地,高中
alphabet,'ælfə'bɛt,,n.字母表，字母系统；入门，初步,高中
already,ɔl'rɛdi,,ad.已经，早已；先前,高中
also,'ɔlso,,ad.也；而且；同样 conj.并且；另外 n.(Also)人名；(罗)阿尔索,高中
alternative,ɔl'tɝnətɪv,,a.供选择的；选择性的；交替的 n.二中择一；供替代的选择,高中
although,ɔl'ðo,,conj.尽管；虽然；但是；然而,高中
altitude,'æltɪtud,,n.高地；高度；[数] 顶垂线；（等级和地位等的）高级；海拔,高中
altogether,",ɔltə'ɡɛðɚ",,ad.完全地；总共；总而言之 n.整个；裸体,高中
aluminium,",æljə'mɪnɪəm",,a.铝的 n.铝,高中
always,'ɔlwez,,ad.永远，一直；总是；常常,高中
am,ɛm,,abbr.调频，调谐，调幅（ amplitude modulation） v.（用于第一人称单数现在时） aux.（与v-ing连用构成现在进行时，与v-ed连用构成被动语态） n.（柬）安（人名）,高中
amateur,ˈæmətər,,n.爱好者；业余爱好者；外行 a.业余的；外行的,高中
amaze,ə'mez,,v.使吃惊,高中
amazing,ə'mezɪŋ,,a.令人惊异的 v.使吃惊（amaze的ing形式）,高中
ambassador,æm'bæsədɚ,,n.大使；代表；使节,高中
ambiguous,æm'bɪɡjuəs,,a.模糊不清的；引起歧义的,高中
ambition,æm'bɪʃən,,n.野心，雄心；抱负，志向 v.追求；有…野心,高中
ambulance,'æmbjələns,,n.[车辆][医] 救护车；战时流动医院,高中
America,əˈmɛrɪkə,,n.美洲（包括北美和南美洲）；美国,高中
American,əˈmɛrɪkən,,n.美国人，美洲人；美国英语 a.美国的，美洲的；地道美国式的,高中
among,ə'mʌŋ,,prep.在…中间；在…之中,高中
amount,ə'maʊnt,,v.总计，合计；相当于；共计；产生…结果 n.数量；总额，总数,高中
ample,'æmpl,,a.丰富的；足够的；宽敞的 n.(Ample)人名；(西)安普尔,高中
amuse,ə'mjuz,,v.娱乐；消遣；使发笑；使愉快,高中
amusement,ə'mjuzmənt,,n.消遣，娱乐；乐趣,高中
analysis,ə'næləsɪs,,n.分析；分解；验定,高中
analyze,"'ænə,laɪz",,v.对…进行分析，分解（等于analyse）,高中
ancestor,'ænsɛstɚ,,n.始祖，祖先；被继承人,高中
ancient,ˈeɪnʃənt,,a.古代的；古老的，过时的；年老的 n.古代人；老人,高中
and,"ənd, ən,ænd",,conj.和，与；就；而且；但是；然后 n.(And)人名；(土、瑞典)安德,高中
anecdote,'ænɪkdot,,n.轶事；奇闻；秘史,高中
anger,'æŋɡɚ,,n.怒，愤怒；忿怒 v.使发怒，激怒；恼火,高中
angle,'æŋɡl,,v.钓鱼；谋取 n.角度，角，方面,高中
angry,'æŋɡri,,a.生气的；愤怒的；狂暴的；（伤口等）发炎的,高中
animal,'ænɪml,,n.动物,高中
ankle,'æŋkl,,n.踝关节，踝,高中
anniversary,",ænɪ'vɝsəri",,n.周年纪念日,高中
announce,ə'naʊns,,v.宣布；述说；预示；播报,高中
announcement,ə'naʊnsmənt,,n.公告；宣告；发表；通告,高中
annoy,ə'nɔɪ,,v.骚扰；惹恼；打搅 n.烦恼（等于annoyance）,高中
annual,'ænjuəl,,a.年度的；每年的 n.年刊，年鉴；一年生植物,高中
another,ə'nʌðɚ,,a.又一，另一；另外的；不同的 pron.另一个；又一个 prep.另一个；另一个人,高中
answer,'ænsɚ,,v.回答；符合 n.回答；答案；答辩,高中
ant,ænt,,n.蚂蚁,高中
antique,æn'tik,,a.古老的，年代久远的；过时的，古董的；古风的，古式的 n.古董，古玩；古风，古希腊和古罗马艺术风格 v.觅购古玩,高中
anxiety,æŋ'zaɪəti,,n.焦虑；渴望；挂念；令人焦虑的事,高中
anxious,'æŋkʃəs,,a.焦虑的；担忧的；渴望的；急切的,高中
any,'ɛni,,a.任何的；所有的；丝毫 pron.任何；任何一个；若干 ad.稍微；少许 n.(Any)人名；(法、罗)阿尼,高中
anyhow,'ɛnɪ'haʊ,,ad.总之；无论如何；不管怎样,高中
anyone,'ɛnɪ'wʌn,,pron.任何人；任何一个,高中
anything,'ɛnɪ'θɪŋ,,pron.任何事,高中
anyway,'ɛnɪ'we,,ad.无论如何，不管怎样；总之,高中
anywhere,'ɛnɪwɛr,,ad.在任何地方；无论何处 n.任何地方,高中
apart,ə'pɑrt,,ad.相距；与众不同地；分离着 a.分离的；与众不同的,高中
apartment,ə'pɑrtmənt,,n.公寓；房间,高中
apologize,ə'pɑlədʒaɪz,,v.道歉；辩解；赔不是,高中
apology,ə'pɑlədʒi,,n.道歉；谢罪；辩护；勉强的替代物,高中
apparent,ə'pærənt,,a.显然的；表面上的,高中
appeal,ə'pil,,v.呼吁，恳求；上诉；诉诸，求助；有吸引力，迎合爱好；（体育比赛中）诉诸裁判 n.呼吁，请求；吸引力，感染力；上诉；诉诸裁判,高中
appear,ə'pɪr,,v.出现；显得；似乎；出庭；登场,高中
appearance,ə'pɪrəns,,n.外貌，外观；出现，露面,高中
appendix,ə'pɛndɪks,,n.附录；阑尾；附加物,高中
appetite,'æpɪtaɪt,,n.食欲；嗜好,高中
applaud,ə'plɔd,,v.赞同；称赞；向…喝彩,高中
apple,'æpl,,n.苹果，苹果树，苹果似的东西；[美俚]炸弹，手榴弹，（棒球的）球；[美俚]人，家伙。,高中
applicant,'æplɪkənt,,n.申请人，申请者；请求者,高中
application,ˌæpləˈkeʃən,,n.应用；申请；应用程序；敷用,高中
apply,ə'plaɪ,,v.申请；涂，敷；应用,高中
appoint,ə'pɔɪnt,,v.任命；指定；约定,高中
appointment,ə'pɔɪntmənt,,n.任命；约定；任命的职位,高中
appreciate,ə'priʃɪet,,v.欣赏；感激；领会；鉴别,高中
appreciation,"ə,priʃɪ'eʃən",,n.欣赏，鉴别；增值；感谢,高中
approach,ə'protʃ,,n.方法；途径；接近 v.接近；着手处理,高中
appropriate,əˈpropriɪt,,a.适当的；恰当的；合适的 v.占用，拨出,高中
approve,ə'prʊv,,v.批准；赞成；为…提供证据,高中
approximately,ə'prɑksɪmətli,,ad.大约，近似地；近于,高中
April,'eprəl,,n.四月,高中
apron,'eprən,,n.围裙；[航] 停机坪；舞台口 vt.着围裙于；围绕,高中
Arabic,ˈærəbɪk,,a.阿拉伯的；阿拉伯人的 n.阿拉伯语,高中
arbitrary,ˈɑːrbətreri,,a.[数] 任意的；武断的；专制的,高中
arch,ɑrtʃ,,n.弓形，拱形；拱门 a.主要的 v.使…弯成弓形；用拱连接,高中
architect,'ɑrkɪtɛkt,,n.建筑师,高中
architecture,'ɑrkə'tɛktʃɚ,,n.建筑学；建筑风格；建筑式样；架构,高中
Arctic,'ɑrktɪk,,a.北极的；极寒的 n.北极圈；御寒防水套鞋,高中
are,ɑr; ər,,v.是（be的第二人称单复数现在式） n.公亩,高中
area,'ɛrɪə,,n.区域，地区；面积；范围,高中
argue,'ɑrgjʊ,,v.争论，辩论；提出理由 n.(Argue)人名；(英、法)阿格,高中
argument,'ɑrɡjumənt,,n.论证；论据；争吵；内容提要,高中
arise,ə'raɪz,,v.出现；上升；起立 n.(Arise)人名；(西)阿里塞；(日)在濑(姓),高中
arithmetic,ə'rɪθmətɪk,,n.算术，算法,高中
arm,ɑrm,,n.手臂；武器；袖子；装备；部门 v.武装起来,高中
armchair,'ɑrmtʃɛr,,n.扶手椅，单人沙发 a.不切实际的,高中
army,'ɑrmi,,n.陆军，军队,高中
around,ə'raʊnd,,ad.大约；到处；在附近 prep.四处；在…周围,高中
arrange,ə'rendʒ,,v.安排；排列；整理,高中
arrangement,ə'rendʒmənt,,n.布置；整理；准备,高中
arrest,ə'rɛst,,v.逮捕；阻止；吸引 n.逮捕；监禁,高中
arrival,ə'raɪvəl,,n.到来；到达；到达者,高中
arrive,ə'raɪv,,v.到达；成功；达成；出生 n.(Arrive)人名；(法)阿里夫,高中
arrow,'æro,,n.箭，箭头；箭状物；箭头记号 vt.以箭头指示；箭一般地飞向,高中
art,ɑrt,,n.艺术；美术；艺术品 a.艺术的；艺术品的 v.是（be的变体）,高中
article,'ɑrtɪkl,,n.文章；物品；条款；[语] 冠词 v.订约将…收为学徒或见习生；使…受协议条款的约束,高中
artificial,",ɑrtɪ'fɪʃl",,a.人造的；仿造的；虚伪的；非原产地的；武断的,高中
artist,'ɑrtɪst,,n.艺术家；美术家（尤指画家）；大师,高中
as,"æz,əz",,conj.因为；随着；虽然；依照；当…时 prep.如同；当作；以…的身份 ad.同样地；和…一样的,高中
ash,æʃ,,n.灰；灰烬,高中
ashamed,ə'ʃemd,,a.惭愧的，感到难为情的；耻于……的,高中
Asia,ˈeʒə;ˈeʃə,,n.亚洲,高中
Asian,"ˈeʒən, ˈeʃən",,n.亚洲人 a.亚洲的；亚洲人的,高中
aside,ə'saɪd,,ad.离开，撇开；在旁边 n.旁白；私语，悄悄话；离题的话 prep.在…旁边,高中
ask,æsk,,v.问，询问；要求；需要；邀请；讨价 n.(Ask)人名；(芬、瑞典)阿斯克,高中
asleep,ə'slip,,a.睡着的；麻木的；长眠的 ad.熟睡地；进入睡眠状态,高中
aspect,'æspɛkt,,n.方面；方向；形势；外貌,高中
assess,ə'sɛs,,v.评定；估价；对…征税,高中
assessment,ə'sɛsmənt,,n.评定；估价,高中
assist,ə'sɪst,,n.帮助；助攻 v.参加；出席,高中
assistance,ə'sɪstəns,,n.援助，帮助；辅助设备,高中
assistant,ə'sɪstənt,,n.助手，助理，助教 a.辅助的，助理的；有帮助的,高中
associate,ə'soʃɪet,,v.交往；结交 n.同事，伙伴；关联的事物 a.副的；联合的,高中
association,"ə,soʃɪ'eʃən",,n.协会，联盟，社团；联合；联想,高中
assume,ə'sum,,v.假定；设想；承担；采取,高中
assumption,ə'sʌmpʃən,,n.假定；设想；担任；采取,高中
astonish,ə'stɑnɪʃ,,v.使惊讶,高中
astronaut,'æstrə'nɔt,,n.宇航员，航天员；太空旅行者,高中
astronomer,ə'strɑnəmɚ,,n.天文学家,高中
astronomy,ə'strɑnəmi,,n.天文学,高中
at,æt; ət,,prep.在（表示存在或出现的地点、场所、位置、空间）；以（某种价格、速度等）；向；达；因为；朝；忙于 n.阿特（老挝货币基本单位att）；[化]砹（极不稳定放射性元素） abbr.密封的（airtight）；气温（air temperature）,高中
athlete,'æθlit,,n.运动员，体育家；身强力壮的人,高中
athletic,æθ'lɛtɪk,,a.运动的，运动员的；体格健壮的,高中
athletics,æθ'lɛtɪks,,n.竞技；体育运动；田径运动,高中
Atlantic,ət'læntɪk,,n.大西洋 a.大西洋的,高中
atmosphere,'ætməsfɪr,,n.气氛；大气；空气,高中
atom,'ætəm,,n.原子,高中
attach,ə'tætʃ,,v.使依附；贴上；系上；使依恋,高中
attain,ə'ten,,v.达到，实现；获得；到达 n.成就,高中
attempt,ə'tɛmpt,,n.企图，试图；攻击 v.企图，试图；尝试,高中
attend,ə'tɛnd,,v.出席；上（大学等）；照料；招待；陪伴,高中
attention,ə'tɛnʃən,,n.注意力；关心；立正！（口令）,高中
attentively,ə'tentivli,,ad.注意地；聚精会神地；周到地,高中
attitude,'ætɪtʊd,,n.态度；看法；意见；姿势,高中
attract,ə'trækt,,v.吸引；引起,高中
attraction,ə'trækʃən,,n.吸引，吸引力；引力；吸引人的事物,高中
attractive,ə'træktɪv,,a.吸引人的；有魅力的；引人注目的,高中
audience,'ɔdɪəns,,n.观众；听众；读者；接见；正式会见；拜会,高中
August,ɔɡəst,,a.威严的；令人敬畏的 n.八月（简写为Aug）,高中
aunt,ænt,,n.阿姨；姑妈；伯母；舅妈,高中
Australia,ɔ'streljə,,n.澳大利亚，澳洲,高中
Australian,ɑ'strelɪən,,a.澳大利亚的，澳大利亚人的 n.澳大利亚人,高中
authentic,ɔ'θɛntɪk,,a.真正的，真实的；可信的,高中
author,'ɔθɚ,,n.作者；作家；创始人 v.创作出版,高中
authority,ə'θɔrəti,,n.权威；权力；当局,高中
automatic,'ɔtə'mætɪk,,a.自动的；无意识的；必然的 n.自动机械；自动手枪,高中
autonomous,ɔ'tɑnəməs,,a.自治的；自主的；自发的,高中
autumn,'ɔtəm,,n.秋天；成熟期；渐衰期，凋落期 a.秋天的，秋季的,高中
available,ə'veləbl,,a.可获得的；可购得的；可找到的；有空的,高中
avenue,'ævənu,,n.大街；林荫大道；[比喻](达到某物的)途径，手段，方法，渠道,高中
average,'ævərɪdʒ,,n.平均；平均数；海损 a.平均的；普通的；通常的 v.算出…的平均数；将…平均分配；使…平衡,高中
avoid,ə'vɔɪd,,v.避免；避开，躲避；消除,高中
awake,ə'wek,,v.觉醒，意识到；醒来；被唤起 a.醒着的,高中
award,ə'wɔrd,,v.授予；判定 n.奖品；判决,高中
aware,ə'wɛr,,a.意识到的；知道的；有…方面知识的；懂世故的 n.(Aware)人名；(阿拉伯、索)阿瓦雷,高中
away,əˈwe,,ad.离去，离开；在远处,高中
awesome,'ɔsəm,,a.令人敬畏的；使人畏惧的；可怕的；极好的,高中
awful,'ɔfl,,a.可怕的；极坏的；使人敬畏的,高中
awkward,'ɔkwɚd,,a.尴尬的；笨拙的；棘手的；不合适的,高中
Baby,bebɪ,,n.婴儿，婴孩；孩子气的人 v.纵容，娇纵；把……当婴儿般对待 a.婴儿的；幼小的,高中
bachelor,'bætʃəlɚ,,n.学士；单身汉；（尚未交配的）小雄兽,高中
back,bæk,,n.后面；背部；靠背；足球等的后卫；书报等的末尾 v.支持；后退；背书；下赌注 ad.以前；向后地；来回地；上溯；回来；回原处 a.后面的；过去的；拖欠的,高中
backache,ˈbækˌeɪk,,n.背痛；腰痛,高中
background,'bækɡraʊnd,,n.背景；隐蔽的位置 v.作…的背景 a.背景的；发布背景材料的,高中
backward,'bækwɚd,,a.向后的；反向的；发展迟缓的 ad.向后地；相反地,高中
bacon,'bekən,,n.咸肉；腌肉；熏猪肉,高中
bacterium,bæk'tɪrɪəm,,n.[微] 细菌；杆菌属,高中
bad,bæd,,a.坏的；严重的；劣质的 n.坏事；坏人 ad.很，非常；坏地；邪恶地,高中
badly,'bædli,,ad.非常，很；严重地，厉害地；恶劣地,高中
badminton,'bædmɪntən,,n.羽毛球,高中
bag,bæɡ,,n.袋；猎获物；（俚）一瓶啤酒 v.猎获；把…装入袋中；占据，私吞；使膨大,高中
baggage,'bæɡɪdʒ,,n.行李；[交] 辎重（军队的）,高中
bake,bek,,v.烤，烘焙 n.烤；烘烤食品,高中
bakery,'bekəri,,n.面包店,高中
balance,'bæləns,,n.平衡；余额；匀称 v.使平衡；结算；使相称,高中
balcony,'bælkəni,,n.阳台；包厢；戏院楼厅,高中
ball,bɔl,,n.球；舞会 v.成团块,高中
ballet,bæ'le,,n.芭蕾舞剧；芭蕾舞乐曲,高中
balloon,bə'lun,,v.激增；膨胀如气球 n.气球 a.像气球般鼓起的,高中
ballpoint,'bɔlpɔɪnt,,n.圆珠笔,高中
bamboo,",bæm'bu",,n.竹，竹子 vt.为…装上篾条 a.竹制的；土著居民的,高中
ban,bæn,,v.禁止，取缔 n.禁令，禁忌,高中
banana,bə'nænə,,n.香蕉；喜剧演员；大鹰钩鼻,高中
band,bænd,,n.带，环；[物] 波段；(演奏流行音乐的) 乐队 v.用带绑扎；给镶边,高中
bandage,'bændɪdʒ,,n.绷带 v.用绷带包扎,高中
bang,bæŋ,,n.刘海；重击；突然巨响 ad.直接地；砰然地；突然巨响地 v.重击；发巨响,高中
bank,bæŋk,,n.银行；岸；浅滩；储库 v.将…存入银行；倾斜转弯,高中
bar,bɑr,,n.条，棒；酒吧；障碍；法庭 v.禁止；阻拦 prep.除……外,高中
barbecue,'bɑrbɪkju,,n.烤肉；吃烤肉的野宴 v.烧烤；烤肉,高中
barber,'bɑrbɚ,,v.为…理发；修整 n.理发师,高中
barbershop,'bɑrbɚ'ʃɑp,,n.理发店 a.有男声合唱之和声的,高中
bare,bɛr,,a.空的；赤裸的，无遮蔽的 v.露出，使赤裸 n.(Bare)人名；(英)贝尔,高中
bargain,ˈbɑːɡɪn,,n.交易；便宜货；契约 v.讨价还价；议价；(谈价钱后)卖,高中
barrier,'bærɪɚ,,n.障碍物，屏障；界线 vt.把…关入栅栏,高中
base,bes,,n.基础；底部；垒 a.卑鄙的；低劣的 v.以…作基础,高中
basement,'besmənt,,n.地下室；地窖,高中
basic,'besɪk,,a.基本的；基础的 n.基础；要素,高中
basin,'besn,,n.水池；流域；盆地；盆,高中
basis,'besɪs,,n.基础；底部；主要成分；基本原则或原理,高中
basket,'bæskɪt,,n.篮子；（篮球比赛的）得分；一篮之量；篮筐 vt.装入篮,高中
basketball,'bæskɪtbɔl,,n.篮球；篮球运动,高中
bat,bæt,,n.蝙蝠；球棒；球拍；批处理文件的扩展名 v.用球棒击球；击球率达…,高中
bath,bɑːθ,,n.沐浴；浴室；浴盆 v.洗澡,高中
bathe,beð,,v.沐浴；用水洗 n.洗澡；游泳,高中
bathrobe,'bæθrob,,n.浴衣；睡衣,高中
bathroom,'bæθrum,,n.浴室；厕所；盥洗室,高中
bathtub,bæθtʌb,,n.浴缸,高中
battery,'bæt(ə)rɪ,,n.[电] 电池，蓄电池,高中
battle,'bætl,,n.战役；斗争 v.斗争；作战,高中
battleground,'bætlɡraund,,n.战场,高中
bay,be,,n.海湾；狗吠声 v.向…吠叫,高中
be,bi,,v.是； 有，存在； 做，成为； 发生 n.(Be)人名；(缅)拜；(日)部(姓)；(朝)培；(中非)贝,高中
beach,bitʃ,,n.海滩；湖滨 v.将…拖上岸,高中
beam,bim,,n.横梁；光线；电波；船宽；[计量] 秤杆 v.发送；以梁支撑；用…照射；流露,高中
bean,bin,,n.豆；嘴峰；毫无价值的东西 v.击…的头部,高中
beancurd,'bi:nkə:d,,n.豆腐,高中
bear,bɛr,,v.结果实，开花（正式） n.熊,高中
beard,bɪrd,,v.公然反对；抓…的胡须 n.胡须；颌毛,高中
beast,bist,,n.野兽；畜生，人面兽心的人,高中
beat,bit,,v.打；打败 n.拍子；敲击；有规律的一连串敲打 a.筋疲力尽的；疲惫不堪的,高中
beautiful,'bjʊtəfəl,,a.美丽的,高中
beauty,'bjuti,,n.美；美丽；美人；美好的东西,高中
because,bɪ'kɔz,,conj.因为,高中
become,bɪ'kʌm,,v.成为；变得；变成,高中
bed,bɛd,,n.床；基础；河底， 海底 v.使睡觉；安置，嵌入；栽种,高中
bedclothes,'bedkləuðz,,n.床上用品；铺盖,高中
beddings,'bɛdɪŋ,,n.寝具；（建筑）[建] 基床；（家畜）草垫 a.适于花坛种植的 vt.把…栽入苗床（bed的ing形式） vi.睡（bed的ing形式）,高中
bedroom,'bɛdrum,,n.卧室 a.两性关系的；城郊住宅区的,高中
bee,bi,,n.蜜蜂，蜂；勤劳的人,高中
beef,bif,,n.牛肉；肌肉；食用牛；牢骚 v.抱怨，告发；发牢骚,高中
beehive,'bihaɪv,,n.蜂窝；蜂箱,高中
beer,bɪr,,n.啤酒 vi.喝啤酒,高中
before,bɪ'fɔr,,prep.在…之前，先于 ad.以前；在前 conj.在…以前；在…之前,高中
beg,bɛɡ,,v.乞讨；恳求；回避正题 n.(Beg)人名；(德、塞、巴基)贝格,高中
begin,bɪ'ɡɪn,,v.开始 n.(Begin)人名；(以、德)贝京；(英)贝让,高中
beginning,bɪ'ɡɪnɪŋ,,n.开始；起点 v.开始；创建（begin的ing形式）,高中
behalf,bɪ'hæf,,n.代表；利益,高中
behave,bɪ'hev,,v.表现；（机器等）运转；举止端正；（事物）起某种作用,高中
behavious,,,n.行为,高中
behind,bɪ'haɪnd,,prep.落后于；支持；晚于 ad.在后地；在原处 n.屁股,高中
being,'biɪŋ,,n.存在；生命；本质；品格 a.存在的；现有的,高中
Belgium,'bɛldʒəm,,n.比利时（西欧国家，首都布鲁塞尔Brussels）,高中
belief,bɪ'lif,,n.相信，信赖；信仰；教义,高中
believe,bɪ'liv,,v.信任；料想；笃信宗教,高中
bell,bɛl,,n.铃，钟；钟声，铃声；钟状物 v.装钟于，系铃于,高中
belly,'bɛli,,n.腹部；胃；食欲 v.涨满；鼓起,高中
belong,bɪ'lɔŋ,,v.属于，应归入；居住；适宜；应被放置,高中
below,bɪ'lo,,ad.在下面，在较低处；在本页下面 prep.在…下面 n.(Below)人名；(英、德、芬、瑞典)贝洛,高中
belt,bɛlt,,n.带；腰带；地带 v.用带子系住；用皮带抽打,高中
bench,bɛntʃ,,n.长凳；工作台；替补队员 v.给…以席位；为…设置条凳,高中
bend,bɛnd,,v.使弯曲；使屈服；使致力；使朝向 n.弯曲,高中
beneath,bɪˈniːθ,,prep.在…之下 ad.在下方,高中
beneficial,",bɛnɪ'fɪʃl",,a.有益的，有利的；可享利益的,高中
benefit,'bɛnɪfɪt,,n.利益，好处；救济金 v.有益于，对…有益,高中
bent,bɛnt,,n.爱好，嗜好 a.弯曲的；决心的,高中
beside,bɪ'saɪd,,prep.在旁边；与…相比；和…无关,高中
besides,bɪ'saɪdz,,ad.此外；而且 prep.除…之外,高中
best,bɛst,,n.最好的人，最好的事物；最佳状态 a.最好的 ad.最好地 v.打败，胜过,高中
betray,bɪ'tre,,v.背叛；出卖；泄露（秘密）；露出…迹象,高中
better,'bɛtɚ,,n.长辈；较好者；打赌的人（等于bettor） ad.更好的；更多的；较大程度地 a.较好的 v.改善；胜过,高中
between,bɪ'twin,,prep.在…之间 ad.在中间,高中
beyond,bɪ'jɑnd,,prep.超过；越过；那一边；在较远的一边 ad.在远处；在更远处 n.远处,高中
bicycle,'baɪsɪkl,,n.自行车 v.骑脚踏车,高中
bid,bɪd,,v.投标；出价；表示；吩咐 n.出价；叫牌；努力争取,高中
big,bɪɡ,,a.大的；重要的；量大的 ad.大量地；顺利；夸大地 n.(Big)人名；(土)比格,高中
bike,baɪk,,n.自行车；脚踏车 v.骑自行车（或摩托车）,高中
bill,bɪl,,n.[法] 法案；广告；账单；[金融] 票据；钞票；清单 v.宣布；开账单；用海报宣传,高中
billion,'bɪljən,,n.十亿；大量 num.十亿 a.十亿的,高中
bingo,'bɪŋɡo,,n.宾戈游戏,高中
biochemistry,'baɪo'kɛmɪstri,,n.生物化学,高中
biography,baɪ'ɑɡrəfi,,n.传记；档案；个人简介,高中
biology,baɪ'ɑlədʒi,,n.（一个地区全部的）生物；生物学,高中
bird,bɝd,,n.鸟；家伙；羽毛球 v.向…喝倒彩；起哄,高中
birdcage,'bɝdkedʒ,,n.鸟笼；鸟笼状物；信号灯；宿舍,高中
birth,bɝθ,,n.出生；血统，出身；起源,高中
birthday,'bɝθde,,n.生日，诞辰；诞生的日子,高中
birthplace,'bɝθ'ples,,n.出生地,高中
biscuit,'bɪskɪt,,n.小点心，饼干,高中
bishop,'bɪʃəp,,n.（基督教的）主教；（国际象棋的）象,高中
bit,bɪt,,n.[计] 比特（二进位制信息单位）；少量；马嚼子；辅币；老一套；一点，一块 vt.控制 a.很小的；微不足道的 ad.有点儿；相当,高中
bite,baɪt,,v.咬；刺痛 n.咬；一口；咬伤；刺痛 abbr.机内测试设备（Built-In Test Equipment）,高中
bitter,'bɪtɚ,,a.苦的；痛苦的；尖刻的；充满仇恨的 n.苦味；苦啤酒 ad.激烈地；严寒刺骨地 v.使变苦,高中
black,blæk,,a.黑色的；黑人的；邪恶的 n.黑色；黑人；黑颜料 v.使变黑；把鞋油等涂在…上；把（眼眶）打成青肿,高中
blackboard,'blækbɔrd,,n.黑板,高中
blame,blem,,v.责备；归咎于 n.责备；责任；过失,高中
blank,blæŋk,,a.空白的；空虚的；单调的 n.空白；空虚；空白表格 v.使…无效；使…模糊；封锁,高中
blanket,'blæŋkɪt,,n.毛毯，毯子；毯状物，覆盖层 a.总括的，全体的；没有限制的 v.覆盖，掩盖；用毯覆盖,高中
bleed,blid,,v.使出血；榨取,高中
bless,blɛs,,v.祝福；保佑；赞美 n.(Bless)人名；(英、意、德、匈)布莱斯,高中
blind,blaɪnd,,a.盲目的；瞎的 ad.盲目地；看不见地 n.掩饰，借口；百叶窗 v.使失明；使失去理智,高中
block,blɑk,,n.块；街区；大厦；障碍物 v.阻止；阻塞；限制；封盖 a.成批的，大块的；交通堵塞的,高中
blood,blʌd,,n.血，血液；血统 v.从…抽血；使先取得经验,高中
blouse,blaʊs,,n.宽松的上衣；女装衬衫 vt.使…宽松下垂 vi.宽松下垂,高中
blow,blo,,n.吹；打击；殴打 v.风吹；喘气,高中
blue,blu,,n.蓝色；[复数]（美国海、陆、空三军穿的）蓝色制服；蓝颜料；[the blue(s)][用作单数或复数]布鲁斯（歌曲）（一种伤感的美国黑人民歌 a.蓝色的；沮丧的，忧郁的；下流的 v.把…染成蓝色；使成蓝色；给…用上蓝剂；用上蓝剂于,高中
board,bɔrd,,n.董事会；木板；甲板；膳食 v.上（飞机、车、船等）；用板盖上；给提供膳宿,高中
boat,bot,,n.小船；轮船 v.划船,高中
boating,'bəutiŋ,,n.划船 a.划船的 v.划船（boat的ing形式）,高中
boil,bɔɪl,,v.煮沸，沸腾；激动，激昂 n.沸腾，煮沸；疖子,高中
bomb,bɑm,,v.轰炸，投弹于 n.炸弹,高中
bond,bɑnd,,n.债券；结合；约定；粘合剂；纽带 v.结合，团结在一起,高中
bone,bon,,n.骨；骨骼 v.剔去的骨；施骨肥于,高中
bonus,'bonəs,,n.奖金；红利；额外津贴,高中
book,bʊk,,n.书籍；卷；帐簿；名册；工作簿 v.预订；登记,高中
bookcase,'bʊkkes,,n.[家具] 书柜，书架,高中
bookmark,'bʊkmɑrk,,n.书签（等于bookmarker）；标记,高中
bookshelf,ˈbʊkʃɛlf,,n.书架,高中
bookshop,'bʊkʃɑp,,n.书店,高中
bookstore,bʊkstɔr,,n.书店（等于bookshop）,高中
boom,buːm,,v.使兴旺；发隆隆声 n.繁荣；吊杆；隆隆声,高中
boot,but,,v.引导；踢；解雇；使穿靴 n.靴子；踢；汽车行李箱,高中
booth,bʊθ,,n.货摊；公用电话亭,高中
bored,bɔrd,,a.无聊的；无趣的；烦人的 v.使厌烦（bore的过去式）；烦扰,高中
boring,'bɔrɪŋ,,a.无聊的；令人厌烦的 n.钻孔 v.钻孔；使厌烦；挖空（bore的ing形式）,高中
born,bɔrn,,v.出世（bear的过去分词） a.天生的 n.(Born)人名；(柬)邦；(英、西、俄、捷、德、瑞典、匈)博恩,高中
borrow,'bɑro,,v.借；借用；从其他语言中引入 n.(Borrow)人名；(英)博罗,高中
boss,bɑs,,n.老板；首领；工头 v.指挥，调遣；当…的领导,高中
botanical,bə'tænɪkl,,a.植物学的 n.植物性药材,高中
botany,'bɑtəni,,n.植物学；地区植物总称,高中
both,boθ,,a.两个的；两者的 ad.并；又；两者皆 pron.双方都；两者都 conj.既…且… n.(Both)人名；(德、罗、捷、南非、匈)博特,高中
bottle,'bɑtl,,n.瓶子；一瓶的容量 v.控制；把…装入瓶中,高中
bottom,'bɑtəm,,n.底部；末端；臀部；尽头 a.底部的 v.装底；测量深浅；查明真相,高中
bounce,baʊns,,n.跳；弹力；活力 v.弹跳；使弹起,高中
bound,baʊnd,,a.有义务的；必定的；受约束的；装有封面的 v.束缚；使跳跃 n.范围；跳跃,高中
boundary,'baʊndri,,n.边界；范围；分界线,高中
bow,baʊ,,n.弓；鞠躬；船首 v.鞠躬；弯腰 a.弯曲的,高中
bowl,bol,,n.碗；木球；大酒杯 v.玩保龄球；滑动；平稳快速移动,高中
bowling,'bolɪŋ,,n.滚木球戏；保龄球戏 v.打保龄球（bowl的现在分词）,高中
box,bɑks,,n.箱，盒子；包厢；一拳 v.拳击,高中
boxing,'bɑksɪŋ,,n.拳击；装箱；围模；做箱的材料 v.将…装入盒中（box的ing形式）,高中
boy,bɔɪ,,n.男孩；男人,高中
boycott,'bɔɪkɑt,,v.联合抵制；拒绝参加 n.联合抵制,高中
brain,bren,,n.头脑，智力；脑袋 v.猛击…的头部,高中
brake,brek,,v.刹车 n.闸，刹车；阻碍,高中
branch,bræntʃ,,v.分支；出现分歧 n.树枝，分枝；分部；支流,高中
brand,brænd,,v.铭刻于，铭记；打烙印于；印…商标于 n.商标，牌子；烙印,高中
brave,brev,,a.勇敢的；华丽的 v.勇敢地面对 n.勇士,高中
bravery,'brevəri,,n.勇敢；勇气,高中
bread,brɛd,,n.面包；生计 v.在…上洒面包屑,高中
break,brek,,v.打破；折断；弄坏；削弱 n.破裂；间断；（持续一段时间的状况的）改变；间歇,高中
breakfast,'brɛkfəst,,n.早餐；早饭 v.吃早餐,高中
breakthrough,'brek'θrʊ,,n.突破；突破性进展,高中
breast,brɛst,,n.乳房，胸部；胸怀；心情 v.以胸对着；与…搏斗,高中
breath,brɛθ,,n.呼吸，气息；一口气，（呼吸的）一次；瞬间，瞬息；微风；迹象；无声音，气音,高中
breathe,brið,,v.呼吸；低语；松口气；（风）轻拂,高中
breathless,'brɛθləs,,a.喘不过气来的；停止呼吸的,高中
brewery,'bruəri,,n.啤酒厂,高中
brick,brɪk,,n.砖，砖块；砖形物；心肠好的人 v.用砖砌 a.用砖做的；似砖的,高中
bride,braɪd,,n.新娘；姑娘，女朋友,高中
bridegroom,'braɪdɡrum,,n.新郎,高中
bridge,brɪdʒ,,n.桥；桥牌；桥接器；船桥 v.架桥；渡过,高中
brief,brif,,a.简短的，简洁的；短暂的，草率的 n.摘要，简报；概要，诉书 v.简报，摘要；作…的提要,高中
bright,braɪt,,a.明亮的，鲜明的；聪明的；愉快的 ad.明亮地；光明地；欢快地 n.车头灯光,高中
brilliant,'brɪljənt,,a.灿烂的，闪耀的；杰出的；有才气的；精彩的，绝妙的,高中
bring,brɪŋ,,v.带来；促使；引起；使某人处于某种情况或境地 n.(Bring)人名；(英、瑞典)布林,高中
Britain,'brɪtən,,n.英国；不列颠,高中
British,'brɪtɪʃ,,a.英国的；英国人的；大不列颠的 n.英国人,高中
broad,brɔd,,a.宽的，辽阔的；显著的；大概的 n.宽阔部分 ad.宽阔地,高中
broadcast,'brɔdkæst,,v.播送，播放；（无线电或电视）广播；播撒（种子） n.广播；播音；广播节目 a.广播的,高中
brochure,bro'ʃʊr,,n.手册，小册子,高中
broken,'brokən,,a.破碎的；坏掉的 v.折断；打碎；损坏（break的过去分词）,高中
broom,brum,,n.扫帚；金雀花 v.扫除,高中
brother,'brʌðɚ,,n.兄弟；同事；战友 int.我的老兄！,高中
brotherhood,'brʌðɚhʊd,,n.兄弟关系；手足情谊；四海之内皆兄弟的信念,高中
brown,braʊn,,a.棕色的，褐色的；太阳晒黑的 v.变成褐色 n.褐色，棕色,高中
brunch,brʌntʃ,,n.早午餐,高中
brush,brʌʃ,,n.刷子；画笔；毛笔；争吵；与某人有效冲突；灌木丛地带；矮树丛；狐狸尾巴 v.刷；画；,高中
bucket,'bʌkɪt,,n.桶，水桶；铲斗；一桶的量 v.倾盆而下；颠簸着行进,高中
Buddhism,'bʊdɪzəm,,n.佛教,高中
Buddhist,'budist,,n.佛教徒 a.佛教的,高中
budget,'bʌdʒɪt,,n.预算，预算费 v.安排，预定；把…编入预算 a.廉价的,高中
buffet,bə'fe,,n.自助餐；小卖部；打击；猛烈冲击 v.与…搏斗；连续猛击 a.自助的；自助餐的,高中
build,bɪld,,v.建立；建筑 n.构造；体形；体格,高中
building,'bɪldɪŋ,,n.建筑；建筑物 v.建筑；建立；增加（build的ing形式）,高中
bun,bʌn,,n.小圆面包,高中
bunch,bʌntʃ,,n.群；串；突出物 v.隆起；打褶；形成一串,高中
bungalow,ˈbʌŋɡəˌlo,,n.平房；小屋,高中
burden,'bɝdn,,n.负担；责任；船的载货量 v.使负担；烦扰；装货于,高中
bureaucratic,",bjʊrə'krætɪk",,a.官僚的；官僚政治的,高中
burglar,'bɝɡlɚ,,n.夜贼，窃贼,高中
burial,'bɛrɪəl,,n.埋葬；葬礼；弃绝 a.埋葬的,高中
burn,bɝn,,v.燃烧；烧毁，灼伤；激起…的愤怒 n.灼伤，烧伤；烙印,高中
burst,bɝst,,v.爆发，突发；爆炸 n.爆发，突发；爆炸,高中
bury,'bɛri,,v.埋葬；隐藏 n.(Bury)人名；(法)比里；(英、西)伯里；(德、意、罗、波、捷、匈)布里；(俄)布雷,高中
bus,bʌs,,n.公共汽车,高中
bush,bʊʃ,,n.灌木；矮树丛 v.以灌木装饰；使…精疲力竭 a.如灌木般长得低矮的；粗野的,高中
business,ˈbɪznəs,,n.商业；[贸易] 生意；[贸易] 交易；事情,高中
businessman,'bɪznəsmæn,,n.商人,高中
businesswoman,"'biznis,wumən",,n.女商人,高中
busy,'bɪzi,,a.忙碌的；热闹的；正被占用的 v.使忙于 n.(Busy)人名；(匈)布希；(法)比西,高中
but,bʌt,,conj.但是；而是；然而 ad.仅仅，只 prep.除…以外 n.(But)人名；(俄、罗)布特；(越)笔,高中
butcher,ˈbʊtʃər,,v.屠杀 n.屠夫,高中
butter,'bʌtɚ,,v.涂黄油于；讨好 n.黄油；奶油；奉承话,高中
butterfly,'bʌtɚflaɪ,,n.蝴蝶；蝶泳；举止轻浮的人；追求享乐的人,高中
button,'bʌtn,,n.按钮；纽扣 v.扣住；扣紧；在…上装纽扣,高中
buy,baɪ,,v.购买；获得；贿赂 n.购买，买卖；所购的物品,高中
by,baɪ,,prep.通过；被；依据；经由；在附近；在……之前 ad.通过；经过；附近；[互联网] 白俄罗斯的国家代码顶级域名,高中
bye,baɪ,,int.再见 n.轮空；次要的东西 a.次要的,高中
cab,kæb,,n.驾驶室；出租汽车；出租马车 v.乘出租马车（或汽车）,高中
cabbage,ˈkæbɪdʒ,,n.卷心菜，甘蓝菜，洋白菜；（俚)脑袋；（非正式、侮辱）植物人（常用于英式英语）；（俚）钱，尤指纸币（常用于美式俚语）,高中
cafeteria,",kæfə'tɪrɪə",,n.自助餐厅,高中
cage,kedʒ,,n.笼，兽笼；牢房，监狱 v.把…关进笼子；把…囚禁起来,高中
cake,kek,,n.蛋糕；块状物；利益总额 v.使结块,高中
calculate,'kælkjulet,,v.计算；以为；作打算,高中
call,kɔl,,v.呼叫；拜访；叫牌 n.电话；呼叫；要求；访问,高中
calm,kɑm,,a.静的，平静的；沉着的 v.使平静；使镇定 n.风平浪静,高中
camel,'kæml,,n.[畜牧][脊椎] 骆驼；打捞浮筒；工作作风官僚 a.驼色的；暗棕色的 vi.工作刻板平庸,高中
camera,'kæmərə,,n.照相机；摄影机,高中
camp,kæmp,,v.露营；扎营 n.露营,高中
campaign,kæm'pen,,v.作战；参加竞选；参加活动 n.运动；活动；战役,高中
Canada,'kænədə,,n.加拿大（北美洲国家）,高中
Canadian,kə'nedɪən,,a.加拿大（人）的 n.加拿大人,高中
canal,kə'næl,,n.运河；[地理] 水道；[建] 管道；灌溉水渠 v.在…开凿运河,高中
cancel,'kænsl,,v.取消；删去 n.取消，撤销,高中
cancer,'kænsɚ,,n.癌症；恶性肿瘤,高中
candidate,"ˈkændɪˌdet, -dɪt",,n.候选人，候补者；应试者,高中
candle,'kændl,,n.蜡烛；烛光；烛形物 v.对着光检查,高中
candy,'kændi,,v.用糖煮；使结晶为砂糖；美化 n.糖果（等于sweets）；冰糖（等于sugar candy，rock candy）；毒品 a.新潮的（服饰）；甜言蜜语的,高中
canteen,kænˈtiːn,,n.食堂，小卖部；水壶,高中
cap,kæp,,n.盖；帽子 v.脱帽致意,高中
capital,'kæpɪtl,,n.首都，省会；资金；大写字母；资本家 a.首都的；重要的；大写的,高中
capsule,ˈkæpsul,,n.胶囊；[植] 蒴果；太空舱；小容器 a.压缩的；概要的 v.压缩；简述,高中
captain,ˈkæptən,,n.队长，首领；船长；上尉；海军上校 v.指挥；率领,高中
caption,'kæpʃən,,n.标题；字幕；说明；逮捕 v.加上说明；加上标题,高中
car,kɑr,,n.汽车；车厢,高中
carbon,'kɑrbən,,n.[化学] 碳；碳棒；复写纸 a.碳的；碳处理的,高中
card,kɑrd,,n.卡片；纸牌；明信片 v.记于卡片上,高中
care,kɛr,,n.关怀；照料；谨慎；忧虑 v.照顾；关心；喜爱；顾虑,高中
careful,'kɛrfl,,a.仔细的，小心的,高中
careless,'kɛrləs,,a.粗心的；无忧无虑的；淡漠的 n.(Careless)人名；(英)凯尔利斯,高中
carpenter,ˈkɑːrpəntər,,n.木匠，木工 v.当木匠，做木匠工作,高中
carpet,'kɑrpɪt,,v.在…上铺地毯，把地毯铺在…上；斥责 n.地毯；地毯状覆盖物,高中
carriage,'kærɪdʒ,,n.运输；运费；四轮马车；举止；客车厢,高中
carrier,'kærɪɚ,,n.[化学] 载体；运送者；带菌者；货架,高中
carrot,'kærət,,n.胡萝卜,高中
carry,'kæri,,v.拿，扛；携带；支持；搬运 n.运载；[计] 进位；射程,高中
cartoon,kɑr'tun,,n.卡通片，[电影] 动画片；连环漫画 v.为…画漫画,高中
carve,kɑrv,,v.雕刻；切开；开创 n.(Carve)人名；(西、瑞典)卡韦,高中
case,kes,,n.情况；实例；箱 v.包围；把…装于容器中,高中
cash,kæʃ,,n.现款，现金 v.将…兑现；支付现款,高中
cassette,kə'sɛt,,n.盒式磁带；暗盒；珠宝箱；片匣,高中
cast,kæst,,v.投，抛；计算；浇铸；投射（光、影、视线等） n.投掷，抛；铸件，[古生] 铸型；演员阵容；脱落物,高中
castle,'kæsl,,n.城堡；象棋中的车 v.置…于城堡中；筑城堡防御,高中
casual,'kæʒʊəl,,a.随便的；非正式的；临时的；偶然的 n.便装；临时工人；待命士兵,高中
cat,kæt,,n.猫，猫科动物,高中
catalogue,'kætəlɔɡ,,n.目录；（美）大学情况一览 v.把…编入目录,高中
catastrophe,kə'tæstrəfi,,n.大灾难；大祸；惨败,高中
catch,kætʃ,,v.赶上；抓住；感染；了解 n.捕捉；捕获物；窗钩,高中
category,'kætəɡɔri,,n.种类，分类；[数] 范畴,高中
cater,'ketɚ,,v.投合，迎合；满足需要；提供饮食及服务 n.(Cater)人名；(英)凯特,高中
cathedral,kə'θidrəl,,n.大教堂,高中
catholic,kæθəlɪk,,a.天主教的；宽宏大量的 n.天主教徒；罗马天主教,高中
cattle,'kætl,,n.牛；牲畜（骂人的话）；家畜；无价值的人,高中
cause,kɔz,,n.原因；事业；目标 v.引起；使遭受,高中
caution,'kɔʃən,,n.小心，谨慎；警告，警示 v.警告,高中
cautious,'kɔʃəs,,a.谨慎的；十分小心的,高中
cave,kev,,v.使凹陷，使塌落；在…挖洞穴 n.洞穴，窑洞,高中
CD,",si: 'di:",,abbr.光盘，激光唱片（Compact Disc）；呼叫设备（Calling Device）；中央地区（Central District）；商务部（Commerce Department）,高中
ceiling,'silɪŋ,,n.天花板；上限,高中
celebrate,'sɛlɪbret,,v.庆祝；举行；赞美；祝贺；宣告,高中
celebration,",sɛlɪ'breʃən",,n.庆典，庆祝会；庆祝；颂扬,高中
cell,sɛl,,n.细胞；电池；蜂房的巢室；单人小室 vi.住在牢房或小室中,高中
cellar,'sɛlɚ,,n.地窖；酒窖；地下室 vt.把…藏入地窖,高中
cent,sɛnt,,n.分；一分的硬币；森特（等于半音程的百分之一）,高中
centigrade,'sɛntɪɡred,,a.摄氏的；[仪] 摄氏温度的；百分度的,高中
centimetre,'sɛntɪmitɚ,,n.厘米；公分,高中
central,'sɛntrəl,,a.中心的；主要的；中枢的 n.电话总机,高中
centre,sɛntɚ,,v.以…为中心 n.中心 a.中央的,高中
century,'sɛntʃəri,,n.世纪，百年；（板球）一百分,高中
ceremony,ˈsɛrəˌmoʊni,,n.典礼，仪式；礼节，礼仪；客套，虚礼,高中
certain,'sɝtn,,a.某一；必然的；确信；无疑的；有把握的 pron.某些；某几个 n.(Certain)人名；(葡)塞尔塔因；(法)塞尔坦,高中
certainly,'sɝtnli,,ad.当然；行（用于回答）；必定,高中
certificate,"sɚˈtɪfɪkɪt; (for v.,) sɚˈtɪfɪˌket",,v.发给证明书；以证书形式授权给…；用证书批准 n.证书；执照，文凭,高中
chain,tʃen,,n.链；束缚；枷锁 v.束缚；囚禁；用铁链锁住,高中
chair,tʃɛr,,n.椅子；讲座；（会议的）主席位；大学教授的职位 v.担任（会议的）主席；使…入座；使就任要职,高中
chairman,'tʃɛrmən,,n.主席，会长；董事长,高中
chairwoman,"'tʃεə,wumən",,n.女主席；女议长,高中
chalk,tʃɔk,,v.用粉笔写；用白垩粉擦；记录；规划 n.粉笔；白垩；用粉笔划的记号 a.用粉笔写的,高中
challenge,'tʃælɪndʒ,,n.挑战；怀疑 v.向…挑战；对…质疑,高中
challenging,'tʃælɪndʒɪŋ,,a.挑战的；引起挑战性兴趣的 v.要求；质疑；反对；向…挑战；盘问（challenge的ing形式）,高中
champion,'tʃæmpɪən,,n.冠军；拥护者；战士 v.支持；拥护 a.优胜的；第一流的,高中
chance,tʃæns,,n.机会，际遇；运气，侥幸；可能性 v.偶然发生；冒……的险,高中
change,tʃendʒ,,v.改变；交换 n.变化；找回的零钱,高中
changeable,'tʃendʒəbl,,a.无常的；可改变的；易变的；不定的,高中
channel,'tʃænl,,v.引导，开导；形成河道 n.通道；频道；海峡,高中
chant,tʃænt,,n.圣歌；赞美诗 v.唱；诵扬,高中
chaos,'keɑs,,n.混沌，混乱,高中
chapter,'tʃæptɚ,,n.章，回；（俱乐部、协会等的）分会；人生或历史上的重要时期 vt.把…分成章节,高中
character,'kærəktɚ,,n.性格，品质；特性；角色；[计] 字符 v.印，刻；使具有特征,高中
characteristic,",kærəktə'rɪstɪk",,a.典型的；特有的；表示特性的 n.特征；特性；特色,高中
charge,tʃɑrdʒ,,n.费用；电荷；掌管；控告；命令；负载 v.使充电；使承担；指责；装载；对…索费；向…冲去,高中
chart,tʃɑrt,,n.图表；海图；图纸；排行榜 v.绘制…的图表；在海图上标出；详细计划；记录；记述；跟踪（进展或发展,高中
chat,tʃæt,,v.聊天；闲谈 n.聊天；闲谈,高中
cheap,tʃip,,a.便宜的；小气的；不值钱的 ad.便宜地,高中
cheat,tʃit,,v.欺骗；骗取 n.欺骗，作弊；骗子,高中
check,tʃɛk,,v.检查，核对；制止，抑制；在…上打勾 n.<美>支票；制止，抑制；检验，核对,高中
cheek,tʃik,,n.面颊，脸颊；臀部 v.无礼地向…讲话，对…大胆无礼,高中
cheer,tʃɪr,,v.欢呼；使高兴；为…加油 n.欢呼；愉快；心情；令人愉快的事,高中
cheerful,'tʃɪrfl,,a.快乐的；愉快的；高兴的,高中
cheers,tʃɪrz,,v.感谢；谢谢；再见,高中
cheese,tʃiz,,n.[食品] 奶酪；干酪；要人 v.停止 a.叛变的；胆小的,高中
chef,ʃɛf,,n.厨师，大师傅,高中
chemical,'kɛmɪkl,,n.化学制品，化学药品 a.化学的,高中
chemist,'kɛmɪst,,n.化学家；化学工作者；药剂师；炼金术士,高中
chemistry,'kɛmɪstri,,n.化学；化学过程,高中
cheque,tʃɛk,,n.支票,高中
chess,tʃɛs,,n.国际象棋，西洋棋,高中
chest,tʃɛst,,n.胸，胸部；衣柜；箱子；金库,高中
chew,tʃʊ,,n.咀嚼；咀嚼物 v.嚼碎，咀嚼,高中
chick,tʃɪk,,n.小鸡；小鸟；少妇 a.胆小的；懦弱的,高中
chicken,ˈtʃɪkən,,n.鸡肉；小鸡；胆小鬼，懦夫 a.鸡肉的；胆怯的；幼小的,高中
chief,tʃif,,n.首领；酋长；主要部分 a.首席的；主要的；主任的 ad.主要地；首要地,高中
child,tʃaɪld,,n.儿童，小孩，孩子；产物；子孙；幼稚的人；弟子,高中
childhood,'tʃaɪldhʊd,,n.童年时期；幼年时代,高中
chimney,'tʃɪmni,,n.烟囱,高中
China,tʃaɪnə,,n.中国 a.中国的；中国制造的,高中
Chinese,",tʃai'ni:z",,n.中文，汉语；中国人 a.中国的，中国人的；中国话的,高中
chips,tʃips,,n.[食品] 炸土豆条；小木片；（作赌注用的）圆形筹码；缺口（chip的复数形式）,高中
chocolate,'tʃɑklət,,n.巧克力，巧克力糖；巧克力色 a.巧克力色的；巧克力口味的,高中
choice,tʃɔɪs,,n.选择；选择权；精选品 a.精选的；仔细推敲的,高中
choir,'kwaɪɚ,,n.唱诗班；合唱队；舞蹈队 v.合唱,高中
choke,tʃok,,v.呛；使窒息；阻塞；抑制；扑灭 n.窒息；噎；[动力] 阻气门,高中
choose,tʃuz,,v.选择，决定,高中
chopsticks,"'tʃɑp,stɪks",,n.筷子,高中
chorus,'kɔrəs,,n.合唱队；齐声；歌舞队 v.合唱；异口同声地说,高中
Christian,'krɪstʃən,,n.基督徒，信徒 a.基督教的；信基督教的,高中
Christmas,ˈkrɪsməs,,n.圣诞节；圣诞节期间,高中
church,tʃɝtʃ,,n.教堂；礼拜；教派 a.教会的；礼拜的 v.领…到教堂接受宗教仪式,高中
cigar,sɪ'ɡɑr,,n.雪茄,高中
cigarette,"ˌsɪɡəˈrɛt, ˈsɪɡəˌrɛt",,n.香烟；纸烟,高中
cinema,'sɪnəmə,,n.电影；电影院；电影业，电影制作术,高中
circle,'sɝkl,,n.循环，周期；圆；圈子；圆形物 v.盘旋，旋转；环行,高中
circuit,'sɝkɪt,,n.[电子] 电路，回路；巡回；一圈；环道 v.环行,高中
circulate,'sɝkjəlet,,v.传播，流传；循环；流通,高中
circumstance,'sɝkəmstæns,,n.环境，情况；事件；境遇,高中
circus,'sɝkəs,,n.马戏；马戏团,高中
citizen,'sɪtɪzn,,n.公民；市民；老百姓,高中
city,'sɪti,,n.城市，都市 a.城市的；都会的,高中
civil,'sɪvl,,a.公民的；民间的；文职的；有礼貌的；根据民法的 n.(Civil)人名；(土)吉维尔；(法)西维尔,高中
civilian,sə'vɪlɪən,,a.民用的；百姓的，平民的 n.平民，百姓,高中
civilization,",sɪvələ'zeʃən",,n.文明；文化,高中
clap,klæp,,v.鼓掌，拍手；啪地关上 n.鼓掌；拍手声,高中
clarify,'klærəfaɪ,,v.澄清；阐明,高中
class,klæs,,n.阶级；班级；种类；班；等级 v.分类；把…分等级；把…归入某等级，把…看作（或分类、归类）；把…编入某一班级 a.极好的；很好的，优秀的，出色的,高中
classic,'klæsɪk,,a.经典的；古典的，传统的；最优秀的 n.名著；经典著作；大艺术家,高中
classical,'klæsɪkl,,a.古典的；经典的；传统的；第一流的 n.古典音乐,高中
classify,'klæsɪfaɪ,,v.分类；分等,高中
classmate,'klæsmet,,n.同班同学,高中
classroom,'klæs'rʊm; 'klæs'rʊm,,n.教室,高中
claw,klɔ,,n.爪；螯，钳；爪形器具 v.用爪抓（或挖）,高中
clay,kle,,n.[土壤] 粘土；泥土；肉体；似黏土的东西 vt.用黏土处理,高中
clean,klin,,a.清洁的，干净的；清白的 v.使干净 ad.完全地 n.打扫,高中
cleaner,'klinɚ,,n.[化工] 清洁剂；清洁工；干洗店；干洗商；洗洁器,高中
clear,klɪr,,a.清楚的；清澈的；晴朗的；无罪的 v.通过；清除；使干净；跳过 ad.清晰地；完全地 n.清除；空隙,高中
clearly,'klɪrli,,ad.清晰地；明显地；无疑地；明净地,高中
clerk,klɝk,,n.职员，办事员；店员；书记；记账员；<古>牧师，教士 v.当销售员，当店员；当职员,高中
clever,'klɛvɚ,,a.聪明的；机灵的；熟练的,高中
click,klɪk,,v.点击；使发咔哒声 n.单击；滴答声,高中
climate,'klaɪmət,,n.气候；风气；思潮；风土,高中
climb,klaɪm,,v.爬；攀登；上升 n.爬；攀登,高中
clinic,'klɪnɪk,,n.临床；诊所,高中
clock,klɑk,,n.时钟；计时器 v.记录；记时,高中
clone,klon,,n.克隆；无性系；无性繁殖；靠营养生殖而由母体分离繁殖的植物 v.无性繁殖，复制,高中
close,kloz,,a.紧密的；亲密的；亲近的 v.关；结束；使靠近 ad.紧密地 n.结束,高中
cloth,klɔθ,,n.布；织物；桌布 a.布制的,高中
clothes,kloz,,n.衣服,高中
clothing,'kloðɪŋ,,n.（总称）[服装] 服装；帆装 v.覆盖（clothe的ing形式）；给…穿衣,高中
cloud,klaʊd,,n.云；阴云；云状物；一大群；黑斑 v.使混乱；以云遮敝；使忧郁；玷污,高中
cloudy,'klaʊdi,,a.多云的；阴天的；愁容满面的,高中
club,klʌb,,n.俱乐部，社团；夜总会；棍棒；（扑克牌中的）梅花 v.用棍棒打；募集 a.俱乐部的,高中
clumsy,'klʌmzi,,a.笨拙的,高中
coach,kotʃ,,n.教练；旅客车厢；长途公车；四轮大马车 v.训练；指导,高中
coal,kol,,v.上煤；加煤 n.煤；煤块；木炭,高中
coast,kost,,v.滑行；沿岸航行 n.海岸；滑坡,高中
coat,kot,,n.外套 v.覆盖…的表面,高中
cock,kɑk,,n.公鸡；龙头；雄鸟；头目 v.使竖起；使耸立；使朝上,高中
cocoa,'koko,,n.可可粉；可可豆；可可饮料；深褐色,高中
coffee,'kɔfi,,n.咖啡；咖啡豆；咖啡色,高中
coin,kɔɪn,,v.铸造（货币）；杜撰，创造 n.硬币，钱币,高中
coincidence,ko'ɪnsɪdəns,,n.巧合；一致；同时发生,高中
coke,kok,,n.焦炭；可卡因；可口可乐（Coca-Cola） v.焦化,高中
cold,kold,,a.寒冷的；冷淡的，不热情的；失去知觉的 n.寒冷；感冒 ad.完全地,高中
collar,'kɑlɚ,,n.衣领；颈圈 v.抓住；给…上领子；给…套上颈圈,高中
colleague,'kɑliɡ,,n.同事，同僚,高中
collect,kə'lɛkt,,v.收集；募捐 ad.由收件人付款地 a.由收件人付款的 n.(Collect)人名；(英)科莱克特,高中
collection,kə'lɛkʃən,,n.采集，聚集；[税收] 征收；收藏品；募捐,高中
college,'kɑlɪdʒ,,n.大学；学院；学会,高中
collision,kə'lɪʒən,,n.碰撞；冲突；（意见，看法）的抵触；（政党等的）倾轧,高中
colour,'kʌlɚ,,v.把…涂颜色，粉饰；歪曲；使脸红 n.颜色；风格；气色，面色；外貌,高中
comb,kom,,n.梳子；蜂巢；鸡冠 v.梳头发；梳毛,高中
combine,kəm'baɪn,,v.使化合；使联合，使结合 n.联合收割机；联合企业,高中
come,kʌm,,v.来；开始；出现；发生；变成；到达 int.嗨！ n.(Come)人名；(英)科姆；(阿尔巴)乔梅,高中
comedy,'kɑmədi,,n.喜剧；喜剧性；有趣的事情,高中
comfort,'kʌmfɚt,,n.安慰；舒适；安慰者 v.安慰；使（痛苦等）缓和,高中
comfortable,'kʌmftəbl,,a.舒适的，舒服的 n.盖被,高中
comma,'kɑmə,,n.逗号；停顿,高中
command,kə'mænd,,v.命令，指挥；控制 n.指挥，控制；命令；司令部,高中
comment,'kɑmɛnt,,n.评论；意见；批评 v.发表评论；发表意见,高中
commercial,kə'mɝʃəl,,a.商业的；营利的；靠广告收入的 n.商业广告,高中
commit,kə'mɪt,,v.犯罪，做错事；把交托给；指派…作战；使…承担义务,高中
commitment,kə'mɪtmənt,,n.承诺，保证；委托；承担义务；献身,高中
committee,kə'mɪti,,n.委员会,高中
common,'kɑmən,,a.共同的；普通的；一般的；通常的 n.普通；平民；公有地,高中
communicate,kə'mjunɪket,,v.通讯，传达；相通；交流；感染,高中
communication,"kə,mjunɪ'keʃən",,n.通讯，[通信] 通信；交流；信函,高中
communism,'kɑmjʊ'nɪzəm,,n.共产主义,高中
communist,'kɑmjənɪst,,n.共产党员；共产主义者 a.共产主义的,高中
companion,kəm'pænɪən,,n.同伴；朋友；指南；手册 v.陪伴,高中
company,'kʌmpəni,,n.公司；陪伴，同伴；连队 v.交往,高中
compare,kəm'pɛr,,n.比较 v.比拟，喻为；[语]构成,高中
compass,'kʌmpəs,,n.指南针，罗盘；圆规 v.包围,高中
compensate,'kɑmpɛnset,,v.补偿，赔偿；抵消,高中
compete,kəm'pit,,v.竞争；比赛；对抗,高中
competence,'kɑmpɪtəns,,n.能力，胜任；权限；作证能力；足以过舒适生活的收入,高中
competition,",kɑmpə'tɪʃən",,n.竞争；比赛，竞赛,高中
competitor,kəm'pɛtɪtɚ,,n.竞争者，对手,高中
complete,kəm'plit,,a.完整的；完全的；彻底的 v.完成,高中
complex,"kəm'plɛks; 'kɑm,plɛks",,a.复杂的；合成的 n.复合体；综合设施,高中
component,kəm'ponənt,,a.组成的，构成的 n.成分；组件；[电子] 元件,高中
composition,",kɑmpə'zɪʃən",,n.作文，作曲，作品；[材] 构成；合成物；成分,高中
comprehension,",kɑmprɪ'hɛnʃən",,n.理解；包含,高中
compromise,'kɑmprəmaɪz,,v.妥协；危害 n.妥协，和解；折衷,高中
compulsory,kəm'pʌlsəri,,a.义务的；必修的；被强制的 n.（花样滑冰、竞技体操等的）规定动作,高中
computer,kəm'pjutɚ,,n.计算机；电脑；电子计算机,高中
comrade,'kɑmræd,,n.同志；伙伴,高中
concentrate,'kɑnsn'tret,,v.集中；浓缩；全神贯注；聚集 n.浓缩，精选；浓缩液,高中
concept,'kɑnsɛpt,,n.观念，概念,高中
concern,kən'sɝn,,v.涉及，关系到；使担心 n.关系；关心；关心的事；忧虑,高中
concert,'kɑnsɚt,,n.音乐会；一致；和谐 v.使协调；协同安排 a.音乐会用的；在音乐会上演出的,高中
conclude,kən'klud,,v.推断；决定，作结论；结束,高中
conclusion,kən'kluʒn,,n.结论；结局；推论,高中
concrete,'kɑŋkrit,,a.混凝土的；实在的，具体的；有形的 v.凝结 n.具体物；凝结物,高中
condemn,kən'dɛm,,v.谴责；判刑，定罪；声讨,高中
condition,kən'dɪʃən,,n.条件；情况；环境；身份 v.决定；使适应；使健康；以…为条件,高中
conduct,kən'dʌkt,,v.导电；带领 n.进行；行为；实施,高中
conductor,kən'dʌktɚ,,n.导体；售票员；领导者；管理人,高中
conference,'kɑnfərəns,,n.会议；讨论；协商；联盟；（正式）讨论会；[工会、工党用语]（每年的）大会 vi.举行或参加（系列）会议,高中
confident,'kɑnfɪdənt,,a.自信的；确信的,高中
confidential,",kɑnfɪ'dɛnʃl",,a.机密的；表示信任的；获信任的,高中
confirm,kən'fɝm,,v.确认；确定；证实；批准；使巩固,高中
conflict,'kɑnflɪkt,,n.冲突，矛盾；斗争；争执 v.冲突，抵触；争执；战斗,高中
confuse,kən'fjʊz,,v.使混乱；使困惑,高中
congratulate,kən'ɡrætʃulet,,v.祝贺；恭喜；庆贺,高中
congratulation,"kən,ɡrætʃu'leʃən",,n.祝贺；贺辞,高中
connect,kə'nɛkt,,v.连接；联合；关连,高中
connection,kə'nɛkʃən,,n.连接；关系；人脉；连接件,高中
conscience,ˈkɑːnʃəns,,n.道德心，良心,高中
consensus,kən'sɛnsəs,,n.一致；舆论；合意,高中
consequence,'kɑnsəkwɛns,,n.结果；重要性；推论,高中
conservation,",kɑnsɚ'veʃən",,n.保存，保持；保护,高中
conservative,kən'sɝvətɪv,,a.保守的 n.保守派，守旧者,高中
consider,kən'sɪdɚ,,v.考虑；认为；考虑到；细想,高中
considerate,kənˈsɪdərɪt,,a.体贴的；体谅的；考虑周到的,高中
consideration,"kən,sɪdə'reʃən",,n.考虑；原因；关心；报酬,高中
consist,kən'sɪst,,v.由…组成；在于；符合,高中
consistent,kən'sɪstənt,,a.始终如一的，一致的；坚持的,高中
constant,'kɑnstənt,,a.不变的；恒定的；经常的 n.[数] 常数；恒量,高中
constitution,'kɑnstə'tʊʃən,,n.宪法；体制；章程；构造；建立，组成；体格,高中
construct,kən'strʌkt,,v.建造，构造；创立 n.构想，概念,高中
construction,kən'strʌkʃən,,n.建设；建筑物；解释；造句,高中
consult,kən'sʌlt,,v.查阅；商量；向…请教,高中
consultant,kən'sʌltənt,,n.顾问；咨询者；会诊医生,高中
consume,kənˈsum,,v.消耗，消费；使…著迷；挥霍,高中
contain,kən'ten,,v.包含；控制；容纳；牵制（敌军）,高中
container,kən'tenɚ,,n.集装箱；容器,高中
contemporary,kən'tɛmpərɛri,,n.同时代的人；同时期的东西 a.当代的；同时代的；属于同一时期的,高中
content,'kɑntɛnt,,n.内容，目录；满足；容量 a.满意的 v.使满足,高中
continent,'kɑntɪnənt,,n.大陆，洲，陆地 a.自制的，克制的,高中
continue,kən'tɪnju,,v.继续，延续；仍旧，连续,高中
contradict,'kɑntrə'dɪkt,,v.反驳；否定；与…矛盾；与…抵触,高中
contradictory,",kɑntrə'dɪktəri",,a.矛盾的；反对的；反驳的；抗辩的 n.对立物；矛盾因素,高中
contrary,'kɑntrɛri,,a.相反的；对立的 ad.相反地 n.相反；反面,高中
contribute,kən'trɪbjut,,v.贡献，出力；投稿；捐献,高中
contribution,",kɑntrɪ'bjuʃən",,n.贡献；捐献；投稿,高中
control,kən'trol,,n.控制；管理；抑制；操纵装置 v.控制；管理；抑制,高中
controversial,",kɑntrə'vɝʃl",,a.有争议的；有争论的,高中
convenience,kən'vinɪəns,,n.便利；厕所；便利的事物,高中
convenient,kən'vinɪənt,,a.方便的；[废语]适当的；[口语]近便的；实用的,高中
conventional,kən'vɛnʃənl,,a.符合习俗的，传统的；常见的；惯例的,高中
conversation,",kɑnvɚ'seʃən",,n.交谈，会话；社交；交往，交际；会谈；（人与计算机的）人机对话,高中
convey,kən've,,v.传达；运输；让与,高中
convince,kən'vɪns,,v.说服；使确信，使信服,高中
cook,kʊk,,v.烹调，煮 n.厨师，厨子,高中
cooker,'kʊkɚ,,n.炊具；烹饪用水果；窜改者,高中
cookie,'kʊki,,n.饼干；小甜点,高中
cool,kul,,a.凉爽的；冷静的；出色的 v.使…冷却；使…平静下来 n.凉爽；凉爽的空气 ad.冷静地,高中
copy,'kɑpi,,v.复制；复印；抄袭 n.副本；一册；摹仿,高中
coral,'kɔrəl,,n.珊瑚；珊瑚虫 a.珊瑚的；珊瑚色的,高中
cordless,'kɔrdləs,,n.不用电线的 a.无线的（副词cordlessly）,高中
corn,kɔrn,,n.（美）玉米；（英）谷物；[皮肤] 鸡眼 v.腌；使成颗粒,高中
corner,'kɔrnɚ,,n.角落，拐角处；地区，偏僻处；困境，窘境 v.囤积；相交成角,高中
corporation,",kɔrpə'reʃən",,n.公司；法人（团体）；社团；大腹便便；市政当局,高中
correct,kə'rɛkt,,v.改正；告诫 a.正确的；恰当的；端正的,高中
correction,kə'rɛkʃən,,n.改正，修正,高中
correspond,",kɔrə'spɑnd",,v.符合，一致；相应；通信,高中
corrupt,kə'rʌpt,,a.腐败的，贪污的；堕落的 v.使腐烂；使堕落，使恶化,高中
cost,kɔst,,v.花费；使付出；使花许多钱 n.费用，代价，成本；损失,高中
cosy,ˈkozi,,a.舒适的；惬意的 n.保温罩,高中
cottage,'kɑtɪdʒ,,n.小屋；村舍；（农舍式的）小别墅,高中
cotton,'kɑtn,,n.棉花；棉布；棉线 v.一致；理解；和谐；亲近 a.棉的；棉制的,高中
cough,kɔf,,n.咳嗽，咳嗽声；咳嗽病 v.咳出,高中
could,kʊd,,aux.能够 v.能（can的过去式）,高中
count,kaʊnt,,v.计算；认为 n.计数；计算；伯爵,高中
counter,'kaʊntɚ,,n.柜台；对立面；计数器；（某些棋盘游戏的）筹码 v.反击，还击；反向移动，对着干；反驳，回答 a.相反的 ad.反方向地；背道而驰地,高中
country,'kʌntri,,n.国家，国土；国民；乡下，农村；乡村；故乡 a.祖国的，故乡的；地方的，乡村的；国家的；粗鲁的；乡村音乐的,高中
countryside,'kʌntrɪsaɪd,,n.农村，乡下；乡下的全体居民,高中
couple,'kʌpl,,n.对；夫妇；数个 v.结合；成婚,高中
courage,'kɝrɪdʒ,,n.勇气；胆量,高中
course,kɔrs,,n.科目；课程；过程；进程；道路；路线，航向；一道菜 v.追赶；跑过,高中
court,kɔrt,,n.法院；球场；朝廷；奉承 v.招致（失败、危险等）；向…献殷勤；设法获得,高中
courtyard,'kɔrtjɑrd,,n.庭院，院子；天井,高中
cousin,'kʌzn,,n.堂兄弟姊妹；表兄弟姊妹,高中
cover,'kʌvɚ,,v.包括；采访，报导；涉及 n.封面，封皮；盖子；掩蔽物;幌子，借口,高中
cow,kaʊ,,n.奶牛，母牛；母兽 v.威胁，恐吓,高中
cowboy,'kaʊbɔɪ,,n.牛仔；牧童；莽撞的人,高中
crash,kræʃ,,n.撞碎；坠毁；破产；轰隆声；睡觉 v.摔碎；坠落；发出隆隆声；(金融企业等)破产,高中
crayon,ˈkreɪən; ˈkreɪˌɑn,,n.蜡笔，有色粉笔 v.以蜡笔作画，用颜色粉笔画,高中
crazy,'krezi,,a.疯狂的；狂热的，着迷的,高中
cream,krim,,n.奶油，乳脂；精华；面霜；乳酪,高中
create,krɪ'et,,v.创造，创作；造成,高中
creature,'kritʃɚ,,n.动物，生物；人；创造物,高中
credit,'krɛdɪt,,n.信用，信誉；[金融] 贷款；学分；信任；声望 v.相信，信任；把…归给，归功于；赞颂,高中
crew,krʊ,,n.队，组；全体人员，全体船员 v.一起工作,高中
crime,kraɪm,,n.罪行，犯罪；罪恶；犯罪活动 vt.控告……违反纪律,高中
criminal,'krɪmɪnl,,n.罪犯 a.刑事的；犯罪的；罪恶的,高中
criterion,kraɪˈtɪriən,,n.（批评判断的）标准；准则；规范；准据,高中
crop,krɑp,,n.产量；农作物；庄稼；平头 v.种植；收割；修剪；剪短,高中
cross,krɔs,,n.交叉，十字；十字架，十字形物 v.交叉；杂交；横过 a.交叉的，相反的；乖戾的；生气的,高中
crossing,'krɔsɪŋ,,n.十字路口；杂交；横渡；横道 v.横越（cross的现在分词）,高中
crossroads,'krɔsrodz,,n.十字路口；交叉路口；聚会的中心地点（crossroad的复数形式）,高中
crowd,kraʊd,,"n.群众,一伙;一堆,许多,大众 v.拥挤,挤满,挤进",高中
crowded,'kraʊdɪd,,a.拥挤的；塞满的 v.拥挤（crowd的过去分词）,高中
cruel,'kruəl,,a.残酷的，残忍的；使人痛苦的，让人受难的；无情的，严酷的,高中
cry,kraɪ,,v.叫喊；哭出；大声说 n.叫喊；叫声；口号；呼叫,高中
cube,kjʊb,,n.立方；立方体；骰子 v.使成立方形；使自乘二次；量…的体积,高中
cubic,'kjubɪk,,a.立方体的，立方的 n.(Cubic)人名；(罗)库比克,高中
cuisine,kwɪ'zin,,n.烹饪，烹调法,高中
culture,'kʌltʃɚ,,n.文化，文明；修养；栽培 v.[细胞][微] 培养（等于cultivate）,高中
cup,kʌp,,n.杯子；奖杯；酒杯 v.使成杯状；为…拔火罐,高中
cupboard,'kʌbɚd,,n.碗柜；食橱,高中
cure,kjʊr,,v.治疗；治愈；使硫化；加工处理 n.治疗；治愈；[临床] 疗法,高中
curious,'kjʊrɪəs,,a.好奇的，有求知欲的；古怪的；爱挑剔的,高中
currency,ˈkɜrənsi,,n.货币；通货,高中
curriculum,kə'rɪkjələm,,n.课程,高中
curtain,'kɝtn,,n.幕；窗帘 v.遮蔽；装上门帘,高中
cushion,'kʊʃən,,n.垫子；起缓解作用之物；（猪等的）臀肉；银行储蓄 v.给…安上垫子；把…安置在垫子上；缓和…的冲击,高中
custom,'kʌstəm,,n.习惯，惯例；风俗；海关，关税；经常光顾；[总称]（经常性的）顾客 a.（衣服等）定做的，定制的,高中
customer,'kʌstəmɚ,,n.顾客；家伙,高中
customs,'kʌstəmz,,n.海关；风俗（custom的复数）；习惯；关税,高中
cut,kʌt,,n.伤口；切口；削减；（服装等的）式样；削球；切入 v.[机] 切割；削减；缩短；刺痛 a.割下的；雕过的；缩减的,高中
cycle,'saɪkl,,n.循环；周期；自行车；整套；一段时间 v.使循环；使轮转,高中
cyclist,'saɪklɪst,,n.骑自行车的人,高中
dad,dæd,,n.爸爸；爹爹,高中
daily,'delɪ,,a.日常的；每日的 n.日报；朝来夜去的女佣 ad.日常地；每日；天天,高中
dam,dæm,,v.控制；筑坝 n.[水利] 水坝；障碍,高中
damage,'dæmɪdʒ,,n.损害；损毁；赔偿金 v.损害；损毁,高中
damp,dæmp,,v.使潮湿；使阻尼；使沮丧，抑制 n.潮湿，湿气 a.潮湿的,高中
dance,dæns,,n.舞蹈；舞会；舞曲 v.跳舞；跳跃；飘扬 a.舞蹈的；用于跳舞的,高中
danger,'dendʒɚ,,n.危险；危险物，威胁,高中
dangerous,'dendʒərəs,,a.危险的,高中
dare,dɛr,,n.挑战；挑动 v.敢冒；不惧,高中
dark,dɑrk,,a.黑暗的，深色的；模糊的；无知的；忧郁的 n.黑暗；夜；黄昏；模糊,高中
darkness,'dɑrknəs,,n.黑暗；模糊；无知；阴郁,高中
dash,dæʃ,,n.破折号；冲撞 v.使…破灭；猛撞；泼溅,高中
data,'detə,,n.数据（datum的复数）；资料,高中
database,'detəbes,,n.数据库，资料库,高中
date,det,,n.日期；约会；年代；枣椰子 v.过时；注明日期；始于（某一历史时期）,高中
daughter,'dɔtɚ,,n.女儿；[遗][农学] 子代 a.女儿的；子代的,高中
dawn,dɔn,,n.黎明；开端 v.破晓；出现；被领悟,高中
day,de,,n.一天；时期；白昼 ad.每天；经常在白天地 a.日间的；逐日的,高中
daylight,'delaɪt,,n.白天；日光；黎明；公开,高中
dead,dɛd,,a.无生命的；呆板的；废弃了的 ad.完全地 n.死者,高中
deadline,ˈdedlaɪn,,n.截止期限，最后期限,高中
deaf,dɛf,,a.聋的,高中
deal,dil,,v.处理；给予；分配；发牌 n.交易；（美）政策；待遇；份量,高中
dear,dɪr,,a.亲爱的；尊敬的；昂贵的 ad.高价地；疼爱地 int.哎呀 n.亲爱的人,高中
death,dɛθ,,n.死；死亡；死神；毁灭,高中
debate,dɪ'bet,,v.辩论，争论，讨论 n.辩论；辩论会,高中
debt,dɛt,,n.债务；借款；罪过,高中
decade,'dɛked,,n.十年，十年期；十,高中
December,dɪ'sɛmbɚ,,n.十二月,高中
decide,dɪ'saɪd,,v.决定；解决；判决,高中
decision,dɪ'sɪʒn,,n.决定，决心；决议,高中
declare,dɪ'klɛr,,v.宣布，声明；断言，宣称,高中
decline,dɪ'klaɪn,,n.下降；衰退；斜面 v.下降；衰落；谢绝,高中
decorate,'dɛkəret,,v.装饰；布置；授勋给,高中
decoration,",dɛkə'reʃən",,n.装饰，装潢；装饰品；奖章,高中
decrease,dɪ'kris,,n.减少，减小；减少量 v.减少，减小,高中
deed,did,,n.行动；功绩；证书；[法] 契据 vt.立契转让,高中
deep,dip,,n.深处；深渊 a.深的；低沉的；深奥的 ad.深入地；深深地；迟,高中
deeply,'diplɪ,,ad.深刻地；浓浓地；在深处,高中
deer,dɪr,,n.鹿,高中
defeat,dɪ'fit,,v.击败，战胜；挫败；使…失败 n.失败的事实；击败的行为,高中
defend,dɪ'fɛnd,,v.辩护；防护,高中
defense,dɪ'fɛns,,n.防卫，防护；防御措施；防守 vt.谋划抵御,高中
delay,dɪ'le,,v.延期；耽搁 n.延期；耽搁；被耽搁或推迟的时间,高中
delete,dɪ'lit,,v.删除,高中
deliberately,dɪ'lɪbərətli,,ad.故意地；谨慎地；慎重地,高中
delicate,ˈdɛlɪkɪt,,a.微妙的；精美的，雅致的；柔和的；易碎的；纤弱的；清淡可口的,高中
delicious,dɪ'lɪʃəs,,a.美味的；可口的,高中
delight,dɪ'laɪt,,n.高兴 v.高兴,高中
delighted,dɪ'laɪtɪd,,a.高兴的；欣喜的 v.使…兴高采烈；感到快乐（delight的过去分词）,高中
deliver,dɪ'lɪvɚ,,v.交付；发表；递送；释放；给予（打击）；给…接生 n.投球,高中
demand,dɪ'mænd,,v.要求；需要；查询 n.[经] 需求；要求；需要,高中
dentist,'dɛntɪst,,n.牙科医生,高中
department,dɪ'pɑrtmənt,,n.部；部门；系；科；局,高中
departure,dɪ'pɑrtʃɚ,,n.离开；出发；违背,高中
depend,dɪ'pɛnd,,v.依赖，依靠；取决于；相信，信赖,高中
deposit,dɪ'pɑzɪt,,n.存款；押金；订金；保证金；沉淀物 v.使沉积；存放,高中
depth,dɛpθ,,n.[海洋] 深度；深奥,高中
describe,dɪ'skraɪb,,v.描述，形容；描绘,高中
description,dɪ'skrɪpʃən,,n.描述，描写；类型；说明书,高中
desert,(for v.) dɪˈzɝ​t; (for n.) 'dɛzɚt,,v.遗弃；放弃；逃跑 n.沙漠；荒原；应得的赏罚 a.沙漠的；荒凉的；不毛的,高中
deserve,dɪ'zɝv,,v.应受，应得,高中
design,dɪ'zaɪn,,v.设计；计划；构思 n.设计；图案,高中
desire,dɪ'zaɪɚ,,n.欲望；要求，心愿；性欲 v.想要；要求；希望得到…,高中
desperate,'dɛspərət,,a.不顾一切的；令人绝望的；极度渴望的,高中
dessert,dɪ'zɝt,,n.餐后甜点；甜点心,高中
destination,",dɛstɪ'neʃən",,n.目的地，终点,高中
destroy,dɪ'strɔɪ,,v.破坏；消灭；毁坏,高中
detective,dɪ'tɛktɪv,,a.侦探的 n.侦探,高中
determination,dɪˌtɜːrmɪˈneɪʃn,,n.决心；果断；测定,高中
determine,dɪ'tɝmɪn,,v.（使）下决心，（使）做出决定,高中
develop,dɪ'vɛləp,,v.开发；进步；使成长；使显影,高中
development,dɪ'vɛləpmənt,,n.发展；开发；发育；住宅小区（专指由同一开发商开发的）；[摄] 显影,高中
devote,dɪ'vot,,v.致力于；奉献,高中
devotion,dɪ'voʃən,,n.献身，奉献；忠诚；热爱,高中
diagram,'daɪəɡræm,,n.图表；图解 v.用图解法表示,高中
dial,'daɪəl,,n.转盘；刻度盘；钟面 v.拨号,高中
dialogue,'daɪəlɑɡ,,n.对话；意见交换 vi.对话 vt.用对话表达,高中
diamond,'daɪəmənd,,n.钻石，金刚石；菱形；方块牌 a.菱形的；金刚钻的,高中
diary,'daɪəri,,n.日志，日记；日记簿,高中
dictation,dɪk'teʃən,,n.听写；口述；命令,高中
dictionary,'dɪkʃə'nɛri,,n.字典；词典,高中
die,daɪ,,v.死亡；凋零；熄灭 n.冲模，钢模；骰子,高中
diet,'daɪət,,n.饮食；食物；规定饮食 v.节食,高中
differ,'dɪfɚ,,v.使…相异；使…不同 n.(Differ)人名；(法)迪费,高中
difference,'dɪfrəns,,n.差异；不同；争执,高中
different,'dɪfrənt,,a.不同的；个别的，与众不同的,高中
difficult,'dɪfɪkəlt,,a.困难的；不随和的；执拗的,高中
difficulty,'dɪfɪkəlti,,n.困难，困境,高中
dig,dɪɡ,,v.挖，掘；探究 n.戳，刺；挖苦,高中
digest,daɪ'dʒɛst,,v.消化；吸收；融会贯通 n.文摘；摘要,高中
digital,'dɪdʒɪtl,,a.数字的；手指的 n.数字；键,高中
dignity,'dɪɡnəti,,n.尊严；高贵,高中
dilemma,dɪˈlemə,,n.困境；进退两难；两刀论法,高中
dimension,dɪ'mɛnʃ(ə)n; daɪ-,,n.方面;[数] 维；尺寸；次元；容积 vt标出尺寸 a.规格的,高中
dine,daɪn,,v.进餐，用餐 n.(Dine)人名；(意、葡)迪内；(英)戴恩；(法)迪纳,高中
dinner,'dɪnɚ,,n.晚餐，晚宴；宴会；正餐,高中
dinosaur,'daɪnə'sɔr,,n.恐龙；过时、落伍的人或事物,高中
dioxide,daɪ'ɑksaɪd,,n.二氧化物,高中
dip,dɪp,,v.浸，泡，蘸；舀取；把伸入 n.下沉，下降；倾斜；浸渍，蘸湿,高中
diploma,dɪ'plomə,,n.毕业证书，学位证书；公文，文书；奖状 vt.发给…毕业文凭,高中
direct,dɪˈrɛkt; daɪˈrɛkt,,a.直接的；直系的；亲身的；恰好的 v.管理；指挥；导演；指向 ad.直接地；正好；按直系关系,高中
director,dɪˈrɛktɚ; daɪˈrɛktɚ,,n.主任，主管；导演；人事助理,高中
directory,dəˈrɛktəri; (also) daɪˈrɛktəri,,n.[计] 目录；工商名录；姓名地址录 a.指导的；咨询的,高中
dirt,dɝt,,n.污垢，泥土；灰尘，尘土；下流话,高中
dirty,ˈdɝ​tɪ,,a.下流的，卑鄙的；肮脏的；恶劣的；暗淡的 v.弄脏,高中
disability,",dɪsə'bɪləti",,n.残疾；无能；无资格；不利条件,高中
disabled,dɪs'ebld,,a.残废的，有缺陷的 v.使…失去能力（disable的过去分词）,高中
disadvantage,",dɪsəd'væntɪdʒ",,n.缺点；不利条件；损失,高中
disagree,",dɪsə'ɡri",,v.不同意；不一致；争执；不适宜,高中
disagreement,",dɪsə'ɡrimənt",,n.不一致；争论；意见不同,高中
disappear,'dɪsə'pɪr,,v.消失；失踪；不复存在,高中
disappoint,'dɪsə'pɔɪnt,,v.使失望,高中
disappointment,",dɪsə'pɔɪntmənt",,n.失望；沮丧,高中
disaster,dɪ'zæstɚ,,n.灾难，灾祸；不幸,高中
discount,dɪs'kaʊnt,,n.折扣；贴现率 v.贴现；打折扣出售商品,高中
discourage,dɪs'kɝɪdʒ,,v.阻止；使气馁,高中
discover,dɪ'skʌvɚ,,v.发现；发觉,高中
discovery,dɪ'skʌvəri,,n.发现，发觉；被发现的事物,高中
discrimination,"dɪ,skrɪmɪ'neʃən",,n.歧视；区别，辨别；识别力,高中
discuss,dɪ'skʌs,,v.讨论；论述，辩论,高中
discussion,dɪ'skʌʃən,,n.讨论，议论,高中
disease,dɪ'ziz,,n.病，[医] 疾病；弊病 vt.传染；使…有病,高中
disgusting,dɪs'ɡʌstɪŋ,,a.令人厌恶的,高中
dish,dɪʃ,,n.盘；餐具；一盘食物；外貌有吸引力的人 v.盛于碟盘中；分发；使某人的希望破灭；说（某人）的闲话,高中
disk,dɪsk,,n.[计] 磁盘，磁碟片；圆盘，盘状物；唱片,高中
dislike,dɪs'laɪk,,v.不喜欢，厌恶 n.嫌恶，反感，不喜爱,高中
dismiss,dɪs'mɪs,,v.解散；解雇；开除；让离开；不予理会、不予考虑,高中
disobey,'dɪsə'be,,v.违反；不服从,高中
distance,'dɪstəns,,n.距离；远方；疏远；间隔 v.疏远；把…远远甩在后面,高中
distant,'dɪstənt,,a.遥远的；冷漠的；远隔的；不友好的，冷淡的,高中
distinction,dɪ'stɪŋkʃən,,n.区别；差别；特性；荣誉、勋章,高中
distinguish,dɪ'stɪŋɡwɪʃ,,v.区分；辨别；使杰出，使表现突出,高中
distribute,dɪ'strɪbjut,,v.分配；散布；分开；把…分类,高中
district,'dɪstrɪkt,,n.区域；地方；行政区,高中
disturb,dɪ'stɝb,,v.打扰；妨碍；使不安；弄乱；使恼怒,高中
disturbing,dɪ'stɝbɪŋ,,a.令人不安的；烦扰的 v.干扰；打断（disturb的ing形式）,高中
dive,daɪv,,v.潜水；跳水；俯冲；急剧下降 n.潜水；跳水；俯冲；扑,高中
diverse,daɪ'vɝs,,a.不同的；多种多样的；变化多的,高中
divide,dɪ'vaɪd,,v.划分；除；分开；使产生分歧 n.[地理] 分水岭，分水线,高中
division,də'vɪʒən,,n.[数] 除法；部门；分配；分割；师（军队）；赛区,高中
dizzy,'dɪzi,,a.晕眩的；使人头晕的；昏乱的；心不在焉的；愚蠢的 v.使头晕眼花；使混乱；使茫然 n.(Dizzy)人名；(英)迪齐,高中
doctor,'dɑktɚ,,v.修理；篡改，伪造；为…治病；授以博士学位 n.医生；博士,高中
document,dɑkjəmənt,,n.文件，公文；[计] 文档；证件 v.用文件证明,高中
dog,dɔɡ,,n.狗；丑女人；卑鄙的人；(俚)朋友 v.跟踪；尾随,高中
doll,dɑl,,n.洋娃娃；玩偶；无头脑的美丽女人 v.把…打扮得花枝招展,高中
dollar,'dɑlɚ,,n.美元,高中
door,dɔr,,n.门；家，户；门口；通道,高中
dormitory,'dɔrmətɔri,,n.宿舍，学生宿舍 a.住宅区的,高中
dot,dɑt,,n.点，圆点；嫁妆 v.打上点,高中
double,'dʌbl,,n.两倍；双精度型 a.双重的；两倍的 v.加倍，加倍努力；快步走 ad.双重地；两倍地；弓身地,高中
doubt,daʊt,,n.怀疑；疑问；疑惑 v.怀疑；不信；恐怕；拿不准,高中
down,daʊn,,ad.向下，下去；在下面 a.向下的 n.软毛，绒毛；[地质] 开阔的高地 prep.沿着，往下 v.打倒，击败,高中
download,",daʊn'lod",,v.[计] 下载,高中
downstairs,'daʊn'stɛrz,,ad.在楼下 a.楼下的 n.楼下,高中
downtown,'daʊn'taʊn,,ad.往闹市区；在市区 a.市中心的 n.市中心区；三分线以外,高中
downward,'daʊnwɚd,,a.向下的，下降的 ad.向下,高中
dozen,'dʌzn,,n.十二个，一打 a.一打的,高中
Dr,,,abbr.速度三角形定位法（dead reckoning）；数据记录器（Data Recorder）,高中
draft,dræft,,n.汇票；草稿；选派；（尤指房间、烟囱、炉子等供暖系统中的）（小股）气流 v.起草；制定；征募 a.初步画出或（写出）的；（设计、草图、提纲或版本）正在起草中的，草拟的；以草稿形式的；草图的,高中
drag,dræg,,v.拖累；拖拉；缓慢而吃力地行进 n.拖；拖累,高中
draw,drɔ,,v.画；拉；吸引 n.平局；抽签,高中
drawback,'drɔbæk,,n.缺点，不利条件；退税,高中
drawer,drɔr,,n.抽屉；开票人；出票人；起草者；酒馆侍,高中
drawing,'drɔɪŋ,,n.图画；牵引；素描术 v.绘画；吸引（draw的ing形式）；拖曳,高中
dream,drim,,v.梦想；做梦，梦见；想到 n.梦想，愿望；梦 a.梦的；理想的；不切实际的,高中
dress,drɛs,,v.给…穿衣 n.连衣裙；女装,高中
drier,'draɪɚ,,n.干燥机；干燥剂；吹风机,高中
drill,drɪl,,n.训练；钻孔机；钻子；播种机 v.钻孔；训练,高中
drink,drɪŋk,,v.喝，饮；吸收；举杯庆贺 n.酒，饮料；喝酒,高中
drive,draɪv,,v.开车；猛击；飞跑 n.驱动器；驾车；[心理] 内驱力，推进力；快车道,高中
driver,'draɪvɚ,,n.驾驶员；驱动程序；起子；传动器,高中
drop,drɑp,,v.滴；使降低；使终止；随口漏出 n.滴；落下；空投；微量；滴剂,高中
drown,draʊn,,v.淹没；把…淹死 n.(Drown)人名；(英)德朗,高中
drug,drʌg,,n.药；毒品；麻醉药；滞销货 v.使服麻醉药；使服毒品；掺麻醉药于,高中
drum,drʌm,,v.击鼓；大力争取 n.鼓；鼓声,高中
drunk,drʌŋk,,v.喝酒（drink的过去分词） a.喝醉了的,高中
dry,draɪ,,a.干的；口渴的；枯燥无味的；禁酒的 v.把…弄干 n.干涸,高中
duck,dʌk,,n.鸭子；鸭肉；（英）宝贝儿；零分 v.闪避；没入水中,高中
due,du,,a.到期的；预期的；应付的；应得的 n.应付款；应得之物 ad.正（置于方位词前）,高中
dull,dʌl,,a.钝的；迟钝的；无趣的；呆滞的；阴暗的 v.使迟钝；使阴暗；缓和 n.(Dull)人名；(罗、匈)杜尔；(柬)杜；(英)达尔,高中
dumpling,'dʌmplɪŋ,,n.饺子，汤团；面团布丁,高中
during,'dʊrɪŋ,,prep.在…的时候，在…的期间 n.(During)人名；(法)迪兰；(瑞典、利比)杜林,高中
dusk,dʌsk,,n.黄昏，薄暮；幽暗，昏暗 a.微暗的 v.使变微暗,高中
dust,dʌst,,n.灰尘；尘埃；尘土 v.撒；拂去灰尘,高中
dustbin,'dʌstbɪn,,n.垃圾箱；吃货,高中
dusty,'dʌsti,,a.落满灰尘的,高中
duty,'dʊti,,n.责任；[税收] 关税；职务,高中
DVD,",di:vi:'di",,abbr.数字化视频光盘（Digital Video Disk）,高中
Dynamic,daɪ'næmɪk,,a.动态的；动力的；动力学的；有活力的 n.动态；动力,高中
Dynasty,'daɪnəsti,,n.王朝，朝代,高中
each,itʃ,,a.每；各自的 ad.每个；各自 pron.每个；各自,高中
eager,'igɚ,,a.渴望的；热切的；热心的 n.(Eager)人名；(英)伊格,高中
eagle,'igl,,n.鹰；鹰状标饰,高中
ear,ɪr,,n.耳朵；穗；听觉；倾听 vi.（美俚）听见；抽穗,高中
early,'ɝli,,a.早期的；早熟的 ad.提早；在初期 n.(Early)人名；(英)厄尔利,高中
earn,ɝn,,v.赚，赚得；获得，挣得；使得到；博得 n.(Earn)人名；(泰)炎,高中
earth,ɝθ,,n.地球；地表，陆地；土地，土壤；尘事，俗事；兽穴 v.把（电线）[电] 接地；盖（土）；追赶入洞穴,高中
earthquake,'ɝθ'kwek,,n.地震；大动荡,高中
ease,iz,,v.减轻，缓和；使安心 n.轻松，舒适；安逸，悠闲,高中
easily,'izəli,,ad.容易地；无疑地,高中
east,ist,,n.东方；东风；东方国家 a.东方的；向东的；从东方来的 ad.向东方，在东方,高中
Easter,istəʳ,,n.复活节,高中
eastern,'istɚn,,a.东方的；朝东的；东洋的 n.东方人；（美国）东部地区的人,高中
eastwards,'istwɚdz,,ad.向东方地 a.向东方的,高中
easy,'izi,,a.容易的；舒适的 ad.不费力地，从容地 vi.停止划桨 vt.发出停划命令,高中
eat,it,,v.吃，喝；腐蚀；烦扰,高中
ecology,ɪ'kɑlədʒi,,n.生态学；社会生态学,高中
edge,ɛdʒ,,n.边缘；优势；刀刃；锋利 v.使锐利；将…开刃；给…加上边,高中
edition,ɪ'dɪʃən,,n.版本,高中
editor,'ɛdɪtɚ,,n.编者，编辑；社论撰写人；编辑装置,高中
educate,'ɛdʒuket,,v.教育；培养；训练,高中
education,",ɛdʒu'keʃən",,n.教育；培养；教育学,高中
educator,'ɛdʒə'ketɚ,,n.教育家；教育工作者；教师,高中
effect,ɪ'fɛkt,,n.影响；效果；作用 v.产生；达到目的,高中
effort,'ɛfɚt,,n.努力；成就,高中
egg,ɛɡ,,n.蛋；卵子；家伙；鸡蛋 v.煽动；怂恿,高中
eggplant,'ɛɡplænt,,n.茄子 a.深紫色的,高中
Egypt,'idʒɪpt,,n.埃及（非洲国家）,高中
Egyptian,ɪ'dʒɪpʃ(ə)n,,a.埃及的；埃及人的 n.埃及人；古代埃及语,高中
eight,et,,num.八；八个；第八 a.八的 n.八字形,高中
eighteen,",e'tin",,n.十八，十八个 a.十八个的，十八的 num.十八,高中
eighth,etθ,,a.第八的；八分之一的 num.第八；八分之一,高中
eighty,ˈeti,,n.八十；八十岁；八十年代 a.八十的，八十个的；八十岁的 num.八十,高中
either,'iðɚ,,a.两者之中任一的；两者之中每一的 prep.任何一个 conj.也（用于否定句或否定词组后）；根本 pron.任一，两方，随便哪一个；两者中的一个或另一个,高中
elder,'ɛldɚ,,n.老人；长辈；年长者；父辈 a.年长的；年龄较大的；资格老的,高中
elect,ɪ'lɛkt,,a.选出的；当选的；卓越的 n.被选的人；特殊阶层；上帝的选民 v.选举；选择；推选,高中
electric,ɪ'lɛktrɪk,,a.电的；电动的；发电的；导电的；令人震惊的 n.电；电气车辆；带电体,高中
electrical,ɪ'lɛktrɪkl,,a.有关电的；电气科学的,高中
electricity,ɪ'lɛk'trɪsəti,,n.电力；电流；强烈的紧张情绪,高中
electronic,ɪˌlekˈtrɑːnɪk,,a.电子的 n.电子电路；电子器件,高中
elegant,'ɛləgənt,,a.高雅的，优雅的；讲究的；简炼的；简洁的,高中
elephant,'ɛlɪfənt,,n.象；大号图画纸,高中
eleven,ɪ'lɛvn,,n.十一；十一个 a.十一的；十一个的 num.十一；十一个,高中
else,ɛls,,ad.其他；否则；另外 a.别的；其他的 n.(Else)人名；(英)埃尔斯；(德)埃尔泽；(芬、丹)埃尔塞,高中
embarrass,ɪm'bærəs,,v.使局促不安；使困窘；阻碍,高中
embassy,'ɛmbəsi,,n.大使馆；大使馆全体人员,高中
emergency,ɪ'mɝdʒənsi,,n.紧急情况；突发事件；非常时刻 a.紧急的；备用的,高中
emperor,'ɛmpərɚ,,n.皇帝，君主,高中
empire,'ɛmpaɪr,,n.帝国；帝王统治，君权,高中
employ,ɪm'plɔɪ,,v.使用，采用；雇用；使忙于，使从事于 n.使用；雇用,高中
empty,ˈɛmptɪ,,a.空的；无意义的；无知的；徒劳的 v.使失去；使…成为空的 n.空车；空的东西,高中
encourage,ɪn'kɝrɪdʒ,,v.鼓励，怂恿；激励；支持,高中
encouragement,ɪn'kɝɪdʒmənt,,n.鼓励,高中
end,ɛnd,,n.结束；目标；尽头；末端；死亡 v.结束，终止；终结,高中
ending,'ɛndɪŋ,,n.结局；结尾,高中
endless,'ɛndləs,,a.无止境的；连续的；环状的；漫无目的的,高中
enemy,'ɛnəmi,,n.敌人，仇敌；敌军 a.敌人的，敌方的,高中
energetic,",ɛnɚ'dʒɛtɪk",,a.精力充沛的；积极的；有力的,高中
energy,'ɛnɚdʒi,,n.[物] 能量；精力；活力；精神,高中
engine,'ɛndʒɪn,,n.引擎，发动机；机车，火车头；工具,高中
engineer,",ɛndʒɪ'nɪr",,n.工程师；工兵；火车司机 v.设计；策划；精明地处理,高中
England,'iŋɡlənd,,n.英格兰,高中
English,ɪŋɡlɪʃ,,a.英国人的；英国的；英文的 n.英语；英国人；英文；英格兰人 vt.把…译成英语,高中
enjoy,ɪn'dʒɔɪ,,v.欣赏，享受；喜爱；使过得快活,高中
enjoyable,ɪn'dʒɔɪəbl,,a.快乐的；有乐趣的；令人愉快的,高中
enlarge,ɪn'lɑrdʒ,,v.扩大；放大；详述,高中
enough,ɪ'nʌf,,ad.足够地，充足地 n.很多；充足 a.充足的 int.够了！,高中
enquiry,"ɛnˈkwaɪri, ˈɛnkwəri",,n.[计] 询问，[贸易] 询盘,高中
enter,'ɛntɚ,,v.进入；开始；参加 n.[计] 输入；回车,高中
enterprise,'ɛntɚ'praɪz,,n.企业；事业；进取心；事业心,高中
entertainment,'ɛntɚ'tenmənt,,n.娱乐；消遣；款待,高中
enthusiastic,"ɪn,θuzɪ'æstɪk",,a.热情的；热心的；狂热的,高中
entire,ɪn'taɪɚ,,a.全部的，整个的；全体的 n.(Entire)人名；(英)恩泰尔,高中
entrance,'ɛntrəns,,n.入口；进入 v.使出神，使入迷,高中
entry,'ɛntri,,n.进入；入口；条目；登记；报关手续；对土地的侵占,高中
envelope,'envələʊp; 'ɒn-,,n.信封，封皮；包膜；[天] 包层；包迹,高中
environment,ɪn'vaɪrənmənt,,n.环境，外界,高中
envy,'ɛnvi,,n.嫉妒，妒忌；羡慕 v.嫉妒，妒忌；羡慕,高中
equal,'ikwəl,,a.平等的；相等的；胜任的 v.等于；比得上 n.对手；匹敌；同辈；相等的事物,高中
equality,ɪ'kwɑləti,,n.平等；相等；[数] 等式,高中
equip,ɪ'kwɪp,,v.装备，配备,高中
equipment,ɪ'kwɪpmənt,,n.设备，装备；器材,高中
eraser,ɪ'resɚ,,n.橡皮；擦除器；[计] 清除器,高中
error,'ɛrɚ,,n.误差；错误；过失,高中
erupt,ɪ'rʌpt,,v.爆发；喷出；发疹；长牙,高中
escape,ɪˈskep,,v.逃避，避开，避免；被忘掉；被忽视 n.逃跑；逃亡；逃走；逃跑工具或方法；野生种；泄漏,高中
especially,ɪ'spɛʃəli,,ad.特别；尤其；格外,高中
essay,'ɛse,,n.散文；试图；随笔 v.尝试；对…做试验,高中
Europe,'jʊrəp,,n.欧洲,高中
European,'jʊrə'piən,,a.欧洲的；欧洲人的 n.欧洲人,高中
evaluate,ɪ'væljʊ'et,,v.评价；估价；求…的值,高中
even,'ivən,,a.[数] 偶数的；平坦的；相等的 ad.甚至；即使；还；实际上 v.使平坦；使相等 n.(Even)人名；(法)埃旺；(德)埃文；(英)埃文,高中
evening,'ivnɪŋ,,n.晚上；傍晚；（联欢性的）晚会；后期 a.在晚上的；为晚上的；晚上用的 int.晚上好（等于good evening）,高中
event,ɪ'vɛnt,,n.事件，大事；项目；结果,高中
eventually,ɪ'vɛntʃuəli,,ad.最后，终于,高中
ever,'ɛvɚ,,ad.永远；曾经；究竟 n.(Ever)人名；(英)埃弗；(俄)叶韦尔；(西、法)埃韦尔,高中
every,'ɛvri,,a.每一的，每个的；每隔…的 n.(Every)人名；(英)埃夫里,高中
everybody,'ɛvrɪbɑdi,,pron.每个人；人人,高中
everyday,'ɛvrɪde,,a.每天的，日常的 n.平时；寻常日子,高中
everyone,'ɛvrɪwʌn,,pron.每个人；人人 n.每个人,高中
everything,'ɛvrɪ'θɪŋ,,pron.每件事物；最重要的东西；（有关的）一切；万事,高中
everywhere,'ɛvrɪwɛr,,ad.到处 n.每个地方,高中
evidence,'ɛvɪdəns,,n.证据，证明；迹象；明显 v.证明,高中
evident,'ɛvɪdənt,,a.明显的；明白的,高中
evolution,ˌɛvəˈluʃən; (occas.) ˌ ivəˈluʃən,,n.演变；进化论；进展,高中
exact,ɪɡ'zækt,,a.准确的，精密的；精确的 v.要求；强求；急需,高中
exactly,ɪɡ'zæktli,,ad.恰好地；正是；精确地；正确地,高中
exam,ɪg'zæm,,n.考试；测验,高中
examine,ɪg'zæmɪn,,v.检查；调查； 检测；考试,高中
example,ɪg'zæmpl,,n.例子；榜样 vt.作为…的例子；为…做出榜样 vi.举例,高中
excellent,'ɛksələnt,,a.卓越的；极好的；杰出的,高中
except,ɪk'sɛpt,,v.不计；把…除外 prep.除…之外 conj.除了；要不是,高中
exchange,ɪks'tʃendʒ,,n.交换；交流；交易所；兑换 v.交换；交易；兑换,高中
excite,ɪk'saɪt,,v.激起；刺激…，使…兴奋,高中
excuse,ɪk'skjʊs,,n.借口；理由 v.原谅；为…申辩；给…免去,高中
exercise,'ɛksɚsaɪz,,n.运动；练习；运用；操练；礼拜；典礼 v.锻炼；练习；使用；使忙碌；使惊恐,高中
exhibition,",ɛksɪ'bɪʃən",,n.展览，显示；展览会；展览品,高中
exist,ɪɡ'zɪst,,v.存在；生存；生活；继续存在,高中
existence,ɪɡ'zɪstəns,,n.存在，实在；生存，生活；存在物，实在物,高中
exit,'ɛɡzɪt,,n.出口，通道；退场 v.退出；离去,高中
expand,ɪk'spænd,,v.扩张；使膨胀；详述,高中
expect,ɪk'spɛkt,,v.期望；指望；认为；预料,高中
expectation,",ɛkspɛk'teʃən",,n.期待；预期；指望,高中
expense,ɪk'spɛns,,n.损失，代价；消费；开支 vt.向…收取费用 vi.被花掉,高中
expensive,ɪk'spɛnsɪv,,a.昂贵的；花钱的,高中
experience,ɪk'spɪrɪəns,,n.经验；经历；体验 v.经验；经历；体验,高中
experiment,ɪk'sperɪmənt,,v.尝试；进行实验 n.实验，试验；尝试,高中
expert,"'ɛkspɝt; (for adj., also) ɛksˈpɝt ; ɪkˈspɝt",,a.熟练的；内行的；老练的 n.专家；行家；能手 vt.当专家；在…中当行家,高中
explain,ɪk'splen,,v.说明；解释,高中
explanation,",ɛksplə'neʃən",,n.说明，解释；辩解,高中
explicit,ɪk'splɪsɪt,,a.明确的；清楚的；直率的；详述的,高中
explode,ɪk'splod,,v.爆炸，爆发；激增,高中
exploit,ɪk'splɔɪt,,v.开发，开拓；剥削；开采 n.勋绩；功绩,高中
explore,ɪk'splɔr,,v.探索；探测；探险,高中
explorer,ɪk'splɔrɚ,,n.探险家；勘探者；探测器；[医]探针,高中
export,ˈekspɔːrt；ɪkˈ-,,n.输出，出口；出口商品 v.输出物资,高中
expose,ɪk'spoz；ek-,,v.揭露，揭发；使曝光；显示,高中
express,ɪk'sprɛs,,v.表达；快递 a.明确的；迅速的；专门的 n.快车，快递，专使；捷运公司,高中
expression,ɪk'sprɛʃən,,n.表现，表示，表达；表情，脸色，态度，腔调，声调；式，符号；词句，语句，措辞，说法,高中
extension,ɪk'stɛnʃən,,n.延长；延期；扩大；伸展；电话分机,高中
extra,'ɛkstrə,,ad.特别地，非常；另外 n.临时演员；号外；额外的事物；上等产品 a.额外的，另外收费的；特大的,高中
extraordinary,ɛkˈstrɔrdənˌɛri; ɪkˈstrɔrdəˌnɛri; ˌɛkstrəˈɔrdəˌnɛri,,a.非凡的；特别的；离奇的；临时的；特派的,高中
extreme,ɪk'strim,,a.极端的；极度的；偏激的；尽头的 n.极端；末端；最大程度；极端的事物,高中
extremely,ɪk'strimli,,ad.非常，极其；极端地,高中
eye,aɪ,,n.眼睛；视力；眼光；见解，观点 v.注视，看,高中
eyesight,'aɪsaɪt,,n.视力；目力,高中
eyewitness,'aɪwɪtnəs,,n.目击者；见证人,高中
face,fes,,n.脸；表面；面子；面容；外观；威信 v.向；朝,高中
facial,'feʃl,,a.面部的，表面的；脸的，面部用的 n.美容，美颜；脸部按摩,高中
fact,fækt,,n.事实；实际；真相,高中
factory,'fæktri,,n.工厂；制造厂；代理店,高中
fade,fed,,v.褪色；凋谢；逐渐消失 a.平淡的；乏味的 n.[电影][电视] 淡出；[电影][电视] 淡入,高中
fail,fel,,v.失败，不及格；破产；缺乏；衰退 n.不及格,高中
failure,'feljɚ,,n.失败；故障；失败者；破产,高中
fair,fɛr,,a.公平的；美丽的，白皙的；[气象] 晴朗的 ad.公平地；直接地；清楚地 v.转晴 n.展览会；市集；美人,高中
fairly,'fɛrli,,ad.相当地；公平地；简直 n.(Fairly)人名；(英)费尔利,高中
fairness,'fɛrnəs,,n.公平；美好；清晰；顺利性,高中
faith,feθ,,n.信仰；信念；信任；忠实,高中
fall,fɔl,,v.落下；变成；来临；减弱 n.下降；秋天；瀑布 a.秋天的,高中
FALSE,fɔls,,a.错误的；虚伪的；伪造的 ad.欺诈地,高中
familiar,fə'mɪljɚ,,a.熟悉的；常见的；亲近的 n.常客；密友,高中
family,'fæməli,,n.家庭；亲属；家族；子女；[生]科；语族；[化]族 a.家庭的；家族的；适合于全家的,高中
famous,'feməs,,a.著名的；极好的，非常令人满意的,高中
fan,fæn,,v.煽动；刺激；吹拂 n.迷；风扇；爱好者,高中
fancy,'fænsi,,n.幻想；想象力；爱好 a.想象的；奇特的；昂贵的；精选的 v.想象；喜爱；设想；自负,高中
fantastic,fæn'tæstɪk,,a.奇异的；空想的；异想天开的；古怪的；极好的，极出色的；不可思议的；不切实际的 n.古怪的人,高中
fantasy,'fæntəsi,,n.幻想；白日梦；幻觉 a.虚幻的 v.空想；想像,高中
far,fɑr,,ad.很；遥远地；久远地；到很远的距离；到很深的程度 a.远的；久远的 n.远方,高中
fare,fɛr,,v.经营；进展；遭遇；过活 n.票价；费用；旅客；食物,高中
farm,fɑrm,,v.种田，务农；经营农场 n.农场；农家；畜牧场,高中
farmer,'fɑmɚ,,n.农夫，农民,高中
fast,fæst,,a.快速的，迅速的；紧的，稳固的 ad.迅速地；紧紧地；彻底地 v.禁食，斋戒 n.斋戒；绝食,高中
fasten,'fæsən,,v.使固定；集中于；扎牢；强加于 n.(Fasten)人名；(英)法森,高中
fat,fæt,,a.肥的，胖的；油腻的；丰满的 n.脂肪，肥肉 v.养肥；在…中加入脂肪,高中
father,'fɑðɚ,,n.父亲，爸爸；神父；祖先；前辈 v.发明，创立；当…的父亲,高中
fault,fɔlt,,n.故障；[地质] 断层；错误；缺点；毛病；（网球等）发球失误 v.弄错；产生断层,高中
favour,ˈfevɚ,,n.偏爱；赞同；善行 v.赞成；喜爱；有助于,高中
favourite,'fevərɪt,,a.特别受喜爱的 n.特别喜爱的人（或物）,高中
fax,fæks,,v.传真 n.传真,高中
fear,fɪr,,n.害怕；恐惧；敬畏；担心 v.害怕；敬畏；为…担心,高中
feast,fist,,v.享受；款待，宴请 n.筵席，宴会；节日,高中
feather,'fɛðɚ,,n.羽毛 v.用羽毛装饰,高中
February,'fɛbrʊ'ɛri,,n.二月,高中
federal,'fɛdərəl,,a.联邦的；同盟的；联邦政府的； 联邦制的 ad.联邦政府地 n.(Federal)人名；(英)费德勒尔,高中
fee,fi,,n.费用；酬金；小费 v.付费给……,高中
feed,fid,,v.喂养；供给；放牧；抚养（家庭等）；靠…为生 n.饲料；饲养；（动物或婴儿的）一餐,高中
feel,fiːl,,v.感觉；认为；触摸；试探 n.感觉；触摸,高中
feeling,'filɪŋ,,n.感觉，触觉；感情，情绪；同情 a.有感觉的；有同情心的；富于感情的 v.感觉；认为（feel的现在分词）；触摸,高中
fellow,'fɛlo,,n.家伙；朋友；同事；会员 a.同伴的，同事的；同道的 vt.使…与另一个对等；使…与另一个匹敌,高中
female,'fimel,,a.女性的；雌性的；柔弱的，柔和的 n.女人；[动] 雌性动物,高中
fence,fɛns,,n.栅栏；围墙；剑术 v.防护；用篱笆围住；练习剑术,高中
ferry,'fɛri,,n.渡船；摆渡；渡口 v.（乘渡船）渡过；用渡船运送；空运,高中
festival,ˈfɛstəvəl,,n.节日；庆祝，纪念活动；欢乐 a.节日的，喜庆的；快乐的,高中
fetch,fɛtʃ,,v.取来；接来；到达；吸引 n.取得；诡计,高中
fever,'fivɚ,,n.发烧，发热；狂热 vt.使发烧；使狂热；使患热病 vi.发烧；狂热；患热病,高中
few,fju,,a.很少的；几乎没有的 pron.很少 n.很少数,高中
fibre,'faibə,,n.纤维；纤维制品,高中
fiction,'fɪkʃən,,n.小说；虚构，编造；谎言,高中
field,fild,,n.领域；牧场；旷野；战场；运动场 v.担任场外队员 a.扫描场；田赛的；野生的,高中
fierce,fɪrs,,a.凶猛的；猛烈的；暴躁的 n.(Fierce)人名；(英)菲尔斯,高中
fifteen,",fɪf'tin",,n.十五；十五个；十五人组成的橄榄球队 a.十五的 num.十五,高中
fifth,fɪfθ,,a.第五的；五分之一的 n.第五；五分之一 num.第五,高中
fifty,'fɪfti,,n.五十；五十个；编号为50的东西 a.五十的；五十个的；众多的,高中
fight,faɪt,,v.打架；与…打仗，与…斗争；反对…提案 n.打架；战斗，斗志,高中
figure,'fɪɡjɚ,,n.数字；人物；图形；价格；（人的）体形；画像 v.计算；出现；扮演角色,高中
file,faɪl,,n.文件；档案；文件夹；锉刀 v.提出；锉；琢磨；把…归档,高中
fill,fɪl,,v.装满，使充满；满足；堵塞；任职 n.满足；填满的量；装填物,高中
film,fɪlm,,n.电影；薄膜；胶卷；轻烟 v.在…上覆以薄膜；把…拍成电影,高中
final,'faɪnl,,a.最终的；决定性的；不可更改的 n.决赛；期末考试；当日报纸的末版,高中
finance,'faɪnæns,,n.财政，财政学；金融 v.负担经费，供给…经费,高中
find,faɪnd,,v.查找，找到；发现；认为；感到；获得 n.发现,高中
fine,faɪn,,a.好的；优良的；细小的，精美的；健康的；晴朗的 n.罚款 v.罚款；澄清 ad.很好地；精巧地,高中
finger,'fɪŋɡɚ,,n.手指；指针，指状物 v.伸出；用手指拨弄,高中
fingernail,'fɪŋɡɚnel,,n.手指甲,高中
finish,'fɪnɪʃ,,v.完成；结束；用完 n.结束；完美；回味（葡萄酒）,高中
fire,faɪr,,n.火；火灾；炮火；炉火；热情；激情；磨难 v.点燃；解雇；开除；使发光；烧制；激动；放枪,高中
firefighter,'faɪɚfaɪtɚ,,n.消防队员,高中
fireplace,'faɪɚples,,n.壁炉,高中
firewood,'faɪɚwʊd,,n.柴火；木柴,高中
firework,'faɪɚwɝk,,n.烟火；激烈情绪,高中
firm,fɝm,,a.坚定的；牢固的；严格的；结实的 v.使坚定；使牢固 ad.稳固地 n.公司；商号,高中
firmly,'fɝmli,,ad.坚定地，坚决地；坚固地，稳固地,高中
first,fɝst,,ad.第一；首先；优先；宁愿 n.第一；开始；冠军 a.第一的；基本的；最早的 num.第一,高中
fish,fɪʃ,,v.捕鱼，钓鱼；用钩捞取 n.鱼，鱼类,高中
fisherman,'fɪʃɚmən,,n.渔夫；渔人,高中
fist,fɪst,,n.拳，拳头；〈口〉笔迹；掌握；[印]指标参见号 vt.紧握；握成拳；用拳打,高中
fit,fɪt,,v.安装；使……适应；使……合身；与……相符 a.健康的；合适的；恰当的；准备好的 n.合身；发作；痉挛,高中
five,faɪv,,n.五，五个；五美元钞票 num.五，五个 a.五的；五个的,高中
fix,fɪks,,v.使固定；修理；安装；准备 n.困境；方位；贿赂,高中
flag,flæg,,v.标记；衰退；枯萎 n.标志；旗子,高中
flame,flem,,n.火焰；热情；光辉 v.焚烧；泛红,高中
flaming,'flemɪŋ,,a.燃烧的；火红的；激昂的 v.燃烧；变亮；发光（flame的ing形式） n.(Flaming)人名；(法)弗拉曼,高中
flash,flæʃ,,v.使闪光；反射 n.闪光，闪现；一瞬间 a.闪光的，火速的,高中
flashlight,'flæʃlaɪt,,n.手电筒；闪光灯,高中
flat,flæt,,a.平的；单调的；不景气的；干脆的；平坦的；扁平的；浅的 ad.（尤指贴着另一表面）平直地；断然地；水平地；直接地，完全地 n.平地；公寓；平面 vt.使变平；[音乐]使（音调）下降，尤指降半音 vi.逐渐变平；[音乐]以降调唱（或奏）,高中
flee,fli,,v.逃走；消失，消散,高中
flesh,flɛʃ,,n.肉；肉体 v.喂肉给…；使发胖,高中
flexible,'flɛksəbl,,a.灵活的；柔韧的；易弯曲的,高中
flight,flaɪt,,n.飞行；班机；逃走 v.射击；使惊飞,高中
float,flot,,v.使漂浮；实行 n.彩车，花车；漂流物；浮舟；浮萍,高中
flood,flʌd,,v.淹没；充满；溢出 n.洪水；泛滥；一大批,高中
floor,flɔr,,n.地板，地面；楼层；基底；议员席 v.铺地板；打倒，击倒；（被困难）难倒,高中
flour,'flaʊɚ,,n.面粉；粉状物质 v.撒粉于；把…磨成粉,高中
flow,flo,,v.流动，涌流；川流不息；飘扬 n.流动；流量；涨潮，泛滥,高中
flower,'flaʊɚ,,n.花；精华；开花植物 v.成熟，发育；开花；繁荣；旺盛,高中
flu,flu,,n.流感,高中
fluency,'fluənsi,,n.（语言、文章）流利；（技能）娴熟,高中
fluent,'fluənt,,a.流畅的，流利的；液态的；畅流的,高中
fly,flaɪ,,v.飞；驾驶飞机；飘扬 n.飞行；苍蝇；两翼昆虫 a.敏捷的,高中
focus,'fokəs,,n.焦点；中心；清晰；焦距 v.使集中；使聚焦,高中
fog,fɔɡ,,n.雾；烟雾，尘雾；迷惑 v.使模糊；使困惑；以雾笼罩,高中
foggy,ˈfɔːɡi;ˈfɑːɡi,,a.有雾的；模糊的，朦胧的,高中
fold,fold,,v.折叠；合拢；抱住；笼罩 n.折痕；信徒；羊栏,高中
folk,fok,,n.民族；人们；亲属（复数） a.民间的,高中
follow,'fɑlo,,v.跟随；遵循；追求；密切注意，注视；注意；倾听 n.跟随；追随,高中
following,'fɑloɪŋ,,a.下面的；其次的，接着的 n.下列事物；一批追随者 v.跟随；沿行（follow的ing形式）,高中
fond,fɑnd,,a.喜欢的；温柔的；宠爱的 n.(Fond)人名；(法)丰；(瑞典)丰德,高中
food,fud,,n.食物；养料,高中
fool,ful,,v.欺骗；开玩笑；戏弄 n.傻瓜；愚人；受骗者 a.傻的,高中
foolish,'fulɪʃ,,a.愚蠢的；傻的,高中
foot,fʊt,,n.脚；英尺；步调；末尾 v.步行；跳舞；总计,高中
football,'fʊtbɔl,,n.足球，橄榄球 vi.踢足球；打橄榄球,高中
for,fɚ; strong form fɔr,,prep.为，为了；因为；给；对于；至于；适合于 conj.因为,高中
forbid,fɚ'bɪd,,v.禁止；不准；不允许；〈正式〉严禁,高中
force,fɔrs,,n.力量；武力；军队；魄力 v.促使，推动；强迫；强加,高中
forecast,'fɔrkæst,,v.预报，预测；预示 n.预测，预报；预想,高中
forehead,'fɔr'hɛd,,n.额，前额,高中
foreign,'fɔrən,,a.外国的；外交的；异质的；不相关的,高中
foreigner,'fɔrənɚ,,n.外地人，外国人,高中
foresee,fɔr'si,,v.预见；预知,高中
forest,'fɔrɪst,,v.植树于，使成为森林 n.森林,高中
forever,fɚ'ɛvɚ,,ad.永远；不断地；常常,高中
forget,fɚ'ɡɛt,,v.忘记；忽略 n.(Forget)人名；(法)福尔热,高中
forgetful,fɚ'gɛtfəl,,a.健忘的；不注意的；疏忽的；使遗忘的,高中
forgive,fɚ'ɡɪv,,v.原谅；免除（债务、义务等）,高中
fork,fɔrk,,n.叉；餐叉；耙 v.叉起；使成叉状,高中
form,fɔrm,,n.形式，形状；形态，外形；方式；表格 v.构成，组成；排列，组织；产生，塑造,高中
format,'fɔrmæt,,n.格式；版式；开本 v.使格式化；规定…的格式,高中
former,'fɔrmɚ,,a.从前的，前者的；前任的 n.模型，样板；起形成作用的人,高中
fortnight,'fɔrtnaɪt,,n.两星期,高中
fortunate,'fɔrtʃənət,,a.幸运的；侥幸的；吉祥的；带来幸运的,高中
fortune,'fɔrtʃən,,n.财富；命运；运气 vt.给予财富 vi.偶然发生,高中
forty,'fɔrti,,n.四十 a.四十的；四十个的,高中
forward,'fɔrwɚd,,a.向前的；早的；迅速的 ad.向前地；向将来 v.促进；转寄；运送 n.前锋,高中
found,faʊnd,,v.创立，建立；创办,高中
founding,'faʊndɪŋ,,a.创办的；发起的 v.[机] 铸造；建造；以…为基础（found的ing形式） n.[机] 铸造；溶解,高中
fountain,'faʊntn,,n.喷泉，泉水；源泉,高中
four,fɔr,,num.四；四个 a.四的；四个的 n.(Four)人名；(西)福尔；(法)富尔,高中
fourteen,",fɔr'tin",,num.十四；十四个；第十四 n.十四的记号；十四岁；十四点钟；十五世纪,高中
fourth,fɔrθ,,a.第四的，第四个的；四分之一的 n.第四，月的第四日；四分之一 num.第四,高中
fox,fɑks,,v.欺骗；使变酸 n.狐狸；狡猾的人,高中
fragile,'frædʒəl,,a.脆的；易碎的,高中
fragrant,'fregrənt,,a.芳香的；愉快的,高中
framework,'fremwɝk,,n.框架，骨架；结构，构架,高中
free,fri,,a.免费的；自由的，不受约束的；[化学] 游离的 v.使自由，解放；释放 ad.自由地；免费 n.(Free)人名；(英)弗里,高中
freedom,'fridəm,,n.自由，自主；直率,高中
freeway,'friwe,,n.高速公路,高中
freeze,friz,,v.冻结；冷冻；僵硬 n.冻结；凝固,高中
freezing,'frizɪŋ,,a.冰冻的；严寒的；冷冻用的,高中
French,fren(t)ʃ,,a.法国的；法语的；法国人的 n.法国人；法语,高中
Frenchman,'frentʃmən,,n.法国人,高中
frequent,'frikwənt,,a.频繁的；时常发生的；惯常的 v.常到，常去；时常出入于,高中
fresh,frɛʃ,,a.新鲜的；清新的；淡水的；无经验的 n.开始；新生；泛滥 ad.刚刚，才；最新地,高中
friction,'frɪkʃən,,n.摩擦，[力] 摩擦力,高中
Friday,"'fraɪdeɪ; (occas.,) ˈfraɪdi",,n.星期五,高中
fridge,frɪdʒ,,n.电冰箱,高中
fried,fraid,,a.油炸的，油煎的；喝醉了的 v.油炸（fry的过去分词）,高中
friend,frɛnd,,n.朋友；助手；赞助者,高中
friendly,'frɛndli,,a.友好的；亲切的；支持的；融洽的，和睦的 ad.友善地；温和地 n.(Friendly)人名；(英)弗兰德利,高中
friendship,'frɛndʃɪp,,n.友谊；友爱；友善,高中
fright,fraɪt,,n.惊吓；惊骇 v.使惊恐,高中
frighten,'fraɪtn,,v.使惊吓；吓唬…,高中
frog,frɔɡ,,n.青蛙；[铁路] 辙叉；饰扣 v.捕蛙,高中
front,frʌnt,,n.前面；正面；前线 v.面对；朝向；对付 a.前面的；正面的 ad.在前面；向前,高中
frontier,frʌn'tɪr,,n.前沿；边界；国境 a.边界的；开拓的,高中
frost,frɔst,,v.结霜于；冻坏 n.霜；冰冻，严寒；冷淡,高中
fruit,frut,,n.水果；产物 v.结果实,高中
fry,fraɪ,,n.鱼苗；油炸食物 v.油炸；油煎,高中
fuel,'fjuəl,,v.得到燃料 n.燃料；刺激因素,高中
full,fʊl,,a.完全的，完整的；满的，充满的；丰富的；完美的；丰满的；详尽的 ad.十分，非常；完全地；整整 v.把衣服缝得宽大 n.全部；完整,高中
fun,fʌn,,n.乐趣；玩笑；有趣的人或事 a.供娱乐用的 vi.开玩笑,高中
function,'fʌŋkʃən,,n.功能；[数] 函数；职责；盛大的集会 v.运行；活动；行使职责,高中
fundamental,",fʌndə'mɛntl",,a.基本的，根本的 n.基本原理；基本原则,高中
funeral,'fjunərəl,,n.葬礼；麻烦事 a.丧葬的，出殡的,高中
funny,'fʌni,,a.有趣的，好笑的，滑稽的；（口）稀奇的，古怪的，奇异的；有病的，不舒服的；狡猾的，欺骗（性）的，可疑的，不光明 n.滑稽人物；笑话，有趣的故事；滑稽连环漫画栏；（英）（比赛用）单人双桨小艇,高中
fur,fɝ,,n.皮，皮子；毛皮；软毛 v.用毛皮覆盖；使穿毛皮服装,高中
furnished,'fɝnɪʃt,,a.家具，有家具的 v.供应；装备（furnish的过去分词）,高中
future,'fjʊtʃɚ,,n.未来；前途；期货；将来时 a.将来的，未来的,高中
gain,ɡen,,n.增加；利润；收获 v.获得；增加；赚到,高中
gale,ɡel,,n.[气象] 大风，狂风；（突发的）一阵,高中
gallery,'gæləri,,n.画廊；走廊；旁听席；地道 vt.在…修建走廊；在…挖地道 vi.挖地道,高中
gallon,'ɡælən,,n.加仑（容量单位）,高中
game,ɡem,,n.游戏；比赛 a.勇敢的 v.赌博,高中
garage,gəˈrɑʒ; gəˈrɑdʒ,,n.车库；汽车修理厂；飞机库 v.把……送入车库；把（汽车）开进车库,高中
garbage,'ɡɑrbɪdʒ,,n.垃圾；废物,高中
garden,'ɡɑrdn,,n.花园；菜园 v.栽培花木,高中
gardening,'gɑrdnɪŋ,,n.园艺；园林工人的工作,高中
garlic,'ɡɑrlɪk,,n.大蒜；蒜头,高中
garment,'gɑrmənt,,n.衣服，服装；外表，外观 v.给…穿衣服,高中
gas,ɡæs,,n.气体；[矿业] 瓦斯；汽油；毒气 v.加油；毒（死）,高中
gate,ɡet,,n.大门；出入口；门道 v.给…装大门,高中
gather,'ɡæðɚ,,v.收集；收割；使…聚集；使…皱起 n.聚集；衣褶；收获量,高中
gay,ɡe,,a.快乐的；放荡的；艳丽的 n.同性恋者,高中
general,'dʒɛnrəl,,a.一般的，普通的；综合的；大体的 n.一般；将军，上将；常规,高中
generation,'dʒɛnə'reʃən,,n.一代；产生；一代人；生殖,高中
generous,'dʒɛnərəs,,a.慷慨的，大方的；宽宏大量的；有雅量的,高中
gentle,'dʒɛntl,,a.温和的；文雅的 v.使温和，使驯服 n.蛆，饵,高中
gentleman,'dʒɛntlmən,,n.先生；绅士；有身份的人,高中
geography,dʒɪ'ɑɡrəfi,,n.地理；地形,高中
geometry,dʒɪ'ɑmətri,,n.几何学,高中
German,'dʒɜːmən,,a.德国的；德语的，德国人的 n.德语；德国人,高中
Germany,'dʒɝməni,,n.德国,高中
gesture,'dʒɛstʃɚ,,n.姿态；手势 v.作手势；用动作示意,高中
get,ɡɛt,,v.使得；获得；受到；变成 n.生殖；幼兽,高中
gift,ɡɪft,,n.礼物；天赋；赠品 v.赋予；向…赠送,高中
gifted,'ɡɪftɪd,,a.有天赋的；有才华的 v.给予（gift的过去分词）,高中
giraffe,dʒə'ræf,,n.长颈鹿,高中
girl,ɡɝl,,n.女孩；姑娘，未婚女子；女职员，女演员；（男人的）女朋友,高中
give,ɡɪv,,v.给；产生；让步；举办；授予 n.弹性；弯曲；伸展性,高中
glad,ɡlæd,,a.高兴的；乐意的；令人高兴的；灿烂美丽的 vt.使高兴 n.(Glad)人名；(塞、瑞典)格拉德；(英)格莱德；(法、挪)格拉,高中
glance,ɡlæns,,n.一瞥；一滑；闪光 v.扫视，匆匆一看；反光；瞥闪，瞥见,高中
glare,ɡlɛr,,n.刺眼；耀眼的光；受公众注目 v.瞪眼表示,高中
glass,ɡlæs,,n.玻璃；玻璃制品；镜子 v.反映；给某物加玻璃,高中
glasshouse,'ɡlæshaʊs,,n.温室；暖房,高中
globe,ɡlob,,n.地球；地球仪；球体 vt.使…成球形 vi.成球状,高中
glory,'ɡlɔri,,n.光荣，荣誉；赞颂 v.自豪，骄傲；狂喜,高中
glove,ɡlʌv,,n.手套 vt.给…戴手套,高中
glue,ɡlu,,v.粘合；似胶般固着于 n.胶；各种胶合物,高中
go,go,,v.走；达到；运转；趋于 n.去；进行；尝试,高中
goal,ɡol,,n.目标；球门，得分数；终点 vi.攻门，射门得分,高中
goat,ɡot,,n.山羊；替罪羊（美俚）；色鬼（美俚）,高中
god,ɡɑd,,n.神；（大写首字母时）上帝 vt.膜拜，崇拜,高中
gold,ɡold,,n.金，黄金；金色；金币 a.金的，金制的；金色的,高中
golden,'ɡoldən,,a.金色的，黄金般的；珍贵的；金制的 n.(Golden)人名；(英、法、罗、德、瑞典)戈尔登,高中
golf,gɔlf,,n.高尔夫球；高尔夫球运动 v.打高尔夫球,高中
good,ɡʊd,,a.好的；优良的；愉快的；虔诚的 n.好处；善行；慷慨的行为 ad.好,高中
goodness,'ɡʊdnəs,,int.天哪 n.善良，优秀 ；精华，养分,高中
goods,ɡʊdz,,n.商品；动产；合意的人；真本领,高中
goose,ɡus,,n.鹅；鹅肉；傻瓜；雌鹅 v.突然加大油门；嘘骂,高中
govern,'ɡʌvɚn,,v.管理；支配；统治；控制 n.(Govern)人名；(英)戈文,高中
government,'ɡʌvɚnmənt,,n.政府；政体；管辖,高中
gown,ɡaʊn,,n.长袍，长外衣；礼服；睡袍；法衣 v.使穿睡衣,高中
grade,ɡred,,n.年级；等级；成绩；级别；阶段 v.评分；把…分等级,高中
gradually,'grædʒʊəli,,ad.逐步地；渐渐地,高中
graduate,ˈɡrædʒuˌet,,v.授予…学位；分等级；标上刻度 n.研究生；毕业生 a.毕业的；研究生的,高中
graduation,",ɡrædʒu'eʃən",,n.毕业；毕业典礼；刻度，分度；分等级,高中
grain,ɡren,,n.粮食；颗粒；[作物] 谷物；纹理 v.成谷粒,高中
gram,ɡræm,,n.克；鹰嘴豆（用作饲料）,高中
grammar,'græmɚ,,n.语法；语法书,高中
grand,ɡrænd,,a.宏伟的；豪华的；极重要的 n.大钢琴；一千美元,高中
grandchild,'ɡræntʃaɪld,,n.孙子；孙女；外孙；外孙女,高中
granddaughter,'ɡrændɔtɚ,,n.孙女；外孙女,高中
grandma,ɡrænmɑ,,n.奶奶；外婆,高中
grandpa,grandpa,,n.爷爷；外公,高中
grandparents,'græn'pɛrənts,,n.祖父母（grandparent的复数）；外祖父母,高中
grandson,'ɡrænsʌn,,n.孙子；外孙,高中
granny,'ɡræni,,n.奶奶；外婆；婆婆妈妈的人,高中
grape,ɡrep,,n.葡萄；葡萄酒；葡萄树；葡萄色,高中
graph,ɡræf,,n.图表；曲线图 v.用曲线图表示,高中
grasp,ɡræsp,,n.抓住；理解；控制 v.抓住；领会,高中
grass,ɡræs,,n.草；草地，草坪 v.放牧；使……长满草；使……吃草,高中
grateful,'ɡretfl,,a.感谢的；令人愉快的，宜人的,高中
gravity,'ɡrævəti,,n.重力，地心引力；严重性；庄严,高中
great,ɡret,,a.伟大的，重大的；极好的，好的；主要的 n.大师；大人物；伟人们,高中
Greece,ɡriːs,,n.希腊（欧洲南部国家）,高中
greedy,'gridi,,a.贪婪的；贪吃的；渴望的,高中
Greek,grik,,n.希腊语；希腊人 a.希腊的；希腊人的，希腊语的,高中
green,ɡrin,,a.绿色的；青春的 n.绿色；青春 v.使…变绿色,高中
greengrocer,'ɡrinɡrosɚ,,n.蔬菜水果商；菜贩,高中
greet,ɡrit,,v.欢迎，迎接；致敬，致意；映入眼帘 n.(Greet)人名；(英)格里特,高中
greeting,'ɡritɪŋ,,n.问候，招呼；祝贺 v.致敬，欢迎（greet的现在分词）,高中
grey,ɡre,,a.灰色的；灰白的 v.使变成灰色；使变老 n.灰色,高中
grill,ɡrɪl,,v.烧，烤； n.烤架，铁格子；烤肉,高中
grocer,ɡrosɚ,,n.杂货店；食品商,高中
ground,ɡraʊnd,,n.地面；土地；范围；战场;根据 v.使接触地面；打基础；使搁浅 a.土地的；地面上的；磨碎的；磨过的,高中
group,ɡrup,,n.组；团体 a.群的；团体的 v.聚合,高中
grow,ɡro,,v.发展；生长；渐渐变得… n.(Grow)人名；(英)格罗,高中
growth,ɡroθ,,n.增长；发展；生长；种植,高中
gruel,'ɡruəl,,vt.使极度疲劳；累垮 n.稀粥,高中
guard,ɡɑrd,,n.守卫；警戒；护卫队；防护装置 v.警惕,高中
guess,ɡɛs,,v.猜测；认为；推测；猜中 n.猜测；推测,高中
guest,ɡɛst,,n.客人，宾客；顾客 v.款待，招待 a.客人的；特邀的，客座的,高中
guidance,'gaɪdns,,n.指导，引导；领导,高中
guide,ɡaɪd,,n.指南；向导；入门书 v.引导；带领；操纵,高中
guilty,'ɡɪlti,,a.有罪的；内疚的,高中
gun,ɡʌn,,n.枪支；枪状物；持枪歹徒 v.用枪射击；加大油门快速前进,高中
gy,,,abbr.灰色（gray）；圭亚那（Guyana） n.戈瑞,高中
gymnastics,dʒɪm'næstɪks,,n.体操；体育；体操运动,高中
ha,hɑ,,"int.哈！（表示惊异，愉快，怀疑，胜利等） abbr.一种元素(hahnium,原子序105) n.(Ha)人名；(德)哈；(日)巴 (姓)",高中
habit,'hæbɪt,,n.习惯，习性；嗜好 v.使穿衣,高中
hair,hɛr,,n.头发；毛发；些微 vt.除去…的毛发 vi.生长毛发；形成毛状纤维 a.毛发的；护理毛发的；用毛发制成的,高中
haircut,'hɛrkʌt,,n.理发；发型,高中
half,hæf,,n.一半；半场；半学年 ad.一半地；部分地 a.一半的；不完全的；半途的,高中
hall,hɔl,,n.过道，门厅，走廊；会堂；食堂；学生宿舍；大厅，前厅；娱乐中心，会所,高中
ham,hæm,,n.火腿；业余无线电爱好者；蹩脚演员 v.表演过火 a.过火的；做作的,高中
hamburger,hæmbɝ​ɡɚ,,n.汉堡包，火腿汉堡；牛肉饼，肉饼；碎牛肉,高中
hammer,'hæmɚ,,v.锤击；敲打；重复 n.铁锤；链球；[解剖] 锤骨；音锤,高中
hand,hænd,,n.手，手艺；帮助；指针；插手 v.传递，交给；支持；搀扶,高中
handbag,'hænd'bæg,,n.手提包,高中
handful,"'hænd,fʊl",,n.少数；一把；棘手事,高中
handkerchief,'hæŋkɚtʃɪf,,n.手帕；头巾，围巾,高中
handle,'hændl,,n.[建] 把手；柄；手感；口实 v.处理；操作；运用；买卖；触摸,高中
handsome,'hænsəm,,a.（男子）英俊的；可观的；大方的，慷慨的；健美而端庄的,高中
handtruck,,,手推车,高中
handwriting,'hænd'raɪtɪŋ,,n.笔迹；书法；书写；手稿 v.亲手写（handwrite的ing形式）,高中
handy,'hændi,,a.便利的；手边的，就近的；容易取得的；敏捷的 n.(Handy)人名；(英)汉迪,高中
hang,hæŋ,,v.悬挂，垂下；装饰；绞死；使悬而未决 n.悬挂；暂停，中止,高中
happen,'hæpən,,v.发生；碰巧；偶然遇到,高中
happily,'hæpɪli,,ad.快乐地；幸福地；幸运地；恰当地,高中
happiness,ˈhæpinəs,,n.幸福,高中
happy,'hæpɪ,,a.幸福的；高兴的；巧妙的 n.(Happy)人名；(英、瑞典、喀)哈皮,高中
harbour,hɑrbɚ,,v.藏匿；入港停泊；庇护 n.海港（等于harbor）；避难所,高中
hard,hɑrd,,a.努力的；硬的；困难的；辛苦的；确实的；严厉的；猛烈的；冷酷无情的 ad.努力地；困难地；辛苦地；接近地；猛烈地；牢固地 n.(Hard)人名；(英、芬、瑞典)哈德,高中
hardly,'hɑrdli,,ad.几乎不，简直不；刚刚,高中
hardship,'hɑrdʃɪp,,n.困苦；苦难；艰难险阻,高中
hardworking,"'hɑrd,wɝkɪŋ",,a.努力工作的；不辞辛劳的，苦干的 v.努力工作（hardwork的ing形式）,高中
harm,hɑrm,,n.伤害；损害 v.伤害；危害；损害,高中
harmful,'hɑrmfəl,,a.有害的；能造成损害的,高中
harmless,'hɑrmləs,,a.无害的；无恶意的,高中
harmony,'hɑrməni,,n.协调；和睦；融洽；调和,高中
harvest,'hɑrvɪst,,n.收获；产量；结果 v.收割；得到,高中
hat,hæt,,n.帽子 v.给……戴上帽子,高中
hatch,hætʃ,,n.孵化；舱口 v.孵；策划,高中
hate,het,,v.憎恨；厌恶；遗憾 n.憎恨；反感,高中
have,"hæv; (also, as before 'to') hæf",,v.有；让；拿；从事；允许 aux.已经 n.(Have)人名；(芬)哈韦；(德)哈弗,高中
hawk,hɔk,,v.兜售，沿街叫卖；捕捉；咳出 n.鹰；鹰派成员；掠夺他人的人,高中
hay,heɪ,,n.干草 v.把晒干,高中
he,hi,,n.男孩，男人；它（雄性动物） pron.他,高中
head,hɛd,,n.头；头痛；上端；最前的部分；理解力 v.前进；用头顶；作为…的首领；站在…的前头；给…加标题 a.头的；主要的；在顶端的,高中
headache,ˈhɛdˌek,,n.头痛；麻烦；令人头痛之事,高中
headline,'hɛdlaɪn,,n.大标题；内容提要；栏外标题；头版头条新闻 v.给…加标题；使成为注意中心；大力宣传,高中
headmaster,",hɛd'mæstɚ",,n.校长,高中
headmistress,ˌhɛdˈmistrəs,,n.女校长,高中
headteacher,'hedti:tʃə,,n.中小学的校长,高中
health,hɛlθ,,n.健康；卫生；保健；兴旺,高中
healthy,'hɛlθi,,a.健康的，健全的；有益于健康的,高中
heap,hip,,n.堆；许多；累积 v.堆；堆积,高中
hear,hɪr,,v.听到，听；听说；审理,高中
hearing,'hɪrɪŋ,,n.听力；审讯，听讯 v.听见（hear的ing形式）,高中
heart,hɑrt,,n.心脏；感情；勇气；心形；要点 vt.鼓励；铭记 vi.结心,高中
heat,hit,,n.高温；压力；热度；热烈 v.使激动；把…加热,高中
heaven,'hɛvn,,n.天堂；天空；极乐,高中
heavily,'hɛvɪli,,ad.沉重地；猛烈地；沉闷地,高中
heavy,'hɛvi,,a.沉重的；繁重的，巨大的；拥挤的；阴沉的 n.重物；严肃角色 ad.大量地；笨重地,高中
heel,hil,,n.脚后跟；踵 v.倾侧,高中
height,haɪt,,n.高地；高度；身高；顶点,高中
helicopter,'hɛlɪkɑptɚ,,n.[航] 直升飞机 vi.[航] 乘直升飞机 vt.由直升机运送,高中
hello,"hɛˈlo, hə-",,int.喂；哈罗 n.表示问候， 惊奇或唤起注意时的用语,高中
helmet,'hɛlmɪt,,n.钢盔，头盔,高中
help,hɛlp,,v.帮助；促进；治疗；补救 n.帮助；补救办法；帮忙者；有益的东西,高中
helpful,'hɛlpfl,,a.有帮助的；有益的,高中
hen,hɛn,,n.母鸡；女人；雌禽,高中
her,hɚ,,pron.她（she的宾格）；她的（she的所有格）；她（指某个国家；一艘船） n.（法）埃尔（人名）,高中
herb,ɝb,,n.香草，药草,高中
here,hɪr,,ad.在这里；此时 int.嘿！；喂！ n.这里,高中
hero,'hɪro,,n.英雄；男主角，男主人公,高中
heroine,'hɛroɪn,,n.女主角；女英雄；女杰出人物,高中
hers,hɝz,,pron.她的（所有格） n.(Hers)人名；(法)埃尔,高中
herself,hɝ'sɛlf,,pron.她自己（she的反身代词）；她亲自,高中
hey,he,,int.喂！（引起注意等）；你好！（表示问候） n.干草（等于hay）,高中
hi,haɪ,,int.嗨！（表示问候或用以唤起注意） n.(Hi)人名；(柬)希,高中
hibernate,'haɪbɚnet,,v.过冬；（动物）冬眠；（人等）避寒,高中
hibernation,",haibə'neiʃən",,n.冬眠；过冬；避寒,高中
hide,haɪd,,v.隐藏；隐瞒；鞭打 n.躲藏；兽皮；躲藏处,高中
high,haɪ,,a.高的；高级的；崇高的；高音调的 n.高水平；天空；由麻醉品引起的快感；高压地带 ad.高；奢侈地,高中
highway,'haɪwe,,n.公路，大路；捷径,高中
hill,hɪl,,n.小山；丘陵；斜坡；山冈,高中
hillside,'hɪl'saɪd,,n.山坡，山腹；山腰,高中
hilly,'hɪli,,a.丘陵的；陡的；多小山的；多坡的 n.(Hilly)人名；(阿拉伯)希利,高中
him,hɪm,,pron.他（宾格） n.(Him)人名；(东南亚国家华语)欣；(柬)亨；(中)谦(广东话·威妥玛),高中
himself,hɪm'sɛlf,,pron.他自己；他亲自，他本人,高中
hire,'haɪɚ,,n.雇用，租用；租金，工钱 v.雇用；出租,高中
his,hɪz,,pron.他的 n.(His)人名；(法)伊斯,高中
history,ˈhɪstəri; ˈhɪstri,,n.历史，历史学；历史记录；来历,高中
hit,hɪt,,v.打击；袭击；碰撞；偶然发现；伤…的感情 n.打；打击；（演出等）成功；讽刺,高中
hive,haɪv,,v.群居；入蜂房；生活在蜂房中 n.蜂房，蜂巢；热闹的场所；熙攘喧闹的人群,高中
hobby,'hɑbi,,n.嗜好；业余爱好,高中
hold,hold,,v.持有；拥有；保存；拘留；约束或控制 n.控制；保留,高中
hole,hol,,n.洞，孔；洞穴，穴；突破口 v.凿洞，穿孔；（高尔夫球等）进洞,高中
holiday,'hɑləde,,n.假日；节日；休息日 v.外出度假,高中
holy,'holi,,a.圣洁的，神圣的；至善的 n.神圣的东西,高中
home,hom,,n.家，住宅；产地；家乡；避难所 ad.在家，回家；深入地 a.国内的，家庭的；有效的 v.归巢，回家,高中
homeland,'homlænd,,n.祖国；故乡,高中
hometown,'homtaʊn,,n.家乡；故乡,高中
homework,'hom'wɝk,,n.家庭作业，课外作业,高中
honest,'ɑnɪst,,a.诚实的，实在的；可靠的；坦率的,高中
honey,'hʌni,,n.蜂蜜；宝贝；甜蜜 a.甘美的；蜂蜜似的 v.对…说甜言蜜语；加蜜使甜,高中
honour,'ɔnə,,n.荣誉；尊敬；勋章 v.尊敬；[金融] 承兑；承兑远期票据,高中
hook,hʊk,,n.挂钩，吊钩 v.钩住；引上钩,高中
hooray,hu're,,vi.呼万岁 vt.呼万岁 n.万岁 int.万岁,高中
hope,hop,,n.希望；期望；信心 v.希望；期望,高中
hopeful,'hopfl,,a.有希望的；有前途的 n.有希望成功的人,高中
horrible,ˈhɑːrəbl,,a.可怕的；极讨厌的,高中
horse,hɔrs,,n.马；骑兵；脚架；海洛因 v.使骑马；系马于；捉弄,高中
hospital,'hɑspɪtl,,n.医院,高中
host,host,,n.[计] 主机；主人；主持人；许多 v.主持；当主人招待,高中
hostess,'hostəs,,n.女主人，女老板；女服务员；舞女；女房东,高中
hot,hɑt,,a.热的；辣的；热情的；激动的；紧迫的 ad.热；紧迫地 v.变热 n.(Hot)人名；(塞)霍特；(法)奥特,高中
hotel,ho'tɛl,,n.旅馆，饭店；客栈 vt.使…在饭店下榻 vi.进行旅馆式办公,高中
hour,'aʊɚ,,n.小时；钟头；课时；…点钟,高中
house,haʊs,,n.住宅；家庭；机构；议会；某种用途的建筑物 v.覆盖；给…房子住；把…储藏在房内,高中
housewife,'haʊs'waɪf,,n.家庭主妇,高中
housework,'haʊs'wɝk,,n.家务事,高中
how,haʊ,,ad.如何；多少；多么 n.方法；方式 conj.如何,高中
however,haʊ'ɛvɚ,,ad.无论如何；不管怎样（接副词或形容词）；然而；可是 conj.无论以何种方式; 不管怎样,高中
howl,haʊl,,v.咆哮；怒吼；狂吠 n.嗥叫；怒号；嚎哭,高中
hug,hʌɡ,,v.拥抱；紧抱；抱有，坚持 n.拥抱；紧抱；固执,高中
huge,hjudʒ,,a.巨大的；庞大的；无限的 n.(Huge)人名；(英)休奇,高中
human,'hjumən,,a.人的；人类的 n.人；人类,高中
humorous,'hjumərəs,,a.诙谐的，幽默的；滑稽的，可笑的,高中
humour,'hju:mə,,n.幽默（等于humor）；诙谐 v.迁就；使满足,高中
hundred,'hʌndrəd,,n.一百；许多 a.一百的；许多的 num.百；百个,高中
hunger,'hʌŋɡɚ,,n.饿，饥饿；渴望 v.渴望；挨饿,高中
hungry,'hʌŋɡri,,a.饥饿的；渴望的；荒年的；不毛的,高中
hunt,hʌnt,,v.打猎；搜索 n.狩猎；搜寻,高中
hunter,'hʌntɚ,,n.猎人；猎犬；搜寻者,高中
hur,,,abbr.飓风（hurricane）,高中
hurricane,hʌrɪˌken,,n.飓风，暴风,高中
hurry,'hɝrɪ,,n.匆忙，急忙 v.仓促（做某事）；催促；（朝某方向）迅速移动；迅速处理,高中
husband,'hʌzbənd,,v.节约地使用（或管理） n.丈夫,高中
hydrogen,'haɪdrədʒən,,n.[化学] 氢,高中
I,aɪ,,pron.我 n.碘元素；英语字母I,高中
ice,aɪs,,n.冰；冰淇淋；矜持；（俚）钻石 v.冰镇；结冰 a.冰的,高中
Iceland,'aislənd,,n.冰岛（欧洲岛名，在大西洋北部，近北极圈）,高中
idea,aɪ'diə,,n.想法；主意；概念,高中
identification,aɪˌdentɪfɪ'keʃn,,n.鉴定，识别；认同；身份证明,高中
identity,aɪ'dɛntəti,,n.身份；同一性，一致；特性；恒等式,高中
idiom,'ɪdɪəm,,n.成语，习语；土话,高中
if,ɪf,,conj.（表条件）如果；即使；是否；（表假设）假如 n.条件；设想,高中
ignore,ɪɡ'nɔr,,v.驳回诉讼；忽视；不理睬,高中
ill,ɪl,,a.生病的；坏的；邪恶的；不吉利的 ad.不利地；恶劣地；几乎不 n.疾病；不幸,高中
illegal,ɪ'ligl,,a.[法] 非法的；违法的；违反规则的 n.非法移民，非法劳工,高中
illness,'ɪlnəs,,n.病；疾病,高中
imagine,ɪ'mædʒɪn,,v.想像；猜想；臆断,高中
immediate,ɪ'midɪət,,a.立即的；直接的；最接近的,高中
immediately,ɪ'midɪətli,,ad.立即，立刻；直接地 conj.一…就,高中
immigration,",ɪmɪ'ɡreʃən",,n.外来移民；移居,高中
import,'ɪmpɔt,,n.进口，进口货；输入；意思，含义；重要性 v.输入，进口；含…的意思,高中
importance,ɪm'pɔrtns,,n.价值；重要；重大；傲慢,高中
important,ɪm'pɔrtnt,,a.重要的，重大的；有地位的；有权力的,高中
impossible,ɪm'pɑsəbl,,a.不可能的；不可能存在的；难以忍受的；不真实的 n.不可能；不可能的事,高中
impress,ɪm'prɛs,,v.盖印；强征；传送；给予某人深刻印象 n.印象，印记；特征，痕迹,高中
impression,ɪm'prɛʃən,,n.印象；效果，影响；压痕，印记；感想；曝光（衡量广告被显示的次数。打开一个带有该广告的网页，则该广告的impression 次数增加一次）,高中
improve,ɪm'pruv,,v.改善，增进；提高…的价值,高中
in,ɪn,,prep.按照（表示方式）；从事于；在…之内 ad.进入；当选；（服装等）时髦；在屋里 a.在里面的；时髦的 n.执政者；门路；知情者,高中
inch,ɪntʃ,,n.英寸；身高；少许 v.使缓慢地移动,高中
incident,'ɪnsɪdənt,,n.事件，事变；插曲 a.[光] 入射的；附带的；易发生的，伴随而来的,高中
include,ɪn'klud,,v.包含，包括,高中
income,'ɪnkʌm,,n.收入，收益；所得,高中
incorrect,",ɪnkə'rɛkt",,a.错误的，不正确的；不适当的；不真实的,高中
increase,'ɪnkris,,n.增加，增长；提高 v.增加，增大；繁殖,高中
indeed,ɪn'did,,ad.的确；实在；真正地；甚至 int.真的（表示惊讶、怀疑、讽刺等）,高中
independence,",ɪndɪ'pɛndəns",,n.独立性，自立性；自主,高中
independent,'ɪndɪ'pɛndənt,,a.独立的；单独的；无党派的；不受约束的 n.独立自主者；无党派者,高中
India,'ɪndɪə,,n.印度（南亚国家）,高中
Indian,'ɪndɪən,,a.印度的；印第安人的；印第安语的 n.印度人；印第安人；印第安语,高中
Indicate,'ɪndɪket,,v.表明；指出；预示；象征,高中
industry,'ɪndəstri,,n.产业；工业；勤勉,高中
influence,'ɪnfluəns,,n.影响；势力；感化；有影响的人或事 v.影响；改变,高中
inform,ɪn'fɔrm,,v.通知；告诉；报告,高中
information,'ɪnfɚ'meʃən,,n.信息，资料；知识；情报；通知,高中
initial,ɪ'nɪʃəl,,a.最初的；字首的 v.用姓名的首字母签名 n.词首大写字母,高中
injure,'ɪndʒɚ,,v.伤害，损害,高中
ink,ɪŋk,,v.签署；涂墨水于 n.墨水，墨汁；油墨,高中
inland,",ɪn'lænd",,n.内地；内陆 a.内陆的；内地的；国内的 ad.在内地；向内地；向内陆；在内陆,高中
inn,ɪn,,n.客栈；旅馆 vi.住旅馆,高中
innocent,'ɪnəsnt,,a.无辜的；无罪的；无知的 n.天真的人；笨蛋,高中
insect,'ɪnsɛkt,,n.昆虫；卑鄙的人,高中
insert,'ɪnsɝt,,v.插入；嵌入 n.插入物；管芯；镶块；[机械]刀片,高中
inside,'ɪn'saɪd,,n.里面；内部；内情；内脏 a.里面的；内部的；秘密的 ad.在里面 prep.少于；在…之内,高中
insist,ɪn'sɪst,,v.坚持，强调,高中
inspect,ɪn'spɛkt,,v.检查；视察；检阅,高中
inspire,ɪn'spaɪɚ,,v.激发；鼓舞；启示；产生；使生灵感,高中
instant,'ɪnstənt,,a.立即的；紧急的；紧迫的 n.瞬间；立即；片刻,高中
instead,ɪn'stɛd,,ad.代替；反而；相反,高中
institute,'ɪnstɪtut,,v.开始（调查）；制定；创立；提起（诉讼） n.学会，协会；学院,高中
institution,",ɪnstɪ'tuʃən",,n.制度；建立；（社会或宗教等）公共机构；习俗,高中
instruct,ɪn'strʌkt,,v.指导；通知；命令；教授,高中
instruction,ɪn'strʌkʃən,,n.指令，命令；指示；教导；用法说明,高中
instrument,'ɪnstrəmənt,,n.仪器；工具；乐器；手段；器械,高中
insurance,ɪn'ʃʊrəns,,n.保险；保险费；保险契约；赔偿金,高中
insure,ɪn'ʃʊr,,v.确保，保证；给…保险,高中
intelligence,ɪn'tɛlɪdʒəns,,n.智力；情报工作；情报机关；理解力；才智，智慧；天分,高中
intention,ɪn'tɛnʃən,,n.意图；目的；意向；愈合,高中
interest,'ɪntrəst,,n.兴趣，爱好；利息；趣味；同行 v.使……感兴趣；引起……的关心；使……参与,高中
interesting,'ɪntrəstɪŋ,,a.有趣的；引起兴趣的，令人关注的,高中
international,",ɪntɚ'næʃnəl",,n.国际组织；国际体育比赛；外国居留者；国际股票 a.国际的；两国（或以上）国家的；超越国界的；国际关系的；世界的,高中
internet,'ɪntɚnɛt,,n.因特网,高中
interpreter,ɪn'tɝprɪtɚ,,n.解释者；口译者；注释器,高中
interrupt,'ɪntə'rʌpt,,v.中断；打断；插嘴；妨碍 n.中断,高中
interval,'ɪntɚvl,,n.间隔；间距；幕间休息,高中
interview,'ɪntɚvju,,n.接见，采访；面试，面谈 v.采访；接见；对…进行面谈；对某人进行面试,高中
into,ˈɪntu,,prep.到…里；深入…之中；成为…状况；进入到…之内 n.(Into)人名；(芬、英)因托,高中
introduce,ˌɪntrə'dus,,v.介绍；引进；提出；采用,高中
introduction,",ɪntrə'dʌkʃən",,n.介绍；引进；采用；入门；传入,高中
invent,ɪn'vɛnt,,v.发明；创造；虚构,高中
invention,ɪn'vɛnʃən,,n.发明；发明物；虚构；发明才能,高中
inventor,ɪn'vɛntɚ,,n.发明家；[专利] 发明人；创造者,高中
invitation,ˌɪnvɪˈteɪʃn,,n.邀请；引诱；请帖；邀请函,高中
invite,ɪn'vaɪt,,v.邀请，招待；招致 n.邀请,高中
Ireland,'aɪrlənd,,n.爱尔兰,高中
Irish,ˈaɪrɪʃ,,a.爱尔兰的；爱尔兰人的 n.爱尔兰人；爱尔兰语；爱尔兰,高中
iron,'aɪɚn,,n.熨斗；烙铁；坚强 v.熨；用铁铸成 a.铁的；残酷的；刚强的,高中
irrigate,'ɪrəget,,v.灌溉；冲洗；使清新,高中
irrigation,ˌɪrɪˈɡeʃn,,n.灌溉；[临床] 冲洗；冲洗法,高中
island,'aɪlənd,,n.岛；岛屿；安全岛；岛状物 a.岛的 vt.孤立；使成岛状,高中
it,aɪ ti,,pron.[指无生命的东西、动物、植物]它；这；那 abbr.信息技术information technology,高中
Italian,ɪˈtæljən,,a.意大利的；意大利文化的；意大利语的 n.意大利人；意大利语,高中
Italy,'ɪtəlɪ,,n.意大利（欧洲南部国家）,高中
its,ɪts,,pron.它的 n.(Its)人名；(俄)伊茨,高中
itself,ɪt'sɛlf,,pron.它自己；它本身,高中
jacket,'dʒækɪt,,n.羽绒滑雪衫；西装短外套；短上衣，夹克；土豆皮；书籍的护封；文件套，公文夹 v.给…穿夹克；给…装护套；给…包上护封；〈口〉打,高中
jam,dʒæm,,n.果酱；拥挤；困境；扣篮 v.使堵塞；挤进，使塞满；混杂；压碎,高中
January,'dʒænjʊ'ɛri,,n.一月,高中
Japan,dʒə'pæn,,n.日本（东亚国家名）,高中
Japanese,",dʒæpə'niz",,a.日本（人）的；日语的 n.日本人；日语,高中
jar,dʒɑr,,n.罐；广口瓶；震动；刺耳声 v.冲突；不一致；震惊；发刺耳声,高中
jaw,dʒɔ,,n.颌；下巴；狭窄入口；唠叨 v.教训；唠叨,高中
jazz,dʒæz,,n.爵士乐，爵士舞；喧闹 v.奏爵士乐，跳爵士舞；游荡 a.爵士乐的；喧吵的,高中
jeans,dʒi:nz,,n.牛仔裤；工装裤,高中
jeep,dʒip,,n.吉普车,高中
jet,dʒɛt,,n.喷射，喷嘴；喷气式飞机；黑玉 a.墨黑的 v.射出,高中
jewel,'dʒuəl,,n.宝石；珠宝 v.镶以宝石；饰以珠宝,高中
jewelry,'dʒʊəlri,,n.珠宝；珠宝类,高中
job,dʒɒb,,n.工作；职业 v.承包；代客买卖,高中
jog,dʒɑɡ,,v.慢跑；轻推；蹒跚行进；使颠簸 n.慢跑；轻推，轻撞,高中
join,dʒɔɪn,,v.参加；结合；连接 n.结合；连接；接合点,高中
joke,dʒok,,n.玩笑，笑话；笑柄 v.开…的玩笑,高中
journalist,'dʒɝnəlɪst,,n.新闻工作者；报人；记日志者,高中
journey,'dʒɝni,,n.旅行；行程 v.旅行,高中
joy,dʒɔɪ,,n.欢乐，快乐；乐趣；高兴 v.欣喜，欢喜,高中
judge,dʒʌdʒ,,v.判断；审判 n.法官；裁判员,高中
judgement,'dʒʌdʒmənt,,n.意见；判断力；[法] 审判；评价,高中
juice,dʒus,,n.（水果）汁，液；果汁,高中
juicy,'dʒusi,,a.多汁的；利润多的；生动的,高中
jump,dʒʌmp,,n.跳跃；暴涨；惊跳 v.跳跃；使跳跃；跳过；突升,高中
June,dʒun,,n.六月；琼（人名，来源于拉丁语，含义是“年轻气盛的六月”）,高中
jungle,'dʒʌŋɡl,,n.丛林，密林；危险地带 a.丛林的；蛮荒的,高中
junior,'dʒunɪɚ,,a.年少的；后进的；下级的 n.年少者，晚辈；地位较低者；大学三年级学生,高中
junk,dʒʌŋk,,n.垃圾，废物；舢板,高中
just,dʒʌst,,ad.只是，仅仅；刚才，刚刚；正好，恰好；实在；刚要 a.公正的，合理的；正直的，正义的；正确的；公平的；应得的 n.(Just)人名；(英)贾斯特；(法)朱斯特；(德、匈、波、捷、挪)尤斯特；(西)胡斯特,高中
justice,'dʒʌstɪs,,n.司法，法律制裁；正义；法官，审判员,高中
kangaroo,",kæŋɡə'ru",,n.袋鼠,高中
keep,kip,,v.保持；经营；遵守；饲养 n.保持；生计；生活费,高中
keeper,'kipɚ,,n.监护人；饲养员；看守人；管理人,高中
kettle,'kɛtl,,n.壶；[化工] 釜；罐；鼓,高中
key,kiː,,n.（打字机等的）键；关键；钥匙 v.键入；锁上；调节…的音调；提供线索 a.关键的,高中
keyboard,'ki'bɔrd,,n.键盘 v.键入；用键盘式排字机排字,高中
kick,kɪk,,v.踢；反冲，朝后座 n.踢；反冲，后座力,高中
kid,kɪd,,n.小孩；小山羊 v.欺骗；取笑；戏弄 a.小山羊皮制的；较年幼的,高中
kill,kɪl,,v.杀死；扼杀；使终止；抵消 n.杀戮；屠杀 a.致命的；致死的,高中
kilo,'kilo,,n.千克,高中
kilogram,'kɪləɡræm,,n.公斤；千克,高中
kilometre,kɪ'lɔmɪtɚ,,n.[计量] 公里；[计量] 千米,高中
kind,kaɪnd,,n.种类；性质 a.和蔼的；宽容的；令人感激的,高中
kindergarten,'kɪndɚɡɑrtn,,n.幼儿园；幼稚园,高中
kindness,'kaɪndnəs,,n.仁慈；好意；友好的行为,高中
king,kɪŋ,,n.国王；最有势力者；王棋 vi.统治；做国王 vt.立…为王 a.主要的，最重要的，最大的,高中
kingdom,'kɪŋdəm,,n.王国；界；领域,高中
kiss,kɪs,,v.吻；（风等）轻拂 n.吻；轻拂,高中
kitchen,'kɪtʃɪn,,n.厨房；炊具；炊事人员,高中
kite,kaɪt,,n.风筝 v.使用空头支票；像风筝一样飞；轻快地移动,高中
knee,ni,,n.膝盖，膝 v.用膝盖碰,高中
knife,naɪf,,n.刀；匕首 v.用刀切；（口）伤害,高中
knock,nɑk,,v.敲；打；敲击 n.敲；敲打；爆震声,高中
know,no,,v.知道；认识；懂得,高中
knowledge,'nɑlɪdʒ,,n.知识，学问；知道，认识；学科,高中
lab,læb,,n.实验室，研究室,高中
labour,'leibə,,n.劳动力，人工；分娩 v.劳动；分娩；费力地前进,高中
labourer,'lebərɚ,,n.劳动者；劳工,高中
lack,læk,,v.缺乏；不足；没有；需要 n.缺乏；不足,高中
ladder,'lædɚ,,n.阶梯；途径；梯状物 v.成名；发迹,高中
lady,'ledi,,n.女士，夫人；小姐；妻子,高中
lake,lek,,n.湖；深红色颜料；胭脂红 vt.（使）血球溶解 vi.（使）血球溶解,高中
lamb,læm,,n.羔羊，小羊；羔羊肉 v.生小羊，产羔羊,高中
lame,lem,,a.跛足的；僵痛的；不完全的；无说服力的；差劲的，蹩脚的 v.变跛,高中
lamp,læmp,,n.灯；照射器 vt.照亮 vi.发亮,高中
land,lænd,,n.国土；陆地；地面 v.使…登陆；使…陷于；将…卸下,高中
language,'læŋɡwɪdʒ,,n.语言；语言文字；表达能力,高中
lantern,'læntɚn,,n.灯笼；提灯；灯笼式天窗,高中
lap,læp,,n.一圈；膝盖；下摆；山坳 v.使重叠；拍打；包围,高中
large,lɑrdʒ,,a.大的；多数的；广博的 ad.大大地；夸大地 n.大,高中
laser,'lezɚ,,n.激光,高中
last,læst,,n.末尾，最后；上个；鞋楦（做鞋的模型） a.最后的；最近的，最新的；仅剩的；最不可能…的 v.持续；维持，够用；持久 ad.最后地；上次，最近；最后一点,高中
late,let,,a.晚的；迟的；已故的；最近的 ad.晚；迟；最近；在晚期,高中
later,'letɚ,,ad.后来；稍后；随后 a.更迟的；更后的 n.(Later)人名；(德)拉特,高中
latest,'letɪst,,ad.最迟地；最后地 n.最新的事物 a.最新的，最近的；最迟的，最后的,高中
latter,'lætɚ,,a.后者的；近来的；后面的；较后的 n.(Latter)人名；(英、德、捷)拉特,高中
laugh,læf,,n.笑；引人发笑的事或人 v.笑,高中
laughter,'læftɚ,,n.笑；笑声,高中
laundry,'lɔndri,,n.洗衣店，洗衣房；要洗的衣服；洗熨；洗好的衣服,高中
lavatory,'lævətɔri,,n.厕所，盥洗室,高中
law,lɔ,,n.法律；规律；法治；法学；诉讼；司法界 vi.起诉；控告 vt.控告；对…起诉,高中
lawyer,'lɔjɚ,,n.律师；法学家,高中
lay,le,,v.躺下；产卵；搁放；放置；铺放；涂，敷 a.世俗的；外行的；没有经验的 n.位置；短诗；花纹方向；叙事诗；性伙伴,高中
lazy,'lezi,,a.懒惰的；懒洋洋的；怠惰的；慢吞吞的 n.(Lazy)人名；(德)拉齐,高中
lead,lid,,n.领导；铅；导线；榜样 v.领导；致使；引导；指挥 a.带头的；最重要的,高中
leader,'lidɚ,,n.领导者；首领；指挥者,高中
leading,'lidɪŋ,,a.领导的；主要的 n.领导；铅板；行距 v.领导（lead的ing形式）,高中
leaf,lif,,n.叶子；（书籍等的）一张；扇页 v.生叶；翻书页,高中
league,lig,,n.联盟；社团；范畴 v.使…结盟；与…联合,高中
leak,lik,,n.泄漏；漏洞，裂缝 v.使渗漏，泄露,高中
learn,lɝn,,v.学习；得知；认识到,高中
learned,'lɝnd; lɝ​nɪd,,a.博学的；有学问的；学术上的 n.(Learned)人名；(英)勒尼德,高中
least,list,,a.最小的；最少的（little的最高级） ad.最小；最少 n.最小；最少,高中
leather,'lɛðɚ,,n.皮革；皮革制品 v.用皮革包盖；抽打 a.皮的；皮革制的,高中
leave,liv,,v.离开；留下；遗忘；委托 n.许可，同意；休假,高中
lecture,'lɛktʃɚ,,n.演讲；讲稿；教训 v.演讲；训诫,高中
left,lɛft,,a.左边的；左派的；剩下的 ad.在左面 n.左边；左派；激进分子 v.离开（leave的过去式）,高中
leftover,'lɛftovɚ,,n.残留物；吃剩的饭菜；剩余物 a.残余的；吃剩的,高中
leg,lɛɡ,,n.腿；支柱,高中
legal,'ligl,,a.法律的；合法的；法定的；依照法律的 n.(Legal)人名；(法)勒加尔,高中
lemon,'lɛmən,,a.柠檬色的 n.柠檬,高中
lemonade,",lɛmə'ned",,n.柠檬水,高中
lend,lɛnd,,v.贷；增添，提供；把……借给 n.(Lend)人名；(德)伦德,高中
length,[leŋθ],,n.长度，长；时间的长短；（语）音长,高中
less,lɛs,,ad.较少地；较小地；更小地 a.较少的；较小的 prep.减去 n.较少；较小,高中
lesson,'lɛsn,,n.教训；课 vt.教训；上课,高中
let,lɛt,,v.允许，让；出租；假设；妨碍 n.障碍；出租屋,高中
letter,'lɛtɚ,,n.信；字母，文字；证书；文学，学问；字面意义 v.写字母于,高中
level,'lɛvl,,n.水平；标准；水平面 a.水平的；平坦的；同高的 v.瞄准；拉平；变得平坦,高中
liberate,'lɪbə'ret,,v.解放；放出；释放,高中
liberation,",lɪbə'reʃən",,n.释放，解放,高中
liberty,'lɪbɚti,,n.自由；许可；冒失,高中
librarian,laɪ'brɛrɪən,,n.图书馆员；图书管理员,高中
library,laɪˌbrɛrɪ,,n.图书馆，藏书室；文库,高中
license,'laɪsns,,n.执照，许可证；特许 v.许可；特许；发许可证给,高中
lid,lɪd,,n.盖子；眼睑；限制 vt.给…盖盖子,高中
lie,laɪ,,v.躺；说谎；位于；展现 n.谎言；位置,高中
life,laɪf,,n.生活，生存；寿命,高中
lifetime,'laɪftaɪm,,n.一生；寿命；终生；使用期 a.一生的；终身的,高中
lift,lɪft,,v.举起；提升；鼓舞；空运；抄袭 n.电梯；举起；起重机；搭车,高中
light,laɪt,,n.光；光线；灯；打火机；领悟；浅色；天窗 a.轻的；浅色的；明亮的；轻松的；容易的；清淡的 v.点着；变亮；着火 ad.轻地；清楚地；轻便地,高中
lightning,'laɪtnɪŋ,,a.闪电的；快速的 n.闪电 vi.闪电,高中
like,laɪk,,v.喜欢；想；愿意 prep.像；如同 a.同样的；相似的 n.爱好；同样的人或物 ad.可能 conj.好像,高中
likely,'laɪkli,,a.很可能的；合适的；有希望的 ad.很可能；或许,高中
limit,'lɪmɪt,,n.限制；限度；界线 v.限制；限定,高中
line,laɪn,,n.路线，航线；排；绳 v.排成一行；划线于；以线条标示；使…起皱纹,高中
link,lɪŋk,,n.[计] 链环，环节；联系，关系 v.连接，连结；联合，结合,高中
lion,'laɪən,,n.狮子；名人；勇猛的人；社交场合的名流,高中
lip,lɪp,,n.嘴唇；边缘 vt.以嘴唇碰 a.口头上的 vi.用嘴唇,高中
liquid,'lɪkwɪd,,a.液体的；清澈的；明亮的；易变的 n.液体，流体；流音,高中
list,lɪst,,n.[计] 列表；清单；目录 v.列于表上,高中
listen,'lɪsn,,v.听，倾听；听从，听信 n.听，倾听,高中
literary,lɪtərɛri,,a.文学的；书面的；精通文学的,高中
literature,lɪtərəˌtʃʊr,,n.文学；文献；文艺；著作,高中
litre,'li:tə,,n.[计量] 公升（米制容量单位）,高中
litter,'lɪtɚ,,n.垃圾；轿，担架；一窝（动物的幼崽）；凌乱 v.乱丢；给…垫褥草；把…弄得乱七八糟,高中
little,'lɪtl,,a.小的；很少的；短暂的；小巧可爱的 ad.完全不 n.少许；没有多少；短时间,高中
live,laɪv；lɪv,,a.活的；生动的；实况转播的；精力充沛的 v.经历；度过 n.(Live)人名；(法)利夫,高中
lively,'laɪvli,,a.活泼的；生动的；真实的；生气勃勃的 n.(Lively)人名；(英)莱夫利,高中
living,'lɪvɪŋ,,a.活的；现存的；活跃的；逼真的 n.生活；生存；生计 v.生活；居住（live的ing形式）；度过,高中
load,lod,,n.负载，负荷；工作量；装载量 v.[力] 加载；装载；装货,高中
loaf,lof,,n.条，一条面包；块；游荡 v.游荡；游手好闲；虚度光阴,高中
local,ˈloʊkl,,n.[计] 局部；当地居民；本地新闻 a.当地的；局部的；地方性的；乡土的,高中
lock,lɑk,,v.锁，锁上；隐藏 n.锁；水闸；刹车,高中
locust,'lokəst,,n.[植保] 蝗虫，[昆] 蚱蜢,高中
London,ˈlʌndən,,n.伦敦,高中
lonely,'lonli,,a.寂寞的；偏僻的 n.孤独者,高中
long,lɔŋ,,n.长时间；[语] 长音节；（服装的）长尺寸；长裤 a.长的；过长的；做多头的；长时间的；冗长的，长音 v.渴望；热望 ad.长期地；始终,高中
look,lʊk,,v.看；期待；注意；面向；看上去像 n.看；样子；面容,高中
loose,lus,,a.宽松的；散漫的；不牢固的；不精确的 v.释放；开船；放枪 ad.松散地 n.放纵；放任；发射,高中
lorry,'lɔri,,n.（英）卡车；[车辆] 货车；运料车,高中
lose,luz,,v.浪费；使沉溺于；使迷路；遗失；错过 n.(Lose)人名；(英)洛斯；(德)洛泽,高中
loss,lɔs,,n.减少；亏损；失败；遗失,高中
Lost,lɔst,,a.失去的；丧失的；迷惑的 v.遗失（lose的过去分词）；失败,高中
lot,lɑt,,n.份额；许多；命运；阄 ad.（与形容词和副词连用）很，非常；（与动词连用）非常 pron.大量，许多 v.分组，把…划分（常与out连用）；把（土地）划分成块,高中
loud,laʊd,,a.大声的，高声的；不断的；喧吵的 ad.大声地，高声地，响亮地 n.(Loud)人名；(英)劳德,高中
loudly,'laʊdli,,ad.大声地，响亮地,高中
loudspeaker,",laʊd'spikɚ",,n.喇叭，扬声器；扩音器,高中
lounge,laʊndʒ,,n.休息室；闲逛；躺椅；（英）酒吧间 v.闲逛；懒洋洋地躺卧；闲混,高中
love,lʌv,,n.恋爱；亲爱的；酷爱；喜爱的事物；爱情，爱意；疼爱；热爱；爱人，所爱之物 v.爱，热爱；爱戴；赞美，称赞；喜爱；喜好；喜欢；爱慕,高中
lovely,'lʌvli,,a.可爱的；令人愉快的；爱恋的；秀丽的，优美的 n.美女；可爱的东西,高中
low,ləʊ,,a.低的，浅的；卑贱的；粗俗的；消沉的 ad.低声地；谦卑地，低下地 n.低；低价；低点；牛叫声 v.牛叫,高中
luck,lʌk,,n.运气；幸运；带来好运的东西 v.靠运气，走运；凑巧碰上,高中
lucky,'lʌki,,a.幸运的；侥幸的,高中
luggage,'lʌɡɪdʒ,,n.行李；皮箱,高中
lunch,lʌntʃ,,n.午餐 v.吃午餐；供给午餐,高中
lung,lʌŋ,,n.肺；呼吸器,高中
machine,mə'ʃin,,n.机械，机器；机构；机械般工作的人 v.用机器制造,高中
mad,mæd,,a.疯狂的；发疯的；愚蠢的；着迷的 n.狂怒,高中
madam,'mædəm,,n.夫人；女士；鸨母,高中
magazine,'mæɡəzin,,n.杂志；弹药库；胶卷盒,高中
magic,'mædʒɪk,,n.巫术；魔法；戏法 a.不可思议的；有魔力的；魔术的,高中
maid,med,,n.女仆；少女 vt.侍候；做新娘的女傧相 vi.当女仆,高中
mail,mel,,n.邮件；邮政，邮递；盔甲 v.邮寄；给…穿盔甲,高中
mailbox,'mel'bɑks,,n.邮箱；邮筒,高中
main,meɪn,,n.主要部分，要点；体力；总管道 a.主要的，最重要的；全力的,高中
mainland,'menlænd,,n.大陆；本土 a.大陆的；本土的,高中
major,'medʒɚ,,a.主要的；重要的；主修的；较多的 n.[人类] 成年人；主修科目；陆军少校 v.主修,高中
majority,mə'dʒɔrəti,,n.多数；成年,高中
make,mek,,v.使得；进行；布置，准备，整理；制造；认为；获得；形成；安排；引起；构成 n.制造；构造；性情,高中
male,mel,,a.男性的；雄性的；有力的 n.男人；雄性动物,高中
man,mæn,,n.人；男人；人类；丈夫；雇工 v.操纵；给…配置人员；使增强勇气；在…就位,高中
manage,'mænɪdʒ,,v.管理；经营；控制；设法,高中
manager,'mænɪdʒɚ,,n.经理；管理人员,高中
mankind,mæn'kaɪnd,,n.人类；男性,高中
manner,'mænɚ,,n.方式；习惯；种类；规矩；风俗,高中
many,'mɛni,,pron.许多；许多人 a.许多的 n.(Many)人名；(法)马尼,高中
map,mæp,,v.映射；计划；绘制地图；确定基因在染色体中的位置 n.地图；示意图；染色体图,高中
maple,'mepl,,n.枫树；淡棕色,高中
marathon,"'mærə,θɑn",,n.马拉松赛跑；耐力的考验 a.马拉松式的；有耐力的 vi.参加马拉松赛跑,高中
marble,'mɑrbl,,n.大理石；大理石制品；弹珠 a.大理石的；冷酷无情的,高中
March,mɑrtʃ,,n.三月,高中
march,mɑrtʃ,,v.（坚定地向某地）前进；行军，进军；游行示威；进展，进行 n.行进，前进；行军；游行示威；进行曲,高中
mark,mɑːk,,n.标志；马克；符号；痕迹；分数 v.作记号,高中
market,'mɑrkɪt,,n.市场；行情；股票市场；市面；集市；销路；商店 v.在市场上出售,高中
marriage,'mærɪdʒ,,n.结婚；婚姻生活；密切结合，合并,高中
married,'mærɪd,,a.已婚的，有配偶的；婚姻的，夫妇的；密切结合的 n.已婚者 v.结婚，与…结婚（marry的过去式）,高中
marry,'mæri,,v.嫁；娶；与……结婚 n.(Marry)人名；(阿拉伯)马雷；(法)马里,高中
mask,mæsk,,n.面具；口罩；掩饰 v.掩饰；戴面具；化装,高中
mass,mæs,,n.块，团；群众，民众；大量，众多；质量 a.群众的，民众的；大规模的，集中的 v.聚集起来，聚集,高中
master,'mæstɚ,,v.控制；精通；征服 n.硕士；主人；大师；教师 a.主人的；主要的；熟练的,高中
mat,mæt,,n.垫；垫子；衬边 v.缠结；铺席于……上 a.无光泽的,高中
match,mætʃ,,v.使比赛；使相配；敌得过，比得上；相配；与…竞争 n.比赛，竞赛；匹配；对手；火柴,高中
material,mə'tɪrɪəl,,a.重要的；物质的，实质性的；肉体的 n.材料，原料；物资；布料,高中
mathematics,",mæθə'mætɪks",,n.数学；数学运算,高中
matter,'mætɚ,,n.物质；事件 v.有关系；要紧,高中
mature,mə'tʃʊr,,a.成熟的；充分考虑的；到期的；成年人的 v.成熟；到期,高中
maximum,ˈmæksəməm,,n.[数] 极大，最大限度；最大量 a.最高的；最多的；最大极限的,高中
May,me,,n.五月,高中
may,me,,aux.可以，能够；可能，也许；祝，愿；会，能,高中
maybe,'mebi,,ad.也许；可能；大概 n.可能性；不确定性,高中
me,mi,,pron.我（宾格） n.自我；极端自私的人；自我的一部分,高中
meal,mil,,n.一餐，一顿饭；膳食 vi.进餐,高中
mean,min,,a.平均的；卑鄙的；低劣的；吝啬的 v.意味；想要；意欲 n.平均值,高中
meaning,'minɪŋ,,n.意义；含义；意图 a.意味深长的 v.意味；意思是（mean的ing形式）,高中
means,minz,,n.手段；方法；财产 v.意思是；打算（mean的第三人称单数） [ 复数means ],高中
meanwhile,'minwaɪl,,ad.同时，其间 n.其间，其时,高中
measure,'mɛʒɚ,,n.测量；措施；程度；尺寸 v.测量；估量；权衡,高中
meat,mit,,n.肉，肉类（食用）,高中
medal,'mɛdl,,n.勋章，奖章；纪念章,高中
media,'miːdɪə,,n.媒体；媒质（medium的复数）；血管中层；浊塞音；中脉,高中
medical,'mɛdɪkl,,a.医学的；药的；内科的 n.医生；体格检查,高中
medicine,'mɛdsn,,n.药；医学；内科；巫术 v.用药物治疗；给…用药,高中
medium,'midɪəm,,a.中间的，中等的；半生熟的 n.方法；媒体；媒介；中间物,高中
meet,mit,,v.满足；遇见；对付 n.集会 a.合适的；适宜的,高中
meeting,'mitɪŋ,,n.会议；会见；集会；汇合点 v.会面；会合（meet的ing形式）,高中
melon,'mɛlən,,n.瓜；甜瓜；大肚子；圆鼓鼓像瓜似的东西,高中
member,'mɛmbɚ,,n.成员；会员；议员,高中
memorial,mə'morɪəl,,n.纪念碑，纪念馆；纪念仪式；纪念物 a.记忆的；纪念的，追悼的,高中
memorize,'mɛmə'raɪz,,v.记住，背熟；记忆,高中
memory,'mɛməri,,n.记忆，记忆力；内存，[计] 存储器；回忆,高中
mend,mɛnd,,v.修理，修补；改善；修改 n.好转，改进；修补处,高中
mental,'mɛntl,,a.精神的；脑力的；疯的 n.精神病患者,高中
mentally,'mɛntli,,ad.精神上，智力上；心理上,高中
mention,'mɛnʃən,,v.提到，谈到；提及，论及；说起 n.提及，说起,高中
menu,'mɛnju,,n.菜单,高中
merchant,'mɝtʃənt,,n.商人，批发商；店主 a.商业的，商人的,高中
merciful,'mɝsɪfl,,a.仁慈的；慈悲的；宽容的,高中
mercy,'mɝsi,,n.仁慈，宽容；怜悯；幸运；善行,高中
merely,'mɪrli,,ad.仅仅，只不过；只是,高中
merry,'mɛri,,a.愉快的；微醉的；嬉戏作乐的 n.甜樱桃,高中
mess,mɛs,,n.混乱；食堂，伙食团；困境；脏乱的东西 v.弄乱，弄脏；毁坏；使就餐,高中
message,'mɛsɪdʒ,,n.消息；差使；启示；预言；广告词 v.报信，报告；[通信] 报文,高中
messy,'mɛsi,,a.凌乱的，散乱的；肮脏的，污秽的；麻烦的,高中
metal,'mɛtl,,n.金属；合金 v.以金属覆盖 a.金属制的,高中
method,'mɛθəd,,n.方法；条理；类函数 a.使用体验派表演方法的,高中
metre,ˈmitɚ,,n.米；公尺；韵律,高中
Mexican,'mɛksɪkən,,a.墨西哥的；墨西哥人的 n.墨西哥人；墨西哥语,高中
Mexico,'mɛksɪko,,n.墨西哥,高中
microcomputer,'maɪkrokəm'pjʊtɚ,,n.微电脑；[计] 微型计算机,高中
microscope,'maɪkrəskop,,n.显微镜,高中
microwave,'maɪkrə'wev,,n.微波,高中
midday,",mɪd'de",,n.中午；正午 a.正午的,高中
middle,'mɪdl,,a.中间的，中部的；中级的，中等的 n.中间，中央；腰部,高中
midnight,'mɪdnaɪt,,n.午夜，半夜12点钟 a.半夜的；漆黑的,高中
might,maɪt,,n.力量；威力；势力 v.可以；或许（may的过去式）；应该 aux.可能；也许,高中
mild,maɪld,,a.温和的；轻微的；淡味的；文雅的；不含有害物质的的 n.（英国的一种）淡味麦芽啤酒,高中
mile,maɪl,,n.英里；一英里赛跑；较大的距离,高中
milk,mɪlk,,n.牛奶；乳状物 v.榨取；挤…的奶,高中
million,'mɪljən,,n.百万；无数 a.百万的；无数的 num.百万,高中
millionaire,",mɪljə'nɛr",,n.百万富翁；大富豪 a.100万以上人口的,高中
mind,maɪnd,,n.理智，精神；意见；智力；记忆力 v.介意；专心于；照料,高中
mine,maɪn,,n.矿，矿藏；矿山，矿井；地雷，水雷 v.开采，采掘；在…布雷 pron.我的,高中
mineral,'mɪnərəl,,n.矿物；（英）矿泉水；无机物；苏打水（常用复数表示） a.矿物的；矿质的,高中
minibus,'mɪnɪbʌs,,n.面包车（等于microbus）；小型公共汽车；中客车 vi.乘中客车,高中
minimum,'mɪnɪməm,,n.最小值；最低限度；最小化；最小量 a.最小的；最低的,高中
miniskirt,'mɪnɪ'skɝt,,n.超短裙；迷你短裙,高中
minister,'mɪnɪstɚ,,n.部长；大臣；牧师 v.执行牧师职务；辅助或伺候某人,高中
ministry,'mɪnɪstri,,n.（政府的）部门,高中
minority,maɪ'nɔrəti,,n.少数民族；少数派；未成年 a.少数的；属于少数派的,高中
minus,'maɪnəs,,prep.减，减去 n.负号，减号；不足；负数 a.减的；负的,高中
minute,'mɪnɪt,,n.分，分钟；片刻，一会儿；备忘录，笔记；会议记录 v.将…记录下来 a.微小的，详细的 [maɪˈnjuːt; US -ˈnuːt; maɪˋnut],高中
mirror,'mɪrɚ,,n.镜子；真实的写照；榜样 v.反射；反映,高中
miss,mɪs,,n.女士，小姐，年轻未婚女子,高中
Miss,,,n.女士，小姐，年轻未婚女子,高中
missile,'mɪsl,,n.导弹；投射物 a.导弹的；可投掷的；用以发射导弹的,高中
mist,mɪst,,n.薄雾；视线模糊不清；模糊不清之物 v.下雾；变模糊,高中
mistake,mɪ'stek,,n.错误；误会；过失 v.弄错；误解,高中
mistaken,mɪ'stekən,,a.错误的；弄错的；被误解的 v.弄错（mistake的过去分词）,高中
misunderstand,",mɪsʌndɚ'stænd",,v.误解；误会,高中
mix,mɪks,,v.配制；混淆；使混和；使结交 n.混合；混合物；混乱,高中
mixture,'mɪkstʃɚ,,n.混合；混合物；混合剂,高中
mm,əm,,abbr.毫米（millimeter） n.缅甸的域名,高中
mobile,ˈmobəl; ˈmoˌbaɪl; ˈmoˌbil,,a.可移动的；机动的；易变的；非固定的 n.运动物体,高中
model,'mɑdl,,n.模型；典型；模范；模特儿；样式 v.模拟；塑造；模仿 a.模范的；作模型用的,高中
modem,'mo'dɛm,,n.调制解调器（等于modulator-demodulator）,高中
modern,'mɑdɚn,,a.现代的，近代的；时髦的 n.现代人；有思想的人,高中
modest,'mɑdɪst,,a.谦虚的，谦逊的；适度的；端庄的；羞怯的 n.(Modest)人名；(罗)莫代斯特；(德)莫德斯特；(俄)莫杰斯特,高中
Mom,mɑm,,n.妈妈,高中
moment,'momənt,,n.片刻，瞬间，时刻；重要，契机,高中
mommy,'mɑmi,,n.妈咪,高中
Monday,ˈmʌnde; ˈmʌndɪ,,n.星期一,高中
money,'mʌni,,n.钱；货币；财富,高中
monitor,'mɔnɪtɚ,,n.监视器；监听器；监控器；显示屏；班长 v.监控,高中
monkey,'mʌŋki,,n.猴子；顽童 v.胡闹；捣蛋,高中
month,mʌnθ,,n.月，一个月的时间,高中
monument,'mɑnjumənt,,n.纪念碑；历史遗迹；不朽的作品 vt.为…树碑,高中
moon,mun,,n.月亮；月球；月光；卫星 v.闲荡；出神,高中
mop,mɑp,,v.擦干；用拖把拖洗 n.拖把；蓬松的头发；鬼脸,高中
moral,'mɔrəl,,a.道德的；精神上的；品性端正的 n.道德；寓意,高中
more,mɔr,,ad.更多；此外；更大程度地 a.更多的；附加的 pron.更多的数量 n.更多,高中
morning,'mɔrnɪŋ,,n.早晨；黎明；初期,高中
Moscow,ˈmɑsˌkaʊ,,n.莫斯科（俄罗斯首都）,高中
Moslem,'mɑzləm,,a.穆斯林的；伊斯兰教的；回教的 n.穆斯林；穆罕默德信徒；伊斯兰,高中
Mosquito,məˈskiːtoʊ,,n.蚊子,高中
most,most,,ad.最；非常，极其；最多；几乎 a.大部分的，多数的；最多的 n.大部分，大多数,高中
mother,'mʌðɚ,,n.母亲；大娘；女修道院院长 v.生下；养育；像母亲般关怀或照管 a.母亲的；出生地的,高中
motherland,'mʌðɚlænd,,n.祖国；母国,高中
motivation,",motə'veʃən",,n.动机；积极性；推动,高中
motor,'motɚ,,n.发动机，马达；汽车 a.汽车的；机动的 v.乘汽车,高中
motorbike,'motɚbaɪk,,n.摩托车,高中
motorcycle,'motɚ'saɪkl,,n.摩托车；机动车 v.骑摩托车,高中
motto,'mɑto,,n.座右铭，格言；箴言,高中
mountain,ˈmaʊntn,,n.山；山脉,高中
mountainous,'maʊntənəs,,a.多山的；巨大的；山一般的,高中
mourn,mɔrn,,v.哀悼；忧伤；服丧,高中
mouse,maʊs,,n.鼠标；老鼠；胆小羞怯的人 v.探出,高中
moustache,mə'stɑʃ,,n.小胡子；髭；触须,高中
mouth,maʊθ,,n.口，嘴；河口 v.做作地说，装腔作势地说；喃喃地说出,高中
mouthful,'maʊθ'fʊl,,n.一口，满口,高中
move,muv,,n.移动；步骤；迁居；策略 v.移动；搬家，迁移；离开,高中
movement,'muvmənt,,n.运动；活动；运转；乐章,高中
movie,'muvi,,n.电影；电影院；电影业 a.电影的,高中
much,mʌtʃ,,ad.非常，很 a.大量的 n.许多，大量 pron.许多，大量,高中
mud,mʌd,,v.弄脏；用泥涂 n.泥；诽谤的话；无价值的东西,高中
muddy,'mʌdi,,a.泥泞的；模糊的；混乱的 v.使污浊；使沾上泥；把…弄糊涂,高中
multiply,'mʌltɪplaɪ,,v.乘；使增加；使繁殖；使相乘 ad.多样地；复合地 a.多层的；多样的,高中
murder,'mɝdɚ,,v.谋杀，凶杀 n.谋杀，凶杀,高中
museum,mju'ziəm,,n.博物馆,高中
mushroom,'mʌʃrʊm,,n.蘑菇，伞菌；蘑菇形物体；暴发户 a.蘑菇的；蘑菇形的；迅速生长的 v.迅速增加；采蘑菇；迅速生长,高中
music,'mjuzɪk,,n.音乐，乐曲,高中
musical,'mjuzɪkl,,a.音乐的；悦耳的 n.音乐片,高中
musician,mjʊ'zɪʃən,,n.音乐家,高中
must,mʌst,,aux.必须，一定；可以，应当；很可能 n.绝对必要的事物；未发酵葡萄汁,高中
mustard,'mʌstɚd,,n.芥末；芥菜；深黄色；强烈的兴趣,高中
mutton,'mʌtn,,n.羊肉,高中
my,maɪ,,pron.我的 int.哎呀（表示惊奇等）；喔唷 n.(My)人名；(越)美；(老、柬)米,高中
myself,maɪ'sɛlf,,pron.我自己；我亲自；我的正常的健康状况和正常情绪,高中
nail,nel,,v.钉；使固定；揭露 n.[解剖] 指甲；钉子,高中
name,nem,,n.名称，名字；姓名；名誉 v.命名，任命；指定；称呼；提名；叫出 a.姓名的；据以取名的,高中
narrow,'næro,,a.狭窄的，有限的；勉强的；精密的；度量小的 n.海峡；狭窄部分，隘路 v.使变狭窄,高中
nation,'neʃən,,n.国家；民族；国民,高中
national,'næʃnəl,,a.国家的；国民的；民族的；国立的 n.国民,高中
nationality,",næʃə'næləti",,n.国籍，国家；民族；部落,高中
nationwide,",neʃn'waɪd",,a.全国范围的；全国性的 ad.在全国,高中
native,'netɪv,,a.本国的；土著的；天然的；与生俱来的；天赋的 n.本地人；土产；当地居民,高中
natural,'nætʃrəl,,a.自然的；物质的；天生的；不做作的 n.自然的事情；白痴；本位音,高中
nature,'netʃɚ,,n.自然；性质；本性；种类,高中
navy,'nevi,,n.海军,高中
near,nɪr,,a.近的；亲近的；近似的 ad.近；接近 prep.靠近；近似于,高中
nearby,",nɪr'baɪ",,a.附近的，邻近的 ad.在附近 prep.在…附近,高中
nearly,'nɪrli,,ad.差不多，几乎；密切地,高中
neat,nit,,a.灵巧的；整洁的；优雅的；齐整的；未搀水的；平滑的,高中
necessary,ˈnɛsəˌsɛri,,a.必要的；必需的；必然的 n.必需品,高中
neck,nɛk,,n.脖子；衣领；海峡 v.搂著脖子亲吻；变狭窄,高中
necklace,'nɛkləs,,n.项链,高中
necktie,'nɛk'tai,,n.领带,高中
need,nid,,n.需要，要求；缺乏；必要之物 v.需要,高中
needle,'nidl,,n.针；指针；刺激；针状物 v.缝纫；做针线,高中
negotiate,nɪ'ɡoʃɪet,,v.谈判，商议；转让；越过,高中
neighbour,'neɪbə(r); 'neɪbɚ,,n.n邻居;同胞；仁慈的人 v.邻接 a.邻居的；邻近的,高中
neighbourhood,nebɚˌhʊd,,n.邻近；周围；邻居关系；附近一带,高中
neither,ˈniðɚ; ˈnaɪðɚ,,conj.也不；既不 ad.两个都不；既不……也不 a.两者都不的 pron.两者都不,高中
nephew,'nɛfju,,n.侄子；外甥,高中
nervous,'nɝvəs,,a.神经的；紧张不安的；强健有力的,高中
nest,nɛst,,n.巢，窝；安乐窝；温床 v.筑巢；嵌套,高中
net,nɛt,,n.网；网络；净利；实价 v.编网 a.纯粹的；净余的,高中
network,'nɛtwɝk,,n.网络；广播网；网状物,高中
never,'nɛvɚ,,ad.从未；决不,高中
new,nu,,a.新的，新鲜的；更新的；初见的 ad.新近 n.(New)人名；(英)纽,高中
news,nuz,,n.新闻，消息；新闻报导,高中
newspaper,'nuzpepɚ,,n.报纸,高中
next,nɛkst,,ad.然后；下次；其次 a.下一个的；其次的；贴近的 n.下一个 prep.靠近；居于…之后,高中
nice,naɪs,,a.精密的；美好的；细微的；和蔼的 n.(Nice)人名；(英)尼斯,高中
niece,nis,,n.外甥女，侄女,高中
night,naɪt,,n.夜晚，晚上；黑暗，黑夜 a.夜晚的，夜间的,高中
nine,naɪn,,n.九，九个 num.九；九个 a.九的，九个的,高中
nineteen,",naɪn'tin",,num.十九,高中
ninety,'naɪnti,,n.九十 a.九十的；九十岁的 num.九十,高中
ninth,naɪnθ,,num.第九 a.第九的；九分之一的 n.九分之一,高中
no,no,,ad.不 a.没有；不是 n.不；否决票 abbr.数字（number）；元素锘（nobelium）的符号,高中
noble,'nobl,,a.高尚的；贵族的；惰性的；宏伟的 n.贵族 vt.抓住；逮捕,高中
nobody,"'nəubədi, -bɔdi",,pron.无人，没有人；没有任何人 n.无名小卒；小人物,高中
nod,nɑd,,n.点头；打盹；摆动 v.点头；点头表示,高中
noise,nɔɪz,,n.[环境] 噪音；响声；杂音 v.谣传,高中
noisily,'nɔ:izili,,ad.吵闹地，喧闹地,高中
noisy,'nɔɪzi,,a.嘈杂的；喧闹的；聒噪的,高中
none,nʌn,,pron.没有人；一个也没有；没有任何东西 a.没有的，一点没有的 ad.决不，一点也不 n.(None)人名；(葡、罗)诺内；(日)野根(姓),高中
noodle,'nʊdl,,n.面条；笨蛋,高中
noon,nun,,n.中午；正午；全盛期,高中
nor,nɔr,,conj.也不；也不是 ad.也不；也没有 n.(Nor)人名；(中)挪(广东话·威妥玛)；(马来、俄)诺尔；(柬)诺,高中
normal,'nɔrml,,a.正常的；正规的，标准的 n.正常；标准；常态,高中
north,nɔrθ,,n.北，北方 a.北方的；朝北的 ad.在北方，向北方,高中
northeast,'nɔrθ'ist,,a.东北的；向东北的；来自东北的 n.东北 ad.向东北；来自东北,高中
northern,'nɔrðɚn,,a.北部的；北方的 n.北部方言,高中
northwards,'nɔrθwɚdz,,ad.向北,高中
northwest,'nɔrθ'wɛst,,a.西北的；向西北的；来自西北的 n.西北 ad.在西北；向西北；来自西北,高中
nose,noz,,n.鼻子；嗅觉；突出的部分；探问 v.嗅；用鼻子触,高中
not,nɑt,,ad.表示否定，不 n.“非”（计算机中逻辑运算的一种）,高中
note,not,,n.笔记；音符；票据；注解；纸币；便笺；照会；调子 v.注意；记录；注解,高中
notebook,'notbʊk,,n.笔记本，笔记簿；手册,高中
nothing,'nʌθɪŋ,,neg.没什么；毫不 n.无；零；不关紧要之事 ad.毫不；决不 pron.无事；无物 int.什么也没有,高中
notice,'notɪs,,n.通知，布告；注意；公告 v.通知；注意到；留心,高中
novel,ˈnɑːvl,,a.新奇的；异常的 n.小说,高中
novelist,'nɑvlɪst,,n.小说家,高中
November,no'vɛmbɚ,,n.十一月,高中
now,naʊ,,ad.现在；如今；立刻 a.现在的 n.现在；目前 conj.由于；既然,高中
nowadays,'naʊədez,,ad.现今；时下 n.当今,高中
nowhere,'no'wɛr,,ad.无处；任何地方都不；毫无结果 n.无处；任何地方；无名之地 a.不存在的；毫无结果的；不知名的,高中
nuclear,'nuklɪɚ,,a.原子能的；[细胞] 细胞核的；中心的；原子核的,高中
numb,nʌm,,v.使麻木；使发愣；使失去感觉 a.麻木的；发愣的,高中
number,'nʌmbɚ,,n.数；（杂志等的）期；号码；数字；算术 v.计入；总数达到,高中
nurse,nɝs,,v.看护，护理；照顾；培养；给…喂奶 n.护士；奶妈，保姆,高中
nursery,'nɝsəri,,n.苗圃；托儿所；温床,高中
nursing,'nɝsɪŋ,,n.护理；看护；养育 v.看护；养育（nurse的ing形式）,高中
nut,nʌt,,n.螺母，螺帽；坚果；难对付的人，难解的问题 v.采坚果,高中
nutrition,nu'trɪʃən,,n.营养，营养学；营养品,高中
nylon,'naɪlɑn,,n.尼龙，[纺] 聚酰胺纤维；尼龙袜,高中
obey,ə'be,,v.服从，听从；按照……行动 n.(Obey)人名；(英、法)奥贝,高中
object,'ɑbdʒɛkt,,n.目标；物体；客体；宾语 v.提出…作为反对的理由,高中
observe,əb'zɝv,,v.庆祝,高中
obtain,əb'ten,,v.获得；流行,高中
obvious,'ɑbvɪəs,,a.明显的；显著的；平淡无奇的,高中
occupation,",ɑkju'peʃən",,n.职业；占有；消遣；占有期,高中
occur,ə'kɝ,,v.发生；出现；存在,高中
Oceania,",oʃɪ'ænɪə",,n.大洋洲,高中
October,ɑk'tobɚ,,n.[天] 十月,高中
of,ʌv; əv,,prep.关于；属于；…的；由…组成的,高中
off,ɔf,,prep.离开；脱落 ad.切断；走开 a.远离的；空闲的,高中
offence,ə'fɛns,,n.犯罪；违反；过错；攻击,高中
offer,'ɔfɚ,,v.提供；出价；试图 n.提议；出价；意图；录取通知书,高中
office,'ɔfɪs,,n.办公室；政府机关；官职；营业处,高中
officer,'ɔfɪsɚ,,n.军官，警官；公务员，政府官员；船长 v.指挥,高中
offshore,",ɔf'ʃɔr",,a.离岸的；[海洋] 近海的；吹向海面的 ad.向海面，向海,高中
often,'ɔf(tə)n; 'ɑf(tə)n,,ad.常常，时常,高中
oh,o,,int.哦；哎呀（表示惊讶或恐惧等）,高中
oil,ɔɪl,,n.油；石油；油画颜料 v.加油；涂油；使融化,高中
oilfield,'ɔɪlfild,,n.油田,高中
OK,"'əu'kei, ,əu'kei, 'əukei",,a.好的；不错的 ad.行；很好 int.好；可以 v.对…表示同意 n.同意,高中
old,old,,a.陈旧的，古老的；年老的 n.古时,高中
omelette,'ɒmlət,,n.煎蛋卷,高中
on,ɑn,,ad.向前地；作用中，行动中；继续着 prep.向，朝……；关于；在……之上；在……时候 a.开着的；发生着的，正在进行中 n.(On)人名；(日)温(姓、名)；(缅、柬、印)翁,高中
once,wʌns,,ad.一次；曾经 conj.一旦 n.一次，一回,高中
one,wʌn,,pron.一个人；任何人 a.一的；唯一的 n.一 num.一；一个,高中
oneself,wʌn'sɛlf,,pron.自己；亲自,高中
onion,'ʌnjən,,n.洋葱；洋葱头,高中
only,'onli,,ad.只，仅仅；不料 a.唯一的，仅有的；最合适的 conj.但是；不过；可是,高中
onto,"ˈɑnˌtu, -tə, ˈɔn-",,prep.在…之上；对…了解；映射到…上 a.映射的；自身的；映成的,高中
open,'opən,,a.公开的；敞开的；空旷的；坦率的；营业着的 v.开始；展现 n.公开；空旷；户外,高中
opener,'opnɚ,,n.[五金] 开启工具；开启的人,高中
opening,'opənɪŋ,,n.开始；机会；通路；空缺的职位 a.开始的 v.开放（open的ing形式）；打开；公开,高中
opera,'ɑprə,,n.歌剧；歌剧院；歌剧团,高中
operate,'ɑpə'ret,,v.运转；动手术；起作用,高中
operation,",ɑpə'reʃən",,n.操作；经营；[外科] 手术；[数][计] 运算,高中
operator,'ɑpəretɚ,,n.经营者；操作员；话务员；行家,高中
opinion,ə'pɪnjən,,n.意见；主张,高中
oppose,ə'poz,,v.反对；对抗，抗争,高中
opposite,ˈɑpəzɪt; ˈɑpəsɪt,,a.相反的；对面的；对立的 n.对立面；反义词 prep.在…的对面 ad.在对面,高中
optimistic,",ɑptɪ'mɪstɪk",,a.乐观的；乐观主义的,高中
optional,'ɑpʃənl,,a.可选择的，随意的 n.选修科目,高中
or,ɔr,,conj.或，或者；还是 n.(Or)人名；(中)柯(广东话·威妥玛)；(柬)奥；(土、匈、土库、阿塞、瑞典)奥尔,高中
oral,'ɔrəl,,a.口头的，口述的 n.口试,高中
orange,'ɔrɪndʒ,,a.橙色的；橘色的 n.橙；橙色；桔子,高中
orbit,'ɔrbɪt,,n.轨道；眼眶；势力范围；生活常规 v.盘旋；绕轨道运行,高中
order,'ɔrdɚ,,n.命令；顺序；规则；[贸易] 定单 v.命令；整理；定购,高中
ordinary,'ɔrdnɛri,,a.普通的；平凡的；平常的 n.普通；平常的人（或事）,高中
organ,'ɔrɡən,,n.[生物] 器官；机构；风琴；管风琴；嗓音,高中
organise,"'ɔrgə,naɪz",,v.组织起来；组织工会,高中
organiser,'ɔ:gənaizə,,n.组织者；发起人；形成体（等于organizer）,高中
organization,",ɔrɡənə'zeʃən",,n.组织；机构；体制；团体,高中
origin,'ɔrɪdʒɪn,,n.起源；原点；出身；开端,高中
other,'ʌðɚ,,a.其他的，另外的 pron.另外一个,高中
otherwise,'ʌðɚwaɪz,,ad.否则；另外；在其他方面 a.另外的；其他方面的；原本，本来 conj.其他；如果不；然后,高中
Ottawa,'ɑtəwə,,n.渥太华（加拿大首都）,高中
ouch,aʊtʃ,,n.扣环 int.哎哟（突然疼痛时发出的声音）,高中
ought,ɔt,,aux.应该，应当；大概 vi.应该，应当；大概,高中
our,aʊr,,pron.我们的,高中
ours,ɑrz,,pron.我们的 n.(Ours)人名；(法)乌尔斯,高中
ourselves,ɑr'sɛlvz,,pron.我们自己；我们亲自,高中
out,aʊt,,ad.出现；在外；出局；出声地；不流行地 a.外面的；出局的；下台的 n.出局 prep.向；离去 v.出来；暴露,高中
outcome,'aʊt'kʌm,,n.结果，结局；成果,高中
outdoors,'aʊt'dɔrz,,ad.在户外 n.户外 a.户外的（等于outdoor）,高中
outer,'aʊtɚ,,a.外面的，外部的；远离中心的 n.环外命中,高中
outgoing,'aʊt'goɪŋ,,a.对人友好的，开朗的；出发的，外出的；即将离职的；乐于助人的 n.外出；流出；开支 v.超过；优于（outgo的ing形式）,高中
outing,'aʊtɪŋ,,n.远足；短途旅游；体育比赛 a.远足适用的 v.出来；暴露（out的ing形式）,高中
outline,'aʊtlaɪn,,n.轮廓；大纲；概要；略图 v.概述；略述；描画…轮廓,高中
output,'aʊtpʊt,,n.输出，输出量；产量；出产 v.输出,高中
outside,",aʊt'saɪd",,a.外面的，外部的；外来的 n.外部；外观 ad.在外面，向外面；在室外 prep.在…范围之外,高中
outspoken,aʊt'spokən,,a.坦率的，直言不讳的,高中
outstanding,'aʊt'stændɪŋ,,a.杰出的；显著的；未解决的；未偿付的 n.未偿贷款,高中
outward,'aʊtwɚd,,a.向外的；外面的；公开的；外服的；肉体的 ad.向外（等于outwards）；在外；显而易见地 n.外表；外面；物质世界,高中
oval,'ovl,,a.椭圆的；卵形的 n.椭圆形；卵形,高中
over,'ovɚ,,ad.结束；越过；从头到尾 prep.越过；在…之上；遍于…之上 a.结束的；上面的 vt.越过 n.(Over)人名；(俄、西、土)奥韦尔,高中
overcoat,'ovɚkot,,n.大衣，外套,高中
overcome,",ovɚ'kʌm",,v.克服；胜过,高中
overlook,",ovɚ'lʊk",,v.忽略；俯瞰；远眺；检查；高耸于…之上 n.忽视；眺望,高中
overweight,'ovə'wet,,a.超重的；过重的 vt.使负担过重 n.超重,高中
owe,o,,v.欠；感激；应给予；应该把……归功于 n.(Owe)人名；(瑞典、挪)奥弗,高中
own,on,,v.拥有；承认 a.自己的；特有的 n.自己的,高中
owner,'onɚ,,n.[经] 所有者；物主,高中
ownership,'onɚʃɪp,,n.所有权；物主身份,高中
ox,ɑks,,n.牛；公牛,高中
oxygen,'ɑksɪdʒən,,n.[化学] 氧气，[化学] 氧,高中
pace,pes,,n.一步；步速；步伐；速度 v.踱步；缓慢而行,高中
Pacific,pə'sɪfɪk,,a.太平洋的 n.太平洋,高中
pack,pæk,,n.包装；一群；背包；包裹；一副 v.包装；压紧；捆扎；挑选；塞满,高中
package,'pækɪdʒ,,n.包，包裹；套装软件，[计] 程序包 a.一揽子的 v.打包；将…包装,高中
packet,'pækɪt,,n.数据包，信息包；小包，小捆 vt.包装，打包,高中
paddle,'pædl,,n.划桨；明轮翼 v.拌；搅；用桨划,高中
page,peɪdʒ,,n.页；记录；大事件，时期；男侍者 v.给…标页码,高中
pain,pen,,n.疼痛；努力 v.使…痛苦；使…烦恼,高中
painful,'penfl,,a.痛苦的；疼痛的；令人不快的,高中
paint,peɪnt,,v.油漆；绘画；装饰；涂色于；描绘；（用语言，文字等）描写；擦脂粉等 n.油漆；颜料，涂料；绘画作品；胭脂等化妆品；色彩，装饰,高中
painter,'pentɚ,,n.画家；油漆匠,高中
painting,'pentɪŋ,,n.绘画；油画；着色 v.绘画（paint的ing形式）；涂色于,高中
pair,pɛr,,n.一对，一双，一副 v.把…组成一对,高中
palace,'pælis,,n.宫殿；宅邸；豪华住宅,高中
pan,pæn,,n.平底锅；盘状的器皿；淘盘子，金盘，秤盘 v.淘金；在浅锅中烹调（食物）；[非正式用语]严厉的批评,高中
pancake,'pænkek,,n.薄烤饼；粉饼；平降（全称pancake landing） vi.平坠着陆；平展 vt.使平坠著陆；使平展,高中
panda,'pændə,,n.熊猫；猫熊,高中
panic,'pænɪk,,n.恐慌，惊慌；大恐慌 a.恐慌的；没有理由的 v.使恐慌,高中
paper,'pepɚ,,n.纸；论文；文件；报纸 a.纸做的 v.用纸糊；用纸包装,高中
paperwork,'pepɚ'wɝk,,n.文书工作,高中
paragraph,'pærəɡræf,,n.段落；短评；段落符号 v.将…分段,高中
parallel,'pærəlɛl,,n.平行线；对比 v.使…与…平行 a.平行的；类似的，相同的,高中
parcel,'pɑrsl,,n.包裹，小包 v.打包；捆扎,高中
pardon,'pɑrdn,,n.原谅；赦免；宽恕 v.原谅；赦免；宽恕,高中
parent,'pɛrənt,,n.父亲（或母亲）；父母亲；根源,高中
Paris,'pærɪs,,n.巴黎（法国首都）；帕里斯（特洛伊王子）,高中
park,pɑrk,,n.公园；[交] 停车场 v.停放；放置；寄存,高中
parking,'pɑrkɪŋ,,n.停车 a.停车的 v.停车（park的ing形式）,高中
parrot,'pærət,,n.鹦鹉；学舌者，应声虫；机械模仿别人的人 v.机械地模仿,高中
part,pɑrt,,n.部分；角色；零件；一些；片段 v.分离；分配；分开 ad.部分地 a.部分的,高中
participate,pɑr'tɪsə'pet,,v.参与，参加；分享,高中
particular,pɚ'tɪkjəlɚ,,a.特别的；详细的；独有的；挑剔的 n.详细说明；个别项目,高中
partly,'pɑrtli,,ad.部分地；在一定程度上,高中
partner,'pɑrtnɚ,,n.伙伴；合伙人；配偶 v.合伙；合股；成为搭档,高中
pass,pæs,,n.及格；经过；护照；途径；传球 v.经过；传递；变化；终止,高中
passage,'pæsɪdʒ,,n.一段（文章）；走廊；通路,高中
passenger,'pæsɪndʒɚ,,n.旅客；乘客；过路人；碍手碍脚的人,高中
passive,'pæsɪv,,a.被动的，消极的；被动语态的 n.被动语态,高中
passport,'pæspɔrt,,n.护照，通行证；手段,高中
past,pæst,,n.过去；往事 a.过去的；结束的 prep.越过；晚于 ad.过；经过,高中
patent,'pætnt,,v.授予专利；取得…的专利权 a.专利的；新奇的；显然的 n.专利权；执照；专利品,高中
path,pæθ,,n.道路；小路；轨道,高中
patience,'peʃns,,n.耐性，耐心；忍耐，容忍,高中
patient,'peʃnt,,a.有耐心的，能容忍的 n.病人；患者,高中
pattern,'pætɚn,,n.模式；图案；样品 v.模仿；以图案装饰,高中
pause,pɔz,,n.暂停；间歇 v.暂停，停顿，中止；踌躇,高中
pay,pe,,v.支付，付；偿还，补偿；给予 n.工资，薪水；付款；报答 a.收费的；需付费的,高中
pea,pi,,n.豌豆,高中
peace,pis,,n.和平；平静；和睦；秩序,高中
peaceful,'pisfəl,,a.和平的，爱好和平的；平静的,高中
peach,pitʃ,,n.桃子；桃树；桃红色；受人喜欢的人（或物） a.桃色的；用桃子制成的 v.告密,高中
pear,pɛr,,n.[园艺] 梨树；梨子,高中
peasant,'pɛznt,,n.农民；乡下人,高中
pedestrian,pə'dɛstrɪən,,a.徒步的；缺乏想像力的 n.行人；步行者,高中
pen,pɛn,,n.钢笔；作家；围栏 v.写；关入栏中,高中
pencil,'pɛnsl,,n.铅笔；笔状物 v.用铅笔写；用眉笔涂,高中
penny,'pɛni,,n.（美）分；便士,高中
pension,'pɛnʃən,,n.退休金，抚恤金；津贴；膳宿费 v.发给养老金或抚恤金,高中
people,'pipl,,n.人；人类；民族；公民 v.居住于；使住满人,高中
pepper,'pɛpɚ,,n.胡椒；辣椒；胡椒粉 v.加胡椒粉于；使布满,高中
per,pɚ,,prep.每；经；按照；每一 n.(Per)人名；(德、挪、丹、瑞典)佩尔,高中
percent,pɚ'sɛnt,,n.百分比，百分率；部分；百分数 a.百分之…的 ad.以百分之…地,高中
percentage,pɚ'sɛntɪdʒ,,n.百分比；百分率，百分数,高中
perfect,ˈpɝfɪkt; (for v.) pɝˈfɛkt,,a.完美的；最好的；精通的 v.使完美；使熟练 n.完成式,高中
perform,pɚ'fɔrm,,v.执行；完成；演奏,高中
performance,pɚ'fɔrməns,,n.性能；绩效；表演；执行；表现,高中
performer,pɚ'fɔrmɚ,,n.演出者；执行者；演奏者,高中
perfume,pɚ'fjum,,n.香水；香味 v.洒香水于…；使…带香味,高中
perhaps,pɚ'hæps,,ad.或许；（表示不确定）也许；（用于粗略的估计）或许；（表示勉强同意或其实不赞成）也许；可能 n.假定；猜想；未定之事,高中
period,'pɪrɪəd,,n.周期，期间；时期；月经；课时；（语法学）句点，句号 a.某一时代的,高中
permanent,'pɝmənənt,,a.永久的，永恒的；不变的 n.烫发（等于permanent wave）,高中
permission,pɚ'mɪʃən,,n.允许，许可,高中
permit,pɚ'mɪt,,v.许可；允许 n.许可证，执照,高中
person,'pɝsn,,n.人；身体；容貌，外表；人称,高中
personal,'pɝsənl,,a.个人的；身体的；亲自的 n.人事消息栏；人称代名词,高中
personally,'pə:sənəli,,ad.亲自地；当面；个别地；就自己而言,高中
personnel,",pɝsə'nɛl",,n.人事部门；全体人员 a.人员的；有关人事的,高中
persuade,pɚ'swed,,v.说服，劝说；使某人相信；劝某人做（不做）某事 a.空闲的，有闲的,高中
pest,pɛst,,n.害虫；有害之物；讨厌的人,高中
pet,pɛt,,n.宠物；生气；受宠爱的人 v.宠爱 a.宠爱的,高中
petrol,'pɛtrəl,,n.（英）汽油,高中
phenomenon,fə'nɑmɪnən,,n.现象；奇迹；杰出的人才,高中
phone,fon,,n.电话；耳机，听筒 v.打电话,高中
photo,'foto,,n.照片,高中
photograph,'fotəɡræf,,v.为…拍照；使深深印入 n.照片，相片,高中
photographer,fə'tɑgrəfɚ,,n.摄影师；照相师,高中
phrase,frez,,"n.短语, 习语, 措辞, 乐句 v.措词, 将(乐曲)分成乐句",高中
physical,'fɪzɪkl,,a.[物] 物理的；身体的；物质的；根据自然规律的，符合自然法则的 n.体格检查,高中
physician,fɪ'zɪʃən,,n.[医] 医师；内科医师,高中
physicist,'fɪzɪsɪst,,n.物理学家；唯物论者,高中
physics,'fɪzɪks,,n.物理学；物理现象,高中
pianist,'pɪənɪst,,n.钢琴家；钢琴演奏者,高中
piano,pɪ'æno,,n.钢琴,高中
pick,pɪk,,v.挑选；采摘；挖 n.选择；鹤嘴锄；挖；掩护,高中
picnic,'pɪknɪk,,n.野餐 v.去野餐,高中
picture,'pɪktʃɚ,,n.照片，图画；影片；景色；化身 v.画；想像；描写,高中
pie,paɪ,,n.馅饼；饼图；爱说话的人 vt.使杂乱,高中
piece,pis,,n.块；件；篇；硬币 v.修补；接合；凑合,高中
pig,pɪɡ,,n.猪；猪肉 v.生小猪；像猪一样过活,高中
pile,paɪl,,n.堆；大量；建筑群 v.累积；打桩于,高中
pill,pɪl,,n.药丸；弹丸，子弹；口服避孕药 v.把…制成丸剂；使服用药丸；抢劫，掠夺（古语）,高中
pillow,'pɪlo,,n.枕头 v.垫；枕于…；使…靠在,高中
pilot,'paɪlət,,n.飞行员；领航员 a.试点的 v.驾驶；领航；试用,高中
pin,pɪn,,n.大头针，别针，针；栓；琐碎物 v.钉住；压住；将……用针别住,高中
pine,paɪn,,v.渴望，痛苦；憔悴 n.[林] 松树；凤梨，菠萝 a.松木的；似松的,高中
pineapple,'paɪn'æpl,,n.[园艺] 菠萝；[园艺] 凤梨 a.凤梨科的,高中
pink,pɪŋk,,n.粉红色；化身，典范；石竹花；头面人物 v.扎，刺，戳；使…变粉红色；使…面红耳赤 a.粉红的；比较激进的；石竹科的；脸色发红的,高中
pint,paɪnt,,n.品脱；一品脱的量；一品脱牛奶或啤酒,高中
pioneer,",paɪə'nɪr",,n.先锋；拓荒者 v.开辟；倡导；提倡,高中
pipe,paɪp,,n.管；烟斗；笛 v.吹笛；尖叫,高中
pity,'pɪti,,n.怜悯，同情；遗憾 v.对……表示怜悯；对……感到同情,高中
place,ples,,n.地方；住所；座位 v.放置；任命；寄予,高中
plain,plen,,a.平的；简单的；朴素的；清晰的 n.平原；无格式；朴实无华的东西 ad.清楚地；平易地,高中
plan,plæn,,n.计划；平面图 v.计划；设计；打算,高中
plane,plen,,n.飞机；平面；程度，水平 v.刨；乘飞机旅行；翱翔 a.平的；平面的,高中
planet,'plænɪt,,n.行星,高中
plant,plænt,,n.工厂，车间；植物；设备；庄稼 v.种植；培养；栽培；安置,高中
plastic,'plæstɪk,,a.塑料的；（外科）造型的；可塑的 n.塑料制品；整形；可塑体,高中
plate,pleɪt,,n.碟；金属板；金属牌；感光底片 v.电镀；给…装甲,高中
platform,'plæt'fɔrm,,n.平台；月台，站台；坛；讲台,高中
play,ple,,v.游戏；扮演；演奏；播放；同…比赛 n.游戏；比赛；剧本,高中
player,'pleɚ,,n.运动员，比赛者；游戏者，做游戏的人；演奏者，表演者；演员；播放器,高中
playground,'ple'graʊnd,,n.运动场，操场；游乐场,高中
playmate,'plemet,,n.玩伴；游伴,高中
playroom,'plerʊm,,n.游戏室；娱乐室,高中
pleasant,'plɛznt,,a.令人愉快的，舒适的；讨人喜欢的，和蔼可亲的 n.(Pleasant)人名；(英)普莱曾特,高中
please,pliz,,v.使喜欢；使高兴，使满意 int.请（礼貌用语）,高中
pleased,plizd,,a.高兴的；喜欢的；乐意做某事 v.满意；愿意（please的过去分词形式）,高中
pleasure,ˈplɛʒɚ,,n.快乐；希望；娱乐；令人高兴的事 vt.使高兴；使满意 vi.高兴；寻欢作乐,高中
plenty,'plɛnti,,n.丰富，大量；充足 a.足够的，很多的 ad.足够,高中
plot,plɑt,,n.情节；图；阴谋 v.密谋；绘图；划分；标绘,高中
plug,plʌɡ,,n.插头；塞子；栓 v.塞住；用插头将与电源接通,高中
plus,plʌs,,n.正号，加号；好处；附加额 a.正的；附加的 prep.加，加上,高中
PM,,,abbr.（拉）下午（Post Meridiem，等于afternoon）；调相（Phase Modulation）,高中
pocket,'pɑkɪt,,n.口袋；钱；容器 v.隐藏；忍受；将…放入衣袋 a.小型的，袖珍的；金钱上的,高中
poem,'poəm,,n.诗,高中
poet,'poət,,n.诗人,高中
point,pɔɪnt,,n.要点；得分；标点；[机] 尖端 v.指向；弄尖；加标点于,高中
poison,'pɔɪzn,,v.污染；使中毒，放毒于；败坏；阻碍 n.毒药，毒物；酒；有毒害的事物；[助剂] 抑制剂 a.有毒的,高中
poisonous,'pɔɪzənəs,,a.有毒的；恶毒的；讨厌的,高中
pole,pol,,n.杆；极点；电极 v.用竿支撑,高中
police,pə'lis,,n.警察，警方；治安 v.监督；管辖；维持治安；为…配备警察 a.警察的；有关警察的,高中
policeman,pə'lismən,,n.警察，警员；[分化] 淀帚（橡皮头玻璃搅棒）,高中
policy,'pɑləsi,,n.政策，方针；保险单,高中
polish,'pɑlɪʃ,,n.磨光，擦亮；擦亮剂；优雅，精良 v.擦亮，变光滑 a.波兰的,高中
polite,pə'laɪt,,a.有礼貌的，客气的；文雅的；上流的；优雅的,高中
political,pə'lɪtɪkl,,a.政治的；党派的,高中
politician,",pɑlə'tɪʃən",,n.政治家，政客,高中
politics,'pɑlətɪks,,n.政治，政治学；政治活动；政纲,高中
pollute,pə'lut,,v.污染；玷污；败坏,高中
pollution,pə'luʃən,,n.污染,高中
pond,pɑnd,,vt.筑成池塘 vi.筑成池塘 n.池塘,高中
pool,pul,,n.联营；撞球；水塘；共同资金 v.联营，合伙经营,高中
poor,pʊr,,a.贫穷的；可怜的；贫乏的；卑鄙的 n.(Poor)人名；(英、伊朗)普尔,高中
pop,pɑp,,abbr.卖点广告（Point of Purchase）,高中
popcorn,'pɑpkɔrn,,n.爆米花，爆玉米花,高中
popular,'pɑpjəlɚ,,a.流行的，通俗的；受欢迎的；大众的；普及的,高中
population,",pɑpju'leʃən",,n.人口；[生物] 种群，[生物] 群体；全体居民,高中
pork,pɔrk,,n.猪肉 vt.与女子性交,高中
porridge,'pɔrɪdʒ,,n.粥，糊；麦片粥 vt.服刑,高中
port,pɔrt,,n.港口，口岸；（计算机的）端口；左舷；舱门 v.转向左舷,高中
portable,'pɔrtəbl,,a.手提的，便携式的；轻便的 n.手提式打字机,高中
porter,'pɔrtɚ,,n.门房；服务员；行李搬运工；守门人,高中
position,pə'zɪʃən,,n.位置，方位；职位，工作；姿态；站位 v.安置；把……放在适当位置,高中
possess,pə'zɛs,,v.控制；使掌握；持有；迷住；拥有，具备,高中
possession,pə'zɛʃən,,n.拥有；财产；领地；自制；着迷,高中
possibility,",pɑsə'bɪləti",,n.可能性；可能发生的事物,高中
possible,'pɑsəbl,,a.可能的；合理的；合适的 n.可能性；合适的人；可能的事物,高中
possibly,'pɑsəbli,,ad.可能地；也许；大概,高中
post,post,,n.岗位；邮件；标杆 v.张贴；公布；邮递；布置,高中
postage,'postɪdʒ,,n.邮资，邮费,高中
postbox,'postbɑks,,n.邮箱,高中
postcard,'post'kɑrd,,n.明信片,高中
postcode,'post'kod,,n.（英）邮政编码；邮区号,高中
poster,'postɚ,,n.海报，广告；招贴,高中
postman,'postmən,,n.邮递员；邮差,高中
postpone,po'spon,,v.使…延期；把…放在次要地位；把…放在后面,高中
pot,pɑt,,n.壶；盆；罐 v.把…装罐；射击；节略,高中
potato,pə'teto,,n.[作物] 土豆，[作物] 马铃薯,高中
potential,pə'tɛnʃl,,n.潜能；可能性；[电] 电势 a.潜在的；可能的；势的,高中
pound,paʊnd,,n.英镑；重击，重击声；兽栏；拘留所 v.捣烂；敲打；监禁，拘留,高中
pour,pɔr,,n.倾泻；流出；骤雨 v.灌，注；倒；倾泻；倾吐,高中
powder,'paʊdɚ,,n.粉；粉末；[化工][军] 火药；尘土 v.使成粉末；撒粉；搽粉于,高中
power,'paʊɚ,,n.力量，能力；电力，功率；政权，势力；[数] 幂 v.激励；供以动力；使…有力量 a.借影响有权势人物以操纵权力的,高中
powerful,'paʊɚfl,,a.强大的；强有力的 ad.很；非常,高中
practical,'præktɪkl,,a.实际的；实用性的,高中
practice,'præktɪs,,n.实践；练习；惯例 v.练习；实习；实行,高中
prairie,'prɛri,,n.大草原；牧场,高中
praise,prez,,n.赞扬；称赞；荣耀；崇拜 v.赞美，歌颂；表扬,高中
pray,pre,,v.祈祷；恳求；央求 n.(Pray)人名；(匈)普劳伊；(英)普雷,高中
prayer,prɛr,,n.祈祷，祷告；恳求；祈祷文,高中
precious,'prɛʃəs,,a.宝贵的；珍贵的；矫揉造作的 n.(Precious)人名；(英)普雷舍斯，普雷舍丝(女名),高中
precise,prɪ'saɪs,,a.精确的；明确的；严格的,高中
predict,prɪ'dɪkt,,v.预报，预言；预知,高中
prefer,prɪ'fɝ,,v.更喜欢；宁愿；提出；提升,高中
preference,'prɛfrəns,,n.偏爱，倾向；优先权,高中
pregnant,'prɛɡnənt,,a.怀孕的；富有意义的,高中
prejudice,'prɛdʒədɪs,,n.偏见；侵害 v.损害；使有偏见,高中
premier,prɪ'mɪr,,a.第一的；最初的 n.总理，首相,高中
preparation,",prɛpə'reʃən",,n.预备；准备,高中
prepare,prɪ'pɛr,,v.准备；使适合；装备；起草,高中
prescription,prɪ'skrɪpʃən,,n.药方；指示；惯例 a.凭处方方可购买的,高中
present,'prɛznt,,v.提出；介绍；呈现；赠送 a.现在的；出席的 n.现在；礼物；瞄准,高中
presentation,",prizɛn'teʃən",,n.展示；描述，陈述；介绍；赠送,高中
preserve,prɪ'zɝv,,v.保存；保护；维持；腌；禁猎 n.保护区；禁猎地；加工成的食品,高中
president,'prɛzɪdənt,,n.总统；董事长；校长；主席,高中
press,prɛs,,v.压；按；逼迫；紧抱 n.压；按；新闻；出版社；[印刷] 印刷机,高中
pressure,'prɛʃɚ,,n.压力；压迫，[物] 压强 v.迫使；密封；使……增压,高中
pretend,prɪ'tɛnd,,v.假装，伪装，佯装 a.假装的,高中
pretty,'prɪti,,a.漂亮的；可爱的；优美的 ad.相当地；颇 n.有吸引力的事物（尤指饰品）；漂亮的人,高中
prevent,pri'vɛnt,,v.预防，防止；阻止,高中
preview,'pri'vjʊ,,n.预览；试映；事先查看 v.预览；预演；事先查看,高中
price,praɪs,,n.价格；价值；代价 v.给……定价；问……的价格,高中
pride,praɪd,,n.自豪；骄傲；自尊心 v.使得意，以…自豪,高中
primary,'praɪmɛri,,a.主要的；初级的；基本的 n.原色；最主要者,高中
primitive,'prɪmətɪv,,a.原始的，远古的；简单的，粗糙的 n.原始人,高中
principle,'prɪnsəpl,,n.原理，原则；主义，道义；本质，本义；根源，源泉,高中
print,prɪnt,,n.印刷业；印花布；印刷字体；印章；印记 v.印刷；打印；刊载；用印刷体写；在…印花样,高中
printer,'prɪntɚ,,n.[计] 打印机；印刷工；印花工,高中
printing,'prɪntɪŋ,,n.印刷；印刷术,高中
prison,'prɪzn,,n.监狱；监禁；拘留所 vt.监禁，关押,高中
prisoner,'prɪznɚ,,n.囚犯，犯人；俘虏；刑事被告,高中
private,'praɪvət,,a.私人的；私有的；私下的 n.列兵；二等兵,高中
privilege,ˈprɪvəlɪdʒ,,n.特权；优待 v.给与…特权；特免,高中
prize,praɪz,,n.奖品；奖赏；战利品 v.珍视；捕获；估价 a.获奖的,高中
probable,'prɑbəbl,,a.很可能的；可信的 n.很可能的事；大有希望的候选者,高中
problem,'prɑbləm,,n.难题；引起麻烦的人 a.成问题的；难处理的,高中
procedure,prə'sidʒɚ,,n.程序，手续；步骤,高中
process,'prɑsɛs,,v.处理；加工 n.过程，进行；方法，步骤；作用；程序；推移 a.经过特殊加工（或处理）的,高中
produce,prə'dus,,v.生产；引起；创作；生育，繁殖 n.农产品，产品,高中
product,'prɑdʌkt,,n.产品；结果；[数] 乘积；作品,高中
production,prə'dʌkʃən,,n.成果；产品；生产；作品,高中
profession,prə'fɛʃən,,n.职业，专业；声明，宣布，表白,高中
profit,'prɑfɪt,,n.利润；利益 v.获利；有益,高中
programme,proɡrəm,,n.计划，规划；节目；程序 v.编程序；制作节目,高中
progress,'prɑɡrɛs,,n.进步，发展；前进 v.前进，进步；进行,高中
prohibit,prə'hɪbɪt,,v.阻止，禁止,高中
project,prəˈdʒɛkt; prɑdʒɛkt,,v.设计；计划；表达；投射 n.工程；计划；事业,高中
promise,'prɑmɪs,,n.许诺，允诺；希望 v.允诺，许诺；给人以…的指望或希望,高中
promote,prə'mot,,v.促进；提升；推销；发扬,高中
pronounce,prə'naʊns,,v.发音；宣判；断言,高中
pronunciation,"prə,nʌnsɪ'eʃən",,n.发音；读法,高中
proper,'prɑpɚ,,a.适当的；本身的；特有的；正派的 ad.完全地 n.(Proper)人名；(英、德)普罗珀,高中
properly,'prɑpɚli,,ad.适当地；正确地；恰当地,高中
protect,prə'tɛkt,,v.保护，防卫；警戒,高中
protection,prə'tɛkʃən,,n.保护；防卫；护照,高中
proud,praʊd,,a.自豪的；得意的；自负的 n.(Proud)人名；(英)普劳德,高中
prove,pruv,,v.证明；检验；显示,高中
provide,prə'vaɪd,,v.提供；规定；准备；装备,高中
province,'prɑvɪns,,n.省；领域；职权,高中
pub,pʌb,,n.酒馆；客栈,高中
public,'pʌblɪk,,a.公众的；政府的；公用的；公立的 n.公众；社会；公共场所,高中
publicly,'pʌblikli,,ad.公然地；以公众名义,高中
publish,'pʌblɪʃ,,v.出版；发表；公布,高中
pull,pʊl,,v.拉；拔；拖 n.拉，拉绳；拉力，牵引力；拖,高中
pulse,pʌls,,n.[电子] 脉冲；脉搏 v.使跳动,高中
pump,pʌmp,,v.打气；用抽水机抽… n.泵，抽水机；打气筒,高中
punctual,'pʌŋtʃʊəl,,a.准时的，守时的；精确的,高中
punctuate,ˈpʌŋktʃuet,,v.不时打断；强调；加标点于,高中
punctuation,'pʌŋktʃʊ'eʃən,,n.标点；标点符号,高中
punish,'pʌnɪʃ,,v.惩罚；严厉对待；贪婪地吃喝,高中
punishment,'pʌnɪʃmənt,,n.惩罚；严厉对待，虐待,高中
pupil,pjupl,,n.学生；[解剖] 瞳孔；未成年人,高中
purchase,'pɝtʃəs,,n.购买；紧握；起重装置 v.购买；赢得,高中
pure,pjʊr,,a.纯的；纯粹的；纯洁的；清白的；纯理论的 n.(Pure)人名；(俄)普雷,高中
purple,'pɝpl,,a.紫色的；帝王的；华而不实的 n.紫色；紫袍 v.变成紫色,高中
purpose,'pɝpəs,,n.目的；用途；意志 v.决心；企图；打算,高中
purse,pɝs,,n.(女士)手提袋；(国家、家庭、团体等的) 财力 v.（嘴巴）皱起，使缩拢；撅嘴,高中
push,pʊʃ,,v.推动，增加；对…施加压力，逼迫；按；说服 n.推，决心；大规模攻势；矢志的追求,高中
put,pʊt,,v.放；表达；移动；安置；赋予 n.掷；笨蛋；投击；怪人 a.固定不动的,高中
puzzle,'pʌzl,,v.使…困惑；使…为难；苦思而得出 n.谜；难题；迷惑,高中
puzzled,'pʌzld,,a.困惑的；茫然的；搞糊涂的,高中
pyramid,'pɪrəmɪd,,n.金字塔；角锥体 v.渐增；上涨；成金字塔状,高中
quake,kwek,,v.震动；颤抖 n.地震；颤抖,高中
qualification,",kwɑlɪfɪ'keʃən",,n.资格；条件；限制；赋予资格,高中
quality,'kwɑləti,,n.质量，[统计] 品质；特性；才能 a.优质的；高品质的；<英俚>棒极了,高中
quantity,'kwɑntəti,,n.量，数量；大量；总量,高中
quarrel,'kwɔrəl,,v.吵架；争论；挑剔 n.吵架；反目；怨言；争吵的原因；方头凿,高中
quarter,'kwɔrtɚ,,n.四分之一；地区；季度；一刻钟；两角五分；节 v.住宿；驻扎 num.四分之一,高中
queen,kwin,,n.女王，王后；（纸牌中的）皇后；（蜜蜂等的）蜂王 v.使…成为女王或王后,高中
question,'kwɛstʃən,,n.问题，疑问；询问；疑问句 v.询问；怀疑；审问,高中
questionnaire,ˌkwɛstʃənˈɛr,,n.问卷；调查表,高中
queue,kju,,n.队列；长队；辫子 v.排队；排队等候,高中
quick,kwɪk,,n.核心；伤口的嫩肉 a.快的；迅速的，敏捷的；灵敏的 ad.迅速地，快,高中
quiet,'kwaɪət,,a.安静的；安定的；不动的；温顺的 n.安静；和平 v.使平息；安慰,高中
quilt,kwɪlt,,n.被子；棉被 v.东拼西凑地编；加软衬料后缝制,高中
quit,kwɪt,,v.离开；放弃；停止；使…解除 n.离开；[计] 退出 a.摆脱了…的；已经了结的,高中
quite,kwaɪt,,ad.很；相当；完全,高中
quiz,kwɪz,,n.考查；恶作剧；课堂测验 v.挖苦；张望；对…进行测验,高中
rabbit,'ræbɪt,,n.兔子，野兔 v.让…见鬼去吧,高中
race,res,,n.属，种；种族，人种；家庭，门第 v.使参加比赛；和…竞赛；使急走，使全速行进,高中
racial,'reʃl,,a.种族的；人种的,高中
radiation,",redɪ'eʃən",,n.辐射；发光；放射物,高中
radio,'redɪo,,n.收音机；无线电广播设备 v.用无线电进行通信,高中
radioactive,'redɪo'æktɪv,,a.[核] 放射性的；有辐射的,高中
radium,'redɪəm,,n.[化学] 镭（88号元素符号Ra）,高中
rag,ræɡ,,n.破布；碎屑 v.戏弄；责骂,高中
rail,rel,,n.铁轨；扶手；横杆；围栏 v.抱怨；责骂,高中
railway,'relwe,,n.（英）铁路；轨道；铁道部门 vi.乘火车旅行,高中
rain,reɪn,,n.雨；下雨；雨天；雨季 v.下雨；降雨,高中
rainbow,'renbo,,n.彩虹；五彩缤纷的排列；幻想 a.五彩缤纷的；彩虹状的 vt.使呈彩虹状；如彩虹般装饰 vi.呈彩虹状,高中
raincoat,ˈreɪnkoʊt,,n.（美）雨衣,高中
rainfall,'ren'fɔl,,n.降雨；降雨量,高中
rainy,'reni,,a.下雨的；多雨的 n.(Rainy)人名；(英)雷尼,高中
raise,rez,,v.提高；筹集；养育；升起 n.高地；上升；加薪,高中
random,'rændəm,,a.[数] 随机的；任意的；胡乱的 n.随意 ad.胡乱地,高中
range,rendʒ,,n.范围；幅度；排；山脉 v.（在内）变动；平行，列为一行；延伸；漫游；射程达到,高中
rank,ræŋk,,n.排；等级；军衔；队列 a.讨厌的；恶臭的；繁茂的 v.排列；把…分等,高中
rapid,'ræpɪd,,a.迅速的，急促的；飞快的；险峻的 n.急流；高速交通工具，高速交通网,高中
rare,rɛr,,a.稀有的；稀薄的；半熟的 ad.非常；极其 vi.用后腿站起；渴望,高中
rat,ræt,,n.鼠；卑鄙小人，叛徒 v.捕鼠；背叛，告密,高中
rate,ret,,n.比率，率；速度；价格；等级 v.认为；估价；责骂,高中
rather,'ræðɚ,,ad.宁可，宁愿；相当 int.当然啦（回答问题时用） n.(Rather)人名；(英)拉瑟,高中
raw,rɔ,,a.生的；未加工的；阴冷的；刺痛的；擦掉皮的；无经验的；（在艺术等方面）不成熟的 n.擦伤处 vt.擦伤,高中
razor,'rezɚ,,v.剃，用剃刀刮 n.剃刀,高中
reach,ritʃ,,v.达到；延伸；伸出手；传开 n.范围；延伸；河段；横风行驶,高中
react,ri'ækt,,v.反应；影响；反抗；起反作用,高中
read,"rid; (read, read) rɛd",,v.阅读；读懂，理解 n.阅读；读物 a.有学问的,高中
reading,'ridɪŋ,,n.阅读，朗读；读物；读数 a.阅读的 v.阅读（read的ing形式）,高中
ready,'rɛdi,,a.准备好；现成的；迅速的；情愿的；快要…的 n.现款；预备好的状态 ad.迅速地；预先 v.使准备好,高中
real,'riəl,,a.实际的；真实的；实在的 ad.真正地；确实地 n.现实；实数,高中
reality,rɪ'æləti,,n.现实；实际；真实,高中
realize,rɪəˌlaɪz,,v.实现；认识到；了解；将某物卖得，把(证券等)变成现钱；变卖,高中
reason,ˈrizən,,n.理由；理性；动机 v.推论；劝说,高中
reasonable,'riznəbl,,a.合理的，公道的；通情达理的,高中
rebuild,",ri'bɪld",,v.重建；改造，重新组装；复原,高中
receipt,rɪ'sit,,n.收到；收据；收入 v.收到,高中
receive,rɪ'siv,,v.收到；接待；接纳,高中
receiver,rɪ'sivɚ,,n.接收器；接受者；收信机；收款员，接待者,高中
recent,'risnt,,a.最近的；近代的,高中
reception,rɪ'sɛpʃən,,n.接待；接收；招待会；感受；反应,高中
receptionist,rɪ'sɛpʃənɪst,,n.接待员；传达员,高中
recipe,'rɛsəpi,,n.食谱；[临床] 处方；秘诀；烹饪法,高中
recite,rɪ'saɪt,,v.背诵；叙述；列举,高中
recognise,'rekəɡnaɪz,,v.认出；承认，认可；识别,高中
recommend,'rɛkə'mɛnd,,v.推荐，介绍；劝告；使受欢迎；托付,高中
record,(for v.) rɪˈkɔrd; (for n. adj.) ˈrɛkɚd,,v.记录，记载；标明；将录音 n.档案，履历；唱片；最高纪录 a.创纪录的,高中
recorder,rɪ'kɔrdɚ,,n.录音机；记录器；记录员；八孔直笛,高中
recover,rɪ'kʌvɚ,,v.恢复；弥补；重新获得 n.还原至预备姿势,高中
recreation,",rɛkrɪ'eʃən",,n.娱乐；消遣；休养,高中
rectangle,'rɛktæŋɡl,,n.矩形；长方形,高中
recycle,",ri'saɪkl",,v.使再循环；使…重新利用 n.再生；再循环；重复利用,高中
red,rɛd,,n.红色，红颜料；赤字 a.红色的；红肿的，充血的,高中
redirect,"[ˌridɪˈrɛkt,-daɪ-]",,v.使改方向；重新寄送 a.再直接的 n.再直接询问,高中
reduce,rɪ'dʊs,,v.减少；降低；使处于；把…分解,高中
refer,rɪ'fɝ,,v.参考；涉及；提到；查阅,高中
referee,",rɛfə'ri",,n.裁判员；调解人；介绍人 v.仲裁；担任裁判,高中
reference,'rɛfrəns,,n.参考，参照；涉及，提及；参考书目；介绍信；证明书 v.引用,高中
reflect,rɪ'flɛkt,,v.反映；反射，照出；表达；显示;反省,高中
reform,rɪ'fɔrm,,n.改革，改良；改正 v.改革，革新；重新组成 a.改革的；改革教会的,高中
refresh,ri'frɛʃ,,v.更新；使……恢复；使……清新；消除……的疲劳,高中
refreshments,rɪ'freʃm(ə)nts,,n.点心；[食品] 茶点；小吃,高中
refrigerator,rɪ'frɪdʒəretɚ,,n.冰箱，冷藏库,高中
refusal,rɪ'fjuzl,,n.拒绝；优先取舍权；推却；取舍权,高中
refuse,ri'fjʊz,,n.垃圾；废物 v.拒绝；不愿；抵制,高中
regard,rɪ'ɡɑrd,,n.注意；尊重；问候；凝视 v.注重，考虑；看待；尊敬；把…看作；与…有关,高中
regardless,rɪ'ɡɑrdləs,,a.不管的；不顾的；不注意的 ad.不顾后果地；不管怎样，无论如何；不惜费用地,高中
regards,ri'ga:dz,,n.致意，问候 v.视为，注意（regard的第三人称单数）,高中
register,'rɛdʒɪstɚ,,v.登记；注册；记录；挂号邮寄；把…挂号；正式提出 n.登记；注册；记录；寄存器；登记簿,高中
regret,rɪ'ɡrɛt,,n.遗憾；抱歉；悲叹 v.后悔；惋惜；哀悼,高中
regular,'rɛgjəlɚ,,a.定期的；有规律的；合格的；整齐的；普通的 n.常客；正式队员；中坚分子 ad.定期地；经常地,高中
regulation,ˌrɛɡjəˈleʃən,,n.管理；规则；校准 a.规定的；平常的,高中
reject,rɪ'dʒɛkt,,v.拒绝；排斥；抵制；丢弃 n.被弃之物或人；次品,高中
relate,rɪ'let,,v.叙述；使…有联系,高中
relation,rɪ'leʃən,,n.关系；叙述；故事；亲属关系,高中
relationship,rɪ'leʃən'ʃɪp,,n.关系；关联,高中
relative,'rɛlətɪv,,a.相对的；有关系的；成比例的 n.亲戚；相关物；[语] 关系词；亲缘植物,高中
relax,rɪ'læks,,v.放松，休息；松懈，松弛；变从容；休养,高中
relay,rɪ'le,,v.转播；接替 n.[电] 继电器；接替，接替人员；驿马,高中
relevant,'rɛləvənt,,a.相关的；切题的；中肯的；有重大关系的；有意义的，目的明确的,高中
reliable,rɪ'laɪəbl,,a.可靠的；可信赖的 n.可靠的人,高中
relief,rɪ'lif,,n.救济；减轻，解除；安慰；浮雕,高中
religion,rɪ'lɪdʒən,,n.宗教；宗教信仰,高中
religious,rɪ'lɪdʒəs,,a.宗教的；虔诚的；严谨的；修道的 n.修道士；尼姑,高中
rely,rɪ'laɪ,,v.依靠；信赖,高中
remain,rɪ'men,,v.保持；依然；留下；剩余；逗留；残存 n.遗迹；剩余物，残骸,高中
remark,rɪ'mɑrk,,n.注意；言辞 v.评论；觉察,高中
remember,rɪ'mɛmbɚ,,v.记得；牢记；纪念；代…问好,高中
remind,rɪ'maɪnd,,v.提醒；使想起,高中
remote,rɪ'mot,,a.遥远的；偏僻的；疏远的 n.远程,高中
remove,rɪ'muv,,v.移动，迁移；开除；调动 n.移动；距离；搬家,高中
rent,rɛnt,,n.租金 v.出租；租用；租借,高中
repair,rɪ'pɛr,,v.修理；修复 n.修理，修补；修补部位,高中
repairs,,,n.修理；[会计] 修理费；备件；修理工作（repair的复数形式） v.修理；恢复（repair的三单形式）；弥补；纠正,高中
repeat,rɪ'pit,,v.重复；复制；背诵 n.重复；副本,高中
replace,rɪ'ples,,v.取代，代替；替换，更换；归还，偿还；把…放回原处,高中
reply,rɪ'plai,,v.回答；[法] 答辩；回击 n.回答；[法] 答辩,高中
report,rɪ'pɔrt,,n.报告；报道；成绩单 v.报告；报导；使报到,高中
reporter,rɪ'pɔrtɚ,,n.记者,高中
represent,",rɛprɪ'zɛnt",,v.代表；表现；描绘；回忆；再赠送,高中
representative,'rɛprɪ'zɛntətɪv,,a.典型的，有代表性的；代议制的 n.代表；典型；众议员,高中
republic,rɪ'pʌblɪk,,n.共和国；共和政体,高中
reputation,",rɛpju'teʃən",,n.名声，名誉；声望,高中
request,rɪ'kwɛst,,n.请求；需要 v.要求，请求,高中
require,rɪ'kwaɪr,,v.需要；要求；命令,高中
requirement,rɪ'kwaɪɚmənt,,n.要求；必要条件；必需品,高中
rescue,'rɛskju,,v.营救；援救 n.营救；援救；解救,高中
research,'risɝtʃ,,n.研究；调查 v.研究；调查,高中
resemble,rɪ'zɛmbl,,v.类似，像,高中
reservation,",rɛzɚ'veʃən",,n.预约，预订；保留,高中
reserve,rɪ'zɝv,,n.储备，储存；自然保护区；预备队；缄默；[金融] 储备金 v.储备；保留；预约,高中
resign,rɪ'zaɪn,,v.辞职；放弃；委托；使听从 n.辞去职务,高中
resist,rɪ'zɪst,,v.抵抗，抗拒；忍耐 n.[助剂] 抗蚀剂；防染剂,高中
respect,rɪ'spɛkt,,n.尊敬，尊重；方面；敬意 v.尊敬，尊重；遵守,高中
respond,rɪ'spɑnd,,v.回答；作出反应；承担责任 n.应答；唱和,高中
responsibility,rɪˌspɑːnsəˈbɪləti,,n.责任，职责；义务,高中
rest,rɛst,,v.使休息，使轻松；把…寄托于 n.休息，静止；休息时间；剩余部分；支架,高中
restaurant,ˈrɛstəˌrɑnt; ˈrɛstərənt; ˈrɛsˌtrɑnt,,n.餐馆；[经] 饭店,高中
restrict,rɪ'strɪkt,,v.限制；约束；限定,高中
restriction,rɪ'strɪkʃən,,n.限制；约束；束缚,高中
result,rɪ'zʌlt,,n.结果；成绩；答案；比赛结果 v.结果；导致；产生,高中
retell,",ri'tɛl",,v.复述；再讲；重述,高中
retire,rɪ'taɪɚ,,v.退休；撤退；退却 n.退休；退隐；退兵信号,高中
return,rɪ'tɝn,,v.返回；报答 n.返回；归还；回球 a.报答的；回程的；返回的,高中
reuse,",ri'jʊs",,n.重新使用，再用 v.再使用,高中
review,rɪ'vju,,n.回顾；复习；评论；检讨；检阅 v.回顾；检查；复审,高中
reviewer,rɪ'vjuɚ,,n.评论者，评论家,高中
revision,rɪ'vɪʒən,,n.[印刷] 修正；复习；修订本,高中
revolution,'rɛvə'lʊʃən,,n.革命；旋转；运行；循环,高中
reward,rɪ'wɔrd,,n.[劳经] 报酬；报答；酬谢 v.[劳经] 奖励；奖赏,高中
rewind,",ri'waɪnd",,n.重绕；倒带器 v.倒回；重绕,高中
rewrite,'riraɪt,,v.改写；重写 n.重写或改写的文稿；改写的作品,高中
rhyme,raɪm,,n.韵律；韵脚；韵文；押韵词 v.使押韵；用韵诗表达；把…写作诗,高中
rice,raɪs,,n.稻；米饭 v.把…捣成米糊状,高中
rich,rɪtʃ,,a.富有的；肥沃的；昂贵的 n.(Rich)人名；(丹)里克；(捷)里赫；(英、西)里奇；(葡、法)里什,高中
rid,rɪd,,v.使摆脱；使去掉 n.(Rid)人名；(英)里德,高中
riddle,'rɪdl,,v.解谜；给出谜；充满于 n.谜语；粗筛；谜一般的人、东西、事情等,高中
ride,raɪd,,v.骑马；乘车；依靠；漂浮 n.骑；乘坐；交通工具；可供骑行的路；（乘坐汽车等的）旅行；乘骑；（乘车或骑车的）短途旅程；供乘骑的游乐设施,高中
ridiculous,rɪ'dɪkjələs,,a.可笑的；荒谬的,高中
right,raɪt,,a.正确的；直接的；右方的 v.复正；恢复平稳 n.正确；右边；正义 ad.正确地；恰当地；彻底地,高中
rigid,'rɪdʒɪd,,a.严格的；僵硬的，死板的；坚硬的；精确的,高中
ring,rɪŋ,,v.按铃；敲钟；回响；成环形 n.戒指；铃声，钟声；拳击场；环形物,高中
ripe,raɪp,,a.熟的，成熟的；时机成熟的 vt.搜查；调查 vi.进行搜查 n.(Ripe)人名；(意、瑞典)里佩,高中
ripen,'raɪpən,,v.使成熟,高中
rise,raɪz,,v.上升；增强；起立；高耸 n.上升；高地；增加；出现,高中
risk,rɪsk,,n.风险；危险；冒险 v.冒…的危险,高中
river,'rɪvɚ,,n.河，江,高中
road,rod,,n.公路，马路；道路；手段 vt.（狗）沿臭迹追逐（猎物） a.（美）巡回的,高中
roast,rost,,v.烤，焙；烘，烘烤；暴露于某种热力下以得温暖 a.烘烤的；烤过的 n.烤肉；烘烤,高中
rob,rɑb,,v.抢劫；使…丧失；非法剥夺,高中
robot,'robɑt,,n.机器人；遥控设备，自动机械；机械般工作的人,高中
rock,rɑk,,n.岩石；摇滚乐；暗礁 v.摇动；使摇晃,高中
rocket,'rɑkɪt,,v.飞驰，飞快地移动；迅速增加 n.火箭,高中
role,rol,,n.角色；任务,高中
roll,rol,,v.卷；滚动，转动；辗 n.卷，卷形物；名单；摇晃,高中
roller,'rolɚ,,n.[机] 滚筒；[机] 滚轴；辊子；滚转机,高中
roof,ruf,,n.屋顶；最高处，顶部；最高限度 v.给…盖屋顶，覆盖,高中
room,rum,,n.房间；空间；余地；机会；房间里所有的人 v.为…提供住处；租房，合住；投宿，住宿；留…住宿,高中
rooster,'rustɚ,,n.公鸡；狂妄自负的人,高中
root,rut,,n.根；根源；词根；祖先 v.生根；根除,高中
rope,rop,,n.绳，绳索 v.捆，绑,高中
rose,roz,,n.玫瑰；粉红色；蔷薇（花）；粉红色的葡萄酒 a.玫瑰花的；玫瑰色的；粉红色的；带有玫瑰香味的 vt.使成玫瑰色，使（面颊）发红；使有玫瑰香味 vi.起义( rise的过去式)；升起；（数量）增加；休会,高中
rot,rɑt,,n.腐烂；腐败；腐坏 v.腐烂；腐败；堕落 int.（表示厌恶、蔑视、烦恼等）胡说；糟了,高中
rough,rʌf,,a.粗糙的；粗略的；粗野的；艰苦的；未经加工的 v.使粗糙；粗暴对待；草拟 n.艰苦；高低不平的地面；未经加工的材料；粗糙的部分 ad.粗糙地；粗略地；粗暴地,高中
round,raʊnd,,n.圆；循环；一回合；圆形物 a.圆的；完全的；大概的；肥胖的 ad.在周围；迂回地；朝反方向；挨个 v.完成；围捕；绕行；弄圆 prep.附近；绕过；大约；在…周围,高中
roundabout,'raʊndəbaʊt,,a.迂回的，绕道的；圆滚滚的 n.迂回路线；环状交叉路口,高中
routine,rʊ'tin,,n.[计] 程序；日常工作；例行公事 a.日常的；例行的,高中
row,ro,,n.行，排；划船；街道；吵闹 v.划船；使……成排,高中
royal,'rɔɪəl,,a.皇家的；盛大的；女王的；高贵的；第一流的 n.王室；王室成员,高中
rubber,'rʌbɚ,,n.橡胶；橡皮；合成橡胶；按摩师 a.橡胶制成的 v.涂橡胶于；用橡胶制造,高中
rubbish,'rʌbɪʃ,,n.垃圾，废物；废话 a.毫无价值的,高中
rude,rud,,a.粗鲁的；无礼的；狂暴的；未开化的 n.(Rude)人名；(英、西、瑞典)鲁德；(法)吕德,高中
rugby,'rʌɡbi,,n.英式橄榄球；拉格比（英格兰中部的城市）,高中
ruin,'ruɪn,,n.废墟；毁坏；灭亡 v.毁灭；使破产,高中
rule,rul,,v.统治；管辖；裁定 n.统治；规则,高中
ruler,'rulɚ,,n.尺；统治者；[测] 划线板，划线的人,高中
run,rʌn,,v.经营；奔跑；运转 n.奔跑；赛跑；趋向；奔跑的路程,高中
runner,'rʌnɚ,,n.跑步者；走私者；推销员；送信人,高中
running,'rʌnɪŋ,,n.运转；赛跑；流出 a.连续的；流动的；跑着的；运转着的 v.跑；运转（run的ing形式）；行驶,高中
rush,rʌʃ,,n.冲进；匆促；急流；灯心草 a.急需的 v.使冲；突袭；匆忙地做；飞跃,高中
Russia,'rʌʃə,,n.俄罗斯,高中
Russian,'rʌʃən,,a.俄国的；俄语的 n.俄语；俄国人,高中
sacred,'sekrɪd,,a.神的；神圣的；宗教的；庄严的,高中
sacrifice,'sækrɪfaɪs,,n.牺牲；祭品；供奉 v.牺牲；献祭；亏本出售,高中
sad,sæd,,a.难过的；悲哀的，令人悲痛的；凄惨的，阴郁的（形容颜色）,高中
sadness,'sædnəs,,n.悲哀,高中
safe,sef,,a.安全的；可靠的；平安的 n.保险箱；冷藏室；纱橱,高中
safety,'sefti,,n.安全；保险；安全设备；保险装置；安打,高中
sail,sel,,v.航行；启航，开船 n.帆，篷；航行,高中
sailing,'selɪŋ,,n.航行，航海；启航；航海术 a.航行的 v.航行，起航（sail的现在分词形式）,高中
sailor,'selɚ,,n.水手，海员；乘船者,高中
salad,'sæləd,,n.色拉；尤指莴苣,高中
salary,'sæləri,,vt.给加薪；给薪水 n.薪水,高中
sale,sel,,n.销售；出售；拍卖；销售额；廉价出售,高中
salesgirl,'selzɡɝl,,n.女售货员，女店员,高中
salesman,'selzmən,,n.推销员；售货员,高中
saleswoman,"'seilz,wumən",,n.[贸易] 女售货员；[贸易] 女店员,高中
salt,sɔlt,,n.盐；风趣，刺激性 a.咸水的；含盐的，咸味的；盐腌的；猥亵的 v.用盐腌；给…加盐；将盐撒在道路上使冰或雪融化,高中
salty,'sɔlti,,a.咸的；含盐的,高中
salute,sə'lut,,n.致敬，欢迎；敬礼 v.行礼致敬，欢迎,高中
same,sem,,a.相同的；同一的；上述的（通常与the连用）；无变化的 pron.同样的事物或人（通常与the连用） ad.同样地（通常与the连用） n.(Same)人名；(意)萨梅,高中
sand,sænd,,n.沙；沙地；沙洲；沙滩；沙子 v.撒沙于；以沙掩盖；用砂纸等擦平或磨光某物；使撒沙似地布满；给…掺沙子,高中
sandwich,'sænwɪtʃ,,v.夹入；挤进；把做成三明治 n.三明治；夹心面包,高中
satellite,'sætəlaɪt,,n.卫星；人造卫星；随从；卫星国家,高中
satisfaction,",sætɪs'fækʃən",,n.满意，满足；赔偿；乐事；赎罪,高中
Saturday,sætɚdɪ; -de,,n.星期六,高中
sauce,sɔs,,n.酱油；沙司；调味汁 v.使增加趣味；给…调味,高中
saucer,'sɔsɚ,,n.茶托，浅碟；浅碟形物；眼睛,高中
sausage,'sɔsɪdʒ,,n.香肠；腊肠；装香肠的碎肉,高中
savage,'sævɪdʒ,,a.野蛮的；残酷的；狂怒的；荒凉的 n.未开化的人；粗鲁的人；残暴成性的人 v.乱咬；粗暴的对待,高中
save,sev,,v.节省；保存；储蓄；解救 prep.除之外 n.救援,高中
say,se,,v.讲；说明；例如；声称；假设；指明 n.(Say)人名；(土)萨伊；(法、老、柬)赛；(英)塞伊；(匈、罗)绍伊,高中
saying,'seɪŋ,,n.话；谚语；言论 v.说（say的ing形式）,高中
scan,skæn,,v.扫描；浏览；细看；详细调查；标出格律 n.扫描；浏览；审视；细看,高中
scar,skɑr,,v.伤害；给留下伤痕 n.创伤；伤痕,高中
scare,skɛr,,v.惊吓；把…吓跑 n.恐慌；惊吓；惊恐 a.（美）骇人的,高中
scarf,skɑrf,,n.围巾；嵌接，嵌接处；头巾领巾 v.披嵌接；用围巾围,高中
scene,sin,,n.场面；情景；景象；事件,高中
scenery,'sinəri,,n.风景；景色；舞台布景,高中
sceptical,'skeptikəl,,a.怀疑的；怀疑论的；习惯怀疑的,高中
schedule,'skɛdʒul; (canadian) ˈʃɛdʒʊl; ˈʃɛdjʊl,,v.安排，计划；编制目录；将……列入计划表 n.时间表；计划表；一览表,高中
scholar,'skɑlɚ,,n.学者；奖学金获得者,高中
scholarship,'skɑlɚʃɪp,,n.奖学金；学识，学问,高中
school,skul,,n.学校；学院；学派；鱼群 v.教育,高中
schoolbag,ˈskulˌbæɡ,,n.书包,高中
schoolmate,'skʊl'met,,n.同学；同窗,高中
science,'saɪəns,,n.科学；技术；学科；理科,高中
scientific,",saɪən'tɪfɪk",,a.科学的，系统的,高中
scientist,'saɪəntɪst,,n.科学家,高中
scissors,'sɪzɚz,,n.剪刀；剪式跳法 v.剪开；删除（scissor的第三人称单数）,高中
scold,skold,,v.责骂；叱责 n.责骂；爱责骂的人,高中
score,skɔ,,n.分数；二十；配乐；刻痕 v.获得；评价；划线，刻划；把…记下,高中
scores,skɔrz,,n.考试成绩；比分（score的复数） v.得分（score的第三人称单数形式）；刻划,高中
Scotland,'skɔtlənd,,n.苏格兰,高中
Scottish,'skɔtiʃ,,a.苏格兰的；苏格兰人的；苏格兰语的 n.苏格兰人；苏格兰语,高中
Scratch,skrætʃ,,n.擦伤；抓痕；刮擦声；乱写 a.打草稿用的；凑合的；碰巧的 v.抓；刮；挖出；乱涂,高中
scream,skrim,,v.尖叫；呼啸；发出尖锐刺耳的声音；令人触目惊心 n.尖叫声；尖锐刺耳的声音；极其滑稽可笑的人,高中
screen,skrin,,n.屏，幕；屏风 v.筛；拍摄；放映；掩蔽,高中
sculpture,'skʌlptʃɚ,,n.雕塑；雕刻；刻蚀 v.雕塑；雕刻；刻蚀,高中
sea,si,,n.海；海洋；许多；大量,高中
seagull,'siɡʌl,,n.海鸥,高中
seal,sil,,n.密封；印章；海豹；封条；标志 v.密封；盖章,高中
seaman,'simən,,n.海员，水手；水兵,高中
search,sɝtʃ,,v.搜寻；调查；探求 n.搜寻；探究，查究,高中
seashell,'si'ʃɛl,,n.海贝，贝壳；海贝壳,高中
seaside,'sisaɪd,,n.海边；海滨 a.海边的；海滨的,高中
season,'sizn,,n.时期；季节；赛季 v.给…调味；使适应,高中
seat,sit,,n.座位；所在地；职位 v.使…坐下；可容纳…的；使就职,高中
seaweed,'si'wid,,n.海藻，海草,高中
second,'sɛkənd,,n.秒；第二名；瞬间；二等品 v.支持 a.第二的；次要的；附加的 num.第二 ad.第二；其次；居第二位,高中
secondhand,'sɛkəndhænd,,a.二手的；旧的；间接获得的；做旧货生意的 ad.间接地；间接听来；以旧货,高中
secret,'sikrɪt,,n.秘密；秘诀；机密 a.秘密的；机密的,高中
secretary,'sɛkrətɛrɪ,,n.秘书；书记；部长；大臣,高中
section,'sɛkʃən,,n.截面；部分；部门；地区；章节 v.被切割成片；被分成部分,高中
secure,sə'kjʊr,,a.安全的；无虑的；有把握的；稳当的 v.保护；弄到；招致；缚住,高中
security,sə'kjʊrəti,,n.安全；保证；证券；抵押品 a.安全的；保安的；保密的,高中
see,si,,v.看见；理解；领会 n.(See)人名；(英)西伊；(柬)塞；(德)泽,高中
seed,sid,,n.种子；根据；精液；萌芽；子孙；原由 v.播种；结实；成熟；去…籽,高中
seek,sik,,v.寻求；寻找；探索；搜索,高中
seem,sim,,v.似乎；像是；装作 n.(Seem)人名；(英)西姆,高中
seize,siz,,v.抓住；夺取；理解；逮捕,高中
seldom,'sɛldəm,,ad.很少，不常,高中
select,sə'lɛkt,,v.挑选；选拔 a.精选的；挑选出来的；极好的 n.被挑选者；精萃,高中
self,sɛlf,,n.自己，自我；本质；私心 a.同一的 vt.使自花授精；使近亲繁殖 vi.自花授精,高中
selfish,'sɛlfɪʃ,,a.自私的；利己主义的,高中
sell,sɛl,,v.销售；推销；出卖；欺骗 n.销售；失望；推销术,高中
semicircle,'sɛmɪsɝkl,,n.半圆，半圆形,高中
send,sɛnd,,v.发送，寄；派遣；使进入；发射 n.上升运动,高中
senior,'sinɪɚ,,a.高级的；年长的；地位较高的；年资较深的，资格较老的 n.上司；较年长者；毕业班学生,高中
sense,sɛns,,n.感觉，功能；观念；道理；理智 v.感觉到；检测,高中
sensitive,'sɛnsətɪv,,a.敏感的；感觉的；[仪] 灵敏的；感光的；易受伤害的；易受影响的 n.敏感的人；有灵异能力的人,高中
sentence,'sɛntəns,,n.[语][计] 句子，命题；宣判，判决 v.判决，宣判,高中
separate,(for v.) sɛpəˌret; (for adj.) sɛprɪt,,v.使分离；使分开；使分居 a.单独的；分开的；不同的；各自的； n.分开；抽印本,高中
separately,'sɛprətli,,ad.分别地；分离地；个别地,高中
separation,",sɛpə'reʃən",,n.分离，分开；间隔，距离；[法] 分居；缺口,高中
September,sɛp'tɛmbɚ,,n.九月,高中
serious,'sɪrɪəs,,a.严肃的，严重的；认真的；庄重的；危急的,高中
servant,'sɝvənt,,n.仆人，佣人；公务员；雇工,高中
service,'sɝvɪs,,n.服务，服侍；服役；仪式 a.服务性的；耐用的；服现役的 v.维修，检修；保养,高中
session,'sɛʃən,,n.会议；（法庭的）开庭；（议会等的）开会；学期；讲习会,高中
set,sɛt,,n.[数] 集合；一套；布景；[机] 装置 v.树立；点燃；点缀； a.固定的；规定的；固执的,高中
settle,'sɛtl,,v.解决；定居；沉淀；下陷 n.有背长椅,高中
settlement,'sɛtlmənt,,n.解决，处理；[会计] 结算；沉降；殖民,高中
settler,'sɛtlɚ,,n.移居者；殖民者,高中
seven,'sɛvn,,num.七个，七 n.七个，七 a.七的；七个的,高中
seventeen,",sɛvn'tin",,n.十七，十七个 a.十七岁的；十七的，十七个的 num.十七,高中
seventh,'sɛvənθ,,n.第七；七分之一 a.第七的；七分之一的 ad.居第七位地,高中
seventy,'sɛvnti,,n.七十；七十个；七十岁；七十年代 a.七十的；七十个的；七十岁的 num.七十,高中
several,ˈsevrəl,,a.几个的；各自的 pron.几个；数个,高中
severe,sɪ'vɪr,,a.严峻的；严厉的；剧烈的；苛刻的,高中
sew,so,,v.缝合，缝上；缝纫,高中
sex,sɛks,,n.性；性别；性行为；色情 v.引起…的性欲；区别…的性别,高中
shabby,ˈʃæbi,,a.破旧的；卑鄙的；吝啬的；低劣的,高中
shade,ʃed,,n.树荫；阴影；阴凉处；遮阳物；（照片等的）明暗度；少量、些微；细微的差别 v.使阴暗；使渐变；为…遮阳；使阴郁；掩盖,高中
shadow,'ʃædo,,n.阴影；影子；幽灵；庇护；隐蔽处 v.遮蔽；使朦胧；尾随；预示 a.影子内阁的,高中
shake,ʃek,,v.动摇；摇动；震动；握手 n.摇动；哆嗦,高中
shall,ʃəl,,aux.应；会；将；必须,高中
shallow,'ʃælo,,a.浅的；肤浅的 n.[地理] 浅滩 v.使变浅,高中
shame,ʃem,,n.羞耻，羞愧；憾事，带来耻辱的人 v.使丢脸，使羞愧,高中
Shanghai,",ʃæŋ'haɪ",,n.上海（中国东部港市）,高中
shape,ʃep,,n.形状；模型；身材；具体化 v.形成；塑造，使成形；使符合,高中
share,ʃɛr,,v.分享，分担；分配 n.份额；股份,高中
shark,ʃɑrk,,n.鲨鱼；骗子 v.诈骗,高中
sharp,ʃɑrp,,a.急剧的；锋利的；强烈的；敏捷的；刺耳的 ad.急剧地；锐利地；突然地 n.尖头；骗子；内行 vt.磨快；把音调升高 vi.打扮；升音演奏,高中
sharpen,'ʃɑrpən,,v.削尖；磨快；使敏捷；加重,高中
sharpener,'ʃɑrpənɚ,,n.卷笔刀；[机] 磨具；研磨者,高中
shave,ʃev,,v.剃须，剃毛 n.刮脸，剃胡子；修面；<口>侥幸逃过，幸免；剃刀，刮刀,高中
shaver,'ʃevɚ,,n.理发师；电动剃刀,高中
she,ʃi,,pron.她（主格）；它（用来指雌性动物或国家、船舶、地球、月亮等） n.女人；雌性动物,高中
sheep,ʃip,,n.羊，绵羊；胆小鬼,高中
sheet,ʃit,,n.薄片，纸张；薄板；床单 v.覆盖；盖上被单；使成大片 a.片状的,高中
shelf,ʃɛlf,,n.架子；搁板；搁板状物；暗礁,高中
shelter,'ʃɛltɚ,,n.庇护；避难所；遮盖物 v.保护；使掩蔽,高中
shine,ʃaɪn,,v.发出光；反射光，闪耀；出类拔萃，表现突出；露出；照耀；显露；出众 n.光亮，光泽；好天气；擦亮；晴天；擦皮鞋；鬼把戏或诡计,高中
ship,ʃɪp,,v.运送，乘船；以船运送 n.船；舰；太空船,高中
shirt,ʃɝt,,n.衬衫；汗衫，内衣,高中
shock,ʃɑk,,n.休克；震惊；震动；打击；禾束堆 v.使休克；使震惊；使震动；使受电击；把…堆成禾束堆 a.浓密的；蓬乱的,高中
shoe,ʃu,,n.鞋；蹄铁；外胎 v.给……穿上鞋；穿……鞋,高中
shoot,ʃut,,v.射击，射中；拍摄；发芽；使爆炸；给…注射 n.射击；摄影；狩猎；急流,高中
shooting,'ʃutɪŋ,,n.射击；打猎；摄影；射门 v.射击（shoot的ing形式）,高中
shop,ʃɑp,,n.商店；店铺 v.购物,高中
shopkeeper,'ʃɑp'kipɚ,,n.店主，老板,高中
shopping,'ʃɑpɪŋ,,n.购物，买东西 v.购物（shop的ing形式）,高中
shore,ʃɔr,,v.支撑，使稳住；用支柱撑住 n.海滨；支柱,高中
short,ʃɔrt,,a.短的；不足的；矮的，低的 n.短；缺乏；短路；短裤 ad.不足；突然；唐突地,高中
shortcoming,'ʃɔrtkʌmɪŋ,,n.缺点；短处,高中
shortly,'ʃɔrtli,,ad.立刻；简短地；唐突地,高中
shorts,ʃɔrts,,n.短裤,高中
shot,ʃɑt,,n.发射；炮弹；射手；镜头 a.用尽的；破旧的；杂色的，闪光的 v.射击（shoot的过去式和过去分词）,高中
should,ʃəd; strong form ʃʊd,,aux.应该；就；可能；将要,高中
shoulder,'ʃoldɚ,,n.肩，肩膀；肩部 v.肩负，承担,高中
shout,ʃaʊt,,v.呼喊；喊叫；大声说 n.呼喊；呼叫,高中
show,ʃo,,v.显示；说明；演出；展出 n.显示；表演；炫耀,高中
shower,'ʃaʊɚ,,n.淋浴；（倾泻般出现的）一阵，一大批；阵雨 v.大量地给予；把……弄湿,高中
shut,ʃʌt,,v.关闭；停业；幽禁 n.关闭 a.关闭的；围绕的,高中
shuttle,'ʃʌtl,,n.航天飞机；穿梭；梭子；穿梭班机、公共汽车等 v.使穿梭般来回移动；短程穿梭般运送,高中
shy,ʃaɪ,,a.害羞的；畏缩的，胆怯的 v.投；畏缩；惊退；厌恶 n.投掷；惊跳,高中
sick,sɪk,,a.厌恶的；病态的；不舒服；渴望的；恶心的 ；生病的 n.病人 v.使狗去咬；呕吐；追击,高中
sickness,'sɪknəs,,n.疾病；呕吐；弊病,高中
side,saɪd,,n.方面；侧面；旁边 v.支持；赞助；偏袒 a.旁的，侧的,高中
sideway,'saidwei,,n.人行道；小巷 ad.斜地里 a.旁边的；向侧面的（等于sideways）,高中
sideways,'saɪdwez,,ad.向侧面地；向一旁 a.向侧面的；一旁的,高中
sigh,saɪ,,v.叹息，叹气 n.叹息，叹气,高中
sight,saɪt,,n.视力；景象；眼界；见解 v.看见；瞄准 a.见票即付的；即席的,高中
sightseeing,'saɪtsiɪŋ,,n.观光；游览 a.观光的；游览的 v.观光（sightsee的ing形式）；游览,高中
sign,saɪn,,n.迹象；符号；记号；手势；指示牌 v.签署；签名,高中
signal,'sɪgnl,,n.信号；暗号；导火线 v.标志；用信号通知；表示 a.显著的；作为信号的,高中
signature,'sɪgnətʃɚ,,n.署名；签名；信号,高中
significance,sɪɡ'nɪfɪkəns,,n.意义；重要性；意思,高中
silence,'saɪləns,,n.沉默；寂静；缄默；不谈；无声状态 v.使沉默；使安静；压制；消除噪音 int.安静！；别作声！,高中
silent,'saɪlənt,,a.沉默的；寂静的；无记载的 n.无声电影,高中
silk,sɪlk,,n.丝绸；蚕丝；丝织物 a.丝的；丝绸的；丝制的 vi.（玉米）处于长须的阶段中,高中
silly,'sɪli,,a.愚蠢的；不明事理的；没头脑的 n.傻瓜,高中
similar,'sɪməlɚ,,a.相似的 n.类似物,高中
simple,'sɪmpl,,a.简单的；单纯的；天真的 n.笨蛋；愚蠢的行为；出身低微者,高中
simplify,'sɪmplɪfaɪ,,v.简化；使单纯；使简易,高中
simply,'sɪmpli,,ad.简单地；仅仅；简直；朴素地；坦白地,高中
since,sɪns,,conj.因为；由于；既然；自…以来；自…以后 prep.自…以来；自…以后 ad.后来,高中
sincerely,sɪn'sɪrli,,ad.真诚地；由衷地，诚恳地,高中
sing,sɪŋ,,v.唱歌；歌颂；鸣叫；呼号 n.演唱；鸣声；呼啸声,高中
singer,'sɪŋɚ,,n.歌手，歌唱家,高中
single,'sɪŋɡl,,a.单一的；单身的；单程的 n.一个；单打；单程票 v.选出,高中
sink,sɪŋk,,v.下沉；消沉；渗透 n.水槽；洗涤槽；污水坑,高中
sir,sɝ,,n.先生；（用于姓名前）爵士；阁下；（中小学生对男教师的称呼）先生；老师,高中
sister,'sɪstɚ,,n.姐妹；（称志同道合者）姐妹；修女；护士 a.姐妹般的；同类型的,高中
sit,sɪt,,v.坐；位于 n.(Sit)人名；(东南亚国家华语)硕；(罗)西特,高中
situation,",sɪtʃu'eʃən",,n.情况；形势；处境；位置,高中
six,sɪks,,num.六，六个 n.六，六个,高中
sixteen,",sɪks'tin",,a.十六的，十六个的 num.十六,高中
sixteenth,'sɪks'tinθ,,num.第十六；十六分之一 a.第十六的；十六分之一的,高中
sixth,sɪksθ,,n.月的第六日，（与the连用的）第六个；六分之一 a.（与 the 连用）第六的，第六个的；六分之一的,高中
sixty,'sɪksti,,num.六十；六十个,高中
size,saɪz,,n.大小；尺寸 a.一定尺寸的 v.依大小排列,高中
skate,sket,,v.滑冰；滑过 n.溜冰；冰鞋,高中
skateboard,'sket'bɔrd,,n.溜冰板 v.用滑板滑行,高中
ski,ski,,n.滑雪橇 v.滑雪 a.滑雪（用）的,高中
skill,skɪl,,n.技能，技巧；本领，技术,高中
skilled,skɪld,,a.熟练的；有技能的；需要技能的,高中
skillful,'skɪlfəl,,a.熟练的；巧妙的,高中
skillfully,'skɪlfəli,,ad.巧妙地；精巧地,高中
skin,skɪn,,n.皮肤；外皮 v.剥皮,高中
skip,skɪp,,v.跳跃；跳绳；遗漏；跳读 n.跳跃；跳读,高中
skirt,skɝt,,n.裙子 v.绕过，回避；位于…边缘,高中
sky,skaɪ,,n.天空；顶点 v.把…投向空中；把…挂得过高,高中
skyscraper,'skaɪ'skrepɚ,,n.摩天楼，超高层大楼；特别高的东西,高中
slave,sleɪv,,n.奴隶；从动装置 v.苦干；拼命工作,高中
slavery,'slevəri,,n.奴役；奴隶制度；奴隶身份,高中
sleep,slip,,v.睡，睡觉 n.睡眠,高中
sleepy,'slipi,,a.欲睡的；困乏的；不活跃的,高中
sleeve,sliv,,n.[机] 套筒，[机] 套管；袖子，[服装] 袖套 vt.给……装袖子；给……装套筒,高中
slice,slaɪs,,n.薄片；部分；菜刀，火铲 v.切下；把…分成部分；将…切成薄片,高中
slide,slaɪd,,n.滑动；幻灯片；滑梯；雪崩 v.滑动；滑落；不知不觉陷入,高中
slight,slaɪt,,a.轻微的，少量的；脆弱的；细长的；不重要的 v.轻视，忽略；怠慢 n.怠慢；轻蔑,高中
slim,slɪm,,a.苗条的；修长的；微小的；差的 v.使…体重减轻；使…苗条 n.(Slim)人名；(阿拉伯)萨利姆；(英、西)斯利姆,高中
slip,slɪp,,v.滑动；滑倒；犯错；失足；减退 n.滑，滑倒；片，纸片；错误；下跌；事故 a.滑动的；有活结的；活络的 abbr.串行线路接口协议，是旧式的协议（Serial Line Interface Protocol）,高中
slow,sloʊ,,a.慢的；减速的；迟钝的 v.变慢；变萧条 ad.慢慢地；迟缓地 n.(Slow)人名；(英)斯洛,高中
small,smɔl,,a.少的，小的；微弱的；几乎没有的；不重要的；幼小的 ad.小小地；卑鄙地 n.小件物品；矮小的人,高中
smart,smɑrt,,a.聪明的；巧妙的；敏捷的；厉害的；潇洒的；剧烈的；时髦的 n.(Smart)人名；(法)斯马尔；(英、德)斯马特,高中
smell,smɛl,,v.嗅，闻；有…气味 n.气味，嗅觉；臭味,高中
smelly,'smɛli,,a.有臭味的，发臭的,高中
smile,smaɪl,,v.微笑 n.微笑；笑容；喜色,高中
smog,smɑːɡ,,n.烟雾,高中
smoke,smok,,n.烟；抽烟；无常的事物 v.冒烟，吸烟；抽烟；弥漫,高中
smoker,'smokɚ,,n.吸烟者；薰制工,高中
smoking,'smokɪŋ,,n.抽烟；冒气 ad.冒着烟 a.准许吸烟的 v.吸烟；冒烟（smoke的现在分词）,高中
smooth,smʊð,,a.顺利的；光滑的；平稳的 v.使光滑；消除（障碍等）；使优雅；缓和 n.平滑部分；一块平地 ad.光滑地；平稳地；流畅地,高中
snack,snæk,,n.小吃，快餐；一份，部分 v.吃快餐，吃点心,高中
snake,snek,,n.蛇；阴险的人 v.迂回前进,高中
snatch,snætʃ,,n.抢夺；抓举；小量 v.夺得；抽空做；及时救助,高中
sneaker,'snikɚ,,n.运动鞋；卑鄙者；鬼鬼祟祟做事的人,高中
sneeze,sniz,,v.打喷嚏 n.喷嚏,高中
sniff,snɪf,,v.嗅；嗤之以鼻 n.吸，闻；嗤之以鼻；气味；以鼻吸气；吸气声,高中
snow,sno,,n.雪，积雪；下雪 v.降雪,高中
snowball,'snobɔl,,n.雪球 v.掷雪球；滚雪球般增大,高中
snowman,'snomæn,,n.雪人,高中
snowy,'snoɪ,,a.下雪的，多雪的；被雪覆盖的；洁白无瑕的,高中
so,so,,ad.如此，这么；确是如此 conj.所以；因此 pron.这样 n.(So)人名；(柬)索,高中
soap,sop,,n.肥皂 v.将肥皂涂在……上；对……拍马屁（俚语）,高中
sob,sɑb,,v.啜泣，呜咽；（风等）发出呜咽声 n.啜泣，呜咽,高中
soccer,'sɑkɚ,,n.英式足球，足球,高中
social,'soʃl,,a.社会的，社交的；群居的 n.联谊会；联欢会,高中
socialism,'soʃəlɪzəm,,n.社会主义,高中
socialist,'soʃəlɪst,,n.社会主义者；社会党党员 a.社会主义的,高中
society,sə'saɪəti,,n.社会；交往；社团；社交界,高中
sock,sɑk,,n.短袜；一击 v.重击；给……穿袜 ad.正着地；不偏不倚地 a.非常成功的,高中
socket,'sɑkɪt,,n.插座；窝，穴；牙槽 vt.给…配插座,高中
sofa,'sofə,,n.沙发；长椅,高中
soft,sɔft,,a.软的，柔软的；温柔的，温和的；软弱的；笨的 ad.柔软地；温和地 n.柔性；柔软的东西；柔软部分,高中
softball,'sɔftbɔl,,n.垒球；垒球运动,高中
software,'sɔftwɛr,,n.软件,高中
soil,sɔɪl,,n.土地；土壤；国家；粪便；务农；温床 v.弄脏；污辱,高中
solar,'solɚ,,a.太阳的；日光的；利用太阳光的；与太阳相关的 n.日光浴室,高中
soldier,'soldʒɚ,,n.军人；[昆] 兵蚁；懒汉；一片烤面包 v.当兵；磨洋工；坚持干；假称害病,高中
solid,'sɑlɪd,,a.固体的；可靠的；立体的；结实的；一致的 n.固体；立方体,高中
some,səm,,a.一些；某个；大约；相当多的 pron.一些；若干；其中的一部分；（数量不确切时用）有些人 ad.非常；相当；<美>稍微,高中
somebody,'sʌmbədi,,n.大人物；重要人物 pron.有人；某人,高中
someone,'sʌmwʌn,,pron.有人，某人,高中
something,'sʌmθɪŋ,,pron.某事；某物 n.重要的人；值得重视的事 ad.非常；有点；大约 a.大约；有点象,高中
sometimes,'sʌmtaɪmz,,ad.有时，间或,高中
somewhere,'sʌmwɛr,,ad.在某处；到某处 n.某个地方,高中
son,sʌn,,n.儿子；孩子（对年轻人的称呼）；男性后裔,高中
song,sɔŋ,,n.歌曲；歌唱；诗歌；鸣声,高中
soon,sun,,ad.快；不久，一会儿；立刻；宁愿,高中
sorrow,sɑro,,n.悲伤；懊悔；伤心事 v.懊悔；遗憾；感到悲伤,高中
sorry,'sɔri,,a.遗憾的；对不起的，抱歉的 int.对不起，抱歉（表示委婉的拒绝等）,高中
sort,sɔrt,,n.种类；方式；品质 v.分类；协调；交往,高中
soul,sol,,n.灵魂；心灵；精神；鬼魂 a.美国黑人文化的,高中
sound,saʊnd,,v.听（诊）；测量，测…深；使发声；试探；宣告 n.声音，语音；噪音；海峡；吵闹；听力范围；[医] 探条 a.健全的，健康的；合理的；可靠的；有效彻底的 ad.彻底地，充分地,高中
soup,sup,,n.汤，羹；马力 v.加速；增加马力,高中
sour,'saʊɚ,,a.酸的；发酵的；刺耳的；酸臭的；讨厌的 v.发酵；变酸；厌烦 n.酸味；苦事,高中
south,saʊθ,,n.南方，南边；南部 ad.在南方，向南方 a.南的，南方的,高中
southern,'sʌðɚn,,a.南的；南方的 n.南方人,高中
southwest,",saʊθ'wɛst",,n.西南方 a.西南的 ad.往西南；来自西南,高中
souvenirs,"'sʊvə,nɪrz",,n.纪念品；旅游纪念品；回忆,高中
sow,so,,v.播种；散布；使密布 n.母猪,高中
space,spes,,n.空间；太空；距离 v.留间隔,高中
spaceship,'spesʃɪp,,n.[航] 宇宙飞船,高中
spade,sped,,n.铁锹，铲子 v.铲；把……弄实抹平,高中
spaghetti,spə'ɡɛti,,n.意大利式细面条,高中
Spain,spen,,n.西班牙,高中
Spanish,'spænɪʃ,,a.西班牙的；西班牙人的；西班牙语的 n.西班牙语；西班牙人,高中
spare,spɛr,,v.节约，吝惜；饶恕；分出，分让 a.多余的；瘦的；少量的 n.剩余；备用零件,高中
sparrow,'spæro,,n.麻雀；矮小的人,高中
speak,spik,,v.说话；演讲；表明；陈述,高中
speaker,'spikɚ,,n.演讲者；扬声器；说话者；说某种语言的人,高中
spear,spɪr,,n.矛，枪 v.用矛刺,高中
special,'spɛʃl,,n.特使，特派人员；特刊；特色菜；专车；特价商品 a.特别的；专门的，专用的,高中
specialist,'spɛʃəlɪst,,n.专家；专门医师 a.专家的；专业的,高中
speech,spitʃ,,n.演讲；讲话；[语] 语音；演说,高中
speed,spid,,v.超速，加速；加速，迅速前行；兴隆 n.速度，速率；迅速，快速；昌盛，繁荣,高中
spell,spɛl,,v.拼，拼写；意味着；招致；拼成；迷住；轮值 n.符咒；一段时间；魅力,高中
spelling,'spɛlɪŋ,,n.拼写；拼字；拼法 v.拼写；意味着（spell的ing形式）；迷住,高中
spend,spɛnd,,v.度过，消磨（时光）；花费；浪费；用尽 n.预算,高中
spin,spɪn,,v.旋转；纺纱；吐丝；晕眩 n.旋转；疾驰,高中
spirit,'spɪrɪt,,n.精神；心灵；情绪；志气；烈酒 v.鼓励；鼓舞；诱拐,高中
spiritual,'spɪrɪtʃʊəl,,n.圣歌（尤指美国南部黑人的） a.精神的，心灵的,高中
spit,spɪt,,v.吐痰；吐口水；发出劈啪声 n.唾液,高中
splendid,'splɛndɪd,,a.辉煌的；灿烂的；极好的；杰出的,高中
split,splɪt,,v.分离；使分离；劈开；离开；分解 n.劈开；裂缝 a.劈开的,高中
spoken,'spokən,,a.口语的，口头的 v.说（speak的过去分词）,高中
sponsor,'spɑnsɚ,,n.赞助者；主办者；保证人 v.赞助；发起,高中
spoon,spʊn,,n.匙，勺子；一杓的量 v.用匙舀；使成匙状,高中
spoonful,'spʊn'fʊl,,n.一匙；一匙的量,高中
sport,spɔrt,,n.运动；游戏；娱乐；运动会；玩笑 v.游戏 a.运动的,高中
spot,spɑt,,n.地点；斑点 v.认出；弄脏；用灯光照射 a.现场的；现货买卖的 ad.准确地；恰好,高中
spray,spreɪ,,n.喷雾；喷雾器；水沫 v.喷射,高中
spread,sprɛd,,v.传播；伸展 n.传播；伸展 a.伸展的,高中
spring,sprɪŋ,,n.春天；弹簧；泉水；活力；跳跃 a.春天的 v.生长；涌出；跃出；裂开,高中
spy,spaɪ,,v.侦察；发现；暗中监视 n.间谍；密探,高中
square,skwɛr,,a.平方的；正方形的；直角的；正直的 v.使成方形；与…一致 n.平方；广场；正方形 ad.成直角地,高中
squeeze,skwiz,,v.挤；紧握；勒索 n.压榨；紧握；拥挤；佣金,高中
squid,skwɪd,,n.鱿鱼；乌贼；枪乌贼,高中
squirrel,'skwɝrəl,,n.松鼠；松鼠毛皮 v.贮藏,高中
stable,'stebl,,n.马厩；牛棚 a.稳定的；牢固的；坚定的 v.被关在马厩,高中
stadium,'stedɪəm,,n.体育场；露天大型运动场,高中
staff,stæf,,n.职员；参谋；棒；支撑 a.职员的；行政工作的 v.供给人员；给…配备职员,高中
stage,stedʒ,,n.阶段；舞台；戏剧；驿站 v.举行；上演；筹划,高中
stain,sten,,v.沾污；败坏；给…着色 n.污点；瑕疵；着色剂,高中
stainless,ˈsteɪnlɪs,,a.不锈的；纯洁的，未被玷污的；无瑕疵的,高中
stair,stɛr,,n.楼梯，阶梯；梯级,高中
stamp,stæmp,,n.邮票；印记；标志；跺脚 v.铭记；标出；盖章于…；贴邮票于…；用脚踩踏,高中
stand,stænd,,v.站立；位于；停滞 n.站立；立场；看台；停止,高中
standard,'stændɚd,,n.标准；水准；旗；度量衡标准 a.标准的；合规格的；公认为优秀的,高中
stare,stɛr,,v.凝视，盯着看；显眼 n.凝视；注视,高中
start,stɑrt,,v.开始；启动 n.开始；起点,高中
starvation,stɑr'veʃən,,n.饿死；挨饿；绝食,高中
starve,stɑrv,,v.饿死；挨饿；渴望,高中
state,stet,,n.国家；州；情形 v.规定；声明；陈述 a.国家的；州的；正式的,高中
statement,'stetmənt,,n.声明；陈述，叙述；报表，清单,高中
statesman,'stetsmən,,n.政治家；国务活动家,高中
station,ˈsteɪʃən,,n.车站；驻地；地位；身份 v.配置；安置；驻扎,高中
statistics,stə'tɪstɪks,,n.统计；统计学；[统计] 统计资料,高中
statue,'stætʃu,,n.雕像，塑像 vt.以雕像装饰,高中
status,ˈstætəs; ˈstetəs,,n.地位；状态；情形；重要身份,高中
stay,ste,,v.停留；坚持；暂住；停下 n.逗留；停止；支柱,高中
steady,'stɛdi,,a.稳定的；不变的；沉着的 v.稳固 ad.稳定地；稳固地 n.关系固定的情侣；固定支架,高中
steak,stek,,n.牛排；肉排；鱼排,高中
steal,stil,,v.剽窃；偷偷地做；偷窃 n.偷窃；便宜货；偷垒；断球,高中
steam,stim,,v.蒸，散发；用蒸汽处理 n.蒸汽；精力 a.蒸汽的,高中
steel,stil,,n.钢铁；钢制品；坚固 v.钢化；使冷酷 a.钢制的；钢铁业的；坚强的,高中
steep,stip,,a.陡峭的；不合理的；夸大的；急剧升降的 v.泡；浸；使…充满 n.峭壁；浸渍,高中
step,stɛp,,n.步，脚步；步骤；步伐；梯级 v.踏，踩；走,高中
steward,'stuɚd,,n.管家；乘务员；膳务员；工会管事 vi.当服务员；当管事 vt.管理,高中
stewardess,ˈstuərdəs,,n.女管家；女干事；女服务员,高中
stick,stɪk,,v.刺，戳；伸出；粘贴 n.棍；手杖；呆头呆脑的人,高中
still,stɪl,,ad.仍然；更；静止地 a.静止的，不动的；寂静的，平静的；不起泡的 n.寂静；剧照；蒸馏室 conj.仍然；但是；尽管如此 v.蒸馏；使…静止；使…平静下来,高中
stocking,'stɑkɪŋ,,n.长袜,高中
stomach,'stʌmək,,n.胃；腹部；胃口 v.忍受；吃下,高中
stomachache,"'stʌmək,ek",,n.腹痛，肚子痛；胃痛,高中
stone,ston,,n.石头；结石；[宝] 宝石 a.石的，石制的 v.向扔石块；用石头铺,高中
stop,stɑp,,v.停止；堵塞；断绝 n.停止；车站；障碍；逗留,高中
stopwatch,'stɑpwɑtʃ,,n.码表；跑表 vt.用秒表测定时间,高中
storage,'stɔrɪdʒ,,n.存储；仓库；贮藏所,高中
store,stɔr,,n.商店；储备，贮藏；仓库 v.贮藏，储存,高中
storm,stɔrm,,n.暴风雨；大动荡 v.起风暴；横冲直撞；狂怒咆哮,高中
story,'stɔri,,n.故事；小说；新闻报道；来历；假话 vt.用历史故事画装饰 vi.说谎,高中
stout,staʊt,,a.结实的；矮胖的；勇敢的；激烈的 n.矮胖子；烈性啤酒,高中
stove,stov,,n.火炉；窑；温室 vt.用火炉烤,高中
straight,stret,,a.直的；连续的；笔直的；正直的；整齐的；异性恋的 ad.直接地；不断地；立即；坦率地 n.直；直线；直男，直女，异性恋者,高中
straightforward,",stret'fɔrwɚd",,a.简单的；坦率的；明确的；径直的 ad.直截了当地；坦率地,高中
strait,stret,,a.狭窄的；苦恼的 n.海峡；困境,高中
strange,strendʒ,,a.奇怪的；陌生的；外行的 ad.奇怪地；陌生地，冷淡地 n.(Strange)人名；(英)斯特兰奇；(瑞典、塞)斯特朗格,高中
stranger,'strendʒɚ,,n.陌生人；外地人；局外人,高中
straw,strɔ,,n.稻草；吸管；一文不值的东西 a.稻草的；无价值的,高中
strawberry,'strɔbɛri,,n.草莓；草莓色,高中
stream,strim,,n.溪流；流动；潮流；光线 v.流；涌进；飘扬,高中
street,strit,,n.街道 a.街道的,高中
strength,strɛŋθ,,n.力量；力气；兵力；长处,高中
strengthen,'strɛŋθn,,v.加强；巩固,高中
stress,strɛs,,n.压力；强调；紧张；重要性；重读 v.强调；使紧张；加压力于；用重音读,高中
strict,strɪkt,,a.严格的；绝对的；精确的；详细的,高中
strike,straɪk,,v.打，打击；罢工；敲，敲击；抓；打动；穿透 n.罢工；打击；殴打,高中
string,strɪŋ,,n.线，弦，细绳；一串，一行,高中
strong,strɔŋ,,a.坚强的；强壮的；牢固的；擅长的 ad.强劲地；猛烈地 n.(Strong)人名；(英)斯特朗,高中
struggle,'strʌɡl,,v.奋斗，努力；挣扎 n.努力，奋斗；竞争,高中
stubborn,'stʌbɚn,,a.顽固的；顽强的；难处理的,高中
student,'studnt,,n.学生；学者,高中
studio,'studɪo,,n.工作室；[广播][电视] 演播室；画室；电影制片厂,高中
study,'stʌdi,,n.学习，研究；课题；书房；学问 v.学习；考虑；攻读；细察,高中
stupid,'stupɪd,,a.愚蠢的；麻木的；乏味的 n.傻瓜，笨蛋,高中
style,staɪl,,n.风格；时尚；类型；字体 v.设计；称呼；使合潮流,高中
subject,ˈsʌbdʒekt,,n.主题；科目；[语] 主语；国民 a.服从的；易患…的；受制于…的 v.使…隶属；使屈从于…,高中
subjective,səb'dʒɛktɪv,,a.主观的；个人的；自觉的,高中
submit,səb'mɪt,,v.使服从；主张；呈递,高中
subscribe,səb'skraɪb,,v.订阅；捐款；认购；赞成；签署,高中
substitute,'sʌbstɪtut,,n.代用品；代替者 v.替代,高中
subtraction,səb'trækʃən,,n.[数] 减法；减少；差集,高中
succeed,sək'sid,,v.成功；继承；继任；兴旺,高中
success,sək'sɛs,,n.成功，成就；胜利；大获成功的人或事物,高中
successful,sək'sɛsfl,,a.成功的；一帆风顺的,高中
such,sʌtʃ,,a.这样的，如此的 n.(Such)人名；(英)萨奇；(德)祖赫,高中
suck,sʌk,,v.吸吮；吸取 n.吮吸,高中
sudden,'sʌdn,,a.突然的，意外的；快速的 n.突然发生的事,高中
suffer,'sʌfɚ,,v.遭受；忍受；经历 n.(Suffer)人名；(意)苏费尔,高中
suffering,'sʌfərɪŋ,,n.受难；苦楚 a.受苦的；患病的 v.受苦；蒙受（suffer的ing形式）,高中
sugar,'ʃʊgɚ,,n.糖；食糖；甜言蜜语 v.加糖于；粉饰,高中
suggest,sə'dʒɛst,,v.提议，建议；启发；使人想起；显示；暗示,高中
suggestion,sə'dʒɛstʃən,,n.建议；示意；微量，细微的迹象,高中
suit,sut,,v.适合；使适应 n.诉讼；恳求；套装，西装；一套外衣,高中
suitable,'sutəbl,,a.适当的；相配的,高中
suitcase,'sutkes,,n.[轻] 手提箱；衣箱,高中
suite,sut; swit,,n.（一套）家具；套房；组曲；（一批）随员，随从,高中
summary,'sʌməri,,a.简易的；扼要的 n.概要，摘要，总结,高中
sun,sʌn,,n.太阳 v.使晒,高中
sunburnt,"'sʌn,bɝnt",,a.晒黑的；有晒斑的；日炙的 v.晒黑（sunburn的过去式和过去分词）,高中
Sunday,ˈsʌnde; ˈsʌndi,,n.星期日；礼拜日,高中
sunglasses,'sʌnɡlæsɪz,,n.太阳镜；凸透镜（sunglass的复数）,高中
sunlight,'sʌnlaɪt,,n.日光,高中
sunny,'sʌni,,a.阳光充足的，和煦的；快活的；性情开朗的,高中
sunrise,'sʌnraɪz,,n.日出；黎明,高中
sunset,'sʌnsɛt,,n.日落，傍晚,高中
sunshine,'sʌnʃaɪn,,n.阳光；愉快；晴天；快活,高中
super,'sʊpɚ,,a.特级的；极好的 n.特级品，特大号；临时雇员,高中
superb,/suːˈpɜːrb/,,a.极好的；华丽的；宏伟的 n.(Superb)人名；(罗)苏佩尔布,高中
superior,səˈpɪriər,,a.上级的；优秀的，出众的；高傲的 n.上级，长官；优胜者，高手；长者,高中
superman,'supɚmæn,,n.超人，能力非凡的,高中
supermarket,'sʊpɚ'mɑrkɪt,,n.超级市场；自助售货商店,高中
supper,'sʌpɚ,,n.晚餐，晚饭；夜宵,高中
supply,sə'plaɪ,,n.供给，补给；供应品 v.供给，提供；补充,高中
support,sə'pɔrt,,v.支持，支撑，支援；扶持，帮助；赡养，供养 n.支持，维持；支援，供养；支持者，支撑物,高中
suppose,sə'poz,,v.假设；认为；让（虚拟语气）；推想 conj.假使…结果会怎样,高中
supreme,suˈprim,,a.最高的；至高的；最重要的 n.至高；霸权,高中
sure,ʃʊər; ʃʊr,,a.确信的；可靠的；必定的 ad.当然；的确 n.(Sure)人名；(英)休尔,高中
surface,'sɝfɪs,,n.表面；表层；外观 a.表面的，肤浅的 v.浮出水面,高中
surgeon,'sɝdʒən,,n.外科医生,高中
surplus,'sɝpləs,,n.剩余；[贸易] 顺差；盈余；过剩 a.剩余的；过剩的,高中
surprise,sɚ'praɪz,,n.惊奇，诧异；突然袭击 v.使惊奇；奇袭 a.令人惊讶的,高中
surround,sə'raʊnd,,v.围绕；包围 n.围绕物 a.环绕立体声的,高中
surrounding,sə'raʊndɪŋ,,a.周围的，附近的 n.环境，周围的事物,高中
survival,sɚ'vaɪvl,,n.幸存，残存；幸存者，残存物,高中
survive,sɚ'vaɪv,,v.幸存；生还；幸免于；比活得长,高中
suspect,sʌspɛkt; (for v.) səˈspɛkt,,n.嫌疑犯 a.可疑的；不可信的 v.怀疑；猜想,高中
suspension,sə'spɛnʃən,,n.悬浮；暂停；停职,高中
swallow,'swɑlo,,v.忍受；吞没 n.燕子；一次吞咽的量,高中
swap,swɑp,,n.交换；交换之物 v.与交换；以作交换,高中
swear,swɛr,,v.发誓；咒骂 n.宣誓；诅咒,高中
sweat,swɛt,,v.使出汗；流出；使干苦活；剥削；藉出汗减轻；焦急地期待 n.汗；水珠；焦急；苦差使,高中
sweater,'swɛtɚ,,n.毛线衣，运动衫；大量出汗的人，发汗剂,高中
sweep,swip,,v.扫除；猛拉；掸去 n.打扫，扫除；范围；全胜,高中
sweet,swit,,a.甜的；悦耳的；芳香的；亲切的 n.糖果；乐趣；芳香；宝贝,高中
swell,swɛl,,v.膨胀；肿胀；隆起 n.肿胀；隆起 a.漂亮的；一流的,高中
swift,swɪft,,n.褐雨燕 a.快的；迅速的；敏捷的；立刻的 ad.迅速地,高中
swim,swɪm,,v.游泳；漂浮；浸；眩晕 n.游泳；漂浮；眩晕 a.游泳时穿戴的,高中
swimming,'swɪmɪŋ,,n.游泳；目眩 a.游泳的；游泳用的；善于游泳的；晕眩的 v.游泳；漂浮；旋转（swim的ing形式）,高中
swing,swɪŋ,,n.摇摆；摆动；秋千；音律；涨落 v.摇摆；转向；悬挂；大摇大摆地行走 a.旋转的；悬挂的；强节奏爵士音乐的,高中
Swiss,swɪs,,a.瑞士的；瑞士人的；瑞士风格的 n.瑞士人；瑞士腔调,高中
switch,swɪtʃ,,v.转换；用鞭子等抽打 n.开关；转换；鞭子,高中
Switzerland,'swɪtsələnd,,n.瑞士（欧洲国家）,高中
sword,sɔːrd,,n.刀，剑；武力，战争,高中
symbol,'sɪmbl,,n.象征；符号；标志,高中
sympathy,'sɪmpəθi,,n.同情；慰问；赞同,高中
symphony,'sɪmfəni,,n.交响乐；谐声，和声,高中
system,'sɪstəm,,n.制度，体制；系统；方法,高中
systematic,'sɪstə'mætɪk,,a.系统的；体系的；有系统的；[图情] 分类的；一贯的，惯常的,高中
table,'tebl,,n.桌子；表格；平地层 v.制表；搁置；嵌合 a.桌子的,高中
tablet,'tæblət,,n.碑；药片；写字板；小块；平板电脑 vt.用碑牌纪念；将(备忘录等)写在板上；将…制成小片或小块,高中
tail,tel,,n.尾巴；踪迹；辫子；燕尾服 v.尾随；装上尾巴 a.从后面而来的；尾部的,高中
tailor,'telɚ,,v.剪裁；使合适 n.裁缝,高中
take,tek,,v.拿，取；采取；接受（礼物等）；买，花费；耗费（时间等） n.捕获量；看法；利益，盈益；（入场券的）售得金额,高中
tale,tel,,n.故事；传说；叙述；流言蜚语,高中
talent,'tælənt,,n.才能；天才；天资,高中
talk,tɔk,,v.说；谈话；讨论 n.谈话；演讲；空谈,高中
tall,tɔl,,a.高的；长的；过分的；夸大的 ad.夸大地 n.(Tall)人名；(马里、阿拉伯)塔勒；(芬、罗、瑞典)塔尔；(英)托尔；(土)塔勒,高中
tank,tæŋk,,n.坦克；水槽；池塘 v.把…贮放在柜内；打败,高中
tanker,'tæŋkɚ,,n.油轮；运油飞机；油槽车；坦克手,高中
tap,tæp,,v.轻敲；轻打；装上嘴子 n.水龙头；轻打,高中
tape,tep,,n.胶带；磁带；带子；卷尺 v.录音；用带子捆扎；用胶布把…封住,高中
target,'tɑrɡɪt,,n.目标；靶子 v.把……作为目标；规定……的指标；瞄准某物,高中
task,tæsk,,v.分派任务 n.工作，作业；任务,高中
taste,test,,n.味道；品味；审美 v.尝；体验,高中
tasteless,'testləs,,a.无味的；无鉴赏力的,高中
tasty,'testi,,a.美味的；高雅的；有趣的 n.可口的东西；引人入胜的东西,高中
tax,tæks,,v.向…课税；使负重担 n.税金；重负,高中
taxi,'tæksi,,v.乘出租车；滑行 n.出租汽车,高中
tea,ti,,n.茶叶；茶树；茶点 vt.给…沏茶 vi.喝茶；进茶点,高中
teach,titʃ,,v.教；教授；教导 n.(Teach)人名；(英)蒂奇,高中
teacher,'titʃɚ,,n.教师；导师,高中
team,tim,,n.队；组 v.使合作,高中
teamwork,'timwɝk,,n.团队合作；协力,高中
teapot,'ti'pɑt,,n.茶壶,高中
tease,tiz,,v.取笑；戏弄；梳理；欺负；强求；使起毛 n.戏弄；爱纠缠的小孩；挑逗者；卖弄风骚的女孩,高中
technical,'tɛknɪkl,,a.工艺的，科技的；技术上的；专门的,高中
technique,tɛk'nik,,n.技巧，技术；手法,高中
technology,tɛk'nɑlədʒi,,n.技术；工艺；术语,高中
teenager,'tinedʒɚ,,n.十几岁的青少年；十三岁到十九岁的少年,高中
telegram,'tɛlɪɡræm,,n.电报 vt.用电报发送 vi.发电报,高中
telegraph,'tɛlɪɡræf,,n.[通信] 电报机，电报 v.电汇；流露出；打电报给…,高中
telephone,'tɛlə'fon,,n.（美）电话；电话机；电话耳机 v.打电话,高中
telescope,'tɛlɪskop,,v.压缩；使套叠 n.望远镜；缩叠式旅行袋,高中
television,'tɛlɪvɪʒn,,n.电视，电视机；电视业,高中
tell,tel,,v.告诉，说；辨别；吩咐；断定 n.(Tell)人名；(英、德、瑞典)特尔；(罗、意)泰尔；(阿拉伯)塔勒,高中
temperature,'tɛmprətʃɚ,,n.温度；体温；气温；发烧,高中
temple,'tɛmpl,,n.庙宇；寺院；神殿；太阳穴,高中
temporary,'tɛmpə'rɛri,,a.暂时的，临时的 n.临时工，临时雇员,高中
temptation,tɛmp'teʃən,,n.引诱；诱惑物,高中
ten,tɛn,,num.十个，十 n.(Ten)人名；(英)坦恩；(意)泰恩；(柬)登,高中
tend,tɛnd,,v.趋向，倾向；照料，照顾,高中
tendency,'tɛndənsi,,n.倾向，趋势；癖好,高中
tense,tɛns,,a.紧张的；拉紧的 v.变得紧张；使拉紧 n.时态,高中
tension,'tɛnʃən,,n.张力，拉力；紧张，不安；电压 vt.使紧张；使拉紧,高中
tent,tɛnt,,n.帐篷；住处；帷幕 v.用帐篷遮盖；使在帐篷里住宿,高中
tentative,'tɛntətɪv,,a.试验性的，暂定的；踌躇的 n.假设，试验,高中
term,tɝm,,n.术语；学期；期限；条款；(代数式等的)项 v.把…叫做,高中
terminal,ˈtɜːrmɪnl,,n.末端；终点；终端机；极限 a.末端的；终点的；晚期的,高中
terrible,'tɛrəbl,,a.可怕的；很糟的；令人讨厌的 ad.很，非常,高中
terrify,ˈtɛrəˌfaɪ,,v.恐吓；使恐怖；使害怕,高中
terror,'tɛrɚ,,n.恐怖；恐怖行动；恐怖时期；可怕的人,高中
test,tɛst,,n.试验；检验 v.试验；测试,高中
text,tɛkst,,n.[计] 文本；课文；主题 v.发短信,高中
textbook,'tɛkstbʊk,,n.教科书，课本,高中
than,ðæn,,conj.比（用于形容词、副词的比较级之后）；除…外（用于other等之后）；与其…（用于 rather等之后）；一…就（用于 no sooner等之后） prep.比；超过 n.(Than)人名；(老、柬、德)坦；(缅)丹,高中
thank,θæŋk,,v.感谢 n.感谢 int.谢谢,高中
thankful,'θæŋkfl,,a.感谢的；欣慰的,高中
that,ðæt,,pron.那；那个 ad.那么；那样 conj.因为；以至于 a.那；那个 n.(That)人名；(德)塔特,高中
the,ðə,,art.这；那 ad.更加（用于比较级，最高级前）,高中
theatre,ˈθiətər,,n.电影院，戏院；戏剧；阶梯式讲堂,高中
theft,θɛft,,n.盗窃；偷；赃物,高中
their,ðɛr,,pron.他们的，她们的；它们的 n.(Their)人名；(英)蒂尔；(芬、瑞典)泰尔,高中
theirs,ðɛrz,,pron.他们的；她们的；它们的,高中
them,ðɛm; ðəm,,pron.他们；它们；她们 n.(Them)人名；(老)探,高中
theme,θim,,n.主题；主旋律；题目 a.以奇想主题布置的,高中
themselves,ðɛm'sɛlvz,,pron.他们自己；他们亲自,高中
then,ðɛn,,ad.然后；那么；于是；当时；此外 n.那时 conj.然后，当时,高中
theoretical,",θiə'rɛtɪkəl",,a.理论的；理论上的；假设的；推理的,高中
theory,'θiəri,,n.理论；原理；学说；推测,高中
there,ðɛr,,ad.在那里；在那边；在那点上 int.你瞧 n.那个地方,高中
therefore,'ðɛrfɔr,,ad.因此；所以,高中
thermos,'θɝməs,,n.热水瓶,高中
these,ðiz; ðɪs,,pron.这些 a.这些的,高中
they,ðe,,pron.他们；它们；她们,高中
thick,θɪk,,n.最拥挤部分；活动最多部分；事物的粗大浓密部分 a.厚的；浓的；粗大的 ad.密集地；浓浓地，厚厚地,高中
thief,θif,,n.小偷，贼,高中
thin,θɪn,,a.薄的；瘦的；稀薄的；微弱的 v.使瘦；使淡；使稀疏 ad.稀疏地；微弱地 n.细小部分,高中
thing,θɪŋ,,n.事情；东西；事物；情况,高中
think,θɪŋk,,v.想；认为；想起；想像；打算 n.想；想法 a.思想的,高中
thinking,'θɪŋkɪŋ,,a.思考的；思想的；有理性的；好思考的 n.思考；思想；想法；意见；见解 v.思考（think的现在分词）,高中
third,θɝd,,num.第三；三分之一 a.第三的；三分之一的,高中
thirst,θɝst,,n.渴望；口渴；热望 v.渴望；口渴,高中
thirsty,'θɝsti,,a.口渴的，口干的；渴望的，热望的,高中
thirteen,'θɝ'tin,,n.十三；十三岁；十三个 num.十三 a.十三的；十三个的,高中
thirty,'θɝti,,n.三十年代 num.三十 a.三十个的,高中
this,ðɪs,,pron.这；这个；这里 a.这；本；这个；今 ad.这样地；这么 n.(This)人名；(法)蒂斯,高中
thorough,ˈθʌrəʊ; θʌro,,a.彻底的；十分的；周密的,高中
those,ðoz,,a.那些的 pron.那些（that的复数）,高中
though,ðo,,ad.可是，虽然；不过；然而 conj.虽然；尽管 prep.但,高中
thought,θɔt,,n.思想；思考；想法；关心 v.想，思考；认为（think的过去式和过去分词）,高中
thousand,'θaʊznd,,n.一千；一千个；许许多多 a.成千的；无数的,高中
thread,θrɛd,,n.线；螺纹；思路；衣服；线状物；玻璃纤维；路线 v.穿过；穿线于；使交织,高中
three,θri,,n.三，三个 num.三 a.三的，三个的,高中
thrill,θrɪl,,n.激动；震颤；紧张 v.使…颤动；使…紧张；使…感到兴奋或激动,高中
thriller,'θrɪlɚ,,n.惊险小说；使人毛骨悚然的东西；使人毛骨悚然的小说,高中
throat,θrot,,n.喉咙；嗓子，嗓音；窄路 vt.开沟于；用喉音说,高中
through,θru,,prep.通过；穿过；凭借 ad.彻底；从头至尾 a.直达的；过境的；完结的,高中
throughout,θrʊ'aʊt,,ad.自始至终，到处；全部 prep.贯穿，遍及,高中
throw,θro,,v.投；抛；掷 n.投掷；冒险,高中
thunder,'θʌndɚ,,n.雷；轰隆声；恐吓 v.打雷；怒喝,高中
thunderstorm,'θʌndɚstɔrm,,n.[气象] 雷暴；雷暴雨；大雷雨,高中
Thursday,ˈθɝzde; ˈθɝzdɪ,,n.星期四,高中
thus,ðʌs,,ad.因此；从而；这样；如此 conj.因此 n.乳香,高中
Tibet,tɪ'bɛt,,n.西藏（中国一自治区）,高中
Tibetan,ti'betən,,a.西藏的；藏族的 n.藏语；西藏人,高中
tick,tɪk,,v.标记号于；滴答地记录 n.滴答声；扁虱；记号；赊欠,高中
ticket,'tɪkɪt,,n.票；入场券，标签；（美）候选人名单；证明书；交通罚款单 v.加标签于；指派；对…开出交通违规罚单,高中
tidy,'taɪdi,,a.整齐的；相当大的 v.整理；收拾；弄整齐 n.椅子的背罩,高中
tie,taɪ,,v.系；约束；打结；与…成平局 n.领带；平局；鞋带；领结；不分胜负,高中
tiger,'taɪɡɚ,,n.老虎；凶暴的人,高中
tight,taɪt,,a.紧的；密封的；绷紧的；麻烦的；严厉的；没空的；吝啬的 ad.紧紧地；彻底地 n.(Tight)人名；(英)泰特,高中
till,tɪl,,n.[地理][水文] 冰碛；放钱的抽屉；备用现金 prep.直到 conj.直到为止 v.耕种；犁,高中
time,taɪm,,n.时间；时代；次数；节拍；倍数 v.计时；测定…的时间；安排…的速度 a.定时的；定期的；分期的,高中
timetable,'taɪm'tebl,,n.时间表；时刻表；课程表,高中
tin,tɪn,,n.锡；罐头，罐；马口铁 a.锡制的 v.涂锡于；给…包马口铁,高中
tiny,'taɪni,,a.微小的；很少的 n.(Tiny)人名；(葡、印)蒂尼,高中
tip,tɪp,,v.给小费；翻倒；倾覆 n.小费；尖端；小建议，小窍门；轻拍,高中
tire,'taɪɚ,,v.疲劳；厌倦 n.轮胎；头饰,高中
tired,'taɪɚd,,a.疲倦的；厌倦的，厌烦的 v.疲倦；对…腻烦（tire的过去分词形式）,高中
tiresome,'taɪɚsəm,,a.烦人的，无聊的；令人讨厌的,高中
tissue,'tɪʃu,,n.组织；纸巾；薄纱；一套 v.饰以薄纱；用化妆纸揩去,高中
title,'taɪtl,,n.冠军；标题；头衔；权利；字幕 v.加标题于；赋予头衔；把…称为 a.冠军的；标题的；头衔的,高中
to,tə;tu;tuː,,ad.向前；（门等）关上 prep.到；向；（表示时间、方向）朝…方向 n.(To)人名；(柬)多；(中)脱(普通话·威妥玛),高中
toast,tost,,n.干杯；烤面包；接受敬酒的人；（在某领域）广受赞誉的人 v.向…祝酒，为…干杯,高中
tobacco,tə'bæko,,n.烟草，烟叶；烟草制品；抽烟,高中
today,tə'de,,ad.今天；现今 n.今天；现今,高中
together,tə'ɡɛðɚ,,ad.一起；同时；相互；连续地；总共 a.新潮的；情绪稳定的，做事有效率的,高中
toilet,'tɔɪlət,,n.厕所，盥洗室；梳妆，打扮 vi.梳妆，打扮 vt.给…梳妆打扮,高中
Tokyo,'tokjo,,n.东京（日本首都）,高中
tolerate,'tɑləret,,v.忍受；默许；宽恕,高中
tomato,tə'meto,,n.番茄，西红柿,高中
tomb,tum,,n.坟墓；死亡 vt.埋葬,高中
tomorrow,tə'mɔro,,n.明天；未来 ad.明天；未来地（等于to-morrow）,高中
ton,tʌn,,n.吨；很多，大量,高中
tongue,tʌŋ,,n.舌头；语言 v.舔；斥责；用舌吹,高中
tonight,tə'naɪt,,ad.在今晚 n.今晚,高中
too,tu,,ad.太；也；很；还；非常；过度,高中
tool,tul,,n.工具，用具；器械，机床；手段 v.使用工具；用机床装备工厂,高中
tooth,tuθ,,n.牙齿 vt.给……装齿 vi.啮合,高中
toothache,'tuθek,,n.[口腔] 牙痛,高中
toothbrush,'tuθbrʌʃ,,n.牙刷,高中
toothpaste,'tuθpest,,n.牙膏,高中
top,tɑp,,n.顶部，顶端；上部；首席；陀螺 v.高出，超越；结束；达到顶点 a.最高的，顶上的；头等的,高中
topic,'tɑpɪk,,n.主题（等于theme）；题目；一般规则；总论,高中
tortoise,ˈtɔrtəs,,n.龟，[脊椎] 乌龟（等于testudo）；迟缓的人,高中
total,'totl,,a.全部的；完全的；整个的 v.总数达 n.总数，合计,高中
totally,'totəli,,ad.完全地,高中
touch,tʌtʃ,,v.接触；触动；使轻度受害 n.接触；触觉；格调；少许,高中
tough,tʌf,,a.艰苦的，困难的；坚强的，不屈不挠的；坚韧的，牢固的；强壮的，结实的 n.恶棍 v.坚持；忍受，忍耐 ad.强硬地，顽强地,高中
tourism,'tʊrɪzəm,,n.旅游业；游览,高中
tourist,'tʊrɪst,,n.旅行者，观光客 a.旅游的 vt.在旅行参观 vi.旅游；观光 ad.坐旅游车厢；坐经济舱,高中
tournament,'tɔnəmənt,,n.锦标赛，联赛；比赛,高中
toward,tɔrd; təˈwɔrd,,prep.向；对于；为了；接近 a.即将来到的，进行中的 n.(Toward)人名；(英)特沃德,高中
towel,'taʊəl,,n.毛巾，手巾；[纸] 纸巾 v.用毛巾擦,高中
tower,'taʊɚ,,n.塔；高楼；堡垒 v.高耸；超越,高中
town,taʊn,,n.城镇，市镇；市内商业区,高中
toy,tɔɪ,,n.玩具；小装饰品；不值钱的东西 v.玩弄；调情；随随便便地对待 a.作为玩具的；玩物似的,高中
track,træk,,n.轨道；足迹，踪迹；小道 v.追踪；通过；循路而行；用纤拉,高中
tractor,'træktɚ,,n.拖拉机；牵引机,高中
trade,tred,,n.贸易，交易；行业；职业 v.交易，买卖；以物易物,高中
tradition,trə'dɪʃən,,n.惯例，传统；传说,高中
traditional,trə'dɪʃənl,,a.传统的；惯例的,高中
traffic,'træfɪk,,n.交通；运输；贸易；[通信] 通信量 v.用…作交换；在…通行,高中
train,tren,,n.火车；行列；长队；裙裾 v.培养；训练；瞄准,高中
trainer,'trenɚ,,n.助理教练；训练员；驯马师；飞行练习器；运动鞋,高中
training,'trenɪŋ,,n.训练；培养；瞄准；整枝 v.训练；教养（train的ing形式）,高中
tram,træm,,n.电车轨道；煤车 v.用煤车运载,高中
transform,træns'fɔrm,,v.改变，使…变形；转换,高中
translate,træns'let,,v.翻译；转化；解释；转变为；调动,高中
translation,træns'leʃən,,n.翻译；译文；转化；调任,高中
translator,træns'letɚ,,n.译者；翻译器,高中
transparent,træns'pærənt,,a.透明的；显然的；坦率的；易懂的,高中
transport,'trænspɔrt,,n.运输；运输机；狂喜；流放犯 v.运输；流放；使狂喜,高中
trap,træp,,v.诱捕；使…受限制；使…陷入困境 n.陷阱；圈套；[建] 存水湾,高中
traveler,'trævlɚ,,n.旅行者；旅客；旅行推销员（等于traveller）,高中
treasure,'trɛʒɚ,,n.财富，财产；财宝；珍品 v.珍爱；珍藏,高中
treat,trit,,v.治疗；对待；探讨；视为 n.请客；款待,高中
treatment,'tritmənt,,n.治疗，疗法；处理；对待,高中
tree,tri,,n.树；木料；树状物 v.把赶上树,高中
tremble,'trɛmbl,,v.发抖；战栗；焦虑；摇晃 n.颤抖；战栗；摇晃,高中
trend,trɛnd,,n.趋势，倾向；走向 v.趋向，伸向,高中
trial,'traɪəl,,n.试验；审讯；努力；磨炼 a.试验的；审讯的,高中
triangle,'traɪæŋɡl,,n.三角（形）；三角关系；三角形之物；三人一组,高中
trick,trɪk,,n.诡计；恶作剧；窍门；花招；骗局；欺诈 v.欺骗；哄骗；装饰；打扮 a.特技的；欺诈的；有决窍的,高中
trip,trɪp,,v.绊倒；远足；犯错误；轻快地走 n.旅行；绊倒；差错,高中
troop,trʊp,,n.军队；组；群；多数 v.群集；成群而行；结队,高中
trouble,'trʌbl,,n.麻烦；烦恼；故障；动乱 v.麻烦；使烦恼；折磨,高中
troublesome,'trʌblsəm,,a.麻烦的；讨厌的；使人苦恼的,高中
trousers,'traʊzɚz,,n.裤子，长裤,高中
truck,trʌk,,n.卡车；交易；手推车 v.驾驶卡车；以物易物 a.（美）运货汽车的,高中
TRUE,tru,,a.真实的；正确的 ad.真实地；准确地 n.真实；准确 v.装准,高中
truly,ˈtruːli,,ad.真实地，不假；真诚地 n.(Truly)人名；(英)特鲁利,高中
trunk,trʌŋk,,n.树干；躯干；象鼻；汽车车尾的行李箱 vt.把…放入旅行箱内 a.干线的；躯干的；箱子的,高中
trust,trʌst,,n.信任，信赖；责任；托拉斯 v.信任，信赖；盼望；赊卖给,高中
truth,trʊθ,,n.真理；事实；诚实；实质,高中
try,traɪ,,v.试图，努力；试验；审判；考验 n.尝试；努力；试验,高中
tube,tub,,n.管；电子管；隧道；电视机 v.使成管状；把…装管；用管输送,高中
Tuesday,"ˈtuzdi, -ˌde, ˈtjuz-",,n.星期二,高中
tune,tun,,n.曲调；和谐；心情 v.调整；使一致；为…调音,高中
turkey,'tɝki,,n.火鸡；笨蛋；失败之作,高中
turn,tɝn,,v.转动，使旋转；转弯；翻过来；兑换 n.转弯；变化；(损害或有益于别人的)行为，举动，举止,高中
turning,'tɝnɪŋ,,n.转向；旋转；回转；转弯处 v.旋转（turn的ing形式）,高中
tutor,'tʊtɚ,,v.辅导；约束 n.导师；家庭教师；助教,高中
TV,ˌti vi,,abbr.电视（television）,高中
twelfth,twɛlfθ,,a.第十二的，第十二个的；十二分之一的 n.第十二；月的第十二日,高中
twelve,twɛlv,,n.十二；十二个 num.十二；十二个 a.十二的；十二个的,高中
twentieth,ˈtwentiəθ,,n.二十分之一 a.第二十的；二十分之一的 num.第二十,高中
twenty,'twɛnti,,n.二十；二十年代 num.二十 a.二十的,高中
twice,twaɪs,,ad.两次；两倍,高中
twin,twɪn,,v.使成对 n.双胞胎中一人 a.双胞胎的,高中
twist,twɪst,,v.捻；拧；扭伤；编织；使苦恼 n.扭曲；拧；扭伤,高中
two,tu,,n.两个 a.两个的 num.二,高中
type,taɪp,,n.类型，品种；模范；样式 v.打字；测定（血等）类型,高中
typewriter,'taɪpraɪtɚ,,n.打字机,高中
typhoon,taɪ'fʊn,,n.[气象] 台风,高中
typical,'tɪpɪkl,,a.典型的；特有的；象征性的,高中
typist,'taɪpɪst,,n.打字员，打字者,高中
tyre,'taɪɚ,,vt.装轮胎于 n.[橡胶] 轮胎；轮箍,高中
ugly,'ʌɡli,,a.丑陋的；邪恶的；令人厌恶的,高中
UK,ju: 'kei,,abbr.联合王国（United Kingdom） n.英国,高中
umbrella,ʌm'brɛlə,,n.雨伞；保护伞；庇护；伞形结构,高中
UN,ʌn; ən,,abbr.联合国（United Nations）；硝酸铀铣（Uranyl Nitrate）,高中
unable,ʌn'ebl,,a.不会的，不能的；[劳经] 无能力的；不能胜任的,高中
unbearable,ʌn'bɛrəbl,,a.难以忍受的；承受不住的,高中
uncertain,ʌn'sɝtn,,a.无常的；含糊的；靠不住的；迟疑不决的,高中
uncle,'ʌŋkl,,n.叔叔；伯父；伯伯；舅父；姨丈；姑父,高中
uncomfortable,ʌn'kʌmftəbl,,a.不舒服的；不安的,高中
unconditional,",ʌnkən'dɪʃənl",,a.无条件的；绝对的；无限制的,高中
unconscious,ʌn'kɑnʃəs,,a.无意识的；失去知觉的；不省人事的；未发觉的,高中
under,'ʌndɚ,,prep.低于，少于；在之下 ad.在下面；在下方 a.下面的；从属的,高中
underground,ʌndɚˈɡraʊnd,,ad.在地下；秘密地 a.地下的；秘密的；先锋派的 n.地下；地铁；地道；地下组织；秘密活动；先锋派团体,高中
underline,'ʌndəlaɪn,,v.强调；在…下面划线；预告 n.下划线；下期节目预告,高中
understand,'ʌndɚ'stænd,,v.理解；懂；获悉；推断；省略,高中
understanding,",ʌndɚ'stændɪŋ",,n.谅解，理解；理解力；协议 a.了解的；聪明的；有理解力的 v.理解；明白（understand的ing形式）,高中
undertake,",ʌndɚ'tek",,v.承担，保证；从事；同意；试图,高中
underwear,'ʌndɚwɛr,,n.内衣物,高中
undivided,",ʌndɪ'vaɪdɪd",,a.专心的；专一的；未分开的；完整的 v.未分开（undivide的过去式和过去分词）,高中
undo,ʌn'du,,v.取消；解开；破坏；扰乱,高中
unemployment,",ʌnɪm'plɔɪmənt",,n.失业；失业率；失业人数,高中
unfair,'ʌn'fɛr,,a.不公平的，不公正的,高中
unfit,ʌn'fɪt,,a.不适宜的；不合格的；不健康的 v.使不合格；使不相宜；使不胜任,高中
unfold,ʌn'fold,,v.打开；呈现,高中
unfortunate,ʌn'fɔrtʃənət,,a.不幸的；令人遗憾的；不成功的,高中
unfortunately,ʌn'fɔrtʃənətli,,ad.不幸地,高中
unhappy,ʌn'hæpi,,a.不快乐的；不幸福的；不适当的,高中
unhealthy,ʌn'hɛlθi,,a.不健康的；危险的；有害身心健康的,高中
uniform,'junɪfɔrm,,a.统一的；一致的；相同的；均衡的；始终如一的 n.制服 v.使穿制服；使成一样,高中
unimportant,'ʌnɪm'pɔrtnt,,a.不重要的；琐碎的,高中
union,'junɪən,,n.联盟，协会；工会；联合,高中
unique,jʊ'nik,,a.独特的，稀罕的；[数] 唯一的，独一无二的 n.独一无二的人或物,高中
unit,'junɪt,,n.单位，单元；装置；[军] 部队；部件,高中
unite,ju'naɪt,,v.使…混合；使…联合；使…团结,高中
universal,'jʊnə'vɝsl,,a.普遍的；通用的；宇宙的；全世界的；全体的 n.一般概念；普通性,高中
universe,'junɪvɝs,,n.宇宙；世界；领域,高中
university,",junɪ'vɝsəti",,n.大学；综合性大学；大学校舍,高中
unknown,",ʌn'non",,a.未知的；陌生的，默默无闻的 n.未知数；未知的事物，默默无闻的人,高中
unless,ən'lɛs,,conj.除非，如果不 prep.除…之外,高中
unlike,'ʌn'laɪk,,a.不同的，不相似的 prep.和…不同，不像,高中
unmarried,",ʌn'mærɪd",,a.[法] 未婚的；单身的；独身的 v.离婚（unmarry的过去分词）,高中
unpleasant,ʌn'plɛznt,,a.讨厌的；使人不愉快的,高中
unrest,ʌn'rɛst,,n.不安；动荡的局面；不安的状态,高中
unsafe,ʌn'sef,,a.不安全的；危险的；不安稳的,高中
unsuccessful,",ʌnsək'sɛsfl",,a.不成功的；失败的,高中
until,ən'tɪl,,conj.在…以前；直到…时 prep.在…以前；到…为止,高中
untrue,ʌn'tru,,a.不真实的；不合标准的；不忠实的；不正当的,高中
unusual,ʌn'jʊʒʊəl,,a.不寻常的；与众不同的；不平常的,高中
unwilling,ʌn'wɪlɪŋ,,a.不愿意的；不情愿的；勉强的,高中
up,ʌp,,ad.起来；上涨；向上 prep.在…之上；向…的较高处 a.涨的；起床的；向上的 n.上升；繁荣,高中
upper,'ʌpɚ,,a.上面的，上部的；较高的 n.(Upper)人名；(英)厄珀,高中
upset,ʌp'sɛt,,v.使心烦；颠覆；扰乱 a.心烦的；混乱的；弄翻的 n.混乱；翻倒；颠覆,高中
upstairs,",ʌp'stɛrz",,ad.在楼上，向楼上；上楼；往楼上 a.楼上的 n.楼上,高中
upward,'ʌpwɚd,,a.向上的；上升的 ad.向上,高中
urban,'ɝbən,,a.城市的；住在都市的 n.(Urban)人名；(西)乌尔万；(斯洛伐)乌尔班；(德、俄、罗、匈、塞、波、捷、瑞典、意)乌尔班；(英)厄本；(法)于尔邦,高中
urge,ɝdʒ,,v.力劝，催促；驱策，推进 n.强烈的欲望，迫切要求；推动力,高中
urgent,'ɝdʒənt,,a.紧急的；急迫的,高中
use,juz,,n.使用；用途；发挥 v.利用；耗费,高中
used,juzd,,a.习惯的；二手的，使用过的 v.用（use的过去式）；（used to）过去常做,高中
useful,'jusfl,,a.有用的，有益的；有帮助的,高中
useless,'jusləs,,a.无用的；无效的,高中
user,'juzɚ,,n.用户,高中
usual,'juʒuəl,,a.通常的，惯例的；平常的,高中
usually,ˈjuːʒʊəlɪ,,ad.通常，经常,高中
vacant,'vekənt,,a.空虚的；空的；空缺的；空闲的；茫然的 n.(Vacant)人名；(法)瓦康,高中
vacation,vəˈkeɪʃn; veɪ-,,n.假期；（房屋）搬出 v.休假，度假,高中
vague,veɡ,,a.模糊的；含糊的；不明确的；暧昧的 n.(Vague)人名；(法)瓦格；(英)韦格,高中
vain,ven,,a.徒劳的；自负的；无结果的；无用的,高中
valid,'vælɪd,,a.有效的；有根据的；合法的；正当的,高中
valley,'væli,,n.山谷；流域；溪谷,高中
valuable,ˈvæljuəbəl; ˈvæljə-,,a.有价值的；贵重的；可估价的 n.贵重物品,高中
value,'vælju,,n.值；价值；价格；重要性；确切涵义 v.评价；重视；估价,高中
vanilla,və'nɪlə,,n.香子兰，香草 a.香草味的,高中
variety,və'raɪəti,,n.多样；种类；杂耍；变化，多样化,高中
various,'vɛrɪəs,,a.各种各样的；多方面的,高中
vase,veɪs; veɪz,,n.瓶；花瓶,高中
vast,væst,,a.广阔的；巨大的；大量的；巨额的 n.浩瀚；广阔无垠的空间,高中
veal,vil,,n.小牛（等于vealer）；小牛肉,高中
vegetable,ˈvɛdʒtəbəl; ˈvɛdʒətəbəl,,n.蔬菜；植物；植物人 a.蔬菜的；植物的,高中
vehicle,'viːɪkl,,n.[车辆] 车辆；工具；交通工具；运载工具；传播媒介；媒介物,高中
version,'vɝʒn,,n.版本；译文；倒转术,高中
vertical,'vɝtɪkl,,a.垂直的，直立的；[解剖] 头顶的，顶点的 n.垂直线，垂直面,高中
very,'vɛri,,a.恰好是，正是；甚至；十足的；特有的 ad.非常，很；完全 n.(Very)人名；(英)维里,高中
vest,vest,,n.背心；汗衫 v.授予；使穿衣,高中
via,"ˈvaɪə, ˈviə",,prep.渠道，通过；经由,高中
vice,vaɪs,,n.恶习；缺点；[机] 老虎钳；卖淫 prep.代替 vt.钳住 a.副的；代替的,高中
victim,'vɪktɪm,,n.受害人；牺牲品；牺牲者,高中
victory,'vɪktəri,,n.胜利；成功；克服,高中
video,'vɪdɪo,,n.[电子] 视频；录像，录像机；电视 a.视频的；录像的；电视的 v.录制,高中
videophone,'vɪdɪofon,,n.电视电话,高中
view,vju,,n.观察；视野；意见；风景 v.观察；考虑；查看,高中
viewer,'vjuɚ,,n.观察者；观看者；观众；[仪] 指示器,高中
village,'vɪlɪdʒ,,n.村庄；村民；（动物的）群落,高中
villager,'vɪlɪdʒɚ,,n.乡村居民，村民,高中
vinegar,'vɪnɪɡɚ,,n.醋,高中
violate,'vaɪəlet,,v.违反；侵犯，妨碍；亵渎,高中
violence,'vaɪələns,,n.暴力；侵犯；激烈；歪曲,高中
violent,'vaɪələnt,,a.暴力的；猛烈的,高中
violin,",vaɪə'lɪn",,n.小提琴；小提琴手,高中
violinist,",vaɪə'lɪnɪst",,n.小提琴演奏者，小提琴家,高中
virtue,'vɝtʃʊ,,n.美德；优点；贞操；功效,高中
virus,'vaɪrəs,,n.[病毒] 病毒；恶毒；毒害,高中
visa,'vizə,,n.签证 v.签发签证,高中
visit,'vɪzɪt,,n.访问；参观；逗留 v.访问；参观；视察,高中
visitor,'vɪzɪtɚ,,n.访问者，参观者；视察者；候鸟,高中
visual,'vɪʒʊəl,,a.视觉的，视力的；栩栩如生的,高中
vital,'vaɪtl,,a.至关重要的；生死攸关的；有活力的 n.(Vital)人名；(法、德、意、俄、葡)维塔尔；(西)比塔尔,高中
vivid,'vɪvɪd,,a.生动的；鲜明的；鲜艳的,高中
vocabulary,və'kæbjəlɛri,,n.词汇；词表；词汇量,高中
voice,vɔɪs,,n.声音；嗓音；发言权；愿望 v.表达；吐露,高中
volcano,vɑl'keno,,n.火山,高中
volleyball,'vɑlɪbɔl,,n.排球,高中
voluntary,'vɑləntɛri,,a.自愿的；志愿的；自发的；故意的 n.志愿者；自愿行动,高中
volunteer,",vɑlən'tɪr",,n.志愿者；志愿兵 a.志愿的 v.自愿,高中
vote,vot; voʊt,,n.投票，选举；选票；得票数 v.提议，使投票；投票决定；公认,高中
voyage,'vɔɪɪdʒ,,n.航行；航程；旅行记 v.航行；航海,高中
wag,wæɡ,,v.摇摆；摇动；饶舌 n.摇摆；爱说笑打趣的人,高中
wage,wedʒ,,v.进行；发动；从事 n.工资；代价；报偿,高中
waist,west,,n.腰，腰部,高中
wait,wet,,v.等候；推迟；延缓 n.等待；等候,高中
waiter,'wetɚ,,n.服务员，侍者,高中
waitress,ˈwetrɪs,,n.女服务员；女侍者 v.做女服务生,高中
wake,wek,,v.醒来；唤醒；警觉 n.尾迹；守夜；守丧,高中
walk,wɔk,,n.步行，走；散步 v.散步；走过,高中
walkman,'wɔ:kmən,,n.随身听（商标名称）,高中
wall,wɔl,,n.墙壁，围墙；似墙之物 v.用墙围住，围以墙 a.墙壁的,高中
wallet,'wɑlɪt,,n.钱包，皮夹,高中
walnut,'wɔlnət,,n.胡桃；胡桃木 a.胡桃科植物的,高中
wander,'wɑndɚ,,v.徘徊；漫步；迷路；离题 n.(Wander)人名；(英)万德(女子教名),高中
want,wɑnt,,v.需要；希望；应该；缺少 n.需要；缺乏；贫困；必需品,高中
war,wɔr,,n.战争，斗争；军事，战术；冲突，对抗，竞争 v.打仗，作战；对抗,高中
ward,wɔrd,,n.病房；保卫；监视 v.避开；保卫；守护,高中
warehouse,'wɛrhaʊs,,n.仓库；货栈；大商店 v.储入仓库；以他人名义购进（股票）,高中
warm,wɔrm,,a.温暖的；热情的 v.同情；激动；变温暖 n.取暖；加热,高中
warmth,wɔrmθ,,n.温暖；热情；激动,高中
warning,'wɔrnɪŋ,,n.警告；预兆；预告 a.警告的；引以为戒的 v.警告（warn的ing形式）,高中
wash,wɑːʃ,,n.洗涤；洗的衣服；化妆水；冲积物 v.洗涤；洗刷；冲走；拍打,高中
washroom,'wɑʃrum,,n.洗手间；盥洗室；厕所,高中
waste,west,,n.浪费；废物；荒地；损耗；地面风化物 v.浪费；消耗；使荒芜 a.废弃的；多余的；荒芜的,高中
watch,wɑtʃ,,v.观察；注视；看守；警戒 n.手表；监视；守护；值班人,高中
water,ˈwɔtɚ; ˈwɑtɚ,,n.水；海水；雨水；海域，大片的水 v.使湿；供以水；给…浇水,高中
watermelon,'wɔtɚmɛlən,,n.西瓜,高中
wave,wev,,v.波动；起伏；挥手示意；摇动；呈波形 n.波动；波浪；高潮；挥手示意；卷曲,高中
wax,waks,,n.蜡；蜡状物 v.给…上蜡 a.蜡制的；似蜡的,高中
way,we,,n.方法；道路；方向；行业；习惯 ad.大大地；远远地 a.途中的,高中
wayside,'we'saɪd,,n.路旁 a.路旁的,高中
we,wi,,pron.我们（主格）；笔者，本人（作者或演讲人使用）；朕，寡人 n.(We)人名；(缅)韦,高中
weak,wik,,a.[经] 疲软的；虚弱的；无力的；不牢固的,高中
weakness,'wiknəs,,n.弱点；软弱；嗜好,高中
wealth,wɛlθ,,n.财富；大量；富有,高中
wealthy,'wɛlθi,,a.富有的；充分的；丰裕的 n.富人,高中
wear,wɛr,,n.衣物；磨损；耐久性 v.穿着；用旧；耗损；面露,高中
weather,'wɛðɚ,,n.天气；气象；气候；处境 v.经受住；使风化；侵蚀；使受风吹雨打 a.露天的；迎风的,高中
weatherman,'wɛðɚmæn,,n.气象员；天气预报员,高中
web,wɛb,,n.网；卷筒纸；蹼；织物；圈套 v.用网缠住；使中圈套,高中
website,'websait,,n.网站（全球资讯网的主机站）,高中
wedding,'wɛdɪŋ,,n.婚礼，婚宴；结婚；结合 v.与…结婚（wed的ing形式）,高中
Wednesday,'wɛnzde,,n.星期三,高中
weed,wid,,v.除草；铲除 n.杂草，野草；菸草,高中
week,wik,,n.周，星期,高中
weekday,'wikde,,n.平日，普通日；工作日,高中
weekend,ˈwikend,,n.周末，周末休假；周末聚会 a.周末的，周末用的 v.度周末,高中
weekly,'wikli,,a.每周的；周刊的；一周一次的 n.周刊 ad.每周一次；逐周,高中
weep,wip,,v.哭泣；流泪；哀悼；滴落；渗出液体 n.哭泣；眼泪；滴下,高中
weigh,weɪ,,v.权衡；考虑；称…重量 n.权衡；称重量,高中
weight,wet,,n.重量，重力；负担；砝码；重要性 v.加重量于，使变重,高中
welcome,ˈwelkəm,,a.受欢迎的 n.欢迎 v.欢迎 int.欢迎,高中
welfare,'wɛl'fɛr,,n.福利；幸福；福利事业；安宁 a.福利的；接受社会救济的,高中
well,wɛl,,ad.很好地；充分地；满意地；适当地 a.良好的；健康的；适宜的 n.井；源泉 v.涌出,高中
west,wɛst,,n.西；西方；西部 a.西方的；朝西的 ad.在西方；向西方；自西方,高中
western,'wɛstɚn,,a.西方的，西部的；有西方特征的 n.西方人；西部片，西部小说,高中
westerner,'westənə,,n.西方人，欧美人；美国西部的人,高中
westwards,'wɛstwɚdz,,ad.向西 a.向西的,高中
wet,wɛt,,a.[气象][物] 潮湿的；有雨的 n.雨天；湿气 v.弄湿,高中
whale,wel,,v.猛揍；使惨败 n.鲸；巨大的东西,高中
what,hwʌt; hwɑt; wʌt; wɑt,,pron.什么；多么；多少 a.什么；多么；何等 ad.到什么程度，在哪一方面 int.什么；多么,高中
whatever,wət'ɛvɚ,,a.不管什么样的 pron.无论什么；诸如此类 conj.无论什么,高中
wheat,wit,,n.小麦；小麦色,高中
wheel,wil,,n.车轮；方向盘；转动 v.转动；使变换方向；给…装轮子,高中
when,wɛn,,conj.考虑到；既然；当…时；在…时；如果 ad.什么时候，何时；（用于时间的表达方式之后）在那时；其时；当时 pron.那时；什么时侯 n.时间，时候；日期；场合,高中
whenever,wɛn'ɛvɚ,,conj.每当；无论何时 ad.不论何时；随便什么时候,高中
where,wɛr,,ad.在哪里 pron.哪里 conj.在…的地方 n.地点,高中
wherever,wɛr'ɛvɚ,,ad.无论什么地方；究竟在哪里 conj.无论在哪里；无论什么情况下,高中
whether,'wɛðɚ,,conj.是否；不论 pron.两个中的哪一个,高中
which,wɪtʃ,,pron.哪/那一个；哪/那一些 a.哪一个；哪一些,高中
whichever,wɪtʃ'ɛvɚ,,pron.任何一个；无论哪个 a.无论哪个；无论哪些,高中
while,waɪl,,conj.虽然；然而；当……的时候 n.一会儿；一段时间 v.消磨；轻松地度过,高中
whisper,'wɪspɚ,,n.私语；谣传；飒飒的声音 v.耳语；密谈；飒飒地响,高中
whistle,'wɪsl,,n.口哨；汽笛；呼啸声 v.吹口哨；鸣汽笛,高中
white,waɪt,,a.白色的；白种的；纯洁的 n.白色；洁白；白种人,高中
who,hu,,pron.谁；什么人,高中
whole,hol,,a.完整的；纯粹的 n.整体；全部,高中
whom,hum,,pron.谁（who的宾格）,高中
whose,huz,,pron.谁的（疑问代词）,高中
why,hwaɪ,,int.哎呀！什么？ ad.为什么,高中
wide,waɪd,,a.广泛的；宽的，广阔的；张大的；远离目标的 ad.广泛地；广阔地；充分地 n.大千世界,高中
widespread,ˈwʌɪdsprɛd,,a.普遍的，广泛的；分布广的,高中
wife,wʌɪf,,n.妻子，已婚妇女；夫人,高中
wild,waɪld,,a.野生的；野蛮的；狂热的；荒凉的 n.荒野 ad.疯狂地；胡乱地,高中
wildlife,'waɪldlaɪf,,n.野生动植物 a.野生动植物的,高中
will,wɪl,,n.意志；决心；情感；遗嘱；意图；心愿 v.决心要；遗赠；用意志力使 aux.将；愿意；必须,高中
willing,'wɪlɪŋ,,a.乐意的；自愿的；心甘情愿的 v.决心；用意志力驱使；将（财产等）遗赠某人（will的现在分词） n.(Willing)人名；(德、芬、瑞典)维林；(英)威林,高中
willingly,'wɪlɪŋli,,ad.欣然地；愿意地，乐意地,高中
willingness,ˈwɪlɪŋnɪs,,n.乐意；心甘情愿；自动自发,高中
win,wɪn,,v.赢得；在…中获胜；劝诱 n.赢；胜利,高中
wind,wɪnd; (for v.) waɪnd,,n.风；呼吸；气味；卷绕 v.缠绕；上发条；使弯曲；吹号角；绕住或缠住某人,高中
windbreaker,,,n.防风夹克，同windcheater,高中
window,'wɪndo,,n.窗；窗口；窗户,高中
windy,'wɪndi,,a.多风的，有风的；腹胀的；吹牛的,高中
wine,waɪn,,n.酒，葡萄酒；紫红色 v.喝酒,高中
wing,wɪŋ,,n.翼；翅膀；飞翔；派别；侧厅，耳房，厢房 v.使飞；飞过；空运；增加…速度；装以翼,高中
winner,'wɪnɚ,,n.胜利者,高中
winter,'wɪntɚ,,n.冬季；年岁；萧条期 v.过冬 a.冬天的；越冬的,高中
wipe,waɪp,,v.擦；消除；涂上 n.擦拭；用力打,高中
wire,'waɪɚ,,n.电线；金属丝；电报 v.拍电报；给…装电线,高中
wisdom,'wɪzdəm,,n.智慧，才智；明智；学识；至理名言,高中
wise,waɪz,,a.明智的；聪明的；博学的 v.使知道；教导 n.(Wise)人名；(英)怀斯,高中
wish,wɪʃ,,n.希望；祝福；心愿 v.祝愿；渴望；向…致问候语,高中
with,wɪð; wɪθ,,prep.用；随着；支持；和…在一起 n.(With)人名；(德、芬、丹、瑞典)维特,高中
withdraw,wɪð'drɔ,,v.撤退；收回；撤消；拉开,高中
within,wɪ'ðɪn,,prep.在…之内 ad.在内部 n.里面,高中
without,wɪðˈaʊt,,prep.没有；超过；在…外面 ad.户外；在外面；没有或不显示某事物 n.外部；外面,高中
witness,ˈwɪtnɪs,,n.证人；目击者；证据 v.目击；证明；为…作证,高中
wolf,wʊlf,,n.狼；色狼；残忍贪婪之人 v.大吃；狼吞虎咽地吃,高中
woman,'wʊmən,,n.妇女；女性；成年女子,高中
wonder,'wʌndɚ,,n.惊奇；奇迹；惊愕 v.怀疑；想知道；惊讶 a.奇妙的；非凡的,高中
wonderful,ˈwʌndərfl,,a.极好的，精彩的，绝妙的；奇妙的；美妙；胜；神妙,高中
woo,wu,,v.追求；招致；向…求爱；恳求,高中
wood,wʊd,,n.木材；木制品；树林 vi.收集木材 vt.植林于；给…添加木柴,高中
wooden,'wʊdn,,a.木制的；僵硬的，呆板的,高中
woollen,'wʊlən,,a.羊毛制的 n.毛织品,高中
word,wɝd,,n.[语] 单词；话语；消息；诺言；命令 v.用言辞表达,高中
work,wɝk,,n.工作；[物] 功；产品；操作；职业；行为；事业；工厂；著作；文学、音乐或艺术作品 v.使工作；操作；经营；使缓慢前进,高中
workday,'wɝkde,,n.工作日 a.日常的，工作日的；平凡的,高中
worker,'wɝkɚ,,n.工人；劳动者；职蚁,高中
workforce,'wɝkfɔrs,,n.劳动力；工人总数，职工总数,高中
workmate,'wɝkmet,,n.同事；工友,高中
workplace,'wɝkples,,n.工作场所；车间,高中
works,'wɜːks,,n.作品；工厂；工程结构,高中
world,wɝld,,n.世界；领域；世俗；全人类；物质生活,高中
worldwide,'wɝldwaɪd,,a.全世界的 ad.在世界各地,高中
worm,wɝm,,n.虫，蠕虫；蜗杆；螺纹；小人物 v.使蠕动；给除虫；使缓慢前进,高中
worn,wɔrn,,a.疲倦的；用旧的 v.穿；磨损（wear的过去分词）；佩戴 n.(Worn)人名；(柬)翁；(英、葡)沃恩,高中
worried,'wɝrɪd,,a.担心的,高中
worry,ˈwɜːri,,n.担心；烦恼；撕咬 v.担心；发愁；折磨,高中
worse,wɜrs,,a.更坏的；更差的；更恶劣的（bad的比较级）；（病情）更重的（ill的比较级） ad.更糟；更坏；更恶劣地；更坏地 n.更坏的事；更恶劣的事,高中
worst,wɝst,,a.最差的，最坏的；最不利的；效能最低的 n.最坏；最坏的时候 ad.最坏地；最不利地,高中
worth,wɝθ,,a.值…的 n.价值；财产,高中
worthless,ˈwərthləs,,a.无价值的；不值钱的；卑微的,高中
worthwhile,'wɝθ'waɪl,,a.值得做的，值得花时间的,高中
worthy,wɜði,,a.值得的；有价值的；配得上的，相称的；可尊敬的；应…的 n.杰出人物；知名人士,高中
would,wʊd,,aux.将，将要；愿意 v.will的过去式,高中
wound,wund,,n.创伤，伤口 v.使受伤,高中
wounded,'wundɪd,,a.受伤的 n.受伤者，伤员 v.使受伤（wound的过去分词）,高中
wrestle,'rɛsl,,n.摔跤；搏斗；斗争 v.摔跤；斗争；斟酌,高中
wrinkle,'rɪŋkl,,n.皱纹 v.起皱,高中
wrist,rɪst,,n.手腕；腕关节 vt.用腕力移动,高中
write,raɪt,,v.写，写字；写作，作曲；写信,高中
writing,'raɪtɪŋ,,n.书写；作品；著作；[法] 笔迹 v.书写（write的ing形式）,高中
wrong,rɔŋ,,ad.错误地；邪恶地，不正当地 n.坏事；不公正 a.错误的；失常的；不适当的 v.委屈；无理地对待；诽谤,高中
yard,jɑrd,,n.院子；码（英制中丈量长度单位，1码=3英尺）；庭院；帆桁 vt.把…关进或围在畜栏里,高中
yawn,jɔn,,n.哈欠；裂口 v.打哈欠；裂开,高中
year,yir,,n.年；年度；历年；年纪；一年的期间；某年级的学生,高中
yell,yel,,v.大叫，叫喊 n.喊声，叫声,高中
yellow,'jeloʊ,,a.黄色的；黄皮肤的 n.黄色；黄种人；黄色颜料 v.使变黄或发黄,高中
yes,jɛs,,"ad.是, 是的 n.是（表示肯定）",高中
yesterday,ˈjɛstədi,,n.昨天；往昔 ad.昨天,高中
yet,jɛt,,ad.还；但是；已经 conj.但是；然而 n.(Yet)人名；(东南亚国家华语)一,高中
yoghurt,'jogɚt,,n.酸奶（等于yoghourt）；酸乳酪,高中
you,ju,,pron.你；你们 n.(You)人名；(柬)尤；(东南亚国家华语)猷,高中
young,jʌŋ,,a.年轻的；初期的；没有经验的 n.年轻人；（动物的）崽，仔,高中
your,"jʊr, jɔr, jor,jə",,pron.你的，你们的,高中
yours,jʊrz,,pron.你（们）的东西；你的责任[义务]；你的家属；来信，尊函 a.你（们）的（东西）；信末署名前用语,高中
yourself,jɔr'sɛlf,,pron.你自己,高中
yourselves,jʊə'sɛlvz,,pron.你们自己；你们本人（yourself的复数）,高中
youth,jʊθ,,n.青年；青春；年轻；青少年时期,高中
yummy,'jʌmi,,a.好吃的；美味的；愉快的 n.美味的东西；令人喜爱的东西,高中
zebra,'zɛbrə; 'zi-,,n.[脊椎] 斑马 a.有斑纹的,高中
zero,ˈzɪərəʊ,,n.零点，零度 num.零,高中
zip,zɪp,,n.拉链；活力，精力；尖啸声，撕裂声；一种程序压缩的档案文件格式 v.拉开或拉上；以尖啸声行进,高中
zipper,ˈzɪpə,,n.拉链 v.拉上拉链,高中
zone,zon,,n.地带；地区；联防 v.分成区,高中
zoo,zu,,n.动物园,高中
zoom,zum,,n.急速上升；嗡嗡声；[摄] 变焦摄影 v.急速上升；摄像机移动,高中
cancel,'kænsl,,vt.取消,高中
prepare,prɪ'pɛr,,v.准备； 配制,高中
govern,'ɡʌvɚn,,v.统治； 管理,高中
surgeon,'sɝdʒən,,n.外科医生,高中
analyse,'æn(ə)laɪz,,vt.分析； 研究,高中
abrupt,ə'brʌpt,,a.突然的， 意外的,高中
resemble,rɪ'zɛmbl,,vt.像， 类似,高中
discourage,dɪs'kɝɪdʒ,,vt.使气馁， 打消,高中
hall,hɔl,,n.大厅， 礼堂； 门厅， 过道,高中
pollution,pə'luʃən,,n.污染,高中
remote,rɪ'mot,,a.遥远的,高中
explanation,",ɛksplə'neʃən",,n.解释， 说明,高中
cafeteria,",kæfə'tɪrɪə",,n.自助餐厅,高中
salary,'sæləri,,n.工资， 薪水,高中
pretend,prɪ'tɛnd,,v.假装， 装作,高中
youth,jʊθ,,n.青春； 青年,高中
without,wɪðˈaʊt,,prep.没有， 不,高中
drunk,drʌŋk,,a.醉的,高中
would,wʊd; wəd,,modal verb.将，将会〔表示想做某事或认为某事会发生〕,高中
pick,pɪk,,v.拾起， 采集； 挑选,高中
customs,'kʌstəmz,,n.海关； 关税,高中
calculate,'kælkjulet,,v.计算， 核算,高中
energy,'ɛnɚdʒi,,n.精力； 能量,高中
audience,'ɔdɪəns,,n.观众， 听众,高中
solid,'sɑlɪd,,a.结实的，固体的 n.固体,高中
thus,ðʌs,,ad.这样； 因而,高中
meanwhile,'minwaɪl,,ad.同时,高中
sniff,snɪf,,v.用力吸； 嗅， 闻,高中
possess,pə'zɛs,,vt.占有， 拥有,高中
require,rɪ'kwaɪr,,vt.需求； 要求,高中
optional,'ɑpʃənl,,a.可选择的； 随意的,高中
scratch,skrætʃ,,v.抓，划破；乱涂 n.乱写； 抓痕,高中
analysis,ə'næləsɪs,,n.分析； 解析,高中
click,klɪk,,v.点击；发出滴答声 n.滴答声,高中
apparent,ə'pærənt,,a.明显的， 清楚的,高中
journalist,ˈdʒɝ​nlɪst,,n.记者， 新闻工作者,高中
left,lɛft,,ad.向左边，在左边 a.左边的 n.左， 左边,高中
dawn,dɔn,,n.黎明， 拂晓,高中
sideways,'saɪdwez,,a.斜向一边的,高中
object,'ɑbdʒɛkt,,v.反对 n.物体； 目标； 宾语,高中
harbour,hɑrbɚ,,n.港口,高中
chapter,'tʃæptɚ,,n.章,高中
accessible,ək'sɛsəbl,,a.可使用的； 可进入的； 易接近的,高中
flight,flaɪt,,n.飞行； 航班； 楼梯的一段,高中
hang,hæŋ,,v.悬挂； 装饰； 绞死,高中
role,rol,,n.[Ｃ] 角色； 作用,高中
independent,'ɪndɪ'pɛndənt,,a.独立的， 有主见的,高中
carriage,'kærɪdʒ,,n.四轮马车；  客车厢,高中
defence,di'fens,,n.防御； 防护； 辩护,高中
achieve,ə'tʃiv,,vt.达到， 取得,高中
ahead,ə'hɛd,,ad.在前， 向前,高中
anybody,'ɛnɪbɑdi,,pron.任何人， 无论谁,高中
roll,rol,,"v.滚动,打滚 n.面包圈； 卷状物",高中
turn,tɝn,,v.旋转；转变；转弯 n.轮流,高中
elect,ɪ'lɛkt,,vt.选举,高中
example,ɪg'zæmpl,,n.例子， 范例,高中
result,rɪ'zʌlt,,n.结果， 效果,高中
same,sem,,a.同样的， 同一的 n.同样的事,高中
selfish,'sɛlfɪʃ,,a.自私的,高中
after,'æftɚ,,prep&conj&adv.在…之后， 后来,高中
headline,'hɛdlaɪn,,n.标题；,高中
connect,kə'nɛkt,,vt.连接， 把…联系起来,高中
hand,hænd,,n.手；指针 vt.交付； 传递,高中
merciful,'mɝsɪfl,,a.仁慈的； 宽大的,高中
rebuild,",ri'bɪld",,vt.重建,高中
sharpen,'ʃɑrpən,,v.变锐利， 削尖,高中
committee,kə'mɪti,,n.委员会,高中
address,əˈdrɛs;(for n)ˈædres; ædrɛs,,n.地址,高中
union,'junɪən,,n.联合， 联盟,高中
straight,stret,,adj&adv.直的,高中
wipe,waɪp,,vt.擦； 扫,高中
sale,sel,,n.卖， 出售,高中
component,kəm'ponənt,,n.成分； 零部件,高中
suite,sut; swit,,n.套， 组； 套间,高中
consultant,kən'sʌltənt,,n.顾问； 会诊医师,高中
outdoors,'aʊt'dɔrz,,ad.户外的，野外的 n.户外,高中
throw,θro,,v.投， 掷， 扔,高中
obvious,'ɑbvɪəs,,a.明显的， 显而易见的,高中
arch,ɑrtʃ,,n.拱门； 拱形,高中
discuss,dɪ'skʌs,,v.讨论， 议论,高中
standard,'stændɚd,,a.标准的 n.标准，规格,高中
violent,'vaɪələnt,,a.暴力的； 猛烈的,高中
harmony,'hɑrməni,,n.协调， 融洽,高中
correct,kə'rɛkt,,a.正确的， 对的； 恰当的 vt.改正；纠正,高中
empty,ˈɛmptɪ,,a.空的 vt.倒空,高中
wish,wɪʃ,,n&v.祝愿； 想要,高中
institution,",ɪnstɪ'tuʃən",,n.公共机构； 协会,高中
tie,taɪ,,v.系，拴，扎 n.关系； 领带； 绳子， 结,高中
wise,waɪz,,a.聪明的， 明智的,高中
ambition,æm'bɪʃən,,n.雄心， 野心,高中
tin,tɪn,,n.罐头,高中
enlarge,ɪn'lɑrdʒ,,v.扩大， 放大,高中
besides,bɪ'saɪdz,,ad.此外； 再说 prep.除…以外,高中
serious,'sɪrɪəs,,a.严肃的， 严重的； 认真的,高中
tip,tɪp,,vt.告诫，提示；给小费 n.顶端； 小费； 提示,高中
export,ˈekspɔːrt；ɪkˈ-,,vi.出口 vt.输出 n.出口,高中
conversation,",kɑnvɚ'seʃən",,n.谈话， 交谈,高中
laugh,læf,,vi.笑， 大笑 n.笑，大笑，笑声；嘲笑,高中
murder,'mɝdɚ,,n&v.谋杀,高中
fantasy,'fæntəsi,,n.幻想， 白日梦,高中
pay,pe,,v.付钱，给…报酬 n.工资,高中
check,tʃɛk,,v.核对；检查；批改 n.检查； 批改,高中
list,lɪst,,n.一览表，清单 vt.列表,高中
strange,strendʒ,,a.奇怪的， 奇特的； 陌生的,高中
lack,læk,,n&v.缺乏， 缺少,高中
toast,tost,,vt.向…敬酒；烘，烤 n.烤面包， 吐司； 祝酒， 祝酒词,高中
aside,ə'saɪd,,ad.在旁边,高中
circumstance,ˈsɝ​kəmˌstəns,,n.环境； 情况,高中
success,sək'sɛs,,n.成功， 成就； 成功的人,高中
brunch,brʌntʃ,,n.早午饭,高中
authority,ə'θɔrəti,,n.权威； 当局,高中
creature,'kritʃɚ,,n.生物； 动物,高中
outgoing,'aʊt'goɪŋ,,a.好交际的， 外向的； 即将离职的,高中
tasteless,'testləs,,a.无滋味的,高中
harm,hɑrm,,n&vt.伤害， 损伤,高中
instrument,'ɪnstrəmənt,,n.乐器； 工具， 器械,高中
medium,'midɪəm,,a.中间的，中等的 n.媒介,高中
remove,rɪ'muv,,vt.移动， 拿走； 去除,高中
wisdom,'wɪzdəm,,n.智慧,高中
starvation,stɑr'veʃən,,n.饥饿； 饿死,高中
nowhere,'no'wɛr,,ad.任何地方都不； 无处,高中
psychology,saɪ'kɑlədʒi,,n.心理学,高中
wrestle,'rɛsl,,v.摔跤， 格斗； 斟酌,高中
treasure,'trɛʒɚ,,n.金银财宝， 财富,高中
multiply,'mʌltɪplaɪ,,v.相乘； 增加,高中
live,laɪv；lɪv,,vi.生活，居住 a.活的； 直播的 vt.过着，经历,高中
approval,əˈpruvl,,n.赞成； 认可； 批准,高中
victory,'vɪktəri,,n.[C] 胜利,高中
mobile,ˈməʊbl;mobil,,a.活动的， 可移动的,高中
perform,pɚ'fɔrm,,v.表演， 表现； 履行,高中
evolution,ˌɛvəˈluʃən; (occas.) ˌ ivəˈluʃən,,n.进展， 演变， 进化,高中
expose,ɪk'spoz；ek-,,vt.暴露； 揭露,高中
concentrate,'kɑnsn'tret,,v.集中， 聚集,高中
cheer,tʃɪr,,n&v.欢呼， 喝彩,高中
with,wɪð; wɪθ,,prep.与， 伴随； 有， 以,高中
there,ðɛr,,ad.在那里 int.那！你瞧！,高中
permit,pɚ'mɪt,,v.许可，允许 n.许可证， 执照,高中
well,wɛl,,ad.好，充分地 a.健康的 int.好吧 n.井,高中
suitable,'sutəbl,,a.合适的， 适宜的,高中
personnel,",pɝsə'nɛl",,n.人员， 职员,高中
hopeless,ˈhoʊpləs,,a.没有希望的； 不可救药的,高中
freeway,'friwe,,n.高速公路,高中
fountain,'faʊntn,,n.喷泉； 源泉,高中
pile,paɪl,,v.堆积，积累 n.堆,高中
channel,'tʃænl,,n.海峡； 频道； 通道,高中
sunburnt,"'sʌn,bɝnt",,a.晒黑的， 晒伤的,高中
focus,'fokəs,,v.聚焦，集中 n.中心， 焦点,高中
entire,ɪn'taɪɚ,,a.整个的， 全部的,高中
approach,ə'protʃ,,v.接近， 靠近 n.方式，方法,高中
wrist,rɪst,,n.手腕， 腕关节,高中
experiment,ɪk'sperɪmənt,,n.实验,高中
fierce,fɪrs,,a.猛烈的， 激烈的,高中
reservation,",rɛzɚ'veʃən",,n.预订； 预约,高中
e-mail,"'i,mel",,n.电子邮件 vt.给…发电子邮件,高中
hate,het,,vt.恨，讨厌，不喜欢 n.怨恨,高中
block,blɑk,,v.阻塞， 阻挡 n.大块；街区,高中
write,raɪt,,v.写,高中
pet,pɛt,,n.宠物， 爱畜,高中
flow,flo,,v.流动 n.流， 流动,高中
order,'ɔrdɚ,,n.顺序；命令 vt.命令； 点菜； 订货,高中
wage,wedʒ,,n.工资， 报酬,高中
period,'pɪrɪəd,,n.时期， 时代,高中
musical,'mjuzɪkl,,a.音乐的，爱好音乐的 n.音乐剧,高中
corporation,",kɔrpə'reʃən",,n.团体； 公司， 企业,高中
distant,'dɪstənt,,a.远的， 遥远的,高中
understand,'ʌndɚ'stænd,,v.懂得， 理解,高中
dismiss,dɪs'mɪs,,v.解雇； 解散,高中
intelligence,ɪn'tɛlɪdʒəns,,n.智力， 聪明,高中
reform,rɪ'fɔrm,,v.改革， 革新 n.改革；改善,高中
ever,'ɛvɚ,,ad.曾经； 无论何时,高中
even,'ivən,,ad.甚至，更加，还要 a.平坦的,高中
restriction,rɪ'strɪkʃən,,n.限制,高中
crazy,'krezi,,a.疯狂的,高中
razor,'rezɚ,,n.剃须刀,高中
coach,kotʃ,,v.指导，训练 n.教练； 马车； 长途车,高中
champion,'tʃæmpɪən,,n.冠军， 优胜者,高中
wait,wet,,v.等待 n.等待， 等候,高中
circuit,'sɝkɪt,,n.电路,高中
pint,paɪnt,,n.品脱； 一品脱啤酒,高中
matter,'mætɚ,,vi.要紧， 有重大关系 n.事情，物质；原因,高中
instant,'ɪnstənt,,a.立即的；速食的 n.瞬间,高中
personalization,ˌpɜːsənəlaɪ'zeɪʃn,,n.个性化,高中
shaver,'ʃevɚ,,n.电动剃须刀,高中
top,tɑp,,n.顶部； 上面,高中
native,'netɪv,,a.本土的， 本国的,高中
too,tu,,ad.也； 又； 太； 很,高中
have,həv;hæv,,v.帮助构成完成时态 vt.有，使，令,高中
violence,'vaɪələns,,n.暴力； 强烈,高中
roast,rost,,v.烤,高中
energetic,",ɛnɚ'dʒɛtɪk",,a.精力旺盛的,高中
consequence,'kɑnsəkwɛns,,n.结果， 后果,高中
quilt,kwɪlt,,n.加衬芯床罩,高中
famous,'feməs,,a.著名的， 出名的,高中
question,'kwɛstʃən,,vt.询问 n.问题,高中
vinegar,'vɪnɪɡɚ,,n.醋,高中
spirit,'spɪrɪt,,n.精神， 灵魂,高中
premier,prɪ'mɪr,,n.总理， 首相,高中
produce,prəˈdus;(for n.)ˈprɒdus; prɑdus,,v.生产， 制造,高中
allergic,ə'lɝdʒɪk,,a.过敏的,高中
cheat,tʃit,,v.哄骗，欺骗，骗取 n.骗子； 诈骗,高中
framework,'fremwɝk,,n.框架， 结构,高中
regard,rɪ'ɡɑrd,,v.当做，看待 n.关心， 注意； 致意,高中
anecdote,'ænɪkdot,,n.轶事； 趣事,高中
prohibit,prə'hɪbɪt,,vt.禁止， 阻止,高中
almost,'ɔlmost,,ad.几乎， 差不多,高中
steward,'stuɚd,,n.男乘务员,高中
fuel,'fjuəl,,n.燃料,高中
manner,'mænɚ,,n.方式；举止；,高中
upon,ə'pɑn,,prep.在…上面,高中
foresee,fɔr'si,,vt.预见， 预知,高中
harmful,'hɑrmfəl,,a.有害的； 致伤的,高中
associate,ə'soʃɪet,,v.结合； 结交,高中
pray,pre,,v.祈祷， 祈求,高中
wake,wek,,v.醒来， 叫醒,高中
pin,pɪn,,vt.钉住，别住 n.别针； 胸针,高中
academic,",ækə'dɛmɪk",,a.学术的；院校的 n.大学教师； 学者,高中
whether,'wɛðɚ,,conj.是否,高中
function,'fʌŋkʃən,,vi.起作用； 行使职责 n.功能，作用，职责；函数,高中
raise,rez,,vt.举起； 提高， 使升高； 饲养， 养育,高中
spoon,spun,,n.勺， 匙， 调羹,高中
quite,kwaɪt,,ad.完全， 十分,高中
lap,læp,,n.大腿；  一圈,高中
mineral,'mɪnərəl,,n.矿物质， 矿物,高中
representative,'rɛprɪ'zɛntətɪv,,n.代表,高中
terror,'tɛrɚ,,n.恐怖； 可怕的人,高中
beneath,bɪˈniːθ,,prep.在…下方， 在…下面,高中
everyone,'ɛvrɪwʌn,,pron.每人， 人人,高中
lay,le,,v.放， 搁； 产,高中
swap,swɑp,,v.交换,高中
hatch,hætʃ,,v.孵蛋,高中
pardon,'pɑrdn,,vt&n.原谅， 宽恕； 对不起,高中
plenty,'plɛnti,,n.充足， 大量， 丰富,高中
tick,tɪk,,v.发出滴答声 n.钟表的滴答声；记号,高中
basis,'besɪs,,n.[C] 基础； 根据； 原则,高中
adventure,əd'vɛntʃɚ,,n.冒险； 奇遇,高中
condition,kən'dɪʃən,,n.条件， 状况,高中
improve,ɪm'pruv,,v.改进， 更新,高中
ceremony,ˈsɛrəˌmoʊni,,n.典礼， 仪式,高中
bingo,'bɪŋɡo,,n.宾果,高中
try,traɪ,,v.尝试， 试图； 努力,高中
gym,dʒɪm,,n.体育馆； 健身房,高中
basic,'besɪk,,a.基本的 n.要素； 基础,高中
twist,twɪst,,v.拧，扭曲 n.扭曲， 歪曲,高中
unite,ju'naɪt,,v.联合， 团结,高中
bush,buʃ,,n.灌木丛， 矮树丛,高中
technique,tɛk'nik,,n.技术， 技巧,高中
cause,kɔz,,n.原因，起因 vt.促使， 引起,高中
dioxide,daɪ'ɑksaɪd,,n.二氧化物,高中
wound,wund,,vt.伤，使受伤；伤害 n.[Ｃ] 创伤； 伤口,高中
catastrophe,kə'tæstrəfi,,n.灾难； 灾祸； 横祸,高中
busy,ˈbɪzɪ,,a.忙碌的,高中
convey,kən've,,vt.搬运； 传播， 传达,高中
extra,'ɛkstrə,,a.额外的， 外加的,高中
design,dɪ'zaɪn,,v.设计；制订；筹划 n.样式,高中
generous,'dʒɛnərəs,,a.慷慨的， 大方的,高中
land,lænd,,v.登陆； 降落 n.陆地,高中
coincidence,ko'ɪnsɪdəns,,n.一致； 巧合,高中
victim,'vɪktɪm,,n.受害人， 牺牲品,高中
department,dɪ'pɑrtmənt,,n.部门；  系,高中
possibility,",pɑsə'bɪləti",,n.可能， 可能性,高中
direction,dəˈrɛkʃən; (also) daɪˈrɛkʃən,,n.方向； 说明； 说明书； 指导,高中
exhibition,ˌɛksəˈbɪʃən,,n.展览， 展览会； 展品,高中
burn,bɝn,,v.燃，烧，着火；使烧焦；,高中
garlic,'ɡɑrlɪk,,n.大蒜,高中
alcoholic,",ælkə'hɔlɪk",,a.酒精的；酒精中毒的 n.饮酒过度的人,高中
bachelor,'bætʃəlɚ,,n.学士； 单身汉,高中
countryside,'kʌntrɪsaɪd,,n.乡下， 农村,高中
chief,tʃif,,a.主要的，首要的 n.领导,高中
automatic,'ɔtə'mætɪk,,a.自动的， 机械的,高中
lamp,læmp,,n.灯， 油灯； 光源,高中
cry,kraɪ,,v.喊叫； 哭 n.喊；哭声,高中
Antarctic,æntˈɑrktɪk,,a.南极的 n.南极地区,高中
conduct,kən'dʌkt,,vt.引导； 管理,高中
bury,'bɛri,,vt.埋， 葬,高中
obey,ə'be,,v.服从， 顺从,高中
stable,'stebl,,a.稳定的,高中
lamb,læm,,n.羔羊； 羔羊肉,高中
fantastic,fæn'tæstɪk,,a.极好的， 美妙的， 很棒的,高中
changeable,'tʃendʒəbl,,a.易变的， 变化无常的,高中
spoken,'spokən,,a.口语的,高中
respond,rɪ'spɑnd,,v.回答； 做出反应,高中
incident,'ɪnsɪdənt,,n.事件,高中
walk,wɔk,,v.走路， 步行 n.散步,高中
lame,lem,,a.跛的； 残废的,高中
marry,'mæri,,v.和…结婚,高中
pity,'pɪti,,n.怜悯， 同情； 憾事,高中
absorb,æbˈsɔrb; æbˈzɔrb; əbˈsɔrb,,vt.吸收； 吸引,高中
supply,sə'plaɪ,,v.供给， 提供 n.供给；供应品,高中
uncertain,ʌn'sɝtn,,a.不确定的,高中
concern,kən'sɝn,,n.关系；关心 vt.涉及， 关系到,高中
circulate,'sɝkjəlet,,vt.使流通； 使运行,高中
liberty,'lɪbɚti,,n.自由,高中
recycle,",ri'saɪkl",,v.再循环， 回收,高中
let,lɛt,,vt.让,高中
state,stet,,n.状态；国家；州 vt.宣称,高中
press,prɛs,,vt.压，按 n.压， 按； 新闻界， 出版社,高中
welcome,ˈwɛlkəm,,n&vt&adj.欢迎,高中
confidential,",kɑnfɪ'dɛnʃl",,a.极受信任的； 秘密的,高中
chaos,'keɑs,,n.混乱,高中
abundant,ə'bʌndənt,,a.丰富的， 充裕的,高中
want,wɔ:nt; wɔnt,,v.想要， 需要,高中
pace,pes,,n.步子， 步速； 节奏,高中
ballet,bæ'le,,n.芭蕾舞， 芭蕾舞剧,高中
opposite,ˈɑpəzɪt; ˈɑpəsɪt,,a.相反的， 对面的 n.相反，对面；对立面，对立物,高中
forecast,'fɔrkæst,,n.预知 vt.预告， 预测,高中
recognize,ˈrɛkəɡˌnaɪz,,vt.认出； 承认,高中
warehouse,'wɛrhaʊs,,n.仓库； 大商店,高中
pack,pæk,,v.包装， 整理 n.包，背包；一群,高中
each,itʃ,,adj&pron.每人， 每个， 每件,高中
abnormal,æbˈnɔːrml,,a.反常的； 变态的,高中
difference,'dɪfrəns,,n.不同,高中
must,mʌst,,modal verb.必须 n.必须做的事；必不可少的东西,高中
circle,'sɝkl,,v.围起来， 环绕 n.圆圈,高中
resign,rɪ'zaɪn,,v.辞去， 辞职,高中
drier,'draɪɚ,,n.烘干机， 吹风机,高中
bathe,beð,,v.洗澡， 沐浴， 浸洗,高中
polite,pə'laɪt,,a.有礼貌的， 有教养的,高中
cut,kʌt,,v.切，剪，削，割；删节 n.伤口,高中
entertainment,ˌɛntɚ'tenmənt,,n.娱乐； 娱乐表演,高中
probably,'prɑbəbli,,ad.很可能， 大概,高中
document,dɑkjəmənt,,n.文件， 文献,高中
aluminum,ə'lʊmɪnəm,,n.铝,高中
ward,wɔrd,,vt.保卫，看护 n.病房， 收容所,高中
starve,stɑrv,,v.饿死， 挨饿,高中
prize,praɪz,,n.奖赏， 奖品， 奖金,高中
accident,'æksədənt,,n.事故， 意外事件,高中
clay,kle,,n.黏土； 泥土,高中
moment,'momənt,,n.[C] 片刻， 瞬间， 刹那,高中
anyway,'ɛnɪ'we,,ad.不管怎样,高中
promote,prə'mot,,vt.促进； 提升； 推销,高中
routine,rʊ'tin,,n.常规， 日常事务,高中
found,faʊnd,,vt.成立， 建立,高中
tear,(for v.) ˈter; (for n.) ˈtir,,v.扯破， 撕开 n.眼泪,高中
excuse,ɪkˈskjus; ɪkˈskjuz,,n.借口， 理由 vt.原谅， 宽恕,高中
attack,ə'tæk,,v&n.攻击， 袭击,高中
spoonful,'spʊn'fʊl,,n.一匙,高中
humour,'hju:mə,,n.幽默， 幽默感,高中
divorce,dɪ'vɔrs,,n.离婚 vt.使离婚,高中
currency,ˈkɜrənsi,,n.货币,高中
distribute,dɪ'strɪbjut,,v.分布； 分配,高中
worried,'wɝrɪd,,a.担心的； 烦恼的,高中
attach,ə'tætʃ,,vt.系上， 贴上,高中
canal,kə'næl,,n.运河； 水道,高中
shout,ʃaʊt,,v.呼喊， 呼叫 n.[C]喊，高声呼喊,高中
escape,ɪˈskep,,v&n.逃跑， 逃脱； 避开,高中
flashlight,'flæʃlaɪt,,n.手电筒； 闪光信号,高中
ankle,'æŋkl,,n.脚踝,高中
situation,ˌsɪtʃʊˈeʃən,,n.形势， 情况,高中
think,θɪŋk,,v.想， 思索； 认为,高中
receive,rɪ'siv,,v.收到， 得到,高中
thirst,θɝst,,n.渴， 口渴,高中
participate,pɑr'tɪsə'pet,,vi.参加， 参与,高中
surplus,'sɝpləs,,n.剩余， 过剩,高中
refresh,ri'frɛʃ,,v.精神振作； 更新,高中
librarian,laɪ'brɛrɪən,,n.图书管理员， 图书馆馆长,高中
theft,θɛft,,n.盗窃案,高中
religion,rɪ'lɪdʒən,,n.宗教,高中
diagram,'daɪəɡræm,,n.图表， 图样,高中
claw,klɔ,,n.爪,高中
prayer,prɛr,,n.祈祷,高中
speech,spitʃ,,n.演讲,高中
watch,wɑtʃ,,v.观察， 观看 n.手表,高中
clap,klæp,,v.拍手， 鼓掌,高中
quit,kwɪt,,v.离开； 停止,高中
polish,'pɑlɪʃ,,v.擦亮， 磨光； 润色,高中
chart,tʃɑrt,,n.图表； 航海图,高中
insurance,ɪn'ʃʊrəns,,n.保险,高中
medical,'mɛdɪkl,,a.医学的， 医疗的,高中
principle,'prɪnsəpl,,n.原则； 原理,高中
till,tɪl,,conj&prep.直到， 直到…为止,高中
attend,ə'tɛnd,,v.出席， 参加； 专心， 考虑； 看护， 照料,高中
goods,ɡʊdz,,n.商品， 货物,高中
lie,laɪ,,vi.躺，卧，平放；位于 n.谎言 vt.说谎,高中
secure,sə'kjʊr,,a.安全的， 可靠的； 放心的， 无虑的,高中
smell,smɛl,,n.气味 v.闻出，闻到，嗅到,高中
used to,,,v.过去常常,高中
unable,ʌn'ebl,,a.不能的， 不能胜任的,高中
glare,ɡlɛr,,v.瞪眼，怒目而视；闪耀 n.强光,高中
disappointed,'dɪsə'pɔɪntɪd,,a.失望的,高中
irrigation,ˌɪrɪˈɡeʃn,,n.灌溉,高中
late,let,,ad.晚， 迟 a.晚的，迟的,高中
continue,kən'tɪnju,,v.延伸； 继续,高中
shoot,ʃut,,vt.射击，射中；摄影 n.嫩枝， 苗， 芽,高中
realize,ˈriəˌlaɪz,,vt.认识到； 实现,高中
budget,'bʌdʒɪt,,n.预算,高中
actual,'æktʃuəl,,a.实际的， 现实的,高中
tension,'tɛnʃən,,n.紧张， 不安； 拉紧， 绷紧； 压力， 张力,高中
chest,tʃɛst,,n.箱子； 胸部,高中
eastern,'istɚn,,a.东方的， 东部的,高中
marathon,"'mærə,θɑn",,n.马拉松,高中
last,læst,,determiner.最近的，最近一段时间的，最近一次的 ad.最近，上次 v.(使)持续 n.鞋楦,高中
adapt,ə'dæpt,,v.适应； 改编,高中
wash,wɔʃ,,v.洗涤，冲刷 n.洗； 洗的衣服,高中
weight,wet,,n.重量,高中
doubt,daʊt,,n&v.怀疑， 疑惑,高中
cheerful,'tʃɪrfl,,a.兴高采烈的， 快活的,高中
uncomfortable,ʌn'kʌmftəbl,,a.不舒服的， 不安的,高中
develop,dɪ'vɛləp,,v.发展；  发育； 开发； 冲洗,高中
misunderstand,",mɪsʌndɚ'stænd",,vt.误会， 不理解,高中
warn,wɔrn,,vt.警告； 预告,高中
measure,'mɛʒɚ,,v.测量；权衡 n.方法， 措施,高中
guilty,'ɡɪlti,,a.有罪的， 犯法的； 内疚的,高中
crossroads,'krɔsrodz,,n.十字路口,高中
district,'dɪstrɪkt,,n.区， 地区,高中
receipt,rɪ'sit,,n.收据； 收到， 接收,高中
assume,ə'sum,,vt.假定， 设想； 承担,高中
swim,swɪm,,vi.游泳； 游,高中
full,fʊl,,ad.完整地， 十分地 a.满的，充满的，完全的,高中
basement,'besmənt,,n.地下室,高中
pepper,'pɛpɚ,,n.胡椒粉,高中
chant,tʃænt,,v.唱；歌颂 n.圣歌， 赞美诗,高中
capsule,ˈkæpsl;,,n.胶囊； 太空舱,高中
away,əˈwe,,ad.离开， 远离,高中
memory,'mɛməri,,n.回忆， 记忆,高中
concept,'kɑnsɛpt,,n.概念， 观念,高中
motivation,",motə'veʃən",,n.动机,高中
impossible,ɪm'pɑsəbl,,a.不可能的， 办不到的,高中
effort,'ɛfɚt,,n.努力， 艰难的尝试,高中
wave,wev,,v.挥手；摇动 n.波， 波浪,高中
disaster,dɪ'zæstɚ,,n.灾难， 祸患,高中
anything,'ɛnɪ'θɪŋ,,pron.某事  ； 任何事,高中
agriculture,'æɡrɪkʌltʃɚ,,n.农业， 农学,高中
grocer,ɡrosɚ,,n.零售商人； 食品店,高中
ecology,ɪ'kɑlədʒi,,n.生态学,高中
stare,stɛr,,v.盯着看， 凝视,高中
painful,'penfl,,a.痛苦的； 疼痛的,高中
steady,'stɛdi,,a.稳固的； 平稳的,高中
vote,vot; voʊt,,v.选举， 投票,高中
early,'ɝli,,ad.早， 在早期 a.早的，早期的,高中
harvest,'hɑrvɪst,,n&v.收割； 收获,高中
pain,pen,,n.疼痛；,高中
disease,dɪ'ziz,,n.病， 疾病,高中
start,stɑrt,,n&v.开始， 着手； 出发,高中
purchase,'pɝtʃəs,,n&vt.购买,高中
yet,jɛt,,ad.到目前为止； 还； 仍然,高中
engineer,",ɛndʒɪ'nɪr",,n.工程师； 技师,高中
pair,pɛr,,n.一双， 一对,高中
manage,'mænɪdʒ,,vi.应付过去 vt.管理；达成,高中
equal,'ikwəl,,a.平等的，相等的 vt.等于， 比得上,高中
alike,ə'laɪk,,ad.类似于， 以同样的方式 a.相同的，相似的,高中
gravity,ˈɡrævətɪ,,n.地心引力， 重力,高中
typical,'tɪpɪkl,,a.典型的； 象征性的,高中
bravery,'brevəri,,n.勇敢， 勇气,高中
finance,'faɪnæns,,n.财政， 金融,高中
parking,'pɑrkɪŋ,,n.停车,高中
shadow,'ʃædo,,n.[C] 影子， 阴影,高中
hydrogen,'haɪdrədʒən,,n.氢,高中
put,pʊt,,vt.放， 摆,高中
climb,klaɪm,,v.爬， 攀登,高中
offence,ə'fɛns,,n.犯罪； 过错； 冒犯； 攻击,高中
carbon,'kɑrbən,,n.碳,高中
circus,'sɝkəs,,n.马戏团,高中
controversial,",kɑntrə'vɝʃl",,a.争论的， 争议的,高中
dinosaur,ˈdaɪnəˌsɔr,,n.恐龙,高中
enter,'ɛntɚ,,v.进入,高中
attain,ə'ten,,vt.获得； 达到,高中
trap,træp,,vt.使陷入困境 n.陷阱， 圈套,高中
lonely,'lonli,,a.孤独的， 寂寞的,高中
tram,træm,,n.有轨电车,高中
pale,pel,,a.苍白的， 灰白的,高中
struggle,'strʌɡl,,n&v.努力， 斗争， 挣扎,高中
gallery,'gæləri,,n.画廊， 美术品陈列室,高中
pest,pɛst,,n.害虫,高中
warmth,wɔrmθ,,n.温暖， 暖和； 热烈， 热情， 热心,高中
lesson,'lɛsn,,n.课； 功课； 教训,高中
destroy,dɪ'strɔɪ,,v.破坏， 毁坏,高中
supreme,suˈprim,,a.极度的； 极大的， 最高的,高中
ambulance,'æmbjələns,,n.救护车,高中
junior,'dʒunɪɚ,,a.初级的； 年少的,高中
coast,kost,,n.海岸， 海滨,高中
shuttle,'ʃʌtl,,n.车辆、 飞机等,高中
provide,prə'vaɪd,,v.提供,高中
allocate,'æləket,,vt.分配； 配给； 拨出,高中
light,laɪt,,vi.点，变亮 a.明亮的； 轻的； 浅色的 n.光，灯，灯光,高中
valuable,ˈvæljuəbəl; ˈvæljə-,,a.值钱的， 贵重的,高中
primary,'praɪmɛri,,a.初级的； 首要的,高中
stubborn,'stʌbɚn,,a.顽固的， 固执的； 难应付的,高中
enterprise,'ɛntɚ'praɪz,,n.企业， 事业,高中
paperwork,'pepɚ'wɝk,,n.文书工作,高中
solar,'solɚ,,a.太阳的,高中
consume,kənˈsum,,vt.消耗； 消费,高中
triangle,'traɪæŋɡl,,a.三角形的 n.三角形,高中
competence,'kɑmpɪtəns,,n.能力,高中
helmet,'hɛlmɪt,,n.头盔,高中
theme,θim,,n.主题,高中
consult,kən'sʌlt,,v.请教， 商议； 查询,高中
merely,'mɪrli,,ad.仅仅， 只不过,高中
wealth,wɛlθ,,n.财富,高中
editor,'ɛdɪtɚ,,n.编辑,高中
means,minz,,n.方法， 手段,高中
chain,tʃen,,n.链， 链条,高中
desire,dɪ'zaɪɚ,,n&v.渴望， 期望,高中
survive,sɚ'vaɪv,,vi.幸存，生还 vt.比…活得长,高中
initial,ɪ'nɪʃəl,,a.开始的， 最初的,高中
muddy,'mʌdi,,a.泥泞的，多泥的,高中
consistent,kən'sɪstənt,,a.一致的， 连贯的,高中
sword,sɔːrd,,n.剑， 刀,高中
fingernail,'fɪŋɡɚnel,,n.手指甲,高中
permanent,'pɝmənənt,,a.永久的， 持久的,高中
chat,tʃæt,,vi.聊天， 闲谈 n.聊天，闲谈,高中
fetch,fɛtʃ,,v.去取来， 去请来,高中
fellow,'fɛlo,,n.同伴， 伙伴,高中
choice,tʃɔɪs,,n.选择， 抉择,高中
travel,'trævl,,n&vi.旅行,高中
civilization,",sɪvələ'zeʃən",,n.文明， 文化,高中
before,bɪ'fɔr,,ad.以前 conj.在…之前 prep.在…以前，在…前面,高中
fiction,'fɪkʃən,,n.小说； 虚构， 杜撰,高中
friendly,ˈfrɛndlɪ,,a.友好的,高中
possession,pə'zɛʃən,,n.所有， 拥有； 财产， 所有物,高中
tell,tel,,v.告诉， 吩咐； 辨别， 知道,高中
replace,rɪ'ples,,vt.取代， 代替； 把…放回原处,高中
appointment,ə'pɔɪntmənt,,n.约会,高中
stomach,'stʌmək,,n.[C] 胃， 胃部,高中
experience,ɪk'spɪrɪəns,,vt.经历，体验 n.经验； 经历,高中
listen,'lɪsn,,vi.听， 仔细听， 留神听,高中
hit,hɪt,,n&v.打， 撞； 击中,高中
major,'medʒɚ,,a.主要的；成年的 n.主修专业,高中
interrupt,'ɪntə'rʌpt,,v.打扰， 打断,高中
beat,bit,,v.打赢；跳动；敲打 n.节拍,高中
worldwide,'wɝldwaɪd,,a.遍及全球的， 世界各地的,高中
bear,bɛr,,v.承担；忍受 n.熊,高中
affair,ə'fɛr,,n.事， 事情,高中
consider,kən'sɪdɚ,,vt.考虑； 认为,高中
housework,'haʊs'wɝk,,n.家务劳动,高中
potential,pə'tɛnʃl,,a.潜在的，可能的 n.潜力,高中
accustomed,ə'kʌstəmd,,a.通常的， 习惯的,高中
group,ɡrup,,n.组， 群,高中
jewelry,'dʒʊəlri,,n.〈总称〉 珠宝， 首饰,高中
obtain,əb'ten,,vt.获得， 得到,高中
lounge,laʊndʒ,,n.休息厅， 休息室,高中
rugby,'rʌɡbi,,n.英式橄榄球,高中
resist,rɪ'zɪst,,vt.抵抗； 挡开,高中
format,'fɔrmæt,,n.版式， 格式,高中
sacrifice,'sækrɪfaɪs,,n&v.牺牲， 奉献,高中
particular,pɚ'tɪkjəlɚ,,a.特殊的；个别的,高中
illegal,ɪ'ligl,,a.违法的， 不合规定的,高中
pause,pɔz,,n&vi.暂停， 停止,高中
congratulate,kən'ɡrætʃulet,,vt.祝贺， 恭贺,高中
careless,'kɛrləs,,a.粗心的； 漫不经心的,高中
square,skwɛr,,a.平方的； 方形的 n.广场；正方形,高中
rainbow,'renbo,,n.彩虹； 幻想,高中
twice,twaɪs,,ad.两次； 两倍,高中
ample,'æmpl,,a.充足的， 丰富的,高中
altitude,'æltɪtud,,n.高度； 高处,高中
request,rɪ'kwɛst,,n&vt.要求， 请求,高中
classify,'klæsɪfaɪ,,vt.分类,高中
part,pɑrt,,v.分离， 分别 n.部分；角色,高中
percent,pɚ'sɛnt,,n.百分之…,高中
point,pɔɪnt,,v.指，指向 n.点； 要点， 观点； 分数,高中
paddle,'pædl,,v.划桨； 戏水 n.桨状物；蹼,高中
general,'dʒɛnrəl,,a.大体的， 总的； 一般的； 普遍的,高中
tend,tɛnd,,vi.趋向， 往往是 vt.照管，护理,高中
frighten,'fraɪtn,,vt.使惊恐， 吓唬,高中
relief,rɪ'lif,,n.缓解； 轻松,高中
boycott,'bɔɪkɑt,,n&vt.联合抵制,高中
dimension,"dəˈmɛnʃən, daɪ-",,n.尺寸， 尺度,高中
park,pɑrk,,n.公园；停车场 vt.停放,高中
unbelievable,",ʌnbɪ'livəbl",,a.难以置信的,高中
process,proˈsɛs;(for n.)prɑsɛs,,vt.加工，处理 n.程序； 方法,高中
deserve,dɪ'zɝv,,vt.应受， 值得,高中
subscribe,səb'skraɪb,,v.捐赠； 订阅,高中
clear,klɪr,,a.清晰的； 明亮的； 清楚的,高中
chef,ʃɛf,,n.厨师,高中
alternative,ɔl'tɝnətɪv,,a.选择性的， 二者择一的,高中
zoom,zum,,v.突然扩大， 使猛增,高中
colleague,'kɑliɡ,,n.同事,高中
diamond,'daɪəmənd,,n.钻石， 金刚石； 菱形,高中
someone,'sʌmwʌn,,pron.某人； 重要人物,高中
build,bɪld,,v.建造 n.构造,高中
mean,min,,v.意味着， 意思是,高中
approve,ə'prʊv,,vi.赞成； 满意 vt.批准，通过,高中
neither,ˈniðɚ,,determiner.两者都不（的），两者中无一（的） ad.也不,高中
earn,ɝn,,vt.挣得， 赚得,高中
glad,ɡlæd,,a.高兴的， 乐意的,高中
chew,tʃʊ,,v.咀嚼,高中
pedestrian,pə'dɛstrɪən,,n.步行者， 行人,高中
hurry,'hɝrɪ,,v.赶快；急忙 n.匆忙， 仓促,高中
account,ə'kaʊnt,,v.总计有； 认为 n.账目；描述,高中
tolerate,'tɑləret,,vt.忍受， 容忍,高中
radioactive,'redɪo'æktɪv,,a.放射性的,高中
underline,'ʌndəlaɪn,,vt.在…下面划线； 强调,高中
innocent,'ɪnəsnt,,a.清白的， 无罪的； 纯真的,高中
chopsticks,"'tʃɑp,stɪks",,n.筷子,高中
alphabet,'ælfə'bɛt,,n.字母表,高中
ambiguous,æm'bɪɡjuəs,,a.暧昧的； 不明确的,高中
advance,əd'væns,,v&n.推进， 前进,高中
trip,trɪp,,n.[C] 旅行， 旅程,高中
botanical,bə'tænɪkl,,a.植物学的， 植物的,高中
appreciate,ə'priʃɪet,,vt.欣赏； 感激,高中
record,(for v.) rɪˈkɔrd; (for n.) ˈrekərd;ˈrɛkɚd,,v.录制， 记录 n.记录； 唱片,高中
diverse,daɪ'vɝs,,a.不同的， 多种多样的,高中
cube,kjʊb,,n.立方体， 立方,高中
strict,strɪkt,,a.严格的， 严密的,高中
jump,dʒʌmp,,v.跳跃； 惊起； 猛扑 n.[C]跳跃,高中
knowledge,'nɑlɪdʒ,,n.知识， 学问,高中
happen,'hæpən,,v.发生， 碰巧,高中
pass,pæs,,v.传递； 经过,高中
past,pæst,,a.过去的，最近的 prep.经过； 晚于 n.过去，往事,高中
festival,ˈfɛstəvl,,n.节日,高中
shock,ʃɑk,,vt.使震惊 n.震动， 冲击,高中
delighted,dɪ'laɪtɪd,,a.高兴的， 快乐的,高中
pancake,'pænkek,,n.薄煎饼,高中
active,'æktɪv,,a.积极的， 主动的,高中
bill,bɪl,,n.钞票； 账单； 法案， 议案,高中
whichever,wɪtʃ'ɛvɚ,,pron.不论哪个,高中
court,kɔrt,,n.法庭， 法院； 球场,高中
whose,huz,,pron&conj.谁的,高中
bucket,'bʌkɪt,,n.桶； 铲斗,高中
senior,'sinɪɚ,,a.年长的，资深的；高年级的 n.上级， 长辈； 高年级学生,高中
flexible,'flɛksəbl,,a.柔软的， 灵活的,高中
relative,'rɛlətɪv,,a.相对的； 比较的 n.亲属，亲戚,高中
attitude,'ætɪtʊd,,n.态度； 看法,高中
organ,'ɔrɡən,,n.器官,高中
average,'ævərɪdʒ,,a.平均的；普通的 n.平均数,高中
compare,kəm'pɛr,,vt.比较， 对照,高中
sceptical,'skeptikəl,,a.怀疑的， 怀疑论的,高中
unwilling,ʌn'wɪlɪŋ,,a.不愿意， 勉强的,高中
thriller,'θrɪlɚ,,n.使人激动的人； 惊险、 恐怖、 刺激的小说、 戏剧或电影,高中
transparent,træns'pærənt,,a.显然的； 透明的,高中
characteristic,",kærəktə'rɪstɪk",,a.特有的， 独特的， 典型的,高中
how,haʊ,,ad.怎样， 如何； 多少； 多么,高中
grasp,ɡræsp,,vt.抓住， 紧握； 领会,高中
Buddhism,'bʊdɪzəm,,n.佛教,高中
receptionist,rɪ'sɛpʃənɪst,,n.接待员,高中
composition,",kɑmpə'zɪʃən",,n.作文； 作曲,高中
unlike,'ʌn'laɪk,,prep.不像， 和…不同,高中
hearing,'hɪrɪŋ,,n.听力,高中
term,tɝm,,n.学期； 术语； 条款； 项,高中
volcano,vɑl'keno,,n.火山,高中
wedding,'wɛdɪŋ,,n.婚礼， 结婚,高中
acquisition,",ækwɪ'zɪʃən",,n.获得； 获得物,高中
rigid,'rɪdʒɪd,,a.刚硬的， 刚性的； 严格的,高中
deadline,ˈdedlaɪn,,n.最后期限， 截止日期,高中
spare,spɛr,,a.空闲的；多余的，剩余的 vt.提供； 匀出， 分出,高中
mine,maɪn,,pron.我的 v.开采，挖掘 n.矿藏,高中
mind,maɪnd,,v.介意 n.思想,高中
grateful,'ɡretfl,,a.感激的， 感谢的,高中
business,ˈbɪznɪs,,n.商业， 生意； 职业， 事业,高中
bungalow,ˈbʌŋɡəˌlo,,n.平房,高中
staff,stæf,,n.全体职员,高中
possible,'pɑsəbl,,a.可能的,高中
partly,'pɑrtli,,ad.部分地， 在一定程度上,高中
breathless,'brɛθləs,,a.喘不过气来的,高中
meet,mit,,v.遇见，会面；满足 n.集会,高中
answer,'ænsɚ,,v.回答， 应答； 接电话 n.答案,高中
borrow,'bɑro,,v.借用； 借,高中
maximum,ˈmæksəməm,,n&adj.最大量 ， 最大限度,高中
under,'ʌndɚ,,ad.在下 prep.在…下面， 向…下面,高中
desert,(for v.) dɪˈzɝ​t; (for n.) 'dɛzɚt,,v.舍弃， 遗弃 n.沙漠,高中
represent,",rɛprɪ'zɛnt",,vt.代表； 表现,高中
compete,kəm'pit,,vi.比赛， 竞赛,高中
die,daɪ,,v.死亡； 消失； 熄灭,高中
radium,'redɪəm,,n.镭,高中
fragrant,'fregrənt,,a.香的， 芬芳的,高中
dig,dɪɡ,,v.挖  ， 掘,高中
accountant,ə'kaʊntənt,,n.会计， 会计师,高中
stocking,'stɑkɪŋ,,n.长筒袜,高中
sometimes,'sʌmtaɪmz,,ad.有时,高中
emergency,ɪ'mɝdʒənsi,,n.紧急情况或状态,高中
promise,'prɑmɪs,,v.答应，允诺；预示 n.答应， 允诺； 希望， 前景,高中
dip,dɪp,,v.浸， 蘸,高中
hold,hold,,v.拿， 握住； 举行,高中
habit,'hæbɪt,,n.习惯， 习性,高中
passport,'pæspɔrt,,n.护照,高中
absurd,əbˈsɝ​d,,a.不合理的； 荒谬的,高中
burglar,'bɝɡlɚ,,n.盗贼， 窃贼,高中
considerate,kənˈsɪdərɪt,,a.体贴的， 考虑周到的； 替人着想的,高中
rubber,'rʌbɚ,,n.橡皮； 橡胶； 合成橡胶,高中
legal,'ligl,,a.法律的， 法定的,高中
underwear,'ʌndɚwɛr,,n.内衣,高中
talk,tɔk,,v.谈话，议论 n.谈话， 会谈； 演讲,高中
reply,rɪ'plai,,n&vi.回答， 答复,高中
train,tren,,v.培训，训练 n.火车,高中
parcel,'pɑrsl,,n.包裹,高中
test,tɛst,,n&vt.测试， 考查， 试验,高中
journey,ˈdʒɝ​nɪ,,n.旅行， 路程,高中
count,kaʊnt,,v.数； 计算； 有价值,高中
graph,ɡræf,,n.图表， 曲线图,高中
upwards,'ʌpwəd(z),,ad.向上， 往上,高中
feast,fist,,n.盛宴； 节日； 令人愉悦的事情,高中
contradictory,",kɑntrə'dɪktəri",,a.相互矛盾的；不一致的,高中
take,tek,,v.拿走； 接受， 接纳,高中
accompany,ə'kʌmpəni,,vt.陪伴， 伴随； 伴奏,高中
petrol,'pɛtrəl,,n.汽油,高中
beneficial,",bɛnɪ'fɪʃl",,a.有益的， 受益的,高中
blame,blem,,n&vt.责备， 责怪,高中
final,'faɪnl,,a.最后的 n.决赛； 期末考试,高中
some,sʌm;səm,,pron.若干， 一些 a.一些，若干；有些；某一,高中
squeeze,skwiz,,v.压榨， 挤 n.紧握，捏,高中
blank,blæŋk,,a.空的；茫然的 n.空格， 空白， 空白处,高中
rather,'ræðɚ,,ad.相当， 宁可,高中
importance,ɪm'pɔrtns,,n.重要性,高中
session,'sɛʃən,,n.会议； 开庭,高中
back,bæk,,ad.回；向后 a.后面的 n.背后， 后部； 背,高中
worthy,wɜði,,a.值得的； 相称的,高中
endless,ˈɛndlɪs,,a.无止境的； 没完没了的,高中
training,'trenɪŋ,,n.培训,高中
expectation,",ɛkspɛk'teʃən",,n.预料； 期望,高中
mist,mɪst,,n.雾,高中
miss,mɪs,,v.错过； 想念,高中
pound,paʊnd,,n.磅； 英镑,高中
load,lod,,n.担子， 货物,高中
bite,baɪt,,v.咬，叮 n.咬； 一口,高中
ferry,'fɛri,,n.渡船,高中
disgusting,dɪs'ɡʌstɪŋ,,a.令人讨厌的,高中
ignore,ɪɡ'nɔr,,vt.不理睬； 忽视,高中
loaf,lof,,n.一条,高中
reception,rɪ'sɛpʃən,,n.接待,高中
applaud,ə'plɔd,,v.鼓掌， 喝彩,高中
just,dʒʌst,,ad.刚才，恰好；只是，仅 a.公正的,高中
outward,'aʊtwɚd,,ad.向外，在外 a.向外的， 外出的,高中
notice,'notɪs,,v.注意到 n.通告，注意,高中
yummy,'jʌmi,,a.美味的,高中
holy,'holi,,a.神圣的,高中
relax,rɪ'læks,,v.放松， 轻松,高中
relay,rɪ'le,,n.接力；,高中
custom,'kʌstəm,,n.习惯， 习俗,高中
length,lɛŋθ,,n.长， 长度,高中
permission,pɚ'mɪʃən,,n.允许， 许可， 同意,高中
grand,ɡrænd,,a.宏伟的， 盛大的,高中
schedule,ˈskedʒʊl; skɛdʒʊl,,n.时刻表 vt.安排， 排定,高中
eastwards,'istwɚdz,,ad.向东,高中
print,prɪnt,,v.印刷,高中
rewind,",ri'waɪnd",,v.重绕； 回转,高中
although,ɔl'ðo,,conj.虽然， 尽管,高中
material,mə'tɪrɪəl,,n.材料， 原料； 物质,高中
approximately,ə'prɑksɪmətli,,ad.近似地， 大约,高中
encouragement,ɪn'kɝɪdʒmənt,,n.鼓励， 支持， 促进； 起激励作用的事物,高中
universe,'junɪvɝs,,n.宇宙,高中
biochemistry,'baɪo'kɛmɪstri,,n.生物化学,高中
iron,'aɪɚn,,v.熨烫 n.铁；熨斗,高中
idiom,'ɪdɪəm,,n.习语， 成语,高中
blanket,'blæŋkɪt,,n.毛毯， 毯子,高中
hug,hʌɡ,,v.紧抱，拥抱 n.拥抱,高中
explain,ɪk'splen,,vt.解释， 说明,高中
envy,'ɛnvi,,n&v.嫉妒， 羡慕,高中
discount,dɪs'kaʊnt,,n.折扣,高中
construct,kən'strʌkt,,vt.构筑； 建造,高中
hope,hop,,n&v.希望,高中
attempt,ə'tɛmpt,,vt&n.试图， 尝试,高中
soon,sun,,ad.不久， 很快， 一会儿,高中
division,də'vɪʒən,,n.除， 除法； 分开， 分割； 分界线,高中
tablet,ˈtæblɪt,,n.药片,高中
hook,hʊk,,n.钩子 vt.钩住， 用钩子挂,高中
balance,'bæləns,,v.使平衡； 权衡 n.平衡,高中
bend,bɛnd,,v.弯曲； 弯腰， 屈身,高中
action,'ækʃən,,n.行动,高中
lock,lɑk,,n.锁 vt.锁， 锁上,高中
stadium,'stedɪəm,,n.体育场,高中
fear,fɪr,,n&v.害怕， 恐惧， 担忧,高中
appreciation,"ə,priʃɪ'eʃən",,n.欣赏； 评论； 感激,高中
electrical,ɪ'lɛktrɪkl,,a.与电有关的， 电气的,高中
statue,'stætʃu,,n.雕像,高中
sense,sɛns,,n.感觉， 意识,高中
cream,krim,,n.奶油； 乳脂,高中
sensitive,'sɛnsətɪv,,a.敏感的； 灵敏的； 易被惹恼的,高中
being,'biɪŋ,,n.生物， 人； 存在,高中
vacant,'vekənt,,a.空的， 空白的,高中
afford,ə'fɔrd,,vt.买得起； 有时间做； 承担得起； 提供,高中
birthplace,'bɝθ'ples,,n.出生地， 故乡,高中
dustbin,'dʌstbɪn,,n.垃圾箱,高中
impression,ɪm'prɛʃən,,n.印象， 感觉,高中
interval,'ɪntɚvl,,n.间歇， 间隔； 幕间休息,高中
evaluate,ɪ'væljʊ'et,,vt.评价； 估计,高中
status,ˈstetəs,,n.身份， 地位,高中
upset,ʌp'sɛt,,a.心烦的，苦恼的 vt.使苦恼,高中
dot,dɑt,,n.点， 圆点,高中
deliver,dɪ'lɪvɚ,,vt.投递  ； 交付， 给,高中
tailor,'telɚ,,v.定做 n.裁缝,高中
stamp,stæmp,,n.[C] 邮票,高中
skip,skɪp,,vi.跳过； 跳读,高中
phenomenon,fə'nɑmɪnən,,n.现象,高中
mention,'mɛnʃən,,vt.提到，说起 n.提及,高中
mad,mæd,,a.发疯的； 生气的,高中
barbecue,'bɑrbɪkju,,n.烤肉野餐,高中
file,faɪl,,n.文件， 档案,高中
laundry,'lɔndri,,n.洗衣店； 要洗的衣服,高中
member,'mɛmbɚ,,n.成员， 会员,高中
brewery,'bruəri,,n.啤酒厂， 酿酒厂,高中
accumulate,ə'kjumjəlet,,vt.堆积， 积累,高中
crime,kraɪm,,n.罪， 罪行,高中
stand,stænd,,vi.站立 vt.承担，忍受 n.站； 台,高中
surround,sə'raʊnd,,vt.围绕， 包围,高中
together,tə'ɡɛðɚ,,ad.一起， 共同,高中
pavement,'pevmənt,,n.人行道,高中
cigarette,"ˌsɪɡəˈrɛt, ˈsɪɡəˌrɛt",,n.香烟,高中
may,me,,modal verb.可能，也许 n.山楂花,高中
could,kəd; kʊd,,modal verb.能，会，可以〔can 的过去式〕,高中
forward,'fɔrwɚd,,ad.向前， 前进 a.早的；前进的,高中
bent,bɛnt,,n.爱好，嗜好 a.弯曲的；决心的,高中
strike,straɪk,,vt.罢工；侵袭；敲；,高中
health,hɛlθ,,n.健康， 卫生,高中
positive,'pɑzətɪv,,a.积极的； 肯定的,高中
favourite,'fevərɪt,,a.特别喜爱的 n.特别喜爱的人,高中
bless,blɛs,,vt.保佑， 降福,高中
menu,'mɛnju,,n.菜单,高中
Pacific,pə'sɪfɪk,,a.太平洋的,高中
able,'ebl,,a.有能力的； 有才干的， 有本事的,高中
mend,mɛnd,,v.修理， 修补,高中
return,rɪ'tɝn,,v.归还，返回 n.返回， 来回,高中
mail,mel,,n.邮政，邮递 vt.〈美〉 邮寄,高中
conscience,ˈkɑːnʃəns,,n.道德心， 良心,高中
subject,ˈsʌbdʒɪkt;(for adj.)ˈsʌbdʒɪkt;(for v.)səbˈdʒɛkt,,n.题目， 主题； 学科； 主语； 主体,高中
use,juz,,n.利用； 应用,高中
bonus,'bonəs,,n.奖金， 红利,高中
feel,fil,,vi.摸索，寻找 v.觉得； 摸起来 vt.感觉；触摸；认为,高中
main,meɪn,,a.主要的,高中
thrill,θrɪl,,n.激动，兴奋；刺激 vt.使激动； 使胆战心惊,高中
serve,sɝv,,vt.服务， 招待； 服役,高中
cassette,kə'sɛt,,n.[C]卡式盒； 暗盒,高中
smile,smaɪl,,n&v.微笑,高中
fine,faɪn,,a.好的；晴朗的；健康的 vt.处…以罚金,高中
find,faɪnd,,vt.找到， 发现； 感到,高中
host,host,,n.主人；节目主持人 vt.招待； 主持,高中
accelerate,əkˈsɛləˌret,,vt.加速， 促进,高中
grain,ɡren,,n.谷物， 谷类,高中
international,",ɪntɚ'næʃnəl",,a.国际的,高中
maid,med,,n.女仆； 少女,高中
credit,'krɛdɪt,,n.信用； 信赖； 贷方,高中
oxygen,'ɑksɪdʒən,,n.氧； 氧气,高中
regardless,rɪ'ɡɑrdləs,,ad.不管， 不顾； 不加理会,高中
terrible,'tɛrəbl,,a.可怕的； 糟糕的,高中
combine,kəm'baɪn,,v.联合， 结合,高中
upward,'ʌpwɚd,,ad.向上， 往上,高中
waste,west,,vt.浪费 n.废弃物； 粪便,高中
citizen,'sɪtɪzn,,n.公民， 市民,高中
occur,ə'kɝ,,vi.发生， 出现,高中
comedy,'kɑmədi,,n.喜剧,高中
pleasant,'plɛznt,,a.令人愉快的， 舒适的,高中
difficult,ˈdɪfəkəlt,,a.难的； 艰难的； 不易相处的,高中
pressure,'prɛʃɚ,,n.压； 压力； 压强,高中
sort,sɔrt,,v.分类，拣选 n.种类， 类别,高中
fill,fɪl,,v.填空； 装满； 充满,高中
dentist,'dɛntɪst,,n.牙科医生,高中
numb,nʌm,,a.麻木的,高中
feed,fid,,v.喂  ， 饲  ； 吃,高中
forget,fɚ'ɡɛt,,v.忘记， 忘掉,高中
professor,prə'fɛsɚ,,n.教授,高中
convenient,kənˈvinjənt,,a.便利的， 方便的,高中
specialist,'spɛʃəlɪst,,n.专家， 专科医生； 专家； 专业人员,高中
compass,'kʌmpəs,,v.包围 n.指南针,高中
background,'bækɡraʊnd,,n.背景,高中
true,tru,,a.真正的， 确实的； 正确的,高中
adolescent,",ædə'lɛsnt",,a.青春期的 n.[C]青少年,高中
valley,'væli,,n.山谷， 溪谷,高中
position,pə'zɪʃən,,n.位置； 职位,高中
present,prɪˈzɛnt;(for n.)ˈprɛznt,,a.当前的；出席的 n.礼物， 赠品 vt.赠送； 介绍,高中
laughter,'læftɚ,,n.笑， 笑声,高中
since,sɪns,,prep.自从…以来，自从…之后,高中
patent,'pætnt,,n.专利权,高中
belong,bɪ'lɔŋ,,vi.属， 附属,高中
soul,sol,,n.灵魂， 心灵,高中
dangerous,'dendʒərəs,,a.危险的,高中
certificate,"sɚˈtɪfɪkɪt; (for v.,) sɚˈtɪfɪˌket",,n.证明， 证明书,高中
mess,mɛs,,v.弄乱 n.凌乱,高中
sour,'saʊɚ,,a.酸的,高中
delete,dɪ'lit,,vt.删除,高中
stain,sten,,n.污点， 瑕疵,高中
breath,brɛθ,,n.气息， 呼吸,高中
transform,træns'fɔrm,,v.转变， 转换,高中
advise,əd'vaɪz,,vt.忠告， 劝告， 建议,高中
repeat,rɪ'pit,,vt.重说， 重做； 重复,高中
physical,'fɪzɪkl,,a.身体的； 物理的； 客观存在的,高中
make,mek,,vt.制造， 做； 使成为,高中
microwave,'maɪkrə'wev,,n.微波,高中
rooster,'rustɚ,,n.公鸡,高中
brochure,bro'ʃʊr,,n.小册子,高中
master,'mæstɚ,,vt.精通，掌握 n.主人； 硕士,高中
extraordinary,ɪkˈstrɔrdənerɪ; ɪkˈstrɔrdnˌɛrɪ,,a.非常的； 非凡的,高中
witness,ˈwɪtnɪs,,v.目击，作证 n.证人， 目击者,高中
conventional,kən'vɛnʃənl,,a.惯例的， 传统的； 常规的,高中
regulation,ˌrɛɡjəˈleʃən,,n.规则， 规章,高中
due,du,,a.预期的； 约定的,高中
ripen,'raɪpən,,v.成熟,高中
puzzle,'pʌzl,,v.迷惑， 困扰 n.难题；谜,高中
evident,'ɛvɪdənt,,a.明显的， 显然的,高中
accommodation,"ə,kɑmə'deʃən",,n.住处；工作场所,高中
authentic,ɔ'θɛntɪk,,a.真的， 可信的,高中
socket,'sɑkɪt,,n.插座， 插孔； 孔， 穴,高中
biscuit,'bɪskɪt,,n.饼干,高中
fence,fɛns,,n.栅栏， 篱笆,高中
breast,brɛst,,n.胸部； 胸怀,高中
mercy,'mɝsi,,n.怜悯,高中
annoy,ə'nɔɪ,,vt.使烦恼， 使生气； 骚扰,高中
inform,ɪn'fɔrm,,v.通知， 告诉,高中
depend,dɪ'pɛnd,,vi.依靠， 指望； 取决于,高中
commit,kə'mɪt,,v.犯  ， 干,高中
about,ə'baʊt,,ad.大约；到处，周围 prep.关于； 在附近， 在周围,高中
scream,skrim,,v.尖叫，尖声喊叫 n.尖叫,高中
sorrow,sɑro,,n.悲伤， 悲痛,高中
cure,kjʊr,,n&v.治疗， 医好,高中
danger,'dendʒɚ,,n.危险,高中
crash,kræʃ,,v&n.碰撞； 坠毁,高中
cover,'kʌvɚ,,n.盖子；罩；封面 vt.覆盖； 掩盖； 包括； 报道,高中
firm,fɝm,,a.坚固的； 坚定的 n.公司，企业,高中
character,'kærɪktɚ,,n.字符； 性格,高中
reflect,rɪ'flɛkt,,vt.反射， 反映,高中
contribution,",kɑntrɪ'bjuʃən",,n.贡献； 捐款,高中
above,ə'bʌv,,ad.在上面 a.上面的，上述的；上文的 prep.在…上面，在…上方；多于，大于,高中
fire,'faɪr,,n.火，火灾 vt.点火； 射击； 解雇,高中
stick,stɪk,,v.黏住；坚持 n.木棒， 木棍,高中
orbit,'ɔrbɪt,,n.运行轨道,高中
band,bænd,,n.乐队； 带子； 镶边,高中
height,haɪt,,n.高， 高度,高中
spray,spreɪ,,v.喷洒 n.水雾，喷雾,高中
distinguish,dɪ'stɪŋɡwɪʃ,,v.区分， 辨别,高中
outer,'aʊtɚ,,a.外部的,高中
invent,ɪn'vɛnt,,vt.发明， 创造,高中
fluent,'fluənt,,a.流利的， 流畅的,高中
wonderful,ˈwʌndɚfəl,,a.极好的,高中
shortcoming,'ʃɔrtkʌmɪŋ,,n.[C] 缺点， 短处,高中
haircut,'hɛrkʌt,,n.理发,高中
howl,haʊl,,v.嚎叫， 嚎哭,高中
something,'sʌmθɪŋ,,pron.某事； 某物,高中
benefit,'bɛnɪfɪt,,n.利益，好处 vt.使受益,高中
flood,flʌd,,v.淹没， 泛滥 n.洪水,高中
quality,'kwɑləti,,n.质量； 品质,高中
intention,ɪn'tɛnʃən,,n.计划， 意图， 目的,高中
booth,bʊθ,,n.岗；  亭或小隔间,高中
rude,rud,,a.无礼的， 粗鲁的， 粗暴的,高中
enthusiastic,"ɪn,θuzɪ'æstɪk",,a.热心的， 热情的,高中
symptom,'sɪmptəm,,n.症状,高中
funeral,'fjunərəl,,n.葬礼,高中
unique,jʊ'nik,,a.唯一的， 独特的,高中
except,ɪk'sɛpt,,prep.除…之外,高中
ministry,'mɪnɪstri,,n.部门,高中
religious,rɪ'lɪdʒəs,,a.宗教的； 虔诚的,高中
shelter,'ʃɛltɚ,,n.掩蔽； 隐蔽处,高中
fact,fækt,,n.事实， 现实,高中
examine,ɪg'zæmɪn,,v.检查， 诊察,高中
scan,skæn,,v.细看； 浏览； 扫描,高中
fundamental,",fʌndə'mɛntl",,a.基础的， 基本的,高中
association,"ə,soʃɪ'eʃən",,n.联合； 联盟； 结交， 交往； 协会,高中
believe,bɪ'liv,,vt.相信； 认为,高中
remember,rɪ'mɛmbɚ,,v.记得； 纪念,高中
outline,'aʊtlaɪn,,n.大纲，轮廓；要点，概要 vt.描绘轮廓； 略述,高中
fade,fed,,v.褪色； 使消退； 枯萎,高中
unless,ən'lɛs,,conj.如果不， 除非,高中
glance,ɡlæns,,v&n.扫视， 匆匆一看,高中
free,fri,,a.自由的， 空闲的； 免费的,高中
equality,ɪ'kwɑləti,,n.平等， 同等， 均等,高中
mix,mɪks,,v.混合， 搅拌,高中
ought,ɔt,,aux.应该，应当；大概 vi.应该，应当；大概,高中
dictation,dɪk'teʃən,,n.听写,高中
crayon,kreən,,n.蜡笔； 蜡笔画,高中
honour,'ɔnə,,vt.尊敬，给予荣誉 n.荣誉， 光荣,高中
bother,'bɑðɚ,,vt.烦扰， 打扰,高中
expression,ɪk'sprɛʃən,,n.表情； 表达法， 表达方式,高中
middle,'mɪdl,,a.中部的， 中间的， 中级的 n.中间，当中,高中
childhood,'tʃaɪldhʊd,,n.幼年时代， 童年,高中
though,ðo,,conj&adv.虽然， 可是， 尽管,高中
thorough,ˈθʌrəʊ; θʌro,,a.彻底的,高中
appeal,ə'pil,,n&v.呼吁， 请求,高中
everyday,'ɛvrɪde,,a.日常的,高中
stay,ste,,v.保持，停止，阻止 n.逗留,高中
appear,ə'pɪr,,vi.出现； 看来， 似乎,高中
face,fes,,n.脸；面容；表情；面子；正面 vt.面向； 面对， 朝； 正视； 面临,高中
abandon,ə'bændən,,vt.放弃,高中
congratulation,"kən,ɡrætʃu'leʃən",,n.祝贺，恭贺,高中
inspire,ɪn'spaɪɚ,,v.鼓舞， 激励； 启示,高中
afraid,ə'fred,,a.害怕的， 恐惧的,高中
progress,'prɑɡrɛs,,vi.进展； 进行 n.进步， 上进,高中
geometry,dʒɪ'ɑmətri,,n.几何学,高中
invite,ɪn'vaɪt,,vt.邀请； 招待,高中
open,'opən,,a.公开的；开着的 v.打开； 公开,高中
devote,dɪ'vot,,vt.奉献； 致力； 专心,高中
agent,'edʒənt,,n.代理商,高中
treat,trit,,vt.对待， 看待； 治疗,高中
abortion,ə'bɔrʃən,,n.流产； 堕胎,高中
bishop,'bɪʃəp,,n.主教,高中
suffering,'sʌfərɪŋ,,n.痛苦，苦难,高中
afterward,ˈæftərwərd,,ad.后来,高中
reputation,",rɛpju'teʃən",,n.名誉， 名声,高中
project,prəˈdʒɛkt; prɑdʒɛkt,,n.项目， 工程,高中
inside,'ɪn'saɪd,,ad.在里面， 在内部 prep.在…里面，在…之内,高中
independence,",ɪndɪ'pɛndəns",,n.独立,高中
presentation,",prizɛn'teʃən",,n.演示， 演出； 呈现， 展示,高中
whenever,wɛn'ɛvɚ,,conj.无论何时,高中
dynasty,'daɪnəsti,,n.朝代， 王朝,高中
bark,bɑrk,,v.〔狗〕吠叫 n.狗叫声，吠声,高中
greedy,'gridi,,a.贪婪的,高中
awkward,'ɔkwɚd,,a.笨拙的； 难使用的,高中
bare,bɛr,,a.赤裸的 vt.使赤裸；露出,高中
ruin,'ruɪn,,v.毁坏；毁灭,高中
mutton,'mʌtn,,n.羊肉,高中
celebrate,sɛləˌbret,,v.庆祝,高中
admirable,'ædmərəbl,,a.令人钦佩的； 极好的,高中
please,pliz,,v.使人高兴， 令人满意 int.请,高中
look,lʊk,,vi.看， 瞧； 看起来； 注意 n.[C]看，瞧,高中
offshore,",ɔf'ʃɔr",,adj&adv.近海的， 向海的,高中
fortnight,'fɔrtnaɪt,,n.两星期,高中
scar,skɑr,,n.伤疤,高中
mountainous,'maʊntənəs,,a.多山的,高中
inspect,ɪn'spɛkt,,vt.检查； 审视,高中
campaign,kæm'pen,,vi.参加活动； 作战 n.战役；竞选活动,高中
vital,'vaɪtl,,a.重大的， 生死攸关的,高中
conflict,'kɑnflɪkt,,n.斗争， 冲突,高中
allow,ə'laʊ,,vt.允许， 准许,高中
rough,rʌf,,a.粗糙的； 粗略的,高中
knock,nɑk,,n&v.敲； 打； 击,高中
mass,mæs,,n.众多，大量；,高中
rule,rul,,n.规则，规定；统治 vt.统治； 支配,高中
proper,'prɑpɚ,,a.恰当的， 合适的,高中
update,",ʌp'det",,vt&n.现代化； 更新,高中
amateur,ˈæmətər,,a.业余爱好的 n.业余爱好者,高中
poisonous,'pɔɪzənəs,,a.有毒的； 有害的； 致命的,高中
condemn,kən'dɛm,,vt.谴责， 声讨,高中
assistance,ə'sɪstəns,,n.援助， 帮助,高中
bitter,'bɪtɚ,,a.有苦味的； 痛苦的； 严酷的,高中
speed,spid,,v.加速 n.速度,高中
gesture,'dʒɛstʃɚ,,n.姿势； 手势,高中
admit,əd'mɪt,,v.承认； 准许,高中
common,'kɑmən,,a.普通的； 公共的； 共有的,高中
interest,'ɪntrəst,,n.兴趣，趣味；利息 vt.使产生兴趣,高中
wonder,'wʌndɚ,,v.想知道；对…感到惊讶 n.奇迹,高中
sleepy,'slipi,,a.想睡的， 困倦的， 瞌睡的,高中
sneeze,sniz,,n&vi.打喷嚏,高中
bath,bɑːθ,,n.[C] 洗澡； 浴室； 澡盆,高中
every,'ɛvri,,a.每一， 每个的； 每…,高中
mask,mæsk,,v.戴面具； 掩饰 n.口罩，面罩；遮盖物,高中
thermos,'θɝməs,,n.热水瓶,高中
summary,'sʌməri,,n.[C] 摘要， 概要,高中
apply,ə'plaɪ,,v.申请； 应用,高中
overlook,",ovɚ'lʊk",,vt.俯瞰； 远眺,高中
politician,",pɑlə'tɪʃən",,n.政治家,高中
taxpayer,"'tæks,peiə",,n.纳税人,高中
indeed,ɪn'did,,ad.确实， 实在,高中
seagull,'siɡʌl,,n.海鸥,高中
artificial,",ɑrtɪ'fɪʃl",,a.人造的； 非天然的,高中
disagree,",dɪsə'ɡri",,vi.意见不一致， 持不同意见,高中
comment,'kɑmɛnt,,v.评论； 注释 n.评论,高中
step,stɛp,,v.走；跨步 n.脚步； 台阶,高中
forever,fɚ'ɛvɚ,,ad.永远地， 永恒地,高中
mark,mɑːk,,v.做记号， 标记 n.标记；分数,高中
base,bes,,n.根据地；底部 vt.以…为基础， 基于…,高中
employ,ɪm'plɔɪ,,vt.雇用,高中
trend,trɛnd,,n.倾向， 趋势； 时尚,高中
achievement,ə'tʃivmənt,,n.[U] 完成， 达到； [C] 成就， 成绩,高中
whole,hol,,a.完整的， 所有的,高中
fair,fɛr,,a.公平的；晴朗的；白皙的 n.集市， 展览会,高中
during,'dʊrɪŋ,,prep.在…期间， 在…过程中,高中
balcony,'bælkənɪ,,n.阳台； 包厢,高中
revolution,'rɛvə'lʊʃən,,n.革命， 变革,高中
mop,mɑp,,v.用拖把拖地 n.拖把,高中
consist,kən'sɪst,,vi.由…组成,高中
preparation,",prɛpə'reʃən",,n.准备， 预备； 准备工作， 准备措施,高中
relation,rɪ'leʃən,,n.关系； 亲属,高中
reliable,rɪ'laɪəbl,,a.可靠的,高中
loss,lɔs,,n.丧失； 损耗,高中
relate,rɪ'let,,v.有关； 涉及,高中
typhoon,taɪ'fʊn,,n.台风,高中
decoration,",dɛkə'reʃən",,n.装饰， 修饰； 勋章,高中
eggplant,'ɛɡplænt,,n.茄子,高中
zip,zɪp,,v.拉开拉链，拉上拉链 n.拉链,高中
profession,prə'fɛʃən,,n.职业； 专业,高中
still,stɪl,,ad.仍然， 还 a.静止的，平静的,高中
worn,wɔrn,,a.破烂的， 损坏的,高中
arise,ə'raɪz,,vi.起来， 升起； 出现,高中
dizzy,'dɪzi,,a.头晕目眩的,高中
work,wɝk,,v.工作； 运作； 奏效 n.工作；著作,高中
lose,luz,,vt.失去， 丢失,高中
agree,ə'ɡri,,v.同意； 应允,高中
fail,fel,,v.失败； 不及格； 衰退,高中
toward,tɔrd; təˈwɔrd,,prep.向， 朝， 对于,高中
enjoyable,ɪn'dʒɔɪəbl,,a.愉快的； 有趣的,高中
anyone,'ɛnɪ'wʌn,,pron.任何人， 无论谁,高中
convince,kən'vɪns,,vt.使确信， 使信服,高中
pride,praɪd,,v.自豪， 自夸 n.自豪，骄傲,高中
emperor,'ɛmpərɚ,,n.皇帝,高中
word,wɝd,,n.单词； 言语； 消息， 音讯,高中
theory,'θiəri,,n.理论,高中
broadcast,'brɔdkæst,,v.广播 n.广播节目,高中
love,lʌv,,n.爱；热爱；爱情；爱好 vt.爱， 热爱； 很喜欢,高中
extension,ɪk'stɛnʃən,,n.伸展， 延伸,高中
signature,'sɪgnətʃɚ,,n.签名,高中
steep,stip,,a.险峻的， 陡峭的,高中
seize,siz,,v.抓住,高中
literary,lɪtərɛri,,a.文学的,高中
architect,'ɑrkɪtɛkt,,n.建筑师； 设计师,高中
forehead,'fɔr'hɛd,,n.前额,高中
enjoy,ɪn'dʒɔɪ,,v.欣赏， 享受…之乐趣； 喜欢,高中
privilege,ˈprɪvəlɪdʒ,,n.特权， 特别待遇,高中
fireworks,"'faɪr,wɝks",,n.烟火,高中
substitute,'sʌbstɪtut,,vt.替换,高中
foreign,'fɔrən,,a.外国的,高中
across,ə'krɔs,,prep.横过， 穿过,高中
uniform,junəˌfɔrm,,n.制服,高中
fall,fɔl,,v.落，降落；跌倒 n.秋季,高中
identity,aɪ'dɛntəti,,n.身份； 一致,高中
violate,'vaɪəlet,,vt.违反， 干扰,高中
federal,'fɛdərəl,,a.中央的 ， 联邦的,高中
event,ɪ'vɛnt,,n.事件， 大事； 竞赛,高中
academy,ə'kædəmi,,n.学院,高中
wherever,wɛr'ɛvɚ,,conj.无论何处； 任何地方,高中
reward,rɪ'wɔrd,,n.奖赏； 报答； 报酬； 回报,高中
include,ɪn'klud,,vt.包含， 包括,高中
alongside,ə'lɔŋ'saɪd,,adv&prep.在旁边； 沿着,高中
swallow,'swɑlo,,vt.吞下；咽下 n.燕子,高中
agency,'edʒənsi,,n.代理处， 经销处,高中
abstract,'æbstrækt,,a.抽象的 n.抽象；概要,高中
agenda,ə'dʒɛndə,,n.议程,高中
opinion,ə'pɪnjən,,n.看法， 见解,高中
altogether,",ɔltə'ɡɛðɚ",,ad.总共,高中
appearance,ə'pɪrəns,,n.出现， 露面； 容貌,高中
culture,'kʌltʃɚ,,n.文化,高中
devotion,dɪ'voʃən,,n.奉献， 奉献精神,高中
prefer,prɪ'fɝ,,vt.宁愿  ； 更喜欢,高中
perfect,ˈpɝfɪkt; (for v.) pɝˈfɛkt,,a.完美的， 极好的,高中
butcher,ˈbʊtʃər,,vt.屠宰，残杀 n.肉店； 屠夫,高中
float,flot,,v.漂浮， 浮动,高中
pole,pol,,n.杆， 电线杆； 极,高中
minority,maɪ'nɔrəti,,n.少数； 少数民族,高中
tight,taɪt,,adj&adv.紧的,高中
space,spes,,n.空白处； 空地； 空间； 太空,高中
reference,'rɛfrəns,,n.涉及； 参考； 证明书,高中
arrange,ə'rendʒ,,vt.安排， 布置,高中
from,frʌm,,prep.从； 从…起； 距； 来自,高中
alley,'æli,,n.小巷； 弄堂； 胡同,高中
discover,dɪ'skʌvɚ,,vt.发现， 找到,高中
bench,bɛntʃ,,n.长凳； 工作台,高中
commitment,kə'mɪtmənt,,n.承诺， 许诺； 保证； 献身； 投入,高中
excite,ɪk'saɪt,,vt.刺激； 使兴奋， 使激动,高中
rhyme,raɪm,,v.押韵； 作诗 n.韵，押韵,高中
spade,sped,,n.铲子； 纸牌中的黑桃,高中
revision,rɪ'vɪʒən,,n.复习， 温习； 修订,高中
qualification,",kwɑlɪfɪ'keʃən",,n.资格， 条件； 资格证书,高中
collision,kə'lɪʒən,,n.碰撞； 冲突,高中
bridegroom,'braɪdɡrum,,n.新郎,高中
repair,rɪ'pɛr,,vt.修理，修补；纠正；恢复 n.修理， 修补,高中
advice,ədˈvaɪs,,n.忠告， 劝告， 建议,高中
frequent,'frikwənt,,a.经常的， 频繁的,高中
insure,ɪn'ʃʊr,,v.确保； 给…保险,高中
elder,'ɛldɚ,,a.年长的 n.长者， 前辈,高中
error,'ɛrɚ,,n.错误,高中
windy,'wɪndi,,a.多风的,高中
Oceania,",oʃɪ'ænɪə",,n.大洋洲,高中
public,'pʌblɪk,,a.公共的，公众的，国家的 n.公众,高中
spend,spɛnd,,vt.度过； 花费,高中
barbershop,'bɑrbɚ'ʃɑp,,n.理发店,高中
track,træk,,n.小道； 足迹； 轨道,高中
value,'vælju,,n.价值，益处 vt.估价， 评价,高中
foggy,ˈfɔːɡi;ˈfɑːɡi,,a.有雾的， 多雾的,高中
quantity,'kwɑntəti,,n.数量,高中
fortune,'fɔrtʃən,,n.财产； 运气,高中
advantage,əd'væntɪdʒ,,n.优点， 好处,高中
instead,ɪn'stɛd,,ad.代替， 顶替,高中
rush,rʌʃ,,vi.冲， 奔跑,高中
command,kə'mænd,,n&v.命令,高中
expensive,ɪk'spɛnsɪv,,a.昂贵的， 高消费的,高中
cloudy,'klaʊdi,,a.多云的， 阴天的,高中
compulsory,kəmˈpʌlsərɪ,,a.必修的； 义务的,高中
trade,tred,,n.贸易 vt.买卖,高中
dessert,dɪ'zɝt,,n.甜点， 甜食,高中
round,raʊnd,,ad.转过来 a.圆的， 球形的 prep.环绕一周，围着,高中
ambassador,æm'bæsədɚ,,n.大使,高中
non-stop,'nɔn'stɔp,,adj&adv.不停的， 不断的,高中
temple,'tɛmpl,,n.庙宇， 寺院,高中
growth,ɡroθ,,n.生长； 增长,高中
vague,veɡ,,a.含糊的， 不清楚的,高中
communist,kɑmjʊnɪst,,a.共产党的， 共产主义的 n.共产主义者,高中
fare,fɛr,,n.费用， 票,高中
temporary,ˈtempəreri,,a.暂时的， 临时  的,高中
desperate,'dɛspərət,,a.令人绝望的； 不顾一切的,高中
unrest,ʌn'rɛst,,n.不安； 骚动,高中
kangaroo,",kæŋɡə'ru",,n.大袋鼠,高中
accuracy,'ækjərəsi,,n.准确性,高中
awful,'ɔfl,,a.糟糕的， 可怕的,高中
handy,'hændi,,a.便利的； 手边的； 附近的,高中
urge,ɝdʒ,,vt.催促， 力劝,高中
via,"ˈvaɪə, ˈviə",,prep.经， 经过， 经由,高中
score,skɔ,,v.得分 n.[Ｃ]得分，分数；二十；许多，很多,高中
poor,pʊər; pʊr,,a.贫穷的， 可怜的； 差的,高中
graduate,ˈɡrædʒuˌet,,v.毕业 n.毕业生； 研究生,高中
visual,'vɪʒʊəl,,a.视力的， 视觉的,高中
absent,ˈæbsnt;(for v.)əbˈsɛnt,,a.缺席的， 不在的,高中
rag,ræɡ,,n.破布， 抹布,高中
because,bɪ'kɔz,,conj.因为,高中
near,nɪr,,ad.附近， 邻近 a.近的 prep.在…附近，靠近,高中
educate,'ɛdʒuket,,v.教育， 培养,高中
ashamed,ə'ʃemd,,a.惭愧的， 害臊的， 羞耻的,高中
appendix,ə'pɛndɪks,,n.附录， 附属品； 阑尾,高中
instruct,ɪn'strʌkt,,v.指示； 教导； 通知,高中
excellent,'ɛksələnt,,a.极好的， 优秀的,高中
fairly,'fɛrli,,ad.相当； 还算； 公正地,高中
handwriting,'hænd'raɪtɪŋ,,n.书法,高中
raw,rɔ,,a.生的； 未加工的,高中
merchant,'mɝtʃənt,,a.商业的， 商人的 n.商人，生意人,高中
retell,",ri'tɛl",,vt.重讲， 重复， 复述,高中
ray,re,,n.光辉， 光线,高中
version,'vɝʒn,,n.译文； 版本,高中
exam,ɪg'zæm,,n.考试， 测试； 检查,高中
stop,stɑp,,vt.停止；阻止 n.停；  站,高中
nationality,",næʃə'næləti",,n.国籍； 民族,高中
guess,ɡɛs,,v.猜， 猜测； 认为,高中
adolescence,",ædə'lɛsns",,n.青春期,高中
aboard,ə'bɔrd,,prep&adv.在船上， 上船,高中
institute,'ɪnstɪtut,,v.建立， 设立 n.协会；学院,高中
poster,'postɚ,,n.海报， 广告,高中
shortly,'ʃɔrtli,,ad.不久,高中
appropriate,əˈproprɪət;(for v.) əˈproprɪet,,a.适当的,高中
criterion,kraɪˈtɪriən,,n.标准， 规则,高中
least,list,,n.最少， 最少量,高中
immediately,ɪ'midɪətli,,ad.立即,高中
symphony,'sɪmfəni,,n.交响乐,高中
optimistic,",ɑptɪ'mɪstɪk",,a.乐观的,高中
sleep,slip,,n&vi.睡觉,高中
vocabulary,və'kæbjəlɛri,,n.词汇， 词汇表,高中
refuse,ri'fjʊz,,v.拒绝， 不愿,高中
aspect,'æspɛkt,,n.方面； 外表,高中
aggressive,ə'ɡrɛsɪv,,a.侵略的； 咄咄逼人的,高中
close,kloz,,ad.近， 靠近 a.近的；亲密的 v.关， 关闭,高中
sweep,swip,,vt.扫除， 打扫,高中
website,'websaɪt,,n.网站,高中
learn,lɝn,,vi.学，学习；得知，获悉 vt.学， 学习， 学会， 得知,高中
swing,swɪŋ,,v.挥舞，摆动 n.秋千,高中
ridiculous,rɪ'dɪkjələs,,a.荒谬的， 可笑的,高中
severe,səˈvɪr,,a.严重的,高中
spin,spɪn,,vt.纺纱；旋转 n.旋转,高中
grocery,'ɡrosəri,,n.杂货； 食品； 食品杂货店,高中
communism,'kɑmjʊ'nɪzəm,,n.共产主义,高中
spit,spɪt,,v.吐唾沫； 吐痰,高中
anniversary,",ænɪ'vɝsəri",,n.周年纪念,高中
register,'rɛdʒɪstɚ,,v.登记， 注册 n.记录，登记簿,高中
couple,'kʌpl,,n.夫妇；  对，  双,高中
communicate,kə'mjunɪket,,v.交际； 传达 ； 通信,高中
eager,'igɚ,,a.渴望的， 热切的,高中
evidence,'ɛvɪdəns,,n.证据,高中
republic,rɪ'pʌblɪk,,n.共和国,高中
official,əˈfɪʃəl; oʊˈfɪʃəl,,a.官方的， 政府的； 公务的 n.官员；高级职员,高中
acid,'æsɪd,,a.酸的,高中
assessment,ə'sɛsmənt,,n.估价； 评价,高中
post,post,,n.岗位，职位；邮政，邮寄，邮件 vt.投寄； 邮寄； 发布,高中
agricultural,",ægrɪ'kʌltʃərəl",,a.农业的,高中
leave,liv,,v.离开； 留下； 遗忘,高中
duck,dʌk,,v.躲避； 浸入水中 n.鸭子,高中
cottage,'kɑtɪdʒ,,n.小屋； 村舍； 小别墅,高中
tiresome,'taɪɚsəm,,a.令人厌烦的， 讨厌的,高中
finish,'fɪnɪʃ,,v.结束， 做完,高中
discrimination,"dɪ,skrɪmɪ'neʃən",,n.歧视,高中
female,'fimel,,a.女性的，雌性的 n.女性， 女人,高中
melon,'mɛlən,,n.甜瓜,高中
swift,swɪft,,a.快的， 迅速的,高中
add,æd,,v.添加， 增加,高中
minister,'mɪnɪstɚ,,n.部长； 牧师,高中
need,nid,,v.必须 vt.需要modal n.需要， 需求,高中
cruel,kruəl,,a.残忍的， 残酷的； 无情的,高中
erupt,ɪ'rʌpt,,v.喷发， 爆发,高中
shade,ʃed,,n.阴凉处， 树荫处,高中
often,ˈɔ:fn; ɔfən,,ad.经常地,高中
gather,'ɡæðɚ,,v.聚集； 采集,高中
insist,ɪn'sɪst,,v.坚持， 坚决认为,高中
article,'ɑrtɪkl,,n.文章； 东西； 冠词,高中
respect,rɪ'spɛkt,,n.尊敬，尊重；方面 vt.尊敬， 尊重,高中
ache,ek,,vi.疼痛 n.痛， 疼痛,高中
loose,lus,,a.松散的； 宽松的,高中
therefore,'ðɛrfɔr,,ad.因此， 所以,高中
exchange,ɪks'tʃendʒ,,n&v.交换； 交流； 兑换,高中
adjustment,ə'dʒʌstmənt,,n.调整， 调节； 校正,高中
hesitate,ˈhɛzətet,,v.犹豫， 踌躇,高中
hardly,'hɑrdli,,ad.几乎不,高中
bored,bɔrd,,a.无聊的， 厌烦的,高中
trust,trʌst,,vt&n.相信， 信任， 信赖,高中
income,'ɪnkʌm,,n.收入， 所得,高中
private,ˈpraɪvɪt,,a.私人的； 私营的； 秘密的,高中
technical,'tɛknɪkl,,a.技术的， 工艺的,高中
companion,kəm'pænɪən,,n.同伴， 同事,高中
choose,tʃuz,,vt.选择； 决定,高中
directory,dəˈrɛktəri; (also) daɪˈrɛktəri,,n.姓名地址录； 公司名录,高中
peaceful,'pisfəl,,a.和平的， 安宁的,高中
prevent,pri'vɛnt,,v.防止， 阻止,高中
behave,bɪ'hev,,v.表现； 行为得体,高中
accomplish,ə'kɑmplɪʃ,,vt.完成， 达到,高中
disturbing,dɪ'stɝbɪŋ,,a.令人不安的； 引起烦恼的,高中
engine,'ɛndʒɪn,,n.发动机， 引擎,高中
photographer,fə'tɑgrəfɚ,,n.摄影师,高中
end,ɛnd,,v.结束，终止 n.终点； 结束,高中
mistake,mɪ'stek,,v.弄错 n.错误,高中
pour,pɔr,,v.倾泻， 不断流出,高中
message,'mɛsɪdʒ,,n.消息， 留言； 要旨,高中
praise,prez,,n&vt.赞扬， 表扬,高中
significance,sɪɡ'nɪfɪkəns,,n.意义， 重要性,高中
special,ˈspɛʃəl,,a.特别的； 专门的,高中
scissors,'sɪzɚz,,n.剪刀,高中
environment,ɪn'vaɪrənmənt,,n.环境,高中
truth,trʊθ,,n.事实； 真理,高中
clone,klon,,n&v.克隆， 无性繁殖,高中
betray,bɪ'tre,,vt.出卖， 背叛,高中
pronounce,prə'naʊns,,v.发音,高中
family,ˈfæməlɪ,,n.家； 家人,高中
swear,swɛr,,v.发誓， 诅咒,高中
gift,ɡɪft,,n.赠品； 礼物； 天赋， 才能,高中
atmosphere,'ætməsfɪr,,n.气氛； 大气,高中
decorate,'dɛkəret,,v.装饰， 修饰,高中
education,",ɛdʒu'keʃən",,n.教育， 培养,高中
occupation,",ɑkju'peʃən",,n.职业， 工作； 占领， 占据,高中
tendency,'tɛndənsi,,n.[C] 倾向， 趋势,高中
slim,slɪm,,a.苗条的， 纤细的,高中
arithmetic,ə'rɪθmətɪk,,n.算术,高中
caption,'kæpʃən,,n.标题； 字幕,高中
rid,rɪd,,vt.使…摆脱,高中
moral,'mɔrəl,,a.道德的，精神的 n.道德； 寓意,高中
number,'nʌmbɚ,,n.数字， 号码； 数量,高中
explode,ɪk'splod,,v.爆炸； 爆发,高中
greengrocer,'ɡrinɡrosɚ,,n.蔬菜水果商,高中
punish,'pʌnɪʃ,,vt.惩罚， 处罚,高中
casual,'kæʒʊəl,,a.偶然的， 不经意的； 非正式的； 临时的,高中
decline,dɪ'klaɪn,,v.下降； 衰败； 倾斜； 谢绝,高中
narrow,'næro,,a.狭窄的,高中
judge,dʒʌdʒ,,v.判断，评价 n.裁判， 法官,高中
similar,'sɪməlɚ,,a.相似的， 像,高中
contradict,'kɑntrə'dɪkt,,v.同…矛盾， 同…抵触,高中
Catholic,kæθəlɪk,,a.天主教的,高中
shape,ʃep,,n.形状，外形 vt.使成形； 制造， 塑造,高中
nothing,'nʌθɪŋ,,pron.没有东西， 没有什么； 无关紧要的东西,高中
headmistress,ˌhɛdˈmistrəs,,n.女校长,高中
anyhow,'ɛnɪ'haʊ,,ad.不管怎样,高中
whistle,'wɪsl,,v.鸣笛， 吹口哨 n.口哨声；汽笛声,高中
handle,'hændl,,vt.处理 n.柄， 把手,高中
chain stores,,,n.连锁店,高中
crossing,'krɔsɪŋ,,n.十字路口； 人行横道,高中
tough,tʌf,,a.结实的； 棘手的,高中
exit,'ɛɡzɪt,,n.出口,高中
system,'sɪstəm,,n.体系， 系统,高中
giraffe,dʒəˈræf; dʒəˈræf,,n.长颈鹿,高中
spot,spɑt,,n.斑点，污点；场所，地点 vt.沾上污渍， 弄脏； 认出， 发现,高中
aid,ed,,v.帮助 n.援助，救护；辅助器具,高中
other,'ʌðɚ,,pron&adj.其他的， 另外的,高中
aim,em,,v.计划； 瞄准； 针对 n.目的,高中
against,əˈɡɛnst;əˈɡenst,,prep.对着； 反对,高中
confident,'kɑnfɪdənt,,a.自信的； 确信的,高中
cell,sɛl,,n.细胞； 蜂房； 电池,高中
swell,swɛl,,v.肿胀， 增大,高中
courage,'kɝrɪdʒ,,n.勇气， 胆略,高中
local,ˈloʊkl,,a.当地的， 地方的,高中
remind,rɪ'maɪnd,,vt.提醒， 使记起,高中
crew,krʊ,,n.全体人员,高中
valid,'vælɪd,,a.有效的,高中
defeat,dɪ'fit,,vt.击败； 战胜,高中
spear,spɪr,,n.矛,高中
encourage,ɪn'kɝrɪdʒ,,vt.鼓励， 激励,高中
electronic,ɪˌlɛkˈtrɑnɪk,,a.电子的,高中
vacation,veˈkeʃən,,n.假期， 休假,高中
speak,spik,,v.说， 讲； 谈话； 发言,高中
share,ʃɛr,,v.分享，共同使用 n.一份； 股份,高中
bureaucratic,",bjʊrə'krætɪk",,a.官僚政治的,高中
sacred,'sekrɪd,,a.宗教的； 庄严的， 神圣的,高中
elegant,'ɛləgənt,,a.文雅的， 雅致的,高中
outcome,'aʊt'kʌm,,n.结果， 成果,高中
curriculum,kə'rɪkjələm,,n.课程,高中
satisfaction,",sætɪs'fækʃən",,n.满意,高中
sharp,ʃɑrp,,a.尖锐的； 敏锐的； 整点的,高中
powerful,'paʊɚfl,,a.强有力的， 强大的； 有影响力的,高中
slip,slɪp,,v.溜；滑动 n.片， 纸片； 滑倒,高中
future,ˈfjutʃɚ,,n.将来,高中
anchor,'æŋkɚ,,v.抛锚；停泊 n.锚,高中
acquaintance,ə'kwentəns,,n.相识， 熟人,高中
novelist,'nɑvlɪst,,n.小说家,高中
royal,'rɔɪəl,,a.王室的， 皇家的； 第一流的,高中
shake,ʃek,,vt.使摇动； 震动,高中
eyesight,'aɪsaɪt,,n.视力， 视觉,高中
semicircle,'sɛmɪsɝkl,,n.半圆,高中
screen,skrin,,n.幕， 荧光屏,高中
autonomous,ɔ'tɑnəməs,,a.自治的,高中
referee,",rɛfə'ri",,n.仲裁人， 调解人； 裁判员,高中
trial,'traɪəl,,n.审判； 试验,高中
correspond,",kɔrə'spɑnd",,vi.通信； 一致； 相当； 协调,高中
undertake,",ʌndɚ'tek",,vt.承担； 保证,高中
insect,'ɪnsɛkt,,n.昆虫,高中
buffet,bəˈfe; bʌfɪt,,n.自助餐,高中
entrance,(for v.)ɪnˈtræns; (for n.) ˈɛntrəns,,n.入口； 入场； 入学许可,高中
pregnant,'prɛɡnənt,,a.怀孕的,高中
all,ɔl,,adj&pron&adv.全部,高中
always,'ɔlwez,,ad.总是； 一直； 永远,高中
border,'bɔrdɚ,,n.边缘； 边境， 国界,高中
below,bɪ'lo,,ad.在下面 prep.在…下面,高中
already,ɔl'rɛdi,,ad.已经,高中
touch,tʌtʃ,,v.触摸，接触 n.接触；联系 vt.感动,高中
shall,ʃəl,,modal verb.〔某事〕必定，一定〔发生〕,高中
admission,əd'mɪʃən,,n.准许进入； 承认,高中
real,'riəl,,a.真实的， 确实的,高中
expense,ɪk'spɛns,,n.费用， 支出,高中
unit,'junɪt,,n.单元； 单位,高中
yell,jɛl,,vt.大叫， 呼喊,高中
contemporary,kən'tɛmpərɛri,,a.当代的； 同时代的,高中
collect,kə'lɛkt,,v.收集， 搜集,高中
dusty,'dʌsti,,a.尘土般的； 尘土多的,高中
amusement,ə'mjuzmənt,,n.娱乐， 消遣,高中
boundary,'baʊndri,,n.边界， 分界线,高中
shame,ʃem,,n.遗憾的事； 羞愧,高中
rob,rɑb,,v.抢夺， 抢劫,高中
outing,'aʊtɪŋ,,n.远足； 郊游,高中
trick,trɪk,,n.[C] 诡计， 把戏,高中
favour,ˈfevɚ,,n.恩惠； 好感； 帮助,高中
around,ə'raʊnd,,ad.在周围；在附近；大约；掉头 prep.在…周围； 绕着,高中
pollute,pə'lut,,vt.污染,高中
disappoint,'dɪsə'pɔɪnt,,v.失望,高中
rot,rɑt,,v.腐烂， 腐败,高中
construction,kən'strʌkʃən,,n.建造， 建设； 建筑物,高中
predict,prɪ'dɪkt,,v.预言； 预报,高中
row,ro,,v.划船 n.排，行,高中
universal,'jʊnə'vɝsl,,a.普遍的， 全体的,高中
abroad,ə'brɔd,,ad.到国外； 在国外,高中
frontier,frʌn'tɪr,,n.国境， 边界； 前线,高中
subjective,səb'dʒɛktɪv,,a.主观的,高中
deliberately,dɪ'lɪbərətli,,ad.故意地,高中
seaweed,'si'wid,,n.海草， 海藻,高中
drawer,drɔr,,n.抽屉,高中
transport,'trænspɔrt,,n.运输； 传送器 vt.运输， 传送,高中
specific,spɪ'sɪfɪk,,a.特殊的； 明确的,高中
any,'ɛni,,pron.任何一个； 任何一些 a.任何的；一些,高中
application,ˌæpləˈkeʃən,,n.申请； 申请书,高中
freezing,'frizɪŋ,,a.冻结的； 极冷的,高中
punctuation,'pʌŋktʃʊ'eʃən,,n.标点符号,高中
acre,'ekɚ,,n.英亩； 田地,高中
whisper,'wɪspɚ,,n&v.低语， 私语,高中
appetite,'æpəˌtaɪt,,n.食欲， 胃口,高中
until,ən'tɪl,,prep&conj.直到…为止， 在…以前,高中
dull,dʌl,,a.单调无味的； 阴暗的； 迟钝的,高中
clumsy,'klʌmzi,,a.笨拙的,高中
reason,ˈrizən,,v.说服， 劝说 n.理由，原因,高中
thought,θɔt,,n.思考， 思想； 念头,高中
accurate,'ækjərət,,a.正确的， 准确的,高中
ring,rɪŋ,,v.响；打电话 n.电话铃声； 环形物,高中
taste,test,,n.喜爱，爱好，口味 v.有…的味道,高中
anywhere,'ɛnɪwɛr,,ad.任何地方,高中
bargain,ˈbɑrɡɪn,,v.讨价还价 n.便宜货，廉价货,高中
identification,aɪˌdentɪfɪ'keʃn,,n.辨认， 鉴定； 身份证明,高中
jam,dʒæm,,v.阻塞 n.果酱； 阻塞,高中
annual,'ænjuəl,,a.一年一次的， 每年的,高中
gentle,'dʒɛntl,,a.温柔的， 柔和的,高中
cheers,tʃɪrz,,int.干杯,高中
boil,bɔɪl,,v.沸腾， 烧开； 煮,高中
sneaker,'snikɚ,,n.胶底运动鞋,高中
lightning,'laɪtnɪŋ,,n.闪电,高中
remain,rɪ'men,,vi.余下，留下 v.保持， 仍是,高中
shabby,ˈʃæbi,,a.破旧的， 衣衫褴褛的； 不公正的， 不讲理的； 低劣的,高中
amaze,ə'mez,,vt.惊奇， 惊叹， 震惊,高中
demand,dɪ'mænd,,n&v.要求， 需要,高中
envelope,'envələup,,n.信封,高中
slow,sloʊ,,a.缓慢的 v.放慢速度， 减缓,高中
turkey,'tɝki,,n.火鸡,高中
grade,ɡred,,n.等级； 学年； 成绩， 分数,高中
deposit,dɪ'pɑzɪt,,n&v.存 ； 堆积,高中
tasty,'testi,,a.味道好的,高中
telescope,'tɛləˌskop,,n.望远镜,高中
flash,flæʃ,,v.闪光，  闪现 n.闪，闪光，转瞬间,高中
skillful,'skɪlfəl,,a.熟练的； 技艺精湛的； 灵巧的,高中
continent,'kɑntɪnənt,,n.大陆， 大洲,高中
accuse,ə'kjuz,,vt.控告， 谴责,高中
maybe,'mebi,,ad.可能， 大概， 也许,高中
another,ə'nʌðɚ,,pron.另一个 a.另一；别的,高中
guarantee,",ɡærən'ti",,vt&n.保证， 担保,高中
algebra,'ældʒɪbrə,,n.代数学,高中
recommend,'rɛkə'mɛnd,,v.推荐,高中
acquire,ə'kwaɪr,,vt.获得； 学到,高中
worth,wɝθ,,a.值得的； 价值…,高中
helicopter,'hɛlɪkɑptɚ,,n.直升机,高中
ripe,raɪp,,a.成熟的， 熟的,高中
where,hweə(r); hwɛr,,adv&conj.那儿； 何处,高中
disabled,dɪs'ebld,,a.残疾的,高中
watermelon,'wɔtɚmɛlən,,n.西瓜,高中
arm,ɑrm,,v.以…装备， 武装起来 n.手臂；支架,高中
popular,'pɑpjəlɚ,,a.流行的， 受欢迎的； 大众的,高中
broken,'brokən,,a.弄坏了的， 破碎的,高中
outwards,'aʊtwɚdz,,ad.向外，在外 a.向外的， 外出的,高中
vice,vaɪs,,prep.副， 次； 代替 n.恶习；缺陷,高中
poison,'pɔɪzn,,n.毒药,高中
silly,'sɪli,,a.傻的，愚蠢的,高中
liberation,",lɪbə'reʃən",,n.解放,高中
fortunate,'fɔrtʃənət,,a.幸运的， 侥幸的,高中
wrinkle,'rɪŋkl,,n.皱纹,高中
tour,tʊr,,n.[C] 参观， 观光， 旅行,高中
persuade,pɚ'swed,,v.说服， 劝说； 使相信,高中
call,kɔl,,n.叫；电话 vt.称呼； 呼唤； 叫； 给…打电话,高中
consensus,kən'sɛnsəs,,n.一致意见,高中
such,sʌtʃ,,ad.那么，如此 pron.人， 事物 a.这样的，那样的,高中
calm,kɑm,,a.镇静的，沉着的 v.镇静， 沉着,高中
boring,'bɔrɪŋ,,a.令人厌烦的,高中
classic,'klæsɪk,,a.经典的， 一流的,高中
kick,kɪk,,v&n.踢,高中
absolute,'æbsəlut,,a.完全的， 绝对的,高中
ask,æsk,,v.询问； 要求,高中
canteen,kænˈtiːn,,n.餐厅； 食堂,高中
describe,dɪ'skraɪb,,vt.描写， 叙述,高中
suck,sʌk,,v.吸， 吮,高中
dilemma,"dəˈlɛmə, daɪ-",,n.进退两难的局面,高中
wealthy,'wɛlθi,,a.富有的,高中
strength,strɛŋθ,,n.力量， 力气,高中
dusk,dʌsk,,n.黄昏,高中
administration,"əd,mɪnɪ'streʃən",,n.管理； 行政部门,高中
run,rʌn,,vi.跑， 奔跑； 褪色； 经营， 管理,高中
challenging,'tʃælɪndʒɪŋ,,a.具有挑战性的,高中
research,'risɝtʃ,,n.研究， 调查,高中
debate,dɪ'bet,,n&v.讨论， 辩论,高中
view,vju,,n.看法； 景色,高中
either,'iðɚ,,determiner.〔两者中的〕任何一个 ad.也(不),高中
furniture,'fɝnɪtʃɚ,,n.〈总称〉 家具,高中
jet,dʒɛt,,v.喷射 n.喷气式飞机； 喷射,高中
donate,'donet,,v.捐赠， 赠送,高中
helpful,'hɛlpfl,,a.有帮助的， 有益的,高中
dust,dʌst,,n.灰尘， 尘土,高中
worry,ˈwʌrɪ,,v&n.担忧， 烦恼,高中
cater,'ketɚ,,v.投合； 备办食物,高中
imagine,ɪ'mædʒɪn,,v.想象， 设想,高中
attractive,ə'træktɪv,,a.迷人的， 有吸引力的,高中
superb,/suːˈpɜːrb/,,a.庄重的， 华丽的， 极好的,高中
might,maɪt,,modal verb.可以〔用于礼貌地提出建议〕 n.力量；威力；权力,高中
bleed,blid,,v.出血， 流血,高中
catalogue,'kætəlɔɡ,,n.目录,高中
whatever,wət'ɛvɚ,,conj&pron.无论什么,高中
decrease,dɪ'kris,,v.减小， 减少,高中
camp,kæmp,,n&vi.野营， 宿营,高中
difficulty,'dɪfɪkəlti,,n.困难， 费力； 异议,高中
volunteer,",vɑlən'tɪr",,v.自愿 n.志愿者,高中
everywhere,'ɛvrɪwɛr,,ad.到处,高中
clothing,'kloðɪŋ,,n.〈总称〉 衣服,高中
aloud,ə'laʊd,,ad.大声地； 出声地,高中
thunderstorm,'θʌndɚstɔrm,,n.雷暴， 雷雨交加,高中
mourn,mɔrn,,v.哀痛； 哀悼,高中
next,nɛkst,,ad.随后，然后，下一步 a.最近的；紧挨着的，隔壁的；下一次 n.下一个人,高中
blind,blaɪnd,,a.瞎的， 盲的,高中
nod,nɑd,,v&n.点头,高中
string,strɪŋ,,n.细绳， 线， 带,高中
import,'ɪmpɔt,,n.进口， 输入,高中
distance,'dɪstəns,,n.距离,高中
occupy,'ɑkjupaɪ,,vt.占领， 占据,高中
submit,səb'mɪt,,vt.提交， 递交,高中
boom,buːm,,v.发出隆隆声； 兴隆， 使繁荣 n.繁荣；隆隆声,高中
abolish,ə'bɑlɪʃ,,vt.废止； 废除,高中
absence,'æbsns,,n.不在， 缺席； 没有,高中
nearly,'nɪrli,,ad.将近； 几乎,高中
attract,ə'trækt,,v.吸引； 引起,高中
show,ʃo,,v.给…看，出示，,高中
edition,ɪ'dɪʃən,,n.版， 版本,高中
cautious,'kɔʃəs,,a.小心的， 谨慎的,高中
disappear,'dɪsə'pɪr,,vi.消失,高中
perfume,pɚ'fjum,,n.香味； 香水,高中
shot,ʃɑt,,n.射击， 开枪， 开炮， 射击声； 子弹； 拍摄,高中
conclusion,kən'kluʒn,,n.[C] 结论； 结束,高中
nor,nɔr,,conj.也不,高中
central,'sɛntrəl,,a.中心的， 中央的； 主要的,高中
defend,dɪ'fɛnd,,vt.保护， 防御,高中
arrive,ə'raɪv,,vi.到达， 达到,高中
memorial,məˈmɔrɪəl,,a.纪念的 n.纪念碑，纪念物,高中
wag,wæɡ,,v.摇动， 摆动,高中
race,res,,v.赛跑， 比赛 n.种族；比赛,高中
introduce,ˌɪntrə'dus,,vt.介绍； 引进,高中
greet,ɡrit,,vt.问候， 向…致敬,高中
sculpture,'skʌlptʃɚ,,n.雕塑  ， 雕像,高中
bond,bɑnd,,v.黏合； 结合 n.联结；联结物,高中
way,we,,n.道路； 方法； 作风,高中
target,'tɑrɡɪt,,n.目标， 对象； 靶子,高中
wax,waks,,n.蜡， 蜡状物,高中
grey,ɡre,,a.灰色的； 灰白的,高中
what,hwɒt; hwɑt,,pron&adj&conj.什么,高中
urban,'ɝbən,,a.城市的， 市内的,高中
guidance,'gaɪdns,,n.引导， 指导,高中
refer,rɪ'fɝ,,v.谈到， 提到,高中
nervous,'nɝvəs,,a.紧张不安的， 神经质的,高中
duty,'dʊti,,n.责任； 义务； 税,高中
risk,rɪsk,,n.冒险，风险 vt.冒…的危险,高中
flame,flem,,n.火焰， 光辉,高中
rise,raɪz,,n.上升， 上涨,高中
play,ple,,v.玩；打；播放 n.玩耍； 戏剧,高中
delicate,ˈdɛlɪkɪt,,a.精巧的， 精致的,高中
fancy,'fænsi,,a.奇特的；空想的 n.空想，假想 vt.想象， 空想,高中
bounce,baʊns,,v.使反弹； 跳跃,高中
tissue,'tɪʃu,,n.薄的纱织品； 薄纸；  组织,高中
decide,dɪ'saɪd,,v.决定， 下决心,高中
rent,rɛnt,,v.租用； 出租 n.租金,高中
when,hwen; hwɛn,,ad.在那时 conj.什么时候；当…的时候,高中
nearby,",nɪr'baɪ",,ad.在附近 a.附近的,高中
carpenter,ˈkɑːrpəntər,,n.木匠,高中
modest,'mɑdɪst,,a.谦虚的， 谦逊的,高中
cast,kæst,,vt.扔，抛 n.演员表,高中
anxious,'æŋkʃəs,,a.忧虑的； 焦急的,高中
fan,fæn,,n.迷， 狂热的爱好者、 支持者； 风扇,高中
slice,slaɪs,,n.片， 薄片,高中
far,fɑr,,adj&adv.远的,高中
frost,frɔst,,n.霜,高中
catch,kætʃ,,vt.接住； 捉住； 赶上； 染上,高中
fax,fæks,,n.传真,高中
plan,plæn,,n&v.计划， 打算,高中
cash,kæʃ,,n.现金，现钞 vt.兑现,高中
case,kes,,n.情况； 病例； 案件； 容器,高中
generation,'dʒɛnə'reʃən,,n.代， 一代,高中
give,ɡɪv,,v.给， 付出,高中
double,'dʌbl,,a.两倍的；双重的 v.加倍 n.两个；双打,高中
downtown,'daʊn'taʊn,,n&adj.市区 ， 闹市区,高中
trunk,trʌŋk,,n.树干； 大箱子,高中
stainless,ˈsteɪnlɪs,,a.无污染的； 无瑕疵的； 不锈的,高中
explicit,ɪk'splɪsɪt,,a.清楚的； 直率的,高中
rely,rɪ'laɪ,,vi.依赖， 依靠； 信任,高中
phone,fon,,v.打电话 n.电话； 电话机,高中
slide,slaɪd,,v.滑行，滑动 n.幻灯片； 滑道,高中
comfortable,ˈkʌmfɚtəbl,,a.舒服的； 安逸的； 舒服自在的,高中
waist,west,,n.腰部， 腰围,高中
style,staɪl,,n.风格， 时尚,高中
jungle,'dʒʌŋɡl,,n.丛林， 密林,高中
flesh,flɛʃ,,n.肉， 肉体,高中
suit,sut,,vt.适合 n.一套,高中
grill,ɡrɪl,,n.烤架； 烤肉,高中
care,kɛr,,v.介意，在乎；在意；关心 n.照料； 保护； 小心,高中
damage,'dæmɪdʒ,,n&v.毁坏， 损害,高中
guard,ɡɑrd,,v.保卫，看守 n.防护装置； 警戒,高中
settle,'sɛtl,,vi.安家，定居 vt.解决,高中
direct,dəˈrɛkt; daɪˈrɛkt,,a.直接的；直达的 v.指挥， 指导,高中
pattern,'pætɚn,,n.式样； 模式,高中
exercise,'ɛksɚsaɪz,,v.锻炼 n.[C]练习；[U]锻炼,高中
labour,'leibə,,n.劳动， 劳力,高中
gain,ɡen,,v.获得，挣得 n.收获,高中
vehicle,ˈviəkəl,,n.车辆,高中
hardship,'hɑrdʃɪp,,n.困难， 艰辛,高中
confuse,kən'fjʊz,,vt.使糊涂； 搞乱,高中
kilo,'kilo,,n.千克； 公斤,高中
freedom,'fridəm,,n.自由,高中
cushion,'kʊʃən,,n.垫子,高中
scold,skold,,vt.责骂， 谴责,高中
modern,'mɑdɚn,,a.现代的， 近代的； 时尚的,高中
physics,'fɪzɪks,,n.物理,高中
seldom,'sɛldəm,,ad.很少， 不常,高中
physician,fɪ'zɪʃən,,n.医生,高中
protect,prə'tɛkt,,vt.保护,高中
architecture,'ɑrkə'tɛktʃɚ,,n.建筑， 建筑学,高中
souvenir,",suvə'nɪr",,n.纪念品， 纪念物,高中
dial,'daɪəl,,v.拨,高中
stress,strɛs,,n.压力 vt.强调,高中
explore,ɪk'splɔr,,v.探险； 探索,高中
more,mɔr,,ad.更 pron.更多的…； 另外的… a.更多的,高中
wet,wɛt,,a.湿的,高中
born,bɔrn,,a.出生的,高中
strawberry,'strɔbɛri,,n.草莓,高中
electricity,ɪ'lɛk'trɪsəti,,n.电； 电流,高中
tentative,'tɛntətɪv,,a.试验性的； 试探的 n.试验；假设,高中
climate,ˈklaɪmɪt,,n.气候； 风气； 环境气氛,高中
kill,kɪl,,vt.杀死， 弄死； 消磨,高中
conductor,kən'dʌktɚ,,n.管理人； 指导者； 售票员， 列车员； 乐队指挥,高中
porridge,'pɔrɪdʒ,,n.稀饭， 粥,高中
pleased,plizd,,a.高兴的,高中
certain,'sɝtn,,a.某些； 确定的， 无疑的； 一定会…,高中
woolen,'wʊlɪn,,a.羊毛的， 羊毛制的,高中
board,bɔrd,,n.木板；布告牌；委员会 vt.上,高中
statistics,stə'tɪstɪks,,n.统计表， 数字， 数据,高中
shut,ʃʌt,,v.（使）关[合]上，（使）关闭 a.关闭的，关上的,高中
arrest,ə'rɛst,,vt&n.逮捕， 拘留,高中
distinction,dɪ'stɪŋkʃən,,n.区别； 差别,高中
widow,'wɪdo,,n.寡妇,高中
mature,mə'tʃʊr,,a.成熟的， 成年的,高中
navy,'nevi,,n.海军,高中
disability,",dɪsə'bɪləti",,n.残疾； 无能,高中
fee,fi,,n.费， 费用,高中
section,'sɛkʃən,,n.段； 部分； 部门,高中
simple,'sɪmpl,,a.简单的， 简易的,高中
used,juzd,,a.用过的； 旧的， 二手的,高中
influence,'ɪnfluəns,,n&vt.影响,高中
mustard,'mʌstɚd,,n.芥末， 芥子粉,高中
percentage,pɚ'sɛntɪdʒ,,n.百分率； 比例,高中
talent,'tælənt,,n.天才， 才能,高中
few,fju,,pron.不多， 少数 a.不多的，少数的,高中
otherwise,'ʌðɚwaɪz,,ad.否则， 要不然,高中
negotiate,nɪ'ɡoʃɪet,,v.谈判， 协商,高中
hunt,hʌnt,,v&n.寻找； 狩猎， 猎取,高中
package,'pækɪdʒ,,n.一包， 一袋， 一盒； 包裹,高中
pronunciation,"prə,nʌnsɪ'eʃən",,n.发音,高中
kind,kaɪnd,,a.善良的， 亲切的， 和蔼的， 仁慈的 n.[C]种；类,高中
survival,sɚ'vaɪvl,,n.幸存； 生存,高中
strait,stret,,n.海峡,高中
both,boθ,,pron.两者都； 双方都 a.双方的,高中
voyage,'vɔɪɪdʒ,,n.航行， 旅行,高中
important,ɪm'pɔrtnt,,a.重要的,高中
nutrition,nu'trɪʃən,,n.营养,高中
detective,dɪ'tɛktɪv,,n.侦探,高中
phrase,frez,,n.短语， 习惯用语,高中
personally,'pə:sənəli,,ad.就自己而言,高中
outside,",aʊt'saɪd",,ad.在外面，向外面，出界 a.外面的，外表的 prep.在…外 n.外面，外表，外界,高中
passer-by,'pæsə'baɪ,,n.过客， 过路人,高中
keep,kip,,v.保留；保存；使…保持某种状态； 保持， 继续,高中
effect,ɪ'fɛkt,,n.效果； 作用， 影响,高中
affection,ə'fɛkʃən,,n.友爱； 爱情,高中
yoghurt,'jogɚt,,n.酸乳酪,高中
skate,sket,,vi.溜冰， 滑冰,高中
correction,kə'rɛkʃən,,n.改正,高中
embarrass,ɪm'bærəs,,vt.使困窘， 使局促不安,高中
who,hu,,pron.谁,高中
weigh,weɪ,,v.称量； 重,高中
sponsor,'spɑnsɚ,,n.赞助者；主办者 vt.赞助； 主办,高中
acute,ə'kjut,,a.尖锐的； 敏锐的； 严重的； 急性的,高中
kindergarten,'kɪndɚɡɑrtn,,n.幼儿园,高中
jog,dʒɑɡ,,v.慢跑,高中
terrify,ˈtɛrəˌfaɪ,,vt.使人感到害怕， 使恐惧,高中
contribute,kən'trɪbjut,,v.捐款， 捐献,高中
faith,feθ,,n.信仰， 信念； 信任,高中
insert,'ɪnsɝt,,vt.插入,高中
why,hwaɪ,,ad.为什么 interjection.哎呀，嗨〔表示惊讶或突然意识到某事〕,高中
remark,rɪ'mɑrk,,n&v.陈述， 评论,高中
forbid,fɚ'bɪd,,v.禁止， 不许,高中
microscope,'maɪkrəskop,,n.显微镜,高中
tortoise,ˈtɔrtəs,,n.乌龟,高中
candidate,"ˈkændɪˌdet, -dɪt",,n.候选人,高中
alone,ə'lon,,a.单独的， 孤独的,高中
database,'detəbes,,n.资料库， 数据库,高中
parallel,'pærəlɛl,,a.平行的 n.平行线；类似,高中
patient,ˈpeʃənt,,a.耐心的 n.病人,高中
reject,rɪ'dʒɛkt,,vt.拒绝,高中
dialogue,ˈdaɪəˌlɔɡ,,n.对话,高中
diet,'daɪət,,v.节食 n.饮食；节食,高中
profit,'prɑfɪt,,v.赢利， 获益于 n.利润，益处,高中
win,wɪn,,v.赢得， 获胜,高中
rest,rɛst,,vi.休息， 歇息 n.休息；剩余的部分，其余的人,高中
move,muv,,v.移动， 搬动， 搬家,高中
amount,ə'maʊnt,,vi.总计；等于 n.数量,高中
handful,"'hænd,fʊl",,n.把； 少数， 少量,高中
album,'ælbəm,,n.照相簿； 集邮本； 签名纪念册,高中
electric,ɪ'lɛktrɪk,,a.电的,高中
yawn,jɔn,,v.打呵欠,高中
say,se,,v.说， 讲,高中
also,'ɔlso,,ad.也,高中
terminal,tɝ​mənl,,n.终点站； 终端,高中
enough,ɪ'nʌf,,n&adj&adv.足够  ； 充足,高中
increase,'ɪnkris,,v.增加， 繁殖 n.增加， 加大,高中
differ,'dɪfɚ,,vi.不一致， 有区别,高中
shine,ʃaɪn,,v.发光； 照耀,高中
spread,sprɛd,,n&v.延伸， 展开； 传播,高中
various,'vɛrɪəs,,a.各种各样的， 不同的,高中
attention,ə'tɛnʃən,,n.注意； 关心,高中
latter,'lætɚ,,n.后者,高中
front,frʌnt,,a.前面的；前部的 n.前面； 前部； 前线,高中
visit,'vɪzɪt,,n&v.参观， 访问， 拜访,高中
clinic,'klɪnɪk,,n.诊所,高中
customer,'kʌstəmɚ,,n.顾客， 主顾,高中
stupid,'stupɪd,,a.愚蠢的， 笨的,高中
greeting,'ɡritɪŋ,,n.祝贺； 问候； 致谢,高中
bring,brɪŋ,,vt.拿来， 带来， 取来,高中
beddings,'bɛdɪŋ,,n.被褥,高中
awake,ə'wek,,v.唤醒 a.醒着的,高中
kiss,kɪs,,n.[C]吻，亲吻 vt.吻， 亲吻,高中
ban,bæn,,vt.禁止；取缔 n.禁令,高中
hamburger,hæmbɝ​ɡɚ,,n.汉堡包,高中
fond,fɑnd,,a.喜爱的， 爱好的,高中
fit,fɪt,,v.适合 a.适合的， 健康的,高中
offer,'ɔfɚ,,v&n.提供； 提出； 出价,高中
robot,'robɑt,,n.机器人,高中
bar,bɑr,,n.酒吧； 条， 横木； 栅栏,高中
suffer,'sʌfɚ,,v.受苦， 遭受,高中
fix,fɪks,,v.修理， 安装； 确定， 决定,高中
neighbourhood,nebɚˌhʊd,,n.四邻， 邻近地区,高中
complex,ˈkɑmplɛks;kəmˈplɛks,,a.复杂的；联合的 n.联合体,高中
draft,dræft,,vt.起草 n.草稿,高中
honest,'ɑnɪst,,a.诚实的， 正直的,高中
pension,'pɛnʃən,,n.养老金,高中
assumption,ə'sʌmpʃən,,n.假设， 假定,高中
rank,ræŋk,,n.等级， 级别； 职衔， 军衔,高中
rubbish,'rʌbɪʃ,,n.垃圾； 废物,高中
addition,ə'dɪʃən,,n.增加； 加法,高中
afterwards,'æftɚwɚdz,,ad.后来,高中
sure,ʃʊər; ʃʊr,,ad.〈口语〉 的确， 一定， 当然 a.确信，肯定,高中
grow,ɡro,,v.种植；生长，发育； 渐渐变得， 变成,高中
carve,kɑrv,,v.刻； 雕刻,高中
shrink,ʃrɪŋk,,v.收缩； 缩短,高中
ancestor,'ænsɛstɚ,,n.祖宗， 祖先,高中
league,lig,,n.联盟， 社团,高中
personal,'pɝsənl,,a.个人的， 私人的,高中
angry,ˈæŋgrɪ,,a.生气的， 愤怒的,高中
former,'fɔrmɚ,,a.以前的， 从前的；  前者,高中
panic,'pænɪk,,v.惊恐，恐慌 n.惊慌， 恐慌,高中
fold,fold,,v.折叠； 合拢； 包围,高中
stewardess,ˈstuərdəs,,n.女乘务员， 空中小姐,高中
as,æz; əz,,ad.像…一样 conj.当…时；正如；因为；尽管 prep.作为，以…身份,高中
delay,dɪ'le,,n&v.拖延,高中
at,æt; ət,,prep.在…； 以…,高中
chemical,'kɛmɪkl,,a.化学的 n.化学制品,高中
turning,'tɝnɪŋ,,n.拐弯处， 拐角处,高中
peace,pis,,n.和平； 安宁,高中
plant,plænt,,vt.种植；播种 n.植物,高中
folk,fok,,a.民间的,高中
enquiry,"ɛnˈkwaɪri, ˈɛnkwəri",,n.询问,高中
drive,draɪv,,v.驾驶， 开； 驱赶,高中
hurt,hɝ​t,,v.伤害,高中
deal,dil,,v.处理 n.量， 数额； 交易,高中
abuse,ə'bjus,,vt.滥用 n.辱骂， 粗话,高中
prove,pruv,,vi.证明是， 结果是， 原来是 vt.证明，证实,高中
homeland,'homlænd,,n.祖国,高中
affect,ə'fɛkt,,vt.影响,高中
deaf,dɛf,,a.聋的,高中
admire,ədˈmaɪr,,vt.钦佩； 羡慕,高中
virus,'vaɪrəs,,n.病毒,高中
amuse,ə'mjuz,,vt.使快乐， 逗乐,高中
see,si,,v.看见， 看到； 领会,高中
search,sɝtʃ,,n&v.搜寻， 搜查,高中
furnished,'fɝnɪʃt,,a.配备了家具的,高中
responsibility,rɪˌspɑːnsəˈbɪləti,,n.责任,高中
sudden,'sʌdn,,a.突然的,高中
fool,ful,,v.欺骗； 做蠢事； 游手好闲 n.傻子，蠢人，白痴,高中
civil,'sɪvl,,a.国内的； 平民的； 民事的,高中
by,baɪ,,prep.靠近； 到…时； 被； 由； 以…的标准,高中
whom,hum,,pron&conj.谁,高中
indicate,'ɪndɪket,,vt.指出， 显示,高中
set,sɛt,,vt.设置，调整；树立；摆放；日落 n.一套； 设备,高中
charge,tʃɑrdʒ,,v.收费；指控；索价；充电 n.费用， 价钱,高中
contain,kən'ten,,vt.包含； 包括,高中
outstanding,'aʊt'stændɪŋ,,a.突出的， 显著的； 杰出的,高中
litter,'lɪtɚ,,v.乱丢杂物,高中
oval,'ovl,,ad.椭圆,高中
procedure,prə'sidʒɚ,,n.程序， 手续,高中
familiar,fə'mɪljɚ,,a.熟悉的,高中
biography,baɪ'ɑɡrəfi,,n.传记,高中
breathe,brið,,v.呼吸,高中
applicant,'æplɪkənt,,n.申请人,高中
battle,'bætl,,n.战斗； 战役,高中
awesome,'ɔsəm,,a.可怕的； 引起敬畏的,高中
partner,'pɑrtnɚ,,n.搭档， 合作者,高中
gifted,'ɡɪftɪd,,a.有天赋的， 有才华的,高中
visa,'vizə,,n.签证,高中
zipper,ˈzɪpə,,n.拉链,高中
Arctic,'ɑrktɪk,,n.北极,高中
unfit,ʌn'fɪt,,a.不适宜的， 不相宜的,高中
interview,'ɪntɚvju,,n&v.采访； 会见； 面试,高中
clarify,'klærəfaɪ,,v.澄清， 阐明,高中
beauty,'bjuti,,n.美， 美丽； 美人,高中
beg,bɛɡ,,v.请求， 乞求,高中
scare,skɛr,,v.惊吓， 威吓； 受惊,高中
do,du,,v.用以构成疑问句及否定句 vt.做，干,高中
observe,əb'zɝv,,v.观察； 遵守,高中
humorous,'hjumərəs,,a.幽默的,高中
garment,'gɑrmənt,,n.衣服， 外衣,高中
rare,rɛr,,a.罕见的， 稀有的,高中
useless,'jusləs,,a.无用的,高中
which,wɪtʃ,,pron.哪一个； 哪一些,高中
disadvantage,",dɪsəd'væntɪdʒ",,n.不利条件； 弱点,高中
garbage,'ɡɑrbɪdʒ,,n.垃圾,高中
mainland,'menlænd,,n.大陆,高中
downstairs,'daʊn'stɛrz,,ad.在楼下， 到楼下,高中
marble,'mɑrbl,,n.大理石,高中
never,'nɛvɚ,,ad.决不， 从来没有,高中
anxiety,æŋ'zaɪəti,,n.忧虑； 焦急,高中
piece,pis,,n.一块  ； 小的部分,高中
adjust,ə'dʒʌst,,v.适应； 调整， 调节,高中
carry,ˈkærɪ,,v.携带； 搬运； 背,高中
burst,bɝst,,v.突然发生； 爆炸,高中
western,'wɛstɚn,,a.西方的； 西部的,高中
debt,dɛt,,n.债务， 欠款,高中
little,'lɪtl,,a.小的； 少的,高中
however,haʊ'ɛvɚ,,ad.可是， 然而， 尽管如此； 无论如何,高中
deep,dip,,ad.深深地； 在深处 a.深的；深厚的；沉睡的；渊博的,高中
goose,ɡus,,n.鹅,高中
forgive,fɚ'ɡɪv,,vt.原谅， 宽恕,高中
origin,'ɔrɪdʒɪn,,n.起源； 由来,高中
for,fɚ; strong form fɔr,,conj.因为， 由于 prep.为了；在…期间；对于,高中
mistaken,mɪ'stekən,,a.错误的,高中
content,'kɑntɛnt,,a.满意的 n.内容； 含量,高中
deed,did,,n.行为， 事迹,高中
burden,'bɝdn,,n.担子， 负担,高中
salute,sə'lut,,n&v.敬礼； 问候,高中
random,'rændəm,,a.随意的， 任意的,高中
perhaps,pɚ'hæps,,ad.可能， 或许,高中
plot,plɑt,,vt.密谋 n.情节,高中
rate,ret,,v.估价； 认为 n.比率；价格；速度,高中
skill,skɪl,,n.技能， 技巧,高中
trouble,'trʌbl,,n.问题；疾病；麻烦 vt.使苦恼； 使忧虑； 使麻烦,高中
unfair,'ʌn'fɛr,,a.不公平的， 不公正的,高中
divide,dɪ'vaɪd,,v.分， 划分； 除以,高中
contrary,'kɑntrɛri,,a.相反的 n.反面,高中
sit,sɪt,,vi.坐,高中
digital,'dɪdʒɪtl,,a.数字的， 数码的,高中
over,'ovɚ,,ad.越过 a.完了， 结束了 prep.在…之上；超过,高中
brilliant,'brɪljənt,,a.闪耀的； 有才气的,高中
practical,'præktɪkl,,a.实际的； 适用的； 实用的； 应用的,高中
pesticide,'pɛstɪsaɪd,,n.杀虫剂,高中
bound,baʊnd,,a.被束缚的；有义务的 v.跳跃,高中
false,fɔls,,a.假的； 不正确的,高中
go,go,,v.去，走；进行；进展； 变得， 变成,高中
tease,tiz,,v.取笑， 嘲弄,高中
fork,fɔrk,,n.叉； 餐叉,高中
form,fɔrm,,v.形成， 组建 n.表格；形式；结构,高中
publish,'pʌblɪʃ,,v.出版， 发行,高中
pyramid,'pɪrəmɪd,,n.角锥形； 金字塔,高中
cheque,tʃɛk,,n.支票,高中
avoid,ə'vɔɪd,,vt.避免， 躲开， 逃避,高中
bid,bɪd,,v&n.出价， 投标,高中
fresh,frɛʃ,,a.新鲜的； 不熟练的,高中
astonish,ə'stɑnɪʃ,,vt.使惊讶,高中
withdraw,wɪð'drɔ,,v.缩回， 撤回,高中
straightforward,",stret'fɔrwɚd",,adj&adv.正直的， 坦率的,高中
very,ˈvɛrɪ,,ad.很，非常 a.恰好的， 正好的,高中
decade,'dɛked,,n.十年,高中
expert,"'ɛkspɝt; (for adj., also) ɛksˈpɝt ; ɪkˈspɝt",,n.专家， 能手,高中
practice,'præktɪs,,n.实践； 练习； 惯例， 常规,高中
select,sə'lɛkt,,a.精选的 vt.选择，挑选，选拔,高中
crowd,kraʊd,,v.拥挤， 群聚 n.人群；堆,高中
sick,sɪk,,a.有病的， 患病的， 不舒服的；  呕吐的,高中
bit,bɪt,,n.一点， 一些， 少量,高中
welfare,'wɛl'fɛr,,n.福利； 安宁， 幸福,高中
output,'aʊtpʊt,,n.产量， 输出量,高中
corner,'kɔrnɚ,,n.角； 角落； 拐角,高中
else,ɛls,,ad.别的， 其他的,高中
modem,'mo'dɛm,,n.调制解调器,高中
majority,mə'dʒɔrəti,,n.多数,高中
beside,bɪ'saɪd,,prep.在…旁边； 靠近,高中
join,dʒɔɪn,,v.参加， 加入； 连接； 会合,高中
drag,dræg,,v.拖， 拽,高中
reduce,rɪ'dʊs,,vt.减少， 缩减,高中
likely,'laɪkli,,a.很可能的,高中
large,lɑrdʒ,,a.大的； 巨大的,高中
bakery,'bekəri,,n.面包店,高中
vain,ven,,a.自负的； 徒劳的,高中
ordinary,'ɔrdnɛri,,a.普通的， 平常的,高中
fry,fraɪ,,v.油炸， 油煎,高中
somebody,'sʌmbədi,,pron.某人； 重要人物,高中
drink,drɪŋk,,v.喝 n.饮酒,高中
announce,ə'naʊns,,v.宣布， 宣告,高中
traditional,trə'dɪʃənl,,a.传统的,高中
lively,'laɪvli,,a.活泼的； 充满生气的,高中
operate,'ɑpə'ret,,v.动手术； 操作， 运转,高中
begin,bɪ'ɡɪn,,v.开始， 着手,高中
become,bɪ'kʌm,,vt.变得， 成为,高中
bacterium,bæk'tɪrɪəm,,n.细菌,高中
paragraph,'pærəɡræf,,n.段落,高中
oilfield,'ɔɪlfild,,n.油田,高中
alive,ə'laɪv,,a.活着的， 存在的,高中
eventually,ɪ'vɛntʃuəli,,ad.最终地,高中
neighbour,'neɪbə(r); 'neɪbɚ,,n.邻居,高中
tournament,ˈtɝ​nəmənt,,n.比赛， 锦标赛,高中
cycle,'saɪkl,,vi.骑自行车，循环 n.周期；循环 vt.使循环,高中
thinking,'θɪŋkɪŋ,,n.思索； 见解； 想法,高中
literature,lɪtərəˌtʃʊr,,n.文学,高中
astronomer,ə'strɑnəmɚ,,n.天文学家,高中
prejudice,'prɛdʒədɪs,,n.偏见， 成见,高中
digest,daɪ'dʒɛst,,v.消化； 领会 n.摘要， 概要； 文摘,高中
angle,'æŋɡl,,n.角度,高中
tradition,trə'dɪʃən,,n.传统， 惯例,高中
ability,əˈbɪlətɪ,,n.能力； 才能,高中
everything,'ɛvrɪ'θɪŋ,,pron.每件事； 一切， 所有的东西,高中
unbearable,ʌn'bɛrəbl,,a.无法忍受的,高中
urgent,'ɝdʒənt,,a.急迫的， 紧急的,高中
programme,proɡrəm,,v.为…编制程序 n.节目；项目,高中
belief,bɪ'lif,,n.[C] 信条， 信念， 信仰； [U] 信任， 相信,高中
delight,dɪ'laɪt,,n.快乐，乐事 vt.使高兴， 使快乐,高中
immigration,",ɪmɪ'ɡreʃən",,n.移民,高中
break,brek,,v.打破，弄坏；撕开 n.间歇； 休息,高中
chain store,,,n.连锁店,高中
vest,vest,,n.背心， 内衣,高中
change,tʃendʒ,,vt.改变；更换；兑换 n.零钱； 变化,高中
suggestion,sə'dʒɛstʃən,,n.[C] 建议,高中
fluency,'fluənsi,,n.流利， 流畅,高中
draw,drɔ,,v.绘画； 拉， 吸引； 提取,高中
systematic,'sɪstə'mætɪk,,a.系统的， 有体系的,高中
trolleybus,'trɒlibʌs,,n.无轨电车,高中
lantern,'læntɚn,,n.灯笼,高中
cupboard,'kʌbɚd,,n.碗柜， 橱柜,高中
off,ɔf,,prep&adv.离开， 走开,高中
comfort,'kʌmfɚt,,v.安慰，缓和 n.安慰， 慰问,高中
joke,dʒok,,n.笑话,高中
knee,ni,,n.膝盖,高中
punishment,'pʌnɪʃmənt,,n.惩罚， 处罚,高中
hide,haɪd,,v.掩饰； 隐藏,高中
troublesome,'trʌblsəm,,a.令人烦恼的； 讨厌的,高中
instruction,ɪn'strʌkʃən,,n.说明， 须知； 教导,高中
report,rɪ'pɔrt,,n&vt.报道， 报告,高中
oral,'ɔrəl,,a.口头的， 口述的,高中
complete,kəm'plit,,a.完成的， 完整的 vt.完成；结束,高中
compensate,'kɑmpɛnset,,v.补偿， 赔偿,高中
fun,fʌn,,n.乐趣， 娱乐,高中
constant,'kɑnstənt,,a.经常的， 不断的,高中
smog,smɑːɡ,,n.烟雾,高中
sob,sɑb,,n&v.抽泣， 呜咽地说,高中
political,pə'lɪtɪkl,,a.政治的,高中
while,hwaɪl,,conj.正当…的时候；然而 n.一小会儿,高中
anger,'æŋɡɚ,,n.愤怒,高中
second,'sɛkənd,,a.二等的 num.第二 n.秒,高中
that,ðæt,,determiner.那，那个〔指已经提到或已经知道的人、事物、想法等〕 conjunction.〔用于动词、名词或形容词后引导一个从句，表示某人所说或所想，或陈述一个事实或理由〕 ad.那么〔大、多等〕〔尤指通过手势比画来表示大小、数量等〕,高中
edge,ɛdʒ,,n.边缘,高中
download,",daʊn'lod",,n&vt.下载,高中
split,splɪt,,vt.撕开， 切开,高中
than,ðæn,,conj.比,高中
limit,'lɪmɪt,,vt.限制， 限定； 减少,高中
widespread,ˈwʌɪdsprɛd,,a.分布广的,高中
antique,æn'tik,,n.古董,高中
sow,so,,v.播种,高中
different,'dɪfrənt,,a.不同的， 有差异的,高中
fasten,'fæsən,,v.扎牢， 扣住,高中
porter,'pɔrtɚ,,n.搬运工,高中
level,'lɛvl,,a.平坦的 n.水平线，水平,高中
dirt,dɝt,,n.污物， 脏物； 尘土,高中
videophone,'vɪdɪofon,,n.可视电话,高中
preserve,prɪ'zɝv,,vt.保护， 保存,高中
plus,plʌs,,prep.加， 加上,高中
relevant,'rɛləvənt,,a.有关的,高中
license,'laɪsns,,n.执照， 许可证,高中
entry,'ɛntri,,n.进入； 入口,高中
expand,ɪk'spænd,,vi.发展 vt.扩张,高中
dream,drim,,n.梦 v.梦想，希望,高中
noble,'nobl,,a.高贵的， 贵族的,高中
plug,plʌɡ,,vt.把…塞住；接通电源 n.塞子， 插头,高中
bunch,bʌntʃ,,n.串， 束,高中
spy,spaɪ,,v.侦探， 刺探 n.密探，间谍,高中
postpone,po'spon,,vt.推迟， 延期,高中
tense,tɛns,,a.紧张的；拉紧的 n.时态,高中
bride,braɪd,,n.新娘,高中
heat,hit,,v.加热 n.热,高中
behind,bɪ'haɪnd,,ad.在后面； 向后 prep.在…后面,高中
hammer,'hæmɚ,,v.敲， 锤击 n.锤子，锣锤,高中
seal,sil,,n.海豹,高中
recipe,'rɛsəpi,,n.食谱,高中
ambassadress,æm'bæsədrɛs,,n.大使夫人； 女大使,高中
mental,'mɛntl,,a.精神的， 脑力的,高中
bow,baʊ,,v&n.鞠躬， 弯腰,高中
storage,'stɔrɪdʒ,,n.贮藏， 储存； 存放,高中
racial,'reʃl,,a.种族的,高中
switch,swɪtʃ,,v&n.更换， 转换,高中
total,'totl,,a.总数的；总括的；完全的 n.合计 vt.合计为,高中
of,ʌv; əv,,prep.…的,高中
reserve,rɪ'zɝv,,n&vt.保留， 储备； 预订,高中
somehow,'sʌmhaʊ,,ad.以某种方式； 不知怎么地,高中
brick,brɪk,,n.砖； 砖块,高中
dive,daɪv,,vi.跳水,高中
heap,hip,,v.堆起来 n.堆,高中
sympathy,'sɪmpəθi,,n.同情,高中
hear,hɪr,,v.听见， 听说， 得知,高中
fight,faɪt,,n&v.打仗， 打架； 争论,高中
roundabout,'raʊndəbaʊt,,a.绕道的；不直接的 n.转盘路,高中
rescue,'rɛskju,,vt&n.营救， 援救,高中
facial,'feʃl,,a.面部用的,高中
on,ɑn,,ad.继续 prep.在…上；在…时候；在…地方；关于,高中
zebra,ˈzibrə,,n.斑马,高中
brief,brif,,a.简洁的,高中
unfortunate,ʌn'fɔrtʃənət,,a.不幸的， 倒霉的,高中
recover,rɪ'kʌvɚ,,vi.痊愈 vt.恢复； 重新获得,高中
or,ɔr,,conj.或者； 还是， 否则,高中
chance,tʃæns,,n.机会； 可能性,高中
determine,dɪ'tɝmɪn,,v.决定； 测定； 确定,高中
nature,'netʃɚ,,n.自然； 性质； 本性,高中
social,'soʃl,,a.社会的； 社交的； 群居的,高中
wheel,wil,,n.轮， 车轮； 方向盘,高中
interesting,'ɪntrəstɪŋ,,a.有趣的,高中
cross,krɔs,,n.十字形的东西；十字架 vt.越过； 穿过,高中
control,kən'trol,,vt&n.控制,高中
drill,drɪl,,v.钻；重复训练 n.钻头；  训练,高中
friction,'frɪkʃən,,n.摩擦； 摩擦力,高中
clerk,klɝk,,n.书记员； 办事员； 职员,高中
walnut,'wɔlnət,,n.胡桃， 胡桃木,高中
acknowledge,ək'nɑlɪdʒ,,vt.答谢； 承认,高中
equip,ɪ'kwɪp,,vt.装备； 训练,高中
radiation,",redɪ'eʃən",,n.放射； 放射物； 放射疗法,高中
quarrel,'kwɔrəl,,n&vi.争吵， 吵架,高中
Christian,'krɪstʃən,,a.基督教徒的 n.基督教徒,高中
pulse,pʌls,,v.搏动， 跳动 n.脉搏；脉冲,高中
maple,'mepl,,n.枫树,高中
spiritual,'spɪrɪtʃʊəl,,a.精神的； 心灵的,高中
worthwhile,'wɝθ'waɪl,,a.值得做的,高中
nation,'neʃən,,n.民族， 国家,高中
upper,'ʌpɚ,,a.较高的， 较上的,高中
splendid,'splɛndɪd,,a.灿烂的， 辉煌的； 〈口语〉 极好的,高中
adaptation,",ædæp'teʃən",,n.[U] 适应， 适合； [C] 改编本,高中
behalf,bɪ'hæf,,n.利益； 代表,高中
somewhere,'sʌmwɛr,,ad.在某处， 到某处,高中
scene,sin,,n.一场， 场景， 布景； 景色， 风景,高中
injure,'ɪndʒɚ,,vt.损害， 伤害,高中
freeze,friz,,v.结冰,高中
eastward,'istwɚdz,,ad.向东,高中
geography,dʒiˈɑɡrəfɪ,,n.地理学,高中
horrible,ˈhɑːrəbl,,a.令人恐惧的， 恐怖的,高中
strengthen,'strɛŋθn,,v.加强， 增强,高中
injury,'ɪndʒəri,,n.损伤； 受伤处,高中
diploma,dɪ'plomə,,n.毕业文凭， 学位证书,高中
brand,brænd,,n.商标， 牌子,高中
suspension,sə'spɛnʃən,,n.暂停， 中止； 悬挂， 悬浮,高中
choke,tʃok,,n&v.窒息,高中
alcohol,'ælkəhɔl,,n.酒精， 酒,高中
pleasure,ˈplɛʒɚ,,n.高兴， 愉快,高中
old,old,,a.老的， 旧的,高中
recreation,",rɛkrɪ'eʃən",,n.消遣， 娱乐,高中
allowance,ə'laʊəns,,n.津贴， 补贴,高中
interpreter,ɪn'tɝprɪtɚ,,n.翻译员， 口译人员,高中
hurricane,ˈhʌrɪken,,n.飓风， 狂风,高中
portable,'pɔrtəbl,,a.轻便的， 便携的,高中
then,ðɛn,,ad.当时， 那时； 然后； 那么,高中
ancient,ˈenʃənt,,a.古代的， 古老的,高中
accept,əkˈsɛpt,,v.接受,高中
glory,'ɡlɔri,,n.光荣， 荣誉,高中
seat,sit,,n.座位，座 vt.使就座； 可容纳,高中
wander,'wɑndɚ,,v.游荡； 漫步； 流浪,高中
adopt,ə'dɑpt,,vt.采用； 收养,高中
oppose,ə'poz,,v.反对,高中
minus,'maɪnəs,,a.负的 prep.减去,高中
belly,'bɛli,,n.肚子,高中
conservative,kən'sɝvətɪv,,a.守旧的； 保守主义的； 谨慎的,高中
access,'æksɛs,,n.通道；机会，权利 vt.进入； 存取,高中
conference,'kɑnfərəns,,n.会议,高中
primitive,'prɪmətɪv,,a.原始的， 远古的,高中
activity,ækˈtɪvətɪ,,n.活动,高中
dormitory,'dɔrmətɔri,,n.学生宿舍,高中
overcome,",ovɚ'kʌm",,v.战胜， 克服， 胜过,高中
recite,rɪ'saɪt,,v.背诵,高中
seek,sik,,v.试图； 寻找， 寻求,高中
seem,sim,,v.似乎， 好像,高中
heel,hil,,n.脚后跟,高中
variety,və'raɪəti,,n.种种； 种类,高中
disturb,dɪ'stɝb,,v.打扰， 扰乱,高中
adore,ə'dɔr,,vt.爱慕， 崇拜,高中
lecture,'lɛktʃɚ,,n.[C] 讲课， 演讲,高中
civilian,sə'vɪlɪən,,n.平民， 老百姓,高中
so,so,,ad.也，同样〔用于表示刚说过的情况也适用于某人或某物〕 conjunction.因此，所以 n.全音阶的第五音,高中
pump,pʌmp,,vt.用泵抽水；抽 n.抽水机， 泵,高中
caution,'kɔʃən,,n.小心， 谨慎,高中
key,kiː,,n.[C] 钥匙； 答案； 键； 关键,高中
teenager,'tinedʒɚ,,n.青少年， 十几岁的少年,高中
dumpling,'dʌmplɪŋ,,n.饺子,高中
silent,'saɪlənt,,a.无声的， 沉默的,高中
decision,dɪ'sɪʒn,,n.决定； 决议,高中
addicted,ə'dɪktɪd,,a.入迷的， 上瘾的,高中
necessary,ˈnɛsəˌsɛri,,a.必需的， 必要的,高中
one,wʌn,,num&pron.一个  ； 任何人,高中
garage,gəˈrɑ:ʒ; ɡəˈrɑʒ,,n.汽车间， 汽车库,高中
badminton,'bædmɪntən,,n.羽毛球,高中
confirm,kən'fɝm,,vt.确定； 批准,高中
single,'sɪŋɡl,,a.单一的， 单个的,高中
pull,pʊl,,v.拉，拖 n.拉力， 引力,高中
unconditional,",ʌnkən'dɪʃənl",,a.无条件的， 绝对的,高中
gallon,'ɡælən,,n.加仑,高中
appoint,ə'pɔɪnt,,vt.指定， 任命,高中
assist,ə'sɪst,,v.帮助， 协助,高中
bun,bʌn,,n.馒头； 小甜面包,高中
but,bʌt,,conj.但是，可是 prep.除了， 除…外,高中
symbol,'sɪmbl,,n.符号， 象征,高中
sincerely,sɪn'sɪrli,,ad.真诚地,高中
commercial,kə'mɝʃəl,,a.商业的， 贸易的,高中
separate,(for v.) sɛpəˌret; (for adj.) sɛprɪt,,v.分开，  分离 a.单独的， 分开的,高中
declare,dɪ'klɛr,,v.宣布， 声明； 申报,高中
reasonable,'riznəbl,,a.合理的， 有道理的； 通情达理的， 合乎情理的,高中
dislike,dɪs'laɪk,,n&vt.不喜欢， 嫌恶,高中
willing,'wɪlɪŋ,,a.情愿的， 乐意的,高中
available,ə'veləbl,,a.有空的； 可得到的， 可用的,高中
express,ɪk'sprɛs,,vt.表达；表示 n.快车,高中
advocate,ˈædvəkeɪt；-et,,vt.提倡； 鼓吹,高中
amazing,ə'mezɪŋ,,a.令人惊异的,高中
luggage,'lʌɡɪdʒ,,n.〈总称〉 行李,高中
drawback,'drɔbæk,,n.缺点； 障碍,高中
dynamic,daɪ'næmɪk,,a.有活力的； 动力的， 动力学的,高中
up,ʌp,,ad.从下往上地，向上地 v.提高；增加,高中
unusual,ʌnˈjuʒəl,,a.不平常的， 异常的,高中
extreme,ɪk'strim,,a.极端的， 偏激的,高中
usual,'juʒuəl,,a.通常的， 平常的,高中
sink,sɪŋk,,v.下沉；消沉；陷入 n.洗涤槽， 污水槽,高中
degree,dɪ'ɡri,,n.程度； 度数； 文凭,高中
astronomy,ə'strɑnəmi,,n.天文学,高中
suppose,sə'poz,,vi.料想 vt.猜想，假定,高中
brake,brek,,v.刹车 n.闸,高中
tube,tub,,n.管子,高中
outspoken,aʊt'spokən,,a.坦率的,高中
especially,ɪˈspɛʃlɪ,,ad.特别， 尤其,高中
once,wʌns,,ad.一次，一回 conjunction.一…便，一旦，一经,高中
failure,'feljɚ,,n.失败,高中
quake,kwek,,n&vi.震动,高中
know,no,,v.知道， 了解； 认识； 懂得,高中
sing,sɪŋ,,v.唱， 唱歌,高中
organise,"'ɔrgə,naɪz",,v.组织,高中
support,sə'pɔrt,,vt&n.支持， 赞助； 赡养,高中
drop,drɑp,,v.掉下，落下 n.滴； 下降,高中
preview,'pri'vjʊ,,vt.预演， 预习,高中
questionnaire,ˌkwɛstʃənˈɛr,,n.调查表， 问卷,高中
saucer,'sɔsɚ,,n.茶碟； 小圆盘,高中
hire,'haɪɚ,,vt.租用,高中
breakthrough,'brek'θrʊ,,n.突破,高中
idea,aɪ'diə,,n.主意， 意见； 打算， 想法,高中
destination,",dɛstɪ'neʃən",,n.目的地,高中
apron,'eprən,,n.围裙； 台口,高中
vertical,'vɝtɪkl,,a.垂直的， 直立的； 纵向的,高中
monument,'mɑnjumənt,,n.纪念碑， 纪念物,高中
pure,pjʊr,,a.纯的， 不掺杂的,高中
vivid,'vɪvɪd,,a.生动的， 鲜明的,高中
damp,dæmp,,a.潮湿的 n.潮湿；湿气 v.使潮湿,高中
throughout,θrʊ'aʊt,,prep.遍及， 贯穿,高中
virtue,'vɝtʃʊ,,n.美德， 正直的品行,高中
overweight,'ovə'wet,,a.过重的， 超重的,高中
gay,ɡe,,a.快活的，愉快的 n.同性恋,高中
successful,sək'sɛsfl,,a.成功的， 有成就的,高中
lovely,'lʌvli,,a.美好的， 可爱的,高中
normal,'nɔrml,,a.正常的 n.正常， 常态， 普通,高中
gradual,'ɡrædʒuəl,,a.逐渐的， 渐进的,高中
figure,'fɪɡjɚ,,v.认为；  描绘 n.数字；人物,高中
socialist,'soʃəlɪst,,a.社会主义的 n.社会主义者,高中
airmail,'ɛrmel,,n.〈总称〉航空邮件,高中
slight,slaɪt,,a.轻微的， 细小的,高中
corrupt,kə'rʌpt,,a.腐败的，贪污的 v.腐烂， 腐蚀,高中
wide,waɪd,,a.宽的， 宽阔的； 广泛的,高中
previous,'privɪəs,,a.在前的， 早先的,高中
teach,titʃ,,v.教书； 教,高中
socialism,'soʃəlɪzəm,,n.社会主义,高中
argue,'ɑrgjʊ,,v.争论； 说服,高中
technology,tɛkˈnɑlədʒɪ,,n.技术， 科技,高中
superior,sʊˈpɪrɪɚ,,a.较高的， 上好的 n.长者；上级,高中
succeed,sək'sid,,vi.成功 vt.继承， 接替,高中
choir,'kwaɪɚ,,n.唱诗班,高中
punctual,'pʌŋtʃʊəl,,a.准时的,高中
advertise,'ædvɚtaɪz,,vt.为…做广告,高中
compromise,'kɑmprəmaɪz,,v.妥协， 折中,高中
software,'sɔftwɛr,,n.软件,高中
seminar,'sɛmɪnɑr,,n.研究会， 讨论发表会,高中
reach,ritʃ,,v.到达；  够到,高中
react,ri'ækt,,vi.起反应， 起作用； 反抗,高中
competition,",kɑmpə'tɪʃən",,n.比赛， 竞赛,高中
none,nʌn,,pron.无任何东西或人,高中
type,taɪp,,vt.打字， 用打字机打出,高中
beyond,bɪ'jɑnd,,prep.超过；  在…的那边,高中
practise,'præktɪs,,v.练习； 实习； 经常做； 养成…的习惯,高中
review,rɪ'vju,,vt.复习；重新调查 n.复习； 复查； 评论,高中
sight,saɪt,,n.情景， 风景； 视力,高中
voluntary,'vɑləntɛri,,a.自愿的,高中
asleep,ə'slip,,a.睡着的， 熟睡的,高中
nobody,"'nəubədi, -bɔdi",,pron.没有人，谁也不 n.小人物,高中
guide,ɡaɪd,,v.指导； 指引 n.向导，导游,高中
between,bəˈtwin,,prep.在之间； 在…中间,高中
surrounding,sə'raʊndɪŋ,,a.周围的 n.围绕；,高中
goal,ɡol,,n.目标； 进球得分；  球门,高中
collar,'kɑlɚ,,n.衣领,高中
natural,'nætʃrəl,,a.自然的， 天然的； 天生的,高中
overhead,",ovɚ'hɛd",,adj&adv.在高处， 在空中,高中
conclude,kən'klud,,v.推论； 断定； 完成； 结束,高中
come,kʌm,,vi.来，来到 v.变成,高中
comprehension,",kɑmprɪ'hɛnʃən",,n.理解,高中
leather,'lɛðɚ,,n.皮革,高中
comb,kom,,v.梳 n.梳子,高中
exist,ɪɡ'zɪst,,vi.存在， 生存,高中
unemployment,",ʌnɪm'plɔɪmənt",,n.失业,高中
exact,ɪɡ'zækt,,a.精确的， 准确的， 确切的,高中
lift,lɪft,,vi.升起，  消散,高中
motto,'mɑto,,n.箴言， 格言,高中
nationwide,",neʃn'waɪd",,a.全国性的,高中
force,fɔrs,,vt.强迫，迫使 n.力量， 武力,高中
centigrade,'sɛntɪɡred,,a.摄氏的； 百分度的,高中
botany,'bɑtəni,,n.植物学； 植物,高中
wear,wɛr,,v.穿， 戴； 留， 蓄； 磨损， 使变旧,高中
range,rendʒ,,n.范围； 射程,高中
weak,wik,,a.虚弱的； 差的,高中
leak,lik,,v.漏， 泄漏,高中
impress,ɪm'prɛs,,vt.留下印象,高中
flat,flæt,,a.平的 n.一套房间； 公寓,高中
get,ɡɛt,,v.变得； 到达 vt.得到，获得,高中
course,kɔrs,,n.过程， 经过； 课程,高中
barber,'bɑrbɚ,,n.理发师,高中
copy,'kɑpi,,v.复制； 抄写； 复印 n.抄本，副本；一本,高中
precise,prɪ'saɪs,,a.精确的， 准确的,高中
power,'paʊɚ,,n.力量； 动力,高中
place,ples,,n.地方，处所 vt.放置， 安置,高中
dare,dɛr,,v.敢， 敢于,高中
regular,'rɛgjəlɚ,,a.规则的； 经常的,高中
precious,'prɛʃəs,,a.宝贵的， 珍贵的,高中
sell,sɛl,,v.卖， 售,高中
tired,ˈtaɪrd,,a.疲劳的， 累的； 厌烦的,高中
tremble,'trɛmbl,,v.颤抖， 挥动,高中
gymnastics,dʒɪm'næstɪks,,n.体操， 体育,高中
suspect,sʌspɛkt; (for v.) səˈspɛkt,,v.怀疑 n.犯罪嫌疑人,高中
suggest,sə'dʒɛst,,vt.建议； 提出； 暗示,高中
apologize,ə'pɑlədʒaɪz,,vi.道歉， 谢罪,高中
expect,ɪk'spɛkt,,v.预料； 期望； 要求,高中
help,hɛlp,,n&v.帮助， 帮忙； 有帮助， 有用,高中
depth,dɛpθ,,n.深， 深度,高中
assess,ə'sɛs,,vt.估定， 评定,高中
prescription,prɪ'skrɪpʃən,,n.处方， 药方,高中
behaviour,bɪ'hevjər,,n.[U] 行为， 举止,高中
chorus,'kɔrəs,,n.合唱,高中
minimum,'mɪnɪməm,,a.最小的 n.最小量，最小值,高中
queue,kju,,vi.排队 n.行列， 长队,高中
apology,ə'pɑlədʒi,,n.道歉； 歉意,高中
date,det,,n.日期；约会 vt.约会； 注明日期,高中
magic,'mædʒɪk,,a.有魔力的 n.魔法，魔术,高中
dress,drɛs,,v.穿衣，打扮 n.女服， 连衣裙； 服装,高中
argument,'ɑrɡjumənt,,n.[C] 争论， 辩论,高中
passage,'pæsɪdʒ,,n.一节； 走廊； 通道,高中
theoretical,",θiə'rɛtɪkəl",,a.理论的,高中
adequate,ˈædɪkwət,,a.足够的， 适当的,高中
sound,saʊnd,,n.声，声音 v.听起来；看起来；好像 a.明智的；合理的；正确的,高中
own,on,,a.自己的 vt.拥有,高中
hopeful,'hopfl,,a.有希望的； 有前途的,高中
dozen,'dʌzn,,n.十二个； 许多,高中
translate,træns'let,,v.翻译,高中
drug,drʌg,,n.药， 药物； 毒品,高中
barrier,'bærɪɚ,,n.栅栏， 挡板； 障碍,高中
plain,plen,,a.平常的，普通的；明白的 n.草原,高中
should,ʃəd; strong form ʃʊd,,modal verb.应当，应该 〔用于提供或征求建议〕,高中
only,onlɪ,,ad.只， 仅仅 a.唯一的，仅有的,高中
create,krɪ'et,,vt.创造； 造成,高中
justice,'dʒʌstɪs,,n.正义， 公正； 司法,高中
criminal,'krɪmɪnl,,n.罪犯,高中
blow,blo,,v.吹  ； 刮风 n.击，打击,高中
curious,'kjʊrɪəs,,a.好奇的； 奇异的,高中
proud,praʊd,,a.自豪的， 骄傲的,高中
like,laɪk,,v.喜欢， 喜爱 prep.像，跟…一样 n.爱好,高中
ugly,'ʌɡli,,a.丑陋的， 难看的,高中
earthquake,'ɝθ'kwek,,n.地震,高中
tax,tæks,,n.税， 税款,高中
towards,tɔrdz,,prep.向， 朝， 对于,高中
messy,'mɛsi,,a.乱七八糟的,高中
embassy,'ɛmbəsi,,n.大使馆,高中
rectangle,'rɛktæŋɡl,,a.长方形的 n.长方形,高中
fragile,'frædʒəl,,a.易碎的， 脆的,高中
departure,dɪ'pɑrtʃɚ,,n.离开； 背离； 违反,高中
dash,dæʃ,,v.快跑，猛撞 n.快跑， 猛撞； 少量,高中
send,sɛnd,,vt.打发， 派遣； 送， 邮寄,高中
concrete,'kɑŋkrit,,a.具体的； 有形的,高中
note,not,,n.便条，笔记，注释 vt.记录， 注意,高中
everybody,'ɛvrɪbɑdi,,pron.每人， 人人,高中
sail,sel,,v.航行，开航 n.帆； 航行,高中
cab,kæb,,n.出租车； 驾驶室,高中
purpose,'pɝpəs,,n.目的， 意图,高中
regret,rɪ'ɡrɛt,,n.遗憾，懊悔；令人遗憾的事 vt.遗憾； 后悔,高中
line,laɪn,,v.画线于，  成行 n.直线；排,高中
stout,staʊt,,a.结实的， 矮胖的,高中
link,lɪŋk,,v.连接，联合 n.链环， 链接,高中
flee,fli,,v.逃走， 逃跑,高中
weep,wip,,v.哭泣， 流泪,高中
tune,tun,,n.曲调， 调子,高中
aware,ə'wɛr,,a.知道的， 意识到的,高中
can,kæn,,n.罐头； 铁罐； 垃圾桶,高中
security,sə'kjʊrəti,,n.安全,高中
award,ə'wɔrd,,n.奖品， 奖励,高中
ready,'rɛdi,,a.准备就绪的,高中
alarm,ə'lɑrm,,n.警报,高中
weed,wid,,n.野草， 杂草,高中
herb,ɝb,,n.草药,高中
unconscious,ʌn'kɑnʃəs,,a.不省人事的， 无意识的,高中
rainfall,'ren'fɔl,,n.一场雨； 降雨量,高中
cost,kɔst,,n.成本；代价 vt.花费； 使付出,高中
will,wɪl,,n.意志； 遗嘱,高中
satisfy,'sætɪsfaɪ,,v.满足， 使满意,高中
smoke,smok,,v.冒烟； 吸烟 n.烟,高中
match,mætʃ,,v.相配，相称 n.比赛； 火柴,高中
arbitrary,ˈɑːrbətreri,,a.武断的； 任意的,高中
cuisine,kwɪ'zin,,n.烹饪， 烹饪术,高中
fault,fɔlt,,n.过错， 缺点， 毛病,高中
follow,'fɑlo,,v.跟随； 遵循； 仿效,高中
passive,'pæsɪv,,a.被动的； 消极的,高中
hard-working,ˌhɑːd'wɜːkɪŋ,,a.勤劳的， 辛勤工作的,高中
carrier,'kærɪɚ,,n.搬运者；  置物架,高中
dignity,'dɪɡnəti,,n.尊严； 高贵,高中
challenge,'tʃælɪndʒ,,n.挑战；挑战性 vt.挑战,高中
category,'kætəɡɔri,,n.种类,高中
cosy,ˈkozi,,a.暖和舒服的； 舒适的,高中
intend,ɪn'tɛnd,,v.想要， 打算,高中
wild,waɪld,,a.野生的,高中
